{
"type": "FeatureCollection",
"name": "bacias_joinville",
"crs": { "type": "name", "properties": { "name": "urn:ogc:def:crs:OGC:1.3:CRS84" } },
"features": [
{ "type": "Feature", "properties": { "ID": 2, "Nomes": "Bacia Hidrográfica do Palmital", "Area": 344.31269, "Perimetro": 397.29003 }, "geometry": { "type": "MultiPolygon", "coordinates": [ [ [ [ -48.81699368181409, -26.134894954974211 ], [ -48.815631988838035, -26.136322334940257 ], [ -48.815797315542405, -26.136755872880279 ], [ -48.816571645887173, -26.136497988654178 ], [ -48.816994465453583, -26.136710467969049 ], [ -48.817292896535797, -26.136517493414608 ], [ -48.81704813150845, -26.136181372664417 ], [ -48.816861913702169, -26.135415913195622 ], [ -48.817070218180312, -26.135126940648082 ], [ -48.817578333534058, -26.134908109288791 ], [ -48.81699368181409, -26.134894954974211 ] ] ], [ [ [ -48.816352629275215, -26.134092151764019 ], [ -48.816976662965693, -26.134773913922881 ], [ -48.817749992342662, -26.134641823222807 ], [ -48.817353321676222, -26.134077660797665 ], [ -48.816352629275215, -26.134092151764019 ] ] ], [ [ [ -48.814715994875215, -26.128772221198037 ], [ -48.811934348185062, -26.130358187657421 ], [ -48.812432169343602, -26.131949896517863 ], [ -48.811824811448588, -26.130434550464312 ], [ -48.80867304802063, -26.13138187588407 ], [ -48.807979726609418, -26.132702988243842 ], [ -48.808187758701884, -26.134064126674144 ], [ -48.810037862743442, -26.134722778498531 ], [ -48.816787083751969, -26.133753449433122 ], [ -48.818235407506478, -26.134350637827453 ], [ -48.818518191079271, -26.13349099193233 ], [ -48.817716474242808, -26.132573750998979 ], [ -48.815887996339193, -26.132321605664551 ], [ -48.815417895196624, -26.131878768932115 ], [ -48.815343093371538, -26.131020861845304 ], [ -48.816284252700726, -26.129179979138893 ], [ -48.814715994875215, -26.128772221198037 ] ] ], [ [ [ -48.820930235620452, -26.131361394337763 ], [ -48.820791730248814, -26.131338245763047 ], [ -48.820593664920708, -26.131414200382142 ], [ -48.820930235620452, -26.131361394337763 ] ] ], [ [ [ -48.815531765334896, -26.131526559393855 ], [ -48.81770072523171, -26.132491612661816 ], [ -48.818831927328098, -26.131619824867268 ], [ -48.816549458745079, -26.129425425534805 ], [ -48.815531765334896, -26.131526559393855 ] ] ], [ [ [ -48.811493462451402, -26.12998509903753 ], [ -48.812067961319954, -26.12967860475872 ], [ -48.812122439166082, -26.129452568451544 ], [ -48.811493462451402, -26.12998509903753 ] ] ], [ [ [ -48.818396660719415, -26.128284764998199 ], [ -48.818894245921847, -26.127672273917629 ], [ -48.818849242378015, -26.127523309841507 ], [ -48.818396660719415, -26.128284764998199 ] ] ], [ [ [ -48.819120818487846, -26.127321690204084 ], [ -48.81911269211674, -26.127681608378328 ], [ -48.819609679132313, -26.127395656040331 ], [ -48.819120818487846, -26.127321690204084 ] ] ], [ [ [ -48.820770889262178, -26.125643424525151 ], [ -48.819358841504332, -26.126627717185286 ], [ -48.8202153567183, -26.126507978294605 ], [ -48.820770889262178, -26.125643424525151 ] ] ], [ [ [ -48.736585541986351, -26.222228478288539 ], [ -48.738834271953529, -26.22296275761925 ], [ -48.739339088307524, -26.224477209334996 ], [ -48.740348721956742, -26.225165595514611 ], [ -48.741587818275015, -26.224660778340589 ], [ -48.743102268126421, -26.225027917935304 ], [ -48.747003126216335, -26.222641510351334 ], [ -48.748747039489203, -26.22314632718043 ], [ -48.750123811596566, -26.220163319151286 ], [ -48.755217872946631, -26.215987106842814 ], [ -48.756961786290532, -26.21291231350008 ], [ -48.758659805840857, -26.211810895424087 ], [ -48.758981052396102, -26.210296444323987 ], [ -48.759847186598599, -26.209883412065793 ], [ -48.759016043113427, -26.209375978313037 ], [ -48.757952774973695, -26.210371332989769 ], [ -48.755398524284814, -26.210163516250127 ], [ -48.753955213456898, -26.208637742648271 ], [ -48.752451218198829, -26.21102847217692 ], [ -48.751769734274923, -26.210635286683669 ], [ -48.751119225920469, -26.211123972717232 ], [ -48.751096330658662, -26.211758914387204 ], [ -48.750459463327019, -26.212762833137713 ], [ -48.749404973703243, -26.212781617762523 ], [ -48.749073556588804, -26.21262315269578 ], [ -48.748492937433355, -26.213192173216086 ], [ -48.747911174651861, -26.212769426786029 ], [ -48.748902939276974, -26.212188602949677 ], [ -48.750413168991564, -26.212701061289078 ], [ -48.75104699953156, -26.211022246363658 ], [ -48.751671223667806, -26.210531981628371 ], [ -48.752412684739404, -26.210910516866015 ], [ -48.752714636992948, -26.210344618710341 ], [ -48.752976833235678, -26.208792612446977 ], [ -48.75130598026918, -26.205903683230606 ], [ -48.751530829589747, -26.202676020470641 ], [ -48.750334627172471, -26.20310068604617 ], [ -48.751584070058193, -26.202234662146854 ], [ -48.751056902069806, -26.20175302197325 ], [ -48.75110332720363, -26.19994432773726 ], [ -48.753429884636496, -26.19195467458357 ], [ -48.757296746624917, -26.187256363904545 ], [ -48.757424128235648, -26.184681585792561 ], [ -48.75887780812333, -26.180921315221109 ], [ -48.765259804042245, -26.168554089884079 ], [ -48.768640559188142, -26.163580573921895 ], [ -48.770646118660075, -26.161667563256575 ], [ -48.774992459676476, -26.150903665712008 ], [ -48.781876563306376, -26.144351984111349 ], [ -48.781149696590035, -26.142965802116905 ], [ -48.779432695662848, -26.142800286475062 ], [ -48.778716035653233, -26.141685282567146 ], [ -48.775794650807434, -26.140157596042307 ], [ -48.775775410716861, -26.139625345233814 ], [ -48.776406292688698, -26.138604483994797 ], [ -48.77563230254173, -26.137703765761849 ], [ -48.775899010405134, -26.137453672593715 ], [ -48.777191927189236, -26.137232971689432 ], [ -48.777060872489393, -26.136300975555411 ], [ -48.777573638487929, -26.13593614265945 ], [ -48.777816842232404, -26.135969273255363 ], [ -48.777962550568695, -26.136156690415444 ], [ -48.777933499252683, -26.137065309286822 ], [ -48.778475012743449, -26.137295345762368 ], [ -48.778287940048777, -26.13624876117693 ], [ -48.778694508309641, -26.135914196473241 ], [ -48.779418491746789, -26.135885077826419 ], [ -48.778822723494415, -26.135488308675434 ], [ -48.778900705243494, -26.135098082046902 ], [ -48.779879808281265, -26.133822250676381 ], [ -48.780327331578896, -26.133470948588819 ], [ -48.780605452469629, -26.133571818175628 ], [ -48.780360517682723, -26.133184959329562 ], [ -48.781100579775647, -26.132621103920833 ], [ -48.780418527844603, -26.133232518805375 ], [ -48.780631775887542, -26.133360739596359 ], [ -48.780663166799563, -26.133722383071394 ], [ -48.778956205146784, -26.135282616095235 ], [ -48.779520472050777, -26.135752074275938 ], [ -48.779459286202624, -26.135987803382985 ], [ -48.778411542608893, -26.136255797885507 ], [ -48.778587258503322, -26.137354605686667 ], [ -48.777800819924991, -26.137091253878559 ], [ -48.777719801127077, -26.136028375039665 ], [ -48.777159073196344, -26.136390033154601 ], [ -48.777223094486736, -26.137416576564583 ], [ -48.775819974035706, -26.137661625153168 ], [ -48.776595982840341, -26.138769109885935 ], [ -48.775903275439653, -26.139919486122178 ], [ -48.778826164550331, -26.14152394094048 ], [ -48.77946885912548, -26.142588107539961 ], [ -48.780860572119146, -26.142562653883655 ], [ -48.782114335903898, -26.143271280206115 ], [ -48.787145568661359, -26.13845054616236 ], [ -48.788761878317409, -26.134040067912125 ], [ -48.78944551404819, -26.13185942646199 ], [ -48.787725719047785, -26.133079679596168 ], [ -48.785554899635649, -26.132137361671454 ], [ -48.7877305448039, -26.132958831237442 ], [ -48.789437684511853, -26.131445047768896 ], [ -48.789717241875259, -26.13039085238713 ], [ -48.788900049702768, -26.127650709194278 ], [ -48.787660243148835, -26.127955378457514 ], [ -48.788860330279121, -26.127537191641387 ], [ -48.788540390493289, -26.126594617363374 ], [ -48.786868235546208, -26.127032704969917 ], [ -48.788551814699105, -26.126447594465926 ], [ -48.787297067304813, -26.118550526581586 ], [ -48.785561795214477, -26.117987546324954 ], [ -48.78544370721292, -26.117743018128312 ], [ -48.785553647696084, -26.117108851877767 ], [ -48.784435007060672, -26.117493523311737 ], [ -48.784773652318123, -26.116175928323251 ], [ -48.784611789554148, -26.116096926791958 ], [ -48.784315072536131, -26.116433214902628 ], [ -48.784142487564559, -26.116472320613696 ], [ -48.783564275680064, -26.11551715362825 ], [ -48.784023238375902, -26.114604855391601 ], [ -48.783664811044986, -26.115484664524907 ], [ -48.784174447281195, -26.116400907286437 ], [ -48.784511921083507, -26.116074860105627 ], [ -48.784789551659081, -26.116094123224794 ], [ -48.78506052513896, -26.117146935140376 ], [ -48.785501097874501, -26.117005174642063 ], [ -48.785726280112016, -26.117195265449386 ], [ -48.785590699947242, -26.117896480414611 ], [ -48.786208957136658, -26.117430970396931 ], [ -48.787316434995908, -26.118271414272073 ], [ -48.788562038263052, -26.109253130640013 ], [ -48.78632929690734, -26.10833280200541 ], [ -48.786197236621014, -26.10771334904863 ], [ -48.786493179090535, -26.107328327058763 ], [ -48.786447512530032, -26.108292733494601 ], [ -48.788585987804609, -26.109174266180425 ], [ -48.789875130962862, -26.105240418836363 ], [ -48.793033777326904, -26.101504775664726 ], [ -48.799232209311356, -26.09851097284248 ], [ -48.801181593405325, -26.096467592866631 ], [ -48.801926595757372, -26.096363373707629 ], [ -48.804132711021417, -26.09714239393012 ], [ -48.805376786738293, -26.096457076945917 ], [ -48.805735096863856, -26.095615508872033 ], [ -48.805194785678154, -26.094720175474681 ], [ -48.80506364742029, -26.093614836457551 ], [ -48.805548272371574, -26.092139373111458 ], [ -48.805167920627788, -26.093595101476712 ], [ -48.80581974242817, -26.095459617036909 ], [ -48.805628865946701, -26.096414411690571 ], [ -48.804175194153736, -26.097254639458484 ], [ -48.80143864760317, -26.096553413224623 ], [ -48.799586710716689, -26.098465600147073 ], [ -48.804984274675981, -26.098071082423036 ], [ -48.805890000276889, -26.098227167264131 ], [ -48.807849986539715, -26.095903109168255 ], [ -48.807836175614639, -26.093057459510678 ], [ -48.806210308694659, -26.090777241103439 ], [ -48.804398138384656, -26.091302280268945 ], [ -48.800717152514729, -26.090427307098029 ], [ -48.800824485671349, -26.091268734781089 ], [ -48.800580033244181, -26.091772195117549 ], [ -48.800193543623074, -26.091924060585939 ], [ -48.798950202971007, -26.091949399979971 ], [ -48.798752948860106, -26.091629242693585 ], [ -48.799061103022524, -26.091367155864869 ], [ -48.798422184504538, -26.091180455190397 ], [ -48.798562012232843, -26.090737254364697 ], [ -48.797957335424556, -26.09124569428586 ], [ -48.797832447889213, -26.091219372807348 ], [ -48.797763589226626, -26.090256651194014 ], [ -48.798626480424346, -26.090105137276964 ], [ -48.798033360584718, -26.090689656097091 ], [ -48.797887685634997, -26.091169575348729 ], [ -48.798137831321903, -26.09080777039588 ], [ -48.798768363707417, -26.090621988086099 ], [ -48.79849481362637, -26.091172637669359 ], [ -48.799128023213598, -26.091246540576336 ], [ -48.798935776174432, -26.09183659763405 ], [ -48.800612286996532, -26.091428593581501 ], [ -48.798767941513788, -26.087396882010271 ], [ -48.799745151156259, -26.086326453542032 ], [ -48.801926073928882, -26.085936855845532 ], [ -48.801905477437103, -26.085332715069988 ], [ -48.800954474628327, -26.084480278658628 ], [ -48.799949027534979, -26.082041490634893 ], [ -48.800194599775942, -26.080888721963831 ], [ -48.802177908921976, -26.079410527734076 ], [ -48.803709590238412, -26.07971444485624 ], [ -48.803338662367274, -26.07931994767829 ], [ -48.803434591573826, -26.078839450686754 ], [ -48.802289695012291, -26.078927410402365 ], [ -48.802037198960036, -26.078663252487829 ], [ -48.801940457487419, -26.077643582994963 ], [ -48.802104037851883, -26.076618767510649 ], [ -48.802680283516892, -26.075951951478157 ], [ -48.80305016671393, -26.076208103023642 ], [ -48.803387912595348, -26.074923574001506 ], [ -48.80305727917046, -26.074570850828472 ], [ -48.803128079811685, -26.074948061014425 ], [ -48.802722596377585, -26.074983853317153 ], [ -48.80263916813621, -26.075427058694931 ], [ -48.802414844886911, -26.075501323821793 ], [ -48.802163840065226, -26.075192456092132 ], [ -48.80201847743141, -26.07472555341927 ], [ -48.802431753995066, -26.075456424198723 ], [ -48.8029889745251, -26.074548558817686 ], [ -48.803226303325253, -26.074574314601751 ], [ -48.803423371220632, -26.074828831722538 ], [ -48.80320657347103, -26.076252414485012 ], [ -48.802169667357937, -26.076666722508026 ], [ -48.802102580184467, -26.078464565006481 ], [ -48.803546813489696, -26.078671527545485 ], [ -48.803764646700664, -26.079436657263116 ], [ -48.804877298361504, -26.078499701206624 ], [ -48.804295653800096, -26.077356873120937 ], [ -48.804888498248403, -26.076327491989076 ], [ -48.804407625521229, -26.077339414076324 ], [ -48.805129402715522, -26.078850870379306 ], [ -48.808074222381549, -26.075500245313044 ], [ -48.807812834336701, -26.074747537145559 ], [ -48.808471828859702, -26.073071057999289 ], [ -48.807259136352343, -26.07351723452269 ], [ -48.806469764230968, -26.072887197843912 ], [ -48.806422888962103, -26.072170178176155 ], [ -48.805564592055738, -26.072447197026833 ], [ -48.805378737076317, -26.071124705746399 ], [ -48.804417729254631, -26.070217512345007 ], [ -48.80451485953089, -26.070668145926451 ], [ -48.804406435799741, -26.070769181169098 ], [ -48.803519187501507, -26.070425400452248 ], [ -48.803812530143048, -26.06959657942976 ], [ -48.803525762408604, -26.069614218857922 ], [ -48.803404167393929, -26.069325874839404 ], [ -48.803542352984522, -26.069098805762749 ], [ -48.80325949072499, -26.06917626315402 ], [ -48.80308377923852, -26.069131436209034 ], [ -48.802842052403051, -26.068567351531179 ], [ -48.803138074277946, -26.06852472495919 ], [ -48.803927068048459, -26.069573482297134 ], [ -48.803677163413049, -26.07040623031574 ], [ -48.804400108530871, -26.070661365246959 ], [ -48.80425652043921, -26.070264925997591 ], [ -48.804468466346925, -26.070127231570194 ], [ -48.805510552373413, -26.071068115979159 ], [ -48.805794081353056, -26.072303527278358 ], [ -48.806542014158296, -26.072057543641428 ], [ -48.807483266674318, -26.073208711361865 ], [ -48.808567816953371, -26.072931823590963 ], [ -48.808349182531735, -26.075182936843991 ], [ -48.809682977646958, -26.074524235775641 ], [ -48.811881730103842, -26.073810088943105 ], [ -48.812384266394005, -26.073825872733579 ], [ -48.812492908644231, -26.07338453133389 ], [ -48.812159543498382, -26.073406501126087 ], [ -48.811994852967857, -26.072910517909555 ], [ -48.811766960331873, -26.073058601326462 ], [ -48.811692512245152, -26.072912389414807 ], [ -48.811699786196563, -26.072653333960481 ], [ -48.812184304454547, -26.073056574667127 ], [ -48.812199084516749, -26.073363986770751 ], [ -48.81245359436663, -26.073282498966094 ], [ -48.812537298521271, -26.073452339366376 ], [ -48.812379527202822, -26.073946826514483 ], [ -48.81142368528657, -26.074090479718151 ], [ -48.812239938722229, -26.074200980179619 ], [ -48.814726937726931, -26.071732423665772 ], [ -48.814177109108449, -26.070941071034621 ], [ -48.810908845659469, -26.070419574464335 ], [ -48.807659165292932, -26.068476710628399 ], [ -48.806263422749801, -26.065368600353029 ], [ -48.805419658181862, -26.065563316429746 ], [ -48.804575771142424, -26.065148495964564 ], [ -48.806250230564018, -26.065275785405575 ], [ -48.806501204117531, -26.065632023040539 ], [ -48.807550882309563, -26.06273498261876 ], [ -48.811522746756715, -26.062558174731347 ], [ -48.812820433128088, -26.05952125598608 ], [ -48.814819044958099, -26.058919427429384 ], [ -48.812723162701815, -26.058104796340753 ], [ -48.811286012710525, -26.060538944635663 ], [ -48.810438942092659, -26.060707778101118 ], [ -48.809519240650125, -26.060133370849179 ], [ -48.809668613795253, -26.059087794760085 ], [ -48.811142657546661, -26.058671639433321 ], [ -48.809333933666508, -26.057302080312748 ], [ -48.809843782977225, -26.056406132823675 ], [ -48.809154001480984, -26.055677976330266 ], [ -48.810027511985126, -26.055148620549485 ], [ -48.809725832068516, -26.054374375508498 ], [ -48.809802475157461, -26.053352730081912 ], [ -48.809078778497494, -26.053132423496663 ], [ -48.808980212222657, -26.052865094967846 ], [ -48.809997365802872, -26.05170230753026 ], [ -48.808724986360531, -26.051337047076714 ], [ -48.808624517474165, -26.052152885048717 ], [ -48.808318705169953, -26.052338412280271 ], [ -48.80718891374751, -26.051821950804776 ], [ -48.806647621572957, -26.051458152580341 ], [ -48.806710579991822, -26.051116850789473 ], [ -48.807805607699798, -26.05139625095406 ], [ -48.807553618258105, -26.050600874833339 ], [ -48.808322002720558, -26.050137129243488 ], [ -48.807042337848351, -26.050455420040741 ], [ -48.806414521774251, -26.049605178765091 ], [ -48.806591098580746, -26.049453760378885 ], [ -48.80728364001186, -26.049510075419573 ], [ -48.808672248516892, -26.048142802602701 ], [ -48.809658989619749, -26.047807730111856 ], [ -48.808593062092854, -26.047829088853454 ], [ -48.808470458603622, -26.047772719719788 ], [ -48.808444812128535, -26.047677202980143 ], [ -48.80936299455572, -26.047458944052408 ], [ -48.808821973523521, -26.047014159975241 ], [ -48.808852322198319, -26.046779188327751 ], [ -48.809871944432345, -26.047072911317287 ], [ -48.809492436288814, -26.046869627720685 ], [ -48.810040050561135, -26.046614653072616 ], [ -48.80952681515047, -26.046313139594286 ], [ -48.809625102145461, -26.045530156515298 ], [ -48.810207117542753, -26.045539835174736 ], [ -48.809635354796768, -26.045602855396059 ], [ -48.810103428552324, -26.04658633495081 ], [ -48.809942495408329, -26.047063047775687 ], [ -48.80957226259423, -26.047212982244524 ], [ -48.808878240838617, -26.046890166586945 ], [ -48.809729957074595, -26.047868677986457 ], [ -48.807288583909703, -26.049596609585379 ], [ -48.806528169016666, -26.049628828995289 ], [ -48.807073674507883, -26.050379110757529 ], [ -48.808319921737606, -26.049997323659554 ], [ -48.808761021537151, -26.051166580268834 ], [ -48.810557170224818, -26.051352324573834 ], [ -48.810650510503493, -26.051886864194199 ], [ -48.810190212429212, -26.051504147244724 ], [ -48.80914933150104, -26.052925079774852 ], [ -48.809914192610663, -26.053032564481914 ], [ -48.810535092315192, -26.054028483387338 ], [ -48.810833420674697, -26.053948808986497 ], [ -48.810768086754138, -26.05340137769954 ], [ -48.81137837231207, -26.052445592922385 ], [ -48.8116152319094, -26.052463816359982 ], [ -48.812148701693168, -26.052984435629423 ], [ -48.811917265621133, -26.052472732576724 ], [ -48.81244740899232, -26.052273654284342 ], [ -48.812179890286821, -26.053024302004555 ], [ -48.811392458935067, -26.052508741046044 ], [ -48.810866927374107, -26.054067046798856 ], [ -48.810491943876748, -26.054055662412868 ], [ -48.810031923243017, -26.053569712746576 ], [ -48.810182288578908, -26.054327897563166 ], [ -48.811866291686272, -26.05421250368472 ], [ -48.812347826365304, -26.054539107166121 ], [ -48.81202918055051, -26.056423756219594 ], [ -48.810455167192231, -26.056344282254436 ], [ -48.809739060312324, -26.057009309705123 ], [ -48.81143257899766, -26.058574801755938 ], [ -48.809690151676207, -26.059760690282825 ], [ -48.810142684775322, -26.060351175855981 ], [ -48.811220155187691, -26.060201617132183 ], [ -48.812771284306145, -26.057730427461305 ], [ -48.814649190399187, -26.058032652131171 ], [ -48.815250219855521, -26.058773463373939 ], [ -48.813058398825703, -26.05991175851446 ], [ -48.811916710980761, -26.063056755634435 ], [ -48.807858941194759, -26.063151663797999 ], [ -48.807057212090946, -26.065769550076968 ], [ -48.807637233101048, -26.067715748126815 ], [ -48.811196285652215, -26.069840037306548 ], [ -48.81659025451502, -26.071015955732587 ], [ -48.815436270602071, -26.069061879446437 ], [ -48.818049492867509, -26.068551285813502 ], [ -48.816610990075283, -26.067770301883918 ], [ -48.817534266687751, -26.066095333512173 ], [ -48.816330950935331, -26.065631186097548 ], [ -48.815302995031068, -26.064159685754685 ], [ -48.816826087780171, -26.063590922370356 ], [ -48.816357661680556, -26.063089111518217 ], [ -48.817579186557559, -26.063519796590974 ], [ -48.818130902173074, -26.064647079231598 ], [ -48.818557129673501, -26.063560009983238 ], [ -48.817515152902374, -26.062970498686518 ], [ -48.818589671812873, -26.063465069171251 ], [ -48.818763272168709, -26.063004277542937 ], [ -48.819521827704527, -26.062598695591461 ], [ -48.820791981750851, -26.062328295270309 ], [ -48.819947641270993, -26.061835032391443 ], [ -48.820655932641927, -26.062042059824449 ], [ -48.820654957078304, -26.061424492719301 ], [ -48.821376150782207, -26.060585455558574 ], [ -48.819824858815636, -26.061390930636726 ], [ -48.820276248934356, -26.06082257602662 ], [ -48.821958222401463, -26.060451552891905 ], [ -48.822092007389493, -26.059160273426102 ], [ -48.822551135936088, -26.059587270387141 ], [ -48.822038141201297, -26.060462918338633 ], [ -48.821647985379933, -26.060651803951654 ], [ -48.822707505464578, -26.060762398162566 ], [ -48.821432908159522, -26.060694348747681 ], [ -48.820734192338499, -26.061475079902202 ], [ -48.821127043283248, -26.062376107534906 ], [ -48.819947681135687, -26.062602324031289 ], [ -48.820861384997713, -26.063155301881114 ], [ -48.820411731115833, -26.064334934465055 ], [ -48.820147627828689, -26.064297723350069 ], [ -48.820028333291759, -26.06362098358602 ], [ -48.819134605950801, -26.063917637012004 ], [ -48.818859077876454, -26.063576446431892 ], [ -48.81846177779007, -26.064606339135828 ], [ -48.817918411649046, -26.064873737272123 ], [ -48.817264643020444, -26.063553617198181 ], [ -48.815495599804201, -26.064320910870549 ], [ -48.817824622692029, -26.065996849379935 ], [ -48.816825197962409, -26.067701485213735 ], [ -48.817951947052251, -26.067934970833257 ], [ -48.818249962156422, -26.068825570987165 ], [ -48.815704376447677, -26.069143647988913 ], [ -48.817419703294661, -26.070677684432585 ], [ -48.815409120606255, -26.07178495511036 ], [ -48.814154817468214, -26.074209661475585 ], [ -48.809770754570152, -26.075708995383042 ], [ -48.80844353696412, -26.07677037991828 ], [ -48.808938026295451, -26.077226280112221 ], [ -48.809014970293646, -26.077480655356158 ], [ -48.809316334637387, -26.077095463303863 ], [ -48.809447824062033, -26.077107222207399 ], [ -48.810151712369944, -26.078476937806538 ], [ -48.810125560502406, -26.07872620579867 ], [ -48.809843852349353, -26.07891989656504 ], [ -48.810227303401604, -26.079475449199336 ], [ -48.810705969949431, -26.079388259154562 ], [ -48.810749774688709, -26.079516023750209 ], [ -48.810199049451278, -26.079515374139234 ], [ -48.809961165594416, -26.079229199106791 ], [ -48.809756254544766, -26.078845317678685 ], [ -48.810088533220799, -26.078511765550097 ], [ -48.809395383385187, -26.077135176314787 ], [ -48.808969416170392, -26.077592179819057 ], [ -48.808349719570245, -26.076891931386971 ], [ -48.807568697678661, -26.077632489496587 ], [ -48.808517900391877, -26.078649969237475 ], [ -48.807504080890666, -26.077700472645112 ], [ -48.806680535004233, -26.078747939763293 ], [ -48.807049472029497, -26.080041124861506 ], [ -48.806940888161293, -26.080352903254887 ], [ -48.807850905661681, -26.080047539256789 ], [ -48.808550401268434, -26.080413965732308 ], [ -48.806919871073035, -26.080440533504376 ], [ -48.806486838295129, -26.079060945484297 ], [ -48.805564118573912, -26.081111313249092 ], [ -48.805018042586639, -26.085287421891504 ], [ -48.805815973235795, -26.0880849628352 ], [ -48.807786459247055, -26.089942104144356 ], [ -48.807294791870738, -26.088731576299434 ], [ -48.808847020926144, -26.09066830381062 ], [ -48.809096808680181, -26.088010450456458 ], [ -48.810491286897395, -26.084973824902711 ], [ -48.812431096649597, -26.084745345449683 ], [ -48.814938567809634, -26.086077727363776 ], [ -48.817995629621635, -26.084762237060943 ], [ -48.819338205943751, -26.084956491354212 ], [ -48.819335990970373, -26.083498495878221 ], [ -48.81858232648235, -26.082801850734018 ], [ -48.818647361565709, -26.082218765756274 ], [ -48.818238010773698, -26.082161026816049 ], [ -48.818164089409521, -26.081772761440622 ], [ -48.818737440621952, -26.082218414930825 ], [ -48.8186678091432, -26.082726869017076 ], [ -48.819364668498096, -26.083290707938627 ], [ -48.821421812829037, -26.082350583065832 ], [ -48.820602658850682, -26.080873461304755 ], [ -48.823109352079555, -26.08419827044041 ], [ -48.823706673342897, -26.082508323723122 ], [ -48.824917240064302, -26.081918487340516 ], [ -48.825115336465224, -26.080150322400247 ], [ -48.825331930951592, -26.080144060360258 ], [ -48.82554311017266, -26.080360036688983 ], [ -48.825555911637423, -26.080953051354985 ], [ -48.826263806426631, -26.08007146632319 ], [ -48.825683915196805, -26.080280925690687 ], [ -48.825572359441793, -26.080030796044554 ], [ -48.825909269078323, -26.079695693943901 ], [ -48.824667367789331, -26.079640609832783 ], [ -48.824553988601949, -26.079012210254596 ], [ -48.826830895795261, -26.077108946787746 ], [ -48.827259865521683, -26.077644669462227 ], [ -48.826860886579809, -26.077218149866969 ], [ -48.824621072232503, -26.079038551763741 ], [ -48.824683645052879, -26.079572822867817 ], [ -48.825911577245087, -26.079619255389034 ], [ -48.825926056860943, -26.079954904647405 ], [ -48.825630780870434, -26.080038305199182 ], [ -48.825759838532612, -26.080252570362131 ], [ -48.826695106696029, -26.079638346186197 ], [ -48.826316015439978, -26.07948343496183 ], [ -48.826366051173245, -26.079199715400453 ], [ -48.827271100909705, -26.078814803699043 ], [ -48.827949256486775, -26.0790902292356 ], [ -48.826420540046811, -26.079320300913718 ], [ -48.826836281598673, -26.07962201183237 ], [ -48.825593841273026, -26.081044974486321 ], [ -48.825186101179831, -26.080230276135154 ], [ -48.825091188171193, -26.081969638095956 ], [ -48.82381790103387, -26.082594879923061 ], [ -48.82528918523191, -26.083071839538412 ], [ -48.825782927593558, -26.08236807622405 ], [ -48.826278577627377, -26.082265152789731 ], [ -48.827292509560372, -26.083330320699915 ], [ -48.827599281412887, -26.082054389838405 ], [ -48.829609241676167, -26.082123521804228 ], [ -48.828366131233459, -26.081659948134199 ], [ -48.828187389736541, -26.080612764335161 ], [ -48.828307122896014, -26.079832436661835 ], [ -48.82879047258151, -26.079781632031359 ], [ -48.829086039251116, -26.080290981424 ], [ -48.829963537318811, -26.079219987188804 ], [ -48.828927346499697, -26.078157557427396 ], [ -48.829418075548801, -26.077734456690081 ], [ -48.82863205682122, -26.077576089008925 ], [ -48.828674050630028, -26.077292247227206 ], [ -48.829110574398591, -26.07688581539454 ], [ -48.829421652751883, -26.077404266928788 ], [ -48.828731585054534, -26.077479682863196 ], [ -48.829553082965887, -26.077759859341466 ], [ -48.829059574533645, -26.078126159336922 ], [ -48.830360938212429, -26.079285856276478 ], [ -48.831212428138279, -26.079292061145622 ], [ -48.831660782800569, -26.078720977115672 ], [ -48.832384728052581, -26.078663682001952 ], [ -48.831180854170313, -26.079459644391317 ], [ -48.830567704596611, -26.079518173508376 ], [ -48.83016054025051, -26.079218533450362 ], [ -48.828969950127515, -26.08045895456938 ], [ -48.828379976879447, -26.079927966340158 ], [ -48.828470694282053, -26.081552738550155 ], [ -48.829416068578958, -26.081551129436448 ], [ -48.82973282868538, -26.082266984682899 ], [ -48.827775876792806, -26.082209503387102 ], [ -48.827219137941057, -26.083712701373141 ], [ -48.82614503641711, -26.082489106954107 ], [ -48.825376484764341, -26.083341348425321 ], [ -48.82397712723651, -26.08297904731273 ], [ -48.82468163387766, -26.083333267747626 ], [ -48.824656250045194, -26.084001051222071 ], [ -48.824394382360097, -26.084795830297583 ], [ -48.825325693061416, -26.085257220000493 ], [ -48.824347990204018, -26.08480909330574 ], [ -48.824522813075355, -26.083314061021628 ], [ -48.823060811394392, -26.08466123291176 ], [ -48.821619094402315, -26.082963061004197 ], [ -48.820448051948603, -26.082952316329262 ], [ -48.819946768804428, -26.087283932300235 ], [ -48.82155620848382, -26.086585031712513 ], [ -48.822999306289773, -26.086795598902185 ], [ -48.823129584194348, -26.087383773771233 ], [ -48.822639277032934, -26.088383810973475 ], [ -48.825413636914391, -26.087549166184949 ], [ -48.826292889798268, -26.087739208398286 ], [ -48.827181262540265, -26.086932727781743 ], [ -48.825623372572643, -26.086306453628122 ], [ -48.825742554874466, -26.086041077729906 ], [ -48.82626149489505, -26.085663244618164 ], [ -48.827101398593271, -26.085787197454369 ], [ -48.827222730682365, -26.085974500828993 ], [ -48.827178877563632, -26.086337759968409 ], [ -48.827756343421925, -26.086210500301362 ], [ -48.828519108431024, -26.086924289270783 ], [ -48.828693568484248, -26.086336139146969 ], [ -48.828270920951056, -26.086373900577779 ], [ -48.827547638683598, -26.085842279756406 ], [ -48.82820379079584, -26.085408782768546 ], [ -48.827856135735672, -26.0850192093062 ], [ -48.82805919720078, -26.084220506473642 ], [ -48.828399164193037, -26.084104491980057 ], [ -48.828278046534805, -26.085398252274299 ], [ -48.827675715046695, -26.085830731658181 ], [ -48.82874763442863, -26.086287398132598 ], [ -48.828622335113323, -26.086947539571835 ], [ -48.826405843237325, -26.087825770834407 ], [ -48.825317682357799, -26.087701721825685 ], [ -48.826170030149498, -26.088417480229406 ], [ -48.825279987516083, -26.088053408000683 ], [ -48.825074404314691, -26.088569339801655 ], [ -48.824357374939119, -26.088843486544548 ], [ -48.824353412338418, -26.089783725528928 ], [ -48.82631618323262, -26.089310765418205 ], [ -48.826854097090212, -26.089851992042899 ], [ -48.828158617346318, -26.089608905021613 ], [ -48.828091025346829, -26.090326417452943 ], [ -48.828916480634, -26.089784211527036 ], [ -48.830130686206594, -26.090209220923072 ], [ -48.830763923082415, -26.091486874901225 ], [ -48.830780691610229, -26.090310950692263 ], [ -48.831011233659012, -26.090216099047474 ], [ -48.831870829871129, -26.090660934905163 ], [ -48.831845506652989, -26.089790384566296 ], [ -48.83224582299863, -26.089117127619577 ], [ -48.832362267595983, -26.089168398659268 ], [ -48.832530549743417, -26.089403967701099 ], [ -48.832804039181461, -26.090293647663469 ], [ -48.832281448766508, -26.089166997930576 ], [ -48.832046815681039, -26.090564062722013 ], [ -48.83189093257301, -26.090730986386131 ], [ -48.831674603382126, -26.090743577579548 ], [ -48.830868971001955, -26.090326806441514 ], [ -48.831049980161275, -26.091287809481578 ], [ -48.830896982002159, -26.091508447870055 ], [ -48.830671277074863, -26.091548908771927 ], [ -48.830001239917834, -26.090197904389392 ], [ -48.827865186985747, -26.090477318212425 ], [ -48.828065802835098, -26.089715576023703 ], [ -48.826795401032051, -26.089919863790531 ], [ -48.826219444086419, -26.089498058876291 ], [ -48.826477511048466, -26.089926436307746 ], [ -48.825698532573938, -26.090649323211064 ], [ -48.826368727677504, -26.090431851740362 ], [ -48.826553916615254, -26.090551091221329 ], [ -48.826647753675211, -26.090787867820914 ], [ -48.82576275185896, -26.091470719821679 ], [ -48.826410910809891, -26.091327687142581 ], [ -48.826667553264322, -26.091526855985098 ], [ -48.82614408006981, -26.09213515607356 ], [ -48.827864499462173, -26.09236940640983 ], [ -48.829049609083135, -26.093347447998482 ], [ -48.828905785317033, -26.093796889214676 ], [ -48.829530473584818, -26.094062460487574 ], [ -48.829599146469313, -26.094493023920808 ], [ -48.828850041560621, -26.093830197877935 ], [ -48.828930785817121, -26.093311511006156 ], [ -48.828257233840567, -26.093305254683575 ], [ -48.827791746317025, -26.092407543568953 ], [ -48.824299223115865, -26.092089779424008 ], [ -48.824133859571404, -26.090848898610897 ], [ -48.823268921106894, -26.091823060909867 ], [ -48.823578307168177, -26.09255003060316 ], [ -48.823439345931106, -26.093208312825958 ], [ -48.823185064437929, -26.093499467441106 ], [ -48.822684189989076, -26.093592801928121 ], [ -48.822218039275015, -26.093195661825668 ], [ -48.821745427852576, -26.09193435112271 ], [ -48.822209817953627, -26.089714503396952 ], [ -48.821108732213069, -26.088346841991072 ], [ -48.818662003412435, -26.091089742133473 ], [ -48.817940768763322, -26.093404037520031 ], [ -48.815514406717746, -26.092895922084725 ], [ -48.814646233307386, -26.093884140458641 ], [ -48.815451458901371, -26.09421750140142 ], [ -48.815338970178509, -26.09509118085035 ], [ -48.816612719948864, -26.094065116446544 ], [ -48.818039263406597, -26.094455486069737 ], [ -48.818192213395591, -26.095313861196416 ], [ -48.818646042991922, -26.094772892803704 ], [ -48.819018705145545, -26.094710469048007 ], [ -48.819313163830486, -26.094872971781168 ], [ -48.819366161741719, -26.095494723782899 ], [ -48.820931526972167, -26.095501854194811 ], [ -48.821170364030522, -26.095817267525604 ], [ -48.821253082652241, -26.095572380904127 ], [ -48.821550613173123, -26.095559485708005 ], [ -48.821347303380271, -26.095934315013359 ], [ -48.81924894977535, -26.095625684881632 ], [ -48.818911427195992, -26.094798560046158 ], [ -48.818209466263042, -26.09543805777114 ], [ -48.81782954594366, -26.094472833216845 ], [ -48.816558674744272, -26.094213352032007 ], [ -48.815228572682074, -26.095300174956481 ], [ -48.815286400411459, -26.094296935849083 ], [ -48.814506065028418, -26.094177316713559 ], [ -48.813565045132755, -26.096216249448272 ], [ -48.809812480334067, -26.100532227838944 ], [ -48.807449072771206, -26.100463821990445 ], [ -48.797291556590466, -26.103798205520572 ], [ -48.794767775095764, -26.107669874989082 ], [ -48.794875105511366, -26.110262200790633 ], [ -48.796972256283624, -26.111275195893178 ], [ -48.797802652862352, -26.112979142889049 ], [ -48.799040650033632, -26.11369348345319 ], [ -48.808788194169431, -26.113710830998425 ], [ -48.810239097580641, -26.110825665110688 ], [ -48.808094787329829, -26.108093114120244 ], [ -48.808413717978233, -26.105938278630379 ], [ -48.811412448847634, -26.103184233671069 ], [ -48.815761760557031, -26.101949737216607 ], [ -48.82000910221835, -26.102721219865177 ], [ -48.82184659956981, -26.1018341692014 ], [ -48.82378092972214, -26.102065955153652 ], [ -48.824227236619471, -26.101473756053654 ], [ -48.825252430685318, -26.102361465133388 ], [ -48.825763308143081, -26.10200833539044 ], [ -48.826373914319966, -26.101972934444952 ], [ -48.825339527527809, -26.102447169492457 ], [ -48.824280937153283, -26.101552382629848 ], [ -48.823744530532068, -26.102212903900661 ], [ -48.821639300878573, -26.102030207245051 ], [ -48.819132070797281, -26.104161266739567 ], [ -48.818196340987093, -26.104159205272282 ], [ -48.819916587694387, -26.10626605528963 ], [ -48.819858514119552, -26.108948448993733 ], [ -48.822963047255179, -26.107237433655634 ], [ -48.82370917815787, -26.107498691337192 ], [ -48.823705896390109, -26.108387309371718 ], [ -48.824145679803131, -26.108328360862028 ], [ -48.825542990815215, -26.10601355258083 ], [ -48.828705184348422, -26.107484524575021 ], [ -48.830304918122813, -26.107369061296218 ], [ -48.830729675771394, -26.106753279764195 ], [ -48.831086196055203, -26.107139539799867 ], [ -48.831175750948006, -26.108054340500246 ], [ -48.831650885428495, -26.107756213243558 ], [ -48.833631434907169, -26.107883989240769 ], [ -48.831119447547813, -26.108107216286093 ], [ -48.83078943994969, -26.106870737505812 ], [ -48.830323098922634, -26.107466702762149 ], [ -48.828662696193909, -26.107601218986218 ], [ -48.825601118917866, -26.106151806259113 ], [ -48.825381996320317, -26.107268440339567 ], [ -48.824089082544127, -26.108600111761767 ], [ -48.823504659284922, -26.108579953533575 ], [ -48.823023215047911, -26.107435526982627 ], [ -48.819897696199007, -26.109206734193272 ], [ -48.819280611637275, -26.10859873952765 ], [ -48.819614861205245, -26.106587427473936 ], [ -48.81773724091088, -26.104622474497294 ], [ -48.817935702236753, -26.103835835581823 ], [ -48.819589308868139, -26.102986891187516 ], [ -48.815668182049883, -26.102577176676245 ], [ -48.813186143786133, -26.103482219059956 ], [ -48.811798311376414, -26.104821495248153 ], [ -48.810003247858624, -26.105480006479091 ], [ -48.80899366312304, -26.106704926830936 ], [ -48.81095047577665, -26.110695198319881 ], [ -48.810049495899811, -26.114026650864457 ], [ -48.812754397750219, -26.116591592111796 ], [ -48.812798942563489, -26.117855549788974 ], [ -48.814581991698155, -26.117264866262644 ], [ -48.814916492711319, -26.115372250960455 ], [ -48.815632820599973, -26.114651377848624 ], [ -48.814011120249077, -26.113757103764598 ], [ -48.813674994180069, -26.112339802395695 ], [ -48.814095773633525, -26.113710506627474 ], [ -48.81583774216557, -26.114615512732787 ], [ -48.815116112644773, -26.115336405842424 ], [ -48.815069437526752, -26.116753924740756 ], [ -48.814461074813671, -26.117504725245418 ], [ -48.812574814955866, -26.117947343120267 ], [ -48.812149115832845, -26.116082750667658 ], [ -48.809773240194694, -26.114227777147093 ], [ -48.80699631419207, -26.114740681481337 ], [ -48.798682378539269, -26.114461697383781 ], [ -48.794294874174192, -26.111068858802479 ], [ -48.792700203989789, -26.11179321593659 ], [ -48.792198479670994, -26.113463365630771 ], [ -48.794078921049135, -26.115084573187708 ], [ -48.795829428590523, -26.121831267219179 ], [ -48.796958097364097, -26.123280845635904 ], [ -48.798565037113484, -26.123228604860088 ], [ -48.799305885313657, -26.121788894782114 ], [ -48.800147896145241, -26.121456595747023 ], [ -48.79961137149332, -26.120827232257419 ], [ -48.799959647083938, -26.119345787497448 ], [ -48.800284304596374, -26.12150870004729 ], [ -48.799465877237559, -26.121921653632697 ], [ -48.798973373310965, -26.123231386635489 ], [ -48.79784843889567, -26.123910557806351 ], [ -48.798560921646775, -26.126045606181016 ], [ -48.798262860538387, -26.127127603309724 ], [ -48.799390912286839, -26.12778670795111 ], [ -48.800956769711988, -26.127020483303721 ], [ -48.800868723416471, -26.125261132217922 ], [ -48.801409455767022, -26.124224364200007 ], [ -48.801182249212367, -26.126959108466156 ], [ -48.801658674411698, -26.126622640871872 ], [ -48.799709342051123, -26.128749203902199 ], [ -48.799994986475056, -26.1290810422433 ], [ -48.80542612397953, -26.1290916590502 ], [ -48.808507091481033, -26.130045803910743 ], [ -48.809843880305237, -26.129729806944269 ], [ -48.812071275116011, -26.12800364161243 ], [ -48.807869864521557, -26.124863679505353 ], [ -48.807559348227933, -26.124395751951326 ], [ -48.807653003366099, -26.123795030329227 ], [ -48.810511221806657, -26.122013684311987 ], [ -48.812391545734151, -26.121544444626078 ], [ -48.807955957019779, -26.123744413882044 ], [ -48.807805591172951, -26.124546475921747 ], [ -48.809818811111526, -26.125819683080856 ], [ -48.810200048208074, -26.124605143234771 ], [ -48.811087785473575, -26.124257049866053 ], [ -48.810689340679332, -26.123775615200618 ], [ -48.811327669915997, -26.123592758570194 ], [ -48.811107363973548, -26.123347827732442 ], [ -48.811174481783937, -26.123094264634236 ], [ -48.811814717737327, -26.123085577230629 ], [ -48.81253740449219, -26.122734304829805 ], [ -48.8127420447194, -26.122760612910827 ], [ -48.811948578867423, -26.123131000065595 ], [ -48.811198710746361, -26.123150828186699 ], [ -48.812558797829865, -26.123573789464793 ], [ -48.8108241120743, -26.123763332133915 ], [ -48.811219457872362, -26.124322213552173 ], [ -48.810307000793053, -26.124672762465529 ], [ -48.810085203284729, -26.126119392667906 ], [ -48.812331163466247, -26.127128873341871 ], [ -48.812555714224068, -26.128101918995331 ], [ -48.817333493501749, -26.128530506938656 ], [ -48.818630299255311, -26.1267855933135 ], [ -48.817971063984949, -26.126077786942357 ], [ -48.81801014743273, -26.125386330397198 ], [ -48.817360212284342, -26.124906528098617 ], [ -48.817381573441224, -26.124277134557808 ], [ -48.818113396537875, -26.125377426123421 ], [ -48.818060076021887, -26.126052951612085 ], [ -48.81875876300689, -26.126870368764383 ], [ -48.820695074178637, -26.125569896289853 ], [ -48.822244120160448, -26.119889409061237 ], [ -48.823248156874563, -26.119065279096802 ], [ -48.822990919385454, -26.118097389295766 ], [ -48.823067474711124, -26.117825764081218 ], [ -48.823690527911822, -26.117593607847684 ], [ -48.824472302263707, -26.117660929644973 ], [ -48.826035511548014, -26.118624877027273 ], [ -48.82672785061569, -26.11783951661468 ], [ -48.826155102843131, -26.118690511009397 ], [ -48.825508974495222, -26.118566855929945 ], [ -48.824624990590131, -26.117800818903703 ], [ -48.823242665009076, -26.117860227962659 ], [ -48.823375251370749, -26.119020115527324 ], [ -48.822355517897904, -26.12028004391178 ], [ -48.823521559859422, -26.120087375527696 ], [ -48.827991288226549, -26.121585787274565 ], [ -48.828366758821076, -26.121319976858043 ], [ -48.82829845058199, -26.120739437124687 ], [ -48.828711039161824, -26.120244969847079 ], [ -48.829462738884729, -26.11987321664369 ], [ -48.828364662712097, -26.120742843110659 ], [ -48.828443589822569, -26.121317838617433 ], [ -48.828032901114888, -26.121685206358016 ], [ -48.828667761864281, -26.122484479502436 ], [ -48.828337149142378, -26.123170793881965 ], [ -48.829370353803718, -26.123538562794856 ], [ -48.82826435666427, -26.126900611398103 ], [ -48.828529946704791, -26.126993925981068 ], [ -48.82895886473824, -26.127291149872679 ], [ -48.829159859500912, -26.126713114495558 ], [ -48.829268686104413, -26.126717431313917 ], [ -48.82944024039935, -26.12694883769063 ], [ -48.828985364107588, -26.127322668045533 ], [ -48.828213241531387, -26.126878256778799 ], [ -48.829263574131602, -26.123590685924569 ], [ -48.82824450330574, -26.123215006147259 ], [ -48.828198296324658, -26.121994403888898 ], [ -48.822709197243746, -26.120294694114168 ], [ -48.821136821322455, -26.12622573350092 ], [ -48.817104521314086, -26.129423709881582 ], [ -48.819618278496343, -26.131335100248734 ], [ -48.821045147607478, -26.131065474035573 ], [ -48.822301668142558, -26.13140221704656 ], [ -48.822759241751605, -26.133762277931414 ], [ -48.826664827638595, -26.133453394985956 ], [ -48.827406879504757, -26.133805888843415 ], [ -48.828213237907953, -26.13462451321347 ], [ -48.828851511450388, -26.134384979551431 ], [ -48.829324337507877, -26.13455209190591 ], [ -48.830303354320797, -26.136046222195699 ], [ -48.830228115200363, -26.136314877813216 ], [ -48.830034380237699, -26.13648719488873 ], [ -48.830615042357202, -26.136781515324031 ], [ -48.830743313044344, -26.136996690375611 ], [ -48.831051213835927, -26.137025492910428 ], [ -48.831409815782877, -26.137265976290475 ], [ -48.831438886477422, -26.137566473557417 ], [ -48.832016228370755, -26.137621006935937 ], [ -48.832261938196268, -26.137764454009602 ], [ -48.832937825772142, -26.138657399320071 ], [ -48.829964196882919, -26.13652285582824 ], [ -48.830257513459657, -26.136057889625118 ], [ -48.829114527444631, -26.134516525774266 ], [ -48.828164083999056, -26.134664476139257 ], [ -48.826531738333294, -26.133557967593447 ], [ -48.822752843375021, -26.133971125627806 ], [ -48.822244109471576, -26.133616592573183 ], [ -48.82213937546549, -26.131588010170027 ], [ -48.819466176313917, -26.131616609971669 ], [ -48.818151350855395, -26.132349406450842 ], [ -48.818176774700618, -26.132888110850054 ], [ -48.820609949499591, -26.133218493230725 ], [ -48.821250258836429, -26.13571002988397 ], [ -48.822287927241064, -26.135969403423669 ], [ -48.822301172684234, -26.136190624360541 ], [ -48.821994990451572, -26.136421965366917 ], [ -48.822444491937247, -26.13672890176608 ], [ -48.822375896892851, -26.13731595396381 ], [ -48.82329314031891, -26.137792894426006 ], [ -48.823937216962193, -26.138410622130149 ], [ -48.822277069155255, -26.137336061718123 ], [ -48.821923963625828, -26.136432379151486 ], [ -48.822074406628523, -26.135957921794255 ], [ -48.821423938014277, -26.135950396760297 ], [ -48.821221897421339, -26.136845791700793 ], [ -48.819457839692149, -26.137276580416231 ], [ -48.819334254201429, -26.138145777508182 ], [ -48.819258555844655, -26.137248773235545 ], [ -48.821282518076188, -26.136175273022548 ], [ -48.820309510559106, -26.133533782541246 ], [ -48.818788971912653, -26.133461237400908 ], [ -48.818356688526201, -26.134510440152564 ], [ -48.816952915614294, -26.135344821027189 ], [ -48.817407492513759, -26.136476241757844 ], [ -48.816719678939414, -26.137135125004978 ], [ -48.81739520156345, -26.137516673626582 ], [ -48.817909056476438, -26.138367553497815 ], [ -48.817786406750876, -26.138677437601547 ], [ -48.816916147109012, -26.138701376514714 ], [ -48.817298253753343, -26.138770928899049 ], [ -48.817459744880267, -26.138914546530398 ], [ -48.817960322318612, -26.140528685231189 ], [ -48.818353994319665, -26.140458258197654 ], [ -48.818598231562312, -26.140577944817686 ], [ -48.818729007481643, -26.14082827376853 ], [ -48.81874700102091, -26.141237894017809 ], [ -48.819128417630722, -26.140987567702414 ], [ -48.819245334545975, -26.141034915983422 ], [ -48.819324259005874, -26.141220498052462 ], [ -48.818783129656232, -26.141324300479937 ], [ -48.817891419827141, -26.140548714310935 ], [ -48.817343623872532, -26.138879933346718 ], [ -48.81682135099642, -26.138768469488134 ], [ -48.816897073681524, -26.138614006118686 ], [ -48.817654166674878, -26.138636368979839 ], [ -48.817812915319081, -26.138374961804178 ], [ -48.816618783695858, -26.137192368727593 ], [ -48.8168047219825, -26.136699040111168 ], [ -48.815983647412246, -26.136918466046634 ], [ -48.815531279500291, -26.136561793203775 ], [ -48.815548711707038, -26.136255550228462 ], [ -48.81618427093715, -26.135212851550207 ], [ -48.816709964064906, -26.13475037520405 ], [ -48.8161656847129, -26.134217056652233 ], [ -48.812940066278905, -26.13482304586536 ], [ -48.813234669400515, -26.135690570457836 ], [ -48.813196702295485, -26.136657352948351 ], [ -48.813497352834773, -26.137287033260119 ], [ -48.81346699966592, -26.137882183345038 ], [ -48.813995080909521, -26.138062430533726 ], [ -48.814135744271375, -26.138205170531631 ], [ -48.814088663761687, -26.139048010276987 ], [ -48.814002841038594, -26.13812906367351 ], [ -48.813371880821514, -26.137866514821845 ], [ -48.812668706407905, -26.134805327164138 ], [ -48.809654236381085, -26.135023964493907 ], [ -48.808049882273451, -26.134350893560462 ], [ -48.807583488093236, -26.133351101466641 ], [ -48.807860675704866, -26.131038022186218 ], [ -48.801837867883137, -26.130836689717039 ], [ -48.799817623798297, -26.131472491757755 ], [ -48.795464778726277, -26.139535906762578 ], [ -48.791894834236118, -26.150396843258637 ], [ -48.794211417971198, -26.15116685627553 ], [ -48.796975145896077, -26.149914362560434 ], [ -48.797664209298254, -26.148781228092112 ], [ -48.797105507261719, -26.150379345192803 ], [ -48.798156247846883, -26.1506719618991 ], [ -48.801057771932385, -26.149196071371666 ], [ -48.801295504201981, -26.146038668708773 ], [ -48.79874744833112, -26.143744769784821 ], [ -48.799102372528267, -26.142942100584992 ], [ -48.801184392360497, -26.141889697268436 ], [ -48.800548715936849, -26.140615896825441 ], [ -48.801612418367696, -26.140928477672411 ], [ -48.801274490131682, -26.142006649205829 ], [ -48.798912477391767, -26.143739721775265 ], [ -48.801501070489323, -26.145816397159422 ], [ -48.801647717023229, -26.144358817943964 ], [ -48.802589057915206, -26.141714046283393 ], [ -48.804288823020919, -26.142108639995936 ], [ -48.805579615309171, -26.143175336054089 ], [ -48.806394242787469, -26.142644989339775 ], [ -48.80551395614664, -26.143248995250698 ], [ -48.802643135414712, -26.14184672092847 ], [ -48.801897214762143, -26.144377248194797 ], [ -48.801814514375074, -26.148797089313213 ], [ -48.802770043358301, -26.14739983986486 ], [ -48.805005936293199, -26.147440506034759 ], [ -48.805307623655949, -26.1476902887972 ], [ -48.802788100497509, -26.1474868116076 ], [ -48.802287983675548, -26.148612815926764 ], [ -48.800932627488379, -26.149770441422188 ], [ -48.795773308457349, -26.152489694562149 ], [ -48.792955958830248, -26.154747470708752 ], [ -48.795993567774985, -26.157835386344704 ], [ -48.796835432299083, -26.157329266835969 ], [ -48.79755331385546, -26.155494630478596 ], [ -48.801133416050511, -26.154537209390906 ], [ -48.801920539498639, -26.154842458507073 ], [ -48.802979151301621, -26.157361976902546 ], [ -48.805507976581517, -26.155794518608388 ], [ -48.806272070973186, -26.155689799724783 ], [ -48.807436750033254, -26.157299128186757 ], [ -48.809798612986306, -26.156584040227454 ], [ -48.810720971720244, -26.157580692489631 ], [ -48.812033698693327, -26.157480578722673 ], [ -48.811743601000359, -26.157636980083804 ], [ -48.810547511023451, -26.157585249423775 ], [ -48.811218554400561, -26.159284490570506 ], [ -48.81179827756678, -26.159824929435622 ], [ -48.81234125086182, -26.159733439131081 ], [ -48.813772610585431, -26.16012156900598 ], [ -48.814324856156745, -26.159915359247439 ], [ -48.814552120563988, -26.159976844793214 ], [ -48.814580763741994, -26.160166463871118 ], [ -48.81478117448065, -26.160399232088437 ], [ -48.814787365824095, -26.160521848858188 ], [ -48.814500828970132, -26.160768109082795 ], [ -48.815476440364435, -26.161175707324443 ], [ -48.815661786183718, -26.16145463749536 ], [ -48.816904552298318, -26.165804640100703 ], [ -48.815650000677238, -26.161590835763352 ], [ -48.814441415255693, -26.160759703030092 ], [ -48.814503673767014, -26.159994131552299 ], [ -48.813912477989163, -26.16016080489376 ], [ -48.813483716389563, -26.160150786709217 ], [ -48.811907746462452, -26.159978469314279 ], [ -48.811472875276749, -26.159740029705713 ], [ -48.810352671466234, -26.158055249096073 ], [ -48.809884072926032, -26.156784210651196 ], [ -48.807732570038354, -26.157593833729145 ], [ -48.807917999202139, -26.159759397845008 ], [ -48.80757859389162, -26.157702122551282 ], [ -48.806116162016508, -26.155943996002978 ], [ -48.803154213883147, -26.15765723995198 ], [ -48.802349483876348, -26.157237855745382 ], [ -48.801433968373125, -26.154857355631712 ], [ -48.797650032836991, -26.155883694852829 ], [ -48.797214726157939, -26.157321605494619 ], [ -48.796196818716197, -26.158196047350732 ], [ -48.801831634241687, -26.161142436701059 ], [ -48.803023788390945, -26.162433239208529 ], [ -48.804419671908335, -26.162061743233398 ], [ -48.800193602442704, -26.164155239934733 ], [ -48.799990020065813, -26.164896731275807 ], [ -48.800564515255566, -26.1654168283319 ], [ -48.80195702675249, -26.165409562572975 ], [ -48.804079264364219, -26.166363173493732 ], [ -48.806869364587477, -26.170080642501713 ], [ -48.804087150790195, -26.166565524420346 ], [ -48.802142011893643, -26.165618591276509 ], [ -48.800671268977055, -26.165720344952579 ], [ -48.802732049512741, -26.167644745032902 ], [ -48.802780820752957, -26.170493192621752 ], [ -48.801640197618198, -26.172479004726128 ], [ -48.803031996971768, -26.17366878195071 ], [ -48.803000501811717, -26.174441789765449 ], [ -48.801681422540575, -26.176226545065255 ], [ -48.800686759031208, -26.176473976250655 ], [ -48.800287270998403, -26.177539573186429 ], [ -48.803137407751741, -26.179855106337236 ], [ -48.803154378563661, -26.180324190705566 ], [ -48.802821316224346, -26.180845272188993 ], [ -48.801921180390131, -26.180855086827108 ], [ -48.802265693457393, -26.181281796765596 ], [ -48.80209431069234, -26.181551452091693 ], [ -48.801770626093955, -26.181587202384119 ], [ -48.802405125310081, -26.182632121981957 ], [ -48.802271407091666, -26.182957733566798 ], [ -48.802780255137307, -26.182938868953205 ], [ -48.802990725960463, -26.183108202545153 ], [ -48.802320912392744, -26.183062464227906 ], [ -48.802196724282382, -26.182976410824761 ], [ -48.80204524257308, -26.182066127989515 ], [ -48.801711804702535, -26.181641285344124 ], [ -48.80178260722893, -26.181468502757415 ], [ -48.802178454948319, -26.181281758209842 ], [ -48.80181546017095, -26.180851335959563 ], [ -48.80277200603939, -26.180810774304781 ], [ -48.803025707615184, -26.179790934667633 ], [ -48.80024939686362, -26.177808200868036 ], [ -48.800453167390444, -26.176141176696692 ], [ -48.79944032325411, -26.17589504810341 ], [ -48.79854782229804, -26.174738082106256 ], [ -48.796448933466124, -26.173685257955018 ], [ -48.796819542614465, -26.1732794247561 ], [ -48.799121388748681, -26.172855443637438 ], [ -48.799940243610287, -26.171951277418511 ], [ -48.798539730798574, -26.171522503266587 ], [ -48.797341960145083, -26.170442935246086 ], [ -48.797702292219583, -26.168160954842303 ], [ -48.79610279055062, -26.168364169033392 ], [ -48.795152589560132, -26.167776786018564 ], [ -48.794908908399663, -26.166896694219741 ], [ -48.795993835566755, -26.165279423899683 ], [ -48.79444997597129, -26.16492310506694 ], [ -48.793093510623841, -26.162644179559276 ], [ -48.79178719436878, -26.161967326144392 ], [ -48.788061574178705, -26.162391901385007 ], [ -48.78686594628919, -26.160066366142729 ], [ -48.783278314900556, -26.164531490996666 ], [ -48.784045746539356, -26.164960799354812 ], [ -48.784914740840165, -26.166486928894059 ], [ -48.787040933990667, -26.166524179810057 ], [ -48.786376300111435, -26.167729388485913 ], [ -48.7901671768808, -26.16913703009779 ], [ -48.790267674822971, -26.169758639099552 ], [ -48.788777663622099, -26.172424433653831 ], [ -48.790925564494778, -26.172539966250305 ], [ -48.791557142707454, -26.171017962039496 ], [ -48.791116644340377, -26.172614482936591 ], [ -48.788746927754751, -26.172637297262451 ], [ -48.788645462568184, -26.172081817160311 ], [ -48.790091404433888, -26.169357275037083 ], [ -48.786322997282106, -26.167948086871494 ], [ -48.786106116232155, -26.167438253570662 ], [ -48.786662812692725, -26.166629315343712 ], [ -48.784842665279264, -26.166712262064586 ], [ -48.783146475684475, -26.164865549872147 ], [ -48.781331417255139, -26.167642097104196 ], [ -48.782764034955179, -26.170962219971916 ], [ -48.782611833710185, -26.17133525186215 ], [ -48.781901617754606, -26.171559181117537 ], [ -48.781806410350342, -26.172991265230308 ], [ -48.782543699623247, -26.174443732477073 ], [ -48.782750526359294, -26.176317610224952 ], [ -48.783054958146117, -26.175531393023157 ], [ -48.783597909097985, -26.175029681078303 ], [ -48.784169721476466, -26.17481283336932 ], [ -48.784252628888019, -26.175240604275274 ], [ -48.783627225835495, -26.175100026068169 ], [ -48.782803871389014, -26.1764282092768 ], [ -48.782242490985908, -26.175467680795791 ], [ -48.78162478168354, -26.171997573582082 ], [ -48.781797465322533, -26.171442188340627 ], [ -48.782633875359949, -26.170955640165047 ], [ -48.781200513495136, -26.168270713243995 ], [ -48.77556838514603, -26.177612360285803 ], [ -48.773337679225264, -26.179881838451763 ], [ -48.773690916824727, -26.180699146039782 ], [ -48.77304688343893, -26.181799351759103 ], [ -48.773672623492814, -26.182266930726605 ], [ -48.774792367201634, -26.18112963479194 ], [ -48.775144354952367, -26.181143624445397 ], [ -48.776306488513079, -26.181898583177677 ], [ -48.777561966337608, -26.181388860815286 ], [ -48.777847941283611, -26.180488956588572 ], [ -48.776405763776665, -26.179897838931478 ], [ -48.775983274627478, -26.179425908604568 ], [ -48.776935591187005, -26.177054128867272 ], [ -48.777979815758016, -26.176216424538776 ], [ -48.778465520450794, -26.176315317044494 ], [ -48.778665605119855, -26.176623209093346 ], [ -48.778102958684883, -26.178423028779395 ], [ -48.779479967205539, -26.179579543399427 ], [ -48.77971136671664, -26.18033243812684 ], [ -48.781465639718313, -26.179652234498668 ], [ -48.781154343686616, -26.179248949803544 ], [ -48.779949328495377, -26.178982497996934 ], [ -48.779560141729391, -26.17863271331003 ], [ -48.779451090512019, -26.17792670606773 ], [ -48.780202317306241, -26.177202629456296 ], [ -48.779589871717974, -26.17849554641996 ], [ -48.781399060265585, -26.179292537187735 ], [ -48.78151748249433, -26.179809506830313 ], [ -48.779653861029246, -26.180394313659036 ], [ -48.778008377564966, -26.17847485070682 ], [ -48.77857470769262, -26.176728566056692 ], [ -48.778048364028244, -26.176320171342851 ], [ -48.776105695511987, -26.179322239429624 ], [ -48.777961053261933, -26.180460562376879 ], [ -48.777895875363939, -26.181041033462851 ], [ -48.777428332822304, -26.181671527682681 ], [ -48.776078391856444, -26.181978789693673 ], [ -48.774973731581902, -26.181235561305868 ], [ -48.773805954332879, -26.182349349539098 ], [ -48.773378356336544, -26.182384896425454 ], [ -48.772868062142784, -26.181708928226733 ], [ -48.773575468570165, -26.180475322557747 ], [ -48.773045619023179, -26.18004249759225 ], [ -48.7696535857757, -26.183769733344768 ], [ -48.770964416939343, -26.183520049557281 ], [ -48.771943609199674, -26.184784692083181 ], [ -48.771662914943953, -26.185394621928502 ], [ -48.770757410577133, -26.18554055385707 ], [ -48.769574655357324, -26.185292620201771 ], [ -48.770451300798328, -26.187559091193037 ], [ -48.772073036312875, -26.187943204368548 ], [ -48.772454089491838, -26.188607277075846 ], [ -48.77402576385844, -26.188324845116739 ], [ -48.774543726679404, -26.188591657933017 ], [ -48.774697622699932, -26.188277563940389 ], [ -48.775377359041777, -26.188294561500886 ], [ -48.776249576068437, -26.188597389475284 ], [ -48.776170206812978, -26.189224410815854 ], [ -48.77619581426854, -26.188692617832071 ], [ -48.775206934552259, -26.188344621285292 ], [ -48.774725067733272, -26.18891926227661 ], [ -48.774116153722105, -26.188439690187749 ], [ -48.772456619031416, -26.188715128632101 ], [ -48.772013771271808, -26.188076191198626 ], [ -48.771215158829435, -26.188126261063282 ], [ -48.770116420838129, -26.187364017372296 ], [ -48.769431904214898, -26.185234734109482 ], [ -48.771758617656346, -26.185048917852264 ], [ -48.770880934452933, -26.183627662116251 ], [ -48.768620749804903, -26.184683764977578 ], [ -48.766020217877085, -26.187362749808926 ], [ -48.76210932867393, -26.194381215243322 ], [ -48.760457010366721, -26.199055411277975 ], [ -48.761813802751242, -26.202569664334778 ], [ -48.76269834066791, -26.201209741396269 ], [ -48.762698341160885, -26.199328151542559 ], [ -48.762009954323517, -26.198456194988267 ], [ -48.765635457067297, -26.196666389088776 ], [ -48.767104015160257, -26.196620498173804 ], [ -48.768067755804665, -26.194738907614553 ], [ -48.768021864187396, -26.193224457459813 ], [ -48.769169174650138, -26.191847683803502 ], [ -48.770637733166936, -26.192168931246414 ], [ -48.771096656450126, -26.189644846876156 ], [ -48.773850203545869, -26.189461276824275 ], [ -48.774584482777776, -26.190746266093218 ], [ -48.776374287770295, -26.191159297321654 ], [ -48.779127834206285, -26.190608587464169 ], [ -48.779265510644365, -26.189782523309059 ], [ -48.778255877986439, -26.189415384938073 ], [ -48.779036048744508, -26.185835774388707 ], [ -48.783487615927363, -26.182852765632454 ], [ -48.786929549528701, -26.184458999872231 ], [ -48.787847398281095, -26.183082227771845 ], [ -48.792849674018882, -26.181154745171632 ], [ -48.795098402271286, -26.185514526785905 ], [ -48.796566960843208, -26.184963817334648 ], [ -48.800926743595646, -26.187763257111772 ], [ -48.800834957206384, -26.189874308523155 ], [ -48.804460461299939, -26.189323599784196 ], [ -48.805561879852995, -26.189736632073341 ], [ -48.806204374365301, -26.192214823672892 ], [ -48.811436111805435, -26.191893576635437 ], [ -48.812491638311286, -26.192857317730791 ], [ -48.814281443055563, -26.192811424352406 ], [ -48.814510905753806, -26.186386483814328 ], [ -48.815750001210773, -26.186386483877644 ], [ -48.815795893700198, -26.188681105737459 ], [ -48.817448020599976, -26.18808450385454 ], [ -48.817631591556001, -26.183632937304083 ], [ -48.818549440573335, -26.181521884725218 ], [ -48.820889953434168, -26.182026701965658 ], [ -48.821348878723683, -26.181017067769062 ], [ -48.823001007023414, -26.180971175720913 ], [ -48.824240102770631, -26.180191003578447 ], [ -48.825892230436828, -26.179915649516847 ], [ -48.826580617239593, -26.180604035681061 ], [ -48.827957390057513, -26.179181370550641 ], [ -48.832408956854259, -26.178997800866203 ], [ -48.83337269877925, -26.174959265627578 ], [ -48.835116611614382, -26.175326405812179 ], [ -48.836860523236346, -26.17436266380237 ], [ -48.838420867231179, -26.174224987026683 ], [ -48.839430499850302, -26.175877114314819 ], [ -48.843836173188578, -26.17725388768455 ], [ -48.843790282232952, -26.180466359158888 ], [ -48.842459401713391, -26.180787605639562 ], [ -48.842413509096559, -26.181843131571515 ], [ -48.843239572812841, -26.182439733467103 ], [ -48.842872433246875, -26.183724721821527 ], [ -48.844019743753485, -26.184550785748531 ], [ -48.844799915588659, -26.186937192478663 ], [ -48.846681505883772, -26.186570052237379 ], [ -48.850398793876074, -26.184091861540708 ], [ -48.851683781497449, -26.184780247520102 ], [ -48.853932510913381, -26.184137753944835 ], [ -48.854804467774436, -26.184780247769307 ], [ -48.855859993923801, -26.18422953876858 ], [ -48.858613540122384, -26.184780247823731 ], [ -48.859256034055797, -26.185468634537092 ], [ -48.862055472893758, -26.185147387830572 ], [ -48.863707601310509, -26.185835774082655 ], [ -48.865956330180651, -26.184596679267557 ], [ -48.86834273778787, -26.185514526560418 ], [ -48.868342737750133, -26.186340591833844 ], [ -48.871188069207577, -26.184917926216368 ], [ -48.872656627085206, -26.185789881396303 ], [ -48.873987506216707, -26.185101494609359 ], [ -48.877245870976637, -26.187166654949813 ], [ -48.879815847537373, -26.186524160860827 ], [ -48.881192621326093, -26.184596679484439 ], [ -48.882339932278981, -26.186707730278656 ], [ -48.884726337650761, -26.18716665480569 ], [ -48.885644186771238, -26.18675362262573 ], [ -48.884955801330037, -26.182302056456919 ], [ -48.886745605768432, -26.180741713668944 ], [ -48.889912184076231, -26.181200637850118 ], [ -48.891013602284922, -26.182164379163599 ], [ -48.891564312326267, -26.183816506413908 ], [ -48.894180181051993, -26.182806873085649 ], [ -48.89601587855357, -26.183449367693438 ], [ -48.896245340650452, -26.184183646450411 ], [ -48.897622114456887, -26.184229539324981 ], [ -48.898539962759862, -26.183082227812694 ], [ -48.901981895735972, -26.183403475253971 ], [ -48.904322409975748, -26.182485626215147 ], [ -48.904689549157993, -26.183403474845019 ], [ -48.906066323428334, -26.183954184046794 ], [ -48.909921287864407, -26.184459000062102 ], [ -48.909187009744052, -26.186432376504591 ], [ -48.914005715103585, -26.185422741300297 ], [ -48.915153026905237, -26.184504893262076 ], [ -48.916896938402466, -26.186570052809014 ], [ -48.919053882286889, -26.186570052764324 ], [ -48.920706010981306, -26.184963817801261 ], [ -48.922404032865046, -26.184550785646902 ], [ -48.923643127537893, -26.183265798022362 ], [ -48.923964375472337, -26.181384207802978 ], [ -48.923413665291264, -26.179777971799652 ], [ -48.924056159219468, -26.178768338728453 ], [ -48.92341366521903, -26.177804596960318 ], [ -48.924928116094911, -26.175877114503681 ], [ -48.924744545779227, -26.174638018812114 ], [ -48.92570828697054, -26.173811954668786 ], [ -48.925983641345134, -26.172389289661592 ], [ -48.927406307895083, -26.171379655568032 ], [ -48.927130953589469, -26.170186450889634 ], [ -48.929242004798319, -26.168121293427472 ], [ -48.928691296482782, -26.16679041165559 ], [ -48.930618777919982, -26.166423271692036 ], [ -48.930664670321569, -26.164679359681919 ], [ -48.92960914468047, -26.164036864431949 ], [ -48.928737188308247, -26.161283318503443 ], [ -48.929104327466028, -26.159493514132333 ], [ -48.93185787407802, -26.156097472454874 ], [ -48.930664669954425, -26.151829475639818 ], [ -48.927957016901154, -26.151462336953145 ], [ -48.928186478421658, -26.147607372054935 ], [ -48.929379682144138, -26.145725781131425 ], [ -48.934703205059272, -26.142559203592072 ], [ -48.938145137064673, -26.142559203499161 ], [ -48.93869584825233, -26.143477051662344 ], [ -48.940439760545729, -26.144257223989264 ], [ -48.943744015657607, -26.144165438772301 ], [ -48.946130423289155, -26.142880451460325 ], [ -48.947002378105424, -26.143155805244842 ], [ -48.947920228407106, -26.142054386620874 ], [ -48.94975592549639, -26.141320108231788 ], [ -48.952968396732629, -26.141274214527936 ], [ -48.955859620149674, -26.139117270646999 ], [ -48.959301552343845, -26.138291206254998 ], [ -48.960448864272145, -26.136317831744343 ], [ -48.96375311982267, -26.135445874749539 ], [ -48.964166151293178, -26.134298564338771 ], [ -48.962835271462765, -26.133105360757625 ], [ -48.963615442798016, -26.131269662287977 ], [ -48.964579184086269, -26.131361447419458 ], [ -48.965221677784555, -26.130122351955759 ], [ -48.967195053323984, -26.130489492237924 ], [ -48.967699868918999, -26.130030566851481 ], [ -48.97013216962403, -26.125762570985469 ], [ -48.96884718171701, -26.123146701875498 ], [ -48.9718301896675, -26.122412421880494 ], [ -48.97270214602473, -26.121035648682454 ], [ -48.972380899313357, -26.116905329347304 ], [ -48.97329874716992, -26.11497784664806 ], [ -48.975134444738217, -26.114610707440516 ], [ -48.975501584889351, -26.113188042721177 ], [ -48.974537842631833, -26.111627698913928 ], [ -48.973252855246066, -26.111122882363158 ], [ -48.975960509233509, -26.108782367638909 ], [ -48.976924250282984, -26.10873647441904 ], [ -48.976281755870211, -26.107726841522474 ], [ -48.97784209845387, -26.105937036140823 ], [ -48.976373540573896, -26.10478972621063 ], [ -48.977658529420246, -26.103688307022061 ], [ -48.976878358104649, -26.103045813264917 ], [ -48.977245496606862, -26.100980652903413 ], [ -48.978668162411225, -26.098227106732601 ], [ -48.978255131324232, -26.096620870750659 ], [ -48.976419433299498, -26.09446392626668 ], [ -48.97655711094864, -26.090700745956624 ], [ -48.973849457152639, -26.084000450045149 ], [ -48.973849456692072, -26.081751720848352 ], [ -48.972013759192528, -26.07991602303095 ], [ -48.970407523390961, -26.076152843188034 ], [ -48.97150894159541, -26.074317144708758 ], [ -48.972793931163125, -26.074592500179055 ], [ -48.97265625330401, -26.072894479587347 ], [ -48.97430838116351, -26.072022522358683 ], [ -48.975409800156122, -26.067708634015691 ], [ -48.973252855835973, -26.066194183823072 ], [ -48.971554834792812, -26.062660466207273 ], [ -48.968847181348082, -26.062293326258839 ], [ -48.966919699036275, -26.063119389831574 ], [ -48.966001849512935, -26.062660465741693 ], [ -48.966001850027482, -26.061604939615002 ], [ -48.963844905290955, -26.061742616621466 ], [ -48.961183142498555, -26.059585671173615 ], [ -48.958613167590613, -26.059861026834231 ], [ -48.957832994772573, -26.058713715772811 ], [ -48.957787103012144, -26.05664855541848 ], [ -48.956318545476769, -26.055776599302831 ], [ -48.955951405245351, -26.054078578558954 ], [ -48.95191287028377, -26.052472343410326 ], [ -48.950306635445891, -26.052747699120047 ], [ -48.946910594164336, -26.049168087460558 ], [ -48.944478294203762, -26.04948933491811 ], [ -48.943927585240736, -26.050177722111457 ], [ -48.943285092193548, -26.048571487248893 ], [ -48.942183672951941, -26.048663272399029 ], [ -48.939613696925093, -26.046506326945167 ], [ -48.938925310281576, -26.046552218884234 ], [ -48.937364966233901, -26.043890457504236 ], [ -48.935024453156103, -26.046047402062257 ], [ -48.933647679694793, -26.045404907701069 ], [ -48.932133229537882, -26.045680262346906 ], [ -48.931398950230061, -26.042467791864283 ], [ -48.9282782648541, -26.039714245575741 ], [ -48.926580243625622, -26.039851922405251 ], [ -48.924882223244758, -26.039071751696852 ], [ -48.923551342984887, -26.040127277948432 ], [ -48.920568333466555, -26.040769772152256 ], [ -48.919375131517022, -26.040173169427135 ], [ -48.918870313358504, -26.040769771840278 ], [ -48.91730997126087, -26.040861556144904 ], [ -48.916483907395566, -26.040127278067729 ], [ -48.914510531435603, -26.039897814053607 ], [ -48.908177375024167, -26.04292671640874 ], [ -48.90510258238406, -26.040861556432702 ], [ -48.903725808956004, -26.040815664048957 ], [ -48.902257250392033, -26.039163535633215 ], [ -48.89977905830257, -26.038612826653583 ], [ -48.898310501001873, -26.036409989944708 ], [ -48.897163189494563, -26.036088743107161 ], [ -48.895373384728252, -26.032968056593159 ], [ -48.893445901842057, -26.032371455152258 ], [ -48.892711622916643, -26.031224143642383 ], [ -48.89110538784702, -26.030398079892375 ], [ -48.888902550140251, -26.029985047707427 ], [ -48.888489518273389, -26.027369179482292 ], [ -48.887479884480072, -26.026359546112406 ], [ -48.88183511427458, -26.025441696332056 ], [ -48.87651159156318, -26.023468321482099 ], [ -48.872289487150688, -26.022917612564161 ], [ -48.871601100875317, -26.022275118491489 ], [ -48.869031124081047, -26.023376536795492 ], [ -48.86457955714679, -26.02323886065783 ], [ -48.862606182229108, -26.023973138271959 ], [ -48.859944421825048, -26.023238860490817 ], [ -48.857879261862578, -26.023560106806492 ], [ -48.854253758174004, -26.021953871289234 ], [ -48.850720039932575, -26.021907978938497 ], [ -48.848838449940224, -26.024615632871622 ], [ -48.845947226376339, -26.024386171533809 ], [ -48.845121163911251, -26.025258127235485 ], [ -48.842872432711005, -26.025671158383208 ], [ -48.841082627576057, -26.024294386550419 ], [ -48.839614069255163, -26.024936880265919 ], [ -48.838650328824748, -26.023376536615711 ], [ -48.836493384538571, -26.022596365362233 ], [ -48.834474116920653, -26.020072280834118 ], [ -48.831445215123431, -26.020072281236367 ], [ -48.82993076471422, -26.021036022930236 ], [ -48.828508099575544, -26.020944237994573 ], [ -48.827314895352472, -26.020164065768565 ], [ -48.825066167067206, -26.015941961879644 ], [ -48.821302986229213, -26.015666606535799 ], [ -48.820339245007098, -26.015941961991441 ], [ -48.819742643138213, -26.017961228916235 ], [ -48.812904670118172, -26.020485313329338 ], [ -48.812216283823105, -26.02328475191602 ], [ -48.813684840958224, -26.023835461017978 ], [ -48.81363894879302, -26.030398079416347 ], [ -48.812216283761011, -26.032371454594475 ], [ -48.809508629250999, -26.031178252080299 ], [ -48.808636673341304, -26.031683068481883 ], [ -48.808085963993221, -26.033105734490658 ], [ -48.804230998567398, -26.031499498697524 ], [ -48.803772073725568, -26.030076833123619 ], [ -48.801844592506498, -26.030719326330843 ], [ -48.799549970577218, -26.030122725975087 ], [ -48.797255348725685, -26.03159128406627 ], [ -48.794685370843318, -26.032096100879617 ], [ -48.793492167270976, -26.033289303395627 ], [ -48.789637202697214, -26.033243412325216 ], [ -48.78904060135882, -26.03273859500792 ], [ -48.787801505104788, -26.033197518964645 ], [ -48.787067225441369, -26.034253045204672 ], [ -48.786929549263107, -26.036731236929477 ], [ -48.789086494088927, -26.037603193124575 ], [ -48.790738620862037, -26.039530675758623 ], [ -48.790922191398174, -26.040907449213531 ], [ -48.79340038285423, -26.043982243045232 ], [ -48.792941458928077, -26.044441166802006 ], [ -48.793813415720059, -26.046460433903263 ], [ -48.793354491552918, -26.048800948410669 ], [ -48.795281973409587, -26.050407183198761 ], [ -48.796979992884559, -26.050682539125603 ], [ -48.797025886489699, -26.051829849660621 ], [ -48.795878574926327, -26.051967527200755 ], [ -48.794318231906566, -26.053849117087683 ], [ -48.791977717808734, -26.053390193001359 ], [ -48.791289330135129, -26.051554494427247 ], [ -48.789866664916289, -26.050866108734375 ], [ -48.79027969661, -26.047745422592762 ], [ -48.789591309282855, -26.044074027173469 ], [ -48.788581676962465, -26.043844565482772 ], [ -48.787434366272628, -26.044808306960832 ], [ -48.782982799611396, -26.044624736004074 ], [ -48.781789595535685, -26.045772048076223 ], [ -48.782202628355314, -26.046827573593863 ], [ -48.781560133193082, -26.048755056147247 ], [ -48.78220262806564, -26.048800948956277 ], [ -48.782432090251731, -26.049581120003225 ], [ -48.780871747085129, -26.050498968277321 ], [ -48.778990157239633, -26.053436085240094 ], [ -48.780963532485231, -26.054721073592017 ], [ -48.78156013274544, -26.056464986379488 ], [ -48.781606026506033, -26.057933543928552 ], [ -48.781009424524228, -26.058667823349509 ], [ -48.782432090674227, -26.059952811971112 ], [ -48.781468349306031, -26.061972079397762 ], [ -48.780596392064794, -26.061283692207859 ], [ -48.77931140419637, -26.061742617327496 ], [ -48.778026415934363, -26.060870660755924 ], [ -48.775685901165616, -26.061696723612002 ], [ -48.77302414006418, -26.060228165596456 ], [ -48.772014506280129, -26.060319950888029 ], [ -48.771280226180487, -26.06155904636795 ], [ -48.769903454406666, -26.061650831113859 ], [ -48.768251326460096, -26.066056505819468 ], [ -48.768297218190078, -26.067616849499366 ], [ -48.769077389204966, -26.068580590052644 ], [ -48.769123281448287, -26.070829319937566 ], [ -48.77160147438223, -26.071655383249528 ], [ -48.771050765225496, -26.075418564255184 ], [ -48.768067755557119, -26.075831595367866 ], [ -48.76467171554863, -26.077896755970656 ], [ -48.764488146084453, -26.080053699434291 ], [ -48.763570297751372, -26.08175172119406 ], [ -48.760633180572526, -26.080787978343604 ], [ -48.75925640763009, -26.082531891691517 ], [ -48.757283033168186, -26.083495633448848 ], [ -48.75544733442004, -26.083403848480749 ], [ -48.754208238683788, -26.086478641447478 ], [ -48.752510219457498, -26.08794719968304 ], [ -48.752739681100643, -26.092444658809704 ], [ -48.751867725121464, -26.093316615508822 ], [ -48.751821832398477, -26.094831065913933 ], [ -48.750858091163536, -26.095703022485377 ], [ -48.750720413985043, -26.096988010777125 ], [ -48.75228075712775, -26.099190847717985 ], [ -48.750582736809932, -26.101072438037288 ], [ -48.750812199456497, -26.102449211119911 ], [ -48.749435425291537, -26.103825984291362 ], [ -48.749114177703717, -26.1070384549426 ], [ -48.747507942449126, -26.108507013115481 ], [ -48.748838824734278, -26.110067355828143 ], [ -48.747783297619833, -26.113968214531059 ], [ -48.7485634686632, -26.115574448469822 ], [ -48.746911340562249, -26.118924596517132 ], [ -48.745993493740151, -26.119245844080769 ], [ -48.745442782358658, -26.12053083174855 ], [ -48.744524933744088, -26.120622617267802 ], [ -48.744387257132551, -26.124294013253618 ], [ -48.74204674343671, -26.125762570310638 ], [ -48.741863172320663, -26.126863988077091 ], [ -48.743423516305953, -26.130076460013942 ], [ -48.746911340806413, -26.133013575820399 ], [ -48.747003126470716, -26.134711595763957 ], [ -48.748792931299292, -26.135354091304151 ], [ -48.748884716083531, -26.136730863760363 ], [ -48.746222954866603, -26.139438517942104 ], [ -48.746039384920437, -26.141733139760024 ], [ -48.74443314971623, -26.142054386245409 ], [ -48.742184420238914, -26.144762041311214 ], [ -48.740807647530168, -26.145037395235203 ], [ -48.740532292468153, -26.144486685923951 ], [ -48.738558916518066, -26.145450426616989 ], [ -48.735897156083226, -26.144716147806662 ], [ -48.732042190721423, -26.145312750012078 ], [ -48.730848986805015, -26.144807932065071 ], [ -48.729059181919887, -26.14857111347802 ], [ -48.727774194288841, -26.148984145142684 ], [ -48.725709033917468, -26.151278766232732 ], [ -48.725663141641306, -26.153068572357345 ], [ -48.726810453245932, -26.156556397180939 ], [ -48.730481847239055, -26.159906545443796 ], [ -48.729564000068322, -26.16256830675022 ], [ -48.731124342701875, -26.163990973223026 ], [ -48.731445589404593, -26.165092392091282 ], [ -48.72956399980955, -26.168580217094902 ], [ -48.727223484706322, -26.167478797790647 ], [ -48.725158324535272, -26.168167184183254 ], [ -48.724928863115444, -26.17055359248441 ], [ -48.723965120594841, -26.171241978129395 ], [ -48.725204217196428, -26.17670317870596 ], [ -48.723597981917351, -26.179732080205039 ], [ -48.726994022515434, -26.18321990543263 ], [ -48.72575492708598, -26.184642570325728 ], [ -48.724148690320334, -26.184963817128793 ], [ -48.721991746063601, -26.188222181067903 ], [ -48.724837078227218, -26.19382105873748 ], [ -48.725938496509791, -26.200429570113531 ], [ -48.723643874092943, -26.201898127959286 ], [ -48.72323084304638, -26.20451399668741 ], [ -48.724515830520623, -26.206992189072416 ], [ -48.725112432511551, -26.20997519760089 ], [ -48.722542455498747, -26.213141775450744 ], [ -48.723001379581532, -26.215665859789667 ], [ -48.726167957755266, -26.220025641662414 ], [ -48.730803094991373, -26.218511191876225 ], [ -48.733051823711278, -26.219337255171812 ], [ -48.734382705878296, -26.221494200015258 ], [ -48.735484124418505, -26.221540092423119 ], [ -48.736585541986351, -26.222228478288539 ] ], [ [ -48.736585542042, -26.222136694113207 ], [ -48.736631435177252, -26.222090801544091 ], [ -48.736631435160881, -26.222136694084458 ], [ -48.736585542042, -26.222136694113207 ] ] ], [ [ [ -48.809170799918938, -26.108169323095865 ], [ -48.808843370930802, -26.107960393257482 ], [ -48.809097839196177, -26.108280901191119 ], [ -48.809170799918938, -26.108169323095865 ] ] ], [ [ [ -48.810834539438339, -26.105049804854623 ], [ -48.811565357157512, -26.10473683161516 ], [ -48.812935986413002, -26.103322603885122 ], [ -48.811324571173685, -26.1038808353393 ], [ -48.810834539438339, -26.105049804854623 ] ] ], [ [ [ -48.805975771324732, -26.100771865096878 ], [ -48.806204994619165, -26.100712667319609 ], [ -48.806480971595775, -26.10045119698345 ], [ -48.805975771324732, -26.100771865096878 ] ] ], [ [ [ -48.805379595046404, -26.098480357477229 ], [ -48.802946009712485, -26.09856252257012 ], [ -48.802991903687513, -26.099168662474121 ], [ -48.805379595046404, -26.098480357477229 ] ] ], [ [ [ -48.809592544903872, -26.097250764656334 ], [ -48.806927452025839, -26.10011172340462 ], [ -48.80953837791396, -26.100157386972374 ], [ -48.81171776534535, -26.097456169250929 ], [ -48.809592544903872, -26.097250764656334 ] ] ], [ [ [ -48.802762441169641, -26.098537125119034 ], [ -48.80276244111252, -26.098548353714012 ], [ -48.802843601020243, -26.098548353942832 ], [ -48.802762441169641, -26.098537125119034 ] ] ], [ [ [ -48.810221622748955, -26.088316978585578 ], [ -48.810704209145257, -26.091977725102492 ], [ -48.810964690169548, -26.091557171253541 ], [ -48.811858456868464, -26.091671300314104 ], [ -48.811537518938721, -26.091407950745598 ], [ -48.81152284322598, -26.091219260981635 ], [ -48.811806539283857, -26.090976787781795 ], [ -48.812329075849028, -26.090951524893303 ], [ -48.811637143187468, -26.091280713106467 ], [ -48.811993216786185, -26.091740351785639 ], [ -48.810831189060409, -26.092104597151355 ], [ -48.8105641072925, -26.091937599865172 ], [ -48.81056342056614, -26.091176827785777 ], [ -48.810155445810729, -26.091217504173528 ], [ -48.810560246901417, -26.093352815009432 ], [ -48.809962005345653, -26.096451692828481 ], [ -48.811710185603026, -26.096787683880478 ], [ -48.814939915565049, -26.092569260727714 ], [ -48.817765867440478, -26.092967019769993 ], [ -48.818307963724294, -26.090827798050586 ], [ -48.820793006599864, -26.088128353291079 ], [ -48.81973917647386, -26.08726757687527 ], [ -48.819650461322347, -26.085515122236384 ], [ -48.814812302579995, -26.086846619757669 ], [ -48.81172236715026, -26.085309581009287 ], [ -48.810827523003411, -26.085916271465052 ], [ -48.810221622748955, -26.088316978585578 ] ] ], [ [ [ -48.822509504288732, -26.090113784136879 ], [ -48.821977423767713, -26.091909820604272 ], [ -48.822694670024426, -26.093443590833829 ], [ -48.823411065763892, -26.092870232761001 ], [ -48.823120806668904, -26.091783977525715 ], [ -48.823913225560297, -26.090766131243335 ], [ -48.824444591014228, -26.090911911954546 ], [ -48.824504169979292, -26.092054173709116 ], [ -48.826578290199961, -26.091597515258137 ], [ -48.825676308803963, -26.091485288193834 ], [ -48.826532034442501, -26.090817898856177 ], [ -48.825595926878314, -26.090675812751918 ], [ -48.826289795633848, -26.089763543620361 ], [ -48.824734950473207, -26.09009539839143 ], [ -48.824187012187387, -26.089716024872487 ], [ -48.824252890746479, -26.088800652713431 ], [ -48.825075780405463, -26.088313678665553 ], [ -48.822464496904054, -26.088529698448426 ], [ -48.822896735347946, -26.087018626011915 ], [ -48.821602780983717, -26.086822818347049 ], [ -48.82085816310564, -26.087720172222525 ], [ -48.82218487954075, -26.088784935 ], [ -48.822509504288732, -26.090113784136879 ] ] ], [ [ [ -48.825973269807086, -26.086257231901701 ], [ -48.827184127714233, -26.086738052270235 ], [ -48.827245629467406, -26.087273118710069 ], [ -48.828148244718577, -26.086697773514757 ], [ -48.827120446687573, -26.086420496852053 ], [ -48.826814644253126, -26.085789020755787 ], [ -48.825973269807086, -26.086257231901701 ] ] ], [ [ [ -48.811043730276751, -26.074333341663088 ], [ -48.811543742525075, -26.074394558051861 ], [ -48.811590450107694, -26.074316241156072 ], [ -48.811043730276751, -26.074333341663088 ] ] ], [ [ [ -48.818926273902683, -26.063034792239556 ], [ -48.819214793354114, -26.06381804846016 ], [ -48.819771974573577, -26.063484805171512 ], [ -48.820224194910928, -26.0635840835617 ], [ -48.820319406304002, -26.064240131686695 ], [ -48.820693199774603, -26.063070926653008 ], [ -48.819787486637715, -26.062611150994979 ], [ -48.818926273902683, -26.063034792239556 ] ] ], [ [ [ -48.809936356078488, -26.05558230485823 ], [ -48.810071168544937, -26.055195919661653 ], [ -48.809848959774769, -26.055579859603736 ], [ -48.809936356078488, -26.05558230485823 ] ] ], [ [ [ -48.809824839524047, -26.054400625386645 ], [ -48.810163634498217, -26.055321328580337 ], [ -48.809862990658566, -26.056381842748415 ], [ -48.810594939864721, -26.056076110288078 ], [ -48.81183494277343, -26.056274220509795 ], [ -48.812065898271371, -26.054506611580393 ], [ -48.809824839524047, -26.054400625386645 ] ] ], [ [ [ -48.808661726195091, -26.05099054010833 ], [ -48.807614853562455, -26.050689328019509 ], [ -48.807988840190887, -26.051214346577872 ], [ -48.807821013792676, -26.051516493445273 ], [ -48.806732145978032, -26.051319198103734 ], [ -48.808494444948494, -26.0521853696983 ], [ -48.808661726195091, -26.05099054010833 ] ] ], [ [ [ -48.796829818007573, -26.173829644409444 ], [ -48.796979337570896, -26.173352063995285 ], [ -48.796594711063463, -26.173624318014028 ], [ -48.796829818007573, -26.173829644409444 ] ] ], [ [ [ -48.788466185390995, -26.162231367258794 ], [ -48.791154232964821, -26.161573062788758 ], [ -48.792998235281289, -26.162194355265111 ], [ -48.792669206827746, -26.160870070469581 ], [ -48.79442565378902, -26.164551730343852 ], [ -48.796211511253013, -26.165216233681402 ], [ -48.795135454848989, -26.166945585500546 ], [ -48.795361855096907, -26.16764021361378 ], [ -48.797972933189712, -26.168102762416542 ], [ -48.79766309273289, -26.170549640677574 ], [ -48.800026846922393, -26.171810371492484 ], [ -48.799426952725092, -26.172901719581745 ], [ -48.79735370622921, -26.173288971249221 ], [ -48.797073463984596, -26.173921880326954 ], [ -48.798654687347579, -26.174604167959469 ], [ -48.799915732308612, -26.175875287199201 ], [ -48.801687273150677, -26.175891555375259 ], [ -48.802670664706902, -26.174128726805648 ], [ -48.801358098249786, -26.172399623480025 ], [ -48.802415234930791, -26.170415513628299 ], [ -48.802428944629085, -26.167588721504636 ], [ -48.800768408114799, -26.166671475438598 ], [ -48.799526835717103, -26.164637160006624 ], [ -48.800237115074289, -26.163758491518553 ], [ -48.802412229351248, -26.162823524290999 ], [ -48.802359896630925, -26.162125528781431 ], [ -48.79639867882571, -26.159135347458488 ], [ -48.791396025478889, -26.154985886131705 ], [ -48.790431423337935, -26.155435488835163 ], [ -48.787394751087362, -26.159778607564377 ], [ -48.788466185390995, -26.162231367258794 ] ] ], [ [ [ -48.79450900273762, -26.152884318045349 ], [ -48.796611361321048, -26.151786122356494 ], [ -48.794141268854219, -26.152357891637596 ], [ -48.79450900273762, -26.152884318045349 ] ] ], [ [ [ -48.796608866326039, -26.151099269682749 ], [ -48.797913015924145, -26.150689326428598 ], [ -48.795899226436653, -26.15104272165593 ], [ -48.796608866326039, -26.151099269682749 ] ] ], [ [ [ -48.798036829278864, -26.132214201302045 ], [ -48.797984993283208, -26.132650417360708 ], [ -48.798192490161185, -26.132166432260561 ], [ -48.798036829278864, -26.132214201302045 ] ] ], [ [ [ -48.798397783967346, -26.132645981142943 ], [ -48.798976784600207, -26.132242895328769 ], [ -48.799105811310753, -26.131922483374801 ], [ -48.798397783967346, -26.132645981142943 ] ] ], [ [ [ -48.798437180721969, -26.129322263298729 ], [ -48.797970955452961, -26.1294162176372 ], [ -48.797756141220347, -26.129528165434895 ], [ -48.798069236927553, -26.129531319616756 ], [ -48.798437180721969, -26.129322263298729 ] ] ], [ [ [ -48.797751955922735, -26.129135717437254 ], [ -48.797891988907665, -26.129338593714461 ], [ -48.797933440947801, -26.12915964786842 ], [ -48.797751955922735, -26.129135717437254 ] ] ], [ [ [ -48.798084632535783, -26.129335807201642 ], [ -48.798273689442915, -26.129298578041858 ], [ -48.798115364106508, -26.129277053908488 ], [ -48.798084632535783, -26.129335807201642 ] ] ], [ [ [ -48.799696758724536, -26.129130753815758 ], [ -48.79947360151283, -26.128992574942945 ], [ -48.799101477255178, -26.129220853319971 ], [ -48.799696758724536, -26.129130753815758 ] ] ], [ [ [ -48.797832600201914, -26.129119897947881 ], [ -48.798493551745118, -26.129082725512003 ], [ -48.79779661749923, -26.129061723978534 ], [ -48.797832600201914, -26.129119897947881 ] ] ], [ [ [ -48.797800582809316, -26.128880144913015 ], [ -48.79890637903641, -26.12881232364894 ], [ -48.797938101159779, -26.128366705398264 ], [ -48.797800582809316, -26.128880144913015 ] ] ], [ [ [ -48.798204524550997, -26.127608627832064 ], [ -48.799180004569493, -26.128701765446984 ], [ -48.800475234941054, -26.127516544980413 ], [ -48.799467050144045, -26.127881169477739 ], [ -48.798204524550997, -26.127608627832064 ] ] ], [ [ [ -48.797855018584286, -26.128097417531396 ], [ -48.797971056967619, -26.127905164206204 ], [ -48.797793438634038, -26.128030805480876 ], [ -48.797855018584286, -26.128097417531396 ] ] ], [ [ [ -48.796763240412957, -26.124378722588521 ], [ -48.797497587723761, -26.124153536089811 ], [ -48.797534697192674, -26.123867540219987 ], [ -48.796763240412957, -26.124378722588521 ] ] ], [ [ [ -48.797688163203034, -26.124059512885349 ], [ -48.797668765897569, -26.123912574128809 ], [ -48.797598025004099, -26.124210968704652 ], [ -48.797688163203034, -26.124059512885349 ] ] ], [ [ [ -48.791405767217597, -26.113853715173825 ], [ -48.790492847902847, -26.117301371121965 ], [ -48.791478800410701, -26.120383002651437 ], [ -48.792079955210852, -26.121213876087587 ], [ -48.794878874431596, -26.122232611923419 ], [ -48.793798592364368, -26.115396607077045 ], [ -48.792956083723766, -26.114270106062921 ], [ -48.791405767217597, -26.113853715173825 ] ] ], [ [ [ -48.794458024394622, -26.110094850137713 ], [ -48.794113899804309, -26.108473047060791 ], [ -48.793923528321216, -26.10837184287967 ], [ -48.792895728682055, -26.110161977453011 ], [ -48.794458024394622, -26.110094850137713 ] ] ], [ [ [ -48.795151576609896, -26.101543127411425 ], [ -48.79455107907765, -26.101784476591302 ], [ -48.795297392590861, -26.101655231636272 ], [ -48.795151576609896, -26.101543127411425 ] ] ], [ [ [ -48.795582291911316, -26.100969506469824 ], [ -48.797025886399808, -26.100934760614702 ], [ -48.797693218492057, -26.100631381281136 ], [ -48.797018707886217, -26.100213592605471 ], [ -48.795582291911316, -26.100969506469824 ] ] ], [ [ [ -48.797896172511713, -26.100006162961137 ], [ -48.799412293061415, -26.100373702950524 ], [ -48.800225098153, -26.099649771525375 ], [ -48.797896172511713, -26.100006162961137 ] ] ], [ [ [ -48.798853906172532, -26.09929097673562 ], [ -48.797940533302437, -26.099711661227353 ], [ -48.799097251288664, -26.09933806717849 ], [ -48.798853906172532, -26.09929097673562 ] ] ], [ [ [ -48.800972635217754, -26.099328524990071 ], [ -48.802165839004473, -26.098777815900046 ], [ -48.802489732964652, -26.098548353928479 ], [ -48.799836451087877, -26.0989495650518 ], [ -48.800972635217754, -26.099328524990071 ] ] ], [ [ [ -48.803139295991215, -26.080089630930775 ], [ -48.802165766956016, -26.079545054295043 ], [ -48.800227399873464, -26.081191969543084 ], [ -48.801087370330045, -26.084318075942619 ], [ -48.802138948023789, -26.085204729666067 ], [ -48.80214368616577, -26.086023632458048 ], [ -48.799820452393007, -26.086585197759714 ], [ -48.799021579242201, -26.087623727911691 ], [ -48.800736419674926, -26.090063589598589 ], [ -48.804903229322846, -26.090871989015433 ], [ -48.805529544792869, -26.090178612215425 ], [ -48.803971938225672, -26.087750480876117 ], [ -48.80340285820553, -26.083132135192496 ], [ -48.805079038756162, -26.078912056248814 ], [ -48.803139295991215, -26.080089630930775 ] ] ], [ [ [ -48.749435425842144, -26.22241204918403 ], [ -48.749481318288012, -26.222366156762451 ], [ -48.749435425838321, -26.222366156396898 ], [ -48.749435425842144, -26.22241204918403 ] ] ], [ [ [ -48.755240270220312, -26.208673610236946 ], [ -48.755762501432798, -26.208668244550534 ], [ -48.755296443055464, -26.208472042164168 ], [ -48.755240270220312, -26.208673610236946 ] ] ], [ [ [ -48.75144894358526, -26.20246213917796 ], [ -48.75140720534052, -26.202504228570543 ], [ -48.751402813801214, -26.20254188940077 ], [ -48.75144894358526, -26.20246213917796 ] ] ], [ [ [ -48.769675014779118, -26.183934003435553 ], [ -48.769658867577292, -26.183824220868971 ], [ -48.769671793161422, -26.183957562189875 ], [ -48.769675014779118, -26.183934003435553 ] ] ], [ [ [ -48.781279389812717, -26.168213180708335 ], [ -48.781288053646321, -26.168088085675656 ], [ -48.781200513495136, -26.168270713243995 ], [ -48.781279389812717, -26.168213180708335 ] ] ], [ [ [ -48.774905730269523, -26.163459384920969 ], [ -48.772824219479084, -26.1646370906915 ], [ -48.771326119206542, -26.166973981653985 ], [ -48.772381645514166, -26.167295228817661 ], [ -48.773896096018547, -26.166147917626045 ], [ -48.774997514790776, -26.166273049470902 ], [ -48.774905730269523, -26.163459384920969 ] ] ], [ [ [ -48.785869506767582, -26.157957126161794 ], [ -48.786904263876799, -26.15721898416064 ], [ -48.786934407710817, -26.157024906037027 ], [ -48.785869506767582, -26.157957126161794 ] ] ], [ [ [ -48.786703634036719, -26.155983493521184 ], [ -48.785862288310966, -26.156954043067749 ], [ -48.785921024947697, -26.157073805959264 ], [ -48.786703634036719, -26.155983493521184 ] ] ], [ [ [ -48.777280564590463, -26.154423329574282 ], [ -48.775868933688137, -26.154742673537378 ], [ -48.775224514133235, -26.157257388529125 ], [ -48.777280564590463, -26.154423329574282 ] ] ], [ [ [ -48.791643297633726, -26.151003142025154 ], [ -48.791225908147503, -26.15174000794622 ], [ -48.791258672719501, -26.152107667516511 ], [ -48.792093237891251, -26.151523465826831 ], [ -48.791643297633726, -26.151003142025154 ] ] ], [ [ [ -48.792428946057193, -26.151259962358246 ], [ -48.792362462495973, -26.151629085004863 ], [ -48.792540910318117, -26.151461675286992 ], [ -48.792428946057193, -26.151259962358246 ] ] ], [ [ [ -48.777422275342381, -26.154124378613989 ], [ -48.780490913683025, -26.150056615186415 ], [ -48.781107914403769, -26.148079397129415 ], [ -48.780093939101718, -26.14803753360253 ], [ -48.77773865156005, -26.150662121228375 ], [ -48.776903870282844, -26.153147883468527 ], [ -48.777422275342381, -26.154124378613989 ] ] ], [ [ [ -48.789040600709562, -26.148846467537577 ], [ -48.789401043321341, -26.148430761907374 ], [ -48.789829219706817, -26.147910058670838 ], [ -48.789040600709562, -26.148846467537577 ] ] ], [ [ [ -48.790783781351692, -26.1478379280118 ], [ -48.790987031255874, -26.149378851191816 ], [ -48.792240605559613, -26.148078069443276 ], [ -48.792102700988742, -26.147208619147037 ], [ -48.791655340388317, -26.147641153080546 ], [ -48.792009760339923, -26.14625640842813 ], [ -48.790783781351692, -26.1478379280118 ] ] ], [ [ [ -48.786148311975538, -26.140854903652336 ], [ -48.78625719971231, -26.141393879885669 ], [ -48.786519282832032, -26.1408247859579 ], [ -48.786148311975538, -26.140854903652336 ] ] ], [ [ [ -48.78864461107792, -26.139170180870313 ], [ -48.790720666338586, -26.136863495805866 ], [ -48.790521425108757, -26.133167416716066 ], [ -48.78892269850585, -26.136127696806387 ], [ -48.78864461107792, -26.139170180870313 ] ] ], [ [ [ -48.78854784629906, -26.126501468925948 ], [ -48.788545902478724, -26.126516568139667 ], [ -48.788546260511502, -26.126514634081463 ], [ -48.78854784629906, -26.126501468925948 ] ] ], [ [ [ -48.792380787582431, -26.125312157570622 ], [ -48.792261369650276, -26.125334268567624 ], [ -48.792394764201532, -26.125415117351903 ], [ -48.792380787582431, -26.125312157570622 ] ] ], [ [ [ -48.792265140755653, -26.125133732606113 ], [ -48.791993042766961, -26.124115881068331 ], [ -48.791664890058577, -26.12413589264974 ], [ -48.792265140755653, -26.125133732606113 ] ] ], [ [ [ -48.791451857738451, -26.113640562165337 ], [ -48.791841937102141, -26.113405469851713 ], [ -48.791539707379968, -26.1132483930365 ], [ -48.791451857738451, -26.113640562165337 ] ] ], [ [ [ -48.791197545990201, -26.110434495334037 ], [ -48.791197545904964, -26.110466700300631 ], [ -48.791272381397526, -26.110434495679755 ], [ -48.791197545990201, -26.110434495334037 ] ] ], [ [ [ -48.791289330756868, -26.110388603363631 ], [ -48.79131581306418, -26.110392155513733 ], [ -48.791318143106132, -26.110388602915755 ], [ -48.791289330756868, -26.110388603363631 ] ] ], [ [ [ -48.791337537515318, -26.110359032390999 ], [ -48.791335223163756, -26.110342710257072 ], [ -48.791335223135825, -26.110362561110797 ], [ -48.791337537515318, -26.110359032390999 ] ] ], [ [ [ -48.791544467360836, -26.110171229136093 ], [ -48.792766491674698, -26.10836408795355 ], [ -48.793476114422184, -26.106494408790411 ], [ -48.791762782805215, -26.108594433889024 ], [ -48.791128520570417, -26.109927153643778 ], [ -48.791544467360836, -26.110171229136093 ] ] ] ] } },
{ "type": "Feature", "properties": { "ID": 3, "Nomes": "Bacias independentes da vertente leste", "Area": 135.59692, "Perimetro": 318.63258 }, "geometry": { "type": "MultiPolygon", "coordinates": [ [ [ [ -48.765468596445551, -26.268180058875643 ], [ -48.761646642331712, -26.267854562730321 ], [ -48.76139058378218, -26.269325187601972 ], [ -48.762711674160848, -26.271629980222105 ], [ -48.757981738549546, -26.282818795202246 ], [ -48.758751591198418, -26.283127747098426 ], [ -48.758246773704279, -26.285468262308793 ], [ -48.761505137767344, -26.284504520323281 ], [ -48.76297369504794, -26.285009336671436 ], [ -48.764809392811046, -26.284320951519522 ], [ -48.766048488805886, -26.284550412236079 ], [ -48.766369735287263, -26.282898285205011 ], [ -48.765681348633244, -26.282393468113913 ], [ -48.766140274437809, -26.281246156998193 ], [ -48.769169175071546, -26.281108479582759 ], [ -48.769765776318444, -26.28188865021399 ], [ -48.772381645542829, -26.280420092479893 ], [ -48.77508929872004, -26.281567403349577 ], [ -48.775456438486209, -26.282485252703083 ], [ -48.777842846731346, -26.284091487655918 ], [ -48.779586758676054, -26.2838161336642 ], [ -48.780321038491884, -26.282347576116891 ], [ -48.781881380426221, -26.283127746990512 ], [ -48.782845122084076, -26.282577037356642 ], [ -48.782294412178054, -26.284963445028794 ], [ -48.783717077388062, -26.286569679734626 ], [ -48.783395830725858, -26.287716990953271 ], [ -48.786791872477373, -26.287671098409589 ], [ -48.786057592422551, -26.286523787372204 ], [ -48.786791871868807, -26.283448993654979 ], [ -48.785093851097855, -26.281200264900171 ], [ -48.78656240838469, -26.28037420016592 ], [ -48.786883656534314, -26.27835493291002 ], [ -48.787801505157518, -26.276978159720066 ], [ -48.788857030841847, -26.276748697729666 ], [ -48.788589956204198, -26.27602453020242 ], [ -48.787185882764973, -26.275536152195826 ], [ -48.785309153136026, -26.273774620003419 ], [ -48.784499644149015, -26.274694919151294 ], [ -48.784321608294768, -26.274205322980574 ], [ -48.780229182274482, -26.274932994561055 ], [ -48.773183896380139, -26.274409218643452 ], [ -48.765468596445551, -26.268180058875643 ] ] ], [ [ [ -48.785669591273908, -26.273335877858678 ], [ -48.786283884862506, -26.273326198406693 ], [ -48.787175812669503, -26.27525412936075 ], [ -48.788589460596903, -26.275823751686747 ], [ -48.788948816047707, -26.276561257707154 ], [ -48.790417374175107, -26.276060310500547 ], [ -48.788673461398822, -26.273352657172435 ], [ -48.788811139141743, -26.272756056139041 ], [ -48.790050234795551, -26.273582119826472 ], [ -48.790463267299948, -26.272937313116049 ], [ -48.789543396940665, -26.272221028843248 ], [ -48.787766920515764, -26.271724649008693 ], [ -48.785669591273908, -26.273335877858678 ] ] ], [ [ [ -48.784256913156241, -26.272352702308208 ], [ -48.784499894199378, -26.272032498416152 ], [ -48.78407844691597, -26.272357688574537 ], [ -48.784256913156241, -26.272352702308208 ] ] ], [ [ [ -48.781981822463507, -26.272297503280775 ], [ -48.782087947252464, -26.272048070167379 ], [ -48.781924245114354, -26.272126568014738 ], [ -48.781981822463507, -26.272297503280775 ] ] ], [ [ [ -48.781365784397046, -26.271828390147309 ], [ -48.78191112571713, -26.271834459264156 ], [ -48.782525347430145, -26.271470766710326 ], [ -48.781516224852894, -26.271226134868872 ], [ -48.781365784397046, -26.271828390147309 ] ] ], [ [ [ -48.793213337203092, -26.263575360908746 ], [ -48.791096239393319, -26.269051764861839 ], [ -48.789192587317494, -26.271063928925493 ], [ -48.790688759374746, -26.272480700139017 ], [ -48.793629845183041, -26.270874465918045 ], [ -48.794410016962246, -26.271379281896913 ], [ -48.795052511396619, -26.270461434141602 ], [ -48.79450180175288, -26.268671628742439 ], [ -48.792528427237478, -26.268992876441626 ], [ -48.792344856802004, -26.268488058927307 ], [ -48.79243664164315, -26.267065392033206 ], [ -48.793721630761254, -26.266744145992831 ], [ -48.793354491061137, -26.265046126070096 ], [ -48.794707826563716, -26.264724879636844 ], [ -48.794688209060837, -26.263933247597869 ], [ -48.794215414938776, -26.264061358758809 ], [ -48.793213337203092, -26.263575360908746 ] ] ], [ [ [ -48.788860884452198, -26.25653766012659 ], [ -48.786336502529061, -26.258925876208352 ], [ -48.784994476992907, -26.258748840927357 ], [ -48.783822554954867, -26.260653712133681 ], [ -48.784268723561418, -26.262230056693454 ], [ -48.785803516281504, -26.262802417487322 ], [ -48.786184616411717, -26.263440330229439 ], [ -48.786289612832839, -26.264575868603835 ], [ -48.785794815896637, -26.265745879544841 ], [ -48.787012247168157, -26.267656105541224 ], [ -48.787406907590977, -26.270760947965542 ], [ -48.789249121601856, -26.270246074593757 ], [ -48.791008181323122, -26.268389489222525 ], [ -48.791506322002498, -26.265776076696035 ], [ -48.790593718246363, -26.264247705420448 ], [ -48.792054729495007, -26.262372136881574 ], [ -48.791402370257117, -26.260378776575624 ], [ -48.792056149575828, -26.260221049429436 ], [ -48.7939405809894, -26.261198535165629 ], [ -48.79582391305447, -26.26110839924511 ], [ -48.796297114045686, -26.260101807658344 ], [ -48.795080273923887, -26.260288835466987 ], [ -48.794855202953819, -26.259828005097319 ], [ -48.79653090101592, -26.258036087440978 ], [ -48.796359978691854, -26.257674148214701 ], [ -48.794949872937885, -26.257715519001657 ], [ -48.793508471959242, -26.257039170541642 ], [ -48.790732628304433, -26.257426675125444 ], [ -48.789481334682364, -26.257061535726848 ], [ -48.788860884452198, -26.25653766012659 ] ] ], [ [ [ -48.792385367953152, -26.262570927872517 ], [ -48.790985985201047, -26.264155618657441 ], [ -48.791804156230427, -26.265530817516662 ], [ -48.792888085897374, -26.263662350768591 ], [ -48.793184201568231, -26.263528789415663 ], [ -48.793626376787905, -26.263571495556235 ], [ -48.794305102548883, -26.263986251892881 ], [ -48.794674873312665, -26.263828600388912 ], [ -48.795476557170353, -26.261377310311122 ], [ -48.793569112398977, -26.26136073316788 ], [ -48.791788664446678, -26.26040598877719 ], [ -48.792385367953152, -26.262570927872517 ] ] ], [ [ [ -48.772232854884813, -26.250815574850911 ], [ -48.771077693975741, -26.251766005224958 ], [ -48.770337622594369, -26.253963220905991 ], [ -48.767050206112977, -26.255113097657222 ], [ -48.764825501576738, -26.255288877394925 ], [ -48.762417646100872, -26.254023691008072 ], [ -48.759586825896065, -26.25385135236127 ], [ -48.757771975849707, -26.257364257317274 ], [ -48.755646920688697, -26.265846802857254 ], [ -48.756010177001514, -26.267635218501926 ], [ -48.763949354383499, -26.266131043698774 ], [ -48.77002413008568, -26.266667192289241 ], [ -48.771204952185499, -26.268790402812105 ], [ -48.7720974265686, -26.272853907514566 ], [ -48.774745120930859, -26.273756921438739 ], [ -48.776606006822071, -26.273373817102804 ], [ -48.781095943082072, -26.270494438242238 ], [ -48.782779748353697, -26.270821975635311 ], [ -48.784529768155949, -26.270037425592839 ], [ -48.783994192249864, -26.267901726393429 ], [ -48.782532428077367, -26.26713809602035 ], [ -48.782127490764871, -26.266360773442205 ], [ -48.784195396933271, -26.267907203009408 ], [ -48.784348701066754, -26.268842056857171 ], [ -48.785593324626063, -26.269843182307618 ], [ -48.78653375659983, -26.269554741899576 ], [ -48.786780800570739, -26.267606217356523 ], [ -48.785588267757433, -26.265730881440639 ], [ -48.786135434728465, -26.264455632424191 ], [ -48.785870120509372, -26.263043961915574 ], [ -48.784342072112672, -26.262414293434972 ], [ -48.783691800955836, -26.260947041361309 ], [ -48.784654231677351, -26.25862901948507 ], [ -48.782522279411673, -26.256261175866992 ], [ -48.779220083809463, -26.254741756511152 ], [ -48.776581850545398, -26.254626173286166 ], [ -48.773888561412186, -26.251344711027514 ], [ -48.772232854884813, -26.250815574850911 ] ] ], [ [ [ -48.79513313926558, -26.259825281404293 ], [ -48.796366463506793, -26.259846757236485 ], [ -48.796517380013704, -26.258405944864659 ], [ -48.79513313926558, -26.259825281404293 ] ] ], [ [ [ -48.796182628068202, -26.257517426396735 ], [ -48.795445449299621, -26.25680926608786 ], [ -48.794663930115085, -26.257413518204103 ], [ -48.795271516974275, -26.257626282168836 ], [ -48.796182628068202, -26.257517426396735 ] ] ], [ [ [ -48.792465713249292, -26.25354209669597 ], [ -48.789635803055596, -26.253459242856287 ], [ -48.790379992755661, -26.255635659604671 ], [ -48.790094458801178, -26.256015599790764 ], [ -48.789010559387862, -26.25624953451177 ], [ -48.789406923986085, -26.256847256436391 ], [ -48.790808353975535, -26.257240366115308 ], [ -48.791609258765369, -26.256825318315052 ], [ -48.793517915576885, -26.256927840715669 ], [ -48.794391485914069, -26.257222953799285 ], [ -48.795352849067584, -26.256643378843581 ], [ -48.793485209485667, -26.252975526323414 ], [ -48.792465713249292, -26.25354209669597 ] ] ], [ [ [ -48.786613041138928, -26.258512595083712 ], [ -48.788787527777856, -26.256032057160422 ], [ -48.786305737152958, -26.253926982515051 ], [ -48.786011153715705, -26.252970479381698 ], [ -48.786747496124903, -26.251778707989896 ], [ -48.78830947486901, -26.251045590728143 ], [ -48.787351943101157, -26.249620276946175 ], [ -48.784707631432482, -26.248757053555941 ], [ -48.783101891569807, -26.247030623387356 ], [ -48.782228107630445, -26.24711063438707 ], [ -48.781083831880217, -26.248043689453105 ], [ -48.780853697509961, -26.249100882742006 ], [ -48.783239989242674, -26.25018712242672 ], [ -48.783610383502094, -26.251229738482305 ], [ -48.780256099361047, -26.253172092935962 ], [ -48.779388864411636, -26.254411888176524 ], [ -48.78289453300323, -26.256121775125415 ], [ -48.784654548151344, -26.258217366763219 ], [ -48.786613041138928, -26.258512595083712 ] ] ], [ [ [ -48.786291486675758, -26.253675067491525 ], [ -48.789720466305447, -26.25603845031543 ], [ -48.790218865124714, -26.255541415409592 ], [ -48.789498290852741, -26.253810385417506 ], [ -48.789671371613494, -26.253195470906039 ], [ -48.793259857522351, -26.25288540875852 ], [ -48.792951662123983, -26.250301516676213 ], [ -48.791783905943753, -26.248512982876516 ], [ -48.788739691583771, -26.250995818815863 ], [ -48.786786650749143, -26.251937046943254 ], [ -48.786291486675758, -26.253675067491525 ] ] ], [ [ [ -48.791157307368969, -26.243557936396158 ], [ -48.788530315471625, -26.244714507620369 ], [ -48.788630814393493, -26.245682819637363 ], [ -48.789670070647908, -26.245959668841436 ], [ -48.791843154313639, -26.244913857597446 ], [ -48.792730900455553, -26.2442851405625 ], [ -48.792610250537791, -26.243774137216779 ], [ -48.793178807925528, -26.24313028271737 ], [ -48.793351562388402, -26.243060164988464 ], [ -48.794211546329535, -26.243071738842225 ], [ -48.79407605240354, -26.242496189423207 ], [ -48.793519392884726, -26.242098753142297 ], [ -48.792419884197088, -26.242606924785441 ], [ -48.791794120293908, -26.241606364804696 ], [ -48.791157307368969, -26.243557936396158 ] ] ], [ [ [ -48.809783983820161, -26.231590537124259 ], [ -48.810701832694988, -26.232049460732135 ], [ -48.812766992656321, -26.230167870977571 ], [ -48.812721099465129, -26.228836991336745 ], [ -48.810334693207928, -26.22612933611018 ], [ -48.808269532783925, -26.226083444055821 ], [ -48.807948285991365, -26.225349164645323 ], [ -48.806846867252816, -26.225716304552282 ], [ -48.803955643447843, -26.222228478743734 ], [ -48.804414569026918, -26.221448307859529 ], [ -48.803496719311866, -26.220117427225482 ], [ -48.800697280779367, -26.222090801346521 ], [ -48.799182829866147, -26.220438673949133 ], [ -48.798723905956763, -26.218924223612046 ], [ -48.800559603846864, -26.217455666339191 ], [ -48.800743172914906, -26.216400138444069 ], [ -48.800146572147547, -26.214472657241014 ], [ -48.797622486580238, -26.213554808013811 ], [ -48.795786790395859, -26.211627325006027 ], [ -48.796337499212385, -26.211351970553665 ], [ -48.795878575452008, -26.208690209942219 ], [ -48.795327865628906, -26.209057348925423 ], [ -48.793400382344288, -26.207313435440998 ], [ -48.791977717749411, -26.207267543039638 ], [ -48.792482533392473, -26.206257909841195 ], [ -48.791656470083794, -26.204697566695639 ], [ -48.792161287224211, -26.204009180850967 ], [ -48.791840040524249, -26.203412578510004 ], [ -48.790463267517126, -26.203550255274749 ], [ -48.790187912192266, -26.205340061134809 ], [ -48.787755612900227, -26.205753091942025 ], [ -48.785093850865955, -26.204835245035948 ], [ -48.784726712645465, -26.203183116748324 ], [ -48.783717077550754, -26.203045438925816 ], [ -48.782707443464453, -26.203871502870498 ], [ -48.781973164942613, -26.203458470563866 ], [ -48.780871746383873, -26.204376320378035 ], [ -48.781835488529552, -26.205523630928226 ], [ -48.781101209263568, -26.205615415909357 ], [ -48.779678542991967, -26.208047715029902 ], [ -48.775915363179443, -26.207772360684757 ], [ -48.77362074125125, -26.210250551350782 ], [ -48.773161817073493, -26.209516273163196 ], [ -48.769448201993804, -26.209608057512138 ], [ -48.769781461060511, -26.213530076408521 ], [ -48.768603996829341, -26.215006887641803 ], [ -48.772060333730742, -26.216921048332598 ], [ -48.773123443435679, -26.218725116302526 ], [ -48.773868778504379, -26.218917015041832 ], [ -48.774773182920093, -26.218167979890708 ], [ -48.774541768679732, -26.215522229793415 ], [ -48.775606367162148, -26.215300882150576 ], [ -48.77727616574694, -26.216359915602311 ], [ -48.776764847689542, -26.214375357000304 ], [ -48.778212476127457, -26.212547382389722 ], [ -48.780212009332104, -26.21228512373051 ], [ -48.78150037818353, -26.212675742482052 ], [ -48.783192419926813, -26.211778228478 ], [ -48.782749532146433, -26.211048505972087 ], [ -48.781058172058735, -26.211560659341732 ], [ -48.779611420949799, -26.210227990673967 ], [ -48.779466412899417, -26.209833479993424 ], [ -48.779686884306521, -26.209551665673512 ], [ -48.780946083352994, -26.20925070349497 ], [ -48.780468859934032, -26.208137540544559 ], [ -48.780643638475397, -26.207842372461162 ], [ -48.782229546285606, -26.20726188549061 ], [ -48.783616013532694, -26.207818276010901 ], [ -48.784274751741123, -26.208701627566271 ], [ -48.784020809146654, -26.208151297687152 ], [ -48.78575142686698, -26.20723668434762 ], [ -48.784899454243281, -26.206900084507506 ], [ -48.784710624275235, -26.2065548228612 ], [ -48.784805381340071, -26.205860999657691 ], [ -48.785000724836038, -26.206873902496543 ], [ -48.785879842976463, -26.207193742589453 ], [ -48.784102905186316, -26.20826801141137 ], [ -48.785238294536988, -26.209370545912694 ], [ -48.785106859650895, -26.209933424019859 ], [ -48.784559214987155, -26.210150703791879 ], [ -48.783486804217119, -26.209748237409997 ], [ -48.78234102867912, -26.208530160814838 ], [ -48.782315094200463, -26.208450820543703 ], [ -48.782314240748988, -26.208368020565864 ], [ -48.782331738048484, -26.208313668502861 ], [ -48.782754905461204, -26.208013074708177 ], [ -48.782365404237687, -26.207462830074558 ], [ -48.780800746605948, -26.207924285033876 ], [ -48.78114577526825, -26.209237753305747 ], [ -48.77963630344383, -26.210026403859121 ], [ -48.780955291959714, -26.211385699628352 ], [ -48.782949128790946, -26.21086328686334 ], [ -48.783527168698946, -26.211717117023014 ], [ -48.781678372188132, -26.212805497509006 ], [ -48.77833064480707, -26.212671927713359 ], [ -48.776996093931388, -26.214316880526784 ], [ -48.777590163639289, -26.215508168859554 ], [ -48.777289563011728, -26.216844116311922 ], [ -48.780174685150932, -26.218153740126375 ], [ -48.780871688948686, -26.217231737251218 ], [ -48.781464140030636, -26.217251828493819 ], [ -48.781887998345169, -26.218424699121837 ], [ -48.781397116853341, -26.222357272555417 ], [ -48.782560474615202, -26.220743368277997 ], [ -48.783040398836256, -26.220405969029414 ], [ -48.783444071381098, -26.221400236035798 ], [ -48.784514965930484, -26.220957521831064 ], [ -48.785220355405997, -26.221246287034589 ], [ -48.78514658858181, -26.218804989311614 ], [ -48.785733548926899, -26.218272377576749 ], [ -48.786472792234576, -26.218323463391805 ], [ -48.786988123399325, -26.219565123421919 ], [ -48.787616856574608, -26.218476303561658 ], [ -48.788315621171073, -26.219393722422669 ], [ -48.788895948594899, -26.218164502174929 ], [ -48.789390658927651, -26.217707855668365 ], [ -48.78983300193515, -26.218009616780826 ], [ -48.789919686486343, -26.218632419906747 ], [ -48.791005936269194, -26.21846608279262 ], [ -48.791684261545704, -26.217920264493177 ], [ -48.790618689553057, -26.218144684323814 ], [ -48.790912646673164, -26.217248591445159 ], [ -48.79134367446062, -26.216993344056018 ], [ -48.791036914246227, -26.215964435203617 ], [ -48.791439862832846, -26.21693383355208 ], [ -48.790729012017316, -26.21801432151895 ], [ -48.791834341932429, -26.217828969227515 ], [ -48.791123534472696, -26.218568165135892 ], [ -48.791468209687899, -26.219053112096152 ], [ -48.789861733163683, -26.218711237924719 ], [ -48.789276448599779, -26.217829133926013 ], [ -48.788929567531532, -26.218980076265101 ], [ -48.787932619277647, -26.219777228855502 ], [ -48.788194505087453, -26.220416503961001 ], [ -48.788972415816666, -26.220025307915201 ], [ -48.78827891958116, -26.220499631606089 ], [ -48.788075992298623, -26.22047091380993 ], [ -48.787734507373074, -26.219276974053891 ], [ -48.786786919975491, -26.219647262981827 ], [ -48.786365678609748, -26.218413992244489 ], [ -48.785682151183174, -26.218448408614801 ], [ -48.78539100378395, -26.221425777882509 ], [ -48.783431597917755, -26.221519473625715 ], [ -48.782919167269824, -26.220615974394185 ], [ -48.78140662041961, -26.222573793097503 ], [ -48.781185007251828, -26.219882138316692 ], [ -48.781680693673046, -26.218549151401557 ], [ -48.781168672290576, -26.217369576051659 ], [ -48.780092211647116, -26.21835487221901 ], [ -48.777615928823337, -26.217370455542856 ], [ -48.775245657898495, -26.21567152505795 ], [ -48.775177464210842, -26.218485271133208 ], [ -48.773274920460885, -26.219242245313708 ], [ -48.771990524443829, -26.217413761889595 ], [ -48.768391121416641, -26.21580908194186 ], [ -48.767208824463438, -26.222555988503075 ], [ -48.769788907949597, -26.222563401720208 ], [ -48.767201086928793, -26.222653979960771 ], [ -48.764616226292148, -26.230850000731401 ], [ -48.765988852304439, -26.232273090286689 ], [ -48.765652278721468, -26.233371270750155 ], [ -48.767294589151163, -26.234874997871913 ], [ -48.766853988918726, -26.236119439151654 ], [ -48.769523374611289, -26.238632381718499 ], [ -48.770309452440806, -26.243515243215001 ], [ -48.769972645337461, -26.245033796178436 ], [ -48.770858445404727, -26.247702171653206 ], [ -48.775014130140775, -26.249634498714698 ], [ -48.776453230527345, -26.253688751676364 ], [ -48.777457866684216, -26.254377432581769 ], [ -48.783190128276836, -26.251039316572705 ], [ -48.780538599780925, -26.249245742209521 ], [ -48.780728225331657, -26.247990996564916 ], [ -48.781964572175298, -26.246883788199312 ], [ -48.783513837699637, -26.246789715098501 ], [ -48.784864320902734, -26.248409741465032 ], [ -48.787588198611232, -26.249374503395842 ], [ -48.788488693846915, -26.250591218874774 ], [ -48.791438835922285, -26.248310695738979 ], [ -48.791978841608618, -26.245376421116241 ], [ -48.789076152507768, -26.246315488394931 ], [ -48.78805819813843, -26.24510617769063 ], [ -48.788384801663852, -26.244429764443304 ], [ -48.791342962616312, -26.242914652153406 ], [ -48.791384316647019, -26.242246024385658 ], [ -48.789168451534714, -26.240366961888711 ], [ -48.788773287955756, -26.239480717956617 ], [ -48.789133228299882, -26.239218521099879 ], [ -48.791363152691886, -26.23951222175906 ], [ -48.789895818670097, -26.238471304428995 ], [ -48.791674650735722, -26.236498794507053 ], [ -48.787113626324071, -26.23607076594287 ], [ -48.786194139100729, -26.234906048297358 ], [ -48.786470603108611, -26.234488932909112 ], [ -48.787320105218591, -26.234870489624182 ], [ -48.788220891456533, -26.234018040827898 ], [ -48.789573230262107, -26.233706812096333 ], [ -48.787838273906871, -26.232398039324412 ], [ -48.787906981348506, -26.23211130306732 ], [ -48.788594695530875, -26.231665104349688 ], [ -48.788402739499375, -26.230779682863908 ], [ -48.789332767880751, -26.230285234350202 ], [ -48.788842199117056, -26.228520466035203 ], [ -48.789302192295565, -26.226984900099605 ], [ -48.790966260587297, -26.226429500736678 ], [ -48.792030311695022, -26.226917440420415 ], [ -48.790960203124051, -26.226510255866035 ], [ -48.789382458492582, -26.227109538316114 ], [ -48.788990994878787, -26.228492434088707 ], [ -48.789429321216396, -26.230341986495283 ], [ -48.788489696092284, -26.230948304510029 ], [ -48.788724062410537, -26.231768677085796 ], [ -48.787958127498847, -26.232455212668409 ], [ -48.788938064423995, -26.232756694046412 ], [ -48.789368238676488, -26.232154807954032 ], [ -48.791068157110729, -26.230917541084931 ], [ -48.791375061032362, -26.23081183677369 ], [ -48.789085188002979, -26.232666063121634 ], [ -48.789741398011351, -26.233442582178956 ], [ -48.789579026018075, -26.233958852033808 ], [ -48.788216599912531, -26.234157619987055 ], [ -48.787452485907338, -26.23498846947977 ], [ -48.786368218739518, -26.234967396341105 ], [ -48.787325554159516, -26.235907088979207 ], [ -48.791869407234202, -26.236377941302177 ], [ -48.790220445975955, -26.238473703447255 ], [ -48.791561121506327, -26.239526239006533 ], [ -48.789129617182809, -26.239428666183745 ], [ -48.789094602517665, -26.239942219787391 ], [ -48.791371368897721, -26.241784141293479 ], [ -48.791725102523934, -26.241519068191106 ], [ -48.792062799611514, -26.241534901124279 ], [ -48.792421977396742, -26.242446620782363 ], [ -48.793289104449848, -26.242095334976412 ], [ -48.793766686169334, -26.242051481674235 ], [ -48.79444940277827, -26.243020270722788 ], [ -48.796266337306541, -26.242040146523294 ], [ -48.797522019671469, -26.243550590706366 ], [ -48.796220925009656, -26.245208649998521 ], [ -48.796768096467467, -26.245340719867201 ], [ -48.797215610085992, -26.245567634775892 ], [ -48.797834917383831, -26.245045784069465 ], [ -48.799419587139845, -26.245059261212806 ], [ -48.800404774976663, -26.244314430832038 ], [ -48.799361775501147, -26.245136810275646 ], [ -48.797179091440412, -26.245632855787512 ], [ -48.79613881824131, -26.245217899219281 ], [ -48.796382787275178, -26.244606872056888 ], [ -48.794470819570968, -26.243162154859679 ], [ -48.793415911561247, -26.243113599691409 ], [ -48.792755004791871, -26.244347949985759 ], [ -48.79201960339978, -26.244880792855401 ], [ -48.792108675131388, -26.248594485517536 ], [ -48.793330206325173, -26.250281301698081 ], [ -48.793657383533819, -26.25274360189411 ], [ -48.795202171422218, -26.255765621212394 ], [ -48.795772713554129, -26.256531667503062 ], [ -48.797958977718181, -26.255702075901258 ], [ -48.799035239714485, -26.256679041769431 ], [ -48.799153177968279, -26.255131476438986 ], [ -48.799733391671296, -26.25518817390768 ], [ -48.800130033929406, -26.25608576560629 ], [ -48.800496019508401, -26.254867440827326 ], [ -48.800833626565662, -26.254738699935153 ], [ -48.801653951955764, -26.255344196602742 ], [ -48.802346973895418, -26.255176080594186 ], [ -48.803252084757474, -26.255679373129063 ], [ -48.803719030288519, -26.255324963825405 ], [ -48.804958646659777, -26.255285770628191 ], [ -48.809091555266129, -26.255841292637385 ], [ -48.809257603589899, -26.255909985210408 ], [ -48.809634369401557, -26.256203698112525 ], [ -48.804939866073489, -26.255367678540591 ], [ -48.803213767466467, -26.255772177012876 ], [ -48.801646278528708, -26.255499504890015 ], [ -48.800728232071208, -26.254930773798822 ], [ -48.800264918070511, -26.256360906769686 ], [ -48.799269962201883, -26.255343200631533 ], [ -48.799209856930439, -26.256962621642344 ], [ -48.797897406153098, -26.255938455811794 ], [ -48.795805419152572, -26.256759567548666 ], [ -48.796792846464712, -26.257844339517838 ], [ -48.796802357906174, -26.259027432789019 ], [ -48.799548308813463, -26.25918989357935 ], [ -48.796752796436259, -26.259135446814547 ], [ -48.794981781309261, -26.264724879272656 ], [ -48.797255347766452, -26.264357739065378 ], [ -48.797393025338543, -26.265000232291484 ], [ -48.79854033615559, -26.265046126179843 ], [ -48.800559604369433, -26.266790038312894 ], [ -48.800697281090855, -26.267845565431596 ], [ -48.802670656004182, -26.268809305681962 ], [ -48.80400153691189, -26.268855198235698 ], [ -48.805699556444601, -26.266973607237404 ], [ -48.809692199856471, -26.267616101440932 ], [ -48.811803250606559, -26.266835931760362 ], [ -48.813455378831335, -26.264724879351846 ], [ -48.813317701506037, -26.2636234595658 ], [ -48.815291077165064, -26.263210427530009 ], [ -48.817080882218029, -26.261787762410503 ], [ -48.819008364051726, -26.261695977325282 ], [ -48.820247460499409, -26.262889180502494 ], [ -48.821532448024413, -26.263072750546954 ], [ -48.822771545364063, -26.261282945408457 ], [ -48.825203843639081, -26.261650085417124 ], [ -48.825570983991057, -26.260135635391265 ], [ -48.828095068490484, -26.259997957111086 ], [ -48.828829346330267, -26.259355462171172 ], [ -48.831261646029375, -26.259860280136071 ], [ -48.832041816820926, -26.259080109016104 ], [ -48.830802721507794, -26.255041573843386 ], [ -48.831766463586426, -26.253481231004017 ], [ -48.830986290857375, -26.252058565015432 ], [ -48.832317172589264, -26.249350911202797 ], [ -48.830894505663622, -26.248433062718423 ], [ -48.83066504428745, -26.247561106070403 ], [ -48.831812355108568, -26.245679516536619 ], [ -48.82997665759423, -26.243568464425465 ], [ -48.828278636883631, -26.242650615268563 ], [ -48.826580616920005, -26.242696507024167 ], [ -48.824010639911172, -26.240814917166485 ], [ -48.82424010244187, -26.239346359388822 ], [ -48.8236435005117, -26.238612080291933 ], [ -48.824515457194259, -26.236822274619925 ], [ -48.823781177930584, -26.23567496344241 ], [ -48.823872963091866, -26.234481760822973 ], [ -48.821624234191468, -26.232600170623186 ], [ -48.819788536414464, -26.234665331019453 ], [ -48.81561232415968, -26.234757114169209 ], [ -48.813776625827735, -26.235583178650774 ], [ -48.811986820409174, -26.234940685120325 ], [ -48.811344326733085, -26.233793373211356 ], [ -48.810151124490432, -26.234573545957574 ], [ -48.808315425229942, -26.234022836374919 ], [ -48.809783983820161, -26.231590537124259 ] ], [ [ -48.809783983820161, -26.231590537124259 ], [ -48.809738092151846, -26.231544644859696 ], [ -48.809783984378015, -26.231544644148592 ], [ -48.809783983820161, -26.231590537124259 ] ] ], [ [ [ -48.782324315087088, -26.20833672952725 ], [ -48.784543858445694, -26.210044428861817 ], [ -48.785071064364324, -26.209518326063062 ], [ -48.783464155204946, -26.207933361069795 ], [ -48.782324315087088, -26.20833672952725 ] ] ], [ [ [ -48.739522658218476, -26.293820686207305 ], [ -48.734534596481481, -26.299778931525339 ], [ -48.734474490470831, -26.30024562702744 ], [ -48.737090359346638, -26.298501714121723 ], [ -48.741587818044607, -26.297400296487432 ], [ -48.741771387751243, -26.296711908512826 ], [ -48.740394614473303, -26.29583995279852 ], [ -48.739522658218476, -26.293820686207305 ] ] ], [ [ [ -48.715047838736993, -26.275614160388461 ], [ -48.716408076729955, -26.273811405839162 ], [ -48.716228394248901, -26.272985467267503 ], [ -48.715285066828876, -26.272897975502371 ], [ -48.71441772283638, -26.273989635670159 ], [ -48.715047838736993, -26.275614160388461 ] ] ], [ [ [ -48.708786952287028, -26.263820653834912 ], [ -48.707029369484566, -26.263773232850248 ], [ -48.70604484793212, -26.265578078037528 ], [ -48.707304251634675, -26.268782980482676 ], [ -48.706812150600605, -26.272154638261831 ], [ -48.707832803911927, -26.273493441202827 ], [ -48.708681292404108, -26.272927898896572 ], [ -48.710995126209561, -26.273457540372885 ], [ -48.711679341308191, -26.272527636183362 ], [ -48.709561771437876, -26.26879278868012 ], [ -48.709619121888522, -26.264969518347026 ], [ -48.708786952287028, -26.263820653834912 ] ] ], [ [ [ -48.68288236803869, -26.264327068235175 ], [ -48.682948502669603, -26.264989663514065 ], [ -48.683279257022981, -26.264600263413364 ], [ -48.68288236803869, -26.264327068235175 ] ] ], [ [ [ -48.705522474928529, -26.263737296144438 ], [ -48.705122743049102, -26.264006064338449 ], [ -48.705555466400959, -26.264064947160406 ], [ -48.705522474928529, -26.263737296144438 ] ] ], [ [ [ -48.705433476974974, -26.263025033387972 ], [ -48.705631064962255, -26.263334949582067 ], [ -48.705606401708316, -26.263138008587699 ], [ -48.705433476974974, -26.263025033387972 ] ] ], [ [ [ -48.701241659358324, -26.26284328879024 ], [ -48.700397830837687, -26.262467157736772 ], [ -48.699532925992266, -26.263150972584693 ], [ -48.701241659358324, -26.26284328879024 ] ] ], [ [ [ -48.694195556097178, -26.260084233906316 ], [ -48.695467799684138, -26.260938127397303 ], [ -48.695203945650533, -26.259701403616443 ], [ -48.694195556097178, -26.260084233906316 ] ] ], [ [ [ -48.694013291123561, -26.259163997543148 ], [ -48.694043935460044, -26.259636128407493 ], [ -48.694420890462567, -26.259581944792888 ], [ -48.694013291123561, -26.259163997543148 ] ] ], [ [ [ -48.686152282451488, -26.259167424683138 ], [ -48.685925641621978, -26.25871472753051 ], [ -48.685824753930731, -26.258729983341649 ], [ -48.686152282451488, -26.259167424683138 ] ] ], [ [ [ -48.686783656300705, -26.255918519753887 ], [ -48.68688950906251, -26.257012994170108 ], [ -48.685970548538442, -26.257576910157574 ], [ -48.686623135991425, -26.25864958379433 ], [ -48.688748149156325, -26.25789154760389 ], [ -48.689756444400807, -26.258269525214764 ], [ -48.689844193383458, -26.257677497622957 ], [ -48.691748472667037, -26.256824718599184 ], [ -48.687443202279276, -26.255406848967116 ], [ -48.686783656300705, -26.255918519753887 ] ] ], [ [ [ -48.693108809277739, -26.25109698251482 ], [ -48.693096232186171, -26.251925723212043 ], [ -48.693974912035991, -26.251967872473099 ], [ -48.693618077973923, -26.251207903634569 ], [ -48.693108809277739, -26.25109698251482 ] ] ], [ [ [ -48.707113923107379, -26.250105413397463 ], [ -48.706734065307302, -26.251624338463234 ], [ -48.707343301743435, -26.25236527755478 ], [ -48.709527006393195, -26.250657567642467 ], [ -48.709396719947691, -26.250006409429158 ], [ -48.707113923107379, -26.250105413397463 ] ] ], [ [ [ -48.709326664429575, -26.249994633133273 ], [ -48.709279475958439, -26.250003091340165 ], [ -48.709382124298081, -26.25000309720912 ], [ -48.709326664429575, -26.249994633133273 ] ] ], [ [ [ -48.739613729006862, -26.249030130140866 ], [ -48.738991431564195, -26.248750746823848 ], [ -48.739119063342862, -26.249569493786684 ], [ -48.739613729006862, -26.249030130140866 ] ] ], [ [ [ -48.691600977576812, -26.244054761203376 ], [ -48.691986480067747, -26.243872620670373 ], [ -48.692031362237188, -26.243755126296914 ], [ -48.691600977576812, -26.244054761203376 ] ] ], [ [ [ -48.736631435160881, -26.222136694084458 ], [ -48.736585542076426, -26.222090801573998 ], [ -48.736585542042, -26.222136694113207 ], [ -48.736631435160881, -26.222136694084458 ] ] ], [ [ [ -48.638100366191814, -26.31190230692728 ], [ -48.638054474210207, -26.311994091744719 ], [ -48.638100366767652, -26.311994091667454 ], [ -48.638100366191814, -26.31190230692728 ] ] ], [ [ [ -48.663157637357479, -26.317179938234556 ], [ -48.666416001946992, -26.319795806581411 ], [ -48.667930451399243, -26.319245097291681 ], [ -48.669582580181441, -26.317547076167074 ], [ -48.671372384436452, -26.317134045096292 ], [ -48.676053413912342, -26.322503461684029 ], [ -48.676191091102709, -26.325532361311033 ], [ -48.678761067649972, -26.329570896275335 ], [ -48.680596765627634, -26.3292955414604 ], [ -48.683304419765832, -26.327046812062875 ], [ -48.68651688946975, -26.32544057693482 ], [ -48.688857405205511, -26.325991285835936 ], [ -48.688123126684914, -26.328698939609232 ], [ -48.690784886631327, -26.328790725094795 ], [ -48.69243701470117, -26.327230382259032 ], [ -48.691152026233645, -26.323088439201211 ], [ -48.692574692312625, -26.32204453563471 ], [ -48.69271237024261, -26.319841699242286 ], [ -48.694456282001184, -26.319841699513034 ], [ -48.695374130886691, -26.320530085254809 ], [ -48.695787163472623, -26.319704021641293 ], [ -48.698127678633895, -26.319382775180671 ], [ -48.696888581134388, -26.31662922849026 ], [ -48.695328238583699, -26.315665486528474 ], [ -48.695465915928793, -26.314977099818936 ], [ -48.698173570029461, -26.313508541915038 ], [ -48.699274989383774, -26.311626951817964 ], [ -48.699550343310158, -26.307313061995991 ], [ -48.69780643113085, -26.305752719747648 ], [ -48.697989999986014, -26.303458097624873 ], [ -48.699137311500792, -26.30111758378591 ], [ -48.69808178464416, -26.298272251526889 ], [ -48.697944107814706, -26.294218256986156 ], [ -48.697127243590643, -26.294404717297507 ], [ -48.697080118330135, -26.296407092971943 ], [ -48.695517366787797, -26.297056933745271 ], [ -48.691513667631661, -26.296155169166934 ], [ -48.69152404303847, -26.29953583611784 ], [ -48.690168311224603, -26.300075864077812 ], [ -48.690401971831164, -26.303543679816087 ], [ -48.688576828337567, -26.306424206850274 ], [ -48.686944148889751, -26.30794264942541 ], [ -48.686968824706199, -26.308664444639255 ], [ -48.688501131220605, -26.309601590858026 ], [ -48.688257717449027, -26.309984507085915 ], [ -48.687286801123911, -26.309694034193701 ], [ -48.68791767256041, -26.311176771189441 ], [ -48.687172696917017, -26.311208298922001 ], [ -48.68656431024494, -26.310130161368718 ], [ -48.686078774873515, -26.311307727738257 ], [ -48.685619619259072, -26.311340620793409 ], [ -48.685630520122793, -26.311726327187756 ], [ -48.685489936665803, -26.31193292758109 ], [ -48.684928286836531, -26.311679654910684 ], [ -48.684761303181979, -26.312436903297115 ], [ -48.68448694054284, -26.312590681000248 ], [ -48.683556407036356, -26.312423566806743 ], [ -48.684614113119686, -26.31248795723743 ], [ -48.684578661421575, -26.31216883767982 ], [ -48.684998881498935, -26.31156969949291 ], [ -48.685500666003591, -26.311815931475198 ], [ -48.685635395429088, -26.31117868057397 ], [ -48.686135614459758, -26.310874710206608 ], [ -48.686231472613933, -26.310181980840966 ], [ -48.686679577958252, -26.309959391831853 ], [ -48.687072503069452, -26.310996362515901 ], [ -48.687757192148929, -26.311086676508832 ], [ -48.687111472251814, -26.309574532433029 ], [ -48.688357627143091, -26.309590306036132 ], [ -48.686785931606742, -26.308690312147462 ], [ -48.686789046650048, -26.308039887262463 ], [ -48.69015195353299, -26.303694345981313 ], [ -48.689955531094824, -26.299845464850627 ], [ -48.69131107617175, -26.299359629139424 ], [ -48.6911651540618, -26.296042386558586 ], [ -48.696232184964238, -26.29623986407216 ], [ -48.696721765978737, -26.295592179083382 ], [ -48.696377602394683, -26.294074388558467 ], [ -48.695508893356319, -26.294977445111702 ], [ -48.694004044062247, -26.29518254094528 ], [ -48.690754134119871, -26.293594035372788 ], [ -48.689613046656312, -26.292131160991708 ], [ -48.686555111778333, -26.292914087448366 ], [ -48.684741436034287, -26.292533085525566 ], [ -48.680654401438829, -26.289280216265904 ], [ -48.679618669450988, -26.285748579554191 ], [ -48.677665736723362, -26.283202056684836 ], [ -48.674441137136299, -26.281537156297709 ], [ -48.673153679147006, -26.278977008745375 ], [ -48.67371628486174, -26.27854960408559 ], [ -48.673694656567136, -26.277301278735568 ], [ -48.672396744436519, -26.275801481049182 ], [ -48.670924267978407, -26.275073960045141 ], [ -48.669287029525961, -26.275940044328024 ], [ -48.66358783205321, -26.274961678178535 ], [ -48.663522020210863, -26.2738575337799 ], [ -48.661415763954764, -26.272627954598313 ], [ -48.660839755002442, -26.270613659812764 ], [ -48.658610171507661, -26.271006604511371 ], [ -48.655724066303037, -26.269591238479396 ], [ -48.654268787934207, -26.265905862670664 ], [ -48.653533651618169, -26.265493685348993 ], [ -48.654295291224713, -26.264822256284155 ], [ -48.648317867007655, -26.262649036900527 ], [ -48.646508182342103, -26.259442139314341 ], [ -48.646978304069748, -26.257593091031143 ], [ -48.647771549811601, -26.257112477657252 ], [ -48.645850957379935, -26.256224755995181 ], [ -48.645606945010002, -26.254856359995536 ], [ -48.646332563745645, -26.254175397129075 ], [ -48.644523960156349, -26.253002592184711 ], [ -48.643986017719207, -26.251399740951985 ], [ -48.642441149346126, -26.249871335911379 ], [ -48.642104592577972, -26.246579259038047 ], [ -48.640869801636683, -26.24597004931346 ], [ -48.640659783026798, -26.243655115151828 ], [ -48.639960978513038, -26.243586939986567 ], [ -48.640381489154123, -26.240841673178931 ], [ -48.639097268369589, -26.240016262738227 ], [ -48.638123105892227, -26.240615182683808 ], [ -48.635859505227586, -26.240467721768962 ], [ -48.635502769190502, -26.241890513123494 ], [ -48.635684841856794, -26.240499297854491 ], [ -48.635840517010081, -26.240373193399982 ], [ -48.637700289973637, -26.240214043117366 ], [ -48.638625253996992, -26.2388426406064 ], [ -48.638014369510103, -26.238358609823621 ], [ -48.639797588212062, -26.236580816733348 ], [ -48.639407717368286, -26.23626385500534 ], [ -48.636825453379807, -26.238824728335771 ], [ -48.635856794150648, -26.238048168648067 ], [ -48.635239256823766, -26.238484262865434 ], [ -48.634665445547263, -26.237221885619764 ], [ -48.638764176862693, -26.233186304930651 ], [ -48.63752984522111, -26.233982659981926 ], [ -48.634768801573209, -26.230742489783751 ], [ -48.629040926035977, -26.231109899001716 ], [ -48.628183218008445, -26.230685059758681 ], [ -48.627953609596617, -26.229660488531376 ], [ -48.622305498018164, -26.231282315545105 ], [ -48.621093104885432, -26.230101507545761 ], [ -48.617724245866881, -26.229901887672906 ], [ -48.61786980448683, -26.228978688704736 ], [ -48.61671982913014, -26.228334093085863 ], [ -48.615998928577014, -26.229755802714493 ], [ -48.614101786616878, -26.229563622121528 ], [ -48.613117093277687, -26.228977951430114 ], [ -48.613288368406657, -26.228227997816337 ], [ -48.612324838026325, -26.227116510263219 ], [ -48.611116047129556, -26.226892217412324 ], [ -48.610105978294868, -26.225558959188387 ], [ -48.609050452240602, -26.228561635845839 ], [ -48.607673678506615, -26.229295914827723 ], [ -48.608362064638563, -26.229846623749378 ], [ -48.60822438885306, -26.232141245780703 ], [ -48.60749010876021, -26.232600170536504 ], [ -48.606893506671327, -26.23338034183714 ], [ -48.609004558277576, -26.232737848153601 ], [ -48.615245930902141, -26.236271565461379 ], [ -48.617265198732845, -26.234940685338067 ], [ -48.617861800800917, -26.235858534384779 ], [ -48.617724123434201, -26.237648338998557 ], [ -48.618641972675533, -26.237648338215585 ], [ -48.619697497687142, -26.239621713699165 ], [ -48.618137154961126, -26.241962227792452 ], [ -48.618045369588323, -26.244532204259251 ], [ -48.617173414688303, -26.245771301513905 ], [ -48.620798916045651, -26.250498222546859 ], [ -48.621579087314487, -26.250590007261618 ], [ -48.621854442705349, -26.249855727721808 ], [ -48.62355246311617, -26.249213234266989 ], [ -48.623506569579078, -26.248616631946263 ], [ -48.625250483600944, -26.247974137322807 ], [ -48.626627255372902, -26.250635899916812 ], [ -48.625434053513303, -26.252838736325504 ], [ -48.627453319510749, -26.256923163714053 ], [ -48.62662725541216, -26.257749227536248 ], [ -48.627223857756825, -26.25894243119582 ], [ -48.623185322562492, -26.261695977759338 ], [ -48.622313367294325, -26.26311864307322 ], [ -48.62332300069, -26.265688619368223 ], [ -48.625158697971486, -26.266973607337235 ], [ -48.627132073215918, -26.274729431364225 ], [ -48.629610264538805, -26.276060310494646 ], [ -48.632409704356171, -26.274729430729714 ], [ -48.632317919182796, -26.276106203797976 ], [ -48.632960412287908, -26.277069944371437 ], [ -48.631491855127329, -26.278859750088138 ], [ -48.630528114210421, -26.278446717866434 ], [ -48.62759099770507, -26.280328307848723 ], [ -48.629564372620649, -26.281750973942454 ], [ -48.630023297322957, -26.284275058265667 ], [ -48.631904887043085, -26.286707356308437 ], [ -48.629472588619535, -26.290011612551798 ], [ -48.631170608601224, -26.291067139068101 ], [ -48.631629532214525, -26.293453546249335 ], [ -48.630206866459474, -26.29634477012246 ], [ -48.630115081889841, -26.297951005199845 ], [ -48.631629532424746, -26.297446187750264 ], [ -48.632547381103748, -26.300107949979196 ], [ -48.630390436607122, -26.303779344727165 ], [ -48.632501489199967, -26.305706827197639 ], [ -48.635805744128902, -26.304146484349527 ], [ -48.637641441936729, -26.306486999212979 ], [ -48.637595548631658, -26.308689836107739 ], [ -48.63672359242257, -26.309974823639738 ], [ -48.638100366191814, -26.31190230692728 ], [ -48.641083375217583, -26.311443382812154 ], [ -48.641725868647228, -26.310387856172785 ], [ -48.643699243950955, -26.310525533026599 ], [ -48.644984232740249, -26.307313062276833 ], [ -48.646819930441396, -26.30690003056722 ], [ -48.648930982119921, -26.304926655313494 ], [ -48.65072078756922, -26.305523258069236 ], [ -48.651087927523619, -26.306578783945671 ], [ -48.656319664491221, -26.308460373750474 ], [ -48.657053944304309, -26.311351598498781 ], [ -48.656595020224998, -26.313003724966666 ], [ -48.657696437621311, -26.315252454441559 ], [ -48.662193897045768, -26.315252454059806 ], [ -48.663524778557033, -26.31667512040622 ], [ -48.663157637357479, -26.317179938234556 ] ], [ [ -48.663524778557033, -26.31667512040622 ], [ -48.663570670288713, -26.31662922795881 ], [ -48.663570669468996, -26.316675120345693 ], [ -48.663524778557033, -26.31667512040622 ] ], [ [ -48.643045478028704, -26.271459580334025 ], [ -48.642569780897944, -26.270141611807279 ], [ -48.642435248804077, -26.268489707331895 ], [ -48.642903242493105, -26.267336629957985 ], [ -48.643616048711756, -26.26770015127887 ], [ -48.643411113477441, -26.267282599788292 ], [ -48.643893905167928, -26.267251483492306 ], [ -48.644008510081441, -26.266860197313147 ], [ -48.644312052607788, -26.266845939095635 ], [ -48.644585463133893, -26.266385605182297 ], [ -48.645160697323064, -26.266167223217217 ], [ -48.645060183439107, -26.265805032720799 ], [ -48.645282278950283, -26.2653623452657 ], [ -48.644986809843815, -26.264789483537545 ], [ -48.645342183871357, -26.264418665439351 ], [ -48.644832033290015, -26.263616279995276 ], [ -48.645692576366663, -26.263957985293686 ], [ -48.646039797039101, -26.264335169092199 ], [ -48.646633449667512, -26.263895375945271 ], [ -48.647016694498546, -26.263820762337826 ], [ -48.647929296097956, -26.264143633072074 ], [ -48.647475638363566, -26.263317256007319 ], [ -48.647654770667948, -26.263044572475568 ], [ -48.64785187509105, -26.263030879314517 ], [ -48.649314097354456, -26.264093735118845 ], [ -48.649512599600151, -26.265061192994111 ], [ -48.650935485872921, -26.263795391090369 ], [ -48.653707498097688, -26.265141900732736 ], [ -48.653255637547225, -26.265390291001012 ], [ -48.651058107956239, -26.263992627837951 ], [ -48.649678493695504, -26.265233312124128 ], [ -48.648043925894264, -26.264826176293329 ], [ -48.648448388925111, -26.265601210211138 ], [ -48.648460587863028, -26.266085150356535 ], [ -48.648735799749865, -26.266149021445433 ], [ -48.649083207043816, -26.265785364326963 ], [ -48.649474475602815, -26.265788713565801 ], [ -48.650222571997233, -26.266269308015552 ], [ -48.650179136114332, -26.266738812755293 ], [ -48.650380040886262, -26.266799350502598 ], [ -48.650996264832415, -26.267285749438493 ], [ -48.651305924908691, -26.269280734813936 ], [ -48.650978245360989, -26.267357817779118 ], [ -48.64998754223312, -26.266723914376396 ], [ -48.650172828976793, -26.266295472538548 ], [ -48.649300783742397, -26.265820168696496 ], [ -48.648721920771493, -26.266216440886065 ], [ -48.64837718791668, -26.266071681469647 ], [ -48.647956792625727, -26.26476735923406 ], [ -48.649265687113704, -26.265013511958131 ], [ -48.649032804489593, -26.263994074177148 ], [ -48.647750121228306, -26.263161734741065 ], [ -48.647955427380964, -26.264221375563253 ], [ -48.646764647002264, -26.263913331451494 ], [ -48.6460799008794, -26.264451787293183 ], [ -48.645253576398169, -26.263979374272264 ], [ -48.645444530042582, -26.2645091274624 ], [ -48.64520945312379, -26.266187735292064 ], [ -48.643920294402889, -26.267295131328577 ], [ -48.643475096611247, -26.267296061400543 ], [ -48.643633268859062, -26.26772863667869 ], [ -48.642960728220025, -26.26740027694429 ], [ -48.642487319078185, -26.268491458004451 ], [ -48.643216328000257, -26.271255860144496 ], [ -48.64278865291719, -26.271859587977001 ], [ -48.642163873126556, -26.272300148053123 ], [ -48.643045478028704, -26.271459580334025 ] ] ], [ [ [ -48.66334267675925, -26.271522021221621 ], [ -48.663584937408537, -26.271401288370853 ], [ -48.663426117939295, -26.271340854452248 ], [ -48.66334267675925, -26.271522021221621 ] ] ], [ [ [ -48.663676637324684, -26.270930624397586 ], [ -48.663935492526335, -26.270665083545648 ], [ -48.663857145896834, -26.270549067007433 ], [ -48.663676637324684, -26.270930624397586 ] ] ], [ [ [ -48.659865689766683, -26.269714048497615 ], [ -48.662114284895907, -26.271559639231679 ], [ -48.663161853856138, -26.271502999663479 ], [ -48.661386142446709, -26.269427787181858 ], [ -48.660613461017249, -26.269624890720056 ], [ -48.659921198307465, -26.268986303943016 ], [ -48.659865689766683, -26.269714048497615 ] ] ], [ [ [ -48.662762329295482, -26.267617925819664 ], [ -48.663138327196769, -26.269311940912296 ], [ -48.664166291735455, -26.269637435718323 ], [ -48.663701684824069, -26.268148095008488 ], [ -48.662762329295482, -26.267617925819664 ] ] ], [ [ [ -48.663855135659162, -26.266633228055891 ], [ -48.664697546797846, -26.266711466543281 ], [ -48.664079131267954, -26.266295827321819 ], [ -48.663855135659162, -26.266633228055891 ] ] ], [ [ [ -48.682909740006018, -26.265041714882418 ], [ -48.682997059618522, -26.265310766559505 ], [ -48.683156852182556, -26.265185772237849 ], [ -48.682909740006018, -26.265041714882418 ] ] ], [ [ [ -48.679943783483793, -26.263740335539367 ], [ -48.681866987427583, -26.26449396094144 ], [ -48.683131670235326, -26.263764224798464 ], [ -48.681144819498705, -26.262534826225547 ], [ -48.679888294505268, -26.263122939269973 ], [ -48.679943783483793, -26.263740335539367 ] ] ], [ [ [ -48.675231373044596, -26.258819751380681 ], [ -48.674924826953749, -26.259471218517806 ], [ -48.675343119607547, -26.259812078243076 ], [ -48.676117157848985, -26.25915897554167 ], [ -48.675231373044596, -26.258819751380681 ] ] ], [ [ [ -48.675504211534651, -26.253672687452632 ], [ -48.676701463902063, -26.254617771660744 ], [ -48.676991232643601, -26.254478380299805 ], [ -48.675504211534651, -26.253672687452632 ] ] ], [ [ [ -48.678902585182712, -26.246950437607264 ], [ -48.680055913761208, -26.248566757794698 ], [ -48.679388661337647, -26.249210396885907 ], [ -48.679971606929243, -26.24995175111944 ], [ -48.678467167733238, -26.25087397655372 ], [ -48.676260476265576, -26.250900011986619 ], [ -48.676803531773558, -26.252943362790571 ], [ -48.679002226233067, -26.253147432150616 ], [ -48.680375715917805, -26.254098442371539 ], [ -48.680399071249184, -26.254863273990889 ], [ -48.68160698736434, -26.253759081389504 ], [ -48.684241578977314, -26.254857271558908 ], [ -48.685903991980233, -26.252788557788374 ], [ -48.684044069491208, -26.252404475834929 ], [ -48.684207207536673, -26.249684720762637 ], [ -48.681880024167299, -26.249500462306891 ], [ -48.681012217850771, -26.247235429482082 ], [ -48.679351044082267, -26.246670650911902 ], [ -48.678902585182712, -26.246950437607264 ] ] ], [ [ [ -48.675647000815935, -26.247852543014229 ], [ -48.675417414644251, -26.24880745412424 ], [ -48.676373719799379, -26.249237189511014 ], [ -48.67636573487237, -26.24801184999939 ], [ -48.675647000815935, -26.247852543014229 ] ] ], [ [ [ -48.672608305369288, -26.246591508260323 ], [ -48.672489566277825, -26.247475681933206 ], [ -48.672003946320793, -26.247261027308944 ], [ -48.672393806048476, -26.248250908206096 ], [ -48.673472255007319, -26.247634976503765 ], [ -48.675106982883328, -26.248119965254876 ], [ -48.674846700230141, -26.24704254900568 ], [ -48.672608305369288, -26.246591508260323 ] ] ], [ [ [ -48.653278716949018, -26.217098059979151 ], [ -48.653474012102585, -26.216344729700193 ], [ -48.652827445183441, -26.215644055383724 ], [ -48.65259481636307, -26.216196376109085 ], [ -48.653278716949018, -26.217098059979151 ] ] ], [ [ [ -48.750123811596566, -26.220163319151286 ], [ -48.748747039489203, -26.22314632718043 ], [ -48.746727771988695, -26.222733295841184 ], [ -48.743102268126421, -26.225027917935304 ], [ -48.741587818275015, -26.224660778340589 ], [ -48.740073368453764, -26.225119702522836 ], [ -48.738834271953529, -26.22296275761925 ], [ -48.734382705878296, -26.221494200015258 ], [ -48.732914146637356, -26.219245470619516 ], [ -48.729426321272584, -26.218557083907935 ], [ -48.726167957755266, -26.220025641662414 ], [ -48.723001379581532, -26.215665859789667 ], [ -48.722221208382422, -26.212545173037814 ], [ -48.719238199612811, -26.211351971095706 ], [ -48.715612696994, -26.211535540361929 ], [ -48.713363968029249, -26.209837521052446 ], [ -48.712124871611437, -26.210250551020387 ], [ -48.709830250107139, -26.212499282260787 ], [ -48.70983025043202, -26.213830162081941 ], [ -48.708728831065116, -26.214564441725159 ], [ -48.7092795410665, -26.219842071479871 ], [ -48.708040444178664, -26.222962758033422 ], [ -48.699550342676076, -26.223421682584988 ], [ -48.699320880350093, -26.220576349855378 ], [ -48.696154303548049, -26.217088525446918 ], [ -48.695190561685351, -26.212086248990879 ], [ -48.693767895082232, -26.210112875406061 ], [ -48.692758261387425, -26.209837520972076 ], [ -48.69239112349991, -26.207313435815301 ], [ -48.696705012495812, -26.204697566678824 ], [ -48.698081784802639, -26.204513996808565 ], [ -48.701340148415454, -26.200842601222053 ], [ -48.702487459774311, -26.198639764691659 ], [ -48.701248363263112, -26.198364410515261 ], [ -48.701110686445041, -26.197354777139022 ], [ -48.700055160501961, -26.196528713434915 ], [ -48.694456281773242, -26.194555337689899 ], [ -48.693813788405592, -26.192123038892515 ], [ -48.691152026928989, -26.191618221944793 ], [ -48.690371854611577, -26.190838049413252 ], [ -48.690050607912966, -26.187855041637551 ], [ -48.686975814000341, -26.184688463223832 ], [ -48.682983172778904, -26.182072594079489 ], [ -48.681147474340101, -26.178079952000108 ], [ -48.677751434352068, -26.177207996157779 ], [ -48.676604122934933, -26.176244254509651 ], [ -48.674768426261465, -26.174224986688888 ], [ -48.674860211459205, -26.172894106060376 ], [ -48.673758791752249, -26.171976257538198 ], [ -48.671234708969045, -26.172205719741843 ], [ -48.669582580494627, -26.17160911713929 ], [ -48.66880240973839, -26.1722975039945 ], [ -48.668756516405928, -26.174041416678552 ], [ -48.66581939934202, -26.176565501817549 ], [ -48.664993335961185, -26.17505104995033 ], [ -48.663111745764652, -26.17486748077819 ], [ -48.662974068644502, -26.173857847833123 ], [ -48.660633554108024, -26.171792687901551 ], [ -48.657925900069671, -26.171655010361846 ], [ -48.656503235480159, -26.170094668367859 ], [ -48.654529860469225, -26.169543957103269 ], [ -48.653290764095161, -26.165734886183163 ], [ -48.652372915538827, -26.165000606524281 ], [ -48.651271497207816, -26.165918455820673 ], [ -48.647829564086024, -26.166744518798662 ], [ -48.646177435852991, -26.165643101458933 ], [ -48.64613154323856, -26.164404004484883 ], [ -48.644846554878796, -26.164954713652811 ], [ -48.643836920962841, -26.16463346696689 ], [ -48.644708878109796, -26.163945080676985 ], [ -48.64516780191849, -26.162292952282709 ], [ -48.644387631076079, -26.160778502080223 ], [ -48.644800661715145, -26.159034589689689 ], [ -48.643332104353348, -26.157290676846721 ], [ -48.644846554688627, -26.155317301493614 ], [ -48.64750831664707, -26.154720699324155 ], [ -48.651409174268025, -26.155592656715424 ], [ -48.652097560233727, -26.154353560611565 ], [ -48.653474333931356, -26.154491238011293 ], [ -48.654575751705977, -26.153848744351055 ], [ -48.656870373392664, -26.151278766298262 ], [ -48.656824482282225, -26.149901993832696 ], [ -48.656319664841782, -26.149397177368588 ], [ -48.65457575165977, -26.149810208715721 ], [ -48.652648269861722, -26.148433435998893 ], [ -48.652327022927921, -26.14751558722206 ], [ -48.650399539814607, -26.146689522701067 ], [ -48.651868098625805, -26.144303115800838 ], [ -48.653336656433417, -26.144257223795218 ], [ -48.651868098030697, -26.143752406013142 ], [ -48.651684528416631, -26.142696881200788 ], [ -48.650032401627897, -26.141503676932757 ], [ -48.648793304508438, -26.142467418866854 ], [ -48.648839196764072, -26.14471614754342 ], [ -48.647370638755014, -26.144807932200116 ], [ -48.646682252753372, -26.144716147271946 ], [ -48.646590468597999, -26.143385267889599 ], [ -48.645580833963166, -26.142237956949973 ], [ -48.644020490822903, -26.143064020193464 ], [ -48.641817653780436, -26.141824925294124 ], [ -48.640945698623256, -26.14210027845936 ], [ -48.639752494258367, -26.141090645972707 ], [ -48.637779118538667, -26.141411893137732 ], [ -48.636953055011269, -26.14058582819731 ], [ -48.63470432583658, -26.140172796893914 ], [ -48.634061831836966, -26.139163163663202 ], [ -48.633924154339319, -26.135308198030899 ], [ -48.631170607736188, -26.132371082091687 ], [ -48.633052198605199, -26.128286654670362 ], [ -48.632822735136969, -26.126818097282495 ], [ -48.631262392605343, -26.127185236417986 ], [ -48.628279384182449, -26.126359171920615 ], [ -48.626306008479744, -26.123009023532255 ], [ -48.622267473606911, -26.123238485508864 ], [ -48.620707132212303, -26.124385797234975 ], [ -48.619881067637685, -26.126818096919227 ], [ -48.621716765218451, -26.130305922390516 ], [ -48.619192681410219, -26.131820372886615 ], [ -48.615842533090223, -26.131958049830928 ], [ -48.615062361294854, -26.134206779794141 ], [ -48.617311091803636, -26.140402259116495 ], [ -48.616347350311806, -26.141687246358138 ], [ -48.616576812448031, -26.144303115672301 ], [ -48.613318449373139, -26.144807932019951 ], [ -48.61272184653712, -26.146322383125842 ], [ -48.611299181697234, -26.146276490862626 ], [ -48.611712213323067, -26.147653264086269 ], [ -48.610794363974144, -26.147790942219423 ], [ -48.61033544027682, -26.148800574850085 ], [ -48.611161504566809, -26.151095197347928 ], [ -48.613960942558357, -26.151875369005953 ], [ -48.614465759420732, -26.153252142195136 ], [ -48.616485026265373, -26.154720699238098 ], [ -48.617770014980756, -26.154124097459462 ], [ -48.618412510433608, -26.155868010380416 ], [ -48.617586446232593, -26.158437987904694 ], [ -48.616485026330395, -26.158988697100966 ], [ -48.616071994856028, -26.161788135569864 ], [ -48.61377737288808, -26.163119016843414 ], [ -48.613318449006471, -26.162338844429545 ], [ -48.611712212555112, -26.16298133904904 ], [ -48.611712213013114, -26.16435811200871 ], [ -48.610610795258111, -26.166056133327753 ], [ -48.608912773433467, -26.167845937611428 ], [ -48.606755829510689, -26.168763787055063 ], [ -48.607536001159424, -26.170553592214702 ], [ -48.606755830186806, -26.171700901905638 ], [ -48.602441940872005, -26.174362663437677 ], [ -48.602212477763416, -26.174821588417355 ], [ -48.603726928781427, -26.176978533593939 ], [ -48.601891231909981, -26.1785847693045 ], [ -48.602212477046002, -26.180741713670809 ], [ -48.604185852238437, -26.181613669984166 ], [ -48.606709937837692, -26.180925282582706 ], [ -48.612446492772627, -26.182715088828054 ], [ -48.61345612638771, -26.184621567707698 ], [ -48.61667645216356, -26.184016899758213 ], [ -48.623112376879938, -26.184234589411101 ], [ -48.62399071512673, -26.183655950732415 ], [ -48.624026314020746, -26.182884319978612 ], [ -48.622942293327618, -26.182118351649304 ], [ -48.622191170608779, -26.182781481192386 ], [ -48.621685384037285, -26.1826621710285 ], [ -48.623074945561093, -26.179452498051695 ], [ -48.62199760053916, -26.179116777221761 ], [ -48.621141094497844, -26.178303345860876 ], [ -48.620632764751171, -26.17877948845603 ], [ -48.621015392628117, -26.179510265064678 ], [ -48.621212427503153, -26.178934640653903 ], [ -48.621476069365912, -26.179025292171975 ], [ -48.62165088274471, -26.179250188544813 ], [ -48.621822924348962, -26.180064941248606 ], [ -48.621315917773146, -26.181146532664393 ], [ -48.621044939213, -26.181116563311345 ], [ -48.620641407795006, -26.180838694003228 ], [ -48.619736330375687, -26.179508987765654 ], [ -48.619019426574951, -26.179285196549063 ], [ -48.61878076968285, -26.17878143049705 ], [ -48.619020173232705, -26.178040861677111 ], [ -48.618748983976381, -26.177852423090393 ], [ -48.617992339944628, -26.17828910401748 ], [ -48.61755573717263, -26.178337789886779 ], [ -48.617827969929145, -26.179143234653584 ], [ -48.617689196817686, -26.179478337247403 ], [ -48.616980526228573, -26.179918779287689 ], [ -48.617159571919991, -26.18010409571826 ], [ -48.617174066389993, -26.180213949657745 ], [ -48.617052390146448, -26.180759116900937 ], [ -48.616864020538287, -26.181133860510204 ], [ -48.616758953463361, -26.181172330784051 ], [ -48.615627477344972, -26.181025464791961 ], [ -48.614514785033677, -26.180664119770615 ], [ -48.616831985312558, -26.181109866995303 ], [ -48.616957799183069, -26.17988506143336 ], [ -48.617789799353616, -26.179111095021817 ], [ -48.617512792408995, -26.178304643373863 ], [ -48.618841398094126, -26.177813202031498 ], [ -48.619082520691464, -26.178065726410562 ], [ -48.619026154414037, -26.179220336258517 ], [ -48.619809662478239, -26.179475913984028 ], [ -48.621111212643967, -26.181089287049268 ], [ -48.621771252945152, -26.180029075951328 ], [ -48.621370573768665, -26.179006523308342 ], [ -48.621187968114263, -26.179522889347673 ], [ -48.620932210286213, -26.179529077947311 ], [ -48.620551143086288, -26.178786000818075 ], [ -48.620582892187187, -26.178506553477487 ], [ -48.621136783596789, -26.178209686852405 ], [ -48.623069345297793, -26.17916238444548 ], [ -48.623170076370769, -26.17982478047502 ], [ -48.622634097496977, -26.181413095422858 ], [ -48.621810285830456, -26.182667835323684 ], [ -48.622975544795359, -26.181974205641314 ], [ -48.624087245941695, -26.182763214717301 ], [ -48.624245525963218, -26.183652127677814 ], [ -48.625892242570316, -26.18450614316502 ], [ -48.626867102787109, -26.18416797272651 ], [ -48.626509187874284, -26.181282266232312 ], [ -48.629944323649191, -26.18129950657028 ], [ -48.6299341005438, -26.178698236031565 ], [ -48.63092580680884, -26.178641498963898 ], [ -48.631957663033347, -26.179199247790887 ], [ -48.632775549660899, -26.177588653566655 ], [ -48.634029072702482, -26.17699837056157 ], [ -48.63230660676183, -26.175224540358002 ], [ -48.632919153083179, -26.174842287760093 ], [ -48.634092728898409, -26.17469161519686 ], [ -48.634849085321484, -26.173685685890934 ], [ -48.636519051934968, -26.173691900897143 ], [ -48.636131205629191, -26.172087975842906 ], [ -48.637814508582089, -26.169613006279498 ], [ -48.637355779572616, -26.169214339738122 ], [ -48.636674858143451, -26.17022696104392 ], [ -48.636253687136822, -26.170093372468209 ], [ -48.635780133367469, -26.169668861075507 ], [ -48.635436932811352, -26.169121358156499 ], [ -48.635370475551142, -26.16790286754556 ], [ -48.634101660743134, -26.168358387869048 ], [ -48.633855595604025, -26.168318530956277 ], [ -48.63174986838861, -26.165828923309551 ], [ -48.631526282781984, -26.165887591162935 ], [ -48.631566565488178, -26.166378127922616 ], [ -48.630971272510891, -26.16721138478319 ], [ -48.630688665790906, -26.167302848840329 ], [ -48.63030659560151, -26.167118126063389 ], [ -48.629946703949827, -26.165115880100117 ], [ -48.630198637436585, -26.164623794856571 ], [ -48.630635609957281, -26.16459557638715 ], [ -48.630118799984757, -26.164136465609449 ], [ -48.630166228568619, -26.163430520883491 ], [ -48.629829533966017, -26.163534251341957 ], [ -48.629691798947867, -26.163418402614845 ], [ -48.630282164822994, -26.163371946896291 ], [ -48.630699036212647, -26.164672141067374 ], [ -48.630030415888179, -26.165058638434047 ], [ -48.630405308933284, -26.167138613686674 ], [ -48.631106038082066, -26.166984042355278 ], [ -48.631459684110958, -26.165841650238576 ], [ -48.631706864830733, -26.165771073469411 ], [ -48.633962877034449, -26.168320930391381 ], [ -48.635430319372951, -26.167788373485859 ], [ -48.636289952240581, -26.169989277327954 ], [ -48.637289865320561, -26.169100324899865 ], [ -48.637954304170911, -26.169550612334898 ], [ -48.636276959417501, -26.172099769010192 ], [ -48.636662825390125, -26.173733936238349 ], [ -48.634862394522337, -26.173861300242482 ], [ -48.634236348953905, -26.174748781621144 ], [ -48.632521229739972, -26.175224803577219 ], [ -48.634240593528972, -26.177139311137644 ], [ -48.632942429351807, -26.177667196082893 ], [ -48.631975259924467, -26.179447519918167 ], [ -48.630150886166128, -26.178880298197669 ], [ -48.630050097443075, -26.181468998493955 ], [ -48.626759504782868, -26.181426893822479 ], [ -48.627390951367914, -26.183018930149721 ], [ -48.634550353032111, -26.185781241430409 ], [ -48.635758970216521, -26.18692458818812 ], [ -48.636606077283901, -26.189311622332529 ], [ -48.638141657894487, -26.190332327931728 ], [ -48.640592954241704, -26.189039803531831 ], [ -48.639827158617464, -26.187485184509534 ], [ -48.639302762821089, -26.188817102589983 ], [ -48.638871406785839, -26.188987191099653 ], [ -48.638756687814542, -26.18875795742176 ], [ -48.638716751970023, -26.186413760996334 ], [ -48.639254574229405, -26.186206988312954 ], [ -48.640431482318768, -26.186392876251457 ], [ -48.640820681673461, -26.186068941553284 ], [ -48.639920815436035, -26.185955537473525 ], [ -48.638910960905207, -26.185024081773111 ], [ -48.638947072032018, -26.184530867210139 ], [ -48.639525353038088, -26.183512801314258 ], [ -48.63974750717346, -26.183472510009324 ], [ -48.640150988533499, -26.183967236124065 ], [ -48.640170629855561, -26.184803390727794 ], [ -48.642226271865397, -26.184908418324312 ], [ -48.641401987583798, -26.183898315118594 ], [ -48.641573579663365, -26.183638768731416 ], [ -48.641722178290806, -26.183564500532704 ], [ -48.643176379736559, -26.183958764484693 ], [ -48.642360487084176, -26.183269382328522 ], [ -48.642579650976977, -26.182392738471648 ], [ -48.643195868452281, -26.182986654261356 ], [ -48.643559220226358, -26.18171562204007 ], [ -48.645223482692444, -26.181517316295853 ], [ -48.645292876202248, -26.181650012532906 ], [ -48.644994424409553, -26.182148648013026 ], [ -48.6458559657693, -26.181683367412504 ], [ -48.644983954162399, -26.182201745417494 ], [ -48.644869511448263, -26.182133599690552 ], [ -48.645115274591305, -26.181572394760597 ], [ -48.643526484494039, -26.181860641763379 ], [ -48.643242560121735, -26.184011307268129 ], [ -48.641510647922246, -26.183847393137118 ], [ -48.64236134160813, -26.184973065112224 ], [ -48.640134641748809, -26.184860476729604 ], [ -48.639650178611383, -26.183616562451412 ], [ -48.639041936420362, -26.185062497540574 ], [ -48.640928210448827, -26.186082632669535 ], [ -48.640431323614749, -26.186465867210647 ], [ -48.638831440917436, -26.186486168209356 ], [ -48.63887007360853, -26.188776155928405 ], [ -48.639582997574877, -26.187435314613765 ], [ -48.640061606645666, -26.187409231650733 ], [ -48.640764178908512, -26.188840689000934 ], [ -48.640268189696307, -26.189540723765763 ], [ -48.640672413613295, -26.190145940407728 ], [ -48.643835477023771, -26.191046535905389 ], [ -48.647357142877382, -26.195142816773814 ], [ -48.649008356206274, -26.196220894384332 ], [ -48.649914267549271, -26.195649828461949 ], [ -48.651140431868519, -26.195740940728129 ], [ -48.651320450442597, -26.195112098368142 ], [ -48.651523863434328, -26.194964315944738 ], [ -48.651829546338526, -26.194963853533256 ], [ -48.651988803352467, -26.195433400102459 ], [ -48.6529572831801, -26.194665825141758 ], [ -48.653106002561358, -26.194667752553087 ], [ -48.653393553568087, -26.194882358961589 ], [ -48.653571010423576, -26.194619209736054 ], [ -48.653922522204354, -26.194614911388385 ], [ -48.654060691002954, -26.194972104954608 ], [ -48.65419760083531, -26.19458602852006 ], [ -48.655311378357602, -26.194461751238673 ], [ -48.655769635946399, -26.194457883886081 ], [ -48.655978517729523, -26.194537097547073 ], [ -48.654109621911523, -26.195007389454027 ], [ -48.653929884677481, -26.194961646168441 ], [ -48.653796877193869, -26.194625259838809 ], [ -48.653428951615673, -26.194938880584655 ], [ -48.653001527393791, -26.194707221012365 ], [ -48.652054440255505, -26.195503572403645 ], [ -48.651541151344347, -26.194997636861107 ], [ -48.651540631283304, -26.196289254772999 ], [ -48.650001995302581, -26.195701276733427 ], [ -48.64973238930957, -26.196151176592281 ], [ -48.652113562269214, -26.197513864197472 ], [ -48.652152603876502, -26.199015586475312 ], [ -48.653241519181826, -26.198431108946181 ], [ -48.654652978913575, -26.199379067211062 ], [ -48.656280883818667, -26.202272911280168 ], [ -48.657429379690356, -26.208981505621587 ], [ -48.656469805501388, -26.213446770282275 ], [ -48.656862112860289, -26.214554188179772 ], [ -48.661740501678565, -26.217025858413507 ], [ -48.662836164786121, -26.218743005653632 ], [ -48.6652920577339, -26.216612590761645 ], [ -48.665878931489736, -26.216504105340498 ], [ -48.663625667340632, -26.218637689076566 ], [ -48.666697664076842, -26.218984514143337 ], [ -48.670377641215467, -26.220645039539299 ], [ -48.671792198675917, -26.222878342245412 ], [ -48.674122671715573, -26.224618048071704 ], [ -48.67900981150413, -26.230316405573941 ], [ -48.683362349448672, -26.234212225470699 ], [ -48.686092359561762, -26.235475572671458 ], [ -48.687758174156741, -26.237938069327864 ], [ -48.690925959888979, -26.240554881448798 ], [ -48.69312644452534, -26.24429970274954 ], [ -48.701397733057377, -26.24929638854378 ], [ -48.705918982626869, -26.248601601433364 ], [ -48.712468965932281, -26.245652420210003 ], [ -48.714583576458985, -26.243771346639939 ], [ -48.714052312919968, -26.243611363196894 ], [ -48.713746351785815, -26.243086824511732 ], [ -48.713428525112676, -26.243514411931393 ], [ -48.712743386006473, -26.243500089814564 ], [ -48.712219346178927, -26.244107767998052 ], [ -48.711448876169989, -26.244018303195059 ], [ -48.712229820212748, -26.24404842848551 ], [ -48.712664586489723, -26.243430897069899 ], [ -48.713449395084162, -26.243412429737987 ], [ -48.713412991142306, -26.242902118778922 ], [ -48.713905206113445, -26.24301920629129 ], [ -48.714329692619401, -26.243621319243267 ], [ -48.717856644076299, -26.241729846670676 ], [ -48.7210897799471, -26.24133720406773 ], [ -48.724529897164537, -26.238765608588604 ], [ -48.731202835598005, -26.2366540975212 ], [ -48.730965624088704, -26.235768390355208 ], [ -48.729653856135108, -26.235454261854468 ], [ -48.729070553551999, -26.235059781708667 ], [ -48.728669976778988, -26.235145413298383 ], [ -48.727978931953849, -26.23634786463597 ], [ -48.727783624160899, -26.236381852803316 ], [ -48.728623301480923, -26.23507647168913 ], [ -48.72895504564125, -26.234993896340377 ], [ -48.729435544672725, -26.235063681609894 ], [ -48.731049517740892, -26.235680235903391 ], [ -48.731679498809868, -26.236206079874808 ], [ -48.733515070106876, -26.235303753845656 ], [ -48.737229473130348, -26.231716168035412 ], [ -48.748633208462934, -26.229797325395257 ], [ -48.750559226510887, -26.228849544054491 ], [ -48.753118359831241, -26.22605071509755 ], [ -48.754200581964909, -26.223339868367951 ], [ -48.758988776050572, -26.218212240262815 ], [ -48.760021553843735, -26.212832403332293 ], [ -48.759847186598599, -26.209883412065793 ], [ -48.758981052396102, -26.210296444323987 ], [ -48.758659805840857, -26.211810895424087 ], [ -48.756961786290532, -26.21291231350008 ], [ -48.755217872946631, -26.215987106842814 ], [ -48.750123811596566, -26.220163319151286 ] ], [ [ -48.749435425838321, -26.222366156396898 ], [ -48.749481318309876, -26.222412049550783 ], [ -48.749435425842144, -26.22241204918403 ], [ -48.749435425838321, -26.222366156396898 ] ] ] ] } },
{ "type": "Feature", "properties": { "ID": 5, "Nomes": "Bacia Hidrográfica da vertente sul", "Area": 79.38856, "Perimetro": 214.1682 }, "geometry": { "type": "MultiPolygon", "coordinates": [ [ [ [ -48.808017197911568, -26.310343334699521 ], [ -48.810185881823408, -26.314460728866187 ], [ -48.81142311647541, -26.31406428078504 ], [ -48.812191076663076, -26.312608713791306 ], [ -48.812575185046001, -26.312980124166874 ], [ -48.81264720448074, -26.314021443740685 ], [ -48.814167347284865, -26.314293727259518 ], [ -48.815520539043426, -26.313921573894238 ], [ -48.815474646605573, -26.31327907970433 ], [ -48.814373228535437, -26.313324972433527 ], [ -48.814143765850986, -26.312315338726673 ], [ -48.815887679095162, -26.311732468343006 ], [ -48.808017197911568, -26.310343334699521 ] ] ], [ [ [ -48.815979462925576, -26.309011082308427 ], [ -48.817236489514499, -26.307863771457399 ], [ -48.815962506086777, -26.307126087671257 ], [ -48.814742369785726, -26.309614851436912 ], [ -48.816163032601537, -26.311327099869903 ], [ -48.816621957242923, -26.309883039767641 ], [ -48.815979462925576, -26.309011082308427 ] ], [ [ -48.815979462925576, -26.309011082308427 ], [ -48.815933571565672, -26.308965190890593 ], [ -48.815979463382639, -26.30896519054053 ], [ -48.815979462925576, -26.309011082308427 ] ] ], [ [ [ -48.815114930155417, -26.304796360656866 ], [ -48.808202354448269, -26.307832666868858 ], [ -48.805809265234018, -26.307840192454936 ], [ -48.80860403159636, -26.310054712406707 ], [ -48.815304798122327, -26.310985092677086 ], [ -48.814855198710113, -26.310320201387558 ], [ -48.814696733377055, -26.30949839707533 ], [ -48.815482694473687, -26.307337054946974 ], [ -48.816013958888334, -26.307058324854317 ], [ -48.816486505516622, -26.307041501993538 ], [ -48.817659853551675, -26.307863771624742 ], [ -48.818478016788418, -26.307099215976624 ], [ -48.818928970531267, -26.306942028023265 ], [ -48.817777474267658, -26.307863771449163 ], [ -48.818638646781999, -26.308001449723719 ], [ -48.819761894861351, -26.306830475251953 ], [ -48.817329870961963, -26.305219375062052 ], [ -48.815114930155417, -26.304796360656866 ] ] ], [ [ [ -48.795896032697755, -26.304233734304109 ], [ -48.796059229751478, -26.303964333031878 ], [ -48.795771639765952, -26.30401833536844 ], [ -48.795896032697755, -26.304233734304109 ] ] ], [ [ [ -48.797010735022461, -26.303955010131606 ], [ -48.796377953997016, -26.304400972580186 ], [ -48.798047906257217, -26.303579514756873 ], [ -48.797249425507175, -26.303214358904349 ], [ -48.797010735022461, -26.303955010131606 ] ] ], [ [ [ -48.798519060701437, -26.3024789351112 ], [ -48.798899300038613, -26.303028565951291 ], [ -48.79812397353075, -26.303111555045078 ], [ -48.799513428290062, -26.303366406800585 ], [ -48.798519060701437, -26.3024789351112 ] ] ], [ [ [ -48.796521068749364, -26.299649024780539 ], [ -48.799831020668883, -26.303450951344278 ], [ -48.800903448533127, -26.303163741340704 ], [ -48.799795591588833, -26.300732674015705 ], [ -48.796521068749364, -26.299649024780539 ] ] ], [ [ [ -48.800868605859918, -26.299997809932631 ], [ -48.801853799460261, -26.299654554203499 ], [ -48.800823829606557, -26.299867996144119 ], [ -48.800868605859918, -26.299997809932631 ] ] ], [ [ [ -48.798586228991084, -26.297996898632341 ], [ -48.798939919915142, -26.29785558080102 ], [ -48.798485154342991, -26.297952764211768 ], [ -48.798586228991084, -26.297996898632341 ] ] ], [ [ [ -48.795144804028986, -26.297390891221418 ], [ -48.796796424476092, -26.298479062479135 ], [ -48.798162710672045, -26.298088683335326 ], [ -48.797259566007732, -26.297252089121425 ], [ -48.796511418148285, -26.297676412589695 ], [ -48.795215200581872, -26.29597271671167 ], [ -48.795144804028986, -26.297390891221418 ] ] ], [ [ [ -48.797114367092661, -26.296380964809412 ], [ -48.798181336242088, -26.297735206604138 ], [ -48.798673478348313, -26.297226746649034 ], [ -48.797114367092661, -26.296380964809412 ] ] ], [ [ [ -48.796656612252768, -26.29663848539267 ], [ -48.796736913720103, -26.297231798354865 ], [ -48.797207001257995, -26.297019276410904 ], [ -48.796656612252768, -26.29663848539267 ] ] ], [ [ [ -48.796226716584265, -26.296336805123307 ], [ -48.796844689328083, -26.296425561149569 ], [ -48.796590872360227, -26.29611251624803 ], [ -48.796226716584265, -26.296336805123307 ] ] ], [ [ [ -48.798014433853488, -26.295312496288133 ], [ -48.796133097413545, -26.295889784067434 ], [ -48.799183737481044, -26.297156799024602 ], [ -48.798947317183874, -26.295714086354572 ], [ -48.799485217529906, -26.296746180418868 ], [ -48.799572631414392, -26.295922645528933 ], [ -48.798014433853488, -26.295312496288133 ] ] ], [ [ [ -48.761285523966066, -26.291936914288907 ], [ -48.767463151618472, -26.290338395700687 ], [ -48.770210738375802, -26.291139534572935 ], [ -48.771519063155466, -26.290816478200274 ], [ -48.77987065870348, -26.293065392265849 ], [ -48.786401295637553, -26.288368358257717 ], [ -48.790201461861081, -26.287802900751249 ], [ -48.791595456217308, -26.286857911311341 ], [ -48.791417504894788, -26.284313441354083 ], [ -48.791982520620557, -26.280239409090857 ], [ -48.791204850909516, -26.279912636361477 ], [ -48.790166956723382, -26.277367484126344 ], [ -48.789082353175338, -26.277159209866184 ], [ -48.788857515473119, -26.276702805384719 ], [ -48.787709720548236, -26.277069944413036 ], [ -48.78656240838469, -26.28037420016592 ], [ -48.785093851097855, -26.281200264900171 ], [ -48.786791871868807, -26.283448993654979 ], [ -48.786057592422551, -26.286523787372204 ], [ -48.786791872477373, -26.287671098409589 ], [ -48.785736345234774, -26.287946452885901 ], [ -48.783395830725858, -26.287716990953271 ], [ -48.783717077388062, -26.286569679734626 ], [ -48.782294412178054, -26.284963445028794 ], [ -48.782845122084076, -26.282577037356642 ], [ -48.781881380426221, -26.283127746990512 ], [ -48.780321038491884, -26.282347576116891 ], [ -48.779586758676054, -26.2838161336642 ], [ -48.777842846731346, -26.284091487655918 ], [ -48.775456438486209, -26.282485252703083 ], [ -48.77508929872004, -26.281567403349577 ], [ -48.772381645542829, -26.280420092479893 ], [ -48.769765776318444, -26.28188865021399 ], [ -48.769169175071546, -26.281108479582759 ], [ -48.766140274437809, -26.281246156998193 ], [ -48.765681348633244, -26.282393468113913 ], [ -48.766369735287263, -26.282898285205011 ], [ -48.766048488805886, -26.284550412236079 ], [ -48.764809392811046, -26.284320951519522 ], [ -48.76297369504794, -26.285009336671436 ], [ -48.761505137767344, -26.284504520323281 ], [ -48.758246773704279, -26.285468262308793 ], [ -48.758751591198418, -26.283127747098426 ], [ -48.757971419130719, -26.282857978279871 ], [ -48.757218724332304, -26.284891291345453 ], [ -48.757780786042531, -26.287984076005337 ], [ -48.756005268784357, -26.290427636766712 ], [ -48.761285523966066, -26.291936914288907 ] ] ], [ [ [ -48.831582892473804, -26.259630817391443 ], [ -48.825570983991057, -26.260135635391265 ], [ -48.825112058517433, -26.26169597783818 ], [ -48.822771545364063, -26.261282945408457 ], [ -48.821532448024413, -26.263072750546954 ], [ -48.820247460499409, -26.262889180502494 ], [ -48.819008364051726, -26.261695977325282 ], [ -48.817080882218029, -26.261787762410503 ], [ -48.815291077165064, -26.263210427530009 ], [ -48.813317701506037, -26.2636234595658 ], [ -48.813638948584696, -26.264220061539632 ], [ -48.812262176268739, -26.26660646797615 ], [ -48.809692199856471, -26.267616101440932 ], [ -48.805699556444601, -26.266973607237404 ], [ -48.80400153691189, -26.268855198235698 ], [ -48.801339774873142, -26.268304489011769 ], [ -48.800330141556557, -26.266560575881133 ], [ -48.79854033615559, -26.265046126179843 ], [ -48.797393025338543, -26.265000232291484 ], [ -48.797255347766452, -26.264357739065378 ], [ -48.794981781309261, -26.264724879272656 ], [ -48.796637635798213, -26.271553678072337 ], [ -48.799035606489895, -26.271820323188059 ], [ -48.801608370660517, -26.271065438047742 ], [ -48.805476111546092, -26.27132230211156 ], [ -48.807007249576372, -26.271961990725007 ], [ -48.808343836745784, -26.271821203130841 ], [ -48.806964109077008, -26.272045770151763 ], [ -48.801659990775562, -26.271277897298361 ], [ -48.799058548617339, -26.272084152946046 ], [ -48.79646440489519, -26.27187307811456 ], [ -48.795305666123006, -26.274566439353066 ], [ -48.804116319480535, -26.277856580934007 ], [ -48.808304594041331, -26.277287939654315 ], [ -48.803652115218853, -26.27806978178414 ], [ -48.795143265172797, -26.27488951457887 ], [ -48.792632336966385, -26.279881844784711 ], [ -48.79158409524517, -26.285120365837134 ], [ -48.79188987388342, -26.286397240818928 ], [ -48.794113544092205, -26.287364829306792 ], [ -48.795611462751857, -26.286932497124926 ], [ -48.79791202068666, -26.286792987761586 ], [ -48.798523589145802, -26.287208737147111 ], [ -48.795655216142272, -26.2871301779882 ], [ -48.792537350311278, -26.288134216030166 ], [ -48.792592962954892, -26.289708067672819 ], [ -48.794792674211713, -26.29199048940589 ], [ -48.796137213055971, -26.292117703931517 ], [ -48.799581622476801, -26.294023676637217 ], [ -48.799793404898786, -26.293682902885834 ], [ -48.799201991870376, -26.291225629728789 ], [ -48.799220515105219, -26.290689356266085 ], [ -48.799634173731235, -26.290280776881097 ], [ -48.80088259157187, -26.289789446382191 ], [ -48.801189372770544, -26.289277273951033 ], [ -48.801003567879015, -26.289795701889414 ], [ -48.799308066754229, -26.290766330822287 ], [ -48.800033221833743, -26.293517993561746 ], [ -48.801644174643243, -26.291490110821652 ], [ -48.800551120113674, -26.293022878076378 ], [ -48.800675915976313, -26.293960035999454 ], [ -48.801422239328389, -26.293746794350682 ], [ -48.802880938912644, -26.292158326673825 ], [ -48.803044565498006, -26.292063679729207 ], [ -48.80334214665541, -26.292088314144188 ], [ -48.801463679392384, -26.29383090215681 ], [ -48.800621387184485, -26.294058241187731 ], [ -48.800336152608402, -26.295856375141508 ], [ -48.800809772121191, -26.299618199327938 ], [ -48.803914209420135, -26.297857029402643 ], [ -48.801918520089743, -26.299455387692824 ], [ -48.80261099078205, -26.299957645970544 ], [ -48.801117530440983, -26.300061486018539 ], [ -48.802526324929225, -26.301188640113921 ], [ -48.803450861326183, -26.302359738594387 ], [ -48.804558590970991, -26.302263173424574 ], [ -48.806642092358516, -26.299426254747001 ], [ -48.808087546598891, -26.299280155792445 ], [ -48.806686114082552, -26.299490434670062 ], [ -48.8051904317349, -26.301826327379818 ], [ -48.804369221785755, -26.302518471503319 ], [ -48.803623339137538, -26.302524749845229 ], [ -48.803817264225394, -26.302897652529627 ], [ -48.800451044423383, -26.300016164731208 ], [ -48.805701907095283, -26.307381310369731 ], [ -48.809188984770735, -26.307148860150967 ], [ -48.809282157752406, -26.305628866949849 ], [ -48.809572205736323, -26.305352760547628 ], [ -48.810063817161961, -26.305104380743106 ], [ -48.808547082689259, -26.304397522150815 ], [ -48.807409989254744, -26.303771607171235 ], [ -48.807419944246455, -26.30357097770446 ], [ -48.807981322767617, -26.302699383763514 ], [ -48.80743331028949, -26.303730260850177 ], [ -48.810108604827782, -26.305096497857637 ], [ -48.809351074856686, -26.305602995244662 ], [ -48.809290929825131, -26.307190333819275 ], [ -48.813778040318233, -26.305019391863539 ], [ -48.816155259192946, -26.304513869294194 ], [ -48.817839465528905, -26.304985750840167 ], [ -48.820595194642763, -26.306998464127464 ], [ -48.822132817760099, -26.30607232256617 ], [ -48.820771945238114, -26.307250337171251 ], [ -48.81987475280971, -26.30688405362212 ], [ -48.818641225351406, -26.308005239225515 ], [ -48.819054256925043, -26.308552159139527 ], [ -48.821945481408527, -26.307313062712584 ], [ -48.825157951343918, -26.308001449472851 ], [ -48.827590250936176, -26.306945922445646 ], [ -48.827957390646631, -26.305431472527903 ], [ -48.83043558206343, -26.303733452159275 ], [ -48.835988567077017, -26.301530616120882 ], [ -48.836860523941759, -26.298042789650747 ], [ -48.834382332585591, -26.297216725731175 ], [ -48.831858248141806, -26.297216725229834 ], [ -48.831169860757349, -26.29606941505239 ], [ -48.828186851976739, -26.294096039154994 ], [ -48.827911497701479, -26.292719266656185 ], [ -48.827131326391694, -26.292214450207766 ], [ -48.827865604132754, -26.291158923819715 ], [ -48.827819713236266, -26.288910194713708 ], [ -48.827177219219863, -26.288313592498323 ], [ -48.8278197130264, -26.286661465007334 ], [ -48.827544357336116, -26.285192907352549 ], [ -48.825708660496232, -26.28349488585372 ], [ -48.829288270871736, -26.279456351850421 ], [ -48.828462206919433, -26.275371924667251 ], [ -48.832363064533808, -26.268579843964059 ], [ -48.830710937032933, -26.266147543154524 ], [ -48.831812354736854, -26.265183803167357 ], [ -48.831812354932246, -26.262063116531436 ], [ -48.832546634074212, -26.260686343791736 ], [ -48.831582892473804, -26.259630817391443 ] ] ], [ [ [ -48.788719354075262, -26.272756056088696 ], [ -48.790417374386614, -26.275693171481549 ], [ -48.789067281944604, -26.276853270242324 ], [ -48.790273293933041, -26.277233023256535 ], [ -48.791263284177958, -26.279798374492248 ], [ -48.792007478711277, -26.280089405555586 ], [ -48.793871770226637, -26.275641579103887 ], [ -48.792638369320677, -26.274071954218513 ], [ -48.790463267299948, -26.272937313116049 ], [ -48.789958450034526, -26.273582119641077 ], [ -48.788719354075262, -26.272756056088696 ] ] ], [ [ [ -48.793583953152343, -26.264770771512811 ], [ -48.793721630761254, -26.266744145992831 ], [ -48.79243664164315, -26.267065392033206 ], [ -48.792344856802004, -26.268488058927307 ], [ -48.792528427237478, -26.268992876441626 ], [ -48.79450180175288, -26.268671628742439 ], [ -48.795052511396619, -26.270461434141602 ], [ -48.794410016962246, -26.271379281896913 ], [ -48.793629845183041, -26.270874465918045 ], [ -48.790688759374746, -26.272480700139017 ], [ -48.794180426234313, -26.275286988040506 ], [ -48.796104889574323, -26.270891434386009 ], [ -48.794707826563716, -26.264724879636844 ], [ -48.793583953152343, -26.264770771512811 ] ] ], [ [ [ -48.753368354013681, -26.36381870571752 ], [ -48.753488624847158, -26.363840133315186 ], [ -48.753612023171911, -26.363842265826353 ], [ -48.753368354013681, -26.36381870571752 ] ] ], [ [ [ -48.749334167570609, -26.361055317369782 ], [ -48.748563887801502, -26.361595781732877 ], [ -48.74649144360987, -26.362252653902011 ], [ -48.746067970675149, -26.362710536739492 ], [ -48.746463105357002, -26.362919742007335 ], [ -48.748053391889627, -26.362612647092647 ], [ -48.748830466084996, -26.36279123318424 ], [ -48.749240976969048, -26.363371511112252 ], [ -48.749155827906328, -26.364972633857406 ], [ -48.751051376625441, -26.363311288836837 ], [ -48.753843877202044, -26.363783278097451 ], [ -48.755616182473496, -26.362799618119492 ], [ -48.752652937238054, -26.361034042509704 ], [ -48.749334167570609, -26.361055317369782 ] ] ], [ [ [ -48.731142516893826, -26.354060794931289 ], [ -48.730815587702288, -26.353408588780479 ], [ -48.730262235859108, -26.353666113028922 ], [ -48.730419281740552, -26.354035084390361 ], [ -48.731142516893826, -26.354060794931289 ] ] ], [ [ [ -48.733771057415112, -26.354002133867347 ], [ -48.733645858466438, -26.351784258781745 ], [ -48.733021333145594, -26.351206276876141 ], [ -48.731206019667724, -26.353318010243861 ], [ -48.734159432143443, -26.354726464032087 ], [ -48.733771057415112, -26.354002133867347 ] ] ], [ [ [ -48.724403640308914, -26.346281119432863 ], [ -48.72497118270995, -26.346137996798305 ], [ -48.724980729430818, -26.345820537441938 ], [ -48.724403640308914, -26.346281119432863 ] ] ], [ [ [ -48.72504507255443, -26.345096674723031 ], [ -48.725066693869778, -26.345690289952234 ], [ -48.725754992138967, -26.345259740298591 ], [ -48.72504507255443, -26.345096674723031 ] ] ], [ [ [ -48.721447966671761, -26.34291396036301 ], [ -48.720572024875615, -26.344492644971975 ], [ -48.72135320896399, -26.34549630170212 ], [ -48.721035715305099, -26.34640905014863 ], [ -48.722754221588637, -26.346835540957734 ], [ -48.724814911312997, -26.344542769282864 ], [ -48.72347779304588, -26.342988496455185 ], [ -48.723511265154343, -26.343998981264519 ], [ -48.722521939959329, -26.343890250333725 ], [ -48.722762317920548, -26.34290364175731 ], [ -48.721447966671761, -26.34291396036301 ] ] ], [ [ [ -48.789915205482799, -26.302521697218907 ], [ -48.780911311533345, -26.302152657837276 ], [ -48.778777769860689, -26.305628752321837 ], [ -48.777485061024038, -26.305479211363846 ], [ -48.777079802547561, -26.30651061883546 ], [ -48.776682266690784, -26.306657136000482 ], [ -48.775708154660087, -26.3050249605229 ], [ -48.775375657575779, -26.306266214414357 ], [ -48.774290294889674, -26.306105523965478 ], [ -48.77455422681625, -26.30712175022401 ], [ -48.773906366884475, -26.308099008842255 ], [ -48.768900550292472, -26.30933148196484 ], [ -48.768364034351549, -26.309356824432008 ], [ -48.767536315742817, -26.310043974311064 ], [ -48.76567617745404, -26.31093931844649 ], [ -48.765889183417009, -26.313050667950293 ], [ -48.765386134312259, -26.31327719146168 ], [ -48.764786066458413, -26.313247913341804 ], [ -48.765224428494903, -26.313858439452328 ], [ -48.765231447573903, -26.314799561384483 ], [ -48.765667229296767, -26.315309912626809 ], [ -48.766165835439494, -26.314752445634795 ], [ -48.766435237864151, -26.31471444162678 ], [ -48.766688884463434, -26.314837697101495 ], [ -48.767149016116825, -26.315596593337713 ], [ -48.767924189376792, -26.316136159852981 ], [ -48.768753094123923, -26.317279839317742 ], [ -48.76865446082558, -26.317458044078549 ], [ -48.768811060498706, -26.318024731558165 ], [ -48.768693221835072, -26.318688421116569 ], [ -48.768153736433611, -26.318526656582634 ], [ -48.76733603312902, -26.319464571056798 ], [ -48.767878238399028, -26.318426369857953 ], [ -48.768669058194249, -26.318577452786577 ], [ -48.768630679085085, -26.317253287375376 ], [ -48.767121873370762, -26.315723336640637 ], [ -48.766486512535423, -26.314825796588554 ], [ -48.765759918346014, -26.315518900737576 ], [ -48.765418333204984, -26.315428669798479 ], [ -48.764593746288313, -26.313206892671197 ], [ -48.765709446494554, -26.312994646330917 ], [ -48.765341621998473, -26.311917905344718 ], [ -48.764725374890702, -26.312205019468031 ], [ -48.763113000543655, -26.311227998941334 ], [ -48.761284380469661, -26.315165176060443 ], [ -48.759045577893218, -26.315108516867937 ], [ -48.757629311886824, -26.315920047283274 ], [ -48.753479224867355, -26.313200259506285 ], [ -48.751639401280606, -26.312967335414513 ], [ -48.750911598067731, -26.315809738100697 ], [ -48.747547250736268, -26.315632965046163 ], [ -48.74474592432626, -26.318610997358125 ], [ -48.740212277889469, -26.325564927484571 ], [ -48.732604910658146, -26.331528128845864 ], [ -48.730656696757471, -26.335203785787527 ], [ -48.727703384725885, -26.337322463232866 ], [ -48.729500933413988, -26.336878913192063 ], [ -48.731818811449152, -26.337398972065845 ], [ -48.732346339599601, -26.33651893777682 ], [ -48.734479653869016, -26.3358012354899 ], [ -48.733229460511851, -26.335261270654101 ], [ -48.733027317160392, -26.335086392480502 ], [ -48.733259796029806, -26.334951203261969 ], [ -48.734198105607881, -26.335148094298415 ], [ -48.734377262026619, -26.335000043787591 ], [ -48.733668292985172, -26.3343575221507 ], [ -48.733739202701251, -26.33280316273478 ], [ -48.734433549348608, -26.332693041549938 ], [ -48.734662208613344, -26.333009175975292 ], [ -48.735240829955281, -26.333179563374973 ], [ -48.735734566140614, -26.333690592896549 ], [ -48.736087790689048, -26.333289365117611 ], [ -48.737279500874351, -26.332911258567801 ], [ -48.735771473526455, -26.33376671479726 ], [ -48.733759274983917, -26.332955932750799 ], [ -48.733830560048446, -26.334445640032932 ], [ -48.734495467124951, -26.334980415255732 ], [ -48.7341923987264, -26.335250092698161 ], [ -48.733189253363022, -26.33512767810366 ], [ -48.734506834082559, -26.335636963910954 ], [ -48.734578781099408, -26.335805570191848 ], [ -48.734409860338047, -26.336127821568819 ], [ -48.732454946727763, -26.336568166983611 ], [ -48.731793475939568, -26.337535505423066 ], [ -48.729234979120676, -26.337010164571534 ], [ -48.7270124411246, -26.337944372293318 ], [ -48.726043139422138, -26.339272025766988 ], [ -48.723914473550401, -26.339262164175402 ], [ -48.723786319945084, -26.341495955383017 ], [ -48.724678617865855, -26.343633486132561 ], [ -48.727603137855581, -26.34513930591763 ], [ -48.731300229023219, -26.348300749083858 ], [ -48.733697450280651, -26.351477762170038 ], [ -48.734396870836335, -26.354712180893362 ], [ -48.737883885891115, -26.355655958990646 ], [ -48.734529898526326, -26.355044671531569 ], [ -48.736441472424737, -26.357825369237645 ], [ -48.738276986603388, -26.357397741622936 ], [ -48.739043314961719, -26.355588646964964 ], [ -48.74003140822024, -26.355183395395656 ], [ -48.745132919756927, -26.357267769053589 ], [ -48.745788429690158, -26.359655243172227 ], [ -48.748383318220512, -26.359050045212719 ], [ -48.749691609761982, -26.360179648211403 ], [ -48.751991205763382, -26.360853020845532 ], [ -48.752689107626466, -26.358494039399172 ], [ -48.75367300297458, -26.359045301003285 ], [ -48.754272938514077, -26.36075841748535 ], [ -48.756717621010978, -26.361252078220204 ], [ -48.755995048985724, -26.359942759104889 ], [ -48.756101687826259, -26.358176869225034 ], [ -48.756953536319955, -26.358018485971016 ], [ -48.758926502187748, -26.359362125869794 ], [ -48.759530601494554, -26.3589459342368 ], [ -48.758730135132865, -26.355478169414674 ], [ -48.759481023238067, -26.355377317267507 ], [ -48.760250640498356, -26.355812230428192 ], [ -48.761262881587456, -26.357257408583404 ], [ -48.761878287798346, -26.356296310529451 ], [ -48.761544208218368, -26.354851135360366 ], [ -48.762117697337253, -26.354455244740908 ], [ -48.761842890866845, -26.35379069916366 ], [ -48.762851305039213, -26.355196790687021 ], [ -48.76413484774541, -26.354216730806591 ], [ -48.763399476572182, -26.352940009626685 ], [ -48.764650610367056, -26.352873833480292 ], [ -48.765013830152881, -26.351884560144786 ], [ -48.765514765272798, -26.35167168190803 ], [ -48.76555318840456, -26.352156221541417 ], [ -48.766349710593886, -26.352108792884192 ], [ -48.766815268089182, -26.352667051872789 ], [ -48.768252503195022, -26.352766705878413 ], [ -48.768272273805934, -26.352934300437656 ], [ -48.767670286808958, -26.353360585090254 ], [ -48.768023965505471, -26.353562296232802 ], [ -48.768145036459281, -26.353889283262788 ], [ -48.767612192342106, -26.353377973560054 ], [ -48.768074151760793, -26.352791740079812 ], [ -48.766993626255839, -26.352786933940749 ], [ -48.76507412972542, -26.352034946417383 ], [ -48.764812898855197, -26.352973772466324 ], [ -48.763818509983814, -26.353341643997293 ], [ -48.764362464034377, -26.354244378530417 ], [ -48.763366452743817, -26.355076622616071 ], [ -48.763846426064312, -26.355557300697889 ], [ -48.76265145620274, -26.355368067752295 ], [ -48.761795011348113, -26.354804238606707 ], [ -48.762086409246621, -26.356301229655912 ], [ -48.76137312217886, -26.357413436270388 ], [ -48.758939962774292, -26.355623194496705 ], [ -48.759686845748874, -26.359184530801311 ], [ -48.758664786668334, -26.359532922795701 ], [ -48.756409962622968, -26.358307903175742 ], [ -48.756864844218534, -26.361427224627494 ], [ -48.753953113287153, -26.360888559475708 ], [ -48.75270511742545, -26.358972411977231 ], [ -48.752733900424737, -26.36094543283081 ], [ -48.755687718706547, -26.362378732194607 ], [ -48.755759922148819, -26.362884176871408 ], [ -48.755137511378983, -26.363734391291807 ], [ -48.753655805681937, -26.364174204484776 ], [ -48.751134403315596, -26.36355711573837 ], [ -48.750393269165293, -26.36468585234946 ], [ -48.748972950590264, -26.365183160668117 ], [ -48.749090291407853, -26.363491491386014 ], [ -48.748510184143107, -26.36276529494096 ], [ -48.746966197381063, -26.363323275434304 ], [ -48.745909992075035, -26.362792276511865 ], [ -48.746364708776369, -26.362199014257826 ], [ -48.749198242252568, -26.361011060900093 ], [ -48.748861353770124, -26.359553908304012 ], [ -48.745483861914202, -26.360327040914388 ], [ -48.744724299555266, -26.357503319005168 ], [ -48.740352911667678, -26.355593107709211 ], [ -48.739432028203098, -26.355729923158947 ], [ -48.738423242569525, -26.357852084200047 ], [ -48.736077294485099, -26.358106353453206 ], [ -48.733620507535335, -26.3550268542817 ], [ -48.730063077915261, -26.354128808785568 ], [ -48.730042293349214, -26.353739311808674 ], [ -48.730964229519465, -26.352554434427088 ], [ -48.732254153694015, -26.35137703691214 ], [ -48.732313390903009, -26.35070635549874 ], [ -48.730294912240261, -26.348129001152678 ], [ -48.726892128280575, -26.345387812114211 ], [ -48.725359002816987, -26.345688566619565 ], [ -48.725937548144735, -26.346461879599214 ], [ -48.725751442115858, -26.348388340967496 ], [ -48.721706155352855, -26.349240990882567 ], [ -48.716714115719576, -26.348975871229047 ], [ -48.716943577870516, -26.350084817389352 ], [ -48.720706758198219, -26.351002666545195 ], [ -48.723368519712594, -26.352608901328487 ], [ -48.723368520289235, -26.354169243781122 ], [ -48.724607615412943, -26.354765845810668 ], [ -48.725250110595233, -26.356417974479577 ], [ -48.72621385093673, -26.356785112654041 ], [ -48.72722348443817, -26.358437241027989 ], [ -48.72892150503138, -26.358574917764539 ], [ -48.728279010775182, -26.358942057881482 ], [ -48.728462580507433, -26.361236679752974 ], [ -48.729701676316004, -26.361420249711102 ], [ -48.729334536392606, -26.363393624858485 ], [ -48.731032556611019, -26.364082010789506 ], [ -48.731262019074933, -26.364908075013929 ], [ -48.734061458319808, -26.36522932229742 ], [ -48.736218403105447, -26.364357365949754 ], [ -48.740624076617216, -26.364908075051009 ], [ -48.742276205367673, -26.368441792861137 ], [ -48.743882440237357, -26.368854824064659 ], [ -48.744157794373542, -26.368258222007317 ], [ -48.74516742867435, -26.368395899481762 ], [ -48.746268847368327, -26.370690522533458 ], [ -48.748288114894862, -26.370231597581135 ], [ -48.748609361989018, -26.368900717144836 ], [ -48.749481317452535, -26.368854824099337 ], [ -48.749618994719377, -26.367478052744307 ], [ -48.752418434679285, -26.367294481426544 ], [ -48.753611637924699, -26.367936975945266 ], [ -48.753106820376139, -26.370369274864007 ], [ -48.755126087576087, -26.371470692942655 ], [ -48.75627339930746, -26.370598737423769 ], [ -48.757466601292386, -26.372159080911072 ], [ -48.76067907376806, -26.371241231920674 ], [ -48.761780492302641, -26.370415166839077 ], [ -48.762009954320156, -26.369221964045927 ], [ -48.763616189057117, -26.369038395326619 ], [ -48.762331200750907, -26.362429882865417 ], [ -48.765130640044845, -26.358987949368071 ], [ -48.767608832721024, -26.35972222878992 ], [ -48.769077389087464, -26.361649711645168 ], [ -48.770132915635074, -26.361466141682374 ], [ -48.771050765699492, -26.364173795679491 ], [ -48.775318761815832, -26.363714871921882 ], [ -48.775961256411691, -26.36399022566442 ], [ -48.77637428742667, -26.365734138428802 ], [ -48.776741427248979, -26.364586827334328 ], [ -48.777980522787622, -26.364173795781436 ], [ -48.778990157817766, -26.365045751373735 ], [ -48.781009424358558, -26.364311472529998 ], [ -48.781606026206013, -26.365366998722301 ], [ -48.783533507829723, -26.364816290451 ], [ -48.785185636308555, -26.365734138713155 ], [ -48.787159010619604, -26.365734138687859 ], [ -48.788627569348272, -26.366743772105156 ], [ -48.791840040433485, -26.365780031068905 ], [ -48.793262705988695, -26.366560202965793 ], [ -48.7962916066407, -26.366422526146472 ], [ -48.796658746487459, -26.363944334169471 ], [ -48.795786790187378, -26.362888807447316 ], [ -48.796199822459322, -26.361420249895968 ], [ -48.797393025244723, -26.361557926578772 ], [ -48.79826498250759, -26.360777754369103 ], [ -48.798173196754448, -26.357748854306351 ], [ -48.799549969845785, -26.352746577788157 ], [ -48.800743173061349, -26.351323912742984 ], [ -48.801110313033107, -26.348753935397109 ], [ -48.798861582827612, -26.344256476372792 ], [ -48.800008894634722, -26.342512563853798 ], [ -48.801431559526016, -26.342650241211121 ], [ -48.802395300698187, -26.339850802938113 ], [ -48.804689923321575, -26.339667232660432 ], [ -48.804919384737872, -26.338887061762364 ], [ -48.806938652989366, -26.337831534625803 ], [ -48.806709190515967, -26.334481386947154 ], [ -48.810380585108014, -26.334114248217968 ], [ -48.81281288547892, -26.332416227815543 ], [ -48.813914303782113, -26.332324442521859 ], [ -48.814235551228244, -26.33071820645706 ], [ -48.815061615310235, -26.330672314524154 ], [ -48.816071248233882, -26.329525003689888 ], [ -48.816484280586572, -26.327505736856097 ], [ -48.815199291551167, -26.325027544195983 ], [ -48.81653017293678, -26.324385051060514 ], [ -48.817356237294945, -26.322778815239733 ], [ -48.816759634506553, -26.320254731118922 ], [ -48.815750001463989, -26.31901563458781 ], [ -48.816667850436176, -26.316399765531383 ], [ -48.815566430580937, -26.315803162879316 ], [ -48.815612323498826, -26.314105143311544 ], [ -48.814202894934432, -26.314345477920426 ], [ -48.813181096232917, -26.317306127974547 ], [ -48.811976839156706, -26.317954982361229 ], [ -48.811990092624605, -26.318918421028638 ], [ -48.810765273983286, -26.320707058964512 ], [ -48.810806695391015, -26.321177615222741 ], [ -48.811120349203009, -26.321358116695603 ], [ -48.811234469922255, -26.322021710823737 ], [ -48.811735987254771, -26.321974637296286 ], [ -48.812694511534339, -26.322241897116506 ], [ -48.811164864787621, -26.322091748314655 ], [ -48.81106105564087, -26.321368001902187 ], [ -48.810684925137529, -26.321185482731064 ], [ -48.810660305104392, -26.320760317496003 ], [ -48.811183926473305, -26.319296147899763 ], [ -48.810316551351868, -26.319625639766858 ], [ -48.81034148806355, -26.320093853971187 ], [ -48.809567796842117, -26.320430752393452 ], [ -48.810289595630792, -26.319602388181981 ], [ -48.811844071587444, -26.318955638390978 ], [ -48.81187671708043, -26.317920196965968 ], [ -48.81261198630186, -26.317527747992916 ], [ -48.812531686170821, -26.316701593482758 ], [ -48.812011706947921, -26.316933333017985 ], [ -48.811013682282095, -26.316991635824479 ], [ -48.810579092901108, -26.316661199823464 ], [ -48.812546445952002, -26.316588923080683 ], [ -48.812941590792974, -26.317361370092939 ], [ -48.81410706344645, -26.314523729566702 ], [ -48.812557947431912, -26.314103063463097 ], [ -48.812390406078073, -26.3128739432169 ], [ -48.811441999251116, -26.314323449428134 ], [ -48.810165739609339, -26.314627960332125 ], [ -48.808376155437493, -26.311886675383608 ], [ -48.807401502910622, -26.311851299835695 ], [ -48.805135670816249, -26.314318759121377 ], [ -48.806840612893531, -26.311958274233373 ], [ -48.807656626352447, -26.311709729857885 ], [ -48.808296444798302, -26.311722719152758 ], [ -48.801668973343368, -26.303837559378596 ], [ -48.798317675348578, -26.303787685635481 ], [ -48.796899776331777, -26.304660182678639 ], [ -48.792713912941743, -26.30555469833881 ], [ -48.788919516390457, -26.308464025291922 ], [ -48.789781564803945, -26.310092878312926 ], [ -48.789768341666047, -26.311490053642313 ], [ -48.791341269633278, -26.312796758141413 ], [ -48.790760493191129, -26.313948098793944 ], [ -48.79164721488128, -26.314583223896225 ], [ -48.792813416513106, -26.314084997756265 ], [ -48.793311686254924, -26.314088336990896 ], [ -48.793417153039989, -26.314335616807167 ], [ -48.792910280908842, -26.315059953269326 ], [ -48.793015329811524, -26.315619502984269 ], [ -48.794038258387232, -26.315096750380434 ], [ -48.796057963121967, -26.315865012109633 ], [ -48.796045036616178, -26.31631241095138 ], [ -48.795840517878169, -26.316783831463322 ], [ -48.795601141726017, -26.316764897290295 ], [ -48.795242251363518, -26.316392232098821 ], [ -48.794991440559087, -26.31653280707819 ], [ -48.795785031612702, -26.317235978290668 ], [ -48.79553139610632, -26.317842843013192 ], [ -48.795715553495107, -26.318336769653687 ], [ -48.795634648161716, -26.318579152817499 ], [ -48.794494590775223, -26.319000785305057 ], [ -48.795049203665485, -26.318942913574357 ], [ -48.795301559626722, -26.31905447741962 ], [ -48.79509463631733, -26.319105809347029 ], [ -48.79527853424964, -26.319479117367045 ], [ -48.79515979770833, -26.319711705084956 ], [ -48.794906310634985, -26.31982250153882 ], [ -48.795024143268492, -26.3201906561697 ], [ -48.794776715286837, -26.320446227698003 ], [ -48.79501574021949, -26.320553328480237 ], [ -48.794747001316289, -26.320531507926965 ], [ -48.794813848265406, -26.319872507307821 ], [ -48.795225864101667, -26.319411622249035 ], [ -48.794430125054063, -26.318974764119165 ], [ -48.795624506551015, -26.318514662137755 ], [ -48.795460497873208, -26.317844709266442 ], [ -48.795687699891324, -26.317251747005145 ], [ -48.794911583092826, -26.316527740967096 ], [ -48.795295156369598, -26.316344144553995 ], [ -48.795797568408645, -26.316724924790204 ], [ -48.795988305431855, -26.315908481304621 ], [ -48.794014150669113, -26.31518906275879 ], [ -48.79371701290836, -26.315641353988848 ], [ -48.792914622694774, -26.315646976144368 ], [ -48.792813798981626, -26.314998230514327 ], [ -48.79321971930667, -26.314163884163772 ], [ -48.791758041588999, -26.314708360400839 ], [ -48.790815219375503, -26.314164321742414 ], [ -48.790594094506261, -26.313755071869 ], [ -48.791133401134196, -26.31271431431157 ], [ -48.789564306488877, -26.311503705679506 ], [ -48.788670554560071, -26.308130098979724 ], [ -48.787475936372687, -26.308566063950341 ], [ -48.787014360381818, -26.309411895537387 ], [ -48.788436555492439, -26.310735495856822 ], [ -48.788443679556131, -26.311098677935451 ], [ -48.786751937989656, -26.312614884647164 ], [ -48.78768335401049, -26.313176592296621 ], [ -48.787481755793145, -26.314492178787241 ], [ -48.785485728347865, -26.315890923318488 ], [ -48.78655806437191, -26.316918702756034 ], [ -48.786653962686628, -26.31743923674323 ], [ -48.786302766763143, -26.317875423177654 ], [ -48.785216458036182, -26.318237183791609 ], [ -48.783326531339206, -26.317760157087033 ], [ -48.78320585461951, -26.318579944341238 ], [ -48.782176028012216, -26.319148416964783 ], [ -48.783164477050953, -26.319610425009031 ], [ -48.783084474866165, -26.320930690795972 ], [ -48.782351235319801, -26.321839729619267 ], [ -48.781272082408179, -26.322204878961397 ], [ -48.781908636857246, -26.323876863018373 ], [ -48.781284126573041, -26.325180523739775 ], [ -48.782456646271939, -26.326382760873468 ], [ -48.783000954126194, -26.327552215039464 ], [ -48.782357665502303, -26.32822181487413 ], [ -48.780705494018669, -26.328424716435141 ], [ -48.779592112866901, -26.328248313642565 ], [ -48.779024537803856, -26.330550616394422 ], [ -48.77876575276558, -26.330619626675983 ], [ -48.778387230925873, -26.330515911144627 ], [ -48.778192949168726, -26.330199363264146 ], [ -48.777747840466652, -26.330406370882855 ], [ -48.778107860596712, -26.331334890463648 ], [ -48.777524172746709, -26.331511179352631 ], [ -48.777969712861719, -26.331870200979136 ], [ -48.777936119530686, -26.332638709368631 ], [ -48.778355091978938, -26.33265612195385 ], [ -48.77874470260214, -26.332914777449851 ], [ -48.778518601726709, -26.333525939915162 ], [ -48.778693958923128, -26.332935252520684 ], [ -48.777844603625901, -26.332661542763212 ], [ -48.777441105058472, -26.331497107369572 ], [ -48.778043388098375, -26.331277522223612 ], [ -48.777582371022397, -26.330413179873933 ], [ -48.778200415796299, -26.330061382913172 ], [ -48.778902020130907, -26.33051923154035 ], [ -48.779486770887836, -26.328174594284526 ], [ -48.782284855344784, -26.328110638678762 ], [ -48.78284506299039, -26.327520687336261 ], [ -48.781118220629871, -26.325170590276446 ], [ -48.781737525621317, -26.323910913213059 ], [ -48.781037485228914, -26.322129369136981 ], [ -48.782940928254419, -26.320910872673529 ], [ -48.782998509920702, -26.319625347101859 ], [ -48.781997328488302, -26.319118774195317 ], [ -48.783253596680261, -26.317604759067933 ], [ -48.785293302656477, -26.318074588368585 ], [ -48.78650230571052, -26.317388547768775 ], [ -48.785312515147488, -26.316079932756775 ], [ -48.785300847271536, -26.315606510426672 ], [ -48.787235895220348, -26.314442256891546 ], [ -48.787505007450576, -26.313242167054305 ], [ -48.786530852330941, -26.312573645763152 ], [ -48.788236630941682, -26.310951624812223 ], [ -48.786713622601376, -26.30906359806573 ], [ -48.790658184252194, -26.30568329911598 ], [ -48.790703417022435, -26.303564390418373 ], [ -48.789915205482799, -26.302521697218907 ] ] ], [ [ [ -48.710815672444078, -26.330167497306302 ], [ -48.708316870635983, -26.332410369769793 ], [ -48.705018209700143, -26.333694449248693 ], [ -48.703484458952303, -26.333646629752632 ], [ -48.70244604589957, -26.332026306929347 ], [ -48.698770172133656, -26.332278549843398 ], [ -48.698999633791885, -26.338336351788179 ], [ -48.699963374956077, -26.339254200799456 ], [ -48.70014694450974, -26.342466672408978 ], [ -48.698816063993448, -26.342971488064926 ], [ -48.697118043898236, -26.341870069609257 ], [ -48.695420023577348, -26.341594716369496 ], [ -48.693859681562515, -26.341640608092785 ], [ -48.692207553153303, -26.34255845678641 ], [ -48.692561838438294, -26.342879703369544 ], [ -48.693689026340436, -26.34194861684518 ], [ -48.693859897592816, -26.342391483454101 ], [ -48.696712371716885, -26.341960549558085 ], [ -48.698604066216397, -26.343323463409615 ], [ -48.701140868268375, -26.34280512303171 ], [ -48.704058265647127, -26.340642351790663 ], [ -48.704637801731408, -26.337866019609983 ], [ -48.70907694000622, -26.332519541403688 ], [ -48.716919175258681, -26.328879123047095 ], [ -48.715810076816439, -26.328151896767025 ], [ -48.713864995170709, -26.328219500820953 ], [ -48.712968551490313, -26.329666998765955 ], [ -48.710815672444078, -26.330167497306302 ] ] ], [ [ [ -48.719137786785915, -26.330944897734682 ], [ -48.709619741192625, -26.333866088052829 ], [ -48.709065245511148, -26.335909426308692 ], [ -48.711468560318828, -26.339310371980819 ], [ -48.713565682297514, -26.339747830379963 ], [ -48.715906287995928, -26.339174578203231 ], [ -48.723461020966056, -26.334540212064589 ], [ -48.721531529878661, -26.331859085833894 ], [ -48.719137786785915, -26.330944897734682 ] ] ], [ [ [ -48.725735576641654, -26.331945457470603 ], [ -48.723502567044932, -26.333178869806719 ], [ -48.723449651676198, -26.334122904358452 ], [ -48.725735576641654, -26.331945457470603 ] ] ], [ [ [ -48.717183048790631, -26.328807642077042 ], [ -48.71740514982541, -26.328259825258318 ], [ -48.717033409779681, -26.328407910002241 ], [ -48.717183048790631, -26.328807642077042 ] ] ], [ [ [ -48.745272263652772, -26.315417619381119 ], [ -48.746102840606184, -26.316038012984745 ], [ -48.747141663283649, -26.315489255147124 ], [ -48.745864002706391, -26.315303019547077 ], [ -48.745272263652772, -26.315417619381119 ] ] ], [ [ [ -48.697944107814706, -26.294218256986156 ], [ -48.69808178464416, -26.298272251526889 ], [ -48.699137311500792, -26.30111758378591 ], [ -48.697989999986014, -26.303458097624873 ], [ -48.69780643113085, -26.305752719747648 ], [ -48.699550343310158, -26.307313061995991 ], [ -48.699274989383774, -26.311626951817964 ], [ -48.698173570029461, -26.313508541915038 ], [ -48.695465915928793, -26.314977099818936 ], [ -48.695328238583699, -26.315665486528474 ], [ -48.696888581134388, -26.31662922849026 ], [ -48.698127677918947, -26.319336882098856 ], [ -48.701202471617592, -26.319795806980611 ], [ -48.701844964374608, -26.321356150481574 ], [ -48.702303890091962, -26.323421308819103 ], [ -48.701018901955287, -26.324706298002223 ], [ -48.701340148312603, -26.325532361463306 ], [ -48.700789439039923, -26.326220748053945 ], [ -48.699366774511049, -26.32658788747943 ], [ -48.699458557714138, -26.327301698593089 ], [ -48.706614991324066, -26.325191990183885 ], [ -48.707512167377942, -26.326146418860873 ], [ -48.711848025999302, -26.325619576600065 ], [ -48.715900633604939, -26.321373638760384 ], [ -48.713924122356808, -26.31966833000503 ], [ -48.712903152504772, -26.317244530183281 ], [ -48.712829806018959, -26.3132079121049 ], [ -48.714223887744915, -26.309584485470584 ], [ -48.713685741597111, -26.307191318355304 ], [ -48.706604459397077, -26.297310607969418 ], [ -48.702906304013887, -26.297801703674768 ], [ -48.699263346754478, -26.295496299130598 ], [ -48.698879112655334, -26.294343704372544 ], [ -48.697944107814706, -26.294218256986156 ] ] ], [ [ [ -48.772352572348836, -26.294920485769815 ], [ -48.76970415484405, -26.297162589120088 ], [ -48.764752058511569, -26.299393709494726 ], [ -48.763116454294007, -26.301345074300485 ], [ -48.760631413775364, -26.302546772894136 ], [ -48.755895654972363, -26.303116750706483 ], [ -48.754822654703183, -26.302577382494736 ], [ -48.753005222920436, -26.305262873202395 ], [ -48.751146483881861, -26.310591799953738 ], [ -48.749114165009402, -26.313140337560071 ], [ -48.749610758217855, -26.314528123138466 ], [ -48.748456299037578, -26.315137458150812 ], [ -48.750131177867772, -26.315236998463615 ], [ -48.751307827842439, -26.31290898211029 ], [ -48.752204331958708, -26.312599860579112 ], [ -48.753463297073033, -26.312914660197801 ], [ -48.757306148833358, -26.315619637629592 ], [ -48.759189363011977, -26.314855246490644 ], [ -48.760903365122147, -26.315077677008336 ], [ -48.763036679458359, -26.310999137577561 ], [ -48.764899843301436, -26.311999643318494 ], [ -48.765588801631282, -26.310865148784004 ], [ -48.76823808786682, -26.309308160666689 ], [ -48.773751447709415, -26.308079324312796 ], [ -48.774458993469345, -26.307056456662306 ], [ -48.774117819242072, -26.306176638215572 ], [ -48.774575107134559, -26.305885109181425 ], [ -48.775291351040359, -26.306118005702498 ], [ -48.775677949415154, -26.304856232010764 ], [ -48.776697916031708, -26.306509221723648 ], [ -48.777455916952995, -26.305304270276594 ], [ -48.778741999904398, -26.305446400041916 ], [ -48.780460605186853, -26.302305414235953 ], [ -48.78025041097262, -26.300274820050333 ], [ -48.779139718207411, -26.299598478520696 ], [ -48.777122510471507, -26.300488516775868 ], [ -48.776247176166912, -26.299710799039804 ], [ -48.777780781647813, -26.299868298991264 ], [ -48.775990402058788, -26.296702229159461 ], [ -48.773325425257397, -26.294878275607346 ], [ -48.772352572348836, -26.294920485769815 ] ] ], [ [ [ -48.739568550248713, -26.293958363240613 ], [ -48.740394614473303, -26.29583995279852 ], [ -48.741771387751243, -26.296711908512826 ], [ -48.741587818044607, -26.297400296487432 ], [ -48.737090359346638, -26.298501714121723 ], [ -48.734331211398917, -26.300062056700302 ], [ -48.726707597917603, -26.310480726074651 ], [ -48.729043927334885, -26.313411183798401 ], [ -48.731690710151916, -26.315190043753091 ], [ -48.733897088281076, -26.31543520211471 ], [ -48.734039157848343, -26.314666782684093 ], [ -48.739882484147302, -26.31356088952149 ], [ -48.740993168207396, -26.311857721697361 ], [ -48.744982845768156, -26.308872344727693 ], [ -48.748164811493766, -26.304750107639851 ], [ -48.752156235271812, -26.301156039431131 ], [ -48.753746101897818, -26.298570334241173 ], [ -48.755872825920221, -26.298443910241165 ], [ -48.749591668001166, -26.29706808454722 ], [ -48.745573195533865, -26.295377276656602 ], [ -48.741079917028181, -26.29186176329419 ], [ -48.739568550248713, -26.293958363240613 ] ] ], [ [ [ -48.762882328673975, -26.291668895975356 ], [ -48.762879206830817, -26.291668894213622 ], [ -48.762879942174443, -26.291668976080452 ], [ -48.762882328673975, -26.291668895975356 ] ] ] ] } },
{ "type": "Feature", "properties": { "ID": 6, "Nomes": "Bacia Hidrográfica do Piraí", "Area": 578.65026, "Perimetro": 188.75594 }, "geometry": { "type": "Polygon", "coordinates": [ [ [ -49.030522328056854, -26.215725228275051 ], [ -49.028750187801158, -26.217417157009461 ], [ -49.02882515947028, -26.218729952346266 ], [ -49.027808433071982, -26.2208586607107 ], [ -49.028651565231975, -26.222434174495241 ], [ -49.028416929021581, -26.22341132024415 ], [ -49.024787449530699, -26.226982791980177 ], [ -49.022470707910927, -26.227002030037937 ], [ -49.021242492541198, -26.225977996275216 ], [ -49.018293664483082, -26.227709975376495 ], [ -49.018390372372501, -26.228564362748219 ], [ -49.017756006878315, -26.227450667820555 ], [ -49.016486675866943, -26.227316245969455 ], [ -49.012274029598537, -26.227702479832907 ], [ -49.011791328068014, -26.228555410017172 ], [ -49.010124118545143, -26.227770907325567 ], [ -49.007898363139894, -26.227959915502577 ], [ -49.006668453879868, -26.229657840631813 ], [ -49.002668796269617, -26.226658189525793 ], [ -49.000384778369224, -26.227263039432938 ], [ -48.998313146075375, -26.226653298909618 ], [ -48.995267192433275, -26.223361407530096 ], [ -48.995704526704984, -26.221201221836953 ], [ -48.994004162205229, -26.220542094435974 ], [ -48.988889653392143, -26.22035024999235 ], [ -48.983604519544684, -26.218004836166898 ], [ -48.977772281156327, -26.216527202587869 ], [ -48.974754012943109, -26.216583504602937 ], [ -48.973886463595193, -26.217502218362966 ], [ -48.971214146720968, -26.21603441296741 ], [ -48.96896216803745, -26.216764020751697 ], [ -48.966669011273645, -26.216280292463921 ], [ -48.966678985354065, -26.218023522140694 ], [ -48.965358464116818, -26.21890967984724 ], [ -48.96313764207521, -26.217945247334022 ], [ -48.960925032170557, -26.218581342178251 ], [ -48.957811249080855, -26.217406447770443 ], [ -48.957984667828839, -26.216851911279825 ], [ -48.955575315769664, -26.215491097756434 ], [ -48.953948367677455, -26.222688789107185 ], [ -48.954499194288545, -26.224151463869262 ], [ -48.952638700463552, -26.226392453336782 ], [ -48.951973313769628, -26.228473634893081 ], [ -48.945603320705843, -26.230602883931159 ], [ -48.945982918058689, -26.231781692887651 ], [ -48.94545745020514, -26.23363122099537 ], [ -48.939842207457765, -26.236337160405327 ], [ -48.938478563514479, -26.237360576296346 ], [ -48.937644635868288, -26.23924406065629 ], [ -48.932905464695615, -26.238400665893653 ], [ -48.929531957723668, -26.238989426849848 ], [ -48.92829870130744, -26.237922808820098 ], [ -48.927193170804827, -26.238815458859204 ], [ -48.927127071030185, -26.239724481043226 ], [ -48.926377564316397, -26.238854965028921 ], [ -48.923822521353813, -26.239350126358712 ], [ -48.920887542307973, -26.237946602273365 ], [ -48.919444535468322, -26.238891409931714 ], [ -48.916949883782117, -26.237952587290266 ], [ -48.917326883484257, -26.239217812830599 ], [ -48.916193137135011, -26.241100675847992 ], [ -48.915063010982571, -26.241762859193635 ], [ -48.913364897593276, -26.240835606650474 ], [ -48.910532981290871, -26.24281954812086 ], [ -48.909043975502584, -26.242014590431729 ], [ -48.909101735608431, -26.240275548241026 ], [ -48.906518310635853, -26.240959655361497 ], [ -48.905038780225958, -26.243653318046 ], [ -48.907816967968039, -26.244950290198144 ], [ -48.905773619056305, -26.247267230525033 ], [ -48.903453089964188, -26.246749444216487 ], [ -48.9029701599055, -26.247316578459113 ], [ -48.900878515302672, -26.246744469443858 ], [ -48.898772280810469, -26.246984442011058 ], [ -48.898144054185153, -26.246200605109419 ], [ -48.896367478351905, -26.246212273397223 ], [ -48.895536324803956, -26.248190932356295 ], [ -48.894430440057391, -26.249087042518564 ], [ -48.89553931580231, -26.250061497015579 ], [ -48.895385565051747, -26.251628272020682 ], [ -48.897891542750308, -26.254414495448117 ], [ -48.897870476048666, -26.255686153020594 ], [ -48.894667984440851, -26.258116332908077 ], [ -48.894652441656504, -26.258837066513571 ], [ -48.895910695477085, -26.25983777624073 ], [ -48.895515552022609, -26.262181755267246 ], [ -48.895951896397705, -26.26463373400777 ], [ -48.897650006414302, -26.26483913157244 ], [ -48.898387555205375, -26.26588289805628 ], [ -48.898592304578358, -26.268102220599733 ], [ -48.90022668407164, -26.269429066135277 ], [ -48.900533271856389, -26.271045467784816 ], [ -48.901739789842907, -26.271217046452541 ], [ -48.901415181266046, -26.272566171852311 ], [ -48.898555402242081, -26.273582034769419 ], [ -48.898463882880037, -26.275230723315733 ], [ -48.897492493906086, -26.275799006154269 ], [ -48.895903295179849, -26.275281563207226 ], [ -48.894757624246658, -26.275970141992321 ], [ -48.893440945544093, -26.275724601201624 ], [ -48.893381191342442, -26.279488570463542 ], [ -48.891033087882512, -26.280939912179456 ], [ -48.890475774581773, -26.280576638387757 ], [ -48.889406561802453, -26.281367259975379 ], [ -48.887741692434759, -26.281301068317195 ], [ -48.887822171127517, -26.28238534341315 ], [ -48.886710903931913, -26.284121375653303 ], [ -48.8852361963161, -26.283842313891682 ], [ -48.88385062511145, -26.282377765108116 ], [ -48.881428955635783, -26.282168584633403 ], [ -48.880178477132553, -26.28677258054984 ], [ -48.879641569255448, -26.287115261270369 ], [ -48.878794207127683, -26.286474294594729 ], [ -48.878203176641087, -26.288290638805211 ], [ -48.878643543613464, -26.289131875840734 ], [ -48.880356704697284, -26.289608861475838 ], [ -48.880861563021661, -26.290766879742467 ], [ -48.88032229267241, -26.291160970262769 ], [ -48.880446609491152, -26.292200720398299 ], [ -48.879473929767421, -26.292666121432028 ], [ -48.878591990566136, -26.294433871709092 ], [ -48.876788518577605, -26.293874765249342 ], [ -48.875519395433756, -26.296802368456181 ], [ -48.869272156706565, -26.298750695507646 ], [ -48.866985663901602, -26.303353056820221 ], [ -48.868932418388837, -26.307413812111438 ], [ -48.87070391104551, -26.309334161414728 ], [ -48.871514542622265, -26.309131116864624 ], [ -48.874695224207564, -26.310441897583917 ], [ -48.874399663461219, -26.312564365771859 ], [ -48.876114709088057, -26.313610881907191 ], [ -48.876951196390728, -26.317368819502182 ], [ -48.881386694114276, -26.316949183466345 ], [ -48.884985999511244, -26.319011944827075 ], [ -48.883880909202347, -26.321292272794174 ], [ -48.884034370817055, -26.322820544682681 ], [ -48.88226621893736, -26.325435972162204 ], [ -48.879778746194368, -26.32544927861569 ], [ -48.875544241335625, -26.329769409259473 ], [ -48.873892938380664, -26.330474835786397 ], [ -48.873345535907404, -26.333225681893875 ], [ -48.871189509809184, -26.333039527455579 ], [ -48.870622178841721, -26.336014293679298 ], [ -48.867421021255034, -26.335786166149397 ], [ -48.866450320474534, -26.336625797780371 ], [ -48.866231709395315, -26.337622058446872 ], [ -48.866833130370217, -26.338260935389386 ], [ -48.864330691399687, -26.340433447835327 ], [ -48.866303754863239, -26.342087460410475 ], [ -48.863328268206224, -26.345924114404081 ], [ -48.864348574204591, -26.347536968235605 ], [ -48.8639513839763, -26.350175438566222 ], [ -48.862494679079411, -26.350120776650435 ], [ -48.861837814422771, -26.349478527047577 ], [ -48.860776955558165, -26.349829820591552 ], [ -48.861806711414538, -26.352399829976257 ], [ -48.858284769668288, -26.352023614037613 ], [ -48.857444560734479, -26.352834386784973 ], [ -48.855687391770616, -26.35284986382619 ], [ -48.857042955031531, -26.35539731380517 ], [ -48.855317000797768, -26.356635051053662 ], [ -48.855200191203529, -26.357535856819933 ], [ -48.850820193250499, -26.359139683971321 ], [ -48.850680930319875, -26.360333278302374 ], [ -48.849512112026986, -26.360208196872975 ], [ -48.849229136363071, -26.360785735428756 ], [ -48.851498941308911, -26.364937362830396 ], [ -48.850279959657406, -26.366867550450831 ], [ -48.846936513016523, -26.368715302255143 ], [ -48.847028620508162, -26.371402769019646 ], [ -48.846171284351897, -26.371859963789177 ], [ -48.846567712097809, -26.374645017352321 ], [ -48.845800754829348, -26.374050431388142 ], [ -48.843265412254603, -26.374414780962269 ], [ -48.840971197670839, -26.373221992486613 ], [ -48.84018014307577, -26.37181939257054 ], [ -48.836519362766296, -26.370793028238367 ], [ -48.833618257893818, -26.373098127341564 ], [ -48.83251699960843, -26.37368260269907 ], [ -48.830760372941249, -26.373516376063346 ], [ -48.830619723105869, -26.374167875864355 ], [ -48.831206262844816, -26.376007069472323 ], [ -48.835593340688241, -26.37778189035733 ], [ -48.835593340688241, -26.378897171707266 ], [ -48.831317259190726, -26.380739864125484 ], [ -48.830707721768029, -26.381535599297035 ], [ -48.82709631395732, -26.381751566457268 ], [ -48.828276365593211, -26.383104720620427 ], [ -48.826431052883066, -26.385171122687371 ], [ -48.824530383247684, -26.384504804910868 ], [ -48.820898092936872, -26.38523875198641 ], [ -48.815463955208017, -26.380144812934191 ], [ -48.814454468446414, -26.380325924027446 ], [ -48.81417715884195, -26.382442638877247 ], [ -48.812332750717253, -26.3837327256809 ], [ -48.809715267256344, -26.383679108876063 ], [ -48.807717740339285, -26.385191540027989 ], [ -48.80859829808513, -26.387097577195043 ], [ -48.808352905936104, -26.391867664304467 ], [ -48.809158028744889, -26.393549322967342 ], [ -48.815855901562394, -26.397213876944328 ], [ -48.820220308339238, -26.397057529237081 ], [ -48.822514881852925, -26.397773443979034 ], [ -48.824206276427262, -26.399776465268648 ], [ -48.821938990139863, -26.40467071213277 ], [ -48.822794165041657, -26.411771898465283 ], [ -48.82214425034504, -26.413480339449215 ], [ -48.820760933680518, -26.414728857310305 ], [ -48.810666310771921, -26.414988440216277 ], [ -48.803454999753122, -26.416695880200781 ], [ -48.795935916930233, -26.417435220396165 ], [ -48.79618939297049, -26.420159274187384 ], [ -48.795565451948292, -26.421626045731006 ], [ -48.790690912712364, -26.426759599204374 ], [ -48.803481703667416, -26.430600884257746 ], [ -48.802701777389693, -26.431578645469401 ], [ -48.801882854798059, -26.435070582087331 ], [ -48.800478987498117, -26.436292734908054 ], [ -48.797125304503801, -26.43709585684724 ], [ -48.792523739465103, -26.435664200790502 ], [ -48.789988979062421, -26.43688634731577 ], [ -48.787181244462538, -26.436816510720632 ], [ -48.783915303174474, -26.437837866707689 ], [ -48.783393727476174, -26.4416547772156 ], [ -48.783832436007387, -26.447481377866001 ], [ -48.782506561335225, -26.449436605521395 ], [ -48.780244775129695, -26.450745891199329 ], [ -48.776657114252068, -26.449698463847731 ], [ -48.774083357535496, -26.450641148892849 ], [ -48.771158633993942, -26.452282100749645 ], [ -48.768955342259311, -26.45638437809059 ], [ -48.76759047127323, -26.456838238093457 ], [ -48.765640655578864, -26.456105078738041 ], [ -48.763417865687281, -26.451147402491657 ], [ -48.765250692439999, -26.449296947503896 ], [ -48.761585038934605, -26.446433920825932 ], [ -48.758465333823594, -26.446259343726531 ], [ -48.75362979090157, -26.448214592126398 ], [ -48.729764046802522, -26.441371077525432 ], [ -48.720092960958468, -26.443326408896471 ], [ -48.719157049425178, -26.445142044024966 ], [ -48.716388311139184, -26.456489115173099 ], [ -48.71451648807259, -26.466264156743634 ], [ -48.706093284272931, -26.480785542628038 ], [ -48.703597520184147, -26.493350646946396 ], [ -48.699541903539867, -26.502564183983605 ], [ -48.692678552295689, -26.514289435427965 ], [ -48.68815497988475, -26.524059563958584 ], [ -48.690494758717996, -26.533549749810266 ], [ -48.682617503312784, -26.537213030727649 ], [ -48.677976941960182, -26.538608535550225 ], [ -48.676153864285986, -26.541957677866211 ], [ -48.682812484882206, -26.549806846995061 ], [ -48.70082878189816, -26.552981247264775 ], [ -48.713073624458758, -26.550190570378554 ], [ -48.715915480833324, -26.550840280906925 ], [ -48.713502583911556, -26.556059633911826 ], [ -48.717889669223872, -26.557982493541964 ], [ -48.72477739316421, -26.558610359088597 ], [ -48.729778670420266, -26.56021924885367 ], [ -48.739583806093272, -26.561808495839234 ], [ -48.740505094008888, -26.554784250039635 ], [ -48.743312828608786, -26.549329371219237 ], [ -48.737960584527777, -26.54010650386784 ], [ -48.738223809646506, -26.530294128798065 ], [ -48.746249738498491, -26.52756286846445 ], [ -48.762316219820057, -26.524632006643344 ], [ -48.767307747997634, -26.522538488098625 ], [ -48.787897801730139, -26.510395327753166 ], [ -48.796476990785351, -26.506207733375224 ], [ -48.812699457362477, -26.503276326487153 ], [ -48.820498720139931, -26.502857547969203 ], [ -48.833601481606074, -26.502857547969203 ], [ -48.83687717197261, -26.503834695470172 ], [ -48.841244759127989, -26.504113878944125 ], [ -48.849511977672108, -26.503415918987294 ], [ -48.859339048771709, -26.500624036763085 ], [ -48.865266488482582, -26.49741328834909 ], [ -48.872597795493398, -26.491549951100215 ], [ -48.877433338415429, -26.486523995425511 ], [ -48.880865014037518, -26.487222057962878 ], [ -48.887416394770582, -26.492806405688629 ], [ -48.889912158859367, -26.49601728279929 ], [ -48.895527628059149, -26.49601728279929 ], [ -48.897711421636835, -26.494202450235768 ], [ -48.900363170981187, -26.495458875831726 ], [ -48.902001016164448, -26.494900466151268 ], [ -48.905120721275431, -26.493504430081533 ], [ -48.906212618064281, -26.491619754493179 ], [ -48.906602581203138, -26.489595438889499 ], [ -48.90535469915875, -26.484080743171919 ], [ -48.907928455875314, -26.480799722773195 ], [ -48.903092912953277, -26.475075165208484 ], [ -48.894591716525845, -26.469839039955854 ], [ -48.893733797620321, -26.467535069356838 ], [ -48.894240749700856, -26.466941614913431 ], [ -48.895644617000798, -26.466767068906485 ], [ -48.903950831858801, -26.46976922334272 ], [ -48.909488308430781, -26.470676836009279 ], [ -48.912296043030665, -26.472212779597417 ], [ -48.914791807119464, -26.471793887924942 ], [ -48.919939320552587, -26.467884158776329 ], [ -48.922279099385818, -26.467604887325443 ], [ -48.926022745519006, -26.46397429679293 ], [ -48.927426612818955, -26.461600387215302 ], [ -48.936005801874167, -26.45741101559155 ], [ -48.938501565962952, -26.457690311776108 ], [ -48.940841344796191, -26.45978501156317 ], [ -48.940997330051736, -26.462298600996867 ], [ -48.93911575790662, -26.464899410061637 ], [ -48.938569809512202, -26.467447796836488 ], [ -48.935947307403318, -26.470554657798083 ], [ -48.935908311089435, -26.471671710899869 ], [ -48.940197905617055, -26.472684030906024 ], [ -48.943941551750257, -26.471008461928594 ], [ -48.946008356386272, -26.472160418221758 ], [ -48.950687914052722, -26.471741526358642 ], [ -48.952501242648481, -26.471113185704528 ], [ -48.956625102842033, -26.468076157505667 ], [ -48.958769900105814, -26.468355427812885 ], [ -48.961421649450152, -26.467133615215278 ], [ -48.961616631019595, -26.46619106520529 ], [ -48.957132054922532, -26.463503009816009 ], [ -48.956547110214231, -26.462455698514049 ], [ -48.958223951711368, -26.461373466824408 ], [ -48.967934033869334, -26.459139149859553 ], [ -48.969961842191466, -26.459697733166298 ], [ -48.978385045991118, -26.456625491439944 ], [ -48.984312485701992, -26.456625491439944 ], [ -48.983688544679794, -26.454251430319157 ], [ -48.980342882037348, -26.450452694222989 ], [ -48.972048610985269, -26.448588234050568 ], [ -48.97050831874347, -26.447608359670845 ], [ -48.968319482399856, -26.444559808291675 ], [ -48.968441084418949, -26.443362141033187 ], [ -48.974075311303416, -26.440494947620316 ], [ -48.977439633831551, -26.43653882944265 ], [ -48.981533568474227, -26.43352628139364 ], [ -48.984735754976917, -26.433889243162248 ], [ -48.984573618951472, -26.438280989964067 ], [ -48.987167795358708, -26.439551298739119 ], [ -48.990572651893217, -26.439877947303366 ], [ -48.995075468334889, -26.438190319717631 ], [ -49.002718745856804, -26.439447356967619 ], [ -49.005058524690043, -26.439168016541629 ], [ -49.008678685860588, -26.436536560987321 ], [ -49.010178444096027, -26.433632901531755 ], [ -49.011063957028703, -26.429181151483753 ], [ -49.016991396739506, -26.423384182572235 ], [ -49.017888311958913, -26.420695128156769 ], [ -49.020306083419925, -26.417097983299609 ], [ -49.018638991001247, -26.413946023861143 ], [ -49.015616776674975, -26.412182285984617 ], [ -49.014134916747267, -26.410366131674802 ], [ -49.014446887258366, -26.408549948774439 ], [ -49.01023528535854, -26.406559100058168 ], [ -49.008246473350269, -26.402961514385648 ], [ -49.008090488094723, -26.400341842603421 ], [ -49.003683904625447, -26.399014519538362 ], [ -49.002825985719952, -26.397687181209864 ], [ -49.002319033639409, -26.394159181458726 ], [ -49.003722900939344, -26.388779647588759 ], [ -49.005828701889264, -26.386264454865959 ], [ -49.005906694517044, -26.384657497503756 ], [ -49.004853794042063, -26.382177149862571 ], [ -49.005672716633697, -26.375818832385523 ], [ -49.004385838275404, -26.373233482359151 ], [ -49.003313630112125, -26.368500836272368 ], [ -49.005786204500282, -26.366793939285326 ], [ -49.008583050939343, -26.363416387986931 ], [ -49.011096159333853, -26.363961161000177 ], [ -49.013041791639289, -26.363343751391202 ], [ -49.01827800688055, -26.358340219142136 ], [ -49.018448014737977, -26.354704210797188 ], [ -49.017718402623437, -26.353868824251229 ], [ -49.017758936629797, -26.352633893956391 ], [ -49.020353113037046, -26.351616882636481 ], [ -49.020880055119768, -26.350309283514136 ], [ -49.017682421184375, -26.345729178042028 ], [ -49.01921464348105, -26.341167811553309 ], [ -49.019050804615091, -26.33991208788099 ], [ -49.01246924879942, -26.332310132834191 ], [ -49.013725802996682, -26.330493715922557 ], [ -49.013887939022133, -26.329004232789146 ], [ -49.012712452837604, -26.32686079660424 ], [ -49.009267062296736, -26.325225945722988 ], [ -49.006327015333703, -26.322923218274244 ], [ -49.002642913483882, -26.31698002669081 ], [ -48.999243223494226, -26.317194563892158 ], [ -48.998159532088152, -26.316362330435517 ], [ -48.996716777766558, -26.312701691782237 ], [ -48.997838151131035, -26.311318540796268 ], [ -48.99971807358051, -26.310731588986492 ], [ -49.007037691946763, -26.309857219387474 ], [ -49.01631997940391, -26.311637625432049 ], [ -49.019522165906608, -26.310838262836729 ], [ -49.027577422801947, -26.306934993999675 ], [ -49.028509126901632, -26.310938648813799 ], [ -49.034873829381461, -26.314144402833787 ], [ -49.037926271251607, -26.30955900945559 ], [ -49.039725372080404, -26.309071198706675 ], [ -49.041424666987773, -26.309776985469053 ], [ -49.042984273216867, -26.312085891473998 ], [ -49.044432186850699, -26.312270467282175 ], [ -49.044629297431243, -26.31163761804374 ], [ -49.042772918808147, -26.309275033417038 ], [ -49.042970874637668, -26.308592102224527 ], [ -49.04610969708299, -26.306757629524569 ], [ -49.04946237407809, -26.30760020429398 ], [ -49.052155866783188, -26.309972728499805 ], [ -49.054665149423499, -26.310652046894749 ], [ -49.055358638281191, -26.311950083809108 ], [ -49.055313693525314, -26.314171931747612 ], [ -49.060309509809557, -26.31659264210802 ], [ -49.063136756753408, -26.312491483931076 ], [ -49.063457126943874, -26.310558896880405 ], [ -49.060988937205657, -26.305899108191699 ], [ -49.061112716479172, -26.303298037913972 ], [ -49.052089846662739, -26.296239331075 ], [ -49.054601692244546, -26.292846495929034 ], [ -49.053169596445976, -26.289395262463032 ], [ -49.050378652555693, -26.287894089259204 ], [ -49.050545951540919, -26.28609376854854 ], [ -49.049715092232134, -26.284313075001361 ], [ -49.043212278915213, -26.282918911836628 ], [ -49.042973453084443, -26.281000500040108 ], [ -49.041076364835767, -26.279614257679413 ], [ -49.040936182589554, -26.27836896111776 ], [ -49.039064051652922, -26.277940402654842 ], [ -49.037933437162074, -26.278896329960087 ], [ -49.036779264771845, -26.278092309528205 ], [ -49.035221646681194, -26.278209734346934 ], [ -49.034294862710873, -26.276693847071972 ], [ -49.032661528661237, -26.276794253673035 ], [ -49.032669543538134, -26.275729326733753 ], [ -49.029589828778199, -26.274359734918832 ], [ -49.030430051922906, -26.271539987157229 ], [ -49.030110300291106, -26.270882297536478 ], [ -49.03298592795872, -26.268099487111666 ], [ -49.033108817438169, -26.266941308473495 ], [ -49.032517720220639, -26.266342423970876 ], [ -49.032991969155567, -26.265235008048961 ], [ -49.032016320111154, -26.263675313988273 ], [ -49.032984403106042, -26.262390196609754 ], [ -49.031550891010639, -26.261592891044842 ], [ -49.032774738231552, -26.260255725956927 ], [ -49.034786306081777, -26.259977801269251 ], [ -49.036126880258877, -26.260609232580165 ], [ -49.037874079455939, -26.25938028440482 ], [ -49.040639399590297, -26.259960510099614 ], [ -49.044136951376139, -26.259376139365902 ], [ -49.043629316328065, -26.257696159841409 ], [ -49.044754746252309, -26.257558664345645 ], [ -49.045697558300219, -26.255790296385058 ], [ -49.046711462461289, -26.25682199494107 ], [ -49.046987993678556, -26.256255077458317 ], [ -49.048540948159562, -26.257311686038243 ], [ -49.04844337306605, -26.255257618861865 ], [ -49.050592344501247, -26.254360862074144 ], [ -49.049340076963688, -26.254033740212328 ], [ -49.047994407931938, -26.251572602424755 ], [ -49.049639039331616, -26.251114510661512 ], [ -49.050370461304233, -26.249664152083671 ], [ -49.048132452230149, -26.249070277263872 ], [ -49.047264009213215, -26.245383345880679 ], [ -49.044879480973435, -26.242819752920393 ], [ -49.046452265917253, -26.242712148684813 ], [ -49.0480566260999, -26.241648584281407 ], [ -49.050575309574413, -26.23739109520254 ], [ -49.052816645830163, -26.238351378793372 ], [ -49.054167179492126, -26.238071639210865 ], [ -49.055140808989428, -26.239709571176085 ], [ -49.056367391016266, -26.239684522741513 ], [ -49.057765098313169, -26.238391121562746 ], [ -49.059209543799682, -26.238474606920843 ], [ -49.059811956669314, -26.236950054907801 ], [ -49.059301559008752, -26.236265082918603 ], [ -49.060508871636358, -26.235900803497248 ], [ -49.058430126146568, -26.234259742187874 ], [ -49.057602793301633, -26.232479984742934 ], [ -49.056366165948887, -26.232234262223059 ], [ -49.054787013284987, -26.228280608554719 ], [ -49.052559983074211, -26.226405841947454 ], [ -49.053256322388023, -26.224640324646138 ], [ -49.052771138261583, -26.223019635593875 ], [ -49.050704904040884, -26.221963286506782 ], [ -49.051253959683542, -26.220701519303105 ], [ -49.049141520489307, -26.219814153143751 ], [ -49.047891367284834, -26.218309028550461 ], [ -49.045566089624231, -26.219721645400146 ], [ -49.044921667836775, -26.218986078085418 ], [ -49.044249711850675, -26.219052203033275 ], [ -49.044098171426775, -26.219773087012211 ], [ -49.043110781788641, -26.219648634632886 ], [ -49.041900481628772, -26.217505426477455 ], [ -49.040672679029491, -26.219113436577359 ], [ -49.037045126494256, -26.220598414034544 ], [ -49.036599605313718, -26.219134077402899 ], [ -49.035078986235838, -26.218495490874748 ], [ -49.034216922765943, -26.218984006556795 ], [ -49.030522328056854, -26.215725228275051 ] ] ] } },
{ "type": "Feature", "properties": { "ID": 7, "Nomes": "Bacia Hidrográfica do Itapocuzinho", "Area": 390.43962, "Perimetro": 134.73338 }, "geometry": { "type": "Polygon", "coordinates": [ [ [ -49.15455070697795, -26.197371738905471 ], [ -49.15103586717121, -26.201348717715188 ], [ -49.149713703241794, -26.201540850146412 ], [ -49.147358654521902, -26.206085542915634 ], [ -49.148499662001825, -26.207227080578132 ], [ -49.147641235370173, -26.210650400668037 ], [ -49.148375283316007, -26.211392814296179 ], [ -49.147734046248196, -26.211738282893368 ], [ -49.147846045686023, -26.21322291621421 ], [ -49.145765219530446, -26.21265671539895 ], [ -49.143725114592286, -26.213726348396474 ], [ -49.142238884922897, -26.213421362113564 ], [ -49.141614200604799, -26.214947822635299 ], [ -49.140736297343857, -26.215071484707678 ], [ -49.139440179742593, -26.21659299374225 ], [ -49.136913067263698, -26.217458720221387 ], [ -49.13674986453001, -26.218766315219487 ], [ -49.134965196943206, -26.219234642435453 ], [ -49.133314987112975, -26.218131157618991 ], [ -49.133212928657187, -26.217427765763212 ], [ -49.130460817834624, -26.217781985196968 ], [ -49.129870595741544, -26.217142442421945 ], [ -49.12961517929574, -26.214340861508358 ], [ -49.130721512338866, -26.213994186879415 ], [ -49.129980430032575, -26.212868328038766 ], [ -49.130898339866697, -26.211247337667857 ], [ -49.130519159829539, -26.209259682998653 ], [ -49.131006542848681, -26.207466675283477 ], [ -49.130349920675613, -26.205555280441818 ], [ -49.128717518311333, -26.206323037901214 ], [ -49.128451688360428, -26.205750409995158 ], [ -49.125924406808629, -26.206139600430451 ], [ -49.124287471584267, -26.203349220194951 ], [ -49.124037575007151, -26.204210685323446 ], [ -49.121913762870797, -26.204452690201698 ], [ -49.116486390579723, -26.202849464298012 ], [ -49.115160009048196, -26.201827378258336 ], [ -49.114032662106631, -26.2019946604706 ], [ -49.113160551896271, -26.203460993703668 ], [ -49.113654014903425, -26.205015433504546 ], [ -49.111020862408566, -26.20696671309447 ], [ -49.107319246153978, -26.206918031391876 ], [ -49.106603852179589, -26.208181896707071 ], [ -49.103965911691596, -26.209354092166016 ], [ -49.102944206354842, -26.211373650091417 ], [ -49.102401302055995, -26.211274808293975 ], [ -49.102282262311817, -26.210210589249268 ], [ -49.101659705162234, -26.210363772705055 ], [ -49.100556399464296, -26.212015871423553 ], [ -49.098733432473196, -26.211859614077561 ], [ -49.0963650622381, -26.214041876715736 ], [ -49.094403019023787, -26.21446345916608 ], [ -49.093702338139515, -26.216854913092359 ], [ -49.094679966567, -26.220110273047734 ], [ -49.092818169024838, -26.22246190359618 ], [ -49.092155220902789, -26.222514015104124 ], [ -49.092887387732013, -26.223920792445018 ], [ -49.092268385858283, -26.226161060513931 ], [ -49.093226611400574, -26.228262988359958 ], [ -49.091846099802297, -26.229189524963235 ], [ -49.089964100773052, -26.227991075265123 ], [ -49.086622216878759, -26.230383764818999 ], [ -49.085640809502145, -26.229197249778917 ], [ -49.082930059321193, -26.229011290435718 ], [ -49.082766489298159, -26.227622848160834 ], [ -49.081899383430461, -26.227030936649168 ], [ -49.082326234655788, -26.226697072336339 ], [ -49.081281078711051, -26.226521422154203 ], [ -49.078641037734862, -26.227298726629197 ], [ -49.079015992077387, -26.229424450805006 ], [ -49.077950214508803, -26.231109291984254 ], [ -49.074691691362212, -26.23255079589763 ], [ -49.072583780234439, -26.232001419783881 ], [ -49.070313625829399, -26.230075397180155 ], [ -49.068713323545957, -26.229583446615184 ], [ -49.066259072862444, -26.233455166733592 ], [ -49.06514178407226, -26.234157994387687 ], [ -49.063448168494951, -26.233683855019581 ], [ -49.061107767848156, -26.235999151674704 ], [ -49.059536411004402, -26.236024568489732 ], [ -49.059811956669314, -26.236950054907801 ], [ -49.059062978788546, -26.238589191588627 ], [ -49.057765098313169, -26.238391121562746 ], [ -49.056367391016266, -26.239684522741513 ], [ -49.055140808989428, -26.239709571176085 ], [ -49.054167179492126, -26.238071639210865 ], [ -49.052816645830163, -26.238351378793372 ], [ -49.050575309574413, -26.23739109520254 ], [ -49.0480566260999, -26.241648584281407 ], [ -49.046452265917253, -26.242712148684813 ], [ -49.044879480973435, -26.242819752920393 ], [ -49.047264009213215, -26.245383345880679 ], [ -49.048132452230149, -26.249070277263872 ], [ -49.050370461304233, -26.249664152083671 ], [ -49.049639039331616, -26.251114510661512 ], [ -49.047994407931938, -26.251572602424755 ], [ -49.049340076963688, -26.254033740212328 ], [ -49.050592344501247, -26.254360862074144 ], [ -49.04844337306605, -26.255257618861865 ], [ -49.048540948159562, -26.257311686038243 ], [ -49.046987993678556, -26.256255077458317 ], [ -49.046718774270168, -26.25681980914873 ], [ -49.045698776935048, -26.255791389290913 ], [ -49.044754746252309, -26.257558664345645 ], [ -49.043629316328065, -26.257696159841409 ], [ -49.044136951376139, -26.259376139365902 ], [ -49.040639399590297, -26.259960510099614 ], [ -49.037874079455939, -26.25938028440482 ], [ -49.036126880258877, -26.260609232580165 ], [ -49.034786306081777, -26.259977801269251 ], [ -49.032774738231552, -26.260255725956927 ], [ -49.031550891010639, -26.261592891044842 ], [ -49.032984403106042, -26.262390196609754 ], [ -49.032016320111154, -26.263675313988273 ], [ -49.032991969155567, -26.265235008048961 ], [ -49.032517720220639, -26.266342423970876 ], [ -49.033108817438169, -26.266941308473495 ], [ -49.03298592795872, -26.268099487111666 ], [ -49.030110300291106, -26.270882297536478 ], [ -49.030430051922906, -26.271539987157229 ], [ -49.029589828778199, -26.274359734918832 ], [ -49.032669543538134, -26.275729326733753 ], [ -49.032661528661237, -26.276794253673035 ], [ -49.034294862710873, -26.276693847071972 ], [ -49.035221646681194, -26.278209734346934 ], [ -49.036779264771845, -26.278092309528205 ], [ -49.037933437162074, -26.278896329960087 ], [ -49.039064051652922, -26.277940402654842 ], [ -49.040936182589554, -26.27836896111776 ], [ -49.041076364835767, -26.279614257679413 ], [ -49.042973453084443, -26.281000500040108 ], [ -49.043212278915213, -26.282918911836628 ], [ -49.049833464197604, -26.284458560891924 ], [ -49.050545951540919, -26.28609376854854 ], [ -49.050378652555693, -26.287894089259204 ], [ -49.053169596445976, -26.289395262463032 ], [ -49.054602258379042, -26.292845752492124 ], [ -49.052087186618607, -26.296240523460405 ], [ -49.061112716479244, -26.303294460975422 ], [ -49.060974394182523, -26.305903212164608 ], [ -49.063442915170036, -26.310500575901877 ], [ -49.063136756753408, -26.312482400363141 ], [ -49.060299376307988, -26.316588100484907 ], [ -49.055308626774533, -26.31417647346543 ], [ -49.055136357247505, -26.310979060057612 ], [ -49.05218244153378, -26.309988934036987 ], [ -49.049466663107459, -26.30760442151481 ], [ -49.046094740453114, -26.306755069013491 ], [ -49.042971721931629, -26.308590593714946 ], [ -49.042779185401393, -26.309271882215977 ], [ -49.044628549441725, -26.311629109524379 ], [ -49.044436012911497, -26.312271774931848 ], [ -49.042984388808627, -26.312087832193473 ], [ -49.041414540520542, -26.309776033128085 ], [ -49.039722245754888, -26.309070524031526 ], [ -49.03791848247171, -26.309558022192011 ], [ -49.034878431994464, -26.314142221339086 ], [ -49.028521348663148, -26.310950862778416 ], [ -49.027575555181336, -26.306935802965917 ], [ -49.019549821921402, -26.310817635272528 ], [ -49.016293590076891, -26.31164122103732 ], [ -49.007014680453551, -26.309853245236244 ], [ -48.999718559308157, -26.310731340101736 ], [ -48.997009536549548, -26.312112055122192 ], [ -48.996719042837285, -26.31355633809596 ], [ -48.998154622229322, -26.316372183947486 ], [ -48.99922201773024, -26.317189674762382 ], [ -49.002630252098612, -26.316968650037005 ], [ -49.006342491514715, -26.322942224759689 ], [ -49.009263191862111, -26.325227017970757 ], [ -49.012686063510564, -26.326873978757167 ], [ -49.013875061030582, -26.328989158738477 ], [ -49.013739947676022, -26.330490751607833 ], [ -49.012474385921792, -26.332299095664776 ], [ -49.01902287983863, -26.339847012460496 ], [ -49.019203030978019, -26.341187018962604 ], [ -49.017689761407134, -26.345771984066843 ], [ -49.020878436574378, -26.350276051032985 ], [ -49.020392028498016, -26.351615936751369 ], [ -49.017779836976835, -26.352649091044455 ], [ -49.017707776521071, -26.353875949781063 ], [ -49.018428381078643, -26.354683086589301 ], [ -49.018284260167142, -26.358331274687728 ], [ -49.013067125393256, -26.363339211602444 ], [ -49.011101226084634, -26.363961161000169 ], [ -49.008593184440919, -26.363402768628706 ], [ -49.005796338001858, -26.366789399632065 ], [ -49.003313630112125, -26.368491757099758 ], [ -49.00421044500289, -26.372668101206262 ], [ -49.00567980273356, -26.375809338839094 ], [ -49.004848855603107, -26.382182338915385 ], [ -49.005902739768551, -26.384651554983108 ], [ -49.005841938759019, -26.386276488227971 ], [ -49.003724036926528, -26.388745616767771 ], [ -49.002305346703835, -26.394155728546345 ], [ -49.003090693077134, -26.398381067380299 ], [ -49.008094109487587, -26.400346183017085 ], [ -49.00824294529221, -26.402964205131934 ], [ -49.010229111604012, -26.406576581038088 ], [ -49.014449715016568, -26.408550633151158 ], [ -49.014133043091846, -26.410363554707374 ], [ -49.015612534324092, -26.412185523514072 ], [ -49.01863485117353, -26.413939396564842 ], [ -49.019977540134306, -26.415849794563965 ], [ -49.020180210166124, -26.417705709112123 ], [ -49.017829237797066, -26.420754970858912 ], [ -49.016549883221259, -26.423956155176477 ], [ -49.011060058734422, -26.429191068415196 ], [ -49.010158177092848, -26.433687345819546 ], [ -49.008638151854228, -26.43659100390337 ], [ -49.005030625287915, -26.439167939173561 ], [ -49.00269991992203, -26.439476441646072 ], [ -48.995059259722581, -26.438206132045746 ], [ -48.990592918896375, -26.439868873744629 ], [ -48.987147528355507, -26.439546761946971 ], [ -48.984573618951458, -26.43828098996406 ], [ -48.984738288352347, -26.433882437639603 ], [ -48.982377182481692, -26.433274475995095 ], [ -48.977437100456179, -26.436545634808432 ], [ -48.974072777928043, -26.440499484375113 ], [ -48.968446151169765, -26.443353067748841 ], [ -48.968319482399892, -26.444559808291665 ], [ -48.970513385494272, -26.447626505568437 ], [ -48.972043544234481, -26.448597306922537 ], [ -48.980363149040514, -26.450461766948088 ], [ -48.983686937562297, -26.454272248296494 ], [ -48.984310147910094, -26.456626518394646 ], [ -49.001000025030102, -26.453287886027155 ], [ -49.004567017590055, -26.453578205728054 ], [ -49.01307915892631, -26.456626518394646 ], [ -49.012390080818136, -26.458368375112762 ], [ -49.005499299736393, -26.462795475654069 ], [ -49.006755853933655, -26.463811507493645 ], [ -49.003837405475515, -26.466641834610719 ], [ -49.009309496334531, -26.467077263373945 ], [ -49.011295662646326, -26.467839259745325 ], [ -49.009755370404527, -26.471975723433914 ], [ -49.007201728003636, -26.475386379879009 ], [ -49.0061478438382, -26.479957952251983 ], [ -49.013577727204542, -26.482472239610328 ], [ -49.015365276885163, -26.483843645910877 ], [ -49.036821812410622, -26.479479235708279 ], [ -49.044964643911172, -26.473480496557954 ], [ -49.047270578495393, -26.471158320006129 ], [ -49.048135303964479, -26.468320040574593 ], [ -49.051594205840814, -26.467287921606086 ], [ -49.060241460531657, -26.462965822888382 ], [ -49.065429813346157, -26.4639334710307 ], [ -49.068384292032192, -26.463159353167633 ], [ -49.070401984793392, -26.461224035732556 ], [ -49.075446216696385, -26.458579049283994 ], [ -49.076527123532735, -26.457353303250489 ], [ -49.078544816293935, -26.4510953438167 ], [ -49.08301256455087, -26.443417588866726 ], [ -49.085967043236899, -26.440643148185103 ], [ -49.085534680502363, -26.435932898227204 ], [ -49.09182195526715, -26.430770759356282 ], [ -49.093911708484107, -26.427608835125575 ], [ -49.099388303121636, -26.424834013842709 ], [ -49.1006133308695, -26.419671377943054 ], [ -49.104432535024621, -26.416767293678234 ], [ -49.111638580600321, -26.416057395291173 ], [ -49.113440091994249, -26.413282296036961 ], [ -49.120213774835413, -26.414960271007942 ], [ -49.122447648963877, -26.416896365642813 ], [ -49.125113885826885, -26.41567017614754 ], [ -49.132968475504413, -26.414056749056662 ], [ -49.134481745075298, -26.412895067577313 ], [ -49.133256717327434, -26.40992627287029 ], [ -49.13419350325227, -26.407473732663668 ], [ -49.131671387300784, -26.403343020796779 ], [ -49.134914107809834, -26.40024488986456 ], [ -49.134914107809834, -26.396243014327695 ], [ -49.137003861026798, -26.389658981746621 ], [ -49.136499437836491, -26.387528773176545 ], [ -49.140246581535862, -26.375061423856064 ], [ -49.144354027514012, -26.369961123634756 ], [ -49.144498148425527, -26.365054293271498 ], [ -49.143201060221905, -26.35859762019566 ], [ -49.143993725235227, -26.356918826135242 ], [ -49.145146692527341, -26.356337699435848 ], [ -49.148605594403676, -26.358920462413042 ], [ -49.150046803518812, -26.358210208344978 ], [ -49.150551226709112, -26.356531408660121 ], [ -49.152208617191519, -26.355691999678161 ], [ -49.156388123625426, -26.357241673039695 ], [ -49.164458894670204, -26.358016501932905 ], [ -49.165467741050811, -26.356337699435844 ], [ -49.164530955125969, -26.353754878774001 ], [ -49.160783811426604, -26.35272173435845 ], [ -49.15963084413449, -26.351236573092987 ], [ -49.160711750970847, -26.349170230045029 ], [ -49.165467741050811, -26.345424889191861 ], [ -49.167917796546554, -26.344585399607993 ], [ -49.169286945205933, -26.342389782668654 ], [ -49.168782522015633, -26.340904488762092 ], [ -49.169142824294418, -26.339806650578158 ], [ -49.168061917458061, -26.338450483148662 ], [ -49.16798985700229, -26.334446467543767 ], [ -49.168854582471376, -26.332638157030768 ], [ -49.167197191988976, -26.327213056011264 ], [ -49.166260406064126, -26.325985914576524 ], [ -49.166854904824135, -26.32211064572401 ], [ -49.168692446445938, -26.322013762341211 ], [ -49.168476265078667, -26.316555867571367 ], [ -49.17031380670047, -26.312874065503603 ], [ -49.170349836928345, -26.312034339874565 ], [ -49.168079932571999, -26.309030656078821 ], [ -49.16847626507866, -26.308126305923111 ], [ -49.174024920171945, -26.302958455367712 ], [ -49.175826431565866, -26.298630203235913 ], [ -49.178060305694338, -26.298436397121776 ], [ -49.185122230358516, -26.303862845848585 ], [ -49.189734099526966, -26.303992043912675 ], [ -49.191319429553616, -26.302506257481141 ], [ -49.193265061859059, -26.298371795011736 ], [ -49.195336799962092, -26.296994953982605 ], [ -49.195372830189974, -26.293732461876083 ], [ -49.196309616114817, -26.292278846724482 ], [ -49.198579520471156, -26.291277456798305 ], [ -49.200074774928154, -26.292230392572321 ], [ -49.204416417387513, -26.292884521918705 ], [ -49.20230864905664, -26.287086061583391 ], [ -49.20238070951239, -26.285858495195921 ], [ -49.206235943895393, -26.280301979606467 ], [ -49.20605579275599, -26.277168245901084 ], [ -49.206992578680833, -26.276715947449766 ], [ -49.209478664404443, -26.277135938927312 ], [ -49.211280175798358, -26.274583659578035 ], [ -49.211424296709872, -26.272451332530164 ], [ -49.212577264001986, -26.270900524617396 ], [ -49.216684709980136, -26.269995877099973 ], [ -49.219062705020107, -26.266635696026373 ], [ -49.22518784375945, -26.263857011291478 ], [ -49.225476085582486, -26.26185373220823 ], [ -49.22408892180917, -26.256158737992564 ], [ -49.225890433203091, -26.250536171914764 ], [ -49.231150846473341, -26.245365756055563 ], [ -49.229349335079419, -26.24407311614323 ], [ -49.228556670066084, -26.242521929269483 ], [ -49.228556670066084, -26.236252338062233 ], [ -49.224953647278241, -26.232244793346872 ], [ -49.221350624490384, -26.229982408718904 ], [ -49.216306392587398, -26.22881887948504 ], [ -49.212054825697741, -26.231404484194844 ], [ -49.209361566163771, -26.231691321174562 ], [ -49.206767389756514, -26.230463169135309 ], [ -49.20430832670381, -26.225574672260638 ], [ -49.199552336623853, -26.222891971782438 ], [ -49.200561183004453, -26.221566759559209 ], [ -49.203083298955946, -26.221275857294387 ], [ -49.203011238500189, -26.220112240960695 ], [ -49.19904791343356, -26.217817296857195 ], [ -49.198399369331753, -26.21556271261975 ], [ -49.200993545739003, -26.214205092436465 ], [ -49.200525152776585, -26.212394907553644 ], [ -49.197534096206098, -26.209304666059122 ], [ -49.197583943273202, -26.206458855902927 ], [ -49.193140372984779, -26.201824041291498 ], [ -49.192038956788529, -26.201300632843228 ], [ -49.187495673917503, -26.202323498961551 ], [ -49.182201476446998, -26.201739795762933 ], [ -49.180824495069047, -26.205789316685141 ], [ -49.175166889842643, -26.208321036858504 ], [ -49.172088636588356, -26.202572592161488 ], [ -49.16950172787066, -26.200005594604988 ], [ -49.169043629227183, -26.200409539953768 ], [ -49.166863711544416, -26.199707949767078 ], [ -49.166331712129171, -26.200247391271581 ], [ -49.162780315015489, -26.200643402409913 ], [ -49.159668403540842, -26.200487494158001 ], [ -49.158357293630203, -26.199722123348035 ], [ -49.157583315895344, -26.200575987153726 ], [ -49.156156756936483, -26.199667036137889 ], [ -49.156692206632506, -26.197991175312737 ], [ -49.15455070697795, -26.197371738905471 ] ] ] } },
{ "type": "Feature", "properties": { "ID": 1, "Nomes": "Bacia Hidrográfica do Cubatão (sub-bacia)", "Area": 107.59436, "Perimetro": 80.14157 }, "geometry": { "type": "MultiPolygon", "coordinates": [ [ [ [ -48.809738091592855, -26.2315905369319 ], [ -48.809783984378015, -26.231544644148592 ], [ -48.809738092151846, -26.231544644859696 ], [ -48.809738091592855, -26.2315905369319 ] ] ], [ [ [ -48.769832313635639, -26.205875848452347 ], [ -48.769796061642879, -26.205550767599231 ], [ -48.769829363110574, -26.205894270457645 ], [ -48.769832313635639, -26.205875848452347 ] ] ], [ [ [ -48.768982913519608, -26.204197243293258 ], [ -48.768651719321454, -26.204554492853049 ], [ -48.769353559835523, -26.204328476740407 ], [ -48.768982913519608, -26.204197243293258 ] ] ], [ [ [ -48.762652447595386, -26.20142971044638 ], [ -48.762952950047755, -26.201212382303833 ], [ -48.762698340738638, -26.201080570862075 ], [ -48.762652447595386, -26.20142971044638 ] ] ], [ [ [ -48.773655079979484, -26.198161692117427 ], [ -48.773788783062557, -26.197431978934858 ], [ -48.773590765500288, -26.197082636300742 ], [ -48.773655079979484, -26.198161692117427 ] ] ], [ [ [ -49.03596211648884, -26.009642656504845 ], [ -49.033485119241391, -26.01033071253514 ], [ -49.032246620736402, -26.011936174175617 ], [ -49.031099862767576, -26.011385729161869 ], [ -49.030365937795537, -26.01000961980932 ], [ -49.029265050091901, -26.010238970751733 ], [ -49.028989827680505, -26.01156920995528 ], [ -49.026604571297845, -26.011798563204252 ], [ -49.025228462813018, -26.013633375124982 ], [ -49.025411942760435, -26.014413171249366 ], [ -49.023898221994905, -26.015009485531813 ], [ -49.02366887080391, -26.016752556199162 ], [ -49.021696448524168, -26.016431464721261 ], [ -49.01912770890781, -26.017899313368577 ], [ -49.013393918831518, -26.017945184874609 ], [ -49.012155419930004, -26.019183684430395 ], [ -49.010549959216327, -26.018541499004066 ], [ -49.008944497748018, -26.020284571033912 ], [ -49.007017943465527, -26.020651534523246 ], [ -49.003623540556326, -26.026018361529907 ], [ -49.00215568969189, -26.026614675696276 ], [ -49.001742857555371, -26.027486211989423 ], [ -48.997339306609902, -26.028357748052791 ], [ -48.992064219415219, -26.026339453367779 ], [ -48.991055072091051, -26.02418354938774 ], [ -48.986468040458803, -26.025330306182823 ], [ -48.985550634052785, -26.026155973370386 ], [ -48.97990858476355, -26.026568805117467 ], [ -48.976697662253187, -26.02601836033292 ], [ -48.971422575626143, -26.022027642290109 ], [ -48.968624485686661, -26.022623957428841 ], [ -48.962661343758327, -26.019734127164405 ], [ -48.959633902217369, -26.019688257445342 ], [ -48.958441272426953, -26.020743274743992 ], [ -48.95614775672621, -26.018603723163395 ], [ -48.95338142848491, -26.019200324104727 ], [ -48.952463579583892, -26.016951595587663 ], [ -48.947644874219392, -26.0162173164134 ], [ -48.946038637913972, -26.014611081429553 ], [ -48.944340618338437, -26.016079639304149 ], [ -48.942688489650479, -26.016309101290851 ], [ -48.942734382598502, -26.016905702780626 ], [ -48.941311716718296, -26.017777658827185 ], [ -48.9426425981382, -26.019200323936811 ], [ -48.942183672668307, -26.023376536394469 ], [ -48.943606338786246, -26.024799202583722 ], [ -48.947598980713366, -26.025671158253303 ], [ -48.948746291504676, -26.027415071864436 ], [ -48.94824147482236, -26.028378813308297 ], [ -48.950123064445265, -26.029158984440755 ], [ -48.949572355887312, -26.030260402837168 ], [ -48.95287661129197, -26.031728960851325 ], [ -48.954849986436031, -26.037006591660084 ], [ -48.952830718917511, -26.038475149655035 ], [ -48.951178591025268, -26.041045126249426 ], [ -48.949847710773078, -26.040999234158988 ], [ -48.948516829670638, -26.039622461075169 ], [ -48.942872059579123, -26.039025858546008 ], [ -48.941724748248085, -26.041320480549118 ], [ -48.938833524909789, -26.042192437301985 ], [ -48.937364966260567, -26.044028134823797 ], [ -48.938925310281576, -26.046552218884234 ], [ -48.939613696925093, -26.046506326945167 ], [ -48.942183672951941, -26.048663272399029 ], [ -48.943285092193548, -26.048571487248893 ], [ -48.943927585240736, -26.050177722111457 ], [ -48.944478294203762, -26.04948933491811 ], [ -48.946910594164336, -26.049168087460558 ], [ -48.950306635445891, -26.052747699120047 ], [ -48.95191287028377, -26.052472343410326 ], [ -48.955951405245351, -26.054078578558954 ], [ -48.956318545476769, -26.055776599302831 ], [ -48.957787103012144, -26.05664855541848 ], [ -48.957832994772573, -26.058713715772811 ], [ -48.958613167590613, -26.059861026834231 ], [ -48.961183142498555, -26.059585671173615 ], [ -48.963844905290955, -26.061742616621466 ], [ -48.966001850027482, -26.061604939615002 ], [ -48.966001849512935, -26.062660465741693 ], [ -48.966919699036275, -26.063119389831574 ], [ -48.968847181348082, -26.062293326258839 ], [ -48.971554834792812, -26.062660466207273 ], [ -48.973252855835973, -26.066194183823072 ], [ -48.975409800156122, -26.067708634015691 ], [ -48.97430838116351, -26.072022522358683 ], [ -48.97265625330401, -26.072894479587347 ], [ -48.972793931163125, -26.074592500179055 ], [ -48.97150894159541, -26.074317144708758 ], [ -48.970407523390961, -26.076152843188034 ], [ -48.972013759192528, -26.07991602303095 ], [ -48.973849456692072, -26.081751720848352 ], [ -48.973849457152639, -26.084000450045149 ], [ -48.97655711094864, -26.090700745956624 ], [ -48.976419433299498, -26.09446392626668 ], [ -48.978255131324232, -26.096620870750659 ], [ -48.978668163212234, -26.098135321309979 ], [ -48.977245496606862, -26.100980652903413 ], [ -48.976878358104649, -26.103045813264917 ], [ -48.977658529420246, -26.103688307022061 ], [ -48.976373540573896, -26.10478972621063 ], [ -48.97784209869171, -26.10612060587674 ], [ -48.976281755870211, -26.107726841522474 ], [ -48.976924250282984, -26.10873647441904 ], [ -48.975960509233509, -26.108782367638909 ], [ -48.973252855246066, -26.111122882363158 ], [ -48.974537842631833, -26.111627698913928 ], [ -48.975501584889351, -26.113188042721177 ], [ -48.975134444738217, -26.114610707440516 ], [ -48.97329874716992, -26.11497784664806 ], [ -48.972380899313357, -26.116905329347304 ], [ -48.97270214602473, -26.121035648682454 ], [ -48.9718301896675, -26.122412421880494 ], [ -48.96884718171701, -26.123146701875498 ], [ -48.97013216962403, -26.125762570985469 ], [ -48.967699868918999, -26.130030566851481 ], [ -48.967195053323984, -26.130489492237924 ], [ -48.965221677784555, -26.130122351955759 ], [ -48.964579184086269, -26.131361447419458 ], [ -48.963615442798016, -26.131269662287977 ], [ -48.962835271462765, -26.133105360757625 ], [ -48.964212043670308, -26.134573918434654 ], [ -48.96343187282794, -26.135767122078565 ], [ -48.960448864272145, -26.136317831744343 ], [ -48.959301552343845, -26.138291206254998 ], [ -48.955859620149674, -26.139117270646999 ], [ -48.952968396732629, -26.141274214527936 ], [ -48.94975592549639, -26.141320108231788 ], [ -48.947920228407106, -26.142054386620874 ], [ -48.947002378105424, -26.143155805244842 ], [ -48.946130423289155, -26.142880451460325 ], [ -48.943744015657607, -26.144165438772301 ], [ -48.940439760545729, -26.144257223989264 ], [ -48.93869584825233, -26.143477051662344 ], [ -48.938145137064673, -26.142559203499161 ], [ -48.934703205059272, -26.142559203592072 ], [ -48.929379682144138, -26.145725781131425 ], [ -48.928186478421658, -26.147607372054935 ], [ -48.927957016901154, -26.151462336953145 ], [ -48.930664669954425, -26.151829475639818 ], [ -48.93185787407802, -26.156097472454874 ], [ -48.929104327466028, -26.159493514132333 ], [ -48.928737188308247, -26.161283318503443 ], [ -48.92960914468047, -26.164036864431949 ], [ -48.930664670321569, -26.164679359681919 ], [ -48.930618777919982, -26.166423271692036 ], [ -48.928691296482782, -26.16679041165559 ], [ -48.929242004798319, -26.168121293427472 ], [ -48.927130953589469, -26.170186450889634 ], [ -48.927406307895083, -26.171379655568032 ], [ -48.925983641345134, -26.172389289661592 ], [ -48.92570828697054, -26.173811954668786 ], [ -48.924744545779227, -26.174638018812114 ], [ -48.924928116094911, -26.175877114503681 ], [ -48.92341366521903, -26.177804596960318 ], [ -48.924056159219468, -26.178768338728453 ], [ -48.923413665291264, -26.179777971799652 ], [ -48.923964375472337, -26.181384207802978 ], [ -48.923643127537893, -26.183265798022362 ], [ -48.922404032865046, -26.184550785646902 ], [ -48.920706010981306, -26.184963817801261 ], [ -48.919053882286889, -26.186570052764324 ], [ -48.916896938402466, -26.186570052809014 ], [ -48.915153026905237, -26.184504893262076 ], [ -48.914005715103585, -26.185422741300297 ], [ -48.909187009744052, -26.186432376504591 ], [ -48.909921287864407, -26.184459000062102 ], [ -48.906066323428334, -26.183954184046794 ], [ -48.904689549157993, -26.183403474845019 ], [ -48.904322409975748, -26.182485626215147 ], [ -48.901981895735972, -26.183403475253971 ], [ -48.898539962759862, -26.183082227812694 ], [ -48.897622114456887, -26.184229539324981 ], [ -48.896245340650452, -26.184183646450411 ], [ -48.89601587855357, -26.183449367693438 ], [ -48.894180181051993, -26.182806873085649 ], [ -48.891564312326267, -26.183816506413908 ], [ -48.891013602284922, -26.182164379163599 ], [ -48.889912184076231, -26.181200637850118 ], [ -48.886745605768432, -26.180741713668944 ], [ -48.884955801330037, -26.182302056456919 ], [ -48.885644186771238, -26.18675362262573 ], [ -48.884726337650761, -26.18716665480569 ], [ -48.882339932278981, -26.186707730278656 ], [ -48.881192621326093, -26.184596679484439 ], [ -48.879815847537373, -26.186524160860827 ], [ -48.877245870976637, -26.187166654949813 ], [ -48.873987506216707, -26.185101494609359 ], [ -48.872656627085206, -26.185789881396303 ], [ -48.871188069207577, -26.184917926216368 ], [ -48.868342737750133, -26.186340591833844 ], [ -48.86834273778787, -26.185514526560418 ], [ -48.865956330180651, -26.184596679267557 ], [ -48.863707601310509, -26.185835774082655 ], [ -48.862055472893758, -26.185147387830572 ], [ -48.859256034055797, -26.185468634537092 ], [ -48.858613540122384, -26.184780247823731 ], [ -48.855859993923801, -26.18422953876858 ], [ -48.854804467774436, -26.184780247769307 ], [ -48.853932510913381, -26.184137753944835 ], [ -48.851683781497449, -26.184780247520102 ], [ -48.850398793876074, -26.184091861540708 ], [ -48.846681505883772, -26.186570052237379 ], [ -48.844799915588659, -26.186937192478663 ], [ -48.844019743753485, -26.184550785748531 ], [ -48.842872433246875, -26.183724721821527 ], [ -48.843239572812841, -26.182439733467103 ], [ -48.842413509096559, -26.181843131571515 ], [ -48.842459401713391, -26.180787605639562 ], [ -48.843790282232952, -26.180466359158888 ], [ -48.843836173188578, -26.17725388768455 ], [ -48.839430499850302, -26.175877114314819 ], [ -48.838099619601564, -26.174224987453517 ], [ -48.835116611614382, -26.175326405812179 ], [ -48.83337269877925, -26.174959265627578 ], [ -48.832408956854259, -26.178997800866203 ], [ -48.827957390057513, -26.179181370550641 ], [ -48.826580617239593, -26.180604035681061 ], [ -48.825892230436828, -26.179915649516847 ], [ -48.824240102770631, -26.180191003578447 ], [ -48.823001007023414, -26.180971175720913 ], [ -48.821348878723683, -26.181017067769062 ], [ -48.820889953434168, -26.182026701965658 ], [ -48.818549440573335, -26.181521884725218 ], [ -48.817631591556001, -26.183632937304083 ], [ -48.817448020599976, -26.18808450385454 ], [ -48.815795893700198, -26.188681105737459 ], [ -48.815750001210773, -26.186386483877644 ], [ -48.814510905753806, -26.186386483814328 ], [ -48.814281443055563, -26.192811424352406 ], [ -48.812491638311286, -26.192857317730791 ], [ -48.811436111805435, -26.191893576635437 ], [ -48.806204374365301, -26.192214823672892 ], [ -48.805561879852995, -26.189736632073341 ], [ -48.804460461299939, -26.189323599784196 ], [ -48.800834957206384, -26.189874308523155 ], [ -48.800926743595646, -26.187763257111772 ], [ -48.796566960843208, -26.184963817334648 ], [ -48.795098402271286, -26.185514526785905 ], [ -48.792849674018882, -26.181154745171632 ], [ -48.787847398281095, -26.183082227771845 ], [ -48.786929549528701, -26.184458999872231 ], [ -48.783487615927363, -26.182852765632454 ], [ -48.779678542579312, -26.185101494859936 ], [ -48.778760695012046, -26.186340591529312 ], [ -48.778255877986439, -26.189415384938073 ], [ -48.779127833866937, -26.189644846761844 ], [ -48.779357295678757, -26.190470910342952 ], [ -48.776374287770295, -26.191159297321654 ], [ -48.774584482777776, -26.190746266093218 ], [ -48.773850203545869, -26.189461276824275 ], [ -48.771096656450126, -26.189644846876156 ], [ -48.770637733166936, -26.192168931246414 ], [ -48.769169174650138, -26.191847683803502 ], [ -48.768021864187396, -26.193224457459813 ], [ -48.768067755804665, -26.194738907614553 ], [ -48.767104015160257, -26.196620498173804 ], [ -48.765635457067297, -26.196666389088776 ], [ -48.762009954323517, -26.198456194988267 ], [ -48.762698341160885, -26.199328151542559 ], [ -48.762698340833261, -26.20086006445116 ], [ -48.763593209937355, -26.200867002736008 ], [ -48.768412836761222, -26.204078160096159 ], [ -48.771118853187652, -26.204214122393722 ], [ -48.771472692318589, -26.20230265738704 ], [ -48.768501513427402, -26.197550796567029 ], [ -48.769073593960854, -26.195113881557042 ], [ -48.770959395145567, -26.194462187138452 ], [ -48.773456245395792, -26.196458653705751 ], [ -48.773988531782145, -26.193813044915576 ], [ -48.775957175829873, -26.193706132569815 ], [ -48.777910252044308, -26.192499844454375 ], [ -48.778487809483849, -26.192832055513549 ], [ -48.778268714280031, -26.194388044243215 ], [ -48.77914641422845, -26.195057614995086 ], [ -48.779831314039001, -26.19339864844472 ], [ -48.778376624196241, -26.191769905408989 ], [ -48.780314951673667, -26.190452622133961 ], [ -48.779212510572407, -26.189077268141659 ], [ -48.779897358056019, -26.187530332386004 ], [ -48.780242232031704, -26.187438471023434 ], [ -48.780436825730007, -26.187582394080103 ], [ -48.779308928940289, -26.189050543351566 ], [ -48.780472648111044, -26.190225202785452 ], [ -48.780183114073452, -26.19090289988312 ], [ -48.781215010821739, -26.19242970564391 ], [ -48.780799441634244, -26.18850254688661 ], [ -48.781392717175017, -26.18854092973703 ], [ -48.781737651842228, -26.189226183647648 ], [ -48.782927908928109, -26.189345012034039 ], [ -48.782914260166514, -26.19102205493747 ], [ -48.783414956937762, -26.191052026134962 ], [ -48.784489887616004, -26.190064886718634 ], [ -48.783827671194992, -26.189024016391354 ], [ -48.785351158210133, -26.188212296709739 ], [ -48.784800728354014, -26.187046461350846 ], [ -48.785114047546159, -26.186236753244334 ], [ -48.785516179986715, -26.186238304206213 ], [ -48.78643417287104, -26.187271792996508 ], [ -48.786420149969437, -26.187494114937945 ], [ -48.785996441622387, -26.188134529013151 ], [ -48.78702764309115, -26.187961268373499 ], [ -48.786630721971548, -26.188442836448225 ], [ -48.785905764689204, -26.188162559818927 ], [ -48.786321641873634, -26.187197978144706 ], [ -48.785203066129739, -26.186314403766666 ], [ -48.784917397125533, -26.187169159883144 ], [ -48.785479304953746, -26.188231122250269 ], [ -48.783955920408452, -26.189097810032838 ], [ -48.78460717297088, -26.190073197196899 ], [ -48.783639097506693, -26.191154127173252 ], [ -48.782821884180557, -26.191216642295412 ], [ -48.78289239085467, -26.189598704740789 ], [ -48.781586413106304, -26.189364945988046 ], [ -48.781022540828346, -26.18858616230748 ], [ -48.781444252989793, -26.192584000041109 ], [ -48.781077536653179, -26.192676329790153 ], [ -48.779919710968713, -26.191089079741658 ], [ -48.778756914630918, -26.191605036208806 ], [ -48.78016253207884, -26.193465779148116 ], [ -48.779361841513811, -26.195259732869701 ], [ -48.778104492115069, -26.194712354403791 ], [ -48.778001033142857, -26.192774988961904 ], [ -48.776071044330095, -26.193905254665285 ], [ -48.774206521854623, -26.194096953016128 ], [ -48.773707022375746, -26.19702950849474 ], [ -48.774249749470101, -26.198571287254957 ], [ -48.781286772273631, -26.197606471950063 ], [ -48.785339965025834, -26.197906472899394 ], [ -48.787145738097728, -26.198759515201409 ], [ -48.788932270118451, -26.197806970464946 ], [ -48.791404045452694, -26.197718431838677 ], [ -48.792523751151123, -26.19845787303948 ], [ -48.791484413610412, -26.200279190502105 ], [ -48.792705751033381, -26.200956736209939 ], [ -48.792488728988445, -26.201744254001667 ], [ -48.793532753111947, -26.202287549622579 ], [ -48.795967916311803, -26.201642085900598 ], [ -48.796398543309898, -26.202566483136778 ], [ -48.79576988025007, -26.204093448734767 ], [ -48.79726278985634, -26.204805095784206 ], [ -48.797841559656987, -26.206705436322004 ], [ -48.800548444111996, -26.208983390392167 ], [ -48.799984877113353, -26.209305779223396 ], [ -48.799602426366668, -26.208282580319899 ], [ -48.797741833830479, -26.207432631536147 ], [ -48.79690637056877, -26.205244633164799 ], [ -48.795534458574593, -26.204548005907494 ], [ -48.795354373471007, -26.202044144551529 ], [ -48.793073496439611, -26.202694187769016 ], [ -48.791136824605189, -26.201096926716307 ], [ -48.790927232505688, -26.199948462496462 ], [ -48.791646949281095, -26.198513802720576 ], [ -48.789307166275101, -26.19857867706865 ], [ -48.787402981191406, -26.199527897418296 ], [ -48.785061997304744, -26.198683858181155 ], [ -48.780937975175924, -26.198347765166588 ], [ -48.77651254413874, -26.198976460612659 ], [ -48.774677645172325, -26.20043960147046 ], [ -48.771787264467697, -26.196359012712502 ], [ -48.770105825348992, -26.19544357590253 ], [ -48.769329651774498, -26.19736321542868 ], [ -48.772626819035636, -26.201527937482901 ], [ -48.772939434478594, -26.20300072657059 ], [ -48.771410077915753, -26.205249698181515 ], [ -48.769829363110574, -26.205894270457645 ], [ -48.768665013028944, -26.206121421613542 ], [ -48.769448201993804, -26.209608057512138 ], [ -48.773161817073493, -26.209516273163196 ], [ -48.77362074125125, -26.210250551350782 ], [ -48.775915363179443, -26.207772360684757 ], [ -48.779678542991967, -26.208047715029902 ], [ -48.781101209263568, -26.205615415909357 ], [ -48.781835488529552, -26.205523630928226 ], [ -48.780871746383873, -26.204376320378035 ], [ -48.781973164942613, -26.203458470563866 ], [ -48.782707443464453, -26.203871502870498 ], [ -48.783717077550754, -26.203045438925816 ], [ -48.784726712645465, -26.203183116748324 ], [ -48.785093850865955, -26.204835245035948 ], [ -48.787755612900227, -26.205753091942025 ], [ -48.790187912192266, -26.205340061134809 ], [ -48.790463267517126, -26.203550255274749 ], [ -48.791840040524249, -26.203412578510004 ], [ -48.792161287224211, -26.204009180850967 ], [ -48.791656470083794, -26.204697566695639 ], [ -48.792482533392473, -26.206257909841195 ], [ -48.791977717749411, -26.207267543039638 ], [ -48.793400382344288, -26.207313435440998 ], [ -48.795327865628906, -26.209057348925423 ], [ -48.795878575452008, -26.208690209942219 ], [ -48.796337499212385, -26.211351970553665 ], [ -48.795786790395859, -26.211627325006027 ], [ -48.797622486580238, -26.213554808013811 ], [ -48.800146572147547, -26.214472657241014 ], [ -48.800743172914906, -26.216400138444069 ], [ -48.800559603846864, -26.217455666339191 ], [ -48.798723905956763, -26.218924223612046 ], [ -48.799182829866147, -26.220438673949133 ], [ -48.800697280779367, -26.222090801346521 ], [ -48.803496719311866, -26.220117427225482 ], [ -48.804414569026918, -26.221448307859529 ], [ -48.803955643447843, -26.222228478743734 ], [ -48.806846867252816, -26.225716304552282 ], [ -48.807948285991365, -26.225349164645323 ], [ -48.808269532783925, -26.226083444055821 ], [ -48.810334693207928, -26.22612933611018 ], [ -48.812721099465129, -26.228836991336745 ], [ -48.812766992656321, -26.230167870977571 ], [ -48.810701832694988, -26.232049460732135 ], [ -48.809783983820161, -26.231590537124259 ], [ -48.808315425229942, -26.234022836374919 ], [ -48.810151124490432, -26.234573545957574 ], [ -48.811344326733085, -26.233793373211356 ], [ -48.811986820409174, -26.234940685120325 ], [ -48.8142814435258, -26.235583178345824 ], [ -48.81561232415968, -26.234757114169209 ], [ -48.819788536414464, -26.234665331019453 ], [ -48.820844062202596, -26.232921418508578 ], [ -48.82217494276248, -26.232646062197027 ], [ -48.823872963091866, -26.234481760822973 ], [ -48.823781177930584, -26.23567496344241 ], [ -48.824515457194259, -26.236822274619925 ], [ -48.8236435005117, -26.238612080291933 ], [ -48.82424010244187, -26.239346359388822 ], [ -48.824010639911172, -26.240814917166485 ], [ -48.826580616920005, -26.242696507024167 ], [ -48.828278636883631, -26.242650615268563 ], [ -48.82997665759423, -26.243568464425465 ], [ -48.831812355108568, -26.245679516536619 ], [ -48.830665043925066, -26.247469321295505 ], [ -48.830894505663622, -26.248433062718423 ], [ -48.832317172589264, -26.249350911202797 ], [ -48.830986290857375, -26.252058565015432 ], [ -48.831766463586426, -26.253481231004017 ], [ -48.830802721532017, -26.255271035570985 ], [ -48.832041816710046, -26.258942431069794 ], [ -48.831582892666717, -26.259676708827108 ], [ -48.832546634074212, -26.260686343791736 ], [ -48.831995925402992, -26.261879546289933 ], [ -48.832821989092928, -26.262384363491652 ], [ -48.838329082862934, -26.26041098856934 ], [ -48.840440134274644, -26.260548666913884 ], [ -48.84369849760985, -26.258437614648731 ], [ -48.846268474189635, -26.26086991333429 ], [ -48.848287740996113, -26.260181526915044 ], [ -48.849572729165445, -26.260456881569105 ], [ -48.850261116140054, -26.259217785095423 ], [ -48.850811824569313, -26.260410988582073 ], [ -48.852188598599469, -26.260365096903886 ], [ -48.85273930731892, -26.260043850483822 ], [ -48.852555738075118, -26.259355462034414 ], [ -48.852647522579694, -26.259126000365498 ], [ -48.854207866310624, -26.259676708925376 ], [ -48.854161973270394, -26.260869913139043 ], [ -48.854804467374031, -26.261558299395645 ], [ -48.85622713356468, -26.258942431013541 ], [ -48.857787476987113, -26.257886904773645 ], [ -48.858338185374535, -26.257932798043853 ], [ -48.858613540034398, -26.258942430501069 ], [ -48.858292292836929, -26.261053482868629 ], [ -48.861504764117655, -26.259997957064666 ], [ -48.86219314995828, -26.259034215941131 ], [ -48.864487772233964, -26.259860279671447 ], [ -48.866048114656436, -26.261925439257148 ], [ -48.867837921138253, -26.262659718662324 ], [ -48.869214693897824, -26.261282945569015 ], [ -48.871233960853196, -26.261833654665701 ], [ -48.872060025126665, -26.260548666643171 ], [ -48.87697051668286, -26.261282945470928 ], [ -48.877750687944321, -26.259906172117415 ], [ -48.879265137096688, -26.261374730820428 ], [ -48.881238512745213, -26.261374731135664 ], [ -48.882569394478935, -26.260824019963138 ], [ -48.882477607925509, -26.259080109146943 ], [ -48.883808489720288, -26.259034215634959 ], [ -48.884083843202653, -26.257932797762621 ], [ -48.88674560531345, -26.258024582142539 ], [ -48.888076486467419, -26.26013563513041 ], [ -48.889407366818226, -26.258850645989153 ], [ -48.894409642877626, -26.259217785093217 ], [ -48.894667760640431, -26.258116508232611 ], [ -48.897871115388618, -26.255688872966015 ], [ -48.897890550927663, -26.254410640149196 ], [ -48.895383906266744, -26.251630193110376 ], [ -48.895538310826929, -26.250060427664508 ], [ -48.89443480410997, -26.249091055436327 ], [ -48.895540470331284, -26.248182685308965 ], [ -48.896283339823711, -26.246315565349196 ], [ -48.89814483256346, -26.246203227299354 ], [ -48.898771088821611, -26.246989591367637 ], [ -48.900876605551623, -26.246743611061074 ], [ -48.902968085503417, -26.247317887107243 ], [ -48.903452894227414, -26.246750874266571 ], [ -48.905772201886919, -26.247267044907385 ], [ -48.907815632867191, -26.244950553843193 ], [ -48.905040399854222, -26.243652591706116 ], [ -48.906993266621257, -26.240607734997532 ], [ -48.909086231232294, -26.240278693941026 ], [ -48.909042501269447, -26.242004514807849 ], [ -48.911092950638803, -26.24280858168796 ], [ -48.912299168780876, -26.241200442365059 ], [ -48.913352332052916, -26.24083435875966 ], [ -48.915065088931378, -26.241764274233908 ], [ -48.916192046515711, -26.241101975794386 ], [ -48.917325267506214, -26.23921035957753 ], [ -48.916950829699253, -26.237953963739166 ], [ -48.919443437581926, -26.238895342579493 ], [ -48.920883793233394, -26.237949673583771 ], [ -48.923822583393282, -26.239349481598673 ], [ -48.926369682909346, -26.238853513896387 ], [ -48.927124708049213, -26.239722566813555 ], [ -48.92719166955483, -26.238813064166532 ], [ -48.928299950800863, -26.237924392307693 ], [ -48.929524389760765, -26.238988346227551 ], [ -48.932905262513913, -26.238400802985787 ], [ -48.937644497238196, -26.239244527225921 ], [ -48.9384771886142, -26.237362993342295 ], [ -48.939849237598374, -26.236332605624678 ], [ -48.945456331253475, -26.233636608346348 ], [ -48.945982457369063, -26.231780726002508 ], [ -48.945599478553689, -26.230604772011617 ], [ -48.951976537042938, -26.228475475132985 ], [ -48.952638636011784, -26.226393948617773 ], [ -48.954498355174252, -26.224149186467631 ], [ -48.953950022436906, -26.22269004485252 ], [ -48.955575547149891, -26.215491299043766 ], [ -48.957985392661506, -26.216848468065084 ], [ -48.957810131169737, -26.217409123207958 ], [ -48.960922175684502, -26.218581111302317 ], [ -48.963137542435533, -26.217946673787747 ], [ -48.965355983949571, -26.218907983193116 ], [ -48.966678900736007, -26.218023909844032 ], [ -48.966670060792346, -26.216281948470012 ], [ -48.9689588375103, -26.216765024694787 ], [ -48.971213599662462, -26.216034203032834 ], [ -48.973885652796675, -26.217502662445728 ], [ -48.974752916128402, -26.216583709716822 ], [ -48.977771420587288, -26.216526396151917 ], [ -48.983604288061336, -26.218004466145921 ], [ -48.988883752241719, -26.220350996429772 ], [ -48.994004962213239, -26.220542568612998 ], [ -48.995703600627039, -26.221202377453853 ], [ -48.995266536877061, -26.223361130623779 ], [ -48.998312775219127, -26.226653905817468 ], [ -49.00037811691417, -26.227262227314483 ], [ -49.002667400196977, -26.226659152362373 ], [ -49.006667188863233, -26.229658776038011 ], [ -49.007898996557067, -26.227962814894454 ], [ -49.010126228756789, -26.227772130752584 ], [ -49.011791356929706, -26.2285556702078 ], [ -49.012273108204127, -26.227701525119095 ], [ -49.016486286071341, -26.227316316163577 ], [ -49.017755642697573, -26.227449654325333 ], [ -49.017937258179906, -26.228247284255261 ], [ -49.018389447859306, -26.228563533424605 ], [ -49.018293298486299, -26.227707668302379 ], [ -49.021245269139904, -26.225975911286742 ], [ -49.022455919177737, -26.227000351566119 ], [ -49.024787079216175, -26.22698091403096 ], [ -49.02841828177413, -26.223412040053759 ], [ -49.028652299178368, -26.222432703903561 ], [ -49.027808447044777, -26.220858584832605 ], [ -49.028886206886931, -26.2185156704933 ], [ -49.028750293966397, -26.217417117922992 ], [ -49.030524247587465, -26.215726257410637 ], [ -49.034216480035923, -26.218984345704094 ], [ -49.03507835882256, -26.218496111565511 ], [ -49.036598864053119, -26.219133804724677 ], [ -49.037045908140271, -26.220598742060531 ], [ -49.040673212756779, -26.219113335856076 ], [ -49.041900223826111, -26.217505473375645 ], [ -49.042448979160987, -26.219198705310742 ], [ -49.044098136508126, -26.219773196302345 ], [ -49.044249695040342, -26.219052207672757 ], [ -49.045565637255137, -26.219721701269961 ], [ -49.047013461531662, -26.219306160095449 ], [ -49.047591799648927, -26.218214305537252 ], [ -49.049141600941631, -26.219814321691011 ], [ -49.051254056908022, -26.220701988017829 ], [ -49.050705215538756, -26.221963451597517 ], [ -49.052770725998251, -26.223018528750774 ], [ -49.053286371002791, -26.224877933874794 ], [ -49.052559977235283, -26.226405642018015 ], [ -49.054787040614869, -26.228280537856417 ], [ -49.056366293257497, -26.232232666036019 ], [ -49.057601337009686, -26.232479109779334 ], [ -49.058429487124428, -26.234259333617874 ], [ -49.061108255069769, -26.235999687658342 ], [ -49.063445679656404, -26.233684088309271 ], [ -49.065141422018705, -26.234158491359278 ], [ -49.066258587072809, -26.23345559454118 ], [ -49.068712859773463, -26.229583261859212 ], [ -49.073864361991163, -26.232439665275603 ], [ -49.077276946699449, -26.231658808194616 ], [ -49.079016731034635, -26.229428146465114 ], [ -49.07864070201498, -26.227298829256483 ], [ -49.081281226680034, -26.226522019999493 ], [ -49.082326228488824, -26.226697152449407 ], [ -49.081899230113805, -26.227030795657686 ], [ -49.082766489298159, -26.227622848160834 ], [ -49.082934220084887, -26.229013156610414 ], [ -49.085641121933314, -26.229197382896512 ], [ -49.086622152000118, -26.230384087106017 ], [ -49.089965650694921, -26.227992121304776 ], [ -49.091846575936273, -26.229189509984295 ], [ -49.093227429390133, -26.228264701518142 ], [ -49.092268730922299, -26.226162335727931 ], [ -49.0928887984849, -26.223922412249543 ], [ -49.092154415564856, -26.222514269555724 ], [ -49.092817927351575, -26.222465257852203 ], [ -49.094681338987712, -26.220115402929199 ], [ -49.093701498944114, -26.216854609954858 ], [ -49.094401065117118, -26.214463889622241 ], [ -49.096362997639346, -26.214044593976173 ], [ -49.098728979959155, -26.211863634324512 ], [ -49.100563449349359, -26.212007139437176 ], [ -49.101658132718455, -26.210364107425793 ], [ -49.102281702354503, -26.210210509934864 ], [ -49.102402917293766, -26.211276158424617 ], [ -49.102944010785585, -26.211374818706606 ], [ -49.103966215118781, -26.209353387367877 ], [ -49.106595454626273, -26.208189058374497 ], [ -49.107319151551089, -26.20691792519548 ], [ -49.111021049548292, -26.206966836750997 ], [ -49.113654037971465, -26.205015964502071 ], [ -49.113161836587892, -26.203455383315688 ], [ -49.114030335379596, -26.20199330929011 ], [ -49.115161023959359, -26.201827997905408 ], [ -49.116485328411706, -26.202849715211347 ], [ -49.121911883810924, -26.204451333647597 ], [ -49.124034707296111, -26.204212937024479 ], [ -49.124287056180606, -26.203349533528691 ], [ -49.125922754938898, -26.206140277753128 ], [ -49.128452570079055, -26.20574989292475 ], [ -49.1287161657105, -26.206323802316987 ], [ -49.130348349860377, -26.205555646028021 ], [ -49.131005230173912, -26.207466094321436 ], [ -49.130521100447396, -26.209264750224197 ], [ -49.130897683156284, -26.211246693458119 ], [ -49.129981424741388, -26.212869480213932 ], [ -49.130723182848257, -26.213991370273195 ], [ -49.129613972431123, -26.214339475614011 ], [ -49.129870187384867, -26.217146509837271 ], [ -49.130460641599299, -26.217784054255969 ], [ -49.1332125799916, -26.217428391925043 ], [ -49.133318018244189, -26.21813404006285 ], [ -49.134962854984423, -26.21923317783294 ], [ -49.136749506174375, -26.218767322515806 ], [ -49.136912869566956, -26.217458897579824 ], [ -49.139440224481206, -26.216593296518941 ], [ -49.140734643778856, -26.2150723380058 ], [ -49.141613603411898, -26.214953150631978 ], [ -49.142238720451878, -26.213421129735419 ], [ -49.14372529169782, -26.213726060634755 ], [ -49.145763168058743, -26.212656649817205 ], [ -49.147846582624474, -26.213223681210152 ], [ -49.147732486902846, -26.211739426916811 ], [ -49.148375401281513, -26.211393277776001 ], [ -49.147641035178609, -26.210652039252984 ], [ -49.148498629665049, -26.207226836401581 ], [ -49.147365929376129, -26.206083283789742 ], [ -49.147971687582327, -26.205683239764362 ], [ -49.147872604455664, -26.204373995160445 ], [ -49.148998549076836, -26.203763817490834 ], [ -49.148744085592462, -26.203163738981456 ], [ -49.150005143568173, -26.201169516464418 ], [ -49.151036508841173, -26.201347320872138 ], [ -49.154094574432264, -26.197567908506084 ], [ -49.156692691645617, -26.197991216873326 ], [ -49.156156742005905, -26.199671301496178 ], [ -49.157584439785552, -26.200576496391658 ], [ -49.158356837795672, -26.199722825055204 ], [ -49.160163978912678, -26.200521437304932 ], [ -49.164180223376505, -26.200519416787486 ], [ -49.167287830531023, -26.199701104341901 ], [ -49.169044369688393, -26.200409872145091 ], [ -49.169949325796324, -26.199591658265366 ], [ -49.168986049208094, -26.199087084075334 ], [ -49.168664956951758, -26.197710974725155 ], [ -49.169628233247316, -26.194775274568698 ], [ -49.169582363625757, -26.19271110959636 ], [ -49.168527346845202, -26.190922166684349 ], [ -49.168573215744658, -26.190463464186969 ], [ -49.169719974397964, -26.190463464269794 ], [ -49.168435605471672, -26.187390151328742 ], [ -49.170774991174675, -26.186610356903195 ], [ -49.17187587907118, -26.185234246283873 ], [ -49.171921748299127, -26.18367465525472 ], [ -49.171233695911269, -26.182757250058451 ], [ -49.171692397985034, -26.181105917202835 ], [ -49.169536492877889, -26.177665644096667 ], [ -49.169857585669064, -26.176427145242219 ], [ -49.169031919568212, -26.175280386090829 ], [ -49.169903455042579, -26.17436298072537 ], [ -49.169444752570463, -26.17349144565145 ], [ -49.170270417916029, -26.173399704002378 ], [ -49.170912602473727, -26.171840113202411 ], [ -49.170912602390267, -26.168399838732888 ], [ -49.173618951115657, -26.16679437722539 ], [ -49.174857449996907, -26.16679437718469 ], [ -49.176279429572446, -26.167849394851149 ], [ -49.177930761603314, -26.167436562573936 ], [ -49.178985779290521, -26.168583320771457 ], [ -49.180682980891596, -26.168537449758468 ], [ -49.181875608896668, -26.169546597179661 ], [ -49.183251718787609, -26.164225639135655 ], [ -49.181462776708877, -26.162344955300391 ], [ -49.180774721800567, -26.160372532529895 ], [ -49.179903185329692, -26.161106458201573 ], [ -49.177747280600599, -26.161152328213255 ], [ -49.177930760857187, -26.158950552898666 ], [ -49.179215130618253, -26.157069870349289 ], [ -49.178848167960815, -26.155968982083319 ], [ -49.179857315339092, -26.15578550038482 ], [ -49.181508647787801, -26.153675465059361 ], [ -49.182517793906882, -26.15349198442637 ], [ -49.1824260535953, -26.152115874828723 ], [ -49.183435201678613, -26.151565431073443 ], [ -49.184627828594124, -26.151978264142475 ], [ -49.184536088572237, -26.15142781911964 ], [ -49.185407624209788, -26.150969116301148 ], [ -49.186416771401078, -26.15156543078534 ], [ -49.186967213471043, -26.151152597866002 ], [ -49.1887561576618, -26.151519560682157 ], [ -49.190820321890953, -26.149822358357515 ], [ -49.188526805089417, -26.147666453934754 ], [ -49.189214860904457, -26.146427955460823 ], [ -49.187884621097886, -26.144134439003967 ], [ -49.186416770792924, -26.143400513354802 ], [ -49.185820456744146, -26.142299626007066 ], [ -49.184765439909313, -26.142207885749855 ], [ -49.184123254891887, -26.141106997983105 ], [ -49.183205848932083, -26.141886793547041 ], [ -49.178985779239163, -26.141703311853636 ], [ -49.178343594740106, -26.139960239521123 ], [ -49.177472058580243, -26.140006110720648 ], [ -49.17660052185925, -26.138675870952866 ], [ -49.175683115125338, -26.138584131271195 ], [ -49.17554550476116, -26.13748324350432 ], [ -49.172380453771531, -26.137391501495415 ], [ -49.172518063546455, -26.134960374871639 ], [ -49.170178678552503, -26.133400784348034 ], [ -49.169903455859846, -26.132208154325241 ], [ -49.168389735130546, -26.132391636848894 ], [ -49.167839291073136, -26.133538395320073 ], [ -49.166463180444161, -26.132483377831303 ], [ -49.164444886862576, -26.13275859964704 ], [ -49.163022906972508, -26.134042968343813 ], [ -49.160775261440854, -26.132666859601443 ], [ -49.161233964947876, -26.131749452681209 ], [ -49.160867001761524, -26.12986877022864 ], [ -49.161600927214465, -26.128997232683311 ], [ -49.15949089274956, -26.127666993726049 ], [ -49.159857854563498, -26.126703716553791 ], [ -49.159307410930083, -26.125098255996448 ], [ -49.16072939078748, -26.123905627101369 ], [ -49.159032188898841, -26.120236002390641 ], [ -49.160270687149143, -26.118997502743991 ], [ -49.159811983344063, -26.117437912160099 ], [ -49.158435875016153, -26.117804874764676 ], [ -49.15802304183638, -26.116933339542324 ], [ -49.158619356303873, -26.114548081342761 ], [ -49.158023041126683, -26.113584804716307 ], [ -49.156876283308137, -26.114089378934001 ], [ -49.154628638588392, -26.112116954351844 ], [ -49.1533901392541, -26.113080231434033 ], [ -49.152702084432477, -26.112208694114543 ], [ -49.150454439603799, -26.111749992407368 ], [ -49.14990399571905, -26.11289675064609 ], [ -49.148298534331367, -26.11390589624963 ], [ -49.147426998602874, -26.11335545358369 ], [ -49.146234368363956, -26.114915044403965 ], [ -49.144950000234196, -26.114960914618983 ], [ -49.144353685254451, -26.115878320761439 ], [ -49.14329866868642, -26.115648969708513 ], [ -49.142564743115074, -26.117759003232006 ], [ -49.140592320030933, -26.117896614245979 ], [ -49.13985839490843, -26.117070949194371 ], [ -49.137289657032916, -26.116474635454068 ], [ -49.139904264367182, -26.11317197126121 ], [ -49.139491432174616, -26.111795862742497 ], [ -49.140179486971846, -26.111016066264696 ], [ -49.139904264886894, -26.10963995762868 ], [ -49.138069452088459, -26.108768420318274 ], [ -49.135271363706707, -26.108630810491256 ], [ -49.135271363150096, -26.107438182061312 ], [ -49.134583308043858, -26.107117090229316 ], [ -49.135408974086964, -26.104823573837653 ], [ -49.133986993736926, -26.104869443863457 ], [ -49.134216344466594, -26.104043778521586 ], [ -49.133528290391453, -26.103309851929819 ], [ -49.132198051155584, -26.103218112368129 ], [ -49.132473273483427, -26.101887873534881 ], [ -49.130546718294795, -26.101612652177586 ], [ -49.12985866496237, -26.100236541570052 ], [ -49.127748629716827, -26.100603503371172 ], [ -49.126189039578122, -26.099686097903426 ], [ -49.124445966792159, -26.102851149479996 ], [ -49.123299209257702, -26.103034632203556 ], [ -49.121326784894606, -26.101337428855537 ], [ -49.119629582719611, -26.101016337408648 ], [ -49.119033269000575, -26.100098930123913 ], [ -49.115547124122251, -26.099365004353739 ], [ -49.114216885846567, -26.098264117893049 ], [ -49.114171014389534, -26.097117359229042 ], [ -49.111464666086512, -26.094777973652466 ], [ -49.11100596208432, -26.095053194805953 ], [ -49.110042686239062, -26.094181660275215 ], [ -49.108804186108479, -26.094594491905827 ], [ -49.108070262754424, -26.093906436973793 ], [ -49.106923503772869, -26.094319269721073 ], [ -49.107198726506226, -26.092622068425051 ], [ -49.106281320672736, -26.091796401264475 ], [ -49.104492377154038, -26.091108346318464 ], [ -49.103116266463942, -26.09179640253306 ], [ -49.102015380224401, -26.091383569931821 ], [ -49.100088825835691, -26.088631350278543 ], [ -49.097703568235936, -26.089227663272982 ], [ -49.096969645702508, -26.088677221273755 ], [ -49.096235718465174, -26.08913592339885 ], [ -49.094033943577678, -26.088723090679224 ], [ -49.091281724900675, -26.089869848979127 ], [ -49.089355170902429, -26.089502886741702 ], [ -49.088850596331078, -26.087943295734238 ], [ -49.087703839163034, -26.087209370217558 ], [ -49.085869025433304, -26.087530462909786 ], [ -49.084676397813467, -26.085879131280041 ], [ -49.084584658513798, -26.084548892213682 ], [ -49.08343790080432, -26.083172781823862 ], [ -49.082474623315875, -26.083035171672226 ], [ -49.081740697766861, -26.081567320196552 ], [ -49.078346293229984, -26.082026022810535 ], [ -49.077245407619863, -26.080558173472294 ], [ -49.074263835140641, -26.078723360671244 ], [ -49.075272982849484, -26.076521585759199 ], [ -49.073713391369708, -26.075007865368384 ], [ -49.071098783511651, -26.074870254219569 ], [ -49.06958506212078, -26.075787660266656 ], [ -49.068759397650176, -26.075191346021043 ], [ -49.067291546989651, -26.075741788971701 ], [ -49.06444758607298, -26.074549161579174 ], [ -49.062383421608473, -26.075099605816124 ], [ -49.061190794223847, -26.077026158856498 ], [ -49.060089905605977, -26.076567455552421 ], [ -49.059310110387088, -26.077301381105713 ], [ -49.058117482462606, -26.077072029548912 ], [ -49.057154205217024, -26.076062882704075 ], [ -49.057245945807985, -26.074273939988213 ], [ -49.05586983639553, -26.07386110640034 ], [ -49.055273522289163, -26.071384110413405 ], [ -49.054401985975034, -26.070971276709102 ], [ -49.054539597067226, -26.068264927533079 ], [ -49.055915707624678, -26.066888818093521 ], [ -49.053897412596044, -26.064044858033327 ], [ -49.056374409654651, -26.062118305196798 ], [ -49.055961578539701, -26.060696325536956 ], [ -49.054768947430517, -26.060375233418146 ], [ -49.053576319304611, -26.058769770646116 ], [ -49.055594615511112, -26.056567996232609 ], [ -49.053989154597566, -26.05468731278793 ], [ -49.054677207983907, -26.053769907257188 ], [ -49.053713931291284, -26.051843352590172 ], [ -49.055090041538634, -26.051843352363569 ], [ -49.056924853534866, -26.049458095351376 ], [ -49.057934000524966, -26.049228744740457 ], [ -49.057934000617756, -26.048357208380619 ], [ -49.056466151037647, -26.046293043622285 ], [ -49.054723079667106, -26.046568265576195 ], [ -49.053530449835563, -26.046017821652164 ], [ -49.05353044960664, -26.045192155824815 ], [ -49.052154340651988, -26.043540825208762 ], [ -49.051512154962786, -26.043724305644542 ], [ -49.051420414144893, -26.042439937205724 ], [ -49.052154339459989, -26.042623416995543 ], [ -49.053071746739903, -26.041201439230786 ], [ -49.05252130383402, -26.037210719318168 ], [ -49.0535304501323, -26.03551351790281 ], [ -49.05151215506266, -26.033586964576166 ], [ -49.052246081323723, -26.032027373763231 ], [ -49.052062600149391, -26.028082526179478 ], [ -49.050824100722402, -26.028954062014513 ], [ -49.049493861869301, -26.028724710118222 ], [ -49.048347103792388, -26.027532082718977 ], [ -49.048347104225698, -26.026522934130618 ], [ -49.044081164722968, -26.023266143333302 ], [ -49.044264644811129, -26.021981772338361 ], [ -49.039402391223085, -26.019275424600355 ], [ -49.039173039981371, -26.018082794828054 ], [ -49.040044574255482, -26.017303001197909 ], [ -49.039448259811159, -26.016125531356344 ], [ -49.040044575892978, -26.013954467393017 ], [ -49.036466690782355, -26.013679245146918 ], [ -49.036696041401761, -26.011018767296004 ], [ -49.03596211648884, -26.009642656504845 ] ], [ [ -49.030673860584002, -26.215161043954257 ], [ -49.030675298508839, -26.21515763119298 ], [ -49.030524247588311, -26.215726257407461 ], [ -49.030673860584002, -26.215161043954257 ] ], [ [ -49.030857995026103, -26.214558633643762 ], [ -49.030782306754226, -26.214127659157437 ], [ -49.030826790829543, -26.214621042940841 ], [ -49.030857995026103, -26.214558633643762 ] ], [ [ -49.030431344644001, -26.213623447044313 ], [ -49.030351624361572, -26.213508916051502 ], [ -49.030351623802126, -26.213499858133957 ], [ -49.030431344644001, -26.213623447044313 ] ], [ [ -48.806038066701404, -26.208334593519442 ], [ -48.806026101371089, -26.208367709707986 ], [ -48.805993820446872, -26.208334600539501 ], [ -48.806038066701404, -26.208334593519442 ] ] ] ] } },
{ "type": "Feature", "properties": { "ID": 4, "Nomes": "Bacia Hidrográfica do Rio Cachoeira", "Area": 50.12999, "Perimetro": 64.33843 }, "geometry": { "type": "MultiPolygon", "coordinates": [ [ [ [ -48.901411932403697, -26.272568543151696 ], [ -48.901739821589224, -26.271216257733997 ], [ -48.900533911709523, -26.271045180903386 ], [ -48.90022422279101, -26.269428305929075 ], [ -48.898592597290573, -26.268102887715944 ], [ -48.898389123992871, -26.26588464312001 ], [ -48.897654572591094, -26.264832884298226 ], [ -48.895951473495657, -26.264634414317374 ], [ -48.895513813949641, -26.262187872092777 ], [ -48.895911162747971, -26.259838432962027 ], [ -48.89465203674942, -26.258837066513561 ], [ -48.89390482626095, -26.259447247709662 ], [ -48.889407366818226, -26.258850645989153 ], [ -48.888076486467419, -26.26013563513041 ], [ -48.88674560531345, -26.258024582142539 ], [ -48.884083843202653, -26.257932797762621 ], [ -48.883808489720288, -26.259034215634959 ], [ -48.882477607925509, -26.259080109146943 ], [ -48.882569394478935, -26.260824019963138 ], [ -48.881238512745213, -26.261374731135664 ], [ -48.879265137096688, -26.261374730820428 ], [ -48.877750687944321, -26.259906172117415 ], [ -48.87697051668286, -26.261282945470928 ], [ -48.872060025126665, -26.260548666643171 ], [ -48.871233960853196, -26.261833654665701 ], [ -48.869214693897824, -26.261282945569015 ], [ -48.867516673450858, -26.262659719404581 ], [ -48.866048114656436, -26.261925439257148 ], [ -48.864487772233964, -26.259860279671447 ], [ -48.86219314995828, -26.259034215941131 ], [ -48.861504764117655, -26.259997957064666 ], [ -48.858108722787357, -26.260961699431864 ], [ -48.858338185374535, -26.257932798043853 ], [ -48.85622713356468, -26.258942431013541 ], [ -48.854804467374031, -26.261558299395645 ], [ -48.854161973270394, -26.260869913139043 ], [ -48.854207866310624, -26.259676708925376 ], [ -48.852647522579694, -26.259126000365498 ], [ -48.85273930731892, -26.260043850483822 ], [ -48.852188598599469, -26.260365096903886 ], [ -48.850811824569313, -26.260410988582073 ], [ -48.850261116140054, -26.259217785095423 ], [ -48.849572729165445, -26.260456881569105 ], [ -48.848287740996113, -26.260181526915044 ], [ -48.846268474189635, -26.26086991333429 ], [ -48.84369849760985, -26.258437614648731 ], [ -48.840440134274644, -26.260548666913884 ], [ -48.838329082862934, -26.26041098856934 ], [ -48.833648053178599, -26.262384363923331 ], [ -48.831858248136918, -26.26197133190291 ], [ -48.831812354736854, -26.265183803167357 ], [ -48.830710937152162, -26.266744145529167 ], [ -48.832363064533808, -26.268579843964059 ], [ -48.828462206919433, -26.275371924667251 ], [ -48.829288270871736, -26.279456351850421 ], [ -48.825708661035549, -26.283678456047454 ], [ -48.827544357336116, -26.285192907352549 ], [ -48.827819712567283, -26.287166281888211 ], [ -48.827177219219863, -26.288313592498323 ], [ -48.827819713236266, -26.288910194713708 ], [ -48.827865604132754, -26.291158923819715 ], [ -48.827131326391694, -26.292214450207766 ], [ -48.827911497701479, -26.292719266656185 ], [ -48.828186851976739, -26.294096039154994 ], [ -48.831169860757349, -26.29606941505239 ], [ -48.831858248141806, -26.297216725229834 ], [ -48.836768739029992, -26.29795100523037 ], [ -48.835988567077017, -26.301530616120882 ], [ -48.83043558206343, -26.303733452159275 ], [ -48.827957390646631, -26.305431472527903 ], [ -48.827590250936176, -26.306945922445646 ], [ -48.825157951343918, -26.308001449472851 ], [ -48.821945481408527, -26.307313062712584 ], [ -48.819054256925043, -26.308552159139527 ], [ -48.818457654390009, -26.30790966450169 ], [ -48.816989096753609, -26.307863770780493 ], [ -48.815979462925576, -26.309011082308427 ], [ -48.816621957242923, -26.309883039767641 ], [ -48.816163032601537, -26.311327099869903 ], [ -48.817823087151488, -26.310943610610735 ], [ -48.819625631942827, -26.3090356018003 ], [ -48.822453829687056, -26.308652352689649 ], [ -48.823565224318216, -26.30935359589871 ], [ -48.824365874239426, -26.311456426274528 ], [ -48.828203491139384, -26.313734350680129 ], [ -48.83066495980809, -26.314203568767244 ], [ -48.831348589749538, -26.312441966003025 ], [ -48.834840315630416, -26.310683404035149 ], [ -48.835669302730402, -26.308478470652307 ], [ -48.840399719535029, -26.304693859877872 ], [ -48.841235179089011, -26.301803490529853 ], [ -48.840643631262353, -26.304807735483497 ], [ -48.835945506925867, -26.3086230557516 ], [ -48.835240908915026, -26.310644481216016 ], [ -48.831769222088347, -26.312712523698668 ], [ -48.831000467364795, -26.314326423330673 ], [ -48.831045660415299, -26.317280745463361 ], [ -48.83221530521903, -26.317821241012766 ], [ -48.835797970900423, -26.320861389436196 ], [ -48.838215683561685, -26.321978100000802 ], [ -48.838672178912709, -26.322354757813251 ], [ -48.835734169212337, -26.320916896882917 ], [ -48.83435481414255, -26.319659932977437 ], [ -48.834162017954412, -26.320369809996528 ], [ -48.834280236548295, -26.321900318705335 ], [ -48.83422750361138, -26.322057383521649 ], [ -48.834169391496189, -26.322078108803481 ], [ -48.834134760006144, -26.320346159178968 ], [ -48.834328011463676, -26.319637225928595 ], [ -48.83086319383272, -26.317289170451076 ], [ -48.830863150266893, -26.314574870232981 ], [ -48.828675073725741, -26.314469446721674 ], [ -48.824329878940297, -26.311980683424725 ], [ -48.822646086305788, -26.309099521651675 ], [ -48.819688204395568, -26.309452801200468 ], [ -48.817784124645705, -26.31155571140286 ], [ -48.816347339997392, -26.311713719306386 ], [ -48.816848286410959, -26.313139420857116 ], [ -48.817636549461703, -26.313653983189305 ], [ -48.819290879680736, -26.313244112153203 ], [ -48.820476028670981, -26.313474486043685 ], [ -48.824313986570964, -26.315425993078932 ], [ -48.824562132610716, -26.315699274839449 ], [ -48.824625637551641, -26.316047682002726 ], [ -48.824407404256931, -26.316414185528373 ], [ -48.823921203012254, -26.316713996455178 ], [ -48.82364188747205, -26.316777723009427 ], [ -48.823180352881757, -26.316673306071291 ], [ -48.822936568383277, -26.316566059622044 ], [ -48.822552795985821, -26.316204752866298 ], [ -48.82387979289058, -26.31669946401561 ], [ -48.824447679854494, -26.315619428491942 ], [ -48.82022865389694, -26.313496278463798 ], [ -48.817841182372604, -26.313737043306602 ], [ -48.819529659528641, -26.314351482862062 ], [ -48.82176191630073, -26.316103029047071 ], [ -48.821318137429131, -26.316430863562978 ], [ -48.82171033377842, -26.317111857728573 ], [ -48.822033122440367, -26.319737069649246 ], [ -48.820992900008321, -26.320946054529347 ], [ -48.820029086691243, -26.321566290372946 ], [ -48.818888845580233, -26.324710735242054 ], [ -48.819812213172511, -26.328191885376054 ], [ -48.818708911955504, -26.324620483896016 ], [ -48.819784279567713, -26.321270007830528 ], [ -48.821882001892035, -26.319628891686584 ], [ -48.821540187177227, -26.31725228773707 ], [ -48.820880356450559, -26.31575521172665 ], [ -48.819310405615539, -26.314450067657479 ], [ -48.817112669351033, -26.313789489704678 ], [ -48.816920078877054, -26.314042141631013 ], [ -48.816631444122379, -26.314173428938602 ], [ -48.815566430496354, -26.314069639388716 ], [ -48.815566430580937, -26.315803162879316 ], [ -48.816667850436176, -26.316399765531383 ], [ -48.815750001463989, -26.31901563458781 ], [ -48.817356237010152, -26.322411676011416 ], [ -48.81653017293678, -26.324385051060514 ], [ -48.815199291551167, -26.325027544195983 ], [ -48.816484280586572, -26.327505736856097 ], [ -48.816071248233882, -26.329525003689888 ], [ -48.815061615310235, -26.330672314524154 ], [ -48.814235551228244, -26.33071820645706 ], [ -48.813914303782113, -26.332324442521859 ], [ -48.81281288547892, -26.332416227815543 ], [ -48.810380585108014, -26.334114248217968 ], [ -48.806709190515967, -26.334481386947154 ], [ -48.806938652989366, -26.337831534625803 ], [ -48.804919384737872, -26.338887061762364 ], [ -48.804689923321575, -26.339667232660432 ], [ -48.802395300698187, -26.339850802938113 ], [ -48.801431559526016, -26.342650241211121 ], [ -48.800008894634722, -26.342512563853798 ], [ -48.798861582827612, -26.344256476372792 ], [ -48.801110313033107, -26.348753935397109 ], [ -48.800743173061349, -26.351323912742984 ], [ -48.799549969845785, -26.352746577788157 ], [ -48.798173196754448, -26.357748854306351 ], [ -48.79826498250759, -26.360777754369103 ], [ -48.797393025244723, -26.361557926578772 ], [ -48.796199822459322, -26.361420249895968 ], [ -48.795786790848794, -26.363072376376845 ], [ -48.796658745831181, -26.364219688051872 ], [ -48.796108036376147, -26.366284848031423 ], [ -48.796842316908091, -26.366789664468318 ], [ -48.800284248568211, -26.366835557891555 ], [ -48.801523345821778, -26.368763039696073 ], [ -48.802900117667534, -26.368946609437018 ], [ -48.803359042454893, -26.370828199669202 ], [ -48.805470094502901, -26.371149446808367 ], [ -48.805470094857675, -26.372159081077253 ], [ -48.806755083180036, -26.374040670312692 ], [ -48.80652562108412, -26.375279764985617 ], [ -48.807489362418394, -26.376656539243577 ], [ -48.80643383638094, -26.377344925560628 ], [ -48.805194740314036, -26.379593655931814 ], [ -48.807627038935102, -26.382255416848587 ], [ -48.807718823562347, -26.385192532169761 ], [ -48.809711779002008, -26.383686692088709 ], [ -48.812335704127271, -26.383732726967921 ], [ -48.814177056463066, -26.382443781127606 ], [ -48.814453257756021, -26.380326227203604 ], [ -48.815466000211302, -26.380142092667239 ], [ -48.820897984326407, -26.385238426038825 ], [ -48.824531993617924, -26.384501763197381 ], [ -48.826430901679288, -26.385171433983061 ], [ -48.828270571600314, -26.38310384367481 ], [ -48.827094499572731, -26.381749669251214 ], [ -48.830715484695887, -26.381535198200531 ], [ -48.831308009534226, -26.380736290032509 ], [ -48.835587355588864, -26.378907895514139 ], [ -48.835599325787619, -26.37778725231265 ], [ -48.831210751669403, -26.376017793547494 ], [ -48.830619723105883, -26.374154470555677 ], [ -48.830763365490931, -26.373511013909827 ], [ -48.832527473532373, -26.373679921626223 ], [ -48.833628731817768, -26.373079359735247 ], [ -48.836519534816915, -26.37079337546059 ], [ -48.840180919360861, -26.371819912330313 ], [ -48.840969456203815, -26.373224808604661 ], [ -48.84326474181492, -26.374417884586482 ], [ -48.845805416500504, -26.374050579360681 ], [ -48.846568516671091, -26.374640412002051 ], [ -48.846170507562505, -26.371873534639008 ], [ -48.847029369323145, -26.371404338594193 ], [ -48.84693510400799, -26.368716478825295 ], [ -48.850276285735234, -26.366878509801055 ], [ -48.85149874228302, -26.364943985671157 ], [ -48.849229641481685, -26.360787933847082 ], [ -48.849509444877569, -26.360210096747487 ], [ -48.850678035530947, -26.360329418334103 ], [ -48.850821303847304, -26.359138543160636 ], [ -48.855198655904296, -26.35753638946537 ], [ -48.855312372792454, -26.356638101112477 ], [ -48.857042066512477, -26.35540059692401 ], [ -48.855689808121952, -26.352849459693484 ], [ -48.857445499617384, -26.352834878731667 ], [ -48.858279298774335, -26.352026386661244 ], [ -48.861814248093971, -26.352398454609538 ], [ -48.860776955558201, -26.349831161404584 ], [ -48.861840806972488, -26.349477186230509 ], [ -48.862496175354288, -26.350120776650449 ], [ -48.8639516767091, -26.350175079428336 ], [ -48.864352584850209, -26.347549410375354 ], [ -48.863955323879047, -26.346173700921298 ], [ -48.863322399619932, -26.345924301549346 ], [ -48.866304662418955, -26.342088210015163 ], [ -48.86432957962451, -26.34043436228086 ], [ -48.866833116300825, -26.338260916985256 ], [ -48.866231789158107, -26.33762221060169 ], [ -48.866449356872167, -26.336625667603556 ], [ -48.867421467935046, -26.335787141743769 ], [ -48.870625156031792, -26.336013179747493 ], [ -48.871188854200085, -26.333039135526125 ], [ -48.873345173285244, -26.333226394511659 ], [ -48.873892459188866, -26.330476315948008 ], [ -48.875547572959753, -26.32976912616531 ], [ -48.879778465427059, -26.325449234317819 ], [ -48.882266501631435, -26.3254348777849 ], [ -48.884034370817048, -26.322819908171734 ], [ -48.883879381437531, -26.321291953566735 ], [ -48.885042600698114, -26.319625971551119 ], [ -48.884315588660222, -26.318480214586288 ], [ -48.881385969821835, -26.316948463041047 ], [ -48.876951196390721, -26.317367387285138 ], [ -48.876117928747306, -26.313610621054966 ], [ -48.874392273800254, -26.312553605775893 ], [ -48.87469561158391, -26.310441963299702 ], [ -48.871513261191303, -26.309131533233316 ], [ -48.870706520744008, -26.309332329828084 ], [ -48.868932418388844, -26.307408977963544 ], [ -48.867007234588442, -26.303382062719628 ], [ -48.867514145729153, -26.301641695907289 ], [ -48.869239800676304, -26.298770033542471 ], [ -48.875522937302165, -26.296804184937848 ], [ -48.876428906149414, -26.295730900929282 ], [ -48.876784822482271, -26.293878012251128 ], [ -48.878590693421074, -26.294432794158336 ], [ -48.87946430623807, -26.292671443090274 ], [ -48.880447120657195, -26.292209117996432 ], [ -48.880321235476963, -26.29116344061789 ], [ -48.880861555904133, -26.290766719847564 ], [ -48.880356498494329, -26.289609864814462 ], [ -48.878641123327654, -26.289129509921942 ], [ -48.878201473127433, -26.288289139040835 ], [ -48.878792981805603, -26.286474773863386 ], [ -48.879646119322203, -26.287115261270369 ], [ -48.880183027199301, -26.286772580549833 ], [ -48.881428607973511, -26.282166945226631 ], [ -48.883848105970564, -26.282381129298756 ], [ -48.885231895022457, -26.283842160099692 ], [ -48.886711235476213, -26.28412212515769 ], [ -48.887824485142282, -26.282382319209169 ], [ -48.887743342285148, -26.281303915399377 ], [ -48.889404116650766, -26.281369191072624 ], [ -48.890471865649303, -26.280576361139037 ], [ -48.891026973793416, -26.280943538625689 ], [ -48.893379358305822, -26.279491140886357 ], [ -48.893441352965368, -26.275724409512371 ], [ -48.894755184740923, -26.275970224847502 ], [ -48.89590180156322, -26.275281736599936 ], [ -48.89749887499427, -26.275797848173248 ], [ -48.898465764179733, -26.275232777280106 ], [ -48.898554490481452, -26.273584468126774 ], [ -48.901411932403697, -26.272568543151696 ] ], [ [ -48.852142705442276, -26.358024209548702 ], [ -48.852293014220116, -26.358091918393765 ], [ -48.852295049418785, -26.358094083569693 ], [ -48.852142514534833, -26.358047204058209 ], [ -48.852142705442276, -26.358024209548702 ] ] ], [ [ [ -48.817392952484774, -26.307863771664966 ], [ -48.817427864187941, -26.307875274215359 ], [ -48.817659853551675, -26.307863771624742 ], [ -48.817392952484774, -26.307863771664966 ] ] ], [ [ [ -48.900804797750695, -26.273185882405393 ], [ -48.90080449849188, -26.273186667237965 ], [ -48.900809048558635, -26.273184627229895 ], [ -48.900804797750695, -26.273185882405393 ] ] ], [ [ [ -48.814373227960928, -26.312177661266833 ], [ -48.814373228535437, -26.313324972433527 ], [ -48.816892987372505, -26.313955942026389 ], [ -48.815887679095162, -26.311732468343006 ], [ -48.814373227960928, -26.312177661266833 ] ] ] ] } }
]
}
