date,code,station,temp_mean,temp_min,temp_max,umid_mean,ws_mean,ws_max,prec_sum
2011-12-31 00:00:00,aeroporto,Aeroporto SBJV,22.0,22.0,22.0,100.0,3.8556101922217247,4.11265087170317,
2012-01-01 00:00:00,aeroporto,Aeroporto SBJV,22.083333333333332,21.0,23.0,94.90916666666668,2.5704067948144838,6.68305766651766,
2012-01-02 00:00:00,aeroporto,Aeroporto SBJV,24.041666666666668,20.0,29.0,77.2925,1.9492251527343154,5.65489494859186,
2012-01-03 00:00:00,aeroporto,Aeroporto SBJV,25.166666666666668,20.0,31.0,75.41250000000001,2.18484577559231,6.16897630755476,
2012-01-04 00:00:00,aeroporto,Aeroporto SBJV,25.25,21.0,31.0,78.49958333333333,1.7778646997466838,7.19713902548055,
2012-01-05 00:00:00,aeroporto,Aeroporto SBJV,24.05,22.0,28.0,85.20700000000001,2.1077335717478762,5.14081358962897,
2012-01-06 00:00:00,aeroporto,Aeroporto SBJV,25.318181818181817,22.0,29.0,83.17818181818183,2.196529442841468,4.11265087170317,
2012-01-07 00:00:00,aeroporto,Aeroporto SBJV,25.347826086956523,21.0,30.0,82.20782608695652,3.240947697809566,8.22530174340635,
2012-01-08 00:00:00,aeroporto,Aeroporto SBJV,24.045454545454547,22.0,26.0,94.53454545454547,1.4254074043971228,3.59856951274028,
2012-01-09 00:00:00,aeroporto,Aeroporto SBJV,24.458333333333332,23.0,27.0,88.83833333333332,3.362948889882283,8.22530174340635,
2012-01-10 00:00:00,aeroporto,Aeroporto SBJV,23.833333333333332,21.0,27.0,89.12,2.056325435851587,4.11265087170317,
2012-01-11 00:00:00,aeroporto,Aeroporto SBJV,25.458333333333332,21.0,30.0,84.11583333333333,2.977387870660111,6.16897630755476,
2012-01-12 00:00:00,aeroporto,Aeroporto SBJV,26.166666666666668,22.0,31.0,81.10375,1.4137237371479658,4.62673223066607,
2012-01-13 00:00:00,aeroporto,Aeroporto SBJV,26.363636363636363,21.0,31.0,82.02954545454546,1.4487747388954355,4.11265087170317,
2012-01-14 00:00:00,aeroporto,Aeroporto SBJV,25.208333333333332,23.0,30.0,93.58749999999999,1.0495827745492468,3.08448815377738,
2012-01-15 00:00:00,aeroporto,Aeroporto SBJV,24.291666666666668,23.0,27.0,92.85625,1.6707644166294138,4.62673223066607,
2012-01-16 00:00:00,aeroporto,Aeroporto SBJV,24.291666666666668,22.0,27.0,91.72166666666668,2.0134853226046783,6.16897630755476,
2012-01-17 00:00:00,aeroporto,Aeroporto SBJV,24.375,23.0,28.0,88.32916666666667,2.527566681567575,6.68305766651766,
2012-01-18 00:00:00,aeroporto,Aeroporto SBJV,23.208333333333332,22.0,26.0,92.81875000000001,1.3280435106541495,4.62673223066607,
2012-01-19 00:00:00,aeroporto,Aeroporto SBJV,24.75,19.0,30.0,83.06291666666667,2.0777454924750405,5.65489494859186,
2012-01-20 00:00:00,aeroporto,Aeroporto SBJV,28.444444444444443,24.0,32.0,76.63444444444445,3.5414493617443976,6.16897630755476,
2012-01-21 00:00:00,aeroporto,Aeroporto SBJV,25.304347826086957,23.0,32.0,86.6795652173913,1.7657577112203835,8.22530174340635,
2012-01-22 00:00:00,aeroporto,Aeroporto SBJV,25.291666666666668,21.0,30.0,85.41625,1.2209432275368792,4.11265087170317,
2012-01-23 00:00:00,aeroporto,Aeroporto SBJV,25.708333333333332,23.0,32.0,87.00208333333335,1.6707644166294138,5.65489494859186,
2012-01-24 00:00:00,aeroporto,Aeroporto SBJV,27.428571428571427,23.0,34.0,81.45857142857143,1.9828852417140301,5.65489494859186,
2012-01-25 00:00:00,aeroporto,Aeroporto SBJV,25.043478260869566,20.0,30.0,93.33000000000001,2.8386231560125172,6.68305766651766,
2012-01-26 00:00:00,aeroporto,Aeroporto SBJV,21.166666666666668,20.0,23.0,94.23458333333333,2.07774549247504,4.11265087170317,
2012-01-27 00:00:00,aeroporto,Aeroporto SBJV,20.166666666666668,19.0,24.0,93.78791666666666,1.9278050961108617,4.11265087170317,
2012-01-28 00:00:00,aeroporto,Aeroporto SBJV,22.625,17.0,28.0,82.03750000000001,2.163425718968856,6.16897630755476,
2012-01-29 00:00:00,aeroporto,Aeroporto SBJV,23.708333333333332,18.0,29.0,80.84,1.5636641335121437,5.65489494859186,
2012-01-30 00:00:00,aeroporto,Aeroporto SBJV,24.541666666666668,19.0,30.0,79.59333333333333,2.4204663984503045,5.14081358962897,
2012-01-31 00:00:00,aeroporto,Aeroporto SBJV,25.416666666666668,19.0,31.0,77.45291666666667,2.870287587542839,6.16897630755476,
2012-02-01 00:00:00,aeroporto,Aeroporto SBJV,25.608695652173914,20.0,30.0,77.15652173913043,2.235136343316942,5.65489494859186,
2012-02-02 00:00:00,aeroporto,Aeroporto SBJV,26.17391304347826,21.0,31.0,83.26521739130435,1.6763522574877059,5.14081358962897,
2012-02-03 00:00:00,aeroporto,Aeroporto SBJV,26.555555555555557,24.0,31.0,87.03611111111111,1.3137634729051806,5.14081358962897,
2012-02-04 00:00:00,aeroporto,Aeroporto SBJV,28.166666666666668,24.0,33.0,81.17625,1.8635449262404993,4.11265087170317,
2012-02-05 00:00:00,aeroporto,Aeroporto SBJV,28.458333333333332,25.0,34.0,85.60166666666667,1.6707644166294129,4.62673223066607,
2012-02-06 00:00:00,aeroporto,Aeroporto SBJV,28.583333333333332,24.0,34.0,82.15708333333333,1.8207048129935925,5.65489494859186,
2012-02-07 00:00:00,aeroporto,Aeroporto SBJV,26.125,22.0,30.0,82.840625,1.9278050961108633,7.71122038444345,
2012-02-08 00:00:00,aeroporto,Aeroporto SBJV,25.875,23.0,29.0,90.39999999999999,1.092422887796156,3.59856951274028,
2012-02-09 00:00:00,aeroporto,Aeroporto SBJV,27.217391304347824,23.0,34.0,88.02652173913043,1.6316495306213674,5.14081358962897,
2012-02-10 00:00:00,aeroporto,Aeroporto SBJV,23.304347826086957,21.0,26.0,96.12,1.7434063477872144,4.11265087170317,
2012-02-11 00:00:00,aeroporto,Aeroporto SBJV,23.625,20.0,28.0,82.64541666666666,1.6921844732528684,4.62673223066607,
2012-02-12 00:00:00,aeroporto,Aeroporto SBJV,25.208333333333332,20.0,30.0,79.60833333333333,1.927805096110862,5.65489494859186,
2012-02-13 00:00:00,aeroporto,Aeroporto SBJV,25.210526315789473,21.0,28.0,82.53157894736843,1.9210408677034558,6.16897630755476,
2012-02-14 00:00:00,aeroporto,Aeroporto SBJV,25.208333333333332,23.0,28.0,87.78458333333333,1.2209432275368797,3.59856951274028,
2012-02-15 00:00:00,aeroporto,Aeroporto SBJV,25.875,22.0,30.0,87.02416666666666,1.3066234540306958,4.11265087170317,
2012-02-16 00:00:00,aeroporto,Aeroporto SBJV,26.625,23.0,30.0,80.5575,2.0991655490984944,5.14081358962897,
2012-02-17 00:00:00,aeroporto,Aeroporto SBJV,25.958333333333332,22.0,31.0,80.28458333333333,2.0134853226046783,5.65489494859186,
2012-02-18 00:00:00,aeroporto,Aeroporto SBJV,26.47826086956522,22.0,30.0,82.90652173913043,1.9445686186857398,5.14081358962897,
2012-02-19 00:00:00,aeroporto,Aeroporto SBJV,28.217391304347824,24.0,33.0,79.1095652173913,1.5869468037550292,4.11265087170317,
2012-02-20 00:00:00,aeroporto,Aeroporto SBJV,28.043478260869566,25.0,33.0,80.32826086956521,2.190433616450603,5.65489494859186,
2012-02-21 00:00:00,aeroporto,Aeroporto SBJV,26.875,24.0,34.0,77.83083333333333,1.9920652659812248,6.68305766651766,
2012-02-22 00:00:00,aeroporto,Aeroporto SBJV,25.625,24.0,31.0,88.14750000000001,2.184845775592311,8.22530174340635,
2012-02-23 00:00:00,aeroporto,Aeroporto SBJV,25.636363636363637,23.0,31.0,89.12954545454545,1.4955094078920632,4.62673223066607,
2012-02-24 00:00:00,aeroporto,Aeroporto SBJV,25.5,24.0,28.0,90.91,1.8460194253667657,4.62673223066607,
2012-02-25 00:00:00,aeroporto,Aeroporto SBJV,25.0,23.0,28.0,92.16791666666666,1.3923036805245113,6.16897630755476,
2012-02-26 00:00:00,aeroporto,Aeroporto SBJV,27.125,24.0,34.0,86.13541666666667,1.8421248696170454,4.11265087170317,
2012-02-27 00:00:00,aeroporto,Aeroporto SBJV,25.625,23.0,29.0,89.18166666666667,1.2209432275368792,5.65489494859186,
2012-02-28 00:00:00,aeroporto,Aeroporto SBJV,24.956521739130434,23.0,30.0,91.92956521739131,1.5869468037550287,4.62673223066607,
2012-02-29 00:00:00,aeroporto,Aeroporto SBJV,27.125,22.0,33.0,83.30083333333333,1.3708836239010571,4.62673223066607,
2012-03-01 00:00:00,aeroporto,Aeroporto SBJV,28.608695652173914,23.0,37.0,81.81913043478261,1.4528386231560113,4.11265087170317,
2012-03-02 00:00:00,aeroporto,Aeroporto SBJV,27.608695652173914,25.0,32.0,72.44000000000001,3.106839517210549,6.16897630755476,
2012-03-03 00:00:00,aeroporto,Aeroporto SBJV,24.17391304347826,22.0,26.0,90.48260869565217,1.8328118015198924,4.62673223066607,
2012-03-04 00:00:00,aeroporto,Aeroporto SBJV,25.458333333333332,23.0,30.0,86.4525,1.8207048129935917,6.16897630755476,
2012-03-05 00:00:00,aeroporto,Aeroporto SBJV,26.761904761904763,22.0,31.0,78.02571428571429,1.5422440768886905,4.11265087170317,
2012-03-06 00:00:00,aeroporto,Aeroporto SBJV,26.708333333333332,21.0,33.0,76.59791666666666,1.7778646997466832,4.62673223066607,
2012-03-07 00:00:00,aeroporto,Aeroporto SBJV,26.875,21.0,33.0,75.81291666666667,2.0777454924750405,6.16897630755476,
2012-03-08 00:00:00,aeroporto,Aeroporto SBJV,25.11111111111111,20.0,31.0,77.27444444444444,2.5704067948144838,5.14081358962897,
2012-03-09 00:00:00,aeroporto,Aeroporto SBJV,24.5,20.0,30.0,79.0461111111111,2.084885511349525,5.14081358962897,
2012-03-10 00:00:00,aeroporto,Aeroporto SBJV,24.73913043478261,20.0,30.0,80.20434782608696,1.877514528386231,4.62673223066607,
2012-03-11 00:00:00,aeroporto,Aeroporto SBJV,26.217391304347824,20.0,36.0,79.16739130434782,1.8328118015198915,5.14081358962897,
2012-03-12 00:00:00,aeroporto,Aeroporto SBJV,25.5,21.0,34.0,83.074375,1.1566830576665175,5.14081358962897,
2012-03-13 00:00:00,aeroporto,Aeroporto SBJV,25.608695652173914,20.0,32.0,81.97826086956522,1.6316495306213668,5.65489494859186,
2012-03-14 00:00:00,aeroporto,Aeroporto SBJV,25.40909090909091,21.0,36.0,84.77499999999999,1.4254074043971228,4.11265087170317,
2012-03-15 00:00:00,aeroporto,Aeroporto SBJV,22.59090909090909,19.0,25.0,90.44545454545454,1.5889787458853168,6.16897630755476,
2012-03-16 00:00:00,aeroporto,Aeroporto SBJV,23.136363636363637,18.0,28.0,77.87863636363636,2.336733449831349,3.59856951274028,
2012-03-17 00:00:00,aeroporto,Aeroporto SBJV,24.291666666666668,19.0,31.0,78.43916666666667,1.6707644166294144,4.11265087170317,
2012-03-18 00:00:00,aeroporto,Aeroporto SBJV,22.583333333333332,20.0,28.0,87.39583333333333,1.799284756370137,4.11265087170317,
2012-03-19 00:00:00,aeroporto,Aeroporto SBJV,23.875,19.0,31.0,76.57458333333334,1.927805096110862,6.16897630755476,
2012-03-20 00:00:00,aeroporto,Aeroporto SBJV,23.833333333333332,16.0,31.0,78.00666666666667,1.413723737147965,4.11265087170317,
2012-03-21 00:00:00,aeroporto,Aeroporto SBJV,25.541666666666668,18.0,35.0,80.32416666666667,1.8421248696170458,5.14081358962897,
2012-03-22 00:00:00,aeroporto,Aeroporto SBJV,22.625,21.0,25.0,94.21541666666667,1.3708836239010578,3.08448815377738,
2012-03-23 00:00:00,aeroporto,Aeroporto SBJV,24.043478260869566,20.0,28.0,82.9617391304348,1.3857845328565035,3.08448815377738,
2012-03-24 00:00:00,aeroporto,Aeroporto SBJV,24.47826086956522,22.0,30.0,78.86869565217391,2.8162717925793475,6.68305766651766,
2012-03-25 00:00:00,aeroporto,Aeroporto SBJV,22.782608695652176,21.0,27.0,80.78260869565217,0.9834599910594541,2.05632543585159,
2012-03-26 00:00:00,aeroporto,Aeroporto SBJV,25.47826086956522,20.0,31.0,81.64565217391305,1.408135896289673,4.62673223066607,
2012-03-27 00:00:00,aeroporto,Aeroporto SBJV,22.782608695652176,20.0,27.0,91.41565217391305,1.5645954403218594,5.14081358962897,
2012-03-28 00:00:00,aeroporto,Aeroporto SBJV,19.73913043478261,13.0,28.0,61.93347826086956,1.9222172552525694,5.14081358962897,
2012-03-29 00:00:00,aeroporto,Aeroporto SBJV,19.333333333333332,11.0,28.0,75.65166666666666,1.1138429444196094,4.62673223066607,
2012-03-30 00:00:00,aeroporto,Aeroporto SBJV,22.75,16.0,30.0,79.19166666666666,1.4994039636417815,5.14081358962897,
2012-03-31 00:00:00,aeroporto,Aeroporto SBJV,22.5,20.0,28.0,88.50041666666668,1.906385039487408,5.14081358962897,
2012-04-01 00:00:00,aeroporto,Aeroporto SBJV,22.5,19.0,30.0,87.63666666666667,1.0495827745492468,5.14081358962897,
2012-04-02 00:00:00,aeroporto,Aeroporto SBJV,23.08695652173913,17.0,30.0,82.90130434782608,1.3634331694233344,3.59856951274028,
2012-04-03 00:00:00,aeroporto,Aeroporto SBJV,24.52173913043478,18.0,32.0,77.87869565217392,1.184622261957978,4.11265087170317,
2012-04-04 00:00:00,aeroporto,Aeroporto SBJV,23.652173913043477,19.0,32.0,84.36826086956522,1.4975413500223502,4.62673223066607,
2012-04-05 00:00:00,aeroporto,Aeroporto SBJV,24.625,20.0,34.0,81.11875,1.9492251527343163,6.68305766651766,
2012-04-06 00:00:00,aeroporto,Aeroporto SBJV,23.583333333333332,17.0,30.0,74.90291666666667,2.206265832215765,6.16897630755476,
2012-04-07 00:00:00,aeroporto,Aeroporto SBJV,23.958333333333332,20.0,30.0,84.04208333333334,1.3280435106541486,4.11265087170317,
2012-04-08 00:00:00,aeroporto,Aeroporto SBJV,23.09090909090909,20.0,30.0,92.93772727272727,1.61234608038363,4.62673223066607,
2012-04-09 00:00:00,aeroporto,Aeroporto SBJV,21.5,17.0,25.0,92.495,1.6707644166294138,5.14081358962897,
2012-04-10 00:00:00,aeroporto,Aeroporto SBJV,23.791666666666668,20.0,29.0,91.1875,1.1352630010430624,4.11265087170317,
2012-04-11 00:00:00,aeroporto,Aeroporto SBJV,24.625,22.0,29.0,91.61666666666667,1.5422440768886896,3.08448815377738,
2012-04-12 00:00:00,aeroporto,Aeroporto SBJV,26.043478260869566,21.0,33.0,84.75086956521739,1.0952168082253018,3.59856951274028,
2012-04-13 00:00:00,aeroporto,Aeroporto SBJV,25.0,22.0,29.0,88.21625,1.7350245864997766,4.62673223066607,
2012-04-14 00:00:00,aeroporto,Aeroporto SBJV,24.91304347826087,23.0,30.0,93.98478260869565,1.2963790791238254,3.08448815377738,
2012-04-15 00:00:00,aeroporto,Aeroporto SBJV,24.208333333333332,20.0,30.0,81.62375,2.4418864550737585,6.16897630755476,
2012-04-16 00:00:00,aeroporto,Aeroporto SBJV,22.304347826086957,18.0,28.0,81.65391304347825,2.1010281627179244,6.16897630755476,
2012-04-17 00:00:00,aeroporto,Aeroporto SBJV,22.125,18.0,30.0,84.80208333333333,1.2852033974072414,5.14081358962897,
2012-04-18 00:00:00,aeroporto,Aeroporto SBJV,22.791666666666668,17.0,31.0,83.13250000000001,1.3923036805245117,4.62673223066607,
2012-04-19 00:00:00,aeroporto,Aeroporto SBJV,23.043478260869566,17.0,31.0,82.8395652173913,1.408135896289673,5.65489494859186,
2012-04-20 00:00:00,aeroporto,Aeroporto SBJV,23.666666666666668,20.0,30.0,86.69625,1.306623454030695,4.62673223066607,
2012-04-21 00:00:00,aeroporto,Aeroporto SBJV,22.458333333333332,20.0,26.0,92.63208333333334,1.178103114289971,3.08448815377738,
2012-04-22 00:00:00,aeroporto,Aeroporto SBJV,20.791666666666668,15.0,27.0,80.93291666666667,2.2491059454626723,5.65489494859186,
2012-04-23 00:00:00,aeroporto,Aeroporto SBJV,22.17391304347826,18.0,28.0,82.97869565217391,1.3410818059901644,6.68305766651766,
2012-04-24 00:00:00,aeroporto,Aeroporto SBJV,20.0,18.0,22.0,85.70541666666668,1.735024586499775,4.62673223066607,
2012-04-25 00:00:00,aeroporto,Aeroporto SBJV,18.916666666666668,18.0,21.0,94.77708333333334,1.1781031142899712,2.05632543585159,
2012-04-26 00:00:00,aeroporto,Aeroporto SBJV,18.541666666666668,18.0,19.0,99.23833333333333,1.5208240202652348,4.11265087170317,
2012-04-27 00:00:00,aeroporto,Aeroporto SBJV,20.695652173913043,15.0,28.0,83.4508695652174,1.408135896289674,5.14081358962897,
2012-04-28 00:00:00,aeroporto,Aeroporto SBJV,17.61904761904762,17.0,19.0,95.09190476190477,1.5667241416012085,6.16897630755476,
2012-04-29 00:00:00,aeroporto,Aeroporto SBJV,20.25,17.0,26.0,80.54291666666667,1.9920652659812248,5.14081358962897,
2012-04-30 00:00:00,aeroporto,Aeroporto SBJV,16.583333333333332,11.0,23.0,70.2175,2.2062658322157644,5.65489494859186,
2012-05-01 00:00:00,aeroporto,Aeroporto SBJV,15.956521739130435,7.0,25.0,71.38739130434783,0.7152436298614212,3.08448815377738,
2012-05-02 00:00:00,aeroporto,Aeroporto SBJV,17.47826086956522,12.0,25.0,79.48260869565217,0.9164059007599457,4.11265087170317,
2012-05-03 00:00:00,aeroporto,Aeroporto SBJV,20.208333333333332,15.0,27.0,89.13083333333333,1.1781031142899707,4.11265087170317,
2012-05-04 00:00:00,aeroporto,Aeroporto SBJV,21.75,18.0,28.0,85.79666666666667,1.3708836239010571,3.08448815377738,
2012-05-05 00:00:00,aeroporto,Aeroporto SBJV,21.041666666666668,17.0,28.0,88.68791666666668,0.9639025480554307,2.57040679481448,
2012-05-06 00:00:00,aeroporto,Aeroporto SBJV,20.416666666666668,16.0,26.0,88.31208333333332,0.9853226046788851,4.62673223066607,
2012-05-07 00:00:00,aeroporto,Aeroporto SBJV,20.875,16.0,28.0,89.44749999999999,0.9639025480554312,4.11265087170317,
2012-05-08 00:00:00,aeroporto,Aeroporto SBJV,20.695652173913043,18.0,25.0,91.66652173913043,0.9611086276262845,3.59856951274028,
2012-05-09 00:00:00,aeroporto,Aeroporto SBJV,19.458333333333332,15.0,26.0,89.38458333333334,0.8996423781850688,4.11265087170317,
2012-05-10 00:00:00,aeroporto,Aeroporto SBJV,20.75,16.0,26.0,87.91624999999999,1.6493443600059603,3.59856951274028,
2012-05-11 00:00:00,aeroporto,Aeroporto SBJV,20.416666666666668,16.0,27.0,89.15041666666667,1.9706452093577704,4.62673223066607,
2012-05-12 00:00:00,aeroporto,Aeroporto SBJV,21.25,16.0,28.0,82.18833333333333,2.163425718968856,5.14081358962897,
2012-05-13 00:00:00,aeroporto,Aeroporto SBJV,18.5,18.0,20.0,89.20833333333333,0.8782223215616144,2.05632543585159,
2012-05-14 00:00:00,aeroporto,Aeroporto SBJV,16.956521739130434,16.0,19.0,87.99652173913044,0.9164059007599464,2.57040679481448,
2012-05-15 00:00:00,aeroporto,Aeroporto SBJV,17.916666666666668,14.0,22.0,85.74416666666667,1.4565638503948728,4.62673223066607,
2012-05-16 00:00:00,aeroporto,Aeroporto SBJV,17.72222222222222,17.0,19.0,94.975,1.656484378880445,3.08448815377738,
2012-05-17 00:00:00,aeroporto,Aeroporto SBJV,18.0,16.0,22.0,91.55444444444444,1.4280037748969352,4.62673223066607,
2012-05-18 00:00:00,aeroporto,Aeroporto SBJV,17.958333333333332,15.0,23.0,92.97708333333333,0.9210624348085238,3.59856951274028,
2012-05-19 00:00:00,aeroporto,Aeroporto SBJV,16.625,1.0,22.0,93.43458333333332,1.0924228877961546,2.05632543585159,
2012-05-20 00:00:00,aeroporto,Aeroporto SBJV,18.625,9.0,22.0,95.585,1.3280435106541486,4.11265087170317,
2012-05-21 00:00:00,aeroporto,Aeroporto SBJV,18.583333333333332,16.0,22.0,96.90500000000002,0.8782223215616153,2.57040679481448,
2012-05-22 00:00:00,aeroporto,Aeroporto SBJV,19.68421052631579,16.0,24.0,90.0678947368421,0.6764228407406536,2.57040679481448,
2012-05-23 00:00:00,aeroporto,Aeroporto SBJV,19.0,14.0,24.0,90.20913043478261,0.8493518104604376,3.08448815377738,
2012-05-24 00:00:00,aeroporto,Aeroporto SBJV,19.545454545454547,17.0,22.0,97.90727272727273,0.5374486934612097,1.54224407688869,
2012-05-25 00:00:00,aeroporto,Aeroporto SBJV,19.904761904761905,17.0,23.0,90.3347619047619,2.031845371139068,5.14081358962897,
2012-05-26 00:00:00,aeroporto,Aeroporto SBJV,19.642857142857142,15.0,26.0,86.34928571428573,1.2484833003384637,3.08448815377738,
2012-05-27 00:00:00,aeroporto,Aeroporto SBJV,20.263157894736842,14.0,25.0,86.8378947368421,1.4069595087405584,4.62673223066607,
2012-05-28 00:00:00,aeroporto,Aeroporto SBJV,21.333333333333332,17.0,27.0,90.75083333333333,0.813962151691253,2.57040679481448,
2012-05-29 00:00:00,aeroporto,Aeroporto SBJV,23.708333333333332,18.0,32.0,82.92583333333333,1.4137237371479647,4.62673223066607,
2012-05-30 00:00:00,aeroporto,Aeroporto SBJV,23.875,19.0,31.0,77.99625,3.4486291163760985,6.68305766651766,
2012-05-31 00:00:00,aeroporto,Aeroporto SBJV,17.75,16.0,20.0,92.28791666666666,2.034905379228132,4.11265087170317,
2012-06-01 00:00:00,aeroporto,Aeroporto SBJV,16.875,16.0,18.0,93.91250000000001,1.2637833407837866,2.05632543585159,
2012-06-02 00:00:00,aeroporto,Aeroporto SBJV,19.166666666666668,16.0,23.0,89.87208333333332,1.1352630010430629,2.05632543585159,
2012-06-03 00:00:00,aeroporto,Aeroporto SBJV,21.608695652173914,17.0,25.0,89.07521739130435,1.765757711220384,5.65489494859186,
2012-06-04 00:00:00,aeroporto,Aeroporto SBJV,16.869565217391305,15.0,20.0,98.13739130434782,2.2574877067501125,7.19713902548055,
2012-06-05 00:00:00,aeroporto,Aeroporto SBJV,14.375,14.0,15.0,97.93416666666667,1.2637833407837873,3.08448815377738,
2012-06-06 00:00:00,aeroporto,Aeroporto SBJV,14.73913043478261,14.0,16.0,95.7108695652174,0.9387572641931143,1.54224407688869,
2012-06-07 00:00:00,aeroporto,Aeroporto SBJV,14.25,11.0,16.0,73.47291666666666,1.4351437937714193,3.59856951274028,
2012-06-08 00:00:00,aeroporto,Aeroporto SBJV,13.454545454545455,11.0,16.0,79.83772727272728,1.2151013939123003,3.08448815377738,
2012-06-09 00:00:00,aeroporto,Aeroporto SBJV,13.458333333333334,12.0,14.0,87.28375,0.8996423781850686,2.05632543585159,
2012-06-10 00:00:00,aeroporto,Aeroporto SBJV,14.625,13.0,17.0,95.95041666666667,0.5140813589628962,2.57040679481448,
2012-06-11 00:00:00,aeroporto,Aeroporto SBJV,17.529411764705884,15.0,23.0,92.73705882352941,1.4515238370717078,4.11265087170317,
2012-06-12 00:00:00,aeroporto,Aeroporto SBJV,19.857142857142858,18.0,21.0,91.34357142857142,1.3219234944760194,2.57040679481448,
2012-06-13 00:00:00,aeroporto,Aeroporto SBJV,20.043478260869566,17.0,24.0,86.7704347826087,1.3187304425569948,3.59856951274028,
2012-06-14 00:00:00,aeroporto,Aeroporto SBJV,18.863636363636363,15.0,24.0,89.87454545454545,1.1216320559190462,3.59856951274028,
2012-06-15 00:00:00,aeroporto,Aeroporto SBJV,18.0,15.0,23.0,92.71684210526315,1.1634472860739231,3.59856951274028,
2012-06-16 00:00:00,aeroporto,Aeroporto SBJV,18.05,13.0,24.0,92.054,0.899642378185068,2.05632543585159,
2012-06-17 00:00:00,aeroporto,Aeroporto SBJV,19.333333333333332,18.0,21.0,92.61500000000001,1.285203397407242,2.57040679481448,
2012-06-18 00:00:00,aeroporto,Aeroporto SBJV,17.352941176470587,1.0,20.0,98.93294117647058,1.6027242367666767,4.62673223066607,
2012-06-19 00:00:00,aeroporto,Aeroporto SBJV,18.38888888888889,17.0,20.0,97.29833333333333,1.7992847563701377,4.62673223066607,
2012-06-20 00:00:00,aeroporto,Aeroporto SBJV,16.166666666666668,16.0,17.0,98.62444444444445,1.4565638503948732,2.57040679481448,
2012-06-21 00:00:00,aeroporto,Aeroporto SBJV,17.11764705882353,16.0,19.0,96.52352941176471,0.8769623182308223,1.54224407688869,
2012-06-22 00:00:00,aeroporto,Aeroporto SBJV,17.941176470588236,13.0,22.0,83.92529411764706,1.8144047963396357,5.14081358962897,
2012-06-23 00:00:00,aeroporto,Aeroporto SBJV,15.3125,12.0,17.0,94.70125,0.9639025480554304,2.05632543585159,
2012-06-24 00:00:00,aeroporto,Aeroporto SBJV,16.470588235294116,12.0,22.0,91.78235294117647,0.45360119908490826,1.54224407688869,
2012-06-25 00:00:00,aeroporto,Aeroporto SBJV,17.61111111111111,13.0,22.0,85.3111111111111,1.7707246808722,5.14081358962897,
2012-06-26 00:00:00,aeroporto,Aeroporto SBJV,17.5,14.0,20.0,91.0788888888889,0.8282421894402222,2.57040679481448,
2012-06-27 00:00:00,aeroporto,Aeroporto SBJV,18.166666666666668,14.0,22.0,89.61,0.8568022649381614,2.57040679481448,
2012-06-28 00:00:00,aeroporto,Aeroporto SBJV,19.31578947368421,16.0,23.0,89.50947368421053,1.1363903724442976,2.57040679481448,
2012-06-29 00:00:00,aeroporto,Aeroporto SBJV,19.77777777777778,17.0,26.0,91.23777777777778,0.9710425669299156,2.05632543585159,
2012-06-30 00:00:00,aeroporto,Aeroporto SBJV,22.142857142857142,13.0,28.0,78.80357142857143,1.6156842710262456,3.59856951274028,
2012-07-01 00:00:00,aeroporto,Aeroporto SBJV,,,,,,,
2012-07-02 00:00:00,aeroporto,Aeroporto SBJV,20.733333333333334,13.0,27.0,82.85799999999999,0.8568022649381617,3.08448815377738,
2012-07-03 00:00:00,aeroporto,Aeroporto SBJV,20.5,12.0,27.0,84.90555555555555,0.9710425669299152,2.05632543585159,
2012-07-04 00:00:00,aeroporto,Aeroporto SBJV,20.666666666666668,14.0,28.0,85.86,1.0567227934237313,3.08448815377738,
2012-07-05 00:00:00,aeroporto,Aeroporto SBJV,23.705882352941178,18.0,30.0,70.71705882352941,2.5401667148754887,5.14081358962897,
2012-07-06 00:00:00,aeroporto,Aeroporto SBJV,20.941176470588236,18.0,24.0,87.5464705882353,1.5422440768886887,3.59856951274028,
2012-07-07 00:00:00,aeroporto,Aeroporto SBJV,15.5,14.0,17.0,88.14444444444445,1.9135250583618924,3.59856951274028,
2012-07-08 00:00:00,aeroporto,Aeroporto SBJV,15.666666666666666,12.0,19.0,75.46833333333333,1.9706452093577704,4.11265087170317,
2012-07-09 00:00:00,aeroporto,Aeroporto SBJV,16.61111111111111,14.0,20.0,87.27055555555555,1.3423235484031188,4.11265087170317,
2012-07-10 00:00:00,aeroporto,Aeroporto SBJV,18.352941176470587,15.0,23.0,87.46235294117646,1.300323437376738,2.57040679481448,
2012-07-11 00:00:00,aeroporto,Aeroporto SBJV,15.722222222222221,14.0,18.0,93.20277777777777,2.598966870312422,4.62673223066607,
2012-07-12 00:00:00,aeroporto,Aeroporto SBJV,15.0,11.0,19.0,92.9,1.4280037748969352,2.57040679481448,
2012-07-13 00:00:00,aeroporto,Aeroporto SBJV,14.055555555555555,7.0,20.0,67.69055555555556,2.3133661153330345,6.16897630755476,
2012-07-14 00:00:00,aeroporto,Aeroporto SBJV,8.0,8.0,8.0,100.0,0.0,0.0,
2012-07-15 00:00:00,aeroporto,Aeroporto SBJV,,,,,,,
2012-07-16 00:00:00,aeroporto,Aeroporto SBJV,12.882352941176471,10.0,16.0,85.74941176470588,1.5120039969496948,3.08448815377738,
2012-07-17 00:00:00,aeroporto,Aeroporto SBJV,13.88888888888889,13.0,15.0,97.90277777777777,1.9135250583618921,4.11265087170317,
2012-07-18 00:00:00,aeroporto,Aeroporto SBJV,15.470588235294118,10.0,20.0,82.19235294117647,1.4515238370717083,3.08448815377738,
2012-07-19 00:00:00,aeroporto,Aeroporto SBJV,14.722222222222221,10.0,20.0,82.77666666666667,1.7136045298763214,4.62673223066607,
2012-07-20 00:00:00,aeroporto,Aeroporto SBJV,14.944444444444445,7.0,21.0,86.20333333333333,1.028162717925792,2.57040679481448,
2012-07-21 00:00:00,aeroporto,Aeroporto SBJV,16.35,7.0,24.0,85.212,1.3366115333035304,4.62673223066607,
2012-07-22 00:00:00,aeroporto,Aeroporto SBJV,17.944444444444443,12.0,24.0,80.56222222222222,1.627924303382505,6.16897630755476,
2012-07-23 00:00:00,aeroporto,Aeroporto SBJV,18.5,15.0,22.0,85.9011111111111,1.4851239258928122,3.08448815377738,
2012-07-24 00:00:00,aeroporto,Aeroporto SBJV,19.77777777777778,16.0,24.0,90.37055555555555,2.1420056623454027,4.62673223066607,
2012-07-25 00:00:00,aeroporto,Aeroporto SBJV,14.333333333333334,14.0,16.0,95.10888888888888,2.998807927283564,5.65489494859186,
2012-07-26 00:00:00,aeroporto,Aeroporto SBJV,16.0,7.0,20.0,94.156875,1.3494635672776032,4.11265087170317,
2012-07-27 00:00:00,aeroporto,Aeroporto SBJV,14.0,13.0,15.0,93.18,2.056325435851588,4.11265087170317,
2012-07-28 00:00:00,aeroporto,Aeroporto SBJV,16.833333333333332,14.0,20.0,84.94111111111111,1.113842944419609,2.57040679481448,
2012-07-29 00:00:00,aeroporto,Aeroporto SBJV,17.833333333333332,16.0,20.0,92.01777777777778,1.9992052848557076,4.62673223066607,
2012-07-30 00:00:00,aeroporto,Aeroporto SBJV,13.588235294117647,13.0,14.0,94.79176470588236,1.6027242367666776,2.57040679481448,
2012-07-31 00:00:00,aeroporto,Aeroporto SBJV,15.5,14.0,16.0,100.0,1.2280832464113627,3.08448815377738,
2012-08-01 00:00:00,aeroporto,Aeroporto SBJV,19.0,16.0,21.0,94.13333333333334,1.31376347290518,2.57040679481448,
2012-08-02 00:00:00,aeroporto,Aeroporto SBJV,19.5,18.0,22.0,91.384375,1.2530733124720599,3.08448815377738,
2012-08-03 00:00:00,aeroporto,Aeroporto SBJV,19.77777777777778,17.0,25.0,90.45222222222223,1.08528286892167,2.57040679481448,
2012-08-04 00:00:00,aeroporto,Aeroporto SBJV,23.4,15.0,31.0,77.36666666666666,1.3708836239010573,3.08448815377738,
2012-08-05 00:00:00,aeroporto,Aeroporto SBJV,18.833333333333332,17.0,21.0,87.68166666666667,1.9135250583618921,2.57040679481448,
2012-08-06 00:00:00,aeroporto,Aeroporto SBJV,16.666666666666668,13.0,19.0,87.05166666666668,1.4851239258928117,2.57040679481448,
2012-08-07 00:00:00,aeroporto,Aeroporto SBJV,15.894736842105264,12.0,22.0,83.84631578947368,1.5151871632590626,4.11265087170317,
2012-08-08 00:00:00,aeroporto,Aeroporto SBJV,17.176470588235293,11.0,22.0,87.96058823529411,1.3608035972547265,3.08448815377738,
2012-08-09 00:00:00,aeroporto,Aeroporto SBJV,19.333333333333332,15.0,23.0,84.62333333333333,1.6564843788804444,4.11265087170317,
2012-08-10 00:00:00,aeroporto,Aeroporto SBJV,19.11111111111111,17.0,22.0,90.27111111111111,1.1995231709134242,3.08448815377738,
2012-08-11 00:00:00,aeroporto,Aeroporto SBJV,19.27777777777778,16.0,23.0,86.06444444444445,1.4851239258928117,4.11265087170317,
2012-08-12 00:00:00,aeroporto,Aeroporto SBJV,20.22222222222222,17.0,25.0,86.26388888888889,1.5708041523866283,2.57040679481448,
2012-08-13 00:00:00,aeroporto,Aeroporto SBJV,18.88235294117647,14.0,24.0,82.57117647058824,2.6308869546924702,6.16897630755476,
2012-08-14 00:00:00,aeroporto,Aeroporto SBJV,,,,,,,
2012-08-15 00:00:00,aeroporto,Aeroporto SBJV,21.61111111111111,18.0,25.0,84.53166666666667,1.9420851338598304,4.62673223066607,
2012-08-16 00:00:00,aeroporto,Aeroporto SBJV,21.235294117647058,17.0,25.0,87.55352941176471,1.5120039969496961,5.14081358962897,
2012-08-17 00:00:00,aeroporto,Aeroporto SBJV,21.555555555555557,20.0,24.0,86.80055555555556,1.9992052848557091,3.59856951274028,
2012-08-18 00:00:00,aeroporto,Aeroporto SBJV,22.333333333333332,20.0,25.0,79.00888888888889,3.8270501167237865,6.16897630755476,
2012-08-19 00:00:00,aeroporto,Aeroporto SBJV,22.055555555555557,18.0,27.0,81.77722222222222,1.370883623901058,3.59856951274028,
2012-08-20 00:00:00,aeroporto,Aeroporto SBJV,22.38888888888889,16.0,27.0,79.49611111111112,1.7136045298763214,5.14081358962897,
2012-08-21 00:00:00,aeroporto,Aeroporto SBJV,22.5,18.0,28.0,82.215,1.7992847563701373,4.11265087170317,
2012-08-22 00:00:00,aeroporto,Aeroporto SBJV,21.529411764705884,18.0,28.0,85.77941176470588,1.7236845565226528,4.11265087170317,
2012-08-23 00:00:00,aeroporto,Aeroporto SBJV,21.333333333333332,17.0,25.0,77.23,2.427606417324789,5.65489494859186,
2012-08-24 00:00:00,aeroporto,Aeroporto SBJV,22.055555555555557,17.0,26.0,82.26444444444445,2.2276858888392197,5.65489494859186,
2012-08-25 00:00:00,aeroporto,Aeroporto SBJV,20.88888888888889,17.0,26.0,81.17722222222223,4.7124124571598855,9.25346446133214,
2012-08-26 00:00:00,aeroporto,Aeroporto SBJV,16.333333333333332,16.0,17.0,84.60666666666667,1.5422440768886896,3.08448815377738,
2012-08-27 00:00:00,aeroporto,Aeroporto SBJV,17.11111111111111,16.0,18.0,87.66111111111111,1.228083246411364,2.57040679481448,
2012-08-28 00:00:00,aeroporto,Aeroporto SBJV,16.0,15.0,17.0,98.28388888888888,2.1134455868474635,3.59856951274028,
2012-08-29 00:00:00,aeroporto,Aeroporto SBJV,17.85,15.0,21.0,87.1525,1.6707644166294142,4.11265087170317,
2012-08-30 00:00:00,aeroporto,Aeroporto SBJV,18.11111111111111,14.0,22.0,83.225,1.7992847563701386,3.59856951274028,
2012-08-31 00:00:00,aeroporto,Aeroporto SBJV,18.666666666666668,11.0,24.0,78.75277777777778,1.942085133859832,4.11265087170317,
2012-09-01 00:00:00,aeroporto,Aeroporto SBJV,19.555555555555557,13.0,25.0,85.55833333333334,1.713604529876322,3.59856951274028,
2012-09-02 00:00:00,aeroporto,Aeroporto SBJV,20.88888888888889,17.0,25.0,84.28722222222223,1.8278448318680758,4.11265087170317,
2012-09-03 00:00:00,aeroporto,Aeroporto SBJV,19.77777777777778,16.0,24.0,78.43222222222222,4.369691551184622,8.22530174340635,
2012-09-04 00:00:00,aeroporto,Aeroporto SBJV,17.72222222222222,16.0,20.0,82.74277777777779,2.0277653603536474,4.11265087170317,
2012-09-05 00:00:00,aeroporto,Aeroporto SBJV,19.88888888888889,14.0,25.0,78.19611111111111,1.7136045298763216,3.59856951274028,
2012-09-06 00:00:00,aeroporto,Aeroporto SBJV,18.842105263157894,15.0,23.0,90.29736842105264,1.0822765451850451,3.59856951274028,
2012-09-07 00:00:00,aeroporto,Aeroporto SBJV,21.0,18.0,25.0,83.74473684210527,1.5151871632590643,3.59856951274028,
2012-09-08 00:00:00,aeroporto,Aeroporto SBJV,21.789473684210527,17.0,26.0,88.57736842105264,1.217561113333176,3.08448815377738,
2012-09-09 00:00:00,aeroporto,Aeroporto SBJV,20.285714285714285,19.0,22.0,90.42238095238096,1.9584051770015107,3.59856951274028,
2012-09-10 00:00:00,aeroporto,Aeroporto SBJV,20.5,19.0,23.0,92.99111111111111,2.42760641732479,5.14081358962897,
2012-09-11 00:00:00,aeroporto,Aeroporto SBJV,22.38888888888889,18.0,26.0,81.33,3.2272885312670727,6.16897630755476,
2012-09-12 00:00:00,aeroporto,Aeroporto SBJV,21.333333333333332,18.0,24.0,82.49833333333333,1.9420851338598313,5.14081358962897,
2012-09-13 00:00:00,aeroporto,Aeroporto SBJV,20.105263157894736,17.0,23.0,87.29578947368422,3.328000376444015,6.68305766651766,
2012-09-14 00:00:00,aeroporto,Aeroporto SBJV,21.22222222222222,17.0,24.0,82.03611111111111,2.399046341826851,5.14081358962897,
2012-09-15 00:00:00,aeroporto,Aeroporto SBJV,21.944444444444443,16.0,26.0,79.64444444444445,2.341926190830973,5.14081358962897,
2012-09-16 00:00:00,aeroporto,Aeroporto SBJV,22.27777777777778,19.0,25.0,83.4161111111111,1.9135250583618921,4.62673223066607,
2012-09-17 00:00:00,aeroporto,Aeroporto SBJV,24.470588235294116,17.0,29.0,78.82411764705883,1.905125036156617,4.62673223066607,
2012-09-18 00:00:00,aeroporto,Aeroporto SBJV,23.77777777777778,21.0,27.0,84.76333333333334,1.1709630954154864,3.08448815377738,
2012-09-19 00:00:00,aeroporto,Aeroporto SBJV,24.88888888888889,21.0,28.0,71.26555555555555,3.1987284557691344,6.68305766651766,
2012-09-20 00:00:00,aeroporto,Aeroporto SBJV,20.210526315789473,15.0,25.0,56.52052631578948,3.246829635555136,6.16897630755476,
2012-09-21 00:00:00,aeroporto,Aeroporto SBJV,18.705882352941178,16.0,24.0,86.16470588235293,2.721607194509452,5.14081358962897,
2012-09-22 00:00:00,aeroporto,Aeroporto SBJV,18.63157894736842,13.0,24.0,63.21526315789473,1.8398701268145772,5.14081358962897,
2012-09-23 00:00:00,aeroporto,Aeroporto SBJV,18.11111111111111,12.0,22.0,73.76666666666667,1.7707246808721993,4.62673223066607,
2012-09-24 00:00:00,aeroporto,Aeroporto SBJV,20.823529411764707,14.0,25.0,78.7729411764706,1.93536511609561,4.62673223066607,
2012-09-25 00:00:00,aeroporto,Aeroporto SBJV,17.9,14.0,20.0,85.99300000000001,3.3415288332588275,6.16897630755476,
2012-09-26 00:00:00,aeroporto,Aeroporto SBJV,13.923076923076923,10.0,19.0,58.34307692307693,2.6494962346549276,5.65489494859186,
2012-09-27 00:00:00,aeroporto,Aeroporto SBJV,16.333333333333332,10.0,20.0,72.27333333333334,3.08448815377738,6.68305766651766,
2012-09-28 00:00:00,aeroporto,Aeroporto SBJV,16.833333333333332,13.0,19.0,84.30777777777777,2.142005662345402,5.65489494859186,
2012-09-29 00:00:00,aeroporto,Aeroporto SBJV,19.666666666666668,14.0,23.0,76.7525,3.4272090597526454,5.14081358962897,
2012-09-30 00:00:00,aeroporto,Aeroporto SBJV,20.0,16.0,23.0,77.38444444444445,2.741767247802115,5.65489494859186,
2012-10-01 00:00:00,aeroporto,Aeroporto SBJV,19.11111111111111,14.0,22.0,90.36277777777778,2.598966870312423,5.14081358962897,
2012-10-02 00:00:00,aeroporto,Aeroporto SBJV,20.4,14.0,24.0,85.76950000000001,1.5165400089405445,4.11265087170317,
2012-10-03 00:00:00,aeroporto,Aeroporto SBJV,21.647058823529413,16.0,25.0,89.00882352941177,1.8748849562176222,3.08448815377738,
2012-10-04 00:00:00,aeroporto,Aeroporto SBJV,21.555555555555557,20.0,23.0,92.85777777777778,1.1138429444196087,2.05632543585159,
2012-10-05 00:00:00,aeroporto,Aeroporto SBJV,22.444444444444443,21.0,24.0,91.82333333333332,1.713604529876321,4.11265087170317,
2012-10-06 00:00:00,aeroporto,Aeroporto SBJV,23.11111111111111,21.0,26.0,88.66444444444444,1.370883623901057,3.59856951274028,
2012-10-07 00:00:00,aeroporto,Aeroporto SBJV,23.38888888888889,21.0,27.0,84.81833333333333,2.313366115333034,5.14081358962897,
2012-10-08 00:00:00,aeroporto,Aeroporto SBJV,23.555555555555557,20.0,28.0,77.58222222222223,2.7417672478021147,6.16897630755476,
2012-10-09 00:00:00,aeroporto,Aeroporto SBJV,24.142857142857142,19.0,28.0,77.9407142857143,2.276646018264257,5.14081358962897,
2012-10-10 00:00:00,aeroporto,Aeroporto SBJV,22.944444444444443,21.0,25.0,91.63444444444445,1.6850444543783836,3.08448815377738,
2012-10-11 00:00:00,aeroporto,Aeroporto SBJV,17.444444444444443,17.0,18.0,95.26555555555555,2.1134455868474644,3.08448815377738,
2012-10-12 00:00:00,aeroporto,Aeroporto SBJV,18.470588235294116,17.0,21.0,87.36411764705883,2.449446475058507,4.62673223066607,
2012-10-13 00:00:00,aeroporto,Aeroporto SBJV,19.125,16.0,22.0,79.36,2.4418864550737593,4.11265087170317,
2012-10-14 00:00:00,aeroporto,Aeroporto SBJV,19.166666666666668,16.0,22.0,77.29055555555556,1.9992052848557091,4.62673223066607,
2012-10-15 00:00:00,aeroporto,Aeroporto SBJV,20.705882352941178,16.0,24.0,69.56705882352942,3.356648873228324,6.16897630755476,
2012-10-16 00:00:00,aeroporto,Aeroporto SBJV,21.5,16.0,25.0,76.92611111111111,2.9416877762876865,7.19713902548055,
2012-10-17 00:00:00,aeroporto,Aeroporto SBJV,24.38888888888889,18.0,30.0,81.19555555555556,2.1134455868474635,5.14081358962897,
2012-10-18 00:00:00,aeroporto,Aeroporto SBJV,22.77777777777778,15.0,27.0,67.71722222222223,4.255451249192866,7.71122038444345,
2012-10-19 00:00:00,aeroporto,Aeroporto SBJV,21.58823529411765,18.0,24.0,72.6964705882353,2.8123274343264346,4.62673223066607,
2012-10-20 00:00:00,aeroporto,Aeroporto SBJV,21.625,19.0,25.0,87.43875,1.6707644166294147,3.59856951274028,
2012-10-21 01:00:00,aeroporto,Aeroporto SBJV,21.333333333333332,20.0,22.0,98.02,1.8849649828639568,2.05632543585159,
2012-10-22 00:00:00,aeroporto,Aeroporto SBJV,25.166666666666668,22.0,29.0,84.03500000000001,2.4847265683206667,3.59856951274028,
2012-10-23 00:00:00,aeroporto,Aeroporto SBJV,24.0,21.0,27.0,74.826,2.776039338399642,4.62673223066607,
2012-10-24 00:00:00,aeroporto,Aeroporto SBJV,23.666666666666668,21.0,26.0,58.53,3.255848606765013,4.11265087170317,
2012-10-25 00:00:00,aeroporto,Aeroporto SBJV,20.5,20.0,21.0,93.99000000000001,1.54224407688869,1.54224407688869,
2012-10-26 00:00:00,aeroporto,Aeroporto SBJV,20.5,20.0,21.0,98.4925,0.8996423781850692,2.05632543585159,
2012-10-27 00:00:00,aeroporto,Aeroporto SBJV,24.166666666666668,20.0,28.0,86.875,1.2852033974072417,3.08448815377738,
2012-10-28 00:00:00,aeroporto,Aeroporto SBJV,28.0,24.0,32.0,76.575,1.54224407688869,3.08448815377738,
2012-10-29 00:00:00,aeroporto,Aeroporto SBJV,24.0,23.0,25.0,91.72,1.28520339740724,1.54224407688869,
2012-10-30 00:00:00,aeroporto,Aeroporto SBJV,25.2,23.0,26.0,89.944,1.6450603486812683,2.57040679481448,
2012-10-31 00:00:00,aeroporto,Aeroporto SBJV,25.666666666666668,22.0,32.0,79.4475,3.5128892862464607,7.19713902548055,
2012-11-01 00:00:00,aeroporto,Aeroporto SBJV,20.5,19.0,22.0,92.2988888888889,2.3133661153330354,4.62673223066607,
2012-11-02 00:00:00,aeroporto,Aeroporto SBJV,20.944444444444443,19.0,23.0,86.70611111111111,1.2566433219093032,3.59856951274028,
2012-11-03 00:00:00,aeroporto,Aeroporto SBJV,21.77777777777778,20.0,24.0,85.01888888888888,1.713604529876323,3.08448815377738,
2012-11-04 00:00:00,aeroporto,Aeroporto SBJV,24.5,20.0,28.0,77.4588888888889,2.4847265683206654,4.11265087170317,
2012-11-05 00:00:00,aeroporto,Aeroporto SBJV,24.58823529411765,20.0,28.0,78.57352941176471,2.298246075363538,4.11265087170317,
2012-11-06 00:00:00,aeroporto,Aeroporto SBJV,24.11111111111111,19.0,28.0,76.98,2.341926190830973,4.62673223066607,
2012-11-07 00:00:00,aeroporto,Aeroporto SBJV,24.77777777777778,19.0,29.0,75.62666666666667,2.627526945810361,5.65489494859186,
2012-11-08 00:00:00,aeroporto,Aeroporto SBJV,24.41176470588235,23.0,26.0,85.1029411764706,3.024007993899392,4.62673223066607,
2012-11-09 00:00:00,aeroporto,Aeroporto SBJV,23.77777777777778,23.0,25.0,94.845,2.513286643818607,5.65489494859186,
2012-11-10 00:00:00,aeroporto,Aeroporto SBJV,24.666666666666668,23.0,28.0,89.12222222222222,2.3990463418268515,5.14081358962897,
2012-11-11 00:00:00,aeroporto,Aeroporto SBJV,26.77777777777778,21.0,32.0,80.47611111111111,2.5418467193165437,6.68305766651766,
2012-11-12 00:00:00,aeroporto,Aeroporto SBJV,22.666666666666668,22.0,24.0,87.74777777777778,2.627526945810361,4.11265087170317,
2012-11-13 00:00:00,aeroporto,Aeroporto SBJV,20.22222222222222,17.0,24.0,79.30777777777777,2.427606417324789,4.11265087170317,
2012-11-14 00:00:00,aeroporto,Aeroporto SBJV,19.647058823529413,17.0,23.0,84.93058823529411,1.8748849562176222,3.59856951274028,
2012-11-15 00:00:00,aeroporto,Aeroporto SBJV,21.11764705882353,15.0,24.0,81.96588235294118,3.1147282337163738,7.71122038444345,
2012-11-16 00:00:00,aeroporto,Aeroporto SBJV,21.72222222222222,18.0,24.0,85.48277777777778,1.7136045298763227,3.59856951274028,
2012-11-17 00:00:00,aeroporto,Aeroporto SBJV,22.61111111111111,18.0,27.0,74.33277777777778,2.598966870312422,6.68305766651766,
2012-11-18 00:00:00,aeroporto,Aeroporto SBJV,23.22222222222222,19.0,26.0,71.24888888888889,2.7417672478021156,5.65489494859186,
2012-11-19 00:00:00,aeroporto,Aeroporto SBJV,23.55,17.0,28.0,73.512,2.3904783191774692,5.65489494859186,
2012-11-20 00:00:00,aeroporto,Aeroporto SBJV,26.0,19.0,31.0,74.185,2.5704067948144838,6.16897630755476,
2012-11-21 00:00:00,aeroporto,Aeroporto SBJV,25.055555555555557,20.0,29.0,70.01611111111112,3.3700889087567667,6.68305766651766,
2012-11-22 00:00:00,aeroporto,Aeroporto SBJV,24.72222222222222,20.0,27.0,74.79,2.827447474295932,5.14081358962897,
2012-11-23 00:00:00,aeroporto,Aeroporto SBJV,25.133333333333333,22.0,30.0,81.09466666666667,1.9535091640590072,6.16897630755476,
2012-11-24 00:00:00,aeroporto,Aeroporto SBJV,24.77777777777778,22.0,28.0,82.48777777777778,3.0559280782794405,7.19713902548055,
2012-11-25 00:00:00,aeroporto,Aeroporto SBJV,22.0,17.0,25.0,65.55555555555556,3.5128892862464607,7.19713902548055,
2012-11-26 00:00:00,aeroporto,Aeroporto SBJV,21.666666666666668,17.0,25.0,77.19111111111111,1.9420851338598313,4.62673223066607,
2012-11-27 00:00:00,aeroporto,Aeroporto SBJV,23.153846153846153,20.0,27.0,79.89461538461539,1.9376912760909175,3.59856951274028,
2012-11-28 00:00:00,aeroporto,Aeroporto SBJV,26.5,26.0,27.0,70.1,1.799284756370135,2.57040679481448,
2012-11-29 00:00:00,aeroporto,Aeroporto SBJV,25.333333333333332,22.0,30.0,80.36222222222221,2.5132866438186054,6.16897630755476,
2012-11-30 00:00:00,aeroporto,Aeroporto SBJV,25.125,24.0,27.0,77.55125,3.08448815377738,5.14081358962897,
2012-12-01 00:00:00,aeroporto,Aeroporto SBJV,24.75,21.0,28.0,80.5725,2.0563254358515866,3.59856951274028,
2012-12-02 00:00:00,aeroporto,Aeroporto SBJV,23.25,22.0,25.0,93.145,1.670764416629415,3.08448815377738,
2012-12-03 00:00:00,aeroporto,Aeroporto SBJV,25.22222222222222,21.0,28.0,84.17666666666668,1.8278448318680764,6.68305766651766,
2012-12-04 00:00:00,aeroporto,Aeroporto SBJV,27.285714285714285,25.0,29.0,78.40714285714286,2.6438469889520384,4.62673223066607,
2012-12-05 00:00:00,aeroporto,Aeroporto SBJV,27.0,25.0,30.0,82.8375,2.0563254358515874,3.08448815377738,
2012-12-06 00:00:00,aeroporto,Aeroporto SBJV,29.5,28.0,33.0,76.4825,1.54224407688869,2.05632543585159,
2012-12-07 00:00:00,aeroporto,Aeroporto SBJV,29.875,25.0,37.0,76.55875,2.82744747429593,5.14081358962897,
2012-12-08 00:00:00,aeroporto,Aeroporto SBJV,25.142857142857142,23.0,26.0,85.25857142857141,2.4235264065393687,4.11265087170317,
2012-12-09 00:00:00,aeroporto,Aeroporto SBJV,25.0,24.0,26.0,86.22166666666668,2.4847265683206667,3.59856951274028,
2012-12-10 00:00:00,aeroporto,Aeroporto SBJV,,,,,,,
2012-12-11 00:00:00,aeroporto,Aeroporto SBJV,,,,,,,
2012-12-12 00:00:00,aeroporto,Aeroporto SBJV,,,,,,,
2012-12-13 00:00:00,aeroporto,Aeroporto SBJV,,,,,,,
2012-12-14 00:00:00,aeroporto,Aeroporto SBJV,,,,,,,
2012-12-15 00:00:00,aeroporto,Aeroporto SBJV,,,,,,,
2012-12-16 00:00:00,aeroporto,Aeroporto SBJV,,,,,,,
2012-12-17 00:00:00,aeroporto,Aeroporto SBJV,,,,,,,
2012-12-18 00:00:00,aeroporto,Aeroporto SBJV,,,,,,,
2012-12-19 00:00:00,aeroporto,Aeroporto SBJV,,,,,,,
2012-12-20 00:00:00,aeroporto,Aeroporto SBJV,,,,,,,
2012-12-21 00:00:00,aeroporto,Aeroporto SBJV,,,,,,,
2012-12-22 00:00:00,aeroporto,Aeroporto SBJV,,,,,,,
2012-12-23 00:00:00,aeroporto,Aeroporto SBJV,,,,,,,
2012-12-24 00:00:00,aeroporto,Aeroporto SBJV,,,,,,,
2012-12-25 00:00:00,aeroporto,Aeroporto SBJV,,,,,,,
2012-12-26 00:00:00,aeroporto,Aeroporto SBJV,,,,,,,
2012-12-27 00:00:00,aeroporto,Aeroporto SBJV,,,,,,,
2012-12-28 00:00:00,aeroporto,Aeroporto SBJV,,,,,,,
2012-12-29 00:00:00,aeroporto,Aeroporto SBJV,,,,,,,
2012-12-30 00:00:00,aeroporto,Aeroporto SBJV,,,,,,,
2012-12-31 00:00:00,aeroporto,Aeroporto SBJV,,,,,,,
2013-01-01 00:00:00,aeroporto,Aeroporto SBJV,,,,,,,
2013-01-02 00:00:00,aeroporto,Aeroporto SBJV,,,,,,,
2013-01-03 00:00:00,aeroporto,Aeroporto SBJV,,,,,,,
2013-01-04 00:00:00,aeroporto,Aeroporto SBJV,,,,,,,
2013-01-05 00:00:00,aeroporto,Aeroporto SBJV,,,,,,,
2013-01-06 00:00:00,aeroporto,Aeroporto SBJV,,,,,,,
2013-01-07 00:00:00,aeroporto,Aeroporto SBJV,,,,,,,
2013-01-08 00:00:00,aeroporto,Aeroporto SBJV,26.571428571428573,24.0,30.0,85.41428571428571,1.1016029120633501,3.08448815377738,
2013-01-09 00:00:00,aeroporto,Aeroporto SBJV,25.705882352941178,24.0,29.0,87.46941176470588,2.23776591548555,4.62673223066607,
2013-01-10 00:00:00,aeroporto,Aeroporto SBJV,25.38888888888889,22.0,29.0,67.91833333333334,4.141210947201112,7.71122038444345,
2013-01-11 00:00:00,aeroporto,Aeroporto SBJV,24.235294117647058,19.0,28.0,65.0,4.112650871703172,7.71122038444345,
2013-01-12 00:00:00,aeroporto,Aeroporto SBJV,23.27777777777778,18.0,28.0,71.62666666666667,2.4847265683206654,5.65489494859186,
2013-01-13 00:00:00,aeroporto,Aeroporto SBJV,22.5,19.0,25.0,90.71388888888889,1.3137634729051788,4.11265087170317,
2013-01-14 00:00:00,aeroporto,Aeroporto SBJV,24.294117647058822,22.0,27.0,89.64882352941176,2.570406794814484,5.14081358962897,
2013-01-15 00:00:00,aeroporto,Aeroporto SBJV,25.157894736842106,20.0,29.0,82.74263157894738,3.4632849445921443,7.19713902548055,
2013-01-16 00:00:00,aeroporto,Aeroporto SBJV,24.555555555555557,22.0,27.0,88.14333333333333,1.5422440768886894,4.62673223066607,
2013-01-17 00:00:00,aeroporto,Aeroporto SBJV,26.166666666666668,21.0,31.0,77.4738888888889,1.856404907366016,4.11265087170317,
2013-01-18 00:00:00,aeroporto,Aeroporto SBJV,25.0,21.0,31.0,82.54235294117647,2.3889663151805185,7.71122038444345,
2013-01-19 00:00:00,aeroporto,Aeroporto SBJV,25.05,21.0,29.0,80.327,3.341528833258829,8.22530174340635,
2013-01-20 00:00:00,aeroporto,Aeroporto SBJV,24.88888888888889,21.0,29.0,77.40666666666667,3.398648984254705,8.73938310236924,
2013-01-21 00:00:00,aeroporto,Aeroporto SBJV,23.944444444444443,20.0,28.0,75.36,2.8274474742959317,6.16897630755476,
2013-01-22 00:00:00,aeroporto,Aeroporto SBJV,23.38888888888889,20.0,27.0,80.11166666666666,1.9135250583618932,4.62673223066607,
2013-01-23 00:00:00,aeroporto,Aeroporto SBJV,24.72222222222222,20.0,28.0,82.16444444444444,2.627526945810361,5.14081358962897,
2013-01-24 00:00:00,aeroporto,Aeroporto SBJV,27.058823529411764,20.0,31.0,77.01529411764706,2.5099266349364946,4.62673223066607,
2013-01-25 00:00:00,aeroporto,Aeroporto SBJV,28.666666666666668,22.0,37.0,79.06611111111111,2.598966870312422,7.71122038444345,
2013-01-26 00:00:00,aeroporto,Aeroporto SBJV,23.555555555555557,21.0,26.0,78.42222222222222,2.6560870213083003,4.62673223066607,
2013-01-27 00:00:00,aeroporto,Aeroporto SBJV,22.61111111111111,20.0,24.0,87.02388888888889,1.3423235484031186,2.05632543585159,
2013-01-28 00:00:00,aeroporto,Aeroporto SBJV,25.72222222222222,20.0,31.0,77.81222222222222,2.113445586847464,6.68305766651766,
2013-01-29 00:00:00,aeroporto,Aeroporto SBJV,26.11111111111111,21.0,30.0,75.67500000000001,2.5989668703124225,5.14081358962897,
2013-01-30 00:00:00,aeroporto,Aeroporto SBJV,24.529411764705884,19.0,28.0,79.91529411764705,1.8748849562176222,4.62673223066607,
2013-01-31 00:00:00,aeroporto,Aeroporto SBJV,25.68421052631579,22.0,29.0,83.68631578947368,2.2727807448885957,5.65489494859186,
2013-02-01 00:00:00,aeroporto,Aeroporto SBJV,27.764705882352942,23.0,31.0,79.13176470588235,3.0542480738383864,5.65489494859186,
2013-02-02 00:00:00,aeroporto,Aeroporto SBJV,28.27777777777778,23.0,33.0,81.49,1.5136840013907513,3.08448815377738,
2013-02-03 00:00:00,aeroporto,Aeroporto SBJV,25.42105263157895,22.0,30.0,85.57157894736842,2.5162929675552306,6.16897630755476,
2013-02-04 00:00:00,aeroporto,Aeroporto SBJV,24.333333333333332,21.0,27.0,70.23888888888888,2.827447474295931,4.62673223066607,
2013-02-05 00:00:00,aeroporto,Aeroporto SBJV,24.72222222222222,21.0,28.0,74.67777777777778,1.9135250583618937,3.59856951274028,
2013-02-06 00:00:00,aeroporto,Aeroporto SBJV,23.736842105263158,22.0,26.0,84.70947368421052,2.678634449332988,4.11265087170317,
2013-02-07 00:00:00,aeroporto,Aeroporto SBJV,21.61111111111111,20.0,23.0,92.81944444444444,1.8278448318680758,4.11265087170317,
2013-02-08 00:00:00,aeroporto,Aeroporto SBJV,23.647058823529413,21.0,26.0,90.41941176470587,0.9979226379867988,3.08448815377738,
2013-02-09 00:00:00,aeroporto,Aeroporto SBJV,24.333333333333332,21.0,27.0,91.65944444444445,0.9139224159340382,2.05632543585159,
2013-02-10 00:00:00,aeroporto,Aeroporto SBJV,24.11111111111111,22.0,27.0,93.705,1.2566433219093023,2.05632543585159,
2013-02-11 00:00:00,aeroporto,Aeroporto SBJV,28.11111111111111,22.0,34.0,79.03777777777778,1.5993642278845661,2.57040679481448,
2013-02-12 00:00:00,aeroporto,Aeroporto SBJV,25.833333333333332,23.0,31.0,89.81555555555556,1.5993642278845668,3.59856951274028,
2013-02-13 00:00:00,aeroporto,Aeroporto SBJV,27.38888888888889,23.0,34.0,83.5411111111111,1.8849649828639545,5.65489494859186,
2013-02-14 00:00:00,aeroporto,Aeroporto SBJV,26.235294117647058,24.0,31.0,89.9335294117647,1.3305635173157324,3.59856951274028,
2013-02-15 00:00:00,aeroporto,Aeroporto SBJV,26.58823529411765,23.0,31.0,89.46588235294118,1.2700833574377437,3.08448815377738,
2013-02-16 00:00:00,aeroporto,Aeroporto SBJV,25.894736842105264,23.0,31.0,90.33578947368422,1.7857562995553244,6.68305766651766,
2013-02-17 00:00:00,aeroporto,Aeroporto SBJV,27.61111111111111,23.0,34.0,84.09666666666666,1.6564843788804435,4.62673223066607,
2013-02-18 00:00:00,aeroporto,Aeroporto SBJV,28.0,22.0,33.0,77.56166666666667,2.2848060398350967,4.62673223066607,
2013-02-19 00:00:00,aeroporto,Aeroporto SBJV,27.944444444444443,23.0,32.0,80.2811111111111,2.313366115333034,4.11265087170317,
2013-02-20 00:00:00,aeroporto,Aeroporto SBJV,28.38888888888889,24.0,32.0,81.01111111111112,2.2276858888392184,5.14081358962897,
2013-02-21 00:00:00,aeroporto,Aeroporto SBJV,28.210526315789473,24.0,34.0,81.98052631578948,2.543349881184858,7.71122038444345,
2013-02-22 00:00:00,aeroporto,Aeroporto SBJV,24.27777777777778,22.0,27.0,89.65555555555555,2.8845676252918095,5.14081358962897,
2013-02-23 00:00:00,aeroporto,Aeroporto SBJV,24.0,21.0,27.0,85.93555555555555,1.6279243033825048,3.08448815377738,
2013-02-24 00:00:00,aeroporto,Aeroporto SBJV,27.0,20.0,31.0,79.96111111111111,2.027765360353648,4.62673223066607,
2013-02-25 00:00:00,aeroporto,Aeroporto SBJV,28.38888888888889,24.0,34.0,83.93277777777777,2.827447474295932,8.22530174340635,
2013-02-26 00:00:00,aeroporto,Aeroporto SBJV,24.85,24.0,27.0,91.8305,2.1591417076441664,5.14081358962897,
2013-02-27 00:00:00,aeroporto,Aeroporto SBJV,24.61111111111111,22.0,28.0,82.7188888888889,2.427606417324789,6.16897630755476,
2013-02-28 00:00:00,aeroporto,Aeroporto SBJV,24.210526315789473,21.0,27.0,86.79263157894736,1.5963579041479425,3.59856951274028,
2013-03-01 00:00:00,aeroporto,Aeroporto SBJV,26.88888888888889,22.0,31.0,70.99222222222222,2.9416877762876865,7.71122038444345,
2013-03-02 00:00:00,aeroporto,Aeroporto SBJV,27.11111111111111,20.0,31.0,74.10611111111112,3.027368002781502,6.68305766651766,
2013-03-03 00:00:00,aeroporto,Aeroporto SBJV,27.38888888888889,21.0,32.0,79.16055555555556,1.9420851338598313,5.65489494859186,
2013-03-04 00:00:00,aeroporto,Aeroporto SBJV,27.38888888888889,22.0,33.0,82.63611111111112,2.456166492822727,5.65489494859186,
2013-03-05 00:00:00,aeroporto,Aeroporto SBJV,21.666666666666668,20.0,23.0,98.01444444444445,1.7992847563701377,5.14081358962897,
2013-03-06 00:00:00,aeroporto,Aeroporto SBJV,22.5,20.0,24.0,91.22055555555556,1.2280832464113633,2.57040679481448,
2013-03-07 00:00:00,aeroporto,Aeroporto SBJV,25.166666666666668,22.0,28.0,93.58277777777778,1.285203397407242,3.59856951274028,
2013-03-08 00:00:00,aeroporto,Aeroporto SBJV,28.27777777777778,24.0,31.0,83.48833333333333,1.7421646053742608,4.62673223066607,
2013-03-09 00:00:00,aeroporto,Aeroporto SBJV,26.22222222222222,23.0,31.0,91.30944444444444,1.5993642278845666,4.11265087170317,
2013-03-10 00:00:00,aeroporto,Aeroporto SBJV,27.647058823529413,23.0,34.0,83.90058823529411,2.5704067948144838,7.71122038444345,
2013-03-11 00:00:00,aeroporto,Aeroporto SBJV,25.666666666666668,22.0,29.0,87.18833333333333,1.5422440768886894,3.59856951274028,
2013-03-12 00:00:00,aeroporto,Aeroporto SBJV,27.22222222222222,24.0,31.0,89.01666666666667,1.5136840013907518,3.08448815377738,
2013-03-13 00:00:00,aeroporto,Aeroporto SBJV,25.055555555555557,23.0,29.0,84.2188888888889,3.0559280782794414,5.14081358962897,
2013-03-14 00:00:00,aeroporto,Aeroporto SBJV,21.22222222222222,20.0,23.0,90.40777777777778,1.6850444543783833,3.08448815377738,
2013-03-15 00:00:00,aeroporto,Aeroporto SBJV,21.68421052631579,20.0,23.0,98.44052631578947,1.136390372444297,2.05632543585159,
2013-03-16 00:00:00,aeroporto,Aeroporto SBJV,23.88888888888889,21.0,27.0,93.77722222222222,2.4276064173247907,5.65489494859186,
2013-03-17 00:00:00,aeroporto,Aeroporto SBJV,21.88888888888889,19.0,24.0,81.01166666666667,3.05592807827944,6.16897630755476,
2013-03-18 00:00:00,aeroporto,Aeroporto SBJV,21.333333333333332,18.0,25.0,84.29277777777777,1.6279243033825053,4.11265087170317,
2013-03-19 00:00:00,aeroporto,Aeroporto SBJV,20.77777777777778,20.0,23.0,94.86333333333333,1.4851239258928115,3.08448815377738,
2013-03-20 00:00:00,aeroporto,Aeroporto SBJV,22.444444444444443,20.0,24.0,95.75111111111111,1.6850444543783831,3.59856951274028,
2013-03-21 00:00:00,aeroporto,Aeroporto SBJV,26.055555555555557,21.0,31.0,83.30444444444444,1.7707246808721995,5.14081358962897,
2013-03-22 00:00:00,aeroporto,Aeroporto SBJV,25.88888888888889,19.0,31.0,72.83222222222223,3.0844881537773805,7.19713902548055,
2013-03-23 00:00:00,aeroporto,Aeroporto SBJV,22.38888888888889,21.0,24.0,88.66888888888889,1.1424030199175474,2.57040679481448,
2013-03-24 00:00:00,aeroporto,Aeroporto SBJV,20.61111111111111,19.0,23.0,93.58555555555556,1.5136840013907509,3.59856951274028,
2013-03-25 00:00:00,aeroporto,Aeroporto SBJV,22.444444444444443,19.0,26.0,89.73666666666666,1.5993642278845668,4.11265087170317,
2013-03-26 00:00:00,aeroporto,Aeroporto SBJV,23.444444444444443,20.0,26.0,93.71666666666667,1.1709630954154862,2.57040679481448,
2013-03-27 00:00:00,aeroporto,Aeroporto SBJV,23.166666666666668,19.0,28.0,82.07444444444444,1.7136045298763218,5.14081358962897,
2013-03-28 00:00:00,aeroporto,Aeroporto SBJV,24.0,16.0,28.0,72.53470588235294,3.1147282337163733,5.65489494859186,
2013-03-29 00:00:00,aeroporto,Aeroporto SBJV,23.38888888888889,19.0,28.0,79.33,2.370486266328912,5.14081358962897,
2013-03-30 00:00:00,aeroporto,Aeroporto SBJV,22.0,20.0,25.0,91.23,1.685044454378384,3.59856951274028,
2013-03-31 00:00:00,aeroporto,Aeroporto SBJV,23.833333333333332,19.0,28.0,85.66666666666667,1.5422440768886885,3.59856951274028,
2013-04-01 00:00:00,aeroporto,Aeroporto SBJV,26.125,20.0,29.0,80.89625,1.799284756370138,4.62673223066607,
2013-04-02 00:00:00,aeroporto,Aeroporto SBJV,24.27777777777778,23.0,26.0,96.48777777777778,1.2280832464113633,2.05632543585159,
2013-04-03 00:00:00,aeroporto,Aeroporto SBJV,23.833333333333332,22.0,26.0,95.61333333333333,1.7707246808721995,3.59856951274028,
2013-04-04 00:00:00,aeroporto,Aeroporto SBJV,25.5,21.0,28.0,87.43833333333333,1.3994436993989967,3.59856951274028,
2013-04-05 00:00:00,aeroporto,Aeroporto SBJV,26.77777777777778,20.0,32.0,65.435,3.627129588238214,8.22530174340635,
2013-04-06 00:00:00,aeroporto,Aeroporto SBJV,23.944444444444443,16.0,31.0,68.38055555555555,2.19912581334128,5.65489494859186,
2013-04-07 00:00:00,aeroporto,Aeroporto SBJV,24.166666666666668,17.0,28.0,80.36555555555555,1.8564049073660145,4.62673223066607,
2013-04-08 00:00:00,aeroporto,Aeroporto SBJV,22.944444444444443,19.0,25.0,89.41277777777778,1.2280832464113633,2.57040679481448,
2013-04-09 00:00:00,aeroporto,Aeroporto SBJV,23.38888888888889,19.0,27.0,85.36333333333333,1.9135250583618928,4.11265087170317,
2013-04-10 00:00:00,aeroporto,Aeroporto SBJV,24.61111111111111,19.0,29.0,81.75555555555556,2.6275269458103607,5.65489494859186,
2013-04-11 00:00:00,aeroporto,Aeroporto SBJV,24.666666666666668,18.0,28.0,81.54833333333333,2.39904634182685,5.65489494859186,
2013-04-12 00:00:00,aeroporto,Aeroporto SBJV,23.833333333333332,21.0,29.0,90.19111111111111,1.4851239258928115,3.59856951274028,
2013-04-13 00:00:00,aeroporto,Aeroporto SBJV,21.294117647058822,19.0,24.0,92.86823529411765,1.6027242367666776,3.08448815377738,
2013-04-14 00:00:00,aeroporto,Aeroporto SBJV,19.2,15.0,24.0,79.5275,1.4394278050961102,3.08448815377738,
2013-04-15 00:00:00,aeroporto,Aeroporto SBJV,20.77777777777778,12.0,27.0,72.52111111111111,1.4280037748969352,3.59856951274028,
2013-04-16 00:00:00,aeroporto,Aeroporto SBJV,22.38888888888889,14.0,29.0,67.90388888888889,2.370486266328912,5.65489494859186,
2013-04-17 00:00:00,aeroporto,Aeroporto SBJV,21.166666666666668,14.0,26.0,68.235,2.1134455868474635,4.62673223066607,
2013-04-18 00:00:00,aeroporto,Aeroporto SBJV,21.444444444444443,16.0,27.0,80.98888888888888,1.942085133859832,5.14081358962897,
2013-04-19 00:00:00,aeroporto,Aeroporto SBJV,21.5,15.0,27.0,81.19055555555556,1.8849649828639532,4.11265087170317,
2013-04-20 00:00:00,aeroporto,Aeroporto SBJV,20.61111111111111,15.0,26.0,78.85722222222222,1.9135250583618912,5.14081358962897,
2013-04-21 00:00:00,aeroporto,Aeroporto SBJV,21.77777777777778,17.0,26.0,81.84277777777778,2.19912581334128,5.14081358962897,
2013-04-22 00:00:00,aeroporto,Aeroporto SBJV,21.22222222222222,16.0,27.0,75.71388888888889,2.0277653603536474,5.14081358962897,
2013-04-23 00:00:00,aeroporto,Aeroporto SBJV,20.444444444444443,17.0,23.0,93.02555555555556,1.2280832464113642,2.57040679481448,
2013-04-24 00:00:00,aeroporto,Aeroporto SBJV,20.833333333333332,18.0,25.0,91.05111111111111,1.370883623901057,3.08448815377738,
2013-04-25 00:00:00,aeroporto,Aeroporto SBJV,22.176470588235293,19.0,27.0,83.17529411764706,1.7841647164006411,4.11265087170317,
2013-04-26 00:00:00,aeroporto,Aeroporto SBJV,22.88888888888889,15.0,29.0,79.48388888888888,1.4280037748969348,3.59856951274028,
2013-04-27 00:00:00,aeroporto,Aeroporto SBJV,22.0,15.0,27.0,81.41111111111111,1.9135250583618932,5.14081358962897,
2013-04-28 00:00:00,aeroporto,Aeroporto SBJV,21.833333333333332,15.0,27.0,81.65444444444444,1.5993642278845672,3.59856951274028,
2013-04-29 00:00:00,aeroporto,Aeroporto SBJV,22.833333333333332,16.0,27.0,85.63888888888889,1.627924303382506,3.08448815377738,
2013-04-30 00:00:00,aeroporto,Aeroporto SBJV,24.5,18.0,30.0,77.42888888888889,2.17056573784334,5.65489494859186,
2013-05-01 00:00:00,aeroporto,Aeroporto SBJV,22.63157894736842,21.0,24.0,96.00421052631579,1.0281627179257922,2.57040679481448,
2013-05-02 00:00:00,aeroporto,Aeroporto SBJV,24.944444444444443,22.0,29.0,86.12555555555555,1.5993642278845668,3.08448815377738,
2013-05-03 00:00:00,aeroporto,Aeroporto SBJV,24.666666666666668,20.0,29.0,88.53777777777778,1.4851239258928117,3.59856951274028,
2013-05-04 00:00:00,aeroporto,Aeroporto SBJV,25.166666666666668,21.0,32.0,85.81722222222223,2.62752694581036,7.19713902548055,
2013-05-05 00:00:00,aeroporto,Aeroporto SBJV,19.0,15.0,21.0,96.41294117647058,2.3587262352415257,7.71122038444345,
2013-05-06 00:00:00,aeroporto,Aeroporto SBJV,18.944444444444443,13.0,24.0,77.7188888888889,1.8849649828639545,3.59856951274028,
2013-05-07 00:00:00,aeroporto,Aeroporto SBJV,19.555555555555557,11.0,25.0,59.68111111111111,2.570406794814484,5.14081358962897,
2013-05-08 00:00:00,aeroporto,Aeroporto SBJV,15.722222222222221,7.0,23.0,67.00555555555555,1.542244076888689,3.59856951274028,
2013-05-09 00:00:00,aeroporto,Aeroporto SBJV,17.22222222222222,8.0,25.0,76.25888888888889,1.2566433219093012,3.08448815377738,
2013-05-10 00:00:00,aeroporto,Aeroporto SBJV,18.72222222222222,9.0,25.0,77.62722222222222,1.3994436993989965,4.11265087170317,
2013-05-11 00:00:00,aeroporto,Aeroporto SBJV,20.94736842105263,13.0,26.0,84.20421052631579,1.1905041997035488,3.59856951274028,
2013-05-12 00:00:00,aeroporto,Aeroporto SBJV,22.055555555555557,18.0,27.0,84.69277777777778,1.8849649828639552,3.59856951274028,
2013-05-13 00:00:00,aeroporto,Aeroporto SBJV,22.647058823529413,18.0,26.0,91.86882352941177,1.300323437376738,3.08448815377738,
2013-05-14 00:00:00,aeroporto,Aeroporto SBJV,23.31578947368421,19.0,28.0,90.73157894736842,1.6234148177775678,3.08448815377738,
2013-05-15 00:00:00,aeroporto,Aeroporto SBJV,22.944444444444443,19.0,26.0,87.52055555555555,1.6564843788804442,6.68305766651766,
2013-05-16 00:00:00,aeroporto,Aeroporto SBJV,18.22222222222222,15.0,21.0,93.98388888888888,4.1697710226990505,6.16897630755476,
2013-05-17 00:00:00,aeroporto,Aeroporto SBJV,16.11111111111111,14.0,18.0,79.76555555555555,0.9424824914319758,1.54224407688869,
2013-05-18 00:00:00,aeroporto,Aeroporto SBJV,16.666666666666668,16.0,17.0,95.55166666666668,0.9139224159340371,1.54224407688869,
2013-05-19 00:00:00,aeroporto,Aeroporto SBJV,19.61111111111111,17.0,21.0,96.99777777777778,0.8282421894402221,2.05632543585159,
2013-05-20 00:00:00,aeroporto,Aeroporto SBJV,22.055555555555557,17.0,26.0,89.50055555555555,1.399443699398995,3.08448815377738,
2013-05-21 00:00:00,aeroporto,Aeroporto SBJV,21.444444444444443,18.0,25.0,90.48388888888888,1.2852033974072412,4.62673223066607,
2013-05-22 00:00:00,aeroporto,Aeroporto SBJV,19.27777777777778,18.0,21.0,94.36222222222221,1.8278448318680764,4.11265087170317,
2013-05-23 00:00:00,aeroporto,Aeroporto SBJV,19.5,16.0,22.0,86.37277777777778,1.3423235484031173,2.57040679481448,
2013-05-24 00:00:00,aeroporto,Aeroporto SBJV,18.38888888888889,15.0,22.0,91.65666666666667,1.3423235484031182,3.08448815377738,
2013-05-25 00:00:00,aeroporto,Aeroporto SBJV,19.42105263157895,13.0,24.0,86.09105263157895,1.9480977813330813,4.62673223066607,
2013-05-26 00:00:00,aeroporto,Aeroporto SBJV,19.22222222222222,16.0,23.0,87.99444444444445,1.2280832464113636,4.11265087170317,
2013-05-27 00:00:00,aeroporto,Aeroporto SBJV,18.88235294117647,16.0,21.0,96.52588235294118,1.5422440768886891,3.59856951274028,
2013-05-28 00:00:00,aeroporto,Aeroporto SBJV,18.529411764705884,17.0,20.0,98.57823529411765,1.8446448762786283,3.08448815377738,
2013-05-29 00:00:00,aeroporto,Aeroporto SBJV,21.72222222222222,15.0,27.0,87.25444444444445,1.9135250583618924,6.68305766651766,
2013-05-30 00:00:00,aeroporto,Aeroporto SBJV,18.05263157894737,10.0,24.0,66.64999999999999,2.408065313036726,4.11265087170317,
2013-05-31 00:00:00,aeroporto,Aeroporto SBJV,17.444444444444443,9.0,23.0,75.78500000000001,1.6564843788804433,4.11265087170317,
2013-06-01 00:00:00,aeroporto,Aeroporto SBJV,20.0,12.0,25.0,86.71166666666666,1.3994436993989963,3.08448815377738,
2013-06-02 00:00:00,aeroporto,Aeroporto SBJV,20.22222222222222,18.0,23.0,94.86555555555555,1.599364227884566,9.25346446133214,
2013-06-03 00:00:00,aeroporto,Aeroporto SBJV,19.105263157894736,16.0,22.0,90.11315789473684,1.4340164223701855,2.57040679481448,
2013-06-04 00:00:00,aeroporto,Aeroporto SBJV,18.142857142857142,14.0,23.0,89.5147619047619,1.175043106200906,3.59856951274028,
2013-06-05 00:00:00,aeroporto,Aeroporto SBJV,18.88888888888889,11.0,26.0,82.48055555555555,1.2852033974072414,3.08448815377738,
2013-06-06 00:00:00,aeroporto,Aeroporto SBJV,19.31578947368421,12.0,27.0,84.98947368421052,1.7316424722960728,3.59856951274028,
2013-06-07 00:00:00,aeroporto,Aeroporto SBJV,19.555555555555557,18.0,22.0,87.86277777777778,1.456563850394873,3.59856951274028,
2013-06-08 00:00:00,aeroporto,Aeroporto SBJV,19.94736842105263,14.0,24.0,84.39105263157894,2.4080653130367264,5.14081358962897,
2013-06-09 00:00:00,aeroporto,Aeroporto SBJV,19.5,16.0,24.0,83.557,1.3880196691998212,3.08448815377738,
2013-06-10 00:00:00,aeroporto,Aeroporto SBJV,20.666666666666668,15.0,25.0,87.81555555555556,1.2852033974072408,2.57040679481448,
2013-06-11 00:00:00,aeroporto,Aeroporto SBJV,20.166666666666668,18.0,23.0,91.47444444444444,1.056722793423732,3.59856951274028,
2013-06-12 00:00:00,aeroporto,Aeroporto SBJV,20.444444444444443,19.0,23.0,94.52111111111111,0.8853623404360991,2.05632543585159,
2013-06-13 00:00:00,aeroporto,Aeroporto SBJV,19.68421052631579,15.0,24.0,87.35052631578947,1.3257887678516809,3.59856951274028,
2013-06-14 00:00:00,aeroporto,Aeroporto SBJV,18.27777777777778,12.0,24.0,86.36222222222221,1.4851239258928117,3.59856951274028,
2013-06-15 00:00:00,aeroporto,Aeroporto SBJV,16.833333333333332,14.0,19.0,95.945,1.08528286892167,2.57040679481448,
2013-06-16 00:00:00,aeroporto,Aeroporto SBJV,17.61111111111111,16.0,19.0,98.32333333333332,0.7996821139422828,2.05632543585159,
2013-06-17 00:00:00,aeroporto,Aeroporto SBJV,21.38888888888889,17.0,28.0,82.69611111111111,1.9992052848557078,4.62673223066607,
2013-06-18 00:00:00,aeroporto,Aeroporto SBJV,19.88888888888889,17.0,23.0,88.57388888888889,1.3423235484031197,2.57040679481448,
2013-06-19 00:00:00,aeroporto,Aeroporto SBJV,19.61111111111111,18.0,21.0,97.02888888888889,1.5708041523866287,4.62673223066607,
2013-06-20 00:00:00,aeroporto,Aeroporto SBJV,17.055555555555557,17.0,18.0,99.66000000000001,1.3994436993989956,2.05632543585159,
2013-06-21 00:00:00,aeroporto,Aeroporto SBJV,18.333333333333332,17.0,19.0,99.66222222222223,1.942085133859832,5.14081358962897,
2013-06-22 00:00:00,aeroporto,Aeroporto SBJV,18.444444444444443,12.0,24.0,64.95555555555556,2.8274474742959312,7.19713902548055,
2013-06-23 00:00:00,aeroporto,Aeroporto SBJV,16.166666666666668,10.0,21.0,84.57611111111112,1.770724680872199,4.11265087170317,
2013-06-24 00:00:00,aeroporto,Aeroporto SBJV,16.944444444444443,16.0,18.0,99.31722222222223,0.9996026424278536,1.54224407688869,
2013-06-25 00:00:00,aeroporto,Aeroporto SBJV,18.36842105263158,17.0,20.0,97.18631578947368,0.9199350634072875,1.54224407688869,
2013-06-26 00:00:00,aeroporto,Aeroporto SBJV,18.63157894736842,17.0,20.0,95.91473684210527,2.245723831258969,3.08448815377738,
2013-06-27 00:00:00,aeroporto,Aeroporto SBJV,16.61111111111111,16.0,18.0,96.30111111111111,1.513684001390751,3.08448815377738,
2013-06-28 00:00:00,aeroporto,Aeroporto SBJV,18.11111111111111,16.0,19.0,94.68333333333334,0.8282421894402208,1.54224407688869,
2013-06-29 00:00:00,aeroporto,Aeroporto SBJV,19.473684210526315,18.0,21.0,97.78,2.191610003999717,6.16897630755476,
2013-06-30 00:00:00,aeroporto,Aeroporto SBJV,16.444444444444443,14.0,19.0,87.42555555555556,1.9420851338598315,4.11265087170317,
2013-07-01 00:00:00,aeroporto,Aeroporto SBJV,15.055555555555555,14.0,16.0,92.30055555555556,1.5136840013907515,3.08448815377738,
2013-07-02 00:00:00,aeroporto,Aeroporto SBJV,15.0,12.0,17.0,90.5461111111111,0.9996026424278538,1.54224407688869,
2013-07-03 00:00:00,aeroporto,Aeroporto SBJV,18.166666666666668,14.0,22.0,87.57444444444444,1.256643321909302,2.57040679481448,
2013-07-04 00:00:00,aeroporto,Aeroporto SBJV,19.842105263157894,17.0,23.0,90.39157894736843,1.1634472860739236,2.57040679481448,
2013-07-05 00:00:00,aeroporto,Aeroporto SBJV,18.944444444444443,14.0,24.0,90.94999999999999,1.256643321909303,3.08448815377738,
2013-07-06 00:00:00,aeroporto,Aeroporto SBJV,20.38888888888889,16.0,26.0,89.04444444444444,1.0852828689216705,2.05632543585159,
2013-07-07 00:00:00,aeroporto,Aeroporto SBJV,21.5,16.0,27.0,82.72777777777777,3.170168380271196,6.16897630755476,
2013-07-08 00:00:00,aeroporto,Aeroporto SBJV,15.722222222222221,15.0,17.0,89.0638888888889,2.2848060398350953,5.14081358962897,
2013-07-09 00:00:00,aeroporto,Aeroporto SBJV,16.61111111111111,15.0,18.0,97.94166666666666,0.7140018874484663,1.02816271792579,
2013-07-10 00:00:00,aeroporto,Aeroporto SBJV,19.36842105263158,15.0,22.0,90.2163157894737,1.0552196315554188,2.05632543585159,
2013-07-11 00:00:00,aeroporto,Aeroporto SBJV,19.77777777777778,15.0,25.0,83.05666666666667,1.9992052848557083,5.14081358962897,
2013-07-12 00:00:00,aeroporto,Aeroporto SBJV,19.57894736842105,14.0,27.0,80.62789473684211,1.4881302496294375,3.08448815377738,
2013-07-13 00:00:00,aeroporto,Aeroporto SBJV,20.764705882352942,10.0,31.0,76.46470588235294,1.0584027978647867,2.57040679481448,
2013-07-14 00:00:00,aeroporto,Aeroporto SBJV,20.444444444444443,12.0,28.0,84.76555555555555,0.9996026424278533,2.57040679481448,
2013-07-15 00:00:00,aeroporto,Aeroporto SBJV,16.61111111111111,14.0,19.0,85.28333333333333,2.1991258133412805,4.11265087170317,
2013-07-16 00:00:00,aeroporto,Aeroporto SBJV,15.555555555555555,9.0,22.0,83.87277777777778,1.6279243033825048,4.11265087170317,
2013-07-17 00:00:00,aeroporto,Aeroporto SBJV,17.666666666666668,8.0,26.0,87.52333333333334,0.971042566929915,3.08448815377738,
2013-07-18 00:00:00,aeroporto,Aeroporto SBJV,24.77777777777778,12.0,33.0,60.279444444444444,2.513286643818605,7.19713902548055,
2013-07-19 00:00:00,aeroporto,Aeroporto SBJV,14.11111111111111,13.0,15.0,95.80444444444444,2.7703273233000534,4.62673223066607,
2013-07-20 00:00:00,aeroporto,Aeroporto SBJV,15.722222222222221,14.0,17.0,97.23888888888888,1.1138429444196092,3.08448815377738,
2013-07-21 00:00:00,aeroporto,Aeroporto SBJV,14.941176470588236,14.0,16.0,98.53,2.8728075942044216,6.16897630755476,
2013-07-22 00:00:00,aeroporto,Aeroporto SBJV,10.833333333333334,9.0,13.0,95.4011111111111,2.6560870213082994,4.62673223066607,
2013-07-23 00:00:00,aeroporto,Aeroporto SBJV,9.055555555555555,3.0,16.0,71.85833333333333,2.1705657378433414,5.14081358962897,
2013-07-24 00:00:00,aeroporto,Aeroporto SBJV,11.722222222222221,1.0,18.0,68.60055555555556,1.485123925892813,3.08448815377738,
2013-07-25 00:00:00,aeroporto,Aeroporto SBJV,12.333333333333334,10.0,16.0,86.18,1.7421646053742599,3.08448815377738,
2013-07-26 00:00:00,aeroporto,Aeroporto SBJV,14.944444444444445,5.0,22.0,77.84277777777778,1.7136045298763223,5.14081358962897,
2013-07-27 00:00:00,aeroporto,Aeroporto SBJV,14.88888888888889,7.0,22.0,80.05777777777777,1.4851239258928122,4.62673223066607,
2013-07-28 00:00:00,aeroporto,Aeroporto SBJV,16.38888888888889,6.0,26.0,82.04444444444444,1.2852033974072405,2.57040679481448,
2013-07-29 00:00:00,aeroporto,Aeroporto SBJV,16.333333333333332,7.0,24.0,73.92944444444444,1.570804152386628,3.59856951274028,
2013-07-30 00:00:00,aeroporto,Aeroporto SBJV,15.666666666666666,6.0,24.0,82.57055555555556,1.0567227934237315,3.08448815377738,
2013-07-31 00:00:00,aeroporto,Aeroporto SBJV,16.11111111111111,13.0,22.0,88.7911111111111,1.170963095415486,2.57040679481448,
2013-08-01 00:00:00,aeroporto,Aeroporto SBJV,19.27777777777778,13.0,29.0,83.59944444444444,1.1138429444196087,2.05632543585159,
2013-08-02 00:00:00,aeroporto,Aeroporto SBJV,24.61111111111111,11.0,35.0,64.38166666666667,1.856404907366015,5.14081358962897,
2013-08-03 00:00:00,aeroporto,Aeroporto SBJV,21.77777777777778,17.0,30.0,71.37111111111112,3.5700094372423377,8.22530174340635,
2013-08-04 00:00:00,aeroporto,Aeroporto SBJV,19.055555555555557,15.0,25.0,83.8111111111111,2.313366115333035,6.68305766651766,
2013-08-05 00:00:00,aeroporto,Aeroporto SBJV,18.22222222222222,16.0,21.0,79.22277777777778,2.2848060398350962,4.62673223066607,
2013-08-06 00:00:00,aeroporto,Aeroporto SBJV,16.944444444444443,14.0,19.0,96.65055555555556,2.2276858888392193,4.11265087170317,
2013-08-07 00:00:00,aeroporto,Aeroporto SBJV,18.333333333333332,10.0,24.0,80.02444444444444,1.5993642278845674,3.08448815377738,
2013-08-08 00:00:00,aeroporto,Aeroporto SBJV,19.944444444444443,17.0,25.0,87.355,1.1995231709134242,3.59856951274028,
2013-08-09 00:00:00,aeroporto,Aeroporto SBJV,18.105263157894736,16.0,20.0,91.07947368421053,2.0833823494812123,4.62673223066607,
2013-08-10 00:00:00,aeroporto,Aeroporto SBJV,17.38888888888889,15.0,20.0,83.88611111111112,2.7988873987979934,9.76754582029504,
2013-08-11 00:00:00,aeroporto,Aeroporto SBJV,16.5,9.0,22.0,64.81222222222223,2.1420056623454022,4.62673223066607,
2013-08-12 00:00:00,aeroporto,Aeroporto SBJV,16.333333333333332,7.0,23.0,77.53666666666668,1.7707246808721995,4.11265087170317,
2013-08-13 00:00:00,aeroporto,Aeroporto SBJV,16.27777777777778,10.0,20.0,87.39500000000001,1.884964982863954,3.08448815377738,
2013-08-14 00:00:00,aeroporto,Aeroporto SBJV,13.3,11.0,19.0,87.4985,1.4908359409923997,3.59856951274028,
2013-08-15 00:00:00,aeroporto,Aeroporto SBJV,15.333333333333334,10.0,21.0,70.37166666666667,2.3419261908309745,6.16897630755476,
2013-08-16 00:00:00,aeroporto,Aeroporto SBJV,15.777777777777779,11.0,21.0,83.80388888888889,1.3423235484031184,2.57040679481448,
2013-08-17 00:00:00,aeroporto,Aeroporto SBJV,14.722222222222221,13.0,16.0,95.17722222222223,2.513286643818607,5.14081358962897,
2013-08-18 00:00:00,aeroporto,Aeroporto SBJV,16.61111111111111,13.0,21.0,88.57611111111112,1.5422440768886896,3.59856951274028,
2013-08-19 00:00:00,aeroporto,Aeroporto SBJV,18.72222222222222,15.0,24.0,84.80722222222222,1.8278448318680778,4.11265087170317,
2013-08-20 00:00:00,aeroporto,Aeroporto SBJV,20.0,15.0,26.0,79.29277777777777,1.9135250583618928,4.11265087170317,
2013-08-21 00:00:00,aeroporto,Aeroporto SBJV,20.22222222222222,15.0,25.0,78.28277777777777,1.8849649828639525,4.11265087170317,
2013-08-22 00:00:00,aeroporto,Aeroporto SBJV,22.875,14.0,32.0,74.39,1.2852033974072414,2.57040679481448,
2013-08-23 00:00:00,aeroporto,Aeroporto SBJV,16.352941176470587,14.0,21.0,90.40470588235293,3.084488153777381,6.68305766651766,
2013-08-24 00:00:00,aeroporto,Aeroporto SBJV,16.105263157894736,13.0,18.0,88.2578947368421,1.4340164223701843,3.08448815377738,
2013-08-25 00:00:00,aeroporto,Aeroporto SBJV,18.5,16.0,22.0,89.80444444444444,2.056325435851586,5.14081358962897,
2013-08-26 00:00:00,aeroporto,Aeroporto SBJV,14.294117647058824,13.0,15.0,96.6770588235294,1.209603197559755,2.57040679481448,
2013-08-27 00:00:00,aeroporto,Aeroporto SBJV,14.11111111111111,7.0,20.0,73.74944444444445,1.827844831868077,3.59856951274028,
2013-08-28 00:00:00,aeroporto,Aeroporto SBJV,14.666666666666666,5.0,22.0,67.72,1.6279243033825055,4.62673223066607,
2013-08-29 00:00:00,aeroporto,Aeroporto SBJV,16.055555555555557,5.0,24.0,72.18277777777777,1.7707246808721995,3.59856951274028,
2013-08-30 00:00:00,aeroporto,Aeroporto SBJV,16.94736842105263,7.0,24.0,78.89631578947369,1.8398701268145765,4.11265087170317,
2013-08-31 00:00:00,aeroporto,Aeroporto SBJV,17.11111111111111,14.0,23.0,87.96333333333332,1.256643321909302,2.05632543585159,
2013-09-01 00:00:00,aeroporto,Aeroporto SBJV,19.72222222222222,15.0,28.0,83.8488888888889,2.3990463418268506,4.62673223066607,
2013-09-02 00:00:00,aeroporto,Aeroporto SBJV,22.833333333333332,15.0,27.0,71.81944444444444,1.827844831868077,3.08448815377738,
2013-09-03 00:00:00,aeroporto,Aeroporto SBJV,20.77777777777778,17.0,26.0,80.42666666666668,2.7132071723041764,6.16897630755476,
2013-09-04 00:00:00,aeroporto,Aeroporto SBJV,16.263157894736842,14.0,19.0,60.73368421052632,2.1104392631108393,4.11265087170317,
2013-09-05 00:00:00,aeroporto,Aeroporto SBJV,18.444444444444443,13.0,23.0,74.8488888888889,1.9706452093577707,4.11265087170317,
2013-09-06 00:00:00,aeroporto,Aeroporto SBJV,20.333333333333332,17.0,24.0,79.00722222222221,2.3419261908309736,5.14081358962897,
2013-09-07 00:00:00,aeroporto,Aeroporto SBJV,21.38888888888889,15.0,26.0,74.30555555555556,2.5132866438186054,5.14081358962897,
2013-09-08 00:00:00,aeroporto,Aeroporto SBJV,22.77777777777778,17.0,29.0,75.81555555555556,1.7992847563701386,3.59856951274028,
2013-09-09 00:00:00,aeroporto,Aeroporto SBJV,23.38888888888889,15.0,30.0,71.7038888888889,2.541846719316544,5.65489494859186,
2013-09-10 00:00:00,aeroporto,Aeroporto SBJV,20.444444444444443,16.0,26.0,82.91555555555556,1.7136045298763214,4.11265087170317,
2013-09-11 00:00:00,aeroporto,Aeroporto SBJV,22.57894736842105,16.0,29.0,74.67894736842106,1.9751546949627086,4.62673223066607,
2013-09-12 00:00:00,aeroporto,Aeroporto SBJV,23.555555555555557,19.0,30.0,72.52888888888889,1.9706452093577707,3.08448815377738,
2013-09-13 00:00:00,aeroporto,Aeroporto SBJV,23.823529411764707,17.0,32.0,77.96470588235294,1.723684556522652,4.11265087170317,
2013-09-14 00:00:00,aeroporto,Aeroporto SBJV,24.5,16.0,33.0,74.52777777777777,1.2852033974072412,4.11265087170317,
2013-09-15 00:00:00,aeroporto,Aeroporto SBJV,25.833333333333332,14.0,35.0,68.19222222222223,1.1138429444196087,2.05632543585159,
2013-09-16 00:00:00,aeroporto,Aeroporto SBJV,19.833333333333332,19.0,20.0,96.985,1.7136045298763214,4.11265087170317,
2013-09-17 00:00:00,aeroporto,Aeroporto SBJV,19.15,15.0,24.0,90.089,2.750335270451497,6.16897630755476,
2013-09-18 00:00:00,aeroporto,Aeroporto SBJV,15.88888888888889,13.0,18.0,73.36277777777778,1.4280037748969354,3.08448815377738,
2013-09-19 00:00:00,aeroporto,Aeroporto SBJV,15.11111111111111,13.0,17.0,87.71777777777778,1.3423235484031182,2.05632543585159,
2013-09-20 00:00:00,aeroporto,Aeroporto SBJV,17.666666666666668,15.0,21.0,95.36388888888888,2.0277653603536465,4.62673223066607,
2013-09-21 00:00:00,aeroporto,Aeroporto SBJV,19.944444444444443,18.0,23.0,92.81833333333333,1.7707246808722,5.14081358962897,
2013-09-22 00:00:00,aeroporto,Aeroporto SBJV,16.555555555555557,1.0,18.0,94.17388888888888,1.6564843788804455,2.57040679481448,
2013-09-23 00:00:00,aeroporto,Aeroporto SBJV,21.22222222222222,17.0,26.0,82.73777777777778,1.6279243033825055,3.59856951274028,
2013-09-24 00:00:00,aeroporto,Aeroporto SBJV,19.055555555555557,14.0,25.0,57.78888888888889,2.8560075497938695,7.19713902548055,
2013-09-25 00:00:00,aeroporto,Aeroporto SBJV,20.0,15.0,25.0,55.007777777777775,3.627129588238215,6.16897630755476,
2013-09-26 00:00:00,aeroporto,Aeroporto SBJV,17.88888888888889,9.0,24.0,65.46944444444445,2.1420056623454022,6.16897630755476,
2013-09-27 00:00:00,aeroporto,Aeroporto SBJV,18.333333333333332,11.0,24.0,73.75777777777778,2.284806039835095,4.62673223066607,
2013-09-28 00:00:00,aeroporto,Aeroporto SBJV,18.5,15.0,24.0,79.79777777777778,2.42760641732479,5.14081358962897,
2013-09-29 00:00:00,aeroporto,Aeroporto SBJV,19.72222222222222,16.0,25.0,82.93222222222222,1.3994436993989965,3.59856951274028,
2013-09-30 00:00:00,aeroporto,Aeroporto SBJV,20.68421052631579,15.0,25.0,83.14842105263158,1.3257887678516809,3.08448815377738,
2013-10-01 00:00:00,aeroporto,Aeroporto SBJV,20.0,18.0,24.0,87.75,1.9135250583618937,4.62673223066607,
2013-10-02 00:00:00,aeroporto,Aeroporto SBJV,20.27777777777778,17.0,24.0,89.30166666666668,1.5993642278845677,3.08448815377738,
2013-10-03 00:00:00,aeroporto,Aeroporto SBJV,19.833333333333332,19.0,22.0,95.0838888888889,1.3137634729051806,3.59856951274028,
2013-10-04 00:00:00,aeroporto,Aeroporto SBJV,23.0,19.0,28.0,85.89105263157894,1.6504717314071946,3.59856951274028,
2013-10-05 00:00:00,aeroporto,Aeroporto SBJV,21.05263157894737,14.0,26.0,69.27263157894737,2.9492035856292502,6.68305766651766,
2013-10-06 00:00:00,aeroporto,Aeroporto SBJV,20.666666666666668,14.0,25.0,70.12166666666667,3.08448815377738,6.16897630755476,
2013-10-07 00:00:00,aeroporto,Aeroporto SBJV,19.555555555555557,13.0,25.0,68.30888888888889,3.284408682262951,6.68305766651766,
2013-10-08 00:00:00,aeroporto,Aeroporto SBJV,19.0,11.0,25.0,73.51,2.2562459643371566,5.65489494859186,
2013-10-09 00:00:00,aeroporto,Aeroporto SBJV,22.0,11.0,28.0,68.01777777777778,3.0844881537773796,6.68305766651766,
2013-10-10 00:00:00,aeroporto,Aeroporto SBJV,22.0,20.0,26.0,76.4088888888889,2.4847265683206685,6.68305766651766,
2013-10-11 00:00:00,aeroporto,Aeroporto SBJV,23.61111111111111,18.0,29.0,71.69944444444445,2.1134455868474635,4.11265087170317,
2013-10-12 00:00:00,aeroporto,Aeroporto SBJV,23.166666666666668,18.0,29.0,77.81333333333333,2.1134455868474635,6.16897630755476,
2013-10-13 00:00:00,aeroporto,Aeroporto SBJV,23.944444444444443,19.0,30.0,80.00666666666667,2.2562459643371566,5.14081358962897,
2013-10-14 00:00:00,aeroporto,Aeroporto SBJV,25.833333333333332,20.0,33.0,77.63777777777779,2.0563254358515866,6.16897630755476,
2013-10-15 00:00:00,aeroporto,Aeroporto SBJV,24.529411764705884,19.0,30.0,74.1835294117647,2.9030476741434175,6.68305766651766,
2013-10-16 00:00:00,aeroporto,Aeroporto SBJV,20.210526315789473,18.0,24.0,91.61631578947369,1.6504717314071948,3.08448815377738,
2013-10-17 00:00:00,aeroporto,Aeroporto SBJV,20.166666666666668,18.0,24.0,87.61222222222221,1.5993642278845661,4.11265087170317,
2013-10-18 00:00:00,aeroporto,Aeroporto SBJV,22.894736842105264,18.0,27.0,77.75736842105263,2.868032844740371,5.65489494859186,
2013-10-19 00:00:00,aeroporto,Aeroporto SBJV,24.444444444444443,18.0,30.0,72.36722222222221,1.856404907366015,4.11265087170317,
2013-10-20 01:00:00,aeroporto,Aeroporto SBJV,25.11111111111111,19.0,30.0,74.54388888888889,2.4847265683206676,5.14081358962897,
2013-10-21 00:00:00,aeroporto,Aeroporto SBJV,25.5,21.0,31.0,73.85944444444445,3.198728455769134,8.22530174340635,
2013-10-22 00:00:00,aeroporto,Aeroporto SBJV,21.27777777777778,19.0,23.0,82.11555555555555,3.3700889087567667,5.14081358962897,
2013-10-23 00:00:00,aeroporto,Aeroporto SBJV,24.88888888888889,19.0,30.0,79.66944444444444,2.056325435851586,4.62673223066607,
2013-10-24 00:00:00,aeroporto,Aeroporto SBJV,23.833333333333332,21.0,28.0,86.92722222222223,2.0277653603536465,3.08448815377738,
2013-10-25 00:00:00,aeroporto,Aeroporto SBJV,19.4375,18.0,22.0,92.726875,1.735024586499776,4.62673223066607,
2013-10-26 00:00:00,aeroporto,Aeroporto SBJV,22.529411764705884,18.0,26.0,87.37705882352941,2.298246075363538,4.62673223066607,
2013-10-27 00:00:00,aeroporto,Aeroporto SBJV,24.944444444444443,20.0,31.0,71.09166666666667,4.112650871703173,7.71122038444345,
2013-10-28 00:00:00,aeroporto,Aeroporto SBJV,21.11111111111111,15.0,25.0,58.400555555555556,3.3129687577608906,5.14081358962897,
2013-10-29 00:00:00,aeroporto,Aeroporto SBJV,21.0,14.0,26.0,65.62388888888889,2.1420056623454014,5.65489494859186,
2013-10-30 00:00:00,aeroporto,Aeroporto SBJV,23.11111111111111,15.0,28.0,65.86444444444444,2.4847265683206676,6.16897630755476,
2013-10-31 00:00:00,aeroporto,Aeroporto SBJV,22.666666666666668,17.0,28.0,73.12833333333333,3.141608304773258,6.16897630755476,
2013-11-01 00:00:00,aeroporto,Aeroporto SBJV,23.055555555555557,18.0,29.0,70.50111111111111,2.884567625291809,6.16897630755476,
2013-11-02 00:00:00,aeroporto,Aeroporto SBJV,23.125,17.0,28.0,77.005625,3.116618238712561,6.16897630755476,
2013-11-03 00:00:00,aeroporto,Aeroporto SBJV,24.22222222222222,21.0,29.0,81.37166666666667,1.884964982863954,3.59856951274028,
2013-11-04 00:00:00,aeroporto,Aeroporto SBJV,19.764705882352942,18.0,22.0,86.75117647058823,2.8123274343264346,4.62673223066607,
2013-11-05 00:00:00,aeroporto,Aeroporto SBJV,22.166666666666668,13.0,26.0,65.39944444444444,4.141210947201113,6.68305766651766,
2013-11-06 00:00:00,aeroporto,Aeroporto SBJV,21.0,17.0,25.0,68.11777777777777,3.31296875776089,5.65489494859186,
2013-11-07 00:00:00,aeroporto,Aeroporto SBJV,20.666666666666668,18.0,24.0,81.91222222222223,1.856404907366015,3.08448815377738,
2013-11-08 00:00:00,aeroporto,Aeroporto SBJV,23.38888888888889,18.0,29.0,78.67944444444444,1.6279243033825055,4.11265087170317,
2013-11-09 00:00:00,aeroporto,Aeroporto SBJV,25.88888888888889,19.0,31.0,72.09333333333333,2.2848060398350967,4.62673223066607,
2013-11-10 00:00:00,aeroporto,Aeroporto SBJV,25.27777777777778,21.0,29.0,77.35,2.170565737843342,3.59856951274028,
2013-11-11 00:00:00,aeroporto,Aeroporto SBJV,25.736842105263158,22.0,31.0,79.97947368421053,1.5963579041479414,4.11265087170317,
2013-11-12 00:00:00,aeroporto,Aeroporto SBJV,29.055555555555557,21.0,36.0,55.05833333333333,3.8556101922217243,7.19713902548055,
2013-11-13 00:00:00,aeroporto,Aeroporto SBJV,25.470588235294116,17.0,32.0,62.579411764705874,2.177285755607561,4.62673223066607,
2013-11-14 00:00:00,aeroporto,Aeroporto SBJV,25.0,16.0,30.0,62.255625,2.47401654000894,5.65489494859186,
2013-11-15 00:00:00,aeroporto,Aeroporto SBJV,25.533333333333335,18.0,30.0,66.432,3.6671136939353306,5.14081358962897,
2013-11-16 00:00:00,aeroporto,Aeroporto SBJV,22.0,18.0,29.0,82.97894736842105,3.138601981036633,8.73938310236924,
2013-11-17 00:00:00,aeroporto,Aeroporto SBJV,21.333333333333332,17.0,25.0,76.25777777777779,1.7421646053742614,3.59856951274028,
2013-11-18 00:00:00,aeroporto,Aeroporto SBJV,23.333333333333332,18.0,28.0,76.23666666666666,2.313366115333035,3.59856951274028,
2013-11-19 00:00:00,aeroporto,Aeroporto SBJV,25.333333333333332,21.0,29.0,74.83999999999999,1.856404907366015,3.59856951274028,
2013-11-20 00:00:00,aeroporto,Aeroporto SBJV,24.444444444444443,22.0,31.0,89.82833333333333,1.6850444543783827,7.71122038444345,
2013-11-21 00:00:00,aeroporto,Aeroporto SBJV,25.0,22.0,30.0,85.7742105263158,1.5963579041479417,4.11265087170317,
2013-11-22 00:00:00,aeroporto,Aeroporto SBJV,22.166666666666668,19.0,25.0,81.39277777777778,3.9127303432176017,7.19713902548055,
2013-11-23 00:00:00,aeroporto,Aeroporto SBJV,21.444444444444443,16.0,27.0,77.45777777777778,2.19912581334128,5.14081358962897,
2013-11-24 00:00:00,aeroporto,Aeroporto SBJV,21.333333333333332,19.0,23.0,92.60722222222222,1.656484378880444,3.59856951274028,
2013-11-25 00:00:00,aeroporto,Aeroporto SBJV,25.555555555555557,21.0,31.0,80.32555555555555,2.6846470968062377,6.16897630755476,
2013-11-26 00:00:00,aeroporto,Aeroporto SBJV,23.27777777777778,22.0,26.0,87.25555555555555,1.770724680872199,3.59856951274028,
2013-11-27 00:00:00,aeroporto,Aeroporto SBJV,25.27777777777778,21.0,30.0,82.335,1.7421646053742603,3.59856951274028,
2013-11-28 00:00:00,aeroporto,Aeroporto SBJV,26.944444444444443,21.0,35.0,77.99277777777777,3.1701683802711957,7.19713902548055,
2013-11-29 00:00:00,aeroporto,Aeroporto SBJV,22.0,21.0,23.0,93.79166666666667,1.8278448318680764,3.59856951274028,
2013-11-30 00:00:00,aeroporto,Aeroporto SBJV,20.94736842105263,19.0,22.0,95.59315789473685,1.9210408677034558,4.11265087170317,
2013-12-01 00:00:00,aeroporto,Aeroporto SBJV,20.72222222222222,19.0,23.0,95.73611111111111,0.8853623404360987,1.54224407688869,
2013-12-02 00:00:00,aeroporto,Aeroporto SBJV,25.666666666666668,20.0,31.0,82.38388888888889,2.0277653603536487,4.11265087170317,
2013-12-03 00:00:00,aeroporto,Aeroporto SBJV,29.36842105263158,22.0,37.0,67.00526315789473,2.2186669176293425,4.62673223066607,
2013-12-04 00:00:00,aeroporto,Aeroporto SBJV,26.77777777777778,23.0,31.0,74.41722222222222,2.5989668703124225,4.11265087170317,
2013-12-05 00:00:00,aeroporto,Aeroporto SBJV,23.136363636363637,20.0,31.0,89.4159090909091,2.897549477790872,7.71122038444345,
2013-12-06 00:00:00,aeroporto,Aeroporto SBJV,23.666666666666668,21.0,27.0,68.95166666666667,2.0848855113495257,3.59856951274028,
2013-12-07 00:00:00,aeroporto,Aeroporto SBJV,22.5,20.0,25.0,87.96499999999999,1.4565638503948724,3.08448815377738,
2013-12-08 00:00:00,aeroporto,Aeroporto SBJV,25.22222222222222,21.0,30.0,83.70277777777778,1.8849649828639536,4.11265087170317,
2013-12-09 00:00:00,aeroporto,Aeroporto SBJV,27.529411764705884,23.0,31.0,81.08117647058823,1.6329643167056704,2.57040679481448,
2013-12-10 00:00:00,aeroporto,Aeroporto SBJV,27.22222222222222,21.0,33.0,76.215,3.1987284557691344,7.71122038444345,
2013-12-11 00:00:00,aeroporto,Aeroporto SBJV,21.210526315789473,20.0,23.0,95.07052631578948,2.678634449332988,4.11265087170317,
2013-12-12 00:00:00,aeroporto,Aeroporto SBJV,21.555555555555557,19.0,24.0,81.80055555555556,1.570804152386628,2.57040679481448,
2013-12-13 00:00:00,aeroporto,Aeroporto SBJV,24.235294117647058,19.0,28.0,74.56823529411766,2.116805595729574,4.62673223066607,
2013-12-14 00:00:00,aeroporto,Aeroporto SBJV,24.944444444444443,20.0,32.0,79.39555555555555,2.113445586847464,6.16897630755476,
2013-12-15 00:00:00,aeroporto,Aeroporto SBJV,27.27777777777778,21.0,31.0,72.73888888888888,1.9992052848557096,4.11265087170317,
2013-12-16 00:00:00,aeroporto,Aeroporto SBJV,28.11764705882353,21.0,33.0,67.43176470588234,2.6913671145704585,6.16897630755476,
2013-12-17 00:00:00,aeroporto,Aeroporto SBJV,25.666666666666668,19.0,30.0,70.8111111111111,3.255848606765012,5.65489494859186,
2013-12-18 00:00:00,aeroporto,Aeroporto SBJV,25.88888888888889,21.0,32.0,75.56777777777778,1.884964982863954,4.62673223066607,
2013-12-19 00:00:00,aeroporto,Aeroporto SBJV,25.5,20.0,32.0,78.82833333333333,2.6846470968062373,7.19713902548055,
2013-12-20 00:00:00,aeroporto,Aeroporto SBJV,26.555555555555557,20.0,31.0,77.2988888888889,3.1701683802711953,6.16897630755476,
2013-12-21 00:00:00,aeroporto,Aeroporto SBJV,25.444444444444443,22.0,30.0,78.29,3.8556101922217243,8.22530174340635,
2013-12-22 00:00:00,aeroporto,Aeroporto SBJV,24.166666666666668,21.0,29.0,86.98666666666666,3.255848606765011,7.71122038444345,
2013-12-23 00:00:00,aeroporto,Aeroporto SBJV,25.944444444444443,21.0,31.0,79.69444444444444,2.6846470968062373,6.68305766651766,
2013-12-24 00:00:00,aeroporto,Aeroporto SBJV,28.555555555555557,22.0,33.0,70.61722222222221,2.8274474742959317,6.68305766651766,
2013-12-25 00:00:00,aeroporto,Aeroporto SBJV,30.526315789473685,23.0,36.0,68.36842105263158,2.3810083994070994,4.11265087170317,
2013-12-26 00:00:00,aeroporto,Aeroporto SBJV,31.5,23.0,39.0,67.95555555555556,1.9420851338598308,4.11265087170317,
2013-12-27 00:00:00,aeroporto,Aeroporto SBJV,31.0,23.0,37.0,70.14055555555555,1.9706452093577704,4.11265087170317,
2013-12-28 00:00:00,aeroporto,Aeroporto SBJV,28.38888888888889,24.0,35.0,81.79944444444443,1.9135250583618937,3.59856951274028,
2013-12-29 00:00:00,aeroporto,Aeroporto SBJV,29.555555555555557,25.0,35.0,76.7238888888889,1.827844831868077,3.08448815377738,
2013-12-30 00:00:00,aeroporto,Aeroporto SBJV,32.388888888888886,24.0,40.0,65.06722222222223,1.6564843788804433,4.11265087170317,
2013-12-31 00:00:00,aeroporto,Aeroporto SBJV,34.166666666666664,25.0,42.0,62.56777777777778,2.570406794814483,4.62673223066607,
2014-01-01 00:00:00,aeroporto,Aeroporto SBJV,28.555555555555557,24.0,36.0,82.19444444444444,1.656484378880444,4.62673223066607,
2014-01-02 00:00:00,aeroporto,Aeroporto SBJV,31.61111111111111,24.0,41.0,74.11055555555555,1.3137634729051801,4.11265087170317,
2014-01-03 00:00:00,aeroporto,Aeroporto SBJV,29.055555555555557,23.0,39.0,80.6661111111111,2.7417672478021156,7.71122038444345,
2014-01-04 00:00:00,aeroporto,Aeroporto SBJV,20.72222222222222,20.0,22.0,96.03222222222223,1.884964982863954,4.11265087170317,
2014-01-05 00:00:00,aeroporto,Aeroporto SBJV,23.2,20.0,25.0,89.47266666666665,1.0624348085233182,1.54224407688869,
2014-01-06 00:00:00,aeroporto,Aeroporto SBJV,25.38888888888889,23.0,31.0,88.30555555555556,1.4851239258928128,3.59856951274028,
2014-01-07 00:00:00,aeroporto,Aeroporto SBJV,28.0,23.0,33.0,76.3288888888889,1.8849649828639532,4.11265087170317,
2014-01-08 00:00:00,aeroporto,Aeroporto SBJV,28.11111111111111,23.0,34.0,75.92666666666668,2.0848855113495244,4.62673223066607,
2014-01-09 00:00:00,aeroporto,Aeroporto SBJV,26.944444444444443,22.0,31.0,81.36277777777778,1.4280037748969343,3.08448815377738,
2014-01-10 00:00:00,aeroporto,Aeroporto SBJV,31.5,23.0,37.0,68.5788888888889,2.3704862663289115,4.62673223066607,
2014-01-11 00:00:00,aeroporto,Aeroporto SBJV,30.22222222222222,23.0,39.0,71.77111111111111,2.256245964337157,4.11265087170317,
2014-01-12 00:00:00,aeroporto,Aeroporto SBJV,25.666666666666668,22.0,28.0,85.52722222222222,2.341926190830973,3.59856951274028,
2014-01-13 00:00:00,aeroporto,Aeroporto SBJV,26.470588235294116,23.0,32.0,84.28294117647059,1.9353651160956105,3.59856951274028,
2014-01-14 00:00:00,aeroporto,Aeroporto SBJV,27.444444444444443,22.0,36.0,77.68555555555555,1.7136045298763216,3.59856951274028,
2014-01-15 00:00:00,aeroporto,Aeroporto SBJV,26.45,22.0,33.0,80.98049999999999,1.7992847563701386,3.59856951274028,
2014-01-16 00:00:00,aeroporto,Aeroporto SBJV,25.27777777777778,22.0,33.0,88.42444444444445,1.056722793423732,2.05632543585159,
2014-01-17 00:00:00,aeroporto,Aeroporto SBJV,28.333333333333332,22.0,33.0,72.75888888888889,2.456166492822727,5.65489494859186,
2014-01-18 00:00:00,aeroporto,Aeroporto SBJV,29.38888888888889,22.0,34.0,67.50166666666667,2.370486266328913,5.14081358962897,
2014-01-19 00:00:00,aeroporto,Aeroporto SBJV,30.11111111111111,21.0,36.0,64.82666666666667,2.0563254358515857,4.11265087170317,
2014-01-20 00:00:00,aeroporto,Aeroporto SBJV,29.166666666666668,20.0,36.0,62.20666666666667,2.2848060398350967,4.62673223066607,
2014-01-21 00:00:00,aeroporto,Aeroporto SBJV,30.0,20.0,35.0,68.66388888888889,2.2848060398350967,4.62673223066607,
2014-01-22 00:00:00,aeroporto,Aeroporto SBJV,29.77777777777778,24.0,40.0,77.52333333333334,2.027765360353648,8.22530174340635,
2014-01-23 00:00:00,aeroporto,Aeroporto SBJV,31.166666666666668,24.0,38.0,72.91888888888889,2.256245964337157,5.14081358962897,
2014-01-24 00:00:00,aeroporto,Aeroporto SBJV,30.0,23.0,38.0,74.41000000000001,2.170565737843341,6.16897630755476,
2014-01-25 00:00:00,aeroporto,Aeroporto SBJV,28.05263157894737,24.0,33.0,78.78631578947369,4.599675317036444,7.71122038444345,
2014-01-26 00:00:00,aeroporto,Aeroporto SBJV,26.77777777777778,22.0,31.0,83.17277777777777,2.084885511349525,4.62673223066607,
2014-01-27 00:00:00,aeroporto,Aeroporto SBJV,30.166666666666668,25.0,34.0,72.23388888888888,2.0563254358515857,4.11265087170317,
2014-01-28 00:00:00,aeroporto,Aeroporto SBJV,30.210526315789473,25.0,35.0,73.0242105263158,2.0292685222219604,5.14081358962897,
2014-01-29 00:00:00,aeroporto,Aeroporto SBJV,30.72222222222222,23.0,36.0,72.79388888888889,2.484726568320667,6.16897630755476,
2014-01-30 00:00:00,aeroporto,Aeroporto SBJV,29.944444444444443,25.0,35.0,74.41444444444444,2.598966870312422,5.65489494859186,
2014-01-31 00:00:00,aeroporto,Aeroporto SBJV,30.72222222222222,25.0,36.0,75.42500000000001,2.142005662345402,4.62673223066607,
2014-02-01 00:00:00,aeroporto,Aeroporto SBJV,31.61111111111111,26.0,36.0,71.61277777777778,2.370486266328912,5.14081358962897,
2014-02-02 00:00:00,aeroporto,Aeroporto SBJV,30.833333333333332,25.0,36.0,72.22777777777777,2.227685888839219,5.14081358962897,
2014-02-03 00:00:00,aeroporto,Aeroporto SBJV,31.055555555555557,25.0,36.0,74.805,2.5418467193165446,5.65489494859186,
2014-02-04 00:00:00,aeroporto,Aeroporto SBJV,31.27777777777778,25.0,37.0,75.105,2.1420056623454027,5.14081358962897,
2014-02-05 00:00:00,aeroporto,Aeroporto SBJV,31.555555555555557,25.0,36.0,73.75111111111111,2.3704862663289124,4.62673223066607,
2014-02-06 00:00:00,aeroporto,Aeroporto SBJV,31.166666666666668,24.0,37.0,70.25055555555555,1.742164605374261,5.14081358962897,
2014-02-07 00:00:00,aeroporto,Aeroporto SBJV,31.444444444444443,24.0,37.0,71.72611111111111,2.284806039835097,5.14081358962897,
2014-02-08 00:00:00,aeroporto,Aeroporto SBJV,32.27777777777778,25.0,39.0,67.96,2.713207172304176,5.65489494859186,
2014-02-09 00:00:00,aeroporto,Aeroporto SBJV,31.11111111111111,21.0,37.0,69.80888888888889,1.8278448318680764,4.11265087170317,
2014-02-10 00:00:00,aeroporto,Aeroporto SBJV,31.11111111111111,25.0,36.0,73.31777777777778,2.6560870213083003,6.68305766651766,
2014-02-11 00:00:00,aeroporto,Aeroporto SBJV,30.27777777777778,23.0,35.0,71.065,2.313366115333033,5.65489494859186,
2014-02-12 00:00:00,aeroporto,Aeroporto SBJV,30.88888888888889,23.0,37.0,69.2011111111111,2.5132866438186054,5.65489494859186,
2014-02-13 00:00:00,aeroporto,Aeroporto SBJV,29.11764705882353,22.0,35.0,73.29470588235294,2.8425675142654283,6.16897630755476,
2014-02-14 00:00:00,aeroporto,Aeroporto SBJV,24.27777777777778,21.0,29.0,87.18555555555555,2.2562459643371575,5.65489494859186,
2014-02-15 00:00:00,aeroporto,Aeroporto SBJV,23.5,21.0,26.0,76.49777777777778,4.026970645209358,6.68305766651766,
2014-02-16 00:00:00,aeroporto,Aeroporto SBJV,24.833333333333332,22.0,27.0,71.54777777777777,4.655292306164007,7.19713902548055,
2014-02-17 00:00:00,aeroporto,Aeroporto SBJV,24.157894736842106,21.0,28.0,88.3542105263158,3.5173987718513984,5.65489494859186,
2014-02-18 00:00:00,aeroporto,Aeroporto SBJV,23.666666666666668,22.0,25.0,90.53666666666668,2.3419261908309728,4.11265087170317,
2014-02-19 00:00:00,aeroporto,Aeroporto SBJV,25.833333333333332,20.0,31.0,76.73277777777778,2.227685888839218,5.14081358962897,
2014-02-20 00:00:00,aeroporto,Aeroporto SBJV,26.944444444444443,19.0,32.0,73.25,2.084885511349525,3.59856951274028,
2014-02-21 00:00:00,aeroporto,Aeroporto SBJV,27.88888888888889,24.0,31.0,76.26944444444445,1.74216460537426,4.11265087170317,
2014-02-22 00:00:00,aeroporto,Aeroporto SBJV,25.77777777777778,24.0,29.0,91.48666666666666,1.2852033974072397,3.08448815377738,
2014-02-23 00:00:00,aeroporto,Aeroporto SBJV,25.666666666666668,23.0,29.0,91.5461111111111,1.1424030199175474,2.57040679481448,
2014-02-24 00:00:00,aeroporto,Aeroporto SBJV,28.11111111111111,23.0,34.0,78.54222222222222,2.42760641732479,5.14081358962897,
2014-02-25 00:00:00,aeroporto,Aeroporto SBJV,27.88888888888889,21.0,35.0,76.38666666666667,1.7992847563701377,5.14081358962897,
2014-02-26 00:00:00,aeroporto,Aeroporto SBJV,27.77777777777778,22.0,33.0,82.37833333333333,1.5422440768886896,4.11265087170317,
2014-02-27 00:00:00,aeroporto,Aeroporto SBJV,25.166666666666668,22.0,32.0,93.79277777777777,1.7707246808721995,5.14081358962897,
2014-02-28 00:00:00,aeroporto,Aeroporto SBJV,23.444444444444443,22.0,27.0,90.28944444444444,1.9420851338598313,4.11265087170317,
2014-03-01 00:00:00,aeroporto,Aeroporto SBJV,26.22222222222222,21.0,32.0,76.23833333333333,1.9706452093577707,4.62673223066607,
2014-03-02 00:00:00,aeroporto,Aeroporto SBJV,25.555555555555557,21.0,30.0,77.07,2.142005662345403,5.14081358962897,
2014-03-03 00:00:00,aeroporto,Aeroporto SBJV,25.666666666666668,22.0,30.0,80.18055555555556,2.0277653603536465,4.11265087170317,
2014-03-04 00:00:00,aeroporto,Aeroporto SBJV,24.11111111111111,21.0,28.0,92.91166666666668,1.6279243033825055,3.59856951274028,
2014-03-05 00:00:00,aeroporto,Aeroporto SBJV,24.055555555555557,22.0,28.0,90.78222222222222,1.1138429444196078,2.57040679481448,
2014-03-06 00:00:00,aeroporto,Aeroporto SBJV,27.0,19.0,33.0,76.4161111111111,2.370486266328912,6.68305766651766,
2014-03-07 00:00:00,aeroporto,Aeroporto SBJV,26.5,20.0,32.0,73.22555555555556,1.9135250583618928,4.62673223066607,
2014-03-08 00:00:00,aeroporto,Aeroporto SBJV,25.333333333333332,20.0,31.0,81.87166666666667,1.9706452093577704,7.71122038444345,
2014-03-09 00:00:00,aeroporto,Aeroporto SBJV,25.470588235294116,20.0,30.0,83.00294117647059,1.6934444765836587,4.11265087170317,
2014-03-10 00:00:00,aeroporto,Aeroporto SBJV,28.05263157894737,21.0,34.0,80.30736842105263,1.8939839540738301,5.14081358962897,
2014-03-11 00:00:00,aeroporto,Aeroporto SBJV,24.444444444444443,22.0,29.0,88.19,1.5993642278845677,3.59856951274028,
2014-03-12 00:00:00,aeroporto,Aeroporto SBJV,23.27777777777778,22.0,25.0,95.21833333333333,1.3423235484031182,2.57040679481448,
2014-03-13 00:00:00,aeroporto,Aeroporto SBJV,23.36842105263158,22.0,27.0,94.08736842105263,1.0552196315554188,2.57040679481448,
2014-03-14 00:00:00,aeroporto,Aeroporto SBJV,27.555555555555557,20.0,33.0,77.33444444444444,2.0563254358515866,3.59856951274028,
2014-03-15 00:00:00,aeroporto,Aeroporto SBJV,29.11111111111111,23.0,35.0,80.36277777777778,1.7421646053742608,4.11265087170317,
2014-03-16 00:00:00,aeroporto,Aeroporto SBJV,28.27777777777778,22.0,33.0,81.60277777777777,2.027765360353647,4.62673223066607,
2014-03-17 00:00:00,aeroporto,Aeroporto SBJV,29.88888888888889,22.0,37.0,78.795,2.227685888839218,8.73938310236924,
2014-03-18 00:00:00,aeroporto,Aeroporto SBJV,25.444444444444443,21.0,33.0,85.56555555555556,2.370486266328912,7.19713902548055,
2014-03-19 00:00:00,aeroporto,Aeroporto SBJV,27.0,21.0,32.0,84.59944444444444,1.6850444543783825,3.08448815377738,
2014-03-20 00:00:00,aeroporto,Aeroporto SBJV,25.833333333333332,23.0,31.0,84.12666666666667,1.7421646053742612,3.08448815377738,
2014-03-21 00:00:00,aeroporto,Aeroporto SBJV,23.833333333333332,22.0,26.0,93.9538888888889,2.0277653603536474,4.11265087170317,
2014-03-22 00:00:00,aeroporto,Aeroporto SBJV,24.77777777777778,21.0,28.0,77.71722222222223,3.9127303432176026,6.68305766651766,
2014-03-23 00:00:00,aeroporto,Aeroporto SBJV,21.88888888888889,17.0,26.0,69.39277777777778,1.685044454378384,3.59856951274028,
2014-03-24 00:00:00,aeroporto,Aeroporto SBJV,24.944444444444443,19.0,30.0,71.30722222222222,1.9420851338598315,4.11265087170317,
2014-03-25 00:00:00,aeroporto,Aeroporto SBJV,24.11111111111111,19.0,29.0,78.13944444444445,1.5993642278845668,3.08448815377738,
2014-03-26 00:00:00,aeroporto,Aeroporto SBJV,24.88888888888889,17.0,31.0,77.99222222222221,1.8278448318680764,4.11265087170317,
2014-03-27 00:00:00,aeroporto,Aeroporto SBJV,24.944444444444443,20.0,31.0,85.13055555555555,1.8564049073660145,5.14081358962897,
2014-03-28 00:00:00,aeroporto,Aeroporto SBJV,25.555555555555557,20.0,31.0,81.92777777777778,1.8564049073660138,4.62673223066607,
2014-03-29 00:00:00,aeroporto,Aeroporto SBJV,26.88888888888889,20.0,32.0,77.98277777777778,1.856404907366015,4.62673223066607,
2014-03-30 00:00:00,aeroporto,Aeroporto SBJV,25.88888888888889,24.0,29.0,89.31777777777778,1.0281627179257924,2.05632543585159,
2014-03-31 00:00:00,aeroporto,Aeroporto SBJV,25.5,23.0,29.0,91.88388888888889,0.5997615854567123,2.05632543585159,
2014-04-01 00:00:00,aeroporto,Aeroporto SBJV,27.11111111111111,23.0,34.0,83.40444444444444,2.3133661153330345,4.11265087170317,
2014-04-02 00:00:00,aeroporto,Aeroporto SBJV,23.61111111111111,22.0,26.0,88.62444444444445,2.8560075497938704,5.14081358962897,
2014-04-03 00:00:00,aeroporto,Aeroporto SBJV,24.38888888888889,22.0,28.0,89.87944444444445,3.5985695127402764,6.68305766651766,
2014-04-04 00:00:00,aeroporto,Aeroporto SBJV,25.055555555555557,20.0,30.0,80.00222222222222,2.2276858888392175,5.65489494859186,
2014-04-05 00:00:00,aeroporto,Aeroporto SBJV,25.38888888888889,20.0,31.0,82.03888888888889,1.6564843788804446,5.14081358962897,
2014-04-06 00:00:00,aeroporto,Aeroporto SBJV,25.88888888888889,19.0,32.0,75.92833333333334,1.5136840013907509,3.59856951274028,
2014-04-07 00:00:00,aeroporto,Aeroporto SBJV,25.555555555555557,19.0,31.0,82.19666666666666,1.5993642278845668,3.59856951274028,
2014-04-08 00:00:00,aeroporto,Aeroporto SBJV,26.0,20.0,31.0,80.99555555555555,1.5708041523866276,2.57040679481448,
2014-04-09 00:00:00,aeroporto,Aeroporto SBJV,23.77777777777778,22.0,27.0,92.56722222222223,1.627924303382506,3.59856951274028,
2014-04-10 00:00:00,aeroporto,Aeroporto SBJV,24.63157894736842,22.0,29.0,88.38,1.1905041997035497,3.08448815377738,
2014-04-11 00:00:00,aeroporto,Aeroporto SBJV,24.88888888888889,20.0,28.0,88.17277777777778,1.2280832464113636,2.57040679481448,
2014-04-12 00:00:00,aeroporto,Aeroporto SBJV,25.0,22.0,28.0,94.55388888888889,0.9710425669299148,2.05632543585159,
2014-04-13 00:00:00,aeroporto,Aeroporto SBJV,25.176470588235293,22.0,30.0,69.85470588235295,2.9030476741434157,4.11265087170317,
2014-04-14 00:00:00,aeroporto,Aeroporto SBJV,20.61111111111111,18.0,23.0,71.38055555555555,1.4280037748969354,2.57040679481448,
2014-04-15 00:00:00,aeroporto,Aeroporto SBJV,18.941176470588236,18.0,20.0,94.69882352941177,1.1491230376817685,2.05632543585159,
2014-04-16 00:00:00,aeroporto,Aeroporto SBJV,20.833333333333332,18.0,23.0,94.51444444444445,0.742561962946406,2.05632543585159,
2014-04-17 00:00:00,aeroporto,Aeroporto SBJV,23.941176470588236,20.0,28.0,87.97235294117647,1.7236845565226533,6.16897630755476,
2014-04-18 00:00:00,aeroporto,Aeroporto SBJV,25.27777777777778,20.0,31.0,82.005,1.5422440768886898,3.59856951274028,
2014-04-19 00:00:00,aeroporto,Aeroporto SBJV,24.77777777777778,21.0,30.0,87.68777777777778,1.74216460537426,4.11265087170317,
2014-04-20 00:00:00,aeroporto,Aeroporto SBJV,23.77777777777778,20.0,28.0,83.42555555555556,2.1134455868474626,4.62673223066607,
2014-04-21 00:00:00,aeroporto,Aeroporto SBJV,22.61111111111111,20.0,25.0,84.8338888888889,0.8282421894402215,2.57040679481448,
2014-04-22 00:00:00,aeroporto,Aeroporto SBJV,22.333333333333332,19.0,27.0,92.23055555555555,1.8849649828639532,4.11265087170317,
2014-04-23 00:00:00,aeroporto,Aeroporto SBJV,21.0,19.0,23.0,84.94833333333332,1.1995231709134253,2.05632543585159,
2014-04-24 00:00:00,aeroporto,Aeroporto SBJV,20.444444444444443,18.0,22.0,88.99333333333334,1.456563850394873,2.57040679481448,
2014-04-25 00:00:00,aeroporto,Aeroporto SBJV,21.555555555555557,18.0,25.0,78.02666666666667,2.6275269458103594,4.11265087170317,
2014-04-26 00:00:00,aeroporto,Aeroporto SBJV,20.444444444444443,16.0,25.0,77.32666666666667,1.770724680872199,4.62673223066607,
2014-04-27 00:00:00,aeroporto,Aeroporto SBJV,19.72222222222222,16.0,23.0,84.58444444444444,2.027765360353648,5.14081358962897,
2014-04-28 00:00:00,aeroporto,Aeroporto SBJV,19.833333333333332,16.0,25.0,86.49333333333334,1.3423235484031184,2.57040679481448,
2014-04-29 00:00:00,aeroporto,Aeroporto SBJV,20.27777777777778,14.0,26.0,77.75222222222222,1.970645209357769,4.11265087170317,
2014-04-30 00:00:00,aeroporto,Aeroporto SBJV,19.944444444444443,15.0,24.0,86.57777777777778,0.9424824914319774,2.05632543585159,
2014-05-01 00:00:00,aeroporto,Aeroporto SBJV,22.941176470588236,18.0,28.0,75.64,2.268005995424544,5.14081358962897,
2014-05-02 00:00:00,aeroporto,Aeroporto SBJV,21.61111111111111,14.0,27.0,78.26833333333333,1.884964982863954,5.14081358962897,
2014-05-03 00:00:00,aeroporto,Aeroporto SBJV,22.5,16.0,28.0,79.74611111111112,1.9420851338598308,3.59856951274028,
2014-05-04 00:00:00,aeroporto,Aeroporto SBJV,22.444444444444443,16.0,28.0,84.17333333333333,1.4280037748969359,3.08448815377738,
2014-05-05 00:00:00,aeroporto,Aeroporto SBJV,22.333333333333332,18.0,26.0,91.54722222222222,0.9710425669299146,1.54224407688869,
2014-05-06 00:00:00,aeroporto,Aeroporto SBJV,23.666666666666668,19.0,28.0,88.17777777777778,1.056722793423731,2.57040679481448,
2014-05-07 00:00:00,aeroporto,Aeroporto SBJV,23.36842105263158,19.0,29.0,89.75105263157894,1.7857562995553244,4.11265087170317,
2014-05-08 00:00:00,aeroporto,Aeroporto SBJV,24.333333333333332,20.0,30.0,85.12388888888889,1.6850444543783818,3.08448815377738,
2014-05-09 00:00:00,aeroporto,Aeroporto SBJV,21.055555555555557,16.0,27.0,81.5311111111111,1.7707246808721997,4.11265087170317,
2014-05-10 00:00:00,aeroporto,Aeroporto SBJV,18.27777777777778,14.0,22.0,90.92055555555555,1.7421646053742597,5.65489494859186,
2014-05-11 00:00:00,aeroporto,Aeroporto SBJV,19.38888888888889,17.0,23.0,87.55777777777777,0.9996026424278539,3.08448815377738,
2014-05-12 00:00:00,aeroporto,Aeroporto SBJV,20.166666666666668,14.0,26.0,82.04555555555555,1.4565638503948741,4.11265087170317,
2014-05-13 00:00:00,aeroporto,Aeroporto SBJV,20.647058823529413,15.0,26.0,85.1435294117647,1.3608035972547252,2.57040679481448,
2014-05-14 00:00:00,aeroporto,Aeroporto SBJV,21.38888888888889,19.0,24.0,88.78500000000001,1.1138429444196094,2.05632543585159,
2014-05-15 00:00:00,aeroporto,Aeroporto SBJV,22.22222222222222,18.0,27.0,88.155,1.113842944419609,2.57040679481448,
2014-05-16 00:00:00,aeroporto,Aeroporto SBJV,22.11111111111111,19.0,26.0,82.50500000000001,2.3419261908309728,5.65489494859186,
2014-05-17 00:00:00,aeroporto,Aeroporto SBJV,21.055555555555557,16.0,26.0,85.28666666666668,1.428003774896935,4.11265087170317,
2014-05-18 00:00:00,aeroporto,Aeroporto SBJV,22.0,15.0,27.0,81.57777777777778,1.54224407688869,2.57040679481448,
2014-05-19 00:00:00,aeroporto,Aeroporto SBJV,21.5,17.0,25.0,84.37388888888889,1.0567227934237318,3.08448815377738,
2014-05-20 00:00:00,aeroporto,Aeroporto SBJV,22.444444444444443,17.0,27.0,84.50722222222223,1.6279243033825053,4.11265087170317,
2014-05-21 00:00:00,aeroporto,Aeroporto SBJV,22.72222222222222,18.0,27.0,85.47777777777777,1.3423235484031173,3.08448815377738,
2014-05-22 00:00:00,aeroporto,Aeroporto SBJV,21.88888888888889,21.0,24.0,96.12833333333333,1.1709630954154864,2.57040679481448,
2014-05-23 00:00:00,aeroporto,Aeroporto SBJV,16.11111111111111,13.0,20.0,93.72277777777778,2.7703273233000543,5.14081358962897,
2014-05-24 00:00:00,aeroporto,Aeroporto SBJV,15.944444444444445,13.0,18.0,86.94166666666666,1.1138429444196092,2.57040679481448,
2014-05-25 00:00:00,aeroporto,Aeroporto SBJV,16.944444444444443,15.0,19.0,88.97444444444444,0.7140018874484672,1.54224407688869,
2014-05-26 00:00:00,aeroporto,Aeroporto SBJV,20.38888888888889,16.0,25.0,77.27333333333334,1.6850444543783831,4.11265087170317,
2014-05-27 00:00:00,aeroporto,Aeroporto SBJV,18.666666666666668,16.0,21.0,84.19666666666666,1.0852828689216694,2.57040679481448,
2014-05-28 00:00:00,aeroporto,Aeroporto SBJV,19.105263157894736,16.0,22.0,79.37736842105264,1.9480977813330813,3.59856951274028,
2014-05-29 00:00:00,aeroporto,Aeroporto SBJV,18.0,12.0,23.0,78.76777777777778,1.570804152386628,3.08448815377738,
2014-05-30 00:00:00,aeroporto,Aeroporto SBJV,18.72222222222222,14.0,25.0,84.29833333333333,1.0567227934237318,3.59856951274028,
2014-05-31 00:00:00,aeroporto,Aeroporto SBJV,17.444444444444443,14.0,20.0,96.15333333333334,1.0281627179257926,2.05632543585159,
2014-06-01 00:00:00,aeroporto,Aeroporto SBJV,21.444444444444443,16.0,28.0,83.01944444444445,1.0852828689216696,2.57040679481448,
2014-06-02 00:00:00,aeroporto,Aeroporto SBJV,16.27777777777778,10.0,23.0,67.60055555555556,1.97064520935777,4.11265087170317,
2014-06-03 00:00:00,aeroporto,Aeroporto SBJV,14.666666666666666,6.0,23.0,72.38611111111112,1.2566433219093018,2.57040679481448,
2014-06-04 00:00:00,aeroporto,Aeroporto SBJV,16.0,6.0,23.0,77.54833333333333,1.5708041523866285,5.14081358962897,
2014-06-05 00:00:00,aeroporto,Aeroporto SBJV,18.333333333333332,12.0,23.0,89.07055555555556,1.1138429444196083,2.05632543585159,
2014-06-06 00:00:00,aeroporto,Aeroporto SBJV,19.57894736842105,18.0,24.0,95.32842105263158,2.110439263110839,6.16897630755476,
2014-06-07 00:00:00,aeroporto,Aeroporto SBJV,19.0,18.0,20.0,100.0,1.8446448762786287,3.59856951274028,
2014-06-08 00:00:00,aeroporto,Aeroporto SBJV,19.666666666666668,19.0,21.0,98.01888888888888,1.656484378880445,5.14081358962897,
2014-06-09 00:00:00,aeroporto,Aeroporto SBJV,18.235294117647058,16.0,20.0,89.5764705882353,0.9676825580478046,1.54224407688869,
2014-06-10 00:00:00,aeroporto,Aeroporto SBJV,19.0,15.0,22.0,87.04722222222222,1.4565638503948737,3.08448815377738,
2014-06-11 00:00:00,aeroporto,Aeroporto SBJV,19.77777777777778,14.0,24.0,90.1861111111111,1.0567227934237318,2.57040679481448,
2014-06-12 00:00:00,aeroporto,Aeroporto SBJV,22.22222222222222,19.0,27.0,87.80888888888889,1.9992052848557087,5.14081358962897,
2014-06-13 00:00:00,aeroporto,Aeroporto SBJV,21.88235294117647,17.0,26.0,90.7464705882353,0.9676825580478046,2.57040679481448,
2014-06-14 00:00:00,aeroporto,Aeroporto SBJV,21.63157894736842,20.0,24.0,92.98473684210526,2.0292685222219604,3.59856951274028,
2014-06-15 00:00:00,aeroporto,Aeroporto SBJV,19.38888888888889,18.0,20.0,99.665,0.8568022649381607,2.05632543585159,
2014-06-16 00:00:00,aeroporto,Aeroporto SBJV,22.27777777777778,19.0,27.0,83.56833333333333,1.313763472905179,3.59856951274028,
2014-06-17 00:00:00,aeroporto,Aeroporto SBJV,20.88888888888889,17.0,24.0,88.30000000000001,1.5708041523866278,3.08448815377738,
2014-06-18 00:00:00,aeroporto,Aeroporto SBJV,16.333333333333332,15.0,18.0,92.92444444444443,2.5418467193165437,5.65489494859186,
2014-06-19 00:00:00,aeroporto,Aeroporto SBJV,15.11111111111111,13.0,17.0,80.21611111111112,1.0281627179257926,2.57040679481448,
2014-06-20 00:00:00,aeroporto,Aeroporto SBJV,14.944444444444445,11.0,19.0,84.65166666666667,0.742561962946406,2.05632543585159,
2014-06-21 00:00:00,aeroporto,Aeroporto SBJV,16.22222222222222,13.0,20.0,87.12388888888889,1.5708041523866283,3.59856951274028,
2014-06-22 00:00:00,aeroporto,Aeroporto SBJV,18.77777777777778,15.0,23.0,89.49444444444445,1.3137634729051797,2.57040679481448,
2014-06-23 00:00:00,aeroporto,Aeroporto SBJV,19.72222222222222,16.0,23.0,86.95333333333333,1.4280037748969343,3.59856951274028,
2014-06-24 00:00:00,aeroporto,Aeroporto SBJV,19.77777777777778,17.0,24.0,93.42611111111111,1.0567227934237309,2.57040679481448,
2014-06-25 00:00:00,aeroporto,Aeroporto SBJV,20.055555555555557,18.0,21.0,93.14,1.9992052848557096,3.59856951274028,
2014-06-26 00:00:00,aeroporto,Aeroporto SBJV,21.0,17.0,25.0,86.23666666666666,1.7421646053742603,2.57040679481448,
2014-06-27 00:00:00,aeroporto,Aeroporto SBJV,19.5,18.0,21.0,93.50722222222223,1.856404907366016,3.08448815377738,
2014-06-28 00:00:00,aeroporto,Aeroporto SBJV,19.736842105263158,19.0,22.0,96.3,1.7045855586664471,4.62673223066607,
2014-06-29 00:00:00,aeroporto,Aeroporto SBJV,20.944444444444443,15.0,25.0,65.265,3.255848606765012,6.68305766651766,
2014-06-30 00:00:00,aeroporto,Aeroporto SBJV,19.333333333333332,15.0,23.0,52.57611111111111,3.8270501167237856,7.19713902548055,
2014-07-01 00:00:00,aeroporto,Aeroporto SBJV,17.666666666666668,11.0,23.0,62.53666666666667,2.5704067948144833,5.14081358962897,
2014-07-02 00:00:00,aeroporto,Aeroporto SBJV,15.555555555555555,10.0,19.0,82.99888888888889,0.8568022649381601,2.57040679481448,
2014-07-03 00:00:00,aeroporto,Aeroporto SBJV,18.105263157894736,13.0,22.0,87.09315789473685,1.0011058042961662,2.05632543585159,
2014-07-04 00:00:00,aeroporto,Aeroporto SBJV,19.5,17.0,24.0,91.67777777777778,1.599364227884567,5.14081358962897,
2014-07-05 00:00:00,aeroporto,Aeroporto SBJV,19.38888888888889,18.0,20.0,96.98222222222222,0.8568022649381605,2.05632543585159,
2014-07-06 00:00:00,aeroporto,Aeroporto SBJV,19.38888888888889,17.0,22.0,90.50277777777778,1.0567227934237313,2.05632543585159,
2014-07-07 00:00:00,aeroporto,Aeroporto SBJV,17.38888888888889,15.0,20.0,86.75944444444445,2.6846470968062377,4.62673223066607,
2014-07-08 00:00:00,aeroporto,Aeroporto SBJV,15.75,15.0,17.0,86.87125,1.3815936522127845,2.57040679481448,
2014-07-09 00:00:00,aeroporto,Aeroporto SBJV,16.058823529411764,15.0,17.0,95.61882352941177,0.9374424781088095,2.57040679481448,
2014-07-10 00:00:00,aeroporto,Aeroporto SBJV,17.72222222222222,16.0,19.0,92.67944444444444,1.1138429444196094,3.08448815377738,
2014-07-11 00:00:00,aeroporto,Aeroporto SBJV,17.5,14.0,21.0,88.92444444444445,1.1424030199175474,4.62673223066607,
2014-07-12 00:00:00,aeroporto,Aeroporto SBJV,17.88888888888889,16.0,20.0,92.75888888888889,1.428003774896935,2.57040679481448,
2014-07-13 00:00:00,aeroporto,Aeroporto SBJV,18.38888888888889,15.0,21.0,92.43555555555557,1.6850444543783825,3.08448815377738,
2014-07-14 00:00:00,aeroporto,Aeroporto SBJV,18.11111111111111,15.0,21.0,91.57611111111112,1.3708836239010571,2.57040679481448,
2014-07-15 00:00:00,aeroporto,Aeroporto SBJV,19.27777777777778,16.0,23.0,87.35444444444445,1.627924303382505,4.62673223066607,
2014-07-16 00:00:00,aeroporto,Aeroporto SBJV,19.789473684210527,16.0,23.0,88.70157894736843,1.3257887678516802,3.08448815377738,
2014-07-17 00:00:00,aeroporto,Aeroporto SBJV,20.38888888888889,16.0,23.0,87.95611111111111,1.570804152386629,3.59856951274028,
2014-07-18 00:00:00,aeroporto,Aeroporto SBJV,20.11111111111111,11.0,24.0,57.61,3.9127303432176017,8.22530174340635,
2014-07-19 00:00:00,aeroporto,Aeroporto SBJV,14.941176470588236,8.0,21.0,65.98941176470588,1.6027242367666783,3.59856951274028,
2014-07-20 00:00:00,aeroporto,Aeroporto SBJV,16.642857142857142,10.0,21.0,74.05071428571429,1.6156842710262456,3.59856951274028,
2014-07-21 00:00:00,aeroporto,Aeroporto SBJV,16.470588235294116,7.0,21.0,81.70705882352941,1.9353651160956096,5.14081358962897,
2014-07-22 00:00:00,aeroporto,Aeroporto SBJV,18.555555555555557,14.0,23.0,78.1888888888889,2.0563254358515852,4.11265087170317,
2014-07-23 00:00:00,aeroporto,Aeroporto SBJV,18.944444444444443,15.0,23.0,90.09944444444444,1.1424030199175474,2.05632543585159,
2014-07-24 00:00:00,aeroporto,Aeroporto SBJV,18.88888888888889,17.0,20.0,94.28222222222222,2.1420056623454036,5.14081358962897,
2014-07-25 00:00:00,aeroporto,Aeroporto SBJV,15.777777777777779,12.0,19.0,75.79222222222222,1.9135250583618921,5.14081358962897,
2014-07-26 00:00:00,aeroporto,Aeroporto SBJV,15.38888888888889,12.0,19.0,86.08333333333333,1.5422440768886898,5.14081358962897,
2014-07-27 00:00:00,aeroporto,Aeroporto SBJV,14.277777777777779,14.0,16.0,91.97555555555556,1.3994436993989965,2.05632543585159,
2014-07-28 00:00:00,aeroporto,Aeroporto SBJV,14.722222222222221,14.0,15.0,94.47166666666666,1.0567227934237302,1.54224407688869,
2014-07-29 00:00:00,aeroporto,Aeroporto SBJV,17.0,15.0,19.0,93.91733333333333,1.268067352108478,2.05632543585159,
2014-07-30 00:00:00,aeroporto,Aeroporto SBJV,19.0,15.0,23.0,84.500625,1.4137237371479647,2.57040679481448,
2014-07-31 00:00:00,aeroporto,Aeroporto SBJV,18.9375,15.0,23.0,84.7925,1.1888131426016977,3.08448815377738,
2014-08-01 00:00:00,aeroporto,Aeroporto SBJV,18.714285714285715,15.0,24.0,92.12428571428572,1.7625646593013573,2.57040679481448,
2014-08-02 00:00:00,aeroporto,Aeroporto SBJV,18.4,17.0,20.0,90.454,1.1309789897183733,2.05632543585159,
2014-08-03 00:00:00,aeroporto,Aeroporto SBJV,22.11111111111111,13.0,29.0,79.83111111111111,1.5136840013907515,3.08448815377738,
2014-08-04 00:00:00,aeroporto,Aeroporto SBJV,21.77777777777778,15.0,34.0,72.28277777777777,4.255451249192864,11.3097898971837,
2014-08-05 00:00:00,aeroporto,Aeroporto SBJV,15.277777777777779,10.0,19.0,77.99055555555555,1.8564049073660156,5.65489494859186,
2014-08-06 00:00:00,aeroporto,Aeroporto SBJV,17.11111111111111,10.0,22.0,73.42055555555555,2.313366115333035,4.62673223066607,
2014-08-07 00:00:00,aeroporto,Aeroporto SBJV,19.11111111111111,10.0,24.0,80.39111111111112,1.9992052848557096,5.65489494859186,
2014-08-08 00:00:00,aeroporto,Aeroporto SBJV,16.88888888888889,15.0,19.0,69.78222222222222,2.5418467193165446,4.62673223066607,
2014-08-09 00:00:00,aeroporto,Aeroporto SBJV,16.444444444444443,14.0,18.0,83.34055555555557,1.4565638503948732,3.08448815377738,
2014-08-10 00:00:00,aeroporto,Aeroporto SBJV,18.555555555555557,14.0,22.0,86.41277777777778,1.4280037748969336,2.57040679481448,
2014-08-11 00:00:00,aeroporto,Aeroporto SBJV,19.11111111111111,16.0,25.0,92.05666666666667,0.8568022649381608,2.05632543585159,
2014-08-12 00:00:00,aeroporto,Aeroporto SBJV,20.88888888888889,17.0,25.0,87.55222222222223,2.827447474295931,5.14081358962897,
2014-08-13 00:00:00,aeroporto,Aeroporto SBJV,14.5,12.0,17.0,79.28,2.5132866438186054,6.16897630755476,
2014-08-14 00:00:00,aeroporto,Aeroporto SBJV,13.88888888888889,11.0,17.0,71.67722222222223,1.827844831868077,4.62673223066607,
2014-08-15 00:00:00,aeroporto,Aeroporto SBJV,15.777777777777779,13.0,18.0,88.41666666666667,0.9424824914319763,2.05632543585159,
2014-08-16 00:00:00,aeroporto,Aeroporto SBJV,17.666666666666668,16.0,19.0,98.64388888888888,1.542244076888689,4.11265087170317,
2014-08-17 00:00:00,aeroporto,Aeroporto SBJV,19.27777777777778,17.0,22.0,91.22611111111111,0.9424824914319768,3.08448815377738,
2014-08-18 00:00:00,aeroporto,Aeroporto SBJV,19.944444444444443,18.0,23.0,87.89555555555555,1.3423235484031177,3.08448815377738,
2014-08-19 00:00:00,aeroporto,Aeroporto SBJV,20.055555555555557,15.0,24.0,81.68833333333333,1.8564049073660154,3.08448815377738,
2014-08-20 00:00:00,aeroporto,Aeroporto SBJV,18.666666666666668,15.0,23.0,87.71444444444444,1.3708836239010578,3.08448815377738,
2014-08-21 00:00:00,aeroporto,Aeroporto SBJV,18.842105263157894,11.0,24.0,82.9121052631579,1.2987318542220538,3.08448815377738,
2014-08-22 00:00:00,aeroporto,Aeroporto SBJV,20.526315789473685,14.0,28.0,84.90631578947368,1.6775286450368205,3.59856951274028,
2014-08-23 00:00:00,aeroporto,Aeroporto SBJV,19.894736842105264,18.0,22.0,90.25157894736842,1.2987318542220543,2.57040679481448,
2014-08-24 00:00:00,aeroporto,Aeroporto SBJV,20.789473684210527,17.0,25.0,86.1521052631579,1.2716749405924284,3.08448815377738,
2014-08-25 00:00:00,aeroporto,Aeroporto SBJV,23.833333333333332,16.0,33.0,75.64,2.113445586847464,4.62673223066607,
2014-08-26 00:00:00,aeroporto,Aeroporto SBJV,19.333333333333332,15.0,25.0,61.04222222222222,2.1705657378433423,3.59856951274028,
2014-08-27 00:00:00,aeroporto,Aeroporto SBJV,15.5,9.0,21.0,63.33444444444444,2.4847265683206676,5.14081358962897,
2014-08-28 00:00:00,aeroporto,Aeroporto SBJV,16.0,12.0,18.0,77.33611111111111,1.9135250583618921,5.14081358962897,
2014-08-29 00:00:00,aeroporto,Aeroporto SBJV,16.77777777777778,13.0,19.0,78.04944444444445,1.3994436993989958,3.08448815377738,
2014-08-30 00:00:00,aeroporto,Aeroporto SBJV,19.444444444444443,14.0,23.0,71.62055555555555,2.513286643818606,5.14081358962897,
2014-08-31 00:00:00,aeroporto,Aeroporto SBJV,17.27777777777778,14.0,21.0,93.42222222222222,3.055928078279441,7.71122038444345,
2014-09-01 00:00:00,aeroporto,Aeroporto SBJV,20.473684210526315,13.0,27.0,79.58736842105263,3.138601981036633,9.25346446133214,
2014-09-02 00:00:00,aeroporto,Aeroporto SBJV,17.88235294117647,17.0,20.0,92.95588235294117,2.2377659154855496,8.73938310236924,
2014-09-03 00:00:00,aeroporto,Aeroporto SBJV,19.4,13.0,27.0,86.729,3.5985695127402764,8.22530174340635,
2014-09-04 00:00:00,aeroporto,Aeroporto SBJV,18.444444444444443,14.0,22.0,85.35777777777778,2.513286643818606,6.16897630755476,
2014-09-05 00:00:00,aeroporto,Aeroporto SBJV,18.72222222222222,16.0,21.0,81.91222222222223,3.2272885312670736,5.14081358962897,
2014-09-06 00:00:00,aeroporto,Aeroporto SBJV,20.055555555555557,16.0,23.0,82.35166666666666,2.084885511349525,4.62673223066607,
2014-09-07 00:00:00,aeroporto,Aeroporto SBJV,20.666666666666668,18.0,23.0,86.78611111111111,2.19912581334128,4.11265087170317,
2014-09-08 00:00:00,aeroporto,Aeroporto SBJV,21.61111111111111,18.0,25.0,80.52222222222223,1.9992052848557083,4.62673223066607,
2014-09-09 00:00:00,aeroporto,Aeroporto SBJV,22.27777777777778,19.0,26.0,85.36888888888889,1.627924303382506,3.59856951274028,
2014-09-10 00:00:00,aeroporto,Aeroporto SBJV,24.157894736842106,19.0,31.0,80.21947368421053,1.6504717314071946,4.11265087170317,
2014-09-11 00:00:00,aeroporto,Aeroporto SBJV,20.0,19.0,21.0,85.43166666666667,3.884170267719665,6.68305766651766,
2014-09-12 00:00:00,aeroporto,Aeroporto SBJV,19.166666666666668,17.0,21.0,95.71666666666667,2.2276858888392193,4.11265087170317,
2014-09-13 00:00:00,aeroporto,Aeroporto SBJV,23.11764705882353,18.0,28.0,79.13117647058823,1.9051250361566165,3.08448815377738,
2014-09-14 00:00:00,aeroporto,Aeroporto SBJV,21.88888888888889,17.0,25.0,80.03444444444443,2.0848855113495253,4.62673223066607,
2014-09-15 00:00:00,aeroporto,Aeroporto SBJV,23.11111111111111,19.0,27.0,81.82388888888889,1.8564049073660156,5.65489494859186,
2014-09-16 00:00:00,aeroporto,Aeroporto SBJV,21.055555555555557,14.0,25.0,66.86277777777778,3.1130482292753188,6.68305766651766,
2014-09-17 00:00:00,aeroporto,Aeroporto SBJV,19.27777777777778,17.0,21.0,80.36444444444444,1.9135250583618924,5.14081358962897,
2014-09-18 00:00:00,aeroporto,Aeroporto SBJV,19.88888888888889,17.0,23.0,89.12111111111112,2.1705657378433414,5.14081358962897,
2014-09-19 00:00:00,aeroporto,Aeroporto SBJV,20.63157894736842,19.0,22.0,92.92947368421054,1.9751546949627068,5.14081358962897,
2014-09-20 00:00:00,aeroporto,Aeroporto SBJV,23.77777777777778,19.0,28.0,76.80277777777778,2.1705657378433405,5.65489494859186,
2014-09-21 00:00:00,aeroporto,Aeroporto SBJV,21.444444444444443,18.0,26.0,68.41722222222222,3.5414493617443976,10.2816271792579,
2014-09-22 00:00:00,aeroporto,Aeroporto SBJV,18.38888888888889,13.0,22.0,78.185,2.0848855113495244,4.11265087170317,
2014-09-23 00:00:00,aeroporto,Aeroporto SBJV,20.77777777777778,15.0,24.0,79.87888888888888,2.8845676252918078,4.62673223066607,
2014-09-24 00:00:00,aeroporto,Aeroporto SBJV,19.157894736842106,17.0,20.0,95.87789473684211,1.893983954073829,4.11265087170317,
2014-09-25 00:00:00,aeroporto,Aeroporto SBJV,19.944444444444443,18.0,22.0,93.13611111111112,2.1420056623454027,4.11265087170317,
2014-09-26 00:00:00,aeroporto,Aeroporto SBJV,22.666666666666668,19.0,27.0,85.58111111111111,3.5414493617444007,8.22530174340635,
2014-09-27 00:00:00,aeroporto,Aeroporto SBJV,17.72222222222222,17.0,18.0,96.25999999999999,1.7707246808721995,3.08448815377738,
2014-09-28 00:00:00,aeroporto,Aeroporto SBJV,18.555555555555557,17.0,19.0,98.3111111111111,0.7711220384443438,1.54224407688869,
2014-09-29 00:00:00,aeroporto,Aeroporto SBJV,21.055555555555557,19.0,25.0,90.56444444444445,2.513286643818605,6.16897630755476,
2014-09-30 00:00:00,aeroporto,Aeroporto SBJV,21.944444444444443,18.0,25.0,86.65944444444443,2.88456762529181,5.65489494859186,
2014-10-01 00:00:00,aeroporto,Aeroporto SBJV,23.38888888888889,20.0,29.0,80.19722222222222,4.569612079670192,8.22530174340635,
2014-10-02 00:00:00,aeroporto,Aeroporto SBJV,20.27777777777778,16.0,23.0,67.87166666666667,4.255451249192867,7.19713902548055,
2014-10-03 00:00:00,aeroporto,Aeroporto SBJV,18.5,16.0,21.0,69.63444444444445,2.3990463418268515,5.14081358962897,
2014-10-04 00:00:00,aeroporto,Aeroporto SBJV,19.88888888888889,17.0,22.0,63.39500000000001,4.455371777678439,6.68305766651766,
2014-10-05 00:00:00,aeroporto,Aeroporto SBJV,20.166666666666668,14.0,23.0,65.73888888888888,3.5128892862464602,5.14081358962897,
2014-10-06 00:00:00,aeroporto,Aeroporto SBJV,20.666666666666668,15.0,24.0,72.90555555555555,2.7988873987979934,6.16897630755476,
2014-10-07 00:00:00,aeroporto,Aeroporto SBJV,21.5,18.0,25.0,77.63222222222223,1.9135250583618937,4.62673223066607,
2014-10-08 00:00:00,aeroporto,Aeroporto SBJV,22.11111111111111,17.0,25.0,80.72055555555556,1.942085133859832,4.62673223066607,
2014-10-09 00:00:00,aeroporto,Aeroporto SBJV,23.27777777777778,19.0,26.0,79.72888888888889,2.4847265683206676,6.16897630755476,
2014-10-10 00:00:00,aeroporto,Aeroporto SBJV,24.0,20.0,29.0,81.75722222222223,1.4851239258928128,3.08448815377738,
2014-10-11 00:00:00,aeroporto,Aeroporto SBJV,23.166666666666668,21.0,25.0,83.53333333333335,2.5989668703124207,4.11265087170317,
2014-10-12 00:00:00,aeroporto,Aeroporto SBJV,24.27777777777778,19.0,29.0,82.53277777777778,2.027765360353648,3.59856951274028,
2014-10-13 00:00:00,aeroporto,Aeroporto SBJV,22.944444444444443,21.0,25.0,89.88666666666667,2.484726568320666,5.65489494859186,
2014-10-14 00:00:00,aeroporto,Aeroporto SBJV,24.11764705882353,21.0,28.0,83.92470588235294,4.112650871703174,6.68305766651766,
2014-10-15 00:00:00,aeroporto,Aeroporto SBJV,22.38888888888889,21.0,24.0,89.89333333333333,1.6279243033825057,2.57040679481448,
2014-10-16 00:00:00,aeroporto,Aeroporto SBJV,23.444444444444443,22.0,27.0,83.46611111111112,3.1987284557691344,5.65489494859186,
2014-10-17 00:00:00,aeroporto,Aeroporto SBJV,23.705882352941178,20.0,29.0,84.71,3.0844881537773796,6.16897630755476,
2014-10-18 00:00:00,aeroporto,Aeroporto SBJV,23.22222222222222,21.0,27.0,82.745,3.9984105697114183,8.22530174340635,
2014-10-19 01:00:00,aeroporto,Aeroporto SBJV,22.833333333333332,18.0,29.0,85.57333333333332,3.370088908756766,7.19713902548055,
2014-10-20 00:00:00,aeroporto,Aeroporto SBJV,21.933333333333334,20.0,24.0,78.08,2.638950976009537,4.62673223066607,
2014-10-21 00:00:00,aeroporto,Aeroporto SBJV,19.823529411764707,16.0,23.0,79.75529411764705,2.5704067948144838,6.16897630755476,
2014-10-22 00:00:00,aeroporto,Aeroporto SBJV,20.88888888888889,16.0,23.0,72.22055555555556,2.513286643818606,5.65489494859186,
2014-10-23 00:00:00,aeroporto,Aeroporto SBJV,21.833333333333332,15.0,25.0,77.48,2.5704067948144824,5.14081358962897,
2014-10-24 00:00:00,aeroporto,Aeroporto SBJV,23.352941176470587,20.0,26.0,78.31941176470589,2.2377659154855505,4.11265087170317,
2014-10-25 00:00:00,aeroporto,Aeroporto SBJV,24.444444444444443,20.0,28.0,76.92444444444443,2.370486266328911,5.14081358962897,
2014-10-26 00:00:00,aeroporto,Aeroporto SBJV,23.833333333333332,22.0,25.0,84.38222222222223,2.39904634182685,5.65489494859186,
2014-10-27 00:00:00,aeroporto,Aeroporto SBJV,24.38888888888889,20.0,28.0,76.09055555555557,2.5418467193165433,5.14081358962897,
2014-10-28 00:00:00,aeroporto,Aeroporto SBJV,23.833333333333332,17.0,29.0,70.49111111111111,2.7132071723041764,4.62673223066607,
2014-10-29 00:00:00,aeroporto,Aeroporto SBJV,24.055555555555557,16.0,29.0,72.70611111111111,2.7988873987979925,4.62673223066607,
2014-10-30 00:00:00,aeroporto,Aeroporto SBJV,25.555555555555557,19.0,29.0,78.53333333333335,3.227288531267074,8.22530174340635,
2014-10-31 00:00:00,aeroporto,Aeroporto SBJV,24.833333333333332,22.0,27.0,82.12611111111111,2.199125813341279,3.59856951274028,
2014-11-01 00:00:00,aeroporto,Aeroporto SBJV,24.9375,22.0,27.0,85.754375,2.377626285203397,5.14081358962897,
2014-11-02 00:00:00,aeroporto,Aeroporto SBJV,23.05263157894737,22.0,24.0,93.57368421052631,1.4340164223701855,2.57040679481448,
2014-11-03 00:00:00,aeroporto,Aeroporto SBJV,25.333333333333332,22.0,29.0,84.51944444444445,1.7992847563701377,3.59856951274028,
2014-11-04 00:00:00,aeroporto,Aeroporto SBJV,24.0,22.0,26.0,94.92166666666667,1.7992847563701386,4.62673223066607,
2014-11-05 00:00:00,aeroporto,Aeroporto SBJV,19.944444444444443,18.0,21.0,85.70055555555557,2.056325435851586,3.08448815377738,
2014-11-06 00:00:00,aeroporto,Aeroporto SBJV,22.0,18.0,24.0,84.92,2.1991258133412788,4.11265087170317,
2014-11-07 00:00:00,aeroporto,Aeroporto SBJV,22.555555555555557,21.0,25.0,86.90555555555555,2.427606417324789,4.62673223066607,
2014-11-08 00:00:00,aeroporto,Aeroporto SBJV,23.88888888888889,19.0,27.0,78.43777777777778,3.5414493617443994,7.19713902548055,
2014-11-09 00:00:00,aeroporto,Aeroporto SBJV,24.11111111111111,18.0,28.0,74.29277777777777,2.598966870312422,6.68305766651766,
2014-11-10 00:00:00,aeroporto,Aeroporto SBJV,24.833333333333332,18.0,29.0,75.61777777777777,2.570406794814482,6.16897630755476,
2014-11-11 00:00:00,aeroporto,Aeroporto SBJV,23.944444444444443,17.0,28.0,73.7088888888889,2.6846470968062377,5.14081358962897,
2014-11-12 00:00:00,aeroporto,Aeroporto SBJV,24.444444444444443,20.0,27.0,74.39277777777778,2.313366115333034,4.62673223066607,
2014-11-13 00:00:00,aeroporto,Aeroporto SBJV,24.0,21.0,27.0,75.88117647058823,4.203371111520156,6.68305766651766,
2014-11-14 00:00:00,aeroporto,Aeroporto SBJV,20.166666666666668,19.0,23.0,82.55388888888889,2.341926190830973,4.62673223066607,
2014-11-15 00:00:00,aeroporto,Aeroporto SBJV,21.444444444444443,16.0,25.0,72.71944444444445,2.7988873987979925,6.16897630755476,
2014-11-16 00:00:00,aeroporto,Aeroporto SBJV,22.61111111111111,15.0,26.0,69.22333333333333,2.6275269458103607,5.65489494859186,
2014-11-17 00:00:00,aeroporto,Aeroporto SBJV,21.77777777777778,16.0,26.0,67.7038888888889,2.4276064173247893,5.65489494859186,
2014-11-18 00:00:00,aeroporto,Aeroporto SBJV,22.166666666666668,14.0,26.0,69.015,3.1130482292753174,5.65489494859186,
2014-11-19 00:00:00,aeroporto,Aeroporto SBJV,23.77777777777778,19.0,26.0,73.44388888888889,2.741767247802115,5.14081358962897,
2014-11-20 00:00:00,aeroporto,Aeroporto SBJV,22.444444444444443,20.0,26.0,86.14277777777778,1.6850444543783833,3.08448815377738,
2014-11-21 00:00:00,aeroporto,Aeroporto SBJV,24.0,21.0,27.0,86.35666666666667,1.485123925892812,3.08448815377738,
2014-11-22 00:00:00,aeroporto,Aeroporto SBJV,25.94736842105263,22.0,31.0,85.33526315789473,1.7857562995553249,4.11265087170317,
2014-11-23 00:00:00,aeroporto,Aeroporto SBJV,22.11111111111111,21.0,23.0,90.67166666666668,1.7992847563701393,3.59856951274028,
2014-11-24 00:00:00,aeroporto,Aeroporto SBJV,24.11111111111111,20.0,27.0,80.90777777777777,2.970247851785625,4.62673223066607,
2014-11-25 00:00:00,aeroporto,Aeroporto SBJV,23.0,22.0,24.0,97.71444444444444,1.1995231709134246,3.59856951274028,
2014-11-26 00:00:00,aeroporto,Aeroporto SBJV,25.27777777777778,23.0,28.0,86.08444444444444,3.284408682262951,6.16897630755476,
2014-11-27 00:00:00,aeroporto,Aeroporto SBJV,24.88888888888889,19.0,29.0,74.67444444444445,2.7988873987979925,5.65489494859186,
2014-11-28 00:00:00,aeroporto,Aeroporto SBJV,24.38888888888889,20.0,27.0,78.23388888888888,2.227685888839219,5.65489494859186,
2014-11-29 00:00:00,aeroporto,Aeroporto SBJV,24.105263157894736,19.0,28.0,78.70578947368422,2.705691362962614,5.14081358962897,
2014-11-30 00:00:00,aeroporto,Aeroporto SBJV,24.555555555555557,22.0,26.0,80.03166666666667,2.9702478517856257,4.62673223066607,
2014-12-01 00:00:00,aeroporto,Aeroporto SBJV,26.11111111111111,22.0,29.0,78.195,2.2276858888392197,4.62673223066607,
2014-12-02 00:00:00,aeroporto,Aeroporto SBJV,26.72222222222222,23.0,30.0,78.21555555555557,2.4847265683206663,4.11265087170317,
2014-12-03 00:00:00,aeroporto,Aeroporto SBJV,27.77777777777778,22.0,33.0,78.44333333333333,3.141608304773258,5.14081358962897,
2014-12-04 00:00:00,aeroporto,Aeroporto SBJV,23.055555555555557,20.0,26.0,77.11722222222222,2.4561664928227276,4.62673223066607,
2014-12-05 00:00:00,aeroporto,Aeroporto SBJV,23.5,18.0,27.0,70.52777777777777,3.8270501167237847,6.16897630755476,
2014-12-06 00:00:00,aeroporto,Aeroporto SBJV,23.22222222222222,17.0,27.0,74.57333333333332,2.170565737843342,5.14081358962897,
2014-12-07 00:00:00,aeroporto,Aeroporto SBJV,26.11111111111111,21.0,29.0,80.61777777777779,2.4847265683206663,4.62673223066607,
2014-12-08 00:00:00,aeroporto,Aeroporto SBJV,27.055555555555557,23.0,31.0,76.19166666666666,2.541846719316544,6.16897630755476,
2014-12-09 00:00:00,aeroporto,Aeroporto SBJV,25.72222222222222,23.0,29.0,86.03166666666667,2.1420056623454027,6.16897630755476,
2014-12-10 00:00:00,aeroporto,Aeroporto SBJV,25.72222222222222,22.0,29.0,86.96666666666667,1.6564843788804442,4.11265087170317,
2014-12-11 00:00:00,aeroporto,Aeroporto SBJV,27.055555555555557,23.0,31.0,83.87611111111111,2.1420056623454022,6.68305766651766,
2014-12-12 00:00:00,aeroporto,Aeroporto SBJV,26.88235294117647,24.0,30.0,84.55,1.6632043966446663,4.62673223066607,
2014-12-13 00:00:00,aeroporto,Aeroporto SBJV,26.27777777777778,22.0,31.0,83.76111111111112,2.3990463418268515,6.16897630755476,
2014-12-14 00:00:00,aeroporto,Aeroporto SBJV,24.666666666666668,22.0,27.0,72.51111111111112,3.941290418715541,7.19713902548055,
2014-12-15 00:00:00,aeroporto,Aeroporto SBJV,22.61111111111111,20.0,25.0,80.47222222222223,2.084885511349525,5.14081358962897,
2014-12-16 00:00:00,aeroporto,Aeroporto SBJV,23.27777777777778,20.0,27.0,79.185,1.8564049073660156,4.62673223066607,
2014-12-17 00:00:00,aeroporto,Aeroporto SBJV,24.61111111111111,18.0,29.0,74.27055555555556,2.6275269458103607,5.65489494859186,
2014-12-18 00:00:00,aeroporto,Aeroporto SBJV,26.22222222222222,20.0,30.0,78.27944444444444,2.998807927283564,5.65489494859186,
2014-12-19 00:00:00,aeroporto,Aeroporto SBJV,23.1,21.0,26.0,92.687,1.8249888243182824,5.14081358962897,
2014-12-20 00:00:00,aeroporto,Aeroporto SBJV,27.333333333333332,20.0,31.0,79.21222222222222,2.5989668703124216,5.14081358962897,
2014-12-21 00:00:00,aeroporto,Aeroporto SBJV,28.0,23.0,32.0,84.78777777777778,1.9992052848557096,3.59856951274028,
2014-12-22 00:00:00,aeroporto,Aeroporto SBJV,22.555555555555557,21.0,25.0,95.74277777777779,2.627526945810361,5.65489494859186,
2014-12-23 00:00:00,aeroporto,Aeroporto SBJV,20.11764705882353,19.0,21.0,91.71176470588236,2.2377659154855514,4.62673223066607,
2014-12-24 00:00:00,aeroporto,Aeroporto SBJV,19.22222222222222,18.0,20.0,97.31444444444445,1.8849649828639536,4.11265087170317,
2014-12-25 00:00:00,aeroporto,Aeroporto SBJV,21.27777777777778,19.0,23.0,98.01444444444445,1.113842944419609,2.05632543585159,
2014-12-26 00:00:00,aeroporto,Aeroporto SBJV,25.27777777777778,22.0,30.0,87.98333333333333,2.142005662345403,5.14081358962897,
2014-12-27 00:00:00,aeroporto,Aeroporto SBJV,26.157894736842106,23.0,29.0,88.95578947368422,1.6775286450368205,3.08448815377738,
2014-12-28 00:00:00,aeroporto,Aeroporto SBJV,27.666666666666668,24.0,34.0,83.76055555555556,2.427606417324789,5.14081358962897,
2014-12-29 00:00:00,aeroporto,Aeroporto SBJV,25.77777777777778,23.0,31.0,88.35888888888888,1.6850444543783838,4.62673223066607,
2014-12-30 00:00:00,aeroporto,Aeroporto SBJV,27.444444444444443,23.0,31.0,79.73888888888888,1.9992052848557096,3.59856951274028,
2014-12-31 00:00:00,aeroporto,Aeroporto SBJV,26.38888888888889,23.0,30.0,83.71111111111111,2.3419261908309736,4.62673223066607,
2015-01-01 00:00:00,aeroporto,Aeroporto SBJV,28.77777777777778,22.0,34.0,78.09777777777778,2.056325435851586,5.14081358962897,
2015-01-02 00:00:00,aeroporto,Aeroporto SBJV,27.055555555555557,21.0,35.0,76.49833333333333,4.483931853176376,8.22530174340635,
2015-01-03 00:00:00,aeroporto,Aeroporto SBJV,23.055555555555557,21.0,25.0,87.05111111111111,1.4851239258928122,2.57040679481448,
2015-01-04 00:00:00,aeroporto,Aeroporto SBJV,24.5,21.0,27.0,86.95166666666667,1.599364227884567,4.11265087170317,
2015-01-05 00:00:00,aeroporto,Aeroporto SBJV,25.61111111111111,23.0,28.0,87.03666666666668,2.3990463418268515,5.65489494859186,
2015-01-06 00:00:00,aeroporto,Aeroporto SBJV,26.77777777777778,23.0,30.0,85.37666666666667,2.170565737843341,5.14081358962897,
2015-01-07 00:00:00,aeroporto,Aeroporto SBJV,26.666666666666668,24.0,31.0,86.75555555555555,2.084885511349525,5.14081358962897,
2015-01-08 00:00:00,aeroporto,Aeroporto SBJV,29.11111111111111,24.0,34.0,74.50277777777778,2.6275269458103616,6.16897630755476,
2015-01-09 00:00:00,aeroporto,Aeroporto SBJV,28.57894736842105,23.0,34.0,77.04421052631578,2.0292685222219595,4.11265087170317,
2015-01-10 00:00:00,aeroporto,Aeroporto SBJV,26.833333333333332,24.0,34.0,84.45944444444444,1.8278448318680764,7.71122038444345,
2015-01-11 00:00:00,aeroporto,Aeroporto SBJV,28.333333333333332,22.0,34.0,77.70944444444444,2.1991258133412788,7.19713902548055,
2015-01-12 00:00:00,aeroporto,Aeroporto SBJV,29.61111111111111,22.0,37.0,73.28222222222222,2.7417672478021156,6.68305766651766,
2015-01-13 00:00:00,aeroporto,Aeroporto SBJV,28.11764705882353,23.0,32.0,81.11470588235295,3.1449683136553697,5.65489494859186,
2015-01-14 00:00:00,aeroporto,Aeroporto SBJV,28.61111111111111,23.0,33.0,73.17388888888888,2.2276858888392184,5.14081358962897,
2015-01-15 00:00:00,aeroporto,Aeroporto SBJV,27.555555555555557,22.0,31.0,78.87777777777778,3.484329210748522,6.16897630755476,
2015-01-16 00:00:00,aeroporto,Aeroporto SBJV,28.27777777777778,24.0,31.0,80.46277777777777,2.027765360353648,4.62673223066607,
2015-01-17 00:00:00,aeroporto,Aeroporto SBJV,29.333333333333332,24.0,35.0,81.85388888888889,2.2276858888392193,5.14081358962897,
2015-01-18 00:00:00,aeroporto,Aeroporto SBJV,27.88888888888889,22.0,32.0,81.87666666666667,2.313366115333034,5.65489494859186,
2015-01-19 00:00:00,aeroporto,Aeroporto SBJV,27.77777777777778,24.0,33.0,81.28222222222222,2.227685888839217,4.62673223066607,
2015-01-20 00:00:00,aeroporto,Aeroporto SBJV,27.210526315789473,22.0,33.0,83.09,2.4892360539256044,5.65489494859186,
2015-01-21 00:00:00,aeroporto,Aeroporto SBJV,25.8125,24.0,27.0,77.798125,3.1166182387125594,5.65489494859186,
2015-01-22 00:00:00,aeroporto,Aeroporto SBJV,22.105263157894736,21.0,24.0,92.72105263157896,2.6515775357033626,6.68305766651766,
2015-01-23 00:00:00,aeroporto,Aeroporto SBJV,24.77777777777778,19.0,28.0,75.01166666666667,2.770327323300054,6.16897630755476,
2015-01-24 00:00:00,aeroporto,Aeroporto SBJV,26.705882352941178,21.0,30.0,74.23941176470588,2.2982460753635374,4.62673223066607,
2015-01-25 00:00:00,aeroporto,Aeroporto SBJV,24.77777777777778,21.0,30.0,86.85388888888889,2.456166492822729,5.14081358962897,
2015-01-26 00:00:00,aeroporto,Aeroporto SBJV,27.88888888888889,20.0,33.0,72.26444444444445,2.056325435851587,3.59856951274028,
2015-01-27 00:00:00,aeroporto,Aeroporto SBJV,26.38888888888889,24.0,32.0,86.87944444444445,1.799284756370137,5.65489494859186,
2015-01-28 00:00:00,aeroporto,Aeroporto SBJV,26.444444444444443,23.0,32.0,88.50611111111111,2.6846470968062355,25.7040679481448,
2015-01-29 00:00:00,aeroporto,Aeroporto SBJV,29.055555555555557,23.0,34.0,69.85611111111112,3.798490041225847,7.71122038444345,
2015-01-30 00:00:00,aeroporto,Aeroporto SBJV,21.666666666666668,21.0,24.0,92.52388888888889,1.7992847563701386,2.57040679481448,
2015-01-31 00:00:00,aeroporto,Aeroporto SBJV,22.944444444444443,21.0,25.0,88.45333333333333,1.4565638503948737,2.57040679481448,
2015-02-01 00:00:00,aeroporto,Aeroporto SBJV,24.77777777777778,22.0,27.0,82.86666666666666,1.7707246808721995,5.14081358962897,
2015-02-02 00:00:00,aeroporto,Aeroporto SBJV,26.5,21.0,30.0,80.77833333333334,2.513286643818606,6.16897630755476,
2015-02-03 00:00:00,aeroporto,Aeroporto SBJV,26.0,22.0,31.0,84.99777777777778,2.3704862663289124,5.14081358962897,
2015-02-04 00:00:00,aeroporto,Aeroporto SBJV,24.0,21.0,27.0,91.67,2.3133661153330345,5.65489494859186,
2015-02-05 00:00:00,aeroporto,Aeroporto SBJV,22.72222222222222,21.0,25.0,91.11222222222221,1.9135250583618928,3.59856951274028,
2015-02-06 00:00:00,aeroporto,Aeroporto SBJV,25.38888888888889,19.0,28.0,78.09166666666667,2.713207172304177,6.16897630755476,
2015-02-07 00:00:00,aeroporto,Aeroporto SBJV,26.0,21.0,30.0,76.34611111111111,2.3990463418268506,4.11265087170317,
2015-02-08 00:00:00,aeroporto,Aeroporto SBJV,26.444444444444443,23.0,30.0,77.21,2.1420056623454027,3.59856951274028,
2015-02-09 00:00:00,aeroporto,Aeroporto SBJV,27.555555555555557,22.0,31.0,78.58333333333333,2.313366115333034,4.62673223066607,
2015-02-10 00:00:00,aeroporto,Aeroporto SBJV,27.526315789473685,23.0,32.0,85.61473684210527,2.0022116085923347,5.14081358962897,
2015-02-11 00:00:00,aeroporto,Aeroporto SBJV,29.0,23.0,34.0,81.33944444444444,2.570406794814483,5.65489494859186,
2015-02-12 00:00:00,aeroporto,Aeroporto SBJV,27.333333333333332,23.0,33.0,88.665,2.427606417324789,5.65489494859186,
2015-02-13 00:00:00,aeroporto,Aeroporto SBJV,25.23076923076923,23.0,29.0,88.50153846153846,2.2540490354527005,6.68305766651766,
2015-02-14 00:00:00,aeroporto,Aeroporto SBJV,23.157894736842106,22.0,24.0,95.97368421052632,2.083382349481213,4.11265087170317,
2015-02-15 00:00:00,aeroporto,Aeroporto SBJV,23.5,22.0,25.0,89.40944444444443,1.7992847563701377,4.11265087170317,
2015-02-16 00:00:00,aeroporto,Aeroporto SBJV,24.11111111111111,21.0,27.0,84.07666666666667,2.2848060398350962,4.62673223066607,
2015-02-17 00:00:00,aeroporto,Aeroporto SBJV,22.666666666666668,21.0,26.0,93.76944444444445,1.428003774896935,3.08448815377738,
2015-02-18 00:00:00,aeroporto,Aeroporto SBJV,24.333333333333332,21.0,27.0,90.02055555555555,1.9420851338598315,4.11265087170317,
2015-02-19 00:00:00,aeroporto,Aeroporto SBJV,26.5,22.0,30.0,86.69611111111111,2.0277653603536474,4.11265087170317,
2015-02-20 00:00:00,aeroporto,Aeroporto SBJV,26.555555555555557,23.0,32.0,85.87833333333333,1.9420851338598313,5.65489494859186,
2015-02-21 00:00:00,aeroporto,Aeroporto SBJV,26.0,24.0,28.0,92.23666666666666,2.9131277007897483,6.16897630755476,
2015-02-22 00:00:00,aeroporto,Aeroporto SBJV,26.41176470588235,23.0,30.0,84.2564705882353,2.056325435851586,5.14081358962897,
2015-02-23 00:00:00,aeroporto,Aeroporto SBJV,27.27777777777778,23.0,31.0,84.61611111111111,1.5708041523866278,3.59856951274028,
2015-02-24 00:00:00,aeroporto,Aeroporto SBJV,23.526315789473685,21.0,26.0,91.08052631578947,2.056325435851586,4.62673223066607,
2015-02-25 00:00:00,aeroporto,Aeroporto SBJV,25.05263157894737,19.0,30.0,83.42,1.9480977813330813,3.59856951274028,
2015-02-26 00:00:00,aeroporto,Aeroporto SBJV,27.61111111111111,21.0,32.0,78.38444444444445,1.7707246808721993,3.59856951274028,
2015-02-27 00:00:00,aeroporto,Aeroporto SBJV,27.77777777777778,23.0,35.0,78.99555555555555,2.1991258133412797,4.62673223066607,
2015-02-28 00:00:00,aeroporto,Aeroporto SBJV,24.9,23.0,27.0,80.87899999999999,2.724631202503352,5.65489494859186,
2015-03-01 00:00:00,aeroporto,Aeroporto SBJV,24.38888888888889,20.0,27.0,78.85333333333332,1.7707246808722,4.11265087170317,
2015-03-02 00:00:00,aeroporto,Aeroporto SBJV,25.375,20.0,28.0,79.603125,2.1205856057219483,4.11265087170317,
2015-03-03 00:00:00,aeroporto,Aeroporto SBJV,28.0,26.0,29.0,66.32333333333334,3.08448815377738,5.14081358962897,
2015-03-04 00:00:00,aeroporto,Aeroporto SBJV,26.833333333333332,23.0,30.0,79.60000000000001,2.4847265683206667,5.14081358962897,
2015-03-05 00:00:00,aeroporto,Aeroporto SBJV,26.75,24.0,30.0,86.18,1.6279243033825057,3.59856951274028,
2015-03-06 00:00:00,aeroporto,Aeroporto SBJV,24.88888888888889,23.0,27.0,92.84277777777778,2.170565737843342,6.16897630755476,
2015-03-07 00:00:00,aeroporto,Aeroporto SBJV,24.666666666666668,23.0,27.0,88.38444444444445,2.0848855113495244,6.16897630755476,
2015-03-08 00:00:00,aeroporto,Aeroporto SBJV,25.27777777777778,23.0,27.0,85.32333333333332,1.1424030199175474,2.05632543585159,
2015-03-09 00:00:00,aeroporto,Aeroporto SBJV,24.61111111111111,23.0,28.0,90.68388888888889,1.7136045298763218,6.16897630755476,
2015-03-10 00:00:00,aeroporto,Aeroporto SBJV,25.833333333333332,22.0,30.0,83.12888888888888,2.3704862663289124,5.65489494859186,
2015-03-11 00:00:00,aeroporto,Aeroporto SBJV,26.555555555555557,22.0,32.0,78.82499999999999,1.9420851338598308,4.62673223066607,
2015-03-12 00:00:00,aeroporto,Aeroporto SBJV,26.944444444444443,22.0,31.0,79.56055555555555,2.456166492822728,4.62673223066607,
2015-03-13 00:00:00,aeroporto,Aeroporto SBJV,25.77777777777778,23.0,28.0,89.60222222222222,1.884964982863954,5.65489494859186,
2015-03-14 00:00:00,aeroporto,Aeroporto SBJV,26.555555555555557,23.0,30.0,86.315,1.2280832464113636,4.11265087170317,
2015-03-15 00:00:00,aeroporto,Aeroporto SBJV,25.11764705882353,23.0,29.0,90.51470588235294,2.0865655157905802,4.62673223066607,
2015-03-16 00:00:00,aeroporto,Aeroporto SBJV,25.444444444444443,22.0,29.0,88.15222222222222,2.0848855113495253,4.11265087170317,
2015-03-17 00:00:00,aeroporto,Aeroporto SBJV,23.428571428571427,22.0,25.0,91.08142857142857,1.8360048534389166,2.57040679481448,
2015-03-18 00:00:00,aeroporto,Aeroporto SBJV,23.833333333333332,22.0,26.0,86.60000000000001,2.0134853226046796,3.59856951274028,
2015-03-19 00:00:00,aeroporto,Aeroporto SBJV,23.5,20.0,26.0,85.2988888888889,1.4280037748969348,2.57040679481448,
2015-03-20 00:00:00,aeroporto,Aeroporto SBJV,25.0,22.0,28.0,85.22666666666666,1.856404907366016,3.08448815377738,
2015-03-21 00:00:00,aeroporto,Aeroporto SBJV,23.8125,21.0,30.0,91.18062499999999,2.024195350916405,5.65489494859186,
2015-03-22 00:00:00,aeroporto,Aeroporto SBJV,22.61111111111111,21.0,25.0,78.78722222222223,2.1705657378433405,3.59856951274028,
2015-03-23 00:00:00,aeroporto,Aeroporto SBJV,22.444444444444443,19.0,25.0,86.92611111111111,1.9135250583618932,5.14081358962897,
2015-03-24 00:00:00,aeroporto,Aeroporto SBJV,22.88888888888889,19.0,26.0,85.67833333333334,1.9420851338598315,5.14081358962897,
2015-03-25 00:00:00,aeroporto,Aeroporto SBJV,24.166666666666668,19.0,28.0,80.05277777777778,1.884964982863954,4.11265087170317,
2015-03-26 00:00:00,aeroporto,Aeroporto SBJV,25.833333333333332,18.0,31.0,77.17777777777778,2.142005662345403,6.16897630755476,
2015-03-27 00:00:00,aeroporto,Aeroporto SBJV,22.555555555555557,22.0,23.0,96.39222222222222,2.0277653603536483,3.59856951274028,
2015-03-28 00:00:00,aeroporto,Aeroporto SBJV,21.5,20.0,23.0,95.78944444444444,1.2852033974072414,2.57040679481448,
2015-03-29 00:00:00,aeroporto,Aeroporto SBJV,21.333333333333332,20.0,23.0,96.71611111111112,1.7707246808721993,3.08448815377738,
2015-03-30 00:00:00,aeroporto,Aeroporto SBJV,23.176470588235293,21.0,26.0,93.59764705882354,1.23984327749875,3.08448815377738,
2015-03-31 00:00:00,aeroporto,Aeroporto SBJV,25.27777777777778,19.0,30.0,72.87388888888889,2.1134455868474635,4.62673223066607,
2015-04-01 00:00:00,aeroporto,Aeroporto SBJV,24.27777777777778,19.0,29.0,79.21,2.0563254358515866,5.65489494859186,
2015-04-02 00:00:00,aeroporto,Aeroporto SBJV,22.733333333333334,18.0,28.0,83.25,2.159141707644166,5.14081358962897,
2015-04-03 00:00:00,aeroporto,Aeroporto SBJV,23.666666666666668,18.0,28.0,80.82666666666667,1.9420851338598315,4.62673223066607,
2015-04-04 00:00:00,aeroporto,Aeroporto SBJV,24.38888888888889,17.0,28.0,77.82055555555556,1.8849649828639545,4.62673223066607,
2015-04-05 00:00:00,aeroporto,Aeroporto SBJV,23.94736842105263,21.0,27.0,89.04315789473684,1.5693009905183155,3.08448815377738,
2015-04-06 00:00:00,aeroporto,Aeroporto SBJV,22.5,20.0,26.0,80.58222222222223,2.970247851785626,5.14081358962897,
2015-04-07 00:00:00,aeroporto,Aeroporto SBJV,20.555555555555557,15.0,25.0,75.9211111111111,2.0563254358515852,4.62673223066607,
2015-04-08 00:00:00,aeroporto,Aeroporto SBJV,21.72222222222222,16.0,25.0,82.01722222222222,1.685044454378383,4.62673223066607,
2015-04-09 00:00:00,aeroporto,Aeroporto SBJV,22.38888888888889,19.0,26.0,85.63444444444445,1.7707246808721997,5.14081358962897,
2015-04-10 00:00:00,aeroporto,Aeroporto SBJV,22.833333333333332,19.0,26.0,87.29666666666667,1.5422440768886903,3.08448815377738,
2015-04-11 00:00:00,aeroporto,Aeroporto SBJV,23.38888888888889,18.0,28.0,81.25444444444445,1.7136045298763216,4.11265087170317,
2015-04-12 00:00:00,aeroporto,Aeroporto SBJV,24.0,17.0,29.0,79.39375,2.1205856057219465,6.16897630755476,
2015-04-13 00:00:00,aeroporto,Aeroporto SBJV,24.23076923076923,21.0,27.0,80.52307692307691,2.7285856744953754,5.65489494859186,
2015-04-14 00:00:00,aeroporto,Aeroporto SBJV,24.11111111111111,19.0,28.0,80.21166666666666,1.7707246808722,3.59856951274028,
2015-04-15 00:00:00,aeroporto,Aeroporto SBJV,24.22222222222222,21.0,27.0,85.91444444444444,1.1424030199175472,3.59856951274028,
2015-04-16 00:00:00,aeroporto,Aeroporto SBJV,23.77777777777778,20.0,27.0,87.63944444444445,2.856007549793871,6.68305766651766,
2015-04-17 00:00:00,aeroporto,Aeroporto SBJV,23.055555555555557,22.0,25.0,95.79555555555555,1.3994436993989954,2.57040679481448,
2015-04-18 00:00:00,aeroporto,Aeroporto SBJV,24.11111111111111,20.0,27.0,88.81611111111111,1.4851239258928115,4.11265087170317,
2015-04-19 00:00:00,aeroporto,Aeroporto SBJV,22.88888888888889,22.0,24.0,94.1761111111111,0.9139224159340379,2.05632543585159,
2015-04-20 00:00:00,aeroporto,Aeroporto SBJV,25.333333333333332,22.0,27.0,91.08722222222222,1.6564843788804438,3.08448815377738,
2015-04-21 00:00:00,aeroporto,Aeroporto SBJV,23.77777777777778,22.0,26.0,87.36055555555555,2.2562459643371584,4.11265087170317,
2015-04-22 00:00:00,aeroporto,Aeroporto SBJV,20.0,20.0,20.0,98.32499999999999,2.4847265683206667,4.62673223066607,
2015-04-23 00:00:00,aeroporto,Aeroporto SBJV,19.842105263157894,19.0,21.0,97.4821052631579,1.8669270404442035,4.62673223066607,
2015-04-24 00:00:00,aeroporto,Aeroporto SBJV,23.333333333333332,19.0,27.0,84.93777777777778,2.0848855113495257,4.62673223066607,
2015-04-25 00:00:00,aeroporto,Aeroporto SBJV,22.166666666666668,19.0,26.0,81.23111111111112,2.627526945810361,6.16897630755476,
2015-04-26 00:00:00,aeroporto,Aeroporto SBJV,21.833333333333332,18.0,25.0,84.73388888888888,1.2566433219093018,3.08448815377738,
2015-04-27 00:00:00,aeroporto,Aeroporto SBJV,22.11111111111111,19.0,26.0,88.66666666666667,1.7421646053742599,4.11265087170317,
2015-04-28 00:00:00,aeroporto,Aeroporto SBJV,22.72222222222222,20.0,26.0,85.70777777777778,2.484726568320667,5.14081358962897,
2015-04-29 00:00:00,aeroporto,Aeroporto SBJV,19.0,17.0,22.0,92.2761111111111,1.9135250583618928,4.62673223066607,
2015-04-30 00:00:00,aeroporto,Aeroporto SBJV,19.22222222222222,17.0,22.0,87.05388888888889,1.3423235484031188,2.05632543585159,
2015-05-01 00:00:00,aeroporto,Aeroporto SBJV,19.944444444444443,13.0,24.0,82.16888888888889,1.3994436993989958,2.57040679481448,
2015-05-02 00:00:00,aeroporto,Aeroporto SBJV,20.11111111111111,15.0,23.0,91.20222222222223,0.9139224159340379,1.54224407688869,
2015-05-03 00:00:00,aeroporto,Aeroporto SBJV,20.866666666666667,16.0,26.0,92.19800000000001,0.7882580837431072,2.57040679481448,
2015-05-04 00:00:00,aeroporto,Aeroporto SBJV,21.833333333333332,19.0,26.0,83.20833333333333,2.9416877762876865,6.16897630755476,
2015-05-05 00:00:00,aeroporto,Aeroporto SBJV,19.58823529411765,19.0,21.0,85.97294117647058,0.8467222382918285,2.57040679481448,
2015-05-06 00:00:00,aeroporto,Aeroporto SBJV,21.38888888888889,16.0,24.0,85.47833333333334,1.7992847563701377,4.62673223066607,
2015-05-07 00:00:00,aeroporto,Aeroporto SBJV,19.61111111111111,18.0,21.0,73.15388888888889,2.39904634182685,5.14081358962897,
2015-05-08 00:00:00,aeroporto,Aeroporto SBJV,17.666666666666668,15.0,22.0,82.8438888888889,1.399443699398995,3.08448815377738,
2015-05-09 00:00:00,aeroporto,Aeroporto SBJV,18.764705882352942,11.0,24.0,85.07352941176471,1.3608035972547259,4.11265087170317,
2015-05-10 00:00:00,aeroporto,Aeroporto SBJV,17.72222222222222,16.0,18.0,96.6,1.2566433219093027,2.57040679481448,
2015-05-11 00:00:00,aeroporto,Aeroporto SBJV,21.11111111111111,16.0,26.0,73.79722222222222,2.884567625291809,5.14081358962897,
2015-05-12 00:00:00,aeroporto,Aeroporto SBJV,19.77777777777778,18.0,22.0,85.38055555555555,2.627526945810361,5.14081358962897,
2015-05-13 00:00:00,aeroporto,Aeroporto SBJV,19.11111111111111,13.0,23.0,85.8438888888889,2.5418467193165437,5.14081358962897,
2015-05-14 00:00:00,aeroporto,Aeroporto SBJV,19.11111111111111,17.0,21.0,93.77444444444444,1.4851239258928117,3.08448815377738,
2015-05-15 00:00:00,aeroporto,Aeroporto SBJV,19.61111111111111,18.0,22.0,96.39388888888888,1.3423235484031177,3.08448815377738,
2015-05-16 00:00:00,aeroporto,Aeroporto SBJV,20.166666666666668,17.0,24.0,91.03055555555555,1.3423235484031184,4.62673223066607,
2015-05-17 00:00:00,aeroporto,Aeroporto SBJV,21.666666666666668,19.0,25.0,90.28666666666668,1.2280832464113642,3.59856951274028,
2015-05-18 00:00:00,aeroporto,Aeroporto SBJV,21.11111111111111,19.0,23.0,94.155,1.7707246808721993,4.62673223066607,
2015-05-19 00:00:00,aeroporto,Aeroporto SBJV,20.11111111111111,19.0,21.0,98.66666666666667,1.0281627179257928,2.57040679481448,
2015-05-20 00:00:00,aeroporto,Aeroporto SBJV,21.333333333333332,19.0,24.0,94.00888888888889,1.170963095415486,3.59856951274028,
2015-05-21 00:00:00,aeroporto,Aeroporto SBJV,21.333333333333332,17.0,25.0,90.96833333333333,1.170963095415486,3.08448815377738,
2015-05-22 00:00:00,aeroporto,Aeroporto SBJV,22.944444444444443,19.0,25.0,88.31,1.1995231709134249,3.08448815377738,
2015-05-23 00:00:00,aeroporto,Aeroporto SBJV,21.833333333333332,18.0,25.0,91.68166666666667,1.0852828689216703,2.05632543585159,
2015-05-24 00:00:00,aeroporto,Aeroporto SBJV,24.38888888888889,20.0,29.0,84.54722222222222,2.2276858888392184,5.65489494859186,
2015-05-25 00:00:00,aeroporto,Aeroporto SBJV,20.5,20.0,21.0,97.6661111111111,1.884964982863954,3.59856951274028,
2015-05-26 00:00:00,aeroporto,Aeroporto SBJV,20.72222222222222,20.0,21.0,99.00166666666667,1.2566433219093025,2.57040679481448,
2015-05-27 00:00:00,aeroporto,Aeroporto SBJV,21.666666666666668,19.0,25.0,96.81333333333333,1.5993642278845661,3.08448815377738,
2015-05-28 00:00:00,aeroporto,Aeroporto SBJV,21.11111111111111,18.0,23.0,73.32277777777777,2.4276064173247898,5.14081358962897,
2015-05-29 00:00:00,aeroporto,Aeroporto SBJV,18.055555555555557,13.0,22.0,82.635,1.2280832464113633,3.59856951274028,
2015-05-30 00:00:00,aeroporto,Aeroporto SBJV,15.88888888888889,12.0,19.0,92.865,0.8853623404360993,1.54224407688869,
2015-05-31 00:00:00,aeroporto,Aeroporto SBJV,17.666666666666668,15.0,20.0,86.89777777777778,1.3708836239010573,2.57040679481448,
2015-06-01 00:00:00,aeroporto,Aeroporto SBJV,18.61111111111111,15.0,22.0,82.26388888888889,1.456563850394874,3.59856951274028,
2015-06-02 00:00:00,aeroporto,Aeroporto SBJV,17.88888888888889,12.0,22.0,86.60555555555555,1.2852033974072412,3.08448815377738,
2015-06-03 00:00:00,aeroporto,Aeroporto SBJV,19.88888888888889,14.0,24.0,84.83555555555556,1.3423235484031177,4.11265087170317,
2015-06-04 00:00:00,aeroporto,Aeroporto SBJV,20.0,14.0,25.0,86.78055555555555,1.0852828689216703,2.57040679481448,
2015-06-05 00:00:00,aeroporto,Aeroporto SBJV,20.444444444444443,14.0,25.0,85.065,1.2852033974072408,3.08448815377738,
2015-06-06 00:00:00,aeroporto,Aeroporto SBJV,20.944444444444443,17.0,27.0,89.09944444444444,1.399443699398996,2.57040679481448,
2015-06-07 00:00:00,aeroporto,Aeroporto SBJV,22.444444444444443,14.0,28.0,82.97,1.285203397407241,3.08448815377738,
2015-06-08 00:00:00,aeroporto,Aeroporto SBJV,24.0,18.0,31.0,75.24277777777779,2.0848855113495257,4.11265087170317,
2015-06-09 00:00:00,aeroporto,Aeroporto SBJV,22.666666666666668,16.0,29.0,82.09333333333333,1.4565638503948728,3.59856951274028,
2015-06-10 00:00:00,aeroporto,Aeroporto SBJV,23.055555555555557,16.0,31.0,76.75444444444445,1.6564843788804442,4.11265087170317,
2015-06-11 00:00:00,aeroporto,Aeroporto SBJV,23.38888888888889,19.0,26.0,85.22833333333332,3.5414493617444,9.25346446133214,
2015-06-12 00:00:00,aeroporto,Aeroporto SBJV,15.61111111111111,14.0,17.0,91.455,1.1995231709134253,2.05632543585159,
2015-06-13 00:00:00,aeroporto,Aeroporto SBJV,16.61111111111111,14.0,19.0,95.29833333333333,0.9139224159340371,2.05632543585159,
2015-06-14 00:00:00,aeroporto,Aeroporto SBJV,18.22222222222222,17.0,20.0,96.67277777777777,1.7707246808721981,4.11265087170317,
2015-06-15 00:00:00,aeroporto,Aeroporto SBJV,14.777777777777779,9.0,19.0,74.59111111111112,1.9706452093577687,4.11265087170317,
2015-06-16 00:00:00,aeroporto,Aeroporto SBJV,13.333333333333334,5.0,19.0,79.88,1.3137634729051801,3.08448815377738,
2015-06-17 00:00:00,aeroporto,Aeroporto SBJV,16.77777777777778,13.0,20.0,87.46166666666666,1.0852828689216703,2.57040679481448,
2015-06-18 00:00:00,aeroporto,Aeroporto SBJV,15.777777777777779,14.0,17.0,97.5938888888889,1.7707246808722,4.11265087170317,
2015-06-19 00:00:00,aeroporto,Aeroporto SBJV,13.5,12.0,15.0,81.71666666666665,1.8849649828639556,3.08448815377738,
2015-06-20 00:00:00,aeroporto,Aeroporto SBJV,15.833333333333334,13.0,19.0,93.23666666666666,1.028162717925792,2.05632543585159,
2015-06-21 00:00:00,aeroporto,Aeroporto SBJV,18.666666666666668,15.0,22.0,89.21722222222223,1.113842944419609,2.57040679481448,
2015-06-22 00:00:00,aeroporto,Aeroporto SBJV,19.444444444444443,16.0,24.0,94.18944444444445,1.1138429444196092,2.57040679481448,
2015-06-23 00:00:00,aeroporto,Aeroporto SBJV,17.666666666666668,16.0,19.0,89.57277777777777,3.4843292107485206,5.65489494859186,
2015-06-24 00:00:00,aeroporto,Aeroporto SBJV,15.88888888888889,14.0,18.0,80.47111111111111,1.1424030199175472,2.05632543585159,
2015-06-25 00:00:00,aeroporto,Aeroporto SBJV,16.555555555555557,14.0,19.0,91.48888888888888,0.685441811950528,1.54224407688869,
2015-06-26 00:00:00,aeroporto,Aeroporto SBJV,18.38888888888889,15.0,21.0,90.14444444444445,1.5422440768886894,3.59856951274028,
2015-06-27 00:00:00,aeroporto,Aeroporto SBJV,17.72222222222222,14.0,22.0,91.45666666666666,1.3423235484031188,3.59856951274028,
2015-06-28 00:00:00,aeroporto,Aeroporto SBJV,18.055555555555557,14.0,23.0,88.22333333333333,1.2852033974072412,2.57040679481448,
2015-06-29 00:00:00,aeroporto,Aeroporto SBJV,17.61111111111111,12.0,23.0,89.41888888888889,1.2280832464113642,3.08448815377738,
2015-06-30 00:00:00,aeroporto,Aeroporto SBJV,18.0,13.0,22.0,94.28777777777778,1.3137634729051804,2.57040679481448,
2015-07-01 00:00:00,aeroporto,Aeroporto SBJV,19.666666666666668,15.0,25.0,85.1175,2.7846073610490243,5.14081358962897,
2015-07-02 00:00:00,aeroporto,Aeroporto SBJV,17.266666666666666,16.0,19.0,90.83999999999999,1.3366115333035309,2.05632543585159,
2015-07-03 00:00:00,aeroporto,Aeroporto SBJV,18.72222222222222,17.0,20.0,93.05111111111111,1.1709630954154855,2.57040679481448,
2015-07-04 00:00:00,aeroporto,Aeroporto SBJV,16.055555555555557,11.0,20.0,66.32388888888889,2.570406794814483,5.65489494859186,
2015-07-05 00:00:00,aeroporto,Aeroporto SBJV,14.941176470588236,11.0,18.0,82.94117647058823,1.1188829577427746,2.05632543585159,
2015-07-06 00:00:00,aeroporto,Aeroporto SBJV,16.705882352941178,14.0,18.0,95.32882352941176,0.7862420784138416,2.05632543585159,
2015-07-07 00:00:00,aeroporto,Aeroporto SBJV,18.166666666666668,17.0,19.0,97.29555555555555,0.6568817364525892,1.54224407688869,
2015-07-08 00:00:00,aeroporto,Aeroporto SBJV,17.77777777777778,17.0,19.0,99.66222222222223,0.8853623404360991,2.05632543585159,
2015-07-09 00:00:00,aeroporto,Aeroporto SBJV,20.22222222222222,14.0,25.0,69.44888888888889,3.7984900412258478,8.73938310236924,
2015-07-10 00:00:00,aeroporto,Aeroporto SBJV,17.88888888888889,13.0,22.0,89.84611111111111,1.9992052848557098,4.62673223066607,
2015-07-11 00:00:00,aeroporto,Aeroporto SBJV,19.11111111111111,16.0,22.0,91.67944444444444,1.6564843788804446,3.59856951274028,
2015-07-12 00:00:00,aeroporto,Aeroporto SBJV,19.75,17.0,21.0,88.49166666666667,2.22768588883922,4.11265087170317,
2015-07-13 00:00:00,aeroporto,Aeroporto SBJV,22.11111111111111,19.0,25.0,84.34611111111111,1.6850444543783838,5.14081358962897,
2015-07-14 00:00:00,aeroporto,Aeroporto SBJV,24.727272727272727,19.0,29.0,79.16090909090909,2.2432641118380947,6.68305766651766,
2015-07-15 00:00:00,aeroporto,Aeroporto SBJV,18.333333333333332,18.0,19.0,95.11733333333333,2.7760393383996416,4.11265087170317,
2015-07-16 00:00:00,aeroporto,Aeroporto SBJV,17.916666666666668,17.0,19.0,96.94666666666666,0.8996423781850683,2.05632543585159,
2015-07-17 00:00:00,aeroporto,Aeroporto SBJV,18.833333333333332,18.0,20.0,96.96833333333333,1.6564843788804444,3.08448815377738,
2015-07-18 00:00:00,aeroporto,Aeroporto SBJV,18.944444444444443,14.0,22.0,88.69277777777778,0.9996026424278539,2.57040679481448,
2015-07-19 00:00:00,aeroporto,Aeroporto SBJV,20.0,17.0,22.0,89.84666666666666,1.228083246411364,2.57040679481448,
2015-07-20 00:00:00,aeroporto,Aeroporto SBJV,20.27777777777778,18.0,25.0,91.83944444444444,2.056325435851586,4.62673223066607,
2015-07-21 00:00:00,aeroporto,Aeroporto SBJV,18.833333333333332,17.0,22.0,82.88111111111111,2.713207172304177,6.68305766651766,
2015-07-22 00:00:00,aeroporto,Aeroporto SBJV,16.77777777777778,14.0,19.0,83.76111111111112,1.485123925892812,3.59856951274028,
2015-07-23 00:00:00,aeroporto,Aeroporto SBJV,16.5,15.0,17.0,98.28388888888888,0.9424824914319758,2.57040679481448,
2015-07-24 00:00:00,aeroporto,Aeroporto SBJV,17.944444444444443,17.0,20.0,95.95055555555555,1.4565638503948735,3.08448815377738,
2015-07-25 00:00:00,aeroporto,Aeroporto SBJV,,,,,,,
2015-07-26 00:00:00,aeroporto,Aeroporto SBJV,,,,,,,
2015-07-27 00:00:00,aeroporto,Aeroporto SBJV,19.333333333333332,14.0,23.0,82.992,1.6793324392787947,4.11265087170317,
2015-07-28 00:00:00,aeroporto,Aeroporto SBJV,19.333333333333332,15.0,24.0,84.41777777777777,1.1995231709134246,2.57040679481448,
2015-07-29 00:00:00,aeroporto,Aeroporto SBJV,19.72222222222222,16.0,24.0,89.00611111111111,1.399443699398995,2.57040679481448,
2015-07-30 00:00:00,aeroporto,Aeroporto SBJV,18.5,12.0,24.0,86.00333333333333,1.4565638503948728,3.08448815377738,
2015-07-31 00:00:00,aeroporto,Aeroporto SBJV,18.944444444444443,15.0,24.0,86.80333333333334,1.3994436993989963,2.57040679481448,
2015-08-01 00:00:00,aeroporto,Aeroporto SBJV,20.11111111111111,13.0,26.0,85.04833333333333,1.9135250583618932,5.14081358962897,
2015-08-02 00:00:00,aeroporto,Aeroporto SBJV,19.526315789473685,14.0,24.0,91.97315789473684,1.1905041997035493,3.08448815377738,
2015-08-03 00:00:00,aeroporto,Aeroporto SBJV,23.666666666666668,14.0,32.0,70.60611111111112,1.8849649828639548,6.16897630755476,
2015-08-04 00:00:00,aeroporto,Aeroporto SBJV,20.72222222222222,14.0,25.0,84.66444444444444,2.6275269458103603,5.14081358962897,
2015-08-05 00:00:00,aeroporto,Aeroporto SBJV,21.38888888888889,19.0,24.0,87.39388888888888,1.1138429444196096,2.57040679481448,
2015-08-06 00:00:00,aeroporto,Aeroporto SBJV,21.666666666666668,20.0,23.0,86.50666666666666,1.6850444543783827,2.57040679481448,
2015-08-07 00:00:00,aeroporto,Aeroporto SBJV,22.0,20.0,25.0,86.04666666666668,1.5708041523866287,4.11265087170317,
2015-08-08 00:00:00,aeroporto,Aeroporto SBJV,22.0,20.0,25.0,86.98944444444444,1.370883623901057,3.59856951274028,
2015-08-09 00:00:00,aeroporto,Aeroporto SBJV,22.555555555555557,20.0,25.0,82.67777777777778,2.3704862663289124,5.14081358962897,
2015-08-10 00:00:00,aeroporto,Aeroporto SBJV,22.88888888888889,21.0,26.0,82.70222222222223,2.6846470968062377,3.59856951274028,
2015-08-11 00:00:00,aeroporto,Aeroporto SBJV,22.333333333333332,19.0,25.0,84.23833333333333,1.6279243033825048,4.62673223066607,
2015-08-12 00:00:00,aeroporto,Aeroporto SBJV,21.72222222222222,18.0,24.0,84.07611111111112,1.74216460537426,3.59856951274028,
2015-08-13 00:00:00,aeroporto,Aeroporto SBJV,21.38888888888889,18.0,25.0,86.23111111111112,1.9135250583618921,4.11265087170317,
2015-08-14 00:00:00,aeroporto,Aeroporto SBJV,20.666666666666668,18.0,24.0,87.59200000000001,1.5422440768886885,3.08448815377738,
2015-08-15 00:00:00,aeroporto,Aeroporto SBJV,21.38888888888889,17.0,25.0,88.34944444444444,1.4565638503948728,3.08448815377738,
2015-08-16 00:00:00,aeroporto,Aeroporto SBJV,20.27777777777778,19.0,22.0,94.73833333333333,1.9992052848557091,4.11265087170317,
2015-08-17 00:00:00,aeroporto,Aeroporto SBJV,22.0,19.0,25.0,83.75578947368422,1.4069595087405589,4.11265087170317,
2015-08-18 00:00:00,aeroporto,Aeroporto SBJV,22.72222222222222,20.0,26.0,87.56166666666667,1.7136045298763225,3.08448815377738,
2015-08-19 00:00:00,aeroporto,Aeroporto SBJV,22.38888888888889,17.0,27.0,60.26166666666667,3.455769135250584,6.16897630755476,
2015-08-20 00:00:00,aeroporto,Aeroporto SBJV,18.77777777777778,13.0,22.0,74.04388888888889,2.541846719316544,5.65489494859186,
2015-08-21 00:00:00,aeroporto,Aeroporto SBJV,17.055555555555557,15.0,19.0,95.91222222222223,0.971042566929915,2.57040679481448,
2015-08-22 00:00:00,aeroporto,Aeroporto SBJV,20.705882352941178,15.0,25.0,82.01529411764706,2.0563254358515857,4.11265087170317,
2015-08-23 00:00:00,aeroporto,Aeroporto SBJV,19.944444444444443,17.0,23.0,85.38555555555556,2.656087021308299,5.65489494859186,
2015-08-24 00:00:00,aeroporto,Aeroporto SBJV,16.11111111111111,15.0,18.0,91.25111111111111,2.3133661153330354,4.11265087170317,
2015-08-25 00:00:00,aeroporto,Aeroporto SBJV,17.61111111111111,15.0,19.0,94.37055555555555,1.142403019917548,2.57040679481448,
2015-08-26 00:00:00,aeroporto,Aeroporto SBJV,20.444444444444443,17.0,23.0,90.09222222222223,2.7417672478021147,5.65489494859186,
2015-08-27 00:00:00,aeroporto,Aeroporto SBJV,20.0,17.0,24.0,87.10411764705883,2.026085355912593,8.22530174340635,
2015-08-28 00:00:00,aeroporto,Aeroporto SBJV,18.944444444444443,11.0,24.0,77.14555555555555,1.7707246808721986,4.62673223066607,
2015-08-29 00:00:00,aeroporto,Aeroporto SBJV,20.11111111111111,13.0,25.0,81.56611111111111,1.6850444543783822,3.59856951274028,
2015-08-30 00:00:00,aeroporto,Aeroporto SBJV,21.61111111111111,15.0,28.0,82.56166666666667,1.1709630954154862,2.57040679481448,
2015-08-31 00:00:00,aeroporto,Aeroporto SBJV,22.294117647058822,18.0,31.0,85.7164705882353,1.0281627179257935,2.05632543585159,
2015-09-01 00:00:00,aeroporto,Aeroporto SBJV,19.61111111111111,16.0,25.0,83.02166666666668,4.8552128346495795,9.25346446133214,
2015-09-02 00:00:00,aeroporto,Aeroporto SBJV,15.777777777777779,14.0,17.0,95.55333333333334,1.7421646053742614,2.57040679481448,
2015-09-03 00:00:00,aeroporto,Aeroporto SBJV,16.58823529411765,16.0,17.0,97.09411764705882,1.5724841568276833,3.08448815377738,
2015-09-04 00:00:00,aeroporto,Aeroporto SBJV,19.266666666666666,17.0,21.0,89.61733333333333,3.358664878557589,10.2816271792579,
2015-09-05 00:00:00,aeroporto,Aeroporto SBJV,18.333333333333332,16.0,20.0,91.49777777777778,2.313366115333035,4.62673223066607,
2015-09-06 00:00:00,aeroporto,Aeroporto SBJV,17.555555555555557,15.0,19.0,95.98222222222222,0.9996026424278536,2.57040679481448,
2015-09-07 00:00:00,aeroporto,Aeroporto SBJV,18.5,15.0,20.0,90.81666666666666,1.7136045298763225,3.59856951274028,
2015-09-08 00:00:00,aeroporto,Aeroporto SBJV,19.6,16.0,21.0,94.07133333333333,1.9877812546565345,3.59856951274028,
2015-09-09 00:00:00,aeroporto,Aeroporto SBJV,19.833333333333332,15.0,23.0,82.92166666666667,2.142005662345403,5.14081358962897,
2015-09-10 00:00:00,aeroporto,Aeroporto SBJV,20.555555555555557,15.0,24.0,86.56055555555555,2.0277653603536474,4.11265087170317,
2015-09-11 00:00:00,aeroporto,Aeroporto SBJV,17.833333333333332,15.0,22.0,87.88944444444445,2.741767247802115,5.65489494859186,
2015-09-12 00:00:00,aeroporto,Aeroporto SBJV,16.22222222222222,13.0,20.0,73.12888888888888,1.6279243033825055,4.11265087170317,
2015-09-13 00:00:00,aeroporto,Aeroporto SBJV,16.77777777777778,12.0,20.0,75.26055555555556,2.1420056623454027,5.65489494859186,
2015-09-14 00:00:00,aeroporto,Aeroporto SBJV,17.9,11.0,23.0,78.8215,1.7221725525257034,5.14081358962897,
2015-09-15 00:00:00,aeroporto,Aeroporto SBJV,20.666666666666668,15.0,24.0,82.93777777777778,2.484726568320667,5.14081358962897,
2015-09-16 00:00:00,aeroporto,Aeroporto SBJV,24.27777777777778,18.0,33.0,83.95444444444445,2.4561664928227276,6.16897630755476,
2015-09-17 00:00:00,aeroporto,Aeroporto SBJV,22.933333333333334,21.0,27.0,90.798,3.2558486067650123,5.14081358962897,
2015-09-18 00:00:00,aeroporto,Aeroporto SBJV,22.666666666666668,21.0,27.0,92.49,2.856007549793871,9.76754582029504,
2015-09-19 00:00:00,aeroporto,Aeroporto SBJV,22.555555555555557,20.0,25.0,92.42722222222223,3.113048229275319,6.68305766651766,
2015-09-20 00:00:00,aeroporto,Aeroporto SBJV,24.444444444444443,20.0,28.0,82.54277777777777,2.5704067948144833,4.62673223066607,
2015-09-21 00:00:00,aeroporto,Aeroporto SBJV,23.166666666666668,19.0,27.0,82.80277777777778,1.4280037748969348,3.59856951274028,
2015-09-22 00:00:00,aeroporto,Aeroporto SBJV,22.63157894736842,21.0,25.0,88.02315789473684,2.083382349481213,5.14081358962897,
2015-09-23 00:00:00,aeroporto,Aeroporto SBJV,24.22222222222222,20.0,28.0,84.71277777777777,2.3704862663289124,4.11265087170317,
2015-09-24 00:00:00,aeroporto,Aeroporto SBJV,24.5,22.0,29.0,87.71555555555557,2.2562459643371566,4.62673223066607,
2015-09-25 00:00:00,aeroporto,Aeroporto SBJV,22.57894736842105,20.0,26.0,91.2721052631579,3.1386019810366323,5.65489494859186,
2015-09-26 00:00:00,aeroporto,Aeroporto SBJV,19.38888888888889,19.0,20.0,96.66222222222223,1.5136840013907515,2.57040679481448,
2015-09-27 00:00:00,aeroporto,Aeroporto SBJV,20.61111111111111,19.0,22.0,98.345,1.6279243033825057,3.08448815377738,
2015-09-28 00:00:00,aeroporto,Aeroporto SBJV,19.27777777777778,17.0,21.0,87.89888888888889,2.6846470968062377,4.62673223066607,
2015-09-29 00:00:00,aeroporto,Aeroporto SBJV,20.27777777777778,17.0,23.0,88.51222222222222,1.8278448318680758,3.08448815377738,
2015-09-30 00:00:00,aeroporto,Aeroporto SBJV,18.88888888888889,17.0,20.0,91.23722222222221,1.8278448318680784,4.11265087170317,
2015-10-01 00:00:00,aeroporto,Aeroporto SBJV,18.5,17.0,19.0,98.30111111111111,0.599761585456712,1.54224407688869,
2015-10-02 00:00:00,aeroporto,Aeroporto SBJV,22.055555555555557,19.0,25.0,93.07833333333333,1.456563850394873,3.59856951274028,
2015-10-03 00:00:00,aeroporto,Aeroporto SBJV,19.333333333333332,17.0,23.0,92.82666666666665,3.3700889087567667,6.16897630755476,
2015-10-04 00:00:00,aeroporto,Aeroporto SBJV,17.166666666666668,15.0,19.0,92.37555555555555,2.6275269458103607,4.11265087170317,
2015-10-05 00:00:00,aeroporto,Aeroporto SBJV,16.61111111111111,15.0,18.0,91.00388888888888,1.513684001390751,3.08448815377738,
2015-10-06 00:00:00,aeroporto,Aeroporto SBJV,18.5,16.0,21.0,92.69888888888889,1.6564843788804449,5.65489494859186,
2015-10-07 00:00:00,aeroporto,Aeroporto SBJV,22.11111111111111,18.0,24.0,87.84,2.0563254358515857,4.62673223066607,
2015-10-08 00:00:00,aeroporto,Aeroporto SBJV,22.38888888888889,20.0,26.0,90.93944444444445,2.541846719316545,7.19713902548055,
2015-10-09 00:00:00,aeroporto,Aeroporto SBJV,22.055555555555557,19.0,25.0,92.43944444444445,2.2276858888392184,4.11265087170317,
2015-10-10 00:00:00,aeroporto,Aeroporto SBJV,20.555555555555557,19.0,22.0,94.74055555555555,2.62752694581036,5.65489494859186,
2015-10-11 00:00:00,aeroporto,Aeroporto SBJV,20.157894736842106,19.0,21.0,96.55947368421053,1.1905041997035497,2.05632543585159,
2015-10-12 00:00:00,aeroporto,Aeroporto SBJV,21.333333333333332,19.0,24.0,95.86388888888888,1.6564843788804444,3.59856951274028,
2015-10-13 00:00:00,aeroporto,Aeroporto SBJV,18.27777777777778,17.0,19.0,96.31777777777778,1.9992052848557096,3.59856951274028,
2015-10-14 00:00:00,aeroporto,Aeroporto SBJV,21.375,18.0,24.0,92.101875,2.441886455073758,4.11265087170317,
2015-10-15 00:00:00,aeroporto,Aeroporto SBJV,24.833333333333332,21.0,30.0,87.78083333333332,2.1848457755923105,4.11265087170317,
2015-10-16 00:00:00,aeroporto,Aeroporto SBJV,21.0,20.0,22.0,90.47666666666667,2.913127700789747,4.62673223066607,
2015-10-17 00:00:00,aeroporto,Aeroporto SBJV,16.0,16.0,16.0,93.79,1.54224407688869,2.05632543585159,
2015-10-18 01:00:00,aeroporto,Aeroporto SBJV,17.0,16.0,18.0,76.84,2.19912581334128,4.11265087170317,
2015-10-19 00:00:00,aeroporto,Aeroporto SBJV,19.166666666666668,16.0,21.0,88.85722222222222,2.0277653603536474,4.62673223066607,
2015-10-20 00:00:00,aeroporto,Aeroporto SBJV,22.333333333333332,19.0,26.0,84.14,1.8849649828639548,4.11265087170317,
2015-10-21 00:00:00,aeroporto,Aeroporto SBJV,22.5,22.0,23.0,86.96166666666666,2.7417672478021147,3.08448815377738,
2015-10-22 00:00:00,aeroporto,Aeroporto SBJV,19.444444444444443,19.0,21.0,97.34222222222223,3.3129687577608897,5.65489494859186,
2015-10-23 00:00:00,aeroporto,Aeroporto SBJV,20.666666666666668,17.0,23.0,89.0488888888889,1.5136840013907498,3.08448815377738,
2015-10-24 00:00:00,aeroporto,Aeroporto SBJV,20.444444444444443,19.0,22.0,77.67333333333333,3.3129687577608893,4.62673223066607,
2015-10-25 00:00:00,aeroporto,Aeroporto SBJV,17.444444444444443,17.0,19.0,93.0938888888889,1.2852033974072414,3.08448815377738,
2015-10-26 00:00:00,aeroporto,Aeroporto SBJV,18.5,17.0,19.0,98.3111111111111,0.9424824914319765,2.05632543585159,
2015-10-27 00:00:00,aeroporto,Aeroporto SBJV,21.555555555555557,19.0,24.0,91.44611111111111,1.2852033974072403,2.57040679481448,
2015-10-28 00:00:00,aeroporto,Aeroporto SBJV,21.27777777777778,20.0,23.0,94.84944444444444,3.5128892862464607,6.16897630755476,
2015-10-29 00:00:00,aeroporto,Aeroporto SBJV,21.529411764705884,20.0,22.0,92.42176470588235,2.6611270346314653,4.62673223066607,
2015-10-30 00:00:00,aeroporto,Aeroporto SBJV,22.61111111111111,21.0,24.0,85.66444444444444,3.741369890229971,6.16897630755476,
2015-10-31 00:00:00,aeroporto,Aeroporto SBJV,22.875,21.0,24.0,94.50999999999999,1.670764416629414,3.59856951274028,
2015-11-01 00:00:00,aeroporto,Aeroporto SBJV,19.833333333333332,18.0,21.0,95.65277777777777,2.770327323300055,4.62673223066607,
2015-11-02 00:00:00,aeroporto,Aeroporto SBJV,18.27777777777778,17.0,19.0,97.96666666666667,2.456166492822729,4.11265087170317,
2015-11-03 00:00:00,aeroporto,Aeroporto SBJV,21.444444444444443,19.0,24.0,92.10444444444445,1.5708041523866287,3.59856951274028,
2015-11-04 00:00:00,aeroporto,Aeroporto SBJV,20.055555555555557,19.0,21.0,98.66444444444444,2.42760641732479,3.59856951274028,
2015-11-05 00:00:00,aeroporto,Aeroporto SBJV,20.3125,18.0,23.0,94.909375,2.8274474742959312,4.62673223066607,
2015-11-06 00:00:00,aeroporto,Aeroporto SBJV,19.27777777777778,17.0,22.0,87.5761111111111,2.4276064173247898,5.14081358962897,
2015-11-07 00:00:00,aeroporto,Aeroporto SBJV,19.61111111111111,18.0,21.0,87.2688888888889,1.256643321909302,3.08448815377738,
2015-11-08 00:00:00,aeroporto,Aeroporto SBJV,20.38888888888889,19.0,22.0,94.69777777777777,2.5418467193165446,4.11265087170317,
2015-11-09 00:00:00,aeroporto,Aeroporto SBJV,22.38888888888889,20.0,25.0,91.47722222222222,1.970645209357771,4.11265087170317,
2015-11-10 00:00:00,aeroporto,Aeroporto SBJV,24.27777777777778,22.0,26.0,88.82499999999999,1.456563850394873,2.57040679481448,
2015-11-11 00:00:00,aeroporto,Aeroporto SBJV,25.27777777777778,21.0,30.0,85.38444444444445,1.7992847563701382,4.62673223066607,
2015-11-12 00:00:00,aeroporto,Aeroporto SBJV,22.88235294117647,21.0,25.0,90.86705882352942,1.7236845565226537,3.08448815377738,
2015-11-13 00:00:00,aeroporto,Aeroporto SBJV,23.555555555555557,21.0,27.0,90.13722222222222,1.3994436993989958,3.08448815377738,
2015-11-14 00:00:00,aeroporto,Aeroporto SBJV,25.22222222222222,20.0,34.0,80.85111111111111,3.0844881537773805,8.73938310236924,
2015-11-15 00:00:00,aeroporto,Aeroporto SBJV,20.833333333333332,19.0,22.0,91.05000000000001,1.9706452093577695,4.62673223066607,
2015-11-16 00:00:00,aeroporto,Aeroporto SBJV,20.571428571428573,19.0,22.0,87.1857142857143,1.3953636886135758,2.05632543585159,
2015-11-17 00:00:00,aeroporto,Aeroporto SBJV,,,,,,,
2015-11-18 00:00:00,aeroporto,Aeroporto SBJV,26.692307692307693,23.0,31.0,78.4,2.5704067948144838,5.14081358962897,
2015-11-19 00:00:00,aeroporto,Aeroporto SBJV,25.714285714285715,21.0,31.0,82.145,2.4969666006769264,6.16897630755476,
2015-11-20 00:00:00,aeroporto,Aeroporto SBJV,24.733333333333334,21.0,28.0,79.34466666666667,3.6671136939353284,5.65489494859186,
2015-11-21 00:00:00,aeroporto,Aeroporto SBJV,20.9375,19.0,23.0,81.74187500000001,2.281236030397854,4.62673223066607,
2015-11-22 00:00:00,aeroporto,Aeroporto SBJV,22.235294117647058,19.0,24.0,85.84529411764707,1.8144047963396344,3.08448815377738,
2015-11-23 00:00:00,aeroporto,Aeroporto SBJV,21.642857142857142,20.0,23.0,92.42928571428571,2.9376077655022663,5.65489494859186,
2015-11-24 00:00:00,aeroporto,Aeroporto SBJV,19.8,18.0,21.0,94.82933333333334,1.5422440768886891,2.57040679481448,
2015-11-25 00:00:00,aeroporto,Aeroporto SBJV,23.2,20.0,26.0,90.38133333333333,2.364774251229325,6.16897630755476,
2015-11-26 00:00:00,aeroporto,Aeroporto SBJV,23.53846153846154,22.0,25.0,91.66307692307691,1.5026993569684661,3.08448815377738,
2015-11-27 00:00:00,aeroporto,Aeroporto SBJV,24.285714285714285,23.0,25.0,83.45428571428572,3.304808736190051,4.62673223066607,
2015-11-28 00:00:00,aeroporto,Aeroporto SBJV,25.6,21.0,27.0,83.374,1.8506928922664272,3.08448815377738,
2015-11-29 00:00:00,aeroporto,Aeroporto SBJV,20.384615384615383,19.0,22.0,88.9923076923077,3.1635775936178243,6.16897630755476,
2015-11-30 00:00:00,aeroporto,Aeroporto SBJV,17.928571428571427,17.0,19.0,94.82642857142856,1.54224407688869,2.05632543585159,
2015-12-01 00:00:00,aeroporto,Aeroporto SBJV,19.454545454545453,17.0,21.0,94.02272727272727,1.1216320559190456,2.57040679481448,
2015-12-02 00:00:00,aeroporto,Aeroporto SBJV,21.923076923076923,19.0,24.0,93.0276923076923,1.0677074378460152,2.57040679481448,
2015-12-03 00:00:00,aeroporto,Aeroporto SBJV,22.0,21.0,23.0,94.138,1.130978989718372,2.05632543585159,
2015-12-04 00:00:00,aeroporto,Aeroporto SBJV,23.25,22.0,26.0,90.21000000000001,1.2852033974072419,3.08448815377738,
2015-12-05 00:00:00,aeroporto,Aeroporto SBJV,27.3125,20.0,32.0,73.20625,3.0844881537773796,5.65489494859186,
2015-12-06 00:00:00,aeroporto,Aeroporto SBJV,19.666666666666668,18.0,22.0,94.96000000000001,1.8164208016689023,3.59856951274028,
2015-12-07 00:00:00,aeroporto,Aeroporto SBJV,20.615384615384617,18.0,22.0,90.74307692307693,1.7004229565695814,2.57040679481448,
2015-12-08 00:00:00,aeroporto,Aeroporto SBJV,23.76923076923077,20.0,26.0,83.57384615384616,2.7285856744953745,5.14081358962897,
2015-12-09 00:00:00,aeroporto,Aeroporto SBJV,25.166666666666668,21.0,29.0,83.47500000000001,1.8849649828639548,4.11265087170317,
2015-12-10 00:00:00,aeroporto,Aeroporto SBJV,24.727272727272727,22.0,30.0,85.92818181818183,2.850814808794244,7.71122038444345,
2015-12-11 00:00:00,aeroporto,Aeroporto SBJV,24.285714285714285,21.0,28.0,83.97428571428573,2.350086212401812,4.11265087170317,
2015-12-12 00:00:00,aeroporto,Aeroporto SBJV,24.0,23.0,25.0,94.33500000000001,1.9278050961108653,2.05632543585159,
2015-12-13 00:00:00,aeroporto,Aeroporto SBJV,23.0,23.0,23.0,94.1,1.54224407688869,1.54224407688869,
2015-12-14 00:00:00,aeroporto,Aeroporto SBJV,28.5,24.0,33.0,74.66,1.9706452093577693,4.11265087170317,
2015-12-15 00:00:00,aeroporto,Aeroporto SBJV,27.75,23.0,33.0,80.484375,3.245138578453284,10.7957085382208,
2015-12-16 00:00:00,aeroporto,Aeroporto SBJV,24.6875,22.0,28.0,78.145625,2.9559678140366548,5.65489494859186,
2015-12-17 00:00:00,aeroporto,Aeroporto SBJV,25.22222222222222,21.0,28.0,80.35833333333333,2.2276858888392193,3.59856951274028,
2015-12-18 00:00:00,aeroporto,Aeroporto SBJV,27.8125,22.0,34.0,83.61,2.15271569065713,4.11265087170317,
2015-12-19 00:00:00,aeroporto,Aeroporto SBJV,25.0,22.0,28.0,88.13533333333334,3.2215765161674854,5.14081358962897,
2015-12-20 00:00:00,aeroporto,Aeroporto SBJV,20.9375,20.0,22.0,98.50875,2.9238377291014763,4.11265087170317,
2015-12-21 00:00:00,aeroporto,Aeroporto SBJV,22.25,20.0,23.0,97.408125,1.349463567277603,2.57040679481448,
2015-12-22 00:00:00,aeroporto,Aeroporto SBJV,27.153846153846153,25.0,29.0,83.5023076923077,2.174959595612255,5.14081358962897,
2015-12-23 00:00:00,aeroporto,Aeroporto SBJV,26.857142857142858,24.0,31.0,90.16,1.3953636886135758,4.11265087170317,
2015-12-24 00:00:00,aeroporto,Aeroporto SBJV,27.11111111111111,23.0,32.0,87.08722222222222,2.3133661153330345,5.65489494859186,
2015-12-25 00:00:00,aeroporto,Aeroporto SBJV,25.8,24.0,28.0,93.27400000000002,1.3708836239010576,2.05632543585159,
2015-12-26 00:00:00,aeroporto,Aeroporto SBJV,26.61111111111111,24.0,28.0,90.805,1.942085133859832,3.59856951274028,
2015-12-27 00:00:00,aeroporto,Aeroporto SBJV,28.6,23.0,33.0,82.86200000000001,2.844583519594696,6.16897630755476,
2015-12-28 00:00:00,aeroporto,Aeroporto SBJV,24.9375,23.0,28.0,93.833125,1.8956750111756806,3.08448815377738,
2015-12-29 00:00:00,aeroporto,Aeroporto SBJV,26.9375,24.0,29.0,89.805,1.4458538220831472,3.59856951274028,
2015-12-30 00:00:00,aeroporto,Aeroporto SBJV,30.055555555555557,24.0,34.0,73.05944444444444,2.370486266328911,4.62673223066607,
2015-12-31 00:00:00,aeroporto,Aeroporto SBJV,30.071428571428573,27.0,34.0,67.86785714285715,4.259531259978287,7.19713902548055,
2016-01-01 00:00:00,aeroporto,Aeroporto SBJV,23.941176470588236,23.0,25.0,94.57705882352941,2.6913671145704594,4.62673223066607,
2016-01-02 00:00:00,aeroporto,Aeroporto SBJV,23.0,22.0,25.0,94.96,1.6386343316942331,3.59856951274028,
2016-01-03 00:00:00,aeroporto,Aeroporto SBJV,23.058823529411764,22.0,25.0,89.71176470588236,2.0260853559125924,4.11265087170317,
2016-01-04 00:00:00,aeroporto,Aeroporto SBJV,25.055555555555557,22.0,28.0,80.50722222222221,2.9416877762876865,5.65489494859186,
2016-01-05 00:00:00,aeroporto,Aeroporto SBJV,25.857142857142858,22.0,29.0,74.22785714285715,3.6720097068778323,7.71122038444345,
2016-01-06 00:00:00,aeroporto,Aeroporto SBJV,26.352941176470587,22.0,29.0,74.77411764705883,2.6308869546924702,4.11265087170317,
2016-01-07 00:00:00,aeroporto,Aeroporto SBJV,27.055555555555557,22.0,31.0,77.60333333333334,2.0277653603536465,4.62673223066607,
2016-01-08 00:00:00,aeroporto,Aeroporto SBJV,25.571428571428573,23.0,27.0,89.64071428571428,2.313366115333035,4.62673223066607,
2016-01-09 00:00:00,aeroporto,Aeroporto SBJV,26.0,23.0,28.0,85.25357142857142,2.129765629989142,4.62673223066607,
2016-01-10 00:00:00,aeroporto,Aeroporto SBJV,24.2,23.0,25.0,96.11666666666666,3.050216063179854,5.14081358962897,
2016-01-11 00:00:00,aeroporto,Aeroporto SBJV,26.9375,24.0,32.0,90.89937499999999,3.0844881537773814,8.22530174340635,
2016-01-12 00:00:00,aeroporto,Aeroporto SBJV,26.0,23.0,28.0,88.39166666666667,2.170565737843342,5.65489494859186,
2016-01-13 00:00:00,aeroporto,Aeroporto SBJV,28.571428571428573,22.0,32.0,75.17214285714286,2.790727377227153,6.16897630755476,
2016-01-14 00:00:00,aeroporto,Aeroporto SBJV,27.153846153846153,23.0,29.0,72.10923076923076,3.7567483924211698,5.65489494859186,
2016-01-15 00:00:00,aeroporto,Aeroporto SBJV,26.375,21.0,30.0,76.4175,2.474016540008939,5.14081358962897,
2016-01-16 00:00:00,aeroporto,Aeroporto SBJV,25.3125,21.0,29.0,79.2675,2.1848457755923096,4.62673223066607,
2016-01-17 00:00:00,aeroporto,Aeroporto SBJV,25.944444444444443,19.0,30.0,71.99444444444445,2.42760641732479,5.14081358962897,
2016-01-18 00:00:00,aeroporto,Aeroporto SBJV,25.210526315789473,19.0,29.0,72.68,2.3539514857774746,6.16897630755476,
2016-01-19 00:00:00,aeroporto,Aeroporto SBJV,25.72222222222222,19.0,30.0,70.07722222222222,2.5418467193165437,5.65489494859186,
2016-01-20 00:00:00,aeroporto,Aeroporto SBJV,25.77777777777778,19.0,29.0,70.03555555555556,2.884567625291809,6.68305766651766,
2016-01-21 00:00:00,aeroporto,Aeroporto SBJV,26.352941176470587,20.0,30.0,74.15882352941176,3.7800099923742407,7.71122038444345,
2016-01-22 00:00:00,aeroporto,Aeroporto SBJV,24.5,20.0,28.0,75.74388888888889,3.341528833258829,7.71122038444345,
2016-01-23 00:00:00,aeroporto,Aeroporto SBJV,25.444444444444443,17.0,31.0,68.59833333333333,2.2562459643371566,5.14081358962897,
2016-01-24 00:00:00,aeroporto,Aeroporto SBJV,25.61111111111111,19.0,29.0,71.95944444444444,2.8274474742959317,4.62673223066607,
2016-01-25 00:00:00,aeroporto,Aeroporto SBJV,26.38888888888889,21.0,31.0,82.03277777777777,2.3133661153330345,5.14081358962897,
2016-01-26 00:00:00,aeroporto,Aeroporto SBJV,27.88235294117647,22.0,36.0,79.56058823529412,2.419206395119513,6.68305766651766,
2016-01-27 00:00:00,aeroporto,Aeroporto SBJV,22.357142857142858,21.0,24.0,90.14428571428572,1.8360048534389182,3.08448815377738,
2016-01-28 00:00:00,aeroporto,Aeroporto SBJV,24.23076923076923,21.0,26.0,92.92846153846153,1.4631546370482438,2.57040679481448,
2016-01-29 00:00:00,aeroporto,Aeroporto SBJV,27.22222222222222,24.0,30.0,85.96666666666667,1.7136045298763218,4.11265087170317,
2016-01-30 00:00:00,aeroporto,Aeroporto SBJV,27.0,23.0,31.0,85.32,2.2562459643371584,4.62673223066607,
2016-01-31 00:00:00,aeroporto,Aeroporto SBJV,28.27777777777778,23.0,34.0,85.80277777777778,1.770724680872199,4.11265087170317,
2016-02-01 00:00:00,aeroporto,Aeroporto SBJV,26.333333333333332,24.0,29.0,91.33944444444444,3.341528833258829,6.16897630755476,
2016-02-02 00:00:00,aeroporto,Aeroporto SBJV,23.166666666666668,22.0,24.0,95.11166666666666,1.256643321909302,3.08448815377738,
2016-02-03 00:00:00,aeroporto,Aeroporto SBJV,23.5,22.0,25.0,97.48928571428571,1.8360048534389164,4.11265087170317,
2016-02-04 00:00:00,aeroporto,Aeroporto SBJV,25.333333333333332,23.0,29.0,88.55722222222222,1.3708836239010571,2.57040679481448,
2016-02-05 00:00:00,aeroporto,Aeroporto SBJV,25.705882352941178,23.0,33.0,91.11705882352942,2.2377659154855487,12.3379526151095,
2016-02-06 00:00:00,aeroporto,Aeroporto SBJV,26.25,23.0,29.0,86.861875,3.4057890031291906,5.65489494859186,
2016-02-07 00:00:00,aeroporto,Aeroporto SBJV,24.625,23.0,27.0,90.57375,2.2491059454626723,5.14081358962897,
2016-02-08 00:00:00,aeroporto,Aeroporto SBJV,27.764705882352942,23.0,31.0,81.51764705882353,2.116805595729575,3.59856951274028,
2016-02-09 00:00:00,aeroporto,Aeroporto SBJV,29.444444444444443,24.0,35.0,80.72611111111111,2.2562459643371575,5.65489494859186,
2016-02-10 00:00:00,aeroporto,Aeroporto SBJV,27.75,25.0,30.0,83.661875,2.9880978989718354,5.65489494859186,
2016-02-11 00:00:00,aeroporto,Aeroporto SBJV,25.88888888888889,23.0,29.0,77.60944444444445,1.9135250583618928,4.62673223066607,
2016-02-12 00:00:00,aeroporto,Aeroporto SBJV,25.294117647058822,21.0,29.0,80.04941176470588,1.7539246364616459,4.11265087170317,
2016-02-13 00:00:00,aeroporto,Aeroporto SBJV,26.27777777777778,20.0,30.0,73.56777777777778,2.6560870213082977,4.62673223066607,
2016-02-14 00:00:00,aeroporto,Aeroporto SBJV,26.72222222222222,23.0,31.0,85.84722222222223,1.4565638503948728,3.08448815377738,
2016-02-15 00:00:00,aeroporto,Aeroporto SBJV,27.235294117647058,25.0,30.0,82.68235294117646,2.993767913960397,6.68305766651766,
2016-02-16 00:00:00,aeroporto,Aeroporto SBJV,25.705882352941178,24.0,28.0,90.29529411764706,2.268005995424544,4.62673223066607,
2016-02-17 00:00:00,aeroporto,Aeroporto SBJV,27.27777777777778,22.0,31.0,84.06222222222222,2.056325435851586,4.62673223066607,
2016-02-18 00:00:00,aeroporto,Aeroporto SBJV,28.705882352941178,24.0,35.0,79.20117647058824,2.8728075942044224,7.19713902548055,
2016-02-19 00:00:00,aeroporto,Aeroporto SBJV,28.11111111111111,24.0,31.0,82.07777777777778,3.1416083047732566,5.65489494859186,
2016-02-20 00:00:00,aeroporto,Aeroporto SBJV,28.0,24.0,33.0,85.00388888888888,2.684647096806239,5.65489494859186,
2016-02-21 00:00:00,aeroporto,Aeroporto SBJV,25.27777777777778,23.0,29.0,91.21944444444445,2.0848855113495244,4.62673223066607,
2016-02-22 00:00:00,aeroporto,Aeroporto SBJV,24.8125,22.0,28.0,89.990625,2.2812360303978534,4.62673223066607,
2016-02-23 00:00:00,aeroporto,Aeroporto SBJV,24.833333333333332,23.0,27.0,93.145,1.1138429444196078,2.57040679481448,
2016-02-24 00:00:00,aeroporto,Aeroporto SBJV,26.8125,24.0,29.0,87.236875,1.0281627179257926,2.57040679481448,
2016-02-25 00:00:00,aeroporto,Aeroporto SBJV,27.875,22.0,35.0,80.32,2.4097563701385774,5.65489494859186,
2016-02-26 00:00:00,aeroporto,Aeroporto SBJV,27.75,22.0,32.0,85.3375,1.5743741618238705,4.11265087170317,
2016-02-27 00:00:00,aeroporto,Aeroporto SBJV,28.866666666666667,25.0,34.0,77.13133333333333,2.3647742512293255,4.11265087170317,
2016-02-28 00:00:00,aeroporto,Aeroporto SBJV,22.9375,22.0,25.0,98.15875,2.216975860527493,4.62673223066607,
2016-02-29 00:00:00,aeroporto,Aeroporto SBJV,23.928571428571427,20.0,28.0,76.62642857142858,2.5704067948144833,5.65489494859186,
2016-03-01 00:00:00,aeroporto,Aeroporto SBJV,23.933333333333334,17.0,28.0,74.53133333333334,1.987781254656533,5.65489494859186,
2016-03-02 00:00:00,aeroporto,Aeroporto SBJV,22.6875,20.0,25.0,92.265,1.5743741618238705,3.59856951274028,
2016-03-03 00:00:00,aeroporto,Aeroporto SBJV,22.666666666666668,21.0,24.0,94.21866666666666,1.9192370734614803,3.08448815377738,
2016-03-04 00:00:00,aeroporto,Aeroporto SBJV,24.8,21.0,28.0,82.54866666666666,1.8849649828639523,4.11265087170317,
2016-03-05 00:00:00,aeroporto,Aeroporto SBJV,23.9375,20.0,27.0,82.235,1.9599351810460433,4.62673223066607,
2016-03-06 00:00:00,aeroporto,Aeroporto SBJV,25.071428571428573,22.0,30.0,88.17714285714285,1.7992847563701377,4.11265087170317,
2016-03-07 00:00:00,aeroporto,Aeroporto SBJV,26.25,23.0,31.0,83.551875,2.859577559231112,6.16897630755476,
2016-03-08 00:00:00,aeroporto,Aeroporto SBJV,25.8125,23.0,29.0,87.650625,1.7671546714349575,5.65489494859186,
2016-03-09 00:00:00,aeroporto,Aeroporto SBJV,27.333333333333332,24.0,30.0,83.64466666666667,1.7136045298763227,3.08448815377738,
2016-03-10 00:00:00,aeroporto,Aeroporto SBJV,25.428571428571427,22.0,29.0,90.29142857142857,1.6156842710262462,2.57040679481448,
2016-03-11 00:00:00,aeroporto,Aeroporto SBJV,25.5,22.0,30.0,84.64785714285713,2.533686697745705,4.62673223066607,
2016-03-12 00:00:00,aeroporto,Aeroporto SBJV,24.8,18.0,28.0,67.00933333333333,3.1873044255699576,5.65489494859186,
2016-03-13 00:00:00,aeroporto,Aeroporto SBJV,23.3125,20.0,26.0,69.2,2.923837729101474,5.65489494859186,
2016-03-14 00:00:00,aeroporto,Aeroporto SBJV,23.857142857142858,19.0,27.0,83.49428571428572,2.790727377227153,5.65489494859186,
2016-03-15 00:00:00,aeroporto,Aeroporto SBJV,24.692307692307693,22.0,27.0,85.82000000000001,1.9772359960111403,4.62673223066607,
2016-03-16 00:00:00,aeroporto,Aeroporto SBJV,25.133333333333333,22.0,30.0,88.054,1.2680673521084769,4.11265087170317,
2016-03-17 00:00:00,aeroporto,Aeroporto SBJV,25.4,22.0,30.0,87.07133333333333,1.6450603486812683,4.11265087170317,
2016-03-18 00:00:00,aeroporto,Aeroporto SBJV,26.916666666666668,21.0,30.0,80.79583333333333,2.3990463418268493,4.11265087170317,
2016-03-19 00:00:00,aeroporto,Aeroporto SBJV,26.0,23.0,32.0,88.634,2.39904634182685,6.16897630755476,
2016-03-20 00:00:00,aeroporto,Aeroporto SBJV,25.0,23.0,27.0,88.62785714285714,1.2117632032696835,2.57040679481448,
2016-03-21 00:00:00,aeroporto,Aeroporto SBJV,24.357142857142858,21.0,29.0,90.43214285714285,1.7625646593013593,4.11265087170317,
2016-03-22 00:00:00,aeroporto,Aeroporto SBJV,24.76923076923077,21.0,29.0,84.19461538461539,2.3726831952133693,6.16897630755476,
2016-03-23 00:00:00,aeroporto,Aeroporto SBJV,23.666666666666668,22.0,25.0,86.59200000000001,1.9877812546565334,3.08448815377738,
2016-03-24 00:00:00,aeroporto,Aeroporto SBJV,22.8,21.0,25.0,93.50866666666667,1.0967068991208462,2.05632543585159,
2016-03-25 00:00:00,aeroporto,Aeroporto SBJV,22.235294117647058,20.0,24.0,97.56705882352942,1.9958452759735987,6.16897630755476,
2016-03-26 00:00:00,aeroporto,Aeroporto SBJV,26.571428571428573,20.0,31.0,83.38499999999999,1.468803882751132,3.08448815377738,
2016-03-27 00:00:00,aeroporto,Aeroporto SBJV,25.8,21.0,30.0,69.176,2.5704067948144824,5.14081358962897,
2016-03-28 00:00:00,aeroporto,Aeroporto SBJV,24.933333333333334,18.0,30.0,69.71466666666667,2.159141707644167,4.62673223066607,
2016-03-29 00:00:00,aeroporto,Aeroporto SBJV,24.846153846153847,19.0,30.0,79.4876923076923,1.4236099171280212,4.11265087170317,
2016-03-30 00:00:00,aeroporto,Aeroporto SBJV,25.0,21.0,28.0,88.06933333333333,2.0563254358515866,4.11265087170317,
2016-03-31 00:00:00,aeroporto,Aeroporto SBJV,25.4375,23.0,29.0,89.01,2.056325435851586,5.14081358962897,
2016-04-01 00:00:00,aeroporto,Aeroporto SBJV,25.0,20.0,30.0,85.15615384615384,1.8586018362504715,5.14081358962897,
2016-04-02 00:00:00,aeroporto,Aeroporto SBJV,26.533333333333335,23.0,29.0,84.72266666666665,1.850692892266426,4.11265087170317,
2016-04-03 00:00:00,aeroporto,Aeroporto SBJV,27.714285714285715,23.0,33.0,84.23,2.2032058241267003,6.68305766651766,
2016-04-04 00:00:00,aeroporto,Aeroporto SBJV,23.785714285714285,22.0,25.0,94.61142857142856,1.2852033974072408,2.57040679481448,
2016-04-05 00:00:00,aeroporto,Aeroporto SBJV,25.76923076923077,21.0,29.0,85.31692307692308,1.4236099171280208,3.08448815377738,
2016-04-06 00:00:00,aeroporto,Aeroporto SBJV,25.1,22.0,30.0,88.8,1.3366115333035304,3.08448815377738,
2016-04-07 00:00:00,aeroporto,Aeroporto SBJV,27.9,21.0,34.0,79.37100000000001,2.467590523021903,6.16897630755476,
2016-04-08 00:00:00,aeroporto,Aeroporto SBJV,27.2,24.0,30.0,86.12733333333334,2.0563254358515852,3.59856951274028,
2016-04-09 00:00:00,aeroporto,Aeroporto SBJV,27.466666666666665,24.0,32.0,87.82866666666668,1.1995231709134264,2.57040679481448,
2016-04-10 00:00:00,aeroporto,Aeroporto SBJV,26.294117647058822,24.0,29.0,94.05705882352942,2.842567514265428,4.62673223066607,
2016-04-11 00:00:00,aeroporto,Aeroporto SBJV,23.727272727272727,22.0,25.0,95.26545454545455,1.261836062908928,2.05632543585159,
2016-04-12 00:00:00,aeroporto,Aeroporto SBJV,25.8125,23.0,28.0,89.76125,1.7992847563701386,4.11265087170317,
2016-04-13 00:00:00,aeroporto,Aeroporto SBJV,26.692307692307693,24.0,30.0,88.09384615384616,1.8981465561706945,4.62673223066607,
2016-04-14 00:00:00,aeroporto,Aeroporto SBJV,26.25,24.0,29.0,85.30625,1.5422440768886898,2.57040679481448,
2016-04-15 00:00:00,aeroporto,Aeroporto SBJV,,,,,,,
2016-04-16 00:00:00,aeroporto,Aeroporto SBJV,,,,,,,
2016-04-17 00:00:00,aeroporto,Aeroporto SBJV,,,,,,,
2016-04-18 00:00:00,aeroporto,Aeroporto SBJV,,,,,,,
2016-04-19 00:00:00,aeroporto,Aeroporto SBJV,,,,,,,
2016-04-20 00:00:00,aeroporto,Aeroporto SBJV,,,,,,,
2016-04-21 00:00:00,aeroporto,Aeroporto SBJV,,,,,,,
2016-04-22 00:00:00,aeroporto,Aeroporto SBJV,,,,,,,
2016-04-23 00:00:00,aeroporto,Aeroporto SBJV,,,,,,,
2016-04-24 00:00:00,aeroporto,Aeroporto SBJV,27.2,25.0,31.0,89.562,0.9253464461332135,1.54224407688869,
2016-04-25 00:00:00,aeroporto,Aeroporto SBJV,26.2,22.0,32.0,75.32199999999999,2.87885561019222,7.19713902548055,
2016-04-26 00:00:00,aeroporto,Aeroporto SBJV,22.071428571428573,18.0,26.0,86.10000000000001,3.157928347914936,7.71122038444345,
2016-04-27 00:00:00,aeroporto,Aeroporto SBJV,16.0,12.0,20.0,64.44529411764705,2.872807594204423,4.11265087170317,
2016-04-28 00:00:00,aeroporto,Aeroporto SBJV,14.4375,9.0,20.0,64.169375,2.3133661153330354,3.59856951274028,
2016-04-29 00:00:00,aeroporto,Aeroporto SBJV,15.0,9.0,19.0,82.17428571428572,1.248483300338463,3.08448815377738,
2016-04-30 00:00:00,aeroporto,Aeroporto SBJV,16.428571428571427,12.0,21.0,69.11214285714286,2.6071268918832606,5.14081358962897,
2016-05-01 00:00:00,aeroporto,Aeroporto SBJV,15.583333333333334,8.0,23.0,68.34666666666666,0.9853226046788848,2.57040679481448,
2016-05-02 00:00:00,aeroporto,Aeroporto SBJV,18.444444444444443,14.0,24.0,80.00222222222222,1.5993642278845657,3.08448815377738,
2016-05-03 00:00:00,aeroporto,Aeroporto SBJV,18.615384615384617,12.0,22.0,88.75,1.4236099171280219,3.59856951274028,
2016-05-04 00:00:00,aeroporto,Aeroporto SBJV,21.875,17.0,24.0,76.06125,2.056325435851586,4.11265087170317,
2016-05-05 00:00:00,aeroporto,Aeroporto SBJV,,,,,,,
2016-05-06 00:00:00,aeroporto,Aeroporto SBJV,,,,,,,
2016-05-07 00:00:00,aeroporto,Aeroporto SBJV,,,,,,,
2016-05-08 00:00:00,aeroporto,Aeroporto SBJV,,,,,,,
2016-05-09 00:00:00,aeroporto,Aeroporto SBJV,21.125,20.0,23.0,92.80375,0.9639025480554305,2.05632543585159,
2016-05-10 00:00:00,aeroporto,Aeroporto SBJV,21.666666666666668,19.0,25.0,91.21733333333333,1.4051557144985838,2.57040679481448,
2016-05-11 00:00:00,aeroporto,Aeroporto SBJV,20.6,18.0,24.0,86.722,1.4394278050961105,3.59856951274028,
2016-05-12 00:00:00,aeroporto,Aeroporto SBJV,19.53846153846154,18.0,22.0,87.22923076923077,2.135414875692032,4.11265087170317,
2016-05-13 00:00:00,aeroporto,Aeroporto SBJV,18.0,17.0,19.0,94.78266666666667,1.130978989718371,2.05632543585159,
2016-05-14 00:00:00,aeroporto,Aeroporto SBJV,19.066666666666666,18.0,21.0,92.28133333333334,0.925346446133214,3.59856951274028,
2016-05-15 00:00:00,aeroporto,Aeroporto SBJV,21.642857142857142,16.0,26.0,82.18714285714285,1.9828852417140308,4.62673223066607,
2016-05-16 00:00:00,aeroporto,Aeroporto SBJV,21.733333333333334,19.0,26.0,82.76466666666667,2.707495157204589,5.14081358962897,
2016-05-17 00:00:00,aeroporto,Aeroporto SBJV,16.733333333333334,12.0,22.0,69.75866666666666,1.8506928922664285,3.59856951274028,
2016-05-18 00:00:00,aeroporto,Aeroporto SBJV,16.4,13.0,19.0,83.45733333333334,1.576516167486217,3.08448815377738,
2016-05-19 00:00:00,aeroporto,Aeroporto SBJV,16.083333333333332,15.0,18.0,83.27749999999999,1.4137237371479656,3.08448815377738,
2016-05-20 00:00:00,aeroporto,Aeroporto SBJV,16.0,15.0,17.0,96.9007142857143,1.4688038827511334,3.08448815377738,
2016-05-21 00:00:00,aeroporto,Aeroporto SBJV,19.857142857142858,17.0,25.0,89.99714285714286,2.533686697745704,5.65489494859186,
2016-05-22 00:00:00,aeroporto,Aeroporto SBJV,17.3125,15.0,18.0,98.85249999999999,0.8996423781850684,2.05632543585159,
2016-05-23 00:00:00,aeroporto,Aeroporto SBJV,16.470588235294116,13.0,21.0,70.70882352941176,2.0563254358515857,4.11265087170317,
2016-05-24 00:00:00,aeroporto,Aeroporto SBJV,16.25,10.0,20.0,80.823125,1.6065042467590518,3.59856951274028,
2016-05-25 00:00:00,aeroporto,Aeroporto SBJV,17.58823529411765,15.0,20.0,93.5229411764706,0.6350416787188713,1.54224407688869,
2016-05-26 00:00:00,aeroporto,Aeroporto SBJV,19.375,17.0,22.0,87.62375,1.3815936522127836,3.08448815377738,
2016-05-27 00:00:00,aeroporto,Aeroporto SBJV,16.823529411764707,16.0,18.0,98.19117647058823,1.2398432774987493,2.57040679481448,
2016-05-28 00:00:00,aeroporto,Aeroporto SBJV,17.666666666666668,16.0,19.0,98.37333333333332,0.5826255401579485,1.02816271792579,
2016-05-29 00:00:00,aeroporto,Aeroporto SBJV,19.272727272727273,18.0,20.0,96.70636363636363,1.1216320559190451,2.05632543585159,
2016-05-30 00:00:00,aeroporto,Aeroporto SBJV,19.75,18.0,22.0,92.84375,0.9639025480554296,2.57040679481448,
2016-05-31 00:00:00,aeroporto,Aeroporto SBJV,19.2,17.0,22.0,94.13733333333333,1.7478766204738476,4.11265087170317,
2016-06-01 00:00:00,aeroporto,Aeroporto SBJV,17.846153846153847,17.0,19.0,97.24,1.5817887968089122,3.08448815377738,
2016-06-02 00:00:00,aeroporto,Aeroporto SBJV,17.636363636363637,14.0,20.0,87.50090909090909,2.056325435851586,5.14081358962897,
2016-06-03 00:00:00,aeroporto,Aeroporto SBJV,15.4375,11.0,20.0,90.656875,1.2530733124720599,3.08448815377738,
2016-06-04 00:00:00,aeroporto,Aeroporto SBJV,15.928571428571429,14.0,17.0,87.24928571428572,1.5789641739574685,3.08448815377738,
2016-06-05 00:00:00,aeroporto,Aeroporto SBJV,16.0,15.0,17.0,93.90454545454546,1.2618360629089267,2.57040679481448,
2016-06-06 00:00:00,aeroporto,Aeroporto SBJV,14.066666666666666,14.0,15.0,94.56133333333334,2.056325435851586,4.11265087170317,
2016-06-07 00:00:00,aeroporto,Aeroporto SBJV,14.571428571428571,13.0,19.0,84.75285714285714,1.3219234944760199,2.05632543585159,
2016-06-08 00:00:00,aeroporto,Aeroporto SBJV,10.666666666666666,8.0,13.0,91.83833333333332,0.7711220384443446,2.05632543585159,
2016-06-09 00:00:00,aeroporto,Aeroporto SBJV,11.3125,4.0,19.0,69.843125,0.9960326329906118,2.05632543585159,
2016-06-10 00:00:00,aeroporto,Aeroporto SBJV,9.666666666666666,4.0,19.0,85.14761904761905,1.1995231709134258,3.08448815377738,
2016-06-11 00:00:00,aeroporto,Aeroporto SBJV,10.6875,4.0,18.0,66.73875,1.9278050961108624,4.11265087170317,
2016-06-12 00:00:00,aeroporto,Aeroporto SBJV,10.733333333333333,2.0,19.0,67.98466666666667,1.5765161674862156,4.11265087170317,
2016-06-13 00:00:00,aeroporto,Aeroporto SBJV,12.0625,4.0,18.0,73.355,1.8635449262404995,4.62673223066607,
2016-06-14 00:00:00,aeroporto,Aeroporto SBJV,14.8125,9.0,21.0,79.24875,1.3173334823424225,5.14081358962897,
2016-06-15 00:00:00,aeroporto,Aeroporto SBJV,15.538461538461538,7.0,21.0,83.68307692307692,1.4236099171280208,2.57040679481448,
2016-06-16 00:00:00,aeroporto,Aeroporto SBJV,17.142857142857142,13.0,21.0,88.01142857142858,1.5422440768886898,3.08448815377738,
2016-06-17 00:00:00,aeroporto,Aeroporto SBJV,18.0,15.0,21.0,90.8809090909091,3.0844881537773805,5.14081358962897,
2016-06-18 00:00:00,aeroporto,Aeroporto SBJV,13.133333333333333,13.0,14.0,92.47866666666667,1.8164208016689012,3.59856951274028,
2016-06-19 00:00:00,aeroporto,Aeroporto SBJV,13.428571428571429,12.0,15.0,92.19571428571429,1.3953636886135765,2.57040679481448,
2016-06-20 00:00:00,aeroporto,Aeroporto SBJV,13.214285714285714,12.0,15.0,88.77428571428571,1.2117632032696846,3.08448815377738,
2016-06-21 00:00:00,aeroporto,Aeroporto SBJV,12.357142857142858,11.0,13.0,96.35000000000001,1.6891244651638038,2.57040679481448,
2016-06-22 00:00:00,aeroporto,Aeroporto SBJV,14.6875,13.0,16.0,98.053125,1.0281627179257922,2.05632543585159,
2016-06-23 00:00:00,aeroporto,Aeroporto SBJV,17.363636363636363,15.0,21.0,85.86,2.4302027878246037,3.59856951274028,
2016-06-24 00:00:00,aeroporto,Aeroporto SBJV,15.428571428571429,13.0,18.0,87.75571428571428,1.101602912063349,3.08448815377738,
2016-06-25 00:00:00,aeroporto,Aeroporto SBJV,17.214285714285715,12.0,22.0,83.19928571428571,1.836004853438915,4.11265087170317,
2016-06-26 00:00:00,aeroporto,Aeroporto SBJV,16.133333333333333,13.0,21.0,91.21933333333332,0.7539859931455811,3.08448815377738,
2016-06-27 00:00:00,aeroporto,Aeroporto SBJV,17.25,12.0,21.0,86.75916666666666,1.6707644166294149,3.59856951274028,
2016-06-28 00:00:00,aeroporto,Aeroporto SBJV,15.625,15.0,17.0,96.17,1.6065042467590511,3.08448815377738,
2016-06-29 00:00:00,aeroporto,Aeroporto SBJV,15.928571428571429,14.0,18.0,94.89,1.3586435915447967,2.57040679481448,
2016-06-30 00:00:00,aeroporto,Aeroporto SBJV,15.818181818181818,15.0,16.0,94.91909090909093,0.9346933799325373,1.54224407688869,
2016-07-01 00:00:00,aeroporto,Aeroporto SBJV,16.0,15.0,17.0,93.86875,1.0924228877961542,2.05632543585159,
2016-07-02 00:00:00,aeroporto,Aeroporto SBJV,16.066666666666666,15.0,18.0,92.36066666666667,0.8910743555356858,1.54224407688869,
2016-07-03 00:00:00,aeroporto,Aeroporto SBJV,16.636363636363637,16.0,17.0,94.97909090909091,1.0748973869224179,1.54224407688869,
2016-07-04 00:00:00,aeroporto,Aeroporto SBJV,16.416666666666668,15.0,18.0,95.91916666666667,1.0281627179257924,2.05632543585159,
2016-07-05 00:00:00,aeroporto,Aeroporto SBJV,17.555555555555557,16.0,19.0,94.64777777777778,1.5993642278845668,2.57040679481448,
2016-07-06 00:00:00,aeroporto,Aeroporto SBJV,20.666666666666668,17.0,24.0,59.8525,3.5985695127402764,5.65489494859186,
2016-07-07 00:00:00,aeroporto,Aeroporto SBJV,16.333333333333332,12.0,22.0,66.71,1.8164208016689014,3.59856951274028,
2016-07-08 00:00:00,aeroporto,Aeroporto SBJV,14.588235294117647,7.0,20.0,78.95294117647059,1.874884956217623,4.62673223066607,
2016-07-09 00:00:00,aeroporto,Aeroporto SBJV,16.214285714285715,10.0,21.0,82.38428571428572,1.5789641739574682,3.59856951274028,
2016-07-10 00:00:00,aeroporto,Aeroporto SBJV,19.583333333333332,17.0,23.0,82.01083333333334,1.6707644166294136,2.57040679481448,
2016-07-11 00:00:00,aeroporto,Aeroporto SBJV,17.285714285714285,16.0,21.0,91.54285714285713,2.129765629989143,5.14081358962897,
2016-07-12 00:00:00,aeroporto,Aeroporto SBJV,20.5,16.0,27.0,85.825,2.4969666006769273,6.16897630755476,
2016-07-13 00:00:00,aeroporto,Aeroporto SBJV,17.5,17.0,18.0,94.79071428571429,1.9094450475764728,3.59856951274028,
2016-07-14 00:00:00,aeroporto,Aeroporto SBJV,18.357142857142858,17.0,20.0,96.11857142857143,1.2852033974072405,2.57040679481448,
2016-07-15 00:00:00,aeroporto,Aeroporto SBJV,20.1875,17.0,23.0,90.620625,1.8635449262405006,3.59856951274028,
2016-07-16 00:00:00,aeroporto,Aeroporto SBJV,16.142857142857142,15.0,19.0,85.71357142857143,1.8727249505076953,5.14081358962897,
2016-07-17 00:00:00,aeroporto,Aeroporto SBJV,12.466666666666667,7.0,18.0,63.52466666666667,2.2619579794367453,3.59856951274028,
2016-07-18 00:00:00,aeroporto,Aeroporto SBJV,11.1875,4.0,16.0,77.151875,1.6386343316942318,4.62673223066607,
2016-07-19 00:00:00,aeroporto,Aeroporto SBJV,13.857142857142858,11.0,16.0,86.06857142857143,1.7625646593013593,4.62673223066607,
2016-07-20 00:00:00,aeroporto,Aeroporto SBJV,13.625,12.0,16.0,89.188125,1.4779839070183285,2.05632543585159,
2016-07-21 00:00:00,aeroporto,Aeroporto SBJV,14.266666666666667,12.0,16.0,87.83533333333334,1.4394278050961085,2.57040679481448,
2016-07-22 00:00:00,aeroporto,Aeroporto SBJV,15.266666666666667,11.0,18.0,82.96533333333333,1.7821487110713758,3.59856951274028,
2016-07-23 00:00:00,aeroporto,Aeroporto SBJV,15.846153846153847,11.0,20.0,80.98846153846154,2.135414875692032,4.62673223066607,
2016-07-24 00:00:00,aeroporto,Aeroporto SBJV,18.214285714285715,11.0,25.0,83.62214285714286,0.9180024267194582,2.05632543585159,
2016-07-25 00:00:00,aeroporto,Aeroporto SBJV,16.733333333333334,10.0,23.0,86.52666666666667,1.6450603486812696,4.62673223066607,
2016-07-26 00:00:00,aeroporto,Aeroporto SBJV,18.266666666666666,15.0,22.0,88.98533333333333,1.7478766204738478,5.65489494859186,
2016-07-27 00:00:00,aeroporto,Aeroporto SBJV,18.357142857142858,13.0,23.0,58.17642857142857,2.9376077655022668,6.16897630755476,
2016-07-28 00:00:00,aeroporto,Aeroporto SBJV,15.333333333333334,14.0,16.0,81.7625,1.8849649828639548,3.08448815377738,
2016-07-29 00:00:00,aeroporto,Aeroporto SBJV,14.083333333333334,13.0,15.0,91.29083333333334,0.8996423781850678,1.54224407688869,
2016-07-30 00:00:00,aeroporto,Aeroporto SBJV,17.0,13.0,22.0,88.10785714285714,1.1016029120633488,2.57040679481448,
2016-07-31 00:00:00,aeroporto,Aeroporto SBJV,19.705882352941178,15.0,24.0,83.58235294117648,1.784164716400641,3.59856951274028,
2016-08-01 00:00:00,aeroporto,Aeroporto SBJV,20.666666666666668,16.0,27.0,84.32733333333334,1.9192370734614812,4.11265087170317,
2016-08-02 00:00:00,aeroporto,Aeroporto SBJV,16.46153846153846,15.0,17.0,87.75307692307692,2.491317354974037,4.62673223066607,
2016-08-03 00:00:00,aeroporto,Aeroporto SBJV,17.0,15.0,19.0,90.9876923076923,1.8190571163302482,4.11265087170317,
2016-08-04 00:00:00,aeroporto,Aeroporto SBJV,20.181818181818183,17.0,23.0,86.23,2.3834681188279756,5.14081358962897,
2016-08-05 00:00:00,aeroporto,Aeroporto SBJV,19.466666666666665,16.0,23.0,86.14333333333335,1.5422440768886907,3.59856951274028,
2016-08-06 00:00:00,aeroporto,Aeroporto SBJV,21.727272727272727,17.0,25.0,83.06454545454545,2.430202787824603,6.16897630755476,
2016-08-07 00:00:00,aeroporto,Aeroporto SBJV,16.333333333333332,15.0,18.0,88.13733333333333,2.4675905230219044,4.11265087170317,
2016-08-08 00:00:00,aeroporto,Aeroporto SBJV,13.0,13.0,13.0,97.88333333333334,1.54224407688869,2.05632543585159,
2016-08-09 00:00:00,aeroporto,Aeroporto SBJV,16.46153846153846,13.0,21.0,90.33769230769232,1.3445204772875756,2.57040679481448,
2016-08-10 00:00:00,aeroporto,Aeroporto SBJV,17.916666666666668,12.0,22.0,68.64666666666666,2.356206228579943,3.59856951274028,
2016-08-11 00:00:00,aeroporto,Aeroporto SBJV,15.214285714285714,8.0,22.0,75.04285714285713,2.3500862124018136,5.14081358962897,
2016-08-12 00:00:00,aeroporto,Aeroporto SBJV,15.176470588235293,8.0,21.0,77.05117647058825,1.7841647164006398,4.11265087170317,
2016-08-13 00:00:00,aeroporto,Aeroporto SBJV,15.266666666666667,6.0,21.0,83.73,1.4736998956936376,4.11265087170317,
2016-08-14 00:00:00,aeroporto,Aeroporto SBJV,19.846153846153847,12.0,25.0,74.37307692307692,2.214504315532477,5.14081358962897,
2016-08-15 00:00:00,aeroporto,Aeroporto SBJV,16.8125,14.0,20.0,94.39375,2.1205856057219474,5.65489494859186,
2016-08-16 00:00:00,aeroporto,Aeroporto SBJV,20.333333333333332,13.0,27.0,77.36533333333334,1.8164208016689014,3.08448815377738,
2016-08-17 00:00:00,aeroporto,Aeroporto SBJV,20.066666666666666,13.0,26.0,89.31666666666666,3.392936969155117,7.71122038444345,
2016-08-18 00:00:00,aeroporto,Aeroporto SBJV,15.846153846153847,15.0,17.0,92.5923076923077,1.581788796808913,3.08448815377738,
2016-08-19 00:00:00,aeroporto,Aeroporto SBJV,15.428571428571429,14.0,17.0,97.78142857142858,1.5422440768886898,4.11265087170317,
2016-08-20 00:00:00,aeroporto,Aeroporto SBJV,17.666666666666668,17.0,18.0,97.97533333333334,1.884964982863954,6.16897630755476,
2016-08-21 00:00:00,aeroporto,Aeroporto SBJV,14.428571428571429,11.0,15.0,88.98071428571428,2.717287183089596,4.62673223066607,
2016-08-22 00:00:00,aeroporto,Aeroporto SBJV,13.0,7.0,18.0,78.66461538461539,1.7399676764898044,3.59856951274028,
2016-08-23 00:00:00,aeroporto,Aeroporto SBJV,15.555555555555555,11.0,21.0,78.66666666666667,1.7707246808721981,4.11265087170317,
2016-08-24 00:00:00,aeroporto,Aeroporto SBJV,17.625,10.0,22.0,81.195,2.15271569065713,5.14081358962897,
2016-08-25 00:00:00,aeroporto,Aeroporto SBJV,18.9375,14.0,23.0,78.7175,1.6386343316942336,3.59856951274028,
2016-08-26 00:00:00,aeroporto,Aeroporto SBJV,18.636363636363637,17.0,20.0,90.36363636363636,0.8879587109359112,1.54224407688869,
2016-08-27 00:00:00,aeroporto,Aeroporto SBJV,19.466666666666665,15.0,24.0,83.26,1.5765161674862158,2.57040679481448,
2016-08-28 00:00:00,aeroporto,Aeroporto SBJV,22.666666666666668,18.0,26.0,78.20222222222222,1.9992052848557091,2.57040679481448,
2016-08-29 00:00:00,aeroporto,Aeroporto SBJV,19.916666666666668,17.0,22.0,89.47333333333334,3.170168380271195,5.65489494859186,
2016-08-30 00:00:00,aeroporto,Aeroporto SBJV,19.416666666666668,18.0,20.0,96.98083333333334,1.2423632841603323,2.57040679481448,
2016-08-31 00:00:00,aeroporto,Aeroporto SBJV,21.8,18.0,26.0,70.10066666666667,2.8103114289971685,6.16897630755476,
2016-09-01 00:00:00,aeroporto,Aeroporto SBJV,19.214285714285715,13.0,22.0,82.95357142857144,3.194648444983714,5.14081358962897,
2016-09-02 00:00:00,aeroporto,Aeroporto SBJV,17.785714285714285,17.0,19.0,93.20642857142856,1.5789641739574678,3.59856951274028,
2016-09-03 00:00:00,aeroporto,Aeroporto SBJV,17.642857142857142,17.0,18.0,99.12571428571428,0.9547225237882347,1.54224407688869,
2016-09-04 00:00:00,aeroporto,Aeroporto SBJV,18.928571428571427,16.0,22.0,96.25928571428572,1.6156842710262456,3.08448815377738,
2016-09-05 00:00:00,aeroporto,Aeroporto SBJV,19.636363636363637,18.0,22.0,89.70636363636363,0.6542853659527771,1.54224407688869,
2016-09-06 00:00:00,aeroporto,Aeroporto SBJV,23.5,18.0,28.0,55.788333333333334,3.55572939949337,5.65489494859186,
2016-09-07 00:00:00,aeroporto,Aeroporto SBJV,17.5625,13.0,24.0,60.70875,2.634666964684845,5.65489494859186,
2016-09-08 00:00:00,aeroporto,Aeroporto SBJV,18.941176470588236,13.0,23.0,64.39823529411764,2.509926634936496,4.11265087170317,
2016-09-09 00:00:00,aeroporto,Aeroporto SBJV,17.8,13.0,23.0,80.52,1.8849649828639534,5.14081358962897,
2016-09-10 00:00:00,aeroporto,Aeroporto SBJV,19.533333333333335,15.0,24.0,86.46000000000001,1.7821487110713752,3.59856951274028,
2016-09-11 00:00:00,aeroporto,Aeroporto SBJV,22.2,17.0,26.0,78.65466666666666,1.8506928922664272,4.62673223066607,
2016-09-12 00:00:00,aeroporto,Aeroporto SBJV,22.571428571428573,20.0,25.0,84.15857142857143,2.2766460182642563,4.11265087170317,
2016-09-13 00:00:00,aeroporto,Aeroporto SBJV,26.857142857142858,20.0,35.0,51.700714285714284,3.929050386359281,8.73938310236924,
2016-09-14 00:00:00,aeroporto,Aeroporto SBJV,21.733333333333334,13.0,30.0,46.852,2.638950976009536,5.65489494859186,
2016-09-15 00:00:00,aeroporto,Aeroporto SBJV,18.53846153846154,10.0,24.0,67.80615384615385,3.559024792820054,6.68305766651766,
2016-09-16 00:00:00,aeroporto,Aeroporto SBJV,19.0,16.0,21.0,76.65705882352941,2.2680059954245446,3.59856951274028,
2016-09-17 00:00:00,aeroporto,Aeroporto SBJV,21.125,16.0,24.0,79.785,2.47401654000894,4.62673223066607,
2016-09-18 00:00:00,aeroporto,Aeroporto SBJV,21.066666666666666,19.0,23.0,88.704,2.364774251229323,6.16897630755476,
2016-09-19 00:00:00,aeroporto,Aeroporto SBJV,19.071428571428573,16.0,22.0,85.09357142857142,2.533686697745705,6.16897630755476,
2016-09-20 00:00:00,aeroporto,Aeroporto SBJV,18.4,12.0,23.0,64.45533333333334,2.399046341826851,5.14081358962897,
2016-09-21 00:00:00,aeroporto,Aeroporto SBJV,18.642857142857142,13.0,23.0,78.93785714285715,2.937607765502265,6.16897630755476,
2016-09-22 00:00:00,aeroporto,Aeroporto SBJV,19.642857142857142,16.0,23.0,77.51071428571429,2.2766460182642554,4.11265087170317,
2016-09-23 00:00:00,aeroporto,Aeroporto SBJV,21.0625,17.0,25.0,75.99625,2.1205856057219488,4.62673223066607,
2016-09-24 00:00:00,aeroporto,Aeroporto SBJV,16.571428571428573,15.0,19.0,89.87928571428571,2.460246503608148,4.11265087170317,
2016-09-25 00:00:00,aeroporto,Aeroporto SBJV,16.285714285714285,15.0,17.0,85.75142857142858,1.5055239798199112,2.57040679481448,
2016-09-26 00:00:00,aeroporto,Aeroporto SBJV,18.857142857142858,13.0,22.0,75.10428571428572,2.3868063094705922,5.14081358962897,
2016-09-27 00:00:00,aeroporto,Aeroporto SBJV,18.5625,13.0,23.0,75.68875,2.6025368797496644,5.14081358962897,
2016-09-28 00:00:00,aeroporto,Aeroporto SBJV,20.41176470588235,14.0,26.0,76.54,2.2680059954245424,5.14081358962897,
2016-09-29 00:00:00,aeroporto,Aeroporto SBJV,15.5,15.0,16.0,100.0,1.02816271792579,1.02816271792579,
2016-09-30 00:00:00,aeroporto,Aeroporto SBJV,,,,,,,
2016-10-01 00:00:00,aeroporto,Aeroporto SBJV,,,,,,,
2016-10-02 00:00:00,aeroporto,Aeroporto SBJV,,,,,,,
2016-10-03 00:00:00,aeroporto,Aeroporto SBJV,,,,,,,
2016-10-04 00:00:00,aeroporto,Aeroporto SBJV,,,,,,,
2016-10-05 00:00:00,aeroporto,Aeroporto SBJV,,,,,,,
2016-10-06 00:00:00,aeroporto,Aeroporto SBJV,16.7,15.0,18.0,91.61500000000001,2.0563254358515866,4.62673223066607,
2016-10-07 00:00:00,aeroporto,Aeroporto SBJV,18.46153846153846,16.0,21.0,90.75846153846153,2.09587015577181,4.62673223066607,
2016-10-08 00:00:00,aeroporto,Aeroporto SBJV,22.333333333333332,18.0,25.0,72.75500000000001,2.9988079272835644,5.14081358962897,
2016-10-09 00:00:00,aeroporto,Aeroporto SBJV,18.733333333333334,16.0,21.0,78.41666666666667,2.3305021606317977,3.59856951274028,
2016-10-10 00:00:00,aeroporto,Aeroporto SBJV,19.0,17.0,20.0,77.056,2.7074951572045887,5.14081358962897,
2016-10-11 00:00:00,aeroporto,Aeroporto SBJV,19.5625,17.0,22.0,89.606875,1.4458538220831467,3.59856951274028,
2016-10-12 00:00:00,aeroporto,Aeroporto SBJV,21.666666666666668,18.0,24.0,84.95933333333333,1.9535091640590068,3.08448815377738,
2016-10-13 00:00:00,aeroporto,Aeroporto SBJV,21.625,20.0,23.0,91.955,2.345496200268217,5.14081358962897,
2016-10-14 00:00:00,aeroporto,Aeroporto SBJV,22.0,20.0,26.0,84.07571428571428,2.460246503608148,4.62673223066607,
2016-10-15 00:00:00,aeroporto,Aeroporto SBJV,21.6,19.0,24.0,90.122,1.7136045298763218,3.08448815377738,
2016-10-16 01:00:00,aeroporto,Aeroporto SBJV,24.384615384615383,21.0,28.0,85.68076923076923,2.491317354974038,5.14081358962897,
2016-10-17 00:00:00,aeroporto,Aeroporto SBJV,24.142857142857142,20.0,29.0,81.94142857142857,2.4235264065393696,6.16897630755476,
2016-10-18 00:00:00,aeroporto,Aeroporto SBJV,24.142857142857142,21.0,28.0,81.01142857142858,3.4149690273963857,6.68305766651766,
2016-10-19 00:00:00,aeroporto,Aeroporto SBJV,22.266666666666666,21.0,24.0,93.954,2.399046341826851,4.62673223066607,
2016-10-20 00:00:00,aeroporto,Aeroporto SBJV,25.75,20.0,33.0,81.24125000000001,2.731057219490388,6.68305766651766,
2016-10-21 00:00:00,aeroporto,Aeroporto SBJV,19.153846153846153,18.0,20.0,87.92153846153846,3.2031223135380475,5.65489494859186,
2016-10-22 00:00:00,aeroporto,Aeroporto SBJV,19.5625,17.0,22.0,78.69500000000001,2.0563254358515866,3.59856951274028,
2016-10-23 00:00:00,aeroporto,Aeroporto SBJV,21.25,18.0,24.0,85.100625,1.9278050961108608,4.11265087170317,
2016-10-24 00:00:00,aeroporto,Aeroporto SBJV,22.6875,19.0,24.0,88.72375,2.0884555207867663,3.59856951274028,
2016-10-25 00:00:00,aeroporto,Aeroporto SBJV,21.8,21.0,22.0,94.87266666666667,2.3305021606317977,4.62673223066607,
2016-10-26 00:00:00,aeroporto,Aeroporto SBJV,22.5625,21.0,24.0,95.22812499999999,2.15271569065713,4.11265087170317,
2016-10-27 00:00:00,aeroporto,Aeroporto SBJV,27.09090909090909,23.0,31.0,51.31363636363637,5.935302962571626,7.71122038444345,
2016-10-28 00:00:00,aeroporto,Aeroporto SBJV,21.4,18.0,24.0,53.164,4.009834599910594,6.16897630755476,
2016-10-29 00:00:00,aeroporto,Aeroporto SBJV,18.866666666666667,14.0,22.0,75.43666666666667,3.3243927879600648,5.65489494859186,
2016-10-30 00:00:00,aeroporto,Aeroporto SBJV,19.8,15.0,23.0,75.19066666666667,2.6046788854120093,5.14081358962897,
2016-10-31 00:00:00,aeroporto,Aeroporto SBJV,21.933333333333334,17.0,24.0,82.05733333333335,2.9131277007897487,5.14081358962897,
2016-11-01 00:00:00,aeroporto,Aeroporto SBJV,23.214285714285715,19.0,26.0,85.10214285714287,1.5422440768886896,4.62673223066607,
2016-11-02 00:00:00,aeroporto,Aeroporto SBJV,25.0,20.0,29.0,77.61615384615385,1.6608782366493586,3.08448815377738,
2016-11-03 00:00:00,aeroporto,Aeroporto SBJV,19.0,17.0,21.0,78.403125,2.313366115333035,3.59856951274028,
2016-11-04 00:00:00,aeroporto,Aeroporto SBJV,21.133333333333333,17.0,25.0,79.62066666666666,2.0563254358515866,3.59856951274028,
2016-11-05 00:00:00,aeroporto,Aeroporto SBJV,22.571428571428573,18.0,26.0,76.03428571428572,2.6438469889520397,6.16897630755476,
2016-11-06 00:00:00,aeroporto,Aeroporto SBJV,22.285714285714285,19.0,24.0,84.17571428571429,1.3219234944760199,2.57040679481448,
2016-11-07 00:00:00,aeroporto,Aeroporto SBJV,24.6,22.0,26.0,79.936,2.518998658918194,5.14081358962897,
2016-11-08 00:00:00,aeroporto,Aeroporto SBJV,24.307692307692307,20.0,28.0,80.08384615384615,1.9772359960111403,5.65489494859186,
2016-11-09 00:00:00,aeroporto,Aeroporto SBJV,22.066666666666666,21.0,23.0,94.55066666666667,2.0563254358515874,3.59856951274028,
2016-11-10 00:00:00,aeroporto,Aeroporto SBJV,25.666666666666668,20.0,32.0,71.55833333333334,2.6132469080613925,6.68305766651766,
2016-11-11 00:00:00,aeroporto,Aeroporto SBJV,24.764705882352942,18.0,29.0,74.94411764705882,3.5380893528622877,8.22530174340635,
2016-11-12 00:00:00,aeroporto,Aeroporto SBJV,18.9375,15.0,22.0,75.326875,2.184845775592312,5.14081358962897,
2016-11-13 00:00:00,aeroporto,Aeroporto SBJV,19.25,17.0,21.0,90.25750000000001,1.0924228877961537,1.54224407688869,
2016-11-14 00:00:00,aeroporto,Aeroporto SBJV,22.176470588235293,18.0,26.0,84.19647058823529,2.3587262352415244,5.65489494859186,
2016-11-15 00:00:00,aeroporto,Aeroporto SBJV,23.333333333333332,21.0,25.0,88.17133333333332,2.5018626136194304,5.14081358962897,
2016-11-16 00:00:00,aeroporto,Aeroporto SBJV,23.5,20.0,27.0,85.271,1.7992847563701382,4.62673223066607,
2016-11-17 00:00:00,aeroporto,Aeroporto SBJV,23.916666666666668,17.0,27.0,82.59416666666667,2.613246908061392,5.14081358962897,
2016-11-18 00:00:00,aeroporto,Aeroporto SBJV,20.88235294117647,16.0,25.0,61.8435294117647,4.052170711825186,9.76754582029504,
2016-11-19 00:00:00,aeroporto,Aeroporto SBJV,19.647058823529413,15.0,23.0,67.0864705882353,2.600646874753476,4.62673223066607,
2016-11-20 00:00:00,aeroporto,Aeroporto SBJV,21.666666666666668,14.0,26.0,68.70133333333334,3.3586648785575925,5.14081358962897,
2016-11-21 00:00:00,aeroporto,Aeroporto SBJV,23.733333333333334,15.0,28.0,72.19666666666667,2.810311428997168,6.16897630755476,
2016-11-22 00:00:00,aeroporto,Aeroporto SBJV,21.357142857142858,19.0,23.0,78.33785714285715,2.827447474295933,4.11265087170317,
2016-11-23 00:00:00,aeroporto,Aeroporto SBJV,20.3125,18.0,22.0,89.964375,2.955967814036656,5.14081358962897,
2016-11-24 00:00:00,aeroporto,Aeroporto SBJV,22.3125,18.0,26.0,70.605,1.8635449262404997,3.08448815377738,
2016-11-25 00:00:00,aeroporto,Aeroporto SBJV,21.714285714285715,19.0,24.0,87.66142857142857,1.6156842710262456,3.08448815377738,
2016-11-26 00:00:00,aeroporto,Aeroporto SBJV,23.375,21.0,25.0,87.474375,2.0563254358515857,4.11265087170317,
2016-11-27 00:00:00,aeroporto,Aeroporto SBJV,24.428571428571427,22.0,26.0,87.42642857142857,1.7258445622325813,3.59856951274028,
2016-11-28 00:00:00,aeroporto,Aeroporto SBJV,25.8,22.0,31.0,85.25466666666667,2.1934137982416924,4.62673223066607,
2016-11-29 00:00:00,aeroporto,Aeroporto SBJV,20.571428571428573,18.0,23.0,90.79285714285713,2.754007280158374,5.65489494859186,
2016-11-30 00:00:00,aeroporto,Aeroporto SBJV,19.666666666666668,17.0,23.0,83.218,2.227685888839219,5.65489494859186,
2016-12-01 00:00:00,aeroporto,Aeroporto SBJV,21.642857142857142,14.0,25.0,74.75428571428571,2.9376077655022663,6.16897630755476,
2016-12-02 00:00:00,aeroporto,Aeroporto SBJV,21.764705882352942,19.0,24.0,89.46235294117648,2.268005995424544,5.14081358962897,
2016-12-03 00:00:00,aeroporto,Aeroporto SBJV,22.75,21.0,24.0,89.6525,2.1848457755923114,5.65489494859186,
2016-12-04 00:00:00,aeroporto,Aeroporto SBJV,21.785714285714285,18.0,24.0,82.58285714285715,2.974327862571046,5.14081358962897,
2016-12-05 00:00:00,aeroporto,Aeroporto SBJV,24.142857142857142,15.0,29.0,62.74785714285714,2.7540072801583735,6.68305766651766,
2016-12-06 00:00:00,aeroporto,Aeroporto SBJV,24.384615384615383,16.0,31.0,65.71461538461539,2.609951514734706,4.62673223066607,
2016-12-07 00:00:00,aeroporto,Aeroporto SBJV,24.75,19.0,30.0,74.95,1.585084190135597,3.08448815377738,
2016-12-08 00:00:00,aeroporto,Aeroporto SBJV,22.285714285714285,21.0,24.0,96.28214285714286,2.0563254358515874,3.59856951274028,
2016-12-09 00:00:00,aeroporto,Aeroporto SBJV,21.2,20.0,22.0,97.22133333333333,1.405155714498584,2.57040679481448,
2016-12-10 00:00:00,aeroporto,Aeroporto SBJV,22.066666666666666,20.0,23.0,96.46666666666667,0.993890627328266,1.54224407688869,
2016-12-11 00:00:00,aeroporto,Aeroporto SBJV,26.916666666666668,21.0,31.0,79.425,2.184845775592311,3.59856951274028,
2016-12-12 00:00:00,aeroporto,Aeroporto SBJV,23.214285714285715,20.0,25.0,83.12428571428572,2.129765629989143,4.11265087170317,
2016-12-13 00:00:00,aeroporto,Aeroporto SBJV,28.571428571428573,21.0,34.0,69.57071428571429,2.0563254358515866,3.08448815377738,
2016-12-14 00:00:00,aeroporto,Aeroporto SBJV,22.571428571428573,22.0,24.0,82.86285714285714,3.4516891244651626,4.62673223066607,
2016-12-15 00:00:00,aeroporto,Aeroporto SBJV,20.727272727272727,18.0,23.0,71.10909090909091,2.28999878083472,4.11265087170317,
2016-12-16 00:00:00,aeroporto,Aeroporto SBJV,20.23076923076923,17.0,22.0,92.01307692307692,1.739967676489803,3.59856951274028,
2016-12-17 00:00:00,aeroporto,Aeroporto SBJV,23.0,23.0,23.0,83.21,3.08448815377738,3.08448815377738,
2016-12-18 00:00:00,aeroporto,Aeroporto SBJV,25.454545454545453,24.0,28.0,80.15454545454546,2.1965294428414683,3.08448815377738,
2016-12-19 00:00:00,aeroporto,Aeroporto SBJV,26.4,20.0,31.0,80.24733333333333,2.638950976009537,5.14081358962897,
2016-12-20 00:00:00,aeroporto,Aeroporto SBJV,23.666666666666668,22.0,28.0,94.12133333333333,1.4736998956936367,3.08448815377738,
2016-12-21 00:00:00,aeroporto,Aeroporto SBJV,24.357142857142858,21.0,28.0,89.09071428571428,1.248483300338464,3.08448815377738,
2016-12-22 00:00:00,aeroporto,Aeroporto SBJV,26.333333333333332,24.0,28.0,86.30666666666667,1.5422440768886898,2.57040679481448,
2016-12-23 00:00:00,aeroporto,Aeroporto SBJV,27.733333333333334,22.0,33.0,78.47866666666667,1.6793324392787958,3.59856951274028,
2016-12-24 00:00:00,aeroporto,Aeroporto SBJV,27.76923076923077,22.0,33.0,78.11923076923077,2.6099515147347057,5.14081358962897,
2016-12-25 00:00:00,aeroporto,Aeroporto SBJV,25.384615384615383,22.0,29.0,86.29769230769232,1.581788796808912,3.59856951274028,
2016-12-26 00:00:00,aeroporto,Aeroporto SBJV,29.071428571428573,23.0,33.0,81.14071428571428,2.386806309470593,5.14081358962897,
2016-12-27 00:00:00,aeroporto,Aeroporto SBJV,30.466666666666665,25.0,37.0,75.39333333333335,2.330502160631797,5.65489494859186,
2016-12-28 00:00:00,aeroporto,Aeroporto SBJV,26.2,23.0,29.0,89.784,1.7478766204738474,4.62673223066607,
2016-12-29 00:00:00,aeroporto,Aeroporto SBJV,27.0,24.0,31.0,86.999375,2.4097563701385787,6.16897630755476,
2016-12-30 00:00:00,aeroporto,Aeroporto SBJV,26.3125,23.0,31.0,90.518125,1.317333482342422,3.08448815377738,
2016-12-31 00:00:00,aeroporto,Aeroporto SBJV,26.933333333333334,24.0,31.0,84.818,1.91923707346148,3.59856951274028,
2017-01-01 00:00:00,aeroporto,Aeroporto SBJV,29.058823529411764,24.0,33.0,78.49588235294118,2.0865655157905816,3.59856951274028,
2017-01-02 00:00:00,aeroporto,Aeroporto SBJV,28.27777777777778,24.0,34.0,79.46388888888889,2.5704067948144838,8.22530174340635,
2017-01-03 00:00:00,aeroporto,Aeroporto SBJV,27.533333333333335,24.0,30.0,79.242,1.8164208016689007,3.08448815377738,
2017-01-04 00:00:00,aeroporto,Aeroporto SBJV,26.642857142857142,23.0,31.0,88.61714285714287,2.2766460182642554,5.14081358962897,
2017-01-05 00:00:00,aeroporto,Aeroporto SBJV,28.470588235294116,23.0,33.0,76.89941176470587,1.8748849562176226,4.11265087170317,
2017-01-06 00:00:00,aeroporto,Aeroporto SBJV,25.4375,23.0,27.0,85.126875,2.2491059454626727,4.11265087170317,
2017-01-07 00:00:00,aeroporto,Aeroporto SBJV,25.6875,23.0,28.0,82.571875,1.4779839070183278,3.08448815377738,
2017-01-08 00:00:00,aeroporto,Aeroporto SBJV,28.133333333333333,22.0,33.0,80.58666666666666,1.7821487110713747,5.65489494859186,
2017-01-09 00:00:00,aeroporto,Aeroporto SBJV,28.4,23.0,34.0,79.44,1.9535091640590072,4.62673223066607,
2017-01-10 00:00:00,aeroporto,Aeroporto SBJV,30.0,24.0,34.0,72.53785714285713,3.121208250846159,5.65489494859186,
2017-01-11 00:00:00,aeroporto,Aeroporto SBJV,27.375,24.0,31.0,84.18125,2.891707644166294,6.16897630755476,
2017-01-12 00:00:00,aeroporto,Aeroporto SBJV,26.0625,23.0,29.0,75.54875,3.5985695127402764,6.68305766651766,
2017-01-13 00:00:00,aeroporto,Aeroporto SBJV,25.90909090909091,19.0,30.0,73.98,2.617141463811111,6.16897630755476,
2017-01-14 00:00:00,aeroporto,Aeroporto SBJV,27.866666666666667,20.0,32.0,73.55666666666666,2.6389509760095367,5.14081358962897,
2017-01-15 00:00:00,aeroporto,Aeroporto SBJV,28.214285714285715,23.0,32.0,76.625,2.6438469889520406,5.14081358962897,
2017-01-16 00:00:00,aeroporto,Aeroporto SBJV,27.571428571428573,22.0,31.0,77.77714285714286,2.0930455329203648,4.11265087170317,
2017-01-17 00:00:00,aeroporto,Aeroporto SBJV,25.5,23.0,30.0,90.79642857142858,1.321923494476019,3.08448815377738,
2017-01-18 00:00:00,aeroporto,Aeroporto SBJV,27.333333333333332,22.0,33.0,82.06,3.213008493518105,8.22530174340635,
2017-01-19 00:00:00,aeroporto,Aeroporto SBJV,26.333333333333332,23.0,29.0,77.33266666666667,3.5985695127402755,7.19713902548055,
2017-01-20 00:00:00,aeroporto,Aeroporto SBJV,25.642857142857142,21.0,29.0,77.34071428571428,3.1579283479149365,6.68305766651766,
2017-01-21 00:00:00,aeroporto,Aeroporto SBJV,26.0,23.0,29.0,75.53428571428572,3.708729803946612,8.22530174340635,
2017-01-22 00:00:00,aeroporto,Aeroporto SBJV,24.0,21.0,28.0,90.12,2.313366115333035,8.22530174340635,
2017-01-23 00:00:00,aeroporto,Aeroporto SBJV,25.5,21.0,29.0,87.46428571428571,2.0930455329203634,5.14081358962897,
2017-01-24 00:00:00,aeroporto,Aeroporto SBJV,27.0,21.0,31.0,80.95307692307694,2.214504315532478,4.11265087170317,
2017-01-25 00:00:00,aeroporto,Aeroporto SBJV,25.428571428571427,23.0,30.0,90.48714285714286,1.615684271026245,3.08448815377738,
2017-01-26 00:00:00,aeroporto,Aeroporto SBJV,24.642857142857142,22.0,29.0,90.04357142857143,2.3133661153330345,5.65489494859186,
2017-01-27 00:00:00,aeroporto,Aeroporto SBJV,23.75,22.0,26.0,84.72,1.6065042467590516,3.59856951274028,
2017-01-28 00:00:00,aeroporto,Aeroporto SBJV,22.384615384615383,21.0,23.0,96.36,1.5817887968089122,2.57040679481448,
2017-01-29 00:00:00,aeroporto,Aeroporto SBJV,25.6875,22.0,29.0,88.331875,2.506146624944121,4.62673223066607,
2017-01-30 00:00:00,aeroporto,Aeroporto SBJV,24.266666666666666,22.0,26.0,97.67466666666665,1.3708836239010576,3.08448815377738,
2017-01-31 00:00:00,aeroporto,Aeroporto SBJV,23.466666666666665,22.0,26.0,97.30066666666667,1.1652510803158986,3.59856951274028,
2017-02-01 00:00:00,aeroporto,Aeroporto SBJV,25.142857142857142,22.0,28.0,90.26785714285714,1.8360048534389166,3.59856951274028,
2017-02-02 00:00:00,aeroporto,Aeroporto SBJV,25.846153846153847,22.0,29.0,90.01384615384616,1.7004229565695808,3.59856951274028,
2017-02-03 00:00:00,aeroporto,Aeroporto SBJV,26.0,22.0,30.0,86.74533333333333,1.7821487110713747,4.11265087170317,
2017-02-04 00:00:00,aeroporto,Aeroporto SBJV,27.066666666666666,21.0,31.0,81.95599999999999,2.0905975264491126,5.14081358962897,
2017-02-05 00:00:00,aeroporto,Aeroporto SBJV,,,,,,,
2017-02-06 00:00:00,aeroporto,Aeroporto SBJV,27.0,27.0,27.0,83.66,3.08448815377738,3.08448815377738,
2017-02-07 00:00:00,aeroporto,Aeroporto SBJV,24.272727272727273,22.0,26.0,84.33181818181818,2.3834681188279743,4.11265087170317,
2017-02-08 00:00:00,aeroporto,Aeroporto SBJV,23.5,22.0,26.0,90.25785714285713,1.4320837856823552,3.08448815377738,
2017-02-09 00:00:00,aeroporto,Aeroporto SBJV,25.307692307692307,22.0,28.0,84.6923076923077,1.5422440768886896,3.08448815377738,
2017-02-10 00:00:00,aeroporto,Aeroporto SBJV,26.0,22.0,30.0,76.25,2.330502160631798,4.62673223066607,
2017-02-11 00:00:00,aeroporto,Aeroporto SBJV,26.066666666666666,22.0,31.0,83.782,2.536134704216957,8.22530174340635,
2017-02-12 00:00:00,aeroporto,Aeroporto SBJV,25.357142857142858,22.0,29.0,91.58714285714287,1.6156842710262465,3.08448815377738,
2017-02-13 00:00:00,aeroporto,Aeroporto SBJV,24.90909090909091,22.0,28.0,92.66,1.0281627179257922,2.05632543585159,
2017-02-14 00:00:00,aeroporto,Aeroporto SBJV,27.785714285714285,24.0,30.0,86.36,2.386806309470591,6.16897630755476,
2017-02-15 00:00:00,aeroporto,Aeroporto SBJV,28.153846153846153,22.0,31.0,81.01384615384616,2.1354148756920326,5.65489494859186,
2017-02-16 00:00:00,aeroporto,Aeroporto SBJV,28.642857142857142,24.0,32.0,80.88857142857144,2.0930455329203657,3.59856951274028,
2017-02-17 00:00:00,aeroporto,Aeroporto SBJV,27.09090909090909,23.0,32.0,82.87636363636364,1.869386759865077,5.14081358962897,
2017-02-18 00:00:00,aeroporto,Aeroporto SBJV,27.857142857142858,24.0,32.0,79.31785714285715,2.3133661153330336,5.14081358962897,
2017-02-19 00:00:00,aeroporto,Aeroporto SBJV,28.53846153846154,24.0,32.0,79.13153846153847,2.2540490354527014,5.65489494859186,
2017-02-20 00:00:00,aeroporto,Aeroporto SBJV,27.384615384615383,23.0,31.0,80.21846153846153,2.0167807159313638,5.65489494859186,
2017-02-21 00:00:00,aeroporto,Aeroporto SBJV,27.23076923076923,23.0,31.0,80.65,2.886764554176267,5.14081358962897,
2017-02-22 00:00:00,aeroporto,Aeroporto SBJV,26.666666666666668,22.0,30.0,84.06133333333334,1.8164208016689005,4.62673223066607,
2017-02-23 00:00:00,aeroporto,Aeroporto SBJV,25.785714285714285,22.0,33.0,87.69000000000001,2.2032058241266994,7.19713902548055,
2017-02-24 00:00:00,aeroporto,Aeroporto SBJV,26.071428571428573,22.0,30.0,83.5592857142857,1.3219234944760199,4.11265087170317,
2017-02-25 00:00:00,aeroporto,Aeroporto SBJV,26.066666666666666,22.0,30.0,88.18666666666667,2.02205334525406,6.16897630755476,
2017-02-26 00:00:00,aeroporto,Aeroporto SBJV,26.066666666666666,23.0,28.0,87.648,2.776039338399642,6.68305766651766,
2017-02-27 00:00:00,aeroporto,Aeroporto SBJV,26.416666666666668,22.0,31.0,84.78333333333333,2.313366115333035,5.65489494859186,
2017-02-28 00:00:00,aeroporto,Aeroporto SBJV,27.923076923076923,22.0,32.0,80.37692307692306,2.174959595612256,4.11265087170317,
2017-03-01 00:00:00,aeroporto,Aeroporto SBJV,26.25,21.0,31.0,84.80166666666666,2.1420056623454027,4.11265087170317,
2017-03-02 00:00:00,aeroporto,Aeroporto SBJV,26.41176470588235,23.0,30.0,85.49705882352941,1.8144047963396346,4.62673223066607,
2017-03-03 00:00:00,aeroporto,Aeroporto SBJV,26.416666666666668,23.0,32.0,89.36833333333334,1.3708836239010564,2.57040679481448,
2017-03-04 00:00:00,aeroporto,Aeroporto SBJV,29.636363636363637,24.0,35.0,76.39454545454545,1.8693867598650789,4.62673223066607,
2017-03-05 00:00:00,aeroporto,Aeroporto SBJV,27.357142857142858,25.0,32.0,86.6692857142857,2.313366115333035,4.11265087170317,
2017-03-06 00:00:00,aeroporto,Aeroporto SBJV,26.0625,23.0,29.0,83.82,3.277268663388466,7.19713902548055,
2017-03-07 00:00:00,aeroporto,Aeroporto SBJV,25.0,23.0,27.0,90.15375,1.0281627179257924,2.05632543585159,
2017-03-08 00:00:00,aeroporto,Aeroporto SBJV,24.5,22.0,27.0,93.835,1.1995231709134253,3.59856951274028,
2017-03-09 00:00:00,aeroporto,Aeroporto SBJV,27.058823529411764,23.0,30.0,84.94882352941175,2.6913671145704585,5.14081358962897,
2017-03-10 00:00:00,aeroporto,Aeroporto SBJV,27.666666666666668,24.0,31.0,89.71833333333332,2.2276858888392197,4.62673223066607,
2017-03-11 00:00:00,aeroporto,Aeroporto SBJV,25.307692307692307,23.0,27.0,83.72307692307693,1.700422956569581,2.57040679481448,
2017-03-12 00:00:00,aeroporto,Aeroporto SBJV,26.428571428571427,22.0,32.0,85.73571428571428,2.4235264065393705,5.65489494859186,
2017-03-13 00:00:00,aeroporto,Aeroporto SBJV,24.357142857142858,21.0,28.0,75.03928571428571,2.7540072801583753,5.65489494859186,
2017-03-14 00:00:00,aeroporto,Aeroporto SBJV,24.142857142857142,21.0,27.0,78.19857142857143,1.248483300338463,3.59856951274028,
2017-03-15 00:00:00,aeroporto,Aeroporto SBJV,24.266666666666666,22.0,27.0,92.76333333333334,1.028162717925794,2.05632543585159,
2017-03-16 00:00:00,aeroporto,Aeroporto SBJV,26.0,22.0,29.0,85.05999999999999,2.239925921195478,6.16897630755476,
2017-03-17 00:00:00,aeroporto,Aeroporto SBJV,21.916666666666668,20.0,23.0,95.56833333333333,2.270526002086127,4.11265087170317,
2017-03-18 00:00:00,aeroporto,Aeroporto SBJV,20.866666666666667,19.0,23.0,84.25333333333333,1.5079719862911638,2.57040679481448,
2017-03-19 00:00:00,aeroporto,Aeroporto SBJV,19.76923076923077,19.0,21.0,96.75846153846155,2.016780715931364,5.14081358962897,
2017-03-20 00:00:00,aeroporto,Aeroporto SBJV,21.166666666666668,19.0,24.0,93.28583333333334,1.7136045298763225,3.08448815377738,
2017-03-21 00:00:00,aeroporto,Aeroporto SBJV,21.923076923076923,20.0,24.0,91.67615384615384,1.3049757573673528,2.05632543585159,
2017-03-22 00:00:00,aeroporto,Aeroporto SBJV,22.833333333333332,20.0,25.0,90.67333333333333,2.2276858888392184,4.11265087170317,
2017-03-23 00:00:00,aeroporto,Aeroporto SBJV,23.384615384615383,21.0,27.0,87.72615384615385,2.333138475293146,5.14081358962897,
2017-03-24 00:00:00,aeroporto,Aeroporto SBJV,24.466666666666665,19.0,29.0,83.35266666666666,2.02205334525406,4.11265087170317,
2017-03-25 00:00:00,aeroporto,Aeroporto SBJV,24.181818181818183,18.0,28.0,82.22818181818182,2.336733449831348,5.65489494859186,
2017-03-26 00:00:00,aeroporto,Aeroporto SBJV,24.333333333333332,21.0,27.0,85.162,2.1934137982416915,4.11265087170317,
2017-03-27 00:00:00,aeroporto,Aeroporto SBJV,22.142857142857142,21.0,23.0,94.99214285714287,1.3953636886135754,2.57040679481448,
2017-03-28 00:00:00,aeroporto,Aeroporto SBJV,22.6875,20.0,26.0,90.550625,2.3776262852033985,5.14081358962897,
2017-03-29 00:00:00,aeroporto,Aeroporto SBJV,21.615384615384617,20.0,24.0,90.72461538461539,1.7795123964100261,4.62673223066607,
2017-03-30 00:00:00,aeroporto,Aeroporto SBJV,21.625,19.0,25.0,87.52375,1.220943227536879,3.08448815377738,
2017-03-31 00:00:00,aeroporto,Aeroporto SBJV,21.357142857142858,19.0,25.0,83.95642857142857,2.496966600676926,5.65489494859186,
2017-04-01 00:00:00,aeroporto,Aeroporto SBJV,21.76923076923077,19.0,26.0,83.95538461538462,2.293593755372923,5.14081358962897,
2017-04-02 00:00:00,aeroporto,Aeroporto SBJV,21.933333333333334,19.0,25.0,92.20133333333334,1.3023394427060047,2.57040679481448,
2017-04-03 00:00:00,aeroporto,Aeroporto SBJV,23.8,20.0,26.0,86.72933333333334,2.0563254358515866,4.62673223066607,
2017-04-04 00:00:00,aeroporto,Aeroporto SBJV,25.133333333333333,20.0,28.0,80.31533333333333,2.1248696170466395,4.11265087170317,
2017-04-05 00:00:00,aeroporto,Aeroporto SBJV,23.466666666666665,22.0,25.0,95.054,1.0967068991208444,2.57040679481448,
2017-04-06 00:00:00,aeroporto,Aeroporto SBJV,22.529411764705884,21.0,24.0,96.55705882352942,1.5724841568276833,2.57040679481448,
2017-04-07 00:00:00,aeroporto,Aeroporto SBJV,21.5625,21.0,22.0,96.28125,1.5422440768886898,2.57040679481448,
2017-04-08 00:00:00,aeroporto,Aeroporto SBJV,23.076923076923077,22.0,24.0,98.64769230769231,0.830439118324678,1.54224407688869,
2017-04-09 00:00:00,aeroporto,Aeroporto SBJV,25.53846153846154,23.0,28.0,87.76692307692308,1.739967676489805,5.14081358962897,
2017-04-10 00:00:00,aeroporto,Aeroporto SBJV,25.857142857142858,23.0,28.0,90.47857142857143,1.6891244651638035,4.11265087170317,
2017-04-11 00:00:00,aeroporto,Aeroporto SBJV,26.2,22.0,31.0,84.38533333333334,2.2962300700342713,7.19713902548055,
2017-04-12 00:00:00,aeroporto,Aeroporto SBJV,22.285714285714285,19.0,25.0,69.80285714285715,2.2766460182642563,3.59856951274028,
2017-04-13 00:00:00,aeroporto,Aeroporto SBJV,21.857142857142858,18.0,24.0,78.67571428571429,1.6156842710262465,3.59856951274028,
2017-04-14 00:00:00,aeroporto,Aeroporto SBJV,22.8,18.0,28.0,76.98266666666667,2.0905975264491117,4.11265087170317,
2017-04-15 00:00:00,aeroporto,Aeroporto SBJV,24.2,18.0,28.0,80.69133333333333,1.7478766204738478,3.59856951274028,
2017-04-16 00:00:00,aeroporto,Aeroporto SBJV,23.1875,21.0,26.0,88.939375,2.0563254358515866,4.62673223066607,
2017-04-17 00:00:00,aeroporto,Aeroporto SBJV,20.363636363636363,19.0,22.0,91.05909090909091,1.5889787458853164,3.08448815377738,
2017-04-18 00:00:00,aeroporto,Aeroporto SBJV,21.0,18.0,25.0,86.51428571428572,1.468803882751132,2.57040679481448,
2017-04-19 00:00:00,aeroporto,Aeroporto SBJV,21.642857142857142,17.0,26.0,80.45071428571428,1.76256465930136,3.59856951274028,
2017-04-20 00:00:00,aeroporto,Aeroporto SBJV,22.866666666666667,18.0,26.0,82.25733333333334,2.02205334525406,5.65489494859186,
2017-04-21 00:00:00,aeroporto,Aeroporto SBJV,23.636363636363637,21.0,26.0,85.41363636363636,1.3553054009021812,3.08448815377738,
2017-04-22 00:00:00,aeroporto,Aeroporto SBJV,20.642857142857142,17.0,24.0,82.78214285714286,1.3586435915447985,3.08448815377738,
2017-04-23 00:00:00,aeroporto,Aeroporto SBJV,20.5625,15.0,24.0,77.883125,2.0563254358515866,4.62673223066607,
2017-04-24 00:00:00,aeroporto,Aeroporto SBJV,22.46153846153846,18.0,25.0,78.76384615384616,2.095870155771809,5.14081358962897,
2017-04-25 00:00:00,aeroporto,Aeroporto SBJV,23.5,19.0,26.0,80.369375,2.2812360303978534,4.11265087170317,
2017-04-26 00:00:00,aeroporto,Aeroporto SBJV,23.0,18.0,25.0,74.35153846153847,2.333138475293146,6.16897630755476,
2017-04-27 00:00:00,aeroporto,Aeroporto SBJV,18.272727272727273,14.0,22.0,60.52363636363636,2.523672125817855,5.14081358962897,
2017-04-28 00:00:00,aeroporto,Aeroporto SBJV,16.285714285714285,9.0,22.0,78.85000000000001,1.7258445622325809,5.65489494859186,
2017-04-29 00:00:00,aeroporto,Aeroporto SBJV,18.166666666666668,10.0,23.0,73.48833333333333,1.2423632841603323,2.57040679481448,
2017-04-30 00:00:00,aeroporto,Aeroporto SBJV,19.0,11.0,24.0,78.81833333333333,1.7992847563701388,3.59856951274028,
2017-05-01 00:00:00,aeroporto,Aeroporto SBJV,19.933333333333334,15.0,21.0,88.358,1.1995231709134253,2.57040679481448,
2017-05-02 00:00:00,aeroporto,Aeroporto SBJV,20.615384615384617,18.0,23.0,87.65923076923076,2.2540490354526996,5.65489494859186,
2017-05-03 00:00:00,aeroporto,Aeroporto SBJV,22.0,18.0,25.0,80.46666666666667,1.585084190135598,3.08448815377738,
2017-05-04 00:00:00,aeroporto,Aeroporto SBJV,22.09090909090909,20.0,24.0,85.03363636363636,1.1216320559190462,2.05632543585159,
2017-05-05 00:00:00,aeroporto,Aeroporto SBJV,23.181818181818183,21.0,26.0,83.66545454545455,2.1030601048482134,4.11265087170317,
2017-05-06 00:00:00,aeroporto,Aeroporto SBJV,22.642857142857142,19.0,25.0,78.90214285714286,1.94616514464525,3.59856951274028,
2017-05-07 00:00:00,aeroporto,Aeroporto SBJV,21.066666666666666,18.0,25.0,88.52333333333333,1.5765161674862156,3.59856951274028,
2017-05-08 00:00:00,aeroporto,Aeroporto SBJV,21.615384615384617,18.0,26.0,83.86692307692307,1.8586018362504722,3.59856951274028,
2017-05-09 00:00:00,aeroporto,Aeroporto SBJV,21.846153846153847,16.0,27.0,82.97384615384615,2.6494962346549302,5.14081358962897,
2017-05-10 00:00:00,aeroporto,Aeroporto SBJV,21.0,20.0,22.0,86.52799999999999,1.33661153330353,1.54224407688869,
2017-05-11 00:00:00,aeroporto,Aeroporto SBJV,18.571428571428573,17.0,21.0,84.70142857142856,1.5422440768886896,2.57040679481448,
2017-05-12 00:00:00,aeroporto,Aeroporto SBJV,20.533333333333335,17.0,24.0,80.29666666666667,1.6793324392787954,4.11265087170317,
2017-05-13 00:00:00,aeroporto,Aeroporto SBJV,21.307692307692307,16.0,26.0,83.97153846153847,1.6213335167291345,3.08448815377738,
2017-05-14 00:00:00,aeroporto,Aeroporto SBJV,23.733333333333334,18.0,28.0,59.63733333333333,3.0159439725823263,7.19713902548055,
2017-05-15 00:00:00,aeroporto,Aeroporto SBJV,19.11111111111111,12.0,24.0,73.18444444444444,2.0277653603536483,4.62673223066607,
2017-05-16 00:00:00,aeroporto,Aeroporto SBJV,19.5625,15.0,23.0,83.386875,1.7671546714349564,4.11265087170317,
2017-05-17 00:00:00,aeroporto,Aeroporto SBJV,19.533333333333335,15.0,24.0,85.21000000000001,1.302339442706004,3.59856951274028,
2017-05-18 00:00:00,aeroporto,Aeroporto SBJV,20.142857142857142,18.0,22.0,85.49714285714286,2.717287183089598,4.62673223066607,
2017-05-19 00:00:00,aeroporto,Aeroporto SBJV,19.0,18.0,20.0,92.77466666666668,2.638950976009536,5.65489494859186,
2017-05-20 00:00:00,aeroporto,Aeroporto SBJV,21.53846153846154,20.0,23.0,86.03076923076924,3.0844881537773796,5.65489494859186,
2017-05-21 00:00:00,aeroporto,Aeroporto SBJV,20.214285714285715,19.0,21.0,94.84285714285714,1.7258445622325813,3.59856951274028,
2017-05-22 00:00:00,aeroporto,Aeroporto SBJV,18.142857142857142,15.0,21.0,83.45928571428571,1.6891244651638035,3.59856951274028,
2017-05-23 00:00:00,aeroporto,Aeroporto SBJV,18.6875,12.0,23.0,86.199375,1.4779839070183276,3.59856951274028,
2017-05-24 00:00:00,aeroporto,Aeroporto SBJV,20.857142857142858,18.0,24.0,88.41785714285713,1.7258445622325813,4.62673223066607,
2017-05-25 00:00:00,aeroporto,Aeroporto SBJV,21.6,18.0,24.0,86.85933333333334,1.610788258083743,3.59856951274028,
2017-05-26 00:00:00,aeroporto,Aeroporto SBJV,23.25,21.0,27.0,87.49666666666667,1.585084190135598,2.57040679481448,
2017-05-27 00:00:00,aeroporto,Aeroporto SBJV,20.714285714285715,20.0,21.0,96.5657142857143,1.3953636886135767,2.57040679481448,
2017-05-28 00:00:00,aeroporto,Aeroporto SBJV,19.3,18.0,20.0,94.622,1.2337952615109509,2.05632543585159,
2017-05-29 00:00:00,aeroporto,Aeroporto SBJV,21.636363636363637,20.0,24.0,92.1009090909091,1.168366724915674,3.08448815377738,
2017-05-30 00:00:00,aeroporto,Aeroporto SBJV,18.0,18.0,18.0,93.301,1.6964684845775608,3.59856951274028,
2017-05-31 00:00:00,aeroporto,Aeroporto SBJV,18.571428571428573,17.0,20.0,94.77285714285713,1.4688038827511327,3.59856951274028,
2017-06-01 00:00:00,aeroporto,Aeroporto SBJV,20.0,16.0,25.0,65.56692307692308,3.321756473298717,6.68305766651766,
2017-06-02 00:00:00,aeroporto,Aeroporto SBJV,19.4,14.0,24.0,69.748,1.5422440768886898,3.59856951274028,
2017-06-03 00:00:00,aeroporto,Aeroporto SBJV,18.933333333333334,15.0,23.0,85.21733333333333,1.4736998956936371,3.59856951274028,
2017-06-04 00:00:00,aeroporto,Aeroporto SBJV,18.357142857142858,15.0,22.0,93.85142857142857,1.138323009132127,3.08448815377738,
2017-06-05 00:00:00,aeroporto,Aeroporto SBJV,19.8,19.0,22.0,97.224,2.3647742512293255,4.11265087170317,
2017-06-06 00:00:00,aeroporto,Aeroporto SBJV,19.857142857142858,19.0,21.0,94.85285714285715,0.9914426208570141,2.05632543585159,
2017-06-07 00:00:00,aeroporto,Aeroporto SBJV,20.266666666666666,20.0,21.0,92.91533333333334,1.4736998956936371,3.59856951274028,
2017-06-08 00:00:00,aeroporto,Aeroporto SBJV,21.923076923076923,19.0,26.0,81.52307692307691,2.491317354974037,5.65489494859186,
2017-06-09 00:00:00,aeroporto,Aeroporto SBJV,15.875,10.0,20.0,74.159375,2.056325435851586,4.62673223066607,
2017-06-10 00:00:00,aeroporto,Aeroporto SBJV,13.0625,6.0,20.0,69.525,1.381593652212784,2.57040679481448,
2017-06-11 00:00:00,aeroporto,Aeroporto SBJV,16.133333333333333,7.0,22.0,72.87466666666666,1.4736998956936376,2.57040679481448,
2017-06-12 00:00:00,aeroporto,Aeroporto SBJV,15.428571428571429,9.0,22.0,83.53214285714286,1.101602912063349,2.57040679481448,
2017-06-13 00:00:00,aeroporto,Aeroporto SBJV,15.933333333333334,11.0,20.0,86.99466666666667,1.43942780509611,2.57040679481448,
2017-06-14 00:00:00,aeroporto,Aeroporto SBJV,19.307692307692307,18.0,22.0,82.05000000000001,1.9376912760909166,4.11265087170317,
2017-06-15 00:00:00,aeroporto,Aeroporto SBJV,18.785714285714285,16.0,22.0,89.84642857142858,0.844562232581901,2.57040679481448,
2017-06-16 00:00:00,aeroporto,Aeroporto SBJV,19.615384615384617,15.0,23.0,85.5076923076923,1.344520477287575,2.57040679481448,
2017-06-17 00:00:00,aeroporto,Aeroporto SBJV,20.4,16.0,25.0,81.688,1.2337952615109518,2.57040679481448,
2017-06-18 00:00:00,aeroporto,Aeroporto SBJV,22.4,15.0,32.0,70.266,2.3305021606317973,4.62673223066607,
2017-06-19 00:00:00,aeroporto,Aeroporto SBJV,14.642857142857142,12.0,17.0,92.04071428571429,3.561849415671498,4.62673223066607,
2017-06-20 00:00:00,aeroporto,Aeroporto SBJV,13.066666666666666,12.0,15.0,86.286,1.6107882580837427,2.57040679481448,
2017-06-21 00:00:00,aeroporto,Aeroporto SBJV,15.214285714285714,13.0,17.0,87.81214285714285,0.8078421355131225,2.05632543585159,
2017-06-22 00:00:00,aeroporto,Aeroporto SBJV,17.666666666666668,15.0,19.0,93.53333333333333,0.993890627328266,2.05632543585159,
2017-06-23 00:00:00,aeroporto,Aeroporto SBJV,20.058823529411764,16.0,24.0,84.52529411764706,1.8144047963396344,4.11265087170317,
2017-06-24 00:00:00,aeroporto,Aeroporto SBJV,19.666666666666668,15.0,23.0,90.08333333333333,2.0563254358515866,3.59856951274028,
2017-06-25 00:00:00,aeroporto,Aeroporto SBJV,19.266666666666666,15.0,24.0,85.05333333333333,1.3708836239010576,3.59856951274028,
2017-06-26 00:00:00,aeroporto,Aeroporto SBJV,19.923076923076923,17.0,23.0,79.0276923076923,1.5422440768886898,3.08448815377738,
2017-06-27 00:00:00,aeroporto,Aeroporto SBJV,18.4,14.0,22.0,84.06133333333334,1.6107882580837438,2.05632543585159,
2017-06-28 00:00:00,aeroporto,Aeroporto SBJV,20.9,15.0,25.0,79.456,1.8506928922664279,2.57040679481448,
2017-06-29 00:00:00,aeroporto,Aeroporto SBJV,18.8,11.0,25.0,82.09266666666667,1.028162717925793,2.57040679481448,
2017-06-30 00:00:00,aeroporto,Aeroporto SBJV,20.1875,13.0,27.0,79.34875,2.2169758605274907,5.65489494859186,
2017-07-01 00:00:00,aeroporto,Aeroporto SBJV,17.8125,17.0,19.0,81.88374999999999,2.409756370138578,4.11265087170317,
2017-07-02 00:00:00,aeroporto,Aeroporto SBJV,15.428571428571429,13.0,18.0,72.79857142857142,1.5789641739574682,3.59856951274028,
2017-07-03 00:00:00,aeroporto,Aeroporto SBJV,15.4,10.0,19.0,84.81866666666666,1.713604529876322,4.62673223066607,
2017-07-04 00:00:00,aeroporto,Aeroporto SBJV,16.5,13.0,20.0,87.00999999999999,1.4688038827511318,4.11265087170317,
2017-07-05 00:00:00,aeroporto,Aeroporto SBJV,17.642857142857142,13.0,23.0,82.24928571428572,1.3219234944760185,4.11265087170317,
2017-07-06 00:00:00,aeroporto,Aeroporto SBJV,16.785714285714285,10.0,23.0,86.045,1.432083785682354,3.08448815377738,
2017-07-07 00:00:00,aeroporto,Aeroporto SBJV,18.384615384615383,15.0,22.0,86.17461538461538,1.1072521577662378,3.08448815377738,
2017-07-08 00:00:00,aeroporto,Aeroporto SBJV,18.714285714285715,16.0,21.0,89.41285714285713,1.54224407688869,2.57040679481448,
2017-07-09 00:00:00,aeroporto,Aeroporto SBJV,19.692307692307693,17.0,23.0,87.55461538461539,1.2654310374471314,3.59856951274028,
2017-07-10 00:00:00,aeroporto,Aeroporto SBJV,19.76923076923077,15.0,23.0,85.39615384615385,1.4631546370482442,3.08448815377738,
2017-07-11 00:00:00,aeroporto,Aeroporto SBJV,20.0,17.0,23.0,87.94111111111111,1.5422440768886903,3.08448815377738,
2017-07-12 00:00:00,aeroporto,Aeroporto SBJV,19.0,16.0,22.0,86.80461538461539,1.3840651972077977,2.57040679481448,
2017-07-13 00:00:00,aeroporto,Aeroporto SBJV,19.466666666666665,14.0,23.0,77.514,1.645060348681268,3.08448815377738,
2017-07-14 00:00:00,aeroporto,Aeroporto SBJV,19.8,15.0,23.0,78.208,1.850692892266428,3.59856951274028,
2017-07-15 00:00:00,aeroporto,Aeroporto SBJV,20.2,17.0,24.0,84.25133333333333,1.782148711071374,2.57040679481448,
2017-07-16 00:00:00,aeroporto,Aeroporto SBJV,21.636363636363637,16.0,28.0,79.87272727272727,1.402040069898809,2.57040679481448,
2017-07-17 00:00:00,aeroporto,Aeroporto SBJV,13.785714285714286,9.0,17.0,88.2042857142857,4.479851842390958,6.16897630755476,
2017-07-18 00:00:00,aeroporto,Aeroporto SBJV,8.933333333333334,4.0,14.0,67.584,2.022053345254061,4.11265087170317,
2017-07-19 00:00:00,aeroporto,Aeroporto SBJV,11.529411764705882,5.0,16.0,72.76529411764706,1.2398432774987498,3.59856951274028,
2017-07-20 00:00:00,aeroporto,Aeroporto SBJV,15.875,10.0,20.0,79.99375,1.1245529727313368,3.59856951274028,
2017-07-21 00:00:00,aeroporto,Aeroporto SBJV,16.066666666666666,9.0,23.0,84.89733333333334,1.5079719862911631,2.57040679481448,
2017-07-22 00:00:00,aeroporto,Aeroporto SBJV,14.642857142857142,9.0,20.0,85.65642857142858,1.211763203269684,2.57040679481448,
2017-07-23 00:00:00,aeroporto,Aeroporto SBJV,17.642857142857142,11.0,23.0,83.21428571428571,1.4688038827511332,3.59856951274028,
2017-07-24 00:00:00,aeroporto,Aeroporto SBJV,18.333333333333332,13.0,23.0,87.47600000000001,1.0967068991208462,2.05632543585159,
2017-07-25 00:00:00,aeroporto,Aeroporto SBJV,19.533333333333335,14.0,28.0,81.45066666666666,1.1995231709134255,3.08448815377738,
2017-07-26 00:00:00,aeroporto,Aeroporto SBJV,18.928571428571427,11.0,25.0,82.18357142857143,1.9461651446452508,5.14081358962897,
2017-07-27 00:00:00,aeroporto,Aeroporto SBJV,18.923076923076923,15.0,23.0,83.43615384615386,1.8190571163302491,5.14081358962897,
2017-07-28 00:00:00,aeroporto,Aeroporto SBJV,18.647058823529413,12.0,23.0,80.12882352941176,2.0260853559125924,4.62673223066607,
2017-07-29 00:00:00,aeroporto,Aeroporto SBJV,18.866666666666667,15.0,23.0,84.49333333333334,1.6107882580837427,4.62673223066607,
2017-07-30 00:00:00,aeroporto,Aeroporto SBJV,20.0,16.0,24.0,81.77642857142857,1.6891244651638024,4.11265087170317,
2017-07-31 00:00:00,aeroporto,Aeroporto SBJV,19.5,15.0,25.0,86.5525,1.0281627179257928,2.57040679481448,
2017-08-01 00:00:00,aeroporto,Aeroporto SBJV,20.266666666666666,16.0,28.0,82.796,1.336611533303531,2.57040679481448,
2017-08-02 00:00:00,aeroporto,Aeroporto SBJV,22.066666666666666,16.0,28.0,64.27133333333333,1.7821487110713752,3.59856951274028,
2017-08-03 00:00:00,aeroporto,Aeroporto SBJV,20.75,17.0,25.0,74.706875,2.570406794814483,5.65489494859186,
2017-08-04 00:00:00,aeroporto,Aeroporto SBJV,16.857142857142858,11.0,22.0,74.34571428571428,1.6156842710262456,4.11265087170317,
2017-08-05 00:00:00,aeroporto,Aeroporto SBJV,18.066666666666666,14.0,22.0,66.19733333333333,2.1591417076441655,4.11265087170317,
2017-08-06 00:00:00,aeroporto,Aeroporto SBJV,18.333333333333332,15.0,21.0,70.44066666666667,1.8506928922664287,3.59856951274028,
2017-08-07 00:00:00,aeroporto,Aeroporto SBJV,18.066666666666666,11.0,23.0,76.27666666666667,2.1591417076441655,4.62673223066607,
2017-08-08 00:00:00,aeroporto,Aeroporto SBJV,19.071428571428573,12.0,25.0,84.67,2.239925921195477,4.62673223066607,
2017-08-09 00:00:00,aeroporto,Aeroporto SBJV,20.214285714285715,15.0,26.0,80.61428571428571,2.3500862124018136,4.62673223066607,
2017-08-10 00:00:00,aeroporto,Aeroporto SBJV,17.352941176470587,15.0,19.0,86.66941176470588,1.6027242367666776,4.11265087170317,
2017-08-11 00:00:00,aeroporto,Aeroporto SBJV,17.90909090909091,15.0,19.0,90.72909090909091,2.009590766854959,3.08448815377738,
2017-08-12 00:00:00,aeroporto,Aeroporto SBJV,19.384615384615383,17.0,21.0,84.63000000000001,3.717203672500945,5.14081358962897,
2017-08-13 00:00:00,aeroporto,Aeroporto SBJV,20.6,19.0,23.0,84.72600000000001,2.7760393383996416,4.62673223066607,
2017-08-14 00:00:00,aeroporto,Aeroporto SBJV,19.875,15.0,24.0,69.0225,3.1487483236477427,5.14081358962897,
2017-08-15 00:00:00,aeroporto,Aeroporto SBJV,16.666666666666668,16.0,18.0,93.17,1.0967068991208444,1.54224407688869,
2017-08-16 00:00:00,aeroporto,Aeroporto SBJV,17.9375,15.0,22.0,88.06875000000001,1.6386343316942327,3.59856951274028,
2017-08-17 00:00:00,aeroporto,Aeroporto SBJV,17.3125,16.0,19.0,92.528125,1.220943227536878,1.54224407688869,
2017-08-18 00:00:00,aeroporto,Aeroporto SBJV,18.666666666666668,12.0,22.0,80.17266666666666,1.7136045298763218,3.59856951274028,
2017-08-19 00:00:00,aeroporto,Aeroporto SBJV,19.066666666666666,17.0,20.0,90.97866666666667,1.8164208016689012,5.14081358962897,
2017-08-20 00:00:00,aeroporto,Aeroporto SBJV,16.823529411764707,13.0,19.0,93.8664705882353,2.23776591548555,4.62673223066607,
2017-08-21 00:00:00,aeroporto,Aeroporto SBJV,13.928571428571429,9.0,17.0,69.25714285714285,2.5336866977457055,5.14081358962897,
2017-08-22 00:00:00,aeroporto,Aeroporto SBJV,14.857142857142858,8.0,17.0,87.92142857142858,1.2852033974072412,2.05632543585159,
2017-08-23 00:00:00,aeroporto,Aeroporto SBJV,19.75,16.0,23.0,79.41875,2.1205856057219488,4.62673223066607,
2017-08-24 00:00:00,aeroporto,Aeroporto SBJV,20.272727272727273,14.0,24.0,78.3990909090909,2.0095907668549597,3.59856951274028,
2017-08-25 00:00:00,aeroporto,Aeroporto SBJV,19.466666666666665,15.0,23.0,81.17733333333334,1.7478766204738485,3.08448815377738,
2017-08-26 00:00:00,aeroporto,Aeroporto SBJV,20.214285714285715,13.0,23.0,80.52285714285713,2.056325435851587,4.62673223066607,
2017-08-27 00:00:00,aeroporto,Aeroporto SBJV,19.933333333333334,18.0,21.0,86.72933333333334,1.6450603486812687,3.08448815377738,
2017-08-28 00:00:00,aeroporto,Aeroporto SBJV,21.357142857142858,18.0,24.0,79.18857142857144,1.8360048534389155,4.11265087170317,
2017-08-29 00:00:00,aeroporto,Aeroporto SBJV,20.214285714285715,15.0,25.0,83.09642857142856,1.4688038827511334,3.59856951274028,
2017-08-30 00:00:00,aeroporto,Aeroporto SBJV,20.214285714285715,17.0,27.0,87.37357142857142,2.900887668433488,7.19713902548055,
2017-08-31 00:00:00,aeroporto,Aeroporto SBJV,18.785714285714285,17.0,21.0,77.1907142857143,1.725844562232582,2.57040679481448,
2017-09-01 00:00:00,aeroporto,Aeroporto SBJV,19.2,17.0,21.0,78.97733333333333,2.022053345254061,3.59856951274028,
2017-09-02 00:00:00,aeroporto,Aeroporto SBJV,19.625,15.0,22.0,75.795,2.602536879749664,4.11265087170317,
2017-09-03 00:00:00,aeroporto,Aeroporto SBJV,20.1875,16.0,23.0,78.60625,1.9278050961108617,3.59856951274028,
2017-09-04 00:00:00,aeroporto,Aeroporto SBJV,20.642857142857142,17.0,26.0,81.37928571428571,1.7258445622325822,4.11265087170317,
2017-09-05 00:00:00,aeroporto,Aeroporto SBJV,21.8,17.0,27.0,79.74266666666668,2.741767247802116,6.68305766651766,
2017-09-06 00:00:00,aeroporto,Aeroporto SBJV,19.466666666666665,17.0,22.0,82.69533333333334,2.02205334525406,4.11265087170317,
2017-09-07 00:00:00,aeroporto,Aeroporto SBJV,22.866666666666667,18.0,27.0,74.74533333333333,2.159141707644166,4.11265087170317,
2017-09-08 00:00:00,aeroporto,Aeroporto SBJV,21.692307692307693,19.0,25.0,79.98461538461538,1.8586018362504728,4.11265087170317,
2017-09-09 00:00:00,aeroporto,Aeroporto SBJV,21.0625,19.0,24.0,84.301875,1.9278050961108624,5.14081358962897,
2017-09-10 00:00:00,aeroporto,Aeroporto SBJV,21.6,18.0,25.0,80.79533333333333,1.7821487110713745,4.62673223066607,
2017-09-11 00:00:00,aeroporto,Aeroporto SBJV,23.0,20.0,27.0,79.62214285714286,1.5055239798199114,3.08448815377738,
2017-09-12 00:00:00,aeroporto,Aeroporto SBJV,21.9375,19.0,24.0,85.8075,2.795317389360751,5.14081358962897,
2017-09-13 00:00:00,aeroporto,Aeroporto SBJV,22.0,17.0,26.0,83.5807142857143,1.799284756370138,4.11265087170317,
2017-09-14 00:00:00,aeroporto,Aeroporto SBJV,23.6875,20.0,28.0,82.8325,1.6707644166294136,4.11265087170317,
2017-09-15 00:00:00,aeroporto,Aeroporto SBJV,22.5,18.0,27.0,82.46375,3.052358068842198,7.19713902548055,
2017-09-16 00:00:00,aeroporto,Aeroporto SBJV,22.466666666666665,20.0,26.0,83.9,2.330502160631797,4.62673223066607,
2017-09-17 00:00:00,aeroporto,Aeroporto SBJV,20.4,19.0,23.0,91.88666666666667,2.6732230666070627,4.62673223066607,
2017-09-18 00:00:00,aeroporto,Aeroporto SBJV,20.5625,18.0,22.0,81.57000000000001,1.8314148413053175,3.08448815377738,
2017-09-19 00:00:00,aeroporto,Aeroporto SBJV,21.944444444444443,19.0,24.0,82.97055555555556,1.085282868921671,3.59856951274028,
2017-09-20 00:00:00,aeroporto,Aeroporto SBJV,23.615384615384617,20.0,26.0,76.65384615384616,2.0958701557718076,4.62673223066607,
2017-09-21 00:00:00,aeroporto,Aeroporto SBJV,22.125,18.0,27.0,79.729375,2.1848457755923096,4.62673223066607,
2017-09-22 00:00:00,aeroporto,Aeroporto SBJV,23.533333333333335,21.0,29.0,82.64,1.4394278050961093,2.57040679481448,
2017-09-23 00:00:00,aeroporto,Aeroporto SBJV,22.0,20.0,25.0,84.58142857142857,2.4235264065393696,4.62673223066607,
2017-09-24 00:00:00,aeroporto,Aeroporto SBJV,20.384615384615383,19.0,22.0,88.1376923076923,2.9263092740964876,4.62673223066607,
2017-09-25 00:00:00,aeroporto,Aeroporto SBJV,22.5,19.0,26.0,80.89928571428571,2.386806309470592,5.14081358962897,
2017-09-26 00:00:00,aeroporto,Aeroporto SBJV,21.3125,16.0,26.0,81.434375,1.7992847563701375,5.65489494859186,
2017-09-27 00:00:00,aeroporto,Aeroporto SBJV,23.133333333333333,17.0,28.0,74.98933333333333,1.8506928922664276,3.59856951274028,
2017-09-28 00:00:00,aeroporto,Aeroporto SBJV,20.357142857142858,19.0,22.0,86.93214285714285,2.8641675713647103,5.14081358962897,
2017-09-29 00:00:00,aeroporto,Aeroporto SBJV,18.571428571428573,18.0,19.0,93.52,2.166485727057922,4.62673223066607,
2017-09-30 00:00:00,aeroporto,Aeroporto SBJV,21.933333333333334,19.0,25.0,85.68533333333333,2.70749515720459,5.65489494859186,
2017-10-01 00:00:00,aeroporto,Aeroporto SBJV,27.666666666666668,18.0,33.0,61.422000000000004,2.7074951572045873,4.11265087170317,
2017-10-02 00:00:00,aeroporto,Aeroporto SBJV,22.714285714285715,19.0,25.0,73.09428571428572,2.86416757136471,6.16897630755476,
2017-10-03 00:00:00,aeroporto,Aeroporto SBJV,21.733333333333334,15.0,27.0,49.842666666666666,2.5361347042169564,5.65489494859186,
2017-10-04 00:00:00,aeroporto,Aeroporto SBJV,20.875,11.0,27.0,62.511250000000004,2.506146624944121,5.14081358962897,
2017-10-05 00:00:00,aeroporto,Aeroporto SBJV,20.857142857142858,13.0,26.0,75.63785714285714,1.8360048534389168,4.62673223066607,
2017-10-06 00:00:00,aeroporto,Aeroporto SBJV,23.0,17.0,27.0,86.04384615384615,2.4913173549740364,4.62673223066607,
2017-10-07 00:00:00,aeroporto,Aeroporto SBJV,19.8125,18.0,23.0,92.593125,3.34152883325883,5.65489494859186,
2017-10-08 00:00:00,aeroporto,Aeroporto SBJV,19.625,18.0,21.0,93.32375,1.477983907018328,2.57040679481448,
2017-10-09 00:00:00,aeroporto,Aeroporto SBJV,22.625,19.0,26.0,87.11375,1.7350245864997755,4.11265087170317,
2017-10-10 00:00:00,aeroporto,Aeroporto SBJV,22.214285714285715,17.0,26.0,90.32357142857143,1.6891244651638038,3.59856951274028,
2017-10-11 00:00:00,aeroporto,Aeroporto SBJV,23.866666666666667,18.0,31.0,82.11533333333334,3.4957532409476952,11.3097898971837,
2017-10-12 00:00:00,aeroporto,Aeroporto SBJV,23.357142857142858,18.0,27.0,85.75357142857142,3.1579283479149365,7.19713902548055,
2017-10-13 00:00:00,aeroporto,Aeroporto SBJV,24.2,20.0,28.0,86.48666666666666,2.638950976009536,5.65489494859186,
2017-10-14 00:00:00,aeroporto,Aeroporto SBJV,19.857142857142858,17.0,23.0,89.63571428571429,3.708729803946612,6.68305766651766,
2017-10-15 01:00:00,aeroporto,Aeroporto SBJV,18.083333333333332,17.0,20.0,92.515,1.8421248696170462,3.59856951274028,
2017-10-16 00:00:00,aeroporto,Aeroporto SBJV,20.266666666666666,17.0,22.0,82.44000000000001,1.884964982863954,4.62673223066607,
2017-10-17 00:00:00,aeroporto,Aeroporto SBJV,20.714285714285715,18.0,23.0,89.01285714285714,1.652404368095024,3.59856951274028,
2017-10-18 00:00:00,aeroporto,Aeroporto SBJV,24.53846153846154,20.0,28.0,77.16615384615385,2.530862074894259,4.11265087170317,
2017-10-19 00:00:00,aeroporto,Aeroporto SBJV,23.6875,21.0,28.0,87.18,2.6989271345552073,5.14081358962897,
2017-10-20 00:00:00,aeroporto,Aeroporto SBJV,20.384615384615383,19.0,22.0,84.48692307692308,1.502699356968468,2.05632543585159,
2017-10-21 00:00:00,aeroporto,Aeroporto SBJV,21.09090909090909,19.0,22.0,93.09636363636363,1.168366724915673,3.59856951274028,
2017-10-22 00:00:00,aeroporto,Aeroporto SBJV,21.307692307692307,16.0,26.0,78.19,3.163577593617826,5.14081358962897,
2017-10-23 00:00:00,aeroporto,Aeroporto SBJV,18.125,16.0,20.0,73.7025,2.024195350916405,3.59856951274028,
2017-10-24 00:00:00,aeroporto,Aeroporto SBJV,20.0625,16.0,23.0,77.741875,2.2169758605274916,4.11265087170317,
2017-10-25 00:00:00,aeroporto,Aeroporto SBJV,20.0625,18.0,22.0,93.363125,2.666797049620025,5.14081358962897,
2017-10-26 00:00:00,aeroporto,Aeroporto SBJV,23.4,18.0,28.0,82.71733333333333,1.6793324392787952,3.08448815377738,
2017-10-27 00:00:00,aeroporto,Aeroporto SBJV,24.266666666666666,20.0,27.0,76.71533333333333,2.0220533452540588,4.11265087170317,
2017-10-28 00:00:00,aeroporto,Aeroporto SBJV,27.5,21.0,34.0,55.23785714285714,4.149370968771952,6.16897630755476,
2017-10-29 00:00:00,aeroporto,Aeroporto SBJV,21.071428571428573,16.0,24.0,86.24428571428572,2.166485727057922,4.62673223066607,
2017-10-30 00:00:00,aeroporto,Aeroporto SBJV,22.785714285714285,20.0,25.0,84.03,2.8641675713647103,5.65489494859186,
2017-10-31 00:00:00,aeroporto,Aeroporto SBJV,22.6875,20.0,26.0,73.826875,4.273301296379079,7.19713902548055,
2017-11-01 00:00:00,aeroporto,Aeroporto SBJV,21.142857142857142,16.0,25.0,63.925000000000004,2.6805670860208175,5.65489494859186,
2017-11-02 00:00:00,aeroporto,Aeroporto SBJV,21.615384615384617,14.0,25.0,71.69153846153846,3.3217564732987173,6.68305766651766,
2017-11-03 00:00:00,aeroporto,Aeroporto SBJV,21.357142857142858,16.0,25.0,76.64714285714285,2.019605338782807,4.62673223066607,
2017-11-04 00:00:00,aeroporto,Aeroporto SBJV,20.666666666666668,17.0,23.0,90.09866666666667,2.2276858888392184,8.22530174340635,
2017-11-05 00:00:00,aeroporto,Aeroporto SBJV,20.545454545454547,17.0,23.0,76.91272727272727,2.0095907668549606,3.59856951274028,
2017-11-06 00:00:00,aeroporto,Aeroporto SBJV,19.357142857142858,18.0,21.0,86.61357142857142,1.5789641739574691,2.05632543585159,
2017-11-07 00:00:00,aeroporto,Aeroporto SBJV,20.133333333333333,17.0,23.0,84.51933333333334,1.576516167486217,3.08448815377738,
2017-11-08 00:00:00,aeroporto,Aeroporto SBJV,21.2,18.0,24.0,80.83533333333334,3.0502160631798527,5.65489494859186,
2017-11-09 00:00:00,aeroporto,Aeroporto SBJV,22.615384615384617,18.0,27.0,83.53692307692307,1.3049757573673526,3.08448815377738,
2017-11-10 00:00:00,aeroporto,Aeroporto SBJV,22.2,20.0,26.0,90.599,2.5704067948144838,4.62673223066607,
2017-11-11 00:00:00,aeroporto,Aeroporto SBJV,23.866666666666667,18.0,29.0,55.900666666666666,2.1248696170466386,4.11265087170317,
2017-11-12 00:00:00,aeroporto,Aeroporto SBJV,25.470588235294116,14.0,35.0,51.17823529411765,2.6006468747534774,7.71122038444345,
2017-11-13 00:00:00,aeroporto,Aeroporto SBJV,22.4,15.0,29.0,67.85666666666667,1.8849649828639534,4.11265087170317,
2017-11-14 00:00:00,aeroporto,Aeroporto SBJV,24.142857142857142,15.0,29.0,56.050000000000004,2.350086212401814,5.14081358962897,
2017-11-15 00:00:00,aeroporto,Aeroporto SBJV,23.133333333333333,14.0,28.0,73.86999999999999,2.7417672478021147,5.14081358962897,
2017-11-16 00:00:00,aeroporto,Aeroporto SBJV,28.0,20.0,36.0,71.58916666666667,2.9988079272835635,9.25346446133214,
2017-11-17 00:00:00,aeroporto,Aeroporto SBJV,23.266666666666666,20.0,27.0,84.12466666666667,1.5765161674862171,3.59856951274028,
2017-11-18 00:00:00,aeroporto,Aeroporto SBJV,21.857142857142858,20.0,23.0,94.16428571428571,1.7992847563701384,3.08448815377738,
2017-11-19 00:00:00,aeroporto,Aeroporto SBJV,20.46153846153846,19.0,22.0,86.69769230769231,2.09587015577181,4.11265087170317,
2017-11-20 00:00:00,aeroporto,Aeroporto SBJV,21.272727272727273,18.0,25.0,88.46454545454546,1.8693867598650782,2.57040679481448,
2017-11-21 00:00:00,aeroporto,Aeroporto SBJV,23.866666666666667,20.0,28.0,82.08200000000001,2.0563254358515866,3.59856951274028,
2017-11-22 00:00:00,aeroporto,Aeroporto SBJV,20.0,18.0,21.0,85.43285714285715,2.7907273772271535,4.62673223066607,
2017-11-23 00:00:00,aeroporto,Aeroporto SBJV,20.76923076923077,17.0,23.0,77.42076923076924,1.9376912760909177,3.08448815377738,
2017-11-24 00:00:00,aeroporto,Aeroporto SBJV,24.933333333333334,17.0,30.0,72.06133333333334,2.5704067948144824,5.14081358962897,
2017-11-25 00:00:00,aeroporto,Aeroporto SBJV,24.642857142857142,22.0,27.0,76.74785714285714,3.0110479596398245,6.68305766651766,
2017-11-26 00:00:00,aeroporto,Aeroporto SBJV,25.307692307692307,20.0,32.0,75.4423076923077,2.8076751143358205,8.22530174340635,
2017-11-27 00:00:00,aeroporto,Aeroporto SBJV,23.5625,20.0,26.0,76.04625,2.0241953509164055,4.62673223066607,
2017-11-28 00:00:00,aeroporto,Aeroporto SBJV,24.428571428571427,19.0,29.0,74.38428571428572,3.74544990101539,6.68305766651766,
2017-11-29 00:00:00,aeroporto,Aeroporto SBJV,23.866666666666667,20.0,26.0,69.89866666666667,2.844583519594694,6.68305766651766,
2017-11-30 00:00:00,aeroporto,Aeroporto SBJV,22.866666666666667,17.0,27.0,76.63533333333334,2.8788556101922222,5.65489494859186,
2017-12-01 00:00:00,aeroporto,Aeroporto SBJV,22.0,19.0,24.0,89.0,1.872724950507695,4.62673223066607,
2017-12-02 00:00:00,aeroporto,Aeroporto SBJV,23.666666666666668,19.0,28.0,75.42583333333333,2.5704067948144833,5.14081358962897,
2017-12-03 00:00:00,aeroporto,Aeroporto SBJV,24.2,21.0,28.0,82.824,2.6389509760095367,5.14081358962897,
2017-12-04 00:00:00,aeroporto,Aeroporto SBJV,25.0625,20.0,29.0,82.648125,2.634666964684845,5.14081358962897,
2017-12-05 00:00:00,aeroporto,Aeroporto SBJV,24.466666666666665,22.0,27.0,77.87266666666666,2.2619579794367453,5.14081358962897,
2017-12-06 00:00:00,aeroporto,Aeroporto SBJV,24.166666666666668,22.0,26.0,84.53083333333333,2.7846073610490225,5.65489494859186,
2017-12-07 00:00:00,aeroporto,Aeroporto SBJV,24.933333333333334,21.0,28.0,78.446,2.090597526449113,4.11265087170317,
2017-12-08 00:00:00,aeroporto,Aeroporto SBJV,25.285714285714285,23.0,29.0,78.45285714285714,2.9008876684334877,7.19713902548055,
2017-12-09 00:00:00,aeroporto,Aeroporto SBJV,24.8125,19.0,29.0,74.39375,2.4097563701385774,5.65489494859186,
2017-12-10 00:00:00,aeroporto,Aeroporto SBJV,26.818181818181817,20.0,33.0,71.49909090909091,2.149794773844842,4.11265087170317,
2017-12-11 00:00:00,aeroporto,Aeroporto SBJV,26.23076923076923,22.0,30.0,65.63461538461539,5.813073828272754,7.71122038444345,
2017-12-12 00:00:00,aeroporto,Aeroporto SBJV,22.071428571428573,21.0,23.0,66.24214285714285,1.9461651446452515,4.11265087170317,
2017-12-13 00:00:00,aeroporto,Aeroporto SBJV,24.53846153846154,19.0,27.0,70.12461538461538,3.3613011932189396,6.68305766651766,
2017-12-14 00:00:00,aeroporto,Aeroporto SBJV,26.214285714285715,22.0,31.0,70.78,2.5336866977457038,4.11265087170317,
2017-12-15 00:00:00,aeroporto,Aeroporto SBJV,26.0,22.0,30.0,80.13416666666667,2.313366115333034,4.11265087170317,
2017-12-16 00:00:00,aeroporto,Aeroporto SBJV,28.142857142857142,25.0,31.0,72.715,3.6352896098090555,7.19713902548055,
2017-12-17 00:00:00,aeroporto,Aeroporto SBJV,28.294117647058822,23.0,34.0,75.43823529411765,3.0542480738383864,7.71122038444345,
2017-12-18 00:00:00,aeroporto,Aeroporto SBJV,23.6,21.0,27.0,88.92866666666667,2.9816718819848007,5.14081358962897,
2017-12-19 00:00:00,aeroporto,Aeroporto SBJV,23.125,21.0,24.0,94.2025,1.6707644166294147,3.08448815377738,
2017-12-20 00:00:00,aeroporto,Aeroporto SBJV,24.666666666666668,22.0,27.0,89.36933333333333,2.056325435851586,4.62673223066607,
2017-12-21 00:00:00,aeroporto,Aeroporto SBJV,25.076923076923077,22.0,28.0,86.2623076923077,2.5704067948144838,5.14081358962897,
2017-12-22 00:00:00,aeroporto,Aeroporto SBJV,27.0,21.0,31.0,76.81,2.689040954575152,6.16897630755476,
2017-12-23 00:00:00,aeroporto,Aeroporto SBJV,27.928571428571427,23.0,35.0,81.89999999999999,1.7992847563701377,4.11265087170317,
2017-12-24 00:00:00,aeroporto,Aeroporto SBJV,25.0,22.0,29.0,92.03375,2.5382767098793027,6.68305766651766,
2017-12-25 00:00:00,aeroporto,Aeroporto SBJV,21.0,20.0,22.0,92.22533333333334,1.3366115333035309,2.57040679481448,
2017-12-26 00:00:00,aeroporto,Aeroporto SBJV,22.076923076923077,20.0,25.0,90.32461538461538,1.1863415976066838,2.05632543585159,
2017-12-27 00:00:00,aeroporto,Aeroporto SBJV,25.333333333333332,21.0,28.0,85.28083333333333,2.1848457755923114,3.59856951274028,
2017-12-28 00:00:00,aeroporto,Aeroporto SBJV,26.533333333333335,23.0,30.0,81.894,3.290120697362539,6.68305766651766,
2017-12-29 00:00:00,aeroporto,Aeroporto SBJV,22.866666666666667,21.0,25.0,94.19066666666666,1.2680673521084784,3.59856951274028,
2017-12-30 00:00:00,aeroporto,Aeroporto SBJV,24.583333333333332,22.0,27.0,84.58583333333333,2.5704067948144833,4.62673223066607,
2017-12-31 00:00:00,aeroporto,Aeroporto SBJV,24.916666666666668,22.0,28.0,86.11916666666667,1.7564446431232288,3.59856951274028,
2018-01-01 00:00:00,aeroporto,Aeroporto SBJV,26.647058823529413,23.0,31.0,85.3664705882353,2.328486155302531,4.11265087170317,
2018-01-02 00:00:00,aeroporto,Aeroporto SBJV,28.285714285714285,23.0,34.0,74.67571428571429,2.3500862124018127,6.16897630755476,
2018-01-03 00:00:00,aeroporto,Aeroporto SBJV,26.133333333333333,22.0,30.0,77.10799999999999,2.8788556101922227,6.16897630755476,
2018-01-04 00:00:00,aeroporto,Aeroporto SBJV,25.923076923076923,17.0,31.0,65.85307692307693,2.3726831952133685,4.62673223066607,
2018-01-05 00:00:00,aeroporto,Aeroporto SBJV,26.357142857142858,19.0,30.0,71.88785714285714,3.4516891244651626,7.19713902548055,
2018-01-06 00:00:00,aeroporto,Aeroporto SBJV,26.692307692307693,23.0,33.0,76.13615384615385,3.7172036725009416,11.3097898971837,
2018-01-07 00:00:00,aeroporto,Aeroporto SBJV,23.571428571428573,21.0,25.0,77.2957142857143,3.0110479596398236,5.14081358962897,
2018-01-08 00:00:00,aeroporto,Aeroporto SBJV,23.0,23.0,23.0,75.815,2.57040679481448,2.57040679481448,
2018-01-09 00:00:00,aeroporto,Aeroporto SBJV,22.866666666666667,21.0,24.0,92.66000000000001,1.130978989718373,2.05632543585159,
2018-01-10 00:00:00,aeroporto,Aeroporto SBJV,23.928571428571427,22.0,25.0,94.22,1.395363688613576,4.11265087170317,
2018-01-11 00:00:00,aeroporto,Aeroporto SBJV,24.235294117647058,21.0,28.0,90.26882352941176,1.5422440768886896,3.08448815377738,
2018-01-12 00:00:00,aeroporto,Aeroporto SBJV,25.285714285714285,19.0,31.0,82.93357142857143,1.5789641739574682,4.62673223066607,
2018-01-13 00:00:00,aeroporto,Aeroporto SBJV,26.0,21.0,31.0,83.22230769230768,2.8867645541762648,8.73938310236924,
2018-01-14 00:00:00,aeroporto,Aeroporto SBJV,28.0,24.0,33.0,77.687,2.776039338399638,10.2816271792579,
2018-01-15 00:00:00,aeroporto,Aeroporto SBJV,29.642857142857142,24.0,35.0,68.59785714285714,2.7172871830895957,5.65489494859186,
2018-01-16 00:00:00,aeroporto,Aeroporto SBJV,26.857142857142858,24.0,30.0,87.39428571428572,2.9376077655022668,6.68305766651766,
2018-01-17 00:00:00,aeroporto,Aeroporto SBJV,25.5,23.0,29.0,93.44500000000001,1.1383230091321277,3.08448815377738,
2018-01-18 00:00:00,aeroporto,Aeroporto SBJV,28.6,24.0,35.0,77.902,2.7074951572045887,4.11265087170317,
2018-01-19 00:00:00,aeroporto,Aeroporto SBJV,25.153846153846153,23.0,27.0,87.81076923076922,2.412227915133592,5.14081358962897,
2018-01-20 00:00:00,aeroporto,Aeroporto SBJV,23.46153846153846,22.0,26.0,93.44538461538461,1.3840651972077986,2.57040679481448,
2018-01-21 00:00:00,aeroporto,Aeroporto SBJV,25.0,21.0,28.0,91.20071428571428,1.7625646593013584,2.57040679481448,
2018-01-22 00:00:00,aeroporto,Aeroporto SBJV,26.133333333333333,22.0,32.0,86.41000000000001,2.159141707644166,4.11265087170317,
2018-01-23 00:00:00,aeroporto,Aeroporto SBJV,27.5,22.0,35.0,81.75071428571428,3.1579283479149356,5.65489494859186,
2018-01-24 00:00:00,aeroporto,Aeroporto SBJV,27.214285714285715,22.0,34.0,82.16142857142857,2.166485727057922,5.14081358962897,
2018-01-25 00:00:00,aeroporto,Aeroporto SBJV,25.071428571428573,22.0,28.0,87.3157142857143,2.4602465036081473,5.65489494859186,
2018-01-26 00:00:00,aeroporto,Aeroporto SBJV,21.4375,20.0,23.0,93.189375,2.249105945462673,4.62673223066607,
2018-01-27 00:00:00,aeroporto,Aeroporto SBJV,22.714285714285715,19.0,25.0,86.89857142857143,1.5789641739574674,3.08448815377738,
2018-01-28 00:00:00,aeroporto,Aeroporto SBJV,26.0,21.0,29.0,80.97705882352942,1.6027242367666779,3.08448815377738,
2018-01-29 00:00:00,aeroporto,Aeroporto SBJV,24.357142857142858,21.0,27.0,89.56785714285715,2.9008876684334894,5.14081358962897,
2018-01-30 00:00:00,aeroporto,Aeroporto SBJV,25.125,19.0,29.0,74.234375,3.6306995976754584,6.68305766651766,
2018-01-31 00:00:00,aeroporto,Aeroporto SBJV,25.0,21.0,27.0,79.743125,3.5664394278050953,7.19713902548055,
2018-02-01 00:00:00,aeroporto,Aeroporto SBJV,24.1875,21.0,28.0,81.23625,2.5704067948144824,6.16897630755476,
2018-02-02 00:00:00,aeroporto,Aeroporto SBJV,25.5,21.0,29.0,78.28357142857143,2.86416757136471,6.16897630755476,
2018-02-03 00:00:00,aeroporto,Aeroporto SBJV,25.071428571428573,20.0,30.0,73.15214285714286,3.8556101922217256,7.19713902548055,
2018-02-04 00:00:00,aeroporto,Aeroporto SBJV,24.857142857142858,20.0,27.0,69.42357142857142,2.9376077655022663,4.62673223066607,
2018-02-05 00:00:00,aeroporto,Aeroporto SBJV,21.923076923076923,19.0,25.0,88.33,1.3840651972077975,4.11265087170317,
2018-02-06 00:00:00,aeroporto,Aeroporto SBJV,24.875,17.0,29.0,72.356875,2.8595775592311123,6.68305766651766,
2018-02-07 00:00:00,aeroporto,Aeroporto SBJV,26.0,19.0,30.0,70.88214285714285,2.7540072801583753,5.14081358962897,
2018-02-08 00:00:00,aeroporto,Aeroporto SBJV,27.133333333333333,23.0,31.0,76.11200000000001,2.7760393383996407,5.65489494859186,
2018-02-09 00:00:00,aeroporto,Aeroporto SBJV,27.4375,23.0,31.0,83.93625,2.4418864550737585,5.65489494859186,
2018-02-10 00:00:00,aeroporto,Aeroporto SBJV,28.363636363636363,25.0,31.0,84.37545454545455,2.3367334498313492,6.16897630755476,
2018-02-11 00:00:00,aeroporto,Aeroporto SBJV,25.0,24.0,26.0,94.185,3.08448815377738,3.59856951274028,
2018-02-12 00:00:00,aeroporto,Aeroporto SBJV,21.875,21.0,23.0,89.555,1.9920652659812241,4.11265087170317,
2018-02-13 00:00:00,aeroporto,Aeroporto SBJV,19.75,19.0,22.0,93.487,1.8249888243182812,2.57040679481448,
2018-02-14 00:00:00,aeroporto,Aeroporto SBJV,22.11764705882353,19.0,25.0,80.25411764705882,1.5724841568276837,4.62673223066607,
2018-02-15 00:00:00,aeroporto,Aeroporto SBJV,21.0,19.0,23.0,92.98,1.2852033974072403,2.57040679481448,
2018-02-16 00:00:00,aeroporto,Aeroporto SBJV,22.76923076923077,20.0,25.0,84.45615384615385,1.384065197207799,2.05632543585159,
2018-02-17 00:00:00,aeroporto,Aeroporto SBJV,23.625,19.0,26.0,81.484375,1.6065042467590527,3.59856951274028,
2018-02-18 00:00:00,aeroporto,Aeroporto SBJV,24.8,21.0,28.0,81.15533333333333,1.8164208016689014,4.11265087170317,
2018-02-19 00:00:00,aeroporto,Aeroporto SBJV,24.8,22.0,28.0,89.87133333333333,1.233795261510951,3.08448815377738,
2018-02-20 00:00:00,aeroporto,Aeroporto SBJV,26.428571428571427,23.0,31.0,83.47,1.5789641739574676,3.59856951274028,
2018-02-21 00:00:00,aeroporto,Aeroporto SBJV,27.133333333333333,23.0,33.0,77.78666666666666,3.290120697362539,5.14081358962897,
2018-02-22 00:00:00,aeroporto,Aeroporto SBJV,25.571428571428573,21.0,30.0,81.38571428571429,2.6438469889520397,5.14081358962897,
2018-02-23 00:00:00,aeroporto,Aeroporto SBJV,24.8125,19.0,29.0,75.393125,2.666797049620026,5.65489494859186,
2018-02-24 00:00:00,aeroporto,Aeroporto SBJV,24.071428571428573,20.0,28.0,82.875,2.6071268918832606,5.65489494859186,
2018-02-25 00:00:00,aeroporto,Aeroporto SBJV,25.0,21.0,28.0,79.89823529411764,3.0844881537773787,6.68305766651766,
2018-02-26 00:00:00,aeroporto,Aeroporto SBJV,25.933333333333334,20.0,30.0,78.42933333333333,1.7136045298763212,5.14081358962897,
2018-02-27 00:00:00,aeroporto,Aeroporto SBJV,26.0,21.0,31.0,80.82823529411765,2.2377659154855496,4.62673223066607,
2018-02-28 00:00:00,aeroporto,Aeroporto SBJV,25.4,22.0,30.0,85.974,2.056325435851586,5.14081358962897,
2018-03-01 00:00:00,aeroporto,Aeroporto SBJV,27.0,22.0,30.0,81.27250000000001,1.4137237371479654,4.11265087170317,
2018-03-02 00:00:00,aeroporto,Aeroporto SBJV,25.571428571428573,23.0,31.0,89.22642857142857,1.7625646593013593,3.59856951274028,
2018-03-03 00:00:00,aeroporto,Aeroporto SBJV,26.25,23.0,29.0,83.57875,2.2169758605274925,5.14081358962897,
2018-03-04 00:00:00,aeroporto,Aeroporto SBJV,25.846153846153847,23.0,28.0,87.36615384615385,2.6494962346549285,5.65489494859186,
2018-03-05 00:00:00,aeroporto,Aeroporto SBJV,25.0,22.0,30.0,88.56625,1.9278050961108613,4.11265087170317,
2018-03-06 00:00:00,aeroporto,Aeroporto SBJV,26.071428571428573,20.0,31.0,81.72,1.8360048534389162,4.11265087170317,
2018-03-07 00:00:00,aeroporto,Aeroporto SBJV,22.933333333333334,21.0,24.0,88.44666666666667,1.6107882580837425,4.11265087170317,
2018-03-08 00:00:00,aeroporto,Aeroporto SBJV,23.23076923076923,20.0,26.0,81.9223076923077,1.6213335167291363,3.08448815377738,
2018-03-09 00:00:00,aeroporto,Aeroporto SBJV,24.571428571428573,20.0,27.0,80.235,1.9461651446452517,3.59856951274028,
2018-03-10 00:00:00,aeroporto,Aeroporto SBJV,25.933333333333334,22.0,29.0,83.96933333333332,2.0220533452540606,4.62673223066607,
2018-03-11 00:00:00,aeroporto,Aeroporto SBJV,27.823529411764707,22.0,33.0,79.20529411764706,2.0563254358515866,3.59856951274028,
2018-03-12 00:00:00,aeroporto,Aeroporto SBJV,25.266666666666666,23.0,29.0,80.63666666666667,3.6328416033378024,6.68305766651766,
2018-03-13 00:00:00,aeroporto,Aeroporto SBJV,24.3125,21.0,27.0,84.035625,1.8956750111756806,4.11265087170317,
2018-03-14 00:00:00,aeroporto,Aeroporto SBJV,24.083333333333332,22.0,28.0,92.96333333333332,2.2705260020861266,4.11265087170317,
2018-03-15 00:00:00,aeroporto,Aeroporto SBJV,25.923076923076923,20.0,32.0,81.17999999999999,1.8190571163302502,3.59856951274028,
2018-03-16 00:00:00,aeroporto,Aeroporto SBJV,24.666666666666668,20.0,28.0,81.15333333333334,2.356206228579943,4.62673223066607,
2018-03-17 00:00:00,aeroporto,Aeroporto SBJV,23.8125,22.0,25.0,92.159375,1.1888131426016983,2.57040679481448,
2018-03-18 00:00:00,aeroporto,Aeroporto SBJV,26.6,22.0,29.0,84.96333333333334,2.2276858888392175,4.11265087170317,
2018-03-19 00:00:00,aeroporto,Aeroporto SBJV,27.066666666666666,23.0,33.0,85.35066666666667,3.050216063179853,7.71122038444345,
2018-03-20 00:00:00,aeroporto,Aeroporto SBJV,22.8,21.0,26.0,89.70466666666667,2.5361347042169577,5.14081358962897,
2018-03-21 00:00:00,aeroporto,Aeroporto SBJV,22.071428571428573,20.0,23.0,89.36857142857143,1.5422440768886898,2.57040679481448,
2018-03-22 00:00:00,aeroporto,Aeroporto SBJV,22.9375,20.0,25.0,83.549375,1.5101139919535085,4.11265087170317,
2018-03-23 00:00:00,aeroporto,Aeroporto SBJV,26.333333333333332,21.0,29.0,79.51916666666666,2.0134853226046787,3.59856951274028,
2018-03-24 00:00:00,aeroporto,Aeroporto SBJV,26.76923076923077,22.0,30.0,86.15461538461538,1.7795123964100268,3.59856951274028,
2018-03-25 00:00:00,aeroporto,Aeroporto SBJV,26.1875,24.0,30.0,87.270625,2.4418864550737593,6.16897630755476,
2018-03-26 00:00:00,aeroporto,Aeroporto SBJV,19.866666666666667,19.0,20.0,94.77399999999999,1.507971986291164,2.57040679481448,
2018-03-27 00:00:00,aeroporto,Aeroporto SBJV,23.058823529411764,20.0,25.0,90.34235294117647,1.239843277498751,2.05632543585159,
2018-03-28 00:00:00,aeroporto,Aeroporto SBJV,24.785714285714285,22.0,27.0,88.17714285714285,1.5789641739574676,3.59856951274028,
2018-03-29 00:00:00,aeroporto,Aeroporto SBJV,24.357142857142858,22.0,27.0,94.01142857142858,2.019605338782808,5.65489494859186,
2018-03-30 00:00:00,aeroporto,Aeroporto SBJV,25.214285714285715,22.0,28.0,88.66071428571429,2.2032058241266994,5.65489494859186,
2018-03-31 00:00:00,aeroporto,Aeroporto SBJV,24.714285714285715,22.0,28.0,92.29071428571429,1.248483300338462,3.08448815377738,
2018-04-01 00:00:00,aeroporto,Aeroporto SBJV,25.714285714285715,22.0,29.0,87.59,1.5055239798199123,2.57040679481448,
2018-04-02 00:00:00,aeroporto,Aeroporto SBJV,27.6875,23.0,33.0,75.655,1.5422440768886894,3.08448815377738,
2018-04-03 00:00:00,aeroporto,Aeroporto SBJV,25.4,23.0,29.0,76.963,3.649977648636567,5.14081358962897,
2018-04-04 00:00:00,aeroporto,Aeroporto SBJV,24.0,21.0,28.0,85.99214285714287,1.9828852417140292,4.62673223066607,
2018-04-05 00:00:00,aeroporto,Aeroporto SBJV,23.214285714285715,19.0,26.0,86.06214285714285,1.8360048534389168,4.62673223066607,
2018-04-06 00:00:00,aeroporto,Aeroporto SBJV,24.2,20.0,27.0,81.98733333333332,2.2276858888392193,5.14081358962897,
2018-04-07 00:00:00,aeroporto,Aeroporto SBJV,24.166666666666668,19.0,29.0,82.87083333333334,2.0134853226046787,4.11265087170317,
2018-04-08 00:00:00,aeroporto,Aeroporto SBJV,25.46153846153846,19.0,29.0,77.27615384615385,1.9772359960111414,4.11265087170317,
2018-04-09 00:00:00,aeroporto,Aeroporto SBJV,24.8,21.0,29.0,82.878,2.056325435851586,5.14081358962897,
2018-04-10 00:00:00,aeroporto,Aeroporto SBJV,25.857142857142858,20.0,29.0,76.20214285714285,2.093045532920365,3.59856951274028,
2018-04-11 00:00:00,aeroporto,Aeroporto SBJV,25.3125,21.0,29.0,75.040625,2.184845775592309,4.62673223066607,
2018-04-12 00:00:00,aeroporto,Aeroporto SBJV,25.0,18.0,30.0,79.158,1.6107882580837418,4.11265087170317,
2018-04-13 00:00:00,aeroporto,Aeroporto SBJV,25.4375,18.0,29.0,77.916875,3.7592199374161828,6.16897630755476,
2018-04-14 00:00:00,aeroporto,Aeroporto SBJV,20.733333333333334,19.0,22.0,90.23733333333332,1.7478766204738472,3.08448815377738,
2018-04-15 00:00:00,aeroporto,Aeroporto SBJV,20.692307692307693,19.0,23.0,90.77384615384615,1.6608782366493584,3.59856951274028,
2018-04-16 00:00:00,aeroporto,Aeroporto SBJV,20.875,19.0,24.0,88.811875,1.83141484130532,3.08448815377738,
2018-04-17 00:00:00,aeroporto,Aeroporto SBJV,20.571428571428573,17.0,23.0,93.82642857142856,1.5422440768886894,3.08448815377738,
2018-04-18 00:00:00,aeroporto,Aeroporto SBJV,22.066666666666666,16.0,27.0,83.16733333333333,1.782148711071374,4.62673223066607,
2018-04-19 00:00:00,aeroporto,Aeroporto SBJV,23.214285714285715,16.0,27.0,78.15857142857143,1.395363688613576,3.08448815377738,
2018-04-20 00:00:00,aeroporto,Aeroporto SBJV,23.133333333333333,15.0,29.0,75.95666666666666,1.6793324392787952,3.08448815377738,
2018-04-21 00:00:00,aeroporto,Aeroporto SBJV,22.642857142857142,15.0,28.0,76.62714285714286,1.3953636886135763,2.57040679481448,
2018-04-22 00:00:00,aeroporto,Aeroporto SBJV,22.6,16.0,29.0,80.20933333333332,1.610788258083742,4.11265087170317,
2018-04-23 00:00:00,aeroporto,Aeroporto SBJV,22.583333333333332,17.0,27.0,84.02583333333334,0.9424824914319759,2.57040679481448,
2018-04-24 00:00:00,aeroporto,Aeroporto SBJV,23.866666666666667,19.0,28.0,81.37333333333332,1.3708836239010571,4.11265087170317,
2018-04-25 00:00:00,aeroporto,Aeroporto SBJV,24.53846153846154,18.0,28.0,77.28846153846153,2.4517726350538154,4.62673223066607,
2018-04-26 00:00:00,aeroporto,Aeroporto SBJV,23.9375,20.0,28.0,83.0775,1.767154671434957,5.65489494859186,
2018-04-27 00:00:00,aeroporto,Aeroporto SBJV,24.714285714285715,20.0,29.0,83.19857142857143,1.5422440768886891,3.59856951274028,
2018-04-28 00:00:00,aeroporto,Aeroporto SBJV,24.8,21.0,29.0,83.94866666666667,1.5765161674862171,3.08448815377738,
2018-04-29 00:00:00,aeroporto,Aeroporto SBJV,25.153846153846153,21.0,28.0,83.38230769230769,2.016780715931363,4.62673223066607,
2018-04-30 00:00:00,aeroporto,Aeroporto SBJV,26.266666666666666,20.0,30.0,81.16733333333333,1.6450603486812687,3.59856951274028,
2018-05-01 00:00:00,aeroporto,Aeroporto SBJV,23.625,21.0,26.0,86.611875,2.313366115333034,4.11265087170317,
2018-05-02 00:00:00,aeroporto,Aeroporto SBJV,21.75,21.0,22.0,96.275,2.6346669646848455,4.62673223066607,
2018-05-03 00:00:00,aeroporto,Aeroporto SBJV,24.0,21.0,27.0,87.3575,1.1566830576665168,2.57040679481448,
2018-05-04 00:00:00,aeroporto,Aeroporto SBJV,25.076923076923077,21.0,30.0,87.55461538461539,1.779512396410027,3.59856951274028,
2018-05-05 00:00:00,aeroporto,Aeroporto SBJV,24.666666666666668,21.0,28.0,87.62333333333335,2.261957979436745,4.11265087170317,
2018-05-06 00:00:00,aeroporto,Aeroporto SBJV,23.6,22.0,25.0,87.222,2.3305021606317973,4.11265087170317,
2018-05-07 00:00:00,aeroporto,Aeroporto SBJV,21.692307692307693,20.0,24.0,90.73538461538462,1.8586018362504713,4.11265087170317,
2018-05-08 00:00:00,aeroporto,Aeroporto SBJV,19.785714285714285,19.0,21.0,96.99000000000001,1.836004853438917,3.08448815377738,
2018-05-09 00:00:00,aeroporto,Aeroporto SBJV,21.307692307692307,19.0,25.0,89.26615384615386,1.3445204772875754,3.59856951274028,
2018-05-10 00:00:00,aeroporto,Aeroporto SBJV,21.8,17.0,27.0,82.33466666666666,1.6107882580837418,4.11265087170317,
2018-05-11 00:00:00,aeroporto,Aeroporto SBJV,22.615384615384617,16.0,26.0,88.03769230769231,1.2654310374471294,2.57040679481448,
2018-05-12 00:00:00,aeroporto,Aeroporto SBJV,21.428571428571427,17.0,27.0,72.72428571428571,2.1664857270579216,4.62673223066607,
2018-05-13 00:00:00,aeroporto,Aeroporto SBJV,20.615384615384617,17.0,23.0,80.0469230769231,1.6608782366493573,4.11265087170317,
2018-05-14 00:00:00,aeroporto,Aeroporto SBJV,21.066666666666666,17.0,25.0,81.54133333333334,1.5079719862911638,4.11265087170317,
2018-05-15 00:00:00,aeroporto,Aeroporto SBJV,21.933333333333334,15.0,26.0,83.78066666666668,1.5422440768886887,3.08448815377738,
2018-05-16 00:00:00,aeroporto,Aeroporto SBJV,21.714285714285715,18.0,25.0,79.96714285714286,2.5704067948144824,4.62673223066607,
2018-05-17 00:00:00,aeroporto,Aeroporto SBJV,18.928571428571427,18.0,20.0,88.35214285714287,1.5055239798199114,2.05632543585159,
2018-05-18 00:00:00,aeroporto,Aeroporto SBJV,22.0,16.0,25.0,85.51357142857144,1.2117632032696837,2.57040679481448,
2018-05-19 00:00:00,aeroporto,Aeroporto SBJV,19.714285714285715,16.0,24.0,68.60785714285714,2.7907273772271535,5.14081358962897,
2018-05-20 00:00:00,aeroporto,Aeroporto SBJV,18.25,14.0,23.0,47.426875,3.3736589181940104,6.16897630755476,
2018-05-21 00:00:00,aeroporto,Aeroporto SBJV,14.357142857142858,9.0,21.0,73.64142857142858,1.7625646593013593,3.08448815377738,
2018-05-22 00:00:00,aeroporto,Aeroporto SBJV,15.461538461538462,7.0,21.0,82.88692307692307,1.3840651972077986,3.08448815377738,
2018-05-23 00:00:00,aeroporto,Aeroporto SBJV,18.0,13.0,21.0,74.20615384615385,2.2935937553729224,4.62673223066607,
2018-05-24 00:00:00,aeroporto,Aeroporto SBJV,17.6,13.0,21.0,80.83999999999999,1.7821487110713743,4.11265087170317,
2018-05-25 00:00:00,aeroporto,Aeroporto SBJV,17.357142857142858,16.0,19.0,86.67357142857144,1.2484833003384637,2.05632543585159,
2018-05-26 00:00:00,aeroporto,Aeroporto SBJV,18.583333333333332,16.0,22.0,91.45083333333334,0.4712412457159878,1.54224407688869,
2018-05-27 00:00:00,aeroporto,Aeroporto SBJV,20.53846153846154,13.0,25.0,81.41076923076922,1.6608782366493577,3.08448815377738,
2018-05-28 00:00:00,aeroporto,Aeroporto SBJV,19.785714285714285,15.0,25.0,86.27642857142857,1.5789641739574676,4.62673223066607,
2018-05-29 00:00:00,aeroporto,Aeroporto SBJV,20.166666666666668,16.0,25.0,83.61583333333333,1.32804351065415,3.59856951274028,
2018-05-30 00:00:00,aeroporto,Aeroporto SBJV,19.533333333333335,13.0,25.0,85.83066666666667,1.0967068991208457,3.59856951274028,
2018-05-31 00:00:00,aeroporto,Aeroporto SBJV,19.642857142857142,16.0,23.0,86.19642857142857,1.542244076888689,3.59856951274028,
2018-06-01 00:00:00,aeroporto,Aeroporto SBJV,19.25,14.0,23.0,93.259375,1.3815936522127836,2.57040679481448,
2018-06-02 00:00:00,aeroporto,Aeroporto SBJV,18.923076923076923,17.0,21.0,95.36384615384615,2.2540490354527014,4.11265087170317,
2018-06-03 00:00:00,aeroporto,Aeroporto SBJV,14.933333333333334,11.0,17.0,83.30799999999999,1.7478766204738478,3.08448815377738,
2018-06-04 00:00:00,aeroporto,Aeroporto SBJV,14.6,12.0,16.0,91.49733333333333,0.5140813589628961,1.54224407688869,
2018-06-05 00:00:00,aeroporto,Aeroporto SBJV,16.214285714285715,15.0,17.0,93.43785714285715,0.8078421355131215,1.54224407688869,
2018-06-06 00:00:00,aeroporto,Aeroporto SBJV,16.8,12.0,21.0,65.78466666666667,2.056325435851586,4.11265087170317,
2018-06-07 00:00:00,aeroporto,Aeroporto SBJV,14.2,12.0,17.0,92.25399999999999,0.8225301743406331,1.54224407688869,
2018-06-08 00:00:00,aeroporto,Aeroporto SBJV,13.384615384615385,5.0,20.0,72.06923076923077,1.3840651972077984,3.08448815377738,
2018-06-09 00:00:00,aeroporto,Aeroporto SBJV,11.461538461538462,4.0,21.0,85.97692307692309,1.2654310374471291,2.05632543585159,
2018-06-10 00:00:00,aeroporto,Aeroporto SBJV,17.615384615384617,13.0,21.0,87.40846153846154,1.2258863175269072,3.08448815377738,
2018-06-11 00:00:00,aeroporto,Aeroporto SBJV,18.4375,15.0,21.0,93.35062500000001,1.0602928028609728,1.54224407688869,
2018-06-12 00:00:00,aeroporto,Aeroporto SBJV,21.176470588235293,19.0,25.0,91.2694117647059,2.1470456756685685,3.59856951274028,
2018-06-13 00:00:00,aeroporto,Aeroporto SBJV,19.647058823529413,16.0,24.0,75.07411764705883,2.751847274448447,4.62673223066607,
2018-06-14 00:00:00,aeroporto,Aeroporto SBJV,12.857142857142858,10.0,16.0,77.9407142857143,1.5422440768886898,3.08448815377738,
2018-06-15 00:00:00,aeroporto,Aeroporto SBJV,10.823529411764707,10.0,11.0,97.34411764705882,1.4515238370717074,3.08448815377738,
2018-06-16 00:00:00,aeroporto,Aeroporto SBJV,11.727272727272727,10.0,13.0,85.07909090909091,1.4020400698988091,2.57040679481448,
2018-06-17 00:00:00,aeroporto,Aeroporto SBJV,13.833333333333334,11.0,16.0,91.84083333333332,1.113842944419608,2.57040679481448,
2018-06-18 00:00:00,aeroporto,Aeroporto SBJV,16.76923076923077,14.0,20.0,87.03461538461539,1.5422440768886883,3.08448815377738,
2018-06-19 00:00:00,aeroporto,Aeroporto SBJV,16.8,15.0,20.0,95.31333333333333,0.9596185367307383,1.54224407688869,
2018-06-20 00:00:00,aeroporto,Aeroporto SBJV,17.3125,11.0,23.0,85.93125,0.93177246312025,2.05632543585159,
2018-06-21 00:00:00,aeroporto,Aeroporto SBJV,17.571428571428573,9.0,24.0,88.115,1.3953636886135765,2.57040679481448,
2018-06-22 00:00:00,aeroporto,Aeroporto SBJV,17.25,14.0,19.0,86.925,1.7671546714349575,3.08448815377738,
2018-06-23 00:00:00,aeroporto,Aeroporto SBJV,17.0,14.0,21.0,91.6325,0.6104716137684392,2.05632543585159,
2018-06-24 00:00:00,aeroporto,Aeroporto SBJV,16.625,14.0,18.0,90.4175,2.3133661153330345,4.62673223066607,
2018-06-25 00:00:00,aeroporto,Aeroporto SBJV,17.0,15.0,19.0,94.00076923076924,1.028162717925792,1.54224407688869,
2018-06-26 00:00:00,aeroporto,Aeroporto SBJV,16.714285714285715,16.0,18.0,94.76357142857144,2.7540072801583753,4.62673223066607,
2018-06-27 00:00:00,aeroporto,Aeroporto SBJV,17.615384615384617,15.0,20.0,94.49076923076925,1.8586018362504722,4.62673223066607,
2018-06-28 00:00:00,aeroporto,Aeroporto SBJV,18.071428571428573,12.0,23.0,91.285,1.101602912063349,2.57040679481448,
2018-06-29 00:00:00,aeroporto,Aeroporto SBJV,19.142857142857142,17.0,22.0,91.79285714285716,1.1383230091321277,2.05632543585159,
2018-06-30 00:00:00,aeroporto,Aeroporto SBJV,19.0,16.0,24.0,91.51428571428572,1.872724950507694,6.68305766651766,
2018-07-01 00:00:00,aeroporto,Aeroporto SBJV,19.0,17.0,23.0,88.43071428571429,0.88128232965068,2.05632543585159,
2018-07-02 00:00:00,aeroporto,Aeroporto SBJV,17.9,16.0,21.0,96.398,0.9767545820295027,2.05632543585159,
2018-07-03 00:00:00,aeroporto,Aeroporto SBJV,15.375,13.0,17.0,87.264375,3.694959767545821,5.14081358962897,
2018-07-04 00:00:00,aeroporto,Aeroporto SBJV,13.0,12.0,14.0,97.3092857142857,1.542244076888691,2.57040679481448,
2018-07-05 00:00:00,aeroporto,Aeroporto SBJV,16.5,13.0,20.0,89.118125,1.349463567277603,2.57040679481448,
2018-07-06 00:00:00,aeroporto,Aeroporto SBJV,16.4,15.0,17.0,93.44533333333334,1.2337952615109515,2.05632543585159,
2018-07-07 00:00:00,aeroporto,Aeroporto SBJV,18.285714285714285,16.0,24.0,91.05,1.5055239798199105,2.57040679481448,
2018-07-08 00:00:00,aeroporto,Aeroporto SBJV,21.4,16.0,28.0,73.85,3.1187602443749074,5.14081358962897,
2018-07-09 00:00:00,aeroporto,Aeroporto SBJV,15.4,13.0,18.0,80.57199999999999,1.096706899120846,3.08448815377738,
2018-07-10 00:00:00,aeroporto,Aeroporto SBJV,13.642857142857142,8.0,19.0,75.32357142857143,2.0563254358515866,5.14081358962897,
2018-07-11 00:00:00,aeroporto,Aeroporto SBJV,12.0,5.0,19.0,78.08500000000001,2.019605338782807,4.11265087170317,
2018-07-12 00:00:00,aeroporto,Aeroporto SBJV,13.166666666666666,6.0,18.0,72.24333333333333,2.0563254358515857,4.62673223066607,
2018-07-13 00:00:00,aeroporto,Aeroporto SBJV,13.571428571428571,5.0,20.0,80.44500000000001,1.1750431062009064,2.05632543585159,
2018-07-14 00:00:00,aeroporto,Aeroporto SBJV,16.133333333333333,8.0,22.0,84.05266666666667,1.302339442706004,3.08448815377738,
2018-07-15 00:00:00,aeroporto,Aeroporto SBJV,17.142857142857142,12.0,25.0,89.62,1.0648828149945713,3.08448815377738,
2018-07-16 00:00:00,aeroporto,Aeroporto SBJV,20.25,12.0,25.0,82.86687500000001,2.2812360303978525,6.16897630755476,
2018-07-17 00:00:00,aeroporto,Aeroporto SBJV,20.77777777777778,15.0,24.0,87.18277777777777,2.1991258133412797,5.65489494859186,
2018-07-18 00:00:00,aeroporto,Aeroporto SBJV,19.352941176470587,16.0,23.0,88.92882352941176,1.8144047963396357,3.59856951274028,
2018-07-19 00:00:00,aeroporto,Aeroporto SBJV,18.266666666666666,16.0,24.0,93.01466666666667,1.1995231709134233,3.08448815377738,
2018-07-20 00:00:00,aeroporto,Aeroporto SBJV,19.625,15.0,26.0,87.89625,1.2209432275368792,3.08448815377738,
2018-07-21 00:00:00,aeroporto,Aeroporto SBJV,17.416666666666668,14.0,21.0,80.13833333333334,3.9412904187155413,6.68305766651766,
2018-07-22 00:00:00,aeroporto,Aeroporto SBJV,16.5,14.0,18.0,86.754375,1.6386343316942331,3.08448815377738,
2018-07-23 00:00:00,aeroporto,Aeroporto SBJV,18.923076923076923,15.0,23.0,84.63384615384615,2.0563254358515852,5.14081358962897,
2018-07-24 00:00:00,aeroporto,Aeroporto SBJV,16.142857142857142,16.0,17.0,93.01142857142858,1.211763203269684,2.57040679481448,
2018-07-25 00:00:00,aeroporto,Aeroporto SBJV,18.0,16.0,21.0,93.65785714285714,2.129765629989143,4.11265087170317,
2018-07-26 00:00:00,aeroporto,Aeroporto SBJV,19.666666666666668,17.0,23.0,85.00733333333332,1.507971986291164,2.05632543585159,
2018-07-27 00:00:00,aeroporto,Aeroporto SBJV,18.75,17.0,20.0,91.22125,1.7350245864997755,3.08448815377738,
2018-07-28 00:00:00,aeroporto,Aeroporto SBJV,19.0,17.0,21.0,90.10428571428572,1.5055239798199114,2.57040679481448,
2018-07-29 00:00:00,aeroporto,Aeroporto SBJV,18.466666666666665,16.0,24.0,88.972,2.8445835195946954,7.19713902548055,
2018-07-30 00:00:00,aeroporto,Aeroporto SBJV,16.153846153846153,15.0,17.0,89.82076923076923,2.016780715931364,3.59856951274028,
2018-07-31 00:00:00,aeroporto,Aeroporto SBJV,14.214285714285714,13.0,16.0,91.30714285714285,1.7258445622325815,4.62673223066607,
2018-08-01 00:00:00,aeroporto,Aeroporto SBJV,13.8125,12.0,16.0,79.2,1.5422440768886887,2.57040679481448,
2018-08-02 00:00:00,aeroporto,Aeroporto SBJV,13.76923076923077,12.0,15.0,94.66,0.7118049585640095,1.54224407688869,
2018-08-03 00:00:00,aeroporto,Aeroporto SBJV,17.5,17.0,18.0,95.91166666666668,1.328043510654149,2.57040679481448,
2018-08-04 00:00:00,aeroporto,Aeroporto SBJV,18.615384615384617,14.0,23.0,89.74846153846154,1.1863415976066838,3.08448815377738,
2018-08-05 00:00:00,aeroporto,Aeroporto SBJV,16.866666666666667,12.0,23.0,72.04866666666666,2.3647742512293246,5.14081358962897,
2018-08-06 00:00:00,aeroporto,Aeroporto SBJV,15.2,11.0,18.0,83.89933333333333,1.6107882580837427,4.11265087170317,
2018-08-07 00:00:00,aeroporto,Aeroporto SBJV,16.666666666666668,12.0,21.0,80.55666666666666,1.6793324392787947,4.11265087170317,
2018-08-08 00:00:00,aeroporto,Aeroporto SBJV,18.071428571428573,11.0,22.0,80.04857142857144,1.9094450475764728,4.11265087170317,
2018-08-09 00:00:00,aeroporto,Aeroporto SBJV,18.9375,15.0,24.0,64.826875,3.630699597675458,6.16897630755476,
2018-08-10 00:00:00,aeroporto,Aeroporto SBJV,18.5,12.0,23.0,41.373333333333335,3.2558486067650123,5.65489494859186,
2018-08-11 00:00:00,aeroporto,Aeroporto SBJV,17.071428571428573,12.0,23.0,64.21571428571428,2.056325435851587,4.62673223066607,
2018-08-12 00:00:00,aeroporto,Aeroporto SBJV,14.857142857142858,8.0,22.0,79.05999999999999,1.9461651446452508,4.11265087170317,
2018-08-13 00:00:00,aeroporto,Aeroporto SBJV,17.692307692307693,13.0,21.0,78.07153846153847,1.7004229565695796,4.11265087170317,
2018-08-14 00:00:00,aeroporto,Aeroporto SBJV,17.23076923076923,12.0,23.0,75.76615384615386,1.8586018362504728,3.59856951274028,
2018-08-15 00:00:00,aeroporto,Aeroporto SBJV,16.642857142857142,12.0,19.0,82.73357142857142,2.3500862124018136,4.11265087170317,
2018-08-16 00:00:00,aeroporto,Aeroporto SBJV,16.285714285714285,14.0,18.0,80.59071428571428,1.248483300338463,1.54224407688869,
2018-08-17 00:00:00,aeroporto,Aeroporto SBJV,17.066666666666666,15.0,19.0,85.778,1.3023394427060049,3.08448815377738,
2018-08-18 00:00:00,aeroporto,Aeroporto SBJV,18.076923076923077,14.0,21.0,84.40153846153846,2.6890409545751526,5.14081358962897,
2018-08-19 00:00:00,aeroporto,Aeroporto SBJV,19.6,14.0,25.0,79.39466666666667,2.2962300700342704,8.22530174340635,
2018-08-20 00:00:00,aeroporto,Aeroporto SBJV,16.705882352941178,16.0,18.0,93.53529411764706,2.2982460753635388,5.14081358962897,
2018-08-21 00:00:00,aeroporto,Aeroporto SBJV,14.5,14.0,17.0,94.214375,2.8274474742959317,4.62673223066607,
2018-08-22 00:00:00,aeroporto,Aeroporto SBJV,15.533333333333333,13.0,18.0,93.50466666666667,1.5765161674862156,2.57040679481448,
2018-08-23 00:00:00,aeroporto,Aeroporto SBJV,18.666666666666668,14.0,24.0,85.70599999999999,1.9192370734614796,4.11265087170317,
2018-08-24 00:00:00,aeroporto,Aeroporto SBJV,17.875,16.0,20.0,95.149375,2.1848457755923096,4.62673223066607,
2018-08-25 00:00:00,aeroporto,Aeroporto SBJV,19.53846153846154,14.0,24.0,53.01,3.875382552181836,7.19713902548055,
2018-08-26 00:00:00,aeroporto,Aeroporto SBJV,13.2,7.0,18.0,58.21933333333333,2.9131277007897465,5.14081358962897,
2018-08-27 00:00:00,aeroporto,Aeroporto SBJV,13.5,5.0,19.0,74.16642857142857,1.6524043680950242,4.11265087170317,
2018-08-28 00:00:00,aeroporto,Aeroporto SBJV,18.666666666666668,14.0,22.0,76.9175,2.870287587542839,4.62673223066607,
2018-08-29 00:00:00,aeroporto,Aeroporto SBJV,19.214285714285715,16.0,22.0,82.17642857142857,0.9914426208570154,3.59856951274028,
2018-08-30 00:00:00,aeroporto,Aeroporto SBJV,19.4,16.0,24.0,87.73666666666666,1.5079719862911625,3.59856951274028,
2018-08-31 00:00:00,aeroporto,Aeroporto SBJV,19.733333333333334,17.0,23.0,88.07400000000001,2.5361347042169573,6.16897630755476,
2018-09-01 00:00:00,aeroporto,Aeroporto SBJV,20.533333333333335,18.0,24.0,89.43,1.5422440768886891,3.59856951274028,
2018-09-02 00:00:00,aeroporto,Aeroporto SBJV,20.0625,19.0,22.0,94.5925,1.1566830576665166,2.57040679481448,
2018-09-03 00:00:00,aeroporto,Aeroporto SBJV,17.692307692307693,16.0,19.0,98.59,1.97723599601114,4.11265087170317,
2018-09-04 00:00:00,aeroporto,Aeroporto SBJV,18.8125,15.0,23.0,74.453125,2.506146624944121,5.65489494859186,
2018-09-05 00:00:00,aeroporto,Aeroporto SBJV,15.941176470588236,9.0,21.0,71.88647058823528,2.2982460753635383,5.14081358962897,
2018-09-06 00:00:00,aeroporto,Aeroporto SBJV,15.461538461538462,9.0,22.0,75.79076923076923,1.7795123964100275,5.14081358962897,
2018-09-07 00:00:00,aeroporto,Aeroporto SBJV,16.8,9.0,24.0,81.38066666666667,1.610788258083742,4.11265087170317,
2018-09-08 00:00:00,aeroporto,Aeroporto SBJV,18.076923076923077,13.0,21.0,81.91384615384617,1.146796877686461,2.57040679481448,
2018-09-09 00:00:00,aeroporto,Aeroporto SBJV,19.4,15.0,24.0,78.97066666666666,1.6793324392787956,4.11265087170317,
2018-09-10 00:00:00,aeroporto,Aeroporto SBJV,17.9375,14.0,23.0,87.09625,1.8635449262404993,5.65489494859186,
2018-09-11 00:00:00,aeroporto,Aeroporto SBJV,18.6875,16.0,22.0,85.905,3.245138578453284,7.19713902548055,
2018-09-12 00:00:00,aeroporto,Aeroporto SBJV,18.533333333333335,17.0,19.0,88.66333333333334,2.9131277007897465,5.14081358962897,
2018-09-13 00:00:00,aeroporto,Aeroporto SBJV,17.285714285714285,15.0,20.0,91.70857142857143,2.019605338782806,4.11265087170317,
2018-09-14 00:00:00,aeroporto,Aeroporto SBJV,17.470588235294116,15.0,20.0,93.51,1.7539246364616483,3.59856951274028,
2018-09-15 00:00:00,aeroporto,Aeroporto SBJV,18.533333333333335,16.0,22.0,90.08266666666667,2.536134704216958,4.62673223066607,
2018-09-16 00:00:00,aeroporto,Aeroporto SBJV,19.866666666666667,17.0,23.0,81.93,2.5018626136194295,4.62673223066607,
2018-09-17 00:00:00,aeroporto,Aeroporto SBJV,18.666666666666668,17.0,21.0,94.49133333333334,0.7882580837431071,2.05632543585159,
2018-09-18 00:00:00,aeroporto,Aeroporto SBJV,23.533333333333335,18.0,29.0,73.45800000000001,1.884964982863954,4.11265087170317,
2018-09-19 00:00:00,aeroporto,Aeroporto SBJV,22.571428571428573,19.0,28.0,83.99642857142858,1.578964173957467,4.62673223066607,
2018-09-20 00:00:00,aeroporto,Aeroporto SBJV,21.733333333333334,20.0,24.0,89.69533333333334,2.399046341826852,5.14081358962897,
2018-09-21 00:00:00,aeroporto,Aeroporto SBJV,22.285714285714285,18.0,28.0,81.86071428571428,2.129765629989142,5.14081358962897,
2018-09-22 00:00:00,aeroporto,Aeroporto SBJV,23.2,20.0,28.0,81.61999999999999,1.9535091640590065,4.11265087170317,
2018-09-23 00:00:00,aeroporto,Aeroporto SBJV,23.214285714285715,20.0,28.0,80.8292857142857,2.019605338782808,4.62673223066607,
2018-09-24 00:00:00,aeroporto,Aeroporto SBJV,22.866666666666667,19.0,26.0,80.01266666666668,2.159141707644166,5.65489494859186,
2018-09-25 00:00:00,aeroporto,Aeroporto SBJV,22.8,19.0,26.0,80.27133333333333,2.7417672478021142,5.65489494859186,
2018-09-26 00:00:00,aeroporto,Aeroporto SBJV,22.333333333333332,20.0,26.0,89.02266666666668,1.6107882580837425,3.59856951274028,
2018-09-27 00:00:00,aeroporto,Aeroporto SBJV,23.333333333333332,20.0,26.0,83.33266666666667,2.5018626136194304,4.62673223066607,
2018-09-28 00:00:00,aeroporto,Aeroporto SBJV,22.071428571428573,21.0,23.0,92.08500000000001,2.4602465036081496,3.59856951274028,
2018-09-29 00:00:00,aeroporto,Aeroporto SBJV,22.928571428571427,21.0,25.0,83.63285714285715,2.2766460182642563,4.62673223066607,
2018-09-30 00:00:00,aeroporto,Aeroporto SBJV,24.3125,21.0,27.0,82.9375,1.6707644166294138,3.59856951274028,
2018-10-01 00:00:00,aeroporto,Aeroporto SBJV,27.545454545454547,21.0,34.0,70.23727272727272,2.4769374568212297,5.14081358962897,
2018-10-02 00:00:00,aeroporto,Aeroporto SBJV,22.11764705882353,20.0,25.0,89.40823529411765,2.9332877540824094,5.65489494859186,
2018-10-03 00:00:00,aeroporto,Aeroporto SBJV,20.8,18.0,23.0,94.86933333333333,1.850692892266427,5.65489494859186,
2018-10-04 00:00:00,aeroporto,Aeroporto SBJV,18.666666666666668,17.0,21.0,87.44666666666667,1.4394278050961093,2.57040679481448,
2018-10-05 00:00:00,aeroporto,Aeroporto SBJV,17.916666666666668,15.0,20.0,82.24249999999999,2.0991655490984935,4.62673223066607,
2018-10-06 00:00:00,aeroporto,Aeroporto SBJV,17.133333333333333,15.0,19.0,83.45066666666666,1.302339442706004,2.57040679481448,
2018-10-07 00:00:00,aeroporto,Aeroporto SBJV,17.642857142857142,16.0,19.0,96.50714285714285,1.3219234944760205,3.08448815377738,
2018-10-08 00:00:00,aeroporto,Aeroporto SBJV,20.0,18.0,21.0,96.38866666666667,1.0281627179257915,2.57040679481448,
2018-10-09 00:00:00,aeroporto,Aeroporto SBJV,24.142857142857142,20.0,29.0,84.9207142857143,1.4688038827511332,4.62673223066607,
2018-10-10 00:00:00,aeroporto,Aeroporto SBJV,22.375,21.0,25.0,85.303125,4.626732230666071,7.19713902548055,
2018-10-11 00:00:00,aeroporto,Aeroporto SBJV,17.333333333333332,16.0,19.0,91.33,2.227685888839219,3.08448815377738,
2018-10-12 00:00:00,aeroporto,Aeroporto SBJV,21.2,17.0,24.0,84.784,2.6732230666070627,4.11265087170317,
2018-10-13 00:00:00,aeroporto,Aeroporto SBJV,22.0,19.0,26.0,89.412,1.8164208016689,4.62673223066607,
2018-10-14 00:00:00,aeroporto,Aeroporto SBJV,17.4,16.0,19.0,94.29266666666666,1.4394278050961107,3.08448815377738,
2018-10-15 00:00:00,aeroporto,Aeroporto SBJV,18.307692307692307,17.0,20.0,94.9,2.0958701557718085,4.11265087170317,
2018-10-16 00:00:00,aeroporto,Aeroporto SBJV,20.357142857142858,18.0,22.0,91.235,1.6156842710262473,3.59856951274028,
2018-10-17 00:00:00,aeroporto,Aeroporto SBJV,22.571428571428573,20.0,26.0,93.14428571428572,1.5422440768886891,3.59856951274028,
2018-10-18 00:00:00,aeroporto,Aeroporto SBJV,23.214285714285715,20.0,27.0,88.18071428571429,2.129765629989143,4.62673223066607,
2018-10-19 00:00:00,aeroporto,Aeroporto SBJV,21.666666666666668,20.0,24.0,80.47933333333334,3.941290418715541,6.68305766651766,
2018-10-20 00:00:00,aeroporto,Aeroporto SBJV,20.352941176470587,17.0,23.0,69.34882352941177,3.235688553472349,6.68305766651766,
2018-10-21 00:00:00,aeroporto,Aeroporto SBJV,18.8,16.0,20.0,86.648,1.782148711071374,4.62673223066607,
2018-10-22 00:00:00,aeroporto,Aeroporto SBJV,21.11764705882353,15.0,25.0,75.65470588235294,2.600646874753476,4.62673223066607,
2018-10-23 00:00:00,aeroporto,Aeroporto SBJV,22.071428571428573,17.0,26.0,78.28928571428571,2.754007280158373,4.62673223066607,
2018-10-24 00:00:00,aeroporto,Aeroporto SBJV,18.533333333333335,18.0,19.0,97.16266666666667,3.3929369691551177,4.62673223066607,
2018-10-25 00:00:00,aeroporto,Aeroporto SBJV,20.166666666666668,18.0,21.0,95.99583333333334,0.9853226046788844,2.57040679481448,
2018-10-26 00:00:00,aeroporto,Aeroporto SBJV,22.0,20.0,24.0,89.85571428571428,1.6891244651638029,3.08448815377738,
2018-10-27 00:00:00,aeroporto,Aeroporto SBJV,26.4,20.0,32.0,59.656,3.4957532409476975,6.68305766651766,
2018-10-28 00:00:00,aeroporto,Aeroporto SBJV,20.714285714285715,15.0,24.0,68.52,3.268088639121271,6.68305766651766,
2018-10-29 00:00:00,aeroporto,Aeroporto SBJV,20.533333333333335,17.0,23.0,76.14533333333334,2.7074951572045896,4.11265087170317,
2018-10-30 00:00:00,aeroporto,Aeroporto SBJV,23.357142857142858,18.0,26.0,72.99142857142857,3.1212082508461583,4.62673223066607,
2018-10-31 00:00:00,aeroporto,Aeroporto SBJV,21.875,18.0,26.0,81.28125,2.345496200268216,5.65489494859186,
2018-11-01 00:00:00,aeroporto,Aeroporto SBJV,21.928571428571427,19.0,26.0,85.38642857142858,2.3133661153330336,4.11265087170317,
2018-11-02 00:00:00,aeroporto,Aeroporto SBJV,21.0,18.0,24.0,83.89117647058823,1.8446448762786294,3.59856951274028,
2018-11-03 00:00:00,aeroporto,Aeroporto SBJV,22.785714285714285,20.0,29.0,84.03857142857143,2.2766460182642563,7.19713902548055,
2018-11-04 01:00:00,aeroporto,Aeroporto SBJV,20.384615384615383,19.0,23.0,86.86923076923077,1.9376912760909166,3.08448815377738,
2018-11-05 00:00:00,aeroporto,Aeroporto SBJV,21.2,18.0,24.0,78.95066666666666,2.022053345254059,4.11265087170317,
2018-11-06 00:00:00,aeroporto,Aeroporto SBJV,22.571428571428573,17.0,25.0,77.44857142857143,2.38680630947059,4.62673223066607,
2018-11-07 00:00:00,aeroporto,Aeroporto SBJV,22.153846153846153,20.0,26.0,82.38461538461539,3.440390633059387,6.68305766651766,
2018-11-08 00:00:00,aeroporto,Aeroporto SBJV,21.0,18.0,24.0,75.9875,3.759219937416182,8.22530174340635,
2018-11-09 00:00:00,aeroporto,Aeroporto SBJV,21.285714285714285,18.0,23.0,89.32357142857143,3.084488153777379,4.62673223066607,
2018-11-10 00:00:00,aeroporto,Aeroporto SBJV,22.357142857142858,20.0,24.0,88.62071428571429,1.9461651446452508,4.11265087170317,
2018-11-11 00:00:00,aeroporto,Aeroporto SBJV,24.636363636363637,20.0,29.0,81.64,2.103060104848213,4.62673223066607,
2018-11-12 00:00:00,aeroporto,Aeroporto SBJV,25.066666666666666,22.0,29.0,81.05733333333333,2.3647742512293237,5.65489494859186,
2018-11-13 00:00:00,aeroporto,Aeroporto SBJV,25.466666666666665,23.0,28.0,80.63733333333333,2.2619579794367457,3.59856951274028,
2018-11-14 00:00:00,aeroporto,Aeroporto SBJV,26.133333333333333,23.0,31.0,85.42733333333334,1.9877812546565332,5.65489494859186,
2018-11-15 00:00:00,aeroporto,Aeroporto SBJV,25.125,21.0,28.0,67.98625,2.891707644166294,5.14081358962897,
2018-11-16 00:00:00,aeroporto,Aeroporto SBJV,25.375,21.0,29.0,65.960625,2.5382767098793013,5.14081358962897,
2018-11-17 00:00:00,aeroporto,Aeroporto SBJV,23.75,18.0,27.0,71.651875,3.8877402771569045,6.16897630755476,
2018-11-18 00:00:00,aeroporto,Aeroporto SBJV,22.428571428571427,20.0,24.0,87.05142857142857,1.7258445622325798,4.62673223066607,
2018-11-19 00:00:00,aeroporto,Aeroporto SBJV,21.4375,19.0,23.0,61.474375,2.7310572194903884,6.16897630755476,
2018-11-20 00:00:00,aeroporto,Aeroporto SBJV,20.6,17.0,23.0,83.03533333333333,2.296230070034272,5.14081358962897,
2018-11-21 00:00:00,aeroporto,Aeroporto SBJV,21.076923076923077,16.0,25.0,76.88923076923078,2.1354148756920313,4.11265087170317,
2018-11-22 00:00:00,aeroporto,Aeroporto SBJV,23.625,19.0,27.0,84.80562499999999,1.9278050961108617,4.62673223066607,
2018-11-23 00:00:00,aeroporto,Aeroporto SBJV,24.181818181818183,22.0,26.0,86.89454545454545,1.3085707319055535,4.11265087170317,
2018-11-24 00:00:00,aeroporto,Aeroporto SBJV,28.8,22.0,33.0,67.20066666666666,3.632841603337803,6.68305766651766,
2018-11-25 00:00:00,aeroporto,Aeroporto SBJV,24.214285714285715,20.0,27.0,78.92714285714285,4.957213104285074,8.73938310236924,
2018-11-26 00:00:00,aeroporto,Aeroporto SBJV,21.23076923076923,20.0,23.0,81.23153846153846,2.1749595956122545,4.11265087170317,
2018-11-27 00:00:00,aeroporto,Aeroporto SBJV,22.23076923076923,19.0,24.0,78.65538461538462,1.344520477287576,3.08448815377738,
2018-11-28 00:00:00,aeroporto,Aeroporto SBJV,22.666666666666668,19.0,25.0,81.096,2.261957979436744,3.08448815377738,
2018-11-29 00:00:00,aeroporto,Aeroporto SBJV,22.928571428571427,21.0,26.0,89.49000000000001,1.432083785682354,3.08448815377738,
2018-11-30 00:00:00,aeroporto,Aeroporto SBJV,24.066666666666666,21.0,30.0,87.61266666666667,1.8506928922664276,7.19713902548055,
2018-12-01 00:00:00,aeroporto,Aeroporto SBJV,25.846153846153847,21.0,33.0,79.18769230769232,2.333138475293145,6.16897630755476,
2018-12-02 00:00:00,aeroporto,Aeroporto SBJV,23.076923076923077,21.0,25.0,76.70538461538462,5.022179429868299,6.68305766651766,
2018-12-03 00:00:00,aeroporto,Aeroporto SBJV,19.5625,17.0,21.0,79.7425,1.9920652659812244,3.08448815377738,
2018-12-04 00:00:00,aeroporto,Aeroporto SBJV,23.5625,18.0,29.0,75.650625,2.4097563701385774,4.62673223066607,
2018-12-05 00:00:00,aeroporto,Aeroporto SBJV,26.785714285714285,18.0,33.0,56.755714285714284,4.479851842390955,7.71122038444345,
2018-12-06 00:00:00,aeroporto,Aeroporto SBJV,23.0,20.0,26.0,77.16266666666667,3.392936969155117,6.16897630755476,
2018-12-07 00:00:00,aeroporto,Aeroporto SBJV,20.1875,18.0,22.0,76.051875,3.0202279839070165,4.62673223066607,
2018-12-08 00:00:00,aeroporto,Aeroporto SBJV,20.5625,15.0,24.0,63.331875,2.7953173893607506,6.16897630755476,
2018-12-09 00:00:00,aeroporto,Aeroporto SBJV,22.470588235294116,14.0,26.0,65.54058823529412,3.5683294328012827,6.16897630755476,
2018-12-10 00:00:00,aeroporto,Aeroporto SBJV,24.5625,17.0,29.0,72.23375,2.8274474742959317,6.16897630755476,
2018-12-11 00:00:00,aeroporto,Aeroporto SBJV,26.9375,21.0,32.0,75.73125,2.2491059454626736,5.14081358962897,
2018-12-12 00:00:00,aeroporto,Aeroporto SBJV,29.5,22.0,36.0,69.99,1.762564659301359,4.62673223066607,
2018-12-13 00:00:00,aeroporto,Aeroporto SBJV,27.928571428571427,23.0,31.0,69.88428571428571,2.9376077655022645,6.16897630755476,
2018-12-14 00:00:00,aeroporto,Aeroporto SBJV,28.733333333333334,24.0,32.0,78.44733333333333,2.3990463418268515,5.14081358962897,
2018-12-15 00:00:00,aeroporto,Aeroporto SBJV,27.9375,24.0,33.0,77.624375,3.213008493518104,5.65489494859186,
2018-12-16 00:00:00,aeroporto,Aeroporto SBJV,28.066666666666666,24.0,31.0,74.55199999999999,2.707495157204588,5.65489494859186,
2018-12-17 00:00:00,aeroporto,Aeroporto SBJV,29.428571428571427,25.0,34.0,78.06928571428571,2.4235264065393696,4.11265087170317,
2018-12-18 00:00:00,aeroporto,Aeroporto SBJV,27.142857142857142,23.0,34.0,83.69857142857143,2.7540072801583753,6.68305766651766,
2018-12-19 00:00:00,aeroporto,Aeroporto SBJV,27.25,23.0,31.0,80.913125,2.0563254358515874,3.59856951274028,
2018-12-20 00:00:00,aeroporto,Aeroporto SBJV,29.0625,24.0,34.0,79.14875,2.666797049620027,5.14081358962897,
2018-12-21 00:00:00,aeroporto,Aeroporto SBJV,26.75,23.0,33.0,81.24,2.0991655490984953,3.59856951274028,
2018-12-22 00:00:00,aeroporto,Aeroporto SBJV,26.1875,23.0,32.0,83.830625,2.024195350916406,8.22530174340635,
2018-12-23 00:00:00,aeroporto,Aeroporto SBJV,25.266666666666666,22.0,28.0,84.08,4.009834599910595,6.68305766651766,
2018-12-24 00:00:00,aeroporto,Aeroporto SBJV,23.571428571428573,22.0,25.0,89.15357142857144,2.1297656299891434,4.62673223066607,
2018-12-25 00:00:00,aeroporto,Aeroporto SBJV,23.0,21.0,25.0,86.72615384615385,2.649496234654928,6.16897630755476,
2018-12-26 00:00:00,aeroporto,Aeroporto SBJV,24.928571428571427,21.0,29.0,79.21857142857142,2.460246503608148,5.65489494859186,
2018-12-27 00:00:00,aeroporto,Aeroporto SBJV,25.571428571428573,22.0,28.0,78.39428571428572,2.570406794814482,4.62673223066607,
2018-12-28 00:00:00,aeroporto,Aeroporto SBJV,27.466666666666665,21.0,31.0,73.596,2.6732230666070627,4.62673223066607,
2018-12-29 00:00:00,aeroporto,Aeroporto SBJV,27.5,22.0,32.0,76.22722222222222,2.5704067948144838,5.65489494859186,
2018-12-30 00:00:00,aeroporto,Aeroporto SBJV,28.666666666666668,24.0,32.0,72.952,2.0563254358515866,4.11265087170317,
2018-12-31 00:00:00,aeroporto,Aeroporto SBJV,28.333333333333332,25.0,32.0,76.02583333333332,1.8849649828639539,4.11265087170317,
2019-01-01 00:00:00,aeroporto,Aeroporto SBJV,28.5,24.0,32.0,73.71142857142857,2.9008876684334886,5.14081358962897,
2019-01-02 00:00:00,aeroporto,Aeroporto SBJV,28.8,23.0,33.0,76.48866666666666,2.7074951572045896,4.62673223066607,
2019-01-03 00:00:00,aeroporto,Aeroporto SBJV,32.75,24.0,39.0,64.425625,3.5985695127402755,9.25346446133214,
2019-01-04 00:00:00,aeroporto,Aeroporto SBJV,26.142857142857142,24.0,30.0,89.04571428571428,3.0477680567085996,6.16897630755476,
2019-01-05 00:00:00,aeroporto,Aeroporto SBJV,23.789473684210527,23.0,26.0,93.13,1.7857562995553253,2.57040679481448,
2019-01-06 00:00:00,aeroporto,Aeroporto SBJV,25.714285714285715,22.0,28.0,83.02714285714286,1.4320837856823534,3.08448815377738,
2019-01-07 00:00:00,aeroporto,Aeroporto SBJV,31.785714285714285,23.0,38.0,62.228571428571435,2.643846988952039,5.65489494859186,
2019-01-08 00:00:00,aeroporto,Aeroporto SBJV,28.53846153846154,25.0,35.0,78.87769230769231,2.293593755372923,5.65489494859186,
2019-01-09 00:00:00,aeroporto,Aeroporto SBJV,28.083333333333332,24.0,32.0,81.97916666666667,1.5850841901355965,3.08448815377738,
2019-01-10 00:00:00,aeroporto,Aeroporto SBJV,29.266666666666666,25.0,32.0,73.60533333333333,2.364774251229325,5.14081358962897,
2019-01-11 00:00:00,aeroporto,Aeroporto SBJV,28.75,23.0,33.0,73.558125,2.8274474742959326,6.68305766651766,
2019-01-12 00:00:00,aeroporto,Aeroporto SBJV,28.133333333333333,25.0,32.0,79.05666666666666,2.50186261361943,6.16897630755476,
2019-01-13 00:00:00,aeroporto,Aeroporto SBJV,26.25,23.0,31.0,85.969375,2.409756370138578,5.14081358962897,
2019-01-14 00:00:00,aeroporto,Aeroporto SBJV,26.5625,22.0,32.0,84.725,1.8635449262405004,4.62673223066607,
2019-01-15 00:00:00,aeroporto,Aeroporto SBJV,28.6875,23.0,34.0,78.021875,2.6346669646848446,8.73938310236924,
2019-01-16 00:00:00,aeroporto,Aeroporto SBJV,32.13333333333333,23.0,39.0,68.152,1.9192370734614799,3.08448815377738,
2019-01-17 00:00:00,aeroporto,Aeroporto SBJV,28.857142857142858,24.0,37.0,75.63857142857144,2.754007280158374,7.19713902548055,
2019-01-18 00:00:00,aeroporto,Aeroporto SBJV,27.866666666666667,23.0,31.0,81.506,2.261957979436744,5.14081358962897,
2019-01-19 00:00:00,aeroporto,Aeroporto SBJV,27.384615384615383,23.0,34.0,85.13846153846154,2.689040954575152,7.71122038444345,
2019-01-20 00:00:00,aeroporto,Aeroporto SBJV,25.25,23.0,27.0,80.69833333333334,1.7136045298763225,2.57040679481448,
2019-01-21 00:00:00,aeroporto,Aeroporto SBJV,28.058823529411764,22.0,33.0,79.84764705882354,2.207525835546557,4.11265087170317,
2019-01-22 00:00:00,aeroporto,Aeroporto SBJV,27.11764705882353,25.0,29.0,83.69529411764705,1.93536511609561,3.59856951274028,
2019-01-23 00:00:00,aeroporto,Aeroporto SBJV,28.9375,25.0,33.0,80.33875,1.9278050961108626,4.11265087170317,
2019-01-24 00:00:00,aeroporto,Aeroporto SBJV,26.866666666666667,24.0,29.0,84.798,2.4333184324243775,5.14081358962897,
2019-01-25 00:00:00,aeroporto,Aeroporto SBJV,26.9375,24.0,31.0,80.82125,2.763187304425569,6.16897630755476,
2019-01-26 00:00:00,aeroporto,Aeroporto SBJV,27.625,23.0,31.0,78.425625,2.6989271345552077,5.14081358962897,
2019-01-27 00:00:00,aeroporto,Aeroporto SBJV,26.176470588235293,23.0,31.0,86.15058823529411,2.0563254358515866,5.14081358962897,
2019-01-28 00:00:00,aeroporto,Aeroporto SBJV,29.11764705882353,23.0,34.0,80.91647058823528,1.9958452759735985,6.16897630755476,
2019-01-29 00:00:00,aeroporto,Aeroporto SBJV,31.176470588235293,25.0,36.0,77.57411764705883,2.116805595729574,4.11265087170317,
2019-01-30 00:00:00,aeroporto,Aeroporto SBJV,31.533333333333335,25.0,37.0,74.04466666666667,2.5361347042169564,5.65489494859186,
2019-01-31 00:00:00,aeroporto,Aeroporto SBJV,30.6875,23.0,37.0,64.294375,2.2491059454626727,4.62673223066607,
2019-02-01 00:00:00,aeroporto,Aeroporto SBJV,29.9375,25.0,35.0,76.806875,2.056325435851586,4.62673223066607,
2019-02-02 00:00:00,aeroporto,Aeroporto SBJV,28.0,23.0,33.0,80.554375,2.9238377291014745,6.16897630755476,
2019-02-03 00:00:00,aeroporto,Aeroporto SBJV,24.5,21.0,28.0,86.52928571428572,3.1212082508461587,6.68305766651766,
2019-02-04 00:00:00,aeroporto,Aeroporto SBJV,21.3125,19.0,24.0,89.9025,1.7028945015645949,2.57040679481448,
2019-02-05 00:00:00,aeroporto,Aeroporto SBJV,21.4,20.0,24.0,89.926,1.1309789897183717,2.05632543585159,
2019-02-06 00:00:00,aeroporto,Aeroporto SBJV,22.6,20.0,26.0,85.77133333333333,1.5422440768886905,3.59856951274028,
2019-02-07 00:00:00,aeroporto,Aeroporto SBJV,24.41176470588235,17.0,29.0,76.82823529411765,2.1168055957295744,4.62673223066607,
2019-02-08 00:00:00,aeroporto,Aeroporto SBJV,27.533333333333335,20.0,32.0,73.65466666666666,2.570406794814483,4.62673223066607,
2019-02-09 00:00:00,aeroporto,Aeroporto SBJV,27.823529411764707,22.0,32.0,77.98176470588236,2.5099266349364955,4.62673223066607,
2019-02-10 00:00:00,aeroporto,Aeroporto SBJV,28.0,23.0,32.0,78.493125,2.731057219490389,5.14081358962897,
2019-02-11 00:00:00,aeroporto,Aeroporto SBJV,27.0,25.0,31.0,86.828,1.9877812546565334,5.14081358962897,
2019-02-12 00:00:00,aeroporto,Aeroporto SBJV,26.5,24.0,29.0,83.68125,3.919870362092086,6.16897630755476,
2019-02-13 00:00:00,aeroporto,Aeroporto SBJV,22.6,20.0,25.0,75.81533333333333,2.193413798241693,4.11265087170317,
2019-02-14 00:00:00,aeroporto,Aeroporto SBJV,23.764705882352942,20.0,27.0,78.0829411764706,1.330563517315732,3.59856951274028,
2019-02-15 00:00:00,aeroporto,Aeroporto SBJV,21.0,19.0,23.0,91.56750000000001,1.5743741618238705,3.08448815377738,
2019-02-16 00:00:00,aeroporto,Aeroporto SBJV,21.714285714285715,20.0,24.0,94.10428571428572,2.239925921195478,5.14081358962897,
2019-02-17 00:00:00,aeroporto,Aeroporto SBJV,22.4,21.0,24.0,94.15866666666668,2.913127700789747,4.11265087170317,
2019-02-18 00:00:00,aeroporto,Aeroporto SBJV,26.0625,21.0,30.0,82.239375,2.988097898971836,5.65489494859186,
2019-02-19 00:00:00,aeroporto,Aeroporto SBJV,25.6,22.0,31.0,84.89933333333333,1.4394278050961096,3.08448815377738,
2019-02-20 00:00:00,aeroporto,Aeroporto SBJV,25.357142857142858,21.0,30.0,84.72071428571428,2.203205824126699,5.65489494859186,
2019-02-21 00:00:00,aeroporto,Aeroporto SBJV,25.0,21.0,28.0,89.17533333333334,1.5765161674862163,3.08448815377738,
2019-02-22 00:00:00,aeroporto,Aeroporto SBJV,26.428571428571427,22.0,30.0,85.83642857142857,1.5422440768886887,3.08448815377738,
2019-02-23 00:00:00,aeroporto,Aeroporto SBJV,29.5,23.0,36.0,76.753125,2.088455520786768,4.62673223066607,
2019-02-24 00:00:00,aeroporto,Aeroporto SBJV,30.705882352941178,24.0,37.0,71.14470588235294,2.5704067948144833,5.65489494859186,
2019-02-25 00:00:00,aeroporto,Aeroporto SBJV,25.357142857142858,22.0,30.0,89.22142857142856,2.1297656299891434,6.68305766651766,
2019-02-26 00:00:00,aeroporto,Aeroporto SBJV,21.333333333333332,20.0,22.0,89.89200000000001,1.5079719862911631,2.57040679481448,
2019-02-27 00:00:00,aeroporto,Aeroporto SBJV,21.0,20.0,22.0,93.7035294117647,1.844644876278629,3.08448815377738,
2019-02-28 00:00:00,aeroporto,Aeroporto SBJV,23.153846153846153,20.0,27.0,91.7576923076923,0.9886179980055689,2.57040679481448,
2019-03-01 00:00:00,aeroporto,Aeroporto SBJV,24.125,21.0,26.0,88.443125,1.4137237371479652,3.59856951274028,
2019-03-02 00:00:00,aeroporto,Aeroporto SBJV,27.27777777777778,21.0,32.0,76.19111111111111,2.084885511349525,3.59856951274028,
2019-03-03 00:00:00,aeroporto,Aeroporto SBJV,27.375,23.0,31.0,79.69875,2.6025368797496657,4.62673223066607,
2019-03-04 00:00:00,aeroporto,Aeroporto SBJV,26.4375,22.0,29.0,83.96000000000001,2.345496200268215,7.19713902548055,
2019-03-05 00:00:00,aeroporto,Aeroporto SBJV,27.1875,23.0,31.0,84.769375,2.056325435851587,3.59856951274028,
2019-03-06 00:00:00,aeroporto,Aeroporto SBJV,27.25,23.0,31.0,83.36375,2.1527156906571294,5.14081358962897,
2019-03-07 00:00:00,aeroporto,Aeroporto SBJV,26.294117647058822,23.0,31.0,86.14999999999999,1.3305635173157329,3.08448815377738,
2019-03-08 00:00:00,aeroporto,Aeroporto SBJV,29.25,24.0,32.0,71.903125,2.2812360303978534,4.11265087170317,
2019-03-09 00:00:00,aeroporto,Aeroporto SBJV,27.5,23.0,31.0,81.846875,2.18484577559231,5.65489494859186,
2019-03-10 00:00:00,aeroporto,Aeroporto SBJV,23.470588235294116,21.0,26.0,86.21705882352941,2.1470456756685685,3.08448815377738,
2019-03-11 00:00:00,aeroporto,Aeroporto SBJV,21.933333333333334,20.0,25.0,87.79666666666667,1.5422440768886898,2.57040679481448,
2019-03-12 00:00:00,aeroporto,Aeroporto SBJV,23.823529411764707,21.0,25.0,85.65117647058823,1.421283757132714,3.08448815377738,
2019-03-13 00:00:00,aeroporto,Aeroporto SBJV,25.647058823529413,21.0,31.0,85.82588235294118,2.328486155302532,8.73938310236924,
2019-03-14 00:00:00,aeroporto,Aeroporto SBJV,25.8125,19.0,32.0,84.51875,1.5743741618238694,5.65489494859186,
2019-03-15 00:00:00,aeroporto,Aeroporto SBJV,23.0625,19.0,24.0,92.799375,1.7028945015645944,2.57040679481448,
2019-03-16 00:00:00,aeroporto,Aeroporto SBJV,23.933333333333334,22.0,26.0,91.47066666666666,2.159141707644165,5.65489494859186,
2019-03-17 00:00:00,aeroporto,Aeroporto SBJV,24.714285714285715,22.0,27.0,89.34857142857143,1.0648828149945713,2.57040679481448,
2019-03-18 00:00:00,aeroporto,Aeroporto SBJV,26.235294117647058,22.0,30.0,86.7464705882353,1.481763917010701,3.08448815377738,
2019-03-19 00:00:00,aeroporto,Aeroporto SBJV,25.733333333333334,22.0,30.0,82.85533333333333,1.9535091640590072,5.65489494859186,
2019-03-20 00:00:00,aeroporto,Aeroporto SBJV,24.0,20.0,26.0,76.62055555555555,3.1701683802711953,6.16897630755476,
2019-03-21 00:00:00,aeroporto,Aeroporto SBJV,20.6875,19.0,23.0,86.375,1.6386343316942327,2.57040679481448,
2019-03-22 00:00:00,aeroporto,Aeroporto SBJV,19.333333333333332,18.0,21.0,95.208,1.2680673521084775,3.08448815377738,
2019-03-23 00:00:00,aeroporto,Aeroporto SBJV,23.4,17.0,29.0,80.22733333333333,1.9535091640590063,4.62673223066607,
2019-03-24 00:00:00,aeroporto,Aeroporto SBJV,24.8125,19.0,30.0,81.734375,2.056325435851587,5.65489494859186,
2019-03-25 00:00:00,aeroporto,Aeroporto SBJV,26.529411764705884,21.0,32.0,77.10764705882353,3.507849272923295,6.68305766651766,
2019-03-26 00:00:00,aeroporto,Aeroporto SBJV,21.25,20.0,23.0,92.3775,1.5101139919535083,3.08448815377738,
2019-03-27 00:00:00,aeroporto,Aeroporto SBJV,20.647058823529413,19.0,23.0,90.75176470588235,1.4515238370717074,3.08448815377738,
2019-03-28 00:00:00,aeroporto,Aeroporto SBJV,22.0,20.0,23.0,89.57875,2.0884555207867668,3.08448815377738,
2019-03-29 00:00:00,aeroporto,Aeroporto SBJV,22.375,20.0,25.0,86.37875,2.0884555207867685,5.14081358962897,
2019-03-30 00:00:00,aeroporto,Aeroporto SBJV,22.214285714285715,17.0,27.0,80.59,1.7992847563701384,4.62673223066607,
2019-03-31 00:00:00,aeroporto,Aeroporto SBJV,23.176470588235293,17.0,27.0,83.08411764705883,1.5422440768886883,4.11265087170317,
2019-04-01 00:00:00,aeroporto,Aeroporto SBJV,23.80952380952381,19.0,29.0,81.93666666666667,1.6401643357387652,4.62673223066607,
2019-04-02 00:00:00,aeroporto,Aeroporto SBJV,24.294117647058822,18.0,30.0,77.6435294117647,1.935365116095611,5.14081358962897,
2019-04-03 00:00:00,aeroporto,Aeroporto SBJV,26.4,19.0,31.0,78.722,1.5765161674862156,3.59856951274028,
2019-04-04 00:00:00,aeroporto,Aeroporto SBJV,26.066666666666666,21.0,30.0,86.306,1.5422440768886898,3.59856951274028,
2019-04-05 00:00:00,aeroporto,Aeroporto SBJV,26.6875,24.0,32.0,86.35875,2.5382767098793018,5.14081358962897,
2019-04-06 00:00:00,aeroporto,Aeroporto SBJV,22.38888888888889,20.0,25.0,86.605,1.2566433219093016,2.57040679481448,
2019-04-07 00:00:00,aeroporto,Aeroporto SBJV,21.5625,20.0,23.0,96.305,1.6707644166294138,3.59856951274028,
2019-04-08 00:00:00,aeroporto,Aeroporto SBJV,20.357142857142858,19.0,22.0,90.38428571428572,1.7258445622325813,2.57040679481448,
2019-04-09 00:00:00,aeroporto,Aeroporto SBJV,21.125,17.0,24.0,76.87625,2.024195350916406,3.59856951274028,
2019-04-10 00:00:00,aeroporto,Aeroporto SBJV,22.625,16.0,26.0,79.1375,2.5061466249441198,4.62673223066607,
2019-04-11 00:00:00,aeroporto,Aeroporto SBJV,23.066666666666666,19.0,28.0,82.90066666666667,1.2337952615109518,2.57040679481448,
2019-04-12 00:00:00,aeroporto,Aeroporto SBJV,24.166666666666668,17.0,30.0,80.24,1.5136840013907509,3.59856951274028,
2019-04-13 00:00:00,aeroporto,Aeroporto SBJV,23.529411764705884,19.0,28.0,86.37294117647059,1.4515238370717067,3.59856951274028,
2019-04-14 00:00:00,aeroporto,Aeroporto SBJV,25.11111111111111,21.0,29.0,86.29333333333334,1.54224407688869,4.62673223066607,
2019-04-15 00:00:00,aeroporto,Aeroporto SBJV,24.142857142857142,21.0,29.0,87.31500000000001,1.6156842710262456,4.62673223066607,
2019-04-16 00:00:00,aeroporto,Aeroporto SBJV,23.375,20.0,27.0,89.936875,1.4458538220831472,4.11265087170317,
2019-04-17 00:00:00,aeroporto,Aeroporto SBJV,23.58823529411765,18.0,29.0,72.62705882352941,1.9656051960346048,4.62673223066607,
2019-04-18 00:00:00,aeroporto,Aeroporto SBJV,23.235294117647058,16.0,28.0,74.48588235294118,1.8144047963396337,3.08448815377738,
2019-04-19 00:00:00,aeroporto,Aeroporto SBJV,24.125,17.0,29.0,77.03812500000001,1.7028945015645944,3.08448815377738,
2019-04-20 00:00:00,aeroporto,Aeroporto SBJV,25.235294117647058,18.0,32.0,80.90705882352941,1.2096031975597552,3.08448815377738,
2019-04-21 00:00:00,aeroporto,Aeroporto SBJV,23.764705882352942,21.0,27.0,84.18235294117646,1.1793631176207615,2.57040679481448,
2019-04-22 00:00:00,aeroporto,Aeroporto SBJV,20.928571428571427,20.0,22.0,97.44357142857143,1.468803882751132,2.57040679481448,
2019-04-23 00:00:00,aeroporto,Aeroporto SBJV,20.5625,20.0,21.0,95.52250000000001,1.2209432275368797,2.05632543585159,
2019-04-24 00:00:00,aeroporto,Aeroporto SBJV,23.3125,20.0,26.0,93.263125,1.767154671434958,2.57040679481448,
2019-04-25 00:00:00,aeroporto,Aeroporto SBJV,24.8125,22.0,29.0,89.3375,1.028162717925792,3.08448815377738,
2019-04-26 00:00:00,aeroporto,Aeroporto SBJV,24.625,22.0,28.0,89.46062500000001,1.5101139919535083,3.08448815377738,
2019-04-27 00:00:00,aeroporto,Aeroporto SBJV,24.8,22.0,28.0,91.91000000000001,1.7136045298763214,3.08448815377738,
2019-04-28 00:00:00,aeroporto,Aeroporto SBJV,22.125,21.0,23.0,94.16,2.1848457755923105,7.19713902548055,
2019-04-29 00:00:00,aeroporto,Aeroporto SBJV,21.4375,18.0,24.0,84.1475,1.8635449262404997,3.59856951274028,
2019-04-30 00:00:00,aeroporto,Aeroporto SBJV,22.466666666666665,19.0,25.0,83.32199999999999,1.4394278050961093,3.08448815377738,
2019-05-01 00:00:00,aeroporto,Aeroporto SBJV,21.75,18.0,24.0,91.514375,0.96390254805543,2.57040679481448,
2019-05-02 00:00:00,aeroporto,Aeroporto SBJV,22.8125,21.0,25.0,91.81875,1.2852033974072417,2.57040679481448,
2019-05-03 00:00:00,aeroporto,Aeroporto SBJV,25.235294117647058,20.0,29.0,87.46823529411765,1.4515238370717085,3.59856951274028,
2019-05-04 00:00:00,aeroporto,Aeroporto SBJV,26.25,23.0,29.0,89.131875,1.6386343316942322,3.08448815377738,
2019-05-05 00:00:00,aeroporto,Aeroporto SBJV,25.4375,22.0,28.0,85.358125,1.4779839070183274,3.59856951274028,
2019-05-06 00:00:00,aeroporto,Aeroporto SBJV,26.0,22.0,30.0,83.598125,2.2491059454626736,6.16897630755476,
2019-05-07 00:00:00,aeroporto,Aeroporto SBJV,21.705882352941178,20.0,23.0,87.85117647058824,2.056325435851587,4.11265087170317,
2019-05-08 00:00:00,aeroporto,Aeroporto SBJV,20.6875,18.0,23.0,86.84125,1.2209432275368792,2.05632543585159,
2019-05-09 00:00:00,aeroporto,Aeroporto SBJV,21.88235294117647,19.0,25.0,85.98588235294118,1.6934444765836596,4.11265087170317,
2019-05-10 00:00:00,aeroporto,Aeroporto SBJV,23.2,20.0,26.0,86.46466666666667,0.9596185367307396,2.57040679481448,
2019-05-11 00:00:00,aeroporto,Aeroporto SBJV,22.714285714285715,20.0,24.0,94.99428571428572,1.3953636886135767,2.57040679481448,
2019-05-12 00:00:00,aeroporto,Aeroporto SBJV,20.647058823529413,19.0,22.0,93.17588235294117,1.8748849562176226,3.59856951274028,
2019-05-13 00:00:00,aeroporto,Aeroporto SBJV,20.5625,19.0,22.0,95.17375,1.156683057666517,2.05632543585159,
2019-05-14 00:00:00,aeroporto,Aeroporto SBJV,22.176470588235293,20.0,25.0,70.5564705882353,3.3868889531673187,5.14081358962897,
2019-05-15 00:00:00,aeroporto,Aeroporto SBJV,19.0,18.0,20.0,87.49882352941177,1.9958452759735985,3.59856951274028,
2019-05-16 00:00:00,aeroporto,Aeroporto SBJV,19.8,16.0,22.0,85.95666666666666,2.9816718819848007,5.14081358962897,
2019-05-17 00:00:00,aeroporto,Aeroporto SBJV,19.5,17.0,23.0,86.90888888888888,1.5422440768886885,4.11265087170317,
2019-05-18 00:00:00,aeroporto,Aeroporto SBJV,20.0,18.0,23.0,94.77222222222223,1.5708041523866283,4.62673223066607,
2019-05-19 00:00:00,aeroporto,Aeroporto SBJV,20.77777777777778,18.0,23.0,92.23444444444445,1.1138429444196087,2.57040679481448,
2019-05-20 00:00:00,aeroporto,Aeroporto SBJV,22.166666666666668,19.0,26.0,87.34555555555556,1.3994436993989963,3.08448815377738,
2019-05-21 00:00:00,aeroporto,Aeroporto SBJV,21.733333333333334,17.0,26.0,88.40133333333333,1.8849649828639548,3.08448815377738,
2019-05-22 00:00:00,aeroporto,Aeroporto SBJV,22.61111111111111,18.0,26.0,88.21833333333333,2.1420056623454027,4.62673223066607,
2019-05-23 00:00:00,aeroporto,Aeroporto SBJV,20.77777777777778,20.0,21.0,96.67222222222223,1.028162717925794,2.05632543585159,
2019-05-24 00:00:00,aeroporto,Aeroporto SBJV,19.375,14.0,22.0,86.394375,1.574374161823871,5.14081358962897,
2019-05-25 00:00:00,aeroporto,Aeroporto SBJV,18.058823529411764,12.0,24.0,75.8629411764706,1.9958452759735985,3.59856951274028,
2019-05-26 00:00:00,aeroporto,Aeroporto SBJV,18.928571428571427,13.0,24.0,79.65928571428572,1.5422440768886894,4.11265087170317,
2019-05-27 00:00:00,aeroporto,Aeroporto SBJV,17.0,13.0,23.0,94.52307692307691,0.9095285581651239,2.57040679481448,
2019-05-28 00:00:00,aeroporto,Aeroporto SBJV,19.0625,15.0,21.0,94.040625,1.9599351810460428,4.62673223066607,
2019-05-29 00:00:00,aeroporto,Aeroporto SBJV,21.0,18.0,23.0,88.35823529411765,1.632964316705671,2.57040679481448,
2019-05-30 00:00:00,aeroporto,Aeroporto SBJV,19.75,19.0,21.0,97.3575,1.54224407688869,4.11265087170317,
2019-05-31 00:00:00,aeroporto,Aeroporto SBJV,19.294117647058822,19.0,20.0,98.22647058823529,1.6329643167056709,3.08448815377738,
2019-06-01 00:00:00,aeroporto,Aeroporto SBJV,19.941176470588236,19.0,22.0,93.75176470588235,1.6329643167056704,3.08448815377738,
2019-06-02 00:00:00,aeroporto,Aeroporto SBJV,20.333333333333332,19.0,22.0,94.06555555555556,1.7992847563701377,3.08448815377738,
2019-06-03 00:00:00,aeroporto,Aeroporto SBJV,18.941176470588236,16.0,21.0,92.39588235294117,2.207525835546557,5.14081358962897,
2019-06-04 00:00:00,aeroporto,Aeroporto SBJV,16.058823529411764,12.0,22.0,80.04176470588236,1.5724841568276826,4.11265087170317,
2019-06-05 00:00:00,aeroporto,Aeroporto SBJV,16.6,10.0,20.0,88.71266666666666,1.0967068991208457,2.57040679481448,
2019-06-06 00:00:00,aeroporto,Aeroporto SBJV,18.2,15.0,23.0,90.87400000000001,1.3366115333035313,2.57040679481448,
2019-06-07 00:00:00,aeroporto,Aeroporto SBJV,18.875,12.0,24.0,85.18625,1.317333482342423,4.11265087170317,
2019-06-08 00:00:00,aeroporto,Aeroporto SBJV,20.22222222222222,11.0,28.0,82.24333333333334,1.4280037748969345,3.08448815377738,
2019-06-09 00:00:00,aeroporto,Aeroporto SBJV,19.555555555555557,15.0,24.0,86.29277777777777,1.1138429444196085,3.08448815377738,
2019-06-10 00:00:00,aeroporto,Aeroporto SBJV,18.933333333333334,15.0,23.0,89.91466666666666,1.0967068991208457,3.08448815377738,
2019-06-11 00:00:00,aeroporto,Aeroporto SBJV,19.333333333333332,15.0,26.0,83.80666666666666,1.2680673521084778,2.57040679481448,
2019-06-12 00:00:00,aeroporto,Aeroporto SBJV,19.235294117647058,15.0,23.0,90.09470588235294,1.0281627179257928,3.08448815377738,
2019-06-13 00:00:00,aeroporto,Aeroporto SBJV,20.5,17.0,26.0,88.79333333333334,1.1138429444196083,2.05632543585159,
2019-06-14 00:00:00,aeroporto,Aeroporto SBJV,20.88235294117647,14.0,26.0,89.3029411764706,0.9979226379867988,3.08448815377738,
2019-06-15 00:00:00,aeroporto,Aeroporto SBJV,21.866666666666667,18.0,27.0,91.37866666666667,1.3708836239010578,2.57040679481448,
2019-06-16 00:00:00,aeroporto,Aeroporto SBJV,21.4375,17.0,26.0,90.816875,1.4779839070183276,2.57040679481448,
2019-06-17 00:00:00,aeroporto,Aeroporto SBJV,20.38888888888889,16.0,25.0,85.81444444444445,1.3994436993989967,4.11265087170317,
2019-06-18 00:00:00,aeroporto,Aeroporto SBJV,20.941176470588236,17.0,25.0,87.06588235294117,1.1793631176207633,2.57040679481448,
2019-06-19 00:00:00,aeroporto,Aeroporto SBJV,21.9375,15.0,27.0,80.746875,1.5101139919535091,3.59856951274028,
2019-06-20 00:00:00,aeroporto,Aeroporto SBJV,19.705882352941178,16.0,23.0,77.15176470588234,1.602724236766678,4.11265087170317,
2019-06-21 00:00:00,aeroporto,Aeroporto SBJV,18.0,16.0,22.0,90.008,0.4798092683653698,1.54224407688869,
2019-06-22 00:00:00,aeroporto,Aeroporto SBJV,20.0,14.0,26.0,81.456875,1.156683057666517,3.08448815377738,
2019-06-23 00:00:00,aeroporto,Aeroporto SBJV,20.055555555555557,13.0,27.0,83.59944444444444,1.28520339740724,2.57040679481448,
2019-06-24 00:00:00,aeroporto,Aeroporto SBJV,20.235294117647058,13.0,27.0,82.49823529411765,1.1188829577427732,3.08448815377738,
2019-06-25 00:00:00,aeroporto,Aeroporto SBJV,22.705882352941178,12.0,31.0,69.05352941176471,2.08656551579058,6.68305766651766,
2019-06-26 00:00:00,aeroporto,Aeroporto SBJV,16.666666666666668,13.0,20.0,93.35888888888888,2.684647096806238,4.62673223066607,
2019-06-27 00:00:00,aeroporto,Aeroporto SBJV,15.933333333333334,13.0,17.0,89.00466666666668,0.5140813589628968,2.05632543585159,
2019-06-28 00:00:00,aeroporto,Aeroporto SBJV,20.0,16.0,23.0,89.25625,1.1566830576665168,2.57040679481448,
2019-06-29 00:00:00,aeroporto,Aeroporto SBJV,21.944444444444443,18.0,26.0,88.76388888888889,0.7140018874484668,2.57040679481448,
2019-06-30 00:00:00,aeroporto,Aeroporto SBJV,24.833333333333332,17.0,33.0,72.84722222222223,2.370486266328913,4.62673223066607,
2019-07-01 00:00:00,aeroporto,Aeroporto SBJV,17.4,15.0,21.0,94.33333333333333,2.70749515720459,5.14081358962897,
2019-07-02 00:00:00,aeroporto,Aeroporto SBJV,16.3125,15.0,17.0,97.298125,1.25307331247206,2.05632543585159,
2019-07-03 00:00:00,aeroporto,Aeroporto SBJV,17.166666666666668,16.0,19.0,93.64777777777778,1.6279243033825057,3.59856951274028,
2019-07-04 00:00:00,aeroporto,Aeroporto SBJV,14.38888888888889,12.0,16.0,88.52722222222222,1.456563850394873,3.08448815377738,
2019-07-05 00:00:00,aeroporto,Aeroporto SBJV,14.222222222222221,8.0,18.0,57.47555555555555,2.0277653603536483,4.62673223066607,
2019-07-06 00:00:00,aeroporto,Aeroporto SBJV,9.8125,3.0,16.0,68.541875,1.349463567277602,3.59856951274028,
2019-07-07 00:00:00,aeroporto,Aeroporto SBJV,9.61111111111111,2.0,16.0,70.73111111111112,1.542244076888689,2.57040679481448,
2019-07-08 00:00:00,aeroporto,Aeroporto SBJV,11.944444444444445,3.0,19.0,81.62888888888888,0.971042566929915,3.59856951274028,
2019-07-09 00:00:00,aeroporto,Aeroporto SBJV,15.0,8.0,20.0,80.46222222222222,1.599364227884568,4.11265087170317,
2019-07-10 00:00:00,aeroporto,Aeroporto SBJV,15.666666666666666,8.0,22.0,84.2761111111111,1.3708836239010576,3.08448815377738,
2019-07-11 00:00:00,aeroporto,Aeroporto SBJV,16.705882352941178,9.0,24.0,81.20117647058824,1.2700833574377446,2.05632543585159,
2019-07-12 00:00:00,aeroporto,Aeroporto SBJV,17.375,10.0,25.0,84.78125,1.0281627179257924,2.57040679481448,
2019-07-13 00:00:00,aeroporto,Aeroporto SBJV,19.88888888888889,11.0,28.0,80.34666666666666,1.4280037748969345,3.59856951274028,
2019-07-14 00:00:00,aeroporto,Aeroporto SBJV,19.0,14.0,22.0,86.80733333333335,2.3990463418268515,3.59856951274028,
2019-07-15 00:00:00,aeroporto,Aeroporto SBJV,16.0,16.0,16.0,96.34705882352942,1.058402797864786,2.05632543585159,
2019-07-16 00:00:00,aeroporto,Aeroporto SBJV,14.0,8.0,20.0,70.39555555555555,1.5993642278845668,3.08448815377738,
2019-07-17 00:00:00,aeroporto,Aeroporto SBJV,12.571428571428571,7.0,17.0,85.68357142857143,0.9180024267194574,2.57040679481448,
2019-07-18 00:00:00,aeroporto,Aeroporto SBJV,16.0625,13.0,18.0,95.78,1.4458538220831463,3.08448815377738,
2019-07-19 00:00:00,aeroporto,Aeroporto SBJV,18.785714285714285,15.0,21.0,83.86785714285715,2.5704067948144833,4.62673223066607,
2019-07-20 00:00:00,aeroporto,Aeroporto SBJV,17.58823529411765,14.0,22.0,89.17999999999999,1.0886428778037804,3.08448815377738,
2019-07-21 00:00:00,aeroporto,Aeroporto SBJV,19.444444444444443,15.0,24.0,84.00166666666667,1.7992847563701373,4.11265087170317,
2019-07-22 00:00:00,aeroporto,Aeroporto SBJV,18.866666666666667,16.0,23.0,91.09866666666667,1.0967068991208455,2.05632543585159,
2019-07-23 00:00:00,aeroporto,Aeroporto SBJV,21.058823529411764,15.0,28.0,83.6094117647059,1.300323437376738,2.57040679481448,
2019-07-24 00:00:00,aeroporto,Aeroporto SBJV,21.235294117647058,14.0,27.0,84.79764705882353,2.4494464750585068,5.65489494859186,
2019-07-25 00:00:00,aeroporto,Aeroporto SBJV,19.666666666666668,18.0,22.0,90.84777777777778,2.3704862663289115,4.62673223066607,
2019-07-26 00:00:00,aeroporto,Aeroporto SBJV,20.058823529411764,17.0,22.0,88.54058823529412,1.2398432774987498,2.57040679481448,
2019-07-27 00:00:00,aeroporto,Aeroporto SBJV,16.833333333333332,15.0,19.0,96.59555555555556,3.341528833258829,4.62673223066607,
2019-07-28 00:00:00,aeroporto,Aeroporto SBJV,15.533333333333333,14.0,17.0,90.748,1.0281627179257924,2.05632543585159,
2019-07-29 00:00:00,aeroporto,Aeroporto SBJV,18.72222222222222,15.0,23.0,86.53388888888888,1.285203397407241,2.57040679481448,
2019-07-30 00:00:00,aeroporto,Aeroporto SBJV,19.166666666666668,14.0,24.0,85.54944444444445,1.1709630954154857,2.57040679481448,
2019-07-31 00:00:00,aeroporto,Aeroporto SBJV,18.444444444444443,14.0,22.0,87.25555555555555,2.170565737843341,5.65489494859186,
2019-08-01 00:00:00,aeroporto,Aeroporto SBJV,20.533333333333335,17.0,25.0,80.81066666666668,1.7136045298763212,2.57040679481448,
2019-08-02 00:00:00,aeroporto,Aeroporto SBJV,15.0,12.0,18.0,87.6164705882353,3.0240079938993922,6.16897630755476,
2019-08-03 00:00:00,aeroporto,Aeroporto SBJV,12.277777777777779,6.0,18.0,68.83333333333333,1.656484378880445,3.59856951274028,
2019-08-04 00:00:00,aeroporto,Aeroporto SBJV,10.588235294117647,4.0,16.0,75.10235294117648,2.056325435851586,4.62673223066607,
2019-08-05 00:00:00,aeroporto,Aeroporto SBJV,13.88888888888889,4.0,18.0,79.60722222222222,1.1995231709134249,2.05632543585159,
2019-08-06 00:00:00,aeroporto,Aeroporto SBJV,18.444444444444443,14.0,21.0,85.835,1.7707246808721993,3.59856951274028,
2019-08-07 00:00:00,aeroporto,Aeroporto SBJV,19.333333333333332,14.0,24.0,86.08222222222223,1.5136840013907513,3.59856951274028,
2019-08-08 00:00:00,aeroporto,Aeroporto SBJV,21.266666666666666,15.0,27.0,87.28333333333333,1.0967068991208453,2.57040679481448,
2019-08-09 00:00:00,aeroporto,Aeroporto SBJV,19.58823529411765,18.0,22.0,93.8164705882353,1.8748849562176222,4.11265087170317,
2019-08-10 00:00:00,aeroporto,Aeroporto SBJV,22.444444444444443,18.0,31.0,80.50888888888889,2.998807927283563,7.19713902548055,
2019-08-11 00:00:00,aeroporto,Aeroporto SBJV,17.38888888888889,16.0,19.0,86.70055555555557,1.7992847563701382,3.59856951274028,
2019-08-12 00:00:00,aeroporto,Aeroporto SBJV,20.3125,16.0,24.0,84.0775,1.477983907018327,3.59856951274028,
2019-08-13 00:00:00,aeroporto,Aeroporto SBJV,16.0,14.0,18.0,82.88,3.5664394278050957,5.65489494859186,
2019-08-14 00:00:00,aeroporto,Aeroporto SBJV,13.291666666666666,11.0,16.0,66.59375,2.5704067948144833,5.14081358962897,
2019-08-15 00:00:00,aeroporto,Aeroporto SBJV,15.375,12.0,19.0,83.86375,1.959935181046043,4.11265087170317,
2019-08-16 00:00:00,aeroporto,Aeroporto SBJV,17.764705882352942,10.0,23.0,78.77764705882353,1.9353651160956113,3.59856951274028,
2019-08-17 00:00:00,aeroporto,Aeroporto SBJV,18.529411764705884,15.0,23.0,85.89176470588235,1.5724841568276837,3.08448815377738,
2019-08-18 00:00:00,aeroporto,Aeroporto SBJV,18.933333333333334,15.0,24.0,85.48533333333333,4.009834599910595,8.22530174340635,
2019-08-19 00:00:00,aeroporto,Aeroporto SBJV,12.0,11.0,13.0,88.79352941176471,2.3587262352415257,4.11265087170317,
2019-08-20 00:00:00,aeroporto,Aeroporto SBJV,12.944444444444445,11.0,14.0,90.82166666666666,1.3708836239010573,2.05632543585159,
2019-08-21 00:00:00,aeroporto,Aeroporto SBJV,14.941176470588236,13.0,17.0,87.86705882352942,1.8144047963396353,5.14081358962897,
2019-08-22 00:00:00,aeroporto,Aeroporto SBJV,15.2,13.0,18.0,81.425,1.8506928922664279,3.08448815377738,
2019-08-23 00:00:00,aeroporto,Aeroporto SBJV,17.692307692307693,14.0,21.0,78.65538461538462,1.5817887968089128,6.68305766651766,
2019-08-24 00:00:00,aeroporto,Aeroporto SBJV,15.75,11.0,19.0,78.60125,1.6707644166294136,4.62673223066607,
2019-08-25 00:00:00,aeroporto,Aeroporto SBJV,16.0,11.0,22.0,78.65,1.8164208016689005,4.62673223066607,
2019-08-26 00:00:00,aeroporto,Aeroporto SBJV,18.066666666666666,14.0,19.0,85.70466666666667,2.6046788854120084,4.62673223066607,
2019-08-27 00:00:00,aeroporto,Aeroporto SBJV,18.933333333333334,17.0,21.0,90.27333333333333,1.4051557144985845,3.08448815377738,
2019-08-28 00:00:00,aeroporto,Aeroporto SBJV,20.2,16.0,24.0,80.308,2.2276858888392193,5.14081358962897,
2019-08-29 00:00:00,aeroporto,Aeroporto SBJV,19.944444444444443,17.0,23.0,81.57277777777777,1.6850444543783833,3.59856951274028,
2019-08-30 00:00:00,aeroporto,Aeroporto SBJV,21.533333333333335,17.0,26.0,79.40533333333333,1.9535091640590079,3.59856951274028,
2019-08-31 00:00:00,aeroporto,Aeroporto SBJV,19.76923076923077,17.0,24.0,89.72692307692309,2.570406794814484,4.62673223066607,
2019-09-01 00:00:00,aeroporto,Aeroporto SBJV,15.285714285714286,15.0,16.0,95.09571428571428,1.4320837856823563,2.05632543585159,
2019-09-02 00:00:00,aeroporto,Aeroporto SBJV,15.125,14.0,17.0,84.74312499999999,1.7028945015645935,2.57040679481448,
2019-09-03 00:00:00,aeroporto,Aeroporto SBJV,16.333333333333332,14.0,19.0,85.05944444444444,2.2276858888392175,4.62673223066607,
2019-09-04 00:00:00,aeroporto,Aeroporto SBJV,14.588235294117647,13.0,16.0,88.27941176470588,1.8748849562176222,4.62673223066607,
2019-09-05 00:00:00,aeroporto,Aeroporto SBJV,12.461538461538462,12.0,13.0,83.56076923076922,2.333138475293147,4.11265087170317,
2019-09-06 00:00:00,aeroporto,Aeroporto SBJV,13.294117647058824,11.0,16.0,97.02411764705882,1.844644876278629,3.59856951274028,
2019-09-07 00:00:00,aeroporto,Aeroporto SBJV,17.466666666666665,15.0,19.0,93.20133333333334,1.6450603486812692,3.08448815377738,
2019-09-08 00:00:00,aeroporto,Aeroporto SBJV,19.25,17.0,21.0,90.96875,1.5422440768886887,3.08448815377738,
2019-09-09 00:00:00,aeroporto,Aeroporto SBJV,20.11111111111111,17.0,25.0,91.62111111111112,1.199523170913425,3.08448815377738,
2019-09-10 00:00:00,aeroporto,Aeroporto SBJV,20.866666666666667,16.0,27.0,85.514,2.570406794814483,8.22530174340635,
2019-09-11 00:00:00,aeroporto,Aeroporto SBJV,20.9375,15.0,26.0,83.619375,1.6386343316942327,3.08448815377738,
2019-09-12 00:00:00,aeroporto,Aeroporto SBJV,19.6,17.0,24.0,90.784,2.878855610192223,6.68305766651766,
2019-09-13 00:00:00,aeroporto,Aeroporto SBJV,17.42105263157895,16.0,19.0,87.08736842105263,1.6775286450368196,3.08448815377738,
2019-09-14 00:00:00,aeroporto,Aeroporto SBJV,18.625,16.0,21.0,88.18375,1.5422440768886903,3.59856951274028,
2019-09-15 00:00:00,aeroporto,Aeroporto SBJV,21.0625,17.0,25.0,87.770625,1.1888131426016981,3.08448815377738,
2019-09-16 00:00:00,aeroporto,Aeroporto SBJV,22.4375,20.0,26.0,89.2775,1.7671546714349562,4.11265087170317,
2019-09-17 00:00:00,aeroporto,Aeroporto SBJV,19.785714285714285,18.0,23.0,91.77785714285714,2.6438469889520397,5.65489494859186,
2019-09-18 00:00:00,aeroporto,Aeroporto SBJV,19.571428571428573,17.0,23.0,90.25071428571428,2.166485727057922,5.14081358962897,
2019-09-19 00:00:00,aeroporto,Aeroporto SBJV,19.071428571428573,18.0,20.0,96.97500000000001,1.909445047576474,4.11265087170317,
2019-09-20 00:00:00,aeroporto,Aeroporto SBJV,18.2,16.0,22.0,93.21266666666666,2.9816718819848016,6.16897630755476,
2019-09-21 00:00:00,aeroporto,Aeroporto SBJV,15.266666666666667,15.0,16.0,94.22266666666665,1.0967068991208453,2.05632543585159,
2019-09-22 00:00:00,aeroporto,Aeroporto SBJV,17.41176470588235,14.0,22.0,81.8164705882353,1.93536511609561,4.62673223066607,
2019-09-23 00:00:00,aeroporto,Aeroporto SBJV,17.4,15.0,20.0,67.83200000000001,3.015943972582327,6.16897630755476,
2019-09-24 00:00:00,aeroporto,Aeroporto SBJV,17.0,15.0,18.0,91.93066666666667,1.4394278050961102,3.08448815377738,
2019-09-25 00:00:00,aeroporto,Aeroporto SBJV,19.375,16.0,23.0,87.135625,1.7028945015645944,3.59856951274028,
2019-09-26 00:00:00,aeroporto,Aeroporto SBJV,20.3125,17.0,23.0,85.381875,2.4097563701385774,5.14081358962897,
2019-09-27 00:00:00,aeroporto,Aeroporto SBJV,20.0,17.0,24.0,78.5464705882353,3.417129033106313,8.73938310236924,
2019-09-28 00:00:00,aeroporto,Aeroporto SBJV,17.785714285714285,16.0,19.0,81.76571428571428,1.872724950507695,3.59856951274028,
2019-09-29 00:00:00,aeroporto,Aeroporto SBJV,20.133333333333333,15.0,24.0,76.59333333333333,1.8849649828639543,4.11265087170317,
2019-09-30 00:00:00,aeroporto,Aeroporto SBJV,20.933333333333334,18.0,23.0,83.998,2.776039338399641,5.65489494859186,
2019-10-01 00:00:00,aeroporto,Aeroporto SBJV,22.333333333333332,20.0,26.0,78.47866666666667,3.0159439725823285,4.62673223066607,
2019-10-02 00:00:00,aeroporto,Aeroporto SBJV,22.0,19.0,25.0,85.781875,1.4779839070183278,3.59856951274028,
2019-10-03 00:00:00,aeroporto,Aeroporto SBJV,21.25,19.0,24.0,89.27250000000001,2.698927134555207,4.62673223066607,
2019-10-04 00:00:00,aeroporto,Aeroporto SBJV,22.571428571428573,19.0,25.0,83.79857142857144,2.6438469889520397,4.62673223066607,
2019-10-05 00:00:00,aeroporto,Aeroporto SBJV,22.88235294117647,19.0,28.0,80.74764705882353,4.203371111520156,7.71122038444345,
2019-10-06 00:00:00,aeroporto,Aeroporto SBJV,17.428571428571427,17.0,18.0,93.465,1.1750431062009057,1.54224407688869,
2019-10-07 00:00:00,aeroporto,Aeroporto SBJV,17.9375,17.0,19.0,95.82,1.1566830576665175,2.05632543585159,
2019-10-08 00:00:00,aeroporto,Aeroporto SBJV,22.133333333333333,16.0,26.0,79.99866666666667,2.0905975264491126,4.62673223066607,
2019-10-09 00:00:00,aeroporto,Aeroporto SBJV,22.5,17.0,26.0,78.70944444444444,2.5132866438186063,5.14081358962897,
2019-10-10 00:00:00,aeroporto,Aeroporto SBJV,22.1875,14.0,27.0,77.448125,2.891707644166294,5.14081358962897,
2019-10-11 00:00:00,aeroporto,Aeroporto SBJV,23.41176470588235,19.0,29.0,79.45058823529412,2.3284861553025316,4.62673223066607,
2019-10-12 00:00:00,aeroporto,Aeroporto SBJV,24.0,19.0,29.0,85.50444444444445,1.7992847563701386,4.11265087170317,
2019-10-13 00:00:00,aeroporto,Aeroporto SBJV,24.6875,22.0,30.0,88.603125,1.9278050961108626,4.11265087170317,
2019-10-14 00:00:00,aeroporto,Aeroporto SBJV,22.533333333333335,19.0,27.0,87.00533333333333,3.8727462375204884,6.68305766651766,
2019-10-15 00:00:00,aeroporto,Aeroporto SBJV,16.9375,16.0,18.0,95.816875,2.2169758605274934,4.11265087170317,
2019-10-16 00:00:00,aeroporto,Aeroporto SBJV,20.294117647058822,17.0,23.0,93.78941176470589,1.451523837071708,3.59856951274028,
2019-10-17 00:00:00,aeroporto,Aeroporto SBJV,23.75,21.0,27.0,82.575625,2.4418864550737593,4.62673223066607,
2019-10-18 00:00:00,aeroporto,Aeroporto SBJV,24.941176470588236,21.0,29.0,85.61176470588236,1.8144047963396348,4.62673223066607,
2019-10-19 00:00:00,aeroporto,Aeroporto SBJV,21.1875,19.0,24.0,80.879375,3.5985695127402755,6.16897630755476,
2019-10-20 00:00:00,aeroporto,Aeroporto SBJV,19.166666666666668,17.0,21.0,75.9211111111111,2.2848060398350967,5.14081358962897,
2019-10-21 00:00:00,aeroporto,Aeroporto SBJV,17.9375,16.0,21.0,89.47875,1.0602928028609737,2.05632543585159,
2019-10-22 00:00:00,aeroporto,Aeroporto SBJV,21.5,15.0,26.0,77.76833333333333,3.5985695127402764,7.19713902548055,
2019-10-23 00:00:00,aeroporto,Aeroporto SBJV,20.764705882352942,18.0,24.0,82.53529411764706,2.2982460753635365,4.11265087170317,
2019-10-24 00:00:00,aeroporto,Aeroporto SBJV,23.58823529411765,16.0,28.0,77.74823529411765,2.177285755607561,4.11265087170317,
2019-10-25 00:00:00,aeroporto,Aeroporto SBJV,24.666666666666668,21.0,28.0,77.92777777777778,2.627526945810361,6.16897630755476,
2019-10-26 00:00:00,aeroporto,Aeroporto SBJV,22.555555555555557,20.0,24.0,88.36388888888888,1.7136045298763216,2.57040679481448,
2019-10-27 00:00:00,aeroporto,Aeroporto SBJV,25.0,21.0,28.0,84.15176470588234,2.388966315180519,4.11265087170317,
2019-10-28 00:00:00,aeroporto,Aeroporto SBJV,24.666666666666668,19.0,30.0,81.46277777777777,2.142005662345403,4.62673223066607,
2019-10-29 00:00:00,aeroporto,Aeroporto SBJV,26.38888888888889,20.0,33.0,75.475,2.8274474742959317,6.68305766651766,
2019-10-30 00:00:00,aeroporto,Aeroporto SBJV,26.88235294117647,20.0,34.0,71.66823529411764,3.0844881537773796,8.73938310236924,
2019-10-31 00:00:00,aeroporto,Aeroporto SBJV,26.38888888888889,23.0,31.0,69.21,3.284408682262951,7.19713902548055,
2019-11-01 00:00:00,aeroporto,Aeroporto SBJV,22.555555555555557,21.0,25.0,93.28388888888888,2.627526945810361,4.11265087170317,
2019-11-02 00:00:00,aeroporto,Aeroporto SBJV,25.210526315789473,21.0,29.0,84.52157894736843,2.3810083994071007,4.62673223066607,
2019-11-03 00:00:00,aeroporto,Aeroporto SBJV,25.72222222222222,23.0,30.0,82.99888888888889,3.141608304773258,7.71122038444345,
2019-11-04 00:00:00,aeroporto,Aeroporto SBJV,23.266666666666666,21.0,26.0,91.368,1.9877812546565332,4.62673223066607,
2019-11-05 00:00:00,aeroporto,Aeroporto SBJV,24.066666666666666,22.0,29.0,86.00933333333334,2.8788556101922222,7.19713902548055,
2019-11-06 00:00:00,aeroporto,Aeroporto SBJV,21.473684210526315,19.0,25.0,78.3521052631579,2.732748276592239,5.65489494859186,
2019-11-07 00:00:00,aeroporto,Aeroporto SBJV,21.3125,19.0,25.0,89.831875,1.895675011175681,5.14081358962897,
2019-11-08 00:00:00,aeroporto,Aeroporto SBJV,23.083333333333332,20.0,25.0,87.00333333333333,2.2276858888392184,4.62673223066607,
2019-11-09 00:00:00,aeroporto,Aeroporto SBJV,23.384615384615383,21.0,25.0,88.42615384615384,1.2654310374471307,2.05632543585159,
2019-11-10 00:00:00,aeroporto,Aeroporto SBJV,23.066666666666666,21.0,26.0,90.95599999999999,2.2619579794367453,5.14081358962897,
2019-11-11 00:00:00,aeroporto,Aeroporto SBJV,21.266666666666666,20.0,23.0,94.87400000000001,1.8849649828639554,5.14081358962897,
2019-11-12 00:00:00,aeroporto,Aeroporto SBJV,22.071428571428573,20.0,24.0,83.92857142857143,2.1664857270579208,4.11265087170317,
2019-11-13 00:00:00,aeroporto,Aeroporto SBJV,22.4,21.0,24.0,87.1,2.159141707644166,4.11265087170317,
2019-11-14 00:00:00,aeroporto,Aeroporto SBJV,22.76923076923077,21.0,25.0,92.98076923076923,1.1072521577662382,1.54224407688869,
2019-11-15 00:00:00,aeroporto,Aeroporto SBJV,24.05263157894737,20.0,28.0,72.66052631578947,3.3009434628143888,7.19713902548055,
2019-11-16 00:00:00,aeroporto,Aeroporto SBJV,23.333333333333332,19.0,26.0,68.704,3.769929965727908,7.19713902548055,
2019-11-17 00:00:00,aeroporto,Aeroporto SBJV,23.285714285714285,18.0,26.0,71.06714285714285,2.974327862571045,5.65489494859186,
2019-11-18 00:00:00,aeroporto,Aeroporto SBJV,23.375,17.0,27.0,66.363125,2.6667970496200266,5.65489494859186,
2019-11-19 00:00:00,aeroporto,Aeroporto SBJV,24.0625,18.0,28.0,78.058125,2.7953173893607515,5.14081358962897,
2019-11-20 00:00:00,aeroporto,Aeroporto SBJV,24.266666666666666,19.0,27.0,81.38666666666667,2.261957979436744,4.11265087170317,
2019-11-21 00:00:00,aeroporto,Aeroporto SBJV,25.444444444444443,22.0,28.0,78.06277777777778,3.3700889087567667,5.65489494859186,
2019-11-22 00:00:00,aeroporto,Aeroporto SBJV,26.375,20.0,31.0,76.34625,1.9920652659812248,3.59856951274028,
2019-11-23 00:00:00,aeroporto,Aeroporto SBJV,23.0,20.0,27.0,84.0,3.3243927879600648,6.68305766651766,
2019-11-24 00:00:00,aeroporto,Aeroporto SBJV,19.214285714285715,18.0,21.0,78.47714285714287,1.5422440768886898,3.59856951274028,
2019-11-25 00:00:00,aeroporto,Aeroporto SBJV,21.8,17.0,25.0,66.146,2.536134704216957,4.62673223066607,
2019-11-26 00:00:00,aeroporto,Aeroporto SBJV,22.0,19.0,24.0,76.48882352941176,3.3868889531673187,5.65489494859186,
2019-11-27 00:00:00,aeroporto,Aeroporto SBJV,21.058823529411764,19.0,23.0,93.07882352941178,1.7841647164006413,5.14081358962897,
2019-11-28 00:00:00,aeroporto,Aeroporto SBJV,22.1875,19.0,24.0,72.0075,3.148748323647742,5.65489494859186,
2019-11-29 00:00:00,aeroporto,Aeroporto SBJV,22.666666666666668,16.0,26.0,71.49666666666667,2.776039338399641,6.16897630755476,
2019-11-30 00:00:00,aeroporto,Aeroporto SBJV,24.58823529411765,17.0,30.0,74.13882352941175,2.509926634936495,5.14081358962897,
2019-12-01 00:00:00,aeroporto,Aeroporto SBJV,24.823529411764707,19.0,30.0,76.60176470588236,4.415051671093111,7.19713902548055,
2019-12-02 00:00:00,aeroporto,Aeroporto SBJV,22.1875,19.0,25.0,61.0125,3.1808784085829243,6.68305766651766,
2019-12-03 00:00:00,aeroporto,Aeroporto SBJV,21.470588235294116,18.0,24.0,72.73,2.0260853559125933,3.08448815377738,
2019-12-04 00:00:00,aeroporto,Aeroporto SBJV,22.375,19.0,26.0,82.01125,2.8595775592311132,5.14081358962897,
2019-12-05 00:00:00,aeroporto,Aeroporto SBJV,21.846153846153847,20.0,27.0,90.00692307692307,1.621333516729135,5.65489494859186,
2019-12-06 00:00:00,aeroporto,Aeroporto SBJV,21.77777777777778,19.0,24.0,83.4638888888889,1.9135250583618924,3.08448815377738,
2019-12-07 00:00:00,aeroporto,Aeroporto SBJV,24.333333333333332,18.0,29.0,75.306,3.290120697362538,7.19713902548055,
2019-12-08 00:00:00,aeroporto,Aeroporto SBJV,24.294117647058822,19.0,29.0,73.28235294117647,2.993767913960398,5.14081358962897,
2019-12-09 00:00:00,aeroporto,Aeroporto SBJV,20.8,18.0,23.0,84.1,1.7821487110713747,3.08448815377738,
2019-12-10 00:00:00,aeroporto,Aeroporto SBJV,24.5,19.0,28.0,77.299375,1.7028945015645938,3.08448815377738,
2019-12-11 00:00:00,aeroporto,Aeroporto SBJV,26.266666666666666,22.0,29.0,78.96866666666666,2.3990463418268506,5.65489494859186,
2019-12-12 00:00:00,aeroporto,Aeroporto SBJV,27.454545454545453,22.0,33.0,77.19318181818181,2.2432641118380943,5.14081358962897,
2019-12-13 00:00:00,aeroporto,Aeroporto SBJV,23.842105263157894,21.0,26.0,73.79789473684211,4.302049267110558,8.22530174340635,
2019-12-14 00:00:00,aeroporto,Aeroporto SBJV,22.5625,20.0,24.0,87.363125,1.5743741618238718,3.59856951274028,
2019-12-15 00:00:00,aeroporto,Aeroporto SBJV,26.11764705882353,23.0,28.0,83.03411764705882,2.4192063951195135,3.59856951274028,
2019-12-16 00:00:00,aeroporto,Aeroporto SBJV,24.333333333333332,22.0,26.0,89.96944444444445,1.7136045298763216,4.11265087170317,
2019-12-17 00:00:00,aeroporto,Aeroporto SBJV,21.176470588235293,19.0,22.0,94.75176470588235,2.177285755607562,4.11265087170317,
2019-12-18 00:00:00,aeroporto,Aeroporto SBJV,19.266666666666666,18.0,20.0,93.262,1.679332439278796,2.57040679481448,
2019-12-19 00:00:00,aeroporto,Aeroporto SBJV,22.1875,19.0,24.0,87.800625,1.6065042467590518,4.11265087170317,
2019-12-20 00:00:00,aeroporto,Aeroporto SBJV,24.857142857142858,23.0,27.0,81.75071428571428,2.350086212401813,4.62673223066607,
2019-12-21 00:00:00,aeroporto,Aeroporto SBJV,29.3125,22.0,35.0,68.32375,2.570406794814483,5.65489494859186,
2019-12-22 00:00:00,aeroporto,Aeroporto SBJV,26.444444444444443,23.0,30.0,76.42500000000001,3.9127303432176017,7.19713902548055,
2019-12-23 00:00:00,aeroporto,Aeroporto SBJV,24.266666666666666,21.0,28.0,77.946,2.056325435851586,4.11265087170317,
2019-12-24 00:00:00,aeroporto,Aeroporto SBJV,25.88888888888889,21.0,29.0,72.92222222222222,2.827447474295932,5.14081358962897,
2019-12-25 00:00:00,aeroporto,Aeroporto SBJV,27.166666666666668,20.0,31.0,73.68666666666667,2.9416877762876874,5.14081358962897,
2019-12-26 00:00:00,aeroporto,Aeroporto SBJV,27.444444444444443,22.0,32.0,74.72833333333332,2.4847265683206667,5.14081358962897,
2019-12-27 00:00:00,aeroporto,Aeroporto SBJV,26.833333333333332,21.0,31.0,73.51777777777778,2.6560870213083003,5.14081358962897,
2019-12-28 00:00:00,aeroporto,Aeroporto SBJV,26.625,22.0,30.0,76.965,2.47401654000894,4.62673223066607,
2019-12-29 00:00:00,aeroporto,Aeroporto SBJV,27.6875,22.0,31.0,74.09375,2.8274474742959312,5.65489494859186,
2019-12-30 00:00:00,aeroporto,Aeroporto SBJV,27.27777777777778,21.0,31.0,73.82611111111112,2.6275269458103603,6.16897630755476,
2019-12-31 00:00:00,aeroporto,Aeroporto SBJV,28.0,23.0,31.0,72.595,2.6667970496200257,4.62673223066607,
2020-01-01 00:00:00,aeroporto,Aeroporto SBJV,26.88235294117647,23.0,33.0,83.7270588235294,1.9656051960346053,4.62673223066607,
2020-01-02 00:00:00,aeroporto,Aeroporto SBJV,24.555555555555557,22.0,26.0,87.58,2.1420056623454022,3.59856951274028,
2020-01-03 00:00:00,aeroporto,Aeroporto SBJV,24.75,22.0,27.0,77.504375,3.6306995976754575,6.68305766651766,
2020-01-04 00:00:00,aeroporto,Aeroporto SBJV,21.72222222222222,20.0,24.0,95.155,2.4276064173247898,6.68305766651766,
2020-01-05 00:00:00,aeroporto,Aeroporto SBJV,24.666666666666668,20.0,29.0,81.39111111111112,2.4276064173247898,6.16897630755476,
2020-01-06 00:00:00,aeroporto,Aeroporto SBJV,28.0,19.0,33.0,73.5664705882353,2.509926634936495,4.11265087170317,
2020-01-07 00:00:00,aeroporto,Aeroporto SBJV,27.8125,22.0,34.0,81.50125,1.3173334823424232,3.08448815377738,
2020-01-08 00:00:00,aeroporto,Aeroporto SBJV,24.529411764705884,23.0,26.0,92.95647058823529,1.481763917010701,2.57040679481448,
2020-01-09 00:00:00,aeroporto,Aeroporto SBJV,28.176470588235293,22.0,32.0,79.96588235294118,2.0865655157905802,4.11265087170317,
2020-01-10 00:00:00,aeroporto,Aeroporto SBJV,28.944444444444443,24.0,32.0,83.08777777777777,2.5704067948144833,4.62673223066607,
2020-01-11 00:00:00,aeroporto,Aeroporto SBJV,27.529411764705884,25.0,33.0,86.26705882352941,2.9332877540824103,6.16897630755476,
2020-01-12 00:00:00,aeroporto,Aeroporto SBJV,27.27777777777778,23.0,30.0,76.79444444444444,3.1416083047732584,5.14081358962897,
2020-01-13 00:00:00,aeroporto,Aeroporto SBJV,25.58823529411765,20.0,30.0,70.61588235294118,2.9937679139603994,6.68305766651766,
2020-01-14 00:00:00,aeroporto,Aeroporto SBJV,26.75,19.0,30.0,68.09125,2.4740165400089396,4.62673223066607,
2020-01-15 00:00:00,aeroporto,Aeroporto SBJV,27.77777777777778,20.0,32.0,72.29055555555556,3.2844086822629506,5.65489494859186,
2020-01-16 00:00:00,aeroporto,Aeroporto SBJV,25.333333333333332,19.0,32.0,82.1511111111111,3.3700889087567663,7.19713902548055,
2020-01-17 00:00:00,aeroporto,Aeroporto SBJV,21.11111111111111,19.0,23.0,78.70722222222223,1.7421646053742619,2.57040679481448,
2020-01-18 00:00:00,aeroporto,Aeroporto SBJV,22.0,19.0,24.0,85.60411764705883,1.6632043966446646,3.08448815377738,
2020-01-19 00:00:00,aeroporto,Aeroporto SBJV,23.77777777777778,20.0,26.0,82.63000000000001,1.970645209357769,4.62673223066607,
2020-01-20 00:00:00,aeroporto,Aeroporto SBJV,26.444444444444443,21.0,31.0,74.82444444444444,2.341926190830973,4.62673223066607,
2020-01-21 00:00:00,aeroporto,Aeroporto SBJV,24.941176470588236,20.0,28.0,75.58352941176472,2.721607194509453,5.65489494859186,
2020-01-22 00:00:00,aeroporto,Aeroporto SBJV,21.823529411764707,20.0,24.0,92.16529411764705,1.2096031975597565,2.57040679481448,
2020-01-23 00:00:00,aeroporto,Aeroporto SBJV,21.88888888888889,20.0,24.0,90.26111111111112,2.456166492822727,5.65489494859186,
2020-01-24 00:00:00,aeroporto,Aeroporto SBJV,23.72222222222222,20.0,27.0,79.40833333333333,2.9131277007897474,7.19713902548055,
2020-01-25 00:00:00,aeroporto,Aeroporto SBJV,25.333333333333332,18.0,30.0,70.22611111111111,2.5132866438186054,4.62673223066607,
2020-01-26 00:00:00,aeroporto,Aeroporto SBJV,27.058823529411764,19.0,32.0,73.31588235294117,2.3889663151805194,4.11265087170317,
2020-01-27 00:00:00,aeroporto,Aeroporto SBJV,27.38888888888889,22.0,33.0,80.29833333333335,2.42760641732479,5.14081358962897,
2020-01-28 00:00:00,aeroporto,Aeroporto SBJV,24.88888888888889,22.0,27.0,89.46055555555556,2.0277653603536474,4.62673223066607,
2020-01-29 00:00:00,aeroporto,Aeroporto SBJV,25.11111111111111,22.0,29.0,90.5638888888889,1.9420851338598313,6.16897630755476,
2020-01-30 00:00:00,aeroporto,Aeroporto SBJV,27.833333333333332,22.0,32.0,83.6861111111111,1.7421646053742614,5.14081358962897,
2020-01-31 00:00:00,aeroporto,Aeroporto SBJV,28.05263157894737,23.0,32.0,83.22947368421052,2.2998376585182223,5.14081358962897,
2020-02-01 00:00:00,aeroporto,Aeroporto SBJV,26.88235294117647,24.0,29.0,78.22411764705882,3.7800099923742407,6.68305766651766,
2020-02-02 00:00:00,aeroporto,Aeroporto SBJV,24.833333333333332,22.0,28.0,90.36888888888889,1.6850444543783833,5.14081358962897,
2020-02-03 00:00:00,aeroporto,Aeroporto SBJV,24.666666666666668,15.0,28.0,82.64722222222223,3.3415288332588275,6.16897630755476,
2020-02-04 00:00:00,aeroporto,Aeroporto SBJV,23.88235294117647,22.0,25.0,93.48823529411764,2.237765915485551,4.11265087170317,
2020-02-05 00:00:00,aeroporto,Aeroporto SBJV,24.11111111111111,23.0,25.0,94.82166666666666,1.799284756370139,3.08448815377738,
2020-02-06 00:00:00,aeroporto,Aeroporto SBJV,24.3125,22.0,27.0,94.579375,1.7992847563701386,3.59856951274028,
2020-02-07 00:00:00,aeroporto,Aeroporto SBJV,25.210526315789473,23.0,27.0,91.39421052631579,2.2457238312589705,5.14081358962897,
2020-02-08 00:00:00,aeroporto,Aeroporto SBJV,26.61111111111111,23.0,30.0,87.13555555555556,1.8564049073660154,3.59856951274028,
2020-02-09 00:00:00,aeroporto,Aeroporto SBJV,25.833333333333332,22.0,33.0,88.43222222222222,3.0273680027815026,8.22530174340635,
2020-02-10 00:00:00,aeroporto,Aeroporto SBJV,21.05263157894737,20.0,23.0,92.32263157894738,1.948097781333082,3.59856951274028,
2020-02-11 00:00:00,aeroporto,Aeroporto SBJV,20.529411764705884,19.0,24.0,91.73941176470588,2.0260853559125933,4.62673223066607,
2020-02-12 00:00:00,aeroporto,Aeroporto SBJV,22.647058823529413,18.0,27.0,83.22,1.7841647164006402,4.62673223066607,
2020-02-13 00:00:00,aeroporto,Aeroporto SBJV,23.22222222222222,19.0,27.0,84.78500000000001,2.484726568320667,5.65489494859186,
2020-02-14 00:00:00,aeroporto,Aeroporto SBJV,25.5625,19.0,29.0,77.435625,2.6346669646848464,5.14081358962897,
2020-02-15 00:00:00,aeroporto,Aeroporto SBJV,27.058823529411764,20.0,31.0,76.45705882352941,2.328486155302533,3.59856951274028,
2020-02-16 00:00:00,aeroporto,Aeroporto SBJV,27.666666666666668,22.0,31.0,79.02222222222223,1.9706452093577695,5.14081358962897,
2020-02-17 00:00:00,aeroporto,Aeroporto SBJV,28.0,23.0,32.0,78.85470588235295,1.9051250361566165,3.59856951274028,
2020-02-18 00:00:00,aeroporto,Aeroporto SBJV,29.444444444444443,23.0,34.0,81.58444444444444,1.9992052848557091,4.62673223066607,
2020-02-19 00:00:00,aeroporto,Aeroporto SBJV,28.0,24.0,31.0,79.09823529411766,2.9030476741434157,5.65489494859186,
2020-02-20 00:00:00,aeroporto,Aeroporto SBJV,27.72222222222222,25.0,31.0,86.35444444444445,2.713207172304176,5.65489494859186,
2020-02-21 00:00:00,aeroporto,Aeroporto SBJV,23.0,20.0,25.0,83.348125,2.8595775592311123,5.14081358962897,
2020-02-22 00:00:00,aeroporto,Aeroporto SBJV,21.6,19.0,25.0,75.15533333333333,2.1934137982416932,4.62673223066607,
2020-02-23 00:00:00,aeroporto,Aeroporto SBJV,22.133333333333333,17.0,25.0,75.04666666666667,2.3990463418268515,5.14081358962897,
2020-02-24 00:00:00,aeroporto,Aeroporto SBJV,24.666666666666668,18.0,28.0,76.475,2.513286643818605,4.11265087170317,
2020-02-25 00:00:00,aeroporto,Aeroporto SBJV,24.0,22.0,26.0,92.8935294117647,1.905125036156617,5.65489494859186,
2020-02-26 00:00:00,aeroporto,Aeroporto SBJV,22.923076923076923,19.0,25.0,91.64,3.2822117533784936,6.16897630755476,
2020-02-27 00:00:00,aeroporto,Aeroporto SBJV,21.58823529411765,15.0,27.0,70.45764705882353,2.4494464750585054,5.65489494859186,
2020-02-28 00:00:00,aeroporto,Aeroporto SBJV,23.375,16.0,27.0,73.230625,2.377626285203396,5.65489494859186,
2020-02-29 00:00:00,aeroporto,Aeroporto SBJV,23.3125,19.0,27.0,78.121875,2.4097563701385787,5.65489494859186,
2020-03-01 00:00:00,aeroporto,Aeroporto SBJV,22.6875,19.0,26.0,83.359375,2.2169758605274916,5.14081358962897,
2020-03-02 00:00:00,aeroporto,Aeroporto SBJV,21.875,18.0,26.0,90.095,2.602536879749665,6.16897630755476,
2020-03-03 00:00:00,aeroporto,Aeroporto SBJV,21.176470588235293,19.0,24.0,93.67529411764706,1.23984327749875,3.08448815377738,
2020-03-04 00:00:00,aeroporto,Aeroporto SBJV,23.333333333333332,17.0,28.0,77.58,2.2962300700342713,5.14081358962897,
2020-03-05 00:00:00,aeroporto,Aeroporto SBJV,22.58823529411765,18.0,26.0,80.19470588235293,2.600646874753476,5.65489494859186,
2020-03-06 00:00:00,aeroporto,Aeroporto SBJV,23.0,18.0,27.0,78.172,2.7074951572045887,6.68305766651766,
2020-03-07 00:00:00,aeroporto,Aeroporto SBJV,23.941176470588236,19.0,28.0,77.64,2.116805595729574,4.62673223066607,
2020-03-08 00:00:00,aeroporto,Aeroporto SBJV,24.23076923076923,18.0,29.0,72.93923076923078,2.5308620748942596,5.14081358962897,
2020-03-09 00:00:00,aeroporto,Aeroporto SBJV,24.88235294117647,18.0,30.0,76.5529411764706,2.026085355912593,5.14081358962897,
2020-03-10 00:00:00,aeroporto,Aeroporto SBJV,25.2,18.0,30.0,77.37933333333334,1.884964982863954,4.62673223066607,
2020-03-11 00:00:00,aeroporto,Aeroporto SBJV,25.0,19.0,30.0,80.236,1.9877812546565339,4.62673223066607,
2020-03-12 00:00:00,aeroporto,Aeroporto SBJV,26.235294117647058,20.0,30.0,74.42999999999999,2.449446475058507,4.62673223066607,
2020-03-13 00:00:00,aeroporto,Aeroporto SBJV,26.8,21.0,31.0,74.82,2.0563254358515857,4.11265087170317,
2020-03-14 00:00:00,aeroporto,Aeroporto SBJV,26.25,19.0,31.0,78.833125,1.7350245864997769,4.62673223066607,
2020-03-15 00:00:00,aeroporto,Aeroporto SBJV,26.75,21.0,31.0,81.290625,2.313366115333033,4.11265087170317,
2020-03-16 00:00:00,aeroporto,Aeroporto SBJV,26.384615384615383,23.0,30.0,83.29923076923077,1.9772359960111403,4.11265087170317,
2020-03-17 00:00:00,aeroporto,Aeroporto SBJV,24.705882352941178,22.0,27.0,89.84294117647059,2.0260853559125915,4.11265087170317,
2020-03-18 00:00:00,aeroporto,Aeroporto SBJV,26.266666666666666,23.0,30.0,86.114,1.9877812546565343,3.08448815377738,
2020-03-19 00:00:00,aeroporto,Aeroporto SBJV,28.285714285714285,22.0,34.0,73.8292857142857,1.9094450475764735,3.59856951274028,
2020-03-20 00:00:00,aeroporto,Aeroporto SBJV,25.571428571428573,23.0,29.0,73.96571428571428,3.74544990101539,7.19713902548055,
2020-03-21 00:00:00,aeroporto,Aeroporto SBJV,24.785714285714285,21.0,27.0,72.17,2.2032058241267,5.14081358962897,
2020-03-22 00:00:00,aeroporto,Aeroporto SBJV,24.692307692307693,20.0,28.0,78.06153846153846,2.689040954575151,5.65489494859186,
2020-03-23 00:00:00,aeroporto,Aeroporto SBJV,24.444444444444443,20.0,27.0,73.57111111111111,3.1416083047732575,5.14081358962897,
2020-03-24 00:00:00,aeroporto,Aeroporto SBJV,22.923076923076923,19.0,28.0,79.1776923076923,1.4631546370482431,4.62673223066607,
2020-03-25 00:00:00,aeroporto,Aeroporto SBJV,21.916666666666668,18.0,28.0,79.06416666666667,1.5850841901355972,4.62673223066607,
2020-03-26 00:00:00,aeroporto,Aeroporto SBJV,24.5,17.0,29.0,71.71249999999999,1.9706452093577702,5.65489494859186,
2020-03-27 00:00:00,aeroporto,Aeroporto SBJV,23.857142857142858,19.0,27.0,79.37357142857142,2.239925921195477,6.16897630755476,
2020-03-28 00:00:00,aeroporto,Aeroporto SBJV,24.846153846153847,20.0,29.0,80.23076923076923,1.739967676489803,3.59856951274028,
2020-03-29 00:00:00,aeroporto,Aeroporto SBJV,24.666666666666668,20.0,27.0,83.98533333333333,1.3023394427060042,2.05632543585159,
2020-03-30 00:00:00,aeroporto,Aeroporto SBJV,25.866666666666667,20.0,30.0,80.40533333333333,2.193413798241692,4.11265087170317,
2020-03-31 00:00:00,aeroporto,Aeroporto SBJV,26.636363636363637,23.0,30.0,77.83363636363636,1.5422440768886891,3.59856951274028,
2020-04-01 00:00:00,aeroporto,Aeroporto SBJV,25.9,23.0,29.0,81.21900000000001,1.5422440768886905,3.59856951274028,
2020-04-02 00:00:00,aeroporto,Aeroporto SBJV,27.555555555555557,25.0,29.0,75.99333333333334,1.7136045298763223,3.08448815377738,
2020-04-03 00:00:00,aeroporto,Aeroporto SBJV,25.9,22.0,29.0,40.143,4.421099687080911,6.16897630755476,
2020-04-04 00:00:00,aeroporto,Aeroporto SBJV,24.0,18.0,27.0,53.474545454545456,2.5704067948144846,6.68305766651766,
2020-04-05 00:00:00,aeroporto,Aeroporto SBJV,25.444444444444443,22.0,27.0,66.36111111111111,3.1416083047732553,4.62673223066607,
2020-04-06 00:00:00,aeroporto,Aeroporto SBJV,25.2,22.0,27.0,74.63199999999999,2.159141707644164,3.08448815377738,
2020-04-07 00:00:00,aeroporto,Aeroporto SBJV,23.1,21.0,25.0,73.62100000000001,3.598569512740279,5.14081358962897,
2020-04-08 00:00:00,aeroporto,Aeroporto SBJV,20.875,18.0,23.0,72.73875,3.0202279839070187,5.14081358962897,
2020-04-09 00:00:00,aeroporto,Aeroporto SBJV,20.142857142857142,16.0,23.0,68.85285714285715,1.9094450475764724,4.11265087170317,
2020-04-10 00:00:00,aeroporto,Aeroporto SBJV,22.5,20.0,25.0,66.116,2.724631202503351,5.65489494859186,
2020-04-11 00:00:00,aeroporto,Aeroporto SBJV,21.666666666666668,18.0,23.0,62.105,1.7992847563701382,3.59856951274028,
2020-04-12 00:00:00,aeroporto,Aeroporto SBJV,22.125,19.0,25.0,72.5425,2.3133661153330363,5.14081358962897,
2020-04-13 00:00:00,aeroporto,Aeroporto SBJV,24.2,21.0,26.0,61.702,2.776039338399642,4.62673223066607,
2020-04-14 00:00:00,aeroporto,Aeroporto SBJV,22.88888888888889,20.0,26.0,81.72333333333333,1.4851239258928122,2.05632543585159,
2020-04-15 00:00:00,aeroporto,Aeroporto SBJV,23.333333333333332,18.0,27.0,39.08583333333333,3.5985695127402777,5.14081358962897,
2020-04-16 00:00:00,aeroporto,Aeroporto SBJV,22.0,14.0,26.0,46.642857142857146,2.3500862124018127,4.11265087170317,
2020-04-17 00:00:00,aeroporto,Aeroporto SBJV,21.333333333333332,17.0,26.0,62.835,1.9706452093577698,4.11265087170317,
2020-04-18 00:00:00,aeroporto,Aeroporto SBJV,22.0,21.0,24.0,74.74000000000001,2.673223066607064,4.62673223066607,
2020-04-19 00:00:00,aeroporto,Aeroporto SBJV,21.25,18.0,23.0,82.3225,1.4137237371479658,2.05632543585159,
2020-04-20 00:00:00,aeroporto,Aeroporto SBJV,22.555555555555557,18.0,26.0,75.74333333333334,2.1705657378433414,5.65489494859186,
2020-04-21 00:00:00,aeroporto,Aeroporto SBJV,24.125,19.0,27.0,70.18125,2.18484577559231,4.11265087170317,
2020-04-22 00:00:00,aeroporto,Aeroporto SBJV,23.142857142857142,20.0,27.0,72.94000000000001,1.9094450475764728,4.62673223066607,
2020-04-23 00:00:00,aeroporto,Aeroporto SBJV,23.88888888888889,20.0,27.0,64.32333333333332,2.2848060398350967,4.62673223066607,
2020-04-24 00:00:00,aeroporto,Aeroporto SBJV,24.444444444444443,20.0,27.0,71.54222222222222,2.7417672478021142,5.14081358962897,
2020-04-25 00:00:00,aeroporto,Aeroporto SBJV,25.272727272727273,21.0,28.0,76.30090909090909,1.9628560978583325,4.62673223066607,
2020-04-26 00:00:00,aeroporto,Aeroporto SBJV,26.22222222222222,22.0,29.0,74.41666666666667,2.399046341826851,4.62673223066607,
2020-04-27 00:00:00,aeroporto,Aeroporto SBJV,22.6,21.0,25.0,88.87,1.8506928922664272,3.08448815377738,
2020-04-28 00:00:00,aeroporto,Aeroporto SBJV,24.363636363636363,21.0,27.0,80.00090909090909,2.1965294428414666,3.59856951274028,
2020-04-29 00:00:00,aeroporto,Aeroporto SBJV,25.88888888888889,23.0,29.0,75.44555555555556,1.542244076888689,3.08448815377738,
2020-04-30 00:00:00,aeroporto,Aeroporto SBJV,25.444444444444443,22.0,29.0,80.23555555555555,3.027368002781502,7.19713902548055,
2020-05-01 00:00:00,aeroporto,Aeroporto SBJV,21.77777777777778,21.0,23.0,89.0788888888889,1.485123925892811,2.57040679481448,
2020-05-02 00:00:00,aeroporto,Aeroporto SBJV,22.272727272727273,17.0,25.0,67.97181818181818,2.897549477790871,6.16897630755476,
2020-05-03 00:00:00,aeroporto,Aeroporto SBJV,19.066666666666666,13.0,24.0,75.61999999999999,1.9535091640590063,4.62673223066607,
2020-05-04 00:00:00,aeroporto,Aeroporto SBJV,22.625,18.0,25.0,67.88125,2.891707644166294,4.62673223066607,
2020-05-05 00:00:00,aeroporto,Aeroporto SBJV,24.75,21.0,28.0,66.27625,2.1848457755923114,4.62673223066607,
2020-05-06 00:00:00,aeroporto,Aeroporto SBJV,19.0,15.0,21.0,91.785,1.59365221278498,4.62673223066607,
2020-05-07 00:00:00,aeroporto,Aeroporto SBJV,18.8,13.0,22.0,59.645,1.5936522127849788,3.59856951274028,
2020-05-08 00:00:00,aeroporto,Aeroporto SBJV,19.666666666666668,16.0,23.0,72.80111111111111,1.3708836239010578,3.59856951274028,
2020-05-09 00:00:00,aeroporto,Aeroporto SBJV,21.9,17.0,25.0,68.231,2.8788556101922222,4.62673223066607,
2020-05-10 00:00:00,aeroporto,Aeroporto SBJV,21.7,17.0,26.0,73.584,1.6450603486812678,3.08448815377738,
2020-05-11 00:00:00,aeroporto,Aeroporto SBJV,23.625,18.0,28.0,74.00875,1.4779839070183285,3.08448815377738,
2020-05-12 00:00:00,aeroporto,Aeroporto SBJV,24.2,19.0,28.0,74.45500000000001,1.7992847563701377,4.62673223066607,
2020-05-13 00:00:00,aeroporto,Aeroporto SBJV,22.181818181818183,20.0,24.0,87.81272727272727,1.5889787458853184,2.05632543585159,
2020-05-14 00:00:00,aeroporto,Aeroporto SBJV,17.545454545454547,16.0,18.0,89.66909090909091,1.9161214288617054,3.08448815377738,
2020-05-15 00:00:00,aeroporto,Aeroporto SBJV,18.272727272727273,14.0,20.0,75.55272727272728,1.4955094078920625,2.57040679481448,
2020-05-16 00:00:00,aeroporto,Aeroporto SBJV,21.1,16.0,26.0,72.745,1.7992847563701377,3.59856951274028,
2020-05-17 00:00:00,aeroporto,Aeroporto SBJV,22.444444444444443,17.0,27.0,65.93444444444444,1.7707246808722008,3.08448815377738,
2020-05-18 00:00:00,aeroporto,Aeroporto SBJV,21.0,15.0,26.0,75.05777777777777,2.1705657378433414,5.65489494859186,
2020-05-19 00:00:00,aeroporto,Aeroporto SBJV,21.6,17.0,24.0,76.237,2.004917299955296,4.62673223066607,
2020-05-20 00:00:00,aeroporto,Aeroporto SBJV,24.444444444444443,20.0,27.0,77.3711111111111,2.856007549793871,4.11265087170317,
2020-05-21 00:00:00,aeroporto,Aeroporto SBJV,24.0,20.0,27.0,76.54444444444444,2.1134455868474635,3.59856951274028,
2020-05-22 00:00:00,aeroporto,Aeroporto SBJV,22.333333333333332,19.0,24.0,78.59666666666666,2.4561664928227285,6.16897630755476,
2020-05-23 00:00:00,aeroporto,Aeroporto SBJV,23.4,19.0,27.0,51.662,4.5753240947697815,7.71122038444345,
2020-05-24 00:00:00,aeroporto,Aeroporto SBJV,23.375,17.0,26.0,52.5775,1.6065042467590513,3.59856951274028,
2020-05-25 00:00:00,aeroporto,Aeroporto SBJV,23.166666666666668,21.0,25.0,33.16166666666667,4.455371777678438,5.65489494859186,
2020-05-26 00:00:00,aeroporto,Aeroporto SBJV,20.333333333333332,15.0,25.0,44.91111111111111,1.9420851338598324,3.08448815377738,
2020-05-27 00:00:00,aeroporto,Aeroporto SBJV,18.444444444444443,12.0,22.0,54.29,1.6564843788804433,3.59856951274028,
2020-05-28 00:00:00,aeroporto,Aeroporto SBJV,19.7,13.0,23.0,67.963,1.7478766204738476,3.08448815377738,
2020-05-29 00:00:00,aeroporto,Aeroporto SBJV,20.428571428571427,16.0,23.0,69.95285714285714,1.54224407688869,3.08448815377738,
2020-05-30 00:00:00,aeroporto,Aeroporto SBJV,19.444444444444443,13.0,25.0,78.58555555555556,1.5422440768886898,2.57040679481448,
2020-05-31 00:00:00,aeroporto,Aeroporto SBJV,23.666666666666668,17.0,29.0,56.900000000000006,1.5422440768886898,3.59856951274028,
2020-06-01 00:00:00,aeroporto,Aeroporto SBJV,18.181818181818183,16.0,20.0,93.51636363636364,2.8040801397976183,3.59856951274028,
2020-06-02 00:00:00,aeroporto,Aeroporto SBJV,15.125,15.0,16.0,93.01249999999999,1.3494635672776034,2.05632543585159,
2020-06-03 00:00:00,aeroporto,Aeroporto SBJV,16.363636363636363,15.0,17.0,88.08636363636364,1.1683667249156737,2.05632543585159,
2020-06-04 00:00:00,aeroporto,Aeroporto SBJV,16.7,15.0,18.0,95.729,0.9253464461332135,2.05632543585159,
2020-06-05 00:00:00,aeroporto,Aeroporto SBJV,18.88888888888889,18.0,19.0,99.32444444444444,1.256643321909303,2.57040679481448,
2020-06-06 00:00:00,aeroporto,Aeroporto SBJV,22.857142857142858,18.0,25.0,84.60857142857142,1.6891244651638029,3.08448815377738,
2020-06-07 00:00:00,aeroporto,Aeroporto SBJV,20.0,16.0,24.0,61.925000000000004,2.3133661153330367,3.59856951274028,
2020-06-08 00:00:00,aeroporto,Aeroporto SBJV,20.5,14.0,24.0,75.93333333333334,1.1138429444196083,2.05632543585159,
2020-06-09 00:00:00,aeroporto,Aeroporto SBJV,20.1,19.0,21.0,94.679,1.54224407688869,3.59856951274028,
2020-06-10 00:00:00,aeroporto,Aeroporto SBJV,19.3,18.0,20.0,98.79400000000001,1.182387125614662,2.05632543585159,
2020-06-11 00:00:00,aeroporto,Aeroporto SBJV,23.25,21.0,25.0,90.78375,2.313366115333035,4.11265087170317,
2020-06-12 00:00:00,aeroporto,Aeroporto SBJV,22.636363636363637,19.0,28.0,91.64272727272727,1.3553054009021814,2.05632543585159,
2020-06-13 00:00:00,aeroporto,Aeroporto SBJV,25.166666666666668,19.0,32.0,73.23666666666666,3.4700491729995515,7.19713902548055,
2020-06-14 00:00:00,aeroporto,Aeroporto SBJV,15.5,14.0,16.0,79.50800000000001,2.673223066607064,3.59856951274028,
2020-06-15 00:00:00,aeroporto,Aeroporto SBJV,17.166666666666668,16.0,18.0,81.87833333333334,1.1138429444196078,1.54224407688869,
2020-06-16 00:00:00,aeroporto,Aeroporto SBJV,18.375,16.0,20.0,95.51875,0.8996423781850688,1.54224407688869,
2020-06-17 00:00:00,aeroporto,Aeroporto SBJV,21.6,20.0,23.0,84.836,3.547161376843986,6.16897630755476,
2020-06-18 00:00:00,aeroporto,Aeroporto SBJV,22.444444444444443,19.0,26.0,82.97666666666666,1.5993642278845663,4.11265087170317,
2020-06-19 00:00:00,aeroporto,Aeroporto SBJV,24.90909090909091,19.0,29.0,72.43727272727273,1.7759174218718237,4.11265087170317,
2020-06-20 00:00:00,aeroporto,Aeroporto SBJV,25.666666666666668,18.0,32.0,71.00222222222222,1.9992052848557091,3.08448815377738,
2020-06-21 00:00:00,aeroporto,Aeroporto SBJV,24.7,19.0,30.0,72.965,1.4394278050961098,2.57040679481448,
2020-06-22 00:00:00,aeroporto,Aeroporto SBJV,23.454545454545453,19.0,27.0,75.17909090909092,2.75734547080099,5.65489494859186,
2020-06-23 00:00:00,aeroporto,Aeroporto SBJV,21.09090909090909,18.0,24.0,85.26818181818182,1.4020400698988082,3.08448815377738,
2020-06-24 00:00:00,aeroporto,Aeroporto SBJV,22.0,18.0,27.0,83.124,0.8225301743406355,2.05632543585159,
2020-06-25 00:00:00,aeroporto,Aeroporto SBJV,27.363636363636363,21.0,32.0,55.29727272727273,4.252854878693055,8.22530174340635,
2020-06-26 00:00:00,aeroporto,Aeroporto SBJV,15.0,13.0,17.0,81.94428571428571,2.570406794814481,4.62673223066607,
2020-06-27 00:00:00,aeroporto,Aeroporto SBJV,11.75,11.0,12.0,95.1875,1.3494635672776039,2.05632543585159,
2020-06-28 00:00:00,aeroporto,Aeroporto SBJV,16.583333333333332,14.0,18.0,76.98333333333333,1.670764416629414,3.08448815377738,
2020-06-29 00:00:00,aeroporto,Aeroporto SBJV,16.0,15.0,17.0,94.55777777777777,0.9139224159340379,1.54224407688869,
2020-06-30 00:00:00,aeroporto,Aeroporto SBJV,21.75,17.0,29.0,72.42375,3.40578900312919,7.19713902548055,
2020-07-01 00:00:00,aeroporto,Aeroporto SBJV,18.6,15.0,21.0,44.893,5.603486812695572,10.2816271792579,
2020-07-02 00:00:00,aeroporto,Aeroporto SBJV,15.428571428571429,9.0,18.0,60.137142857142855,2.129765629989143,3.08448815377738,
2020-07-03 00:00:00,aeroporto,Aeroporto SBJV,13.3,9.0,17.0,74.419,2.004917299955297,3.59856951274028,
2020-07-04 00:00:00,aeroporto,Aeroporto SBJV,15.333333333333334,7.0,21.0,76.71583333333334,1.413723737147965,3.59856951274028,
2020-07-05 00:00:00,aeroporto,Aeroporto SBJV,19.3,13.0,22.0,82.362,1.5936522127849788,2.57040679481448,
2020-07-06 00:00:00,aeroporto,Aeroporto SBJV,15.25,15.0,16.0,95.3175,1.2852033974072392,2.57040679481448,
2020-07-07 00:00:00,aeroporto,Aeroporto SBJV,16.0,16.0,16.0,96.89500000000001,0.8996423781850684,1.54224407688869,
2020-07-08 00:00:00,aeroporto,Aeroporto SBJV,19.88888888888889,17.0,24.0,84.13666666666667,2.5704067948144824,5.65489494859186,
2020-07-09 00:00:00,aeroporto,Aeroporto SBJV,17.333333333333332,12.0,20.0,60.81777777777778,1.9992052848557098,3.59856951274028,
2020-07-10 00:00:00,aeroporto,Aeroporto SBJV,17.545454545454547,11.0,21.0,72.33272727272728,2.1497947738448397,4.11265087170317,
2020-07-11 00:00:00,aeroporto,Aeroporto SBJV,18.3,15.0,22.0,81.569,2.159141707644165,4.62673223066607,
2020-07-12 00:00:00,aeroporto,Aeroporto SBJV,22.2,16.0,25.0,77.829,2.930263746088511,5.14081358962897,
2020-07-13 00:00:00,aeroporto,Aeroporto SBJV,16.666666666666668,15.0,18.0,95.87333333333333,3.1416083047732566,4.11265087170317,
2020-07-14 00:00:00,aeroporto,Aeroporto SBJV,16.0,14.0,17.0,82.74,1.542244076888688,2.57040679481448,
2020-07-15 00:00:00,aeroporto,Aeroporto SBJV,15.7,14.0,17.0,76.673,2.776039338399643,5.14081358962897,
2020-07-16 00:00:00,aeroporto,Aeroporto SBJV,15.909090909090908,13.0,18.0,78.75363636363637,1.4955094078920619,2.57040679481448,
2020-07-17 00:00:00,aeroporto,Aeroporto SBJV,18.083333333333332,15.0,20.0,85.64333333333333,1.199523170913424,2.57040679481448,
2020-07-18 00:00:00,aeroporto,Aeroporto SBJV,18.88888888888889,17.0,20.0,91.54222222222222,0.7425619629464056,2.05632543585159,
2020-07-19 00:00:00,aeroporto,Aeroporto SBJV,20.88888888888889,17.0,23.0,83.38000000000001,1.4280037748969354,2.05632543585159,
2020-07-20 00:00:00,aeroporto,Aeroporto SBJV,20.428571428571427,16.0,24.0,86.69857142857143,1.028162717925794,2.05632543585159,
2020-07-21 00:00:00,aeroporto,Aeroporto SBJV,24.7,20.0,28.0,59.725,1.6964684845775597,2.57040679481448,
2020-07-22 00:00:00,aeroporto,Aeroporto SBJV,25.555555555555557,18.0,29.0,56.93444444444444,1.8849649828639532,3.59856951274028,
2020-07-23 00:00:00,aeroporto,Aeroporto SBJV,21.375,17.0,26.0,74.445,1.22094322753688,2.05632543585159,
2020-07-24 00:00:00,aeroporto,Aeroporto SBJV,20.125,18.0,22.0,86.54125,1.3494635672776034,3.08448815377738,
2020-07-25 00:00:00,aeroporto,Aeroporto SBJV,19.666666666666668,16.0,26.0,80.855,3.5985695127402764,8.22530174340635,
2020-07-26 00:00:00,aeroporto,Aeroporto SBJV,15.375,15.0,16.0,93.07375,0.9639025480554292,1.54224407688869,
2020-07-27 00:00:00,aeroporto,Aeroporto SBJV,20.5,15.0,24.0,78.112,1.6450603486812696,2.57040679481448,
2020-07-28 00:00:00,aeroporto,Aeroporto SBJV,19.3,16.0,22.0,85.86,4.215467143495754,8.22530174340635,
2020-07-29 00:00:00,aeroporto,Aeroporto SBJV,12.666666666666666,12.0,13.0,80.88555555555556,2.5704067948144824,4.11265087170317,
2020-07-30 00:00:00,aeroporto,Aeroporto SBJV,13.545454545454545,11.0,15.0,75.68,1.2151013939122997,1.54224407688869,
2020-07-31 00:00:00,aeroporto,Aeroporto SBJV,16.11111111111111,14.0,18.0,89.43555555555557,1.0852828689216705,2.57040679481448,
2020-08-01 00:00:00,aeroporto,Aeroporto SBJV,19.333333333333332,14.0,23.0,80.80777777777777,1.9992052848557091,3.59856951274028,
2020-08-02 00:00:00,aeroporto,Aeroporto SBJV,19.666666666666668,14.0,23.0,77.99111111111111,1.942085133859833,3.59856951274028,
2020-08-03 00:00:00,aeroporto,Aeroporto SBJV,18.333333333333332,15.0,23.0,83.39333333333333,1.5993642278845666,4.11265087170317,
2020-08-04 00:00:00,aeroporto,Aeroporto SBJV,20.8,17.0,23.0,74.066,2.518998658918195,5.14081358962897,
2020-08-05 00:00:00,aeroporto,Aeroporto SBJV,21.25,17.0,24.0,75.44375,2.570406794814485,4.62673223066607,
2020-08-06 00:00:00,aeroporto,Aeroporto SBJV,21.0,15.0,24.0,72.69454545454545,2.336733449831348,4.11265087170317,
2020-08-07 00:00:00,aeroporto,Aeroporto SBJV,21.0,15.0,24.0,71.21777777777778,2.0563254358515874,3.59856951274028,
2020-08-08 00:00:00,aeroporto,Aeroporto SBJV,18.5,15.0,22.0,87.9875,1.8635449262404995,4.11265087170317,
2020-08-09 00:00:00,aeroporto,Aeroporto SBJV,21.11111111111111,17.0,24.0,76.9688888888889,2.1134455868474644,3.59856951274028,
2020-08-10 00:00:00,aeroporto,Aeroporto SBJV,21.666666666666668,17.0,24.0,80.19333333333333,1.9706452093577684,4.11265087170317,
2020-08-11 00:00:00,aeroporto,Aeroporto SBJV,19.444444444444443,16.0,25.0,72.92444444444445,3.5985695127402773,8.22530174340635,
2020-08-12 00:00:00,aeroporto,Aeroporto SBJV,15.0,14.0,16.0,94.49,2.056325435851588,3.59856951274028,
2020-08-13 00:00:00,aeroporto,Aeroporto SBJV,18.6,15.0,22.0,92.537,1.59365221278498,2.05632543585159,
2020-08-14 00:00:00,aeroporto,Aeroporto SBJV,18.615384615384617,18.0,20.0,99.53615384615385,2.333138475293147,3.59856951274028,
2020-08-15 00:00:00,aeroporto,Aeroporto SBJV,21.25,19.0,24.0,72.72416666666666,3.4700491729995506,5.65489494859186,
2020-08-16 00:00:00,aeroporto,Aeroporto SBJV,16.272727272727273,15.0,18.0,93.35,1.402040069898809,2.57040679481448,
2020-08-17 00:00:00,aeroporto,Aeroporto SBJV,17.615384615384617,15.0,20.0,93.30076923076923,1.5422440768886885,3.08448815377738,
2020-08-18 00:00:00,aeroporto,Aeroporto SBJV,18.09090909090909,17.0,19.0,95.62909090909092,0.8412240419392851,2.05632543585159,
2020-08-19 00:00:00,aeroporto,Aeroporto SBJV,18.384615384615383,16.0,20.0,91.41846153846154,2.174959595612255,3.59856951274028,
2020-08-20 00:00:00,aeroporto,Aeroporto SBJV,12.181818181818182,11.0,14.0,91.08272727272727,2.2432641118380956,4.11265087170317,
2020-08-21 00:00:00,aeroporto,Aeroporto SBJV,9.555555555555555,8.0,11.0,72.06,2.1134455868474658,3.59856951274028,
2020-08-22 00:00:00,aeroporto,Aeroporto SBJV,13.75,9.0,17.0,61.25833333333333,2.013485322604678,4.11265087170317,
2020-08-23 00:00:00,aeroporto,Aeroporto SBJV,14.636363636363637,10.0,18.0,81.27454545454545,1.729182752875198,3.59856951274028,
2020-08-24 00:00:00,aeroporto,Aeroporto SBJV,18.25,12.0,22.0,72.245,2.484726568320666,4.62673223066607,
2020-08-25 00:00:00,aeroporto,Aeroporto SBJV,18.0,13.0,21.0,80.46272727272728,2.5236721258178574,5.14081358962897,
2020-08-26 00:00:00,aeroporto,Aeroporto SBJV,19.5,12.0,23.0,66.537,2.9302637460885097,4.62673223066607,
2020-08-27 00:00:00,aeroporto,Aeroporto SBJV,19.071428571428573,8.0,25.0,75.44857142857143,1.7625646593013602,4.11265087170317,
2020-08-28 00:00:00,aeroporto,Aeroporto SBJV,21.833333333333332,17.0,25.0,72.66916666666667,2.4847265683206685,4.62673223066607,
2020-08-29 00:00:00,aeroporto,Aeroporto SBJV,18.833333333333332,16.0,21.0,91.80916666666667,1.2852033974072414,3.59856951274028,
2020-08-30 00:00:00,aeroporto,Aeroporto SBJV,20.285714285714285,17.0,23.0,84.74928571428572,4.553292036528514,8.22530174340635,
2020-08-31 00:00:00,aeroporto,Aeroporto SBJV,16.272727272727273,16.0,17.0,98.87818181818183,2.0563254358515866,3.08448815377738,
2020-09-01 00:00:00,aeroporto,Aeroporto SBJV,17.166666666666668,16.0,18.0,97.4425,1.9278050961108626,3.08448815377738,
2020-09-02 00:00:00,aeroporto,Aeroporto SBJV,21.4,20.0,23.0,81.06800000000001,3.9070183281180157,5.14081358962897,
2020-09-03 00:00:00,aeroporto,Aeroporto SBJV,22.636363636363637,19.0,25.0,81.75454545454546,1.9161214288617037,4.11265087170317,
2020-09-04 00:00:00,aeroporto,Aeroporto SBJV,17.636363636363637,17.0,18.0,86.62454545454545,3.411630836753768,4.62673223066607,
2020-09-05 00:00:00,aeroporto,Aeroporto SBJV,17.615384615384617,16.0,20.0,92.71076923076923,2.056325435851586,4.11265087170317,
2020-09-06 00:00:00,aeroporto,Aeroporto SBJV,18.454545454545453,17.0,20.0,97.82454545454544,1.3553054009021805,2.57040679481448,
2020-09-07 00:00:00,aeroporto,Aeroporto SBJV,18.363636363636363,17.0,20.0,96.67727272727274,1.682448083878571,3.08448815377738,
2020-09-08 00:00:00,aeroporto,Aeroporto SBJV,20.0,18.0,21.0,91.48888888888888,1.256643321909303,2.05632543585159,
2020-09-09 00:00:00,aeroporto,Aeroporto SBJV,22.0,20.0,24.0,90.27,1.7992847563701382,4.62673223066607,
2020-09-10 00:00:00,aeroporto,Aeroporto SBJV,22.692307692307693,19.0,27.0,81.71615384615384,3.677658952580722,6.68305766651766,
2020-09-11 00:00:00,aeroporto,Aeroporto SBJV,21.642857142857142,14.0,26.0,78.01285714285714,1.836004853438917,3.59856951274028,
2020-09-12 00:00:00,aeroporto,Aeroporto SBJV,23.0,18.0,28.0,77.83888888888889,2.341926190830973,4.11265087170317,
2020-09-13 00:00:00,aeroporto,Aeroporto SBJV,23.4,20.0,26.0,81.346,2.0563254358515866,4.11265087170317,
2020-09-14 00:00:00,aeroporto,Aeroporto SBJV,20.615384615384617,17.0,28.0,81.34923076923077,3.3613011932189383,7.71122038444345,
2020-09-15 00:00:00,aeroporto,Aeroporto SBJV,15.533333333333333,14.0,17.0,79.78733333333334,1.4736998956936367,2.05632543585159,
2020-09-16 00:00:00,aeroporto,Aeroporto SBJV,18.705882352941178,15.0,21.0,84.63823529411764,1.814404796339635,4.62673223066607,
2020-09-17 00:00:00,aeroporto,Aeroporto SBJV,20.5,18.0,23.0,91.80642857142857,1.6156842710262462,4.62673223066607,
2020-09-18 00:00:00,aeroporto,Aeroporto SBJV,21.533333333333335,18.0,27.0,84.914,1.8164208016689016,4.62673223066607,
2020-09-19 00:00:00,aeroporto,Aeroporto SBJV,22.666666666666668,19.0,29.0,79.40266666666666,3.324392787960064,7.19713902548055,
2020-09-20 00:00:00,aeroporto,Aeroporto SBJV,16.0,13.0,17.0,73.85923076923078,2.6890409545751526,5.14081358962897,
2020-09-21 00:00:00,aeroporto,Aeroporto SBJV,14.133333333333333,13.0,16.0,86.62266666666666,1.5765161674862165,2.57040679481448,
2020-09-22 00:00:00,aeroporto,Aeroporto SBJV,15.9,13.0,19.0,75.78200000000001,1.9792132320071516,4.11265087170317,
2020-09-23 00:00:00,aeroporto,Aeroporto SBJV,18.0,14.0,20.0,84.978125,1.1245529727313348,2.57040679481448,
2020-09-24 00:00:00,aeroporto,Aeroporto SBJV,21.0,15.0,26.0,80.13333333333334,1.6107882580837416,5.14081358962897,
2020-09-25 00:00:00,aeroporto,Aeroporto SBJV,21.5,16.0,27.0,77.74571428571429,2.1297656299891443,4.11265087170317,
2020-09-26 00:00:00,aeroporto,Aeroporto SBJV,21.75,16.0,27.0,80.17937500000001,1.9599351810460424,4.62673223066607,
2020-09-27 00:00:00,aeroporto,Aeroporto SBJV,21.5,19.0,24.0,89.84285714285714,2.3133661153330354,6.16897630755476,
2020-09-28 00:00:00,aeroporto,Aeroporto SBJV,22.5,18.0,31.0,81.85833333333333,3.4557691352505833,9.25346446133214,
2020-09-29 00:00:00,aeroporto,Aeroporto SBJV,20.3125,17.0,22.0,78.615,1.6065042467590507,3.08448815377738,
2020-09-30 00:00:00,aeroporto,Aeroporto SBJV,22.76923076923077,19.0,26.0,80.37076923076923,2.1749595956122536,5.65489494859186,
2020-10-01 00:00:00,aeroporto,Aeroporto SBJV,,,,,,,
2020-10-02 00:00:00,aeroporto,Aeroporto SBJV,,,,,,,
2020-10-03 00:00:00,aeroporto,Aeroporto SBJV,,,,,,,
2020-10-04 00:00:00,aeroporto,Aeroporto SBJV,18.0,18.0,18.0,100.0,1.3708836239010556,2.57040679481448,
2020-10-05 00:00:00,aeroporto,Aeroporto SBJV,21.642857142857142,19.0,23.0,93.73714285714286,2.0196053387828092,3.59856951274028,
2020-10-06 00:00:00,aeroporto,Aeroporto SBJV,21.2,19.0,24.0,85.32133333333333,2.50186261361943,5.14081358962897,
2020-10-07 00:00:00,aeroporto,Aeroporto SBJV,21.4,19.0,24.0,90.94866666666667,2.570406794814483,4.62673223066607,
2020-10-08 00:00:00,aeroporto,Aeroporto SBJV,19.933333333333334,19.0,21.0,95.59666666666666,2.638950976009536,4.11265087170317,
2020-10-09 00:00:00,aeroporto,Aeroporto SBJV,18.4,18.0,19.0,97.568,1.9192370734614814,3.59856951274028,
2020-10-10 00:00:00,aeroporto,Aeroporto SBJV,20.5625,15.0,25.0,70.725625,4.048390701832811,6.68305766651766,
2020-10-11 00:00:00,aeroporto,Aeroporto SBJV,20.428571428571427,15.0,23.0,69.07285714285715,2.460246503608148,5.14081358962897,
2020-10-12 00:00:00,aeroporto,Aeroporto SBJV,21.8125,15.0,26.0,69.974375,2.698927134555207,5.14081358962897,
2020-10-13 00:00:00,aeroporto,Aeroporto SBJV,20.533333333333335,16.0,26.0,87.414,2.9131277007897465,6.68305766651766,
2020-10-14 00:00:00,aeroporto,Aeroporto SBJV,21.266666666666666,18.0,24.0,84.03933333333335,2.090597526449112,3.08448815377738,
2020-10-15 00:00:00,aeroporto,Aeroporto SBJV,19.214285714285715,18.0,22.0,90.14357142857143,1.542244076888689,2.57040679481448,
2020-10-16 00:00:00,aeroporto,Aeroporto SBJV,20.533333333333335,17.0,24.0,78.35133333333333,3.3586648785575908,7.19713902548055,
2020-10-17 00:00:00,aeroporto,Aeroporto SBJV,20.23076923076923,13.0,23.0,77.25384615384615,2.689040954575151,5.65489494859186,
2020-10-18 00:00:00,aeroporto,Aeroporto SBJV,22.071428571428573,16.0,25.0,76.55357142857143,2.7172871830895966,5.65489494859186,
2020-10-19 00:00:00,aeroporto,Aeroporto SBJV,23.133333333333333,20.0,25.0,84.01266666666668,1.74787662047385,2.57040679481448,
2020-10-20 00:00:00,aeroporto,Aeroporto SBJV,24.181818181818183,19.0,28.0,82.89818181818181,2.289998780834722,4.11265087170317,
2020-10-21 00:00:00,aeroporto,Aeroporto SBJV,23.75,21.0,26.0,83.005,3.662829682610639,6.68305766651766,
2020-10-22 00:00:00,aeroporto,Aeroporto SBJV,23.2,19.0,27.0,83.37733333333334,3.8727462375204893,6.16897630755476,
2020-10-23 00:00:00,aeroporto,Aeroporto SBJV,22.6875,21.0,26.0,82.400625,2.441886455073759,4.11265087170317,
2020-10-24 00:00:00,aeroporto,Aeroporto SBJV,22.9375,19.0,25.0,85.97375,1.4458538220831467,4.11265087170317,
2020-10-25 00:00:00,aeroporto,Aeroporto SBJV,23.625,21.0,26.0,80.534375,2.088455520786768,5.14081358962897,
2020-10-26 00:00:00,aeroporto,Aeroporto SBJV,24.058823529411764,18.0,28.0,79.20705882352941,2.9332877540824103,4.62673223066607,
2020-10-27 00:00:00,aeroporto,Aeroporto SBJV,25.071428571428573,20.0,30.0,78.38142857142857,2.4235264065393696,6.16897630755476,
2020-10-28 00:00:00,aeroporto,Aeroporto SBJV,27.058823529411764,18.0,34.0,55.563529411764705,3.024007993899392,8.22530174340635,
2020-10-29 00:00:00,aeroporto,Aeroporto SBJV,23.071428571428573,19.0,26.0,80.22714285714287,3.414969027396384,6.16897630755476,
2020-10-30 00:00:00,aeroporto,Aeroporto SBJV,17.4375,15.0,20.0,82.78999999999999,2.6346669646848455,4.62673223066607,
2020-10-31 00:00:00,aeroporto,Aeroporto SBJV,19.5,16.0,22.0,78.2042857142857,3.1212082508461583,6.68305766651766,
2020-11-01 00:00:00,aeroporto,Aeroporto SBJV,17.615384615384617,15.0,20.0,87.21923076923076,1.937691276090919,5.14081358962897,
2020-11-02 00:00:00,aeroporto,Aeroporto SBJV,19.2,14.0,23.0,73.93666666666667,2.5361347042169564,5.65489494859186,
2020-11-03 00:00:00,aeroporto,Aeroporto SBJV,20.705882352941178,13.0,25.0,71.97588235294117,2.6913671145704576,5.65489494859186,
2020-11-04 00:00:00,aeroporto,Aeroporto SBJV,18.866666666666667,15.0,21.0,69.48133333333334,4.009834599910594,7.19713902548055,
2020-11-05 00:00:00,aeroporto,Aeroporto SBJV,20.4375,12.0,25.0,62.14125,3.3736589181940086,7.19713902548055,
2020-11-06 00:00:00,aeroporto,Aeroporto SBJV,19.666666666666668,14.0,25.0,66.06400000000001,2.090597526449113,5.14081358962897,
2020-11-07 00:00:00,aeroporto,Aeroporto SBJV,21.176470588235293,13.0,26.0,73.35352941176471,2.4796865549975005,5.65489494859186,
2020-11-08 00:00:00,aeroporto,Aeroporto SBJV,23.941176470588236,19.0,27.0,71.65117647058823,2.6611270346314657,6.16897630755476,
2020-11-09 00:00:00,aeroporto,Aeroporto SBJV,20.866666666666667,20.0,23.0,95.31466666666667,1.8164208016689019,3.08448815377738,
2020-11-10 00:00:00,aeroporto,Aeroporto SBJV,23.53846153846154,20.0,26.0,88.1,1.858601836250472,4.11265087170317,
2020-11-11 00:00:00,aeroporto,Aeroporto SBJV,22.9375,20.0,25.0,93.573125,1.638634331694233,3.08448815377738,
2020-11-12 00:00:00,aeroporto,Aeroporto SBJV,23.88888888888889,19.0,27.0,84.92277777777777,2.598966870312422,4.62673223066607,
2020-11-13 00:00:00,aeroporto,Aeroporto SBJV,24.375,19.0,28.0,80.790625,2.3776262852033963,5.14081358962897,
2020-11-14 00:00:00,aeroporto,Aeroporto SBJV,25.666666666666668,21.0,29.0,78.16933333333333,2.7760393383996425,5.65489494859186,
2020-11-15 00:00:00,aeroporto,Aeroporto SBJV,25.785714285714285,21.0,31.0,83.83214285714287,2.533686697745703,5.14081358962897,
2020-11-16 00:00:00,aeroporto,Aeroporto SBJV,26.125,21.0,31.0,77.8875,3.4379190880643713,6.68305766651766,
2020-11-17 00:00:00,aeroporto,Aeroporto SBJV,22.1875,20.0,25.0,77.42,2.9238377291014745,4.62673223066607,
2020-11-18 00:00:00,aeroporto,Aeroporto SBJV,17.866666666666667,17.0,19.0,97.17733333333334,1.54224407688869,2.57040679481448,
2020-11-19 00:00:00,aeroporto,Aeroporto SBJV,19.11764705882353,16.0,24.0,86.12529411764706,1.723684556522653,5.14081358962897,
2020-11-20 00:00:00,aeroporto,Aeroporto SBJV,20.5625,16.0,24.0,78.2625,2.4740165400089396,4.11265087170317,
2020-11-21 00:00:00,aeroporto,Aeroporto SBJV,21.0,17.0,25.0,81.24187500000001,1.7671546714349575,4.62673223066607,
2020-11-22 00:00:00,aeroporto,Aeroporto SBJV,23.25,19.0,27.0,76.38,2.281236030397853,5.65489494859186,
2020-11-23 00:00:00,aeroporto,Aeroporto SBJV,24.25,19.0,28.0,72.256875,2.6346669646848446,5.65489494859186,
2020-11-24 00:00:00,aeroporto,Aeroporto SBJV,24.4375,20.0,27.0,75.49625,3.7913500223513616,5.65489494859186,
2020-11-25 00:00:00,aeroporto,Aeroporto SBJV,26.3125,22.0,29.0,74.331875,3.823480107286545,5.14081358962897,
2020-11-26 00:00:00,aeroporto,Aeroporto SBJV,27.25,23.0,31.0,80.59125,2.5704067948144833,5.65489494859186,
2020-11-27 00:00:00,aeroporto,Aeroporto SBJV,23.733333333333334,22.0,25.0,92.86666666666666,2.0563254358515857,3.08448815377738,
2020-11-28 00:00:00,aeroporto,Aeroporto SBJV,26.5,22.0,30.0,76.98285714285714,2.9008876684334886,5.14081358962897,
2020-11-29 00:00:00,aeroporto,Aeroporto SBJV,27.0,22.0,32.0,77.32470588235294,1.9958452759735987,4.62673223066607,
2020-11-30 00:00:00,aeroporto,Aeroporto SBJV,26.294117647058822,21.0,31.0,77.0264705882353,3.084488153777381,5.65489494859186,
2020-12-01 00:00:00,aeroporto,Aeroporto SBJV,21.416666666666668,21.0,22.0,92.62333333333333,1.7992847563701384,2.57040679481448,
2020-12-02 00:00:00,aeroporto,Aeroporto SBJV,24.846153846153847,21.0,27.0,83.42461538461538,2.4913173549740373,3.59856951274028,
2020-12-03 00:00:00,aeroporto,Aeroporto SBJV,25.133333333333333,21.0,29.0,78.55133333333333,2.536134704216956,5.65489494859186,
2020-12-04 00:00:00,aeroporto,Aeroporto SBJV,25.6,21.0,29.0,71.76866666666666,2.878855610192221,6.16897630755476,
2020-12-05 00:00:00,aeroporto,Aeroporto SBJV,19.0,18.0,21.0,96.03,2.1248696170466403,4.62673223066607,
2020-12-06 00:00:00,aeroporto,Aeroporto SBJV,19.5,18.0,20.0,96.98083333333334,3.0416480405304718,6.68305766651766,
2020-12-07 00:00:00,aeroporto,Aeroporto SBJV,21.625,20.0,24.0,94.54,1.3815936522127834,4.11265087170317,
2020-12-08 00:00:00,aeroporto,Aeroporto SBJV,26.25,21.0,31.0,77.344375,2.698927134555208,5.14081358962897,
2020-12-09 00:00:00,aeroporto,Aeroporto SBJV,25.375,21.0,29.0,80.42875,3.2451385784532842,6.68305766651766,
2020-12-10 00:00:00,aeroporto,Aeroporto SBJV,25.0,21.0,27.0,79.32857142857142,2.496966600676927,6.16897630755476,
2020-12-11 00:00:00,aeroporto,Aeroporto SBJV,26.375,20.0,30.0,77.908125,2.9880978989718363,5.14081358962897,
2020-12-12 00:00:00,aeroporto,Aeroporto SBJV,27.46153846153846,22.0,33.0,77.34923076923077,2.4913173549740373,9.25346446133214,
2020-12-13 00:00:00,aeroporto,Aeroporto SBJV,27.5,21.0,31.0,78.223125,1.9278050961108617,4.11265087170317,
2020-12-14 00:00:00,aeroporto,Aeroporto SBJV,24.833333333333332,21.0,31.0,87.36444444444444,2.7417672478021147,6.68305766651766,
2020-12-15 00:00:00,aeroporto,Aeroporto SBJV,22.352941176470587,21.0,23.0,97.22117647058823,1.7841647164006411,3.08448815377738,
2020-12-16 00:00:00,aeroporto,Aeroporto SBJV,25.583333333333332,22.0,28.0,86.11916666666667,1.7564446431232301,3.59856951274028,
2020-12-17 00:00:00,aeroporto,Aeroporto SBJV,24.357142857142858,22.0,28.0,90.11285714285714,3.231368542052493,6.16897630755476,
2020-12-18 00:00:00,aeroporto,Aeroporto SBJV,25.4,21.0,28.0,84.26666666666667,2.707495157204588,5.65489494859186,
2020-12-19 00:00:00,aeroporto,Aeroporto SBJV,26.529411764705884,23.0,31.0,85.58941176470589,2.6611270346314644,7.71122038444345,
2020-12-20 00:00:00,aeroporto,Aeroporto SBJV,26.0,22.0,32.0,87.57882352941176,2.2075258355465563,5.65489494859186,
2020-12-21 00:00:00,aeroporto,Aeroporto SBJV,24.058823529411764,21.0,26.0,87.08588235294118,2.661127034631466,6.68305766651766,
2020-12-22 00:00:00,aeroporto,Aeroporto SBJV,20.928571428571427,20.0,23.0,94.55785714285715,1.4688038827511336,2.05632543585159,
2020-12-23 00:00:00,aeroporto,Aeroporto SBJV,23.923076923076923,20.0,27.0,82.92692307692307,1.4631546370482449,3.59856951274028,
2020-12-24 00:00:00,aeroporto,Aeroporto SBJV,24.875,20.0,29.0,72.66125,2.8595775592311115,5.14081358962897,
2020-12-25 00:00:00,aeroporto,Aeroporto SBJV,23.0,18.0,26.0,83.15599999999999,2.673223066607064,6.68305766651766,
2020-12-26 00:00:00,aeroporto,Aeroporto SBJV,24.647058823529413,20.0,28.0,83.06941176470589,2.9332877540824107,5.65489494859186,
2020-12-27 00:00:00,aeroporto,Aeroporto SBJV,23.823529411764707,22.0,28.0,90.25882352941177,2.0865655157905816,5.14081358962897,
2020-12-28 00:00:00,aeroporto,Aeroporto SBJV,25.53846153846154,22.0,29.0,85.06461538461538,3.2031223135380484,6.68305766651766,
2020-12-29 00:00:00,aeroporto,Aeroporto SBJV,24.833333333333332,21.0,29.0,88.54277777777777,1.9706452093577715,3.59856951274028,
2020-12-30 00:00:00,aeroporto,Aeroporto SBJV,28.8125,20.0,33.0,72.14,2.216975860527492,5.14081358962897,
2012-04-18 00:00:00,rodovia,Rodovia,19.896410256410256,17.33,23.55,95.82623931623932,0.6386087369420705,2.91388888888889,0.0
2012-04-19 00:00:00,rodovia,Rodovia,21.430729166666666,16.68,28.2,88.10107638888888,0.9192660108024691,3.29444444444444,0.0
2012-04-20 00:00:00,rodovia,Rodovia,22.663958333333333,19.51,26.52,89.95802083333334,0.7713869598765432,2.3,0.687
2012-04-21 00:00:00,rodovia,Rodovia,21.147708333333334,16.83,26.18,93.87444444444445,0.8764313271604937,2.07611111111111,1.831
2012-04-22 00:00:00,rodovia,Rodovia,19.75097222222222,15.89,24.38,87.27166666666668,1.107966820987654,3.99722222222222,0.458
2012-04-23 00:00:00,rodovia,Rodovia,20.964270833333334,17.24,26.01,86.03465277777778,1.0866251929012347,3.56388888888889,0.229
2012-04-24 00:00:00,rodovia,Rodovia,18.54513888888889,16.93,20.33,88.94690972222222,0.9475308641975307,2.44722222222222,6.635
2012-04-25 00:00:00,rodovia,Rodovia,17.777430555555554,16.69,19.39,98.43298611111112,0.7771624228395062,2.925,21.041
2012-04-26 00:00:00,rodovia,Rodovia,17.560555555555553,15.91,18.57,98.99722222222222,1.1291878858024689,3.54722222222222,98.304
2012-04-27 00:00:00,rodovia,Rodovia,19.806840277777777,15.04,26.23,86.43326388888889,1.2298042052469136,4.10555555555556,0.458
2012-04-28 00:00:00,rodovia,Rodovia,16.69388888888889,15.7,18.48,96.25312500000001,1.1625231481481482,4.80277777777778,34.153
2012-04-29 00:00:00,rodovia,Rodovia,18.54982638888889,12.91,24.5,79.30833333333334,1.3385802469135804,3.0,0.229
2012-04-30 00:00:00,rodovia,Rodovia,16.1021875,11.27,20.92,63.16375,2.312418016975309,5.6,0.0
2012-05-01 00:00:00,rodovia,Rodovia,16.14673611111111,9.85,22.48,70.20989583333333,1.2656857638888888,3.7,0.0
2012-05-02 00:00:00,rodovia,Rodovia,16.73940972222222,10.48,23.74,84.61381944444445,0.7727507716049382,2.63333333333333,0.0
2012-05-03 00:00:00,rodovia,Rodovia,19.117673611111112,13.98,23.73,93.8659375,0.6861757330246913,2.21111111111111,2.061
2012-05-04 00:00:00,rodovia,Rodovia,20.22590277777778,17.41,24.12,92.1151388888889,0.8550019290123456,3.56388888888889,1.373
2012-05-05 00:00:00,rodovia,Rodovia,19.525590277777777,15.98,25.65,94.15166666666667,0.8079504243827159,3.09722222222222,6.408
2012-05-06 00:00:00,rodovia,Rodovia,19.513819444444444,15.85,24.94,91.37652777777777,0.8166579861111111,3.05,0.0
2012-05-07 00:00:00,rodovia,Rodovia,19.560659722222223,15.51,24.64,92.59024305555556,0.6725781249999999,2.44444444444444,0.0
2012-05-08 00:00:00,rodovia,Rodovia,19.919895833333335,15.84,25.84,92.08100694444445,0.8323620756172841,3.87777777777778,0.0
2012-05-09 00:00:00,rodovia,Rodovia,19.661805555555556,15.51,26.69,89.59489583333334,0.8785493827160494,3.28888888888889,0.229
2012-05-10 00:00:00,rodovia,Rodovia,20.53423611111111,15.99,27.96,88.84118055555555,0.79109375,4.01666666666667,0.0
2012-05-11 00:00:00,rodovia,Rodovia,19.507638888888888,14.57,26.89,89.63888888888889,1.0486448688271606,5.91388888888889,0.687
2012-05-12 00:00:00,rodovia,Rodovia,20.687361111111112,15.0,28.37,83.19864583333333,1.3394782021604938,4.88611111111111,0.0
2012-05-13 00:00:00,rodovia,Rodovia,17.342291666666668,15.89,19.4,91.0753125,0.8030401234567903,1.95611111111111,0.0
2012-05-14 00:00:00,rodovia,Rodovia,16.412083333333335,15.05,18.92,86.66211805555555,0.9136342592592592,3.26666666666667,0.0
2012-05-15 00:00:00,rodovia,Rodovia,17.633819444444445,12.53,21.41,85.08590277777779,0.8410175540123457,2.215,1.832
2012-05-16 00:00:00,rodovia,Rodovia,17.60465277777778,15.82,21.06,93.27128472222222,0.8839564043209877,4.06111111111111,4.349
2012-05-17 00:00:00,rodovia,Rodovia,17.9221875,14.48,22.7,90.88045138888889,0.8087991898148148,2.58333333333333,2.516
2012-05-18 00:00:00,rodovia,Rodovia,17.547881944444445,13.06,23.35,93.07875,0.6571711033950617,2.01611111111111,1.6
2012-05-19 00:00:00,rodovia,Rodovia,17.290694444444444,11.97,21.58,94.88024305555555,0.696748649691358,1.87305555555556,2.084
2012-05-20 00:00:00,rodovia,Rodovia,18.622881944444444,15.98,22.81,95.28833333333334,0.8584818672839506,2.76111111111111,4.347
2012-05-21 00:00:00,rodovia,Rodovia,18.8971875,15.25,23.84,94.85677083333333,0.7985609567901233,3.55833333333333,4.345
2012-05-22 00:00:00,rodovia,Rodovia,18.84,14.39,24.58,92.03805555555556,0.7372646604938272,2.76944444444444,1.1440000000000001
2012-05-23 00:00:00,rodovia,Rodovia,18.46298611111111,14.02,24.35,92.31628472222222,0.7397849151234566,3.01388888888889,0.0
2012-05-24 00:00:00,rodovia,Rodovia,18.97986111111111,16.44,22.38,96.78368055555556,0.7192110339506174,2.85833333333333,27.900000000000002
2012-05-25 00:00:00,rodovia,Rodovia,18.758333333333333,15.17,22.88,91.78395833333333,1.2975569058641974,4.56111111111111,18.301000000000002
2012-05-26 00:00:00,rodovia,Rodovia,19.617361111111112,14.33,26.72,87.02027777777778,0.7767505797067902,2.31388888888889,0.0
2012-05-27 00:00:00,rodovia,Rodovia,19.011354166666667,14.22,25.43,91.45305555555555,0.7384471482291667,2.7,0.0
2012-05-28 00:00:00,rodovia,Rodovia,20.981041666666666,15.92,29.03,90.69118055555556,0.7366705149305556,2.051111,0.0
2012-05-29 00:00:00,rodovia,Rodovia,22.807256944444443,16.5,32.79,87.1575,0.6507195204861111,1.763889,0.0
2012-05-30 00:00:00,rodovia,Rodovia,21.928993055555555,16.88,29.87,87.16781250000001,1.1739004555555554,3.958333,0.458
2012-05-31 00:00:00,rodovia,Rodovia,16.396979166666668,15.35,17.88,96.64027777777778,1.2497531027777777,3.055556,5.493
2012-06-01 00:00:00,rodovia,Rodovia,16.135347222222222,15.37,18.04,95.80347222222223,0.8345157985763889,2.533333,1.374
2012-06-02 00:00:00,rodovia,Rodovia,18.289375,15.35,23.83,90.65003472222222,0.8296103503472222,2.383333,0.0
2012-06-03 00:00:00,rodovia,Rodovia,20.855104166666663,15.95,26.01,90.64072916666666,1.3574999937499999,3.6,4.118
2012-06-04 00:00:00,rodovia,Rodovia,15.16107638888889,14.09,17.69,99.24305555555556,1.1139091663194445,4.158333,116.31400000000001
2012-06-05 00:00:00,rodovia,Rodovia,13.376770833333333,12.64,14.31,98.80208333333333,0.9209452055555555,2.858333,5.954000000000001
2012-06-06 00:00:00,rodovia,Rodovia,14.341875,12.54,15.79,96.29513888888889,1.1392795149305557,3.4,0.229
2012-06-07 00:00:00,rodovia,Rodovia,12.773125,8.15,16.84,79.37729166666666,1.1061979413194445,2.605556,0.0
2012-06-08 00:00:00,rodovia,Rodovia,12.639861111111111,9.79,16.2,86.18635416666666,0.7116936715277777,1.813056,0.229
2012-06-09 00:00:00,rodovia,Rodovia,12.9553125,11.65,15.36,90.96142361111112,0.7077652520833334,1.938889,0.229
2012-06-10 00:00:00,rodovia,Rodovia,14.596041666666666,12.16,17.12,96.86180555555556,0.8868431763888889,4.391667,28.597
2012-06-11 00:00:00,rodovia,Rodovia,17.8259375,14.37,23.88,93.55732638888888,0.9871412131944444,3.813889,3.662
2012-06-12 00:00:00,rodovia,Rodovia,18.397534722222222,16.94,20.69,95.85555555555555,0.5572771890625,2.046111,0.0
2012-06-13 00:00:00,rodovia,Rodovia,19.861805555555556,17.64,24.75,89.42604166666666,0.7604359488194444,2.711111,0.0
2012-06-14 00:00:00,rodovia,Rodovia,18.25510416666667,13.85,25.56,89.76444444444445,0.7629185850347222,2.511111,0.0
2012-06-15 00:00:00,rodovia,Rodovia,16.612916666666667,13.14,23.42,94.10041666666666,0.7523514615972222,2.165,0.0
2012-06-16 00:00:00,rodovia,Rodovia,18.406805555555554,12.84,26.49,90.94121527777777,0.8441975267361111,3.15,0.0
2012-06-17 00:00:00,rodovia,Rodovia,18.340416666666666,17.52,20.36,95.99305555555556,0.8571807298611112,2.233333,10.318
2012-06-18 00:00:00,rodovia,Rodovia,17.74513888888889,15.84,19.12,99.23055555555555,0.8793962052083333,3.538889,16.474
2012-06-19 00:00:00,rodovia,Rodovia,16.867534722222224,13.87,19.31,99.06423611111111,0.6520524475694445,1.733056,21.961000000000002
2012-06-20 00:00:00,rodovia,Rodovia,15.697256944444446,14.97,16.68,98.84965277777778,0.8637808670138889,2.8,8.473
2012-06-21 00:00:00,rodovia,Rodovia,16.492326388888888,14.95,19.4,96.41111111111111,0.6697212572916666,2.081944,3.664
2012-06-22 00:00:00,rodovia,Rodovia,16.920694444444443,10.73,21.98,84.40347222222222,1.439099171875,4.275,3.4330000000000003
2012-06-23 00:00:00,rodovia,Rodovia,13.520000000000001,8.93,17.66,97.18472222222222,0.7496006961805555,2.675,0.0
2012-06-24 00:00:00,rodovia,Rodovia,15.331701388888888,10.87,22.65,93.00725694444445,0.6661767072916667,2.131111,0.0
2012-06-25 00:00:00,rodovia,Rodovia,16.23232638888889,10.99,23.09,89.51493055555555,0.9772550149305554,3.755556,0.0
2012-06-26 00:00:00,rodovia,Rodovia,17.254131944444442,14.34,21.71,92.29513888888889,0.5584105029513888,1.688056,0.0
2012-06-27 00:00:00,rodovia,Rodovia,17.88736111111111,13.1,22.89,92.28868055555556,0.6444492732638889,2.627778,0.0
2012-06-28 00:00:00,rodovia,Rodovia,18.696597222222223,15.22,24.76,91.3503125,0.6444936410763888,2.344444,0.0
2012-06-29 00:00:00,rodovia,Rodovia,18.256944444444443,14.94,27.08,93.98260416666668,0.6464737678472222,1.993889,0.229
2012-06-30 00:00:00,rodovia,Rodovia,19.58857638888889,13.5,29.68,88.42694444444444,0.7668557079861111,1.971111,0.0
2012-07-01 00:00:00,rodovia,Rodovia,19.639479166666668,13.21,29.37,87.59149305555555,0.6625655921180555,2.963889,0.0
2012-07-02 00:00:00,rodovia,Rodovia,18.63482638888889,13.09,29.55,88.2678125,0.5925607523958333,1.63,0.0
2012-07-03 00:00:00,rodovia,Rodovia,18.920659722222222,11.59,29.54,88.19972222222222,0.5928308331944445,1.711111,0.0
2012-07-04 00:00:00,rodovia,Rodovia,19.1746875,13.55,28.67,89.62420138888889,0.6362885822916666,2.516667,0.0
2012-07-05 00:00:00,rodovia,Rodovia,21.134791666666665,16.6,30.8,85.21545138888888,0.8364689409722222,2.652778,0.0
2012-07-06 00:00:00,rodovia,Rodovia,20.245555555555555,17.56,23.96,87.54934027777777,1.3724112694444444,6.302778,5.033
2012-07-07 00:00:00,rodovia,Rodovia,14.362638888888888,12.47,18.3,94.47840277777777,1.2116319524305554,2.944444,11.669
2012-07-08 00:00:00,rodovia,Rodovia,14.44607638888889,10.95,18.97,83.34527777777777,1.150214120486111,3.2,0.0
2012-07-09 00:00:00,rodovia,Rodovia,15.1415625,11.43,20.25,91.10875,1.060714704722222,4.7,0.0
2012-07-10 00:00:00,rodovia,Rodovia,17.206666666666667,12.62,22.9,91.16784722222222,0.8489747565972222,3.236111,1.601
2012-07-11 00:00:00,rodovia,Rodovia,14.4590625,12.77,16.73,98.70034722222222,1.2028887256944445,4.052778,19.211000000000002
2012-07-12 00:00:00,rodovia,Rodovia,13.736968749999999,7.379,19.85,93.90243055555555,0.8244656663194445,2.116944,0.687
2012-07-13 00:00:00,rodovia,Rodovia,11.616791666666666,5.345,21.19,81.2051736111111,1.072714114236111,4.15,0.0
2012-07-14 00:00:00,rodovia,Rodovia,13.446041666666666,4.415,22.56,83.63277777777779,0.8043238791666667,3.227778,0.0
2012-07-15 00:00:00,rodovia,Rodovia,12.826631944444445,8.78,15.52,87.83121527777777,0.8752073718750001,3.108333,0.0
2012-07-16 00:00:00,rodovia,Rodovia,11.901388888888889,8.4,15.29,91.96746527777778,0.9290576694444445,2.425,9.611
2012-07-17 00:00:00,rodovia,Rodovia,13.227291666666666,12.09,14.63,98.13472222222222,0.9906375194444446,3.761111,49.409
2012-07-18 00:00:00,rodovia,Rodovia,14.66326388888889,10.91,20.11,86.67663194444444,1.0051572062499998,3.447222,2.06
2012-07-19 00:00:00,rodovia,Rodovia,13.129583333333334,8.38,21.08,88.41597222222222,0.8198196340277778,3.977778,0.0
2012-07-20 00:00:00,rodovia,Rodovia,13.169107638888889,6.991,23.15,90.57857638888889,0.7295081118402778,2.22,0.0
2012-07-21 00:00:00,rodovia,Rodovia,16.224444444444444,8.49,26.65,83.8334375,0.9127941690972222,4.752778,0.229
2012-07-22 00:00:00,rodovia,Rodovia,16.291944444444443,9.8,26.23,86.17895833333334,0.8127266583333334,2.525,0.0
2012-07-23 00:00:00,rodovia,Rodovia,17.1859375,12.17,22.02,90.6582638888889,0.5874247653819444,2.19,0.0
2012-07-24 00:00:00,rodovia,Rodovia,19.01732638888889,15.98,25.23,93.18010416666667,0.7661197840277778,1.798889,0.0
2012-07-25 00:00:00,rodovia,Rodovia,13.619131944444444,12.41,17.94,99.48368055555555,1.3604832493055554,3.830556,21.969
2012-07-26 00:00:00,rodovia,Rodovia,16.343194444444446,12.62,21.2,93.53635416666667,0.7999218736111111,5.319444,24.162
2012-07-27 00:00:00,rodovia,Rodovia,13.0153125,12.12,14.61,97.87395833333333,1.1926080343749998,4.233333,24.473000000000003
2012-07-28 00:00:00,rodovia,Rodovia,14.941979166666666,12.21,18.05,93.21145833333334,0.7079050930555556,2.258333,0.916
2012-07-29 00:00:00,rodovia,Rodovia,16.504618055555554,12.35,21.12,94.09125,0.9696315663194444,3.788889,18.521
2012-07-30 00:00:00,rodovia,Rodovia,12.932986111111111,11.96,13.51,97.834375,1.248714326388889,3.272222,14.189
2012-07-31 00:00:00,rodovia,Rodovia,15.08486111111111,13.4,16.15,99.66388888888889,0.6418807854166667,2.215,13.969000000000001
2012-08-01 00:00:00,rodovia,Rodovia,18.38576388888889,15.72,21.92,95.50895833333333,0.670654879375,1.841944,3.8930000000000002
2012-08-02 00:00:00,rodovia,Rodovia,18.67142361111111,16.89,22.88,94.36329861111112,0.5982388131597223,2.227778,0.0
2012-08-03 00:00:00,rodovia,Rodovia,19.16482638888889,16.41,26.57,93.29079861111111,0.728133688888889,2.08,0.0
2012-08-04 00:00:00,rodovia,Rodovia,21.12576388888889,15.16,31.51,87.35989583333334,0.8047135475694445,1.906944,0.0
2012-08-05 00:00:00,rodovia,Rodovia,17.94666666666667,14.61,20.41,92.09548611111111,1.6460937645833333,3.711111,0.0
2012-08-06 00:00:00,rodovia,Rodovia,15.35642361111111,12.03,18.27,94.09479166666667,0.8718711395833334,2.841667,0.0
2012-08-07 00:00:00,rodovia,Rodovia,14.736875000000001,11.15,21.71,87.66118055555555,0.978870545451389,3.841667,0.0
2012-08-08 00:00:00,rodovia,Rodovia,16.36236111111111,9.77,22.47,90.2371875,0.9286641575347221,3.616667,0.0
2012-08-09 00:00:00,rodovia,Rodovia,18.582395833333333,14.44,24.29,88.41225694444444,0.8278559083333333,3.211111,0.0
2012-08-10 00:00:00,rodovia,Rodovia,18.545729166666668,16.21,23.21,91.9140625,0.6636333010416666,1.888056,0.0
2012-08-11 00:00:00,rodovia,Rodovia,18.770208333333333,16.52,24.59,88.42222222222222,0.7621190194791666,3.705556,0.0
2012-08-12 00:00:00,rodovia,Rodovia,19.293819444444445,15.07,26.41,88.60569444444444,0.8418624620138888,2.677778,0.0
2012-08-13 00:00:00,rodovia,Rodovia,17.404409722222223,12.62,24.35,89.18881944444445,1.3450867916666667,3.661111,0.0
2012-08-14 00:00:00,rodovia,Rodovia,18.67149305555556,14.92,24.09,88.62333333333333,0.9340721347222222,3.441667,0.0
2012-08-15 00:00:00,rodovia,Rodovia,20.022534722222222,17.2,24.16,90.8517013888889,1.435362647951389,4.522222,0.0
2012-08-16 00:00:00,rodovia,Rodovia,20.484201388888888,17.24,26.28,90.51052083333333,0.919291090138889,4.061111,0.0
2012-08-17 00:00:00,rodovia,Rodovia,20.22520833333333,18.31,23.24,92.74930555555555,1.0580140878472222,3.772222,0.0
2012-08-18 00:00:00,rodovia,Rodovia,20.85326388888889,17.48,25.05,88.8053125,2.1923350579861114,5.297222,0.0
2012-08-19 00:00:00,rodovia,Rodovia,20.121597222222224,17.47,24.02,91.02579861111111,1.1092833791666665,3.611111,0.229
2012-08-20 00:00:00,rodovia,Rodovia,20.32003472222222,16.91,24.67,88.17736111111111,1.130368440972222,3.536111,0.0
2012-08-21 00:00:00,rodovia,Rodovia,20.699270833333333,17.63,27.27,89.4696875,0.7369666211111111,2.7,0.0
2012-08-22 00:00:00,rodovia,Rodovia,20.007638888888888,17.78,25.45,91.39701388888889,0.7721469876388889,2.131944,0.0
2012-08-23 00:00:00,rodovia,Rodovia,19.769930555555554,14.99,25.63,86.20076388888889,1.5003896566319446,5.408333,0.0
2012-08-24 00:00:00,rodovia,Rodovia,20.418958333333332,15.28,27.73,88.46149305555555,0.8410117670138889,2.263889,0.0
2012-08-25 00:00:00,rodovia,Rodovia,19.74534722222222,15.44,27.31,83.62052083333333,1.6790866070833335,4.891667,0.0
2012-08-26 00:00:00,rodovia,Rodovia,15.447881944444443,14.2,16.86,89.23666666666666,0.9768007375000001,1.94,0.0
2012-08-27 00:00:00,rodovia,Rodovia,15.741562499999999,14.95,17.32,94.31354166666667,0.9362220430555556,3.088889,0.687
2012-08-28 00:00:00,rodovia,Rodovia,15.328715277777778,14.41,16.7,98.19583333333334,0.843506945486111,2.3,9.847
2012-08-29 00:00:00,rodovia,Rodovia,17.28298611111111,14.46,22.1,89.9478125,0.7948138704861111,1.945,0.687
2012-08-30 00:00:00,rodovia,Rodovia,16.996354166666666,12.62,22.91,88.98319444444445,0.9304494446527778,3.338889,0.687
2012-08-31 00:00:00,rodovia,Rodovia,17.327291666666667,11.51,25.54,85.50440972222222,1.0193190534722223,3.763889,0.0
2012-09-01 00:00:00,rodovia,Rodovia,18.719270833333333,12.82,26.55,88.09833333333333,0.9860291333333334,3.780556,0.0
2012-09-02 00:00:00,rodovia,Rodovia,20.46777777777778,16.27,27.5,85.8104861111111,0.9352102529861112,3.266667,0.0
2012-09-03 00:00:00,rodovia,Rodovia,17.667430555555555,15.1,23.16,89.96527777777777,1.5647907225694444,3.861111,1.1440000000000001
2012-09-04 00:00:00,rodovia,Rodovia,16.22114583333333,14.54,19.53,91.98923611111111,1.07506271875,5.305556,0.229
2012-09-05 00:00:00,rodovia,Rodovia,18.230243055555558,12.81,26.45,84.95020833333334,1.1116290524305557,4.497222,0.0
2012-09-06 00:00:00,rodovia,Rodovia,17.49315972222222,13.26,23.58,93.50319444444443,0.7661834361111111,2.133889,0.229
2012-09-07 00:00:00,rodovia,Rodovia,20.092222222222222,16.95,24.53,88.65454861111111,0.7968190529166667,3.327778,0.0
2012-09-08 00:00:00,rodovia,Rodovia,21.41482638888889,16.83,27.69,89.72725694444445,0.7725974079513889,2.261111,0.0
2012-09-09 00:00:00,rodovia,Rodovia,19.479409722222222,17.89,20.7,92.47708333333334,1.547951385763889,3.991667,0.0
2012-09-10 00:00:00,rodovia,Rodovia,19.05673611111111,17.76,20.93,97.47326388888888,0.916342575,2.558333,14.181000000000001
2012-09-11 00:00:00,rodovia,Rodovia,21.437673611111112,17.66,27.46,84.25416666666666,1.4524054704861111,3.683333,0.0
2012-09-12 00:00:00,rodovia,Rodovia,20.43711805555556,17.44,25.02,86.960625,1.3402893666666666,4.966667,27.59
2012-09-13 00:00:00,rodovia,Rodovia,18.985208333333333,16.69,22.24,91.08555555555556,1.2645611628472222,3.952778,0.687
2012-09-14 00:00:00,rodovia,Rodovia,19.692430555555557,16.62,23.5,90.50361111111111,1.3129967006944445,4.433333,0.458
2012-09-15 00:00:00,rodovia,Rodovia,21.04454861111111,15.46,25.99,87.13892361111111,1.4761998333333333,5.802778,0.0
2012-09-16 00:00:00,rodovia,Rodovia,21.16607638888889,17.2,26.8,89.19416666666666,0.8317303285069444,2.877778,0.0
2012-09-17 00:00:00,rodovia,Rodovia,22.824444444444442,16.25,32.62,84.92545138888889,1.246137151388889,4.463889,0.0
2012-09-18 00:00:00,rodovia,Rodovia,22.819756944444446,20.24,27.87,88.674375,1.1180623,3.713889,0.0
2012-09-19 00:00:00,rodovia,Rodovia,23.93434027777778,19.81,29.24,69.7984375,2.597188469097222,8.061111,0.0
2012-09-20 00:00:00,rodovia,Rodovia,18.55506944444444,13.66,25.58,66.16229166666668,1.5397038739583335,4.938889,4.344
2012-09-21 00:00:00,rodovia,Rodovia,17.566979166666666,13.52,24.62,90.37871527777777,0.9885484208333334,4.238889,13.501000000000001
2012-09-22 00:00:00,rodovia,Rodovia,16.621111111111112,10.93,25.36,74.11840277777777,1.1939573813888888,5.711111,0.0
2012-09-23 00:00:00,rodovia,Rodovia,16.248472222222222,10.75,21.76,85.2209375,1.331738036111111,4.569444,0.0
2012-09-24 00:00:00,rodovia,Rodovia,19.64940972222222,12.78,25.59,85.42857638888889,1.23309993125,4.838889,0.0
2012-09-25 00:00:00,rodovia,Rodovia,16.560972222222222,11.12,20.05,91.27680555555555,1.531411059375,4.333333,10.746
2012-09-26 00:00:00,rodovia,Rodovia,13.62871527777778,8.87,20.77,62.02670138888888,1.8782378673611109,6.666667,0.0
2012-09-27 00:00:00,rodovia,Rodovia,14.538159722222222,8.38,20.29,80.4221875,1.2326224937499999,3.997222,0.0
2012-09-28 00:00:00,rodovia,Rodovia,15.577291666666667,12.46,20.59,90.85173611111111,1.4189101006944445,6.994444,4.346
2012-09-29 00:00:00,rodovia,Rodovia,17.68722222222222,11.9,22.75,86.499375,2.0957339959722225,6.825,0.687
2012-09-30 00:00:00,rodovia,Rodovia,18.028888888888886,13.85,22.18,88.56979166666666,1.4840316364583335,6.222222,2.286
2012-10-01 00:00:00,rodovia,Rodovia,17.410451388888887,13.52,23.06,93.51128472222223,1.1110214333333335,4.341667,10.623000000000001
2012-10-02 00:00:00,rodovia,Rodovia,20.18809027777778,14.44,25.38,87.78496527777777,0.9856886753472222,2.772222,0.0
2012-10-03 00:00:00,rodovia,Rodovia,21.207812500000003,18.74,25.5,89.63243055555556,0.8816531684027777,2.802778,0.0
2012-10-04 00:00:00,rodovia,Rodovia,20.84111111111111,19.28,22.77,94.52673611111112,0.5891165201388888,1.75,0.458
2012-10-05 00:00:00,rodovia,Rodovia,21.578645833333333,19.87,25.04,93.58336805555555,0.5940441793055555,2.118889,0.229
2012-10-06 00:00:00,rodovia,Rodovia,21.694479166666667,19.94,26.37,94.49034722222223,0.9846865363888888,3.313889,0.687
2012-10-07 00:00:00,rodovia,Rodovia,22.506354166666668,19.85,29.23,87.75649305555555,0.9089361419791666,2.933333,0.229
2012-10-08 00:00:00,rodovia,Rodovia,22.334479166666668,19.3,28.97,84.89121527777777,0.9853202145833334,3.933333,0.0
2012-10-09 00:00:00,rodovia,Rodovia,23.199722222222224,19.08,29.81,82.92100694444444,1.1823408715277777,3.958333,0.0
2012-10-10 00:00:00,rodovia,Rodovia,21.5190625,18.22,24.9,94.90003472222222,0.9145573086805556,3.138889,21.521
2012-10-11 00:00:00,rodovia,Rodovia,17.001840277777777,15.79,18.23,95.22083333333333,1.1985619177083333,2.908333,15.562000000000001
2012-10-12 00:00:00,rodovia,Rodovia,16.952395833333334,15.38,20.76,93.39388888888888,1.1606703333333332,2.9,13.506
2012-10-13 00:00:00,rodovia,Rodovia,17.378229166666667,15.03,21.44,89.57579861111111,1.175571951388889,3.427778,4.119
2012-10-14 00:00:00,rodovia,Rodovia,17.760868055555555,15.44,21.11,84.80767361111111,1.359543785763889,6.075,0.0
2012-10-15 00:00:00,rodovia,Rodovia,19.47618055555556,15.46,23.64,77.32510416666668,1.8908400871180555,5.936111,0.0
2012-10-16 00:00:00,rodovia,Rodovia,20.190069444444443,15.42,25.9,84.27159722222223,1.5735127107638889,7.358333,0.0
2012-10-17 00:00:00,rodovia,Rodovia,23.10267361111111,15.93,31.15,83.10270833333334,1.1947444055555556,3.741667,0.0
2012-10-18 00:00:00,rodovia,Rodovia,20.99892361111111,14.99,29.39,76.85347222222222,1.7109760621527779,4.319444,0.0
2012-10-19 00:00:00,rodovia,Rodovia,19.865,17.09,23.32,84.22819444444445,1.3992428375000001,4.347222,0.0
2012-10-20 00:00:00,rodovia,Rodovia,21.797291666666666,18.09,27.22,86.04625,1.002162425347222,3.197222,0.0
2012-10-21 01:00:00,rodovia,Rodovia,22.496594202898553,18.88,28.42,93.10800724637681,1.0140086789855072,3.625,2.974
2012-10-22 00:00:00,rodovia,Rodovia,23.170625,20.25,29.09,90.78267361111111,1.328325604513889,4.947222,44.073
2012-10-23 00:00:00,rodovia,Rodovia,22.27381944444444,19.61,27.92,85.91916666666667,1.2903124906249999,5.083333,15.551
2012-10-24 00:00:00,rodovia,Rodovia,22.038715277777776,17.95,27.96,70.0442013888889,1.8006336611111111,5.641667,0.229
2012-10-25 00:00:00,rodovia,Rodovia,19.521631944444444,18.02,21.91,97.97222222222223,0.9601533572916667,2.483333,12.818000000000001
2012-10-26 00:00:00,rodovia,Rodovia,19.543506944444445,18.57,20.35,99.26527777777778,0.8669454031597222,4.547222,27.498
2012-10-27 00:00:00,rodovia,Rodovia,23.856527777777778,18.69,30.32,87.45256944444445,0.9729735777777778,2.106944,0.0
2012-10-28 00:00:00,rodovia,Rodovia,25.234270833333333,21.23,33.34,87.52809027777778,1.0305652114583335,3.336111,0.0
2012-10-29 00:00:00,rodovia,Rodovia,23.855381944444446,21.93,27.88,91.97246527777777,1.4043373673611113,4.469444,0.0
2012-10-30 00:00:00,rodovia,Rodovia,25.337881944444447,21.54,33.02,84.24833333333333,1.2853665256597222,7.397222,0.229
2012-10-31 00:00:00,rodovia,Rodovia,24.044444444444444,19.82,34.28,86.38934027777778,1.1599122371527777,3.958333,13.918
2012-11-01 00:00:00,rodovia,Rodovia,19.956875,17.92,22.62,92.31545138888889,1.4029600631944446,3.383333,0.229
2012-11-02 00:00:00,rodovia,Rodovia,19.413923611111112,17.6,22.31,93.99454861111111,0.8335976131944444,2.068056,0.0
2012-11-03 00:00:00,rodovia,Rodovia,20.473194444444445,18.66,23.48,91.764375,0.9247386088888889,2.436111,1.831
2012-11-04 00:00:00,rodovia,Rodovia,23.177777777777777,17.89,28.78,84.60784722222223,1.533667028125,4.636111,2.745
2012-11-05 00:00:00,rodovia,Rodovia,23.584895833333334,19.48,28.54,84.32392361111111,1.5600540119444444,5.422222,0.0
2012-11-06 00:00:00,rodovia,Rodovia,23.183368055555558,18.87,29.15,82.70583333333333,1.0811554819097222,4.394444,0.0
2012-11-07 00:00:00,rodovia,Rodovia,23.34510416666667,18.75,28.62,83.87559027777777,1.827783543888889,6.058333,0.0
2012-11-08 00:00:00,rodovia,Rodovia,22.54201388888889,21.02,26.0,94.9792361111111,1.2572501756944443,4.572222,12.58
2012-11-09 00:00:00,rodovia,Rodovia,22.728402777777777,21.42,24.01,98.14618055555555,1.2578510932638889,3.997222,64.714
2012-11-10 00:00:00,rodovia,Rodovia,23.677708333333335,22.18,27.94,93.74670138888888,1.0479407878472222,3.391667,13.038
2012-11-11 00:00:00,rodovia,Rodovia,26.017777777777777,21.17,33.21,83.99451388888889,1.3757918725694445,4.211111,0.0
2012-11-12 00:00:00,rodovia,Rodovia,21.466284722222223,19.05,23.39,94.44027777777778,1.5263464489583334,3.222222,7.551
2012-11-13 00:00:00,rodovia,Rodovia,19.40954861111111,16.53,23.53,83.16743055555555,1.0706915309027778,3.077778,0.687
2012-11-14 00:00:00,rodovia,Rodovia,18.541180555555556,15.66,24.07,87.59586805555556,1.3581848069444444,4.997222,9.68
2012-11-15 00:00:00,rodovia,Rodovia,19.723159722222224,14.52,25.32,87.15770833333333,1.2186130385416667,3.694444,10.520000000000001
2012-11-16 00:00:00,rodovia,Rodovia,20.33298611111111,17.55,24.54,88.47954861111111,1.1331867354166667,4.788889,5.2620000000000005
2012-11-17 00:00:00,rodovia,Rodovia,20.76420138888889,16.98,26.5,82.68166666666667,1.141954086111111,4.916667,0.0
2012-11-18 00:00:00,rodovia,Rodovia,21.219236111111112,16.73,27.14,81.4289236111111,1.437774901388889,4.861111,0.0
2012-11-19 00:00:00,rodovia,Rodovia,22.81142361111111,16.72,28.51,80.11375,1.4579591447916667,4.727778,0.0
2012-11-20 00:00:00,rodovia,Rodovia,24.890833333333333,19.52,32.45,79.30340277777778,1.3274228450347223,4.855556,0.0
2012-11-21 00:00:00,rodovia,Rodovia,23.896319444444444,19.73,29.31,77.70371527777777,1.1877150756597221,4.652778,0.0
2012-11-22 00:00:00,rodovia,Rodovia,23.827083333333334,19.48,29.09,80.14052083333334,1.4151629965277777,4.366667,0.0
2012-11-23 00:00:00,rodovia,Rodovia,24.7865625,21.36,31.88,82.6753125,0.8983863656250001,2.513889,0.229
2012-11-24 00:00:00,rodovia,Rodovia,23.235277777777778,19.73,28.97,88.65180555555555,1.0786130472222224,3.263889,13.290000000000001
2012-11-25 00:00:00,rodovia,Rodovia,20.84704861111111,16.52,25.04,74.29402777777779,1.2945052135069444,5.208333,0.0
2012-11-26 00:00:00,rodovia,Rodovia,20.028819444444444,14.77,24.82,84.36489583333334,0.9794965222222223,3.252778,0.0
2012-11-27 00:00:00,rodovia,Rodovia,22.039166666666667,18.53,26.38,84.66777777777777,1.6628375559027777,4.122222,8.926
2012-11-28 00:00:00,rodovia,Rodovia,24.157569444444444,17.4,31.45,79.21996527777777,1.3272318593749999,4.222222,0.0
2012-11-29 00:00:00,rodovia,Rodovia,24.036493055555557,19.76,29.88,84.40729166666667,1.322214511111111,4.466667,0.0
2012-11-30 00:00:00,rodovia,Rodovia,23.0215625,20.93,25.86,89.15045138888888,2.0066049211805552,6.494444,0.0
2012-12-01 00:00:00,rodovia,Rodovia,23.96496527777778,19.8,29.67,85.79152777777777,1.3701379229166666,3.894444,6.859
2012-12-02 00:00:00,rodovia,Rodovia,22.390694444444446,19.82,28.94,94.24388888888889,0.8729446225347223,3.863889,23.936
2012-12-03 00:00:00,rodovia,Rodovia,24.387430555555554,20.49,30.97,87.76006944444445,1.1676090156249999,4.525,0.0
2012-12-04 00:00:00,rodovia,Rodovia,25.47170138888889,21.27,30.42,85.69170138888889,1.4702459447916665,4.716667,0.0
2012-12-05 00:00:00,rodovia,Rodovia,25.9178125,22.99,31.65,87.26680555555555,1.1367139180555557,4.172222,0.0
2012-12-06 00:00:00,rodovia,Rodovia,27.296944444444442,22.5,35.89,84.38052083333334,1.2392679368055555,3.897222,0.687
2012-12-07 00:00:00,rodovia,Rodovia,27.912569444444443,24.04,37.11,86.42447916666667,0.9693441472222223,3.819444,0.458
2012-12-08 00:00:00,rodovia,Rodovia,23.4915625,21.18,25.67,89.8613888888889,1.228268695486111,3.419444,0.687
2012-12-09 00:00:00,rodovia,Rodovia,23.409826388888888,20.87,28.08,90.77743055555555,1.0091522020833332,3.2,1.145
2012-12-10 00:00:00,rodovia,Rodovia,26.093020833333334,21.15,31.79,82.48809027777777,1.4519724260763889,4.147222,0.0
2012-12-11 00:00:00,rodovia,Rodovia,26.415833333333335,22.45,32.44,75.98930555555555,2.3464699159722224,9.983333,6.6290000000000004
2012-12-12 00:00:00,rodovia,Rodovia,23.451944444444443,21.92,27.85,93.38006944444444,0.8911631819791668,3.052778,0.458
2012-12-13 00:00:00,rodovia,Rodovia,24.256215277777777,21.34,29.13,90.9584375,0.9544222615972223,2.794444,0.916
2012-12-14 00:00:00,rodovia,Rodovia,21.52305555555556,20.76,23.2,94.13506944444445,1.091027190625,2.775,6.180000000000001
2012-12-15 00:00:00,rodovia,Rodovia,23.836493055555554,20.96,27.76,91.27045138888889,0.7339120364583334,2.131111,2.061
2012-12-16 00:00:00,rodovia,Rodovia,24.73763888888889,22.15,29.27,94.03284722222222,0.8548254444444444,2.208056,1.143
2012-12-17 00:00:00,rodovia,Rodovia,27.54746527777778,22.1,38.6,82.29013888888889,1.086870171875,3.077778,0.229
2012-12-18 00:00:00,rodovia,Rodovia,25.943055555555556,20.96,31.61,80.10819444444445,1.538689232986111,4.511111,2.516
2012-12-19 00:00:00,rodovia,Rodovia,24.638541666666665,21.25,29.79,93.1042361111111,1.3140654013888888,4.95,24.034
2012-12-20 00:00:00,rodovia,Rodovia,24.56125,21.0,32.82,91.84927083333334,1.0925134916666666,8.394444,14.073
2012-12-21 00:00:00,rodovia,Rodovia,25.28295138888889,21.16,32.71,89.63885416666668,1.1768171322916665,4.286111,15.679
2012-12-22 00:00:00,rodovia,Rodovia,22.659930555555558,20.44,26.44,88.1128125,1.3334596944444443,4.0,1.1440000000000001
2012-12-23 00:00:00,rodovia,Rodovia,23.505138888888887,19.26,28.12,83.96989583333334,1.0838763479166666,4.063889,0.229
2012-12-24 00:00:00,rodovia,Rodovia,26.072673611111114,19.69,33.07,83.7365625,1.1159992302083335,3.916667,0.0
2012-12-25 00:00:00,rodovia,Rodovia,28.97493055555556,24.09,37.45,82.22336805555557,1.073116296875,3.391667,0.0
2012-12-26 00:00:00,rodovia,Rodovia,29.05861111111111,22.77,38.95,77.29569444444445,1.3132754805555555,4.8,3.8880000000000003
2012-12-27 00:00:00,rodovia,Rodovia,22.051666666666666,21.0,23.86,95.50763888888889,1.22256848125,2.75,15.559000000000001
2012-12-28 00:00:00,rodovia,Rodovia,23.726909722222224,20.91,29.95,91.78204861111111,0.9719299736111111,4.227778,29.806
2012-12-29 00:00:00,rodovia,Rodovia,22.45017361111111,21.12,26.07,96.79270833333334,0.8225212010416666,2.05,32.477000000000004
2012-12-30 00:00:00,rodovia,Rodovia,24.19628472222222,20.83,29.65,91.64607638888889,0.8948080593749999,2.372222,0.229
2012-12-31 00:00:00,rodovia,Rodovia,23.899618055555557,21.47,29.76,94.43920138888889,0.848070965625,4.558333,16.667
2013-01-01 00:00:00,rodovia,Rodovia,24.251215277777778,21.18,31.85,87.11413194444444,1.1470110027777778,4.413889,2.747
2013-01-02 00:00:00,rodovia,Rodovia,19.743472222222223,18.26,21.97,90.98055555555555,1.318386361111111,3.427778,0.458
2013-01-03 00:00:00,rodovia,Rodovia,20.090034722222224,18.31,23.33,91.73003472222223,1.0623283319444445,4.802778,1.145
2013-01-04 00:00:00,rodovia,Rodovia,21.33555555555556,18.88,24.82,95.98819444444445,1.020725315625,4.416667,8.923
2013-01-05 00:00:00,rodovia,Rodovia,24.254618055555554,20.99,28.37,92.32138888888889,1.2562625414583333,3.919444,2.061
2013-01-06 00:00:00,rodovia,Rodovia,24.894756944444442,20.88,30.6,92.058125,0.980569059375,2.602778,5.033
2013-01-07 00:00:00,rodovia,Rodovia,26.711354166666666,19.65,35.24,83.19913194444445,0.834305565625,3.477778,0.229
2013-01-08 00:00:00,rodovia,Rodovia,24.666666666666668,22.63,28.52,94.13767361111111,0.9591657079861111,3.461111,4.119
2013-01-09 00:00:00,rodovia,Rodovia,23.934305555555554,20.89,27.93,94.53579861111112,0.8706568083333334,1.956944,2.976
2013-01-10 00:00:00,rodovia,Rodovia,22.99701388888889,18.8,27.83,79.61246527777777,1.268137542361111,4.222222,0.0
2013-01-11 00:00:00,rodovia,Rodovia,21.891631944444445,16.54,27.59,75.32920138888889,1.2927633145833335,4.127778,0.0
2013-01-12 00:00:00,rodovia,Rodovia,21.081840277777776,15.02,27.4,81.81475694444445,1.1268122991666667,4.663889,0.0
2013-01-13 00:00:00,rodovia,Rodovia,21.043645833333333,16.59,26.12,92.49354166666666,0.7602758520486111,2.722222,1.602
2013-01-14 00:00:00,rodovia,Rodovia,22.7971875,20.07,27.14,90.92927083333333,1.0945900711805556,3.063889,38.257
2013-01-15 00:00:00,rodovia,Rodovia,23.711666666666666,20.1,28.65,87.07190972222222,1.287052490625,4.1,1.145
2013-01-16 00:00:00,rodovia,Rodovia,23.142291666666665,20.2,27.13,89.97802083333333,0.8895389708333332,3.561111,0.0
2013-01-17 00:00:00,rodovia,Rodovia,24.695243055555558,19.21,32.25,82.63701388888889,1.2250125437500001,5.036111,0.0
2013-01-18 00:00:00,rodovia,Rodovia,23.440833333333334,20.49,30.98,89.33645833333334,1.0747337920138889,5.955556,25.118
2013-01-19 00:00:00,rodovia,Rodovia,23.248125,19.65,29.48,85.60642361111111,1.2008738375,3.372222,1.832
2013-01-20 00:00:00,rodovia,Rodovia,22.763645833333335,19.14,29.02,83.25111111111111,1.203754829513889,3.927778,13.365
2013-01-21 00:00:00,rodovia,Rodovia,22.10909722222222,17.83,27.27,81.23194444444444,1.1929099190972223,3.247222,2.2880000000000003
2013-01-22 00:00:00,rodovia,Rodovia,21.644236111111113,18.37,26.89,85.84687500000001,1.2139930708333333,4.5,2.059
2013-01-23 00:00:00,rodovia,Rodovia,22.65527777777778,19.17,27.78,88.69388888888889,1.3983275493055556,4.783333,2.06
2013-01-24 00:00:00,rodovia,Rodovia,25.2540625,18.77,31.31,83.40697916666666,1.3119010597222223,4.358333,0.0
2013-01-25 00:00:00,rodovia,Rodovia,26.490104166666665,21.75,35.94,85.91736111111112,1.1029002881944445,5.061111,4.521
2013-01-26 00:00:00,rodovia,Rodovia,22.034652777777776,18.55,24.76,85.68086805555555,1.7426022114583333,3.747222,0.458
2013-01-27 00:00:00,rodovia,Rodovia,20.889444444444443,18.44,24.19,89.71791666666667,0.9466348263888889,2.438889,0.687
2013-01-28 00:00:00,rodovia,Rodovia,23.857986111111114,19.28,30.08,83.63590277777777,1.4416744034722222,4.769444,0.458
2013-01-29 00:00:00,rodovia,Rodovia,23.801944444444445,19.44,31.01,83.76253472222223,1.3371740003472223,4.733333,0.0
2013-01-30 00:00:00,rodovia,Rodovia,22.872083333333332,18.08,27.75,87.50902777777777,1.194663395138889,4.144444,0.0
2013-01-31 00:00:00,rodovia,Rodovia,24.260555555555555,20.21,28.81,89.23493055555555,1.4625318163194445,4.894444,0.687
2013-02-01 00:00:00,rodovia,Rodovia,26.193541666666665,21.98,32.16,85.29565972222223,1.4516560434027777,5.261111,0.0
2013-02-02 00:00:00,rodovia,Rodovia,26.35982638888889,22.01,32.54,86.41079861111112,1.3004465631944444,3.833333,0.457
2013-02-03 00:00:00,rodovia,Rodovia,23.871944444444445,20.66,29.5,88.79965277777778,1.0947964562499999,4.041667,24.286
2013-02-04 00:00:00,rodovia,Rodovia,22.388194444444444,19.5,26.78,80.15958333333333,1.1127343749999998,3.025,0.0
2013-02-05 00:00:00,rodovia,Rodovia,22.725104166666668,19.11,27.47,83.74524305555556,1.2645235322916666,4.058333,0.0
2013-02-06 00:00:00,rodovia,Rodovia,21.385034722222223,19.84,24.89,95.27569444444445,1.0070109715277777,3.022222,2.748
2013-02-07 00:00:00,rodovia,Rodovia,20.576006944444444,18.94,23.56,94.62159722222222,0.9566570163194444,3.388889,53.047000000000004
2013-02-08 00:00:00,rodovia,Rodovia,22.01159722222222,19.49,26.98,93.70263888888888,0.659157021875,1.813889,3.891
2013-02-09 00:00:00,rodovia,Rodovia,22.886944444444442,20.08,26.18,95.30243055555555,0.7561410020833333,2.216111,0.916
2013-02-10 00:00:00,rodovia,Rodovia,23.390138888888888,21.47,27.29,94.90868055555556,0.924128088888889,3.241667,4.347
2013-02-11 00:00:00,rodovia,Rodovia,26.08555555555556,20.89,33.39,86.091875,1.3078800152777776,4.702778,0.229
2013-02-12 00:00:00,rodovia,Rodovia,24.27625,21.88,28.77,94.17638888888888,0.9160966468749999,3.113889,7.548
2013-02-13 00:00:00,rodovia,Rodovia,25.423715277777777,21.51,35.25,88.5867013888889,1.0903105718750001,5.861111,39.803
2013-02-14 00:00:00,rodovia,Rodovia,24.604930555555555,22.06,30.7,93.37944444444445,0.9518566722222221,5.233333,15.218
2013-02-15 00:00:00,rodovia,Rodovia,25.162604166666668,21.7,33.0,90.8134375,0.9694521784722223,3.372222,10.925
2013-02-16 00:00:00,rodovia,Rodovia,23.805266666666668,21.78,30.89,95.14926666666666,0.8988518533333333,3.022222,29.291
2013-02-17 00:00:00,rodovia,Rodovia,25.277604166666666,20.95,34.31,89.15454861111111,1.383420145486111,6.541667,12.524
2013-02-18 00:00:00,rodovia,Rodovia,26.261145833333334,21.05,34.14,83.06229166666667,1.0486892319444445,2.816667,0.229
2013-02-19 00:00:00,rodovia,Rodovia,26.03972222222222,21.79,31.39,86.533125,1.0638146319444446,3.138889,0.229
2013-02-20 00:00:00,rodovia,Rodovia,26.59607638888889,22.5,31.88,87.37899305555555,0.8745611468402779,2.741667,0.0
2013-02-21 00:00:00,rodovia,Rodovia,27.7590625,22.63,34.53,84.69152777777778,1.0736545114583333,5.502778,0.0
2013-02-22 00:00:00,rodovia,Rodovia,22.72618055555556,20.52,27.81,95.92500000000001,1.4105449399305554,4.369444,41.208
2013-02-23 00:00:00,rodovia,Rodovia,22.486145833333335,20.07,27.25,89.75010416666666,1.001698501736111,2.830556,2.517
2013-02-24 00:00:00,rodovia,Rodovia,24.83076388888889,19.19,31.73,86.3978125,1.093558054826389,3.719444,0.0
2013-02-25 00:00:00,rodovia,Rodovia,26.04357638888889,21.94,34.66,88.91888888888889,1.1436940545486112,6.727778,28.964
2013-02-26 00:00:00,rodovia,Rodovia,22.938229166666666,21.25,26.61,96.765625,0.9156269256944444,3.252778,26.706
2013-02-27 00:00:00,rodovia,Rodovia,22.40586805555556,20.33,26.74,91.38826388888889,1.1531249868055555,3.186111,0.229
2013-02-28 00:00:00,rodovia,Rodovia,22.883159722222224,20.06,27.84,90.00756944444444,0.7475241291666667,1.743056,1.145
2013-03-01 00:00:00,rodovia,Rodovia,24.22079861111111,20.14,29.9,82.66784722222222,1.6959481038194444,5.958333,0.0
2013-03-02 00:00:00,rodovia,Rodovia,24.70274305555556,19.01,30.41,84.224375,1.5320109902777779,4.986111,0.0
2013-03-03 00:00:00,rodovia,Rodovia,25.46236111111111,19.77,33.01,84.651875,0.9775665434027778,3.505556,0.0
2013-03-04 00:00:00,rodovia,Rodovia,25.344618055555557,20.87,34.0,88.08864583333333,1.0788840822916665,3.647222,3.8890000000000002
2013-03-05 00:00:00,rodovia,Rodovia,20.270069444444445,18.41,22.07,98.77743055555555,0.9023244760416667,2.458333,29.889000000000003
2013-03-06 00:00:00,rodovia,Rodovia,21.114270833333332,18.43,24.03,94.62291666666667,0.7619984490972223,1.818889,5.745
2013-03-07 00:00:00,rodovia,Rodovia,23.713159722222223,20.92,28.16,95.23708333333333,0.6931394760416666,1.83,12.73
2013-03-08 00:00:00,rodovia,Rodovia,26.401319444444443,22.38,31.57,89.36336805555555,0.9903886847222222,2.847222,0.0
2013-03-09 00:00:00,rodovia,Rodovia,24.86215277777778,22.44,29.39,95.1653125,0.8908670871527777,2.45,3.202
2013-03-10 00:00:00,rodovia,Rodovia,25.908055555555556,21.65,35.92,88.16000000000001,1.2894666284722223,5.216667,23.246000000000002
2013-03-11 00:00:00,rodovia,Rodovia,23.820868055555554,20.68,28.28,93.1546875,0.945173609375,4.377778,0.0
2013-03-12 00:00:00,rodovia,Rodovia,25.59916666666667,22.33,31.87,90.95472222222222,1.0577661892361112,3.722222,4.578
2013-03-13 00:00:00,rodovia,Rodovia,23.21670138888889,20.47,26.76,90.81270833333333,1.3145312548611112,3.380556,1.832
2013-03-14 00:00:00,rodovia,Rodovia,20.367673611111112,18.98,22.85,89.62090277777777,1.3186583864583334,2.988889,0.0
2013-03-15 00:00:00,rodovia,Rodovia,20.486041666666665,18.59,22.05,98.89652777777778,0.691390825,2.233333,19.45
2013-03-16 00:00:00,rodovia,Rodovia,22.29829861111111,19.66,26.86,96.08916666666667,0.9203713295138889,2.883333,48.496
2013-03-17 00:00:00,rodovia,Rodovia,19.775625,17.22,23.83,91.60194444444444,1.1987914850694446,3.258333,0.229
2013-03-18 00:00:00,rodovia,Rodovia,19.62357638888889,16.82,23.87,87.80472222222221,0.9537451565972224,3.408333,4.577
2013-03-19 00:00:00,rodovia,Rodovia,19.183090277777776,18.2,21.63,97.72569444444444,0.908948698611111,2.772222,10.985000000000001
2013-03-20 00:00:00,rodovia,Rodovia,20.6525,18.58,23.6,98.69166666666666,0.9388985451388889,3.622222,15.56
2013-03-21 00:00:00,rodovia,Rodovia,24.143368055555555,19.93,32.08,87.87583333333333,0.8603616991666666,2.269444,0.0
2013-03-22 00:00:00,rodovia,Rodovia,23.53364583333333,18.0,30.02,81.58222222222223,1.1122357461805557,3.891667,0.0
2013-03-23 00:00:00,rodovia,Rodovia,21.6075,19.56,25.59,86.23864583333334,0.9326090003472223,3.225,0.0
2013-03-24 00:00:00,rodovia,Rodovia,18.68652777777778,16.5,22.2,94.89097222222222,0.9316415913194445,2.575,17.836000000000002
2013-03-25 00:00:00,rodovia,Rodovia,20.822256944444447,17.17,25.27,92.88788194444444,0.7796354215277778,2.430556,0.687
2013-03-26 00:00:00,rodovia,Rodovia,22.25038194444444,19.7,26.39,94.70986111111111,0.8440837052430555,3.35,14.128
2013-03-27 00:00:00,rodovia,Rodovia,20.816631944444442,15.46,27.68,88.92243055555555,1.1432446035069443,4.822222,0.0
2013-03-28 00:00:00,rodovia,Rodovia,21.6934375,15.26,28.21,80.8260763888889,1.001306903125,2.930556,0.0
2013-03-29 00:00:00,rodovia,Rodovia,21.704791666666665,18.25,27.22,83.8495138888889,0.9927613788194445,3.727778,0.0
2013-03-30 00:00:00,rodovia,Rodovia,20.773472222222225,18.34,25.17,92.74152777777778,1.0922897305555557,4.472222,6.635000000000001
2013-03-31 00:00:00,rodovia,Rodovia,22.968333333333334,17.59,29.07,87.48770833333333,0.9140663454861111,3.275,0.229
2013-04-01 00:00:00,rodovia,Rodovia,24.378993055555554,20.34,30.62,86.92315972222222,1.0436072538194443,4.355556,0.0
2013-04-02 00:00:00,rodovia,Rodovia,22.721180555555556,20.51,24.73,96.6875,0.9081018493055555,4.161111,33.532000000000004
2013-04-03 00:00:00,rodovia,Rodovia,22.118958333333335,20.68,25.01,97.81562500000001,0.712824073263889,2.497222,16.241
2013-04-04 00:00:00,rodovia,Rodovia,23.94704861111111,20.57,27.51,92.5859375,0.8900733197916667,3.386111,16.138
2013-04-05 00:00:00,rodovia,Rodovia,23.669583333333335,15.89,30.77,77.83940972222223,1.7012046496527777,5.527778,0.229
2013-04-06 00:00:00,rodovia,Rodovia,20.947986111111113,14.5,29.55,79.76211805555556,1.0850964454861112,3.258333,0.0
2013-04-07 00:00:00,rodovia,Rodovia,22.102361111111108,14.78,28.85,85.36434027777779,0.9901533531250001,3.197222,0.0
2013-04-08 00:00:00,rodovia,Rodovia,21.118576388888886,18.2,26.06,92.4871875,0.6781365775694445,1.911944,1.373
2013-04-09 00:00:00,rodovia,Rodovia,21.284895833333334,17.33,26.75,90.75,0.7216280696527778,2.461111,0.229
2013-04-10 00:00:00,rodovia,Rodovia,21.50298611111111,16.79,26.54,90.61111111111111,1.3849334396180555,6.041667,0.229
2013-04-11 00:00:00,rodovia,Rodovia,22.513055555555557,17.07,27.95,88.90145833333332,1.4187731473611112,5.05,0.0
2013-04-12 00:00:00,rodovia,Rodovia,22.066006944444446,19.52,28.46,93.65760416666666,0.9154793687500001,3.783333,7.777
2013-04-13 00:00:00,rodovia,Rodovia,19.44298611111111,15.54,23.21,96.27430555555556,0.7741791927430556,2.427778,2.061
2013-04-14 00:00:00,rodovia,Rodovia,17.031319444444446,11.5,23.76,84.4084375,0.9097878032638889,3.344444,0.0
2013-04-15 00:00:00,rodovia,Rodovia,17.7815625,10.18,27.8,81.73663194444445,0.8172424836805556,4.041667,0.0
2013-04-16 00:00:00,rodovia,Rodovia,20.20517361111111,12.73,27.89,70.29684027777779,1.742771982638889,5.097222,0.0
2013-04-17 00:00:00,rodovia,Rodovia,18.878124999999997,12.31,26.13,80.35003472222223,0.8132262684027778,3.244444,0.0
2013-04-18 00:00:00,rodovia,Rodovia,19.732256944444444,15.12,27.22,84.16579861111111,0.8534230239930555,3.705556,0.0
2013-04-19 00:00:00,rodovia,Rodovia,20.272499999999997,14.25,27.66,84.39170138888889,0.8149758869097222,3.252778,0.0
2013-04-20 00:00:00,rodovia,Rodovia,18.968194444444446,13.81,26.97,84.46774305555556,0.8463502888888889,2.758333,0.0
2013-04-21 00:00:00,rodovia,Rodovia,19.003958333333333,13.24,25.56,87.80614583333333,0.7313850394791667,4.147222,0.0
2013-04-22 00:00:00,rodovia,Rodovia,18.67704861111111,13.4,26.31,83.80013888888888,0.8002642672916667,3.272222,0.0
2013-04-23 00:00:00,rodovia,Rodovia,19.530520833333334,16.38,23.91,92.89222222222222,0.8926398510416667,3.269444,3.205
2013-04-24 00:00:00,rodovia,Rodovia,19.664027777777775,16.85,25.45,93.64958333333334,0.7784008505902777,3.338889,0.0
2013-04-25 00:00:00,rodovia,Rodovia,20.48465277777778,16.06,27.24,85.88791666666667,1.071853777777778,4.347222,0.0
2013-04-26 00:00:00,rodovia,Rodovia,20.236631944444444,14.29,28.78,86.2726736111111,0.7682870295138888,2.969444,0.229
2013-04-27 00:00:00,rodovia,Rodovia,19.350381944444443,13.45,27.6,86.44875,0.9527199111111112,3.308333,0.0
2013-04-28 00:00:00,rodovia,Rodovia,19.491006944444443,13.34,28.33,85.7984375,0.9141570149652778,3.463889,0.0
2013-04-29 00:00:00,rodovia,Rodovia,20.5028125,14.72,28.82,89.64375000000001,0.71731190625,2.308333,0.0
2013-04-30 00:00:00,rodovia,Rodovia,22.179791666666667,16.5,30.43,84.48041666666667,0.9016425479166666,2.972222,0.0
2013-05-01 00:00:00,rodovia,Rodovia,21.064270833333335,19.86,23.23,97.92569444444445,0.6482455583680555,1.978056,0.687
2013-05-02 00:00:00,rodovia,Rodovia,23.25878472222222,19.65,29.55,90.45423611111111,0.8739660560763889,3.047222,0.229
2013-05-03 00:00:00,rodovia,Rodovia,23.430555555555557,19.49,30.22,89.4545138888889,0.9866030010416666,3.425,0.0
2013-05-04 00:00:00,rodovia,Rodovia,23.639236111111114,19.62,34.2,87.15871527777777,1.05840951875,3.391667,2.289
2013-05-05 00:00:00,rodovia,Rodovia,17.38111111111111,13.23,20.51,99.14652777777778,1.263184810763889,3.311111,55.143
2013-05-06 00:00:00,rodovia,Rodovia,15.958055555555555,10.21,24.35,85.885,0.9199508195833334,3.686111,0.0
2013-05-07 00:00:00,rodovia,Rodovia,17.726597222222225,9.42,25.83,59.77291666666666,1.7851186173611113,6.508333,0.0
2013-05-08 00:00:00,rodovia,Rodovia,12.880395833333333,5.353,23.18,76.48986111111111,0.7658892687500001,2.538889,0.0
2013-05-09 00:00:00,rodovia,Rodovia,13.860565972222222,4.915,26.7,81.99333333333334,0.6394550466319444,1.875,0.0
2013-05-10 00:00:00,rodovia,Rodovia,15.861725694444443,5.559,26.09,85.3776736111111,0.9149961272916668,3.380556,0.0
2013-05-11 00:00:00,rodovia,Rodovia,19.117256944444446,11.75,26.58,87.4334375,0.8657368829861112,3.591667,0.0
2013-05-12 00:00:00,rodovia,Rodovia,20.5696875,17.1,25.96,89.80684027777778,0.6656838440972223,1.92,0.0
2013-05-13 00:00:00,rodovia,Rodovia,21.125833333333333,17.22,26.0,93.06798611111111,0.6205661569444445,1.911111,0.0
2013-05-14 00:00:00,rodovia,Rodovia,22.027048611111113,17.91,28.84,90.95638888888888,0.7137741121527778,2.208889,0.0
2013-05-15 00:00:00,rodovia,Rodovia,20.424409722222222,17.34,23.65,95.34201388888889,0.8745842996527777,2.816667,2.516
2013-05-16 00:00:00,rodovia,Rodovia,16.509895833333335,12.96,19.86,98.21562499999999,1.4240586423611112,3.227778,9.845
2013-05-17 00:00:00,rodovia,Rodovia,14.810833333333335,12.5,18.04,85.34274305555556,0.8325771559027778,2.722222,0.0
2013-05-18 00:00:00,rodovia,Rodovia,15.619756944444443,14.28,16.73,97.58333333333333,0.6136043520833333,1.873056,2.519
2013-05-19 00:00:00,rodovia,Rodovia,18.014479166666668,15.91,20.32,97.88090277777778,0.6643277291666667,2.186944,0.916
2013-05-20 00:00:00,rodovia,Rodovia,20.9046875,16.21,27.19,92.03621527777779,0.941057086111111,2.191111,0.916
2013-05-21 00:00:00,rodovia,Rodovia,19.910729166666666,16.74,24.58,92.52864583333333,0.7926514253472222,2.866667,0.916
2013-05-22 00:00:00,rodovia,Rodovia,17.572256944444447,15.66,19.33,98.24375,1.0475781375,2.836111,8.01
2013-05-23 00:00:00,rodovia,Rodovia,17.5534375,14.21,20.78,93.27972222222223,0.7742660079861111,2.048889,5.722
2013-05-24 00:00:00,rodovia,Rodovia,16.80579861111111,12.83,20.78,95.3573611111111,0.7727932197916667,2.552778,4.119
2013-05-25 00:00:00,rodovia,Rodovia,17.86486111111111,12.24,24.06,89.2414236111111,0.8086506611111112,2.286111,0.0
2013-05-26 00:00:00,rodovia,Rodovia,17.92149305555556,14.93,23.58,92.17256944444445,0.9809143368055556,4.536111,1.831
2013-05-27 00:00:00,rodovia,Rodovia,16.708055555555557,13.96,20.63,98.38576388888889,0.7149238142361111,2.697222,14.417
2013-05-28 00:00:00,rodovia,Rodovia,16.859618055555554,14.41,19.52,98.79305555555555,1.0074440628472223,3.386111,3.203
2013-05-29 00:00:00,rodovia,Rodovia,19.992152777777775,13.43,27.02,87.4773263888889,1.3396055163194445,10.03333,7.547000000000001
2013-05-30 00:00:00,rodovia,Rodovia,15.836305555555555,6.852,22.84,68.82534722222222,1.4713831081944444,4.172222,0.0
2013-05-31 00:00:00,rodovia,Rodovia,14.296677083333334,5.475,21.82,86.2479513888889,0.9040181326041667,4.241667,0.0
2013-06-01 00:00:00,rodovia,Rodovia,18.066666666666666,9.67,25.6,88.91357638888888,0.8975742847222222,3.075,27.336000000000002
2013-06-02 00:00:00,rodovia,Rodovia,19.455555555555556,17.56,23.38,95.6392361111111,0.7819511902777778,3.041667,6.634
2013-06-03 00:00:00,rodovia,Rodovia,18.38763888888889,15.09,22.68,90.96211805555555,1.1510619347222222,3.502778,0.0
2013-06-04 00:00:00,rodovia,Rodovia,17.314027777777778,12.7,23.45,90.11489583333334,0.87935571875,2.366667,0.0
2013-06-05 00:00:00,rodovia,Rodovia,16.210520833333334,10.26,25.99,90.30881944444444,0.6769782038194445,1.913056,0.0
2013-06-06 00:00:00,rodovia,Rodovia,17.852361111111108,11.66,28.2,86.83857638888888,1.0048263850694445,3.338889,0.0
2013-06-07 00:00:00,rodovia,Rodovia,17.93347222222222,15.81,20.86,93.04114583333333,0.6415287343402778,2.138889,0.0
2013-06-08 00:00:00,rodovia,Rodovia,18.503680555555558,14.28,24.41,87.43020833333334,0.9319608520833333,3.016667,0.0
2013-06-09 00:00:00,rodovia,Rodovia,17.67149305555556,14.08,23.63,88.23322916666666,0.9234760819444444,3.011111,0.0
2013-06-10 00:00:00,rodovia,Rodovia,18.675416666666667,12.68,25.53,91.4459375,0.7973099728819445,2.006111,0.0
2013-06-11 00:00:00,rodovia,Rodovia,18.845902777777777,17.57,21.02,94.99513888888889,0.5737133458680556,1.411111,0.458
2013-06-12 00:00:00,rodovia,Rodovia,19.031041666666667,16.82,22.49,94.92395833333333,0.6112490296875,1.726944,0.0
2013-06-13 00:00:00,rodovia,Rodovia,18.060138888888886,12.88,24.17,92.53086805555556,0.6730767804166667,2.173056,0.0
2013-06-14 00:00:00,rodovia,Rodovia,16.237118055555555,11.74,24.86,90.03319444444445,0.6533979510763889,1.996944,0.229
2013-06-15 00:00:00,rodovia,Rodovia,15.775833333333331,14.93,17.96,97.40381944444444,0.8298283236458333,2.09,5.037
2013-06-16 00:00:00,rodovia,Rodovia,16.572916666666668,15.1,20.26,98.13680555555555,0.6095929833333333,2.294444,23.121000000000002
2013-06-17 00:00:00,rodovia,Rodovia,19.47145833333333,15.35,25.79,87.60309027777777,1.2964390416666667,4.833333,0.229
2013-06-18 00:00:00,rodovia,Rodovia,18.982152777777777,16.24,22.11,91.53590277777778,0.9260030753125,2.916667,0.0
2013-06-19 00:00:00,rodovia,Rodovia,18.377847222222222,16.45,20.77,97.58854166666667,0.9579012465277779,2.630556,24.935000000000002
2013-06-20 00:00:00,rodovia,Rodovia,16.24597222222222,15.72,16.92,99.63576388888889,1.016765065625,2.477778,58.107
2013-06-21 00:00:00,rodovia,Rodovia,17.033715277777777,15.73,19.52,94.14399305555555,1.4108044107638888,5.336111,45.084
2013-06-22 00:00:00,rodovia,Rodovia,16.227291666666666,9.51,21.85,71.53055555555555,2.384710671875,10.9,0.0
2013-06-23 00:00:00,rodovia,Rodovia,14.421597222222223,8.5,19.56,90.33600694444445,0.7985947131944444,2.847222,1.603
2013-06-24 00:00:00,rodovia,Rodovia,15.575555555555557,14.52,16.37,99.7982638888889,0.684833148263889,1.703889,27.014
2013-06-25 00:00:00,rodovia,Rodovia,17.082083333333333,15.45,19.32,98.6,0.5837181729166666,1.826111,0.229
2013-06-26 00:00:00,rodovia,Rodovia,17.155,15.37,19.37,97.9829861111111,0.8591097888888889,1.781111,1.603
2013-06-27 00:00:00,rodovia,Rodovia,15.468055555555557,14.91,16.82,98.87395833333333,0.9982571298611111,2.75,14.869
2013-06-28 00:00:00,rodovia,Rodovia,16.42902777777778,14.68,18.11,96.79930555555556,0.6663589920138889,1.88,0.687
2013-06-29 00:00:00,rodovia,Rodovia,18.567777777777778,16.27,22.6,96.05864583333333,1.0826157302083332,3.016667,4.807
2013-06-30 00:00:00,rodovia,Rodovia,14.781458333333335,12.47,17.2,94.61597222222223,1.5373321836805556,3.975,5.488
2013-07-01 00:00:00,rodovia,Rodovia,13.79079861111111,12.9,14.95,95.61736111111111,0.966977229861111,3.35,0.0
2013-07-02 00:00:00,rodovia,Rodovia,13.853715277777777,10.94,16.27,94.36034722222222,0.6302671789930555,1.971944,0.0
2013-07-03 00:00:00,rodovia,Rodovia,16.574409722222224,13.42,20.39,92.67295138888889,0.7183545450347223,2.708333,0.0
2013-07-04 00:00:00,rodovia,Rodovia,18.245763888888888,15.73,22.0,94.40690972222222,0.6255719472222222,1.591111,0.0
2013-07-05 00:00:00,rodovia,Rodovia,18.526493055555555,15.16,24.89,91.13315972222222,0.8000819854166666,2.611111,0.0
2013-07-06 00:00:00,rodovia,Rodovia,18.726145833333334,14.72,26.61,94.51013888888889,0.8677912795138889,2.111944,0.0
2013-07-07 00:00:00,rodovia,Rodovia,18.900972222222222,14.07,26.86,90.91506944444444,1.3435465017361112,3.066667,0.916
2013-07-08 00:00:00,rodovia,Rodovia,14.015277777777778,13.51,14.9,96.80555555555556,1.313466442361111,3.511111,0.916
2013-07-09 00:00:00,rodovia,Rodovia,15.488888888888889,13.75,16.96,98.34861111111111,0.7517361135416666,2.108056,2.9770000000000003
2013-07-10 00:00:00,rodovia,Rodovia,18.005121951219515,15.41,21.67,93.70358885017421,0.7952923083623694,2.877778,0.0
2013-07-11 00:00:00,rodovia,Rodovia,18.684444444444445,16.37,23.57,88.95083333333334,1.065055926736111,4.319444,0.0
2013-07-12 00:00:00,rodovia,Rodovia,17.348715277777778,11.47,25.17,88.82447916666666,0.7451157416666666,2.176111,0.0
2013-07-13 00:00:00,rodovia,Rodovia,17.04965277777778,10.59,26.95,88.40461805555555,0.7911390704861111,2.888889,0.0
2013-07-14 00:00:00,rodovia,Rodovia,17.57357638888889,12.09,25.21,92.45100694444444,0.7697482625,2.063056,0.0
2013-07-15 00:00:00,rodovia,Rodovia,14.864444444444445,12.38,17.44,94.22048611111111,1.5936043493055554,3.288889,0.458
2013-07-16 00:00:00,rodovia,Rodovia,14.051770833333332,9.15,21.63,88.58895833333332,0.8192881878819445,3.127778,0.0
2013-07-17 00:00:00,rodovia,Rodovia,14.74472222222222,8.75,23.8,90.32652777777778,0.6947955408333333,3.630556,0.0
2013-07-18 00:00:00,rodovia,Rodovia,20.886944444444442,10.79,31.07,71.78121527777779,1.5464660475694445,6.880556,0.0
2013-07-19 00:00:00,rodovia,Rodovia,12.9378125,11.7,16.31,97.65694444444445,1.7000732864583332,4.183333,21.78
2013-07-20 00:00:00,rodovia,Rodovia,13.643888888888888,11.92,14.93,99.28888888888889,0.8646711125,3.202778,35.937000000000005
2013-07-21 00:00:00,rodovia,Rodovia,13.833506944444444,12.66,15.77,99.46145833333334,1.244360545486111,3.136111,21.985
2013-07-22 00:00:00,rodovia,Rodovia,9.66654861111111,5.107,12.69,95.53680555555555,1.4235532361111112,3.947222,30.433
2013-07-23 00:00:00,rodovia,Rodovia,7.461600694444444,1.899,12.44,71.69635416666667,2.265018345486111,7.461111,0.458
2013-07-24 00:00:00,rodovia,Rodovia,8.578027777777779,0.425,15.93,78.8932986111111,0.9921846056944444,3.013889,0.0
2013-07-25 00:00:00,rodovia,Rodovia,10.581996527777777,6.365,14.41,87.61565972222223,1.1563561111111111,3.594444,1.145
2013-07-26 00:00:00,rodovia,Rodovia,12.175916666666668,4.675,19.57,86.08673611111111,0.8326533513888889,2.883333,0.0
2013-07-27 00:00:00,rodovia,Rodovia,12.236392361111111,5.176,20.6,86.66024305555555,0.8037625376388889,3.788889,0.0
2013-07-28 00:00:00,rodovia,Rodovia,13.230961805555555,6.203,23.2,88.14059027777779,0.6519897652777779,2.031111,0.0
2013-07-29 00:00:00,rodovia,Rodovia,13.079489583333334,6.543,22.66,82.81267361111111,0.8400318279861111,3.05,0.0
2013-07-30 00:00:00,rodovia,Rodovia,13.624475694444445,5.944,23.28,86.84277777777778,0.8228809919791666,3.177778,0.0
2013-07-31 00:00:00,rodovia,Rodovia,13.374930555555556,10.87,19.58,96.02385416666667,0.714656639861111,1.956111,0.0
2013-08-01 00:00:00,rodovia,Rodovia,16.58482638888889,10.22,28.42,90.04069444444445,0.8255912506944445,2.233333,0.0
2013-08-02 00:00:00,rodovia,Rodovia,21.078472222222224,10.78,32.35,77.60979166666667,0.9029099131597221,2.597222,0.0
2013-08-03 00:00:00,rodovia,Rodovia,18.647291666666668,13.47,28.86,82.95871527777778,1.6140354899305556,4.644444,0.0
2013-08-04 00:00:00,rodovia,Rodovia,16.97986111111111,13.94,23.88,89.32409722222222,1.1359220374999999,4.013889,0.916
2013-08-05 00:00:00,rodovia,Rodovia,15.458298611111111,12.69,18.88,92.30899305555556,0.9685985572916667,3.041667,0.458
2013-08-06 00:00:00,rodovia,Rodovia,14.994131944444446,10.07,18.27,97.97118055555556,0.9856317436111112,3.141667,26.759
2013-08-07 00:00:00,rodovia,Rodovia,15.638055555555557,9.29,22.86,89.28309027777777,0.8023389394097222,3.191667,0.0
2013-08-08 00:00:00,rodovia,Rodovia,18.494270833333335,15.6,24.27,91.70753472222222,0.8611554743055555,2.655556,0.0
2013-08-09 00:00:00,rodovia,Rodovia,16.89942652329749,15.36,18.48,95.26236559139785,1.5698994602150538,3.819444,0.229
2013-08-10 00:00:00,rodovia,Rodovia,15.530763888888888,12.34,17.67,85.45204861111111,1.7108921569444444,7.611111,2.975
2013-08-11 00:00:00,rodovia,Rodovia,13.7135625,7.669,20.11,73.49527777777777,1.8431028100694447,5.058333,0.0
2013-08-12 00:00:00,rodovia,Rodovia,13.434805555555556,6.365,22.04,86.17618055555556,0.8272202938194444,3.308333,0.0
2013-08-13 00:00:00,rodovia,Rodovia,14.013784722222221,9.26,17.27,94.00416666666666,0.9083497413194443,2.438889,10.982000000000001
2013-08-14 00:00:00,rodovia,Rodovia,11.871770833333334,8.57,17.62,90.30121527777777,0.9978973927083332,3.797222,12.355
2013-08-15 00:00:00,rodovia,Rodovia,13.105104166666667,8.53,19.02,78.47163194444444,1.2402941913194445,3.258333,0.0
2013-08-16 00:00:00,rodovia,Rodovia,13.820138888888888,8.98,17.9,90.44246527777779,1.0092447878472222,3.297222,3.8930000000000002
2013-08-17 00:00:00,rodovia,Rodovia,13.726805555555556,12.23,15.82,97.55902777777777,1.1986535444444444,3.5,12.134
2013-08-18 00:00:00,rodovia,Rodovia,14.977152777777778,12.23,19.05,95.61250000000001,0.7505478357638888,2.327778,7.324000000000001
2013-08-19 00:00:00,rodovia,Rodovia,16.741041666666668,14.3,21.13,94.17260416666666,1.3868759673958333,4.872222,1.373
2013-08-20 00:00:00,rodovia,Rodovia,17.58513888888889,14.24,22.65,90.95461805555556,1.415991528125,4.794444,0.0
2013-08-21 00:00:00,rodovia,Rodovia,18.2890625,14.4,25.44,88.26451388888889,1.0004417427083334,3.15,0.0
2013-08-22 00:00:00,rodovia,Rodovia,20.102430555555557,14.07,29.95,87.53437500000001,0.9163040173611111,2.508333,0.0
2013-08-23 00:00:00,rodovia,Rodovia,15.44840277777778,12.37,19.84,95.41493055555556,1.6864650871527778,5.263889,1.603
2013-08-24 00:00:00,rodovia,Rodovia,14.7128125,12.17,17.05,94.71597222222222,0.6422540482638889,1.491944,1.832
2013-08-25 00:00:00,rodovia,Rodovia,17.018125,14.28,22.46,93.39475694444444,1.1256597256944445,3.119444,11.444
2013-08-26 00:00:00,rodovia,Rodovia,13.49392361111111,12.3,14.38,98.66805555555555,1.0715683069444444,2.591667,41.183
2013-08-27 00:00:00,rodovia,Rodovia,13.142645833333333,7.542,17.68,73.12923611111111,1.98777488125,4.880556,0.916
2013-08-28 00:00:00,rodovia,Rodovia,12.000184027777777,5.431,20.9,79.25375000000001,1.0516686064583334,5.077778,0.0
2013-08-29 00:00:00,rodovia,Rodovia,12.988902777777778,5.592,21.73,84.57503472222223,0.9527150939583334,3.861111,0.0
2013-08-30 00:00:00,rodovia,Rodovia,15.105701388888889,7.723,22.85,87.26791666666666,0.9026784255555556,3.191667,0.0
2013-08-31 00:00:00,rodovia,Rodovia,15.237499999999999,13.01,19.61,95.72940972222221,0.8183169354166666,1.955,0.0
2013-09-01 00:00:00,rodovia,Rodovia,17.99152777777778,14.54,25.1,90.61958333333332,1.4022829871527778,7.438889,3.89
2013-09-02 00:00:00,rodovia,Rodovia,20.912777777777777,14.55,26.83,82.94479166666666,1.1566348413194445,5.244444,0.687
2013-09-03 00:00:00,rodovia,Rodovia,18.615625,14.28,24.58,89.42045138888889,1.5505411128472222,3.963889,0.229
2013-09-04 00:00:00,rodovia,Rodovia,14.45986111111111,12.75,17.41,75.69315972222222,1.890972240625,4.652778,0.0
2013-09-05 00:00:00,rodovia,Rodovia,16.2459375,12.45,20.82,86.7898263888889,1.117548226388889,3.630556,0.0
2013-09-06 00:00:00,rodovia,Rodovia,17.740555555555556,14.81,21.5,91.1709375,1.1586101416666665,4.65,0.0
2013-09-07 00:00:00,rodovia,Rodovia,18.817083333333333,14.73,24.01,87.46385416666666,1.4625019447916667,4.641667,0.0
2013-09-08 00:00:00,rodovia,Rodovia,20.158402777777777,16.1,26.79,87.19447916666667,1.0063127072916667,2.972222,0.0
2013-09-09 00:00:00,rodovia,Rodovia,20.3271875,15.22,28.46,85.18079861111111,1.2267071819444444,4.591667,0.0
2013-09-10 00:00:00,rodovia,Rodovia,15.231698113207546,15.04,15.43,100.0,0.966886737735849,1.623889,0.0
2013-09-11 00:00:00,rodovia,Rodovia,,,,,,,0.0
2013-09-12 00:00:00,rodovia,Rodovia,,,,,,,0.0
2013-09-13 00:00:00,rodovia,Rodovia,,,,,,,0.0
2013-09-14 00:00:00,rodovia,Rodovia,,,,,,,0.0
2013-09-15 00:00:00,rodovia,Rodovia,,,,,,,0.0
2013-09-16 00:00:00,rodovia,Rodovia,,,,,,,0.0
2013-09-17 00:00:00,rodovia,Rodovia,,,,,,,0.0
2013-09-18 00:00:00,rodovia,Rodovia,,,,,,,0.0
2013-09-19 00:00:00,rodovia,Rodovia,,,,,,,0.0
2013-09-20 00:00:00,rodovia,Rodovia,,,,,,,0.0
2013-09-21 00:00:00,rodovia,Rodovia,,,,,,,0.0
2013-09-22 00:00:00,rodovia,Rodovia,,,,,,,0.0
2013-09-23 00:00:00,rodovia,Rodovia,,,,,,,0.0
2013-09-24 00:00:00,rodovia,Rodovia,,,,,,,0.0
2013-09-25 00:00:00,rodovia,Rodovia,,,,,,,0.0
2013-09-26 00:00:00,rodovia,Rodovia,,,,,,,0.0
2013-09-27 00:00:00,rodovia,Rodovia,,,,,,,0.0
2013-09-28 00:00:00,rodovia,Rodovia,,,,,,,0.0
2013-09-29 00:00:00,rodovia,Rodovia,,,,,,,0.0
2013-09-30 00:00:00,rodovia,Rodovia,,,,,,,0.0
2013-10-01 00:00:00,rodovia,Rodovia,,,,,,,0.0
2013-10-02 00:00:00,rodovia,Rodovia,,,,,,,0.0
2013-10-03 00:00:00,rodovia,Rodovia,,,,,,,0.0
2013-10-04 00:00:00,rodovia,Rodovia,,,,,,,0.0
2013-10-05 00:00:00,rodovia,Rodovia,,,,,,,0.0
2013-10-06 00:00:00,rodovia,Rodovia,,,,,,,0.0
2013-10-07 00:00:00,rodovia,Rodovia,,,,,,,0.0
2013-10-08 00:00:00,rodovia,Rodovia,,,,,,,0.0
2013-10-09 00:00:00,rodovia,Rodovia,,,,,,,0.0
2013-10-10 00:00:00,rodovia,Rodovia,,,,,,,0.0
2013-10-11 00:00:00,rodovia,Rodovia,,,,,,,0.0
2013-10-12 00:00:00,rodovia,Rodovia,,,,,,,0.0
2013-10-13 00:00:00,rodovia,Rodovia,,,,,,,0.0
2013-10-14 00:00:00,rodovia,Rodovia,,,,,,,0.0
2013-10-15 00:00:00,rodovia,Rodovia,,,,,,,0.0
2013-10-16 00:00:00,rodovia,Rodovia,,,,,,,0.0
2013-10-17 00:00:00,rodovia,Rodovia,,,,,,,0.0
2013-10-18 00:00:00,rodovia,Rodovia,,,,,,,0.0
2013-10-19 00:00:00,rodovia,Rodovia,,,,,,,0.0
2013-10-20 01:00:00,rodovia,Rodovia,,,,,,,0.0
2013-10-21 00:00:00,rodovia,Rodovia,,,,,,,0.0
2013-10-22 00:00:00,rodovia,Rodovia,,,,,,,0.0
2013-10-23 00:00:00,rodovia,Rodovia,,,,,,,0.0
2013-10-24 00:00:00,rodovia,Rodovia,,,,,,,0.0
2013-10-25 00:00:00,rodovia,Rodovia,,,,,,,0.0
2013-10-26 00:00:00,rodovia,Rodovia,,,,,,,0.0
2013-10-27 00:00:00,rodovia,Rodovia,,,,,,,0.0
2013-10-28 00:00:00,rodovia,Rodovia,,,,,,,0.0
2013-10-29 00:00:00,rodovia,Rodovia,,,,,,,0.0
2013-10-30 00:00:00,rodovia,Rodovia,,,,,,,0.0
2013-10-31 00:00:00,rodovia,Rodovia,,,,,,,0.0
2013-11-01 00:00:00,rodovia,Rodovia,,,,,,,0.0
2013-11-02 00:00:00,rodovia,Rodovia,,,,,,,0.0
2013-11-03 00:00:00,rodovia,Rodovia,,,,,,,0.0
2013-11-04 00:00:00,rodovia,Rodovia,,,,,,,0.0
2013-11-05 00:00:00,rodovia,Rodovia,,,,,,,0.0
2013-11-06 00:00:00,rodovia,Rodovia,,,,,,,0.0
2013-11-07 00:00:00,rodovia,Rodovia,,,,,,,0.0
2013-11-08 00:00:00,rodovia,Rodovia,,,,,,,0.0
2013-11-09 00:00:00,rodovia,Rodovia,,,,,,,0.0
2013-11-10 00:00:00,rodovia,Rodovia,,,,,,,0.0
2013-11-11 00:00:00,rodovia,Rodovia,,,,,,,0.0
2013-11-12 00:00:00,rodovia,Rodovia,,,,,,,0.0
2013-11-13 00:00:00,rodovia,Rodovia,,,,,,,0.0
2013-11-14 00:00:00,rodovia,Rodovia,,,,,,,0.0
2013-11-15 00:00:00,rodovia,Rodovia,,,,,,,0.0
2013-11-16 00:00:00,rodovia,Rodovia,,,,,,,0.0
2013-11-17 00:00:00,rodovia,Rodovia,,,,,,,0.0
2013-11-18 00:00:00,rodovia,Rodovia,,,,,,,0.0
2013-11-19 00:00:00,rodovia,Rodovia,,,,,,,0.0
2013-11-20 00:00:00,rodovia,Rodovia,,,,,,,0.0
2013-11-21 00:00:00,rodovia,Rodovia,,,,,,,0.0
2013-11-22 00:00:00,rodovia,Rodovia,,,,,,,0.0
2013-11-23 00:00:00,rodovia,Rodovia,,,,,,,0.0
2013-11-24 00:00:00,rodovia,Rodovia,,,,,,,0.0
2013-11-25 00:00:00,rodovia,Rodovia,,,,,,,0.0
2013-11-26 00:00:00,rodovia,Rodovia,,,,,,,0.0
2013-11-27 00:00:00,rodovia,Rodovia,,,,,,,0.0
2013-11-28 00:00:00,rodovia,Rodovia,,,,,,,0.0
2013-11-29 00:00:00,rodovia,Rodovia,,,,,,,0.0
2013-11-30 00:00:00,rodovia,Rodovia,,,,,,,0.0
2013-12-01 00:00:00,rodovia,Rodovia,,,,,,,0.0
2013-12-02 00:00:00,rodovia,Rodovia,,,,,,,0.0
2013-12-03 00:00:00,rodovia,Rodovia,,,,,,,0.0
2013-12-04 00:00:00,rodovia,Rodovia,,,,,,,0.0
2013-12-05 00:00:00,rodovia,Rodovia,,,,,,,0.0
2013-12-06 00:00:00,rodovia,Rodovia,,,,,,,0.0
2013-12-07 00:00:00,rodovia,Rodovia,,,,,,,0.0
2013-12-08 00:00:00,rodovia,Rodovia,,,,,,,0.0
2013-12-09 00:00:00,rodovia,Rodovia,,,,,,,0.0
2013-12-10 00:00:00,rodovia,Rodovia,,,,,,,0.0
2013-12-11 00:00:00,rodovia,Rodovia,,,,,,,0.0
2013-12-12 00:00:00,rodovia,Rodovia,,,,,,,0.0
2013-12-13 00:00:00,rodovia,Rodovia,,,,,,,0.0
2013-12-14 00:00:00,rodovia,Rodovia,,,,,,,0.0
2013-12-15 00:00:00,rodovia,Rodovia,,,,,,,0.0
2013-12-16 00:00:00,rodovia,Rodovia,,,,,,,0.0
2013-12-17 00:00:00,rodovia,Rodovia,,,,,,,0.0
2013-12-18 00:00:00,rodovia,Rodovia,,,,,,,0.0
2013-12-19 00:00:00,rodovia,Rodovia,,,,,,,0.0
2013-12-20 00:00:00,rodovia,Rodovia,,,,,,,0.0
2013-12-21 00:00:00,rodovia,Rodovia,,,,,,,0.0
2013-12-22 00:00:00,rodovia,Rodovia,,,,,,,0.0
2013-12-23 00:00:00,rodovia,Rodovia,,,,,,,0.0
2013-12-24 00:00:00,rodovia,Rodovia,,,,,,,0.0
2013-12-25 00:00:00,rodovia,Rodovia,,,,,,,0.0
2013-12-26 00:00:00,rodovia,Rodovia,,,,,,,0.0
2013-12-27 00:00:00,rodovia,Rodovia,,,,,,,0.0
2013-12-28 00:00:00,rodovia,Rodovia,,,,,,,0.0
2013-12-29 00:00:00,rodovia,Rodovia,,,,,,,0.0
2013-12-30 00:00:00,rodovia,Rodovia,,,,,,,0.0
2013-12-31 00:00:00,rodovia,Rodovia,,,,,,,0.0
2014-01-01 00:00:00,rodovia,Rodovia,,,,,,,0.0
2014-01-02 00:00:00,rodovia,Rodovia,,,,,,,0.0
2014-01-03 00:00:00,rodovia,Rodovia,,,,,,,0.0
2014-01-04 00:00:00,rodovia,Rodovia,,,,,,,0.0
2014-01-05 00:00:00,rodovia,Rodovia,,,,,,,0.0
2014-01-06 00:00:00,rodovia,Rodovia,,,,,,,0.0
2014-01-07 00:00:00,rodovia,Rodovia,,,,,,,0.0
2014-01-08 00:00:00,rodovia,Rodovia,,,,,,,0.0
2014-01-09 00:00:00,rodovia,Rodovia,,,,,,,0.0
2014-01-10 00:00:00,rodovia,Rodovia,,,,,,,0.0
2014-01-11 00:00:00,rodovia,Rodovia,,,,,,,0.0
2014-01-12 00:00:00,rodovia,Rodovia,,,,,,,0.0
2014-01-13 00:00:00,rodovia,Rodovia,,,,,,,0.0
2014-01-14 00:00:00,rodovia,Rodovia,,,,,,,0.0
2014-01-15 00:00:00,rodovia,Rodovia,,,,,,,0.0
2014-01-16 00:00:00,rodovia,Rodovia,,,,,,,0.0
2014-01-17 00:00:00,rodovia,Rodovia,,,,,,,0.0
2014-01-18 00:00:00,rodovia,Rodovia,,,,,,,0.0
2014-01-19 00:00:00,rodovia,Rodovia,,,,,,,0.0
2014-01-20 00:00:00,rodovia,Rodovia,,,,,,,0.0
2014-01-21 00:00:00,rodovia,Rodovia,,,,,,,0.0
2014-01-22 00:00:00,rodovia,Rodovia,,,,,,,0.0
2014-01-23 00:00:00,rodovia,Rodovia,,,,,,,0.0
2014-01-24 00:00:00,rodovia,Rodovia,,,,,,,0.0
2014-01-25 00:00:00,rodovia,Rodovia,,,,,,,0.0
2014-01-26 00:00:00,rodovia,Rodovia,,,,,,,0.0
2014-01-27 00:00:00,rodovia,Rodovia,,,,,,,0.0
2014-01-28 00:00:00,rodovia,Rodovia,,,,,,,0.0
2014-01-29 00:00:00,rodovia,Rodovia,,,,,,,0.0
2014-01-30 00:00:00,rodovia,Rodovia,,,,,,,0.0
2014-01-31 00:00:00,rodovia,Rodovia,,,,,,,0.0
2014-02-01 00:00:00,rodovia,Rodovia,,,,,,,0.0
2014-02-02 00:00:00,rodovia,Rodovia,,,,,,,0.0
2014-02-03 00:00:00,rodovia,Rodovia,,,,,,,0.0
2014-02-04 00:00:00,rodovia,Rodovia,,,,,,,0.0
2014-02-05 00:00:00,rodovia,Rodovia,,,,,,,0.0
2014-02-06 00:00:00,rodovia,Rodovia,,,,,,,0.0
2014-02-07 00:00:00,rodovia,Rodovia,,,,,,,0.0
2014-02-08 00:00:00,rodovia,Rodovia,,,,,,,0.0
2014-02-09 00:00:00,rodovia,Rodovia,,,,,,,0.0
2014-02-10 00:00:00,rodovia,Rodovia,,,,,,,0.0
2014-02-11 00:00:00,rodovia,Rodovia,,,,,,,0.0
2014-02-12 00:00:00,rodovia,Rodovia,,,,,,,0.0
2014-02-13 00:00:00,rodovia,Rodovia,,,,,,,0.0
2014-02-14 00:00:00,rodovia,Rodovia,,,,,,,0.0
2014-02-15 00:00:00,rodovia,Rodovia,,,,,,,0.0
2014-02-16 00:00:00,rodovia,Rodovia,,,,,,,0.0
2014-02-17 00:00:00,rodovia,Rodovia,,,,,,,0.0
2014-02-18 00:00:00,rodovia,Rodovia,,,,,,,0.0
2014-02-19 00:00:00,rodovia,Rodovia,,,,,,,0.0
2014-02-20 00:00:00,rodovia,Rodovia,,,,,,,0.0
2014-02-21 00:00:00,rodovia,Rodovia,,,,,,,0.0
2014-02-22 00:00:00,rodovia,Rodovia,,,,,,,0.0
2014-02-23 00:00:00,rodovia,Rodovia,,,,,,,0.0
2014-02-24 00:00:00,rodovia,Rodovia,,,,,,,0.0
2014-02-25 00:00:00,rodovia,Rodovia,,,,,,,0.0
2014-02-26 00:00:00,rodovia,Rodovia,,,,,,,0.0
2014-02-27 00:00:00,rodovia,Rodovia,,,,,,,0.0
2014-02-28 00:00:00,rodovia,Rodovia,,,,,,,0.0
2014-03-01 00:00:00,rodovia,Rodovia,,,,,,,0.0
2014-03-02 00:00:00,rodovia,Rodovia,,,,,,,0.0
2014-03-03 00:00:00,rodovia,Rodovia,,,,,,,0.0
2014-03-04 00:00:00,rodovia,Rodovia,,,,,,,0.0
2014-03-05 00:00:00,rodovia,Rodovia,,,,,,,0.0
2014-03-06 00:00:00,rodovia,Rodovia,,,,,,,0.0
2014-03-07 00:00:00,rodovia,Rodovia,,,,,,,0.0
2014-03-08 00:00:00,rodovia,Rodovia,,,,,,,0.0
2014-03-09 00:00:00,rodovia,Rodovia,,,,,,,0.0
2014-03-10 00:00:00,rodovia,Rodovia,,,,,,,0.0
2014-03-11 00:00:00,rodovia,Rodovia,,,,,,,0.0
2014-03-12 00:00:00,rodovia,Rodovia,,,,,,,0.0
2014-03-13 00:00:00,rodovia,Rodovia,,,,,,,0.0
2014-03-14 00:00:00,rodovia,Rodovia,,,,,,,0.0
2014-03-15 00:00:00,rodovia,Rodovia,,,,,,,0.0
2014-03-16 00:00:00,rodovia,Rodovia,,,,,,,0.0
2014-03-17 00:00:00,rodovia,Rodovia,,,,,,,0.0
2014-03-18 00:00:00,rodovia,Rodovia,,,,,,,0.0
2014-03-19 00:00:00,rodovia,Rodovia,,,,,,,0.0
2014-03-20 00:00:00,rodovia,Rodovia,,,,,,,0.0
2014-03-21 00:00:00,rodovia,Rodovia,,,,,,,0.0
2014-03-22 00:00:00,rodovia,Rodovia,,,,,,,0.0
2014-03-23 00:00:00,rodovia,Rodovia,,,,,,,0.0
2014-03-24 00:00:00,rodovia,Rodovia,,,,,,,0.0
2014-03-25 00:00:00,rodovia,Rodovia,,,,,,,0.0
2014-03-26 00:00:00,rodovia,Rodovia,,,,,,,0.0
2014-03-27 00:00:00,rodovia,Rodovia,,,,,,,0.0
2014-03-28 00:00:00,rodovia,Rodovia,,,,,,,0.0
2014-03-29 00:00:00,rodovia,Rodovia,,,,,,,0.0
2014-03-30 00:00:00,rodovia,Rodovia,,,,,,,0.0
2014-03-31 00:00:00,rodovia,Rodovia,,,,,,,0.0
2014-04-01 00:00:00,rodovia,Rodovia,,,,,,,0.0
2014-04-02 00:00:00,rodovia,Rodovia,,,,,,,0.0
2014-04-03 00:00:00,rodovia,Rodovia,,,,,,,0.0
2014-04-04 00:00:00,rodovia,Rodovia,,,,,,,0.0
2014-04-05 00:00:00,rodovia,Rodovia,,,,,,,0.0
2014-04-06 00:00:00,rodovia,Rodovia,,,,,,,0.0
2014-04-07 00:00:00,rodovia,Rodovia,,,,,,,0.0
2014-04-08 00:00:00,rodovia,Rodovia,,,,,,,0.0
2014-04-09 00:00:00,rodovia,Rodovia,,,,,,,0.0
2014-04-10 00:00:00,rodovia,Rodovia,,,,,,,0.0
2014-04-11 00:00:00,rodovia,Rodovia,,,,,,,0.0
2014-04-12 00:00:00,rodovia,Rodovia,,,,,,,0.0
2014-04-13 00:00:00,rodovia,Rodovia,,,,,,,0.0
2014-04-14 00:00:00,rodovia,Rodovia,,,,,,,0.0
2014-04-15 00:00:00,rodovia,Rodovia,,,,,,,0.0
2014-04-16 00:00:00,rodovia,Rodovia,,,,,,,0.0
2014-04-17 00:00:00,rodovia,Rodovia,,,,,,,0.0
2014-04-18 00:00:00,rodovia,Rodovia,,,,,,,0.0
2014-04-19 00:00:00,rodovia,Rodovia,,,,,,,0.0
2014-04-20 00:00:00,rodovia,Rodovia,,,,,,,0.0
2014-04-21 00:00:00,rodovia,Rodovia,,,,,,,0.0
2014-04-22 00:00:00,rodovia,Rodovia,,,,,,,0.0
2014-04-23 00:00:00,rodovia,Rodovia,,,,,,,0.0
2014-04-24 00:00:00,rodovia,Rodovia,,,,,,,0.0
2014-04-25 00:00:00,rodovia,Rodovia,,,,,,,0.0
2014-04-26 00:00:00,rodovia,Rodovia,,,,,,,0.0
2014-04-27 00:00:00,rodovia,Rodovia,,,,,,,0.0
2014-04-28 00:00:00,rodovia,Rodovia,,,,,,,0.0
2014-04-29 00:00:00,rodovia,Rodovia,,,,,,,0.0
2014-04-30 00:00:00,rodovia,Rodovia,,,,,,,0.0
2014-05-01 00:00:00,rodovia,Rodovia,,,,,,,0.0
2014-05-02 00:00:00,rodovia,Rodovia,,,,,,,0.0
2014-05-03 00:00:00,rodovia,Rodovia,,,,,,,0.0
2014-05-04 00:00:00,rodovia,Rodovia,,,,,,,0.0
2014-05-05 00:00:00,rodovia,Rodovia,,,,,,,0.0
2014-05-06 00:00:00,rodovia,Rodovia,,,,,,,0.0
2014-05-07 00:00:00,rodovia,Rodovia,,,,,,,0.0
2014-05-08 00:00:00,rodovia,Rodovia,,,,,,,0.0
2014-05-09 00:00:00,rodovia,Rodovia,,,,,,,0.0
2014-05-10 00:00:00,rodovia,Rodovia,,,,,,,0.0
2014-05-11 00:00:00,rodovia,Rodovia,,,,,,,0.0
2014-05-12 00:00:00,rodovia,Rodovia,,,,,,,0.0
2014-05-13 00:00:00,rodovia,Rodovia,,,,,,,0.0
2014-05-14 00:00:00,rodovia,Rodovia,,,,,,,0.0
2014-05-15 00:00:00,rodovia,Rodovia,,,,,,,0.0
2014-05-16 00:00:00,rodovia,Rodovia,,,,,,,0.0
2014-05-17 00:00:00,rodovia,Rodovia,,,,,,,0.0
2014-05-18 00:00:00,rodovia,Rodovia,,,,,,,0.0
2014-05-19 00:00:00,rodovia,Rodovia,,,,,,,0.0
2014-05-20 00:00:00,rodovia,Rodovia,,,,,,,0.0
2014-05-21 00:00:00,rodovia,Rodovia,,,,,,,0.0
2014-05-22 00:00:00,rodovia,Rodovia,,,,,,,0.0
2014-05-23 00:00:00,rodovia,Rodovia,,,,,,,0.0
2014-05-24 00:00:00,rodovia,Rodovia,,,,,,,0.0
2014-05-25 00:00:00,rodovia,Rodovia,,,,,,,0.0
2014-05-26 00:00:00,rodovia,Rodovia,,,,,,,0.0
2014-05-27 00:00:00,rodovia,Rodovia,,,,,,,0.0
2014-05-28 00:00:00,rodovia,Rodovia,,,,,,,0.0
2014-05-29 00:00:00,rodovia,Rodovia,,,,,,,0.0
2014-05-30 00:00:00,rodovia,Rodovia,,,,,,,0.0
2014-05-31 00:00:00,rodovia,Rodovia,,,,,,,0.0
2014-06-01 00:00:00,rodovia,Rodovia,,,,,,,0.0
2014-06-02 00:00:00,rodovia,Rodovia,,,,,,,0.0
2014-06-03 00:00:00,rodovia,Rodovia,,,,,,,0.0
2014-06-04 00:00:00,rodovia,Rodovia,,,,,,,0.0
2014-06-05 00:00:00,rodovia,Rodovia,,,,,,,0.0
2014-06-06 00:00:00,rodovia,Rodovia,,,,,,,0.0
2014-06-07 00:00:00,rodovia,Rodovia,,,,,,,0.0
2014-06-08 00:00:00,rodovia,Rodovia,,,,,,,0.0
2014-06-09 00:00:00,rodovia,Rodovia,,,,,,,0.0
2014-06-10 00:00:00,rodovia,Rodovia,,,,,,,0.0
2014-06-11 00:00:00,rodovia,Rodovia,,,,,,,0.0
2014-06-12 00:00:00,rodovia,Rodovia,,,,,,,0.0
2014-06-13 00:00:00,rodovia,Rodovia,,,,,,,0.0
2014-06-14 00:00:00,rodovia,Rodovia,,,,,,,0.0
2014-06-15 00:00:00,rodovia,Rodovia,,,,,,,0.0
2014-06-16 00:00:00,rodovia,Rodovia,,,,,,,0.0
2014-06-17 00:00:00,rodovia,Rodovia,,,,,,,0.0
2014-06-18 00:00:00,rodovia,Rodovia,,,,,,,0.0
2014-06-19 00:00:00,rodovia,Rodovia,,,,,,,0.0
2014-06-20 00:00:00,rodovia,Rodovia,,,,,,,0.0
2014-06-21 00:00:00,rodovia,Rodovia,,,,,,,0.0
2014-06-22 00:00:00,rodovia,Rodovia,,,,,,,0.0
2014-06-23 00:00:00,rodovia,Rodovia,,,,,,,0.0
2014-06-24 00:00:00,rodovia,Rodovia,21.431428571428572,16.28,25.71,89.03744897959184,0.7581122459183673,1.481111,0.0
2014-06-25 00:00:00,rodovia,Rodovia,,,,,,,0.0
2014-06-26 00:00:00,rodovia,Rodovia,,,,,,,0.0
2014-06-27 00:00:00,rodovia,Rodovia,,,,,,,0.0
2014-06-28 00:00:00,rodovia,Rodovia,,,,,,,0.0
2014-06-29 00:00:00,rodovia,Rodovia,,,,,,,0.0
2014-06-30 00:00:00,rodovia,Rodovia,,,,,,,0.0
2014-07-01 00:00:00,rodovia,Rodovia,,,,,,,0.0
2014-07-02 00:00:00,rodovia,Rodovia,17.04,17.04,17.04,100.0,0.7180556,0.7180556,45.01
