date,gauge,rain_mm
2014-07-31,aventureiro,0.0
2014-08-01,aventureiro,3.7397738300000003
2014-08-02,aventureiro,0.0
2014-08-03,aventureiro,0.0
2014-08-04,aventureiro,8.680269989
2014-08-05,aventureiro,0.0
2014-08-06,aventureiro,0.0
2014-08-07,aventureiro,0.0
2014-08-08,aventureiro,0.0
2014-08-09,aventureiro,0.0
2014-08-10,aventureiro,0.0
2014-08-11,aventureiro,0.0
2014-08-12,aventureiro,27.348453859
2014-08-13,aventureiro,1.8
2014-08-14,aventureiro,0.0
2014-08-15,aventureiro,3.0
2014-08-16,aventureiro,46.063426535
2014-08-17,aventureiro,0.2
2014-08-18,aventureiro,0.0
2014-08-19,aventureiro,0.0
2014-08-20,aventureiro,0.0
2014-08-21,aventureiro,0.0
2014-08-22,aventureiro,0.0
2014-08-23,aventureiro,0.0
2014-08-24,aventureiro,0.0
2014-08-25,aventureiro,1.97438
2014-08-26,aventureiro,0.98902
2014-08-27,aventureiro,0.0
2014-08-28,aventureiro,0.0
2014-08-29,aventureiro,0.0
2014-08-30,aventureiro,0.0
2014-08-31,aventureiro,21.425176846
2014-09-01,aventureiro,0.0
2014-09-02,aventureiro,21.040261831
2014-09-03,aventureiro,5.35666382
2014-09-04,aventureiro,1.5906170670000002
2014-09-05,aventureiro,0.2
2014-09-06,aventureiro,0.2
2014-09-07,aventureiro,0.4
2014-09-08,aventureiro,0.0
2014-09-09,aventureiro,0.0
2014-09-10,aventureiro,0.0
2014-09-11,aventureiro,5.4
2014-09-12,aventureiro,3.3817
2014-09-13,aventureiro,0.0
2014-09-14,aventureiro,0.0
2014-09-15,aventureiro,0.0
2014-09-16,aventureiro,0.0
2014-09-17,aventureiro,0.0
2014-09-18,aventureiro,26.377181885
2014-09-19,aventureiro,10.035726937
2014-09-20,aventureiro,6.120967757
2014-09-21,aventureiro,0.0
2014-09-22,aventureiro,0.0
2014-09-23,aventureiro,0.0
2014-09-24,aventureiro,12.435690082
2014-09-25,aventureiro,6.503958977
2014-09-26,aventureiro,1.0
2014-09-27,aventureiro,14.70484
2014-09-28,aventureiro,10.53412
2014-09-29,aventureiro,6.512291627
2014-09-30,aventureiro,16.719798129
2014-10-01,aventureiro,2.1707199999999998
2014-10-02,aventureiro,0.0
2014-10-03,aventureiro,0.0
2014-10-04,aventureiro,0.0
2014-10-05,aventureiro,0.0
2014-10-06,aventureiro,0.2
2014-10-07,aventureiro,0.0
2014-10-08,aventureiro,0.0
2014-10-09,aventureiro,0.0
2014-10-10,aventureiro,0.0
2014-10-11,aventureiro,0.0
2014-10-12,aventureiro,0.0
2014-10-13,aventureiro,0.6000000000000001
2014-10-14,aventureiro,0.4
2014-10-15,aventureiro,2.6
2014-10-16,aventureiro,1.0
2014-10-17,aventureiro,2.78536
2014-10-18,aventureiro,0.0
2014-10-19,aventureiro,2.971125093
2014-10-20,aventureiro,0.2
2014-10-21,aventureiro,0.0
2014-10-22,aventureiro,0.0
2014-10-23,aventureiro,0.0
2014-10-24,aventureiro,0.0
2014-10-25,aventureiro,0.0
2014-10-26,aventureiro,0.0
2014-10-27,aventureiro,0.0
2014-10-28,aventureiro,0.0
2014-10-29,aventureiro,0.0
2014-10-30,aventureiro,0.0
2014-10-31,aventureiro,0.0
2014-11-01,aventureiro,4.335394655
2014-11-02,aventureiro,2.9792016500000003
2014-11-03,aventureiro,0.0
2014-11-04,aventureiro,27.568120386
2014-11-05,aventureiro,1.0
2014-11-06,aventureiro,0.2
2014-11-07,aventureiro,8.683786107
2014-11-08,aventureiro,0.0
2014-11-09,aventureiro,0.0
2014-11-10,aventureiro,0.0
2014-11-11,aventureiro,0.0
2014-11-12,aventureiro,0.0
2014-11-13,aventureiro,0.0
2014-11-14,aventureiro,4.563850686
2014-11-15,aventureiro,0.6000000000000001
2014-11-16,aventureiro,0.0
2014-11-17,aventureiro,0.0
2014-11-18,aventureiro,0.0
2014-11-19,aventureiro,0.0
2014-11-20,aventureiro,4.37438
2014-11-21,aventureiro,0.8
2014-11-22,aventureiro,20.089488352
2014-11-23,aventureiro,1.8
2014-11-24,aventureiro,5.563400000000001
2014-11-25,aventureiro,23.300514137
2014-11-26,aventureiro,1.5780399999999999
2014-11-27,aventureiro,0.0
2014-11-28,aventureiro,4.127079573
2014-11-29,aventureiro,1.8
2014-11-30,aventureiro,1.0
2014-12-01,aventureiro,0.0
2014-12-02,aventureiro,0.0
2014-12-03,aventureiro,16.545183898
2014-12-04,aventureiro,2.97438
2014-12-05,aventureiro,0.0
2014-12-06,aventureiro,0.0
2014-12-07,aventureiro,0.4
2014-12-08,aventureiro,0.0
2014-12-09,aventureiro,15.408481311999997
2014-12-10,aventureiro,0.6000000000000001
2014-12-11,aventureiro,0.0
2014-12-12,aventureiro,43.737860026
2014-12-13,aventureiro,20.42668
2014-12-14,aventureiro,0.0
2014-12-15,aventureiro,0.2
2014-12-16,aventureiro,4.75242
2014-12-17,aventureiro,0.0
2014-12-18,aventureiro,0.0
2014-12-19,aventureiro,3.2
2014-12-20,aventureiro,0.0
2014-12-21,aventureiro,0.6000000000000001
2014-12-22,aventureiro,33.0327
2014-12-23,aventureiro,6.0
2014-12-24,aventureiro,15.31948
2014-12-25,aventureiro,5.37804
2014-12-26,aventureiro,5.95242
2014-12-27,aventureiro,0.0
2014-12-28,aventureiro,7.6719
2014-12-29,aventureiro,13.80602
2014-12-30,aventureiro,0.0
2014-12-31,aventureiro,6.3048399999999996
2015-01-01,aventureiro,0.0
2015-01-02,aventureiro,24.819220477000002
2015-01-03,aventureiro,1.6
2015-01-04,aventureiro,0.0
2015-01-05,aventureiro,8.68654
2015-01-06,aventureiro,2.8000000000000003
2015-01-07,aventureiro,0.0
2015-01-08,aventureiro,0.0
2015-01-09,aventureiro,2.75608
2015-01-10,aventureiro,3.16706
2015-01-11,aventureiro,4.13412
2015-01-12,aventureiro,40.450968871
2015-01-13,aventureiro,14.56942
2015-01-14,aventureiro,15.712392313999999
2015-01-15,aventureiro,19.6719
2015-01-16,aventureiro,0.0
2015-01-17,aventureiro,11.47556
2015-01-18,aventureiro,3.6
2015-01-19,aventureiro,2.6
2015-01-20,aventureiro,16.97674
2015-01-21,aventureiro,5.6000000000000005
2015-01-22,aventureiro,13.4
2015-01-23,aventureiro,7.6000000000000005
2015-01-24,aventureiro,0.0
2015-01-25,aventureiro,24.97178
2015-01-26,aventureiro,3.3926800000000004
2015-01-27,aventureiro,0.99268
2015-01-28,aventureiro,16.80602
2015-01-29,aventureiro,18.06092
2015-01-30,aventureiro,5.2
2015-01-31,aventureiro,1.6
2015-02-01,aventureiro,0.0
2015-02-02,aventureiro,0.2
2015-02-03,aventureiro,21.68524
2015-02-04,aventureiro,37.69858
2015-02-05,aventureiro,41.51688
2015-02-06,aventureiro,14.78536
2015-02-07,aventureiro,0.2
2015-02-08,aventureiro,0.2
2015-02-09,aventureiro,0.0
2015-02-10,aventureiro,0.79268
2015-02-11,aventureiro,2.36706
2015-02-12,aventureiro,29.87662
2015-02-13,aventureiro,20.54876
2015-02-14,aventureiro,24.79268
2015-02-15,aventureiro,19.400000000000002
2015-02-16,aventureiro,12.0
2015-02-17,aventureiro,7.4
2015-02-18,aventureiro,11.8
2015-02-19,aventureiro,14.200000000000001
2015-02-20,aventureiro,7.792680000000001
2015-02-21,aventureiro,14.200000000000001
2015-02-22,aventureiro,4.800000000000001
2015-02-23,aventureiro,4.53412
2015-02-24,aventureiro,8.8
2015-02-25,aventureiro,0.8
2015-02-26,aventureiro,0.0
2015-02-27,aventureiro,3.98536
2015-02-28,aventureiro,3.8000000000000003
2015-03-01,aventureiro,0.2
2015-03-02,aventureiro,0.0
2015-03-03,aventureiro,0.0
2015-03-04,aventureiro,0.0
2015-03-05,aventureiro,1.4000000000000001
2015-03-06,aventureiro,31.69492
2015-03-07,aventureiro,9.3634
2015-03-08,aventureiro,4.55974
2015-03-09,aventureiro,10.9268
2015-03-10,aventureiro,8.35242
2015-03-11,aventureiro,0.2
2015-03-12,aventureiro,19.634
2015-03-13,aventureiro,33.23636
2015-03-14,aventureiro,12.5987
2015-03-15,aventureiro,1.8
2015-03-16,aventureiro,7.9085
2015-03-17,aventureiro,1.4000000000000001
2015-03-18,aventureiro,0.6000000000000001
2015-03-19,aventureiro,1.0
2015-03-20,aventureiro,2.4000000000000004
2015-03-21,aventureiro,11.8902
2015-03-22,aventureiro,0.2
2015-03-23,aventureiro,1.8
2015-03-24,aventureiro,0.6000000000000001
2015-03-25,aventureiro,0.2
2015-03-26,aventureiro,0.0
2015-03-27,aventureiro,18.01334
2015-03-28,aventureiro,33.49126
2015-03-29,aventureiro,35.43636
2015-03-30,aventureiro,13.966847041
2015-03-31,aventureiro,0.0
2015-04-01,aventureiro,0.0
2015-04-02,aventureiro,0.0
2015-04-03,aventureiro,0.0
2015-04-04,aventureiro,0.0
2015-04-05,aventureiro,14.19
2015-04-06,aventureiro,4.3500000000000005
2015-04-07,aventureiro,0.0
2015-04-08,aventureiro,0.0
2015-04-09,aventureiro,2.17
2015-04-10,aventureiro,1.0
2015-04-11,aventureiro,0.0
2015-04-12,aventureiro,0.0
2015-04-13,aventureiro,0.0
2015-04-14,aventureiro,0.0
2015-04-15,aventureiro,0.0
2015-04-16,aventureiro,20.04
2015-04-17,aventureiro,72.97
2015-04-18,aventureiro,0.0
2015-04-19,aventureiro,0.2
2015-04-20,aventureiro,9.67
2015-04-21,aventureiro,1.6
2015-04-22,aventureiro,41.95
2015-04-23,aventureiro,11.860000000000001
2015-04-24,aventureiro,0.2
2015-04-25,aventureiro,5.11
2015-04-26,aventureiro,1.3800000000000001
2015-04-27,aventureiro,6.94
2015-04-28,aventureiro,0.2
2015-04-29,aventureiro,5.37
2015-04-30,aventureiro,1.4000000000000001
2015-05-01,aventureiro,0.0
2015-05-02,aventureiro,0.0
2015-05-03,aventureiro,9.01
2015-05-04,aventureiro,2.19
2015-05-05,aventureiro,0.0
2015-05-06,aventureiro,0.0
2015-05-07,aventureiro,0.0
2015-05-08,aventureiro,0.0
2015-05-09,aventureiro,0.0
2015-05-10,aventureiro,12.4
2015-05-11,aventureiro,2.0
2015-05-12,aventureiro,4.0
2015-05-13,aventureiro,4.37
2015-05-14,aventureiro,11.98
2015-05-15,aventureiro,11.600000000000001
2015-05-16,aventureiro,2.6
2015-05-17,aventureiro,6.17
2015-05-18,aventureiro,13.0
2015-05-19,aventureiro,36.64
2015-05-20,aventureiro,17.73
2015-05-21,aventureiro,0.2
2015-05-22,aventureiro,0.0
2015-05-23,aventureiro,0.0
2015-05-24,aventureiro,6.550000000000001
2015-05-25,aventureiro,14.0
2015-05-26,aventureiro,14.600000000000001
2015-05-27,aventureiro,37.160000000000004
2015-05-28,aventureiro,15.32
2015-05-29,aventureiro,0.0
2015-05-30,aventureiro,0.0
2015-05-31,aventureiro,0.0
2015-06-01,aventureiro,0.0
2015-06-02,aventureiro,0.0
2015-06-03,aventureiro,0.0
2015-06-04,aventureiro,0.0
2015-06-05,aventureiro,0.0
2015-06-06,aventureiro,0.0
2015-06-07,aventureiro,0.0
2015-06-08,aventureiro,0.0
2015-06-09,aventureiro,0.0
2015-06-10,aventureiro,0.0
2015-06-11,aventureiro,3.39
2015-06-12,aventureiro,7.0
2015-06-13,aventureiro,13.600000000000001
2015-06-14,aventureiro,8.6
2015-06-15,aventureiro,10.200000000000001
2015-06-16,aventureiro,7.2
2015-06-17,aventureiro,4.0
2015-06-18,aventureiro,6.4
2015-06-19,aventureiro,14.0
2015-06-20,aventureiro,6.2
2015-06-21,aventureiro,1.0
2015-06-22,aventureiro,0.2
2015-06-23,aventureiro,0.2
2015-06-24,aventureiro,0.8
2015-06-25,aventureiro,0.8
2015-06-26,aventureiro,1.8
2015-06-27,aventureiro,0.6000000000000001
2015-06-28,aventureiro,0.2
2015-06-29,aventureiro,0.0
2015-06-30,aventureiro,0.4
2015-07-01,aventureiro,0.6000000000000001
2015-07-02,aventureiro,0.4
2015-07-03,aventureiro,0.4
2015-07-04,aventureiro,0.0
2015-07-05,aventureiro,0.4
2015-07-06,aventureiro,0.2
2015-07-07,aventureiro,0.6000000000000001
2015-07-08,aventureiro,2.0
2015-07-09,aventureiro,0.6000000000000001
2015-07-10,aventureiro,0.6000000000000001
2015-07-11,aventureiro,0.8
2015-07-12,aventureiro,0.8
2015-07-13,aventureiro,0.8
2015-07-14,aventureiro,1.0
2015-07-15,aventureiro,0.8
2015-07-16,aventureiro,1.2000000000000002
2015-07-17,aventureiro,2.0
2015-07-18,aventureiro,1.2000000000000002
2015-07-19,aventureiro,1.2000000000000002
2015-07-20,aventureiro,1.0
2015-07-21,aventureiro,0.6000000000000001
2015-07-22,aventureiro,0.6000000000000001
2015-07-23,aventureiro,0.6000000000000001
2015-07-24,aventureiro,0.6000000000000001
2015-07-25,aventureiro,0.8
2015-07-26,aventureiro,0.6000000000000001
2015-07-27,aventureiro,0.6000000000000001
2015-07-28,aventureiro,0.6000000000000001
2015-07-29,aventureiro,0.6000000000000001
2015-07-30,aventureiro,0.6000000000000001
2015-07-31,aventureiro,0.4
2015-08-01,aventureiro,0.4
2015-08-02,aventureiro,0.4
2015-08-03,aventureiro,0.4
2015-08-04,aventureiro,0.4
2015-08-05,aventureiro,0.2
2015-08-06,aventureiro,0.4
2015-08-07,aventureiro,0.2
2015-08-08,aventureiro,0.2
2015-08-09,aventureiro,0.2
2015-08-10,aventureiro,0.0
2015-08-11,aventureiro,0.2
2015-08-12,aventureiro,0.2
2015-08-13,aventureiro,0.0
2015-08-14,aventureiro,0.2
2015-08-15,aventureiro,0.0
2015-08-16,aventureiro,0.6000000000000001
2015-08-17,aventureiro,0.2
2015-08-18,aventureiro,0.2
2015-08-19,aventureiro,0.4
2015-08-20,aventureiro,0.0
2015-08-21,aventureiro,1.4000000000000001
2015-08-22,aventureiro,0.0
2015-08-23,aventureiro,0.4
2015-08-24,aventureiro,2.99
2015-08-25,aventureiro,1.0
2015-08-26,aventureiro,3.98
2015-08-27,aventureiro,13.98
2015-08-28,aventureiro,0.0
2015-08-29,aventureiro,0.0
2015-08-30,aventureiro,0.0
2015-08-31,aventureiro,0.0
2015-09-01,aventureiro,2.98
2015-09-02,aventureiro,4.98
2015-09-03,aventureiro,32.7
2015-09-04,aventureiro,15.950000000000001
2015-09-05,aventureiro,2.6
2015-09-06,aventureiro,2.39
2015-09-07,aventureiro,11.23
2015-09-08,aventureiro,8.44
2015-09-09,aventureiro,0.0
2015-09-10,aventureiro,2.39
2015-09-11,aventureiro,5.15
2015-09-12,aventureiro,0.0
2015-09-13,aventureiro,0.0
2015-09-14,aventureiro,0.2
2015-09-15,aventureiro,0.0
2015-09-16,aventureiro,0.0
2015-09-17,aventureiro,43.68
2015-09-18,aventureiro,2.37
2015-09-19,aventureiro,0.4
2015-09-20,aventureiro,0.0
2015-09-21,aventureiro,0.0
2015-09-22,aventureiro,0.0
2015-09-23,aventureiro,0.0
2015-09-24,aventureiro,0.0
2015-09-25,aventureiro,20.46
2015-09-26,aventureiro,5.7700000000000005
2015-09-27,aventureiro,37.17
2015-09-28,aventureiro,0.2
2015-09-29,aventureiro,0.0
2015-09-30,aventureiro,1.0
2015-10-01,aventureiro,6.180000000000001
2015-10-02,aventureiro,12.01
2015-10-03,aventureiro,2.39
2015-10-04,aventureiro,7.3100000000000005
2015-10-05,aventureiro,2.4000000000000004
2015-10-06,aventureiro,1.4000000000000001
2015-10-07,aventureiro,0.2
2015-10-08,aventureiro,16.19
2015-10-09,aventureiro,11.76
2015-10-10,aventureiro,1.2000000000000002
2015-10-11,aventureiro,2.4000000000000004
2015-10-12,aventureiro,1.0
2015-10-13,aventureiro,0.8
2015-10-14,aventureiro,1.0
2015-10-15,aventureiro,1.2000000000000002
2015-10-16,aventureiro,1.2000000000000002
2015-10-17,aventureiro,0.8
2015-10-18,aventureiro,0.8
2015-10-19,aventureiro,1.2000000000000002
2015-10-20,aventureiro,1.2000000000000002
2015-10-21,aventureiro,0.8
2015-10-22,aventureiro,1.0
2015-10-23,aventureiro,1.2000000000000002
2015-10-24,aventureiro,1.2000000000000002
2015-10-25,aventureiro,0.8
2015-10-26,aventureiro,3.6
2015-10-27,aventureiro,29.490000000000002
2015-10-28,aventureiro,25.6
2015-10-29,aventureiro,17.8
2015-10-30,aventureiro,4.4
2015-10-31,aventureiro,1.0
2015-11-01,aventureiro,2.2
2015-11-02,aventureiro,0.6000000000000001
2015-11-03,aventureiro,0.8
2015-11-04,aventureiro,0.8
2015-11-05,aventureiro,0.8
2015-11-06,aventureiro,2.0
2015-11-07,aventureiro,5.4
2015-11-08,aventureiro,1.8
2015-11-09,aventureiro,3.0
2015-11-10,aventureiro,6.6000000000000005
2015-11-11,aventureiro,6.800000000000001
2015-11-12,aventureiro,5.0
2015-11-13,aventureiro,3.4000000000000004
2015-11-14,aventureiro,1.2000000000000002
2015-11-15,aventureiro,3.0
2015-11-16,aventureiro,3.0
2015-11-17,aventureiro,2.0
2015-11-18,aventureiro,1.6
2015-11-19,aventureiro,9.0
2015-11-20,aventureiro,14.0
2015-11-21,aventureiro,5.800000000000001
2015-11-22,aventureiro,13.17
2015-11-23,aventureiro,0.8
2015-11-24,aventureiro,24.16
2015-11-25,aventureiro,5.930000000000001
2015-11-26,aventureiro,4.970000000000001
2015-11-27,aventureiro,6.3100000000000005
2015-11-28,aventureiro,14.77
2015-11-29,aventureiro,6.13
2015-11-30,aventureiro,7.94
2015-12-01,aventureiro,0.4
2015-12-02,aventureiro,9.69
2015-12-03,aventureiro,1.6
2015-12-04,aventureiro,0.2
2015-12-05,aventureiro,0.4
2015-12-06,aventureiro,0.2
2015-12-07,aventureiro,0.4
2015-12-08,aventureiro,0.4
2015-12-09,aventureiro,0.2
2015-12-10,aventureiro,0.4
2015-12-11,aventureiro,0.4
2015-12-12,aventureiro,0.4
2015-12-13,aventureiro,0.2
2015-12-14,aventureiro,0.2
2015-12-15,aventureiro,0.4
2015-12-16,aventureiro,3.54
2015-12-17,aventureiro,0.0
2015-12-18,aventureiro,0.0
2015-12-19,aventureiro,0.0
2015-12-20,aventureiro,0.0
2015-12-21,aventureiro,0.0
2015-12-22,aventureiro,0.0
2015-12-23,aventureiro,0.0
2015-12-24,aventureiro,0.0
2015-12-25,aventureiro,0.2
2015-12-26,aventureiro,0.6000000000000001
2015-12-27,aventureiro,1.38
2015-12-28,aventureiro,0.0
2015-12-29,aventureiro,0.0
2015-12-30,aventureiro,0.0
2015-12-31,aventureiro,0.0
2016-01-01,aventureiro,0.0
2016-01-02,aventureiro,0.0
2016-01-03,aventureiro,0.0
2016-01-04,aventureiro,0.0
2016-01-05,aventureiro,0.0
2016-01-06,aventureiro,0.0
2016-01-07,aventureiro,0.0
2016-01-08,aventureiro,0.0
2016-01-09,aventureiro,0.2
2016-01-10,aventureiro,0.0
2016-01-11,aventureiro,1.59
2016-01-12,aventureiro,0.0
2016-01-13,aventureiro,0.0
2016-01-14,aventureiro,0.0
2016-01-15,aventureiro,0.0
2016-01-16,aventureiro,0.6000000000000001
2016-01-17,aventureiro,0.0
2016-01-18,aventureiro,0.0
2016-01-19,aventureiro,0.0
2016-01-20,aventureiro,0.0
2016-01-21,aventureiro,0.4
2016-01-22,aventureiro,0.0
2016-01-23,aventureiro,0.0
2016-01-24,aventureiro,0.0
2016-01-25,aventureiro,0.4
2016-01-26,aventureiro,0.0
2016-01-27,aventureiro,0.0
2016-01-28,aventureiro,0.2
2016-01-29,aventureiro,0.4
2016-01-30,aventureiro,0.0
2016-01-31,aventureiro,0.0
2016-02-01,aventureiro,0.0
2016-02-02,aventureiro,0.0
2016-02-03,aventureiro,0.2
2016-02-04,aventureiro,0.79
2016-02-05,aventureiro,0.0
2016-02-06,aventureiro,0.0
2016-02-07,aventureiro,0.0
2016-02-08,aventureiro,0.4
2016-02-09,aventureiro,0.0
2016-02-10,aventureiro,0.0
2016-02-11,aventureiro,0.0
2016-02-12,aventureiro,0.0
2016-02-13,aventureiro,0.0
2016-02-14,aventureiro,0.2
2016-02-15,aventureiro,0.4
2016-02-16,aventureiro,0.0
2016-02-17,aventureiro,0.0
2016-02-18,aventureiro,0.0
2016-02-19,aventureiro,0.0
2016-02-20,aventureiro,0.0
2016-02-21,aventureiro,0.0
2016-02-22,aventureiro,0.8
2016-02-23,aventureiro,0.0
2016-02-24,aventureiro,0.0
2016-02-25,aventureiro,0.0
2016-02-26,aventureiro,0.0
2016-02-27,aventureiro,0.0
2016-02-28,aventureiro,0.0
2016-02-29,aventureiro,0.2
2016-03-01,aventureiro,0.0
2016-03-02,aventureiro,0.2
2016-03-03,aventureiro,0.2
2016-03-04,aventureiro,0.0
2016-03-05,aventureiro,1.19
2016-03-06,aventureiro,0.0
2016-03-07,aventureiro,0.0
2016-03-08,aventureiro,0.0
2016-03-09,aventureiro,0.0
2016-03-10,aventureiro,0.0
2016-03-11,aventureiro,0.0
2016-03-12,aventureiro,0.0
2016-03-13,aventureiro,0.0
2016-03-14,aventureiro,0.0
2016-03-15,aventureiro,0.0
2016-03-16,aventureiro,0.0
2016-03-17,aventureiro,2.77
2016-03-18,aventureiro,0.0
2016-03-19,aventureiro,0.0
2016-03-20,aventureiro,0.0
2016-03-21,aventureiro,0.0
2016-03-22,aventureiro,0.0
2016-03-23,aventureiro,0.0
2016-03-24,aventureiro,0.0
2016-03-25,aventureiro,0.0
2016-03-26,aventureiro,0.0
2016-03-27,aventureiro,0.0
2016-03-28,aventureiro,0.0
2016-03-29,aventureiro,0.0
2016-03-30,aventureiro,0.0
2016-03-31,aventureiro,0.0
2016-04-01,aventureiro,0.0
2016-04-02,aventureiro,0.0
2016-04-03,aventureiro,0.0
2016-04-04,aventureiro,0.0
2016-04-05,aventureiro,0.0
2016-04-06,aventureiro,0.0
2016-04-07,aventureiro,0.0
2016-04-08,aventureiro,0.0
2016-04-09,aventureiro,0.0
2016-04-10,aventureiro,0.0
2016-04-11,aventureiro,0.0
2016-04-12,aventureiro,0.0
2016-04-13,aventureiro,0.0
2016-04-14,aventureiro,0.0
2016-04-15,aventureiro,0.0
2016-04-16,aventureiro,0.0
2016-04-17,aventureiro,0.0
2016-04-18,aventureiro,0.0
2016-04-19,aventureiro,0.0
2016-04-20,aventureiro,0.0
2016-04-21,aventureiro,0.0
2016-04-22,aventureiro,0.0
2016-04-23,aventureiro,0.0
2016-04-24,aventureiro,0.0
2016-04-25,aventureiro,0.0
2016-04-26,aventureiro,0.0
2016-04-27,aventureiro,0.0
2016-04-28,aventureiro,0.0
2016-04-29,aventureiro,0.0
2016-04-30,aventureiro,0.0
2016-05-01,aventureiro,0.0
2016-05-02,aventureiro,0.0
2016-05-03,aventureiro,0.0
2016-05-04,aventureiro,0.0
2016-05-05,aventureiro,0.0
2016-05-06,aventureiro,0.0
2016-05-07,aventureiro,0.0
2016-05-08,aventureiro,1.3900000000000001
2016-05-09,aventureiro,0.0
2016-05-10,aventureiro,0.0
2016-05-11,aventureiro,0.0
2016-05-12,aventureiro,0.0
2016-05-13,aventureiro,0.0
2016-05-14,aventureiro,0.0
2016-05-15,aventureiro,0.0
2016-05-16,aventureiro,0.0
2016-05-17,aventureiro,0.0
2016-05-18,aventureiro,0.0
2016-05-19,aventureiro,0.0
2016-05-20,aventureiro,0.0
2016-05-21,aventureiro,0.0
2016-05-22,aventureiro,0.0
2016-05-23,aventureiro,0.0
2016-05-24,aventureiro,0.0
2016-05-25,aventureiro,0.0
2016-05-26,aventureiro,0.0
2016-05-27,aventureiro,0.0
2016-05-28,aventureiro,0.0
2016-05-29,aventureiro,0.0
2016-05-30,aventureiro,0.0
2016-05-31,aventureiro,0.0
2016-06-01,aventureiro,0.0
2016-06-02,aventureiro,0.0
2016-06-03,aventureiro,0.0
2016-06-04,aventureiro,0.0
2016-06-05,aventureiro,0.0
2016-06-06,aventureiro,0.0
2016-06-07,aventureiro,0.0
2016-06-08,aventureiro,0.0
2016-06-09,aventureiro,0.0
2016-06-10,aventureiro,0.0
2016-06-11,aventureiro,0.0
2016-06-12,aventureiro,0.0
2016-06-13,aventureiro,0.0
2016-06-14,aventureiro,0.0
2016-06-15,aventureiro,0.0
2016-06-16,aventureiro,0.0
2016-06-17,aventureiro,0.0
2016-06-18,aventureiro,0.0
2016-06-19,aventureiro,0.0
2016-06-20,aventureiro,0.0
2016-06-21,aventureiro,0.0
2016-06-22,aventureiro,0.0
2016-06-23,aventureiro,0.0
2016-06-24,aventureiro,0.0
2016-06-25,aventureiro,0.0
2016-06-26,aventureiro,0.0
2016-06-27,aventureiro,0.0
2016-06-28,aventureiro,0.0
2016-06-29,aventureiro,0.0
2016-06-30,aventureiro,0.0
2016-07-02,aventureiro,0.0
2016-07-03,aventureiro,0.0
2016-07-04,aventureiro,0.0
2016-07-05,aventureiro,0.0
2016-07-06,aventureiro,0.0
2016-07-07,aventureiro,0.0
2016-07-08,aventureiro,0.0
2016-07-09,aventureiro,0.0
2016-07-10,aventureiro,0.0
2016-07-11,aventureiro,0.2
2016-07-12,aventureiro,4.92
2016-07-13,aventureiro,6.3100000000000005
2016-07-14,aventureiro,0.0
2016-07-15,aventureiro,27.34
2016-07-16,aventureiro,54.12
2016-07-17,aventureiro,0.0
2016-07-18,aventureiro,0.0
2016-07-19,aventureiro,0.0
2016-07-20,aventureiro,0.0
2016-07-21,aventureiro,0.0
2016-07-22,aventureiro,0.0
2016-07-23,aventureiro,0.0
2016-07-24,aventureiro,0.0
2016-07-25,aventureiro,0.0
2016-07-26,aventureiro,0.0
2016-07-27,aventureiro,0.0
2016-07-28,aventureiro,0.6000000000000001
2016-07-29,aventureiro,1.2000000000000002
2016-07-30,aventureiro,0.0
2016-07-31,aventureiro,0.0
2016-08-01,aventureiro,0.0
2016-08-02,aventureiro,0.6000000000000001
2016-08-03,aventureiro,10.059999999999999
2016-08-04,aventureiro,0.6000000000000001
2016-08-05,aventureiro,0.0
2016-08-06,aventureiro,0.0
2016-08-07,aventureiro,1.96
2016-08-08,aventureiro,17.36
2016-08-09,aventureiro,0.8
2016-08-10,aventureiro,0.0
2016-08-11,aventureiro,0.0
2016-08-12,aventureiro,0.0
2016-08-13,aventureiro,0.0
2016-08-14,aventureiro,0.0
2016-08-15,aventureiro,6.12
2016-08-16,aventureiro,0.0
2016-08-17,aventureiro,9.92
2016-08-18,aventureiro,2.19
2016-08-19,aventureiro,23.82
2016-08-20,aventureiro,42.9
2016-08-21,aventureiro,21.84
2016-08-22,aventureiro,0.0
2016-08-23,aventureiro,0.0
2016-08-24,aventureiro,0.0
2016-08-25,aventureiro,0.0
2016-08-26,aventureiro,0.0
2016-08-27,aventureiro,0.0
2016-08-28,aventureiro,0.0
2016-08-29,aventureiro,0.0
2016-08-30,aventureiro,7.17
2016-08-31,aventureiro,0.2
2016-09-01,aventureiro,0.0
2016-09-02,aventureiro,2.56
2016-09-03,aventureiro,43.18
2016-09-04,aventureiro,9.48
2016-09-05,aventureiro,8.09
2016-09-06,aventureiro,0.0
2016-09-07,aventureiro,0.0
2016-09-08,aventureiro,0.0
2016-09-09,aventureiro,0.0
2016-09-10,aventureiro,0.0
2016-09-11,aventureiro,0.0
2016-09-12,aventureiro,0.0
2016-09-13,aventureiro,0.0
2016-09-14,aventureiro,0.0
2016-09-15,aventureiro,0.0
2016-09-16,aventureiro,0.0
2016-09-17,aventureiro,0.0
2016-09-18,aventureiro,2.96
2016-09-19,aventureiro,0.0
2016-09-20,aventureiro,0.0
2016-09-21,aventureiro,0.0
2016-09-22,aventureiro,0.4
2016-09-23,aventureiro,0.0
2016-09-24,aventureiro,1.6
2016-09-25,aventureiro,1.77
2016-09-26,aventureiro,0.2
2016-09-27,aventureiro,0.0
2016-09-28,aventureiro,0.0
2016-09-29,aventureiro,0.0
2016-09-30,aventureiro,1.79
2016-10-01,aventureiro,17.35
2016-10-02,aventureiro,0.0
2016-10-03,aventureiro,5.16
2016-10-04,aventureiro,29.71
2016-10-05,aventureiro,3.97
2016-10-06,aventureiro,49.13
2016-10-07,aventureiro,3.35
2016-10-08,aventureiro,0.2
2016-10-09,aventureiro,0.0
2016-10-10,aventureiro,0.2
2016-10-11,aventureiro,7.91
2016-10-12,aventureiro,14.96
2016-10-13,aventureiro,8.85
2016-10-14,aventureiro,0.0
2016-10-15,aventureiro,0.0
2016-10-16,aventureiro,1.9700000000000002
2016-10-17,aventureiro,1.58
2016-10-18,aventureiro,2.95
2016-10-19,aventureiro,26.37
2016-10-20,aventureiro,11.03
2016-10-21,aventureiro,0.0
2016-10-22,aventureiro,0.6000000000000001
2016-10-23,aventureiro,0.2
2016-10-24,aventureiro,0.8
2016-10-25,aventureiro,48.230000000000004
2016-10-26,aventureiro,10.870000000000001
2016-10-27,aventureiro,0.0
2016-10-28,aventureiro,0.0
2016-10-29,aventureiro,0.0
2016-10-30,aventureiro,0.0
2016-10-31,aventureiro,0.0
2016-11-01,aventureiro,0.0
2016-11-02,aventureiro,0.39
2016-11-03,aventureiro,0.2
2016-11-04,aventureiro,0.6000000000000001
2016-11-05,aventureiro,0.0
2016-11-06,aventureiro,0.0
2016-11-07,aventureiro,0.2
2016-11-08,aventureiro,0.0
2016-11-09,aventureiro,22.26
2016-11-10,aventureiro,0.0
2016-11-11,aventureiro,0.0
2016-11-12,aventureiro,1.58
2016-11-13,aventureiro,0.8
2016-11-14,aventureiro,0.79
2016-11-15,aventureiro,6.52
2016-11-16,aventureiro,15.76
2016-11-17,aventureiro,18.72
2016-11-18,aventureiro,0.0
2016-11-19,aventureiro,0.0
2016-11-20,aventureiro,0.0
2016-11-21,aventureiro,0.0
2016-11-22,aventureiro,0.8
2016-11-23,aventureiro,2.0
2016-11-24,aventureiro,0.0
2016-11-25,aventureiro,0.0
2016-11-26,aventureiro,1.0
2016-11-27,aventureiro,0.2
2016-11-28,aventureiro,29.95
2016-11-29,aventureiro,11.25
2016-11-30,aventureiro,0.0
2016-12-01,aventureiro,0.0
2016-12-02,aventureiro,2.38
2016-12-03,aventureiro,5.53
2016-12-04,aventureiro,0.0
2016-12-05,aventureiro,0.0
2016-12-06,aventureiro,0.0
2016-12-07,aventureiro,0.0
2016-12-08,aventureiro,9.66
2016-12-09,aventureiro,12.09
2016-12-10,aventureiro,4.2
2016-12-11,aventureiro,0.0
2016-12-12,aventureiro,0.59
2016-12-13,aventureiro,1.58
2016-12-14,aventureiro,0.6000000000000001
2016-12-15,aventureiro,0.2
2016-12-16,aventureiro,11.67
2016-12-17,aventureiro,14.59
2016-12-18,aventureiro,0.4
2016-12-19,aventureiro,0.0
2016-12-20,aventureiro,18.14
2016-12-21,aventureiro,5.13
2016-12-22,aventureiro,0.6000000000000001
2016-12-23,aventureiro,5.130000000000001
2016-12-24,aventureiro,0.0
2016-12-25,aventureiro,0.4
2016-12-26,aventureiro,0.0
2016-12-27,aventureiro,3.9400000000000004
2016-12-28,aventureiro,0.0
2016-12-29,aventureiro,0.6000000000000001
2016-12-30,aventureiro,0.4
2016-12-31,aventureiro,15.75
2017-01-01,aventureiro,4.71
2017-01-02,aventureiro,0.0
2017-01-03,aventureiro,0.0
2017-01-04,aventureiro,9.48
2017-01-05,aventureiro,22.89
2017-01-06,aventureiro,0.2
2017-01-07,aventureiro,0.0
2017-01-08,aventureiro,0.6000000000000001
2017-01-09,aventureiro,0.0
2017-01-10,aventureiro,0.99
2017-01-11,aventureiro,20.36
2017-01-12,aventureiro,0.98
2017-01-13,aventureiro,0.0
2017-01-14,aventureiro,0.0
2017-01-15,aventureiro,0.0
2017-01-16,aventureiro,33.65
2017-01-17,aventureiro,9.07
2017-01-18,aventureiro,52.370000000000005
2017-01-19,aventureiro,0.0
2017-01-20,aventureiro,0.0
2017-01-21,aventureiro,10.8
2017-01-22,aventureiro,53.370000000000005
2017-01-23,aventureiro,0.2
2017-01-24,aventureiro,1.18
2017-01-25,aventureiro,27.93
2017-01-26,aventureiro,45.65
2017-01-27,aventureiro,0.2
2017-01-28,aventureiro,15.83
2017-01-29,aventureiro,13.790000000000001
2017-01-30,aventureiro,46.26
2017-01-31,aventureiro,48.35
2017-02-01,aventureiro,9.65
2017-02-02,aventureiro,0.4
2017-02-03,aventureiro,3.35
2017-02-04,aventureiro,0.2
2017-02-05,aventureiro,4.92
2017-02-06,aventureiro,0.2
2017-02-07,aventureiro,2.17
2017-02-08,aventureiro,4.34
2017-02-09,aventureiro,0.4
2017-02-10,aventureiro,0.0
2017-02-11,aventureiro,35.03
2017-02-12,aventureiro,26.76
2017-02-13,aventureiro,2.4000000000000004
2017-02-14,aventureiro,0.2
2017-02-15,aventureiro,0.0
2017-02-16,aventureiro,0.0
2017-02-17,aventureiro,0.0
2017-02-18,aventureiro,0.0
2017-02-19,aventureiro,0.0
2017-02-20,aventureiro,0.0
2017-02-21,aventureiro,0.0
2017-02-22,aventureiro,0.0
2017-02-23,aventureiro,33.67
2017-02-24,aventureiro,0.0
2017-02-25,aventureiro,19.080000000000002
2017-02-26,aventureiro,12.530000000000001
2017-02-27,aventureiro,3.0
2017-02-28,aventureiro,1.0
2017-03-01,aventureiro,1.82
2017-03-02,aventureiro,1.4000000000000001
2017-03-03,aventureiro,1.4000000000000001
2017-03-04,aventureiro,1.2000000000000002
2017-03-05,aventureiro,1.2000000000000002
2017-03-06,aventureiro,1.2000000000000002
2017-03-07,aventureiro,0.8
2017-03-08,aventureiro,0.8
2017-03-09,aventureiro,0.8
2017-03-10,aventureiro,1.0
2017-03-11,aventureiro,0.6000000000000001
2017-03-12,aventureiro,0.6000000000000001
2017-03-13,aventureiro,0.2
2017-03-14,aventureiro,0.4
2017-03-15,aventureiro,0.2
2017-03-16,aventureiro,0.4
2017-03-17,aventureiro,0.4
2017-03-18,aventureiro,0.2
2017-03-19,aventureiro,0.4
2017-03-20,aventureiro,0.4
2017-03-21,aventureiro,0.4
2017-03-22,aventureiro,0.6000000000000001
2017-03-23,aventureiro,0.4
2017-03-24,aventureiro,1.8
2017-03-25,aventureiro,1.2000000000000002
2017-03-26,aventureiro,2.0
2017-03-27,aventureiro,1.2000000000000002
2017-03-28,aventureiro,9.600000000000001
2017-03-29,aventureiro,13.0
2017-03-30,aventureiro,5.2
2017-03-31,aventureiro,1.6
2017-04-01,aventureiro,1.8
2017-04-02,aventureiro,1.4000000000000001
2017-04-03,aventureiro,1.2000000000000002
2017-04-04,aventureiro,1.2000000000000002
2017-04-05,aventureiro,0.6000000000000001
2017-04-06,aventureiro,0.8
2017-04-07,aventureiro,0.6000000000000001
2017-04-08,aventureiro,0.8
2017-04-09,aventureiro,13.200000000000001
2017-04-10,aventureiro,3.4000000000000004
2017-04-11,aventureiro,0.99
2017-04-12,aventureiro,0.6000000000000001
2017-04-13,aventureiro,5.4
2017-04-14,aventureiro,0.8
2017-04-15,aventureiro,0.6000000000000001
2017-04-16,aventureiro,1.2000000000000002
2017-04-17,aventureiro,1.2000000000000002
2017-04-18,aventureiro,0.8
2017-04-19,aventureiro,0.6000000000000001
2017-04-20,aventureiro,0.6000000000000001
2017-04-21,aventureiro,0.4
2017-04-22,aventureiro,0.4
2017-04-23,aventureiro,0.6000000000000001
2017-04-24,aventureiro,0.4
2017-04-25,aventureiro,0.2
2017-04-26,aventureiro,0.4
2017-04-27,aventureiro,0.2
2017-04-28,aventureiro,0.2
2017-04-29,aventureiro,0.0
2017-04-30,aventureiro,0.2
2017-05-01,aventureiro,0.2
2017-05-02,aventureiro,0.2
2017-05-03,aventureiro,0.2
2017-05-04,aventureiro,0.2
2017-05-05,aventureiro,0.2
2017-05-06,aventureiro,0.2
2017-05-07,aventureiro,0.2
2017-05-08,aventureiro,0.2
2017-05-09,aventureiro,0.6000000000000001
2017-05-10,aventureiro,0.0
2017-05-11,aventureiro,0.2
2017-05-12,aventureiro,0.2
2017-05-13,aventureiro,0.0
2017-05-14,aventureiro,0.2
2017-05-15,aventureiro,0.0
2017-05-16,aventureiro,0.0
2017-05-17,aventureiro,0.2
2017-05-18,aventureiro,0.2
2017-05-19,aventureiro,2.4000000000000004
2017-05-20,aventureiro,17.990000000000002
2017-05-21,aventureiro,6.800000000000001
2017-05-22,aventureiro,2.6
2017-05-23,aventureiro,1.0
2017-05-24,aventureiro,1.4000000000000001
2017-05-25,aventureiro,0.6000000000000001
2017-05-26,aventureiro,0.4
2017-05-27,aventureiro,3.4000000000000004
2017-05-28,aventureiro,4.6000000000000005
2017-05-29,aventureiro,15.200000000000001
2017-05-30,aventureiro,4.6000000000000005
2017-05-31,aventureiro,9.34
2017-06-01,aventureiro,35.760000000000005
2017-06-02,aventureiro,31.470000000000002
2017-06-03,aventureiro,2.8000000000000003
2017-06-04,aventureiro,0.8
2017-06-05,aventureiro,11.98
2017-06-06,aventureiro,1.2000000000000002
2017-06-07,aventureiro,1.2000000000000002
2017-06-08,aventureiro,1.0
2017-06-09,aventureiro,0.4
2017-06-10,aventureiro,0.2
2017-06-11,aventureiro,0.2
2017-06-12,aventureiro,0.6000000000000001
2017-06-13,aventureiro,0.2
2017-06-14,aventureiro,0.2
2017-06-15,aventureiro,0.2
2017-06-16,aventureiro,0.2
2017-06-17,aventureiro,0.2
2017-06-18,aventureiro,0.0
2017-06-19,aventureiro,0.2
2017-06-20,aventureiro,0.2
2017-06-21,aventureiro,0.0
2017-06-22,aventureiro,0.2
2017-06-23,aventureiro,0.2
2017-06-24,aventureiro,0.2
2017-06-25,aventureiro,0.2
2017-06-26,aventureiro,0.2
2017-06-27,aventureiro,0.0
2017-06-28,aventureiro,0.2
2017-06-29,aventureiro,0.2
2017-06-30,aventureiro,0.0
2017-07-01,aventureiro,0.2
2017-07-02,aventureiro,0.0
2017-07-03,aventureiro,0.2
2017-07-04,aventureiro,0.0
2017-07-05,aventureiro,0.2
2017-07-06,aventureiro,0.0
2017-07-07,aventureiro,0.2
2017-07-08,aventureiro,0.2
2017-07-09,aventureiro,0.0
2017-07-10,aventureiro,0.2
2017-07-11,aventureiro,0.2
2017-07-12,aventureiro,0.0
2017-07-13,aventureiro,0.0
2017-07-14,aventureiro,0.2
2017-07-15,aventureiro,0.0
2017-07-16,aventureiro,0.2
2017-07-17,aventureiro,0.0
2017-07-18,aventureiro,0.0
2017-07-19,aventureiro,0.0
2017-07-20,aventureiro,0.2
2017-07-21,aventureiro,0.0
2017-07-22,aventureiro,0.2
2017-07-23,aventureiro,0.0
2017-07-24,aventureiro,0.0
2017-07-25,aventureiro,0.2
2017-07-26,aventureiro,0.0
2017-07-27,aventureiro,0.0
2017-07-28,aventureiro,0.0
2017-07-29,aventureiro,0.0
2017-07-30,aventureiro,0.0
2017-07-31,aventureiro,0.0
2017-08-01,aventureiro,0.0
2017-08-02,aventureiro,8.66
2017-08-03,aventureiro,7.91
2017-08-04,aventureiro,0.0
2017-08-05,aventureiro,0.0
2017-08-06,aventureiro,0.0
2017-08-07,aventureiro,0.0
2017-08-08,aventureiro,0.99
2017-08-09,aventureiro,0.2
2017-08-10,aventureiro,0.0
2017-08-11,aventureiro,2.38
2017-08-12,aventureiro,0.6000000000000001
2017-08-13,aventureiro,7.73
2017-08-14,aventureiro,0.2
2017-08-15,aventureiro,3.58
2017-08-16,aventureiro,0.0
2017-08-17,aventureiro,0.0
2017-08-18,aventureiro,0.0
2017-08-19,aventureiro,2.19
2017-08-20,aventureiro,16.11
2017-08-21,aventureiro,3.0
2017-08-22,aventureiro,2.6
2017-08-23,aventureiro,2.0
2017-08-24,aventureiro,0.2
2017-08-25,aventureiro,0.4
2017-08-26,aventureiro,0.0
2017-08-27,aventureiro,0.2
2017-08-28,aventureiro,0.0
2017-08-29,aventureiro,0.0
2017-08-30,aventureiro,0.0
2017-08-31,aventureiro,0.99
2017-09-01,aventureiro,0.2
2017-09-02,aventureiro,0.0
2017-09-03,aventureiro,0.0
2017-09-04,aventureiro,0.0
2017-09-05,aventureiro,0.0
2017-09-06,aventureiro,0.0
2017-09-07,aventureiro,0.0
2017-09-08,aventureiro,0.0
2017-09-09,aventureiro,0.0
2017-09-10,aventureiro,0.0
2017-09-11,aventureiro,0.0
2017-09-12,aventureiro,0.0
2017-09-13,aventureiro,0.0
2017-09-14,aventureiro,0.0
2017-09-15,aventureiro,0.0
2017-09-16,aventureiro,0.0
2017-09-17,aventureiro,1.6
2017-09-18,aventureiro,3.16
2017-09-19,aventureiro,0.0
2017-09-20,aventureiro,0.0
2017-09-21,aventureiro,0.0
2017-09-22,aventureiro,0.0
2017-09-23,aventureiro,0.0
2017-09-24,aventureiro,6.12
2017-09-25,aventureiro,3.56
2017-09-26,aventureiro,0.0
2017-09-27,aventureiro,0.0
2017-09-28,aventureiro,9.48
2017-09-29,aventureiro,62.94
2017-09-30,aventureiro,83.44
2017-10-01,aventureiro,0.6000000000000001
2017-10-02,aventureiro,1.98
2017-10-03,aventureiro,0.0
2017-10-04,aventureiro,0.0
2017-10-05,aventureiro,0.0
2017-10-06,aventureiro,40.370000000000005
2017-10-07,aventureiro,52.33
2017-10-08,aventureiro,42.9
2017-10-09,aventureiro,0.8
2017-10-10,aventureiro,0.8
2017-10-11,aventureiro,0.0
2017-10-12,aventureiro,0.4
2017-10-13,aventureiro,22.64
2017-10-14,aventureiro,3.18
2017-10-15,aventureiro,12.450000000000001
2017-10-16,aventureiro,0.0
2017-10-17,aventureiro,0.0
2017-10-18,aventureiro,0.0
2017-10-19,aventureiro,6.1000000000000005
2017-10-20,aventureiro,0.0
2017-10-21,aventureiro,8.07
2017-10-22,aventureiro,1.58
2017-10-23,aventureiro,0.0
2017-10-24,aventureiro,0.0
2017-10-25,aventureiro,14.18
2017-10-26,aventureiro,0.0
2017-10-27,aventureiro,2.02
2017-10-28,aventureiro,0.0
2017-10-29,aventureiro,1.79
2017-10-30,aventureiro,3.7600000000000002
2017-10-31,aventureiro,0.0
2017-11-01,aventureiro,0.0
2017-11-02,aventureiro,0.0
2017-11-03,aventureiro,0.4
2017-11-04,aventureiro,7.88
2017-11-05,aventureiro,2.5700000000000003
2017-11-06,aventureiro,0.99
2017-11-07,aventureiro,1.3900000000000001
2017-11-08,aventureiro,7.29
2017-11-09,aventureiro,1.59
2017-11-10,aventureiro,38.35
2017-11-11,aventureiro,0.2
2017-11-12,aventureiro,0.0
2017-11-13,aventureiro,0.0
2017-11-14,aventureiro,0.0
2017-11-15,aventureiro,0.0
2017-11-16,aventureiro,4.94
2017-11-17,aventureiro,6.3100000000000005
2017-11-18,aventureiro,43.06
2017-11-19,aventureiro,1.98
2017-11-20,aventureiro,2.98
2017-11-21,aventureiro,4.93
2017-11-22,aventureiro,0.8
2017-11-23,aventureiro,0.0
2017-11-24,aventureiro,0.0
2017-11-25,aventureiro,6.7
2017-11-26,aventureiro,0.2
2017-11-27,aventureiro,0.0
2017-11-28,aventureiro,0.0
2017-11-29,aventureiro,0.0
2017-11-30,aventureiro,0.0
2017-12-01,aventureiro,7.5
2017-12-02,aventureiro,0.4
2017-12-03,aventureiro,3.3600000000000003
2017-12-04,aventureiro,1.98
2017-12-05,aventureiro,0.0
2017-12-06,aventureiro,0.4
2017-12-07,aventureiro,0.4
2017-12-08,aventureiro,0.0
2017-12-09,aventureiro,0.0
2017-12-10,aventureiro,0.0
2017-12-11,aventureiro,0.0
2017-12-12,aventureiro,0.0
2017-12-13,aventureiro,0.0
2017-12-14,aventureiro,0.0
2017-12-15,aventureiro,0.0
2017-12-16,aventureiro,0.0
2017-12-17,aventureiro,25.55
2017-12-18,aventureiro,4.57
2017-12-19,aventureiro,13.25
2017-12-20,aventureiro,14.2
2017-12-21,aventureiro,27.5
2017-12-22,aventureiro,0.0
2017-12-23,aventureiro,6.3500000000000005
2017-12-24,aventureiro,79.68
2017-12-25,aventureiro,8.290000000000001
2017-12-26,aventureiro,0.2
2017-12-27,aventureiro,2.16
2017-12-28,aventureiro,6.29
2017-12-29,aventureiro,39.97
2017-12-30,aventureiro,1.6
2017-12-31,aventureiro,0.2
2018-01-01,aventureiro,7.91
2018-01-02,aventureiro,0.2
2018-01-03,aventureiro,6.31
2018-01-04,aventureiro,0.0
2018-01-05,aventureiro,0.0
2018-01-06,aventureiro,0.0
2018-01-07,aventureiro,1.78
2018-01-08,aventureiro,0.2
2018-01-09,aventureiro,18.16
2018-01-10,aventureiro,14.040000000000001
2018-01-11,aventureiro,22.43
2018-01-12,aventureiro,9.07
2018-01-13,aventureiro,21.44
2018-01-14,aventureiro,14.37
2018-01-15,aventureiro,7.68
2018-01-16,aventureiro,87.87
2018-01-17,aventureiro,31.97
2018-01-18,aventureiro,5.94
2018-01-19,aventureiro,6.4
2018-01-20,aventureiro,4.2
2018-01-21,aventureiro,3.6
2018-01-22,aventureiro,2.8000000000000003
2018-01-23,aventureiro,3.39
2018-01-24,aventureiro,3.0
2018-01-25,aventureiro,1.4000000000000001
2018-01-26,aventureiro,1.2000000000000002
2018-01-27,aventureiro,1.8
2018-01-28,aventureiro,2.4000000000000004
2018-01-29,aventureiro,1.4000000000000001
2018-01-30,aventureiro,1.4000000000000001
2018-01-31,aventureiro,9.459999999999999
2018-02-01,aventureiro,1.38
2018-02-02,aventureiro,0.0
2018-02-03,aventureiro,0.2
2018-02-04,aventureiro,0.0
2018-02-05,aventureiro,3.17
2018-02-06,aventureiro,0.0
2018-02-07,aventureiro,0.0
2018-02-08,aventureiro,0.0
2018-02-09,aventureiro,0.6000000000000001
2018-02-10,aventureiro,14.85
2018-02-11,aventureiro,15.77
2018-02-12,aventureiro,14.99
2018-02-13,aventureiro,5.550000000000001
2018-02-14,aventureiro,0.0
2018-02-15,aventureiro,11.040000000000001
2018-02-16,aventureiro,0.4
2018-02-17,aventureiro,0.2
2018-02-18,aventureiro,0.0
2018-02-19,aventureiro,5.91
2018-02-20,aventureiro,0.2
2018-02-21,aventureiro,4.33
2018-02-22,aventureiro,9.85
2018-02-23,aventureiro,0.79
2018-02-24,aventureiro,0.98
2018-02-25,aventureiro,0.5900000000000001
2018-02-26,aventureiro,0.0
2018-02-27,aventureiro,18.32
2018-02-28,aventureiro,9.84
2018-03-01,aventureiro,0.78
2018-03-02,aventureiro,12.82
2018-03-03,aventureiro,0.8
2018-03-04,aventureiro,5.140000000000001
2018-03-05,aventureiro,11.46
2018-03-06,aventureiro,23.65
2018-03-07,aventureiro,0.8
2018-03-08,aventureiro,0.0
2018-03-09,aventureiro,0.0
2018-03-10,aventureiro,0.0
2018-03-11,aventureiro,0.0
2018-03-12,aventureiro,0.0
2018-03-13,aventureiro,0.0
2018-03-14,aventureiro,23.220000000000002
2018-03-15,aventureiro,6.74
2018-03-16,aventureiro,1.4000000000000001
2018-03-17,aventureiro,0.6000000000000001
2018-03-18,aventureiro,0.0
2018-03-19,aventureiro,3.35
2018-03-20,aventureiro,13.97
2018-03-21,aventureiro,1.4000000000000001
2018-03-22,aventureiro,0.0
2018-03-23,aventureiro,0.2
2018-03-24,aventureiro,0.2
2018-03-25,aventureiro,7.86
2018-03-26,aventureiro,27.04
2018-03-27,aventureiro,1.4000000000000001
2018-03-28,aventureiro,0.6000000000000001
2018-03-29,aventureiro,28.54
2018-03-30,aventureiro,28.75
2018-03-31,aventureiro,4.54
2018-04-01,aventureiro,0.0
2018-04-02,aventureiro,0.0
2018-04-03,aventureiro,6.09
2018-04-04,aventureiro,22.42
2018-04-05,aventureiro,7.1
2018-04-06,aventureiro,0.0
2018-04-07,aventureiro,0.0
2018-04-08,aventureiro,0.0
2018-04-09,aventureiro,0.0
2018-04-10,aventureiro,0.0
2018-04-11,aventureiro,0.0
2018-04-12,aventureiro,0.0
2018-04-13,aventureiro,0.98
2018-04-14,aventureiro,3.38
2018-04-15,aventureiro,8.870000000000001
2018-04-16,aventureiro,11.01
2018-04-17,aventureiro,9.459999999999999
2018-04-18,aventureiro,0.99
2018-04-19,aventureiro,0.0
2018-04-20,aventureiro,0.0
2018-04-21,aventureiro,0.0
2018-04-22,aventureiro,0.0
2018-04-23,aventureiro,0.0
2018-04-24,aventureiro,0.0
2018-04-25,aventureiro,0.0
2018-04-26,aventureiro,0.0
2018-04-27,aventureiro,0.0
2018-04-28,aventureiro,0.0
2018-04-29,aventureiro,0.0
2018-04-30,aventureiro,0.0
2018-05-01,aventureiro,0.6000000000000001
2018-05-02,aventureiro,121.29
2018-05-03,aventureiro,0.0
2018-05-04,aventureiro,0.0
2018-05-05,aventureiro,0.0
2018-05-06,aventureiro,5.13
2018-05-07,aventureiro,25.6
2018-05-08,aventureiro,8.16
2018-05-09,aventureiro,0.0
2018-05-10,aventureiro,0.0
2018-05-11,aventureiro,0.0
2018-05-12,aventureiro,0.0
2018-05-13,aventureiro,0.0
2018-05-14,aventureiro,0.0
2018-05-15,aventureiro,0.79
2018-05-16,aventureiro,0.0
2018-05-17,aventureiro,0.0
2018-05-18,aventureiro,1.5799999999999998
2018-05-19,aventureiro,0.99
2018-05-20,aventureiro,0.0
2018-05-21,aventureiro,0.0
2018-05-22,aventureiro,0.0
2018-05-23,aventureiro,0.0
2018-05-24,aventureiro,0.0
2018-05-25,aventureiro,0.0
2018-05-26,aventureiro,0.2
2018-05-27,aventureiro,0.0
2018-05-28,aventureiro,0.39
2018-05-29,aventureiro,1.78
2018-05-30,aventureiro,0.0
2018-05-31,aventureiro,0.0
2018-06-01,aventureiro,0.0
2018-06-02,aventureiro,9.540000000000001
2018-06-03,aventureiro,1.8
2018-06-04,aventureiro,2.19
2018-06-05,aventureiro,4.55
2018-06-06,aventureiro,0.0
2018-06-07,aventureiro,7.29
2018-06-08,aventureiro,0.0
2018-06-09,aventureiro,0.0
2018-06-10,aventureiro,0.0
2018-06-11,aventureiro,0.0
2018-06-12,aventureiro,2.56
2018-06-13,aventureiro,0.0
2018-06-14,aventureiro,9.700000000000001
2018-06-15,aventureiro,8.17
2018-06-16,aventureiro,3.17
2018-06-17,aventureiro,0.2
2018-06-18,aventureiro,2.0
2018-06-19,aventureiro,1.8
2018-06-20,aventureiro,0.2
2018-06-21,aventureiro,0.0
2018-06-22,aventureiro,0.0
2018-06-23,aventureiro,0.0
2018-06-24,aventureiro,1.4000000000000001
2018-06-25,aventureiro,0.0
2018-06-26,aventureiro,24.17
2018-06-27,aventureiro,11.2
2018-06-28,aventureiro,0.0
2018-06-29,aventureiro,0.0
2018-06-30,aventureiro,0.0
2018-07-01,aventureiro,0.0
2018-07-02,aventureiro,0.0
2018-07-03,aventureiro,1.3900000000000001
2018-07-04,aventureiro,2.2
2018-07-05,aventureiro,0.0
2018-07-06,aventureiro,0.2
2018-07-07,aventureiro,0.2
2018-07-08,aventureiro,2.2
2018-07-09,aventureiro,0.4
2018-07-10,aventureiro,0.0
2018-07-11,aventureiro,0.0
2018-07-12,aventureiro,0.0
2018-07-13,aventureiro,0.0
2018-07-14,aventureiro,0.0
2018-07-15,aventureiro,0.0
2018-07-16,aventureiro,0.0
2018-07-17,aventureiro,0.0
2018-07-18,aventureiro,0.0
2018-07-19,aventureiro,0.0
2018-07-20,aventureiro,0.0
2018-07-21,aventureiro,0.4
2018-07-22,aventureiro,0.4
2018-07-23,aventureiro,0.0
2018-07-24,aventureiro,7.55
2018-07-25,aventureiro,18.1
2018-07-26,aventureiro,0.0
2018-07-27,aventureiro,0.0
2018-07-28,aventureiro,0.0
2018-07-29,aventureiro,9.07
2018-07-30,aventureiro,1.8
2018-07-31,aventureiro,0.4
2018-08-01,aventureiro,0.0
2018-08-02,aventureiro,14.65
2018-08-03,aventureiro,4.57
2018-08-04,aventureiro,0.0
2018-08-05,aventureiro,0.0
2018-08-06,aventureiro,0.0
2018-08-07,aventureiro,0.0
2018-08-08,aventureiro,1.19
2018-08-09,aventureiro,0.0
2018-08-10,aventureiro,0.0
2018-08-11,aventureiro,0.0
2018-08-12,aventureiro,0.0
2018-08-13,aventureiro,0.0
2018-08-14,aventureiro,0.0
2018-08-15,aventureiro,0.0
2018-08-16,aventureiro,0.0
2018-08-17,aventureiro,0.0
2018-08-18,aventureiro,0.0
2018-08-19,aventureiro,0.0
2018-08-20,aventureiro,0.0
2018-08-21,aventureiro,5.7700000000000005
2018-08-22,aventureiro,8.3
2018-08-23,aventureiro,0.0
2018-08-24,aventureiro,20.71
2018-08-25,aventureiro,0.2
2018-08-26,aventureiro,0.0
2018-08-27,aventureiro,0.0
2018-08-28,aventureiro,0.0
2018-08-29,aventureiro,0.0
2018-08-30,aventureiro,0.0
2018-08-31,aventureiro,0.0
2018-09-01,aventureiro,0.2
2018-09-02,aventureiro,4.55
2018-09-03,aventureiro,0.0
2018-09-04,aventureiro,0.0
2018-09-05,aventureiro,0.0
2018-09-06,aventureiro,0.0
2018-09-07,aventureiro,0.0
2018-09-08,aventureiro,0.0
2018-09-09,aventureiro,0.0
2018-09-10,aventureiro,0.0
2018-09-11,aventureiro,0.0
2018-09-12,aventureiro,0.0
2018-09-13,aventureiro,0.0
2018-09-14,aventureiro,0.0
2018-09-15,aventureiro,0.0
2018-09-16,aventureiro,0.0
2018-09-17,aventureiro,0.0
2018-09-18,aventureiro,0.0
2018-09-19,aventureiro,0.0
2018-09-20,aventureiro,0.0
2018-09-21,aventureiro,0.0
2018-09-22,aventureiro,0.0
2018-09-23,aventureiro,0.0
2018-09-24,aventureiro,0.0
2018-09-25,aventureiro,0.0
2018-09-26,aventureiro,0.0
2018-09-27,aventureiro,0.0
2018-09-28,aventureiro,0.0
2018-09-29,aventureiro,0.0
2018-09-30,aventureiro,0.0
2018-10-01,aventureiro,0.0
2018-10-02,aventureiro,0.0
2018-10-03,aventureiro,0.0
2018-10-04,aventureiro,0.0
2018-10-05,aventureiro,0.0
2018-10-06,aventureiro,0.0
2018-10-07,aventureiro,0.0
2018-10-08,aventureiro,0.0
2018-10-09,aventureiro,0.0
2018-10-10,aventureiro,0.0
2018-10-11,aventureiro,0.0
2018-10-12,aventureiro,0.0
2018-10-13,aventureiro,0.0
2018-10-14,aventureiro,0.0
2018-10-15,aventureiro,0.0
2018-10-16,aventureiro,0.0
2018-10-17,aventureiro,0.0
2018-10-18,aventureiro,0.0
2018-10-19,aventureiro,0.0
2018-10-20,aventureiro,0.0
2018-10-21,aventureiro,0.0
2018-10-22,aventureiro,0.0
2018-10-23,aventureiro,0.0
2018-10-24,aventureiro,0.0
2018-10-25,aventureiro,0.0
2018-10-26,aventureiro,0.0
2018-10-27,aventureiro,0.0
2018-10-28,aventureiro,0.0
2018-10-29,aventureiro,0.0
2018-10-30,aventureiro,0.0
2018-10-31,aventureiro,0.0
2018-11-01,aventureiro,0.0
2018-11-02,aventureiro,0.0
2018-11-03,aventureiro,0.0
2018-11-04,aventureiro,0.0
2018-11-05,aventureiro,0.0
2018-11-06,aventureiro,0.0
2018-11-07,aventureiro,0.0
2018-11-08,aventureiro,0.0
2018-11-09,aventureiro,0.0
2018-11-10,aventureiro,0.0
2018-11-11,aventureiro,0.0
2018-11-12,aventureiro,0.0
2018-11-13,aventureiro,0.0
2018-11-14,aventureiro,0.0
2018-11-15,aventureiro,0.0
2018-11-16,aventureiro,0.0
2018-11-17,aventureiro,0.0
2018-11-18,aventureiro,0.0
2018-11-19,aventureiro,0.0
2018-11-20,aventureiro,0.0
2018-11-21,aventureiro,0.0
2018-11-22,aventureiro,0.0
2018-11-23,aventureiro,0.0
2018-11-24,aventureiro,0.0
2018-11-25,aventureiro,0.0
2018-11-26,aventureiro,0.0
2018-11-27,aventureiro,0.0
2018-11-28,aventureiro,0.0
2018-11-29,aventureiro,0.0
2018-11-30,aventureiro,0.0
2018-12-01,aventureiro,0.0
2018-12-02,aventureiro,0.0
2018-12-03,aventureiro,0.0
2018-12-04,aventureiro,0.0
2018-12-05,aventureiro,0.0
2018-12-06,aventureiro,0.0
2018-12-07,aventureiro,0.0
2018-12-08,aventureiro,0.0
2018-12-09,aventureiro,0.0
2018-12-10,aventureiro,0.0
2018-12-11,aventureiro,0.0
2018-12-12,aventureiro,0.0
2018-12-13,aventureiro,0.0
2018-12-14,aventureiro,0.0
2018-12-15,aventureiro,0.0
2018-12-16,aventureiro,0.0
2018-12-17,aventureiro,0.0
2018-12-18,aventureiro,0.0
2018-12-19,aventureiro,0.0
2018-12-20,aventureiro,0.0
2018-12-21,aventureiro,0.0
2018-12-22,aventureiro,0.0
2018-12-23,aventureiro,0.0
2018-12-24,aventureiro,0.0
2018-12-25,aventureiro,0.0
2018-12-26,aventureiro,0.0
2018-12-27,aventureiro,0.0
2018-12-28,aventureiro,0.0
2018-12-29,aventureiro,0.0
2018-12-30,aventureiro,0.0
2018-12-31,aventureiro,0.0
2019-01-01,aventureiro,0.0
2019-01-02,aventureiro,0.0
2019-01-03,aventureiro,0.0
2019-01-04,aventureiro,0.0
2019-01-05,aventureiro,0.0
2019-01-06,aventureiro,0.0
2019-01-07,aventureiro,0.0
2019-01-08,aventureiro,0.0
2019-01-09,aventureiro,0.0
2019-01-10,aventureiro,0.0
2019-01-11,aventureiro,0.0
2019-01-12,aventureiro,0.0
2019-01-13,aventureiro,0.0
2019-01-14,aventureiro,0.0
2019-01-15,aventureiro,0.0
2019-01-16,aventureiro,0.0
2019-01-17,aventureiro,0.0
2019-01-18,aventureiro,0.0
2019-01-19,aventureiro,0.0
2019-01-20,aventureiro,0.0
2019-01-21,aventureiro,0.0
2019-01-22,aventureiro,0.0
2019-01-23,aventureiro,0.0
2019-01-24,aventureiro,0.0
2019-01-25,aventureiro,0.0
2019-01-26,aventureiro,0.0
2019-01-27,aventureiro,0.0
2019-01-28,aventureiro,0.0
2019-01-29,aventureiro,0.0
2019-01-30,aventureiro,0.0
2019-01-31,aventureiro,0.0
2019-02-01,aventureiro,0.0
2019-02-02,aventureiro,0.0
2019-02-03,aventureiro,0.0
2019-02-04,aventureiro,0.0
2019-02-05,aventureiro,0.0
2019-02-06,aventureiro,0.0
2019-02-07,aventureiro,0.0
2019-02-08,aventureiro,0.0
2019-02-09,aventureiro,0.0
2019-02-10,aventureiro,0.0
2019-02-11,aventureiro,0.0
2019-02-12,aventureiro,0.0
2019-02-13,aventureiro,0.0
2019-02-14,aventureiro,0.0
2019-02-15,aventureiro,0.0
2019-02-16,aventureiro,0.0
2019-02-17,aventureiro,0.0
2019-02-18,aventureiro,0.0
2019-02-19,aventureiro,0.0
2019-02-20,aventureiro,0.0
2019-02-21,aventureiro,0.0
2019-02-22,aventureiro,0.0
2019-02-23,aventureiro,0.0
2019-02-24,aventureiro,0.0
2019-02-25,aventureiro,0.0
2019-02-26,aventureiro,0.0
2019-02-27,aventureiro,0.0
2019-02-28,aventureiro,0.0
2019-03-01,aventureiro,0.0
2019-03-02,aventureiro,0.0
2019-03-03,aventureiro,0.0
2019-03-04,aventureiro,0.0
2019-03-05,aventureiro,0.0
2019-03-06,aventureiro,0.0
2019-03-07,aventureiro,0.0
2019-03-08,aventureiro,0.0
2019-03-09,aventureiro,0.0
2019-03-10,aventureiro,0.0
2019-03-11,aventureiro,0.0
2019-03-12,aventureiro,0.0
2019-03-13,aventureiro,0.0
2019-03-14,aventureiro,0.0
2019-03-15,aventureiro,0.0
2019-03-16,aventureiro,0.0
2019-03-17,aventureiro,0.0
2019-03-18,aventureiro,0.0
2019-03-19,aventureiro,0.0
2019-03-20,aventureiro,0.0
2019-03-21,aventureiro,0.0
2019-03-22,aventureiro,0.0
2019-03-23,aventureiro,0.0
2019-03-24,aventureiro,0.0
2019-03-25,aventureiro,0.0
2019-03-26,aventureiro,0.0
2019-03-27,aventureiro,0.0
2019-03-28,aventureiro,0.0
2019-03-29,aventureiro,0.0
2019-03-30,aventureiro,0.0
2019-03-31,aventureiro,0.0
2019-04-01,aventureiro,0.0
2019-04-02,aventureiro,0.0
2019-04-03,aventureiro,0.0
2019-04-04,aventureiro,0.0
2019-04-05,aventureiro,0.0
2019-04-06,aventureiro,0.0
2019-04-07,aventureiro,0.0
2019-04-08,aventureiro,0.0
2019-04-09,aventureiro,0.0
2019-04-10,aventureiro,0.0
2019-04-11,aventureiro,0.0
2019-04-12,aventureiro,0.0
2019-04-13,aventureiro,0.0
2019-04-14,aventureiro,0.0
2019-04-15,aventureiro,0.0
2019-04-16,aventureiro,0.0
2019-04-17,aventureiro,0.0
2019-04-18,aventureiro,0.0
2019-04-19,aventureiro,0.0
2019-04-20,aventureiro,0.0
2019-04-21,aventureiro,0.0
2019-04-22,aventureiro,0.0
2019-04-23,aventureiro,0.0
2019-04-24,aventureiro,0.0
2019-04-25,aventureiro,0.0
2019-04-26,aventureiro,0.0
2019-04-27,aventureiro,0.0
2019-04-28,aventureiro,0.0
2019-04-29,aventureiro,0.0
2019-04-30,aventureiro,0.0
2019-05-01,aventureiro,0.0
2019-05-02,aventureiro,0.0
2019-05-03,aventureiro,0.0
2019-05-04,aventureiro,0.0
2019-05-05,aventureiro,0.0
2019-05-06,aventureiro,0.0
2019-05-07,aventureiro,0.0
2019-05-08,aventureiro,0.0
2019-05-09,aventureiro,0.0
2019-05-10,aventureiro,0.0
2019-05-11,aventureiro,0.0
2019-05-12,aventureiro,0.0
2019-05-13,aventureiro,0.0
2019-05-14,aventureiro,0.0
2019-05-15,aventureiro,0.0
2019-05-16,aventureiro,0.0
2019-05-17,aventureiro,0.0
2019-05-18,aventureiro,0.0
2019-05-19,aventureiro,0.0
2019-05-20,aventureiro,0.0
2019-05-21,aventureiro,0.0
2019-05-22,aventureiro,0.0
2019-05-23,aventureiro,0.0
2019-05-24,aventureiro,0.0
2019-05-25,aventureiro,0.0
2019-05-26,aventureiro,0.0
2019-05-27,aventureiro,0.0
2019-05-28,aventureiro,0.0
2019-05-29,aventureiro,0.0
2019-05-30,aventureiro,0.0
2019-05-31,aventureiro,0.0
2019-06-01,aventureiro,0.0
2019-06-02,aventureiro,0.0
2019-06-03,aventureiro,0.0
2019-06-04,aventureiro,0.0
2019-06-05,aventureiro,0.0
2019-06-06,aventureiro,0.0
2019-06-07,aventureiro,0.0
2019-06-08,aventureiro,0.0
2019-06-09,aventureiro,0.0
2019-06-10,aventureiro,0.0
2019-06-11,aventureiro,0.0
2019-06-12,aventureiro,0.0
2019-06-13,aventureiro,0.0
2019-06-14,aventureiro,0.0
2019-06-15,aventureiro,0.0
2019-06-16,aventureiro,0.0
2019-06-17,aventureiro,0.0
2019-06-18,aventureiro,0.0
2019-06-19,aventureiro,0.0
2019-06-20,aventureiro,0.0
2019-06-21,aventureiro,0.0
2019-06-22,aventureiro,0.0
2019-06-23,aventureiro,0.0
2019-06-24,aventureiro,0.0
2019-06-25,aventureiro,0.0
2019-06-26,aventureiro,0.0
2019-06-27,aventureiro,0.0
2019-06-28,aventureiro,0.0
2019-06-29,aventureiro,0.0
2019-06-30,aventureiro,0.0
2019-07-01,aventureiro,0.0
2019-07-02,aventureiro,0.0
2019-07-03,aventureiro,0.0
2019-07-04,aventureiro,0.0
2019-07-05,aventureiro,0.0
2019-07-06,aventureiro,0.0
2019-07-07,aventureiro,0.0
2019-07-08,aventureiro,0.0
2019-07-09,aventureiro,0.0
2019-07-10,aventureiro,0.0
2019-07-11,aventureiro,0.0
2019-07-12,aventureiro,0.0
2019-07-13,aventureiro,0.0
2019-07-14,aventureiro,0.0
2019-07-15,aventureiro,0.0
2019-07-16,aventureiro,0.0
2019-07-18,aventureiro,0.0
2019-07-19,aventureiro,0.0
2019-07-20,aventureiro,0.0
2019-07-22,aventureiro,12.190000000000001
2019-07-23,aventureiro,0.0
2019-07-24,aventureiro,0.0
2019-07-25,aventureiro,0.0
2019-07-26,aventureiro,0.0
2019-07-27,aventureiro,14.22
2019-07-28,aventureiro,0.2
2019-07-29,aventureiro,0.0
2019-07-30,aventureiro,0.0
2019-07-31,aventureiro,0.0
2019-08-01,aventureiro,0.0
2019-08-02,aventureiro,3.75
2019-08-03,aventureiro,0.0
2019-08-04,aventureiro,0.0
2019-08-05,aventureiro,0.2
2019-08-06,aventureiro,0.2
2019-08-07,aventureiro,0.0
2019-08-08,aventureiro,0.0
2019-08-09,aventureiro,0.0
2019-08-10,aventureiro,0.6000000000000001
2019-08-11,aventureiro,0.0
2019-08-12,aventureiro,0.0
2019-08-13,aventureiro,2.57
2019-08-14,aventureiro,0.6000000000000001
2019-08-15,aventureiro,0.6000000000000001
2019-08-16,aventureiro,0.0
2019-08-17,aventureiro,0.0
2019-08-18,aventureiro,2.59
2019-08-19,aventureiro,11.2
2019-08-20,aventureiro,0.2
2019-08-21,aventureiro,1.0
2019-08-22,aventureiro,0.6000000000000001
2019-08-23,aventureiro,0.6000000000000001
2019-08-24,aventureiro,0.0
2019-08-25,aventureiro,0.0
2019-08-26,aventureiro,0.4
2019-08-27,aventureiro,0.0
2019-08-28,aventureiro,0.0
2019-08-30,aventureiro,0.0
2019-08-31,aventureiro,5.93
2019-09-01,aventureiro,38.62
2019-09-02,aventureiro,2.39
2019-09-03,aventureiro,5.96
2019-09-04,aventureiro,1.59
2019-09-05,aventureiro,0.4
2019-09-06,aventureiro,9.18
2019-09-07,aventureiro,0.6000000000000001
2019-09-08,aventureiro,0.2
2019-09-09,aventureiro,0.2
2019-09-10,aventureiro,0.0
2019-09-11,aventureiro,0.2
2019-09-12,aventureiro,0.0
2019-09-13,aventureiro,1.2000000000000002
2019-09-14,aventureiro,5.800000000000001
2019-09-15,aventureiro,0.8
2019-09-16,aventureiro,0.8
2019-09-17,aventureiro,0.2
2019-09-18,aventureiro,1.2000000000000002
2019-09-19,aventureiro,0.8
2019-09-20,aventureiro,0.4
2019-09-21,aventureiro,0.2
2019-09-22,aventureiro,0.2
2019-09-23,aventureiro,0.0
2019-09-24,aventureiro,1.8
2019-09-25,aventureiro,2.2
2019-09-26,aventureiro,0.4
2019-09-27,aventureiro,0.2
2019-09-28,aventureiro,0.0
2019-09-29,aventureiro,0.2
2019-09-30,aventureiro,0.0
2019-10-01,aventureiro,0.2
2019-10-02,aventureiro,0.0
2019-10-03,aventureiro,0.0
2019-10-04,aventureiro,0.2
2019-10-05,aventureiro,1.0
2019-10-06,aventureiro,7.6000000000000005
2019-10-07,aventureiro,10.39
2019-10-08,aventureiro,3.8000000000000003
2019-10-10,aventureiro,0.2
2019-10-11,aventureiro,0.0
2019-10-12,aventureiro,0.0
2019-10-13,aventureiro,2.0
2019-10-14,aventureiro,4.6000000000000005
2019-10-15,aventureiro,0.2
2019-10-16,aventureiro,0.2
2019-10-17,aventureiro,0.2
2019-10-18,aventureiro,0.2
2019-10-19,aventureiro,0.2
2019-10-20,aventureiro,0.0
2019-10-21,aventureiro,0.2
2019-10-22,aventureiro,0.0
2019-10-23,aventureiro,0.4
2019-10-24,aventureiro,1.2000000000000002
2019-10-25,aventureiro,3.14
2019-10-26,aventureiro,6.13
2019-10-27,aventureiro,7.2
2019-10-28,aventureiro,3.2
2019-10-29,aventureiro,0.2
2019-10-30,aventureiro,0.0
2019-10-31,aventureiro,0.99
2019-11-01,aventureiro,4.4
2019-11-02,aventureiro,4.6000000000000005
2019-11-03,aventureiro,1.0
2019-11-04,aventureiro,0.0
2019-11-05,aventureiro,0.0
2019-11-06,aventureiro,0.0
2019-11-07,aventureiro,0.0
2019-11-08,aventureiro,0.0
2019-11-09,aventureiro,0.0
2019-11-10,aventureiro,0.0
2019-11-11,aventureiro,0.0
2019-11-12,aventureiro,3.0
2019-11-13,aventureiro,2.2
2019-11-14,aventureiro,1.4000000000000001
2019-11-15,aventureiro,0.0
2019-11-16,aventureiro,0.0
2019-11-17,aventureiro,0.0
2019-11-18,aventureiro,0.0
2019-11-19,aventureiro,0.0
2019-11-20,aventureiro,2.4000000000000004
2019-11-21,aventureiro,1.0
2019-11-22,aventureiro,2.38
2019-11-23,aventureiro,3.3800000000000003
2019-11-24,aventureiro,0.0
2019-11-25,aventureiro,0.0
2019-11-26,aventureiro,3.79
2019-11-27,aventureiro,12.15
2019-11-28,aventureiro,0.8
2019-11-29,aventureiro,0.0
2019-11-30,aventureiro,0.0
2019-12-01,aventureiro,0.0
2019-12-02,aventureiro,0.0
2019-12-03,aventureiro,0.0
2019-12-04,aventureiro,4.0
2019-12-05,aventureiro,0.2
2019-12-06,aventureiro,0.0
2019-12-07,aventureiro,0.0
2019-12-08,aventureiro,0.0
2019-12-09,aventureiro,0.0
2019-12-10,aventureiro,0.0
2019-12-11,aventureiro,0.0
2019-12-12,aventureiro,0.0
2019-12-13,aventureiro,0.0
2019-12-14,aventureiro,0.4
2019-12-15,aventureiro,0.0
2019-12-16,aventureiro,0.0
2019-12-17,aventureiro,0.0
2019-12-18,aventureiro,0.2
2019-12-19,aventureiro,0.0
2019-12-20,aventureiro,0.0
2019-12-21,aventureiro,0.0
2019-12-22,aventureiro,0.0
2019-12-23,aventureiro,0.0
2019-12-24,aventureiro,0.0
2019-12-25,aventureiro,0.0
2019-12-26,aventureiro,0.0
2019-12-27,aventureiro,0.0
2019-12-28,aventureiro,0.0
2019-12-29,aventureiro,0.0
2019-12-30,aventureiro,0.0
2019-12-31,aventureiro,0.0
2020-01-01,aventureiro,1.79
2020-01-02,aventureiro,0.0
2020-01-03,aventureiro,0.0
2020-01-04,aventureiro,0.0
2020-01-05,aventureiro,0.4
2020-01-06,aventureiro,0.2
2020-01-07,aventureiro,0.0
2020-01-08,aventureiro,0.0
2020-01-09,aventureiro,0.0
2020-01-10,aventureiro,0.0
2020-01-11,aventureiro,0.0
2020-01-12,aventureiro,0.0
2020-01-13,aventureiro,0.0
2020-01-14,aventureiro,0.0
2020-01-15,aventureiro,0.0
2020-01-16,aventureiro,0.0
2020-01-17,aventureiro,0.0
2020-01-18,aventureiro,0.0
2020-01-19,aventureiro,0.0
2020-01-20,aventureiro,0.0
2020-01-21,aventureiro,0.0
2020-01-22,aventureiro,2.0
2020-01-23,aventureiro,0.2
2020-01-24,aventureiro,0.0
2020-01-25,aventureiro,0.0
2020-01-26,aventureiro,0.0
2020-01-27,aventureiro,0.2
2020-01-28,aventureiro,0.0
2020-01-29,aventureiro,0.0
2020-01-30,aventureiro,0.0
2020-01-31,aventureiro,0.0
2020-02-01,aventureiro,0.0
2020-02-02,aventureiro,0.0
2020-02-03,aventureiro,0.0
2020-02-04,aventureiro,0.0
2020-02-05,aventureiro,0.0
2020-02-06,aventureiro,0.0
2020-02-07,aventureiro,0.0
2020-02-08,aventureiro,0.0
2020-02-09,aventureiro,0.0
2020-02-10,aventureiro,0.0
2020-02-11,aventureiro,0.0
2020-02-12,aventureiro,0.0
2020-02-13,aventureiro,0.0
2020-02-14,aventureiro,0.0
2020-02-15,aventureiro,0.0
2020-02-16,aventureiro,0.0
2020-02-17,aventureiro,0.0
2020-02-18,aventureiro,0.0
2020-02-19,aventureiro,0.0
2020-02-20,aventureiro,0.0
2020-02-21,aventureiro,0.0
2020-02-22,aventureiro,0.0
2020-02-23,aventureiro,0.0
2020-02-24,aventureiro,0.0
2020-02-25,aventureiro,0.8
2020-02-26,aventureiro,0.6000000000000001
2020-02-27,aventureiro,0.2
2020-02-28,aventureiro,0.0
2020-02-29,aventureiro,0.0
2020-03-01,aventureiro,0.0
2020-03-02,aventureiro,0.0
2020-03-03,aventureiro,0.0
2020-03-04,aventureiro,0.0
2020-03-05,aventureiro,0.0
2020-03-06,aventureiro,0.0
2020-03-07,aventureiro,0.0
2020-03-08,aventureiro,0.0
2020-03-09,aventureiro,0.0
2020-03-10,aventureiro,0.0
2020-03-11,aventureiro,0.0
2020-03-12,aventureiro,0.0
2020-03-13,aventureiro,0.0
2020-03-14,aventureiro,0.0
2020-03-15,aventureiro,0.0
2020-03-16,aventureiro,1.59
2020-03-17,aventureiro,0.0
2020-03-18,aventureiro,0.0
2020-03-19,aventureiro,0.0
2020-03-20,aventureiro,0.0
2020-03-21,aventureiro,0.0
2020-03-22,aventureiro,0.4
2020-03-23,aventureiro,0.2
2020-03-24,aventureiro,0.2
2020-03-25,aventureiro,0.0
2020-03-26,aventureiro,0.0
2020-03-27,aventureiro,0.0
2020-03-28,aventureiro,0.0
2020-03-29,aventureiro,0.0
2020-03-30,aventureiro,0.0
2020-03-31,aventureiro,0.0
2020-04-01,aventureiro,0.0
2020-04-02,aventureiro,0.0
2020-04-03,aventureiro,0.0
2020-04-04,aventureiro,0.0
2020-04-05,aventureiro,0.0
2020-04-06,aventureiro,8.85
2020-04-07,aventureiro,0.0
2020-04-08,aventureiro,0.0
2020-04-09,aventureiro,0.0
2020-04-10,aventureiro,0.0
2020-04-11,aventureiro,0.0
2020-04-12,aventureiro,0.0
2020-04-13,aventureiro,0.0
2020-04-14,aventureiro,1.9900000000000002
2020-04-15,aventureiro,0.0
2020-04-16,aventureiro,0.0
2020-04-17,aventureiro,0.99
2020-04-18,aventureiro,0.2
2020-04-19,aventureiro,2.95
2020-04-20,aventureiro,0.0
2020-04-21,aventureiro,0.0
2020-04-22,aventureiro,0.0
2020-04-23,aventureiro,0.0
2020-04-24,aventureiro,0.0
2020-04-25,aventureiro,0.0
2020-04-26,aventureiro,0.0
2020-04-27,aventureiro,3.56
2020-04-28,aventureiro,6.7
2020-04-29,aventureiro,0.0
2020-04-30,aventureiro,0.2
2020-05-01,aventureiro,0.6000000000000001
2020-05-02,aventureiro,0.2
2020-05-03,aventureiro,0.0
2020-05-04,aventureiro,0.0
2020-05-05,aventureiro,0.0
2020-05-06,aventureiro,4.93
2020-05-07,aventureiro,0.0
2020-05-08,aventureiro,0.0
2020-05-09,aventureiro,0.0
2020-05-10,aventureiro,0.0
2020-05-11,aventureiro,0.0
2020-05-12,aventureiro,0.0
2020-05-13,aventureiro,14.620000000000001
2020-05-14,aventureiro,8.39
2020-05-15,aventureiro,1.6
2020-05-16,aventureiro,0.6000000000000001
2020-05-17,aventureiro,0.2
2020-05-18,aventureiro,0.4
2020-05-19,aventureiro,0.2
2020-05-20,aventureiro,0.0
2020-05-21,aventureiro,0.0
2020-05-22,aventureiro,0.0
2020-05-23,aventureiro,0.0
2020-05-24,aventureiro,0.0
2020-05-25,aventureiro,0.0
2020-05-26,aventureiro,0.0
2020-05-27,aventureiro,0.0
2020-05-28,aventureiro,0.0
2020-05-29,aventureiro,0.0
2020-05-30,aventureiro,0.0
2020-05-31,aventureiro,0.0
2020-06-01,aventureiro,9.120000000000001
2020-06-02,aventureiro,1.4000000000000001
2020-06-03,aventureiro,0.2
2020-06-04,aventureiro,0.2
2020-06-05,aventureiro,0.4
2020-06-06,aventureiro,0.2
2020-06-07,aventureiro,0.6000000000000001
2020-06-08,aventureiro,0.6000000000000001
2020-06-09,aventureiro,0.4
2020-06-10,aventureiro,0.4
2020-06-11,aventureiro,0.4
2020-06-12,aventureiro,1.0
2020-06-13,aventureiro,0.6000000000000001
2020-06-14,aventureiro,0.2
2020-06-15,aventureiro,0.2
2020-06-16,aventureiro,0.2
2020-06-17,aventureiro,0.2
2020-06-18,aventureiro,0.2
2020-06-19,aventureiro,0.0
2020-06-20,aventureiro,0.0
2020-06-21,aventureiro,0.0
2020-06-22,aventureiro,0.0
2020-06-23,aventureiro,0.0
2020-06-24,aventureiro,0.0
2020-06-25,aventureiro,0.0
2020-06-26,aventureiro,0.0
2020-06-27,aventureiro,0.0
2020-06-28,aventureiro,0.0
2020-06-29,aventureiro,0.0
2020-06-30,aventureiro,1.38
2020-07-01,aventureiro,0.4
2020-07-02,aventureiro,0.0
2020-07-03,aventureiro,0.0
2020-07-04,aventureiro,0.0
2020-07-05,aventureiro,0.0
2020-07-06,aventureiro,0.0
2020-07-07,aventureiro,0.0
2020-07-08,aventureiro,0.0
2020-07-09,aventureiro,0.0
2020-07-10,aventureiro,0.0
2020-07-11,aventureiro,0.0
2020-07-12,aventureiro,0.0
2020-07-13,aventureiro,0.0
2020-07-14,aventureiro,0.0
2020-07-15,aventureiro,0.0
2020-07-16,aventureiro,0.0
2020-07-17,aventureiro,0.0
2020-07-18,aventureiro,0.0
2020-07-19,aventureiro,0.0
2020-07-20,aventureiro,0.0
2020-07-21,aventureiro,0.0
2020-07-22,aventureiro,0.0
2020-07-23,aventureiro,0.0
2020-07-24,aventureiro,0.0
2020-07-25,aventureiro,0.0
2020-07-26,aventureiro,0.0
2020-07-27,aventureiro,0.0
2020-07-28,aventureiro,0.0
2020-07-29,aventureiro,0.0
2020-07-30,aventureiro,0.0
2020-07-31,aventureiro,0.0
2020-08-01,aventureiro,0.0
2020-08-02,aventureiro,0.0
2020-08-03,aventureiro,0.0
2020-08-04,aventureiro,0.0
2020-08-05,aventureiro,0.0
2020-08-06,aventureiro,0.0
2020-08-07,aventureiro,0.0
2020-08-08,aventureiro,0.0
2020-08-09,aventureiro,0.0
2020-08-10,aventureiro,0.0
2020-08-11,aventureiro,0.0
2020-08-12,aventureiro,0.0
2020-08-13,aventureiro,0.4
2020-08-14,aventureiro,0.6000000000000001
2020-08-15,aventureiro,0.6000000000000001
2020-08-16,aventureiro,0.2
2020-08-17,aventureiro,0.0
2020-08-18,aventureiro,0.0
2020-08-19,aventureiro,0.2
2020-08-20,aventureiro,0.0
2020-08-21,aventureiro,0.0
2020-08-22,aventureiro,0.0
2020-08-23,aventureiro,0.0
2020-08-24,aventureiro,0.0
2020-08-25,aventureiro,0.0
2020-08-26,aventureiro,0.0
2020-08-27,aventureiro,0.0
2020-08-28,aventureiro,0.0
2020-08-29,aventureiro,0.0
2020-08-30,aventureiro,0.0
2020-08-31,aventureiro,0.0
2020-09-01,aventureiro,0.0
2020-09-02,aventureiro,0.0
2020-09-03,aventureiro,0.0
2020-09-04,aventureiro,0.0
2020-09-05,aventureiro,0.0
2020-09-06,aventureiro,0.0
2020-09-07,aventureiro,0.0
2020-09-08,aventureiro,0.0
2020-09-09,aventureiro,0.0
2020-09-10,aventureiro,0.0
2020-09-11,aventureiro,0.0
2020-09-12,aventureiro,0.0
2020-09-13,aventureiro,0.0
2020-09-14,aventureiro,0.0
2020-09-15,aventureiro,0.0
2020-09-16,aventureiro,0.0
2020-09-17,aventureiro,0.6000000000000001
2020-09-18,aventureiro,0.0
2020-09-19,aventureiro,0.0
2020-09-20,aventureiro,0.0
2020-09-21,aventureiro,0.8
2020-09-22,aventureiro,0.0
2020-09-23,aventureiro,0.0
2020-09-24,aventureiro,0.0
2020-09-25,aventureiro,0.0
2020-09-26,aventureiro,0.0
2020-09-27,aventureiro,3.39
2020-09-28,aventureiro,5.96
2020-09-29,aventureiro,0.6000000000000001
2020-09-30,aventureiro,0.0
2020-10-01,aventureiro,0.2
2020-10-02,aventureiro,0.0
2020-10-03,aventureiro,4.4
2020-10-04,aventureiro,8.0
2020-10-05,aventureiro,11.18
2020-10-06,aventureiro,1.8
2020-10-07,aventureiro,0.0
2020-10-08,aventureiro,0.6000000000000001
2020-10-09,aventureiro,6.57
2020-10-10,aventureiro,0.4
2020-10-11,aventureiro,0.2
2020-10-12,aventureiro,0.0
2020-10-13,aventureiro,0.0
2020-10-14,aventureiro,0.0
2020-10-15,aventureiro,0.0
2020-10-16,aventureiro,0.0
2020-10-17,aventureiro,0.0
2020-10-18,aventureiro,0.0
2020-10-19,aventureiro,0.0
2020-10-20,aventureiro,0.2
2020-10-21,aventureiro,0.0
2020-10-22,aventureiro,1.2000000000000002
2020-10-23,aventureiro,0.2
2020-10-24,aventureiro,0.6000000000000001
2020-10-25,aventureiro,0.0
2020-10-26,aventureiro,0.0
2020-10-27,aventureiro,0.0
2020-10-28,aventureiro,0.0
2020-10-29,aventureiro,16.17
2020-10-30,aventureiro,15.610000000000001
2020-10-31,aventureiro,0.4
2020-11-01,aventureiro,0.0
2020-11-02,aventureiro,0.0
2020-11-03,aventureiro,0.2
2020-11-04,aventureiro,0.0
2020-11-05,aventureiro,0.0
2020-11-06,aventureiro,0.0
2020-11-07,aventureiro,0.0
2020-11-08,aventureiro,1.19
2020-11-09,aventureiro,12.43
2020-11-10,aventureiro,0.4
2020-11-11,aventureiro,7.29
2020-11-12,aventureiro,2.56
2020-11-13,aventureiro,0.0
2020-11-14,aventureiro,0.0
2020-11-15,aventureiro,13.58
2020-11-16,aventureiro,7.29
2020-11-17,aventureiro,0.0
2020-11-18,aventureiro,37.230000000000004
2020-11-19,aventureiro,10.66
2020-11-20,aventureiro,0.2
2020-11-21,aventureiro,5.51
2020-11-22,aventureiro,0.0
2020-11-23,aventureiro,0.0
2020-11-24,aventureiro,0.6000000000000001
2020-11-25,aventureiro,0.0
2020-11-26,aventureiro,0.0
2020-11-27,aventureiro,39.75
2020-11-28,aventureiro,0.4
2020-11-29,aventureiro,0.0
2020-11-30,aventureiro,6.09
2020-12-01,aventureiro,3.5500000000000003
2020-12-02,aventureiro,0.2
2020-12-03,aventureiro,13.19
2020-12-04,aventureiro,0.0
2020-12-05,aventureiro,57.46
2020-12-06,aventureiro,42.96
2020-12-07,aventureiro,3.99
2020-12-08,aventureiro,0.0
2020-12-09,aventureiro,11.620000000000001
2020-12-10,aventureiro,0.8
2020-12-11,aventureiro,0.0
2020-12-12,aventureiro,0.0
2020-12-13,aventureiro,0.0
2020-12-14,aventureiro,80.1
2020-12-15,aventureiro,6.3500000000000005
2020-12-16,aventureiro,12.42
2020-12-17,aventureiro,7.27
2020-12-18,aventureiro,0.2
2020-12-19,aventureiro,30.46
2020-12-20,aventureiro,3.7600000000000002
2020-12-21,aventureiro,2.98
2020-12-22,aventureiro,5.930000000000001
2020-12-23,aventureiro,2.18
2020-12-24,aventureiro,0.0
2020-12-25,aventureiro,3.36
2020-12-26,aventureiro,18.88
2020-12-27,aventureiro,21.52
2020-12-28,aventureiro,4.2
2020-12-29,aventureiro,5.4
2020-12-30,aventureiro,1.4000000000000001
2014-07-31,centro,0.0
2014-08-01,centro,3.742490579
2014-08-02,centro,0.0
2014-08-03,centro,0.0
2014-08-04,centro,7.100430249
2014-08-05,centro,0.0
2014-08-06,centro,0.0
2014-08-07,centro,0.0
2014-08-08,centro,0.0
2014-08-09,centro,0.0
2014-08-10,centro,0.0
2014-08-11,centro,0.0
2014-08-12,centro,28.718514272
2014-08-13,centro,2.59268
2014-08-14,centro,0.0
2014-08-15,centro,3.2
2014-08-16,centro,43.03610857
2014-08-17,centro,0.4
2014-08-18,centro,0.0
2014-08-19,centro,0.0
2014-08-20,centro,0.0
2014-08-21,centro,0.0
2014-08-22,centro,0.0
2014-08-23,centro,0.0
2014-08-24,centro,0.0
2014-08-25,centro,2.1670599999999998
2014-08-26,centro,0.98536
2014-08-27,centro,0.0
2014-08-28,centro,0.0
2014-08-29,centro,0.0
2014-08-30,centro,0.0
2014-08-31,centro,21.613852467
2014-09-01,centro,0.0
2014-09-02,centro,22.433415264
2014-09-03,centro,4.14876
2014-09-04,centro,2.765543522
2014-09-05,centro,2.3787017749999997
2014-09-06,centro,0.2
2014-09-07,centro,1.7743799999999998
2014-09-08,centro,0.0
2014-09-09,centro,0.0
2014-09-10,centro,0.0
2014-09-11,centro,3.0
2014-09-12,centro,3.4000000000000004
2014-09-13,centro,0.0
2014-09-14,centro,0.0
2014-09-15,centro,0.2
2014-09-16,centro,0.0
2014-09-17,centro,0.0
2014-09-18,centro,25.595324113
2014-09-19,centro,8.861068842
2014-09-20,centro,0.990767916
2014-09-21,centro,0.2
2014-09-22,centro,0.0
2014-09-23,centro,0.0
2014-09-24,centro,15.766423054
2014-09-25,centro,3.5634
2014-09-26,centro,1.0
2014-09-27,centro,10.73046
2014-09-28,centro,8.53778
2014-09-29,centro,6.904165737
2014-09-30,centro,25.960886703
2014-10-01,centro,1.38902
2014-10-02,centro,0.0
2014-10-03,centro,0.0
2014-10-04,centro,0.6000000000000001
2014-10-05,centro,0.0
2014-10-06,centro,0.2
2014-10-07,centro,0.0
2014-10-08,centro,0.0
2014-10-09,centro,0.0
2014-10-10,centro,0.0
2014-10-11,centro,0.0
2014-10-12,centro,0.0
2014-10-13,centro,0.6000000000000001
2014-10-14,centro,0.98902
2014-10-15,centro,2.4000000000000004
2014-10-16,centro,0.8
2014-10-17,centro,3.565207764
2014-10-18,centro,0.8
2014-10-19,centro,6.13778
2014-10-20,centro,0.0
2014-10-21,centro,0.0
2014-10-22,centro,0.0
2014-10-23,centro,0.0
2014-10-24,centro,0.0
2014-10-25,centro,0.0
2014-10-26,centro,0.2
2014-10-27,centro,0.0
2014-10-28,centro,0.0
2014-10-29,centro,0.0
2014-10-30,centro,0.0
2014-10-31,centro,0.0
2014-11-01,centro,2.95608
2014-11-02,centro,2.97804
2014-11-03,centro,0.4
2014-11-04,centro,8.33046
2014-11-05,centro,1.6
2014-11-06,centro,2.18536
2014-11-07,centro,6.115819999999999
2014-11-08,centro,0.2
2014-11-09,centro,0.0
2014-11-10,centro,0.0
2014-11-11,centro,0.0
2014-11-12,centro,0.0
2014-11-13,centro,0.0
2014-11-14,centro,5.9267463849999995
2014-11-15,centro,0.2
2014-11-16,centro,0.0
2014-11-17,centro,0.6195999999999999
2014-11-18,centro,0.0
2014-11-19,centro,0.0
2014-11-20,centro,4.5817000000000005
2014-11-21,centro,1.39268
2014-11-22,centro,9.66092
2014-11-23,centro,4.76706
2014-11-24,centro,4.77438
2014-11-25,centro,25.872259427
2014-11-26,centro,1.18902
2014-11-27,centro,0.0
2014-11-28,centro,0.4
2014-11-29,centro,6.710123532
2014-11-30,centro,1.2000000000000002
2014-12-01,centro,0.0
2014-12-02,centro,0.0
2014-12-03,centro,23.434386583
2014-12-04,centro,2.18536
2014-12-05,centro,0.0
2014-12-06,centro,0.0
2014-12-07,centro,0.2
2014-12-08,centro,0.0
2014-12-09,centro,11.418641486999999
2014-12-10,centro,3.541817449
2014-12-11,centro,18.931309575
2014-12-12,centro,21.423358595
2014-12-13,centro,33.314548234
2014-12-14,centro,1.9637010139999997
2014-12-15,centro,0.6000000000000001
2014-12-16,centro,2.75608
2014-12-17,centro,0.0
2014-12-18,centro,0.0
2014-12-19,centro,4.37804
2014-12-20,centro,0.2
2014-12-21,centro,0.39268
2014-12-22,centro,32.883675804
2014-12-23,centro,7.51948
2014-12-24,centro,16.05726
2014-12-25,centro,7.567060000000001
2014-12-26,centro,20.283814371000002
2014-12-27,centro,5.315749681
2014-12-28,centro,15.951643251
2014-12-29,centro,25.992419484
2014-12-30,centro,0.0
2014-12-31,centro,4.146281335
2015-01-01,centro,0.0
2015-01-02,centro,31.788785247
2015-01-03,centro,1.79268
2015-01-04,centro,0.0
2015-01-05,centro,11.240843566
2015-01-06,centro,2.567866522
2015-01-07,centro,4.9185701790000005
2015-01-08,centro,0.0
2015-01-09,centro,1.572184267
2015-01-10,centro,2.19268
2015-01-11,centro,4.534623743
2015-01-12,centro,18.153161147
2015-01-13,centro,0.0
2015-01-14,centro,26.428205821
2015-01-15,centro,0.2
2015-01-16,centro,0.0
2015-01-17,centro,1.97072
2015-01-18,centro,0.0
2015-01-19,centro,0.2
2015-01-20,centro,33.29164936
2015-01-21,centro,1.5780399999999999
2015-01-22,centro,10.86594023
2015-01-23,centro,0.2
2015-01-24,centro,0.0
2015-01-25,centro,29.146642339
2015-01-26,centro,0.0
2015-01-27,centro,0.59268
2015-01-28,centro,7.289881219
2015-01-29,centro,0.2
2015-01-30,centro,3.17438
2015-01-31,centro,1.2000000000000002
2015-02-01,centro,0.4
2015-02-02,centro,1.1817
2015-02-03,centro,34.517540901000004
2015-02-04,centro,48.419690451
2015-02-05,centro,16.553468585
2015-02-06,centro,0.0
2015-02-07,centro,5.911042433
2015-02-08,centro,0.4
2015-02-09,centro,0.2
2015-02-10,centro,0.78902
2015-02-11,centro,0.0
2015-02-12,centro,25.071103686
2015-02-13,centro,11.256910338
2015-02-14,centro,43.718716976
2015-02-15,centro,6.55974
2015-02-16,centro,6.512872965
2015-02-17,centro,34.478164658
2015-02-18,centro,1.79268
2015-02-19,centro,6.501647662
2015-02-20,centro,16.750612769
2015-02-21,centro,3.95242
2015-02-22,centro,1.38536
2015-02-23,centro,19.493288659
2015-02-24,centro,1.59268
2015-02-25,centro,0.0
2015-02-26,centro,0.0
2015-02-27,centro,8.658483663
2015-02-28,centro,0.4
2015-03-01,centro,1.0
2015-03-02,centro,0.4
2015-03-03,centro,0.0
2015-03-04,centro,0.0
2015-03-05,centro,3.19268
2015-03-06,centro,42.333566857
2015-03-07,centro,0.0
2015-03-08,centro,0.0
2015-03-09,centro,12.861575616
2015-03-10,centro,5.528002426
2015-03-11,centro,0.0
2015-03-12,centro,106.235476816
2015-03-13,centro,7.292839341
2015-03-14,centro,0.98536
2015-03-15,centro,18.92459748
2015-03-16,centro,2.560400974
2015-03-17,centro,2.561158307
2015-03-18,centro,3.755568186
2015-03-19,centro,3.7528966660000003
2015-03-20,centro,3.95608
2015-03-21,centro,9.473684583
2015-03-22,centro,0.0
2015-03-23,centro,0.4
2015-03-24,centro,0.0
2015-03-25,centro,0.4
2015-03-26,centro,0.0
2015-03-27,centro,23.914724477
2015-03-28,centro,29.19008
2015-03-29,centro,36.64002
2015-03-30,centro,6.483490517
2015-03-31,centro,0.0
2015-04-01,centro,0.0
2015-04-02,centro,0.0
2015-04-03,centro,0.0
2015-04-04,centro,0.0
2015-04-05,centro,16.53
2015-04-06,centro,3.95
2015-04-07,centro,0.2
2015-04-08,centro,0.2
2015-04-09,centro,0.4
2015-04-10,centro,0.0
2015-04-11,centro,0.0
2015-04-12,centro,0.0
2015-04-13,centro,0.0
2015-04-14,centro,0.0
2015-04-15,centro,0.0
2015-04-16,centro,20.16
2015-04-17,centro,52.35
2015-04-18,centro,0.2
2015-04-19,centro,0.6000000000000001
2015-04-20,centro,13.59
2015-04-21,centro,10.24
2015-04-22,centro,47.63
2015-04-23,centro,18.79
2015-04-24,centro,0.2
2015-04-25,centro,3.9299999999999997
2015-04-26,centro,0.99
2015-04-27,centro,10.23
2015-04-28,centro,0.5900000000000001
2015-04-29,centro,5.92
2015-04-30,centro,0.6000000000000001
2015-05-01,centro,0.0
2015-05-02,centro,0.0
2015-05-03,centro,9.29
2015-05-04,centro,0.4
2015-05-05,centro,0.0
2015-05-06,centro,0.0
2015-05-07,centro,0.0
2015-05-08,centro,0.0
2015-05-09,centro,0.0
2015-05-10,centro,12.620000000000001
2015-05-11,centro,3.96
2015-05-12,centro,1.19
2015-05-13,centro,6.71
2015-05-14,centro,6.91
2015-05-15,centro,12.83
2015-05-16,centro,1.78
2015-05-17,centro,13.190000000000001
2015-05-18,centro,6.7
2015-05-19,centro,44.08
2015-05-20,centro,1.2000000000000002
2015-05-21,centro,0.0
2015-05-22,centro,0.2
2015-05-23,centro,0.0
2015-05-24,centro,5.53
2015-05-25,centro,23.89
2015-05-26,centro,42.1
2015-05-27,centro,16.16
2015-05-28,centro,0.0
2015-05-29,centro,0.0
2015-05-30,centro,0.0
2015-05-31,centro,0.0
2015-06-01,centro,0.0
2015-06-02,centro,0.0
2015-06-03,centro,0.0
2015-06-04,centro,0.0
2015-06-05,centro,0.0
2015-06-06,centro,0.0
2015-06-07,centro,0.0
2015-06-08,centro,0.0
2015-06-09,centro,0.0
2015-06-10,centro,0.0
2015-06-11,centro,6.13
2015-06-12,centro,31.35
2015-06-13,centro,13.790000000000001
2015-06-14,centro,13.6
2015-06-15,centro,3.15
2015-06-16,centro,0.0
2015-06-17,centro,0.0
2015-06-18,centro,41.7
2015-06-19,centro,0.0
2015-06-20,centro,0.4
2015-06-21,centro,0.0
2015-06-22,centro,0.0
2015-06-23,centro,0.0
2015-06-24,centro,1.0
2015-06-25,centro,2.38
2015-06-26,centro,3.3600000000000003
2015-06-27,centro,0.0
2015-06-28,centro,0.2
2015-06-29,centro,0.0
2015-06-30,centro,0.8
2015-07-01,centro,0.0
2015-07-02,centro,0.8
2015-07-03,centro,0.2
2015-07-04,centro,0.0
2015-07-05,centro,0.2
2015-07-06,centro,0.8
2015-07-07,centro,5.59
2015-07-08,centro,22.46
2015-07-09,centro,0.0
2015-07-10,centro,13.6
2015-07-11,centro,0.2
2015-07-12,centro,8.46
2015-07-13,centro,2.17
2015-07-14,centro,23.43
2015-07-15,centro,1.2000000000000002
2015-07-16,centro,21.44
2015-07-17,centro,1.78
2015-07-18,centro,0.0
2015-07-19,centro,0.0
2015-07-20,centro,10.84
2015-07-21,centro,1.9700000000000002
2015-07-22,centro,0.0
2015-07-23,centro,6.98
2015-07-24,centro,9.700000000000001
2015-07-25,centro,0.2
2015-07-26,centro,0.0
2015-07-27,centro,0.0
2015-07-28,centro,0.0
2015-07-29,centro,0.0
2015-07-30,centro,0.0
2015-07-31,centro,0.0
2015-08-01,centro,0.0
2015-08-02,centro,0.0
2015-08-03,centro,0.0
2015-08-04,centro,0.0
2015-08-05,centro,0.0
2015-08-06,centro,0.0
2015-08-07,centro,0.0
2015-08-08,centro,0.0
2015-08-09,centro,0.0
2015-08-10,centro,0.0
2015-08-11,centro,0.0
2015-08-12,centro,0.0
2015-08-13,centro,0.0
2015-08-14,centro,0.0
2015-08-15,centro,0.0
2015-08-16,centro,0.0
2015-08-17,centro,0.0
2015-08-18,centro,0.0
2015-08-19,centro,0.0
2015-08-20,centro,0.0
2015-08-21,centro,0.6000000000000001
2015-08-22,centro,0.0
2015-08-23,centro,0.6000000000000001
2015-08-24,centro,3.8000000000000003
2015-08-25,centro,1.4000000000000001
2015-08-26,centro,7.32
2015-08-27,centro,14.0
2015-08-28,centro,0.0
2015-08-29,centro,0.0
2015-08-30,centro,0.0
2015-08-31,centro,0.0
2015-09-01,centro,1.4000000000000001
2015-09-02,centro,7.760000000000001
2015-09-03,centro,33.28
2015-09-04,centro,14.99
2015-09-05,centro,5.36
2015-09-06,centro,2.98
2015-09-07,centro,11.11
2015-09-08,centro,7.890000000000001
2015-09-09,centro,0.0
2015-09-10,centro,1.6
2015-09-11,centro,3.97
2015-09-12,centro,0.0
2015-09-13,centro,0.0
2015-09-14,centro,0.2
2015-09-15,centro,0.0
2015-09-16,centro,0.0
2015-09-17,centro,62.42
2015-09-18,centro,6.13
2015-09-19,centro,1.79
2015-09-20,centro,0.0
2015-09-21,centro,0.0
2015-09-22,centro,0.0
2015-09-23,centro,0.0
2015-09-24,centro,0.0
2015-09-25,centro,21.82
2015-09-26,centro,8.32
2015-09-27,centro,42.11
2015-09-28,centro,0.79
2015-09-29,centro,0.0
2015-09-30,centro,2.98
2015-10-01,centro,3.4000000000000004
2015-10-02,centro,16.77
2015-10-03,centro,5.55
2015-10-04,centro,5.93
2015-10-05,centro,1.4000000000000001
2015-10-06,centro,4.33
2015-10-07,centro,1.2000000000000002
2015-10-08,centro,32.87
2015-10-09,centro,6.17
2015-10-10,centro,19.33
2015-10-11,centro,11.9
2015-10-12,centro,0.8
2015-10-13,centro,24.5
2015-10-14,centro,8.27
2015-10-15,centro,0.0
2015-10-16,centro,4.33
2015-10-17,centro,0.2
2015-10-18,centro,0.2
2015-10-19,centro,0.4
2015-10-20,centro,0.0
2015-10-21,centro,28.56
2015-10-22,centro,127.29
2015-10-23,centro,0.2
2015-10-24,centro,0.0
2015-10-25,centro,6.96
2015-10-26,centro,7.6000000000000005
2015-10-27,centro,0.8
2015-10-28,centro,15.600000000000001
2015-10-29,centro,21.44
2015-10-30,centro,2.2
2015-10-31,centro,18.09
2015-11-01,centro,13.91
2015-11-02,centro,18.94
2015-11-03,centro,0.4
2015-11-04,centro,0.0
2015-11-05,centro,0.0
2015-11-06,centro,0.0
2015-11-07,centro,0.0
2015-11-08,centro,0.0
2015-11-09,centro,0.0
2015-11-10,centro,0.0
2015-11-11,centro,0.0
2015-11-12,centro,0.0
2015-11-13,centro,0.0
2015-11-14,centro,0.0
2015-11-15,centro,0.0
2015-11-16,centro,0.0
2015-11-17,centro,0.0
2015-11-18,centro,0.0
2015-11-19,centro,0.0
2015-11-20,centro,0.0
2015-11-21,centro,0.0
2015-11-22,centro,0.0
2015-11-23,centro,0.0
2015-11-24,centro,0.0
2015-11-25,centro,0.0
2015-11-26,centro,0.0
2015-11-27,centro,0.0
2015-11-28,centro,0.0
2015-11-29,centro,0.0
2015-11-30,centro,0.0
2015-12-01,centro,0.0
2015-12-02,centro,0.0
2015-12-03,centro,0.0
2015-12-04,centro,0.0
2015-12-05,centro,0.0
2015-12-06,centro,0.0
2015-12-07,centro,0.0
2015-12-08,centro,0.0
2015-12-09,centro,0.0
2015-12-10,centro,0.0
2015-12-11,centro,0.0
2015-12-12,centro,0.0
2015-12-13,centro,0.0
2015-12-14,centro,0.0
2015-12-15,centro,0.0
2015-12-16,centro,0.0
2015-12-17,centro,0.0
2015-12-18,centro,0.0
2015-12-19,centro,0.0
2015-12-20,centro,0.0
2015-12-21,centro,0.0
2015-12-22,centro,0.0
2015-12-23,centro,0.0
2015-12-24,centro,0.0
2015-12-25,centro,0.0
2015-12-26,centro,0.0
2015-12-27,centro,0.0
2015-12-28,centro,0.0
2015-12-29,centro,0.0
2015-12-30,centro,0.0
2015-12-31,centro,0.0
2016-01-01,centro,0.0
2016-01-02,centro,0.0
2016-01-03,centro,0.0
2016-01-04,centro,0.0
2016-01-05,centro,0.0
2016-01-06,centro,0.0
2016-01-07,centro,0.0
2016-01-08,centro,0.0
2016-01-09,centro,0.0
2016-01-10,centro,0.0
2016-01-11,centro,0.0
2016-01-12,centro,0.0
2016-01-13,centro,0.0
2016-01-14,centro,0.0
2016-01-15,centro,0.0
2016-01-16,centro,0.0
2016-01-17,centro,0.0
2016-01-18,centro,0.0
2016-01-19,centro,0.0
2016-01-20,centro,0.0
2016-01-21,centro,0.0
2016-01-22,centro,0.0
2016-01-23,centro,0.0
2016-01-24,centro,0.0
2016-01-25,centro,0.0
2016-01-26,centro,0.0
2016-01-27,centro,0.0
2016-01-28,centro,0.0
2016-01-29,centro,0.0
2016-01-30,centro,0.0
2016-01-31,centro,0.0
2016-02-01,centro,0.0
2016-02-02,centro,0.0
2016-02-03,centro,0.0
2016-02-04,centro,0.0
2016-02-05,centro,0.0
2016-02-06,centro,0.0
2016-02-07,centro,0.0
2016-02-08,centro,0.0
2016-02-09,centro,0.2
2016-02-10,centro,0.0
2016-02-11,centro,0.0
2016-02-12,centro,0.0
2016-02-13,centro,0.0
2016-02-14,centro,0.0
2016-02-15,centro,0.0
2016-02-16,centro,0.0
2016-02-17,centro,0.0
2016-02-18,centro,0.0
2016-02-19,centro,0.0
2016-02-20,centro,0.0
2016-02-21,centro,0.0
2016-02-22,centro,0.0
2016-02-23,centro,0.0
2016-02-24,centro,0.0
2016-02-25,centro,0.0
2016-02-26,centro,0.0
2016-02-27,centro,0.0
2016-02-28,centro,0.0
2016-02-29,centro,0.0
2016-03-01,centro,0.0
2016-03-02,centro,0.0
2016-03-03,centro,0.79
2016-03-04,centro,0.2
2016-03-05,centro,0.0
2016-03-06,centro,0.2
2016-03-07,centro,1.98
2016-03-08,centro,0.2
2016-03-09,centro,0.2
2016-03-10,centro,0.0
2016-03-11,centro,0.0
2016-03-12,centro,0.0
2016-03-13,centro,0.0
2016-03-14,centro,0.0
2016-03-15,centro,0.0
2016-03-16,centro,0.0
2016-03-17,centro,0.0
2016-03-18,centro,0.0
2016-03-19,centro,0.0
2016-03-20,centro,0.0
2016-03-21,centro,0.0
2016-03-22,centro,0.0
2016-03-23,centro,0.0
2016-03-24,centro,0.0
2016-03-25,centro,0.0
2016-03-26,centro,0.0
2016-03-27,centro,0.0
2016-03-28,centro,0.0
2016-03-29,centro,0.0
2016-03-30,centro,0.0
2016-03-31,centro,0.0
2016-04-01,centro,0.0
2016-04-02,centro,0.0
2016-04-03,centro,0.0
2016-04-04,centro,0.0
2016-04-05,centro,0.0
2016-04-06,centro,0.0
2016-04-07,centro,0.0
2016-04-08,centro,0.0
2016-04-09,centro,0.0
2016-04-10,centro,0.0
2016-04-11,centro,0.0
2016-04-12,centro,0.0
2016-04-13,centro,0.0
2016-04-14,centro,0.0
2016-04-15,centro,0.0
2016-04-16,centro,0.0
2016-04-17,centro,0.0
2016-04-18,centro,0.0
2016-04-19,centro,0.0
2016-04-20,centro,0.0
2016-04-21,centro,0.0
2016-04-22,centro,0.0
2016-04-23,centro,0.0
2016-04-24,centro,0.0
2016-04-25,centro,0.0
2016-04-26,centro,0.0
2016-04-27,centro,0.0
2016-04-28,centro,0.0
2016-04-29,centro,0.0
2016-04-30,centro,0.0
2016-05-01,centro,0.0
2016-05-02,centro,0.0
2016-05-03,centro,0.0
2016-05-04,centro,0.0
2016-05-05,centro,0.0
2016-05-06,centro,0.0
2016-05-07,centro,0.0
2016-05-08,centro,0.0
2016-05-09,centro,0.0
2016-05-10,centro,0.0
2016-05-11,centro,0.0
2016-05-12,centro,0.0
2016-05-13,centro,0.0
2016-05-14,centro,0.0
2016-05-15,centro,0.0
2016-05-16,centro,0.0
2016-05-17,centro,0.0
2016-05-18,centro,0.0
2016-05-19,centro,0.0
2016-05-20,centro,0.0
2016-05-21,centro,0.0
2016-05-22,centro,0.0
2016-05-23,centro,0.0
2016-05-24,centro,0.0
2016-05-25,centro,0.0
2016-05-26,centro,0.0
2016-05-27,centro,0.0
2016-05-28,centro,0.0
2016-05-29,centro,0.0
2016-05-30,centro,0.0
2016-05-31,centro,0.0
2016-06-01,centro,0.0
2016-06-02,centro,0.0
2016-06-03,centro,0.0
2016-06-04,centro,0.0
2016-06-05,centro,0.0
2016-06-06,centro,0.0
2016-06-07,centro,0.0
2016-06-08,centro,0.0
2016-06-09,centro,0.0
2016-06-10,centro,0.0
2016-06-11,centro,0.0
2016-06-12,centro,0.0
2016-06-13,centro,0.0
2016-06-14,centro,0.0
2016-06-15,centro,0.0
2016-06-16,centro,0.0
2016-06-17,centro,0.0
2016-06-18,centro,0.0
2016-06-19,centro,0.0
2016-06-20,centro,0.0
2016-06-21,centro,0.0
2016-06-22,centro,0.0
2016-06-23,centro,0.0
2016-06-24,centro,0.0
2016-06-25,centro,0.0
2016-06-26,centro,0.0
2016-06-27,centro,0.0
2016-06-28,centro,0.0
2016-06-29,centro,0.0
2016-06-30,centro,0.0
2016-07-02,centro,0.0
2016-07-03,centro,0.0
2016-07-04,centro,0.0
2016-07-05,centro,0.0
2016-07-06,centro,0.0
2016-07-07,centro,0.0
2016-07-08,centro,0.0
2016-07-09,centro,0.0
2016-07-10,centro,0.0
2016-07-11,centro,0.0
2016-07-12,centro,5.71
2016-07-13,centro,6.71
2016-07-14,centro,0.0
2016-07-15,centro,23.2
2016-07-16,centro,48.39
2016-07-17,centro,0.0
2016-07-18,centro,0.0
2016-07-19,centro,0.0
2016-07-20,centro,0.0
2016-07-21,centro,0.2
2016-07-22,centro,0.0
2016-07-23,centro,0.0
2016-07-24,centro,0.0
2016-07-25,centro,0.0
2016-07-26,centro,0.0
2016-07-27,centro,0.0
2016-07-28,centro,1.0
2016-07-29,centro,0.2
2016-07-30,centro,0.2
2016-07-31,centro,0.0
2016-08-01,centro,0.0
2016-08-02,centro,2.5900000000000003
2016-08-03,centro,8.700000000000001
2016-08-04,centro,1.0
2016-08-05,centro,0.0
2016-08-06,centro,0.0
2016-08-07,centro,2.77
2016-08-08,centro,21.490000000000002
2016-08-09,centro,0.4
2016-08-10,centro,0.0
2016-08-11,centro,0.0
2016-08-12,centro,0.0
2016-08-13,centro,0.0
2016-08-14,centro,0.0
2016-08-15,centro,9.06
2016-08-16,centro,0.0
2016-08-17,centro,13.450000000000001
2016-08-18,centro,2.77
2016-08-19,centro,35.65
2016-08-20,centro,47.07
2016-08-21,centro,20.130000000000003
2016-08-22,centro,0.0
2016-08-23,centro,0.0
2016-08-24,centro,0.0
2016-08-25,centro,0.0
2016-08-26,centro,0.0
2016-08-27,centro,0.0
2016-08-28,centro,0.0
2016-08-29,centro,0.0
2016-08-30,centro,8.540000000000001
2016-08-31,centro,0.2
2016-09-01,centro,0.0
2016-09-02,centro,2.77
2016-09-03,centro,34.27
2016-09-04,centro,8.71
2016-09-05,centro,9.84
2016-09-06,centro,0.0
2016-09-07,centro,0.0
2016-09-08,centro,0.0
2016-09-09,centro,0.0
2016-09-10,centro,0.0
2016-09-11,centro,0.0
2016-09-12,centro,0.0
2016-09-13,centro,0.0
2016-09-14,centro,0.0
2016-09-15,centro,0.0
2016-09-16,centro,0.0
2016-09-17,centro,0.4
2016-09-18,centro,1.77
2016-09-19,centro,0.0
2016-09-20,centro,0.0
2016-09-21,centro,0.0
2016-09-22,centro,0.2
2016-09-23,centro,0.0
2016-09-24,centro,1.4000000000000001
2016-09-25,centro,1.2000000000000002
2016-09-26,centro,0.0
2016-09-27,centro,0.0
2016-09-28,centro,0.0
2016-09-29,centro,0.0
2016-09-30,centro,1.4000000000000001
2016-10-01,centro,7.12
2016-10-02,centro,0.8
2016-10-03,centro,4.37
2016-10-04,centro,4.7700000000000005
2016-10-05,centro,8.14
2016-10-06,centro,42.63
2016-10-07,centro,3.75
2016-10-08,centro,0.2
2016-10-09,centro,0.0
2016-10-10,centro,0.2
2016-10-11,centro,6.72
2016-10-12,centro,18.13
2016-10-13,centro,22.02
2016-10-14,centro,0.0
2016-10-15,centro,0.2
2016-10-16,centro,6.48
2016-10-17,centro,4.33
2016-10-18,centro,2.77
2016-10-19,centro,40.74
2016-10-20,centro,32.87
2016-10-21,centro,0.2
2016-10-22,centro,0.0
2016-10-23,centro,0.4
2016-10-24,centro,1.98
2016-10-25,centro,58.45
2016-10-26,centro,17.830000000000002
2016-10-27,centro,0.2
2016-10-28,centro,0.0
2016-10-29,centro,0.0
2016-10-30,centro,0.0
2016-10-31,centro,0.0
2016-11-01,centro,0.0
2016-11-02,centro,0.2
2016-11-03,centro,0.6000000000000001
2016-11-04,centro,0.8
2016-11-05,centro,0.0
2016-11-06,centro,0.0
2016-11-07,centro,0.8
2016-11-08,centro,0.0
2016-11-09,centro,18.7
2016-11-10,centro,0.0
2016-11-11,centro,0.0
2016-11-12,centro,2.58
2016-11-13,centro,0.0
2016-11-14,centro,0.6000000000000001
2016-11-15,centro,11.03
2016-11-16,centro,17.13
2016-11-17,centro,19.85
2016-11-18,centro,0.0
2016-11-19,centro,0.0
2016-11-20,centro,0.0
2016-11-21,centro,0.0
2016-11-22,centro,4.180000000000001
2016-11-23,centro,2.6
2016-11-24,centro,0.0
2016-11-25,centro,0.4
2016-11-26,centro,2.2
2016-11-27,centro,0.4
2016-11-28,centro,5.52
2016-11-29,centro,10.26
2016-11-30,centro,0.0
2016-12-01,centro,0.2
2016-12-02,centro,3.56
2016-12-03,centro,5.92
2016-12-04,centro,0.2
2016-12-05,centro,0.0
2016-12-06,centro,0.0
2016-12-07,centro,0.0
2016-12-08,centro,14.36
2016-12-09,centro,16.580000000000002
2016-12-10,centro,5.59
2016-12-11,centro,0.0
2016-12-12,centro,0.2
2016-12-13,centro,5.699999999999999
2016-12-14,centro,0.2
2016-12-15,centro,0.0
2016-12-16,centro,23.650000000000002
2016-12-17,centro,14.26
2016-12-18,centro,0.6000000000000001
2016-12-19,centro,0.0
2016-12-20,centro,26.75
2016-12-21,centro,6.7
2016-12-22,centro,0.4
2016-12-23,centro,0.2
2016-12-24,centro,0.4
2016-12-25,centro,0.0
2016-12-26,centro,0.0
2016-12-27,centro,19.66
2016-12-28,centro,0.0
2016-12-29,centro,0.4
2016-12-30,centro,0.6000000000000001
2016-12-31,centro,11.3
2017-01-01,centro,7.7
2017-01-02,centro,0.0
2017-01-03,centro,0.2
2017-01-04,centro,20.3
2017-01-05,centro,9.3
2017-01-06,centro,0.0
2017-01-07,centro,0.0
2017-01-08,centro,2.17
2017-01-09,centro,1.18
2017-01-10,centro,12.440000000000001
2017-01-11,centro,2.16
2017-01-12,centro,0.99
2017-01-13,centro,0.0
2017-01-14,centro,0.0
2017-01-15,centro,0.0
2017-01-16,centro,21.8
2017-01-17,centro,8.549999999999999
2017-01-18,centro,30.93
2017-01-19,centro,0.2
2017-01-20,centro,0.0
2017-01-21,centro,0.0
2017-01-22,centro,17.19
2017-01-23,centro,10.25
2017-01-24,centro,1.98
2017-01-25,centro,19.69
2017-01-26,centro,40.19
2017-01-27,centro,0.8
2017-01-28,centro,11.51
2017-01-29,centro,24.23
2017-01-30,centro,65.35
2017-01-31,centro,47.85
2017-02-01,centro,12.23
2017-02-02,centro,5.92
2017-02-03,centro,1.78
2017-02-04,centro,0.0
2017-02-05,centro,1.38
2017-02-06,centro,0.0
2017-02-07,centro,1.19
2017-02-08,centro,0.8
2017-02-09,centro,0.39
2017-02-10,centro,0.0
2017-02-11,centro,20.9
2017-02-12,centro,43.84
2017-02-13,centro,2.2
2017-02-14,centro,0.4
2017-02-15,centro,0.0
2017-02-16,centro,0.0
2017-02-17,centro,0.0
2017-02-18,centro,0.0
2017-02-19,centro,0.0
2017-02-20,centro,0.0
2017-02-21,centro,0.0
2017-02-22,centro,0.0
2017-02-23,centro,70.55
2017-02-24,centro,0.0
2017-02-25,centro,20.14
2017-02-26,centro,0.0
2017-02-27,centro,0.99
2017-02-28,centro,1.18
2017-03-01,centro,25.83
2017-03-02,centro,0.0
2017-03-03,centro,18.38
2017-03-04,centro,20.52
2017-03-05,centro,9.66
2017-03-06,centro,2.17
2017-03-07,centro,9.07
2017-03-08,centro,14.96
2017-03-09,centro,1.19
2017-03-10,centro,1.3900000000000001
2017-03-11,centro,0.0
2017-03-12,centro,10.26
2017-03-13,centro,0.2
2017-03-14,centro,0.0
2017-03-15,centro,0.8
2017-03-16,centro,15.57
2017-03-17,centro,37.64
2017-03-18,centro,0.99
2017-03-19,centro,13.83
2017-03-20,centro,12.24
2017-03-21,centro,13.82
2017-03-22,centro,6.9
2017-03-23,centro,9.45
2017-03-24,centro,1.38
2017-03-25,centro,0.99
2017-03-26,centro,13.24
2017-03-27,centro,66.55
2017-03-28,centro,41.55
2017-03-29,centro,10.25
2017-03-30,centro,8.08
2017-03-31,centro,3.95
2017-04-01,centro,8.47
2017-04-02,centro,10.83
2017-04-03,centro,1.5699999999999998
2017-04-04,centro,0.0
2017-04-05,centro,6.53
2017-04-06,centro,7.89
2017-04-07,centro,19.53
2017-04-08,centro,42.13
2017-04-09,centro,3.56
2017-04-10,centro,2.39
2017-04-11,centro,54.82
2017-04-12,centro,0.0
2017-04-13,centro,0.0
2017-04-14,centro,0.0
2017-04-15,centro,2.55
2017-04-16,centro,12.82
2017-04-17,centro,0.99
2017-04-18,centro,5.53
2017-04-19,centro,7.5
2017-04-20,centro,4.5600000000000005
2017-04-21,centro,4.17
2017-04-22,centro,0.0
2017-04-23,centro,0.5900000000000001
2017-04-24,centro,0.4
2017-04-25,centro,0.0
2017-04-26,centro,11.700000000000001
2017-04-27,centro,0.0
2017-04-28,centro,0.0
2017-04-29,centro,0.0
2017-04-30,centro,0.0
2017-05-01,centro,0.0
2017-05-02,centro,2.0
2017-05-03,centro,0.0
2017-05-04,centro,5.16
2017-05-05,centro,0.2
2017-05-06,centro,0.8
2017-05-07,centro,1.38
2017-05-08,centro,0.6000000000000001
2017-05-09,centro,0.0
2017-05-10,centro,0.0
2017-05-11,centro,0.0
2017-05-12,centro,0.0
2017-05-13,centro,4.53
2017-05-14,centro,0.0
2017-05-15,centro,0.0
2017-05-16,centro,0.0
2017-05-17,centro,3.18
2017-05-18,centro,53.53
2017-05-19,centro,94.52
2017-05-20,centro,11.5
2017-05-21,centro,2.5900000000000003
2017-05-22,centro,0.6000000000000001
2017-05-23,centro,0.8
2017-05-24,centro,1.58
2017-05-25,centro,0.0
2017-05-26,centro,2.17
2017-05-27,centro,60.26
2017-05-28,centro,7.3500000000000005
2017-05-29,centro,17.93
2017-05-30,centro,27.64
2017-05-31,centro,61.800000000000004
2017-06-01,centro,0.2
2017-06-02,centro,0.0
2017-06-03,centro,1.0
2017-06-04,centro,33.06
2017-06-05,centro,16.19
2017-06-06,centro,11.99
2017-06-07,centro,1.2000000000000002
2017-06-08,centro,5.18
2017-06-09,centro,0.0
2017-06-10,centro,0.0
2017-06-11,centro,0.0
2017-06-12,centro,0.0
2017-06-13,centro,0.0
2017-06-14,centro,0.8
2017-06-15,centro,0.0
2017-06-16,centro,0.0
2017-06-17,centro,0.0
2017-06-18,centro,0.0
2017-06-19,centro,10.190000000000001
2017-06-20,centro,0.6000000000000001
2017-06-21,centro,0.0
2017-06-22,centro,1.4000000000000001
2017-06-23,centro,0.2
2017-06-24,centro,0.4
2017-06-25,centro,0.0
2017-06-26,centro,0.2
2017-06-27,centro,0.0
2017-06-28,centro,0.0
2017-06-29,centro,0.0
2017-06-30,centro,0.2
2017-07-01,centro,0.6000000000000001
2017-07-02,centro,0.0
2017-07-03,centro,1.3900000000000001
2017-07-04,centro,8.11
2017-07-05,centro,0.0
2017-07-06,centro,0.0
2017-07-07,centro,1.78
2017-07-08,centro,0.6000000000000001
2017-07-09,centro,0.0
2017-07-10,centro,0.0
2017-07-11,centro,0.0
2017-07-12,centro,0.0
2017-07-13,centro,0.0
2017-07-14,centro,0.0
2017-07-15,centro,0.0
2017-07-16,centro,0.0
2017-07-17,centro,5.58
2017-07-18,centro,1.0
2017-07-19,centro,0.0
2017-07-20,centro,0.0
2017-07-21,centro,0.0
2017-07-22,centro,0.0
2017-07-23,centro,0.0
2017-07-24,centro,0.0
2017-07-25,centro,0.0
2017-07-26,centro,0.0
2017-07-27,centro,0.0
2017-07-28,centro,0.0
2017-07-29,centro,0.0
2017-07-30,centro,0.0
2017-07-31,centro,0.0
2017-08-01,centro,0.0
2017-08-02,centro,8.86
2017-08-03,centro,8.08
2017-08-04,centro,0.0
2017-08-05,centro,0.0
2017-08-06,centro,0.0
2017-08-07,centro,0.0
2017-08-08,centro,5.909999999999999
2017-08-09,centro,0.0
2017-08-10,centro,0.0
2017-08-11,centro,5.94
2017-08-12,centro,1.4000000000000001
2017-08-13,centro,11.63
2017-08-14,centro,0.2
2017-08-15,centro,3.4000000000000004
2017-08-16,centro,0.0
2017-08-17,centro,0.8
2017-08-18,centro,0.2
2017-08-19,centro,6.52
2017-08-20,centro,35.11
2017-08-21,centro,0.0
2017-08-22,centro,0.0
2017-08-23,centro,0.0
2017-08-24,centro,0.0
2017-08-25,centro,0.0
2017-08-26,centro,0.0
2017-08-27,centro,0.0
2017-08-28,centro,0.0
2017-08-29,centro,0.0
2017-08-30,centro,0.0
2017-08-31,centro,1.0
2017-09-01,centro,0.8
2017-09-02,centro,0.0
2017-09-03,centro,0.0
2017-09-04,centro,0.0
2017-09-05,centro,0.0
2017-09-06,centro,0.2
2017-09-07,centro,0.0
2017-09-08,centro,0.0
2017-09-09,centro,0.8
2017-09-10,centro,0.0
2017-09-11,centro,0.0
2017-09-12,centro,0.0
2017-09-13,centro,0.0
2017-09-14,centro,0.0
2017-09-15,centro,0.0
2017-09-16,centro,0.2
2017-09-17,centro,2.39
2017-09-18,centro,0.0
2017-09-19,centro,0.0
2017-09-20,centro,0.0
2017-09-21,centro,0.0
2017-09-22,centro,0.0
2017-09-23,centro,0.0
2017-09-24,centro,4.37
2017-09-25,centro,2.39
2017-09-26,centro,0.2
2017-09-27,centro,0.0
2017-09-28,centro,10.67
2017-09-29,centro,85.54
2017-09-30,centro,74.53
2017-10-01,centro,1.3900000000000001
2017-10-02,centro,1.0
2017-10-03,centro,0.0
2017-10-04,centro,0.0
2017-10-05,centro,0.0
2017-10-06,centro,39.47
2017-10-07,centro,42.32
2017-10-08,centro,37.95
2017-10-09,centro,1.0
2017-10-10,centro,1.19
2017-10-11,centro,0.79
2017-10-12,centro,0.6000000000000001
2017-10-13,centro,16.74
2017-10-14,centro,4.75
2017-10-15,centro,8.32
2017-10-16,centro,0.2
2017-10-17,centro,1.3900000000000001
2017-10-18,centro,0.0
2017-10-19,centro,2.77
2017-10-20,centro,0.0
2017-10-21,centro,8.08
2017-10-22,centro,4.33
2017-10-23,centro,0.0
2017-10-24,centro,0.0
2017-10-25,centro,15.97
2017-10-26,centro,0.79
2017-10-27,centro,1.2000000000000002
2017-10-28,centro,0.0
2017-10-29,centro,2.4000000000000004
2017-10-30,centro,2.5700000000000003
2017-10-31,centro,0.79
2017-11-01,centro,0.0
2017-11-02,centro,0.0
2017-11-03,centro,0.0
2017-11-04,centro,17.3
2017-11-05,centro,2.57
2017-11-06,centro,1.3900000000000001
2017-11-07,centro,2.17
2017-11-08,centro,6.12
2017-11-09,centro,2.79
2017-11-10,centro,39.66
2017-11-11,centro,0.0
2017-11-12,centro,0.0
2017-11-13,centro,0.0
2017-11-14,centro,0.0
2017-11-15,centro,0.0
2017-11-16,centro,8.47
2017-11-17,centro,8.49
2017-11-18,centro,38.39
2017-11-19,centro,0.6000000000000001
2017-11-20,centro,2.6
2017-11-21,centro,6.71
2017-11-22,centro,0.6000000000000001
2017-11-23,centro,0.0
2017-11-24,centro,0.0
2017-11-25,centro,8.47
2017-11-26,centro,0.0
2017-11-27,centro,0.0
2017-11-28,centro,0.6000000000000001
2017-11-29,centro,0.0
2017-11-30,centro,0.0
2017-12-01,centro,2.37
2017-12-02,centro,0.4
2017-12-03,centro,2.37
2017-12-04,centro,2.5500000000000003
2017-12-05,centro,0.0
2017-12-06,centro,0.2
2017-12-07,centro,1.9700000000000002
2017-12-08,centro,0.0
2017-12-09,centro,0.0
2017-12-10,centro,0.0
2017-12-11,centro,0.6000000000000001
2017-12-12,centro,0.2
2017-12-13,centro,0.0
2017-12-14,centro,0.0
2017-12-15,centro,0.0
2017-12-16,centro,0.0
2017-12-17,centro,43.84
2017-12-18,centro,2.97
2017-12-19,centro,8.32
2017-12-20,centro,43.35
2017-12-21,centro,2.7800000000000002
2017-12-22,centro,0.0
2017-12-23,centro,5.16
2017-12-24,centro,87.56
2017-12-25,centro,5.75
2017-12-26,centro,0.8
2017-12-27,centro,0.2
2017-12-28,centro,4.1499999999999995
2017-12-29,centro,42.32
2017-12-30,centro,3.18
2017-12-31,centro,3.3600000000000003
2018-01-01,centro,9.9
2018-01-02,centro,0.2
2018-01-03,centro,3.15
2018-01-04,centro,0.0
2018-01-05,centro,0.0
2018-01-06,centro,0.6000000000000001
2018-01-07,centro,1.19
2018-01-08,centro,0.0
2018-01-09,centro,4.98
2018-01-10,centro,39.410000000000004
2018-01-11,centro,40.01
2018-01-12,centro,4.54
2018-01-13,centro,46.63
2018-01-14,centro,27.63
2018-01-15,centro,19.31
2018-01-16,centro,106.42999999999999
2018-01-17,centro,25.54
2018-01-18,centro,7.7
2018-01-19,centro,6.3500000000000005
2018-01-20,centro,1.98
2018-01-21,centro,21.74
2018-01-22,centro,22.87
2018-01-23,centro,12.01
2018-01-24,centro,19.84
2018-01-25,centro,0.0
2018-01-26,centro,13.25
2018-01-27,centro,2.17
2018-01-28,centro,14.35
2018-01-29,centro,7.69
2018-01-30,centro,5.92
2018-01-31,centro,0.0
2018-02-01,centro,3.54
2018-02-02,centro,0.0
2018-02-03,centro,0.0
2018-02-04,centro,0.0
2018-02-05,centro,0.39
2018-02-06,centro,0.0
2018-02-07,centro,0.0
2018-02-08,centro,0.0
2018-02-09,centro,1.78
2018-02-10,centro,15.16
2018-02-11,centro,20.29
2018-02-12,centro,12.46
2018-02-13,centro,6.15
2018-02-14,centro,0.2
2018-02-15,centro,14.77
2018-02-16,centro,0.5900000000000001
2018-02-17,centro,0.0
2018-02-18,centro,0.0
2018-02-19,centro,17.1
2018-02-20,centro,0.0
2018-02-21,centro,47.15
2018-02-22,centro,0.98
2018-02-23,centro,0.2
2018-02-24,centro,0.5900000000000001
2018-02-25,centro,0.4
2018-02-26,centro,0.0
2018-02-27,centro,13.97
2018-02-28,centro,11.65
2018-03-01,centro,0.0
2018-03-02,centro,36.79
2018-03-03,centro,1.78
2018-03-04,centro,6.1000000000000005
2018-03-05,centro,10.24
2018-03-06,centro,11.23
2018-03-07,centro,1.2000000000000002
2018-03-08,centro,0.0
2018-03-09,centro,0.2
2018-03-10,centro,0.0
2018-03-11,centro,0.0
2018-03-12,centro,0.79
2018-03-13,centro,0.4
2018-03-14,centro,29.560000000000002
2018-03-15,centro,2.5700000000000003
2018-03-16,centro,1.2000000000000002
2018-03-17,centro,0.2
2018-03-18,centro,0.0
2018-03-19,centro,2.37
2018-03-20,centro,16.12
2018-03-21,centro,1.99
2018-03-22,centro,0.0
2018-03-23,centro,0.0
2018-03-24,centro,0.0
2018-03-25,centro,15.92
2018-03-26,centro,31.76
2018-03-27,centro,0.99
2018-03-28,centro,1.2000000000000002
2018-03-29,centro,22.02
2018-03-30,centro,15.94
2018-03-31,centro,3.1700000000000004
2018-04-01,centro,0.0
2018-04-02,centro,0.0
2018-04-03,centro,0.2
2018-04-04,centro,82.21
2018-04-05,centro,0.0
2018-04-06,centro,0.0
2018-04-07,centro,0.0
2018-04-08,centro,0.0
2018-04-09,centro,1.7799999999999998
2018-04-10,centro,0.0
2018-04-11,centro,0.0
2018-04-12,centro,0.0
2018-04-13,centro,2.37
2018-04-14,centro,1.6
2018-04-15,centro,9.08
2018-04-16,centro,8.69
2018-04-17,centro,5.9
2018-04-18,centro,1.58
2018-04-19,centro,0.0
2018-04-20,centro,0.0
2018-04-21,centro,0.0
2018-04-22,centro,0.0
2018-04-23,centro,0.0
2018-04-24,centro,0.0
2018-04-25,centro,0.0
2018-04-26,centro,0.0
2018-04-27,centro,0.0
2018-04-28,centro,0.0
2018-04-29,centro,0.0
2018-04-30,centro,0.0
2018-05-01,centro,1.2000000000000002
2018-05-02,centro,122.94
2018-05-03,centro,0.2
2018-05-04,centro,0.0
2018-05-05,centro,0.0
2018-05-06,centro,17.0
2018-05-07,centro,18.27
2018-05-08,centro,13.4
2018-05-09,centro,0.2
2018-05-10,centro,0.0
2018-05-11,centro,0.0
2018-05-12,centro,0.0
2018-05-13,centro,0.0
2018-05-14,centro,0.0
2018-05-15,centro,0.4
2018-05-16,centro,0.2
2018-05-17,centro,0.0
2018-05-18,centro,7.49
2018-05-19,centro,0.8
2018-05-20,centro,0.0
2018-05-21,centro,0.0
2018-05-22,centro,0.0
2018-05-23,centro,0.0
2018-05-24,centro,0.0
2018-05-25,centro,0.0
2018-05-26,centro,0.0
2018-05-27,centro,0.0
2018-05-28,centro,0.2
2018-05-29,centro,1.39
2018-05-30,centro,0.0
2018-05-31,centro,0.0
2018-06-01,centro,0.0
2018-06-02,centro,9.15
2018-06-03,centro,1.2000000000000002
2018-06-04,centro,2.77
2018-06-05,centro,2.97
2018-06-06,centro,0.0
2018-06-07,centro,7.7
2018-06-08,centro,0.0
2018-06-09,centro,0.0
2018-06-10,centro,0.0
2018-06-11,centro,0.0
2018-06-12,centro,0.6000000000000001
2018-06-13,centro,0.0
2018-06-14,centro,10.69
2018-06-15,centro,6.59
2018-06-16,centro,3.16
2018-06-17,centro,0.6000000000000001
2018-06-18,centro,1.6
2018-06-19,centro,1.0
2018-06-20,centro,0.0
2018-06-21,centro,0.0
2018-06-22,centro,0.0
2018-06-23,centro,0.0
2018-06-24,centro,1.4000000000000001
2018-06-25,centro,0.0
2018-06-26,centro,22.43
2018-06-27,centro,8.67
2018-06-28,centro,0.2
2018-06-29,centro,0.0
2018-06-30,centro,0.0
2018-07-01,centro,0.0
2018-07-02,centro,0.0
2018-07-03,centro,1.58
2018-07-04,centro,4.0
2018-07-05,centro,0.0
2018-07-06,centro,0.4
2018-07-07,centro,0.0
2018-07-08,centro,2.4000000000000004
2018-07-09,centro,0.2
2018-07-10,centro,0.4
2018-07-11,centro,0.0
2018-07-12,centro,0.0
2018-07-13,centro,0.0
2018-07-14,centro,0.0
2018-07-15,centro,0.0
2018-07-16,centro,0.0
2018-07-17,centro,0.0
2018-07-18,centro,0.0
2018-07-19,centro,0.0
2018-07-20,centro,0.0
2018-07-21,centro,0.2
2018-07-22,centro,1.79
2018-07-23,centro,0.0
2018-07-24,centro,10.120000000000001
2018-07-25,centro,20.67
2018-07-26,centro,0.0
2018-07-27,centro,0.0
2018-07-28,centro,0.0
2018-07-29,centro,9.47
2018-07-30,centro,2.99
2018-07-31,centro,0.2
2018-08-01,centro,0.0
2018-08-02,centro,15.440000000000001
2018-08-03,centro,6.91
2018-08-04,centro,0.0
2018-08-05,centro,0.0
2018-08-06,centro,0.0
2018-08-07,centro,0.0
2018-08-08,centro,1.3900000000000001
2018-08-09,centro,0.0
2018-08-10,centro,0.0
2018-08-11,centro,0.0
2018-08-12,centro,0.0
2018-08-13,centro,0.0
2018-08-14,centro,0.0
2018-08-15,centro,0.0
2018-08-16,centro,0.0
2018-08-17,centro,0.0
2018-08-18,centro,0.0
2018-08-19,centro,0.0
2018-08-20,centro,0.6000000000000001
2018-08-21,centro,5.58
2018-08-22,centro,12.01
2018-08-23,centro,0.0
2018-08-24,centro,18.53
2018-08-25,centro,0.2
2018-08-26,centro,0.0
2018-08-27,centro,0.0
2018-08-28,centro,0.0
2018-08-29,centro,0.0
2018-08-30,centro,0.0
2018-08-31,centro,0.0
2018-09-01,centro,0.0
2018-09-02,centro,10.3
2018-09-03,centro,53.02
2018-09-04,centro,2.19
2018-09-05,centro,0.2
2018-09-06,centro,0.0
2018-09-07,centro,0.0
2018-09-08,centro,0.0
2018-09-09,centro,0.0
2018-09-10,centro,0.0
2018-09-11,centro,4.33
2018-09-12,centro,19.93
2018-09-13,centro,8.540000000000001
2018-09-14,centro,6.34
2018-09-15,centro,5.34
2018-09-16,centro,4.76
2018-09-17,centro,2.4000000000000004
2018-09-18,centro,0.0
2018-09-19,centro,0.0
2018-09-20,centro,0.0
2018-09-21,centro,0.0
2018-09-22,centro,0.0
2018-09-23,centro,0.0
2018-09-24,centro,4.74
2018-09-25,centro,0.0
2018-09-26,centro,1.5899999999999999
2018-09-27,centro,0.0
2018-09-28,centro,3.3600000000000003
2018-09-29,centro,0.4
2018-09-30,centro,0.0
2018-10-01,centro,1.19
2018-10-02,centro,9.27
2018-10-03,centro,24.27
2018-10-04,centro,4.73
2018-10-05,centro,0.4
2018-10-06,centro,7.3100000000000005
2018-10-07,centro,30.28
2018-10-08,centro,5.91
2018-10-09,centro,15.780000000000001
2018-10-10,centro,9.85
2018-10-11,centro,13.44
2018-10-12,centro,0.4
2018-10-13,centro,7.11
2018-10-14,centro,34.25
2018-10-15,centro,14.620000000000001
2018-10-16,centro,4.0
2018-10-17,centro,23.08
2018-10-18,centro,1.58
2018-10-19,centro,0.0
2018-10-20,centro,0.0
2018-10-21,centro,5.9
2018-10-22,centro,0.0
2018-10-23,centro,0.4
2018-10-24,centro,47.46
2018-10-25,centro,28.69
2018-10-26,centro,11.450000000000001
2018-10-27,centro,0.0
2018-10-28,centro,3.16
2018-10-29,centro,0.2
2018-10-30,centro,0.0
2018-10-31,centro,5.5200000000000005
2018-11-01,centro,15.58
2018-11-02,centro,0.8
2018-11-03,centro,22.25
2018-11-04,centro,4.14
2018-11-05,centro,0.6000000000000001
2018-11-06,centro,0.8
2018-11-07,centro,1.4000000000000001
2018-11-08,centro,5.53
2018-11-09,centro,48.28
2018-11-10,centro,6.34
2018-11-11,centro,0.4
2018-11-12,centro,0.2
2018-11-13,centro,0.0
2018-11-14,centro,5.12
2018-11-15,centro,0.0
2018-11-16,centro,0.0
2018-11-17,centro,0.0
2018-11-18,centro,6.73
2018-11-19,centro,0.0
2018-11-20,centro,0.0
2018-11-21,centro,2.79
2018-11-22,centro,3.39
2018-11-23,centro,0.0
2018-11-24,centro,0.2
2018-11-25,centro,0.0
2018-11-26,centro,0.6000000000000001
2018-11-27,centro,1.0
2018-11-28,centro,0.2
2018-11-29,centro,9.32
2018-11-30,centro,46.33
2018-12-01,centro,1.1800000000000002
2018-12-02,centro,2.37
2018-12-03,centro,0.0
2018-12-04,centro,0.2
2018-12-05,centro,0.0
2018-12-06,centro,0.2
2018-12-07,centro,1.79
2018-12-08,centro,0.0
2018-12-09,centro,0.0
2018-12-10,centro,0.0
2018-12-11,centro,0.0
2018-12-12,centro,0.0
2018-12-13,centro,0.0
2018-12-14,centro,5.75
2018-12-15,centro,0.0
2018-12-16,centro,0.0
2018-12-17,centro,0.0
2018-12-18,centro,21.490000000000002
2018-12-19,centro,1.58
2018-12-20,centro,4.35
2018-12-21,centro,11.84
2018-12-22,centro,29.53
2018-12-23,centro,37.55
2018-12-24,centro,4.93
2018-12-25,centro,5.73
2018-12-26,centro,0.0
2018-12-27,centro,5.7
2018-12-28,centro,0.0
2018-12-29,centro,0.0
2018-12-30,centro,0.0
2018-12-31,centro,0.0
2019-01-01,centro,0.0
2019-01-02,centro,0.0
2019-01-03,centro,5.51
2019-01-04,centro,14.77
2019-01-05,centro,13.42
2019-01-06,centro,0.0
2019-01-07,centro,4.36
2019-01-08,centro,10.24
2019-01-09,centro,0.0
2019-01-10,centro,0.0
2019-01-11,centro,0.0
2019-01-12,centro,42.14
2019-01-13,centro,2.8000000000000003
2019-01-14,centro,34.16
2019-01-15,centro,3.15
2019-01-16,centro,0.6000000000000001
2019-01-17,centro,0.8
2019-01-18,centro,1.99
2019-01-19,centro,54.24
2019-01-20,centro,0.4
2019-01-21,centro,0.7899999999999999
2019-01-22,centro,0.0
2019-01-23,centro,0.0
2019-01-24,centro,7.870000000000001
2019-01-25,centro,6.3100000000000005
2019-01-26,centro,0.0
2019-01-27,centro,39.75
2019-01-28,centro,0.0
2019-01-29,centro,0.0
2019-01-30,centro,0.0
2019-01-31,centro,0.0
2019-02-01,centro,5.12
2019-02-02,centro,5.54
2019-02-03,centro,12.620000000000001
2019-02-04,centro,6.54
2019-02-05,centro,3.56
2019-02-06,centro,0.0
2019-02-07,centro,0.0
2019-02-08,centro,0.0
2019-02-09,centro,0.0
2019-02-10,centro,0.0
2019-02-11,centro,18.98
2019-02-12,centro,0.2
2019-02-13,centro,0.0
2019-02-14,centro,0.0
2019-02-15,centro,41.92
2019-02-16,centro,54.4
2019-02-17,centro,126.91
2019-02-18,centro,0.0
2019-02-19,centro,1.18
2019-02-20,centro,22.82
2019-02-21,centro,31.77
2019-02-22,centro,0.0
2019-02-23,centro,10.04
2019-02-24,centro,0.0
2019-02-25,centro,16.72
2019-02-26,centro,0.2
2019-02-27,centro,35.87
2019-02-28,centro,0.8
2019-03-01,centro,0.2
2019-03-02,centro,0.0
2019-03-03,centro,0.0
2019-03-04,centro,0.0
2019-03-05,centro,0.0
2019-03-06,centro,7.69
2019-03-07,centro,0.6000000000000001
2019-03-08,centro,0.0
2019-03-09,centro,38.96
2019-03-10,centro,9.48
2019-03-11,centro,1.0
2019-03-12,centro,1.77
2019-03-13,centro,6.890000000000001
2019-03-14,centro,78.69
2019-03-15,centro,63.03
2019-03-16,centro,26.15
2019-03-17,centro,0.4
2019-03-18,centro,2.36
2019-03-19,centro,0.0
2019-03-20,centro,0.2
2019-03-21,centro,2.18
2019-03-22,centro,11.280000000000001
2019-03-23,centro,0.2
2019-03-24,centro,0.0
2019-03-25,centro,0.6000000000000001
2019-03-26,centro,9.48
2019-03-27,centro,12.209999999999999
2019-03-28,centro,8.48
2019-03-29,centro,5.14
2019-03-30,centro,0.0
2019-03-31,centro,0.0
2019-04-01,centro,0.0
2019-04-02,centro,0.0
2019-04-03,centro,0.0
2019-04-04,centro,0.0
2019-04-05,centro,2.76
2019-04-06,centro,15.34
2019-04-07,centro,47.99
2019-04-08,centro,0.0
2019-04-09,centro,0.0
2019-04-10,centro,1.3900000000000001
2019-04-11,centro,0.0
2019-04-12,centro,0.0
2019-04-13,centro,0.0
2019-04-14,centro,0.0
2019-04-15,centro,0.0
2019-04-16,centro,9.05
2019-04-17,centro,0.0
2019-04-18,centro,0.0
2019-04-19,centro,0.0
2019-04-20,centro,0.0
2019-04-21,centro,10.540000000000001
2019-04-22,centro,55.02
2019-04-23,centro,7.6000000000000005
2019-04-24,centro,34.6
2019-04-25,centro,0.0
2019-04-26,centro,0.0
2019-04-27,centro,12.690000000000001
2019-04-28,centro,4.4
2019-04-29,centro,0.0
2019-04-30,centro,0.0
2019-05-01,centro,3.0
2019-05-02,centro,7.37
2019-05-03,centro,0.0
2019-05-04,centro,0.0
2019-05-05,centro,0.0
2019-05-06,centro,4.3100000000000005
2019-05-07,centro,5.2
2019-05-08,centro,0.0
2019-05-09,centro,1.4000000000000001
2019-05-10,centro,0.2
2019-05-11,centro,6.2
2019-05-12,centro,6.4
2019-05-13,centro,1.6
2019-05-14,centro,0.4
2019-05-15,centro,4.2
2019-05-16,centro,9.0
2019-05-17,centro,8.4
2019-05-18,centro,9.200000000000001
2019-05-19,centro,7.4
2019-05-20,centro,2.2
2019-05-21,centro,1.6
2019-05-22,centro,0.8
2019-05-23,centro,1.0
2019-05-24,centro,1.6
2019-05-25,centro,1.4000000000000001
2019-05-26,centro,2.0
2019-05-27,centro,7.2
2019-05-28,centro,7.800000000000001
2019-05-29,centro,13.0
2019-05-30,centro,29.770000000000003
2019-05-31,centro,46.67
2019-06-01,centro,34.85
2019-06-02,centro,32.07
2019-06-03,centro,18.89
2019-06-04,centro,3.0
2019-06-05,centro,0.4
2019-06-06,centro,2.8000000000000003
2019-06-07,centro,0.2
2019-06-08,centro,0.0
2019-06-09,centro,0.0
2019-06-10,centro,0.0
2019-06-11,centro,0.0
2019-06-12,centro,0.0
2019-06-13,centro,0.0
2019-06-14,centro,0.0
2019-06-15,centro,0.0
2019-06-16,centro,0.0
2019-06-17,centro,0.2
2019-06-18,centro,0.0
2019-06-19,centro,0.0
2019-06-20,centro,0.0
2019-06-21,centro,0.0
2019-06-22,centro,0.0
2019-06-23,centro,0.0
2019-06-24,centro,0.0
2019-06-25,centro,0.0
2019-06-26,centro,21.19
2019-06-27,centro,17.78
2019-06-28,centro,6.6000000000000005
2019-06-29,centro,7.0
2019-06-30,centro,7.4
2019-07-01,centro,6.6000000000000005
2019-07-02,centro,7.800000000000001
2019-07-03,centro,7.0
2019-07-04,centro,11.8
2019-07-05,centro,3.8000000000000003
2019-07-06,centro,0.0
2019-07-07,centro,0.0
2019-07-08,centro,0.0
2019-07-09,centro,0.0
2019-07-10,centro,0.0
2019-07-11,centro,0.0
2019-07-12,centro,0.0
2019-07-13,centro,0.0
2019-07-14,centro,0.4
2019-07-15,centro,5.59
2019-07-16,centro,0.0
2019-07-18,centro,0.0
2019-07-19,centro,0.0
2019-07-20,centro,0.0
2019-07-22,centro,0.0
2019-07-23,centro,13.2
2019-07-24,centro,0.0
2019-07-25,centro,0.0
2019-07-26,centro,0.0
2019-07-27,centro,3.77
2019-07-28,centro,0.0
2019-07-29,centro,0.0
2019-07-30,centro,0.0
2019-07-31,centro,0.0
2019-08-01,centro,0.0
2019-08-02,centro,5.3100000000000005
2019-08-03,centro,0.0
2019-08-04,centro,0.0
2019-08-05,centro,0.6000000000000001
2019-08-06,centro,0.0
2019-08-07,centro,0.0
2019-08-08,centro,0.0
2019-08-09,centro,0.0
2019-08-10,centro,1.1800000000000002
2019-08-11,centro,0.4
2019-08-12,centro,0.0
2019-08-13,centro,6.7
2019-08-14,centro,1.0
2019-08-15,centro,0.4
2019-08-16,centro,0.0
2019-08-17,centro,0.0
2019-08-18,centro,7.3
2019-08-19,centro,13.16
2019-08-20,centro,0.2
2019-08-21,centro,1.4000000000000001
2019-08-22,centro,0.6000000000000001
2019-08-23,centro,0.2
2019-08-24,centro,0.0
2019-08-25,centro,0.0
2019-08-26,centro,0.6000000000000001
2019-08-27,centro,0.2
2019-08-28,centro,0.0
2019-08-30,centro,0.0
2019-08-31,centro,9.1
2019-09-01,centro,40.160000000000004
2019-09-02,centro,1.1800000000000002
2019-09-03,centro,1.2000000000000002
2019-09-04,centro,0.79
2019-09-05,centro,0.6000000000000001
2019-09-06,centro,16.12
2019-09-07,centro,0.0
2019-09-08,centro,0.2
2019-09-09,centro,0.0
2019-09-10,centro,0.0
2019-09-11,centro,0.0
2019-09-12,centro,9.65
2019-09-13,centro,3.8000000000000003
2019-09-14,centro,1.4000000000000001
2019-09-15,centro,0.0
2019-09-16,centro,0.6000000000000001
2019-09-17,centro,0.0
2019-09-18,centro,28.91
2019-09-19,centro,24.23
2019-09-20,centro,34.06
2019-09-21,centro,1.6
2019-09-22,centro,0.0
2019-09-23,centro,0.2
2019-09-24,centro,2.19
2019-09-25,centro,1.0
2019-09-26,centro,2.2
2019-09-27,centro,0.0
2019-09-28,centro,0.0
2019-09-29,centro,1.0
2019-09-30,centro,1.2000000000000002
2019-10-01,centro,0.0
2019-10-02,centro,0.0
2019-10-03,centro,0.0
2019-10-04,centro,0.0
2019-10-05,centro,1.8
2019-10-06,centro,25.880000000000003
2019-10-07,centro,7.57
2019-10-08,centro,0.0
2019-10-10,centro,0.0
2019-10-11,centro,0.0
2019-10-12,centro,0.0
2019-10-13,centro,0.4
2019-10-14,centro,13.41
2019-10-15,centro,18.45
2019-10-16,centro,5.99
2019-10-17,centro,19.3
2019-10-18,centro,0.0
2019-10-19,centro,0.2
2019-10-20,centro,0.0
2019-10-21,centro,3.79
2019-10-22,centro,0.0
2019-10-23,centro,0.2
2019-10-24,centro,0.0
2019-10-25,centro,2.57
2019-10-26,centro,4.54
2019-10-27,centro,10.290000000000001
2019-10-28,centro,0.0
2019-10-29,centro,0.0
2019-10-30,centro,0.0
2019-10-31,centro,0.0
2019-11-01,centro,10.08
2019-11-02,centro,1.78
2019-11-03,centro,0.0
2019-11-04,centro,0.0
2019-11-05,centro,0.0
2019-11-06,centro,0.0
2019-11-07,centro,0.0
2019-11-08,centro,0.0
2019-11-09,centro,0.0
2019-11-10,centro,0.0
2019-11-11,centro,0.0
2019-11-12,centro,1.0
2019-11-13,centro,3.98
2019-11-14,centro,7.1
2019-11-15,centro,0.2
2019-11-16,centro,0.0
2019-11-17,centro,0.0
2019-11-18,centro,0.0
2019-11-19,centro,0.0
2019-11-20,centro,3.7600000000000002
2019-11-21,centro,0.6000000000000001
2019-11-22,centro,2.96
2019-11-23,centro,2.79
2019-11-24,centro,0.0
2019-11-25,centro,0.0
2019-11-26,centro,25.39
2019-11-27,centro,20.1
2019-11-28,centro,0.4
2019-11-29,centro,0.0
2019-11-30,centro,0.0
2019-12-01,centro,0.6000000000000001
2019-12-02,centro,0.0
2019-12-03,centro,0.0
2019-12-04,centro,9.06
2019-12-05,centro,27.1
2019-12-06,centro,0.0
2019-12-07,centro,0.0
2019-12-08,centro,0.0
2019-12-09,centro,2.98
2019-12-10,centro,0.0
2019-12-11,centro,0.0
2019-12-12,centro,0.0
2019-12-13,centro,0.0
2019-12-14,centro,2.4000000000000004
2019-12-15,centro,2.8000000000000003
2019-12-16,centro,10.48
2019-12-17,centro,50.75
2019-12-18,centro,10.68
2019-12-19,centro,0.6000000000000001
2019-12-20,centro,0.0
2019-12-21,centro,0.0
2019-12-22,centro,1.0
2019-12-23,centro,1.2000000000000002
2019-12-24,centro,0.2
2019-12-25,centro,0.0
2019-12-26,centro,0.0
2019-12-27,centro,0.0
2019-12-28,centro,0.0
2019-12-29,centro,0.0
2019-12-30,centro,0.0
2019-12-31,centro,0.0
2020-01-01,centro,14.38
2020-01-02,centro,1.6
2020-01-03,centro,7.49
2020-01-04,centro,112.73
2020-01-05,centro,0.8
2020-01-06,centro,0.0
2020-01-07,centro,11.42
2020-01-08,centro,20.04
2020-01-09,centro,0.0
2020-01-10,centro,1.77
2020-01-11,centro,1.3900000000000001
2020-01-12,centro,0.0
2020-01-13,centro,0.0
2020-01-14,centro,0.0
2020-01-15,centro,0.0
2020-01-16,centro,4.95
2020-01-17,centro,0.0
2020-01-18,centro,0.0
2020-01-19,centro,3.5900000000000003
2020-01-20,centro,0.0
2020-01-21,centro,0.0
2020-01-22,centro,10.18
2020-01-23,centro,1.6
2020-01-24,centro,1.4000000000000001
2020-01-25,centro,0.0
2020-01-26,centro,0.0
2020-01-27,centro,5.52
2020-01-28,centro,3.5500000000000003
2020-01-29,centro,22.28
2020-01-30,centro,5.15
2020-01-31,centro,16.21
2020-02-01,centro,0.2
2020-02-02,centro,24.04
2020-02-03,centro,31.01
2020-02-04,centro,13.0
2020-02-05,centro,18.8
2020-02-06,centro,13.600000000000001
2020-02-07,centro,17.400000000000002
2020-02-08,centro,19.6
2020-02-09,centro,15.200000000000001
2020-02-10,centro,13.4
2020-02-11,centro,14.8
2020-02-12,centro,30.830000000000002
2020-02-13,centro,20.400000000000002
2020-02-14,centro,3.8000000000000003
2020-02-15,centro,0.0
2020-02-16,centro,0.0
2020-02-17,centro,0.0
2020-02-18,centro,0.0
2020-02-19,centro,1.2000000000000002
2020-02-20,centro,0.0
2020-02-21,centro,0.0
2020-02-22,centro,0.0
2020-02-23,centro,0.0
2020-02-24,centro,0.0
2020-02-25,centro,14.99
2020-02-26,centro,29.26
2020-02-27,centro,24.18
2020-02-28,centro,14.4
2020-02-29,centro,3.2
2020-03-01,centro,2.0
2020-03-02,centro,8.200000000000001
2020-03-03,centro,6.800000000000001
2020-03-04,centro,7.2
2020-03-05,centro,5.2
2020-03-06,centro,2.6
2020-03-07,centro,0.0
2020-03-08,centro,0.0
2020-03-09,centro,0.0
2020-03-10,centro,0.0
2020-03-11,centro,0.0
2020-03-12,centro,0.0
2020-03-13,centro,0.0
2020-03-14,centro,0.0
2020-03-15,centro,0.0
2020-03-16,centro,8.55
2020-03-17,centro,5.800000000000001
2020-03-18,centro,0.8
2020-03-19,centro,0.0
2020-03-20,centro,0.0
2020-03-21,centro,0.0
2020-03-22,centro,0.0
2020-03-23,centro,0.2
2020-03-24,centro,6.6000000000000005
2020-03-25,centro,2.2
2020-03-26,centro,0.0
2020-03-27,centro,4.4
2020-03-28,centro,0.6000000000000001
2020-03-29,centro,0.0
2020-03-30,centro,0.0
2020-03-31,centro,0.0
2020-04-01,centro,1.0
2020-04-02,centro,0.0
2020-04-03,centro,0.0
2020-04-04,centro,0.0
2020-04-05,centro,0.0
2020-04-06,centro,9.99
2020-04-07,centro,3.2
2020-04-08,centro,0.0
2020-04-09,centro,0.0
2020-04-10,centro,0.0
2020-04-11,centro,0.0
2020-04-12,centro,0.0
2020-04-13,centro,0.0
2020-04-14,centro,3.2
2020-04-15,centro,0.0
2020-04-16,centro,0.0
2020-04-17,centro,0.6000000000000001
2020-04-18,centro,1.0
2020-04-19,centro,1.4000000000000001
2020-04-20,centro,0.0
2020-04-21,centro,0.0
2020-04-22,centro,0.0
2020-04-23,centro,0.0
2020-04-24,centro,0.0
2020-04-25,centro,0.0
2020-04-26,centro,0.0
2020-04-27,centro,3.0
2020-04-28,centro,4.0
2020-04-29,centro,1.2000000000000002
2020-04-30,centro,0.4
2020-05-01,centro,1.2000000000000002
2020-05-02,centro,0.0
2020-05-03,centro,0.0
2020-05-04,centro,0.0
2020-05-05,centro,0.0
2020-05-06,centro,3.8000000000000003
2020-05-07,centro,1.2000000000000002
2020-05-08,centro,0.0
2020-05-09,centro,0.0
2020-05-10,centro,0.0
2020-05-11,centro,0.0
2020-05-12,centro,0.0
2020-05-13,centro,3.6
2020-05-14,centro,5.2
2020-05-15,centro,3.6
2020-05-16,centro,3.4000000000000004
2020-05-17,centro,2.0
2020-05-18,centro,2.2
2020-05-19,centro,1.8
2020-05-20,centro,0.0
2020-05-21,centro,0.0
2020-05-22,centro,0.0
2020-05-23,centro,0.0
2020-05-24,centro,0.0
2020-05-25,centro,0.0
2020-05-26,centro,0.0
2020-05-27,centro,0.0
2020-05-28,centro,0.0
2020-05-29,centro,0.0
2020-05-30,centro,0.0
2020-05-31,centro,0.0
2020-06-01,centro,2.8000000000000003
2020-06-02,centro,3.0
2020-06-03,centro,4.2
2020-06-04,centro,3.8000000000000003
2020-06-05,centro,4.0
2020-06-06,centro,6.0
2020-06-07,centro,4.4
2020-06-08,centro,4.4
2020-06-09,centro,5.4
2020-06-10,centro,8.8
2020-06-11,centro,8.6
2020-06-12,centro,9.200000000000001
2020-06-13,centro,8.200000000000001
2020-06-14,centro,7.800000000000001
2020-06-15,centro,6.4
2020-06-16,centro,5.2
2020-06-17,centro,6.6000000000000005
2020-06-18,centro,0.2
2020-06-19,centro,0.0
2020-06-20,centro,0.0
2020-06-21,centro,0.0
2020-06-22,centro,0.0
2020-06-23,centro,0.0
2020-06-24,centro,0.0
2020-06-25,centro,0.0
2020-06-26,centro,1.4000000000000001
2020-06-27,centro,7.800000000000001
2020-06-28,centro,4.800000000000001
2020-06-29,centro,3.6
2020-06-30,centro,4.0
2020-07-01,centro,1.6
2020-07-02,centro,0.0
2020-07-03,centro,0.0
2020-07-04,centro,0.0
2020-07-05,centro,0.0
2020-07-06,centro,6.0
2020-07-07,centro,5.800000000000001
2020-07-08,centro,5.0
2020-07-09,centro,2.6
2020-07-10,centro,0.0
2020-07-11,centro,0.0
2020-07-12,centro,0.0
2020-07-13,centro,2.8000000000000003
2020-07-14,centro,5.0
2020-07-15,centro,4.800000000000001
2020-07-16,centro,3.4000000000000004
2020-07-17,centro,4.800000000000001
2020-07-18,centro,3.8000000000000003
2020-07-19,centro,0.2
2020-07-20,centro,0.0
2020-07-21,centro,0.0
2020-07-22,centro,0.0
2020-07-23,centro,0.0
2020-07-24,centro,0.0
2020-07-25,centro,0.0
2020-07-26,centro,0.8
2020-07-27,centro,0.0
2020-07-28,centro,4.4
2020-07-29,centro,15.200000000000001
2020-07-30,centro,1.6
2020-07-31,centro,0.8
2020-08-01,centro,0.0
2020-08-02,centro,0.0
2020-08-03,centro,0.0
2020-08-04,centro,0.0
2020-08-05,centro,0.0
2020-08-06,centro,0.0
2020-08-07,centro,0.0
2020-08-08,centro,0.0
2020-08-09,centro,0.0
2020-08-10,centro,0.0
2020-08-11,centro,0.0
2020-08-12,centro,3.8000000000000003
2020-08-13,centro,2.8000000000000003
2020-08-14,centro,1.2000000000000002
2020-08-15,centro,1.0
2020-08-16,centro,1.0
2020-08-17,centro,0.8
2020-08-18,centro,0.8
2020-08-19,centro,0.8
2020-08-20,centro,0.6000000000000001
2020-08-21,centro,0.6000000000000001
2020-08-22,centro,0.8
2020-08-23,centro,0.6000000000000001
2020-08-24,centro,0.6000000000000001
2020-08-25,centro,0.8
2020-08-26,centro,0.6000000000000001
2020-08-27,centro,0.6000000000000001
2020-08-28,centro,0.6000000000000001
2020-08-29,centro,0.4
2020-08-30,centro,0.6000000000000001
2020-08-31,centro,0.4
2020-09-01,centro,0.4
2020-09-02,centro,0.4
2020-09-03,centro,0.4
2020-09-04,centro,0.4
2020-09-05,centro,0.2
2020-09-06,centro,0.4
2020-09-07,centro,0.4
2020-09-08,centro,0.4
2020-09-09,centro,0.4
2020-09-10,centro,0.2
2020-09-11,centro,0.4
2020-09-12,centro,0.2
2020-09-13,centro,0.4
2020-09-14,centro,0.2
2020-09-15,centro,0.2
2020-09-16,centro,0.2
2020-09-17,centro,0.2
2020-09-18,centro,0.2
2020-09-19,centro,3.37
2020-09-20,centro,0.0
2020-09-21,centro,0.8
2020-09-22,centro,0.0
2020-09-23,centro,0.0
2020-09-24,centro,0.0
2020-09-25,centro,0.0
2020-09-26,centro,0.0
2020-09-27,centro,5.89
2020-09-28,centro,5.73
2020-09-29,centro,0.0
2020-09-30,centro,3.35
2020-10-01,centro,0.0
2020-10-02,centro,0.0
2020-10-03,centro,9.89
2020-10-04,centro,15.690000000000001
2020-10-05,centro,1.8
2020-10-06,centro,0.8
2020-10-07,centro,8.120000000000001
2020-10-08,centro,18.78
2020-10-09,centro,11.530000000000001
2020-10-10,centro,0.2
2020-10-11,centro,0.0
2020-10-12,centro,0.0
2020-10-13,centro,0.0
2020-10-14,centro,0.0
2020-10-15,centro,0.8
2020-10-16,centro,0.0
2020-10-17,centro,0.0
2020-10-18,centro,0.0
2020-10-19,centro,0.99
2020-10-20,centro,0.2
2020-10-21,centro,0.0
2020-10-22,centro,2.38
2020-10-23,centro,3.36
2020-10-24,centro,0.6000000000000001
2020-10-25,centro,0.0
2020-10-26,centro,0.0
2020-10-27,centro,0.0
2020-10-28,centro,0.0
2020-10-29,centro,8.32
2020-10-30,centro,15.97
2020-10-31,centro,2.18
2020-11-01,centro,1.78
2020-11-02,centro,0.0
2020-11-03,centro,0.4
2020-11-04,centro,0.2
2020-11-05,centro,0.0
2020-11-06,centro,0.0
2020-11-07,centro,0.0
2020-11-08,centro,1.99
2020-11-09,centro,10.67
2020-11-10,centro,0.8
2020-11-11,centro,15.88
2020-11-12,centro,3.1500000000000004
2020-11-13,centro,1.59
2020-11-14,centro,0.2
2020-11-15,centro,5.72
2020-11-16,centro,13.2
2020-11-17,centro,0.6000000000000001
2020-11-18,centro,39.05
2020-11-19,centro,12.81
2020-11-20,centro,0.0
2020-11-21,centro,3.56
2020-11-22,centro,0.6000000000000001
2020-11-23,centro,0.4
2020-11-24,centro,1.19
2020-11-25,centro,0.0
2020-11-26,centro,0.4
2020-11-27,centro,27.58
2020-11-28,centro,0.2
2020-11-29,centro,0.0
2020-11-30,centro,15.14
2020-12-01,centro,0.2
2020-12-02,centro,0.2
2020-12-03,centro,18.51
2020-12-04,centro,0.0
2020-12-05,centro,60.6
2020-12-06,centro,43.51
2020-12-07,centro,11.14
2020-12-08,centro,0.4
2020-12-09,centro,0.0
2020-12-10,centro,2.37
2020-12-11,centro,0.0
2020-12-12,centro,0.0
2020-12-13,centro,0.4
2020-12-14,centro,59.24
2020-12-15,centro,4.800000000000001
2020-12-16,centro,5.5
2020-12-17,centro,11.24
2020-12-18,centro,0.0
2020-12-19,centro,11.81
2020-12-20,centro,5.7700000000000005
2020-12-21,centro,1.9900000000000002
2020-12-22,centro,2.8000000000000003
2020-12-23,centro,5.2
2020-12-24,centro,0.4
2020-12-25,centro,0.0
2020-12-26,centro,20.47
2020-12-27,centro,34.85
2020-12-28,centro,18.45
2020-12-29,centro,6.13
2020-12-30,centro,0.0
2014-07-31,costaesilva,0.0
2014-08-01,costaesilva,5.718361446
2014-08-02,costaesilva,0.0
2014-08-03,costaesilva,0.0
2014-08-04,costaesilva,5.120050778
2014-08-05,costaesilva,0.0
2014-08-06,costaesilva,0.0
2014-08-07,costaesilva,0.0
2014-08-08,costaesilva,0.0
2014-08-09,costaesilva,0.0
2014-08-10,costaesilva,0.0
2014-08-11,costaesilva,0.0
2014-08-12,costaesilva,30.08082288
2014-08-13,costaesilva,2.57438
2014-08-14,costaesilva,0.0
2014-08-15,costaesilva,2.6
2014-08-16,costaesilva,45.703215593
2014-08-17,costaesilva,0.0
2014-08-18,costaesilva,0.2
2014-08-19,costaesilva,0.0
2014-08-20,costaesilva,0.0
2014-08-21,costaesilva,0.0
2014-08-22,costaesilva,0.0
2014-08-23,costaesilva,0.0
2014-08-24,costaesilva,0.0
2014-08-25,costaesilva,2.37072
2014-08-26,costaesilva,0.78902
2014-08-27,costaesilva,0.0
2014-08-28,costaesilva,0.0
2014-08-29,costaesilva,0.0
2014-08-30,costaesilva,0.0
2014-08-31,costaesilva,23.382301276
2014-09-01,costaesilva,0.0
2014-09-02,costaesilva,22.635091756
2014-09-03,costaesilva,3.96706
2014-09-04,costaesilva,2.781098362
2014-09-05,costaesilva,1.982165752
2014-09-06,costaesilva,0.2
2014-09-07,costaesilva,0.98902
2014-09-08,costaesilva,0.0
2014-09-09,costaesilva,0.0
2014-09-10,costaesilva,0.0
2014-09-11,costaesilva,3.7926800000000003
2014-09-12,costaesilva,1.6
2014-09-13,costaesilva,0.0
2014-09-14,costaesilva,0.0
2014-09-15,costaesilva,0.2
2014-09-16,costaesilva,0.0
2014-09-17,costaesilva,0.0
2014-09-18,costaesilva,25.994775846
2014-09-19,costaesilva,8.065045752
2014-09-20,costaesilva,1.3817
2014-09-21,costaesilva,0.0
2014-09-22,costaesilva,0.0
2014-09-23,costaesilva,0.0
2014-09-24,costaesilva,15.562390037
2014-09-25,costaesilva,4.152567878
2014-09-26,costaesilva,0.8
2014-09-27,costaesilva,12.137780000000001
2014-09-28,costaesilva,8.93046
2014-09-29,costaesilva,6.509875774
2014-09-30,costaesilva,30.299208879
2014-10-01,costaesilva,1.3817
2014-10-02,costaesilva,0.0
2014-10-03,costaesilva,0.0
2014-10-04,costaesilva,0.0
2014-10-05,costaesilva,0.0
2014-10-06,costaesilva,0.2
2014-10-07,costaesilva,0.0
2014-10-08,costaesilva,0.0
2014-10-09,costaesilva,0.0
2014-10-10,costaesilva,0.0
2014-10-11,costaesilva,0.0
2014-10-12,costaesilva,0.2
2014-10-13,costaesilva,1.0
2014-10-14,costaesilva,0.6000000000000001
2014-10-15,costaesilva,3.3926800000000004
2014-10-16,costaesilva,1.38902
2014-10-17,costaesilva,4.350178403
2014-10-18,costaesilva,0.2
2014-10-19,costaesilva,6.128008675
2014-10-20,costaesilva,0.0
2014-10-21,costaesilva,0.0
2014-10-22,costaesilva,0.0
2014-10-23,costaesilva,0.0
2014-10-24,costaesilva,0.0
2014-10-25,costaesilva,0.0
2014-10-26,costaesilva,0.2
2014-10-27,costaesilva,0.0
2014-10-28,costaesilva,0.0
2014-10-29,costaesilva,0.0
2014-10-30,costaesilva,0.0
2014-10-31,costaesilva,0.0
2014-11-01,costaesilva,2.563865752
2014-11-02,costaesilva,2.0
2014-11-03,costaesilva,0.2
2014-11-04,costaesilva,14.195501266
2014-11-05,costaesilva,2.58536
2014-11-06,costaesilva,2.37804
2014-11-07,costaesilva,6.915937763
2014-11-08,costaesilva,0.0
2014-11-09,costaesilva,0.0
2014-11-10,costaesilva,0.0
2014-11-11,costaesilva,0.0
2014-11-12,costaesilva,0.0
2014-11-13,costaesilva,0.0
2014-11-14,costaesilva,3.745292677
2014-11-15,costaesilva,0.2
2014-11-16,costaesilva,0.0
2014-11-17,costaesilva,0.0
2014-11-18,costaesilva,0.0
2014-11-19,costaesilva,0.0
2014-11-20,costaesilva,5.7634
2014-11-21,costaesilva,1.7780399999999998
2014-11-22,costaesilva,11.631367956
2014-11-23,costaesilva,3.38536
2014-11-24,costaesilva,6.53046
2014-11-25,costaesilva,20.601357106
2014-11-26,costaesilva,2.7634
2014-11-27,costaesilva,0.0
2014-11-28,costaesilva,1.7743799999999998
2014-11-29,costaesilva,6.3121599999999995
2014-11-30,costaesilva,1.0
2014-12-01,costaesilva,0.0
2014-12-02,costaesilva,0.0
2014-12-03,costaesilva,31.415130626
2014-12-04,costaesilva,1.8
2014-12-05,costaesilva,0.0
2014-12-06,costaesilva,0.0
2014-12-07,costaesilva,0.59268
2014-12-08,costaesilva,0.0
2014-12-09,costaesilva,6.109137434
2014-12-10,costaesilva,10.433868861999999
2014-12-11,costaesilva,47.514652687
2014-12-12,costaesilva,6.508525996
2014-12-13,costaesilva,37.063397224
2014-12-14,costaesilva,0.6000000000000001
2014-12-15,costaesilva,0.2
2014-12-16,costaesilva,3.55292631
2014-12-17,costaesilva,0.0
2014-12-18,costaesilva,0.0
2014-12-19,costaesilva,3.37438
2014-12-20,costaesilva,0.0
2014-12-21,costaesilva,0.2
2014-12-22,costaesilva,40.548917042
2014-12-23,costaesilva,7.3268
2014-12-24,costaesilva,16.220751524
2014-12-25,costaesilva,5.19268
2014-12-26,costaesilva,10.535328991
2014-12-27,costaesilva,8.189491514
2014-12-28,costaesilva,6.303806268
2014-12-29,costaesilva,24.945047752
2014-12-30,costaesilva,0.2
2014-12-31,costaesilva,6.896655676
2015-01-01,costaesilva,0.0
2015-01-02,costaesilva,30.378666106
2015-01-03,costaesilva,2.0
2015-01-04,costaesilva,0.0
2015-01-05,costaesilva,30.804124544
2015-01-06,costaesilva,2.371823991
2015-01-07,costaesilva,0.4
2015-01-08,costaesilva,0.0
2015-01-09,costaesilva,0.59268
2015-01-10,costaesilva,5.325620161
2015-01-11,costaesilva,6.1149493
2015-01-12,costaesilva,31.915304406
2015-01-13,costaesilva,0.0
2015-01-14,costaesilva,21.447723369
2015-01-15,costaesilva,0.0
2015-01-16,costaesilva,0.0
2015-01-17,costaesilva,2.358503785
2015-01-18,costaesilva,1.7817
2015-01-19,costaesilva,2.96706
2015-01-20,costaesilva,70.441169048
2015-01-21,costaesilva,1.97072
2015-01-22,costaesilva,24.634353159
2015-01-23,costaesilva,0.2
2015-01-24,costaesilva,0.0
2015-01-25,costaesilva,30.295523377
2015-01-26,costaesilva,0.0
2015-01-27,costaesilva,1.5707200000000001
2015-01-28,costaesilva,7.490391438
2015-01-29,costaesilva,4.3341199999999995
2015-01-30,costaesilva,2.7926800000000003
2015-01-31,costaesilva,4.74876
2015-02-01,costaesilva,0.2
2015-02-02,costaesilva,0.0
2015-02-03,costaesilva,14.62395548
2015-02-04,costaesilva,36.187589402
2015-02-05,costaesilva,8.6902
2015-02-06,costaesilva,0.0
2015-02-07,costaesilva,6.687812842
2015-02-08,costaesilva,1.5780399999999999
2015-02-09,costaesilva,0.0
2015-02-10,costaesilva,4.327583625
2015-02-11,costaesilva,0.0
2015-02-12,costaesilva,16.945172581
2015-02-13,costaesilva,14.58772
2015-02-14,costaesilva,53.14356
2015-02-15,costaesilva,10.97072
2015-02-16,costaesilva,10.46824
2015-02-17,costaesilva,27.310859999999998
2015-02-18,costaesilva,11.57804
2015-02-19,costaesilva,12.991068781
2015-02-20,costaesilva,12.3268
2015-02-21,costaesilva,2.2
2015-02-22,costaesilva,0.2
2015-02-23,costaesilva,12.56942
2015-02-24,costaesilva,16.24628
2015-02-25,costaesilva,0.0
2015-02-26,costaesilva,0.0
2015-02-27,costaesilva,14.31582
2015-02-28,costaesilva,2.8000000000000003
2015-03-01,costaesilva,0.4
2015-03-02,costaesilva,0.0
2015-03-03,costaesilva,0.0
2015-03-04,costaesilva,0.0
2015-03-05,costaesilva,2.8000000000000003
2015-03-06,costaesilva,24.1438
2015-03-07,costaesilva,3.0
2015-03-08,costaesilva,0.0
2015-03-09,costaesilva,20.384059999999998
2015-03-10,costaesilva,18.2353
2015-03-11,costaesilva,10.4
2015-03-12,costaesilva,9.249939999999999
2015-03-13,costaesilva,25.282880000000002
2015-03-14,costaesilva,20.400000000000002
2015-03-15,costaesilva,20.1634
2015-03-16,costaesilva,10.0
2015-03-17,costaesilva,8.4
2015-03-18,costaesilva,6.2
2015-03-19,costaesilva,7.4
2015-03-20,costaesilva,5.6000000000000005
2015-03-21,costaesilva,5.6000000000000005
2015-03-22,costaesilva,9.200000000000001
2015-03-23,costaesilva,14.4
2015-03-24,costaesilva,7.0
2015-03-25,costaesilva,0.6000000000000001
2015-03-26,costaesilva,0.0
2015-03-27,costaesilva,6.0
2015-03-28,costaesilva,6.2
2015-03-29,costaesilva,9.600000000000001
2015-03-30,costaesilva,21.400000000000002
2015-03-31,costaesilva,20.0
2015-04-01,costaesilva,14.600000000000001
2015-04-02,costaesilva,1.4000000000000001
2015-04-03,costaesilva,0.0
2015-04-04,costaesilva,0.0
2015-04-05,costaesilva,1.8
2015-04-06,costaesilva,2.4000000000000004
2015-04-07,costaesilva,1.6
2015-04-08,costaesilva,1.8
2015-04-09,costaesilva,1.4000000000000001
2015-04-10,costaesilva,4.2
2015-04-11,costaesilva,0.8
2015-04-12,costaesilva,0.0
2015-04-13,costaesilva,0.0
2015-04-14,costaesilva,0.0
2015-04-15,costaesilva,0.0
2015-04-16,costaesilva,2.7800000000000002
2015-04-17,costaesilva,6.2
2015-04-18,costaesilva,12.200000000000001
2015-04-19,costaesilva,8.8
2015-04-20,costaesilva,6.4
2015-04-21,costaesilva,6.0
2015-04-22,costaesilva,5.6000000000000005
2015-04-23,costaesilva,8.6
2015-04-24,costaesilva,12.200000000000001
2015-04-25,costaesilva,10.4
2015-04-26,costaesilva,8.6
2015-04-27,costaesilva,11.600000000000001
2015-04-28,costaesilva,22.18
2015-04-29,costaesilva,3.0
2015-04-30,costaesilva,3.0
2015-05-01,costaesilva,0.0
2015-05-02,costaesilva,0.0
2015-05-03,costaesilva,6.92
2015-05-04,costaesilva,1.6
2015-05-05,costaesilva,0.0
2015-05-06,costaesilva,0.0
2015-05-07,costaesilva,0.0
2015-05-08,costaesilva,0.0
2015-05-09,costaesilva,0.0
2015-05-10,costaesilva,11.97
2015-05-11,costaesilva,2.6
2015-05-12,costaesilva,2.0
2015-05-13,costaesilva,3.95
2015-05-14,costaesilva,8.71
2015-05-15,costaesilva,16.39
2015-05-16,costaesilva,1.1800000000000002
2015-05-17,costaesilva,7.48
2015-05-18,costaesilva,0.4
2015-05-19,costaesilva,47.29
2015-05-20,costaesilva,4.19
2015-05-21,costaesilva,0.5900000000000001
2015-05-22,costaesilva,0.0
2015-05-23,costaesilva,0.0
2015-05-24,costaesilva,5.34
2015-05-25,costaesilva,26.470000000000002
2015-05-26,costaesilva,21.43
2015-05-27,costaesilva,35.27
2015-05-28,costaesilva,0.0
2015-05-29,costaesilva,0.0
2015-05-30,costaesilva,0.0
2015-05-31,costaesilva,0.0
2015-06-01,costaesilva,0.0
2015-06-02,costaesilva,0.0
2015-06-03,costaesilva,0.0
2015-06-04,costaesilva,0.0
2015-06-05,costaesilva,0.0
2015-06-06,costaesilva,0.0
2015-06-07,costaesilva,0.0
2015-06-08,costaesilva,0.0
2015-06-09,costaesilva,0.0
2015-06-10,costaesilva,0.0
2015-06-11,costaesilva,4.390000000000001
2015-06-12,costaesilva,18.09
2015-06-13,costaesilva,27.09
2015-06-14,costaesilva,7.4
2015-06-15,costaesilva,7.390000000000001
2015-06-16,costaesilva,1.4000000000000001
2015-06-17,costaesilva,0.0
2015-06-18,costaesilva,29.77
2015-06-19,costaesilva,6.800000000000001
2015-06-20,costaesilva,2.8000000000000003
2015-06-21,costaesilva,0.2
2015-06-22,costaesilva,0.2
2015-06-23,costaesilva,0.0
2015-06-24,costaesilva,0.4
2015-06-25,costaesilva,3.39
2015-06-26,costaesilva,1.98
2015-06-27,costaesilva,0.2
2015-06-28,costaesilva,0.2
2015-06-29,costaesilva,0.0
2015-06-30,costaesilva,0.6000000000000001
2015-07-01,costaesilva,0.0
2015-07-02,costaesilva,1.0
2015-07-03,costaesilva,0.0
2015-07-04,costaesilva,0.0
2015-07-05,costaesilva,1.0
2015-07-06,costaesilva,0.8
2015-07-07,costaesilva,5.58
2015-07-08,costaesilva,21.48
2015-07-09,costaesilva,0.0
2015-07-10,costaesilva,11.040000000000001
2015-07-11,costaesilva,0.0
2015-07-12,costaesilva,4.19
2015-07-13,costaesilva,5.91
2015-07-14,costaesilva,13.05
2015-07-15,costaesilva,8.4
2015-07-16,costaesilva,2.8000000000000003
2015-07-17,costaesilva,14.4
2015-07-18,costaesilva,5.2
2015-07-19,costaesilva,0.0
2015-07-20,costaesilva,2.8000000000000003
2015-07-21,costaesilva,7.2
2015-07-22,costaesilva,2.0
2015-07-23,costaesilva,2.8000000000000003
2015-07-24,costaesilva,7.4
2015-07-25,costaesilva,6.2
2015-07-26,costaesilva,3.2
2015-07-27,costaesilva,0.2
2015-07-28,costaesilva,0.0
2015-07-29,costaesilva,0.0
2015-07-30,costaesilva,0.0
2015-07-31,costaesilva,0.0
2015-08-01,costaesilva,0.0
2015-08-02,costaesilva,0.0
2015-08-03,costaesilva,0.0
2015-08-04,costaesilva,0.0
2015-08-05,costaesilva,0.0
2015-08-06,costaesilva,0.0
2015-08-07,costaesilva,0.0
2015-08-08,costaesilva,0.0
2015-08-09,costaesilva,0.0
2015-08-10,costaesilva,0.0
2015-08-11,costaesilva,0.0
2015-08-12,costaesilva,0.0
2015-08-13,costaesilva,0.0
2015-08-14,costaesilva,0.0
2015-08-15,costaesilva,0.0
2015-08-16,costaesilva,0.2
2015-08-17,costaesilva,0.0
2015-08-18,costaesilva,0.0
2015-08-19,costaesilva,0.0
2015-08-20,costaesilva,0.0
2015-08-21,costaesilva,0.4
2015-08-22,costaesilva,0.0
2015-08-23,costaesilva,0.6000000000000001
2015-08-24,costaesilva,3.6
2015-08-25,costaesilva,1.0
2015-08-26,costaesilva,1.4000000000000001
2015-08-27,costaesilva,4.4
2015-08-28,costaesilva,1.8
2015-08-29,costaesilva,1.2000000000000002
2015-08-30,costaesilva,1.0
2015-08-31,costaesilva,0.4
2015-09-01,costaesilva,1.9900000000000002
2015-09-02,costaesilva,3.8000000000000003
2015-09-03,costaesilva,4.0
2015-09-04,costaesilva,4.6000000000000005
2015-09-05,costaesilva,7.6000000000000005
2015-09-06,costaesilva,5.6000000000000005
2015-09-07,costaesilva,4.4
2015-09-08,costaesilva,2.6
2015-09-09,costaesilva,3.0
2015-09-10,costaesilva,2.6
2015-09-11,costaesilva,2.6
2015-09-12,costaesilva,2.4000000000000004
2015-09-13,costaesilva,2.2
2015-09-14,costaesilva,2.2
2015-09-15,costaesilva,2.2
2015-09-16,costaesilva,2.2
2015-09-17,costaesilva,2.8000000000000003
2015-09-18,costaesilva,2.8000000000000003
2015-09-19,costaesilva,2.8000000000000003
2015-09-20,costaesilva,2.6
2015-09-21,costaesilva,2.4000000000000004
2015-09-22,costaesilva,2.0
2015-09-23,costaesilva,1.8
2015-09-24,costaesilva,1.6
2015-09-25,costaesilva,1.4000000000000001
2015-09-26,costaesilva,1.4000000000000001
2015-09-27,costaesilva,1.6
2015-09-28,costaesilva,1.6
2015-09-29,costaesilva,1.6
2015-09-30,costaesilva,1.4000000000000001
2015-10-01,costaesilva,1.6
2015-10-02,costaesilva,1.6
2015-10-03,costaesilva,1.6
2015-10-04,costaesilva,1.4000000000000001
2015-10-05,costaesilva,1.6
2015-10-06,costaesilva,1.6
2015-10-07,costaesilva,1.8
2015-10-08,costaesilva,1.8
2015-10-09,costaesilva,2.0
2015-10-10,costaesilva,2.0
2015-10-11,costaesilva,2.0
2015-10-12,costaesilva,2.0
2015-10-13,costaesilva,2.0
2015-10-14,costaesilva,2.0
2015-10-15,costaesilva,2.6
2015-10-16,costaesilva,2.0
2015-10-17,costaesilva,1.6
2015-10-18,costaesilva,1.6
2015-10-19,costaesilva,1.6
2015-10-20,costaesilva,2.4000000000000004
2015-10-21,costaesilva,2.6
2015-10-22,costaesilva,4.0
2015-10-23,costaesilva,8.200000000000001
2015-10-24,costaesilva,50.97
2015-10-25,costaesilva,18.47
2015-10-26,costaesilva,2.0
2015-10-27,costaesilva,8.34
2015-10-28,costaesilva,15.120000000000001
2015-10-29,costaesilva,5.79
2015-10-30,costaesilva,2.6
2015-10-31,costaesilva,3.2
2015-11-01,costaesilva,3.8000000000000003
2015-11-02,costaesilva,12.780000000000001
2015-11-03,costaesilva,12.09
2015-11-04,costaesilva,4.2
2015-11-05,costaesilva,5.2
2015-11-06,costaesilva,7.800000000000001
2015-11-07,costaesilva,23.3
2015-11-08,costaesilva,3.0
2015-11-09,costaesilva,3.6
2015-11-10,costaesilva,3.4000000000000004
2015-11-11,costaesilva,3.2
2015-11-12,costaesilva,2.8000000000000003
2015-11-13,costaesilva,2.6
2015-11-14,costaesilva,2.6
2015-11-15,costaesilva,2.4000000000000004
2015-11-16,costaesilva,2.2
2015-11-17,costaesilva,2.4000000000000004
2015-11-18,costaesilva,3.0
2015-11-19,costaesilva,3.2
2015-11-20,costaesilva,3.6
2015-11-21,costaesilva,3.6
2015-11-22,costaesilva,4.0
2015-11-23,costaesilva,17.36
2015-11-24,costaesilva,3.6
2015-11-25,costaesilva,16.33
2015-11-26,costaesilva,13.01
2015-11-27,costaesilva,7.11
2015-11-28,costaesilva,2.7800000000000002
2015-11-29,costaesilva,4.95
2015-11-30,costaesilva,8.33
2015-12-01,costaesilva,0.4
2015-12-02,costaesilva,6.33
2015-12-03,costaesilva,10.34
2015-12-04,costaesilva,17.76
2015-12-05,costaesilva,5.890000000000001
2015-12-06,costaesilva,30.13
2015-12-07,costaesilva,1.8
2015-12-08,costaesilva,4.390000000000001
2015-12-09,costaesilva,0.0
2015-12-10,costaesilva,26.17
2015-12-11,costaesilva,0.2
2015-12-12,costaesilva,1.6
2015-12-13,costaesilva,3.35
2015-12-14,costaesilva,1.5799999999999998
2015-12-15,costaesilva,1.38
2015-12-16,costaesilva,0.0
2015-12-17,costaesilva,0.4
2015-12-18,costaesilva,0.2
2015-12-19,costaesilva,19.1
2015-12-20,costaesilva,45.17
2015-12-21,costaesilva,24.88
2015-12-22,costaesilva,0.4
2015-12-23,costaesilva,0.8
2015-12-24,costaesilva,33.29
2015-12-25,costaesilva,22.09
2015-12-26,costaesilva,0.0
2015-12-27,costaesilva,0.0
2015-12-28,costaesilva,28.77
2015-12-29,costaesilva,5.92
2015-12-30,costaesilva,0.2
2015-12-31,costaesilva,1.3900000000000001
2016-01-01,costaesilva,2.57
2016-01-02,costaesilva,4.55
2016-01-03,costaesilva,6.74
2016-01-04,costaesilva,1.58
2016-01-05,costaesilva,1.2000000000000002
2016-01-06,costaesilva,0.0
2016-01-07,costaesilva,0.0
2016-01-08,costaesilva,0.39
2016-01-09,costaesilva,36.3
2016-01-10,costaesilva,78.69
2016-01-11,costaesilva,0.0
2016-01-12,costaesilva,0.0
2016-01-13,costaesilva,0.0
2016-01-14,costaesilva,0.0
2016-01-15,costaesilva,5.5
2016-01-16,costaesilva,0.0
2016-01-17,costaesilva,0.0
2016-01-18,costaesilva,0.0
2016-01-19,costaesilva,0.0
2016-01-20,costaesilva,0.0
2016-01-21,costaesilva,11.290000000000001
2016-01-22,costaesilva,0.0
2016-01-23,costaesilva,0.0
2016-01-24,costaesilva,0.0
2016-01-25,costaesilva,13.07
2016-01-26,costaesilva,0.5900000000000001
2016-01-27,costaesilva,0.0
2016-01-28,costaesilva,36.02
2016-01-29,costaesilva,0.2
2016-01-30,costaesilva,0.0
2016-01-31,costaesilva,9.26
2016-02-01,costaesilva,3.34
2016-02-02,costaesilva,14.79
2016-02-03,costaesilva,15.77
2016-02-04,costaesilva,52.93
2016-02-05,costaesilva,0.4
2016-02-06,costaesilva,0.0
2016-02-07,costaesilva,0.0
2016-02-08,costaesilva,1.1800000000000002
2016-02-09,costaesilva,0.0
2016-02-10,costaesilva,0.0
2016-02-11,costaesilva,0.0
2016-02-12,costaesilva,0.0
2016-02-13,costaesilva,8.54
2016-02-14,costaesilva,1.38
2016-02-15,costaesilva,0.0
2016-02-16,costaesilva,0.0
2016-02-17,costaesilva,0.0
2016-02-18,costaesilva,74.68
2016-02-19,costaesilva,47.67
2016-02-20,costaesilva,0.0
2016-02-21,costaesilva,0.0
2016-02-22,costaesilva,0.0
2016-02-23,costaesilva,0.0
2016-02-24,costaesilva,0.0
2016-02-25,costaesilva,56.94
2016-02-26,costaesilva,0.0
2016-02-27,costaesilva,0.0
2016-02-28,costaesilva,0.0
2016-02-29,costaesilva,0.0
2016-03-01,costaesilva,0.0
2016-03-02,costaesilva,11.83
2016-03-03,costaesilva,49.33
2016-03-04,costaesilva,0.0
2016-03-05,costaesilva,0.0
2016-03-06,costaesilva,0.0
2016-03-07,costaesilva,3.15
2016-03-08,costaesilva,15.48
2016-03-09,costaesilva,0.0
2016-03-10,costaesilva,0.0
2016-03-11,costaesilva,1.98
2016-03-12,costaesilva,2.77
2016-03-13,costaesilva,0.0
2016-03-14,costaesilva,0.0
2016-03-15,costaesilva,0.2
2016-03-16,costaesilva,0.0
2016-03-17,costaesilva,0.0
2016-03-18,costaesilva,4.92
2016-03-19,costaesilva,6.5600000000000005
2016-03-20,costaesilva,0.0
2016-03-21,costaesilva,0.0
2016-03-22,costaesilva,11.819999999999999
2016-03-23,costaesilva,0.0
2016-03-24,costaesilva,45.75
2016-03-25,costaesilva,0.0
2016-03-26,costaesilva,0.0
2016-03-27,costaesilva,1.17
2016-03-28,costaesilva,0.0
2016-03-29,costaesilva,0.0
2016-03-30,costaesilva,0.2
2016-03-31,costaesilva,0.79
2016-04-01,costaesilva,0.0
2016-04-02,costaesilva,0.0
2016-04-03,costaesilva,1.98
2016-04-04,costaesilva,0.0
2016-04-05,costaesilva,0.0
2016-04-06,costaesilva,0.0
2016-04-07,costaesilva,45.52
2016-04-08,costaesilva,0.0
2016-04-09,costaesilva,0.0
2016-04-10,costaesilva,0.0
2016-04-11,costaesilva,13.93
2016-04-12,costaesilva,1.19
2016-04-13,costaesilva,0.0
2016-04-14,costaesilva,0.0
2016-04-15,costaesilva,0.0
2016-04-16,costaesilva,0.0
2016-04-17,costaesilva,0.0
2016-04-18,costaesilva,0.0
2016-04-19,costaesilva,0.0
2016-04-20,costaesilva,2.37
2016-04-21,costaesilva,0.0
2016-04-22,costaesilva,0.0
2016-04-23,costaesilva,0.0
2016-04-24,costaesilva,0.0
2016-04-25,costaesilva,0.0
2016-04-26,costaesilva,34.21
2016-04-27,costaesilva,0.0
2016-04-28,costaesilva,0.0
2016-04-29,costaesilva,0.0
2016-04-30,costaesilva,0.0
2016-05-01,costaesilva,0.0
2016-05-02,costaesilva,0.0
2016-05-03,costaesilva,0.0
2016-05-04,costaesilva,5.14
2016-05-05,costaesilva,0.0
2016-05-06,costaesilva,0.0
2016-05-07,costaesilva,4.34
2016-05-08,costaesilva,0.0
2016-05-09,costaesilva,2.96
2016-05-10,costaesilva,1.0
2016-05-11,costaesilva,0.0
2016-05-12,costaesilva,0.0
2016-05-13,costaesilva,19.08
2016-05-14,costaesilva,0.0
2016-05-15,costaesilva,0.0
2016-05-16,costaesilva,0.0
2016-05-17,costaesilva,0.0
2016-05-18,costaesilva,0.0
2016-05-19,costaesilva,37.74
2016-05-20,costaesilva,5.71
2016-05-21,costaesilva,41.11
2016-05-22,costaesilva,0.0
2016-05-23,costaesilva,4.33
2016-05-24,costaesilva,0.0
2016-05-25,costaesilva,0.0
2016-05-26,costaesilva,22.810000000000002
2016-05-27,costaesilva,4.73
2016-05-28,costaesilva,4.96
2016-05-29,costaesilva,0.2
2016-05-30,costaesilva,0.0
2016-05-31,costaesilva,0.0
2016-06-01,costaesilva,12.4
2016-06-02,costaesilva,0.0
2016-06-03,costaesilva,0.0
2016-06-04,costaesilva,2.5900000000000003
2016-06-05,costaesilva,1.59
2016-06-06,costaesilva,4.16
2016-06-07,costaesilva,0.0
2016-06-08,costaesilva,0.0
2016-06-09,costaesilva,0.0
2016-06-10,costaesilva,0.0
2016-06-11,costaesilva,0.0
2016-06-12,costaesilva,0.0
2016-06-13,costaesilva,0.0
2016-06-14,costaesilva,0.0
2016-06-15,costaesilva,0.0
2016-06-16,costaesilva,0.8
2016-06-17,costaesilva,17.29
2016-06-18,costaesilva,2.77
2016-06-19,costaesilva,0.4
2016-06-20,costaesilva,3.14
2016-06-21,costaesilva,28.34
2016-06-22,costaesilva,0.0
2016-06-23,costaesilva,0.0
2016-06-24,costaesilva,0.0
2016-06-25,costaesilva,0.0
2016-06-26,costaesilva,0.0
2016-06-27,costaesilva,0.0
2016-06-28,costaesilva,0.2
2016-06-29,costaesilva,0.0
2016-06-30,costaesilva,0.0
2016-07-02,costaesilva,0.0
2016-07-03,costaesilva,0.4
2016-07-04,costaesilva,0.0
2016-07-05,costaesilva,0.2
2016-07-06,costaesilva,0.0
2016-07-07,costaesilva,0.0
2016-07-08,costaesilva,0.0
2016-07-09,costaesilva,0.0
2016-07-10,costaesilva,0.5900000000000001
2016-07-11,costaesilva,0.2
2016-07-12,costaesilva,5.7
2016-07-13,costaesilva,6.11
2016-07-14,costaesilva,0.0
2016-07-15,costaesilva,25.19
2016-07-16,costaesilva,55.7
2016-07-17,costaesilva,0.0
2016-07-18,costaesilva,0.0
2016-07-19,costaesilva,0.0
2016-07-20,costaesilva,0.2
2016-07-21,costaesilva,0.0
2016-07-22,costaesilva,0.0
2016-07-23,costaesilva,0.0
2016-07-24,costaesilva,0.0
2016-07-25,costaesilva,0.0
2016-07-26,costaesilva,0.0
2016-07-27,costaesilva,0.0
2016-07-28,costaesilva,0.8
2016-07-29,costaesilva,0.8
2016-07-30,costaesilva,0.0
2016-07-31,costaesilva,0.0
2016-08-01,costaesilva,0.0
2016-08-02,costaesilva,3.39
2016-08-03,costaesilva,10.88
2016-08-04,costaesilva,1.6
2016-08-05,costaesilva,0.0
2016-08-06,costaesilva,0.0
2016-08-07,costaesilva,2.56
2016-08-08,costaesilva,21.3
2016-08-09,costaesilva,0.6000000000000001
2016-08-10,costaesilva,0.0
2016-08-11,costaesilva,0.0
2016-08-12,costaesilva,0.0
2016-08-13,costaesilva,0.0
2016-08-14,costaesilva,0.0
2016-08-15,costaesilva,7.1
2016-08-16,costaesilva,0.0
2016-08-17,costaesilva,9.47
2016-08-18,costaesilva,3.18
2016-08-19,costaesilva,32.11
2016-08-20,costaesilva,44.88
2016-08-21,costaesilva,20.310000000000002
2016-08-22,costaesilva,0.0
2016-08-23,costaesilva,0.0
2016-08-24,costaesilva,0.0
2016-08-25,costaesilva,0.0
2016-08-26,costaesilva,0.0
2016-08-27,costaesilva,0.0
2016-08-28,costaesilva,0.0
2016-08-29,costaesilva,0.0
2016-08-30,costaesilva,8.13
2016-08-31,costaesilva,0.2
2016-09-01,costaesilva,0.0
2016-09-02,costaesilva,1.59
2016-09-03,costaesilva,33.67
2016-09-04,costaesilva,9.120000000000001
2016-09-05,costaesilva,9.05
2016-09-06,costaesilva,0.2
2016-09-07,costaesilva,0.0
2016-09-08,costaesilva,0.0
2016-09-09,costaesilva,0.0
2016-09-10,costaesilva,0.0
2016-09-11,costaesilva,0.0
2016-09-12,costaesilva,0.4
2016-09-13,costaesilva,0.0
2016-09-14,costaesilva,0.0
2016-09-15,costaesilva,0.0
2016-09-16,costaesilva,0.0
2016-09-17,costaesilva,0.0
2016-09-18,costaesilva,1.78
2016-09-19,costaesilva,0.0
2016-09-20,costaesilva,0.0
2016-09-21,costaesilva,0.0
2016-09-22,costaesilva,0.2
2016-09-23,costaesilva,0.0
2016-09-24,costaesilva,1.6
2016-09-25,costaesilva,1.3900000000000001
2016-09-26,costaesilva,0.0
2016-09-27,costaesilva,0.0
2016-09-28,costaesilva,0.0
2016-09-29,costaesilva,0.0
2016-09-30,costaesilva,2.79
2016-10-01,costaesilva,15.4
2016-10-02,costaesilva,0.0
2016-10-03,costaesilva,2.8000000000000003
2016-10-04,costaesilva,5.94
2016-10-05,costaesilva,6.74
2016-10-06,costaesilva,46.59
2016-10-07,costaesilva,5.15
2016-10-08,costaesilva,0.0
2016-10-09,costaesilva,0.0
2016-10-10,costaesilva,0.6000000000000001
2016-10-11,costaesilva,4.54
2016-10-12,costaesilva,16.35
2016-10-13,costaesilva,18.49
2016-10-14,costaesilva,0.0
2016-10-15,costaesilva,0.4
2016-10-16,costaesilva,10.049999999999999
2016-10-17,costaesilva,3.36
2016-10-18,costaesilva,2.7800000000000002
2016-10-19,costaesilva,48.06
2016-10-20,costaesilva,13.59
2016-10-21,costaesilva,0.6000000000000001
2016-10-22,costaesilva,0.0
2016-10-23,costaesilva,0.6000000000000001
2016-10-24,costaesilva,2.56
2016-10-25,costaesilva,42.96
2016-10-26,costaesilva,14.81
2016-10-27,costaesilva,0.0
2016-10-28,costaesilva,0.0
2016-10-29,costaesilva,0.0
2016-10-30,costaesilva,0.0
2016-10-31,costaesilva,0.0
2016-11-01,costaesilva,0.0
2016-11-02,costaesilva,0.0
2016-11-03,costaesilva,1.0
2016-11-04,costaesilva,1.2000000000000002
2016-11-05,costaesilva,0.0
2016-11-06,costaesilva,1.19
2016-11-07,costaesilva,1.0
2016-11-08,costaesilva,0.0
2016-11-09,costaesilva,19.67
2016-11-10,costaesilva,0.2
2016-11-11,costaesilva,0.0
2016-11-12,costaesilva,2.0
2016-11-13,costaesilva,0.0
2016-11-14,costaesilva,0.4
2016-11-15,costaesilva,8.47
2016-11-16,costaesilva,15.76
2016-11-17,costaesilva,10.85
2016-11-18,costaesilva,0.0
2016-11-19,costaesilva,0.0
2016-11-20,costaesilva,0.0
2016-11-21,costaesilva,0.0
2016-11-22,costaesilva,2.39
2016-11-23,costaesilva,3.2
2016-11-24,costaesilva,0.0
2016-11-25,costaesilva,0.6000000000000001
2016-11-26,costaesilva,0.4
2016-11-27,costaesilva,0.4
2016-11-28,costaesilva,2.5700000000000003
2016-11-29,costaesilva,11.63
2016-11-30,costaesilva,0.2
2016-12-01,costaesilva,0.0
2016-12-02,costaesilva,2.0
2016-12-03,costaesilva,5.54
2016-12-04,costaesilva,0.4
2016-12-05,costaesilva,0.0
2016-12-06,costaesilva,0.0
2016-12-07,costaesilva,0.0
2016-12-08,costaesilva,14.780000000000001
2016-12-09,costaesilva,15.22
2016-12-10,costaesilva,5.2
2016-12-11,costaesilva,0.2
2016-12-12,costaesilva,0.0
2016-12-13,costaesilva,3.35
2016-12-14,costaesilva,0.6000000000000001
2016-12-15,costaesilva,0.39
2016-12-16,costaesilva,11.280000000000001
2016-12-17,costaesilva,13.46
2016-12-18,costaesilva,0.6000000000000001
2016-12-19,costaesilva,0.0
2016-12-20,costaesilva,34.08
2016-12-21,costaesilva,6.31
2016-12-22,costaesilva,1.0
2016-12-23,costaesilva,0.0
2016-12-24,costaesilva,0.0
2016-12-25,costaesilva,0.0
2016-12-26,costaesilva,0.0
2016-12-27,costaesilva,7.88
2016-12-28,costaesilva,0.0
2016-12-29,costaesilva,2.75
2016-12-30,costaesilva,0.6000000000000001
2016-12-31,costaesilva,10.83
2017-01-01,costaesilva,6.5
2017-01-02,costaesilva,2.37
2017-01-03,costaesilva,0.4
2017-01-04,costaesilva,19.74
2017-01-05,costaesilva,13.43
2017-01-06,costaesilva,0.2
2017-01-07,costaesilva,0.0
2017-01-08,costaesilva,1.3900000000000001
2017-01-09,costaesilva,5.5200000000000005
2017-01-10,costaesilva,8.86
2017-01-11,costaesilva,4.1499999999999995
2017-01-12,costaesilva,0.99
2017-01-13,costaesilva,0.0
2017-01-14,costaesilva,0.0
2017-01-15,costaesilva,0.0
2017-01-16,costaesilva,15.94
2017-01-17,costaesilva,7.11
2017-01-18,costaesilva,30.040000000000003
2017-01-19,costaesilva,0.2
2017-01-20,costaesilva,0.0
2017-01-21,costaesilva,0.2
2017-01-22,costaesilva,2.59
2017-01-23,costaesilva,6.12
2017-01-24,costaesilva,1.78
2017-01-25,costaesilva,21.48
2017-01-26,costaesilva,42.31
2017-01-27,costaesilva,0.2
2017-01-28,costaesilva,14.09
2017-01-29,costaesilva,14.41
2017-01-30,costaesilva,40.13
2017-01-31,costaesilva,36.77
2017-02-01,costaesilva,15.950000000000001
2017-02-02,costaesilva,11.44
2017-02-03,costaesilva,1.98
2017-02-04,costaesilva,0.0
2017-02-05,costaesilva,0.59
2017-02-06,costaesilva,0.4
2017-02-07,costaesilva,0.79
2017-02-08,costaesilva,4.74
2017-02-09,costaesilva,1.58
2017-02-10,costaesilva,3.94
2017-02-11,costaesilva,14.190000000000001
2017-02-12,costaesilva,72.27
2017-02-13,costaesilva,2.2
2017-02-14,costaesilva,9.64
2017-02-15,costaesilva,0.0
2017-02-16,costaesilva,0.0
2017-02-17,costaesilva,0.0
2017-02-18,costaesilva,0.0
2017-02-19,costaesilva,0.0
2017-02-20,costaesilva,0.0
2017-02-21,costaesilva,0.0
2017-02-22,costaesilva,0.0
2017-02-23,costaesilva,52.87
2017-02-24,costaesilva,0.0
2017-02-25,costaesilva,8.27
2017-02-26,costaesilva,7.5
2017-02-27,costaesilva,25.6
2017-02-28,costaesilva,0.0
2017-03-01,costaesilva,41.83
2017-03-02,costaesilva,0.0
2017-03-03,costaesilva,1.19
2017-03-04,costaesilva,4.78
2017-03-05,costaesilva,35.58
2017-03-06,costaesilva,1.3900000000000001
2017-03-07,costaesilva,1.4000000000000001
2017-03-08,costaesilva,5.33
2017-03-09,costaesilva,0.79
2017-03-10,costaesilva,5.5200000000000005
2017-03-11,costaesilva,0.0
2017-03-12,costaesilva,3.74
2017-03-13,costaesilva,0.0
2017-03-14,costaesilva,0.5900000000000001
2017-03-15,costaesilva,0.4
2017-03-16,costaesilva,21.33
2017-03-17,costaesilva,28.12
2017-03-18,costaesilva,0.99
2017-03-19,costaesilva,13.06
2017-03-20,costaesilva,8.91
2017-03-21,costaesilva,12.01
2017-03-22,costaesilva,9.26
2017-03-23,costaesilva,18.91
2017-03-24,costaesilva,2.75
2017-03-25,costaesilva,0.78
2017-03-26,costaesilva,4.92
2017-03-27,costaesilva,48.22
2017-03-28,costaesilva,39.94
2017-03-29,costaesilva,17.52
2017-03-30,costaesilva,5.5
2017-03-31,costaesilva,3.75
2017-04-01,costaesilva,8.86
2017-04-02,costaesilva,6.5
2017-04-03,costaesilva,2.96
2017-04-04,costaesilva,0.0
2017-04-05,costaesilva,5.94
2017-04-06,costaesilva,10.85
2017-04-07,costaesilva,10.68
2017-04-08,costaesilva,35.67
2017-04-09,costaesilva,0.4
2017-04-10,costaesilva,2.96
2017-04-11,costaesilva,43.66
2017-04-12,costaesilva,0.2
2017-04-13,costaesilva,0.0
2017-04-14,costaesilva,0.0
2017-04-15,costaesilva,4.73
2017-04-16,costaesilva,20.08
2017-04-17,costaesilva,1.59
2017-04-18,costaesilva,3.39
2017-04-19,costaesilva,7.07
2017-04-20,costaesilva,3.7600000000000002
2017-04-21,costaesilva,3.7500000000000004
2017-04-22,costaesilva,0.0
2017-04-23,costaesilva,0.0
2017-04-24,costaesilva,0.4
2017-04-25,costaesilva,0.0
2017-04-26,costaesilva,12.43
2017-04-27,costaesilva,0.0
2017-04-28,costaesilva,0.0
2017-04-29,costaesilva,0.0
2017-04-30,costaesilva,0.0
2017-05-01,costaesilva,0.2
2017-05-02,costaesilva,2.0
2017-05-03,costaesilva,0.0
2017-05-04,costaesilva,5.93
2017-05-05,costaesilva,0.2
2017-05-06,costaesilva,0.79
2017-05-07,costaesilva,0.0
2017-05-08,costaesilva,0.2
2017-05-09,costaesilva,0.0
2017-05-10,costaesilva,0.0
2017-05-11,costaesilva,0.0
2017-05-12,costaesilva,0.2
2017-05-13,costaesilva,4.14
2017-05-14,costaesilva,0.0
2017-05-15,costaesilva,0.0
2017-05-16,costaesilva,0.0
2017-05-17,costaesilva,2.58
2017-05-18,costaesilva,33.88
2017-05-19,costaesilva,121.03
2017-05-20,costaesilva,15.8
2017-05-21,costaesilva,2.39
2017-05-22,costaesilva,0.6000000000000001
2017-05-23,costaesilva,0.8
2017-05-24,costaesilva,1.77
2017-05-25,costaesilva,0.0
2017-05-26,costaesilva,6.699999999999999
2017-05-27,costaesilva,58.89
2017-05-28,costaesilva,7.15
2017-05-29,costaesilva,19.32
2017-05-30,costaesilva,20.6
2017-05-31,costaesilva,54.11
2017-06-01,costaesilva,0.2
2017-06-02,costaesilva,0.0
2017-06-03,costaesilva,0.4
2017-06-04,costaesilva,30.72
2017-06-05,costaesilva,13.8
2017-06-06,costaesilva,9.27
2017-06-07,costaesilva,1.2000000000000002
2017-06-08,costaesilva,2.5700000000000003
2017-06-09,costaesilva,0.0
2017-06-10,costaesilva,0.0
2017-06-11,costaesilva,0.0
2017-06-12,costaesilva,0.0
2017-06-13,costaesilva,0.0
2017-06-14,costaesilva,1.3800000000000001
2017-06-15,costaesilva,0.0
2017-06-16,costaesilva,0.0
2017-06-17,costaesilva,0.0
2017-06-18,costaesilva,0.0
2017-06-19,costaesilva,12.38
2017-06-20,costaesilva,0.8
2017-06-21,costaesilva,0.0
2017-06-22,costaesilva,1.0
2017-06-23,costaesilva,0.2
2017-06-24,costaesilva,0.0
2017-06-25,costaesilva,0.0
2017-06-26,costaesilva,0.0
2017-06-27,costaesilva,0.0
2017-06-28,costaesilva,0.0
2017-06-29,costaesilva,0.0
2017-06-30,costaesilva,0.4
2017-07-01,costaesilva,0.6000000000000001
2017-07-02,costaesilva,0.0
2017-07-03,costaesilva,1.9700000000000002
2017-07-04,costaesilva,3.56
2017-07-05,costaesilva,0.8
2017-07-06,costaesilva,0.0
2017-07-07,costaesilva,2.38
2017-07-08,costaesilva,1.3900000000000001
2017-07-09,costaesilva,0.2
2017-07-10,costaesilva,0.0
2017-07-11,costaesilva,0.0
2017-07-12,costaesilva,0.0
2017-07-13,costaesilva,0.0
2017-07-14,costaesilva,0.0
2017-07-15,costaesilva,0.0
2017-07-16,costaesilva,0.0
2017-07-17,costaesilva,7.17
2017-07-18,costaesilva,1.2000000000000002
2017-07-19,costaesilva,0.0
2017-07-20,costaesilva,0.0
2017-07-21,costaesilva,0.0
2017-07-22,costaesilva,0.0
2017-07-23,costaesilva,0.0
2017-07-24,costaesilva,0.0
2017-07-25,costaesilva,0.0
2017-07-26,costaesilva,0.0
2017-07-27,costaesilva,0.0
2017-07-28,costaesilva,0.0
2017-07-29,costaesilva,0.0
2017-07-30,costaesilva,0.0
2017-07-31,costaesilva,0.0
2017-08-01,costaesilva,0.0
2017-08-02,costaesilva,10.22
2017-08-03,costaesilva,8.44
2017-08-04,costaesilva,0.0
2017-08-05,costaesilva,0.0
2017-08-06,costaesilva,0.0
2017-08-07,costaesilva,0.0
2017-08-08,costaesilva,4.71
2017-08-09,costaesilva,0.0
2017-08-10,costaesilva,0.0
2017-08-11,costaesilva,4.17
2017-08-12,costaesilva,0.2
2017-08-13,costaesilva,10.66
2017-08-14,costaesilva,0.0
2017-08-15,costaesilva,4.0
2017-08-16,costaesilva,0.0
2017-08-17,costaesilva,0.0
2017-08-18,costaesilva,0.2
2017-08-19,costaesilva,4.3500000000000005
2017-08-20,costaesilva,32.12
2017-08-21,costaesilva,0.0
2017-08-22,costaesilva,0.0
2017-08-23,costaesilva,0.0
2017-08-24,costaesilva,0.0
2017-08-25,costaesilva,0.0
2017-08-26,costaesilva,0.0
2017-08-27,costaesilva,0.0
2017-08-28,costaesilva,0.0
2017-08-29,costaesilva,0.0
2017-08-30,costaesilva,0.0
2017-08-31,costaesilva,1.3900000000000001
2017-09-01,costaesilva,1.19
2017-09-02,costaesilva,0.0
2017-09-03,costaesilva,0.0
2017-09-04,costaesilva,0.0
2017-09-05,costaesilva,0.0
2017-09-06,costaesilva,0.0
2017-09-07,costaesilva,0.0
2017-09-08,costaesilva,0.0
2017-09-09,costaesilva,0.6000000000000001
2017-09-10,costaesilva,0.0
2017-09-11,costaesilva,0.0
2017-09-12,costaesilva,0.0
2017-09-13,costaesilva,0.0
2017-09-14,costaesilva,0.0
2017-09-15,costaesilva,0.2
2017-09-16,costaesilva,0.0
2017-09-17,costaesilva,2.2
2017-09-18,costaesilva,0.0
2017-09-19,costaesilva,0.0
2017-09-20,costaesilva,0.0
2017-09-21,costaesilva,0.0
2017-09-22,costaesilva,0.0
2017-09-23,costaesilva,0.0
2017-09-24,costaesilva,5.180000000000001
2017-09-25,costaesilva,2.8000000000000003
2017-09-26,costaesilva,0.0
2017-09-27,costaesilva,0.0
2017-09-28,costaesilva,12.46
2017-09-29,costaesilva,49.44
2017-09-30,costaesilva,80.9
2017-10-01,costaesilva,1.1800000000000002
2017-10-02,costaesilva,0.8
2017-10-03,costaesilva,0.0
2017-10-04,costaesilva,0.0
2017-10-05,costaesilva,0.0
2017-10-06,costaesilva,20.53
2017-10-07,costaesilva,40.43
2017-10-08,costaesilva,49.35
2017-10-09,costaesilva,1.4000000000000001
2017-10-10,costaesilva,1.8
2017-10-11,costaesilva,1.79
2017-10-12,costaesilva,0.6000000000000001
2017-10-13,costaesilva,16.11
2017-10-14,costaesilva,4.98
2017-10-15,costaesilva,9.600000000000001
2017-10-16,costaesilva,1.3900000000000001
2017-10-17,costaesilva,0.0
2017-10-18,costaesilva,0.0
2017-10-19,costaesilva,3.7800000000000002
2017-10-20,costaesilva,0.0
2017-10-21,costaesilva,3.2
2017-10-22,costaesilva,3.8000000000000003
2017-10-23,costaesilva,2.2
2017-10-24,costaesilva,0.0
2017-10-25,costaesilva,5.6000000000000005
2017-10-26,costaesilva,11.16
2017-10-27,costaesilva,1.6
2017-10-28,costaesilva,0.0
2017-10-29,costaesilva,2.19
2017-10-30,costaesilva,2.6
2017-10-31,costaesilva,0.0
2017-11-01,costaesilva,0.0
2017-11-02,costaesilva,0.0
2017-11-03,costaesilva,0.0
2017-11-04,costaesilva,13.65
2017-11-05,costaesilva,2.19
2017-11-06,costaesilva,0.8
2017-11-07,costaesilva,1.8
2017-11-08,costaesilva,4.98
2017-11-09,costaesilva,1.6
2017-11-10,costaesilva,38.35
2017-11-11,costaesilva,0.99
2017-11-12,costaesilva,0.0
2017-11-13,costaesilva,0.0
2017-11-14,costaesilva,0.0
2017-11-15,costaesilva,0.0
2017-11-16,costaesilva,6.33
2017-11-17,costaesilva,9.190000000000001
2017-11-18,costaesilva,36.18
2017-11-19,costaesilva,1.2000000000000002
2017-11-20,costaesilva,2.8000000000000003
2017-11-21,costaesilva,5.970000000000001
2017-11-22,costaesilva,0.4
2017-11-23,costaesilva,0.0
2017-11-24,costaesilva,0.0
2017-11-25,costaesilva,4.970000000000001
2017-11-26,costaesilva,2.77
2017-11-27,costaesilva,0.0
2017-11-28,costaesilva,0.0
2017-11-29,costaesilva,0.2
2017-11-30,costaesilva,0.0
2017-12-01,costaesilva,10.88
2017-12-02,costaesilva,0.2
2017-12-03,costaesilva,3.39
2017-12-04,costaesilva,3.77
2017-12-05,costaesilva,0.0
2017-12-06,costaesilva,0.4
2017-12-07,costaesilva,1.4000000000000001
2017-12-08,costaesilva,0.0
2017-12-09,costaesilva,0.0
2017-12-10,costaesilva,0.0
2017-12-11,costaesilva,0.2
2017-12-12,costaesilva,0.2
2017-12-13,costaesilva,0.0
2017-12-14,costaesilva,0.0
2017-12-15,costaesilva,0.0
2017-12-16,costaesilva,0.4
2017-12-17,costaesilva,44.62
2017-12-18,costaesilva,13.43
2017-12-19,costaesilva,8.56
2017-12-20,costaesilva,29.76
2017-12-21,costaesilva,2.19
2017-12-22,costaesilva,0.0
2017-12-23,costaesilva,4.55
2017-12-24,costaesilva,77.78
2017-12-25,costaesilva,7.140000000000001
2017-12-26,costaesilva,3.17
2017-12-27,costaesilva,0.0
2017-12-28,costaesilva,3.17
2017-12-29,costaesilva,39.75
2017-12-30,costaesilva,1.98
2017-12-31,costaesilva,4.37
2018-01-01,costaesilva,11.24
2018-01-02,costaesilva,0.2
2018-01-03,costaesilva,11.97
2018-01-04,costaesilva,0.0
2018-01-05,costaesilva,0.0
2018-01-06,costaesilva,0.6000000000000001
2018-01-07,costaesilva,1.78
2018-01-08,costaesilva,0.0
2018-01-09,costaesilva,13.24
2018-01-10,costaesilva,10.51
2018-01-11,costaesilva,34.45
2018-01-12,costaesilva,5.36
2018-01-13,costaesilva,21.22
2018-01-14,costaesilva,11.8
2018-01-15,costaesilva,14.34
2018-01-16,costaesilva,57.94
2018-01-17,costaesilva,53.08
2018-01-18,costaesilva,25.05
2018-01-19,costaesilva,7.17
2018-01-20,costaesilva,3.4000000000000004
2018-01-21,costaesilva,2.5900000000000003
2018-01-22,costaesilva,16.93
2018-01-23,costaesilva,10.0
2018-01-24,costaesilva,6.800000000000001
2018-01-25,costaesilva,5.800000000000001
2018-01-26,costaesilva,4.4
2018-01-27,costaesilva,4.2
2018-01-28,costaesilva,3.8000000000000003
2018-01-29,costaesilva,3.8000000000000003
2018-01-30,costaesilva,3.6
2018-01-31,costaesilva,2.0
2018-02-01,costaesilva,0.99
2018-02-02,costaesilva,0.0
2018-02-03,costaesilva,0.0
2018-02-04,costaesilva,0.0
2018-02-05,costaesilva,0.8
2018-02-06,costaesilva,0.0
2018-02-07,costaesilva,0.0
2018-02-08,costaesilva,0.0
2018-02-09,costaesilva,1.9700000000000002
2018-02-10,costaesilva,24.82
2018-02-11,costaesilva,15.56
2018-02-12,costaesilva,12.07
2018-02-13,costaesilva,5.3500000000000005
2018-02-14,costaesilva,0.0
2018-02-15,costaesilva,6.91
2018-02-16,costaesilva,1.9900000000000002
2018-02-17,costaesilva,1.5799999999999998
2018-02-18,costaesilva,0.0
2018-02-19,costaesilva,4.34
2018-02-20,costaesilva,0.0
2018-02-21,costaesilva,25.38
2018-02-22,costaesilva,0.0
2018-02-23,costaesilva,0.0
2018-02-24,costaesilva,0.0
2018-02-25,costaesilva,0.0
2018-02-26,costaesilva,0.0
2018-02-27,costaesilva,0.0
2018-02-28,costaesilva,0.0
2018-03-01,costaesilva,0.0
2018-03-02,costaesilva,0.0
2018-03-03,costaesilva,0.0
2018-03-04,costaesilva,0.0
2018-03-05,costaesilva,0.0
2018-03-06,costaesilva,0.0
2018-03-07,costaesilva,0.0
2018-03-08,costaesilva,0.0
2018-03-09,costaesilva,0.0
2018-03-10,costaesilva,0.0
2018-03-11,costaesilva,0.0
2018-03-12,costaesilva,0.0
2018-03-13,costaesilva,0.0
2018-03-14,costaesilva,0.0
2018-03-15,costaesilva,0.0
2018-03-16,costaesilva,0.0
2018-03-17,costaesilva,0.0
2018-03-18,costaesilva,0.0
2018-03-19,costaesilva,7.3
2018-03-20,costaesilva,0.0
2018-03-21,costaesilva,0.0
2018-03-22,costaesilva,0.0
2018-03-23,costaesilva,0.0
2018-03-24,costaesilva,0.0
2018-03-25,costaesilva,0.0
2018-03-26,costaesilva,0.0
2018-03-27,costaesilva,24.97
2018-03-28,costaesilva,0.39
2018-03-29,costaesilva,0.2
2018-03-30,costaesilva,0.0
2018-03-31,costaesilva,0.0
2018-04-01,costaesilva,0.0
2018-04-02,costaesilva,0.0
2018-04-03,costaesilva,0.0
2018-04-04,costaesilva,0.0
2018-04-05,costaesilva,0.0
2018-04-06,costaesilva,4.53
2018-04-07,costaesilva,0.0
2018-04-08,costaesilva,0.0
2018-04-09,costaesilva,0.0
2018-04-10,costaesilva,0.0
2018-04-11,costaesilva,0.0
2018-04-12,costaesilva,0.0
2018-04-13,costaesilva,0.99
2018-04-14,costaesilva,1.2000000000000002
2018-04-15,costaesilva,1.8
2018-04-16,costaesilva,2.6
2018-04-17,costaesilva,1.6
2018-04-18,costaesilva,0.2
2018-04-19,costaesilva,0.0
2018-04-20,costaesilva,0.0
2018-04-21,costaesilva,0.0
2018-04-22,costaesilva,0.0
2018-04-23,costaesilva,0.0
2018-04-24,costaesilva,0.0
2018-04-25,costaesilva,0.0
2018-04-26,costaesilva,0.0
2018-04-27,costaesilva,0.0
2018-04-28,costaesilva,0.0
2018-04-29,costaesilva,0.0
2018-04-30,costaesilva,0.0
2018-05-01,costaesilva,0.0
2018-05-02,costaesilva,0.0
2018-05-03,costaesilva,0.2
2018-05-04,costaesilva,0.0
2018-05-05,costaesilva,0.0
2018-05-06,costaesilva,0.0
2018-05-07,costaesilva,0.0
2018-05-08,costaesilva,0.0
2018-05-09,costaesilva,0.0
2018-05-10,costaesilva,0.0
2018-05-11,costaesilva,0.0
2018-05-12,costaesilva,0.0
2018-05-13,costaesilva,0.0
2018-05-14,costaesilva,0.0
2018-05-15,costaesilva,0.0
2018-05-16,costaesilva,0.0
2018-05-17,costaesilva,0.0
2018-05-18,costaesilva,0.0
2018-05-19,costaesilva,0.0
2018-05-20,costaesilva,0.0
2018-05-21,costaesilva,0.0
2018-05-22,costaesilva,0.0
2018-05-23,costaesilva,0.0
2018-05-24,costaesilva,0.0
2018-05-25,costaesilva,0.0
2018-05-26,costaesilva,0.0
2018-05-27,costaesilva,0.0
2018-05-28,costaesilva,0.0
2018-05-29,costaesilva,0.0
2018-05-30,costaesilva,0.0
2018-05-31,costaesilva,0.0
2018-06-01,costaesilva,0.0
2018-06-02,costaesilva,0.0
2018-06-03,costaesilva,0.0
2018-06-04,costaesilva,0.0
2018-06-05,costaesilva,0.0
2018-06-06,costaesilva,0.0
2018-06-07,costaesilva,0.0
2018-06-08,costaesilva,0.0
2018-06-09,costaesilva,0.0
2018-06-10,costaesilva,0.0
2018-06-11,costaesilva,0.0
2018-06-12,costaesilva,0.0
2018-06-13,costaesilva,0.0
2018-06-14,costaesilva,0.0
2018-06-15,costaesilva,0.0
2018-06-16,costaesilva,0.0
2018-06-17,costaesilva,0.0
2018-06-18,costaesilva,0.0
2018-06-19,costaesilva,0.0
2018-06-20,costaesilva,0.0
2018-06-21,costaesilva,0.0
2018-06-22,costaesilva,0.0
2018-06-23,costaesilva,0.0
2018-06-24,costaesilva,0.0
2018-06-25,costaesilva,0.0
2018-06-26,costaesilva,0.0
2018-06-27,costaesilva,0.0
2018-06-28,costaesilva,0.0
2018-06-29,costaesilva,0.0
2018-06-30,costaesilva,0.0
2018-07-01,costaesilva,0.0
2018-07-02,costaesilva,0.0
2018-07-03,costaesilva,0.0
2018-07-04,costaesilva,0.0
2018-07-05,costaesilva,0.0
2018-07-06,costaesilva,0.0
2018-07-07,costaesilva,0.0
2018-07-08,costaesilva,0.0
2018-07-09,costaesilva,0.0
2018-07-10,costaesilva,0.0
2018-07-11,costaesilva,0.0
2018-07-12,costaesilva,0.0
2018-07-13,costaesilva,0.0
2018-07-14,costaesilva,0.0
2018-07-15,costaesilva,0.0
2018-07-16,costaesilva,0.0
2018-07-17,costaesilva,0.0
2018-07-18,costaesilva,0.0
2018-07-19,costaesilva,0.0
2018-07-20,costaesilva,0.0
2018-07-21,costaesilva,0.0
2018-07-22,costaesilva,0.0
2018-07-23,costaesilva,0.0
2018-07-24,costaesilva,0.0
2018-07-25,costaesilva,0.0
2018-07-26,costaesilva,0.0
2018-07-27,costaesilva,0.0
2018-07-28,costaesilva,0.0
2018-07-29,costaesilva,0.0
2018-07-30,costaesilva,0.0
2018-07-31,costaesilva,0.0
2018-08-01,costaesilva,0.0
2018-08-02,costaesilva,0.0
2018-08-03,costaesilva,0.0
2018-08-04,costaesilva,0.0
2018-08-05,costaesilva,0.0
2018-08-06,costaesilva,0.0
2018-08-07,costaesilva,0.0
2018-08-08,costaesilva,0.0
2018-08-09,costaesilva,0.0
2018-08-10,costaesilva,0.0
2018-08-11,costaesilva,0.0
2018-08-12,costaesilva,0.0
2018-08-13,costaesilva,0.0
2018-08-14,costaesilva,0.0
2018-08-15,costaesilva,0.0
2018-08-16,costaesilva,0.0
2018-08-17,costaesilva,0.0
2018-08-18,costaesilva,0.0
2018-08-19,costaesilva,0.0
2018-08-20,costaesilva,0.0
2018-08-21,costaesilva,0.0
2018-08-22,costaesilva,0.0
2018-08-23,costaesilva,0.0
2018-08-24,costaesilva,0.0
2018-08-25,costaesilva,0.0
2018-08-26,costaesilva,0.0
2018-08-27,costaesilva,0.0
2018-08-28,costaesilva,0.0
2018-08-29,costaesilva,0.0
2018-08-30,costaesilva,0.0
2018-08-31,costaesilva,0.0
2018-09-01,costaesilva,0.0
2018-09-02,costaesilva,0.0
2018-09-03,costaesilva,0.0
2018-09-04,costaesilva,0.0
2018-09-05,costaesilva,0.0
2018-09-06,costaesilva,0.0
2018-09-07,costaesilva,0.0
2018-09-08,costaesilva,0.0
2018-09-09,costaesilva,0.0
2018-09-10,costaesilva,0.0
2018-09-11,costaesilva,0.0
2018-09-12,costaesilva,0.0
2018-09-13,costaesilva,0.0
2018-09-14,costaesilva,0.0
2018-09-15,costaesilva,0.0
2018-09-16,costaesilva,0.0
2018-09-17,costaesilva,0.0
2018-09-18,costaesilva,0.0
2018-09-19,costaesilva,0.0
2018-09-20,costaesilva,0.0
2018-09-21,costaesilva,0.0
2018-09-22,costaesilva,0.0
2018-09-23,costaesilva,0.0
2018-09-24,costaesilva,0.0
2018-09-25,costaesilva,0.0
2018-09-26,costaesilva,0.0
2018-09-27,costaesilva,0.0
2018-09-28,costaesilva,0.0
2018-09-29,costaesilva,0.0
2018-09-30,costaesilva,0.0
2018-10-01,costaesilva,0.0
2018-10-02,costaesilva,0.0
2018-10-03,costaesilva,0.0
2018-10-04,costaesilva,0.0
2018-10-05,costaesilva,0.0
2018-10-06,costaesilva,0.0
2018-10-07,costaesilva,0.0
2018-10-08,costaesilva,0.0
2018-10-09,costaesilva,0.0
2018-10-10,costaesilva,0.0
2018-10-11,costaesilva,0.0
2018-10-12,costaesilva,0.0
2018-10-13,costaesilva,0.0
2018-10-14,costaesilva,0.0
2018-10-15,costaesilva,0.0
2018-10-16,costaesilva,0.0
2018-10-17,costaesilva,0.0
2018-10-18,costaesilva,0.0
2018-10-19,costaesilva,0.0
2018-10-20,costaesilva,0.0
2018-10-21,costaesilva,0.0
2018-10-22,costaesilva,0.0
2018-10-23,costaesilva,0.0
2018-10-24,costaesilva,0.0
2018-10-25,costaesilva,0.0
2018-10-26,costaesilva,0.0
2018-10-27,costaesilva,0.0
2018-10-28,costaesilva,0.0
2018-10-29,costaesilva,0.0
2018-10-30,costaesilva,0.0
2018-10-31,costaesilva,0.0
2018-11-01,costaesilva,0.0
2018-11-02,costaesilva,0.0
2018-11-03,costaesilva,0.0
2018-11-04,costaesilva,0.0
2018-11-05,costaesilva,0.0
2018-11-06,costaesilva,0.0
2018-11-07,costaesilva,0.0
2018-11-08,costaesilva,0.0
2018-11-09,costaesilva,0.0
2018-11-10,costaesilva,0.0
2018-11-11,costaesilva,0.0
2018-11-12,costaesilva,0.0
2018-11-13,costaesilva,0.0
2018-11-14,costaesilva,0.0
2018-11-15,costaesilva,0.0
2018-11-16,costaesilva,0.0
2018-11-17,costaesilva,0.0
2018-11-18,costaesilva,0.0
2018-11-19,costaesilva,0.0
2018-11-20,costaesilva,0.0
2018-11-21,costaesilva,0.0
2018-11-22,costaesilva,0.0
2018-11-23,costaesilva,0.0
2018-11-24,costaesilva,0.0
2018-11-25,costaesilva,0.0
2018-11-26,costaesilva,0.0
2018-11-27,costaesilva,0.0
2018-11-28,costaesilva,0.0
2018-11-29,costaesilva,0.0
2018-11-30,costaesilva,0.0
2018-12-01,costaesilva,0.0
2018-12-02,costaesilva,0.0
2018-12-03,costaesilva,0.0
2018-12-04,costaesilva,0.0
2018-12-05,costaesilva,0.0
2018-12-06,costaesilva,0.0
2018-12-07,costaesilva,0.0
2018-12-08,costaesilva,0.0
2018-12-09,costaesilva,0.0
2018-12-10,costaesilva,0.0
2018-12-11,costaesilva,0.0
2018-12-12,costaesilva,0.0
2018-12-13,costaesilva,0.0
2018-12-14,costaesilva,0.0
2018-12-15,costaesilva,0.0
2018-12-16,costaesilva,0.0
2018-12-17,costaesilva,0.0
2018-12-18,costaesilva,0.0
2018-12-19,costaesilva,0.0
2018-12-20,costaesilva,0.0
2018-12-21,costaesilva,0.0
2018-12-22,costaesilva,0.0
2018-12-23,costaesilva,0.0
2018-12-24,costaesilva,0.0
2018-12-25,costaesilva,0.0
2018-12-26,costaesilva,0.0
2018-12-27,costaesilva,0.0
2018-12-28,costaesilva,0.0
2018-12-29,costaesilva,0.0
2018-12-30,costaesilva,0.0
2018-12-31,costaesilva,0.0
2019-01-01,costaesilva,0.0
2019-01-02,costaesilva,0.0
2019-01-03,costaesilva,0.0
2019-01-04,costaesilva,0.0
2019-01-05,costaesilva,0.0
2019-01-06,costaesilva,0.0
2019-01-07,costaesilva,0.0
2019-01-08,costaesilva,0.0
2019-01-09,costaesilva,0.0
2019-01-10,costaesilva,0.0
2019-01-11,costaesilva,0.0
2019-01-12,costaesilva,0.0
2019-01-13,costaesilva,0.0
2019-01-14,costaesilva,0.0
2019-01-15,costaesilva,0.0
2019-01-16,costaesilva,0.0
2019-01-17,costaesilva,0.0
2019-01-18,costaesilva,0.0
2019-01-19,costaesilva,0.0
2019-01-20,costaesilva,0.0
2019-01-21,costaesilva,0.0
2019-01-22,costaesilva,0.0
2019-01-23,costaesilva,0.0
2019-01-24,costaesilva,0.0
2019-01-25,costaesilva,0.0
2019-01-26,costaesilva,0.0
2019-01-27,costaesilva,0.0
2019-01-28,costaesilva,0.0
2019-01-29,costaesilva,0.0
2019-01-30,costaesilva,0.0
2019-01-31,costaesilva,0.0
2019-02-01,costaesilva,0.0
2019-02-02,costaesilva,0.0
2019-02-03,costaesilva,0.0
2019-02-04,costaesilva,0.0
2019-02-05,costaesilva,0.0
2019-02-06,costaesilva,0.0
2019-02-07,costaesilva,0.0
2019-02-08,costaesilva,0.0
2019-02-09,costaesilva,0.0
2019-02-10,costaesilva,0.0
2019-02-11,costaesilva,0.0
2019-02-12,costaesilva,0.0
2019-02-13,costaesilva,0.0
2019-02-14,costaesilva,0.0
2019-02-15,costaesilva,0.0
2019-02-16,costaesilva,0.0
2019-02-17,costaesilva,0.0
2019-02-18,costaesilva,0.0
2019-02-19,costaesilva,0.0
2019-02-20,costaesilva,0.0
2019-02-21,costaesilva,0.0
2019-02-22,costaesilva,0.0
2019-02-23,costaesilva,0.0
2019-02-24,costaesilva,0.0
2019-02-25,costaesilva,0.0
2019-02-26,costaesilva,0.0
2019-02-27,costaesilva,0.0
2019-02-28,costaesilva,0.0
2019-03-01,costaesilva,0.0
2019-03-02,costaesilva,0.0
2019-03-03,costaesilva,0.0
2019-03-04,costaesilva,0.0
2019-03-05,costaesilva,0.0
2019-03-06,costaesilva,0.0
2019-03-07,costaesilva,0.0
2019-03-08,costaesilva,0.0
2019-03-09,costaesilva,0.0
2019-03-10,costaesilva,0.0
2019-03-11,costaesilva,0.0
2019-03-12,costaesilva,0.0
2019-03-13,costaesilva,0.0
2019-03-14,costaesilva,0.0
2019-03-15,costaesilva,0.0
2019-03-16,costaesilva,0.0
2019-03-17,costaesilva,0.0
2019-03-18,costaesilva,0.0
2019-03-19,costaesilva,0.0
2019-03-20,costaesilva,0.0
2019-03-21,costaesilva,0.0
2019-03-22,costaesilva,0.0
2019-03-23,costaesilva,0.0
2019-03-24,costaesilva,0.0
2019-03-25,costaesilva,0.0
2019-03-26,costaesilva,0.0
2019-03-27,costaesilva,0.0
2019-03-28,costaesilva,0.0
2019-03-29,costaesilva,0.0
2019-03-30,costaesilva,0.0
2019-03-31,costaesilva,0.0
2019-04-01,costaesilva,0.0
2019-04-02,costaesilva,0.0
2019-04-03,costaesilva,0.0
2019-04-04,costaesilva,0.0
2019-04-05,costaesilva,0.0
2019-04-06,costaesilva,0.0
2019-04-07,costaesilva,0.0
2019-04-08,costaesilva,0.0
2019-04-09,costaesilva,0.0
2019-04-10,costaesilva,0.0
2019-04-11,costaesilva,0.0
2019-04-12,costaesilva,0.0
2019-04-13,costaesilva,0.0
2019-04-14,costaesilva,0.0
2019-04-15,costaesilva,0.0
2019-04-16,costaesilva,0.0
2019-04-17,costaesilva,0.0
2019-04-18,costaesilva,0.0
2019-04-19,costaesilva,0.0
2019-04-20,costaesilva,0.0
2019-04-21,costaesilva,0.0
2019-04-22,costaesilva,0.0
2019-04-23,costaesilva,0.0
2019-04-24,costaesilva,0.0
2019-04-25,costaesilva,0.0
2019-04-26,costaesilva,0.0
2019-04-27,costaesilva,0.0
2019-04-28,costaesilva,0.0
2019-04-29,costaesilva,0.0
2019-04-30,costaesilva,0.0
2019-05-01,costaesilva,0.0
2019-05-02,costaesilva,0.0
2019-05-03,costaesilva,0.0
2019-05-04,costaesilva,0.0
2019-05-05,costaesilva,0.0
2019-05-06,costaesilva,0.0
2019-05-07,costaesilva,0.0
2019-05-08,costaesilva,0.0
2019-05-09,costaesilva,0.0
2019-05-10,costaesilva,0.0
2019-05-11,costaesilva,0.0
2019-05-12,costaesilva,0.0
2019-05-13,costaesilva,0.0
2019-05-14,costaesilva,0.0
2019-05-15,costaesilva,0.0
2019-05-16,costaesilva,0.0
2019-05-17,costaesilva,0.0
2019-05-18,costaesilva,0.0
2019-05-19,costaesilva,0.0
2019-05-20,costaesilva,0.0
2019-05-21,costaesilva,0.0
2019-05-22,costaesilva,0.0
2019-05-23,costaesilva,0.0
2019-05-24,costaesilva,0.0
2019-05-25,costaesilva,0.0
2019-05-26,costaesilva,0.0
2019-05-27,costaesilva,0.0
2019-05-28,costaesilva,0.0
2019-05-29,costaesilva,0.0
2019-05-30,costaesilva,0.0
2019-05-31,costaesilva,0.0
2019-06-01,costaesilva,0.0
2019-06-02,costaesilva,0.0
2019-06-03,costaesilva,0.0
2019-06-04,costaesilva,0.0
2019-06-05,costaesilva,0.0
2019-06-06,costaesilva,0.0
2019-06-07,costaesilva,0.0
2019-06-08,costaesilva,0.0
2019-06-09,costaesilva,0.0
2019-06-10,costaesilva,0.0
2019-06-11,costaesilva,0.0
2019-06-12,costaesilva,0.0
2019-06-13,costaesilva,0.0
2019-06-14,costaesilva,0.0
2019-06-15,costaesilva,0.0
2019-06-16,costaesilva,0.0
2019-06-17,costaesilva,0.0
2019-06-18,costaesilva,0.0
2019-06-19,costaesilva,0.0
2019-06-20,costaesilva,0.0
2019-06-21,costaesilva,0.0
2019-06-22,costaesilva,0.0
2019-06-23,costaesilva,0.0
2019-06-24,costaesilva,0.0
2019-06-25,costaesilva,0.0
2019-06-26,costaesilva,0.0
2019-06-27,costaesilva,0.0
2019-06-28,costaesilva,0.0
2019-06-29,costaesilva,0.0
2019-06-30,costaesilva,0.0
2019-07-01,costaesilva,0.0
2019-07-02,costaesilva,0.0
2019-07-03,costaesilva,0.0
2019-07-04,costaesilva,0.0
2019-07-05,costaesilva,0.0
2019-07-06,costaesilva,0.0
2019-07-07,costaesilva,0.0
2019-07-08,costaesilva,0.0
2019-07-09,costaesilva,0.0
2019-07-10,costaesilva,0.0
2019-07-11,costaesilva,0.0
2019-07-12,costaesilva,0.0
2019-07-13,costaesilva,0.0
2019-07-14,costaesilva,0.0
2019-07-15,costaesilva,0.0
2019-07-16,costaesilva,0.0
2019-07-18,costaesilva,0.0
2019-07-19,costaesilva,0.0
2019-07-20,costaesilva,0.0
2019-07-22,costaesilva,0.0
2019-07-23,costaesilva,0.0
2019-07-24,costaesilva,0.0
2019-07-25,costaesilva,0.0
2019-07-26,costaesilva,0.0
2019-07-27,costaesilva,5.53
2019-07-28,costaesilva,0.2
2019-07-29,costaesilva,0.0
2019-07-30,costaesilva,0.0
2019-07-31,costaesilva,0.0
2019-08-01,costaesilva,0.0
2019-08-02,costaesilva,4.73
2019-08-03,costaesilva,0.0
2019-08-04,costaesilva,0.0
2019-08-05,costaesilva,0.6000000000000001
2019-08-06,costaesilva,0.0
2019-08-07,costaesilva,0.0
2019-08-08,costaesilva,0.0
2019-08-09,costaesilva,0.0
2019-08-10,costaesilva,0.8
2019-08-11,costaesilva,0.4
2019-08-12,costaesilva,0.0
2019-08-13,costaesilva,5.71
2019-08-14,costaesilva,0.2
2019-08-15,costaesilva,0.4
2019-08-16,costaesilva,0.0
2019-08-17,costaesilva,0.0
2019-08-18,costaesilva,6.32
2019-08-19,costaesilva,13.38
2019-08-20,costaesilva,0.2
2019-08-21,costaesilva,1.4000000000000001
2019-08-22,costaesilva,1.0
2019-08-23,costaesilva,0.2
2019-08-24,costaesilva,0.0
2019-08-25,costaesilva,0.0
2019-08-26,costaesilva,0.99
2019-08-27,costaesilva,0.0
2019-08-28,costaesilva,0.0
2019-08-30,costaesilva,0.0
2019-08-31,costaesilva,8.5
2019-09-01,costaesilva,42.980000000000004
2019-09-02,costaesilva,1.3900000000000001
2019-09-03,costaesilva,2.58
2019-09-04,costaesilva,1.59
2019-09-05,costaesilva,0.8
2019-09-06,costaesilva,14.59
2019-09-07,costaesilva,0.0
2019-09-08,costaesilva,0.2
2019-09-09,costaesilva,0.2
2019-09-10,costaesilva,0.0
2019-09-11,costaesilva,0.0
2019-09-12,costaesilva,5.71
2019-09-13,costaesilva,3.8000000000000003
2019-09-14,costaesilva,1.8
2019-09-15,costaesilva,0.2
2019-09-16,costaesilva,0.6000000000000001
2019-09-17,costaesilva,0.0
2019-09-18,costaesilva,27.13
2019-09-19,costaesilva,25.810000000000002
2019-09-20,costaesilva,31.92
2019-09-21,costaesilva,2.0
2019-09-22,costaesilva,0.0
2019-09-23,costaesilva,0.0
2019-09-24,costaesilva,3.3600000000000003
2019-09-25,costaesilva,0.4
2019-09-26,costaesilva,2.39
2019-09-27,costaesilva,0.0
2019-09-28,costaesilva,0.0
2019-09-29,costaesilva,1.3900000000000001
2019-09-30,costaesilva,1.4000000000000001
2019-10-01,costaesilva,0.0
2019-10-02,costaesilva,0.0
2019-10-03,costaesilva,0.0
2019-10-04,costaesilva,0.0
2019-10-05,costaesilva,2.19
2019-10-06,costaesilva,24.32
2019-10-07,costaesilva,6.590000000000001
2019-10-08,costaesilva,0.0
2019-10-10,costaesilva,0.0
2019-10-11,costaesilva,0.0
2019-10-12,costaesilva,0.0
2019-10-13,costaesilva,0.2
2019-10-14,costaesilva,13.4
2019-10-15,costaesilva,15.51
2019-10-16,costaesilva,3.9800000000000004
2019-10-17,costaesilva,19.68
2019-10-18,costaesilva,0.0
2019-10-19,costaesilva,1.6
2019-10-20,costaesilva,0.0
2019-10-21,costaesilva,4.34
2019-10-22,costaesilva,0.0
2019-10-23,costaesilva,0.6000000000000001
2019-10-24,costaesilva,0.0
2019-10-25,costaesilva,1.3900000000000001
2019-10-26,costaesilva,1.6
2019-10-27,costaesilva,7.9
2019-10-28,costaesilva,0.0
2019-10-29,costaesilva,0.0
2019-10-30,costaesilva,0.0
2019-10-31,costaesilva,0.0
2019-11-01,costaesilva,18.11
2019-11-02,costaesilva,1.2000000000000002
2019-11-03,costaesilva,0.0
2019-11-04,costaesilva,0.0
2019-11-05,costaesilva,0.0
2019-11-06,costaesilva,0.0
2019-11-07,costaesilva,0.0
2019-11-08,costaesilva,0.0
2019-11-09,costaesilva,0.0
2019-11-10,costaesilva,0.0
2019-11-11,costaesilva,0.0
2019-11-12,costaesilva,1.2000000000000002
2019-11-13,costaesilva,3.4000000000000004
2019-11-14,costaesilva,7.7
2019-11-15,costaesilva,0.2
2019-11-16,costaesilva,0.0
2019-11-17,costaesilva,0.0
2019-11-18,costaesilva,0.0
2019-11-19,costaesilva,0.2
2019-11-20,costaesilva,4.13
2019-11-21,costaesilva,0.2
2019-11-22,costaesilva,13.0
2019-11-23,costaesilva,3.7600000000000002
2019-11-24,costaesilva,0.0
2019-11-25,costaesilva,0.0
2019-11-26,costaesilva,22.27
2019-11-27,costaesilva,24.25
2019-11-28,costaesilva,0.2
2019-11-29,costaesilva,0.0
2019-11-30,costaesilva,0.0
2019-12-01,costaesilva,1.0
2019-12-02,costaesilva,0.0
2019-12-03,costaesilva,0.0
2019-12-04,costaesilva,7.890000000000001
2019-12-05,costaesilva,9.03
2019-12-06,costaesilva,0.2
2019-12-07,costaesilva,0.0
2019-12-08,costaesilva,0.0
2019-12-09,costaesilva,3.2
2019-12-10,costaesilva,0.0
2019-12-11,costaesilva,0.0
2019-12-12,costaesilva,0.0
2019-12-13,costaesilva,0.0
2019-12-14,costaesilva,2.2
2019-12-15,costaesilva,2.4000000000000004
2019-12-16,costaesilva,4.79
2019-12-17,costaesilva,9.0
2019-12-18,costaesilva,6.4
2019-12-19,costaesilva,5.2
2019-12-20,costaesilva,2.6
2019-12-21,costaesilva,1.4000000000000001
2019-12-22,costaesilva,1.8
2019-12-23,costaesilva,2.4000000000000004
2019-12-24,costaesilva,2.6
2019-12-25,costaesilva,2.2
2019-12-26,costaesilva,0.4
2019-12-27,costaesilva,0.0
2019-12-28,costaesilva,0.0
2019-12-29,costaesilva,0.0
2019-12-30,costaesilva,0.0
2019-12-31,costaesilva,0.0
2020-01-01,costaesilva,8.13
2020-01-02,costaesilva,2.6
2020-01-03,costaesilva,1.2000000000000002
2020-01-04,costaesilva,5.2
2020-01-05,costaesilva,2.8000000000000003
2020-01-06,costaesilva,2.4000000000000004
2020-01-07,costaesilva,3.0
2020-01-08,costaesilva,3.2
2020-01-09,costaesilva,2.0
2020-01-10,costaesilva,1.6
2020-01-11,costaesilva,0.8
2020-01-12,costaesilva,0.8
2020-01-13,costaesilva,0.6000000000000001
2020-01-14,costaesilva,0.4
2020-01-15,costaesilva,0.6000000000000001
2020-01-16,costaesilva,0.4
2020-01-17,costaesilva,0.6000000000000001
2020-01-18,costaesilva,0.4
2020-01-19,costaesilva,1.8
2020-01-20,costaesilva,2.0
2020-01-21,costaesilva,1.0
2020-01-22,costaesilva,2.0
2020-01-23,costaesilva,5.2
2020-01-24,costaesilva,5.800000000000001
2020-01-25,costaesilva,2.8000000000000003
2020-01-26,costaesilva,0.0
2020-01-27,costaesilva,7.69
2020-01-28,costaesilva,2.2
2020-01-29,costaesilva,1.2000000000000002
2020-01-30,costaesilva,1.4000000000000001
2020-01-31,costaesilva,1.4000000000000001
2020-02-01,costaesilva,1.2000000000000002
2020-02-02,costaesilva,1.2000000000000002
2020-02-03,costaesilva,1.6
2020-02-04,costaesilva,1.4000000000000001
2020-02-05,costaesilva,1.6
2020-02-06,costaesilva,1.6
2020-02-07,costaesilva,1.2000000000000002
2020-02-08,costaesilva,1.2000000000000002
2020-02-09,costaesilva,1.4000000000000001
2020-02-10,costaesilva,1.0
2020-02-11,costaesilva,1.2000000000000002
2020-02-12,costaesilva,1.2000000000000002
2020-02-13,costaesilva,1.2000000000000002
2020-02-14,costaesilva,1.2000000000000002
2020-02-15,costaesilva,1.2000000000000002
2020-02-16,costaesilva,0.8
2020-02-17,costaesilva,1.0
2020-02-18,costaesilva,1.0
2020-02-19,costaesilva,0.6000000000000001
2020-02-20,costaesilva,0.8
2020-02-21,costaesilva,0.6000000000000001
2020-02-22,costaesilva,0.6000000000000001
2020-02-23,costaesilva,0.6000000000000001
2020-02-24,costaesilva,0.4
2020-02-25,costaesilva,0.4
2020-02-26,costaesilva,0.8
2020-02-27,costaesilva,0.6000000000000001
2020-02-28,costaesilva,0.6000000000000001
2020-02-29,costaesilva,0.8
2020-03-01,costaesilva,3.58
2020-03-02,costaesilva,3.79
2020-03-03,costaesilva,0.8
2020-03-04,costaesilva,0.8
2020-03-05,costaesilva,0.4
2020-03-06,costaesilva,0.4
2020-03-07,costaesilva,0.6000000000000001
2020-03-08,costaesilva,0.6000000000000001
2020-03-09,costaesilva,1.4000000000000001
2020-03-10,costaesilva,25.39
2020-03-11,costaesilva,0.0
2020-03-12,costaesilva,0.0
2020-03-13,costaesilva,0.0
2020-03-14,costaesilva,0.0
2020-03-15,costaesilva,0.0
2020-03-16,costaesilva,5.52
2020-03-17,costaesilva,0.2
2020-03-18,costaesilva,0.6000000000000001
2020-03-19,costaesilva,0.0
2020-03-20,costaesilva,0.0
2020-03-21,costaesilva,0.0
2020-03-22,costaesilva,0.0
2020-03-23,costaesilva,4.33
2020-03-24,costaesilva,5.32
2020-03-25,costaesilva,0.0
2020-03-26,costaesilva,0.0
2020-03-27,costaesilva,0.5900000000000001
2020-03-28,costaesilva,0.4
2020-03-29,costaesilva,0.0
2020-03-30,costaesilva,0.0
2020-03-31,costaesilva,0.0
2020-04-01,costaesilva,9.06
2020-04-02,costaesilva,0.0
2020-04-03,costaesilva,0.0
2020-04-04,costaesilva,0.0
2020-04-05,costaesilva,0.0
2020-04-06,costaesilva,11.02
2020-04-07,costaesilva,0.0
2020-04-08,costaesilva,0.0
2020-04-09,costaesilva,0.0
2020-04-10,costaesilva,0.0
2020-04-11,costaesilva,0.0
2020-04-12,costaesilva,0.0
2020-04-13,costaesilva,0.0
2020-04-14,costaesilva,3.35
2020-04-15,costaesilva,0.0
2020-04-16,costaesilva,0.0
2020-04-17,costaesilva,1.37
2020-04-18,costaesilva,1.57
2020-04-19,costaesilva,1.59
2020-04-20,costaesilva,0.0
2020-04-21,costaesilva,0.0
2020-04-22,costaesilva,0.0
2020-04-23,costaesilva,0.0
2020-04-24,costaesilva,0.0
2020-04-25,costaesilva,0.0
2020-04-26,costaesilva,0.5900000000000001
2020-04-27,costaesilva,6.7
2020-04-28,costaesilva,4.74
2020-04-29,costaesilva,0.0
2020-04-30,costaesilva,0.2
2020-05-01,costaesilva,1.2000000000000002
2020-05-02,costaesilva,0.0
2020-05-03,costaesilva,0.0
2020-05-04,costaesilva,0.0
2020-05-05,costaesilva,0.0
2020-05-06,costaesilva,3.7600000000000002
2020-05-07,costaesilva,0.2
2020-05-08,costaesilva,0.0
2020-05-09,costaesilva,0.0
2020-05-10,costaesilva,0.0
2020-05-11,costaesilva,0.0
2020-05-12,costaesilva,0.0
2020-05-13,costaesilva,11.61
2020-05-14,costaesilva,16.8
2020-05-15,costaesilva,0.0
2020-05-16,costaesilva,0.0
2020-05-17,costaesilva,0.0
2020-05-18,costaesilva,0.0
2020-05-19,costaesilva,0.0
2020-05-20,costaesilva,0.0
2020-05-21,costaesilva,0.0
2020-05-22,costaesilva,0.0
2020-05-23,costaesilva,0.0
2020-05-24,costaesilva,0.0
2020-05-25,costaesilva,0.0
2020-05-26,costaesilva,0.0
2020-05-27,costaesilva,0.0
2020-05-28,costaesilva,0.0
2020-05-29,costaesilva,0.0
2020-05-30,costaesilva,0.0
2020-05-31,costaesilva,0.0
2020-06-01,costaesilva,18.01
2020-06-02,costaesilva,13.91
2020-06-03,costaesilva,0.6000000000000001
2020-06-04,costaesilva,1.6
2020-06-05,costaesilva,1.6
2020-06-06,costaesilva,2.8000000000000003
2020-06-07,costaesilva,2.0
2020-06-08,costaesilva,1.8
2020-06-09,costaesilva,1.4000000000000001
2020-06-10,costaesilva,3.0
2020-06-11,costaesilva,5.2
2020-06-12,costaesilva,5.6000000000000005
2020-06-13,costaesilva,3.4000000000000004
2020-06-14,costaesilva,1.0
2020-06-15,costaesilva,1.0
2020-06-16,costaesilva,1.2000000000000002
2020-06-17,costaesilva,3.6
2020-06-18,costaesilva,5.0
2020-06-19,costaesilva,3.2
2020-06-20,costaesilva,1.8
2020-06-21,costaesilva,1.2000000000000002
2020-06-22,costaesilva,0.6000000000000001
2020-06-23,costaesilva,0.6000000000000001
2020-06-24,costaesilva,0.4
2020-06-25,costaesilva,0.4
2020-06-26,costaesilva,2.0
2020-06-27,costaesilva,5.4
2020-06-28,costaesilva,1.8
2020-06-29,costaesilva,2.2
2020-06-30,costaesilva,2.0
2020-07-01,costaesilva,1.2000000000000002
2020-07-02,costaesilva,0.6000000000000001
2020-07-03,costaesilva,0.6000000000000001
2020-07-04,costaesilva,0.4
2020-07-05,costaesilva,0.2
2020-07-06,costaesilva,2.2
2020-07-07,costaesilva,1.6
2020-07-08,costaesilva,1.4000000000000001
2020-07-09,costaesilva,0.8
2020-07-10,costaesilva,0.4
2020-07-11,costaesilva,0.6000000000000001
2020-07-12,costaesilva,0.4
2020-07-13,costaesilva,0.6000000000000001
2020-07-14,costaesilva,0.6000000000000001
2020-07-15,costaesilva,0.6000000000000001
2020-07-16,costaesilva,0.4
2020-07-17,costaesilva,0.8
2020-07-18,costaesilva,0.4
2020-07-19,costaesilva,0.4
2020-07-20,costaesilva,0.2
2020-07-21,costaesilva,0.4
2020-07-22,costaesilva,0.2
2020-07-23,costaesilva,0.4
2020-07-24,costaesilva,0.4
2020-07-25,costaesilva,0.2
2020-07-26,costaesilva,0.4
2020-07-27,costaesilva,1.8
2020-07-28,costaesilva,2.8000000000000003
2020-07-29,costaesilva,14.91
2020-07-30,costaesilva,2.4000000000000004
2020-07-31,costaesilva,0.8
2020-08-01,costaesilva,0.2
2020-08-02,costaesilva,0.0
2020-08-03,costaesilva,0.0
2020-08-04,costaesilva,0.0
2020-08-05,costaesilva,0.0
2020-08-06,costaesilva,0.0
2020-08-07,costaesilva,0.0
2020-08-08,costaesilva,0.0
2020-08-09,costaesilva,0.0
2020-08-10,costaesilva,0.0
2020-08-11,costaesilva,0.0
2020-08-12,costaesilva,5.390000000000001
2020-08-13,costaesilva,10.360000000000001
2020-08-14,costaesilva,2.8000000000000003
2020-08-15,costaesilva,20.73
2020-08-16,costaesilva,1.0
2020-08-17,costaesilva,1.6
2020-08-18,costaesilva,8.8
2020-08-19,costaesilva,8.4
2020-08-20,costaesilva,13.0
2020-08-21,costaesilva,2.2
2020-08-22,costaesilva,0.0
2020-08-23,costaesilva,0.0
2020-08-24,costaesilva,0.0
2020-08-25,costaesilva,0.0
2020-08-26,costaesilva,0.0
2020-08-27,costaesilva,0.0
2020-08-28,costaesilva,0.0
2020-08-29,costaesilva,0.0
2020-08-30,costaesilva,0.0
2020-08-31,costaesilva,9.8
2020-09-01,costaesilva,15.790000000000001
2020-09-02,costaesilva,0.2
2020-09-03,costaesilva,0.0
2020-09-04,costaesilva,0.2
2020-09-05,costaesilva,0.4
2020-09-06,costaesilva,1.6
2020-09-07,costaesilva,3.2
2020-09-08,costaesilva,0.2
2020-09-09,costaesilva,0.2
2020-09-10,costaesilva,0.0
2020-09-11,costaesilva,0.0
2020-09-12,costaesilva,0.0
2020-09-13,costaesilva,0.0
2020-09-14,costaesilva,0.0
2020-09-15,costaesilva,0.4
2020-09-16,costaesilva,0.0
2020-09-17,costaesilva,1.3900000000000001
2020-09-18,costaesilva,0.0
2020-09-19,costaesilva,0.0
2020-09-20,costaesilva,0.0
2020-09-21,costaesilva,1.0
2020-09-22,costaesilva,0.0
2020-09-23,costaesilva,0.0
2020-09-24,costaesilva,0.0
2020-09-25,costaesilva,0.0
2020-09-26,costaesilva,0.0
2020-09-27,costaesilva,2.2
2020-09-28,costaesilva,3.8000000000000003
2020-09-29,costaesilva,2.0
2020-09-30,costaesilva,0.8
2020-10-01,costaesilva,1.0
2020-10-02,costaesilva,0.0
2020-10-03,costaesilva,3.2
2020-10-04,costaesilva,1.4000000000000001
2020-10-05,costaesilva,1.0
2020-10-06,costaesilva,0.6000000000000001
2020-10-07,costaesilva,0.8
2020-10-08,costaesilva,1.0
2020-10-09,costaesilva,0.6000000000000001
2020-10-10,costaesilva,2.8000000000000003
2020-10-11,costaesilva,3.4000000000000004
2020-10-12,costaesilva,1.2000000000000002
2020-10-13,costaesilva,0.4
2020-10-14,costaesilva,0.4
2020-10-15,costaesilva,0.4
2020-10-16,costaesilva,0.2
2020-10-17,costaesilva,0.4
2020-10-18,costaesilva,0.2
2020-10-19,costaesilva,0.4
2020-10-20,costaesilva,0.2
2020-10-21,costaesilva,0.4
2020-10-22,costaesilva,0.6000000000000001
2020-10-23,costaesilva,1.8
2020-10-24,costaesilva,0.6000000000000001
2020-10-25,costaesilva,0.2
2020-10-26,costaesilva,0.8
2020-10-27,costaesilva,0.0
2020-10-28,costaesilva,0.0
2020-10-29,costaesilva,10.85
2020-10-30,costaesilva,12.4
2020-10-31,costaesilva,2.6
2020-11-01,costaesilva,1.0
2020-11-02,costaesilva,0.6000000000000001
2020-11-03,costaesilva,0.4
2020-11-04,costaesilva,0.2
2020-11-05,costaesilva,0.6000000000000001
2020-11-06,costaesilva,0.0
2020-11-07,costaesilva,0.0
2020-11-08,costaesilva,0.2
2020-11-09,costaesilva,7.800000000000001
2020-11-10,costaesilva,0.8
2020-11-11,costaesilva,0.6000000000000001
2020-11-12,costaesilva,1.2000000000000002
2020-11-13,costaesilva,2.2
2020-11-14,costaesilva,1.6
2020-11-15,costaesilva,15.01
2020-11-16,costaesilva,7.67
2020-11-17,costaesilva,0.99
2020-11-18,costaesilva,21.0
2020-11-19,costaesilva,18.830000000000002
2020-11-20,costaesilva,9.97
2020-11-21,costaesilva,15.14
2020-11-22,costaesilva,1.8
2020-11-23,costaesilva,0.2
2020-11-24,costaesilva,0.2
2020-11-25,costaesilva,0.0
2020-11-26,costaesilva,0.8
2020-11-27,costaesilva,10.59
2020-11-28,costaesilva,3.2
2020-11-29,costaesilva,0.8
2020-11-30,costaesilva,0.6000000000000001
2020-12-01,costaesilva,1.2000000000000002
2020-12-02,costaesilva,1.0
2020-12-03,costaesilva,0.6000000000000001
2020-12-04,costaesilva,0.4
2020-12-05,costaesilva,0.8
2020-12-06,costaesilva,0.8
2020-12-07,costaesilva,0.6000000000000001
2020-12-08,costaesilva,0.8
2020-12-09,costaesilva,0.6000000000000001
2020-12-10,costaesilva,0.8
2020-12-11,costaesilva,0.6000000000000001
2020-12-12,costaesilva,0.8
2020-12-13,costaesilva,0.8
2020-12-14,costaesilva,0.6000000000000001
2020-12-15,costaesilva,0.8
2020-12-16,costaesilva,0.8
2020-12-17,costaesilva,0.8
2020-12-18,costaesilva,1.0
2020-12-19,costaesilva,0.8
2020-12-20,costaesilva,0.8
2020-12-21,costaesilva,0.6000000000000001
2020-12-22,costaesilva,0.8
2020-12-23,costaesilva,0.8
2020-12-24,costaesilva,0.8
2020-12-25,costaesilva,0.6000000000000001
2020-12-26,costaesilva,0.8
2020-12-27,costaesilva,4.17
2020-12-28,costaesilva,5.59
2020-12-29,costaesilva,0.8
2020-12-30,costaesilva,0.6000000000000001
2014-07-31,estacaocidadania,0.0
2014-08-01,estacaocidadania,0.0
2014-08-02,estacaocidadania,0.0
2014-08-03,estacaocidadania,0.0
2014-08-04,estacaocidadania,0.0
2014-08-05,estacaocidadania,0.0
2014-08-06,estacaocidadania,0.0
2014-08-07,estacaocidadania,0.0
2014-08-08,estacaocidadania,0.0
2014-08-09,estacaocidadania,0.0
2014-08-10,estacaocidadania,0.0
2014-08-11,estacaocidadania,0.0
2014-08-12,estacaocidadania,0.0
2014-08-13,estacaocidadania,0.0
2014-08-14,estacaocidadania,0.0
2014-08-15,estacaocidadania,0.0
2014-08-16,estacaocidadania,0.0
2014-08-17,estacaocidadania,0.0
2014-08-18,estacaocidadania,0.0
2014-08-19,estacaocidadania,0.0
2014-08-20,estacaocidadania,0.0
2014-08-21,estacaocidadania,0.0
2014-08-22,estacaocidadania,0.0
2014-08-23,estacaocidadania,0.0
2014-08-24,estacaocidadania,0.0
2014-08-25,estacaocidadania,0.0
2014-08-26,estacaocidadania,0.0
2014-08-27,estacaocidadania,0.0
2014-08-28,estacaocidadania,0.0
2014-08-29,estacaocidadania,0.0
2014-08-30,estacaocidadania,0.0
2014-08-31,estacaocidadania,0.0
2014-09-01,estacaocidadania,0.0
2014-09-02,estacaocidadania,0.0
2014-09-03,estacaocidadania,0.0
2014-09-04,estacaocidadania,0.0
2014-09-05,estacaocidadania,0.0
2014-09-06,estacaocidadania,0.0
2014-09-07,estacaocidadania,0.0
2014-09-08,estacaocidadania,0.0
2014-09-09,estacaocidadania,0.0
2014-09-10,estacaocidadania,0.0
2014-09-11,estacaocidadania,0.0
2014-09-12,estacaocidadania,0.0
2014-09-13,estacaocidadania,0.0
2014-09-14,estacaocidadania,0.0
2014-09-15,estacaocidadania,0.0
2014-09-16,estacaocidadania,0.0
2014-09-17,estacaocidadania,0.0
2014-09-18,estacaocidadania,0.0
2014-09-19,estacaocidadania,0.0
2014-09-20,estacaocidadania,0.0
2014-09-21,estacaocidadania,0.0
2014-09-22,estacaocidadania,0.0
2014-09-23,estacaocidadania,0.0
2014-09-24,estacaocidadania,0.0
2014-09-25,estacaocidadania,0.0
2014-09-26,estacaocidadania,0.0
2014-09-27,estacaocidadania,0.0
2014-09-28,estacaocidadania,0.0
2014-09-29,estacaocidadania,0.0
2014-09-30,estacaocidadania,0.0
2014-10-01,estacaocidadania,0.0
2014-10-02,estacaocidadania,0.0
2014-10-03,estacaocidadania,0.0
2014-10-04,estacaocidadania,0.0
2014-10-05,estacaocidadania,0.0
2014-10-06,estacaocidadania,0.0
2014-10-07,estacaocidadania,0.0
2014-10-08,estacaocidadania,0.0
2014-10-09,estacaocidadania,0.0
2014-10-10,estacaocidadania,0.0
2014-10-11,estacaocidadania,0.0
2014-10-12,estacaocidadania,0.0
2014-10-13,estacaocidadania,0.0
2014-10-14,estacaocidadania,0.0
2014-10-15,estacaocidadania,0.0
2014-10-16,estacaocidadania,0.0
2014-10-17,estacaocidadania,0.0
2014-10-18,estacaocidadania,0.0
2014-10-19,estacaocidadania,0.0
2014-10-20,estacaocidadania,0.0
2014-10-21,estacaocidadania,0.0
2014-10-22,estacaocidadania,0.0
2014-10-23,estacaocidadania,0.0
2014-10-24,estacaocidadania,0.0
2014-10-25,estacaocidadania,0.0
2014-10-26,estacaocidadania,0.0
2014-10-27,estacaocidadania,0.0
2014-10-28,estacaocidadania,0.0
2014-10-29,estacaocidadania,0.0
2014-10-30,estacaocidadania,0.0
2014-10-31,estacaocidadania,0.0
2014-11-01,estacaocidadania,0.0
2014-11-02,estacaocidadania,0.0
2014-11-03,estacaocidadania,0.0
2014-11-04,estacaocidadania,0.0
2014-11-05,estacaocidadania,0.0
2014-11-06,estacaocidadania,0.0
2014-11-07,estacaocidadania,0.0
2014-11-08,estacaocidadania,0.0
2014-11-09,estacaocidadania,0.0
2014-11-10,estacaocidadania,0.0
2014-11-11,estacaocidadania,0.0
2014-11-12,estacaocidadania,0.0
2014-11-13,estacaocidadania,0.0
2014-11-14,estacaocidadania,0.0
2014-11-15,estacaocidadania,0.0
2014-11-16,estacaocidadania,0.0
2014-11-17,estacaocidadania,0.0
2014-11-18,estacaocidadania,0.0
2014-11-19,estacaocidadania,0.0
2014-11-20,estacaocidadania,0.0
2014-11-21,estacaocidadania,0.0
2014-11-22,estacaocidadania,0.0
2014-11-23,estacaocidadania,0.0
2014-11-24,estacaocidadania,0.0
2014-11-25,estacaocidadania,0.0
2014-11-26,estacaocidadania,0.0
2014-11-27,estacaocidadania,0.0
2014-11-28,estacaocidadania,0.0
2014-11-29,estacaocidadania,0.0
2014-11-30,estacaocidadania,0.0
2014-12-01,estacaocidadania,0.0
2014-12-02,estacaocidadania,0.0
2014-12-03,estacaocidadania,0.0
2014-12-04,estacaocidadania,0.0
2014-12-05,estacaocidadania,0.0
2014-12-06,estacaocidadania,0.0
2014-12-07,estacaocidadania,0.0
2014-12-08,estacaocidadania,0.0
2014-12-09,estacaocidadania,0.0
2014-12-10,estacaocidadania,0.0
2014-12-11,estacaocidadania,0.0
2014-12-12,estacaocidadania,0.0
2014-12-13,estacaocidadania,0.0
2014-12-14,estacaocidadania,0.0
2014-12-15,estacaocidadania,0.0
2014-12-16,estacaocidadania,0.0
2014-12-17,estacaocidadania,0.0
2014-12-18,estacaocidadania,0.0
2014-12-19,estacaocidadania,0.0
2014-12-20,estacaocidadania,0.0
2014-12-21,estacaocidadania,0.0
2014-12-22,estacaocidadania,0.0
2014-12-23,estacaocidadania,0.0
2014-12-24,estacaocidadania,0.0
2014-12-25,estacaocidadania,0.0
2014-12-26,estacaocidadania,0.0
2014-12-27,estacaocidadania,0.0
2014-12-28,estacaocidadania,0.0
2014-12-29,estacaocidadania,0.0
2014-12-30,estacaocidadania,0.0
2014-12-31,estacaocidadania,0.0
2015-01-01,estacaocidadania,0.0
2015-01-02,estacaocidadania,0.0
2015-01-03,estacaocidadania,0.0
2015-01-04,estacaocidadania,0.0
2015-01-05,estacaocidadania,0.0
2015-01-06,estacaocidadania,0.0
2015-01-07,estacaocidadania,0.0
2015-01-08,estacaocidadania,0.0
2015-01-09,estacaocidadania,0.0
2015-01-10,estacaocidadania,0.0
2015-01-11,estacaocidadania,0.0
2015-01-12,estacaocidadania,0.0
2015-01-13,estacaocidadania,0.0
2015-01-14,estacaocidadania,0.0
2015-01-15,estacaocidadania,0.0
2015-01-16,estacaocidadania,0.0
2015-01-17,estacaocidadania,0.0
2015-01-18,estacaocidadania,0.0
2015-01-19,estacaocidadania,0.0
2015-01-20,estacaocidadania,0.0
2015-01-21,estacaocidadania,0.0
2015-01-22,estacaocidadania,0.0
2015-01-23,estacaocidadania,0.0
2015-01-24,estacaocidadania,0.0
2015-01-25,estacaocidadania,0.0
2015-01-26,estacaocidadania,0.0
2015-01-27,estacaocidadania,0.0
2015-01-28,estacaocidadania,0.0
2015-01-29,estacaocidadania,0.0
2015-01-30,estacaocidadania,0.0
2015-01-31,estacaocidadania,0.0
2015-02-01,estacaocidadania,0.0
2015-02-02,estacaocidadania,0.0
2015-02-03,estacaocidadania,0.0
2015-02-04,estacaocidadania,0.0
2015-02-05,estacaocidadania,0.0
2015-02-06,estacaocidadania,0.0
2015-02-07,estacaocidadania,0.0
2015-02-08,estacaocidadania,0.0
2015-02-09,estacaocidadania,0.0
2015-02-10,estacaocidadania,0.0
2015-02-11,estacaocidadania,0.0
2015-02-12,estacaocidadania,0.0
2015-02-13,estacaocidadania,0.0
2015-02-14,estacaocidadania,0.0
2015-02-15,estacaocidadania,0.0
2015-02-16,estacaocidadania,0.0
2015-02-17,estacaocidadania,0.0
2015-02-18,estacaocidadania,0.0
2015-02-19,estacaocidadania,0.0
2015-02-20,estacaocidadania,0.0
2015-02-21,estacaocidadania,0.0
2015-02-22,estacaocidadania,0.0
2015-02-23,estacaocidadania,19.2
2015-02-24,estacaocidadania,1.0
2015-02-25,estacaocidadania,0.2
2015-02-26,estacaocidadania,0.0
2015-02-27,estacaocidadania,12.6
2015-02-28,estacaocidadania,2.4
2015-03-01,estacaocidadania,0.4
2015-03-02,estacaocidadania,0.6000000000000001
2015-03-03,estacaocidadania,0.0
2015-03-04,estacaocidadania,0.0
2015-03-05,estacaocidadania,5.2
2015-03-06,estacaocidadania,6.2
2015-03-07,estacaocidadania,0.0
2015-03-08,estacaocidadania,0.0
2015-03-09,estacaocidadania,6.8
2015-03-10,estacaocidadania,9.200000000000001
2015-03-11,estacaocidadania,0.0
2015-03-12,estacaocidadania,70.8
2015-03-13,estacaocidadania,14.200000000000001
2015-03-14,estacaocidadania,0.2
2015-03-15,estacaocidadania,2.4
2015-03-16,estacaocidadania,4.2
2015-03-17,estacaocidadania,0.2
2015-03-18,estacaocidadania,10.200000000000001
2015-03-19,estacaocidadania,4.4
2015-03-20,estacaocidadania,1.0
2015-03-21,estacaocidadania,3.4
2015-03-22,estacaocidadania,0.0
2015-03-23,estacaocidadania,1.0
2015-03-24,estacaocidadania,0.0
2015-03-25,estacaocidadania,0.0
2015-03-26,estacaocidadania,0.0
2015-03-27,estacaocidadania,24.2
2015-03-28,estacaocidadania,20.6
2015-03-29,estacaocidadania,41.4
2015-03-30,estacaocidadania,6.6000000000000005
2015-03-31,estacaocidadania,0.2
2015-04-01,estacaocidadania,0.0
2015-04-02,estacaocidadania,0.0
2015-04-03,estacaocidadania,0.0
2015-04-04,estacaocidadania,0.0
2015-04-05,estacaocidadania,15.8
2015-04-06,estacaocidadania,1.4000000000000001
2015-04-07,estacaocidadania,0.2
2015-04-08,estacaocidadania,0.0
2015-04-09,estacaocidadania,0.2
2015-04-10,estacaocidadania,1.4
2015-04-11,estacaocidadania,0.0
2015-04-12,estacaocidadania,0.0
2015-04-13,estacaocidadania,0.0
2015-04-14,estacaocidadania,0.0
2015-04-15,estacaocidadania,0.0
2015-04-16,estacaocidadania,15.2
2015-04-17,estacaocidadania,47.0
2015-04-18,estacaocidadania,0.2
2015-04-19,estacaocidadania,0.6000000000000001
2015-04-20,estacaocidadania,6.4
2015-04-21,estacaocidadania,5.2
2015-04-22,estacaocidadania,45.2
2015-04-23,estacaocidadania,18.6
2015-04-24,estacaocidadania,0.0
2015-04-25,estacaocidadania,2.0
2015-04-26,estacaocidadania,1.2000000000000002
2015-04-27,estacaocidadania,8.4
2015-04-28,estacaocidadania,0.0
2015-04-29,estacaocidadania,3.6
2015-04-30,estacaocidadania,1.4
2015-05-01,estacaocidadania,0.0
2015-05-02,estacaocidadania,0.0
2015-05-03,estacaocidadania,11.8
2015-05-04,estacaocidadania,0.4
2015-05-05,estacaocidadania,0.0
2015-05-06,estacaocidadania,0.0
2015-05-07,estacaocidadania,0.0
2015-05-08,estacaocidadania,0.0
2015-05-09,estacaocidadania,0.0
2015-05-10,estacaocidadania,11.8
2015-05-11,estacaocidadania,4.0
2015-05-12,estacaocidadania,1.2000000000000002
2015-05-13,estacaocidadania,4.4
2015-05-14,estacaocidadania,5.2
2015-05-15,estacaocidadania,12.4
2015-05-16,estacaocidadania,0.4
2015-05-17,estacaocidadania,3.8000000000000003
2015-05-18,estacaocidadania,19.2
2015-05-19,estacaocidadania,37.4
2015-05-20,estacaocidadania,4.6
2015-05-21,estacaocidadania,0.0
2015-05-22,estacaocidadania,0.2
2015-05-23,estacaocidadania,0.0
2015-05-24,estacaocidadania,11.6
2015-05-25,estacaocidadania,22.6
2015-05-26,estacaocidadania,33.6
2015-05-27,estacaocidadania,14.8
2015-05-28,estacaocidadania,0.2
2015-05-29,estacaocidadania,0.0
2015-05-30,estacaocidadania,0.0
2015-05-31,estacaocidadania,0.0
2015-06-01,estacaocidadania,0.0
2015-06-02,estacaocidadania,0.0
2015-06-03,estacaocidadania,0.0
2015-06-04,estacaocidadania,0.0
2015-06-05,estacaocidadania,0.0
2015-06-06,estacaocidadania,0.0
2015-06-07,estacaocidadania,0.0
2015-06-08,estacaocidadania,0.0
2015-06-09,estacaocidadania,0.0
2015-06-10,estacaocidadania,0.0
2015-06-11,estacaocidadania,10.2
2015-06-12,estacaocidadania,30.0
2015-06-13,estacaocidadania,20.8
2015-06-14,estacaocidadania,12.0
2015-06-15,estacaocidadania,1.6
2015-06-16,estacaocidadania,0.2
2015-06-17,estacaocidadania,0.0
2015-06-18,estacaocidadania,39.4
2015-06-19,estacaocidadania,0.2
2015-06-20,estacaocidadania,0.4
2015-06-21,estacaocidadania,0.7999999999999999
2015-06-22,estacaocidadania,0.2
2015-06-23,estacaocidadania,0.0
2015-06-24,estacaocidadania,1.2000000000000002
2015-06-25,estacaocidadania,1.6
2015-06-26,estacaocidadania,2.4
2015-06-27,estacaocidadania,0.0
2015-06-28,estacaocidadania,0.2
2015-06-29,estacaocidadania,0.0
2015-06-30,estacaocidadania,1.6
2015-07-01,estacaocidadania,0.2
2015-07-02,estacaocidadania,0.8
2015-07-03,estacaocidadania,0.0
2015-07-04,estacaocidadania,0.2
2015-07-05,estacaocidadania,0.2
2015-07-06,estacaocidadania,1.0
2015-07-07,estacaocidadania,6.2
2015-07-08,estacaocidadania,25.400000000000002
2015-07-09,estacaocidadania,0.0
2015-07-10,estacaocidadania,9.0
2015-07-11,estacaocidadania,0.0
2015-07-12,estacaocidadania,9.4
2015-07-13,estacaocidadania,1.6
2015-07-14,estacaocidadania,17.6
2015-07-15,estacaocidadania,1.4000000000000001
2015-07-16,estacaocidadania,22.4
2015-07-17,estacaocidadania,0.8
2015-07-18,estacaocidadania,0.0
2015-07-19,estacaocidadania,0.0
2015-07-20,estacaocidadania,10.2
2015-07-21,estacaocidadania,1.6
2015-07-22,estacaocidadania,0.0
2015-07-23,estacaocidadania,6.800000000000001
2015-07-24,estacaocidadania,5.800000000000001
2015-07-25,estacaocidadania,0.0
2015-07-26,estacaocidadania,0.0
2015-07-27,estacaocidadania,0.0
2015-07-28,estacaocidadania,0.2
2015-07-29,estacaocidadania,0.0
2015-07-30,estacaocidadania,0.0
2015-07-31,estacaocidadania,0.0
2015-08-01,estacaocidadania,0.0
2015-08-02,estacaocidadania,0.0
2015-08-03,estacaocidadania,0.2
2015-08-04,estacaocidadania,0.0
2015-08-05,estacaocidadania,0.0
2015-08-06,estacaocidadania,0.0
2015-08-07,estacaocidadania,0.0
2015-08-08,estacaocidadania,0.0
2015-08-09,estacaocidadania,0.0
2015-08-10,estacaocidadania,0.0
2015-08-11,estacaocidadania,0.0
2015-08-12,estacaocidadania,0.0
2015-08-13,estacaocidadania,0.0
2015-08-14,estacaocidadania,0.0
2015-08-15,estacaocidadania,0.0
2015-08-16,estacaocidadania,0.2
2015-08-17,estacaocidadania,0.0
2015-08-18,estacaocidadania,0.0
2015-08-19,estacaocidadania,0.0
2015-08-20,estacaocidadania,0.0
2015-08-21,estacaocidadania,0.2
2015-08-22,estacaocidadania,0.0
2015-08-23,estacaocidadania,0.4
2015-08-24,estacaocidadania,4.2
2015-08-25,estacaocidadania,2.4
2015-08-26,estacaocidadania,7.800000000000001
2015-08-27,estacaocidadania,12.0
2015-08-28,estacaocidadania,0.2
2015-08-29,estacaocidadania,0.0
2015-08-30,estacaocidadania,0.0
2015-08-31,estacaocidadania,0.2
2015-09-01,estacaocidadania,2.4000000000000004
2015-09-02,estacaocidadania,6.6000000000000005
2015-09-03,estacaocidadania,33.6
2015-09-04,estacaocidadania,23.0
2015-09-05,estacaocidadania,7.4
2015-09-06,estacaocidadania,4.2
2015-09-07,estacaocidadania,9.6
2015-09-08,estacaocidadania,7.0
2015-09-09,estacaocidadania,0.2
2015-09-10,estacaocidadania,1.0
2015-09-11,estacaocidadania,5.8
2015-09-12,estacaocidadania,0.0
2015-09-13,estacaocidadania,0.0
2015-09-14,estacaocidadania,0.0
2015-09-15,estacaocidadania,0.2
2015-09-16,estacaocidadania,0.0
2015-09-17,estacaocidadania,49.4
2015-09-18,estacaocidadania,6.4
2015-09-19,estacaocidadania,7.0
2015-09-20,estacaocidadania,0.2
2015-09-21,estacaocidadania,0.0
2015-09-22,estacaocidadania,0.0
2015-09-23,estacaocidadania,0.0
2015-09-24,estacaocidadania,0.0
2015-09-25,estacaocidadania,19.0
2015-09-26,estacaocidadania,8.4
2015-09-27,estacaocidadania,32.0
2015-09-28,estacaocidadania,2.8000000000000003
2015-09-29,estacaocidadania,0.2
2015-09-30,estacaocidadania,2.2
2015-10-01,estacaocidadania,3.6
2015-10-02,estacaocidadania,15.8
2015-10-03,estacaocidadania,6.2
2015-10-04,estacaocidadania,3.8000000000000003
2015-10-05,estacaocidadania,1.0
2015-10-06,estacaocidadania,7.8
2015-10-07,estacaocidadania,0.6000000000000001
2015-10-08,estacaocidadania,30.8
2015-10-09,estacaocidadania,5.6000000000000005
2015-10-10,estacaocidadania,11.0
2015-10-11,estacaocidadania,9.8
2015-10-12,estacaocidadania,0.8
2015-10-13,estacaocidadania,28.6
2015-10-14,estacaocidadania,13.6
2015-10-15,estacaocidadania,0.2
2015-10-16,estacaocidadania,8.6
2015-10-17,estacaocidadania,0.2
2015-10-18,estacaocidadania,0.2
2015-10-19,estacaocidadania,0.4
2015-10-20,estacaocidadania,0.2
2015-10-21,estacaocidadania,20.6
2015-10-22,estacaocidadania,111.6
2015-10-23,estacaocidadania,0.4
2015-10-24,estacaocidadania,0.0
2015-10-25,estacaocidadania,7.0
2015-10-26,estacaocidadania,6.0
2015-10-27,estacaocidadania,0.8
2015-10-28,estacaocidadania,13.8
2015-10-29,estacaocidadania,17.0
2015-10-30,estacaocidadania,1.8
2015-10-31,estacaocidadania,11.8
2015-11-01,estacaocidadania,22.6
2015-11-02,estacaocidadania,31.400000000000002
2015-11-03,estacaocidadania,3.8000000000000003
2015-11-04,estacaocidadania,58.800000000000004
2015-11-05,estacaocidadania,22.0
2015-11-06,estacaocidadania,6.6000000000000005
2015-11-07,estacaocidadania,4.4
2015-11-08,estacaocidadania,22.8
2015-11-09,estacaocidadania,0.4
2015-11-10,estacaocidadania,0.0
2015-11-11,estacaocidadania,0.0
2015-11-12,estacaocidadania,0.4
2015-11-13,estacaocidadania,0.6000000000000001
2015-11-14,estacaocidadania,6.2
2015-11-15,estacaocidadania,2.2
2015-11-16,estacaocidadania,2.0
2015-11-17,estacaocidadania,6.2
2015-11-18,estacaocidadania,16.4
2015-11-19,estacaocidadania,47.2
2015-11-20,estacaocidadania,0.2
2015-11-21,estacaocidadania,0.0
2015-11-22,estacaocidadania,11.200000000000001
2015-11-23,estacaocidadania,20.0
2015-11-24,estacaocidadania,2.2
2015-11-25,estacaocidadania,3.4000000000000004
2015-11-26,estacaocidadania,2.8
2015-11-27,estacaocidadania,4.2
2015-11-28,estacaocidadania,1.4000000000000001
2015-11-29,estacaocidadania,1.2000000000000002
2015-11-30,estacaocidadania,11.0
2015-12-01,estacaocidadania,0.4
2015-12-02,estacaocidadania,10.2
2015-12-03,estacaocidadania,23.0
2015-12-04,estacaocidadania,8.200000000000001
2015-12-05,estacaocidadania,2.0
2015-12-06,estacaocidadania,34.4
2015-12-07,estacaocidadania,1.8
2015-12-08,estacaocidadania,6.0
2015-12-09,estacaocidadania,0.0
2015-12-10,estacaocidadania,14.2
2015-12-11,estacaocidadania,0.0
2015-12-12,estacaocidadania,2.2
2015-12-13,estacaocidadania,3.5999999999999996
2015-12-14,estacaocidadania,0.2
2015-12-15,estacaocidadania,18.2
2015-12-16,estacaocidadania,1.8
2015-12-17,estacaocidadania,1.8
2015-12-18,estacaocidadania,5.0
2015-12-19,estacaocidadania,22.0
2015-12-20,estacaocidadania,33.800000000000004
2015-12-21,estacaocidadania,20.0
2015-12-22,estacaocidadania,0.2
2015-12-23,estacaocidadania,1.4000000000000001
2015-12-24,estacaocidadania,24.0
2015-12-25,estacaocidadania,29.0
2015-12-26,estacaocidadania,6.8
2015-12-27,estacaocidadania,27.0
2015-12-28,estacaocidadania,40.8
2015-12-29,estacaocidadania,10.0
2015-12-30,estacaocidadania,0.2
2015-12-31,estacaocidadania,0.0
2016-01-01,estacaocidadania,7.6000000000000005
2016-01-02,estacaocidadania,18.2
2016-01-03,estacaocidadania,8.6
2016-01-04,estacaocidadania,1.0
2016-01-05,estacaocidadania,3.0
2016-01-06,estacaocidadania,0.0
2016-01-07,estacaocidadania,0.2
2016-01-08,estacaocidadania,0.0
2016-01-09,estacaocidadania,30.8
2016-01-10,estacaocidadania,45.6
2016-01-11,estacaocidadania,35.0
2016-01-12,estacaocidadania,0.0
2016-01-13,estacaocidadania,0.0
2016-01-14,estacaocidadania,0.0
2016-01-15,estacaocidadania,0.0
2016-01-16,estacaocidadania,6.8
2016-01-17,estacaocidadania,0.0
2016-01-18,estacaocidadania,0.0
2016-01-19,estacaocidadania,0.0
2016-01-20,estacaocidadania,0.0
2016-01-21,estacaocidadania,11.8
2016-01-22,estacaocidadania,0.0
2016-01-23,estacaocidadania,0.0
2016-01-24,estacaocidadania,0.0
2016-01-25,estacaocidadania,6.0
2016-01-26,estacaocidadania,28.200000000000003
2016-01-27,estacaocidadania,3.4000000000000004
2016-01-28,estacaocidadania,30.0
2016-01-29,estacaocidadania,0.0
2016-01-30,estacaocidadania,0.0
2016-01-31,estacaocidadania,0.0
2016-02-01,estacaocidadania,26.0
2016-02-02,estacaocidadania,21.2
2016-02-03,estacaocidadania,11.200000000000001
2016-02-04,estacaocidadania,1.8
2016-02-05,estacaocidadania,19.400000000000002
2016-02-06,estacaocidadania,0.2
2016-02-07,estacaocidadania,2.4000000000000004
2016-02-08,estacaocidadania,0.2
2016-02-09,estacaocidadania,0.0
2016-02-10,estacaocidadania,0.4
2016-02-11,estacaocidadania,0.0
2016-02-12,estacaocidadania,0.0
2016-02-13,estacaocidadania,0.0
2016-02-14,estacaocidadania,0.8
2016-02-15,estacaocidadania,0.4
2016-02-16,estacaocidadania,11.200000000000001
2016-02-17,estacaocidadania,1.4000000000000001
2016-02-18,estacaocidadania,0.0
2016-02-19,estacaocidadania,0.0
2016-02-20,estacaocidadania,5.2
2016-02-21,estacaocidadania,0.0
2016-02-22,estacaocidadania,25.8
2016-02-23,estacaocidadania,26.8
2016-02-24,estacaocidadania,0.2
2016-02-25,estacaocidadania,61.6
2016-02-26,estacaocidadania,0.0
2016-02-27,estacaocidadania,10.8
2016-02-28,estacaocidadania,43.6
2016-02-29,estacaocidadania,0.0
2016-03-01,estacaocidadania,0.4
2016-03-02,estacaocidadania,21.4
2016-03-03,estacaocidadania,18.4
2016-03-04,estacaocidadania,3.2
2016-03-05,estacaocidadania,18.4
2016-03-06,estacaocidadania,0.2
2016-03-07,estacaocidadania,1.4000000000000001
2016-03-08,estacaocidadania,0.2
2016-03-09,estacaocidadania,15.0
2016-03-10,estacaocidadania,3.4
2016-03-11,estacaocidadania,2.8
2016-03-12,estacaocidadania,0.2
2016-03-13,estacaocidadania,0.0
2016-03-14,estacaocidadania,1.2000000000000002
2016-03-15,estacaocidadania,0.2
2016-03-16,estacaocidadania,3.6000000000000005
2016-03-17,estacaocidadania,0.0
2016-03-18,estacaocidadania,0.0
2016-03-19,estacaocidadania,4.4
2016-03-20,estacaocidadania,0.0
2016-03-21,estacaocidadania,13.2
2016-03-22,estacaocidadania,0.2
2016-03-23,estacaocidadania,1.2000000000000002
2016-03-24,estacaocidadania,27.6
2016-03-25,estacaocidadania,15.0
2016-03-26,estacaocidadania,0.0
2016-03-27,estacaocidadania,0.0
2016-03-28,estacaocidadania,0.0
2016-03-29,estacaocidadania,0.0
2016-03-30,estacaocidadania,3.4
2016-03-31,estacaocidadania,0.6000000000000001
2016-04-01,estacaocidadania,0.0
2016-04-02,estacaocidadania,0.0
2016-04-03,estacaocidadania,1.6
2016-04-04,estacaocidadania,0.2
2016-04-05,estacaocidadania,0.0
2016-04-06,estacaocidadania,0.0
2016-04-07,estacaocidadania,0.0
2016-04-08,estacaocidadania,16.4
2016-04-09,estacaocidadania,8.0
2016-04-10,estacaocidadania,28.2
2016-04-11,estacaocidadania,1.6
2016-04-12,estacaocidadania,49.4
2016-04-13,estacaocidadania,7.199999999999999
2016-04-14,estacaocidadania,0.4
2016-04-15,estacaocidadania,0.0
2016-04-16,estacaocidadania,0.0
2016-04-17,estacaocidadania,0.0
2016-04-18,estacaocidadania,0.0
2016-04-19,estacaocidadania,0.0
2016-04-20,estacaocidadania,0.0
2016-04-21,estacaocidadania,0.0
2016-04-22,estacaocidadania,0.4
2016-04-23,estacaocidadania,0.0
2016-04-24,estacaocidadania,0.0
2016-04-25,estacaocidadania,3.8000000000000003
2016-04-26,estacaocidadania,38.0
2016-04-27,estacaocidadania,0.0
2016-04-28,estacaocidadania,0.0
2016-04-29,estacaocidadania,0.0
2016-04-30,estacaocidadania,0.0
2016-05-01,estacaocidadania,0.0
2016-05-02,estacaocidadania,0.0
2016-05-03,estacaocidadania,0.0
2016-05-04,estacaocidadania,0.0
2016-05-05,estacaocidadania,1.2000000000000002
2016-05-06,estacaocidadania,4.4
2016-05-07,estacaocidadania,0.2
2016-05-08,estacaocidadania,0.8
2016-05-09,estacaocidadania,4.2
2016-05-10,estacaocidadania,2.2
2016-05-11,estacaocidadania,0.2
2016-05-12,estacaocidadania,0.8
2016-05-13,estacaocidadania,0.0
2016-05-14,estacaocidadania,1.6
2016-05-15,estacaocidadania,13.4
2016-05-16,estacaocidadania,0.0
2016-05-17,estacaocidadania,0.0
2016-05-18,estacaocidadania,0.0
2016-05-19,estacaocidadania,0.2
2016-05-20,estacaocidadania,44.6
2016-05-21,estacaocidadania,31.2
2016-05-22,estacaocidadania,14.0
2016-05-23,estacaocidadania,0.0
2016-05-24,estacaocidadania,2.8
2016-05-25,estacaocidadania,3.4
2016-05-26,estacaocidadania,5.6000000000000005
2016-05-27,estacaocidadania,18.0
2016-05-28,estacaocidadania,6.6000000000000005
2016-05-29,estacaocidadania,2.4000000000000004
2016-05-30,estacaocidadania,0.4
2016-05-31,estacaocidadania,0.8
2016-06-01,estacaocidadania,11.6
2016-06-02,estacaocidadania,0.0
2016-06-03,estacaocidadania,0.2
2016-06-04,estacaocidadania,0.0
2016-06-05,estacaocidadania,3.6
2016-06-06,estacaocidadania,4.4
2016-06-07,estacaocidadania,0.2
2016-06-08,estacaocidadania,0.0
2016-06-09,estacaocidadania,0.0
2016-06-10,estacaocidadania,0.0
2016-06-11,estacaocidadania,0.0
2016-06-12,estacaocidadania,0.0
2016-06-13,estacaocidadania,0.0
2016-06-14,estacaocidadania,0.2
2016-06-15,estacaocidadania,0.0
2016-06-16,estacaocidadania,0.2
2016-06-17,estacaocidadania,12.2
2016-06-18,estacaocidadania,4.8
2016-06-19,estacaocidadania,0.8
2016-06-20,estacaocidadania,10.0
2016-06-21,estacaocidadania,16.8
2016-06-22,estacaocidadania,1.0
2016-06-23,estacaocidadania,0.0
2016-06-24,estacaocidadania,0.0
2016-06-25,estacaocidadania,0.0
2016-06-26,estacaocidadania,0.0
2016-06-27,estacaocidadania,0.0
2016-06-28,estacaocidadania,0.0
2016-06-29,estacaocidadania,0.4
2016-06-30,estacaocidadania,0.0
2016-07-02,estacaocidadania,0.2
2016-07-03,estacaocidadania,0.4
2016-07-04,estacaocidadania,0.0
2016-07-05,estacaocidadania,0.0
2016-07-06,estacaocidadania,0.2
2016-07-07,estacaocidadania,0.2
2016-07-08,estacaocidadania,0.0
2016-07-09,estacaocidadania,0.0
2016-07-10,estacaocidadania,0.0
2016-07-11,estacaocidadania,0.0
2016-07-12,estacaocidadania,4.2
2016-07-13,estacaocidadania,10.200000000000001
2016-07-14,estacaocidadania,0.0
2016-07-15,estacaocidadania,22.2
2016-07-16,estacaocidadania,38.2
2016-07-17,estacaocidadania,0.0
2016-07-18,estacaocidadania,0.0
2016-07-19,estacaocidadania,0.0
2016-07-20,estacaocidadania,0.0
2016-07-21,estacaocidadania,0.0
2016-07-22,estacaocidadania,0.2
2016-07-23,estacaocidadania,0.0
2016-07-24,estacaocidadania,0.0
2016-07-25,estacaocidadania,0.0
2016-07-26,estacaocidadania,0.0
2016-07-27,estacaocidadania,0.0
2016-07-28,estacaocidadania,1.2000000000000002
2016-07-29,estacaocidadania,0.4
2016-07-30,estacaocidadania,0.0
2016-07-31,estacaocidadania,0.0
2016-08-01,estacaocidadania,0.0
2016-08-02,estacaocidadania,3.4000000000000004
2016-08-03,estacaocidadania,11.8
2016-08-04,estacaocidadania,1.0
2016-08-05,estacaocidadania,0.2
2016-08-06,estacaocidadania,0.0
2016-08-07,estacaocidadania,4.4
2016-08-08,estacaocidadania,22.2
2016-08-09,estacaocidadania,0.6000000000000001
2016-08-10,estacaocidadania,0.0
2016-08-11,estacaocidadania,0.0
2016-08-12,estacaocidadania,0.0
2016-08-13,estacaocidadania,0.0
2016-08-14,estacaocidadania,0.0
2016-08-15,estacaocidadania,10.4
2016-08-16,estacaocidadania,0.2
2016-08-17,estacaocidadania,14.2
2016-08-18,estacaocidadania,4.4
2016-08-19,estacaocidadania,41.8
2016-08-20,estacaocidadania,51.0
2016-08-21,estacaocidadania,22.2
2016-08-22,estacaocidadania,0.2
2016-08-23,estacaocidadania,0.0
2016-08-24,estacaocidadania,0.0
2016-08-25,estacaocidadania,0.0
2016-08-26,estacaocidadania,0.0
2016-08-27,estacaocidadania,0.0
2016-08-28,estacaocidadania,0.0
2016-08-29,estacaocidadania,0.0
2016-08-30,estacaocidadania,10.6
2016-08-31,estacaocidadania,0.2
2016-09-01,estacaocidadania,0.0
2016-09-02,estacaocidadania,3.2
2016-09-03,estacaocidadania,37.0
2016-09-04,estacaocidadania,9.0
2016-09-05,estacaocidadania,12.0
2016-09-06,estacaocidadania,0.2
2016-09-07,estacaocidadania,0.0
2016-09-08,estacaocidadania,0.0
2016-09-09,estacaocidadania,0.0
2016-09-10,estacaocidadania,0.0
2016-09-11,estacaocidadania,0.0
2016-09-12,estacaocidadania,0.2
2016-09-13,estacaocidadania,0.0
2016-09-14,estacaocidadania,0.0
2016-09-15,estacaocidadania,0.0
2016-09-16,estacaocidadania,0.0
2016-09-17,estacaocidadania,0.0
2016-09-18,estacaocidadania,1.4000000000000001
2016-09-19,estacaocidadania,0.0
2016-09-20,estacaocidadania,0.2
2016-09-21,estacaocidadania,0.0
2016-09-22,estacaocidadania,0.0
2016-09-23,estacaocidadania,0.0
2016-09-24,estacaocidadania,1.4000000000000001
2016-09-25,estacaocidadania,1.6
2016-09-26,estacaocidadania,0.2
2016-09-27,estacaocidadania,0.0
2016-09-28,estacaocidadania,0.0
2016-09-29,estacaocidadania,0.0
2016-09-30,estacaocidadania,1.8
2016-10-01,estacaocidadania,6.0
2016-10-02,estacaocidadania,1.0
2016-10-03,estacaocidadania,16.0
2016-10-04,estacaocidadania,8.0
2016-10-05,estacaocidadania,9.8
2016-10-06,estacaocidadania,52.0
2016-10-07,estacaocidadania,9.6
2016-10-08,estacaocidadania,0.2
2016-10-09,estacaocidadania,0.0
2016-10-10,estacaocidadania,0.0
2016-10-11,estacaocidadania,8.0
2016-10-12,estacaocidadania,14.200000000000001
2016-10-13,estacaocidadania,20.4
2016-10-14,estacaocidadania,0.2
2016-10-15,estacaocidadania,0.4
2016-10-16,estacaocidadania,3.2
2016-10-17,estacaocidadania,4.0
2016-10-18,estacaocidadania,4.2
2016-10-19,estacaocidadania,28.0
2016-10-20,estacaocidadania,41.4
2016-10-21,estacaocidadania,0.2
2016-10-22,estacaocidadania,0.2
2016-10-23,estacaocidadania,0.4
2016-10-24,estacaocidadania,2.4
2016-10-25,estacaocidadania,57.4
2016-10-26,estacaocidadania,21.8
2016-10-27,estacaocidadania,0.0
2016-10-28,estacaocidadania,0.0
2016-10-29,estacaocidadania,0.0
2016-10-30,estacaocidadania,0.0
2016-10-31,estacaocidadania,0.0
2016-11-01,estacaocidadania,0.0
2016-11-02,estacaocidadania,6.0
2016-11-03,estacaocidadania,1.8
2016-11-04,estacaocidadania,0.2
2016-11-05,estacaocidadania,0.0
2016-11-06,estacaocidadania,0.2
2016-11-07,estacaocidadania,1.0
2016-11-08,estacaocidadania,0.0
2016-11-09,estacaocidadania,27.2
2016-11-10,estacaocidadania,0.0
2016-11-11,estacaocidadania,0.4
2016-11-12,estacaocidadania,1.0
2016-11-13,estacaocidadania,0.0
2016-11-14,estacaocidadania,1.6
2016-11-15,estacaocidadania,3.0
2016-11-16,estacaocidadania,23.8
2016-11-17,estacaocidadania,14.4
2016-11-18,estacaocidadania,0.0
2016-11-19,estacaocidadania,0.0
2016-11-20,estacaocidadania,0.0
2016-11-21,estacaocidadania,0.0
2016-11-22,estacaocidadania,6.0
2016-11-23,estacaocidadania,0.6000000000000001
2016-11-24,estacaocidadania,0.0
2016-11-25,estacaocidadania,1.8
2016-11-26,estacaocidadania,0.8
2016-11-27,estacaocidadania,0.4
2016-11-28,estacaocidadania,19.0
2016-11-29,estacaocidadania,11.200000000000001
2016-11-30,estacaocidadania,0.0
2016-12-01,estacaocidadania,0.6000000000000001
2016-12-02,estacaocidadania,3.6
2016-12-03,estacaocidadania,4.8
2016-12-04,estacaocidadania,0.4
2016-12-05,estacaocidadania,0.2
2016-12-06,estacaocidadania,0.0
2016-12-07,estacaocidadania,0.6000000000000001
2016-12-08,estacaocidadania,15.0
2016-12-09,estacaocidadania,18.2
2016-12-10,estacaocidadania,2.8000000000000003
2016-12-11,estacaocidadania,0.2
2016-12-12,estacaocidadania,0.0
2016-12-13,estacaocidadania,9.2
2016-12-14,estacaocidadania,0.2
2016-12-15,estacaocidadania,1.0
2016-12-16,estacaocidadania,33.6
2016-12-17,estacaocidadania,4.4
2016-12-18,estacaocidadania,0.0
2016-12-19,estacaocidadania,25.8
2016-12-20,estacaocidadania,9.8
2016-12-21,estacaocidadania,10.8
2016-12-22,estacaocidadania,0.2
2016-12-23,estacaocidadania,7.8
2016-12-24,estacaocidadania,1.2
2016-12-25,estacaocidadania,0.0
2016-12-26,estacaocidadania,34.4
2016-12-27,estacaocidadania,0.2
2016-12-28,estacaocidadania,6.2
2016-12-29,estacaocidadania,1.0
2016-12-30,estacaocidadania,16.8
2016-12-31,estacaocidadania,0.2
2017-01-01,estacaocidadania,4.2
2017-01-02,estacaocidadania,0.6000000000000001
2017-01-03,estacaocidadania,20.0
2017-01-04,estacaocidadania,7.8
2017-01-05,estacaocidadania,0.0
2017-01-06,estacaocidadania,0.0
2017-01-07,estacaocidadania,10.2
2017-01-08,estacaocidadania,3.8
2017-01-09,estacaocidadania,5.6
2017-01-10,estacaocidadania,3.8000000000000003
2017-01-11,estacaocidadania,0.0
2017-01-12,estacaocidadania,0.0
2017-01-13,estacaocidadania,0.0
2017-01-14,estacaocidadania,0.0
2017-01-15,estacaocidadania,18.2
2017-01-16,estacaocidadania,7.0
2017-01-17,estacaocidadania,76.2
2017-01-18,estacaocidadania,0.0
2017-01-19,estacaocidadania,0.0
2017-01-20,estacaocidadania,0.0
2017-01-21,estacaocidadania,0.4
2017-01-22,estacaocidadania,0.0
2017-01-23,estacaocidadania,3.8
2017-01-24,estacaocidadania,19.4
2017-01-25,estacaocidadania,58.400000000000006
2017-01-26,estacaocidadania,18.2
2017-01-27,estacaocidadania,19.0
2017-01-28,estacaocidadania,6.800000000000001
2017-01-29,estacaocidadania,71.2
2017-01-30,estacaocidadania,51.6
2017-01-31,estacaocidadania,0.2
2017-02-01,estacaocidadania,3.6
2017-02-02,estacaocidadania,3.4
2017-02-03,estacaocidadania,0.0
2017-02-04,estacaocidadania,1.4
2017-02-05,estacaocidadania,0.2
2017-02-06,estacaocidadania,0.4
2017-02-07,estacaocidadania,1.2000000000000002
2017-02-08,estacaocidadania,1.8
2017-02-09,estacaocidadania,0.0
2017-02-10,estacaocidadania,23.0
2017-02-11,estacaocidadania,52.0
2017-02-12,estacaocidadania,1.2000000000000002
2017-02-13,estacaocidadania,3.4
2017-02-14,estacaocidadania,0.0
2017-02-15,estacaocidadania,0.0
2017-02-16,estacaocidadania,0.0
2017-02-17,estacaocidadania,0.0
2017-02-18,estacaocidadania,0.0
2017-02-19,estacaocidadania,0.0
2017-02-20,estacaocidadania,0.0
2017-02-21,estacaocidadania,81.8
2017-02-22,estacaocidadania,0.2
2017-02-23,estacaocidadania,0.8
2017-02-24,estacaocidadania,0.0
2017-02-25,estacaocidadania,2.4
2017-02-26,estacaocidadania,5.0
2017-02-27,estacaocidadania,0.0
2017-02-28,estacaocidadania,0.0
2017-03-01,estacaocidadania,9.8
2017-03-02,estacaocidadania,18.4
2017-03-03,estacaocidadania,24.2
2017-03-04,estacaocidadania,3.6
2017-03-05,estacaocidadania,3.8
2017-03-06,estacaocidadania,23.0
2017-03-07,estacaocidadania,1.0
2017-03-08,estacaocidadania,0.2
2017-03-09,estacaocidadania,0.0
2017-03-10,estacaocidadania,5.6000000000000005
2017-03-11,estacaocidadania,0.0
2017-03-12,estacaocidadania,0.0
2017-03-13,estacaocidadania,0.8
2017-03-14,estacaocidadania,20.0
2017-03-15,estacaocidadania,27.8
2017-03-16,estacaocidadania,0.2
2017-03-17,estacaocidadania,17.0
2017-03-18,estacaocidadania,13.2
2017-03-19,estacaocidadania,15.8
2017-03-20,estacaocidadania,3.4000000000000004
2017-03-21,estacaocidadania,12.8
2017-03-22,estacaocidadania,8.200000000000001
2017-03-23,estacaocidadania,0.2
2017-03-24,estacaocidadania,2.4
2017-03-25,estacaocidadania,43.0
2017-03-26,estacaocidadania,41.8
2017-03-27,estacaocidadania,17.2
2017-03-28,estacaocidadania,1.6
2017-03-29,estacaocidadania,6.2
2017-03-30,estacaocidadania,4.8
2017-03-31,estacaocidadania,0.0
2017-04-01,estacaocidadania,3.8
2017-04-02,estacaocidadania,0.2
2017-04-03,estacaocidadania,10.6
2017-04-04,estacaocidadania,12.8
2017-04-05,estacaocidadania,9.8
2017-04-06,estacaocidadania,44.4
2017-04-07,estacaocidadania,1.4
2017-04-08,estacaocidadania,10.0
2017-04-09,estacaocidadania,49.0
2017-04-10,estacaocidadania,0.6000000000000001
2017-04-11,estacaocidadania,0.0
2017-04-12,estacaocidadania,0.0
2017-04-13,estacaocidadania,0.0
2017-04-14,estacaocidadania,10.200000000000001
2017-04-15,estacaocidadania,3.6
2017-04-16,estacaocidadania,1.6
2017-04-17,estacaocidadania,8.6
2017-04-18,estacaocidadania,2.2
2017-04-19,estacaocidadania,4.4
2017-04-20,estacaocidadania,3.0
2017-04-21,estacaocidadania,0.0
2017-04-22,estacaocidadania,1.6
2017-04-23,estacaocidadania,0.2
2017-04-24,estacaocidadania,11.8
2017-04-25,estacaocidadania,0.0
2017-04-26,estacaocidadania,0.0
2017-04-27,estacaocidadania,0.0
2017-04-28,estacaocidadania,0.0
2017-04-29,estacaocidadania,0.0
2017-04-30,estacaocidadania,0.0
2017-05-01,estacaocidadania,0.2
2017-05-02,estacaocidadania,0.0
2017-05-03,estacaocidadania,8.200000000000001
2017-05-04,estacaocidadania,0.6000000000000001
2017-05-05,estacaocidadania,2.0
2017-05-06,estacaocidadania,0.2
2017-05-07,estacaocidadania,0.2
2017-05-08,estacaocidadania,0.0
2017-05-09,estacaocidadania,0.0
2017-05-10,estacaocidadania,0.0
2017-05-11,estacaocidadania,0.0
2017-05-12,estacaocidadania,5.6000000000000005
2017-05-13,estacaocidadania,0.0
2017-05-14,estacaocidadania,0.0
2017-05-15,estacaocidadania,0.4
2017-05-16,estacaocidadania,34.2
2017-05-17,estacaocidadania,119.0
2017-05-18,estacaocidadania,29.8
2017-05-19,estacaocidadania,3.6
2017-05-20,estacaocidadania,0.8
2017-05-21,estacaocidadania,0.2
2017-05-22,estacaocidadania,2.4000000000000004
2017-05-23,estacaocidadania,0.2
2017-05-24,estacaocidadania,0.0
2017-05-25,estacaocidadania,43.0
2017-05-26,estacaocidadania,34.4
2017-05-27,estacaocidadania,1.0
2017-05-28,estacaocidadania,32.4
2017-05-29,estacaocidadania,55.0
2017-05-30,estacaocidadania,12.4
2017-05-31,estacaocidadania,0.0
2017-06-01,estacaocidadania,1.0
2017-06-02,estacaocidadania,0.2
2017-06-03,estacaocidadania,40.2
2017-06-04,estacaocidadania,26.8
2017-06-05,estacaocidadania,1.2000000000000002
2017-06-06,estacaocidadania,4.2
2017-06-07,estacaocidadania,0.2
2017-06-08,estacaocidadania,0.0
2017-06-09,estacaocidadania,0.0
2017-06-10,estacaocidadania,0.0
2017-06-11,estacaocidadania,0.0
2017-06-12,estacaocidadania,0.4
2017-06-13,estacaocidadania,0.2
2017-06-14,estacaocidadania,0.0
2017-06-15,estacaocidadania,0.0
2017-06-16,estacaocidadania,0.2
2017-06-17,estacaocidadania,10.600000000000001
2017-06-18,estacaocidadania,3.6
2017-06-19,estacaocidadania,0.0
2017-06-20,estacaocidadania,1.8
2017-06-21,estacaocidadania,1.0
2017-06-22,estacaocidadania,0.2
2017-06-23,estacaocidadania,0.0
2017-06-24,estacaocidadania,0.2
2017-06-25,estacaocidadania,0.0
2017-06-26,estacaocidadania,0.0
2017-06-27,estacaocidadania,0.2
2017-06-28,estacaocidadania,0.0
2017-06-29,estacaocidadania,0.8
2017-06-30,estacaocidadania,0.0
2017-07-01,estacaocidadania,0.7999999999999999
2017-07-02,estacaocidadania,3.6
2017-07-03,estacaocidadania,1.0
2017-07-04,estacaocidadania,0.0
2017-07-05,estacaocidadania,0.2
2017-07-06,estacaocidadania,1.6
2017-07-07,estacaocidadania,0.6000000000000001
2017-07-08,estacaocidadania,0.0
2017-07-09,estacaocidadania,0.2
2017-07-10,estacaocidadania,0.2
2017-07-11,estacaocidadania,0.0
2017-07-12,estacaocidadania,0.0
2017-07-13,estacaocidadania,0.0
2017-07-14,estacaocidadania,0.0
2017-07-15,estacaocidadania,3.6
2017-07-16,estacaocidadania,5.6000000000000005
2017-07-17,estacaocidadania,0.0
2017-07-18,estacaocidadania,0.0
2017-07-19,estacaocidadania,0.0
2017-07-20,estacaocidadania,0.2
2017-07-21,estacaocidadania,0.0
2017-07-22,estacaocidadania,0.0
2017-07-23,estacaocidadania,0.2
2017-07-24,estacaocidadania,0.0
2017-07-25,estacaocidadania,0.0
2017-07-26,estacaocidadania,0.0
2017-07-27,estacaocidadania,0.0
2017-07-28,estacaocidadania,0.0
2017-07-29,estacaocidadania,0.0
2017-07-30,estacaocidadania,0.0
2017-07-31,estacaocidadania,0.0
2017-08-01,estacaocidadania,19.4
2017-08-02,estacaocidadania,0.0
2017-08-03,estacaocidadania,0.0
2017-08-04,estacaocidadania,0.4
2017-08-05,estacaocidadania,0.0
2017-08-06,estacaocidadania,8.0
2017-08-07,estacaocidadania,0.2
2017-08-08,estacaocidadania,0.0
2017-08-09,estacaocidadania,4.8
2017-08-10,estacaocidadania,3.2
2017-08-11,estacaocidadania,11.2
2017-08-12,estacaocidadania,0.2
2017-08-13,estacaocidadania,3.6
2017-08-14,estacaocidadania,0.0
2017-08-15,estacaocidadania,0.4
2017-08-16,estacaocidadania,0.2
2017-08-17,estacaocidadania,4.4
2017-08-18,estacaocidadania,33.8
2017-08-19,estacaocidadania,1.2000000000000002
2017-08-20,estacaocidadania,0.0
2017-08-21,estacaocidadania,0.0
2017-08-22,estacaocidadania,0.0
2017-08-23,estacaocidadania,0.0
2017-08-24,estacaocidadania,0.0
2017-08-25,estacaocidadania,0.0
2017-08-26,estacaocidadania,0.0
2017-08-27,estacaocidadania,0.0
2017-08-28,estacaocidadania,0.0
2017-08-29,estacaocidadania,0.2
2017-08-30,estacaocidadania,1.8
2017-08-31,estacaocidadania,0.2
2017-09-01,estacaocidadania,0.0
2017-09-02,estacaocidadania,0.0
2017-09-03,estacaocidadania,0.0
2017-09-04,estacaocidadania,0.0
2017-09-05,estacaocidadania,0.2
2017-09-06,estacaocidadania,0.0
2017-09-07,estacaocidadania,0.6000000000000001
2017-09-08,estacaocidadania,0.0
2017-09-09,estacaocidadania,0.0
2017-09-10,estacaocidadania,0.0
2017-09-11,estacaocidadania,0.0
2017-09-12,estacaocidadania,0.0
2017-09-13,estacaocidadania,0.0
2017-09-14,estacaocidadania,0.0
2017-09-15,estacaocidadania,3.2
2017-09-16,estacaocidadania,0.2
2017-09-17,estacaocidadania,0.0
2017-09-18,estacaocidadania,0.0
2017-09-19,estacaocidadania,0.0
2017-09-20,estacaocidadania,0.0
2017-09-21,estacaocidadania,0.0
2017-09-22,estacaocidadania,5.8
2017-09-23,estacaocidadania,2.8000000000000003
2017-09-24,estacaocidadania,0.0
2017-09-25,estacaocidadania,0.0
2017-09-26,estacaocidadania,7.0
2017-09-27,estacaocidadania,45.0
2017-09-28,estacaocidadania,115.0
2017-09-29,estacaocidadania,0.0
2017-09-30,estacaocidadania,0.0
2017-10-01,estacaocidadania,0.4
2017-10-02,estacaocidadania,0.0
2017-10-03,estacaocidadania,0.0
2017-10-04,estacaocidadania,28.400000000000002
2017-10-05,estacaocidadania,31.400000000000002
2017-10-06,estacaocidadania,42.0
2017-10-07,estacaocidadania,1.8
2017-10-08,estacaocidadania,1.0
2017-10-09,estacaocidadania,0.2
2017-10-10,estacaocidadania,0.6000000000000001
2017-10-11,estacaocidadania,12.4
2017-10-12,estacaocidadania,3.0
2017-10-13,estacaocidadania,7.2
2017-10-14,estacaocidadania,0.4
2017-10-15,estacaocidadania,0.6000000000000001
2017-10-16,estacaocidadania,0.2
2017-10-17,estacaocidadania,1.6
2017-10-18,estacaocidadania,0.0
2017-10-19,estacaocidadania,9.8
2017-10-20,estacaocidadania,0.4
2017-10-21,estacaocidadania,0.2
2017-10-22,estacaocidadania,0.0
2017-10-23,estacaocidadania,12.6
2017-10-24,estacaocidadania,0.4
2017-10-25,estacaocidadania,1.0
2017-10-26,estacaocidadania,0.0
2017-10-27,estacaocidadania,1.2000000000000002
2017-10-28,estacaocidadania,3.8000000000000003
2017-10-29,estacaocidadania,0.8
2017-10-30,estacaocidadania,0.0
2017-10-31,estacaocidadania,0.0
2017-11-01,estacaocidadania,0.0
2017-11-02,estacaocidadania,17.8
2017-11-03,estacaocidadania,0.2
2017-11-04,estacaocidadania,1.7999999999999998
2017-11-05,estacaocidadania,3.6
2017-11-06,estacaocidadania,5.6
2017-11-07,estacaocidadania,3.8000000000000003
2017-11-08,estacaocidadania,49.2
2017-11-09,estacaocidadania,1.0
2017-11-10,estacaocidadania,0.0
2017-11-11,estacaocidadania,0.0
2017-11-12,estacaocidadania,0.0
2017-11-13,estacaocidadania,0.0
2017-11-14,estacaocidadania,8.8
2017-11-15,estacaocidadania,16.400000000000002
2017-11-16,estacaocidadania,39.0
2017-11-17,estacaocidadania,0.0
2017-11-18,estacaocidadania,1.8
2017-11-19,estacaocidadania,5.8
2017-11-20,estacaocidadania,1.0
2017-11-21,estacaocidadania,0.0
2017-11-22,estacaocidadania,0.0
2017-11-23,estacaocidadania,0.0
2017-11-24,estacaocidadania,8.2
2017-11-25,estacaocidadania,0.0
2017-11-26,estacaocidadania,0.0
2017-11-27,estacaocidadania,0.0
2017-11-28,estacaocidadania,0.0
2017-11-29,estacaocidadania,0.0
2017-11-30,estacaocidadania,0.0
2017-12-01,estacaocidadania,4.8
2017-12-02,estacaocidadania,1.0
2017-12-03,estacaocidadania,0.0
2017-12-04,estacaocidadania,0.0
2017-12-05,estacaocidadania,0.0
2017-12-06,estacaocidadania,0.0
2017-12-07,estacaocidadania,0.0
2017-12-08,estacaocidadania,0.0
2017-12-09,estacaocidadania,0.0
2017-12-10,estacaocidadania,0.0
2017-12-11,estacaocidadania,0.0
2017-12-12,estacaocidadania,0.0
2017-12-13,estacaocidadania,0.0
2017-12-14,estacaocidadania,0.0
2017-12-15,estacaocidadania,0.0
2017-12-16,estacaocidadania,0.0
2017-12-17,estacaocidadania,0.0
2017-12-18,estacaocidadania,0.0
2017-12-19,estacaocidadania,0.0
2017-12-20,estacaocidadania,0.0
2017-12-21,estacaocidadania,0.0
2017-12-22,estacaocidadania,0.0
2017-12-23,estacaocidadania,0.0
2017-12-24,estacaocidadania,0.0
2017-12-25,estacaocidadania,0.0
2017-12-26,estacaocidadania,0.0
2017-12-27,estacaocidadania,0.0
2017-12-28,estacaocidadania,0.0
2017-12-29,estacaocidadania,0.0
2017-12-30,estacaocidadania,0.0
2017-12-31,estacaocidadania,0.0
2018-01-01,estacaocidadania,2.4000000000000004
2018-01-02,estacaocidadania,0.0
2018-01-03,estacaocidadania,0.0
2018-01-04,estacaocidadania,0.8
2018-01-05,estacaocidadania,0.0
2018-01-06,estacaocidadania,0.4
2018-01-07,estacaocidadania,0.2
2018-01-08,estacaocidadania,21.400000000000002
2018-01-09,estacaocidadania,26.8
2018-01-10,estacaocidadania,15.6
2018-01-11,estacaocidadania,12.4
2018-01-12,estacaocidadania,47.400000000000006
2018-01-13,estacaocidadania,0.0
2018-01-14,estacaocidadania,58.0
2018-01-15,estacaocidadania,92.0
2018-01-16,estacaocidadania,5.2
2018-01-17,estacaocidadania,3.8000000000000003
2018-01-18,estacaocidadania,2.6
2018-01-19,estacaocidadania,1.6
2018-01-20,estacaocidadania,21.4
2018-01-21,estacaocidadania,27.6
2018-01-22,estacaocidadania,37.199999999999996
2018-01-23,estacaocidadania,1.2
2018-01-24,estacaocidadania,13.200000000000001
2018-01-25,estacaocidadania,0.4
2018-01-26,estacaocidadania,2.4000000000000004
2018-01-27,estacaocidadania,17.4
2018-01-28,estacaocidadania,0.2
2018-01-29,estacaocidadania,3.2
2018-01-30,estacaocidadania,5.0
2018-01-31,estacaocidadania,0.0
2018-02-01,estacaocidadania,0.0
2018-02-02,estacaocidadania,0.2
2018-02-03,estacaocidadania,0.6000000000000001
2018-02-04,estacaocidadania,0.2
2018-02-05,estacaocidadania,0.0
2018-02-06,estacaocidadania,0.0
2018-02-07,estacaocidadania,0.0
2018-02-08,estacaocidadania,0.0
2018-02-09,estacaocidadania,2.2
2018-02-10,estacaocidadania,11.8
2018-02-11,estacaocidadania,14.6
2018-02-12,estacaocidadania,15.200000000000001
2018-02-13,estacaocidadania,3.8000000000000003
2018-02-14,estacaocidadania,0.4
2018-02-15,estacaocidadania,9.6
2018-02-16,estacaocidadania,1.0
2018-02-17,estacaocidadania,0.0
2018-02-18,estacaocidadania,0.2
2018-02-19,estacaocidadania,29.2
2018-02-20,estacaocidadania,0.0
2018-02-21,estacaocidadania,34.8
2018-02-22,estacaocidadania,4.8
2018-02-23,estacaocidadania,0.6000000000000001
2018-02-24,estacaocidadania,1.8
2018-02-25,estacaocidadania,0.2
2018-02-26,estacaocidadania,0.2
2018-02-27,estacaocidadania,5.2
2018-02-28,estacaocidadania,7.2
2018-03-01,estacaocidadania,0.2
2018-03-02,estacaocidadania,38.8
2018-03-03,estacaocidadania,2.6
2018-03-04,estacaocidadania,8.0
2018-03-05,estacaocidadania,15.599999999999998
2018-03-06,estacaocidadania,13.0
2018-03-07,estacaocidadania,1.0
2018-03-08,estacaocidadania,0.0
2018-03-09,estacaocidadania,0.0
2018-03-10,estacaocidadania,0.8
2018-03-11,estacaocidadania,0.2
2018-03-12,estacaocidadania,0.0
2018-03-13,estacaocidadania,0.4
2018-03-14,estacaocidadania,33.6
2018-03-15,estacaocidadania,0.2
2018-03-16,estacaocidadania,1.4000000000000001
2018-03-17,estacaocidadania,0.2
2018-03-18,estacaocidadania,0.2
2018-03-19,estacaocidadania,7.2
2018-03-20,estacaocidadania,18.4
2018-03-21,estacaocidadania,0.6000000000000001
2018-03-22,estacaocidadania,0.2
2018-03-23,estacaocidadania,0.2
2018-03-24,estacaocidadania,0.0
2018-03-25,estacaocidadania,17.6
2018-03-26,estacaocidadania,26.2
2018-03-27,estacaocidadania,2.8000000000000003
2018-03-28,estacaocidadania,1.0
2018-03-29,estacaocidadania,24.0
2018-03-30,estacaocidadania,16.2
2018-03-31,estacaocidadania,1.8
2018-04-01,estacaocidadania,0.2
2018-04-02,estacaocidadania,0.0
2018-04-03,estacaocidadania,0.0
2018-04-04,estacaocidadania,7.199999999999999
2018-04-05,estacaocidadania,1.6
2018-04-06,estacaocidadania,0.4
2018-04-07,estacaocidadania,0.0
2018-04-08,estacaocidadania,0.0
2018-04-09,estacaocidadania,0.2
2018-04-10,estacaocidadania,0.0
2018-04-11,estacaocidadania,0.0
2018-04-12,estacaocidadania,0.0
2018-04-13,estacaocidadania,3.2
2018-04-14,estacaocidadania,1.2000000000000002
2018-04-15,estacaocidadania,12.4
2018-04-16,estacaocidadania,15.200000000000001
2018-04-17,estacaocidadania,8.4
2018-04-18,estacaocidadania,2.6
2018-04-19,estacaocidadania,0.0
2018-04-20,estacaocidadania,0.0
2018-04-21,estacaocidadania,0.0
2018-04-22,estacaocidadania,0.0
2018-04-23,estacaocidadania,0.0
2018-04-24,estacaocidadania,0.0
2018-04-25,estacaocidadania,0.0
2018-04-26,estacaocidadania,0.0
2018-04-27,estacaocidadania,0.0
2018-04-28,estacaocidadania,0.0
2018-04-29,estacaocidadania,0.0
2018-04-30,estacaocidadania,0.0
2018-05-01,estacaocidadania,1.2
2018-05-02,estacaocidadania,99.4
2018-05-03,estacaocidadania,0.2
2018-05-04,estacaocidadania,0.0
2018-05-05,estacaocidadania,0.0
2018-05-06,estacaocidadania,27.6
2018-05-07,estacaocidadania,16.6
2018-05-08,estacaocidadania,13.200000000000001
2018-05-09,estacaocidadania,0.4
2018-05-10,estacaocidadania,0.0
2018-05-11,estacaocidadania,0.0
2018-05-12,estacaocidadania,0.0
2018-05-13,estacaocidadania,0.0
2018-05-14,estacaocidadania,0.0
2018-05-15,estacaocidadania,5.8
2018-05-16,estacaocidadania,0.2
2018-05-17,estacaocidadania,0.0
2018-05-18,estacaocidadania,6.4
2018-05-19,estacaocidadania,0.6000000000000001
2018-05-20,estacaocidadania,0.0
2018-05-21,estacaocidadania,0.0
2018-05-22,estacaocidadania,0.0
2018-05-23,estacaocidadania,0.0
2018-05-24,estacaocidadania,0.0
2018-05-25,estacaocidadania,0.0
2018-05-26,estacaocidadania,0.0
2018-05-27,estacaocidadania,0.0
2018-05-28,estacaocidadania,0.0
2018-05-29,estacaocidadania,1.2000000000000002
2018-05-30,estacaocidadania,0.0
2018-05-31,estacaocidadania,0.0
2018-06-01,estacaocidadania,0.0
2018-06-02,estacaocidadania,12.4
2018-06-03,estacaocidadania,1.6
2018-06-04,estacaocidadania,3.8
2018-06-05,estacaocidadania,3.0
2018-06-06,estacaocidadania,0.0
2018-06-07,estacaocidadania,7.6000000000000005
2018-06-08,estacaocidadania,0.0
2018-06-09,estacaocidadania,0.0
2018-06-10,estacaocidadania,0.0
2018-06-11,estacaocidadania,0.0
2018-06-12,estacaocidadania,0.4
2018-06-13,estacaocidadania,0.4
2018-06-14,estacaocidadania,12.600000000000001
2018-06-15,estacaocidadania,6.4
2018-06-16,estacaocidadania,3.0
2018-06-17,estacaocidadania,0.2
2018-06-18,estacaocidadania,1.8
2018-06-19,estacaocidadania,1.0
2018-06-20,estacaocidadania,0.2
2018-06-21,estacaocidadania,0.0
2018-06-22,estacaocidadania,0.0
2018-06-23,estacaocidadania,0.2
2018-06-24,estacaocidadania,1.2000000000000002
2018-06-25,estacaocidadania,0.2
2018-06-26,estacaocidadania,18.0
2018-06-27,estacaocidadania,6.4
2018-06-28,estacaocidadania,0.2
2018-06-29,estacaocidadania,0.0
2018-06-30,estacaocidadania,0.0
2018-07-01,estacaocidadania,0.0
2018-07-02,estacaocidadania,0.0
2018-07-03,estacaocidadania,2.0
2018-07-04,estacaocidadania,2.8000000000000003
2018-07-05,estacaocidadania,0.4
2018-07-06,estacaocidadania,0.4
2018-07-07,estacaocidadania,0.0
2018-07-08,estacaocidadania,5.4
2018-07-09,estacaocidadania,0.4
2018-07-10,estacaocidadania,0.0
2018-07-11,estacaocidadania,0.0
2018-07-12,estacaocidadania,0.0
2018-07-13,estacaocidadania,0.0
2018-07-14,estacaocidadania,0.0
2018-07-15,estacaocidadania,0.0
2018-07-16,estacaocidadania,0.0
2018-07-17,estacaocidadania,0.0
2018-07-18,estacaocidadania,0.0
2018-07-19,estacaocidadania,0.0
2018-07-20,estacaocidadania,0.0
2018-07-21,estacaocidadania,0.2
2018-07-22,estacaocidadania,0.8
2018-07-23,estacaocidadania,0.2
2018-07-24,estacaocidadania,9.200000000000001
2018-07-25,estacaocidadania,15.6
2018-07-26,estacaocidadania,0.2
2018-07-27,estacaocidadania,0.0
2018-07-28,estacaocidadania,0.0
2018-07-29,estacaocidadania,9.0
2018-07-30,estacaocidadania,4.0
2018-07-31,estacaocidadania,0.4
2018-08-01,estacaocidadania,0.0
2018-08-02,estacaocidadania,12.600000000000001
2018-08-03,estacaocidadania,6.8
2018-08-04,estacaocidadania,0.0
2018-08-05,estacaocidadania,0.0
2018-08-06,estacaocidadania,0.0
2018-08-07,estacaocidadania,0.0
2018-08-08,estacaocidadania,1.8
2018-08-09,estacaocidadania,0.0
2018-08-10,estacaocidadania,0.0
2018-08-11,estacaocidadania,0.0
2018-08-12,estacaocidadania,0.0
2018-08-13,estacaocidadania,0.0
2018-08-14,estacaocidadania,0.0
2018-08-15,estacaocidadania,0.0
2018-08-16,estacaocidadania,0.0
2018-08-17,estacaocidadania,0.0
2018-08-18,estacaocidadania,0.0
2018-08-19,estacaocidadania,0.0
2018-08-20,estacaocidadania,1.4000000000000001
2018-08-21,estacaocidadania,5.800000000000001
2018-08-22,estacaocidadania,14.200000000000001
2018-08-23,estacaocidadania,0.0
2018-08-24,estacaocidadania,17.8
2018-08-25,estacaocidadania,0.0
2018-08-26,estacaocidadania,0.0
2018-08-27,estacaocidadania,0.0
2018-08-28,estacaocidadania,0.0
2018-08-29,estacaocidadania,0.0
2018-08-30,estacaocidadania,0.0
2018-08-31,estacaocidadania,0.0
2018-09-01,estacaocidadania,0.6000000000000001
2018-09-02,estacaocidadania,12.4
2018-09-03,estacaocidadania,53.2
2018-09-04,estacaocidadania,2.6
2018-09-05,estacaocidadania,0.2
2018-09-06,estacaocidadania,0.0
2018-09-07,estacaocidadania,0.0
2018-09-08,estacaocidadania,0.0
2018-09-09,estacaocidadania,0.0
2018-09-10,estacaocidadania,0.0
2018-09-11,estacaocidadania,4.6
2018-09-12,estacaocidadania,21.4
2018-09-13,estacaocidadania,7.800000000000001
2018-09-14,estacaocidadania,4.2
2018-09-15,estacaocidadania,5.8
2018-09-16,estacaocidadania,4.8
2018-09-17,estacaocidadania,1.8
2018-09-18,estacaocidadania,0.0
2018-09-19,estacaocidadania,0.0
2018-09-20,estacaocidadania,0.0
2018-09-21,estacaocidadania,0.0
2018-09-22,estacaocidadania,0.0
2018-09-23,estacaocidadania,0.0
2018-09-24,estacaocidadania,6.2
2018-09-25,estacaocidadania,0.0
2018-09-26,estacaocidadania,1.2000000000000002
2018-09-27,estacaocidadania,0.0
2018-09-28,estacaocidadania,1.6
2018-09-29,estacaocidadania,1.2
2018-09-30,estacaocidadania,0.0
2018-10-01,estacaocidadania,1.0
2018-10-02,estacaocidadania,9.6
2018-10-03,estacaocidadania,22.8
2018-10-04,estacaocidadania,7.2
2018-10-05,estacaocidadania,0.0
2018-10-06,estacaocidadania,7.0
2018-10-07,estacaocidadania,26.6
2018-10-08,estacaocidadania,4.6
2018-10-09,estacaocidadania,15.799999999999999
2018-10-10,estacaocidadania,11.200000000000001
2018-10-11,estacaocidadania,11.0
2018-10-12,estacaocidadania,0.4
2018-10-13,estacaocidadania,4.6000000000000005
2018-10-14,estacaocidadania,34.2
2018-10-15,estacaocidadania,19.8
2018-10-16,estacaocidadania,5.6000000000000005
2018-10-17,estacaocidadania,31.2
2018-10-18,estacaocidadania,2.2
2018-10-19,estacaocidadania,0.0
2018-10-20,estacaocidadania,0.0
2018-10-21,estacaocidadania,7.8
2018-10-22,estacaocidadania,0.0
2018-10-23,estacaocidadania,0.8
2018-10-24,estacaocidadania,44.0
2018-10-25,estacaocidadania,24.400000000000002
2018-10-26,estacaocidadania,13.8
2018-10-27,estacaocidadania,0.2
2018-10-28,estacaocidadania,3.0
2018-10-29,estacaocidadania,0.0
2018-10-30,estacaocidadania,0.0
2018-10-31,estacaocidadania,6.8
2018-11-01,estacaocidadania,13.600000000000001
2018-11-02,estacaocidadania,1.6
2018-11-03,estacaocidadania,19.2
2018-11-04,estacaocidadania,5.4
2018-11-05,estacaocidadania,0.2
2018-11-06,estacaocidadania,0.6000000000000001
2018-11-07,estacaocidadania,5.0
2018-11-08,estacaocidadania,3.4
2018-11-09,estacaocidadania,52.2
2018-11-10,estacaocidadania,7.4
2018-11-11,estacaocidadania,0.4
2018-11-12,estacaocidadania,0.0
2018-11-13,estacaocidadania,0.2
2018-11-14,estacaocidadania,10.2
2018-11-15,estacaocidadania,0.2
2018-11-16,estacaocidadania,0.0
2018-11-17,estacaocidadania,0.0
2018-11-18,estacaocidadania,8.2
2018-11-19,estacaocidadania,0.0
2018-11-20,estacaocidadania,1.2
2018-11-21,estacaocidadania,4.2
2018-11-22,estacaocidadania,3.2
2018-11-23,estacaocidadania,0.0
2018-11-24,estacaocidadania,0.2
2018-11-25,estacaocidadania,1.6
2018-11-26,estacaocidadania,0.8
2018-11-27,estacaocidadania,2.0
2018-11-28,estacaocidadania,0.8
2018-11-29,estacaocidadania,5.2
2018-11-30,estacaocidadania,49.8
2018-12-01,estacaocidadania,5.2
2018-12-02,estacaocidadania,1.2
2018-12-03,estacaocidadania,0.0
2018-12-04,estacaocidadania,0.8
2018-12-05,estacaocidadania,0.0
2018-12-06,estacaocidadania,0.6000000000000001
2018-12-07,estacaocidadania,2.8
2018-12-08,estacaocidadania,0.2
2018-12-09,estacaocidadania,0.0
2018-12-10,estacaocidadania,0.0
2018-12-11,estacaocidadania,0.0
2018-12-12,estacaocidadania,0.0
2018-12-13,estacaocidadania,0.4
2018-12-14,estacaocidadania,1.8
2018-12-15,estacaocidadania,0.0
2018-12-16,estacaocidadania,0.0
2018-12-17,estacaocidadania,0.0
2018-12-18,estacaocidadania,22.2
2018-12-19,estacaocidadania,2.0
2018-12-20,estacaocidadania,13.200000000000001
2018-12-21,estacaocidadania,7.0
2018-12-22,estacaocidadania,29.8
2018-12-23,estacaocidadania,34.4
2018-12-24,estacaocidadania,9.0
2018-12-25,estacaocidadania,9.6
2018-12-26,estacaocidadania,0.0
2018-12-27,estacaocidadania,15.2
2018-12-28,estacaocidadania,0.0
2018-12-29,estacaocidadania,0.0
2018-12-30,estacaocidadania,0.2
2018-12-31,estacaocidadania,0.0
2019-01-01,estacaocidadania,0.0
2019-01-02,estacaocidadania,0.0
2019-01-03,estacaocidadania,6.8
2019-01-04,estacaocidadania,14.0
2019-01-05,estacaocidadania,13.0
2019-01-06,estacaocidadania,0.2
2019-01-07,estacaocidadania,0.6
2019-01-08,estacaocidadania,2.8000000000000003
2019-01-09,estacaocidadania,0.0
2019-01-10,estacaocidadania,0.0
2019-01-11,estacaocidadania,0.0
2019-01-12,estacaocidadania,33.4
2019-01-13,estacaocidadania,2.6
2019-01-14,estacaocidadania,16.6
2019-01-15,estacaocidadania,1.0
2019-01-16,estacaocidadania,0.6000000000000001
2019-01-17,estacaocidadania,1.0
2019-01-18,estacaocidadania,11.4
2019-01-19,estacaocidadania,30.4
2019-01-20,estacaocidadania,0.4
2019-01-21,estacaocidadania,0.4
2019-01-22,estacaocidadania,0.0
2019-01-23,estacaocidadania,0.0
2019-01-24,estacaocidadania,17.8
2019-01-25,estacaocidadania,5.4
2019-01-26,estacaocidadania,11.8
2019-01-27,estacaocidadania,17.8
2019-01-28,estacaocidadania,0.0
2019-01-29,estacaocidadania,0.0
2019-01-30,estacaocidadania,0.0
2019-01-31,estacaocidadania,0.0
2019-02-01,estacaocidadania,8.4
2019-02-02,estacaocidadania,5.2
2019-02-03,estacaocidadania,16.4
2019-02-04,estacaocidadania,4.4
2019-02-05,estacaocidadania,8.6
2019-02-06,estacaocidadania,0.0
2019-02-07,estacaocidadania,0.0
2019-02-08,estacaocidadania,0.0
2019-02-09,estacaocidadania,0.0
2019-02-10,estacaocidadania,0.0
2019-02-11,estacaocidadania,17.4
2019-02-12,estacaocidadania,0.0
2019-02-13,estacaocidadania,0.6000000000000001
2019-02-14,estacaocidadania,0.0
2019-02-15,estacaocidadania,34.4
2019-02-16,estacaocidadania,62.6
2019-02-17,estacaocidadania,96.8
2019-02-18,estacaocidadania,1.0
2019-02-19,estacaocidadania,2.6
2019-02-20,estacaocidadania,29.0
2019-02-21,estacaocidadania,52.2
2019-02-22,estacaocidadania,0.2
2019-02-23,estacaocidadania,6.8
2019-02-24,estacaocidadania,0.0
2019-02-25,estacaocidadania,14.0
2019-02-26,estacaocidadania,1.0
2019-02-27,estacaocidadania,30.400000000000002
2019-02-28,estacaocidadania,2.8
2019-03-01,estacaocidadania,1.0
2019-03-02,estacaocidadania,0.2
2019-03-03,estacaocidadania,0.0
2019-03-04,estacaocidadania,0.0
2019-03-05,estacaocidadania,0.0
2019-03-06,estacaocidadania,12.4
2019-03-07,estacaocidadania,1.0
2019-03-08,estacaocidadania,0.2
2019-03-09,estacaocidadania,4.4
2019-03-10,estacaocidadania,4.2
2019-03-11,estacaocidadania,3.8
2019-03-12,estacaocidadania,0.4
2019-03-13,estacaocidadania,9.4
2019-03-14,estacaocidadania,131.2
2019-03-15,estacaocidadania,18.6
2019-03-16,estacaocidadania,18.8
2019-03-17,estacaocidadania,0.4
2019-03-18,estacaocidadania,17.2
2019-03-19,estacaocidadania,0.2
2019-03-20,estacaocidadania,0.4
2019-03-21,estacaocidadania,2.6
2019-03-22,estacaocidadania,8.200000000000001
2019-03-23,estacaocidadania,0.2
2019-03-24,estacaocidadania,0.0
2019-03-25,estacaocidadania,0.4
2019-03-26,estacaocidadania,8.4
2019-03-27,estacaocidadania,10.6
2019-03-28,estacaocidadania,13.8
2019-03-29,estacaocidadania,1.6
2019-03-30,estacaocidadania,0.2
2019-03-31,estacaocidadania,0.0
2019-04-01,estacaocidadania,0.0
2019-04-02,estacaocidadania,0.0
2019-04-03,estacaocidadania,0.0
2019-04-04,estacaocidadania,0.0
2019-04-05,estacaocidadania,0.4
2019-04-06,estacaocidadania,17.2
2019-04-07,estacaocidadania,52.8
2019-04-08,estacaocidadania,3.6
2019-04-09,estacaocidadania,0.2
2019-04-10,estacaocidadania,0.4
2019-04-11,estacaocidadania,0.0
2019-04-12,estacaocidadania,0.0
2019-04-13,estacaocidadania,0.0
2019-04-14,estacaocidadania,0.0
2019-04-15,estacaocidadania,0.0
2019-04-16,estacaocidadania,26.4
2019-04-17,estacaocidadania,0.0
2019-04-18,estacaocidadania,0.0
2019-04-19,estacaocidadania,0.0
2019-04-20,estacaocidadania,0.0
2019-04-21,estacaocidadania,11.0
2019-04-22,estacaocidadania,41.6
2019-04-23,estacaocidadania,8.8
2019-04-24,estacaocidadania,46.0
2019-04-25,estacaocidadania,0.0
2019-04-26,estacaocidadania,0.0
2019-04-27,estacaocidadania,17.2
2019-04-28,estacaocidadania,4.0
2019-04-29,estacaocidadania,0.8
2019-04-30,estacaocidadania,0.0
2019-05-01,estacaocidadania,5.0
2019-05-02,estacaocidadania,2.0
2019-05-03,estacaocidadania,0.0
2019-05-04,estacaocidadania,0.0
2019-05-05,estacaocidadania,0.0
2019-05-06,estacaocidadania,4.4
2019-05-07,estacaocidadania,12.6
2019-05-08,estacaocidadania,0.0
2019-05-09,estacaocidadania,1.4000000000000001
2019-05-10,estacaocidadania,0.0
2019-05-11,estacaocidadania,22.6
2019-05-12,estacaocidadania,2.8000000000000003
2019-05-13,estacaocidadania,0.2
2019-05-14,estacaocidadania,0.2
2019-05-15,estacaocidadania,9.4
2019-05-16,estacaocidadania,24.0
2019-05-17,estacaocidadania,4.0
2019-05-18,estacaocidadania,20.8
2019-05-19,estacaocidadania,1.8
2019-05-20,estacaocidadania,0.0
2019-05-21,estacaocidadania,0.0
2019-05-22,estacaocidadania,0.0
2019-05-23,estacaocidadania,19.0
2019-05-24,estacaocidadania,16.2
2019-05-25,estacaocidadania,0.0
2019-05-26,estacaocidadania,0.0
2019-05-27,estacaocidadania,0.0
2019-05-28,estacaocidadania,8.4
2019-05-29,estacaocidadania,2.0
2019-05-30,estacaocidadania,71.0
2019-05-31,estacaocidadania,49.8
2019-06-01,estacaocidadania,15.4
2019-06-02,estacaocidadania,26.0
2019-06-03,estacaocidadania,7.8
2019-06-04,estacaocidadania,0.2
2019-06-05,estacaocidadania,0.6000000000000001
2019-06-06,estacaocidadania,2.0
2019-06-07,estacaocidadania,0.4
2019-06-08,estacaocidadania,0.0
2019-06-09,estacaocidadania,0.0
2019-06-10,estacaocidadania,0.2
2019-06-11,estacaocidadania,0.0
2019-06-12,estacaocidadania,0.0
2019-06-13,estacaocidadania,0.2
2019-06-14,estacaocidadania,0.2
2019-06-15,estacaocidadania,0.0
2019-06-16,estacaocidadania,0.2
2019-06-17,estacaocidadania,0.2
2019-06-18,estacaocidadania,0.0
2019-06-19,estacaocidadania,0.0
2019-06-20,estacaocidadania,0.0
2019-06-21,estacaocidadania,0.0
2019-06-22,estacaocidadania,0.0
2019-06-23,estacaocidadania,0.0
2019-06-24,estacaocidadania,0.2
2019-06-25,estacaocidadania,0.0
2019-06-26,estacaocidadania,81.6
2019-06-27,estacaocidadania,0.0
2019-06-28,estacaocidadania,0.2
2019-06-29,estacaocidadania,0.0
2019-06-30,estacaocidadania,0.0
2019-07-01,estacaocidadania,26.4
2019-07-02,estacaocidadania,3.6
2019-07-03,estacaocidadania,2.8000000000000003
2019-07-04,estacaocidadania,0.2
2019-07-05,estacaocidadania,0.0
2019-07-06,estacaocidadania,0.0
2019-07-07,estacaocidadania,0.0
2019-07-08,estacaocidadania,0.0
2019-07-09,estacaocidadania,0.0
2019-07-10,estacaocidadania,0.2
2019-07-11,estacaocidadania,0.0
2019-07-12,estacaocidadania,0.2
2019-07-13,estacaocidadania,0.0
2019-07-14,estacaocidadania,2.0
2019-07-15,estacaocidadania,7.0
2019-07-16,estacaocidadania,0.2
2019-07-18,estacaocidadania,7.4
2019-07-19,estacaocidadania,3.0
2019-07-20,estacaocidadania,0.2
2019-07-22,estacaocidadania,0.0
2019-07-23,estacaocidadania,0.0
2019-07-24,estacaocidadania,0.0
2019-07-25,estacaocidadania,0.2
2019-07-26,estacaocidadania,0.0
2019-07-27,estacaocidadania,5.2
2019-07-28,estacaocidadania,0.0
2019-07-29,estacaocidadania,0.0
2019-07-30,estacaocidadania,0.0
2019-07-31,estacaocidadania,0.2
2019-08-01,estacaocidadania,0.0
2019-08-02,estacaocidadania,3.2
2019-08-03,estacaocidadania,0.2
2019-08-04,estacaocidadania,0.0
2019-08-05,estacaocidadania,0.4
2019-08-06,estacaocidadania,0.2
2019-08-07,estacaocidadania,0.0
2019-08-08,estacaocidadania,0.0
2019-08-09,estacaocidadania,0.0
2019-08-10,estacaocidadania,0.8
2019-08-11,estacaocidadania,0.6000000000000001
2019-08-12,estacaocidadania,0.0
2019-08-13,estacaocidadania,5.6
2019-08-14,estacaocidadania,0.6000000000000001
2019-08-15,estacaocidadania,0.6000000000000001
2019-08-16,estacaocidadania,0.0
2019-08-17,estacaocidadania,0.0
2019-08-18,estacaocidadania,5.4
2019-08-19,estacaocidadania,15.8
2019-08-20,estacaocidadania,0.0
2019-08-21,estacaocidadania,1.2000000000000002
2019-08-22,estacaocidadania,1.2000000000000002
2019-08-23,estacaocidadania,0.4
2019-08-24,estacaocidadania,0.0
2019-08-25,estacaocidadania,0.0
2019-08-26,estacaocidadania,1.0
2019-08-27,estacaocidadania,0.0
2019-08-28,estacaocidadania,0.2
2019-08-30,estacaocidadania,0.0
2019-08-31,estacaocidadania,12.0
2019-09-01,estacaocidadania,41.2
2019-09-02,estacaocidadania,0.4
2019-09-03,estacaocidadania,1.0
2019-09-04,estacaocidadania,1.2000000000000002
2019-09-05,estacaocidadania,1.0
2019-09-06,estacaocidadania,18.0
2019-09-07,estacaocidadania,0.0
2019-09-08,estacaocidadania,0.4
2019-09-09,estacaocidadania,0.2
2019-09-10,estacaocidadania,0.0
2019-09-11,estacaocidadania,0.0
2019-09-12,estacaocidadania,15.0
2019-09-13,estacaocidadania,4.2
2019-09-14,estacaocidadania,2.0
2019-09-15,estacaocidadania,0.2
2019-09-16,estacaocidadania,0.6000000000000001
2019-09-17,estacaocidadania,0.0
2019-09-18,estacaocidadania,29.8
2019-09-19,estacaocidadania,35.2
2019-09-20,estacaocidadania,27.8
2019-09-21,estacaocidadania,1.8
2019-09-22,estacaocidadania,0.2
2019-09-23,estacaocidadania,0.2
2019-09-24,estacaocidadania,2.6
2019-09-25,estacaocidadania,1.2000000000000002
2019-09-26,estacaocidadania,2.2
2019-09-27,estacaocidadania,0.0
2019-09-28,estacaocidadania,0.0
2019-09-29,estacaocidadania,0.6000000000000001
2019-09-30,estacaocidadania,0.8
2019-10-01,estacaocidadania,0.0
2019-10-02,estacaocidadania,0.0
2019-10-03,estacaocidadania,0.0
2019-10-04,estacaocidadania,0.0
2019-10-05,estacaocidadania,3.4000000000000004
2019-10-06,estacaocidadania,29.8
2019-10-07,estacaocidadania,6.800000000000001
2019-10-08,estacaocidadania,0.0
2019-10-10,estacaocidadania,0.0
2019-10-11,estacaocidadania,0.0
2019-10-12,estacaocidadania,0.0
2019-10-13,estacaocidadania,1.6
2019-10-14,estacaocidadania,18.6
2019-10-15,estacaocidadania,17.8
2019-10-16,estacaocidadania,6.0
2019-10-17,estacaocidadania,14.0
2019-10-18,estacaocidadania,0.0
2019-10-19,estacaocidadania,0.2
2019-10-20,estacaocidadania,0.0
2019-10-21,estacaocidadania,3.6
2019-10-22,estacaocidadania,0.0
2019-10-23,estacaocidadania,0.0
2019-10-24,estacaocidadania,0.0
2019-10-25,estacaocidadania,1.6
2019-10-26,estacaocidadania,4.0
2019-10-27,estacaocidadania,14.200000000000001
2019-10-28,estacaocidadania,0.2
2019-10-29,estacaocidadania,0.0
2019-10-30,estacaocidadania,0.0
2019-10-31,estacaocidadania,0.0
2019-11-01,estacaocidadania,18.2
2019-11-02,estacaocidadania,5.0
2019-11-03,estacaocidadania,6.4
2019-11-04,estacaocidadania,4.4
2019-11-05,estacaocidadania,6.3999999999999995
2019-11-06,estacaocidadania,0.8
2019-11-07,estacaocidadania,5.0
2019-11-08,estacaocidadania,1.8
2019-11-09,estacaocidadania,6.800000000000001
2019-11-10,estacaocidadania,46.0
2019-11-11,estacaocidadania,40.0
2019-11-12,estacaocidadania,16.8
2019-11-13,estacaocidadania,3.6
2019-11-14,estacaocidadania,9.799999999999999
2019-11-15,estacaocidadania,0.2
2019-11-16,estacaocidadania,0.0
2019-11-17,estacaocidadania,0.0
2019-11-18,estacaocidadania,0.0
2019-11-19,estacaocidadania,0.0
2019-11-20,estacaocidadania,2.6
2019-11-21,estacaocidadania,0.4
2019-11-22,estacaocidadania,7.2
2019-11-23,estacaocidadania,4.0
2019-11-24,estacaocidadania,0.0
2019-11-25,estacaocidadania,0.0
2019-11-26,estacaocidadania,31.0
2019-11-27,estacaocidadania,25.2
2019-11-28,estacaocidadania,1.0
2019-11-29,estacaocidadania,0.0
2019-11-30,estacaocidadania,0.0
2019-12-01,estacaocidadania,0.6000000000000001
2019-12-02,estacaocidadania,0.0
2019-12-03,estacaocidadania,0.0
2019-12-04,estacaocidadania,14.4
2019-12-05,estacaocidadania,8.799999999999999
2019-12-06,estacaocidadania,0.2
2019-12-07,estacaocidadania,0.0
2019-12-08,estacaocidadania,0.2
2019-12-09,estacaocidadania,2.0
2019-12-10,estacaocidadania,0.0
2019-12-11,estacaocidadania,0.0
2019-12-12,estacaocidadania,0.2
2019-12-13,estacaocidadania,0.6000000000000001
2019-12-14,estacaocidadania,2.4000000000000004
2019-12-15,estacaocidadania,1.8
2019-12-16,estacaocidadania,12.2
2019-12-17,estacaocidadania,46.2
2019-12-18,estacaocidadania,11.4
2019-12-19,estacaocidadania,0.6000000000000001
2019-12-20,estacaocidadania,0.2
2019-12-21,estacaocidadania,0.0
2019-12-22,estacaocidadania,0.2
2019-12-23,estacaocidadania,1.4000000000000001
2019-12-24,estacaocidadania,0.0
2019-12-25,estacaocidadania,0.0
2019-12-26,estacaocidadania,0.0
2019-12-27,estacaocidadania,0.4
2019-12-28,estacaocidadania,0.0
2019-12-29,estacaocidadania,0.0
2019-12-30,estacaocidadania,0.0
2019-12-31,estacaocidadania,0.0
2020-01-01,estacaocidadania,13.0
2020-01-02,estacaocidadania,0.8
2020-01-03,estacaocidadania,3.2
2020-01-04,estacaocidadania,95.0
2020-01-05,estacaocidadania,0.2
2020-01-06,estacaocidadania,0.0
2020-01-07,estacaocidadania,10.6
2020-01-08,estacaocidadania,9.8
2020-01-09,estacaocidadania,0.0
2020-01-10,estacaocidadania,0.2
2020-01-11,estacaocidadania,0.6000000000000001
2020-01-12,estacaocidadania,0.0
2020-01-13,estacaocidadania,0.0
2020-01-14,estacaocidadania,0.0
2020-01-15,estacaocidadania,0.0
2020-01-16,estacaocidadania,15.0
2020-01-17,estacaocidadania,0.2
2020-01-18,estacaocidadania,0.4
2020-01-19,estacaocidadania,4.8
2020-01-20,estacaocidadania,0.0
2020-01-21,estacaocidadania,0.0
2020-01-22,estacaocidadania,20.6
2020-01-23,estacaocidadania,1.8
2020-01-24,estacaocidadania,2.8000000000000003
2020-01-25,estacaocidadania,0.0
2020-01-26,estacaocidadania,0.0
2020-01-27,estacaocidadania,1.4000000000000001
2020-01-28,estacaocidadania,2.6
2020-01-29,estacaocidadania,27.599999999999998
2020-01-30,estacaocidadania,6.8
2020-01-31,estacaocidadania,0.0
2020-02-01,estacaocidadania,0.0
2020-02-02,estacaocidadania,43.4
2020-02-03,estacaocidadania,4.2
2020-02-04,estacaocidadania,31.2
2020-02-05,estacaocidadania,51.4
2020-02-06,estacaocidadania,62.2
2020-02-07,estacaocidadania,54.4
2020-02-08,estacaocidadania,23.8
2020-02-09,estacaocidadania,58.6
2020-02-10,estacaocidadania,3.8000000000000003
2020-02-11,estacaocidadania,9.200000000000001
2020-02-12,estacaocidadania,9.4
2020-02-13,estacaocidadania,3.6
2020-02-14,estacaocidadania,0.0
2020-02-15,estacaocidadania,0.0
2020-02-16,estacaocidadania,0.0
2020-02-17,estacaocidadania,0.0
2020-02-18,estacaocidadania,0.0
2020-02-19,estacaocidadania,1.0
2020-02-20,estacaocidadania,0.6000000000000001
2020-02-21,estacaocidadania,0.0
2020-02-22,estacaocidadania,0.0
2020-02-23,estacaocidadania,0.0
2020-02-24,estacaocidadania,0.0
2020-02-25,estacaocidadania,50.8
2020-02-26,estacaocidadania,68.0
2020-02-27,estacaocidadania,0.2
2020-02-28,estacaocidadania,0.0
2020-02-29,estacaocidadania,0.0
2020-03-01,estacaocidadania,4.6
2020-03-02,estacaocidadania,8.4
2020-03-03,estacaocidadania,15.8
2020-03-04,estacaocidadania,0.2
2020-03-05,estacaocidadania,0.0
2020-03-06,estacaocidadania,0.0
2020-03-07,estacaocidadania,0.0
2020-03-08,estacaocidadania,0.0
2020-03-09,estacaocidadania,0.0
2020-03-10,estacaocidadania,0.0
2020-03-11,estacaocidadania,0.0
2020-03-12,estacaocidadania,0.0
2020-03-13,estacaocidadania,0.0
2020-03-14,estacaocidadania,0.0
2020-03-15,estacaocidadania,0.0
2020-03-16,estacaocidadania,2.4
2020-03-17,estacaocidadania,0.6
2020-03-18,estacaocidadania,4.4
2020-03-19,estacaocidadania,0.0
2020-03-20,estacaocidadania,0.0
2020-03-21,estacaocidadania,0.0
2020-03-22,estacaocidadania,0.0
2020-03-23,estacaocidadania,0.0
2020-03-24,estacaocidadania,2.8000000000000003
2020-03-25,estacaocidadania,0.0
2020-03-26,estacaocidadania,0.0
2020-03-27,estacaocidadania,11.4
2020-03-28,estacaocidadania,0.0
2020-03-29,estacaocidadania,0.0
2020-03-30,estacaocidadania,0.0
2020-03-31,estacaocidadania,0.0
2020-04-01,estacaocidadania,2.8000000000000003
2020-04-02,estacaocidadania,0.0
2020-04-03,estacaocidadania,0.0
2020-04-04,estacaocidadania,0.0
2020-04-05,estacaocidadania,0.0
2020-04-06,estacaocidadania,14.6
2020-04-07,estacaocidadania,0.0
2020-04-08,estacaocidadania,0.0
2020-04-09,estacaocidadania,0.0
2020-04-10,estacaocidadania,0.0
2020-04-11,estacaocidadania,0.0
2020-04-12,estacaocidadania,0.0
2020-04-13,estacaocidadania,0.0
2020-04-14,estacaocidadania,4.0
2020-04-15,estacaocidadania,0.0
2020-04-16,estacaocidadania,0.0
2020-04-17,estacaocidadania,0.0
2020-04-18,estacaocidadania,0.0
2020-04-19,estacaocidadania,2.4000000000000004
2020-04-20,estacaocidadania,0.2
2020-04-21,estacaocidadania,0.0
2020-04-22,estacaocidadania,0.0
2020-04-23,estacaocidadania,0.0
2020-04-24,estacaocidadania,0.0
2020-04-25,estacaocidadania,0.0
2020-04-26,estacaocidadania,0.0
2020-04-27,estacaocidadania,18.4
2020-04-28,estacaocidadania,6.8
2020-04-29,estacaocidadania,0.0
2020-04-30,estacaocidadania,0.0
2020-05-01,estacaocidadania,1.6
2020-05-02,estacaocidadania,0.0
2020-05-03,estacaocidadania,0.0
2020-05-04,estacaocidadania,0.0
2020-05-05,estacaocidadania,0.0
2020-05-06,estacaocidadania,5.4
2020-05-07,estacaocidadania,0.2
2020-05-08,estacaocidadania,0.0
2020-05-09,estacaocidadania,0.0
2020-05-10,estacaocidadania,0.0
2020-05-11,estacaocidadania,0.0
2020-05-12,estacaocidadania,0.0
2020-05-13,estacaocidadania,11.2
2020-05-14,estacaocidadania,12.8
2020-05-15,estacaocidadania,0.2
2020-05-16,estacaocidadania,0.0
2020-05-17,estacaocidadania,0.0
2020-05-18,estacaocidadania,0.0
2020-05-19,estacaocidadania,0.0
2020-05-20,estacaocidadania,0.0
2020-05-21,estacaocidadania,0.0
2020-05-22,estacaocidadania,0.0
2020-05-23,estacaocidadania,0.0
2020-05-24,estacaocidadania,0.0
2020-05-25,estacaocidadania,0.0
2020-05-26,estacaocidadania,0.0
2020-05-27,estacaocidadania,0.0
2020-05-28,estacaocidadania,0.0
2020-05-29,estacaocidadania,0.0
2020-05-30,estacaocidadania,0.0
2020-05-31,estacaocidadania,0.2
2020-06-01,estacaocidadania,22.400000000000002
2020-06-02,estacaocidadania,4.8
2020-06-03,estacaocidadania,0.6000000000000001
2020-06-04,estacaocidadania,4.800000000000001
2020-06-05,estacaocidadania,15.8
2020-06-06,estacaocidadania,0.6000000000000001
2020-06-07,estacaocidadania,0.0
2020-06-08,estacaocidadania,0.2
2020-06-09,estacaocidadania,11.0
2020-06-10,estacaocidadania,21.2
2020-06-11,estacaocidadania,11.600000000000001
2020-06-12,estacaocidadania,0.4
2020-06-13,estacaocidadania,2.4
2020-06-14,estacaocidadania,0.8
2020-06-15,estacaocidadania,0.2
2020-06-16,estacaocidadania,4.2
2020-06-17,estacaocidadania,6.8
2020-06-18,estacaocidadania,0.0
2020-06-19,estacaocidadania,0.0
2020-06-20,estacaocidadania,0.0
2020-06-21,estacaocidadania,0.0
2020-06-22,estacaocidadania,0.0
2020-06-23,estacaocidadania,0.0
2020-06-24,estacaocidadania,0.2
2020-06-25,estacaocidadania,1.4
2020-06-26,estacaocidadania,6.0
2020-06-27,estacaocidadania,13.4
2020-06-28,estacaocidadania,0.0
2020-06-29,estacaocidadania,1.8
2020-06-30,estacaocidadania,8.4
2020-07-01,estacaocidadania,0.0
2020-07-02,estacaocidadania,0.0
2020-07-03,estacaocidadania,0.0
2020-07-04,estacaocidadania,0.0
2020-07-05,estacaocidadania,0.0
2020-07-06,estacaocidadania,25.400000000000002
2020-07-07,estacaocidadania,4.0
2020-07-08,estacaocidadania,0.0
2020-07-09,estacaocidadania,0.0
2020-07-10,estacaocidadania,0.0
2020-07-11,estacaocidadania,0.0
2020-07-12,estacaocidadania,0.0
2020-07-13,estacaocidadania,16.6
2020-07-14,estacaocidadania,0.2
2020-07-15,estacaocidadania,0.0
2020-07-16,estacaocidadania,4.6
2020-07-17,estacaocidadania,4.2
2020-07-18,estacaocidadania,0.0
2020-07-19,estacaocidadania,0.2
2020-07-20,estacaocidadania,0.0
2020-07-21,estacaocidadania,0.2
2020-07-22,estacaocidadania,0.0
2020-07-23,estacaocidadania,0.0
2020-07-24,estacaocidadania,0.0
2020-07-25,estacaocidadania,0.0
2020-07-26,estacaocidadania,0.8
2020-07-27,estacaocidadania,0.0
2020-07-28,estacaocidadania,17.400000000000002
2020-07-29,estacaocidadania,0.6
2020-07-30,estacaocidadania,0.2
2020-07-31,estacaocidadania,0.4
2020-08-01,estacaocidadania,0.2
2020-08-02,estacaocidadania,0.0
2020-08-03,estacaocidadania,0.0
2020-08-04,estacaocidadania,0.0
2020-08-05,estacaocidadania,0.0
2020-08-06,estacaocidadania,0.0
2020-08-07,estacaocidadania,0.0
2020-08-08,estacaocidadania,0.0
2020-08-09,estacaocidadania,0.0
2020-08-10,estacaocidadania,0.0
2020-08-11,estacaocidadania,0.0
2020-08-12,estacaocidadania,7.6
2020-08-13,estacaocidadania,11.0
2020-08-14,estacaocidadania,6.0
2020-08-15,estacaocidadania,22.0
2020-08-16,estacaocidadania,0.6000000000000001
2020-08-17,estacaocidadania,4.4
2020-08-18,estacaocidadania,7.6000000000000005
2020-08-19,estacaocidadania,13.200000000000001
2020-08-20,estacaocidadania,8.6
2020-08-21,estacaocidadania,0.4
2020-08-22,estacaocidadania,0.0
2020-08-23,estacaocidadania,0.0
2020-08-24,estacaocidadania,0.0
2020-08-25,estacaocidadania,0.0
2020-08-26,estacaocidadania,0.0
2020-08-27,estacaocidadania,0.0
2020-08-28,estacaocidadania,0.2
2020-08-29,estacaocidadania,0.0
2020-08-30,estacaocidadania,0.2
2020-08-31,estacaocidadania,12.200000000000001
2020-09-01,estacaocidadania,16.6
2020-09-02,estacaocidadania,0.2
2020-09-03,estacaocidadania,0.0
2020-09-04,estacaocidadania,0.4
2020-09-05,estacaocidadania,0.4
2020-09-06,estacaocidadania,3.0
2020-09-07,estacaocidadania,2.2
2020-09-08,estacaocidadania,0.6000000000000001
2020-09-09,estacaocidadania,0.0
2020-09-10,estacaocidadania,0.2
2020-09-11,estacaocidadania,0.0
2020-09-12,estacaocidadania,0.0
2020-09-13,estacaocidadania,0.0
2020-09-14,estacaocidadania,0.0
2020-09-15,estacaocidadania,0.2
2020-09-16,estacaocidadania,0.0
2020-09-17,estacaocidadania,2.4
2020-09-18,estacaocidadania,0.0
2020-09-19,estacaocidadania,0.0
2020-09-20,estacaocidadania,0.2
2020-09-21,estacaocidadania,0.6000000000000001
2020-09-22,estacaocidadania,0.0
2020-09-23,estacaocidadania,0.0
2020-09-24,estacaocidadania,0.2
2020-09-25,estacaocidadania,0.0
2020-09-26,estacaocidadania,0.0
2020-09-27,estacaocidadania,15.4
2020-09-28,estacaocidadania,3.6
2020-09-29,estacaocidadania,0.0
2020-09-30,estacaocidadania,1.4000000000000001
2020-10-01,estacaocidadania,0.0
2020-10-02,estacaocidadania,0.0
2020-10-03,estacaocidadania,17.0
2020-10-04,estacaocidadania,15.200000000000001
2020-10-05,estacaocidadania,2.6
2020-10-06,estacaocidadania,0.4
2020-10-07,estacaocidadania,8.200000000000001
2020-10-08,estacaocidadania,22.0
2020-10-09,estacaocidadania,10.200000000000001
2020-10-10,estacaocidadania,0.2
2020-10-11,estacaocidadania,0.0
2020-10-12,estacaocidadania,0.0
2020-10-13,estacaocidadania,0.4
2020-10-14,estacaocidadania,0.0
2020-10-15,estacaocidadania,1.8
2020-10-16,estacaocidadania,0.4
2020-10-17,estacaocidadania,0.2
2020-10-18,estacaocidadania,0.0
2020-10-19,estacaocidadania,0.8
2020-10-20,estacaocidadania,0.2
2020-10-21,estacaocidadania,0.0
2020-10-22,estacaocidadania,8.8
2020-10-23,estacaocidadania,7.0
2020-10-24,estacaocidadania,0.2
2020-10-25,estacaocidadania,2.0
2020-10-26,estacaocidadania,0.0
2020-10-27,estacaocidadania,0.0
2020-10-28,estacaocidadania,0.0
2020-10-29,estacaocidadania,8.4
2020-10-30,estacaocidadania,14.200000000000001
2020-10-31,estacaocidadania,2.6
2020-11-01,estacaocidadania,0.6000000000000001
2020-11-02,estacaocidadania,0.0
2020-11-03,estacaocidadania,0.2
2020-11-04,estacaocidadania,0.0
2020-11-05,estacaocidadania,0.0
2020-11-06,estacaocidadania,0.0
2020-11-07,estacaocidadania,0.0
2020-11-08,estacaocidadania,6.0
2020-11-09,estacaocidadania,13.0
2020-11-10,estacaocidadania,1.0
2020-11-11,estacaocidadania,22.0
2020-11-12,estacaocidadania,7.3999999999999995
2020-11-13,estacaocidadania,0.2
2020-11-14,estacaocidadania,0.2
2020-11-15,estacaocidadania,9.0
2020-11-16,estacaocidadania,14.8
2020-11-17,estacaocidadania,0.4
2020-11-18,estacaocidadania,39.0
2020-11-19,estacaocidadania,13.6
2020-11-20,estacaocidadania,0.0
2020-11-21,estacaocidadania,1.4000000000000001
2020-11-22,estacaocidadania,1.0
2020-11-23,estacaocidadania,1.4
2020-11-24,estacaocidadania,0.6000000000000001
2020-11-25,estacaocidadania,0.2
2020-11-26,estacaocidadania,0.2
2020-11-27,estacaocidadania,21.400000000000002
2020-11-28,estacaocidadania,0.2
2020-11-29,estacaocidadania,0.0
2020-11-30,estacaocidadania,9.2
2020-12-01,estacaocidadania,0.4
2020-12-02,estacaocidadania,0.2
2020-12-03,estacaocidadania,21.6
2020-12-04,estacaocidadania,0.0
2020-12-05,estacaocidadania,62.4
2020-12-06,estacaocidadania,50.4
2020-12-07,estacaocidadania,9.6
2020-12-08,estacaocidadania,0.4
2020-12-09,estacaocidadania,0.0
2020-12-10,estacaocidadania,0.8
2020-12-11,estacaocidadania,0.0
2020-12-12,estacaocidadania,0.0
2020-12-13,estacaocidadania,3.0
2020-12-14,estacaocidadania,55.2
2020-12-15,estacaocidadania,8.8
2020-12-16,estacaocidadania,5.8
2020-12-17,estacaocidadania,11.0
2020-12-18,estacaocidadania,0.2
2020-12-19,estacaocidadania,9.200000000000001
2020-12-20,estacaocidadania,9.6
2020-12-21,estacaocidadania,2.6
2020-12-22,estacaocidadania,9.2
2020-12-23,estacaocidadania,12.0
2020-12-24,estacaocidadania,0.4
2020-12-25,estacaocidadania,1.2
2020-12-26,estacaocidadania,9.600000000000001
2020-12-27,estacaocidadania,29.0
2020-12-28,estacaocidadania,37.0
2020-12-29,estacaocidadania,29.2
2020-12-30,estacaocidadania,0.2
2014-07-31,estradageral,0.0
2014-08-01,estradageral,9.856690307000001
2014-08-02,estradageral,0.0
2014-08-03,estradageral,0.2
2014-08-04,estradageral,5.324526115
2014-08-05,estradageral,0.0
2014-08-06,estradageral,0.0
2014-08-07,estradageral,0.0
2014-08-08,estradageral,1.0
2014-08-09,estradageral,0.0
2014-08-10,estradageral,0.0
2014-08-11,estradageral,0.0
2014-08-12,estradageral,33.489604755
2014-08-13,estradageral,10.261407338
2014-08-14,estradageral,0.0
2014-08-15,estradageral,3.8000000000000003
2014-08-16,estradageral,38.791562169
2014-08-17,estradageral,0.2
2014-08-18,estradageral,0.0
2014-08-19,estradageral,0.0
2014-08-20,estradageral,0.0
2014-08-21,estradageral,0.2
2014-08-22,estradageral,0.2
2014-08-23,estradageral,0.0
2014-08-24,estradageral,0.0
2014-08-25,estradageral,4.33842007
2014-08-26,estradageral,0.4
2014-08-27,estradageral,0.0
2014-08-28,estradageral,0.2
2014-08-29,estradageral,0.0
2014-08-30,estradageral,0.0
2014-08-31,estradageral,22.607831312000002
2014-09-01,estradageral,0.4
2014-09-02,estradageral,23.620462515
2014-09-03,estradageral,4.942181789
2014-09-04,estradageral,6.908153718
2014-09-05,estradageral,5.74876
2014-09-06,estradageral,0.0
2014-09-07,estradageral,2.1633999999999998
2014-09-08,estradageral,0.0
2014-09-09,estradageral,0.0
2014-09-10,estradageral,0.0
2014-09-11,estradageral,7.2
2014-09-12,estradageral,5.2
2014-09-13,estradageral,0.0
2014-09-14,estradageral,0.0
2014-09-15,estradageral,0.2
2014-09-16,estradageral,0.0
2014-09-17,estradageral,0.8
2014-09-18,estradageral,30.519748586
2014-09-19,estradageral,6.1085
2014-09-20,estradageral,2.363762534
2014-09-21,estradageral,0.0
2014-09-22,estradageral,0.0
2014-09-23,estradageral,0.0
2014-09-24,estradageral,17.529732844
2014-09-25,estradageral,4.97804
2014-09-26,estradageral,1.39268
2014-09-27,estradageral,9.58536
2014-09-28,estradageral,8.34144
2014-09-29,estradageral,6.704273393
2014-09-30,estradageral,34.075429637
2014-10-01,estradageral,1.58536
2014-10-02,estradageral,0.0
2014-10-03,estradageral,0.2
2014-10-04,estradageral,0.4
2014-10-05,estradageral,0.0
2014-10-06,estradageral,0.0
2014-10-07,estradageral,0.0
2014-10-08,estradageral,0.0
2014-10-09,estradageral,0.0
2014-10-10,estradageral,0.0
2014-10-11,estradageral,1.2000000000000002
2014-10-12,estradageral,0.0
2014-10-13,estradageral,4.75608
2014-10-14,estradageral,4.19268
2014-10-15,estradageral,5.18536
2014-10-16,estradageral,3.74915669
2014-10-17,estradageral,1.97804
2014-10-18,estradageral,0.59268
2014-10-19,estradageral,3.57072
2014-10-20,estradageral,0.0
2014-10-21,estradageral,0.4
2014-10-22,estradageral,0.0
2014-10-23,estradageral,0.0
2014-10-24,estradageral,0.0
2014-10-25,estradageral,0.0
2014-10-26,estradageral,4.344813202
2014-10-27,estradageral,0.2
2014-10-28,estradageral,0.0
2014-10-29,estradageral,0.0
2014-10-30,estradageral,0.0
2014-10-31,estradageral,0.0
2014-11-01,estradageral,17.721199828
2014-11-02,estradageral,2.2
2014-11-03,estradageral,0.8
2014-11-04,estradageral,22.259067032
2014-11-05,estradageral,19.112697018
2014-11-06,estradageral,2.6
2014-11-07,estradageral,6.91582
2014-11-08,estradageral,0.0
2014-11-09,estradageral,0.0
2014-11-10,estradageral,0.0
2014-11-11,estradageral,0.0
2014-11-12,estradageral,0.0
2014-11-13,estradageral,0.0
2014-11-14,estradageral,1.39268
2014-11-15,estradageral,0.0
2014-11-16,estradageral,0.0
2014-11-17,estradageral,0.0
2014-11-18,estradageral,0.0
2014-11-19,estradageral,0.0
2014-11-20,estradageral,8.09752
2014-11-21,estradageral,2.18536
2014-11-22,estradageral,15.568456991
2014-11-23,estradageral,14.04628
2014-11-24,estradageral,8.3085
2014-11-25,estradageral,30.258236641
2014-11-26,estradageral,0.8
2014-11-27,estradageral,0.0
2014-11-28,estradageral,2.95111848
2014-11-29,estradageral,4.55974
2014-11-30,estradageral,0.2
2014-12-01,estradageral,0.0
2014-12-02,estradageral,0.0
2014-12-03,estradageral,23.484778673
2014-12-04,estradageral,1.59268
2014-12-05,estradageral,0.0
2014-12-06,estradageral,0.2
2014-12-07,estradageral,0.99268
2014-12-08,estradageral,0.0
2014-12-09,estradageral,3.364382298
2014-12-10,estradageral,4.334611789
2014-12-11,estradageral,18.530667896
2014-12-12,estradageral,1.37804
2014-12-13,estradageral,35.00787169
2014-12-14,estradageral,0.98902
2014-12-15,estradageral,0.0
2014-12-16,estradageral,1.4000000000000001
2014-12-17,estradageral,0.0
2014-12-18,estradageral,2.98536
2014-12-19,estradageral,11.086595697
2014-12-20,estradageral,0.2
2014-12-21,estradageral,6.498589346
2014-12-22,estradageral,49.574137087
2014-12-23,estradageral,7.7085605500000005
2014-12-24,estradageral,20.809723837
2014-12-25,estradageral,9.53778
2014-12-26,estradageral,11.64958938
2014-12-27,estradageral,4.15861844
2014-12-28,estradageral,4.926905999000001
2014-12-29,estradageral,25.994690228
2014-12-30,estradageral,0.0
2014-12-31,estradageral,3.7502411990000004
2015-01-01,estradageral,0.0
2015-01-02,estradageral,47.994064523
2015-01-03,estradageral,3.8000000000000003
2015-01-04,estradageral,0.2
2015-01-05,estradageral,25.788823584
2015-01-06,estradageral,1.778422948
2015-01-07,estradageral,6.511068423
2015-01-08,estradageral,0.0
2015-01-09,estradageral,0.0
2015-01-10,estradageral,14.787085144
2015-01-11,estradageral,2.9571830180000003
2015-01-12,estradageral,22.37493758
2015-01-13,estradageral,6.702144019
2015-01-14,estradageral,1.2000000000000002
2015-01-15,estradageral,0.4
2015-01-16,estradageral,0.0
2015-01-17,estradageral,11.007979404
2015-01-18,estradageral,2.5634
2015-01-19,estradageral,41.736260752
2015-01-20,estradageral,25.298288094
2015-01-21,estradageral,2.5633999999999997
2015-01-22,estradageral,16.377995715
2015-01-23,estradageral,0.6000000000000001
2015-01-24,estradageral,0.0
2015-01-25,estradageral,17.130367512
2015-01-26,estradageral,0.2
2015-01-27,estradageral,42.746520567000005
2015-01-28,estradageral,1.2000000000000002
2015-01-29,estradageral,10.259133996
2015-01-30,estradageral,6.3634
2015-01-31,estradageral,6.95242
2015-02-01,estradageral,1.5817
2015-02-02,estradageral,12.996028243
2015-02-03,estradageral,3.16706
2015-02-04,estradageral,20.66576265
2015-02-05,estradageral,15.956890525
2015-02-06,estradageral,5.907693183
2015-02-07,estradageral,12.972239814999998
2015-02-08,estradageral,0.4
2015-02-09,estradageral,0.0
2015-02-10,estradageral,0.0
2015-02-11,estradageral,0.0
2015-02-12,estradageral,27.934675246
2015-02-13,estradageral,8.275547888
2015-02-14,estradageral,41.559110225
2015-02-15,estradageral,7.545100000000001
2015-02-16,estradageral,1.972739554
2015-02-17,estradageral,23.475688264
2015-02-18,estradageral,18.062241611999998
2015-02-19,estradageral,2.75608
2015-02-20,estradageral,33.043091841999995
2015-02-21,estradageral,4.1634
2015-02-22,estradageral,0.2
2015-02-23,estradageral,2.173634512
2015-02-24,estradageral,1.8
2015-02-25,estradageral,2.363704873
2015-02-26,estradageral,0.0
2015-02-27,estradageral,25.578622898
2015-02-28,estradageral,14.804354893
2015-03-01,estradageral,2.178658014
2015-03-02,estradageral,0.39268
2015-03-03,estradageral,0.2
2015-03-04,estradageral,0.0
2015-03-05,estradageral,8.50118
2015-03-06,estradageral,46.008474869
2015-03-07,estradageral,0.2
2015-03-08,estradageral,0.4
2015-03-09,estradageral,7.092610479
2015-03-10,estradageral,18.929116349
2015-03-11,estradageral,0.2
2015-03-12,estradageral,35.627378919
2015-03-13,estradageral,7.31699007
2015-03-14,estradageral,0.2
2015-03-15,estradageral,18.111657208
2015-03-16,estradageral,12.409279094
2015-03-17,estradageral,0.6000000000000001
2015-03-18,estradageral,0.6000000000000001
2015-03-19,estradageral,1.0
2015-03-20,estradageral,2.561095823
2015-03-21,estradageral,12.775258859
2015-03-22,estradageral,0.0
2015-03-23,estradageral,4.938220088
2015-03-24,estradageral,5.525661105
2015-03-25,estradageral,0.0
2015-03-26,estradageral,1.18536
2015-03-27,estradageral,32.636666448999996
2015-03-28,estradageral,31.22302
2015-03-29,estradageral,40.58146
2015-03-30,estradageral,8.253856315
2015-03-31,estradageral,0.0
2015-04-01,estradageral,0.0
2015-04-02,estradageral,0.0
2015-04-03,estradageral,0.0
2015-04-04,estradageral,0.0
2015-04-05,estradageral,14.469999999999999
2015-04-06,estradageral,8.28
2015-04-07,estradageral,0.0
2015-04-08,estradageral,0.0
2015-04-09,estradageral,0.0
2015-04-10,estradageral,8.88
2015-04-11,estradageral,0.0
2015-04-12,estradageral,0.0
2015-04-13,estradageral,1.97
2015-04-14,estradageral,0.2
2015-04-15,estradageral,0.0
2015-04-16,estradageral,25.6
2015-04-17,estradageral,23.29
2015-04-18,estradageral,9.45
2015-04-19,estradageral,2.4000000000000004
2015-04-20,estradageral,12.41
2015-04-21,estradageral,5.15
2015-04-22,estradageral,72.76
2015-04-23,estradageral,26.09
2015-04-24,estradageral,0.4
2015-04-25,estradageral,0.8
2015-04-26,estradageral,1.4000000000000001
2015-04-27,estradageral,6.29
2015-04-28,estradageral,5.5
2015-04-29,estradageral,4.58
2015-04-30,estradageral,2.38
2015-05-01,estradageral,0.0
2015-05-02,estradageral,0.0
2015-05-03,estradageral,8.879999999999999
2015-05-04,estradageral,0.2
2015-05-05,estradageral,0.2
2015-05-06,estradageral,0.0
2015-05-07,estradageral,0.2
2015-05-08,estradageral,0.0
2015-05-09,estradageral,0.0
2015-05-10,estradageral,14.42
2015-05-11,estradageral,1.0
2015-05-12,estradageral,4.74
2015-05-13,estradageral,5.32
2015-05-14,estradageral,6.54
2015-05-15,estradageral,10.72
2015-05-16,estradageral,0.6000000000000001
2015-05-17,estradageral,4.13
2015-05-18,estradageral,8.88
2015-05-19,estradageral,41.99
2015-05-20,estradageral,1.19
2015-05-21,estradageral,1.18
2015-05-22,estradageral,0.0
2015-05-23,estradageral,0.0
2015-05-24,estradageral,11.03
2015-05-25,estradageral,15.0
2015-05-26,estradageral,32.72
2015-05-27,estradageral,10.91
2015-05-28,estradageral,0.0
2015-05-29,estradageral,0.0
2015-05-30,estradageral,0.0
2015-05-31,estradageral,0.0
2015-06-01,estradageral,0.0
2015-06-02,estradageral,0.0
2015-06-03,estradageral,0.0
2015-06-04,estradageral,0.0
2015-06-05,estradageral,0.2
2015-06-06,estradageral,0.0
2015-06-07,estradageral,0.0
2015-06-08,estradageral,0.0
2015-06-09,estradageral,0.0
2015-06-10,estradageral,0.0
2015-06-11,estradageral,4.970000000000001
2015-06-12,estradageral,20.240000000000002
2015-06-13,estradageral,8.67
2015-06-14,estradageral,5.94
2015-06-15,estradageral,1.19
2015-06-16,estradageral,0.0
2015-06-17,estradageral,0.0
2015-06-18,estradageral,22.09
2015-06-19,estradageral,0.2
2015-06-20,estradageral,0.0
2015-06-21,estradageral,0.0
2015-06-22,estradageral,0.2
2015-06-23,estradageral,1.4000000000000001
2015-06-24,estradageral,0.4
2015-06-25,estradageral,0.8
2015-06-26,estradageral,2.59
2015-06-27,estradageral,0.2
2015-06-28,estradageral,0.0
2015-06-29,estradageral,0.0
2015-06-30,estradageral,0.6000000000000001
2015-07-01,estradageral,2.8000000000000003
2015-07-02,estradageral,1.0
2015-07-03,estradageral,0.0
2015-07-04,estradageral,0.0
2015-07-05,estradageral,0.8
2015-07-06,estradageral,1.4000000000000001
2015-07-07,estradageral,3.5900000000000003
2015-07-08,estradageral,9.14
2015-07-09,estradageral,0.0
2015-07-10,estradageral,3.15
2015-07-11,estradageral,0.2
2015-07-12,estradageral,3.75
2015-07-13,estradageral,0.2
2015-07-14,estradageral,9.69
2015-07-15,estradageral,1.8
2015-07-16,estradageral,9.26
2015-07-17,estradageral,2.6
2015-07-18,estradageral,0.2
2015-07-19,estradageral,0.0
2015-07-20,estradageral,4.5200000000000005
2015-07-21,estradageral,1.4000000000000001
2015-07-22,estradageral,0.0
2015-07-23,estradageral,5.0
2015-07-24,estradageral,4.6000000000000005
2015-07-25,estradageral,2.2
2015-07-26,estradageral,0.0
2015-07-27,estradageral,0.0
2015-07-28,estradageral,0.0
2015-07-29,estradageral,0.0
2015-07-30,estradageral,0.2
2015-07-31,estradageral,0.0
2015-08-01,estradageral,0.0
2015-08-02,estradageral,0.0
2015-08-03,estradageral,0.0
2015-08-04,estradageral,0.2
2015-08-05,estradageral,0.0
2015-08-06,estradageral,0.0
2015-08-07,estradageral,0.0
2015-08-08,estradageral,0.0
2015-08-09,estradageral,1.8
2015-08-10,estradageral,0.2
2015-08-11,estradageral,0.2
2015-08-12,estradageral,0.0
2015-08-13,estradageral,0.0
2015-08-14,estradageral,0.0
2015-08-15,estradageral,0.0
2015-08-16,estradageral,0.41
2015-08-17,estradageral,0.0
2015-08-18,estradageral,0.0
2015-08-19,estradageral,0.0
2015-08-20,estradageral,0.2
2015-08-21,estradageral,0.0
2015-08-22,estradageral,0.0
2015-08-23,estradageral,0.4
2015-08-24,estradageral,3.99
2015-08-25,estradageral,1.0
2015-08-26,estradageral,1.6
2015-08-27,estradageral,13.5
2015-08-28,estradageral,3.5900000000000003
2015-08-29,estradageral,0.6000000000000001
2015-08-30,estradageral,0.0
2015-08-31,estradageral,0.0
2015-09-01,estradageral,2.2
2015-09-02,estradageral,4.6000000000000005
2015-09-03,estradageral,7.590000000000001
2015-09-04,estradageral,7.41
2015-09-05,estradageral,19.810000000000002
2015-09-06,estradageral,10.8
2015-09-07,estradageral,11.020000000000001
2015-09-08,estradageral,9.600000000000001
2015-09-09,estradageral,6.390000000000001
2015-09-10,estradageral,4.99
2015-09-11,estradageral,5.0
2015-09-12,estradageral,2.0
2015-09-13,estradageral,1.2000000000000002
2015-09-14,estradageral,0.2
2015-09-15,estradageral,0.0
2015-09-16,estradageral,0.0
2015-09-17,estradageral,3.8000000000000003
2015-09-18,estradageral,2.2
2015-09-19,estradageral,2.4000000000000004
2015-09-20,estradageral,3.61
2015-09-21,estradageral,6.4
2015-09-22,estradageral,5.800000000000001
2015-09-23,estradageral,5.6000000000000005
2015-09-24,estradageral,1.4000000000000001
2015-09-25,estradageral,1.8
2015-09-26,estradageral,1.2000000000000002
2015-09-27,estradageral,2.6
2015-09-28,estradageral,3.6
2015-09-29,estradageral,2.2
2015-09-30,estradageral,1.8
2015-10-01,estradageral,1.8
2015-10-02,estradageral,1.8
2015-10-03,estradageral,1.6
2015-10-04,estradageral,1.4000000000000001
2015-10-05,estradageral,1.6
2015-10-06,estradageral,1.6
2015-10-07,estradageral,1.6
2015-10-08,estradageral,1.6
2015-10-09,estradageral,2.0
2015-10-10,estradageral,4.0600000000000005
2015-10-11,estradageral,4.0
2015-10-12,estradageral,4.21
2015-10-13,estradageral,5.4
2015-10-14,estradageral,3.8400000000000003
2015-10-15,estradageral,4.2
2015-10-16,estradageral,9.98
2015-10-17,estradageral,3.8400000000000003
2015-10-18,estradageral,6.62
2015-10-19,estradageral,4.82
2015-10-20,estradageral,3.8000000000000003
2015-10-21,estradageral,2.0
2015-10-22,estradageral,2.0
2015-10-23,estradageral,3.0
2015-10-24,estradageral,4.4
2015-10-25,estradageral,3.42
2015-10-26,estradageral,5.7
2015-10-27,estradageral,6.13
2015-10-28,estradageral,5.0
2015-10-29,estradageral,4.6000000000000005
2015-10-30,estradageral,4.2
2015-10-31,estradageral,8.64
2015-11-01,estradageral,3.8200000000000003
2015-11-02,estradageral,3.2
2015-11-03,estradageral,3.0
2015-11-04,estradageral,2.6
2015-11-05,estradageral,2.0
2015-11-06,estradageral,1.6
2015-11-07,estradageral,1.6
2015-11-08,estradageral,1.2000000000000002
2015-11-09,estradageral,1.8
2015-11-10,estradageral,1.6
2015-11-11,estradageral,1.6
2015-11-12,estradageral,1.4000000000000001
2015-11-13,estradageral,1.2000000000000002
2015-11-14,estradageral,1.8
2015-11-15,estradageral,1.2000000000000002
2015-11-16,estradageral,2.4000000000000004
2015-11-17,estradageral,4.4
2015-11-18,estradageral,4.800000000000001
2015-11-19,estradageral,4.0
2015-11-20,estradageral,2.0100000000000002
2015-11-21,estradageral,4.3500000000000005
2015-11-22,estradageral,6.32
2015-11-23,estradageral,14.89
2015-11-24,estradageral,1.6
2015-11-25,estradageral,14.790000000000001
2015-11-26,estradageral,12.46
2015-11-27,estradageral,4.33
2015-11-28,estradageral,0.79
2015-11-29,estradageral,2.0
2015-11-30,estradageral,4.57
2015-12-01,estradageral,0.4
2015-12-02,estradageral,4.16
2015-12-03,estradageral,8.370000000000001
2015-12-04,estradageral,10.07
2015-12-05,estradageral,7.1000000000000005
2015-12-06,estradageral,16.85
2015-12-07,estradageral,5.96
2015-12-08,estradageral,4.800000000000001
2015-12-09,estradageral,0.0
2015-12-10,estradageral,8.27
2015-12-11,estradageral,0.0
2015-12-12,estradageral,0.4
2015-12-13,estradageral,0.0
2015-12-14,estradageral,9.64
2015-12-15,estradageral,46.71
2015-12-16,estradageral,0.0
2015-12-17,estradageral,0.0
2015-12-18,estradageral,0.0
2015-12-19,estradageral,0.0
2015-12-20,estradageral,0.0
2015-12-21,estradageral,8.13
2015-12-22,estradageral,67.97
2015-12-23,estradageral,0.0
2015-12-24,estradageral,0.0
2015-12-25,estradageral,0.0
2015-12-26,estradageral,0.0
2015-12-27,estradageral,0.0
2015-12-28,estradageral,0.0
2015-12-29,estradageral,0.0
2015-12-30,estradageral,0.0
2015-12-31,estradageral,0.0
2016-01-01,estradageral,0.0
2016-01-02,estradageral,0.0
2016-01-03,estradageral,0.0
2016-01-04,estradageral,0.0
2016-01-05,estradageral,0.0
2016-01-06,estradageral,0.0
2016-01-07,estradageral,0.0
2016-01-08,estradageral,0.0
2016-01-09,estradageral,0.0
2016-01-10,estradageral,0.0
2016-01-11,estradageral,0.0
2016-01-12,estradageral,0.0
2016-01-13,estradageral,0.0
2016-01-14,estradageral,0.0
2016-01-15,estradageral,0.0
2016-01-16,estradageral,27.65
2016-01-17,estradageral,0.0
2016-01-18,estradageral,0.0
2016-01-19,estradageral,0.0
2016-01-20,estradageral,0.0
2016-01-21,estradageral,0.0
2016-01-22,estradageral,0.0
2016-01-23,estradageral,0.0
2016-01-24,estradageral,0.0
2016-01-25,estradageral,0.0
2016-01-26,estradageral,0.0
2016-01-27,estradageral,0.0
2016-01-28,estradageral,0.0
2016-01-29,estradageral,0.0
2016-01-30,estradageral,0.0
2016-01-31,estradageral,0.0
2016-02-01,estradageral,0.0
2016-02-02,estradageral,0.0
2016-02-03,estradageral,0.0
2016-02-04,estradageral,0.0
2016-02-05,estradageral,0.0
2016-02-06,estradageral,0.0
2016-02-07,estradageral,0.0
2016-02-08,estradageral,0.0
2016-02-09,estradageral,0.0
2016-02-10,estradageral,0.0
2016-02-11,estradageral,0.0
2016-02-12,estradageral,0.0
2016-02-13,estradageral,0.0
2016-02-14,estradageral,0.0
2016-02-15,estradageral,0.0
2016-02-16,estradageral,0.0
2016-02-17,estradageral,0.0
2016-02-18,estradageral,0.0
2016-02-19,estradageral,0.0
2016-02-20,estradageral,0.0
2016-02-21,estradageral,0.0
2016-02-22,estradageral,0.0
2016-02-23,estradageral,0.0
2016-02-24,estradageral,0.0
2016-02-25,estradageral,0.0
2016-02-26,estradageral,0.0
2016-02-27,estradageral,0.0
2016-02-28,estradageral,0.0
2016-02-29,estradageral,0.0
2016-03-01,estradageral,0.0
2016-03-02,estradageral,0.0
2016-03-03,estradageral,0.0
2016-03-04,estradageral,0.0
2016-03-05,estradageral,0.0
2016-03-06,estradageral,0.0
2016-03-07,estradageral,0.0
2016-03-08,estradageral,0.0
2016-03-09,estradageral,0.0
2016-03-10,estradageral,0.0
2016-03-11,estradageral,0.0
2016-03-12,estradageral,0.0
2016-03-13,estradageral,0.0
2016-03-14,estradageral,0.0
2016-03-15,estradageral,0.0
2016-03-16,estradageral,0.0
2016-03-17,estradageral,48.040000000000006
2016-03-18,estradageral,0.0
2016-03-19,estradageral,0.0
2016-03-20,estradageral,0.0
2016-03-21,estradageral,0.0
2016-03-22,estradageral,0.0
2016-03-23,estradageral,0.0
2016-03-24,estradageral,0.0
2016-03-25,estradageral,0.0
2016-03-26,estradageral,0.0
2016-03-27,estradageral,0.0
2016-03-28,estradageral,0.0
2016-03-29,estradageral,0.0
2016-03-30,estradageral,0.0
2016-03-31,estradageral,0.0
2016-04-01,estradageral,0.0
2016-04-02,estradageral,0.0
2016-04-03,estradageral,0.0
2016-04-04,estradageral,0.0
2016-04-05,estradageral,0.0
2016-04-06,estradageral,0.0
2016-04-07,estradageral,0.0
2016-04-08,estradageral,0.0
2016-04-09,estradageral,0.0
2016-04-10,estradageral,0.0
2016-04-11,estradageral,0.0
2016-04-12,estradageral,0.0
2016-04-13,estradageral,0.0
2016-04-14,estradageral,0.0
2016-04-15,estradageral,0.0
2016-04-16,estradageral,0.0
2016-04-17,estradageral,0.0
2016-04-18,estradageral,0.0
2016-04-19,estradageral,0.0
2016-04-20,estradageral,0.0
2016-04-21,estradageral,0.0
2016-04-22,estradageral,0.0
2016-04-23,estradageral,0.0
2016-04-24,estradageral,0.0
2016-04-25,estradageral,0.0
2016-04-26,estradageral,0.0
2016-04-27,estradageral,0.0
2016-04-28,estradageral,0.0
2016-04-29,estradageral,0.0
2016-04-30,estradageral,0.0
2016-05-01,estradageral,0.0
2016-05-02,estradageral,0.0
2016-05-03,estradageral,0.0
2016-05-04,estradageral,0.0
2016-05-05,estradageral,0.0
2016-05-06,estradageral,0.0
2016-05-07,estradageral,0.0
2016-05-08,estradageral,0.0
2016-05-09,estradageral,0.0
2016-05-10,estradageral,0.0
2016-05-11,estradageral,0.0
2016-05-12,estradageral,0.0
2016-05-13,estradageral,0.0
2016-05-14,estradageral,0.0
2016-05-15,estradageral,0.0
2016-05-16,estradageral,0.0
2016-05-17,estradageral,0.0
2016-05-18,estradageral,0.0
2016-05-19,estradageral,0.0
2016-05-20,estradageral,0.0
2016-05-21,estradageral,0.0
2016-05-22,estradageral,0.0
2016-05-23,estradageral,0.0
2016-05-24,estradageral,0.0
2016-05-25,estradageral,0.0
2016-05-26,estradageral,0.0
2016-05-27,estradageral,0.0
2016-05-28,estradageral,0.0
2016-05-29,estradageral,0.0
2016-05-30,estradageral,0.0
2016-05-31,estradageral,0.0
2016-06-01,estradageral,0.0
2016-06-02,estradageral,0.0
2016-06-03,estradageral,0.0
2016-06-04,estradageral,0.0
2016-06-05,estradageral,0.0
2016-06-06,estradageral,0.0
2016-06-07,estradageral,0.0
2016-06-08,estradageral,0.0
2016-06-09,estradageral,0.0
2016-06-10,estradageral,0.0
2016-06-11,estradageral,0.0
2016-06-12,estradageral,0.0
2016-06-13,estradageral,0.0
2016-06-14,estradageral,0.0
2016-06-15,estradageral,0.0
2016-06-16,estradageral,0.0
2016-06-17,estradageral,0.0
2016-06-18,estradageral,0.0
2016-06-19,estradageral,0.0
2016-06-20,estradageral,0.0
2016-06-21,estradageral,0.0
2016-06-22,estradageral,0.0
2016-06-23,estradageral,0.0
2016-06-24,estradageral,0.0
2016-06-25,estradageral,0.0
2016-06-26,estradageral,0.0
2016-06-27,estradageral,0.0
2016-06-28,estradageral,0.0
2016-06-29,estradageral,0.0
2016-06-30,estradageral,0.0
2016-07-02,estradageral,0.0
2016-07-03,estradageral,0.0
2016-07-04,estradageral,0.0
2016-07-05,estradageral,0.0
2016-07-06,estradageral,0.0
2016-07-07,estradageral,0.0
2016-07-08,estradageral,0.0
2016-07-09,estradageral,0.0
2016-07-10,estradageral,0.0
2016-07-11,estradageral,0.0
2016-07-12,estradageral,0.0
2016-07-13,estradageral,5.13
2016-07-14,estradageral,0.2
2016-07-15,estradageral,25.36
2016-07-16,estradageral,41.94
2016-07-17,estradageral,0.0
2016-07-18,estradageral,0.0
2016-07-19,estradageral,0.0
2016-07-20,estradageral,3.39
2016-07-21,estradageral,1.0
2016-07-22,estradageral,0.4
2016-07-23,estradageral,0.0
2016-07-24,estradageral,0.0
2016-07-25,estradageral,0.2
2016-07-26,estradageral,0.0
2016-07-27,estradageral,0.0
2016-07-28,estradageral,7.36
2016-07-29,estradageral,4.6000000000000005
2016-07-30,estradageral,0.0
2016-07-31,estradageral,0.0
2016-08-01,estradageral,0.0
2016-08-02,estradageral,9.69
2016-08-03,estradageral,18.2
2016-08-04,estradageral,2.6
2016-08-05,estradageral,0.2
2016-08-06,estradageral,0.0
2016-08-07,estradageral,7.5
2016-08-08,estradageral,25.27
2016-08-09,estradageral,0.2
2016-08-10,estradageral,0.2
2016-08-11,estradageral,0.0
2016-08-12,estradageral,0.2
2016-08-13,estradageral,0.0
2016-08-14,estradageral,0.2
2016-08-15,estradageral,13.61
2016-08-16,estradageral,0.0
2016-08-17,estradageral,17.31
2016-08-18,estradageral,7.13
2016-08-19,estradageral,51.63
2016-08-20,estradageral,55.13
2016-08-21,estradageral,34.83
2016-08-22,estradageral,0.2
2016-08-23,estradageral,0.0
2016-08-24,estradageral,0.2
2016-08-25,estradageral,0.0
2016-08-26,estradageral,0.0
2016-08-27,estradageral,0.0
2016-08-28,estradageral,0.2
2016-08-29,estradageral,0.0
2016-08-30,estradageral,6.94
2016-08-31,estradageral,0.0
2016-09-01,estradageral,1.6
2016-09-02,estradageral,7.5600000000000005
2016-09-03,estradageral,42.54
2016-09-04,estradageral,11.84
2016-09-05,estradageral,13.99
2016-09-06,estradageral,0.0
2016-09-07,estradageral,0.0
2016-09-08,estradageral,0.0
2016-09-09,estradageral,0.0
2016-09-10,estradageral,0.0
2016-09-11,estradageral,0.8
2016-09-12,estradageral,0.4
2016-09-13,estradageral,0.0
2016-09-14,estradageral,0.0
2016-09-15,estradageral,0.0
2016-09-16,estradageral,0.0
2016-09-17,estradageral,0.0
2016-09-18,estradageral,1.6
2016-09-19,estradageral,1.4000000000000001
2016-09-20,estradageral,0.2
2016-09-21,estradageral,0.0
2016-09-22,estradageral,0.79
2016-09-23,estradageral,1.19
2016-09-24,estradageral,5.800000000000001
2016-09-25,estradageral,3.98
2016-09-26,estradageral,0.0
2016-09-27,estradageral,0.0
2016-09-28,estradageral,0.0
2016-09-29,estradageral,1.0
2016-09-30,estradageral,4.79
2016-10-01,estradageral,21.740000000000002
2016-10-02,estradageral,0.4
2016-10-03,estradageral,4.74
2016-10-04,estradageral,24.21
2016-10-05,estradageral,14.200000000000001
2016-10-06,estradageral,76.12
2016-10-07,estradageral,3.77
2016-10-08,estradageral,0.0
2016-10-09,estradageral,1.2000000000000002
2016-10-10,estradageral,0.4
2016-10-11,estradageral,4.15
2016-10-12,estradageral,17.919999999999998
2016-10-13,estradageral,17.53
2016-10-14,estradageral,0.79
2016-10-15,estradageral,1.0
2016-10-16,estradageral,11.01
2016-10-17,estradageral,3.3600000000000003
2016-10-18,estradageral,9.05
2016-10-19,estradageral,36.41
2016-10-20,estradageral,22.660000000000004
2016-10-21,estradageral,8.55
2016-10-22,estradageral,0.8
2016-10-23,estradageral,0.8
2016-10-24,estradageral,4.38
2016-10-25,estradageral,81.79
2016-10-26,estradageral,31.71
2016-10-27,estradageral,0.2
2016-10-28,estradageral,0.0
2016-10-29,estradageral,0.0
2016-10-30,estradageral,0.0
2016-10-31,estradageral,0.2
2016-11-01,estradageral,0.0
2016-11-02,estradageral,0.0
2016-11-03,estradageral,4.5600000000000005
2016-11-04,estradageral,1.2000000000000002
2016-11-05,estradageral,0.2
2016-11-06,estradageral,0.2
2016-11-07,estradageral,1.0
2016-11-08,estradageral,0.2
2016-11-09,estradageral,21.26
2016-11-10,estradageral,0.2
2016-11-11,estradageral,1.5899999999999999
2016-11-12,estradageral,2.6
2016-11-13,estradageral,1.6
2016-11-14,estradageral,1.0
2016-11-15,estradageral,7.11
2016-11-16,estradageral,36.46
2016-11-17,estradageral,16.36
2016-11-18,estradageral,0.0
2016-11-19,estradageral,0.0
2016-11-20,estradageral,0.0
2016-11-21,estradageral,0.0
2016-11-22,estradageral,4.18
2016-11-23,estradageral,11.55
2016-11-24,estradageral,0.0
2016-11-25,estradageral,1.3900000000000001
2016-11-26,estradageral,1.0
2016-11-27,estradageral,0.4
2016-11-28,estradageral,7.92
2016-11-29,estradageral,17.97
2016-11-30,estradageral,0.0
2016-12-01,estradageral,0.2
2016-12-02,estradageral,0.6000000000000001
2016-12-03,estradageral,12.21
2016-12-04,estradageral,5.73
2016-12-05,estradageral,0.0
2016-12-06,estradageral,0.0
2016-12-07,estradageral,0.2
2016-12-08,estradageral,16.8
2016-12-09,estradageral,20.86
2016-12-10,estradageral,7.74
2016-12-11,estradageral,0.0
2016-12-12,estradageral,0.0
2016-12-13,estradageral,4.72
2016-12-14,estradageral,3.97
2016-12-15,estradageral,2.7800000000000002
2016-12-16,estradageral,18.34
2016-12-17,estradageral,20.13
2016-12-18,estradageral,0.4
2016-12-19,estradageral,0.0
2016-12-20,estradageral,23.9
2016-12-21,estradageral,16.05
2016-12-22,estradageral,0.8
2016-12-23,estradageral,1.38
2016-12-24,estradageral,4.14
2016-12-25,estradageral,0.4
2016-12-26,estradageral,0.0
2016-12-27,estradageral,0.0
2016-12-28,estradageral,0.0
2016-12-29,estradageral,3.54
2016-12-30,estradageral,0.6000000000000001
2016-12-31,estradageral,12.870000000000001
2017-01-01,estradageral,6.89
2017-01-02,estradageral,3.75
2017-01-03,estradageral,0.0
2017-01-04,estradageral,34.25
2017-01-05,estradageral,26.799999999999997
2017-01-06,estradageral,6.68
2017-01-07,estradageral,0.0
2017-01-08,estradageral,3.96
2017-01-09,estradageral,0.2
2017-01-10,estradageral,77.25
2017-01-11,estradageral,31.07
2017-01-12,estradageral,1.57
2017-01-13,estradageral,0.0
2017-01-14,estradageral,0.0
2017-01-15,estradageral,8.469999999999999
2017-01-16,estradageral,24.189999999999998
2017-01-17,estradageral,1.0
2017-01-18,estradageral,28.55
2017-01-19,estradageral,0.99
2017-01-20,estradageral,0.0
2017-01-21,estradageral,0.2
2017-01-22,estradageral,3.57
2017-01-23,estradageral,1.3800000000000001
2017-01-24,estradageral,1.1800000000000002
2017-01-25,estradageral,9.67
2017-01-26,estradageral,44.69
2017-01-27,estradageral,6.12
2017-01-28,estradageral,22.77
2017-01-29,estradageral,46.08
2017-01-30,estradageral,45.9
2017-01-31,estradageral,34.38
2017-02-01,estradageral,46.769999999999996
2017-02-02,estradageral,21.04
2017-02-03,estradageral,5.92
2017-02-04,estradageral,0.0
2017-02-05,estradageral,0.0
2017-02-06,estradageral,1.4000000000000001
2017-02-07,estradageral,1.99
2017-02-08,estradageral,4.57
2017-02-09,estradageral,2.5900000000000003
2017-02-10,estradageral,0.4
2017-02-11,estradageral,10.85
2017-02-12,estradageral,32.9
2017-02-13,estradageral,2.5900000000000003
2017-02-14,estradageral,8.27
2017-02-15,estradageral,0.0
2017-02-16,estradageral,0.0
2017-02-17,estradageral,0.0
2017-02-18,estradageral,0.0
2017-02-19,estradageral,0.0
2017-02-20,estradageral,0.0
2017-02-21,estradageral,0.0
2017-02-22,estradageral,0.0
2017-02-23,estradageral,26.110000000000003
2017-02-24,estradageral,0.2
2017-02-25,estradageral,87.16
2017-02-26,estradageral,5.12
2017-02-27,estradageral,1.18
2017-02-28,estradageral,0.2
2017-03-01,estradageral,87.04
2017-03-02,estradageral,0.6000000000000001
2017-03-03,estradageral,0.0
2017-03-04,estradageral,3.7399999999999998
2017-03-05,estradageral,44.69
2017-03-06,estradageral,2.77
2017-03-07,estradageral,13.39
2017-03-08,estradageral,3.36
2017-03-09,estradageral,1.1800000000000002
2017-03-10,estradageral,5.31
2017-03-11,estradageral,0.4
2017-03-12,estradageral,7.28
2017-03-13,estradageral,0.4
2017-03-14,estradageral,0.0
2017-03-15,estradageral,3.9600000000000004
2017-03-16,estradageral,14.189999999999998
2017-03-17,estradageral,32.87
2017-03-18,estradageral,1.59
2017-03-19,estradageral,21.080000000000002
2017-03-20,estradageral,10.870000000000001
2017-03-21,estradageral,13.02
2017-03-22,estradageral,16.12
2017-03-23,estradageral,34.04
2017-03-24,estradageral,11.44
2017-03-25,estradageral,3.15
2017-03-26,estradageral,12.4
2017-03-27,estradageral,22.43
2017-03-28,estradageral,48.68
2017-03-29,estradageral,25.43
2017-03-30,estradageral,4.91
2017-03-31,estradageral,3.37
2017-04-01,estradageral,8.280000000000001
2017-04-02,estradageral,11.64
2017-04-03,estradageral,0.8
2017-04-04,estradageral,0.0
2017-04-05,estradageral,9.86
2017-04-06,estradageral,15.0
2017-04-07,estradageral,18.18
2017-04-08,estradageral,22.07
2017-04-09,estradageral,7.3
2017-04-10,estradageral,18.93
2017-04-11,estradageral,22.080000000000002
2017-04-12,estradageral,0.4
2017-04-13,estradageral,0.0
2017-04-14,estradageral,0.0
2017-04-15,estradageral,32.28
2017-04-16,estradageral,32.85
2017-04-17,estradageral,2.19
2017-04-18,estradageral,4.76
2017-04-19,estradageral,7.33
2017-04-20,estradageral,2.39
2017-04-21,estradageral,8.08
2017-04-22,estradageral,0.0
2017-04-23,estradageral,0.0
2017-04-24,estradageral,0.4
2017-04-25,estradageral,0.2
2017-04-26,estradageral,11.58
2017-04-27,estradageral,0.0
2017-04-28,estradageral,0.0
2017-04-29,estradageral,0.2
2017-04-30,estradageral,0.0
2017-05-01,estradageral,0.4
2017-05-02,estradageral,5.15
2017-05-03,estradageral,0.0
2017-05-04,estradageral,7.890000000000001
2017-05-05,estradageral,12.870000000000001
2017-05-06,estradageral,0.4
2017-05-07,estradageral,0.0
2017-05-08,estradageral,0.0
2017-05-09,estradageral,0.4
2017-05-10,estradageral,2.5700000000000003
2017-05-11,estradageral,0.0
2017-05-12,estradageral,0.0
2017-05-13,estradageral,7.08
2017-05-14,estradageral,0.0
2017-05-15,estradageral,0.0
2017-05-16,estradageral,0.2
2017-05-17,estradageral,3.37
2017-05-18,estradageral,45.49
2017-05-19,estradageral,138.76
2017-05-20,estradageral,28.59
2017-05-21,estradageral,2.19
2017-05-22,estradageral,4.92
2017-05-23,estradageral,1.2000000000000002
2017-05-24,estradageral,1.39
2017-05-25,estradageral,0.0
2017-05-26,estradageral,17.139999999999997
2017-05-27,estradageral,57.120000000000005
2017-05-28,estradageral,6.57
2017-05-29,estradageral,26.2
2017-05-30,estradageral,27.26
2017-05-31,estradageral,65.18
2017-06-01,estradageral,0.0
2017-06-02,estradageral,0.0
2017-06-03,estradageral,0.0
2017-06-04,estradageral,32.89
2017-06-05,estradageral,19.7
2017-06-06,estradageral,13.79
2017-06-07,estradageral,5.79
2017-06-08,estradageral,1.19
2017-06-09,estradageral,0.0
2017-06-10,estradageral,0.0
2017-06-11,estradageral,0.0
2017-06-12,estradageral,0.2
2017-06-13,estradageral,0.0
2017-06-14,estradageral,2.77
2017-06-15,estradageral,0.79
2017-06-16,estradageral,0.0
2017-06-17,estradageral,0.2
2017-06-18,estradageral,0.0
2017-06-19,estradageral,31.44
2017-06-20,estradageral,0.4
2017-06-21,estradageral,0.8
2017-06-22,estradageral,2.19
2017-06-23,estradageral,0.0
2017-06-24,estradageral,0.2
2017-06-25,estradageral,0.2
2017-06-26,estradageral,0.0
2017-06-27,estradageral,0.0
2017-06-28,estradageral,0.2
2017-06-29,estradageral,0.0
2017-06-30,estradageral,2.37
2017-07-01,estradageral,5.92
2017-07-02,estradageral,0.0
2017-07-03,estradageral,1.4000000000000001
2017-07-04,estradageral,4.95
2017-07-05,estradageral,0.4
2017-07-06,estradageral,0.2
2017-07-07,estradageral,2.5700000000000003
2017-07-08,estradageral,3.35
2017-07-09,estradageral,0.0
2017-07-10,estradageral,0.0
2017-07-11,estradageral,0.2
2017-07-12,estradageral,0.2
2017-07-13,estradageral,0.62
2017-07-14,estradageral,0.0
2017-07-15,estradageral,0.0
2017-07-16,estradageral,0.0
2017-07-17,estradageral,14.63
2017-07-18,estradageral,1.8
2017-07-19,estradageral,0.0
2017-07-20,estradageral,0.0
2017-07-21,estradageral,0.2
2017-07-22,estradageral,0.0
2017-07-23,estradageral,0.0
2017-07-24,estradageral,0.2
2017-07-25,estradageral,0.2
2017-07-26,estradageral,0.4
2017-07-27,estradageral,0.0
2017-07-28,estradageral,0.0
2017-07-29,estradageral,0.0
2017-07-30,estradageral,0.0
2017-07-31,estradageral,0.0
2017-08-01,estradageral,0.0
2017-08-02,estradageral,13.16
2017-08-03,estradageral,10.82
2017-08-04,estradageral,0.0
2017-08-05,estradageral,0.0
2017-08-06,estradageral,0.0
2017-08-07,estradageral,0.0
2017-08-08,estradageral,4.33
2017-08-09,estradageral,0.0
2017-08-10,estradageral,0.2
2017-08-11,estradageral,6.5600000000000005
2017-08-12,estradageral,0.0
2017-08-13,estradageral,11.030000000000001
2017-08-14,estradageral,1.78
2017-08-15,estradageral,7.95
2017-08-16,estradageral,0.0
2017-08-17,estradageral,0.2
2017-08-18,estradageral,0.2
2017-08-19,estradageral,6.51
2017-08-20,estradageral,49.21
2017-08-21,estradageral,0.0
2017-08-22,estradageral,0.6000000000000001
2017-08-23,estradageral,0.0
2017-08-24,estradageral,0.0
2017-08-25,estradageral,0.0
2017-08-26,estradageral,0.0
2017-08-27,estradageral,0.0
2017-08-28,estradageral,0.0
2017-08-29,estradageral,0.0
2017-08-30,estradageral,1.2000000000000002
2017-08-31,estradageral,4.5600000000000005
2017-09-01,estradageral,2.6
2017-09-02,estradageral,0.0
2017-09-03,estradageral,0.0
2017-09-04,estradageral,0.0
2017-09-05,estradageral,0.2
2017-09-06,estradageral,0.0
2017-09-07,estradageral,0.0
2017-09-08,estradageral,0.0
2017-09-09,estradageral,0.4
2017-09-10,estradageral,0.0
2017-09-11,estradageral,0.0
2017-09-12,estradageral,0.2
2017-09-13,estradageral,0.0
2017-09-14,estradageral,0.0
2017-09-15,estradageral,0.8
2017-09-16,estradageral,0.6000000000000001
2017-09-17,estradageral,6.79
2017-09-18,estradageral,0.0
2017-09-19,estradageral,0.0
2017-09-20,estradageral,0.0
2017-09-21,estradageral,0.0
2017-09-22,estradageral,0.0
2017-09-23,estradageral,0.6000000000000001
2017-09-24,estradageral,9.47
2017-09-25,estradageral,4.2
2017-09-26,estradageral,0.0
2017-09-27,estradageral,0.0
2017-09-28,estradageral,21.11
2017-09-29,estradageral,78.86
2017-09-30,estradageral,36.92
2017-10-01,estradageral,1.0
2017-10-02,estradageral,0.6000000000000001
2017-10-03,estradageral,0.0
2017-10-04,estradageral,0.0
2017-10-05,estradageral,0.0
2017-10-06,estradageral,20.490000000000002
2017-10-07,estradageral,30.770000000000003
2017-10-08,estradageral,49.2
2017-10-09,estradageral,4.0
2017-10-10,estradageral,2.2
2017-10-11,estradageral,0.0
2017-10-12,estradageral,5.0
2017-10-13,estradageral,5.38
2017-10-14,estradageral,5.4
2017-10-15,estradageral,5.800000000000001
2017-10-16,estradageral,10.0
2017-10-17,estradageral,7.0
2017-10-18,estradageral,3.8000000000000003
2017-10-19,estradageral,2.4000000000000004
2017-10-20,estradageral,2.0
2017-10-21,estradageral,3.2
2017-10-22,estradageral,4.6000000000000005
2017-10-23,estradageral,2.6
2017-10-24,estradageral,2.2
2017-10-25,estradageral,2.2
2017-10-26,estradageral,3.2
2017-10-27,estradageral,3.0
2017-10-28,estradageral,3.2
2017-10-29,estradageral,4.98
2017-10-30,estradageral,2.6
2017-10-31,estradageral,0.2
2017-11-01,estradageral,0.0
2017-11-02,estradageral,0.0
2017-11-03,estradageral,0.0
2017-11-04,estradageral,12.14
2017-11-05,estradageral,7.4
2017-11-06,estradageral,5.4
2017-11-07,estradageral,3.8000000000000003
2017-11-08,estradageral,3.0
2017-11-09,estradageral,2.4000000000000004
2017-11-10,estradageral,3.8000000000000003
2017-11-11,estradageral,8.4
2017-11-12,estradageral,4.4
2017-11-13,estradageral,2.2
2017-11-14,estradageral,1.8
2017-11-15,estradageral,0.8
2017-11-16,estradageral,1.4000000000000001
2017-11-17,estradageral,2.8000000000000003
2017-11-18,estradageral,3.4000000000000004
2017-11-19,estradageral,3.8000000000000003
2017-11-20,estradageral,3.6
2017-11-21,estradageral,5.800000000000001
2017-11-22,estradageral,4.800000000000001
2017-11-23,estradageral,5.6000000000000005
2017-11-24,estradageral,3.6
2017-11-25,estradageral,4.6000000000000005
2017-11-26,estradageral,4.2
2017-11-27,estradageral,5.2
2017-11-28,estradageral,5.0
2017-11-29,estradageral,7.2
2017-11-30,estradageral,4.6000000000000005
2017-12-01,estradageral,3.0
2017-12-02,estradageral,3.6
2017-12-03,estradageral,3.4000000000000004
2017-12-04,estradageral,2.8000000000000003
2017-12-05,estradageral,3.2
2017-12-06,estradageral,3.8000000000000003
2017-12-07,estradageral,4.4
2017-12-08,estradageral,3.8000000000000003
2017-12-09,estradageral,2.2
2017-12-10,estradageral,0.2
2017-12-11,estradageral,0.2
2017-12-12,estradageral,0.8
2017-12-13,estradageral,0.0
2017-12-14,estradageral,0.0
2017-12-15,estradageral,0.0
2017-12-16,estradageral,1.0
2017-12-17,estradageral,4.96
2017-12-18,estradageral,3.4000000000000004
2017-12-19,estradageral,2.8000000000000003
2017-12-20,estradageral,3.8000000000000003
2017-12-21,estradageral,7.2
2017-12-22,estradageral,6.6000000000000005
2017-12-23,estradageral,6.2
2017-12-24,estradageral,4.800000000000001
2017-12-25,estradageral,3.8000000000000003
2017-12-26,estradageral,8.200000000000001
2017-12-27,estradageral,5.6000000000000005
2017-12-28,estradageral,4.4
2017-12-29,estradageral,3.0
2017-12-30,estradageral,3.2
2017-12-31,estradageral,3.0
2018-01-01,estradageral,3.0
2018-01-02,estradageral,2.4000000000000004
2018-01-03,estradageral,2.6
2018-01-04,estradageral,2.2
2018-01-05,estradageral,2.2
2018-01-06,estradageral,3.4000000000000004
2018-01-07,estradageral,2.8000000000000003
2018-01-08,estradageral,3.4000000000000004
2018-01-09,estradageral,5.6000000000000005
2018-01-10,estradageral,4.4
2018-01-11,estradageral,3.6
2018-01-12,estradageral,2.8000000000000003
2018-01-13,estradageral,2.8000000000000003
2018-01-14,estradageral,3.0
2018-01-15,estradageral,4.2
2018-01-16,estradageral,3.2
2018-01-17,estradageral,2.8000000000000003
2018-01-18,estradageral,2.8000000000000003
2018-01-19,estradageral,2.8000000000000003
2018-01-20,estradageral,3.0
2018-01-21,estradageral,4.2
2018-01-22,estradageral,3.6
2018-01-23,estradageral,3.0
2018-01-24,estradageral,3.0
2018-01-25,estradageral,2.8000000000000003
2018-01-26,estradageral,3.4000000000000004
2018-01-27,estradageral,3.6
2018-01-28,estradageral,4.0
2018-01-29,estradageral,3.6
2018-01-30,estradageral,3.2
2018-01-31,estradageral,13.21
2018-02-01,estradageral,3.94
2018-02-02,estradageral,0.0
2018-02-03,estradageral,5.12
2018-02-04,estradageral,0.98
2018-02-05,estradageral,0.79
2018-02-06,estradageral,0.0
2018-02-07,estradageral,0.0
2018-02-08,estradageral,0.0
2018-02-09,estradageral,3.35
2018-02-10,estradageral,11.82
2018-02-11,estradageral,23.9
2018-02-12,estradageral,29.37
2018-02-13,estradageral,5.95
2018-02-14,estradageral,2.97
2018-02-15,estradageral,6.74
2018-02-16,estradageral,4.94
2018-02-17,estradageral,0.6000000000000001
2018-02-18,estradageral,0.0
2018-02-19,estradageral,19.94
2018-02-20,estradageral,0.0
2018-02-21,estradageral,37.46
2018-02-22,estradageral,1.96
2018-02-23,estradageral,0.39
2018-02-24,estradageral,2.17
2018-02-25,estradageral,0.4
2018-02-26,estradageral,0.0
2018-02-27,estradageral,28.71
2018-02-28,estradageral,8.48
2018-03-01,estradageral,0.6000000000000001
2018-03-02,estradageral,20.45
2018-03-03,estradageral,1.78
2018-03-04,estradageral,4.15
2018-03-05,estradageral,0.2
2018-03-06,estradageral,4.92
2018-03-07,estradageral,1.6
2018-03-08,estradageral,0.0
2018-03-09,estradageral,0.0
2018-03-10,estradageral,0.8
2018-03-11,estradageral,0.0
2018-03-12,estradageral,2.5900000000000003
2018-03-13,estradageral,0.4
2018-03-14,estradageral,47.54
2018-03-15,estradageral,1.77
2018-03-16,estradageral,5.390000000000001
2018-03-17,estradageral,2.2
2018-03-18,estradageral,0.0
2018-03-19,estradageral,6.13
2018-03-20,estradageral,20.89
2018-03-21,estradageral,1.0
2018-03-22,estradageral,0.2
2018-03-23,estradageral,0.0
2018-03-24,estradageral,0.0
2018-03-25,estradageral,30.16
2018-03-26,estradageral,23.32
2018-03-27,estradageral,8.07
2018-03-28,estradageral,2.19
2018-03-29,estradageral,26.75
2018-03-30,estradageral,10.43
2018-03-31,estradageral,4.140000000000001
2018-04-01,estradageral,0.2
2018-04-02,estradageral,0.0
2018-04-03,estradageral,3.17
2018-04-04,estradageral,25.07
2018-04-05,estradageral,9.66
2018-04-06,estradageral,3.55
2018-04-07,estradageral,0.2
2018-04-08,estradageral,0.0
2018-04-09,estradageral,0.0
2018-04-10,estradageral,0.0
2018-04-11,estradageral,0.0
2018-04-12,estradageral,0.0
2018-04-13,estradageral,3.94
2018-04-14,estradageral,7.5
2018-04-15,estradageral,10.07
2018-04-16,estradageral,14.209999999999999
2018-04-17,estradageral,11.99
2018-04-18,estradageral,0.79
2018-04-19,estradageral,0.0
2018-04-20,estradageral,0.0
2018-04-21,estradageral,0.0
2018-04-22,estradageral,0.0
2018-04-23,estradageral,0.0
2018-04-24,estradageral,0.0
2018-04-25,estradageral,0.0
2018-04-26,estradageral,0.0
2018-04-27,estradageral,0.0
2018-04-28,estradageral,0.0
2018-04-29,estradageral,0.0
2018-04-30,estradageral,0.0
2018-05-01,estradageral,4.99
2018-05-02,estradageral,64.76
2018-05-03,estradageral,0.0
2018-05-04,estradageral,0.0
2018-05-05,estradageral,0.0
2018-05-06,estradageral,8.07
2018-05-07,estradageral,25.42
2018-05-08,estradageral,13.07
2018-05-09,estradageral,0.2
2018-05-10,estradageral,0.0
2018-05-11,estradageral,0.2
2018-05-12,estradageral,0.0
2018-05-13,estradageral,0.2
2018-05-14,estradageral,0.0
2018-05-15,estradageral,0.8
2018-05-16,estradageral,6.12
2018-05-17,estradageral,0.2
2018-05-18,estradageral,13.8
2018-05-19,estradageral,4.92
2018-05-20,estradageral,0.0
2018-05-21,estradageral,0.0
2018-05-22,estradageral,0.0
2018-05-23,estradageral,0.0
2018-05-24,estradageral,0.0
2018-05-25,estradageral,0.0
2018-05-26,estradageral,0.0
2018-05-27,estradageral,0.0
2018-05-28,estradageral,1.58
2018-05-29,estradageral,0.2
2018-05-30,estradageral,0.0
2018-05-31,estradageral,0.0
2018-06-01,estradageral,0.0
2018-06-02,estradageral,18.18
2018-06-03,estradageral,4.37
2018-06-04,estradageral,3.3600000000000003
2018-06-05,estradageral,1.9900000000000002
2018-06-06,estradageral,0.0
2018-06-07,estradageral,9.26
2018-06-08,estradageral,0.0
2018-06-09,estradageral,0.2
2018-06-10,estradageral,0.0
2018-06-11,estradageral,0.0
2018-06-12,estradageral,0.6000000000000001
2018-06-13,estradageral,0.0
2018-06-14,estradageral,13.06
2018-06-15,estradageral,11.76
2018-06-16,estradageral,3.96
2018-06-17,estradageral,0.4
2018-06-18,estradageral,1.4000000000000001
2018-06-19,estradageral,0.8
2018-06-20,estradageral,0.0
2018-06-21,estradageral,0.2
2018-06-22,estradageral,0.0
2018-06-23,estradageral,0.0
2018-06-24,estradageral,1.2000000000000002
2018-06-25,estradageral,0.0
2018-06-26,estradageral,22.7
2018-06-27,estradageral,8.28
2018-06-28,estradageral,0.2
2018-06-29,estradageral,0.0
2018-06-30,estradageral,0.2
2018-07-01,estradageral,0.0
2018-07-02,estradageral,0.0
2018-07-03,estradageral,11.1
2018-07-04,estradageral,5.59
2018-07-05,estradageral,0.2
2018-07-06,estradageral,1.2000000000000002
2018-07-07,estradageral,0.2
2018-07-08,estradageral,4.37
2018-07-09,estradageral,0.6000000000000001
2018-07-10,estradageral,0.0
2018-07-11,estradageral,0.0
2018-07-12,estradageral,0.0
2018-07-13,estradageral,0.0
2018-07-14,estradageral,0.0
2018-07-15,estradageral,0.2
2018-07-16,estradageral,0.0
2018-07-17,estradageral,0.0
2018-07-18,estradageral,0.2
2018-07-19,estradageral,0.2
2018-07-20,estradageral,0.2
2018-07-21,estradageral,2.99
2018-07-22,estradageral,4.2
2018-07-23,estradageral,1.6
2018-07-24,estradageral,12.31
2018-07-25,estradageral,17.92
2018-07-26,estradageral,0.6000000000000001
2018-07-27,estradageral,0.0
2018-07-28,estradageral,0.0
2018-07-29,estradageral,12.42
2018-07-30,estradageral,5.6000000000000005
2018-07-31,estradageral,4.96
2018-08-01,estradageral,0.0
2018-08-02,estradageral,19.650000000000002
2018-08-03,estradageral,9.3
2018-08-04,estradageral,0.2
2018-08-05,estradageral,0.0
2018-08-06,estradageral,0.0
2018-08-07,estradageral,0.0
2018-08-08,estradageral,1.2000000000000002
2018-08-09,estradageral,0.2
2018-08-10,estradageral,0.0
2018-08-11,estradageral,0.0
2018-08-12,estradageral,0.0
2018-08-13,estradageral,0.0
2018-08-14,estradageral,0.0
2018-08-15,estradageral,0.0
2018-08-16,estradageral,0.0
2018-08-17,estradageral,0.99
2018-08-18,estradageral,0.0
2018-08-19,estradageral,0.0
2018-08-20,estradageral,7.0
2018-08-21,estradageral,9.940000000000001
2018-08-22,estradageral,13.42
2018-08-23,estradageral,0.2
2018-08-24,estradageral,21.06
2018-08-25,estradageral,0.0
2018-08-26,estradageral,0.0
2018-08-27,estradageral,0.0
2018-08-28,estradageral,0.0
2018-08-29,estradageral,0.0
2018-08-30,estradageral,0.0
2018-08-31,estradageral,0.0
2018-09-01,estradageral,0.8
2018-09-02,estradageral,13.85
2018-09-03,estradageral,37.43
2018-09-04,estradageral,5.14
2018-09-05,estradageral,0.2
2018-09-06,estradageral,0.0
2018-09-07,estradageral,0.0
2018-09-08,estradageral,0.0
2018-09-09,estradageral,0.2
2018-09-10,estradageral,0.0
2018-09-11,estradageral,5.140000000000001
2018-09-12,estradageral,31.71
2018-09-13,estradageral,19.95
2018-09-14,estradageral,12.92
2018-09-15,estradageral,19.32
2018-09-16,estradageral,2.0
2018-09-17,estradageral,3.4000000000000004
2018-09-18,estradageral,0.0
2018-09-19,estradageral,0.0
2018-09-20,estradageral,0.0
2018-09-21,estradageral,0.2
2018-09-22,estradageral,0.4
2018-09-23,estradageral,0.0
2018-09-24,estradageral,6.3100000000000005
2018-09-25,estradageral,0.2
2018-09-26,estradageral,2.77
2018-09-27,estradageral,0.4
2018-09-28,estradageral,45.92
2018-09-29,estradageral,2.76
2018-09-30,estradageral,0.0
2018-10-01,estradageral,9.85
2018-10-02,estradageral,13.77
2018-10-03,estradageral,43.94
2018-10-04,estradageral,10.97
2018-10-05,estradageral,0.8
2018-10-06,estradageral,8.88
2018-10-07,estradageral,32.13
2018-10-08,estradageral,0.6000000000000001
2018-10-09,estradageral,8.47
2018-10-10,estradageral,21.23
2018-10-11,estradageral,12.48
2018-10-12,estradageral,0.8
2018-10-13,estradageral,9.7
2018-10-14,estradageral,37.870000000000005
2018-10-15,estradageral,0.0
2018-10-16,estradageral,0.0
2018-10-17,estradageral,0.0
2018-10-18,estradageral,0.0
2018-10-19,estradageral,0.0
2018-10-20,estradageral,0.0
2018-10-21,estradageral,0.0
2018-10-22,estradageral,0.0
2018-10-23,estradageral,0.0
2018-10-24,estradageral,0.0
2018-10-25,estradageral,0.0
2018-10-26,estradageral,0.0
2018-10-27,estradageral,0.0
2018-10-28,estradageral,0.0
2018-10-29,estradageral,0.0
2018-10-30,estradageral,0.0
2018-10-31,estradageral,0.0
2018-11-01,estradageral,0.0
2018-11-02,estradageral,0.0
2018-11-03,estradageral,0.0
2018-11-04,estradageral,0.0
2018-11-05,estradageral,0.0
2018-11-06,estradageral,0.0
2018-11-07,estradageral,0.0
2018-11-08,estradageral,0.0
2018-11-09,estradageral,0.0
2018-11-10,estradageral,0.0
2018-11-11,estradageral,0.0
2018-11-12,estradageral,0.0
2018-11-13,estradageral,0.0
2018-11-14,estradageral,0.0
2018-11-15,estradageral,0.0
2018-11-16,estradageral,0.0
2018-11-17,estradageral,0.0
2018-11-18,estradageral,0.0
2018-11-19,estradageral,0.0
2018-11-20,estradageral,0.0
2018-11-21,estradageral,0.0
2018-11-22,estradageral,0.0
2018-11-23,estradageral,0.0
2018-11-24,estradageral,0.0
2018-11-25,estradageral,0.0
2018-11-26,estradageral,0.0
2018-11-27,estradageral,0.0
2018-11-28,estradageral,0.0
2018-11-29,estradageral,0.0
2018-11-30,estradageral,0.0
2018-12-01,estradageral,0.0
2018-12-02,estradageral,0.0
2018-12-03,estradageral,0.0
2018-12-04,estradageral,0.0
2018-12-05,estradageral,0.0
2018-12-06,estradageral,0.0
2018-12-07,estradageral,0.0
2018-12-08,estradageral,0.0
2018-12-09,estradageral,0.0
2018-12-10,estradageral,0.0
2018-12-11,estradageral,0.0
2018-12-12,estradageral,0.0
2018-12-13,estradageral,0.0
2018-12-14,estradageral,0.0
2018-12-15,estradageral,0.0
2018-12-16,estradageral,0.0
2018-12-17,estradageral,0.0
2018-12-18,estradageral,0.0
2018-12-19,estradageral,0.0
2018-12-20,estradageral,0.0
2018-12-21,estradageral,0.0
2018-12-22,estradageral,0.0
2018-12-23,estradageral,0.0
2018-12-24,estradageral,0.0
2018-12-25,estradageral,0.0
2018-12-26,estradageral,0.0
2018-12-27,estradageral,0.0
2018-12-28,estradageral,0.0
2018-12-29,estradageral,0.0
2018-12-30,estradageral,0.0
2018-12-31,estradageral,0.0
2019-01-01,estradageral,0.0
2019-01-02,estradageral,0.0
2019-01-03,estradageral,0.0
2019-01-04,estradageral,0.0
2019-01-05,estradageral,0.0
2019-01-06,estradageral,0.0
2019-01-07,estradageral,0.0
2019-01-08,estradageral,0.0
2019-01-09,estradageral,0.0
2019-01-10,estradageral,0.0
2019-01-11,estradageral,0.0
2019-01-12,estradageral,0.0
2019-01-13,estradageral,0.0
2019-01-14,estradageral,0.0
2019-01-15,estradageral,0.0
2019-01-16,estradageral,0.0
2019-01-17,estradageral,0.0
2019-01-18,estradageral,0.0
2019-01-19,estradageral,0.0
2019-01-20,estradageral,0.0
2019-01-21,estradageral,0.0
2019-01-22,estradageral,0.0
2019-01-23,estradageral,0.0
2019-01-24,estradageral,0.0
2019-01-25,estradageral,0.0
2019-01-26,estradageral,0.0
2019-01-27,estradageral,0.0
2019-01-28,estradageral,0.0
2019-01-29,estradageral,0.0
2019-01-30,estradageral,0.0
2019-01-31,estradageral,0.0
2019-02-01,estradageral,0.0
2019-02-02,estradageral,0.0
2019-02-03,estradageral,0.0
2019-02-04,estradageral,0.0
2019-02-05,estradageral,0.0
2019-02-06,estradageral,0.0
2019-02-07,estradageral,0.0
2019-02-08,estradageral,0.0
2019-02-09,estradageral,0.0
2019-02-10,estradageral,0.0
2019-02-11,estradageral,0.0
2019-02-12,estradageral,0.0
2019-02-13,estradageral,0.0
2019-02-14,estradageral,0.0
2019-02-15,estradageral,0.0
2019-02-16,estradageral,0.0
2019-02-17,estradageral,0.0
2019-02-18,estradageral,0.0
2019-02-19,estradageral,0.0
2019-02-20,estradageral,0.0
2019-02-21,estradageral,0.0
2019-02-22,estradageral,0.0
2019-02-23,estradageral,0.0
2019-02-24,estradageral,0.0
2019-02-25,estradageral,0.0
2019-02-26,estradageral,0.0
2019-02-27,estradageral,0.0
2019-02-28,estradageral,0.0
2019-03-01,estradageral,0.0
2019-03-02,estradageral,0.0
2019-03-03,estradageral,0.0
2019-03-04,estradageral,0.0
2019-03-05,estradageral,0.0
2019-03-06,estradageral,0.0
2019-03-07,estradageral,0.0
2019-03-08,estradageral,0.0
2019-03-09,estradageral,0.0
2019-03-10,estradageral,0.0
2019-03-11,estradageral,0.0
2019-03-12,estradageral,0.0
2019-03-13,estradageral,0.0
2019-03-14,estradageral,0.0
2019-03-15,estradageral,0.0
2019-03-16,estradageral,0.0
2019-03-17,estradageral,0.0
2019-03-18,estradageral,0.0
2019-03-19,estradageral,0.0
2019-03-20,estradageral,0.0
2019-03-21,estradageral,0.0
2019-03-22,estradageral,0.0
2019-03-23,estradageral,0.0
2019-03-24,estradageral,0.0
2019-03-25,estradageral,0.0
2019-03-26,estradageral,0.0
2019-03-27,estradageral,0.0
2019-03-28,estradageral,0.0
2019-03-29,estradageral,0.0
2019-03-30,estradageral,0.0
2019-03-31,estradageral,0.0
2019-04-01,estradageral,0.0
2019-04-02,estradageral,0.0
2019-04-03,estradageral,0.0
2019-04-04,estradageral,0.0
2019-04-05,estradageral,0.0
2019-04-06,estradageral,0.0
2019-04-07,estradageral,0.0
2019-04-08,estradageral,0.0
2019-04-09,estradageral,0.0
2019-04-10,estradageral,0.0
2019-04-11,estradageral,0.0
2019-04-12,estradageral,0.0
2019-04-13,estradageral,0.0
2019-04-14,estradageral,0.0
2019-04-15,estradageral,0.0
2019-04-16,estradageral,0.0
2019-04-17,estradageral,0.0
2019-04-18,estradageral,0.0
2019-04-19,estradageral,0.0
2019-04-20,estradageral,0.0
2019-04-21,estradageral,0.0
2019-04-22,estradageral,0.0
2019-04-23,estradageral,0.0
2019-04-24,estradageral,0.0
2019-04-25,estradageral,0.0
2019-04-26,estradageral,0.0
2019-04-27,estradageral,0.0
2019-04-28,estradageral,0.0
2019-04-29,estradageral,0.0
2019-04-30,estradageral,0.0
2019-05-01,estradageral,0.0
2019-05-02,estradageral,0.0
2019-05-03,estradageral,0.0
2019-05-04,estradageral,0.0
2019-05-05,estradageral,0.0
2019-05-06,estradageral,0.0
2019-05-07,estradageral,0.0
2019-05-08,estradageral,0.0
2019-05-09,estradageral,0.0
2019-05-10,estradageral,0.0
2019-05-11,estradageral,0.0
2019-05-12,estradageral,0.0
2019-05-13,estradageral,0.0
2019-05-14,estradageral,0.0
2019-05-15,estradageral,0.0
2019-05-16,estradageral,0.0
2019-05-17,estradageral,0.0
2019-05-18,estradageral,0.0
2019-05-19,estradageral,0.0
2019-05-20,estradageral,0.0
2019-05-21,estradageral,0.0
2019-05-22,estradageral,0.0
2019-05-23,estradageral,0.0
2019-05-24,estradageral,0.0
2019-05-25,estradageral,0.0
2019-05-26,estradageral,0.0
2019-05-27,estradageral,0.0
2019-05-28,estradageral,0.0
2019-05-29,estradageral,0.0
2019-05-30,estradageral,0.0
2019-05-31,estradageral,0.0
2019-06-01,estradageral,0.0
2019-06-02,estradageral,0.0
2019-06-03,estradageral,0.0
2019-06-04,estradageral,0.0
2019-06-05,estradageral,0.0
2019-06-06,estradageral,0.0
2019-06-07,estradageral,0.0
2019-06-08,estradageral,0.0
2019-06-09,estradageral,0.0
2019-06-10,estradageral,0.0
2019-06-11,estradageral,0.0
2019-06-12,estradageral,0.0
2019-06-13,estradageral,0.0
2019-06-14,estradageral,0.0
2019-06-15,estradageral,0.0
2019-06-16,estradageral,0.0
2019-06-17,estradageral,0.0
2019-06-18,estradageral,0.0
2019-06-19,estradageral,0.0
2019-06-20,estradageral,0.0
2019-06-21,estradageral,0.0
2019-06-22,estradageral,0.0
2019-06-23,estradageral,0.0
2019-06-24,estradageral,0.0
2019-06-25,estradageral,0.0
2019-06-26,estradageral,0.0
2019-06-27,estradageral,0.0
2019-06-28,estradageral,0.0
2019-06-29,estradageral,0.0
2019-06-30,estradageral,0.0
2019-07-01,estradageral,0.0
2019-07-02,estradageral,0.0
2019-07-03,estradageral,0.0
2019-07-04,estradageral,0.0
2019-07-05,estradageral,0.0
2019-07-06,estradageral,0.0
2019-07-07,estradageral,0.0
2019-07-08,estradageral,0.0
2019-07-09,estradageral,0.0
2019-07-10,estradageral,0.0
2019-07-11,estradageral,0.0
2019-07-12,estradageral,0.0
2019-07-13,estradageral,0.0
2019-07-14,estradageral,0.0
2019-07-15,estradageral,0.0
2019-07-16,estradageral,0.0
2019-07-18,estradageral,0.0
2019-07-19,estradageral,0.0
2019-07-20,estradageral,0.0
2019-07-22,estradageral,0.0
2019-07-23,estradageral,13.5
2019-07-24,estradageral,0.4
2019-07-25,estradageral,0.0
2019-07-26,estradageral,0.0
2019-07-27,estradageral,18.6
2019-07-28,estradageral,2.0
2019-07-29,estradageral,0.0
2019-07-30,estradageral,0.0
2019-07-31,estradageral,0.2
2019-08-01,estradageral,0.0
2019-08-02,estradageral,9.11
2019-08-03,estradageral,0.0
2019-08-04,estradageral,0.0
2019-08-05,estradageral,0.4
2019-08-06,estradageral,0.2
2019-08-07,estradageral,0.0
2019-08-08,estradageral,0.0
2019-08-09,estradageral,0.4
2019-08-10,estradageral,0.8
2019-08-11,estradageral,2.38
2019-08-12,estradageral,0.0
2019-08-13,estradageral,6.71
2019-08-14,estradageral,0.6000000000000001
2019-08-15,estradageral,1.79
2019-08-16,estradageral,0.0
2019-08-17,estradageral,0.0
2019-08-18,estradageral,9.68
2019-08-19,estradageral,16.94
2019-08-20,estradageral,2.0
2019-08-21,estradageral,1.6
2019-08-22,estradageral,2.17
2019-08-23,estradageral,0.6000000000000001
2019-08-24,estradageral,0.0
2019-08-25,estradageral,0.0
2019-08-26,estradageral,0.4
2019-08-27,estradageral,1.6
2019-08-28,estradageral,0.0
2019-08-30,estradageral,0.0
2019-08-31,estradageral,15.21
2019-09-01,estradageral,44.160000000000004
2019-09-02,estradageral,0.4
2019-09-03,estradageral,3.39
2019-09-04,estradageral,3.58
2019-09-05,estradageral,2.38
2019-09-06,estradageral,14.790000000000001
2019-09-07,estradageral,0.6000000000000001
2019-09-08,estradageral,0.0
2019-09-09,estradageral,0.0
2019-09-10,estradageral,0.2
2019-09-11,estradageral,0.0
2019-09-12,estradageral,9.27
2019-09-13,estradageral,9.97
2019-09-14,estradageral,8.360000000000001
2019-09-15,estradageral,0.2
2019-09-16,estradageral,0.4
2019-09-17,estradageral,4.2
2019-09-18,estradageral,26.14
2019-09-19,estradageral,36.04
2019-09-20,estradageral,28.37
2019-09-21,estradageral,4.59
2019-09-22,estradageral,0.0
2019-09-23,estradageral,0.2
2019-09-24,estradageral,11.05
2019-09-25,estradageral,2.9699999999999998
2019-09-26,estradageral,0.6000000000000001
2019-09-27,estradageral,0.8
2019-09-28,estradageral,0.6000000000000001
2019-09-29,estradageral,2.5900000000000003
2019-09-30,estradageral,2.2
2019-10-01,estradageral,0.0
2019-10-02,estradageral,0.0
2019-10-03,estradageral,0.2
2019-10-04,estradageral,2.3600000000000003
2019-10-05,estradageral,6.11
2019-10-06,estradageral,32.18
2019-10-07,estradageral,9.98
2019-10-08,estradageral,0.0
2019-10-10,estradageral,0.0
2019-10-11,estradageral,0.0
2019-10-12,estradageral,0.0
2019-10-13,estradageral,0.6000000000000001
2019-10-14,estradageral,33.47
2019-10-15,estradageral,8.93
2019-10-16,estradageral,17.38
2019-10-17,estradageral,28.18
2019-10-18,estradageral,6.91
2019-10-19,estradageral,3.2
2019-10-20,estradageral,0.6000000000000001
2019-10-21,estradageral,6.51
2019-10-22,estradageral,0.0
2019-10-23,estradageral,0.2
2019-10-24,estradageral,0.2
2019-10-25,estradageral,6.31
2019-10-26,estradageral,3.39
2019-10-27,estradageral,13.58
2019-10-28,estradageral,0.5900000000000001
2019-10-29,estradageral,0.0
2019-10-30,estradageral,0.0
2019-10-31,estradageral,6.9
2019-11-01,estradageral,35.81
2019-11-02,estradageral,1.6
2019-11-03,estradageral,0.0
2019-11-04,estradageral,0.0
2019-11-05,estradageral,0.0
2019-11-06,estradageral,0.0
2019-11-07,estradageral,0.0
2019-11-08,estradageral,0.0
2019-11-09,estradageral,0.0
2019-11-10,estradageral,0.0
2019-11-11,estradageral,0.0
2019-11-12,estradageral,0.4
2019-11-13,estradageral,2.0
2019-11-14,estradageral,6.74
2019-11-15,estradageral,0.2
2019-11-16,estradageral,0.0
2019-11-17,estradageral,0.0
2019-11-18,estradageral,0.0
2019-11-19,estradageral,0.0
2019-11-20,estradageral,8.64
2019-11-21,estradageral,1.19
2019-11-22,estradageral,11.67
2019-11-23,estradageral,11.62
2019-11-24,estradageral,0.0
2019-11-25,estradageral,0.0
2019-11-26,estradageral,30.55
2019-11-27,estradageral,32.71
2019-11-28,estradageral,1.98
2019-11-29,estradageral,0.0
2019-11-30,estradageral,0.0
2019-12-01,estradageral,3.35
2019-12-02,estradageral,0.0
2019-12-03,estradageral,0.0
2019-12-04,estradageral,10.040000000000001
2019-12-05,estradageral,12.219999999999999
2019-12-06,estradageral,0.0
2019-12-07,estradageral,0.0
2019-12-08,estradageral,0.4
2019-12-09,estradageral,3.2
2019-12-10,estradageral,0.0
2019-12-11,estradageral,0.2
2019-12-12,estradageral,1.3800000000000001
2019-12-13,estradageral,0.6000000000000001
2019-12-14,estradageral,4.0
2019-12-15,estradageral,0.6000000000000001
2019-12-16,estradageral,6.3100000000000005
2019-12-17,estradageral,59.07
2019-12-18,estradageral,14.24
2019-12-19,estradageral,1.6
2019-12-20,estradageral,0.0
2019-12-21,estradageral,0.0
2019-12-22,estradageral,5.17
2019-12-23,estradageral,1.58
2019-12-24,estradageral,0.0
2019-12-25,estradageral,0.0
2019-12-26,estradageral,0.0
2019-12-27,estradageral,0.0
2019-12-28,estradageral,0.0
2019-12-29,estradageral,0.0
2019-12-30,estradageral,0.0
2019-12-31,estradageral,0.0
2020-01-01,estradageral,30.63
2020-01-02,estradageral,14.120000000000001
2020-01-03,estradageral,1.19
2020-01-04,estradageral,48.0
2020-01-05,estradageral,21.700000000000003
2020-01-06,estradageral,8.200000000000001
2020-01-07,estradageral,6.4
2020-01-08,estradageral,12.200000000000001
2020-01-09,estradageral,0.0
2020-01-10,estradageral,0.0
2020-01-11,estradageral,0.6000000000000001
2020-01-12,estradageral,0.0
2020-01-13,estradageral,0.0
2020-01-14,estradageral,0.0
2020-01-15,estradageral,0.0
2020-01-16,estradageral,19.23
2020-01-17,estradageral,3.6
2020-01-18,estradageral,0.0
2020-01-19,estradageral,3.6
2020-01-20,estradageral,5.2
2020-01-21,estradageral,0.0
2020-01-22,estradageral,15.870000000000001
2020-01-23,estradageral,20.25
2020-01-24,estradageral,14.200000000000001
2020-01-25,estradageral,4.4
2020-01-26,estradageral,0.0
2020-01-27,estradageral,2.4000000000000004
2020-01-28,estradageral,2.6
2020-01-29,estradageral,6.6000000000000005
2020-01-30,estradageral,8.200000000000001
2020-01-31,estradageral,17.37
2020-02-01,estradageral,5.6000000000000005
2020-02-02,estradageral,13.3
2020-02-03,estradageral,49.14
2020-02-04,estradageral,28.880000000000003
2020-02-05,estradageral,25.0
2020-02-06,estradageral,21.200000000000003
2020-02-07,estradageral,20.6
2020-02-08,estradageral,18.560000000000002
2020-02-09,estradageral,27.3
2020-02-10,estradageral,21.0
2020-02-11,estradageral,22.0
2020-02-12,estradageral,18.400000000000002
2020-02-13,estradageral,16.400000000000002
2020-02-14,estradageral,13.600000000000001
2020-02-15,estradageral,8.4
2020-02-16,estradageral,0.4
2020-02-17,estradageral,0.0
2020-02-18,estradageral,0.0
2020-02-19,estradageral,3.5700000000000003
2020-02-20,estradageral,0.4
2020-02-21,estradageral,3.1900000000000004
2020-02-22,estradageral,0.2
2020-02-23,estradageral,0.0
2020-02-24,estradageral,0.0
2020-02-25,estradageral,12.760000000000002
2020-02-26,estradageral,18.0
2020-02-27,estradageral,14.8
2020-02-28,estradageral,12.8
2020-02-29,estradageral,9.600000000000001
2020-03-01,estradageral,8.4
2020-03-02,estradageral,8.200000000000001
2020-03-03,estradageral,7.4
2020-03-04,estradageral,5.800000000000001
2020-03-05,estradageral,9.200000000000001
2020-03-06,estradageral,6.2
2020-03-07,estradageral,4.6000000000000005
2020-03-08,estradageral,0.0
2020-03-09,estradageral,0.0
2020-03-10,estradageral,0.0
2020-03-11,estradageral,0.0
2020-03-12,estradageral,0.0
2020-03-13,estradageral,0.0
2020-03-14,estradageral,0.0
2020-03-15,estradageral,0.0
2020-03-16,estradageral,3.5500000000000003
2020-03-17,estradageral,2.8000000000000003
2020-03-18,estradageral,5.0
2020-03-19,estradageral,0.2
2020-03-20,estradageral,0.6000000000000001
2020-03-21,estradageral,0.0
2020-03-22,estradageral,0.0
2020-03-23,estradageral,0.0
2020-03-24,estradageral,8.38
2020-03-25,estradageral,0.6000000000000001
2020-03-26,estradageral,0.2
2020-03-27,estradageral,1.8
2020-03-28,estradageral,0.6000000000000001
2020-03-29,estradageral,0.0
2020-03-30,estradageral,0.0
2020-03-31,estradageral,2.19
2020-04-01,estradageral,0.0
2020-04-02,estradageral,0.0
2020-04-03,estradageral,0.0
2020-04-04,estradageral,0.0
2020-04-05,estradageral,0.0
2020-04-06,estradageral,7.550000000000001
2020-04-07,estradageral,0.8
2020-04-08,estradageral,0.0
2020-04-09,estradageral,0.0
2020-04-10,estradageral,0.0
2020-04-11,estradageral,0.2
2020-04-12,estradageral,0.0
2020-04-13,estradageral,0.0
2020-04-14,estradageral,3.0
2020-04-15,estradageral,0.0
2020-04-16,estradageral,0.0
2020-04-17,estradageral,0.0
2020-04-18,estradageral,1.8
2020-04-19,estradageral,7.0
2020-04-20,estradageral,0.0
2020-04-21,estradageral,0.0
2020-04-22,estradageral,0.0
2020-04-23,estradageral,0.0
2020-04-24,estradageral,0.2
2020-04-25,estradageral,0.0
2020-04-26,estradageral,0.0
2020-04-27,estradageral,7.390000000000001
2020-04-28,estradageral,12.98
2020-04-29,estradageral,0.0
2020-04-30,estradageral,1.0
2020-05-01,estradageral,1.6
2020-05-02,estradageral,0.2
2020-05-03,estradageral,0.0
2020-05-04,estradageral,0.0
2020-05-05,estradageral,0.0
2020-05-06,estradageral,3.79
2020-05-07,estradageral,0.0
2020-05-08,estradageral,0.0
2020-05-09,estradageral,0.0
2020-05-10,estradageral,0.0
2020-05-11,estradageral,0.0
2020-05-12,estradageral,0.0
2020-05-13,estradageral,0.0
2020-05-14,estradageral,0.0
2020-05-15,estradageral,0.0
2020-05-16,estradageral,0.0
2020-05-17,estradageral,0.0
2020-05-18,estradageral,0.0
2020-05-19,estradageral,0.0
2020-05-20,estradageral,0.0
2020-05-21,estradageral,0.0
2020-05-22,estradageral,0.0
2020-05-23,estradageral,0.0
2020-05-24,estradageral,0.0
2020-05-25,estradageral,0.0
2020-05-26,estradageral,0.0
2020-05-27,estradageral,0.0
2020-05-28,estradageral,0.0
2020-05-29,estradageral,0.0
2020-05-30,estradageral,0.0
2020-05-31,estradageral,0.0
2020-06-01,estradageral,0.0
2020-06-02,estradageral,0.0
2020-06-03,estradageral,0.0
2020-06-04,estradageral,0.0
2020-06-05,estradageral,0.0
2020-06-06,estradageral,0.0
2020-06-07,estradageral,0.0
2020-06-08,estradageral,0.0
2020-06-09,estradageral,0.0
2020-06-10,estradageral,0.0
2020-06-11,estradageral,0.0
2020-06-12,estradageral,0.0
2020-06-13,estradageral,0.0
2020-06-14,estradageral,0.0
2020-06-15,estradageral,0.0
2020-06-16,estradageral,0.0
2020-06-17,estradageral,0.0
2020-06-18,estradageral,0.0
2020-06-19,estradageral,0.0
2020-06-20,estradageral,0.0
2020-06-21,estradageral,0.0
2020-06-22,estradageral,0.0
2020-06-23,estradageral,0.0
2020-06-24,estradageral,0.0
2020-06-25,estradageral,0.0
2020-06-26,estradageral,0.0
2020-06-27,estradageral,0.0
2020-06-28,estradageral,0.0
2020-06-29,estradageral,0.0
2020-06-30,estradageral,0.0
2020-07-01,estradageral,0.0
2020-07-02,estradageral,0.0
2020-07-03,estradageral,0.0
2020-07-04,estradageral,0.0
2020-07-05,estradageral,0.0
2020-07-06,estradageral,0.0
2020-07-07,estradageral,0.0
2020-07-08,estradageral,0.0
2020-07-09,estradageral,0.0
2020-07-10,estradageral,0.0
2020-07-11,estradageral,0.0
2020-07-12,estradageral,0.0
2020-07-13,estradageral,0.0
2020-07-14,estradageral,0.0
2020-07-15,estradageral,0.0
2020-07-16,estradageral,2.36
2020-07-17,estradageral,5.11
2020-07-18,estradageral,0.6000000000000001
2020-07-19,estradageral,0.0
2020-07-20,estradageral,0.2
2020-07-21,estradageral,0.0
2020-07-22,estradageral,0.0
2020-07-23,estradageral,0.0
2020-07-24,estradageral,0.0
2020-07-25,estradageral,0.0
2020-07-26,estradageral,6.6000000000000005
2020-07-27,estradageral,0.0
2020-07-28,estradageral,21.08
2020-07-29,estradageral,3.1900000000000004
2020-07-30,estradageral,0.0
2020-07-31,estradageral,3.58
2020-08-01,estradageral,0.0
2020-08-02,estradageral,0.0
2020-08-03,estradageral,0.0
2020-08-04,estradageral,0.0
2020-08-05,estradageral,0.0
2020-08-06,estradageral,0.0
2020-08-07,estradageral,0.0
2020-08-08,estradageral,0.2
2020-08-09,estradageral,0.0
2020-08-10,estradageral,0.0
2020-08-11,estradageral,0.0
2020-08-12,estradageral,9.13
2020-08-13,estradageral,15.2
2020-08-14,estradageral,12.08
2020-08-15,estradageral,23.02
2020-08-16,estradageral,3.0
2020-08-17,estradageral,7.13
2020-08-18,estradageral,9.09
2020-08-19,estradageral,16.25
2020-08-20,estradageral,14.100000000000001
2020-08-21,estradageral,2.96
2020-08-22,estradageral,0.2
2020-08-23,estradageral,0.0
2020-08-24,estradageral,0.0
2020-08-25,estradageral,0.0
2020-08-26,estradageral,0.0
2020-08-27,estradageral,0.0
2020-08-28,estradageral,0.0
2020-08-29,estradageral,0.2
2020-08-30,estradageral,0.2
2020-08-31,estradageral,15.930000000000001
2020-09-01,estradageral,30.43
2020-09-02,estradageral,2.79
2020-09-03,estradageral,0.4
2020-09-04,estradageral,6.2
2020-09-05,estradageral,3.2
2020-09-06,estradageral,4.16
2020-09-07,estradageral,4.2
2020-09-08,estradageral,0.4
2020-09-09,estradageral,0.6000000000000001
2020-09-10,estradageral,0.0
2020-09-11,estradageral,0.0
2020-09-12,estradageral,0.0
2020-09-13,estradageral,0.0
2020-09-14,estradageral,0.0
2020-09-15,estradageral,0.8
2020-09-16,estradageral,0.0
2020-09-17,estradageral,2.19
2020-09-18,estradageral,0.0
2020-09-19,estradageral,0.0
2020-09-20,estradageral,0.4
2020-09-21,estradageral,3.8000000000000003
2020-09-22,estradageral,0.0
2020-09-23,estradageral,0.0
2020-09-24,estradageral,0.4
2020-09-25,estradageral,0.0
2020-09-26,estradageral,0.0
2020-09-27,estradageral,17.349999999999998
2020-09-28,estradageral,6.95
2020-09-29,estradageral,0.0
2020-09-30,estradageral,2.1799999999999997
2020-10-01,estradageral,0.0
2020-10-02,estradageral,0.0
2020-10-03,estradageral,27.19
2020-10-04,estradageral,36.940000000000005
2020-10-05,estradageral,6.2
2020-10-06,estradageral,3.0
2020-10-07,estradageral,9.69
2020-10-08,estradageral,23.16
2020-10-09,estradageral,12.0
2020-10-10,estradageral,0.0
2020-10-11,estradageral,0.0
2020-10-12,estradageral,0.0
2020-10-13,estradageral,1.6
2020-10-14,estradageral,0.8
2020-10-15,estradageral,4.800000000000001
2020-10-16,estradageral,0.2
2020-10-17,estradageral,0.0
2020-10-18,estradageral,0.0
2020-10-19,estradageral,3.37
2020-10-20,estradageral,0.0
2020-10-21,estradageral,0.0
2020-10-22,estradageral,17.21
2020-10-23,estradageral,8.200000000000001
2020-10-24,estradageral,1.2000000000000002
2020-10-25,estradageral,1.59
2020-10-26,estradageral,3.6
2020-10-27,estradageral,0.0
2020-10-28,estradageral,0.0
2020-10-29,estradageral,7.57
2020-10-30,estradageral,19.96
2020-10-31,estradageral,10.8
2020-11-01,estradageral,4.800000000000001
2020-11-02,estradageral,0.2
2020-11-03,estradageral,5.2
2020-11-04,estradageral,3.2
2020-11-05,estradageral,0.0
2020-11-06,estradageral,0.0
2020-11-07,estradageral,0.0
2020-11-08,estradageral,0.0
2020-11-09,estradageral,6.800000000000001
2020-11-10,estradageral,5.4
2020-11-11,estradageral,7.6000000000000005
2020-11-12,estradageral,7.800000000000001
2020-11-13,estradageral,5.6000000000000005
2020-11-14,estradageral,1.6
2020-11-15,estradageral,6.15
2020-11-16,estradageral,4.800000000000001
2020-11-17,estradageral,4.0
2020-11-18,estradageral,4.4
2020-11-19,estradageral,5.6000000000000005
2020-11-20,estradageral,6.2
2020-11-21,estradageral,5.6000000000000005
2020-11-22,estradageral,3.8000000000000003
2020-11-23,estradageral,3.8000000000000003
2020-11-24,estradageral,3.8000000000000003
2020-11-25,estradageral,3.6
2020-11-26,estradageral,3.6
2020-11-27,estradageral,2.8000000000000003
2020-11-28,estradageral,3.0
2020-11-29,estradageral,3.0
2020-11-30,estradageral,2.4000000000000004
2020-12-01,estradageral,2.2
2020-12-02,estradageral,2.2
2020-12-03,estradageral,2.4000000000000004
2020-12-04,estradageral,2.6
2020-12-05,estradageral,2.4000000000000004
2020-12-06,estradageral,3.0
2020-12-07,estradageral,3.6
2020-12-08,estradageral,4.0
2020-12-09,estradageral,3.8000000000000003
2020-12-10,estradageral,4.0
2020-12-11,estradageral,4.0
2020-12-12,estradageral,3.4000000000000004
2020-12-13,estradageral,3.6
2020-12-14,estradageral,3.8000000000000003
2020-12-15,estradageral,3.6
2020-12-16,estradageral,3.8000000000000003
2020-12-17,estradageral,3.4000000000000004
2020-12-18,estradageral,3.4000000000000004
2020-12-19,estradageral,3.2
2020-12-20,estradageral,3.2
2020-12-21,estradageral,3.2
2020-12-22,estradageral,3.0
2020-12-23,estradageral,3.2
2020-12-24,estradageral,3.2
2020-12-25,estradageral,2.8000000000000003
2020-12-26,estradageral,3.0
2020-12-27,estradageral,2.8000000000000003
2020-12-28,estradageral,2.8000000000000003
2020-12-29,estradageral,2.8000000000000003
2020-12-30,estradageral,2.6
2014-07-31,iririu,0.0
2014-08-01,iririu,7.677363098
2014-08-02,iririu,0.0
2014-08-03,iririu,0.0
2014-08-04,iririu,5.9069655679999995
2014-08-05,iririu,0.0
2014-08-06,iririu,0.0
2014-08-07,iririu,0.0
2014-08-08,iririu,0.0
2014-08-09,iririu,0.0
2014-08-10,iririu,0.0
2014-08-11,iririu,0.0
2014-08-12,iririu,26.552039517
2014-08-13,iririu,2.19268
2014-08-14,iririu,0.0
2014-08-15,iririu,3.4000000000000004
2014-08-16,iririu,45.891426765
2014-08-17,iririu,0.2
2014-08-18,iririu,0.0
2014-08-19,iririu,0.0
2014-08-20,iririu,0.0
2014-08-21,iririu,0.0
2014-08-22,iririu,0.0
2014-08-23,iririu,0.0
2014-08-24,iririu,0.0
2014-08-25,iririu,2.560077212
2014-08-26,iririu,0.59268
2014-08-27,iririu,0.0
2014-08-28,iririu,0.0
2014-08-29,iririu,0.0
2014-08-30,iririu,0.0
2014-08-31,iririu,21.825246060999998
2014-09-01,iririu,0.0
2014-09-02,iririu,22.035993212
2014-09-03,iririu,3.174700568
2014-09-04,iririu,0.98536
2014-09-05,iririu,0.593794573
2014-09-06,iririu,0.2
2014-09-07,iririu,0.2
2014-09-08,iririu,0.0
2014-09-09,iririu,0.0
2014-09-10,iririu,0.0
2014-09-11,iririu,4.2
2014-09-12,iririu,2.2
2014-09-13,iririu,0.0
2014-09-14,iririu,0.0
2014-09-15,iririu,0.0
2014-09-16,iririu,0.0
2014-09-17,iririu,0.0
2014-09-18,iririu,25.203377966999998
2014-09-19,iririu,8.657483856999999
2014-09-20,iririu,0.99268
2014-09-21,iririu,0.0
2014-09-22,iririu,0.0
2014-09-23,iririu,0.0
2014-09-24,iririu,12.232645443
2014-09-25,iririu,4.537942037
2014-09-26,iririu,0.6000000000000001
2014-09-27,iririu,11.54876
2014-09-28,iririu,9.53778
2014-09-29,iririu,6.5129552230000005
2014-09-30,iririu,29.335372811
2014-10-01,iririu,1.5817
2014-10-02,iririu,0.0
2014-10-03,iririu,0.0
2014-10-04,iririu,0.0
2014-10-05,iririu,0.0
2014-10-06,iririu,0.2
2014-10-07,iririu,0.0
2014-10-08,iririu,0.0
2014-10-09,iririu,0.0
2014-10-10,iririu,0.0
2014-10-11,iririu,0.0
2014-10-12,iririu,0.0
2014-10-13,iririu,0.8
2014-10-14,iririu,0.4
2014-10-15,iririu,3.6
2014-10-16,iririu,1.19268
2014-10-17,iririu,2.574424015
2014-10-18,iririu,0.0
2014-10-19,iririu,5.535374749
2014-10-20,iririu,0.0
2014-10-21,iririu,0.0
2014-10-22,iririu,0.0
2014-10-23,iririu,0.0
2014-10-24,iririu,0.0
2014-10-25,iririu,0.0
2014-10-26,iririu,0.0
2014-10-27,iririu,0.2
2014-10-28,iririu,0.0
2014-10-29,iririu,0.0
2014-10-30,iririu,0.0
2014-10-31,iririu,0.0
2014-11-01,iririu,2.7640358220000003
2014-11-02,iririu,1.4000000000000001
2014-11-03,iririu,0.0
2014-11-04,iririu,14.220247199
2014-11-05,iririu,0.8
2014-11-06,iririu,1.19268
2014-11-07,iririu,5.55242
2014-11-08,iririu,0.0
2014-11-09,iririu,0.0
2014-11-10,iririu,0.0
2014-11-11,iririu,0.0
2014-11-12,iririu,0.0
2014-11-13,iririu,0.0
2014-11-14,iririu,4.15242
2014-11-15,iririu,0.0
2014-11-16,iririu,0.0
2014-11-17,iririu,0.0
2014-11-18,iririu,0.0
2014-11-19,iririu,0.0
2014-11-20,iririu,5.35974
2014-11-21,iririu,0.59268
2014-11-22,iririu,13.993390404
2014-11-23,iririu,2.6
2014-11-24,iririu,4.5634
2014-11-25,iririu,25.05842629
2014-11-26,iririu,0.79268
2014-11-27,iririu,0.0
2014-11-28,iririu,0.592715055
2014-11-29,iririu,3.95974
2014-11-30,iririu,0.6000000000000001
2014-12-01,iririu,0.0
2014-12-02,iririu,0.0
2014-12-03,iririu,26.789610733
2014-12-04,iririu,1.99268
2014-12-05,iririu,0.0
2014-12-06,iririu,0.0
2014-12-07,iririu,0.4
2014-12-08,iririu,0.0
2014-12-09,iririu,8.673182796999999
2014-12-10,iririu,2.95242
2014-12-11,iririu,36.095982746
2014-12-12,iririu,36.656764695
2014-12-13,iririu,30.49309983
2014-12-14,iririu,0.4
2014-12-15,iririu,0.7896952370000001
2014-12-16,iririu,5.710135404
2014-12-17,iririu,0.0
2014-12-18,iririu,0.0
2014-12-19,iririu,3.5817
2014-12-20,iririu,0.0
2014-12-21,iririu,0.9853599999999999
2014-12-22,iririu,33.068711834
2014-12-23,iririu,8.29752
2014-12-24,iririu,14.2902
2014-12-25,iririu,7.73778
2014-12-26,iririu,12.614335029
2014-12-27,iririu,9.611554082
2014-12-28,iririu,6.09264044
2014-12-29,iririu,25.443863511000004
2014-12-30,iririu,0.0
2014-12-31,iririu,3.943028278
2015-01-01,iririu,0.0
2015-01-02,iririu,21.540941178
2015-01-03,iririu,1.6
2015-01-04,iririu,0.0
2015-01-05,iririu,27.185814975
2015-01-06,iririu,2.1743799999999998
2015-01-07,iririu,0.59268
2015-01-08,iririu,0.0
2015-01-09,iririu,4.533212151
2015-01-10,iririu,1.4000000000000001
2015-01-11,iririu,7.4801137429999995
2015-01-12,iririu,54.727356237
2015-01-13,iririu,0.0
2015-01-14,iririu,24.953892124
2015-01-15,iririu,0.0
2015-01-16,iririu,0.0
2015-01-17,iririu,5.717156598
2015-01-18,iririu,0.0
2015-01-19,iririu,1.39268
2015-01-20,iririu,52.196883645
2015-01-21,iririu,0.79268
2015-01-22,iririu,18.129750068
2015-01-23,iririu,0.2
2015-01-24,iririu,0.0
2015-01-25,iririu,27.200705577
2015-01-26,iririu,0.0
2015-01-27,iririu,3.543751165
2015-01-28,iririu,11.120189069
2015-01-29,iririu,3.952722847
2015-01-30,iririu,2.59268
2015-01-31,iririu,4.924743874
2015-02-01,iririu,0.2
2015-02-02,iririu,0.0
2015-02-03,iririu,27.508293533
2015-02-04,iririu,36.790304632
2015-02-05,iririu,13.992281685
2015-02-06,iririu,0.0
2015-02-07,iririu,0.98902
2015-02-08,iririu,0.993099837
2015-02-09,iririu,0.0
2015-02-10,iririu,0.0
2015-02-11,iririu,1.57072
2015-02-12,iririu,40.793681593
2015-02-13,iririu,13.820600632
2015-02-14,iririu,50.041012248
2015-02-15,iririu,7.742131557
2015-02-16,iririu,15.988890459999999
2015-02-17,iririu,25.05475891
2015-02-18,iririu,1.2000000000000002
2015-02-19,iririu,4.138591477
2015-02-20,iririu,22.793857232
2015-02-21,iririu,3.93778
2015-02-22,iririu,1.968706146
2015-02-23,iririu,28.438359151
2015-02-24,iririu,1.59268
2015-02-25,iririu,0.0
2015-02-26,iririu,0.0
2015-02-27,iririu,10.028837875999999
2015-02-28,iririu,4.727969934
2015-03-01,iririu,0.2
2015-03-02,iririu,0.4
2015-03-03,iririu,0.0
2015-03-04,iririu,0.0
2015-03-05,iririu,2.775039182
2015-03-06,iririu,54.482018900999996
2015-03-07,iririu,15.3056
2015-03-08,iririu,0.0
2015-03-09,iririu,0.0
2015-03-10,iririu,0.0
2015-03-11,iririu,0.0
2015-03-12,iririu,0.0
2015-03-13,iririu,0.0
2015-03-14,iririu,0.0
2015-03-15,iririu,0.0
2015-03-16,iririu,0.0
2015-03-17,iririu,0.0
2015-03-18,iririu,0.0
2015-03-19,iririu,0.0
2015-03-20,iririu,0.0
2015-03-21,iririu,0.0
2015-03-22,iririu,0.0
2015-03-23,iririu,0.0
2015-03-24,iririu,0.0
2015-03-25,iririu,0.0
2015-03-26,iririu,0.0
2015-03-27,iririu,0.0
2015-03-28,iririu,0.0
2015-03-29,iririu,0.0
2015-03-30,iririu,0.0
2015-03-31,iririu,0.0
2015-04-01,iririu,0.0
2015-04-02,iririu,0.0
2015-04-03,iririu,0.0
2015-04-04,iririu,0.0
2015-04-05,iririu,0.0
2015-04-06,iririu,0.0
2015-04-07,iririu,0.0
2015-04-08,iririu,0.0
2015-04-09,iririu,0.0
2015-04-10,iririu,0.0
2015-04-11,iririu,0.0
2015-04-12,iririu,0.0
2015-04-13,iririu,0.0
2015-04-14,iririu,0.0
2015-04-15,iririu,0.0
2015-04-16,iririu,0.0
2015-04-17,iririu,0.0
2015-04-18,iririu,0.0
2015-04-19,iririu,0.0
2015-04-20,iririu,0.0
2015-04-21,iririu,0.0
2015-04-22,iririu,0.0
2015-04-23,iririu,0.0
2015-04-24,iririu,0.0
2015-04-25,iririu,0.0
2015-04-26,iririu,0.0
2015-04-27,iririu,0.0
2015-04-28,iririu,0.0
2015-04-29,iririu,0.0
2015-04-30,iririu,0.0
2015-05-01,iririu,0.0
2015-05-02,iririu,0.0
2015-05-03,iririu,0.0
2015-05-04,iririu,0.0
2015-05-05,iririu,0.0
2015-05-06,iririu,0.0
2015-05-07,iririu,0.0
2015-05-08,iririu,0.0
2015-05-09,iririu,0.0
2015-05-10,iririu,0.0
2015-05-11,iririu,0.0
2015-05-12,iririu,0.0
2015-05-13,iririu,0.0
2015-05-14,iririu,0.0
2015-05-15,iririu,0.0
2015-05-16,iririu,0.0
2015-05-17,iririu,0.0
2015-05-18,iririu,0.0
2015-05-19,iririu,0.0
2015-05-20,iririu,0.0
2015-05-21,iririu,0.0
2015-05-22,iririu,0.0
2015-05-23,iririu,0.0
2015-05-24,iririu,0.0
2015-05-25,iririu,0.0
2015-05-26,iririu,0.0
2015-05-27,iririu,0.0
2015-05-28,iririu,0.0
2015-05-29,iririu,0.0
2015-05-30,iririu,0.0
2015-05-31,iririu,0.0
2015-06-01,iririu,0.0
2015-06-02,iririu,0.0
2015-06-03,iririu,0.0
2015-06-04,iririu,0.0
2015-06-05,iririu,0.0
2015-06-06,iririu,0.0
2015-06-07,iririu,0.0
2015-06-08,iririu,0.0
2015-06-09,iririu,0.0
2015-06-10,iririu,0.0
2015-06-11,iririu,0.0
2015-06-12,iririu,0.0
2015-06-13,iririu,0.0
2015-06-14,iririu,0.0
2015-06-15,iririu,0.0
2015-06-16,iririu,0.0
2015-06-17,iririu,0.0
2015-06-18,iririu,0.0
2015-06-19,iririu,0.0
2015-06-20,iririu,0.0
2015-06-21,iririu,0.0
2015-06-22,iririu,0.0
2015-06-23,iririu,0.0
2015-06-24,iririu,0.0
2015-06-25,iririu,0.0
2015-06-26,iririu,0.0
2015-06-27,iririu,0.0
2015-06-28,iririu,0.0
2015-06-29,iririu,0.0
2015-06-30,iririu,0.0
2015-07-01,iririu,0.0
2015-07-02,iririu,0.0
2015-07-03,iririu,0.0
2015-07-04,iririu,0.0
2015-07-05,iririu,0.0
2015-07-06,iririu,0.0
2015-07-07,iririu,0.0
2015-07-08,iririu,0.2
2015-07-09,iririu,0.2
2015-07-10,iririu,14.2
2015-07-11,iririu,0.0
2015-07-12,iririu,8.870000000000001
2015-07-13,iririu,3.5900000000000003
2015-07-14,iririu,18.1
2015-07-15,iririu,0.6000000000000001
2015-07-16,iririu,20.47
2015-07-17,iririu,1.3900000000000001
2015-07-18,iririu,0.0
2015-07-19,iririu,0.0
2015-07-20,iririu,6.7
2015-07-21,iririu,2.16
2015-07-22,iririu,0.0
2015-07-23,iririu,7.57
2015-07-24,iririu,12.84
2015-07-25,iririu,0.2
2015-07-26,iririu,0.0
2015-07-27,iririu,0.0
2015-07-28,iririu,0.0
2015-07-29,iririu,0.0
2015-07-30,iririu,0.0
2015-07-31,iririu,0.0
2015-08-01,iririu,0.0
2015-08-02,iririu,0.0
2015-08-03,iririu,0.0
2015-08-04,iririu,0.0
2015-08-05,iririu,0.0
2015-08-06,iririu,0.0
2015-08-07,iririu,0.0
2015-08-08,iririu,0.0
2015-08-09,iririu,0.0
2015-08-10,iririu,0.0
2015-08-11,iririu,0.0
2015-08-12,iririu,0.0
2015-08-13,iririu,0.0
2015-08-14,iririu,0.0
2015-08-15,iririu,0.0
2015-08-16,iririu,0.4
2015-08-17,iririu,0.0
2015-08-18,iririu,0.0
2015-08-19,iririu,0.0
2015-08-20,iririu,0.0
2015-08-21,iririu,0.4
2015-08-22,iririu,0.0
2015-08-23,iririu,0.78
2015-08-24,iririu,4.38
2015-08-25,iririu,1.4000000000000001
2015-08-26,iririu,7.71
2015-08-27,iririu,14.75
2015-08-28,iririu,0.0
2015-08-29,iririu,0.0
2015-08-30,iririu,0.2
2015-08-31,iririu,0.0
2015-09-01,iririu,0.8
2015-09-02,iririu,6.95
2015-09-03,iririu,29.34
2015-09-04,iririu,16.19
2015-09-05,iririu,3.97
2015-09-06,iririu,2.5900000000000003
2015-09-07,iririu,11.23
2015-09-08,iririu,7.87
2015-09-09,iririu,0.0
2015-09-10,iririu,1.8
2015-09-11,iririu,3.97
2015-09-12,iririu,0.0
2015-09-13,iririu,0.0
2015-09-14,iririu,0.0
2015-09-15,iririu,0.0
2015-09-16,iririu,0.0
2015-09-17,iririu,49.64
2015-09-18,iririu,6.91
2015-09-19,iririu,1.2000000000000002
2015-09-20,iririu,0.0
2015-09-21,iririu,0.0
2015-09-22,iririu,0.0
2015-09-23,iririu,0.0
2015-09-24,iririu,0.0
2015-09-25,iririu,26.39
2015-09-26,iririu,7.720000000000001
2015-09-27,iririu,32.1
2015-09-28,iririu,0.4
2015-09-29,iririu,0.0
2015-09-30,iririu,0.0
2015-10-01,iririu,0.0
2015-10-02,iririu,0.0
2015-10-03,iririu,3.7600000000000002
2015-10-04,iririu,5.75
2015-10-05,iririu,1.0
2015-10-06,iririu,1.99
2015-10-07,iririu,1.0
2015-10-08,iririu,35.82
2015-10-09,iririu,5.37
2015-10-10,iririu,14.59
2015-10-11,iririu,10.700000000000001
2015-10-12,iririu,0.8
2015-10-13,iririu,25.48
2015-10-14,iririu,9.260000000000002
2015-10-15,iririu,0.4
2015-10-16,iririu,1.58
2015-10-17,iririu,0.2
2015-10-18,iririu,0.0
2015-10-19,iririu,0.6000000000000001
2015-10-20,iririu,0.0
2015-10-21,iririu,23.04
2015-10-22,iririu,114.24
2015-10-23,iririu,0.2
2015-10-24,iririu,0.0
2015-10-25,iririu,5.95
2015-10-26,iririu,9.91
2015-10-27,iririu,0.6000000000000001
2015-10-28,iririu,16.41
2015-10-29,iririu,8.3
2015-10-30,iririu,0.4
2015-10-31,iririu,12.85
2015-11-01,iririu,14.25
2015-11-02,iririu,42.6
2015-11-03,iririu,4.95
2015-11-04,iririu,59.59
2015-11-05,iririu,21.14
2015-11-06,iririu,9.540000000000001
2015-11-07,iririu,1.6
2015-11-08,iririu,21.28
2015-11-09,iririu,0.8
2015-11-10,iririu,0.0
2015-11-11,iririu,0.0
2015-11-12,iririu,0.4
2015-11-13,iririu,1.77
2015-11-14,iririu,3.15
2015-11-15,iririu,0.8
2015-11-16,iririu,1.4000000000000001
2015-11-17,iririu,7.5
2015-11-18,iririu,20.82
2015-11-19,iririu,41.23
2015-11-20,iririu,0.4
2015-11-21,iririu,0.4
2015-11-22,iririu,6.510000000000001
2015-11-23,iririu,21.5
2015-11-24,iririu,4.79
2015-11-25,iririu,22.26
2015-11-26,iririu,3.39
2015-11-27,iririu,6.890000000000001
2015-11-28,iririu,2.58
2015-11-29,iririu,8.08
2015-11-30,iririu,6.54
2015-12-01,iririu,0.2
2015-12-02,iririu,9.08
2015-12-03,iririu,9.92
2015-12-04,iririu,14.979999999999999
2015-12-05,iririu,2.18
2015-12-06,iririu,23.29
2015-12-07,iririu,1.2000000000000002
2015-12-08,iririu,4.19
2015-12-09,iririu,0.0
2015-12-10,iririu,22.51
2015-12-11,iririu,0.0
2015-12-12,iririu,1.4000000000000001
2015-12-13,iririu,1.37
2015-12-14,iririu,8.79
2015-12-15,iririu,0.2
2015-12-16,iririu,0.2
2015-12-17,iririu,0.4
2015-12-18,iririu,1.19
2015-12-19,iririu,22.74
2015-12-20,iririu,43.36
2015-12-21,iririu,21.73
2015-12-22,iririu,0.0
2015-12-23,iririu,0.99
2015-12-24,iririu,31.62
2015-12-25,iririu,10.620000000000001
2015-12-26,iririu,4.53
2015-12-27,iririu,17.13
2015-12-28,iririu,37.76
2015-12-29,iririu,4.15
2015-12-30,iririu,0.2
2015-12-31,iririu,0.5900000000000001
2016-01-01,iririu,8.89
2016-01-02,iririu,10.08
2016-01-03,iririu,5.53
2016-01-04,iririu,1.9900000000000002
2016-01-05,iririu,1.0
2016-01-06,iririu,0.5900000000000001
2016-01-07,iririu,0.0
2016-01-08,iririu,0.99
2016-01-09,iririu,41.01
2016-01-10,iririu,39.84
2016-01-11,iririu,20.29
2016-01-12,iririu,0.0
2016-01-13,iririu,0.0
2016-01-14,iririu,0.39
2016-01-15,iririu,0.0
2016-01-16,iririu,7.859999999999999
2016-01-17,iririu,0.0
2016-01-18,iririu,0.0
2016-01-19,iririu,0.0
2016-01-20,iririu,0.0
2016-01-21,iririu,1.0
2016-01-22,iririu,1.9900000000000002
2016-01-23,iririu,0.0
2016-01-24,iririu,0.0
2016-01-25,iririu,8.530000000000001
2016-01-26,iririu,15.75
2016-01-27,iririu,3.38
2016-01-28,iririu,31.71
2016-01-29,iririu,0.4
2016-01-30,iririu,0.0
2016-01-31,iririu,0.0
2016-02-01,iririu,23.61
2016-02-02,iririu,16.96
2016-02-03,iririu,13.83
2016-02-04,iririu,1.59
2016-02-05,iririu,50.61
2016-02-06,iririu,0.0
2016-02-07,iririu,1.79
2016-02-08,iririu,0.6000000000000001
2016-02-09,iririu,0.0
2016-02-10,iririu,0.79
2016-02-11,iririu,0.0
2016-02-12,iririu,0.0
2016-02-13,iririu,0.0
2016-02-14,iririu,0.4
2016-02-15,iririu,0.4
2016-02-16,iririu,23.45
2016-02-17,iririu,0.4
2016-02-18,iririu,0.0
2016-02-19,iririu,0.0
2016-02-20,iririu,6.3100000000000005
2016-02-21,iririu,7.2700000000000005
2016-02-22,iririu,46.49
2016-02-23,iririu,17.37
2016-02-24,iririu,0.0
2016-02-25,iririu,44.52
2016-02-26,iririu,0.0
2016-02-27,iririu,5.9
2016-02-28,iririu,43.7
2016-02-29,iririu,0.0
2016-03-01,iririu,0.0
2016-03-02,iririu,15.22
2016-03-03,iririu,13.82
2016-03-04,iririu,5.32
2016-03-05,iririu,31.09
2016-03-06,iririu,2.16
2016-03-07,iririu,10.08
2016-03-08,iririu,0.2
2016-03-09,iririu,9.85
2016-03-10,iririu,3.56
2016-03-11,iririu,5.71
2016-03-12,iririu,0.0
2016-03-13,iririu,0.0
2016-03-14,iririu,1.6
2016-03-15,iririu,0.0
2016-03-16,iririu,0.0
2016-03-17,iririu,0.0
2016-03-18,iririu,0.0
2016-03-19,iririu,2.2
2016-03-20,iririu,1.1800000000000002
2016-03-21,iririu,4.53
2016-03-22,iririu,0.2
2016-03-23,iririu,1.77
2016-03-24,iririu,16.34
2016-03-25,iririu,26.88
2016-03-26,iririu,0.0
2016-03-27,iririu,0.0
2016-03-28,iririu,0.0
2016-03-29,iririu,0.2
2016-03-30,iririu,1.4000000000000001
2016-03-31,iririu,1.0
2016-04-01,iririu,0.0
2016-04-02,iririu,0.0
2016-04-03,iririu,0.99
2016-04-04,iririu,0.0
2016-04-05,iririu,0.0
2016-04-06,iririu,0.0
2016-04-07,iririu,0.0
2016-04-08,iririu,2.1700000000000004
2016-04-09,iririu,2.5700000000000003
2016-04-10,iririu,26.39
2016-04-11,iririu,1.99
2016-04-12,iririu,49.52
2016-04-13,iririu,1.19
2016-04-14,iririu,1.38
2016-04-15,iririu,0.0
2016-04-16,iririu,0.0
2016-04-17,iririu,0.0
2016-04-18,iririu,0.0
2016-04-19,iririu,0.0
2016-04-20,iririu,0.0
2016-04-21,iririu,0.0
2016-04-22,iririu,2.6
2016-04-23,iririu,0.2
2016-04-24,iririu,0.0
2016-04-25,iririu,1.38
2016-04-26,iririu,22.060000000000002
2016-04-27,iririu,3.17
2016-04-28,iririu,0.0
2016-04-29,iririu,0.0
2016-04-30,iririu,0.0
2016-05-01,iririu,0.0
2016-05-02,iririu,0.0
2016-05-03,iririu,0.0
2016-05-04,iririu,0.0
2016-05-05,iririu,0.0
2016-05-06,iririu,4.73
2016-05-07,iririu,0.2
2016-05-08,iririu,2.1799999999999997
2016-05-09,iririu,1.0
2016-05-10,iririu,1.59
2016-05-11,iririu,0.0
2016-05-12,iririu,0.2
2016-05-13,iririu,0.2
2016-05-14,iririu,2.7800000000000002
2016-05-15,iririu,14.95
2016-05-16,iririu,0.2
2016-05-17,iririu,0.0
2016-05-18,iririu,0.0
2016-05-19,iririu,0.0
2016-05-20,iririu,41.88
2016-05-21,iririu,4.16
2016-05-22,iririu,40.35
2016-05-23,iririu,0.2
2016-05-24,iririu,2.96
2016-05-25,iririu,0.8
2016-05-26,iririu,0.6000000000000001
2016-05-27,iririu,23.1
2016-05-28,iririu,7.13
2016-05-29,iririu,4.2
2016-05-30,iririu,0.2
2016-05-31,iririu,0.4
2016-06-01,iririu,11.83
2016-06-02,iririu,0.0
2016-06-03,iririu,0.0
2016-06-04,iririu,0.2
2016-06-05,iririu,2.4000000000000004
2016-06-06,iririu,5.180000000000001
2016-06-07,iririu,0.0
2016-06-08,iririu,0.0
2016-06-09,iririu,0.0
2016-06-10,iririu,0.0
2016-06-11,iririu,0.0
2016-06-12,iririu,0.0
2016-06-13,iririu,0.0
2016-06-14,iririu,0.0
2016-06-15,iririu,0.0
2016-06-16,iririu,0.0
2016-06-17,iririu,4.35
2016-06-18,iririu,9.85
2016-06-19,iririu,1.8
2016-06-20,iririu,4.34
2016-06-21,iririu,15.5
2016-06-22,iririu,13.59
2016-06-23,iririu,0.0
2016-06-24,iririu,0.0
2016-06-25,iririu,0.0
2016-06-26,iririu,0.0
2016-06-27,iririu,0.0
2016-06-28,iririu,0.0
2016-06-29,iririu,0.0
2016-06-30,iririu,0.2
2016-07-02,iririu,0.0
2016-07-03,iririu,0.0
2016-07-04,iririu,0.0
2016-07-05,iririu,0.0
2016-07-06,iririu,0.0
2016-07-07,iririu,0.0
2016-07-08,iririu,0.0
2016-07-09,iririu,0.0
2016-07-10,iririu,0.0
2016-07-11,iririu,0.2
2016-07-12,iririu,4.72
2016-07-13,iririu,5.33
2016-07-14,iririu,0.0
2016-07-15,iririu,24.98
2016-07-16,iririu,56.09
2016-07-17,iririu,0.0
2016-07-18,iririu,0.0
2016-07-19,iririu,0.0
2016-07-20,iririu,0.2
2016-07-21,iririu,0.0
2016-07-22,iririu,0.0
2016-07-23,iririu,0.0
2016-07-24,iririu,0.0
2016-07-25,iririu,0.0
2016-07-26,iririu,0.0
2016-07-27,iririu,0.0
2016-07-28,iririu,0.8
2016-07-29,iririu,0.8
2016-07-30,iririu,0.0
2016-07-31,iririu,0.0
2016-08-01,iririu,0.0
2016-08-02,iririu,1.6
2016-08-03,iririu,9.68
2016-08-04,iririu,1.0
2016-08-05,iririu,0.0
2016-08-06,iririu,0.0
2016-08-07,iririu,1.6
2016-08-08,iririu,18.35
2016-08-09,iririu,1.8
2016-08-10,iririu,0.0
2016-08-11,iririu,0.0
2016-08-12,iririu,0.0
2016-08-13,iririu,0.0
2016-08-14,iririu,0.0
2016-08-15,iririu,1.8
2016-08-16,iririu,0.6000000000000001
2016-08-17,iririu,0.2
2016-08-18,iririu,0.2
2016-08-19,iririu,0.2
2016-08-20,iririu,0.4
2016-08-21,iririu,0.2
2016-08-22,iririu,0.2
2016-08-23,iririu,6.99
2016-08-24,iririu,13.200000000000001
2016-08-25,iririu,3.8000000000000003
2016-08-26,iririu,2.6
2016-08-27,iririu,1.8
2016-08-28,iririu,0.6000000000000001
2016-08-29,iririu,0.6000000000000001
2016-08-30,iririu,0.2
2016-08-31,iririu,0.2
2016-09-01,iririu,0.4
2016-09-02,iririu,0.2
2016-09-03,iririu,0.2
2016-09-04,iririu,0.2
2016-09-05,iririu,1.0
2016-09-06,iririu,5.4
2016-09-07,iririu,10.4
2016-09-08,iririu,13.0
2016-09-09,iririu,10.0
2016-09-10,iririu,4.800000000000001
2016-09-11,iririu,0.6000000000000001
2016-09-12,iririu,0.6000000000000001
2016-09-13,iririu,0.2
2016-09-14,iririu,0.0
2016-09-15,iririu,0.0
2016-09-16,iririu,0.0
2016-09-17,iririu,0.0
2016-09-18,iririu,1.19
2016-09-19,iririu,0.0
2016-09-20,iririu,0.0
2016-09-21,iririu,0.2
2016-09-22,iririu,0.2
2016-09-23,iririu,0.0
2016-09-24,iririu,1.6
2016-09-25,iririu,1.0
2016-09-26,iririu,0.0
2016-09-27,iririu,0.0
2016-09-28,iririu,0.0
2016-09-29,iririu,0.0
2016-09-30,iririu,1.8
2016-10-01,iririu,5.6000000000000005
2016-10-02,iririu,4.6000000000000005
2016-10-03,iririu,0.4
2016-10-04,iririu,0.0
2016-10-05,iririu,0.2
2016-10-06,iririu,0.2
2016-10-07,iririu,0.2
2016-10-08,iririu,0.2
2016-10-09,iririu,0.2
2016-10-10,iririu,0.4
2016-10-11,iririu,0.2
2016-10-12,iririu,5.6000000000000005
2016-10-13,iririu,3.0
2016-10-14,iririu,1.2000000000000002
2016-10-15,iririu,1.2000000000000002
2016-10-16,iririu,0.4
2016-10-17,iririu,4.800000000000001
2016-10-18,iririu,9.0
2016-10-19,iririu,9.200000000000001
2016-10-20,iririu,25.78
2016-10-21,iririu,0.4
2016-10-22,iririu,0.4
2016-10-23,iririu,2.2
2016-10-24,iririu,3.6
2016-10-25,iririu,9.0
2016-10-26,iririu,60.379999999999995
2016-10-27,iririu,7.67
2016-10-28,iririu,0.0
2016-10-29,iririu,0.0
2016-10-30,iririu,0.0
2016-10-31,iririu,0.0
2016-11-01,iririu,0.0
2016-11-02,iririu,0.0
2016-11-03,iririu,0.2
2016-11-04,iririu,0.0
2016-11-05,iririu,0.0
2016-11-06,iririu,0.0
2016-11-07,iririu,0.0
2016-11-08,iririu,0.0
2016-11-09,iririu,0.0
2016-11-10,iririu,0.0
2016-11-11,iririu,0.0
2016-11-12,iririu,0.0
2016-11-13,iririu,0.0
2016-11-14,iririu,0.0
2016-11-15,iririu,0.0
2016-11-16,iririu,0.0
2016-11-17,iririu,0.0
2016-11-18,iririu,0.0
2016-11-19,iririu,0.0
2016-11-20,iririu,0.0
2016-11-21,iririu,0.0
2016-11-22,iririu,0.8
2016-11-23,iririu,1.8
2016-11-24,iririu,1.0
2016-11-25,iririu,1.6
2016-11-26,iririu,0.6000000000000001
2016-11-27,iririu,0.6000000000000001
2016-11-28,iririu,1.2000000000000002
2016-11-29,iririu,0.2
2016-11-30,iririu,0.4
2016-12-01,iririu,0.4
2016-12-02,iririu,0.4
2016-12-03,iririu,0.4
2016-12-04,iririu,0.4
2016-12-05,iririu,0.0
2016-12-06,iririu,0.0
2016-12-07,iririu,0.0
2016-12-08,iririu,0.2
2016-12-09,iririu,0.0
2016-12-10,iririu,0.2
2016-12-11,iririu,0.2
2016-12-12,iririu,0.0
2016-12-13,iririu,0.0
2016-12-14,iririu,0.2
2016-12-15,iririu,0.0
2016-12-16,iririu,0.2
2016-12-17,iririu,0.0
2016-12-18,iririu,0.2
2016-12-19,iririu,0.0
2016-12-20,iririu,0.2
2016-12-21,iririu,0.0
2016-12-22,iririu,0.2
2016-12-23,iririu,0.0
2016-12-24,iririu,0.2
2016-12-25,iririu,0.0
2016-12-26,iririu,0.2
2016-12-27,iririu,0.0
2016-12-28,iririu,0.2
2016-12-29,iririu,0.0
2016-12-30,iririu,0.0
2016-12-31,iririu,0.2
2017-01-01,iririu,0.0
2017-01-02,iririu,0.2
2017-01-03,iririu,0.0
2017-01-04,iririu,0.2
2017-01-05,iririu,0.0
2017-01-06,iririu,0.2
2017-01-07,iririu,0.0
2017-01-08,iririu,0.2
2017-01-09,iririu,0.0
2017-01-10,iririu,0.0
2017-01-11,iririu,0.2
2017-01-12,iririu,0.0
2017-01-13,iririu,0.0
2017-01-14,iririu,0.0
2017-01-15,iririu,0.0
2017-01-16,iririu,0.0
2017-01-17,iririu,0.2
2017-01-18,iririu,0.0
2017-01-19,iririu,0.2
2017-01-20,iririu,0.0
2017-01-21,iririu,0.0
2017-01-22,iririu,0.2
2017-01-23,iririu,0.0
2017-01-24,iririu,0.2
2017-01-25,iririu,0.0
2017-01-26,iririu,0.2
2017-01-27,iririu,0.2
2017-01-28,iririu,0.0
2017-01-29,iririu,0.2
2017-01-30,iririu,0.2
2017-01-31,iririu,0.0
2017-02-01,iririu,0.2
2017-02-02,iririu,0.0
2017-02-03,iririu,0.2
2017-02-04,iririu,0.0
2017-02-05,iririu,0.2
2017-02-06,iririu,0.2
2017-02-07,iririu,0.0
2017-02-08,iririu,0.2
2017-02-09,iririu,0.0
2017-02-10,iririu,0.2
2017-02-11,iririu,0.0
2017-02-12,iririu,0.2
2017-02-13,iririu,0.2
2017-02-14,iririu,0.0
2017-02-15,iririu,0.2
2017-02-16,iririu,0.0
2017-02-17,iririu,0.2
2017-02-18,iririu,0.0
2017-02-19,iririu,0.0
2017-02-20,iririu,0.2
2017-02-21,iririu,0.0
2017-02-22,iririu,0.0
2017-02-23,iririu,0.0
2017-02-24,iririu,0.2
2017-02-25,iririu,0.2
2017-02-26,iririu,0.0
2017-02-27,iririu,0.2
2017-02-28,iririu,0.0
2017-03-01,iririu,0.0
2017-03-02,iririu,0.2
2017-03-03,iririu,0.0
2017-03-04,iririu,0.2
2017-03-05,iririu,0.0
2017-03-06,iririu,0.2
2017-03-07,iririu,0.0
2017-03-08,iririu,0.2
2017-03-09,iririu,0.0
2017-03-10,iririu,0.2
2017-03-11,iririu,0.0
2017-03-12,iririu,0.0
2017-03-13,iririu,0.2
2017-03-14,iririu,0.0
2017-03-15,iririu,0.0
2017-03-16,iririu,0.2
2017-03-17,iririu,0.0
2017-03-18,iririu,0.2
2017-03-19,iririu,0.0
2017-03-20,iririu,0.0
2017-03-21,iririu,0.2
2017-03-22,iririu,0.0
2017-03-23,iririu,0.2
2017-03-24,iririu,0.6000000000000001
2017-03-25,iririu,0.0
2017-03-26,iririu,0.2
2017-03-27,iririu,0.2
2017-03-28,iririu,0.2
2017-03-29,iririu,0.0
2017-03-30,iririu,0.2
2017-03-31,iririu,0.0
2017-04-01,iririu,0.0
2017-04-02,iririu,0.2
2017-04-03,iririu,0.0
2017-04-04,iririu,0.0
2017-04-05,iririu,0.0
2017-04-06,iririu,0.2
2017-04-07,iririu,0.0
2017-04-08,iririu,0.0
2017-04-09,iririu,0.2
2017-04-10,iririu,0.0
2017-04-11,iririu,0.0
2017-04-12,iririu,0.0
2017-04-13,iririu,0.2
2017-04-14,iririu,0.0
2017-04-15,iririu,0.0
2017-04-16,iririu,0.0
2017-04-17,iririu,0.2
2017-04-18,iririu,0.0
2017-04-19,iririu,0.0
2017-04-20,iririu,0.2
2017-04-21,iririu,0.0
2017-04-22,iririu,0.0
2017-04-23,iririu,0.0
2017-04-24,iririu,0.0
2017-04-25,iririu,0.2
2017-04-26,iririu,0.0
2017-04-27,iririu,0.0
2017-04-28,iririu,0.0
2017-04-29,iririu,0.0
2017-04-30,iririu,0.0
2017-05-01,iririu,0.0
2017-05-02,iririu,0.0
2017-05-03,iririu,0.0
2017-05-04,iririu,0.2
2017-05-05,iririu,0.0
2017-05-06,iririu,0.0
2017-05-07,iririu,0.0
2017-05-08,iririu,0.0
2017-05-09,iririu,0.0
2017-05-10,iririu,0.0
2017-05-11,iririu,0.2
2017-05-12,iririu,0.0
2017-05-13,iririu,0.0
2017-05-14,iririu,0.0
2017-05-15,iririu,0.0
2017-05-16,iririu,0.0
2017-05-17,iririu,0.0
2017-05-18,iririu,0.2
2017-05-19,iririu,0.0
2017-05-20,iririu,0.2
2017-05-21,iririu,0.0
2017-05-22,iririu,0.0
2017-05-23,iririu,0.2
2017-05-24,iririu,0.0
2017-05-25,iririu,0.2
2017-05-26,iririu,0.0
2017-05-27,iririu,0.2
2017-05-28,iririu,0.0
2017-05-29,iririu,0.2
2017-05-30,iririu,0.0
2017-05-31,iririu,0.0
2017-06-01,iririu,0.2
2017-06-02,iririu,0.0
2017-06-03,iririu,0.0
2017-06-04,iririu,0.2
2017-06-05,iririu,0.0
2017-06-06,iririu,0.0
2017-06-07,iririu,0.2
2017-06-08,iririu,0.0
2017-06-09,iririu,0.0
2017-06-10,iririu,0.0
2017-06-11,iririu,0.0
2017-06-12,iririu,0.0
2017-06-13,iririu,0.2
2017-06-14,iririu,0.0
2017-06-15,iririu,0.0
2017-06-16,iririu,0.0
2017-06-17,iririu,0.0
2017-06-18,iririu,0.0
2017-06-19,iririu,0.0
2017-06-20,iririu,0.2
2017-06-21,iririu,0.0
2017-06-22,iririu,0.0
2017-06-23,iririu,0.2
2017-06-24,iririu,0.0
2017-06-25,iririu,0.0
2017-06-26,iririu,0.0
2017-06-27,iririu,0.2
2017-06-28,iririu,0.0
2017-06-29,iririu,0.0
2017-06-30,iririu,0.0
2017-07-01,iririu,0.0
2017-07-02,iririu,0.0
2017-07-03,iririu,0.2
2017-07-04,iririu,0.0
2017-07-05,iririu,0.0
2017-07-06,iririu,0.0
2017-07-07,iririu,0.0
2017-07-08,iririu,0.0
2017-07-09,iririu,0.0
2017-07-10,iririu,0.2
2017-07-11,iririu,0.0
2017-07-12,iririu,0.0
2017-07-13,iririu,0.0
2017-07-14,iririu,0.0
2017-07-15,iririu,0.0
2017-07-16,iririu,0.2
2017-07-17,iririu,0.0
2017-07-18,iririu,0.0
2017-07-19,iririu,0.0
2017-07-20,iririu,0.0
2017-07-21,iririu,0.0
2017-07-22,iririu,0.0
2017-07-23,iririu,0.0
2017-07-24,iririu,0.0
2017-07-25,iririu,0.0
2017-07-26,iririu,0.0
2017-07-27,iririu,0.0
2017-07-28,iririu,0.0
2017-07-29,iririu,0.0
2017-07-30,iririu,0.0
2017-07-31,iririu,0.0
2017-08-01,iririu,0.0
2017-08-02,iririu,5.73
2017-08-03,iririu,0.6000000000000001
2017-08-04,iririu,0.0
2017-08-05,iririu,0.0
2017-08-06,iririu,0.0
2017-08-07,iririu,0.0
2017-08-08,iririu,0.2
2017-08-09,iririu,0.0
2017-08-10,iririu,0.0
2017-08-11,iririu,0.0
2017-08-12,iririu,0.0
2017-08-13,iririu,0.0
2017-08-14,iririu,0.2
2017-08-15,iririu,0.0
2017-08-16,iririu,0.0
2017-08-17,iririu,0.0
2017-08-18,iririu,0.0
2017-08-19,iririu,0.0
2017-08-20,iririu,0.2
2017-08-21,iririu,0.0
2017-08-22,iririu,0.0
2017-08-23,iririu,0.0
2017-08-24,iririu,0.0
2017-08-25,iririu,0.2
2017-08-26,iririu,0.0
2017-08-27,iririu,0.0
2017-08-28,iririu,0.0
2017-08-29,iririu,0.0
2017-08-30,iririu,0.0
2017-08-31,iririu,0.0
2017-09-01,iririu,0.0
2017-09-02,iririu,0.0
2017-09-03,iririu,0.0
2017-09-04,iririu,0.0
2017-09-05,iririu,0.0
2017-09-06,iririu,0.0
2017-09-07,iririu,0.0
2017-09-08,iririu,0.0
2017-09-09,iririu,0.0
2017-09-10,iririu,0.0
2017-09-11,iririu,0.0
2017-09-12,iririu,0.0
2017-09-13,iririu,0.0
2017-09-14,iririu,0.0
2017-09-15,iririu,0.2
2017-09-16,iririu,0.0
2017-09-17,iririu,1.2000000000000002
2017-09-18,iririu,0.0
2017-09-19,iririu,0.0
2017-09-20,iririu,0.0
2017-09-21,iririu,0.0
2017-09-22,iririu,0.0
2017-09-23,iririu,0.0
2017-09-24,iririu,3.9800000000000004
2017-09-25,iririu,1.78
2017-09-26,iririu,0.0
2017-09-27,iririu,0.0
2017-09-28,iririu,8.280000000000001
2017-09-29,iririu,66.53
2017-09-30,iririu,73.33
2017-10-01,iririu,1.0
2017-10-02,iririu,0.6000000000000001
2017-10-03,iririu,0.2
2017-10-04,iririu,0.0
2017-10-05,iririu,0.0
2017-10-06,iririu,34.63
2017-10-07,iririu,44.06
2017-10-08,iririu,37.21
2017-10-09,iririu,1.0
2017-10-10,iririu,1.19
2017-10-11,iririu,1.37
2017-10-12,iririu,1.19
2017-10-13,iririu,16.52
2017-10-14,iririu,3.1900000000000004
2017-10-15,iririu,9.32
2017-10-16,iririu,0.2
2017-10-17,iririu,0.2
2017-10-18,iririu,0.0
2017-10-19,iririu,4.13
2017-10-20,iririu,0.0
2017-10-21,iririu,6.37
2017-10-22,iririu,1.6
2017-10-23,iririu,0.2
2017-10-24,iririu,0.0
2017-10-25,iririu,15.65
2017-10-26,iririu,3.6
2017-10-27,iririu,1.58
2017-10-28,iririu,0.0
2017-10-29,iririu,1.9900000000000002
2017-10-30,iririu,2.7800000000000002
2017-10-31,iririu,0.0
2017-11-01,iririu,0.0
2017-11-02,iririu,0.0
2017-11-03,iririu,0.0
2017-11-04,iririu,14.18
2017-11-05,iririu,0.6000000000000001
2017-11-06,iririu,0.79
2017-11-07,iririu,1.3800000000000001
2017-11-08,iririu,7.94
2017-11-09,iririu,1.8
2017-11-10,iririu,34.19
2017-11-11,iririu,0.2
2017-11-12,iririu,0.0
2017-11-13,iririu,0.0
2017-11-14,iririu,0.0
2017-11-15,iririu,0.0
2017-11-16,iririu,4.140000000000001
2017-11-17,iririu,7.4799999999999995
2017-11-18,iririu,30.45
2017-11-19,iririu,0.6000000000000001
2017-11-20,iririu,2.0
2017-11-21,iririu,5.140000000000001
2017-11-22,iririu,1.0
2017-11-23,iririu,0.0
2017-11-24,iririu,0.0
2017-11-25,iririu,6.31
2017-11-26,iririu,0.0
2017-11-27,iririu,0.0
2017-11-28,iririu,0.0
2017-11-29,iririu,0.0
2017-11-30,iririu,0.0
2017-12-01,iririu,6.3100000000000005
2017-12-02,iririu,0.0
2017-12-03,iririu,2.58
2017-12-04,iririu,1.97
2017-12-05,iririu,0.0
2017-12-06,iririu,0.4
2017-12-07,iririu,1.0
2017-12-08,iririu,0.2
2017-12-09,iririu,0.0
2017-12-10,iririu,0.0
2017-12-11,iririu,0.0
2017-12-12,iririu,0.0
2017-12-13,iririu,0.0
2017-12-14,iririu,0.0
2017-12-15,iririu,0.0
2017-12-16,iririu,0.0
2017-12-17,iririu,27.14
2017-12-18,iririu,2.79
2017-12-19,iririu,8.72
2017-12-20,iririu,18.15
2017-12-21,iririu,12.02
2017-12-22,iririu,0.0
2017-12-23,iririu,3.3800000000000003
2017-12-24,iririu,112.26
2017-12-25,iririu,7.3500000000000005
2017-12-26,iririu,1.4000000000000001
2017-12-27,iririu,0.0
2017-12-28,iririu,2.4000000000000004
2017-12-29,iririu,43.03
2017-12-30,iririu,1.8
2017-12-31,iririu,2.39
2018-01-01,iririu,9.280000000000001
2018-01-02,iririu,0.0
2018-01-03,iririu,13.38
2018-01-04,iririu,0.0
2018-01-05,iririu,0.0
2018-01-06,iririu,0.0
2018-01-07,iririu,0.2
2018-01-08,iririu,0.0
2018-01-09,iririu,7.720000000000001
2018-01-10,iririu,13.84
2018-01-11,iririu,19.66
2018-01-12,iririu,14.9
2018-01-13,iririu,14.56
2018-01-14,iririu,14.77
2018-01-15,iririu,19.1
2018-01-16,iririu,37.870000000000005
2018-01-17,iririu,65.26
2018-01-18,iririu,3.9800000000000004
2018-01-19,iririu,7.3100000000000005
2018-01-20,iririu,3.58
2018-01-21,iririu,7.88
2018-01-22,iririu,26.01
2018-01-23,iririu,9.05
2018-01-24,iririu,14.16
2018-01-25,iririu,0.2
2018-01-26,iririu,12.040000000000001
2018-01-27,iririu,2.39
2018-01-28,iririu,11.42
2018-01-29,iririu,10.040000000000001
2018-01-30,iririu,3.36
2018-01-31,iririu,2.37
2018-02-01,iririu,1.3900000000000001
2018-02-02,iririu,0.0
2018-02-03,iririu,0.79
2018-02-04,iririu,0.0
2018-02-05,iririu,1.59
2018-02-06,iririu,0.0
2018-02-07,iririu,0.0
2018-02-08,iririu,0.0
2018-02-09,iririu,1.3800000000000001
2018-02-10,iririu,15.559999999999999
2018-02-11,iririu,16.53
2018-02-12,iririu,11.67
2018-02-13,iririu,4.38
2018-02-14,iririu,0.0
2018-02-15,iririu,8.85
2018-02-16,iririu,1.99
2018-02-17,iririu,0.2
2018-02-18,iririu,0.0
2018-02-19,iririu,5.52
2018-02-20,iririu,0.0
2018-02-21,iririu,16.54
2018-02-22,iririu,0.39
2018-02-23,iririu,0.2
2018-02-24,iririu,0.2
2018-02-25,iririu,0.2
2018-02-26,iririu,0.0
2018-02-27,iririu,13.38
2018-02-28,iririu,12.0
2018-03-01,iririu,0.0
2018-03-02,iririu,26.36
2018-03-03,iririu,4.140000000000001
2018-03-04,iririu,2.37
2018-03-05,iririu,20.07
2018-03-06,iririu,55.75
2018-03-07,iririu,1.3900000000000001
2018-03-08,iririu,0.0
2018-03-09,iririu,0.0
2018-03-10,iririu,0.0
2018-03-11,iririu,0.0
2018-03-12,iririu,0.0
2018-03-13,iririu,0.2
2018-03-14,iririu,21.65
2018-03-15,iririu,2.56
2018-03-16,iririu,1.8
2018-03-17,iririu,0.6000000000000001
2018-03-18,iririu,0.0
2018-03-19,iririu,2.57
2018-03-20,iririu,16.51
2018-03-21,iririu,1.4000000000000001
2018-03-22,iririu,0.0
2018-03-23,iririu,0.0
2018-03-24,iririu,0.2
2018-03-25,iririu,16.72
2018-03-26,iririu,34.28
2018-03-27,iririu,1.19
2018-03-28,iririu,0.99
2018-03-29,iririu,35.03
2018-03-30,iririu,15.379999999999999
2018-03-31,iririu,4.34
2018-04-01,iririu,0.0
2018-04-02,iririu,0.0
2018-04-03,iririu,8.28
2018-04-04,iririu,40.52
2018-04-05,iririu,0.5900000000000001
2018-04-06,iririu,0.0
2018-04-07,iririu,0.0
2018-04-08,iririu,0.0
2018-04-09,iririu,0.0
2018-04-10,iririu,0.0
2018-04-11,iririu,0.0
2018-04-12,iririu,0.0
2018-04-13,iririu,2.95
2018-04-14,iririu,2.7800000000000002
2018-04-15,iririu,6.9
2018-04-16,iririu,5.76
2018-04-17,iririu,7.68
2018-04-18,iririu,2.37
2018-04-19,iririu,0.0
2018-04-20,iririu,0.0
2018-04-21,iririu,0.0
2018-04-22,iririu,0.0
2018-04-23,iririu,0.0
2018-04-24,iririu,0.0
2018-04-25,iririu,0.0
2018-04-26,iririu,0.0
2018-04-27,iririu,0.0
2018-04-28,iririu,0.0
2018-04-29,iririu,0.0
2018-04-30,iririu,0.0
2018-05-01,iririu,2.0
2018-05-02,iririu,107.55
2018-05-03,iririu,0.0
2018-05-04,iririu,0.0
2018-05-05,iririu,0.0
2018-05-06,iririu,31.08
2018-05-07,iririu,30.220000000000002
2018-05-08,iririu,8.790000000000001
2018-05-09,iririu,0.2
2018-05-10,iririu,0.0
2018-05-11,iririu,0.0
2018-05-12,iririu,0.0
2018-05-13,iririu,0.0
2018-05-14,iririu,0.0
2018-05-15,iririu,1.6
2018-05-16,iririu,0.0
2018-05-17,iririu,0.0
2018-05-18,iririu,2.8000000000000003
2018-05-19,iririu,3.7800000000000002
2018-05-20,iririu,0.0
2018-05-21,iririu,0.0
2018-05-22,iririu,0.0
2018-05-23,iririu,0.0
2018-05-24,iririu,0.0
2018-05-25,iririu,0.0
2018-05-26,iririu,0.0
2018-05-27,iririu,0.2
2018-05-28,iririu,0.4
2018-05-29,iririu,1.2000000000000002
2018-05-30,iririu,0.0
2018-05-31,iririu,0.0
2018-06-01,iririu,0.0
2018-06-02,iririu,9.14
2018-06-03,iririu,2.0
2018-06-04,iririu,1.8
2018-06-05,iririu,3.0
2018-06-06,iririu,0.0
2018-06-07,iririu,7.510000000000001
2018-06-08,iririu,0.0
2018-06-09,iririu,0.0
2018-06-10,iririu,0.0
2018-06-11,iririu,0.0
2018-06-12,iririu,1.6
2018-06-13,iririu,0.0
2018-06-14,iririu,10.13
2018-06-15,iririu,7.4
2018-06-16,iririu,3.3800000000000003
2018-06-17,iririu,0.4
2018-06-18,iririu,1.6
2018-06-19,iririu,1.2000000000000002
2018-06-20,iririu,0.0
2018-06-21,iririu,0.0
2018-06-22,iririu,0.0
2018-06-23,iririu,0.0
2018-06-24,iririu,1.6
2018-06-25,iririu,0.0
2018-06-26,iririu,7.930000000000001
2018-06-27,iririu,23.3
2018-06-28,iririu,0.0
2018-06-29,iririu,0.0
2018-06-30,iririu,0.0
2018-07-01,iririu,0.0
2018-07-02,iririu,0.0
2018-07-03,iririu,1.4000000000000001
2018-07-04,iririu,3.6
2018-07-05,iririu,1.0
2018-07-06,iririu,0.2
2018-07-07,iririu,0.0
2018-07-08,iririu,0.8
2018-07-09,iririu,1.8
2018-07-10,iririu,0.4
2018-07-11,iririu,0.0
2018-07-12,iririu,0.0
2018-07-13,iririu,0.0
2018-07-14,iririu,0.0
2018-07-15,iririu,0.0
2018-07-16,iririu,0.0
2018-07-17,iririu,0.0
2018-07-18,iririu,0.0
2018-07-19,iririu,0.0
2018-07-20,iririu,0.0
2018-07-21,iririu,0.2
2018-07-22,iririu,0.6000000000000001
2018-07-23,iririu,0.0
2018-07-24,iririu,1.6
2018-07-25,iririu,1.0
2018-07-26,iririu,0.6000000000000001
2018-07-27,iririu,0.4
2018-07-28,iririu,0.6000000000000001
2018-07-29,iririu,0.4
2018-07-30,iririu,0.4
2018-07-31,iririu,0.4
2018-08-01,iririu,0.4
2018-08-02,iririu,1.4000000000000001
2018-08-03,iririu,7.800000000000001
2018-08-04,iririu,5.4
2018-08-05,iririu,8.8
2018-08-06,iririu,3.2
2018-08-07,iririu,3.6
2018-08-08,iririu,0.6000000000000001
2018-08-09,iririu,1.0
2018-08-10,iririu,0.0
2018-08-11,iririu,0.0
2018-08-12,iririu,0.0
2018-08-13,iririu,0.0
2018-08-14,iririu,0.0
2018-08-15,iririu,0.0
2018-08-16,iririu,0.0
2018-08-17,iririu,0.0
2018-08-18,iririu,0.0
2018-08-19,iririu,0.0
2018-08-20,iririu,0.4
2018-08-21,iririu,1.4000000000000001
2018-08-22,iririu,0.4
2018-08-23,iririu,0.4
2018-08-24,iririu,0.2
2018-08-25,iririu,0.2
2018-08-26,iririu,0.2
2018-08-27,iririu,0.2
2018-08-28,iririu,0.0
2018-08-29,iririu,0.2
2018-08-30,iririu,0.2
2018-08-31,iririu,0.2
2018-09-01,iririu,0.2
2018-09-02,iririu,0.2
2018-09-03,iririu,0.2
2018-09-04,iririu,0.2
2018-09-05,iririu,0.0
2018-09-06,iririu,0.2
2018-09-07,iririu,0.2
2018-09-08,iririu,0.2
2018-09-09,iririu,0.2
2018-09-10,iririu,0.2
2018-09-11,iririu,0.2
2018-09-12,iririu,0.2
2018-09-13,iririu,0.2
2018-09-14,iririu,0.2
2018-09-15,iririu,0.2
2018-09-16,iririu,0.4
2018-09-17,iririu,0.2
2018-09-18,iririu,0.2
2018-09-19,iririu,0.0
2018-09-20,iririu,0.2
2018-09-21,iririu,0.2
2018-09-22,iririu,0.2
2018-09-23,iririu,0.2
2018-09-24,iririu,0.0
2018-09-25,iririu,0.2
2018-09-26,iririu,0.0
2018-09-27,iririu,0.2
2018-09-28,iririu,0.2
2018-09-29,iririu,0.0
2018-09-30,iririu,0.2
2018-10-01,iririu,0.0
2018-10-02,iririu,0.2
2018-10-03,iririu,0.0
2018-10-04,iririu,0.2
2018-10-05,iririu,0.2
2018-10-06,iririu,0.0
2018-10-07,iririu,0.2
2018-10-08,iririu,0.2
2018-10-09,iririu,0.2
2018-10-10,iririu,0.0
2018-10-11,iririu,0.2
2018-10-12,iririu,0.2
2018-10-13,iririu,0.0
2018-10-14,iririu,0.2
2018-10-15,iririu,0.0
2018-10-16,iririu,0.2
2018-10-17,iririu,0.2
2018-10-18,iririu,0.0
2018-10-19,iririu,0.2
2018-10-20,iririu,0.0
2018-10-21,iririu,0.2
2018-10-22,iririu,0.0
2018-10-23,iririu,0.0
2018-10-24,iririu,0.2
2018-10-25,iririu,0.0
2018-10-26,iririu,0.2
2018-10-27,iririu,0.0
2018-10-28,iririu,0.0
2018-10-29,iririu,0.0
2018-10-30,iririu,0.2
2018-10-31,iririu,0.0
2018-11-01,iririu,0.2
2018-11-02,iririu,0.0
2018-11-03,iririu,0.2
2018-11-04,iririu,0.0
2018-11-05,iririu,0.0
2018-11-06,iririu,0.2
2018-11-07,iririu,0.0
2018-11-08,iririu,0.0
2018-11-09,iririu,0.2
2018-11-10,iririu,0.0
2018-11-11,iririu,0.2
2018-11-12,iririu,0.0
2018-11-13,iririu,0.2
2018-11-14,iririu,0.0
2018-11-15,iririu,0.0
2018-11-16,iririu,0.0
2018-11-17,iririu,0.0
2018-11-18,iririu,0.0
2018-11-19,iririu,0.0
2018-11-20,iririu,0.0
2018-11-21,iririu,0.0
2018-11-22,iririu,0.2
2018-11-23,iririu,0.0
2018-11-24,iririu,0.0
2018-11-25,iririu,0.0
2018-11-26,iririu,0.0
2018-11-27,iririu,0.0
2018-11-28,iririu,0.0
2018-11-29,iririu,0.0
2018-11-30,iririu,0.0
2018-12-01,iririu,0.2
2018-12-02,iririu,0.0
2018-12-03,iririu,0.0
2018-12-04,iririu,0.0
2018-12-05,iririu,0.0
2018-12-06,iririu,0.0
2018-12-07,iririu,0.0
2018-12-08,iririu,0.0
2018-12-09,iririu,0.0
2018-12-10,iririu,0.0
2018-12-11,iririu,0.0
2018-12-12,iririu,0.0
2018-12-13,iririu,0.0
2018-12-14,iririu,1.9900000000000002
2018-12-15,iririu,0.0
2018-12-16,iririu,0.0
2018-12-17,iririu,0.4
2018-12-18,iririu,17.11
2018-12-19,iririu,9.97
2018-12-20,iririu,3.0
2018-12-21,iririu,0.0
2018-12-22,iririu,0.0
2018-12-23,iririu,0.0
2018-12-24,iririu,0.0
2018-12-25,iririu,0.0
2018-12-26,iririu,0.0
2018-12-27,iririu,0.0
2018-12-28,iririu,0.2
2018-12-29,iririu,0.0
2018-12-30,iririu,0.2
2018-12-31,iririu,0.99
2019-01-01,iririu,0.8
2019-01-02,iririu,0.0
2019-01-03,iririu,0.0
2019-01-04,iririu,0.0
2019-01-05,iririu,2.18
2019-01-06,iririu,0.2
2019-01-07,iririu,0.4
2019-01-08,iririu,0.98
2019-01-09,iririu,1.62
2019-01-10,iririu,2.21
2019-01-11,iririu,2.5700000000000003
2019-01-12,iririu,11.0
2019-01-13,iririu,47.87
2019-01-14,iririu,37.53
2019-01-15,iririu,9.88
2019-01-16,iririu,12.13
2019-01-17,iririu,1.5899999999999999
2019-01-18,iririu,1.4000000000000001
2019-01-19,iririu,31.970000000000002
2019-01-20,iririu,18.11
2019-01-21,iririu,13.780000000000001
2019-01-22,iririu,0.0
2019-01-23,iririu,0.0
2019-01-24,iririu,2.19
2019-01-25,iririu,9.86
2019-01-26,iririu,0.2
2019-01-27,iririu,18.48
2019-01-28,iririu,0.0
2019-01-29,iririu,0.0
2019-01-30,iririu,0.0
2019-01-31,iririu,0.0
2019-02-01,iririu,4.33
2019-02-02,iririu,6.69
2019-02-03,iririu,21.830000000000002
2019-02-04,iririu,7.11
2019-02-05,iririu,1.8
2019-02-06,iririu,2.16
2019-02-07,iririu,0.0
2019-02-08,iririu,0.0
2019-02-09,iririu,0.0
2019-02-10,iririu,0.0
2019-02-11,iririu,14.95
2019-02-12,iririu,0.0
2019-02-13,iririu,0.4
2019-02-14,iririu,0.0
2019-02-15,iririu,36.93
2019-02-16,iririu,42.7
2019-02-17,iririu,108.83
2019-02-18,iririu,0.0
2019-02-19,iririu,3.54
2019-02-20,iririu,18.47
2019-02-21,iririu,7.49
2019-02-22,iririu,0.0
2019-02-23,iririu,7.87
2019-02-24,iririu,0.0
2019-02-25,iririu,16.75
2019-02-26,iririu,1.0
2019-02-27,iririu,32.230000000000004
2019-02-28,iririu,3.39
2019-03-01,iririu,0.0
2019-03-02,iririu,0.0
2019-03-03,iririu,0.0
2019-03-04,iririu,0.0
2019-03-05,iririu,0.0
2019-03-06,iririu,5.33
2019-03-07,iririu,1.3900000000000001
2019-03-08,iririu,0.0
2019-03-09,iririu,13.19
2019-03-10,iririu,17.5
2019-03-11,iririu,1.0
2019-03-12,iririu,0.4
2019-03-13,iririu,14.97
2019-03-14,iririu,22.17
2019-03-15,iririu,61.98
2019-03-16,iririu,14.99
2019-03-17,iririu,0.2
2019-03-18,iririu,0.4
2019-03-19,iririu,1.19
2019-03-20,iririu,3.74
2019-03-21,iririu,2.8000000000000003
2019-03-22,iririu,12.440000000000001
2019-03-23,iririu,0.2
2019-03-24,iririu,0.0
2019-03-25,iririu,0.4
2019-03-26,iririu,8.31
2019-03-27,iririu,11.030000000000001
2019-03-28,iririu,9.700000000000001
2019-03-29,iririu,12.0
2019-03-30,iririu,0.0
2019-03-31,iririu,0.0
2019-04-01,iririu,0.0
2019-04-02,iririu,0.0
2019-04-03,iririu,0.0
2019-04-04,iririu,0.0
2019-04-05,iririu,3.7499999999999996
2019-04-06,iririu,15.54
2019-04-07,iririu,51.27
2019-04-08,iririu,0.6000000000000001
2019-04-09,iririu,0.0
2019-04-10,iririu,0.2
2019-04-11,iririu,0.0
2019-04-12,iririu,0.0
2019-04-13,iririu,0.0
2019-04-14,iririu,0.0
2019-04-15,iririu,0.0
2019-04-16,iririu,5.12
2019-04-17,iririu,0.0
2019-04-18,iririu,0.0
2019-04-19,iririu,0.0
2019-04-20,iririu,0.0
2019-04-21,iririu,8.48
2019-04-22,iririu,49.79
2019-04-23,iririu,11.56
2019-04-24,iririu,43.81
2019-04-25,iririu,0.0
2019-04-26,iririu,0.0
2019-04-27,iririu,7.5
2019-04-28,iririu,3.6
2019-04-29,iririu,1.2000000000000002
2019-04-30,iririu,0.0
2019-05-01,iririu,3.92
2019-05-02,iririu,5.91
2019-05-03,iririu,0.0
2019-05-04,iririu,0.0
2019-05-05,iririu,0.0
2019-05-06,iririu,2.76
2019-05-07,iririu,1.4000000000000001
2019-05-08,iririu,0.0
2019-05-09,iririu,1.2000000000000002
2019-05-10,iririu,0.2
2019-05-11,iririu,10.24
2019-05-12,iririu,1.8
2019-05-13,iririu,2.6
2019-05-14,iririu,0.4
2019-05-15,iririu,5.7700000000000005
2019-05-16,iririu,15.58
2019-05-17,iririu,4.6000000000000005
2019-05-18,iririu,4.4
2019-05-19,iririu,11.8
2019-05-20,iririu,1.2000000000000002
2019-05-21,iririu,0.0
2019-05-22,iririu,0.2
2019-05-23,iririu,15.540000000000001
2019-05-24,iririu,18.02
2019-05-25,iririu,0.0
2019-05-26,iririu,0.0
2019-05-27,iririu,0.0
2019-05-28,iririu,10.43
2019-05-29,iririu,3.5300000000000002
2019-05-30,iririu,64.07000000000001
2019-05-31,iririu,51.1
2019-06-01,iririu,12.41
2019-06-02,iririu,18.92
2019-06-03,iririu,15.950000000000001
2019-06-04,iririu,0.0
2019-06-05,iririu,0.2
2019-06-06,iririu,2.96
2019-06-07,iririu,0.2
2019-06-08,iririu,0.0
2019-06-09,iririu,0.0
2019-06-10,iririu,0.0
2019-06-11,iririu,0.0
2019-06-12,iririu,0.0
2019-06-13,iririu,0.0
2019-06-14,iririu,0.0
2019-06-15,iririu,0.0
2019-06-16,iririu,0.0
2019-06-17,iririu,0.0
2019-06-18,iririu,0.0
2019-06-19,iririu,0.0
2019-06-20,iririu,0.0
2019-06-21,iririu,0.0
2019-06-22,iririu,0.0
2019-06-23,iririu,0.0
2019-06-24,iririu,0.0
2019-06-25,iririu,0.0
2019-06-26,iririu,76.65
2019-06-27,iririu,6.51
2019-06-28,iririu,0.0
2019-06-29,iririu,0.0
2019-06-30,iririu,0.0
2019-07-01,iririu,19.310000000000002
2019-07-02,iririu,2.4000000000000004
2019-07-03,iririu,8.67
2019-07-04,iririu,0.8
2019-07-05,iririu,0.0
2019-07-06,iririu,0.0
2019-07-07,iririu,0.0
2019-07-08,iririu,0.0
2019-07-09,iririu,0.0
2019-07-10,iririu,0.0
2019-07-11,iririu,0.0
2019-07-12,iririu,0.0
2019-07-13,iririu,0.0
2019-07-14,iririu,1.19
2019-07-15,iririu,7.3100000000000005
2019-07-16,iririu,0.0
2019-07-18,iririu,0.0
2019-07-19,iririu,0.0
2019-07-20,iririu,0.0
2019-07-22,iririu,11.899999999999999
2019-07-23,iririu,0.0
2019-07-24,iririu,0.0
2019-07-25,iririu,0.0
2019-07-26,iririu,0.0
2019-07-27,iririu,5.5200000000000005
2019-07-28,iririu,0.0
2019-07-29,iririu,12.45
2019-07-30,iririu,15.28
2019-07-31,iririu,0.0
2019-08-01,iririu,0.0
2019-08-02,iririu,0.0
2019-08-03,iririu,0.2
2019-08-04,iririu,0.0
2019-08-05,iririu,0.0
2019-08-06,iririu,2.96
2019-08-07,iririu,1.0
2019-08-08,iririu,0.99
2019-08-09,iririu,0.0
2019-08-10,iririu,1.4000000000000001
2019-08-11,iririu,0.0
2019-08-12,iririu,1.79
2019-08-13,iririu,0.2
2019-08-14,iririu,0.79
2019-08-15,iririu,0.2
2019-08-16,iririu,0.6000000000000001
2019-08-17,iririu,0.0
2019-08-18,iririu,0.0
2019-08-19,iririu,0.0
2019-08-20,iririu,0.0
2019-08-21,iririu,0.0
2019-08-22,iririu,0.0
2019-08-23,iririu,0.0
2019-08-24,iririu,0.2
2019-08-25,iririu,0.0
2019-08-26,iririu,0.0
2019-08-27,iririu,0.0
2019-08-28,iririu,0.0
2019-08-30,iririu,0.0
2019-08-31,iririu,0.0
2019-09-01,iririu,0.4
2019-09-02,iririu,0.8
2019-09-03,iririu,0.6000000000000001
2019-09-04,iririu,0.0
2019-09-05,iririu,0.0
2019-09-06,iririu,0.0
2019-09-07,iririu,0.0
2019-09-08,iririu,0.0
2019-09-09,iririu,0.4
2019-09-10,iririu,0.0
2019-09-11,iririu,0.0
2019-09-12,iririu,17.59
2019-09-13,iririu,2.6
2019-09-14,iririu,1.4000000000000001
2019-09-15,iririu,0.0
2019-09-16,iririu,0.4
2019-09-17,iririu,0.0
2019-09-18,iririu,37.17
2019-09-19,iririu,28.16
2019-09-20,iririu,29.169999999999998
2019-09-21,iririu,2.0
2019-09-22,iririu,0.2
2019-09-23,iririu,0.0
2019-09-24,iririu,1.98
2019-09-25,iririu,1.19
2019-09-26,iririu,2.39
2019-09-27,iririu,0.0
2019-09-28,iririu,0.0
2019-09-29,iririu,1.0
2019-09-30,iririu,0.8
2019-10-01,iririu,0.0
2019-10-02,iririu,0.0
2019-10-03,iririu,0.0
2019-10-04,iririu,0.0
2019-10-05,iririu,2.37
2019-10-06,iririu,17.01
2019-10-07,iririu,3.8000000000000003
2019-10-08,iririu,0.0
2019-10-10,iririu,0.0
2019-10-11,iririu,0.0
2019-10-12,iririu,0.0
2019-10-13,iririu,0.2
2019-10-14,iririu,6.140000000000001
2019-10-15,iririu,8.6
2019-10-16,iririu,4.18
2019-10-17,iririu,10.04
2019-10-18,iririu,0.2
2019-10-19,iririu,0.2
2019-10-20,iririu,0.0
2019-10-21,iririu,2.2
2019-10-22,iririu,0.0
2019-10-23,iririu,0.0
2019-10-24,iririu,0.0
2019-10-25,iririu,0.4
2019-10-26,iririu,2.79
2019-10-27,iririu,5.73
2019-10-28,iririu,0.0
2019-10-29,iririu,0.0
2019-10-30,iririu,0.0
2019-10-31,iririu,0.2
2019-11-01,iririu,8.48
2019-11-02,iririu,0.4
2019-11-03,iririu,0.0
2019-11-04,iririu,0.0
2019-11-05,iririu,0.0
2019-11-06,iririu,0.0
2019-11-07,iririu,0.0
2019-11-08,iririu,0.0
2019-11-09,iririu,0.0
2019-11-10,iririu,0.0
2019-11-11,iririu,0.0
2019-11-12,iririu,2.2
2019-11-13,iririu,1.4000000000000001
2019-11-14,iririu,3.5700000000000003
2019-11-15,iririu,0.2
2019-11-16,iririu,0.0
2019-11-17,iririu,0.0
2019-11-18,iririu,0.0
2019-11-19,iririu,0.0
2019-11-20,iririu,1.59
2019-11-21,iririu,0.2
2019-11-22,iririu,2.18
2019-11-23,iririu,2.0
2019-11-24,iririu,0.0
2019-11-25,iririu,0.0
2019-11-26,iririu,3.0
2019-11-27,iririu,18.85
2019-11-28,iririu,1.6
2019-11-29,iririu,0.0
2019-11-30,iririu,0.0
2019-12-01,iririu,0.4
2019-12-02,iririu,0.0
2019-12-03,iririu,0.0
2019-12-04,iririu,3.7800000000000002
2019-12-05,iririu,6.390000000000001
2019-12-06,iririu,0.2
2019-12-07,iririu,0.0
2019-12-08,iririu,0.0
2019-12-09,iririu,1.6
2019-12-10,iririu,0.0
2019-12-11,iririu,0.0
2019-12-12,iririu,0.0
2019-12-13,iririu,0.0
2019-12-14,iririu,1.6
2019-12-15,iririu,1.0
2019-12-16,iririu,3.8000000000000003
2019-12-17,iririu,23.28
2019-12-18,iririu,8.16
2019-12-19,iririu,0.4
2019-12-20,iririu,0.0
2019-12-21,iririu,0.0
2019-12-22,iririu,0.2
2019-12-23,iririu,0.4
2019-12-24,iririu,0.0
2019-12-25,iririu,0.0
2019-12-26,iririu,0.0
2019-12-27,iririu,0.0
2019-12-28,iririu,0.0
2019-12-29,iririu,0.0
2019-12-30,iririu,0.0
2019-12-31,iririu,0.0
2020-01-01,iririu,6.180000000000001
2020-01-02,iririu,0.6000000000000001
2020-01-03,iririu,1.4000000000000001
2020-01-04,iririu,51.11
2020-01-05,iririu,1.0
2020-01-06,iririu,0.0
2020-01-07,iririu,4.720000000000001
2020-01-08,iririu,10.82
2020-01-09,iririu,0.0
2020-01-10,iririu,0.5900000000000001
2020-01-11,iririu,0.4
2020-01-12,iririu,0.39
2020-01-13,iririu,0.0
2020-01-14,iririu,0.0
2020-01-15,iririu,0.0
2020-01-16,iririu,2.38
2020-01-17,iririu,0.2
2020-01-18,iririu,0.0
2020-01-19,iririu,2.5900000000000003
2020-01-20,iririu,0.2
2020-01-21,iririu,0.0
2020-01-22,iririu,4.0
2020-01-23,iririu,1.0
2020-01-24,iririu,1.4000000000000001
2020-01-25,iririu,0.0
2020-01-26,iririu,0.0
2020-01-27,iririu,4.19
2020-01-28,iririu,2.39
2020-01-29,iririu,6.34
2020-01-30,iririu,2.39
2020-01-31,iririu,11.790000000000001
2020-02-01,iririu,1.2000000000000002
2020-02-02,iririu,32.07
2020-02-03,iririu,4.59
2020-02-04,iririu,29.91
2020-02-05,iririu,29.15
2020-02-06,iririu,31.48
2020-02-07,iririu,27.73
2020-02-08,iririu,16.490000000000002
2020-02-09,iririu,27.76
2020-02-10,iririu,2.58
2020-02-11,iririu,2.38
2020-02-12,iririu,1.59
2020-02-13,iririu,1.58
2020-02-14,iririu,0.0
2020-02-15,iririu,0.0
2020-02-16,iririu,0.0
2020-02-17,iririu,0.0
2020-02-18,iririu,0.0
2020-02-19,iririu,0.2
2020-02-20,iririu,0.0
2020-02-21,iririu,0.2
2020-02-22,iririu,0.0
2020-02-23,iririu,0.0
2020-02-24,iririu,0.0
2020-02-25,iririu,19.3
2020-02-26,iririu,31.11
2020-02-27,iririu,0.0
2020-02-28,iririu,0.0
2020-02-29,iririu,1.96
2020-03-01,iririu,0.6000000000000001
2020-03-02,iririu,14.38
2020-03-03,iririu,11.82
2020-03-04,iririu,0.0
2020-03-05,iririu,0.0
2020-03-06,iririu,0.0
2020-03-07,iririu,0.0
2020-03-08,iririu,0.0
2020-03-09,iririu,0.0
2020-03-10,iririu,0.0
2020-03-11,iririu,0.0
2020-03-12,iririu,0.0
2020-03-13,iririu,0.0
2020-03-14,iririu,0.0
2020-03-15,iririu,0.0
2020-03-16,iririu,2.74
2020-03-17,iririu,0.2
2020-03-18,iririu,0.2
2020-03-19,iririu,0.0
2020-03-20,iririu,0.0
2020-03-21,iririu,0.0
2020-03-22,iririu,0.0
2020-03-23,iririu,1.58
2020-03-24,iririu,2.37
2020-03-25,iririu,0.0
2020-03-26,iririu,0.0
2020-03-27,iririu,1.77
2020-03-28,iririu,0.0
2020-03-29,iririu,0.0
2020-03-30,iririu,0.0
2020-03-31,iririu,0.0
2020-04-01,iririu,0.0
2020-04-02,iririu,0.0
2020-04-03,iririu,0.0
2020-04-04,iririu,0.0
2020-04-05,iririu,0.0
2020-04-06,iririu,5.34
2020-04-07,iririu,0.0
2020-04-08,iririu,0.0
2020-04-09,iririu,0.0
2020-04-10,iririu,0.0
2020-04-11,iririu,0.0
2020-04-12,iririu,0.0
2020-04-13,iririu,0.0
2020-04-14,iririu,1.4000000000000001
2020-04-15,iririu,0.0
2020-04-16,iririu,0.0
2020-04-17,iririu,0.0
2020-04-18,iririu,0.0
2020-04-19,iririu,1.2000000000000002
2020-04-20,iririu,0.0
2020-04-21,iririu,0.0
2020-04-22,iririu,0.0
2020-04-23,iririu,0.0
2020-04-24,iririu,0.0
2020-04-25,iririu,0.0
2020-04-26,iririu,0.79
2020-04-27,iririu,3.18
2020-04-28,iririu,2.7800000000000002
2020-04-29,iririu,0.0
2020-04-30,iririu,0.0
2020-05-01,iririu,0.6000000000000001
2020-05-02,iririu,0.0
2020-05-03,iririu,0.0
2020-05-04,iririu,0.0
2020-05-05,iririu,0.0
2020-05-06,iririu,3.75
2020-05-07,iririu,0.2
2020-05-08,iririu,0.0
2020-05-09,iririu,0.0
2020-05-10,iririu,0.0
2020-05-11,iririu,0.0
2020-05-12,iririu,0.0
2020-05-13,iririu,9.110000000000001
2020-05-14,iririu,6.53
2020-05-15,iririu,0.0
2020-05-16,iririu,0.0
2020-05-17,iririu,0.0
2020-05-18,iririu,0.0
2020-05-19,iririu,0.0
2020-05-20,iririu,0.0
2020-05-21,iririu,0.0
2020-05-22,iririu,0.0
2020-05-23,iririu,0.0
2020-05-24,iririu,0.0
2020-05-25,iririu,0.0
2020-05-26,iririu,0.0
2020-05-27,iririu,0.0
2020-05-28,iririu,0.0
2020-05-29,iririu,0.0
2020-05-30,iririu,0.0
2020-05-31,iririu,0.0
2020-06-01,iririu,9.18
2020-06-02,iririu,4.970000000000001
2020-06-03,iririu,0.4
2020-06-04,iririu,2.0
2020-06-05,iririu,4.2
2020-06-06,iririu,6.48
2020-06-07,iririu,0.0
2020-06-08,iririu,0.0
2020-06-09,iririu,4.800000000000001
2020-06-10,iririu,12.13
2020-06-11,iririu,2.0
2020-06-12,iririu,0.0
2020-06-13,iririu,0.8
2020-06-14,iririu,0.6000000000000001
2020-06-15,iririu,0.0
2020-06-16,iririu,1.8
2020-06-17,iririu,3.79
2020-06-18,iririu,0.0
2020-06-19,iririu,0.0
2020-06-20,iririu,0.0
2020-06-21,iririu,0.0
2020-06-22,iririu,0.0
2020-06-23,iririu,0.0
2020-06-24,iririu,0.0
2020-06-25,iririu,0.0
2020-06-26,iririu,1.2000000000000002
2020-06-27,iririu,1.0
2020-06-28,iririu,0.2
2020-06-29,iririu,0.2
2020-06-30,iririu,0.2
2020-07-01,iririu,0.0
2020-07-02,iririu,0.2
2020-07-03,iririu,0.0
2020-07-04,iririu,0.2
2020-07-05,iririu,0.0
2020-07-06,iririu,0.2
2020-07-07,iririu,0.0
2020-07-08,iririu,0.0
2020-07-09,iririu,0.2
2020-07-10,iririu,0.0
2020-07-11,iririu,0.2
2020-07-12,iririu,0.0
2020-07-13,iririu,0.0
2020-07-14,iririu,0.0
2020-07-15,iririu,0.0
2020-07-16,iririu,3.7600000000000002
2020-07-17,iririu,4.7
2020-07-18,iririu,0.0
2020-07-19,iririu,0.0
2020-07-20,iririu,0.2
2020-07-21,iririu,0.0
2020-07-22,iririu,0.0
2020-07-23,iririu,0.0
2020-07-24,iririu,0.0
2020-07-25,iririu,0.0
2020-07-26,iririu,1.3900000000000001
2020-07-27,iririu,0.0
2020-07-28,iririu,22.03
2020-07-29,iririu,1.18
2020-07-30,iririu,0.0
2020-07-31,iririu,1.98
2020-08-01,iririu,0.0
2020-08-02,iririu,0.0
2020-08-03,iririu,0.0
2020-08-04,iririu,0.0
2020-08-05,iririu,0.0
2020-08-06,iririu,0.0
2020-08-07,iririu,0.0
2020-08-08,iririu,0.0
2020-08-09,iririu,0.0
2020-08-10,iririu,0.0
2020-08-11,iririu,0.0
2020-08-12,iririu,5.3500000000000005
2020-08-13,iririu,8.49
2020-08-14,iririu,10.23
2020-08-15,iririu,21.47
2020-08-16,iririu,1.3900000000000001
2020-08-17,iririu,3.7600000000000002
2020-08-18,iririu,7.55
2020-08-19,iririu,12.520000000000001
2020-08-20,iririu,9.92
2020-08-21,iririu,0.6000000000000001
2020-08-22,iririu,0.0
2020-08-23,iririu,0.0
2020-08-24,iririu,0.0
2020-08-25,iririu,0.0
2020-08-26,iririu,0.0
2020-08-27,iririu,0.0
2020-08-28,iririu,0.2
2020-08-29,iririu,0.0
2020-08-30,iririu,0.0
2020-08-31,iririu,10.18
2020-09-01,iririu,16.94
2020-09-02,iririu,0.2
2020-09-03,iririu,0.0
2020-09-04,iririu,0.0
2020-09-05,iririu,0.6000000000000001
2020-09-06,iririu,3.79
2020-09-07,iririu,2.6
2020-09-08,iririu,0.0
2020-09-09,iririu,0.2
2020-09-10,iririu,0.0
2020-09-11,iririu,0.0
2020-09-12,iririu,0.0
2020-09-13,iririu,0.0
2020-09-14,iririu,0.0
2020-09-15,iririu,0.0
2020-09-16,iririu,0.0
2020-09-17,iririu,0.99
2020-09-18,iririu,0.2
2020-09-19,iririu,0.0
2020-09-20,iririu,0.0
2020-09-21,iririu,0.8
2020-09-22,iririu,0.0
2020-09-23,iririu,0.0
2020-09-24,iririu,0.0
2020-09-25,iririu,0.0
2020-09-26,iririu,0.0
2020-09-27,iririu,2.7800000000000002
2020-09-28,iririu,3.8000000000000003
2020-09-29,iririu,0.6000000000000001
2020-09-30,iririu,0.4
2020-10-01,iririu,0.0
2020-10-02,iririu,0.2
2020-10-03,iririu,0.0
2020-10-04,iririu,0.2
2020-10-05,iririu,0.2
2020-10-06,iririu,0.2
2020-10-07,iririu,0.2
2020-10-08,iririu,0.2
2020-10-09,iririu,1.0
2020-10-10,iririu,0.6000000000000001
2020-10-11,iririu,0.2
2020-10-12,iririu,0.2
2020-10-13,iririu,0.2
2020-10-14,iririu,0.2
2020-10-15,iririu,0.4
2020-10-16,iririu,0.2
2020-10-17,iririu,0.2
2020-10-18,iririu,0.2
2020-10-19,iririu,0.2
2020-10-20,iririu,0.2
2020-10-21,iririu,0.2
2020-10-22,iririu,0.0
2020-10-23,iririu,0.2
2020-10-24,iririu,0.2
2020-10-25,iririu,0.0
2020-10-26,iririu,0.0
2020-10-27,iririu,0.2
2020-10-28,iririu,0.0
2020-10-29,iririu,12.23
2020-10-30,iririu,24.86
2020-10-31,iririu,3.16
2020-11-01,iririu,0.4
2020-11-02,iririu,0.0
2020-11-03,iririu,0.6000000000000001
2020-11-04,iririu,0.0
2020-11-05,iririu,0.0
2020-11-06,iririu,0.0
2020-11-07,iririu,0.0
2020-11-08,iririu,1.78
2020-11-09,iririu,12.42
2020-11-10,iririu,0.4
2020-11-11,iririu,9.43
2020-11-12,iririu,3.55
2020-11-13,iririu,0.0
2020-11-14,iririu,0.0
2020-11-15,iririu,9.07
2020-11-16,iririu,10.46
2020-11-17,iririu,1.4000000000000001
2020-11-18,iririu,5.18
2020-11-19,iririu,7.0
2020-11-20,iririu,2.6
2020-11-21,iririu,0.8
2020-11-22,iririu,0.4
2020-11-23,iririu,0.6000000000000001
2020-11-24,iririu,0.4
2020-11-25,iririu,0.4
2020-11-26,iririu,0.4
2020-11-27,iririu,3.73
2020-11-28,iririu,5.0
2020-11-29,iririu,3.8000000000000003
2020-11-30,iririu,1.4000000000000001
2020-12-01,iririu,0.6000000000000001
2020-12-02,iririu,0.2
2020-12-03,iririu,0.2
2020-12-04,iririu,0.2
2020-12-05,iririu,0.4
2020-12-06,iririu,0.2
2020-12-07,iririu,0.4
2020-12-08,iririu,0.2
2020-12-09,iririu,0.2
2020-12-10,iririu,0.4
2020-12-11,iririu,0.2
2020-12-12,iririu,0.2
2020-12-13,iririu,0.2
2020-12-14,iririu,0.2
2020-12-15,iririu,0.4
2020-12-16,iririu,0.2
2020-12-17,iririu,0.2
2020-12-18,iririu,0.2
2020-12-19,iririu,0.2
2020-12-20,iririu,0.2
2020-12-21,iririu,0.4
2020-12-22,iririu,0.2
2020-12-23,iririu,0.2
2020-12-24,iririu,0.0
2020-12-25,iririu,0.2
2020-12-26,iririu,0.2
2020-12-27,iririu,0.2
2020-12-28,iririu,22.82
2020-12-29,iririu,5.72
2020-12-30,iririu,0.0
2014-07-31,itinga,0.0
2014-08-01,itinga,10.041744193
2014-08-02,itinga,0.2
2014-08-03,itinga,0.0
2014-08-04,itinga,2.171845395
2014-08-05,itinga,0.0
2014-08-06,itinga,0.0
2014-08-07,itinga,0.0
2014-08-08,itinga,0.0
2014-08-09,itinga,0.0
2014-08-10,itinga,0.0
2014-08-11,itinga,0.0
2014-08-12,itinga,31.462257003
2014-08-13,itinga,1.6
2014-08-14,itinga,0.0
2014-08-15,itinga,4.4
2014-08-16,itinga,42.586984148
2014-08-17,itinga,0.0
2014-08-18,itinga,0.0
2014-08-19,itinga,0.0
2014-08-20,itinga,0.0
2014-08-21,itinga,0.2
2014-08-22,itinga,0.2
2014-08-23,itinga,0.0
2014-08-24,itinga,0.0
2014-08-25,itinga,2.76706
2014-08-26,itinga,1.378463198
2014-08-27,itinga,0.0
2014-08-28,itinga,0.0
2014-08-29,itinga,0.0
2014-08-30,itinga,0.0
2014-08-31,itinga,22.029735718
2014-09-01,itinga,0.0
2014-09-02,itinga,26.852156105
2014-09-03,itinga,2.175090102
2014-09-04,itinga,2.758396405
2014-09-05,itinga,1.385997377
2014-09-06,itinga,0.39268
2014-09-07,itinga,0.4
2014-09-08,itinga,0.0
2014-09-09,itinga,0.0
2014-09-10,itinga,0.0
2014-09-11,itinga,2.0
2014-09-12,itinga,6.39268
2014-09-13,itinga,0.0
2014-09-14,itinga,0.0
2014-09-15,itinga,0.2
2014-09-16,itinga,0.0
2014-09-17,itinga,0.39268
2014-09-18,itinga,24.810086513999998
2014-09-19,itinga,8.85599332
2014-09-20,itinga,1.379294752
2014-09-21,itinga,0.0
2014-09-22,itinga,0.0
2014-09-23,itinga,0.0
2014-09-24,itinga,16.146895616
2014-09-25,itinga,7.6954711389999995
2014-09-26,itinga,1.3937816710000002
2014-09-27,itinga,8.55608
2014-09-28,itinga,8.163762443
2014-09-29,itinga,8.292935015
2014-09-30,itinga,30.86408264
2014-10-01,itinga,0.79268
2014-10-02,itinga,0.0
2014-10-03,itinga,0.393717926
2014-10-04,itinga,0.8
2014-10-05,itinga,0.0
2014-10-06,itinga,0.59268
2014-10-07,itinga,0.0
2014-10-08,itinga,0.0
2014-10-09,itinga,0.0
2014-10-10,itinga,0.0
2014-10-11,itinga,0.0
2014-10-12,itinga,0.0
2014-10-13,itinga,0.4
2014-10-14,itinga,0.58902
2014-10-15,itinga,1.8
2014-10-16,itinga,1.0
2014-10-17,itinga,3.178971504
2014-10-18,itinga,7.086319928
2014-10-19,itinga,3.771122561
2014-10-20,itinga,0.0
2014-10-21,itinga,0.0
2014-10-22,itinga,0.0
2014-10-23,itinga,0.0
2014-10-24,itinga,0.0
2014-10-25,itinga,0.0
2014-10-26,itinga,0.6000000000000001
2014-10-27,itinga,0.0
2014-10-28,itinga,0.0
2014-10-29,itinga,0.0
2014-10-30,itinga,0.0
2014-10-31,itinga,0.0
2014-11-01,itinga,11.034936584
2014-11-02,itinga,0.2
2014-11-03,itinga,2.37072
2014-11-04,itinga,33.083036345
2014-11-05,itinga,1.0
2014-11-06,itinga,4.35608
2014-11-07,itinga,4.75242
2014-11-08,itinga,0.0
2014-11-09,itinga,0.0
2014-11-10,itinga,0.0
2014-11-11,itinga,0.0
2014-11-12,itinga,0.0
2014-11-13,itinga,0.0
2014-11-14,itinga,1.589038787
2014-11-15,itinga,0.2
2014-11-16,itinga,0.0
2014-11-17,itinga,0.0
2014-11-18,itinga,0.0
2014-11-19,itinga,0.0
2014-11-20,itinga,3.58536
2014-11-21,itinga,0.8
2014-11-22,itinga,11.813360113
2014-11-23,itinga,1.8
2014-11-24,itinga,2.7817
2014-11-25,itinga,34.742285738
2014-11-26,itinga,1.79268
2014-11-27,itinga,0.4
2014-11-28,itinga,0.0
2014-11-29,itinga,5.726990261
2014-11-30,itinga,6.10278
2014-12-01,itinga,0.0
2014-12-02,itinga,0.0
2014-12-03,itinga,14.783154935
2014-12-04,itinga,1.4000000000000001
2014-12-05,itinga,0.2
2014-12-06,itinga,0.0
2014-12-07,itinga,0.2
2014-12-08,itinga,0.0
2014-12-09,itinga,26.350222317
2014-12-10,itinga,0.0
2014-12-11,itinga,0.0
2014-12-12,itinga,0.4
2014-12-13,itinga,12.196024567
2014-12-14,itinga,0.6000000000000001
2014-12-15,itinga,0.0
2014-12-16,itinga,0.98902
2014-12-17,itinga,0.0
2014-12-18,itinga,0.0
2014-12-19,itinga,10.681333974000001
2014-12-20,itinga,0.2
2014-12-21,itinga,12.343398255
2014-12-22,itinga,26.996916234
2014-12-23,itinga,2.59268
2014-12-24,itinga,16.81334
2014-12-25,itinga,7.37804
2014-12-26,itinga,14.016981926
2014-12-27,itinga,7.0885223250000005
2014-12-28,itinga,63.219254563999996
2014-12-29,itinga,6.716453685
2014-12-30,itinga,0.0
2014-12-31,itinga,11.16204605
2015-01-01,itinga,0.0
2015-01-02,itinga,28.445846811
2015-01-03,itinga,0.6000000000000001
2015-01-04,itinga,0.0
2015-01-05,itinga,6.710294617
2015-01-06,itinga,1.982844795
2015-01-07,itinga,0.0
2015-01-08,itinga,0.0
2015-01-09,itinga,17.39070869
2015-01-10,itinga,25.406557357
2015-01-11,itinga,4.7231164329999995
2015-01-12,itinga,10.871181006
2015-01-13,itinga,1.7743799999999998
2015-01-14,itinga,27.714691176
2015-01-15,itinga,0.0
2015-01-16,itinga,0.0
2015-01-17,itinga,33.251939257000004
2015-01-18,itinga,0.2
2015-01-19,itinga,0.2
2015-01-20,itinga,19.120886765
2015-01-21,itinga,1.979251955
2015-01-22,itinga,5.35608
2015-01-23,itinga,0.2
2015-01-24,itinga,0.0
2015-01-25,itinga,5.33778
2015-01-26,itinga,0.2
2015-01-27,itinga,0.2
2015-01-28,itinga,0.4
2015-01-29,itinga,0.4
2015-01-30,itinga,4.55974
2015-01-31,itinga,1.781887639
2015-02-01,itinga,0.0
2015-02-02,itinga,0.0
2015-02-03,itinga,18.125969682999997
2015-02-04,itinga,23.822540111
2015-02-05,itinga,8.285213764
2015-02-06,itinga,0.0
2015-02-07,itinga,0.0
2015-02-08,itinga,2.163568738
2015-02-09,itinga,0.39268
2015-02-10,itinga,0.0
2015-02-11,itinga,0.7890597610000001
2015-02-12,itinga,22.53458502
2015-02-13,itinga,29.008506366
2015-02-14,itinga,24.61574526
2015-02-15,itinga,3.99268
2015-02-16,itinga,0.0
2015-02-17,itinga,43.078257971999996
2015-02-18,itinga,16.542280415
2015-02-19,itinga,4.743038427
2015-02-20,itinga,24.628504876
2015-02-21,itinga,1.39268
2015-02-22,itinga,0.2
2015-02-23,itinga,25.002021128
2015-02-24,itinga,1.0
2015-02-25,itinga,0.2
2015-02-26,itinga,0.0
2015-02-27,itinga,0.0
2015-02-28,itinga,0.0
2015-03-01,itinga,0.0
2015-03-02,itinga,0.0
2015-03-03,itinga,0.0
2015-03-04,itinga,0.0
2015-03-05,itinga,0.0
2015-03-06,itinga,0.0
2015-03-07,itinga,0.0
2015-03-08,itinga,0.0
2015-03-09,itinga,0.0
2015-03-10,itinga,0.0
2015-03-11,itinga,0.0
2015-03-12,itinga,0.0
2015-03-13,itinga,0.0
2015-03-14,itinga,0.0
2015-03-15,itinga,0.0
2015-03-16,itinga,0.0
2015-03-17,itinga,0.0
2015-03-18,itinga,0.0
2015-03-19,itinga,0.0
2015-03-20,itinga,0.0
2015-03-21,itinga,0.0
2015-03-22,itinga,0.0
2015-03-23,itinga,0.0
2015-03-24,itinga,0.0
2015-03-25,itinga,0.0
2015-03-26,itinga,0.0
2015-03-27,itinga,0.0
2015-03-28,itinga,0.0
2015-03-29,itinga,0.0
2015-03-30,itinga,0.0
2015-03-31,itinga,0.0
2015-04-01,itinga,0.0
2015-04-02,itinga,0.0
2015-04-03,itinga,0.0
2015-04-04,itinga,0.0
2015-04-05,itinga,0.0
2015-04-06,itinga,0.0
2015-04-07,itinga,0.0
2015-04-08,itinga,0.0
2015-04-09,itinga,0.0
2015-04-10,itinga,0.0
2015-04-11,itinga,0.0
2015-04-12,itinga,0.0
2015-04-13,itinga,0.0
2015-04-14,itinga,0.0
2015-04-15,itinga,0.0
2015-04-16,itinga,0.0
2015-04-17,itinga,0.0
2015-04-18,itinga,0.0
2015-04-19,itinga,0.0
2015-04-20,itinga,0.0
2015-04-21,itinga,0.0
2015-04-22,itinga,14.379999999999999
2015-04-23,itinga,18.55
2015-04-24,itinga,0.8
2015-04-25,itinga,2.17
2015-04-26,itinga,3.75
2015-04-27,itinga,1.98
2015-04-28,itinga,0.2
2015-04-29,itinga,2.7800000000000002
2015-04-30,itinga,1.3900000000000001
2015-05-01,itinga,0.6000000000000001
2015-05-02,itinga,0.2
2015-05-03,itinga,15.770000000000001
2015-05-04,itinga,0.4
2015-05-05,itinga,0.2
2015-05-06,itinga,0.0
2015-05-07,itinga,0.0
2015-05-08,itinga,0.0
2015-05-09,itinga,0.0
2015-05-10,itinga,12.870000000000001
2015-05-11,itinga,4.94
2015-05-12,itinga,0.6000000000000001
2015-05-13,itinga,6.11
2015-05-14,itinga,6.33
2015-05-15,itinga,7.3500000000000005
2015-05-16,itinga,0.98
2015-05-17,itinga,1.3900000000000001
2015-05-18,itinga,12.8
2015-05-19,itinga,108.03999999999999
2015-05-20,itinga,2.77
2015-05-21,itinga,0.2
2015-05-22,itinga,0.0
2015-05-23,itinga,0.0
2015-05-24,itinga,0.0
2015-05-25,itinga,0.0
2015-05-26,itinga,0.0
2015-05-27,itinga,0.0
2015-05-28,itinga,0.0
2015-05-29,itinga,0.0
2015-05-30,itinga,0.0
2015-05-31,itinga,0.0
2015-06-01,itinga,0.0
2015-06-02,itinga,0.0
2015-06-03,itinga,0.0
2015-06-04,itinga,0.2
2015-06-05,itinga,0.0
2015-06-06,itinga,0.0
2015-06-07,itinga,0.0
2015-06-08,itinga,0.0
2015-06-09,itinga,0.0
2015-06-10,itinga,0.0
2015-06-11,itinga,0.0
2015-06-12,itinga,0.0
2015-06-13,itinga,0.0
2015-06-14,itinga,0.0
2015-06-15,itinga,0.0
2015-06-16,itinga,0.0
2015-06-17,itinga,0.2
2015-06-18,itinga,0.0
2015-06-19,itinga,0.0
2015-06-20,itinga,0.0
2015-06-21,itinga,0.0
2015-06-22,itinga,0.0
2015-06-23,itinga,0.0
2015-06-24,itinga,0.0
2015-06-25,itinga,0.0
2015-06-26,itinga,0.0
2015-06-27,itinga,0.0
2015-06-28,itinga,0.0
2015-06-29,itinga,0.0
2015-06-30,itinga,0.0
2015-07-01,itinga,0.0
2015-07-02,itinga,0.0
2015-07-03,itinga,0.0
2015-07-04,itinga,0.0
2015-07-05,itinga,0.0
2015-07-06,itinga,0.0
2015-07-07,itinga,0.0
2015-07-08,itinga,0.0
2015-07-09,itinga,0.0
2015-07-10,itinga,0.0
2015-07-11,itinga,0.0
2015-07-12,itinga,0.0
2015-07-13,itinga,0.0
2015-07-14,itinga,0.0
2015-07-15,itinga,0.0
2015-07-16,itinga,0.0
2015-07-17,itinga,0.0
2015-07-18,itinga,0.0
2015-07-19,itinga,0.0
2015-07-20,itinga,0.0
2015-07-21,itinga,0.0
2015-07-22,itinga,0.0
2015-07-23,itinga,0.0
2015-07-24,itinga,0.0
2015-07-25,itinga,0.0
2015-07-26,itinga,0.0
2015-07-27,itinga,0.0
2015-07-28,itinga,0.0
2015-07-29,itinga,0.0
2015-07-30,itinga,0.0
2015-07-31,itinga,0.0
2015-08-01,itinga,0.0
2015-08-02,itinga,0.0
2015-08-03,itinga,0.0
2015-08-04,itinga,0.0
2015-08-05,itinga,0.0
2015-08-06,itinga,0.0
2015-08-07,itinga,0.0
2015-08-08,itinga,0.0
2015-08-09,itinga,0.0
2015-08-10,itinga,0.0
2015-08-11,itinga,0.0
2015-08-12,itinga,0.0
2015-08-13,itinga,0.0
2015-08-14,itinga,0.0
2015-08-15,itinga,0.0
2015-08-16,itinga,0.0
2015-08-17,itinga,0.0
2015-08-18,itinga,0.0
2015-08-19,itinga,0.0
2015-08-20,itinga,0.0
2015-08-21,itinga,0.0
2015-08-22,itinga,0.0
2015-08-23,itinga,0.0
2015-08-24,itinga,0.0
2015-08-25,itinga,0.0
2015-08-26,itinga,0.0
2015-08-27,itinga,0.0
2015-08-28,itinga,0.0
2015-08-29,itinga,0.0
2015-08-30,itinga,0.0
2015-08-31,itinga,0.0
2015-09-01,itinga,0.0
2015-09-02,itinga,0.0
2015-09-03,itinga,0.0
2015-09-04,itinga,0.0
2015-09-05,itinga,0.0
2015-09-06,itinga,0.0
2015-09-07,itinga,0.0
2015-09-08,itinga,0.0
2015-09-09,itinga,0.0
2015-09-10,itinga,0.0
2015-09-11,itinga,0.0
2015-09-12,itinga,0.0
2015-09-13,itinga,0.0
2015-09-14,itinga,0.0
2015-09-15,itinga,0.0
2015-09-16,itinga,0.0
2015-09-17,itinga,0.0
2015-09-18,itinga,0.0
2015-09-19,itinga,0.0
2015-09-20,itinga,0.0
2015-09-21,itinga,0.0
2015-09-22,itinga,0.0
2015-09-23,itinga,0.0
2015-09-24,itinga,0.0
2015-09-25,itinga,0.0
2015-09-26,itinga,0.0
2015-09-27,itinga,0.0
2015-09-28,itinga,0.0
2015-09-29,itinga,0.0
2015-09-30,itinga,0.0
2015-10-01,itinga,0.0
2015-10-02,itinga,0.0
2015-10-03,itinga,0.0
2015-10-04,itinga,0.0
2015-10-05,itinga,0.2
2015-10-06,itinga,1.2000000000000002
2015-10-07,itinga,0.2
2015-10-08,itinga,31.330000000000002
2015-10-09,itinga,5.5600000000000005
2015-10-10,itinga,10.290000000000001
2015-10-11,itinga,13.42
2015-10-12,itinga,1.19
2015-10-13,itinga,33.52
2015-10-14,itinga,17.34
2015-10-15,itinga,0.2
2015-10-16,itinga,7.11
2015-10-17,itinga,0.2
2015-10-18,itinga,0.4
2015-10-19,itinga,1.4000000000000001
2015-10-20,itinga,0.2
2015-10-21,itinga,25.8
2015-10-22,itinga,90.18
2015-10-23,itinga,0.0
2015-10-24,itinga,0.0
2015-10-25,itinga,5.3500000000000005
2015-10-26,itinga,4.78
2015-10-27,itinga,1.0
2015-10-28,itinga,19.02
2015-10-29,itinga,6.91
2015-10-30,itinga,0.2
2015-10-31,itinga,12.41
2015-11-01,itinga,17.56
2015-11-02,itinga,33.38
2015-11-03,itinga,3.59
2015-11-04,itinga,50.96
2015-11-05,itinga,17.39
2015-11-06,itinga,6.36
2015-11-07,itinga,2.4000000000000004
2015-11-08,itinga,23.67
2015-11-09,itinga,0.8
2015-11-10,itinga,0.0
2015-11-11,itinga,0.0
2015-11-12,itinga,0.0
2015-11-13,itinga,2.16
2015-11-14,itinga,14.63
2015-11-15,itinga,0.2
2015-11-16,itinga,1.9900000000000002
2015-11-17,itinga,4.94
2015-11-18,itinga,11.21
2015-11-19,itinga,83.18
2015-11-20,itinga,0.2
2015-11-21,itinga,0.0
2015-11-22,itinga,7.33
2015-11-23,itinga,24.84
2015-11-24,itinga,3.18
2015-11-25,itinga,4.36
2015-11-26,itinga,3.18
2015-11-27,itinga,8.88
2015-11-28,itinga,1.2000000000000002
2015-11-29,itinga,0.99
2015-11-30,itinga,7.32
2015-12-01,itinga,0.2
2015-12-02,itinga,5.54
2015-12-03,itinga,20.1
2015-12-04,itinga,8.51
2015-12-05,itinga,0.0
2015-12-06,itinga,32.51
2015-12-07,itinga,1.0
2015-12-08,itinga,4.38
2015-12-09,itinga,0.0
2015-12-10,itinga,20.68
2015-12-11,itinga,0.0
2015-12-12,itinga,1.6
2015-12-13,itinga,2.17
2015-12-14,itinga,4.13
2015-12-15,itinga,1.38
2015-12-16,itinga,0.0
2015-12-17,itinga,3.15
2015-12-18,itinga,3.74
2015-12-19,itinga,21.29
2015-12-20,itinga,35.33
2015-12-21,itinga,18.21
2015-12-22,itinga,0.2
2015-12-23,itinga,14.41
2015-12-24,itinga,26.66
2015-12-25,itinga,9.46
2015-12-26,itinga,7.09
2015-12-27,itinga,93.6
2015-12-28,itinga,46.46
2015-12-29,itinga,2.95
2015-12-30,itinga,0.0
2015-12-31,itinga,0.0
2016-01-01,itinga,5.970000000000001
2016-01-02,itinga,14.46
2016-01-03,itinga,3.77
2016-01-04,itinga,4.55
2016-01-05,itinga,11.63
2016-01-06,itinga,0.4
2016-01-07,itinga,0.2
2016-01-08,itinga,2.18
2016-01-09,itinga,18.69
2016-01-10,itinga,40.25
2016-01-11,itinga,8.87
2016-01-12,itinga,0.0
2016-01-13,itinga,0.0
2016-01-14,itinga,0.2
2016-01-15,itinga,0.0
2016-01-16,itinga,5.53
2016-01-17,itinga,0.0
2016-01-18,itinga,0.0
2016-01-19,itinga,0.0
2016-01-20,itinga,0.0
2016-01-21,itinga,3.14
2016-01-22,itinga,17.13
2016-01-23,itinga,0.0
2016-01-24,itinga,0.0
2016-01-25,itinga,2.75
2016-01-26,itinga,34.330000000000005
2016-01-27,itinga,5.12
2016-01-28,itinga,8.88
2016-01-29,itinga,1.0
2016-01-30,itinga,0.2
2016-01-31,itinga,6.79
2016-02-01,itinga,10.450000000000001
2016-02-02,itinga,14.190000000000001
2016-02-03,itinga,10.110000000000001
2016-02-04,itinga,1.9900000000000002
2016-02-05,itinga,26.66
2016-02-06,itinga,0.0
2016-02-07,itinga,1.6
2016-02-08,itinga,0.4
2016-02-09,itinga,0.0
2016-02-10,itinga,0.0
2016-02-11,itinga,0.0
2016-02-12,itinga,0.0
2016-02-13,itinga,0.0
2016-02-14,itinga,0.0
2016-02-15,itinga,0.0
2016-02-16,itinga,13.59
2016-02-17,itinga,0.6000000000000001
2016-02-18,itinga,0.2
2016-02-19,itinga,0.0
2016-02-20,itinga,6.74
2016-02-21,itinga,0.2
2016-02-22,itinga,7.1000000000000005
2016-02-23,itinga,17.77
2016-02-24,itinga,0.2
2016-02-25,itinga,27.64
2016-02-26,itinga,0.0
2016-02-27,itinga,4.15
2016-02-28,itinga,38.75
2016-02-29,itinga,0.2
2016-03-01,itinga,0.0
2016-03-02,itinga,25.19
2016-03-03,itinga,25.62
2016-03-04,itinga,5.72
2016-03-05,itinga,16.89
2016-03-06,itinga,0.4
2016-03-07,itinga,4.91
2016-03-08,itinga,0.0
2016-03-09,itinga,11.6
2016-03-10,itinga,2.38
2016-03-11,itinga,7.9
2016-03-12,itinga,0.2
2016-03-13,itinga,0.0
2016-03-14,itinga,0.0
2016-03-15,itinga,0.2
2016-03-16,itinga,0.0
2016-03-17,itinga,1.3900000000000001
2016-03-18,itinga,0.2
2016-03-19,itinga,3.17
2016-03-20,itinga,0.0
2016-03-21,itinga,7.47
2016-03-22,itinga,1.0
2016-03-23,itinga,0.0
2016-03-24,itinga,20.060000000000002
2016-03-25,itinga,38.4
2016-03-26,itinga,0.0
2016-03-27,itinga,0.0
2016-03-28,itinga,0.0
2016-03-29,itinga,0.0
2016-03-30,itinga,0.0
2016-03-31,itinga,11.42
2016-04-01,itinga,0.0
2016-04-02,itinga,0.0
2016-04-03,itinga,0.0
2016-04-04,itinga,0.8
2016-04-05,itinga,0.0
2016-04-06,itinga,0.0
2016-04-07,itinga,0.0
2016-04-08,itinga,1.0
2016-04-09,itinga,3.18
2016-04-10,itinga,29.32
2016-04-11,itinga,13.0
2016-04-12,itinga,17.1
2016-04-13,itinga,12.96
2016-04-14,itinga,7.46
2016-04-15,itinga,0.0
2016-04-16,itinga,0.0
2016-04-17,itinga,0.0
2016-04-18,itinga,0.0
2016-04-19,itinga,0.0
2016-04-20,itinga,0.0
2016-04-21,itinga,0.0
2016-04-22,itinga,1.0
2016-04-23,itinga,0.0
2016-04-24,itinga,0.0
2016-04-25,itinga,4.38
2016-04-26,itinga,5.0
2016-04-27,itinga,7.800000000000001
2016-04-28,itinga,3.6
2016-04-29,itinga,2.0
2016-04-30,itinga,1.2000000000000002
2016-05-01,itinga,0.2
2016-05-02,itinga,0.0
2016-05-03,itinga,0.0
2016-05-04,itinga,0.0
2016-05-05,itinga,0.0
2016-05-06,itinga,0.8
2016-05-07,itinga,1.0
2016-05-08,itinga,0.6000000000000001
2016-05-09,itinga,0.2
2016-05-10,itinga,0.8
2016-05-11,itinga,1.4000000000000001
2016-05-12,itinga,0.6000000000000001
2016-05-13,itinga,0.4
2016-05-14,itinga,0.4
2016-05-15,itinga,1.6
2016-05-16,itinga,13.600000000000001
2016-05-17,itinga,0.0
2016-05-18,itinga,0.0
2016-05-19,itinga,0.0
2016-05-20,itinga,4.0
2016-05-21,itinga,12.200000000000001
2016-05-22,itinga,21.3
2016-05-23,itinga,23.82
2016-05-24,itinga,1.6
2016-05-25,itinga,1.4000000000000001
2016-05-26,itinga,1.0
2016-05-27,itinga,7.6000000000000005
2016-05-28,itinga,13.600000000000001
2016-05-29,itinga,8.0
2016-05-30,itinga,0.4
2016-05-31,itinga,0.8
2016-06-01,itinga,1.2000000000000002
2016-06-02,itinga,5.2
2016-06-03,itinga,4.0
2016-06-04,itinga,0.0
2016-06-05,itinga,2.0
2016-06-06,itinga,3.4000000000000004
2016-06-07,itinga,1.2000000000000002
2016-06-08,itinga,0.2
2016-06-09,itinga,0.0
2016-06-10,itinga,0.0
2016-06-11,itinga,0.0
2016-06-12,itinga,0.0
2016-06-13,itinga,0.0
2016-06-14,itinga,0.0
2016-06-15,itinga,0.0
2016-06-16,itinga,0.0
2016-06-17,itinga,5.800000000000001
2016-06-18,itinga,12.0
2016-06-19,itinga,3.2
2016-06-20,itinga,0.4
2016-06-21,itinga,8.59
2016-06-22,itinga,18.3
2016-06-23,itinga,0.6000000000000001
2016-06-24,itinga,0.0
2016-06-25,itinga,0.0
2016-06-26,itinga,0.0
2016-06-27,itinga,0.0
2016-06-28,itinga,0.0
2016-06-29,itinga,0.0
2016-06-30,itinga,0.2
2016-07-02,itinga,0.0
2016-07-03,itinga,0.2
2016-07-04,itinga,0.0
2016-07-05,itinga,0.2
2016-07-06,itinga,0.2
2016-07-07,itinga,0.0
2016-07-08,itinga,0.0
2016-07-09,itinga,0.0
2016-07-10,itinga,0.0
2016-07-11,itinga,0.0
2016-07-12,itinga,2.19
2016-07-13,itinga,9.66
2016-07-14,itinga,0.2
2016-07-15,itinga,18.09
2016-07-16,itinga,29.89
2016-07-17,itinga,0.0
2016-07-18,itinga,0.0
2016-07-19,itinga,0.0
2016-07-20,itinga,0.2
2016-07-21,itinga,0.0
2016-07-22,itinga,0.0
2016-07-23,itinga,0.0
2016-07-24,itinga,0.0
2016-07-25,itinga,0.0
2016-07-26,itinga,0.0
2016-07-27,itinga,0.0
2016-07-28,itinga,0.2
2016-07-29,itinga,0.2
2016-07-30,itinga,0.0
2016-07-31,itinga,0.0
2016-08-01,itinga,0.0
2016-08-02,itinga,4.15
2016-08-03,itinga,11.44
2016-08-04,itinga,1.2000000000000002
2016-08-05,itinga,0.0
2016-08-06,itinga,0.0
2016-08-07,itinga,3.15
2016-08-08,itinga,20.13
2016-08-09,itinga,0.6000000000000001
2016-08-10,itinga,0.0
2016-08-11,itinga,0.0
2016-08-12,itinga,0.0
2016-08-13,itinga,0.0
2016-08-14,itinga,0.0
2016-08-15,itinga,8.06
2016-08-16,itinga,0.0
2016-08-17,itinga,27.87
2016-08-18,itinga,1.3900000000000001
2016-08-19,itinga,44.690000000000005
2016-08-20,itinga,38.62
2016-08-21,itinga,19.54
2016-08-22,itinga,0.0
2016-08-23,itinga,0.0
2016-08-24,itinga,0.0
2016-08-25,itinga,0.0
2016-08-26,itinga,0.0
2016-08-27,itinga,0.0
2016-08-28,itinga,0.0
2016-08-29,itinga,0.0
2016-08-30,itinga,9.91
2016-08-31,itinga,0.2
2016-09-01,itinga,0.0
2016-09-02,itinga,1.4000000000000001
2016-09-03,itinga,43.74
2016-09-04,itinga,8.71
2016-09-05,itinga,10.63
2016-09-06,itinga,0.2
2016-09-07,itinga,0.0
2016-09-08,itinga,0.0
2016-09-09,itinga,0.0
2016-09-10,itinga,0.0
2016-09-11,itinga,0.0
2016-09-12,itinga,0.4
2016-09-13,itinga,0.0
2016-09-14,itinga,0.0
2016-09-15,itinga,0.0
2016-09-16,itinga,0.0
2016-09-17,itinga,0.6000000000000001
2016-09-18,itinga,3.15
2016-09-19,itinga,0.0
2016-09-20,itinga,0.0
2016-09-21,itinga,0.0
2016-09-22,itinga,0.0
2016-09-23,itinga,0.0
2016-09-24,itinga,0.6000000000000001
2016-09-25,itinga,2.58
2016-09-26,itinga,0.0
2016-09-27,itinga,0.0
2016-09-28,itinga,0.0
2016-09-29,itinga,0.0
2016-09-30,itinga,0.4
2016-10-01,itinga,10.65
2016-10-02,itinga,0.2
2016-10-03,itinga,8.11
2016-10-04,itinga,13.99
2016-10-05,itinga,10.690000000000001
2016-10-06,itinga,44.8
2016-10-07,itinga,11.82
2016-10-08,itinga,0.2
2016-10-09,itinga,0.0
2016-10-10,itinga,1.0
2016-10-11,itinga,1.9900000000000002
2016-10-12,itinga,14.17
2016-10-13,itinga,20.64
2016-10-14,itinga,0.0
2016-10-15,itinga,0.6000000000000001
2016-10-16,itinga,1.59
2016-10-17,itinga,2.9699999999999998
2016-10-18,itinga,4.34
2016-10-19,itinga,5.92
2016-10-20,itinga,40.2
2016-10-21,itinga,0.0
2016-10-22,itinga,1.0
2016-10-23,itinga,0.6000000000000001
2016-10-24,itinga,4.55
2016-10-25,itinga,66.83
2016-10-26,itinga,19.51
2016-10-27,itinga,0.2
2016-10-28,itinga,0.0
2016-10-29,itinga,0.0
2016-10-30,itinga,0.0
2016-10-31,itinga,0.5900000000000001
2016-11-01,itinga,0.0
2016-11-02,itinga,0.8
2016-11-03,itinga,0.2
2016-11-04,itinga,0.2
2016-11-05,itinga,0.2
2016-11-06,itinga,0.2
2016-11-07,itinga,0.4
2016-11-08,itinga,0.0
2016-11-09,itinga,18.78
2016-11-10,itinga,0.0
2016-11-11,itinga,0.0
2016-11-12,itinga,1.6
2016-11-13,itinga,0.2
2016-11-14,itinga,0.4
2016-11-15,itinga,5.75
2016-11-16,itinga,30.270000000000003
2016-11-17,itinga,5.140000000000001
2016-11-18,itinga,0.0
2016-11-19,itinga,0.0
2016-11-20,itinga,0.0
2016-11-21,itinga,0.0
2016-11-22,itinga,0.8
2016-11-23,itinga,3.1900000000000004
2016-11-24,itinga,0.0
2016-11-25,itinga,0.4
2016-11-26,itinga,5.79
2016-11-27,itinga,0.8
2016-11-28,itinga,24.720000000000002
2016-11-29,itinga,7.340000000000001
2016-11-30,itinga,0.0
2016-12-01,itinga,0.2
2016-12-02,itinga,1.2000000000000002
2016-12-03,itinga,5.95
2016-12-04,itinga,0.0
2016-12-05,itinga,0.0
2016-12-06,itinga,0.0
2016-12-07,itinga,1.4000000000000001
2016-12-08,itinga,7.71
2016-12-09,itinga,9.950000000000001
2016-12-10,itinga,7.6000000000000005
2016-12-11,itinga,2.4000000000000004
2016-12-12,itinga,0.0
2016-12-13,itinga,2.75
2016-12-14,itinga,2.79
2016-12-15,itinga,0.2
2016-12-16,itinga,7.19
2016-12-17,itinga,18.740000000000002
2016-12-18,itinga,6.2
2016-12-19,itinga,0.2
2016-12-20,itinga,25.12
2016-12-21,itinga,14.23
2016-12-22,itinga,8.190000000000001
2016-12-23,itinga,1.6
2016-12-24,itinga,1.2000000000000002
2016-12-25,itinga,2.8000000000000003
2016-12-26,itinga,1.6
2016-12-27,itinga,7.78
2016-12-28,itinga,6.79
2016-12-29,itinga,2.19
2016-12-30,itinga,0.2
2016-12-31,itinga,0.8
2017-01-01,itinga,3.8000000000000003
2017-01-02,itinga,1.2000000000000002
2017-01-03,itinga,0.0
2017-01-04,itinga,6.54
2017-01-05,itinga,20.1
2017-01-06,itinga,5.2
2017-01-07,itinga,1.6
2017-01-08,itinga,0.6000000000000001
2017-01-09,itinga,0.2
2017-01-10,itinga,0.2
2017-01-11,itinga,0.6000000000000001
2017-01-12,itinga,0.0
2017-01-13,itinga,0.2
2017-01-14,itinga,0.0
2017-01-15,itinga,0.0
2017-01-16,itinga,8.05
2017-01-17,itinga,7.390000000000001
2017-01-18,itinga,0.8
2017-01-19,itinga,1.2000000000000002
2017-01-20,itinga,0.6000000000000001
2017-01-21,itinga,0.6000000000000001
2017-01-22,itinga,0.6000000000000001
2017-01-23,itinga,0.6000000000000001
2017-01-24,itinga,0.6000000000000001
2017-01-25,itinga,0.6000000000000001
2017-01-26,itinga,1.0
2017-01-27,itinga,8.0
2017-01-28,itinga,7.6000000000000005
2017-01-29,itinga,3.2
2017-01-30,itinga,1.4000000000000001
2017-01-31,itinga,1.0
2017-02-01,itinga,1.2000000000000002
2017-02-02,itinga,1.2000000000000002
2017-02-03,itinga,1.4000000000000001
2017-02-04,itinga,3.6
2017-02-05,itinga,4.800000000000001
2017-02-06,itinga,4.800000000000001
2017-02-07,itinga,3.4000000000000004
2017-02-08,itinga,2.4000000000000004
2017-02-09,itinga,1.2000000000000002
2017-02-10,itinga,1.0
2017-02-11,itinga,1.0
2017-02-12,itinga,3.0
2017-02-13,itinga,26.27
2017-02-14,itinga,26.64
2017-02-15,itinga,0.0
2017-02-16,itinga,0.0
2017-02-17,itinga,0.0
2017-02-18,itinga,0.0
2017-02-19,itinga,0.0
2017-02-20,itinga,0.0
2017-02-21,itinga,0.0
2017-02-22,itinga,0.0
2017-02-23,itinga,63.99
2017-02-24,itinga,0.0
2017-02-25,itinga,0.99
2017-02-26,itinga,3.54
2017-02-27,itinga,0.2
2017-02-28,itinga,2.75
2017-03-01,itinga,10.04
2017-03-02,itinga,0.0
2017-03-03,itinga,6.88
2017-03-04,itinga,7.08
2017-03-05,itinga,12.84
2017-03-06,itinga,2.18
2017-03-07,itinga,2.56
2017-03-08,itinga,5.74
2017-03-09,itinga,1.0
2017-03-10,itinga,0.0
2017-03-11,itinga,0.0
2017-03-12,itinga,7.96
2017-03-13,itinga,0.0
2017-03-14,itinga,0.0
2017-03-15,itinga,0.2
2017-03-16,itinga,7.07
2017-03-17,itinga,25.16
2017-03-18,itinga,0.4
2017-03-19,itinga,15.57
2017-03-20,itinga,6.5200000000000005
2017-03-21,itinga,14.22
2017-03-22,itinga,21.87
2017-03-23,itinga,10.66
2017-03-24,itinga,1.7799999999999998
2017-03-25,itinga,2.95
2017-03-26,itinga,4.53
2017-03-27,itinga,7.93
2017-03-28,itinga,25.59
2017-03-29,itinga,12.6
2017-03-30,itinga,1.98
2017-03-31,itinga,4.34
2017-04-01,itinga,4.17
2017-04-02,itinga,6.54
2017-04-03,itinga,0.4
2017-04-04,itinga,0.0
2017-04-05,itinga,7.89
2017-04-06,itinga,9.879999999999999
2017-04-07,itinga,4.7700000000000005
2017-04-08,itinga,51.54
2017-04-09,itinga,2.76
2017-04-10,itinga,3.16
2017-04-11,itinga,22.97
2017-04-12,itinga,0.0
2017-04-13,itinga,0.0
2017-04-14,itinga,0.0
2017-04-15,itinga,0.6000000000000001
2017-04-16,itinga,7.91
2017-04-17,itinga,0.4
2017-04-18,itinga,2.38
2017-04-19,itinga,5.17
2017-04-20,itinga,3.5900000000000003
2017-04-21,itinga,4.2
2017-04-22,itinga,1.8
2017-04-23,itinga,0.0
2017-04-24,itinga,2.39
2017-04-25,itinga,0.0
2017-04-26,itinga,8.48
2017-04-27,itinga,0.0
2017-04-28,itinga,0.0
2017-04-29,itinga,0.0
2017-04-30,itinga,0.0
2017-05-01,itinga,2.16
2017-05-02,itinga,3.79
2017-05-03,itinga,0.0
2017-05-04,itinga,4.390000000000001
2017-05-05,itinga,2.8000000000000003
2017-05-06,itinga,0.0
2017-05-07,itinga,0.0
2017-05-08,itinga,0.4
2017-05-09,itinga,0.0
2017-05-10,itinga,0.0
2017-05-11,itinga,0.0
2017-05-12,itinga,0.0
2017-05-13,itinga,4.71
2017-05-14,itinga,0.0
2017-05-15,itinga,0.0
2017-05-16,itinga,0.0
2017-05-17,itinga,4.94
2017-05-18,itinga,20.44
2017-05-19,itinga,82.29
2017-05-20,itinga,15.290000000000001
2017-05-21,itinga,6.590000000000001
2017-05-22,itinga,0.2
2017-05-23,itinga,0.4
2017-05-24,itinga,1.6
2017-05-25,itinga,0.0
2017-05-26,itinga,7.27
2017-05-27,itinga,24.77
2017-05-28,itinga,32.49
2017-05-29,itinga,3.8000000000000003
2017-05-30,itinga,16.39
2017-05-31,itinga,39.01
2017-06-01,itinga,20.48
2017-06-02,itinga,0.2
2017-06-03,itinga,0.0
2017-06-04,itinga,8.5
2017-06-05,itinga,24.91
2017-06-06,itinga,31.89
2017-06-07,itinga,2.5900000000000003
2017-06-08,itinga,5.970000000000001
2017-06-09,itinga,1.6
2017-06-10,itinga,0.0
2017-06-11,itinga,0.0
2017-06-12,itinga,0.0
2017-06-13,itinga,0.0
2017-06-14,itinga,0.2
2017-06-15,itinga,0.4
2017-06-16,itinga,0.0
2017-06-17,itinga,0.0
2017-06-18,itinga,0.0
2017-06-19,itinga,9.200000000000001
2017-06-20,itinga,1.0
2017-06-21,itinga,0.2
2017-06-22,itinga,0.6000000000000001
2017-06-23,itinga,0.2
2017-06-24,itinga,0.2
2017-06-25,itinga,0.0
2017-06-26,itinga,0.0
2017-06-27,itinga,0.0
2017-06-28,itinga,0.0
2017-06-29,itinga,0.0
2017-06-30,itinga,0.0
2017-07-01,itinga,0.4
2017-07-02,itinga,0.0
2017-07-03,itinga,0.4
2017-07-04,itinga,1.4000000000000001
2017-07-05,itinga,1.0
2017-07-06,itinga,0.2
2017-07-07,itinga,1.3900000000000001
2017-07-08,itinga,0.2
2017-07-09,itinga,0.2
2017-07-10,itinga,0.0
2017-07-11,itinga,0.0
2017-07-12,itinga,0.2
2017-07-13,itinga,0.0
2017-07-14,itinga,0.0
2017-07-15,itinga,0.0
2017-07-16,itinga,0.0
2017-07-17,itinga,4.99
2017-07-18,itinga,1.0
2017-07-19,itinga,0.0
2017-07-20,itinga,0.0
2017-07-21,itinga,0.0
2017-07-22,itinga,0.0
2017-07-23,itinga,0.0
2017-07-24,itinga,0.0
2017-07-25,itinga,0.2
2017-07-26,itinga,0.0
2017-07-27,itinga,0.0
2017-07-28,itinga,0.2
2017-07-29,itinga,0.0
2017-07-30,itinga,0.0
2017-07-31,itinga,0.0
2017-08-01,itinga,0.0
2017-08-02,itinga,6.5
2017-08-03,itinga,6.96
2017-08-04,itinga,0.0
2017-08-05,itinga,0.0
2017-08-06,itinga,0.0
2017-08-07,itinga,0.0
2017-08-08,itinga,5.3100000000000005
2017-08-09,itinga,0.2
2017-08-10,itinga,0.0
2017-08-11,itinga,10.190000000000001
2017-08-12,itinga,6.6000000000000005
2017-08-13,itinga,9.0
2017-08-14,itinga,2.2
2017-08-15,itinga,3.2
2017-08-16,itinga,0.0
2017-08-17,itinga,0.2
2017-08-18,itinga,0.0
2017-08-19,itinga,4.4
2017-08-20,itinga,30.830000000000002
2017-08-21,itinga,3.0
2017-08-22,itinga,0.4
2017-08-23,itinga,0.2
2017-08-24,itinga,0.0
2017-08-25,itinga,0.0
2017-08-26,itinga,0.0
2017-08-27,itinga,0.0
2017-08-28,itinga,0.0
2017-08-29,itinga,0.0
2017-08-30,itinga,0.0
2017-08-31,itinga,0.8
2017-09-01,itinga,1.19
2017-09-02,itinga,0.2
2017-09-03,itinga,0.0
2017-09-04,itinga,0.0
2017-09-05,itinga,0.0
2017-09-06,itinga,0.4
2017-09-07,itinga,0.0
2017-09-08,itinga,0.0
2017-09-09,itinga,0.4
2017-09-10,itinga,0.0
2017-09-11,itinga,0.0
2017-09-12,itinga,0.0
2017-09-13,itinga,0.0
2017-09-14,itinga,0.0
2017-09-15,itinga,0.0
2017-09-16,itinga,1.0
2017-09-17,itinga,0.4
2017-09-18,itinga,1.8
2017-09-19,itinga,0.99
2017-09-20,itinga,0.0
2017-09-21,itinga,0.0
2017-09-22,itinga,0.0
2017-09-23,itinga,0.0
2017-09-24,itinga,2.37
2017-09-25,itinga,0.6000000000000001
2017-09-26,itinga,0.0
2017-09-27,itinga,0.0
2017-09-28,itinga,7.180000000000001
2017-09-29,itinga,64.96000000000001
2017-09-30,itinga,84.51
2017-10-01,itinga,1.97
2017-10-02,itinga,1.6
2017-10-03,itinga,0.0
2017-10-04,itinga,0.0
2017-10-05,itinga,0.0
2017-10-06,itinga,34.51
2017-10-07,itinga,20.98
2017-10-08,itinga,33.51
2017-10-09,itinga,0.8
2017-10-10,itinga,0.4
2017-10-11,itinga,0.2
2017-10-12,itinga,0.0
2017-10-13,itinga,3.17
2017-10-14,itinga,2.4000000000000004
2017-10-15,itinga,4.4
2017-10-16,itinga,0.2
2017-10-17,itinga,0.6000000000000001
2017-10-18,itinga,0.0
2017-10-19,itinga,1.2000000000000002
2017-10-20,itinga,0.0
2017-10-21,itinga,7.390000000000001
2017-10-22,itinga,0.8
2017-10-23,itinga,0.0
2017-10-24,itinga,0.0
2017-10-25,itinga,16.01
2017-10-26,itinga,0.4
2017-10-27,itinga,1.2000000000000002
2017-10-28,itinga,0.0
2017-10-29,itinga,4.800000000000001
2017-10-30,itinga,3.0
2017-10-31,itinga,0.0
2017-11-01,itinga,0.0
2017-11-02,itinga,0.0
2017-11-03,itinga,0.0
2017-11-04,itinga,16.150000000000002
2017-11-05,itinga,0.0
2017-11-06,itinga,0.4
2017-11-07,itinga,2.0
2017-11-08,itinga,4.7700000000000005
2017-11-09,itinga,3.1900000000000004
2017-11-10,itinga,40.08
2017-11-11,itinga,0.2
2017-11-12,itinga,0.0
2017-11-13,itinga,0.0
2017-11-14,itinga,0.0
2017-11-15,itinga,0.0
2017-11-16,itinga,3.0
2017-11-17,itinga,10.56
2017-11-18,itinga,36.01
2017-11-19,itinga,1.0
2017-11-20,itinga,1.4000000000000001
2017-11-21,itinga,5.13
2017-11-22,itinga,0.8
2017-11-23,itinga,0.0
2017-11-24,itinga,0.0
2017-11-25,itinga,5.36
2017-11-26,itinga,1.6
2017-11-27,itinga,0.0
2017-11-28,itinga,0.0
2017-11-29,itinga,0.0
2017-11-30,itinga,0.0
2017-12-01,itinga,0.2
2017-12-02,itinga,2.17
2017-12-03,itinga,8.290000000000001
2017-12-04,itinga,0.79
2017-12-05,itinga,0.0
2017-12-06,itinga,0.0
2017-12-07,itinga,1.98
2017-12-08,itinga,0.0
2017-12-09,itinga,0.0
2017-12-10,itinga,0.0
2017-12-11,itinga,0.2
2017-12-12,itinga,0.0
2017-12-13,itinga,0.0
2017-12-14,itinga,0.0
2017-12-15,itinga,0.0
2017-12-16,itinga,0.0
2017-12-17,itinga,16.0
2017-12-18,itinga,12.4
2017-12-19,itinga,16.2
2017-12-20,itinga,6.2
2017-12-21,itinga,12.71
2017-12-22,itinga,0.0
2017-12-23,itinga,3.9800000000000004
2017-12-24,itinga,27.55
2017-12-25,itinga,41.4
2017-12-26,itinga,22.03
2017-12-27,itinga,0.2
2017-12-28,itinga,1.37
2017-12-29,itinga,24.44
2017-12-30,itinga,12.88
2017-12-31,itinga,0.6000000000000001
2018-01-01,itinga,1.59
2018-01-02,itinga,0.4
2018-01-03,itinga,2.37
2018-01-04,itinga,0.0
2018-01-05,itinga,0.0
2018-01-06,itinga,0.0
2018-01-07,itinga,0.4
2018-01-08,itinga,0.2
2018-01-09,itinga,3.98
2018-01-10,itinga,14.260000000000002
2018-01-11,itinga,25.580000000000002
2018-01-12,itinga,29.59
2018-01-13,itinga,21.7
2018-01-14,itinga,16.2
2018-01-15,itinga,17.92
2018-01-16,itinga,21.28
2018-01-17,itinga,47.82
2018-01-18,itinga,19.400000000000002
2018-01-19,itinga,1.4000000000000001
2018-01-20,itinga,2.18
2018-01-21,itinga,3.6
2018-01-22,itinga,15.99
2018-01-23,itinga,38.79
2018-01-24,itinga,17.43
2018-01-25,itinga,0.79
2018-01-26,itinga,16.53
2018-01-27,itinga,0.8
2018-01-28,itinga,8.85
2018-01-29,itinga,7.180000000000001
2018-01-30,itinga,2.17
2018-01-31,itinga,1.2000000000000002
2018-02-01,itinga,1.6
2018-02-02,itinga,0.0
2018-02-03,itinga,2.56
2018-02-04,itinga,0.0
2018-02-05,itinga,0.79
2018-02-06,itinga,0.0
2018-02-07,itinga,0.0
2018-02-08,itinga,0.0
2018-02-09,itinga,1.78
2018-02-10,itinga,9.25
2018-02-11,itinga,11.85
2018-02-12,itinga,10.88
2018-02-13,itinga,5.93
2018-02-14,itinga,0.6000000000000001
2018-02-15,itinga,5.140000000000001
2018-02-16,itinga,0.4
2018-02-17,itinga,0.39
2018-02-18,itinga,0.0
2018-02-19,itinga,25.83
2018-02-20,itinga,0.2
2018-02-21,itinga,12.01
2018-02-22,itinga,5.11
2018-02-23,itinga,1.5799999999999998
2018-02-24,itinga,0.6000000000000001
2018-02-25,itinga,0.4
2018-02-26,itinga,0.0
2018-02-27,itinga,4.54
2018-02-28,itinga,9.28
2018-03-01,itinga,0.0
2018-03-02,itinga,11.2
2018-03-03,itinga,1.58
2018-03-04,itinga,2.96
2018-03-05,itinga,1.18
2018-03-06,itinga,1.97
2018-03-07,itinga,1.97
2018-03-08,itinga,0.0
2018-03-09,itinga,0.0
2018-03-10,itinga,0.0
2018-03-11,itinga,0.0
2018-03-12,itinga,0.0
2018-03-13,itinga,0.4
2018-03-14,itinga,24.560000000000002
2018-03-15,itinga,0.2
2018-03-16,itinga,0.4
2018-03-17,itinga,0.8
2018-03-18,itinga,0.0
2018-03-19,itinga,0.2
2018-03-20,itinga,20.27
2018-03-21,itinga,0.8
2018-03-22,itinga,0.0
2018-03-23,itinga,0.2
2018-03-24,itinga,0.0
2018-03-25,itinga,24.580000000000002
2018-03-26,itinga,23.28
2018-03-27,itinga,2.36
2018-03-28,itinga,1.6
2018-03-29,itinga,31.88
2018-03-30,itinga,17.56
2018-03-31,itinga,2.17
2018-04-01,itinga,0.0
2018-04-02,itinga,0.0
2018-04-03,itinga,1.1800000000000002
2018-04-04,itinga,27.2
2018-04-05,itinga,0.2
2018-04-06,itinga,0.0
2018-04-07,itinga,0.0
2018-04-08,itinga,0.0
2018-04-09,itinga,0.0
2018-04-10,itinga,0.0
2018-04-11,itinga,0.0
2018-04-12,itinga,16.72
2018-04-13,itinga,6.9
2018-04-14,itinga,1.19
2018-04-15,itinga,20.31
2018-04-16,itinga,37.89
2018-04-17,itinga,12.43
2018-04-18,itinga,24.29
2018-04-19,itinga,0.0
2018-04-20,itinga,0.0
2018-04-21,itinga,0.0
2018-04-22,itinga,0.0
2018-04-23,itinga,0.0
2018-04-24,itinga,0.0
2018-04-25,itinga,0.0
2018-04-26,itinga,0.0
2018-04-27,itinga,0.0
2018-04-28,itinga,0.0
2018-04-29,itinga,0.0
2018-04-30,itinga,0.0
2018-05-01,itinga,0.4
2018-05-02,itinga,100.61
2018-05-03,itinga,0.0
2018-05-04,itinga,0.0
2018-05-05,itinga,0.2
2018-05-06,itinga,6.11
2018-05-07,itinga,22.240000000000002
2018-05-08,itinga,6.92
2018-05-09,itinga,1.2000000000000002
2018-05-10,itinga,0.2
2018-05-11,itinga,0.5900000000000001
2018-05-12,itinga,0.0
2018-05-13,itinga,0.0
2018-05-14,itinga,0.0
2018-05-15,itinga,2.17
2018-05-16,itinga,0.0
2018-05-17,itinga,0.0
2018-05-18,itinga,11.65
2018-05-19,itinga,5.52
2018-05-20,itinga,0.0
2018-05-21,itinga,0.0
2018-05-22,itinga,0.0
2018-05-23,itinga,0.0
2018-05-24,itinga,0.0
2018-05-25,itinga,0.0
2018-05-26,itinga,0.0
2018-05-27,itinga,0.0
2018-05-28,itinga,0.0
2018-05-29,itinga,1.77
2018-05-30,itinga,0.0
2018-05-31,itinga,0.0
2018-06-01,itinga,0.0
2018-06-02,itinga,9.540000000000001
2018-06-03,itinga,0.6000000000000001
2018-06-04,itinga,2.8000000000000003
2018-06-05,itinga,3.3800000000000003
2018-06-06,itinga,0.0
2018-06-07,itinga,7.260000000000001
2018-06-08,itinga,0.0
2018-06-09,itinga,0.0
2018-06-10,itinga,0.0
2018-06-11,itinga,0.0
2018-06-12,itinga,0.8
2018-06-13,itinga,0.2
2018-06-14,itinga,10.120000000000001
2018-06-15,itinga,4.4
2018-06-16,itinga,4.16
2018-06-17,itinga,0.6000000000000001
2018-06-18,itinga,0.6000000000000001
2018-06-19,itinga,1.2000000000000002
2018-06-20,itinga,0.0
2018-06-21,itinga,0.2
2018-06-22,itinga,0.0
2018-06-23,itinga,0.0
2018-06-24,itinga,0.6000000000000001
2018-06-25,itinga,0.0
2018-06-26,itinga,19.9
2018-06-27,itinga,7.09
2018-06-28,itinga,0.0
2018-06-29,itinga,0.0
2018-06-30,itinga,0.0
2018-07-01,itinga,0.0
2018-07-02,itinga,0.0
2018-07-03,itinga,1.3800000000000001
2018-07-04,itinga,1.6
2018-07-05,itinga,0.2
2018-07-06,itinga,0.2
2018-07-07,itinga,0.0
2018-07-08,itinga,5.51
2018-07-09,itinga,0.2
2018-07-10,itinga,0.0
2018-07-11,itinga,0.0
2018-07-12,itinga,0.0
2018-07-13,itinga,0.0
2018-07-14,itinga,0.0
2018-07-15,itinga,0.0
2018-07-16,itinga,0.0
2018-07-17,itinga,0.0
2018-07-18,itinga,0.0
2018-07-19,itinga,0.0
2018-07-20,itinga,0.2
2018-07-21,itinga,0.0
2018-07-22,itinga,0.0
2018-07-23,itinga,0.0
2018-07-24,itinga,11.27
2018-07-25,itinga,11.450000000000001
2018-07-26,itinga,0.0
2018-07-27,itinga,0.0
2018-07-28,itinga,0.0
2018-07-29,itinga,3.55
2018-07-30,itinga,2.6
2018-07-31,itinga,0.4
2018-08-01,itinga,0.0
2018-08-02,itinga,19.91
2018-08-03,itinga,7.71
2018-08-04,itinga,0.0
2018-08-05,itinga,0.0
2018-08-06,itinga,0.0
2018-08-07,itinga,0.0
2018-08-08,itinga,1.58
2018-08-09,itinga,0.2
2018-08-10,itinga,0.0
2018-08-11,itinga,0.0
2018-08-12,itinga,0.0
2018-08-13,itinga,0.0
2018-08-14,itinga,0.0
2018-08-15,itinga,0.0
2018-08-16,itinga,0.0
2018-08-17,itinga,0.0
2018-08-18,itinga,0.0
2018-08-19,itinga,0.0
2018-08-20,itinga,0.4
2018-08-21,itinga,3.99
2018-08-22,itinga,13.22
2018-08-23,itinga,0.4
2018-08-24,itinga,16.580000000000002
2018-08-25,itinga,0.2
2018-08-26,itinga,0.0
2018-08-27,itinga,0.0
2018-08-28,itinga,0.0
2018-08-29,itinga,0.0
2018-08-30,itinga,0.0
2018-08-31,itinga,0.0
2018-09-01,itinga,0.2
2018-09-02,itinga,13.65
2018-09-03,itinga,58.660000000000004
2018-09-04,itinga,5.180000000000001
2018-09-05,itinga,0.2
2018-09-06,itinga,0.0
2018-09-07,itinga,0.0
2018-09-08,itinga,0.0
2018-09-09,itinga,0.0
2018-09-10,itinga,0.0
2018-09-11,itinga,2.0
2018-09-12,itinga,6.380000000000001
2018-09-13,itinga,4.75
2018-09-14,itinga,3.8000000000000003
2018-09-15,itinga,4.35
2018-09-16,itinga,7.760000000000001
2018-09-17,itinga,3.0
2018-09-18,itinga,0.0
2018-09-19,itinga,0.0
2018-09-20,itinga,0.2
2018-09-21,itinga,0.0
2018-09-22,itinga,0.0
2018-09-23,itinga,0.0
2018-09-24,itinga,5.96
2018-09-25,itinga,0.0
2018-09-26,itinga,0.4
2018-09-27,itinga,0.0
2018-09-28,itinga,0.6000000000000001
2018-09-29,itinga,0.0
2018-09-30,itinga,0.0
2018-10-01,itinga,0.0
2018-10-02,itinga,7.760000000000001
2018-10-03,itinga,13.83
2018-10-04,itinga,3.8000000000000003
2018-10-05,itinga,0.0
2018-10-06,itinga,2.0
2018-10-07,itinga,17.59
2018-10-08,itinga,15.86
2018-10-09,itinga,3.85
2018-10-10,itinga,3.2
2018-10-11,itinga,11.58
2018-10-12,itinga,7.180000000000001
2018-10-13,itinga,9.030000000000001
2018-10-14,itinga,1.0
2018-10-15,itinga,0.0
2018-10-16,itinga,0.0
2018-10-17,itinga,0.0
2018-10-18,itinga,0.0
2018-10-19,itinga,0.0
2018-10-20,itinga,0.0
2018-10-21,itinga,5.970000000000001
2018-10-22,itinga,8.29
2018-10-23,itinga,1.0
2018-10-24,itinga,25.02
2018-10-25,itinga,28.380000000000003
2018-10-26,itinga,8.8
2018-10-27,itinga,0.4
2018-10-28,itinga,4.36
2018-10-29,itinga,0.6000000000000001
2018-10-30,itinga,0.0
2018-10-31,itinga,4.4
2018-11-01,itinga,6.5600000000000005
2018-11-02,itinga,2.0
2018-11-03,itinga,7.3500000000000005
2018-11-04,itinga,11.190000000000001
2018-11-05,itinga,2.0
2018-11-06,itinga,0.8
2018-11-07,itinga,1.0
2018-11-08,itinga,1.4000000000000001
2018-11-09,itinga,2.6
2018-11-10,itinga,5.2
2018-11-11,itinga,2.6
2018-11-12,itinga,1.8
2018-11-13,itinga,0.6000000000000001
2018-11-14,itinga,0.6000000000000001
2018-11-15,itinga,1.2000000000000002
2018-11-16,itinga,1.6
2018-11-17,itinga,0.4
2018-11-18,itinga,0.4
2018-11-19,itinga,0.4
2018-11-20,itinga,0.4
2018-11-21,itinga,0.2
2018-11-22,itinga,0.4
2018-11-23,itinga,4.78
2018-11-24,itinga,1.6
2018-11-25,itinga,0.2
2018-11-26,itinga,0.0
2018-11-27,itinga,0.8
2018-11-28,itinga,0.2
2018-11-29,itinga,1.18
2018-11-30,itinga,28.32
2018-12-01,itinga,0.0
2018-12-02,itinga,0.0
2018-12-03,itinga,0.0
2018-12-04,itinga,0.0
2018-12-05,itinga,0.0
2018-12-06,itinga,0.0
2018-12-07,itinga,0.6000000000000001
2018-12-08,itinga,0.0
2018-12-09,itinga,0.0
2018-12-10,itinga,0.0
2018-12-11,itinga,0.0
2018-12-12,itinga,0.0
2018-12-13,itinga,0.0
2018-12-14,itinga,1.2000000000000002
2018-12-15,itinga,0.6000000000000001
2018-12-16,itinga,0.0
2018-12-17,itinga,0.5900000000000001
2018-12-18,itinga,19.88
2018-12-19,itinga,1.19
2018-12-20,itinga,3.37
2018-12-21,itinga,11.620000000000001
2018-12-22,itinga,20.44
2018-12-23,itinga,34.97
2018-12-24,itinga,4.54
2018-12-25,itinga,6.5
2018-12-26,itinga,0.0
2018-12-27,itinga,1.18
2018-12-28,itinga,0.0
2018-12-29,itinga,0.0
2018-12-30,itinga,0.2
2018-12-31,itinga,0.0
2019-01-01,itinga,0.4
2019-01-02,itinga,0.0
2019-01-03,itinga,5.7
2019-01-04,itinga,10.05
2019-01-05,itinga,8.67
2019-01-06,itinga,0.0
2019-01-07,itinga,0.0
2019-01-08,itinga,1.0
2019-01-09,itinga,0.0
2019-01-10,itinga,0.0
2019-01-11,itinga,0.0
2019-01-12,itinga,14.35
2019-01-13,itinga,3.17
2019-01-14,itinga,16.35
2019-01-15,itinga,11.88
2019-01-16,itinga,0.4
2019-01-17,itinga,7.32
2019-01-18,itinga,4.13
2019-01-19,itinga,48.99
2019-01-20,itinga,2.6
2019-01-21,itinga,1.1800000000000002
2019-01-22,itinga,0.0
2019-01-23,itinga,0.0
2019-01-24,itinga,0.79
2019-01-25,itinga,3.76
2019-01-26,itinga,2.8000000000000003
2019-01-27,itinga,24.779999999999998
2019-01-28,itinga,0.2
2019-01-29,itinga,0.0
2019-01-30,itinga,0.0
2019-01-31,itinga,0.0
2019-02-01,itinga,30.68
2019-02-02,itinga,9.26
2019-02-03,itinga,14.39
2019-02-04,itinga,3.39
2019-02-05,itinga,3.0
2019-02-06,itinga,0.0
2019-02-07,itinga,0.0
2019-02-08,itinga,0.0
2019-02-09,itinga,0.0
2019-02-10,itinga,0.0
2019-02-11,itinga,7.87
2019-02-12,itinga,0.4
2019-02-13,itinga,0.0
2019-02-14,itinga,0.0
2019-02-15,itinga,33.51
2019-02-16,itinga,13.120000000000001
2019-02-17,itinga,61.910000000000004
2019-02-18,itinga,46.13
2019-02-19,itinga,18.73
2019-02-20,itinga,2.4000000000000004
2019-02-21,itinga,4.4
2019-02-22,itinga,21.380000000000003
2019-02-23,itinga,5.2
2019-02-24,itinga,0.4
2019-02-25,itinga,0.6000000000000001
2019-02-26,itinga,0.6000000000000001
2019-02-27,itinga,5.0
2019-02-28,itinga,16.0
2019-03-01,itinga,10.0
2019-03-02,itinga,4.0
2019-03-03,itinga,1.0
2019-03-04,itinga,2.5700000000000003
2019-03-05,itinga,0.0
2019-03-06,itinga,10.63
2019-03-07,itinga,0.6000000000000001
2019-03-08,itinga,0.2
2019-03-09,itinga,2.95
2019-03-10,itinga,1.9900000000000002
2019-03-11,itinga,0.8
2019-03-12,itinga,0.4
2019-03-13,itinga,11.6
2019-03-14,itinga,48.15
2019-03-15,itinga,61.77
2019-03-16,itinga,5.4
2019-03-17,itinga,0.99
2019-03-18,itinga,8.49
2019-03-19,itinga,1.8
2019-03-20,itinga,0.0
2019-03-21,itinga,3.17
2019-03-22,itinga,5.94
2019-03-23,itinga,0.39
2019-03-24,itinga,0.2
2019-03-25,itinga,0.0
2019-03-26,itinga,5.7700000000000005
2019-03-27,itinga,9.44
2019-03-28,itinga,12.16
2019-03-29,itinga,11.8
2019-03-30,itinga,0.0
2019-03-31,itinga,0.0
2019-04-01,itinga,0.0
2019-04-02,itinga,0.0
2019-04-03,itinga,0.0
2019-04-04,itinga,0.0
2019-04-05,itinga,0.2
2019-04-06,itinga,14.950000000000001
2019-04-07,itinga,11.8
2019-04-08,itinga,28.39
2019-04-09,itinga,9.07
2019-04-10,itinga,0.2
2019-04-11,itinga,0.0
2019-04-12,itinga,0.0
2019-04-13,itinga,0.0
2019-04-14,itinga,0.0
2019-04-15,itinga,0.0
2019-04-16,itinga,4.91
2019-04-17,itinga,0.0
2019-04-18,itinga,0.0
2019-04-19,itinga,0.0
2019-04-20,itinga,0.0
2019-04-21,itinga,11.61
2019-04-22,itinga,17.66
2019-04-23,itinga,11.0
2019-04-24,itinga,27.8
2019-04-25,itinga,0.0
2019-04-26,itinga,0.0
2019-04-27,itinga,12.8
2019-04-28,itinga,3.0
2019-04-29,itinga,0.6000000000000001
2019-04-30,itinga,0.0
2019-05-01,itinga,0.2
2019-05-02,itinga,2.17
2019-05-03,itinga,0.0
2019-05-04,itinga,0.0
2019-05-05,itinga,0.0
2019-05-06,itinga,1.5899999999999999
2019-05-07,itinga,1.79
2019-05-08,itinga,0.0
2019-05-09,itinga,0.6000000000000001
2019-05-10,itinga,0.2
2019-05-11,itinga,9.73
2019-05-12,itinga,7.0
2019-05-13,itinga,4.800000000000001
2019-05-14,itinga,0.6000000000000001
2019-05-15,itinga,4.17
2019-05-16,itinga,5.2
2019-05-17,itinga,3.2
2019-05-18,itinga,4.6000000000000005
2019-05-19,itinga,9.200000000000001
2019-05-20,itinga,11.200000000000001
2019-05-21,itinga,1.0
2019-05-22,itinga,0.0
2019-05-23,itinga,11.5
2019-05-24,itinga,6.6000000000000005
2019-05-25,itinga,3.6
2019-05-26,itinga,2.6
2019-05-27,itinga,2.8000000000000003
2019-05-28,itinga,1.4000000000000001
2019-05-29,itinga,1.6
2019-05-30,itinga,6.2
2019-05-31,itinga,43.85
2019-06-01,itinga,40.77
2019-06-02,itinga,19.67
2019-06-03,itinga,12.98
2019-06-04,itinga,8.0
2019-06-05,itinga,2.8000000000000003
2019-06-06,itinga,0.8
2019-06-07,itinga,1.4000000000000001
2019-06-08,itinga,1.6
2019-06-09,itinga,1.2000000000000002
2019-06-10,itinga,0.6000000000000001
2019-06-11,itinga,0.6000000000000001
2019-06-12,itinga,0.4
2019-06-13,itinga,0.0
2019-06-14,itinga,0.0
2019-06-15,itinga,0.2
2019-06-16,itinga,0.2
2019-06-17,itinga,0.0
2019-06-18,itinga,0.0
2019-06-19,itinga,0.0
2019-06-20,itinga,0.0
2019-06-21,itinga,0.0
2019-06-22,itinga,0.0
2019-06-23,itinga,0.0
2019-06-24,itinga,0.0
2019-06-25,itinga,0.0
2019-06-26,itinga,23.11
2019-06-27,itinga,7.0
2019-06-28,itinga,2.8000000000000003
2019-06-29,itinga,1.8
2019-06-30,itinga,1.2000000000000002
2019-07-01,itinga,0.8
2019-07-02,itinga,2.6
2019-07-03,itinga,7.800000000000001
2019-07-04,itinga,3.0
2019-07-05,itinga,1.0
2019-07-06,itinga,0.6000000000000001
2019-07-07,itinga,0.6000000000000001
2019-07-08,itinga,0.4
2019-07-09,itinga,0.6000000000000001
2019-07-10,itinga,3.0
2019-07-11,itinga,4.0
2019-07-12,itinga,3.99
2019-07-13,itinga,0.2
2019-07-14,itinga,1.8
2019-07-15,itinga,7.78
2019-07-16,itinga,0.0
2019-07-18,itinga,0.0
2019-07-19,itinga,0.0
2019-07-20,itinga,0.0
2019-07-22,itinga,0.0
2019-07-23,itinga,12.37
2019-07-24,itinga,0.0
2019-07-25,itinga,0.0
2019-07-26,itinga,0.0
2019-07-27,itinga,4.53
2019-07-28,itinga,0.0
2019-07-29,itinga,0.0
2019-07-30,itinga,0.0
2019-07-31,itinga,0.0
2019-08-01,itinga,0.0
2019-08-02,itinga,2.75
2019-08-03,itinga,0.0
2019-08-04,itinga,0.0
2019-08-05,itinga,0.6000000000000001
2019-08-06,itinga,0.2
2019-08-07,itinga,0.0
2019-08-08,itinga,0.0
2019-08-09,itinga,0.2
2019-08-10,itinga,0.2
2019-08-11,itinga,0.4
2019-08-12,itinga,0.0
2019-08-13,itinga,5.109999999999999
2019-08-14,itinga,0.4
2019-08-15,itinga,0.4
2019-08-16,itinga,0.0
2019-08-17,itinga,0.0
2019-08-18,itinga,4.34
2019-08-19,itinga,13.41
2019-08-20,itinga,0.6000000000000001
2019-08-21,itinga,0.8
2019-08-22,itinga,1.19
2019-08-23,itinga,0.2
2019-08-24,itinga,0.0
2019-08-25,itinga,0.0
2019-08-26,itinga,1.8
2019-08-27,itinga,0.0
2019-08-28,itinga,0.0
2019-08-30,itinga,0.0
2019-08-31,itinga,7.52
2019-09-01,itinga,35.230000000000004
2019-09-02,itinga,0.2
2019-09-03,itinga,0.6000000000000001
2019-09-04,itinga,1.78
2019-09-05,itinga,0.4
2019-09-06,itinga,20.650000000000002
2019-09-07,itinga,0.0
2019-09-08,itinga,0.0
2019-09-09,itinga,0.0
2019-09-10,itinga,0.0
2019-09-11,itinga,0.0
2019-09-12,itinga,7.89
2019-09-13,itinga,2.2
2019-09-14,itinga,0.6000000000000001
2019-09-15,itinga,0.0
2019-09-16,itinga,0.2
2019-09-17,itinga,0.2
2019-09-18,itinga,21.65
2019-09-19,itinga,45.9
2019-09-20,itinga,22.669999999999998
2019-09-21,itinga,1.9900000000000002
2019-09-22,itinga,0.2
2019-09-23,itinga,0.0
2019-09-24,itinga,1.98
2019-09-25,itinga,2.37
2019-09-26,itinga,1.9900000000000002
2019-09-27,itinga,0.0
2019-09-28,itinga,0.6000000000000001
2019-09-29,itinga,1.79
2019-09-30,itinga,0.4
2019-10-01,itinga,0.0
2019-10-02,itinga,0.0
2019-10-03,itinga,0.6000000000000001
2019-10-04,itinga,5.12
2019-10-05,itinga,2.58
2019-10-06,itinga,15.14
2019-10-07,itinga,18.79
2019-10-08,itinga,0.0
2019-10-10,itinga,0.0
2019-10-11,itinga,0.0
2019-10-12,itinga,0.0
2019-10-13,itinga,2.5700000000000003
2019-10-14,itinga,4.4
2019-10-15,itinga,11.770000000000001
2019-10-16,itinga,14.33
2019-10-17,itinga,2.8000000000000003
2019-10-18,itinga,1.8
2019-10-19,itinga,1.6
2019-10-20,itinga,0.2
2019-10-21,itinga,5.0
2019-10-22,itinga,0.0
2019-10-23,itinga,0.0
2019-10-24,itinga,0.0
2019-10-25,itinga,1.3800000000000001
2019-10-26,itinga,6.53
2019-10-27,itinga,15.040000000000001
2019-10-28,itinga,0.0
2019-10-29,itinga,0.0
2019-10-30,itinga,0.0
2019-10-31,itinga,0.0
2019-11-01,itinga,4.5600000000000005
2019-11-02,itinga,3.2
2019-11-03,itinga,0.0
2019-11-04,itinga,0.0
2019-11-05,itinga,0.0
2019-11-06,itinga,0.0
2019-11-07,itinga,0.0
2019-11-08,itinga,0.0
2019-11-09,itinga,0.0
2019-11-10,itinga,0.0
2019-11-11,itinga,0.0
2019-11-12,itinga,50.1
2019-11-13,itinga,4.58
2019-11-14,itinga,7.0
2019-11-15,itinga,9.600000000000001
2019-11-16,itinga,0.0
2019-11-17,itinga,0.0
2019-11-18,itinga,0.0
2019-11-19,itinga,0.4
2019-11-20,itinga,5.96
2019-11-21,itinga,1.3900000000000001
2019-11-22,itinga,0.8
2019-11-23,itinga,5.19
2019-11-24,itinga,0.0
2019-11-25,itinga,0.0
2019-11-26,itinga,4.390000000000001
2019-11-27,itinga,55.4
2019-11-28,itinga,1.2000000000000002
2019-11-29,itinga,0.0
2019-11-30,itinga,0.0
2019-12-01,itinga,0.0
2019-12-02,itinga,0.0
2019-12-03,itinga,0.0
2019-12-04,itinga,13.67
2019-12-05,itinga,15.74
2019-12-06,itinga,0.0
2019-12-07,itinga,0.0
2019-12-08,itinga,0.2
2019-12-09,itinga,1.8
2019-12-10,itinga,0.0
2019-12-11,itinga,0.0
2019-12-12,itinga,0.0
2019-12-13,itinga,0.6000000000000001
2019-12-14,itinga,2.2
2019-12-15,itinga,4.4
2019-12-16,itinga,12.24
2019-12-17,itinga,35.57
2019-12-18,itinga,9.700000000000001
2019-12-19,itinga,1.2000000000000002
2019-12-20,itinga,0.0
2019-12-21,itinga,0.4
2019-12-22,itinga,0.2
2019-12-23,itinga,0.4
2019-12-24,itinga,0.2
2019-12-25,itinga,0.2
2019-12-26,itinga,0.0
2019-12-27,itinga,0.0
2019-12-28,itinga,0.0
2019-12-29,itinga,0.6000000000000001
2019-12-30,itinga,0.0
2019-12-31,itinga,0.0
2020-01-01,itinga,3.18
2020-01-02,itinga,3.6
2020-01-03,itinga,0.8
2020-01-04,itinga,10.200000000000001
2020-01-05,itinga,47.82
2020-01-06,itinga,14.73
2020-01-07,itinga,1.6
2020-01-08,itinga,20.1
2020-01-09,itinga,0.2
2020-01-10,itinga,1.38
2020-01-11,itinga,23.93
2020-01-12,itinga,0.2
2020-01-13,itinga,0.0
2020-01-14,itinga,0.0
2020-01-15,itinga,0.0
2020-01-16,itinga,3.6
2020-01-17,itinga,0.2
2020-01-18,itinga,1.4000000000000001
2020-01-19,itinga,1.4000000000000001
2020-01-20,itinga,0.0
2020-01-21,itinga,0.0
2020-01-22,itinga,3.0
2020-01-23,itinga,0.6000000000000001
2020-01-24,itinga,4.0
2020-01-25,itinga,3.2
2020-01-26,itinga,0.0
2020-01-27,itinga,2.38
2020-01-28,itinga,0.6000000000000001
2020-01-29,itinga,0.4
2020-01-30,itinga,0.4
2020-01-31,itinga,0.4
2020-02-01,itinga,1.4000000000000001
2020-02-02,itinga,6.4
2020-02-03,itinga,24.66
2020-02-04,itinga,9.76
2020-02-05,itinga,29.1
2020-02-06,itinga,53.61
2020-02-07,itinga,53.410000000000004
2020-02-08,itinga,50.21
2020-02-09,itinga,50.49
2020-02-10,itinga,2.99
2020-02-11,itinga,1.4000000000000001
2020-02-12,itinga,3.16
2020-02-13,itinga,1.2000000000000002
2020-02-14,itinga,0.0
2020-02-15,itinga,0.0
2020-02-16,itinga,0.0
2020-02-17,itinga,0.0
2020-02-18,itinga,0.0
2020-02-19,itinga,1.2000000000000002
2020-02-20,itinga,3.3400000000000003
2020-02-21,itinga,0.2
2020-02-22,itinga,0.0
2020-02-23,itinga,0.0
2020-02-24,itinga,0.0
2020-02-25,itinga,8.17
2020-02-26,itinga,34.48
2020-02-27,itinga,5.6000000000000005
2020-02-28,itinga,7.4
2020-02-29,itinga,1.2000000000000002
2020-03-01,itinga,0.4
2020-03-02,itinga,2.8000000000000003
2020-03-03,itinga,49.06
2020-03-04,itinga,0.0
2020-03-05,itinga,0.0
2020-03-06,itinga,0.0
2020-03-07,itinga,0.0
2020-03-08,itinga,0.0
2020-03-09,itinga,0.0
2020-03-10,itinga,0.0
2020-03-11,itinga,0.0
2020-03-12,itinga,0.0
2020-03-13,itinga,0.0
2020-03-14,itinga,0.0
2020-03-15,itinga,0.0
2020-03-16,itinga,0.0
2020-03-17,itinga,0.8
2020-03-18,itinga,2.8000000000000003
2020-03-19,itinga,0.0
2020-03-20,itinga,0.0
2020-03-21,itinga,0.4
2020-03-22,itinga,0.2
2020-03-23,itinga,0.2
2020-03-24,itinga,0.0
2020-03-25,itinga,0.2
2020-03-26,itinga,0.0
2020-03-27,itinga,1.9900000000000002
2020-03-28,itinga,0.2
2020-03-29,itinga,0.0
2020-03-30,itinga,0.0
2020-03-31,itinga,0.0
2020-04-01,itinga,0.0
2020-04-02,itinga,0.0
2020-04-03,itinga,0.0
2020-04-04,itinga,0.0
2020-04-05,itinga,0.0
2020-04-06,itinga,2.0
2020-04-07,itinga,0.6000000000000001
2020-04-08,itinga,0.8
2020-04-09,itinga,0.2
2020-04-10,itinga,0.0
2020-04-11,itinga,0.0
2020-04-12,itinga,0.0
2020-04-13,itinga,0.0
2020-04-14,itinga,1.0
2020-04-15,itinga,0.2
2020-04-16,itinga,0.0
2020-04-17,itinga,0.0
2020-04-18,itinga,0.0
2020-04-19,itinga,1.2000000000000002
2020-04-20,itinga,0.4
2020-04-21,itinga,0.0
2020-04-22,itinga,0.0
2020-04-23,itinga,3.36
2020-04-24,itinga,0.0
2020-04-25,itinga,0.2
2020-04-26,itinga,0.0
2020-04-27,itinga,1.6
2020-04-28,itinga,0.8
2020-04-29,itinga,1.4000000000000001
2020-04-30,itinga,0.6000000000000001
2020-05-01,itinga,1.0
2020-05-02,itinga,1.0
2020-05-03,itinga,0.0
2020-05-04,itinga,0.0
2020-05-05,itinga,0.0
2020-05-06,itinga,0.4
2020-05-07,itinga,0.4
2020-05-08,itinga,0.2
2020-05-09,itinga,0.2
2020-05-10,itinga,0.0
2020-05-11,itinga,0.0
2020-05-12,itinga,0.0
2020-05-13,itinga,0.6000000000000001
2020-05-14,itinga,1.0
2020-05-15,itinga,0.4
2020-05-16,itinga,5.36
2020-05-17,itinga,0.4
2020-05-18,itinga,0.2
2020-05-19,itinga,0.2
2020-05-20,itinga,0.4
2020-05-21,itinga,0.2
2020-05-22,itinga,0.2
2020-05-23,itinga,0.0
2020-05-24,itinga,0.0
2020-05-25,itinga,0.0
2020-05-26,itinga,0.0
2020-05-27,itinga,0.0
2020-05-28,itinga,0.0
2020-05-29,itinga,0.0
2020-05-30,itinga,0.0
2020-05-31,itinga,0.2
2020-06-01,itinga,4.2
2020-06-02,itinga,1.0
2020-06-03,itinga,0.4
2020-06-04,itinga,0.6000000000000001
2020-06-05,itinga,0.4
2020-06-06,itinga,1.2000000000000002
2020-06-07,itinga,0.6000000000000001
2020-06-08,itinga,0.4
2020-06-09,itinga,0.4
2020-06-10,itinga,0.4
2020-06-11,itinga,0.4
2020-06-12,itinga,0.6000000000000001
2020-06-13,itinga,0.4
2020-06-14,itinga,0.4
2020-06-15,itinga,0.6000000000000001
2020-06-16,itinga,0.4
2020-06-17,itinga,0.4
2020-06-18,itinga,0.6000000000000001
2020-06-19,itinga,0.2
2020-06-20,itinga,0.4
2020-06-21,itinga,0.0
2020-06-22,itinga,0.4
2020-06-23,itinga,0.2
2020-06-24,itinga,3.56
2020-06-25,itinga,0.2
2020-06-26,itinga,0.2
2020-06-27,itinga,0.2
2020-06-28,itinga,0.2
2020-06-29,itinga,0.2
2020-06-30,itinga,0.0
2020-07-01,itinga,0.2
2020-07-02,itinga,0.2
2020-07-03,itinga,0.0
2020-07-04,itinga,0.2
2020-07-05,itinga,0.2
2020-07-06,itinga,0.2
2020-07-07,itinga,0.2
2020-07-08,itinga,0.2
2020-07-09,itinga,0.2
2020-07-10,itinga,0.0
2020-07-11,itinga,0.2
2020-07-12,itinga,0.2
2020-07-13,itinga,0.2
2020-07-14,itinga,0.2
2020-07-15,itinga,0.2
2020-07-16,itinga,0.0
2020-07-17,itinga,0.0
2020-07-18,itinga,0.2
2020-07-19,itinga,0.2
2020-07-20,itinga,0.0
2020-07-21,itinga,0.0
2020-07-22,itinga,0.2
2020-07-23,itinga,0.2
2020-07-24,itinga,0.0
2020-07-25,itinga,0.2
2020-07-26,itinga,0.2
2020-07-27,itinga,0.0
2020-07-28,itinga,0.2
2020-07-29,itinga,0.0
2020-07-30,itinga,0.2
2020-07-31,itinga,0.0
2020-08-01,itinga,0.2
2020-08-02,itinga,0.0
2020-08-03,itinga,0.2
2020-08-04,itinga,0.0
2020-08-05,itinga,0.0
2020-08-06,itinga,0.0
2020-08-07,itinga,0.2
2020-08-08,itinga,0.0
2020-08-09,itinga,0.0
2020-08-10,itinga,0.0
2020-08-11,itinga,0.0
2020-08-12,itinga,0.0
2020-08-13,itinga,0.0
2020-08-14,itinga,0.0
2020-08-15,itinga,0.0
2020-08-16,itinga,0.0
2020-08-17,itinga,0.0
2020-08-18,itinga,0.0
2020-08-19,itinga,0.0
2020-08-20,itinga,0.2
2020-08-21,itinga,0.0
2020-08-22,itinga,0.0
2020-08-23,itinga,0.0
2020-08-24,itinga,0.0
2020-08-25,itinga,0.2
2020-08-26,itinga,0.0
2020-08-27,itinga,0.0
2020-08-28,itinga,0.0
2020-08-29,itinga,0.0
2020-08-30,itinga,0.0
2020-08-31,itinga,0.0
2020-09-01,itinga,0.0
2020-09-02,itinga,0.0
2020-09-03,itinga,0.0
2020-09-04,itinga,0.0
2020-09-05,itinga,0.0
2020-09-06,itinga,0.2
2020-09-07,itinga,0.0
2020-09-08,itinga,0.0
2020-09-09,itinga,0.0
2020-09-10,itinga,0.0
2020-09-11,itinga,0.0
2020-09-12,itinga,0.0
2020-09-13,itinga,0.0
2020-09-14,itinga,0.0
2020-09-15,itinga,0.0
2020-09-16,itinga,0.0
2020-09-17,itinga,0.0
2020-09-18,itinga,0.0
2020-09-19,itinga,0.0
2020-09-20,itinga,0.0
2020-09-21,itinga,0.0
2020-09-22,itinga,0.0
2020-09-23,itinga,0.0
2020-09-24,itinga,0.0
2020-09-25,itinga,0.0
2020-09-26,itinga,0.0
2020-09-27,itinga,0.0
2020-09-28,itinga,0.0
2020-09-29,itinga,0.0
2020-09-30,itinga,0.0
2020-10-01,itinga,0.0
2020-10-02,itinga,30.62
2020-10-03,itinga,0.0
2020-10-04,itinga,0.0
2020-10-05,itinga,0.0
2020-10-06,itinga,0.0
2020-10-07,itinga,0.0
2020-10-08,itinga,0.0
2020-10-09,itinga,0.2
2020-10-10,itinga,0.0
2020-10-11,itinga,0.0
2020-10-12,itinga,0.0
2020-10-13,itinga,0.0
2020-10-14,itinga,0.0
2020-10-15,itinga,0.0
2020-10-16,itinga,0.2
2020-10-17,itinga,0.0
2020-10-18,itinga,0.0
2020-10-19,itinga,0.0
2020-10-20,itinga,0.0
2020-10-21,itinga,0.0
2020-10-22,itinga,0.0
2020-10-23,itinga,0.2
2020-10-24,itinga,0.0
2020-10-25,itinga,0.0
2020-10-26,itinga,0.0
2020-10-27,itinga,1.0
2020-10-28,itinga,0.0
2020-10-29,itinga,3.7800000000000002
2020-10-30,itinga,6.53
2020-10-31,itinga,1.19
2020-11-01,itinga,0.2
2020-11-02,itinga,0.0
2020-11-03,itinga,0.0
2020-11-04,itinga,0.0
2020-11-05,itinga,0.0
2020-11-06,itinga,0.0
2020-11-07,itinga,0.0
2020-11-08,itinga,0.0
2020-11-09,itinga,2.96
2020-11-10,itinga,0.0
2020-11-11,itinga,14.58
2020-11-12,itinga,9.65
2020-11-13,itinga,0.2
2020-11-14,itinga,0.0
2020-11-15,itinga,3.7600000000000002
2020-11-16,itinga,10.32
2020-11-17,itinga,0.4
2020-11-18,itinga,30.1
2020-11-19,itinga,9.33
2020-11-20,itinga,0.0
2020-11-21,itinga,6.11
2020-11-22,itinga,0.2
2020-11-23,itinga,0.6000000000000001
2020-11-24,itinga,0.2
2020-11-25,itinga,1.0
2020-11-26,itinga,0.0
2020-11-27,itinga,40.35
2020-11-28,itinga,0.0
2020-11-29,itinga,0.0
2020-11-30,itinga,4.34
2020-12-01,itinga,0.6000000000000001
2020-12-02,itinga,0.2
2020-12-03,itinga,25.28
2020-12-04,itinga,0.0
2020-12-05,itinga,54.71
2020-12-06,itinga,32.7
2020-12-07,itinga,3.2
2020-12-08,itinga,6.2
2020-12-09,itinga,0.6000000000000001
2020-12-10,itinga,4.74
2020-12-11,itinga,0.0
2020-12-12,itinga,0.2
2020-12-13,itinga,0.0
2020-12-14,itinga,0.0
2020-12-15,itinga,0.4
2020-12-16,itinga,0.2
2020-12-17,itinga,0.2
2020-12-18,itinga,0.2
2020-12-19,itinga,0.0
2020-12-20,itinga,0.2
2020-12-21,itinga,0.2
2020-12-22,itinga,0.0
2020-12-23,itinga,0.0
2020-12-24,itinga,0.2
2020-12-25,itinga,0.0
2020-12-26,itinga,0.2
2020-12-27,itinga,0.2
2020-12-28,itinga,0.2
2020-12-29,itinga,0.4
2020-12-30,itinga,0.0
2014-07-31,novabrasilia,0.0
2014-08-01,novabrasilia,0.0
2014-08-02,novabrasilia,0.0
2014-08-03,novabrasilia,0.0
2014-08-04,novabrasilia,0.0
2014-08-05,novabrasilia,0.0
2014-08-06,novabrasilia,0.0
2014-08-07,novabrasilia,0.0
2014-08-08,novabrasilia,0.0
2014-08-09,novabrasilia,0.0
2014-08-10,novabrasilia,0.0
2014-08-11,novabrasilia,0.0
2014-08-12,novabrasilia,0.0
2014-08-13,novabrasilia,0.0
2014-08-14,novabrasilia,0.0
2014-08-15,novabrasilia,0.0
2014-08-16,novabrasilia,0.0
2014-08-17,novabrasilia,0.0
2014-08-18,novabrasilia,0.0
2014-08-19,novabrasilia,0.0
2014-08-20,novabrasilia,0.0
2014-08-21,novabrasilia,0.0
2014-08-22,novabrasilia,0.0
2014-08-23,novabrasilia,0.0
2014-08-24,novabrasilia,0.0
2014-08-25,novabrasilia,0.0
2014-08-26,novabrasilia,0.0
2014-08-27,novabrasilia,0.0
2014-08-28,novabrasilia,0.0
2014-08-29,novabrasilia,0.0
2014-08-30,novabrasilia,0.0
2014-08-31,novabrasilia,0.0
2014-09-01,novabrasilia,0.0
2014-09-02,novabrasilia,0.0
2014-09-03,novabrasilia,0.0
2014-09-04,novabrasilia,0.0
2014-09-05,novabrasilia,0.0
2014-09-06,novabrasilia,0.0
2014-09-07,novabrasilia,0.0
2014-09-08,novabrasilia,0.0
2014-09-09,novabrasilia,0.0
2014-09-10,novabrasilia,0.0
2014-09-11,novabrasilia,0.0
2014-09-12,novabrasilia,0.0
2014-09-13,novabrasilia,0.0
2014-09-14,novabrasilia,0.0
2014-09-15,novabrasilia,0.0
2014-09-16,novabrasilia,0.0
2014-09-17,novabrasilia,0.0
2014-09-18,novabrasilia,0.0
2014-09-19,novabrasilia,0.0
2014-09-20,novabrasilia,0.0
2014-09-21,novabrasilia,0.0
2014-09-22,novabrasilia,0.0
2014-09-23,novabrasilia,0.0
2014-09-24,novabrasilia,0.0
2014-09-25,novabrasilia,0.0
2014-09-26,novabrasilia,0.0
2014-09-27,novabrasilia,0.0
2014-09-28,novabrasilia,0.0
2014-09-29,novabrasilia,0.0
2014-09-30,novabrasilia,0.0
2014-10-01,novabrasilia,0.0
2014-10-02,novabrasilia,0.0
2014-10-03,novabrasilia,0.0
2014-10-04,novabrasilia,0.0
2014-10-05,novabrasilia,0.0
2014-10-06,novabrasilia,0.0
2014-10-07,novabrasilia,0.0
2014-10-08,novabrasilia,0.0
2014-10-09,novabrasilia,0.0
2014-10-10,novabrasilia,0.0
2014-10-11,novabrasilia,0.0
2014-10-12,novabrasilia,0.0
2014-10-13,novabrasilia,0.0
2014-10-14,novabrasilia,0.0
2014-10-15,novabrasilia,0.0
2014-10-16,novabrasilia,0.0
2014-10-17,novabrasilia,0.0
2014-10-18,novabrasilia,0.0
2014-10-19,novabrasilia,0.0
2014-10-20,novabrasilia,0.0
2014-10-21,novabrasilia,0.0
2014-10-22,novabrasilia,0.0
2014-10-23,novabrasilia,0.0
2014-10-24,novabrasilia,0.0
2014-10-25,novabrasilia,0.0
2014-10-26,novabrasilia,0.0
2014-10-27,novabrasilia,0.0
2014-10-28,novabrasilia,0.0
2014-10-29,novabrasilia,0.0
2014-10-30,novabrasilia,0.0
2014-10-31,novabrasilia,0.0
2014-11-01,novabrasilia,0.0
2014-11-02,novabrasilia,0.0
2014-11-03,novabrasilia,0.0
2014-11-04,novabrasilia,0.0
2014-11-05,novabrasilia,0.0
2014-11-06,novabrasilia,0.0
2014-11-07,novabrasilia,0.0
2014-11-08,novabrasilia,0.0
2014-11-09,novabrasilia,0.0
2014-11-10,novabrasilia,0.0
2014-11-11,novabrasilia,0.0
2014-11-12,novabrasilia,0.0
2014-11-13,novabrasilia,0.0
2014-11-14,novabrasilia,0.0
2014-11-15,novabrasilia,0.0
2014-11-16,novabrasilia,0.0
2014-11-17,novabrasilia,0.0
2014-11-18,novabrasilia,0.0
2014-11-19,novabrasilia,0.0
2014-11-20,novabrasilia,0.0
2014-11-21,novabrasilia,0.0
2014-11-22,novabrasilia,0.0
2014-11-23,novabrasilia,0.0
2014-11-24,novabrasilia,0.0
2014-11-25,novabrasilia,0.0
2014-11-26,novabrasilia,0.0
2014-11-27,novabrasilia,0.0
2014-11-28,novabrasilia,0.0
2014-11-29,novabrasilia,0.0
2014-11-30,novabrasilia,0.0
2014-12-01,novabrasilia,0.0
2014-12-02,novabrasilia,0.0
2014-12-03,novabrasilia,0.0
2014-12-04,novabrasilia,0.0
2014-12-05,novabrasilia,0.0
2014-12-06,novabrasilia,0.0
2014-12-07,novabrasilia,0.0
2014-12-08,novabrasilia,0.0
2014-12-09,novabrasilia,0.0
2014-12-10,novabrasilia,0.0
2014-12-11,novabrasilia,0.0
2014-12-12,novabrasilia,0.0
2014-12-13,novabrasilia,0.0
2014-12-14,novabrasilia,0.0
2014-12-15,novabrasilia,0.0
2014-12-16,novabrasilia,0.0
2014-12-17,novabrasilia,0.0
2014-12-18,novabrasilia,0.0
2014-12-19,novabrasilia,0.0
2014-12-20,novabrasilia,0.0
2014-12-21,novabrasilia,0.0
2014-12-22,novabrasilia,0.0
2014-12-23,novabrasilia,0.0
2014-12-24,novabrasilia,0.0
2014-12-25,novabrasilia,0.0
2014-12-26,novabrasilia,0.0
2014-12-27,novabrasilia,0.0
2014-12-28,novabrasilia,0.0
2014-12-29,novabrasilia,0.0
2014-12-30,novabrasilia,0.0
2014-12-31,novabrasilia,0.0
2015-01-01,novabrasilia,0.0
2015-01-02,novabrasilia,0.0
2015-01-03,novabrasilia,0.0
2015-01-04,novabrasilia,0.0
2015-01-05,novabrasilia,0.0
2015-01-06,novabrasilia,0.0
2015-01-07,novabrasilia,0.0
2015-01-08,novabrasilia,0.0
2015-01-09,novabrasilia,0.0
2015-01-10,novabrasilia,0.0
2015-01-11,novabrasilia,0.0
2015-01-12,novabrasilia,0.0
2015-01-13,novabrasilia,0.0
2015-01-14,novabrasilia,0.0
2015-01-15,novabrasilia,0.0
2015-01-16,novabrasilia,0.0
2015-01-17,novabrasilia,0.0
2015-01-18,novabrasilia,0.0
2015-01-19,novabrasilia,0.0
2015-01-20,novabrasilia,0.0
2015-01-21,novabrasilia,0.0
2015-01-22,novabrasilia,0.0
2015-01-23,novabrasilia,0.0
2015-01-24,novabrasilia,0.0
2015-01-25,novabrasilia,0.0
2015-01-26,novabrasilia,0.0
2015-01-27,novabrasilia,0.0
2015-01-28,novabrasilia,0.0
2015-01-29,novabrasilia,0.0
2015-01-30,novabrasilia,0.0
2015-01-31,novabrasilia,0.0
2015-02-01,novabrasilia,0.0
2015-02-02,novabrasilia,0.0
2015-02-03,novabrasilia,0.0
2015-02-04,novabrasilia,0.0
2015-02-05,novabrasilia,0.0
2015-02-06,novabrasilia,0.0
2015-02-07,novabrasilia,0.0
2015-02-08,novabrasilia,0.0
2015-02-09,novabrasilia,0.0
2015-02-10,novabrasilia,0.0
2015-02-11,novabrasilia,0.0
2015-02-12,novabrasilia,0.0
2015-02-13,novabrasilia,0.0
2015-02-14,novabrasilia,0.0
2015-02-15,novabrasilia,0.0
2015-02-16,novabrasilia,0.0
2015-02-17,novabrasilia,0.0
2015-02-18,novabrasilia,0.0
2015-02-19,novabrasilia,0.0
2015-02-20,novabrasilia,0.0
2015-02-21,novabrasilia,0.0
2015-02-22,novabrasilia,0.0
2015-02-23,novabrasilia,0.0
2015-02-24,novabrasilia,0.0
2015-02-25,novabrasilia,0.0
2015-02-26,novabrasilia,0.0
2015-02-27,novabrasilia,0.0
2015-02-28,novabrasilia,0.0
2015-03-01,novabrasilia,0.0
2015-03-02,novabrasilia,0.0
2015-03-03,novabrasilia,0.0
2015-03-04,novabrasilia,0.0
2015-03-05,novabrasilia,0.0
2015-03-06,novabrasilia,0.0
2015-03-07,novabrasilia,0.0
2015-03-08,novabrasilia,0.0
2015-03-09,novabrasilia,0.0
2015-03-10,novabrasilia,0.0
2015-03-11,novabrasilia,0.0
2015-03-12,novabrasilia,0.0
2015-03-13,novabrasilia,0.0
2015-03-14,novabrasilia,0.0
2015-03-15,novabrasilia,0.0
2015-03-16,novabrasilia,0.0
2015-03-17,novabrasilia,0.0
2015-03-18,novabrasilia,0.0
2015-03-19,novabrasilia,0.0
2015-03-20,novabrasilia,0.0
2015-03-21,novabrasilia,0.0
2015-03-22,novabrasilia,0.0
2015-03-23,novabrasilia,0.0
2015-03-24,novabrasilia,0.0
2015-03-25,novabrasilia,0.0
2015-03-26,novabrasilia,0.0
2015-03-27,novabrasilia,0.0
2015-03-28,novabrasilia,0.0
2015-03-29,novabrasilia,0.0
2015-03-30,novabrasilia,0.0
2015-03-31,novabrasilia,0.0
2015-04-01,novabrasilia,0.0
2015-04-02,novabrasilia,0.0
2015-04-03,novabrasilia,0.0
2015-04-04,novabrasilia,0.0
2015-04-05,novabrasilia,0.0
2015-04-06,novabrasilia,0.0
2015-04-07,novabrasilia,0.0
2015-04-08,novabrasilia,0.0
2015-04-09,novabrasilia,0.0
2015-04-10,novabrasilia,0.0
2015-04-11,novabrasilia,0.0
2015-04-12,novabrasilia,0.0
2015-04-13,novabrasilia,0.0
2015-04-14,novabrasilia,0.0
2015-04-15,novabrasilia,0.0
2015-04-16,novabrasilia,0.0
2015-04-17,novabrasilia,0.0
2015-04-18,novabrasilia,0.0
2015-04-19,novabrasilia,0.0
2015-04-20,novabrasilia,0.0
2015-04-21,novabrasilia,0.0
2015-04-22,novabrasilia,0.0
2015-04-23,novabrasilia,0.0
2015-04-24,novabrasilia,0.0
2015-04-25,novabrasilia,0.0
2015-04-26,novabrasilia,0.0
2015-04-27,novabrasilia,0.0
2015-04-28,novabrasilia,0.0
2015-04-29,novabrasilia,0.0
2015-04-30,novabrasilia,0.0
2015-05-01,novabrasilia,0.0
2015-05-02,novabrasilia,0.0
2015-05-03,novabrasilia,0.0
2015-05-04,novabrasilia,0.0
2015-05-05,novabrasilia,0.0
2015-05-06,novabrasilia,0.0
2015-05-07,novabrasilia,0.0
2015-05-08,novabrasilia,0.0
2015-05-09,novabrasilia,0.0
2015-05-10,novabrasilia,0.0
2015-05-11,novabrasilia,0.0
2015-05-12,novabrasilia,0.0
2015-05-13,novabrasilia,0.0
2015-05-14,novabrasilia,0.0
2015-05-15,novabrasilia,0.0
2015-05-16,novabrasilia,0.0
2015-05-17,novabrasilia,0.0
2015-05-18,novabrasilia,0.0
2015-05-19,novabrasilia,0.0
2015-05-20,novabrasilia,0.0
2015-05-21,novabrasilia,0.0
2015-05-22,novabrasilia,0.0
2015-05-23,novabrasilia,0.0
2015-05-24,novabrasilia,0.0
2015-05-25,novabrasilia,0.0
2015-05-26,novabrasilia,0.0
2015-05-27,novabrasilia,0.0
2015-05-28,novabrasilia,0.0
2015-05-29,novabrasilia,0.0
2015-05-30,novabrasilia,0.0
2015-05-31,novabrasilia,0.0
2015-06-01,novabrasilia,0.0
2015-06-02,novabrasilia,0.0
2015-06-03,novabrasilia,0.0
2015-06-04,novabrasilia,0.0
2015-06-05,novabrasilia,0.0
2015-06-06,novabrasilia,0.0
2015-06-07,novabrasilia,0.0
2015-06-08,novabrasilia,0.0
2015-06-09,novabrasilia,0.0
2015-06-10,novabrasilia,0.0
2015-06-11,novabrasilia,0.0
2015-06-12,novabrasilia,0.0
2015-06-13,novabrasilia,0.0
2015-06-14,novabrasilia,0.0
2015-06-15,novabrasilia,0.0
2015-06-16,novabrasilia,0.0
2015-06-17,novabrasilia,0.0
2015-06-18,novabrasilia,0.0
2015-06-19,novabrasilia,0.0
2015-06-20,novabrasilia,0.0
2015-06-21,novabrasilia,0.0
2015-06-22,novabrasilia,0.0
2015-06-23,novabrasilia,0.0
2015-06-24,novabrasilia,0.0
2015-06-25,novabrasilia,0.0
2015-06-26,novabrasilia,0.0
2015-06-27,novabrasilia,0.0
2015-06-28,novabrasilia,0.0
2015-06-29,novabrasilia,0.0
2015-06-30,novabrasilia,0.0
2015-07-01,novabrasilia,0.0
2015-07-02,novabrasilia,0.0
2015-07-03,novabrasilia,0.0
2015-07-04,novabrasilia,0.0
2015-07-05,novabrasilia,0.0
2015-07-06,novabrasilia,0.0
2015-07-07,novabrasilia,0.0
2015-07-08,novabrasilia,0.0
2015-07-09,novabrasilia,0.0
2015-07-10,novabrasilia,0.0
2015-07-11,novabrasilia,0.0
2015-07-12,novabrasilia,0.0
2015-07-13,novabrasilia,0.0
2015-07-14,novabrasilia,0.0
2015-07-15,novabrasilia,0.0
2015-07-16,novabrasilia,0.0
2015-07-17,novabrasilia,0.0
2015-07-18,novabrasilia,0.0
2015-07-19,novabrasilia,0.0
2015-07-20,novabrasilia,0.0
2015-07-21,novabrasilia,0.0
2015-07-22,novabrasilia,0.0
2015-07-23,novabrasilia,0.0
2015-07-24,novabrasilia,0.0
2015-07-25,novabrasilia,0.0
2015-07-26,novabrasilia,0.0
2015-07-27,novabrasilia,0.0
2015-07-28,novabrasilia,0.0
2015-07-29,novabrasilia,0.0
2015-07-30,novabrasilia,0.0
2015-07-31,novabrasilia,0.0
2015-08-01,novabrasilia,0.0
2015-08-02,novabrasilia,0.0
2015-08-03,novabrasilia,0.0
2015-08-04,novabrasilia,0.0
2015-08-05,novabrasilia,0.0
2015-08-06,novabrasilia,0.0
2015-08-07,novabrasilia,0.0
2015-08-08,novabrasilia,0.0
2015-08-09,novabrasilia,0.0
2015-08-10,novabrasilia,0.0
2015-08-11,novabrasilia,0.0
2015-08-12,novabrasilia,0.0
2015-08-13,novabrasilia,0.0
2015-08-14,novabrasilia,0.0
2015-08-15,novabrasilia,0.0
2015-08-16,novabrasilia,0.0
2015-08-17,novabrasilia,0.0
2015-08-18,novabrasilia,0.0
2015-08-19,novabrasilia,0.0
2015-08-20,novabrasilia,0.0
2015-08-21,novabrasilia,0.0
2015-08-22,novabrasilia,0.0
2015-08-23,novabrasilia,0.0
2015-08-24,novabrasilia,0.0
2015-08-25,novabrasilia,0.0
2015-08-26,novabrasilia,0.0
2015-08-27,novabrasilia,0.0
2015-08-28,novabrasilia,0.0
2015-08-29,novabrasilia,0.0
2015-08-30,novabrasilia,0.0
2015-08-31,novabrasilia,0.0
2015-09-01,novabrasilia,0.0
2015-09-02,novabrasilia,0.0
2015-09-03,novabrasilia,0.0
2015-09-04,novabrasilia,0.0
2015-09-05,novabrasilia,0.0
2015-09-06,novabrasilia,0.0
2015-09-07,novabrasilia,0.0
2015-09-08,novabrasilia,0.0
2015-09-09,novabrasilia,0.0
2015-09-10,novabrasilia,0.0
2015-09-11,novabrasilia,0.0
2015-09-12,novabrasilia,0.0
2015-09-13,novabrasilia,0.0
2015-09-14,novabrasilia,0.0
2015-09-15,novabrasilia,0.0
2015-09-16,novabrasilia,0.0
2015-09-17,novabrasilia,0.0
2015-09-18,novabrasilia,0.0
2015-09-19,novabrasilia,0.0
2015-09-20,novabrasilia,0.0
2015-09-21,novabrasilia,0.0
2015-09-22,novabrasilia,0.0
2015-09-23,novabrasilia,0.0
2015-09-24,novabrasilia,0.0
2015-09-25,novabrasilia,0.0
2015-09-26,novabrasilia,0.0
2015-09-27,novabrasilia,0.0
2015-09-28,novabrasilia,0.0
2015-09-29,novabrasilia,0.0
2015-09-30,novabrasilia,0.0
2015-10-01,novabrasilia,0.0
2015-10-02,novabrasilia,0.0
2015-10-03,novabrasilia,0.0
2015-10-04,novabrasilia,0.0
2015-10-05,novabrasilia,0.0
2015-10-06,novabrasilia,0.0
2015-10-07,novabrasilia,0.0
2015-10-08,novabrasilia,0.0
2015-10-09,novabrasilia,0.0
2015-10-10,novabrasilia,0.0
2015-10-11,novabrasilia,0.0
2015-10-12,novabrasilia,0.0
2015-10-13,novabrasilia,0.0
2015-10-14,novabrasilia,0.0
2015-10-15,novabrasilia,0.0
2015-10-16,novabrasilia,0.0
2015-10-17,novabrasilia,0.0
2015-10-18,novabrasilia,0.0
2015-10-19,novabrasilia,0.0
2015-10-20,novabrasilia,0.0
2015-10-21,novabrasilia,0.0
2015-10-22,novabrasilia,0.0
2015-10-23,novabrasilia,0.0
2015-10-24,novabrasilia,0.0
2015-10-25,novabrasilia,0.0
2015-10-26,novabrasilia,0.0
2015-10-27,novabrasilia,0.0
2015-10-28,novabrasilia,0.0
2015-10-29,novabrasilia,0.0
2015-10-30,novabrasilia,0.0
2015-10-31,novabrasilia,0.0
2015-11-01,novabrasilia,0.0
2015-11-02,novabrasilia,0.0
2015-11-03,novabrasilia,0.0
2015-11-04,novabrasilia,0.0
2015-11-05,novabrasilia,0.0
2015-11-06,novabrasilia,0.0
2015-11-07,novabrasilia,0.0
2015-11-08,novabrasilia,0.0
2015-11-09,novabrasilia,0.0
2015-11-10,novabrasilia,0.0
2015-11-11,novabrasilia,0.0
2015-11-12,novabrasilia,0.0
2015-11-13,novabrasilia,0.0
2015-11-14,novabrasilia,0.0
2015-11-15,novabrasilia,0.0
2015-11-16,novabrasilia,0.0
2015-11-17,novabrasilia,0.0
2015-11-18,novabrasilia,0.0
2015-11-19,novabrasilia,0.0
2015-11-20,novabrasilia,0.0
2015-11-21,novabrasilia,0.0
2015-11-22,novabrasilia,0.0
2015-11-23,novabrasilia,0.0
2015-11-24,novabrasilia,0.0
2015-11-25,novabrasilia,0.0
2015-11-26,novabrasilia,0.0
2015-11-27,novabrasilia,0.0
2015-11-28,novabrasilia,0.0
2015-11-29,novabrasilia,0.0
2015-11-30,novabrasilia,0.0
2015-12-01,novabrasilia,0.0
2015-12-02,novabrasilia,0.0
2015-12-03,novabrasilia,0.0
2015-12-04,novabrasilia,0.0
2015-12-05,novabrasilia,0.0
2015-12-06,novabrasilia,0.0
2015-12-07,novabrasilia,0.0
2015-12-08,novabrasilia,0.0
2015-12-09,novabrasilia,0.0
2015-12-10,novabrasilia,0.0
2015-12-11,novabrasilia,0.0
2015-12-12,novabrasilia,0.0
2015-12-13,novabrasilia,0.0
2015-12-14,novabrasilia,0.0
2015-12-15,novabrasilia,0.0
2015-12-16,novabrasilia,0.0
2015-12-17,novabrasilia,0.0
2015-12-18,novabrasilia,0.0
2015-12-19,novabrasilia,0.0
2015-12-20,novabrasilia,0.0
2015-12-21,novabrasilia,0.0
2015-12-22,novabrasilia,0.0
2015-12-23,novabrasilia,0.0
2015-12-24,novabrasilia,0.0
2015-12-25,novabrasilia,0.0
2015-12-26,novabrasilia,0.0
2015-12-27,novabrasilia,0.0
2015-12-28,novabrasilia,0.0
2015-12-29,novabrasilia,0.0
2015-12-30,novabrasilia,0.0
2015-12-31,novabrasilia,0.0
2016-01-01,novabrasilia,0.0
2016-01-02,novabrasilia,0.0
2016-01-03,novabrasilia,0.0
2016-01-04,novabrasilia,0.0
2016-01-05,novabrasilia,0.0
2016-01-06,novabrasilia,0.0
2016-01-07,novabrasilia,0.0
2016-01-08,novabrasilia,0.0
2016-01-09,novabrasilia,0.0
2016-01-10,novabrasilia,0.0
2016-01-11,novabrasilia,0.0
2016-01-12,novabrasilia,0.0
2016-01-13,novabrasilia,0.0
2016-01-14,novabrasilia,0.0
2016-01-15,novabrasilia,0.0
2016-01-16,novabrasilia,0.0
2016-01-17,novabrasilia,0.0
2016-01-18,novabrasilia,0.0
2016-01-19,novabrasilia,0.0
2016-01-20,novabrasilia,0.0
2016-01-21,novabrasilia,0.0
2016-01-22,novabrasilia,0.0
2016-01-23,novabrasilia,0.0
2016-01-24,novabrasilia,0.0
2016-01-25,novabrasilia,0.0
2016-01-26,novabrasilia,0.0
2016-01-27,novabrasilia,0.0
2016-01-28,novabrasilia,0.0
2016-01-29,novabrasilia,0.0
2016-01-30,novabrasilia,0.0
2016-01-31,novabrasilia,0.0
2016-02-01,novabrasilia,0.0
2016-02-02,novabrasilia,0.0
2016-02-03,novabrasilia,0.0
2016-02-04,novabrasilia,0.0
2016-02-05,novabrasilia,0.0
2016-02-06,novabrasilia,0.0
2016-02-07,novabrasilia,0.0
2016-02-08,novabrasilia,0.0
2016-02-09,novabrasilia,0.0
2016-02-10,novabrasilia,0.0
2016-02-11,novabrasilia,0.0
2016-02-12,novabrasilia,0.0
2016-02-13,novabrasilia,0.0
2016-02-14,novabrasilia,0.0
2016-02-15,novabrasilia,0.0
2016-02-16,novabrasilia,0.0
2016-02-17,novabrasilia,0.0
2016-02-18,novabrasilia,0.0
2016-02-19,novabrasilia,0.0
2016-02-20,novabrasilia,0.0
2016-02-21,novabrasilia,0.0
2016-02-22,novabrasilia,0.0
2016-02-23,novabrasilia,0.0
2016-02-24,novabrasilia,0.0
2016-02-25,novabrasilia,0.0
2016-02-26,novabrasilia,0.0
2016-02-27,novabrasilia,0.0
2016-02-28,novabrasilia,0.0
2016-02-29,novabrasilia,0.0
2016-03-01,novabrasilia,0.0
2016-03-02,novabrasilia,0.0
2016-03-03,novabrasilia,0.0
2016-03-04,novabrasilia,0.0
2016-03-05,novabrasilia,0.0
2016-03-06,novabrasilia,0.0
2016-03-07,novabrasilia,0.0
2016-03-08,novabrasilia,0.0
2016-03-09,novabrasilia,0.0
2016-03-10,novabrasilia,0.0
2016-03-11,novabrasilia,0.0
2016-03-12,novabrasilia,0.0
2016-03-13,novabrasilia,0.0
2016-03-14,novabrasilia,0.0
2016-03-15,novabrasilia,0.0
2016-03-16,novabrasilia,0.0
2016-03-17,novabrasilia,0.0
2016-03-18,novabrasilia,0.0
2016-03-19,novabrasilia,0.0
2016-03-20,novabrasilia,0.0
2016-03-21,novabrasilia,0.0
2016-03-22,novabrasilia,0.0
2016-03-23,novabrasilia,0.0
2016-03-24,novabrasilia,0.0
2016-03-25,novabrasilia,0.0
2016-03-26,novabrasilia,0.0
2016-03-27,novabrasilia,0.0
2016-03-28,novabrasilia,0.0
2016-03-29,novabrasilia,0.0
2016-03-30,novabrasilia,0.0
2016-03-31,novabrasilia,0.0
2016-04-01,novabrasilia,0.0
2016-04-02,novabrasilia,0.0
2016-04-03,novabrasilia,0.0
2016-04-04,novabrasilia,0.0
2016-04-05,novabrasilia,0.0
2016-04-06,novabrasilia,0.0
2016-04-07,novabrasilia,0.0
2016-04-08,novabrasilia,0.0
2016-04-09,novabrasilia,0.0
2016-04-10,novabrasilia,0.0
2016-04-11,novabrasilia,0.0
2016-04-12,novabrasilia,0.0
2016-04-13,novabrasilia,0.0
2016-04-14,novabrasilia,0.0
2016-04-15,novabrasilia,0.0
2016-04-16,novabrasilia,0.0
2016-04-17,novabrasilia,0.0
2016-04-18,novabrasilia,0.0
2016-04-19,novabrasilia,0.0
2016-04-20,novabrasilia,0.0
2016-04-21,novabrasilia,0.0
2016-04-22,novabrasilia,0.0
2016-04-23,novabrasilia,0.0
2016-04-24,novabrasilia,0.0
2016-04-25,novabrasilia,0.0
2016-04-26,novabrasilia,0.0
2016-04-27,novabrasilia,0.0
2016-04-28,novabrasilia,0.0
2016-04-29,novabrasilia,0.0
2016-04-30,novabrasilia,0.0
2016-05-01,novabrasilia,0.0
2016-05-02,novabrasilia,0.0
2016-05-03,novabrasilia,0.0
2016-05-04,novabrasilia,0.0
2016-05-05,novabrasilia,0.0
2016-05-06,novabrasilia,0.0
2016-05-07,novabrasilia,0.0
2016-05-08,novabrasilia,0.0
2016-05-09,novabrasilia,0.0
2016-05-10,novabrasilia,0.0
2016-05-11,novabrasilia,0.0
2016-05-12,novabrasilia,0.0
2016-05-13,novabrasilia,0.0
2016-05-14,novabrasilia,0.0
2016-05-15,novabrasilia,0.0
2016-05-16,novabrasilia,0.0
2016-05-17,novabrasilia,0.0
2016-05-18,novabrasilia,0.0
2016-05-19,novabrasilia,0.0
2016-05-20,novabrasilia,0.0
2016-05-21,novabrasilia,0.0
2016-05-22,novabrasilia,0.0
2016-05-23,novabrasilia,0.0
2016-05-24,novabrasilia,0.0
2016-05-25,novabrasilia,0.0
2016-05-26,novabrasilia,0.0
2016-05-27,novabrasilia,0.0
2016-05-28,novabrasilia,0.0
2016-05-29,novabrasilia,0.0
2016-05-30,novabrasilia,0.0
2016-05-31,novabrasilia,0.0
2016-06-01,novabrasilia,0.0
2016-06-02,novabrasilia,0.0
2016-06-03,novabrasilia,0.0
2016-06-04,novabrasilia,0.0
2016-06-05,novabrasilia,0.0
2016-06-06,novabrasilia,0.0
2016-06-07,novabrasilia,0.0
2016-06-08,novabrasilia,0.0
2016-06-09,novabrasilia,0.0
2016-06-10,novabrasilia,0.0
2016-06-11,novabrasilia,0.0
2016-06-12,novabrasilia,0.0
2016-06-13,novabrasilia,0.0
2016-06-14,novabrasilia,0.0
2016-06-15,novabrasilia,0.0
2016-06-16,novabrasilia,0.0
2016-06-17,novabrasilia,0.0
2016-06-18,novabrasilia,0.0
2016-06-19,novabrasilia,0.0
2016-06-20,novabrasilia,0.0
2016-06-21,novabrasilia,0.0
2016-06-22,novabrasilia,0.0
2016-06-23,novabrasilia,0.0
2016-06-24,novabrasilia,0.0
2016-06-25,novabrasilia,0.0
2016-06-26,novabrasilia,0.0
2016-06-27,novabrasilia,0.0
2016-06-28,novabrasilia,0.0
2016-06-29,novabrasilia,0.0
2016-06-30,novabrasilia,0.0
2016-07-02,novabrasilia,0.0
2016-07-03,novabrasilia,0.0
2016-07-04,novabrasilia,0.0
2016-07-05,novabrasilia,0.0
2016-07-06,novabrasilia,0.0
2016-07-07,novabrasilia,0.0
2016-07-08,novabrasilia,0.0
2016-07-09,novabrasilia,0.0
2016-07-10,novabrasilia,0.0
2016-07-11,novabrasilia,0.0
2016-07-12,novabrasilia,0.0
2016-07-13,novabrasilia,0.0
2016-07-14,novabrasilia,0.0
2016-07-15,novabrasilia,0.0
2016-07-16,novabrasilia,0.0
2016-07-17,novabrasilia,0.0
2016-07-18,novabrasilia,0.0
2016-07-19,novabrasilia,0.0
2016-07-20,novabrasilia,0.0
2016-07-21,novabrasilia,0.0
2016-07-22,novabrasilia,0.0
2016-07-23,novabrasilia,0.0
2016-07-24,novabrasilia,0.0
2016-07-25,novabrasilia,0.0
2016-07-26,novabrasilia,0.0
2016-07-27,novabrasilia,0.0
2016-07-28,novabrasilia,0.0
2016-07-29,novabrasilia,0.0
2016-07-30,novabrasilia,0.0
2016-07-31,novabrasilia,0.0
2016-08-01,novabrasilia,0.0
2016-08-02,novabrasilia,0.0
2016-08-03,novabrasilia,0.0
2016-08-04,novabrasilia,0.0
2016-08-05,novabrasilia,0.0
2016-08-06,novabrasilia,0.0
2016-08-07,novabrasilia,0.0
2016-08-08,novabrasilia,0.0
2016-08-09,novabrasilia,0.0
2016-08-10,novabrasilia,0.0
2016-08-11,novabrasilia,0.0
2016-08-12,novabrasilia,0.0
2016-08-13,novabrasilia,0.0
2016-08-14,novabrasilia,0.0
2016-08-15,novabrasilia,0.0
2016-08-16,novabrasilia,0.0
2016-08-17,novabrasilia,0.0
2016-08-18,novabrasilia,0.0
2016-08-19,novabrasilia,0.0
2016-08-20,novabrasilia,0.0
2016-08-21,novabrasilia,0.0
2016-08-22,novabrasilia,0.0
2016-08-23,novabrasilia,0.0
2016-08-24,novabrasilia,0.0
2016-08-25,novabrasilia,0.0
2016-08-26,novabrasilia,0.0
2016-08-27,novabrasilia,0.0
2016-08-28,novabrasilia,0.0
2016-08-29,novabrasilia,0.0
2016-08-30,novabrasilia,0.0
2016-08-31,novabrasilia,0.0
2016-09-01,novabrasilia,0.0
2016-09-02,novabrasilia,0.0
2016-09-03,novabrasilia,0.0
2016-09-04,novabrasilia,0.0
2016-09-05,novabrasilia,0.0
2016-09-06,novabrasilia,0.0
2016-09-07,novabrasilia,0.0
2016-09-08,novabrasilia,0.0
2016-09-09,novabrasilia,0.0
2016-09-10,novabrasilia,0.0
2016-09-11,novabrasilia,0.0
2016-09-12,novabrasilia,0.0
2016-09-13,novabrasilia,0.0
2016-09-14,novabrasilia,0.0
2016-09-15,novabrasilia,0.0
2016-09-16,novabrasilia,0.0
2016-09-17,novabrasilia,0.0
2016-09-18,novabrasilia,0.0
2016-09-19,novabrasilia,0.0
2016-09-20,novabrasilia,0.0
2016-09-21,novabrasilia,0.0
2016-09-22,novabrasilia,0.0
2016-09-23,novabrasilia,0.0
2016-09-24,novabrasilia,0.0
2016-09-25,novabrasilia,0.0
2016-09-26,novabrasilia,0.0
2016-09-27,novabrasilia,0.0
2016-09-28,novabrasilia,0.0
2016-09-29,novabrasilia,0.0
2016-09-30,novabrasilia,0.0
2016-10-01,novabrasilia,0.0
2016-10-02,novabrasilia,0.0
2016-10-03,novabrasilia,0.0
2016-10-04,novabrasilia,0.0
2016-10-05,novabrasilia,0.0
2016-10-06,novabrasilia,0.0
2016-10-07,novabrasilia,0.0
2016-10-08,novabrasilia,0.0
2016-10-09,novabrasilia,0.0
2016-10-10,novabrasilia,0.0
2016-10-11,novabrasilia,0.0
2016-10-12,novabrasilia,0.0
2016-10-13,novabrasilia,0.0
2016-10-14,novabrasilia,0.0
2016-10-15,novabrasilia,0.0
2016-10-16,novabrasilia,0.0
2016-10-17,novabrasilia,0.0
2016-10-18,novabrasilia,0.0
2016-10-19,novabrasilia,0.0
2016-10-20,novabrasilia,0.0
2016-10-21,novabrasilia,0.0
2016-10-22,novabrasilia,0.0
2016-10-23,novabrasilia,0.0
2016-10-24,novabrasilia,0.0
2016-10-25,novabrasilia,0.0
2016-10-26,novabrasilia,0.0
2016-10-27,novabrasilia,0.0
2016-10-28,novabrasilia,0.0
2016-10-29,novabrasilia,0.0
2016-10-30,novabrasilia,0.0
2016-10-31,novabrasilia,0.0
2016-11-01,novabrasilia,0.0
2016-11-02,novabrasilia,0.0
2016-11-03,novabrasilia,0.0
2016-11-04,novabrasilia,0.0
2016-11-05,novabrasilia,0.0
2016-11-06,novabrasilia,0.0
2016-11-07,novabrasilia,0.0
2016-11-08,novabrasilia,0.0
2016-11-09,novabrasilia,0.0
2016-11-10,novabrasilia,0.0
2016-11-11,novabrasilia,0.0
2016-11-12,novabrasilia,0.0
2016-11-13,novabrasilia,0.0
2016-11-14,novabrasilia,0.0
2016-11-15,novabrasilia,0.0
2016-11-16,novabrasilia,0.0
2016-11-17,novabrasilia,0.0
2016-11-18,novabrasilia,0.0
2016-11-19,novabrasilia,0.0
2016-11-20,novabrasilia,0.0
2016-11-21,novabrasilia,0.0
2016-11-22,novabrasilia,0.0
2016-11-23,novabrasilia,0.0
2016-11-24,novabrasilia,0.0
2016-11-25,novabrasilia,0.0
2016-11-26,novabrasilia,0.0
2016-11-27,novabrasilia,0.0
2016-11-28,novabrasilia,0.0
2016-11-29,novabrasilia,0.0
2016-11-30,novabrasilia,0.0
2016-12-01,novabrasilia,0.0
2016-12-02,novabrasilia,0.0
2016-12-03,novabrasilia,0.0
2016-12-04,novabrasilia,0.0
2016-12-05,novabrasilia,0.0
2016-12-06,novabrasilia,0.0
2016-12-07,novabrasilia,0.0
2016-12-08,novabrasilia,0.0
2016-12-09,novabrasilia,0.0
2016-12-10,novabrasilia,0.0
2016-12-11,novabrasilia,0.0
2016-12-12,novabrasilia,0.0
2016-12-13,novabrasilia,0.0
2016-12-14,novabrasilia,0.0
2016-12-15,novabrasilia,0.0
2016-12-16,novabrasilia,0.0
2016-12-17,novabrasilia,0.0
2016-12-18,novabrasilia,0.0
2016-12-19,novabrasilia,0.0
2016-12-20,novabrasilia,0.0
2016-12-21,novabrasilia,0.0
2016-12-22,novabrasilia,0.0
2016-12-23,novabrasilia,0.0
2016-12-24,novabrasilia,0.0
2016-12-25,novabrasilia,0.0
2016-12-26,novabrasilia,0.0
2016-12-27,novabrasilia,0.0
2016-12-28,novabrasilia,0.0
2016-12-29,novabrasilia,0.0
2016-12-30,novabrasilia,0.0
2016-12-31,novabrasilia,0.0
2017-01-01,novabrasilia,0.0
2017-01-02,novabrasilia,0.0
2017-01-03,novabrasilia,0.0
2017-01-04,novabrasilia,0.0
2017-01-05,novabrasilia,0.0
2017-01-06,novabrasilia,0.0
2017-01-07,novabrasilia,0.0
2017-01-08,novabrasilia,0.0
2017-01-09,novabrasilia,0.0
2017-01-10,novabrasilia,0.0
2017-01-11,novabrasilia,0.0
2017-01-12,novabrasilia,0.0
2017-01-13,novabrasilia,0.0
2017-01-14,novabrasilia,0.0
2017-01-15,novabrasilia,0.0
2017-01-16,novabrasilia,0.0
2017-01-17,novabrasilia,0.0
2017-01-18,novabrasilia,0.0
2017-01-19,novabrasilia,0.0
2017-01-20,novabrasilia,0.0
2017-01-21,novabrasilia,0.0
2017-01-22,novabrasilia,0.0
2017-01-23,novabrasilia,0.0
2017-01-24,novabrasilia,0.0
2017-01-25,novabrasilia,0.0
2017-01-26,novabrasilia,0.0
2017-01-27,novabrasilia,0.0
2017-01-28,novabrasilia,0.0
2017-01-29,novabrasilia,0.0
2017-01-30,novabrasilia,0.0
2017-01-31,novabrasilia,0.0
2017-02-01,novabrasilia,0.0
2017-02-02,novabrasilia,0.0
2017-02-03,novabrasilia,0.0
2017-02-04,novabrasilia,0.0
2017-02-05,novabrasilia,0.0
2017-02-06,novabrasilia,0.0
2017-02-07,novabrasilia,0.0
2017-02-08,novabrasilia,0.0
2017-02-09,novabrasilia,0.0
2017-02-10,novabrasilia,0.0
2017-02-11,novabrasilia,0.0
2017-02-12,novabrasilia,0.0
2017-02-13,novabrasilia,0.0
2017-02-14,novabrasilia,0.0
2017-02-15,novabrasilia,0.0
2017-02-16,novabrasilia,0.0
2017-02-17,novabrasilia,0.0
2017-02-18,novabrasilia,0.0
2017-02-19,novabrasilia,0.0
2017-02-20,novabrasilia,0.0
2017-02-21,novabrasilia,0.0
2017-02-22,novabrasilia,0.0
2017-02-23,novabrasilia,0.0
2017-02-24,novabrasilia,0.0
2017-02-25,novabrasilia,0.0
2017-02-26,novabrasilia,0.0
2017-02-27,novabrasilia,0.0
2017-02-28,novabrasilia,0.0
2017-03-01,novabrasilia,0.0
2017-03-02,novabrasilia,0.0
2017-03-03,novabrasilia,0.0
2017-03-04,novabrasilia,0.0
2017-03-05,novabrasilia,0.0
2017-03-06,novabrasilia,0.0
2017-03-07,novabrasilia,0.0
2017-03-08,novabrasilia,0.0
2017-03-09,novabrasilia,0.0
2017-03-10,novabrasilia,0.0
2017-03-11,novabrasilia,0.0
2017-03-12,novabrasilia,0.0
2017-03-13,novabrasilia,0.0
2017-03-14,novabrasilia,0.0
2017-03-15,novabrasilia,0.0
2017-03-16,novabrasilia,0.0
2017-03-17,novabrasilia,0.0
2017-03-18,novabrasilia,0.0
2017-03-19,novabrasilia,0.0
2017-03-20,novabrasilia,0.0
2017-03-21,novabrasilia,0.0
2017-03-22,novabrasilia,0.0
2017-03-23,novabrasilia,0.0
2017-03-24,novabrasilia,0.0
2017-03-25,novabrasilia,0.0
2017-03-26,novabrasilia,0.0
2017-03-27,novabrasilia,0.0
2017-03-28,novabrasilia,0.0
2017-03-29,novabrasilia,0.0
2017-03-30,novabrasilia,0.0
2017-03-31,novabrasilia,0.0
2017-04-01,novabrasilia,0.0
2017-04-02,novabrasilia,0.0
2017-04-03,novabrasilia,0.0
2017-04-04,novabrasilia,0.0
2017-04-05,novabrasilia,0.0
2017-04-06,novabrasilia,0.0
2017-04-07,novabrasilia,0.0
2017-04-08,novabrasilia,0.0
2017-04-09,novabrasilia,0.0
2017-04-10,novabrasilia,0.0
2017-04-11,novabrasilia,0.0
2017-04-12,novabrasilia,0.0
2017-04-13,novabrasilia,0.0
2017-04-14,novabrasilia,0.0
2017-04-15,novabrasilia,0.0
2017-04-16,novabrasilia,0.0
2017-04-17,novabrasilia,0.0
2017-04-18,novabrasilia,0.0
2017-04-19,novabrasilia,0.0
2017-04-20,novabrasilia,0.0
2017-04-21,novabrasilia,0.0
2017-04-22,novabrasilia,0.0
2017-04-23,novabrasilia,0.0
2017-04-24,novabrasilia,0.0
2017-04-25,novabrasilia,0.0
2017-04-26,novabrasilia,0.0
2017-04-27,novabrasilia,0.0
2017-04-28,novabrasilia,0.0
2017-04-29,novabrasilia,0.0
2017-04-30,novabrasilia,0.0
2017-05-01,novabrasilia,0.0
2017-05-02,novabrasilia,0.0
2017-05-03,novabrasilia,0.0
2017-05-04,novabrasilia,0.0
2017-05-05,novabrasilia,0.0
2017-05-06,novabrasilia,0.0
2017-05-07,novabrasilia,0.0
2017-05-08,novabrasilia,0.0
2017-05-09,novabrasilia,0.0
2017-05-10,novabrasilia,0.0
2017-05-11,novabrasilia,0.0
2017-05-12,novabrasilia,0.0
2017-05-13,novabrasilia,0.0
2017-05-14,novabrasilia,0.0
2017-05-15,novabrasilia,0.0
2017-05-16,novabrasilia,0.0
2017-05-17,novabrasilia,0.0
2017-05-18,novabrasilia,0.0
2017-05-19,novabrasilia,0.0
2017-05-20,novabrasilia,0.0
2017-05-21,novabrasilia,0.0
2017-05-22,novabrasilia,0.0
2017-05-23,novabrasilia,0.0
2017-05-24,novabrasilia,0.0
2017-05-25,novabrasilia,0.0
2017-05-26,novabrasilia,0.0
2017-05-27,novabrasilia,0.0
2017-05-28,novabrasilia,0.0
2017-05-29,novabrasilia,0.0
2017-05-30,novabrasilia,0.0
2017-05-31,novabrasilia,0.0
2017-06-01,novabrasilia,0.0
2017-06-02,novabrasilia,0.0
2017-06-03,novabrasilia,0.0
2017-06-04,novabrasilia,0.0
2017-06-05,novabrasilia,0.0
2017-06-06,novabrasilia,0.0
2017-06-07,novabrasilia,0.0
2017-06-08,novabrasilia,0.0
2017-06-09,novabrasilia,0.0
2017-06-10,novabrasilia,0.0
2017-06-11,novabrasilia,0.0
2017-06-12,novabrasilia,0.0
2017-06-13,novabrasilia,0.0
2017-06-14,novabrasilia,0.0
2017-06-15,novabrasilia,0.0
2017-06-16,novabrasilia,0.0
2017-06-17,novabrasilia,0.0
2017-06-18,novabrasilia,0.0
2017-06-19,novabrasilia,0.0
2017-06-20,novabrasilia,0.0
2017-06-21,novabrasilia,0.0
2017-06-22,novabrasilia,0.0
2017-06-23,novabrasilia,0.0
2017-06-24,novabrasilia,0.0
2017-06-25,novabrasilia,0.0
2017-06-26,novabrasilia,0.0
2017-06-27,novabrasilia,0.0
2017-06-28,novabrasilia,0.0
2017-06-29,novabrasilia,0.0
2017-06-30,novabrasilia,0.0
2017-07-01,novabrasilia,0.0
2017-07-02,novabrasilia,0.0
2017-07-03,novabrasilia,0.0
2017-07-04,novabrasilia,0.0
2017-07-05,novabrasilia,0.0
2017-07-06,novabrasilia,0.0
2017-07-07,novabrasilia,0.0
2017-07-08,novabrasilia,0.0
2017-07-09,novabrasilia,0.0
2017-07-10,novabrasilia,0.0
2017-07-11,novabrasilia,0.0
2017-07-12,novabrasilia,0.0
2017-07-13,novabrasilia,0.0
2017-07-14,novabrasilia,0.0
2017-07-15,novabrasilia,0.0
2017-07-16,novabrasilia,0.0
2017-07-17,novabrasilia,0.0
2017-07-18,novabrasilia,0.0
2017-07-19,novabrasilia,0.0
2017-07-20,novabrasilia,0.0
2017-07-21,novabrasilia,0.0
2017-07-22,novabrasilia,0.0
2017-07-23,novabrasilia,0.0
2017-07-24,novabrasilia,0.0
2017-07-25,novabrasilia,0.0
2017-07-26,novabrasilia,0.0
2017-07-27,novabrasilia,0.0
2017-07-28,novabrasilia,0.0
2017-07-29,novabrasilia,0.0
2017-07-30,novabrasilia,0.0
2017-07-31,novabrasilia,0.0
2017-08-01,novabrasilia,0.0
2017-08-02,novabrasilia,0.0
2017-08-03,novabrasilia,0.0
2017-08-04,novabrasilia,0.0
2017-08-05,novabrasilia,0.0
2017-08-06,novabrasilia,0.0
2017-08-07,novabrasilia,0.0
2017-08-08,novabrasilia,0.0
2017-08-09,novabrasilia,0.0
2017-08-10,novabrasilia,0.0
2017-08-11,novabrasilia,0.0
2017-08-12,novabrasilia,0.0
2017-08-13,novabrasilia,0.0
2017-08-14,novabrasilia,0.0
2017-08-15,novabrasilia,0.0
2017-08-16,novabrasilia,0.0
2017-08-17,novabrasilia,0.0
2017-08-18,novabrasilia,0.0
2017-08-19,novabrasilia,0.0
2017-08-20,novabrasilia,0.0
2017-08-21,novabrasilia,0.0
2017-08-22,novabrasilia,0.0
2017-08-23,novabrasilia,0.0
2017-08-24,novabrasilia,0.0
2017-08-25,novabrasilia,0.0
2017-08-26,novabrasilia,0.0
2017-08-27,novabrasilia,0.0
2017-08-28,novabrasilia,0.0
2017-08-29,novabrasilia,0.0
2017-08-30,novabrasilia,0.0
2017-08-31,novabrasilia,0.0
2017-09-01,novabrasilia,0.0
2017-09-02,novabrasilia,0.0
2017-09-03,novabrasilia,0.0
2017-09-04,novabrasilia,0.0
2017-09-05,novabrasilia,0.0
2017-09-06,novabrasilia,0.0
2017-09-07,novabrasilia,0.0
2017-09-08,novabrasilia,0.0
2017-09-09,novabrasilia,0.0
2017-09-10,novabrasilia,0.0
2017-09-11,novabrasilia,0.0
2017-09-12,novabrasilia,0.0
2017-09-13,novabrasilia,0.0
2017-09-14,novabrasilia,0.0
2017-09-15,novabrasilia,0.0
2017-09-16,novabrasilia,0.0
2017-09-17,novabrasilia,0.0
2017-09-18,novabrasilia,0.0
2017-09-19,novabrasilia,0.0
2017-09-20,novabrasilia,0.0
2017-09-21,novabrasilia,0.0
2017-09-22,novabrasilia,0.0
2017-09-23,novabrasilia,0.0
2017-09-24,novabrasilia,0.0
2017-09-25,novabrasilia,0.0
2017-09-26,novabrasilia,0.0
2017-09-27,novabrasilia,0.0
2017-09-28,novabrasilia,0.0
2017-09-29,novabrasilia,0.0
2017-09-30,novabrasilia,0.0
2017-10-01,novabrasilia,0.0
2017-10-02,novabrasilia,0.0
2017-10-03,novabrasilia,0.0
2017-10-04,novabrasilia,0.0
2017-10-05,novabrasilia,0.0
2017-10-06,novabrasilia,0.0
2017-10-07,novabrasilia,0.0
2017-10-08,novabrasilia,0.0
2017-10-09,novabrasilia,0.0
2017-10-10,novabrasilia,0.0
2017-10-11,novabrasilia,0.0
2017-10-12,novabrasilia,0.0
2017-10-13,novabrasilia,0.0
2017-10-14,novabrasilia,0.0
2017-10-15,novabrasilia,0.0
2017-10-16,novabrasilia,0.0
2017-10-17,novabrasilia,0.0
2017-10-18,novabrasilia,0.0
2017-10-19,novabrasilia,0.0
2017-10-20,novabrasilia,0.0
2017-10-21,novabrasilia,0.0
2017-10-22,novabrasilia,0.0
2017-10-23,novabrasilia,0.0
2017-10-24,novabrasilia,0.0
2017-10-25,novabrasilia,0.0
2017-10-26,novabrasilia,0.0
2017-10-27,novabrasilia,0.0
2017-10-28,novabrasilia,0.0
2017-10-29,novabrasilia,0.0
2017-10-30,novabrasilia,0.0
2017-10-31,novabrasilia,0.0
2017-11-01,novabrasilia,0.0
2017-11-02,novabrasilia,0.0
2017-11-03,novabrasilia,0.0
2017-11-04,novabrasilia,0.0
2017-11-05,novabrasilia,0.0
2017-11-06,novabrasilia,0.0
2017-11-07,novabrasilia,0.0
2017-11-08,novabrasilia,0.0
2017-11-09,novabrasilia,0.0
2017-11-10,novabrasilia,0.0
2017-11-11,novabrasilia,0.0
2017-11-12,novabrasilia,0.0
2017-11-13,novabrasilia,0.0
2017-11-14,novabrasilia,0.0
2017-11-15,novabrasilia,0.0
2017-11-16,novabrasilia,0.0
2017-11-17,novabrasilia,0.0
2017-11-18,novabrasilia,0.0
2017-11-19,novabrasilia,0.0
2017-11-20,novabrasilia,0.0
2017-11-21,novabrasilia,0.0
2017-11-22,novabrasilia,0.0
2017-11-23,novabrasilia,0.0
2017-11-24,novabrasilia,0.0
2017-11-25,novabrasilia,0.0
2017-11-26,novabrasilia,0.0
2017-11-27,novabrasilia,0.0
2017-11-28,novabrasilia,0.0
2017-11-29,novabrasilia,0.0
2017-11-30,novabrasilia,0.0
2017-12-01,novabrasilia,0.0
2017-12-02,novabrasilia,0.0
2017-12-03,novabrasilia,0.0
2017-12-04,novabrasilia,0.0
2017-12-05,novabrasilia,0.0
2017-12-06,novabrasilia,0.0
2017-12-07,novabrasilia,0.0
2017-12-08,novabrasilia,0.0
2017-12-09,novabrasilia,0.0
2017-12-10,novabrasilia,0.0
2017-12-11,novabrasilia,0.0
2017-12-12,novabrasilia,0.0
2017-12-13,novabrasilia,0.0
2017-12-14,novabrasilia,0.0
2017-12-15,novabrasilia,0.0
2017-12-16,novabrasilia,0.0
2017-12-17,novabrasilia,0.0
2017-12-18,novabrasilia,0.0
2017-12-19,novabrasilia,0.0
2017-12-20,novabrasilia,0.0
2017-12-21,novabrasilia,0.0
2017-12-22,novabrasilia,0.0
2017-12-23,novabrasilia,0.0
2017-12-24,novabrasilia,0.0
2017-12-25,novabrasilia,0.0
2017-12-26,novabrasilia,0.0
2017-12-27,novabrasilia,0.0
2017-12-28,novabrasilia,0.0
2017-12-29,novabrasilia,0.0
2017-12-30,novabrasilia,0.0
2017-12-31,novabrasilia,0.0
2018-01-01,novabrasilia,0.0
2018-01-02,novabrasilia,0.0
2018-01-03,novabrasilia,0.0
2018-01-04,novabrasilia,0.0
2018-01-05,novabrasilia,0.0
2018-01-06,novabrasilia,0.0
2018-01-07,novabrasilia,0.0
2018-01-08,novabrasilia,0.0
2018-01-09,novabrasilia,0.0
2018-01-10,novabrasilia,0.0
2018-01-11,novabrasilia,0.0
2018-01-12,novabrasilia,0.0
2018-01-13,novabrasilia,0.0
2018-01-14,novabrasilia,0.0
2018-01-15,novabrasilia,0.0
2018-01-16,novabrasilia,0.0
2018-01-17,novabrasilia,0.0
2018-01-18,novabrasilia,0.0
2018-01-19,novabrasilia,0.0
2018-01-20,novabrasilia,0.0
2018-01-21,novabrasilia,0.0
2018-01-22,novabrasilia,0.0
2018-01-23,novabrasilia,0.0
2018-01-24,novabrasilia,0.0
2018-01-25,novabrasilia,0.0
2018-01-26,novabrasilia,0.0
2018-01-27,novabrasilia,0.0
2018-01-28,novabrasilia,0.0
2018-01-29,novabrasilia,0.0
2018-01-30,novabrasilia,0.0
2018-01-31,novabrasilia,0.0
2018-02-01,novabrasilia,0.0
2018-02-02,novabrasilia,0.0
2018-02-03,novabrasilia,0.0
2018-02-04,novabrasilia,0.0
2018-02-05,novabrasilia,0.0
2018-02-06,novabrasilia,0.0
2018-02-07,novabrasilia,0.0
2018-02-08,novabrasilia,0.0
2018-02-09,novabrasilia,0.0
2018-02-10,novabrasilia,0.0
2018-02-11,novabrasilia,0.0
2018-02-12,novabrasilia,0.0
2018-02-13,novabrasilia,0.0
2018-02-14,novabrasilia,0.0
2018-02-15,novabrasilia,0.0
2018-02-16,novabrasilia,0.0
2018-02-17,novabrasilia,0.0
2018-02-18,novabrasilia,0.0
2018-02-19,novabrasilia,0.0
2018-02-20,novabrasilia,0.0
2018-02-21,novabrasilia,0.0
2018-02-22,novabrasilia,0.0
2018-02-23,novabrasilia,0.0
2018-02-24,novabrasilia,0.0
2018-02-25,novabrasilia,0.0
2018-02-26,novabrasilia,0.0
2018-02-27,novabrasilia,0.0
2018-02-28,novabrasilia,0.0
2018-03-01,novabrasilia,0.0
2018-03-02,novabrasilia,0.0
2018-03-03,novabrasilia,0.0
2018-03-04,novabrasilia,0.0
2018-03-05,novabrasilia,0.0
2018-03-06,novabrasilia,0.0
2018-03-07,novabrasilia,0.0
2018-03-08,novabrasilia,0.0
2018-03-09,novabrasilia,0.0
2018-03-10,novabrasilia,0.0
2018-03-11,novabrasilia,0.0
2018-03-12,novabrasilia,0.0
2018-03-13,novabrasilia,0.0
2018-03-14,novabrasilia,0.0
2018-03-15,novabrasilia,0.0
2018-03-16,novabrasilia,0.0
2018-03-17,novabrasilia,0.0
2018-03-18,novabrasilia,0.0
2018-03-19,novabrasilia,0.0
2018-03-20,novabrasilia,0.0
2018-03-21,novabrasilia,0.0
2018-03-22,novabrasilia,0.0
2018-03-23,novabrasilia,0.0
2018-03-24,novabrasilia,0.0
2018-03-25,novabrasilia,0.0
2018-03-26,novabrasilia,0.0
2018-03-27,novabrasilia,0.0
2018-03-28,novabrasilia,0.0
2018-03-29,novabrasilia,0.0
2018-03-30,novabrasilia,0.0
2018-03-31,novabrasilia,0.0
2018-04-01,novabrasilia,0.0
2018-04-02,novabrasilia,0.0
2018-04-03,novabrasilia,0.0
2018-04-04,novabrasilia,0.0
2018-04-05,novabrasilia,0.0
2018-04-06,novabrasilia,0.0
2018-04-07,novabrasilia,0.0
2018-04-08,novabrasilia,0.0
2018-04-09,novabrasilia,0.0
2018-04-10,novabrasilia,0.0
2018-04-11,novabrasilia,0.0
2018-04-12,novabrasilia,0.0
2018-04-13,novabrasilia,0.0
2018-04-14,novabrasilia,0.0
2018-04-15,novabrasilia,0.0
2018-04-16,novabrasilia,0.0
2018-04-17,novabrasilia,0.0
2018-04-18,novabrasilia,0.0
2018-04-19,novabrasilia,0.0
2018-04-20,novabrasilia,0.0
2018-04-21,novabrasilia,0.0
2018-04-22,novabrasilia,0.0
2018-04-23,novabrasilia,0.0
2018-04-24,novabrasilia,0.0
2018-04-25,novabrasilia,0.0
2018-04-26,novabrasilia,0.0
2018-04-27,novabrasilia,0.0
2018-04-28,novabrasilia,0.0
2018-04-29,novabrasilia,0.0
2018-04-30,novabrasilia,0.0
2018-05-01,novabrasilia,0.0
2018-05-02,novabrasilia,0.0
2018-05-03,novabrasilia,0.0
2018-05-04,novabrasilia,0.0
2018-05-05,novabrasilia,0.0
2018-05-06,novabrasilia,0.0
2018-05-07,novabrasilia,0.0
2018-05-08,novabrasilia,0.0
2018-05-09,novabrasilia,0.0
2018-05-10,novabrasilia,0.0
2018-05-11,novabrasilia,0.0
2018-05-12,novabrasilia,0.0
2018-05-13,novabrasilia,0.0
2018-05-14,novabrasilia,0.0
2018-05-15,novabrasilia,0.0
2018-05-16,novabrasilia,0.0
2018-05-17,novabrasilia,0.0
2018-05-18,novabrasilia,0.0
2018-05-19,novabrasilia,0.0
2018-05-20,novabrasilia,0.0
2018-05-21,novabrasilia,0.0
2018-05-22,novabrasilia,0.0
2018-05-23,novabrasilia,0.0
2018-05-24,novabrasilia,0.0
2018-05-25,novabrasilia,0.0
2018-05-26,novabrasilia,0.0
2018-05-27,novabrasilia,0.0
2018-05-28,novabrasilia,0.0
2018-05-29,novabrasilia,0.0
2018-05-30,novabrasilia,0.0
2018-05-31,novabrasilia,0.0
2018-06-01,novabrasilia,0.0
2018-06-02,novabrasilia,0.0
2018-06-03,novabrasilia,0.0
2018-06-04,novabrasilia,0.0
2018-06-05,novabrasilia,0.0
2018-06-06,novabrasilia,0.0
2018-06-07,novabrasilia,0.0
2018-06-08,novabrasilia,0.0
2018-06-09,novabrasilia,0.0
2018-06-10,novabrasilia,0.0
2018-06-11,novabrasilia,0.0
2018-06-12,novabrasilia,0.0
2018-06-13,novabrasilia,0.0
2018-06-14,novabrasilia,0.0
2018-06-15,novabrasilia,0.0
2018-06-16,novabrasilia,0.0
2018-06-17,novabrasilia,0.0
2018-06-18,novabrasilia,0.0
2018-06-19,novabrasilia,0.0
2018-06-20,novabrasilia,0.0
2018-06-21,novabrasilia,0.0
2018-06-22,novabrasilia,0.0
2018-06-23,novabrasilia,0.0
2018-06-24,novabrasilia,0.0
2018-06-25,novabrasilia,0.0
2018-06-26,novabrasilia,0.0
2018-06-27,novabrasilia,0.0
2018-06-28,novabrasilia,0.0
2018-06-29,novabrasilia,0.0
2018-06-30,novabrasilia,0.0
2018-07-01,novabrasilia,0.0
2018-07-02,novabrasilia,0.0
2018-07-03,novabrasilia,0.0
2018-07-04,novabrasilia,0.0
2018-07-05,novabrasilia,0.0
2018-07-06,novabrasilia,0.0
2018-07-07,novabrasilia,0.0
2018-07-08,novabrasilia,0.0
2018-07-09,novabrasilia,0.0
2018-07-10,novabrasilia,0.0
2018-07-11,novabrasilia,0.0
2018-07-12,novabrasilia,0.0
2018-07-13,novabrasilia,0.0
2018-07-14,novabrasilia,0.0
2018-07-15,novabrasilia,0.0
2018-07-16,novabrasilia,0.0
2018-07-17,novabrasilia,0.0
2018-07-18,novabrasilia,0.0
2018-07-19,novabrasilia,0.0
2018-07-20,novabrasilia,0.0
2018-07-21,novabrasilia,0.0
2018-07-22,novabrasilia,0.0
2018-07-23,novabrasilia,0.0
2018-07-24,novabrasilia,0.0
2018-07-25,novabrasilia,0.0
2018-07-26,novabrasilia,0.0
2018-07-27,novabrasilia,0.0
2018-07-28,novabrasilia,0.0
2018-07-29,novabrasilia,0.0
2018-07-30,novabrasilia,0.0
2018-07-31,novabrasilia,0.0
2018-08-01,novabrasilia,0.0
2018-08-02,novabrasilia,0.0
2018-08-03,novabrasilia,0.0
2018-08-04,novabrasilia,0.0
2018-08-05,novabrasilia,0.0
2018-08-06,novabrasilia,0.0
2018-08-07,novabrasilia,0.0
2018-08-08,novabrasilia,0.0
2018-08-09,novabrasilia,0.0
2018-08-10,novabrasilia,0.0
2018-08-11,novabrasilia,0.0
2018-08-12,novabrasilia,0.0
2018-08-13,novabrasilia,0.0
2018-08-14,novabrasilia,0.0
2018-08-15,novabrasilia,0.0
2018-08-16,novabrasilia,0.0
2018-08-17,novabrasilia,0.0
2018-08-18,novabrasilia,0.0
2018-08-19,novabrasilia,0.0
2018-08-20,novabrasilia,0.0
2018-08-21,novabrasilia,0.0
2018-08-22,novabrasilia,0.0
2018-08-23,novabrasilia,0.0
2018-08-24,novabrasilia,0.0
2018-08-25,novabrasilia,0.0
2018-08-26,novabrasilia,0.0
2018-08-27,novabrasilia,0.0
2018-08-28,novabrasilia,0.0
2018-08-29,novabrasilia,0.0
2018-08-30,novabrasilia,0.0
2018-08-31,novabrasilia,0.0
2018-09-01,novabrasilia,0.0
2018-09-02,novabrasilia,0.0
2018-09-03,novabrasilia,0.0
2018-09-04,novabrasilia,0.0
2018-09-05,novabrasilia,0.0
2018-09-06,novabrasilia,0.0
2018-09-07,novabrasilia,0.0
2018-09-08,novabrasilia,0.0
2018-09-09,novabrasilia,0.0
2018-09-10,novabrasilia,0.0
2018-09-11,novabrasilia,0.0
2018-09-12,novabrasilia,0.0
2018-09-13,novabrasilia,0.0
2018-09-14,novabrasilia,0.0
2018-09-15,novabrasilia,0.0
2018-09-16,novabrasilia,0.0
2018-09-17,novabrasilia,0.0
2018-09-18,novabrasilia,0.0
2018-09-19,novabrasilia,0.0
2018-09-20,novabrasilia,0.0
2018-09-21,novabrasilia,0.0
2018-09-22,novabrasilia,0.0
2018-09-23,novabrasilia,0.0
2018-09-24,novabrasilia,0.0
2018-09-25,novabrasilia,0.0
2018-09-26,novabrasilia,0.0
2018-09-27,novabrasilia,0.0
2018-09-28,novabrasilia,0.0
2018-09-29,novabrasilia,0.0
2018-09-30,novabrasilia,0.0
2018-10-01,novabrasilia,0.0
2018-10-02,novabrasilia,0.0
2018-10-03,novabrasilia,0.0
2018-10-04,novabrasilia,0.0
2018-10-05,novabrasilia,0.0
2018-10-06,novabrasilia,0.0
2018-10-07,novabrasilia,0.0
2018-10-08,novabrasilia,0.0
2018-10-09,novabrasilia,0.0
2018-10-10,novabrasilia,0.0
2018-10-11,novabrasilia,0.0
2018-10-12,novabrasilia,0.0
2018-10-13,novabrasilia,0.0
2018-10-14,novabrasilia,0.0
2018-10-15,novabrasilia,0.0
2018-10-16,novabrasilia,0.0
2018-10-17,novabrasilia,0.0
2018-10-18,novabrasilia,0.0
2018-10-19,novabrasilia,0.0
2018-10-20,novabrasilia,0.0
2018-10-21,novabrasilia,0.0
2018-10-22,novabrasilia,0.0
2018-10-23,novabrasilia,0.0
2018-10-24,novabrasilia,0.0
2018-10-25,novabrasilia,0.0
2018-10-26,novabrasilia,0.0
2018-10-27,novabrasilia,0.0
2018-10-28,novabrasilia,0.0
2018-10-29,novabrasilia,0.0
2018-10-30,novabrasilia,0.0
2018-10-31,novabrasilia,0.0
2018-11-01,novabrasilia,0.0
2018-11-02,novabrasilia,0.0
2018-11-03,novabrasilia,0.0
2018-11-04,novabrasilia,0.0
2018-11-05,novabrasilia,0.0
2018-11-06,novabrasilia,0.0
2018-11-07,novabrasilia,0.0
2018-11-08,novabrasilia,0.0
2018-11-09,novabrasilia,0.0
2018-11-10,novabrasilia,0.0
2018-11-11,novabrasilia,0.0
2018-11-12,novabrasilia,0.0
2018-11-13,novabrasilia,0.0
2018-11-14,novabrasilia,0.0
2018-11-15,novabrasilia,0.0
2018-11-16,novabrasilia,0.0
2018-11-17,novabrasilia,0.0
2018-11-18,novabrasilia,0.0
2018-11-19,novabrasilia,0.0
2018-11-20,novabrasilia,0.0
2018-11-21,novabrasilia,0.0
2018-11-22,novabrasilia,0.0
2018-11-23,novabrasilia,0.0
2018-11-24,novabrasilia,0.0
2018-11-25,novabrasilia,0.0
2018-11-26,novabrasilia,0.0
2018-11-27,novabrasilia,0.0
2018-11-28,novabrasilia,0.0
2018-11-29,novabrasilia,0.0
2018-11-30,novabrasilia,0.0
2018-12-01,novabrasilia,0.0
2018-12-02,novabrasilia,0.0
2018-12-03,novabrasilia,0.0
2018-12-04,novabrasilia,0.0
2018-12-05,novabrasilia,0.0
2018-12-06,novabrasilia,0.0
2018-12-07,novabrasilia,0.0
2018-12-08,novabrasilia,0.0
2018-12-09,novabrasilia,0.0
2018-12-10,novabrasilia,0.0
2018-12-11,novabrasilia,0.0
2018-12-12,novabrasilia,0.0
2018-12-13,novabrasilia,0.0
2018-12-14,novabrasilia,0.0
2018-12-15,novabrasilia,0.0
2018-12-16,novabrasilia,0.0
2018-12-17,novabrasilia,0.0
2018-12-18,novabrasilia,0.0
2018-12-19,novabrasilia,0.0
2018-12-20,novabrasilia,0.0
2018-12-21,novabrasilia,0.0
2018-12-22,novabrasilia,0.0
2018-12-23,novabrasilia,0.0
2018-12-24,novabrasilia,0.0
2018-12-25,novabrasilia,0.0
2018-12-26,novabrasilia,0.0
2018-12-27,novabrasilia,0.0
2018-12-28,novabrasilia,0.0
2018-12-29,novabrasilia,0.0
2018-12-30,novabrasilia,0.0
2018-12-31,novabrasilia,0.0
2019-01-01,novabrasilia,0.0
2019-01-02,novabrasilia,0.0
2019-01-03,novabrasilia,0.0
2019-01-04,novabrasilia,0.0
2019-01-05,novabrasilia,0.0
2019-01-06,novabrasilia,0.0
2019-01-07,novabrasilia,0.0
2019-01-08,novabrasilia,0.0
2019-01-09,novabrasilia,0.0
2019-01-10,novabrasilia,0.0
2019-01-11,novabrasilia,0.0
2019-01-12,novabrasilia,0.0
2019-01-13,novabrasilia,0.0
2019-01-14,novabrasilia,0.0
2019-01-15,novabrasilia,0.0
2019-01-16,novabrasilia,0.0
2019-01-17,novabrasilia,0.0
2019-01-18,novabrasilia,0.0
2019-01-19,novabrasilia,0.0
2019-01-20,novabrasilia,0.0
2019-01-21,novabrasilia,0.0
2019-01-22,novabrasilia,0.0
2019-01-23,novabrasilia,0.0
2019-01-24,novabrasilia,0.0
2019-01-25,novabrasilia,0.0
2019-01-26,novabrasilia,0.0
2019-01-27,novabrasilia,0.0
2019-01-28,novabrasilia,0.0
2019-01-29,novabrasilia,0.0
2019-01-30,novabrasilia,0.0
2019-01-31,novabrasilia,0.0
2019-02-01,novabrasilia,0.0
2019-02-02,novabrasilia,0.0
2019-02-03,novabrasilia,0.0
2019-02-04,novabrasilia,0.0
2019-02-05,novabrasilia,0.0
2019-02-06,novabrasilia,0.0
2019-02-07,novabrasilia,0.0
2019-02-08,novabrasilia,0.0
2019-02-09,novabrasilia,0.0
2019-02-10,novabrasilia,0.0
2019-02-11,novabrasilia,0.0
2019-02-12,novabrasilia,0.0
2019-02-13,novabrasilia,0.0
2019-02-14,novabrasilia,0.0
2019-02-15,novabrasilia,0.0
2019-02-16,novabrasilia,0.0
2019-02-17,novabrasilia,0.0
2019-02-18,novabrasilia,0.0
2019-02-19,novabrasilia,0.0
2019-02-20,novabrasilia,0.0
2019-02-21,novabrasilia,0.0
2019-02-22,novabrasilia,0.0
2019-02-23,novabrasilia,0.0
2019-02-24,novabrasilia,0.0
2019-02-25,novabrasilia,0.0
2019-02-26,novabrasilia,0.0
2019-02-27,novabrasilia,0.0
2019-02-28,novabrasilia,0.0
2019-03-01,novabrasilia,0.0
2019-03-02,novabrasilia,0.0
2019-03-03,novabrasilia,0.0
2019-03-04,novabrasilia,0.0
2019-03-05,novabrasilia,0.0
2019-03-06,novabrasilia,0.0
2019-03-07,novabrasilia,0.0
2019-03-08,novabrasilia,0.0
2019-03-09,novabrasilia,0.0
2019-03-10,novabrasilia,0.0
2019-03-11,novabrasilia,0.0
2019-03-12,novabrasilia,0.0
2019-03-13,novabrasilia,0.0
2019-03-14,novabrasilia,0.0
2019-03-15,novabrasilia,0.0
2019-03-16,novabrasilia,0.0
2019-03-17,novabrasilia,0.0
2019-03-18,novabrasilia,0.0
2019-03-19,novabrasilia,0.0
2019-03-20,novabrasilia,0.0
2019-03-21,novabrasilia,0.0
2019-03-22,novabrasilia,0.0
2019-03-23,novabrasilia,0.0
2019-03-24,novabrasilia,0.0
2019-03-25,novabrasilia,0.0
2019-03-26,novabrasilia,0.0
2019-03-27,novabrasilia,0.0
2019-03-28,novabrasilia,0.0
2019-03-29,novabrasilia,0.0
2019-03-30,novabrasilia,0.0
2019-03-31,novabrasilia,0.0
2019-04-01,novabrasilia,0.0
2019-04-02,novabrasilia,0.0
2019-04-03,novabrasilia,0.0
2019-04-04,novabrasilia,0.0
2019-04-05,novabrasilia,0.0
2019-04-06,novabrasilia,0.0
2019-04-07,novabrasilia,0.0
2019-04-08,novabrasilia,0.0
2019-04-09,novabrasilia,0.0
2019-04-10,novabrasilia,0.0
2019-04-11,novabrasilia,0.0
2019-04-12,novabrasilia,0.0
2019-04-13,novabrasilia,0.0
2019-04-14,novabrasilia,0.0
2019-04-15,novabrasilia,0.0
2019-04-16,novabrasilia,0.0
2019-04-17,novabrasilia,0.0
2019-04-18,novabrasilia,0.0
2019-04-19,novabrasilia,0.0
2019-04-20,novabrasilia,0.0
2019-04-21,novabrasilia,0.0
2019-04-22,novabrasilia,0.0
2019-04-23,novabrasilia,0.0
2019-04-24,novabrasilia,0.0
2019-04-25,novabrasilia,0.0
2019-04-26,novabrasilia,0.0
2019-04-27,novabrasilia,0.0
2019-04-28,novabrasilia,0.0
2019-04-29,novabrasilia,0.0
2019-04-30,novabrasilia,0.0
2019-05-01,novabrasilia,0.0
2019-05-02,novabrasilia,0.0
2019-05-03,novabrasilia,0.0
2019-05-04,novabrasilia,0.0
2019-05-05,novabrasilia,0.0
2019-05-06,novabrasilia,0.0
2019-05-07,novabrasilia,0.0
2019-05-08,novabrasilia,0.0
2019-05-09,novabrasilia,0.0
2019-05-10,novabrasilia,0.0
2019-05-11,novabrasilia,0.0
2019-05-12,novabrasilia,0.0
2019-05-13,novabrasilia,0.0
2019-05-14,novabrasilia,0.0
2019-05-15,novabrasilia,0.0
2019-05-16,novabrasilia,0.0
2019-05-17,novabrasilia,0.0
2019-05-18,novabrasilia,0.0
2019-05-19,novabrasilia,0.0
2019-05-20,novabrasilia,0.0
2019-05-21,novabrasilia,0.0
2019-05-22,novabrasilia,0.0
2019-05-23,novabrasilia,0.0
2019-05-24,novabrasilia,0.0
2019-05-25,novabrasilia,0.0
2019-05-26,novabrasilia,0.0
2019-05-27,novabrasilia,0.0
2019-05-28,novabrasilia,0.0
2019-05-29,novabrasilia,0.0
2019-05-30,novabrasilia,0.0
2019-05-31,novabrasilia,0.0
2019-06-01,novabrasilia,0.0
2019-06-02,novabrasilia,0.0
2019-06-03,novabrasilia,0.0
2019-06-04,novabrasilia,0.0
2019-06-05,novabrasilia,0.0
2019-06-06,novabrasilia,0.0
2019-06-07,novabrasilia,0.0
2019-06-08,novabrasilia,0.0
2019-06-09,novabrasilia,0.0
2019-06-10,novabrasilia,0.0
2019-06-11,novabrasilia,0.0
2019-06-12,novabrasilia,0.0
2019-06-13,novabrasilia,0.0
2019-06-14,novabrasilia,0.0
2019-06-15,novabrasilia,0.0
2019-06-16,novabrasilia,0.0
2019-06-17,novabrasilia,0.0
2019-06-18,novabrasilia,0.0
2019-06-19,novabrasilia,0.0
2019-06-20,novabrasilia,0.0
2019-06-21,novabrasilia,0.0
2019-06-22,novabrasilia,0.0
2019-06-23,novabrasilia,0.0
2019-06-24,novabrasilia,0.0
2019-06-25,novabrasilia,0.0
2019-06-26,novabrasilia,0.0
2019-06-27,novabrasilia,0.0
2019-06-28,novabrasilia,0.0
2019-06-29,novabrasilia,0.0
2019-06-30,novabrasilia,0.0
2019-07-01,novabrasilia,0.0
2019-07-02,novabrasilia,0.0
2019-07-03,novabrasilia,0.0
2019-07-04,novabrasilia,0.0
2019-07-05,novabrasilia,0.0
2019-07-06,novabrasilia,0.0
2019-07-07,novabrasilia,0.0
2019-07-08,novabrasilia,0.0
2019-07-09,novabrasilia,0.0
2019-07-10,novabrasilia,0.0
2019-07-11,novabrasilia,0.0
2019-07-12,novabrasilia,0.0
2019-07-13,novabrasilia,0.0
2019-07-14,novabrasilia,0.0
2019-07-15,novabrasilia,0.0
2019-07-16,novabrasilia,0.0
2019-07-18,novabrasilia,0.0
2019-07-19,novabrasilia,0.0
2019-07-20,novabrasilia,0.0
2019-07-22,novabrasilia,0.0
2019-07-23,novabrasilia,0.0
2019-07-24,novabrasilia,0.0
2019-07-25,novabrasilia,0.0
2019-07-26,novabrasilia,0.0
2019-07-27,novabrasilia,0.0
2019-07-28,novabrasilia,0.0
2019-07-29,novabrasilia,0.0
2019-07-30,novabrasilia,0.0
2019-07-31,novabrasilia,0.0
2019-08-01,novabrasilia,0.0
2019-08-02,novabrasilia,0.0
2019-08-03,novabrasilia,0.0
2019-08-04,novabrasilia,0.0
2019-08-05,novabrasilia,0.0
2019-08-06,novabrasilia,0.0
2019-08-07,novabrasilia,0.0
2019-08-08,novabrasilia,0.0
2019-08-09,novabrasilia,0.0
2019-08-10,novabrasilia,0.0
2019-08-11,novabrasilia,0.0
2019-08-12,novabrasilia,0.0
2019-08-13,novabrasilia,0.0
2019-08-14,novabrasilia,0.0
2019-08-15,novabrasilia,0.0
2019-08-16,novabrasilia,0.0
2019-08-17,novabrasilia,0.0
2019-08-18,novabrasilia,0.0
2019-08-19,novabrasilia,0.0
2019-08-20,novabrasilia,0.0
2019-08-21,novabrasilia,0.0
2019-08-22,novabrasilia,0.0
2019-08-23,novabrasilia,0.0
2019-08-24,novabrasilia,0.0
2019-08-25,novabrasilia,0.0
2019-08-26,novabrasilia,0.0
2019-08-27,novabrasilia,0.0
2019-08-28,novabrasilia,0.0
2019-08-30,novabrasilia,0.0
2019-08-31,novabrasilia,0.0
2019-09-01,novabrasilia,0.0
2019-09-02,novabrasilia,0.0
2019-09-03,novabrasilia,0.0
2019-09-04,novabrasilia,0.0
2019-09-05,novabrasilia,0.0
2019-09-06,novabrasilia,0.0
2019-09-07,novabrasilia,0.0
2019-09-08,novabrasilia,0.0
2019-09-09,novabrasilia,0.0
2019-09-10,novabrasilia,0.0
2019-09-11,novabrasilia,0.0
2019-09-12,novabrasilia,0.0
2019-09-13,novabrasilia,0.0
2019-09-14,novabrasilia,0.0
2019-09-15,novabrasilia,0.0
2019-09-16,novabrasilia,0.0
2019-09-17,novabrasilia,0.0
2019-09-18,novabrasilia,0.0
2019-09-19,novabrasilia,0.0
2019-09-20,novabrasilia,0.0
2019-09-21,novabrasilia,0.0
2019-09-22,novabrasilia,0.0
2019-09-23,novabrasilia,0.0
2019-09-24,novabrasilia,0.0
2019-09-25,novabrasilia,0.0
2019-09-26,novabrasilia,0.0
2019-09-27,novabrasilia,0.0
2019-09-28,novabrasilia,0.0
2019-09-29,novabrasilia,0.0
2019-09-30,novabrasilia,0.0
2019-10-01,novabrasilia,0.0
2019-10-02,novabrasilia,0.0
2019-10-03,novabrasilia,0.0
2019-10-04,novabrasilia,0.0
2019-10-05,novabrasilia,0.0
2019-10-06,novabrasilia,0.0
2019-10-07,novabrasilia,0.0
2019-10-08,novabrasilia,0.0
2019-10-10,novabrasilia,0.0
2019-10-11,novabrasilia,0.0
2019-10-12,novabrasilia,0.0
2019-10-13,novabrasilia,0.0
2019-10-14,novabrasilia,0.0
2019-10-15,novabrasilia,0.0
2019-10-16,novabrasilia,0.0
2019-10-17,novabrasilia,0.0
2019-10-18,novabrasilia,0.0
2019-10-19,novabrasilia,0.0
2019-10-20,novabrasilia,0.0
2019-10-21,novabrasilia,0.0
2019-10-22,novabrasilia,0.0
2019-10-23,novabrasilia,0.0
2019-10-24,novabrasilia,0.0
2019-10-25,novabrasilia,0.0
2019-10-26,novabrasilia,0.0
2019-10-27,novabrasilia,0.0
2019-10-28,novabrasilia,0.0
2019-10-29,novabrasilia,0.0
2019-10-30,novabrasilia,0.0
2019-10-31,novabrasilia,0.0
2019-11-01,novabrasilia,0.0
2019-11-02,novabrasilia,0.0
2019-11-03,novabrasilia,0.0
2019-11-04,novabrasilia,0.0
2019-11-05,novabrasilia,0.0
2019-11-06,novabrasilia,0.0
2019-11-07,novabrasilia,0.0
2019-11-08,novabrasilia,0.0
2019-11-09,novabrasilia,0.0
2019-11-10,novabrasilia,0.0
2019-11-11,novabrasilia,0.0
2019-11-12,novabrasilia,0.0
2019-11-13,novabrasilia,0.0
2019-11-14,novabrasilia,0.0
2019-11-15,novabrasilia,0.0
2019-11-16,novabrasilia,0.0
2019-11-17,novabrasilia,0.0
2019-11-18,novabrasilia,0.0
2019-11-19,novabrasilia,0.0
2019-11-20,novabrasilia,0.0
2019-11-21,novabrasilia,0.0
2019-11-22,novabrasilia,0.0
2019-11-23,novabrasilia,0.0
2019-11-24,novabrasilia,0.0
2019-11-25,novabrasilia,0.0
2019-11-26,novabrasilia,0.0
2019-11-27,novabrasilia,0.0
2019-11-28,novabrasilia,0.0
2019-11-29,novabrasilia,0.0
2019-11-30,novabrasilia,0.0
2019-12-01,novabrasilia,0.0
2019-12-02,novabrasilia,0.0
2019-12-03,novabrasilia,0.0
2019-12-04,novabrasilia,0.0
2019-12-05,novabrasilia,0.0
2019-12-06,novabrasilia,0.0
2019-12-07,novabrasilia,0.0
2019-12-08,novabrasilia,0.0
2019-12-09,novabrasilia,0.0
2019-12-10,novabrasilia,0.0
2019-12-11,novabrasilia,0.0
2019-12-12,novabrasilia,0.0
2019-12-13,novabrasilia,0.0
2019-12-14,novabrasilia,0.0
2019-12-15,novabrasilia,0.0
2019-12-16,novabrasilia,0.0
2019-12-17,novabrasilia,0.0
2019-12-18,novabrasilia,0.0
2019-12-19,novabrasilia,0.0
2019-12-20,novabrasilia,0.0
2019-12-21,novabrasilia,0.0
2019-12-22,novabrasilia,0.0
2019-12-23,novabrasilia,0.0
2019-12-24,novabrasilia,0.0
2019-12-25,novabrasilia,0.0
2019-12-26,novabrasilia,0.0
2019-12-27,novabrasilia,0.0
2019-12-28,novabrasilia,0.0
2019-12-29,novabrasilia,0.0
2019-12-30,novabrasilia,0.0
2019-12-31,novabrasilia,0.0
2020-01-01,novabrasilia,0.0
2020-01-02,novabrasilia,0.0
2020-01-03,novabrasilia,0.0
2020-01-04,novabrasilia,0.0
2020-01-05,novabrasilia,0.0
2020-01-06,novabrasilia,0.0
2020-01-07,novabrasilia,0.0
2020-01-08,novabrasilia,0.0
2020-01-09,novabrasilia,0.0
2020-01-10,novabrasilia,0.0
2020-01-11,novabrasilia,0.0
2020-01-12,novabrasilia,0.0
2020-01-13,novabrasilia,0.0
2020-01-14,novabrasilia,0.0
2020-01-15,novabrasilia,0.0
2020-01-16,novabrasilia,0.0
2020-01-17,novabrasilia,0.0
2020-01-18,novabrasilia,0.0
2020-01-19,novabrasilia,0.0
2020-01-20,novabrasilia,0.0
2020-01-21,novabrasilia,0.0
2020-01-22,novabrasilia,0.0
2020-01-23,novabrasilia,0.0
2020-01-24,novabrasilia,0.0
2020-01-25,novabrasilia,0.0
2020-01-26,novabrasilia,0.0
2020-01-27,novabrasilia,0.0
2020-01-28,novabrasilia,0.0
2020-01-29,novabrasilia,0.0
2020-01-30,novabrasilia,0.0
2020-01-31,novabrasilia,0.0
2020-02-01,novabrasilia,0.0
2020-02-02,novabrasilia,0.0
2020-02-03,novabrasilia,0.0
2020-02-04,novabrasilia,0.0
2020-02-05,novabrasilia,0.0
2020-02-06,novabrasilia,0.0
2020-02-07,novabrasilia,0.0
2020-02-08,novabrasilia,0.0
2020-02-09,novabrasilia,0.0
2020-02-10,novabrasilia,0.0
2020-02-11,novabrasilia,0.0
2020-02-12,novabrasilia,0.0
2020-02-13,novabrasilia,0.0
2020-02-14,novabrasilia,0.0
2020-02-15,novabrasilia,0.0
2020-02-16,novabrasilia,0.0
2020-02-17,novabrasilia,0.0
2020-02-18,novabrasilia,0.0
2020-02-19,novabrasilia,0.0
2020-02-20,novabrasilia,0.0
2020-02-21,novabrasilia,0.0
2020-02-22,novabrasilia,0.0
2020-02-23,novabrasilia,0.0
2020-02-24,novabrasilia,0.0
2020-02-25,novabrasilia,0.0
2020-02-26,novabrasilia,0.0
2020-02-27,novabrasilia,0.0
2020-02-28,novabrasilia,0.0
2020-02-29,novabrasilia,0.0
2020-03-01,novabrasilia,0.0
2020-03-02,novabrasilia,0.0
2020-03-03,novabrasilia,0.0
2020-03-04,novabrasilia,0.0
2020-03-05,novabrasilia,0.0
2020-03-06,novabrasilia,0.0
2020-03-07,novabrasilia,0.0
2020-03-08,novabrasilia,0.0
2020-03-09,novabrasilia,0.0
2020-03-10,novabrasilia,0.0
2020-03-11,novabrasilia,0.0
2020-03-12,novabrasilia,0.0
2020-03-13,novabrasilia,0.0
2020-03-14,novabrasilia,0.0
2020-03-15,novabrasilia,0.0
2020-03-16,novabrasilia,0.0
2020-03-17,novabrasilia,0.0
2020-03-18,novabrasilia,0.0
2020-03-19,novabrasilia,0.0
2020-03-20,novabrasilia,0.0
2020-03-21,novabrasilia,0.0
2020-03-22,novabrasilia,0.0
2020-03-23,novabrasilia,0.0
2020-03-24,novabrasilia,0.0
2020-03-25,novabrasilia,0.0
2020-03-26,novabrasilia,0.0
2020-03-27,novabrasilia,0.0
2020-03-28,novabrasilia,0.0
2020-03-29,novabrasilia,0.0
2020-03-30,novabrasilia,0.0
2020-03-31,novabrasilia,0.0
2020-04-01,novabrasilia,0.0
2020-04-02,novabrasilia,0.0
2020-04-03,novabrasilia,0.0
2020-04-04,novabrasilia,0.0
2020-04-05,novabrasilia,0.0
2020-04-06,novabrasilia,0.0
2020-04-07,novabrasilia,0.0
2020-04-08,novabrasilia,0.0
2020-04-09,novabrasilia,0.0
2020-04-10,novabrasilia,0.0
2020-04-11,novabrasilia,0.0
2020-04-12,novabrasilia,0.0
2020-04-13,novabrasilia,0.0
2020-04-14,novabrasilia,0.0
2020-04-15,novabrasilia,0.0
2020-04-16,novabrasilia,0.0
2020-04-17,novabrasilia,0.0
2020-04-18,novabrasilia,0.0
2020-04-19,novabrasilia,0.0
2020-04-20,novabrasilia,0.0
2020-04-21,novabrasilia,0.0
2020-04-22,novabrasilia,0.0
2020-04-23,novabrasilia,0.0
2020-04-24,novabrasilia,0.0
2020-04-25,novabrasilia,0.0
2020-04-26,novabrasilia,0.0
2020-04-27,novabrasilia,0.0
2020-04-28,novabrasilia,0.0
2020-04-29,novabrasilia,0.0
2020-04-30,novabrasilia,0.0
2020-05-01,novabrasilia,0.0
2020-05-02,novabrasilia,0.0
2020-05-03,novabrasilia,0.0
2020-05-04,novabrasilia,0.0
2020-05-05,novabrasilia,0.0
2020-05-06,novabrasilia,0.0
2020-05-07,novabrasilia,0.0
2020-05-08,novabrasilia,0.0
2020-05-09,novabrasilia,0.0
2020-05-10,novabrasilia,0.0
2020-05-11,novabrasilia,0.0
2020-05-12,novabrasilia,0.0
2020-05-13,novabrasilia,0.0
2020-05-14,novabrasilia,0.0
2020-05-15,novabrasilia,0.0
2020-05-16,novabrasilia,0.0
2020-05-17,novabrasilia,0.0
2020-05-18,novabrasilia,0.0
2020-05-19,novabrasilia,0.0
2020-05-20,novabrasilia,0.0
2020-05-21,novabrasilia,0.0
2020-05-22,novabrasilia,0.0
2020-05-23,novabrasilia,0.0
2020-05-24,novabrasilia,0.0
2020-05-25,novabrasilia,0.0
2020-05-26,novabrasilia,0.0
2020-05-27,novabrasilia,0.0
2020-05-28,novabrasilia,0.0
2020-05-29,novabrasilia,0.0
2020-05-30,novabrasilia,0.0
2020-05-31,novabrasilia,0.0
2020-06-01,novabrasilia,0.0
2020-06-02,novabrasilia,0.0
2020-06-03,novabrasilia,0.0
2020-06-04,novabrasilia,0.0
2020-06-05,novabrasilia,0.0
2020-06-06,novabrasilia,0.0
2020-06-07,novabrasilia,0.0
2020-06-08,novabrasilia,0.0
2020-06-09,novabrasilia,0.0
2020-06-10,novabrasilia,0.0
2020-06-11,novabrasilia,0.0
2020-06-12,novabrasilia,0.0
2020-06-13,novabrasilia,0.0
2020-06-14,novabrasilia,0.0
2020-06-15,novabrasilia,0.0
2020-06-16,novabrasilia,0.0
2020-06-17,novabrasilia,0.0
2020-06-18,novabrasilia,0.0
2020-06-19,novabrasilia,0.0
2020-06-20,novabrasilia,0.0
2020-06-21,novabrasilia,0.0
2020-06-22,novabrasilia,0.0
2020-06-23,novabrasilia,0.0
2020-06-24,novabrasilia,0.0
2020-06-25,novabrasilia,0.0
2020-06-26,novabrasilia,0.0
2020-06-27,novabrasilia,0.0
2020-06-28,novabrasilia,0.0
2020-06-29,novabrasilia,0.0
2020-06-30,novabrasilia,0.0
2020-07-01,novabrasilia,0.0
2020-07-02,novabrasilia,0.0
2020-07-03,novabrasilia,0.0
2020-07-04,novabrasilia,0.0
2020-07-05,novabrasilia,0.0
2020-07-06,novabrasilia,0.0
2020-07-07,novabrasilia,0.0
2020-07-08,novabrasilia,0.0
2020-07-09,novabrasilia,0.0
2020-07-10,novabrasilia,0.0
2020-07-11,novabrasilia,0.0
2020-07-12,novabrasilia,0.0
2020-07-13,novabrasilia,0.0
2020-07-14,novabrasilia,0.0
2020-07-15,novabrasilia,0.0
2020-07-16,novabrasilia,0.0
2020-07-17,novabrasilia,0.0
2020-07-18,novabrasilia,0.0
2020-07-19,novabrasilia,0.0
2020-07-20,novabrasilia,0.0
2020-07-21,novabrasilia,0.0
2020-07-22,novabrasilia,0.0
2020-07-23,novabrasilia,0.0
2020-07-24,novabrasilia,0.0
2020-07-25,novabrasilia,0.0
2020-07-26,novabrasilia,0.0
2020-07-27,novabrasilia,0.0
2020-07-28,novabrasilia,0.0
2020-07-29,novabrasilia,0.0
2020-07-30,novabrasilia,0.0
2020-07-31,novabrasilia,0.0
2020-08-01,novabrasilia,0.0
2020-08-02,novabrasilia,0.0
2020-08-03,novabrasilia,0.0
2020-08-04,novabrasilia,0.0
2020-08-05,novabrasilia,0.0
2020-08-06,novabrasilia,0.0
2020-08-07,novabrasilia,0.0
2020-08-08,novabrasilia,0.0
2020-08-09,novabrasilia,0.0
2020-08-10,novabrasilia,0.0
2020-08-11,novabrasilia,0.0
2020-08-12,novabrasilia,0.0
2020-08-13,novabrasilia,0.0
2020-08-14,novabrasilia,0.0
2020-08-15,novabrasilia,0.0
2020-08-16,novabrasilia,0.0
2020-08-17,novabrasilia,0.0
2020-08-18,novabrasilia,0.0
2020-08-19,novabrasilia,0.0
2020-08-20,novabrasilia,0.0
2020-08-21,novabrasilia,0.0
2020-08-22,novabrasilia,0.0
2020-08-23,novabrasilia,0.0
2020-08-24,novabrasilia,0.0
2020-08-25,novabrasilia,0.0
2020-08-26,novabrasilia,0.0
2020-08-27,novabrasilia,0.0
2020-08-28,novabrasilia,0.0
2020-08-29,novabrasilia,0.0
2020-08-30,novabrasilia,0.0
2020-08-31,novabrasilia,0.0
2020-09-01,novabrasilia,0.0
2020-09-02,novabrasilia,0.0
2020-09-03,novabrasilia,0.0
2020-09-04,novabrasilia,0.0
2020-09-05,novabrasilia,0.0
2020-09-06,novabrasilia,0.0
2020-09-07,novabrasilia,0.0
2020-09-08,novabrasilia,0.0
2020-09-09,novabrasilia,0.0
2020-09-10,novabrasilia,0.0
2020-09-11,novabrasilia,0.0
2020-09-12,novabrasilia,0.0
2020-09-13,novabrasilia,0.0
2020-09-14,novabrasilia,0.0
2020-09-15,novabrasilia,0.0
2020-09-16,novabrasilia,0.0
2020-09-17,novabrasilia,0.0
2020-09-18,novabrasilia,0.0
2020-09-19,novabrasilia,0.0
2020-09-20,novabrasilia,0.0
2020-09-21,novabrasilia,0.0
2020-09-22,novabrasilia,0.0
2020-09-23,novabrasilia,0.0
2020-09-24,novabrasilia,0.0
2020-09-25,novabrasilia,0.0
2020-09-26,novabrasilia,0.0
2020-09-27,novabrasilia,0.0
2020-09-28,novabrasilia,0.0
2020-09-29,novabrasilia,0.0
2020-09-30,novabrasilia,0.0
2020-10-01,novabrasilia,0.0
2020-10-02,novabrasilia,0.0
2020-10-03,novabrasilia,0.0
2020-10-04,novabrasilia,0.0
2020-10-05,novabrasilia,0.0
2020-10-06,novabrasilia,0.0
2020-10-07,novabrasilia,0.0
2020-10-08,novabrasilia,0.0
2020-10-09,novabrasilia,0.0
2020-10-10,novabrasilia,0.0
2020-10-11,novabrasilia,0.0
2020-10-12,novabrasilia,0.0
2020-10-13,novabrasilia,0.0
2020-10-14,novabrasilia,0.0
2020-10-15,novabrasilia,0.0
2020-10-16,novabrasilia,0.0
2020-10-17,novabrasilia,0.0
2020-10-18,novabrasilia,0.0
2020-10-19,novabrasilia,0.0
2020-10-20,novabrasilia,0.0
2020-10-21,novabrasilia,0.0
2020-10-22,novabrasilia,0.0
2020-10-23,novabrasilia,0.0
2020-10-24,novabrasilia,0.0
2020-10-25,novabrasilia,0.0
2020-10-26,novabrasilia,0.0
2020-10-27,novabrasilia,0.0
2020-10-28,novabrasilia,0.0
2020-10-29,novabrasilia,0.0
2020-10-30,novabrasilia,0.0
2020-10-31,novabrasilia,0.0
2020-11-01,novabrasilia,0.0
2020-11-02,novabrasilia,0.0
2020-11-03,novabrasilia,0.0
2020-11-04,novabrasilia,0.0
2020-11-05,novabrasilia,0.0
2020-11-06,novabrasilia,0.0
2020-11-07,novabrasilia,0.0
2020-11-08,novabrasilia,0.0
2020-11-09,novabrasilia,0.0
2020-11-10,novabrasilia,0.0
2020-11-11,novabrasilia,0.0
2020-11-12,novabrasilia,0.0
2020-11-13,novabrasilia,0.0
2020-11-14,novabrasilia,0.0
2020-11-15,novabrasilia,0.0
2020-11-16,novabrasilia,0.0
2020-11-17,novabrasilia,0.0
2020-11-18,novabrasilia,0.0
2020-11-19,novabrasilia,0.0
2020-11-20,novabrasilia,0.0
2020-11-21,novabrasilia,0.0
2020-11-22,novabrasilia,0.0
2020-11-23,novabrasilia,0.0
2020-11-24,novabrasilia,0.0
2020-11-25,novabrasilia,0.0
2020-11-26,novabrasilia,0.0
2020-11-27,novabrasilia,0.0
2020-11-28,novabrasilia,0.0
2020-11-29,novabrasilia,0.0
2020-11-30,novabrasilia,0.0
2020-12-01,novabrasilia,0.0
2020-12-02,novabrasilia,0.0
2020-12-03,novabrasilia,0.0
2020-12-04,novabrasilia,0.0
2020-12-05,novabrasilia,0.0
2020-12-06,novabrasilia,0.0
2020-12-07,novabrasilia,0.0
2020-12-08,novabrasilia,0.0
2020-12-09,novabrasilia,0.0
2020-12-10,novabrasilia,0.0
2020-12-11,novabrasilia,0.0
2020-12-12,novabrasilia,0.0
2020-12-13,novabrasilia,0.0
2020-12-14,novabrasilia,0.0
2020-12-15,novabrasilia,0.0
2020-12-16,novabrasilia,0.0
2020-12-17,novabrasilia,0.0
2020-12-18,novabrasilia,0.0
2020-12-19,novabrasilia,0.0
2020-12-20,novabrasilia,0.0
2020-12-21,novabrasilia,0.0
2020-12-22,novabrasilia,0.0
2020-12-23,novabrasilia,0.0
2020-12-24,novabrasilia,0.0
2020-12-25,novabrasilia,0.0
2020-12-26,novabrasilia,0.0
2020-12-27,novabrasilia,0.0
2020-12-28,novabrasilia,0.0
2020-12-29,novabrasilia,0.0
2020-12-30,novabrasilia,0.0
2014-07-31,paranaguamirim,0.0
2014-08-01,paranaguamirim,6.907948457
2014-08-02,paranaguamirim,0.0
2014-08-03,paranaguamirim,0.0
2014-08-04,paranaguamirim,4.936827356
2014-08-05,paranaguamirim,0.0
2014-08-06,paranaguamirim,0.0
2014-08-07,paranaguamirim,0.0
2014-08-08,paranaguamirim,0.0
2014-08-09,paranaguamirim,0.0
2014-08-10,paranaguamirim,0.0
2014-08-11,paranaguamirim,0.0
2014-08-12,paranaguamirim,26.556758636999998
2014-08-13,paranaguamirim,2.2
2014-08-14,paranaguamirim,0.0
2014-08-15,paranaguamirim,4.99268
2014-08-16,paranaguamirim,37.626251312
2014-08-17,paranaguamirim,0.2
2014-08-18,paranaguamirim,0.0
2014-08-19,paranaguamirim,0.0
2014-08-20,paranaguamirim,0.2
2014-08-21,paranaguamirim,0.0
2014-08-22,paranaguamirim,0.2
2014-08-23,paranaguamirim,0.2
2014-08-24,paranaguamirim,0.0
2014-08-25,paranaguamirim,2.371931693
2014-08-26,paranaguamirim,1.18536
2014-08-27,paranaguamirim,0.0
2014-08-28,paranaguamirim,0.0
2014-08-29,paranaguamirim,0.0
2014-08-30,paranaguamirim,0.0
2014-08-31,paranaguamirim,18.867286544
2014-09-01,paranaguamirim,0.0
2014-09-02,paranaguamirim,23.852990329
2014-09-03,paranaguamirim,1.2000000000000002
2014-09-04,paranaguamirim,2.769566636
2014-09-05,paranaguamirim,0.99268
2014-09-06,paranaguamirim,0.2
2014-09-07,paranaguamirim,1.18902
2014-09-08,paranaguamirim,0.0
2014-09-09,paranaguamirim,0.0
2014-09-10,paranaguamirim,0.0
2014-09-11,paranaguamirim,2.0
2014-09-12,paranaguamirim,5.9817
2014-09-13,paranaguamirim,0.2
2014-09-14,paranaguamirim,0.0
2014-09-15,paranaguamirim,0.2
2014-09-16,paranaguamirim,0.0
2014-09-17,paranaguamirim,0.2
2014-09-18,paranaguamirim,26.176522414
2014-09-19,paranaguamirim,9.251403026
2014-09-20,paranaguamirim,3.3460623270000003
2014-09-21,paranaguamirim,0.0
2014-09-22,paranaguamirim,0.0
2014-09-23,paranaguamirim,0.0
2014-09-24,paranaguamirim,13.218131861
2014-09-25,paranaguamirim,3.17072
2014-09-26,paranaguamirim,9.896254085
2014-09-27,paranaguamirim,12.27556
2014-09-28,paranaguamirim,8.35608
2014-09-29,paranaguamirim,6.119653595
2014-09-30,paranaguamirim,27.138331817999997
2014-10-01,paranaguamirim,1.18536
2014-10-02,paranaguamirim,0.0
2014-10-03,paranaguamirim,0.0
2014-10-04,paranaguamirim,0.2
2014-10-05,paranaguamirim,0.0
2014-10-06,paranaguamirim,0.6000000000000001
2014-10-07,paranaguamirim,0.0
2014-10-08,paranaguamirim,0.0
2014-10-09,paranaguamirim,0.0
2014-10-10,paranaguamirim,0.0
2014-10-11,paranaguamirim,0.0
2014-10-12,paranaguamirim,0.0
2014-10-13,paranaguamirim,0.2
2014-10-14,paranaguamirim,0.6000000000000001
2014-10-15,paranaguamirim,1.8
2014-10-16,paranaguamirim,1.79268
2014-10-17,paranaguamirim,5.340835096
2014-10-18,paranaguamirim,2.95608
2014-10-19,paranaguamirim,2.975168344
2014-10-20,paranaguamirim,0.0
2014-10-21,paranaguamirim,0.0
2014-10-22,paranaguamirim,0.0
2014-10-23,paranaguamirim,0.0
2014-10-24,paranaguamirim,0.0
2014-10-25,paranaguamirim,0.0
2014-10-26,paranaguamirim,1.0
2014-10-27,paranaguamirim,0.0
2014-10-28,paranaguamirim,0.0
2014-10-29,paranaguamirim,0.0
2014-10-30,paranaguamirim,0.0
2014-10-31,paranaguamirim,0.0
2014-11-01,paranaguamirim,4.34144
2014-11-02,paranaguamirim,0.6000000000000001
2014-11-03,paranaguamirim,2.37072
2014-11-04,paranaguamirim,36.714292209999996
2014-11-05,paranaguamirim,1.58536
2014-11-06,paranaguamirim,3.38536
2014-11-07,paranaguamirim,5.55242
2014-11-08,paranaguamirim,0.0
2014-11-09,paranaguamirim,0.0
2014-11-10,paranaguamirim,0.0
2014-11-11,paranaguamirim,0.0
2014-11-12,paranaguamirim,0.0
2014-11-13,paranaguamirim,0.0
2014-11-14,paranaguamirim,3.766368317
2014-11-15,paranaguamirim,0.2
2014-11-16,paranaguamirim,0.0
2014-11-17,paranaguamirim,0.0
2014-11-18,paranaguamirim,0.0
2014-11-19,paranaguamirim,0.0
2014-11-20,paranaguamirim,3.99268
2014-11-21,paranaguamirim,0.6000000000000001
2014-11-22,paranaguamirim,11.24305416
2014-11-23,paranaguamirim,1.8
2014-11-24,paranaguamirim,2.39268
2014-11-25,paranaguamirim,33.150363447000004
2014-11-26,paranaguamirim,2.56706
2014-11-27,paranaguamirim,0.0
2014-11-28,paranaguamirim,0.4
2014-11-29,paranaguamirim,5.325969024
2014-11-30,paranaguamirim,2.959678114
2014-12-01,paranaguamirim,0.0
2014-12-02,paranaguamirim,0.0
2014-12-03,paranaguamirim,4.15608
2014-12-04,paranaguamirim,1.79268
2014-12-05,paranaguamirim,0.0
2014-12-06,paranaguamirim,0.0
2014-12-07,paranaguamirim,0.2
2014-12-08,paranaguamirim,0.0
2014-12-09,paranaguamirim,15.376839588000001
2014-12-10,paranaguamirim,1.38536
2014-12-11,paranaguamirim,0.0
2014-12-12,paranaguamirim,2.974437532
2014-12-13,paranaguamirim,16.128549624999998
2014-12-14,paranaguamirim,0.0
2014-12-15,paranaguamirim,0.0
2014-12-16,paranaguamirim,2.4000000000000004
2014-12-17,paranaguamirim,0.0
2014-12-18,paranaguamirim,0.0
2014-12-19,paranaguamirim,11.261793137
2014-12-20,paranaguamirim,0.2
2014-12-21,paranaguamirim,0.8
2014-12-22,paranaguamirim,24.80838
2014-12-23,paranaguamirim,5.3414399999999995
2014-12-24,paranaguamirim,13.855519397
2014-12-25,paranaguamirim,7.97072
2014-12-26,paranaguamirim,6.3451
2014-12-27,paranaguamirim,5.815829869
2014-12-28,paranaguamirim,25.049211501000002
2014-12-29,paranaguamirim,3.7530778909999998
2014-12-30,paranaguamirim,0.0
2014-12-31,paranaguamirim,5.126725828
2015-01-01,paranaguamirim,0.0
2015-01-02,paranaguamirim,26.864066601
2015-01-03,paranaguamirim,0.8
2015-01-04,paranaguamirim,0.0
2015-01-05,paranaguamirim,1.38536
2015-01-06,paranaguamirim,2.57438
2015-01-07,paranaguamirim,0.0
2015-01-08,paranaguamirim,0.0
2015-01-09,paranaguamirim,10.237364767
2015-01-10,paranaguamirim,9.678323237999999
2015-01-11,paranaguamirim,7.50118
2015-01-12,paranaguamirim,11.0902
2015-01-13,paranaguamirim,0.4
2015-01-14,paranaguamirim,12.174520558
2015-01-15,paranaguamirim,22.40968
2015-01-16,paranaguamirim,0.0
2015-01-17,paranaguamirim,1.6
2015-01-18,paranaguamirim,1.19268
2015-01-19,paranaguamirim,0.4
2015-01-20,paranaguamirim,13.05726
2015-01-21,paranaguamirim,1.2000000000000002
2015-01-22,paranaguamirim,13.200000000000001
2015-01-23,paranaguamirim,0.2
2015-01-24,paranaguamirim,0.0
2015-01-25,paranaguamirim,5.2
2015-01-26,paranaguamirim,0.0
2015-01-27,paranaguamirim,0.0
2015-01-28,paranaguamirim,5.3634
2015-01-29,paranaguamirim,1.39268
2015-01-30,paranaguamirim,2.4000000000000004
2015-01-31,paranaguamirim,0.8
2015-02-01,paranaguamirim,0.0
2015-02-02,paranaguamirim,0.4
2015-02-03,paranaguamirim,7.99268
2015-02-04,paranaguamirim,32.1425
2015-02-05,paranaguamirim,40.15218
2015-02-06,paranaguamirim,7.071899999999999
2015-02-07,paranaguamirim,0.0
2015-02-08,paranaguamirim,1.19268
2015-02-09,paranaguamirim,0.0
2015-02-10,paranaguamirim,0.0
2015-02-11,paranaguamirim,0.8
2015-02-12,paranaguamirim,18.332819999999998
2015-02-13,paranaguamirim,15.71216
2015-02-14,paranaguamirim,14.37804
2015-02-15,paranaguamirim,9.600000000000001
2015-02-16,paranaguamirim,3.59268
2015-02-17,paranaguamirim,10.4
2015-02-18,paranaguamirim,21.89752
2015-02-19,paranaguamirim,31.90224
2015-02-20,paranaguamirim,8.58536
2015-02-21,paranaguamirim,7.778040000000001
2015-02-22,paranaguamirim,0.2
2015-02-23,paranaguamirim,4.74144
2015-02-24,paranaguamirim,11.0
2015-02-25,paranaguamirim,0.0
2015-02-26,paranaguamirim,0.0
2015-02-27,paranaguamirim,7.75242
2015-02-28,paranaguamirim,0.8
2015-03-01,paranaguamirim,0.4
2015-03-02,paranaguamirim,0.0
2015-03-03,paranaguamirim,0.0
2015-03-04,paranaguamirim,0.0
2015-03-05,paranaguamirim,3.2
2015-03-06,paranaguamirim,13.31948
2015-03-07,paranaguamirim,0.6000000000000001
2015-03-08,paranaguamirim,0.0
2015-03-09,paranaguamirim,0.0
2015-03-10,paranaguamirim,0.0
2015-03-11,paranaguamirim,0.0
2015-03-12,paranaguamirim,7.9085
2015-03-13,paranaguamirim,31.73282
2015-03-14,paranaguamirim,17.06092
2015-03-15,paranaguamirim,2.19268
2015-03-16,paranaguamirim,0.8
2015-03-17,paranaguamirim,0.0
2015-03-18,paranaguamirim,0.4
2015-03-19,paranaguamirim,3.58536
2015-03-20,paranaguamirim,4.0
2015-03-21,paranaguamirim,12.54876
2015-03-22,paranaguamirim,1.0
2015-03-23,paranaguamirim,0.8
2015-03-24,paranaguamirim,1.0
2015-03-25,paranaguamirim,0.0
2015-03-26,paranaguamirim,0.0
2015-03-27,paranaguamirim,9.8
2015-03-28,paranaguamirim,8.4
2015-03-29,paranaguamirim,10.8
2015-03-30,paranaguamirim,10.8
2015-03-31,paranaguamirim,10.4
2015-04-01,paranaguamirim,9.8
2015-04-02,paranaguamirim,4.0
2015-04-03,paranaguamirim,0.0
2015-04-04,paranaguamirim,0.0
2015-04-05,paranaguamirim,7.78
2015-04-06,paranaguamirim,8.6
2015-04-07,paranaguamirim,3.6
2015-04-08,paranaguamirim,1.2000000000000002
2015-04-09,paranaguamirim,0.6000000000000001
2015-04-10,paranaguamirim,0.79
2015-04-11,paranaguamirim,0.0
2015-04-12,paranaguamirim,0.0
2015-04-13,paranaguamirim,0.0
2015-04-14,paranaguamirim,0.0
2015-04-15,paranaguamirim,0.0
2015-04-16,paranaguamirim,8.34
2015-04-17,paranaguamirim,27.01
2015-04-18,paranaguamirim,33.480000000000004
2015-04-19,paranaguamirim,9.0
2015-04-20,paranaguamirim,1.6
2015-04-21,paranaguamirim,3.0
2015-04-22,paranaguamirim,18.01
2015-04-23,paranaguamirim,31.94
2015-04-24,paranaguamirim,15.200000000000001
2015-04-25,paranaguamirim,3.4000000000000004
2015-04-26,paranaguamirim,3.2
2015-04-27,paranaguamirim,2.8000000000000003
2015-04-28,paranaguamirim,0.2
2015-04-29,paranaguamirim,3.6
2015-04-30,paranaguamirim,2.6
2015-05-01,paranaguamirim,0.0
2015-05-02,paranaguamirim,0.0
2015-05-03,paranaguamirim,4.2
2015-05-04,paranaguamirim,5.4
2015-05-05,paranaguamirim,0.0
2015-05-06,paranaguamirim,0.0
2015-05-07,paranaguamirim,0.2
2015-05-08,paranaguamirim,0.0
2015-05-09,paranaguamirim,0.0
2015-05-10,paranaguamirim,8.200000000000001
2015-05-11,paranaguamirim,4.6000000000000005
2015-05-12,paranaguamirim,3.4000000000000004
2015-05-13,paranaguamirim,3.8000000000000003
2015-05-14,paranaguamirim,5.2
2015-05-15,paranaguamirim,8.4
2015-05-16,paranaguamirim,0.6000000000000001
2015-05-17,paranaguamirim,0.6000000000000001
2015-05-18,paranaguamirim,4.180000000000001
2015-05-19,paranaguamirim,89.9
2015-05-20,paranaguamirim,3.4000000000000004
2015-05-21,paranaguamirim,0.0
2015-05-22,paranaguamirim,0.0
2015-05-23,paranaguamirim,0.0
2015-05-24,paranaguamirim,4.4
2015-05-25,paranaguamirim,17.8
2015-05-26,paranaguamirim,19.080000000000002
2015-05-27,paranaguamirim,34.39
2015-05-28,paranaguamirim,0.0
2015-05-29,paranaguamirim,0.0
2015-05-30,paranaguamirim,0.0
2015-05-31,paranaguamirim,0.0
2015-06-01,paranaguamirim,0.0
2015-06-02,paranaguamirim,0.0
2015-06-03,paranaguamirim,0.0
2015-06-04,paranaguamirim,0.0
2015-06-05,paranaguamirim,0.0
2015-06-06,paranaguamirim,0.0
2015-06-07,paranaguamirim,0.0
2015-06-08,paranaguamirim,0.0
2015-06-09,paranaguamirim,0.0
2015-06-10,paranaguamirim,0.0
2015-06-11,paranaguamirim,5.57
2015-06-12,paranaguamirim,5.2
2015-06-13,paranaguamirim,20.28
2015-06-14,paranaguamirim,27.44
2015-06-15,paranaguamirim,8.57
2015-06-16,paranaguamirim,0.0
2015-06-17,paranaguamirim,0.0
2015-06-18,paranaguamirim,14.780000000000001
2015-06-19,paranaguamirim,25.78
2015-06-20,paranaguamirim,0.6000000000000001
2015-06-21,paranaguamirim,0.4
2015-06-22,paranaguamirim,0.0
2015-06-23,paranaguamirim,0.2
2015-06-24,paranaguamirim,0.6000000000000001
2015-06-25,paranaguamirim,1.8
2015-06-26,paranaguamirim,0.2
2015-06-27,paranaguamirim,0.2
2015-06-28,paranaguamirim,0.0
2015-06-29,paranaguamirim,0.0
2015-06-30,paranaguamirim,2.8000000000000003
2015-07-01,paranaguamirim,0.0
2015-07-02,paranaguamirim,1.2000000000000002
2015-07-03,paranaguamirim,0.2
2015-07-04,paranaguamirim,0.0
2015-07-05,paranaguamirim,0.0
2015-07-06,paranaguamirim,1.8
2015-07-07,paranaguamirim,4.6000000000000005
2015-07-08,paranaguamirim,21.44
2015-07-09,paranaguamirim,0.0
2015-07-10,paranaguamirim,7.390000000000001
2015-07-11,paranaguamirim,3.0
2015-07-12,paranaguamirim,4.800000000000001
2015-07-13,paranaguamirim,7.15
2015-07-14,paranaguamirim,14.610000000000001
2015-07-15,paranaguamirim,3.18
2015-07-16,paranaguamirim,15.22
2015-07-17,paranaguamirim,6.91
2015-07-18,paranaguamirim,0.0
2015-07-19,paranaguamirim,0.0
2015-07-20,paranaguamirim,4.73
2015-07-21,paranaguamirim,4.78
2015-07-22,paranaguamirim,0.0
2015-07-23,paranaguamirim,13.59
2015-07-24,paranaguamirim,6.4
2015-07-25,paranaguamirim,0.0
2015-07-26,paranaguamirim,0.0
2015-07-27,paranaguamirim,0.0
2015-07-28,paranaguamirim,0.0
2015-07-29,paranaguamirim,0.0
2015-07-30,paranaguamirim,0.0
2015-07-31,paranaguamirim,0.0
2015-08-01,paranaguamirim,0.0
2015-08-02,paranaguamirim,0.0
2015-08-03,paranaguamirim,0.0
2015-08-04,paranaguamirim,0.0
2015-08-05,paranaguamirim,0.0
2015-08-06,paranaguamirim,0.0
2015-08-07,paranaguamirim,0.0
2015-08-08,paranaguamirim,0.0
2015-08-09,paranaguamirim,0.0
2015-08-10,paranaguamirim,0.0
2015-08-11,paranaguamirim,0.0
2015-08-12,paranaguamirim,0.0
2015-08-13,paranaguamirim,0.0
2015-08-14,paranaguamirim,0.0
2015-08-15,paranaguamirim,0.0
2015-08-16,paranaguamirim,0.2
2015-08-17,paranaguamirim,0.0
2015-08-18,paranaguamirim,1.6
2015-08-19,paranaguamirim,0.2
2015-08-20,paranaguamirim,0.0
2015-08-21,paranaguamirim,1.0
2015-08-22,paranaguamirim,0.0
2015-08-23,paranaguamirim,0.4
2015-08-24,paranaguamirim,2.2
2015-08-25,paranaguamirim,2.0
2015-08-26,paranaguamirim,3.8000000000000003
2015-08-27,paranaguamirim,19.52
2015-08-28,paranaguamirim,0.0
2015-08-29,paranaguamirim,0.0
2015-08-30,paranaguamirim,0.0
2015-08-31,paranaguamirim,0.0
2015-09-01,paranaguamirim,1.2000000000000002
2015-09-02,paranaguamirim,5.2
2015-09-03,paranaguamirim,29.290000000000003
2015-09-04,paranaguamirim,14.3
2015-09-05,paranaguamirim,12.14
2015-09-06,paranaguamirim,2.6
2015-09-07,paranaguamirim,5.17
2015-09-08,paranaguamirim,11.15
2015-09-09,paranaguamirim,1.4000000000000001
2015-09-10,paranaguamirim,1.6
2015-09-11,paranaguamirim,5.58
2015-09-12,paranaguamirim,0.0
2015-09-13,paranaguamirim,0.0
2015-09-14,paranaguamirim,0.2
2015-09-15,paranaguamirim,0.4
2015-09-16,paranaguamirim,0.0
2015-09-17,paranaguamirim,23.36
2015-09-18,paranaguamirim,13.59
2015-09-19,paranaguamirim,4.800000000000001
2015-09-20,paranaguamirim,0.0
2015-09-21,paranaguamirim,0.0
2015-09-22,paranaguamirim,0.0
2015-09-23,paranaguamirim,0.0
2015-09-24,paranaguamirim,0.0
2015-09-25,paranaguamirim,20.66
2015-09-26,paranaguamirim,7.4
2015-09-27,paranaguamirim,15.200000000000001
2015-09-28,paranaguamirim,20.990000000000002
2015-09-29,paranaguamirim,6.4
2015-09-30,paranaguamirim,4.4
2015-10-01,paranaguamirim,6.2
2015-10-02,paranaguamirim,11.59
2015-10-03,paranaguamirim,4.16
2015-10-04,paranaguamirim,6.87
2015-10-05,paranaguamirim,0.4
2015-10-06,paranaguamirim,0.79
2015-10-07,paranaguamirim,0.0
2015-10-08,paranaguamirim,23.21
2015-10-09,paranaguamirim,10.38
2015-10-10,paranaguamirim,6.4
2015-10-11,paranaguamirim,9.600000000000001
2015-10-12,paranaguamirim,6.0
2015-10-13,paranaguamirim,9.18
2015-10-14,paranaguamirim,25.53
2015-10-15,paranaguamirim,0.2
2015-10-16,paranaguamirim,4.37
2015-10-17,paranaguamirim,0.2
2015-10-18,paranaguamirim,0.2
2015-10-19,paranaguamirim,1.4000000000000001
2015-10-20,paranaguamirim,0.0
2015-10-21,paranaguamirim,20.81
2015-10-22,paranaguamirim,28.66
2015-10-23,paranaguamirim,19.200000000000003
2015-10-24,paranaguamirim,12.4
2015-10-25,paranaguamirim,5.800000000000001
2015-10-26,paranaguamirim,4.6000000000000005
2015-10-27,paranaguamirim,11.4
2015-10-28,paranaguamirim,15.600000000000001
2015-10-29,paranaguamirim,11.200000000000001
2015-10-30,paranaguamirim,5.0
2015-10-31,paranaguamirim,10.4
2015-11-01,paranaguamirim,15.0
2015-11-02,paranaguamirim,20.400000000000002
2015-11-03,paranaguamirim,21.6
2015-11-04,paranaguamirim,35.1
2015-11-05,paranaguamirim,22.12
2015-11-06,paranaguamirim,13.16
2015-11-07,paranaguamirim,1.59
2015-11-08,paranaguamirim,26.990000000000002
2015-11-09,paranaguamirim,0.6000000000000001
2015-11-10,paranaguamirim,0.0
2015-11-11,paranaguamirim,0.0
2015-11-12,paranaguamirim,0.2
2015-11-13,paranaguamirim,0.2
2015-11-14,paranaguamirim,4.72
2015-11-15,paranaguamirim,0.2
2015-11-16,paranaguamirim,1.2000000000000002
2015-11-17,paranaguamirim,7.3100000000000005
2015-11-18,paranaguamirim,26.16
2015-11-19,paranaguamirim,24.79
2015-11-20,paranaguamirim,33.88
2015-11-21,paranaguamirim,0.0
2015-11-22,paranaguamirim,8.360000000000001
2015-11-23,paranaguamirim,16.470000000000002
2015-11-24,paranaguamirim,6.550000000000001
2015-11-25,paranaguamirim,7.05
2015-11-26,paranaguamirim,4.15
2015-11-27,paranaguamirim,9.15
2015-11-28,paranaguamirim,1.8
2015-11-29,paranaguamirim,3.7600000000000002
2015-11-30,paranaguamirim,7.720000000000001
2015-12-01,paranaguamirim,0.2
2015-12-02,paranaguamirim,7.130000000000001
2015-12-03,paranaguamirim,16.37
2015-12-04,paranaguamirim,9.200000000000001
2015-12-05,paranaguamirim,2.2
2015-12-06,paranaguamirim,213.49
2015-12-07,paranaguamirim,0.0
2015-12-08,paranaguamirim,0.0
2015-12-09,paranaguamirim,0.0
2015-12-10,paranaguamirim,0.0
2015-12-11,paranaguamirim,0.0
2015-12-12,paranaguamirim,0.0
2015-12-13,paranaguamirim,0.0
2015-12-14,paranaguamirim,0.0
2015-12-15,paranaguamirim,0.0
2015-12-16,paranaguamirim,0.0
2015-12-17,paranaguamirim,0.0
2015-12-18,paranaguamirim,0.0
2015-12-19,paranaguamirim,0.0
2015-12-20,paranaguamirim,0.0
2015-12-21,paranaguamirim,0.0
2015-12-22,paranaguamirim,0.0
2015-12-23,paranaguamirim,0.0
2015-12-24,paranaguamirim,0.0
2015-12-25,paranaguamirim,0.0
2015-12-26,paranaguamirim,0.0
2015-12-27,paranaguamirim,0.0
2015-12-28,paranaguamirim,0.0
2015-12-29,paranaguamirim,0.0
2015-12-30,paranaguamirim,0.0
2015-12-31,paranaguamirim,0.0
2016-01-01,paranaguamirim,0.0
2016-01-02,paranaguamirim,0.0
2016-01-03,paranaguamirim,0.0
2016-01-04,paranaguamirim,0.0
2016-01-05,paranaguamirim,0.0
2016-01-06,paranaguamirim,0.0
2016-01-07,paranaguamirim,0.0
2016-01-08,paranaguamirim,0.0
2016-01-09,paranaguamirim,0.0
2016-01-10,paranaguamirim,0.0
2016-01-11,paranaguamirim,0.0
2016-01-12,paranaguamirim,0.0
2016-01-13,paranaguamirim,0.0
2016-01-14,paranaguamirim,0.0
2016-01-15,paranaguamirim,0.0
2016-01-16,paranaguamirim,0.0
2016-01-17,paranaguamirim,0.0
2016-01-18,paranaguamirim,0.0
2016-01-19,paranaguamirim,0.0
2016-01-20,paranaguamirim,0.0
2016-01-21,paranaguamirim,0.0
2016-01-22,paranaguamirim,0.0
2016-01-23,paranaguamirim,0.0
2016-01-24,paranaguamirim,0.0
2016-01-25,paranaguamirim,0.0
2016-01-26,paranaguamirim,0.0
2016-01-27,paranaguamirim,0.0
2016-01-28,paranaguamirim,0.0
2016-01-29,paranaguamirim,0.0
2016-01-30,paranaguamirim,0.0
2016-01-31,paranaguamirim,0.0
2016-02-01,paranaguamirim,0.0
2016-02-02,paranaguamirim,0.0
2016-02-03,paranaguamirim,0.0
2016-02-04,paranaguamirim,0.0
2016-02-05,paranaguamirim,0.0
2016-02-06,paranaguamirim,0.0
2016-02-07,paranaguamirim,0.0
2016-02-08,paranaguamirim,0.0
2016-02-09,paranaguamirim,0.0
2016-02-10,paranaguamirim,0.0
2016-02-11,paranaguamirim,0.0
2016-02-12,paranaguamirim,0.0
2016-02-13,paranaguamirim,0.0
2016-02-14,paranaguamirim,0.0
2016-02-15,paranaguamirim,0.0
2016-02-16,paranaguamirim,0.0
2016-02-17,paranaguamirim,0.0
2016-02-18,paranaguamirim,0.0
2016-02-19,paranaguamirim,0.0
2016-02-20,paranaguamirim,0.0
2016-02-21,paranaguamirim,0.0
2016-02-22,paranaguamirim,0.0
2016-02-23,paranaguamirim,0.0
2016-02-24,paranaguamirim,0.0
2016-02-25,paranaguamirim,0.0
2016-02-26,paranaguamirim,0.0
2016-02-27,paranaguamirim,0.0
2016-02-28,paranaguamirim,0.0
2016-02-29,paranaguamirim,0.0
2016-03-01,paranaguamirim,0.0
2016-03-02,paranaguamirim,0.0
2016-03-03,paranaguamirim,0.0
2016-03-04,paranaguamirim,0.0
2016-03-05,paranaguamirim,0.0
2016-03-06,paranaguamirim,0.0
2016-03-07,paranaguamirim,0.0
2016-03-08,paranaguamirim,0.0
2016-03-09,paranaguamirim,0.0
2016-03-10,paranaguamirim,0.0
2016-03-11,paranaguamirim,0.0
2016-03-12,paranaguamirim,0.0
2016-03-13,paranaguamirim,0.0
2016-03-14,paranaguamirim,0.0
2016-03-15,paranaguamirim,0.0
2016-03-16,paranaguamirim,0.0
2016-03-17,paranaguamirim,0.0
2016-03-18,paranaguamirim,0.0
2016-03-19,paranaguamirim,0.0
2016-03-20,paranaguamirim,0.0
2016-03-21,paranaguamirim,0.0
2016-03-22,paranaguamirim,0.0
2016-03-23,paranaguamirim,0.0
2016-03-24,paranaguamirim,0.0
2016-03-25,paranaguamirim,0.0
2016-03-26,paranaguamirim,0.0
2016-03-27,paranaguamirim,0.0
2016-03-28,paranaguamirim,0.0
2016-03-29,paranaguamirim,0.0
2016-03-30,paranaguamirim,0.0
2016-03-31,paranaguamirim,0.0
2016-04-01,paranaguamirim,0.0
2016-04-02,paranaguamirim,0.0
2016-04-03,paranaguamirim,0.0
2016-04-04,paranaguamirim,0.0
2016-04-05,paranaguamirim,0.0
2016-04-06,paranaguamirim,0.0
2016-04-07,paranaguamirim,0.0
2016-04-08,paranaguamirim,0.0
2016-04-09,paranaguamirim,0.0
2016-04-10,paranaguamirim,0.0
2016-04-11,paranaguamirim,0.0
2016-04-12,paranaguamirim,0.0
2016-04-13,paranaguamirim,0.0
2016-04-14,paranaguamirim,0.0
2016-04-15,paranaguamirim,0.0
2016-04-16,paranaguamirim,0.0
2016-04-17,paranaguamirim,0.0
2016-04-18,paranaguamirim,0.0
2016-04-19,paranaguamirim,0.0
2016-04-20,paranaguamirim,0.0
2016-04-21,paranaguamirim,0.0
2016-04-22,paranaguamirim,0.0
2016-04-23,paranaguamirim,0.0
2016-04-24,paranaguamirim,0.0
2016-04-25,paranaguamirim,0.0
2016-04-26,paranaguamirim,0.0
2016-04-27,paranaguamirim,0.0
2016-04-28,paranaguamirim,0.0
2016-04-29,paranaguamirim,0.0
2016-04-30,paranaguamirim,0.0
2016-05-01,paranaguamirim,0.0
2016-05-02,paranaguamirim,0.0
2016-05-03,paranaguamirim,0.0
2016-05-04,paranaguamirim,0.0
2016-05-05,paranaguamirim,0.0
2016-05-06,paranaguamirim,0.0
2016-05-07,paranaguamirim,0.0
2016-05-08,paranaguamirim,0.0
2016-05-09,paranaguamirim,0.0
2016-05-10,paranaguamirim,0.0
2016-05-11,paranaguamirim,0.0
2016-05-12,paranaguamirim,0.0
2016-05-13,paranaguamirim,0.0
2016-05-14,paranaguamirim,0.0
2016-05-15,paranaguamirim,0.0
2016-05-16,paranaguamirim,0.0
2016-05-17,paranaguamirim,0.0
2016-05-18,paranaguamirim,0.0
2016-05-19,paranaguamirim,0.0
2016-05-20,paranaguamirim,0.0
2016-05-21,paranaguamirim,0.0
2016-05-22,paranaguamirim,0.0
2016-05-23,paranaguamirim,0.0
2016-05-24,paranaguamirim,0.0
2016-05-25,paranaguamirim,0.0
2016-05-26,paranaguamirim,0.0
2016-05-27,paranaguamirim,0.0
2016-05-28,paranaguamirim,0.0
2016-05-29,paranaguamirim,0.0
2016-05-30,paranaguamirim,0.0
2016-05-31,paranaguamirim,0.0
2016-06-01,paranaguamirim,0.0
2016-06-02,paranaguamirim,0.0
2016-06-03,paranaguamirim,0.0
2016-06-04,paranaguamirim,0.0
2016-06-05,paranaguamirim,0.0
2016-06-06,paranaguamirim,0.0
2016-06-07,paranaguamirim,0.0
2016-06-08,paranaguamirim,0.0
2016-06-09,paranaguamirim,0.0
2016-06-10,paranaguamirim,0.0
2016-06-11,paranaguamirim,0.0
2016-06-12,paranaguamirim,0.0
2016-06-13,paranaguamirim,0.0
2016-06-14,paranaguamirim,0.0
2016-06-15,paranaguamirim,0.0
2016-06-16,paranaguamirim,0.0
2016-06-17,paranaguamirim,0.0
2016-06-18,paranaguamirim,0.0
2016-06-19,paranaguamirim,0.0
2016-06-20,paranaguamirim,0.0
2016-06-21,paranaguamirim,0.0
2016-06-22,paranaguamirim,0.0
2016-06-23,paranaguamirim,0.0
2016-06-24,paranaguamirim,0.0
2016-06-25,paranaguamirim,0.0
2016-06-26,paranaguamirim,0.0
2016-06-27,paranaguamirim,0.0
2016-06-28,paranaguamirim,0.0
2016-06-29,paranaguamirim,0.0
2016-06-30,paranaguamirim,0.0
2016-07-02,paranaguamirim,0.0
2016-07-03,paranaguamirim,0.0
2016-07-04,paranaguamirim,0.0
2016-07-05,paranaguamirim,0.0
2016-07-06,paranaguamirim,0.0
2016-07-07,paranaguamirim,0.0
2016-07-08,paranaguamirim,0.0
2016-07-09,paranaguamirim,0.0
2016-07-10,paranaguamirim,0.0
2016-07-11,paranaguamirim,0.0
2016-07-12,paranaguamirim,4.53
2016-07-13,paranaguamirim,7.890000000000001
2016-07-14,paranaguamirim,0.0
2016-07-15,paranaguamirim,17.29
2016-07-16,paranaguamirim,40.51
2016-07-17,paranaguamirim,0.0
2016-07-18,paranaguamirim,0.0
2016-07-19,paranaguamirim,0.0
2016-07-20,paranaguamirim,0.0
2016-07-21,paranaguamirim,0.0
2016-07-22,paranaguamirim,0.0
2016-07-23,paranaguamirim,0.0
2016-07-24,paranaguamirim,0.0
2016-07-25,paranaguamirim,0.0
2016-07-26,paranaguamirim,0.0
2016-07-27,paranaguamirim,0.0
2016-07-28,paranaguamirim,0.0
2016-07-29,paranaguamirim,0.2
2016-07-30,paranaguamirim,0.0
2016-07-31,paranaguamirim,0.0
2016-08-01,paranaguamirim,0.0
2016-08-02,paranaguamirim,4.34
2016-08-03,paranaguamirim,12.040000000000001
2016-08-04,paranaguamirim,0.8
2016-08-05,paranaguamirim,0.0
2016-08-06,paranaguamirim,0.0
2016-08-07,paranaguamirim,3.5700000000000003
2016-08-08,paranaguamirim,19.36
2016-08-09,paranaguamirim,0.2
2016-08-10,paranaguamirim,0.0
2016-08-11,paranaguamirim,0.0
2016-08-12,paranaguamirim,0.0
2016-08-13,paranaguamirim,0.0
2016-08-14,paranaguamirim,0.0
2016-08-15,paranaguamirim,12.81
2016-08-16,paranaguamirim,0.2
2016-08-17,paranaguamirim,17.97
2016-08-18,paranaguamirim,2.37
2016-08-19,paranaguamirim,35.24
2016-08-20,paranaguamirim,43.31
2016-08-21,paranaguamirim,23.66
2016-08-22,paranaguamirim,0.0
2016-08-23,paranaguamirim,0.0
2016-08-24,paranaguamirim,0.0
2016-08-25,paranaguamirim,0.0
2016-08-26,paranaguamirim,0.0
2016-08-27,paranaguamirim,0.0
2016-08-28,paranaguamirim,0.0
2016-08-29,paranaguamirim,0.0
2016-08-30,paranaguamirim,8.74
2016-08-31,paranaguamirim,0.2
2016-09-01,paranaguamirim,0.0
2016-09-02,paranaguamirim,0.6000000000000001
2016-09-03,paranaguamirim,41.01
2016-09-04,paranaguamirim,9.49
2016-09-05,paranaguamirim,9.86
2016-09-06,paranaguamirim,0.0
2016-09-07,paranaguamirim,0.0
2016-09-08,paranaguamirim,0.0
2016-09-09,paranaguamirim,0.0
2016-09-10,paranaguamirim,0.0
2016-09-11,paranaguamirim,0.0
2016-09-12,paranaguamirim,0.4
2016-09-13,paranaguamirim,0.0
2016-09-14,paranaguamirim,0.0
2016-09-15,paranaguamirim,0.0
2016-09-16,paranaguamirim,0.0
2016-09-17,paranaguamirim,0.4
2016-09-18,paranaguamirim,3.1599999999999997
2016-09-19,paranaguamirim,0.0
2016-09-20,paranaguamirim,0.0
2016-09-21,paranaguamirim,0.0
2016-09-22,paranaguamirim,0.0
2016-09-23,paranaguamirim,0.0
2016-09-24,paranaguamirim,0.8
2016-09-25,paranaguamirim,1.78
2016-09-26,paranaguamirim,0.0
2016-09-27,paranaguamirim,0.0
2016-09-28,paranaguamirim,0.0
2016-09-29,paranaguamirim,0.0
2016-09-30,paranaguamirim,0.4
2016-10-01,paranaguamirim,9.88
2016-10-02,paranaguamirim,0.2
2016-10-03,paranaguamirim,5.37
2016-10-04,paranaguamirim,9.71
2016-10-05,paranaguamirim,9.33
2016-10-06,paranaguamirim,38.730000000000004
2016-10-07,paranaguamirim,1.3800000000000001
2016-10-08,paranaguamirim,0.0
2016-10-09,paranaguamirim,0.0
2016-10-10,paranaguamirim,0.79
2016-10-11,paranaguamirim,1.78
2016-10-12,paranaguamirim,12.4
2016-10-13,paranaguamirim,22.84
2016-10-14,paranaguamirim,0.0
2016-10-15,paranaguamirim,0.6000000000000001
2016-10-16,paranaguamirim,4.340000000000001
2016-10-17,paranaguamirim,2.96
2016-10-18,paranaguamirim,3.38
2016-10-19,paranaguamirim,20.28
2016-10-20,paranaguamirim,29.71
2016-10-21,paranaguamirim,0.2
2016-10-22,paranaguamirim,1.0
2016-10-23,paranaguamirim,0.4
2016-10-24,paranaguamirim,3.56
2016-10-25,paranaguamirim,39.97
2016-10-26,paranaguamirim,18.72
2016-10-27,paranaguamirim,0.0
2016-10-28,paranaguamirim,0.0
2016-10-29,paranaguamirim,0.0
2016-10-30,paranaguamirim,0.0
2016-10-31,paranaguamirim,0.4
2016-11-01,paranaguamirim,0.0
2016-11-02,paranaguamirim,0.0
2016-11-03,paranaguamirim,0.0
2016-11-04,paranaguamirim,0.0
2016-11-05,paranaguamirim,0.0
2016-11-06,paranaguamirim,0.0
2016-11-07,paranaguamirim,0.4
2016-11-08,paranaguamirim,0.0
2016-11-09,paranaguamirim,19.3
2016-11-10,paranaguamirim,0.2
2016-11-11,paranaguamirim,0.0
2016-11-12,paranaguamirim,1.2000000000000002
2016-11-13,paranaguamirim,0.0
2016-11-14,paranaguamirim,0.79
2016-11-15,paranaguamirim,9.700000000000001
2016-11-16,paranaguamirim,25.6
2016-11-17,paranaguamirim,3.0
2016-11-18,paranaguamirim,0.0
2016-11-19,paranaguamirim,0.0
2016-11-20,paranaguamirim,0.0
2016-11-21,paranaguamirim,0.0
2016-11-22,paranaguamirim,1.4000000000000001
2016-11-23,paranaguamirim,2.19
2016-11-24,paranaguamirim,0.0
2016-11-25,paranaguamirim,0.6000000000000001
2016-11-26,paranaguamirim,6.19
2016-11-27,paranaguamirim,0.2
2016-11-28,paranaguamirim,13.16
2016-11-29,paranaguamirim,8.200000000000001
2016-11-30,paranaguamirim,0.0
2016-12-01,paranaguamirim,0.0
2016-12-02,paranaguamirim,0.8
2016-12-03,paranaguamirim,5.54
2016-12-04,paranaguamirim,0.0
2016-12-05,paranaguamirim,0.0
2016-12-06,paranaguamirim,0.0
2016-12-07,paranaguamirim,0.4
2016-12-08,paranaguamirim,10.540000000000001
2016-12-09,paranaguamirim,8.200000000000001
2016-12-10,paranaguamirim,8.6
2016-12-11,paranaguamirim,0.0
2016-12-12,paranaguamirim,0.0
2016-12-13,paranaguamirim,4.76
2016-12-14,paranaguamirim,1.6
2016-12-15,paranaguamirim,0.2
2016-12-16,paranaguamirim,6.800000000000001
2016-12-17,paranaguamirim,15.450000000000001
2016-12-18,paranaguamirim,3.7600000000000002
2016-12-19,paranaguamirim,1.37
2016-12-20,paranaguamirim,22.66
2016-12-21,paranaguamirim,15.08
2016-12-22,paranaguamirim,0.4
2016-12-23,paranaguamirim,2.5700000000000003
2016-12-24,paranaguamirim,1.97
2016-12-25,paranaguamirim,0.4
2016-12-26,paranaguamirim,0.0
2016-12-27,paranaguamirim,19.28
2016-12-28,paranaguamirim,0.0
2016-12-29,paranaguamirim,0.0
2016-12-30,paranaguamirim,0.8
2016-12-31,paranaguamirim,11.290000000000001
2017-01-01,paranaguamirim,7.6000000000000005
2017-01-02,paranaguamirim,6.67
2017-01-03,paranaguamirim,0.0
2017-01-04,paranaguamirim,12.08
2017-01-05,paranaguamirim,24.93
2017-01-06,paranaguamirim,9.4
2017-01-07,paranaguamirim,0.0
2017-01-08,paranaguamirim,0.4
2017-01-09,paranaguamirim,0.0
2017-01-10,paranaguamirim,0.2
2017-01-11,paranaguamirim,6.71
2017-01-12,paranaguamirim,0.0
2017-01-13,paranaguamirim,0.0
2017-01-14,paranaguamirim,0.0
2017-01-15,paranaguamirim,0.0
2017-01-16,paranaguamirim,9.41
2017-01-17,paranaguamirim,26.48
2017-01-18,paranaguamirim,18.330000000000002
2017-01-19,paranaguamirim,13.8
2017-01-20,paranaguamirim,0.0
2017-01-21,paranaguamirim,0.6000000000000001
2017-01-22,paranaguamirim,0.8
2017-01-23,paranaguamirim,0.4
2017-01-24,paranaguamirim,1.2000000000000002
2017-01-25,paranaguamirim,14.67
2017-01-26,paranaguamirim,20.93
2017-01-27,paranaguamirim,19.380000000000003
2017-01-28,paranaguamirim,14.0
2017-01-29,paranaguamirim,12.8
2017-01-30,paranaguamirim,12.4
2017-01-31,paranaguamirim,28.6
2017-02-01,paranaguamirim,40.58
2017-02-02,paranaguamirim,30.41
2017-02-03,paranaguamirim,3.6
2017-02-04,paranaguamirim,0.0
2017-02-05,paranaguamirim,10.22
2017-02-06,paranaguamirim,8.59
2017-02-07,paranaguamirim,0.0
2017-02-08,paranaguamirim,0.2
2017-02-09,paranaguamirim,1.0
2017-02-10,paranaguamirim,0.0
2017-02-11,paranaguamirim,10.280000000000001
2017-02-12,paranaguamirim,33.71
2017-02-13,paranaguamirim,23.5
2017-02-14,paranaguamirim,0.2
2017-02-15,paranaguamirim,0.0
2017-02-16,paranaguamirim,0.0
2017-02-17,paranaguamirim,0.0
2017-02-18,paranaguamirim,0.0
2017-02-19,paranaguamirim,0.0
2017-02-20,paranaguamirim,0.0
2017-02-21,paranaguamirim,0.0
2017-02-22,paranaguamirim,0.0
2017-02-23,paranaguamirim,22.13
2017-02-24,paranaguamirim,15.200000000000001
2017-02-25,paranaguamirim,5.6000000000000005
2017-02-26,paranaguamirim,0.2
2017-02-27,paranaguamirim,0.0
2017-02-28,paranaguamirim,7.36
2017-03-01,paranaguamirim,7.99
2017-03-02,paranaguamirim,1.8
2017-03-03,paranaguamirim,19.18
2017-03-04,paranaguamirim,11.38
2017-03-05,paranaguamirim,4.0
2017-03-06,paranaguamirim,2.2
2017-03-07,paranaguamirim,4.0
2017-03-08,paranaguamirim,11.4
2017-03-09,paranaguamirim,3.0
2017-03-10,paranaguamirim,0.0
2017-03-11,paranaguamirim,0.0
2017-03-12,paranaguamirim,7.930000000000001
2017-03-13,paranaguamirim,0.0
2017-03-14,paranaguamirim,0.0
2017-03-15,paranaguamirim,0.8
2017-03-16,paranaguamirim,8.76
2017-03-17,paranaguamirim,16.2
2017-03-18,paranaguamirim,8.4
2017-03-19,paranaguamirim,8.8
2017-03-20,paranaguamirim,12.8
2017-03-21,paranaguamirim,11.600000000000001
2017-03-22,paranaguamirim,8.6
2017-03-23,paranaguamirim,13.0
2017-03-24,paranaguamirim,2.6
2017-03-25,paranaguamirim,1.79
2017-03-26,paranaguamirim,6.17
2017-03-27,paranaguamirim,15.32
2017-03-28,paranaguamirim,13.4
2017-03-29,paranaguamirim,8.4
2017-03-30,paranaguamirim,4.390000000000001
2017-03-31,paranaguamirim,6.2
2017-04-01,paranaguamirim,6.800000000000001
2017-04-02,paranaguamirim,11.190000000000001
2017-04-03,paranaguamirim,0.4
2017-04-04,paranaguamirim,0.2
2017-04-05,paranaguamirim,7.390000000000001
2017-04-06,paranaguamirim,5.4
2017-04-07,paranaguamirim,7.0
2017-04-08,paranaguamirim,30.790000000000003
2017-04-09,paranaguamirim,18.75
2017-04-10,paranaguamirim,0.4
2017-04-11,paranaguamirim,28.88
2017-04-12,paranaguamirim,7.12
2017-04-13,paranaguamirim,0.0
2017-04-14,paranaguamirim,0.0
2017-04-15,paranaguamirim,0.6000000000000001
2017-04-16,paranaguamirim,3.6
2017-04-17,paranaguamirim,2.2
2017-04-18,paranaguamirim,1.0
2017-04-19,paranaguamirim,3.0
2017-04-20,paranaguamirim,2.8000000000000003
2017-04-21,paranaguamirim,8.4
2017-04-22,paranaguamirim,4.800000000000001
2017-04-23,paranaguamirim,0.2
2017-04-24,paranaguamirim,1.4000000000000001
2017-04-25,paranaguamirim,0.0
2017-04-26,paranaguamirim,11.92
2017-04-27,paranaguamirim,0.0
2017-04-28,paranaguamirim,0.0
2017-04-29,paranaguamirim,0.0
2017-04-30,paranaguamirim,0.0
2017-05-01,paranaguamirim,1.8
2017-05-02,paranaguamirim,2.6
2017-05-03,paranaguamirim,0.2
2017-05-04,paranaguamirim,1.8
2017-05-05,paranaguamirim,3.2
2017-05-06,paranaguamirim,1.0
2017-05-07,paranaguamirim,1.6
2017-05-08,paranaguamirim,0.8
2017-05-09,paranaguamirim,0.0
2017-05-10,paranaguamirim,0.0
2017-05-11,paranaguamirim,0.0
2017-05-12,paranaguamirim,0.0
2017-05-13,paranaguamirim,1.0
2017-05-14,paranaguamirim,2.8000000000000003
2017-05-15,paranaguamirim,1.2000000000000002
2017-05-16,paranaguamirim,0.2
2017-05-17,paranaguamirim,2.6
2017-05-18,paranaguamirim,10.200000000000001
2017-05-19,paranaguamirim,27.34
2017-05-20,paranaguamirim,30.860000000000003
2017-05-21,paranaguamirim,21.200000000000003
2017-05-22,paranaguamirim,13.8
2017-05-23,paranaguamirim,7.2
2017-05-24,paranaguamirim,3.4000000000000004
2017-05-25,paranaguamirim,2.6
2017-05-26,paranaguamirim,1.8
2017-05-27,paranaguamirim,3.6
2017-05-28,paranaguamirim,4.0
2017-05-29,paranaguamirim,4.0
2017-05-30,paranaguamirim,4.0
2017-05-31,paranaguamirim,4.800000000000001
2017-06-01,paranaguamirim,10.200000000000001
2017-06-02,paranaguamirim,6.800000000000001
2017-06-03,paranaguamirim,6.0
2017-06-04,paranaguamirim,14.71
2017-06-05,paranaguamirim,66.62
2017-06-06,paranaguamirim,18.0
2017-06-07,paranaguamirim,3.56
2017-06-08,paranaguamirim,2.6
2017-06-09,paranaguamirim,0.2
2017-06-10,paranaguamirim,0.0
2017-06-11,paranaguamirim,0.0
2017-06-12,paranaguamirim,0.0
2017-06-13,paranaguamirim,0.0
2017-06-14,paranaguamirim,0.0
2017-06-15,paranaguamirim,0.6000000000000001
2017-06-16,paranaguamirim,0.0
2017-06-17,paranaguamirim,0.0
2017-06-18,paranaguamirim,0.0
2017-06-19,paranaguamirim,6.4
2017-06-20,paranaguamirim,1.2000000000000002
2017-06-21,paranaguamirim,0.4
2017-06-22,paranaguamirim,0.4
2017-06-23,paranaguamirim,1.0
2017-06-24,paranaguamirim,0.0
2017-06-25,paranaguamirim,0.0
2017-06-26,paranaguamirim,0.0
2017-06-27,paranaguamirim,0.0
2017-06-28,paranaguamirim,0.0
2017-06-29,paranaguamirim,0.0
2017-06-30,paranaguamirim,0.0
2017-07-01,paranaguamirim,0.2
2017-07-02,paranaguamirim,0.0
2017-07-03,paranaguamirim,1.2000000000000002
2017-07-04,paranaguamirim,1.8
2017-07-05,paranaguamirim,1.6
2017-07-06,paranaguamirim,0.6000000000000001
2017-07-07,paranaguamirim,0.6000000000000001
2017-07-08,paranaguamirim,0.8
2017-07-09,paranaguamirim,0.0
2017-07-10,paranaguamirim,0.0
2017-07-11,paranaguamirim,0.2
2017-07-12,paranaguamirim,0.0
2017-07-13,paranaguamirim,0.0
2017-07-14,paranaguamirim,0.0
2017-07-15,paranaguamirim,0.0
2017-07-16,paranaguamirim,0.0
2017-07-17,paranaguamirim,2.8000000000000003
2017-07-18,paranaguamirim,2.0
2017-07-19,paranaguamirim,0.0
2017-07-20,paranaguamirim,0.0
2017-07-21,paranaguamirim,0.0
2017-07-22,paranaguamirim,0.0
2017-07-23,paranaguamirim,0.0
2017-07-24,paranaguamirim,0.0
2017-07-25,paranaguamirim,0.0
2017-07-26,paranaguamirim,0.0
2017-07-27,paranaguamirim,0.0
2017-07-28,paranaguamirim,0.0
2017-07-29,paranaguamirim,0.0
2017-07-30,paranaguamirim,0.0
2017-07-31,paranaguamirim,0.0
2017-08-01,paranaguamirim,0.0
2017-08-02,paranaguamirim,0.6000000000000001
2017-08-03,paranaguamirim,1.6
2017-08-04,paranaguamirim,1.4000000000000001
2017-08-05,paranaguamirim,1.8
2017-08-06,paranaguamirim,1.4000000000000001
2017-08-07,paranaguamirim,0.2
2017-08-08,paranaguamirim,1.8
2017-08-09,paranaguamirim,1.2000000000000002
2017-08-10,paranaguamirim,1.2000000000000002
2017-08-11,paranaguamirim,3.8000000000000003
2017-08-12,paranaguamirim,7.2
2017-08-13,paranaguamirim,3.4000000000000004
2017-08-14,paranaguamirim,1.2000000000000002
2017-08-15,paranaguamirim,1.0
2017-08-16,paranaguamirim,1.0
2017-08-17,paranaguamirim,1.0
2017-08-18,paranaguamirim,0.8
2017-08-19,paranaguamirim,0.8
2017-08-20,paranaguamirim,1.2000000000000002
2017-08-21,paranaguamirim,1.0
2017-08-22,paranaguamirim,1.2000000000000002
2017-08-23,paranaguamirim,1.2000000000000002
2017-08-24,paranaguamirim,1.0
2017-08-25,paranaguamirim,1.0
2017-08-26,paranaguamirim,1.0
2017-08-27,paranaguamirim,1.0
2017-08-28,paranaguamirim,0.8
2017-08-29,paranaguamirim,0.8
2017-08-30,paranaguamirim,0.8
2017-08-31,paranaguamirim,0.6000000000000001
2017-09-01,paranaguamirim,0.2
2017-09-02,paranaguamirim,0.6000000000000001
2017-09-03,paranaguamirim,0.2
2017-09-04,paranaguamirim,0.0
2017-09-05,paranaguamirim,0.0
2017-09-06,paranaguamirim,0.4
2017-09-07,paranaguamirim,0.0
2017-09-08,paranaguamirim,0.0
2017-09-09,paranaguamirim,0.2
2017-09-10,paranaguamirim,0.0
2017-09-11,paranaguamirim,0.0
2017-09-12,paranaguamirim,0.0
2017-09-13,paranaguamirim,0.0
2017-09-14,paranaguamirim,0.0
2017-09-15,paranaguamirim,0.0
2017-09-16,paranaguamirim,1.2000000000000002
2017-09-17,paranaguamirim,0.8
2017-09-18,paranaguamirim,0.8
2017-09-19,paranaguamirim,0.2
2017-09-20,paranaguamirim,0.0
2017-09-21,paranaguamirim,0.0
2017-09-22,paranaguamirim,0.0
2017-09-23,paranaguamirim,0.0
2017-09-24,paranaguamirim,4.78
2017-09-25,paranaguamirim,0.6000000000000001
2017-09-26,paranaguamirim,0.0
2017-09-27,paranaguamirim,0.0
2017-09-28,paranaguamirim,6.4
2017-09-29,paranaguamirim,6.800000000000001
2017-09-30,paranaguamirim,7.2
2017-10-01,paranaguamirim,4.2
2017-10-02,paranaguamirim,3.4000000000000004
2017-10-03,paranaguamirim,2.4000000000000004
2017-10-04,paranaguamirim,2.2
2017-10-05,paranaguamirim,5.0
2017-10-06,paranaguamirim,2.0
2017-10-07,paranaguamirim,2.4000000000000004
2017-10-08,paranaguamirim,2.4000000000000004
2017-10-09,paranaguamirim,3.8000000000000003
2017-10-10,paranaguamirim,22.560000000000002
2017-10-11,paranaguamirim,27.25
2017-10-12,paranaguamirim,8.8
2017-10-13,paranaguamirim,7.0
2017-10-14,paranaguamirim,3.97
2017-10-15,paranaguamirim,8.84
2017-10-16,paranaguamirim,6.13
2017-10-17,paranaguamirim,0.2
2017-10-18,paranaguamirim,0.0
2017-10-19,paranaguamirim,1.19
2017-10-20,paranaguamirim,0.0
2017-10-21,paranaguamirim,6.800000000000001
2017-10-22,paranaguamirim,2.0
2017-10-23,paranaguamirim,0.0
2017-10-24,paranaguamirim,0.0
2017-10-25,paranaguamirim,16.69
2017-10-26,paranaguamirim,4.59
2017-10-27,paranaguamirim,1.8
2017-10-28,paranaguamirim,0.0
2017-10-29,paranaguamirim,5.760000000000001
2017-10-30,paranaguamirim,3.4000000000000004
2017-10-31,paranaguamirim,0.0
2017-11-01,paranaguamirim,0.0
2017-11-02,paranaguamirim,0.0
2017-11-03,paranaguamirim,0.0
2017-11-04,paranaguamirim,13.47
2017-11-05,paranaguamirim,5.6000000000000005
2017-11-06,paranaguamirim,0.2
2017-11-07,paranaguamirim,3.0
2017-11-08,paranaguamirim,2.6
2017-11-09,paranaguamirim,2.4000000000000004
2017-11-10,paranaguamirim,1.4000000000000001
2017-11-11,paranaguamirim,1.8
2017-11-12,paranaguamirim,1.4000000000000001
2017-11-13,paranaguamirim,1.0
2017-11-14,paranaguamirim,0.8
2017-11-15,paranaguamirim,0.6000000000000001
2017-11-16,paranaguamirim,4.17
2017-11-17,paranaguamirim,3.2
2017-11-18,paranaguamirim,2.4000000000000004
2017-11-19,paranaguamirim,2.0
2017-11-20,paranaguamirim,1.8
2017-11-21,paranaguamirim,1.6
2017-11-22,paranaguamirim,1.4000000000000001
2017-11-23,paranaguamirim,1.4000000000000001
2017-11-24,paranaguamirim,2.0
2017-11-25,paranaguamirim,1.6
2017-11-26,paranaguamirim,5.800000000000001
2017-11-27,paranaguamirim,0.6000000000000001
2017-11-28,paranaguamirim,0.0
2017-11-29,paranaguamirim,0.0
2017-11-30,paranaguamirim,6.1000000000000005
2017-12-01,paranaguamirim,0.2
2017-12-02,paranaguamirim,1.78
2017-12-03,paranaguamirim,6.7
2017-12-04,paranaguamirim,4.34
2017-12-05,paranaguamirim,0.0
2017-12-06,paranaguamirim,0.2
2017-12-07,paranaguamirim,1.1800000000000002
2017-12-08,paranaguamirim,0.0
2017-12-09,paranaguamirim,0.0
2017-12-10,paranaguamirim,0.0
2017-12-11,paranaguamirim,0.2
2017-12-12,paranaguamirim,0.0
2017-12-13,paranaguamirim,0.0
2017-12-14,paranaguamirim,0.0
2017-12-15,paranaguamirim,0.0
2017-12-16,paranaguamirim,0.0
2017-12-17,paranaguamirim,22.22
2017-12-18,paranaguamirim,5.2
2017-12-19,paranaguamirim,4.0
2017-12-20,paranaguamirim,5.6000000000000005
2017-12-21,paranaguamirim,7.2
2017-12-22,paranaguamirim,2.2
2017-12-23,paranaguamirim,1.6
2017-12-24,paranaguamirim,1.4000000000000001
2017-12-25,paranaguamirim,3.6
2017-12-26,paranaguamirim,2.8000000000000003
2017-12-27,paranaguamirim,2.0
2017-12-28,paranaguamirim,1.8
2017-12-29,paranaguamirim,1.4000000000000001
2017-12-30,paranaguamirim,1.8
2017-12-31,paranaguamirim,2.0
2018-01-01,paranaguamirim,2.0
2018-01-02,paranaguamirim,1.4000000000000001
2018-01-03,paranaguamirim,1.4000000000000001
2018-01-04,paranaguamirim,1.2000000000000002
2018-01-05,paranaguamirim,1.0
2018-01-06,paranaguamirim,1.0
2018-01-07,paranaguamirim,0.8
2018-01-08,paranaguamirim,0.8
2018-01-09,paranaguamirim,0.6000000000000001
2018-01-10,paranaguamirim,0.8
2018-01-11,paranaguamirim,1.0
2018-01-12,paranaguamirim,1.2000000000000002
2018-01-13,paranaguamirim,1.0
2018-01-14,paranaguamirim,5.59
2018-01-15,paranaguamirim,71.13
2018-01-16,paranaguamirim,72.75
2018-01-17,paranaguamirim,12.24
2018-01-18,paranaguamirim,1.3900000000000001
2018-01-19,paranaguamirim,2.18
2018-01-20,paranaguamirim,1.19
2018-01-21,paranaguamirim,8.87
2018-01-22,paranaguamirim,19.150000000000002
2018-01-23,paranaguamirim,31.58
2018-01-24,paranaguamirim,26.830000000000002
2018-01-25,paranaguamirim,0.79
2018-01-26,paranaguamirim,11.64
2018-01-27,paranaguamirim,1.0
2018-01-28,paranaguamirim,7.26
2018-01-29,paranaguamirim,15.36
2018-01-30,paranaguamirim,5.71
2018-01-31,paranaguamirim,0.4
2018-02-01,paranaguamirim,2.96
2018-02-02,paranaguamirim,0.0
2018-02-03,paranaguamirim,0.2
2018-02-04,paranaguamirim,0.0
2018-02-05,paranaguamirim,1.38
2018-02-06,paranaguamirim,0.0
2018-02-07,paranaguamirim,0.0
2018-02-08,paranaguamirim,0.0
2018-02-09,paranaguamirim,1.3900000000000001
2018-02-10,paranaguamirim,4.53
2018-02-11,paranaguamirim,17.76
2018-02-12,paranaguamirim,12.25
2018-02-13,paranaguamirim,5.54
2018-02-14,paranaguamirim,0.4
2018-02-15,paranaguamirim,4.73
2018-02-16,paranaguamirim,0.2
2018-02-17,paranaguamirim,0.5900000000000001
2018-02-18,paranaguamirim,0.0
2018-02-19,paranaguamirim,15.41
2018-02-20,paranaguamirim,0.2
2018-02-21,paranaguamirim,12.99
2018-02-22,paranaguamirim,1.97
2018-02-23,paranaguamirim,0.0
2018-02-24,paranaguamirim,0.8
2018-02-25,paranaguamirim,0.4
2018-02-26,paranaguamirim,0.0
2018-02-27,paranaguamirim,1.98
2018-02-28,paranaguamirim,11.43
2018-03-01,paranaguamirim,0.2
2018-03-02,paranaguamirim,26.53
2018-03-03,paranaguamirim,2.3600000000000003
2018-03-04,paranaguamirim,2.7600000000000002
2018-03-05,paranaguamirim,4.15
2018-03-06,paranaguamirim,5.13
2018-03-07,paranaguamirim,0.2
2018-03-08,paranaguamirim,0.0
2018-03-09,paranaguamirim,0.0
2018-03-10,paranaguamirim,0.2
2018-03-11,paranaguamirim,0.0
2018-03-12,paranaguamirim,0.0
2018-03-13,paranaguamirim,0.2
2018-03-14,paranaguamirim,22.84
2018-03-15,paranaguamirim,3.36
2018-03-16,paranaguamirim,0.2
2018-03-17,paranaguamirim,0.2
2018-03-18,paranaguamirim,0.0
2018-03-19,paranaguamirim,0.0
2018-03-20,paranaguamirim,16.52
2018-03-21,paranaguamirim,1.2000000000000002
2018-03-22,paranaguamirim,0.0
2018-03-23,paranaguamirim,0.4
2018-03-24,paranaguamirim,0.0
2018-03-25,paranaguamirim,13.78
2018-03-26,paranaguamirim,34.31
2018-03-27,paranaguamirim,1.98
2018-03-28,paranaguamirim,0.6000000000000001
2018-03-29,paranaguamirim,12.58
2018-03-30,paranaguamirim,8.87
2018-03-31,paranaguamirim,2.58
2018-04-01,paranaguamirim,0.0
2018-04-02,paranaguamirim,0.0
2018-04-03,paranaguamirim,0.39
2018-04-04,paranaguamirim,62.24
2018-04-05,paranaguamirim,0.79
2018-04-06,paranaguamirim,0.0
2018-04-07,paranaguamirim,0.0
2018-04-08,paranaguamirim,0.0
2018-04-09,paranaguamirim,0.0
2018-04-10,paranaguamirim,0.0
2018-04-11,paranaguamirim,0.0
2018-04-12,paranaguamirim,0.0
2018-04-13,paranaguamirim,2.17
2018-04-14,paranaguamirim,0.6000000000000001
2018-04-15,paranaguamirim,14.99
2018-04-16,paranaguamirim,10.06
2018-04-17,paranaguamirim,11.03
2018-04-18,paranaguamirim,0.79
2018-04-19,paranaguamirim,0.0
2018-04-20,paranaguamirim,0.0
2018-04-21,paranaguamirim,0.0
2018-04-22,paranaguamirim,0.0
2018-04-23,paranaguamirim,0.0
2018-04-24,paranaguamirim,0.0
2018-04-25,paranaguamirim,0.0
2018-04-26,paranaguamirim,0.0
2018-04-27,paranaguamirim,0.0
2018-04-28,paranaguamirim,0.0
2018-04-29,paranaguamirim,0.0
2018-04-30,paranaguamirim,0.0
2018-05-01,paranaguamirim,1.3900000000000001
2018-05-02,paranaguamirim,131.57
2018-05-03,paranaguamirim,0.2
2018-05-04,paranaguamirim,0.0
2018-05-05,paranaguamirim,0.0
2018-05-06,paranaguamirim,6.49
2018-05-07,paranaguamirim,13.41
2018-05-08,paranaguamirim,7.3100000000000005
2018-05-09,paranaguamirim,0.4
2018-05-10,paranaguamirim,0.2
2018-05-11,paranaguamirim,0.0
2018-05-12,paranaguamirim,0.0
2018-05-13,paranaguamirim,0.0
2018-05-14,paranaguamirim,0.0
2018-05-15,paranaguamirim,2.7600000000000002
2018-05-16,paranaguamirim,0.0
2018-05-17,paranaguamirim,0.0
2018-05-18,paranaguamirim,9.25
2018-05-19,paranaguamirim,3.7600000000000002
2018-05-20,paranaguamirim,0.0
2018-05-21,paranaguamirim,0.0
2018-05-22,paranaguamirim,0.0
2018-05-23,paranaguamirim,0.0
2018-05-24,paranaguamirim,0.0
2018-05-25,paranaguamirim,0.0
2018-05-26,paranaguamirim,0.0
2018-05-27,paranaguamirim,0.0
2018-05-28,paranaguamirim,0.0
2018-05-29,paranaguamirim,0.6000000000000001
2018-05-30,paranaguamirim,0.0
2018-05-31,paranaguamirim,0.0
2018-06-01,paranaguamirim,0.0
2018-06-02,paranaguamirim,7.390000000000001
2018-06-03,paranaguamirim,0.8
2018-06-04,paranaguamirim,2.77
2018-06-05,paranaguamirim,4.54
2018-06-06,paranaguamirim,0.2
2018-06-07,paranaguamirim,6.91
2018-06-08,paranaguamirim,0.0
2018-06-09,paranaguamirim,0.0
2018-06-10,paranaguamirim,0.0
2018-06-11,paranaguamirim,0.0
2018-06-12,paranaguamirim,1.4000000000000001
2018-06-13,paranaguamirim,0.2
2018-06-14,paranaguamirim,10.52
2018-06-15,paranaguamirim,4.59
2018-06-16,paranaguamirim,3.17
2018-06-17,paranaguamirim,0.4
2018-06-18,paranaguamirim,1.0
2018-06-19,paranaguamirim,1.0
2018-06-20,paranaguamirim,0.0
2018-06-21,paranaguamirim,0.2
2018-06-22,paranaguamirim,0.0
2018-06-23,paranaguamirim,0.0
2018-06-24,paranaguamirim,1.0
2018-06-25,paranaguamirim,0.2
2018-06-26,paranaguamirim,17.51
2018-06-27,paranaguamirim,7.3
2018-06-28,paranaguamirim,0.0
2018-06-29,paranaguamirim,0.0
2018-06-30,paranaguamirim,0.0
2018-07-01,paranaguamirim,0.0
2018-07-02,paranaguamirim,0.0
2018-07-03,paranaguamirim,1.0
2018-07-04,paranaguamirim,2.0
2018-07-05,paranaguamirim,0.0
2018-07-06,paranaguamirim,0.4
2018-07-07,paranaguamirim,0.0
2018-07-08,paranaguamirim,3.1900000000000004
2018-07-09,paranaguamirim,0.2
2018-07-10,paranaguamirim,0.0
2018-07-11,paranaguamirim,0.0
2018-07-12,paranaguamirim,0.0
2018-07-13,paranaguamirim,0.0
2018-07-14,paranaguamirim,0.0
2018-07-15,paranaguamirim,0.0
2018-07-16,paranaguamirim,0.0
2018-07-17,paranaguamirim,0.0
2018-07-18,paranaguamirim,0.0
2018-07-19,paranaguamirim,0.0
2018-07-20,paranaguamirim,0.2
2018-07-21,paranaguamirim,0.0
2018-07-22,paranaguamirim,0.0
2018-07-23,paranaguamirim,0.0
2018-07-24,paranaguamirim,9.72
2018-07-25,paranaguamirim,7.91
2018-07-26,paranaguamirim,0.0
2018-07-27,paranaguamirim,0.2
2018-07-28,paranaguamirim,0.0
2018-07-29,paranaguamirim,7.28
2018-07-30,paranaguamirim,1.0
2018-07-31,paranaguamirim,0.4
2018-08-01,paranaguamirim,0.0
2018-08-02,paranaguamirim,23.060000000000002
2018-08-03,paranaguamirim,6.14
2018-08-04,paranaguamirim,0.0
2018-08-05,paranaguamirim,0.0
2018-08-06,paranaguamirim,0.0
2018-08-07,paranaguamirim,0.0
2018-08-08,paranaguamirim,1.78
2018-08-09,paranaguamirim,0.2
2018-08-10,paranaguamirim,0.0
2018-08-11,paranaguamirim,0.0
2018-08-12,paranaguamirim,0.0
2018-08-13,paranaguamirim,0.0
2018-08-14,paranaguamirim,0.0
2018-08-15,paranaguamirim,0.0
2018-08-16,paranaguamirim,0.0
2018-08-17,paranaguamirim,0.0
2018-08-18,paranaguamirim,0.0
2018-08-19,paranaguamirim,0.0
2018-08-20,paranaguamirim,0.2
2018-08-21,paranaguamirim,5.76
2018-08-22,paranaguamirim,12.040000000000001
2018-08-23,paranaguamirim,0.0
2018-08-24,paranaguamirim,17.54
2018-08-25,paranaguamirim,0.2
2018-08-26,paranaguamirim,0.0
2018-08-27,paranaguamirim,0.0
2018-08-28,paranaguamirim,0.0
2018-08-29,paranaguamirim,0.0
2018-08-30,paranaguamirim,0.0
2018-08-31,paranaguamirim,0.0
2018-09-01,paranaguamirim,0.0
2018-09-02,paranaguamirim,12.24
2018-09-03,paranaguamirim,36.46
2018-09-04,paranaguamirim,2.8000000000000003
2018-09-05,paranaguamirim,0.0
2018-09-06,paranaguamirim,0.0
2018-09-07,paranaguamirim,0.0
2018-09-08,paranaguamirim,0.0
2018-09-09,paranaguamirim,0.0
2018-09-10,paranaguamirim,0.0
2018-09-11,paranaguamirim,2.79
2018-09-12,paranaguamirim,6.36
2018-09-13,paranaguamirim,0.4
2018-09-14,paranaguamirim,2.4000000000000004
2018-09-15,paranaguamirim,4.79
2018-09-16,paranaguamirim,7.53
2018-09-17,paranaguamirim,1.0
2018-09-18,paranaguamirim,0.0
2018-09-19,paranaguamirim,0.0
2018-09-20,paranaguamirim,0.0
2018-09-21,paranaguamirim,0.0
2018-09-22,paranaguamirim,0.0
2018-09-23,paranaguamirim,0.0
2018-09-24,paranaguamirim,0.0
2018-09-25,paranaguamirim,0.0
2018-09-26,paranaguamirim,0.0
2018-09-27,paranaguamirim,0.0
2018-09-28,paranaguamirim,0.0
2018-09-29,paranaguamirim,0.0
2018-09-30,paranaguamirim,0.0
2018-10-01,paranaguamirim,0.0
2018-10-02,paranaguamirim,0.0
2018-10-03,paranaguamirim,0.0
2018-10-04,paranaguamirim,0.0
2018-10-05,paranaguamirim,0.0
2018-10-06,paranaguamirim,0.0
2018-10-07,paranaguamirim,0.0
2018-10-08,paranaguamirim,0.0
2018-10-09,paranaguamirim,0.0
2018-10-10,paranaguamirim,0.0
2018-10-11,paranaguamirim,0.0
2018-10-12,paranaguamirim,0.0
2018-10-13,paranaguamirim,0.0
2018-10-14,paranaguamirim,0.0
2018-10-15,paranaguamirim,0.0
2018-10-16,paranaguamirim,0.0
2018-10-17,paranaguamirim,0.0
2018-10-18,paranaguamirim,0.0
2018-10-19,paranaguamirim,0.0
2018-10-20,paranaguamirim,0.0
2018-10-21,paranaguamirim,0.0
2018-10-22,paranaguamirim,0.0
2018-10-23,paranaguamirim,0.0
2018-10-24,paranaguamirim,0.0
2018-10-25,paranaguamirim,0.0
2018-10-26,paranaguamirim,0.0
2018-10-27,paranaguamirim,0.0
2018-10-28,paranaguamirim,0.0
2018-10-29,paranaguamirim,0.0
2018-10-30,paranaguamirim,0.0
2018-10-31,paranaguamirim,0.0
2018-11-01,paranaguamirim,0.0
2018-11-02,paranaguamirim,0.0
2018-11-03,paranaguamirim,0.0
2018-11-04,paranaguamirim,0.0
2018-11-05,paranaguamirim,0.0
2018-11-06,paranaguamirim,0.0
2018-11-07,paranaguamirim,0.0
2018-11-08,paranaguamirim,0.0
2018-11-09,paranaguamirim,0.0
2018-11-10,paranaguamirim,0.0
2018-11-11,paranaguamirim,0.0
2018-11-12,paranaguamirim,0.0
2018-11-13,paranaguamirim,0.0
2018-11-14,paranaguamirim,0.0
2018-11-15,paranaguamirim,0.0
2018-11-16,paranaguamirim,0.0
2018-11-17,paranaguamirim,0.0
2018-11-18,paranaguamirim,0.0
2018-11-19,paranaguamirim,0.0
2018-11-20,paranaguamirim,0.0
2018-11-21,paranaguamirim,0.0
2018-11-22,paranaguamirim,0.0
2018-11-23,paranaguamirim,0.0
2018-11-24,paranaguamirim,0.0
2018-11-25,paranaguamirim,0.0
2018-11-26,paranaguamirim,0.0
2018-11-27,paranaguamirim,0.0
2018-11-28,paranaguamirim,0.0
2018-11-29,paranaguamirim,0.0
2018-11-30,paranaguamirim,0.0
2018-12-01,paranaguamirim,0.0
2018-12-02,paranaguamirim,0.0
2018-12-03,paranaguamirim,0.0
2018-12-04,paranaguamirim,0.0
2018-12-05,paranaguamirim,0.0
2018-12-06,paranaguamirim,0.0
2018-12-07,paranaguamirim,0.0
2018-12-08,paranaguamirim,0.0
2018-12-09,paranaguamirim,0.0
2018-12-10,paranaguamirim,0.0
2018-12-11,paranaguamirim,0.0
2018-12-12,paranaguamirim,0.0
2018-12-13,paranaguamirim,0.0
2018-12-14,paranaguamirim,0.0
2018-12-15,paranaguamirim,0.0
2018-12-16,paranaguamirim,0.0
2018-12-17,paranaguamirim,0.0
2018-12-18,paranaguamirim,0.0
2018-12-19,paranaguamirim,0.0
2018-12-20,paranaguamirim,0.0
2018-12-21,paranaguamirim,0.0
2018-12-22,paranaguamirim,0.0
2018-12-23,paranaguamirim,0.0
2018-12-24,paranaguamirim,0.0
2018-12-25,paranaguamirim,0.0
2018-12-26,paranaguamirim,0.0
2018-12-27,paranaguamirim,0.0
2018-12-28,paranaguamirim,0.0
2018-12-29,paranaguamirim,0.0
2018-12-30,paranaguamirim,0.0
2018-12-31,paranaguamirim,0.0
2019-01-01,paranaguamirim,0.0
2019-01-02,paranaguamirim,0.0
2019-01-03,paranaguamirim,0.0
2019-01-04,paranaguamirim,0.0
2019-01-05,paranaguamirim,0.0
2019-01-06,paranaguamirim,0.0
2019-01-07,paranaguamirim,0.0
2019-01-08,paranaguamirim,0.0
2019-01-09,paranaguamirim,0.0
2019-01-10,paranaguamirim,0.0
2019-01-11,paranaguamirim,0.0
2019-01-12,paranaguamirim,0.0
2019-01-13,paranaguamirim,0.0
2019-01-14,paranaguamirim,0.0
2019-01-15,paranaguamirim,0.0
2019-01-16,paranaguamirim,0.0
2019-01-17,paranaguamirim,0.0
2019-01-18,paranaguamirim,0.0
2019-01-19,paranaguamirim,0.0
2019-01-20,paranaguamirim,0.0
2019-01-21,paranaguamirim,0.0
2019-01-22,paranaguamirim,0.0
2019-01-23,paranaguamirim,0.0
2019-01-24,paranaguamirim,0.0
2019-01-25,paranaguamirim,0.0
2019-01-26,paranaguamirim,0.0
2019-01-27,paranaguamirim,0.0
2019-01-28,paranaguamirim,0.0
2019-01-29,paranaguamirim,0.0
2019-01-30,paranaguamirim,0.0
2019-01-31,paranaguamirim,0.0
2019-02-01,paranaguamirim,0.0
2019-02-02,paranaguamirim,0.0
2019-02-03,paranaguamirim,0.0
2019-02-04,paranaguamirim,0.0
2019-02-05,paranaguamirim,0.0
2019-02-06,paranaguamirim,0.0
2019-02-07,paranaguamirim,0.0
2019-02-08,paranaguamirim,0.0
2019-02-09,paranaguamirim,0.0
2019-02-10,paranaguamirim,0.0
2019-02-11,paranaguamirim,0.0
2019-02-12,paranaguamirim,0.0
2019-02-13,paranaguamirim,0.0
2019-02-14,paranaguamirim,0.0
2019-02-15,paranaguamirim,0.0
2019-02-16,paranaguamirim,0.0
2019-02-17,paranaguamirim,0.0
2019-02-18,paranaguamirim,0.0
2019-02-19,paranaguamirim,0.0
2019-02-20,paranaguamirim,0.0
2019-02-21,paranaguamirim,0.0
2019-02-22,paranaguamirim,0.0
2019-02-23,paranaguamirim,0.0
2019-02-24,paranaguamirim,0.0
2019-02-25,paranaguamirim,0.0
2019-02-26,paranaguamirim,0.0
2019-02-27,paranaguamirim,0.0
2019-02-28,paranaguamirim,0.0
2019-03-01,paranaguamirim,0.0
2019-03-02,paranaguamirim,0.0
2019-03-03,paranaguamirim,0.0
2019-03-04,paranaguamirim,0.0
2019-03-05,paranaguamirim,0.0
2019-03-06,paranaguamirim,0.0
2019-03-07,paranaguamirim,0.0
2019-03-08,paranaguamirim,0.0
2019-03-09,paranaguamirim,0.0
2019-03-10,paranaguamirim,0.0
2019-03-11,paranaguamirim,0.0
2019-03-12,paranaguamirim,0.0
2019-03-13,paranaguamirim,0.0
2019-03-14,paranaguamirim,0.0
2019-03-15,paranaguamirim,0.0
2019-03-16,paranaguamirim,0.0
2019-03-17,paranaguamirim,0.0
2019-03-18,paranaguamirim,0.0
2019-03-19,paranaguamirim,0.0
2019-03-20,paranaguamirim,0.0
2019-03-21,paranaguamirim,0.0
2019-03-22,paranaguamirim,0.0
2019-03-23,paranaguamirim,0.0
2019-03-24,paranaguamirim,0.0
2019-03-25,paranaguamirim,0.0
2019-03-26,paranaguamirim,0.0
2019-03-27,paranaguamirim,0.0
2019-03-28,paranaguamirim,0.0
2019-03-29,paranaguamirim,0.0
2019-03-30,paranaguamirim,0.0
2019-03-31,paranaguamirim,0.0
2019-04-01,paranaguamirim,0.0
2019-04-02,paranaguamirim,0.0
2019-04-03,paranaguamirim,0.0
2019-04-04,paranaguamirim,0.0
2019-04-05,paranaguamirim,0.0
2019-04-06,paranaguamirim,0.0
2019-04-07,paranaguamirim,0.0
2019-04-08,paranaguamirim,0.0
2019-04-09,paranaguamirim,0.0
2019-04-10,paranaguamirim,0.0
2019-04-11,paranaguamirim,0.0
2019-04-12,paranaguamirim,0.0
2019-04-13,paranaguamirim,0.0
2019-04-14,paranaguamirim,0.0
2019-04-15,paranaguamirim,0.0
2019-04-16,paranaguamirim,0.0
2019-04-17,paranaguamirim,0.0
2019-04-18,paranaguamirim,0.0
2019-04-19,paranaguamirim,0.0
2019-04-20,paranaguamirim,0.0
2019-04-21,paranaguamirim,0.0
2019-04-22,paranaguamirim,0.0
2019-04-23,paranaguamirim,0.0
2019-04-24,paranaguamirim,0.0
2019-04-25,paranaguamirim,0.0
2019-04-26,paranaguamirim,0.0
2019-04-27,paranaguamirim,0.0
2019-04-28,paranaguamirim,0.0
2019-04-29,paranaguamirim,0.0
2019-04-30,paranaguamirim,0.0
2019-05-01,paranaguamirim,0.0
2019-05-02,paranaguamirim,0.0
2019-05-03,paranaguamirim,0.0
2019-05-04,paranaguamirim,0.0
2019-05-05,paranaguamirim,0.0
2019-05-06,paranaguamirim,0.0
2019-05-07,paranaguamirim,0.0
2019-05-08,paranaguamirim,0.0
2019-05-09,paranaguamirim,0.0
2019-05-10,paranaguamirim,0.0
2019-05-11,paranaguamirim,0.0
2019-05-12,paranaguamirim,0.0
2019-05-13,paranaguamirim,0.0
2019-05-14,paranaguamirim,0.0
2019-05-15,paranaguamirim,0.0
2019-05-16,paranaguamirim,0.0
2019-05-17,paranaguamirim,0.0
2019-05-18,paranaguamirim,0.0
2019-05-19,paranaguamirim,0.0
2019-05-20,paranaguamirim,0.0
2019-05-21,paranaguamirim,0.0
2019-05-22,paranaguamirim,0.0
2019-05-23,paranaguamirim,0.0
2019-05-24,paranaguamirim,0.0
2019-05-25,paranaguamirim,0.0
2019-05-26,paranaguamirim,0.0
2019-05-27,paranaguamirim,0.0
2019-05-28,paranaguamirim,0.0
2019-05-29,paranaguamirim,0.0
2019-05-30,paranaguamirim,0.0
2019-05-31,paranaguamirim,0.0
2019-06-01,paranaguamirim,0.0
2019-06-02,paranaguamirim,0.0
2019-06-03,paranaguamirim,0.0
2019-06-04,paranaguamirim,0.0
2019-06-05,paranaguamirim,0.0
2019-06-06,paranaguamirim,0.0
2019-06-07,paranaguamirim,0.0
2019-06-08,paranaguamirim,0.0
2019-06-09,paranaguamirim,0.0
2019-06-10,paranaguamirim,0.0
2019-06-11,paranaguamirim,0.0
2019-06-12,paranaguamirim,0.0
2019-06-13,paranaguamirim,0.0
2019-06-14,paranaguamirim,0.0
2019-06-15,paranaguamirim,0.0
2019-06-16,paranaguamirim,0.0
2019-06-17,paranaguamirim,0.0
2019-06-18,paranaguamirim,0.0
2019-06-19,paranaguamirim,0.0
2019-06-20,paranaguamirim,0.0
2019-06-21,paranaguamirim,0.0
2019-06-22,paranaguamirim,0.0
2019-06-23,paranaguamirim,0.0
2019-06-24,paranaguamirim,0.0
2019-06-25,paranaguamirim,0.0
2019-06-26,paranaguamirim,0.0
2019-06-27,paranaguamirim,0.0
2019-06-28,paranaguamirim,0.0
2019-06-29,paranaguamirim,0.0
2019-06-30,paranaguamirim,0.0
2019-07-01,paranaguamirim,0.0
2019-07-02,paranaguamirim,0.0
2019-07-03,paranaguamirim,0.0
2019-07-04,paranaguamirim,0.0
2019-07-05,paranaguamirim,0.0
2019-07-06,paranaguamirim,0.0
2019-07-07,paranaguamirim,0.0
2019-07-08,paranaguamirim,0.0
2019-07-09,paranaguamirim,0.0
2019-07-10,paranaguamirim,0.0
2019-07-11,paranaguamirim,0.0
2019-07-12,paranaguamirim,0.0
2019-07-13,paranaguamirim,0.0
2019-07-14,paranaguamirim,0.0
2019-07-15,paranaguamirim,0.0
2019-07-16,paranaguamirim,0.0
2019-07-18,paranaguamirim,0.0
2019-07-19,paranaguamirim,0.0
2019-07-20,paranaguamirim,0.0
2019-07-22,paranaguamirim,0.0
2019-07-23,paranaguamirim,12.15
2019-07-24,paranaguamirim,0.0
2019-07-25,paranaguamirim,0.0
2019-07-26,paranaguamirim,0.0
2019-07-27,paranaguamirim,2.97
2019-07-28,paranaguamirim,0.0
2019-07-29,paranaguamirim,0.0
2019-07-30,paranaguamirim,0.0
2019-07-31,paranaguamirim,0.0
2019-08-01,paranaguamirim,0.0
2019-08-02,paranaguamirim,3.17
2019-08-03,paranaguamirim,0.0
2019-08-04,paranaguamirim,0.0
2019-08-05,paranaguamirim,0.6000000000000001
2019-08-06,paranaguamirim,0.2
2019-08-07,paranaguamirim,0.0
2019-08-08,paranaguamirim,0.0
2019-08-09,paranaguamirim,0.0
2019-08-10,paranaguamirim,1.19
2019-08-11,paranaguamirim,0.2
2019-08-12,paranaguamirim,0.0
2019-08-13,paranaguamirim,6.09
2019-08-14,paranaguamirim,0.2
2019-08-15,paranaguamirim,0.5900000000000001
2019-08-16,paranaguamirim,0.0
2019-08-17,paranaguamirim,0.0
2019-08-18,paranaguamirim,3.17
2019-08-19,paranaguamirim,11.6
2019-08-20,paranaguamirim,0.2
2019-08-21,paranaguamirim,0.8
2019-08-22,paranaguamirim,0.99
2019-08-23,paranaguamirim,0.2
2019-08-24,paranaguamirim,0.0
2019-08-25,paranaguamirim,0.0
2019-08-26,paranaguamirim,1.79
2019-08-27,paranaguamirim,0.0
2019-08-28,paranaguamirim,0.0
2019-08-30,paranaguamirim,0.0
2019-08-31,paranaguamirim,7.51
2019-09-01,paranaguamirim,32.12
2019-09-02,paranaguamirim,0.4
2019-09-03,paranaguamirim,0.79
2019-09-04,paranaguamirim,1.3900000000000001
2019-09-05,paranaguamirim,0.8
2019-09-06,paranaguamirim,19.85
2019-09-07,paranaguamirim,0.0
2019-09-08,paranaguamirim,0.4
2019-09-09,paranaguamirim,0.2
2019-09-10,paranaguamirim,0.0
2019-09-11,paranaguamirim,0.0
2019-09-12,paranaguamirim,11.63
2019-09-13,paranaguamirim,2.4000000000000004
2019-09-14,paranaguamirim,0.4
2019-09-15,paranaguamirim,0.0
2019-09-16,paranaguamirim,0.4
2019-09-17,paranaguamirim,0.2
2019-09-18,paranaguamirim,26.96
2019-09-19,paranaguamirim,26.78
2019-09-20,paranaguamirim,29.37
2019-09-21,paranaguamirim,0.8
2019-09-22,paranaguamirim,0.0
2019-09-23,paranaguamirim,0.0
2019-09-24,paranaguamirim,1.59
2019-09-25,paranaguamirim,2.77
2019-09-26,paranaguamirim,1.2000000000000002
2019-09-27,paranaguamirim,0.0
2019-09-28,paranaguamirim,0.0
2019-09-29,paranaguamirim,0.4
2019-09-30,paranaguamirim,0.4
2019-10-01,paranaguamirim,0.0
2019-10-02,paranaguamirim,0.0
2019-10-03,paranaguamirim,0.0
2019-10-04,paranaguamirim,2.7600000000000002
2019-10-05,paranaguamirim,1.19
2019-10-06,paranaguamirim,22.330000000000002
2019-10-07,paranaguamirim,7.380000000000001
2019-10-08,paranaguamirim,0.0
2019-10-10,paranaguamirim,0.0
2019-10-11,paranaguamirim,0.0
2019-10-12,paranaguamirim,0.0
2019-10-13,paranaguamirim,0.6000000000000001
2019-10-14,paranaguamirim,11.83
2019-10-15,paranaguamirim,13.540000000000001
2019-10-16,paranaguamirim,6.78
2019-10-17,paranaguamirim,4.3500000000000005
2019-10-18,paranaguamirim,0.99
2019-10-19,paranaguamirim,0.0
2019-10-20,paranaguamirim,0.0
2019-10-21,paranaguamirim,3.1900000000000004
2019-10-22,paranaguamirim,0.0
2019-10-23,paranaguamirim,0.0
2019-10-24,paranaguamirim,0.0
2019-10-25,paranaguamirim,0.0
2019-10-26,paranaguamirim,4.14
2019-10-27,paranaguamirim,10.46
2019-10-28,paranaguamirim,0.0
2019-10-29,paranaguamirim,0.0
2019-10-30,paranaguamirim,0.0
2019-10-31,paranaguamirim,0.0
2019-11-01,paranaguamirim,3.55
2019-11-02,paranaguamirim,1.59
2019-11-03,paranaguamirim,0.0
2019-11-04,paranaguamirim,0.0
2019-11-05,paranaguamirim,0.0
2019-11-06,paranaguamirim,0.0
2019-11-07,paranaguamirim,0.0
2019-11-08,paranaguamirim,0.0
2019-11-09,paranaguamirim,0.0
2019-11-10,paranaguamirim,0.0
2019-11-11,paranaguamirim,0.0
2019-11-12,paranaguamirim,0.6000000000000001
2019-11-13,paranaguamirim,13.46
2019-11-14,paranaguamirim,11.64
2019-11-15,paranaguamirim,0.0
2019-11-16,paranaguamirim,0.0
2019-11-17,paranaguamirim,0.0
2019-11-18,paranaguamirim,0.0
2019-11-19,paranaguamirim,1.18
2019-11-20,paranaguamirim,6.72
2019-11-21,paranaguamirim,1.59
2019-11-22,paranaguamirim,0.4
2019-11-23,paranaguamirim,6.92
2019-11-24,paranaguamirim,0.0
2019-11-25,paranaguamirim,0.0
2019-11-26,paranaguamirim,27.51
2019-11-27,paranaguamirim,24.45
2019-11-28,paranaguamirim,0.2
2019-11-29,paranaguamirim,0.0
2019-11-30,paranaguamirim,0.0
2019-12-01,paranaguamirim,0.2
2019-12-02,paranaguamirim,0.0
2019-12-03,paranaguamirim,0.0
2019-12-04,paranaguamirim,18.89
2019-12-05,paranaguamirim,9.27
2019-12-06,paranaguamirim,0.0
2019-12-07,paranaguamirim,0.0
2019-12-08,paranaguamirim,0.0
2019-12-09,paranaguamirim,1.8
2019-12-10,paranaguamirim,0.0
2019-12-11,paranaguamirim,0.0
2019-12-12,paranaguamirim,0.0
2019-12-13,paranaguamirim,0.0
2019-12-14,paranaguamirim,6.5
2019-12-15,paranaguamirim,3.58
2019-12-16,paranaguamirim,12.85
2019-12-17,paranaguamirim,34.67
2019-12-18,paranaguamirim,9.690000000000001
2019-12-19,paranaguamirim,1.2000000000000002
2019-12-20,paranaguamirim,0.0
2019-12-21,paranaguamirim,0.0
2019-12-22,paranaguamirim,0.0
2019-12-23,paranaguamirim,1.2000000000000002
2019-12-24,paranaguamirim,0.0
2019-12-25,paranaguamirim,0.2
2019-12-26,paranaguamirim,0.0
2019-12-27,paranaguamirim,0.0
2019-12-28,paranaguamirim,0.2
2019-12-29,paranaguamirim,0.0
2019-12-30,paranaguamirim,0.0
2019-12-31,paranaguamirim,0.0
2020-01-01,paranaguamirim,9.059999999999999
2020-01-02,paranaguamirim,3.99
2020-01-03,paranaguamirim,6.13
2020-01-04,paranaguamirim,89.29
2020-01-05,paranaguamirim,0.98
2020-01-06,paranaguamirim,0.0
2020-01-07,paranaguamirim,9.09
2020-01-08,paranaguamirim,13.26
2020-01-09,paranaguamirim,0.0
2020-01-10,paranaguamirim,0.4
2020-01-11,paranaguamirim,11.530000000000001
2020-01-12,paranaguamirim,0.0
2020-01-13,paranaguamirim,0.0
2020-01-14,paranaguamirim,0.0
2020-01-15,paranaguamirim,0.0
2020-01-16,paranaguamirim,2.4000000000000004
2020-01-17,paranaguamirim,0.4
2020-01-18,paranaguamirim,1.6
2020-01-19,paranaguamirim,1.2000000000000002
2020-01-20,paranaguamirim,0.2
2020-01-21,paranaguamirim,0.0
2020-01-22,paranaguamirim,13.540000000000001
2020-01-23,paranaguamirim,1.4000000000000001
2020-01-24,paranaguamirim,3.0
2020-01-25,paranaguamirim,0.0
2020-01-26,paranaguamirim,0.0
2020-01-27,paranaguamirim,6.36
2020-01-28,paranaguamirim,10.8
2020-01-29,paranaguamirim,9.790000000000001
2020-01-30,paranaguamirim,8.6
2020-01-31,paranaguamirim,3.2
2020-02-01,paranaguamirim,1.8
2020-02-02,paranaguamirim,1.6
2020-02-03,paranaguamirim,9.0
2020-02-04,paranaguamirim,11.4
2020-02-05,paranaguamirim,7.0
2020-02-06,paranaguamirim,9.8
2020-02-07,paranaguamirim,30.1
2020-02-08,paranaguamirim,32.38
2020-02-09,paranaguamirim,20.0
2020-02-10,paranaguamirim,17.0
2020-02-11,paranaguamirim,9.600000000000001
2020-02-12,paranaguamirim,5.6000000000000005
2020-02-13,paranaguamirim,3.2
2020-02-14,paranaguamirim,6.6000000000000005
2020-02-15,paranaguamirim,3.8000000000000003
2020-02-16,paranaguamirim,0.0
2020-02-17,paranaguamirim,0.0
2020-02-18,paranaguamirim,0.0
2020-02-19,paranaguamirim,0.4
2020-02-20,paranaguamirim,2.0
2020-02-21,paranaguamirim,1.4000000000000001
2020-02-22,paranaguamirim,1.2000000000000002
2020-02-23,paranaguamirim,0.2
2020-02-24,paranaguamirim,0.0
2020-02-25,paranaguamirim,6.6000000000000005
2020-02-26,paranaguamirim,35.03
2020-02-27,paranaguamirim,19.0
2020-02-28,paranaguamirim,11.0
2020-02-29,paranaguamirim,0.2
2020-03-01,paranaguamirim,1.0
2020-03-02,paranaguamirim,3.0
2020-03-03,paranaguamirim,18.67
2020-03-04,paranaguamirim,8.200000000000001
2020-03-05,paranaguamirim,0.0
2020-03-06,paranaguamirim,0.0
2020-03-07,paranaguamirim,0.0
2020-03-08,paranaguamirim,0.0
2020-03-09,paranaguamirim,0.0
2020-03-10,paranaguamirim,0.0
2020-03-11,paranaguamirim,0.0
2020-03-12,paranaguamirim,0.0
2020-03-13,paranaguamirim,0.0
2020-03-14,paranaguamirim,0.0
2020-03-15,paranaguamirim,0.0
2020-03-16,paranaguamirim,0.2
2020-03-17,paranaguamirim,0.0
2020-03-18,paranaguamirim,2.6
2020-03-19,paranaguamirim,0.2
2020-03-20,paranaguamirim,0.0
2020-03-21,paranaguamirim,0.0
2020-03-22,paranaguamirim,0.0
2020-03-23,paranaguamirim,0.0
2020-03-24,paranaguamirim,0.8
2020-03-25,paranaguamirim,0.2
2020-03-26,paranaguamirim,0.0
2020-03-27,paranaguamirim,1.2000000000000002
2020-03-28,paranaguamirim,1.2000000000000002
2020-03-29,paranaguamirim,0.0
2020-03-30,paranaguamirim,0.0
2020-03-31,paranaguamirim,0.0
2020-04-01,paranaguamirim,0.0
2020-04-02,paranaguamirim,0.0
2020-04-03,paranaguamirim,0.0
2020-04-04,paranaguamirim,0.0
2020-04-05,paranaguamirim,0.0
2020-04-06,paranaguamirim,2.4000000000000004
2020-04-07,paranaguamirim,7.0
2020-04-08,paranaguamirim,0.4
2020-04-09,paranaguamirim,0.0
2020-04-10,paranaguamirim,0.0
2020-04-11,paranaguamirim,0.0
2020-04-12,paranaguamirim,0.0
2020-04-13,paranaguamirim,0.0
2020-04-14,paranaguamirim,1.6
2020-04-15,paranaguamirim,0.0
2020-04-16,paranaguamirim,0.0
2020-04-17,paranaguamirim,0.0
2020-04-18,paranaguamirim,0.6000000000000001
2020-04-19,paranaguamirim,5.4
2020-04-20,paranaguamirim,0.0
2020-04-21,paranaguamirim,0.0
2020-04-22,paranaguamirim,0.0
2020-04-23,paranaguamirim,0.0
2020-04-24,paranaguamirim,0.0
2020-04-25,paranaguamirim,0.0
2020-04-26,paranaguamirim,0.0
2020-04-27,paranaguamirim,3.0
2020-04-28,paranaguamirim,5.2
2020-04-29,paranaguamirim,0.0
2020-04-30,paranaguamirim,0.0
2020-05-01,paranaguamirim,1.2000000000000002
2020-05-02,paranaguamirim,0.0
2020-05-03,paranaguamirim,0.0
2020-05-04,paranaguamirim,0.0
2020-05-05,paranaguamirim,0.0
2020-05-06,paranaguamirim,7.4
2020-05-07,paranaguamirim,0.0
2020-05-08,paranaguamirim,0.0
2020-05-09,paranaguamirim,0.0
2020-05-10,paranaguamirim,0.0
2020-05-11,paranaguamirim,0.0
2020-05-12,paranaguamirim,0.0
2020-05-13,paranaguamirim,5.95
2020-05-14,paranaguamirim,13.42
2020-05-15,paranaguamirim,0.0
2020-05-16,paranaguamirim,0.0
2020-05-17,paranaguamirim,0.0
2020-05-18,paranaguamirim,0.0
2020-05-19,paranaguamirim,0.0
2020-05-20,paranaguamirim,0.0
2020-05-21,paranaguamirim,0.0
2020-05-22,paranaguamirim,0.0
2020-05-23,paranaguamirim,0.0
2020-05-24,paranaguamirim,0.0
2020-05-25,paranaguamirim,0.0
2020-05-26,paranaguamirim,0.0
2020-05-27,paranaguamirim,0.0
2020-05-28,paranaguamirim,0.0
2020-05-29,paranaguamirim,0.0
2020-05-30,paranaguamirim,0.0
2020-05-31,paranaguamirim,0.0
2020-06-01,paranaguamirim,10.75
2020-06-02,paranaguamirim,9.48
2020-06-03,paranaguamirim,0.8
2020-06-04,paranaguamirim,2.2
2020-06-05,paranaguamirim,12.73
2020-06-06,paranaguamirim,10.64
2020-06-07,paranaguamirim,0.0
2020-06-08,paranaguamirim,0.0
2020-06-09,paranaguamirim,6.800000000000001
2020-06-10,paranaguamirim,20.62
2020-06-11,paranaguamirim,7.3
2020-06-12,paranaguamirim,0.0
2020-06-13,paranaguamirim,1.6
2020-06-14,paranaguamirim,1.2000000000000002
2020-06-15,paranaguamirim,0.0
2020-06-16,paranaguamirim,4.800000000000001
2020-06-17,paranaguamirim,6.9
2020-06-18,paranaguamirim,0.0
2020-06-19,paranaguamirim,0.0
2020-06-20,paranaguamirim,0.0
2020-06-21,paranaguamirim,0.0
2020-06-22,paranaguamirim,0.0
2020-06-23,paranaguamirim,0.0
2020-06-24,paranaguamirim,0.0
2020-06-25,paranaguamirim,0.2
2020-06-26,paranaguamirim,2.7600000000000002
2020-06-27,paranaguamirim,11.84
2020-06-28,paranaguamirim,0.0
2020-06-29,paranaguamirim,3.4000000000000004
2020-06-30,paranaguamirim,5.78
2020-07-01,paranaguamirim,0.0
2020-07-02,paranaguamirim,0.0
2020-07-03,paranaguamirim,0.0
2020-07-04,paranaguamirim,0.0
2020-07-05,paranaguamirim,0.0
2020-07-06,paranaguamirim,23.72
2020-07-07,paranaguamirim,3.0
2020-07-08,paranaguamirim,0.0
2020-07-09,paranaguamirim,0.0
2020-07-10,paranaguamirim,0.0
2020-07-11,paranaguamirim,0.0
2020-07-12,paranaguamirim,0.0
2020-07-13,paranaguamirim,10.59
2020-07-14,paranaguamirim,0.0
2020-07-15,paranaguamirim,0.0
2020-07-16,paranaguamirim,1.6
2020-07-17,paranaguamirim,6.19
2020-07-18,paranaguamirim,0.0
2020-07-19,paranaguamirim,0.0
2020-07-20,paranaguamirim,0.0
2020-07-21,paranaguamirim,0.0
2020-07-22,paranaguamirim,0.0
2020-07-23,paranaguamirim,0.0
2020-07-24,paranaguamirim,0.0
2020-07-25,paranaguamirim,0.0
2020-07-26,paranaguamirim,0.6000000000000001
2020-07-27,paranaguamirim,0.0
2020-07-28,paranaguamirim,17.740000000000002
2020-07-29,paranaguamirim,1.78
2020-07-30,paranaguamirim,0.0
2020-07-31,paranaguamirim,1.0
2020-08-01,paranaguamirim,0.0
2020-08-02,paranaguamirim,0.0
2020-08-03,paranaguamirim,0.0
2020-08-04,paranaguamirim,0.0
2020-08-05,paranaguamirim,0.0
2020-08-06,paranaguamirim,0.0
2020-08-07,paranaguamirim,0.0
2020-08-08,paranaguamirim,0.0
2020-08-09,paranaguamirim,0.0
2020-08-10,paranaguamirim,0.0
2020-08-11,paranaguamirim,0.0
2020-08-12,paranaguamirim,1.2000000000000002
2020-08-13,paranaguamirim,13.14
2020-08-14,paranaguamirim,3.0
2020-08-15,paranaguamirim,23.080000000000002
2020-08-16,paranaguamirim,0.4
2020-08-17,paranaguamirim,1.0
2020-08-18,paranaguamirim,9.360000000000001
2020-08-19,paranaguamirim,10.33
2020-08-20,paranaguamirim,8.780000000000001
2020-08-21,paranaguamirim,0.4
2020-08-22,paranaguamirim,0.0
2020-08-23,paranaguamirim,0.0
2020-08-24,paranaguamirim,0.0
2020-08-25,paranaguamirim,0.0
2020-08-26,paranaguamirim,0.0
2020-08-27,paranaguamirim,0.0
2020-08-28,paranaguamirim,0.0
2020-08-29,paranaguamirim,0.0
2020-08-30,paranaguamirim,0.0
2020-08-31,paranaguamirim,9.0
2020-09-01,paranaguamirim,15.08
2020-09-02,paranaguamirim,0.0
2020-09-03,paranaguamirim,0.0
2020-09-04,paranaguamirim,0.0
2020-09-05,paranaguamirim,0.2
2020-09-06,paranaguamirim,3.4000000000000004
2020-09-07,paranaguamirim,3.0
2020-09-08,paranaguamirim,0.4
2020-09-09,paranaguamirim,0.0
2020-09-10,paranaguamirim,0.0
2020-09-11,paranaguamirim,0.0
2020-09-12,paranaguamirim,0.0
2020-09-13,paranaguamirim,0.0
2020-09-14,paranaguamirim,0.0
2020-09-15,paranaguamirim,0.0
2020-09-16,paranaguamirim,0.0
2020-09-17,paranaguamirim,2.4000000000000004
2020-09-18,paranaguamirim,0.0
2020-09-19,paranaguamirim,0.0
2020-09-20,paranaguamirim,0.0
2020-09-21,paranaguamirim,0.2
2020-09-22,paranaguamirim,0.0
2020-09-23,paranaguamirim,0.0
2020-09-24,paranaguamirim,0.0
2020-09-25,paranaguamirim,0.0
2020-09-26,paranaguamirim,0.0
2020-09-27,paranaguamirim,0.6000000000000001
2020-09-28,paranaguamirim,2.0
2020-09-29,paranaguamirim,1.8
2020-09-30,paranaguamirim,0.8
2020-10-01,paranaguamirim,0.6000000000000001
2020-10-02,paranaguamirim,0.4
2020-10-03,paranaguamirim,0.4
2020-10-04,paranaguamirim,0.4
2020-10-05,paranaguamirim,0.4
2020-10-06,paranaguamirim,1.0
2020-10-07,paranaguamirim,1.4000000000000001
2020-10-08,paranaguamirim,0.6000000000000001
2020-10-09,paranaguamirim,2.0
2020-10-10,paranaguamirim,2.0
2020-10-11,paranaguamirim,1.6
2020-10-12,paranaguamirim,2.0
2020-10-13,paranaguamirim,1.4000000000000001
2020-10-14,paranaguamirim,0.6000000000000001
2020-10-15,paranaguamirim,0.8
2020-10-16,paranaguamirim,0.6000000000000001
2020-10-17,paranaguamirim,1.4000000000000001
2020-10-18,paranaguamirim,0.0
2020-10-19,paranaguamirim,0.6000000000000001
2020-10-20,paranaguamirim,0.6000000000000001
2020-10-21,paranaguamirim,2.2
2020-10-22,paranaguamirim,0.4
2020-10-23,paranaguamirim,0.6000000000000001
2020-10-24,paranaguamirim,3.3800000000000003
2020-10-25,paranaguamirim,0.0
2020-10-26,paranaguamirim,0.0
2020-10-27,paranaguamirim,0.0
2020-10-28,paranaguamirim,0.0
2020-10-29,paranaguamirim,4.94
2020-10-30,paranaguamirim,4.0
2020-10-31,paranaguamirim,5.2
2020-11-01,paranaguamirim,0.0
2020-11-02,paranaguamirim,0.0
2020-11-03,paranaguamirim,0.0
2020-11-04,paranaguamirim,0.0
2020-11-05,paranaguamirim,0.0
2020-11-06,paranaguamirim,0.0
2020-11-07,paranaguamirim,0.0
2020-11-08,paranaguamirim,0.0
2020-11-09,paranaguamirim,3.4000000000000004
2020-11-10,paranaguamirim,1.2000000000000002
2020-11-11,paranaguamirim,3.18
2020-11-12,paranaguamirim,0.4
2020-11-13,paranaguamirim,15.56
2020-11-14,paranaguamirim,0.0
2020-11-15,paranaguamirim,2.79
2020-11-16,paranaguamirim,6.380000000000001
2020-11-17,paranaguamirim,3.92
2020-11-18,paranaguamirim,34.47
2020-11-19,paranaguamirim,11.200000000000001
2020-11-20,paranaguamirim,0.2
2020-11-21,paranaguamirim,0.8
2020-11-22,paranaguamirim,1.2000000000000002
2020-11-23,paranaguamirim,1.6
2020-11-24,paranaguamirim,0.4
2020-11-25,paranaguamirim,3.16
2020-11-26,paranaguamirim,0.0
2020-11-27,paranaguamirim,23.05
2020-11-28,paranaguamirim,0.2
2020-11-29,paranaguamirim,0.0
2020-11-30,paranaguamirim,4.74
2020-12-01,paranaguamirim,1.59
2020-12-02,paranaguamirim,0.0
2020-12-03,paranaguamirim,6.7700000000000005
2020-12-04,paranaguamirim,3.6
2020-12-05,paranaguamirim,6.36
2020-12-06,paranaguamirim,10.14
2020-12-07,paranaguamirim,13.99
2020-12-08,paranaguamirim,24.02
2020-12-09,paranaguamirim,18.380000000000003
2020-12-10,paranaguamirim,12.4
2020-12-11,paranaguamirim,3.0
2020-12-12,paranaguamirim,0.0
2020-12-13,paranaguamirim,2.2
2020-12-14,paranaguamirim,17.93
2020-12-15,paranaguamirim,23.16
2020-12-16,paranaguamirim,2.2
2020-12-17,paranaguamirim,8.6
2020-12-18,paranaguamirim,0.0
2020-12-19,paranaguamirim,7.88
2020-12-20,paranaguamirim,3.6
2020-12-21,paranaguamirim,1.2000000000000002
2020-12-22,paranaguamirim,1.6
2020-12-23,paranaguamirim,5.74
2020-12-24,paranaguamirim,2.79
2020-12-25,paranaguamirim,0.2
2020-12-26,paranaguamirim,10.09
2020-12-27,paranaguamirim,24.45
2020-12-28,paranaguamirim,16.34
2020-12-29,paranaguamirim,7.69
2020-12-30,paranaguamirim,0.2
