date,code,station,temp,umid,ws,wd,prec
2020-10-04 20:00:00,aeroporto,Aeroporto SBJV,18.0,100.0,2.57040679481448,100.0,
2020-10-04 21:00:00,aeroporto,Aeroporto SBJV,,,,,
2020-10-04 22:00:00,aeroporto,Aeroporto SBJV,18.0,100.0,0.514081358962897,230.0,
2020-10-04 23:00:00,aeroporto,Aeroporto SBJV,18.0,100.0,1.02816271792579,280.0,
2020-10-05 00:00:00,aeroporto,Aeroporto SBJV,,,,,
2020-10-05 01:00:00,aeroporto,Aeroporto SBJV,,,,,
2020-10-05 02:00:00,aeroporto,Aeroporto SBJV,,,,,
2020-10-05 03:00:00,aeroporto,Aeroporto SBJV,,,,,
2020-10-05 04:00:00,aeroporto,Aeroporto SBJV,,,,,
2020-10-05 05:00:00,aeroporto,Aeroporto SBJV,,,,,
2020-10-05 06:00:00,aeroporto,Aeroporto SBJV,19.0,100.0,2.05632543585159,30.0,
2020-10-05 07:00:00,aeroporto,Aeroporto SBJV,20.0,93.97,3.08448815377738,30.0,
2020-10-05 08:00:00,aeroporto,Aeroporto SBJV,20.0,100.0,2.05632543585159,10.0,
2020-10-05 09:00:00,aeroporto,Aeroporto SBJV,21.0,94.01,2.05632543585159,10.0,
2020-10-05 10:00:00,aeroporto,Aeroporto SBJV,22.0,94.06,1.54224407688869,130.0,
2020-10-05 11:00:00,aeroporto,Aeroporto SBJV,22.0,94.06,1.02816271792579,160.0,
2020-10-05 12:00:00,aeroporto,Aeroporto SBJV,,,,,
2020-10-05 13:00:00,aeroporto,Aeroporto SBJV,23.0,88.51,3.59856951274028,70.0,
2020-10-05 14:00:00,aeroporto,Aeroporto SBJV,23.0,88.51,3.08448815377738,70.0,
2020-10-05 15:00:00,aeroporto,Aeroporto SBJV,,,,,
2020-10-05 16:00:00,aeroporto,Aeroporto SBJV,23.0,88.51,2.05632543585159,60.0,
2020-10-05 17:00:00,aeroporto,Aeroporto SBJV,23.0,88.51,3.08448815377738,10.0,
2020-10-05 18:00:00,aeroporto,Aeroporto SBJV,,,,,
2020-10-05 19:00:00,aeroporto,Aeroporto SBJV,22.0,94.06,2.05632543585159,30.0,
2020-10-05 20:00:00,aeroporto,Aeroporto SBJV,22.0,94.06,1.54224407688869,360.0,
2020-10-05 21:00:00,aeroporto,Aeroporto SBJV,,,,,
2020-10-05 22:00:00,aeroporto,Aeroporto SBJV,22.0,94.06,0.0,0.0,
2020-10-05 23:00:00,aeroporto,Aeroporto SBJV,21.0,100.0,1.02816271792579,200.0,
2020-10-06 00:00:00,aeroporto,Aeroporto SBJV,,,,,
2020-10-06 01:00:00,aeroporto,Aeroporto SBJV,,,,,
2020-10-06 02:00:00,aeroporto,Aeroporto SBJV,,,,,
2020-10-06 03:00:00,aeroporto,Aeroporto SBJV,,,,,
2020-10-06 04:00:00,aeroporto,Aeroporto SBJV,,,,,
2020-10-06 05:00:00,aeroporto,Aeroporto SBJV,,,,,
2020-10-06 06:00:00,aeroporto,Aeroporto SBJV,21.0,100.0,2.57040679481448,120.0,
2020-10-06 07:00:00,aeroporto,Aeroporto SBJV,,,,,
2020-10-06 08:00:00,aeroporto,Aeroporto SBJV,21.0,94.01,1.54224407688869,180.0,
2020-10-06 09:00:00,aeroporto,Aeroporto SBJV,22.0,78.04,2.57040679481448,150.0,
2020-10-06 10:00:00,aeroporto,Aeroporto SBJV,22.0,78.04,2.05632543585159,70.0,
2020-10-06 11:00:00,aeroporto,Aeroporto SBJV,23.0,73.44,1.54224407688869,70.0,
2020-10-06 12:00:00,aeroporto,Aeroporto SBJV,,,,,
2020-10-06 13:00:00,aeroporto,Aeroporto SBJV,23.0,78.19,3.08448815377738,130.0,
2020-10-06 14:00:00,aeroporto,Aeroporto SBJV,24.0,69.14,1.02816271792579,130.0,
2020-10-06 15:00:00,aeroporto,Aeroporto SBJV,23.0,78.19,4.11265087170317,130.0,
2020-10-06 16:00:00,aeroporto,Aeroporto SBJV,23.0,78.19,3.59856951274028,110.0,
2020-10-06 17:00:00,aeroporto,Aeroporto SBJV,21.0,82.98,5.14081358962897,120.0,
2020-10-06 18:00:00,aeroporto,Aeroporto SBJV,,,,,
2020-10-06 19:00:00,aeroporto,Aeroporto SBJV,19.0,93.92,3.08448815377738,120.0,
2020-10-06 20:00:00,aeroporto,Aeroporto SBJV,19.0,93.92,3.08448815377738,110.0,
2020-10-06 21:00:00,aeroporto,Aeroporto SBJV,19.0,93.92,2.05632543585159,120.0,
2020-10-06 22:00:00,aeroporto,Aeroporto SBJV,19.0,93.92,1.02816271792579,110.0,
2020-10-06 23:00:00,aeroporto,Aeroporto SBJV,19.0,93.92,1.02816271792579,300.0,
2020-10-07 00:00:00,aeroporto,Aeroporto SBJV,,,,,
2020-10-07 01:00:00,aeroporto,Aeroporto SBJV,,,,,
2020-10-07 02:00:00,aeroporto,Aeroporto SBJV,,,,,
2020-10-07 03:00:00,aeroporto,Aeroporto SBJV,,,,,
2020-10-07 04:00:00,aeroporto,Aeroporto SBJV,,,,,
2020-10-07 05:00:00,aeroporto,Aeroporto SBJV,,,,,
2020-10-07 06:00:00,aeroporto,Aeroporto SBJV,19.0,100.0,1.02816271792579,240.0,
2020-10-07 07:00:00,aeroporto,Aeroporto SBJV,19.0,93.92,1.02816271792579,220.0,
2020-10-07 08:00:00,aeroporto,Aeroporto SBJV,19.0,93.92,1.54224407688869,180.0,
2020-10-07 09:00:00,aeroporto,Aeroporto SBJV,,,,,
2020-10-07 10:00:00,aeroporto,Aeroporto SBJV,20.0,100.0,4.62673223066607,330.0,
2020-10-07 11:00:00,aeroporto,Aeroporto SBJV,,,,,
2020-10-07 12:00:00,aeroporto,Aeroporto SBJV,21.0,88.34,2.57040679481448,160.0,
2020-10-07 13:00:00,aeroporto,Aeroporto SBJV,22.0,88.43,4.11265087170317,150.0,
2020-10-07 14:00:00,aeroporto,Aeroporto SBJV,24.0,78.34,0.514081358962897,140.0,
2020-10-07 15:00:00,aeroporto,Aeroporto SBJV,24.0,78.34,4.11265087170317,120.0,
2020-10-07 16:00:00,aeroporto,Aeroporto SBJV,24.0,78.34,1.54224407688869,110.0,
2020-10-07 17:00:00,aeroporto,Aeroporto SBJV,23.0,88.51,2.05632543585159,110.0,
2020-10-07 18:00:00,aeroporto,Aeroporto SBJV,22.0,94.06,2.05632543585159,100.0,
2020-10-07 19:00:00,aeroporto,Aeroporto SBJV,21.0,94.01,4.62673223066607,140.0,
2020-10-07 20:00:00,aeroporto,Aeroporto SBJV,21.0,94.01,2.05632543585159,160.0,
2020-10-07 21:00:00,aeroporto,Aeroporto SBJV,,,,,
2020-10-07 22:00:00,aeroporto,Aeroporto SBJV,21.0,94.01,3.08448815377738,190.0,
2020-10-07 23:00:00,aeroporto,Aeroporto SBJV,21.0,100.0,3.59856951274028,320.0,
2020-10-08 00:00:00,aeroporto,Aeroporto SBJV,20.0,100.0,3.59856951274028,200.0,
2020-10-08 01:00:00,aeroporto,Aeroporto SBJV,,,,,
2020-10-08 02:00:00,aeroporto,Aeroporto SBJV,,,,,
2020-10-08 03:00:00,aeroporto,Aeroporto SBJV,,,,,
2020-10-08 04:00:00,aeroporto,Aeroporto SBJV,,,,,
2020-10-08 05:00:00,aeroporto,Aeroporto SBJV,,,,,
2020-10-08 06:00:00,aeroporto,Aeroporto SBJV,20.0,100.0,1.02816271792579,90.0,
2020-10-08 07:00:00,aeroporto,Aeroporto SBJV,20.0,100.0,1.02816271792579,170.0,
2020-10-08 08:00:00,aeroporto,Aeroporto SBJV,20.0,100.0,2.05632543585159,160.0,
2020-10-08 09:00:00,aeroporto,Aeroporto SBJV,21.0,88.34,2.05632543585159,200.0,
2020-10-08 10:00:00,aeroporto,Aeroporto SBJV,20.0,93.97,3.59856951274028,170.0,
2020-10-08 11:00:00,aeroporto,Aeroporto SBJV,,,,,
2020-10-08 12:00:00,aeroporto,Aeroporto SBJV,21.0,94.01,2.57040679481448,150.0,
2020-10-08 13:00:00,aeroporto,Aeroporto SBJV,21.0,94.01,2.57040679481448,110.0,
2020-10-08 14:00:00,aeroporto,Aeroporto SBJV,20.0,100.0,3.08448815377738,140.0,
2020-10-08 15:00:00,aeroporto,Aeroporto SBJV,,,,,
2020-10-08 16:00:00,aeroporto,Aeroporto SBJV,20.0,93.97,3.59856951274028,120.0,
2020-10-08 17:00:00,aeroporto,Aeroporto SBJV,20.0,93.97,4.11265087170317,120.0,
2020-10-08 18:00:00,aeroporto,Aeroporto SBJV,19.0,93.92,3.59856951274028,130.0,
2020-10-08 19:00:00,aeroporto,Aeroporto SBJV,,,,,
2020-10-08 20:00:00,aeroporto,Aeroporto SBJV,19.0,93.92,2.57040679481448,100.0,
2020-10-08 21:00:00,aeroporto,Aeroporto SBJV,,,,,
2020-10-08 22:00:00,aeroporto,Aeroporto SBJV,19.0,93.92,1.54224407688869,150.0,
2020-10-08 23:00:00,aeroporto,Aeroporto SBJV,19.0,93.92,2.57040679481448,310.0,
2020-10-09 00:00:00,aeroporto,Aeroporto SBJV,,,,,
2020-10-09 01:00:00,aeroporto,Aeroporto SBJV,,,,,
2020-10-09 02:00:00,aeroporto,Aeroporto SBJV,,,,,
2020-10-09 03:00:00,aeroporto,Aeroporto SBJV,,,,,
2020-10-09 04:00:00,aeroporto,Aeroporto SBJV,,,,,
2020-10-09 05:00:00,aeroporto,Aeroporto SBJV,,,,,
2020-10-09 06:00:00,aeroporto,Aeroporto SBJV,18.0,100.0,1.54224407688869,200.0,
2020-10-09 07:00:00,aeroporto,Aeroporto SBJV,18.0,100.0,1.02816271792579,200.0,
2020-10-09 08:00:00,aeroporto,Aeroporto SBJV,18.0,100.0,1.02816271792579,270.0,
2020-10-09 09:00:00,aeroporto,Aeroporto SBJV,18.0,100.0,1.54224407688869,310.0,
2020-10-09 10:00:00,aeroporto,Aeroporto SBJV,18.0,100.0,2.05632543585159,190.0,
2020-10-09 11:00:00,aeroporto,Aeroporto SBJV,18.0,100.0,2.05632543585159,270.0,
2020-10-09 12:00:00,aeroporto,Aeroporto SBJV,18.0,100.0,1.54224407688869,300.0,
2020-10-09 13:00:00,aeroporto,Aeroporto SBJV,19.0,93.92,1.54224407688869,180.0,
2020-10-09 14:00:00,aeroporto,Aeroporto SBJV,19.0,93.92,1.54224407688869,40.0,
2020-10-09 15:00:00,aeroporto,Aeroporto SBJV,19.0,93.92,2.57040679481448,330.0,
2020-10-09 16:00:00,aeroporto,Aeroporto SBJV,,,,,
2020-10-09 17:00:00,aeroporto,Aeroporto SBJV,19.0,93.92,2.05632543585159,160.0,
2020-10-09 18:00:00,aeroporto,Aeroporto SBJV,19.0,93.92,3.08448815377738,330.0,
2020-10-09 19:00:00,aeroporto,Aeroporto SBJV,,,,,
2020-10-09 20:00:00,aeroporto,Aeroporto SBJV,19.0,93.92,3.59856951274028,190.0,
2020-10-09 21:00:00,aeroporto,Aeroporto SBJV,18.0,100.0,2.05632543585159,170.0,
2020-10-09 22:00:00,aeroporto,Aeroporto SBJV,18.0,100.0,1.54224407688869,170.0,
2020-10-09 23:00:00,aeroporto,Aeroporto SBJV,,,,,
2020-10-10 00:00:00,aeroporto,Aeroporto SBJV,,,,,
2020-10-10 01:00:00,aeroporto,Aeroporto SBJV,,,,,
2020-10-10 02:00:00,aeroporto,Aeroporto SBJV,,,,,
2020-10-10 03:00:00,aeroporto,Aeroporto SBJV,,,,,
2020-10-10 04:00:00,aeroporto,Aeroporto SBJV,,,,,
2020-10-10 05:00:00,aeroporto,Aeroporto SBJV,,,,,
2020-10-10 06:00:00,aeroporto,Aeroporto SBJV,15.0,100.0,2.05632543585159,320.0,
2020-10-10 07:00:00,aeroporto,Aeroporto SBJV,,,,,
2020-10-10 08:00:00,aeroporto,Aeroporto SBJV,18.0,93.88,1.54224407688869,260.0,
2020-10-10 09:00:00,aeroporto,Aeroporto SBJV,20.0,77.75,0.0,0.0,
2020-10-10 10:00:00,aeroporto,Aeroporto SBJV,22.0,68.75,1.02816271792579,340.0,
2020-10-10 11:00:00,aeroporto,Aeroporto SBJV,23.0,64.69,2.57040679481448,120.0,
2020-10-10 12:00:00,aeroporto,Aeroporto SBJV,24.0,60.9,5.14081358962897,110.0,
2020-10-10 13:00:00,aeroporto,Aeroporto SBJV,24.0,60.9,5.65489494859186,120.0,
2020-10-10 14:00:00,aeroporto,Aeroporto SBJV,25.0,47.25,6.16897630755476,110.0,
2020-10-10 15:00:00,aeroporto,Aeroporto SBJV,24.0,50.17,6.68305766651766,120.0,
2020-10-10 16:00:00,aeroporto,Aeroporto SBJV,22.0,56.63,6.16897630755476,130.0,
2020-10-10 17:00:00,aeroporto,Aeroporto SBJV,,,,,
2020-10-10 18:00:00,aeroporto,Aeroporto SBJV,20.0,72.92,5.14081358962897,130.0,
2020-10-10 19:00:00,aeroporto,Aeroporto SBJV,19.0,77.6,5.14081358962897,130.0,
2020-10-10 20:00:00,aeroporto,Aeroporto SBJV,19.0,77.6,5.14081358962897,130.0,
2020-10-10 21:00:00,aeroporto,Aeroporto SBJV,18.0,77.45,4.11265087170317,130.0,
2020-10-10 22:00:00,aeroporto,Aeroporto SBJV,18.0,72.56,4.11265087170317,120.0,
2020-10-10 23:00:00,aeroporto,Aeroporto SBJV,18.0,72.56,4.11265087170317,120.0,
2020-10-11 00:00:00,aeroporto,Aeroporto SBJV,,,,,
2020-10-11 01:00:00,aeroporto,Aeroporto SBJV,,,,,
2020-10-11 02:00:00,aeroporto,Aeroporto SBJV,,,,,
2020-10-11 03:00:00,aeroporto,Aeroporto SBJV,,,,,
2020-10-11 04:00:00,aeroporto,Aeroporto SBJV,,,,,
2020-10-11 05:00:00,aeroporto,Aeroporto SBJV,,,,,
2020-10-11 06:00:00,aeroporto,Aeroporto SBJV,15.0,93.74,0.0,0.0,
2020-10-11 07:00:00,aeroporto,Aeroporto SBJV,17.0,88.0,1.02816271792579,320.0,
2020-10-11 08:00:00,aeroporto,Aeroporto SBJV,19.0,72.74,0.0,0.0,
2020-10-11 09:00:00,aeroporto,Aeroporto SBJV,20.0,68.35,1.54224407688869,250.0,
2020-10-11 10:00:00,aeroporto,Aeroporto SBJV,,,,,
2020-10-11 11:00:00,aeroporto,Aeroporto SBJV,22.0,56.63,1.02816271792579,180.0,
2020-10-11 12:00:00,aeroporto,Aeroporto SBJV,23.0,56.88,4.11265087170317,110.0,
2020-10-11 13:00:00,aeroporto,Aeroporto SBJV,23.0,53.29,5.14081358962897,120.0,
2020-10-11 14:00:00,aeroporto,Aeroporto SBJV,23.0,56.88,5.14081358962897,110.0,
2020-10-11 15:00:00,aeroporto,Aeroporto SBJV,23.0,56.88,3.59856951274028,50.0,
2020-10-11 16:00:00,aeroporto,Aeroporto SBJV,23.0,56.88,4.62673223066607,60.0,
2020-10-11 17:00:00,aeroporto,Aeroporto SBJV,,,,,
2020-10-11 18:00:00,aeroporto,Aeroporto SBJV,20.0,68.35,3.08448815377738,50.0,
2020-10-11 19:00:00,aeroporto,Aeroporto SBJV,,,,,
2020-10-11 20:00:00,aeroporto,Aeroporto SBJV,20.0,72.92,2.57040679481448,20.0,
2020-10-11 21:00:00,aeroporto,Aeroporto SBJV,,,,,
2020-10-11 22:00:00,aeroporto,Aeroporto SBJV,19.0,82.74,1.02816271792579,350.0,
2020-10-11 23:00:00,aeroporto,Aeroporto SBJV,19.0,82.74,1.54224407688869,300.0,
2020-10-12 00:00:00,aeroporto,Aeroporto SBJV,,,,,
2020-10-12 01:00:00,aeroporto,Aeroporto SBJV,,,,,
2020-10-12 02:00:00,aeroporto,Aeroporto SBJV,,,,,
2020-10-12 03:00:00,aeroporto,Aeroporto SBJV,,,,,
2020-10-12 04:00:00,aeroporto,Aeroporto SBJV,,,,,
2020-10-12 05:00:00,aeroporto,Aeroporto SBJV,,,,,
2020-10-12 06:00:00,aeroporto,Aeroporto SBJV,15.0,93.74,1.54224407688869,350.0,
2020-10-12 07:00:00,aeroporto,Aeroporto SBJV,16.0,93.79,0.514081358962897,320.0,
2020-10-12 08:00:00,aeroporto,Aeroporto SBJV,19.0,82.74,0.0,0.0,
2020-10-12 09:00:00,aeroporto,Aeroporto SBJV,22.0,68.75,1.54224407688869,260.0,
2020-10-12 10:00:00,aeroporto,Aeroporto SBJV,23.0,60.67,2.57040679481448,360.0,
2020-10-12 11:00:00,aeroporto,Aeroporto SBJV,25.0,57.36,3.08448815377738,100.0,
2020-10-12 12:00:00,aeroporto,Aeroporto SBJV,25.0,57.36,3.59856951274028,70.0,
2020-10-12 13:00:00,aeroporto,Aeroporto SBJV,26.0,54.05,5.14081358962897,60.0,
2020-10-12 14:00:00,aeroporto,Aeroporto SBJV,26.0,50.69,4.62673223066607,70.0,
2020-10-12 15:00:00,aeroporto,Aeroporto SBJV,26.0,57.6,4.11265087170317,50.0,
2020-10-12 16:00:00,aeroporto,Aeroporto SBJV,25.0,61.13,4.11265087170317,50.0,
2020-10-12 17:00:00,aeroporto,Aeroporto SBJV,,,,,
2020-10-12 18:00:00,aeroporto,Aeroporto SBJV,23.0,53.29,4.11265087170317,30.0,
2020-10-12 19:00:00,aeroporto,Aeroporto SBJV,21.0,68.55,2.57040679481448,10.0,
2020-10-12 20:00:00,aeroporto,Aeroporto SBJV,21.0,77.9,2.57040679481448,10.0,
2020-10-12 21:00:00,aeroporto,Aeroporto SBJV,,,,,
2020-10-12 22:00:00,aeroporto,Aeroporto SBJV,18.0,88.09,1.02816271792579,310.0,
2020-10-12 23:00:00,aeroporto,Aeroporto SBJV,18.0,93.88,2.05632543585159,270.0,
2020-10-13 00:00:00,aeroporto,Aeroporto SBJV,,,,,
2020-10-13 01:00:00,aeroporto,Aeroporto SBJV,,,,,
2020-10-13 02:00:00,aeroporto,Aeroporto SBJV,,,,,
2020-10-13 03:00:00,aeroporto,Aeroporto SBJV,,,,,
2020-10-13 04:00:00,aeroporto,Aeroporto SBJV,,,,,
2020-10-13 05:00:00,aeroporto,Aeroporto SBJV,,,,,
2020-10-13 06:00:00,aeroporto,Aeroporto SBJV,16.0,100.0,1.02816271792579,320.0,
2020-10-13 07:00:00,aeroporto,Aeroporto SBJV,17.0,100.0,1.54224407688869,330.0,
2020-10-13 08:00:00,aeroporto,Aeroporto SBJV,20.0,82.86,0.0,0.0,
2020-10-13 09:00:00,aeroporto,Aeroporto SBJV,,,,,
2020-10-13 10:00:00,aeroporto,Aeroporto SBJV,23.0,78.19,1.02816271792579,200.0,
2020-10-13 11:00:00,aeroporto,Aeroporto SBJV,25.0,69.33,2.57040679481448,130.0,
2020-10-13 12:00:00,aeroporto,Aeroporto SBJV,,,,,
2020-10-13 13:00:00,aeroporto,Aeroporto SBJV,26.0,69.52,3.59856951274028,110.0,
2020-10-13 14:00:00,aeroporto,Aeroporto SBJV,26.0,69.52,6.68305766651766,130.0,
2020-10-13 15:00:00,aeroporto,Aeroporto SBJV,,,,,
2020-10-13 16:00:00,aeroporto,Aeroporto SBJV,22.0,83.09,5.65489494859186,130.0,
2020-10-13 17:00:00,aeroporto,Aeroporto SBJV,21.0,88.34,5.65489494859186,130.0,
2020-10-13 18:00:00,aeroporto,Aeroporto SBJV,20.0,88.26,4.62673223066607,140.0,
2020-10-13 19:00:00,aeroporto,Aeroporto SBJV,19.0,93.92,4.11265087170317,140.0,
2020-10-13 20:00:00,aeroporto,Aeroporto SBJV,19.0,88.18,2.57040679481448,160.0,
2020-10-13 21:00:00,aeroporto,Aeroporto SBJV,18.0,100.0,1.54224407688869,170.0,
2020-10-13 22:00:00,aeroporto,Aeroporto SBJV,18.0,100.0,1.54224407688869,230.0,
2020-10-13 23:00:00,aeroporto,Aeroporto SBJV,18.0,100.0,1.54224407688869,110.0,
2020-10-14 00:00:00,aeroporto,Aeroporto SBJV,,,,,
2020-10-14 01:00:00,aeroporto,Aeroporto SBJV,,,,,
2020-10-14 02:00:00,aeroporto,Aeroporto SBJV,,,,,
2020-10-14 03:00:00,aeroporto,Aeroporto SBJV,,,,,
2020-10-14 04:00:00,aeroporto,Aeroporto SBJV,,,,,
2020-10-14 05:00:00,aeroporto,Aeroporto SBJV,,,,,
2020-10-14 06:00:00,aeroporto,Aeroporto SBJV,18.0,93.88,1.02816271792579,260.0,
2020-10-14 07:00:00,aeroporto,Aeroporto SBJV,,,,,
2020-10-14 08:00:00,aeroporto,Aeroporto SBJV,19.0,93.92,1.54224407688869,330.0,
2020-10-14 09:00:00,aeroporto,Aeroporto SBJV,20.0,88.26,1.02816271792579,320.0,
2020-10-14 10:00:00,aeroporto,Aeroporto SBJV,22.0,78.04,1.02816271792579,60.0,
2020-10-14 11:00:00,aeroporto,Aeroporto SBJV,,,,,
2020-10-14 12:00:00,aeroporto,Aeroporto SBJV,,,,,
2020-10-14 13:00:00,aeroporto,Aeroporto SBJV,24.0,73.61,3.08448815377738,100.0,
2020-10-14 14:00:00,aeroporto,Aeroporto SBJV,24.0,73.61,3.08448815377738,90.0,
2020-10-14 15:00:00,aeroporto,Aeroporto SBJV,23.0,73.44,2.57040679481448,60.0,
2020-10-14 16:00:00,aeroporto,Aeroporto SBJV,23.0,78.19,1.54224407688869,60.0,
2020-10-14 17:00:00,aeroporto,Aeroporto SBJV,22.0,83.09,2.05632543585159,90.0,
2020-10-14 18:00:00,aeroporto,Aeroporto SBJV,22.0,83.09,1.02816271792579,70.0,
2020-10-14 19:00:00,aeroporto,Aeroporto SBJV,21.0,88.34,3.08448815377738,120.0,
2020-10-14 20:00:00,aeroporto,Aeroporto SBJV,21.0,88.34,3.08448815377738,150.0,
2020-10-14 21:00:00,aeroporto,Aeroporto SBJV,20.0,88.26,2.57040679481448,160.0,
2020-10-14 22:00:00,aeroporto,Aeroporto SBJV,20.0,88.26,3.08448815377738,150.0,
2020-10-14 23:00:00,aeroporto,Aeroporto SBJV,20.0,88.26,1.54224407688869,160.0,
2020-10-15 00:00:00,aeroporto,Aeroporto SBJV,,,,,
2020-10-15 01:00:00,aeroporto,Aeroporto SBJV,,,,,
2020-10-15 02:00:00,aeroporto,Aeroporto SBJV,,,,,
2020-10-15 03:00:00,aeroporto,Aeroporto SBJV,,,,,
2020-10-15 04:00:00,aeroporto,Aeroporto SBJV,,,,,
2020-10-15 05:00:00,aeroporto,Aeroporto SBJV,,,,,
2020-10-15 06:00:00,aeroporto,Aeroporto SBJV,19.0,88.18,2.57040679481448,150.0,
2020-10-15 07:00:00,aeroporto,Aeroporto SBJV,,,,,
2020-10-15 08:00:00,aeroporto,Aeroporto SBJV,19.0,93.92,1.54224407688869,260.0,
2020-10-15 09:00:00,aeroporto,Aeroporto SBJV,19.0,93.92,1.54224407688869,320.0,
2020-10-15 10:00:00,aeroporto,Aeroporto SBJV,18.0,100.0,1.54224407688869,310.0,
2020-10-15 11:00:00,aeroporto,Aeroporto SBJV,19.0,93.92,1.54224407688869,140.0,
2020-10-15 12:00:00,aeroporto,Aeroporto SBJV,18.0,100.0,2.57040679481448,130.0,
2020-10-15 13:00:00,aeroporto,Aeroporto SBJV,19.0,93.92,0.514081358962897,180.0,
2020-10-15 14:00:00,aeroporto,Aeroporto SBJV,21.0,73.09,1.02816271792579,120.0,
2020-10-15 15:00:00,aeroporto,Aeroporto SBJV,22.0,78.04,2.57040679481448,300.0,
2020-10-15 16:00:00,aeroporto,Aeroporto SBJV,,,,,
2020-10-15 17:00:00,aeroporto,Aeroporto SBJV,,,,,
2020-10-15 18:00:00,aeroporto,Aeroporto SBJV,20.0,82.86,2.05632543585159,100.0,
2020-10-15 19:00:00,aeroporto,Aeroporto SBJV,19.0,88.18,1.02816271792579,190.0,
2020-10-15 20:00:00,aeroporto,Aeroporto SBJV,19.0,93.92,1.54224407688869,190.0,
2020-10-15 21:00:00,aeroporto,Aeroporto SBJV,,,,,
2020-10-15 22:00:00,aeroporto,Aeroporto SBJV,19.0,88.18,1.02816271792579,190.0,
2020-10-15 23:00:00,aeroporto,Aeroporto SBJV,18.0,93.88,0.514081358962897,330.0,
2020-10-16 00:00:00,aeroporto,Aeroporto SBJV,,,,,
2020-10-16 01:00:00,aeroporto,Aeroporto SBJV,,,,,
2020-10-16 02:00:00,aeroporto,Aeroporto SBJV,,,,,
2020-10-16 03:00:00,aeroporto,Aeroporto SBJV,,,,,
2020-10-16 04:00:00,aeroporto,Aeroporto SBJV,,,,,
2020-10-16 05:00:00,aeroporto,Aeroporto SBJV,,,,,
2020-10-16 06:00:00,aeroporto,Aeroporto SBJV,17.0,100.0,0.514081358962897,320.0,
2020-10-16 07:00:00,aeroporto,Aeroporto SBJV,18.0,93.88,0.0,0.0,
2020-10-16 08:00:00,aeroporto,Aeroporto SBJV,20.0,82.86,1.02816271792579,170.0,
2020-10-16 09:00:00,aeroporto,Aeroporto SBJV,,,,,
2020-10-16 10:00:00,aeroporto,Aeroporto SBJV,23.0,64.69,3.59856951274028,180.0,
2020-10-16 11:00:00,aeroporto,Aeroporto SBJV,,,,,
2020-10-16 12:00:00,aeroporto,Aeroporto SBJV,24.0,60.9,6.16897630755476,130.0,
2020-10-16 13:00:00,aeroporto,Aeroporto SBJV,24.0,60.9,6.68305766651766,130.0,
2020-10-16 14:00:00,aeroporto,Aeroporto SBJV,,,,,
2020-10-16 15:00:00,aeroporto,Aeroporto SBJV,24.0,57.12,7.19713902548055,130.0,
2020-10-16 16:00:00,aeroporto,Aeroporto SBJV,23.0,68.94,6.68305766651766,130.0,
2020-10-16 17:00:00,aeroporto,Aeroporto SBJV,23.0,64.69,5.65489494859186,110.0,
2020-10-16 18:00:00,aeroporto,Aeroporto SBJV,21.0,73.09,4.11265087170317,110.0,
2020-10-16 19:00:00,aeroporto,Aeroporto SBJV,20.0,77.75,4.11265087170317,120.0,
2020-10-16 20:00:00,aeroporto,Aeroporto SBJV,19.0,82.74,1.54224407688869,100.0,
2020-10-16 21:00:00,aeroporto,Aeroporto SBJV,17.0,93.83,1.02816271792579,160.0,
2020-10-16 22:00:00,aeroporto,Aeroporto SBJV,18.0,93.88,0.514081358962897,330.0,
2020-10-16 23:00:00,aeroporto,Aeroporto SBJV,17.0,100.0,1.54224407688869,300.0,
2020-10-17 00:00:00,aeroporto,Aeroporto SBJV,,,,,
2020-10-17 01:00:00,aeroporto,Aeroporto SBJV,,,,,
2020-10-17 02:00:00,aeroporto,Aeroporto SBJV,,,,,
2020-10-17 03:00:00,aeroporto,Aeroporto SBJV,,,,,
2020-10-17 04:00:00,aeroporto,Aeroporto SBJV,,,,,
2020-10-17 05:00:00,aeroporto,Aeroporto SBJV,,,,,
2020-10-17 06:00:00,aeroporto,Aeroporto SBJV,13.0,100.0,1.02816271792579,290.0,
2020-10-17 07:00:00,aeroporto,Aeroporto SBJV,,,,,
2020-10-17 08:00:00,aeroporto,Aeroporto SBJV,19.0,88.18,1.02816271792579,20.0,
2020-10-17 09:00:00,aeroporto,Aeroporto SBJV,,,,,
2020-10-17 10:00:00,aeroporto,Aeroporto SBJV,21.0,68.55,2.05632543585159,60.0,
2020-10-17 11:00:00,aeroporto,Aeroporto SBJV,23.0,56.88,3.08448815377738,100.0,
2020-10-17 12:00:00,aeroporto,Aeroporto SBJV,,,,,
2020-10-17 13:00:00,aeroporto,Aeroporto SBJV,23.0,64.69,3.08448815377738,110.0,
2020-10-17 14:00:00,aeroporto,Aeroporto SBJV,23.0,64.69,4.62673223066607,120.0,
2020-10-17 15:00:00,aeroporto,Aeroporto SBJV,23.0,60.67,4.11265087170317,120.0,
2020-10-17 16:00:00,aeroporto,Aeroporto SBJV,,,,,
2020-10-17 17:00:00,aeroporto,Aeroporto SBJV,22.0,68.75,5.65489494859186,130.0,
2020-10-17 18:00:00,aeroporto,Aeroporto SBJV,21.0,73.09,4.62673223066607,110.0,
2020-10-17 19:00:00,aeroporto,Aeroporto SBJV,20.0,82.86,3.59856951274028,100.0,
2020-10-17 20:00:00,aeroporto,Aeroporto SBJV,19.0,88.18,1.02816271792579,350.0,
2020-10-17 21:00:00,aeroporto,Aeroporto SBJV,18.0,93.88,0.0,0.0,
2020-10-17 22:00:00,aeroporto,Aeroporto SBJV,,,,,
2020-10-17 23:00:00,aeroporto,Aeroporto SBJV,18.0,93.88,1.02816271792579,270.0,
2020-10-18 00:00:00,aeroporto,Aeroporto SBJV,,,,,
2020-10-18 01:00:00,aeroporto,Aeroporto SBJV,,,,,
2020-10-18 02:00:00,aeroporto,Aeroporto SBJV,,,,,
2020-10-18 03:00:00,aeroporto,Aeroporto SBJV,,,,,
2020-10-18 04:00:00,aeroporto,Aeroporto SBJV,,,,,
2020-10-18 05:00:00,aeroporto,Aeroporto SBJV,,,,,
2020-10-18 06:00:00,aeroporto,Aeroporto SBJV,16.0,100.0,1.02816271792579,320.0,
2020-10-18 07:00:00,aeroporto,Aeroporto SBJV,18.0,93.88,0.0,0.0,
2020-10-18 08:00:00,aeroporto,Aeroporto SBJV,21.0,82.98,1.02816271792579,160.0,
2020-10-18 09:00:00,aeroporto,Aeroporto SBJV,,,,,
2020-10-18 10:00:00,aeroporto,Aeroporto SBJV,23.0,73.44,2.05632543585159,130.0,
2020-10-18 11:00:00,aeroporto,Aeroporto SBJV,24.0,64.91,3.08448815377738,140.0,
2020-10-18 12:00:00,aeroporto,Aeroporto SBJV,24.0,64.91,5.65489494859186,100.0,
2020-10-18 13:00:00,aeroporto,Aeroporto SBJV,25.0,61.13,5.14081358962897,50.0,
2020-10-18 14:00:00,aeroporto,Aeroporto SBJV,24.0,64.91,4.62673223066607,60.0,
2020-10-18 15:00:00,aeroporto,Aeroporto SBJV,,,,,
2020-10-18 16:00:00,aeroporto,Aeroporto SBJV,24.0,69.14,5.14081358962897,50.0,
2020-10-18 17:00:00,aeroporto,Aeroporto SBJV,23.0,68.94,5.14081358962897,70.0,
2020-10-18 18:00:00,aeroporto,Aeroporto SBJV,,,,,
2020-10-18 19:00:00,aeroporto,Aeroporto SBJV,22.0,78.04,1.54224407688869,40.0,
2020-10-18 20:00:00,aeroporto,Aeroporto SBJV,22.0,78.04,1.02816271792579,230.0,
2020-10-18 21:00:00,aeroporto,Aeroporto SBJV,21.0,88.34,0.0,0.0,
2020-10-18 22:00:00,aeroporto,Aeroporto SBJV,,,,,
2020-10-18 23:00:00,aeroporto,Aeroporto SBJV,22.0,83.09,2.57040679481448,20.0,
2020-10-19 00:00:00,aeroporto,Aeroporto SBJV,,,,,
2020-10-19 01:00:00,aeroporto,Aeroporto SBJV,,,,,
2020-10-19 02:00:00,aeroporto,Aeroporto SBJV,,,,,
2020-10-19 03:00:00,aeroporto,Aeroporto SBJV,,,,,
2020-10-19 04:00:00,aeroporto,Aeroporto SBJV,,,,,
2020-10-19 05:00:00,aeroporto,Aeroporto SBJV,,,,,
2020-10-19 06:00:00,aeroporto,Aeroporto SBJV,20.0,93.97,1.54224407688869,320.0,
2020-10-19 07:00:00,aeroporto,Aeroporto SBJV,,,,,
2020-10-19 08:00:00,aeroporto,Aeroporto SBJV,22.0,88.43,0.0,0.0,
2020-10-19 09:00:00,aeroporto,Aeroporto SBJV,23.0,83.21,2.05632543585159,70.0,
2020-10-19 10:00:00,aeroporto,Aeroporto SBJV,,,,,
2020-10-19 11:00:00,aeroporto,Aeroporto SBJV,25.0,78.48,2.57040679481448,10.0,
2020-10-19 12:00:00,aeroporto,Aeroporto SBJV,,,,,
2020-10-19 13:00:00,aeroporto,Aeroporto SBJV,24.0,83.32,2.05632543585159,60.0,
2020-10-19 14:00:00,aeroporto,Aeroporto SBJV,24.0,78.34,2.05632543585159,50.0,
2020-10-19 15:00:00,aeroporto,Aeroporto SBJV,24.0,83.32,2.05632543585159,20.0,
2020-10-19 16:00:00,aeroporto,Aeroporto SBJV,24.0,83.32,1.54224407688869,40.0,
2020-10-19 17:00:00,aeroporto,Aeroporto SBJV,24.0,83.32,1.54224407688869,50.0,
2020-10-19 18:00:00,aeroporto,Aeroporto SBJV,23.0,83.21,2.05632543585159,70.0,
2020-10-19 19:00:00,aeroporto,Aeroporto SBJV,22.0,88.43,2.05632543585159,90.0,
2020-10-19 20:00:00,aeroporto,Aeroporto SBJV,23.0,83.21,2.05632543585159,70.0,
2020-10-19 21:00:00,aeroporto,Aeroporto SBJV,23.0,83.21,1.02816271792579,360.0,
2020-10-19 22:00:00,aeroporto,Aeroporto SBJV,23.0,83.21,1.54224407688869,10.0,
2020-10-19 23:00:00,aeroporto,Aeroporto SBJV,23.0,83.21,2.05632543585159,340.0,
2020-10-20 00:00:00,aeroporto,Aeroporto SBJV,,,,,
2020-10-20 01:00:00,aeroporto,Aeroporto SBJV,,,,,
2020-10-20 02:00:00,aeroporto,Aeroporto SBJV,,,,,
2020-10-20 03:00:00,aeroporto,Aeroporto SBJV,,,,,
2020-10-20 04:00:00,aeroporto,Aeroporto SBJV,,,,,
2020-10-20 05:00:00,aeroporto,Aeroporto SBJV,,,,,
2020-10-20 06:00:00,aeroporto,Aeroporto SBJV,21.0,100.0,0.0,0.0,
2020-10-20 07:00:00,aeroporto,Aeroporto SBJV,,,,,
2020-10-20 08:00:00,aeroporto,Aeroporto SBJV,22.0,94.06,1.54224407688869,250.0,
2020-10-20 09:00:00,aeroporto,Aeroporto SBJV,24.0,83.32,2.05632543585159,170.0,
2020-10-20 10:00:00,aeroporto,Aeroporto SBJV,,,,,
2020-10-20 11:00:00,aeroporto,Aeroporto SBJV,26.0,78.62,3.59856951274028,100.0,
2020-10-20 12:00:00,aeroporto,Aeroporto SBJV,,,,,
2020-10-20 13:00:00,aeroporto,Aeroporto SBJV,28.0,69.9,3.08448815377738,140.0,
2020-10-20 14:00:00,aeroporto,Aeroporto SBJV,27.0,74.11,4.11265087170317,130.0,
2020-10-20 15:00:00,aeroporto,Aeroporto SBJV,,,,,
2020-10-20 16:00:00,aeroporto,Aeroporto SBJV,27.0,69.71,3.08448815377738,20.0,
2020-10-20 17:00:00,aeroporto,Aeroporto SBJV,27.0,69.71,3.08448815377738,360.0,
2020-10-20 18:00:00,aeroporto,Aeroporto SBJV,25.0,78.48,2.05632543585159,30.0,
2020-10-20 19:00:00,aeroporto,Aeroporto SBJV,,,,,
2020-10-20 20:00:00,aeroporto,Aeroporto SBJV,,,,,
2020-10-20 21:00:00,aeroporto,Aeroporto SBJV,,,,,
2020-10-20 22:00:00,aeroporto,Aeroporto SBJV,20.0,93.97,1.54224407688869,290.0,
2020-10-20 23:00:00,aeroporto,Aeroporto SBJV,19.0,100.0,1.02816271792579,200.0,
2020-10-21 00:00:00,aeroporto,Aeroporto SBJV,,,,,
2020-10-21 01:00:00,aeroporto,Aeroporto SBJV,,,,,
2020-10-21 02:00:00,aeroporto,Aeroporto SBJV,,,,,
2020-10-21 03:00:00,aeroporto,Aeroporto SBJV,,,,,
2020-10-21 04:00:00,aeroporto,Aeroporto SBJV,,,,,
2020-10-21 05:00:00,aeroporto,Aeroporto SBJV,,,,,
2020-10-21 06:00:00,aeroporto,Aeroporto SBJV,21.0,100.0,0.0,0.0,
2020-10-21 07:00:00,aeroporto,Aeroporto SBJV,21.0,100.0,1.02816271792579,180.0,
2020-10-21 08:00:00,aeroporto,Aeroporto SBJV,23.0,83.21,2.57040679481448,170.0,
2020-10-21 09:00:00,aeroporto,Aeroporto SBJV,24.0,83.32,2.57040679481448,150.0,
2020-10-21 10:00:00,aeroporto,Aeroporto SBJV,26.0,73.95,2.57040679481448,160.0,
2020-10-21 11:00:00,aeroporto,Aeroporto SBJV,25.0,78.48,6.68305766651766,120.0,
2020-10-21 12:00:00,aeroporto,Aeroporto SBJV,26.0,73.95,6.68305766651766,120.0,
2020-10-21 13:00:00,aeroporto,Aeroporto SBJV,26.0,69.52,6.16897630755476,120.0,
2020-10-21 14:00:00,aeroporto,Aeroporto SBJV,26.0,69.52,6.16897630755476,130.0,
2020-10-21 15:00:00,aeroporto,Aeroporto SBJV,26.0,69.52,4.62673223066607,120.0,
2020-10-21 16:00:00,aeroporto,Aeroporto SBJV,,,,,
2020-10-21 17:00:00,aeroporto,Aeroporto SBJV,24.0,78.34,5.14081358962897,110.0,
2020-10-21 18:00:00,aeroporto,Aeroporto SBJV,23.0,83.21,4.11265087170317,140.0,
2020-10-21 19:00:00,aeroporto,Aeroporto SBJV,23.0,88.51,3.08448815377738,140.0,
2020-10-21 20:00:00,aeroporto,Aeroporto SBJV,22.0,94.06,3.08448815377738,130.0,
2020-10-21 21:00:00,aeroporto,Aeroporto SBJV,,,,,
2020-10-21 22:00:00,aeroporto,Aeroporto SBJV,22.0,94.06,2.05632543585159,180.0,
2020-10-21 23:00:00,aeroporto,Aeroporto SBJV,22.0,88.43,2.05632543585159,170.0,
2020-10-22 00:00:00,aeroporto,Aeroporto SBJV,,,,,
2020-10-22 01:00:00,aeroporto,Aeroporto SBJV,,,,,
2020-10-22 02:00:00,aeroporto,Aeroporto SBJV,,,,,
2020-10-22 03:00:00,aeroporto,Aeroporto SBJV,,,,,
2020-10-22 04:00:00,aeroporto,Aeroporto SBJV,,,,,
2020-10-22 05:00:00,aeroporto,Aeroporto SBJV,,,,,
2020-10-22 06:00:00,aeroporto,Aeroporto SBJV,19.0,100.0,1.02816271792579,120.0,
2020-10-22 07:00:00,aeroporto,Aeroporto SBJV,21.0,100.0,2.05632543585159,60.0,
2020-10-22 08:00:00,aeroporto,Aeroporto SBJV,23.0,94.1,2.05632543585159,90.0,
2020-10-22 09:00:00,aeroporto,Aeroporto SBJV,,,,,
2020-10-22 10:00:00,aeroporto,Aeroporto SBJV,24.0,88.59,2.05632543585159,120.0,
2020-10-22 11:00:00,aeroporto,Aeroporto SBJV,,,,,
2020-10-22 12:00:00,aeroporto,Aeroporto SBJV,26.0,69.52,5.14081358962897,60.0,
2020-10-22 13:00:00,aeroporto,Aeroporto SBJV,26.0,69.52,6.16897630755476,60.0,
2020-10-22 14:00:00,aeroporto,Aeroporto SBJV,,,,,
2020-10-22 15:00:00,aeroporto,Aeroporto SBJV,27.0,65.54,6.16897630755476,50.0,
2020-10-22 16:00:00,aeroporto,Aeroporto SBJV,26.0,69.52,4.62673223066607,60.0,
2020-10-22 17:00:00,aeroporto,Aeroporto SBJV,24.0,73.61,4.62673223066607,70.0,
2020-10-22 18:00:00,aeroporto,Aeroporto SBJV,23.0,83.21,5.14081358962897,80.0,
2020-10-22 19:00:00,aeroporto,Aeroporto SBJV,22.0,88.43,3.08448815377738,90.0,
2020-10-22 20:00:00,aeroporto,Aeroporto SBJV,21.0,94.01,3.08448815377738,80.0,
2020-10-22 21:00:00,aeroporto,Aeroporto SBJV,22.0,83.09,4.11265087170317,90.0,
2020-10-22 22:00:00,aeroporto,Aeroporto SBJV,22.0,88.43,3.59856951274028,80.0,
2020-10-22 23:00:00,aeroporto,Aeroporto SBJV,22.0,83.09,5.14081358962897,80.0,
2020-10-23 00:00:00,aeroporto,Aeroporto SBJV,,,,,
2020-10-23 01:00:00,aeroporto,Aeroporto SBJV,,,,,
2020-10-23 02:00:00,aeroporto,Aeroporto SBJV,,,,,
2020-10-23 03:00:00,aeroporto,Aeroporto SBJV,,,,,
2020-10-23 04:00:00,aeroporto,Aeroporto SBJV,,,,,
2020-10-23 05:00:00,aeroporto,Aeroporto SBJV,,,,,
2020-10-23 06:00:00,aeroporto,Aeroporto SBJV,21.0,94.01,1.02816271792579,50.0,
2020-10-23 07:00:00,aeroporto,Aeroporto SBJV,22.0,83.09,1.02816271792579,60.0,
2020-10-23 08:00:00,aeroporto,Aeroporto SBJV,22.0,88.43,2.05632543585159,330.0,
2020-10-23 09:00:00,aeroporto,Aeroporto SBJV,,,,,
2020-10-23 10:00:00,aeroporto,Aeroporto SBJV,23.0,83.21,2.05632543585159,320.0,
2020-10-23 11:00:00,aeroporto,Aeroporto SBJV,23.0,83.21,3.08448815377738,20.0,
2020-10-23 12:00:00,aeroporto,Aeroporto SBJV,23.0,83.21,4.11265087170317,40.0,
2020-10-23 13:00:00,aeroporto,Aeroporto SBJV,23.0,83.21,3.08448815377738,340.0,
2020-10-23 14:00:00,aeroporto,Aeroporto SBJV,26.0,69.52,4.11265087170317,70.0,
2020-10-23 15:00:00,aeroporto,Aeroporto SBJV,24.0,78.34,3.08448815377738,70.0,
2020-10-23 16:00:00,aeroporto,Aeroporto SBJV,,,,,
2020-10-23 17:00:00,aeroporto,Aeroporto SBJV,23.0,78.19,3.08448815377738,80.0,
2020-10-23 18:00:00,aeroporto,Aeroporto SBJV,23.0,78.19,2.57040679481448,90.0,
2020-10-23 19:00:00,aeroporto,Aeroporto SBJV,23.0,78.19,1.54224407688869,70.0,
2020-10-23 20:00:00,aeroporto,Aeroporto SBJV,21.0,88.34,1.02816271792579,140.0,
2020-10-23 21:00:00,aeroporto,Aeroporto SBJV,22.0,83.09,2.05632543585159,20.0,
2020-10-23 22:00:00,aeroporto,Aeroporto SBJV,22.0,83.09,2.05632543585159,20.0,
2020-10-23 23:00:00,aeroporto,Aeroporto SBJV,22.0,83.09,3.08448815377738,30.0,
2020-10-24 00:00:00,aeroporto,Aeroporto SBJV,,,,,
2020-10-24 01:00:00,aeroporto,Aeroporto SBJV,,,,,
2020-10-24 02:00:00,aeroporto,Aeroporto SBJV,,,,,
2020-10-24 03:00:00,aeroporto,Aeroporto SBJV,,,,,
2020-10-24 04:00:00,aeroporto,Aeroporto SBJV,,,,,
2020-10-24 05:00:00,aeroporto,Aeroporto SBJV,,,,,
2020-10-24 06:00:00,aeroporto,Aeroporto SBJV,19.0,100.0,0.514081358962897,310.0,
2020-10-24 07:00:00,aeroporto,Aeroporto SBJV,,,,,
2020-10-24 08:00:00,aeroporto,Aeroporto SBJV,21.0,94.01,1.02816271792579,180.0,
2020-10-24 09:00:00,aeroporto,Aeroporto SBJV,21.0,94.01,0.0,0.0,
2020-10-24 10:00:00,aeroporto,Aeroporto SBJV,22.0,88.43,0.514081358962897,250.0,
2020-10-24 11:00:00,aeroporto,Aeroporto SBJV,24.0,78.34,1.54224407688869,100.0,
2020-10-24 12:00:00,aeroporto,Aeroporto SBJV,,,,,
2020-10-24 13:00:00,aeroporto,Aeroporto SBJV,25.0,78.48,4.11265087170317,130.0,
2020-10-24 14:00:00,aeroporto,Aeroporto SBJV,25.0,78.48,4.11265087170317,130.0,
2020-10-24 15:00:00,aeroporto,Aeroporto SBJV,25.0,78.48,2.57040679481448,80.0,
2020-10-24 16:00:00,aeroporto,Aeroporto SBJV,25.0,73.78,2.05632543585159,120.0,
2020-10-24 17:00:00,aeroporto,Aeroporto SBJV,25.0,73.78,2.05632543585159,80.0,
2020-10-24 18:00:00,aeroporto,Aeroporto SBJV,24.0,78.34,1.54224407688869,10.0,
2020-10-24 19:00:00,aeroporto,Aeroporto SBJV,23.0,83.21,0.514081358962897,10.0,
2020-10-24 20:00:00,aeroporto,Aeroporto SBJV,22.0,94.06,0.0,0.0,
2020-10-24 21:00:00,aeroporto,Aeroporto SBJV,22.0,94.06,0.514081358962897,220.0,
2020-10-24 22:00:00,aeroporto,Aeroporto SBJV,22.0,94.06,2.05632543585159,180.0,
2020-10-24 23:00:00,aeroporto,Aeroporto SBJV,22.0,94.06,0.0,0.0,
2020-10-25 00:00:00,aeroporto,Aeroporto SBJV,,,,,
2020-10-25 01:00:00,aeroporto,Aeroporto SBJV,,,,,
2020-10-25 02:00:00,aeroporto,Aeroporto SBJV,,,,,
2020-10-25 03:00:00,aeroporto,Aeroporto SBJV,,,,,
2020-10-25 04:00:00,aeroporto,Aeroporto SBJV,,,,,
2020-10-25 05:00:00,aeroporto,Aeroporto SBJV,,,,,
2020-10-25 06:00:00,aeroporto,Aeroporto SBJV,21.0,100.0,1.02816271792579,30.0,
2020-10-25 07:00:00,aeroporto,Aeroporto SBJV,,,,,
2020-10-25 08:00:00,aeroporto,Aeroporto SBJV,23.0,83.21,2.05632543585159,170.0,
2020-10-25 09:00:00,aeroporto,Aeroporto SBJV,24.0,78.34,2.05632543585159,170.0,
2020-10-25 10:00:00,aeroporto,Aeroporto SBJV,25.0,78.48,0.0,0.0,
2020-10-25 11:00:00,aeroporto,Aeroporto SBJV,25.0,78.48,3.08448815377738,150.0,
2020-10-25 12:00:00,aeroporto,Aeroporto SBJV,,,,,
2020-10-25 13:00:00,aeroporto,Aeroporto SBJV,26.0,73.95,5.14081358962897,60.0,
2020-10-25 14:00:00,aeroporto,Aeroporto SBJV,26.0,73.95,4.11265087170317,100.0,
2020-10-25 15:00:00,aeroporto,Aeroporto SBJV,26.0,69.52,3.08448815377738,50.0,
2020-10-25 16:00:00,aeroporto,Aeroporto SBJV,26.0,65.33,3.59856951274028,40.0,
2020-10-25 17:00:00,aeroporto,Aeroporto SBJV,25.0,65.12,3.08448815377738,40.0,
2020-10-25 18:00:00,aeroporto,Aeroporto SBJV,24.0,73.61,2.57040679481448,20.0,
2020-10-25 19:00:00,aeroporto,Aeroporto SBJV,23.0,78.19,2.05632543585159,40.0,
2020-10-25 20:00:00,aeroporto,Aeroporto SBJV,21.0,88.34,0.0,0.0,
2020-10-25 21:00:00,aeroporto,Aeroporto SBJV,21.0,94.01,0.514081358962897,240.0,
2020-10-25 22:00:00,aeroporto,Aeroporto SBJV,21.0,94.01,0.0,0.0,
2020-10-25 23:00:00,aeroporto,Aeroporto SBJV,21.0,94.01,1.02816271792579,10.0,
2020-10-26 00:00:00,aeroporto,Aeroporto SBJV,,,,,
2020-10-26 01:00:00,aeroporto,Aeroporto SBJV,,,,,
2020-10-26 02:00:00,aeroporto,Aeroporto SBJV,,,,,
2020-10-26 03:00:00,aeroporto,Aeroporto SBJV,,,,,
2020-10-26 04:00:00,aeroporto,Aeroporto SBJV,,,,,
2020-10-26 05:00:00,aeroporto,Aeroporto SBJV,,,,,
2020-10-26 06:00:00,aeroporto,Aeroporto SBJV,18.0,100.0,1.02816271792579,310.0,
2020-10-26 07:00:00,aeroporto,Aeroporto SBJV,20.0,100.0,1.02816271792579,310.0,
2020-10-26 08:00:00,aeroporto,Aeroporto SBJV,22.0,94.06,1.02816271792579,190.0,
2020-10-26 09:00:00,aeroporto,Aeroporto SBJV,24.0,83.32,0.0,0.0,
2020-10-26 10:00:00,aeroporto,Aeroporto SBJV,25.0,73.78,2.05632543585159,40.0,
2020-10-26 11:00:00,aeroporto,Aeroporto SBJV,25.0,73.78,2.05632543585159,60.0,
2020-10-26 12:00:00,aeroporto,Aeroporto SBJV,27.0,65.54,3.59856951274028,70.0,
2020-10-26 13:00:00,aeroporto,Aeroporto SBJV,28.0,61.81,3.59856951274028,60.0,
2020-10-26 14:00:00,aeroporto,Aeroporto SBJV,27.0,65.54,4.11265087170317,70.0,
2020-10-26 15:00:00,aeroporto,Aeroporto SBJV,26.0,69.52,4.62673223066607,50.0,
2020-10-26 16:00:00,aeroporto,Aeroporto SBJV,25.0,73.78,3.08448815377738,30.0,
2020-10-26 17:00:00,aeroporto,Aeroporto SBJV,25.0,73.78,4.62673223066607,30.0,
2020-10-26 18:00:00,aeroporto,Aeroporto SBJV,,,,,
2020-10-26 19:00:00,aeroporto,Aeroporto SBJV,24.0,78.34,4.11265087170317,40.0,
2020-10-26 20:00:00,aeroporto,Aeroporto SBJV,23.0,83.21,4.11265087170317,20.0,
2020-10-26 21:00:00,aeroporto,Aeroporto SBJV,24.0,78.34,4.62673223066607,30.0,
2020-10-26 22:00:00,aeroporto,Aeroporto SBJV,23.0,83.21,2.57040679481448,20.0,
2020-10-26 23:00:00,aeroporto,Aeroporto SBJV,23.0,88.51,3.59856951274028,20.0,
2020-10-27 00:00:00,aeroporto,Aeroporto SBJV,,,,,
2020-10-27 01:00:00,aeroporto,Aeroporto SBJV,,,,,
2020-10-27 02:00:00,aeroporto,Aeroporto SBJV,,,,,
2020-10-27 03:00:00,aeroporto,Aeroporto SBJV,,,,,
2020-10-27 04:00:00,aeroporto,Aeroporto SBJV,,,,,
2020-10-27 05:00:00,aeroporto,Aeroporto SBJV,,,,,
2020-10-27 06:00:00,aeroporto,Aeroporto SBJV,20.0,100.0,1.54224407688869,260.0,
2020-10-27 07:00:00,aeroporto,Aeroporto SBJV,22.0,88.43,1.02816271792579,290.0,
2020-10-27 08:00:00,aeroporto,Aeroporto SBJV,22.0,94.06,0.514081358962897,290.0,
2020-10-27 09:00:00,aeroporto,Aeroporto SBJV,24.0,83.32,1.54224407688869,160.0,
2020-10-27 10:00:00,aeroporto,Aeroporto SBJV,25.0,83.44,2.05632543585159,140.0,
2020-10-27 11:00:00,aeroporto,Aeroporto SBJV,28.0,61.81,3.59856951274028,120.0,
2020-10-27 12:00:00,aeroporto,Aeroporto SBJV,29.0,58.32,4.11265087170317,120.0,
2020-10-27 13:00:00,aeroporto,Aeroporto SBJV,30.0,55.04,3.08448815377738,120.0,
2020-10-27 14:00:00,aeroporto,Aeroporto SBJV,30.0,58.55,6.16897630755476,110.0,
2020-10-27 15:00:00,aeroporto,Aeroporto SBJV,,,,,
2020-10-27 16:00:00,aeroporto,Aeroporto SBJV,28.0,69.9,4.11265087170317,120.0,
2020-10-27 17:00:00,aeroporto,Aeroporto SBJV,29.0,62.03,2.05632543585159,80.0,
2020-10-27 18:00:00,aeroporto,Aeroporto SBJV,,,,,
2020-10-27 19:00:00,aeroporto,Aeroporto SBJV,,,,,
2020-10-27 20:00:00,aeroporto,Aeroporto SBJV,,,,,
2020-10-27 21:00:00,aeroporto,Aeroporto SBJV,22.0,88.43,1.54224407688869,220.0,
2020-10-27 22:00:00,aeroporto,Aeroporto SBJV,21.0,94.01,1.02816271792579,270.0,
2020-10-27 23:00:00,aeroporto,Aeroporto SBJV,21.0,100.0,1.54224407688869,200.0,
2020-10-28 00:00:00,aeroporto,Aeroporto SBJV,,,,,
2020-10-28 01:00:00,aeroporto,Aeroporto SBJV,,,,,
2020-10-28 02:00:00,aeroporto,Aeroporto SBJV,,,,,
2020-10-28 03:00:00,aeroporto,Aeroporto SBJV,,,,,
2020-10-28 04:00:00,aeroporto,Aeroporto SBJV,,,,,
2020-10-28 05:00:00,aeroporto,Aeroporto SBJV,,,,,
2020-10-28 06:00:00,aeroporto,Aeroporto SBJV,18.0,93.88,1.02816271792579,340.0,
2020-10-28 07:00:00,aeroporto,Aeroporto SBJV,,,,,
2020-10-28 08:00:00,aeroporto,Aeroporto SBJV,25.0,57.36,0.0,0.0,
2020-10-28 09:00:00,aeroporto,Aeroporto SBJV,28.0,45.07,1.54224407688869,300.0,
2020-10-28 10:00:00,aeroporto,Aeroporto SBJV,30.0,37.62,2.57040679481448,280.0,
2020-10-28 11:00:00,aeroporto,Aeroporto SBJV,30.0,40.14,3.59856951274028,130.0,
2020-10-28 12:00:00,aeroporto,Aeroporto SBJV,31.0,33.29,3.59856951274028,110.0,
2020-10-28 13:00:00,aeroporto,Aeroporto SBJV,33.0,31.72,3.08448815377738,90.0,
2020-10-28 14:00:00,aeroporto,Aeroporto SBJV,34.0,26.31,4.11265087170317,90.0,
2020-10-28 15:00:00,aeroporto,Aeroporto SBJV,31.0,45.88,8.22530174340635,130.0,
2020-10-28 16:00:00,aeroporto,Aeroporto SBJV,31.0,43.07,6.16897630755476,120.0,
2020-10-28 17:00:00,aeroporto,Aeroporto SBJV,31.0,40.41,3.08448815377738,130.0,
2020-10-28 18:00:00,aeroporto,Aeroporto SBJV,29.0,48.32,3.59856951274028,140.0,
2020-10-28 19:00:00,aeroporto,Aeroporto SBJV,24.0,69.14,5.65489494859186,140.0,
2020-10-28 20:00:00,aeroporto,Aeroporto SBJV,22.0,78.04,2.57040679481448,150.0,
2020-10-28 21:00:00,aeroporto,Aeroporto SBJV,21.0,82.98,1.02816271792579,180.0,
2020-10-28 22:00:00,aeroporto,Aeroporto SBJV,20.0,88.26,0.0,0.0,
2020-10-28 23:00:00,aeroporto,Aeroporto SBJV,22.0,83.09,1.54224407688869,90.0,
2020-10-29 00:00:00,aeroporto,Aeroporto SBJV,,,,,
2020-10-29 01:00:00,aeroporto,Aeroporto SBJV,,,,,
2020-10-29 02:00:00,aeroporto,Aeroporto SBJV,,,,,
2020-10-29 03:00:00,aeroporto,Aeroporto SBJV,,,,,
2020-10-29 04:00:00,aeroporto,Aeroporto SBJV,,,,,
2020-10-29 05:00:00,aeroporto,Aeroporto SBJV,,,,,
2020-10-29 06:00:00,aeroporto,Aeroporto SBJV,21.0,82.98,1.54224407688869,360.0,
2020-10-29 07:00:00,aeroporto,Aeroporto SBJV,22.0,78.04,1.54224407688869,290.0,
2020-10-29 08:00:00,aeroporto,Aeroporto SBJV,24.0,73.61,0.514081358962897,270.0,
2020-10-29 09:00:00,aeroporto,Aeroporto SBJV,,,,,
2020-10-29 10:00:00,aeroporto,Aeroporto SBJV,24.0,78.34,1.54224407688869,200.0,
2020-10-29 11:00:00,aeroporto,Aeroporto SBJV,25.0,69.33,1.02816271792579,200.0,
2020-10-29 12:00:00,aeroporto,Aeroporto SBJV,26.0,69.52,4.11265087170317,130.0,
2020-10-29 13:00:00,aeroporto,Aeroporto SBJV,,,,,
2020-10-29 14:00:00,aeroporto,Aeroporto SBJV,25.0,73.78,6.16897630755476,130.0,
2020-10-29 15:00:00,aeroporto,Aeroporto SBJV,25.0,73.78,5.65489494859186,120.0,
2020-10-29 16:00:00,aeroporto,Aeroporto SBJV,25.0,73.78,4.11265087170317,130.0,
2020-10-29 17:00:00,aeroporto,Aeroporto SBJV,,,,,
2020-10-29 18:00:00,aeroporto,Aeroporto SBJV,24.0,73.61,1.54224407688869,120.0,
2020-10-29 19:00:00,aeroporto,Aeroporto SBJV,,,,,
2020-10-29 20:00:00,aeroporto,Aeroporto SBJV,22.0,88.43,3.59856951274028,130.0,
2020-10-29 21:00:00,aeroporto,Aeroporto SBJV,21.0,94.01,5.65489494859186,160.0,
2020-10-29 22:00:00,aeroporto,Aeroporto SBJV,20.0,93.97,6.16897630755476,150.0,
2020-10-29 23:00:00,aeroporto,Aeroporto SBJV,19.0,100.0,4.62673223066607,150.0,
2020-10-30 00:00:00,aeroporto,Aeroporto SBJV,,,,,
2020-10-30 01:00:00,aeroporto,Aeroporto SBJV,,,,,
2020-10-30 02:00:00,aeroporto,Aeroporto SBJV,,,,,
2020-10-30 03:00:00,aeroporto,Aeroporto SBJV,,,,,
2020-10-30 04:00:00,aeroporto,Aeroporto SBJV,,,,,
2020-10-30 05:00:00,aeroporto,Aeroporto SBJV,,,,,
2020-10-30 06:00:00,aeroporto,Aeroporto SBJV,16.0,93.79,4.11265087170317,160.0,
2020-10-30 07:00:00,aeroporto,Aeroporto SBJV,15.0,93.74,2.57040679481448,180.0,
2020-10-30 08:00:00,aeroporto,Aeroporto SBJV,,,,,
2020-10-30 09:00:00,aeroporto,Aeroporto SBJV,15.0,93.74,1.54224407688869,230.0,
2020-10-30 10:00:00,aeroporto,Aeroporto SBJV,15.0,93.74,2.05632543585159,280.0,
2020-10-30 11:00:00,aeroporto,Aeroporto SBJV,16.0,87.92,2.57040679481448,310.0,
2020-10-30 12:00:00,aeroporto,Aeroporto SBJV,,,,,
2020-10-30 13:00:00,aeroporto,Aeroporto SBJV,16.0,93.79,2.57040679481448,320.0,
2020-10-30 14:00:00,aeroporto,Aeroporto SBJV,17.0,88.0,3.08448815377738,320.0,
2020-10-30 15:00:00,aeroporto,Aeroporto SBJV,18.0,82.62,3.08448815377738,330.0,
2020-10-30 16:00:00,aeroporto,Aeroporto SBJV,19.0,77.6,1.54224407688869,350.0,
2020-10-30 17:00:00,aeroporto,Aeroporto SBJV,20.0,68.35,4.62673223066607,150.0,
2020-10-30 18:00:00,aeroporto,Aeroporto SBJV,20.0,68.35,3.59856951274028,150.0,
2020-10-30 19:00:00,aeroporto,Aeroporto SBJV,19.0,72.74,3.08448815377738,150.0,
2020-10-30 20:00:00,aeroporto,Aeroporto SBJV,19.0,72.74,2.05632543585159,180.0,
2020-10-30 21:00:00,aeroporto,Aeroporto SBJV,18.0,77.45,2.05632543585159,190.0,
2020-10-30 22:00:00,aeroporto,Aeroporto SBJV,18.0,82.62,1.54224407688869,200.0,
2020-10-30 23:00:00,aeroporto,Aeroporto SBJV,18.0,77.45,2.05632543585159,230.0,
2020-10-31 00:00:00,aeroporto,Aeroporto SBJV,,,,,
2020-10-31 01:00:00,aeroporto,Aeroporto SBJV,,,,,
2020-10-31 02:00:00,aeroporto,Aeroporto SBJV,,,,,
2020-10-31 03:00:00,aeroporto,Aeroporto SBJV,,,,,
2020-10-31 04:00:00,aeroporto,Aeroporto SBJV,,,,,
2020-10-31 05:00:00,aeroporto,Aeroporto SBJV,,,,,
2020-10-31 06:00:00,aeroporto,Aeroporto SBJV,16.0,100.0,1.02816271792579,290.0,
2020-10-31 07:00:00,aeroporto,Aeroporto SBJV,,,,,
2020-10-31 08:00:00,aeroporto,Aeroporto SBJV,19.0,77.6,1.02816271792579,220.0,
2020-10-31 09:00:00,aeroporto,Aeroporto SBJV,20.0,72.92,1.02816271792579,240.0,
2020-10-31 10:00:00,aeroporto,Aeroporto SBJV,21.0,68.55,3.59856951274028,120.0,
2020-10-31 11:00:00,aeroporto,Aeroporto SBJV,22.0,64.48,5.14081358962897,130.0,
2020-10-31 12:00:00,aeroporto,Aeroporto SBJV,,,,,
2020-10-31 13:00:00,aeroporto,Aeroporto SBJV,22.0,64.48,4.62673223066607,130.0,
2020-10-31 14:00:00,aeroporto,Aeroporto SBJV,22.0,60.44,4.62673223066607,130.0,
2020-10-31 15:00:00,aeroporto,Aeroporto SBJV,22.0,56.63,4.62673223066607,140.0,
2020-10-31 16:00:00,aeroporto,Aeroporto SBJV,,,,,
2020-10-31 17:00:00,aeroporto,Aeroporto SBJV,19.0,82.74,6.68305766651766,120.0,
2020-10-31 18:00:00,aeroporto,Aeroporto SBJV,19.0,82.74,4.62673223066607,140.0,
2020-10-31 19:00:00,aeroporto,Aeroporto SBJV,19.0,82.74,3.08448815377738,150.0,
2020-10-31 20:00:00,aeroporto,Aeroporto SBJV,18.0,93.88,2.05632543585159,220.0,
2020-10-31 21:00:00,aeroporto,Aeroporto SBJV,17.0,93.83,0.514081358962897,210.0,
2020-10-31 22:00:00,aeroporto,Aeroporto SBJV,,,,,
2020-10-31 23:00:00,aeroporto,Aeroporto SBJV,17.0,93.83,1.02816271792579,220.0,
2020-11-01 00:00:00,aeroporto,Aeroporto SBJV,,,,,
2020-11-01 01:00:00,aeroporto,Aeroporto SBJV,,,,,
2020-11-01 02:00:00,aeroporto,Aeroporto SBJV,,,,,
2020-11-01 03:00:00,aeroporto,Aeroporto SBJV,,,,,
2020-11-01 04:00:00,aeroporto,Aeroporto SBJV,,,,,
2020-11-01 05:00:00,aeroporto,Aeroporto SBJV,,,,,
2020-11-01 06:00:00,aeroporto,Aeroporto SBJV,16.0,100.0,0.514081358962897,270.0,
2020-11-01 07:00:00,aeroporto,Aeroporto SBJV,16.0,100.0,1.54224407688869,210.0,
2020-11-01 08:00:00,aeroporto,Aeroporto SBJV,,,,,
2020-11-01 09:00:00,aeroporto,Aeroporto SBJV,17.0,88.0,2.05632543585159,200.0,
2020-11-01 10:00:00,aeroporto,Aeroporto SBJV,,,,,
2020-11-01 11:00:00,aeroporto,Aeroporto SBJV,18.0,93.88,1.02816271792579,190.0,
2020-11-01 12:00:00,aeroporto,Aeroporto SBJV,19.0,82.74,1.02816271792579,90.0,
2020-11-01 13:00:00,aeroporto,Aeroporto SBJV,20.0,64.04,5.14081358962897,150.0,
2020-11-01 14:00:00,aeroporto,Aeroporto SBJV,,,,,
2020-11-01 15:00:00,aeroporto,Aeroporto SBJV,20.0,64.04,2.05632543585159,190.0,
2020-11-01 16:00:00,aeroporto,Aeroporto SBJV,19.0,82.74,3.59856951274028,300.0,
2020-11-01 17:00:00,aeroporto,Aeroporto SBJV,,,,,
2020-11-01 18:00:00,aeroporto,Aeroporto SBJV,19.0,82.74,1.54224407688869,310.0,
2020-11-01 19:00:00,aeroporto,Aeroporto SBJV,,,,,
2020-11-01 20:00:00,aeroporto,Aeroporto SBJV,18.0,88.09,2.05632543585159,360.0,
2020-11-01 21:00:00,aeroporto,Aeroporto SBJV,16.0,93.79,1.54224407688869,320.0,
2020-11-01 22:00:00,aeroporto,Aeroporto SBJV,16.0,93.79,1.54224407688869,350.0,
2020-11-01 23:00:00,aeroporto,Aeroporto SBJV,15.0,100.0,1.54224407688869,320.0,
2020-11-02 00:00:00,aeroporto,Aeroporto SBJV,,,,,
2020-11-02 01:00:00,aeroporto,Aeroporto SBJV,,,,,
2020-11-02 02:00:00,aeroporto,Aeroporto SBJV,,,,,
2020-11-02 03:00:00,aeroporto,Aeroporto SBJV,,,,,
2020-11-02 04:00:00,aeroporto,Aeroporto SBJV,,,,,
2020-11-02 05:00:00,aeroporto,Aeroporto SBJV,,,,,
2020-11-02 06:00:00,aeroporto,Aeroporto SBJV,15.0,100.0,1.02816271792579,250.0,
2020-11-02 07:00:00,aeroporto,Aeroporto SBJV,16.0,93.79,2.05632543585159,280.0,
2020-11-02 08:00:00,aeroporto,Aeroporto SBJV,17.0,82.5,0.0,0.0,
2020-11-02 09:00:00,aeroporto,Aeroporto SBJV,,,,,
2020-11-02 10:00:00,aeroporto,Aeroporto SBJV,20.0,68.35,2.57040679481448,180.0,
2020-11-02 11:00:00,aeroporto,Aeroporto SBJV,21.0,60.21,3.08448815377738,90.0,
2020-11-02 12:00:00,aeroporto,Aeroporto SBJV,22.0,60.44,2.57040679481448,90.0,
2020-11-02 13:00:00,aeroporto,Aeroporto SBJV,22.0,60.44,3.08448815377738,90.0,
2020-11-02 14:00:00,aeroporto,Aeroporto SBJV,23.0,56.88,4.62673223066607,120.0,
2020-11-02 15:00:00,aeroporto,Aeroporto SBJV,23.0,53.29,4.62673223066607,120.0,
2020-11-02 16:00:00,aeroporto,Aeroporto SBJV,23.0,56.88,5.65489494859186,120.0,
2020-11-02 17:00:00,aeroporto,Aeroporto SBJV,22.0,60.44,3.59856951274028,90.0,
2020-11-02 18:00:00,aeroporto,Aeroporto SBJV,20.0,68.35,3.59856951274028,90.0,
2020-11-02 19:00:00,aeroporto,Aeroporto SBJV,,,,,
2020-11-02 20:00:00,aeroporto,Aeroporto SBJV,15.0,93.74,0.0,0.0,
2020-11-02 21:00:00,aeroporto,Aeroporto SBJV,,,,,
2020-11-02 22:00:00,aeroporto,Aeroporto SBJV,15.0,93.74,1.02816271792579,330.0,
2020-11-02 23:00:00,aeroporto,Aeroporto SBJV,14.0,100.0,0.514081358962897,360.0,
2020-11-03 00:00:00,aeroporto,Aeroporto SBJV,,,,,
2020-11-03 01:00:00,aeroporto,Aeroporto SBJV,,,,,
2020-11-03 02:00:00,aeroporto,Aeroporto SBJV,,,,,
2020-11-03 03:00:00,aeroporto,Aeroporto SBJV,,,,,
2020-11-03 04:00:00,aeroporto,Aeroporto SBJV,,,,,
2020-11-03 05:00:00,aeroporto,Aeroporto SBJV,,,,,
2020-11-03 06:00:00,aeroporto,Aeroporto SBJV,13.0,100.0,0.514081358962897,310.0,
2020-11-03 07:00:00,aeroporto,Aeroporto SBJV,16.0,100.0,1.02816271792579,350.0,
2020-11-03 08:00:00,aeroporto,Aeroporto SBJV,20.0,77.75,0.514081358962897,50.0,
2020-11-03 09:00:00,aeroporto,Aeroporto SBJV,22.0,64.48,1.54224407688869,340.0,
2020-11-03 10:00:00,aeroporto,Aeroporto SBJV,22.0,64.48,1.02816271792579,240.0,
2020-11-03 11:00:00,aeroporto,Aeroporto SBJV,23.0,60.67,1.02816271792579,280.0,
2020-11-03 12:00:00,aeroporto,Aeroporto SBJV,24.0,57.12,4.11265087170317,120.0,
2020-11-03 13:00:00,aeroporto,Aeroporto SBJV,25.0,53.8,5.65489494859186,130.0,
2020-11-03 14:00:00,aeroporto,Aeroporto SBJV,24.0,57.12,5.14081358962897,130.0,
2020-11-03 15:00:00,aeroporto,Aeroporto SBJV,24.0,57.12,4.11265087170317,100.0,
2020-11-03 16:00:00,aeroporto,Aeroporto SBJV,24.0,57.12,3.08448815377738,80.0,
2020-11-03 17:00:00,aeroporto,Aeroporto SBJV,22.0,60.44,2.05632543585159,100.0,
2020-11-03 18:00:00,aeroporto,Aeroporto SBJV,22.0,64.48,2.57040679481448,80.0,
2020-11-03 19:00:00,aeroporto,Aeroporto SBJV,,,,,
2020-11-03 20:00:00,aeroporto,Aeroporto SBJV,20.0,72.92,3.08448815377738,130.0,
2020-11-03 21:00:00,aeroporto,Aeroporto SBJV,18.0,88.09,5.14081358962897,160.0,
2020-11-03 22:00:00,aeroporto,Aeroporto SBJV,17.0,88.0,2.57040679481448,200.0,
2020-11-03 23:00:00,aeroporto,Aeroporto SBJV,16.0,100.0,2.57040679481448,310.0,
2020-11-04 00:00:00,aeroporto,Aeroporto SBJV,,,,,
2020-11-04 01:00:00,aeroporto,Aeroporto SBJV,,,,,
2020-11-04 02:00:00,aeroporto,Aeroporto SBJV,,,,,
2020-11-04 03:00:00,aeroporto,Aeroporto SBJV,,,,,
2020-11-04 04:00:00,aeroporto,Aeroporto SBJV,,,,,
2020-11-04 05:00:00,aeroporto,Aeroporto SBJV,,,,,
2020-11-04 06:00:00,aeroporto,Aeroporto SBJV,15.0,100.0,0.0,0.0,
2020-11-04 07:00:00,aeroporto,Aeroporto SBJV,17.0,93.83,1.54224407688869,190.0,
2020-11-04 08:00:00,aeroporto,Aeroporto SBJV,,,,,
2020-11-04 09:00:00,aeroporto,Aeroporto SBJV,20.0,68.35,3.59856951274028,180.0,
2020-11-04 10:00:00,aeroporto,Aeroporto SBJV,,,,,
2020-11-04 11:00:00,aeroporto,Aeroporto SBJV,20.0,64.04,3.59856951274028,150.0,
2020-11-04 12:00:00,aeroporto,Aeroporto SBJV,,,,,
2020-11-04 13:00:00,aeroporto,Aeroporto SBJV,21.0,64.26,2.57040679481448,120.0,
2020-11-04 14:00:00,aeroporto,Aeroporto SBJV,21.0,60.21,3.59856951274028,120.0,
2020-11-04 15:00:00,aeroporto,Aeroporto SBJV,20.0,68.35,5.65489494859186,110.0,
2020-11-04 16:00:00,aeroporto,Aeroporto SBJV,19.0,68.15,7.19713902548055,140.0,
2020-11-04 17:00:00,aeroporto,Aeroporto SBJV,19.0,68.15,7.19713902548055,150.0,
2020-11-04 18:00:00,aeroporto,Aeroporto SBJV,19.0,68.15,5.65489494859186,130.0,
2020-11-04 19:00:00,aeroporto,Aeroporto SBJV,19.0,63.82,5.65489494859186,150.0,
2020-11-04 20:00:00,aeroporto,Aeroporto SBJV,19.0,63.82,4.62673223066607,150.0,
2020-11-04 21:00:00,aeroporto,Aeroporto SBJV,19.0,59.74,4.62673223066607,140.0,
2020-11-04 22:00:00,aeroporto,Aeroporto SBJV,18.0,63.6,2.57040679481448,150.0,
2020-11-04 23:00:00,aeroporto,Aeroporto SBJV,17.0,67.75,2.05632543585159,190.0,
2020-11-05 00:00:00,aeroporto,Aeroporto SBJV,,,,,
2020-11-05 01:00:00,aeroporto,Aeroporto SBJV,,,,,
2020-11-05 02:00:00,aeroporto,Aeroporto SBJV,,,,,
2020-11-05 03:00:00,aeroporto,Aeroporto SBJV,,,,,
2020-11-05 04:00:00,aeroporto,Aeroporto SBJV,,,,,
2020-11-05 05:00:00,aeroporto,Aeroporto SBJV,,,,,
2020-11-05 06:00:00,aeroporto,Aeroporto SBJV,12.0,93.6,0.514081358962897,300.0,
2020-11-05 07:00:00,aeroporto,Aeroporto SBJV,16.0,82.37,1.54224407688869,320.0,
2020-11-05 08:00:00,aeroporto,Aeroporto SBJV,18.0,63.6,2.05632543585159,330.0,
2020-11-05 09:00:00,aeroporto,Aeroporto SBJV,20.0,45.88,1.02816271792579,200.0,
2020-11-05 10:00:00,aeroporto,Aeroporto SBJV,21.0,49.37,2.57040679481448,290.0,
2020-11-05 11:00:00,aeroporto,Aeroporto SBJV,23.0,46.71,3.08448815377738,70.0,
2020-11-05 12:00:00,aeroporto,Aeroporto SBJV,22.0,49.64,4.62673223066607,130.0,
2020-11-05 13:00:00,aeroporto,Aeroporto SBJV,24.0,50.17,5.14081358962897,120.0,
2020-11-05 14:00:00,aeroporto,Aeroporto SBJV,25.0,50.43,4.11265087170317,110.0,
2020-11-05 15:00:00,aeroporto,Aeroporto SBJV,25.0,50.43,4.11265087170317,60.0,
2020-11-05 16:00:00,aeroporto,Aeroporto SBJV,,,,,
2020-11-05 17:00:00,aeroporto,Aeroporto SBJV,24.0,57.12,3.08448815377738,30.0,
2020-11-05 18:00:00,aeroporto,Aeroporto SBJV,21.0,68.55,7.19713902548055,120.0,
2020-11-05 19:00:00,aeroporto,Aeroporto SBJV,20.0,68.35,5.14081358962897,130.0,
2020-11-05 20:00:00,aeroporto,Aeroporto SBJV,,,,,
2020-11-05 21:00:00,aeroporto,Aeroporto SBJV,19.0,72.74,3.08448815377738,150.0,
2020-11-05 22:00:00,aeroporto,Aeroporto SBJV,19.0,72.74,4.11265087170317,160.0,
2020-11-05 23:00:00,aeroporto,Aeroporto SBJV,18.0,72.56,2.57040679481448,160.0,
2020-11-06 00:00:00,aeroporto,Aeroporto SBJV,,,,,
2020-11-06 01:00:00,aeroporto,Aeroporto SBJV,,,,,
2020-11-06 02:00:00,aeroporto,Aeroporto SBJV,,,,,
2020-11-06 03:00:00,aeroporto,Aeroporto SBJV,,,,,
2020-11-06 04:00:00,aeroporto,Aeroporto SBJV,,,,,
2020-11-06 05:00:00,aeroporto,Aeroporto SBJV,,,,,
2020-11-06 06:00:00,aeroporto,Aeroporto SBJV,14.0,93.69,0.514081358962897,350.0,
2020-11-06 07:00:00,aeroporto,Aeroporto SBJV,16.0,82.37,1.02816271792579,310.0,
2020-11-06 08:00:00,aeroporto,Aeroporto SBJV,19.0,63.82,1.54224407688869,290.0,
2020-11-06 09:00:00,aeroporto,Aeroporto SBJV,21.0,56.38,2.57040679481448,160.0,
2020-11-06 10:00:00,aeroporto,Aeroporto SBJV,21.0,52.77,1.54224407688869,220.0,
2020-11-06 11:00:00,aeroporto,Aeroporto SBJV,22.0,49.64,2.05632543585159,220.0,
2020-11-06 12:00:00,aeroporto,Aeroporto SBJV,22.0,56.63,1.54224407688869,330.0,
2020-11-06 13:00:00,aeroporto,Aeroporto SBJV,24.0,50.17,2.05632543585159,90.0,
2020-11-06 14:00:00,aeroporto,Aeroporto SBJV,25.0,47.25,4.62673223066607,120.0,
2020-11-06 15:00:00,aeroporto,Aeroporto SBJV,,,,,
2020-11-06 16:00:00,aeroporto,Aeroporto SBJV,24.0,50.17,5.14081358962897,120.0,
2020-11-06 17:00:00,aeroporto,Aeroporto SBJV,24.0,50.17,4.62673223066607,120.0,
2020-11-06 18:00:00,aeroporto,Aeroporto SBJV,,,,,
2020-11-06 19:00:00,aeroporto,Aeroporto SBJV,19.0,68.15,1.54224407688869,120.0,
2020-11-06 20:00:00,aeroporto,Aeroporto SBJV,16.0,82.37,1.02816271792579,130.0,
2020-11-06 21:00:00,aeroporto,Aeroporto SBJV,,,,,
2020-11-06 22:00:00,aeroporto,Aeroporto SBJV,14.0,93.69,0.0,0.0,
2020-11-06 23:00:00,aeroporto,Aeroporto SBJV,14.0,93.69,1.54224407688869,320.0,
2020-11-07 00:00:00,aeroporto,Aeroporto SBJV,,,,,
2020-11-07 01:00:00,aeroporto,Aeroporto SBJV,,,,,
2020-11-07 02:00:00,aeroporto,Aeroporto SBJV,,,,,
2020-11-07 03:00:00,aeroporto,Aeroporto SBJV,,,,,
2020-11-07 04:00:00,aeroporto,Aeroporto SBJV,,,,,
2020-11-07 05:00:00,aeroporto,Aeroporto SBJV,,,,,
2020-11-07 06:00:00,aeroporto,Aeroporto SBJV,13.0,100.0,1.54224407688869,320.0,
2020-11-07 07:00:00,aeroporto,Aeroporto SBJV,16.0,87.92,1.54224407688869,340.0,
2020-11-07 08:00:00,aeroporto,Aeroporto SBJV,20.0,72.92,0.514081358962897,340.0,
2020-11-07 09:00:00,aeroporto,Aeroporto SBJV,23.0,60.67,0.514081358962897,90.0,
2020-11-07 10:00:00,aeroporto,Aeroporto SBJV,23.0,64.69,2.57040679481448,120.0,
2020-11-07 11:00:00,aeroporto,Aeroporto SBJV,24.0,57.12,2.57040679481448,120.0,
2020-11-07 12:00:00,aeroporto,Aeroporto SBJV,25.0,57.36,4.62673223066607,130.0,
2020-11-07 13:00:00,aeroporto,Aeroporto SBJV,26.0,54.05,5.65489494859186,110.0,
2020-11-07 14:00:00,aeroporto,Aeroporto SBJV,,,,,
2020-11-07 15:00:00,aeroporto,Aeroporto SBJV,26.0,54.05,5.65489494859186,120.0,
2020-11-07 16:00:00,aeroporto,Aeroporto SBJV,26.0,57.6,5.65489494859186,120.0,
2020-11-07 17:00:00,aeroporto,Aeroporto SBJV,25.0,61.13,4.62673223066607,60.0,
2020-11-07 18:00:00,aeroporto,Aeroporto SBJV,23.0,64.69,3.08448815377738,60.0,
2020-11-07 19:00:00,aeroporto,Aeroporto SBJV,22.0,73.27,1.54224407688869,40.0,
2020-11-07 20:00:00,aeroporto,Aeroporto SBJV,18.0,93.88,1.02816271792579,280.0,
2020-11-07 21:00:00,aeroporto,Aeroporto SBJV,17.0,93.83,1.02816271792579,280.0,
2020-11-07 22:00:00,aeroporto,Aeroporto SBJV,17.0,93.83,0.0,0.0,
2020-11-07 23:00:00,aeroporto,Aeroporto SBJV,16.0,100.0,0.0,0.0,
2020-11-08 00:00:00,aeroporto,Aeroporto SBJV,,,,,
2020-11-08 01:00:00,aeroporto,Aeroporto SBJV,,,,,
2020-11-08 02:00:00,aeroporto,Aeroporto SBJV,,,,,
2020-11-08 03:00:00,aeroporto,Aeroporto SBJV,,,,,
2020-11-08 04:00:00,aeroporto,Aeroporto SBJV,,,,,
2020-11-08 05:00:00,aeroporto,Aeroporto SBJV,,,,,
2020-11-08 06:00:00,aeroporto,Aeroporto SBJV,19.0,93.92,0.514081358962897,340.0,
2020-11-08 07:00:00,aeroporto,Aeroporto SBJV,21.0,88.34,0.0,0.0,
2020-11-08 08:00:00,aeroporto,Aeroporto SBJV,22.0,83.09,1.02816271792579,310.0,
2020-11-08 09:00:00,aeroporto,Aeroporto SBJV,24.0,73.61,3.08448815377738,330.0,
2020-11-08 10:00:00,aeroporto,Aeroporto SBJV,25.0,65.12,3.08448815377738,70.0,
2020-11-08 11:00:00,aeroporto,Aeroporto SBJV,26.0,61.36,5.14081358962897,130.0,
2020-11-08 12:00:00,aeroporto,Aeroporto SBJV,27.0,61.58,3.59856951274028,100.0,
2020-11-08 13:00:00,aeroporto,Aeroporto SBJV,27.0,61.58,6.16897630755476,120.0,
2020-11-08 14:00:00,aeroporto,Aeroporto SBJV,27.0,57.84,4.11265087170317,70.0,
2020-11-08 15:00:00,aeroporto,Aeroporto SBJV,27.0,57.84,3.59856951274028,70.0,
2020-11-08 16:00:00,aeroporto,Aeroporto SBJV,26.0,61.36,3.59856951274028,70.0,
2020-11-08 17:00:00,aeroporto,Aeroporto SBJV,25.0,61.13,3.59856951274028,70.0,
2020-11-08 18:00:00,aeroporto,Aeroporto SBJV,23.0,73.44,3.08448815377738,60.0,
2020-11-08 19:00:00,aeroporto,Aeroporto SBJV,23.0,73.44,2.05632543585159,60.0,
2020-11-08 20:00:00,aeroporto,Aeroporto SBJV,22.0,78.04,1.02816271792579,110.0,
2020-11-08 21:00:00,aeroporto,Aeroporto SBJV,,,,,
2020-11-08 22:00:00,aeroporto,Aeroporto SBJV,22.0,78.04,1.02816271792579,70.0,
2020-11-08 23:00:00,aeroporto,Aeroporto SBJV,21.0,88.34,0.514081358962897,310.0,
2020-11-09 00:00:00,aeroporto,Aeroporto SBJV,,,,,
2020-11-09 01:00:00,aeroporto,Aeroporto SBJV,,,,,
2020-11-09 02:00:00,aeroporto,Aeroporto SBJV,,,,,
2020-11-09 03:00:00,aeroporto,Aeroporto SBJV,,,,,
2020-11-09 04:00:00,aeroporto,Aeroporto SBJV,,,,,
2020-11-09 05:00:00,aeroporto,Aeroporto SBJV,,,,,
2020-11-09 06:00:00,aeroporto,Aeroporto SBJV,20.0,100.0,2.05632543585159,300.0,
2020-11-09 07:00:00,aeroporto,Aeroporto SBJV,20.0,93.97,2.57040679481448,280.0,
2020-11-09 08:00:00,aeroporto,Aeroporto SBJV,,,,,
2020-11-09 09:00:00,aeroporto,Aeroporto SBJV,21.0,94.01,1.54224407688869,230.0,
2020-11-09 10:00:00,aeroporto,Aeroporto SBJV,21.0,94.01,2.05632543585159,230.0,
2020-11-09 11:00:00,aeroporto,Aeroporto SBJV,21.0,100.0,1.02816271792579,220.0,
2020-11-09 12:00:00,aeroporto,Aeroporto SBJV,22.0,94.06,2.05632543585159,150.0,
2020-11-09 13:00:00,aeroporto,Aeroporto SBJV,23.0,83.21,2.57040679481448,90.0,
2020-11-09 14:00:00,aeroporto,Aeroporto SBJV,22.0,88.43,3.08448815377738,150.0,
2020-11-09 15:00:00,aeroporto,Aeroporto SBJV,,,,,
2020-11-09 16:00:00,aeroporto,Aeroporto SBJV,21.0,94.01,2.57040679481448,110.0,
2020-11-09 17:00:00,aeroporto,Aeroporto SBJV,,,,,
2020-11-09 18:00:00,aeroporto,Aeroporto SBJV,21.0,94.01,2.05632543585159,110.0,
2020-11-09 19:00:00,aeroporto,Aeroporto SBJV,21.0,94.01,1.54224407688869,270.0,
2020-11-09 20:00:00,aeroporto,Aeroporto SBJV,20.0,100.0,2.05632543585159,320.0,
2020-11-09 21:00:00,aeroporto,Aeroporto SBJV,20.0,100.0,1.54224407688869,330.0,
2020-11-09 22:00:00,aeroporto,Aeroporto SBJV,20.0,100.0,0.514081358962897,330.0,
2020-11-09 23:00:00,aeroporto,Aeroporto SBJV,20.0,100.0,0.0,0.0,
2020-11-10 00:00:00,aeroporto,Aeroporto SBJV,,,,,
2020-11-10 01:00:00,aeroporto,Aeroporto SBJV,,,,,
2020-11-10 02:00:00,aeroporto,Aeroporto SBJV,,,,,
2020-11-10 03:00:00,aeroporto,Aeroporto SBJV,,,,,
2020-11-10 04:00:00,aeroporto,Aeroporto SBJV,,,,,
2020-11-10 05:00:00,aeroporto,Aeroporto SBJV,,,,,
2020-11-10 06:00:00,aeroporto,Aeroporto SBJV,20.0,100.0,0.514081358962897,170.0,
2020-11-10 07:00:00,aeroporto,Aeroporto SBJV,20.0,100.0,1.02816271792579,300.0,
2020-11-10 08:00:00,aeroporto,Aeroporto SBJV,,,,,
2020-11-10 09:00:00,aeroporto,Aeroporto SBJV,22.0,94.06,1.02816271792579,340.0,
2020-11-10 10:00:00,aeroporto,Aeroporto SBJV,23.0,88.51,1.02816271792579,320.0,
2020-11-10 11:00:00,aeroporto,Aeroporto SBJV,24.0,83.32,2.05632543585159,100.0,
2020-11-10 12:00:00,aeroporto,Aeroporto SBJV,26.0,78.62,2.05632543585159,120.0,
2020-11-10 13:00:00,aeroporto,Aeroporto SBJV,,,,,
2020-11-10 14:00:00,aeroporto,Aeroporto SBJV,26.0,78.62,4.11265087170317,90.0,
2020-11-10 15:00:00,aeroporto,Aeroporto SBJV,,,,,
2020-11-10 16:00:00,aeroporto,Aeroporto SBJV,26.0,78.62,3.08448815377738,80.0,
2020-11-10 17:00:00,aeroporto,Aeroporto SBJV,25.0,83.44,2.57040679481448,110.0,
2020-11-10 18:00:00,aeroporto,Aeroporto SBJV,24.0,88.59,2.05632543585159,110.0,
2020-11-10 19:00:00,aeroporto,Aeroporto SBJV,24.0,83.32,2.57040679481448,90.0,
2020-11-10 20:00:00,aeroporto,Aeroporto SBJV,,,,,
2020-11-10 21:00:00,aeroporto,Aeroporto SBJV,23.0,94.1,0.514081358962897,10.0,
2020-11-10 22:00:00,aeroporto,Aeroporto SBJV,,,,,
2020-11-10 23:00:00,aeroporto,Aeroporto SBJV,23.0,94.1,1.54224407688869,30.0,
2020-11-11 00:00:00,aeroporto,Aeroporto SBJV,,,,,
2020-11-11 01:00:00,aeroporto,Aeroporto SBJV,,,,,
2020-11-11 02:00:00,aeroporto,Aeroporto SBJV,,,,,
2020-11-11 03:00:00,aeroporto,Aeroporto SBJV,,,,,
2020-11-11 04:00:00,aeroporto,Aeroporto SBJV,,,,,
2020-11-11 05:00:00,aeroporto,Aeroporto SBJV,,,,,
2020-11-11 06:00:00,aeroporto,Aeroporto SBJV,22.0,94.06,0.514081358962897,210.0,
2020-11-11 07:00:00,aeroporto,Aeroporto SBJV,23.0,100.0,1.54224407688869,220.0,
2020-11-11 08:00:00,aeroporto,Aeroporto SBJV,24.0,88.59,1.02816271792579,200.0,
2020-11-11 09:00:00,aeroporto,Aeroporto SBJV,25.0,83.44,1.02816271792579,250.0,
2020-11-11 10:00:00,aeroporto,Aeroporto SBJV,25.0,88.67,1.02816271792579,190.0,
2020-11-11 11:00:00,aeroporto,Aeroporto SBJV,24.0,94.14,1.54224407688869,250.0,
2020-11-11 12:00:00,aeroporto,Aeroporto SBJV,23.0,100.0,2.05632543585159,190.0,
2020-11-11 13:00:00,aeroporto,Aeroporto SBJV,22.0,100.0,3.08448815377738,130.0,
2020-11-11 14:00:00,aeroporto,Aeroporto SBJV,23.0,94.1,1.54224407688869,140.0,
2020-11-11 15:00:00,aeroporto,Aeroporto SBJV,23.0,94.1,3.08448815377738,320.0,
2020-11-11 16:00:00,aeroporto,Aeroporto SBJV,24.0,88.59,3.08448815377738,360.0,
2020-11-11 17:00:00,aeroporto,Aeroporto SBJV,24.0,83.32,1.54224407688869,60.0,
2020-11-11 18:00:00,aeroporto,Aeroporto SBJV,,,,,
2020-11-11 19:00:00,aeroporto,Aeroporto SBJV,23.0,94.1,2.05632543585159,120.0,
2020-11-11 20:00:00,aeroporto,Aeroporto SBJV,22.0,94.06,0.0,0.0,
2020-11-11 21:00:00,aeroporto,Aeroporto SBJV,,,,,
2020-11-11 22:00:00,aeroporto,Aeroporto SBJV,20.0,100.0,2.05632543585159,280.0,
2020-11-11 23:00:00,aeroporto,Aeroporto SBJV,20.0,100.0,1.02816271792579,350.0,
2020-11-12 00:00:00,aeroporto,Aeroporto SBJV,,,,,
2020-11-12 01:00:00,aeroporto,Aeroporto SBJV,,,,,
2020-11-12 02:00:00,aeroporto,Aeroporto SBJV,,,,,
2020-11-12 03:00:00,aeroporto,Aeroporto SBJV,,,,,
2020-11-12 04:00:00,aeroporto,Aeroporto SBJV,,,,,
2020-11-12 05:00:00,aeroporto,Aeroporto SBJV,,,,,
2020-11-12 06:00:00,aeroporto,Aeroporto SBJV,20.0,100.0,0.514081358962897,200.0,
2020-11-12 07:00:00,aeroporto,Aeroporto SBJV,21.0,94.01,1.54224407688869,330.0,
2020-11-12 08:00:00,aeroporto,Aeroporto SBJV,22.0,94.06,1.02816271792579,310.0,
2020-11-12 09:00:00,aeroporto,Aeroporto SBJV,23.0,94.1,0.514081358962897,260.0,
2020-11-12 10:00:00,aeroporto,Aeroporto SBJV,24.0,83.32,1.54224407688869,130.0,
2020-11-12 11:00:00,aeroporto,Aeroporto SBJV,26.0,73.95,2.05632543585159,160.0,
2020-11-12 12:00:00,aeroporto,Aeroporto SBJV,26.0,73.95,2.57040679481448,100.0,
2020-11-12 13:00:00,aeroporto,Aeroporto SBJV,27.0,69.71,4.62673223066607,130.0,
2020-11-12 14:00:00,aeroporto,Aeroporto SBJV,27.0,74.11,4.62673223066607,110.0,
2020-11-12 15:00:00,aeroporto,Aeroporto SBJV,27.0,69.71,4.11265087170317,100.0,
2020-11-12 16:00:00,aeroporto,Aeroporto SBJV,27.0,69.71,2.05632543585159,70.0,
2020-11-12 17:00:00,aeroporto,Aeroporto SBJV,25.0,83.44,3.59856951274028,110.0,
2020-11-12 18:00:00,aeroporto,Aeroporto SBJV,24.0,83.32,4.62673223066607,100.0,
2020-11-12 19:00:00,aeroporto,Aeroporto SBJV,23.0,94.1,3.08448815377738,130.0,
2020-11-12 20:00:00,aeroporto,Aeroporto SBJV,23.0,88.51,3.59856951274028,130.0,
2020-11-12 21:00:00,aeroporto,Aeroporto SBJV,23.0,88.51,2.57040679481448,130.0,
2020-11-12 22:00:00,aeroporto,Aeroporto SBJV,23.0,94.1,2.05632543585159,160.0,
2020-11-12 23:00:00,aeroporto,Aeroporto SBJV,19.0,100.0,2.05632543585159,100.0,
2020-11-13 00:00:00,aeroporto,Aeroporto SBJV,,,,,
2020-11-13 01:00:00,aeroporto,Aeroporto SBJV,,,,,
2020-11-13 02:00:00,aeroporto,Aeroporto SBJV,,,,,
2020-11-13 03:00:00,aeroporto,Aeroporto SBJV,,,,,
2020-11-13 04:00:00,aeroporto,Aeroporto SBJV,,,,,
2020-11-13 05:00:00,aeroporto,Aeroporto SBJV,,,,,
2020-11-13 06:00:00,aeroporto,Aeroporto SBJV,19.0,100.0,0.0,0.0,
2020-11-13 07:00:00,aeroporto,Aeroporto SBJV,20.0,100.0,0.514081358962897,100.0,
2020-11-13 08:00:00,aeroporto,Aeroporto SBJV,,,,,
2020-11-13 09:00:00,aeroporto,Aeroporto SBJV,23.0,83.21,2.05632543585159,130.0,
2020-11-13 10:00:00,aeroporto,Aeroporto SBJV,25.0,73.78,2.57040679481448,120.0,
2020-11-13 11:00:00,aeroporto,Aeroporto SBJV,26.0,73.95,3.08448815377738,110.0,
2020-11-13 12:00:00,aeroporto,Aeroporto SBJV,27.0,69.71,2.57040679481448,140.0,
2020-11-13 13:00:00,aeroporto,Aeroporto SBJV,28.0,65.74,2.57040679481448,80.0,
2020-11-13 14:00:00,aeroporto,Aeroporto SBJV,28.0,65.74,5.14081358962897,130.0,
2020-11-13 15:00:00,aeroporto,Aeroporto SBJV,27.0,69.71,5.14081358962897,120.0,
2020-11-13 16:00:00,aeroporto,Aeroporto SBJV,26.0,73.95,4.11265087170317,120.0,
2020-11-13 17:00:00,aeroporto,Aeroporto SBJV,26.0,73.95,2.57040679481448,70.0,
2020-11-13 18:00:00,aeroporto,Aeroporto SBJV,24.0,83.32,2.57040679481448,310.0,
2020-11-13 19:00:00,aeroporto,Aeroporto SBJV,23.0,88.51,0.0,0.0,
2020-11-13 20:00:00,aeroporto,Aeroporto SBJV,23.0,88.51,2.57040679481448,110.0,
2020-11-13 21:00:00,aeroporto,Aeroporto SBJV,23.0,88.51,2.57040679481448,110.0,
2020-11-13 22:00:00,aeroporto,Aeroporto SBJV,,,,,
2020-11-13 23:00:00,aeroporto,Aeroporto SBJV,22.0,94.06,0.0,0.0,
2020-11-14 00:00:00,aeroporto,Aeroporto SBJV,,,,,
2020-11-14 01:00:00,aeroporto,Aeroporto SBJV,,,,,
2020-11-14 02:00:00,aeroporto,Aeroporto SBJV,,,,,
2020-11-14 03:00:00,aeroporto,Aeroporto SBJV,,,,,
2020-11-14 04:00:00,aeroporto,Aeroporto SBJV,,,,,
2020-11-14 05:00:00,aeroporto,Aeroporto SBJV,,,,,
2020-11-14 06:00:00,aeroporto,Aeroporto SBJV,21.0,94.01,0.0,0.0,
2020-11-14 07:00:00,aeroporto,Aeroporto SBJV,22.0,94.06,0.514081358962897,280.0,
2020-11-14 08:00:00,aeroporto,Aeroporto SBJV,23.0,88.51,1.54224407688869,320.0,
2020-11-14 09:00:00,aeroporto,Aeroporto SBJV,25.0,78.48,1.54224407688869,40.0,
2020-11-14 10:00:00,aeroporto,Aeroporto SBJV,,,,,
2020-11-14 11:00:00,aeroporto,Aeroporto SBJV,27.0,74.11,4.11265087170317,120.0,
2020-11-14 12:00:00,aeroporto,Aeroporto SBJV,,,,,
2020-11-14 13:00:00,aeroporto,Aeroporto SBJV,28.0,69.9,5.65489494859186,130.0,
2020-11-14 14:00:00,aeroporto,Aeroporto SBJV,29.0,65.95,4.11265087170317,120.0,
2020-11-14 15:00:00,aeroporto,Aeroporto SBJV,29.0,65.95,3.59856951274028,50.0,
2020-11-14 16:00:00,aeroporto,Aeroporto SBJV,29.0,70.08,3.59856951274028,60.0,
2020-11-14 17:00:00,aeroporto,Aeroporto SBJV,27.0,74.11,3.59856951274028,50.0,
2020-11-14 18:00:00,aeroporto,Aeroporto SBJV,26.0,78.62,3.08448815377738,40.0,
2020-11-14 19:00:00,aeroporto,Aeroporto SBJV,25.0,78.48,3.59856951274028,30.0,
2020-11-14 20:00:00,aeroporto,Aeroporto SBJV,25.0,78.48,3.08448815377738,40.0,
2020-11-14 21:00:00,aeroporto,Aeroporto SBJV,25.0,78.48,2.05632543585159,30.0,
2020-11-14 22:00:00,aeroporto,Aeroporto SBJV,,,,,
2020-11-14 23:00:00,aeroporto,Aeroporto SBJV,24.0,83.32,1.54224407688869,10.0,
2020-11-15 00:00:00,aeroporto,Aeroporto SBJV,,,,,
2020-11-15 01:00:00,aeroporto,Aeroporto SBJV,,,,,
2020-11-15 02:00:00,aeroporto,Aeroporto SBJV,,,,,
2020-11-15 03:00:00,aeroporto,Aeroporto SBJV,,,,,
2020-11-15 04:00:00,aeroporto,Aeroporto SBJV,,,,,
2020-11-15 05:00:00,aeroporto,Aeroporto SBJV,,,,,
2020-11-15 06:00:00,aeroporto,Aeroporto SBJV,23.0,100.0,1.02816271792579,350.0,
2020-11-15 07:00:00,aeroporto,Aeroporto SBJV,25.0,83.44,1.02816271792579,290.0,
2020-11-15 08:00:00,aeroporto,Aeroporto SBJV,,,,,
2020-11-15 09:00:00,aeroporto,Aeroporto SBJV,28.0,74.28,1.02816271792579,190.0,
2020-11-15 10:00:00,aeroporto,Aeroporto SBJV,29.0,74.44,2.57040679481448,110.0,
2020-11-15 11:00:00,aeroporto,Aeroporto SBJV,,,,,
2020-11-15 12:00:00,aeroporto,Aeroporto SBJV,31.0,66.35,2.57040679481448,120.0,
2020-11-15 13:00:00,aeroporto,Aeroporto SBJV,,,,,
2020-11-15 14:00:00,aeroporto,Aeroporto SBJV,31.0,70.45,4.11265087170317,140.0,
2020-11-15 15:00:00,aeroporto,Aeroporto SBJV,,,,,
2020-11-15 16:00:00,aeroporto,Aeroporto SBJV,31.0,70.45,2.57040679481448,30.0,
2020-11-15 17:00:00,aeroporto,Aeroporto SBJV,29.0,74.44,3.08448815377738,360.0,
2020-11-15 18:00:00,aeroporto,Aeroporto SBJV,27.0,83.66,5.14081358962897,200.0,
2020-11-15 19:00:00,aeroporto,Aeroporto SBJV,21.0,94.01,2.57040679481448,240.0,
2020-11-15 20:00:00,aeroporto,Aeroporto SBJV,21.0,94.01,1.54224407688869,340.0,
2020-11-15 21:00:00,aeroporto,Aeroporto SBJV,21.0,100.0,3.08448815377738,330.0,
2020-11-15 22:00:00,aeroporto,Aeroporto SBJV,22.0,94.06,2.57040679481448,330.0,
2020-11-15 23:00:00,aeroporto,Aeroporto SBJV,22.0,94.06,2.57040679481448,340.0,
2020-11-16 00:00:00,aeroporto,Aeroporto SBJV,,,,,
2020-11-16 01:00:00,aeroporto,Aeroporto SBJV,,,,,
2020-11-16 02:00:00,aeroporto,Aeroporto SBJV,,,,,
2020-11-16 03:00:00,aeroporto,Aeroporto SBJV,,,,,
2020-11-16 04:00:00,aeroporto,Aeroporto SBJV,,,,,
2020-11-16 05:00:00,aeroporto,Aeroporto SBJV,,,,,
2020-11-16 06:00:00,aeroporto,Aeroporto SBJV,21.0,100.0,1.02816271792579,280.0,
2020-11-16 07:00:00,aeroporto,Aeroporto SBJV,,,,,
2020-11-16 08:00:00,aeroporto,Aeroporto SBJV,23.0,88.51,2.05632543585159,350.0,
2020-11-16 09:00:00,aeroporto,Aeroporto SBJV,26.0,73.95,1.02816271792579,340.0,
2020-11-16 10:00:00,aeroporto,Aeroporto SBJV,28.0,65.74,2.05632543585159,190.0,
2020-11-16 11:00:00,aeroporto,Aeroporto SBJV,29.0,62.03,2.57040679481448,110.0,
2020-11-16 12:00:00,aeroporto,Aeroporto SBJV,30.0,58.55,2.57040679481448,110.0,
2020-11-16 13:00:00,aeroporto,Aeroporto SBJV,31.0,55.29,3.08448815377738,100.0,
2020-11-16 14:00:00,aeroporto,Aeroporto SBJV,30.0,66.15,6.68305766651766,120.0,
2020-11-16 15:00:00,aeroporto,Aeroporto SBJV,,,,,
2020-11-16 16:00:00,aeroporto,Aeroporto SBJV,29.0,70.08,6.16897630755476,120.0,
2020-11-16 17:00:00,aeroporto,Aeroporto SBJV,27.0,78.76,6.16897630755476,130.0,
2020-11-16 18:00:00,aeroporto,Aeroporto SBJV,26.0,83.55,4.62673223066607,140.0,
2020-11-16 19:00:00,aeroporto,Aeroporto SBJV,25.0,83.44,4.62673223066607,150.0,
2020-11-16 20:00:00,aeroporto,Aeroporto SBJV,25.0,83.44,3.08448815377738,160.0,
2020-11-16 21:00:00,aeroporto,Aeroporto SBJV,24.0,88.59,4.11265087170317,180.0,
2020-11-16 22:00:00,aeroporto,Aeroporto SBJV,22.0,94.06,3.08448815377738,150.0,
2020-11-16 23:00:00,aeroporto,Aeroporto SBJV,22.0,94.06,2.05632543585159,150.0,
2020-11-17 00:00:00,aeroporto,Aeroporto SBJV,,,,,
2020-11-17 01:00:00,aeroporto,Aeroporto SBJV,,,,,
2020-11-17 02:00:00,aeroporto,Aeroporto SBJV,,,,,
2020-11-17 03:00:00,aeroporto,Aeroporto SBJV,,,,,
2020-11-17 04:00:00,aeroporto,Aeroporto SBJV,,,,,
2020-11-17 05:00:00,aeroporto,Aeroporto SBJV,,,,,
2020-11-17 06:00:00,aeroporto,Aeroporto SBJV,21.0,100.0,2.05632543585159,290.0,
2020-11-17 07:00:00,aeroporto,Aeroporto SBJV,22.0,94.06,1.02816271792579,300.0,
2020-11-17 08:00:00,aeroporto,Aeroporto SBJV,,,,,
2020-11-17 09:00:00,aeroporto,Aeroporto SBJV,23.0,83.21,0.0,0.0,
2020-11-17 10:00:00,aeroporto,Aeroporto SBJV,22.0,88.43,4.62673223066607,130.0,
2020-11-17 11:00:00,aeroporto,Aeroporto SBJV,23.0,78.19,4.62673223066607,120.0,
2020-11-17 12:00:00,aeroporto,Aeroporto SBJV,25.0,69.33,4.62673223066607,110.0,
2020-11-17 13:00:00,aeroporto,Aeroporto SBJV,,,,,
2020-11-17 14:00:00,aeroporto,Aeroporto SBJV,23.0,73.44,2.57040679481448,100.0,
2020-11-17 15:00:00,aeroporto,Aeroporto SBJV,23.0,73.44,3.59856951274028,100.0,
2020-11-17 16:00:00,aeroporto,Aeroporto SBJV,22.0,73.27,4.11265087170317,110.0,
2020-11-17 17:00:00,aeroporto,Aeroporto SBJV,22.0,73.27,4.11265087170317,120.0,
2020-11-17 18:00:00,aeroporto,Aeroporto SBJV,22.0,64.48,4.62673223066607,130.0,
2020-11-17 19:00:00,aeroporto,Aeroporto SBJV,22.0,68.75,3.08448815377738,120.0,
2020-11-17 20:00:00,aeroporto,Aeroporto SBJV,22.0,68.75,2.05632543585159,130.0,
2020-11-17 21:00:00,aeroporto,Aeroporto SBJV,22.0,68.75,1.54224407688869,70.0,
2020-11-17 22:00:00,aeroporto,Aeroporto SBJV,20.0,88.26,1.54224407688869,320.0,
2020-11-17 23:00:00,aeroporto,Aeroporto SBJV,21.0,73.09,2.57040679481448,90.0,
2020-11-18 00:00:00,aeroporto,Aeroporto SBJV,,,,,
2020-11-18 01:00:00,aeroporto,Aeroporto SBJV,,,,,
2020-11-18 02:00:00,aeroporto,Aeroporto SBJV,,,,,
2020-11-18 03:00:00,aeroporto,Aeroporto SBJV,,,,,
2020-11-18 04:00:00,aeroporto,Aeroporto SBJV,,,,,
2020-11-18 05:00:00,aeroporto,Aeroporto SBJV,,,,,
2020-11-18 06:00:00,aeroporto,Aeroporto SBJV,18.0,93.88,0.0,0.0,
2020-11-18 07:00:00,aeroporto,Aeroporto SBJV,19.0,88.18,1.54224407688869,350.0,
2020-11-18 08:00:00,aeroporto,Aeroporto SBJV,18.0,100.0,2.05632543585159,150.0,
2020-11-18 09:00:00,aeroporto,Aeroporto SBJV,18.0,93.88,1.54224407688869,240.0,
2020-11-18 10:00:00,aeroporto,Aeroporto SBJV,18.0,100.0,0.0,0.0,
2020-11-18 11:00:00,aeroporto,Aeroporto SBJV,18.0,100.0,1.02816271792579,290.0,
2020-11-18 12:00:00,aeroporto,Aeroporto SBJV,18.0,100.0,2.05632543585159,260.0,
2020-11-18 13:00:00,aeroporto,Aeroporto SBJV,,,,,
2020-11-18 14:00:00,aeroporto,Aeroporto SBJV,19.0,93.92,2.57040679481448,120.0,
2020-11-18 15:00:00,aeroporto,Aeroporto SBJV,,,,,
2020-11-18 16:00:00,aeroporto,Aeroporto SBJV,19.0,93.92,2.05632543585159,140.0,
2020-11-18 17:00:00,aeroporto,Aeroporto SBJV,18.0,93.88,2.57040679481448,160.0,
2020-11-18 18:00:00,aeroporto,Aeroporto SBJV,,,,,
2020-11-18 19:00:00,aeroporto,Aeroporto SBJV,17.0,100.0,1.54224407688869,200.0,
2020-11-18 20:00:00,aeroporto,Aeroporto SBJV,17.0,100.0,1.54224407688869,210.0,
2020-11-18 21:00:00,aeroporto,Aeroporto SBJV,17.0,100.0,1.54224407688869,360.0,
2020-11-18 22:00:00,aeroporto,Aeroporto SBJV,17.0,100.0,1.02816271792579,290.0,
2020-11-18 23:00:00,aeroporto,Aeroporto SBJV,17.0,100.0,2.05632543585159,300.0,
2020-11-19 00:00:00,aeroporto,Aeroporto SBJV,,,,,
2020-11-19 01:00:00,aeroporto,Aeroporto SBJV,,,,,
2020-11-19 02:00:00,aeroporto,Aeroporto SBJV,,,,,
2020-11-19 03:00:00,aeroporto,Aeroporto SBJV,,,,,
2020-11-19 04:00:00,aeroporto,Aeroporto SBJV,,,,,
2020-11-19 05:00:00,aeroporto,Aeroporto SBJV,,,,,
2020-11-19 06:00:00,aeroporto,Aeroporto SBJV,16.0,100.0,0.0,0.0,
2020-11-19 07:00:00,aeroporto,Aeroporto SBJV,16.0,93.79,0.0,0.0,
2020-11-19 08:00:00,aeroporto,Aeroporto SBJV,,,,,
2020-11-19 09:00:00,aeroporto,Aeroporto SBJV,17.0,100.0,1.54224407688869,310.0,
2020-11-19 10:00:00,aeroporto,Aeroporto SBJV,18.0,93.88,1.02816271792579,260.0,
2020-11-19 11:00:00,aeroporto,Aeroporto SBJV,18.0,93.88,1.54224407688869,190.0,
2020-11-19 12:00:00,aeroporto,Aeroporto SBJV,18.0,93.88,2.05632543585159,230.0,
2020-11-19 13:00:00,aeroporto,Aeroporto SBJV,20.0,82.86,1.02816271792579,190.0,
2020-11-19 14:00:00,aeroporto,Aeroporto SBJV,24.0,57.12,1.54224407688869,240.0,
2020-11-19 15:00:00,aeroporto,Aeroporto SBJV,22.0,73.27,1.54224407688869,160.0,
2020-11-19 16:00:00,aeroporto,Aeroporto SBJV,22.0,73.27,3.08448815377738,140.0,
2020-11-19 17:00:00,aeroporto,Aeroporto SBJV,21.0,77.9,4.11265087170317,120.0,
2020-11-19 18:00:00,aeroporto,Aeroporto SBJV,20.0,82.86,5.14081358962897,160.0,
2020-11-19 19:00:00,aeroporto,Aeroporto SBJV,19.0,88.18,3.08448815377738,160.0,
2020-11-19 20:00:00,aeroporto,Aeroporto SBJV,19.0,82.74,1.02816271792579,180.0,
2020-11-19 21:00:00,aeroporto,Aeroporto SBJV,19.0,82.74,0.0,0.0,
2020-11-19 22:00:00,aeroporto,Aeroporto SBJV,18.0,93.88,1.54224407688869,230.0,
2020-11-19 23:00:00,aeroporto,Aeroporto SBJV,18.0,93.88,1.02816271792579,350.0,
2020-11-20 00:00:00,aeroporto,Aeroporto SBJV,,,,,
2020-11-20 01:00:00,aeroporto,Aeroporto SBJV,,,,,
2020-11-20 02:00:00,aeroporto,Aeroporto SBJV,,,,,
2020-11-20 03:00:00,aeroporto,Aeroporto SBJV,,,,,
2020-11-20 04:00:00,aeroporto,Aeroporto SBJV,,,,,
2020-11-20 05:00:00,aeroporto,Aeroporto SBJV,,,,,
2020-11-20 06:00:00,aeroporto,Aeroporto SBJV,16.0,100.0,1.02816271792579,20.0,
2020-11-20 07:00:00,aeroporto,Aeroporto SBJV,17.0,100.0,1.02816271792579,270.0,
2020-11-20 08:00:00,aeroporto,Aeroporto SBJV,18.0,93.88,1.02816271792579,320.0,
2020-11-20 09:00:00,aeroporto,Aeroporto SBJV,20.0,82.86,1.54224407688869,320.0,
2020-11-20 10:00:00,aeroporto,Aeroporto SBJV,22.0,64.48,2.57040679481448,150.0,
2020-11-20 11:00:00,aeroporto,Aeroporto SBJV,23.0,64.69,1.54224407688869,180.0,
2020-11-20 12:00:00,aeroporto,Aeroporto SBJV,22.0,68.75,2.05632543585159,230.0,
2020-11-20 13:00:00,aeroporto,Aeroporto SBJV,23.0,64.69,4.11265087170317,120.0,
2020-11-20 14:00:00,aeroporto,Aeroporto SBJV,23.0,68.94,4.11265087170317,120.0,
2020-11-20 15:00:00,aeroporto,Aeroporto SBJV,,,,,
2020-11-20 16:00:00,aeroporto,Aeroporto SBJV,24.0,60.9,4.11265087170317,120.0,
2020-11-20 17:00:00,aeroporto,Aeroporto SBJV,23.0,64.69,3.59856951274028,100.0,
2020-11-20 18:00:00,aeroporto,Aeroporto SBJV,22.0,64.48,3.59856951274028,100.0,
2020-11-20 19:00:00,aeroporto,Aeroporto SBJV,,,,,
2020-11-20 20:00:00,aeroporto,Aeroporto SBJV,21.0,77.9,2.57040679481448,90.0,
2020-11-20 21:00:00,aeroporto,Aeroporto SBJV,19.0,88.18,3.08448815377738,330.0,
2020-11-20 22:00:00,aeroporto,Aeroporto SBJV,18.0,93.88,1.54224407688869,270.0,
2020-11-20 23:00:00,aeroporto,Aeroporto SBJV,18.0,93.88,2.05632543585159,290.0,
2020-11-21 00:00:00,aeroporto,Aeroporto SBJV,,,,,
2020-11-21 01:00:00,aeroporto,Aeroporto SBJV,,,,,
2020-11-21 02:00:00,aeroporto,Aeroporto SBJV,,,,,
2020-11-21 03:00:00,aeroporto,Aeroporto SBJV,,,,,
2020-11-21 04:00:00,aeroporto,Aeroporto SBJV,,,,,
2020-11-21 05:00:00,aeroporto,Aeroporto SBJV,,,,,
2020-11-21 06:00:00,aeroporto,Aeroporto SBJV,17.0,100.0,1.02816271792579,220.0,
2020-11-21 07:00:00,aeroporto,Aeroporto SBJV,18.0,93.88,1.02816271792579,340.0,
2020-11-21 08:00:00,aeroporto,Aeroporto SBJV,18.0,93.88,1.02816271792579,200.0,
2020-11-21 09:00:00,aeroporto,Aeroporto SBJV,20.0,88.26,2.05632543585159,200.0,
2020-11-21 10:00:00,aeroporto,Aeroporto SBJV,21.0,77.9,2.05632543585159,160.0,
2020-11-21 11:00:00,aeroporto,Aeroporto SBJV,24.0,69.14,1.02816271792579,90.0,
2020-11-21 12:00:00,aeroporto,Aeroporto SBJV,,,,,
2020-11-21 13:00:00,aeroporto,Aeroporto SBJV,24.0,69.14,3.08448815377738,130.0,
2020-11-21 14:00:00,aeroporto,Aeroporto SBJV,25.0,65.12,3.59856951274028,110.0,
2020-11-21 15:00:00,aeroporto,Aeroporto SBJV,,,,,
2020-11-21 16:00:00,aeroporto,Aeroporto SBJV,24.0,69.14,4.62673223066607,120.0,
2020-11-21 17:00:00,aeroporto,Aeroporto SBJV,23.0,68.94,3.59856951274028,90.0,
2020-11-21 18:00:00,aeroporto,Aeroporto SBJV,22.0,73.27,2.05632543585159,80.0,
2020-11-21 19:00:00,aeroporto,Aeroporto SBJV,21.0,77.9,2.05632543585159,100.0,
2020-11-21 20:00:00,aeroporto,Aeroporto SBJV,20.0,82.86,1.02816271792579,90.0,
2020-11-21 21:00:00,aeroporto,Aeroporto SBJV,20.0,88.26,0.0,0.0,
2020-11-21 22:00:00,aeroporto,Aeroporto SBJV,20.0,88.26,0.0,0.0,
2020-11-21 23:00:00,aeroporto,Aeroporto SBJV,19.0,93.92,0.0,0.0,
2020-11-22 00:00:00,aeroporto,Aeroporto SBJV,,,,,
2020-11-22 01:00:00,aeroporto,Aeroporto SBJV,,,,,
2020-11-22 02:00:00,aeroporto,Aeroporto SBJV,,,,,
2020-11-22 03:00:00,aeroporto,Aeroporto SBJV,,,,,
2020-11-22 04:00:00,aeroporto,Aeroporto SBJV,,,,,
2020-11-22 05:00:00,aeroporto,Aeroporto SBJV,,,,,
2020-11-22 06:00:00,aeroporto,Aeroporto SBJV,19.0,100.0,0.0,0.0,
2020-11-22 07:00:00,aeroporto,Aeroporto SBJV,20.0,100.0,0.0,0.0,
2020-11-22 08:00:00,aeroporto,Aeroporto SBJV,23.0,78.19,0.514081358962897,90.0,
2020-11-22 09:00:00,aeroporto,Aeroporto SBJV,23.0,73.44,1.54224407688869,350.0,
2020-11-22 10:00:00,aeroporto,Aeroporto SBJV,25.0,65.12,2.57040679481448,130.0,
2020-11-22 11:00:00,aeroporto,Aeroporto SBJV,,,,,
2020-11-22 12:00:00,aeroporto,Aeroporto SBJV,26.0,65.33,4.62673223066607,110.0,
2020-11-22 13:00:00,aeroporto,Aeroporto SBJV,27.0,57.84,5.14081358962897,120.0,
2020-11-22 14:00:00,aeroporto,Aeroporto SBJV,27.0,54.3,5.65489494859186,110.0,
2020-11-22 15:00:00,aeroporto,Aeroporto SBJV,,,,,
2020-11-22 16:00:00,aeroporto,Aeroporto SBJV,27.0,57.84,4.11265087170317,90.0,
2020-11-22 17:00:00,aeroporto,Aeroporto SBJV,26.0,61.36,3.08448815377738,60.0,
2020-11-22 18:00:00,aeroporto,Aeroporto SBJV,25.0,65.12,3.59856951274028,50.0,
2020-11-22 19:00:00,aeroporto,Aeroporto SBJV,23.0,78.19,2.57040679481448,60.0,
2020-11-22 20:00:00,aeroporto,Aeroporto SBJV,22.0,83.09,1.02816271792579,30.0,
2020-11-22 21:00:00,aeroporto,Aeroporto SBJV,21.0,88.34,1.02816271792579,110.0,
2020-11-22 22:00:00,aeroporto,Aeroporto SBJV,19.0,93.92,1.02816271792579,320.0,
2020-11-22 23:00:00,aeroporto,Aeroporto SBJV,19.0,100.0,0.0,0.0,
2020-11-23 00:00:00,aeroporto,Aeroporto SBJV,,,,,
2020-11-23 01:00:00,aeroporto,Aeroporto SBJV,,,,,
2020-11-23 02:00:00,aeroporto,Aeroporto SBJV,,,,,
2020-11-23 03:00:00,aeroporto,Aeroporto SBJV,,,,,
2020-11-23 04:00:00,aeroporto,Aeroporto SBJV,,,,,
2020-11-23 05:00:00,aeroporto,Aeroporto SBJV,,,,,
2020-11-23 06:00:00,aeroporto,Aeroporto SBJV,19.0,100.0,1.02816271792579,20.0,
2020-11-23 07:00:00,aeroporto,Aeroporto SBJV,,,,,
2020-11-23 08:00:00,aeroporto,Aeroporto SBJV,23.0,78.19,0.0,0.0,
2020-11-23 09:00:00,aeroporto,Aeroporto SBJV,25.0,69.33,1.54224407688869,330.0,
2020-11-23 10:00:00,aeroporto,Aeroporto SBJV,26.0,65.33,2.57040679481448,70.0,
2020-11-23 11:00:00,aeroporto,Aeroporto SBJV,26.0,65.33,3.08448815377738,130.0,
2020-11-23 12:00:00,aeroporto,Aeroporto SBJV,28.0,51.21,3.08448815377738,60.0,
2020-11-23 13:00:00,aeroporto,Aeroporto SBJV,28.0,54.55,3.59856951274028,70.0,
2020-11-23 14:00:00,aeroporto,Aeroporto SBJV,,,,,
2020-11-23 15:00:00,aeroporto,Aeroporto SBJV,28.0,58.08,5.65489494859186,50.0,
2020-11-23 16:00:00,aeroporto,Aeroporto SBJV,26.0,65.33,5.65489494859186,60.0,
2020-11-23 17:00:00,aeroporto,Aeroporto SBJV,26.0,61.36,4.62673223066607,60.0,
2020-11-23 18:00:00,aeroporto,Aeroporto SBJV,25.0,65.12,4.11265087170317,60.0,
2020-11-23 19:00:00,aeroporto,Aeroporto SBJV,23.0,78.19,2.05632543585159,40.0,
2020-11-23 20:00:00,aeroporto,Aeroporto SBJV,21.0,88.34,0.514081358962897,290.0,
2020-11-23 21:00:00,aeroporto,Aeroporto SBJV,20.0,93.97,0.514081358962897,210.0,
2020-11-23 22:00:00,aeroporto,Aeroporto SBJV,21.0,88.34,1.54224407688869,360.0,
2020-11-23 23:00:00,aeroporto,Aeroporto SBJV,23.0,73.44,2.57040679481448,30.0,
2020-11-24 00:00:00,aeroporto,Aeroporto SBJV,,,,,
2020-11-24 01:00:00,aeroporto,Aeroporto SBJV,,,,,
2020-11-24 02:00:00,aeroporto,Aeroporto SBJV,,,,,
2020-11-24 03:00:00,aeroporto,Aeroporto SBJV,,,,,
2020-11-24 04:00:00,aeroporto,Aeroporto SBJV,,,,,
2020-11-24 05:00:00,aeroporto,Aeroporto SBJV,,,,,
2020-11-24 06:00:00,aeroporto,Aeroporto SBJV,20.0,93.97,1.02816271792579,290.0,
2020-11-24 07:00:00,aeroporto,Aeroporto SBJV,22.0,83.09,1.54224407688869,310.0,
2020-11-24 08:00:00,aeroporto,Aeroporto SBJV,23.0,78.19,0.0,0.0,
2020-11-24 09:00:00,aeroporto,Aeroporto SBJV,24.0,73.61,3.08448815377738,30.0,
2020-11-24 10:00:00,aeroporto,Aeroporto SBJV,,,,,
2020-11-24 11:00:00,aeroporto,Aeroporto SBJV,27.0,57.84,4.11265087170317,70.0,
2020-11-24 12:00:00,aeroporto,Aeroporto SBJV,27.0,61.58,4.62673223066607,80.0,
2020-11-24 13:00:00,aeroporto,Aeroporto SBJV,27.0,61.58,5.14081358962897,70.0,
2020-11-24 14:00:00,aeroporto,Aeroporto SBJV,,,,,
2020-11-24 15:00:00,aeroporto,Aeroporto SBJV,27.0,65.54,5.65489494859186,70.0,
2020-11-24 16:00:00,aeroporto,Aeroporto SBJV,25.0,73.78,5.65489494859186,60.0,
2020-11-24 17:00:00,aeroporto,Aeroporto SBJV,25.0,73.78,4.62673223066607,60.0,
2020-11-24 18:00:00,aeroporto,Aeroporto SBJV,24.0,78.34,5.65489494859186,50.0,
2020-11-24 19:00:00,aeroporto,Aeroporto SBJV,24.0,78.34,4.62673223066607,50.0,
2020-11-24 20:00:00,aeroporto,Aeroporto SBJV,24.0,78.34,4.62673223066607,40.0,
2020-11-24 21:00:00,aeroporto,Aeroporto SBJV,24.0,83.32,2.57040679481448,50.0,
2020-11-24 22:00:00,aeroporto,Aeroporto SBJV,24.0,83.32,4.11265087170317,40.0,
2020-11-24 23:00:00,aeroporto,Aeroporto SBJV,24.0,83.32,3.59856951274028,40.0,
2020-11-25 00:00:00,aeroporto,Aeroporto SBJV,,,,,
2020-11-25 01:00:00,aeroporto,Aeroporto SBJV,,,,,
2020-11-25 02:00:00,aeroporto,Aeroporto SBJV,,,,,
2020-11-25 03:00:00,aeroporto,Aeroporto SBJV,,,,,
2020-11-25 04:00:00,aeroporto,Aeroporto SBJV,,,,,
2020-11-25 05:00:00,aeroporto,Aeroporto SBJV,,,,,
2020-11-25 06:00:00,aeroporto,Aeroporto SBJV,22.0,94.06,1.54224407688869,300.0,
2020-11-25 07:00:00,aeroporto,Aeroporto SBJV,23.0,88.51,2.05632543585159,320.0,
2020-11-25 08:00:00,aeroporto,Aeroporto SBJV,26.0,73.95,3.59856951274028,30.0,
2020-11-25 09:00:00,aeroporto,Aeroporto SBJV,27.0,69.71,4.11265087170317,50.0,
2020-11-25 10:00:00,aeroporto,Aeroporto SBJV,28.0,65.74,3.59856951274028,70.0,
2020-11-25 11:00:00,aeroporto,Aeroporto SBJV,28.0,65.74,4.11265087170317,60.0,
2020-11-25 12:00:00,aeroporto,Aeroporto SBJV,29.0,62.03,4.62673223066607,60.0,
2020-11-25 13:00:00,aeroporto,Aeroporto SBJV,29.0,62.03,5.14081358962897,60.0,
2020-11-25 14:00:00,aeroporto,Aeroporto SBJV,28.0,69.9,5.14081358962897,60.0,
2020-11-25 15:00:00,aeroporto,Aeroporto SBJV,28.0,65.74,4.62673223066607,60.0,
2020-11-25 16:00:00,aeroporto,Aeroporto SBJV,27.0,74.11,5.14081358962897,60.0,
2020-11-25 17:00:00,aeroporto,Aeroporto SBJV,26.0,73.95,5.14081358962897,60.0,
2020-11-25 18:00:00,aeroporto,Aeroporto SBJV,25.0,78.48,4.11265087170317,60.0,
2020-11-25 19:00:00,aeroporto,Aeroporto SBJV,25.0,78.48,3.59856951274028,70.0,
2020-11-25 20:00:00,aeroporto,Aeroporto SBJV,,,,,
2020-11-25 21:00:00,aeroporto,Aeroporto SBJV,25.0,83.44,2.05632543585159,30.0,
2020-11-25 22:00:00,aeroporto,Aeroporto SBJV,,,,,
2020-11-25 23:00:00,aeroporto,Aeroporto SBJV,25.0,83.44,2.57040679481448,40.0,
2020-11-26 00:00:00,aeroporto,Aeroporto SBJV,,,,,
2020-11-26 01:00:00,aeroporto,Aeroporto SBJV,,,,,
2020-11-26 02:00:00,aeroporto,Aeroporto SBJV,,,,,
2020-11-26 03:00:00,aeroporto,Aeroporto SBJV,,,,,
2020-11-26 04:00:00,aeroporto,Aeroporto SBJV,,,,,
2020-11-26 05:00:00,aeroporto,Aeroporto SBJV,,,,,
2020-11-26 06:00:00,aeroporto,Aeroporto SBJV,23.0,94.1,2.05632543585159,290.0,
2020-11-26 07:00:00,aeroporto,Aeroporto SBJV,24.0,88.59,0.0,0.0,
2020-11-26 08:00:00,aeroporto,Aeroporto SBJV,25.0,83.44,0.0,0.0,
2020-11-26 09:00:00,aeroporto,Aeroporto SBJV,26.0,83.55,1.02816271792579,110.0,
2020-11-26 10:00:00,aeroporto,Aeroporto SBJV,28.0,74.28,1.54224407688869,130.0,
2020-11-26 11:00:00,aeroporto,Aeroporto SBJV,29.0,74.44,3.08448815377738,110.0,
2020-11-26 12:00:00,aeroporto,Aeroporto SBJV,,,,,
2020-11-26 13:00:00,aeroporto,Aeroporto SBJV,31.0,66.35,4.11265087170317,120.0,
2020-11-26 14:00:00,aeroporto,Aeroporto SBJV,31.0,66.35,4.62673223066607,120.0,
2020-11-26 15:00:00,aeroporto,Aeroporto SBJV,31.0,70.45,5.65489494859186,130.0,
2020-11-26 16:00:00,aeroporto,Aeroporto SBJV,31.0,70.45,4.62673223066607,140.0,
2020-11-26 17:00:00,aeroporto,Aeroporto SBJV,29.0,79.04,3.59856951274028,140.0,
2020-11-26 18:00:00,aeroporto,Aeroporto SBJV,27.0,83.66,2.57040679481448,200.0,
2020-11-26 19:00:00,aeroporto,Aeroporto SBJV,26.0,88.75,2.05632543585159,240.0,
2020-11-26 20:00:00,aeroporto,Aeroporto SBJV,25.0,88.67,2.57040679481448,310.0,
2020-11-26 21:00:00,aeroporto,Aeroporto SBJV,,,,,
2020-11-26 22:00:00,aeroporto,Aeroporto SBJV,25.0,88.67,1.54224407688869,150.0,
2020-11-26 23:00:00,aeroporto,Aeroporto SBJV,25.0,88.67,2.05632543585159,150.0,
2020-11-27 00:00:00,aeroporto,Aeroporto SBJV,,,,,
2020-11-27 01:00:00,aeroporto,Aeroporto SBJV,,,,,
2020-11-27 02:00:00,aeroporto,Aeroporto SBJV,,,,,
2020-11-27 03:00:00,aeroporto,Aeroporto SBJV,,,,,
2020-11-27 04:00:00,aeroporto,Aeroporto SBJV,,,,,
2020-11-27 05:00:00,aeroporto,Aeroporto SBJV,,,,,
2020-11-27 06:00:00,aeroporto,Aeroporto SBJV,23.0,100.0,0.514081358962897,300.0,
2020-11-27 07:00:00,aeroporto,Aeroporto SBJV,24.0,94.14,1.54224407688869,360.0,
2020-11-27 08:00:00,aeroporto,Aeroporto SBJV,25.0,88.67,0.514081358962897,160.0,
2020-11-27 09:00:00,aeroporto,Aeroporto SBJV,25.0,83.44,2.57040679481448,160.0,
2020-11-27 10:00:00,aeroporto,Aeroporto SBJV,25.0,83.44,3.08448815377738,140.0,
2020-11-27 11:00:00,aeroporto,Aeroporto SBJV,25.0,83.44,1.02816271792579,180.0,
2020-11-27 12:00:00,aeroporto,Aeroporto SBJV,,,,,
2020-11-27 13:00:00,aeroporto,Aeroporto SBJV,24.0,88.59,3.08448815377738,160.0,
2020-11-27 14:00:00,aeroporto,Aeroporto SBJV,24.0,88.59,3.08448815377738,160.0,
2020-11-27 15:00:00,aeroporto,Aeroporto SBJV,,,,,
2020-11-27 16:00:00,aeroporto,Aeroporto SBJV,24.0,88.59,2.57040679481448,160.0,
2020-11-27 17:00:00,aeroporto,Aeroporto SBJV,,,,,
2020-11-27 18:00:00,aeroporto,Aeroporto SBJV,23.0,100.0,2.05632543585159,180.0,
2020-11-27 19:00:00,aeroporto,Aeroporto SBJV,23.0,100.0,2.57040679481448,170.0,
2020-11-27 20:00:00,aeroporto,Aeroporto SBJV,23.0,100.0,2.57040679481448,180.0,
2020-11-27 21:00:00,aeroporto,Aeroporto SBJV,23.0,100.0,2.57040679481448,190.0,
2020-11-27 22:00:00,aeroporto,Aeroporto SBJV,22.0,100.0,2.57040679481448,160.0,
2020-11-27 23:00:00,aeroporto,Aeroporto SBJV,23.0,94.1,0.514081358962897,140.0,
2020-11-28 00:00:00,aeroporto,Aeroporto SBJV,,,,,
2020-11-28 01:00:00,aeroporto,Aeroporto SBJV,,,,,
2020-11-28 02:00:00,aeroporto,Aeroporto SBJV,,,,,
2020-11-28 03:00:00,aeroporto,Aeroporto SBJV,,,,,
2020-11-28 04:00:00,aeroporto,Aeroporto SBJV,,,,,
2020-11-28 05:00:00,aeroporto,Aeroporto SBJV,,,,,
2020-11-28 06:00:00,aeroporto,Aeroporto SBJV,22.0,100.0,1.02816271792579,290.0,
2020-11-28 07:00:00,aeroporto,Aeroporto SBJV,,,,,
2020-11-28 08:00:00,aeroporto,Aeroporto SBJV,25.0,88.67,1.54224407688869,330.0,
2020-11-28 09:00:00,aeroporto,Aeroporto SBJV,,,,,
2020-11-28 10:00:00,aeroporto,Aeroporto SBJV,28.0,65.74,2.57040679481448,60.0,
2020-11-28 11:00:00,aeroporto,Aeroporto SBJV,29.0,58.32,3.59856951274028,80.0,
2020-11-28 12:00:00,aeroporto,Aeroporto SBJV,30.0,58.55,3.08448815377738,70.0,
2020-11-28 13:00:00,aeroporto,Aeroporto SBJV,30.0,66.15,5.14081358962897,130.0,
2020-11-28 14:00:00,aeroporto,Aeroporto SBJV,30.0,62.25,4.62673223066607,90.0,
2020-11-28 15:00:00,aeroporto,Aeroporto SBJV,,,,,
2020-11-28 16:00:00,aeroporto,Aeroporto SBJV,29.0,70.08,5.14081358962897,80.0,
2020-11-28 17:00:00,aeroporto,Aeroporto SBJV,27.0,74.11,4.11265087170317,50.0,
2020-11-28 18:00:00,aeroporto,Aeroporto SBJV,26.0,78.62,3.59856951274028,130.0,
2020-11-28 19:00:00,aeroporto,Aeroporto SBJV,25.0,78.48,1.54224407688869,90.0,
2020-11-28 20:00:00,aeroporto,Aeroporto SBJV,,,,,
2020-11-28 21:00:00,aeroporto,Aeroporto SBJV,24.0,88.59,2.05632543585159,360.0,
2020-11-28 22:00:00,aeroporto,Aeroporto SBJV,23.0,94.1,1.54224407688869,120.0,
2020-11-28 23:00:00,aeroporto,Aeroporto SBJV,23.0,94.1,1.02816271792579,260.0,
2020-11-29 00:00:00,aeroporto,Aeroporto SBJV,,,,,
2020-11-29 01:00:00,aeroporto,Aeroporto SBJV,,,,,
2020-11-29 02:00:00,aeroporto,Aeroporto SBJV,,,,,
2020-11-29 03:00:00,aeroporto,Aeroporto SBJV,,,,,
2020-11-29 04:00:00,aeroporto,Aeroporto SBJV,,,,,
2020-11-29 05:00:00,aeroporto,Aeroporto SBJV,,,,,
2020-11-29 06:00:00,aeroporto,Aeroporto SBJV,22.0,94.06,1.02816271792579,270.0,
2020-11-29 07:00:00,aeroporto,Aeroporto SBJV,23.0,94.1,1.02816271792579,320.0,
2020-11-29 08:00:00,aeroporto,Aeroporto SBJV,25.0,83.44,0.0,0.0,
2020-11-29 09:00:00,aeroporto,Aeroporto SBJV,25.0,83.44,3.08448815377738,220.0,
2020-11-29 10:00:00,aeroporto,Aeroporto SBJV,28.0,65.74,2.05632543585159,70.0,
2020-11-29 11:00:00,aeroporto,Aeroporto SBJV,29.0,65.95,4.11265087170317,90.0,
2020-11-29 12:00:00,aeroporto,Aeroporto SBJV,30.0,58.55,2.05632543585159,60.0,
2020-11-29 13:00:00,aeroporto,Aeroporto SBJV,30.0,66.15,4.62673223066607,130.0,
2020-11-29 14:00:00,aeroporto,Aeroporto SBJV,31.0,66.35,3.08448815377738,130.0,
2020-11-29 15:00:00,aeroporto,Aeroporto SBJV,32.0,59.01,2.05632543585159,130.0,
2020-11-29 16:00:00,aeroporto,Aeroporto SBJV,32.0,59.01,2.57040679481448,10.0,
2020-11-29 17:00:00,aeroporto,Aeroporto SBJV,28.0,78.9,3.08448815377738,110.0,
2020-11-29 18:00:00,aeroporto,Aeroporto SBJV,28.0,74.28,1.54224407688869,350.0,
2020-11-29 19:00:00,aeroporto,Aeroporto SBJV,,,,,
2020-11-29 20:00:00,aeroporto,Aeroporto SBJV,25.0,88.67,2.05632543585159,340.0,
2020-11-29 21:00:00,aeroporto,Aeroporto SBJV,25.0,88.67,0.0,0.0,
2020-11-29 22:00:00,aeroporto,Aeroporto SBJV,23.0,94.1,0.0,0.0,
2020-11-29 23:00:00,aeroporto,Aeroporto SBJV,23.0,94.1,1.54224407688869,310.0,
2020-11-30 00:00:00,aeroporto,Aeroporto SBJV,,,,,
2020-11-30 01:00:00,aeroporto,Aeroporto SBJV,,,,,
2020-11-30 02:00:00,aeroporto,Aeroporto SBJV,,,,,
2020-11-30 03:00:00,aeroporto,Aeroporto SBJV,,,,,
2020-11-30 04:00:00,aeroporto,Aeroporto SBJV,,,,,
2020-11-30 05:00:00,aeroporto,Aeroporto SBJV,,,,,
2020-11-30 06:00:00,aeroporto,Aeroporto SBJV,21.0,100.0,2.05632543585159,160.0,
2020-11-30 07:00:00,aeroporto,Aeroporto SBJV,24.0,78.34,1.54224407688869,140.0,
2020-11-30 08:00:00,aeroporto,Aeroporto SBJV,26.0,69.52,1.54224407688869,160.0,
2020-11-30 09:00:00,aeroporto,Aeroporto SBJV,28.0,65.74,0.514081358962897,300.0,
2020-11-30 10:00:00,aeroporto,Aeroporto SBJV,29.0,58.32,2.05632543585159,20.0,
2020-11-30 11:00:00,aeroporto,Aeroporto SBJV,31.0,62.47,1.02816271792579,160.0,
2020-11-30 12:00:00,aeroporto,Aeroporto SBJV,,,,,
2020-11-30 13:00:00,aeroporto,Aeroporto SBJV,31.0,58.78,3.08448815377738,130.0,
2020-11-30 14:00:00,aeroporto,Aeroporto SBJV,31.0,58.78,5.14081358962897,120.0,
2020-11-30 15:00:00,aeroporto,Aeroporto SBJV,28.0,78.9,3.59856951274028,120.0,
2020-11-30 16:00:00,aeroporto,Aeroporto SBJV,27.0,78.76,3.59856951274028,130.0,
2020-11-30 17:00:00,aeroporto,Aeroporto SBJV,27.0,78.76,3.59856951274028,140.0,
2020-11-30 18:00:00,aeroporto,Aeroporto SBJV,25.0,83.44,5.65489494859186,140.0,
2020-11-30 19:00:00,aeroporto,Aeroporto SBJV,25.0,83.44,3.59856951274028,160.0,
2020-11-30 20:00:00,aeroporto,Aeroporto SBJV,24.0,88.59,4.11265087170317,140.0,
2020-11-30 21:00:00,aeroporto,Aeroporto SBJV,24.0,88.59,4.11265087170317,140.0,
2020-11-30 22:00:00,aeroporto,Aeroporto SBJV,24.0,88.59,3.59856951274028,160.0,
2020-11-30 23:00:00,aeroporto,Aeroporto SBJV,22.0,88.43,3.59856951274028,170.0,
2020-12-01 00:00:00,aeroporto,Aeroporto SBJV,21.0,94.01,2.57040679481448,240.0,
2020-12-01 01:00:00,aeroporto,Aeroporto SBJV,,,,,
2020-12-01 02:00:00,aeroporto,Aeroporto SBJV,,,,,
2020-12-01 03:00:00,aeroporto,Aeroporto SBJV,,,,,
2020-12-01 04:00:00,aeroporto,Aeroporto SBJV,,,,,
2020-12-01 05:00:00,aeroporto,Aeroporto SBJV,,,,,
2020-12-01 06:00:00,aeroporto,Aeroporto SBJV,21.0,94.01,2.05632543585159,320.0,
2020-12-01 07:00:00,aeroporto,Aeroporto SBJV,21.0,94.01,2.57040679481448,320.0,
2020-12-01 08:00:00,aeroporto,Aeroporto SBJV,,,,,
2020-12-01 09:00:00,aeroporto,Aeroporto SBJV,22.0,88.43,1.54224407688869,10.0,
2020-12-01 10:00:00,aeroporto,Aeroporto SBJV,,,,,
2020-12-01 11:00:00,aeroporto,Aeroporto SBJV,,,,,
2020-12-01 12:00:00,aeroporto,Aeroporto SBJV,,,,,
2020-12-01 13:00:00,aeroporto,Aeroporto SBJV,,,,,
2020-12-01 14:00:00,aeroporto,Aeroporto SBJV,22.0,88.43,1.54224407688869,160.0,
2020-12-01 15:00:00,aeroporto,Aeroporto SBJV,,,,,
2020-12-01 16:00:00,aeroporto,Aeroporto SBJV,22.0,94.06,1.54224407688869,290.0,
2020-12-01 17:00:00,aeroporto,Aeroporto SBJV,22.0,88.43,2.05632543585159,310.0,
2020-12-01 18:00:00,aeroporto,Aeroporto SBJV,22.0,94.06,1.54224407688869,10.0,
2020-12-01 19:00:00,aeroporto,Aeroporto SBJV,21.0,94.01,2.05632543585159,20.0,
2020-12-01 20:00:00,aeroporto,Aeroporto SBJV,21.0,94.01,1.02816271792579,280.0,
2020-12-01 21:00:00,aeroporto,Aeroporto SBJV,,,,,
2020-12-01 22:00:00,aeroporto,Aeroporto SBJV,21.0,94.01,1.54224407688869,340.0,
2020-12-01 23:00:00,aeroporto,Aeroporto SBJV,21.0,94.01,1.54224407688869,330.0,
2020-12-02 00:00:00,aeroporto,Aeroporto SBJV,,,,,
2020-12-02 01:00:00,aeroporto,Aeroporto SBJV,,,,,
2020-12-02 02:00:00,aeroporto,Aeroporto SBJV,,,,,
2020-12-02 03:00:00,aeroporto,Aeroporto SBJV,,,,,
2020-12-02 04:00:00,aeroporto,Aeroporto SBJV,,,,,
2020-12-02 05:00:00,aeroporto,Aeroporto SBJV,,,,,
2020-12-02 06:00:00,aeroporto,Aeroporto SBJV,21.0,94.01,0.0,0.0,
2020-12-02 07:00:00,aeroporto,Aeroporto SBJV,21.0,100.0,1.02816271792579,320.0,
2020-12-02 08:00:00,aeroporto,Aeroporto SBJV,23.0,88.51,1.02816271792579,210.0,
2020-12-02 09:00:00,aeroporto,Aeroporto SBJV,,,,,
2020-12-02 10:00:00,aeroporto,Aeroporto SBJV,25.0,83.44,1.02816271792579,210.0,
2020-12-02 11:00:00,aeroporto,Aeroporto SBJV,26.0,78.62,3.08448815377738,120.0,
2020-12-02 12:00:00,aeroporto,Aeroporto SBJV,26.0,78.62,2.57040679481448,120.0,
2020-12-02 13:00:00,aeroporto,Aeroporto SBJV,,,,,
2020-12-02 14:00:00,aeroporto,Aeroporto SBJV,27.0,74.11,3.08448815377738,80.0,
2020-12-02 15:00:00,aeroporto,Aeroporto SBJV,27.0,74.11,3.59856951274028,130.0,
2020-12-02 16:00:00,aeroporto,Aeroporto SBJV,,,,,
2020-12-02 17:00:00,aeroporto,Aeroporto SBJV,27.0,74.11,3.08448815377738,60.0,
2020-12-02 18:00:00,aeroporto,Aeroporto SBJV,,,,,
2020-12-02 19:00:00,aeroporto,Aeroporto SBJV,25.0,83.44,3.08448815377738,40.0,
2020-12-02 20:00:00,aeroporto,Aeroporto SBJV,25.0,83.44,3.59856951274028,50.0,
2020-12-02 21:00:00,aeroporto,Aeroporto SBJV,,,,,
2020-12-02 22:00:00,aeroporto,Aeroporto SBJV,25.0,83.44,3.59856951274028,50.0,
2020-12-02 23:00:00,aeroporto,Aeroporto SBJV,25.0,88.67,3.59856951274028,30.0,
2020-12-03 00:00:00,aeroporto,Aeroporto SBJV,,,,,
2020-12-03 01:00:00,aeroporto,Aeroporto SBJV,,,,,
2020-12-03 02:00:00,aeroporto,Aeroporto SBJV,,,,,
2020-12-03 03:00:00,aeroporto,Aeroporto SBJV,,,,,
2020-12-03 04:00:00,aeroporto,Aeroporto SBJV,,,,,
2020-12-03 05:00:00,aeroporto,Aeroporto SBJV,,,,,
2020-12-03 06:00:00,aeroporto,Aeroporto SBJV,21.0,94.01,2.05632543585159,100.0,
2020-12-03 07:00:00,aeroporto,Aeroporto SBJV,21.0,100.0,1.54224407688869,330.0,
2020-12-03 08:00:00,aeroporto,Aeroporto SBJV,22.0,94.06,1.54224407688869,350.0,
2020-12-03 09:00:00,aeroporto,Aeroporto SBJV,22.0,94.06,5.65489494859186,220.0,
2020-12-03 10:00:00,aeroporto,Aeroporto SBJV,,,,,
2020-12-03 11:00:00,aeroporto,Aeroporto SBJV,25.0,83.44,3.08448815377738,30.0,
2020-12-03 12:00:00,aeroporto,Aeroporto SBJV,,,,,
2020-12-03 13:00:00,aeroporto,Aeroporto SBJV,27.0,74.11,4.11265087170317,120.0,
2020-12-03 14:00:00,aeroporto,Aeroporto SBJV,27.0,78.76,2.57040679481448,180.0,
2020-12-03 15:00:00,aeroporto,Aeroporto SBJV,28.0,78.9,1.54224407688869,140.0,
2020-12-03 16:00:00,aeroporto,Aeroporto SBJV,29.0,58.32,2.05632543585159,270.0,
2020-12-03 17:00:00,aeroporto,Aeroporto SBJV,29.0,58.32,3.59856951274028,280.0,
2020-12-03 18:00:00,aeroporto,Aeroporto SBJV,28.0,65.74,2.57040679481448,360.0,
2020-12-03 19:00:00,aeroporto,Aeroporto SBJV,27.0,61.58,2.57040679481448,360.0,
2020-12-03 20:00:00,aeroporto,Aeroporto SBJV,26.0,65.33,2.57040679481448,280.0,
2020-12-03 21:00:00,aeroporto,Aeroporto SBJV,23.0,83.21,1.54224407688869,90.0,
2020-12-03 22:00:00,aeroporto,Aeroporto SBJV,22.0,88.43,1.02816271792579,360.0,
2020-12-03 23:00:00,aeroporto,Aeroporto SBJV,,,,,
2020-12-04 00:00:00,aeroporto,Aeroporto SBJV,22.0,88.43,3.08448815377738,150.0,
2020-12-04 01:00:00,aeroporto,Aeroporto SBJV,,,,,
2020-12-04 02:00:00,aeroporto,Aeroporto SBJV,,,,,
2020-12-04 03:00:00,aeroporto,Aeroporto SBJV,,,,,
2020-12-04 04:00:00,aeroporto,Aeroporto SBJV,,,,,
2020-12-04 05:00:00,aeroporto,Aeroporto SBJV,,,,,
2020-12-04 06:00:00,aeroporto,Aeroporto SBJV,21.0,94.01,1.54224407688869,340.0,
2020-12-04 07:00:00,aeroporto,Aeroporto SBJV,,,,,
2020-12-04 08:00:00,aeroporto,Aeroporto SBJV,25.0,73.78,2.05632543585159,360.0,
2020-12-04 09:00:00,aeroporto,Aeroporto SBJV,27.0,61.58,2.05632543585159,80.0,
2020-12-04 10:00:00,aeroporto,Aeroporto SBJV,,,,,
2020-12-04 11:00:00,aeroporto,Aeroporto SBJV,29.0,54.8,4.11265087170317,110.0,
2020-12-04 12:00:00,aeroporto,Aeroporto SBJV,29.0,51.47,4.62673223066607,120.0,
2020-12-04 13:00:00,aeroporto,Aeroporto SBJV,,,,,
2020-12-04 14:00:00,aeroporto,Aeroporto SBJV,29.0,54.8,3.08448815377738,50.0,
2020-12-04 15:00:00,aeroporto,Aeroporto SBJV,29.0,51.47,6.16897630755476,120.0,
2020-12-04 16:00:00,aeroporto,Aeroporto SBJV,27.0,61.58,4.62673223066607,100.0,
2020-12-04 17:00:00,aeroporto,Aeroporto SBJV,27.0,61.58,3.08448815377738,110.0,
2020-12-04 18:00:00,aeroporto,Aeroporto SBJV,,,,,
2020-12-04 19:00:00,aeroporto,Aeroporto SBJV,25.0,73.78,2.57040679481448,80.0,
2020-12-04 20:00:00,aeroporto,Aeroporto SBJV,24.0,83.32,1.54224407688869,90.0,
2020-12-04 21:00:00,aeroporto,Aeroporto SBJV,24.0,83.32,1.54224407688869,60.0,
2020-12-04 22:00:00,aeroporto,Aeroporto SBJV,23.0,94.1,1.54224407688869,50.0,
2020-12-04 23:00:00,aeroporto,Aeroporto SBJV,23.0,88.51,1.54224407688869,130.0,
2020-12-05 00:00:00,aeroporto,Aeroporto SBJV,,,,,
2020-12-05 01:00:00,aeroporto,Aeroporto SBJV,,,,,
2020-12-05 02:00:00,aeroporto,Aeroporto SBJV,,,,,
2020-12-05 03:00:00,aeroporto,Aeroporto SBJV,,,,,
2020-12-05 04:00:00,aeroporto,Aeroporto SBJV,,,,,
2020-12-05 05:00:00,aeroporto,Aeroporto SBJV,,,,,
2020-12-05 06:00:00,aeroporto,Aeroporto SBJV,20.0,100.0,1.02816271792579,270.0,
2020-12-05 07:00:00,aeroporto,Aeroporto SBJV,20.0,93.97,2.05632543585159,250.0,
2020-12-05 08:00:00,aeroporto,Aeroporto SBJV,19.0,93.92,3.08448815377738,280.0,
2020-12-05 09:00:00,aeroporto,Aeroporto SBJV,19.0,100.0,0.514081358962897,260.0,
2020-12-05 10:00:00,aeroporto,Aeroporto SBJV,18.0,100.0,4.62673223066607,330.0,
2020-12-05 11:00:00,aeroporto,Aeroporto SBJV,19.0,100.0,2.05632543585159,330.0,
2020-12-05 12:00:00,aeroporto,Aeroporto SBJV,,,,,
2020-12-05 13:00:00,aeroporto,Aeroporto SBJV,21.0,82.98,0.514081358962897,250.0,
2020-12-05 14:00:00,aeroporto,Aeroporto SBJV,20.0,93.97,1.54224407688869,210.0,
2020-12-05 15:00:00,aeroporto,Aeroporto SBJV,20.0,93.97,1.54224407688869,190.0,
2020-12-05 16:00:00,aeroporto,Aeroporto SBJV,19.0,100.0,2.05632543585159,180.0,
2020-12-05 17:00:00,aeroporto,Aeroporto SBJV,,,,,
2020-12-05 18:00:00,aeroporto,Aeroporto SBJV,18.0,93.88,3.59856951274028,150.0,
2020-12-05 19:00:00,aeroporto,Aeroporto SBJV,18.0,93.88,4.62673223066607,120.0,
2020-12-05 20:00:00,aeroporto,Aeroporto SBJV,18.0,93.88,2.05632543585159,130.0,
2020-12-05 21:00:00,aeroporto,Aeroporto SBJV,,,,,
2020-12-05 22:00:00,aeroporto,Aeroporto SBJV,18.0,100.0,1.02816271792579,310.0,
2020-12-05 23:00:00,aeroporto,Aeroporto SBJV,18.0,100.0,1.54224407688869,310.0,
2020-12-06 00:00:00,aeroporto,Aeroporto SBJV,,,,,
2020-12-06 01:00:00,aeroporto,Aeroporto SBJV,,,,,
2020-12-06 02:00:00,aeroporto,Aeroporto SBJV,,,,,
2020-12-06 03:00:00,aeroporto,Aeroporto SBJV,,,,,
2020-12-06 04:00:00,aeroporto,Aeroporto SBJV,,,,,
2020-12-06 05:00:00,aeroporto,Aeroporto SBJV,,,,,
2020-12-06 06:00:00,aeroporto,Aeroporto SBJV,18.0,100.0,1.02816271792579,230.0,
2020-12-06 07:00:00,aeroporto,Aeroporto SBJV,18.0,100.0,1.54224407688869,280.0,
2020-12-06 08:00:00,aeroporto,Aeroporto SBJV,19.0,100.0,1.02816271792579,190.0,
2020-12-06 09:00:00,aeroporto,Aeroporto SBJV,,,,,
2020-12-06 10:00:00,aeroporto,Aeroporto SBJV,19.0,93.92,1.54224407688869,140.0,
2020-12-06 11:00:00,aeroporto,Aeroporto SBJV,,,,,
2020-12-06 12:00:00,aeroporto,Aeroporto SBJV,20.0,93.97,1.54224407688869,200.0,
2020-12-06 13:00:00,aeroporto,Aeroporto SBJV,,,,,
2020-12-06 14:00:00,aeroporto,Aeroporto SBJV,20.0,100.0,6.68305766651766,130.0,
2020-12-06 15:00:00,aeroporto,Aeroporto SBJV,,,,,
2020-12-06 16:00:00,aeroporto,Aeroporto SBJV,20.0,93.97,4.62673223066607,120.0,
2020-12-06 17:00:00,aeroporto,Aeroporto SBJV,,,,,
2020-12-06 18:00:00,aeroporto,Aeroporto SBJV,20.0,93.97,5.14081358962897,120.0,
2020-12-06 19:00:00,aeroporto,Aeroporto SBJV,20.0,93.97,4.62673223066607,110.0,
2020-12-06 20:00:00,aeroporto,Aeroporto SBJV,20.0,93.97,4.11265087170317,110.0,
2020-12-06 21:00:00,aeroporto,Aeroporto SBJV,,,,,
2020-12-06 22:00:00,aeroporto,Aeroporto SBJV,20.0,100.0,2.57040679481448,140.0,
2020-12-06 23:00:00,aeroporto,Aeroporto SBJV,20.0,100.0,2.05632543585159,140.0,
2020-12-07 00:00:00,aeroporto,Aeroporto SBJV,,,,,
2020-12-07 01:00:00,aeroporto,Aeroporto SBJV,,,,,
2020-12-07 02:00:00,aeroporto,Aeroporto SBJV,,,,,
2020-12-07 03:00:00,aeroporto,Aeroporto SBJV,,,,,
2020-12-07 04:00:00,aeroporto,Aeroporto SBJV,,,,,
2020-12-07 05:00:00,aeroporto,Aeroporto SBJV,,,,,
2020-12-07 06:00:00,aeroporto,Aeroporto SBJV,20.0,100.0,4.11265087170317,110.0,
2020-12-07 07:00:00,aeroporto,Aeroporto SBJV,,,,,
2020-12-07 08:00:00,aeroporto,Aeroporto SBJV,20.0,100.0,1.02816271792579,130.0,
2020-12-07 09:00:00,aeroporto,Aeroporto SBJV,21.0,94.01,1.02816271792579,110.0,
2020-12-07 10:00:00,aeroporto,Aeroporto SBJV,21.0,94.01,1.54224407688869,130.0,
2020-12-07 11:00:00,aeroporto,Aeroporto SBJV,22.0,88.43,1.02816271792579,170.0,
2020-12-07 12:00:00,aeroporto,Aeroporto SBJV,22.0,94.06,2.05632543585159,130.0,
2020-12-07 13:00:00,aeroporto,Aeroporto SBJV,22.0,94.06,0.514081358962897,140.0,
2020-12-07 14:00:00,aeroporto,Aeroporto SBJV,22.0,94.06,1.54224407688869,120.0,
2020-12-07 15:00:00,aeroporto,Aeroporto SBJV,24.0,83.32,2.05632543585159,80.0,
2020-12-07 16:00:00,aeroporto,Aeroporto SBJV,22.0,94.06,0.514081358962897,60.0,
2020-12-07 17:00:00,aeroporto,Aeroporto SBJV,,,,,
2020-12-07 18:00:00,aeroporto,Aeroporto SBJV,23.0,88.51,1.02816271792579,330.0,
2020-12-07 19:00:00,aeroporto,Aeroporto SBJV,22.0,94.06,1.02816271792579,340.0,
2020-12-07 20:00:00,aeroporto,Aeroporto SBJV,22.0,94.06,1.02816271792579,350.0,
2020-12-07 21:00:00,aeroporto,Aeroporto SBJV,21.0,100.0,1.02816271792579,300.0,
2020-12-07 22:00:00,aeroporto,Aeroporto SBJV,21.0,100.0,1.54224407688869,310.0,
2020-12-07 23:00:00,aeroporto,Aeroporto SBJV,21.0,100.0,1.02816271792579,280.0,
2020-12-08 00:00:00,aeroporto,Aeroporto SBJV,,,,,
2020-12-08 01:00:00,aeroporto,Aeroporto SBJV,,,,,
2020-12-08 02:00:00,aeroporto,Aeroporto SBJV,,,,,
2020-12-08 03:00:00,aeroporto,Aeroporto SBJV,,,,,
2020-12-08 04:00:00,aeroporto,Aeroporto SBJV,,,,,
2020-12-08 05:00:00,aeroporto,Aeroporto SBJV,,,,,
2020-12-08 06:00:00,aeroporto,Aeroporto SBJV,,,,,
2020-12-08 07:00:00,aeroporto,Aeroporto SBJV,21.0,100.0,1.02816271792579,340.0,
2020-12-08 08:00:00,aeroporto,Aeroporto SBJV,23.0,94.1,0.514081358962897,60.0,
2020-12-08 09:00:00,aeroporto,Aeroporto SBJV,25.0,83.44,1.02816271792579,170.0,
2020-12-08 10:00:00,aeroporto,Aeroporto SBJV,27.0,78.76,2.57040679481448,120.0,
2020-12-08 11:00:00,aeroporto,Aeroporto SBJV,,,,,
2020-12-08 12:00:00,aeroporto,Aeroporto SBJV,28.0,65.74,2.05632543585159,140.0,
2020-12-08 13:00:00,aeroporto,Aeroporto SBJV,29.0,65.95,3.08448815377738,90.0,
2020-12-08 14:00:00,aeroporto,Aeroporto SBJV,30.0,62.25,4.11265087170317,100.0,
2020-12-08 15:00:00,aeroporto,Aeroporto SBJV,30.0,58.55,3.59856951274028,90.0,
2020-12-08 16:00:00,aeroporto,Aeroporto SBJV,30.0,58.55,4.11265087170317,110.0,
2020-12-08 17:00:00,aeroporto,Aeroporto SBJV,31.0,58.78,2.05632543585159,80.0,
2020-12-08 18:00:00,aeroporto,Aeroporto SBJV,26.0,78.62,5.14081358962897,110.0,
2020-12-08 19:00:00,aeroporto,Aeroporto SBJV,25.0,83.44,4.62673223066607,120.0,
2020-12-08 20:00:00,aeroporto,Aeroporto SBJV,24.0,88.59,3.08448815377738,120.0,
2020-12-08 21:00:00,aeroporto,Aeroporto SBJV,24.0,83.32,2.05632543585159,120.0,
2020-12-08 22:00:00,aeroporto,Aeroporto SBJV,24.0,83.32,2.05632543585159,180.0,
2020-12-08 23:00:00,aeroporto,Aeroporto SBJV,23.0,94.1,2.05632543585159,180.0,
2020-12-09 00:00:00,aeroporto,Aeroporto SBJV,,,,,
2020-12-09 01:00:00,aeroporto,Aeroporto SBJV,,,,,
2020-12-09 02:00:00,aeroporto,Aeroporto SBJV,,,,,
2020-12-09 03:00:00,aeroporto,Aeroporto SBJV,,,,,
2020-12-09 04:00:00,aeroporto,Aeroporto SBJV,,,,,
2020-12-09 05:00:00,aeroporto,Aeroporto SBJV,,,,,
2020-12-09 06:00:00,aeroporto,Aeroporto SBJV,21.0,100.0,0.0,0.0,
2020-12-09 07:00:00,aeroporto,Aeroporto SBJV,23.0,94.1,1.02816271792579,190.0,
2020-12-09 08:00:00,aeroporto,Aeroporto SBJV,25.0,83.44,2.57040679481448,160.0,
2020-12-09 09:00:00,aeroporto,Aeroporto SBJV,,,,,
2020-12-09 10:00:00,aeroporto,Aeroporto SBJV,27.0,74.11,2.57040679481448,100.0,
2020-12-09 11:00:00,aeroporto,Aeroporto SBJV,27.0,74.11,3.08448815377738,110.0,
2020-12-09 12:00:00,aeroporto,Aeroporto SBJV,,,,,
2020-12-09 13:00:00,aeroporto,Aeroporto SBJV,29.0,65.95,6.16897630755476,110.0,
2020-12-09 14:00:00,aeroporto,Aeroporto SBJV,28.0,69.9,6.68305766651766,110.0,
2020-12-09 15:00:00,aeroporto,Aeroporto SBJV,29.0,65.95,4.62673223066607,100.0,
2020-12-09 16:00:00,aeroporto,Aeroporto SBJV,28.0,69.9,2.05632543585159,70.0,
2020-12-09 17:00:00,aeroporto,Aeroporto SBJV,26.0,78.62,2.57040679481448,90.0,
2020-12-09 18:00:00,aeroporto,Aeroporto SBJV,25.0,83.44,5.14081358962897,120.0,
2020-12-09 19:00:00,aeroporto,Aeroporto SBJV,24.0,83.32,4.11265087170317,130.0,
2020-12-09 20:00:00,aeroporto,Aeroporto SBJV,24.0,83.32,4.11265087170317,110.0,
2020-12-09 21:00:00,aeroporto,Aeroporto SBJV,24.0,83.32,3.08448815377738,100.0,
2020-12-09 22:00:00,aeroporto,Aeroporto SBJV,24.0,83.32,2.57040679481448,80.0,
2020-12-09 23:00:00,aeroporto,Aeroporto SBJV,22.0,94.06,1.54224407688869,300.0,
2020-12-10 00:00:00,aeroporto,Aeroporto SBJV,,,,,
2020-12-10 01:00:00,aeroporto,Aeroporto SBJV,,,,,
2020-12-10 02:00:00,aeroporto,Aeroporto SBJV,,,,,
2020-12-10 03:00:00,aeroporto,Aeroporto SBJV,,,,,
2020-12-10 04:00:00,aeroporto,Aeroporto SBJV,,,,,
2020-12-10 05:00:00,aeroporto,Aeroporto SBJV,,,,,
2020-12-10 06:00:00,aeroporto,Aeroporto SBJV,21.0,100.0,1.54224407688869,310.0,
2020-12-10 07:00:00,aeroporto,Aeroporto SBJV,22.0,94.06,1.02816271792579,300.0,
2020-12-10 08:00:00,aeroporto,Aeroporto SBJV,,,,,
2020-12-10 09:00:00,aeroporto,Aeroporto SBJV,25.0,78.48,1.02816271792579,50.0,
2020-12-10 10:00:00,aeroporto,Aeroporto SBJV,25.0,78.48,0.514081358962897,140.0,
2020-12-10 11:00:00,aeroporto,Aeroporto SBJV,26.0,73.95,1.54224407688869,40.0,
2020-12-10 12:00:00,aeroporto,Aeroporto SBJV,,,,,
2020-12-10 13:00:00,aeroporto,Aeroporto SBJV,27.0,74.11,3.59856951274028,120.0,
2020-12-10 14:00:00,aeroporto,Aeroporto SBJV,27.0,69.71,6.16897630755476,130.0,
2020-12-10 15:00:00,aeroporto,Aeroporto SBJV,,,,,
2020-12-10 16:00:00,aeroporto,Aeroporto SBJV,27.0,69.71,4.62673223066607,90.0,
2020-12-10 17:00:00,aeroporto,Aeroporto SBJV,27.0,69.71,3.59856951274028,60.0,
2020-12-10 18:00:00,aeroporto,Aeroporto SBJV,26.0,73.95,3.59856951274028,40.0,
2020-12-10 19:00:00,aeroporto,Aeroporto SBJV,25.0,78.48,2.57040679481448,40.0,
2020-12-10 20:00:00,aeroporto,Aeroporto SBJV,,,,,
2020-12-10 21:00:00,aeroporto,Aeroporto SBJV,24.0,83.32,2.05632543585159,30.0,
2020-12-10 22:00:00,aeroporto,Aeroporto SBJV,24.0,83.32,1.54224407688869,130.0,
2020-12-10 23:00:00,aeroporto,Aeroporto SBJV,24.0,83.32,1.54224407688869,40.0,
2020-12-11 00:00:00,aeroporto,Aeroporto SBJV,,,,,
2020-12-11 01:00:00,aeroporto,Aeroporto SBJV,,,,,
2020-12-11 02:00:00,aeroporto,Aeroporto SBJV,,,,,
2020-12-11 03:00:00,aeroporto,Aeroporto SBJV,,,,,
2020-12-11 04:00:00,aeroporto,Aeroporto SBJV,,,,,
2020-12-11 05:00:00,aeroporto,Aeroporto SBJV,,,,,
2020-12-11 06:00:00,aeroporto,Aeroporto SBJV,20.0,100.0,0.0,0.0,
2020-12-11 07:00:00,aeroporto,Aeroporto SBJV,23.0,88.51,1.54224407688869,280.0,
2020-12-11 08:00:00,aeroporto,Aeroporto SBJV,25.0,78.48,1.54224407688869,340.0,
2020-12-11 09:00:00,aeroporto,Aeroporto SBJV,26.0,73.95,1.02816271792579,210.0,
2020-12-11 10:00:00,aeroporto,Aeroporto SBJV,,,,,
2020-12-11 11:00:00,aeroporto,Aeroporto SBJV,28.0,65.74,3.59856951274028,140.0,
2020-12-11 12:00:00,aeroporto,Aeroporto SBJV,28.0,65.74,3.08448815377738,80.0,
2020-12-11 13:00:00,aeroporto,Aeroporto SBJV,29.0,62.03,4.11265087170317,70.0,
2020-12-11 14:00:00,aeroporto,Aeroporto SBJV,30.0,62.25,3.59856951274028,40.0,
2020-12-11 15:00:00,aeroporto,Aeroporto SBJV,30.0,66.15,4.11265087170317,60.0,
2020-12-11 16:00:00,aeroporto,Aeroporto SBJV,29.0,70.08,5.14081358962897,30.0,
2020-12-11 17:00:00,aeroporto,Aeroporto SBJV,28.0,74.28,5.14081358962897,50.0,
2020-12-11 18:00:00,aeroporto,Aeroporto SBJV,,,,,
2020-12-11 19:00:00,aeroporto,Aeroporto SBJV,26.0,83.55,4.11265087170317,50.0,
2020-12-11 20:00:00,aeroporto,Aeroporto SBJV,26.0,83.55,4.11265087170317,40.0,
2020-12-11 21:00:00,aeroporto,Aeroporto SBJV,26.0,83.55,2.57040679481448,360.0,
2020-12-11 22:00:00,aeroporto,Aeroporto SBJV,25.0,88.67,2.57040679481448,40.0,
2020-12-11 23:00:00,aeroporto,Aeroporto SBJV,23.0,100.0,1.54224407688869,270.0,
2020-12-12 00:00:00,aeroporto,Aeroporto SBJV,,,,,
2020-12-12 01:00:00,aeroporto,Aeroporto SBJV,,,,,
2020-12-12 02:00:00,aeroporto,Aeroporto SBJV,,,,,
2020-12-12 03:00:00,aeroporto,Aeroporto SBJV,,,,,
2020-12-12 04:00:00,aeroporto,Aeroporto SBJV,,,,,
2020-12-12 05:00:00,aeroporto,Aeroporto SBJV,,,,,
2020-12-12 06:00:00,aeroporto,Aeroporto SBJV,22.0,100.0,1.54224407688869,330.0,
2020-12-12 07:00:00,aeroporto,Aeroporto SBJV,,,,,
2020-12-12 08:00:00,aeroporto,Aeroporto SBJV,25.0,88.67,1.54224407688869,300.0,
2020-12-12 09:00:00,aeroporto,Aeroporto SBJV,27.0,83.66,0.0,0.0,
2020-12-12 10:00:00,aeroporto,Aeroporto SBJV,,,,,
2020-12-12 11:00:00,aeroporto,Aeroporto SBJV,29.0,74.44,2.57040679481448,110.0,
2020-12-12 12:00:00,aeroporto,Aeroporto SBJV,,,,,
2020-12-12 13:00:00,aeroporto,Aeroporto SBJV,32.0,59.01,2.05632543585159,130.0,
2020-12-12 14:00:00,aeroporto,Aeroporto SBJV,33.0,62.9,4.11265087170317,140.0,
2020-12-12 15:00:00,aeroporto,Aeroporto SBJV,32.0,66.55,3.08448815377738,80.0,
2020-12-12 16:00:00,aeroporto,Aeroporto SBJV,31.0,66.35,3.08448815377738,40.0,
2020-12-12 17:00:00,aeroporto,Aeroporto SBJV,30.0,70.27,0.514081358962897,40.0,
2020-12-12 18:00:00,aeroporto,Aeroporto SBJV,27.0,78.76,9.25346446133214,130.0,
2020-12-12 19:00:00,aeroporto,Aeroporto SBJV,,,,,
2020-12-12 20:00:00,aeroporto,Aeroporto SBJV,23.0,83.21,1.54224407688869,350.0,
2020-12-12 21:00:00,aeroporto,Aeroporto SBJV,23.0,83.21,1.54224407688869,330.0,
2020-12-12 22:00:00,aeroporto,Aeroporto SBJV,,,,,
2020-12-12 23:00:00,aeroporto,Aeroporto SBJV,23.0,88.51,1.54224407688869,330.0,
2020-12-13 00:00:00,aeroporto,Aeroporto SBJV,,,,,
2020-12-13 01:00:00,aeroporto,Aeroporto SBJV,,,,,
2020-12-13 02:00:00,aeroporto,Aeroporto SBJV,,,,,
2020-12-13 03:00:00,aeroporto,Aeroporto SBJV,,,,,
2020-12-13 04:00:00,aeroporto,Aeroporto SBJV,,,,,
2020-12-13 05:00:00,aeroporto,Aeroporto SBJV,,,,,
2020-12-13 06:00:00,aeroporto,Aeroporto SBJV,21.0,100.0,0.0,0.0,
2020-12-13 07:00:00,aeroporto,Aeroporto SBJV,24.0,83.32,0.514081358962897,100.0,
2020-12-13 08:00:00,aeroporto,Aeroporto SBJV,26.0,73.95,1.02816271792579,70.0,
2020-12-13 09:00:00,aeroporto,Aeroporto SBJV,27.0,74.11,1.02816271792579,20.0,
2020-12-13 10:00:00,aeroporto,Aeroporto SBJV,29.0,70.08,1.54224407688869,120.0,
2020-12-13 11:00:00,aeroporto,Aeroporto SBJV,29.0,70.08,3.59856951274028,120.0,
2020-12-13 12:00:00,aeroporto,Aeroporto SBJV,30.0,70.27,3.08448815377738,150.0,
2020-12-13 13:00:00,aeroporto,Aeroporto SBJV,31.0,66.35,2.57040679481448,100.0,
2020-12-13 14:00:00,aeroporto,Aeroporto SBJV,30.0,74.61,3.59856951274028,130.0,
2020-12-13 15:00:00,aeroporto,Aeroporto SBJV,31.0,70.45,2.05632543585159,120.0,
2020-12-13 16:00:00,aeroporto,Aeroporto SBJV,,,,,
2020-12-13 17:00:00,aeroporto,Aeroporto SBJV,29.0,74.44,4.11265087170317,20.0,
2020-12-13 18:00:00,aeroporto,Aeroporto SBJV,,,,,
2020-12-13 19:00:00,aeroporto,Aeroporto SBJV,28.0,78.9,2.57040679481448,30.0,
2020-12-13 20:00:00,aeroporto,Aeroporto SBJV,26.0,88.75,1.02816271792579,330.0,
2020-12-13 21:00:00,aeroporto,Aeroporto SBJV,27.0,78.76,1.54224407688869,340.0,
2020-12-13 22:00:00,aeroporto,Aeroporto SBJV,26.0,88.75,1.02816271792579,60.0,
2020-12-13 23:00:00,aeroporto,Aeroporto SBJV,26.0,88.75,1.54224407688869,120.0,
2020-12-14 00:00:00,aeroporto,Aeroporto SBJV,,,,,
2020-12-14 01:00:00,aeroporto,Aeroporto SBJV,,,,,
2020-12-14 02:00:00,aeroporto,Aeroporto SBJV,,,,,
2020-12-14 03:00:00,aeroporto,Aeroporto SBJV,,,,,
2020-12-14 04:00:00,aeroporto,Aeroporto SBJV,,,,,
2020-12-14 05:00:00,aeroporto,Aeroporto SBJV,,,,,
2020-12-14 06:00:00,aeroporto,Aeroporto SBJV,21.0,100.0,1.02816271792579,300.0,
2020-12-14 07:00:00,aeroporto,Aeroporto SBJV,24.0,88.59,1.02816271792579,350.0,
2020-12-14 08:00:00,aeroporto,Aeroporto SBJV,27.0,74.11,1.02816271792579,120.0,
2020-12-14 09:00:00,aeroporto,Aeroporto SBJV,28.0,69.9,2.57040679481448,100.0,
2020-12-14 10:00:00,aeroporto,Aeroporto SBJV,29.0,65.95,2.05632543585159,140.0,
2020-12-14 11:00:00,aeroporto,Aeroporto SBJV,30.0,62.25,4.62673223066607,130.0,
2020-12-14 12:00:00,aeroporto,Aeroporto SBJV,31.0,66.35,4.62673223066607,120.0,
2020-12-14 13:00:00,aeroporto,Aeroporto SBJV,29.0,74.44,6.68305766651766,120.0,
2020-12-14 14:00:00,aeroporto,Aeroporto SBJV,24.0,88.59,6.68305766651766,140.0,
2020-12-14 15:00:00,aeroporto,Aeroporto SBJV,23.0,100.0,4.11265087170317,120.0,
2020-12-14 16:00:00,aeroporto,Aeroporto SBJV,24.0,94.14,4.11265087170317,120.0,
2020-12-14 17:00:00,aeroporto,Aeroporto SBJV,24.0,94.14,2.57040679481448,60.0,
2020-12-14 18:00:00,aeroporto,Aeroporto SBJV,23.0,94.1,2.05632543585159,340.0,
2020-12-14 19:00:00,aeroporto,Aeroporto SBJV,22.0,100.0,2.05632543585159,300.0,
2020-12-14 20:00:00,aeroporto,Aeroporto SBJV,22.0,100.0,1.02816271792579,120.0,
2020-12-14 21:00:00,aeroporto,Aeroporto SBJV,22.0,100.0,1.02816271792579,210.0,
2020-12-14 22:00:00,aeroporto,Aeroporto SBJV,22.0,100.0,2.05632543585159,280.0,
2020-12-14 23:00:00,aeroporto,Aeroporto SBJV,22.0,100.0,0.0,0.0,
2020-12-15 00:00:00,aeroporto,Aeroporto SBJV,,,,,
2020-12-15 01:00:00,aeroporto,Aeroporto SBJV,,,,,
2020-12-15 02:00:00,aeroporto,Aeroporto SBJV,,,,,
2020-12-15 03:00:00,aeroporto,Aeroporto SBJV,,,,,
2020-12-15 04:00:00,aeroporto,Aeroporto SBJV,,,,,
2020-12-15 05:00:00,aeroporto,Aeroporto SBJV,,,,,
2020-12-15 06:00:00,aeroporto,Aeroporto SBJV,21.0,100.0,1.02816271792579,180.0,
2020-12-15 07:00:00,aeroporto,Aeroporto SBJV,22.0,94.06,0.0,0.0,
2020-12-15 08:00:00,aeroporto,Aeroporto SBJV,22.0,100.0,1.02816271792579,90.0,
2020-12-15 09:00:00,aeroporto,Aeroporto SBJV,22.0,100.0,1.54224407688869,180.0,
2020-12-15 10:00:00,aeroporto,Aeroporto SBJV,,,,,
2020-12-15 11:00:00,aeroporto,Aeroporto SBJV,23.0,94.1,2.57040679481448,180.0,
2020-12-15 12:00:00,aeroporto,Aeroporto SBJV,23.0,94.1,2.57040679481448,150.0,
2020-12-15 13:00:00,aeroporto,Aeroporto SBJV,23.0,94.1,3.08448815377738,160.0,
2020-12-15 14:00:00,aeroporto,Aeroporto SBJV,22.0,100.0,3.08448815377738,160.0,
2020-12-15 15:00:00,aeroporto,Aeroporto SBJV,22.0,100.0,2.05632543585159,200.0,
2020-12-15 16:00:00,aeroporto,Aeroporto SBJV,22.0,100.0,1.02816271792579,240.0,
2020-12-15 17:00:00,aeroporto,Aeroporto SBJV,23.0,94.1,2.05632543585159,250.0,
2020-12-15 18:00:00,aeroporto,Aeroporto SBJV,23.0,94.1,1.54224407688869,200.0,
2020-12-15 19:00:00,aeroporto,Aeroporto SBJV,22.0,100.0,2.05632543585159,320.0,
2020-12-15 20:00:00,aeroporto,Aeroporto SBJV,22.0,100.0,2.05632543585159,10.0,
2020-12-15 21:00:00,aeroporto,Aeroporto SBJV,22.0,100.0,2.05632543585159,10.0,
2020-12-15 22:00:00,aeroporto,Aeroporto SBJV,23.0,94.1,1.02816271792579,30.0,
2020-12-15 23:00:00,aeroporto,Aeroporto SBJV,23.0,94.1,1.54224407688869,90.0,
2020-12-16 00:00:00,aeroporto,Aeroporto SBJV,,,,,
2020-12-16 01:00:00,aeroporto,Aeroporto SBJV,,,,,
2020-12-16 02:00:00,aeroporto,Aeroporto SBJV,,,,,
2020-12-16 03:00:00,aeroporto,Aeroporto SBJV,,,,,
2020-12-16 04:00:00,aeroporto,Aeroporto SBJV,,,,,
2020-12-16 05:00:00,aeroporto,Aeroporto SBJV,,,,,
2020-12-16 06:00:00,aeroporto,Aeroporto SBJV,22.0,100.0,1.02816271792579,270.0,
2020-12-16 07:00:00,aeroporto,Aeroporto SBJV,,,,,
2020-12-16 08:00:00,aeroporto,Aeroporto SBJV,24.0,88.59,1.02816271792579,20.0,
2020-12-16 09:00:00,aeroporto,Aeroporto SBJV,,,,,
2020-12-16 10:00:00,aeroporto,Aeroporto SBJV,26.0,83.55,1.54224407688869,120.0,
2020-12-16 11:00:00,aeroporto,Aeroporto SBJV,,,,,
2020-12-16 12:00:00,aeroporto,Aeroporto SBJV,28.0,78.9,3.59856951274028,90.0,
2020-12-16 13:00:00,aeroporto,Aeroporto SBJV,,,,,
2020-12-16 14:00:00,aeroporto,Aeroporto SBJV,28.0,74.28,2.05632543585159,100.0,
2020-12-16 15:00:00,aeroporto,Aeroporto SBJV,,,,,
2020-12-16 16:00:00,aeroporto,Aeroporto SBJV,27.0,78.76,3.08448815377738,50.0,
2020-12-16 17:00:00,aeroporto,Aeroporto SBJV,27.0,78.76,2.05632543585159,50.0,
2020-12-16 18:00:00,aeroporto,Aeroporto SBJV,27.0,78.76,2.57040679481448,20.0,
2020-12-16 19:00:00,aeroporto,Aeroporto SBJV,26.0,83.55,1.54224407688869,360.0,
2020-12-16 20:00:00,aeroporto,Aeroporto SBJV,,,,,
2020-12-16 21:00:00,aeroporto,Aeroporto SBJV,24.0,100.0,0.0,0.0,
2020-12-16 22:00:00,aeroporto,Aeroporto SBJV,24.0,94.14,1.02816271792579,210.0,
2020-12-16 23:00:00,aeroporto,Aeroporto SBJV,24.0,94.14,1.54224407688869,130.0,
2020-12-17 00:00:00,aeroporto,Aeroporto SBJV,,,,,
2020-12-17 01:00:00,aeroporto,Aeroporto SBJV,,,,,
2020-12-17 02:00:00,aeroporto,Aeroporto SBJV,,,,,
2020-12-17 03:00:00,aeroporto,Aeroporto SBJV,,,,,
2020-12-17 04:00:00,aeroporto,Aeroporto SBJV,,,,,
2020-12-17 05:00:00,aeroporto,Aeroporto SBJV,,,,,
2020-12-17 06:00:00,aeroporto,Aeroporto SBJV,23.0,94.1,0.0,0.0,
2020-12-17 07:00:00,aeroporto,Aeroporto SBJV,23.0,100.0,1.02816271792579,50.0,
2020-12-17 08:00:00,aeroporto,Aeroporto SBJV,25.0,88.67,1.54224407688869,130.0,
2020-12-17 09:00:00,aeroporto,Aeroporto SBJV,27.0,78.76,2.57040679481448,150.0,
2020-12-17 10:00:00,aeroporto,Aeroporto SBJV,,,,,
2020-12-17 11:00:00,aeroporto,Aeroporto SBJV,28.0,78.9,5.65489494859186,130.0,
2020-12-17 12:00:00,aeroporto,Aeroporto SBJV,27.0,83.66,6.16897630755476,130.0,
2020-12-17 13:00:00,aeroporto,Aeroporto SBJV,25.0,88.67,6.16897630755476,150.0,
2020-12-17 14:00:00,aeroporto,Aeroporto SBJV,24.0,88.59,4.62673223066607,160.0,
2020-12-17 15:00:00,aeroporto,Aeroporto SBJV,25.0,83.44,5.14081358962897,160.0,
2020-12-17 16:00:00,aeroporto,Aeroporto SBJV,24.0,88.59,4.62673223066607,160.0,
2020-12-17 17:00:00,aeroporto,Aeroporto SBJV,,,,,
2020-12-17 18:00:00,aeroporto,Aeroporto SBJV,23.0,94.1,2.57040679481448,170.0,
2020-12-17 19:00:00,aeroporto,Aeroporto SBJV,23.0,94.1,2.05632543585159,190.0,
2020-12-17 20:00:00,aeroporto,Aeroporto SBJV,22.0,100.0,1.54224407688869,190.0,
2020-12-17 21:00:00,aeroporto,Aeroporto SBJV,,,,,
2020-12-17 22:00:00,aeroporto,Aeroporto SBJV,,,,,
2020-12-17 23:00:00,aeroporto,Aeroporto SBJV,22.0,100.0,1.54224407688869,200.0,
2020-12-18 00:00:00,aeroporto,Aeroporto SBJV,,,,,
2020-12-18 01:00:00,aeroporto,Aeroporto SBJV,,,,,
2020-12-18 02:00:00,aeroporto,Aeroporto SBJV,,,,,
2020-12-18 03:00:00,aeroporto,Aeroporto SBJV,,,,,
2020-12-18 04:00:00,aeroporto,Aeroporto SBJV,,,,,
2020-12-18 05:00:00,aeroporto,Aeroporto SBJV,,,,,
2020-12-18 06:00:00,aeroporto,Aeroporto SBJV,21.0,100.0,1.02816271792579,260.0,
2020-12-18 07:00:00,aeroporto,Aeroporto SBJV,23.0,88.51,1.02816271792579,280.0,
2020-12-18 08:00:00,aeroporto,Aeroporto SBJV,24.0,83.32,1.02816271792579,280.0,
2020-12-18 09:00:00,aeroporto,Aeroporto SBJV,,,,,
2020-12-18 10:00:00,aeroporto,Aeroporto SBJV,26.0,78.62,1.54224407688869,160.0,
2020-12-18 11:00:00,aeroporto,Aeroporto SBJV,27.0,74.11,0.0,0.0,
2020-12-18 12:00:00,aeroporto,Aeroporto SBJV,28.0,74.28,2.57040679481448,130.0,
2020-12-18 13:00:00,aeroporto,Aeroporto SBJV,,,,,
2020-12-18 14:00:00,aeroporto,Aeroporto SBJV,28.0,74.28,5.65489494859186,120.0,
2020-12-18 15:00:00,aeroporto,Aeroporto SBJV,28.0,74.28,5.14081358962897,140.0,
2020-12-18 16:00:00,aeroporto,Aeroporto SBJV,,,,,
2020-12-18 17:00:00,aeroporto,Aeroporto SBJV,27.0,78.76,4.62673223066607,120.0,
2020-12-18 18:00:00,aeroporto,Aeroporto SBJV,26.0,83.55,4.11265087170317,120.0,
2020-12-18 19:00:00,aeroporto,Aeroporto SBJV,25.0,88.67,4.11265087170317,120.0,
2020-12-18 20:00:00,aeroporto,Aeroporto SBJV,25.0,88.67,4.62673223066607,120.0,
2020-12-18 21:00:00,aeroporto,Aeroporto SBJV,25.0,88.67,2.05632543585159,70.0,
2020-12-18 22:00:00,aeroporto,Aeroporto SBJV,24.0,94.14,2.05632543585159,80.0,
2020-12-18 23:00:00,aeroporto,Aeroporto SBJV,24.0,94.14,1.02816271792579,260.0,
2020-12-19 00:00:00,aeroporto,Aeroporto SBJV,,,,,
2020-12-19 01:00:00,aeroporto,Aeroporto SBJV,,,,,
2020-12-19 02:00:00,aeroporto,Aeroporto SBJV,,,,,
2020-12-19 03:00:00,aeroporto,Aeroporto SBJV,,,,,
2020-12-19 04:00:00,aeroporto,Aeroporto SBJV,,,,,
2020-12-19 05:00:00,aeroporto,Aeroporto SBJV,,,,,
2020-12-19 06:00:00,aeroporto,Aeroporto SBJV,23.0,100.0,1.02816271792579,10.0,
2020-12-19 07:00:00,aeroporto,Aeroporto SBJV,24.0,94.14,0.0,0.0,
2020-12-19 08:00:00,aeroporto,Aeroporto SBJV,25.0,94.19,1.54224407688869,290.0,
2020-12-19 09:00:00,aeroporto,Aeroporto SBJV,,,,,
2020-12-19 10:00:00,aeroporto,Aeroporto SBJV,28.0,74.28,2.57040679481448,110.0,
2020-12-19 11:00:00,aeroporto,Aeroporto SBJV,29.0,74.44,2.57040679481448,110.0,
2020-12-19 12:00:00,aeroporto,Aeroporto SBJV,30.0,70.27,3.59856951274028,110.0,
2020-12-19 13:00:00,aeroporto,Aeroporto SBJV,31.0,74.77,3.59856951274028,60.0,
2020-12-19 14:00:00,aeroporto,Aeroporto SBJV,31.0,66.35,2.57040679481448,60.0,
2020-12-19 15:00:00,aeroporto,Aeroporto SBJV,30.0,70.27,4.62673223066607,60.0,
2020-12-19 16:00:00,aeroporto,Aeroporto SBJV,29.0,74.44,2.05632543585159,50.0,
2020-12-19 17:00:00,aeroporto,Aeroporto SBJV,28.0,78.9,2.57040679481448,40.0,
2020-12-19 18:00:00,aeroporto,Aeroporto SBJV,27.0,88.83,1.02816271792579,230.0,
2020-12-19 19:00:00,aeroporto,Aeroporto SBJV,23.0,100.0,7.71122038444345,120.0,
2020-12-19 20:00:00,aeroporto,Aeroporto SBJV,23.0,100.0,2.05632543585159,210.0,
2020-12-19 21:00:00,aeroporto,Aeroporto SBJV,23.0,100.0,1.02816271792579,230.0,
2020-12-19 22:00:00,aeroporto,Aeroporto SBJV,23.0,100.0,2.57040679481448,350.0,
2020-12-19 23:00:00,aeroporto,Aeroporto SBJV,24.0,94.14,4.11265087170317,350.0,
2020-12-20 00:00:00,aeroporto,Aeroporto SBJV,,,,,
2020-12-20 01:00:00,aeroporto,Aeroporto SBJV,,,,,
2020-12-20 02:00:00,aeroporto,Aeroporto SBJV,,,,,
2020-12-20 03:00:00,aeroporto,Aeroporto SBJV,,,,,
2020-12-20 04:00:00,aeroporto,Aeroporto SBJV,,,,,
2020-12-20 05:00:00,aeroporto,Aeroporto SBJV,,,,,
2020-12-20 06:00:00,aeroporto,Aeroporto SBJV,22.0,100.0,1.02816271792579,320.0,
2020-12-20 07:00:00,aeroporto,Aeroporto SBJV,23.0,100.0,2.05632543585159,300.0,
2020-12-20 08:00:00,aeroporto,Aeroporto SBJV,25.0,88.67,1.02816271792579,350.0,
2020-12-20 09:00:00,aeroporto,Aeroporto SBJV,,,,,
2020-12-20 10:00:00,aeroporto,Aeroporto SBJV,28.0,78.9,2.05632543585159,140.0,
2020-12-20 11:00:00,aeroporto,Aeroporto SBJV,29.0,70.08,3.08448815377738,110.0,
2020-12-20 12:00:00,aeroporto,Aeroporto SBJV,30.0,70.27,2.57040679481448,110.0,
2020-12-20 13:00:00,aeroporto,Aeroporto SBJV,32.0,70.63,3.08448815377738,100.0,
2020-12-20 14:00:00,aeroporto,Aeroporto SBJV,31.0,70.45,4.62673223066607,110.0,
2020-12-20 15:00:00,aeroporto,Aeroporto SBJV,30.0,74.61,2.05632543585159,120.0,
2020-12-20 16:00:00,aeroporto,Aeroporto SBJV,25.0,88.67,5.65489494859186,360.0,
2020-12-20 17:00:00,aeroporto,Aeroporto SBJV,24.0,94.14,2.05632543585159,250.0,
2020-12-20 18:00:00,aeroporto,Aeroporto SBJV,24.0,100.0,1.54224407688869,40.0,
2020-12-20 19:00:00,aeroporto,Aeroporto SBJV,24.0,100.0,2.05632543585159,350.0,
2020-12-20 20:00:00,aeroporto,Aeroporto SBJV,24.0,94.14,2.57040679481448,330.0,
2020-12-20 21:00:00,aeroporto,Aeroporto SBJV,24.0,94.14,1.54224407688869,130.0,
2020-12-20 22:00:00,aeroporto,Aeroporto SBJV,24.0,94.14,0.0,0.0,
2020-12-20 23:00:00,aeroporto,Aeroporto SBJV,23.0,100.0,0.514081358962897,340.0,
2020-12-21 00:00:00,aeroporto,Aeroporto SBJV,,,,,
2020-12-21 01:00:00,aeroporto,Aeroporto SBJV,,,,,
2020-12-21 02:00:00,aeroporto,Aeroporto SBJV,,,,,
2020-12-21 03:00:00,aeroporto,Aeroporto SBJV,,,,,
2020-12-21 04:00:00,aeroporto,Aeroporto SBJV,,,,,
2020-12-21 05:00:00,aeroporto,Aeroporto SBJV,,,,,
2020-12-21 06:00:00,aeroporto,Aeroporto SBJV,23.0,94.1,0.514081358962897,330.0,
2020-12-21 07:00:00,aeroporto,Aeroporto SBJV,23.0,100.0,0.514081358962897,290.0,
2020-12-21 08:00:00,aeroporto,Aeroporto SBJV,,,,,
2020-12-21 09:00:00,aeroporto,Aeroporto SBJV,26.0,88.75,0.514081358962897,110.0,
2020-12-21 10:00:00,aeroporto,Aeroporto SBJV,26.0,88.75,2.05632543585159,110.0,
2020-12-21 11:00:00,aeroporto,Aeroporto SBJV,26.0,88.75,3.59856951274028,130.0,
2020-12-21 12:00:00,aeroporto,Aeroporto SBJV,25.0,88.67,6.68305766651766,130.0,
2020-12-21 13:00:00,aeroporto,Aeroporto SBJV,25.0,83.44,4.62673223066607,140.0,
2020-12-21 14:00:00,aeroporto,Aeroporto SBJV,25.0,78.48,5.14081358962897,130.0,
2020-12-21 15:00:00,aeroporto,Aeroporto SBJV,25.0,78.48,6.16897630755476,130.0,
2020-12-21 16:00:00,aeroporto,Aeroporto SBJV,25.0,73.78,3.08448815377738,130.0,
2020-12-21 17:00:00,aeroporto,Aeroporto SBJV,25.0,73.78,3.08448815377738,130.0,
2020-12-21 18:00:00,aeroporto,Aeroporto SBJV,24.0,78.34,2.57040679481448,130.0,
2020-12-21 19:00:00,aeroporto,Aeroporto SBJV,23.0,88.51,2.05632543585159,300.0,
2020-12-21 20:00:00,aeroporto,Aeroporto SBJV,23.0,88.51,2.05632543585159,330.0,
2020-12-21 21:00:00,aeroporto,Aeroporto SBJV,22.0,94.06,0.514081358962897,230.0,
2020-12-21 22:00:00,aeroporto,Aeroporto SBJV,22.0,94.06,2.05632543585159,140.0,
2020-12-21 23:00:00,aeroporto,Aeroporto SBJV,21.0,100.0,0.0,0.0,
2020-12-22 00:00:00,aeroporto,Aeroporto SBJV,,,,,
2020-12-22 01:00:00,aeroporto,Aeroporto SBJV,,,,,
2020-12-22 02:00:00,aeroporto,Aeroporto SBJV,,,,,
2020-12-22 03:00:00,aeroporto,Aeroporto SBJV,,,,,
2020-12-22 04:00:00,aeroporto,Aeroporto SBJV,,,,,
2020-12-22 05:00:00,aeroporto,Aeroporto SBJV,,,,,
2020-12-22 06:00:00,aeroporto,Aeroporto SBJV,20.0,100.0,1.02816271792579,270.0,
2020-12-22 07:00:00,aeroporto,Aeroporto SBJV,20.0,100.0,1.54224407688869,290.0,
2020-12-22 08:00:00,aeroporto,Aeroporto SBJV,20.0,100.0,1.54224407688869,300.0,
2020-12-22 09:00:00,aeroporto,Aeroporto SBJV,20.0,93.97,1.54224407688869,330.0,
2020-12-22 10:00:00,aeroporto,Aeroporto SBJV,20.0,100.0,1.54224407688869,280.0,
2020-12-22 11:00:00,aeroporto,Aeroporto SBJV,20.0,100.0,1.02816271792579,280.0,
2020-12-22 12:00:00,aeroporto,Aeroporto SBJV,,,,,
2020-12-22 13:00:00,aeroporto,Aeroporto SBJV,22.0,88.43,2.05632543585159,180.0,
2020-12-22 14:00:00,aeroporto,Aeroporto SBJV,22.0,88.43,2.05632543585159,190.0,
2020-12-22 15:00:00,aeroporto,Aeroporto SBJV,,,,,
2020-12-22 16:00:00,aeroporto,Aeroporto SBJV,22.0,88.43,1.54224407688869,160.0,
2020-12-22 17:00:00,aeroporto,Aeroporto SBJV,23.0,88.51,2.05632543585159,130.0,
2020-12-22 18:00:00,aeroporto,Aeroporto SBJV,21.0,94.01,1.54224407688869,130.0,
2020-12-22 19:00:00,aeroporto,Aeroporto SBJV,,,,,
2020-12-22 20:00:00,aeroporto,Aeroporto SBJV,21.0,94.01,0.0,0.0,
2020-12-22 21:00:00,aeroporto,Aeroporto SBJV,,,,,
2020-12-22 22:00:00,aeroporto,Aeroporto SBJV,21.0,94.01,1.54224407688869,300.0,
2020-12-22 23:00:00,aeroporto,Aeroporto SBJV,21.0,94.01,1.54224407688869,280.0,
2020-12-23 00:00:00,aeroporto,Aeroporto SBJV,,,,,
2020-12-23 01:00:00,aeroporto,Aeroporto SBJV,,,,,
2020-12-23 02:00:00,aeroporto,Aeroporto SBJV,,,,,
2020-12-23 03:00:00,aeroporto,Aeroporto SBJV,,,,,
2020-12-23 04:00:00,aeroporto,Aeroporto SBJV,,,,,
2020-12-23 05:00:00,aeroporto,Aeroporto SBJV,,,,,
2020-12-23 06:00:00,aeroporto,Aeroporto SBJV,20.0,100.0,0.514081358962897,220.0,
2020-12-23 07:00:00,aeroporto,Aeroporto SBJV,20.0,100.0,0.0,0.0,
2020-12-23 08:00:00,aeroporto,Aeroporto SBJV,20.0,100.0,0.514081358962897,200.0,
2020-12-23 09:00:00,aeroporto,Aeroporto SBJV,,,,,
2020-12-23 10:00:00,aeroporto,Aeroporto SBJV,23.0,83.21,1.54224407688869,170.0,
2020-12-23 11:00:00,aeroporto,Aeroporto SBJV,24.0,83.32,1.54224407688869,190.0,
2020-12-23 12:00:00,aeroporto,Aeroporto SBJV,25.0,78.48,1.54224407688869,160.0,
2020-12-23 13:00:00,aeroporto,Aeroporto SBJV,24.0,83.32,1.02816271792579,90.0,
2020-12-23 14:00:00,aeroporto,Aeroporto SBJV,27.0,69.71,0.0,0.0,
2020-12-23 15:00:00,aeroporto,Aeroporto SBJV,,,,,
2020-12-23 16:00:00,aeroporto,Aeroporto SBJV,27.0,69.71,2.05632543585159,60.0,
2020-12-23 17:00:00,aeroporto,Aeroporto SBJV,27.0,69.71,3.08448815377738,50.0,
2020-12-23 18:00:00,aeroporto,Aeroporto SBJV,26.0,73.95,3.59856951274028,70.0,
2020-12-23 19:00:00,aeroporto,Aeroporto SBJV,,,,,
2020-12-23 20:00:00,aeroporto,Aeroporto SBJV,24.0,83.32,2.05632543585159,10.0,
2020-12-23 21:00:00,aeroporto,Aeroporto SBJV,,,,,
2020-12-23 22:00:00,aeroporto,Aeroporto SBJV,24.0,83.32,1.54224407688869,50.0,
2020-12-23 23:00:00,aeroporto,Aeroporto SBJV,,,,,
2020-12-24 00:00:00,aeroporto,Aeroporto SBJV,,,,,
2020-12-24 01:00:00,aeroporto,Aeroporto SBJV,,,,,
2020-12-24 02:00:00,aeroporto,Aeroporto SBJV,,,,,
2020-12-24 03:00:00,aeroporto,Aeroporto SBJV,,,,,
2020-12-24 04:00:00,aeroporto,Aeroporto SBJV,,,,,
2020-12-24 05:00:00,aeroporto,Aeroporto SBJV,,,,,
2020-12-24 06:00:00,aeroporto,Aeroporto SBJV,21.0,100.0,2.57040679481448,310.0,
2020-12-24 07:00:00,aeroporto,Aeroporto SBJV,,,,,
2020-12-24 08:00:00,aeroporto,Aeroporto SBJV,24.0,88.59,1.02816271792579,360.0,
2020-12-24 09:00:00,aeroporto,Aeroporto SBJV,,,,,
2020-12-24 10:00:00,aeroporto,Aeroporto SBJV,26.0,73.95,3.08448815377738,340.0,
2020-12-24 11:00:00,aeroporto,Aeroporto SBJV,27.0,65.54,4.11265087170317,40.0,
2020-12-24 12:00:00,aeroporto,Aeroporto SBJV,27.0,65.54,4.62673223066607,70.0,
2020-12-24 13:00:00,aeroporto,Aeroporto SBJV,29.0,54.8,5.14081358962897,40.0,
2020-12-24 14:00:00,aeroporto,Aeroporto SBJV,28.0,58.08,4.11265087170317,40.0,
2020-12-24 15:00:00,aeroporto,Aeroporto SBJV,27.0,57.84,4.62673223066607,60.0,
2020-12-24 16:00:00,aeroporto,Aeroporto SBJV,28.0,54.55,4.62673223066607,50.0,
2020-12-24 17:00:00,aeroporto,Aeroporto SBJV,27.0,57.84,3.08448815377738,70.0,
2020-12-24 18:00:00,aeroporto,Aeroporto SBJV,26.0,61.36,3.59856951274028,60.0,
2020-12-24 19:00:00,aeroporto,Aeroporto SBJV,25.0,65.12,2.57040679481448,70.0,
2020-12-24 20:00:00,aeroporto,Aeroporto SBJV,22.0,83.09,1.02816271792579,80.0,
2020-12-24 21:00:00,aeroporto,Aeroporto SBJV,21.0,88.34,0.514081358962897,70.0,
2020-12-24 22:00:00,aeroporto,Aeroporto SBJV,20.0,93.97,0.0,0.0,
2020-12-24 23:00:00,aeroporto,Aeroporto SBJV,20.0,93.97,1.02816271792579,310.0,
2020-12-25 00:00:00,aeroporto,Aeroporto SBJV,,,,,
2020-12-25 01:00:00,aeroporto,Aeroporto SBJV,,,,,
2020-12-25 02:00:00,aeroporto,Aeroporto SBJV,,,,,
2020-12-25 03:00:00,aeroporto,Aeroporto SBJV,,,,,
2020-12-25 04:00:00,aeroporto,Aeroporto SBJV,,,,,
2020-12-25 05:00:00,aeroporto,Aeroporto SBJV,,,,,
2020-12-25 06:00:00,aeroporto,Aeroporto SBJV,18.0,100.0,0.514081358962897,70.0,
2020-12-25 07:00:00,aeroporto,Aeroporto SBJV,22.0,88.43,0.0,0.0,
2020-12-25 08:00:00,aeroporto,Aeroporto SBJV,24.0,83.32,0.514081358962897,340.0,
2020-12-25 09:00:00,aeroporto,Aeroporto SBJV,,,,,
2020-12-25 10:00:00,aeroporto,Aeroporto SBJV,25.0,69.33,2.05632543585159,130.0,
2020-12-25 11:00:00,aeroporto,Aeroporto SBJV,23.0,83.21,6.16897630755476,100.0,
2020-12-25 12:00:00,aeroporto,Aeroporto SBJV,,,,,
2020-12-25 13:00:00,aeroporto,Aeroporto SBJV,25.0,78.48,6.68305766651766,110.0,
2020-12-25 14:00:00,aeroporto,Aeroporto SBJV,,,,,
2020-12-25 15:00:00,aeroporto,Aeroporto SBJV,26.0,69.52,5.14081358962897,130.0,
2020-12-25 16:00:00,aeroporto,Aeroporto SBJV,26.0,69.52,5.14081358962897,130.0,
2020-12-25 17:00:00,aeroporto,Aeroporto SBJV,26.0,65.33,5.14081358962897,110.0,
2020-12-25 18:00:00,aeroporto,Aeroporto SBJV,25.0,69.33,2.05632543585159,120.0,
2020-12-25 19:00:00,aeroporto,Aeroporto SBJV,22.0,88.43,2.57040679481448,320.0,
2020-12-25 20:00:00,aeroporto,Aeroporto SBJV,22.0,88.43,1.02816271792579,310.0,
2020-12-25 21:00:00,aeroporto,Aeroporto SBJV,21.0,94.01,0.0,0.0,
2020-12-25 22:00:00,aeroporto,Aeroporto SBJV,20.0,100.0,1.54224407688869,330.0,
2020-12-25 23:00:00,aeroporto,Aeroporto SBJV,20.0,100.0,1.54224407688869,10.0,
2020-12-26 00:00:00,aeroporto,Aeroporto SBJV,,,,,
2020-12-26 01:00:00,aeroporto,Aeroporto SBJV,,,,,
2020-12-26 02:00:00,aeroporto,Aeroporto SBJV,,,,,
2020-12-26 03:00:00,aeroporto,Aeroporto SBJV,,,,,
2020-12-26 04:00:00,aeroporto,Aeroporto SBJV,,,,,
2020-12-26 05:00:00,aeroporto,Aeroporto SBJV,,,,,
2020-12-26 06:00:00,aeroporto,Aeroporto SBJV,20.0,100.0,1.02816271792579,280.0,
2020-12-26 07:00:00,aeroporto,Aeroporto SBJV,21.0,100.0,1.54224407688869,250.0,
2020-12-26 08:00:00,aeroporto,Aeroporto SBJV,22.0,94.06,1.54224407688869,230.0,
2020-12-26 09:00:00,aeroporto,Aeroporto SBJV,,,,,
2020-12-26 10:00:00,aeroporto,Aeroporto SBJV,24.0,83.32,1.02816271792579,260.0,
2020-12-26 11:00:00,aeroporto,Aeroporto SBJV,27.0,69.71,1.02816271792579,220.0,
2020-12-26 12:00:00,aeroporto,Aeroporto SBJV,27.0,69.71,1.54224407688869,190.0,
2020-12-26 13:00:00,aeroporto,Aeroporto SBJV,28.0,74.28,4.62673223066607,140.0,
2020-12-26 14:00:00,aeroporto,Aeroporto SBJV,26.0,73.95,5.65489494859186,130.0,
2020-12-26 15:00:00,aeroporto,Aeroporto SBJV,27.0,69.71,5.14081358962897,120.0,
2020-12-26 16:00:00,aeroporto,Aeroporto SBJV,27.0,74.11,5.14081358962897,130.0,
2020-12-26 17:00:00,aeroporto,Aeroporto SBJV,27.0,74.11,5.65489494859186,130.0,
2020-12-26 18:00:00,aeroporto,Aeroporto SBJV,26.0,73.95,4.62673223066607,130.0,
2020-12-26 19:00:00,aeroporto,Aeroporto SBJV,25.0,78.48,3.08448815377738,130.0,
2020-12-26 20:00:00,aeroporto,Aeroporto SBJV,24.0,88.59,2.05632543585159,120.0,
2020-12-26 21:00:00,aeroporto,Aeroporto SBJV,23.0,94.1,0.514081358962897,120.0,
2020-12-26 22:00:00,aeroporto,Aeroporto SBJV,23.0,94.1,3.59856951274028,170.0,
2020-12-26 23:00:00,aeroporto,Aeroporto SBJV,22.0,100.0,2.05632543585159,130.0,
2020-12-27 00:00:00,aeroporto,Aeroporto SBJV,,,,,
2020-12-27 01:00:00,aeroporto,Aeroporto SBJV,,,,,
2020-12-27 02:00:00,aeroporto,Aeroporto SBJV,,,,,
2020-12-27 03:00:00,aeroporto,Aeroporto SBJV,,,,,
2020-12-27 04:00:00,aeroporto,Aeroporto SBJV,,,,,
2020-12-27 05:00:00,aeroporto,Aeroporto SBJV,,,,,
2020-12-27 06:00:00,aeroporto,Aeroporto SBJV,22.0,94.06,1.02816271792579,290.0,
2020-12-27 07:00:00,aeroporto,Aeroporto SBJV,22.0,100.0,0.0,0.0,
2020-12-27 08:00:00,aeroporto,Aeroporto SBJV,23.0,94.1,2.05632543585159,170.0,
2020-12-27 09:00:00,aeroporto,Aeroporto SBJV,24.0,88.59,2.05632543585159,160.0,
2020-12-27 10:00:00,aeroporto,Aeroporto SBJV,25.0,83.44,2.05632543585159,150.0,
2020-12-27 11:00:00,aeroporto,Aeroporto SBJV,26.0,78.62,1.54224407688869,150.0,
2020-12-27 12:00:00,aeroporto,Aeroporto SBJV,26.0,83.55,2.05632543585159,80.0,
2020-12-27 13:00:00,aeroporto,Aeroporto SBJV,28.0,74.28,0.0,0.0,
2020-12-27 14:00:00,aeroporto,Aeroporto SBJV,26.0,83.55,3.08448815377738,30.0,
2020-12-27 15:00:00,aeroporto,Aeroporto SBJV,,,,,
2020-12-27 16:00:00,aeroporto,Aeroporto SBJV,23.0,94.1,5.14081358962897,150.0,
2020-12-27 17:00:00,aeroporto,Aeroporto SBJV,24.0,88.59,5.14081358962897,140.0,
2020-12-27 18:00:00,aeroporto,Aeroporto SBJV,24.0,83.32,4.11265087170317,150.0,
2020-12-27 19:00:00,aeroporto,Aeroporto SBJV,23.0,94.1,2.05632543585159,160.0,
2020-12-27 20:00:00,aeroporto,Aeroporto SBJV,23.0,94.1,1.54224407688869,280.0,
2020-12-27 21:00:00,aeroporto,Aeroporto SBJV,22.0,100.0,2.05632543585159,280.0,
2020-12-27 22:00:00,aeroporto,Aeroporto SBJV,22.0,100.0,1.02816271792579,270.0,
2020-12-27 23:00:00,aeroporto,Aeroporto SBJV,22.0,100.0,0.514081358962897,230.0,
2020-12-28 00:00:00,aeroporto,Aeroporto SBJV,,,,,
2020-12-28 01:00:00,aeroporto,Aeroporto SBJV,,,,,
2020-12-28 02:00:00,aeroporto,Aeroporto SBJV,,,,,
2020-12-28 03:00:00,aeroporto,Aeroporto SBJV,,,,,
2020-12-28 04:00:00,aeroporto,Aeroporto SBJV,,,,,
2020-12-28 05:00:00,aeroporto,Aeroporto SBJV,,,,,
2020-12-28 06:00:00,aeroporto,Aeroporto SBJV,22.0,100.0,0.0,0.0,
2020-12-28 07:00:00,aeroporto,Aeroporto SBJV,23.0,94.1,1.54224407688869,270.0,
2020-12-28 08:00:00,aeroporto,Aeroporto SBJV,25.0,88.67,2.05632543585159,180.0,
2020-12-28 09:00:00,aeroporto,Aeroporto SBJV,25.0,88.67,2.57040679481448,180.0,
2020-12-28 10:00:00,aeroporto,Aeroporto SBJV,26.0,83.55,1.02816271792579,210.0,
2020-12-28 11:00:00,aeroporto,Aeroporto SBJV,,,,,
2020-12-28 12:00:00,aeroporto,Aeroporto SBJV,28.0,69.9,1.54224407688869,170.0,
2020-12-28 13:00:00,aeroporto,Aeroporto SBJV,28.0,74.28,4.62673223066607,100.0,
2020-12-28 14:00:00,aeroporto,Aeroporto SBJV,29.0,70.08,4.11265087170317,140.0,
2020-12-28 15:00:00,aeroporto,Aeroporto SBJV,,,,,
2020-12-28 16:00:00,aeroporto,Aeroporto SBJV,28.0,74.28,6.68305766651766,130.0,
2020-12-28 17:00:00,aeroporto,Aeroporto SBJV,27.0,78.76,6.68305766651766,120.0,
2020-12-28 18:00:00,aeroporto,Aeroporto SBJV,26.0,83.55,6.16897630755476,120.0,
2020-12-28 19:00:00,aeroporto,Aeroporto SBJV,,,,,
2020-12-28 20:00:00,aeroporto,Aeroporto SBJV,23.0,100.0,3.08448815377738,310.0,
2020-12-28 21:00:00,aeroporto,Aeroporto SBJV,,,,,
2020-12-28 22:00:00,aeroporto,Aeroporto SBJV,,,,,
2020-12-28 23:00:00,aeroporto,Aeroporto SBJV,22.0,100.0,1.54224407688869,130.0,
2020-12-29 00:00:00,aeroporto,Aeroporto SBJV,,,,,
2020-12-29 01:00:00,aeroporto,Aeroporto SBJV,,,,,
2020-12-29 02:00:00,aeroporto,Aeroporto SBJV,,,,,
2020-12-29 03:00:00,aeroporto,Aeroporto SBJV,,,,,
2020-12-29 04:00:00,aeroporto,Aeroporto SBJV,,,,,
2020-12-29 05:00:00,aeroporto,Aeroporto SBJV,,,,,
2020-12-29 06:00:00,aeroporto,Aeroporto SBJV,21.0,100.0,0.514081358962897,270.0,
2020-12-29 07:00:00,aeroporto,Aeroporto SBJV,22.0,100.0,0.514081358962897,10.0,
2020-12-29 08:00:00,aeroporto,Aeroporto SBJV,24.0,94.14,2.05632543585159,150.0,
2020-12-29 09:00:00,aeroporto,Aeroporto SBJV,26.0,83.55,1.02816271792579,80.0,
2020-12-29 10:00:00,aeroporto,Aeroporto SBJV,28.0,74.28,2.05632543585159,70.0,
2020-12-29 11:00:00,aeroporto,Aeroporto SBJV,28.0,74.28,3.08448815377738,140.0,
2020-12-29 12:00:00,aeroporto,Aeroporto SBJV,28.0,78.9,2.05632543585159,80.0,
2020-12-29 13:00:00,aeroporto,Aeroporto SBJV,29.0,74.44,1.54224407688869,110.0,
2020-12-29 14:00:00,aeroporto,Aeroporto SBJV,29.0,70.08,3.08448815377738,60.0,
2020-12-29 15:00:00,aeroporto,Aeroporto SBJV,28.0,78.9,3.59856951274028,60.0,
2020-12-29 16:00:00,aeroporto,Aeroporto SBJV,26.0,88.75,3.08448815377738,40.0,
2020-12-29 17:00:00,aeroporto,Aeroporto SBJV,25.0,94.19,1.54224407688869,280.0,
2020-12-29 18:00:00,aeroporto,Aeroporto SBJV,23.0,94.1,1.54224407688869,270.0,
2020-12-29 19:00:00,aeroporto,Aeroporto SBJV,23.0,94.1,1.54224407688869,20.0,
2020-12-29 20:00:00,aeroporto,Aeroporto SBJV,22.0,100.0,1.54224407688869,180.0,
2020-12-29 21:00:00,aeroporto,Aeroporto SBJV,22.0,94.06,2.57040679481448,310.0,
2020-12-29 22:00:00,aeroporto,Aeroporto SBJV,22.0,100.0,2.05632543585159,310.0,
2020-12-29 23:00:00,aeroporto,Aeroporto SBJV,21.0,100.0,2.05632543585159,290.0,
2020-12-30 00:00:00,aeroporto,Aeroporto SBJV,,,,,
2020-12-30 01:00:00,aeroporto,Aeroporto SBJV,,,,,
2020-12-30 02:00:00,aeroporto,Aeroporto SBJV,,,,,
2020-12-30 03:00:00,aeroporto,Aeroporto SBJV,,,,,
2020-12-30 04:00:00,aeroporto,Aeroporto SBJV,,,,,
2020-12-30 05:00:00,aeroporto,Aeroporto SBJV,,,,,
2020-12-30 06:00:00,aeroporto,Aeroporto SBJV,20.0,100.0,0.0,0.0,
2020-12-30 07:00:00,aeroporto,Aeroporto SBJV,22.0,94.06,1.54224407688869,140.0,
2020-12-30 08:00:00,aeroporto,Aeroporto SBJV,25.0,78.48,0.0,0.0,
2020-12-30 09:00:00,aeroporto,Aeroporto SBJV,27.0,69.71,0.0,0.0,
2020-12-30 10:00:00,aeroporto,Aeroporto SBJV,28.0,69.9,1.54224407688869,110.0,
2020-12-30 11:00:00,aeroporto,Aeroporto SBJV,31.0,62.47,1.54224407688869,90.0,
2020-12-30 12:00:00,aeroporto,Aeroporto SBJV,32.0,59.01,2.57040679481448,130.0,
2020-12-30 13:00:00,aeroporto,Aeroporto SBJV,32.0,66.55,4.62673223066607,140.0,
2020-12-30 14:00:00,aeroporto,Aeroporto SBJV,32.0,62.68,5.14081358962897,130.0,
2020-12-30 15:00:00,aeroporto,Aeroporto SBJV,33.0,62.9,3.08448815377738,90.0,
2020-12-30 16:00:00,aeroporto,Aeroporto SBJV,33.0,59.24,3.08448815377738,70.0,
2020-12-30 17:00:00,aeroporto,Aeroporto SBJV,33.0,59.24,3.59856951274028,60.0,
2020-12-30 18:00:00,aeroporto,Aeroporto SBJV,31.0,66.35,3.59856951274028,10.0,
2020-12-30 19:00:00,aeroporto,Aeroporto SBJV,30.0,66.15,3.08448815377738,350.0,
2020-12-30 20:00:00,aeroporto,Aeroporto SBJV,26.0,88.75,1.02816271792579,240.0,
2020-12-30 21:00:00,aeroporto,Aeroporto SBJV,26.0,88.75,1.02816271792579,120.0,
2014-06-24 05:00:00,rodovia,Rodovia,16.50625,100.0,0.655243075,57.98,0.0
2014-06-24 06:00:00,rodovia,Rodovia,17.095833333333335,100.0,0.9019212666666667,121.76666666666667,0.0
2014-06-24 07:00:00,rodovia,Rodovia,18.555,99.95833333333333,0.8643055666666667,202.54,0.0
2014-06-24 08:00:00,rodovia,Rodovia,21.065833333333334,92.77499999999999,0.6629861083333334,195.83325,0.0
2014-06-24 09:00:00,rodovia,Rodovia,22.0425,87.64166666666667,0.6613426,149.06666666666666,0.0
2014-06-24 10:00:00,rodovia,Rodovia,23.150000000000002,83.75833333333334,0.61631945,123.3295,0.0
2014-06-24 11:00:00,rodovia,Rodovia,24.939166666666665,77.40083333333332,0.645208325,153.6875,0.0
2014-06-24 12:00:00,rodovia,Rodovia,25.16416666666667,76.66333333333334,0.8110648083333333,127.97833333333334,0.0
2014-06-24 13:00:00,rodovia,Rodovia,24.503999999999998,82.22,1.3000555999999999,278.3386,0.0
2014-06-24 14:00:00,rodovia,Rodovia,21.56,96.2,0.595,268.1,0.0
2014-06-24 15:00:00,rodovia,Rodovia,,,,,0.0
2014-06-24 16:00:00,rodovia,Rodovia,,,,,0.0
2014-06-24 17:00:00,rodovia,Rodovia,,,,,0.0
2014-06-24 18:00:00,rodovia,Rodovia,,,,,0.0
2014-06-24 19:00:00,rodovia,Rodovia,,,,,0.0
2014-06-24 20:00:00,rodovia,Rodovia,,,,,0.0
2014-06-24 21:00:00,rodovia,Rodovia,,,,,0.0
2014-06-24 22:00:00,rodovia,Rodovia,,,,,0.0
2014-06-24 23:00:00,rodovia,Rodovia,,,,,0.0
2014-06-25 00:00:00,rodovia,Rodovia,,,,,0.0
2014-06-25 01:00:00,rodovia,Rodovia,,,,,0.0
2014-06-25 02:00:00,rodovia,Rodovia,,,,,0.0
2014-06-25 03:00:00,rodovia,Rodovia,,,,,0.0
2014-06-25 04:00:00,rodovia,Rodovia,,,,,0.0
2014-06-25 05:00:00,rodovia,Rodovia,,,,,0.0
2014-06-25 06:00:00,rodovia,Rodovia,,,,,0.0
2014-06-25 07:00:00,rodovia,Rodovia,,,,,0.0
2014-06-25 08:00:00,rodovia,Rodovia,,,,,0.0
2014-06-25 09:00:00,rodovia,Rodovia,,,,,0.0
2014-06-25 10:00:00,rodovia,Rodovia,,,,,0.0
2014-06-25 11:00:00,rodovia,Rodovia,,,,,0.0
2014-06-25 12:00:00,rodovia,Rodovia,,,,,0.0
2014-06-25 13:00:00,rodovia,Rodovia,,,,,0.0
2014-06-25 14:00:00,rodovia,Rodovia,,,,,0.0
2014-06-25 15:00:00,rodovia,Rodovia,,,,,0.0
2014-06-25 16:00:00,rodovia,Rodovia,,,,,0.0
2014-06-25 17:00:00,rodovia,Rodovia,,,,,0.0
2014-06-25 18:00:00,rodovia,Rodovia,,,,,0.0
2014-06-25 19:00:00,rodovia,Rodovia,,,,,0.0
2014-06-25 20:00:00,rodovia,Rodovia,,,,,0.0
2014-06-25 21:00:00,rodovia,Rodovia,,,,,0.0
2014-06-25 22:00:00,rodovia,Rodovia,,,,,0.0
2014-06-25 23:00:00,rodovia,Rodovia,,,,,0.0
2014-06-26 00:00:00,rodovia,Rodovia,,,,,0.0
2014-06-26 01:00:00,rodovia,Rodovia,,,,,0.0
2014-06-26 02:00:00,rodovia,Rodovia,,,,,0.0
2014-06-26 03:00:00,rodovia,Rodovia,,,,,0.0
2014-06-26 04:00:00,rodovia,Rodovia,,,,,0.0
2014-06-26 05:00:00,rodovia,Rodovia,,,,,0.0
2014-06-26 06:00:00,rodovia,Rodovia,,,,,0.0
2014-06-26 07:00:00,rodovia,Rodovia,,,,,0.0
2014-06-26 08:00:00,rodovia,Rodovia,,,,,0.0
2014-06-26 09:00:00,rodovia,Rodovia,,,,,0.0
2014-06-26 10:00:00,rodovia,Rodovia,,,,,0.0
2014-06-26 11:00:00,rodovia,Rodovia,,,,,0.0
2014-06-26 12:00:00,rodovia,Rodovia,,,,,0.0
2014-06-26 13:00:00,rodovia,Rodovia,,,,,0.0
2014-06-26 14:00:00,rodovia,Rodovia,,,,,0.0
2014-06-26 15:00:00,rodovia,Rodovia,,,,,0.0
2014-06-26 16:00:00,rodovia,Rodovia,,,,,0.0
2014-06-26 17:00:00,rodovia,Rodovia,,,,,0.0
2014-06-26 18:00:00,rodovia,Rodovia,,,,,0.0
2014-06-26 19:00:00,rodovia,Rodovia,,,,,0.0
2014-06-26 20:00:00,rodovia,Rodovia,,,,,0.0
2014-06-26 21:00:00,rodovia,Rodovia,,,,,0.0
2014-06-26 22:00:00,rodovia,Rodovia,,,,,0.0
2014-06-26 23:00:00,rodovia,Rodovia,,,,,0.0
2014-06-27 00:00:00,rodovia,Rodovia,,,,,0.0
2014-06-27 01:00:00,rodovia,Rodovia,,,,,0.0
2014-06-27 02:00:00,rodovia,Rodovia,,,,,0.0
2014-06-27 03:00:00,rodovia,Rodovia,,,,,0.0
2014-06-27 04:00:00,rodovia,Rodovia,,,,,0.0
2014-06-27 05:00:00,rodovia,Rodovia,,,,,0.0
2014-06-27 06:00:00,rodovia,Rodovia,,,,,0.0
2014-06-27 07:00:00,rodovia,Rodovia,,,,,0.0
2014-06-27 08:00:00,rodovia,Rodovia,,,,,0.0
2014-06-27 09:00:00,rodovia,Rodovia,,,,,0.0
2014-06-27 10:00:00,rodovia,Rodovia,,,,,0.0
2014-06-27 11:00:00,rodovia,Rodovia,,,,,0.0
2014-06-27 12:00:00,rodovia,Rodovia,,,,,0.0
2014-06-27 13:00:00,rodovia,Rodovia,,,,,0.0
2014-06-27 14:00:00,rodovia,Rodovia,,,,,0.0
2014-06-27 15:00:00,rodovia,Rodovia,,,,,0.0
2014-06-27 16:00:00,rodovia,Rodovia,,,,,0.0
2014-06-27 17:00:00,rodovia,Rodovia,,,,,0.0
2014-06-27 18:00:00,rodovia,Rodovia,,,,,0.0
2014-06-27 19:00:00,rodovia,Rodovia,,,,,0.0
2014-06-27 20:00:00,rodovia,Rodovia,,,,,0.0
2014-06-27 21:00:00,rodovia,Rodovia,,,,,0.0
2014-06-27 22:00:00,rodovia,Rodovia,,,,,0.0
2014-06-27 23:00:00,rodovia,Rodovia,,,,,0.0
2014-06-28 00:00:00,rodovia,Rodovia,,,,,0.0
2014-06-28 01:00:00,rodovia,Rodovia,,,,,0.0
2014-06-28 02:00:00,rodovia,Rodovia,,,,,0.0
2014-06-28 03:00:00,rodovia,Rodovia,,,,,0.0
2014-06-28 04:00:00,rodovia,Rodovia,,,,,0.0
2014-06-28 05:00:00,rodovia,Rodovia,,,,,0.0
2014-06-28 06:00:00,rodovia,Rodovia,,,,,0.0
2014-06-28 07:00:00,rodovia,Rodovia,,,,,0.0
2014-06-28 08:00:00,rodovia,Rodovia,,,,,0.0
2014-06-28 09:00:00,rodovia,Rodovia,,,,,0.0
2014-06-28 10:00:00,rodovia,Rodovia,,,,,0.0
2014-06-28 11:00:00,rodovia,Rodovia,,,,,0.0
2014-06-28 12:00:00,rodovia,Rodovia,,,,,0.0
2014-06-28 13:00:00,rodovia,Rodovia,,,,,0.0
2014-06-28 14:00:00,rodovia,Rodovia,,,,,0.0
2014-06-28 15:00:00,rodovia,Rodovia,,,,,0.0
2014-06-28 16:00:00,rodovia,Rodovia,,,,,0.0
2014-06-28 17:00:00,rodovia,Rodovia,,,,,0.0
2014-06-28 18:00:00,rodovia,Rodovia,,,,,0.0
2014-06-28 19:00:00,rodovia,Rodovia,,,,,0.0
2014-06-28 20:00:00,rodovia,Rodovia,,,,,0.0
2014-06-28 21:00:00,rodovia,Rodovia,,,,,0.0
2014-06-28 22:00:00,rodovia,Rodovia,,,,,0.0
2014-06-28 23:00:00,rodovia,Rodovia,,,,,0.0
2014-06-29 00:00:00,rodovia,Rodovia,,,,,0.0
2014-06-29 01:00:00,rodovia,Rodovia,,,,,0.0
2014-06-29 02:00:00,rodovia,Rodovia,,,,,0.0
2014-06-29 03:00:00,rodovia,Rodovia,,,,,0.0
2014-06-29 04:00:00,rodovia,Rodovia,,,,,0.0
2014-06-29 05:00:00,rodovia,Rodovia,,,,,0.0
2014-06-29 06:00:00,rodovia,Rodovia,,,,,0.0
2014-06-29 07:00:00,rodovia,Rodovia,,,,,0.0
2014-06-29 08:00:00,rodovia,Rodovia,,,,,0.0
2014-06-29 09:00:00,rodovia,Rodovia,,,,,0.0
2014-06-29 10:00:00,rodovia,Rodovia,,,,,0.0
2014-06-29 11:00:00,rodovia,Rodovia,,,,,0.0
2014-06-29 12:00:00,rodovia,Rodovia,,,,,0.0
2014-06-29 13:00:00,rodovia,Rodovia,,,,,0.0
2014-06-29 14:00:00,rodovia,Rodovia,,,,,0.0
2014-06-29 15:00:00,rodovia,Rodovia,,,,,0.0
2014-06-29 16:00:00,rodovia,Rodovia,,,,,0.0
2014-06-29 17:00:00,rodovia,Rodovia,,,,,0.0
2014-06-29 18:00:00,rodovia,Rodovia,,,,,0.0
2014-06-29 19:00:00,rodovia,Rodovia,,,,,0.0
2014-06-29 20:00:00,rodovia,Rodovia,,,,,0.0
2014-06-29 21:00:00,rodovia,Rodovia,,,,,0.0
2014-06-29 22:00:00,rodovia,Rodovia,,,,,0.0
2014-06-29 23:00:00,rodovia,Rodovia,,,,,0.0
2014-06-30 00:00:00,rodovia,Rodovia,,,,,0.0
2014-06-30 01:00:00,rodovia,Rodovia,,,,,0.0
2014-06-30 02:00:00,rodovia,Rodovia,,,,,0.0
2014-06-30 03:00:00,rodovia,Rodovia,,,,,0.0
2014-06-30 04:00:00,rodovia,Rodovia,,,,,0.0
2014-06-30 05:00:00,rodovia,Rodovia,,,,,0.0
2014-06-30 06:00:00,rodovia,Rodovia,,,,,0.0
2014-06-30 07:00:00,rodovia,Rodovia,,,,,0.0
2014-06-30 08:00:00,rodovia,Rodovia,,,,,0.0
2014-06-30 09:00:00,rodovia,Rodovia,,,,,0.0
2014-06-30 10:00:00,rodovia,Rodovia,,,,,0.0
2014-06-30 11:00:00,rodovia,Rodovia,,,,,0.0
2014-06-30 12:00:00,rodovia,Rodovia,,,,,0.0
2014-06-30 13:00:00,rodovia,Rodovia,,,,,0.0
2014-06-30 14:00:00,rodovia,Rodovia,,,,,0.0
2014-06-30 15:00:00,rodovia,Rodovia,,,,,0.0
2014-06-30 16:00:00,rodovia,Rodovia,,,,,0.0
2014-06-30 17:00:00,rodovia,Rodovia,,,,,0.0
2014-06-30 18:00:00,rodovia,Rodovia,,,,,0.0
2014-06-30 19:00:00,rodovia,Rodovia,,,,,0.0
2014-06-30 20:00:00,rodovia,Rodovia,,,,,0.0
2014-06-30 21:00:00,rodovia,Rodovia,,,,,0.0
2014-06-30 22:00:00,rodovia,Rodovia,,,,,0.0
2014-06-30 23:00:00,rodovia,Rodovia,,,,,0.0
2014-07-01 00:00:00,rodovia,Rodovia,,,,,0.0
2014-07-01 01:00:00,rodovia,Rodovia,,,,,0.0
2014-07-01 02:00:00,rodovia,Rodovia,,,,,0.0
2014-07-01 03:00:00,rodovia,Rodovia,,,,,0.0
2014-07-01 04:00:00,rodovia,Rodovia,,,,,0.0
2014-07-01 05:00:00,rodovia,Rodovia,,,,,0.0
2014-07-01 06:00:00,rodovia,Rodovia,,,,,0.0
2014-07-01 07:00:00,rodovia,Rodovia,,,,,0.0
2014-07-01 08:00:00,rodovia,Rodovia,,,,,0.0
2014-07-01 09:00:00,rodovia,Rodovia,,,,,0.0
2014-07-01 10:00:00,rodovia,Rodovia,,,,,0.0
2014-07-01 11:00:00,rodovia,Rodovia,,,,,0.0
2014-07-01 12:00:00,rodovia,Rodovia,,,,,0.0
2014-07-01 13:00:00,rodovia,Rodovia,,,,,0.0
2014-07-01 14:00:00,rodovia,Rodovia,,,,,0.0
2014-07-01 15:00:00,rodovia,Rodovia,,,,,0.0
2014-07-01 16:00:00,rodovia,Rodovia,,,,,0.0
2014-07-01 17:00:00,rodovia,Rodovia,,,,,0.0
2014-07-01 18:00:00,rodovia,Rodovia,,,,,0.0
2014-07-01 19:00:00,rodovia,Rodovia,,,,,0.0
2014-07-01 20:00:00,rodovia,Rodovia,,,,,0.0
2014-07-01 21:00:00,rodovia,Rodovia,,,,,0.0
2014-07-01 22:00:00,rodovia,Rodovia,,,,,0.0
2014-07-01 23:00:00,rodovia,Rodovia,,,,,0.0
2014-07-02 00:00:00,rodovia,Rodovia,,,,,0.0
2014-07-02 01:00:00,rodovia,Rodovia,,,,,0.0
2014-07-02 02:00:00,rodovia,Rodovia,,,,,0.0
2014-07-02 03:00:00,rodovia,Rodovia,17.04,100.0,0.7180556,281.2,45.01
