date,temp_max,temp_min,umid_max,umid_min,solar_total,gust_max,gust_dir,prec,level_max,level_min,dewpoint,heat_index,wind_chill,n_hours,temp_mean,umid_mean,ws_mean,solar_mean
2011-01-23,,,,,,,,,,,,,,23.0,26.238695652173913,90.16565217391305,0.35667874396135263,
2011-01-24,,,,,,,,,,,,,,24.0,25.98625,85.7475,0.3736458333333333,
2011-01-25,,,,,,,,,,,,,,24.0,27.055000000000003,83.85541666666667,0.4671412037037037,
2011-01-26,,,,,,,,,,,,,,24.0,27.288750000000004,80.89125,0.44840277777777776,
2011-01-27,,,,,,,,,,,,,,24.0,28.582916666666666,78.38833333333334,0.3962731481481481,
2011-01-28,,,,,,,,,,,,,,24.0,27.783749999999998,77.9975,0.5033796296296297,
2011-01-29,,,,,,,,,,,,,,24.0,25.770833333333332,89.98875,0.39728009259259256,
2011-01-30,,,,,,,,,,,,,,24.0,25.515416666666667,88.0025,0.43916666666666665,
2011-01-31,,,,,,,,,,,,,,24.0,26.318749999999998,82.5125,0.3837731481481481,
2011-02-01,,,,,,,,,,,,,,24.0,25.78608695652174,85.66083333333334,0.389375,
2011-02-02,,,,,,,,,,,,,,24.0,24.56125,84.88083333333334,0.3900462962962963,
2011-02-03,,,,,,,,,,,,,,24.0,23.690833333333334,91.81124999999999,0.34896990740740746,
2011-02-04,,,,,,,,,,,,,,24.0,26.177083333333332,86.97458333333333,0.4313888888888889,
2011-02-05,,,,,,,,,,,,,,24.0,27.174999999999997,81.85791666666667,0.38814814814814813,
2011-02-06,,,,,,,,,,,,,,24.0,24.396666666666665,93.76958333333334,0.35381944444444446,
2011-02-07,,,,,,,,,,,,,,24.0,24.527083333333334,93.54166666666667,0.6552430555555556,
2011-02-08,,,,,,,,,,,,,,24.0,25.788749999999997,88.80916666666667,0.3321296296296296,
2011-02-09,,,,,,,,,,,,,,24.0,26.279583333333335,85.98333333333333,0.32090277777777776,
2011-02-10,,,,,,,,,,,,,,24.0,25.321250000000003,92.40041666666667,0.4501273148148148,
2011-02-11,,,,,,,,,,,,,,24.0,25.58,90.11666666666667,0.3868171296296296,
2011-02-12,,,,,,,,,,,,,,24.0,25.604166666666668,90.68458333333332,0.2986921296296296,
2011-02-13,,,,,,,,,,,,,,24.0,26.574583333333333,86.61416666666666,0.5585532407407406,
2011-02-14,,,,,,,,,,,,,,24.0,21.922173913043476,98.77916666666665,0.42944444444444446,
2011-02-15,,,,,,,,,,,,,,24.0,21.082916666666666,97.81666666666666,0.39447916666666666,
2011-02-16,,,,,,,,,,,,,,10.0,20.546,98.81,0.2992222222222222,
2011-03-14,,,,,,,,,,,,,,2.0,22.08,79.8,0.29083333333333333,
2011-03-15,,,,,,,,,,,,,,24.0,22.082083333333333,74.64666666666666,0.3347222222222222,
2011-03-16,26.56,19.97,92.6,52.26,,,,,1.871314,0.1596082,,,,24.0,22.28304347826087,81.34,0.3311458333333333,
2011-03-17,28.68,17.35,100.0,49.62,,,,,1.8941409999999999,-0.05888325,,,,24.0,22.645652173913046,85.22708333333334,0.430775462962963,
2011-03-18,28.18,19.16,99.3,54.84,,,,,1.778991,-0.09410413000000001,,,,24.0,25.18304347826087,81.575,0.4194675925925926,
2011-03-19,32.23,20.2,99.9,54.67,,,,,1.696542,-0.07638978,,,,24.0,21.917391304347827,85.41416666666667,0.39155092592592594,
2011-03-20,25.01,20.06,100.0,59.43,,,,,1.9603679999999999,-0.02807634,,,,24.0,20.358333333333334,86.26166666666667,0.3119560185185185,
2011-03-21,22.94,19.06,94.6,75.53,,,,,2.00343,-0.05343274,,,,24.0,21.95391304347826,86.36416666666668,0.3455787037037037,
2011-03-22,27.0,18.49,99.8,58.05,,,,,1.8385,-0.06869235,,,,24.0,22.738695652173913,91.2325,0.41605324074074074,
2011-03-23,26.7,20.45,100.0,69.12,,,,,1.609549,-0.060217690000000004,,,,24.0,23.365,94.1375,0.3825578703703703,
2011-03-24,27.7,20.59,100.0,76.02,,,,,1.49666,-0.06670058,,,,24.0,25.577916666666667,86.07208333333334,0.36688657407407405,
2011-03-25,32.02,21.67,100.0,60.34,,,,,1.3626019999999999,-0.07971878,,,,24.0,23.16208333333333,95.07916666666667,0.3096990740740741,
2011-03-26,25.29,21.98,100.0,83.6,,,,,1.628498,-0.0374342,,,,24.0,24.41541666666667,91.20541666666666,0.3431944444444444,
2011-03-27,30.47,20.44,100.0,66.98,,,,,1.73379,0.01956762,,,,24.0,24.11565217391304,85.63083333333333,0.41504629629629625,
2011-03-28,30.2,19.82,100.0,56.22,,,,,1.371921,-0.02603447,,,,24.0,23.623043478260872,92.39041666666667,0.3423495370370371,
2011-03-29,29.19,20.23,100.0,72.28,,,,,1.348017,0.02262988,,,,24.0,21.092173913043478,96.68333333333334,0.3050231481481482,
2011-03-30,23.43,18.83,100.0,83.5,,,,,1.480767,0.1648868,,,,24.0,19.17684210526316,97.45833333333333,0.3476504629629629,
2011-03-31,23.36,17.4,100.0,77.08,,,,,1.437541,0.2868884,,,,24.0,20.852083333333333,95.92083333333333,0.27469907407407407,
2011-04-01,25.47,18.81,100.0,73.0,,,,,1.424805,0.0017015740000000002,,,,24.0,22.24590909090909,95.5025,0.25233796296296296,
2011-04-02,26.52,19.8,100.0,75.99,,,,,1.459971,0.0,,,,24.0,21.932608695652174,96.8,0.27693287037037034,
2011-04-03,26.88,20.49,100.0,73.08,,,,,1.613853,-0.0020418660000000003,,,,24.0,22.377391304347825,84.24208333333333,0.38174768518518515,
2011-04-04,28.44,18.51,100.0,52.6,,,,,1.787528,-0.0028929850000000003,,,,24.0,22.611363636363635,88.21333333333332,0.35467592592592595,
2011-04-05,29.24,18.54,100.0,62.33,,,,,1.851005,-0.03914191,,,,24.0,22.81434782608696,79.53,0.3797106481481481,
2011-04-06,31.53,17.31,100.0,37.9,,,,,1.7635239999999999,-0.04932215,,,,24.0,22.21,79.95,0.30201388888888886,
2011-04-07,28.88,17.59,98.4,44.03,,,,,1.758786,-0.0227852,,,,24.0,20.935714285714283,81.19166666666666,0.3599421296296296,
2011-04-08,28.25,15.06,99.5,48.92,,,,,1.621505,-0.03264588,,,,14.0,20.54769230769231,90.70142857142856,0.21446428571428572,
2011-04-09,,,,,,,,,,,,,,24.0,20.974545454545453,84.86,0.346412037037037,
2011-04-10,25.87,17.93,96.7,56.59,,,,,1.288252,-0.02126502,,,,24.0,20.17681818181818,87.86083333333333,0.3073148148148148,
2011-04-11,26.06,17.07,98.9,61.88,,,,,1.365157,0.2730914,,,,24.0,21.48521739130435,84.52541666666666,0.3330902777777778,
2011-04-12,28.57,16.85,100.0,51.88,,,,,1.184427,0.120449,,,,24.0,21.03181818181818,93.59708333333333,0.2969212962962963,
2011-04-13,28.55,17.2,100.0,61.15,,,,,1.401203,0.0003403656,,,,24.0,22.806250000000002,83.93291666666667,0.29343749999999996,
2011-04-14,29.73,17.41,100.0,51.05,,,,,1.502235,-0.007657838,,,,24.0,24.809583333333332,83.53208333333333,0.3900694444444444,
2011-04-15,33.62,19.17,100.0,49.8,,,,,1.589863,-0.02381964,,,,24.0,22.379583333333333,89.11458333333333,0.3317013888888889,
2011-04-16,28.58,19.12,100.0,60.47,,,,,1.643506,-0.03267092,,,,24.0,24.30090909090909,84.51041666666667,0.38231481481481483,
2011-04-17,30.98,19.16,100.0,56.52,,,,,1.856553,-0.0010209870000000001,,,,24.0,23.451666666666668,87.82291666666667,0.2489699074074074,
2011-04-18,28.57,21.27,98.6,68.7,,,,,2.071551,-0.0059551380000000004,,,,24.0,25.415652173913042,85.38833333333334,0.379375,
2011-04-19,31.4,21.81,97.7,61.18,,,,,1.708285,-0.05766732,,,,24.0,21.867272727272727,91.5125,0.2516550925925926,
2011-04-20,22.81,20.96,98.3,81.1,,,,,1.870146,-0.06448349,,,,24.0,23.699166666666667,85.16458333333334,0.3723148148148148,
2011-04-21,30.34,20.52,97.2,56.56,,,,,1.768565,-0.0639323,,,,24.0,22.3625,95.8125,0.26488425925925924,
2011-04-22,25.78,20.69,100.0,81.1,,,,,1.4706139999999999,-0.07418359000000001,,,,24.0,24.265,86.48541666666667,0.2898148148148148,
2011-04-23,33.02,19.65,100.0,50.75,,,,,1.502452,-0.06525797,,,,24.0,22.917272727272728,94.47625,0.31252314814814813,
2011-04-24,29.57,20.07,100.0,72.53,,,,,1.6892369999999999,-0.0372326,,,,24.0,20.329545454545453,90.18,0.3175694444444444,
2011-04-25,22.13,19.16,95.9,76.89,,,,,1.488677,-0.01956777,,,,24.0,21.424545454545452,86.195,0.28903935185185187,
2011-04-26,27.72,18.41,97.9,57.7,,,,,1.54737,0.1385051,,,,24.0,20.65695652173913,83.65916666666666,0.3848263888888889,
2011-04-27,26.63,15.72,100.0,46.88,,,,,1.241235,0.02433393,,,,24.0,20.56,90.7075,0.35517361111111106,
2011-04-28,25.88,16.99,100.0,66.13,,,,,1.351099,0.1867925,,,,24.0,18.627727272727274,98.74583333333334,0.2977430555555555,
2011-04-29,20.11,17.8,100.0,95.3,,,,,1.428431,-0.03573384,,,,24.0,20.219166666666666,92.8325,0.3134953703703704,
2011-04-30,26.5,17.77,100.0,65.15,,,,,1.442602,-0.05683304,,,,24.0,20.82,93.39166666666667,0.2683217592592593,
2011-05-01,25.41,17.5,100.0,70.16,,,,,1.578754,-0.051726180000000004,,,,24.0,22.965652173913046,88.1325,0.2769212962962963,
2011-05-02,29.36,19.11,100.0,59.82,,,,,1.547653,-0.05291792,,,,24.0,20.72590909090909,63.4475,0.5836805555555555,
2011-05-03,25.32,14.12,87.7,38.99,,,,,1.6999360000000001,-0.06789847,,,,24.0,18.379166666666666,71.60041666666667,0.34622685185185187,
2011-05-04,25.34,11.39,96.4,41.63,,,,,2.1031779999999998,0.02382693,,,,24.0,19.894545454545455,82.36708333333333,0.29878472222222224,
2011-05-05,25.16,15.9,99.5,58.99,,,,,1.651108,-0.06124219,,,,24.0,19.488636363636363,80.185,0.2805324074074074,
2011-05-06,27.6,13.1,100.0,40.88,,,,,1.628079,-0.06699666,,,,24.0,20.500416666666666,79.88708333333334,0.3116319444444444,
2011-05-07,30.4,14.18,99.9,40.41,,,,,1.774646,-0.06121977,,,,24.0,20.7965,86.21291666666667,0.3157638888888889,
2011-05-08,24.17,18.87,94.1,70.99,,,,,1.79072,0.1359366,,,,24.0,22.022173913043478,85.19208333333333,0.31905092592592593,
2011-05-09,28.96,16.46,100.0,54.21,,,,,1.6083029999999998,0.21864429999999999,,,,24.0,20.50318181818182,83.29708333333333,0.37869212962962967,
2011-05-10,22.37,17.76,98.2,63.88,,,,,1.456783,0.3138967,,,,24.0,19.48227272727273,90.40166666666666,0.31055555555555553,
2011-05-11,22.52,17.2,98.4,75.05,,,,,1.512003,0.4185451,,,,24.0,21.765416666666667,88.94791666666667,0.27800925925925923,
2011-05-12,28.24,17.51,100.0,61.63,,,,,1.27859,-0.03726001,,,,24.0,21.58818181818182,88.04458333333334,0.33141203703703703,
2011-05-13,26.84,18.56,100.0,66.96,,,,,1.52498,-0.030289240000000002,,,,24.0,20.18318181818182,81.31625,0.33819444444444446,
2011-05-14,23.07,18.54,95.1,63.26,,,,,1.561826,0.001020937,,,,24.0,18.082727272727272,92.09041666666667,0.2527662037037037,
2011-05-15,20.44,16.64,100.0,78.12,,,,,1.713047,-0.02688667,,,,24.0,16.814761904761905,97.22916666666667,0.3616898148148148,
2011-05-16,18.79,15.56,100.0,86.1,,,,,1.6967539999999999,-0.02365343,,,,24.0,16.311363636363637,94.24166666666667,0.4004398148148148,
2011-05-17,19.65,14.99,99.5,81.5,,,,,1.621636,-0.06143179,,,,24.0,15.889999999999999,84.35541666666667,0.3206597222222222,
2011-05-18,22.53,11.45,100.0,51.66,,,,,1.659887,-0.05820915,,,,24.0,16.732380952380954,84.95166666666667,0.3586342592592593,
2011-05-19,22.29,11.37,99.9,58.17,,,,,1.576779,-0.06840164,,,,24.0,17.187391304347827,88.0175,0.3905208333333334,
2011-05-20,22.91,13.52,100.0,64.04,,,,,1.467968,-0.07043058,,,,24.0,18.17391304347826,96.04583333333333,0.30591435185185184,
2011-05-21,22.71,15.72,100.0,76.75,,,,,1.41337,-0.07334982,,,,24.0,19.64,94.23583333333333,0.32921296296296293,
2011-05-22,24.72,16.95,100.0,73.46,,,,,1.27935,-0.06807448,,,,24.0,20.221,90.35708333333334,0.33555555555555555,
2011-05-23,26.64,15.64,100.0,64.3,,,,,1.259083,-0.07590201,,,,24.0,20.989166666666666,88.1475,0.2431134259259259,
2011-05-24,27.95,16.93,100.0,57.64,,,,,1.2501820000000001,-0.07760302,,,,24.0,20.866666666666667,93.65833333333335,0.2782060185185185,
2011-05-25,23.43,19.14,99.7,82.6,,,,,1.073543,-0.02483383,,,,24.0,21.861904761904764,89.47125,0.2978125,
2011-05-26,27.72,18.45,100.0,61.5,,,,,1.041753,-0.07725282,,,,24.0,19.75227272727273,89.60416666666667,0.35672453703703705,
2011-05-27,25.71,16.81,100.0,64.44,,,,,0.9688553999999999,-0.019400380000000002,,,,24.0,18.94695652173913,83.03458333333333,0.2992939814814815,
2011-05-28,23.57,15.73,98.4,53.85,,,,,1.206807,0.05154236,,,,24.0,16.10875,78.82791666666667,0.26658564814814817,
2011-05-29,23.81,11.81,100.0,37.73,,,,,1.148834,-0.009530037,,,,24.0,15.050869565217392,80.13458333333334,0.2738888888888889,
2011-05-30,23.36,8.68,100.0,39.43,,,,,1.159179,-0.01259595,,,,24.0,14.59590909090909,79.29041666666667,0.28478009259259257,
2011-05-31,23.51,8.68,100.0,39.04,,,,,1.090342,-0.01666855,,,,24.0,15.697826086956523,80.36583333333333,0.2760763888888889,
2011-06-01,24.25,10.51,98.6,44.25,,,,,1.192257,-0.014634620000000001,,,,24.0,15.726521739130433,81.36375,0.3055787037037037,
2011-06-02,23.71,10.24,100.0,41.89,,,,,1.313814,-0.01463016,,,,24.0,16.054347826086957,86.78416666666668,0.2584375,
2011-06-03,24.01,11.01,100.0,57.92,,,,,1.284842,-0.01581704,,,,9.0,13.733333333333333,98.97777777777777,0.18351851851851853,
2011-06-24,,,,,,,,,,,,,,9.0,17.63111111111111,99.12222222222222,0.37462962962962965,
2011-06-25,18.42,16.92,100.0,96.4,,,,,0.5820339,0.01786705,,,,24.0,18.68583333333333,93.56166666666667,0.32407407407407407,
2011-06-26,23.31,16.5,100.0,72.19,,,,,1.155104,0.018208870000000002,,,,24.0,15.418333333333335,96.58625,0.4204861111111111,
2011-06-27,17.89,10.34,100.0,68.36,,,,,1.217486,0.02484648,,,,24.0,11.413499999999999,62.34916666666667,0.4629976851851852,
2011-06-28,19.2,4.986,96.9,24.31,,,,,1.36635,0.03303904,,,,24.0,11.537708333333335,58.60666666666666,0.29104166666666664,
2011-06-29,21.55,2.896,96.3,18.92,,,,,1.5797409999999998,0.03560095,,,,24.0,10.3925,92.14,0.22375,
2011-06-30,13.59,8.13,100.0,71.09,,,,,1.248604,0.02400084,,,,24.0,13.489583333333334,99.66666666666667,0.3428819444444444,
2011-07-01,16.8,11.17,100.0,96.1,,,,,1.235046,0.022806299999999998,,,,24.0,16.288333333333334,99.8625,0.24269675925925926,
2011-07-02,17.69,15.18,100.0,96.7,,,,,1.181452,0.02382746,,,,24.0,15.880833333333333,100.0,0.23150462962962962,
2011-07-03,16.57,15.12,100.0,100.0,,,,,1.52889,0.02093469,,,,24.0,13.069583333333334,100.0,0.32944444444444443,
2011-07-04,15.9,9.74,100.0,100.0,,,,,1.666421,0.027576470000000002,,,,24.0,9.899041666666667,77.7375,0.3614236111111111,
2011-07-05,16.5,4.937,100.0,40.2,,,,,1.716434,0.0243275,,,,24.0,10.006208333333333,87.63291666666667,0.19929398148148147,
2011-07-06,17.61,4.149,100.0,52.29,,,,,1.5419200000000002,0.02213036,,,,11.0,8.279818181818182,98.24545454545455,0.1887121212121212,
2011-08-29,,,,,,,,,,,,,,6.0,19.438333333333333,98.39999999999999,0.41277777777777774,
2011-08-30,,,,,,,,,,,,,,24.0,18.655,99.9375,0.4325115740740741,
2011-08-31,19.35,16.53,100.0,98.2,,,,,1.5874679999999999,-0.08361653000000001,,,,24.0,17.047083333333333,79.11958333333332,0.4973148148148148,
2011-09-01,23.09,12.04,100.0,35.45,,,,,1.5583420000000001,-0.08514048,,,,24.0,14.327083333333334,73.71666666666667,0.4215277777777778,
2011-09-02,20.92,9.07,100.0,23.79,,,,,1.357421,-0.08650272,,,,24.0,14.939166666666667,69.01083333333334,0.39707175925925925,
2011-09-03,21.15,11.05,92.8,24.9,,,,,1.286255,-0.08616006,,,,24.0,15.1975,78.07666666666667,0.5012152777777777,
2011-09-04,21.69,10.3,95.9,50.71,,,,,0.6420806,-0.08599768,,,,24.0,17.487083333333334,82.895,0.4587615740740741,
2011-09-05,23.73,13.69,99.4,56.05,,,,,0.45584979999999997,-0.08735615000000001,,,,24.0,18.7375,86.0075,0.39524305555555556,
2011-09-06,29.53,13.42,100.0,54.2,,,,,0.7100272,-0.08906532,,,,24.0,14.3825,99.62083333333334,0.42050925925925925,
2011-09-07,16.73,13.0,100.0,96.0,,,,,1.092346,-0.08684773,,,,24.0,13.625416666666666,100.0,0.37226851851851855,
2011-09-08,14.76,12.85,100.0,100.0,,,,,0.8217565,-0.08395166,,,,24.0,15.79125,99.99166666666667,0.34098379629629627,
2011-09-09,18.35,14.12,100.0,98.4,,,,,0.8751451,-0.08633777000000001,,,,24.0,17.828333333333333,98.1875,0.29380787037037037,
2011-09-10,20.97,15.91,100.0,86.6,,,,,1.159081,-0.08821422,,,,24.0,17.861250000000002,81.89416666666666,0.35777777777777775,
2011-09-11,24.83,13.86,99.8,48.71,,,,,1.218131,-0.08770698,,,,24.0,17.155833333333334,81.70166666666667,0.5037384259259259,
2011-09-12,26.8,12.06,100.0,37.49,,,,,1.042884,-0.09127638,,,,24.0,17.497916666666665,77.96375,0.3796759259259259,
2011-09-13,23.1,13.97,96.4,51.59,,,,,1.272949,-0.0878688,,,,24.0,17.58625,79.43583333333333,0.4151736111111111,
2011-09-14,27.91,11.54,100.0,37.17,,,,,1.2448380000000001,-0.09042337,,,,24.0,16.317916666666665,80.96291666666667,0.5711458333333334,
2011-09-15,19.84,13.15,100.0,60.28,,,,,1.16396,-0.0870171,,,,24.0,15.860416666666666,92.89166666666667,0.3249537037037037,
2011-09-16,18.62,14.32,100.0,85.0,,,,,1.089255,-0.08769906,,,,24.0,17.295416666666664,99.01666666666667,0.5392476851851852,
2011-09-17,18.45,16.3,100.0,90.0,,,,,0.7193701,-0.08650815,,,,24.0,18.617916666666666,89.69958333333334,0.6034722222222222,
2011-09-18,21.63,15.66,99.9,75.8,,,,,0.3216951,-0.089238,,,,24.0,18.14875,91.81458333333335,0.3965509259259259,
2011-09-19,23.89,14.39,100.0,69.72,,,,,0.12474539999999999,-0.09076956,,,,24.0,19.826249999999998,86.11083333333333,0.41866898148148146,
2011-09-20,26.04,16.38,100.0,55.55,,,,,0.47948609999999997,-0.09094277,,,,24.0,19.273333333333333,92.78750000000001,0.36423611111111115,
2011-09-21,23.01,15.72,99.6,77.83,,,,,0.6664121,-0.09008297,,,,24.0,17.63,89.74208333333333,0.43027777777777776,
2011-09-22,23.6,13.97,100.0,63.74,,,,,0.8792413,-0.08752757,,,,24.0,18.315,85.39458333333334,0.39998842592592593,
2011-09-23,24.13,14.02,100.0,64.18,,,,,0.9066000000000001,-0.08821681,,,,24.0,18.909583333333334,91.87708333333335,0.37417824074074074,
2011-09-24,21.68,17.16,100.0,75.5,,,,,0.8591424999999999,-0.09178632,,,,24.0,18.057083333333335,82.14458333333333,0.4421296296296296,
2011-09-25,23.25,15.4,100.0,48.78,,,,,1.32369,-0.08888981,,,,24.0,16.879166666666666,80.05083333333333,0.44219907407407405,
2011-09-26,21.21,13.27,97.4,54.58,,,,,1.154317,-0.08821388000000001,,,,24.0,17.35125,81.82916666666667,0.41540509259259256,
2011-09-27,22.37,14.02,96.4,59.5,,,,,1.039016,-0.0880432,,,,24.0,19.071666666666665,78.41458333333334,0.3931481481481482,
2011-09-28,27.22,12.37,100.0,43.34,,,,,1.270511,-0.08923288,,,,24.0,18.831666666666667,82.87833333333333,0.3795949074074074,
2011-09-29,25.76,13.7,100.0,48.63,,,,,1.361797,-0.09059342000000001,,,,24.0,20.337500000000002,80.98125,0.459525462962963,
2011-09-30,27.46,15.26,99.5,47.73,,,,,1.290994,-0.09297623,,,,24.0,21.902916666666666,82.94500000000001,0.38814814814814813,
2011-10-01,29.86,17.9,97.4,54.32,,,,,0.9630076999999999,-0.09314794,,,,24.0,20.5225,88.78416666666668,0.3787847222222222,
2011-10-02,24.81,18.57,100.0,65.88,,,,,1.074836,-0.09179449,,,,24.0,19.128333333333334,98.78333333333335,0.2616435185185185,
2011-10-03,20.85,18.35,100.0,92.6,,,,,0.9845845999999999,-0.08923581,,,,24.0,21.127083333333335,80.64333333333333,0.46804398148148146,
2011-10-04,29.33,17.04,100.0,47.23,,,,,1.140451,-0.09061264000000001,,,,24.0,17.80875,77.45041666666667,0.37385416666666665,
2011-10-05,20.76,15.57,91.2,65.89,,,,,1.174339,-0.08753417000000001,,,,24.0,19.964166666666667,85.49000000000001,0.4408680555555555,
2011-10-06,26.15,16.02,98.2,62.1,,,,,0.7363341,-0.08804326,,,,24.0,22.411666666666665,79.9875,0.5118171296296296,
2011-10-07,28.61,19.12,96.8,51.19,,,,,0.6890434999999999,-0.09110497000000001,,,,24.0,20.713333333333335,92.46125,0.3628240740740741,
2011-10-08,24.97,18.38,99.5,75.29,,,,,0.7577915,-0.09127474000000001,,,,24.0,21.993750000000002,90.71125,0.5358796296296297,
2011-10-09,26.29,19.2,100.0,72.89,,,,,0.8304281,-0.09264276,,,,24.0,22.239166666666666,94.20541666666666,0.329849537037037,
2011-10-10,27.21,19.67,100.0,76.47,,,,,0.6642948,-0.09178712,,,,24.0,23.019583333333333,84.43541666666667,0.404375,
2011-10-11,32.19,18.58,100.0,50.09,,,,,0.8748469999999999,-0.09485459,,,,24.0,21.369583333333335,82.99083333333333,0.3503125,
2011-10-12,24.13,18.8,97.7,61.66,,,,,1.035727,-0.09178936,,,,24.0,20.41375,88.4375,0.37572916666666667,
2011-10-13,24.72,18.08,99.7,66.64,,,,,1.1816900000000001,-0.092469,,,,24.0,19.33125,99.84583333333335,0.27065972222222223,
2011-10-14,20.1,18.4,100.0,98.5,,,,,1.158505,-0.08889367000000001,,,,24.0,23.17458333333333,85.74208333333333,0.3689351851851852,
2011-10-15,32.54,18.63,100.0,51.9,,,,,1.046969,-0.09485225,,,,24.0,19.564583333333335,97.12916666666666,0.4406597222222222,
2011-10-16,21.04,18.07,100.0,89.8,,,,,1.154228,-0.08923436,,,,24.0,18.215,99.46666666666665,0.31805555555555554,
2011-10-17,19.86,17.2,100.0,96.2,,,,,1.070698,-0.08872192,,,,24.0,19.888333333333332,82.76791666666666,0.37960648148148146,
2011-10-18,26.42,15.14,100.0,42.57,,,,,0.8599893,-0.09229438,,,,24.0,19.306250000000002,79.24583333333334,0.4672569444444444,
2011-10-19,25.04,14.57,100.0,48.63,,,,,0.7139012,-0.09060035,,,,24.0,17.587083333333332,94.59166666666665,0.31122685185185184,
2011-10-20,21.13,16.05,99.7,76.76,,,,,0.7373206999999999,-0.09162042000000001,,,,24.0,19.735,81.23708333333333,0.5322337962962963,
2011-10-21,26.54,14.56,100.0,45.85,,,,,0.4590896,-0.09128152,,,,24.0,19.684166666666666,81.87291666666667,0.5690624999999999,
2011-10-22,25.43,15.44,100.0,51.75,,,,,0.6920862999999999,-0.09008186,,,,24.0,20.18875,85.96875,0.5209606481481481,
2011-10-23,26.68,14.81,100.0,59.77,,,,,0.7071154,-0.09162629,,,,24.0,22.29375,81.66291666666667,0.4023958333333333,
2011-10-24,29.78,17.6,100.0,49.13,,,,,0.8745757,-0.09264579,,,,24.0,22.443749999999998,84.18249999999999,0.505150462962963,
2011-10-25,28.93,17.9,99.6,58.04,,,,,1.267402,-0.09366538,,,,24.0,22.213333333333335,87.74333333333334,0.4383333333333333,
2011-10-26,27.47,19.19,99.8,63.34,,,,,1.25272,-0.0929821,,,,24.0,23.91541666666667,69.12875,0.7005092592592592,
2011-10-27,33.1,18.43,98.8,31.91,,,,,1.382833,-0.09196286000000001,,,,24.0,22.16,86.03666666666668,0.4523263888888889,
2011-10-28,28.42,18.67,99.0,60.22,,,,,1.4942900000000001,-0.09178934,,,,24.0,23.034166666666668,78.86625,0.4507638888888889,
2011-10-29,30.41,17.53,100.0,43.25,,,,,1.526284,-0.09315604,,,,24.0,20.456666666666667,94.80416666666667,0.3640625,
2011-10-30,22.58,18.6,99.1,86.2,,,,,1.425292,-0.09161758,,,,24.0,18.547083333333333,93.52083333333333,0.44284722222222217,
2011-10-31,21.83,17.01,100.0,83.5,,,,,1.223107,-0.09110743,,,,24.0,19.28,72.17875,0.5174768518518519,
2011-11-01,24.97,15.38,98.8,41.67,,,,,1.273355,-0.08975618,,,,24.0,18.122916666666665,73.36791666666666,0.5196527777777777,
2011-11-02,23.2,14.54,95.3,48.09,,,,,1.114959,-0.09025797,,,,24.0,18.08458333333333,76.52708333333334,0.4196527777777778,
2011-11-03,25.32,12.45,99.5,46.64,,,,,0.9588939999999999,-0.08992864,,,,24.0,18.210833333333333,76.19833333333334,0.3559722222222222,
2011-11-04,23.57,14.2,96.0,46.54,,,,,0.6906998999999999,-0.0912851,,,,24.0,19.350833333333334,74.97791666666667,0.5932407407407407,
2011-11-05,25.84,12.28,99.8,43.52,,,,,0.5123276,-0.08992977,,,,24.0,21.699166666666667,74.03,0.6770949074074074,
2011-11-06,27.8,15.64,95.5,46.21,,,,,0.5701841999999999,-0.09247077000000001,,,,24.0,22.4225,78.43416666666667,0.4422569444444444,
2011-11-07,27.79,18.93,94.0,56.82,,,,,0.657357,-0.09366217,,,,24.0,22.705416666666668,78.77458333333333,0.49937499999999996,
2011-11-08,29.56,18.4,97.1,47.96,,,,,0.877351,-0.09196064,,,,24.0,23.07875,78.32666666666667,0.5555787037037037,
2011-11-09,29.48,18.21,99.3,49.4,,,,,1.056688,-0.09162101,,,,24.0,24.0125,76.24625,0.5597106481481481,
2011-11-10,30.01,20.6,93.1,49.16,,,,,1.001504,-0.09673219,,,,24.0,24.06041666666667,81.50083333333333,0.5030555555555555,
2011-11-11,30.61,19.44,99.5,54.84,,,,,0.9854909,-0.09928252,,,,24.0,22.77,86.88583333333334,0.524525462962963,
2011-11-12,28.21,19.11,100.0,62.14,,,,,0.9783533,-0.09741411,,,,24.0,19.627916666666668,90.23541666666667,0.38688657407407406,
2011-11-13,22.47,18.02,98.9,72.85,,,,,1.309796,-0.08974771000000001,,,,24.0,18.8175,93.30791666666666,0.3090046296296296,
2011-11-14,22.33,17.21,99.1,76.81,,,,,1.22095,-0.09008917,,,,24.0,17.402083333333334,99.54583333333333,0.43769675925925927,
2011-11-15,18.98,16.05,100.0,98.2,,,,,1.074886,-0.08719536,,,,24.0,16.835,99.8125,0.4462731481481481,
2011-11-16,18.48,15.82,100.0,98.2,,,,,0.9909665999999999,-0.08412545,,,,24.0,19.006249999999998,83.36041666666667,0.3185532407407407,
2011-11-17,24.82,15.74,99.4,55.77,,,,,1.079935,-0.09026785,,,,24.0,20.739583333333332,78.25208333333333,0.37829861111111107,
2011-11-18,28.66,14.97,100.0,40.57,,,,,0.9244311,-0.09180535000000001,,,,24.0,19.883333333333333,83.90166666666666,0.4214467592592593,
2011-11-19,25.54,16.33,100.0,52.2,,,,,0.7747499,-0.09111705,,,,24.0,20.756666666666668,76.54083333333334,0.4022337962962963,
2011-11-20,27.83,14.79,99.4,47.26,,,,,0.6630228,-0.09042841,,,,24.0,20.555,84.13666666666667,0.5381944444444444,
2011-11-21,27.8,15.32,100.0,58.91,,,,,0.666316,-0.09383404000000001,,,,24.0,22.32166666666667,84.63416666666667,0.6538888888888889,
2011-11-22,27.1,19.67,95.7,67.66,,,,,0.7452748,-0.09860093,,,,24.0,23.092083333333335,85.69125000000001,0.4009027777777778,
2011-11-23,29.11,20.11,100.0,57.11,,,,,0.8637478,-0.09826156,,,,24.0,23.603333333333335,76.1825,0.47222222222222227,
2011-11-24,29.66,18.94,100.0,48.66,,,,,1.401806,-0.09502227,,,,24.0,23.004583333333333,76.3625,0.5179861111111111,
2011-11-25,29.08,18.19,95.5,53.9,,,,,1.433546,-0.09621321000000001,,,,24.0,23.080416666666665,84.68875,0.5325925925925926,
2011-11-26,30.13,19.63,98.3,58.23,,,,,1.174132,-0.09791559999999999,,,,24.0,24.055000000000003,82.64416666666666,0.47784722222222226,
2011-11-27,30.69,20.35,98.2,55.75,,,,,1.121639,-0.09843215,,,,24.0,22.39625,90.71916666666665,0.36369212962962966,
2011-11-28,26.44,20.28,97.9,73.85,,,,,1.18141,-0.09706406000000001,,,,24.0,22.676666666666666,92.45083333333334,0.5678819444444444,
2011-11-29,27.52,20.62,100.0,67.94,,,,,1.151259,-0.09690124,,,,24.0,22.881249999999998,91.96333333333332,0.3332175925925926,
2011-11-30,26.94,20.75,100.0,74.57,,,,,0.9573611999999999,-0.09622034,,,,24.0,24.967083333333335,83.78625,0.40723379629629625,
2011-12-01,32.82,19.84,100.0,54.71,,,,,1.072446,-0.09553556,,,,24.0,21.975416666666664,78.47208333333333,0.5155902777777778,
2011-12-02,25.96,19.48,98.6,60.1,,,,,1.327826,-0.09655693,,,,24.0,20.212083333333336,72.57458333333334,0.34756944444444443,
2011-12-03,23.35,17.41,90.1,56.36,,,,,1.2675,0.05164535,,,,24.0,20.735416666666666,79.97625000000001,0.4913310185185185,
2011-12-04,27.58,16.2,99.1,54.25,,,,,0.7900087,-0.09333195,,,,24.0,21.590833333333332,81.36166666666666,0.45331018518518523,
2011-12-05,28.12,17.65,98.2,50.81,,,,,0.6590925999999999,-0.09401023,,,,24.0,21.99625,87.05166666666666,0.5061226851851852,
2011-12-06,27.24,18.67,99.5,67.27,,,,,0.6626160999999999,-0.09655674,,,,24.0,22.14125,90.9375,0.40146990740740734,
2011-12-07,25.96,19.62,98.6,79.13,,,,,0.8144648,-0.09587369999999999,,,,24.0,24.218333333333334,86.20333333333333,0.5420717592592592,
2011-12-08,30.44,21.23,97.8,58.38,,,,,0.8259664,-0.09792033,,,,24.0,24.106666666666666,88.76916666666666,0.46318287037037037,
2011-12-09,31.02,20.37,100.0,58.71,,,,,1.719655,-0.09707078,,,,24.0,19.901666666666667,96.70416666666667,0.3495949074074074,
2011-12-10,22.21,18.73,100.0,78.94,,,,,1.299731,-0.09689286,,,,24.0,22.12625,85.17,0.42613425925925924,
2011-12-11,27.78,18.77,100.0,57.7,,,,,1.265042,-0.1054044,,,,24.0,22.89375,83.67541666666666,0.45488425925925924,
2011-12-12,29.0,20.0,100.0,56.06,,,,,1.211246,-0.1074468,,,,24.0,24.46166666666667,81.7925,0.5339236111111111,
2011-12-13,30.48,18.77,99.8,57.7,,,,,1.041101,-0.1516769,,,,24.0,23.125416666666666,89.5,0.44929398148148153,
2011-12-14,31.5,19.25,100.0,57.71,,,,,1.706229,-0.01285313,,,,24.0,21.868750000000002,95.46166666666666,0.4219212962962963,
2011-12-15,27.36,18.8,100.0,72.21,,,,,1.398595,-0.01450688,,,,24.0,23.780416666666667,87.59041666666667,0.4460069444444444,
2011-12-16,32.68,17.11,100.0,52.67,,,,,1.095127,-0.02743454,,,,24.0,23.922083333333333,77.96333333333332,0.42381944444444447,
2011-12-17,33.04,18.01,100.0,39.23,,,,,1.074797,-0.02812077,,,,24.0,25.595416666666665,71.48583333333333,0.40870370370370374,
2011-12-18,34.75,18.19,100.0,33.25,,,,,0.8754392,-0.02642591,,,,24.0,26.81958333333333,67.91458333333334,0.4480555555555556,
2011-12-19,35.38,20.32,98.8,24.96,,,,,0.8585092,-0.02750062,,,,24.0,26.459999999999997,74.85333333333334,0.5041782407407408,
2011-12-20,33.83,20.59,98.2,42.54,,,,,0.8470025999999999,-0.03308821,,,,24.0,27.947916666666668,57.86833333333333,0.4630439814814815,
2011-12-21,38.66,19.36,99.0,18.77,,,,,0.9719604,-0.03653423,,,,16.0,25.209375,67.013125,0.34932291666666665,
2012-04-18,,,,,,,,,,,,,,7.0,22.16142857142857,91.14571428571428,1.619206349206349,23.584285714285716
2012-04-19,25.56,19.93,99.5,74.19,0.187,6.530555555555556,67.0,0.0,1.185176,0.07183966,20.34,20.54,20.54,24.0,22.504583333333333,86.3725,1.2513425925925925,167.53879166666667
2012-04-20,29.55,17.86,100.0,54.84,14.46,5.569444444444445,107.0,0.0,1.764399,0.06791522,20.43,21.06,21.06,24.0,23.140833333333333,88.415,1.097337962962963,96.18962499999999
2012-04-21,27.83,20.6,97.7,68.7,8.3,4.25,126.0,0.0,1.898794,0.06671211,21.68,22.14,22.14,24.0,22.01375,94.585,0.9132060185185185,73.39283333333333
2012-04-22,26.81,19.83,100.0,69.88,6.334,5.919444444444444,159.0,3.429,2.047519,0.07165116,20.04,20.05,20.05,24.0,20.515416666666667,85.81875000000001,1.4155671296296297,127.94866666666667
2012-04-23,25.31,16.1,100.0,59.0,11.04,6.938888888888889,134.0,0.229,2.1828469999999998,0.08488385,18.07,18.96,18.96,24.0,21.395833333333332,86.625,1.2273842592592592,173.42566666666667
2012-04-24,27.81,17.16,99.5,61.96,14.97,6.238888888888889,210.0,0.457,2.232793,0.1909448,18.41,20.05,20.05,24.0,19.703333333333333,84.37791666666666,1.2851736111111112,33.41579166666667
2012-04-25,20.73,18.37,93.1,74.21,2.884,4.46111111111111,149.0,0.0,2.15596,0.3374098,17.35,18.53,18.53,24.0,18.124583333333334,98.47500000000001,0.991412037037037,35.76529166666666
2012-04-26,20.97,16.82,100.0,89.2,3.086,4.038888888888889,280.0,12.12,1.9789409999999998,0.3064302,18.11,18.11,18.11,24.0,17.920416666666668,100.0,1.2521180555555556,16.971291666666666
2012-04-27,18.83,17.15,100.0,100.0,1.465,6.21111111111111,287.0,93.5,1.980966,0.377129,17.21,17.21,17.21,24.0,19.878333333333334,88.3925,1.2349652777777778,157.33241666666666
2012-04-28,26.23,15.35,100.0,58.02,13.58,5.838888888888889,148.0,0.229,1.964616,0.3366867,16.56,19.28,19.28,24.0,17.537916666666664,92.6875,1.3500694444444443,27.505041666666667
2012-04-29,19.34,16.25,100.0,80.0,2.374,11.030555555555555,68.0,34.92,1.964566,0.6464208,17.42,17.42,17.42,24.0,19.271666666666665,82.47208333333333,1.3720833333333333,133.93566666666666
2012-04-30,25.7,16.19,100.0,51.79,11.56,6.219444444444444,206.0,0.0,1.865021,0.4022011,11.83,17.21,17.21,24.0,16.96291666666667,65.78708333333334,1.8764930555555557,189.83925
2012-05-01,22.1,11.87,88.1,38.37,16.38,7.838888888888889,259.0,0.0,1.979795,0.6714800000000001,9.35,11.87,11.87,24.0,15.886666666666668,69.29,1.1943055555555555,175.31829166666668
2012-05-02,23.48,8.51,92.4,38.31,15.13,5.861111111111112,280.0,0.0,1.9794559999999999,0.4427333,13.56,15.49,15.49,24.0,17.739583333333332,82.28791666666667,1.2241666666666666,146.52425
2012-05-03,24.68,12.22,100.0,51.89,12.65,5.8694444444444445,155.0,0.0,1.924772,0.10098069999999999,14.86,15.19,15.19,24.0,19.204583333333332,91.63166666666666,1.1480208333333333,99.97633333333334
2012-05-04,26.76,14.67,100.0,65.53,8.63,4.830555555555556,105.0,0.914,1.738178,0.0807008,18.94,19.07,19.07,24.0,21.336250000000003,87.46625,1.3172800925925925,141.47058333333334
2012-05-05,27.7,17.94,100.0,55.08,12.21,5.461111111111111,105.0,0.914,1.787696,0.07728525,18.31,18.4,18.4,24.0,20.44333333333333,93.85791666666667,0.9559837962962963,99.40445833333332
2012-05-06,26.15,18.13,100.0,65.82,8.58,5.438888888888888,36.0,13.26,1.9258419999999998,0.1062427,18.18,18.18,18.18,24.0,20.168333333333333,91.53041666666667,1.047939814814815,92.26658333333334
2012-05-07,26.32,17.43,100.0,66.91,7.963,5.6305555555555555,129.0,0.0,2.102046,0.07710658000000001,18.62,18.78,18.78,24.0,20.262916666666666,91.63916666666667,0.7860532407407407,91.232375
2012-05-08,25.43,16.19,100.0,67.29,7.874,4.311111111111111,142.0,0.0,1.983839,0.07823415,19.0,19.0,19.0,24.0,20.809166666666666,92.95416666666667,1.0562384259259259,100.064375
2012-05-09,26.92,17.49,100.0,65.74,8.64,5.6,11.0,1.6,1.739735,0.06488203000000001,17.53,17.53,17.53,24.0,20.315833333333334,90.37083333333334,1.0094907407407407,167.88066666666666
2012-05-10,27.45,16.73,100.0,56.36,14.49,4.938888888888889,76.0,0.0,1.8330419999999998,0.07236561,18.58,18.78,18.78,24.0,21.88083333333333,87.8525,1.2021180555555555,174.95420833333333
2012-05-11,28.12,18.24,100.0,58.43,15.1,6.449999999999999,79.0,0.0,1.909414,0.1160667,18.7,18.78,18.78,24.0,20.64625,89.08208333333334,1.0886458333333333,79.90308333333333
2012-05-12,28.16,15.94,100.0,56.44,6.896,6.261111111111111,12.0,1.8290000000000002,1.871559,0.1558183,18.06,18.64,18.64,24.0,21.339583333333334,82.03416666666666,1.5482175925925927,161.54895833333333
2012-05-13,29.15,16.38,99.8,48.75,13.94,7.511111111111111,149.0,0.229,2.01522,0.20859899999999998,17.53,18.71,18.71,24.0,18.590416666666666,87.52791666666667,0.9380439814814814,34.48641666666666
2012-05-14,20.44,17.2,98.2,68.15,2.976,3.530555555555556,164.0,0.0,1.966374,0.5696202,15.84,17.56,17.56,24.0,17.274583333333332,82.40041666666667,0.8647106481481481,31.98845833333333
2012-05-15,19.14,16.12,93.1,68.22,2.761,3.55,115.0,0.0,1.857219,0.7108844,14.77,16.43,16.43,24.0,17.871666666666666,83.91625,1.3024537037037036,86.03587499999999
2012-05-16,21.97,14.19,97.9,63.28,7.425,5.219444444444444,194.0,0.229,1.626765,0.2868692,16.42,16.94,16.94,24.0,17.82375,94.97083333333335,1.2457175925925925,70.33933333333333
2012-05-17,20.96,16.02,100.0,82.7,6.07,6.188888888888889,135.0,10.52,1.619129,0.17605389999999999,16.14,16.9,16.9,24.0,18.42875,90.55125,1.2917013888888889,108.91333333333334
2012-05-18,23.79,15.96,100.0,66.39,9.4,5.1,143.0,2.286,1.720679,0.07153086,16.31,16.43,16.43,24.0,18.37875,92.33708333333334,1.0422685185185185,101.93333333333334
2012-05-19,23.63,15.55,100.0,68.57,8.8,4.9,131.0,1.3719999999999999,1.604673,0.06250572,15.68,15.68,15.68,24.0,18.164583333333333,93.58541666666667,0.9413310185185185,87.94904166666667
2012-05-20,24.27,14.35,100.0,71.13,7.59,3.8305555555555553,123.0,0.229,1.583479,0.05551656,18.06,18.25,18.25,24.0,19.0825,95.18333333333334,1.0303703703703704,75.00125
2012-05-21,24.2,16.46,100.0,77.24,6.473,5.311111111111111,81.0,0.457,1.705003,0.053635340000000004,17.5,17.69,17.69,24.0,19.537499999999998,93.61458333333333,0.9900925925925925,100.85933333333334
2012-05-22,25.97,16.12,100.0,67.48,8.7,4.088888888888889,92.0,0.229,1.707579,0.05381735,17.63,17.63,17.63,24.0,19.81,92.08708333333334,0.9358217592592593,130.09166666666667
2012-05-23,26.0,17.04,100.0,62.78,11.23,4.019444444444445,90.0,1.6,1.700124,0.05297759,17.09,17.09,17.09,24.0,19.252916666666668,92.64291666666666,0.9689004629629631,126.963375
2012-05-24,26.22,15.61,100.0,63.47,10.96,4.811111111111111,115.0,0.0,1.842619,0.05782944,18.27,18.27,18.27,24.0,19.602916666666665,97.0625,0.5959259259259259,39.89995833333334
2012-05-25,22.33,17.34,100.0,85.9,3.444,2.569444444444444,35.0,10.97,1.830901,0.05871859,19.02,19.02,19.02,24.0,19.402916666666666,93.56625000000001,1.438402777777778,99.3505
2012-05-26,24.92,17.11,100.0,71.15,8.57,6.8999999999999995,271.0,22.86,1.871155,0.32953889999999997,17.12,17.12,17.12,24.0,20.13416666666667,85.74791666666665,0.8596412037037037,133.76483333333334
2012-05-27,27.63,15.49,100.0,53.46,11.54,3.3305555555555557,192.0,0.0,1.889427,0.3749675,16.93,16.99,16.99,24.0,19.76,90.10666666666667,0.8837152777777777,136.80233333333334
2012-05-28,26.88,15.21,100.0,62.52,11.81,4.5,128.0,0.0,1.7057829999999998,0.3421904,19.26,19.68,19.68,24.0,22.045,89.68458333333332,0.8906365740740741,150.936125
2012-05-29,30.13,17.17,100.0,58.54,13.03,3.888888888888889,81.0,0.0,1.5425360000000001,0.29276789999999997,20.14,20.14,20.14,24.0,23.790000000000003,84.49833333333333,0.8760416666666666,150.84970833333333
2012-05-30,34.12,18.1,100.0,44.9,13.02,3.3805555555555555,68.0,0.0,1.544287,0.1968284,20.5,21.54,21.54,24.0,22.938333333333333,85.74458333333332,1.2694444444444444,91.587875
2012-05-31,32.28,18.73,100.0,45.61,7.909,10.36111111111111,201.0,0.457,1.855528,0.22804939999999999,17.49,19.48,19.48,24.0,17.484583333333333,95.08333333333333,1.2624768518518519,18.331
2012-06-01,19.48,15.78,100.0,85.2,1.577,4.038888888888889,46.0,7.315,1.964399,0.4486036,16.03,16.03,16.03,24.0,16.569166666666664,94.97083333333335,1.0697569444444444,34.16020833333334
2012-06-02,18.23,15.42,100.0,81.2,2.948,3.438888888888889,286.0,1.3719999999999999,2.042652,0.3235842,15.89,16.53,16.53,24.0,19.078333333333333,89.86416666666668,0.8640856481481481,116.91233333333334
2012-06-03,25.52,16.01,100.0,63.04,10.09,3.2305555555555556,86.0,0.0,2.052027,0.23827659999999998,17.36,17.36,17.36,24.0,20.907916666666665,91.93708333333332,1.0330324074074075,35.8195
2012-06-04,24.68,16.83,100.0,67.71,3.091,7.711111111111111,300.0,0.457,2.032114,0.1299321,19.42,19.42,19.42,24.0,16.252083333333335,99.95,1.4462037037037037,7.124124999999999
2012-06-05,19.54,14.29,100.0,99.1,0.615,6.319444444444445,142.0,103.3,2.477599,0.3351375,14.29,14.29,14.29,24.0,13.740416666666667,99.675,1.0596180555555554,24.58695833333333
2012-06-06,14.42,13.06,100.0,96.5,2.122,4.411111111111111,210.0,7.315,2.3038119999999997,0.39529509999999995,13.65,13.82,13.82,24.0,14.537083333333333,95.28333333333335,1.1993518518518518,29.627
2012-06-07,16.05,12.86,100.0,85.9,2.556,3.4499999999999997,292.0,0.0,2.09306,0.14885279999999998,14.81,15.1,15.1,24.0,13.859166666666667,77.64041666666667,1.5496180555555554,127.03670833333335
2012-06-08,17.14,9.87,99.9,50.02,10.96,6.96111111111111,219.0,0.229,2.088951,0.12249589999999999,7.9879999999999995,12.4,12.4,24.0,13.09625,77.91916666666667,0.9375,71.53462499999999
2012-06-09,16.35,9.16,98.3,62.12,6.174,3.4194444444444443,234.0,0.686,2.160469,0.38833049999999997,12.45,13.47,13.47,24.0,13.39125,87.79,0.937662037037037,40.724375
2012-06-10,15.4,11.84,99.3,71.53,3.5140000000000002,3.1111111111111107,175.0,0.229,1.935031,0.3533863,12.68,13.46,13.46,24.0,14.660833333333334,95.825,0.8193055555555556,38.243125
2012-06-11,17.55,12.62,100.0,82.2,3.3,3.738888888888889,263.0,15.77,2.067131,0.4886886,14.94,14.94,14.94,24.0,17.635833333333334,94.44708333333334,1.1210763888888888,115.84520833333333
2012-06-12,24.88,14.74,100.0,74.59,10.0,5.961111111111111,130.0,14.86,1.872021,0.4149544,17.36,17.77,17.77,24.0,18.74875,95.78333333333335,0.7204050925925926,43.452958333333335
2012-06-13,21.36,17.34,100.0,83.1,3.75,4.45,128.0,0.0,1.65249,0.3547631,18.3,18.55,18.55,24.0,20.06833333333333,91.35875,0.8156944444444445,100.81824999999999
2012-06-14,26.26,17.17,100.0,58.32,8.7,3.9388888888888887,77.0,0.0,1.535251,0.481562,17.47,17.47,17.47,24.0,19.465,89.21458333333334,0.9009837962962962,148.83666666666667
2012-06-15,26.9,15.52,100.0,53.7,12.85,4.238888888888889,67.0,0.0,1.456939,0.21783049999999998,17.16,17.18,17.18,24.0,17.976666666666667,92.93041666666666,0.7988541666666666,103.29491666666667
2012-06-16,25.43,14.86,100.0,60.55,8.91,4.011111111111111,44.0,0.0,1.617634,0.19707339999999998,15.71,15.71,15.71,24.0,18.605416666666667,88.11791666666666,0.9605208333333333,121.21416666666666
2012-06-17,26.69,13.19,100.0,54.9,10.46,4.219444444444444,143.0,0.0,1.886545,0.25655059999999996,17.41,18.31,18.31,24.0,18.736666666666668,96.21666666666665,1.2652893518518518,42.61233333333333
2012-06-18,20.8,17.91,100.0,89.9,3.678,4.080555555555556,96.0,5.486,2.030632,0.3561408,18.44,18.44,18.44,24.0,18.362916666666667,99.70416666666667,1.205613425925926,20.378375
2012-06-19,19.32,17.53,100.0,96.0,1.759,6.449999999999999,32.0,16.0,1.918031,0.16367959999999998,17.81,17.81,17.81,24.0,17.44333333333333,99.95833333333333,1.005324074074074,23.615041666666666
2012-06-20,19.74,15.47,100.0,98.5,2.038,4.530555555555555,153.0,2.515,2.0117,0.1020254,16.86,16.86,16.86,24.0,16.084166666666665,99.91666666666667,1.3667708333333335,23.512
2012-06-21,16.87,15.48,100.0,98.6,2.029,4.1305555555555555,289.0,15.09,2.169044,0.20201059999999998,15.76,15.76,15.76,24.0,16.59208333333333,97.28333333333335,0.7818402777777779,43.66070833333333
2012-06-22,18.98,15.16,100.0,86.2,3.768,2.5111111111111106,281.0,3.658,2.092654,0.1176996,16.67,16.67,16.67,24.0,17.658333333333335,89.22333333333334,1.3454282407407405,121.28425
2012-06-23,22.31,13.2,100.0,56.37,10.47,7.9,208.0,3.658,1.9701089999999999,0.1213166,13.24,13.24,13.24,24.0,14.073333333333332,96.1125,0.7323495370370371,30.648375
2012-06-24,17.42,10.73,100.0,84.9,2.645,2.7,270.0,0.0,1.9337529999999998,0.09590626000000001,14.47,14.47,14.47,24.0,15.994583333333333,93.51375,0.7156944444444444,98.53825
2012-06-25,23.18,11.61,100.0,66.55,8.5,3.2305555555555556,87.0,0.0,1.873139,0.09819901,14.59,14.59,14.59,24.0,17.079583333333332,88.21583333333332,1.1193287037037039,143.61249999999998
2012-06-26,23.85,12.61,100.0,56.33,12.39,5.7,141.0,0.0,1.882385,0.1051274,15.19,15.25,15.25,24.0,17.598333333333333,91.82208333333334,0.7739814814814815,100.30241666666666
2012-06-27,23.09,14.36,100.0,69.22,8.66,3.1611111111111114,139.0,0.0,1.642868,0.3995511,15.55,15.55,15.55,24.0,17.94875,92.89625000000001,0.821863425925926,104.83495833333335
2012-06-28,24.11,14.46,100.0,64.82,9.05,3.5888888888888886,76.0,0.0,1.529143,0.2910542,17.8,18.25,18.25,24.0,19.522083333333335,90.35416666666667,0.8874768518518518,136.41641666666666
2012-06-29,25.69,16.29,100.0,64.94,11.77,3.238888888888889,72.0,0.0,1.3791069999999999,0.1904566,16.47,16.47,16.47,24.0,19.180416666666666,93.22208333333333,0.8074074074074074,121.40724999999999
2012-06-30,28.02,15.84,100.0,61.06,10.48,3.6,80.0,0.0,1.5967859999999998,0.08876845,17.42,17.42,17.42,24.0,20.476666666666667,85.3325,0.8229398148148147,144.392125
2012-07-01,30.56,13.97,100.0,46.81,12.46,3.3611111111111107,66.0,0.229,1.8108469999999999,0.137135,18.03,18.03,18.03,24.0,20.837500000000002,85.85541666666667,0.9300462962962963,145.49579166666666
2012-07-02,30.44,15.22,100.0,46.92,12.56,5.830555555555555,63.0,0.0,1.767216,0.0819656,17.27,17.27,17.27,24.0,20.122916666666665,86.23041666666667,0.8817476851851852,147.07670833333333
2012-07-03,30.76,13.98,100.0,45.4,12.69,3.8694444444444445,69.0,0.0,1.921976,0.06902567,16.4,16.4,16.4,24.0,20.00916666666667,86.4325,0.8138310185185186,140.61641666666665
2012-07-04,29.42,13.37,100.0,51.74,12.14,3.4611111111111112,63.0,0.0,1.943071,0.06850846000000001,17.72,17.74,17.74,24.0,20.30125,87.8825,0.9067361111111111,139.89479166666666
2012-07-05,29.46,14.76,100.0,57.58,12.07,4.488888888888889,80.0,0.0,2.192596,0.07461393,18.09,18.09,18.09,24.0,22.344583333333333,81.12333333333333,1.4056828703703703,137.93483333333333
2012-07-06,31.89,18.09,100.0,40.58,11.9,6.6305555555555555,153.0,0.0,2.009775,0.06773682,17.58,19.25,19.25,24.0,20.359583333333333,89.745,1.3430902777777778,81.739125
2012-07-07,24.74,18.12,100.0,72.42,7.056,6.449999999999999,260.0,8.71,2.094068,0.07271376,18.45,19.09,19.09,24.0,15.755833333333333,92.27333333333333,1.4667824074074074,22.018583333333336
2012-07-08,19.45,12.53,100.0,75.48,1.899,6.3999999999999995,155.0,8.23,2.187448,0.36841599999999997,12.65,12.65,12.65,24.0,14.765833333333333,83.91166666666666,1.2291435185185184,151.95095833333332
2012-07-09,20.64,11.04,100.0,52.22,13.11,4.588888888888889,107.0,0.0,1.938065,0.1073437,12.3,13.75,13.75,24.0,15.672083333333333,89.64583333333333,1.0724074074074073,105.51950000000001
2012-07-10,21.27,12.4,100.0,66.73,9.11,6.169444444444444,120.0,0.0,1.779923,0.07600103,14.68,14.68,14.68,24.0,17.734583333333333,90.66250000000001,1.0725694444444445,113.80799999999999
2012-07-11,24.4,14.09,100.0,63.75,9.82,6.138888888888889,48.0,0.229,1.405364,0.0674804,16.89,17.17,17.17,24.0,15.694583333333334,96.2375,1.2716435185185184,9.820375
2012-07-12,17.23,13.51,100.0,87.7,0.848,5.1194444444444445,133.0,3.886,1.5965349999999998,0.06474766,13.73,13.73,13.73,24.0,14.612083333333333,95.73333333333333,0.9214699074074074,73.942
2012-07-13,19.9,10.33,100.0,75.94,6.381,4.480555555555555,264.0,11.89,1.677004,0.6208749,8.94,11.21,11.21,24.0,13.233208333333332,75.12125,1.1940972222222221,158.911375
2012-07-14,21.51,6.844,99.1,36.15,13.71,5.680555555555555,269.0,0.0,1.689573,0.39056409999999997,9.26,9.68,8.55,24.0,13.928541666666668,79.6925,0.8493171296296297,152.08979166666668
2012-07-15,23.59,6.936,100.0,36.35,13.13,3.8999999999999995,178.0,0.0,1.769279,0.4331139,12.51,13.76,13.76,24.0,14.156666666666666,82.16250000000001,1.3821875,60.367916666666666
2012-07-16,16.67,11.31,92.8,69.15,5.21,6.238888888888889,161.0,0.0,2.049361,0.5294344,8.16,11.31,11.31,24.0,12.024166666666666,88.68583333333333,1.0309490740740739,40.960249999999995
2012-07-17,15.48,9.15,100.0,68.17,3.535,3.7694444444444444,265.0,8.0,2.176026,0.587757,12.07,12.07,12.07,24.0,13.080416666666666,100.0,1.3834606481481482,16.721124999999997
2012-07-18,14.49,12.06,100.0,99.9,1.443,5.71111111111111,281.0,41.38,1.986307,0.3113988,12.92,12.92,12.92,24.0,14.559166666666668,90.25583333333333,1.1247453703703703,109.97258333333333
2012-07-19,19.48,10.66,100.0,63.57,9.49,4.669444444444444,219.0,6.401,2.006268,0.24702069999999998,13.45,13.75,13.75,24.0,14.657916666666667,87.12583333333333,0.9521296296296295,167.20020833333334
2012-07-20,22.05,10.1,100.0,49.37,14.43,5.199999999999999,69.0,0.0,2.145706,0.11332779999999999,11.2,11.2,11.2,24.0,14.185,89.33583333333333,0.9215046296296295,164.9575
2012-07-21,23.24,7.884,100.0,55.47,14.24,4.211111111111111,67.0,0.0,2.081652,0.08878982,12.46,12.46,12.46,24.0,16.109583333333333,87.53791666666666,0.9857986111111111,154.06620833333332
2012-07-22,25.24,9.2,100.0,51.8,13.3,4.469444444444444,91.0,0.0,2.053017,0.08044043000000001,13.89,13.89,13.89,24.0,17.01875,83.43708333333333,0.8803703703703704,109.45799999999998
2012-07-23,26.07,11.86,100.0,52.45,9.45,7.1,142.0,0.0,2.106707,0.08077349,13.92,15.38,15.38,24.0,17.429166666666667,87.59125,0.8047569444444443,80.44966666666666
2012-07-24,22.79,14.23,97.4,65.6,6.943,3.4694444444444446,88.0,0.0,1.9000059999999999,0.08246447,16.86,17.43,17.43,24.0,19.18916666666667,91.6725,0.9156828703703703,105.082
2012-07-25,26.26,15.32,100.0,69.66,9.07,4.1,176.0,0.0,1.678948,0.08024819,17.99,18.74,18.74,24.0,14.734583333333333,99.36666666666667,1.5284490740740742,13.315166666666668
2012-07-26,18.74,12.78,100.0,95.1,1.149,6.419444444444444,111.0,13.49,1.7289349999999999,0.07717675,13.17,13.17,13.17,24.0,15.815833333333332,95.13583333333334,0.9579861111111111,87.45529166666667
2012-07-27,20.69,12.7,100.0,75.68,7.547,7.2,268.0,11.2,1.6888,0.37306619999999996,15.25,15.25,15.25,24.0,13.696666666666667,97.84166666666665,1.3560300925925926,20.056208333333334
2012-07-28,15.32,12.2,100.0,87.9,1.7309999999999999,6.238888888888889,141.0,20.57,1.636547,0.3606272,12.73,13.12,13.12,24.0,14.894166666666665,94.00125000000001,0.7888657407407407,67.23070833333334
2012-07-29,18.83,12.95,100.0,75.16,5.803,3.0305555555555554,13.0,0.914,1.613572,0.3376364,15.17,15.34,15.34,24.0,16.832916666666666,96.3,1.061261574074074,39.344791666666666
2012-07-30,19.92,14.27,100.0,82.2,3.396,6.338888888888889,144.0,1.6,1.754607,0.1517663,14.05,14.27,14.27,24.0,13.138333333333334,99.3875,1.286736111111111,13.479916666666668
2012-07-31,14.27,12.1,100.0,96.0,1.163,5.5888888888888895,133.0,18.75,1.9014069999999998,0.2129556,13.35,13.35,13.35,24.0,14.846666666666666,100.0,1.0061921296296297,27.525000000000002
2012-08-01,16.43,13.3,100.0,100.0,2.375,4.35,300.0,11.89,2.037508,0.2814101,15.84,15.84,15.84,24.0,17.85875,98.13333333333333,0.9110185185185186,64.36508333333333
2012-08-02,22.05,15.78,100.0,84.1,5.555,3.7888888888888888,87.0,5.715,2.001238,0.21749649999999998,17.8,17.8,17.8,24.0,18.90375,95.08749999999999,0.840787037037037,90.255
2012-08-03,23.85,17.17,100.0,73.25,7.789,3.5805555555555557,75.0,0.0,1.8200370000000001,0.10511749999999999,18.05,18.05,18.05,24.0,19.540833333333335,92.33958333333334,0.9987152777777778,149.134875
2012-08-04,26.49,16.59,100.0,67.76,12.87,3.6305555555555555,83.0,0.0,1.9140709999999999,0.09321259,17.19,17.19,17.19,24.0,21.821250000000003,84.56041666666667,0.8040046296296296,160.65754166666667
2012-08-05,31.74,15.94,100.0,45.04,13.86,3.569444444444444,76.0,0.229,1.90144,0.07804228,18.82,19.06,19.06,24.0,18.7175,92.30416666666667,1.4379166666666665,29.474083333333336
2012-08-06,20.82,16.14,100.0,84.9,2.544,4.519444444444444,83.0,0.0,1.9482059999999999,0.07412811,14.89,16.18,16.18,24.0,16.223333333333333,90.57791666666667,1.4065625,49.44008333333333
2012-08-07,18.85,13.65,98.5,78.71,4.266,5.580555555555556,85.0,0.0,1.8071220000000001,0.07124323,13.84,14.27,14.27,24.0,15.803333333333333,88.10041666666666,1.188576388888889,171.66004166666667
2012-08-08,22.89,12.06,100.0,50.39,14.81,6.780555555555555,80.0,0.0,1.688254,0.06818779,13.69,13.69,13.69,24.0,16.15041666666667,92.17458333333333,1.0199768518518517,109.109125
2012-08-09,23.31,11.27,100.0,65.32,9.42,5.330555555555556,83.0,0.0,1.510977,0.06494978,16.85,17.12,17.12,24.0,19.277916666666666,87.90833333333335,1.067210648148148,156.07508333333334
2012-08-10,25.06,16.22,100.0,62.86,13.47,5.238888888888889,81.0,0.0,1.314306,0.06271864,16.18,16.68,16.68,24.0,18.9025,91.94625,0.9322569444444445,89.21633333333334
2012-08-11,24.28,16.56,100.0,69.34,7.699,3.7194444444444446,81.0,0.0,1.28148,0.06050548,17.42,17.83,17.83,24.0,19.116666666666667,88.41666666666667,1.108773148148148,132.97604166666665
2012-08-12,25.16,16.22,98.1,63.14,11.48,5.199999999999999,79.0,0.0,1.47943,0.24361449999999998,16.43,17.12,17.12,24.0,19.776666666666667,88.70583333333333,1.0031481481481481,165.4005
2012-08-13,26.36,16.1,100.0,65.88,14.27,4.361111111111111,50.0,0.0,1.441116,0.07940401,16.56,16.56,16.56,24.0,18.391666666666666,85.51416666666667,1.3272800925925925,131.83658333333332
2012-08-14,24.97,14.61,100.0,53.91,11.38,5.819444444444444,166.0,0.0,1.518577,0.0596603,14.19,15.14,15.14,24.0,18.857916666666664,85.91041666666666,0.9752314814814814,115.49379166666667
2012-08-15,24.68,15.14,98.5,66.94,9.97,4.919444444444444,65.0,0.0,1.5302820000000001,0.05624211,17.46,17.82,17.82,24.0,20.485,90.0625,1.615023148148148,151.66987500000002
2012-08-16,27.08,17.4,99.5,65.94,13.09,7.799999999999999,67.0,0.0,1.644626,0.054873530000000004,19.23,19.87,19.87,24.0,20.759583333333335,90.665,1.2287152777777777,108.47683333333333
2012-08-17,26.96,17.75,100.0,63.64,9.36,6.730555555555555,87.0,0.0,1.672946,0.04686807,18.96,19.69,19.69,24.0,20.747083333333332,92.90833333333335,1.3536574074074075,66.98445833333334
2012-08-18,24.0,18.63,100.0,80.3,5.781,6.738888888888889,80.0,0.0,1.8756339999999998,0.04823801,19.23,19.27,19.27,24.0,21.488333333333333,90.05208333333333,2.3911921296296295,170.00570833333333
2012-08-19,26.24,19.08,99.7,69.22,14.67,8.311111111111112,67.0,0.229,1.921729,0.04448472,18.89,19.11,19.11,24.0,20.608333333333334,92.17583333333333,1.4181944444444443,111.34654166666667
2012-08-20,25.4,17.96,100.0,69.27,9.61,6.838888888888889,94.0,0.0,1.84118,0.0463687,18.0,18.0,18.0,24.0,20.371666666666666,89.56416666666667,1.3067476851851854,145.93416666666664
2012-08-21,26.5,16.14,100.0,61.82,12.59,5.911111111111111,90.0,0.0,1.8951129999999998,0.04789005,18.33,18.58,18.58,24.0,20.941666666666666,89.93833333333333,1.0382060185185185,151.78175000000002
2012-08-22,27.69,17.55,100.0,64.4,13.1,5.719444444444444,138.0,0.0,1.689238,0.04705006,18.41,18.41,18.41,24.0,20.698333333333334,88.80125,1.0391435185185185,127.98958333333333
2012-08-23,27.25,17.43,100.0,61.24,11.05,5.011111111111111,124.0,0.0,1.65091,0.047728730000000004,17.52,17.98,17.98,24.0,20.719583333333333,86.25416666666666,1.5349768518518518,186.35220833333332
2012-08-24,27.0,16.72,100.0,52.26,16.08,7.269444444444445,97.0,0.0,1.427302,0.05182469,17.58,17.91,17.91,24.0,21.125,86.59333333333332,1.3025,171.75633333333334
2012-08-25,28.31,16.79,100.0,57.73,14.82,6.819444444444445,137.0,0.0,1.197755,0.05112243,18.99,19.74,19.74,24.0,20.839166666666667,83.97333333333333,1.910162037037037,157.89391666666668
2012-08-26,28.45,16.77,99.6,58.42,13.63,10.36111111111111,142.0,0.0,1.432257,0.04925831,13.27,16.77,16.77,24.0,16.036666666666665,86.38208333333334,1.2258217592592593,32.974041666666665
2012-08-27,17.05,14.79,95.8,79.31,2.846,6.188888888888889,145.0,0.0,1.893308,0.45500179999999996,14.17,15.76,15.76,24.0,16.60375,88.67,1.0439930555555554,44.64208333333334
2012-08-28,17.93,15.51,95.5,76.81,3.8529999999999998,3.7694444444444444,273.0,0.0,1.7950249999999999,0.21516839999999998,14.95,16.29,16.29,24.0,15.639583333333334,98.2625,1.4171180555555554,33.285666666666664
2012-08-29,16.79,14.86,100.0,91.7,2.873,4.861111111111111,246.0,13.03,1.7574130000000001,0.1720705,15.06,15.06,15.06,24.0,17.158333333333335,91.53416666666668,1.1213425925925926,110.74070833333333
2012-08-30,22.96,14.47,100.0,66.94,9.56,4.611111111111112,123.0,0.686,1.720951,0.06867297,16.14,16.84,16.84,24.0,17.70625,89.48833333333333,1.2618402777777777,108.91533333333332
2012-08-31,23.48,14.19,100.0,60.45,9.4,4.938888888888889,55.0,0.457,1.858688,0.05677029,14.71,14.71,14.71,24.0,17.652916666666666,86.65916666666668,1.061261574074074,224.59237499999998
2012-09-01,26.0,12.08,100.0,49.7,19.38,5.038888888888889,84.0,0.0,1.781539,0.04859541,14.5,14.57,14.57,24.0,18.59125,88.93333333333334,1.238935185185185,203.52283333333332
2012-09-02,27.18,13.58,100.0,58.93,17.56,5.469444444444445,83.0,0.0,1.9125489999999998,0.049610299999999996,17.64,17.82,17.82,24.0,20.832916666666666,86.28750000000001,1.0424074074074074,190.58854166666666
2012-09-03,27.84,17.49,100.0,56.2,16.45,4.888888888888889,74.0,0.0,1.966905,0.04841705,17.38,17.49,17.49,24.0,18.824166666666667,84.61958333333332,1.7936805555555555,90.7885
2012-09-04,24.86,16.2,100.0,55.49,7.835,10.688888888888888,148.0,0.0,1.79105,0.05096644,15.19,16.21,16.21,24.0,17.26125,86.78375,1.313923611111111,66.70108333333333
2012-09-05,20.56,15.53,97.7,66.18,5.756,5.730555555555555,47.0,0.229,1.7363629999999999,0.04823926,15.71,16.34,16.34,24.0,19.267916666666668,83.72333333333334,1.312685185185185,219.14841666666666
2012-09-06,26.94,14.09,100.0,53.23,18.91,6.430555555555555,73.0,0.0,1.121935,0.04484718,15.44,15.56,15.56,24.0,18.357916666666664,91.62374999999999,1.040162037037037,117.713375
2012-09-07,24.86,15.39,100.0,64.39,10.16,4.188888888888889,60.0,0.0,1.170392,0.044506620000000004,17.48,17.99,17.99,24.0,20.703333333333333,86.78500000000001,1.1661458333333334,104.05204166666665
2012-09-08,25.63,17.81,98.6,65.63,8.98,5.788888888888889,81.0,0.0,1.376963,0.04824008,18.23,19.74,19.74,24.0,21.935833333333335,87.97375,1.0705671296296295,169.806
2012-09-09,28.61,19.0,100.0,63.63,14.65,4.219444444444444,157.0,0.0,1.291626,0.05214626,19.96,19.96,19.96,24.0,20.257916666666667,91.54166666666667,1.4037268518518518,32.595125
2012-09-10,22.11,18.83,100.0,79.46,2.813,4.638888888888888,60.0,0.0,1.437789,0.08570631000000001,18.57,18.98,18.98,24.0,19.854166666666668,95.2375,1.3738425925925926,43.53879166666667
2012-09-11,23.02,18.31,100.0,81.0,3.758,4.788888888888889,140.0,11.66,1.6999710000000001,0.3870065,18.86,18.85,18.85,24.0,21.53708333333333,86.08333333333333,1.5843981481481482,200.83825000000002
2012-09-12,28.31,17.67,100.0,53.39,17.33,6.819444444444445,155.0,0.229,1.739657,0.126754,18.01,19.64,19.64,24.0,20.701249999999998,86.38416666666666,1.312511574074074,102.33904166666666
2012-09-13,25.37,16.8,100.0,65.38,8.83,16.75,260.0,29.87,1.746132,0.08878101000000001,18.57,18.57,18.57,24.0,19.653333333333332,89.07291666666667,1.7758912037037036,97.25291666666668
2012-09-14,23.44,17.1,100.0,69.21,8.39,7.611111111111111,157.0,1.143,1.93296,0.09507309,16.99,17.14,17.14,24.0,19.719583333333333,90.945,1.4735300925925925,101.743875
2012-09-15,25.29,16.8,100.0,70.73,8.78,7.45,84.0,1.3719999999999999,1.927776,0.07820345000000001,18.52,19.59,19.59,24.0,21.225833333333334,87.82291666666667,1.6419907407407406,173.607125
2012-09-16,26.86,16.14,100.0,56.2,14.98,8.019444444444444,93.0,0.0,1.8845830000000001,0.06763968000000001,20.16,20.73,20.73,24.0,22.1375,86.85958333333333,1.3336342592592594,124.40995833333334
2012-09-17,27.58,19.26,99.6,64.84,10.74,7.4111111111111105,137.0,0.0,1.984544,0.06680249,18.99,19.6,19.6,24.0,23.116666666666664,84.88541666666667,1.4252430555555555,199.55004166666666
2012-09-18,31.99,17.08,100.0,55.05,17.22,5.861111111111112,63.0,0.0,2.058006,0.06832622000000001,20.36,20.54,20.54,24.0,23.29041666666667,87.56916666666666,1.2806712962962963,140.471375
2012-09-19,28.24,20.54,99.5,68.29,12.12,5.249999999999999,74.0,0.0,2.061011,0.06697075,20.75,20.83,20.83,24.0,23.7825,79.87125,1.9999884259259257,46.42120833333333
2012-09-20,29.17,20.65,100.0,48.09,4.007,9.411111111111111,264.0,1.143,1.952631,0.07052231,12.57,22.52,22.52,24.0,20.31125,59.03041666666667,2.212835648148148,263.63729166666667
2012-09-21,26.63,14.71,91.1,34.16,22.75,8.03888888888889,158.0,0.0,1.753901,0.10191599999999999,13.97,16.8,16.8,24.0,17.555833333333332,91.00416666666666,1.4070717592592592,87.60979166666665
2012-09-22,23.77,14.99,100.0,63.22,7.561,5.05,242.0,18.29,1.883535,0.4794129,13.86,15.08,15.08,24.0,18.09958333333333,71.97916666666667,1.388946759259259,267.71666666666664
2012-09-23,25.8,12.62,100.0,31.96,23.11,6.988888888888889,65.0,0.0,1.668423,0.19668549999999999,11.94,13.28,13.28,24.0,17.069166666666668,79.6725,1.5653935185185184,136.76054166666668
2012-09-24,23.71,11.88,98.5,53.87,11.8,6.75,79.0,0.0,1.88318,0.3598026,13.55,14.22,14.22,24.0,19.375833333333333,83.53916666666667,1.5731828703703703,147.20083333333332
2012-09-25,25.93,13.98,96.0,56.91,12.7,7.480555555555555,90.0,0.0,1.675233,0.1371466,18.75,20.36,20.36,24.0,18.179166666666667,92.48916666666666,1.6391319444444443,29.687749999999998
2012-09-26,20.88,11.71,100.0,76.34,2.5620000000000003,6.8694444444444445,162.0,6.401,1.839433,0.07702298,11.56,11.79,11.79,24.0,14.666666666666666,60.379999999999995,2.3832175925925925,274.601
2012-09-27,22.05,9.65,100.0,33.08,23.7,7.469444444444444,196.0,0.457,2.049026,0.3926125,8.61,10.37,10.37,24.0,14.911666666666667,76.89333333333333,1.8410300925925924,146.48933333333335
2012-09-28,21.59,8.87,97.6,48.87,12.64,8.399999999999999,153.0,0.0,2.205595,0.32082869999999997,11.7,12.06,12.06,24.0,15.970416666666667,88.01333333333334,1.4711342592592593,116.36483333333332
2012-09-29,22.39,11.43,100.0,56.17,10.04,9.261111111111111,71.0,3.2,2.045026,0.07515311,14.37,14.37,14.37,24.0,17.723333333333333,88.13499999999999,1.8755787037037035,172.37708333333333
2012-09-30,24.41,12.6,100.0,59.69,14.88,8.880555555555555,88.0,0.229,1.795807,0.06630513,16.58,17.74,17.74,24.0,19.00166666666667,86.35916666666667,1.8920833333333331,115.15270833333334
2012-10-01,24.2,15.67,98.6,66.46,9.94,7.9,85.0,0.914,1.701123,0.0659696,15.48,15.74,15.74,24.0,17.624583333333334,94.43624999999999,1.4441435185185185,63.708375
2012-10-02,23.15,14.03,100.0,66.45,5.499,8.65,29.0,6.629,1.647024,0.07731433,16.0,16.0,16.0,24.0,20.227916666666665,86.90916666666668,1.2142708333333332,198.72883333333334
2012-10-03,27.32,14.65,100.0,59.83,17.15,4.888888888888889,76.0,0.0,1.629382,0.06748769,19.44,20.09,20.09,24.0,21.305,90.26833333333333,1.025474537037037,82.54191666666667
2012-10-04,26.35,18.55,100.0,65.93,7.123,4.569444444444444,141.0,0.0,1.671008,0.06510067,19.6,19.8,19.8,24.0,20.855416666666667,95.97500000000001,0.8638310185185185,37.157125
2012-10-05,22.89,19.46,100.0,87.5,3.206,3.1305555555555555,278.0,0.686,1.431107,0.06355427,20.22,20.4,20.4,24.0,21.811666666666667,93.50041666666668,0.9853703703703703,70.16995833333333
2012-10-06,25.52,20.15,100.0,76.41,6.056,3.9194444444444443,144.0,0.686,1.456429,0.06559208,20.57,20.98,20.98,24.0,22.651666666666667,90.97916666666667,1.3474537037037038,114.32045833333332
2012-10-07,28.99,20.64,100.0,67.09,9.87,5.738888888888889,79.0,0.0,1.266454,0.0659346,20.27,21.33,21.33,24.0,23.204166666666666,86.27666666666666,1.4048611111111111,174.84058333333334
2012-10-08,29.49,20.28,100.0,60.89,15.09,5.769444444444444,136.0,0.0,1.005167,0.06304666,19.61,21.51,21.51,24.0,23.225416666666664,82.77166666666666,1.415474537037037,174.66987500000002
2012-10-09,30.19,19.23,100.0,53.08,15.07,7.961111111111111,81.0,0.0,1.242269,0.09184439,19.67,19.67,19.67,24.0,23.409166666666668,83.68583333333333,1.356087962962963,231.997875
2012-10-10,29.98,19.5,100.0,52.99,20.02,5.811111111111112,63.0,0.0,1.3423370000000001,0.1197785,20.52,21.95,21.95,24.0,22.344166666666666,93.65875,1.0616666666666668,42.391416666666665
2012-10-11,26.52,20.58,100.0,73.32,3.658,4.980555555555555,129.0,3.2,1.7171219999999998,0.07020423,20.74,20.74,20.74,24.0,17.72041666666667,98.27499999999999,1.7274189814814813,30.270916666666665
2012-10-12,20.77,16.13,100.0,92.0,2.612,6.561111111111111,159.0,15.77,1.977229,0.27822199999999997,15.96,16.16,16.16,24.0,17.486250000000002,92.93,1.557627314814815,75.40416666666667
2012-10-13,20.49,15.85,100.0,70.7,6.508,6.288888888888889,167.0,19.43,1.955627,0.1668028,15.5,16.77,16.77,24.0,18.27125,84.95875,1.5564120370370371,118.33791666666667
2012-10-14,22.73,15.5,100.0,60.35,10.21,6.188888888888889,114.0,2.515,1.9001139999999999,0.08980556,16.4,16.47,16.47,24.0,18.35875,84.22,1.4401041666666667,107.22416666666668
2012-10-15,22.4,15.82,100.0,55.51,9.25,6.238888888888889,146.0,0.686,1.889221,0.07976127,16.0,16.87,16.87,24.0,19.93875,76.69458333333334,1.995451388888889,194.9428333333333
2012-10-16,26.46,15.88,98.5,46.03,16.82,8.719444444444445,85.0,0.0,2.027536,0.07192203,15.3,19.58,19.58,24.0,21.002083333333335,79.86958333333334,1.9156249999999997,188.27133333333333
2012-10-17,27.01,16.04,95.9,55.34,16.25,10.919444444444444,53.0,0.0,1.913382,0.06765494,18.74,19.73,19.73,24.0,23.688333333333333,82.87666666666667,1.5511574074074073,265.66704166666665
2012-10-18,30.38,17.79,100.0,56.58,22.93,6.499999999999999,51.0,0.0,1.769008,0.0690266,20.03,20.03,20.03,24.0,21.947083333333335,76.14791666666666,1.8909606481481482,286.44870833333334
2012-10-19,30.6,15.93,100.0,34.54,24.72,9.069444444444445,103.0,0.0,1.9315039999999999,0.09132935,16.8,19.94,19.94,24.0,20.854583333333334,79.54666666666667,1.9253819444444444,116.01041666666667
2012-10-20,24.16,18.55,93.2,59.18,10.01,6.680555555555555,84.0,0.0,2.073381,0.28791469999999997,17.81,19.38,19.38,24.0,22.250833333333333,84.79875,1.4428587962962964,179.26233333333334
2012-10-21,28.55,18.53,97.1,58.21,15.47,6.0888888888888895,76.0,0.0,1.682461,0.08981116,19.87,20.48,20.48,24.0,22.620833333333334,93.7325,1.0197337962962962,104.10795833333333
2012-10-22,29.43,19.52,100.0,65.2,8.99,4.780555555555556,276.0,10.01,1.782392,0.07243396,21.41,21.41,21.41,24.0,23.48375,91.51958333333333,1.4687384259259257,144.96341666666666
2012-10-23,29.27,20.46,100.0,66.83,12.51,9.619444444444445,239.0,44.22,1.842071,0.2936952,20.52,20.52,20.52,24.0,22.041666666666668,94.12875000000001,1.3861458333333332,66.38045833333334
2012-10-24,27.73,19.77,100.0,66.25,5.729,7.838888888888889,11.0,10.74,1.648314,0.1727445,19.34,20.02,20.02,24.0,22.5925,71.075,1.8210648148148147,305.20979166666666
2012-10-25,28.8,17.81,97.0,43.01,26.34,7.361111111111111,131.0,0.457,1.892599,0.2599674,18.55,19.02,19.02,24.0,19.889166666666668,98.19583333333333,1.5453356481481482,39.97354166666667
2012-10-26,23.15,18.66,100.0,83.1,3.45,5.199999999999999,78.0,5.715,1.948643,0.6483386,18.96,18.96,18.96,24.0,19.773333333333333,100.0,1.0743171296296297,16.993416666666665
2012-10-27,20.78,18.98,100.0,99.5,1.467,4.8500000000000005,260.0,22.0,1.8303189999999998,0.11706019999999999,19.93,19.93,19.93,24.0,23.437083333333334,90.10000000000001,1.190625,220.12633333333335
2012-10-28,29.89,19.27,100.0,65.05,19.0,4.938888888888889,66.0,0.0,1.827201,0.1212833,22.29,22.29,22.29,24.0,25.583333333333332,86.55458333333333,1.283252314814815,185.56804166666666
2012-10-29,33.66,21.65,100.0,50.71,16.02,5.819444444444444,133.0,0.0,1.830563,0.09931768,23.27,23.51,23.51,24.0,24.340416666666666,91.45,1.563726851851852,94.64929166666667
2012-10-30,28.82,22.48,100.0,76.3,8.17,5.980555555555556,90.0,0.229,2.108227,0.08943748,22.57,22.63,22.63,24.0,24.929166666666664,91.075,1.2084143518518518,104.10425
2012-10-31,29.03,22.28,100.0,76.4,8.98,5.4,197.0,0.0,1.9604759999999999,0.0846642,22.77,23.36,23.36,24.0,24.92958333333333,86.76083333333334,1.493599537037037,215.786125
2012-11-01,34.52,20.22,100.0,48.5,18.62,8.969444444444443,176.0,5.486,1.907266,0.09929076,20.2,20.22,20.22,24.0,20.54,91.12958333333334,1.4858333333333331,59.927625
2012-11-02,22.78,19.15,100.0,76.79,5.172,5.830555555555555,145.0,0.914,2.2701890000000002,0.08418973,17.91,19.17,19.17,24.0,20.14125,91.62583333333333,1.1187384259259259,71.500375
2012-11-03,23.89,18.56,99.8,71.11,6.17,4.980555555555555,160.0,0.914,1.831067,0.08060843,19.5,19.52,19.52,24.0,21.089583333333334,89.37833333333333,1.1443634259259259,92.84504166666666
2012-11-04,25.01,19.07,100.0,70.5,8.01,5.788888888888889,94.0,1.143,1.7233619999999998,0.08537085,19.11,20.53,20.53,24.0,23.56375,84.77666666666667,1.7422569444444445,266.40483333333333
2012-11-05,29.99,18.8,100.0,57.34,22.99,8.1,86.0,2.057,1.5595729999999999,0.165272,21.3,21.3,21.3,24.0,24.01,84.64666666666666,1.8377662037037037,289.0361666666667
2012-11-06,29.95,19.8,100.0,61.21,24.95,8.311111111111112,78.0,0.0,1.552551,0.2165443,20.11,21.08,21.08,24.0,23.729166666666668,80.58624999999999,1.6559143518518518,209.69804166666665
2012-11-07,30.38,18.89,100.0,50.97,18.1,7.488888888888889,60.0,0.0,1.532004,0.2201187,19.05,19.72,19.72,24.0,23.63291666666667,82.98833333333333,2.0515393518518517,277.06675
2012-11-08,30.19,18.91,99.6,53.52,23.91,9.269444444444444,79.0,0.0,1.419979,0.2693723,20.99,22.41,22.41,24.0,23.3425,91.40416666666665,2.3867592592592595,79.84620833333334
2012-11-09,26.37,21.72,100.0,76.71,6.892,8.419444444444444,78.0,3.658,1.592676,0.1231724,21.83,22.01,22.01,24.0,22.702916666666667,99.94166666666666,1.770462962962963,49.011500000000005
2012-11-10,23.67,21.77,100.0,98.8,4.23,7.419444444444444,153.0,48.26,1.779153,0.1262265,22.59,22.59,22.59,24.0,23.878333333333334,94.58833333333332,1.8627662037037036,165.86520833333333
2012-11-11,28.61,22.22,100.0,75.57,14.31,6.4111111111111105,77.0,5.944,1.685646,0.1374819,22.41,22.83,22.83,24.0,26.216250000000002,83.97541666666667,1.4991550925925925,277.9692083333333
2012-11-12,33.82,21.14,100.0,56.54,23.99,7.969444444444445,161.0,0.0,1.946961,0.1068097,22.65,24.05,24.05,24.0,22.6275,90.84958333333333,1.6558333333333335,54.699625
2012-11-13,24.51,19.62,100.0,78.86,4.721,5.580555555555556,140.0,8.92,2.251995,0.2509493,19.84,19.84,19.84,24.0,19.790000000000003,82.76833333333333,1.4974305555555556,101.07370833333333
2012-11-14,23.85,16.29,100.0,58.1,8.72,6.780555555555555,183.0,2.057,2.174981,0.1105883,17.07,17.61,17.61,24.0,18.795416666666664,89.34916666666668,1.2272222222222222,111.96570833333334
2012-11-15,23.64,16.28,99.4,67.26,9.66,5.669444444444444,75.0,2.286,2.215219,0.13037079999999998,16.75,16.85,16.85,24.0,20.06375,86.33833333333332,1.7835532407407406,232.32820833333332
2012-11-16,26.78,14.78,100.0,56.55,20.05,9.319444444444443,214.0,6.172,2.089077,0.133817,18.09,18.09,18.09,24.0,20.18,91.82958333333333,1.2489814814814815,120.89075000000001
2012-11-17,24.45,17.81,100.0,67.79,10.43,5.769444444444444,126.0,13.03,2.030798,0.1407418,18.53,18.91,18.91,24.0,21.524583333333336,81.44083333333333,1.4549421296296297,225.666875
2012-11-18,28.22,17.58,100.0,51.45,19.48,6.75,121.0,0.0,1.937586,0.1107879,16.76,18.45,18.45,24.0,22.174166666666668,77.96416666666666,1.7880324074074074,265.9005416666667
2012-11-19,28.76,17.54,96.9,48.93,22.95,7.688888888888888,95.0,0.0,1.8443839999999998,0.1412772,18.63,20.24,20.24,24.0,23.209999999999997,77.99374999999999,2.0670486111111113,291.57416666666666
2012-11-20,28.78,17.65,96.8,50.29,25.17,8.011111111111111,70.0,0.0,1.775771,0.1231615,20.14,22.55,22.55,24.0,25.545833333333334,77.33666666666666,1.7169560185185186,304.7716666666667
2012-11-21,32.46,19.67,99.8,50.08,26.3,8.880555555555555,100.0,0.0,1.799345,0.1131378,20.67,21.63,21.63,24.0,24.768333333333334,74.63333333333334,1.7135532407407406,305.6777083333333
2012-11-22,30.48,20.32,96.8,42.69,26.38,7.630555555555555,146.0,0.0,1.732003,0.4066377,19.98,21.93,21.93,24.0,24.214583333333334,78.4675,1.7608796296296296,183.0270833333333
2012-11-23,29.84,20.26,95.5,55.25,15.8,7.030555555555555,73.0,0.0,1.487495,0.2950219,19.72,23.36,23.36,24.0,25.29375,80.16583333333334,1.6953587962962962,235.008875
2012-11-24,32.65,22.23,98.5,57.12,20.28,8.5,142.0,4.318,1.453604,0.21243769999999998,22.25,22.47,22.47,24.0,23.8225,87.50833333333333,1.7741898148148147,146.2168333333333
2012-11-25,29.97,20.12,100.0,65.71,12.62,9.65,161.0,6.629,1.5690089999999999,0.2599651,17.61,21.71,21.71,24.0,22.277916666666666,65.60375,2.0674537037037037,185.68050000000002
2012-11-26,25.63,19.1,84.1,45.81,16.02,8.480555555555556,162.0,0.0,1.997964,0.39933399999999997,15.14,19.1,19.1,24.0,21.045416666666668,79.56125,1.531608796296296,139.74995833333332
2012-11-27,27.35,16.06,98.5,54.82,12.06,6.230555555555555,74.0,0.0,1.8574609999999998,0.1022464,18.35,20.44,20.44,24.0,22.495833333333334,85.11208333333333,1.8349421296296295,152.13933333333333
2012-11-28,28.99,19.33,98.8,60.52,13.13,8.130555555555555,25.0,6.858,1.908239,0.09387991,19.83,20.09,20.09,24.0,24.683333333333334,78.77416666666666,2.007025462962963,329.3333333333333
2012-11-29,32.51,17.52,100.0,49.33,28.42,6.219444444444444,134.0,0.686,1.80299,0.09133588000000001,21.38,21.72,21.72,24.0,24.9525,83.48125,1.7549421296296295,268.70845833333334
2012-11-30,31.69,20.09,100.0,50.92,23.19,7.699999999999999,68.0,0.0,1.951646,0.09047453,20.97,22.75,22.75,24.0,23.88416666666667,86.74458333333332,2.3153587962962963,135.54658333333333
2012-12-01,27.18,21.54,97.6,72.3,11.7,9.180555555555555,81.0,0.0,2.042172,0.08059405,20.72,22.34,22.34,24.0,24.777916666666666,83.83291666666666,1.8992824074074075,229.13720833333332
2012-12-02,31.44,20.41,100.0,59.18,19.78,7.038888888888889,86.0,2.972,1.7282929999999999,0.08539619,22.14,22.14,22.14,24.0,23.025000000000002,94.40249999999999,1.1283217592592594,104.28083333333332
2012-12-03,29.68,20.37,100.0,62.97,9.0,6.288888888888889,138.0,7.087,1.681408,0.09747799,21.31,21.31,21.31,24.0,24.544583333333335,87.7275,1.3489467592592594,154.716625
2012-12-04,31.31,20.74,100.0,58.54,13.35,8.488888888888889,79.0,0.0,1.87037,0.1110668,22.32,23.63,23.63,24.0,25.89,85.63041666666668,1.7929398148148146,248.59124999999997
2012-12-05,32.02,21.47,100.0,62.95,21.45,9.030555555555555,85.0,0.0,1.575688,0.1378064,23.11,24.51,24.51,24.0,26.604583333333334,84.95125,1.615636574074074,196.17550000000003
2012-12-06,33.37,23.44,98.3,61.07,16.93,8.450000000000001,75.0,0.0,1.476602,0.1023795,23.25,24.7,24.7,24.0,27.944999999999997,82.73833333333333,1.7308101851851851,294.4232083333333
2012-12-07,35.4,22.89,99.2,58.07,25.41,8.1,77.0,0.0,1.6187960000000001,0.3551282,24.61,25.37,25.37,24.0,28.503333333333334,84.29333333333334,1.3969328703703703,207.16383333333332
2012-12-08,38.58,24.36,99.1,43.65,17.88,7.680555555555555,170.0,9.6,1.6645219999999998,0.1739067,24.96,25.58,25.58,24.0,24.537916666666664,87.7425,1.455474537037037,56.98770833333334
2012-12-09,26.92,22.21,97.6,72.45,4.918,8.91111111111111,168.0,0.457,1.7696209999999999,0.2455847,21.63,22.21,22.21,24.0,23.897499999999997,89.90083333333332,1.3198495370370371,134.36458333333334
2012-12-10,29.53,21.09,100.0,61.67,11.6,5.55,74.0,2.743,1.847385,0.2505939,21.82,22.53,22.53,24.0,26.256666666666664,81.25041666666667,1.972337962962963,283.450375
2012-12-11,32.41,21.52,98.2,56.97,24.46,7.469444444444444,81.0,0.0,1.86315,0.203485,23.34,24.72,24.72,24.0,26.83375,78.51458333333333,1.7810185185185183,121.62154166666666
2012-12-12,33.35,22.5,97.3,36.39,10.5,9.780555555555555,286.0,8.97,1.868001,0.126547,21.19,24.13,24.13,24.0,24.680000000000003,87.36666666666667,1.4566319444444444,99.01458333333333
2012-12-13,30.3,22.84,96.1,68.14,8.54,5.180555555555555,73.0,0.0,2.04156,0.1657196,22.55,23.75,23.75,24.0,25.29625,86.64458333333333,1.4831597222222221,119.977625
2012-12-14,30.5,22.44,98.5,69.73,10.35,8.299999999999999,172.0,0.0,2.164387,0.0865273,22.49,23.59,23.59,24.0,22.105,93.78750000000001,1.2618634259259258,38.94591666666667
2012-12-15,23.72,20.74,100.0,83.8,3.3609999999999998,5.319444444444444,267.0,5.944,2.110906,0.17664459999999998,21.32,21.32,21.32,24.0,23.701666666666668,92.76625,0.9487384259259258,89.584625
2012-12-16,27.74,21.07,100.0,72.72,7.732,3.219444444444444,139.0,7.5440000000000005,2.139394,0.1532782,23.05,23.05,23.05,24.0,25.317083333333333,93.55833333333334,1.2406944444444445,118.880125
2012-12-17,29.53,22.64,100.0,75.65,10.26,6.4111111111111105,134.0,0.457,1.998184,0.100826,24.58,24.58,24.58,24.0,28.572083333333335,81.5675,1.6339583333333332,292.4714166666667
2012-12-18,37.22,23.32,100.0,53.62,25.24,7.211111111111111,147.0,0.0,1.923048,0.1149294,21.71,23.91,23.91,24.0,27.11125,76.57958333333333,1.8540277777777778,316.7537916666667
2012-12-19,33.26,21.93,98.0,41.81,27.33,7.480555555555555,76.0,0.0,1.98906,0.1286878,23.63,25.5,25.5,24.0,25.56625,92.68374999999999,1.8566435185185186,152.7039166666667
2012-12-20,31.14,21.58,100.0,70.54,13.18,8.55,95.0,26.31,1.9660900000000001,0.18054199999999998,22.39,22.39,22.39,24.0,25.175,92.31416666666667,1.4115856481481481,243.661625
2012-12-21,33.81,21.63,100.0,61.26,21.03,5.788888888888889,64.0,8.48,1.681922,0.1331637,23.44,23.44,23.44,24.0,26.22791666666667,87.10833333333333,1.7873379629629629,211.673375
2012-12-22,34.13,21.71,100.0,55.53,18.27,9.438888888888888,147.0,9.6,1.406696,0.1261997,21.78,21.78,21.78,24.0,23.239583333333332,88.46,1.9106018518518517,124.05633333333334
2012-12-23,26.94,21.23,100.0,63.32,10.71,8.130555555555555,155.0,3.2,1.627794,0.49102439999999997,20.89,21.35,21.35,24.0,24.220416666666665,81.89291666666666,1.4651967592592594,214.19795833333333
2012-12-24,30.55,19.6,100.0,53.38,18.49,5.611111111111111,54.0,0.229,1.636668,0.29057689999999997,20.81,23.31,23.31,24.0,26.575,81.43958333333333,1.6636805555555556,289.52729166666666
2012-12-25,33.21,20.21,100.0,54.91,24.99,7.480555555555555,83.0,0.0,1.511399,0.1349357,24.53,26.19,26.19,24.0,30.02875,81.08541666666666,1.4205208333333335,291.2860416666667
2012-12-26,36.91,25.13,97.3,57.6,25.14,6.3999999999999995,82.0,0.0,1.5986150000000001,0.09758978,25.14,30.35,26.86,24.0,30.52333333333333,72.49666666666667,1.508587962962963,235.50095833333333
2012-12-27,41.11,24.83,93.5,31.77,20.32,8.369444444444444,286.0,0.0,1.826884,0.1023562,22.88,24.97,24.97,24.0,23.31125,91.83749999999999,1.456701388888889,51.708375
2012-12-28,25.08,21.55,100.0,80.5,4.463,5.519444444444445,136.0,5.715,1.965353,0.1517661,21.59,21.59,21.59,24.0,23.913749999999997,94.05624999999999,1.2720717592592592,150.90295833333332
2012-12-29,31.41,21.24,100.0,68.43,13.02,7.45,267.0,27.08,2.024515,0.34811149999999996,21.83,21.83,21.83,24.0,22.93166666666667,97.26666666666667,1.301886574074074,63.49870833333333
2012-12-30,26.41,21.59,100.0,86.0,5.48,5.280555555555556,144.0,23.32,2.047457,0.2279871,21.92,21.92,21.92,24.0,24.285,93.07166666666666,1.1962268518518517,114.98895833333334
2012-12-31,29.54,21.53,100.0,71.36,9.92,4.6499999999999995,142.0,1.8290000000000002,1.979801,0.1326815,23.65,23.88,23.88,24.0,24.642916666666668,94.6725,1.1459143518518518,114.47666666666667
2013-01-01,31.73,22.2,100.0,65.17,9.88,5.938888888888888,189.0,17.2,1.939863,0.1374377,22.21,22.21,22.21,24.0,24.725416666666664,88.8625,1.4483680555555554,115.59520833333333
2013-01-02,31.91,21.67,100.0,54.1,9.98,6.280555555555555,165.0,3.658,1.7798029999999998,0.1640297,20.35,22.39,22.39,24.0,21.03,88.13541666666667,1.5121527777777777,76.45925
2013-01-03,23.73,19.06,97.2,72.04,6.599,6.6000000000000005,168.0,0.457,1.985406,0.3409907,18.56,19.28,19.28,24.0,20.72375,91.03833333333334,1.2389699074074074,98.18416666666667
2013-01-04,24.82,18.37,99.6,69.36,8.47,5.519444444444445,92.0,1.8290000000000002,1.923465,0.48136579999999995,19.41,19.62,19.62,24.0,21.704166666666666,96.28750000000001,1.161875,94.09491666666668
2013-01-05,25.04,19.6,100.0,83.0,8.12,6.3,94.0,3.658,1.581937,0.22421249999999998,21.58,21.58,21.58,24.0,24.517083333333332,92.86916666666667,1.5802662037037036,163.57033333333334
2013-01-06,30.23,21.38,100.0,73.53,14.12,7.469444444444444,83.0,5.486,1.376936,0.18123399999999998,23.91,23.91,23.91,24.0,25.861666666666665,92.28750000000001,1.3249305555555555,138.330875
2013-01-07,31.2,22.9,100.0,73.09,11.94,5.338888888888889,196.0,2.743,1.59802,0.21102469999999998,22.0,23.87,23.87,24.0,27.08791666666667,81.6375,1.392986111111111,250.36945833333334
2013-01-08,34.08,20.66,100.0,56.79,21.61,5.288888888888889,80.0,0.0,1.788694,0.1297266,25.04,26.11,26.11,24.0,25.783749999999998,93.28791666666666,1.0447685185185185,67.32220833333334
2013-01-09,30.2,23.73,100.0,65.16,5.81,5.819444444444444,291.0,3.2,1.78733,0.1295942,23.59,24.1,24.1,24.0,25.20375,90.50416666666666,1.3818981481481483,85.90558333333333
2013-01-10,28.8,22.74,99.3,77.96,7.414,8.469444444444443,185.0,1.143,1.8773689999999998,0.1652165,20.78,22.74,22.74,24.0,24.346666666666668,74.08916666666667,2.3914351851851854,264.4015
2013-01-11,28.84,20.13,94.0,52.66,22.82,9.369444444444444,156.0,0.0,2.092983,0.1430904,18.05,20.78,20.78,24.0,23.10083333333333,68.82708333333333,2.205486111111111,302.3174583333333
2013-01-12,28.77,17.77,92.3,40.59,26.09,8.869444444444444,229.0,0.0,2.089407,0.1395361,16.56,21.08,21.08,24.0,22.49,74.9075,1.4978587962962964,230.6045
2013-01-13,29.3,16.83,96.0,49.09,19.9,6.780555555555555,126.0,0.0,2.112657,0.09254135000000001,18.33,19.31,19.31,24.0,21.633333333333336,90.62124999999999,1.0583449074074074,93.20354166666665
2013-01-14,26.58,17.76,99.9,67.98,8.04,6.038888888888888,148.0,2.057,2.01055,0.100701,20.74,20.91,20.91,24.0,22.93041666666667,93.65166666666666,1.563611111111111,119.06870833333333
2013-01-15,29.0,20.5,100.0,69.21,10.28,6.3,123.0,25.98,2.00738,0.121583,21.38,21.38,21.38,24.0,24.104583333333334,86.51458333333333,1.9902777777777778,262.0647916666667
2013-01-16,29.29,19.82,100.0,64.37,22.62,8.299999999999999,149.0,5.486,1.9732100000000001,0.1524756,21.93,22.71,22.71,24.0,23.96083333333333,88.58875,1.2015046296296297,96.36645833333334
2013-01-17,27.04,21.43,98.9,75.52,8.32,5.561111111111111,92.0,0.0,1.9017469999999999,0.1459175,21.46,22.01,22.01,24.0,25.465,81.11208333333333,1.5480555555555553,297.43808333333334
2013-01-18,32.82,20.05,100.0,50.59,25.67,7.261111111111111,82.0,0.0,1.813496,0.1368063,21.47,24.13,24.13,24.0,24.524583333333336,87.74333333333334,1.4613310185185184,193.46504166666668
2013-01-19,33.01,21.34,100.0,49.48,16.69,9.330555555555556,194.0,16.79,1.868809,0.1344136,21.65,21.65,21.65,24.0,24.02541666666667,86.36500000000001,1.6465625,203.18954166666666
2013-01-20,29.86,20.52,100.0,60.1,17.54,8.219444444444445,148.0,5.486,1.7425869999999999,0.3682649,20.41,20.69,20.69,24.0,23.508750000000003,83.70375,1.8876967592592593,250.94129166666664
2013-01-21,29.46,20.24,100.0,51.47,21.66,11.438888888888888,152.0,7.5440000000000005,1.575715,0.5280831,20.35,20.35,20.35,24.0,22.78708333333333,80.48916666666666,1.878310185185185,239.83545833333332
2013-01-22,27.89,19.22,100.0,44.67,20.69,8.369444444444444,143.0,7.01,1.561337,0.3042666,18.62,19.73,19.73,24.0,22.14625,84.58999999999999,1.641574074074074,152.10658333333333
2013-01-23,27.56,18.74,99.5,49.74,13.13,6.3,149.0,4.191,1.612753,0.20631819999999998,19.48,19.62,19.62,24.0,23.175416666666667,87.43624999999999,1.8361689814814814,238.17441666666664
2013-01-24,30.44,19.45,100.0,61.05,20.55,7.819444444444444,75.0,2.972,1.600795,0.1398702,21.35,22.95,22.95,24.0,25.995416666666667,81.39125,1.8043634259259258,318.71208333333334
2013-01-25,31.94,19.85,100.0,52.26,27.51,7.911111111111111,86.0,0.0,1.6509260000000001,0.1354584,23.7,25.29,25.29,24.0,27.594583333333333,82.33458333333333,1.4639004629629628,228.40625
2013-01-26,38.06,22.84,100.0,44.09,19.71,8.730555555555556,146.0,0.229,1.7467519999999999,0.1352583,22.74,24.26,24.26,24.0,23.6575,77.51125,1.9946874999999997,77.48433333333334
2013-01-27,26.04,20.87,92.4,64.42,6.687,6.438888888888888,132.0,0.0,2.106339,0.27256389999999997,18.41,20.87,20.87,24.0,21.762083333333333,86.25416666666666,1.1883333333333332,81.135625
2013-01-28,25.67,19.18,98.4,68.75,7.003,3.8,58.0,0.229,2.342825,0.1288083,20.05,21.25,21.25,24.0,24.7375,81.91375000000001,1.7527199074074076,300.28749999999997
2013-01-29,31.96,19.49,100.0,50.34,25.91,7.788888888888889,79.0,0.457,2.080757,0.11603229999999999,21.72,23.2,23.2,24.0,25.49208333333333,79.61083333333333,1.9615972222222222,285.29979166666664
2013-01-30,32.67,21.19,97.5,47.33,24.62,8.411111111111111,88.0,0.0,1.93086,0.11111000000000001,20.44,21.24,21.24,24.0,23.830833333333334,83.3475,1.575960648148148,136.88975
2013-01-31,30.2,19.54,99.4,58.3,11.81,6.588888888888889,77.0,0.0,1.797296,0.10972839999999999,20.96,22.32,22.32,24.0,25.027916666666666,87.19833333333334,1.911284722222222,187.03608333333332
2013-02-01,30.51,21.34,99.9,67.82,16.14,8.538888888888888,93.0,1.6,1.788863,0.1110753,22.46,24.97,24.97,24.0,27.02416666666667,82.31041666666667,1.9935879629629631,240.4237916666667
2013-02-02,33.56,22.82,99.9,54.63,20.75,7.838888888888889,80.0,0.457,1.7146119999999998,0.11498929999999999,24.07,25.51,25.51,24.0,27.38416666666667,85.99666666666667,1.6335763888888888,193.99645833333332
2013-02-03,33.85,22.61,100.0,59.31,16.74,8.55,167.0,1.143,1.651073,0.1039151,22.47,22.63,22.63,24.0,24.6075,88.11,1.5902199074074075,135.16675
2013-02-04,30.4,21.19,100.0,64.85,11.67,6.96111111111111,144.0,7.087,1.5979649999999999,0.1252404,21.51,21.51,21.51,24.0,23.211249999999996,77.87041666666667,1.6540625,160.25783333333334
2013-02-05,27.52,20.2,100.0,52.63,13.83,5.980555555555556,147.0,0.0,1.794896,0.6182282,18.51,21.24,21.24,24.0,23.49625,79.21041666666666,1.7022453703703704,162.33916666666667
2013-02-06,29.57,19.77,96.3,56.14,14.01,6.661111111111111,85.0,0.457,1.728698,0.1947141,20.26,22.93,22.93,24.0,22.803749999999997,89.19958333333334,1.9196990740740738,116.01216666666666
2013-02-07,26.86,20.57,100.0,73.59,10.01,5.6499999999999995,57.0,7.5440000000000005,1.6565,0.13203489999999998,19.89,21.3,21.3,24.0,21.056250000000002,94.83583333333333,1.2255902777777778,56.440583333333336
2013-02-08,23.03,19.4,100.0,73.19,4.871,5.938888888888888,158.0,47.96,1.8247550000000001,0.24532869999999998,19.42,19.42,19.42,24.0,22.081666666666667,96.00833333333333,1.0350694444444444,96.40179166666667
2013-02-09,26.66,19.44,100.0,79.32,8.32,4.111111111111112,130.0,11.43,1.922403,0.2104033,20.97,20.97,20.97,24.0,23.00791666666667,97.20833333333333,0.8892939814814814,95.24379166666667
2013-02-10,27.05,20.6,100.0,79.96,8.22,5.288888888888889,82.0,9.6,2.114686,0.1700136,22.67,22.67,22.67,24.0,23.6375,96.47083333333335,1.1828703703703702,100.74458333333332
2013-02-11,26.85,22.13,100.0,80.3,8.69,5.76111111111111,53.0,4.572,2.039158,0.1434402,22.78,22.78,22.78,24.0,26.527083333333334,85.79416666666667,1.3517824074074074,199.70420833333333
2013-02-12,34.11,21.81,100.0,50.34,17.24,7.669444444444444,79.0,0.686,2.019238,0.1216362,24.28,24.57,24.57,24.0,25.066666666666666,94.30874999999999,1.1267824074074073,76.06920833333334
2013-02-13,30.51,22.01,100.0,67.77,6.565,5.688888888888889,10.0,10.11,2.134728,0.1258263,22.85,22.85,22.85,24.0,25.980833333333333,89.14083333333333,1.2752546296296297,238.84687499999998
2013-02-14,35.2,22.18,100.0,48.77,20.61,10.9,26.0,23.9,2.073776,0.1477978,23.26,23.26,23.26,24.0,24.959999999999997,96.415,1.094837962962963,141.41299999999998
2013-02-15,32.73,22.69,100.0,64.52,12.2,7.980555555555555,285.0,9.45,1.812314,0.219253,23.77,23.77,23.77,24.0,25.58791666666667,93.395,1.107534722222222,158.66079166666665
2013-02-16,31.82,22.71,100.0,70.81,13.69,6.261111111111111,272.0,2.743,1.7893970000000001,0.20908369999999998,23.69,23.87,23.87,24.0,24.788749999999997,94.78166666666668,1.2399305555555555,152.92058333333333
2013-02-17,33.34,22.16,100.0,62.68,13.2,7.569444444444445,172.0,25.58,2.091525,0.1838415,22.77,22.77,22.77,24.0,26.125833333333333,88.47958333333334,1.3908796296296295,264.71587500000004
2013-02-18,34.06,22.15,100.0,59.53,22.85,7.069444444444444,81.0,0.0,1.369459,0.23269189999999998,22.74,23.53,23.53,24.0,27.022499999999997,78.86708333333333,1.5628009259259261,205.34716666666668
2013-02-19,34.97,21.83,99.7,45.96,17.72,6.65,159.0,0.229,1.317513,0.2997344,23.01,25.18,25.18,24.0,27.000416666666666,82.17791666666666,1.5540393518518518,201.22016666666664
2013-02-20,32.88,22.97,97.1,56.62,17.37,6.419444444444444,72.0,0.0,1.70012,0.5895731,24.24,25.75,25.75,24.0,27.51,84.82000000000001,1.4390162037037035,208.2145416666667
2013-02-21,34.08,23.51,100.0,58.27,17.97,6.688888888888888,81.0,0.0,1.651739,0.5034755,24.65,26.64,26.64,24.0,28.769166666666667,82.30749999999999,1.505300925925926,291.4997916666667
2013-02-22,35.57,23.69,97.8,55.11,25.16,7.1,121.0,0.457,1.611626,0.3098103,23.89,24.9,24.9,24.0,23.727083333333336,92.87916666666666,1.606273148148148,38.56245833333333
2013-02-23,27.3,20.91,100.0,82.5,3.328,7.569444444444445,161.0,33.45,1.8786909999999999,0.3384641,20.74,21.12,21.12,24.0,22.824166666666667,89.17541666666666,1.202662037037037,85.87795833333332
2013-02-24,27.59,20.14,100.0,69.43,7.411,4.538888888888889,144.0,2.515,2.163372,0.1773773,21.07,21.55,21.55,24.0,25.03708333333333,85.91041666666666,1.3741666666666665,253.86608333333334
2013-02-25,31.58,19.58,100.0,61.27,21.91,6.8805555555555555,79.0,0.0,1.888779,0.1519732,23.72,25.26,25.26,24.0,27.105833333333333,86.38875,1.4619675925925926,227.26808333333335
2013-02-26,34.99,22.42,100.0,60.46,19.62,6.361111111111111,289.0,27.84,1.89273,0.1569654,22.46,22.46,22.46,24.0,23.592083333333335,96.02499999999999,1.325949074074074,99.19008333333335
2013-02-27,26.25,22.48,100.0,84.6,8.56,6.688888888888888,149.0,9.83,2.204058,0.2185792,22.06,23.15,23.15,24.0,23.77208333333333,86.065,1.4577199074074072,134.948625
2013-02-28,27.5,21.72,95.4,69.68,11.65,6.461111111111111,146.0,0.0,2.485813,0.26745,20.54,22.12,22.12,24.0,23.189999999999998,88.95958333333334,1.2161458333333333,120.41095833333333
2013-03-01,28.74,20.29,98.8,65.58,10.39,4.469444444444444,165.0,0.686,2.379915,0.1782165,22.55,22.81,22.81,24.0,25.4275,80.90708333333333,1.819224537037037,279.86975
2013-03-02,30.86,21.38,100.0,47.54,24.15,9.269444444444444,86.0,0.0,2.020564,0.1414471,20.86,22.94,22.94,24.0,25.405833333333334,82.15375,1.86,223.476125
2013-03-03,31.11,20.76,98.4,56.22,19.29,9.61111111111111,85.0,0.0,1.69124,0.1467148,22.83,24.72,24.72,24.0,26.586249999999996,81.705,1.677337962962963,247.964375
2013-03-04,33.79,21.28,100.0,47.51,21.4,6.338888888888889,81.0,0.0,1.373734,0.1390895,23.43,24.2,24.2,24.0,26.420833333333334,86.82208333333334,1.5112500000000002,190.63333333333333
2013-03-05,35.24,22.19,100.0,54.08,16.45,10.819444444444445,133.0,14.0,1.713254,0.1337611,22.11,22.47,22.47,24.0,21.167083333333334,99.8125,1.0842592592592593,25.469416666666664
2013-03-06,22.59,19.1,100.0,97.4,2.198,6.980555555555555,165.0,22.89,1.952273,0.6475529999999999,19.1,19.1,19.1,24.0,21.131666666666664,94.30416666666667,1.1076967592592593,69.32199999999999
2013-03-07,24.19,18.77,100.0,82.8,5.983,3.2499999999999996,167.0,0.457,1.811515,0.34997029999999996,21.05,21.12,21.12,24.0,23.839583333333334,95.25958333333334,0.9958333333333332,103.035625
2013-03-08,29.84,21.08,100.0,71.03,8.89,4.3,119.0,6.858,1.660971,0.16167589999999998,23.9,23.9,23.9,24.0,26.486666666666665,90.25041666666665,1.1848958333333333,182.838375
2013-03-09,32.43,22.57,100.0,62.64,15.78,5.680555555555555,78.0,0.686,1.6999879999999998,0.1400286,25.05,25.44,25.44,24.0,25.326666666666668,96.75,1.1290972222222222,76.65412500000001
2013-03-10,30.46,22.5,100.0,73.11,6.616,4.9111111111111105,91.0,4.5969999999999995,1.980792,0.1424504,23.01,23.01,23.01,24.0,26.077916666666667,89.45708333333333,1.4372916666666666,240.555375
2013-03-11,34.97,22.07,100.0,56.42,20.76,8.65,161.0,38.15,2.239022,0.36147239999999997,22.79,22.79,22.79,24.0,24.40416666666667,93.015,1.3535300925925924,127.96933333333334
2013-03-12,30.7,21.34,100.0,69.58,11.05,6.1,76.0,0.229,2.164747,0.1974669,23.78,23.78,23.78,24.0,26.061666666666667,92.58125,1.1338310185185185,147.546625
2013-03-13,32.42,23.11,100.0,63.09,12.73,5.011111111111111,70.0,1.6,2.367429,0.18893959999999999,24.85,24.85,24.85,24.0,23.909583333333334,91.55416666666667,1.623449074074074,68.02258333333333
2013-03-14,27.24,21.91,100.0,75.55,5.871,7.6499999999999995,133.0,4.115,2.4719189999999998,0.21685359999999998,19.25,21.91,21.91,24.0,21.26625,86.80583333333334,1.1454166666666665,54.64641666666666
2013-03-15,23.15,19.42,98.5,73.23,4.717,4.961111111111111,154.0,0.457,2.214818,0.17994659999999998,18.69,20.09,20.09,24.0,20.733333333333334,98.0125,1.0159143518518519,43.270041666666664
2013-03-16,23.37,18.94,100.0,91.2,3.734,3.480555555555555,255.0,13.94,1.979596,0.2504373,21.33,21.33,21.33,24.0,22.39625,98.41666666666667,1.4429745370370368,84.88445833333334
2013-03-17,27.46,20.02,100.0,82.2,7.326,6.988888888888889,154.0,32.77,2.038075,0.2671869,20.42,20.42,20.42,24.0,20.80666666666667,89.04124999999999,1.4303935185185184,55.78008333333333
2013-03-18,23.11,19.12,100.0,71.19,4.814,7.719444444444444,149.0,0.0,1.7022490000000001,0.36364969999999996,16.21,19.28,19.28,24.0,20.145416666666666,85.79791666666667,1.5388541666666666,94.90612499999999
2013-03-19,24.09,17.77,100.0,64.02,8.19,5.911111111111111,148.0,2.286,1.490751,0.2736219,18.89,18.89,18.89,24.0,19.625,98.85833333333333,1.013611111111111,51.36908333333333
2013-03-20,22.97,18.6,100.0,86.2,4.433,3.819444444444444,123.0,8.94,1.251325,0.3265476,19.68,19.68,19.68,24.0,20.88625,99.7,1.2391666666666667,48.979125
2013-03-21,23.31,18.9,100.0,95.9,4.227,5.669444444444444,67.0,16.69,1.204893,0.3648665,21.3,21.3,21.3,24.0,24.338333333333335,89.73625,1.2259375,196.75570833333333
2013-03-22,30.98,20.33,100.0,61.1,16.98,6.188888888888889,34.0,0.229,1.292565,0.1945733,22.22,22.22,22.22,24.0,24.04125,81.25416666666666,1.7026388888888888,194.979875
2013-03-23,30.41,19.15,100.0,50.19,16.83,7.480555555555555,145.0,0.0,1.566381,0.2939543,19.82,21.97,21.97,24.0,22.258333333333336,83.47708333333334,0.9980787037037037,64.796
2013-03-24,25.76,20.73,92.9,68.68,5.592,3.9305555555555554,60.0,0.0,1.784481,0.3446959,19.28,20.81,20.81,24.0,19.622083333333332,94.64999999999999,0.9648842592592594,32.446083333333334
2013-03-25,22.73,16.56,100.0,82.2,2.801,3.55,175.0,13.94,2.056842,0.1908657,17.29,17.29,17.29,24.0,20.482916666666664,94.45833333333333,1.0361111111111112,110.95791666666666
2013-03-26,25.98,17.22,100.0,74.75,9.58,5.011111111111111,134.0,0.914,2.038924,0.1782493,20.82,20.82,20.82,24.0,22.32875,96.08749999999999,0.8996064814814814,68.77291666666666
2013-03-27,25.84,20.14,100.0,81.4,5.9350000000000005,3.5388888888888888,72.0,1.8290000000000002,2.212325,0.15866159999999999,20.8,20.8,20.8,24.0,22.08083333333333,87.71083333333333,1.1902430555555557,190.212625
2013-03-28,28.32,18.49,100.0,61.52,16.42,5.580555555555556,63.0,0.229,2.236427,0.1605788,17.92,18.49,18.49,24.0,22.109166666666667,78.20875,1.6292708333333332,222.3178333333333
2013-03-29,29.65,15.98,100.0,48.45,19.19,7.699999999999999,157.0,0.0,2.290654,0.154573,18.16,21.25,21.25,24.0,22.245,82.12166666666667,1.4997916666666666,198.98762499999998
2013-03-30,27.87,18.51,98.9,55.42,17.17,6.111111111111111,145.0,0.686,2.127721,0.1409694,19.12,19.32,19.32,15.0,19.808,97.70666666666666,0.8566296296296296,14.185133333333333
2013-03-31,20.65,20.28,100.0,97.6,0.0,1.9899999999999998,72.0,0.229,0.9195388999999999,0.1630975,20.48,20.48,20.48,24.0,23.225416666666664,89.46916666666668,1.2269675925925927,198.23920833333332
2013-04-01,30.1,19.08,100.0,60.42,17.11,5.830555555555555,70.0,0.229,1.849196,0.15048419999999998,21.96,22.35,22.35,24.0,24.690833333333334,86.51083333333334,1.2791550925925925,203.90729166666665
2013-04-02,31.6,20.69,100.0,54.25,17.6,6.611111111111111,79.0,0.0,1.786416,0.16054279999999999,22.92,23.47,23.47,24.0,23.375416666666666,97.74583333333334,1.002361111111111,40.54325
2013-04-03,25.33,21.48,100.0,91.4,3.499,9.138888888888888,88.0,20.55,1.953297,0.2748352,21.67,21.67,21.67,24.0,22.50791666666667,98.71666666666665,1.044363425925926,70.52091666666666
2013-04-04,25.26,20.81,100.0,90.2,6.086,4.480555555555555,122.0,20.35,1.8271929999999998,0.2642292,22.33,22.33,22.33,24.0,24.269583333333333,92.76666666666667,1.2052083333333334,134.73083333333332
2013-04-05,28.39,21.32,100.0,73.33,11.63,4.8805555555555555,100.0,5.029,1.47876,0.17122369999999998,23.98,23.98,23.98,24.0,26.008750000000003,75.15125,1.9937268518518518,244.079125
2013-04-06,31.62,19.8,100.0,38.63,21.06,8.180555555555555,293.0,8.92,1.688766,0.211953,18.09,20.78,20.78,24.0,22.39333333333333,75.89833333333333,1.2504861111111112,241.65466666666669
2013-04-07,30.02,16.32,100.0,45.14,20.86,6.219444444444444,195.0,0.0,1.978394,0.2912903,17.74,19.4,19.4,24.0,22.480833333333333,83.73458333333333,1.3021527777777777,202.52037499999997
2013-04-08,29.46,16.42,99.6,55.3,17.48,5.5,76.0,0.229,2.172421,0.1429858,21.18,22.07,22.07,24.0,22.151666666666667,91.77791666666667,1.0085185185185186,67.901625
2013-04-09,26.88,19.21,100.0,67.32,5.86,4.430555555555555,84.0,1.143,2.124052,0.13872969999999998,20.1,20.16,20.16,24.0,22.30125,88.39291666666666,1.1371643518518517,146.71854166666665
2013-04-10,27.85,18.71,100.0,65.53,12.66,4.980555555555555,144.0,0.229,2.034047,0.12289399999999999,19.95,20.24,20.24,24.0,22.616249999999997,88.81041666666665,1.6174305555555557,136.62091666666666
2013-04-11,27.84,19.16,100.0,70.73,11.79,8.269444444444444,86.0,0.0,2.169303,0.11776489999999999,20.12,21.57,21.57,24.0,23.237083333333334,86.65333333333332,1.8146875,158.39487499999998
2013-04-12,29.3,18.45,100.0,59.93,13.67,8.819444444444445,82.0,0.0,1.968909,0.11672149999999999,21.83,23.67,23.67,24.0,23.19875,92.97416666666668,1.1547106481481482,97.535125
2013-04-13,28.87,20.31,100.0,69.22,8.42,8.96111111111111,185.0,32.05,1.7914409999999998,0.11720269999999999,20.52,20.52,20.52,24.0,20.14,98.1125,0.9907870370370371,43.129333333333335
2013-04-14,23.93,17.56,100.0,83.0,3.722,5.038888888888889,176.0,2.972,2.082878,0.15900319999999998,17.69,17.69,17.69,24.0,18.43583333333333,83.49374999999999,1.0807291666666667,228.019375
2013-04-15,24.54,14.61,100.0,38.2,19.68,6.0,178.0,0.229,2.072737,0.2078185,14.56,14.88,14.88,24.0,19.170833333333334,77.90125,1.027013888888889,227.119625
2013-04-16,28.42,12.14,100.0,34.56,19.6,4.530555555555555,68.0,0.0,1.899429,0.24010279999999998,15.8,16.2,16.2,24.0,20.532083333333333,73.53833333333334,1.6597453703703702,226.82258333333334
2013-04-17,29.01,13.89,99.5,37.66,19.58,9.580555555555556,264.0,0.0,2.037748,0.437077,16.65,17.03,17.03,24.0,19.713333333333335,76.53208333333333,1.104074074074074,219.11425
2013-04-18,27.48,13.45,99.0,39.72,18.91,4.8805555555555555,83.0,0.0,1.830936,0.9542668999999999,16.03,18.76,18.76,24.0,20.539583333333333,82.61333333333333,1.1500462962962963,179.3659583333333
2013-04-19,27.52,15.71,100.0,53.46,15.48,5.719444444444444,79.0,0.0,1.47681,0.6479545,17.76,18.31,18.31,22.0,20.739545454545453,84.19863636363635,1.0054166666666666,194.80418181818183
2013-04-20,20.74,17.9,97.9,87.9,0.0,1.6500000000000001,208.0,0.0,1.639987,0.9302505999999999,17.66,17.97,17.97,24.0,20.670833333333334,81.80875,1.0178587962962962,197.97958333333335
2013-04-21,27.57,15.92,100.0,48.46,17.09,5.519444444444445,143.0,0.0,1.786867,0.3583789,16.01,17.44,17.44,24.0,20.0675,84.34125,1.2451967592592592,166.48879166666666
2013-04-22,25.9,15.56,98.9,60.92,14.37,6.4111111111111105,151.0,0.0,1.8112,0.2714863,17.72,18.02,18.02,24.0,20.377916666666668,80.16625,1.055752314814815,178.124375
2013-04-23,28.49,15.95,100.0,41.93,15.37,4.661111111111111,81.0,0.0,1.9027,0.13295859999999998,16.96,18.27,18.27,24.0,19.897499999999997,90.42666666666666,1.0517708333333333,80.72520833333333
2013-04-24,24.54,17.31,100.0,70.52,6.967,3.9388888888888887,16.0,4.801,2.00365,0.1007443,18.92,18.91,18.91,24.0,20.2825,94.195,0.946099537037037,108.319125
2013-04-25,25.47,17.94,100.0,69.78,9.35,4.469444444444444,116.0,0.914,2.016161,0.1024311,18.37,18.37,18.37,24.0,21.62,86.94666666666666,1.3514583333333334,185.3021666666667
2013-04-26,28.24,18.27,100.0,54.09,15.99,6.819444444444445,82.0,0.0,2.114326,0.1036131,18.68,19.08,19.08,24.0,21.709166666666665,84.0175,1.102997685185185,186.43433333333334
2013-04-27,29.7,16.1,100.0,49.47,16.09,4.669444444444444,75.0,0.0,2.15114,0.10443899999999999,18.49,18.8,18.8,24.0,21.07875,86.06833333333333,1.1575578703703704,179.32445833333335
2013-04-28,29.23,15.73,100.0,54.46,15.48,5.838888888888889,80.0,0.0,2.25382,0.10318469999999999,17.9,18.09,18.09,24.0,21.042916666666667,85.84125,1.135787037037037,183.06275000000002
2013-04-29,28.06,15.33,100.0,55.29,15.8,6.169444444444444,85.0,0.0,2.089675,0.1077177,18.32,18.7,18.7,24.0,21.449166666666667,88.17875,1.0437037037037038,125.96241666666667
2013-04-30,28.37,16.9,100.0,62.14,10.87,4.138888888888889,80.0,0.0,1.841122,0.1041633,19.69,20.1,20.1,24.0,23.172083333333333,81.0625,1.1387731481481482,181.39541666666665
2013-05-01,30.68,18.12,100.0,49.09,15.66,5.3,108.0,0.0,1.9935049999999999,0.1494676,19.93,20.92,20.92,24.0,21.81625,94.94166666666666,0.8259606481481482,33.17966666666667
2013-05-02,23.91,20.48,100.0,88.0,2.864,3.6888888888888887,137.0,0.457,2.005814,0.3349688,21.33,21.33,21.33,24.0,23.832916666666666,89.61541666666666,1.1189814814814814,151.89133333333334
2013-05-03,30.99,20.79,100.0,61.68,13.11,5.338888888888889,101.0,0.0,1.922101,0.2226858,21.08,21.31,21.31,24.0,23.780416666666667,90.57666666666667,1.213472222222222,157.68179166666667
2013-05-04,30.88,20.22,100.0,62.73,13.61,5.430555555555555,78.0,0.0,1.65881,0.11229729999999999,21.19,21.23,21.23,24.0,24.375416666666666,85.1975,1.3934722222222222,161.66662499999998
2013-05-05,33.85,20.61,100.0,47.21,13.95,8.411111111111111,145.0,0.0,1.682001,0.1361452,20.72,21.87,21.87,24.0,19.011666666666667,99.20833333333333,1.4205439814814815,11.936
2013-05-06,21.89,13.53,100.0,92.7,1.03,9.011111111111111,169.0,45.54,1.928782,0.5146932,14.25,14.25,14.25,24.0,17.368333333333332,83.59291666666667,1.1536342592592592,192.08395833333336
2013-05-07,25.22,12.74,100.0,47.84,16.58,5.080555555555555,212.0,0.229,2.089492,0.5230741999999999,14.18,14.66,14.66,24.0,17.922083333333333,68.5975,1.2700810185185183,182.52920833333334
2013-05-08,27.84,11.09,100.0,30.78,15.75,8.36111111111111,264.0,0.0,2.104034,0.2380389,7.248,11.94,11.94,24.0,14.727083333333333,69.35958333333333,1.0424652777777779,190.80454166666667
2013-05-09,24.32,7.732,95.8,28.03,16.47,4.6194444444444445,80.0,0.0,2.242457,0.31596959999999996,9.89,10.57,10.57,24.0,15.731250000000001,78.66708333333334,0.8570833333333333,185.79533333333333
2013-05-10,27.27,7.7219999999999995,100.0,38.15,16.03,3.3694444444444445,146.0,0.0,2.058958,0.1113281,11.98,12.24,12.24,24.0,16.77125,84.71166666666666,1.0684953703703703,184.78870833333335
2013-05-11,27.16,9.1,100.0,48.31,15.95,5.511111111111111,90.0,0.0,2.019402,0.1024568,16.29,16.29,16.29,24.0,19.746666666666666,87.5,1.044699074074074,168.75891666666666
2013-05-12,28.14,13.65,100.0,53.05,14.56,5.938888888888888,89.0,0.0,1.874886,0.09557372,19.11,20.2,20.2,24.0,21.710416666666664,87.4825,1.0131597222222222,127.91354166666667
2013-05-13,28.17,17.7,99.9,60.05,11.04,3.7888888888888888,167.0,0.0,1.865252,0.1007237,19.53,19.61,19.61,24.0,21.779583333333335,92.39541666666668,0.9149305555555555,104.24316666666668
2013-05-14,27.93,18.47,100.0,70.36,9.0,3.730555555555555,50.0,0.0,1.960324,0.1076196,21.06,21.06,21.06,24.0,23.15416666666667,89.96375,1.0266319444444445,121.96195833333333
2013-05-15,29.7,19.48,100.0,59.75,10.53,3.8305555555555553,139.0,0.0,1.732812,0.11247209999999999,21.15,21.32,21.32,24.0,22.090833333333332,92.01916666666666,0.9719675925925926,41.013124999999995
2013-05-16,25.04,19.45,100.0,64.95,3.54,6.6305555555555555,254.0,0.686,1.806143,0.16522399999999998,20.04,20.9,20.9,24.0,18.125416666666666,97.97500000000001,1.5233564814814813,13.241708333333333
2013-05-17,20.88,13.25,100.0,90.4,1.143,6.180555555555555,148.0,9.37,2.056419,0.7769241,13.22,13.27,13.27,24.0,15.314166666666667,82.39333333333333,1.1153356481481482,65.31512500000001
2013-05-18,18.65,12.76,99.9,59.58,5.6370000000000005,3.711111111111111,23.0,0.229,1.788319,0.9275757,13.93,15.42,15.42,24.0,15.793750000000001,95.62916666666666,1.0184953703703703,29.39170833333333
2013-05-19,16.72,14.94,100.0,89.3,2.536,3.5388888888888888,278.0,0.914,1.562995,0.6349265,16.36,16.36,16.36,24.0,18.03375,98.44166666666666,0.7165162037037037,36.57025
2013-05-20,20.45,16.28,100.0,91.1,3.156,3.819444444444444,205.0,1.6,1.602316,0.3778825,18.63,18.63,18.63,24.0,21.120416666666667,91.72125,0.9393634259259259,139.79391666666666
2013-05-21,28.66,17.42,100.0,64.32,12.06,4.230555555555555,218.0,0.457,1.648739,0.1809598,19.63,19.92,19.92,24.0,21.090833333333332,90.84625,1.1114814814814815,128.5785
2013-05-22,27.76,17.78,100.0,61.19,11.1,5.838888888888889,89.0,0.0,1.75623,0.2961509,19.08,19.94,19.94,24.0,18.604583333333334,97.79583333333333,0.9915046296296296,23.34608333333333
2013-05-23,19.96,16.99,100.0,94.0,2.015,4.488888888888889,145.0,3.886,1.8711639999999998,0.12355909999999999,17.03,17.16,17.16,24.0,18.32166666666667,90.12208333333332,0.8598032407407407,63.00783333333334
2013-05-24,21.33,15.64,100.0,70.11,5.438,4.0,,31.42,1.980602,0.09630692,17.25,17.25,17.25,24.0,17.722083333333334,96.91666666666667,0.9668518518518519,66.71220833333334
2013-05-25,21.94,14.98,100.0,80.0,5.758,4.688888888888888,91.0,13.49,2.00012,0.2136715,14.98,14.98,14.98,24.0,18.0725,89.15750000000001,1.1299305555555554,143.40770833333332
2013-05-26,24.97,13.5,100.0,62.01,12.38,4.719444444444444,164.0,0.0,2.001236,0.1276477,17.02,18.32,18.32,24.0,18.633333333333333,91.80250000000001,1.0731828703703703,100.71666666666665
2013-05-27,24.11,16.3,100.0,69.14,8.69,5.819444444444444,85.0,1.6,2.265939,0.1320829,16.85,16.87,16.87,24.0,17.66125,99.21249999999999,0.7872337962962962,40.73404166666666
2013-05-28,20.5,16.04,100.0,93.9,3.515,4.919444444444444,36.0,11.43,2.056354,0.1874593,16.59,16.59,16.59,24.0,17.423333333333336,99.81666666666666,1.1245601851851852,23.78658333333333
2013-05-29,19.02,15.95,100.0,97.7,2.053,5.019444444444445,33.0,4.801,2.037883,0.1975033,16.99,16.99,16.99,24.0,19.980833333333333,90.665,1.105162037037037,146.8780416666667
2013-05-30,27.74,14.93,100.0,60.29,12.68,10.711111111111112,261.0,3.658,1.9311129999999999,0.2907982,17.83,19.83,19.83,24.0,18.345000000000002,69.54583333333333,1.8666782407407407,152.90958333333333
2013-05-31,24.14,10.46,100.0,30.21,13.19,7.05,275.0,0.0,1.858709,0.17042469999999998,9.93,10.49,10.49,24.0,15.034166666666666,84.0625,0.9906597222222223,144.00945833333333
2013-06-01,23.51,8.15,100.0,46.48,12.43,5.538888888888889,63.0,0.0,1.972775,0.1829449,14.37,14.49,14.49,24.0,18.165833333333335,89.55166666666666,1.0128009259259259,147.31145833333332
2013-06-02,26.54,11.78,100.0,60.54,12.71,4.1305555555555555,226.0,15.37,1.76662,0.1578676,18.31,18.31,18.31,24.0,19.67125,96.54583333333333,0.9887962962962962,70.70908333333334
2013-06-03,24.16,17.96,100.0,79.07,6.102,9.230555555555554,265.0,13.49,1.645344,0.3554468,18.78,19.12,19.12,24.0,19.302916666666665,89.60583333333334,1.1344097222222222,98.67537499999999
2013-06-04,25.13,16.61,98.4,62.73,8.52,5.111111111111111,61.0,0.229,1.785996,0.3501552,16.13,16.82,16.82,24.0,18.150833333333335,91.15958333333333,0.896712962962963,110.78204166666666
2013-06-05,24.91,14.39,100.0,61.94,9.56,4.419444444444444,88.0,0.0,1.9126789999999998,0.5030857,15.01,15.01,15.01,24.0,17.57875,88.06916666666666,0.882974537037037,145.16804166666665
2013-06-06,27.77,11.42,100.0,46.26,12.53,3.9888888888888885,72.0,0.0,1.726283,0.1633224,14.94,14.94,14.94,24.0,18.6125,86.08708333333334,1.000173611111111,142.63520833333334
2013-06-07,28.92,12.1,100.0,50.31,12.31,5.680555555555555,88.0,0.0,1.945761,0.1331637,15.48,16.03,16.03,24.0,18.449166666666667,90.25125000000001,0.9078472222222222,58.40679166666667
2013-06-08,22.3,15.38,100.0,73.52,5.041,3.6305555555555555,129.0,0.0,2.027642,0.1365325,17.65,18.64,18.64,24.0,19.435,87.13125000000001,1.0897800925925927,135.25308333333334
2013-06-09,26.85,14.39,100.0,56.87,11.67,6.538888888888889,141.0,0.0,1.970812,0.1438574,15.61,16.8,16.8,24.0,18.4425,86.67208333333333,1.0255439814814815,100.632625
2013-06-10,24.52,15.59,99.8,60.32,8.69,4.538888888888889,77.0,0.0,1.8904109999999998,0.1097769,16.97,17.21,17.21,24.0,19.29,90.24291666666666,0.880636574074074,131.76145833333334
2013-06-11,26.53,13.91,100.0,63.27,11.37,3.6,77.0,0.0,2.007137,0.1124799,18.42,18.97,18.97,24.0,19.389166666666668,92.31666666666666,0.829074074074074,41.81008333333333
2013-06-12,21.47,17.67,100.0,80.6,3.609,3.411111111111111,156.0,0.457,1.940246,0.116377,18.51,18.51,18.51,24.0,19.4975,95.81666666666666,0.7652546296296295,49.382875000000006
2013-06-13,23.3,17.85,100.0,79.45,4.2620000000000005,3.411111111111111,56.0,0.457,1.932381,0.12561609999999998,18.94,18.96,18.96,24.0,19.892083333333336,90.37374999999999,0.9656944444444444,98.69024999999999
2013-06-14,26.54,15.18,100.0,57.31,8.52,3.95,87.0,0.0,1.8461349999999999,0.1478206,15.26,15.26,15.26,24.0,17.7025,87.46,0.9015046296296295,147.96508333333335
2013-06-15,25.72,12.54,100.0,48.23,12.77,4.080555555555556,215.0,0.0,1.7943669999999998,0.18238769999999999,13.84,14.77,14.77,24.0,16.509583333333335,94.03750000000001,1.006747685185185,14.978333333333333
2013-06-16,18.62,14.73,100.0,84.3,1.293,5.838888888888889,155.0,2.515,1.866595,0.2623115,15.37,15.47,15.47,24.0,16.592916666666667,99.17916666666667,0.7087152777777778,31.45629166666667
2013-06-17,18.73,15.38,100.0,91.2,2.715,2.680555555555556,293.0,16.23,1.746567,0.6257555,16.63,16.63,16.63,24.0,19.29625,90.53375,1.1768402777777778,127.57383333333333
2013-06-18,26.99,16.19,100.0,54.84,11.01,4.8694444444444445,286.0,4.115,1.5371839999999999,0.432983,17.25,18.17,18.17,24.0,19.285833333333333,91.20875000000001,0.9571064814814815,89.13520833333332
2013-06-19,24.02,16.69,100.0,66.81,7.692,4.219444444444444,79.0,0.0,1.7097479999999998,0.33928919999999996,18.3,18.37,18.37,24.0,18.712500000000002,99.425,1.120162037037037,35.68966666666667
2013-06-20,20.44,16.94,100.0,95.0,3.08,7.780555555555556,165.0,14.86,1.770157,0.19854259999999999,17.0,17.0,17.0,24.0,16.500833333333333,100.0,1.2129513888888888,8.930666666666665
2013-06-21,17.01,15.87,100.0,100.0,0.771,4.0,,47.32,1.903153,0.2733501,16.06,16.06,16.06,24.0,17.067083333333333,100.0,0.9716435185185185,14.187833333333332
2013-06-22,18.54,15.96,100.0,76.35,1.227,5.6,295.0,45.26,2.271165,0.3929448,14.53,17.93,17.93,24.0,18.14875,66.99666666666667,2.4505902777777777,156.04245833333334
2013-06-23,23.19,11.51,97.9,44.49,13.46,10.8,289.0,0.0,2.002203,0.23314000000000001,11.2,11.51,11.51,24.0,14.669583333333334,86.99083333333334,1.0322453703703702,109.805625
2013-06-24,20.49,10.0,100.0,63.41,9.48,4.030555555555555,148.0,0.0,2.141666,0.1817267,14.82,15.81,15.81,24.0,16.025833333333335,99.39999999999999,0.7132060185185184,12.528833333333333
2013-06-25,16.97,14.98,100.0,93.9,1.081,2.930555555555556,39.0,23.09,2.122591,0.367079,16.37,16.37,16.37,24.0,17.292083333333334,99.25416666666666,0.6152199074074074,35.350875
2013-06-26,19.47,15.88,100.0,93.1,3.051,2.9388888888888887,18.0,1.3719999999999999,2.034689,0.19343649999999998,17.38,17.38,17.38,24.0,17.857916666666664,97.97500000000001,1.0510416666666667,33.488791666666664
2013-06-27,20.66,16.16,100.0,87.8,2.89,4.588888888888889,138.0,0.229,2.2085179999999998,0.1698952,16.17,16.17,16.17,24.0,16.024166666666666,98.89583333333333,1.170775462962963,27.20925
2013-06-28,17.47,15.4,100.0,92.7,2.348,4.069444444444445,142.0,2.972,2.119419,0.25922049999999996,15.52,15.52,15.52,24.0,16.550833333333333,98.55,0.6469444444444444,30.730416666666667
2013-06-29,18.36,15.26,100.0,90.5,2.653,2.45,254.0,13.49,1.945443,0.16974909999999999,17.17,17.17,17.17,24.0,18.649166666666666,98.82083333333333,1.0674189814814816,43.96483333333333
2013-06-30,21.39,16.67,100.0,88.1,3.797,5.8805555555555555,139.0,3.886,1.872642,0.1656591,16.49,16.81,16.81,24.0,15.809583333333334,93.53750000000001,1.3232986111111111,33.301625
2013-07-01,18.65,13.17,98.8,73.21,2.872,4.488888888888889,88.0,1.143,1.9045459999999999,0.1631177,13.29,13.65,13.65,24.0,14.263333333333334,94.04583333333333,1.0994791666666666,25.973208333333332
2013-07-02,15.52,12.88,99.9,84.6,2.242,4.6305555555555555,270.0,0.229,1.784989,0.3381361,13.88,14.2,14.2,24.0,14.530416666666667,92.94583333333333,0.6330671296296296,47.74554166666667
2013-07-03,17.2,11.29,100.0,75.94,4.121,2.45,191.0,0.0,1.716885,0.5881006999999999,13.84,13.94,13.94,24.0,16.54125,92.045,0.8056018518518518,99.55858333333333
2013-07-04,22.59,13.63,99.9,67.84,8.59,3.6305555555555555,123.0,0.0,1.710458,0.37121919999999997,16.36,16.84,16.84,24.0,18.624583333333334,92.82416666666667,0.7769328703703704,68.627
2013-07-05,22.82,16.3,100.0,73.63,5.923,3.480555555555555,81.0,0.0,1.453873,0.1399537,17.55,17.55,17.55,24.0,18.7975,91.71708333333333,0.9635069444444445,139.55145833333333
2013-07-06,26.13,14.79,100.0,61.0,12.04,3.819444444444444,85.0,0.0,1.588953,0.11866449999999999,17.13,17.13,17.13,24.0,19.137916666666666,92.985,0.906412037037037,114.20870833333333
2013-07-07,27.91,15.76,100.0,64.84,9.86,4.111111111111112,88.0,0.0,1.884393,0.1173094,16.3,16.3,16.3,24.0,19.372916666666665,89.61541666666666,1.4986342592592592,138.13745833333334
2013-07-08,26.82,14.57,100.0,63.54,11.92,8.530555555555555,148.0,0.0,1.9746869999999999,0.1133931,15.9,16.02,16.02,24.0,14.948749999999999,93.41250000000001,1.4102430555555554,23.650208333333335
2013-07-09,16.0,14.13,100.0,81.0,2.041,4.730555555555556,147.0,1.143,2.232163,0.2780237,13.44,14.45,14.45,24.0,15.643749999999999,97.53750000000001,0.8980208333333333,41.25058333333333
2013-07-10,17.74,14.09,100.0,93.0,3.56,3.8,80.0,0.686,2.012185,0.1227554,16.04,16.04,16.04,24.0,18.174166666666668,92.81416666666667,0.7835069444444445,80.75741666666666
2013-07-11,23.33,15.14,100.0,69.62,6.97,2.588888888888889,76.0,0.0,1.83511,0.11338169999999999,17.4,17.67,17.67,24.0,19.099999999999998,89.65916666666668,1.0710069444444443,137.02941666666666
2013-07-12,24.72,15.99,100.0,61.44,11.83,6.380555555555555,87.0,0.0,1.847153,0.1127258,16.58,16.58,16.58,24.0,18.803333333333335,86.995,0.9991782407407407,148.1509166666667
2013-07-13,27.02,14.74,100.0,46.91,12.79,4.1194444444444445,27.0,0.0,1.863837,0.11614479999999999,14.88,14.88,14.88,24.0,18.201249999999998,84.6025,0.8863541666666667,152.954125
2013-07-14,28.0,11.96,100.0,45.36,13.2,3.9194444444444443,62.0,0.0,1.939479,0.1152941,15.24,15.32,15.32,24.0,18.50583333333333,88.66416666666667,0.7937962962962963,94.14912500000001
2013-07-15,28.21,13.55,100.0,51.53,8.13,2.888888888888889,36.0,0.0,1.730006,0.1686318,17.06,17.06,17.06,24.0,16.022916666666667,91.58749999999999,1.4412847222222223,40.13670833333333
2013-07-16,18.29,14.21,100.0,72.72,3.464,8.130555555555555,145.0,1.8290000000000002,1.72918,0.2580806,13.35,14.23,14.23,24.0,15.705833333333333,86.985,1.046400462962963,162.36454166666667
2013-07-17,23.19,11.17,100.0,51.62,14.01,4.330555555555556,87.0,0.0,1.702656,0.6236045,12.44,12.44,12.44,24.0,15.461666666666666,89.46291666666667,0.838761574074074,158.86845833333334
2013-07-18,24.88,8.94,100.0,55.28,13.71,3.661111111111111,86.0,0.0,1.707922,0.4160724,13.86,13.86,13.86,24.0,21.530833333333334,70.04833333333333,1.2780555555555555,160.74775
2013-07-19,33.14,11.13,100.0,29.11,13.87,8.330555555555556,148.0,0.0,1.77139,0.27856539999999996,15.84,18.3,18.3,24.0,14.2725,96.26666666666667,1.7346064814814814,13.743541666666667
2013-07-20,18.32,12.3,100.0,84.7,1.186,6.430555555555555,90.0,12.14,2.161123,0.4606993,12.35,12.35,12.35,24.0,13.832916666666668,99.47916666666667,0.8335763888888889,19.294999999999998
2013-07-21,15.55,12.36,100.0,94.1,1.665,3.838888888888889,271.0,26.06,2.24238,0.282623,14.47,14.47,14.47,24.0,14.266666666666666,100.0,1.1627314814814815,16.057916666666667
2013-07-22,15.81,13.0,100.0,100.0,1.3860000000000001,7.1,259.0,35.89,2.320021,0.3580794,13.12,13.12,13.12,24.0,10.720333333333334,99.6375,1.697465277777778,16.59475
2013-07-23,13.28,7.409,100.0,94.7,1.432,6.511111111111111,205.0,19.89,2.464508,0.5056689,7.391,7.47,5.01,24.0,7.960583333333333,80.1275,2.077048611111111,101.48125
2013-07-24,13.32,2.794,100.0,42.73,8.76,9.019444444444444,279.0,65.07,2.3570539999999998,0.3803697,2.009,2.794,2.794,24.0,8.255458333333333,78.29458333333334,0.9706481481481481,169.62199999999999
2013-07-25,16.93,1.41,100.0,37.85,14.64,5.138888888888888,162.0,0.0,2.463689,0.5212568,8.35,9.68,8.63,24.0,11.147916666666667,89.62708333333335,1.183263888888889,69.841875
2013-07-26,16.13,8.83,100.0,63.19,6.028,6.588888888888889,268.0,2.743,2.151788,0.1983043,9.3,9.3,6.852,24.0,12.79175,84.89041666666667,1.070324074074074,141.21691666666666
2013-07-27,21.21,6.189,100.0,53.64,12.19,5.830555555555555,130.0,0.229,1.955582,0.1373052,11.0,11.0,11.0,24.0,13.62625,86.40750000000001,1.0074189814814816,159.25491666666667
2013-07-28,22.95,7.742,100.0,49.3,13.74,5.261111111111111,77.0,0.0,1.58201,0.1366368,9.83,9.83,8.06,24.0,14.08775,86.83958333333334,0.9026967592592592,171.56591666666668
2013-07-29,24.26,7.097,100.0,50.01,14.81,3.8111111111111113,57.0,0.0,1.594211,0.1356103,11.64,11.64,11.64,24.0,14.391666666666666,82.41583333333334,0.9373263888888889,173.9135
2013-07-30,24.24,8.09,100.0,33.58,15.01,4.3694444444444445,82.0,0.0,1.675291,0.1398682,10.57,10.61,10.61,24.0,14.157708333333334,87.83666666666666,0.9098148148148147,171.69391666666664
2013-07-31,24.16,7.38,100.0,50.71,14.82,5.0,76.0,0.0,1.670472,0.1431159,12.06,12.06,12.06,24.0,14.90375,92.81625000000001,0.8948263888888889,110.82770833333335
2013-08-01,21.79,11.98,100.0,65.93,9.57,3.1999999999999997,83.0,0.0,1.464669,0.19777699999999998,13.13,13.13,13.13,24.0,17.44,88.30916666666667,0.8752083333333333,170.5929583333333
2013-08-02,28.1,11.39,100.0,51.1,14.72,3.019444444444444,70.0,0.0,1.5566689999999999,0.21396089999999998,15.45,15.45,15.45,24.0,20.767083333333336,81.77833333333334,0.8468055555555556,166.95766666666665
2013-08-03,32.22,12.86,100.0,42.63,14.41,3.969444444444444,81.0,0.0,1.771261,0.2536721,16.89,19.24,19.24,24.0,19.792916666666667,78.36125,1.708900462962963,147.83770833333332
2013-08-04,29.74,14.37,93.5,48.54,12.76,9.338888888888889,153.0,0.0,2.027551,0.3850205,13.3,14.43,14.43,24.0,17.43375,88.42625,1.4705671296296297,113.904
2013-08-05,24.09,14.11,99.4,69.79,9.83,7.930555555555555,153.0,3.658,2.1505739999999998,0.25723219999999997,14.07,15.34,15.34,24.0,16.058333333333334,90.89999999999999,1.2181481481481482,53.39895833333333
2013-08-06,19.58,13.0,100.0,67.94,4.608,5.361111111111112,87.0,0.229,1.983746,0.1413539,14.8,15.98,15.98,24.0,16.082916666666666,96.57916666666667,1.351921296296296,23.542208333333335
2013-08-07,18.55,13.49,100.0,77.68,2.032,5.938888888888888,10.0,26.85,1.794665,0.15054499999999998,13.19,13.49,13.49,24.0,15.931666666666667,88.62458333333332,0.9078240740740741,162.08995833333333
2013-08-08,23.61,10.16,100.0,56.86,13.99,4.188888888888889,82.0,0.0,2.025816,0.1713229,15.78,16.22,16.22,24.0,18.48375,92.24208333333333,0.9309606481481482,125.39479166666666
2013-08-09,24.57,15.96,100.0,69.03,10.83,3.838888888888889,55.0,0.0,1.941765,0.1473071,16.95,16.95,16.95,24.0,17.167083333333334,95.17083333333333,1.5433680555555556,32.81879166666666
2013-08-10,19.12,15.58,100.0,87.9,2.832,4.888888888888889,161.0,0.0,2.067119,0.1479517,16.0,16.83,16.83,24.0,16.671666666666667,89.85208333333333,1.5079398148148149,39.587875000000004
2013-08-11,19.48,13.85,100.0,56.67,3.417,10.930555555555555,276.0,2.057,2.196099,0.1658879,6.065,14.1,14.1,24.0,14.435,72.77875,1.7023263888888887,196.463125
2013-08-12,22.33,7.914,98.3,41.94,16.96,7.488888888888889,286.0,0.0,2.235679,0.2917315,10.21,10.49,10.49,24.0,14.309458333333334,84.94083333333333,1.097175925925926,193.40758333333335
2013-08-13,23.0,7.44,100.0,51.04,16.69,4.669444444444444,80.0,0.0,1.5867010000000001,0.1524596,12.49,12.74,12.74,24.0,14.551250000000001,91.93083333333334,1.2333680555555555,54.91833333333333
2013-08-14,18.09,10.73,100.0,79.03,4.74,5.888888888888888,160.0,3.429,1.678224,0.1407008,13.83,13.84,13.84,24.0,12.656666666666666,92.59291666666667,1.1711689814814814,70.73404166666667
2013-08-15,18.08,10.1,100.0,56.82,6.104,5.330555555555556,148.0,14.17,1.86945,0.6745699,10.11,10.16,10.16,24.0,13.20125,80.4075,1.429849537037037,158.24141666666665
2013-08-16,19.82,8.6,100.0,48.59,13.66,7.788888888888889,168.0,0.0,1.798737,0.5728837,10.6,11.04,11.04,24.0,13.814166666666667,89.41624999999999,1.0100925925925925,85.6435
2013-08-17,18.91,10.2,100.0,62.81,7.391,5.1,251.0,0.686,1.692072,0.166572,13.95,13.95,13.95,24.0,14.288333333333334,97.75416666666666,1.515428240740741,39.24104166666667
2013-08-18,16.11,12.9,100.0,85.1,3.387,6.280555555555555,167.0,4.572,1.6071179999999998,0.1352092,12.75,12.95,12.95,24.0,14.926666666666668,95.75416666666666,0.9735532407407407,74.20275
2013-08-19,18.74,12.52,100.0,81.1,6.4030000000000005,4.0,137.0,6.401,1.858959,0.1987685,15.18,15.38,15.38,24.0,16.882916666666667,95.825,1.1436226851851852,109.49979166666667
2013-08-20,21.6,14.24,100.0,79.83,9.45,7.730555555555555,75.0,2.286,1.93399,0.15309899999999999,15.81,15.81,15.81,24.0,17.951249999999998,92.75041666666668,1.2974652777777778,139.32904166666665
2013-08-21,23.87,14.76,100.0,68.07,12.02,7.180555555555555,77.0,2.515,1.823604,0.1477984,14.83,14.83,14.83,24.0,18.535,88.64,1.1010416666666667,200.23737500000001
2013-08-22,25.32,14.08,100.0,61.77,17.28,5.069444444444445,90.0,0.0,1.9434429999999998,0.1351724,15.32,15.32,15.32,24.0,20.045833333333334,85.56416666666667,1.1122800925925926,196.29570833333332
2013-08-23,30.13,14.6,100.0,49.88,16.94,5.1194444444444445,80.0,0.0,2.091495,0.133682,17.8,18.88,18.88,24.0,17.023333333333333,91.7625,1.621863425925926,26.391125
2013-08-24,19.9,13.69,95.8,85.9,2.278,6.611111111111111,141.0,0.0,2.206586,0.1404754,13.02,13.75,13.75,24.0,14.78375,93.90416666666665,1.015324074074074,55.631875
2013-08-25,17.36,12.75,100.0,82.4,4.801,4.780555555555556,147.0,0.229,2.264619,0.21513549999999998,15.22,15.6,15.6,24.0,17.355416666666667,93.84708333333333,1.078321759259259,77.598625
2013-08-26,22.18,15.24,100.0,72.9,6.697,4.811111111111111,143.0,1.3719999999999999,1.996804,0.2321753,15.92,15.94,15.94,24.0,14.081666666666665,99.57083333333333,1.4085069444444445,17.60225
2013-08-27,15.95,12.63,100.0,97.2,1.5190000000000001,4.680555555555556,207.0,39.55,1.985752,0.4085778,12.6,12.63,12.63,24.0,13.650833333333333,81.91291666666667,1.922349537037037,115.44570833333334
2013-08-28,18.45,10.08,100.0,54.76,9.96,7.3694444444444445,277.0,1.8290000000000002,1.896162,0.3646817,4.761,10.08,10.08,24.0,12.632041666666666,75.83583333333333,1.2238425925925926,226.743125
2013-08-29,21.81,5.886,98.2,35.21,19.57,6.2,84.0,0.0,1.548484,0.30129,9.53,9.8,7.205,24.0,13.745666666666667,83.93375,1.1750578703703705,230.04445833333332
2013-08-30,22.37,6.936,100.0,45.67,19.85,6.280555555555555,76.0,0.0,1.233824,0.1731442,10.73,10.83,10.83,24.0,15.317916666666667,87.33833333333332,1.2248958333333333,217.812875
2013-08-31,23.61,8.51,100.0,57.23,18.8,5.488888888888889,78.0,0.0,1.414323,0.1398605,13.41,13.43,13.43,24.0,15.899583333333332,93.4575,0.9360648148148148,105.57833333333333
2013-09-01,22.51,12.74,100.0,67.39,9.11,3.1305555555555555,48.0,0.0,1.52746,0.1423887,15.56,16.04,16.04,24.0,18.52125,88.38791666666667,1.3999305555555555,117.50737500000001
2013-09-02,26.82,15.11,100.0,55.37,10.14,8.688888888888888,9.0,2.743,1.6652040000000001,0.17747159999999998,16.73,16.99,16.99,24.0,20.768333333333334,83.65083333333332,1.0655555555555556,135.87075000000002
2013-09-03,27.68,14.71,100.0,55.32,11.73,5.830555555555555,263.0,1.143,1.872873,0.14068049999999999,17.75,19.6,19.6,24.0,19.787499999999998,88.90208333333334,1.3750694444444445,94.84766666666667
2013-09-04,26.34,16.37,100.0,64.0,8.19,8.399999999999999,151.0,0.457,1.907595,0.1340163,13.39,16.56,16.56,24.0,15.578333333333333,70.35666666666667,1.8309375,94.19408333333332
2013-09-05,18.77,13.95,93.1,34.05,8.13,6.1,55.0,0.0,2.215786,0.153797,9.96,14.31,14.31,24.0,16.51,81.91958333333334,1.4068518518518518,114.03704166666667
2013-09-06,22.82,13.14,95.7,62.03,9.84,6.019444444444445,90.0,0.0,2.177217,0.1278619,15.36,16.06,16.06,24.0,18.379166666666666,88.11625,1.5576388888888888,90.95904166666666
2013-09-07,22.73,15.37,99.1,72.34,7.85,7.430555555555555,94.0,0.0,1.911991,0.12038159999999999,16.91,17.75,17.75,24.0,19.506666666666668,86.02458333333334,1.82193287037037,176.38483333333332
2013-09-08,25.45,15.28,98.9,63.79,15.22,7.469444444444444,75.0,0.0,1.796833,0.1152845,16.22,16.72,16.72,24.0,20.219166666666666,86.02208333333333,1.2613078703703704,168.42683333333335
2013-09-09,28.22,15.89,99.7,55.68,14.54,5.261111111111111,77.0,0.0,1.747382,0.1129268,17.05,17.58,17.58,24.0,21.013749999999998,84.24166666666666,1.2951620370370371,227.32625
2013-09-10,29.45,15.55,100.0,49.33,19.62,6.419444444444444,83.0,0.0,1.766258,0.1221529,16.08,16.28,16.28,24.0,18.9075,90.1425,1.3452314814814814,175.55887500000003
2013-09-11,25.34,15.96,100.0,66.77,15.15,5.719444444444444,93.0,0.0,1.643781,0.1139198,16.5,18.13,18.13,24.0,20.89625,83.25583333333334,1.6267708333333333,198.20545833333333
2013-09-12,27.71,15.9,99.6,55.8,17.11,6.188888888888889,88.0,0.0,1.324657,0.1089744,18.63,19.48,19.48,24.0,21.66875,82.80166666666666,1.443449074074074,202.56258333333335
2013-09-13,29.22,17.94,97.3,53.8,17.48,6.711111111111111,85.0,0.0,1.372894,0.11271389999999999,17.67,18.1,18.1,24.0,21.610416666666666,87.03125,1.1868055555555554,221.95166666666668
2013-09-14,30.76,15.74,100.0,54.06,19.15,4.888888888888889,55.0,0.0,1.491859,0.14850000000000002,17.35,17.41,17.41,24.0,22.617500000000003,79.97208333333333,1.1344097222222222,228.55279166666665
2013-09-15,32.68,16.73,100.0,40.67,19.73,4.780555555555556,142.0,0.0,1.533289,0.12498179999999999,18.2,19.84,19.84,24.0,23.655,76.61708333333333,1.1220486111111112,219.66083333333333
2013-09-16,32.97,16.75,100.0,42.31,18.96,5.530555555555556,91.0,0.0,1.785202,0.1255068,19.15,21.53,21.53,24.0,19.65625,96.32083333333333,1.2373842592592592,16.745041666666665
2013-09-17,21.84,17.9,100.0,81.6,1.445,5.7,212.0,43.92,1.789425,0.11406899999999999,18.37,18.37,18.37,24.0,18.135,96.62958333333334,1.313912037037037,71.18375
2013-09-18,21.29,14.14,100.0,74.9,6.143,7.4111111111111105,205.0,15.67,1.9867,0.17047469999999998,14.14,14.14,14.14,24.0,14.637083333333335,84.23583333333333,1.2293402777777778,82.31058333333333
2013-09-19,18.59,11.4,100.0,56.39,7.103,5.211111111111111,210.0,0.914,2.263649,0.1783412,13.35,13.37,13.37,24.0,14.01,95.75833333333333,1.163912037037037,51.298875
2013-09-20,15.86,12.46,100.0,83.9,4.427,3.9388888888888887,204.0,1.8290000000000002,2.3930949999999998,0.1655501,14.06,14.06,14.06,24.0,16.167083333333334,99.02916666666665,1.7149537037037037,21.46225
2013-09-21,19.69,13.98,100.0,89.4,1.8519999999999999,10.319444444444445,266.0,38.18,2.252433,0.19791989999999998,18.28,18.28,18.28,24.0,18.771666666666665,99.875,1.157986111111111,38.818333333333335
2013-09-22,20.42,17.08,100.0,97.9,3.35,7.038888888888889,85.0,32.16,2.141738,0.2792501,17.12,17.12,17.12,24.0,16.90375,100.0,1.3145949074074073,16.264833333333332
2013-09-23,17.59,16.38,100.0,100.0,1.404,9.419444444444443,264.0,57.91,2.114111,0.5412779,16.54,16.54,16.54,24.0,18.942083333333333,93.14666666666666,1.189664351851852,129.86366666666666
2013-09-24,25.01,15.74,100.0,67.43,11.21,5.261111111111111,79.0,0.457,1.960602,0.2178587,17.5,17.52,17.52,24.0,18.406666666666666,71.04708333333333,2.2619560185185184,146.192625
2013-09-25,23.1,13.69,100.0,28.88,12.62,10.380555555555555,275.0,0.0,1.686239,0.17478539999999998,5.775,13.89,13.89,24.0,17.078333333333333,64.515,1.9660532407407407,207.04395833333334
2013-09-26,23.87,12.72,88.5,39.69,17.87,7.438888888888889,187.0,0.0,1.903802,0.1752974,11.45,13.39,13.39,24.0,16.04041666666667,74.14041666666667,1.2259722222222222,243.7302083333333
2013-09-27,23.45,9.9,99.2,40.51,21.04,7.1305555555555555,149.0,0.0,1.518116,0.354251,10.84,11.61,11.61,24.0,15.986666666666666,84.5225,1.3545833333333333,152.44579166666668
2013-09-28,22.71,10.51,99.3,54.67,13.16,6.0888888888888895,76.0,0.0,1.4648400000000001,0.4773635,14.18,14.43,14.43,24.0,17.080416666666668,86.96625,1.5103125000000002,92.07658333333335
2013-09-29,23.01,14.45,99.5,54.39,7.947,8.761111111111111,82.0,0.457,1.546838,0.2251994,15.54,15.62,15.62,24.0,17.986666666666668,89.26333333333334,1.1108564814814814,93.27304166666666
2013-09-30,22.95,15.25,100.0,67.32,8.05,4.080555555555556,174.0,0.229,1.5915279999999998,0.1573669,16.53,17.38,17.38,24.0,19.0925,90.75541666666668,1.137974537037037,132.40312500000002
2013-10-01,24.43,14.94,100.0,68.16,11.43,5.569444444444445,80.0,2.743,1.757056,0.3466879,17.98,17.98,17.98,24.0,18.920833333333334,95.23666666666666,1.1378472222222222,67.67637500000001
2013-10-02,24.3,17.13,100.0,73.1,5.841,5.788888888888889,108.0,1.3719999999999999,1.821532,0.1496706,17.35,17.35,17.35,24.0,18.34875,98.04166666666667,0.9253703703703704,50.856
2013-10-03,21.34,16.89,100.0,87.6,4.389,3.2305555555555556,82.0,6.172,1.883223,0.1554825,18.24,18.51,18.51,24.0,18.937916666666666,99.425,1.250335648148148,43.153083333333335
2013-10-04,21.34,18.09,100.0,91.8,3.724,4.95,66.0,20.57,1.900519,0.2328317,18.71,18.71,18.71,24.0,21.286666666666665,93.72916666666667,1.1253935185185184,146.54533333333333
2013-10-05,28.06,17.43,100.0,69.34,12.65,6.461111111111111,155.0,6.629,2.022809,0.1702959,17.68,17.68,17.68,24.0,19.1925,81.26375,1.660960648148148,257.51258333333334
2013-10-06,25.87,14.88,100.0,38.56,22.22,6.830555555555556,136.0,0.229,2.250001,0.1872105,14.57,17.29,17.29,24.0,19.131666666666668,75.38708333333334,1.888275462962963,189.09733333333335
2013-10-07,25.06,14.98,96.1,51.38,16.32,8.519444444444444,140.0,0.0,2.227689,0.1686343,15.09,16.79,16.79,24.0,18.000416666666666,76.57708333333333,1.873113425925926,236.53733333333332
2013-10-08,23.38,13.81,96.5,38.9,20.41,8.311111111111112,146.0,0.0,2.078496,0.1632113,13.13,13.83,13.83,24.0,16.458333333333332,85.63166666666666,1.1941550925925926,164.63370833333332
2013-10-09,23.17,11.11,100.0,58.94,14.21,7.180555555555555,137.0,0.457,1.795862,0.15724459999999998,14.23,14.29,14.29,24.0,18.465833333333332,84.18958333333333,1.6798032407407408,258.09420833333337
2013-10-10,26.28,12.19,100.0,53.04,22.28,9.361111111111112,72.0,0.0,1.685589,0.1538196,16.24,17.14,17.14,24.0,20.03375,85.70208333333333,1.7878472222222221,163.67962500000002
2013-10-11,25.74,17.14,94.4,68.02,14.12,8.319444444444445,88.0,0.0,1.487934,0.1538217,17.93,19.06,19.06,24.0,21.191666666666666,85.32416666666667,1.8675694444444444,184.032375
2013-10-12,26.86,17.53,99.6,61.75,15.88,8.469444444444443,98.0,0.0,1.490571,0.1534574,18.62,19.14,19.14,24.0,21.052916666666665,89.07375,1.6005324074074074,164.65683333333334
2013-10-13,27.37,17.4,100.0,62.27,14.21,8.15,89.0,0.0,1.624927,0.17217939999999998,18.64,19.54,19.54,24.0,22.547916666666666,85.40083333333332,1.2454166666666666,200.303
2013-10-14,29.24,18.86,98.6,58.81,17.29,6.180555555555555,140.0,0.0,1.530185,0.15821639999999998,19.91,20.58,20.58,24.0,24.04375,81.93833333333333,1.5012384259259257,230.854375
2013-10-15,33.3,19.46,100.0,47.54,19.92,7.8500000000000005,79.0,0.0,1.566154,0.146622,20.38,21.93,21.93,24.0,23.18541666666667,80.3625,1.5502546296296293,185.00541666666666
2013-10-16,28.68,19.06,98.7,54.93,15.97,5.75,152.0,0.457,1.745187,0.1447348,19.15,19.43,19.43,24.0,19.710416666666667,94.89166666666667,1.2698263888888888,55.606541666666665
2013-10-17,23.39,17.07,100.0,76.63,4.799,7.069444444444444,79.0,7.315,1.901061,0.1517426,17.49,17.49,17.49,24.0,18.74083333333333,94.81291666666668,1.071747685185185,85.06591666666667
2013-10-18,22.58,17.26,100.0,75.01,7.341,5.269444444444444,150.0,6.401,1.912526,0.1549784,17.28,17.31,17.31,24.0,20.76125,87.84500000000001,1.5509953703703703,230.54925
2013-10-19,27.73,16.9,100.0,62.27,19.9,8.588888888888889,140.0,1.6,2.088929,0.1570277,17.94,19.51,19.51,24.0,22.67958333333333,82.55708333333332,1.5527546296296295,269.0625416666667
2013-10-20,30.22,17.77,99.9,50.09,23.22,7.799999999999999,77.0,2.083,2.229257,0.1447659,19.44,19.46,19.46,24.0,23.258333333333336,85.31291666666667,1.9651504629629628,284.34695833333336
2013-10-21,29.0,18.79,100.0,59.85,24.54,8.169444444444444,79.0,0.229,2.094163,0.13809939999999998,20.7,22.11,22.11,24.0,24.16416666666667,82.13625,1.7988541666666666,169.52620833333333
2013-10-22,31.97,20.75,99.9,54.1,14.63,13.830555555555556,208.0,0.0,1.949,0.1331706,19.15,22.08,22.08,24.0,20.90458333333333,85.50999999999999,1.7122916666666665,67.90679166666666
2013-10-23,23.88,18.62,99.5,66.02,5.861,7.361111111111111,154.0,0.229,1.868684,0.14610289999999998,18.55,18.62,18.62,24.0,22.25916666666667,90.87958333333334,1.611724537037037,146.49991666666668
2013-10-24,27.73,18.32,100.0,71.42,12.64,8.238888888888889,91.0,0.0,1.824036,0.1385983,22.21,22.21,22.21,24.0,22.72083333333333,92.81625000000001,1.3701504629629628,94.53441666666667
2013-10-25,27.21,19.83,100.0,68.57,8.16,7.05,147.0,2.997,1.4049200000000002,0.17234819999999998,19.09,20.64,20.64,24.0,19.34875,94.06666666666666,1.3444097222222222,56.56104166666666
2013-10-26,20.82,17.89,100.0,83.9,4.881,5.6305555555555555,150.0,0.0,1.579315,0.1730296,18.05,18.05,18.05,24.0,20.542916666666667,95.6875,1.2952546296296295,81.83420833333334
2013-10-27,25.35,17.82,100.0,80.2,7.062,5.919444444444444,57.0,0.0,1.3854769999999998,0.4042401,20.69,20.86,20.86,24.0,23.027916666666666,81.5225,2.221458333333333,279.981625
2013-10-28,29.94,19.31,100.0,47.76,24.16,8.488888888888889,72.0,0.0,1.605399,0.23982599999999998,16.93,19.31,19.31,24.0,20.01,70.63291666666667,1.7262615740740739,220.75283333333334
2013-10-29,25.66,15.91,91.3,43.35,19.05,7.530555555555555,166.0,0.0,1.733798,0.7722698,14.32,17.2,17.2,12.0,16.6725,87.955,0.6965046296296297,0.5705
2013-10-30,19.87,16.43,89.4,70.39,0.0,4.019444444444445,113.0,0.0,1.7407469999999998,0.5578938,14.7,16.43,16.43,24.0,20.89875,76.37833333333333,1.8587152777777778,259.36445833333335
2013-10-31,28.34,15.58,96.5,48.17,22.39,8.7,97.0,0.0,1.7349549999999998,0.228256,16.41,20.38,20.38,24.0,21.395416666666666,79.92833333333333,2.2175925925925926,219.064875
2013-11-01,27.22,17.45,98.6,59.52,18.91,8.688888888888888,65.0,1.8290000000000002,1.8682569999999998,0.15123319999999998,18.55,18.76,18.76,24.0,21.093333333333334,84.97541666666667,2.4033564814814814,197.18525
2013-11-02,26.61,17.99,100.0,61.1,17.02,9.299999999999999,88.0,2.515,1.8492790000000001,0.124675,17.27,18.13,18.13,24.0,21.338333333333335,87.35541666666667,2.114513888888889,147.35333333333332
2013-11-03,26.8,17.41,100.0,66.11,12.72,8.580555555555556,87.0,1.143,1.682287,0.1202118,19.51,21.11,21.11,24.0,22.512916666666666,88.65583333333335,1.2780902777777776,117.00745833333333
2013-11-04,28.03,20.47,100.0,64.79,10.1,4.519444444444444,85.0,15.54,1.8259029999999998,0.1208325,20.81,20.81,20.81,24.0,19.2175,94.6875,1.3212268518518517,48.041374999999995
2013-11-05,21.13,17.65,100.0,81.7,4.145,7.280555555555556,172.0,1.8290000000000002,2.351656,0.2165108,15.35,17.78,17.78,24.0,19.59,76.00708333333334,1.848946759259259,257.29508333333337
2013-11-06,25.28,13.17,100.0,51.59,22.21,9.680555555555555,143.0,0.0,2.435111,0.15057489999999998,15.06,18.45,18.45,24.0,19.770833333333332,75.42291666666667,1.8612384259259258,180.752125
2013-11-07,24.72,16.41,94.4,47.86,15.6,9.68888888888889,143.0,0.914,2.03761,0.130469,15.88,17.91,17.91,24.0,19.519166666666667,86.63625,1.1332754629629629,97.29916666666666
2013-11-08,24.15,17.52,100.0,64.6,8.4,4.75,159.0,1.3719999999999999,1.793279,0.1411935,17.81,17.81,17.81,24.0,21.655833333333334,87.99166666666667,1.3905787037037036,227.95158333333333
2013-11-09,28.85,17.77,100.0,56.99,19.67,7.061111111111112,71.0,1.8290000000000002,1.5812659999999998,0.1416907,19.73,20.15,20.15,24.0,23.512083333333333,84.72083333333333,1.6679861111111112,264.81654166666664
2013-11-10,30.2,18.92,100.0,55.85,22.85,7.45,78.0,0.0,1.7455569999999998,0.13488719999999998,20.45,21.33,21.33,24.0,23.41,88.12666666666667,1.9500462962962963,153.97116666666668
2013-11-11,28.86,20.86,99.9,66.74,13.29,7.6499999999999995,74.0,0.0,1.936942,0.2917938,21.26,22.6,22.6,24.0,23.95375,90.77208333333334,1.3828356481481483,144.63145833333334
2013-11-12,29.21,21.31,99.9,68.5,12.48,4.519444444444444,23.0,5.69,1.613569,0.1646788,22.44,22.59,22.59,24.0,26.4975,70.23083333333334,2.1546527777777778,253.67100000000002
2013-11-13,34.75,19.8,99.3,29.23,21.89,8.119444444444444,290.0,0.229,1.747873,0.1778099,19.06,20.12,20.12,24.0,24.318749999999998,69.86999999999999,1.3950578703703702,327.4629166666667
2013-11-14,31.95,18.26,98.0,38.3,28.26,6.469444444444444,69.0,0.0,1.812651,0.3285089,18.41,20.15,20.15,24.0,23.155833333333334,75.20958333333333,2.183333333333333,315.06
2013-11-15,29.74,17.69,99.5,45.27,27.19,8.95,77.0,0.0,1.8861919999999999,0.27467359999999996,14.93,19.7,19.7,24.0,22.695833333333336,76.24041666666666,2.5859722222222223,287.73775
2013-11-16,28.64,16.32,92.4,55.19,24.83,9.511111111111111,88.0,0.0,1.8900579999999998,0.1192206,20.59,22.41,22.41,24.0,21.424166666666665,87.92958333333333,1.6548842592592592,80.28704166666667
2013-11-17,28.26,17.23,98.4,59.55,6.929,8.06111111111111,149.0,8.48,1.7314889999999998,0.111651,17.13,17.41,17.41,24.0,19.78625,82.87458333333333,1.176435185185185,109.50341666666667
2013-11-18,24.31,16.21,98.6,56.41,9.45,4.219444444444444,25.0,0.229,2.206385,0.18492119999999998,17.8,18.29,18.29,24.0,21.232083333333332,88.41875,1.5178009259259257,141.359
2013-11-19,26.46,17.81,100.0,68.38,12.2,5.85,65.0,2.743,2.205874,0.12312329999999999,19.44,21.12,21.12,24.0,23.243750000000002,87.1925,1.885023148148148,131.47254166666667
2013-11-20,27.57,20.45,97.5,66.51,11.35,6.638888888888888,83.0,0.0,1.814307,0.11782799999999999,21.71,22.29,22.29,24.0,23.76291666666667,93.53416666666668,1.2565625,132.04958333333335
2013-11-21,30.52,21.9,100.0,64.02,11.4,5.8805555555555555,297.0,10.44,1.8351259999999998,0.1285483,22.23,22.23,22.23,24.0,23.839166666666667,91.48958333333333,0.977951388888889,93.91670833333335
2013-11-22,28.17,21.44,100.0,70.31,8.1,8.288888888888888,249.0,1.143,1.897152,0.144589,21.34,21.45,21.45,24.0,21.3025,88.30166666666666,2.4370138888888886,139.41429166666666
2013-11-23,24.72,17.14,100.0,62.3,12.03,11.261111111111111,152.0,16.69,1.7638889999999998,0.1959283,15.42,17.36,17.36,24.0,19.720000000000002,86.31708333333334,1.2700462962962964,115.40179166666667
2013-11-24,25.5,15.76,100.0,63.72,9.96,6.238888888888889,150.0,2.743,1.626764,0.2240305,18.43,18.43,18.43,24.0,19.921666666666667,99.12083333333334,1.3161458333333333,74.57358333333333
2013-11-25,22.19,17.97,100.0,91.5,6.436,7.988888888888889,148.0,5.715,1.503523,0.2303365,20.58,20.58,20.58,24.0,23.151666666666667,93.735,1.651273148148148,189.24479166666666
2013-11-26,29.17,20.26,100.0,72.71,16.33,6.1611111111111105,126.0,1.143,1.243134,0.2381374,21.8,21.8,21.8,24.0,22.510416666666668,93.81833333333333,1.6625694444444443,153.9745
2013-11-27,25.71,21.0,100.0,74.79,13.29,7.25,72.0,0.229,1.412711,0.23779889999999998,21.14,21.29,21.29,24.0,23.409583333333334,91.83708333333334,1.5077430555555555,205.11575000000002
2013-11-28,29.54,20.42,100.0,68.36,17.7,6.949999999999999,65.0,3.886,1.732016,0.4219427,21.46,21.46,21.46,24.0,25.241666666666664,83.91,1.7754976851851854,261.95187500000003
2013-11-29,35.5,20.44,100.0,50.84,22.61,9.450000000000001,142.0,2.972,1.75786,0.359517,20.5,20.5,20.5,24.0,20.955833333333334,99.60833333333333,1.0753703703703703,49.00216666666666
2013-11-30,21.95,19.94,100.0,96.3,4.229,4.430555555555555,90.0,3.2,1.905549,0.3223418,20.34,20.34,20.34,24.0,20.107083333333332,99.925,1.1753819444444444,49.246249999999996
2013-12-01,21.49,18.73,100.0,98.8,4.252,7.3694444444444445,145.0,5.817,2.011875,0.295431,18.83,18.94,18.94,24.0,19.842916666666667,99.16250000000001,0.8826273148148148,53.18291666666667
2013-12-02,21.85,18.18,100.0,94.4,4.588,2.719444444444444,260.0,2.972,2.022077,0.1773082,20.12,20.12,20.12,24.0,23.73625,89.53791666666666,1.3015046296296295,205.03
2013-12-03,30.94,19.64,100.0,63.52,17.69,5.819444444444444,78.0,0.0,1.9649200000000002,0.1398168,22.17,22.17,22.17,24.0,26.701666666666668,77.105,1.827337962962963,304.53095833333333
2013-12-04,35.13,20.51,100.0,36.26,26.28,7.438888888888889,81.0,0.0,2.010167,0.1450839,20.96,23.3,23.3,24.0,24.737083333333334,84.96333333333332,1.8621412037037037,208.1687916666667
2013-12-05,31.01,21.4,98.7,64.43,17.96,6.949999999999999,80.0,0.229,2.247376,0.1793571,21.55,22.1,22.1,24.0,22.475416666666664,93.64333333333333,1.4157638888888888,87.38600000000001
2013-12-06,31.56,19.22,100.0,62.08,7.541,12.088888888888889,206.0,16.89,2.216448,0.2739887,19.5,19.5,19.5,24.0,21.834999999999997,82.11291666666666,1.3842129629629631,104.54337499999998
2013-12-07,25.74,19.34,100.0,63.04,9.02,4.969444444444444,147.0,0.0,2.007215,0.3218426,18.31,20.21,20.21,24.0,21.0075,95.5625,0.9575347222222222,69.766625
2013-12-08,23.54,19.56,100.0,79.58,6.021,4.961111111111111,29.0,1.5750000000000002,2.068265,0.44895419999999997,21.3,21.3,21.3,24.0,23.219166666666666,94.95,1.385914351851852,140.64845833333334
2013-12-09,28.9,20.66,100.0,73.13,12.14,6.361111111111111,77.0,2.057,1.965191,0.2688832,22.79,23.17,23.17,24.0,25.603333333333335,89.28541666666666,1.4479513888888889,174.76725
2013-12-10,30.67,22.38,100.0,65.89,15.08,10.369444444444444,284.0,18.82,1.886639,0.1929135,22.65,22.65,22.65,24.0,24.90416666666667,87.98125,1.755763888888889,262.74895833333335
2013-12-11,31.5,20.83,100.0,58.25,22.68,7.961111111111111,122.0,1.3719999999999999,1.8139509999999999,0.4310502,21.13,21.12,21.12,24.0,20.424583333333334,100.0,1.442951388888889,58.017041666666664
2013-12-12,21.42,18.74,100.0,100.0,5.008,6.980555555555555,163.0,0.457,1.892471,0.46723339999999997,18.94,18.94,18.94,24.0,20.227500000000003,88.70625,1.1396180555555555,85.19133333333333
2013-12-13,23.83,18.07,100.0,68.37,7.351,4.788888888888889,68.0,0.0,1.717016,0.2132965,17.97,18.24,18.24,24.0,21.735416666666666,86.33791666666667,1.4269444444444446,138.06820833333333
2013-12-14,27.27,17.93,99.9,64.64,11.92,6.030555555555556,71.0,0.0,1.67943,0.2221649,20.07,21.89,21.89,24.0,23.23,89.07833333333333,1.4034606481481482,184.28216666666665
2013-12-15,30.18,20.0,100.0,59.03,15.9,7.861111111111111,77.0,0.0,1.714796,0.1919861,21.89,22.61,22.61,24.0,25.398750000000003,84.15208333333334,1.6191319444444445,262.01050000000004
2013-12-16,32.21,21.61,99.8,55.23,22.61,7.669444444444444,75.0,0.0,1.800684,0.17966000000000001,21.61,23.16,23.16,24.0,25.598333333333333,80.92083333333333,1.7852083333333333,281.82308333333333
2013-12-17,32.1,20.72,100.0,50.17,24.32,8.488888888888889,84.0,0.559,1.873882,0.1693036,21.39,22.51,22.51,24.0,24.07041666666667,78.35791666666667,1.933460648148148,279.13616666666667
2013-12-18,29.05,20.0,100.0,50.07,24.09,7.6499999999999995,146.0,0.229,1.9360819999999999,0.1611301,20.07,20.34,20.34,24.0,23.638333333333335,87.10875,1.4724189814814814,186.519375
2013-12-19,31.04,20.05,100.0,55.58,16.1,5.580555555555556,88.0,1.8290000000000002,1.97422,0.1596076,20.77,21.24,21.24,24.0,23.330833333333334,88.47458333333333,1.4785763888888888,202.4489166666667
2013-12-20,30.94,19.44,100.0,56.39,17.47,7.230555555555556,150.0,9.96,1.870667,0.1624757,21.29,21.29,21.29,24.0,24.457916666666666,86.19708333333334,1.8421296296296295,279.21049999999997
2013-12-21,30.03,20.41,100.0,60.29,24.1,8.088888888888889,149.0,0.457,1.8955609999999998,0.170298,21.85,22.38,22.38,24.0,24.001666666666665,87.35541666666667,2.304421296296296,242.58575
2013-12-22,29.26,20.58,100.0,62.69,20.94,9.8,155.0,5.029,1.798776,0.1553458,21.04,21.16,21.16,24.0,23.087500000000002,91.40791666666667,1.9907175925925926,209.22895833333334
2013-12-23,28.77,20.48,100.0,67.47,18.06,9.238888888888889,150.0,2.794,1.821985,0.17736549999999998,21.55,21.55,21.55,24.0,24.022499999999997,88.39041666666667,1.596261574074074,190.170625
2013-12-24,29.7,20.76,100.0,64.63,16.41,6.661111111111111,143.0,1.8290000000000002,1.760613,0.2056994,22.07,23.55,23.55,24.0,26.215416666666666,80.40666666666667,1.5302893518518517,250.118875
2013-12-25,33.25,21.55,98.2,49.97,21.59,7.1499999999999995,124.0,2.032,1.6795900000000001,0.2280963,22.6,23.23,23.23,24.0,27.581666666666667,80.36,1.660648148148148,332.49333333333334
2013-12-26,35.39,22.29,100.0,49.23,28.69,7.8805555555555555,79.0,9.12,1.512008,0.3047901,23.47,25.22,25.22,24.0,28.446250000000003,81.48583333333333,1.6765740740740742,328.39079166666664
2013-12-27,35.87,22.7,100.0,54.54,28.34,6.711111111111111,88.0,4.496,1.563046,0.45879689999999995,24.22,25.66,25.66,24.0,28.438333333333333,83.32791666666667,1.8967361111111112,299.40341666666666
2013-12-28,36.13,23.82,99.6,52.54,25.84,8.2,98.0,1.143,1.54095,0.3926166,24.56,25.85,25.85,24.0,27.263333333333335,87.15125,1.2210300925925925,136.600625
2013-12-29,34.88,23.9,99.9,55.52,11.79,6.638888888888888,89.0,0.229,1.7717200000000002,0.2886631,25.27,25.54,25.54,24.0,28.208333333333332,83.89375,1.467847222222222,183.77316666666664
2013-12-30,35.62,24.41,99.9,59.33,15.86,5.7,72.0,0.686,1.800516,0.1510004,23.82,25.57,25.57,24.0,29.655833333333334,76.16208333333334,1.3727546296296296,225.57979166666667
2013-12-31,38.29,23.9,97.2,43.25,19.47,6.819444444444445,91.0,0.0,1.9427379999999999,0.13941779999999998,25.45,31.46,27.26,24.0,31.118750000000002,71.39666666666666,1.9235300925925924,255.44912499999998
2014-01-01,39.32,23.79,100.0,35.84,22.05,9.85,25.0,7.899,1.9719639999999998,0.142475,24.25,24.25,24.25,24.0,26.485,91.76666666666667,1.2750925925925924,128.89254166666666
2014-01-02,35.99,23.68,100.0,57.31,11.13,9.0,267.0,10.06,2.275185,0.2911493,24.06,24.06,24.06,24.0,28.582916666666666,86.75083333333333,1.341423611111111,266.0247083333333
2014-01-03,37.68,23.57,100.0,53.1,22.96,6.930555555555555,81.0,1.3719999999999999,2.036188,0.1886724,25.95,32.01,27.35,17.0,29.84941176470588,78.08352941176472,1.4835620915032681,174.38917647058824
2014-04-28,,,,,,,,,,,,,,2.0,17.59,97.6,0.5115277777777777,0.0
2014-04-29,,,,,,,,,,,,,,24.0,18.63625,87.34249999999999,1.1396180555555555,147.10033333333334
2014-04-30,25.7,14.07,100.0,59.97,12.69,6.25,86.0,0.686,1.832152,0.17806639999999999,16.34,16.96,16.96,24.0,18.839583333333334,91.31333333333333,0.7826620370370371,72.25958333333334
2014-05-01,23.68,15.37,100.0,72.91,6.236,3.261111111111111,274.0,0.457,2.002314,0.1809192,18.22,18.71,18.71,24.0,22.133750000000003,79.825,1.3706944444444444,81.813
2014-05-02,28.2,17.67,100.0,52.75,7.061,5.988888888888888,275.0,2.057,1.9136440000000001,0.1867315,17.4,18.66,18.66,24.0,20.691666666666666,82.33958333333334,1.2933449074074075,189.58779166666667
2014-05-03,28.0,14.55,100.0,47.12,16.36,6.449999999999999,134.0,2.286,2.049322,0.1870907,18.23,19.18,19.18,24.0,21.201666666666664,87.95333333333333,1.1729050925925926,179.84745833333332
2014-05-04,28.05,16.16,100.0,58.25,15.52,5.388888888888888,80.0,2.515,1.782314,0.1857343,18.97,18.98,18.98,24.0,21.864583333333332,88.85125,1.0151388888888888,164.245625
2014-05-05,28.72,17.54,100.0,57.43,14.17,3.8694444444444445,154.0,1.143,1.596164,0.1840263,19.19,19.26,19.26,24.0,21.671666666666667,92.66708333333334,0.8514467592592593,68.83825
2014-05-06,27.44,18.32,100.0,68.64,5.941,2.8,80.0,1.143,1.472126,0.1943179,21.47,21.54,21.54,24.0,23.12875,91.56541666666668,0.8934606481481481,104.755875
2014-05-07,27.61,20.22,100.0,71.47,9.04,3.4611111111111112,58.0,0.686,1.343701,0.2873968,20.28,20.28,20.28,24.0,22.882500000000004,90.24333333333334,1.0386921296296296,137.64391666666668
2014-05-08,30.24,19.38,100.0,62.33,11.88,5.361111111111112,80.0,0.0,1.375833,0.47457069999999996,21.19,22.08,22.08,24.0,23.06041666666667,91.77499999999999,1.0416550925925925,97.60954166666666
2014-05-09,29.92,20.35,100.0,62.6,8.43,4.75,163.0,0.229,1.68863,0.6331089999999999,20.66,20.86,20.86,24.0,20.963333333333335,84.33125,1.2507291666666667,122.64291666666666
2014-05-10,26.62,16.72,99.5,47.64,10.58,5.788888888888889,187.0,0.229,1.839922,0.7357412999999999,16.25,16.8,16.8,24.0,17.394583333333333,94.15249999999999,1.294722222222222,86.93979166666666
2014-05-11,21.78,14.25,100.0,67.19,7.503,7.138888888888888,172.0,0.914,1.9094829999999998,0.3852026,17.09,17.09,17.09,24.0,18.408333333333335,90.62166666666667,1.0140856481481482,88.62712499999999
2014-05-12,22.65,16.16,100.0,67.28,7.649,3.4,291.0,1.3719999999999999,1.807388,0.18349769999999999,16.63,16.75,16.75,24.0,19.054583333333333,89.03750000000001,1.145636574074074,134.00270833333335
2014-05-13,25.81,14.64,100.0,56.9,11.56,6.1,77.0,0.229,1.6485029999999998,0.1816553,16.5,16.58,16.58,24.0,19.425416666666667,89.75791666666667,0.8145138888888889,140.196625
2014-05-14,26.98,14.83,100.0,61.14,12.1,3.2694444444444444,74.0,0.686,1.91065,0.1729413,18.19,18.19,18.19,24.0,20.595,90.64166666666667,0.8594907407407407,58.663375
2014-05-15,24.97,18.16,100.0,71.3,5.063,4.088888888888889,121.0,0.457,2.031015,0.1833013,19.43,20.02,20.02,24.0,21.635416666666668,91.90125,0.9339236111111111,94.45991666666667
2014-05-16,27.47,18.11,100.0,67.76,8.15,4.711111111111111,73.0,0.0,2.000935,0.17596679999999998,20.23,20.23,20.23,24.0,21.194583333333334,87.58666666666666,1.4311689814814814,118.94070833333335
2014-05-17,26.12,18.9,100.0,61.46,10.27,6.269444444444444,157.0,0.0,2.151884,0.1892007,17.74,18.91,18.91,24.0,20.07375,88.86208333333333,1.030150462962963,129.30704166666666
2014-05-18,26.98,15.82,100.0,57.29,11.16,6.269444444444444,87.0,0.229,2.184704,0.2040112,18.03,18.35,18.35,24.0,20.984166666666667,85.37124999999999,1.0527893518518519,166.78979166666667
2014-05-19,28.5,15.18,100.0,54.67,14.39,3.738888888888889,165.0,0.0,2.006387,0.19801729999999998,18.54,20.36,20.36,24.0,21.259583333333335,87.46916666666668,0.9813194444444444,120.072625
2014-05-20,27.63,17.56,100.0,57.4,10.36,5.719444444444444,81.0,0.0,2.006932,0.4337047,19.36,20.09,20.09,24.0,21.491666666666664,88.68916666666667,1.0500231481481481,114.34520833333333
2014-05-21,27.43,17.7,100.0,63.39,9.87,5.088888888888889,138.0,0.0,1.913911,0.4395462,19.92,20.71,20.71,24.0,22.09875,90.05833333333334,1.1346527777777777,107.36179166666666
2014-05-22,27.53,19.45,100.0,65.71,9.27,6.219444444444444,80.0,0.229,1.768416,0.2733175,20.43,20.83,20.83,24.0,21.08875,98.72500000000001,0.9809606481481481,44.731458333333336
2014-05-23,25.42,19.87,100.0,82.7,3.8609999999999998,5.238888888888889,154.0,0.0,1.7408359999999998,0.22508009999999998,20.7,20.7,20.7,24.0,16.989583333333332,97.41250000000001,1.474560185185185,13.0745
2014-05-24,20.76,13.0,100.0,88.0,1.1280000000000001,4.819444444444445,134.0,0.229,1.950155,0.3264865,13.59,13.59,13.59,24.0,14.977500000000001,92.34291666666667,1.060613425925926,53.954125
2014-05-25,17.67,12.8,100.0,76.69,4.657,4.219444444444444,151.0,0.686,2.10334,0.6353552,13.75,15.08,15.08,24.0,16.027083333333334,92.40166666666666,0.8213310185185185,51.349
2014-05-26,19.63,14.51,100.0,70.34,4.431,2.8694444444444445,61.0,0.229,2.047213,0.5112673999999999,15.42,15.42,15.42,24.0,18.493333333333332,87.21916666666668,1.4415162037037037,140.25075
2014-05-27,24.29,14.82,100.0,54.73,12.1,5.930555555555556,282.0,0.229,2.040348,0.4026769,16.15,17.15,17.15,24.0,18.015416666666667,87.37541666666665,0.9210763888888889,66.69825
2014-05-28,21.75,15.79,97.4,67.75,5.756,3.7611111111111106,287.0,0.0,2.066102,0.233791,15.69,17.2,17.2,24.0,18.351666666666667,85.53583333333334,0.8873148148148148,96.04383333333334
2014-05-29,23.12,15.58,97.5,62.81,8.29,4.688888888888888,84.0,0.0,2.076294,0.2027679,15.2,16.03,16.03,24.0,17.328333333333333,85.33749999999999,0.8927662037037036,139.25620833333332
2014-05-30,23.5,12.66,100.0,49.77,12.02,4.588888888888889,161.0,0.0,2.00388,0.1923935,14.36,15.22,15.22,24.0,18.0775,89.25833333333333,1.0328356481481482,135.577875
2014-05-31,24.99,13.71,100.0,62.62,11.7,4.8694444444444445,103.0,0.0,1.95858,0.18831099999999998,15.33,15.33,15.33,24.0,16.388333333333332,97.48333333333333,0.8654976851851851,42.338791666666665
2014-06-01,19.89,13.75,100.0,84.6,3.654,4.430555555555555,54.0,0.0,1.753515,0.1799227,16.96,16.96,16.96,24.0,20.101666666666667,88.25999999999999,1.0675694444444443,144.55404166666668
2014-06-02,28.37,15.23,100.0,39.35,12.48,5.511111111111111,265.0,0.0,1.9642309999999998,0.2074614,16.46,16.46,16.46,24.0,16.374583333333334,74.88666666666667,1.6864583333333334,160.90170833333335
2014-06-03,22.95,10.99,100.0,41.95,13.89,7.55,280.0,0.0,2.05437,0.2406504,10.83,11.04,11.04,24.0,13.882249999999999,79.57166666666667,0.7993055555555556,158.6665
2014-06-04,23.5,7.167,100.0,33.56,13.69,3.5388888888888888,136.0,0.229,1.8403809999999998,0.4219347,9.31,9.64,8.76,24.0,14.122124999999999,86.60958333333333,0.9813194444444444,154.75941666666668
2014-06-05,23.49,7.4,100.0,53.73,13.36,5.188888888888889,80.0,0.0,1.5329030000000001,0.26708339999999997,13.15,13.18,13.18,24.0,16.609166666666667,93.14666666666666,0.7945486111111112,58.10154166666667
2014-06-06,21.79,12.48,100.0,76.23,5.015,3.7611111111111106,278.0,0.0,1.469533,0.2976217,17.85,17.85,17.85,24.0,18.9375,97.52499999999999,1.2952199074074076,85.62679166666668
2014-06-07,25.5,17.49,100.0,76.68,7.39,7.2,132.0,0.229,1.6229559999999998,0.4395958,17.79,17.79,17.79,24.0,18.080416666666668,100.0,1.0509490740740741,5.928375
2014-06-08,19.44,17.17,100.0,100.0,0.512,10.399999999999999,251.0,0.0,2.147151,0.6215562,19.18,19.18,19.18,24.0,18.822916666666668,99.78333333333335,1.143159722222222,20.295791666666666
2014-06-09,20.3,17.63,100.0,93.5,1.751,9.438888888888888,61.0,0.0,1.925395,0.6385767999999999,17.63,17.63,17.63,24.0,17.34,96.32083333333333,0.9838194444444445,41.24633333333333
2014-06-10,20.02,14.72,100.0,80.6,3.56,5.3,163.0,0.0,1.8237809999999999,0.49049719999999997,14.72,14.72,14.72,24.0,17.77375,92.08875,0.9037847222222223,92.79795833333333
2014-06-11,21.61,14.71,100.0,71.06,8.01,3.861111111111111,135.0,0.0,1.814641,0.2621087,17.2,17.44,17.44,24.0,18.63416666666667,94.65625,0.9089467592592593,72.88270833333333
2014-06-12,24.09,15.24,100.0,72.86,6.29,4.9111111111111105,68.0,0.0,1.855081,0.2239322,18.29,18.29,18.29,24.0,20.635833333333334,95.83749999999999,1.2828009259259259,106.13395833333333
2014-06-13,25.68,18.15,100.0,77.16,9.16,7.069444444444444,80.0,0.229,1.893044,0.2472646,19.32,19.32,19.32,24.0,20.892500000000002,94.89999999999999,0.8450578703703703,71.73845833333333
2014-06-14,26.4,18.19,100.0,70.68,6.191,4.169444444444444,72.0,0.0,1.649521,0.2099074,20.61,20.61,20.61,24.0,21.069583333333334,95.55833333333334,1.2317013888888888,44.367583333333336
2014-06-15,24.27,18.89,100.0,83.9,3.829,5.361111111111112,164.0,0.0,1.973614,0.2025546,18.73,18.89,18.89,24.0,19.179583333333333,99.14999999999999,0.7225925925925926,32.669583333333335
2014-06-16,20.92,17.86,100.0,94.0,2.819,2.7388888888888885,162.0,0.229,2.185614,0.3661994,19.06,19.06,19.06,24.0,21.271666666666665,91.7025,0.9104398148148148,142.79208333333335
2014-06-17,27.05,18.53,100.0,64.45,12.32,3.7888888888888888,64.0,0.457,1.930739,0.20125369999999998,18.94,18.94,18.94,24.0,19.861666666666668,93.18041666666666,0.9590624999999999,76.64274999999999
2014-06-18,24.81,16.61,100.0,70.87,6.614,4.1,155.0,0.229,1.867043,0.19493059999999998,19.32,19.53,19.53,24.0,16.554583333333333,97.55833333333334,1.464398148148148,19.765833333333333
2014-06-19,19.67,13.29,100.0,83.3,1.7069999999999999,7.0,143.0,0.686,2.002232,0.4395174,12.46,13.59,13.59,24.0,14.340833333333334,85.53166666666668,0.8931481481481481,64.11325
2014-06-20,17.61,12.75,98.4,61.71,5.533,3.138888888888889,77.0,0.914,1.9813619999999998,0.515274,12.71,13.41,13.41,24.0,14.713333333333333,88.925,1.0004513888888888,82.36616666666667
2014-06-21,20.22,12.79,99.9,66.87,7.109,4.538888888888889,27.0,0.686,1.946028,0.5045425,13.47,13.95,13.95,24.0,15.444166666666668,90.69208333333334,0.9147916666666666,88.07616666666667
2014-06-22,20.37,12.11,100.0,69.59,7.601,4.51111111111111,106.0,0.914,1.7631350000000001,0.2600785,14.84,15.54,15.54,24.0,17.695833333333333,91.71249999999999,1.0264814814814816,103.03341666666667
2014-06-23,23.9,14.81,99.2,72.84,8.89,4.238888888888889,125.0,0.686,1.6476359999999999,0.1829884,17.15,17.33,17.33,24.0,19.35125,91.71083333333333,0.8896643518518519,117.03983333333333
2014-06-24,25.11,16.02,100.0,66.78,10.1,4.219444444444444,89.0,0.229,1.68587,0.1945641,17.79,17.79,17.79,12.0,17.501666666666665,98.69166666666666,0.6733333333333333,47.42783333333333
2015-01-05,,,,,,,,,,,,,,3.0,23.34,99.66666666666667,1.7093518518518518,0.042
2015-01-06,,,,,,,,,,,,,,24.0,25.81958333333333,92.5575,1.8155092592592592,207.85912499999998
2015-01-07,30.7,22.94,100.0,71.87,17.94,7.430555555555555,84.0,0.0,2.129042,0.2022743,24.0,24.48,24.48,24.0,26.604166666666668,90.69958333333334,1.203125,196.08425
2015-01-08,34.42,23.86,100.0,63.47,16.92,6.988888888888889,88.0,23.32,1.8749319999999998,0.1913811,24.09,24.14,24.14,24.0,28.510416666666668,82.10791666666667,1.6024074074074075,262.519875
2015-01-09,35.64,23.48,100.0,59.47,22.66,9.388888888888888,192.0,13.72,1.930012,0.1823515,22.77,24.7,24.7,24.0,27.710833333333337,82.405,1.4225462962962963,233.95641666666666
2015-01-10,35.42,23.46,100.0,52.91,20.19,10.46111111111111,251.0,0.0,2.025975,0.2060397,24.07,24.09,24.09,24.0,25.9175,89.90833333333335,1.4427777777777777,165.88870833333334
2015-01-11,36.89,22.85,100.0,52.04,14.32,15.049999999999999,278.0,2.057,1.908774,0.2193852,23.02,23.02,23.02,24.0,27.361666666666665,84.23958333333333,1.3232986111111111,296.87445833333334
2015-01-12,36.31,22.07,100.0,52.99,25.62,7.480555555555555,201.0,0.457,1.726203,0.2949053,23.22,23.22,23.22,24.0,28.133333333333336,82.09833333333333,1.5924305555555556,309.192125
2015-01-13,39.42,21.32,100.0,40.58,26.68,14.16111111111111,290.0,0.229,1.5726900000000001,0.2659227,22.76,22.93,22.93,,,,,
2015-01-14,35.2,22.74,100.0,56.77,22.34,5.980555555555556,270.0,0.0,1.62189,0.30053949999999996,22.42,23.07,23.07,,,,,
2015-01-15,35.04,21.72,100.0,50.06,20.73,10.880555555555556,260.0,0.0,2.079857,0.3722819,22.24,22.24,22.24,,,,,
2015-01-16,33.15,22.05,100.0,57.83,23.1,6.25,138.0,28.12,1.7391510000000001,0.308933,24.41,25.66,25.66,,,,,
2015-01-17,34.92,23.89,95.0,60.02,21.89,6.388888888888888,92.0,2.743,1.703761,0.26311029999999996,25.52,31.69,27.34,,,,,
2015-01-18,36.62,22.52,100.0,59.76,24.36,9.430555555555555,12.0,0.0,1.75237,0.2551045,22.65,22.68,22.68,,,,,
2015-01-19,34.01,22.28,100.0,61.48,19.43,5.519444444444445,189.0,0.0,1.930555,0.2128184,22.87,23.46,23.46,,,,,
2015-01-20,35.51,23.08,98.9,56.05,21.99,9.85,358.0,,2.168839,0.1927571,22.86,24.72,24.72,,,,,
2015-01-21,35.48,22.48,100.0,54.08,21.61,7.738888888888889,279.0,0.0,2.096574,0.27648079999999997,22.75,22.75,22.75,,,,,
2015-01-22,29.35,21.73,100.0,63.91,11.28,7.45,217.0,0.0,2.274256,0.31275929999999996,21.21,21.91,21.91,,,,,
2015-01-23,24.52,20.2,99.5,82.2,6.466,6.9111111111111105,161.0,0.0,2.335854,0.23590599999999998,20.43,20.76,20.76,,,,,
2015-01-24,29.89,19.02,100.0,53.29,20.84,5.988888888888888,117.0,0.0,2.004792,0.19328969999999998,21.13,22.22,22.22,,,,,
2015-01-25,33.39,20.4,100.0,50.62,27.8,6.730555555555555,68.0,0.229,1.8828200000000002,0.192765,23.02,24.08,24.08,,,,,
2015-01-26,33.32,20.51,100.0,59.91,15.08,8.11111111111111,348.0,0.229,1.7493059999999998,0.1905483,20.9,20.9,20.9,,,,,
2015-01-27,34.68,19.46,100.0,50.64,28.22,7.761111111111111,90.0,0.0,1.785075,0.21887659999999998,23.84,24.75,24.75,,,,,
2015-01-28,35.2,23.72,99.1,58.2,18.52,9.730555555555556,58.0,0.0,1.609313,0.2486089,23.16,23.85,23.85,,,,,
2015-01-29,33.43,22.79,100.0,62.49,16.76,5.76111111111111,204.0,0.0,1.574741,0.21150329999999998,24.62,24.99,24.99,,,,,
2015-01-30,35.68,22.43,100.0,46.5,17.23,11.4,133.0,0.0,1.778705,0.3526179,21.67,23.31,23.31,,,,,
2015-01-31,23.69,20.22,100.0,78.61,5.105,6.25,172.0,0.0,1.826826,0.41813219999999995,20.24,20.24,20.24,,,,,
2015-02-01,26.56,20.03,100.0,74.81,9.96,5.511111111111111,36.0,0.0,1.905522,0.3986394,21.47,21.87,21.87,,,,,
2015-02-02,29.23,20.94,100.0,68.31,11.56,5.738888888888889,99.0,0.0,1.892935,0.19117109999999998,22.55,23.06,23.06,,,,,
2015-02-03,33.02,21.08,100.0,56.17,23.69,9.88888888888889,81.0,0.0,1.782014,0.17363599999999998,23.49,23.86,23.86,,,,,
2015-02-04,33.22,21.84,100.0,60.21,21.36,9.619444444444445,62.0,0.229,1.8293490000000001,0.1843253,21.87,21.87,21.87,,,,,
2015-02-05,28.22,21.02,100.0,77.62,11.21,6.3694444444444445,160.0,0.0,2.000783,0.1930161,21.24,21.24,21.24,,,,,
2015-02-06,26.72,20.76,100.0,75.89,11.53,9.188888888888888,165.0,0.0,2.034828,0.2590986,20.86,20.86,20.86,,,,,
2015-02-07,30.96,19.34,100.0,56.76,19.7,6.030555555555556,140.0,0.229,1.9514179999999999,0.217305,21.67,22.93,22.93,,,,,
2015-02-08,31.56,21.11,99.8,58.2,23.57,7.4111111111111105,71.0,0.229,1.873122,0.2014484,21.75,23.76,23.76,,,,,
2015-02-09,31.48,21.85,99.9,63.64,20.57,7.361111111111111,67.0,0.229,1.7756349999999999,0.20468219999999998,22.32,24.88,24.88,,,,,
2015-02-10,32.56,22.13,99.6,59.29,24.67,7.911111111111111,88.0,0.229,1.7377259999999999,0.21285749999999998,24.16,25.1,25.1,,,,,
2015-02-11,35.21,23.5,100.0,57.72,22.1,8.65,61.0,0.0,1.572014,0.2190077,25.16,25.56,25.56,,,,,
2015-02-12,35.54,24.17,100.0,58.97,22.22,7.569444444444445,75.0,0.0,1.495111,0.2019521,24.0,24.39,24.39,,,,,
2015-02-13,36.75,23.5,100.0,57.62,18.34,8.5,9.0,0.229,1.9041549999999998,0.6537256,23.98,23.98,23.98,,,,,
2015-02-14,31.98,22.45,100.0,58.2,13.51,8.46111111111111,70.0,0.0,1.661572,0.3901706,22.68,22.68,22.68,,,,,
2015-02-15,23.97,21.78,100.0,98.7,3.182,5.938888888888888,209.0,0.457,2.00913,0.2752581,21.83,21.83,21.83,,,,,
2015-02-16,26.23,21.1,100.0,74.0,8.21,6.21111111111111,153.0,0.686,1.895327,0.3139287,20.34,21.14,21.14,,,,,
2015-02-17,28.68,20.54,100.0,57.42,11.24,5.830555555555555,159.0,0.686,1.9085679999999998,0.2392704,21.67,21.67,21.67,,,,,
2015-02-18,26.83,20.7,100.0,80.9,6.867,4.480555555555555,195.0,0.229,1.938208,0.2534418,20.92,20.92,20.92,,,,,
2015-02-19,29.82,20.82,100.0,68.89,12.75,5.188888888888889,86.0,0.229,2.118825,0.38487869999999996,22.83,22.83,22.83,,,,,
2015-02-20,32.67,22.03,100.0,70.52,21.34,14.71111111111111,309.0,0.0,2.239897,0.2624901,23.12,23.12,23.12,,,,,
2015-02-21,34.34,22.39,100.0,54.11,16.31,7.088888888888889,248.0,0.229,2.124406,0.2527683,23.43,23.43,23.43,,,,,
2015-02-22,28.58,23.13,100.0,82.9,7.787,6.011111111111111,139.0,0.0,2.29351,0.2444047,24.68,24.68,24.68,,,,,
2015-02-23,32.85,23.75,100.0,59.83,19.2,5.519444444444445,82.0,0.229,1.9326789999999998,0.2159471,24.32,24.32,24.32,,,,,
2015-02-24,33.52,22.73,100.0,59.65,18.79,6.838888888888889,86.0,0.0,1.724624,0.2048504,25.28,25.59,25.59,,,,,
2015-02-25,26.67,20.62,100.0,80.9,7.383,9.68888888888889,177.0,0.0,1.7736079999999999,0.1917265,21.14,21.14,21.14,,,,,
2015-02-26,33.08,19.54,100.0,53.63,23.87,7.4,77.0,0.0,1.542199,0.25512399999999996,22.18,22.88,22.88,,,,,
2015-02-27,35.26,21.19,100.0,54.35,22.45,6.21111111111111,83.0,0.0,1.517733,0.25221309999999997,22.21,23.93,23.93,,,,,
2015-02-28,38.23,22.41,100.0,38.9,21.36,11.36111111111111,275.0,0.457,1.7692459999999999,0.3770784,23.17,23.17,23.17,,,,,
2015-03-01,27.84,22.16,100.0,67.91,8.81,6.938888888888889,153.0,0.914,1.7854709999999998,0.4312621,20.47,22.83,22.83,,,,,
2015-03-02,30.15,20.4,96.3,58.48,16.72,6.169444444444444,106.0,0.457,1.7468949999999999,0.4551464,21.6,22.33,22.33,,,,,
2015-03-03,30.89,20.74,99.4,60.88,12.78,6.788888888888889,90.0,3.2,1.898847,0.20739839999999998,22.45,24.52,24.52,,,,,
2015-09-16,,,,,,,,,,,,,,7.0,24.99285714285714,83.61428571428571,1.6003174603174604,13.086714285714285
2015-09-17,,,,,,,,,,,,,,24.0,23.300833333333333,90.83625,2.208136574074074,125.79829166666667
2015-09-18,32.14,20.72,97.8,61.73,10.86,9.880555555555555,50.0,0.914,2.06676,0.3196903,21.61,21.98,21.98,24.0,23.161666666666665,91.97208333333333,1.4269212962962963,119.26220833333333
2015-09-19,30.47,20.66,99.9,70.43,10.29,11.261111111111111,142.0,0.914,1.698848,0.26562979999999997,21.39,21.78,21.78,24.0,23.74,89.67166666666667,1.3921064814814814,171.24929166666666
2015-09-20,31.32,20.68,98.6,65.15,14.78,6.238888888888889,143.0,1.3719999999999999,1.614541,0.2950193,20.97,21.42,21.42,24.0,24.798333333333332,84.85083333333334,1.1300694444444443,186.39433333333332
2015-09-21,32.32,20.32,97.8,54.24,16.09,4.388888888888889,160.0,1.3719999999999999,1.628815,0.411093,20.37,20.88,20.88,24.0,23.75708333333333,85.6425,1.3772685185185185,195.71666666666667
2015-09-22,30.61,20.05,98.2,57.33,16.89,5.819444444444444,70.0,2.057,1.574782,0.35599529999999996,20.78,22.07,22.07,24.0,23.56625,86.45,1.2148263888888888,93.00904166666668
2015-09-23,28.81,21.57,95.7,68.11,8.03,5.430555555555555,149.0,1.6,1.6836929999999999,0.2235007,20.69,21.98,21.98,24.0,24.851249999999997,83.16625,1.4497569444444445,236.80625
2015-09-24,32.15,20.2,97.2,54.78,20.44,7.038888888888889,76.0,1.6,1.666255,0.2182442,21.63,22.82,22.82,24.0,25.752916666666668,83.46958333333333,1.2117708333333332,166.782
2015-09-25,34.72,21.54,95.7,55.34,14.39,5.438888888888888,157.0,0.914,1.764771,0.2062784,20.92,22.4,22.4,24.0,22.64125,92.56,2.065289351851852,58.35429166666666
2015-09-26,29.89,20.04,97.6,68.43,5.036,7.6611111111111105,68.0,0.686,1.7451439999999998,0.2172142,18.49,20.28,20.28,24.0,19.9975,93.45,0.9628587962962962,33.223958333333336
2015-09-27,21.38,19.06,96.9,87.5,2.867,4.611111111111112,152.0,0.914,1.966484,0.2405621,18.72,19.22,19.22,24.0,20.640416666666667,96.99166666666667,1.002349537037037,36.70079166666667
2015-09-28,22.99,19.18,98.5,94.0,3.168,5.538888888888889,19.0,4.572,2.241943,0.3449152,20.69,21.08,21.08,24.0,20.847916666666666,87.44875,1.628587962962963,150.94816666666665
2015-09-29,28.13,18.28,98.0,60.51,13.03,7.3805555555555555,132.0,5.715,2.355494,0.3004518,16.71,18.28,18.28,24.0,20.664166666666667,86.9425,1.0499884259259258,81.687625
2015-09-30,27.52,17.33,94.9,64.46,7.05,4.669444444444444,65.0,5.029,2.424716,0.23868389999999998,19.79,21.1,21.1,24.0,20.177916666666665,88.74166666666667,0.9867013888888888,42.18225
2015-10-01,22.67,18.17,96.4,64.43,3.641,4.1194444444444445,214.0,4.343,2.093394,0.23837789999999998,16.6,18.73,18.73,24.0,19.343333333333334,90.79583333333333,0.9752893518518518,43.49075
2015-10-02,21.14,17.94,96.2,83.5,3.753,3.7694444444444444,294.0,4.115,2.17248,0.2734745,19.38,19.98,19.98,24.0,22.55666666666667,91.31458333333335,0.9937037037037036,84.31587499999999
2015-10-03,28.92,19.84,96.6,69.23,7.277,5.388888888888888,14.0,4.343,1.9234559999999998,0.2959793,21.0,21.61,21.61,24.0,20.504166666666666,93.41250000000001,1.4910069444444443,52.59908333333333
2015-10-04,24.18,17.14,97.6,82.1,4.539,6.530555555555556,124.0,4.343,1.628397,0.3514633,16.47,17.17,17.17,24.0,18.015416666666667,91.33333333333333,1.4545833333333331,53.32908333333334
2015-10-05,21.56,16.16,96.4,80.1,4.602,4.980555555555555,130.0,2.057,1.949287,0.36474619999999996,15.17,16.16,16.16,24.0,17.6225,88.1725,0.8789004629629629,53.035125
2015-10-06,21.0,15.86,95.9,71.39,4.577,3.5388888888888888,139.0,0.0,1.778655,0.5959736,15.9,17.34,17.34,24.0,18.86041666666667,90.39,1.2047453703703703,57.76133333333333
2015-10-07,23.2,16.92,95.3,75.21,4.985,6.588888888888889,41.0,0.229,1.478231,0.24637009999999998,18.67,19.44,19.44,24.0,22.685833333333335,85.80166666666666,1.381747685185185,132.26125
2015-10-08,30.25,18.45,96.1,54.4,11.41,8.238888888888889,85.0,0.0,1.37839,0.2362455,20.65,21.34,21.34,24.0,23.235833333333332,88.70958333333334,1.413321759259259,92.38095833333334
2015-10-09,30.56,20.68,97.3,61.86,7.973,5.830555555555555,159.0,0.0,1.626866,0.22233209999999998,20.48,20.91,20.91,24.0,22.53125,92.34041666666667,1.428761574074074,84.86645833333334
2015-10-10,31.42,19.7,97.7,59.97,7.324,5.219444444444444,198.0,0.229,1.902051,0.2777358,21.14,21.72,21.72,11.0,20.514545454545456,96.77272727272727,1.275479797979798,0.6617272727272727
2015-10-11,19.97,19.36,99.2,96.2,0.013000000000000001,6.688888888888888,107.0,0.0,1.463501,0.2946241,19.27,19.65,19.65,24.0,20.621666666666666,96.33749999999999,0.7694560185185185,37.74133333333334
2015-10-12,23.02,19.49,98.8,87.7,3.257,3.438888888888889,42.0,0.229,1.974357,0.29255929999999997,20.17,20.49,20.49,24.0,21.57041666666667,96.42083333333333,0.9540046296296296,47.97841666666667
2015-10-13,27.45,19.1,100.0,79.88,4.141,7.119444444444444,270.0,0.0,1.9987689999999998,0.24208149999999998,18.61,19.1,19.1,24.0,19.429583333333333,93.35416666666667,1.3099652777777777,65.24020833333334
2015-10-14,22.19,17.73,98.1,83.6,5.63,6.080555555555556,277.0,0.229,1.9766569999999999,0.2621942,17.48,17.76,17.76,24.0,21.166666666666668,94.38666666666667,1.3459027777777777,92.66483333333333
2015-10-15,29.66,17.58,100.0,68.96,7.998,5.311111111111111,274.0,0.0,2.150698,0.28673889999999996,21.15,21.72,21.72,24.0,25.97791666666667,84.27041666666666,1.1914583333333333,189.38570833333333
2015-10-16,37.05,21.17,98.2,47.74,16.34,6.180555555555555,157.0,0.229,1.759482,0.2298345,20.33,21.22,21.22,24.0,22.267916666666665,88.22125,1.4465046296296296,58.959624999999996
2015-10-17,27.98,17.77,98.9,64.11,5.089,7.9,160.0,0.229,1.639339,0.2452866,17.27,17.83,17.83,24.0,17.84625,87.40333333333332,1.6856481481481482,51.68895833333334
2015-10-18,21.92,15.98,97.0,65.4,4.46,5.8999999999999995,132.0,0.0,1.901533,0.3771499,14.8,15.98,15.98,24.0,18.341666666666665,76.07208333333334,1.3858217592592592,89.99925
2015-10-19,25.25,15.39,92.6,44.72,7.768,4.711111111111111,138.0,0.0,2.046841,0.44046369999999996,14.84,16.1,16.1,24.0,19.559166666666666,86.54916666666666,1.3720486111111112,95.91458333333333
2015-10-20,29.24,15.64,97.3,53.71,8.28,7.45,78.0,0.0,1.678736,0.43634069999999997,18.68,19.34,19.34,24.0,23.6925,82.34916666666668,1.1982523148148148,153.00633333333334
2015-10-21,35.27,18.94,97.1,43.66,13.2,5.6,66.0,0.0,1.49299,0.2403852,20.59,21.69,21.69,24.0,22.745416666666667,93.83333333333333,1.366099537037037,48.194041666666664
2015-10-22,27.08,20.7,99.5,78.9,4.159,9.530555555555557,56.0,0.0,1.753024,0.3070817,20.46,20.74,20.74,24.0,19.924583333333334,98.85416666666667,1.8208564814814814,12.693708333333333
2015-10-23,20.79,18.41,99.7,97.8,1.095,11.03888888888889,24.0,0.0,2.392561,0.4726572,18.17,18.41,18.41,24.0,20.95,94.66250000000001,0.9777893518518518,66.95879166666667
2015-10-24,25.98,17.25,100.0,77.17,5.779,4.8388888888888895,160.0,0.0,1.963542,0.35138549999999996,18.68,20.0,20.0,24.0,21.657916666666665,79.06666666666666,1.6301041666666667,98.45616666666666
2015-10-25,28.12,18.04,94.5,56.15,8.5,5.280555555555556,150.0,0.229,1.911664,0.32783829999999997,15.89,18.04,18.04,24.0,18.093333333333334,90.4775,1.0423032407407407,40.780625
2015-10-26,21.13,16.54,97.9,74.54,3.52,3.488888888888889,298.0,0.0,2.30531,0.32894239999999997,17.12,17.45,17.45,24.0,18.93375,97.25416666666666,0.7083796296296296,31.241916666666665
2015-10-27,20.97,17.34,99.1,93.5,2.696,2.3,190.0,0.229,2.2580999999999998,0.3326502,18.67,19.12,19.12,24.0,22.172083333333333,89.63166666666666,0.7790856481481482,76.72791666666667
2015-10-28,28.45,19.02,100.0,66.23,6.622,3.9194444444444443,158.0,0.229,2.164864,0.31046969999999996,20.81,21.23,21.23,24.0,22.303749999999997,93.39999999999999,1.3908333333333331,95.52966666666667
2015-10-29,25.2,20.52,97.3,82.8,2.066,6.219444444444444,143.0,3.454,1.806552,0.3411781,20.19,20.62,20.62,24.0,22.550416666666667,92.91666666666667,1.663483796296296,150.80754166666665
2015-10-30,30.61,20.58,99.1,64.59,13.01,7.6499999999999995,63.0,12.12,2.137844,0.4014256,20.45,20.84,20.84,24.0,22.562083333333334,92.62916666666666,1.7717361111111112,76.520625
2015-10-31,27.42,20.42,99.0,74.71,6.604,7.719444444444444,87.0,3.226,1.926111,0.3157501,21.53,21.99,21.99,24.0,23.097083333333334,96.10416666666667,0.916423611111111,42.908166666666666
2015-11-01,25.74,20.93,98.9,86.5,3.7030000000000003,5.980555555555556,146.0,17.55,1.7247219999999999,0.3105679,20.57,20.93,20.93,24.0,20.31416666666667,95.46666666666665,1.6527199074074073,44.677708333333335
2015-11-02,22.68,18.32,98.0,88.0,3.856,6.6000000000000005,168.0,9.6,1.963431,0.5006412,18.19,18.51,18.51,24.0,18.99875,97.25833333333333,1.530891203703704,36.282666666666664
2015-11-03,20.9,18.05,98.7,93.2,3.1310000000000002,5.261111111111111,228.0,24.92,1.665797,0.5326983,18.53,18.74,18.74,24.0,22.240416666666665,90.09375,1.0653472222222222,83.92091666666666
2015-11-04,32.41,18.68,99.0,56.29,7.243,5.438888888888888,157.0,1.6,1.497259,0.4941483,20.91,21.35,21.35,24.0,21.0025,97.57916666666667,1.246412037037037,32.57004166666667
2015-11-05,22.04,19.77,99.9,95.7,2.811,5.730555555555555,176.0,42.98,1.8747129999999999,0.43476729999999997,19.52,19.78,19.78,24.0,20.94708333333333,95.73333333333333,1.428425925925926,61.049041666666675
2015-11-06,26.82,18.11,100.0,77.12,5.268,9.130555555555555,213.0,14.86,1.6558169999999999,0.6126301,17.87,18.15,18.15,24.0,20.262916666666666,87.49708333333332,1.5981712962962964,96.85870833333333
2015-11-07,28.04,17.85,98.9,56.93,8.36,6.080555555555556,169.0,6.629,1.804346,0.5984402,17.34,18.54,18.54,24.0,20.85375,85.46916666666668,0.8504513888888888,73.8425
2015-11-08,26.25,17.77,96.7,63.1,6.373,3.561111111111111,74.0,3.429,1.8228550000000001,0.3189877,18.72,19.24,19.24,24.0,20.51125,95.67083333333333,1.4618634259259258,51.784
2015-11-09,24.41,18.99,99.1,80.6,4.469,7.219444444444444,10.0,16.69,1.7722289999999998,0.37734229999999996,20.18,20.48,20.48,24.0,24.498333333333335,86.23083333333334,1.0868055555555556,142.54583333333335
2015-11-10,36.65,20.1,98.9,45.56,12.3,4.069444444444445,94.0,0.229,1.717896,0.2888119,21.64,22.29,22.29,24.0,25.839583333333334,85.33375000000001,1.0353587962962962,91.292875
2015-11-11,34.04,22.11,97.4,55.5,7.879,4.9111111111111105,44.0,0.0,1.725698,0.2637373,22.16,22.86,22.86,24.0,27.86791666666667,78.77416666666666,1.3407175925925925,217.27470833333334
2015-11-12,41.87,21.71,97.8,39.96,18.75,7.230555555555556,163.0,0.0,1.83481,0.24965969999999998,21.87,22.93,22.93,24.0,24.644583333333333,84.50125,1.4095254629629628,76.68225
2015-11-13,32.67,21.96,95.7,55.54,6.617,6.380555555555555,159.0,0.0,1.9668359999999998,0.25313569999999996,21.55,22.59,22.59,24.0,24.88,86.84625,1.009976851851852,76.53666666666666
2015-11-14,31.61,21.05,96.8,62.24,6.605,5.249999999999999,193.0,0.457,1.9537049999999998,0.2322414,20.41,21.05,21.05,24.0,26.585416666666664,80.46958333333333,1.3866898148148146,220.4249166666667
2015-11-15,44.61,20.22,99.0,32.92,19.02,8.130555555555555,137.0,5.029,1.742834,0.2382386,19.91,20.63,20.63,24.0,22.092916666666667,88.16916666666667,1.3078125,67.94004166666666
2015-11-16,27.7,19.7,96.5,69.97,5.862,5.0,120.0,0.686,2.01115,0.2799173,18.79,19.72,19.72,24.0,21.95875,85.50083333333333,0.982037037037037,57.809625000000004
2015-11-17,26.68,19.21,95.5,65.5,4.989,3.819444444444444,191.0,1.6,1.9526059999999998,0.25739819999999997,19.53,20.3,20.3,24.0,22.79625,92.04333333333334,1.418449074074074,77.84170833333333
2015-11-18,28.06,20.17,97.6,74.31,6.718,7.46111111111111,80.0,5.486,1.702969,0.2641427,21.69,22.1,22.1,24.0,27.50916666666667,80.43958333333333,1.3781134259259258,292.925625
2015-11-19,40.43,20.97,98.1,39.68,25.28,8.0,7.0,18.59,1.548546,0.2932017,22.07,22.47,22.47,24.0,27.23625,81.85291666666667,1.4588078703703704,291.59633333333335
2015-11-20,41.92,21.37,98.7,34.5,25.17,8.738888888888889,64.0,48.87,2.318016,0.3425825,21.8,22.08,22.08,24.0,25.065833333333334,83.71458333333334,1.566597222222222,168.98204166666667
2015-11-21,33.93,20.99,99.9,53.59,14.58,7.288888888888888,69.0,1.3719999999999999,2.194741,0.4042901,19.66,21.46,21.46,24.0,22.755,77.11874999999999,1.4963078703703703,106.00220833333333
2015-11-22,30.62,20.26,89.5,46.24,9.15,5.530555555555556,37.0,0.0,1.877757,0.4130272,17.62,20.32,20.32,24.0,23.329166666666666,84.59583333333333,1.3591550925925926,132.11445833333332
2015-11-23,31.62,19.84,96.9,55.83,11.4,5.238888888888889,90.0,11.71,1.9915180000000001,0.33847089999999996,21.17,21.68,21.68,24.0,22.538749999999997,91.32458333333334,1.5162847222222222,69.41904166666667
2015-11-24,26.06,20.33,97.4,71.65,5.991,7.419444444444444,163.0,15.77,1.9325700000000001,0.300271,19.95,20.42,20.42,24.0,21.063333333333333,90.29833333333333,1.2278472222222223,60.178958333333334
2015-11-25,24.72,18.62,97.1,74.95,5.193,4.388888888888889,305.0,4.572,2.277804,0.3991979,19.83,20.46,20.46,24.0,23.877916666666668,87.16833333333334,1.3677546296296297,110.09216666666667
2015-11-26,33.24,20.17,96.9,54.29,9.5,6.238888888888889,136.0,1.3719999999999999,2.278074,0.27585149999999997,21.63,22.26,22.26,24.0,24.718333333333334,89.58041666666666,1.6945601851851853,130.74641666666665
2015-11-27,30.54,22.23,97.3,68.21,11.28,7.069444444444444,80.0,1.143,2.175296,0.2700666,22.52,23.32,23.32,24.0,24.220416666666665,90.77166666666666,1.8109722222222222,83.478875
2015-11-28,28.17,22.4,96.8,76.72,7.205,6.8805555555555555,46.0,4.801,2.005597,0.2763819,21.8,22.5,22.5,24.0,26.330416666666665,83.50750000000001,1.317002314814815,165.02229166666666
2015-11-29,35.27,21.04,97.4,52.15,14.24,6.680555555555555,58.0,0.914,1.7306650000000001,0.2407376,23.52,24.4,24.4,24.0,21.95625,88.02083333333333,1.5110185185185185,54.613416666666666
2015-11-30,24.41,19.96,96.2,73.29,4.713,5.8805555555555555,170.0,2.743,1.9905819999999999,0.2592006,17.46,20.18,20.18,24.0,19.076666666666664,91.10833333333333,1.0241319444444443,34.147124999999996
2015-12-01,21.04,17.37,95.6,83.5,2.947,4.1194444444444445,162.0,6.401,1.954739,0.272175,16.62,17.81,17.81,24.0,19.91875,91.12083333333334,0.9307754629629629,59.47408333333333
2015-12-02,23.3,17.37,95.3,81.3,5.132,3.1611111111111114,2.0,0.0,1.775166,0.2571322,19.52,20.42,20.42,24.0,22.8125,89.13541666666667,0.6935185185185184,78.772375
2015-12-03,31.99,19.65,96.3,55.81,6.798,3.5805555555555557,34.0,5.715,1.563743,0.2491166,20.99,21.6,21.6,24.0,22.683333333333334,94.71666666666665,1.0521412037037037,60.176875
2015-12-04,25.4,21.27,97.1,88.4,5.193,6.269444444444444,83.0,19.43,1.52765,0.2753709,21.43,21.91,21.91,24.0,24.08875,91.26166666666666,1.4225578703703705,134.918375
2015-12-05,32.24,21.81,97.3,64.75,11.64,5.8,100.0,7.315,1.557506,0.5198735999999999,21.97,22.59,22.59,24.0,27.690833333333334,77.09291666666667,1.3841782407407408,280.4207916666667
2015-12-06,39.28,20.9,97.1,41.21,24.2,7.711111111111111,139.0,0.229,1.5849739999999999,0.28527169999999996,20.17,23.08,23.08,24.0,20.96125,90.52499999999999,1.3033217592592592,44.45733333333333
2015-12-07,23.07,18.73,95.4,82.9,3.836,5.0,199.0,21.49,1.858905,0.5595023,18.4,19.14,19.14,24.0,21.385416666666668,88.10291666666666,1.1232523148148148,67.35425
2015-12-08,26.38,18.91,95.9,66.02,5.813,4.680555555555556,157.0,0.229,1.9863369999999998,0.3981459,19.18,19.99,19.99,24.0,23.752916666666668,85.80166666666666,1.5251041666666667,162.95216666666667
2015-12-09,33.19,19.86,96.1,55.7,14.06,6.480555555555555,79.0,3.2,1.980033,0.2690539,21.96,23.91,23.91,24.0,27.29875,78.90875,1.5942939814814814,240.02345833333334
2015-12-10,36.99,22.17,94.9,46.03,20.72,6.311111111111111,88.0,0.0,1.668959,0.2405677,23.09,24.42,24.42,24.0,26.898333333333337,82.01333333333334,1.8732175925925925,199.24341666666666
2015-12-11,36.86,23.27,96.5,46.75,17.19,8.369444444444444,191.0,15.24,1.916531,0.2823575,21.27,23.32,23.32,24.0,26.98875,78.22041666666667,1.5113194444444444,235.65916666666666
2015-12-12,35.96,22.14,93.1,46.98,20.34,6.388888888888888,83.0,0.0,2.049256,0.2794563,23.19,24.38,24.38,24.0,25.35291666666667,92.35000000000001,1.1234953703703703,55.47454166666666
2015-12-13,27.76,23.5,95.6,84.8,4.786,5.6499999999999995,84.0,2.286,1.89578,0.2468795,22.7,23.5,23.5,24.0,28.85625,77.96916666666667,1.604502314814815,318.02658333333335
2015-12-14,39.79,23.07,96.4,43.73,27.45,7.4111111111111105,250.0,2.972,1.9119579999999998,0.264982,23.3,24.1,24.1,24.0,28.205833333333334,80.58708333333333,1.349236111111111,245.32837500000002
2015-12-15,40.08,22.48,96.0,43.17,21.17,8.95,270.0,7.645,1.929891,0.23904519999999999,23.85,24.85,24.85,24.0,28.64125,79.87083333333334,1.6855555555555555,208.11375
2015-12-16,39.5,23.21,96.3,42.84,17.96,19.288888888888888,255.0,25.5,1.998778,0.28767699999999996,22.65,23.49,23.49,24.0,25.73,79.11833333333333,1.8022569444444443,195.07229166666664
2015-12-17,32.32,22.12,95.2,50.8,16.83,6.569444444444444,146.0,1.8290000000000002,1.948321,0.306919,22.01,22.9,22.9,24.0,25.329583333333332,84.38041666666666,1.4188078703703704,138.21704166666666
2015-12-18,32.32,21.73,96.3,55.01,11.93,5.888888888888888,83.0,4.115,1.878145,0.3085847,22.53,25.06,25.06,24.0,28.235416666666666,81.42833333333333,1.3233912037037037,228.96166666666667
2015-12-19,36.01,23.08,94.2,53.86,19.76,6.311111111111111,192.0,1.6,1.583336,0.2547312,23.27,25.57,25.57,24.0,25.778750000000002,87.30375,1.5909259259259259,86.68975
2015-12-20,31.02,22.45,95.8,62.48,7.483,6.280555555555555,151.0,10.74,1.786816,0.24925899999999998,22.05,22.83,22.83,24.0,22.137916666666666,94.89999999999999,1.4114930555555556,41.530833333333334
2015-12-21,22.93,20.54,95.9,92.1,3.583,5.3,193.0,29.72,1.949369,0.5921776999999999,19.87,20.56,20.56,24.0,22.820416666666663,94.50416666666666,1.1137268518518517,64.66829166666666
2015-12-22,25.41,20.54,96.3,86.9,5.5809999999999995,4.219444444444444,145.0,19.66,1.9519419999999998,0.4555315,23.13,23.76,23.76,24.0,26.397916666666664,89.18708333333332,1.3043055555555554,156.35666666666665
2015-12-23,32.51,22.84,97.0,69.77,13.49,5.6,77.0,0.229,1.793151,0.2492219,24.9,25.77,25.77,24.0,28.383750000000003,85.83916666666666,1.2159375,172.18275000000003
2015-12-24,35.2,24.35,96.3,61.47,14.86,7.280555555555556,189.0,5.436,1.748408,0.2512662,23.71,24.45,24.45,24.0,28.03625,86.35916666666667,1.2168518518518519,220.82899999999998
2015-12-25,38.02,24.04,96.4,55.12,19.06,9.55,3.0,25.81,1.923741,0.2492286,24.39,25.06,25.06,24.0,26.60166666666667,93.0125,1.0330324074074075,81.61366666666666
2015-12-26,30.06,24.64,96.2,77.46,7.043,3.9388888888888887,248.0,13.49,2.037859,0.29746459999999997,25.05,25.83,25.83,24.0,26.67125,92.17083333333333,1.0930555555555557,83.22154166666667
2015-12-27,31.74,24.43,96.1,74.84,7.182,4.138888888888889,62.0,5.944,2.101902,0.2662639,25.79,26.5,26.5,24.0,28.824583333333333,84.77458333333333,1.445474537037037,225.285875
2015-12-28,36.94,23.19,97.1,54.39,19.44,10.15,202.0,29.72,2.214222,0.29150139999999997,23.21,23.81,23.81,24.0,25.780833333333334,92.35541666666667,1.2562731481481482,128.63666666666668
2015-12-29,32.55,23.39,96.6,65.75,11.1,4.930555555555555,24.0,35.43,2.045415,0.3978445,24.48,25.13,25.13,24.0,27.597916666666666,90.01166666666666,1.1520833333333333,169.31520833333335
2015-12-30,33.52,24.88,96.3,67.4,14.61,6.011111111111111,82.0,5.258,1.936602,0.2860434,25.66,26.51,26.51,24.0,31.05916666666667,74.58666666666666,1.7382638888888888,270.802625
2015-12-31,38.8,25.54,95.9,46.72,23.38,7.911111111111111,28.0,1.6,1.760389,0.2857,24.09,32.03,28.03,24.0,31.199166666666667,65.84333333333333,2.1110185185185184,191.78379166666664
2016-01-01,38.71,26.01,90.1,44.58,16.54,8.65,28.0,0.229,1.504912,0.2818093,24.22,26.64,26.64,24.0,25.57166666666667,87.99541666666666,1.4832986111111113,62.600249999999996
2016-01-02,28.28,23.41,95.0,74.54,5.4030000000000005,5.469444444444445,143.0,5.029,1.818168,0.4640258,22.66,23.6,23.6,24.0,23.84,92.79166666666667,1.134861111111111,66.08075000000001
2016-01-03,26.78,22.34,94.9,83.0,5.703,4.669444444444444,207.0,8.69,1.41021,0.3918218,21.68,22.59,22.59,24.0,23.800833333333333,90.075,1.120763888888889,80.70245833333333
2016-01-04,26.97,22.4,95.6,71.42,6.965,6.461111111111111,92.0,4.801,1.471937,0.3848066,21.5,22.45,22.45,24.0,25.58458333333333,82.95125,1.5839930555555555,203.12395833333335
2016-01-05,32.14,22.14,95.3,55.48,17.53,7.930555555555555,74.0,1.8290000000000002,1.230858,0.33885509999999996,21.59,23.15,23.15,24.0,26.28,78.46333333333332,2.310208333333333,214.67945833333332
2016-01-06,33.26,22.18,94.9,49.84,18.53,11.38888888888889,38.0,0.686,1.346582,0.26367009999999996,21.72,23.77,23.77,24.0,26.96291666666667,78.00666666666667,1.9298032407407408,248.71133333333333
2016-01-07,34.25,22.51,94.4,53.11,21.47,6.230555555555555,56.0,0.914,1.41774,0.24294369999999998,23.09,25.27,25.27,24.0,28.150000000000002,77.15291666666667,1.591886574074074,220.21241666666666
2016-01-08,36.36,23.0,92.3,50.36,19.01,6.3999999999999995,122.0,0.0,1.767537,0.2519069,24.05,26.18,26.18,24.0,26.585833333333337,86.09416666666668,1.6218518518518519,68.77345833333334
2016-01-09,30.22,24.34,92.7,71.81,5.936,5.511111111111111,148.0,0.914,1.941723,0.24646259999999998,23.42,24.67,24.67,24.0,27.292916666666667,84.01041666666667,1.2631249999999998,129.8945
2016-01-10,33.22,23.27,95.1,57.98,11.21,9.21111111111111,0.0,18.75,1.983727,0.24458359999999998,22.63,23.47,23.47,24.0,24.987083333333334,94.34166666666665,1.1664467592592593,59.63970833333334
2016-01-11,27.78,23.49,95.5,85.8,5.147,4.788888888888889,42.0,34.06,2.006886,0.4696319,24.37,25.18,25.18,24.0,27.75125,89.34249999999999,1.1894560185185186,181.441
2016-01-12,36.01,25.08,95.7,64.49,15.66,5.938888888888888,158.0,8.69,2.150167,0.35254399999999997,24.5,25.51,25.51,24.0,26.67375,87.62124999999999,1.0966435185185184,84.22154166666667
2016-01-13,32.21,23.89,95.8,67.32,7.269,4.088888888888889,26.0,0.0,2.114295,0.2378004,23.96,25.0,25.0,24.0,28.807083333333335,79.37875,1.3647569444444443,309.7198333333333
2016-01-14,37.16,23.41,95.7,49.15,26.73,7.961111111111111,91.0,0.0,2.020142,0.2536584,23.95,25.47,25.47,24.0,27.902083333333334,74.79958333333333,1.7621296296296294,257.86075
2016-01-15,34.13,23.47,93.8,46.71,22.25,7.819444444444444,78.0,0.0,2.029536,0.2574148,21.24,23.64,23.64,24.0,27.777083333333334,73.30041666666666,1.4735185185185184,256.18475
2016-01-16,35.06,23.15,92.2,47.37,22.11,5.930555555555556,145.0,0.0,1.9379629999999999,0.2621956,22.19,25.06,25.06,24.0,26.938695652173916,77.35958333333333,1.6453935185185184,252.68095833333334
2016-01-17,33.88,22.05,92.4,45.25,21.8,6.15,152.0,2.972,1.689004,0.2684892,20.81,22.23,22.23,24.0,26.800416666666667,74.82000000000001,1.7035185185185184,332.35766666666666
2016-01-18,34.4,21.08,94.2,44.91,28.68,7.780555555555556,66.0,0.0,1.654949,0.2819076,20.5,22.82,22.82,24.0,26.898750000000003,72.07375,1.576388888888889,288.8306666666667
2016-01-19,35.18,21.07,94.0,35.88,24.92,6.449999999999999,78.0,0.0,1.546631,0.2405416,20.82,23.37,23.37,24.0,27.263333333333332,70.18541666666667,1.4308101851851853,320.7942083333333
2016-01-20,34.86,20.81,92.8,33.58,27.69,6.319444444444445,51.0,0.0,1.6659739999999998,0.2379626,20.94,23.07,23.07,24.0,27.085833333333337,69.69916666666667,1.4787847222222223,314.7203333333333
2016-01-21,34.74,20.52,93.6,36.27,27.16,6.9111111111111105,144.0,0.0,1.819448,0.23831349999999998,20.12,23.11,23.11,24.0,27.022916666666664,70.45083333333334,2.1556365740740744,270.53933333333333
2016-01-22,34.38,21.41,90.5,43.31,23.35,8.661111111111111,135.0,0.0,1.8425690000000001,0.2442635,20.75,23.23,23.23,24.0,25.479166666666668,74.56958333333334,1.7819328703703705,215.30216666666664
2016-01-23,32.38,21.32,94.1,45.68,18.58,7.469444444444444,174.0,2.057,2.024405,0.2469438,19.31,21.4,21.4,24.0,26.31375,71.86541666666666,1.5438078703703704,338.66854166666667
2016-01-24,35.33,18.56,94.4,34.83,29.23,5.8999999999999995,79.0,0.0,1.880922,0.2312632,20.18,22.93,22.93,24.0,26.59958333333333,72.47083333333333,1.8071296296296298,315.2874166666667
2016-01-25,34.2,20.1,94.0,43.16,27.21,8.661111111111111,79.0,0.0,1.8272680000000001,0.2297077,21.62,23.74,23.74,24.0,27.497083333333336,78.16791666666667,1.6327893518518517,299.4279583333333
2016-01-26,35.73,22.39,94.2,50.4,25.84,9.311111111111112,254.0,0.0,1.93056,0.23621289999999998,23.58,24.59,24.59,24.0,28.373333333333335,79.74916666666667,1.7057523148148148,264.3987916666667
2016-01-27,40.57,22.67,94.8,39.35,22.81,15.488888888888887,150.0,0.229,1.7593320000000001,0.22880009999999998,23.27,24.32,24.32,24.0,23.448333333333334,87.61208333333333,1.2884027777777778,38.58954166666667
2016-01-28,24.7,20.88,94.3,72.94,3.33,5.6,194.0,0.0,2.02065,0.24068409999999998,19.77,20.9,20.9,24.0,24.321250000000003,89.98333333333333,1.1330671296296295,89.51525
2016-01-29,28.04,20.82,95.2,75.45,7.726,4.111111111111112,192.0,0.0,1.900904,0.24234519999999998,24.6,25.46,25.46,24.0,28.699583333333333,82.795,1.4916203703703703,264.91474999999997
2016-01-30,35.21,25.22,95.5,58.36,22.86,7.280555555555556,79.0,0.0,1.67332,0.2757365,24.17,25.4,25.4,24.0,28.3475,82.24666666666667,1.5174305555555554,228.02533333333335
2016-01-31,35.77,24.82,94.8,57.83,19.68,7.111111111111112,196.0,0.0,1.4449619999999999,0.2682366,23.91,25.78,25.78,24.0,29.440416666666668,80.54,1.2560416666666667,217.2877083333333
2016-02-01,38.09,24.59,93.3,51.95,18.75,6.3694444444444445,132.0,0.0,1.5523120000000001,0.2564672,25.17,30.7,27.0,24.0,27.53333333333333,86.1675,1.9062962962962962,115.55079166666667
2016-02-02,33.67,23.59,96.0,62.31,9.97,5.538888888888889,104.0,0.0,2.025152,0.5618677,22.8,23.59,23.59,24.0,23.994583333333335,93.17083333333333,1.0908680555555554,55.856
2016-02-03,27.1,22.98,95.4,80.2,4.82,3.4305555555555554,229.0,0.0,1.498787,0.6279054,22.18,23.0,23.0,24.0,24.160416666666666,93.37916666666666,1.487986111111111,76.65983333333334
2016-02-04,27.52,22.72,95.3,85.1,6.616,4.788888888888889,139.0,0.0,1.377192,0.3346707,22.85,23.67,23.67,24.0,25.96166666666667,89.42958333333333,1.0669444444444445,135.02270833333333
2016-02-05,32.49,23.43,95.5,64.68,11.65,4.088888888888889,48.0,0.0,1.454929,0.2719308,23.85,24.93,24.93,24.0,26.973333333333333,86.60916666666667,1.362314814814815,159.83545833333332
2016-02-06,36.57,23.84,95.6,51.83,13.8,9.049999999999999,174.0,0.0,1.705079,0.28474309999999997,23.36,24.27,24.27,24.0,26.7675,85.85791666666667,1.651435185185185,152.37620833333332
2016-02-07,32.65,23.63,95.3,66.48,13.15,6.8,143.0,0.0,1.8551900000000001,0.2668377,23.28,25.89,25.89,24.0,25.559583333333332,88.74874999999999,1.3109143518518518,80.19604166666666
2016-02-08,29.77,23.83,94.1,75.19,6.92,5.061111111111111,73.0,0.0,1.981081,0.2498039,23.21,24.22,24.22,24.0,27.925,83.45833333333333,1.5305324074074074,210.2157083333333
2016-02-09,33.94,23.51,96.0,62.9,18.14,7.711111111111111,92.0,0.0,1.9924439999999999,0.2487588,25.3,31.58,27.36,24.0,30.360416666666666,79.59583333333333,1.2944212962962964,250.21429166666667
2016-02-10,38.8,25.27,95.3,51.99,21.6,8.288888888888888,159.0,0.0,2.001033,0.2424771,25.6,31.97,27.44,24.0,28.395833333333332,82.93666666666667,1.8592824074074075,103.92075
2016-02-11,33.84,25.25,93.2,63.37,8.97,8.088888888888889,150.0,0.0,2.165329,0.2511961,24.54,25.72,25.72,24.0,26.895833333333332,78.33,1.3579166666666669,155.56145833333332
2016-02-12,35.98,22.89,93.4,40.62,13.43,5.8805555555555555,141.0,0.0,2.057328,0.23723129999999998,22.22,24.0,24.0,24.0,26.3275,80.3,1.3469328703703702,126.94208333333334
2016-02-13,33.47,22.91,93.4,55.23,10.96,6.588888888888889,83.0,0.0,1.931019,0.2431717,21.22,24.28,24.28,24.0,27.375,74.46958333333333,1.6985532407407407,215.28775
2016-02-14,34.96,21.67,94.0,47.4,18.58,8.13888888888889,87.0,0.0,1.621319,0.2529237,22.64,26.04,26.04,24.0,28.060000000000002,80.465,1.0654282407407407,141.36070833333335
2016-02-15,36.69,24.03,92.9,49.09,12.2,5.180555555555555,245.0,0.0,1.5556,0.2588277,24.1,25.92,25.92,24.0,28.642916666666665,79.66458333333334,1.573310185185185,122.75195833333333
2016-02-16,35.98,25.78,91.9,55.21,10.59,8.511111111111111,148.0,0.0,1.722348,0.2881581,23.57,25.95,25.95,24.0,27.199583333333333,83.71625,1.431273148148148,91.27974999999999
2016-02-17,32.69,24.47,94.3,62.67,7.878,5.85,147.0,0.0,1.59857,0.2952951,23.81,24.76,24.76,24.0,28.712083333333336,80.6225,1.3620370370370372,232.170375
2016-02-18,36.85,23.25,95.2,52.59,20.04,6.019444444444445,5.0,0.0,1.510936,0.2366752,24.66,26.2,26.2,24.0,30.69333333333333,73.31375,1.8276851851851852,284.19149999999996
2016-02-19,41.41,24.48,93.2,36.36,24.53,9.5,167.0,0.0,1.538071,0.2548959,24.02,31.66,27.84,24.0,30.038749999999997,76.63708333333334,1.8103819444444442,226.79954166666667
2016-02-20,37.29,24.75,91.1,49.03,19.57,6.761111111111111,149.0,0.0,1.725686,0.46946099999999996,25.95,33.43,27.97,24.0,29.235,84.47125,1.7793055555555555,229.43908333333331
2016-02-21,39.03,24.52,95.5,49.3,19.8,8.369444444444444,53.0,0.0,1.987949,0.2820386,23.94,24.77,24.77,24.0,26.34583333333333,86.93583333333333,1.5933333333333335,113.90441666666668
2016-02-22,33.42,23.48,95.2,61.1,9.83,7.569444444444445,142.0,0.0,1.9263460000000001,0.23822079999999998,22.36,23.49,23.49,24.0,25.85375,87.02083333333333,1.1295717592592591,98.42729166666668
2016-02-23,32.59,23.3,94.9,58.4,8.49,6.2,146.0,0.0,2.074468,0.23895349999999999,23.13,24.0,24.0,24.0,25.794583333333335,91.61291666666666,0.8910416666666667,90.623875
2016-02-24,31.05,23.6,95.4,74.27,7.821,4.088888888888889,275.0,0.0,1.917571,0.2462077,23.56,24.38,24.38,24.0,28.11375,84.675,1.338611111111111,162.57458333333332
2016-02-25,35.06,24.17,95.7,59.9,14.03,5.019444444444445,51.0,0.0,1.8390469999999999,0.264972,24.12,25.97,25.97,24.0,29.395,76.81541666666666,1.391724537037037,220.06925
2016-02-26,39.41,24.0,96.1,42.24,18.99,6.730555555555555,271.0,0.0,2.246552,0.26738819999999996,23.29,24.02,24.02,24.0,29.174166666666665,82.69166666666666,1.260185185185185,240.182625
2016-02-27,36.94,23.93,96.4,52.8,20.73,6.138888888888889,76.0,0.0,1.833597,0.29308,26.04,31.95,27.3,24.0,30.120833333333334,75.90666666666667,1.7754166666666666,186.54566666666668
2016-02-28,38.16,24.92,95.3,43.98,16.1,7.919444444444444,30.0,0.0,1.721304,0.28356549999999997,24.74,25.7,25.7,24.0,24.500416666666666,95.00416666666666,1.2275,37.320875
2016-02-29,25.84,22.76,96.0,93.9,3.221,5.011111111111111,163.0,0.0,1.71887,0.2839029,21.98,22.79,22.79,24.0,25.10666666666667,78.39708333333333,1.5118171296296297,249.04895833333333
2016-03-01,31.86,20.59,95.9,47.83,21.49,6.769444444444445,162.0,0.0,1.5755810000000001,0.5370344,19.46,20.78,20.78,24.0,25.314166666666665,74.05708333333334,1.4131481481481483,285.655625
2016-03-02,32.95,18.53,95.1,44.69,24.65,6.661111111111111,56.0,0.0,1.407602,0.5310414,20.09,22.59,22.59,24.0,23.928749999999997,87.02125000000001,1.0557060185185185,73.70108333333333
2016-03-03,29.25,21.41,95.1,65.96,6.361,6.188888888888889,88.0,0.0,1.592951,0.4772836,21.9,22.73,22.73,24.0,23.214166666666667,92.63208333333334,1.2133333333333334,74.92654166666667
2016-03-04,27.0,21.27,95.6,76.73,6.467,6.65,209.0,0.0,1.7282959999999998,0.4666008,21.46,22.35,22.35,24.0,25.715416666666666,82.14125,1.1508680555555555,179.95974999999999
2016-03-05,32.46,21.82,95.4,53.11,15.53,5.211111111111111,144.0,0.0,1.792962,0.3724473,22.15,23.12,23.12,24.0,25.4725,81.36749999999999,1.3878587962962963,224.43129166666665
2016-03-06,31.68,20.62,95.0,53.61,19.37,5.480555555555555,47.0,0.0,1.797601,0.28765419999999997,22.38,23.32,23.32,24.0,26.39125,84.51416666666667,1.1902083333333333,177.74454166666666
2016-03-07,33.79,22.43,95.4,56.28,15.34,4.819444444444445,104.0,0.229,2.033692,0.28663459999999996,22.92,23.93,23.93,24.0,27.254583333333333,81.14625,1.5899074074074073,208.2565
2016-03-08,36.63,23.03,95.5,46.67,17.97,8.38888888888889,157.0,0.0,2.278023,0.2685529,23.13,24.33,24.33,24.0,27.135833333333334,83.85083333333334,1.3483333333333334,176.6627083333333
2016-03-09,34.6,23.32,94.6,55.4,15.25,5.138888888888888,135.0,0.0,2.205653,0.2622306,24.61,25.95,25.95,24.0,28.241666666666664,82.7,1.2182175925925927,156.99754166666665
2016-03-10,34.97,24.54,95.2,55.47,13.55,5.6,135.0,0.0,2.320972,0.2595077,25.38,26.39,26.39,24.0,26.54041666666667,88.28583333333334,1.3788194444444446,158.77154166666665
2016-03-11,34.66,22.95,95.3,59.33,13.7,5.938888888888888,281.0,0.0,2.336275,0.2697597,23.38,24.3,24.3,24.0,26.621666666666666,83.97625000000001,1.6999189814814815,184.86058333333335
2016-03-12,35.64,22.63,95.4,46.84,15.95,7.3388888888888895,41.0,0.0,2.4967449999999998,0.2857135,21.71,22.63,22.63,24.0,25.44666666666667,73.94708333333334,1.8455092592592592,275.6453333333333
2016-03-13,33.97,18.7,95.7,37.11,23.79,6.969444444444444,137.0,0.0,2.181752,0.2638047,18.98,23.97,23.97,24.0,25.284583333333334,64.57125,1.9697800925925926,210.97845833333335
2016-03-14,31.65,21.17,82.6,43.88,18.21,6.8,197.0,0.0,1.935398,0.2622344,18.07,21.17,21.17,24.0,24.66625,77.53375,1.7489699074074074,159.12466666666668
2016-03-15,33.84,19.31,92.3,49.51,13.73,7.280555555555556,143.0,0.0,1.8084259999999999,0.2621711,21.89,23.31,23.31,24.0,25.859583333333333,81.00791666666667,1.2725810185185185,118.13745833333333
2016-03-16,34.29,22.57,93.4,51.23,10.19,4.75,140.0,0.0,1.552718,0.2580466,22.92,24.51,24.51,24.0,27.355,81.13708333333334,1.2733680555555555,207.23112500000002
2016-03-17,35.71,22.87,94.9,49.98,17.89,6.288888888888889,148.0,0.0,1.552832,0.2762274,22.97,23.93,23.93,24.0,27.290000000000003,81.71625,1.3643981481481482,196.79416666666665
2016-03-18,34.08,23.93,93.1,55.94,3.877,6.269444444444444,135.0,0.0,1.665185,0.2917509,22.82,23.99,23.99,24.0,27.97,79.52291666666666,1.4558333333333333,225.31983333333335
2016-03-19,35.57,22.96,95.9,53.07,19.45,6.461111111111111,79.0,0.0,1.666585,0.2545891,23.95,26.32,26.32,24.0,27.831666666666667,82.52,1.489861111111111,170.781375
2016-03-20,38.11,24.17,94.7,46.55,14.74,10.25,161.0,0.0,1.704734,0.3234723,23.67,24.65,24.65,24.0,26.440416666666668,84.13166666666667,1.2202546296296297,95.71970833333334
2016-03-21,31.52,23.36,94.7,64.37,8.26,4.269444444444444,133.0,0.0,1.892119,0.3741235,23.72,24.92,24.92,24.0,26.339583333333334,85.23541666666667,1.0580324074074074,135.13458333333332
2016-03-22,35.96,21.73,95.3,51.14,11.66,9.361111111111112,197.0,0.0,2.186012,0.26344239999999997,20.89,21.81,21.81,24.0,25.122500000000002,82.66833333333334,1.2526041666666667,117.465625
2016-03-23,34.47,21.01,95.6,45.18,10.14,6.861111111111111,2.0,0.0,1.996676,0.2506529,22.1,25.15,25.15,24.0,25.44125,82.60375,1.337210648148148,66.029625
2016-03-24,30.96,23.03,91.7,61.53,5.698,4.438888888888889,83.0,0.0,2.073629,0.2475436,21.56,23.03,23.03,24.0,24.207916666666666,87.36833333333334,1.0378125,68.98995833333333
2016-03-25,28.47,22.04,94.6,67.77,5.955,4.638888888888888,142.0,0.0,1.937886,0.2481717,21.43,22.38,22.38,24.0,22.995,94.60416666666667,1.1767708333333333,39.02670833333333
2016-03-26,26.14,21.1,95.9,91.2,3.368,8.019444444444444,167.0,0.0,2.021015,0.4450212,20.65,21.33,21.33,24.0,26.75916666666667,83.41583333333334,1.2851157407407408,252.05733333333333
2016-03-27,35.29,21.32,96.1,57.17,21.75,5.280555555555556,81.0,0.0,1.9265219999999998,0.2629536,19.59,25.09,25.09,24.0,27.350416666666664,65.99208333333333,1.8314583333333332,259.5175
2016-03-28,36.24,21.37,92.3,36.66,22.4,6.111111111111111,265.0,0.0,1.803626,0.2512507,20.07,21.45,21.45,24.0,26.14916666666667,70.69500000000001,1.3040046296296295,254.11145833333333
2016-03-29,36.86,18.47,94.3,34.16,21.93,5.6,73.0,0.914,1.595626,0.2550127,20.94,22.52,22.52,24.0,26.8775,74.43124999999999,1.4211574074074074,228.49254166666665
2016-03-30,37.3,20.43,95.1,39.47,19.72,6.380555555555555,136.0,0.0,1.62813,0.2478058,21.82,24.28,24.28,24.0,26.444166666666664,82.14291666666666,1.3311921296296296,132.469625
2016-03-31,34.89,22.58,94.5,49.45,11.43,5.280555555555556,126.0,0.0,1.6050559999999998,0.2684223,23.49,24.59,24.59,24.0,26.660416666666666,85.04541666666667,1.3983796296296296,98.97058333333332
2016-04-01,35.13,22.53,95.1,58.26,8.54,8.7,20.0,0.229,1.64484,0.4045935,21.34,22.54,22.54,24.0,26.420833333333334,81.20458333333333,1.1971296296296297,180.81483333333333
2016-04-02,35.48,20.5,95.8,50.84,15.6,5.230555555555555,150.0,0.229,1.494811,0.2582313,23.33,24.29,24.29,24.0,28.30541666666667,79.05,1.3700115740740741,201.21866666666665
2016-04-03,36.54,23.6,95.5,49.72,17.37,5.611111111111111,92.0,1.143,1.546183,0.24840879999999999,24.32,26.57,26.57,24.0,29.894166666666667,77.68166666666666,1.5426157407407406,223.37800000000001
2016-04-04,39.56,23.62,95.5,46.16,19.28,8.78888888888889,131.0,0.229,1.721603,0.24011339999999998,23.69,25.27,25.27,24.0,25.637083333333333,87.50458333333334,1.0273263888888888,39.49283333333333
2016-04-05,28.05,23.86,93.2,75.6,0.799,2.65,134.0,0.0,1.727147,0.2549416,23.04,24.28,24.28,24.0,27.643333333333334,81.12666666666667,1.1823958333333333,154.8945
2016-04-06,36.89,23.01,95.2,50.81,13.37,5.080555555555555,143.0,0.0,2.035455,0.24109309999999998,23.81,26.49,26.49,24.0,28.795,77.23416666666667,1.3252777777777778,202.16662499999998
2016-04-07,37.37,23.81,95.2,48.85,17.45,6.838888888888889,92.0,0.0,2.176428,0.24402469999999998,23.14,24.35,24.35,24.0,28.985416666666666,75.73041666666667,1.3801041666666667,223.16729166666667
2016-04-08,39.38,22.5,95.4,42.35,19.26,7.988888888888889,149.0,0.0,2.343067,0.24674469999999998,24.02,26.49,26.49,24.0,28.766666666666666,80.37083333333334,1.3810185185185186,127.05916666666667
2016-04-09,36.28,25.79,92.7,53.18,10.97,4.8,86.0,0.0,2.421065,0.25220349999999997,25.32,30.11,26.72,24.0,29.10375,82.05541666666666,1.4326157407407407,194.03354166666668
2016-04-10,38.2,23.83,95.0,52.94,16.75,5.199999999999999,142.0,0.0,2.200494,0.2466815,26.67,33.02,27.53,24.0,27.454583333333332,90.97583333333334,1.527476851851852,74.52016666666667
2016-04-11,31.78,24.63,95.5,76.45,6.431,6.338888888888889,143.0,0.0,2.163048,0.24641629999999998,23.78,24.63,24.63,24.0,25.188333333333333,91.58749999999999,0.9936689814814814,60.461958333333335
2016-04-12,28.78,23.09,95.6,78.73,5.218,4.261111111111111,165.0,0.0,1.9446409999999998,0.3302656,23.44,24.47,24.47,24.0,26.662916666666664,87.00999999999999,1.2078587962962963,106.94220833333333
2016-04-13,34.2,23.89,95.9,60.44,9.23,4.819444444444445,131.0,0.0,1.705762,0.2755295,24.82,25.53,25.53,24.0,27.2675,88.22291666666666,1.3677546296296297,147.15766666666667
2016-04-14,34.41,23.97,96.8,62.83,12.7,7.519444444444444,121.0,0.229,2.48847,0.42373859999999997,24.51,25.87,25.87,24.0,27.124166666666667,87.05833333333334,0.9569791666666667,98.98079166666666
2016-04-15,34.09,23.74,95.1,64.8,8.54,5.519444444444445,273.0,0.0,1.383878,0.3353192,24.43,25.4,25.4,24.0,28.217083333333335,83.03,1.1056712962962962,165.59258333333332
2016-04-16,35.45,24.06,95.5,52.92,14.29,4.988888888888889,108.0,0.0,1.461343,0.3288676,25.36,31.2,27.17,24.0,29.77916666666667,81.95375,1.1815856481481481,180.71254166666665
2016-04-17,37.07,25.69,94.7,53.69,15.6,4.988888888888889,65.0,0.229,1.460512,0.30787529999999996,26.07,33.06,27.76,24.0,29.8425,81.50750000000001,1.2402893518518519,183.57066666666665
2016-04-18,36.84,26.42,94.3,55.94,15.84,5.819444444444444,136.0,0.0,1.580753,0.3129646,25.06,31.16,27.24,24.0,30.04041666666667,78.98958333333333,1.172974537037037,199.19070833333333
2016-04-19,38.63,24.54,95.4,45.42,17.19,4.530555555555555,98.0,0.0,1.702448,0.2982285,24.89,25.92,25.92,24.0,29.211250000000003,80.7925,1.2484374999999999,195.10666666666668
2016-04-20,37.96,23.96,95.6,49.52,16.84,5.611111111111111,96.0,0.0,1.9298769999999998,0.2920982,25.21,26.44,26.44,24.0,29.405833333333334,78.53583333333334,1.1432407407407406,198.775125
2016-04-21,39.55,23.95,95.7,38.25,17.16,5.419444444444445,74.0,0.229,1.8426429999999998,0.2823497,24.14,25.42,25.42,24.0,29.205833333333334,78.93791666666667,1.1029050925925925,193.824625
2016-04-22,38.63,22.92,95.0,44.97,16.73,4.719444444444444,53.0,0.0,1.994593,0.2800236,25.12,30.46,26.91,24.0,26.709999999999997,82.91083333333333,1.520023148148148,43.02279166666667
2016-04-23,31.54,24.36,92.7,61.97,3.714,5.6194444444444445,172.0,0.0,1.9271159999999998,0.28078919999999996,23.1,24.46,24.46,24.0,28.47375,81.21124999999999,1.1990162037037038,179.63129166666667
2016-04-24,36.98,23.86,94.1,51.18,15.5,5.1,144.0,0.0,1.963327,0.2752733,25.46,30.95,27.04,24.0,30.050416666666667,79.98375,1.0529282407407408,179.608625
2016-04-25,39.06,24.67,94.6,47.98,15.5,3.911111111111111,73.0,0.0,1.846616,0.2654009,25.11,26.18,26.18,24.0,27.64,75.48666666666666,1.629236111111111,101.17037499999999
2016-04-26,40.15,22.75,95.4,34.1,8.73,9.411111111111111,240.0,4.42,1.901698,0.2702759,18.71,25.76,25.76,24.0,23.789166666666663,82.27458333333333,1.6748263888888888,43.50608333333333
2016-04-27,30.7,17.82,94.7,56.31,3.755,6.930555555555555,54.0,11.66,2.2585509999999998,0.296066,16.93,17.82,17.82,24.0,17.3725,69.42999999999999,2.539884259259259,210.95241666666666
2016-04-28,24.64,11.96,95.0,37.04,18.21,8.988888888888889,261.0,0.0,2.070663,0.6765540999999999,7.064,11.96,11.96,24.0,15.82,57.632083333333334,2.3762962962962964,194.08079166666667
2016-04-29,25.1,10.89,87.9,32.4,16.75,9.988888888888889,272.0,0.0,2.004938,0.8796071,9.0,11.22,11.22,24.0,15.95125,76.53833333333334,1.067962962962963,119.30008333333332
2016-04-30,24.41,10.03,92.6,44.23,10.3,3.511111111111111,140.0,1.194,1.851204,0.9145374,12.81,14.05,14.05,24.0,17.0775,68.95958333333333,1.7105671296296296,197.75025000000002
2016-05-01,25.66,12.0,94.6,34.93,17.07,8.369444444444444,210.0,0.457,1.867584,0.4844967,7.457,12.22,12.22,24.0,16.6675,68.61375,0.9978703703703703,201.78883333333332
2016-05-02,28.68,8.21,93.7,31.54,17.41,4.338888888888889,89.0,0.686,2.055696,0.7241464,11.18,12.28,12.28,24.0,18.582083333333333,77.68875,1.0382407407407408,193.65275
2016-05-03,30.25,10.63,95.6,36.17,16.71,4.411111111111111,92.0,0.686,1.885917,0.3127894,14.96,15.95,15.95,24.0,19.4475,83.76,0.9538078703703703,80.003625
2016-05-04,25.76,14.36,95.2,61.33,6.905,3.5805555555555557,216.0,2.743,1.921614,0.2846317,18.03,19.69,19.69,24.0,22.701666666666668,77.18416666666667,1.0938078703703704,175.91108333333332
2016-05-05,31.79,16.99,94.7,43.81,15.18,5.8694444444444445,76.0,0.229,2.307625,0.4076729,18.38,20.97,20.97,24.0,23.143333333333334,78.68333333333334,1.4788310185185185,120.51220833333333
2016-05-06,30.41,19.08,90.4,55.42,10.4,6.080555555555556,125.0,0.457,2.303497,0.31204329999999997,18.14,21.02,21.02,24.0,20.116666666666667,89.72083333333335,1.0863773148148148,23.855958333333334
2016-05-07,22.06,19.06,94.9,79.31,2.059,3.3888888888888884,279.0,1.143,2.248733,0.3020254,18.32,19.19,19.19,24.0,22.309583333333332,84.5,0.9937037037037038,101.60004166666666
2016-05-08,29.46,19.18,95.1,54.97,8.77,4.1,137.0,0.686,2.37351,0.3137488,19.53,20.76,20.76,24.0,22.8275,83.735,0.9634259259259258,90.33858333333335
2016-05-09,30.33,20.03,93.9,50.96,7.797,3.838888888888889,87.0,0.457,2.277202,0.2805898,19.3,20.36,20.36,24.0,22.37375,87.7425,0.7342939814814815,64.18858333333334
2016-05-10,27.86,19.66,94.7,67.08,5.54,3.311111111111111,33.0,0.0,2.138138,0.2768535,20.51,21.43,21.43,24.0,23.178749999999997,86.8725,0.8770254629629629,94.47095833333333
2016-05-11,30.34,19.86,95.3,57.12,8.15,3.0694444444444446,29.0,0.0,1.8968,0.2807124,20.33,21.39,21.39,24.0,22.1775,84.22166666666666,0.9395370370370371,71.63958333333333
2016-05-12,28.08,19.46,95.2,62.39,6.183,4.819444444444445,154.0,0.0,1.944145,0.2838842,18.22,19.7,19.7,24.0,20.812916666666666,83.15708333333333,0.9978819444444444,39.1315
2016-05-13,24.7,19.2,92.9,63.18,3.377,5.830555555555555,150.0,0.0,1.904289,0.5053679,17.23,19.26,19.26,24.0,19.324583333333333,87.40875,0.867974537037037,26.97066666666667
2016-05-14,21.13,18.02,92.1,76.48,2.328,3.15,275.0,0.0,1.81031,0.5618498,17.34,18.78,18.78,24.0,20.24083333333333,87.09375,0.8141435185185185,61.43449999999999
2016-05-15,25.63,18.26,93.9,66.53,5.302,3.65,164.0,0.0,1.5271469999999998,0.4508834,18.42,19.49,19.49,24.0,22.706666666666667,82.49541666666667,1.2508564814814813,158.95883333333333
2016-05-16,31.35,17.22,95.4,46.27,13.72,6.919444444444444,54.0,0.0,1.543253,0.4006943,20.16,21.04,21.04,24.0,22.975416666666664,79.63208333333334,1.6510069444444444,132.3855
2016-05-17,31.45,17.24,95.4,45.31,11.43,7.46111111111111,200.0,0.229,1.624905,0.4078561,13.53,17.52,17.52,24.0,18.528333333333332,66.66041666666666,1.3454398148148148,171.97391666666667
2016-05-18,27.92,12.73,91.4,34.58,14.84,5.1,210.0,0.0,2.188841,0.6093052999999999,11.63,13.03,13.03,24.0,17.215,78.41291666666667,1.236701388888889,108.43254166666667
2016-05-19,26.32,12.04,93.9,48.35,9.36,5.080555555555555,146.0,0.0,2.257875,0.6271799,13.26,16.56,16.56,24.0,17.974999999999998,74.97958333333334,1.093287037037037,66.25520833333333
2016-05-20,23.43,15.64,86.6,53.99,5.718,4.51111111111111,78.0,0.0,2.301641,0.3868159,14.05,16.32,16.32,24.0,17.136666666666667,88.57458333333334,1.0780439814814815,27.50916666666667
2016-05-21,20.4,16.01,95.1,73.44,2.374,4.330555555555556,293.0,0.0,2.071603,0.2814156,16.0,16.79,16.79,24.0,20.974999999999998,84.79416666666667,1.452222222222222,144.31858333333335
2016-05-22,31.75,16.69,95.9,53.49,12.45,6.538888888888889,269.0,0.0,2.01755,0.344134,17.45,18.62,18.62,24.0,18.43375,94.40416666666665,0.8594675925925926,15.960291666666668
2016-05-23,20.11,16.33,95.9,91.3,1.3780000000000001,3.838888888888889,9.0,0.0,2.184327,0.5030515,16.9,17.57,17.57,24.0,17.845833333333335,72.55833333333334,1.5793287037037036,157.155
2016-05-24,24.33,12.99,90.2,36.48,1.626,4.988888888888889,266.0,,2.1929819999999998,0.6266991,11.47,13.05,13.05,24.0,17.462083333333336,75.63291666666667,1.0551041666666665,122.71225
2016-05-25,27.55,10.83,94.1,39.91,10.59,5.211111111111111,141.0,2.972,2.17451,0.4051569,15.52,16.54,16.54,24.0,18.728333333333335,87.71291666666667,0.8194328703703704,70.48
2016-05-26,23.99,16.36,94.0,66.47,6.082,2.7805555555555554,112.0,1.8290000000000002,2.010801,0.31587709999999997,17.04,18.15,18.15,24.0,20.868750000000002,82.78083333333333,0.8458564814814814,126.92116666666668
2016-05-27,28.58,17.58,93.7,52.98,10.95,3.4611111111111112,151.0,0.229,1.8898679999999999,0.3074171,18.32,19.46,19.46,24.0,18.465,93.21249999999999,0.7364699074074074,23.429541666666665
2016-05-28,20.08,17.06,94.8,86.9,2.022,4.311111111111111,145.0,21.72,1.9815049999999998,0.49579819999999997,16.26,17.2,17.2,24.0,18.3725,93.12083333333334,0.6541782407407407,25.413916666666665
2016-05-29,20.44,16.98,94.6,88.5,2.193,2.03,291.0,3.886,1.7443339999999998,0.553388,18.24,19.22,19.22,24.0,19.809583333333332,93.50833333333333,0.5653703703703704,28.62545833333333
2016-05-30,21.89,18.9,95.2,89.0,2.471,1.92,125.0,5.486,1.672204,0.42746209999999996,18.13,18.96,18.96,24.0,20.172916666666666,90.04583333333333,0.8574999999999999,76.88520833333332
2016-05-31,26.25,17.17,96.0,63.64,6.635,3.1305555555555555,22.0,0.0,1.674088,0.30201669999999997,18.47,19.25,19.25,24.0,20.916666666666668,87.67333333333333,0.8901041666666667,78.32375
2016-06-01,27.6,18.14,95.7,61.44,6.759,4.588888888888889,136.0,0.914,1.8077100000000002,0.2922702,17.97,18.96,18.96,24.0,19.028333333333332,91.50875,0.7266435185185185,20.663375
2016-06-02,21.54,17.86,95.3,79.21,1.784,3.4,262.0,11.48,1.987688,0.2779723,17.27,18.05,18.05,24.0,18.601666666666667,86.28833333333334,1.133009259259259,88.27483333333333
2016-06-03,25.13,14.71,98.8,65.12,7.617,5.230555555555555,131.0,0.229,2.308747,0.3415341,13.53,14.71,14.71,24.0,16.452916666666667,85.10166666666667,0.7708101851851851,95.65191666666668
2016-06-04,24.82,12.1,95.2,51.54,8.26,3.480555555555555,207.0,0.0,2.352571,0.43258769999999996,12.31,13.39,13.39,24.0,16.827083333333334,84.87333333333333,0.8430555555555556,51.4505
2016-06-05,20.36,13.37,94.4,66.53,4.44,2.711111111111111,158.0,0.0,2.452885,0.48600319999999997,15.17,16.49,16.49,24.0,16.832916666666666,90.125,1.0987037037037037,17.047708333333333
2016-06-06,19.15,15.08,94.1,79.56,1.471,4.519444444444444,153.0,0.914,2.334024,0.3173842,14.15,15.1,15.1,24.0,14.8725,93.32916666666667,0.9923032407407407,16.463583333333336
2016-06-07,15.59,14.45,94.3,91.7,1.421,3.8305555555555553,121.0,5.029,2.410992,0.3518599,13.51,14.56,14.56,24.0,16.155,79.99249999999999,1.0149652777777778,134.70495833333334
2016-06-08,24.43,10.89,94.8,39.08,11.63,4.3805555555555555,196.0,0.0,2.328377,0.3516833,9.83,10.89,10.89,24.0,14.340166666666667,74.25375,1.1252777777777778,139.77279166666668
2016-06-09,25.77,7.44,95.3,30.53,12.06,6.2,279.0,0.0,2.210312,0.28017719999999996,7.956,9.5,9.5,24.0,12.689375,65.9875,1.2052430555555556,139.69829166666668
2016-06-10,22.94,5.542,92.6,24.49,12.06,5.838888888888889,268.0,0.0,2.398416,0.703329,7.503,8.79,6.857,24.0,12.362166666666667,74.89708333333333,0.8527083333333333,126.75016666666666
2016-06-11,23.29,5.138,94.0,34.98,10.94,4.530555555555555,199.0,0.0,2.052182,0.7257395999999999,8.86,10.01,10.01,24.0,11.872916666666667,68.42833333333333,1.3169328703703702,143.187375
2016-06-12,21.77,5.502,93.6,26.68,12.36,6.669444444444444,220.0,0.0,2.081541,0.8844166,5.39,7.076,7.076,24.0,11.762583333333334,68.09666666666666,1.108449074074074,138.939375
2016-06-13,24.52,3.512,93.5,23.23,11.99,6.2,197.0,0.0,1.956143,1.001985,6.068,8.51,5.608,24.0,12.12825,74.03833333333334,1.0621064814814816,136.14575
2016-06-14,23.36,5.007,93.6,37.47,11.75,4.8,91.0,0.0,1.8492069999999998,0.9206892,9.27,12.48,12.48,24.0,16.15875,73.485,1.0430787037037037,120.25450000000001
2016-06-15,26.2,11.17,93.4,40.73,10.38,6.330555555555555,64.0,0.0,1.6242130000000001,0.5474583,10.08,11.19,11.19,24.0,15.735833333333334,82.11041666666667,0.8324305555555555,122.09212500000001
2016-06-16,26.33,9.36,95.4,47.33,10.54,3.7694444444444444,102.0,0.0,1.598284,0.36692389999999997,13.86,15.01,15.01,24.0,18.112083333333334,83.61,0.971412037037037,106.27020833333334
2016-06-17,26.83,14.21,94.0,52.05,9.17,3.911111111111111,82.0,0.0,1.736787,0.2654757,15.87,17.05,17.05,24.0,18.039583333333333,90.26166666666667,1.277962962962963,48.106458333333336
2016-06-18,23.79,15.65,93.9,73.53,4.152,5.388888888888888,142.0,4.115,1.8959579999999998,0.2664509,14.7,15.68,15.68,24.0,14.344583333333333,91.60416666666667,1.041099537037037,19.32225
2016-06-19,15.71,13.59,95.0,84.2,1.6680000000000001,4.8694444444444445,74.0,9.14,2.149403,0.3764818,12.36,13.7,13.7,24.0,14.31875,89.69166666666666,0.7963194444444444,34.30020833333334
2016-06-20,17.0,13.12,94.1,74.96,2.96,3.8,144.0,2.286,2.019772,0.2941222,13.12,14.18,14.18,24.0,14.429583333333333,87.39125,0.956851851851852,30.954375000000002
2016-06-21,17.21,13.07,94.2,68.04,2.672,3.8499999999999996,116.0,0.686,2.075307,0.2780377,11.68,13.27,13.27,24.0,13.429166666666667,92.05833333333334,1.0277546296296296,28.617875
2016-06-22,15.24,11.65,94.7,88.4,2.47,3.561111111111111,288.0,11.2,2.137071,0.3592254,13.38,14.27,14.27,24.0,15.67125,93.72916666666667,0.724849537037037,24.927666666666667
2016-06-23,17.75,14.24,95.3,90.4,2.151,2.711111111111111,76.0,16.23,1.9372639999999999,0.3151909,15.05,15.97,15.97,24.0,17.7275,85.26041666666667,1.1052777777777778,119.79962499999999
2016-06-24,26.34,14.34,96.0,52.84,10.34,5.71111111111111,121.0,0.0,1.96264,0.2858995,13.95,16.08,16.08,24.0,17.207916666666666,82.71291666666666,0.8476736111111111,67.27783333333333
2016-06-25,22.71,14.87,92.7,53.97,5.807,3.611111111111111,128.0,0.0,1.986181,0.2803093,14.18,15.54,15.54,24.0,17.3,84.42541666666666,1.0338078703703704,113.16987499999999
2016-06-26,25.69,13.37,95.3,56.16,9.77,4.6194444444444445,116.0,0.0,1.812762,0.2794508,13.92,14.85,14.85,24.0,17.64375,86.06583333333333,0.7128819444444444,60.04929166666667
2016-06-27,24.92,14.53,95.2,59.42,5.182,2.2694444444444444,267.0,0.0,1.6949480000000001,0.2721241,14.14,14.93,14.93,24.0,18.829583333333336,83.77708333333334,0.9254976851851852,138.67125
2016-06-28,27.11,14.15,95.2,49.06,11.97,4.569444444444444,45.0,0.0,1.679687,0.2777399,13.4,14.27,14.27,24.0,16.294583333333332,90.61625,0.8841319444444444,73.93720833333334
2016-06-29,22.26,13.96,95.6,71.22,6.381,4.3999999999999995,133.0,0.0,1.6469429999999998,0.271605,15.64,16.65,16.65,24.0,17.327916666666667,88.22375,1.1018518518518519,85.53491666666666
2016-06-30,23.19,15.08,94.5,65.51,7.382,3.8694444444444445,87.0,0.229,1.644677,0.25998319999999997,15.0,15.94,15.94,24.0,16.973333333333333,89.42583333333333,0.7835995370370371,32.92275
2016-07-01,19.76,15.46,94.2,75.7,2.841,2.761111111111111,159.0,0.229,1.682375,0.2594635,15.16,16.83,16.83,24.0,17.31083333333333,88.24166666666667,0.892962962962963,22.449250000000003
2016-07-02,18.71,16.3,92.5,81.8,1.937,3.1999999999999997,43.0,0.0,1.738785,0.2705161,14.91,16.58,16.58,24.0,17.508333333333333,86.97166666666668,0.9051851851851852,57.345375
2016-07-03,22.55,15.94,92.6,68.0,4.949,2.569444444444444,21.0,0.0,1.839728,0.26133809999999996,15.53,16.75,16.75,24.0,17.3975,90.72916666666667,0.9047685185185185,35.93204166666667
2016-07-04,20.34,15.82,94.8,78.52,3.101,2.8305555555555553,13.0,0.0,2.077394,0.2640643,15.83,16.89,16.89,24.0,17.784166666666668,89.72083333333335,0.7728703703703704,33.001916666666666
2016-07-05,19.88,16.36,94.0,80.3,2.849,2.2888888888888888,51.0,0.0,2.038158,0.26745979999999997,16.27,17.59,17.59,24.0,18.40625,89.94541666666667,0.8980208333333333,76.09745833333334
2016-07-06,24.11,16.45,95.0,70.5,6.568,3.4499999999999997,83.0,0.0,1.992184,0.2594361,16.88,17.73,17.73,24.0,20.120833333333334,73.07625,2.091944444444444,53.6955
2016-07-07,25.09,16.96,95.7,39.42,4.634,12.819444444444443,299.0,0.229,1.9882849999999999,0.2563398,7.769,18.29,18.29,24.0,17.099166666666665,63.071666666666665,1.3512731481481481,136.20833333333334
2016-07-08,26.08,9.73,92.7,31.56,11.76,7.180555555555555,285.0,0.0,2.313219,0.2863349,10.61,11.81,11.81,24.0,15.144166666666665,77.77166666666666,1.0171875000000001,119.96083333333333
2016-07-09,24.13,8.66,94.3,42.32,10.35,4.730555555555556,94.0,0.0,2.068806,0.2859834,12.08,13.21,13.21,24.0,16.481666666666666,82.96583333333334,1.1349537037037036,128.33633333333333
2016-07-10,23.98,11.69,94.6,54.08,11.08,6.180555555555555,83.0,0.0,1.816903,0.2712862,15.08,16.78,16.78,24.0,19.23,81.32375,0.9656712962962963,132.77124999999998
2016-07-11,28.69,14.23,94.6,49.66,11.46,4.1194444444444445,59.0,0.0,1.6549809999999998,0.26119329999999996,16.11,17.25,17.25,24.0,19.390416666666667,84.02666666666667,1.2401157407407408,115.05833333333334
2016-07-12,26.28,17.26,92.9,61.7,9.93,6.488888888888889,126.0,0.0,1.556273,0.2674931,16.34,18.59,18.59,24.0,21.727500000000003,78.18708333333333,1.2945833333333334,117.39708333333334
2016-07-13,32.62,16.08,94.2,46.72,10.13,8.511111111111111,156.0,0.0,1.532206,0.3500006,17.41,19.68,19.68,24.0,18.671666666666667,90.25416666666666,1.0890972222222222,31.488166666666668
2016-07-14,20.93,17.19,95.0,80.9,2.718,6.380555555555555,140.0,9.14,1.5270380000000001,0.3977483,17.24,18.06,18.06,24.0,19.057083333333335,93.30416666666667,0.9542129629629629,35.50775
2016-07-15,21.69,17.41,95.7,84.4,3.064,6.6305555555555555,194.0,4.115,1.519331,0.5676746,18.16,19.11,19.11,24.0,20.99,87.47500000000001,1.12625,63.15179166666667
2016-07-16,25.7,18.22,95.4,72.02,5.45,4.988888888888889,146.0,4.801,1.7103009999999998,0.3007069,17.23,18.23,18.23,24.0,17.915416666666665,81.82958333333333,1.7436226851851853,71.9515
2016-07-17,22.78,14.02,95.8,52.46,6.21,6.788888888888889,239.0,59.92,1.882583,0.6293968999999999,6.04,14.76,14.76,24.0,14.143333333333333,57.665416666666665,1.9343287037037038,155.09741666666665
2016-07-18,21.0,8.01,87.6,32.16,13.39,8.338888888888889,262.0,0.0,2.095778,0.3174585,6.131,8.07,6.364,24.0,12.002416666666667,73.87916666666666,0.9442592592592592,146.21170833333335
2016-07-19,21.08,5.764,92.9,40.61,12.62,5.1,122.0,0.0,2.26471,0.4165946,9.17,12.23,12.23,24.0,14.842083333333333,78.18916666666667,1.1619675925925925,84.29404166666667
2016-07-20,20.84,11.79,86.2,57.62,7.275,5.080555555555555,131.0,0.0,2.096118,0.2898439,12.2,14.71,14.71,24.0,14.954166666666666,83.265,0.9726157407407406,29.855500000000003
2016-07-21,17.1,13.35,91.5,73.2,2.576,3.7888888888888888,135.0,0.0,1.970003,0.2836744,12.45,13.85,13.85,24.0,15.347083333333332,81.93958333333333,0.9325231481481482,51.36745833333333
2016-07-22,18.46,13.44,92.0,67.08,4.433,4.019444444444445,131.0,0.0,2.01973,0.28074689999999997,13.08,14.57,14.57,24.0,16.477916666666665,80.54,1.392986111111111,108.70083333333334
2016-07-23,22.63,12.88,93.2,55.73,9.38,4.6194444444444445,72.0,0.0,1.91185,0.2705165,12.21,13.27,13.27,24.0,15.889583333333334,82.55916666666667,1.0177546296296296,147.70083333333335
2016-07-24,23.92,10.69,95.0,53.29,12.75,5.738888888888889,84.0,0.0,1.76919,0.26952519999999996,11.64,12.71,12.71,24.0,17.644583333333333,81.16666666666667,0.8160648148148147,147.03525
2016-07-25,29.45,10.84,95.5,46.9,12.69,3.1694444444444443,51.0,0.0,1.907009,0.2715634,14.64,15.53,15.53,24.0,18.524583333333332,82.58833333333334,1.0095370370370371,147.00604166666668
2016-07-26,26.99,12.86,95.8,51.04,12.69,5.611111111111111,107.0,0.0,1.840032,0.27641489999999996,15.94,17.73,17.73,24.0,20.047083333333333,82.30624999999999,1.0341435185185184,118.164625
2016-07-27,27.37,17.03,92.0,58.01,10.2,3.5805555555555557,165.0,0.0,1.7211189999999998,0.2958033,17.06,19.06,19.06,24.0,19.412916666666668,62.32375,1.882337962962963,169.99416666666667
2016-07-28,25.58,13.8,94.3,34.22,14.67,7.4111111111111105,188.0,0.0,1.623104,0.28452689999999997,12.69,14.63,14.63,24.0,16.3125,78.28333333333333,1.156273148148148,54.615125
2016-07-29,19.45,14.49,92.8,62.86,4.713,4.561111111111112,144.0,0.457,2.128314,0.589646,13.37,14.52,14.52,24.0,14.635833333333332,88.22500000000001,1.1292939814814815,28.176125
2016-07-30,15.79,13.28,93.0,79.86,2.432,3.0388888888888888,282.0,0.229,1.844285,0.2898886,13.73,15.31,15.31,24.0,18.00583333333333,83.8925,0.8854166666666666,109.85104166666667
2016-07-31,25.09,15.09,94.3,58.93,9.48,4.538888888888889,82.0,0.0,1.792673,0.2677295,15.91,17.07,17.07,24.0,20.480833333333333,80.97500000000001,1.1316898148148147,161.10708333333335
2016-08-01,27.24,16.93,95.9,55.84,13.9,4.9,86.0,0.0,1.712209,0.2533671,16.89,18.4,18.4,24.0,22.445833333333336,78.10041666666667,1.1378819444444443,165.436
2016-08-02,31.86,17.48,93.2,44.24,14.28,6.0888888888888895,138.0,0.0,1.770772,0.2596387,16.62,18.95,18.95,24.0,17.889166666666664,85.03500000000001,1.5947337962962962,32.30883333333333
2016-08-03,19.64,15.69,93.7,68.75,2.789,5.480555555555555,141.0,1.6,2.198908,0.2821669,15.1,16.14,16.14,24.0,17.14625,91.28333333333335,1.2140856481481481,49.237291666666664
2016-08-04,20.85,15.3,94.6,78.46,4.249,5.538888888888889,136.0,8.28,2.148757,0.28827379999999997,16.37,17.29,17.29,23.0,19.230869565217393,90.54347826086956,0.9103019323671496,51.441
2016-08-05,22.7,17.15,98.8,79.03,4.255,5.6,73.0,1.143,1.98506,0.2640393,18.01,19.42,19.42,,,,,
2016-08-06,26.01,17.56,94.2,62.25,7.389,3.5,89.0,0.0,1.893072,0.2582846,16.55,17.56,17.56,,,,,
2016-08-07,31.34,16.29,95.7,54.67,11.77,9.169444444444444,162.0,0.0,2.023148,0.258197,16.41,19.02,19.02,,,,,
2016-08-08,19.17,15.75,93.1,72.94,2.085,6.938888888888889,2.0,3.886,1.9232300000000002,0.2770507,11.99,15.84,15.84,,,,,
2016-08-09,15.86,13.37,95.0,74.81,1.2770000000000001,3.8694444444444445,195.0,19.66,1.7391489999999998,0.2658083,13.41,14.19,14.19,,,,,
2016-08-10,24.29,15.26,94.7,64.36,3.731,4.519444444444444,198.0,0.0,1.4756749999999998,0.44446359999999996,15.77,17.04,17.04,,,,,
2016-08-11,24.72,13.12,95.3,34.62,16.21,6.719444444444445,208.0,0.0,1.56037,0.2872609,11.34,13.3,13.3,,,,,
2016-08-12,24.51,9.66,94.1,42.23,15.24,5.688888888888889,168.0,0.0,1.647851,0.4953336,12.05,13.45,13.45,,,,,
2016-08-13,25.34,9.76,95.4,43.44,17.2,5.538888888888889,74.0,0.0,1.350883,0.35984079999999996,11.88,12.87,12.87,,,,,
2016-08-14,25.38,9.88,95.5,49.3,17.52,6.230555555555555,88.0,0.0,1.571858,0.2895622,14.16,15.23,15.23,,,,,
2016-08-15,29.85,12.78,95.4,29.71,15.46,5.249999999999999,166.0,0.0,1.592077,0.2512138,14.16,16.54,16.54,,,,,
2016-08-16,22.34,15.32,95.5,73.45,3.02,8.6,25.0,13.11,1.901066,0.3350244,14.58,15.32,15.32,,,,,
2016-08-17,30.61,13.97,96.1,41.77,15.88,5.238888888888889,107.0,0.0,1.887788,0.2600036,16.19,17.33,17.33,,,,,
2016-08-18,29.59,15.16,95.8,54.74,10.15,6.0888888888888895,261.0,17.86,2.236831,0.2602352,16.42,17.43,17.43,,,,,
2016-08-19,18.85,15.6,94.0,69.88,2.513,5.530555555555556,175.0,2.972,2.174533,0.27465,14.68,15.75,15.75,,,,,
2016-08-20,17.46,14.95,95.8,90.4,2.239,6.96111111111111,277.0,28.63,2.221327,0.2780722,15.91,16.63,16.63,,,,,
2016-08-21,19.44,16.53,96.0,90.0,1.275,7.680555555555555,42.0,51.05,2.113209,0.5044039,18.1,18.8,18.8,,,,,
2016-08-22,18.85,11.55,95.8,78.64,4.855,7.211111111111111,284.0,28.22,2.425954,0.5566534,10.66,11.61,11.61,,,,,
2016-08-23,22.25,8.57,95.8,36.09,19.2,5.71111111111111,101.0,0.0,2.044573,0.31423,9.9,11.06,11.06,,,,,
2016-08-24,25.06,8.01,95.0,39.88,,4.9111111111111105,80.0,0.0,2171.403,0.3323299,11.99,12.9,12.9,,,,,
2016-08-25,22.75,18.4,88.5,68.34,0.9420000000000001,5.269444444444444,80.0,0.0,1.503038,0.3467512,16.46,18.41,18.41,,,,,
2016-08-26,27.17,16.08,95.9,52.56,3.7039999999999997,4.6,65.0,0.0,1.186786,0.4113503,15.19,16.14,16.14,,,,,
2016-08-27,21.86,14.96,96.0,77.43,4.699,2.7,79.0,0.0,1.5198809999999998,0.26577629999999997,17.52,18.89,18.89,,,,,
2016-08-28,28.35,16.09,94.5,50.87,17.22,4.888888888888889,80.0,0.0,1.589856,0.26126469999999996,15.23,16.1,16.1,,,,,
2016-08-29,30.1,15.3,96.0,53.19,16.45,4.638888888888888,140.0,0.0,1.702774,0.2611503,16.95,18.08,18.08,,,,,
2016-08-30,26.29,16.2,95.4,66.15,13.42,5.030555555555555,138.0,0.0,1.9416200000000001,0.392184,18.16,19.88,19.88,,,,,
2016-08-31,23.5,19.33,95.7,82.4,3.696,2.9388888888888887,132.0,9.37,1.947457,0.3642837,19.2,19.9,19.9,,,,,
2016-09-01,28.59,18.05,96.0,39.6,18.63,7.188888888888888,285.0,0.457,1.951925,0.26028039999999997,15.76,18.19,18.19,,,,,
2016-09-02,25.95,14.76,95.2,59.91,10.26,5.3500000000000005,131.0,0.0,2.05613,0.2517874,16.48,18.89,18.89,,,,,
2016-09-03,20.44,17.61,93.7,79.06,3.9130000000000003,3.8694444444444445,141.0,1.6,2.060776,0.25513779999999997,17.14,18.35,18.35,,,,,
2016-09-04,19.53,18.18,95.7,91.0,1.945,3.619444444444444,260.0,33.15,2.146508,0.2584121,18.28,18.97,18.97,,,,,
2016-09-05,23.56,17.91,95.8,81.3,5.466,5.188888888888889,246.0,11.89,2.031576,0.31486379999999997,18.18,18.9,18.9,,,,,
2016-09-06,24.43,18.07,96.1,70.37,8.01,3.8,60.0,3.2,1.878454,0.2945614,18.17,19.08,19.08,21.0,22.666190476190476,69.22857142857143,1.5512433862433863,205.93861904761906
2016-09-07,29.95,18.01,95.4,40.32,15.55,6.888888888888889,298.0,6.858,1.5653839999999999,0.2779064,9.79,18.01,18.01,24.0,19.270416666666666,53.85666666666666,1.9679282407407408,249.6985
2016-09-08,26.99,13.57,83.4,33.25,21.55,6.180555555555555,292.0,0.0,1.391137,0.273302,11.68,14.59,14.59,24.0,18.660833333333333,68.57083333333334,1.500625,224.88916666666668
2016-09-09,27.76,12.42,91.1,39.58,19.41,6.361111111111111,77.0,0.0,1.5729609999999998,0.2628059,13.0,14.59,14.59,24.0,18.99416666666667,78.20416666666667,1.1061921296296295,176.00108333333333
2016-09-10,27.75,13.98,93.1,46.93,15.19,6.15,138.0,0.0,1.5261,0.5674203999999999,14.88,16.14,16.14,24.0,20.069583333333334,83.06541666666666,1.1790162037037037,142.41079166666665
2016-09-11,27.27,15.98,93.7,62.01,12.29,6.549999999999999,82.0,0.0,1.40605,0.2633988,18.12,19.65,19.65,24.0,22.88083333333333,79.00208333333333,1.1930671296296296,212.66129166666667
2016-09-12,29.4,17.99,94.6,50.62,18.35,5.169444444444444,56.0,0.0,1.588487,0.2776946,20.28,21.77,21.77,24.0,23.03708333333333,86.72500000000001,1.2856018518518517,88.79424999999999
2016-09-13,27.43,20.96,94.2,67.55,7.663,6.038888888888888,90.0,0.229,1.7617509999999998,0.25175929999999996,20.61,22.5,22.5,24.0,26.651666666666667,60.155833333333334,2.2998032407407405,88.16908333333333
2016-09-14,37.82,20.4,92.8,25.58,7.61,16.319444444444443,13.0,0.0,1.7480419999999999,0.24029129999999999,11.13,20.98,20.98,24.0,22.60208333333333,42.69125,1.6028703703703704,265.20595833333334
2016-09-15,31.08,14.88,74.11,17.9,22.89,6.930555555555555,258.0,0.0,1.964712,0.2416784,5.285,19.68,19.68,24.0,20.007083333333334,56.26666666666667,1.8468402777777777,261.08475
2016-09-16,28.56,12.8,78.55,31.34,22.54,6.788888888888889,141.0,0.0,2.55136,0.2772763,14.11,18.19,18.19,24.0,19.937916666666666,74.79833333333333,1.6711226851851853,121.020625
2016-09-17,25.43,17.17,83.7,58.29,10.44,6.519444444444444,74.0,0.0,2.747904,0.30542369999999996,16.56,19.43,19.43,24.0,21.443749999999998,80.53208333333333,1.3253356481481482,131.44204166666665
2016-09-18,26.86,17.23,90.4,59.92,11.34,6.419444444444444,61.0,0.0,2.376019,0.2558008,19.93,21.55,21.55,24.0,21.52208333333333,88.65958333333333,1.1540277777777777,49.929541666666665
2016-09-19,24.88,19.0,94.0,73.91,4.309,6.788888888888889,31.0,2.286,2.137717,0.2465113,17.4,19.0,19.0,24.0,20.026666666666667,83.72208333333333,1.5112152777777776,81.46650000000001
2016-09-20,25.57,17.05,94.7,66.4,7.031,7.911111111111111,157.0,0.0,2.342491,0.27448079999999997,13.72,17.14,17.14,24.0,19.47875,66.06125,1.4195601851851851,266.6447083333333
2016-09-21,27.53,13.74,93.1,29.06,23.01,6.96111111111111,88.0,0.0,2.234087,0.3377595,11.97,14.52,14.52,24.0,19.229583333333334,75.05125,1.418298611111111,188.97283333333334
2016-09-22,26.77,13.62,90.2,47.81,16.31,6.538888888888889,152.0,0.0,2.038715,0.2576458,15.51,17.27,17.27,24.0,19.854166666666668,79.96458333333334,1.3896643518518517,121.13612499999999
2016-09-23,26.66,15.85,93.5,57.26,10.45,6.461111111111111,86.0,0.457,1.560276,0.25542549999999997,16.34,19.77,19.77,24.0,21.86375,72.46166666666666,1.2574189814814816,213.41937499999997
2016-09-24,29.27,18.43,90.7,37.79,18.42,6.919444444444444,67.0,0.0,1.418953,0.24870889999999998,16.53,19.32,19.32,24.0,18.187916666666666,83.11458333333333,1.7498148148148147,49.89962500000001
2016-09-25,21.36,15.68,92.1,71.07,4.306,7.0,143.0,0.229,1.805553,0.4003439,14.39,15.69,15.69,24.0,16.655833333333334,87.63958333333333,1.2134143518518519,43.80325
2016-09-26,18.74,15.22,93.9,76.77,3.781,4.438888888888889,45.0,2.057,2.084298,0.6648345999999999,14.4,16.36,16.36,24.0,19.655416666666667,74.6675,1.508287037037037,255.3995
2016-09-27,27.71,14.14,94.5,46.12,22.04,6.319444444444445,89.0,0.0,2.007817,0.6467402999999999,14.62,17.98,17.98,24.0,20.11625,72.51041666666667,1.2887847222222222,233.83720833333334
2016-09-28,28.12,14.79,91.7,43.24,20.18,6.288888888888889,139.0,0.0,1.9051269999999998,0.423236,14.77,16.14,16.14,24.0,21.261666666666667,75.64625,1.4077777777777778,271.1170416666667
2016-09-29,29.08,15.68,92.3,44.67,23.4,5.6611111111111105,82.0,0.0,1.811342,0.238559,16.81,18.36,18.36,24.0,20.87625,74.52708333333334,2.035949074074074,208.67470833333334
2016-09-30,27.59,16.25,94.6,38.95,18.01,7.988888888888889,67.0,0.0,1.94192,0.23441299999999998,13.33,18.03,18.03,24.0,17.835416666666667,74.91791666666667,1.3113310185185185,48.839
2016-10-01,18.98,16.44,92.5,63.64,4.215,5.188888888888889,142.0,0.229,2.165515,0.24736000000000002,15.28,16.56,16.56,24.0,18.184166666666666,89.32041666666667,1.3479050925925924,74.712
2016-10-02,23.06,16.34,94.0,74.22,6.448,8.230555555555554,129.0,2.057,2.06079,0.2585652,16.22,17.49,17.49,24.0,19.872083333333332,78.20666666666666,1.313125,122.93191666666667
2016-10-03,25.77,16.79,93.6,47.0,10.61,6.488888888888889,129.0,0.686,1.91633,0.2467355,16.11,18.6,18.6,24.0,18.991666666666667,90.85000000000001,1.1657060185185186,66.36908333333334
2016-10-04,21.93,17.08,94.6,82.4,5.728,4.588888888888889,291.0,3.658,1.85095,0.25108949999999997,18.2,19.1,19.1,24.0,20.15375,87.35333333333334,1.8655787037037037,125.15808333333332
2016-10-05,27.0,16.81,94.8,61.78,10.8,9.030555555555555,167.0,5.944,1.7967170000000001,0.24351589999999998,16.1,17.09,17.09,24.0,18.7375,90.75833333333333,1.5289467592592592,81.49170833333334
2016-10-06,21.9,16.88,94.6,77.98,7.033,5.930555555555556,75.0,4.801,1.588538,0.2916716,16.84,17.89,17.89,24.0,17.895833333333332,90.52083333333333,1.78,57.590375
2016-10-07,19.35,15.78,95.5,77.85,4.97,7.830555555555556,144.0,42.52,1.836319,0.29968259999999997,15.12,16.16,16.16,24.0,18.595833333333335,88.57916666666667,0.9813773148148148,106.15316666666666
2016-10-08,23.64,16.03,94.3,65.8,9.16,4.919444444444444,105.0,1.3719999999999999,1.455511,0.3198358,17.17,18.09,18.09,24.0,21.579583333333332,79.93124999999999,1.386111111111111,248.94954166666665
2016-10-09,28.78,16.32,95.9,55.19,21.49,8.869444444444444,153.0,0.0,1.503565,0.3186037,14.13,19.12,19.12,24.0,20.462500000000002,71.50125,1.3271296296296295,128.5992916666667
2016-10-10,24.45,17.53,83.4,55.27,11.1,6.430555555555555,128.0,0.0,1.53606,0.3822154,14.82,18.55,18.55,24.0,20.203333333333333,74.6975,1.342326388888889,134.15825
2016-10-11,25.69,17.79,87.2,55.37,11.58,5.680555555555555,92.0,0.0,1.67585,0.2969371,16.47,18.89,18.89,24.0,19.868750000000002,87.40583333333332,1.1292129629629628,57.18395833333333
2016-10-12,23.5,17.54,92.5,69.88,4.9350000000000005,5.4,36.0,2.515,1.591616,0.2471592,18.74,19.98,19.98,24.0,22.312083333333334,85.01708333333333,1.2390162037037038,146.79262500000002
2016-10-13,28.37,19.32,94.7,60.4,12.67,5.930555555555556,76.0,16.76,1.648768,0.25001419999999996,20.21,21.13,21.13,24.0,21.8325,92.7,1.6629282407407409,49.294916666666666
2016-10-14,24.18,19.56,95.5,83.8,4.254,9.63888888888889,55.0,26.31,1.7781310000000001,0.3345949,18.74,19.56,19.56,24.0,22.290000000000003,85.39458333333333,1.1916203703703703,108.85908333333333
2016-10-15,28.61,18.44,95.5,62.41,9.39,6.311111111111111,152.0,0.0,1.891505,0.29208069999999997,18.42,20.44,20.44,24.0,22.267916666666665,86.21499999999999,1.0641666666666667,87.78041666666667
2016-10-16,26.33,19.77,93.7,71.07,7.5760000000000005,4.788888888888889,81.0,0.0,2.208857,0.26937649999999996,20.77,21.83,21.83,24.0,24.855,84.20375,1.5536458333333334,211.8589166666667
2016-10-17,30.67,21.55,94.2,65.65,18.28,8.161111111111111,173.0,7.899,2.308201,0.2615914,21.46,22.61,22.61,24.0,24.7675,82.4725,1.7042708333333332,176.23608333333334
2016-10-18,33.38,21.37,94.6,57.02,15.21,8.299999999999999,144.0,3.429,2.27771,0.2748865,19.96,21.66,21.66,24.0,25.00583333333333,80.25333333333333,2.0370601851851853,212.62758333333332
2016-10-19,32.1,21.63,93.9,55.63,18.35,7.738888888888889,15.0,3.2,2.386445,0.2900445,20.89,21.95,21.95,24.0,23.15625,89.69749999999999,1.240011574074074,74.28220833333334
2016-10-20,28.05,21.39,95.3,71.61,6.41,4.6499999999999995,22.0,29.79,2.189804,0.30901989999999996,21.14,22.05,22.05,24.0,25.705416666666668,83.41166666666668,1.6120370370370372,216.04399999999998
2016-10-21,36.71,20.71,95.2,51.45,18.65,10.31111111111111,294.0,39.47,2.255261,0.335266,19.73,20.72,20.72,24.0,20.311666666666667,87.63208333333334,1.670034722222222,41.576125
2016-10-22,21.67,18.97,94.6,75.5,3.585,7.088888888888889,129.0,0.0,1.9255390000000001,0.4643887,16.81,19.18,19.18,24.0,20.96125,75.62416666666667,1.3457638888888888,131.943125
2016-10-23,25.72,18.3,89.5,46.13,11.39,5.388888888888888,131.0,0.0,1.62303,0.4194964,17.31,20.2,20.2,24.0,22.353333333333335,82.51791666666666,1.1511458333333333,147.53420833333334
2016-10-24,28.16,18.74,92.5,61.92,12.73,5.05,88.0,0.457,1.565337,0.3163912,19.73,21.84,21.84,24.0,23.8125,84.14375,1.2941319444444443,109.46591666666666
2016-10-25,27.82,21.43,94.6,66.71,9.45,6.288888888888889,80.0,0.914,1.5261300000000002,0.2961369,21.71,22.62,22.62,24.0,22.534166666666668,94.7625,1.6220486111111112,24.647791666666667
2016-10-26,23.16,21.77,95.5,94.1,2.127,6.96111111111111,89.0,48.23,1.807189,0.3303154,21.4,22.15,22.15,24.0,23.105,94.58749999999999,1.2175694444444445,54.32079166666667
2016-10-27,25.35,21.91,95.6,89.6,4.688,5.738888888888889,88.0,17.2,1.709466,0.506532,22.29,23.08,23.08,24.0,25.907083333333333,60.876666666666665,2.4402662037037035,274.1045833333333
2016-10-28,32.28,20.11,95.7,31.47,23.65,10.169444444444444,283.0,0.0,1.7741959999999999,0.3038496,8.96,20.15,20.15,24.0,20.97,49.15166666666667,3.3287037037037037,336.1281666666667
2016-10-29,27.3,16.65,81.9,29.11,29.01,10.36111111111111,286.0,0.0,2.497754,0.362494,13.74,17.45,17.45,24.0,20.10375,70.39833333333333,1.659710648148148,235.74179166666667
2016-10-30,26.89,14.23,91.7,42.74,20.34,7.8805555555555555,132.0,0.0,2.832727,0.285246,15.17,18.15,18.15,24.0,21.325833333333332,72.59666666666666,1.6410763888888888,224.194875
2016-10-31,28.43,17.23,88.3,45.55,19.35,7.030555555555555,104.0,0.0,1.842023,0.269345,17.26,19.87,19.87,24.0,22.37375,82.61874999999999,1.736412037037037,113.38458333333334
2016-11-01,27.8,19.13,92.0,62.54,9.79,6.611111111111111,82.0,0.0,1.653318,0.2641788,19.41,21.02,21.02,24.0,24.179166666666664,82.65791666666667,1.1577199074074074,119.97741666666667
2016-11-02,27.97,22.15,92.0,68.43,2.055,5.05,113.0,0.0,1.68957,0.2537975,20.95,22.31,22.31,24.0,25.483333333333334,75.92,1.6172685185185187,154.82895833333333
2016-11-03,31.66,20.88,95.0,44.12,13.36,8.780555555555555,201.0,1.6,1.6822089999999998,0.2569533,18.92,22.88,22.88,24.0,20.664583333333333,76.74041666666666,1.8546180555555554,98.349375
2016-11-04,24.23,17.89,87.8,61.06,8.49,8.78888888888889,179.0,0.457,1.9496289999999998,0.2662715,16.02,19.2,19.2,18.0,22.14888888888889,76.85833333333333,1.5283641975308642,298.4622222222222
2017-01-25,,,,,,,,,,,,,,20.0,26.7945,88.6775,1.1524444444444444,145.20030000000003
2017-01-26,34.74,24.18,95.2,55.76,10.44,4.7,39.0,25.65,1.7519,0.35250000000000004,23.92,24.72,24.72,24.0,25.50125,87.79625,1.2576041666666666,176.64220833333334
2017-01-27,32.81,21.39,95.7,58.95,15.25,7.761111111111111,275.0,46.08,2.059992,0.3420663,21.31,22.21,22.21,24.0,24.125416666666666,86.74583333333334,1.0461805555555554,106.37245833333333
2017-01-28,29.23,22.13,95.0,64.95,9.18,4.030555555555555,85.0,4.801,2.209485,0.3949707,22.02,23.03,23.03,24.0,23.087083333333336,92.90416666666665,1.3448842592592591,55.64445833333334
2017-01-29,24.72,21.83,94.7,85.5,4.804,3.5888888888888886,290.0,12.34,2.058821,0.37945599999999996,21.71,22.87,22.87,24.0,25.772916666666664,88.63541666666667,1.569525462962963,167.44791666666666
2017-01-30,32.17,22.39,95.8,66.55,14.45,6.0,136.0,26.39,1.9351289999999999,0.3575852,23.09,24.03,24.03,24.0,25.107916666666668,93.05833333333334,1.0551157407407408,99.02095833333334
2017-01-31,28.9,22.46,96.6,79.15,8.55,6.8694444444444445,168.0,120.6,2.606095,0.34189169999999997,23.74,24.42,24.42,24.0,24.052083333333332,94.9875,1.037962962962963,65.10845833333333
2017-02-01,28.42,22.89,96.1,82.2,5.619,6.388888888888888,131.0,56.13,1.974878,0.4694892,22.28,22.95,22.95,24.0,24.817916666666665,91.91416666666667,1.102349537037037,116.83575
2017-02-02,32.05,22.55,96.2,65.82,10.08,6.388888888888888,34.0,25.4,2.050417,0.3706923,22.65,23.35,23.35,24.0,25.941666666666666,90.38708333333334,1.1190393518518518,180.53966666666668
2017-02-03,32.72,22.82,96.5,63.82,15.58,5.038888888888889,97.0,5.029,1.70066,0.3705555,23.89,24.97,24.97,24.0,26.582083333333333,87.38916666666667,1.0519097222222222,129.67279166666665
2017-02-04,32.34,23.94,95.5,69.88,11.19,7.738888888888889,33.0,2.515,1.652705,0.3260769,23.12,23.99,23.99,24.0,27.770833333333332,82.81083333333333,1.4383217592592592,297.5910416666667
2017-02-05,35.09,23.16,96.3,50.6,25.68,7.361111111111111,83.0,0.0,1.6636700000000002,0.3295746,24.66,25.92,25.92,24.0,29.243333333333336,81.18166666666666,1.4120833333333334,310.800375
2017-02-06,35.97,24.01,95.9,54.75,26.83,8.46111111111111,190.0,0.0,1.627151,0.2864679,24.7,26.01,26.01,24.0,28.783749999999998,79.53208333333333,1.9331249999999998,195.75029166666664
2017-02-07,35.48,25.18,93.8,54.14,16.9,7.788888888888889,164.0,0.0,1.804164,0.2762377,23.27,26.63,26.63,24.0,25.83,80.45958333333333,1.3335069444444443,63.298375
2017-02-08,28.51,24.13,91.1,68.25,5.463,5.461111111111111,137.0,0.686,2.037558,0.33817969999999997,21.86,24.29,24.29,24.0,24.72,85.03541666666666,1.297013888888889,74.799625
2017-02-09,28.76,22.93,93.4,67.04,6.456,4.338888888888889,168.0,0.457,2.320878,0.2718601,22.14,23.42,23.42,24.0,26.11583333333333,82.37375,1.244050925925926,140.01320833333332
2017-02-10,30.92,23.09,94.4,62.04,12.08,4.730555555555556,121.0,0.457,2.020473,0.2640051,23.03,24.52,24.52,24.0,26.80125,78.365,1.4953356481481481,242.76633333333334
2017-02-11,33.12,22.99,95.2,51.54,20.95,6.619444444444444,80.0,1.143,1.966108,0.2610107,21.68,24.31,24.31,24.0,26.622500000000002,84.03208333333333,1.431875,170.45795833333332
2017-02-12,33.91,22.83,95.3,61.52,14.71,11.338888888888889,29.0,20.45,1.951194,0.2616526,22.3,23.2,23.2,24.0,25.62125,90.54416666666667,1.2077430555555555,136.65379166666665
2017-02-13,32.38,23.01,96.0,69.06,11.79,8.169444444444444,5.0,49.83,2.277842,0.3825013,23.05,23.79,23.79,24.0,26.27125,89.66875,0.9643518518518519,127.00854166666666
2017-02-14,31.44,23.41,96.1,65.97,10.96,4.1499999999999995,77.0,2.057,1.998891,0.3054184,25.28,26.07,26.07,24.0,28.381249999999998,87.79583333333333,1.1002199074074073,176.34408333333332
2017-02-15,34.06,25.29,96.1,68.23,15.22,6.469444444444444,148.0,0.457,1.8409529999999998,0.28034349999999997,25.33,26.52,26.52,24.0,29.084999999999997,81.06416666666667,1.1343171296296297,238.02724999999998
2017-02-16,35.78,24.51,95.8,52.35,20.54,5.6611111111111105,125.0,0.0,1.716144,0.2701482,24.98,26.3,26.3,24.0,29.342916666666667,81.19041666666666,1.3816782407407409,272.09479166666665
2017-02-17,36.51,25.44,94.4,52.63,23.48,6.569444444444444,98.0,0.0,1.495564,0.2675873,24.25,25.44,25.44,24.0,28.994583333333335,79.52499999999999,1.390474537037037,288.7141666666667
2017-02-18,35.89,24.51,95.5,53.35,24.92,6.1,113.0,0.0,1.520519,0.263181,22.4,25.22,25.22,24.0,29.27916666666667,75.82375,1.5361574074074074,296.600125
2017-02-19,36.4,23.77,89.7,52.5,25.6,6.019444444444445,89.0,0.0,1.374852,0.26590779999999997,25.07,32.62,27.94,24.0,29.998333333333335,76.50375,1.380451388888889,284.4325
2017-02-20,36.54,25.2,93.6,52.98,24.55,5.430555555555555,72.0,0.0,1.402252,0.3823301,24.11,30.17,27.02,24.0,28.741249999999997,78.14541666666666,1.5272337962962963,192.7781666666667
2017-02-21,34.72,24.54,93.5,54.34,16.64,6.830555555555556,162.0,0.0,1.601668,0.5752375,24.37,26.54,26.54,24.0,28.549166666666665,78.50958333333334,1.650486111111111,273.22499999999997
2017-02-22,34.81,24.45,94.7,57.13,23.58,7.388888888888889,81.0,0.229,1.5623070000000001,0.3903423,23.36,25.96,25.96,24.0,28.238333333333333,79.46208333333333,1.454861111111111,203.334125
2017-02-23,34.99,23.81,93.7,55.38,17.55,5.6611111111111105,90.0,0.0,1.561973,0.25746009999999997,23.93,26.0,26.0,24.0,26.960416666666664,83.65916666666666,1.6345949074074075,174.92370833333334
2017-02-24,37.09,21.17,96.4,47.8,15.1,18.038888888888888,280.0,90.9,2.404621,0.3762353,21.7,22.82,22.82,24.0,26.72791666666667,81.41833333333334,1.1363425925925925,163.76416666666668
2017-02-25,34.95,22.66,95.5,49.4,14.13,5.669444444444444,26.0,0.0,1.909898,0.3305035,23.6,25.35,25.35,24.0,27.055000000000003,84.64208333333333,1.2021296296296298,145.98120833333334
2017-02-26,34.37,23.16,95.2,56.07,12.6,5.919444444444444,137.0,1.143,2.083338,0.31685949999999996,24.01,25.08,25.08,24.0,27.265,82.84166666666667,1.676875,112.47216666666667
2017-02-27,31.03,24.35,94.8,66.02,9.71,6.8999999999999995,157.0,0.0,2.060512,0.2955036,23.75,25.5,25.5,24.0,27.657083333333333,81.06291666666667,1.3154282407407407,208.68541666666667
2017-02-28,34.57,23.5,95.6,55.06,18.01,6.21111111111111,120.0,0.0,2.235157,0.2842906,23.81,24.85,24.85,24.0,27.93958333333333,82.22375,1.3709837962962963,262.30075
2017-03-01,35.8,23.71,95.0,53.75,22.64,8.238888888888889,155.0,3.2,2.124014,0.2906896,22.67,23.73,23.73,24.0,26.702083333333334,84.13625,1.242962962962963,163.247125
2017-03-02,35.58,22.78,96.1,53.31,14.09,11.338888888888889,262.0,30.3,2.243081,0.2911937,22.71,23.55,23.55,24.0,26.87875,84.72916666666667,1.355497685185185,181.70475
2017-03-03,34.31,23.19,96.1,56.17,15.68,6.730555555555555,21.0,0.0,2.039856,0.2958713,23.75,25.18,25.18,24.0,26.932916666666667,87.74583333333334,1.1186574074074074,162.81520833333335
2017-03-04,35.85,23.38,96.1,57.55,14.05,13.56111111111111,29.0,36.35,2.053135,0.2922874,23.81,24.47,24.47,24.0,28.243333333333336,84.67166666666667,1.2392708333333333,243.89874999999998
2017-03-05,36.17,23.23,96.6,55.68,21.05,10.75,42.0,21.49,1.826902,0.34318339999999997,24.83,25.47,25.47,24.0,27.278333333333332,90.62208333333332,1.366574074074074,131.96395833333335
2017-03-06,35.62,24.83,96.4,61.67,11.39,7.01111111111111,87.0,24.61,2.091695,0.4867554,23.98,25.07,25.07,24.0,26.893333333333334,84.03333333333333,2.100763888888889,182.80741666666665
2017-03-07,31.78,24.36,95.0,62.25,15.77,7.519444444444444,135.0,2.515,1.631688,0.3372698,23.14,24.75,24.75,24.0,27.16541666666667,84.1575,1.2932175925925924,168.75358333333335
2017-03-08,32.75,23.79,95.2,61.43,14.56,5.6,80.0,2.057,1.607815,0.3185186,23.59,24.49,24.49,24.0,25.20125,92.00833333333333,1.082465277777778,109.60154166666666
2017-03-09,29.31,23.25,96.2,73.68,9.46,5.930555555555556,104.0,27.36,1.733692,0.33829709999999996,23.11,24.01,24.01,24.0,26.697916666666668,88.55125,1.5842013888888886,170.34779166666667
2017-03-10,31.68,23.16,96.3,72.16,14.7,8.03888888888889,94.0,0.686,1.93797,0.29222349999999997,25.11,26.63,26.63,24.0,28.675833333333333,84.82083333333334,1.1050231481481483,142.49158333333332
2017-03-11,35.17,25.38,95.6,64.27,12.3,6.069444444444445,131.0,0.229,1.808469,0.27960809999999997,24.01,29.85,26.88,24.0,26.765,80.50625000000001,1.2185185185185186,61.05983333333333
2017-03-12,29.7,25.13,88.1,66.75,5.27,4.069444444444445,146.0,0.0,2.095456,0.2833751,22.92,25.2,25.2,24.0,27.264166666666668,83.57041666666667,1.2390972222222223,209.42791666666668
2017-03-13,35.85,23.64,94.9,54.44,18.07,7.799999999999999,213.0,11.43,2.183181,0.2838467,22.72,24.07,24.07,24.0,25.49208333333333,75.64625,1.6508333333333332,252.58504166666668
2017-03-14,32.3,21.92,95.7,41.59,21.79,6.661111111111111,140.0,0.0,2.277181,0.27915609999999996,20.03,22.93,22.93,24.0,25.125833333333333,77.23041666666667,1.2446875,136.263875
2017-03-15,30.93,22.38,88.2,52.6,11.76,4.569444444444444,88.0,0.0,2.238599,0.27505389999999996,21.49,24.49,24.49,24.0,25.324166666666667,87.20958333333334,1.0591550925925926,85.39341666666667
2017-03-16,29.8,22.89,94.4,75.18,7.37,4.46111111111111,94.0,0.914,1.9633639999999999,0.2683773,23.56,24.51,24.51,24.0,26.27208333333333,85.62583333333333,1.0880555555555556,169.6345
2017-03-17,33.55,22.23,96.1,55.91,14.64,15.561111111111112,261.0,19.96,1.767682,0.2748021,22.17,22.95,22.95,24.0,22.702916666666667,94.24166666666667,1.092974537037037,37.343041666666664
2017-03-18,23.93,21.08,96.4,90.0,3.223,6.0,120.0,29.54,2.093491,0.3364687,20.36,21.69,21.69,24.0,22.37291666666667,79.01791666666666,0.9477546296296296,95.19020833333333
2017-03-19,26.1,19.85,92.1,61.16,8.22,4.830555555555556,189.0,0.229,1.913485,0.45447309999999996,19.81,21.53,21.53,24.0,21.016666666666666,93.05833333333334,1.3456018518518518,69.80704166666666
2017-03-20,23.24,19.59,95.3,88.8,6.025,6.819444444444445,145.0,13.72,1.727271,0.454978,19.31,20.19,20.19,24.0,21.594583333333333,90.35333333333334,1.1972106481481481,102.47066666666666
2017-03-21,27.19,19.61,95.7,69.9,8.84,4.488888888888889,44.0,8.23,1.497994,0.4406596,19.21,20.22,20.22,24.0,22.006666666666664,91.72916666666667,1.1382407407407407,103.25175
2017-03-22,25.66,19.88,95.6,81.6,8.91,4.430555555555555,201.0,16.66,1.3914300000000002,0.5422814,20.48,21.58,21.58,16.0,23.005,89.061875,1.4362847222222221,195.41625
2017-03-27,,,,,,,,,,,,,,20.0,22.6285,93.58,1.1605555555555556,65.35069999999999
2017-03-28,25.45,21.0,96.0,84.3,4.7,5.488888888888889,51.0,41.88,2.2299889999999998,0.3671464,20.57,21.34,21.34,24.0,22.895,92.00416666666666,1.7624421296296295,122.27050000000001
2017-03-29,28.12,20.74,96.1,77.54,10.55,6.488888888888889,168.0,32.36,2.157596,0.5413858,20.71,21.47,21.47,24.0,22.072916666666668,91.11666666666667,1.3135300925925926,89.06766666666665
2017-03-30,25.01,19.95,95.8,78.35,7.686,5.538888888888889,137.0,4.115,2.223107,0.3514835,19.74,20.84,20.84,24.0,22.681250000000002,84.2375,1.037986111111111,125.83875
2017-03-31,28.2,19.98,95.6,62.23,10.86,3.861111111111111,169.0,2.286,2.227061,0.3023695,19.64,21.1,21.1,24.0,22.618333333333336,81.41166666666666,1.5901967592592594,184.80145833333333
2017-04-01,28.72,19.88,95.1,49.75,15.95,6.338888888888889,200.0,5.258,1.955489,0.2947268,18.29,20.1,20.1,24.0,22.294166666666666,83.10000000000001,1.702546296296296,142.74954166666666
2017-04-02,28.31,19.21,94.4,53.83,12.32,7.95,140.0,5.258,1.756733,0.2976138,19.3,20.52,20.52,24.0,22.309583333333332,91.30833333333334,1.1628935185185185,115.72583333333334
2017-04-03,26.74,19.87,95.0,77.45,9.99,3.911111111111111,167.0,12.12,1.634795,0.30119979999999996,20.56,21.39,21.39,24.0,23.883333333333336,88.2,1.110601851851852,178.72254166666667
2017-04-04,29.69,21.19,95.7,65.14,15.42,5.811111111111112,83.0,1.6,1.428348,0.3060969,21.46,22.36,22.36,24.0,24.81833333333333,84.83125,1.293912037037037,162.70716666666667
2017-04-05,30.55,21.1,95.6,63.1,14.04,6.861111111111111,74.0,0.0,1.526075,0.2737061,22.63,24.45,24.45,24.0,24.67833333333333,90.60833333333333,0.8778935185185185,48.78716666666667
2017-04-06,27.86,22.99,95.9,79.39,4.21,4.019444444444445,203.0,7.087,1.677333,0.266834,22.71,23.38,23.38,24.0,23.32625,93.60416666666667,1.0651273148148148,41.801875
2017-04-07,24.99,21.14,96.0,83.5,3.608,4.019444444444445,269.0,7.1370000000000005,1.713344,0.3772005,20.62,21.28,21.28,24.0,22.305000000000003,93.44166666666666,1.1530208333333334,35.19558333333333
2017-04-08,24.54,20.35,96.4,86.4,3.038,4.238888888888889,32.0,28.47,1.969655,0.5554501,21.77,22.38,22.38,24.0,23.504583333333333,96.08749999999999,1.1725462962962963,42.819583333333334
2017-04-09,25.04,22.28,96.9,94.2,3.6950000000000003,6.8694444444444445,83.0,42.21,2.143711,0.3976654,22.94,23.46,23.46,24.0,25.13208333333333,91.95291666666667,1.2171643518518518,132.51508333333334
2017-04-10,28.82,22.79,97.2,75.27,11.44,5.769444444444444,138.0,1.143,1.8901,0.31002399999999997,22.98,23.64,23.64,24.0,26.131249999999998,90.43333333333334,1.677523148148148,163.14891666666668
2017-04-11,31.41,23.29,96.9,67.79,14.08,6.969444444444444,94.0,8.76,1.693379,0.2818688,24.35,25.47,25.47,24.0,26.954166666666666,85.81875000000001,1.2415277777777778,158.26108333333335
2017-04-12,33.71,22.17,96.7,63.29,13.66,9.119444444444444,260.0,43.38,2.174764,0.27159679999999997,21.33,22.19,22.19,24.0,23.24208333333333,78.36125,1.136076388888889,155.85725
2017-04-13,29.38,19.82,95.7,49.57,13.45,4.8500000000000005,86.0,0.0,2.282916,0.37506649999999997,16.85,19.96,19.96,24.0,22.10166666666667,79.1875,1.0819560185185184,88.83679166666667
2017-04-14,26.69,19.84,88.9,58.89,7.667,4.169444444444444,42.0,0.0,2.179919,0.3290045,19.14,21.3,21.3,24.0,23.696250000000003,80.51041666666667,1.237650462962963,207.2915
2017-04-15,30.69,19.53,94.4,50.76,17.89,7.01111111111111,82.0,0.0,2.014477,0.3068528,20.52,22.09,22.09,24.0,24.918333333333333,82.41333333333334,1.1386689814814814,199.06841666666665
2017-04-16,31.67,20.1,95.2,55.63,17.18,6.361111111111111,89.0,0.0,1.883217,0.3156019,22.63,24.23,24.23,24.0,24.41875,89.55541666666666,1.3297106481481482,97.8625
2017-04-17,29.4,21.3,95.9,67.51,8.45,6.65,32.0,12.8,1.7831929999999998,0.30811489999999997,20.36,21.42,21.42,24.0,22.15416666666667,87.14958333333334,1.418738425925926,67.24316666666667
2017-04-18,26.75,20.02,94.7,66.59,5.803,5.930555555555556,151.0,0.914,1.768344,0.3874515,19.37,20.24,20.24,24.0,21.96375,87.61625,1.1265972222222222,105.00158333333333
2017-04-19,27.54,19.58,95.3,66.03,9.06,4.980555555555555,75.0,0.686,1.7238479999999998,0.4110544,19.17,19.97,19.97,24.0,22.157916666666665,85.86791666666666,1.3330208333333333,178.12525000000002
2017-04-20,27.31,19.12,95.9,62.46,15.37,7.238888888888888,82.0,6.858,1.561489,0.4117578,19.56,20.41,20.41,24.0,23.058333333333334,87.20416666666667,1.4218402777777779,132.99304166666667
2017-04-21,28.74,19.49,96.4,67.07,11.48,6.35,54.0,2.972,1.424345,0.3042743,21.8,22.89,22.89,24.0,24.334166666666665,89.40375,0.8834375,95.94675000000001
2017-04-22,30.59,22.08,95.9,69.19,8.28,3.1194444444444445,19.0,4.801,1.545537,0.2936552,20.9,22.09,22.09,24.0,21.900833333333335,83.76041666666667,1.042974537037037,90.73679166666666
2017-04-23,27.83,18.94,95.9,56.27,7.831,5.1,31.0,3.429,2.008176,0.46712709999999996,17.77,20.18,20.18,24.0,21.48,80.01708333333333,0.9667824074074075,171.49670833333334
2017-04-24,28.11,15.85,94.6,53.21,14.8,4.3999999999999995,131.0,0.0,2.046605,0.29815539999999996,18.58,19.85,19.85,24.0,22.724999999999998,85.08166666666666,1.1471527777777777,143.71495833333333
2017-04-25,28.58,19.53,95.2,64.74,12.4,6.1194444444444445,117.0,1.143,2.166096,0.2793711,20.72,22.1,22.1,24.0,23.68166666666667,86.36916666666667,1.362951388888889,94.10374999999999
2017-04-26,28.2,19.98,95.2,70.19,8.12,5.780555555555555,92.0,0.0,2.203139,0.2692768,22.0,23.83,23.83,24.0,23.578333333333333,82.08874999999999,1.2711458333333334,47.066750000000006
2017-04-27,28.28,19.7,96.2,52.74,4.062,19.480555555555554,243.0,14.4,2.093827,0.3048131,13.69,19.74,19.74,24.0,19.522916666666667,61.42541666666667,1.8374421296296297,213.865
2017-04-28,26.02,14.19,90.3,34.62,18.46,8.330555555555556,238.0,0.0,2.439764,0.2926897,12.3,14.22,14.22,24.0,17.779583333333335,77.48083333333334,1.1115046296296296,203.42391666666666
2017-04-29,26.52,11.2,94.1,47.08,17.56,5.688888888888889,75.0,0.0,2.49639,0.3220803,14.65,15.97,15.97,24.0,18.62375,78.60333333333334,0.9925,203.86516666666668
2017-04-30,26.58,12.48,95.7,44.82,17.59,4.530555555555555,79.0,0.0,2.251568,0.2735226,13.93,15.34,15.34,24.0,19.175416666666667,82.38875,1.0427662037037038,159.57629166666666
2017-05-01,27.22,13.35,95.0,53.81,13.77,4.969444444444444,90.0,0.0,2.019233,0.2696809,16.58,17.76,17.76,24.0,20.253333333333334,88.32249999999999,0.725949074074074,57.55779166666667
2017-05-02,24.15,16.93,94.8,74.62,4.967,2.5111111111111106,158.0,0.0,1.768332,0.264274,19.14,20.03,20.03,24.0,21.5625,89.48791666666666,1.0235185185185185,97.13970833333333
2017-05-03,26.34,19.47,95.0,72.15,8.38,4.438888888888889,88.0,2.286,1.6435119999999999,0.2776665,19.63,20.67,20.67,24.0,22.358333333333334,86.27625,0.9401157407407408,122.91254166666668
2017-05-04,28.08,19.12,96.2,63.3,10.61,4.111111111111112,78.0,0.229,1.5445769999999999,0.2621686,19.01,19.72,19.72,24.0,21.829583333333332,89.35000000000001,0.880474537037037,81.686375
2017-05-05,26.96,18.68,96.8,67.67,7.05,4.588888888888889,4.0,4.343,1.5533839999999999,0.2445697,20.43,21.19,21.19,24.0,23.342083333333335,87.78541666666666,1.0056828703703704,123.10445833333334
2017-05-06,29.12,20.29,96.5,64.5,10.62,4.469444444444444,149.0,2.286,1.7463440000000001,0.5041283,20.73,22.67,22.67,24.0,23.05666666666667,84.46666666666667,0.9258564814814815,114.21316666666667
2017-05-07,28.72,19.89,95.9,57.18,9.86,5.1499999999999995,72.0,0.0,1.9391669999999999,0.41309009999999996,20.29,21.39,21.39,24.0,22.66208333333333,88.40083333333332,0.836400462962963,96.85300000000001
2017-05-08,27.31,19.85,96.4,64.05,8.36,4.788888888888889,135.0,3.2,1.842631,0.24371759999999998,19.32,20.21,20.21,24.0,22.56833333333333,87.96875,1.116099537037037,141.95475000000002
2017-05-09,27.83,19.78,96.1,69.33,12.25,6.230555555555555,87.0,2.286,2.037961,0.2590715,19.4,20.16,20.16,24.0,23.00583333333333,82.52541666666666,1.3227430555555555,136.46825
2017-05-10,31.02,18.17,96.5,54.51,11.78,6.180555555555555,127.0,0.0,1.731304,0.2392866,19.78,22.03,22.03,24.0,22.154583333333335,81.82625,1.1200694444444446,36.78591666666667
2017-05-11,24.68,20.48,90.8,67.04,3.175,4.969444444444444,152.0,0.0,2.145076,0.2557964,17.22,20.96,20.96,24.0,20.559583333333332,77.6125,1.0656712962962962,49.44983333333334
2017-05-12,23.46,18.64,86.3,62.79,4.267,4.711111111111111,174.0,0.0,2.173078,0.2605569,16.34,18.79,18.79,24.0,21.326249999999998,81.63375,1.1081712962962962,126.736625
2017-05-13,26.77,17.31,92.7,62.25,10.94,5.738888888888889,88.0,0.0,1.98578,0.26178229999999997,18.15,20.09,20.09,24.0,22.74625,82.65666666666667,1.1917824074074075,160.245375
2017-05-14,28.75,17.71,95.3,58.42,13.83,4.6305555555555555,82.0,0.457,1.770346,0.2536251,20.25,21.63,21.63,24.0,24.01375,69.45541666666666,2.3866087962962963,167.813875
2017-05-15,29.94,17.69,96.6,44.32,14.48,11.7,283.0,4.572,2.069679,0.2624997,15.29,18.47,18.47,24.0,20.3025,74.63541666666667,1.0017708333333333,164.653875
2017-05-16,28.32,14.15,95.3,41.26,14.21,4.199999999999999,156.0,0.0,2.127314,0.47548779999999996,16.61,18.96,18.96,24.0,20.8525,81.18124999999999,0.9856018518518518,117.64699999999999
2017-05-17,26.98,16.94,93.7,55.79,10.15,5.311111111111111,93.0,0.0,1.767147,0.3383172,17.09,18.73,18.73,24.0,20.88083333333333,84.18916666666667,1.0216898148148148,106.02387499999999
2017-05-18,26.99,16.86,95.9,60.51,9.15,5.369444444444444,93.0,1.8290000000000002,1.550047,0.3445127,18.93,19.69,19.69,24.0,19.99,95.39166666666667,1.2102893518518518,15.780208333333334
2017-05-19,21.41,19.25,96.9,91.6,1.362,9.469444444444445,72.0,57.66,1.628771,0.46048619999999996,19.3,19.84,19.84,24.0,19.744583333333335,96.75,2.1104398148148147,19.150125
2017-05-20,20.32,18.88,97.1,96.0,1.653,7.419444444444444,81.0,93.0,1.8297700000000001,0.6978441,19.5,19.98,19.98,24.0,21.308333333333334,95.14999999999999,2.128935185185185,65.31037500000001
2017-05-21,24.38,19.89,97.1,84.9,5.636,9.319444444444443,88.0,12.12,1.2838,0.3734551,20.66,21.25,21.25,24.0,21.328333333333333,95.78750000000001,0.9460763888888889,21.185125
2017-05-22,22.77,20.17,96.9,91.6,1.828,4.6305555555555555,289.0,2.972,1.224879,0.3030424,20.08,20.59,20.59,24.0,19.968333333333334,90.3625,0.8394328703703704,59.39270833333333
2017-05-23,24.56,15.98,96.9,60.24,5.126,4.769444444444445,149.0,0.457,2.039755,0.2825723,15.08,15.98,15.98,24.0,18.9975,87.81708333333334,0.9595717592592593,97.626125
2017-05-24,25.65,14.19,96.8,62.7,8.43,3.7611111111111106,196.0,0.0,2.044718,0.25903899999999996,18.43,19.18,19.18,24.0,21.197916666666668,91.22083333333335,1.0964930555555554,76.479125
2017-05-25,26.66,19.17,96.4,70.44,6.6,4.561111111111112,285.0,2.286,2.186814,0.2660262,18.99,19.68,19.68,24.0,22.700416666666666,87.86833333333334,1.0442129629629628,121.14524999999999
2017-05-26,28.78,19.36,96.3,65.7,10.46,4.1,83.0,0.0,2.31197,0.2523942,20.82,22.18,22.18,24.0,24.564999999999998,86.89833333333333,0.9269444444444445,125.34937500000001
2017-05-27,31.18,21.79,95.9,65.06,10.82,4.680555555555556,257.0,3.658,2.081486,0.2479082,21.85,22.51,22.51,24.0,21.835416666666664,96.2375,0.9619328703703703,13.289250000000001
2017-05-28,22.83,20.34,97.0,95.0,1.147,7.588888888888889,172.0,47.35,2.3413,0.3722599,19.89,20.36,20.36,24.0,20.18125,96.01666666666667,1.0539467592592593,24.167666666666666
2017-05-29,21.14,19.49,97.1,93.6,2.086,4.411111111111111,243.0,12.8,2.194519,0.429579,19.51,20.02,20.02,24.0,21.925833333333333,92.81833333333333,0.9578125000000001,84.69283333333333
2017-05-30,27.53,19.04,97.2,72.93,7.309,6.888888888888889,169.0,9.6,2.108085,0.3285421,20.13,20.69,20.69,24.0,19.345,95.73333333333333,1.1749421296296296,22.520666666666667
2017-05-31,20.66,18.0,96.9,93.2,1.944,4.6305555555555555,150.0,21.95,2.105757,0.543661,17.54,18.05,18.05,24.0,18.829166666666666,96.40416666666665,1.1504976851851851,22.962208333333333
2017-06-01,21.15,17.92,97.2,93.4,1.982,6.888888888888889,199.0,57.56,2.015466,0.5013636,17.53,18.01,18.01,24.0,20.612083333333334,74.52583333333332,2.1760532407407407,137.90908333333334
2017-06-02,26.48,15.29,97.4,43.2,11.9,11.930555555555555,292.0,1.143,1.773991,0.4710298,13.55,15.44,15.44,24.0,19.087500000000002,78.52083333333333,0.9568865740740741,126.78104166666667
2017-06-03,27.19,13.69,94.8,47.61,10.94,5.280555555555556,154.0,0.0,1.647669,0.6357172999999999,17.16,18.9,18.9,24.0,20.379166666666666,86.4975,1.0517824074074074,113.5215
2017-06-04,25.72,17.53,95.6,61.29,9.8,7.330555555555556,109.0,0.686,1.687821,0.5955685,17.32,18.02,18.02,24.0,19.89625,90.8925,0.8635300925925926,75.343125
2017-06-05,25.22,16.88,96.8,71.73,6.502,5.511111111111111,170.0,16.36,1.727339,0.3855729,19.63,20.15,20.15,24.0,20.674166666666668,95.8875,1.3056597222222222,37.54320833333333
2017-06-06,23.01,19.74,97.6,88.9,3.24,5.669444444444444,25.0,25.43,2.025771,0.5154736,19.63,20.03,20.03,24.0,20.696666666666665,96.57083333333333,0.7307523148148148,20.859375
2017-06-07,22.05,19.82,97.6,93.3,1.8,3.661111111111111,281.0,16.94,1.985399,0.4227318,20.38,20.82,20.82,24.0,20.985,95.95,0.9707407407407408,26.176791666666663
2017-06-08,21.87,20.49,97.5,91.1,2.259,3.961111111111111,110.0,0.686,2.103637,0.3391529,20.2,20.7,20.7,24.0,22.079583333333332,87.39083333333333,1.4785416666666666,56.009125000000004
2017-06-09,27.1,20.11,96.9,54.59,4.833,9.361111111111112,297.0,2.54,2.043502,0.29941789999999996,16.75,20.92,20.92,24.0,18.36,75.59708333333333,1.7090277777777778,60.98145833333333
2017-06-10,23.67,12.72,94.5,43.21,5.263,12.799999999999999,249.0,0.0,1.999171,0.2842639,5.68,13.02,13.02,24.0,14.657083333333333,68.35375,1.3392592592592594,136.82554166666668
2017-06-11,23.15,8.42,92.8,39.25,11.81,4.411111111111111,253.0,0.0,2.100107,0.2846468,10.51,11.84,11.84,24.0,15.32875,82.84041666666667,0.9577546296296297,129.18183333333334
2017-06-12,24.3,9.3,95.9,46.74,11.15,4.3999999999999995,77.0,0.0,2.060616,0.2670705,12.47,13.27,13.27,24.0,16.315833333333334,82.35333333333334,0.8831712962962963,119.89983333333333
2017-06-13,25.54,10.87,96.4,50.98,10.35,3.9194444444444443,172.0,0.0,1.996598,0.27315249999999996,13.17,14.2,14.2,24.0,17.104583333333334,86.69666666666666,0.7697453703703703,73.11745833333333
2017-06-14,24.32,13.0,95.8,59.88,6.31,2.611111111111111,19.0,0.0,2.156226,0.41434509999999997,14.74,15.47,15.47,24.0,18.389166666666668,86.05458333333333,0.8784375,95.58304166666666
2017-06-15,26.12,12.74,96.7,56.12,8.25,4.51111111111111,115.0,0.229,1.9816600000000002,0.31071499999999996,18.2,19.36,19.36,24.0,20.470833333333335,87.92,0.8001388888888888,76.50154166666667
2017-06-16,25.53,16.75,96.7,66.68,6.602,4.9111111111111105,89.0,0.0,1.864058,0.3931185,16.2,16.77,16.77,24.0,20.103333333333335,88.94875,0.766261574074074,105.57466666666666
2017-06-17,26.93,16.72,96.9,61.97,9.11,4.161111111111111,76.0,0.0,1.5854110000000001,0.3338796,17.04,17.63,17.63,24.0,20.005,88.54916666666666,0.7447106481481481,127.921625
2017-06-18,28.28,16.53,97.0,58.48,11.04,3.0388888888888888,78.0,0.0,1.58122,0.2628142,16.54,17.11,17.11,24.0,23.136666666666667,72.90416666666667,1.161261574074074,116.41079166666667
2017-06-19,34.29,15.95,97.1,34.23,10.05,6.25,8.0,0.0,1.7922449999999999,0.26947899999999997,17.25,19.78,19.78,24.0,17.042916666666667,92.35000000000001,1.8002662037037036,13.337708333333333
2017-06-20,21.19,12.92,95.9,81.0,1.151,6.219444444444444,144.0,7.772,2.210659,0.34195149999999996,12.02,12.98,12.98,24.0,14.340416666666668,86.15791666666667,1.0994675925925925,39.21183333333333
2017-06-21,16.43,12.9,94.6,68.16,3.384,3.1805555555555554,280.0,1.8290000000000002,2.29545,0.6534377,13.17,14.71,14.71,24.0,16.294166666666666,86.1825,0.9140625,62.7945
2017-06-22,19.64,14.31,94.7,69.8,5.419,3.1111111111111107,211.0,0.0,2.143529,0.3265826,15.54,16.38,16.38,24.0,18.53291666666667,91.85833333333333,0.7149074074074074,55.21695833333334
2017-06-23,21.92,16.32,96.1,77.74,4.765,2.8194444444444446,67.0,0.914,2.000185,0.26443,18.52,19.16,19.16,24.0,20.545,90.855,1.1360648148148147,105.87741666666666
2017-06-24,25.69,17.67,97.0,72.66,9.14,6.230555555555555,78.0,0.0,1.9892379999999998,0.2498298,18.01,18.76,18.76,24.0,20.66375,89.00875,0.8996180555555555,92.565875
2017-06-25,27.74,17.43,96.8,67.1,7.9879999999999995,3.95,87.0,0.229,2.050407,0.2404633,18.86,19.48,19.48,24.0,20.774583333333332,88.8825,1.0844328703703703,112.57754166666666
2017-06-26,26.17,16.67,96.8,70.09,9.72,7.238888888888888,89.0,0.0,2.112478,0.2339682,16.29,16.9,16.9,24.0,19.008333333333333,87.75,1.008113425925926,135.10204166666668
2017-06-27,26.18,15.74,97.5,56.17,11.66,4.780555555555556,100.0,0.0,2.19478,0.25272269999999997,17.46,18.8,18.8,24.0,19.695416666666667,86.72874999999999,0.885474537037037,89.44170833333334
2017-06-28,26.82,15.9,96.5,55.61,7.719,3.7611111111111106,82.0,0.0,1.978078,0.2487679,17.55,18.13,18.13,24.0,19.844166666666666,86.93958333333335,1.0453819444444445,122.19604166666666
2017-06-29,27.42,15.06,96.8,57.99,10.55,3.6305555555555555,53.0,0.0,1.816977,0.2576292,14.93,16.67,16.67,24.0,19.657083333333333,82.67416666666666,0.9510185185185186,116.791875
2017-06-30,28.96,13.87,96.3,46.67,10.08,3.8,81.0,0.0,1.849481,0.2580709,16.54,17.42,17.42,24.0,20.866666666666667,80.56041666666667,1.102962962962963,115.58766666666668
2017-07-01,30.33,14.87,97.0,44.53,9.98,7.361111111111111,133.0,0.0,1.694566,0.2891388,18.31,20.09,20.09,24.0,19.132916666666667,85.52333333333333,1.2344791666666666,35.660833333333336
2017-07-02,21.45,16.4,94.8,75.91,3.078,5.519444444444445,150.0,0.229,1.716136,0.3211389,13.27,16.4,16.4,24.0,17.125833333333333,73.38291666666667,1.1430555555555555,100.6255
2017-07-03,21.91,13.75,92.2,50.9,8.68,5.338888888888889,154.0,0.0,1.728392,0.7763593,12.54,13.77,13.77,24.0,16.04,86.24,1.0529513888888888,94.42320833333333
2017-07-04,23.32,11.54,95.6,58.99,8.15,6.438888888888888,125.0,0.229,1.492044,0.39406209999999997,13.37,14.13,14.13,24.0,16.881666666666668,91.44458333333334,1.1118402777777778,76.31029166666666
2017-07-05,23.09,14.05,96.2,67.54,6.586,6.180555555555555,42.0,2.286,1.344959,0.2347041,15.48,16.1,16.1,24.0,18.825833333333332,85.78666666666668,1.1419328703703704,125.69120833333334
2017-07-06,26.47,15.46,96.5,48.37,10.85,6.449999999999999,61.0,0.686,1.429039,0.23108879999999998,16.1,16.84,16.84,24.0,18.61,87.23708333333333,0.9816435185185185,131.83237499999998
2017-07-07,25.56,14.05,97.1,61.99,11.38,4.688888888888888,80.0,0.0,1.51397,0.230096,16.5,17.08,17.08,24.0,19.020833333333332,89.17791666666666,0.9428125,115.41358333333334
2017-07-08,26.0,15.46,97.4,63.68,9.96,4.019444444444445,80.0,0.457,1.6597149999999998,0.2280263,17.77,18.39,18.39,24.0,19.906666666666666,90.23625,1.0565046296296297,75.19325
2017-07-09,24.46,17.9,96.9,69.96,6.489,6.511111111111111,20.0,2.057,1.905576,0.2310641,18.2,18.87,18.87,24.0,20.497916666666665,89.03041666666667,0.9394907407407408,102.74849999999999
2017-07-10,27.32,17.69,97.0,64.31,8.87,4.730555555555556,81.0,0.0,1.7557369999999999,0.22474619999999998,18.48,19.42,19.42,24.0,21.09125,85.71541666666667,0.9302662037037037,113.68870833333334
2017-07-11,27.28,17.75,96.7,56.91,9.81,3.8,101.0,0.0,1.870629,0.2274872,17.22,17.81,17.81,24.0,20.145,90.2375,0.9178009259259259,130.84475
2017-07-12,27.19,17.21,97.4,64.25,11.29,4.161111111111111,69.0,0.0,1.885453,0.2362153,17.92,18.35,18.35,24.0,19.302083333333332,91.04958333333333,0.8999074074074075,61.23475
2017-07-13,24.72,16.36,97.8,66.5,5.285,4.0,,0.229,1.98292,0.2414381,17.65,18.31,18.31,24.0,19.899583333333332,86.90708333333333,0.8663541666666666,103.049125
2017-07-14,27.28,16.89,97.1,55.41,8.89,5.3805555555555555,89.0,0.0,1.6904,0.2457618,17.76,18.78,18.78,24.0,21.342083333333335,82.04708333333333,0.9998611111111111,127.466875
2017-07-15,27.09,18.23,94.5,57.07,11.0,5.180555555555555,92.0,0.0,1.649978,0.24388359999999998,18.45,20.55,20.55,24.0,21.72,85.11041666666667,1.139513888888889,130.62233333333333
2017-07-16,27.04,17.83,96.1,65.21,11.27,5.1305555555555555,58.0,0.229,1.668532,0.24130829999999998,17.21,17.85,17.85,24.0,21.044166666666666,86.7975,0.9844560185185185,132.08120833333334
2017-07-17,29.58,17.08,97.8,56.48,11.4,4.0,,0.0,1.5469819999999999,0.24970669999999998,17.7,18.66,18.66,24.0,16.392083333333332,88.45791666666668,2.3938194444444445,21.491333333333333
2017-07-18,19.83,8.87,94.6,79.84,1.855,8.311111111111112,202.0,3.886,2.001202,0.2694874,7.905,8.92,7.096,24.0,10.820208333333333,71.53333333333333,1.568148148148148,162.11220833333334
2017-07-19,17.72,6.32,94.0,33.38,13.99,5.76111111111111,172.0,2.743,2.043666,0.6785947,5.185,6.32,3.817,24.0,11.489166666666668,77.145,1.0760300925925925,144.54045833333333
2017-07-20,20.72,5.018,94.2,41.74,12.47,4.46111111111111,136.0,0.0,2.05066,0.3356767,9.68,10.97,10.97,24.0,15.779166666666667,82.07625,1.024710648148148,148.64591666666666
2017-07-21,24.6,10.99,95.9,54.22,12.83,4.611111111111112,78.0,0.0,1.8844509999999999,0.2452323,12.94,13.57,13.57,24.0,17.13416666666667,85.71625,0.9979398148148149,153.56875
2017-07-22,26.89,11.46,97.1,48.97,13.25,4.388888888888889,64.0,0.0,1.9827460000000001,0.2495797,14.01,14.71,14.71,24.0,16.684166666666666,85.20458333333333,0.9008333333333334,109.86208333333333
2017-07-23,23.19,11.39,97.2,60.29,9.48,4.361111111111111,92.0,0.0,2.228158,0.3237289,15.66,17.26,17.26,24.0,18.917916666666667,83.86041666666667,1.0586689814814816,149.61091666666667
2017-07-24,25.97,13.37,97.3,55.21,12.91,6.569444444444444,87.0,0.0,2.163285,0.2515499,17.46,18.94,18.94,24.0,20.122083333333332,86.15583333333332,0.8542476851851851,148.10120833333335
2017-07-25,26.5,16.13,96.7,63.94,12.78,4.288888888888889,79.0,0.0,1.939784,0.24600799999999998,16.84,17.4,17.4,24.0,20.798750000000002,82.2275,0.943136574074074,158.693
2017-07-26,30.78,15.67,97.5,44.09,13.7,4.05,85.0,0.0,2.051793,0.2450753,15.77,16.57,16.57,24.0,20.15458333333333,83.22333333333334,0.8830787037037037,157.62258333333332
2017-07-27,29.52,13.67,97.6,49.72,13.6,4.6,111.0,0.0,2.027744,0.24690109999999998,18.16,19.49,19.49,24.0,20.78375,82.67666666666666,1.2014699074074073,151.065375
2017-07-28,27.09,17.42,96.7,53.69,13.04,5.780555555555555,70.0,0.0,1.7787009999999999,0.24309889999999998,17.16,17.73,17.73,24.0,19.743750000000002,86.83166666666666,1.2108333333333332,104.3405
2017-07-29,26.86,15.95,97.5,54.79,9.01,8.95,48.0,0.0,1.4747059999999999,0.24024179999999998,15.17,15.95,15.95,24.0,20.364166666666666,84.84375,1.1328703703703704,147.16829166666668
2017-07-30,27.23,15.96,96.3,58.9,12.7,5.1611111111111105,66.0,0.0,1.3027739999999999,0.2353661,18.14,19.38,19.38,24.0,21.150833333333335,83.76541666666667,1.0224537037037036,157.56341666666665
2017-07-31,28.02,17.12,96.5,53.31,13.6,5.288888888888889,86.0,0.0,1.211063,0.2269128,17.37,18.09,18.09,24.0,20.833333333333332,86.74875000000002,0.8920717592592592,134.75983333333332
2017-08-01,28.86,17.02,96.5,57.0,11.63,3.9194444444444443,72.0,0.0,1.417527,0.2576923,18.47,19.04,19.04,24.0,21.43958333333333,83.0975,0.9053819444444445,122.45083333333334
2017-08-02,28.27,18.28,96.4,48.35,10.57,4.019444444444445,10.0,0.0,1.58162,0.48905899999999997,18.19,20.32,20.32,24.0,22.89,70.99791666666667,1.026909722222222,146.024875
2017-08-03,30.62,17.87,95.3,33.17,12.6,4.638888888888888,68.0,2.743,1.6892939999999999,0.4778802,19.23,19.99,19.99,24.0,20.961666666666666,82.35916666666667,1.4272916666666664,123.856625
2017-08-04,26.34,17.18,96.9,50.24,10.69,8.86111111111111,278.0,14.63,1.778721,0.5214548,15.28,17.23,17.23,24.0,18.317916666666665,74.66708333333334,1.2602199074074074,152.87449999999998
2017-08-05,24.21,14.13,93.4,46.28,13.19,5.530555555555556,272.0,0.0,2.038249,0.2625283,12.71,16.56,16.56,24.0,18.6825,69.8875,1.133009259259259,128.14508333333333
2017-08-06,25.02,15.31,86.0,41.89,11.06,5.388888888888888,132.0,0.0,1.89973,0.232448,13.45,16.87,16.87,24.0,18.7775,76.31833333333333,1.2293981481481482,116.06225
2017-08-07,25.85,15.76,91.2,41.14,10.02,5.71111111111111,75.0,0.0,1.944486,0.23102589999999998,15.05,17.73,17.73,24.0,19.00625,79.38416666666667,1.3075578703703703,140.9795
2017-08-08,25.69,13.08,95.4,50.87,12.17,7.111111111111112,75.0,0.0,1.8736329999999999,0.2336211,15.46,16.27,16.27,24.0,19.4875,86.03875,1.2962615740740742,152.96304166666667
2017-08-09,29.04,14.09,96.6,52.57,13.2,8.330555555555556,213.0,7.5440000000000005,2.043054,0.2316801,17.6,18.23,18.23,16.0,20.94375,83.590625,1.1241840277777777,226.7118125
2017-08-10,24.68,19.06,86.7,68.37,0.17500000000000002,6.588888888888889,147.0,0.0,2.236191,0.2702506,16.83,19.08,19.08,,,,,
2017-08-11,23.99,17.81,91.5,63.3,5.921,4.95,29.0,0.0,2.123094,0.2506506,16.01,17.81,17.81,,,,,
2017-08-12,18.35,18.2,96.6,96.3,0.0,3.8499999999999996,41.0,0.457,0.2935926,0.2770529,17.64,18.2,18.2,,,,,
2017-11-30,,,,,,,,,,,,,,11.0,24.4,77.89636363636363,2.3060353535353535,202.22818181818184
2017-12-01,28.46,20.76,93.2,59.93,6.472,6.861111111111111,133.0,0.0,1.620137,0.3022293,19.77,21.08,21.08,24.0,23.0575,82.78333333333333,1.437175925925926,134.38125
2017-12-02,28.06,19.59,96.4,62.16,11.6,6.230555555555555,148.0,0.0,1.952347,0.2887035,19.38,20.14,20.14,24.0,23.739166666666666,81.67916666666666,1.5964699074074071,301.8075416666667
2017-12-03,30.68,19.25,98.0,49.86,26.05,6.6305555555555555,84.0,2.515,2.1464119999999998,0.29123689999999997,20.53,21.55,21.55,24.0,24.047083333333333,88.03833333333334,1.5867476851851852,237.23187500000003
2017-12-04,31.06,20.48,97.9,63.37,20.48,7.988888888888889,88.0,6.629,2.256404,0.3052477,21.7,22.75,22.75,24.0,25.261666666666667,85.01875,1.5129282407407407,221.09195833333334
2017-12-05,32.77,20.86,98.3,53.77,19.08,7.511111111111111,74.0,1.143,2.195925,0.301852,21.12,22.89,22.89,24.0,24.900833333333335,81.215,1.358148148148148,120.44641666666666
2017-12-06,28.73,22.49,94.7,60.32,10.39,4.988888888888889,116.0,0.229,2.275277,0.29655929999999997,21.66,22.68,22.68,24.0,24.15041666666667,86.91083333333334,1.5364814814814816,110.40050000000001
2017-12-07,29.88,21.79,96.5,69.79,9.53,7.0,80.0,0.229,2.186301,0.2904274,20.8,23.3,23.3,24.0,25.21166666666667,81.16875,1.5538310185185187,177.45583333333332
2017-12-08,31.11,21.58,97.0,56.97,15.31,6.280555555555555,120.0,1.6,1.836079,0.2839645,22.58,23.06,23.06,24.0,25.752499999999998,81.9525,1.7406828703703703,245.48495833333334
2017-12-09,32.74,21.36,98.0,53.97,21.19,9.088888888888889,142.0,0.0,1.8833479999999998,0.3281038,20.38,21.62,21.62,24.0,24.97125,78.93666666666667,1.3520023148148148,265.8964583333333
2017-12-10,32.51,19.68,97.0,50.53,22.95,6.1,41.0,0.229,1.9288379999999998,0.37472629999999996,20.69,23.29,23.29,24.0,26.804166666666664,76.05,1.6072569444444442,336.96958333333333
2017-12-11,35.29,20.58,96.1,44.51,29.08,6.8999999999999995,95.0,0.0,1.6731500000000001,0.4150645,22.18,24.46,24.46,24.0,26.08125,72.28416666666666,2.258414351851852,281.66791666666666
2017-12-12,33.53,20.26,95.5,42.1,24.31,10.0,141.0,0.0,1.843907,0.4491578,17.79,21.02,21.02,24.0,22.405416666666667,70.25625000000001,1.4865972222222223,84.14895833333334
2017-12-13,25.43,20.45,82.5,53.92,7.2620000000000005,5.45,120.0,0.229,1.709439,0.7699442999999999,16.68,21.39,21.39,24.0,24.26625,74.185,1.7795023148148148,196.56345833333333
2017-12-14,31.25,22.63,84.8,52.73,7.965,7.25,39.0,0.0,1.568302,0.3870104,19.92,23.06,23.06,24.0,25.917083333333334,75.54166666666667,1.7939930555555554,296.0950833333333
2017-12-15,32.29,23.21,88.4,54.08,15.2,7.5,48.0,0.0,1.416218,0.2753718,21.49,24.16,24.16,24.0,26.52208333333333,81.22,1.5549189814814814,239.0159166666667
2017-12-16,33.16,22.63,93.4,60.81,20.63,6.380555555555555,93.0,0.0,1.855273,0.2739003,23.1,24.88,24.88,24.0,27.316666666666666,80.34083333333334,1.7203819444444444,256.82116666666667
2017-12-17,33.94,24.07,93.3,57.21,22.17,8.030555555555555,69.0,0.0,1.872458,0.2716453,22.6,24.3,24.3,24.0,27.172083333333333,81.96166666666666,1.5219444444444443,268.99954166666663
2017-12-18,36.59,22.48,99.4,52.82,23.22,10.06111111111111,295.0,16.0,1.8268849999999999,0.2678077,22.5,22.61,22.61,24.0,23.548333333333332,92.86333333333333,1.6027199074074074,68.58633333333333
2017-12-19,27.45,21.53,99.7,79.46,5.9190000000000005,6.430555555555555,141.0,6.172,1.837912,0.3269303,21.51,21.84,21.84,24.0,23.14,95.85833333333333,1.9280208333333333,84.20320833333334
2017-12-20,26.04,21.63,98.6,87.7,7.267,4.6305555555555555,138.0,0.457,2.159127,0.3204148,22.2,22.67,22.67,24.0,23.859166666666667,96.78333333333335,1.0013194444444444,52.10908333333333
2017-12-21,27.2,22.39,99.8,86.6,4.497,4.1499999999999995,143.0,0.229,1.889208,0.32453319999999997,22.69,22.72,22.72,24.0,24.70875,91.91833333333334,1.5267592592592594,173.50695833333336
2017-12-22,30.42,22.89,95.7,72.39,12.72,5.180555555555555,140.0,0.229,1.517658,0.30387929999999996,22.19,22.9,22.9,24.0,26.339583333333334,83.82208333333334,1.4921527777777779,267.46204166666666
2017-12-23,33.09,23.93,95.7,58.11,11.02,6.238888888888889,50.0,0.0,1.47735,0.28274299999999997,23.27,24.1,24.1,24.0,27.337500000000002,86.42958333333333,1.1466203703703703,183.6771666666667
2017-12-24,36.21,24.18,99.1,52.73,5.805,6.269444444444444,111.0,0.0,1.485058,0.377169,24.55,24.72,24.72,24.0,25.034166666666668,96.48333333333333,1.7304861111111112,75.2505
2017-12-25,30.22,21.45,99.9,81.1,4.228,9.86111111111111,158.0,0.229,2.41547,0.3029552,21.41,21.56,21.56,24.0,21.261666666666667,94.69583333333333,1.5601851851851851,47.418958333333336
2017-12-26,22.71,20.18,99.9,88.3,4.093,4.3694444444444445,144.0,0.457,1.9199869999999999,0.6427356,19.41,20.67,20.67,24.0,22.520416666666666,90.67708333333333,0.9002314814814815,81.62712499999999
2017-12-27,26.13,20.38,96.9,75.07,7.045,4.169444444444444,171.0,1.143,1.676354,0.3682882,21.92,22.59,22.59,24.0,24.999166666666667,90.06083333333333,1.2441087962962962,134.87383333333335
2017-12-28,25.06,24.38,95.4,92.6,0.0,4.211111111111111,104.0,0.229,1.67487,0.32836319999999997,23.77,24.63,24.63,24.0,26.200833333333335,88.68875000000001,1.7718287037037035,251.90291666666667
2017-12-29,31.62,23.35,98.9,69.16,21.74,7.749999999999999,90.0,0.686,1.929977,0.3399724,22.93,24.39,24.39,24.0,22.974166666666665,96.8625,1.203113425925926,52.65825
2017-12-30,25.38,19.96,99.0,90.1,4.545,6.811111111111111,146.0,0.457,1.974635,0.42041629999999997,19.77,20.02,20.02,24.0,23.24,91.76875,2.312939814814815,133.8289166666667
2017-12-31,29.39,19.85,99.0,72.1,11.55,5.961111111111111,167.0,0.686,1.9250500000000001,0.3553631,21.94,22.58,22.58,24.0,24.820416666666663,90.58541666666667,1.2524189814814815,135.9055
2018-01-01,30.72,22.17,98.5,70.31,11.73,4.261111111111111,141.0,0.229,2.12955,0.30539079999999996,23.46,24.21,24.21,24.0,26.314999999999998,90.44916666666667,1.2252546296296296,226.58404166666665
2018-01-02,32.84,22.94,98.8,67.15,19.56,5.180555555555555,54.0,0.914,2.228735,0.3178638,24.08,24.32,24.32,24.0,28.239166666666666,78.53666666666668,1.4661111111111111,211.16674999999998
2018-01-03,35.82,23.19,99.3,47.22,18.22,9.63888888888889,276.0,0.457,2.351855,0.30262639999999996,23.2,26.13,26.13,24.0,26.324166666666667,81.94416666666667,1.527789351851852,239.51720833333331
2018-01-04,33.29,20.7,97.9,53.64,20.67,6.430555555555555,144.0,0.229,2.340947,0.29789879999999996,19.79,20.77,20.77,24.0,25.487083333333334,75.13041666666668,1.5572222222222223,339.935875
2018-01-05,32.57,18.74,97.8,40.53,29.34,6.8805555555555555,99.0,0.457,2.214616,0.295437,20.74,23.11,23.11,24.0,26.094166666666666,78.21958333333333,1.8310069444444446,334.85770833333333
2018-01-06,32.17,20.04,96.9,53.55,28.9,7.988888888888889,82.0,0.457,2.086097,0.2896202,21.68,23.26,23.26,24.0,25.873333333333335,82.1125,1.6051620370370372,247.69716666666667
2018-01-07,35.78,21.29,97.4,51.85,21.38,12.4,151.0,0.0,1.76336,0.28450549999999997,20.49,23.49,23.49,24.0,24.038750000000004,79.42208333333333,1.6659837962962962,61.479625
2018-01-08,26.2,21.37,94.6,67.66,5.306,5.788888888888889,161.0,0.0,1.925452,0.2843384,20.39,21.45,21.45,24.0,24.274583333333336,75.4825,2.047476851851852,203.87137499999997
2018-01-09,30.56,20.49,94.9,48.42,17.59,7.238888888888888,197.0,0.229,1.623232,0.30771509999999996,18.33,22.51,22.51,24.0,23.356666666666666,87.25208333333335,1.3768634259259258,79.067
2018-01-10,25.57,21.36,98.2,76.66,6.823,5.5,273.0,0.0,1.458672,0.2956001,22.6,22.89,22.89,24.0,23.63875,97.69583333333333,1.0546643518518517,56.00341666666666
2018-01-11,25.43,23.03,99.1,92.2,4.263,5.519444444444445,91.0,2.286,1.567173,0.4100331,22.92,23.08,23.08,24.0,23.870416666666667,96.30416666666667,1.316273148148148,122.38591666666667
2018-01-12,29.63,20.78,99.4,74.98,10.56,7.6,267.0,12.8,1.816606,0.3693,20.7,20.84,20.84,24.0,23.89,89.42333333333333,1.1465856481481482,222.36270833333333
2018-01-13,33.27,19.53,99.6,56.63,19.19,6.96111111111111,24.0,6.858,1.581045,0.4502197,21.64,21.8,21.8,24.0,25.178749999999997,89.5625,1.2933912037037036,252.14170833333333
2018-01-14,33.31,20.71,99.4,58.23,21.76,6.011111111111111,298.0,1.143,2.295175,0.4973301,22.69,22.77,22.77,24.0,25.537499999999998,92.61125,1.102962962962963,186.440375
2018-01-15,34.32,21.96,99.9,59.18,16.09,12.4,19.0,0.914,1.8214009999999998,0.4698344,23.53,23.76,23.76,24.0,28.44333333333333,78.76625,1.7275,210.96624999999997
2018-01-16,37.57,23.45,99.4,44.08,18.21,9.9,272.0,0.457,1.863366,0.3920377,24.21,24.41,24.41,24.0,26.310000000000002,92.11291666666666,1.385011574074074,127.77929166666667
2018-01-17,33.79,22.98,99.6,65.72,11.03,6.788888888888889,148.0,0.229,2.099155,0.3940287,22.93,22.99,22.99,24.0,24.705416666666665,97.33749999999999,1.0543402777777777,100.471875
2018-01-18,28.9,22.61,99.8,84.2,8.67,4.8388888888888895,45.0,0.0,2.059465,0.4914731,24.5,24.55,24.55,24.0,28.42125,82.92458333333333,1.4546296296296297,273.59654166666667
2018-01-19,39.05,24.63,98.3,39.99,20.14,8.78888888888889,154.0,0.0,1.771993,0.3509825,24.2,25.01,25.01,24.0,25.40833333333333,91.04208333333334,1.4293055555555556,103.06220833333333
2018-01-20,30.06,23.0,98.5,71.94,8.89,6.361111111111111,140.0,0.0,1.9582000000000002,0.3346163,22.56,23.03,23.03,24.0,23.74875,94.14999999999999,1.079201388888889,62.513625
2018-01-21,26.31,21.94,98.2,85.7,5.395,3.4305555555555554,146.0,0.0,1.9593,0.313651,22.51,23.03,23.03,24.0,24.92375,93.1125,1.095,119.57291666666667
2018-01-22,28.96,21.94,98.9,79.06,10.32,4.669444444444444,99.0,0.229,1.808314,0.3103782,23.24,24.75,24.75,24.0,25.0925,91.51541666666667,1.3942708333333333,211.11175
2018-01-23,33.32,21.44,99.2,66.54,18.22,11.530555555555555,284.0,0.0,1.7108219999999998,0.30766109999999997,21.85,22.03,22.03,24.0,26.36791666666667,88.59583333333335,1.5360648148148146,275.7214583333333
2018-01-24,23.52,23.03,98.1,97.2,0.0,4.669444444444444,354.0,0.0,1.7423959999999998,0.6033244,22.57,23.03,23.03,24.0,26.24416666666667,89.28333333333335,1.2915625,208.38116666666667
2018-01-25,37.56,22.5,99.1,52.72,17.96,11.130555555555555,57.0,0.229,1.878416,0.39993599999999996,23.16,23.4,23.4,15.0,24.096,93.98,0.9818333333333332,77.96153333333334
2018-04-20,,,,,,,,,,,,,,20.0,24.06,81.102,1.112375,241.33065000000002
2018-04-21,31.39,17.59,98.8,48.29,17.36,4.319444444444445,90.0,0.0,1.933997,0.3015664,19.39,20.06,20.06,24.0,23.0575,81.70041666666667,1.0119328703703703,178.54145833333334
2018-04-22,31.21,17.78,98.5,50.36,15.41,4.819444444444445,90.0,0.0,1.766925,0.2968961,19.05,20.24,20.24,24.0,23.260416666666668,82.99458333333332,1.130300925925926,190.42325000000002
2018-04-23,30.2,18.07,98.0,58.23,16.43,5.469444444444445,79.0,0.0,1.5851259999999998,0.3091601,20.08,21.04,21.04,24.0,23.68625,84.12666666666667,1.0288310185185185,164.63141666666667
2018-04-24,30.58,18.98,98.0,58.6,14.21,5.569444444444445,87.0,0.0,1.5608,0.2888379,21.08,22.47,22.47,24.0,24.30333333333333,84.26291666666667,0.9850925925925926,165.54058333333333
2018-04-25,31.31,19.88,98.1,55.52,14.29,4.3999999999999995,98.0,0.0,1.679599,0.2821513,21.17,22.03,22.03,24.0,24.374166666666667,84.75083333333333,1.0202893518518519,176.98591666666667
2018-04-26,31.25,19.72,98.3,56.48,15.27,5.080555555555555,55.0,0.0,1.7164389999999998,0.35408629999999996,21.34,22.17,22.17,24.0,24.306250000000002,86.28833333333334,1.0009953703703702,154.54575
2018-04-27,31.22,20.01,98.0,60.68,13.34,5.1305555555555555,81.0,0.0,1.9479639999999998,0.3003916,21.72,22.35,22.35,24.0,25.01875,87.07458333333334,1.119675925925926,153.63983333333334
2018-04-28,31.55,21.49,97.9,63.86,13.26,5.919444444444444,62.0,0.0,2.050736,0.2945068,21.93,22.64,22.64,24.0,25.2825,86.36291666666666,0.9587152777777778,132.784625
2018-04-29,31.02,21.88,97.6,59.03,11.46,4.111111111111112,78.0,0.0,2.038048,0.27852119999999997,22.35,22.74,22.74,24.0,25.286666666666665,86.74874999999999,1.0626851851851853,145.92395833333333
2018-04-30,31.86,21.14,98.6,63.14,12.59,5.8999999999999995,76.0,0.0,2.049163,0.2769713,23.04,24.9,24.9,24.0,26.670416666666668,84.27458333333333,1.0085300925925926,151.44879166666666
2018-05-01,33.81,21.86,98.3,54.86,13.07,3.838888888888889,125.0,0.0,2.023181,0.2789331,22.96,25.5,25.5,24.0,24.465416666666666,87.51125,1.2824074074074074,35.08108333333333
2018-05-02,26.39,21.93,96.7,78.45,3.027,5.019444444444445,84.0,0.0,2.238572,0.2796342,21.53,22.06,22.06,24.0,22.189999999999998,97.79166666666667,1.286736111111111,28.290625000000002
2018-05-03,23.54,21.39,99.7,96.1,2.441,4.0,,0.0,2.403711,0.3011838,22.0,22.05,22.05,24.0,23.637916666666666,95.57916666666667,0.9503819444444445,104.70625000000001
2018-05-04,28.4,21.81,99.7,75.07,9.04,4.0,,0.0,1.778065,0.3532066,21.92,22.09,22.09,24.0,25.159166666666668,90.19375000000001,0.8589814814814815,152.04679166666668
2018-05-05,31.87,21.32,99.4,64.95,13.12,3.3805555555555555,29.0,0.0,1.8029959999999998,0.32948489999999997,23.31,23.57,23.57,24.0,25.724166666666665,89.92958333333333,1.0141898148148147,120.79916666666666
2018-05-06,30.98,22.88,98.8,64.13,10.42,3.661111111111111,119.0,0.0,1.8813529999999998,0.3434851,23.26,24.0,24.0,24.0,23.9525,92.5,1.3389699074074075,77.05629166666667
2018-05-07,27.73,21.67,98.8,76.09,6.651,7.25,186.0,0.0,1.9067129999999999,0.5278693,21.47,21.73,21.73,24.0,21.964583333333334,94.98333333333333,1.2830671296296297,59.205125
2018-05-08,24.97,19.86,99.1,85.7,5.109,4.45,203.0,0.0,1.753844,0.5534827,19.36,19.86,19.86,24.0,20.653333333333332,96.72083333333335,0.8383333333333333,52.42129166666667
2018-05-09,23.91,19.22,98.5,86.5,4.525,3.569444444444444,252.0,0.0,1.523124,0.4029713,19.6,20.06,20.06,24.0,21.905,92.52499999999999,0.8342592592592593,105.18645833333333
2018-05-10,21.15,20.46,97.8,93.9,0.0,1.15,268.0,0.0,1.276005,1.053029,20.14,20.48,20.48,24.0,22.305000000000003,89.23875,0.9795138888888889,128.666125
2018-05-11,29.01,19.96,97.2,60.03,9.55,5.430555555555555,112.0,0.0,1.550415,0.3095034,19.44,19.99,19.99,24.0,22.812916666666666,90.27625,0.7865393518518519,107.93341666666667
2018-05-12,23.32,22.98,96.8,95.9,0.0,1.44,319.0,0.0,1.539037,1.350837,22.31,22.98,22.98,24.0,23.179166666666664,72.36625,1.7893055555555553,172.93945833333336
2018-05-13,19.68,19.5,89.8,89.0,0.0,0.86,259.0,0.0,1.727606,1.6165500000000002,17.87,19.58,19.58,24.0,21.0725,82.45708333333333,0.9334375,116.341875
2018-05-14,26.62,20.08,90.2,60.42,4.808,5.45,155.0,0.0,2.380372,0.3378757,18.85,20.49,20.49,24.0,21.855416666666667,84.60708333333334,1.046111111111111,102.77033333333333
2018-05-15,27.25,19.53,93.9,61.69,8.19,5.1194444444444445,96.0,0.0,2.327115,0.2950659,18.53,19.54,19.54,24.0,21.913749999999997,86.80125,0.8926504629629629,144.274875
2018-05-16,29.59,20.8,98.1,54.95,6.103,4.238888888888889,78.0,0.0,2.198621,0.40315809999999996,20.47,20.8,20.8,24.0,22.249166666666667,85.3275,1.1465625,112.55433333333333
2018-05-17,27.28,18.74,98.5,60.86,9.71,5.3805555555555555,157.0,0.0,2.375331,0.27630859999999996,18.09,21.02,21.02,24.0,20.396666666666665,84.64375,1.0093287037037038,31.164875
2018-05-18,21.77,19.09,93.9,72.08,2.69,2.680555555555556,356.0,0.0,2.471483,0.32063179999999997,18.17,19.21,19.21,24.0,21.177083333333332,91.7675,0.8178935185185185,67.055625
2018-05-19,27.04,17.87,98.5,70.5,5.787,6.011111111111111,277.0,0.0,2.269008,0.3495294,20.41,20.7,20.7,24.0,20.539583333333333,77.30208333333333,2.305925925925926,113.63616666666667
2018-05-20,26.15,16.04,98.8,49.32,9.81,9.661111111111111,276.0,0.0,2.267016,0.4368277,9.04,16.63,16.63,24.0,18.678333333333335,53.530833333333334,3.145219907407407,159.834125
2018-05-21,25.13,14.09,69.72,31.74,13.79,11.080555555555556,278.0,0.0,2.17293,0.6342192,7.505,14.59,14.59,24.0,15.794583333333334,72.48416666666667,0.9959027777777778,152.248
2018-05-22,24.6,9.17,95.0,40.14,13.14,3.569444444444444,144.0,0.0,1.896408,0.7038314999999999,11.65,12.5,12.5,24.0,16.267500000000002,84.29833333333333,0.8392013888888888,147.13504166666667
2018-05-23,25.15,10.2,98.0,48.93,12.7,4.019444444444445,258.0,0.0,1.567437,0.3983248,14.8,16.13,16.13,24.0,18.65041666666667,78.76041666666667,1.0998495370370371,138.78254166666667
2018-05-24,25.57,15.02,95.7,47.63,11.98,4.961111111111111,99.0,0.0,1.888302,0.4312127,14.1,16.75,16.75,24.0,18.094583333333333,82.48666666666666,0.9146527777777776,87.92508333333332
2018-05-25,23.81,14.28,95.3,61.78,7.589,3.6694444444444447,113.0,0.0,1.887966,0.4391808,15.93,17.83,17.83,24.0,18.561666666666667,83.88833333333334,0.873611111111111,39.98770833333334
2018-05-26,21.02,17.06,90.9,71.31,3.451,4.180555555555555,20.0,0.0,1.838417,0.39889009999999997,16.53,18.16,18.16,24.0,19.705416666666668,87.42916666666667,0.6882175925925926,72.70458333333333
2018-05-27,25.24,16.88,95.8,65.96,6.275,3.9388888888888887,88.0,0.0,1.830464,0.2833428,18.2,18.91,18.91,24.0,20.655416666666667,88.09708333333333,0.8069212962962963,127.17920833333334
2018-05-28,28.69,15.91,98.7,61.04,10.98,5.611111111111111,78.0,0.0,1.8015430000000001,0.2755073,18.55,19.05,19.05,24.0,20.667083333333334,89.96041666666667,0.9439583333333333,127.228
2018-05-29,27.3,17.56,99.3,63.24,10.98,5.961111111111111,89.0,0.229,1.708518,0.2758274,18.23,18.53,18.53,24.0,20.294583333333332,91.3275,0.9687615740740739,125.611875
2018-05-30,26.89,16.85,98.8,68.18,10.84,5.180555555555555,87.0,0.0,1.732424,0.2807838,17.13,17.44,17.44,24.0,20.226666666666667,89.255,1.117037037037037,129.645375
2018-05-31,27.54,15.9,99.3,63.78,11.19,5.6,74.0,0.0,1.8485619999999998,0.2608224,19.11,20.14,20.14,24.0,20.845833333333335,87.63333333333333,0.796875,135.68224999999998
2018-06-01,27.5,17.41,98.7,59.8,11.71,3.95,96.0,0.0,1.943261,0.2563834,17.29,17.64,17.64,24.0,20.137916666666666,90.68208333333332,0.7247916666666666,70.97058333333334
2018-06-02,26.41,15.86,98.9,69.7,6.125,3.138888888888889,14.0,0.0,2.017282,0.2754754,19.28,20.58,20.58,24.0,19.938333333333333,93.825,0.9319907407407407,22.729583333333334
2018-06-03,21.83,17.41,98.6,85.1,1.962,4.780555555555556,162.0,0.0,2.192165,0.3192712,17.16,17.41,17.41,24.0,16.330000000000002,87.70208333333333,1.936550925925926,63.691125
2018-06-04,18.98,12.22,98.8,64.23,5.497,5.319444444444444,198.0,0.0,2.1964069999999998,0.7103108,11.71,12.3,12.3,24.0,14.7875,92.79583333333333,0.768611111111111,26.738958333333333
2018-06-05,17.39,11.63,98.0,84.6,2.307,2.569444444444444,286.0,0.0,1.924757,0.3832811,15.05,15.38,15.38,24.0,16.520416666666666,97.39166666666667,0.5518402777777778,31.071791666666666
2018-06-06,18.85,15.18,98.8,87.9,2.682,2.6888888888888887,195.0,0.0,1.699061,0.3854902,16.41,16.61,16.61,24.0,17.119583333333335,75.96333333333332,1.4255439814814814,139.16020833333332
2018-06-07,23.72,12.69,98.7,44.35,12.01,6.8805555555555555,205.0,0.0,1.779367,0.34190349999999997,11.82,12.69,12.69,24.0,14.64,95.80833333333334,0.7660648148148148,36.988375
2018-06-08,18.65,12.26,98.6,85.5,3.192,4.438888888888889,260.0,0.0,1.8053629999999998,0.5526962,11.82,14.01,14.01,24.0,14.290833333333333,78.03583333333333,1.024537037037037,142.07104166666667
2018-06-09,23.91,7.804,97.8,38.9,12.26,4.8388888888888895,285.0,0.0,1.8292419999999998,0.3407001,10.35,10.77,10.77,24.0,14.138333333333334,85.95666666666666,0.7156134259259259,121.46320833333334
2018-06-10,23.29,7.944,98.9,51.08,10.48,2.7888888888888888,82.0,0.0,2.087827,0.6242825,12.08,12.78,12.78,24.0,17.156666666666666,87.765,0.7693055555555555,81.98354166666667
2018-06-11,23.71,12.55,96.6,65.05,7.075,3.561111111111111,37.0,0.0,1.848739,0.2828231,16.84,17.56,17.56,24.0,19.291666666666668,93.65833333333335,0.6382291666666666,33.115208333333335
2018-06-12,23.31,16.78,97.5,80.4,2.858,2.7305555555555556,303.0,0.0,1.970113,0.27837239999999996,19.6,20.12,20.12,24.0,21.566666666666666,92.25291666666668,1.1424537037037037,16.97554166666667
2018-06-13,25.72,18.67,98.7,68.59,1.465,7.438888888888889,27.0,0.0,2.185334,0.2698472,20.33,20.61,20.61,17.0,21.172941176470587,80.00058823529412,1.49,181.32688235294117
2018-07-12,,,,,,,,,,,,,,11.0,16.668181818181818,70.77272727272727,1.1607575757575757,184.9918181818182
2018-07-13,22.18,10.49,95.4,44.56,6.464,3.7694444444444444,78.0,0.0,2.101922,0.30565919999999996,9.81,10.51,10.51,24.0,14.1725,84.31125,0.7677546296296297,139.14604166666666
2018-07-14,23.82,7.804,98.4,49.01,12.01,3.9305555555555554,94.0,0.0,2.124685,0.2859105,12.32,12.76,12.76,24.0,16.112083333333334,87.49916666666667,0.7241898148148148,134.58395833333333
2018-07-15,26.26,9.72,98.9,50.08,11.61,4.288888888888889,154.0,1.219,2.251524,0.2832844,14.57,14.78,14.78,24.0,18.477083333333333,88.11458333333333,1.3561574074074072,136.81929166666666
2018-07-16,29.68,13.0,99.6,53.51,11.81,4.0,,7.112,2.251197,0.28359,16.09,16.32,16.32,24.0,20.325833333333332,86.37124999999999,0.9992476851851851,125.73979166666668
2018-07-17,28.9,14.65,99.6,60.88,10.85,5.288888888888889,146.0,8.86,2.15338,0.2945915,19.15,21.23,21.23,24.0,21.854166666666668,87.34750000000001,0.9686574074074074,130.17233333333334
2018-07-18,27.88,17.92,98.5,64.98,11.23,4.661111111111111,105.0,4.572,2.077922,0.32495399999999997,19.29,20.16,20.16,24.0,20.68,89.77458333333334,0.9169212962962963,124.68866666666666
2018-07-19,26.55,16.92,98.8,66.35,10.76,4.111111111111112,72.0,10.29,1.710176,0.30357609999999996,17.35,17.52,17.52,24.0,19.83625,91.19833333333334,1.5128356481481482,135.10845833333335
2018-07-20,27.93,16.61,99.6,67.05,11.66,4.0,,0.0,1.5673819999999998,0.29041,17.78,18.01,18.01,24.0,20.535833333333333,89.75666666666666,1.6049652777777776,138.66025
2018-07-21,29.99,17.2,99.6,59.52,11.97,4.0,,0.686,1.42994,0.3117003,16.81,17.35,17.35,24.0,18.990416666666665,81.39083333333333,1.5383680555555557,140.681875
2018-07-22,25.04,15.7,97.9,43.25,12.14,6.261111111111111,128.0,0.229,1.615703,0.39411379999999996,13.86,15.76,15.76,24.0,17.242916666666666,87.17875,0.9745949074074073,51.05383333333333
2018-07-23,20.86,14.72,97.0,71.88,4.406,5.0,38.0,1.143,1.728594,0.6181282,15.76,17.37,17.37,24.0,19.59208333333333,84.675,0.9827083333333334,130.27616666666668
2018-07-24,27.09,15.36,96.5,57.66,11.24,6.419444444444444,164.0,0.229,1.6782759999999999,0.3901531,15.87,17.38,17.38,24.0,17.125,93.66666666666667,1.5109027777777777,21.976625
2018-07-25,18.49,16.33,98.6,85.5,1.897,4.0,,0.0,1.711107,0.2863091,16.54,16.75,16.75,24.0,18.282083333333333,96.22083333333335,1.3657870370370369,54.551458333333336
2018-07-26,22.92,16.67,98.8,82.3,4.709,4.0,,0.0,2.054988,0.530481,17.46,17.64,17.64,24.0,19.74416666666667,90.93874999999998,0.720798611111111,95.04283333333332
2018-07-27,25.9,16.67,99.0,67.82,8.2,4.1,64.0,0.0,1.9696449999999999,0.2865954,17.19,17.37,17.37,24.0,19.330833333333334,92.39958333333334,0.7267824074074074,59.91341666666667
2018-07-28,23.08,16.89,98.8,76.98,5.17,3.1111111111111107,92.0,0.0,1.8339500000000002,0.2797831,18.19,18.63,18.63,24.0,19.5975,93.00333333333333,0.8044444444444444,72.38154166666666
2018-07-29,24.47,18.15,98.6,76.54,6.247,4.8805555555555555,88.0,0.0,2.007082,0.2792377,18.24,18.65,18.65,24.0,19.40041666666667,90.85166666666667,1.3150810185185184,113.89195833333333
2018-07-30,27.72,16.32,98.9,63.3,9.83,8.261111111111111,139.0,0.0,1.950695,0.2780137,16.29,16.46,16.46,24.0,16.348333333333333,97.20833333333333,0.8692939814814814,26.43070833333333
2018-07-31,17.73,15.02,99.3,92.1,2.281,4.0,,0.0,2.115675,0.2995461,15.12,15.35,15.35,24.0,14.977083333333333,95.09166666666665,1.6166898148148148,22.63954166666667
2018-08-01,16.46,13.97,98.8,86.2,1.9540000000000002,4.019444444444445,125.0,0.0,2.176777,0.3352166,11.86,14.11,14.11,24.0,14.960833333333333,81.08958333333334,0.9421643518518518,60.034166666666664
2018-08-02,19.18,12.28,91.0,60.95,5.181,3.238888888888889,77.0,0.0,2.056157,0.33669109999999997,12.25,13.99,13.99,24.0,14.817083333333334,94.03333333333335,1.8321412037037037,32.697625
2018-08-03,16.31,13.29,98.9,84.3,2.822,4.0,,0.0,1.9207079999999999,0.42592399999999997,15.63,15.78,15.78,24.0,17.630416666666665,97.87083333333334,2.2495949074074075,40.11516666666667
2018-08-04,20.78,15.78,99.4,91.0,3.463,4.0,,0.0,1.653985,0.36437949999999997,17.15,17.25,17.25,24.0,19.109166666666667,91.89583333333333,0.711875,133.83008333333333
2018-08-05,25.86,15.96,99.9,63.49,11.55,3.3805555555555555,76.0,0.0,1.707015,0.3278732,17.65,17.81,17.81,24.0,18.17875,76.7525,1.415474537037037,146.64791666666665
2018-08-06,25.52,14.05,99.5,37.03,12.66,6.1611111111111105,255.0,0.0,1.719977,0.3251969,12.18,14.2,14.2,24.0,16.051666666666666,86.51791666666666,0.937951388888889,119.580625
2018-08-07,22.22,12.47,97.0,57.35,10.32,4.111111111111112,149.0,0.0,1.828659,0.3039175,13.4,13.93,13.93,24.0,17.372083333333332,84.40625,1.0383680555555554,168.53695833333333
2018-08-08,24.21,12.64,98.8,56.68,14.55,5.069444444444445,112.0,0.0,1.80024,0.29483129999999996,15.13,16.79,16.79,24.0,18.645,85.0525,0.9811574074074074,113.88495833333333
2018-08-09,25.04,14.18,98.0,54.03,9.83,4.830555555555556,17.0,0.0,1.8402859999999999,0.3055457,16.71,17.03,17.03,24.0,18.85375,76.68583333333333,1.6774768518518517,164.32125
2018-08-10,26.35,14.3,99.3,46.05,14.18,9.188888888888888,205.0,0.0,2.020248,0.29149379999999997,6.343,15.75,15.75,24.0,17.09625,53.46333333333333,2.415787037037037,185.80929166666667
2018-08-11,24.65,9.84,90.6,28.73,16.04,9.630555555555556,284.0,0.0,2.5081800000000003,0.36015149999999996,7.2780000000000005,12.68,12.68,24.0,17.15625,66.70208333333333,1.2294560185185184,177.77874999999997
2018-08-12,26.85,10.07,93.5,39.73,15.34,4.811111111111111,90.0,0.0,2.705838,0.5796323,12.29,13.32,13.32,24.0,16.723333333333333,79.29125,0.8782754629629629,166.358
2018-08-13,25.56,10.5,98.5,48.11,14.36,4.419444444444444,78.0,0.0,2.292866,0.29957829999999996,12.1,12.98,12.98,15.0,16.324,84.73,0.6828703703703703,108.0962
2019-03-07,,,,,,,,,,,,,,10.0,29.333999999999996,78.468,1.188972222222222,231.6775
2019-03-08,33.84,25.31,90.1,54.58,7.779,4.6305555555555555,14.0,0.0,1.9854500000000002,0.3395203,23.8,26.11,26.11,24.0,29.116249999999997,73.48791666666666,1.279236111111111,193.22475
2019-03-09,35.09,24.39,92.9,46.73,16.68,6.0888888888888895,219.0,0.0,1.9083160000000001,0.33764000000000005,22.25,24.72,24.72,24.0,27.837500000000002,80.70458333333333,1.240011574074074,165.23829166666667
2019-03-10,34.63,23.41,95.6,57.51,14.26,5.838888888888889,147.0,0.0,2.058536,0.357846,22.68,23.57,23.57,24.0,24.112083333333334,89.74083333333334,1.4613194444444444,66.66904166666667
2019-03-11,27.89,21.85,95.3,70.51,5.754,5.438888888888888,223.0,0.0,2.137496,0.37757189999999996,20.09,22.18,22.18,24.0,23.58875,84.41916666666667,1.0277199074074075,81.69941666666666
2019-03-12,27.36,21.67,93.1,67.49,7.05,3.6694444444444447,269.0,0.0,1.7289430000000001,0.3535197,21.04,22.21,22.21,24.0,24.018333333333334,87.71416666666666,1.0024768518518519,99.25458333333334
2019-03-13,27.91,21.65,94.8,74.13,8.57,4.761111111111111,199.0,0.0,1.6587779999999999,0.34140000000000004,22.07,22.93,22.93,24.0,26.14916666666667,86.96208333333334,1.212337962962963,222.8272916666667
2019-03-14,34.38,22.37,96.4,60.01,19.15,14.11111111111111,46.0,0.0,1.5362179999999999,0.3504326,23.15,23.76,23.76,24.0,26.633750000000003,87.85666666666667,1.2471412037037037,188.072
2019-03-15,35.3,23.37,97.1,55.24,16.23,6.3999999999999995,168.0,0.0,2.374515,0.5344479,24.12,24.61,24.61,24.0,24.327083333333334,93.03333333333335,1.2952083333333333,51.77666666666667
2019-03-16,25.86,23.19,97.5,83.6,4.469,5.288888888888889,193.0,0.0,2.679054,0.5823221,22.55,23.36,23.36,24.0,24.433333333333334,92.93333333333334,1.0574652777777778,53.65225
2019-03-17,26.59,23.17,96.6,81.7,4.63,6.330555555555555,151.0,0.0,1.711117,0.45954439999999996,22.96,23.82,23.82,24.0,25.14708333333333,91.24624999999999,0.818298611111111,104.79562499999999
2019-03-18,30.86,23.08,95.9,73.42,9.04,3.888888888888889,78.0,0.0,1.689253,0.42843319999999996,23.15,23.89,23.89,24.0,26.442083333333333,89.60583333333334,0.8023379629629629,126.88241666666666
2019-03-19,31.89,23.33,96.3,69.93,10.95,4.138888888888889,192.0,0.0,1.861608,0.38788639999999996,23.12,23.78,23.78,24.0,26.33666666666667,84.72833333333334,1.2079513888888889,169.744125
2019-03-20,34.0,22.65,96.7,55.84,14.65,4.45,57.0,0.0,2.033078,0.4145454,23.05,25.0,25.0,24.0,25.031666666666666,81.50875,1.291099537037037,77.39045833333333
2019-03-21,28.82,20.15,93.7,64.6,6.679,6.361111111111111,143.0,0.0,2.342084,0.4182526,18.72,20.26,20.26,24.0,22.170416666666668,82.12416666666667,1.0067708333333334,47.85125
2019-03-22,24.93,19.01,92.3,66.15,4.129,4.95,177.0,0.0,2.48775,0.4340128,17.79,19.05,19.05,24.0,19.972916666666666,93.94166666666666,1.0188773148148147,58.27700000000001
2019-03-23,22.77,18.41,96.1,86.5,5.03,4.580555555555555,248.0,0.0,2.465504,0.4215677,19.1,19.84,19.84,24.0,23.48125,84.11208333333333,0.8756597222222222,207.25275
2019-03-24,30.88,18.46,96.9,56.0,17.89,4.761111111111111,135.0,0.0,2.156025,0.3966647,21.03,23.29,23.29,24.0,25.706666666666667,81.94125,1.080324074074074,252.84512500000002
2019-03-25,32.44,20.48,96.2,56.7,21.82,5.75,75.0,0.0,2.069462,0.39940549999999997,22.53,23.58,23.58,24.0,26.66541666666667,80.36916666666666,1.523796296296296,219.74141666666665
2019-03-26,34.89,22.62,96.0,47.0,18.97,7.830555555555556,155.0,0.0,1.962597,0.4070677,21.64,23.08,23.08,24.0,22.62,90.03958333333333,1.2705092592592593,37.564083333333336
2019-03-27,24.59,20.86,96.0,77.16,3.242,4.0,,0.0,2.06273,0.46847809999999995,20.19,20.86,20.86,24.0,21.611666666666665,89.72541666666666,1.5510300925925924,43.74104166666667
2019-03-28,24.41,19.72,96.2,74.66,3.775,4.161111111111111,286.0,0.0,2.079192,0.4886738,20.41,21.17,21.17,24.0,21.954166666666666,93.50833333333333,1.2994328703703704,78.40029166666666
2019-03-29,24.46,20.13,96.9,85.0,6.766,5.6305555555555555,205.0,0.0,1.80397,0.5733964,20.3,21.08,21.08,24.0,22.853333333333335,90.0575,1.0754398148148148,141.19908333333333
2019-03-30,28.99,20.35,96.8,69.53,12.19,5.938888888888888,79.0,0.0,1.5285549999999999,0.5057482999999999,20.49,21.28,21.28,24.0,23.792083333333334,80.72416666666668,1.0436458333333334,242.48725000000002
2019-03-31,30.53,19.33,97.3,46.72,20.93,5.438888888888888,87.0,0.0,1.460329,0.3937417,19.21,20.78,20.78,24.0,23.48125,84.50208333333333,0.840023148148148,133.88654166666666
2019-04-01,30.18,18.89,96.1,60.21,11.56,3.75,143.0,0.0,1.546606,0.3804374,21.53,22.91,22.91,24.0,24.979166666666668,83.66875,1.0205902777777778,187.85579166666665
2019-04-02,31.02,21.33,96.4,59.95,16.21,6.019444444444445,104.0,0.0,1.754481,0.3860877,20.66,21.67,21.67,24.0,24.937916666666666,82.16833333333334,1.0103935185185184,229.11108333333334
2019-04-03,32.3,19.86,96.8,52.1,19.77,5.330555555555556,78.0,0.0,1.9033319999999998,0.38063159999999996,21.6,23.1,23.1,24.0,26.134583333333335,83.52,0.9403125,201.346125
2019-04-04,33.79,21.5,95.5,54.91,17.38,4.980555555555555,87.0,0.0,2.00775,0.366473,23.16,24.41,24.41,24.0,26.76,86.43791666666668,1.0108796296296296,191.71349999999998
2019-04-05,33.67,22.52,96.8,63.47,16.54,8.188888888888888,97.0,0.0,2.177569,0.3628302,24.77,25.78,25.78,24.0,27.39708333333333,86.53458333333333,1.1825462962962963,105.43029166666666
2019-04-06,35.25,24.79,95.8,59.99,9.1,8.469444444444443,209.0,0.0,2.21111,0.3667856,22.08,24.81,24.81,24.0,23.663749999999997,85.31833333333334,1.0454398148148147,51.76204166666667
2019-04-07,25.92,21.75,96.7,71.69,4.466,4.188888888888889,6.0,0.0,2.285573,0.38014139999999996,21.28,21.82,21.82,24.0,22.315416666666668,96.05,1.6407060185185187,37.50279166666667
2019-04-08,24.15,20.86,97.4,91.5,3.236,4.0,,0.0,2.351708,0.4153326,20.53,20.94,20.94,24.0,21.111666666666668,91.28333333333335,1.681689814814815,63.486875
2019-04-09,23.29,19.65,97.5,81.2,5.479,4.719444444444444,286.0,0.0,2.126982,0.42053579999999996,19.12,19.77,19.77,24.0,21.425,81.78875000000001,1.0274305555555554,121.573625
2019-04-10,27.56,17.39,97.3,54.79,10.49,5.219444444444444,161.0,0.0,2.005077,0.41049399999999997,17.89,18.91,18.91,24.0,22.449583333333333,84.40583333333333,0.9905324074074073,182.15266666666665
2019-04-11,29.75,16.97,96.3,54.48,15.72,4.711111111111111,106.0,0.0,1.890307,0.42254579999999997,20.12,22.17,22.17,24.0,24.567083333333333,82.6275,0.9134722222222221,161.86608333333334
2019-04-12,31.64,20.46,95.8,55.58,13.97,3.4194444444444443,70.0,0.0,1.591283,0.4036362,20.95,21.64,21.64,24.0,24.949166666666667,83.20166666666667,0.90125,210.03716666666665
2019-04-13,33.05,20.12,97.3,51.16,18.13,4.75,96.0,0.0,1.805472,0.4231023,22.07,22.89,22.89,24.0,24.672916666666666,87.09291666666667,0.8766087962962962,151.09466666666665
2019-04-14,31.07,21.31,97.5,61.41,13.04,5.238888888888889,78.0,0.0,1.8627289999999999,0.6633677,22.03,23.18,23.18,24.0,25.923333333333332,85.99083333333334,0.9101504629629629,158.03908333333334
2019-04-15,32.92,21.93,96.7,62.12,13.64,4.138888888888889,58.0,0.0,1.776888,0.36932489999999996,23.76,24.38,24.38,24.0,26.472083333333334,84.65208333333334,0.9626041666666666,183.57633333333334
2019-04-16,32.93,22.74,97.0,56.08,15.84,5.211111111111111,63.0,0.0,1.818181,0.3577293,22.34,23.45,23.45,24.0,24.18375,90.055,0.8517939814814813,89.19725
2019-04-17,31.12,20.96,96.6,62.24,7.698,4.738888888888888,238.0,0.0,1.910502,0.3616697,20.27,20.96,20.96,24.0,24.485,75.83583333333333,1.187488425925926,210.047375
2019-04-18,32.31,19.29,97.1,41.46,18.13,5.888888888888888,280.0,0.0,2.354586,0.3898249,17.95,20.3,20.3,24.0,23.744583333333335,77.72583333333334,0.8649305555555555,204.24416666666664
2019-04-19,31.81,17.47,94.3,46.73,17.63,4.919444444444444,101.0,0.0,2.359964,0.36289299999999997,20.61,22.67,22.67,24.0,24.852083333333336,81.2675,0.8628703703703704,199.34962499999997
2019-04-20,31.62,19.68,96.4,52.61,17.2,4.6499999999999995,88.0,0.0,2.245517,0.3593895,20.75,21.97,21.97,24.0,25.493333333333336,81.6225,0.755451388888889,160.219125
2019-04-21,33.74,20.06,96.5,50.37,13.83,3.2305555555555556,173.0,0.0,2.238642,0.3580344,20.28,23.47,23.47,24.0,24.6575,83.93124999999999,0.7540046296296296,94.39470833333333
2019-04-22,29.52,21.91,96.6,59.19,8.15,3.9305555555555554,90.0,0.0,2.221815,0.3573898,22.28,22.86,22.86,24.0,22.072916666666668,96.67916666666667,1.2684143518518518,13.208458333333333
2019-04-23,22.99,20.93,97.2,95.6,1.1400000000000001,4.0,,0.0,2.210546,0.4934549,20.52,21.02,21.02,24.0,21.415000000000003,95.91666666666667,1.3144212962962962,32.506708333333336
2019-04-24,22.56,20.67,97.4,89.9,2.805,4.719444444444444,250.0,0.0,2.046132,0.44017409999999996,20.45,21.04,21.04,24.0,23.2325,94.325,1.0835300925925926,81.29175
2019-04-25,27.45,20.78,97.9,81.2,7.016,4.0,,0.0,2.013491,0.44463339999999996,23.06,23.82,23.82,24.0,25.41208333333333,90.84208333333333,0.7118171296296296,101.58066666666667
2019-04-26,30.62,23.1,97.0,69.86,8.77,3.8999999999999995,97.0,0.0,1.915962,0.4194444,23.45,23.99,23.99,24.0,25.649583333333336,89.395,0.8931828703703704,152.77008333333333
2019-04-27,31.58,23.05,97.6,67.71,13.18,4.280555555555556,93.0,0.0,1.9612569999999998,0.439868,22.87,23.47,23.47,24.0,25.028333333333332,92.455,0.8194444444444443,80.12979166666666
2019-04-28,31.07,22.96,97.9,70.39,6.915,6.449999999999999,305.0,0.0,1.5990449999999998,0.3721703,23.16,23.56,23.56,24.0,22.868333333333336,96.9875,0.8581944444444445,33.514916666666664
2019-04-29,23.93,21.11,97.9,95.0,2.893,4.269444444444444,198.0,0.0,1.623343,0.4303068,20.98,21.39,21.39,24.0,22.360416666666666,87.94125000000001,0.8974421296296297,134.05683333333334
2019-04-30,28.03,20.0,97.8,62.15,11.57,4.161111111111111,165.0,0.0,1.762833,0.6472401999999999,19.32,21.01,21.01,24.0,22.980416666666667,84.90916666666666,0.8791550925925926,128.80516666666668
2019-05-01,28.42,19.64,95.8,64.34,11.12,5.530555555555556,82.0,0.0,1.8978800000000002,0.37271109999999996,20.52,22.0,22.0,24.0,23.06833333333333,88.15125,0.726111111111111,80.54233333333333
2019-05-02,28.11,19.98,96.2,66.83,6.9510000000000005,3.3305555555555557,258.0,0.0,1.922302,0.3641608,21.69,22.54,22.54,24.0,23.23708333333333,93.80833333333334,0.7182060185185185,61.448208333333326
2019-05-03,26.91,21.47,97.2,81.1,5.303,2.7305555555555556,50.0,0.0,2.147886,0.3617802,22.66,23.54,23.54,24.0,25.934166666666666,88.83458333333334,0.8571874999999999,163.99158333333335
2019-05-04,31.81,22.18,97.2,63.29,14.15,3.8305555555555553,46.0,0.0,2.010479,0.35017539999999997,24.18,24.79,24.79,24.0,26.97,89.325,0.9173611111111111,108.388375
2019-05-05,32.14,24.25,96.3,69.0,9.35,3.3805555555555555,89.0,0.0,2.056705,0.3291808,23.51,24.25,24.25,24.0,25.781666666666666,87.68208333333332,0.872349537037037,117.06441666666666
2019-05-06,31.67,22.34,96.6,66.02,10.1,4.769444444444445,97.0,0.0,2.293211,0.3261154,23.95,25.5,25.5,24.0,26.78,86.10666666666667,0.9907638888888889,134.39095833333332
2019-05-07,34.27,23.0,97.2,59.02,11.6,6.21111111111111,166.0,0.0,2.163271,0.33892289999999997,22.59,23.06,23.06,24.0,22.66208333333333,90.97916666666667,1.1132754629629629,34.423875
2019-05-08,24.35,21.22,97.5,81.9,2.971,4.588888888888889,197.0,0.0,2.238879,0.3892847,18.73,21.31,21.31,24.0,21.840833333333332,85.20875,0.8103356481481482,64.05845833333333
2019-05-09,25.28,20.12,92.0,66.07,5.529,4.0,,0.0,2.089819,0.3742254,19.76,21.19,21.19,24.0,22.32375,89.95958333333333,0.9453356481481481,89.63041666666668
2019-05-10,27.36,19.88,96.4,71.05,7.735,4.719444444444444,73.0,0.0,1.86721,0.3579245,20.01,20.87,20.87,24.0,23.278333333333336,89.43416666666667,0.7087731481481482,85.11874999999999
2019-05-11,28.15,20.51,96.9,69.43,7.346,2.65,36.0,0.0,1.63179,0.355369,21.98,22.83,22.83,24.0,23.2025,95.12916666666666,0.9647916666666667,34.42845833333333
2019-05-12,25.89,20.73,97.2,84.8,2.971,6.761111111111111,190.0,0.0,1.685546,0.3362379,20.41,20.92,20.92,24.0,21.235,96.1375,1.1656712962962963,28.22375
2019-05-13,22.57,20.25,97.5,91.7,2.436,4.0,,0.0,1.9114119999999999,0.4494625,19.98,20.54,20.54,24.0,21.436666666666667,95.05416666666667,1.0274421296296297,42.92054166666667
2019-05-14,23.81,20.01,97.1,85.3,3.7039999999999997,4.0,,0.0,1.7525119999999998,0.3488524,21.49,22.01,22.01,24.0,22.872083333333332,78.82000000000001,1.8920023148148148,138.40574999999998
2019-05-15,27.66,19.33,97.3,55.11,11.95,8.438888888888888,271.0,0.0,1.813729,0.3403594,16.98,20.41,20.41,24.0,20.119583333333335,85.38,1.4116203703703702,64.01879166666667
2019-05-16,22.45,18.11,96.7,71.49,5.525,4.55,269.0,0.0,1.985715,0.5000032,18.0,18.53,18.53,24.0,20.215833333333332,87.66250000000001,1.845486111111111,67.392625
2019-05-17,23.71,17.18,97.5,63.28,5.816,9.68888888888889,158.0,0.0,2.098964,0.4325888,16.61,17.33,17.33,24.0,19.671666666666667,90.57708333333333,1.2829166666666667,76.95575
2019-05-18,24.64,17.2,96.6,72.64,6.642,5.388888888888888,143.0,0.0,1.9345620000000001,0.3678036,18.07,19.02,19.02,24.0,20.534583333333334,94.62916666666666,1.1722453703703704,69.36654166666666
2019-05-19,24.14,18.5,97.4,84.2,5.987,5.688888888888889,140.0,0.0,2.027777,0.3757989,19.43,19.88,19.88,24.0,21.3425,93.675,1.3838657407407406,64.905375
2019-05-20,25.0,19.27,97.5,79.43,5.602,4.061111111111111,157.0,0.0,1.848318,0.3601108,20.16,20.8,20.8,24.0,23.205833333333334,88.02916666666665,0.7360532407407407,136.854875
2019-05-21,29.22,20.19,97.0,58.89,11.81,3.65,92.0,0.0,2.059926,0.327828,19.8,20.57,20.57,24.0,22.727500000000003,90.07249999999999,0.8555439814814815,120.90729166666667
2019-05-22,28.72,19.71,97.8,67.46,10.43,4.0,,0.0,2.09067,0.334148,20.36,21.44,21.44,24.0,23.34166666666667,88.01125,0.830625,107.79095833333334
2019-05-23,29.33,20.2,96.8,63.16,9.3,3.819444444444444,144.0,0.0,1.937118,0.3413787,21.44,22.63,22.63,24.0,21.948333333333334,96.0,0.5866898148148149,14.804874999999997
2019-05-24,22.69,21.0,97.4,92.9,1.278,2.7,3.0,0.0,1.8904779999999999,0.38555989999999996,20.61,21.05,21.05,24.0,20.185,92.645,1.1373958333333334,41.375375
2019-05-25,22.83,15.26,97.7,55.93,3.571,6.080555555555556,211.0,0.0,1.929046,0.4125758,13.24,16.56,16.56,24.0,19.05125,77.71458333333334,1.0414930555555555,141.20737499999998
2019-05-26,26.94,14.08,96.2,43.63,12.19,6.4111111111111105,287.0,0.0,1.898971,0.4115502,15.43,16.99,16.99,24.0,19.430416666666666,85.09666666666666,0.8164930555555555,116.35416666666667
2019-05-27,26.23,15.43,95.5,63.14,10.04,3.8305555555555553,76.0,0.0,1.801317,0.6153738,16.33,17.17,17.17,24.0,19.730416666666667,87.98916666666666,0.6439930555555555,111.81208333333335
2019-05-28,27.04,15.34,96.9,56.26,9.65,3.611111111111111,27.0,0.0,1.566908,0.3482606,17.7,18.74,18.74,24.0,19.612916666666667,94.925,1.0360648148148148,14.080166666666665
2019-05-29,22.17,17.31,96.9,85.3,1.215,7.561111111111111,15.0,0.0,1.7419660000000001,0.4118552,19.14,19.74,19.74,24.0,21.570833333333336,89.79875,0.7293287037037036,74.36008333333334
2019-05-30,26.25,18.98,97.0,68.84,6.418,3.5194444444444444,81.0,0.0,1.974001,0.4349828,19.85,20.94,20.94,24.0,20.613333333333333,97.125,1.4367824074074074,14.985999999999999
2019-05-31,21.67,19.42,97.9,93.0,1.293,4.361111111111111,247.0,0.0,2.054554,0.8497524999999999,20.06,20.42,20.42,24.0,20.407083333333333,97.66666666666667,0.9730902777777778,17.859916666666667
2019-06-01,21.15,19.96,98.3,96.9,1.541,4.0,,0.0,2.162514,0.5941107,19.6,20.02,20.02,24.0,20.527083333333334,96.80416666666667,0.9486458333333333,55.807375
2019-06-02,23.18,19.52,97.8,93.0,4.816,4.0,,0.0,2.146546,0.43193539999999997,19.44,19.82,19.82,24.0,20.639583333333334,96.425,1.4313541666666667,51.509625
2019-06-03,22.81,19.7,98.0,90.8,4.445,4.138888888888889,303.0,0.0,2.137156,0.47969839999999997,19.38,19.78,19.78,24.0,20.031666666666666,94.125,1.1436574074074073,63.37929166666667
2019-06-04,24.55,16.42,97.9,77.31,5.47,6.930555555555555,158.0,0.0,2.216288,0.4138852,16.43,17.07,17.07,24.0,17.637916666666666,85.14083333333333,0.9275231481481482,128.053
2019-06-05,24.91,13.55,98.2,47.7,11.05,4.3999999999999995,190.0,0.0,2.133437,0.3791866,12.94,13.62,13.62,24.0,17.082916666666666,89.21958333333333,0.6882638888888889,87.14329166666666
2019-06-06,25.27,12.38,97.3,65.25,7.521,3.638888888888889,92.0,0.0,2.131781,0.35130039999999996,16.15,16.72,16.72,24.0,18.660416666666666,95.44166666666666,0.5481365740740741,64.14158333333333
2019-06-07,23.75,16.22,97.4,80.5,5.536,3.569444444444444,28.0,0.0,1.9024329999999998,0.34689939999999997,16.41,16.83,16.83,24.0,19.512083333333333,87.58833333333332,0.756875,129.69454166666665
2019-06-08,27.86,14.67,100.0,58.14,11.19,3.438888888888889,20.0,0.0,1.7644069999999998,0.3321494,16.13,16.83,16.83,24.0,20.331666666666667,85.16666666666667,0.7885763888888889,129.98079166666668
2019-06-09,30.73,14.33,97.6,48.42,11.22,3.738888888888889,30.0,0.0,1.869286,0.3635605,18.87,19.64,19.64,24.0,21.048750000000002,88.65791666666667,0.6387268518518519,117.26704166666667
2019-06-10,27.41,17.75,97.4,59.65,10.12,3.319444444444444,91.0,0.0,1.820705,0.4602792,17.86,18.37,18.37,24.0,20.16625,90.555,0.7052430555555556,100.78762499999999
2019-06-11,26.44,17.08,97.9,68.32,8.7,3.4305555555555554,108.0,0.0,1.559718,0.3677071,17.86,18.35,18.35,24.0,20.62625,86.84625,0.6462152777777778,124.015
2019-06-12,28.26,16.69,97.7,52.91,10.7,2.75,62.0,0.0,1.648961,0.32269139999999996,17.15,17.74,17.74,24.0,19.987916666666667,90.1925,0.7406481481481482,117.40720833333334
2019-06-13,26.89,15.9,97.4,68.54,10.13,3.1,80.0,0.0,1.867456,0.4205703,19.29,19.87,19.87,24.0,22.03833333333333,88.33541666666667,0.6794444444444445,126.99858333333333
2019-06-14,29.27,19.21,97.1,56.4,10.96,3.238888888888889,59.0,0.0,1.875118,0.36173679999999997,18.88,19.38,19.38,24.0,22.045,89.02958333333333,0.6026504629629629,116.881125
2019-06-15,30.43,17.39,97.7,58.15,10.09,3.319444444444444,66.0,0.0,1.798645,0.321833,19.58,20.12,20.12,24.0,23.12,90.24958333333335,0.6970023148148147,115.77254166666665
2019-06-16,30.71,19.77,97.5,64.4,9.99,3.0388888888888888,68.0,0.0,1.8807909999999999,0.31002969999999996,21.34,21.97,21.97,24.0,22.707916666666666,90.94541666666667,0.6541666666666667,106.57437499999999
2019-06-17,28.65,20.03,97.4,70.45,9.2,3.011111111111111,99.0,0.0,1.877803,0.3057564,20.14,20.66,20.66,24.0,22.347916666666666,87.02958333333333,0.8435185185185184,114.807
2019-06-18,28.51,19.53,96.8,59.46,9.91,4.3694444444444445,71.0,0.0,1.958409,0.3044032,19.01,19.66,19.66,24.0,21.91416666666667,88.53750000000001,0.7313541666666666,106.28941666666667
2019-06-19,28.72,18.75,96.9,60.03,9.17,4.199999999999999,63.0,0.0,1.840797,0.30452609999999997,18.42,18.98,18.98,24.0,22.25208333333333,84.67333333333333,0.700625,112.80558333333333
2019-06-20,30.14,17.33,97.3,53.7,9.74,3.819444444444444,152.0,0.0,1.83547,0.2951528,19.85,21.73,21.73,24.0,21.447916666666668,78.155,0.8237384259259258,125.56975
2019-06-21,27.02,18.79,96.7,44.97,10.84,6.1,160.0,0.0,1.981387,0.2883272,15.93,19.25,19.25,24.0,19.98375,82.87291666666667,0.557974537037037,54.71083333333333
2019-06-22,24.38,17.52,94.1,70.33,4.7219999999999995,2.319444444444444,104.0,0.0,1.900761,0.3204418,17.02,17.97,17.97,24.0,21.1575,83.74458333333334,0.6708333333333333,129.00895833333334
2019-06-23,29.32,17.47,96.4,48.38,11.13,3.5,38.0,0.0,1.685528,0.3085332,17.09,17.77,17.77,24.0,20.378333333333334,86.52999999999999,0.6485416666666667,120.327875
2019-06-24,29.28,14.86,97.2,52.51,10.38,3.5194444444444444,89.0,0.0,1.694239,0.3049543,17.66,18.27,18.27,24.0,21.368333333333336,83.34666666666666,0.6088194444444445,120.874375
2019-06-25,28.22,18.65,95.1,63.02,0.20400000000000001,3.7194444444444446,87.0,0.229,1.641324,0.550545,17.85,18.66,18.66,24.0,23.053749999999997,71.6725,1.0679513888888887,121.79645833333332
2019-06-26,34.37,15.94,97.0,34.07,10.51,7.711111111111111,12.0,0.0,1.6569500000000001,0.3629387,15.99,23.6,23.6,24.0,18.520416666666666,89.30541666666666,1.314537037037037,11.724416666666665
2019-06-27,23.63,13.39,97.4,62.24,1.012,5.288888888888889,161.0,66.98,1.923321,0.5233576,13.02,13.45,13.45,24.0,15.930833333333334,92.20833333333333,0.7128009259259259,43.59708333333333
2019-06-28,19.6,13.3,97.4,77.69,3.763,3.1194444444444445,251.0,3.658,1.9787219999999999,0.7183377,15.98,17.51,17.51,24.0,20.4375,88.14875,0.6902199074074074,115.41070833333333
2019-06-29,26.31,17.08,94.4,68.0,9.96,3.55,90.0,0.0,1.712291,0.3839669,20.34,21.55,21.55,24.0,23.188333333333333,88.70125,0.6566203703703704,114.359625
2019-06-30,29.56,20.44,97.4,66.15,9.87,2.930555555555556,43.0,0.0,1.645907,0.33232829999999997,20.14,20.62,20.62,24.0,25.152916666666666,75.68541666666667,1.3345717592592592,125.61279166666667
2019-07-01,35.55,18.71,97.9,35.48,10.84,6.269444444444444,289.0,0.0,2.044577,0.34174499999999997,20.41,22.15,22.15,24.0,19.513749999999998,91.99166666666667,1.306886574074074,19.147791666666667
2019-07-02,22.53,16.12,97.0,82.0,1.653,5.6,146.0,17.83,2.310958,0.44133079999999997,15.74,16.21,16.21,24.0,17.12875,96.64999999999999,1.721875,27.471999999999998
2019-07-03,19.03,16.17,97.5,93.4,2.371,4.0,,4.572,2.3835290000000002,0.4672652,17.2,17.64,17.64,24.0,17.835416666666667,95.82083333333333,0.7036342592592592,17.940916666666666
2019-07-04,20.41,16.24,97.5,87.8,1.548,3.55,209.0,6.198,2.437764,0.37497369999999997,15.95,16.44,16.44,24.0,15.974583333333333,89.46166666666666,0.9430439814814814,50.683
2019-07-05,18.83,13.45,98.0,77.2,4.374,5.219444444444444,199.0,0.0,2.61272,0.43654509999999996,11.92,15.2,15.2,24.0,15.795416666666668,63.07458333333333,1.8830902777777778,138.26037499999998
2019-07-06,22.58,10.58,95.4,28.14,11.93,14.411111111111111,260.0,0.229,2.610265,0.7498805,-3.285,10.93,10.93,24.0,12.471541666666667,59.279583333333335,1.573935185185185,139.30916666666667
2019-07-07,21.75,6.683,92.2,33.43,12.02,7.769444444444444,210.0,0.0,2.729129,1.022895,6.775,7.984,4.77,24.0,10.950833333333334,73.24791666666667,0.8903587962962963,140.42466666666667
2019-07-08,20.61,4.361,93.7,29.99,12.12,3.438888888888889,277.0,0.0,2.152395,0.5978962999999999,6.9350000000000005,8.19,6.021,24.0,12.695833333333333,83.87666666666667,0.7255902777777777,134.114875
2019-07-09,23.13,5.845,96.3,50.8,11.57,4.311111111111111,71.0,0.0,1.741218,0.37447389999999997,10.74,11.33,11.33,24.0,15.119583333333333,86.6125,0.7424768518518517,134.41195833333333
2019-07-10,25.02,9.26,97.2,53.24,11.6,4.199999999999999,79.0,0.0,1.578688,0.3491451,13.36,13.92,13.92,24.0,17.072916666666668,86.63499999999999,0.7404050925925926,134.80166666666665
2019-07-11,26.61,11.93,97.7,50.78,11.63,2.911111111111111,97.0,0.0,1.52222,0.3579848,13.55,14.11,14.11,24.0,17.67125,84.71083333333333,0.668275462962963,132.85770833333333
2019-07-12,28.42,11.53,97.5,47.19,11.47,2.8,96.0,0.0,1.677684,0.3752175,14.43,15.08,15.08,24.0,17.9975,87.27,0.6607986111111112,131.09541666666667
2019-07-13,27.19,11.51,98.8,56.44,11.31,3.95,78.0,0.0,1.61639,0.4081246,15.91,16.52,16.52,24.0,20.12375,84.39916666666666,0.6227777777777778,115.56916666666666
2019-07-14,30.15,14.39,97.5,48.55,9.97,3.861111111111111,79.0,0.0,1.64969,0.3189439,16.44,17.62,17.62,24.0,20.120833333333334,86.87958333333334,0.8444675925925926,104.402
2019-07-15,26.68,16.37,97.2,63.21,9.01,3.7888888888888888,141.0,0.457,1.798654,0.312075,17.04,18.08,18.08,24.0,17.190416666666668,96.35416666666667,0.9908680555555556,13.006250000000001
2019-07-16,18.09,16.1,97.2,93.1,1.123,4.0,,7.087,2.024305,0.4768226,15.61,16.1,16.1,24.0,16.110833333333336,79.44083333333333,0.9989351851851852,145.38341666666668
2019-07-17,23.11,10.66,97.6,34.99,12.55,4.811111111111111,291.0,0.0,2.020491,0.320156,9.74,10.69,10.69,24.0,13.522083333333335,88.07916666666667,0.9162037037037036,74.04070833333334
2019-07-18,20.11,8.58,96.4,62.29,6.39,3.911111111111111,290.0,0.0,1.9543309999999998,0.31346009999999996,13.12,13.72,13.72,24.0,16.548333333333336,95.36666666666667,1.421134259259259,51.73708333333334
2019-07-19,20.74,13.32,97.2,84.9,4.464,4.0,,5.944,1.754651,0.324144,17.13,17.57,17.57,24.0,18.774166666666666,93.68333333333334,1.0004282407407408,69.51691666666666
2019-07-20,23.71,16.81,97.5,78.15,6.0,5.788888888888889,78.0,2.057,1.5709309999999999,0.3183591,16.74,17.33,17.33,24.0,18.829583333333336,90.47083333333335,0.9025462962962963,117.319375
2019-07-21,25.74,15.21,98.0,68.06,10.12,4.0,,0.0,1.787684,0.3107003,17.38,18.03,18.03,24.0,20.202916666666667,88.50083333333333,0.7846643518518519,125.62012500000002
2019-07-22,26.76,16.65,97.0,65.95,10.84,6.080555555555556,161.0,0.0,1.747585,0.3122609,17.26,17.77,17.77,24.0,20.25166666666667,89.835,0.7399768518518518,109.97654166666666
2019-07-23,27.43,17.1,97.5,63.91,9.49,3.5,64.0,0.0,1.4461600000000001,0.3110622,17.22,17.69,17.69,24.0,21.332083333333333,86.17375,1.1241319444444444,147.76041666666666
2019-07-24,30.91,16.63,97.9,53.72,12.75,4.0,,0.0,1.624336,0.3095328,18.64,19.22,19.22,24.0,21.66333333333333,86.56416666666667,0.8026620370370371,128.35883333333334
2019-07-25,30.69,16.79,97.5,54.84,11.08,5.319444444444444,176.0,0.0,1.688069,0.31414349999999996,19.12,19.92,19.92,24.0,21.02958333333333,89.8725,0.9059953703703704,60.42904166666667
2019-07-26,24.81,19.04,95.7,74.39,5.215,3.569444444444444,146.0,0.0,1.7173100000000001,0.3968156,18.27,19.11,19.11,24.0,20.98541666666667,89.31791666666668,0.6518865740740741,75.55829166666666
2019-07-27,26.22,18.04,96.9,68.66,6.521,3.2888888888888888,83.0,0.0,1.617616,0.4000545,19.88,21.01,21.01,24.0,18.93875,94.53333333333335,1.4630787037037036,18.442083333333333
2019-07-28,21.02,16.34,97.1,90.8,1.592,4.469444444444444,144.0,3.658,1.6743839999999999,0.3011349,15.92,16.38,16.38,24.0,16.504583333333333,92.64999999999999,0.724074074074074,27.852333333333334
2019-07-29,18.12,15.2,97.3,84.6,2.404,2.761111111111111,196.0,0.229,1.902794,0.3668184,15.2,16.4,16.4,24.0,19.556666666666665,86.55375,0.8115277777777777,117.99466666666666
2019-07-30,26.96,16.19,94.0,62.79,10.18,3.738888888888889,84.0,0.0,1.940529,0.2985538,18.04,19.47,19.47,24.0,20.706666666666667,85.86916666666667,0.7492592592592593,88.02412500000001
2019-07-31,27.31,16.88,97.1,55.33,7.5969999999999995,4.1,289.0,0.0,1.851572,0.2847571,16.35,16.88,16.88,24.0,19.172083333333333,88.03625,0.8356944444444444,112.52220833333332
2019-08-01,26.66,14.49,97.9,62.22,9.71,4.688888888888888,107.0,0.0,2.228747,0.29400119999999996,17.81,19.31,19.31,24.0,21.508333333333336,83.94166666666666,0.8267129629629629,151.49025
2019-08-02,28.89,18.07,96.7,55.46,13.07,4.25,109.0,0.0,2.329619,0.2975459,17.52,18.07,18.07,24.0,16.53125,91.89416666666666,1.0951041666666665,25.173000000000002
2019-08-03,21.24,11.77,97.5,71.04,2.172,7.588888888888889,147.0,5.029,2.468991,0.3074666,10.73,11.94,11.94,24.0,13.933750000000002,72.125,1.167199074074074,171.5220416666667
2019-08-04,22.61,7.782,93.4,36.69,14.8,5.311111111111111,290.0,0.0,2.456228,0.32114339999999997,8.99,10.02,10.02,24.0,12.243458333333335,78.41875,0.9091550925925925,131.714375
2019-08-05,21.29,6.694,96.4,36.48,11.37,7.161111111111111,165.0,0.0,2.360234,0.5008900000000001,7.891,8.83,8.83,24.0,13.895083333333332,83.79375,0.7872337962962962,93.44083333333333
2019-08-06,22.51,7.056,96.5,55.64,8.06,5.580555555555556,183.0,0.0,1.8698190000000001,0.32574149999999996,14.91,15.58,15.58,24.0,18.724999999999998,88.59416666666668,1.1590162037037037,86.19145833333333
2019-08-07,24.22,15.43,96.5,70.88,7.439,4.6194444444444445,99.0,0.229,1.438959,0.313281,17.46,18.53,18.53,24.0,21.149166666666666,84.91291666666667,0.6819212962962963,154.062375
2019-08-08,28.83,16.37,97.1,58.59,13.3,4.46111111111111,86.0,0.0,1.310276,0.3026856,16.97,17.6,17.6,24.0,21.50125,86.96,0.7180439814814815,143.03995833333332
2019-08-09,31.48,16.86,97.7,53.18,12.34,4.0,,0.0,1.492284,0.3042651,19.16,19.66,19.66,24.0,21.314583333333335,90.89999999999999,0.7795833333333334,103.68404166666666
2019-08-10,27.7,19.04,97.2,68.04,8.95,6.1611111111111105,168.0,0.0,1.566379,0.4696532,19.76,20.43,20.43,24.0,23.874166666666667,81.23791666666666,1.2898611111111111,144.51420833333333
2019-08-11,35.05,17.69,96.7,37.15,12.47,7.911111111111111,166.0,1.3719999999999999,1.658127,0.4561655,16.6,17.69,17.69,24.0,18.27125,87.99791666666665,0.8537037037037036,37.13645833333333
2019-08-12,20.65,17.07,94.2,77.46,3.204,3.6888888888888887,92.0,0.0,1.901224,0.5513994,16.25,17.75,17.75,24.0,21.359583333333333,82.83291666666666,0.8376851851851851,161.04758333333334
2019-08-13,29.16,17.45,96.3,55.88,13.9,3.7888888888888888,61.0,0.0,1.761547,0.29809979999999997,18.22,18.87,18.87,24.0,17.809166666666666,89.75166666666667,1.4541087962962962,61.331875
2019-08-14,22.06,14.74,97.0,71.16,5.293,7.611111111111111,150.0,7.087,2.174501,0.3301724,12.22,14.81,14.81,24.0,15.539166666666667,67.94375000000001,1.4508564814814815,164.34795833333334
2019-08-15,21.34,11.44,94.0,39.71,14.18,6.619444444444444,171.0,0.457,2.311078,0.39879539999999997,12.5,13.45,13.45,24.0,16.495416666666667,85.08833333333334,1.1666319444444444,106.39279166666667
2019-08-16,24.06,12.87,95.6,61.96,9.18,6.269444444444444,37.0,0.0,2.21086,0.30745859999999997,13.29,14.11,14.11,24.0,18.067916666666665,83.39541666666666,0.8982291666666667,167.48645833333333
2019-08-17,27.02,11.93,97.2,52.33,14.45,4.769444444444445,93.0,0.0,1.805815,0.2994251,16.76,17.47,17.47,24.0,20.506249999999998,83.5925,0.8444791666666666,172.35458333333335
2019-08-18,28.41,17.31,96.7,54.55,14.87,3.7694444444444444,87.0,0.0,1.889166,0.29476779999999997,16.85,17.42,17.42,24.0,19.36375,89.24041666666666,1.0680439814814815,83.63175
2019-08-19,29.79,15.71,97.7,49.82,7.218,7.3694444444444445,151.0,2.972,2.015788,0.3000315,14.89,15.71,15.71,24.0,13.602916666666667,94.77499999999999,1.016412037037037,16.249416666666665
2019-08-20,15.7,12.37,97.2,86.1,1.4020000000000001,3.5388888888888888,72.0,15.32,2.178006,0.3619234,11.66,12.76,12.76,24.0,14.112083333333333,90.03750000000001,1.125625,34.03070833333333
2019-08-21,16.5,12.4,95.0,78.46,2.9370000000000003,4.038888888888889,297.0,0.0,1.956433,0.35949129999999996,13.91,14.71,14.71,24.0,16.204583333333336,89.10791666666667,0.9790046296296295,66.69841666666666
2019-08-22,20.73,14.51,96.7,73.14,5.756,5.1194444444444445,142.0,0.457,1.713522,0.3751834,12.68,14.88,14.88,24.0,17.163333333333334,80.22458333333334,1.018275462962963,104.22454166666667
2019-08-23,22.79,14.23,93.2,57.39,9.0,4.580555555555555,139.0,0.0,1.615364,0.37519159999999996,14.66,16.01,16.01,24.0,18.544583333333332,82.6875,1.187696759259259,134.158375
2019-08-24,25.99,15.01,96.8,53.9,11.58,6.788888888888889,150.0,0.914,1.614278,0.3543711,13.9,16.61,16.61,24.0,17.854583333333334,77.23791666666666,0.9374537037037037,101.63533333333334
2019-08-25,24.34,13.24,95.1,51.7,8.77,4.919444444444444,165.0,0.0,1.565601,0.3551078,13.38,14.73,14.73,24.0,18.629583333333333,78.1575,0.958599537037037,199.57845833333332
2019-08-26,27.45,13.12,95.8,45.64,17.22,5.6,99.0,0.0,1.5204550000000001,0.2986281,14.63,15.46,15.46,24.0,17.675833333333333,91.52083333333333,0.929212962962963,37.49575
2019-08-27,20.36,14.77,96.2,85.1,3.236,5.45,135.0,0.686,1.577467,0.2985835,17.17,19.15,19.15,24.0,19.944166666666668,88.85083333333334,0.8000231481481482,45.359874999999995
2019-08-28,23.6,18.08,95.2,72.79,3.915,4.038888888888889,69.0,0.0,1.5935489999999999,0.29227149999999996,17.91,18.67,18.67,24.0,20.858333333333334,86.32875,0.9906828703703704,105.082125
2019-08-29,27.07,18.05,96.9,61.8,9.07,6.730555555555555,89.0,0.0,1.876839,0.2902168,17.7,19.26,19.26,24.0,21.337083333333336,85.41916666666667,0.8782986111111111,130.53708333333333
2019-08-30,28.5,18.57,95.2,54.21,11.27,5.888888888888888,159.0,0.0,1.970449,0.28900529999999996,18.08,19.65,19.65,24.0,22.472083333333334,82.42541666666666,0.8810416666666666,180.27874999999997
2019-08-31,30.29,18.33,96.0,52.89,15.56,4.580555555555555,54.0,0.0,2.13843,0.28866769999999997,18.01,18.65,18.65,24.0,20.455833333333334,91.88625,1.2075810185185185,88.71025000000002
2019-09-01,28.16,17.45,97.3,58.79,7.656,5.6194444444444445,205.0,9.98,2.395343,0.2895349,16.99,17.45,17.45,24.0,16.599999999999998,97.10416666666667,2.0135532407407406,17.738208333333333
2019-09-02,17.48,14.94,97.8,95.6,1.5310000000000001,4.238888888888889,155.0,38.4,2.3712809999999998,0.44392299999999996,14.55,14.96,14.96,24.0,16.08875,88.32541666666667,1.2205787037037037,49.40966666666667
2019-09-03,18.25,14.58,97.4,74.64,4.264,6.2,343.0,0.0,2.148197,0.35386059999999997,14.04,15.16,15.16,24.0,17.61125,86.30041666666666,1.0187962962962962,90.617375
2019-09-04,24.56,14.35,95.8,60.0,7.821,4.5,159.0,1.6,1.955017,0.3491007,15.07,15.78,15.78,24.0,16.220000000000002,87.315,1.0157407407407406,38.031416666666665
2019-09-05,,,,,,,,,,,,,,24.0,14.054583333333333,84.98708333333333,0.902511574074074,20.131625
2019-09-06,,,,,,,,,,,,,,24.0,14.23375,95.425,1.2335763888888889,36.16533333333333
2019-09-07,,,,,,,,,,,,,,24.0,18.305,92.40708333333333,0.7478356481481482,82.16008333333333
2019-09-08,,,,,,,,,,,,,,24.0,20.660833333333333,90.02625,0.5927777777777777,107.75841666666666
2019-09-09,,,,,,,,,,,,,,24.0,21.93875,88.76875,1.6482291666666666,153.30616666666666
2019-09-10,,,,,,,,,,,,,,24.0,22.330416666666665,84.21208333333333,1.0869212962962964,188.79220833333332
2019-09-11,,,,,,,,,,,,,,24.0,21.678749999999997,84.32041666666667,0.94625,194.54429166666668
2019-09-12,,,,,,,,,,,,,,24.0,21.0275,89.92166666666667,1.1321875,104.6875
2019-09-13,,,,,,,,,,,,,,24.0,18.5525,91.91291666666666,1.3798148148148146,49.15079166666666
2019-09-14,,,,,,,,,,,,,,24.0,19.241666666666667,91.68333333333334,1.0010416666666666,64.76945833333333
2019-09-15,,,,,,,,,,,,,,24.0,21.926666666666666,89.09166666666665,0.8106249999999999,118.53591666666667
2019-09-16,,,,,,,,,,,,,,24.0,23.64625,88.62,0.7704050925925926,176.60850000000002
2019-09-17,,,,,,,,,,,,,,24.0,21.65833333333333,90.23083333333334,1.2588425925925926,76.04704166666666
2019-09-18,,,,,,,,,,,,,,24.0,20.687083333333334,90.03958333333333,1.043773148148148,65.40879166666666
2019-09-19,,,,,,,,,,,,,,24.0,19.42625,97.625,1.542199074074074,16.303208333333334
2019-09-20,,,,,,,,,,,,,,24.0,19.06625,97.28333333333335,1.5324074074074074,33.003875
2019-09-21,,,,,,,,,,,,,,24.0,16.480833333333333,96.16250000000001,1.3912731481481482,26.564333333333334
2019-09-22,,,,,,,,,,,,,,24.0,18.664583333333333,83.70708333333333,0.9751620370370371,121.77458333333334
2019-09-23,,,,,,,,,,,,,,24.0,17.618333333333332,74.82333333333334,1.1984722222222222,187.591
2019-09-24,,,,,,,,,,,,,,24.0,17.713333333333335,92.00416666666666,0.8397800925925926,48.017374999999994
2019-09-25,,,,,,,,,,,,,,24.0,20.449583333333333,86.90333333333332,0.9291087962962963,135.10025
2019-09-26,,,,,,,,,,,,,,24.0,21.49083333333333,84.89333333333333,1.084861111111111,160.977375
2019-09-27,,,,,,,,,,,,,,24.0,21.880416666666665,78.395,1.3519444444444444,240.13420833333336
2019-09-28,,,,,,,,,,,,,,24.0,19.2025,79.55333333333333,1.1014930555555555,93.29354166666667
2019-09-29,,,,,,,,,,,,,,24.0,20.955000000000002,79.27333333333333,0.9732291666666666,159.2325
2019-09-30,,,,,,,,,,,,,,24.0,21.2525,89.93166666666667,1.4072337962962962,85.26299999999999
2019-10-01,,,,,,,,,,,,,,24.0,23.30875,81.55416666666666,1.6796412037037036,209.97012500000002
2019-10-02,,,,,,,,,,,,,,24.0,23.221666666666664,85.15916666666666,0.9197916666666667,143.331375
2019-10-03,,,,,,,,,,,,,,24.0,22.104166666666668,88.76291666666667,1.2066435185185185,67.15458333333333
2019-10-04,,,,,,,,,,,,,,17.0,23.711176470588235,83.04470588235294,0.9098202614379085,180.9301176470588
2020-01-13,,,,,,,,,,,,,,14.0,29.825714285714287,58.42142857142857,4.0,527.7571428571429
2020-01-14,34.34,23.83,82.1,35.02,24.02,4.0,,0.0,1.8363749999999999,0.37886519999999996,20.64,23.95,23.95,24.0,26.728333333333335,75.30499999999999,4.0,232.66204166666668
2020-01-15,33.58,21.57,92.0,50.72,20.08,4.0,,0.0,2.077568,0.3384455,22.03,25.08,25.08,24.0,27.813333333333333,77.36958333333332,4.0,295.75104166666665
2020-01-16,34.86,22.07,92.9,52.48,25.53,4.0,,0.0,1.8246850000000001,0.2765235,24.43,29.68,26.71,24.0,26.587083333333336,84.45833333333333,4.0,101.44345833333334
2020-01-17,36.28,19.0,94.3,53.91,6.712,4.0,,8.43,1.827773,0.269102,17.81,19.56,19.56,24.0,22.216250000000002,79.52458333333333,4.0,60.821625000000004
2020-01-18,25.04,19.67,91.8,60.45,5.249,4.0,,0.229,1.9758300000000002,0.5568223999999999,19.53,20.94,20.94,24.0,23.114166666666666,82.55583333333333,4.0,94.26041666666667
2020-01-19,28.4,20.72,91.5,64.29,8.14,4.0,,0.229,1.908051,0.8402984,20.04,22.51,22.51,24.0,24.88625,83.44166666666666,4.0,154.30908333333335
2020-01-20,29.93,21.46,94.2,59.76,13.32,4.0,,1.143,1.700481,0.484446,22.28,23.25,23.25,24.0,26.745416666666667,81.69041666666666,4.0,293.7640416666667
2020-01-21,33.46,22.87,95.0,55.43,25.35,4.0,,1.8290000000000002,1.663514,0.3350256,22.29,25.2,25.2,24.0,26.615,76.84041666666667,4.0,224.09520833333332
2020-01-22,32.15,23.13,91.3,57.06,19.34,4.0,,0.0,1.668107,0.30103569999999996,20.03,23.43,23.43,24.0,23.134583333333335,89.22083333333335,4.0,49.63404166666667
2020-01-23,25.92,21.31,94.6,80.9,4.284,4.0,,8.69,1.729487,0.3810259,20.52,21.51,21.51,24.0,23.25125,87.33708333333334,4.0,78.62491666666666
2020-01-24,26.48,21.1,95.1,74.51,6.785,4.0,,3.658,1.807398,0.3438765,20.27,22.81,22.81,24.0,24.767083333333332,78.41708333333334,4.0,221.05887499999997
2020-01-25,30.75,20.88,93.4,53.27,19.08,4.0,,1.6,1.898744,0.2993994,20.72,23.38,23.38,24.0,26.2025,73.69708333333334,4.0,316.5115416666667
2020-01-26,34.09,20.02,93.7,41.59,27.32,4.0,,0.0,1.962176,0.25561829999999996,21.02,23.2,23.2,24.0,27.387083333333333,75.38666666666667,4.0,309.6379583333333
2020-01-27,35.64,21.11,93.3,49.42,26.72,4.0,,0.0,1.748196,0.2397407,23.12,24.99,24.99,24.0,28.66875,77.78583333333333,4.0,264.82800000000003
2020-01-28,36.89,23.59,92.0,50.9,22.85,4.0,,2.057,1.805626,0.2724083,22.58,23.95,23.95,24.0,25.770833333333332,85.87333333333333,4.0,72.23879166666667
2020-01-29,30.8,23.27,94.3,65.18,6.234,4.0,,2.972,1.821639,0.3161154,23.34,24.39,24.39,24.0,26.002499999999998,88.46708333333333,4.0,123.43920833333334
2020-01-30,33.37,23.35,95.7,63.39,10.65,4.0,,22.78,1.931824,0.2988152,23.15,23.87,23.87,24.0,28.572083333333335,82.27416666666666,4.0,183.84962500000003
2020-01-31,36.75,23.77,95.8,50.91,15.87,4.0,,1.3719999999999999,1.540124,0.230762,24.0,25.29,25.29,24.0,28.928749999999997,80.5925,4.0,232.00670833333334
2020-02-01,35.81,24.54,95.1,54.06,20.02,4.0,,9.19,1.670739,0.2707928,25.38,32.42,27.72,24.0,28.827083333333334,75.16375000000001,4.0,235.85670833333333
2020-02-02,34.7,26.29,88.6,54.12,20.35,4.0,,0.0,1.485354,0.3565965,23.37,26.48,26.48,24.0,26.548333333333332,84.8925,4.0,79.8875
2020-02-03,30.13,24.41,95.6,69.25,6.895,4.0,,21.51,1.632524,0.4519,23.65,24.43,24.43,24.0,26.304166666666664,82.34416666666667,4.0,173.00495833333332
2020-02-04,30.8,23.78,95.4,57.62,14.93,4.0,,2.515,1.668922,0.4347938,22.4,23.78,23.78,24.0,24.47458333333333,92.80833333333334,4.0,80.70320833333334
2020-02-05,26.9,22.68,95.6,83.7,6.965,4.0,,29.87,1.737199,0.5674629,23.9,24.67,24.67,24.0,24.948333333333334,94.37083333333334,4.0,71.434125
2020-02-06,27.53,23.9,95.7,84.3,6.165,4.0,,31.55,2.022779,0.5582275,23.88,24.79,24.79,24.0,25.355416666666667,93.60833333333333,4.0,98.78283333333333
2020-02-07,29.57,23.93,96.5,81.9,8.53,4.0,,52.6,2.027398,0.4634061,23.54,24.13,24.13,24.0,25.345416666666665,94.35833333333333,2.223449074074074,140.63104166666668
2020-02-08,28.8,23.75,96.7,83.6,12.14,9.35,185.0,59.51,2.41482,0.5611181,24.36,25.04,25.04,24.0,26.693749999999998,91.70916666666666,0.9220023148148148,203.3601666666667
2020-02-09,32.17,24.59,96.8,73.49,17.55,5.5888888888888895,80.0,41.07,2.176123,0.4559311,25.57,26.48,26.48,24.0,26.741249999999997,89.39916666666666,1.347060185185185,136.86383333333333
2020-02-10,35.75,22.58,96.0,57.26,11.81,11.119444444444445,149.0,31.55,2.459777,0.40461,21.29,23.0,23.0,24.0,22.61125,88.93708333333332,1.091736111111111,63.39625
2020-02-11,24.65,21.39,95.3,73.19,5.469,5.580555555555556,154.0,5.029,2.742005,0.6279118,19.51,21.59,21.59,24.0,22.282083333333333,87.86125,1.0431134259259258,93.472625
2020-02-12,26.78,20.2,95.0,72.95,8.07,4.55,111.0,6.401,2.585225,0.6232968999999999,19.95,20.81,20.81,24.0,23.860416666666666,82.82375,1.0182060185185184,265.8305833333333
2020-02-13,29.78,19.78,95.5,55.89,22.95,5.830555555555555,103.0,2.743,2.451692,0.6221979999999999,20.77,21.84,21.84,24.0,23.683333333333334,87.43291666666666,1.099050925925926,139.96008333333333
2020-02-14,29.85,20.92,95.3,62.1,12.08,4.538888888888889,159.0,12.98,2.194172,0.6318479,21.18,22.29,22.29,24.0,25.359583333333333,82.07208333333334,2.230277777777778,271.70441666666665
2020-02-15,31.77,20.47,95.8,58.26,23.45,4.0,,0.0,1.888557,0.5566052,21.82,23.35,23.35,24.0,26.9225,81.26083333333334,4.0,263.42812499999997
2020-02-16,34.1,22.25,94.5,53.37,22.74,4.0,,0.0,1.5366179999999998,0.4901277,24.09,26.09,26.09,24.0,28.38416666666667,80.36041666666667,4.0,200.94762500000002
2020-02-17,34.81,24.77,93.3,57.02,17.34,4.0,,0.0,1.716753,0.5258902,24.18,26.46,26.46,24.0,28.72875,79.16041666666666,4.0,266.8575
2020-02-18,34.92,24.81,93.4,50.3,23.03,4.0,,0.0,1.740815,0.5001810999999999,24.82,30.8,27.14,24.0,30.097083333333334,80.83208333333333,4.0,249.14841666666666
2020-02-19,36.92,25.54,93.0,56.34,21.5,4.0,,0.0,1.548244,0.45865419999999996,27.18,36.22,28.64,24.0,29.146666666666665,79.655,4.0,119.78579166666668
2020-02-20,34.52,26.18,93.2,55.71,10.34,4.0,,0.229,1.7668,0.5258885,25.04,26.21,26.21,24.0,28.522499999999997,85.0675,4.0,169.35416666666666
2020-02-21,34.91,25.56,94.3,64.94,14.62,4.0,,1.6,1.921897,0.3968984,24.51,30.06,26.87,24.0,25.471249999999998,77.88166666666667,4.0,38.320541666666664
2020-02-22,27.21,21.75,87.0,69.02,3.307,4.0,,0.0,2.049856,0.5661954,18.85,22.2,22.2,24.0,23.174166666666665,74.46333333333334,4.0,109.07979166666667
2020-02-23,28.42,20.16,86.3,51.41,9.41,4.0,,0.0,2.466075,0.708082,17.11,20.5,20.5,24.0,22.904583333333335,74.98625,4.0,175.65645833333335
2020-02-24,29.45,17.64,89.8,54.34,15.16,4.0,,0.0,2.596946,0.49029799999999996,19.11,21.89,21.89,24.0,25.00208333333333,79.15958333333333,4.0,142.704625
2020-02-25,29.69,24.47,88.0,62.57,5.083,4.0,,0.0,1.920555,0.40411539999999996,22.13,24.48,24.48,24.0,24.891666666666666,89.98583333333333,4.0,89.54337499999998
2020-02-26,29.53,23.1,95.7,74.19,7.728,4.0,,21.77,1.879111,0.377005,24.02,25.01,25.01,24.0,23.5625,93.18333333333334,2.8779861111111114,92.27916666666665
2020-02-27,27.18,20.07,96.1,81.5,7.964,8.96111111111111,146.0,75.31,2.257279,0.41520229999999997,18.89,20.08,20.08,24.0,22.49,76.06708333333334,1.448888888888889,271.15541666666667
2020-02-28,29.98,16.82,98.8,39.87,23.4,4.780555555555556,62.0,0.0,2.287569,0.5272285,17.8,19.72,19.72,24.0,23.891666666666666,77.23333333333333,4.0,289.3929166666667
2020-02-29,31.22,18.8,92.2,43.97,24.98,4.0,,0.0,1.940461,0.5503808,19.87,22.22,22.22,24.0,24.0525,80.16041666666666,4.0,167.29850000000002
2020-03-01,31.13,20.22,92.5,54.09,14.44,4.0,,0.457,1.807054,0.5456052,19.69,21.09,21.09,24.0,23.959999999999997,79.58375,4.0,148.82795833333333
2020-03-02,28.69,19.99,93.8,60.57,12.84,4.0,,0.229,1.793296,0.5604463,19.32,21.15,21.15,24.0,22.861666666666668,87.73958333333333,4.0,122.03770833333333
2020-03-03,27.48,20.3,95.0,69.61,10.53,4.0,,15.75,1.600969,0.6871212999999999,19.95,21.92,21.92,24.0,22.40625,92.24583333333334,4.0,93.9615
2020-03-04,27.12,20.59,95.0,75.04,8.11,4.0,,21.79,1.569675,0.6053868,20.41,21.31,21.31,24.0,24.158749999999998,78.43833333333333,4.0,236.15066666666667
2020-03-05,32.56,19.03,95.3,43.7,20.38,4.0,,0.0,1.8566349999999998,0.4890863,20.86,23.61,23.61,24.0,24.682916666666667,75.63666666666667,4.0,149.00558333333333
2020-03-06,30.18,21.01,93.1,54.22,12.86,4.0,,0.0,1.906509,0.5429702,19.66,22.33,22.33,24.0,24.427916666666665,77.31916666666666,4.0,237.934875
2020-03-07,31.74,19.41,92.9,46.6,20.53,4.0,,0.0,2.12536,0.4717491,20.13,21.83,21.83,24.0,24.895833333333332,78.45083333333334,4.0,225.44804166666665
2020-03-08,30.94,20.7,93.6,53.36,19.46,4.0,,0.0,2.179864,0.39819309999999997,20.26,22.91,22.91,24.0,25.212500000000002,77.56541666666666,4.0,262.8392083333333
2020-03-09,31.48,20.28,93.8,54.38,22.69,4.0,,0.0,2.104458,0.3903242,20.94,23.44,23.44,24.0,26.124166666666667,78.43416666666667,4.0,274.19616666666667
2020-03-10,32.87,20.76,93.4,50.99,23.66,4.0,,0.0,2.153464,0.3468748,22.32,23.7,23.7,24.0,26.467083333333335,78.63875,4.0,273.309625
2020-03-11,33.58,21.55,94.5,48.78,23.59,4.0,,0.0,2.197284,0.3213066,21.88,23.68,23.68,24.0,26.200416666666666,79.60208333333334,4.0,210.15166666666667
2020-03-12,32.83,22.03,93.5,53.58,18.14,4.0,,0.0,2.350585,0.3226693,21.55,23.24,23.24,24.0,26.802916666666665,77.80958333333334,4.0,259.3496666666667
2020-03-13,33.06,22.33,92.6,52.62,22.38,4.0,,0.0,2.116121,0.29126969999999996,21.89,23.98,23.98,24.0,27.502916666666668,76.62583333333333,4.0,243.02983333333336
2020-03-14,34.43,23.15,91.6,51.83,20.97,4.0,,0.0,1.713938,0.3080013,22.58,24.68,24.68,24.0,27.424166666666668,78.18583333333333,4.0,232.29804166666668
2020-03-15,33.72,22.41,93.4,53.25,20.05,4.0,,0.0,1.692248,0.2973841,23.73,26.03,26.03,24.0,28.786666666666665,77.82333333333334,4.0,255.19241666666667
2020-03-16,35.3,24.3,93.0,51.63,22.03,4.0,,0.0,1.631851,0.2605907,24.37,26.41,26.41,24.0,27.13208333333333,85.26208333333334,4.0,100.17395833333335
2020-03-17,33.19,24.02,94.1,60.53,8.65,4.0,,2.057,1.689934,0.2752192,23.31,24.72,24.72,24.0,25.718333333333334,86.94416666666666,4.0,61.358958333333334
2020-03-18,29.25,23.12,93.7,72.47,5.296,4.0,,1.3719999999999999,1.996338,0.4909039,23.71,25.69,25.69,24.0,26.552916666666665,87.60708333333334,4.0,106.136625
2020-03-19,31.68,23.83,94.7,68.28,9.16,4.0,,3.683,1.7257609999999999,0.3821583,22.76,23.83,23.83,24.0,28.36125,76.81916666666667,4.0,217.853125
2020-03-20,37.43,22.75,94.7,41.77,18.8,4.0,,0.0,1.469468,0.2298613,24.43,30.02,26.87,24.0,27.45625,75.22083333333333,4.0,163.6783333333333
2020-03-21,33.52,24.75,92.0,52.71,14.13,4.0,,0.0,1.838868,0.383449,19.2,25.1,25.1,24.0,25.88,70.38875,4.0,179.950375
2020-03-22,32.09,21.32,85.6,47.35,15.53,4.0,,0.0,1.8748200000000002,0.35502419999999996,21.1,23.81,23.81,24.0,25.51625,77.13458333333334,4.0,169.36141666666666
2020-03-23,31.98,21.28,92.2,52.94,14.62,4.0,,0.0,1.952846,0.3983585,20.48,23.01,23.01,24.0,25.485416666666666,74.505,4.0,187.77558333333334
2020-03-24,32.46,21.5,91.5,49.21,16.21,4.0,,0.0,1.992262,0.42413069999999997,19.42,21.97,21.97,24.0,25.062083333333334,75.44083333333333,4.0,229.27104166666666
2020-03-25,32.12,20.7,92.7,46.09,19.79,4.0,,1.143,1.989785,0.40079109999999996,19.41,22.47,22.47,24.0,25.00583333333333,73.90916666666666,4.0,210.20529166666665
2020-03-26,31.52,20.76,92.8,46.94,18.14,4.0,,0.914,1.8279649999999998,0.38288089999999997,18.46,21.1,21.1,24.0,25.08666666666667,73.6725,4.0,229.93116666666666
2020-03-27,32.59,19.31,90.5,45.79,19.84,4.0,,0.0,1.747183,0.35879639999999996,20.36,23.29,23.29,24.0,25.462500000000002,79.08291666666666,4.0,183.8635833333333
2020-03-28,32.02,21.7,93.9,51.91,15.87,4.0,,7.62,1.9233959999999999,0.4097895,21.9,23.04,23.04,24.0,25.561666666666667,83.07375,4.0,189.03133333333335
2020-03-29,31.75,21.87,94.0,60.57,16.31,4.0,,0.229,1.6046779999999998,0.3567453,21.93,23.84,23.84,24.0,25.50375,83.95208333333333,4.0,87.47375
2020-03-30,29.74,22.36,93.1,66.98,7.549,4.0,,0.0,1.504749,0.3659576,22.71,24.22,24.22,24.0,27.11583333333333,79.91958333333334,4.0,207.155875
2020-03-31,34.2,22.81,94.9,53.1,17.88,4.0,,0.0,1.52054,0.3788025,23.16,24.97,24.97,24.0,27.15041666666667,80.24333333333333,4.0,194.4565
2020-04-01,34.01,22.7,93.8,54.21,16.78,4.0,,0.0,1.577252,0.4934959,23.8,26.04,26.04,24.0,27.48375,79.88875,4.0,174.71945833333334
2020-04-02,33.74,24.72,93.2,51.09,15.08,4.0,,0.229,1.465898,0.5346718,23.3,26.24,26.24,24.0,27.615,79.39083333333333,4.0,80.81358333333334
2020-04-03,31.54,24.21,90.3,63.55,6.974,4.0,,0.0,1.445648,0.2302957,21.06,30.79,28.52,24.0,26.25583333333333,49.310833333333335,4.0,242.47754166666667
2020-04-04,32.28,19.79,74.17,32.28,20.93,4.0,,0.0,2.354815,0.34947049999999996,13.1,19.79,19.79,24.0,22.91625,62.95041666666666,4.0,226.76274999999998
2020-04-05,32.04,16.28,82.0,32.48,19.57,4.0,,0.0,2.578478,0.47722739999999997,17.29,20.96,20.96,24.0,24.374166666666667,73.47791666666667,4.0,198.35645833333334
2020-04-06,31.68,18.93,88.2,51.48,17.12,4.0,,0.0,2.326696,0.414201,20.85,24.55,24.55,24.0,24.65875,81.78083333333333,4.0,114.813625
2020-04-07,32.26,20.84,94.6,54.55,9.91,4.0,,13.39,2.279305,0.4394779,21.21,22.17,22.17,24.0,23.63083333333333,81.48791666666666,4.0,123.05133333333333
2020-04-08,29.25,21.05,94.6,60.19,10.62,4.0,,0.229,2.512457,0.4606996,16.11,21.05,21.05,24.0,22.414166666666663,70.40833333333333,4.0,182.03354166666668
2020-04-09,29.1,19.19,87.0,50.29,15.71,4.0,,0.0,2.883447,0.7351325999999999,15.98,20.16,20.16,24.0,21.487916666666667,72.44083333333333,4.0,185.31695833333333
2020-04-10,29.58,16.02,91.6,41.88,15.99,4.0,,0.0,2.863776,0.6202207,16.26,19.1,19.1,24.0,22.199166666666667,71.90625,4.0,153.241875
2020-04-11,29.58,17.37,90.0,47.11,13.22,4.0,,0.0,2.468512,0.5380636,15.71,19.36,19.36,24.0,22.612916666666667,69.10125000000001,4.0,192.31745833333332
2020-04-12,29.94,18.35,85.6,40.51,16.6,4.0,,0.0,2.21648,0.5490400000000001,16.94,20.38,20.38,24.0,22.523750000000003,75.42083333333333,4.0,169.32845833333334
2020-04-13,30.44,17.53,90.5,46.69,14.61,4.0,,0.0,1.976693,0.5207543,17.84,19.8,19.8,24.0,23.056250000000002,75.69250000000001,4.0,164.04033333333334
2020-04-14,31.28,18.1,92.6,47.11,14.16,4.0,,0.0,2.037411,0.4567265,18.6,21.73,21.73,16.0,22.54625,81.716875,4.0,153.1554375
2020-06-23,,,,,,,,,,,,,,13.0,23.827692307692306,79.7023076923077,4.0,195.5833846153846
2020-06-24,,,,,,,,,,,,,,24.0,22.189999999999998,83.7075,4.0,131.15879166666667
2020-06-25,29.65,18.4,94.9,52.7,11.32,4.0,,0.0,1.808317,0.2002313,17.75,19.16,19.16,24.0,24.114166666666666,70.31041666666667,4.0,60.324999999999996
2020-06-26,34.22,16.78,93.6,38.07,5.206,4.0,,0.229,1.7889149999999998,0.2005638,19.14,23.55,23.55,24.0,18.277083333333334,78.68291666666666,4.0,24.21104166666667
2020-06-27,23.57,16.33,91.5,62.03,2.09,4.0,,0.686,2.172498,0.4706393,11.29,17.19,17.19,24.0,13.954583333333332,89.86541666666666,4.0,25.699083333333334
2020-06-28,17.21,12.6,92.6,67.32,2.218,4.0,,16.69,2.058839,0.8564982999999999,13.08,14.29,14.29,24.0,16.6325,81.99416666666667,4.0,67.785375
2020-06-29,21.09,14.05,92.9,62.18,5.85,4.0,,0.229,2.110324,0.7536826,14.19,16.58,16.58,24.0,17.543333333333333,87.75,4.0,42.57491666666667
2020-06-30,20.14,15.11,93.4,79.24,3.674,4.0,,1.143,2.034297,0.6007473,17.45,18.53,18.53,24.0,20.402083333333334,81.915,3.838912037037037,121.676875
2020-07-01,30.99,16.26,94.0,43.06,10.5,4.0,,6.858,1.795424,0.30494859999999996,13.86,18.84,18.84,24.0,19.407500000000002,51.161249999999995,4.162326388888888,140.875
2020-07-02,23.55,15.24,76.21,36.68,12.16,19.488888888888887,299.0,0.0,1.804543,0.3039018,7.419,16.05,16.05,24.0,15.22875,68.01666666666667,4.0,117.52591666666666
2020-07-03,21.73,9.96,88.8,42.46,10.14,4.0,,0.0,2.424616,0.8273851,9.97,12.3,12.3,24.0,15.307916666666666,73.14208333333333,4.0,128.66925
2020-07-04,23.18,11.54,90.4,45.12,11.1,4.0,,0.0,2.332044,0.5131512,10.93,13.89,13.89,24.0,16.845,78.35625,4.0,134.521
2020-07-05,25.36,10.65,92.0,46.55,11.61,4.0,,0.0,2.252098,0.5004209,15.14,17.22,17.22,24.0,19.21125,81.77916666666667,4.0,97.50120833333334
2020-07-06,26.9,14.02,92.8,58.0,8.41,4.0,,0.0,1.933481,0.3492541,17.47,19.69,19.69,24.0,18.2625,91.77916666666665,4.0,12.273083333333332
2020-07-07,19.81,16.1,93.9,86.9,1.059,4.0,,21.49,2.234793,0.4832845,15.47,16.53,16.53,24.0,17.36375,93.39999999999999,4.0,22.396749999999997
2020-07-08,18.63,16.24,94.1,91.7,1.933,4.0,,2.972,2.198954,0.3659455,17.02,17.99,17.99,24.0,19.785833333333333,84.96833333333333,2.3244328703703703,23.315208333333334
2020-07-09,25.36,17.46,94.5,59.42,2.012,5.719444444444444,291.0,0.0,2.0718,0.2942937,13.07,19.78,19.78,24.0,18.044583333333332,65.92041666666667,1.838935185185185,115.42316666666666
2020-07-10,25.1,12.64,90.2,41.36,9.96,7.430555555555555,259.0,0.0,2.061116,0.4370514,11.06,12.64,12.64,24.0,15.978333333333333,81.70875,4.0,137.54429166666668
2020-07-11,25.13,9.59,92.7,52.56,11.87,4.0,,0.0,2.036582,0.3755925,14.24,15.62,15.62,24.0,18.690416666666668,82.65166666666666,4.0,88.00220833333333
2020-07-12,27.16,14.28,92.4,59.18,7.594,4.0,,0.0,1.580134,0.31561239999999996,16.2,17.95,17.95,24.0,21.223333333333333,81.51625,4.0,123.32616666666667
2020-07-13,31.07,16.09,93.2,51.8,10.64,4.0,,0.0,1.577353,0.28686649999999997,17.74,19.0,19.0,24.0,18.576666666666668,91.89583333333333,4.0,21.70641666666667
2020-07-14,20.14,15.77,93.8,88.9,1.874,4.0,,16.61,1.853945,0.3100618,15.17,16.29,16.29,24.0,17.027916666666666,86.31833333333333,4.0,57.722791666666666
2020-07-15,21.63,15.36,93.7,66.07,4.981,4.0,,0.0,1.949174,0.8186266,13.62,16.34,16.34,24.0,17.15125,78.85916666666667,4.0,95.082375
2020-07-16,22.05,14.65,88.5,62.68,8.21,4.0,,0.0,2.144801,1.126481,12.62,14.74,14.74,24.0,16.17833333333333,80.9225,4.0,49.128875
2020-07-17,19.06,13.4,92.5,70.22,4.24,4.0,,0.229,2.079518,0.7813675,15.38,16.59,16.59,24.0,18.493333333333332,88.05041666666666,4.0,72.74754166666666
2020-07-18,23.09,15.98,93.5,71.5,6.277,4.0,,7.315,1.9206949999999998,0.399563,17.48,18.62,18.62,24.0,20.033333333333335,88.40791666666667,4.0,36.367875
2020-07-19,22.53,18.45,93.0,76.48,3.1390000000000002,4.0,,0.229,1.794588,0.31835569999999996,18.9,20.11,20.11,24.0,21.347916666666666,85.91791666666666,4.0,111.94366666666667
2020-07-20,27.82,17.76,93.7,59.71,9.66,4.0,,0.0,1.805529,0.2565028,16.71,17.76,17.76,24.0,20.320833333333333,87.63625,4.0,122.85083333333334
2020-07-21,28.05,16.92,94.8,61.29,10.6,4.0,,0.0,1.818894,0.2154122,17.53,18.57,18.57,24.0,21.64125,80.48,4.0,133.06245833333335
2020-07-22,31.49,16.54,95.0,43.25,11.48,4.0,,0.0,2.085155,0.1864167,16.83,19.0,19.0,24.0,22.59625,75.00416666666666,4.0,139.99958333333333
2020-07-23,33.74,16.42,93.6,34.59,12.08,4.0,,0.0,2.019742,0.17620059999999999,16.36,19.04,19.04,24.0,21.29625,78.67916666666666,4.0,135.734
2020-07-24,30.19,16.08,93.0,46.64,11.72,4.0,,0.0,1.89582,0.18096679999999998,18.53,19.73,19.73,24.0,21.200833333333332,85.8875,4.0,76.691125
2020-07-25,26.54,19.14,93.0,67.21,6.618,4.0,,0.0,1.7028949999999998,0.1543365,19.05,20.28,20.28,24.0,20.498749999999998,80.49624999999999,4.0,60.22408333333333
2020-07-26,28.76,16.44,92.9,48.93,5.198,4.0,,0.0,1.929008,0.1538327,15.05,17.22,17.22,24.0,17.024166666666666,87.14166666666667,4.0,31.72683333333333
2020-07-27,17.86,15.66,91.9,80.3,2.738,4.0,,0.457,1.8257089999999998,0.3075136,14.97,17.01,17.01,24.0,19.866666666666667,82.27499999999999,4.0,134.91183333333333
2020-07-28,28.2,15.15,93.0,54.68,11.64,4.0,,0.0,1.5703619999999998,0.3120311,18.34,20.1,20.1,24.0,20.295833333333334,85.62958333333334,4.0,103.07908333333334
2020-07-29,27.3,15.93,93.6,64.3,8.9,4.0,,13.26,1.707315,0.24898579999999998,14.91,15.97,15.97,24.0,14.602916666666667,87.06875000000001,4.0,20.78891666666667
2020-07-30,15.97,13.49,93.6,77.67,1.794,4.0,,7.874,2.003974,0.7832275999999999,11.2,13.83,13.83,24.0,15.141666666666666,74.815,4.0,61.00179166666666
2020-07-31,17.87,12.85,87.6,59.61,5.265,4.0,,0.0,1.984122,0.5670642,12.8,15.28,15.28,24.0,17.08375,86.07791666666667,4.0,54.454
2020-08-01,20.2,14.71,91.8,77.14,4.7,4.0,,0.229,1.876592,0.4331871,15.35,16.69,16.69,24.0,19.467499999999998,82.98291666666667,4.0,120.58304166666666
2020-08-02,26.26,15.69,93.0,58.42,10.41,4.0,,0.0,1.785975,0.40250589999999997,16.28,17.54,17.54,24.0,20.05125,83.60708333333334,4.0,154.93075000000002
2020-08-03,27.38,16.38,93.4,55.8,13.37,4.0,,0.0,1.823113,0.3861001,15.85,17.07,17.07,24.0,20.21125,81.94166666666666,4.0,164.77141666666668
2020-08-04,27.64,16.67,94.2,54.9,14.22,4.0,,0.0,1.9044349999999999,0.3690977,16.83,18.58,18.58,24.0,20.705000000000002,79.90625,4.0,139.614625
2020-08-05,27.29,16.8,92.8,55.04,12.05,4.0,,0.0,1.762713,0.3484352,18.08,20.23,20.23,24.0,21.40041666666667,82.59791666666666,4.0,112.98904166666667
2020-08-06,27.54,17.9,93.4,59.24,9.75,4.0,,0.0,1.766977,0.28003049999999996,18.69,20.7,20.7,24.0,21.22125,82.21208333333333,4.0,169.05545833333335
2020-08-07,28.83,16.64,94.2,50.46,14.59,4.0,,0.0,1.590717,0.2555098,18.19,19.48,19.48,24.0,21.22125,80.185,4.0,166.172875
2020-08-08,27.98,17.11,94.4,49.09,14.34,4.0,,0.0,1.677731,0.25108779999999997,15.97,17.44,17.44,24.0,20.4275,83.57125,4.0,171.32675000000003
2020-08-09,27.03,16.05,93.8,60.32,14.79,4.0,,0.0,1.6061969999999999,0.23775639999999998,18.06,19.67,19.67,24.0,21.372083333333336,82.50333333333333,4.0,137.46104166666666
2020-08-10,27.46,18.05,92.8,59.28,11.86,4.0,,0.0,1.4937369999999999,0.1625284,18.46,20.72,20.72,24.0,22.656666666666666,79.44541666666667,4.0,159.15579166666666
2020-08-11,29.76,19.04,93.0,55.88,13.74,4.0,,0.0,1.413974,0.1245162,17.83,19.04,19.04,24.0,20.337083333333332,77.70708333333333,4.0,154.69345833333333
2020-08-12,30.02,17.05,94.2,43.53,13.35,4.0,,0.0,1.360007,0.1101882,13.16,18.13,18.13,24.0,17.028333333333332,87.58958333333334,4.0,18.814583333333335
2020-08-13,18.23,16.13,92.7,72.73,1.624,4.0,,3.658,1.732786,0.610086,15.34,16.75,16.75,24.0,19.270833333333332,90.02333333333333,4.0,78.44495833333333
2020-08-14,25.25,16.29,94.0,71.79,6.77,4.0,,14.63,1.741256,0.6013071999999999,19.32,20.36,20.36,24.0,20.0975,93.575,4.0,25.705333333333332
2020-08-15,21.24,19.24,94.2,92.3,2.22,4.0,,3.9370000000000003,1.77377,0.35794329999999996,19.04,20.0,20.0,24.0,20.6225,85.75375000000001,4.0,22.334708333333335
2020-08-16,25.0,18.09,95.1,60.05,1.9260000000000002,4.0,,20.12,1.838933,0.4471114,18.15,19.61,19.61,24.0,18.414583333333333,88.73333333333333,4.0,19.679291666666668
2020-08-17,19.93,16.35,93.5,79.77,1.698,4.0,,1.6,2.085774,0.3357751,15.27,16.35,16.35,24.0,18.535416666666666,89.79583333333333,4.0,48.552083333333336
2020-08-18,23.09,16.36,93.8,71.71,4.19,4.0,,0.686,2.135409,0.3391935,17.28,18.31,18.31,24.0,19.113333333333333,93.70416666666667,4.0,20.89258333333333
2020-08-19,20.39,18.04,94.6,91.1,1.803,4.0,,10.74,2.251343,0.3207468,18.21,19.12,19.12,24.0,19.28375,93.34583333333335,4.0,25.86125
2020-08-20,21.28,17.08,95.1,86.7,2.232,4.0,,9.83,2.318943,0.3292655,16.11,17.08,17.08,24.0,14.390833333333333,92.85833333333333,4.0,15.56525
2020-08-21,11.09,11.09,93.5,93.5,0.0,4.0,,0.0,1.279842,1.279842,10.1,11.09,11.09,14.0,12.081428571428573,74.80285714285715,4.0,89.51092857142858
2020-08-22,,,,,,,,,,,,,,15.0,15.818666666666667,66.08333333333333,4.0,315.53799999999995
2020-08-23,22.1,8.09,94.8,39.3,16.77,4.0,,0.0,2.334179,0.5654011999999999,9.49,11.77,11.77,24.0,14.618333333333332,83.48291666666667,4.0,114.87616666666666
2020-08-24,21.88,9.09,92.7,64.84,9.91,4.0,,0.0,2.023179,0.5166488,14.2,15.44,15.44,24.0,18.337500000000002,81.97083333333333,4.0,178.2987916666667
2020-08-25,25.32,13.85,94.0,55.68,15.39,4.0,,0.0,1.751612,0.46107689999999996,13.58,14.64,14.64,24.0,17.892916666666668,84.40083333333334,4.0,126.421875
2020-08-26,25.08,12.73,94.8,65.25,10.91,4.0,,0.0,1.5454219999999999,0.4093251,14.69,16.25,16.25,24.0,18.604166666666668,78.95833333333333,4.0,206.54929166666668
2020-08-27,26.62,14.94,92.1,47.22,17.31,4.0,,0.0,1.4000949999999999,0.35359199999999996,13.67,14.94,14.94,24.0,19.057083333333335,82.07458333333334,4.0,202.82879166666666
2020-08-28,27.8,12.52,94.5,53.78,17.51,4.0,,0.0,1.4256389999999999,0.3247672,16.48,17.5,17.5,24.0,21.55333333333333,80.22125,4.0,204.560875
2020-08-29,29.64,17.5,93.7,49.53,17.65,4.0,,0.0,1.505248,0.2636965,16.71,17.85,17.85,24.0,20.3425,87.87416666666667,4.0,111.28304166666668
2020-08-30,26.86,17.62,94.5,66.96,9.6,4.0,,0.0,1.593407,0.2290577,18.62,19.64,19.64,24.0,21.51625,84.92,4.0,160.25491666666667
2020-08-31,28.42,18.28,95.3,65.62,13.83,4.0,,0.0,1.724891,0.2280237,16.71,19.53,19.53,24.0,18.536666666666665,90.89999999999999,4.0,32.543124999999996
2020-09-01,19.8,17.35,94.2,81.7,2.809,4.0,,7.087,1.976845,0.3027185,16.51,17.44,17.44,24.0,18.3075,94.16666666666667,2.9782754629629626,38.456916666666665
2020-09-02,19.75,16.97,95.0,92.5,3.319,4.1194444444444445,153.0,21.03,2.087015,0.442872,18.33,19.15,19.15,24.0,20.877916666666668,90.81666666666666,1.0676388888888888,66.01225000000001
2020-09-03,23.73,19.07,95.0,81.5,5.697,5.6,72.0,0.457,1.9928379999999999,0.246573,19.83,21.34,21.34,24.0,23.062916666666666,84.91041666666666,0.8507407407407408,115.89841666666666
2020-09-04,28.63,20.04,93.9,67.26,10.0,3.738888888888889,177.0,0.0,1.76479,0.1347275,17.81,20.05,20.05,24.0,19.186666666666667,84.6875,1.2271875,40.415
2020-09-05,20.3,17.43,89.7,79.24,3.487,4.919444444444444,128.0,0.0,1.932112,0.22355529999999998,15.64,17.51,17.51,24.0,18.614583333333332,88.75416666666666,1.0265856481481481,52.46879166666667
2020-09-06,22.03,16.77,93.7,74.88,4.5280000000000005,4.0,,0.229,1.8132709999999999,0.22833989999999998,17.64,18.7,18.7,24.0,19.90458333333333,91.02083333333333,2.4328935185185183,36.64641666666667
2020-09-07,22.0,18.66,94.0,83.7,3.163,10.299999999999999,175.0,1.8290000000000002,1.656663,0.2154989,18.34,19.34,19.34,24.0,19.768333333333334,92.53750000000001,4.0,25.544958333333337
2020-09-08,21.72,18.98,94.7,85.8,2.205,4.0,,2.743,1.560717,0.20480369999999998,18.01,19.02,19.02,24.0,20.66208333333333,91.3,3.971412037037037,40.80158333333333
2020-09-09,22.83,18.88,94.8,83.7,3.521,6.6000000000000005,178.0,0.229,1.401615,0.2048064,20.16,21.02,21.02,24.0,22.564166666666665,90.98833333333333,1.664965277777778,76.19483333333334
2020-09-10,26.62,20.91,95.5,75.23,6.5760000000000005,4.719444444444444,18.0,0.229,1.303205,0.20717329999999998,20.5,21.39,21.39,24.0,23.20041666666667,83.60458333333334,2.745983796296296,165.44995833333334
2020-09-11,31.69,18.8,95.9,60.59,14.28,7.111111111111112,8.0,0.0,1.093895,0.1664322,17.22,18.8,18.8,24.0,21.7375,82.08083333333333,4.0,207.92583333333334
2020-09-12,29.32,16.92,94.7,52.8,17.94,4.0,,0.0,1.393839,0.18984479999999998,18.5,19.63,19.63,24.0,23.375,79.43124999999999,4.0,179.08520833333333
2020-09-13,31.52,18.49,94.7,48.97,15.46,4.0,,0.0,1.500601,0.13199729999999998,19.25,22.21,22.21,24.0,23.997083333333332,81.85666666666667,4.0,186.40833333333333
2020-09-14,30.71,20.38,93.3,59.5,16.09,4.0,,0.0,1.464918,0.12093019999999999,19.37,20.46,20.46,24.0,22.011666666666667,81.64375,4.0,120.254125
2020-09-15,32.7,17.86,95.6,49.27,10.38,4.0,,0.0,1.694575,0.1159765,13.38,17.86,17.86,24.0,17.237083333333334,75.61458333333333,4.0,42.741749999999996
2020-09-16,19.7,15.14,92.7,62.65,3.689,4.0,,0.0,2.11351,0.2708549,14.65,16.04,16.04,24.0,19.615,82.58333333333333,4.0,98.35466666666667
2020-09-17,24.61,15.88,91.8,62.94,8.49,4.0,,0.0,2.011051,0.1872521,18.1,19.98,19.98,24.0,21.525000000000002,89.12833333333333,4.0,59.08154166666667
2020-09-18,25.98,19.72,95.1,71.77,5.099,4.0,,2.057,1.9970400000000001,0.1282403,19.89,20.68,20.68,24.0,23.37,82.64541666666666,4.0,226.41525000000001
2020-09-19,32.08,18.55,95.9,50.29,19.54,4.0,,0.0,2.180858,0.04622732,19.66,20.82,20.82,24.0,24.1525,78.92958333333333,4.0,206.04774999999998
2020-09-20,33.13,19.96,93.0,54.01,17.78,4.0,,0.0,1.973421,0.01145504,14.97,20.0,20.0,24.0,18.294166666666666,68.59875,4.0,57.141124999999995
2020-09-21,20.04,16.44,79.44,58.04,4.932,4.0,,0.0,2.085747,0.19713709999999998,12.41,16.8,16.8,24.0,16.145416666666666,81.15166666666667,4.0,40.67358333333333
2020-09-22,18.37,14.04,93.3,62.19,3.51,4.0,,0.229,2.033677,0.3537052,13.4,15.69,15.69,16.0,17.5575,72.149375,4.0,150.83375
2021-01-15,,,,,,,,,,,,,,14.0,26.655714285714286,89.73857142857142,1.2361507936507936,281.76928571428573
2021-01-16,32.41,24.15,96.3,70.76,13.86,6.830555555555556,85.0,19.56,129.8865,-2.266042,24.07,24.68,24.68,24.0,27.451666666666668,88.5125,1.1312268518518518,221.93995833333335
2021-01-17,32.61,24.09,96.4,70.48,19.15,6.030555555555556,82.0,0.0,146.9677,-6.10554,25.16,26.49,26.49,24.0,28.6125,85.1525,1.813425925925926,162.96154166666668
2021-01-18,34.95,25.6,95.1,57.69,14.06,5.249999999999999,94.0,1.6,,,24.81,25.96,25.96,24.0,24.072083333333335,94.13333333333333,4.0,40.469541666666665
2021-01-19,23.05,20.67,96.1,94.0,0.8,4.0,,28.8,115.6647,48.37204,19.71,20.68,20.68,24.0,21.383333333333336,95.2375,1.214039351851852,32.12583333333333
2021-01-20,22.69,19.6,96.4,91.8,2.773,4.0,,28.12,124.055,25.49751,20.96,21.56,21.56,24.0,22.40875,93.96666666666665,1.1020486111111112,39.76
2021-01-21,24.21,21.13,96.4,89.2,3.431,3.1194444444444445,279.0,7.5440000000000005,120.2212,46.31068,22.11,22.89,22.89,24.0,23.457083333333333,95.12916666666666,1.2094675925925926,57.56116666666667
2021-01-22,26.09,22.35,96.2,89.9,4.968,5.288888888888889,162.0,32.77,110.1413,25.3676,21.59,22.39,22.39,10.0,22.645999999999997,95.4,0.6893055555555556,17.2715
2021-03-02,,,,,,,,,,,,,,12.0,27.288,84.835,1.0270601851851853,131.3265
2021-03-03,,,92.9,,357.2,6.1305555555555555,15.0,8.64,,,,-100.0,-124.9,24.0,22.87272727272727,89.82272727272726,0.8530555555555556,117.70458333333333
2021-03-04,24.7,22.93,96.5,92.6,0.07,2.4694444444444446,39.0,1.524,1.329,-0.16899989999999998,22.48,23.11,23.11,24.0,25.04875,92.53541666666666,0.7882638888888889,94.28224999999999
2021-03-05,28.92,22.7,97.5,74.65,583.4,3.061111111111111,38.0,3.302,1.235,-0.168,23.84,24.47,24.47,24.0,25.234583333333333,90.25666666666666,0.9958564814814815,107.75791666666667
2021-03-06,32.83,22.53,96.8,57.84,976.0,7.861111111111111,249.0,21.84,1.115,-0.17400000000000002,22.1,22.76,22.76,24.0,25.605833333333333,84.54083333333334,1.0566782407407407,218.81912499999999
2021-03-07,32.48,21.93,96.9,62.16,3629.0,5.430555555555555,151.0,0.0,1.308,-0.145,22.42,23.99,23.99,24.0,24.813333333333333,85.26375,0.9674537037037036,102.80916666666667
2021-03-08,30.18,22.87,96.1,57.77,966.0,4.419444444444444,161.0,5.334,1.35,-0.07999992,22.9,23.59,23.59,24.0,25.794166666666666,85.40375,1.559201388888889,232.07104166666667
2021-03-09,31.95,22.07,96.4,64.36,3619.0,6.269444444444444,102.0,3.556,1.001,-0.191,23.24,25.42,25.42,24.0,24.63875,87.64666666666666,4.0,135.585
2021-03-10,32.99,20.59,96.3,54.47,1971.0,4.0,,8.89,1.005,-0.1959999,20.18,21.16,21.16,24.0,24.004166666666666,78.52875,4.0,272.23537500000003
2021-03-11,32.13,18.5,96.8,40.88,4613.0,4.0,,0.0,1.309,-0.1919999,19.66,22.58,22.58,24.0,25.136666666666667,78.47875,4.0,193.5635
2021-03-12,31.52,20.28,94.5,54.0,2601.0,4.0,,0.0,1.51,-0.20700000000000002,21.97,24.21,24.21,23.0,25.474347826086955,83.89521739130434,4.0,120.49556521739132
2021-03-13,27.44,24.12,92.5,76.07,8.18,4.0,,0.0,1.196,-0.21,22.44,24.38,24.38,24.0,26.474166666666665,84.71041666666666,4.0,167.616375
2021-03-14,32.47,23.29,93.6,63.15,2280.0,4.0,,0.0,1.479,-0.2179999,24.11,25.2,25.2,24.0,27.515416666666667,84.91791666666667,4.0,252.5805
2021-03-15,34.28,20.79,98.4,59.63,4100.0,4.0,,68.07,,,20.75,21.22,21.22,24.0,25.190833333333334,86.40166666666666,2.2590162037037036,176.88637500000002
2021-03-16,32.97,20.6,97.7,55.41,2533.0,5.1611111111111105,337.0,1.27,,,24.16,24.79,24.79,24.0,26.630416666666665,87.05833333333334,3.9895833333333335,165.26149999999998
2021-03-17,31.8,23.76,96.9,64.76,1875.0,4.0,,0.0,,,23.68,24.79,24.79,24.0,26.81958333333333,87.64458333333333,4.0,127.48758333333332
2021-03-18,31.03,22.93,97.7,72.35,963.0,4.0,,31.5,,,22.78,23.2,23.2,24.0,24.89916666666667,88.99583333333334,4.0,71.70129166666666
2021-03-19,28.14,22.9,98.2,75.63,351.3,4.0,,1.27,1.32,-0.109,21.97,23.0,23.0,24.0,24.11583333333333,87.89583333333333,4.0,63.923791666666666
2021-03-20,28.34,22.38,95.1,70.51,482.8,4.0,,1.016,1.25,0.0400002,22.54,23.83,23.83,24.0,25.3275,88.54916666666666,4.0,114.31162499999999
2021-03-21,31.54,21.61,97.0,66.73,948.0,4.0,,0.762,0.9450001,-0.04299998,23.5,24.11,24.11,24.0,27.20625,87.4525,4.0,185.38591666666665
2021-03-22,33.83,23.47,97.0,64.81,2430.0,4.0,,0.0,0.7290000999999999,-0.1139998,25.27,26.2,26.2,24.0,25.745416666666667,93.5,4.0,56.433666666666674
2021-03-23,28.01,24.11,96.8,80.9,205.3,4.0,,7.112,1.237,-2.024,23.55,24.29,24.29,24.0,25.344583333333333,91.445,4.0,90.01495833333333
2021-03-24,29.91,22.01,97.1,72.75,567.5,4.0,,7.112,1.223,-0.08999991,21.65,22.2,22.2,24.0,25.739166666666666,86.43458333333332,4.0,222.74187500000002
2021-03-25,33.56,21.75,97.5,56.32,3372.0,4.0,,3.302,1.205,-0.1489999,23.44,24.07,24.07,24.0,25.074166666666667,90.98333333333333,4.0,97.28866666666666
2021-03-26,28.91,23.3,96.7,74.01,614.7,4.0,,2.286,1.462,-0.164,23.27,23.97,23.97,24.0,26.040833333333335,86.84708333333333,4.0,196.222625
2021-03-27,33.68,22.37,96.9,60.38,3034.0,4.0,,6.858,1.434,-0.16899989999999998,21.91,22.49,22.49,24.0,25.934166666666666,83.93541666666667,4.0,218.58041666666668
2021-03-28,35.16,21.21,97.3,53.43,3176.0,4.0,,3.556,1.637,-0.178,22.57,23.91,23.91,24.0,25.722916666666666,90.19791666666667,4.0,171.70891666666668
2021-03-29,33.0,22.84,97.1,66.16,2179.0,4.0,,3.81,1.8290000000000002,-0.178,24.04,24.57,24.57,24.0,25.22666666666667,90.02,3.4577314814814812,141.85966666666667
2021-03-30,32.82,22.58,97.3,55.97,2055.0,4.030555555555555,21.0,32.51,1.849,-0.17199989999999998,22.25,22.81,22.81,24.0,25.0425,76.64,1.2608796296296296,227.12379166666665
2021-03-31,31.31,21.73,97.3,45.43,3459.0,6.788888888888889,253.0,0.254,1.6720000000000002,-0.178,18.41,22.27,22.27,24.0,24.17625,69.72083333333333,3.652233796296296,260.35316666666665
2021-04-01,31.26,18.5,93.0,37.02,4062.0,4.0,,0.0,1.871,-0.17299989999999998,18.49,20.83,20.83,24.0,23.517083333333332,73.13958333333333,4.0,236.23116666666667
2021-04-02,31.45,22.53,81.8,41.54,3137.0,4.0,,0.0,1.54,-0.1959999,17.71,22.74,22.74,24.0,24.072083333333335,73.67875,4.0,229.229
2021-04-03,30.55,18.46,93.4,46.38,3525.0,4.0,,0.254,1.316,-0.1929998,20.86,22.22,22.22,24.0,21.745,91.675,4.0,78.70649999999999
2021-04-04,24.65,19.92,96.4,78.21,399.8,4.0,,6.604,1.345,-0.1849999,19.33,19.92,19.92,24.0,22.97875,85.87041666666666,4.0,136.52566666666667
2021-04-05,28.92,19.78,96.8,58.59,1495.0,4.0,,0.254,1.282,-0.2219999,20.2,21.24,21.24,24.0,23.51,85.66375,4.0,173.74041666666668
2021-04-06,29.8,20.05,97.0,56.92,2443.0,4.0,,3.302,1.2610000000000001,-0.2189999,20.87,21.74,21.74,24.0,22.06625,91.81541666666668,4.0,70.69408333333334
2021-04-07,26.51,20.22,97.1,72.71,380.4,4.0,,16.76,0.8700002,-0.2159998,19.92,20.59,20.59,24.0,22.947916666666668,89.14,4.0,124.53033333333333
2021-04-08,28.88,19.76,97.4,63.85,1384.0,4.0,,3.556,0.97,-0.1759999,20.7,21.54,21.54,24.0,22.897499999999997,92.72083333333335,4.0,101.87933333333335
2021-04-09,26.27,21.16,97.3,78.79,757.7,4.0,,18.8,1.058,-0.1789999,20.89,21.8,21.8,24.0,24.372500000000002,88.1825,4.0,177.63920833333336
2021-04-10,30.65,19.91,97.3,66.03,2352.0,4.0,,0.0,0.977,-0.2119999,23.06,24.15,24.15,24.0,26.47666666666667,83.37708333333333,4.0,229.22795833333336
2021-04-11,33.46,22.93,96.1,55.72,3284.0,4.0,,0.0,1.185,-0.2130001,22.17,22.95,22.95,24.0,25.721666666666668,86.03416666666668,4.0,195.121125
2021-04-12,33.31,21.65,97.6,59.08,2471.0,4.0,,0.0,1.45,-0.224,22.52,23.52,23.52,24.0,24.048333333333332,86.01583333333333,4.0,63.780499999999996
2021-04-13,28.25,21.46,96.3,71.1,318.8,4.0,,0.0,1.63,-0.2130001,20.31,22.58,22.58,24.0,23.30541666666667,74.9525,4.0,110.097625
2021-04-14,28.45,19.89,92.3,52.58,1010.0,4.0,,0.0,1.673,-0.2179999,18.7,21.46,21.46,24.0,22.785833333333333,81.34,4.0,111.12287500000001
2021-04-15,28.03,19.53,94.5,61.05,899.0,4.0,,0.508,1.259,-0.2259998,19.8,22.31,22.31,24.0,23.49791666666667,80.12541666666667,4.0,109.015875
2021-04-16,27.97,20.1,95.2,56.73,713.4,4.0,,1.016,1.22,-0.224,20.45,22.05,22.05,24.0,24.115,84.02625,4.0,169.1652083333333
2021-04-17,30.68,20.51,95.8,59.71,2084.0,4.0,,0.254,1.088,-1.8719999999999999,20.85,22.03,22.03,24.0,22.5275,92.51666666666667,4.0,49.26358333333334
2021-04-18,25.26,21.04,95.9,83.0,163.3,4.0,,11.68,1.125,-0.2179999,20.36,21.33,21.33,24.0,22.846666666666668,87.21041666666667,4.0,119.01466666666666
2021-04-19,28.17,20.14,96.3,60.14,1273.0,4.0,,1.016,1.086,-0.1339998,19.45,20.14,20.14,24.0,22.549583333333334,86.4225,4.0,126.83775000000001
2021-04-20,28.86,19.54,96.3,64.17,1394.0,4.0,,0.508,0.8930001999999999,0.109,19.51,20.82,20.82,24.0,21.86708333333333,86.11916666666667,4.0,100.37779166666667
2021-04-21,26.1,18.42,95.1,63.5,763.0,4.0,,3.302,0.8470002,0.01800013,18.4,21.38,21.38,24.0,21.746666666666666,85.58125,4.0,135.03925
2021-04-22,28.45,18.85,96.8,54.25,1429.0,4.0,,21.34,0.9780000999999999,-0.2149999,19.3,19.89,19.89,24.0,20.648333333333333,88.12,4.0,134.51287499999998
2021-04-23,26.53,17.61,97.2,55.89,1509.0,4.0,,12.7,1.127,-0.2119999,17.41,18.41,18.41,24.0,21.472083333333334,83.87625,4.0,136.161
2021-04-24,27.27,17.41,95.6,62.25,1377.0,4.0,,0.0,1.134,-0.23599979999999998,18.87,19.68,19.68,24.0,22.774583333333336,82.96583333333334,4.0,182.10220833333332
2021-04-25,30.02,18.44,97.1,54.96,2498.0,4.0,,0.0,2.93,-0.2419999,19.83,21.35,21.35,24.0,23.685000000000002,82.47708333333334,4.0,104.98691666666667
2021-04-26,30.49,20.38,95.2,53.56,991.0,4.0,,0.254,1.5390000000000001,-0.23199989999999998,21.45,22.25,22.25,24.0,23.2075,79.0625,4.0,151.85187499999998
2021-04-27,30.3,19.74,96.8,47.82,2093.0,4.0,,0.0,1.889,-0.2179999,17.44,21.34,21.34,24.0,22.330833333333334,75.39416666666666,4.0,139.46075
2021-04-28,28.66,19.62,90.4,51.62,1558.0,4.0,,0.0,1.877,-0.2149999,18.31,20.37,20.37,24.0,21.912916666666664,76.13916666666667,4.0,153.19575
2021-04-29,29.57,17.89,89.6,48.48,1917.0,4.0,,0.0,1.744,-0.23099989999999998,16.03,17.9,17.9,24.0,20.756249999999998,79.19791666666667,4.0,131.62958333333333
2021-04-30,28.18,16.63,94.3,50.09,1535.0,4.0,,0.254,1.5230000000000001,-0.243,17.25,18.37,18.37,24.0,21.06416666666667,82.37541666666667,4.0,153.338375
2021-05-01,28.24,17.13,96.4,49.5,2055.0,4.0,,1.27,1.363,-0.2460001,17.14,18.27,18.27,24.0,20.9025,85.25750000000001,4.0,103.50095833333334
2021-05-02,27.07,16.48,95.5,65.66,992.0,4.0,,0.0,1.2469999999999999,-0.233,19.99,21.75,21.75,24.0,23.060000000000002,81.885,4.0,166.92979166666666
2021-05-03,29.01,19.56,95.2,54.64,1962.0,4.0,,0.0,1.288,-0.2509999,18.67,19.73,19.73,24.0,23.180000000000003,82.42541666666666,4.0,174.15712499999998
2021-05-04,30.06,19.0,95.1,60.66,2138.0,4.0,,0.0,1.323,-0.2509999,19.88,20.7,20.7,24.0,23.402916666666666,87.23125,4.0,138.89875
2021-05-05,30.73,19.49,96.8,61.59,1383.0,4.0,,0.0,1.298,-0.23199989999999998,20.7,21.35,21.35,24.0,22.87125,88.39708333333333,4.0,57.94245833333334
2021-05-06,27.01,20.1,96.8,73.65,238.6,4.0,,0.254,1.279,-0.1889999,20.39,21.37,21.37,24.0,19.350416666666664,95.23333333333333,4.0,14.478833333333334
2021-05-07,21.4,16.4,97.2,92.9,13.78,4.0,,34.29,1.3679999999999999,0.2950001,16.18,17.05,17.05,24.0,19.2075,79.38625,4.0,131.17325
2021-05-08,25.63,15.7,96.7,44.05,1178.0,4.0,,0.0,1.542,-0.08200002,15.76,18.31,18.31,24.0,19.063333333333333,78.57208333333334,4.0,141.04758333333334
2021-05-09,26.32,14.21,96.4,49.44,1599.0,4.0,,0.0,1.556,-0.2089999,15.91,17.37,17.37,24.0,19.3125,88.58375000000001,4.0,90.28358333333334
2021-05-10,23.26,16.9,96.3,72.4,671.0,4.0,,3.81,1.355,-0.23599979999999998,18.58,19.24,19.24,24.0,20.78125,91.82916666666667,4.0,104.97391666666665
2021-05-11,26.62,18.36,97.0,68.51,906.0,4.0,,8.38,1.125,-0.234,17.88,18.45,18.45,24.0,20.05,87.34541666666667,4.0,93.02254166666667
2021-05-12,25.94,16.18,97.5,67.21,877.0,4.0,,4.064,1.385,-0.257,15.33,16.19,16.19,24.0,16.006249999999998,94.55833333333334,4.0,13.332666666666666
2021-05-13,16.56,15.29,96.4,91.9,11.11,4.0,,32.51,1.6440000000000001,-0.122,14.72,15.41,15.41,24.0,17.5575,84.73583333333333,4.0,166.44058333333334
2021-05-14,26.05,12.87,97.8,48.31,2117.0,4.0,,0.254,1.487,-0.2219999,15.12,17.05,17.05,24.0,18.484166666666667,86.17875,4.0,104.45412499999999
2021-05-15,24.27,13.97,96.6,61.93,902.0,4.0,,0.0,1.292,-0.233,17.56,19.12,19.12,24.0,20.045416666666664,87.88041666666668,4.0,96.99654166666666
2021-05-16,25.98,17.39,96.4,63.27,781.1,4.0,,0.762,1.305,-0.233,17.47,18.71,18.71,24.0,20.593333333333334,86.15166666666666,4.0,152.07554166666668
2021-05-17,28.06,16.9,96.6,59.29,1842.0,4.0,,0.0,1.184,-0.224,18.72,19.5,19.5,24.0,21.79416666666667,82.60625,4.0,127.49175000000001
2021-05-18,28.78,17.57,96.8,59.03,1409.0,4.0,,0.0,1.155,-0.178,17.19,18.65,18.65,24.0,20.2025,80.885,4.0,159.69958333333332
2021-05-19,27.14,15.44,96.5,49.39,1911.0,4.0,,0.0,1.17,0.06999994,16.04,18.42,18.42,24.0,20.112916666666667,82.05041666666666,4.0,157.550375
2021-05-20,27.71,15.28,96.2,52.89,1836.0,4.0,,0.0,1.219,0.194,16.69,19.01,19.01,24.0,20.349166666666665,83.94125,4.0,110.68170833333333
2021-05-21,25.57,16.9,94.0,64.25,1025.0,4.0,,0.0,1.18,-1.847,17.93,19.93,19.93,24.0,21.258333333333333,86.17958333333333,4.0,72.72820833333333
2021-05-22,24.95,18.12,95.1,70.25,400.1,4.0,,0.0,1.19,-0.22899989999999998,20.27,21.85,21.85,24.0,22.653750000000002,81.83208333333333,4.0,87.88499999999999
2021-05-23,30.3,18.26,95.8,52.71,550.8,4.0,,6.604,1.193,-2.145,19.83,20.7,20.7,24.0,22.352083333333336,62.793749999999996,4.0,162.50483333333332
2021-05-24,28.02,17.19,95.1,29.15,1959.0,4.0,,0.0,1.325,-0.2719998,6.795,19.19,19.19,24.0,18.26125,56.38666666666666,4.0,160.32333333333335
2021-05-25,25.8,12.08,82.7,30.49,2024.0,4.0,,0.0,1.469,-0.2949998,9.75,12.74,12.74,24.0,16.1775,77.25958333333334,4.0,157.81808333333333
2021-05-26,26.72,9.09,93.5,38.95,1908.0,4.0,,0.0,1.794,-0.1819999,12.55,13.74,13.74,24.0,17.134583333333335,80.56583333333333,4.0,145.22670833333333
2021-05-27,27.73,10.75,96.1,43.06,1690.0,4.0,,0.0,1.5230000000000001,-3.076,15.08,17.63,17.63,24.0,19.3175,82.61708333333333,4.0,147.75145833333335
2021-05-28,28.51,12.98,95.8,51.09,1695.0,4.0,,0.0,1.651,-0.279,15.56,16.42,16.42,24.0,19.305833333333332,87.43458333333332,4.0,75.88304166666667
2021-05-29,26.3,14.81,96.1,67.25,468.3,4.0,,0.0,1.6480000000000001,-0.2379999,18.7,19.74,19.74,24.0,22.07875,85.94125000000001,4.0,84.70995833333333
2021-05-30,29.04,19.62,94.1,67.07,693.1,4.0,,0.0,1.608,-0.211,18.75,20.75,20.75,24.0,18.377083333333335,93.99166666666667,4.0,17.99416666666667
2021-05-31,20.92,16.4,98.8,87.9,24.44,4.0,,0.0,1.5979999999999999,-2.44,15.83,16.49,16.49,24.0,17.650833333333335,86.85333333333334,4.0,63.973000000000006
2021-06-01,21.9,16.11,95.9,66.59,351.2,4.0,,0.0,1.572,0.05900002,15.47,16.62,16.62,15.0,17.532666666666668,87.13733333333333,4.0,166.92533333333333
2021-08-26,,,,,,,,,,,,,,14.0,21.517857142857142,77.83285714285715,4.0,57.99178571428571
2021-08-27,29.51,17.43,96.5,39.85,224.5,4.0,,0.762,2.286,-1.779,15.29,17.6,17.6,24.0,18.04375,80.49583333333334,4.0,40.492250000000006
2021-08-28,19.95,15.98,95.3,66.91,96.2,4.0,,0.254,1.284,-0.28399989999999997,15.28,16.02,16.02,24.0,16.954583333333336,93.69583333333333,4.0,36.092666666666666
2021-08-29,18.68,15.28,97.2,80.9,94.4,4.0,,10.67,2.93,-0.2869999,14.73,15.31,15.31,24.0,16.952083333333334,96.04583333333333,4.0,31.180666666666667
2021-08-30,19.32,15.18,97.4,91.8,65.06,4.0,,3.556,2.93,-0.27399989999999996,16.12,16.54,16.54,24.0,18.290833333333335,95.5,4.0,80.19275
2021-08-31,21.34,15.69,97.8,87.4,439.7,4.0,,3.302,2.93,-0.28099989999999997,18.29,18.81,18.81,24.0,20.017083333333332,91.51166666666667,4.0,142.368625
2021-09-01,25.36,16.37,98.0,72.54,1585.0,4.0,,2.794,2.566,-0.28,18.54,19.4,19.4,24.0,21.050416666666667,85.98125,4.0,150.09191666666666
2021-09-02,26.78,17.96,95.9,65.49,1824.0,4.0,,2.54,0.71,-0.26,17.31,17.96,17.96,24.0,20.75583333333333,85.1125,4.0,211.81004166666665
2021-09-03,28.98,16.0,98.3,55.15,2959.0,4.0,,2.286,0.9040001,-0.279,17.9,18.53,18.53,24.0,21.775000000000002,85.42083333333333,4.0,200.51333333333332
2021-09-04,31.74,17.72,98.4,55.47,2564.0,4.0,,1.27,1.175,-0.276,17.25,18.94,18.94,24.0,19.445,88.09791666666666,4.0,45.36091666666667
2021-09-05,23.44,18.03,96.5,72.39,220.4,4.0,,0.254,1.401,-0.2639999,17.68,18.33,18.33,24.0,21.735416666666666,85.59666666666668,4.0,216.38312499999998
2021-09-06,30.04,17.64,97.9,57.85,2934.0,4.0,,0.254,2.93,-0.2419999,17.46,19.82,19.82,24.0,20.543333333333333,82.24791666666667,4.0,66.99333333333333
2021-09-07,23.11,18.96,93.0,69.11,255.3,4.0,,0.0,1.5350000000000001,-0.2589998,18.02,19.32,19.32,24.0,20.009166666666665,95.87916666666666,4.0,35.18729166666667
2021-09-08,21.87,18.79,97.9,91.5,95.6,4.0,,0.254,2.93,-0.23,19.46,19.82,19.82,24.0,20.96625,95.40416666666665,4.0,46.793000000000006
2021-09-09,24.01,19.8,98.1,86.5,182.3,4.0,,0.508,2.415,-0.2409999,20.16,20.58,20.58,24.0,22.69333333333333,89.62791666666668,4.0,131.41804166666665
2021-09-10,29.15,18.89,98.3,62.28,1124.0,4.0,,0.762,1.325,-2.709,18.54,18.96,18.96,24.0,21.051666666666666,72.74,4.0,253.07704166666667
2021-09-11,31.11,15.08,97.7,36.16,3878.0,4.0,,0.762,1.291,-2.654,14.95,16.24,16.24,24.0,19.764166666666664,84.83791666666666,4.0,98.46495833333334
2021-09-12,25.9,16.14,95.1,62.95,643.2,4.0,,1.778,1.228,-0.25,17.6,19.07,19.07,24.0,21.344166666666666,86.06583333333333,4.0,106.3315
2021-09-13,27.46,18.58,93.6,65.83,811.0,4.0,,3.048,1.068,-0.256,19.74,21.62,21.62,24.0,22.528750000000002,88.30916666666667,4.0,63.881750000000004
2021-09-14,25.75,20.97,93.5,75.09,263.0,4.0,,4.064,0.898,-0.2460001,20.78,21.86,21.86,24.0,22.26875,93.25416666666666,4.0,30.07795833333333
2021-09-15,23.83,21.34,96.6,85.1,67.4,4.0,,3.556,2.93,-0.2460001,19.6,21.85,21.85,24.0,19.27375,88.00375000000001,4.0,28.556791666666665
2021-09-16,21.85,15.88,96.8,73.26,48.86,4.0,,3.556,1.221,-0.1899998,15.15,16.71,16.71,21.0,15.890476190476189,93.70952380952382,4.0,17.81461904761905
2021-09-18,,,,,,,,,,,,,,13.0,21.10923076923077,92.84615384615384,0.7324786324786324,184.95392307692308
2021-09-19,24.93,18.94,99.3,76.63,864.0,3.2305555555555556,92.0,2.794,,,19.09,19.47,19.47,24.0,21.095000000000002,93.49583333333334,0.6817939814814814,59.83408333333333
2021-09-20,24.54,19.33,98.6,82.1,218.1,3.411111111111111,97.0,2.54,1.347,-0.23700000000000002,20.25,20.77,20.77,8.0,20.9375,97.4875,0.7120833333333333,0.665375
2021-09-22,,,,,,,,,,,,,,14.0,19.38714285714286,76.60214285714287,4.0,170.6152857142857
2021-09-23,21.99,17.23,87.0,61.61,851.0,4.0,,4.318,2.93,-0.26,15.11,17.53,17.53,24.0,18.409166666666668,80.88041666666668,4.0,98.035375
2021-09-24,22.38,15.89,94.8,60.06,540.4,4.0,,5.08,2.581,-0.27399989999999996,15.57,16.76,16.76,24.0,18.781666666666666,86.34291666666667,4.0,86.40620833333334
2021-09-25,24.55,16.02,95.2,67.54,480.6,4.0,,4.318,0.9810000999999999,-0.2679999,16.81,18.01,18.01,24.0,21.1575,83.95375,4.0,235.10891666666666
2021-09-26,28.56,16.46,97.6,56.21,3486.0,4.0,,3.048,0.99,-0.2679999,17.98,18.53,18.53,24.0,22.72,83.81375,4.0,248.634375
2021-09-27,29.85,18.31,97.5,59.43,3757.0,4.0,,1.524,2.582,-0.257,19.25,20.13,20.13,24.0,22.655833333333334,84.92541666666666,4.0,240.51633333333334
2021-09-28,29.92,18.47,99.0,61.72,3448.0,4.0,,0.0,0.9330001,-1.7069999999999999,19.74,21.0,21.0,24.0,23.345416666666665,85.41041666666666,4.0,215.306875
2021-09-29,30.43,19.75,99.5,62.25,3058.0,4.0,,0.0,2.93,-0.2539999,19.63,19.8,19.8,24.0,21.315833333333334,90.65625,4.0,110.78458333333333
2021-09-30,27.3,19.24,99.6,62.97,1121.0,4.0,,0.254,2.93,-0.02999997,17.98,19.96,19.96,24.0,20.254166666666666,90.57916666666667,4.0,94.86899999999999
2021-10-01,23.53,18.55,99.1,76.41,779.4,4.0,,0.0,2.93,-0.211,19.07,19.22,19.22,24.0,20.26625,96.46249999999999,4.0,45.04783333333334
2021-10-02,23.03,18.78,99.8,87.6,107.2,4.0,,0.0,2.93,-0.20199989999999998,19.25,19.41,19.41,23.0,20.34695652173913,94.47826086956522,4.0,39.04295652173913
2021-10-03,22.66,19.08,99.5,86.2,131.7,4.0,,0.0,1.138,-0.22899989999999998,19.45,19.82,19.82,24.0,20.61916666666667,96.12916666666666,4.0,36.959624999999996
2021-10-04,23.39,19.43,99.4,77.22,69.01,4.0,,0.0,2.93,-0.233,20.03,20.75,20.75,24.0,18.721666666666668,98.01666666666667,4.0,27.056541666666664
2021-10-05,20.82,16.36,99.4,94.6,52.6,4.0,,0.0,2.93,-0.2460001,16.47,16.81,16.81,20.0,17.226,93.35499999999999,4.0,50.5773
2021-10-12,,,,,,,,,,,,,,11.0,20.997272727272726,97.11818181818181,1.2544191919191918,87.63563636363637
2021-10-13,22.87,19.78,99.4,92.6,173.3,6.380555555555555,82.0,0.0,2.93,-0.184,19.75,19.86,19.86,24.0,21.88416666666667,92.7925,0.8054282407407407,159.49791666666667
2021-10-14,27.91,19.59,100.0,68.02,1663.0,5.3,83.0,0.0,2.93,-0.2409999,20.2,20.66,20.66,24.0,22.726666666666663,90.16458333333333,0.950324074074074,152.15183333333334
2021-10-15,28.23,20.23,99.2,69.91,1321.0,4.469444444444444,125.0,0.0,2.93,-0.358,20.83,21.04,21.04,24.0,21.403333333333332,97.99166666666667,1.0259837962962963,38.54816666666667
2021-10-16,23.81,20.03,100.0,90.8,96.7,6.530555555555556,225.0,0.0,2.93,-0.2539999,19.94,20.03,20.03,24.0,20.98375,92.64166666666667,1.7375231481481481,73.16612500000001
2021-10-17,24.49,18.71,99.8,78.24,363.6,10.6,165.0,0.0,2.93,-2.269,17.68,18.82,18.82,23.0,17.90695652173913,97.72608695652173,4.0,44.027043478260865
2021-10-20,,,,,,,,,,,,,,13.0,17.58923076923077,93.69999999999999,1.2882264957264957,156.4843076923077
2021-10-21,20.72,15.73,98.7,78.85,513.4,4.1499999999999995,25.0,0.0,2.93,-0.22799989999999998,15.02,15.92,15.92,24.0,18.961666666666666,86.71375,1.177488425925926,253.06979166666667
2021-10-22,25.76,15.04,99.4,60.5,4329.0,6.311111111111111,114.0,0.0,2.93,-0.2509999,15.2,15.8,15.8,24.0,20.530833333333334,83.55791666666666,1.085162037037037,315.2302916666667
2021-10-23,29.64,13.81,99.5,53.92,5458.0,6.238888888888889,91.0,0.0,2.93,-0.2509999,17.81,18.08,18.08,24.0,21.5525,87.63125000000001,1.8529629629629631,207.8747083333333
2021-10-24,27.78,17.81,98.8,63.38,2988.0,6.038888888888888,122.0,0.0,,,19.51,20.46,20.46,24.0,21.375416666666666,85.10916666666667,4.0,148.318875
2021-10-25,27.72,18.82,98.8,63.7,2164.0,4.0,,0.0,,,16.04,18.82,18.82,24.0,21.697916666666668,78.31166666666667,4.0,268.28270833333335
2021-10-26,28.35,18.01,94.3,46.9,4372.0,4.0,,0.0,,,17.4,18.94,18.94,24.0,22.48625,81.12833333333333,4.0,294.24725
2021-10-27,31.62,16.39,98.4,43.78,5048.0,4.0,,0.0,,,18.57,19.62,19.62,24.0,22.577083333333334,85.08833333333332,4.0,175.83883333333333
2021-10-28,27.87,17.93,98.4,65.31,1854.0,4.0,,1.27,,,21.2,22.33,22.33,24.0,22.24791666666667,85.87124999999999,4.0,83.33933333333333
2021-10-29,25.72,18.6,98.2,63.31,471.9,4.0,,0.762,,,18.41,18.74,18.74,24.0,20.82166666666667,95.22958333333334,4.0,110.52854166666667
2021-10-30,27.18,18.49,99.9,72.11,993.0,4.0,,40.39,,,20.57,20.61,20.61,24.0,21.925,95.08833333333332,1.9906944444444443,172.323625
2021-10-31,28.14,19.82,99.8,72.38,2612.0,6.488888888888889,96.0,20.07,,,19.81,19.91,19.91,24.0,20.548750000000002,98.03750000000001,1.1051273148148149,56.336999999999996
2021-11-01,23.09,19.38,100.0,86.0,203.8,5.6194444444444445,120.0,46.99,,,20.46,20.46,20.46,24.0,21.977083333333336,97.40416666666665,1.4737731481481482,130.69895833333334
2021-11-02,26.23,20.14,100.0,81.7,1390.0,5.811111111111112,153.0,40.64,,,21.14,21.27,21.27,24.0,23.365,90.70041666666667,1.0428587962962963,240.66425
2021-11-03,29.96,20.19,99.7,66.5,3929.0,5.238888888888889,71.0,1.778,,,20.89,21.54,21.54,24.0,24.10375,85.03291666666667,1.2214583333333333,292.69491666666664
2021-11-04,29.33,20.5,97.8,63.44,5029.0,8.011111111111111,81.0,0.0,,,20.65,21.65,21.65,24.0,23.242499999999996,89.15916666666668,1.6024189814814813,192.71591666666666
2021-11-05,29.66,20.33,98.1,63.35,3296.0,4.438888888888889,34.0,2.286,,,21.57,21.9,21.9,24.0,23.92625,89.89999999999999,4.0,188.804125
2021-11-06,29.91,21.41,99.1,68.92,2645.0,4.0,,0.508,,,20.99,22.53,22.53,24.0,23.365,87.76833333333333,4.0,92.253375
2021-11-07,28.1,20.62,96.5,67.12,700.5,4.0,,0.254,,,19.93,20.7,20.7,24.0,21.26625,89.89291666666666,4.0,100.01104166666666
2021-11-08,24.08,19.15,98.0,75.68,581.0,4.0,,3.556,,,18.54,19.48,19.48,24.0,20.919166666666666,89.65041666666667,4.0,85.256375
2021-11-09,25.47,18.7,98.2,68.02,589.5,4.0,,0.508,,,19.15,19.42,19.42,24.0,21.00375,89.46125,4.0,98.51074999999999
2021-11-10,25.25,18.82,98.9,75.09,823.0,4.0,,0.508,,,18.24,19.84,19.84,24.0,20.270833333333332,87.67375,4.0,54.279583333333335
2021-11-11,23.25,18.27,98.2,71.96,183.4,4.0,,2.54,,,18.05,18.39,18.39,24.0,18.667083333333334,96.72500000000001,4.0,74.166125
2021-11-12,20.83,17.84,99.0,89.4,371.3,4.0,,8.89,,,17.39,18.25,18.25,24.0,18.355,95.51666666666667,4.0,105.27729166666667
2021-11-13,20.57,16.96,99.2,85.2,613.0,4.0,,8.13,,,16.68,16.97,16.97,24.0,18.5825,93.38375,4.0,125.03258333333333
2021-11-14,25.22,16.34,99.1,68.41,1348.0,4.0,,5.08,,,16.56,16.83,16.83,24.0,20.599166666666665,86.38166666666666,4.0,241.17533333333333
2021-11-15,26.96,16.46,98.9,63.31,4119.0,4.0,,0.0,,,18.87,20.27,20.27,24.0,22.16208333333333,82.1925,4.0,192.73766666666666
2021-11-16,28.06,18.47,96.1,56.53,2619.0,4.0,,0.0,,,18.65,19.74,19.74,24.0,23.278333333333332,82.67666666666666,4.0,182.83183333333332
2021-11-17,28.2,19.65,93.8,64.96,1958.0,4.0,,0.0,,,19.55,20.7,20.7,24.0,24.141666666666666,82.69583333333334,4.0,208.66066666666666
2021-11-18,30.02,20.45,95.7,60.71,2756.0,4.0,,0.0,,,21.23,22.79,22.79,24.0,20.794166666666666,98.17083333333333,4.0,26.325374999999998
2021-11-19,22.91,19.88,99.4,90.8,38.91,4.0,,39.12,,,19.98,20.14,20.14,24.0,21.395833333333332,90.90833333333335,3.1981712962962963,63.71645833333333
2021-11-20,24.19,19.17,99.3,76.83,280.0,6.2,171.0,3.556,,,18.47,19.18,19.18,24.0,20.58458333333333,86.53875,4.0,76.41691666666667
2021-11-21,23.87,18.37,97.8,71.13,342.3,4.0,,0.0,,,18.51,19.58,19.58,24.0,22.13208333333333,82.51458333333333,4.0,328.61562499999997
2021-11-22,29.17,17.04,98.9,56.09,6043.0,4.0,,0.0,,,16.99,17.89,17.89,24.0,22.332916666666666,82.00875,4.0,330.96708333333333
2021-11-23,29.22,16.24,98.8,58.67,6004.0,4.0,,0.0,,,18.3,19.46,19.46,24.0,24.133333333333336,81.95958333333333,4.0,285.07320833333335
2021-11-24,39.31,18.07,98.9,32.46,5395.0,4.0,,7.62,,,19.37,20.06,20.06,24.0,21.16,85.40625,4.0,54.91375
2021-11-25,23.0,19.55,96.0,72.3,149.8,4.0,,0.254,,,18.46,20.04,20.04,24.0,22.795833333333334,86.74333333333334,4.0,124.41079166666667
2021-11-26,27.65,19.7,96.1,66.54,1083.0,4.0,,1.524,,,21.91,22.77,22.77,24.0,26.172083333333333,84.72375,4.0,217.42866666666666
2021-11-27,34.03,21.43,99.3,54.3,3606.0,4.0,,4.8260000000000005,,,21.69,22.42,22.42,24.0,26.24791666666667,78.58083333333333,4.0,299.40679166666666
2021-11-28,34.08,21.46,98.5,43.95,5444.0,4.0,,0.0,,,21.8,23.38,23.38,24.0,25.303749999999997,84.84,4.0,182.29183333333333
2021-11-29,30.77,22.5,93.6,66.95,2578.0,4.0,,0.0,,,22.08,23.88,23.88,24.0,27.440833333333334,80.55416666666666,4.0,231.7251666666667
2021-11-30,34.41,22.23,96.7,53.64,3392.0,4.0,,0.0,,,23.16,24.61,24.61,24.0,26.846666666666664,65.91666666666667,4.0,340.83575
2021-12-01,35.34,19.65,93.5,34.77,6386.0,4.0,,0.0,,,20.75,22.37,22.37,24.0,24.484166666666667,81.57375,4.0,148.758625
2021-12-02,30.68,20.96,95.7,61.48,1807.0,4.0,,0.0,,,20.23,23.13,23.13,24.0,21.175,90.61874999999999,4.0,64.196875
2021-12-03,23.12,19.22,98.9,74.67,263.2,4.0,,6.096,,,18.75,19.74,19.74,24.0,20.693749999999998,92.05,4.0,115.972
2021-12-04,24.06,18.63,97.8,78.59,853.0,4.0,,3.302,,,18.99,20.21,20.21,24.0,22.55333333333333,86.7525,4.0,218.52783333333332
2021-12-05,29.7,18.37,98.1,60.38,3504.0,4.0,,0.254,,,20.85,22.31,22.31,24.0,24.245416666666667,84.49,4.0,234.51091666666665
2021-12-06,31.04,20.5,98.5,54.77,4017.0,4.0,,3.048,,,20.21,20.5,20.5,24.0,21.517083333333332,96.04583333333333,4.0,77.44279166666666
2021-12-07,23.81,19.67,99.1,84.7,349.6,4.0,,24.64,,,19.5,19.67,19.67,24.0,21.604166666666668,81.44541666666667,4.0,158.34633333333332
2021-12-08,26.01,18.48,99.6,52.1,1390.0,4.0,,18.8,,,16.94,18.48,18.48,24.0,21.487916666666667,73.80333333333333,4.0,187.79545833333336
2021-12-09,26.91,16.43,96.9,51.22,2333.0,4.0,,0.0,,,17.3,20.1,20.1,24.0,21.52333333333333,78.85666666666667,4.0,153.33945833333334
2021-12-10,26.98,16.63,95.0,57.68,1419.0,4.0,,0.254,,,18.47,20.39,20.39,24.0,23.437916666666666,78.45708333333333,4.0,244.17516666666666
2021-12-11,29.6,19.26,93.9,53.82,3834.0,4.0,,0.0,,,19.8,21.32,21.32,24.0,24.87625,84.5475,4.0,298.19
2021-12-12,31.63,20.25,98.2,60.02,5238.0,4.0,,1.27,,,22.54,24.51,24.51,24.0,26.799166666666665,80.91333333333334,4.0,300.3582916666667
2021-12-13,32.86,23.39,95.7,56.4,5329.0,4.0,,0.0,,,22.93,23.72,23.72,24.0,26.548333333333332,84.47583333333334,4.0,233.83691666666667
2021-12-14,32.84,22.9,97.2,60.0,3505.0,4.0,,0.254,,,23.9,24.57,24.57,24.0,24.802916666666665,94.36666666666667,4.0,36.29625
2021-12-15,26.34,23.7,99.1,86.6,69.3,4.0,,15.24,,,23.66,23.85,23.85,24.0,25.593333333333334,93.14999999999999,1.9025578703703703,87.34179166666667
2021-12-16,29.49,23.46,99.2,75.43,678.4,4.0,,5.588,,,23.53,24.38,24.38,24.0,27.328333333333333,84.24,2.3998263888888887,252.51362500000002
2021-12-17,34.5,24.01,96.5,60.8,4357.0,4.0,,0.0,,,23.61,24.6,24.6,24.0,25.44875,85.71541666666667,4.0,63.00608333333333
2021-12-18,28.0,23.21,97.7,70.43,201.8,4.0,,0.508,,,22.31,23.21,23.21,15.0,23.594,89.91799999999999,4.0,85.96173333333333
2021-12-19,,,,,,,,,,,,,,6.0,25.731666666666666,69.94,2.97462962962963,959.35
2021-12-20,,,,,,,,,,,,,,4.0,28.9775,66.395,4.0,963.925
2021-12-21,,,,,,,,,,,,,,4.0,29.715,63.7475,4.0,874.625
2021-12-22,,,,,,,,,,,,,,1.0,28.57,73.39,4.0,688.4
2021-12-23,,,,,,,,,,,,,,3.0,28.206666666666667,56.68333333333334,4.0,1161.0
2021-12-24,,,,,,,,,,,,,,4.0,27.925,59.050000000000004,4.0,886.225
2021-12-25,,,,,,,,,,,,,,4.0,29.0475,57.4675,4.0,996.8
2021-12-26,,,,,,,,,,,,,,6.0,30.06833333333333,65.48166666666667,4.0,854.5333333333333
2021-12-27,,,,,,,,,,,,,,4.0,30.37,69.02250000000001,4.0,994.65
2021-12-28,,,,,,,,,,,,,,4.0,30.815,67.5675,4.0,982.75
2021-12-29,,,,,,,,,,,,,,3.0,29.05666666666667,72.56333333333333,4.0,429.23333333333335
2021-12-30,,,,,,,,,,,,,,1.0,23.7,96.3,4.0,439.2
2021-12-31,,,,,,,,,,,,,,5.0,27.630000000000003,74.852,4.0,770.1
2022-01-01,,,,,,,,,,,,,,4.0,32.455,61.14,4.0,1046.75
2022-01-02,,,,,,,,,,,,,,5.0,31.924,69.99600000000001,4.0,934.7
2022-01-03,,,,,,,,,,,,,,4.0,32.4075,65.87,4.0,987.05
2022-01-05,,,,,,,,,,,,,,3.0,32.51666666666667,69.18666666666667,4.0,980.3333333333334
2022-01-06,,,,,,,,,,,,,,1.0,26.42,74.3,2.8,412.9
2022-01-07,,,,,,,,,,,,,,2.0,24.05,77.02000000000001,1.9499999999999997,505.7
2022-01-09,,,,,,,,,,,,,,1.0,26.82,66.74,4.0,1034.0
2022-01-10,,,,,,,,,,,,,,3.0,22.563333333333333,98.83333333333333,,497.09999999999997
2022-01-11,,,,,,,,,,,,,,1.0,26.08,88.7,,747.6
2022-01-12,,,,,,,,,,,,,,6.0,27.75,78.705,1.0499999999999998,825.6
2022-01-14,,,,,,,,,,,,,,2.0,29.049999999999997,76.535,4.0,556.9
2022-01-15,,,,,,,,,,,,,,3.0,29.733333333333334,77.08333333333333,4.0,567.1999999999999
2022-01-16,,,,,,,,,,,,,,5.0,31.939999999999998,68.048,4.0,891.9200000000001
2022-01-17,,,,,,,,,,,,,,4.0,33.2275,63.7475,4.0,1000.5
2022-01-18,,,,,,,,,,,,,,5.0,34.102,64.49600000000001,4.0,914.9200000000001
2022-01-19,,,,,,,,,,,,,,2.0,32.945,72.545,4.0,971.5
2022-01-20,,,,,,,,,,,,,,3.0,31.37,74.18333333333334,4.0,747.4666666666667
2022-01-21,,,,,,,,,,,,,,6.0,32.776666666666664,71.58,4.0,847.4333333333334
2022-01-22,,,,,,,,,,,,,,4.0,32.612500000000004,68.13,4.0,1075.5
2022-01-23,,,,,,,,,,,,,,4.0,31.979999999999997,64.8225,4.0,957.075
2022-01-24,,,,,,,,,,,,,,7.0,32.862857142857145,62.78285714285715,4.0,876.3000000000001
2022-01-25,,,,,,,,,,,,,,5.0,31.076,71.806,4.0,677.92
2022-01-26,,,,,,,,,,,,,,6.0,33.193333333333335,70.89166666666667,4.0,891.4333333333334
2022-01-27,,,,,,,,,,,,,,2.0,29.725,75.805,4.0,232.0
2022-01-28,,,,,,,,,,,,,,1.0,20.84,100.0,,151.3
2022-01-29,,,,,,,,,,,,,,2.0,22.125,92.9,2.3027777777777776,268.6
2022-01-30,,,,,,,,,,,,,,2.0,22.32,96.6,1.3333333333333333,332.2
2022-01-31,,,,,,,,,,,,,,5.0,30.268,72.672,1.125,1068.2
2022-02-01,,,,,,,,,,,,,,7.0,31.222857142857144,62.29428571428571,1.8458333333333334,846.1142857142858
2022-02-02,,,,,,,,,,,,,,5.0,32.538,64.06,1.7958333333333334,971.8
2022-02-03,,,,,,,,,,,,,,14.0,27.867142857142856,83.09214285714286,4.0,363.5942857142857
2022-02-04,31.71,24.9,95.1,66.44,3148.0,4.0,,0.0,,,24.06,24.9,24.9,24.0,25.87708333333333,94.60000000000001,4.0,162.66416666666666
2022-02-05,30.95,23.59,100.0,72.79,1123.0,4.0,,24.13,,,24.39,24.39,24.39,24.0,27.381249999999998,90.61874999999999,4.0,242.3295652173913
2022-02-06,36.43,23.91,100.0,52.7,3703.0,4.0,,19.56,,,24.13,24.65,24.65,24.0,27.467916666666667,83.015,4.0,348.60521739130434
2022-02-07,35.13,22.84,100.0,42.32,4462.0,4.0,,7.874,,,22.46,25.67,25.67,24.0,26.0975,75.5525,4.0,218.1291666666667
2022-02-08,31.38,23.38,85.5,60.76,3368.0,4.0,,0.0,,,20.44,23.82,23.82,24.0,25.241666666666664,77.32708333333333,4.0,218.4
2022-02-09,30.57,20.96,97.8,58.27,3435.0,4.0,,0.762,,,20.08,21.7,21.7,24.0,23.942083333333333,83.08416666666666,4.0,202.3191304347826
2022-02-10,30.01,21.19,93.7,63.85,1582.0,4.0,,0.254,,,20.28,21.81,21.81,24.0,25.5425,81.0525,4.0,316.0804166666666
2022-02-11,31.77,20.38,99.0,54.7,5740.0,4.0,,0.762,,,22.54,22.71,22.71,24.0,25.799166666666665,84.54291666666667,4.0,312.5395833333333
2022-02-12,31.96,21.53,99.8,58.41,5676.0,4.0,,1.016,,,21.36,23.08,23.08,24.0,25.863333333333333,79.52374999999999,4.0,320.58166666666665
2022-02-13,32.4,21.29,97.9,53.52,5588.0,4.0,,0.0,,,20.24,21.83,21.83,24.0,25.639166666666668,78.09625,4.0,307.97083333333336
2022-02-14,33.24,19.98,98.1,44.11,5082.0,4.0,,0.0,,,22.86,25.72,25.72,24.0,25.807916666666667,89.505,3.7214646464646464,202.2018181818182
2022-02-15,33.49,21.67,100.0,61.18,1731.0,6.569444444444444,152.0,35.56,,,21.91,23.58,23.58,24.0,25.635416666666668,76.51666666666667,2.169791666666667,293.9316666666667
2022-02-16,31.9,21.39,92.3,50.06,4287.0,5.1611111111111105,82.0,0.0,,,20.19,21.55,21.55,24.0,25.322916666666668,78.53666666666668,4.0,311.7925
2022-02-17,32.2,19.68,96.0,53.58,5573.0,4.0,,0.0,,,20.62,23.15,23.15,24.0,23.053749999999997,89.80333333333334,3.9266908212560385,114.03791666666666
2022-02-18,29.32,17.67,100.0,67.9,795.7,6.499999999999999,176.0,27.43,,,17.61,17.9,17.9,24.0,22.4325,83.39708333333333,2.1984126984126986,227.52791666666667
2022-02-19,31.31,16.06,100.0,47.92,3884.0,8.0,131.0,0.0,,,20.11,21.27,21.27,24.0,24.555833333333336,82.21958333333333,3.521560846560847,301.7079166666667
2022-02-20,31.9,19.32,98.7,53.95,5230.0,4.0,,0.0,,,21.87,23.63,23.63,24.0,26.754583333333333,83.09041666666667,4.0,287.545
2022-02-21,33.99,21.24,98.5,59.95,4437.0,4.0,,0.0,,,24.98,25.94,25.94,24.0,27.175833333333333,88.03250000000001,4.0,265.1486956521739
2022-02-22,35.35,22.9,98.4,57.67,4144.0,4.0,,2.794,,,22.23,23.08,23.08,24.0,26.817916666666665,84.92041666666667,4.0,248.03083333333333
2022-02-23,34.58,22.03,99.4,61.71,3546.0,4.0,,10.67,,,22.53,22.66,22.66,24.0,25.365416666666665,89.54875,4.0,119.39565217391304
2022-02-24,29.86,22.27,99.7,73.16,603.3,4.0,,2.032,,,24.0,24.13,24.13,24.0,24.569166666666664,91.79583333333333,4.0,80.49545454545455
2022-02-25,27.92,21.95,99.5,78.91,261.5,4.0,,2.794,,,24.08,24.99,24.99,24.0,26.499166666666667,90.97583333333334,4.0,126.98608695652175
2022-02-26,31.9,24.01,99.4,71.32,990.0,4.0,,2.032,,,24.25,25.04,25.04,24.0,27.78625,84.70541666666666,4.0,276.6516666666667
2022-02-27,33.82,23.93,99.3,59.43,4718.0,4.0,,0.0,,,23.61,24.88,24.88,24.0,27.515,82.95125,4.0,243.44916666666666
2022-02-28,33.57,23.86,97.1,57.62,3795.0,4.0,,0.0,,,24.77,26.56,26.56,24.0,28.929166666666664,81.58583333333333,4.0,248.32041666666666
2022-03-01,34.68,25.59,95.3,61.1,3632.0,4.0,,0.0,,,25.28,26.1,26.1,24.0,26.942916666666665,89.35916666666667,4.0,166.7286956521739
2022-03-02,31.44,22.84,99.8,73.0,967.0,4.0,,32.26,,,22.85,22.87,22.87,24.0,24.69333333333333,98.44166666666666,3.217063492063492,89.38541666666667
2022-03-03,28.66,22.79,100.0,82.3,896.0,10.119444444444444,11.0,54.61,,,22.98,22.98,22.98,24.0,25.121666666666666,96.44583333333333,0.8180555555555555,98.55130434782608
2022-03-04,28.54,22.72,100.0,79.32,445.2,4.611111111111112,167.0,5.08,,,24.49,24.53,24.53,24.0,26.383750000000003,90.76333333333334,,194.49541666666664
2022-03-05,32.38,23.33,100.0,66.65,2678.0,4.811111111111111,75.0,0.0,,,24.81,25.86,25.86,24.0,28.078333333333333,85.68333333333334,3.668162393162393,254.37375
2022-03-06,33.85,23.96,99.7,60.95,3816.0,4.0,,0.0,,,25.65,30.53,26.82,24.0,29.455,84.79625,4.0,270.47478260869565
2022-03-07,35.41,25.63,97.3,65.22,4075.0,4.0,,0.0,,,26.41,32.85,27.55,24.0,28.084999999999997,89.01541666666667,4.0,277.0575
2022-03-08,35.07,23.33,99.6,67.96,3584.0,4.0,,4.572,,,24.01,30.03,26.97,24.0,27.542083333333334,85.06625,4.0,176.81478260869565
2022-03-09,32.15,24.15,97.7,65.02,2024.0,4.0,,1.524,,,24.14,25.31,25.31,24.0,26.892916666666665,89.22958333333334,4.0,150.32739130434783
2022-03-10,31.96,23.89,99.7,70.11,1477.0,4.0,,5.842,,,24.45,24.97,24.97,24.0,27.21875,87.57291666666667,4.0,223.76958333333334
2022-03-11,33.86,22.61,100.0,61.82,3072.0,4.0,,12.19,,,22.84,22.87,22.87,24.0,26.044583333333335,89.59708333333333,3.918703703703704,246.9522727272727
2022-03-12,35.43,22.4,100.0,54.9,3304.0,4.688888888888888,153.0,34.29,,,23.31,23.32,23.32,24.0,21.347083333333334,98.34583333333335,0.9916666666666667,40.21
2022-03-13,23.49,19.89,100.0,89.1,65.68,4.330555555555556,261.0,29.46,,,20.15,20.22,20.22,24.0,21.15458333333333,98.40416666666665,0.7333333333333333,85.81227272727273
2022-03-14,22.55,19.96,99.9,92.0,118.8,2.988888888888889,280.0,15.24,,,21.21,21.3,21.3,24.0,22.90041666666667,96.52499999999999,0.7986111111111112,137.48608695652175
2022-03-15,25.87,21.25,99.8,82.0,238.6,3.0,254.0,2.032,,,22.19,22.83,22.83,24.0,23.89916666666667,94.01666666666667,1.6398148148148148,171.5118181818182
2022-03-16,26.75,22.37,99.1,83.2,501.5,6.8999999999999995,135.0,2.54,,,22.79,23.29,23.29,24.0,23.03833333333333,91.9825,0.8041666666666667,142.58347826086955
2022-03-17,24.54,21.91,98.2,77.13,416.0,6.7,210.0,8.38,,,21.0,22.23,22.23,24.0,25.674166666666668,85.31541666666666,3.487222222222222,244.13666666666666
2022-03-18,32.55,20.46,98.6,62.78,3632.0,4.330555555555556,17.0,0.0,,,23.6,24.21,24.21,24.0,26.382916666666663,91.12374999999999,4.0,324.2390909090909
2022-03-19,34.67,23.49,99.9,66.2,2689.0,4.0,,41.66,,,23.02,24.09,24.09,24.0,24.557916666666667,90.61125,4.0,195.35652173913041
2022-03-20,29.52,21.77,99.4,72.57,1798.0,4.0,,7.874,,,20.96,22.38,22.38,24.0,22.93875,84.36166666666666,4.0,105.42045454545455
2022-03-21,27.22,19.85,99.4,59.81,467.9,4.0,,4.572,,,19.76,19.88,19.88,24.0,20.59,97.05833333333334,4.0,78.02499999999999
2022-03-22,23.67,19.26,100.0,80.3,364.4,4.0,,34.54,,,20.07,20.07,20.07,24.0,22.06625,90.19916666666667,2.6746031746031744,201.25136363636364
2022-03-23,28.35,19.66,100.0,62.04,2703.0,6.280555555555555,85.0,4.318,,,19.78,20.69,20.69,24.0,22.84875,92.09208333333333,1.5666666666666667,149.67863636363637
2022-03-24,28.39,18.92,99.2,75.43,1022.0,6.05,70.0,0.254,,,23.14,24.13,24.13,24.0,23.567916666666665,93.54124999999999,3.963034188034188,114.07833333333333
2022-03-25,28.63,20.58,100.0,67.86,714.4,4.638888888888888,57.0,21.59,,,20.28,20.59,20.59,24.0,22.744583333333335,95.53333333333335,4.0,69.35913043478261
2022-03-26,25.67,20.09,99.9,80.6,182.9,4.0,,0.762,,,22.37,22.42,22.42,24.0,25.4225,84.53041666666667,4.0,262.16391304347826
2022-03-27,33.3,21.23,100.0,54.39,3900.0,4.0,,0.0,,,21.87,23.0,23.0,24.0,25.237916666666667,85.84625,4.0,233.92478260869566
2022-03-28,30.72,22.18,95.9,64.11,2100.0,4.0,,0.0,,,22.72,23.43,23.43,24.0,24.9225,86.30083333333333,4.0,167.52545454545455
2022-03-29,30.34,22.33,98.0,66.3,1901.0,4.0,,0.0,,,20.52,23.13,23.13,24.0,24.531666666666666,86.22666666666667,4.0,199.40545454545455
2022-03-30,30.26,20.54,96.8,65.52,2599.0,4.0,,0.0,,,22.72,24.57,24.57,24.0,24.234166666666667,91.19416666666666,4.0,153.60636363636365
2022-03-31,32.38,21.0,99.7,63.54,1646.0,4.0,,23.11,,,21.32,21.9,21.9,24.0,17.8525,95.28333333333335,1.9013888888888888,80.12086956521739
2022-04-01,21.95,15.69,99.8,85.8,100.7,7.261111111111111,164.0,22.86,,,15.0,15.72,15.72,24.0,16.815416666666668,96.46249999999999,3.5930555555555554,146.99708333333334
2022-04-02,18.42,15.06,99.6,90.9,144.6,4.788888888888889,201.0,13.97,,,16.84,17.02,17.02,24.0,18.719583333333333,98.0,3.2224747474747475,71.43227272727273
2022-04-03,22.46,16.76,99.8,87.5,298.6,4.0,,8.64,,,19.32,19.35,19.35,24.0,21.514166666666668,97.14999999999999,0.7116666666666667,95.81565217391304
2022-04-04,25.08,18.92,100.0,82.7,611.6,3.438888888888889,19.0,4.064,,,22.13,22.13,22.13,24.0,23.365416666666665,95.95958333333334,0.7177777777777777,109.44041666666668
2022-04-05,28.25,20.46,100.0,76.23,461.1,3.1611111111111114,248.0,3.556,,,20.45,20.51,20.51,24.0,22.40125,93.9375,3.7185897435897437,103.21083333333333
2022-04-06,25.92,20.06,100.0,80.8,409.0,4.0,,0.254,,,21.86,22.19,22.19,24.0,22.869583333333335,93.67125,4.0,103.88130434782609
2022-04-07,27.15,20.84,99.9,76.11,617.7,4.0,,7.62,,,22.05,22.25,22.25,24.0,22.804166666666664,95.84166666666665,4.0,80.8095652173913
2022-04-08,25.53,21.45,100.0,80.6,414.0,4.0,,2.54,,,21.64,22.02,22.02,24.0,22.248333333333335,94.055,4.0,113.93454545454546
2022-04-09,26.96,20.01,100.0,72.53,527.0,4.0,,4.064,,,20.47,20.47,20.47,24.0,23.852500000000003,88.38916666666667,4.0,215.39260869565217
2022-04-10,31.79,19.88,100.0,60.49,2696.0,4.0,,0.0,,,21.7,22.4,22.4,24.0,23.791666666666668,89.43541666666665,4.0,146.69260869565215
2022-04-11,29.68,20.08,100.0,65.01,1420.0,4.0,,0.254,,,21.55,21.71,21.71,24.0,22.689999999999998,96.2375,4.0,92.10652173913043
2022-04-12,25.62,20.26,100.0,82.5,159.4,4.0,,0.762,,,20.16,20.26,20.26,24.0,21.634583333333335,97.94583333333333,4.0,120.63391304347826
2022-04-13,24.83,19.75,100.0,86.7,240.6,4.0,,11.68,,,22.08,22.09,22.09,24.0,23.03333333333333,94.04583333333333,4.0,77.1604347826087
2022-04-14,26.63,20.68,100.0,81.0,368.3,4.0,,18.03,,,21.81,21.81,21.81,24.0,20.221666666666668,98.05416666666667,3.946969696969697,66.48541666666667
2022-04-15,22.42,17.21,100.0,88.0,95.0,6.980555555555555,168.0,22.1,,,16.92,17.21,17.21,24.0,19.738333333333333,75.39833333333333,2.925,302.16791666666666
2022-04-16,27.8,14.19,99.7,28.37,3455.0,7.080555555555555,160.0,0.0,,,15.82,17.65,17.65,24.0,20.015416666666667,79.04291666666667,4.0,234.0973913043478
2022-04-17,28.32,14.2,98.5,43.31,3122.0,4.0,,0.0,,,16.13,19.12,19.12,24.0,20.574583333333333,80.04291666666667,4.0,137.4295652173913
2022-04-18,27.04,16.3,96.3,55.9,1096.0,4.0,,0.0,,,17.79,19.68,19.68,24.0,19.47125,93.37083333333334,4.0,83.14478260869565
2022-04-19,23.51,16.95,99.8,78.97,395.2,4.0,,9.65,,,16.85,16.96,16.96,24.0,20.115416666666665,87.72666666666667,4.0,153.6086956521739
2022-04-20,27.68,15.5,100.0,56.67,1786.0,4.0,,0.0,,,18.84,19.81,19.81,24.0,21.479166666666668,85.25541666666668,4.0,191.08478260869563
2022-04-21,29.18,16.71,100.0,52.77,2422.0,4.0,,0.0,,,18.79,19.37,19.37,24.0,22.165000000000003,85.36166666666666,4.0,196.63
2022-04-22,29.7,17.51,99.4,59.76,2508.0,4.0,,0.254,,,20.34,21.12,21.12,24.0,22.260416666666668,85.07916666666667,4.0,102.4908695652174
2022-04-23,27.51,18.47,98.2,64.13,687.0,4.0,,5.334,,,18.05,18.47,18.47,24.0,22.014583333333334,83.49708333333334,4.0,154.58875
2022-04-24,30.98,17.27,99.7,46.74,1346.0,4.0,,17.27,,,19.14,21.1,21.1,24.0,22.687083333333334,86.75041666666668,4.0,168.16347826086957
2022-04-25,28.02,19.52,97.3,66.98,1968.0,4.0,,0.0,,,20.49,21.56,21.56,24.0,23.54125,89.30791666666666,4.0,146.7504347826087
2022-04-26,28.69,20.44,98.7,69.06,1539.0,4.0,,0.254,,,21.92,23.09,23.09,24.0,23.665833333333335,90.97208333333333,4.0,95.40608695652175
2022-04-27,27.5,20.47,100.0,74.05,412.9,4.0,,0.0,,,22.73,23.09,23.09,24.0,25.551666666666666,89.32125,4.0,194.61791666666667
2022-04-28,32.23,22.82,98.9,66.16,2056.0,4.0,,0.0,,,23.6,24.25,24.25,24.0,26.540000000000003,85.22125,4.0,238.17375
2022-04-29,34.63,21.93,98.8,56.13,2049.0,4.0,,0.0,,,19.65,22.72,22.72,24.0,21.939166666666665,81.94916666666667,4.0,60.53217391304348
2022-04-30,23.82,19.77,96.4,66.6,200.7,4.0,,0.0,,,18.33,19.77,19.77,24.0,20.28291666666667,87.28333333333335,4.0,63.18521739130435
2022-05-01,22.41,19.17,93.4,77.68,99.6,4.0,,0.0,,,18.67,20.0,20.0,24.0,22.204166666666666,90.13791666666667,4.0,167.48541666666668
2022-05-02,29.73,19.09,98.9,63.35,1450.0,4.0,,0.762,,,20.76,21.84,21.84,24.0,20.179583333333333,98.10416666666667,4.0,33.73045454545455
2022-05-03,21.81,18.82,99.9,92.4,43.64,4.0,,18.29,,,18.81,18.84,18.84,24.0,18.714166666666667,99.39166666666667,3.6208333333333336,21.827272727272728
2022-05-04,19.64,17.9,100.0,97.9,11.22,7.1305555555555555,150.0,73.66,,,18.25,18.25,18.25,24.0,18.121666666666666,97.42916666666667,2.422222222222222,42.99272727272727
2022-05-05,20.08,16.1,100.0,82.2,70.48,6.830555555555556,271.0,71.88,,,17.75,17.98,17.98,24.0,20.202916666666667,87.00666666666666,2.272222222222222,214.6675
2022-05-06,27.92,16.03,100.0,52.62,2159.0,6.261111111111111,265.0,0.508,,,16.74,17.14,17.14,24.0,19.73375,82.56666666666666,0.3194444444444444,196.18583333333333
2022-05-07,25.63,17.01,97.5,56.22,1634.0,4.038888888888889,147.0,0.0,,,16.87,18.05,18.05,24.0,19.215833333333332,84.75833333333334,2.8836419753086417,88.10041666666666
2022-05-08,24.35,15.78,98.0,62.39,466.7,6.0888888888888895,169.0,0.0,,,17.02,17.94,17.94,24.0,19.31625,85.45791666666666,4.0,177.86791666666667
2022-05-09,26.78,14.65,99.6,48.59,1876.0,4.0,,0.0,,,15.96,16.55,16.55,24.0,19.38083333333333,92.2625,4.0,98.87913043478262
2022-05-10,24.01,16.57,99.0,73.21,399.3,4.0,,1.016,,,19.08,19.56,19.56,24.0,21.55,90.77499999999999,4.0,157.1804347826087
2022-05-11,27.92,18.99,99.5,64.37,1149.0,4.0,,3.302,,,19.68,19.78,19.78,24.0,21.427916666666665,91.78000000000002,4.0,138.07666666666665
2022-05-12,28.57,18.18,100.0,62.29,1040.0,4.0,,0.762,,,18.04,18.27,18.27,24.0,19.339166666666667,84.77208333333333,4.0,137.80913043478262
2022-05-13,25.57,15.04,100.0,51.58,1371.0,4.0,,0.0,,,16.31,18.96,18.96,24.0,20.260416666666668,82.0025,4.0,118.94260869565217
2022-05-14,25.42,18.07,91.4,61.93,911.0,4.0,,0.0,,,17.59,19.23,19.23,24.0,20.78125,87.82958333333333,4.0,133.89217391304348
2022-05-15,25.52,17.8,96.1,69.59,850.0,4.0,,0.0,,,19.32,20.2,20.2,24.0,22.355833333333333,82.32791666666667,4.0,137.35
2022-05-16,29.44,18.15,97.8,50.45,1248.0,4.0,,0.0,,,17.69,18.15,18.15,24.0,20.132916666666667,70.19833333333334,4.0,147.34652173913045
2022-05-17,27.11,15.98,98.5,42.62,1624.0,4.0,,0.0,,,4.437,16.04,16.04,24.0,16.087083333333332,47.09708333333333,4.0,149.50083333333333
2022-05-18,21.04,11.63,69.82,33.25,1795.0,4.0,,0.0,,,3.848,14.22,14.22,24.0,18.09,51.104166666666664,4.0,139.68041666666667
2022-05-19,23.16,14.15,61.15,42.08,1471.0,4.0,,0.0,,,9.22,17.33,17.33,24.0,18.03625,59.285,4.0,156.7475
2022-05-20,25.09,12.31,88.5,38.85,1899.0,4.0,,0.0,,,10.29,12.31,12.31,24.0,15.159583333333332,78.41333333333334,4.0,158.98565217391305
2022-05-21,25.09,8.73,97.4,39.93,1760.0,4.0,,0.0,,,11.37,12.13,12.13,24.0,15.704583333333334,84.02541666666666,4.0,153.7408695652174
2022-05-22,26.56,9.27,99.1,40.56,1712.0,4.0,,0.0,,,12.6,13.05,13.05,24.0,16.644583333333333,86.98,4.0,149.05478260869563
2022-05-23,26.32,10.65,99.6,49.91,1612.0,4.0,,0.0,,,15.86,16.54,16.54,24.0,18.357083333333332,89.96916666666665,4.0,96.88434782608694
2022-05-24,26.31,14.09,99.6,61.49,612.7,4.0,,0.0,,,15.75,15.82,15.82,24.0,19.52541666666667,89.0675,4.0,146.02260869565217
2022-05-25,26.87,15.6,100.0,63.2,1210.0,4.0,,0.0,,,17.9,18.21,18.21,24.0,20.59875,88.21583333333332,4.0,142.15375
2022-05-26,27.19,17.85,99.2,64.35,1354.0,4.0,,0.0,,,18.1,18.22,18.22,24.0,21.202916666666667,86.61666666666667,4.0,151.55041666666668
2022-05-27,29.24,17.86,99.2,54.15,1328.0,4.0,,0.0,,,18.61,18.79,18.79,24.0,20.744583333333335,91.08791666666667,4.0,121.58000000000001
2022-05-28,26.24,17.97,99.4,70.32,834.0,4.0,,0.0,,,18.62,18.9,18.9,24.0,21.85166666666667,87.26791666666666,4.0,111.22375
2022-05-29,28.95,18.57,98.6,56.38,847.0,4.0,,0.0,,,19.78,20.37,20.37,24.0,19.991666666666667,91.71166666666666,4.0,86.2925
2022-05-30,25.29,17.25,100.0,66.97,320.8,4.0,,46.23,,,17.26,17.26,17.26,24.0,17.476666666666667,99.3125,3.2333333333333334,97.95913043478261
2022-05-31,19.5,15.82,100.0,95.7,60.77,4.780555555555556,148.0,12.95,,,15.48,15.92,15.92,24.0,14.917916666666668,95.10833333333333,1.1027777777777779,73.70217391304348
2022-06-01,15.98,13.76,99.3,83.0,27.18,3.4499999999999997,174.0,2.794,,,13.47,13.76,13.76,24.0,13.985833333333334,98.35416666666667,0.7805555555555556,40.585
2022-06-02,15.17,12.57,100.0,93.6,37.06,3.6,198.0,27.43,,,14.54,14.54,14.54,24.0,15.444166666666668,99.74166666666667,0.77,23.247272727272726
2022-06-03,17.01,14.43,100.0,98.2,32.01,3.1694444444444443,29.0,41.4,,,14.9,14.94,14.94,24.0,15.625,92.79583333333333,0.6638888888888889,66.22130434782608
2022-06-04,18.23,13.81,100.0,74.01,234.4,2.880555555555555,159.0,1.27,,,14.39,15.34,15.34,24.0,16.08375,90.42083333333333,0.9597222222222223,74.94826086956522
2022-06-05,19.06,13.2,98.4,76.61,229.2,3.488888888888889,261.0,0.0,,,16.13,16.42,16.42,18.0,17.639444444444443,96.21666666666667,1.136111111111111,68.37055555555555
2022-06-06,,,,,,,,,,,,,,10.0,20.744999999999997,90.39,3.487222222222222,152.324
2022-06-08,,,,,,,,,,,,,,4.0,19.4825,93.82499999999999,4.0,107.32249999999999
2022-06-09,,,,,,,,,,,,,,5.0,19.676,93.86,4.0,123.88
2022-06-10,,,,,,,,,,,,,,14.0,20.396428571428572,87.39214285714286,4.0,133.31900000000002
2022-06-11,,,,,,,,,,,,,,14.0,15.956428571428571,60.089999999999996,4.0,218.45014285714282
2022-06-12,22.24,9.97,92.7,31.02,1281.0,4.0,,0.0,,,7.524,11.31,11.31,24.0,13.788499999999999,58.666666666666664,4.0,139.05754166666665
2022-06-13,23.85,7.208,93.9,25.33,1644.0,4.0,,0.0,,,8.63,9.66,4.956,24.0,13.878666666666668,79.31875000000001,4.0,131.10245833333332
2022-06-14,24.57,7.318,96.4,42.29,1475.0,4.0,,0.0,,,12.52,14.34,14.34,24.0,15.74125,88.28708333333333,4.0,76.35816666666666
2022-06-15,21.46,11.02,99.1,66.71,450.5,4.0,,0.0,,,15.78,16.28,16.28,24.0,17.955416666666668,88.08749999999999,4.0,108.25099999999999
2022-06-16,24.74,14.23,99.6,56.64,952.0,4.0,,0.0,,,14.79,15.0,15.0,24.0,17.496666666666666,92.24291666666666,4.0,127.62299999999999
2022-06-17,25.11,13.02,100.0,66.8,1220.0,4.0,,0.0,,,17.71,18.55,18.55,24.0,20.482499999999998,88.89,4.0,84.38912499999999
2022-06-18,25.13,17.33,99.4,65.32,697.2,4.0,,0.508,,,19.05,19.14,19.14,24.0,18.029166666666665,79.48166666666667,4.0,132.50541666666666
2022-06-19,23.96,13.18,100.0,43.18,1497.0,4.0,,0.0,,,12.88,13.91,13.91,24.0,15.559166666666668,88.15791666666667,4.0,64.712125
2022-06-20,20.23,13.1,98.8,70.57,359.1,4.0,,0.0,,,13.31,13.56,13.56,24.0,16.065833333333334,89.65291666666667,4.0,114.37541666666668
2022-06-21,25.09,11.3,100.0,56.83,956.0,4.0,,0.0,,,14.44,14.65,14.65,24.0,17.35875,94.05833333333334,4.0,54.513625
2022-06-22,22.05,13.91,99.7,80.1,240.1,4.0,,0.0,,,17.36,17.75,17.75,24.0,20.000833333333333,87.94333333333333,4.0,109.80120833333332
2022-06-23,26.09,16.88,98.5,68.56,960.0,4.0,,0.254,,,16.68,17.3,17.3,24.0,20.402916666666666,87.90791666666667,4.0,121.75737500000001
2022-06-24,29.97,15.44,99.5,60.75,1104.0,4.0,,0.0,,,17.24,17.95,17.95,24.0,20.06083333333333,89.44083333333333,4.0,100.75712499999999
2022-06-25,25.5,17.13,98.3,70.97,745.5,4.0,,0.0,,,18.26,19.34,19.34,24.0,18.639166666666664,92.62083333333334,4.0,18.419916666666666
2022-06-26,19.62,16.26,97.7,84.2,23.45,4.0,,0.0,,,14.57,16.27,16.27,24.0,16.557083333333335,84.98958333333333,4.0,47.367416666666664
2022-06-27,19.48,14.71,97.6,68.61,165.9,4.0,,0.0,,,14.68,15.06,15.06,24.0,16.9525,92.3625,4.0,64.55525
2022-06-28,21.47,14.76,98.7,74.36,281.8,4.0,,0.508,,,15.95,16.91,16.91,24.0,18.383750000000003,88.63666666666667,4.0,127.031625
2022-06-29,25.76,14.35,99.9,60.99,1327.0,4.0,,0.0,,,15.49,15.65,15.65,24.0,19.78708333333333,71.53625000000001,4.0,133.38291666666666
2022-06-30,27.41,12.6,100.0,40.85,1453.0,4.0,,0.0,,,9.98,12.6,12.6,24.0,14.92375,85.88041666666668,4.0,130.89529166666665
2022-07-01,24.07,9.38,97.9,59.05,1377.0,4.0,,0.0,,,13.43,14.72,14.72,24.0,16.969583333333333,89.15916666666668,4.0,49.54125
2022-07-02,20.27,14.7,96.6,77.57,192.5,4.0,,0.0,,,16.4,17.37,17.37,24.0,18.406666666666666,90.485,4.0,114.23491666666666
2022-07-03,25.87,14.68,100.0,62.45,1022.0,4.0,,0.0,,,15.74,15.78,15.78,24.0,17.966666666666665,92.22458333333333,4.0,121.73929166666666
2022-07-04,25.18,13.61,100.0,71.67,1228.0,4.0,,0.0,,,17.63,17.74,17.74,24.0,19.3525,93.4175,4.0,110.33825
2022-07-05,25.83,17.19,99.8,72.18,1006.0,4.0,,0.0,,,18.04,18.07,18.07,24.0,21.264166666666664,87.01333333333334,4.0,114.61966666666666
2022-07-06,32.03,16.95,100.0,42.4,1064.0,4.0,,0.0,,,17.86,18.11,18.11,24.0,20.020833333333332,88.87666666666667,4.0,84.60000000000001
2022-07-07,28.35,15.76,100.0,59.95,543.8,4.0,,0.0,,,16.84,17.29,17.29,24.0,20.211666666666666,85.8675,4.0,113.62916666666666
2022-07-08,30.88,14.47,99.8,45.92,1162.0,4.0,,0.0,,,17.92,18.22,18.22,24.0,19.467916666666667,90.13208333333334,4.0,94.57954166666667
2022-07-09,24.58,15.82,100.0,67.19,710.0,4.0,,0.0,,,17.72,19.07,19.07,24.0,20.44125,86.57583333333334,4.0,111.16766666666668
2022-07-10,27.0,17.21,100.0,60.39,988.0,4.0,,0.0,,,18.17,19.14,19.14,24.0,20.434583333333332,88.44041666666668,4.0,115.33316666666667
2022-07-11,25.93,17.08,99.6,66.1,953.0,4.0,,0.0,,,17.33,17.39,17.39,24.0,20.207916666666666,90.77625,4.0,113.30741666666665
2022-07-12,26.68,17.25,100.0,68.16,972.0,4.0,,0.0,,,18.12,19.26,19.26,24.0,21.96166666666667,75.09125,4.0,121.053375
2022-07-13,27.92,16.58,95.5,46.46,1218.0,4.0,,0.254,,,14.37,16.62,16.62,24.0,15.34625,95.34583333333335,4.0,20.434166666666666
2022-07-14,16.69,14.33,98.9,85.2,29.99,4.0,,2.794,,,14.46,15.18,15.18,24.0,16.719166666666666,98.16666666666667,4.0,32.63079166666667
2022-07-15,19.86,14.35,100.0,95.1,90.9,4.0,,11.18,,,18.38,18.38,18.38,24.0,19.458333333333332,96.66250000000001,4.0,56.94833333333333
2022-07-16,22.9,17.77,100.0,86.2,217.1,4.0,,0.0,,,17.83,17.83,17.83,24.0,21.011666666666667,90.85708333333334,4.0,72.602875
2022-07-17,29.62,16.63,100.0,56.14,450.8,4.0,,0.0,,,19.62,30.51,28.94,17.0,21.76058823529412,66.29411764705883,4.0,68.82158823529413
2022-07-18,,,,,,,,,,,,,,5.0,18.46,84.94,4.0,151.18400000000003
2022-07-19,,,,,,,,,,,,,,14.0,19.93285714285714,82.84214285714286,4.0,177.7652142857143
2022-07-20,24.63,17.19,92.6,69.49,971.0,4.0,,0.0,,,15.79,17.21,17.21,21.0,19.25,85.95333333333333,4.0,98.56857142857143
2022-07-21,24.29,18.33,93.4,64.86,761.2,4.0,,0.0,,,17.27,18.39,18.39,21.0,20.4,86.41857142857143,4.0,113.68528571428571
2022-07-22,26.24,17.19,99.4,64.52,811.0,4.0,,0.0,,,17.19,17.27,17.27,23.0,20.523913043478263,90.90826086956521,4.0,140.79552173913044
2022-07-23,29.51,18.27,100.0,60.13,1369.0,4.0,,0.0,,,18.81,18.81,18.81,24.0,19.025833333333335,97.20833333333333,4.0,45.16645833333334
2022-07-24,21.89,17.36,100.0,87.0,143.0,4.0,,0.0,,,18.3,18.65,18.65,18.0,20.594444444444445,90.47944444444444,4.0,153.61916666666667
2022-07-25,26.04,17.13,100.0,71.24,1133.0,4.0,,0.0,,,17.78,17.78,17.78,24.0,19.20375,94.69583333333333,4.0,57.105124999999994
2022-07-26,22.63,17.76,100.0,82.5,283.9,4.0,,0.0,,,18.05,18.93,18.93,15.0,20.786,82.89066666666666,4.0,142.92466666666667
2022-07-27,26.53,16.29,99.4,60.59,735.0,4.0,,0.0,,,17.1,17.26,17.26,24.0,19.836666666666666,86.81708333333334,4.0,140.190375
2022-07-28,27.09,16.7,99.2,57.47,1415.0,4.0,,0.0,,,16.57,16.7,16.7,24.0,22.892916666666665,76.42916666666666,4.0,139.97570833333333
2022-07-29,34.1,16.01,100.0,34.44,1453.0,4.0,,0.0,,,16.9,25.51,25.51,24.0,20.496666666666666,56.44416666666667,4.0,162.65166666666667
2022-07-30,25.9,13.05,98.2,31.17,2007.0,4.0,,2.794,,,8.39,13.05,13.05,24.0,15.195416666666667,72.34,4.0,160.86208333333335
2022-07-31,23.44,9.63,90.9,42.66,2007.0,4.0,,0.0,,,12.04,14.53,14.53,24.0,16.127916666666668,82.21625,4.0,148.327125
2022-08-01,24.05,11.49,97.2,53.72,1650.0,4.0,,0.0,,,12.47,13.12,13.12,24.0,17.27208333333333,86.8525,4.0,147.57166666666666
2022-08-02,26.6,11.36,99.6,54.95,1654.0,4.0,,0.0,,,15.58,15.77,15.77,24.0,18.409166666666668,91.58749999999999,4.0,46.99820833333333
2022-08-03,21.31,15.39,99.6,78.5,137.8,4.0,,0.0,,,17.55,18.63,18.63,24.0,20.03,88.52833333333332,4.0,58.789416666666675
2022-08-04,25.85,18.02,96.7,64.43,274.7,4.0,,0.0,,,18.5,19.55,19.55,24.0,21.536666666666665,86.13708333333334,4.0,136.86612499999998
2022-08-05,28.41,18.1,97.4,60.19,1438.0,4.0,,0.0,,,18.34,25.29,25.29,24.0,22.379583333333333,67.63541666666667,4.0,162.24570833333334
2022-08-06,28.96,16.42,95.5,40.98,1994.0,4.0,,0.0,,,15.82,16.55,16.55,24.0,16.074583333333333,93.48041666666667,4.0,13.470791666666665
2022-08-07,17.85,14.42,99.9,78.71,11.38,4.0,,17.53,,,14.43,14.49,14.49,24.0,15.759583333333333,99.52916666666665,4.0,21.927041666666668
2022-08-08,17.07,14.34,100.0,97.2,32.46,4.0,,57.91,,,16.64,16.64,16.64,24.0,17.641666666666666,98.16666666666667,4.0,34.295625
2022-08-09,,,,,,,,,,,,,,2.0,18.485,98.75,4.0,77.41
2022-08-11,,,,,,,,,,,,,,14.0,17.943571428571428,82.05,1.2117460317460316,169.55300000000003
2022-08-12,20.98,15.58,100.0,56.99,862.0,5.088888888888889,163.0,6.858,,,15.7,15.72,15.72,19.0,17.602631578947367,89.67631578947368,1.0442690058479531,103.39263157894737
2022-08-13,21.05,16.55,97.9,73.55,507.6,6.2,164.0,0.0,,,15.86,16.71,16.71,17.0,19.48705882352941,89.31823529411766,0.9799673202614378,112.92999999999999
2022-08-14,23.37,16.52,98.1,73.26,541.4,5.3805555555555555,79.0,0.0,,,16.94,17.3,17.3,20.0,20.3125,87.712,2.060236111111111,180.0466
2022-08-15,25.98,16.58,99.3,63.53,1672.0,6.788888888888889,45.0,0.0,,,16.49,16.58,16.58,24.0,20.554583333333333,90.39833333333333,4.0,163.97329166666665
2022-08-16,27.22,16.55,99.9,69.82,1875.0,4.0,,0.0,,,18.77,18.85,18.85,24.0,19.24833333333333,95.4875,4.0,25.710041666666665
2022-08-17,22.05,17.08,100.0,80.7,85.3,4.0,,4.318,,,16.96,17.57,17.57,24.0,19.652083333333334,92.28125,4.0,92.03283333333333
2022-08-18,26.85,17.06,99.6,66.59,922.0,4.0,,2.286,,,18.94,19.22,19.22,20.0,18.843,98.44500000000001,4.0,37.612199999999994
2022-08-19,,,,,,,,,,,,,,15.0,14.279333333333334,56.53333333333333,1.572962962962963,344.53866666666664
2022-08-20,20.08,8.7,91.2,27.14,3158.0,6.388888888888888,256.0,0.0,,,7.375,8.81,6.5969999999999995,24.0,12.447208333333334,82.97083333333333,0.9878472222222222,111.55833333333334
2022-08-21,20.81,6.814,97.6,54.99,965.0,7.219444444444444,188.0,0.0,,,11.77,12.64,12.64,24.0,15.852916666666665,85.80624999999999,3.9707175925925924,82.2395
2022-08-22,20.78,11.92,95.9,67.11,419.3,4.0,,0.0,,,14.37,16.14,16.14,24.0,17.525000000000002,89.74666666666667,4.0,76.96283333333334
2022-08-23,21.43,15.38,98.4,74.54,477.9,4.0,,0.508,,,16.55,16.79,16.79,24.0,18.84875,90.19208333333334,4.0,154.235125
2022-08-24,26.06,15.72,99.8,60.14,1935.0,4.0,,0.508,,,16.41,16.64,16.64,9.0,16.49888888888889,99.11111111111111,4.0,5.822333333333334
2022-08-25,26.94,15.72,99.9,58.41,2521.0,4.0,,0.0,,,17.51,17.69,17.69,,,,,
2022-08-26,28.62,17.38,99.7,53.41,1571.0,4.0,,0.0,,,18.19,18.34,18.34,,,,,
2022-08-27,27.66,16.97,100.0,61.75,1834.0,4.0,,0.0,,,17.91,18.2,18.2,,,,,
2022-08-28,28.86,16.89,99.7,61.69,1413.0,4.0,,0.0,,,18.45,18.55,18.55,11.0,18.296363636363637,86.95545454545454,4.0,130.032
2022-08-29,27.46,13.2,100.0,62.68,1303.0,4.0,,2.032,,,12.93,13.27,13.27,24.0,14.957500000000001,70.85000000000001,4.0,230.36529166666665
2022-08-30,21.7,11.68,98.6,38.93,3365.0,4.0,,0.0,,,10.32,11.81,11.81,24.0,14.35125,86.18166666666667,4.0,71.363375
2022-08-31,18.78,10.87,98.4,72.2,326.1,4.0,,0.254,,,13.52,13.89,13.89,24.0,16.593333333333334,88.56666666666666,4.0,104.21862499999999
2022-09-01,21.69,11.95,99.9,68.68,752.7,4.0,,0.508,,,15.73,16.93,16.93,24.0,19.025833333333335,83.33958333333334,4.0,204.15175
2022-09-02,25.83,14.0,98.6,58.77,2834.0,4.0,,0.0,,,16.1,16.36,16.36,24.0,18.803749999999997,91.82791666666667,4.0,57.029666666666664
2022-09-03,23.47,14.25,100.0,71.98,288.8,4.0,,8.89,,,17.88,17.99,17.99,24.0,15.42,98.07916666666667,4.0,28.83708333333333
2022-09-04,18.01,13.5,99.8,94.7,68.49,4.0,,22.35,,,13.47,13.71,13.71,24.0,16.4225,74.25083333333333,4.0,240.91254166666667
2022-09-05,23.81,12.15,99.1,39.09,3659.0,4.0,,0.0,,,11.52,14.27,14.27,24.0,17.145,83.23083333333334,4.0,126.193625
2022-09-06,23.98,12.42,97.2,54.4,1204.0,4.0,,0.508,,,15.35,16.41,16.41,24.0,17.0475,97.59166666666665,4.0,29.639416666666666
2022-09-07,18.98,15.7,99.9,89.2,57.19,4.0,,14.48,,,16.97,16.99,16.99,24.0,18.59125,96.80416666666667,4.0,66.04583333333333
2022-09-08,22.48,16.81,100.0,82.8,320.5,4.0,,16.26,,,18.22,18.27,18.27,24.0,20.47791666666667,91.63499999999999,4.0,185.22216666666668
2022-09-09,28.08,17.15,100.0,67.16,2227.0,4.0,,0.254,,,18.24,18.33,18.33,24.0,22.720416666666665,89.26541666666667,4.0,171.94320833333333
2022-09-10,32.33,17.39,100.0,63.1,2081.0,4.0,,3.048,,,22.23,23.5,23.5,24.0,17.468333333333334,95.80833333333334,4.0,20.06533333333333
2022-09-11,24.83,15.16,99.4,82.5,24.72,4.0,,7.366,,,14.25,15.53,15.53,24.0,15.409166666666666,90.28833333333334,4.0,29.788375
2022-09-12,16.94,14.0,97.6,74.64,51.91,4.0,,3.302,,,14.06,14.43,14.43,6.0,14.68,99.05,4.0,82.45133333333332
2022-09-13,,,,,,,,,,,,,,14.0,22.639285714285712,78.96071428571429,4.0,380.8171428571428
2022-09-14,30.88,16.57,100.0,55.02,3405.0,4.0,,0.0,,,16.75,17.65,17.65,24.0,17.35625,92.47916666666667,4.0,26.423291666666668
2022-09-15,19.08,15.62,99.2,83.3,46.04,4.0,,6.096,,,15.49,15.62,15.62,14.0,17.980714285714285,90.12428571428572,4.0,127.56392857142858
2022-09-16,,,,,,,,,,,,,,15.0,18.91466666666667,81.67800000000001,4.0,230.14453333333333
2022-09-17,22.65,15.9,100.0,64.09,1782.0,4.0,,0.508,,,14.88,15.9,15.9,24.0,17.455000000000002,84.62375,4.0,176.34025
2022-09-18,24.58,13.42,99.4,50.26,2446.0,4.0,,0.0,,,14.25,14.57,14.57,24.0,17.52541666666667,89.03708333333333,4.0,130.00816666666665
2022-09-19,23.51,14.27,99.5,64.49,1263.0,4.0,,1.27,,,15.73,17.79,17.79,24.0,18.35625,89.28958333333333,4.0,106.37441666666666
2022-09-20,23.74,14.3,99.8,67.0,828.0,4.0,,3.048,,,17.65,17.72,17.72,24.0,21.179583333333333,83.17,4.0,256.98175
2022-09-21,30.18,17.13,99.9,45.99,4101.0,4.0,,0.0,,,16.99,18.84,18.84,24.0,19.2175,86.96291666666667,4.0,87.13316666666667
2022-09-22,23.43,16.27,99.0,66.93,578.2,4.0,,3.048,,,16.13,16.4,16.4,24.0,20.604166666666668,83.04375,4.0,243.858375
2022-09-23,29.37,15.92,98.7,44.65,3797.0,4.0,,0.0,,,9.93,17.81,17.81,24.0,18.950416666666666,50.135416666666664,4.0,284.81670833333334
2022-09-24,26.37,13.68,87.3,25.94,4887.0,4.0,,0.0,,,11.59,13.69,13.69,24.0,16.9925,75.75333333333333,4.0,219.74966666666668
2022-09-25,25.84,10.83,95.4,49.65,3596.0,4.0,,0.0,,,12.42,14.05,14.05,24.0,14.9675,93.4375,4.0,30.746791666666667
2022-09-26,16.71,13.65,99.3,86.5,56.02,4.0,,13.21,,,14.22,14.33,14.33,24.0,17.270833333333332,92.92916666666667,4.0,62.850125
2022-09-27,20.85,13.96,99.9,79.55,221.1,4.0,,5.08,,,16.32,16.56,16.56,24.0,20.437083333333334,84.95166666666667,4.0,103.46720833333332
2022-09-28,27.5,16.03,99.9,58.54,902.0,4.0,,0.0,,,17.41,19.05,19.05,24.0,19.20875,80.70833333333333,4.0,61.194208333333336
2022-09-29,21.22,17.59,92.4,66.5,214.0,4.0,,0.0,,,15.22,17.8,17.8,12.0,17.608333333333334,86.33333333333333,4.0,103.79166666666667
2022-09-30,,,,,,,,,,,,,,7.0,18.874285714285715,88.35714285714286,4.0,200.72857142857143
2022-10-01,,,,,,,,,,,,,,15.0,21.487333333333332,86.59466666666667,4.0,230.3772
2022-10-02,27.73,17.83,100.0,62.55,1590.0,4.0,,0.254,,,18.47,19.22,19.22,21.0,20.953809523809525,84.3452380952381,4.0,167.91861904761905
2022-10-03,26.54,18.11,92.6,60.22,1562.0,4.0,,0.0,,,16.87,18.11,18.11,24.0,19.888333333333332,84.24916666666667,4.0,103.17725
2022-10-04,,,,,,,,,,,,,,10.0,19.581,77.66,4.0,174.688
2022-10-05,,,,,,,,,,,,,,6.0,18.666666666666668,89.75,4.0,159.11666666666667
2022-10-06,,,,,,,,,,,,,,1.0,20.01,99.1,4.0,106.0
2022-10-07,,,,,,,,,,,,,,15.0,25.10533333333333,56.16733333333333,4.0,346.40513333333337
2022-10-08,30.59,16.94,100.0,36.18,2835.0,4.0,,0.0,,,14.91,18.25,18.25,24.0,20.679583333333333,74.81125,4.0,280.17695833333335
2022-10-09,28.04,13.0,97.0,42.12,4774.0,4.0,,0.0,,,18.54,19.83,19.83,24.0,19.861666666666668,83.19875,4.0,163.2637083333333
2022-10-10,27.11,16.23,98.8,57.9,2346.0,4.0,,0.0,,,13.92,17.34,17.34,24.0,15.169583333333334,94.65833333333335,4.0,27.979541666666666
2022-10-11,17.33,14.33,98.0,79.15,43.34,4.0,,3.81,,,15.2,15.5,15.5,24.0,19.91375,89.56375000000001,4.0,136.17125000000001
2022-10-12,26.3,15.42,99.6,66.1,1593.0,4.0,,0.0,,,19.45,19.57,19.57,24.0,21.373333333333335,92.60291666666666,4.0,74.278
2022-10-13,28.1,18.7,99.8,70.88,394.8,4.0,,0.0,,,18.57,19.78,19.78,13.0,20.37846153846154,93.56923076923077,4.0,88.49
2022-10-14,,,,,,,,,,,,,,3.0,20.206666666666667,97.39999999999999,4.0,117.73333333333333
2022-10-15,,,,,,,,,,,,,,4.0,18.94,98.85,4.0,126.275
2022-10-16,,,,,,,,,,,,,,13.0,22.09,94.05384615384615,1.1519230769230768,199.9279230769231
2022-10-17,25.7,19.94,100.0,79.62,1161.0,5.819444444444444,26.0,0.0,,,20.19,20.5,20.5,19.0,22.33,86.30263157894737,1.4400730994152047,150.82621052631578
2022-10-18,27.0,19.52,94.4,70.84,1035.0,8.530555555555555,150.0,0.0,,,18.42,19.52,19.52,12.0,19.8625,94.36666666666667,2.908101851851852,42.95133333333334
2022-10-19,,,,,,,,,,,,,,16.0,23.495,85.23875,4.0,313.4754375
2022-10-20,29.29,18.81,100.0,65.72,2924.0,4.0,,0.0,,,20.56,21.19,21.19,24.0,22.910416666666666,91.58,4.0,151.03395833333335
2022-10-21,27.96,20.4,100.0,71.9,1921.0,4.0,,0.0,,,21.04,21.42,21.42,24.0,23.46875,88.395,4.0,177.87558333333334
2022-10-22,30.32,19.2,99.7,58.49,2345.0,4.0,,0.0,,,19.26,19.6,19.6,24.0,21.419583333333335,87.25166666666667,4.0,170.53558333333334
2022-10-23,27.86,17.52,100.0,62.69,2574.0,4.0,,0.0,,,18.52,19.88,19.88,24.0,22.661666666666665,84.07958333333333,4.0,269.8874583333333
2022-10-24,29.27,18.47,98.2,57.56,4535.0,4.0,,0.0,,,20.07,21.61,21.61,24.0,21.656666666666666,89.32833333333333,4.0,92.75904166666668
2022-10-25,24.86,19.98,99.5,73.52,732.3,4.0,,0.0,,,18.5,19.98,19.98,24.0,21.674166666666665,83.41416666666667,4.0,120.01566666666668
2022-10-26,26.42,19.25,91.7,63.95,1013.0,4.0,,0.0,,,18.76,20.48,20.48,24.0,23.629583333333333,78.61916666666667,4.0,311.1890833333334
2022-10-27,29.2,19.3,96.3,51.96,5593.0,4.0,,0.0,,,20.26,22.19,22.19,24.0,25.180833333333336,80.00416666666666,4.0,207.93595833333333
2022-10-28,31.54,19.45,96.3,55.19,2678.0,4.0,,0.0,,,20.49,23.32,23.32,24.0,25.536666666666665,80.04208333333334,4.0,237.5917916666667
2022-10-29,31.66,21.17,94.2,56.72,3657.0,4.0,,0.0,,,22.52,23.49,23.49,24.0,23.229583333333334,91.55916666666667,4.0,66.61191666666667
2022-10-30,28.87,19.61,98.8,71.9,352.1,4.0,,0.0,,,19.52,19.7,19.7,24.0,25.53333333333333,78.00916666666667,4.0,241.11608333333334
2022-10-31,36.27,18.12,99.9,37.13,3907.0,4.0,,0.0,,,21.32,21.49,21.49,24.0,21.903750000000002,93.85000000000001,3.901145833333333,74.35533333333333
2022-11-01,25.98,17.28,99.2,80.2,330.2,4.0,,0.0,,,17.13,17.39,17.39,24.0,16.947083333333335,86.43791666666668,1.2869212962962961,63.279041666666664
2022-11-02,19.09,14.4,98.7,65.66,220.1,5.169444444444444,179.0,0.0,,,13.21,14.53,14.53,24.0,17.669166666666666,76.28541666666666,1.6788310185185187,205.90804166666666
2022-11-03,24.23,13.74,95.4,47.14,2830.0,8.980555555555554,167.0,0.0,,,13.58,15.24,15.24,24.0,19.49416666666667,73.87958333333333,1.8360532407407408,262.05766666666665
2022-11-04,26.13,14.33,95.2,46.12,4406.0,10.738888888888887,170.0,0.0,,,15.44,17.37,17.37,24.0,20.638749999999998,72.00916666666667,4.0,267.8082083333333
2022-11-05,26.92,15.42,95.2,44.44,4731.0,4.0,,0.0,,,15.43,18.57,18.57,24.0,20.42125,73.5925,4.0,238.15370833333336
2022-11-06,26.9,15.64,94.1,47.41,4035.0,4.0,,0.0,,,14.9,16.41,16.41,24.0,19.538333333333334,76.26708333333333,4.0,204.324625
2022-11-07,26.78,14.27,97.8,46.27,3408.0,4.0,,0.0,,,14.18,16.01,16.01,24.0,19.41,74.24499999999999,4.0,184.30120833333334
2022-11-08,26.76,13.73,93.9,49.67,2775.0,4.0,,0.0,,,15.17,16.67,16.67,24.0,20.098333333333333,77.24583333333334,4.0,270.8776666666667
2022-11-09,28.3,14.92,97.5,46.32,5015.0,4.0,,0.0,,,16.64,17.25,17.25,24.0,20.529166666666665,83.17458333333333,4.0,146.72441666666666
2022-11-10,27.09,15.86,96.9,60.84,1337.0,4.0,,0.0,,,18.55,20.26,20.26,24.0,23.19666666666667,79.13208333333334,4.0,284.2626666666667
2022-11-11,30.42,17.73,96.3,54.02,5140.0,4.0,,0.0,,,19.34,21.6,21.6,24.0,22.16625,88.97708333333333,4.0,51.069250000000004
2022-11-12,25.02,20.55,96.0,77.56,147.7,4.0,,0.0,,,19.75,20.55,20.55,24.0,23.655416666666667,83.46583333333334,4.0,221.56095833333333
2022-11-13,31.56,19.87,96.1,57.8,3512.0,4.0,,0.0,,,20.83,22.7,22.7,24.0,24.247083333333332,85.95208333333333,4.0,179.90879166666664
2022-11-14,30.2,21.56,96.5,64.84,2413.0,4.0,,0.0,,,21.69,22.28,22.28,24.0,25.462083333333336,87.55083333333333,4.0,246.05145833333333
2022-11-15,32.39,22.24,96.7,60.86,3955.0,4.0,,0.0,,,22.78,23.51,23.51,24.0,26.578333333333333,59.83083333333334,4.0,335.0545416666667
2022-11-16,36.04,21.07,96.6,24.98,6416.0,4.0,,0.0,,,17.97,21.4,21.4,24.0,25.05875,64.7275,4.0,330.6139166666666
2022-11-17,33.75,17.75,93.0,28.38,6179.0,4.0,,0.0,,,17.82,20.37,20.37,24.0,24.201666666666668,57.745000000000005,4.0,337.59341666666666
2022-11-18,32.44,17.13,92.6,27.57,6314.0,4.0,,0.0,,,13.51,18.95,18.95,24.0,22.7075,68.03333333333333,4.0,290.90295833333334
2022-11-19,30.29,15.82,85.7,47.22,5120.0,4.0,,0.0,,,17.85,20.7,20.7,24.0,24.091250000000002,71.69041666666666,4.0,334.3048333333333
2022-11-20,30.12,18.17,94.0,39.73,6248.0,4.0,,0.0,,,19.77,21.83,21.83,24.0,24.08666666666667,80.84416666666667,4.0,113.5985
2022-11-21,28.14,20.76,92.0,65.04,905.0,4.0,,0.0,,,21.27,23.26,23.26,24.0,25.332916666666666,81.04041666666667,4.0,136.42320833333335
2022-11-22,30.75,22.08,92.4,60.72,1299.0,4.0,,0.0,,,21.99,24.23,24.23,24.0,25.35083333333333,86.31875000000001,4.0,87.70575000000001
2022-11-23,29.35,22.75,95.0,65.92,398.0,4.0,,0.0,,,22.32,23.25,23.25,24.0,24.281666666666666,86.5025,4.0,112.57004166666667
2022-11-24,31.17,21.59,96.3,61.63,1114.0,4.0,,0.0,,,20.9,22.2,22.2,24.0,23.588333333333335,81.83749999999999,4.0,73.90362499999999
2022-11-25,26.61,21.73,93.2,68.02,286.5,4.0,,0.0,,,19.11,22.11,22.11,17.0,24.51235294117647,71.15941176470588,4.0,206.01664705882354
2022-11-26,,,,,,,,,,,,,,7.0,22.22,96.68571428571428,4.0,176.1942857142857
2022-11-27,,,,,,,,,,,,,,7.0,21.907142857142855,99.39999999999999,1.2155555555555555,146.58571428571426
2022-11-28,,,,,,,,,,,,,,4.0,20.8625,98.65,2.4078472222222222,177.725
2022-11-29,,,,,,,,,,,,,,17.0,23.755294117647058,91.44058823529411,2.0787254901960783,267.6134705882353
2022-11-30,26.7,21.55,100.0,74.51,2283.0,7.35,141.0,0.0,,,22.09,22.22,22.22,24.0,23.504583333333333,97.0125,1.2248495370370371,138.58779166666667
2022-12-01,27.49,22.28,99.6,83.4,1334.0,5.85,17.0,0.0,,,22.57,22.62,22.62,21.0,25.215238095238096,91.98904761904762,0.9543121693121692,210.05995238095238
2022-12-02,30.74,23.42,100.0,72.74,2814.0,6.011111111111111,66.0,0.0,,,23.69,24.11,24.11,24.0,26.255416666666665,89.30416666666667,0.952210648148148,156.37075000000002
2022-12-03,32.18,23.04,99.5,66.4,1679.0,5.019444444444445,135.0,0.0,,,24.15,24.97,24.97,20.0,25.8635,92.87,0.9278194444444445,78.003
2022-12-04,,,,,,,,,,,,,,16.0,27.070625,90.49375,1.94390625,186.641875
2022-12-05,,,,,,,,,,,,,,15.0,26.387999999999998,91.41066666666667,4.0,185.5976
2022-12-06,,,,,,,,,,,,,,14.0,26.115000000000002,87.25,4.0,193.33271428571427
2022-12-07,,,,,,,,,,,,,,16.0,26.835,81.094375,4.0,280.058625
2022-12-08,31.33,22.85,91.6,64.54,2433.0,4.0,,0.0,,,21.24,22.85,22.85,20.0,26.541000000000004,79.5265,4.0,371.2281
2022-12-09,31.28,23.33,93.5,63.5,5576.0,4.0,,0.0,,,22.22,23.34,23.34,24.0,26.599999999999998,84.40041666666666,4.0,250.92595833333334
2022-12-10,33.07,22.82,96.3,62.89,3993.0,4.0,,0.0,,,22.83,24.45,24.45,24.0,26.832916666666666,82.57375,4.0,244.843875
2022-12-11,33.15,23.35,92.9,60.99,3683.0,4.0,,0.0,,,22.89,24.88,24.88,24.0,25.425416666666667,92.76666666666667,4.0,83.63575
2022-12-12,28.55,23.85,98.6,83.0,643.2,4.0,,0.0,,,24.23,25.56,25.56,24.0,29.073333333333334,80.21458333333334,4.0,201.52683333333334
2022-12-13,37.79,24.52,96.0,52.26,3387.0,4.0,,0.0,,,23.54,31.82,28.13,24.0,23.18958333333333,86.23625,4.0,138.81125
2022-12-14,28.11,20.38,98.3,63.02,1859.0,4.0,,0.0,,,17.35,21.28,21.28,24.0,22.753333333333334,78.26291666666667,4.0,163.15079166666666
2022-12-15,28.95,19.77,93.9,53.98,1932.0,4.0,,0.0,,,19.05,21.34,21.34,24.0,24.36791666666667,77.46,4.0,323.1086666666667
2022-12-16,30.31,19.4,96.5,48.73,6148.0,4.0,,0.0,,,20.22,22.01,22.01,24.0,23.84583333333333,85.245,4.0,207.65987499999997
2022-12-17,32.14,20.66,97.0,54.1,3493.0,4.0,,0.0,,,20.81,21.34,21.34,24.0,21.8425,87.68124999999999,4.0,60.52804166666667
2022-12-18,25.0,20.06,97.6,69.83,272.6,4.0,,0.0,,,19.46,21.19,21.19,23.0,22.03782608695652,89.97826086956522,4.0,84.00682608695652
2022-12-19,,,,,,,,,,,,,,7.0,22.521428571428572,94.24285714285715,4.0,198.48142857142855
2022-12-20,,,,,,,,,,,,,,7.0,21.547142857142855,98.7,1.1884126984126984,164.28571428571428
2022-12-21,,,,,,,,,,,,,,17.0,22.64588235294118,88.53176470588235,1.504983660130719,250.5685294117647
2022-12-22,26.28,20.08,99.0,72.65,2018.0,6.330555555555555,155.0,0.0,,,19.68,20.36,20.36,22.0,22.89727272727273,81.86090909090909,1.3213383838383839,268.132
2022-12-23,29.07,19.72,97.6,52.47,4127.0,7.3694444444444445,153.0,0.0,,,19.26,20.28,20.28,24.0,22.221666666666668,85.82,1.6265972222222222,126.84945833333335
2022-12-24,27.3,18.65,97.3,58.65,959.0,6.061111111111111,86.0,0.0,,,20.47,21.62,21.62,24.0,22.290833333333335,93.54166666666667,4.0,91.15216666666667
2022-12-25,25.09,20.49,98.1,80.7,506.1,4.0,,0.0,,,21.44,21.74,21.74,18.0,24.767777777777777,88.02222222222223,4.0,216.142
2022-12-26,28.95,21.74,99.2,71.71,1742.0,4.0,,0.0,,,22.66,23.08,23.08,22.0,25.936818181818182,85.28136363636364,4.0,203.77745454545456
2022-12-27,32.2,22.93,100.0,64.88,2313.0,4.0,,0.0,,,21.59,23.97,23.97,24.0,25.420833333333334,86.27708333333334,4.0,155.95604166666666
2022-12-28,30.48,22.51,96.6,67.18,2000.0,4.0,,0.0,,,23.38,24.43,24.43,22.0,24.77409090909091,91.41681818181819,4.0,193.6091818181818
2022-12-29,30.34,21.79,98.0,73.31,2453.0,4.0,,0.0,,,20.82,22.09,22.09,24.0,26.087083333333336,75.95916666666666,4.0,356.87266666666665
2022-12-30,33.1,23.79,90.1,40.45,6354.0,4.0,,0.0,,,20.81,24.25,24.25,24.0,25.50125,78.17,4.0,328.829375
2022-12-31,31.17,21.5,96.8,50.05,6003.0,4.0,,0.0,,,19.51,21.76,21.76,24.0,25.5475,80.40708333333333,4.0,287.90045833333335
2023-01-01,32.75,20.18,92.4,60.84,4839.0,4.0,,0.0,,,22.82,25.01,25.01,24.0,26.841250000000002,82.185,4.0,235.71658333333335
2023-01-02,31.71,23.13,95.5,60.83,3555.0,4.0,,0.0,,,23.45,25.06,25.06,24.0,27.084166666666665,84.49291666666666,4.0,235.54820833333335
2023-01-03,32.04,23.61,96.3,63.86,3720.0,4.0,,0.0,,,23.86,25.4,25.4,24.0,26.388333333333335,86.10958333333333,3.704675925925926,159.6554583333333
2023-01-04,36.23,22.01,97.9,52.36,2273.0,4.3999999999999995,263.0,0.0,,,21.23,22.61,22.61,24.0,20.84,92.05416666666667,1.4452314814814813,57.52395833333333
2023-01-05,22.69,18.6,96.4,82.2,182.9,6.949999999999999,214.0,0.0,,,18.99,19.62,19.62,24.0,23.672083333333333,78.49333333333333,1.5318402777777778,266.00208333333336
2023-01-06,30.98,18.9,96.3,47.19,4480.0,5.780555555555555,162.0,0.0,,,19.35,20.74,20.74,24.0,24.12,76.78125,4.0,240.511
2023-01-07,30.16,19.05,96.4,54.09,4143.0,4.0,,0.0,,,19.79,22.33,22.33,24.0,24.45125,77.57291666666667,4.0,290.39145833333333
2023-01-08,30.31,19.54,96.1,50.38,5641.0,4.0,,0.0,,,20.01,21.99,21.99,24.0,23.856666666666666,82.28291666666667,4.0,167.70133333333334
2023-01-09,28.61,20.17,94.9,60.09,2072.0,4.0,,0.0,,,20.52,22.04,22.04,24.0,23.9075,81.89083333333333,4.0,123.53658333333334
2023-01-10,29.39,19.76,95.4,58.76,1234.0,4.0,,0.0,,,20.74,21.69,21.69,24.0,24.795833333333334,84.67625,4.0,166.54391666666666
2023-01-11,30.28,21.21,96.0,61.04,2032.0,4.0,,0.0,,,22.58,24.03,24.03,24.0,26.510833333333334,85.73208333333334,4.0,203.40491666666665
2023-01-12,33.39,23.09,95.7,61.01,3103.0,4.0,,0.0,,,24.39,26.13,26.13,24.0,26.624583333333334,86.97874999999999,4.0,234.450875
2023-01-13,34.67,22.94,95.8,60.18,4052.0,4.0,,0.0,,,23.06,24.38,24.38,24.0,26.915000000000003,84.38833333333334,4.0,226.1045
2023-01-14,35.38,22.63,96.2,53.6,3454.0,4.0,,0.0,,,22.05,22.68,22.68,24.0,26.6075,86.34958333333333,4.0,242.42229166666667
2023-01-15,35.49,22.26,97.0,57.5,4028.0,4.0,,0.0,,,23.41,24.01,24.01,24.0,25.2675,93.14958333333334,4.0,77.21616666666667
2023-01-16,29.81,23.43,97.0,77.61,513.9,4.0,,0.0,,,23.83,24.58,24.58,24.0,26.08666666666667,87.90625,4.0,100.87283333333333
2023-01-17,29.98,23.57,96.1,72.79,804.0,4.0,,0.0,,,24.23,25.74,25.74,19.0,27.12842105263158,84.43473684210527,4.0,127.13957894736842
2023-01-18,,,,,,,,,,,,,,15.0,28.012666666666668,81.05266666666667,4.0,276.9124
2023-01-19,32.4,23.31,99.5,64.05,1976.0,4.0,,0.0,,,23.45,25.6,25.6,20.0,24.7715,93.19,4.0,98.87899999999999
2023-01-20,,,,,,,,,,,,,,16.0,26.960625,84.606875,4.0,339.087875
2023-01-21,32.02,23.27,100.0,60.71,3671.0,4.0,,0.0,,,23.69,24.55,24.55,24.0,27.3775,82.09,4.0,260.12554166666666
2023-01-22,34.09,22.99,96.9,57.69,4162.0,4.0,,0.0,,,23.75,25.16,25.16,24.0,26.900833333333335,86.48333333333333,4.0,121.27270833333334
2023-01-23,33.76,23.83,95.9,65.8,1125.0,4.0,,0.0,,,22.83,23.85,23.85,24.0,26.221666666666668,85.56124999999999,4.0,226.42591666666667
2023-01-24,34.42,20.18,97.4,56.06,4010.0,4.0,,0.0,,,20.5,21.22,21.22,24.0,26.38416666666667,78.04333333333334,4.0,326.8915416666667
2023-01-25,35.85,19.58,97.3,40.15,6062.0,4.0,,0.0,,,23.78,25.01,25.01,24.0,28.405416666666667,80.13666666666667,4.0,322.0561666666667
2023-01-26,35.51,23.42,96.4,47.85,5891.0,4.0,,0.0,,,24.43,26.13,26.13,24.0,27.885833333333334,76.92208333333333,4.0,319.44975
2023-01-27,33.2,23.79,95.1,51.3,5950.0,4.0,,0.0,,,21.84,23.81,23.81,24.0,26.800833333333333,76.61083333333333,4.0,265.21008333333333
2023-01-28,32.41,22.55,92.8,51.22,4866.0,4.0,,0.0,,,23.12,26.14,26.14,24.0,28.204583333333332,77.79708333333333,4.0,317.27729166666666
2023-01-29,33.41,23.11,92.1,52.51,5860.0,4.0,,0.0,,,24.83,30.83,27.15,24.0,28.01,84.74708333333334,4.0,220.62716666666665
2023-01-30,34.35,23.59,97.0,61.35,4205.0,4.0,,0.0,,,23.24,23.91,23.91,24.0,25.580416666666665,88.18208333333332,4.0,125.79354166666667
2023-01-31,31.67,23.25,96.6,64.72,960.0,4.0,,0.0,,,23.52,25.84,25.84,24.0,27.404583333333335,86.40249999999999,4.0,122.74995833333332
2023-02-01,31.53,24.15,95.3,70.87,868.0,4.0,,0.0,,,25.31,26.59,26.59,24.0,28.79625,82.30041666666666,4.0,180.723625
2023-02-02,35.34,24.7,95.9,53.23,2361.0,4.0,,0.0,,,23.71,24.82,24.82,24.0,26.357916666666668,92.40833333333335,4.0,102.00041666666668
2023-02-03,30.22,24.29,96.2,74.36,884.0,4.0,,0.0,,,24.98,26.05,26.05,24.0,28.670416666666668,81.83333333333333,4.0,208.12379166666665
2023-02-04,38.12,24.88,96.1,44.99,3233.0,4.0,,0.0,,,24.71,26.01,26.01,24.0,28.501666666666665,80.53416666666666,4.0,226.08624999999998
2023-02-05,35.87,24.17,95.6,48.0,3558.0,4.0,,0.0,,,24.02,25.09,25.09,24.0,27.52625,81.23583333333333,4.0,275.73220833333335
2023-02-06,35.0,22.67,95.7,53.88,4879.0,4.0,,0.0,,,23.46,25.22,25.22,24.0,28.33666666666667,74.50083333333333,4.0,263.852375
2023-02-07,35.45,23.07,94.1,33.34,4445.0,4.0,,0.0,,,23.76,26.17,26.17,24.0,28.21625,75.08541666666666,4.0,274.24987500000003
2023-02-08,35.18,23.47,91.3,48.63,4835.0,4.0,,0.0,,,23.04,25.32,25.32,24.0,28.263333333333335,77.14041666666667,4.0,272.25804166666666
2023-02-09,34.5,23.6,92.5,52.08,4746.0,4.0,,0.0,,,23.81,26.57,26.57,24.0,27.687916666666666,80.49708333333334,4.0,269.36375
2023-02-10,33.57,22.35,96.9,54.24,4874.0,4.0,,0.0,,,22.75,23.36,23.36,24.0,25.724999999999998,87.99291666666666,1.4766435185185187,132.7565
2023-02-11,31.98,23.0,96.5,66.48,1330.0,5.469444444444445,97.0,0.0,,,22.79,23.54,23.54,24.0,27.090833333333332,81.22375,1.993449074074074,306.63029166666666
2023-02-12,33.93,21.87,96.0,56.06,5367.0,4.0,,0.0,,,24.03,25.76,25.76,24.0,28.35375,80.105,4.0,269.58208333333334
2023-02-13,34.63,23.29,95.8,52.42,4834.0,4.0,,0.0,,,24.2,26.03,26.03,24.0,28.27416666666667,79.51083333333334,4.0,283.63395833333334
2023-02-14,34.4,23.03,95.6,55.15,5019.0,4.0,,0.0,,,24.17,25.66,25.66,24.0,27.680000000000003,85.00916666666667,4.0,194.83275
2023-02-15,35.54,23.69,96.7,56.3,2786.0,4.0,,0.0,,,24.78,25.34,25.34,24.0,27.993750000000002,82.75875,4.0,175.18224999999998
2023-02-16,35.94,23.85,97.0,44.73,2316.0,4.0,,0.0,,,23.33,23.99,23.99,24.0,25.37375,90.04541666666667,4.0,160.65787500000002
2023-02-17,31.48,22.55,97.0,68.46,2131.0,4.0,,0.0,,,24.19,25.53,25.53,24.0,26.635,87.35166666666667,4.0,99.63229166666667
2023-02-18,32.23,22.88,96.7,57.65,658.3,4.0,,0.0,,,22.29,22.88,22.88,24.0,21.78125,85.72500000000001,1.7809606481481481,65.48720833333333
2023-02-19,23.67,19.54,96.5,66.82,300.6,6.480555555555555,176.0,0.0,,,17.04,20.4,20.4,24.0,20.014166666666664,85.71666666666665,1.3114699074074074,42.646791666666665
2023-02-20,21.69,18.95,95.8,70.3,106.7,4.6499999999999995,268.0,0.0,,,19.02,19.87,19.87,22.0,22.095000000000002,94.63636363636364,0.6960984848484848,53.54886363636364
2023-02-21,,,,,,,,,,,,,,12.0,24.560833333333335,92.75833333333334,1.1766898148148146,169.85558333333333
2023-02-22,,,,,,,,,,,,,,11.0,26.066363636363636,80.79454545454546,2.9951767676767673,221.37336363636362
2023-02-23,,,,,,,,,,,,,,15.0,25.218,91.92333333333333,4.0,222.45486666666665
2023-02-24,28.94,22.22,100.0,79.01,1329.0,4.0,,0.0,,,21.78,22.31,22.31,19.0,25.27315789473684,91.35578947368421,4.0,146.65905263157893
2023-02-25,29.59,22.04,100.0,74.95,998.0,4.0,,0.0,,,23.91,24.13,24.13,16.0,29.836875,73.70625,4.0,382.814
2023-02-26,36.85,24.08,100.0,44.57,4435.0,4.0,,0.0,,,23.83,25.58,25.58,24.0,25.58791666666667,88.59416666666665,3.91537037037037,142.82145833333334
2023-02-27,36.15,22.13,98.4,49.25,1937.0,4.0,,0.0,,,21.32,22.19,22.19,24.0,24.620833333333334,84.49625,2.270208333333333,133.932625
2023-02-28,31.38,20.8,98.2,55.7,1179.0,4.0,,0.0,,,22.45,24.01,24.01,24.0,24.541666666666668,91.48125,4.0,92.805
2023-03-01,28.49,22.88,98.2,71.5,562.2,4.0,,0.0,,,22.55,23.18,23.18,20.0,24.535,90.65,4.0,98.80905
2023-03-02,,,,,,,,,,,,,,15.0,27.997999999999998,79.78333333333333,4.0,398.53200000000004
2023-03-03,33.37,22.16,100.0,57.63,4049.0,4.0,,0.0,,,22.63,23.04,23.04,24.0,26.036666666666665,89.71499999999999,4.0,199.52866666666668
2023-03-04,32.95,22.96,97.9,66.03,3328.0,4.0,,0.0,,,24.46,24.82,24.82,24.0,25.243750000000002,93.67833333333333,4.0,200.208125
2023-03-05,32.83,22.05,98.4,69.98,3322.0,4.0,,0.0,,,21.83,22.28,22.28,24.0,25.02,89.17333333333333,3.5244328703703705,193.9969166666667
2023-03-06,33.67,21.7,98.3,56.39,3142.0,4.0,,0.0,,,22.34,22.79,22.79,24.0,24.388333333333335,91.81833333333333,0.8827777777777778,110.99437499999999
2023-03-07,30.13,22.11,98.4,68.63,1121.0,4.9,78.0,0.0,,,22.58,22.95,22.95,24.0,25.165000000000003,90.435,0.8712152777777779,175.76470833333335
2023-03-08,31.95,22.19,97.8,68.48,2369.0,4.261111111111111,94.0,0.0,,,23.21,24.14,24.14,24.0,28.035416666666666,82.85708333333334,3.3558796296296296,252.12220833333333
2023-03-09,35.07,23.47,95.3,59.76,3918.0,4.0,,0.0,,,23.29,25.01,25.01,24.0,27.1775,81.57666666666667,4.0,164.66241666666667
2023-03-10,34.44,23.41,95.3,52.02,2106.0,4.0,,0.0,,,22.79,23.56,23.56,24.0,25.23375,90.19791666666667,4.0,87.37666666666667
2023-03-11,29.84,23.01,95.9,72.17,479.2,4.0,,0.0,,,23.3,24.14,24.14,24.0,26.116666666666664,85.87583333333333,4.0,149.56770833333334
2023-03-12,31.7,23.45,96.1,62.49,1679.0,4.0,,0.0,,,23.11,23.76,23.76,24.0,24.985,92.08749999999999,4.0,86.84941666666667
2023-03-13,28.6,22.67,96.9,78.5,523.7,4.0,,0.0,,,23.15,23.82,23.82,22.0,24.531363636363633,94.71818181818183,4.0,65.06945454545455
2023-03-14,,,,,,,,,,,,,,15.0,25.912,91.41799999999999,4.0,178.2192
2023-03-15,,,,,,,,,,,,,,16.0,26.35125,89.37875,4.0,269.7769375
2023-03-16,30.25,23.14,100.0,75.77,2370.0,4.0,,0.0,,,23.28,24.07,24.07,24.0,25.60875,87.26666666666667,4.0,152.25841666666665
2023-03-17,30.89,22.8,96.9,63.54,1981.0,4.0,,0.0,,,23.05,23.91,23.91,24.0,25.969583333333333,86.27,4.0,209.16079166666665
2023-03-18,31.98,23.12,97.3,52.17,3118.0,4.0,,0.0,,,22.28,23.37,23.37,24.0,25.56625,82.78625,4.0,250.078625
2023-03-19,31.8,20.79,96.9,56.25,4175.0,4.0,,0.0,,,22.68,24.18,24.18,24.0,26.7,82.46291666666666,4.0,258.43516666666665
2023-03-20,33.38,21.54,96.1,60.68,4132.0,4.0,,0.0,,,23.95,25.38,25.38,24.0,28.808333333333334,81.01666666666667,4.0,257.12566666666663
2023-03-21,36.14,23.73,94.8,57.04,4049.0,4.0,,0.0,,,25.56,30.48,26.82,24.0,28.247500000000002,81.20791666666666,4.0,228.126625
2023-03-22,33.6,24.3,95.8,56.37,3502.0,4.0,,0.0,,,23.83,25.85,25.85,24.0,28.067916666666665,82.3975,4.0,186.96233333333336
2023-03-23,34.03,24.49,95.0,59.95,2507.0,4.0,,0.0,,,24.27,26.07,26.07,24.0,27.964583333333334,81.30666666666667,4.0,233.05608333333336
2023-03-24,33.75,24.65,93.1,59.73,3537.0,4.0,,0.0,,,24.07,26.44,26.44,24.0,27.792916666666667,79.86541666666666,4.0,169.75866666666667
2023-03-25,34.6,24.35,93.9,59.28,2303.0,4.0,,0.0,,,22.89,26.38,26.38,24.0,27.30333333333333,77.64083333333333,4.0,172.38841666666667
2023-03-26,33.68,23.45,92.6,56.03,2319.0,4.0,,0.0,,,23.43,25.08,25.08,24.0,27.578333333333333,81.34458333333333,4.0,188.60595833333332
2023-03-27,36.22,23.71,96.0,52.44,2602.0,4.0,,0.0,,,22.49,24.64,24.64,24.0,25.479166666666668,79.36083333333333,4.0,139.10737500000002
2023-03-28,30.43,22.79,91.8,52.23,1670.0,4.0,,0.0,,,20.51,22.8,22.8,24.0,24.565833333333334,84.72,4.0,123.246625
2023-03-29,29.56,21.83,94.6,63.53,1585.0,4.0,,0.0,,,22.48,24.06,24.06,24.0,25.695833333333336,85.80416666666667,4.0,151.77475
2023-03-30,32.47,21.33,95.8,62.63,1922.0,4.0,,0.0,,,21.08,22.08,22.08,24.0,25.879583333333333,81.70875,4.0,220.9009166666667
2023-03-31,33.78,20.85,96.0,54.81,3386.0,4.0,,0.0,,,22.3,24.22,24.22,24.0,26.757916666666663,79.63708333333334,4.0,236.77745833333333
2023-04-01,32.67,22.51,94.3,55.77,3614.0,4.0,,0.0,,,22.6,24.23,24.23,24.0,24.93625,82.41791666666667,4.0,114.45779166666667
2023-04-02,30.11,21.92,95.3,67.49,1367.0,4.0,,0.0,,,18.88,21.93,21.93,24.0,23.684583333333332,73.61749999999999,4.0,194.32445833333335
2023-04-03,30.3,19.0,93.5,47.31,2901.0,4.0,,0.0,,,18.77,20.9,20.9,24.0,23.765833333333333,77.78125,4.0,213.68770833333335
2023-04-04,30.56,18.33,94.8,52.59,3172.0,4.0,,0.0,,,20.28,23.02,23.02,24.0,25.169166666666666,78.37166666666667,4.0,227.18837499999998
2023-04-05,32.0,19.9,95.2,55.23,3342.0,4.0,,0.0,,,21.27,23.35,23.35,24.0,25.39,77.37208333333334,4.0,136.82375
2023-04-06,30.18,22.62,91.6,51.55,1340.0,4.0,,0.0,,,21.07,23.52,23.52,24.0,21.924583333333334,94.09166666666665,4.0,34.58983333333333
2023-04-07,23.61,20.53,96.1,85.7,81.3,4.0,,0.0,,,19.91,20.63,20.63,21.0,20.564285714285717,95.1,4.0,35.19709523809524
2023-04-08,,,,,,,,,,,,,,10.0,21.931,94.95,1.1617777777777776,149.683
2023-04-09,,,,,,,,,,,,,,15.0,24.183333333333334,86.39066666666668,0.9677962962962963,187.96326666666667
2023-04-10,27.3,20.57,100.0,71.46,1001.0,5.019444444444445,9.0,0.0,,,21.4,21.87,21.87,20.0,23.9555,88.548,0.8193333333333334,179.19605
2023-04-11,29.29,21.45,100.0,69.29,1850.0,4.138888888888889,57.0,0.0,,,20.76,22.7,22.7,24.0,24.049583333333334,81.79208333333334,3.6490393518518522,217.67283333333333
2023-04-12,30.11,19.89,96.8,57.24,3147.0,4.0,,0.0,,,19.04,20.45,20.45,24.0,24.000416666666666,84.39208333333333,4.0,208.19470833333332
2023-04-13,32.95,18.57,96.5,55.44,2892.0,4.0,,0.0,,,21.56,22.93,22.93,24.0,25.162499999999998,82.67875,4.0,187.81054166666664
2023-04-14,34.22,20.09,97.6,54.0,2579.0,4.0,,0.0,,,22.07,24.53,24.53,24.0,22.777916666666666,93.70416666666667,4.0,25.55883333333333
2023-04-15,24.56,21.27,96.8,85.8,49.13,4.0,,0.0,,,20.79,21.41,21.41,20.0,22.241999999999997,91.46000000000001,4.0,59.825900000000004
2023-04-16,,,,,,,,,,,,,,11.0,24.10545454545455,87.98181818181818,4.0,178.36363636363637
2023-04-17,,,,,,,,,,,,,,15.0,24.886666666666667,88.99,4.0,157.96533333333335
2023-04-18,,,,,,,,,,,,,,6.0,20.976666666666667,93.53333333333335,1.5607407407407408,129.51666666666668
2023-04-19,,,,,,,,,,,,,,14.0,24.152142857142856,52.21071428571429,1.9293055555555554,278.4747142857143
2023-04-20,29.08,18.19,98.7,34.05,2090.0,7.6611111111111105,305.0,0.0,,,13.89,20.32,20.32,24.0,19.669166666666666,64.29,3.847164351851852,196.43966666666665
2023-04-21,27.56,13.61,89.6,33.89,2799.0,10.319444444444445,235.0,0.0,,,13.04,14.91,14.91,24.0,19.224999999999998,80.15875,4.0,141.77
2023-04-22,27.36,12.84,95.2,53.91,1634.0,4.0,,0.0,,,18.94,20.02,20.02,24.0,21.770833333333332,88.02958333333333,4.0,127.45208333333333
2023-04-23,28.63,19.01,96.9,61.98,1174.0,4.0,,0.0,,,19.54,20.62,20.62,24.0,22.10375,90.24791666666665,4.0,92.66491666666667
2023-04-24,26.68,19.62,96.8,71.38,662.2,4.0,,0.0,,,20.91,21.47,21.47,24.0,22.7025,90.97083333333335,4.0,84.55516666666666
2023-04-25,26.83,20.58,97.2,76.22,530.9,4.0,,0.0,,,19.88,20.7,20.7,24.0,22.50583333333333,88.33291666666666,4.0,112.38083333333333
2023-04-26,28.21,19.83,97.3,65.78,1135.0,4.0,,0.0,,,20.08,20.76,20.76,24.0,22.849999999999998,90.42333333333333,4.0,84.86608333333334
2023-04-27,29.41,20.33,96.6,68.84,563.9,4.0,,0.0,,,20.05,20.72,20.72,20.0,23.7015,78.55499999999999,4.0,156.70440000000002
2023-04-28,30.82,20.54,92.5,46.95,1632.0,4.0,,0.0,,,19.48,20.74,20.74,24.0,22.197916666666668,82.5,4.0,131.8415
2023-04-29,28.6,19.27,96.6,55.09,1399.0,4.0,,0.0,,,18.62,20.08,20.08,24.0,21.51833333333333,87.51166666666667,4.0,66.59275000000001
2023-04-30,26.91,18.47,96.2,56.31,325.4,4.0,,0.0,,,19.56,20.22,20.22,24.0,22.264583333333334,90.36625,4.0,78.220125
2023-05-01,28.83,19.43,97.0,68.16,629.2,4.0,,0.0,,,20.23,20.96,20.96,18.0,24.54,82.04166666666667,4.0,186.78794444444443
2023-05-02,32.09,20.52,96.8,51.74,1771.0,4.0,,0.0,,,20.19,20.78,20.78,24.0,22.814166666666665,86.13916666666667,4.0,141.85425
2023-05-03,30.46,18.09,97.9,56.76,1700.0,4.0,,0.0,,,20.65,22.02,22.02,24.0,24.045,86.37333333333333,4.0,124.68379166666666
2023-05-04,30.21,20.71,96.6,64.87,1318.0,4.0,,0.0,,,22.04,23.64,23.64,24.0,25.703333333333333,85.31458333333333,4.0,98.68454166666668
2023-05-05,32.14,22.75,95.3,62.25,809.0,4.0,,0.0,,,23.14,24.29,24.29,24.0,26.006666666666664,85.52166666666666,4.0,136.01325
2023-05-06,31.8,22.78,96.2,64.67,1323.0,4.0,,0.0,,,23.4,25.04,25.04,24.0,26.11208333333333,86.39,4.0,105.82237500000001
2023-05-07,31.72,23.16,94.7,65.09,910.0,4.0,,0.0,,,22.27,23.16,23.16,24.0,25.68625,85.99083333333334,4.0,131.3587916666667
2023-05-08,30.88,23.12,95.7,65.16,1424.0,4.0,,0.0,,,22.8,25.18,25.18,24.0,24.95875,89.87083333333334,4.0,53.795125000000006
2023-05-09,27.97,22.6,95.9,78.24,183.7,4.0,,0.0,,,21.93,23.46,23.46,11.0,22.35727272727273,89.67181818181818,4.0,44.646
2023-05-10,,,,,,,,,,,,,,11.0,23.39545454545454,77.59454545454545,4.0,170.03854545454544
2023-05-11,,,,,,,,,,,,,,14.0,21.325,66.34857142857143,4.0,243.355
2023-05-12,26.8,15.98,91.9,42.37,1742.0,4.0,,0.0,,,14.67,15.98,15.98,24.0,18.265833333333333,79.2175,4.0,90.782625
2023-05-13,24.25,14.27,95.0,54.76,869.0,4.0,,0.0,,,14.24,15.76,15.76,24.0,18.2225,82.54291666666667,4.0,107.85183333333333
2023-05-14,25.53,14.13,96.2,55.38,1290.0,4.0,,0.0,,,15.1,16.08,16.08,24.0,18.924583333333334,79.0175,4.0,136.33379166666666
2023-05-15,29.1,13.28,97.9,33.07,1618.0,4.0,,0.0,,,13.58,15.12,15.12,24.0,19.141666666666666,78.67916666666666,4.0,134.68291666666667
2023-05-16,30.91,12.54,97.2,32.73,1584.0,4.0,,0.0,,,14.71,15.89,15.89,24.0,19.287916666666668,79.31375,4.0,131.41829166666665
2023-05-17,28.15,13.38,96.5,47.33,1530.0,4.0,,0.0,,,16.31,18.97,18.97,24.0,19.412499999999998,81.385,4.0,107.36941666666667
2023-05-18,27.02,14.68,96.8,49.77,1005.0,4.0,,0.0,,,15.59,17.35,17.35,24.0,19.302916666666665,82.04875,4.0,128.16733333333335
2023-05-19,27.4,14.12,97.0,53.2,1460.0,4.0,,0.0,,,15.43,16.24,16.24,24.0,20.141666666666666,80.3575,4.0,127.98420833333334
2023-05-20,27.3,16.23,95.1,53.87,1487.0,4.0,,0.0,,,16.88,18.99,18.99,24.0,20.77125,79.40833333333333,4.0,112.91633333333334
2023-05-21,28.04,17.22,92.2,51.27,1239.0,4.0,,0.0,,,16.8,18.11,18.11,24.0,20.139166666666664,86.06083333333333,4.0,78.794625
2023-05-22,25.35,16.14,97.1,66.24,450.5,4.0,,0.0,,,17.95,19.07,19.07,22.0,20.582727272727272,88.11954545454545,4.0,66.07454545454546
2023-05-23,,,,,,,,,,,,,,13.0,24.325384615384618,81.39384615384614,4.0,198.1546153846154
2023-05-24,30.47,19.32,96.7,57.82,1140.0,4.0,,0.0,,,20.49,21.57,21.57,24.0,22.828333333333333,86.9825,4.0,104.33104166666665
2023-05-25,28.83,19.8,97.5,61.71,884.0,4.0,,0.0,,,19.83,20.77,20.77,24.0,22.712500000000002,88.73333333333333,4.0,103.02175
2023-05-26,29.19,19.68,98.0,65.79,874.0,4.0,,0.0,,,20.32,21.01,21.01,23.0,23.09391304347826,87.4213043478261,4.0,94.19521739130435
2023-05-27,28.5,21.04,95.3,68.18,656.5,4.0,,0.0,,,21.59,23.17,23.17,18.0,24.43277777777778,83.68222222222222,4.0,111.29877777777777
2023-05-28,29.35,21.27,96.1,65.92,623.4,4.0,,0.0,,,20.75,21.47,21.47,2.0,20.275,93.3,4.0,38.55
2023-05-29,,,,,,,,,,,,,,4.0,19.015,79.3175,4.0,106.65
2023-05-30,,,,,,,,,,,,,,5.0,19.274,91.02000000000001,4.0,121.94800000000001
2023-05-31,,,,,,,,,,,,,,15.0,21.316666666666666,85.87533333333334,4.0,188.45666666666665
2023-06-01,27.0,18.1,99.3,59.92,1065.0,4.0,,0.0,,,17.87,18.19,18.19,20.0,20.941499999999998,86.6445,4.0,137.1278
2023-06-02,28.71,17.3,98.3,54.96,1225.0,4.0,,0.0,,,16.93,17.3,17.3,24.0,19.596666666666668,86.7925,4.0,116.26354166666665
2023-06-03,28.37,14.53,99.6,50.51,1238.0,4.0,,0.0,,,16.15,16.54,16.54,24.0,19.285416666666666,87.47416666666668,4.0,118.19062500000001
2023-06-04,28.73,13.87,99.6,50.62,1288.0,4.0,,0.0,,,16.36,16.92,16.92,24.0,19.920416666666668,87.95583333333333,4.0,113.92575
2023-06-05,29.79,14.18,99.2,54.88,1192.0,4.0,,0.0,,,17.8,18.16,18.16,24.0,20.49083333333333,83.80666666666666,4.0,110.48529166666667
2023-06-06,29.26,14.51,98.9,48.68,1107.0,4.0,,0.0,,,18.63,20.84,20.84,24.0,20.770416666666666,88.46958333333333,4.0,75.27729166666667
2023-06-07,26.41,18.16,97.8,67.73,450.9,4.0,,0.0,,,17.51,18.16,18.16,21.0,21.009999999999998,85.27952380952381,4.0,126.38219047619047
2023-06-08,28.68,17.72,97.3,53.78,1159.0,4.0,,0.0,,,17.24,17.72,17.72,24.0,19.885833333333334,87.1825,4.0,110.67833333333334
2023-06-09,28.78,14.31,98.8,56.9,1125.0,4.0,,0.0,,,18.23,18.62,18.62,24.0,20.419999999999998,87.97375,4.0,111.59016666666666
2023-06-10,28.7,14.92,99.1,54.8,1122.0,4.0,,0.0,,,17.92,18.31,18.31,24.0,22.85083333333333,74.00583333333334,4.0,114.13275
2023-06-11,35.24,15.02,99.0,31.2,1200.0,4.0,,0.0,,,16.14,20.82,20.82,24.0,21.75375,77.88125000000001,4.0,46.810916666666664
2023-06-12,,,,,,,,,,,,,,1.0,14.96,98.9,4.0,76.17
2023-06-13,,,,,,,,,,,,,,2.0,13.129999999999999,92.35,4.0,88.9
2023-06-14,,,,,,,,,,,,,,2.0,16.05,99.0,4.0,93.205
2023-06-15,,,,,,,,,,,,,,6.0,20.900000000000002,95.63333333333333,4.0,180.57716666666667
2023-06-16,,,,,,,,,,,,,,13.0,21.583076923076923,60.051538461538456,4.0,220.26492307692308
2023-06-17,25.65,14.55,89.7,46.96,1326.0,4.0,,0.0,,,12.91,14.57,14.57,24.0,18.030416666666667,73.45083333333334,4.0,109.30833333333334
2023-06-18,26.73,12.36,93.4,42.07,1208.0,4.0,,0.0,,,10.28,17.31,17.31,24.0,15.935833333333333,72.70708333333333,4.0,117.160625
2023-06-19,23.14,11.98,93.3,48.98,1258.0,4.0,,0.0,,,10.96,11.99,11.99,24.0,14.87,85.13,4.0,103.506875
2023-06-20,22.31,10.12,97.8,54.82,962.0,4.0,,0.0,,,12.77,13.28,13.28,23.0,16.85608695652174,83.6,4.0,113.29104347826087
2023-06-21,26.1,14.33,95.2,48.26,1070.0,4.0,,0.0,,,13.42,14.33,14.33,24.0,17.342916666666667,89.24374999999999,4.0,74.53216666666667
2023-06-22,25.09,12.21,98.8,66.18,528.6,4.0,,0.0,,,17.4,18.53,18.53,17.0,20.877058823529413,89.75235294117647,4.0,118.70270588235293
2023-06-23,26.68,19.49,98.2,69.84,631.3,4.0,,0.0,,,19.49,19.77,19.77,9.0,21.155555555555555,89.86666666666666,4.0,112.47777777777777
2023-06-24,,,,,,,,,,,,,,13.0,24.135384615384616,77.50538461538461,4.0,191.63407692307692
2023-06-25,30.99,18.88,97.3,53.79,1032.0,4.0,,0.0,,,18.52,18.97,18.97,24.0,22.035833333333333,84.53416666666666,4.0,107.44862499999999
2023-06-26,33.17,18.48,96.5,44.47,1050.0,4.0,,0.0,,,17.94,18.49,18.49,24.0,21.184166666666666,85.14583333333333,4.0,107.05133333333333
2023-06-27,30.88,15.62,99.0,51.46,1055.0,4.0,,0.0,,,17.38,17.91,17.91,24.0,20.8525,86.14541666666668,4.0,108.48654166666665
2023-06-28,31.42,14.92,99.5,48.19,1087.0,4.0,,0.0,,,17.5,17.93,17.93,24.0,22.02125,77.77624999999999,4.0,113.31245833333332
2023-06-29,33.53,15.28,99.3,33.72,1178.0,4.0,,0.0,,,18.51,20.56,20.56,20.0,19.231,76.27799999999999,4.0,52.22825
2023-06-30,,,,,,,,,,,,,,10.0,20.415,78.169,4.0,166.2448
2023-07-01,,,,,,,,,,,,,,10.0,21.31,79.607,4.0,153.963
2023-07-02,,,,,,,,,,,,,,11.0,20.94,80.94181818181818,4.0,128.07954545454547
2023-07-03,,,,,,,,,,,,,,8.0,19.86,90.6,4.0,154.1775
2023-07-04,,,,,,,,,,,,,,15.0,18.83533333333333,85.284,4.0,139.77326666666667
2023-07-05,24.99,14.57,98.1,59.38,780.9,4.0,,0.0,,,14.25,14.63,14.63,19.0,18.801052631578948,85.68631578947368,4.0,142.0081052631579
2023-07-06,27.15,15.2,98.3,52.61,1160.0,4.0,,0.0,,,14.93,15.23,15.23,24.0,18.685,87.65499999999999,4.0,112.08387499999999
2023-07-07,29.61,17.05,98.8,48.02,1099.0,4.0,,0.0,,,16.9,17.09,17.09,22.0,18.899090909090912,92.49727272727273,4.0,62.33922727272727
2023-07-08,,,,,,,,,,,,,,10.0,22.269,84.93199999999999,4.0,122.2387
2023-07-09,,,,,,,,,,,,,,5.0,19.669999999999998,88.52000000000001,4.0,154.702
2023-07-10,,,,,,,,,,,,,,1.0,18.47,95.8,4.0,121.4
2023-07-12,,,,,,,,,,,,,,6.0,21.236666666666668,97.51666666666667,4.0,198.385
2023-07-13,,,,,,,,,,,,,,13.0,21.06,53.18615384615385,4.0,211.0253076923077
2023-07-14,24.65,16.77,73.31,40.54,1299.0,4.0,,0.0,,,10.24,17.07,17.07,21.0,16.617619047619048,66.0852380952381,4.0,141.84290476190478
2023-07-15,23.09,11.76,93.7,43.04,1416.0,4.0,,0.0,,,10.94,11.93,11.93,21.0,15.507142857142856,86.06142857142856,4.0,115.8532380952381
2023-07-16,23.17,13.97,97.3,61.11,1061.0,4.0,,0.0,,,13.96,14.39,14.39,20.0,18.4495,82.7355,4.0,153.48105
2023-07-17,26.52,17.21,93.1,49.6,1219.0,4.0,,0.0,,,16.07,17.91,17.91,11.0,18.12818181818182,85.71818181818182,4.0,47.460181818181816
2023-07-18,,,,,,,,,,,,,,1.0,12.72,100.0,4.0,78.78
2023-07-20,,,,,,,,,,,,,,10.0,18.407,94.52000000000001,4.0,164.587
2023-07-21,,,,,,,,,,,,,,10.0,20.535,92.12,4.0,158.28
2023-07-22,,,,,,,,,,,,,,14.0,20.893571428571427,89.73214285714286,4.0,136.65785714285715
2023-07-23,,,,,,,,,,,,,,15.0,22.182666666666666,86.05533333333332,4.0,208.55733333333333
2023-07-24,28.55,17.66,100.0,61.45,1305.0,4.0,,0.0,,,17.63,17.75,17.75,21.0,21.255714285714287,89.97714285714285,4.0,134.10880952380953
2023-07-25,28.54,18.59,99.6,67.06,1223.0,4.0,,0.0,,,19.02,19.19,19.19,22.0,20.768181818181816,91.88772727272728,4.0,114.78522727272728
2023-07-26,27.08,18.21,99.3,68.2,1005.0,4.0,,0.0,,,19.18,19.29,19.29,20.0,21.974,88.37100000000001,4.0,144.48700000000002
2023-07-27,29.46,18.9,99.1,54.77,1131.0,4.0,,0.0,,,18.87,19.02,19.02,8.0,19.235,94.675,4.0,12.5875
2023-07-28,,,,,,,,,,,,,,1.0,18.52,87.5,4.0,201.4
2023-07-29,,,,,,,,,,,,,,7.0,16.094285714285714,76.88571428571429,4.0,160.3857142857143
2023-07-30,,,,,,,,,,,,,,14.0,18.805,82.06285714285715,4.0,176.21857142857144
2023-07-31,24.38,14.05,98.7,61.49,1119.0,4.0,,0.0,,,14.01,14.25,14.25,19.0,18.865263157894738,84.19421052631579,4.0,170.89473684210526
2023-08-01,28.08,14.82,99.9,50.11,1586.0,4.0,,0.0,,,15.49,15.7,15.7,22.0,18.67818181818182,88.11227272727272,4.0,158.7709090909091
2023-08-02,27.69,15.05,100.0,52.53,1559.0,4.0,,0.0,,,15.71,15.86,15.86,23.0,18.420434782608698,91.02869565217391,4.0,156.28139130434784
2023-08-03,28.22,14.27,99.8,59.53,1664.0,4.0,,0.0,,,16.08,16.14,16.14,23.0,21.745652173913044,78.78260869565217,4.0,143.95247826086958
2023-08-04,32.44,18.63,92.4,37.82,1620.0,4.0,,0.0,,,18.21,20.16,20.16,24.0,21.547083333333333,86.16041666666666,4.0,146.05454166666667
2023-08-05,28.59,18.05,98.6,56.92,1629.0,4.0,,0.0,,,17.82,18.05,18.05,24.0,20.380416666666665,88.05250000000001,4.0,130.46341666666666
2023-08-06,27.89,16.02,100.0,61.46,1369.0,4.0,,0.0,,,18.11,19.32,19.32,24.0,21.121666666666666,85.59666666666668,4.0,143.83495833333333
2023-08-07,27.96,17.87,98.1,61.34,1538.0,4.0,,0.0,,,17.6,17.89,17.89,24.0,19.97214285714286,75.22166666666666,4.0,96.352875
2023-08-08,,,100.0,52.06,963.0,4.0,,0.0,,,,,,24.0,,53.48,4.0,33.52375
2023-08-09,,,,,,,,,,,,,,2.0,,0.0,,75.14
2023-08-10,,,,,,,,,,,,,,5.0,,0.0,,154.11999999999998
2023-08-11,,,,,,,,,,,,,,3.0,,0.0,,114.00999999999999
2023-08-12,,,,,,,,,,,,,,2.0,,0.0,,102.83
2023-08-13,,,,,,,,,,,,,,6.0,,0.0,,148.71666666666667
2023-08-14,,,,,,,,,,,,,,15.0,,0.0,,163.942
2023-08-15,,,0.0,0.0,767.8,,,0.0,,,,,,24.0,,0.0,,175.250375
2023-08-16,,,0.0,0.0,2134.0,,,0.0,,,,,,24.0,,0.0,,117.12533333333333
2023-08-17,,,0.0,0.0,1186.0,,,0.0,,,,,,24.0,,0.0,,91.04391666666668
2023-08-18,,,0.0,0.0,570.0,,,0.0,,,,,,24.0,,0.0,,164.25141666666667
2023-08-19,,,0.0,0.0,1908.0,,,0.0,,,,,,24.0,,0.0,,139.91004166666667
2023-08-20,,,0.0,0.0,1408.0,,,0.0,,,,,,24.0,,0.0,,128.65129166666668
2023-08-21,,,0.0,0.0,1381.0,,,0.0,,,,,,24.0,,0.0,,164.81370833333332
2023-08-22,,,0.0,0.0,2132.0,,,0.0,,,,,,24.0,,0.0,,146.80083333333332
2023-08-23,,,0.0,0.0,1577.0,,,0.0,,,,,,24.0,,0.0,,166.85425
2023-08-24,,,0.0,0.0,1999.0,,,0.0,,,,,,24.0,,0.0,,41.499125
2023-08-25,,,0.0,0.0,116.9,,,0.0,,,,,,16.0,,0.0,,26.793999999999997
2023-08-26,,,,,,,,,,,,,,16.0,,0.0,,264.506125
2023-08-27,,,0.0,0.0,2039.0,,,0.0,,,,,,24.0,,0.0,,53.78816666666666
2023-08-28,,,0.0,0.0,235.9,,,0.0,,,,,,22.0,,0.0,,58.95204545454545
2023-08-29,,,,,,,,,,,,,,16.0,,0.0,,126.449875
2023-08-30,,,,,,,,,,,,,,14.0,,0.0,,300.62478571428574
2023-08-31,,,0.0,0.0,2457.0,,,0.0,,,,,,24.0,,0.0,,210.12099999999998
2023-09-01,,,0.0,0.0,2931.0,,,0.0,,,,,,24.0,,0.0,,195.573125
2023-09-02,,,0.0,0.0,2706.0,,,0.0,,,,,,24.0,,0.0,,20.832708333333333
2023-09-03,,,0.0,0.0,27.41,,,0.0,,,,,,22.0,,0.0,,158.70531818181817
2023-09-04,,,0.0,0.0,1557.0,,,0.0,,,,,,24.0,,0.0,,128.26779166666668
2023-09-05,,,0.0,0.0,1630.0,,,0.0,,,,,,24.0,,0.0,,110.29829166666667
2023-09-06,,,0.0,0.0,852.0,,,0.0,,,,,,24.0,,0.0,,55.482875
2023-09-07,,,0.0,0.0,181.6,,,0.0,,,,,,16.0,,0.0,,76.748625
2023-09-08,,,,,,,,,,,,,,15.0,,0.0,,246.7932
2023-09-09,,,0.0,0.0,1898.0,,,0.0,,,,,,24.0,,0.0,,65.59754166666667
2023-09-10,,,0.0,0.0,259.8,,,0.0,,,,,,21.0,,0.0,,109.07290476190477
2023-09-11,,,0.0,0.0,645.4,,,0.0,,,,,,18.0,,0.0,,237.13805555555552
2023-09-12,,,0.0,0.0,2139.0,,,0.0,,,,,,24.0,,0.0,,159.767375
2023-09-13,,,0.0,0.0,1839.0,,,0.0,,,,,,24.0,,0.0,,96.91858333333333
2023-09-14,,,0.0,0.0,762.0,,,0.0,,,,,,24.0,,0.0,,183.18429166666667
2023-09-15,,,0.0,0.0,2283.0,,,0.0,,,,,,24.0,,0.0,,60.74770833333333
2023-09-16,,,0.0,0.0,238.7,,,0.0,,,,,,24.0,,0.0,,247.86833333333334
2023-09-17,,,0.0,0.0,3870.0,,,0.0,,,,,,24.0,,0.0,,250.11070833333335
2023-09-18,,,0.0,0.0,3752.0,,,0.0,,,,,,24.0,,0.0,,235.8060416666667
2023-09-19,,,0.0,0.0,0.0,,,0.0,,,,,,24.0,,0.0,,204.27925000000002
2023-09-20,,,0.0,0.0,3005.0,,,0.0,,,,,,24.0,,0.0,,217.55504166666665
2023-09-21,,,0.0,0.0,3153.0,,,0.0,,,,,,24.0,,0.0,,195.207
2023-09-22,,,0.0,0.0,2673.0,,,0.0,,,,,,24.0,,0.0,,140.52620833333333
2023-09-23,,,0.0,0.0,1847.0,,,0.0,,,,,,24.0,,0.0,,148.78475
2023-09-24,,,0.0,0.0,1909.0,,,0.0,,,,,,24.0,,0.0,,199.59550000000002
2023-09-25,,,0.0,0.0,2922.0,,,0.0,,,,,,24.0,,0.0,,37.887458333333335
2023-09-26,,,0.0,0.0,77.27,,,0.0,,,,,,24.0,,0.0,,102.773125
2023-09-27,,,0.0,0.0,905.0,,,0.0,,,,,,24.0,,0.0,,70.9455
2023-09-28,,,0.0,0.0,405.5,,,0.0,,,,,,24.0,,0.0,,105.95549999999999
2023-09-29,,,0.0,0.0,695.7,,,0.0,,,,,,24.0,,0.0,,62.515208333333334
2023-09-30,,,0.0,0.0,272.0,,,0.0,,,,,,24.0,,0.0,,32.70025
2023-10-01,,,0.0,0.0,71.07,,,0.0,,,,,,24.0,,0.0,,66.95270833333333
2023-10-02,,,0.0,0.0,364.0,,,0.0,,,,,,13.0,,0.0,,66.10269230769231
2023-10-03,,,,,,,,,,,,,,16.0,,0.0,,118.66012500000001
2023-10-04,,,0.0,0.0,360.4,,,0.0,,,,,,4.0,,0.0,,70.735
2023-10-05,,,,,,,,,,,,,,8.0,,0.0,,104.62875
2023-10-06,,,,,,,,,,,,,,13.0,,0.0,,121.65592307692307
2023-10-07,,,,,,,,,,,,,,4.0,,0.0,,96.8275
2023-10-08,,,,,,,,,,,,,,3.0,,0.0,,87.07333333333334
2023-10-09,,,,,,,,,,,,,,17.0,,0.0,,189.75935294117647
2023-10-10,,,0.0,0.0,1349.0,,,0.0,,,,,,24.0,,0.0,,132.9247083333333
2023-10-11,,,0.0,0.0,1125.0,,,0.0,,,,,,24.0,,0.0,,236.42966666666666
2023-10-12,,,0.0,0.0,3635.0,,,0.0,,,,,,24.0,,0.0,,12.947375000000001
2023-10-13,,,0.0,0.0,13.4,,,0.0,,,,,,19.0,,0.0,,47.63399999999999
2023-10-14,,,,,,,,,,,,,,13.0,,0.0,,118.72900000000001
2023-10-15,,,,,,,,,,,,,,16.0,,0.0,,133.646875
2023-10-16,,,0.0,0.0,504.0,,,0.0,,,,,,16.0,,0.0,,97.14393749999999
2023-10-17,,,,,,,,,,,,,,10.0,,0.0,,112.678
2023-10-18,,,,,,,,,,,,,,16.0,,0.0,,219.4685
2023-10-19,,,0.0,0.0,1340.0,,,0.0,,,,,,24.0,,0.0,,39.26195833333333
2023-10-20,,,0.0,0.0,96.8,,,0.0,,,,,,19.0,,0.0,,121.59931578947369
2023-10-21,,,0.0,0.0,901.0,,,0.0,,,,,,24.0,,0.0,,94.35416666666667
2023-10-22,,,0.0,0.0,623.1,,,0.0,,,,,,20.0,,0.0,,156.3722
2023-10-23,,,0.0,0.0,1208.0,,,0.0,,,,,,24.0,,0.0,,164.34475
2023-10-24,,,0.0,0.0,2134.0,,,0.0,,,,,,24.0,,0.0,,184.96945833333334
2023-10-25,,,0.0,0.0,2535.0,,,0.0,,,,,,24.0,,0.0,,74.45604166666668
2023-10-26,,,0.0,0.0,387.4,,,0.0,,,,,,24.0,,0.0,,50.483916666666666
2023-10-27,,,0.0,0.0,0.0,,,0.0,,,,,,10.0,,0.0,,96.451
2023-10-28,,,,,,,,,,,,,,3.0,,0.0,,71.81333333333333
2023-10-29,,,,,,,,,,,,,,14.0,,0.0,,239.63814285714287
2023-10-30,,,0.0,0.0,1740.0,,,0.0,,,,,,24.0,,0.0,,134.22066666666666
2023-10-31,,,0.0,0.0,1636.0,,,0.0,,,,,,20.0,,0.0,,37.9461
2023-11-01,,,,,,,,,,,,,,15.0,,0.0,,126.46513333333334
2023-11-02,,,,,,,,,,,,,,12.0,,0.0,,131.30666666666667
2023-11-03,,,,,,,,,,,,,,11.0,,0.0,,137.59181818181818
2023-11-04,,,0.0,0.0,530.9,,,0.0,,,,,,18.0,,0.0,,457.3766666666667
2023-11-05,,,0.0,0.0,6466.0,,,0.0,,,,,,24.0,,0.0,,330.302125
2023-11-06,,,0.0,0.0,6241.0,,,0.0,,,,,,24.0,,0.0,,190.69608333333335
2023-11-07,,,0.0,0.0,2503.0,,,0.0,,,,,,24.0,,0.0,,279.406625
2023-11-08,,,0.0,0.0,4741.0,,,0.0,,,,,,24.0,,0.0,,279.174875
2023-11-09,,,0.0,0.0,4751.0,,,0.0,,,,,,24.0,,0.0,,186.13066666666668
2023-11-10,,,0.0,0.0,2202.0,,,0.0,,,,,,24.0,,0.0,,30.580083333333334
2023-11-11,,,0.0,0.0,60.52,,,0.0,,,,,,24.0,,0.0,,177.84345833333336
2023-11-12,,,0.0,0.0,1759.0,,,0.0,,,,,,24.0,,0.0,,245.19633333333334
2023-11-13,,,0.0,0.0,3947.0,,,0.0,,,,,,24.0,,0.0,,97.88912499999999
2023-11-14,,,0.0,0.0,899.0,,,0.0,,,,,,24.0,,0.0,,56.31816666666666
2023-11-15,,,0.0,0.0,269.5,,,0.0,,,,,,24.0,,0.0,,112.96966666666667
2023-11-16,,,0.0,0.0,809.0,,,0.0,,,,,,24.0,,0.0,,41.40991666666667
2023-11-17,,,0.0,0.0,113.6,,,0.0,,,,,,14.0,,0.0,,65.49292857142856
2023-11-18,,,,,,,,,,,,,,16.0,,0.0,,230.3949375
2023-11-19,,,0.0,0.0,1932.0,,,0.0,,,,,,24.0,,0.0,,93.53925
2023-11-20,,,0.0,0.0,543.3,,,0.0,,,,,,24.0,,0.0,,94.01908333333334
2023-11-21,,,0.0,0.0,660.3,,,0.0,,,,,,24.0,,0.0,,267.6130416666667
2023-11-22,,,0.0,0.0,4364.0,,,0.0,,,,,,24.0,,0.0,,132.14216666666667
2023-11-23,,,0.0,0.0,1556.0,,,0.0,,,,,,24.0,,0.0,,33.64841666666667
2023-11-24,,,,,,,,,,,,,,17.0,,0.0,,424.1123529411765
2023-11-25,,,0.0,0.0,5165.0,,,0.0,,,,,,24.0,,0.0,,170.00333333333333
2023-11-26,,,0.0,0.0,1971.0,,,0.0,,,,,,24.0,,0.0,,83.68041666666666
2023-11-27,,,0.0,0.0,388.5,,,0.0,,,,,,24.0,,0.0,,61.48225
2023-11-28,,,0.0,0.0,227.5,,,0.0,,,,,,13.0,,0.0,,93.5023076923077
2023-11-29,,,,,,,,,,,,,,16.0,,0.0,,390.50124999999997
2023-11-30,,,0.0,0.0,3755.0,,,0.0,,,,,,24.0,,0.0,,301.759
2023-12-01,,,0.0,0.0,5460.0,,,0.0,,,,,,24.0,,0.0,,132.41725
2023-12-02,,,0.0,0.0,1025.0,,,0.0,,,,,,24.0,,0.0,,224.5209583333333
2023-12-03,,,0.0,0.0,2984.0,,,0.0,,,,,,24.0,,0.0,,117.40745833333334
2023-12-04,,,0.0,0.0,1174.0,,,0.0,,,,,,24.0,,0.0,,104.66066666666667
2023-12-05,,,0.0,0.0,938.0,,,0.0,,,,,,24.0,,0.0,,52.3265
2023-12-06,,,0.0,0.0,161.5,,,0.0,,,,,,24.0,,0.0,,193.71366666666665
2023-12-07,,,0.0,0.0,2752.0,,,0.0,,,,,,24.0,,0.0,,137.418375
2023-12-08,,,0.0,0.0,1188.0,,,0.0,,,,,,24.0,,0.0,,54.721125
2023-12-09,,,0.0,0.0,177.3,,,0.0,,,,,,24.0,,0.0,,66.37191666666666
2023-12-10,,,0.0,0.0,396.8,,,0.0,,,,,,24.0,,0.0,,55.872875
2023-12-11,,,0.0,0.0,0.0,,,0.0,,,,,,16.0,,0.0,,170.00675
2023-12-12,,,0.0,0.0,947.0,,,0.0,,,,,,24.0,,0.0,,270.8834166666667
2023-12-13,,,0.0,0.0,4639.0,,,0.0,,,,,,24.0,,0.0,,343.46108333333336
2023-12-14,,,0.0,0.0,6451.0,,,0.0,,,,,,24.0,,0.0,,326.61983333333336
2023-12-15,,,0.0,0.0,5752.0,,,0.0,,,,,,24.0,,0.0,,317.128875
2023-12-16,,,0.0,0.0,5544.0,,,0.0,,,,,,24.0,,0.0,,277.4992916666667
2023-12-17,,,0.0,0.0,4717.0,,,0.0,,,,,,24.0,,0.0,,151.40824999999998
2023-12-18,,,0.0,0.0,1442.0,,,0.0,,,,,,24.0,,0.0,,299.8521666666667
2023-12-19,,,0.0,0.0,5410.0,,,0.0,,,,,,24.0,,0.0,,304.3425416666667
2023-12-20,,,0.0,0.0,5276.0,,,0.0,,,,,,24.0,,0.0,,295.21595833333333
2023-12-21,,,0.0,0.0,5269.0,,,0.0,,,,,,24.0,,0.0,,270.4760416666667
2023-12-22,,,0.0,0.0,4670.0,,,0.0,,,,,,24.0,,0.0,,332.6737083333333
2023-12-23,,,0.0,0.0,6138.0,,,0.0,,,,,,24.0,,0.0,,128.46329166666666
2023-12-24,,,0.0,0.0,1000.0,,,0.0,,,,,,24.0,,0.0,,225.261
2023-12-25,,,0.0,0.0,3763.0,,,0.0,,,,,,24.0,,0.0,,228.220375
2023-12-26,,,0.0,0.0,3123.0,,,0.0,,,,,,24.0,,0.0,,340.04991666666666
2023-12-27,,,0.0,0.0,6404.0,,,0.0,,,,,,24.0,,0.0,,121.17883333333333
2023-12-28,,,0.0,0.0,885.0,,,0.0,,,,,,24.0,,0.0,,338.152125
2023-12-29,,,0.0,0.0,6191.0,,,0.0,,,,,,24.0,,0.0,,230.87912500000002
2023-12-30,,,0.0,0.0,2912.0,,,0.0,,,,,,24.0,,0.0,,330.9855
2023-12-31,,,0.0,0.0,5853.0,,,0.0,,,,,,24.0,,0.0,,96.20687500000001
2024-01-01,,,0.0,0.0,692.2,,,0.0,,,,,,24.0,,0.0,,139.858
2024-01-02,,,0.0,0.0,1412.0,,,0.0,,,,,,24.0,,0.0,,276.95520833333336
2024-01-03,,,0.0,0.0,5024.0,,,0.0,,,,,,24.0,,0.0,,83.00916666666667
2024-01-04,,,0.0,0.0,391.6,,,0.0,,,,,,24.0,,0.0,,135.287875
2024-01-05,,,0.0,0.0,1079.0,,,0.0,,,,,,24.0,,0.0,,151.55783333333332
2024-01-06,,,0.0,0.0,1808.0,,,0.0,,,,,,24.0,,0.0,,171.009625
2024-01-07,,,0.0,0.0,1996.0,,,0.0,,,,,,24.0,,0.0,,295.88208333333336
2024-01-08,,,0.0,0.0,5048.0,,,0.0,,,,,,24.0,,0.0,,327.8192916666667
2024-01-09,,,0.0,0.0,5723.0,,,0.0,,,,,,24.0,,0.0,,285.1542083333333
2024-01-10,,,0.0,0.0,5336.0,,,0.0,,,,,,24.0,,0.0,,299.840625
2024-01-11,,,0.0,0.0,5129.0,,,0.0,,,,,,24.0,,0.0,,238.266375
2024-01-12,,,0.0,0.0,3833.0,,,0.0,,,,,,24.0,,0.0,,52.571875
2024-01-13,,,0.0,0.0,181.5,,,0.0,,,,,,24.0,,0.0,,74.31575
2024-01-14,,,0.0,0.0,288.5,,,0.0,,,,,,24.0,,0.0,,339.25008333333335
2024-01-15,,,0.0,0.0,6222.0,,,0.0,,,,,,24.0,,0.0,,183.78599999999997
2024-01-16,,,0.0,0.0,2917.0,,,0.0,,,,,,24.0,,0.0,,284.898125
2024-01-17,,,0.0,0.0,5328.0,,,0.0,,,,,,24.0,,0.0,,147.681625
2024-01-18,,,0.0,0.0,1533.0,,,0.0,,,,,,24.0,,0.0,,53.672666666666665
2024-01-19,,,0.0,0.0,184.9,,,0.0,,,,,,24.0,,0.0,,281.8143333333333
2024-01-20,,,0.0,0.0,5031.0,,,0.0,,,,,,24.0,,0.0,,197.65599999999998
2024-01-21,,,0.0,0.0,3276.0,,,0.0,,,,,,24.0,,0.0,,137.00754166666667
2024-01-22,,,0.0,0.0,1470.0,,,0.0,,,,,,24.0,,0.0,,47.283791666666666
2024-01-23,,,0.0,0.0,148.6,,,0.0,,,,,,24.0,,0.0,,64.07916666666667
2024-01-24,,,0.0,0.0,272.5,,,0.0,,,,,,24.0,,0.0,,63.202041666666666
2024-01-25,,,0.0,0.0,255.6,,,0.0,,,,,,24.0,,0.0,,86.02416666666666
2024-01-26,,,0.0,0.0,399.7,,,0.0,,,,,,24.0,,0.0,,95.34891666666668
2024-01-27,,,0.0,0.0,751.8,,,0.0,,,,,,24.0,,0.0,,195.67508333333333
2024-01-28,,,0.0,0.0,2755.0,,,0.0,,,,,,24.0,,0.0,,160.233625
2024-01-29,,,0.0,0.0,2348.0,,,0.0,,,,,,24.0,,0.0,,235.43920833333334
2024-01-30,,,0.0,0.0,3869.0,,,0.0,,,,,,24.0,,0.0,,329.19079166666666
2024-01-31,,,0.0,0.0,5939.0,,,0.0,,,,,,24.0,,0.0,,117.56487499999999
2024-02-01,,,0.0,0.0,882.0,,,0.0,,,,,,24.0,,0.0,,117.60341666666666
2024-02-02,,,0.0,0.0,1044.0,,,0.0,,,,,,24.0,,0.0,,64.31712499999999
2024-02-03,,,0.0,0.0,227.1,,,0.0,,,,,,24.0,,0.0,,305.24566666666664
2024-02-04,,,0.0,0.0,5335.0,,,0.0,,,,,,24.0,,0.0,,222.49916666666664
2024-02-05,,,0.0,0.0,3720.0,,,0.0,,,,,,24.0,,0.0,,303.2520416666667
2024-02-06,,,0.0,0.0,5310.0,,,0.0,,,,,,24.0,,0.0,,279.51304166666665
2024-02-07,,,0.0,0.0,4690.0,,,0.0,,,,,,24.0,,0.0,,293.3577916666667
2024-02-08,,,0.0,0.0,4752.0,,,0.0,,,,,,24.0,,0.0,,292.690625
2024-02-09,,,0.0,0.0,5174.0,,,0.0,,,,,,24.0,,0.0,,293.58625
2024-02-10,,,0.0,0.0,5244.0,,,0.0,,,,,,24.0,,0.0,,274.276375
2024-02-11,,,0.0,0.0,4761.0,,,0.0,,,,,,24.0,,0.0,,294.19641666666666
2024-02-12,,,0.0,0.0,5365.0,,,0.0,,,,,,24.0,,0.0,,308.7055
2024-02-13,,,0.0,0.0,5216.0,,,0.0,,,,,,24.0,,0.0,,200.030625
2024-02-14,,,0.0,0.0,3446.0,,,0.0,,,,,,24.0,,0.0,,40.718833333333336
2024-02-15,,,0.0,0.0,91.4,,,0.0,,,,,,24.0,,0.0,,88.643625
2024-02-16,,,0.0,0.0,446.6,,,0.0,,,,,,24.0,,0.0,,90.32145833333334
2024-02-17,,,0.0,0.0,898.0,,,0.0,,,,,,24.0,,0.0,,107.32895833333333
2024-02-18,,,0.0,0.0,657.3,,,0.0,,,,,,24.0,,0.0,,123.24491666666667
2024-02-19,,,0.0,0.0,1377.0,,,0.0,,,,,,24.0,,0.0,,264.02725
2024-02-20,,,0.0,0.0,4886.0,,,0.0,,,,,,24.0,,0.0,,84.41845833333333
2024-02-21,,,0.0,0.0,478.0,,,0.0,,,,,,24.0,,0.0,,68.232625
2024-02-22,,,0.0,0.0,274.4,,,0.0,,,,,,24.0,,0.0,,124.13433333333334
2024-02-23,,,0.0,0.0,973.0,,,0.0,,,,,,24.0,,0.0,,214.012125
2024-02-24,,,0.0,0.0,3701.0,,,0.0,,,,,,24.0,,0.0,,184.02283333333332
2024-02-25,,,0.0,0.0,3004.0,,,0.0,,,,,,24.0,,0.0,,37.431625000000004
2024-02-26,,,0.0,0.0,94.0,,,0.0,,,,,,24.0,,0.0,,78.18204166666668
2024-02-27,,,0.0,0.0,354.3,,,0.0,,,,,,24.0,,0.0,,112.86508333333335
2024-02-28,,,0.0,0.0,922.0,,,0.0,,,,,,24.0,,0.0,,208.02762500000003
2024-02-29,,,0.0,0.0,3216.0,,,0.0,,,,,,24.0,,0.0,,186.25258333333332
2024-03-01,,,0.0,0.0,2812.0,,,0.0,,,,,,24.0,,0.0,,196.65841666666665
2024-03-02,,,0.0,0.0,2722.0,,,0.0,,,,,,24.0,,0.0,,247.90591666666668
2024-03-03,,,0.0,0.0,4312.0,,,0.0,,,,,,24.0,,0.0,,278.6836666666667
2024-03-04,,,0.0,0.0,4475.0,,,0.0,,,,,,24.0,,0.0,,132.09754166666667
2024-03-05,,,0.0,0.0,1320.0,,,0.0,,,,,,24.0,,0.0,,31.897291666666664
2024-03-06,,,0.0,0.0,65.6,,,0.0,,,,,,24.0,,0.0,,49.100833333333334
2024-03-07,,,0.0,0.0,134.0,,,0.0,,,,,,24.0,,0.0,,109.069125
2024-03-08,,,0.0,0.0,822.0,,,0.0,,,,,,24.0,,0.0,,42.698
2024-03-09,,,0.0,0.0,172.6,,,0.0,,,,,,24.0,,0.0,,174.8685833333333
2024-03-10,,,0.0,0.0,1988.0,,,0.0,,,,,,24.0,,0.0,,239.54770833333336
2024-03-11,,,0.0,0.0,3839.0,,,0.0,,,,,,24.0,,0.0,,191.25579166666668
2024-03-12,,,0.0,0.0,2938.0,,,0.0,,,,,,24.0,,0.0,,226.57954166666664
2024-03-13,,,0.0,0.0,4007.0,,,0.0,,,,,,24.0,,0.0,,267.88891666666666
2024-03-14,,,0.0,0.0,4470.0,,,0.0,,,,,,24.0,,0.0,,248.91025000000002
2024-03-15,,,0.0,0.0,3882.0,,,0.0,,,,,,24.0,,0.0,,193.00404166666667
2024-03-16,,,0.0,0.0,2384.0,,,0.0,,,,,,24.0,,0.0,,186.25870833333332
2024-03-17,,,0.0,0.0,2697.0,,,0.0,,,,,,24.0,,0.0,,132.73595833333334
2024-03-18,,,0.0,0.0,1476.0,,,0.0,,,,,,24.0,,0.0,,121.38525
2024-03-19,,,0.0,0.0,1092.0,,,0.0,,,,,,24.0,,0.0,,147.20795833333332
2024-03-20,,,0.0,0.0,1770.0,,,0.0,,,,,,24.0,,0.0,,177.54229166666667
2024-03-21,,,0.0,0.0,2370.0,,,0.0,,,,,,24.0,,0.0,,146.52245833333333
2024-03-22,,,0.0,0.0,2043.0,,,0.0,,,,,,24.0,,0.0,,143.4015
2024-03-23,,,0.0,0.0,1542.0,,,0.0,,,,,,24.0,,0.0,,83.57541666666667
2024-03-24,,,0.0,0.0,495.4,,,0.0,,,,,,24.0,,0.0,,92.911625
2024-03-25,,,0.0,0.0,610.5,,,0.0,,,,,,24.0,,0.0,,183.977875
2024-03-26,,,0.0,0.0,2683.0,,,0.0,,,,,,24.0,,0.0,,88.02579166666668
2024-03-27,,,0.0,0.0,557.6,,,0.0,,,,,,24.0,,0.0,,169.00579166666668
2024-03-28,,,0.0,0.0,2286.0,,,0.0,,,,,,24.0,,0.0,,217.07595833333335
2024-03-29,,,0.0,0.0,3179.0,,,0.0,,,,,,24.0,,0.0,,149.98254166666666
2024-03-30,,,0.0,0.0,1819.0,,,0.0,,,,,,24.0,,0.0,,188.54670833333333
2024-03-31,,,0.0,0.0,2632.0,,,0.0,,,,,,24.0,,0.0,,177.51620833333334
2024-04-01,,,0.0,0.0,2536.0,,,0.0,,,,,,24.0,,0.0,,110.26104166666666
2024-04-02,,,0.0,0.0,990.0,,,0.0,,,,,,24.0,,0.0,,182.00549999999998
2024-04-03,,,0.0,0.0,2545.0,,,0.0,,,,,,24.0,,0.0,,65.500125
2024-04-04,,,0.0,0.0,336.9,,,0.0,,,,,,24.0,,0.0,,151.42329166666667
2024-04-05,,,0.0,0.0,1590.0,,,0.0,,,,,,24.0,,0.0,,128.30158333333333
2024-04-06,,,0.0,0.0,1455.0,,,0.0,,,,,,24.0,,0.0,,32.532833333333336
2024-04-07,,,0.0,0.0,60.62,,,0.0,,,,,,24.0,,0.0,,65.76283333333333
2024-04-08,,,0.0,0.0,262.3,,,0.0,,,,,,24.0,,0.0,,41.28275
2024-04-09,,,0.0,0.0,175.9,,,0.0,,,,,,24.0,,0.0,,158.57270833333334
2024-04-10,,,0.0,0.0,2020.0,,,0.0,,,,,,24.0,,0.0,,132.881125
2024-04-11,,,0.0,0.0,1376.0,,,0.0,,,,,,24.0,,0.0,,61.018375
2024-04-12,,,0.0,0.0,271.6,,,0.0,,,,,,24.0,,0.0,,74.49929166666666
2024-04-13,,,0.0,0.0,639.0,,,0.0,,,,,,24.0,,0.0,,55.11416666666667
2024-04-14,,,0.0,0.0,198.6,,,0.0,,,,,,24.0,,0.0,,30.475833333333338
2024-04-15,,,0.0,0.0,82.4,,,0.0,,,,,,24.0,,0.0,,41.90170833333333
2024-04-16,,,0.0,0.0,113.6,,,0.0,,,,,,24.0,,0.0,,42.21029166666667
2024-04-17,,,0.0,0.0,131.3,,,0.0,,,,,,24.0,,0.0,,154.36175
2024-04-18,,,0.0,0.0,1799.0,,,0.0,,,,,,24.0,,0.0,,166.41554166666666
2024-04-19,,,0.0,0.0,2279.0,,,0.0,,,,,,24.0,,0.0,,152.16620833333334
2024-04-20,,,0.0,0.0,1988.0,,,0.0,,,,,,24.0,,0.0,,141.34595833333333
2024-04-21,,,0.0,0.0,1892.0,,,0.0,,,,,,24.0,,0.0,,153.37275
2024-04-22,,,0.0,0.0,1987.0,,,0.0,,,,,,24.0,,0.0,,124.00945833333333
2024-04-23,,,0.0,0.0,1451.0,,,0.0,,,,,,24.0,,0.0,,94.739875
2024-04-24,,,0.0,0.0,839.0,,,0.0,,,,,,24.0,,0.0,,118.39416666666666
2024-04-25,,,0.0,0.0,1277.0,,,0.0,,,,,,24.0,,0.0,,25.067666666666668
2024-04-26,,,0.0,0.0,42.22,,,0.0,,,,,,24.0,,0.0,,66.37395833333333
2024-04-27,,,0.0,0.0,334.1,,,0.0,,,,,,24.0,,0.0,,135.93133333333333
2024-04-28,,,0.0,0.0,1558.0,,,0.0,,,,,,24.0,,0.0,,18.841041666666666
2024-04-29,,,0.0,0.0,26.05,,,0.0,,,,,,24.0,,0.0,,52.465624999999996
2024-04-30,,,0.0,0.0,168.0,,,0.0,,,,,,24.0,,0.0,,85.97004166666666
2024-05-01,,,0.0,0.0,601.1,,,0.0,,,,,,24.0,,0.0,,115.32245833333333
2024-05-02,,,0.0,0.0,1158.0,,,0.0,,,,,,24.0,,0.0,,70.786625
2024-05-03,,,0.0,0.0,490.6,,,0.0,,,,,,24.0,,0.0,,50.884083333333336
2024-05-04,,,0.0,0.0,183.3,,,0.0,,,,,,24.0,,0.0,,108.56154166666666
2024-05-05,,,0.0,0.0,945.0,,,0.0,,,,,,24.0,,0.0,,109.81554166666666
2024-05-06,,,0.0,0.0,963.0,,,0.0,,,,,,24.0,,0.0,,126.21929166666666
2024-05-07,,,0.0,0.0,1286.0,,,0.0,,,,,,24.0,,0.0,,113.18883333333333
2024-05-08,,,0.0,0.0,1172.0,,,0.0,,,,,,24.0,,0.0,,105.04245833333334
2024-05-09,,,0.0,0.0,993.0,,,0.0,,,,,,24.0,,0.0,,22.41525
2024-05-10,,,0.0,0.0,32.53,,,0.0,,,,,,24.0,,0.0,,62.42995833333333
2024-05-11,,,0.0,0.0,344.7,,,0.0,,,,,,24.0,,0.0,,102.11325
2024-05-12,,,0.0,0.0,883.0,,,0.0,,,,,,24.0,,0.0,,111.55908333333333
2024-05-13,,,0.0,0.0,996.0,,,0.0,,,,,,24.0,,0.0,,42.98466666666667
2024-05-14,,,0.0,0.0,160.1,,,0.0,,,,,,24.0,,0.0,,27.524124999999998
2024-05-15,,,0.0,0.0,48.87,,,0.0,,,,,,24.0,,0.0,,40.328125
2024-05-16,,,0.0,0.0,124.1,,,0.0,,,,,,24.0,,0.0,,56.53104166666666
2024-05-17,,,0.0,0.0,254.2,,,0.0,,,,,,24.0,,0.0,,22.65925
2024-05-18,,,0.0,0.0,31.15,,,0.0,,,,,,24.0,,0.0,,23.09091666666667
2024-05-19,,,0.0,0.0,41.47,,,0.0,,,,,,10.0,,0.0,,38.628
2024-05-20,,,,,,,,,,,,,,12.0,,0.0,,209.25983333333332
2024-05-21,,,0.0,0.0,1243.0,,,0.0,,,,,,24.0,,0.0,,63.759083333333336
2024-05-22,,,0.0,0.0,295.6,,,0.0,,,,,,24.0,,0.0,,99.002
2024-05-23,,,0.0,0.0,803.0,,,0.0,,,,,,24.0,,0.0,,99.58675
2024-05-24,,,0.0,0.0,822.0,,,0.0,,,,,,24.0,,0.0,,29.560333333333332
2024-05-25,,,0.0,0.0,78.4,,,0.0,,,,,,24.0,,0.0,,64.55404166666666
2024-05-26,,,0.0,0.0,534.8,,,0.0,,,,,,24.0,,0.0,,27.856041666666666
2024-05-27,,,0.0,0.0,53.53,,,0.0,,,,,,12.0,,0.0,,14.842333333333334
2024-05-28,,,,,,,,,,,,,,12.0,,0.0,,209.89666666666668
2024-05-29,,,0.0,0.0,1185.0,,,0.0,,,,,,24.0,,0.0,,107.31733333333334
2024-05-30,,,0.0,0.0,1164.0,,,0.0,,,,,,24.0,,0.0,,106.26933333333334
2024-05-31,,,0.0,0.0,1133.0,,,0.0,,,,,,24.0,,0.0,,98.73595833333333
2024-06-01,,,0.0,0.0,991.0,,,0.0,,,,,,24.0,,0.0,,85.193375
2024-06-02,,,0.0,0.0,671.1,,,0.0,,,,,,24.0,,0.0,,101.63675
2024-06-03,,,0.0,0.0,971.0,,,0.0,,,,,,24.0,,0.0,,77.25270833333333
2024-06-04,,,0.0,0.0,701.7,,,0.0,,,,,,24.0,,0.0,,37.81975
2024-06-05,,,0.0,0.0,96.0,,,0.0,,,,,,24.0,,0.0,,102.220125
2024-06-06,,,0.0,0.0,882.0,,,0.0,,,,,,9.0,,0.0,,1.5723333333333334
