date,temp_max,temp_min,umid_max,umid_min,solar_total,gust_max,gust_dir,prec,dewpoint,heat_index,wind_chill,n_hours,temp_mean,umid_mean,ws_mean,pressure_mean,solar_mean
2011-03-16,28.4,20.54,89.6,51.69,,,,,,,,,,,,,
2011-03-17,30.22,18.37,99.7,47.28,,,,,,,,,,,,,
2011-03-18,29.31,20.22,98.9,51.81,,,,,,,,,,,,,
2011-03-19,34.77,21.36,99.4,50.97,,,,,,,,,,,,,
2011-03-20,27.06,20.81,99.5,60.33,,,,,,,,,,,,,
2011-03-21,24.3,19.77,96.3,74.12,,,,,,,,,,,,,
2011-03-22,28.55,19.18,99.7,58.73,,,,,,,,,,,,,
2011-03-23,28.23,21.41,99.8,58.25,,,,,,,,,,,,,
2011-03-24,29.08,21.56,100.0,72.34,,,,,,,,,,,,,
2011-03-25,32.63,22.5,99.9,59.68,,,,,,,,,,,,,
2011-03-26,27.12,22.57,99.7,78.56,,,,,,,,,,,,,
2011-03-27,30.74,21.28,100.0,73.06,,,,,,,,,,,,,
2011-03-28,32.39,20.84,99.8,54.92,,,,,,,,,,,,,
2011-03-29,30.19,20.99,99.6,72.59,,,,,,,,,,,,,
2011-03-30,24.77,19.53,100.0,83.1,,,,,,,,,,,,,
2011-03-31,23.53,17.98,100.0,80.9,,,,,,,,,,,,,
2011-04-01,26.76,19.6,100.0,73.35,,,,,,,,,,,,,
2011-04-02,27.44,20.47,100.0,71.05,,,,,,,,,,,,,
2011-04-03,27.81,20.9,100.0,77.7,,,,,,,,,,,,,
2011-04-04,29.27,19.0,100.0,52.66,,,,,,,,,,,,,
2011-04-05,29.53,19.3,100.0,60.59,,,,,,,,,,,,,
2011-04-06,32.95,18.33,99.9,36.7,,,,,,,,,,,,,
2011-04-07,30.97,18.01,98.9,41.35,,,,,,,,,,,,,
2011-04-08,28.38,15.98,99.1,48.05,,,,,,,,,,,,,
2011-04-09,30.52,18.48,99.5,48.66,,,,,,,,,,,,,
2011-04-10,27.33,18.62,98.3,56.1,,,,,,,,,,,,,
2011-04-11,27.06,17.39,99.9,62.08,,,,,,,,,,,,,
2011-04-12,29.13,17.47,100.0,53.13,,,,,,,,,,,,,
2011-04-13,29.94,18.05,100.0,59.95,,,,,,,,,,,,,
2011-04-14,31.02,18.49,99.8,52.09,,,,,,,,,,,,,
2011-04-15,34.47,20.19,99.6,49.41,,,,,,,,,,,,,
2011-04-16,30.38,19.82,100.0,58.9,,,,,,,,,,,,,
2011-04-17,32.23,20.08,99.6,54.71,,,,,,,,,,,,,
2011-04-18,30.83,22.13,96.0,62.58,,,,,,,,,,,,,
2011-04-19,33.4,22.13,98.2,61.08,,,,,,,,,,,,,
2011-04-20,23.9,21.63,98.7,81.5,,,,,,,,,,,,,
2011-04-21,30.5,20.95,99.9,57.28,,,,,,,,,,,,,
2011-04-22,26.34,21.19,99.8,77.6,,,,,,,,,,,,,
2011-04-23,33.29,19.82,100.0,47.47,,,,,,,,,,,,,
2011-04-24,30.22,20.78,100.0,72.58,,,,,,,,,,,,,
2011-04-25,24.13,19.54,96.9,74.89,,,,,,,,,,,,,
2011-04-26,28.5,19.08,97.3,56.07,,,,,,,,,,,,,
2011-04-27,28.18,16.73,100.0,50.14,,,,,,,,,,,,,
2011-04-28,26.94,17.9,100.0,68.97,,,,,,,,,,,,,
2011-04-29,20.94,18.43,100.0,91.7,,,,,,,,,,,,,
2011-04-30,27.57,18.31,100.0,64.19,,,,,,,,,,,,,
2011-05-01,26.09,17.71,100.0,69.38,,,,,,,,,,,,,
2011-05-02,29.87,19.69,100.0,60.05,,,,,,,,,,,,,
2011-05-03,26.85,15.74,85.0,38.02,,,,,,,,,,,,,
2011-05-04,26.85,13.4,90.2,41.33,,,,,,,,,,,,,
2011-05-05,28.14,16.73,98.8,53.54,,,,,,,,,,,,,
2011-05-06,28.68,14.06,100.0,41.56,,,,,,,,,,,,,
2011-05-07,31.91,15.2,98.5,39.52,,,,,,,,,,,,,
2011-05-08,24.21,19.45,95.7,72.84,,,,,,,,,,,,,
2011-05-09,29.54,17.3,100.0,57.45,,,,,,,,,,,,,
2011-05-10,23.71,18.45,97.6,65.38,,,,,,,,,,,,,
2011-05-11,23.3,17.65,99.4,75.88,,,,,,,,,,,,,
2011-05-12,29.04,18.67,100.0,62.15,,,,,,,,,,,,,
2011-05-13,27.57,19.18,100.0,62.68,,,,,,,,,,,,,
2011-05-14,24.93,19.1,95.7,62.42,,,,,,,,,,,,,
2011-05-15,21.87,17.35,100.0,76.71,,,,,,,,,,,,,
2011-05-16,19.95,16.26,100.0,82.2,,,,,,,,,,,,,
2011-05-17,19.97,15.32,99.5,84.1,,,,,,,,,,,,,
2011-05-18,23.97,12.42,100.0,52.95,,,,,,,,,,,,,
2011-05-19,22.77,12.6,99.2,60.91,,,,,,,,,,,,,
2011-05-20,23.41,14.33,100.0,65.25,,,,,,,,,,,,,
2011-05-21,23.73,16.39,100.0,74.67,,,,,,,,,,,,,
2011-05-22,25.47,17.81,100.0,70.47,,,,,,,,,,,,,
2011-05-23,26.33,16.62,100.0,66.9,,,,,,,,,,,,,
2011-05-24,28.21,17.06,100.0,62.18,,,,,,,,,,,,,
2011-05-25,25.25,19.66,99.7,80.2,,,,,,,,,,,,,
2011-05-26,26.86,19.2,100.0,66.33,,,,,,,,,,,,,
2011-05-27,26.17,17.89,100.0,66.87,,,,,,,,,,,,,
2011-05-28,23.65,16.69,98.8,55.34,,,,,,,,,,,,,
2011-05-29,24.34,12.32,99.1,38.97,,,,,,,,,,,,,
2011-05-30,24.38,10.48,99.8,40.62,,,,,,,,,,,,,
2011-05-31,23.83,9.99,98.9,37.18,,,,,,,,,,,,,
2011-06-01,24.77,11.34,97.9,45.03,,,,,,,,,,,,,
2011-06-02,24.67,11.35,99.8,44.11,,,,,,,,,,,,,
2011-06-03,23.95,12.28,99.8,59.04,,,,,,,,,,,,,
2011-06-24,23.74,19.88,99.4,80.2,,,,,,,,,,,,,
2011-06-25,19.22,17.63,100.0,97.8,,,,,,,,,,,,,
2011-06-26,24.38,17.19,100.0,70.63,,,,,,,,,,,,,
2011-06-27,18.46,11.45,100.0,68.13,,,,,,,,,,,,,
2011-06-28,20.13,5.4,94.0,28.01,,,,,,,,,,,,,
2011-06-29,21.41,4.33,88.3,21.0,,,,,,,,,,,,,
2011-06-30,14.25,9.18,100.0,73.47,,,,,,,,,,,,,
2011-07-01,17.23,11.59,100.0,95.9,,,,,,,,,,,,,
2011-07-02,18.37,15.92,100.0,96.7,,,,,,,,,,,,,
2011-07-03,17.35,15.64,100.0,98.7,,,,,,,,,,,,,
2011-07-04,16.47,9.84,100.0,99.3,,,,,,,,,,,,,
2011-07-05,17.43,5.805,100.0,40.63,,,,,,,,,,,,,
2011-07-06,18.0,5.421,100.0,56.11,,,,,,,,,,,,,
2011-12-21,39.1,23.12,74.03,19.74,,,,,,,,,,,,,
2012-01-01,,,,,,,,,,,,23.0,21.62608695652174,97.55217391304348,1.5047101449275362,,115.36004347826086
2012-01-02,25.81,20.01,100.0,82.1,9.54,,,29.29,,,,24.0,23.999166666666667,81.60666666666667,1.699988425925926,,322.8095416666667
2012-01-03,30.35,19.57,100.0,53.71,27.86,,,0.457,,,,24.0,25.24208333333333,75.21583333333334,1.6219791666666665,,360.3810416666667
2012-01-04,33.23,20.39,97.7,28.66,31.11,,,0.0,,,,24.0,24.92,77.70416666666667,1.4782060185185184,,314.92270833333333
2012-01-05,31.08,21.32,96.0,43.1,27.18,,,1.143,,,,24.0,23.750416666666666,86.07,1.693159722222222,,179.2935
2012-01-06,29.56,20.56,98.9,56.58,15.47,,,1.6,,,,24.0,25.502499999999998,83.54333333333334,1.808472222222222,,258.119375
2012-01-07,31.17,21.71,98.9,60.93,22.28,,,0.0,,,,24.0,25.508333333333336,83.22291666666666,1.6500578703703705,,275.44508333333334
2012-01-08,32.13,20.98,95.9,57.94,23.77,,,0.0,,,,24.0,23.80333333333333,96.30833333333334,1.1975694444444445,,61.32591666666667
2012-01-09,26.8,22.61,100.0,80.0,5.293,,,47.62,,,,24.0,24.150000000000002,91.64958333333334,1.1230902777777778,,218.36666666666667
2012-01-10,29.7,21.56,100.0,67.86,18.85,,,9.86,,,,24.0,23.79375,91.39666666666666,1.8368402777777775,,162.274
2012-01-11,27.84,20.95,100.0,71.81,14.0,,,7.798,,,,24.0,24.951666666666668,87.66583333333334,2.1175578703703706,,217.274375
2012-01-12,29.79,21.41,100.0,67.5,18.75,,,0.686,,,,24.0,26.523749999999996,81.69208333333334,1.737349537037037,,271.712125
2012-01-13,32.47,21.85,100.0,56.14,23.45,,,0.0,,,,24.0,26.087083333333336,84.63708333333334,1.3855902777777775,,239.74316666666667
2012-01-14,32.43,22.17,99.6,51.13,20.69,,,7.696,,,,24.0,24.721666666666664,95.08916666666666,1.1274421296296298,,98.92375
2012-01-15,30.91,22.71,100.0,68.95,8.54,,,19.2,,,,24.0,24.37,91.10583333333334,1.0971064814814815,,102.12791666666668
2012-01-16,27.91,22.55,99.1,71.02,8.81,,,1.8290000000000002,,,,24.0,24.25791666666667,91.64041666666667,1.2029050925925926,,142.80179166666667
2012-01-17,29.3,21.53,100.0,70.67,12.32,,,2.972,,,,24.0,24.56458333333333,91.32958333333333,1.3858217592592592,,218.67404166666665
2012-01-18,29.39,22.27,100.0,65.48,18.87,,,16.18,,,,24.0,23.289583333333336,93.59416666666665,1.180023148148148,,108.516375
2012-01-19,27.27,21.37,100.0,70.99,9.37,,,2.972,,,,24.0,24.516666666666666,85.12291666666667,1.4055787037037037,,268.59308333333337
2012-01-20,30.71,20.02,100.0,55.6,23.18,,,0.0,,,,24.0,26.619583333333335,82.67999999999999,1.5286921296296294,,327.15004166666665
2012-01-21,33.37,21.59,100.0,57.21,28.24,,,0.0,,,,24.0,25.1375,91.01166666666667,1.4808912037037036,,161.22695833333333
2012-01-22,34.07,22.44,100.0,56.96,13.92,,,45.52,,,,24.0,25.802083333333332,86.89583333333333,1.4097569444444444,,276.066375
2012-01-23,32.68,21.34,100.0,56.18,23.83,,,0.229,,,,24.0,25.690833333333334,88.29958333333333,1.4907523148148147,,205.706375
2012-01-24,33.16,22.76,99.1,54.87,17.75,,,11.2,,,,24.0,27.23,83.99,1.5630439814814814,,308.291625
2012-01-25,33.97,22.4,100.0,57.14,26.6,,,0.0,,,,24.0,24.94333333333333,92.97291666666666,1.3900578703703703,,91.10508333333333
2012-01-26,31.5,20.27,99.6,66.01,7.862,,,19.46,,,,24.0,21.427083333333332,92.07208333333334,1.7911342592592592,,88.58049999999999
2012-01-27,25.44,19.73,100.0,67.87,7.645,,,6.401,,,,24.0,20.522916666666667,93.42041666666667,1.800335648148148,,109.508125
2012-01-28,25.7,18.29,100.0,68.51,9.45,,,3.429,,,,24.0,22.65125,83.37041666666667,1.497650462962963,,288.38012499999996
2012-01-29,28.7,18.2,100.0,57.2,24.89,,,0.0,,,,24.0,23.905416666666667,80.66375000000001,1.7402199074074074,,317.9446666666667
2012-01-30,30.24,18.82,100.0,50.54,27.44,,,0.0,,,,24.0,25.123333333333335,77.23166666666667,1.6203356481481481,,337.69891666666666
2012-01-31,31.22,19.7,99.6,50.65,29.15,,,0.0,,,,24.0,25.772916666666664,75.12708333333333,1.8460069444444445,,334.1515
2012-02-01,31.97,20.92,96.4,44.77,28.84,,,0.0,,,,24.0,25.83,80.00208333333333,1.8244675925925924,,324.991125
2012-02-02,32.1,20.59,99.1,55.53,28.05,,,0.0,,,,24.0,26.581666666666667,84.65833333333333,1.5145717592592591,,194.01058333333333
2012-02-03,32.26,22.36,99.1,62.87,16.74,,,0.0,,,,24.0,27.598333333333333,83.0,1.4931018518518517,,278.76158333333336
2012-02-04,33.25,23.67,99.5,59.8,24.06,,,0.0,,,,24.0,28.170416666666668,83.24,1.6343518518518518,,292.594875
2012-02-05,34.88,24.14,97.0,57.99,25.25,,,0.0,,,,24.0,28.414583333333336,85.59708333333333,1.420949074074074,,237.66208333333336
2012-02-06,34.5,25.22,98.9,61.68,20.51,,,0.0,,,,24.0,28.83583333333333,82.90041666666667,1.3958333333333333,,265.3179166666667
2012-02-07,36.15,24.17,99.4,56.33,22.9,,,0.0,,,,24.0,27.274583333333336,82.00583333333334,2.032662037037037,,207.8322916666667
2012-02-08,37.23,23.55,97.6,44.61,17.94,,,2.057,,,,24.0,25.493750000000002,91.82083333333333,1.080625,,80.75925
2012-02-09,29.85,22.71,99.8,78.11,6.97,,,0.0,,,,24.0,26.902083333333334,89.48208333333334,1.4821990740740738,,233.574375
2012-02-10,35.83,21.77,100.0,56.1,20.16,,,53.92,,,,24.0,22.72666666666667,97.74166666666667,1.358796296296296,,39.37779166666667
2012-02-11,26.24,20.24,100.0,84.6,3.398,,,17.63,,,,24.0,23.769583333333333,86.85208333333333,1.3463541666666667,,235.562625
2012-02-12,29.79,20.19,100.0,59.5,20.33,,,2.743,,,,24.0,25.66625,82.375,1.5595138888888889,,315.731875
2012-02-13,31.95,20.69,100.0,55.43,27.25,,,1.143,,,,24.0,25.19458333333333,85.19458333333334,1.5037962962962963,,226.629375
2012-02-14,30.98,21.44,100.0,56.04,19.56,,,0.914,,,,24.0,25.12,92.0125,1.1277314814814814,,109.78845833333334
2012-02-15,27.98,22.86,99.2,80.1,9.48,,,0.229,,,,24.0,26.029583333333335,87.17333333333333,1.2760300925925925,,190.35695833333332
2012-02-16,32.16,22.43,100.0,62.79,16.43,,,0.0,,,,24.0,26.7775,82.3425,1.8709722222222223,,312.2377916666667
2012-02-17,31.8,23.35,99.6,58.66,26.95,,,0.0,,,,24.0,26.300416666666667,81.83666666666666,1.845532407407407,,287.59
2012-02-18,31.3,21.96,98.8,59.38,24.82,,,0.0,,,,24.0,26.644166666666667,83.66541666666667,1.4891319444444442,,233.22620833333335
2012-02-19,32.44,22.68,99.0,58.17,20.13,,,0.0,,,,24.0,28.111666666666665,82.52,1.5983912037037038,,302.018
2012-02-20,34.83,23.94,98.3,55.52,26.07,,,0.0,,,,24.0,28.030416666666667,80.62333333333333,1.5084027777777778,,270.2645416666667
2012-02-21,34.11,24.25,98.8,50.57,23.33,,,0.0,,,,24.0,27.15125,81.61749999999999,1.713310185185185,,263.01045833333336
2012-02-22,34.99,23.48,98.2,55.0,22.7,,,0.229,,,,24.0,26.260833333333334,84.67125,1.6229398148148146,,149.25929166666666
2012-02-23,32.79,22.96,99.1,57.65,12.88,,,23.72,,,,24.0,26.283749999999998,86.80624999999999,1.2498726851851851,,208.43145833333332
2012-02-24,32.62,22.54,98.7,59.44,17.99,,,4.343,,,,24.0,25.770416666666666,91.05250000000001,1.068136574074074,,132.97833333333332
2012-02-25,30.17,23.93,98.1,69.66,11.48,,,3.429,,,,24.0,25.325833333333335,94.1875,0.9927662037037037,,120.08408333333334
2012-02-26,29.19,23.0,100.0,80.9,10.36,,,5.486,,,,24.0,27.595416666666665,86.63166666666666,1.3099305555555556,,180.47733333333335
2012-02-27,36.13,22.97,100.0,55.75,15.58,,,3.2,,,,24.0,25.366666666666664,92.13416666666666,1.1377893518518518,,96.54858333333334
2012-02-28,29.65,23.06,99.4,73.1,8.33,,,3.658,,,,24.0,25.118333333333336,93.59791666666666,1.3063541666666667,,122.00075
2012-02-29,31.88,23.08,100.0,65.59,10.53,,,10.97,,,,24.0,27.284583333333334,86.77833333333332,1.41375,,279.59808333333336
2012-03-01,34.49,22.66,100.0,56.37,24.13,,,3.683,,,,24.0,28.367083333333337,82.925,1.4188888888888889,,288.11383333333333
2012-03-02,36.93,22.79,100.0,54.3,24.87,,,0.229,,,,24.0,27.203333333333333,74.83333333333333,1.7178703703703704,,249.18583333333333
2012-03-03,33.72,24.17,90.7,49.02,21.51,,,0.0,,,,24.0,24.60625,88.62458333333332,1.0910185185185186,,92.4595
2012-03-04,28.13,23.05,99.7,73.61,7.98,,,1.8290000000000002,,,,24.0,25.684583333333336,88.17166666666667,1.537638888888889,,214.41600000000003
2012-03-05,31.04,22.35,100.0,66.03,18.51,,,6.426,,,,24.0,26.819999999999997,80.98166666666667,1.5348148148148146,,298.6454166666667
2012-03-06,31.94,22.79,98.9,52.18,25.77,,,0.0,,,,24.0,26.830416666666665,79.67666666666666,1.833738425925926,,288.84791666666666
2012-03-07,32.51,22.09,98.5,53.13,24.93,,,0.0,,,,24.0,26.829583333333332,78.02791666666667,1.697511574074074,,295.02500000000003
2012-03-08,32.99,21.97,99.8,45.47,25.46,,,0.0,,,,24.0,26.231666666666666,76.74416666666666,1.8129050925925927,,301.3333333333333
2012-03-09,32.56,20.74,100.0,42.64,26.01,,,0.0,,,,24.0,25.295,80.17166666666667,1.5059837962962963,,229.5533333333333
2012-03-10,31.65,20.51,99.3,50.56,19.81,,,0.0,,,,24.0,25.39708333333333,81.57958333333333,1.7540740740740741,,281.91375
2012-03-11,31.64,20.14,100.0,54.1,24.33,,,0.0,,,,24.0,26.87,81.58458333333333,1.576736111111111,,283.8904166666667
2012-03-12,34.22,21.75,99.3,53.67,24.5,,,0.0,,,,24.0,26.32375,82.76666666666667,1.5199074074074073,,264.24475
2012-03-13,32.98,21.3,100.0,55.0,22.81,,,0.0,,,,24.0,26.472916666666666,82.88000000000001,1.5534837962962964,,283.17
2012-03-14,33.1,21.75,100.0,53.21,24.44,,,0.0,,,,24.0,26.04375,86.92541666666666,1.6674652777777776,,252.34304166666666
2012-03-15,33.74,21.95,100.0,55.63,21.78,,,12.8,,,,24.0,22.613333333333333,93.13333333333333,1.0717824074074074,,41.89845833333333
2012-03-16,25.31,18.95,98.6,83.2,3.617,,,2.286,,,,24.0,22.835833333333337,82.23041666666667,1.405925925925926,,135.837625
2012-03-17,27.35,19.44,96.2,60.76,11.72,,,0.0,,,,24.0,23.535416666666666,83.98916666666666,1.0696759259259259,,155.9685
2012-03-18,29.52,19.94,99.9,49.0,13.46,,,0.457,,,,24.0,23.022916666666664,87.21916666666668,1.286724537037037,,129.52829166666666
2012-03-19,27.97,19.85,99.0,65.38,11.18,,,1.3719999999999999,,,,24.0,24.137083333333333,80.32958333333333,1.7594791666666667,,250.21108333333333
2012-03-20,29.85,20.44,99.9,47.78,21.59,,,2.972,,,,24.0,23.858333333333334,80.75875,1.5975347222222223,,278.24975
2012-03-21,30.86,17.75,99.0,51.37,24.01,,,0.0,,,,24.0,24.866249999999997,84.49291666666666,1.724074074074074,,257.8812083333333
2012-03-22,32.53,19.7,100.0,54.97,22.26,,,1.3719999999999999,,,,24.0,22.93375,93.01666666666667,1.4530092592592592,,57.600125
2012-03-23,25.36,21.13,98.7,82.6,4.971,,,9.96,,,,24.0,23.86,86.26666666666667,1.2412962962962963,,169.315375
2012-03-24,28.84,20.06,99.9,65.08,14.61,,,0.0,,,,24.0,24.117499999999996,83.70958333333333,1.3538773148148149,,193.402875
2012-03-25,30.0,21.33,98.9,62.25,16.69,,,0.0,,,,24.0,22.689999999999998,81.43708333333333,1.1558912037037037,,78.945375
2012-03-26,26.82,20.53,90.0,65.49,6.814,,,0.0,,,,24.0,25.127916666666668,85.18666666666667,1.4831018518518517,,216.418125
2012-03-27,30.73,21.06,99.5,62.46,18.68,,,0.229,,,,24.0,23.270833333333332,90.36166666666666,1.6294212962962964,,58.158625
2012-03-28,27.56,19.84,99.7,72.93,5.019,,,4.801,,,,24.0,20.282500000000002,56.7825,2.9152314814814813,,285.2749166666667
2012-03-29,27.71,15.49,94.2,22.65,24.62,,,0.229,,,,24.0,19.572083333333335,75.5475,1.6391898148148147,,249.34799999999998
2012-03-30,26.89,12.58,96.6,48.93,21.52,,,0.0,,,,24.0,22.592916666666667,80.36416666666666,1.6879398148148148,,232.7206666666667
2012-03-31,30.24,17.53,100.0,48.74,20.08,,,0.914,,,,24.0,22.279583333333335,90.40125,1.8152199074074076,,103.76212500000001
2012-04-01,26.36,19.52,99.6,70.0,8.96,,,2.515,,,,24.0,21.63291666666667,92.825,1.620034722222222,,141.07
2012-04-02,27.02,18.94,99.3,72.2,12.17,,,2.743,,,,24.0,23.26375,85.53583333333334,1.709259259259259,,241.08970833333333
2012-04-03,30.53,18.67,100.0,54.87,20.81,,,0.0,,,,24.0,24.205416666666665,83.28458333333333,1.5680555555555555,,251.64350000000002
2012-04-04,31.21,19.36,100.0,51.7,21.72,,,0.0,,,,24.0,24.24083333333333,85.56875000000001,1.5225694444444444,,194.9619583333333
2012-04-05,31.75,19.35,100.0,54.22,16.83,,,0.0,,,,24.0,24.405833333333334,84.58749999999999,2.3891898148148147,,220.20950000000002
2012-04-06,32.04,20.94,100.0,62.16,19.0,,,16.89,,,,24.0,23.60166666666667,75.45333333333333,1.9369907407407405,,243.63162499999999
2012-04-07,30.72,18.87,88.1,50.78,21.03,,,0.0,,,,24.0,23.929166666666664,86.85541666666667,1.374074074074074,,121.102875
2012-04-08,28.82,20.72,98.8,66.94,10.45,,,0.0,,,,24.0,23.190416666666664,94.92083333333333,1.3791550925925924,,57.03733333333333
2012-04-09,27.87,20.54,100.0,76.09,4.923,,,4.801,,,,24.0,22.133750000000003,91.34583333333335,1.1896180555555556,,64.59804166666667
2012-04-10,25.38,19.06,99.2,79.27,5.575,,,0.0,,,,24.0,24.14375,92.32958333333333,1.5660300925925925,,153.56220833333333
2012-04-11,29.39,21.05,99.6,71.34,13.25,,,5.5120000000000005,,,,24.0,24.875,92.93291666666666,1.2702314814814815,,160.59925
2012-04-12,30.36,22.15,100.0,68.31,13.86,,,22.0,,,,24.0,25.640416666666667,88.67458333333333,1.1760300925925924,,180.84508333333335
2012-04-13,33.4,21.79,100.0,56.98,15.61,,,0.0,,,,24.0,24.72458333333333,92.11208333333333,0.8252083333333333,,76.27541666666667
2012-04-14,28.19,22.85,100.0,75.7,6.583,,,0.457,,,,24.0,24.47666666666667,96.52083333333333,1.0372800925925925,,62.65883333333333
2012-04-15,28.18,22.91,100.0,83.1,5.408,,,12.83,,,,24.0,23.903750000000002,86.44958333333334,1.2664351851851852,,133.566
2012-04-16,29.8,20.94,100.0,59.66,11.53,,,0.229,,,,24.0,23.17375,80.29583333333333,1.0521874999999998,,211.563125
2012-04-17,28.09,19.9,97.3,50.54,18.26,,,0.0,,,,24.0,22.590416666666666,86.38458333333334,1.4799421296296298,,177.301875
2012-04-18,28.74,19.11,99.8,56.61,15.3,,,0.457,,,,24.0,23.06458333333333,84.47166666666666,1.5108912037037037,,210.47620833333335
2012-04-19,25.18,21.47,94.3,77.45,0.045,,56.0,0.0,20.69,21.84,21.84,24.0,23.184583333333332,85.92625,1.2907407407407407,,178.18354166666666
2012-04-20,29.71,18.74,100.0,55.86,15.38,,86.0,0.0,21.01,21.56,21.56,24.0,23.460416666666664,89.2575,1.2720023148148147,,103.59370833333332
2012-04-21,27.78,20.86,98.1,68.95,8.94,,218.0,0.0,22.06,22.59,22.59,24.0,22.467916666666667,93.88416666666666,1.1825115740740741,,76.50304166666668
2012-04-22,27.56,20.19,100.0,66.35,6.603,,231.0,2.972,20.82,21.01,21.01,24.0,21.338333333333335,85.17833333333333,0.9868055555555556,,150.15783333333334
2012-04-23,26.94,17.7,100.0,57.44,12.96,,105.0,0.229,18.64,19.65,19.65,24.0,21.828333333333333,85.73875,1.4002777777777775,,180.43437500000002
2012-04-24,27.14,18.05,98.4,63.11,15.57,,70.0,0.457,19.14,19.92,19.92,24.0,19.950833333333332,85.99708333333332,0.8270138888888888,,36.061125
2012-04-25,21.08,18.35,95.8,75.04,3.112,,199.0,0.0,17.68,18.35,18.35,24.0,18.35125,98.74583333333334,1.4312384259259259,,38.73008333333333
2012-04-26,20.77,16.91,100.0,88.7,3.343,,265.0,13.26,18.21,18.21,18.21,24.0,18.21708333333333,100.0,1.927488425925926,,18.09625
2012-04-27,19.18,17.57,100.0,100.0,1.562,,276.0,116.6,17.97,17.97,17.97,24.0,20.641666666666666,86.11791666666666,1.4922453703703704,,165.66575
2012-04-28,27.3,17.12,100.0,54.69,14.3,,197.0,0.229,17.06,19.54,19.54,24.0,17.845000000000002,93.4375,1.7016898148148147,,30.361833333333333
2012-04-29,19.68,16.45,100.0,81.9,2.621,,25.0,42.9,17.89,17.89,17.89,24.0,19.8875,80.58666666666666,2.484027777777778,,149.41641666666666
2012-04-30,25.59,16.67,100.0,51.36,12.89,,198.0,0.0,12.18,17.64,17.64,24.0,17.398333333333333,63.77916666666667,3.8920138888888887,,184.56658333333334
2012-05-01,22.32,13.62,80.9,39.89,15.93,,236.0,0.0,9.27,13.62,13.62,24.0,16.915,64.75458333333334,2.6980555555555554,,193.98145833333334
2012-05-02,24.11,9.85,85.8,41.26,16.74,,226.0,0.0,14.02,16.46,16.46,24.0,18.607916666666664,80.02833333333334,1.7558680555555555,,153.01454166666667
2012-05-03,25.7,13.93,96.6,53.5,13.21,,216.0,0.0,15.19,15.96,15.96,24.0,19.612916666666667,92.06083333333333,1.4688888888888887,,103.32716666666666
2012-05-04,27.2,15.74,100.0,66.31,8.92,,214.0,1.3719999999999999,19.3,19.35,19.35,24.0,21.55875,88.175,1.1435300925925926,,143.8765
2012-05-05,27.51,18.19,100.0,55.23,12.42,,18.0,0.914,18.84,19.31,19.31,24.0,21.052083333333332,93.16208333333333,1.5164930555555554,,103.31566666666667
2012-05-06,27.01,18.9,100.0,67.78,8.92,,222.0,13.72,18.9,18.9,18.9,24.0,20.55,92.22541666666666,1.2288541666666666,,99.61933333333333
2012-05-07,26.32,17.76,100.0,69.84,8.6,,125.0,0.229,18.78,19.04,19.04,24.0,20.950833333333332,91.61583333333334,0.9890740740740741,,114.07558333333333
2012-05-08,26.32,17.51,100.0,66.82,9.85,,59.0,0.0,19.3,19.3,19.3,24.0,21.4075,92.01875,1.2913078703703704,,112.01595833333333
2012-05-09,26.94,18.89,100.0,70.52,9.67,,317.0,0.686,18.9,19.06,19.06,24.0,20.78708333333333,89.60708333333334,1.1141550925925927,,172.19704166666668
2012-05-10,27.36,16.72,100.0,57.85,14.86,,85.0,0.0,19.02,19.26,19.26,24.0,22.033749999999998,88.97208333333333,1.2931018518518518,,174.45479166666667
2012-05-11,28.01,18.71,100.0,62.04,15.06,,26.0,0.0,19.13,19.17,19.17,24.0,21.522916666666664,86.84416666666668,1.3199074074074073,,91.46929166666666
2012-05-12,28.21,17.42,100.0,57.98,7.894,,265.0,1.8290000000000002,18.2,19.02,19.02,24.0,21.519583333333333,82.54791666666667,2.0258449074074076,,169.38825
2012-05-13,29.51,17.02,98.1,50.51,14.62,,222.0,0.457,17.71,19.02,19.02,24.0,18.812083333333334,86.01625,0.9268518518518518,,40.11829166666667
2012-05-14,20.52,17.75,98.8,68.04,3.463,,26.0,0.0,14.84,17.91,17.91,24.0,17.485,83.89958333333333,1.1809027777777776,,35.72108333333333
2012-05-15,19.72,16.34,94.5,70.0,3.083,,210.0,0.0,15.24,16.49,16.49,24.0,18.155833333333334,85.42708333333333,1.7256481481481483,,107.62325
2012-05-16,24.02,14.67,99.0,61.73,9.29,,204.0,1.3719999999999999,16.61,16.76,16.76,24.0,18.0725,95.15416666666665,2.0082175925925925,,78.19641666666666
2012-05-17,21.32,16.19,100.0,82.1,6.749,,63.0,12.57,16.56,17.03,17.03,24.0,18.767500000000002,91.2675,1.6444444444444446,,120.84525000000001
2012-05-18,25.38,16.39,100.0,62.96,10.43,,226.0,3.2,16.63,16.68,16.68,24.0,18.82125,92.30708333333332,1.3136805555555555,,107.377
2012-05-19,24.79,16.2,100.0,68.07,9.27,,229.0,1.143,16.71,16.71,16.71,24.0,18.55375,93.65375,1.1216087962962964,,101.06987500000001
2012-05-20,24.63,14.35,100.0,68.92,8.72,,29.0,1.3719999999999999,18.21,18.23,18.23,24.0,19.32125,96.34166666666665,1.1780555555555556,,83.07108333333333
2012-05-21,24.7,16.79,100.0,77.29,7.169,,222.0,1.3719999999999999,18.06,18.11,18.11,24.0,19.91125,94.50125000000001,1.1915856481481482,,116.33604166666667
2012-05-22,25.94,16.89,100.0,68.97,10.04,,30.0,0.686,18.49,18.49,18.49,24.0,20.362083333333334,91.11125,1.205659722222222,,141.65816666666666
2012-05-23,25.98,17.27,100.0,66.24,12.23,,87.0,0.686,18.71,18.71,18.71,24.0,19.790833333333335,91.88541666666667,1.1877083333333334,,137.225
2012-05-24,26.08,15.53,100.0,65.85,11.84,,334.0,0.0,19.38,19.51,19.51,24.0,20.19875,97.09583333333335,0.9348611111111111,,45.603
2012-05-25,23.0,18.23,100.0,85.9,3.935,,20.0,13.72,19.45,19.45,19.45,24.0,19.746666666666666,93.5625,2.712210648148148,,98.00829166666666
2012-05-26,23.66,18.09,100.0,74.23,8.46,,226.0,29.26,17.78,18.23,18.23,24.0,21.212083333333332,82.42958333333333,1.3324652777777777,,158.94479166666667
2012-05-27,28.03,16.67,99.2,52.93,13.72,,194.0,0.0,17.79,18.15,18.15,24.0,20.537916666666664,89.75833333333333,1.1596064814814815,,149.980875
2012-05-28,26.6,16.14,100.0,63.84,12.94,,16.0,0.0,19.52,19.81,19.81,24.0,22.633750000000003,88.33541666666667,1.3090972222222221,,160.52066666666664
2012-05-29,30.26,17.83,100.0,59.63,13.85,,216.0,0.0,21.28,21.33,21.33,24.0,25.260833333333334,81.33958333333334,1.3309837962962963,,160.18554166666667
2012-05-30,35.24,19.84,100.0,43.8,13.83,,253.0,0.0,21.0,22.86,22.86,24.0,24.247083333333332,80.45,1.511400462962963,,101.32483333333333
2012-05-31,32.36,20.21,97.4,48.17,8.75,,184.0,1.6,17.46,20.24,20.24,24.0,18.01875,93.29583333333333,1.2743402777777777,,19.640958333333334
2012-06-01,20.27,16.1,99.7,82.2,1.694,,30.0,5.486,16.26,16.28,16.28,24.0,16.815833333333334,95.92916666666667,1.5763773148148148,,39.316875
2012-06-02,18.9,15.75,100.0,85.8,3.393,,208.0,1.143,16.19,16.92,16.92,24.0,19.368333333333336,90.27333333333333,1.043599537037037,,111.63091666666666
2012-06-03,25.37,16.07,100.0,64.96,9.63,,14.0,0.0,18.21,18.21,18.21,24.0,21.894583333333333,88.90666666666668,1.6168055555555556,,38.666374999999995
2012-06-04,24.99,17.81,100.0,72.99,3.337,,230.0,0.229,20.06,20.18,20.18,24.0,16.524166666666666,99.64166666666667,2.0144212962962964,,7.794875
2012-06-05,20.22,14.58,100.0,96.0,0.673,,217.0,123.0,14.81,14.81,14.81,24.0,14.0675,99.825,1.2546875,,28.93575
2012-06-06,14.83,13.28,100.0,98.4,2.497,,199.0,8.0,14.03,14.03,14.03,24.0,14.809166666666668,96.78333333333335,1.6226620370370368,,32.86
2012-06-07,16.77,13.21,100.0,88.4,2.836,,215.0,0.229,14.93,15.39,15.39,24.0,14.190833333333332,75.50416666666666,2.2065972222222223,,137.488875
2012-06-08,16.93,11.24,98.4,49.93,11.87,,208.0,0.229,6.695,12.13,12.13,24.0,13.323749999999999,78.40208333333334,1.215625,,74.68412500000001
2012-06-09,16.76,10.12,93.9,63.15,6.445,,233.0,0.229,12.32,13.27,13.27,24.0,13.627083333333333,89.72541666666666,1.0934375,,43.31820833333333
2012-06-10,15.76,12.11,100.0,74.23,3.739,,224.0,0.229,12.71,13.49,13.49,24.0,14.910416666666668,96.97083333333335,1.3534375,,42.45141666666667
2012-06-11,18.73,12.81,100.0,81.3,3.664,,35.0,20.83,15.12,15.12,15.12,24.0,18.023333333333333,93.85791666666667,1.3152199074074074,,120.49650000000001
2012-06-12,25.44,15.06,100.0,70.03,10.4,,95.0,16.0,17.82,18.0,18.0,24.0,19.024583333333332,95.79583333333333,0.7870717592592592,,48.06966666666667
2012-06-13,21.93,17.67,100.0,83.0,4.149,,81.0,0.0,18.69,18.88,18.88,24.0,20.417083333333334,91.38166666666666,0.8679629629629629,,101.332375
2012-06-14,26.16,18.33,100.0,61.28,8.75,,76.0,0.0,18.4,18.53,18.53,24.0,20.09541666666667,88.32833333333333,1.1042592592592593,,150.21133333333333
2012-06-15,26.6,15.62,100.0,58.19,12.96,,32.0,0.0,17.47,17.63,17.63,24.0,18.479583333333334,93.35458333333332,1.0900347222222222,,100.9565
2012-06-16,25.61,15.24,100.0,65.28,8.71,,216.0,0.229,16.64,16.64,16.64,24.0,19.161666666666665,87.27541666666667,1.1748032407407407,,122.21475
2012-06-17,27.78,13.72,100.0,54.86,10.55,,217.0,0.0,17.92,18.95,18.95,24.0,19.089166666666667,95.79166666666667,1.062974537037037,,43.26725
2012-06-18,21.53,18.35,100.0,86.5,3.734,,18.0,6.629,18.75,18.76,18.76,24.0,18.77958333333333,99.5,1.5317939814814814,,21.819875
2012-06-19,19.46,18.22,100.0,95.2,1.883,,27.0,17.37,18.48,18.55,18.55,24.0,18.128333333333334,98.87916666666666,0.9582523148148149,,27.368583333333333
2012-06-20,20.69,16.36,100.0,91.4,2.362,,142.0,1.8290000000000002,17.09,17.09,17.09,24.0,16.18375,100.0,2.1757175925925925,,24.81866666666667
2012-06-21,17.08,15.46,100.0,100.0,2.142,,221.0,18.29,15.8,15.8,15.8,24.0,16.92125,97.52083333333333,0.9421759259259259,,47.39766666666667
2012-06-22,19.71,15.52,100.0,86.2,4.091,,228.0,4.343,16.84,16.84,16.84,24.0,18.155416666666667,87.19208333333334,2.4183796296296296,,132.37695833333333
2012-06-23,22.61,15.48,100.0,60.56,11.42,,214.0,5.258,13.3,15.68,15.68,24.0,15.072083333333333,93.70833333333333,1.3660416666666666,,34.66795833333334
2012-06-24,17.92,12.48,100.0,85.5,2.992,,245.0,0.0,14.89,14.98,14.98,24.0,16.920416666666664,92.79708333333333,1.4099305555555555,,128.33725
2012-06-25,24.95,12.46,100.0,63.84,11.08,,209.0,0.0,15.47,15.47,15.47,24.0,17.507916666666667,87.86583333333334,1.3762847222222223,,150.28395833333335
2012-06-26,24.25,12.61,100.0,57.32,12.97,,209.0,0.229,15.92,16.55,16.55,24.0,18.2225,90.45833333333333,0.8646527777777777,,100.937125
2012-06-27,23.2,15.37,100.0,71.68,8.71,,216.0,0.0,16.84,16.84,16.84,24.0,18.490416666666665,92.08333333333333,0.9732291666666666,,116.44779166666666
2012-06-28,26.56,14.58,100.0,58.64,10.05,,22.0,0.0,17.87,18.23,18.23,24.0,19.923333333333332,90.30624999999999,1.360115740740741,,135.41920833333333
2012-06-29,25.76,17.05,100.0,67.43,11.69,,197.0,0.0,17.56,17.56,17.56,24.0,19.71125,93.18416666666667,1.0746296296296296,,121.42475
2012-06-30,27.59,16.25,100.0,63.87,10.48,,11.0,0.0,18.05,18.05,18.05,24.0,22.03625,81.73541666666667,1.0094444444444444,,149.19291666666666
2012-07-01,31.14,16.06,100.0,45.29,12.88,,123.0,0.0,19.19,19.82,19.82,24.0,22.243750000000002,82.30791666666666,1.2808333333333333,,150.84212499999998
2012-07-02,31.56,17.15,99.5,44.26,13.02,,82.0,0.0,18.53,18.74,18.74,24.0,21.476250000000004,82.71249999999999,1.1134027777777777,,153.82020833333334
2012-07-03,30.3,15.9,100.0,47.79,13.28,,27.0,0.0,18.11,18.38,18.38,24.0,21.536666666666665,82.64083333333333,1.2771296296296295,,149.51208333333332
2012-07-04,30.11,15.34,100.0,49.87,12.9,,191.0,0.0,18.15,18.51,18.51,24.0,21.437083333333334,85.14125,1.275787037037037,,145.82845833333332
2012-07-05,29.17,15.8,100.0,54.84,12.59,,32.0,0.0,18.65,19.32,19.32,24.0,23.175,77.31666666666666,1.3539930555555555,,134.36441666666667
2012-07-06,32.03,18.97,98.7,40.32,11.6,,25.0,0.0,18.11,19.26,19.26,24.0,20.567083333333333,90.08083333333333,1.447638888888889,,85.27608333333333
2012-07-07,25.0,18.35,99.3,72.12,7.361,,238.0,12.62,17.22,22.31,22.31,24.0,16.255416666666665,90.40916666666668,1.564537037037037,,23.924374999999998
2012-07-08,22.34,12.59,100.0,72.64,2.063,,189.0,10.74,12.88,12.88,12.88,24.0,15.091666666666667,82.51041666666667,1.5377777777777777,,166.33708333333334
2012-07-09,21.67,11.82,100.0,50.82,14.36,,225.0,0.229,12.83,13.87,13.87,24.0,15.910833333333334,90.49125,1.4447106481481482,,108.67529166666667
2012-07-10,22.22,12.55,98.7,67.57,9.38,,47.0,0.0,15.28,15.48,15.48,24.0,18.094166666666666,90.74791666666665,1.4177777777777776,,107.87875000000001
2012-07-11,23.91,14.79,100.0,67.12,9.31,,52.0,0.0,17.04,17.21,17.21,24.0,15.829583333333334,96.71249999999999,1.319363425925926,,10.904458333333332
2012-07-12,17.29,13.69,100.0,87.3,0.9410000000000001,,222.0,4.801,13.84,13.84,13.84,24.0,15.122916666666667,94.17041666666667,1.4515393518518518,,76.43291666666667
2012-07-13,21.39,12.54,100.0,67.05,6.596,,228.0,12.57,7.717,13.53,13.53,24.0,14.653333333333334,65.01291666666667,2.265810185185185,,167.03625
2012-07-14,22.52,8.46,94.3,36.27,14.42,,229.0,0.229,9.89,10.91,10.91,24.0,15.41125,73.48125,1.3615509259259257,,158.033875
2012-07-15,24.22,9.27,96.4,36.02,13.64,,249.0,0.0,12.68,14.49,14.49,24.0,14.376666666666667,83.20208333333333,1.131875,,69.294125
2012-07-16,17.25,11.03,93.9,69.99,5.98,,90.0,0.0,8.64,11.03,11.03,24.0,12.344166666666666,88.88083333333333,1.6500694444444444,,44.969750000000005
2012-07-17,15.42,10.07,100.0,71.57,3.8810000000000002,,215.0,10.74,12.33,12.33,12.33,24.0,13.249166666666667,99.97500000000001,2.4241898148148144,,18.668375
2012-07-18,14.78,12.22,100.0,98.9,1.611,,256.0,49.38,13.13,13.13,13.13,24.0,15.211666666666666,88.685,2.117743055555555,,121.418
2012-07-19,21.72,11.9,100.0,58.25,10.48,,215.0,8.23,13.75,14.03,14.03,24.0,15.132083333333334,86.1175,1.1665625,,172.56758333333335
2012-07-20,23.56,10.06,100.0,47.28,14.89,,89.0,0.0,12.4,12.5,12.5,24.0,14.942916666666667,88.87166666666667,1.434826388888889,,171.70541666666668
2012-07-21,23.24,8.57,100.0,56.51,14.82,,163.0,0.0,14.14,14.21,14.21,24.0,17.68,83.67416666666666,1.4665625,,165.18008333333333
2012-07-22,26.3,11.63,100.0,48.32,14.26,,162.0,0.0,15.72,16.22,16.22,24.0,18.33791666666667,78.90208333333334,1.3072337962962963,,118.03416666666668
2012-07-23,27.82,13.47,99.4,48.83,10.19,,202.0,0.0,14.26,16.38,16.38,24.0,17.86,86.72458333333333,0.8746064814814815,,86.10120833333333
2012-07-24,23.61,15.1,98.1,67.88,7.431,,32.0,0.0,17.04,17.34,17.34,24.0,19.555,91.47791666666666,0.9652083333333333,,103.19408333333332
2012-07-25,27.15,16.2,100.0,66.57,8.91,,188.0,0.0,18.16,18.96,18.96,24.0,14.799583333333333,99.45833333333333,1.1245833333333333,,12.283125
2012-07-26,18.96,12.95,100.0,95.0,1.06,,87.0,17.37,13.24,13.24,13.24,24.0,15.9625,95.07916666666667,1.3048726851851853,,91.516125
2012-07-27,21.37,12.71,100.0,74.19,7.898,,236.0,12.8,15.53,15.53,15.53,24.0,13.904166666666667,98.15416666666665,1.2787152777777777,,21.046166666666668
2012-07-28,15.53,12.27,100.0,91.4,1.816,,210.0,25.6,13.31,13.44,13.44,24.0,15.2725,93.59125,1.1307407407407408,,75.03270833333333
2012-07-29,20.42,13.07,100.0,72.8,6.476,,217.0,0.457,15.59,15.6,15.6,24.0,17.142500000000002,96.53208333333333,1.4342708333333334,,43.012
2012-07-30,21.16,14.33,100.0,76.55,3.7119999999999997,,208.0,2.515,14.28,14.36,14.36,24.0,13.363750000000001,99.74166666666667,1.460787037037037,,14.482875
2012-07-31,14.35,12.35,100.0,95.3,1.25,,23.0,23.62,13.65,13.65,13.65,24.0,15.038333333333334,100.0,1.8055208333333332,,28.069208333333336
2012-08-01,16.5,13.57,100.0,100.0,2.423,,226.0,16.0,16.02,16.02,16.02,24.0,18.246666666666666,97.60000000000001,1.4723842592592593,,73.8025
2012-08-02,22.7,16.0,100.0,83.6,6.37,,211.0,7.772,18.11,18.11,18.11,24.0,19.2725,94.48041666666667,1.0394560185185184,,94.06120833333334
2012-08-03,24.22,17.71,100.0,73.74,8.12,,33.0,0.0,18.22,18.22,18.22,24.0,19.799166666666668,93.68833333333333,1.2675347222222222,,148.33133333333333
2012-08-04,27.31,16.93,100.0,68.02,12.8,,74.0,0.0,17.19,17.19,17.19,24.0,22.6125,81.13625,1.1049305555555555,,168.92100000000002
2012-08-05,34.09,16.04,100.0,39.04,14.58,,194.0,0.229,19.86,20.57,20.57,24.0,19.20625,90.47916666666667,1.2988888888888888,,33.661875
2012-08-06,22.25,16.03,96.9,80.3,2.9050000000000002,,47.0,0.0,15.05,16.06,16.06,24.0,16.36916666666667,91.10000000000001,1.0842939814814814,,52.524125
2012-08-07,18.66,14.83,98.0,80.3,4.533,,93.0,0.0,13.76,14.85,14.85,24.0,16.139166666666664,87.04,1.308923611111111,,174.84074999999999
2012-08-08,22.69,12.15,100.0,52.3,15.09,,85.0,0.0,14.49,14.93,14.93,24.0,16.805416666666666,91.59541666666667,1.4925,,110.76491666666668
2012-08-09,23.32,12.6,100.0,65.05,9.56,,26.0,0.0,17.37,17.55,17.55,24.0,19.652916666666666,86.95833333333333,1.3489930555555556,,158.972625
2012-08-10,25.2,16.44,100.0,63.02,13.72,,21.0,0.0,16.21,16.44,16.44,24.0,19.072083333333335,92.56791666666668,1.1366898148148148,,98.03408333333334
2012-08-11,25.32,16.39,100.0,68.22,8.46,,197.0,0.0,17.49,18.02,18.02,24.0,19.262083333333333,88.21708333333333,1.2115972222222222,,124.91308333333332
2012-08-12,25.17,16.64,98.7,64.2,10.78,,64.0,0.0,16.78,17.71,17.71,24.0,20.1375,88.23291666666667,1.2295601851851852,,168.33666666666667
2012-08-13,26.94,17.13,99.8,63.87,14.53,,79.0,0.0,17.2,17.23,17.23,24.0,19.05375,84.61666666666666,1.2907291666666667,,141.03954166666668
2012-08-14,25.78,15.6,100.0,56.3,12.17,,64.0,0.229,14.43,16.28,16.28,24.0,19.28,85.7725,1.2194675925925924,,131.65416666666667
2012-08-15,25.5,16.29,98.5,62.37,11.36,,241.0,0.0,17.76,18.15,18.15,24.0,20.57125,91.10125,1.4666666666666668,,154.70920833333335
2012-08-16,26.99,17.58,100.0,66.76,13.35,,93.0,0.0,19.46,19.95,19.95,24.0,21.156666666666666,91.21249999999999,1.1810532407407408,,127.76145833333334
2012-08-17,27.5,18.33,100.0,64.63,11.03,,64.0,0.0,19.29,20.36,20.36,24.0,21.10125,93.36666666666667,1.1914236111111112,,70.52499999999999
2012-08-18,24.59,19.52,99.5,79.96,6.087,,75.0,0.0,19.69,20.07,20.07,24.0,21.734583333333333,90.01833333333333,2.2191666666666667,,167.657125
2012-08-19,26.02,19.71,98.7,70.06,14.47,,52.0,0.0,19.47,19.75,19.75,24.0,21.16541666666667,91.17041666666667,1.2829629629629629,,135.21395833333332
2012-08-20,26.22,18.6,100.0,65.85,11.67,,88.0,0.0,18.55,18.63,18.63,24.0,20.838333333333335,89.30833333333334,1.274074074074074,,141.79095833333332
2012-08-21,26.21,17.62,100.0,61.66,12.24,,33.0,0.0,18.91,19.18,19.18,24.0,21.383333333333336,89.89833333333333,1.1406944444444445,,150.32004166666667
2012-08-22,28.54,18.35,100.0,61.59,12.97,,97.0,0.0,19.3,19.48,19.48,24.0,21.056250000000002,89.235,1.0767592592592592,,140.47658333333334
2012-08-23,27.95,18.31,100.0,59.73,12.12,,75.0,0.0,18.21,18.74,18.74,24.0,21.3875,84.40125,1.3517939814814814,,220.55591666666666
2012-08-24,27.15,17.69,100.0,54.16,19.03,,32.0,0.0,18.12,19.11,19.11,24.0,21.454166666666666,87.10083333333334,1.3168055555555556,,174.30483333333333
2012-08-25,29.18,17.59,99.8,58.74,15.04,,78.0,0.0,19.41,20.2,20.2,24.0,20.971666666666668,85.66125,1.2601041666666666,,171.48183333333336
2012-08-26,28.42,16.69,100.0,59.0,14.8,,239.0,0.0,13.81,16.7,16.7,24.0,16.314583333333335,87.09166666666665,0.967974537037037,,36.326625
2012-08-27,17.45,14.98,96.8,81.6,3.135,,220.0,0.0,14.59,15.86,15.86,24.0,16.8475,90.71249999999999,1.3855208333333333,,47.91887500000001
2012-08-28,18.67,15.6,97.3,79.28,4.136,,248.0,0.0,15.34,16.59,16.59,24.0,15.789166666666667,99.04583333333333,2.352233796296296,,34.034124999999996
2012-08-29,16.67,15.06,100.0,91.7,2.9370000000000003,,251.0,14.17,15.39,15.39,15.39,24.0,17.449583333333333,91.77875,1.3987731481481482,,106.75099999999999
2012-08-30,23.53,14.76,100.0,65.82,9.21,,235.0,0.457,16.48,17.12,17.12,24.0,18.402916666666666,87.18791666666668,1.5910416666666667,,140.58979166666666
2012-08-31,23.75,15.42,100.0,58.87,12.13,,2.0,0.914,15.33,15.88,15.88,24.0,18.394166666666667,85.39166666666667,1.3011458333333332,,236.93433333333334
2012-09-01,26.01,12.55,100.0,52.87,20.45,,29.0,0.0,15.5,15.59,15.59,24.0,18.938333333333333,89.02875,1.4964120370370368,,208.53083333333333
2012-09-02,26.88,14.17,100.0,59.62,18.0,,87.0,0.0,17.92,18.51,18.51,24.0,21.228333333333335,86.51333333333334,1.1629282407407406,,203.61625
2012-09-03,28.23,17.96,99.5,55.77,17.57,,77.0,0.0,17.79,17.96,17.96,24.0,19.288333333333334,85.35041666666666,1.1846412037037037,,109.70937500000001
2012-09-04,26.07,16.62,100.0,53.11,9.47,,155.0,0.0,15.71,16.62,16.62,24.0,17.616249999999997,86.36333333333333,1.4068402777777778,,77.90858333333333
2012-09-05,20.66,16.09,97.2,65.04,6.724,,29.0,0.0,15.94,16.39,16.39,24.0,19.559583333333332,83.28791666666667,1.5303125,,232.44791666666666
2012-09-06,26.32,14.73,99.7,56.41,20.06,,80.0,0.0,15.91,16.14,16.14,24.0,18.675,91.82291666666667,1.3719212962962963,,133.277625
2012-09-07,24.79,15.55,100.0,64.38,11.5,,25.0,0.0,17.9,18.47,18.47,24.0,20.980416666666667,86.73291666666667,1.2533449074074074,,116.66483333333333
2012-09-08,26.04,17.87,99.6,64.98,10.07,,74.0,0.229,18.9,19.58,19.58,24.0,22.07875,88.70583333333333,1.2607870370370369,,177.01433333333333
2012-09-09,28.39,19.28,99.0,65.15,15.28,,32.0,0.0,20.48,20.64,20.64,24.0,20.4925,91.97500000000001,1.1138657407407406,,36.367625
2012-09-10,21.83,19.21,99.5,81.7,3.1390000000000002,,77.0,0.0,19.04,19.36,19.36,24.0,20.060416666666665,96.21666666666665,1.0459143518518519,,50.447875
2012-09-11,23.44,18.63,100.0,81.8,4.354,,221.0,14.17,19.09,19.09,19.09,24.0,21.769166666666667,86.65375,1.5786805555555556,,215.09845833333335
2012-09-12,29.69,18.45,100.0,52.43,18.56,,190.0,0.0,18.32,19.52,19.52,24.0,21.022916666666667,86.17333333333333,1.2302893518518518,,131.57416666666666
2012-09-13,25.24,17.66,100.0,67.56,11.36,,231.0,36.25,18.86,18.85,18.85,24.0,20.134166666666665,89.77708333333334,1.293611111111111,,109.59370833333332
2012-09-14,24.48,17.41,100.0,71.58,9.46,,219.0,0.914,17.47,17.49,17.49,24.0,20.089166666666667,90.44875,1.828865740740741,,133.56733333333332
2012-09-15,24.91,17.03,100.0,73.59,11.53,,34.0,2.057,19.05,20.34,20.34,24.0,21.497500000000002,88.05208333333333,1.6194907407407406,,187.763875
2012-09-16,26.68,17.34,98.7,61.6,16.21,,78.0,0.0,20.42,21.02,21.02,24.0,22.197083333333335,88.62333333333333,1.12375,,132.14158333333333
2012-09-17,28.3,19.84,99.2,63.31,11.4,,16.0,0.0,19.62,20.44,20.44,24.0,23.47083333333333,84.69208333333333,1.3822106481481482,,207.54958333333332
2012-09-18,32.6,18.15,99.9,53.68,17.91,,36.0,0.0,20.72,22.21,22.21,24.0,23.491249999999997,87.48333333333333,1.4811458333333334,,145.67333333333332
2012-09-19,28.0,20.71,99.7,69.82,12.57,,79.0,0.0,20.88,20.92,20.92,24.0,23.8175,80.73666666666666,2.7597685185185186,,51.220375
2012-09-20,29.72,20.91,100.0,53.38,4.42,,244.0,1.143,13.66,22.17,22.17,24.0,20.365416666666665,60.24125,2.834699074074074,,281.1392916666667
2012-09-21,27.23,16.48,87.9,33.17,24.26,,196.0,0.0,14.62,16.77,16.77,24.0,17.923333333333336,90.09125,2.0992824074074075,,91.59775
2012-09-22,25.32,15.16,100.0,61.96,7.906,,228.0,20.37,13.72,16.95,16.95,24.0,18.90041666666667,67.41041666666666,1.7867476851851851,,284.68766666666664
2012-09-23,26.12,13.71,99.4,32.0,24.57,,224.0,0.0,12.52,13.73,13.73,24.0,17.642083333333336,78.4875,2.0825925925925923,,162.44725
2012-09-24,23.81,12.86,96.4,53.76,14.02,,33.0,0.0,13.49,17.21,17.21,24.0,19.807916666666667,82.64208333333333,1.7252314814814813,,153.822125
2012-09-25,25.28,14.68,95.8,62.49,13.28,,28.0,0.0,19.19,20.52,20.52,24.0,18.467916666666667,92.625,1.2002893518518518,,34.024375
2012-09-26,20.84,11.77,99.4,79.33,2.9370000000000003,,227.0,11.33,11.74,11.85,11.85,24.0,14.6575,61.437916666666666,3.2279166666666668,,291.4172916666667
2012-09-27,21.9,9.15,99.8,34.47,25.15,,220.0,0.229,8.08,13.01,13.01,24.0,15.580833333333333,75.09791666666666,1.7703819444444446,,164.555375
2012-09-28,23.57,10.72,92.6,47.63,14.2,,215.0,0.0,12.24,13.83,13.83,24.0,16.432916666666667,86.69875,1.5819097222222223,,123.95929166666667
2012-09-29,22.64,13.0,99.5,55.38,10.7,,32.0,1.6,14.9,15.01,15.01,24.0,18.32166666666667,87.04541666666667,2.0496527777777778,,189.77904166666667
2012-09-30,24.38,13.73,100.0,60.47,16.38,,29.0,0.229,16.94,18.43,18.43,24.0,19.6225,84.83416666666666,2.0778703703703703,,132.49979166666665
2012-10-01,24.07,17.51,95.2,66.71,11.44,,34.0,0.686,16.19,17.94,17.94,24.0,18.56,92.87625000000001,1.5140856481481482,,73.85666666666667
2012-10-02,22.86,15.34,100.0,71.27,6.375,,11.0,12.67,16.61,16.77,16.77,24.0,20.256249999999998,89.50166666666667,1.4465509259259257,,182.4695416666667
2012-10-03,26.06,15.6,100.0,66.34,15.75,,209.0,0.0,19.76,20.09,20.09,24.0,21.379583333333333,91.97000000000001,1.0802199074074073,,92.00983333333333
2012-10-04,26.59,18.82,100.0,67.78,7.941,,217.0,0.0,20.12,20.25,20.25,24.0,21.00125,97.33333333333333,1.2488773148148147,,40.636125
2012-10-05,22.81,19.47,100.0,90.7,3.507,,189.0,0.914,20.51,20.52,20.52,24.0,21.923333333333332,95.325,0.9991782407407408,,77.45695833333333
2012-10-06,25.35,20.39,100.0,82.2,6.6850000000000005,,80.0,0.686,21.16,21.24,21.24,24.0,22.775000000000002,92.61208333333333,1.0983796296296295,,115.83850000000001
2012-10-07,28.66,20.92,100.0,69.49,10.0,,80.0,0.0,20.64,21.34,21.34,24.0,22.989583333333332,89.14875,1.120648148148148,,176.37116666666665
2012-10-08,29.43,20.41,100.0,65.54,15.22,,63.0,0.0,20.07,21.53,21.53,24.0,23.174166666666665,84.73208333333334,1.2227662037037037,,185.12733333333333
2012-10-09,28.96,20.06,99.0,57.02,15.98,,75.0,0.0,20.06,20.34,20.34,24.0,23.47875,84.73333333333333,1.3553703703703703,,243.550875
2012-10-10,29.41,20.02,99.1,58.59,21.02,,29.0,0.0,20.98,22.39,22.39,24.0,22.525000000000002,94.53083333333332,1.3337962962962964,,46.019749999999995
2012-10-11,26.49,21.0,100.0,76.84,3.972,,230.0,3.886,21.04,21.04,21.04,24.0,17.94333333333333,97.94166666666666,2.6071874999999998,,33.637541666666664
2012-10-12,21.06,16.28,100.0,92.1,2.903,,230.0,18.75,16.27,16.28,16.28,24.0,17.8075,93.15291666666667,1.8431828703703703,,83.73783333333334
2012-10-13,21.28,16.01,100.0,72.12,7.227,,233.0,17.14,15.72,16.79,16.79,24.0,18.344166666666666,87.37041666666666,1.389525462962963,,126.08383333333335
2012-10-14,22.89,15.5,100.0,63.19,10.88,,217.0,4.343,16.63,16.67,16.67,24.0,18.43916666666667,86.09125,1.4207523148148147,,118.35045833333334
2012-10-15,22.69,16.14,100.0,58.22,10.21,,89.0,0.229,16.51,17.21,17.21,24.0,20.186249999999998,77.21333333333332,1.8485416666666667,,231.768375
2012-10-16,26.1,16.25,99.0,48.4,20.0,,27.0,0.0,15.78,20.11,20.11,24.0,21.07875,82.14999999999999,2.0194907407407405,,196.438625
2012-10-17,26.56,16.88,95.8,60.41,16.95,,19.0,0.0,19.22,20.02,20.02,24.0,23.92125,83.55375,1.5335185185185185,,291.51550000000003
2012-10-18,30.47,18.46,100.0,55.36,25.16,,59.0,0.0,20.93,21.16,21.16,24.0,22.46875,73.74708333333334,1.6925810185185186,,303.529
2012-10-19,29.58,18.28,99.4,37.45,26.2,,59.0,0.0,16.75,19.89,19.89,24.0,21.332083333333333,77.35875,1.6455208333333333,,174.58658333333332
2012-10-20,25.45,18.66,95.3,55.48,15.07,,84.0,0.0,18.55,19.8,19.8,24.0,22.220416666666665,86.48916666666666,1.4079398148148148,,183.40504166666665
2012-10-21,27.64,18.83,98.1,63.35,15.83,,45.0,0.0,20.5,20.87,20.87,24.0,22.964166666666667,94.76125,1.3058217592592591,,111.67695833333333
2012-10-22,29.73,19.99,100.0,68.04,9.64,,248.0,13.03,21.93,21.93,21.93,24.0,23.82166666666667,92.1375,1.5999421296296295,,163.46454166666666
2012-10-23,28.89,20.9,100.0,71.49,14.11,,207.0,67.54,20.97,20.97,20.97,24.0,23.0575,88.44041666666668,1.7011805555555555,,71.24670833333333
2012-10-24,27.54,20.29,100.0,59.4,6.149,,10.0,13.94,17.6,24.15,24.15,24.0,23.217083333333335,67.00375,2.490775462962963,,323.18675
2012-10-25,29.02,18.9,97.1,45.54,27.89,,214.0,0.457,18.97,19.43,19.43,24.0,20.190416666666668,97.64583333333333,1.3426041666666666,,38.57025
2012-10-26,22.66,18.74,100.0,87.3,3.332,,27.0,7.315,19.1,19.57,19.57,24.0,20.105,99.5125,1.1216666666666666,,18.476541666666666
2012-10-27,20.99,19.22,100.0,95.9,1.591,,257.0,24.08,20.26,20.26,20.26,24.0,23.67375,90.46916666666668,1.4170023148148145,,247.1364166666667
2012-10-28,29.45,19.68,100.0,67.49,21.33,,19.0,0.0,22.77,22.77,22.77,24.0,25.842083333333335,86.8125,1.4858333333333331,,197.43949999999998
2012-10-29,33.65,22.31,99.9,52.13,17.04,,214.0,0.0,23.51,23.61,23.61,24.0,24.446250000000003,92.86666666666667,1.0887384259259258,,97.15499999999999
2012-10-30,28.35,22.82,99.9,78.5,8.38,,72.0,0.0,22.79,22.92,22.92,24.0,25.2925,91.08291666666666,1.2797569444444445,,112.10995833333334
2012-10-31,29.42,22.6,100.0,61.87,9.68,,193.0,0.0,23.16,24.0,24.0,24.0,25.43625,85.76458333333333,1.2973611111111112,,231.42679166666667
2012-11-01,34.29,20.44,99.6,50.63,19.97,,200.0,7.772,20.17,20.44,20.44,24.0,21.0675,89.94583333333333,0.8787152777777778,,69.73679166666666
2012-11-02,23.48,19.29,99.9,78.6,6.018,,55.0,0.457,18.48,19.31,19.31,24.0,20.34625,93.40166666666666,0.9138078703703704,,70.85695833333334
2012-11-03,23.3,18.63,99.6,76.46,6.115,,235.0,1.143,19.67,19.72,19.72,24.0,21.359583333333333,90.11083333333333,1.065173611111111,,106.19295833333332
2012-11-04,24.97,19.32,100.0,70.74,9.16,,50.0,3.429,19.67,21.23,21.23,24.0,23.71625,85.07083333333334,1.6968171296296297,,300.4952083333333
2012-11-05,29.29,19.52,100.0,61.06,25.93,,54.0,1.8290000000000002,21.88,22.11,22.11,24.0,24.37875,84.14083333333333,1.6800231481481482,,307.95725
2012-11-06,29.19,20.82,99.2,59.3,26.58,,48.0,0.0,20.78,22.31,22.31,24.0,24.165000000000003,80.71208333333333,1.3134143518518517,,235.13916666666668
2012-11-07,30.2,20.14,97.3,53.61,20.29,,4.0,0.0,19.79,21.27,21.27,24.0,24.097083333333334,82.1025,2.036863425925926,,309.852625
2012-11-08,29.85,19.41,99.1,50.66,26.75,,89.0,0.0,21.64,23.57,23.57,24.0,24.008333333333336,89.97583333333334,2.082951388888889,,89.729625
2012-11-09,26.78,22.39,98.7,75.39,7.744,,67.0,2.286,22.22,22.43,22.43,24.0,23.218333333333334,99.30416666666667,1.2574305555555554,,51.00062500000001
2012-11-10,24.0,22.37,100.0,97.8,4.402,,87.0,36.17,23.03,23.03,23.03,24.0,24.26625,94.20083333333334,1.3158796296296296,,167.16629166666667
2012-11-11,29.06,22.7,100.0,73.9,14.43,,58.0,7.315,22.62,23.01,23.01,24.0,26.385416666666668,85.815,1.2357986111111112,,283.99566666666664
2012-11-12,33.74,22.1,100.0,60.58,24.51,,71.0,0.0,22.8,24.49,24.49,24.0,22.778333333333332,91.48333333333333,1.1702777777777778,,56.445125
2012-11-13,24.65,20.1,100.0,80.6,4.871,,85.0,6.858,20.18,20.18,20.18,24.0,20.14125,83.41833333333334,1.2061921296296296,,106.39091666666667
2012-11-14,24.65,16.95,100.0,60.45,9.18,,200.0,2.286,17.57,18.19,18.19,24.0,19.063333333333333,90.72291666666666,1.6626620370370369,,127.15999999999998
2012-11-15,25.56,16.96,100.0,67.4,10.97,,258.0,7.874,17.12,17.12,17.12,24.0,20.362916666666667,88.30166666666666,1.5141898148148147,,276.223125
2012-11-16,26.61,15.73,100.0,60.19,23.84,,194.0,8.48,18.66,18.66,18.66,24.0,20.756249999999998,89.78541666666666,1.3839699074074074,,133.42829166666667
2012-11-17,26.72,17.93,100.0,65.27,11.52,,240.0,19.25,18.89,19.45,19.45,24.0,21.832916666666666,81.79916666666666,1.4948148148148148,,243.77958333333333
2012-11-18,27.93,18.31,100.0,57.2,21.04,,86.0,0.0,17.11,19.63,19.63,24.0,22.391666666666666,77.32958333333333,1.8041319444444444,,280.6929166666667
2012-11-19,28.01,17.98,96.7,48.88,24.22,,90.0,0.0,18.93,21.24,21.24,24.0,23.607916666666668,77.4175,1.9453356481481483,,317.2416666666667
2012-11-20,29.08,18.73,95.3,53.08,27.38,,37.0,0.0,20.74,22.87,22.87,24.0,25.765,78.13166666666667,1.2979050925925926,,324.9425
2012-11-21,32.88,20.74,98.1,49.42,28.04,,21.0,0.0,21.21,22.51,22.51,24.0,24.96375,74.68333333333334,1.1952546296296296,,338.75916666666666
2012-11-22,30.81,21.28,93.5,47.61,29.24,,68.0,0.0,20.35,21.88,21.88,24.0,24.39375,79.00791666666667,1.5438773148148146,,221.3670833333333
2012-11-23,29.43,20.66,95.2,56.91,19.1,,60.0,0.0,20.46,23.61,23.61,24.0,25.552916666666665,80.19875,1.3585648148148148,,245.72608333333335
2012-11-24,32.78,22.91,96.6,55.68,21.21,,60.0,1.6,22.69,23.25,23.25,24.0,23.93375,88.61375,1.2569328703703704,,154.30958333333334
2012-11-25,28.92,20.33,100.0,71.88,13.32,,118.0,8.25,18.0,21.83,21.83,24.0,22.609166666666667,67.16708333333334,1.241712962962963,,204.96166666666667
2012-11-26,26.55,19.88,83.2,46.49,17.69,,232.0,0.0,15.51,19.88,19.88,24.0,21.26625,80.01458333333333,1.5901157407407407,,166.68891666666664
2012-11-27,26.13,17.15,96.9,58.18,14.38,,80.0,0.0,18.99,20.64,20.64,24.0,22.609583333333333,85.60916666666667,1.7616087962962963,,162.627375
2012-11-28,27.77,19.46,99.1,63.1,14.04,,331.0,8.23,20.22,20.38,20.38,24.0,24.83375,78.7025,1.783761574074074,,347.17954166666664
2012-11-29,32.28,18.49,99.9,52.24,29.96,,225.0,0.914,22.19,22.92,22.92,24.0,25.229166666666668,82.86333333333333,1.483796296296296,,290.1770833333333
2012-11-30,31.2,21.04,100.0,54.98,25.04,,74.0,0.0,21.61,23.41,23.41,24.0,24.325833333333335,85.68374999999999,1.9333217592592593,,150.69516666666667
2012-12-01,27.69,22.43,95.3,68.8,13.01,,51.0,0.457,21.07,23.26,23.26,24.0,24.899583333333336,83.96083333333333,1.8180324074074072,,233.03479166666668
2012-12-02,30.45,20.74,99.4,62.08,20.11,,78.0,1.8290000000000002,22.52,22.6,22.6,24.0,23.417916666666667,93.82833333333333,1.2052546296296296,,122.68433333333333
2012-12-03,30.18,21.11,100.0,64.69,10.59,,85.0,7.772,22.0,22.0,22.0,24.0,24.857916666666668,88.14958333333334,1.3356828703703705,,164.93958333333333
2012-12-04,31.59,21.31,100.0,62.21,14.24,,78.0,0.229,22.68,23.95,23.95,24.0,26.14708333333333,85.29,1.5710185185185184,,263.40500000000003
2012-12-05,31.43,22.57,98.4,62.77,22.73,,76.0,0.0,23.39,24.92,24.92,24.0,26.822083333333335,85.72833333333334,1.3852430555555555,,192.83354166666666
2012-12-06,32.68,24.01,97.7,63.78,16.64,,102.0,0.0,23.72,24.92,24.92,24.0,28.047916666666666,83.16250000000001,1.5527430555555555,,317.58366666666666
2012-12-07,35.81,23.21,99.1,55.43,27.41,,96.0,0.0,24.9,25.47,25.47,24.0,29.008750000000003,82.76916666666666,1.4261921296296294,,225.10500000000002
2012-12-08,39.73,24.74,98.8,44.66,19.43,,16.0,9.5,24.67,30.25,26.92,24.0,25.04125,86.74833333333333,1.0541203703703703,,65.384625
2012-12-09,27.34,22.51,98.4,72.79,5.643,,56.0,0.229,22.26,22.51,22.51,24.0,23.971666666666668,90.72958333333334,1.189710648148148,,128.43666666666667
2012-12-10,28.46,21.25,100.0,65.67,11.08,,18.0,1.143,22.16,23.59,23.59,24.0,26.52,81.33541666666666,1.700925925925926,,293.3974583333333
2012-12-11,31.6,22.3,95.5,60.38,25.33,,48.0,0.0,23.88,25.1,25.1,24.0,27.01625,79.2325,1.9428819444444443,,131.903
2012-12-12,32.64,22.57,97.8,40.56,11.38,,260.0,12.14,21.67,24.29,24.29,24.0,24.82875,88.68791666666668,1.243310185185185,,102.65966666666668
2012-12-13,29.56,23.09,97.7,73.4,8.86,,34.0,0.229,23.24,24.48,24.48,24.0,25.463333333333335,88.09375,1.2794212962962963,,133.52020833333333
2012-12-14,30.96,22.61,99.1,67.65,11.52,,25.0,0.0,22.78,23.81,23.81,24.0,22.3225,95.12083333333334,1.8002199074074074,,43.813500000000005
2012-12-15,23.81,21.01,100.0,87.6,3.781,,223.0,7.315,21.46,21.46,21.46,24.0,23.99291666666667,92.48166666666667,1.123888888888889,,99.90974999999999
2012-12-16,27.88,21.21,100.0,73.71,8.62,,211.0,9.14,23.43,23.43,23.43,24.0,25.724999999999998,92.79333333333334,1.1567361111111112,,159.80941666666666
2012-12-17,30.69,23.1,100.0,71.43,13.79,,97.0,0.457,24.67,24.67,24.67,24.0,28.635,82.33291666666666,1.347361111111111,,300.019125
2012-12-18,36.66,23.95,100.0,56.21,25.89,,81.0,0.0,22.42,25.43,25.43,24.0,27.43041666666667,75.59083333333334,1.7261111111111112,,337.3570833333333
2012-12-19,33.13,23.13,94.4,37.9,29.11,,5.0,0.0,24.14,25.78,25.78,24.0,25.888333333333332,91.98083333333334,1.6236805555555556,,170.49875
2012-12-20,31.04,21.89,100.0,70.97,14.71,,315.0,29.92,22.85,22.85,22.85,24.0,25.5625,91.02083333333333,1.6105092592592591,,251.82833333333335
2012-12-21,33.15,22.09,100.0,66.8,21.74,,202.0,15.72,23.62,23.8,23.8,24.0,26.47875,87.8275,1.3695717592592593,,238.973125
2012-12-22,34.97,22.11,100.0,58.95,20.63,,162.0,14.63,21.84,22.2,22.2,24.0,23.55,89.48041666666666,1.5980439814814815,,140.32620833333334
2012-12-23,28.38,21.37,100.0,64.53,12.11,,259.0,2.972,21.42,21.67,21.67,24.0,24.346249999999998,82.38541666666667,1.5404513888888889,,242.29270833333337
2012-12-24,29.87,20.37,100.0,56.57,20.91,,73.0,0.229,21.24,23.58,23.58,24.0,26.644166666666667,82.27708333333334,1.569861111111111,,298.10054166666663
2012-12-25,32.5,21.09,99.0,58.43,25.73,,29.0,0.0,25.24,26.48,26.48,24.0,30.096249999999998,81.75625000000001,1.340034722222222,,299.344125
2012-12-26,36.23,25.33,98.0,60.96,25.83,,43.0,0.0,25.71,34.56,28.63,24.0,31.209999999999997,70.30416666666666,1.4522685185185187,,245.141375
2012-12-27,41.61,25.09,90.2,35.21,21.16,,230.0,0.0,22.95,25.09,25.09,24.0,23.517083333333332,93.29583333333333,1.1109606481481482,,55.266708333333334
2012-12-28,25.08,21.8,100.0,82.6,4.77,,83.0,6.401,21.87,21.87,21.87,24.0,24.19458333333333,93.89875,1.392789351851852,,163.88108333333332
2012-12-29,30.67,21.45,100.0,71.63,14.14,,224.0,34.7,22.34,22.34,22.34,24.0,23.394166666666667,96.75833333333333,1.0699537037037037,,64.62995833333333
2012-12-30,27.1,21.83,100.0,81.7,5.578,,65.0,24.69,22.29,22.29,22.29,24.0,24.7025,92.82375,1.1431828703703704,,125.36258333333335
2012-12-31,29.06,21.91,100.0,74.55,10.82,,74.0,2.057,23.98,24.38,24.38,24.0,24.895416666666666,95.42916666666667,1.3038425925925925,,125.23529166666667
2013-01-01,32.38,22.36,100.0,64.04,10.81,,208.0,38.25,22.84,22.84,22.84,24.0,25.144166666666667,89.13041666666668,1.6587037037037036,,134.18308333333334
2013-01-02,31.99,22.33,100.0,55.58,11.58,8.65,266.0,5.029,20.76,22.34,22.34,24.0,21.150000000000002,90.45083333333334,1.5573958333333333,,85.19445833333334
2013-01-03,23.89,19.31,98.7,73.5,7.352,5.3805555555555555,267.0,0.457,19.14,19.35,19.35,24.0,20.979166666666668,93.27375,1.5168287037037036,,107.67529166666667
2013-01-04,26.38,18.65,100.0,70.6,9.29,5.319444444444444,52.0,2.743,19.88,19.92,19.92,24.0,21.92,96.87083333333334,1.1616435185185185,,102.52641666666666
2013-01-05,25.08,19.76,100.0,82.9,8.85,4.338888888888889,80.0,4.115,21.96,21.96,21.96,24.0,24.87375,92.23083333333334,1.5324189814814815,,183.52679166666667
2013-01-06,30.31,21.64,100.0,73.34,15.84,6.688888888888888,58.0,4.572,24.19,24.19,24.19,24.0,26.218333333333334,92.53291666666667,1.3539467592592593,,144.32095833333332
2013-01-07,31.56,23.07,100.0,73.6,12.46,4.769444444444445,207.0,2.743,22.06,24.38,24.38,24.0,27.495416666666667,79.43583333333333,1.549386574074074,,273.65683333333334
2013-01-08,34.16,21.24,97.9,55.57,23.62,4.888888888888889,196.0,0.0,25.45,30.32,26.78,24.0,26.295,91.54083333333334,1.3087615740740741,,72.85908333333333
2013-01-09,30.88,24.36,99.8,66.41,6.288,7.838888888888889,256.0,3.886,24.12,24.68,24.68,24.0,25.510833333333334,91.78750000000001,1.2241087962962962,,94.82854166666668
2013-01-10,28.89,22.99,98.5,76.49,8.18,4.811111111111111,198.0,0.457,21.1,23.28,23.28,24.0,24.645,76.58458333333333,1.859837962962963,,284.65845833333333
2013-01-11,30.72,20.8,94.1,50.8,24.57,5.1499999999999995,242.0,0.0,18.45,21.64,21.64,24.0,23.463333333333335,70.46541666666667,1.9725810185185184,,325.2595416666667
2013-01-12,30.04,18.75,91.3,42.33,28.08,7.261111111111111,211.0,0.0,17.09,21.24,21.24,24.0,22.814166666666665,75.36416666666666,1.704872685185185,,217.0905
2013-01-13,28.79,17.29,96.2,50.54,18.74,5.680555555555555,61.0,0.0,19.02,20.11,20.11,24.0,22.085416666666664,90.55916666666667,1.3742708333333333,,105.93374999999999
2013-01-14,26.5,18.74,99.3,72.28,9.14,4.780555555555556,119.0,1.8290000000000002,21.17,21.28,21.28,24.0,23.18375,94.77499999999999,1.3292939814814815,,123.66066666666666
2013-01-15,29.26,20.82,100.0,70.97,10.67,4.9111111111111105,253.0,37.64,21.79,21.79,21.79,24.0,24.66416666666667,87.34375,1.480138888888889,,300.484125
2013-01-16,31.4,20.75,100.0,64.99,25.94,5.188888888888889,227.0,5.029,22.24,22.66,22.66,24.0,24.318749999999998,89.53750000000001,1.2946875,,117.75129166666666
2013-01-17,27.41,22.0,98.7,76.95,10.16,4.930555555555555,60.0,0.0,22.04,22.52,22.52,24.0,25.676666666666666,81.75750000000001,1.4803240740740742,,306.26508333333334
2013-01-18,32.62,20.66,100.0,53.53,26.43,6.230555555555555,44.0,0.0,22.18,24.27,24.27,24.0,24.79041666666667,87.41125,1.2028703703703703,,211.04125
2013-01-19,32.8,21.88,100.0,51.08,18.21,5.830555555555555,65.0,20.57,21.97,21.97,21.97,24.0,24.36583333333333,86.20625,1.4219675925925925,,225.65833333333333
2013-01-20,29.86,21.04,100.0,59.04,19.47,5.230555555555555,70.0,8.46,20.84,21.16,21.16,24.0,23.90416666666667,85.11833333333333,1.5028009259259258,,271.77483333333333
2013-01-21,31.21,20.56,100.0,53.57,23.45,5.519444444444445,288.0,10.11,20.72,20.72,20.72,24.0,23.4375,81.19583333333334,1.4034259259259259,,273.06754166666667
2013-01-22,29.71,19.68,100.0,46.01,23.57,5.219444444444444,58.0,10.01,18.66,20.14,20.14,24.0,22.470416666666665,84.9525,1.7578356481481483,,186.22845833333335
2013-01-23,28.39,18.93,99.7,50.77,16.07,6.25,34.0,7.366,19.96,20.0,20.0,24.0,23.40625,87.45333333333333,1.941539351851852,,258.69891666666666
2013-01-24,29.92,19.73,100.0,62.46,22.32,7.161111111111111,49.0,4.343,21.87,23.09,23.09,24.0,26.07041666666667,82.99249999999999,1.734178240740741,,331.56529166666667
2013-01-25,32.3,20.56,100.0,58.39,28.62,6.8,9.0,0.0,24.24,25.74,25.74,24.0,27.827083333333334,83.97375,1.2660185185185184,,247.99329166666666
2013-01-26,39.02,23.52,99.9,43.35,21.4,7.211111111111111,29.0,1.854,23.1,24.18,24.18,24.0,23.910416666666666,79.05624999999999,1.1523379629629629,,94.78220833333334
2013-01-27,26.44,20.76,93.5,63.86,8.18,5.288888888888889,122.0,0.0,18.88,20.76,20.76,24.0,22.047083333333333,88.56541666666668,1.2502546296296295,,90.164375
2013-01-28,25.82,19.46,99.5,71.42,7.781,3.861111111111111,252.0,0.229,20.63,21.52,21.52,24.0,25.078333333333333,82.01,1.898796296296296,,322.95054166666665
2013-01-29,31.46,20.22,100.0,50.17,27.87,6.738888888888889,16.0,0.229,21.95,24.14,24.14,24.0,26.137916666666666,78.47333333333333,1.6419444444444444,,341.4100833333334
2013-01-30,31.92,21.79,97.8,45.72,29.47,6.811111111111111,13.0,0.0,21.03,22.6,22.6,24.0,24.5275,82.18708333333333,1.515462962962963,,176.28104166666665
2013-01-31,29.89,20.32,98.5,62.31,15.21,5.338888888888889,78.0,0.229,21.71,23.17,23.17,24.0,25.414583333333336,87.62333333333333,1.7828009259259259,,215.26870833333336
2013-02-01,30.99,21.71,100.0,67.77,18.58,6.949999999999999,49.0,1.8290000000000002,23.18,25.51,25.51,24.0,27.390416666666667,82.62666666666667,1.6637152777777777,,239.897125
2013-02-02,32.97,23.78,97.9,58.96,20.7,6.8805555555555555,52.0,0.0,24.67,26.28,26.28,24.0,27.635833333333334,86.34916666666668,1.5100810185185185,,202.15025
2013-02-03,33.88,23.11,99.1,64.75,17.45,6.588888888888889,208.0,0.914,23.03,23.42,23.42,24.0,24.990416666666665,88.23416666666667,1.1588194444444444,,149.98445833333332
2013-02-04,30.44,21.59,99.6,64.38,12.94,5.6499999999999995,235.0,6.629,21.84,21.91,21.91,24.0,23.609166666666667,78.15666666666667,1.4777430555555557,,184.54858333333334
2013-02-05,29.26,20.86,99.6,51.12,15.93,5.1499999999999995,211.0,0.0,18.58,22.21,22.21,24.0,24.024166666666662,77.82375,1.6937499999999999,,188.96591666666666
2013-02-06,28.82,20.03,97.2,59.97,16.31,7.749999999999999,36.0,0.457,20.37,24.52,24.52,24.0,23.172916666666666,88.47708333333333,1.4619675925925926,,107.72533333333332
2013-02-07,26.8,20.6,100.0,72.17,9.3,7.3,17.0,19.48,20.54,21.89,21.89,24.0,21.446250000000003,94.35458333333334,1.4575694444444443,,67.52504166666667
2013-02-08,25.28,19.8,100.0,70.1,5.828,5.469444444444445,225.0,62.05,19.86,19.86,19.86,24.0,22.41125,96.05,1.7031481481481483,,117.60804166666667
2013-02-09,27.58,19.79,100.0,79.78,10.15,5.188888888888889,208.0,34.77,21.57,21.57,21.57,24.0,23.44333333333333,96.58749999999999,1.001886574074074,,104.41929166666667
2013-02-10,27.41,21.22,100.0,79.81,9.01,3.9805555555555556,40.0,14.05,23.23,23.23,23.23,24.0,24.105833333333333,96.15833333333335,1.1507060185185185,,108.70083333333334
2013-02-11,27.73,22.59,100.0,80.1,9.38,5.76111111111111,22.0,3.658,23.23,23.4,23.4,24.0,27.1425,84.71875,1.3745717592592592,,233.72124999999997
2013-02-12,34.57,22.71,100.0,55.9,20.17,6.580555555555556,58.0,0.914,24.41,25.0,25.0,24.0,25.694166666666664,92.3625,1.2992824074074074,,90.97620833333333
2013-02-13,31.11,22.27,99.2,68.8,7.852,7.55,255.0,10.82,23.43,23.55,23.55,24.0,26.36916666666667,88.24791666666665,1.4123958333333333,,251.31195833333334
2013-02-14,35.77,21.88,100.0,49.02,21.69,13.080555555555556,354.0,44.15,23.54,23.67,23.67,24.0,25.6725,93.5675,1.489675925925926,,151.07304166666668
2013-02-15,32.75,23.32,100.0,66.61,13.04,12.46111111111111,249.0,8.61,24.39,24.67,24.67,24.0,26.225416666666664,91.5425,1.109386574074074,,172.02920833333334
2013-02-16,32.59,23.17,100.0,68.16,14.85,7.05,233.0,2.743,23.95,24.05,24.05,24.0,25.14625,94.94083333333333,1.1535416666666667,,160.330875
2013-02-17,32.46,22.93,100.0,68.47,13.84,5.969444444444444,100.0,37.92,23.29,23.29,23.29,24.0,26.47583333333333,87.72958333333334,1.6337037037037037,,275.30725
2013-02-18,34.72,22.65,100.0,57.07,23.76,12.38888888888889,232.0,0.0,22.97,24.27,24.27,24.0,27.44125,79.76083333333334,1.3035185185185185,,218.30675
2013-02-19,35.59,22.47,98.8,46.98,18.84,8.25,209.0,0.0,23.03,25.04,25.04,24.0,27.069166666666664,83.65124999999999,1.4627777777777775,,227.74249999999998
2013-02-20,33.25,23.19,97.6,57.81,19.65,5.519444444444445,67.0,0.0,24.42,25.86,25.86,24.0,27.674166666666665,85.52749999999999,1.3890856481481482,,214.12645833333332
2013-02-21,33.16,23.81,100.0,57.22,18.48,5.530555555555556,76.0,0.0,25.48,26.64,26.64,24.0,28.764166666666668,83.5125,1.3657407407407407,,294.58216666666664
2013-02-22,35.18,24.2,97.9,59.03,25.42,6.680555555555555,29.0,2.134,24.51,25.61,25.61,24.0,24.25708333333333,91.41250000000001,1.3074421296296295,,45.69970833333333
2013-02-23,27.67,21.16,99.9,81.7,3.944,5.388888888888888,277.0,28.78,20.97,21.34,21.34,24.0,23.208333333333332,89.99958333333335,1.3127314814814814,,116.72870833333333
2013-02-24,27.76,20.41,100.0,68.01,10.07,3.8694444444444445,216.0,1.8290000000000002,21.52,21.81,21.81,24.0,25.437916666666666,85.96625,1.4555439814814815,,282.18874999999997
2013-02-25,31.85,20.49,100.0,62.03,24.36,5.388888888888888,36.0,0.0,24.26,25.47,25.47,24.0,27.506249999999998,85.50791666666667,1.5976620370370371,,245.42437500000003
2013-02-26,35.11,22.68,100.0,59.22,21.18,12.6,216.0,41.17,22.86,22.86,22.86,24.0,24.0725,96.14583333333333,1.0290046296296296,,101.67475
2013-02-27,29.21,22.87,100.0,78.55,8.78,4.419444444444444,202.0,15.37,22.33,23.26,23.26,24.0,24.0,87.44125000000001,1.1614351851851852,,159.0725
2013-02-28,28.56,21.77,95.7,70.99,13.73,4.680555555555556,97.0,0.457,20.59,22.09,22.09,24.0,23.32166666666667,90.17166666666667,1.4314467592592592,,135.84533333333334
2013-03-01,29.68,20.58,98.6,66.21,11.72,4.811111111111111,224.0,1.143,22.85,23.67,23.67,24.0,26.155,78.20041666666667,1.941435185185185,,306.38666666666666
2013-03-02,31.2,22.11,99.1,38.72,26.45,8.719444444444445,55.0,0.0,21.14,24.01,24.01,24.0,26.202916666666667,79.97291666666668,1.866284722222222,,285.96875
2013-03-03,31.61,21.53,97.1,55.98,24.68,6.75,80.0,0.0,23.36,25.54,25.54,24.0,27.07375,81.1125,1.7425,,269.7391666666667
2013-03-04,34.18,22.13,99.6,48.97,23.28,6.21111111111111,13.0,0.0,23.85,24.86,24.86,24.0,26.781666666666666,87.28833333333334,1.202962962962963,,212.66854166666667
2013-03-05,36.41,22.62,100.0,51.49,18.35,7.638888888888888,100.0,15.6,22.13,22.66,22.66,24.0,21.4175,99.74166666666667,1.0024074074074074,,28.298833333333334
2013-03-06,22.84,19.2,100.0,96.4,2.442,4.769444444444445,169.0,24.76,19.35,19.35,19.35,24.0,21.575416666666666,94.28333333333335,1.135,,78.61800000000001
2013-03-07,24.59,19.13,100.0,81.1,6.785,3.730555555555555,216.0,0.457,21.53,21.53,21.53,24.0,24.15041666666667,95.54166666666667,1.1088194444444444,,117.04087499999999
2013-03-08,29.18,21.42,100.0,75.31,10.1,3.4694444444444446,221.0,8.53,24.39,24.39,24.39,24.0,27.032083333333333,89.30208333333333,1.2804050925925925,,214.57920833333333
2013-03-09,34.25,23.25,100.0,59.7,18.52,4.669444444444444,65.0,2.972,25.45,25.75,25.75,24.0,25.89125,95.7925,1.2186574074074075,,88.036625
2013-03-10,30.63,23.21,100.0,77.09,7.598,5.8694444444444445,198.0,2.286,23.3,23.55,23.55,24.0,26.663749999999997,88.17041666666667,1.474537037037037,,253.81770833333334
2013-03-11,35.86,22.74,100.0,52.03,21.91,13.91111111111111,240.0,47.37,23.55,23.55,23.55,24.0,25.025833333333335,90.93083333333334,1.362685185185185,,132.32783333333333
2013-03-12,30.14,22.38,100.0,70.33,11.42,5.75,33.0,0.0,23.88,23.95,23.95,24.0,26.446250000000003,92.07208333333334,1.0556944444444445,,165.28729166666668
2013-03-13,32.6,23.52,100.0,63.92,14.27,6.288888888888889,22.0,1.6,24.95,24.95,24.95,24.0,24.393333333333334,90.43958333333335,1.6626967592592592,,78.40216666666667
2013-03-14,28.84,22.49,100.0,75.94,6.766,8.538888888888888,25.0,4.801,19.74,22.57,22.57,24.0,21.60375,87.33625,1.044699074074074,,62.72241666666667
2013-03-15,23.82,19.69,99.6,73.65,5.413,3.4194444444444443,221.0,0.229,19.26,20.27,20.27,24.0,20.9575,98.77499999999999,1.665798611111111,,51.768375
2013-03-16,23.9,19.16,100.0,92.8,4.468,4.9111111111111105,220.0,20.19,21.77,21.77,21.77,24.0,22.797083333333333,97.79166666666667,1.7656018518518517,,96.50466666666667
2013-03-17,28.15,20.61,100.0,80.7,8.33,5.780555555555555,113.0,33.38,21.06,21.08,21.08,24.0,21.406666666666666,87.42416666666666,1.1954050925925925,,65.41116666666666
2013-03-18,24.07,19.27,99.8,74.45,5.645,5.861111111111112,113.0,0.229,16.93,19.5,19.5,24.0,20.36,88.54666666666667,1.4417592592592594,,106.60358333333333
2013-03-19,25.82,17.75,100.0,63.63,9.2,5.538888888888889,209.0,3.2,19.33,19.39,19.39,24.0,20.027916666666666,98.31666666666666,1.1207175925925925,,56.65833333333333
2013-03-20,22.89,18.8,100.0,90.6,4.89,4.238888888888889,216.0,8.46,20.0,20.0,20.0,24.0,21.344583333333333,99.13333333333333,1.6006828703703704,,55.762750000000004
2013-03-21,23.78,19.64,100.0,92.6,4.813,6.680555555555555,33.0,25.2,21.87,22.02,22.02,24.0,25.314166666666665,86.98208333333334,1.4454166666666666,,218.15458333333333
2013-03-22,32.54,21.08,100.0,58.91,18.83,5.011111111111111,37.0,0.0,22.8,23.01,23.01,24.0,24.4075,82.01333333333334,1.751226851851852,,214.67070833333332
2013-03-23,30.55,20.15,98.7,50.41,18.53,6.8999999999999995,219.0,0.0,19.96,22.35,22.35,24.0,22.71375,82.93541666666667,1.0740277777777778,,77.62066666666666
2013-03-24,26.39,21.24,93.0,68.08,6.699,4.388888888888889,13.0,0.0,19.36,21.59,21.59,24.0,20.068749999999998,94.03750000000001,1.3959837962962964,,37.384791666666665
2013-03-25,23.29,16.81,100.0,80.6,3.226,4.8500000000000005,210.0,18.75,17.63,17.63,17.63,24.0,20.890416666666667,93.52333333333333,1.2982175925925927,,129.91229166666668
2013-03-26,27.4,17.55,100.0,73.01,11.21,4.338888888888889,259.0,2.515,21.27,21.27,21.27,24.0,22.785416666666666,96.16250000000001,1.252210648148148,,78.788
2013-03-27,26.52,21.0,100.0,82.9,6.799,4.019444444444445,39.0,2.515,21.23,21.23,21.23,24.0,22.66625,86.1425,1.2362499999999998,,199.626625
2013-03-28,28.37,19.12,100.0,60.81,17.23,4.988888888888889,21.0,0.229,18.45,19.14,19.14,24.0,22.419166666666666,79.21416666666666,1.8141319444444444,,240.59833333333333
2013-03-29,30.62,16.91,100.0,48.29,20.76,7.911111111111111,220.0,0.0,18.52,21.48,21.48,24.0,22.78833333333333,81.54958333333333,1.5461574074074074,,254.796375
2013-03-30,29.15,19.14,97.5,53.31,21.99,5.111111111111111,59.0,0.686,19.77,20.16,20.16,24.0,21.63291666666667,92.74166666666667,1.1726504629629628,,122.43083333333334
2013-03-31,26.76,18.97,100.0,67.05,10.57,5.361111111111112,27.0,10.54,20.59,20.92,20.92,24.0,23.644166666666667,87.83625,1.401284722222222,,221.6172916666667
2013-04-01,30.21,19.26,100.0,59.19,19.13,5.75,79.0,0.229,22.23,22.86,22.86,24.0,25.116249999999997,86.11083333333333,1.312673611111111,,232.45833333333334
2013-04-02,31.6,21.19,100.0,57.04,20.06,5.55,44.0,0.0,23.23,23.85,23.85,24.0,23.741666666666664,97.05416666666667,0.7958333333333333,,44.77741666666666
2013-04-03,25.56,21.61,100.0,90.2,3.864,6.061111111111111,28.0,15.19,21.7,21.7,21.7,24.0,22.932916666666667,97.60000000000001,1.0607523148148148,,83.62291666666667
2013-04-04,27.19,21.29,100.0,80.4,7.217,4.080555555555556,197.0,23.77,22.59,22.59,22.59,24.0,24.6925,92.09375,1.2091087962962963,,150.96216666666666
2013-04-05,29.26,21.6,100.0,69.05,13.03,3.969444444444444,18.0,6.858,24.24,24.24,24.24,24.0,26.590833333333332,73.35791666666667,3.0032175925925926,,255.64241666666666
2013-04-06,32.05,20.6,100.0,41.61,22.07,10.65,30.0,11.96,18.39,20.84,20.84,24.0,23.17125,71.73666666666666,1.8076388888888888,,254.44041666666666
2013-04-07,31.57,17.34,93.8,42.96,21.96,6.730555555555555,219.0,0.0,18.14,20.12,20.12,24.0,22.804166666666664,83.22916666666667,1.382962962962963,,214.12758333333332
2013-04-08,29.29,17.17,98.7,59.92,18.48,4.480555555555555,53.0,0.0,21.58,22.47,22.47,24.0,22.625416666666666,90.83208333333333,1.108611111111111,,82.048875
2013-04-09,27.29,20.06,99.1,66.54,7.081,3.5888888888888886,216.0,4.801,20.39,20.56,20.56,24.0,22.712500000000002,88.57083333333333,1.2066782407407406,,162.53020833333332
2013-04-10,28.14,19.34,100.0,65.62,14.03,4.161111111111111,96.0,0.229,20.48,20.93,20.93,24.0,23.00708333333333,88.46208333333334,1.6134606481481482,,158.05445833333332
2013-04-11,28.5,19.56,100.0,67.18,13.64,7.019444444444444,68.0,0.229,20.49,22.68,22.68,24.0,23.737916666666667,85.81291666666668,1.8733564814814816,,154.31283333333334
2013-04-12,29.44,19.46,99.5,62.79,13.32,6.549999999999999,35.0,0.0,22.31,24.31,24.31,24.0,23.5425,93.21375,1.5034722222222223,,110.32237500000001
2013-04-13,29.06,20.7,100.0,72.1,9.52,10.769444444444446,215.0,40.18,20.79,20.79,20.79,24.0,20.657083333333333,96.27499999999999,1.5075231481481481,,45.425875
2013-04-14,24.29,18.22,100.0,80.7,3.92,8.161111111111111,220.0,2.972,18.05,18.32,18.32,24.0,18.99833333333333,81.35083333333334,1.3797800925925925,,238.36
2013-04-15,25.45,14.76,100.0,35.55,20.57,4.95,214.0,0.0,14.57,15.24,15.24,24.0,19.965833333333332,75.73458333333333,1.4864004629629628,,237.09691666666666
2013-04-16,29.96,13.17,99.6,34.1,20.46,4.361111111111111,31.0,0.0,15.71,18.13,18.13,24.0,21.69333333333333,67.66458333333334,2.434386574074074,,227.56537500000002
2013-04-17,29.17,17.06,93.2,39.69,19.64,11.05,247.0,0.0,17.0,18.13,18.13,24.0,20.147916666666667,75.82041666666667,1.3454976851851852,,226.35025
2013-04-18,28.02,13.67,97.7,40.68,19.54,4.238888888888889,54.0,0.0,17.55,19.59,19.59,24.0,20.932916666666667,82.35458333333334,1.265324074074074,,177.00204166666666
2013-04-19,27.4,16.23,99.0,53.27,15.28,4.811111111111111,17.0,0.0,18.14,19.6,19.6,24.0,21.285,84.48333333333333,1.3196412037037037,,197.69933333333333
2013-04-20,29.06,16.91,100.0,48.85,17.06,4.311111111111111,54.0,0.0,18.18,18.85,18.85,24.0,21.215,80.5125,1.0039583333333333,,192.76341666666667
2013-04-21,28.57,16.82,100.0,48.72,16.64,3.4499999999999997,42.0,0.0,16.39,18.08,18.08,24.0,20.655416666666667,83.93124999999999,1.4820833333333334,,196.21483333333333
2013-04-22,27.82,16.28,97.6,58.45,16.93,4.280555555555556,209.0,0.0,18.24,19.1,19.1,24.0,20.789583333333333,79.88833333333334,1.3824421296296296,,157.81741666666667
2013-04-23,28.41,16.89,99.9,40.74,13.62,4.1,29.0,0.0,16.84,18.05,18.05,24.0,19.97125,92.19083333333333,1.5708564814814814,,92.93770833333333
2013-04-24,24.13,17.41,100.0,73.54,8.02,4.969444444444444,254.0,4.115,19.09,19.09,19.09,24.0,20.828333333333333,93.51791666666666,1.1824884259259258,,109.80883333333333
2013-04-25,27.16,18.56,100.0,65.38,9.48,3.7805555555555554,323.0,1.143,19.38,19.5,19.5,24.0,22.240416666666665,84.38000000000001,1.2920949074074073,,196.70758333333333
2013-04-26,28.35,18.74,100.0,46.65,16.98,5.199999999999999,68.0,0.0,19.19,19.67,19.67,24.0,22.346249999999998,83.10625,1.3703356481481481,,201.69020833333332
2013-04-27,30.18,17.09,100.0,47.59,17.41,4.95,29.0,0.0,19.18,19.68,19.68,24.0,21.772499999999997,84.97583333333334,1.4191203703703703,,191.22858333333332
2013-04-28,28.64,16.74,100.0,53.49,16.5,4.8694444444444445,52.0,0.0,18.68,19.18,19.18,24.0,21.7,83.91958333333334,1.3647337962962964,,201.07529166666666
2013-04-29,28.31,16.36,100.0,56.55,17.35,4.5,47.0,0.0,18.85,19.96,19.96,24.0,22.12625,87.085,1.1509606481481482,,142.40095833333334
2013-04-30,28.98,17.57,100.0,60.94,12.29,3.961111111111111,220.0,0.0,20.15,20.73,20.73,24.0,23.715416666666666,80.89083333333333,1.3776620370370372,,195.30116666666666
2013-05-01,31.6,18.92,100.0,49.58,16.85,4.961111111111111,66.0,0.0,20.16,21.4,21.4,24.0,21.965,96.60416666666667,1.0553009259259258,,36.041583333333335
2013-05-02,23.87,20.58,100.0,91.2,3.111,3.3805555555555555,228.0,0.686,21.57,21.57,21.57,24.0,24.386666666666667,89.07625,1.4152199074074074,,181.55883333333335
2013-05-03,30.82,21.28,100.0,64.16,15.67,5.6,48.0,0.229,21.76,22.27,22.27,24.0,24.441666666666666,89.60333333333334,1.2371064814814814,,154.45745833333334
2013-05-04,30.95,21.14,100.0,63.48,13.33,4.769444444444445,58.0,0.0,21.77,21.95,21.95,24.0,24.646666666666665,86.27083333333333,0.9796412037037037,,170.72491666666667
2013-05-05,35.45,20.63,100.0,42.31,14.73,4.51111111111111,76.0,0.0,21.16,21.78,21.78,24.0,19.301666666666666,99.30416666666667,1.2121412037037036,,12.306
2013-05-06,21.81,13.78,100.0,95.4,1.062,5.85,200.0,46.41,14.71,14.71,14.71,24.0,18.083333333333332,82.19625,1.5065277777777777,,199.61912500000003
2013-05-07,25.57,13.39,100.0,48.2,17.23,6.449999999999999,210.0,0.229,14.7,15.45,15.45,24.0,18.542083333333334,67.47583333333334,2.467083333333333,,189.54625
2013-05-08,27.83,12.34,100.0,30.68,16.36,13.200000000000001,221.0,0.0,6.321,14.88,14.88,24.0,16.053333333333335,61.61333333333334,1.9776041666666666,,202.33862499999998
2013-05-09,24.63,9.31,92.4,26.79,17.46,6.3,202.0,0.0,10.6,12.24,12.24,24.0,17.069583333333334,74.47500000000001,1.491122685185185,,197.89325
2013-05-10,27.43,9.77,97.9,36.9,17.08,3.711111111111111,193.0,0.0,12.9,14.16,14.16,24.0,17.975416666666664,81.34666666666666,1.5986342592592593,,194.155
2013-05-11,26.62,10.79,97.4,53.31,16.76,5.5,49.0,0.0,17.52,18.17,18.17,24.0,20.765,86.38,1.3659143518518517,,181.4467083333333
2013-05-12,27.47,15.16,100.0,56.74,15.66,5.530555555555556,29.0,0.0,19.68,20.85,20.85,24.0,22.11916666666667,87.9825,1.0906828703703704,,130.62908333333334
2013-05-13,27.51,18.8,99.2,66.19,11.27,4.1194444444444445,53.0,0.0,19.91,20.3,20.3,24.0,22.08125,92.3675,0.9738425925925926,,109.39695833333333
2013-05-14,27.56,18.87,100.0,71.02,9.44,3.5,83.0,0.0,21.59,21.59,21.59,24.0,23.591250000000002,90.1675,1.2465972222222221,,125.46441666666668
2013-05-15,30.38,20.15,100.0,59.61,10.83,4.980555555555555,214.0,0.0,21.58,21.8,21.8,24.0,22.485416666666666,90.87291666666665,1.402986111111111,,46.86029166666666
2013-05-16,25.37,19.49,100.0,65.79,4.045,5.8805555555555555,230.0,0.686,19.88,21.79,21.79,24.0,18.588333333333335,96.13333333333333,1.4094212962962962,,16.129041666666666
2013-05-17,23.14,14.33,99.8,79.32,1.396,5.0,36.0,7.772,12.69,14.33,14.33,24.0,15.7425,82.79208333333334,1.0311689814814815,,72.787125
2013-05-18,19.08,13.41,94.9,62.93,6.2780000000000005,3.438888888888889,10.0,0.0,14.11,15.37,15.37,24.0,15.876249999999999,97.50833333333333,1.670138888888889,,33.069125
2013-05-19,16.83,14.94,100.0,92.2,2.854,4.211111111111111,229.0,1.6,16.52,16.52,16.52,24.0,18.31625,98.69583333333333,1.2735185185185185,,44.41395833333333
2013-05-20,21.54,16.49,100.0,90.9,3.833,4.338888888888889,220.0,1.3719999999999999,18.88,18.88,18.88,24.0,21.44666666666667,92.1075,1.1902662037037037,,146.86566666666667
2013-05-21,28.38,18.09,100.0,66.82,12.68,7.088888888888889,208.0,0.914,19.88,20.0,20.0,24.0,21.058333333333334,92.25083333333333,0.9860648148148147,,125.131875
2013-05-22,27.26,18.78,100.0,65.05,10.8,4.638888888888888,32.0,0.0,19.3,19.96,19.96,24.0,18.822916666666668,97.54583333333333,0.6616319444444444,,24.546666666666667
2013-05-23,20.05,17.18,100.0,91.4,2.118,3.661111111111111,249.0,4.343,17.25,17.25,17.25,24.0,18.566666666666666,91.32708333333333,1.1133912037037037,,75.66891666666666
2013-05-24,23.84,16.11,100.0,70.24,6.531,4.0,,17.53,17.6,17.6,17.6,24.0,18.267500000000002,96.02916666666665,1.9711458333333332,,74.3475
2013-05-25,22.81,15.85,100.0,75.23,6.416,4.030555555555555,242.0,21.03,15.85,15.85,15.85,24.0,18.43,90.2925,0.9784027777777777,,155.77770833333332
2013-05-26,25.98,14.27,100.0,61.98,13.44,3.9305555555555554,194.0,0.0,17.34,18.54,18.54,24.0,19.230833333333333,90.4925,1.3249421296296295,,115.14083333333333
2013-05-27,25.22,16.65,99.5,65.41,9.94,4.9,64.0,2.057,17.07,17.41,17.41,24.0,18.309583333333332,97.73333333333333,1.2817939814814814,,46.770916666666665
2013-05-28,22.61,16.59,100.0,83.9,4.037,4.530555555555555,210.0,13.03,16.97,16.97,16.97,24.0,17.752916666666668,99.83333333333333,1.6533912037037037,,26.554458333333333
2013-05-29,19.64,16.14,100.0,95.6,2.292,6.888888888888889,250.0,6.172,17.73,17.73,17.73,24.0,20.919999999999998,88.75333333333333,1.6012268518518518,,158.04049999999998
2013-05-30,27.85,15.68,100.0,61.93,13.65,12.03888888888889,235.0,4.115,18.05,19.98,19.98,24.0,19.3,63.70708333333334,3.6722800925925925,,153.467875
2013-05-31,23.78,12.39,89.5,32.88,13.23,11.61111111111111,221.0,0.0,9.75,12.39,12.39,24.0,15.981250000000001,79.13833333333334,1.5889814814814816,,156.8845
2013-06-01,23.07,9.88,95.7,47.29,13.54,6.1611111111111105,55.0,0.0,15.28,15.98,15.98,24.0,18.94875,88.93583333333333,1.4868402777777776,,155.42466666666667
2013-06-02,26.31,13.43,100.0,61.73,13.41,7.480555555555555,197.0,17.25,18.74,18.74,18.74,24.0,20.004166666666666,96.48333333333333,1.4099652777777776,,73.42220833333333
2013-06-03,24.59,18.18,100.0,79.92,6.337,12.4,239.0,13.72,18.99,19.0,19.0,24.0,19.55666666666667,88.80583333333334,0.9885185185185185,,107.92033333333335
2013-06-04,24.56,17.15,99.8,69.18,9.31,5.369444444444444,24.0,0.0,16.31,17.15,17.15,24.0,18.90375,88.89625000000001,1.062696759259259,,119.527125
2013-06-05,24.99,15.45,100.0,61.33,10.32,4.211111111111111,36.0,0.229,15.74,15.8,15.8,24.0,18.622083333333332,85.9525,1.4395949074074075,,164.25416666666666
2013-06-06,28.35,12.92,100.0,49.99,14.18,4.030555555555555,192.0,0.0,16.02,16.31,16.31,24.0,19.473333333333333,84.48166666666667,1.461099537037037,,154.53783333333334
2013-06-07,28.81,13.12,100.0,52.93,13.34,4.55,23.0,0.0,16.82,17.84,17.84,24.0,18.700416666666666,91.05458333333333,0.9923032407407407,,65.55325
2013-06-08,22.51,16.27,98.6,76.51,5.657,3.488888888888889,143.0,0.0,18.01,18.74,18.74,24.0,19.747916666666665,88.79375,1.0632291666666667,,141.84858333333332
2013-06-09,26.75,15.58,100.0,60.07,12.24,3.969444444444444,91.0,0.0,15.98,16.7,16.7,24.0,18.90791666666667,87.3,1.4509375,,130.05554166666667
2013-06-10,24.59,15.5,97.3,62.91,11.22,4.719444444444444,27.0,0.0,17.66,18.09,18.09,24.0,19.737916666666667,91.31083333333333,1.2155787037037038,,137.77700000000002
2013-06-11,26.77,14.69,100.0,62.06,11.89,4.46111111111111,216.0,0.0,18.23,19.1,19.1,24.0,19.77,93.16250000000001,0.6800810185185185,,45.1145
2013-06-12,22.19,18.14,99.4,82.9,3.894,2.8194444444444446,192.0,0.686,18.77,18.85,18.85,24.0,19.732499999999998,96.50416666666666,1.0293402777777778,,52.17875
2013-06-13,23.25,18.01,100.0,81.4,4.503,2.9611111111111112,206.0,0.914,19.21,19.21,19.21,24.0,20.361666666666668,90.58,0.9900231481481482,,109.25504166666667
2013-06-14,25.91,16.24,100.0,62.41,9.43,4.45,29.0,0.0,16.26,16.26,16.26,24.0,18.322916666666668,88.05583333333334,1.2691550925925925,,160.32304166666668
2013-06-15,26.65,13.37,100.0,48.85,13.84,3.961111111111111,229.0,0.0,14.44,15.7,15.7,24.0,16.7775,94.45416666666667,1.3188888888888888,,17.60575
2013-06-16,18.67,15.49,100.0,86.7,1.52,4.088888888888889,230.0,3.429,15.63,15.63,15.63,24.0,16.91875,99.16250000000001,1.0609953703703703,,35.594875
2013-06-17,19.45,15.59,100.0,90.8,3.071,3.9888888888888885,241.0,18.29,16.93,16.93,16.93,24.0,19.5575,91.01208333333334,1.8937847222222224,,137.38033333333334
2013-06-18,27.68,16.57,100.0,56.31,11.86,6.6000000000000005,221.0,4.572,17.35,18.47,18.47,24.0,19.681250000000002,91.32249999999999,1.048148148148148,,102.865
2013-06-19,24.31,17.51,99.8,70.84,8.88,4.930555555555555,18.0,0.0,18.73,19.01,19.01,24.0,19.129166666666666,98.85416666666667,1.1826620370370369,,37.606249999999996
2013-06-20,21.29,17.16,100.0,92.7,3.246,6.530555555555556,213.0,17.83,17.19,17.19,17.19,24.0,16.779166666666665,100.0,1.6761689814814815,,9.0635
2013-06-21,17.31,16.16,100.0,99.9,0.782,5.080555555555555,247.0,57.15,16.38,16.38,16.38,24.0,17.427916666666665,100.0,2.135451388888889,,14.891125
2013-06-22,19.9,16.26,100.0,73.81,1.289,9.130555555555555,256.0,55.37,14.64,18.93,18.93,24.0,18.625,67.48,4.0596875,,164.32095833333332
2013-06-23,23.07,13.17,91.2,49.17,14.18,14.55,262.0,0.0,11.62,13.32,13.32,24.0,15.274583333333334,86.69,1.4271296296296294,,114.80870833333334
2013-06-24,21.8,10.87,98.9,63.02,9.91,5.388888888888888,214.0,0.0,15.08,15.98,15.98,24.0,16.39625,99.45833333333333,1.0151851851851852,,12.765333333333333
2013-06-25,17.71,15.39,100.0,94.3,1.102,3.480555555555555,27.0,26.75,16.78,16.78,16.78,24.0,17.71625,99.20416666666667,1.0869907407407406,,37.35695833333333
2013-06-26,19.79,16.22,100.0,94.2,3.224,3.0805555555555553,232.0,1.3719999999999999,17.93,17.93,17.93,24.0,18.267916666666668,98.40833333333335,0.9420254629629629,,37.51558333333333
2013-06-27,21.23,16.36,100.0,87.0,3.238,3.411111111111111,73.0,0.229,16.36,16.36,16.36,24.0,16.278333333333332,98.76666666666667,0.7599999999999999,,30.193833333333334
2013-06-28,17.94,15.56,100.0,90.7,2.606,2.8,74.0,3.429,15.76,15.76,15.76,24.0,16.91125,98.59166666666665,0.8422337962962962,,33.70679166666667
2013-06-29,18.8,15.53,100.0,92.2,2.909,2.930555555555556,257.0,23.9,17.64,17.64,17.64,24.0,19.035,99.08749999999999,1.2482638888888888,,54.121208333333335
2013-06-30,21.83,17.01,100.0,89.7,4.676,6.0888888888888895,200.0,3.886,16.71,17.5,17.5,24.0,16.239166666666666,92.87083333333334,1.208912037037037,,35.887625
2013-07-01,18.65,13.63,99.3,74.75,3.093,4.738888888888888,31.0,2.286,13.86,13.96,13.96,24.0,14.452916666666667,96.75833333333333,1.6540277777777777,,29.205166666666667
2013-07-02,16.09,13.14,100.0,89.9,2.521,6.580555555555556,220.0,0.457,14.31,14.39,14.39,24.0,15.0575,93.96666666666665,0.9636226851851851,,58.110749999999996
2013-07-03,18.47,12.7,100.0,78.8,5.015,2.65,254.0,0.0,14.1,14.32,14.32,24.0,16.766666666666666,93.23708333333333,1.140162037037037,,93.61641666666667
2013-07-04,21.77,14.06,100.0,72.75,8.08,3.488888888888889,70.0,0.0,16.61,17.03,17.03,24.0,18.954583333333336,93.495,1.087986111111111,,76.51695833333333
2013-07-05,24.67,16.56,100.0,71.55,6.604,2.811111111111111,77.0,0.0,18.24,18.25,18.25,24.0,19.089166666666667,92.37708333333335,1.229050925925926,,135.35195833333333
2013-07-06,25.84,15.86,100.0,63.58,11.68,3.619444444444444,58.0,0.0,17.55,17.55,17.55,24.0,19.700833333333332,93.84750000000001,1.2363194444444445,,120.08779166666666
2013-07-07,27.84,16.01,100.0,64.83,10.36,3.7194444444444446,215.0,0.0,18.36,18.36,18.36,24.0,21.28708333333333,85.95916666666666,1.1901041666666667,,143.41358333333332
2013-07-08,27.6,15.99,100.0,66.1,12.38,4.45,146.0,0.229,16.0,16.0,16.0,24.0,15.082500000000001,95.12083333333334,1.0951041666666665,,24.721666666666668
2013-07-09,16.0,14.4,100.0,85.6,2.133,3.9305555555555554,257.0,0.914,14.04,14.61,14.61,24.0,15.857916666666666,98.77083333333333,1.147650462962963,,42.81716666666667
2013-07-10,17.63,14.32,100.0,95.7,3.6950000000000003,3.8999999999999995,78.0,1.143,16.53,16.53,16.53,24.0,18.53375,92.97666666666667,0.9978935185185186,,86.72291666666666
2013-07-11,23.53,16.03,100.0,71.85,7.484,3.1694444444444443,23.0,0.0,17.75,18.11,18.11,24.0,19.527083333333334,89.33958333333334,1.2626273148148148,,152.46220833333334
2013-07-12,25.43,16.77,100.0,60.86,13.16,5.680555555555555,29.0,0.0,17.33,17.33,17.33,24.0,19.364166666666666,87.55791666666666,1.0716898148148148,,150.12029166666667
2013-07-13,26.87,15.58,100.0,46.95,12.96,4.269444444444444,328.0,0.0,16.53,16.54,16.54,24.0,19.67875,81.58916666666666,1.1307060185185185,,161.54729166666667
2013-07-14,27.83,13.95,100.0,45.64,13.94,4.011111111111111,68.0,0.0,16.03,17.21,17.21,24.0,19.77375,85.3975,1.2956134259259258,,104.21249999999999
2013-07-15,27.76,14.83,99.2,54.1,8.99,4.588888888888889,204.0,0.0,17.28,19.72,19.72,24.0,16.74125,88.495,1.0912847222222222,,45.942125000000004
2013-07-16,20.74,14.53,99.6,73.82,3.965,4.111111111111112,24.0,4.369,13.99,14.59,14.59,24.0,16.23375,86.61874999999999,1.2203472222222222,,164.26
2013-07-17,23.41,11.44,100.0,53.88,14.18,3.7694444444444444,27.0,0.0,13.41,13.63,13.63,24.0,16.359583333333333,89.34541666666667,1.4014467592592592,,167.475875
2013-07-18,24.97,10.31,100.0,54.45,14.45,3.2888888888888888,77.0,0.0,15.61,15.61,15.61,24.0,22.077083333333334,70.09,1.5568287037037036,,166.532875
2013-07-19,33.3,11.89,100.0,30.65,14.37,9.338888888888889,266.0,0.0,16.27,18.11,18.11,24.0,14.390833333333333,96.35833333333333,1.2544212962962964,,14.232666666666667
2013-07-20,18.11,12.47,100.0,85.5,1.228,4.780555555555556,71.0,15.82,12.72,12.72,12.72,24.0,13.959166666666667,100.0,1.060011574074074,,22.77025
2013-07-21,15.29,12.64,100.0,99.9,1.9649999999999999,5.788888888888889,216.0,32.23,14.93,14.93,14.93,24.0,14.580416666666666,100.0,1.167835648148148,,16.201291666666666
2013-07-22,15.91,13.24,100.0,100.0,1.3980000000000001,8.380555555555556,227.0,38.76,13.41,13.41,13.41,24.0,10.899166666666666,99.52499999999999,2.1940162037037036,,18.345958333333332
2013-07-23,13.39,7.561,100.0,92.7,1.583,9.411111111111111,223.0,25.37,7.361,7.622,2.583,24.0,8.27975,78.21333333333332,3.9362037037037036,,99.57912499999999
2013-07-24,13.51,5.138,100.0,46.57,8.59,14.269444444444444,218.0,2.286,1.845,6.452,0.7020000000000001,24.0,9.341833333333334,73.36749999999999,1.822199074074074,,178.62300000000002
2013-07-25,18.11,2.875,94.7,38.22,15.42,5.088888888888889,219.0,0.0,8.12,10.26,10.26,24.0,11.352083333333333,90.9975,2.285648148148148,,69.04533333333333
2013-07-26,15.82,9.1,99.0,68.02,5.959,8.188888888888888,218.0,3.2,10.21,10.38,10.38,24.0,14.036666666666667,82.1675,1.8429976851851853,,152.9079583333333
2013-07-27,22.02,8.38,98.8,54.24,13.2,5.1,193.0,0.0,11.76,12.62,12.62,24.0,14.762500000000001,84.06333333333333,1.5591666666666668,,175.95137499999998
2013-07-28,22.36,9.36,100.0,52.48,15.19,4.51111111111111,200.0,0.0,11.27,11.88,11.88,24.0,15.25625,86.39458333333333,1.3006134259259259,,181.29179166666665
2013-07-29,24.02,9.46,100.0,53.29,15.65,3.75,73.0,0.0,13.24,13.24,13.24,24.0,15.541666666666666,80.53750000000001,1.4687962962962962,,183.679875
2013-07-30,24.02,9.4,100.0,32.1,15.85,3.7194444444444446,49.0,0.0,11.96,12.63,12.63,24.0,15.167499999999999,86.55416666666667,1.4574074074074073,,183.9500833333333
2013-07-31,23.55,9.36,100.0,52.21,15.88,5.011111111111111,84.0,0.0,13.19,13.19,13.19,24.0,15.127916666666666,94.06208333333332,1.124537037037037,,109.04525
2013-08-01,21.13,12.9,100.0,68.66,9.41,4.088888888888889,61.0,0.0,13.61,13.61,13.61,24.0,18.279166666666665,85.55666666666667,1.1734143518518518,,175.03725
2013-08-02,28.56,11.6,100.0,49.57,15.11,3.7,76.0,0.229,17.71,18.35,18.35,24.0,23.650000000000002,69.55333333333333,1.244861111111111,,178.95229166666664
2013-08-03,33.04,16.03,99.3,39.07,15.44,3.9388888888888887,321.0,0.0,14.82,25.43,25.43,24.0,21.947083333333335,69.02791666666667,1.7463657407407407,,160.22708333333333
2013-08-04,29.96,15.52,90.0,50.77,13.83,5.561111111111111,73.0,0.0,13.93,15.57,15.57,24.0,17.591666666666665,89.66666666666667,1.5022916666666666,,118.44962500000001
2013-08-05,24.93,14.94,99.5,71.33,10.22,8.25,206.0,4.801,14.63,15.84,15.84,24.0,16.379166666666666,90.94333333333333,1.2098842592592594,,61.73533333333333
2013-08-06,19.44,14.29,100.0,71.97,5.328,4.419444444444444,20.0,0.457,15.18,15.88,15.88,24.0,16.445833333333333,96.04583333333333,1.7071296296296297,,25.501500000000004
2013-08-07,19.09,14.83,100.0,75.1,2.201,6.169444444444444,221.0,29.51,13.82,14.98,14.98,24.0,16.58791666666667,86.09291666666667,1.3161805555555557,,163.47662499999998
2013-08-08,23.23,11.51,98.3,59.48,14.11,4.169444444444444,76.0,0.0,16.23,16.53,16.53,24.0,18.5125,93.71708333333333,1.5027777777777775,,127.57458333333334
2013-08-09,24.7,16.02,100.0,71.72,11.01,4.038888888888889,222.0,0.0,16.99,16.99,16.99,24.0,17.184583333333332,96.62083333333334,1.4492013888888888,,35.077041666666666
2013-08-10,18.89,15.68,100.0,90.7,3.027,4.680555555555556,14.0,0.0,16.38,17.12,17.12,24.0,16.769166666666667,90.9825,1.9099537037037038,,41.20854166666667
2013-08-11,19.13,13.78,100.0,61.78,3.556,12.930555555555554,261.0,2.515,6.718,13.86,13.86,24.0,15.121666666666668,69.295,2.690775462962963,,209.74725
2013-08-12,22.2,10.05,97.6,45.54,18.1,12.45,250.0,0.0,10.47,10.82,10.82,24.0,14.9975,83.85458333333334,1.3883449074074072,,207.40608333333333
2013-08-13,23.45,9.04,100.0,49.3,17.9,4.3694444444444445,118.0,0.0,12.96,13.45,13.45,24.0,14.897916666666667,93.25416666666666,1.3365046296296297,,63.52641666666667
2013-08-14,18.29,11.37,100.0,83.1,5.483,4.3,213.0,4.343,13.82,13.87,13.87,24.0,13.01625,92.40541666666667,1.4043518518518516,,68.34720833333334
2013-08-15,18.35,10.73,100.0,58.4,5.899,5.469444444444445,245.0,15.8,10.57,10.97,10.97,24.0,13.6975,78.94791666666667,1.918298611111111,,178.398625
2013-08-16,20.66,9.4,98.4,49.99,15.4,7.038888888888889,234.0,0.229,10.75,11.97,11.97,24.0,13.9925,89.81416666666667,1.4858796296296297,,96.56595833333334
2013-08-17,18.97,10.59,100.0,64.81,8.33,4.361111111111111,226.0,0.914,14.03,14.03,14.03,24.0,14.492083333333333,98.1125,1.542199074074074,,48.85183333333333
2013-08-18,16.67,13.03,100.0,86.9,4.217,5.088888888888889,122.0,5.029,12.99,13.07,13.07,24.0,15.132916666666667,97.05,1.1912152777777778,,77.35645833333334
2013-08-19,20.17,12.72,100.0,80.8,6.675,3.55,245.0,7.5440000000000005,15.46,15.54,15.54,24.0,17.355416666666667,95.52499999999999,1.3192708333333332,,125.52129166666667
2013-08-20,22.27,14.89,100.0,77.27,10.83,5.75,29.0,3.429,16.85,16.9,16.9,24.0,18.599999999999998,91.96625,1.4116666666666664,,169.2195
2013-08-21,24.35,15.51,100.0,65.55,14.6,5.3,60.0,1.6,16.28,16.61,16.61,24.0,18.938333333333333,89.24333333333334,1.4412152777777776,,206.87249999999997
2013-08-22,25.0,15.37,100.0,64.67,17.85,4.6499999999999995,39.0,0.0,16.26,16.26,16.26,24.0,20.684166666666666,84.25875,1.342488425925926,,201.08970833333333
2013-08-23,30.57,14.67,100.0,49.86,17.35,4.469444444444444,48.0,0.0,18.06,19.08,19.08,24.0,17.294583333333332,91.54583333333333,1.1890393518518518,,28.588541666666668
2013-08-24,20.68,13.6,97.9,80.7,2.467,5.1611111111111105,112.0,0.0,13.11,13.61,13.61,24.0,14.815,95.73333333333333,0.9241435185185184,,56.746874999999996
2013-08-25,17.29,12.74,100.0,86.5,4.897,3.6,250.0,0.686,15.48,15.68,15.68,24.0,17.372916666666665,95.43624999999999,0.9450925925925926,,79.71175000000001
2013-08-26,22.37,15.4,100.0,75.27,6.88,4.261111111111111,226.0,1.8290000000000002,16.08,16.08,16.08,24.0,14.280000000000001,99.74166666666667,2.0737152777777776,,18.882708333333333
2013-08-27,15.98,12.76,100.0,96.1,1.63,5.4,252.0,46.18,12.77,12.77,12.77,24.0,13.788333333333334,82.32791666666667,3.1969328703703703,,123.16587500000001
2013-08-28,18.93,9.9,100.0,57.0,10.63,8.838888888888889,236.0,2.286,5.583,9.9,5.265,24.0,13.349166666666667,72.83041666666666,1.8999999999999997,,240.818125
2013-08-29,21.59,7.318,96.1,40.26,20.78,5.6,217.0,0.0,10.08,10.67,10.67,24.0,14.402499999999998,83.20916666666666,1.3735532407407407,,242.1425
2013-08-30,21.78,8.16,100.0,50.46,20.9,5.561111111111111,42.0,0.0,12.39,12.83,12.83,24.0,15.885416666666666,87.38833333333334,1.5819560185185184,,227.87170833333334
2013-08-31,22.85,9.65,100.0,62.77,19.67,5.1,53.0,0.0,14.52,14.61,14.61,24.0,16.190416666666668,94.45625,1.2299189814814815,,103.14795833333334
2013-09-01,22.25,13.66,100.0,70.43,8.9,3.35,196.0,0.0,16.07,16.38,16.38,24.0,18.780833333333334,89.5675,1.821423611111111,,118.86133333333333
2013-09-02,26.96,15.33,100.0,57.62,10.26,11.969444444444445,262.0,5.486,17.06,17.95,17.95,24.0,21.650833333333335,80.81916666666667,1.6690277777777778,,149.762375
2013-09-03,28.16,16.33,98.8,56.75,12.93,9.011111111111111,250.0,0.457,18.06,20.66,20.66,24.0,20.172083333333333,88.77999999999999,1.4881134259259259,,102.57795833333334
2013-09-04,25.7,16.88,98.2,69.92,8.85,6.0888888888888895,217.0,0.457,13.39,16.92,16.92,24.0,15.735833333333334,71.46041666666666,1.4073032407407406,,100.207125
2013-09-05,18.98,14.11,96.5,38.97,8.65,5.238888888888889,25.0,0.0,10.69,14.46,14.46,24.0,16.54041666666667,84.01958333333333,1.4966203703703702,,121.18520833333334
2013-09-06,22.85,13.3,96.8,62.09,10.46,4.7,49.0,0.0,15.99,16.49,16.49,24.0,18.574166666666667,90.06041666666665,1.4718402777777777,,116.12954166666667
2013-09-07,23.04,15.7,100.0,73.26,10.02,6.311111111111111,56.0,0.0,17.32,18.43,18.43,24.0,19.86875,85.87,1.8299884259259258,,191.55645833333332
2013-09-08,24.91,16.9,95.8,63.08,16.53,7.25,14.0,0.0,17.05,18.03,18.03,24.0,20.748749999999998,86.48208333333334,1.4034490740740742,,184.59462499999998
2013-09-09,28.33,16.78,100.0,58.85,15.93,5.211111111111111,10.0,0.0,17.97,18.7,18.7,24.0,21.537499999999998,83.99166666666666,1.3830902777777778,,233.30129166666666
2013-09-10,29.49,16.54,100.0,51.64,20.13,5.338888888888889,81.0,0.0,16.54,16.54,16.54,24.0,18.932916666666667,91.84500000000001,1.3562615740740742,,176.19520833333334
2013-09-11,25.09,16.09,100.0,70.73,15.21,6.1194444444444445,71.0,0.0,17.27,18.53,18.53,24.0,21.097916666666666,84.46208333333333,1.729872685185185,,217.0800416666667
2013-09-12,27.11,17.03,98.8,56.79,18.74,6.111111111111111,76.0,0.0,19.36,19.9,19.9,24.0,21.957916666666666,84.17083333333333,1.3260648148148146,,209.97995833333334
2013-09-13,28.85,18.94,98.8,57.38,18.12,5.180555555555555,71.0,0.0,18.24,18.94,18.94,24.0,22.1725,86.26041666666667,1.4116435185185185,,219.945875
2013-09-14,30.94,16.89,100.0,53.83,18.98,3.8805555555555555,32.0,0.0,17.78,17.99,17.99,24.0,22.93541666666667,80.2275,1.5258564814814815,,233.26075
2013-09-15,33.47,17.09,100.0,44.52,20.13,4.6,67.0,0.0,18.52,21.14,21.14,24.0,24.507500000000004,74.05416666666666,1.4227199074074075,,235.06933333333333
2013-09-16,33.68,18.08,99.1,39.29,20.29,5.180555555555555,212.0,0.0,19.84,21.89,21.89,24.0,20.15125,96.11666666666667,1.5236226851851853,,17.476791666666667
2013-09-17,22.15,18.45,100.0,82.9,1.508,7.688888888888888,218.0,46.58,18.81,18.81,18.81,24.0,18.553333333333335,96.63375,1.5848148148148147,,74.20454166666666
2013-09-18,22.17,15.27,100.0,75.35,6.404,14.188888888888888,196.0,21.29,15.01,15.27,15.27,24.0,14.992916666666666,84.32166666666667,1.5870717592592591,,90.22304166666667
2013-09-19,18.95,12.27,100.0,59.58,7.787,6.830555555555556,209.0,1.143,13.72,13.72,13.72,24.0,14.30625,96.95416666666667,1.5757175925925926,,57.732416666666666
2013-09-20,16.36,12.72,100.0,85.1,4.983,5.069444444444445,239.0,2.057,14.37,14.37,14.37,24.0,16.41541666666667,99.30416666666667,2.2396064814814816,,22.10745833333333
2013-09-21,19.82,14.36,100.0,92.0,1.908,15.8,225.0,37.77,18.68,18.68,18.68,24.0,19.1975,99.77083333333333,1.3102777777777777,,40.59429166666667
2013-09-22,20.88,17.55,100.0,96.7,3.503,5.1,186.0,35.41,17.61,17.61,17.61,24.0,17.287916666666664,100.0,1.5912847222222222,,16.63775
2013-09-23,18.25,16.81,100.0,100.0,1.436,12.86111111111111,230.0,62.33,16.89,16.89,16.89,24.0,19.30125,93.55375,1.4392476851851852,,135.45554166666668
2013-09-24,25.27,16.38,100.0,70.48,11.69,5.438888888888888,224.0,0.229,17.9,17.99,17.99,24.0,18.676666666666666,71.87625,3.797650462962963,,153.023
2013-09-25,23.81,13.81,100.0,32.11,13.21,13.080555555555556,229.0,0.0,6.259,13.86,13.86,24.0,17.224999999999998,66.33375,2.411261574074074,,213.60737500000002
2013-09-26,24.17,13.29,86.7,41.5,18.44,7.530555555555555,214.0,0.0,11.92,14.25,14.25,24.0,16.64625,72.35041666666667,1.0637037037037038,,243.18145833333332
2013-09-27,24.11,12.04,91.4,44.68,20.99,5.311111111111111,81.0,0.0,11.56,12.92,12.92,24.0,16.355416666666667,85.38291666666667,1.385648148148148,,171.25295833333334
2013-09-28,22.99,11.74,98.1,57.62,14.78,6.611111111111111,30.0,0.0,15.41,16.04,16.04,24.0,17.49083333333333,88.10208333333333,1.3969907407407407,,96.53066666666666
2013-09-29,22.3,15.24,100.0,56.36,8.33,9.288888888888888,215.0,0.686,15.79,15.79,15.79,24.0,18.171666666666667,90.26666666666667,1.3642708333333333,,102.98433333333332
2013-09-30,23.74,15.52,100.0,66.54,8.89,4.280555555555556,196.0,0.0,17.06,17.59,17.59,24.0,19.426666666666666,92.06916666666666,1.2444791666666666,,156.85866666666666
2013-10-01,24.31,15.8,100.0,69.73,13.54,5.280555555555556,86.0,2.515,18.51,18.51,18.51,24.0,19.39708333333333,95.42083333333333,0.951724537037037,,75.59516666666667
2013-10-02,24.33,17.53,100.0,75.32,6.524,6.519444444444444,75.0,2.286,17.7,17.7,17.7,24.0,18.822916666666668,97.32083333333333,0.9557523148148149,,53.02458333333333
2013-10-03,21.7,17.24,100.0,85.5,4.5760000000000005,3.3000000000000003,210.0,6.401,18.84,19.18,19.18,24.0,19.36625,99.06666666666666,1.1978356481481482,,52.324625
2013-10-04,21.65,18.53,100.0,91.9,4.516,5.5,22.0,21.72,19.21,19.21,19.21,24.0,21.649583333333336,93.94749999999999,1.0983564814814815,,153.64379166666666
2013-10-05,29.05,18.15,100.0,69.74,13.26,3.638888888888889,14.0,25.68,18.43,18.43,18.43,24.0,19.75,80.76833333333333,1.4447800925925927,,284.1277083333333
2013-10-06,25.9,15.38,100.0,40.04,24.52,7.2,215.0,0.229,15.02,17.67,17.67,24.0,19.135416666666668,78.905,1.25125,,175.17158333333336
2013-10-07,24.24,15.76,93.8,57.66,15.12,5.5888888888888895,79.0,0.0,15.61,16.64,16.64,24.0,18.20875,79.02833333333334,1.6424884259259258,,244.67545833333335
2013-10-08,23.91,14.73,98.0,42.14,21.12,5.319444444444444,62.0,0.457,13.86,14.73,14.73,24.0,17.184583333333332,84.97833333333334,1.396388888888889,,168.61237500000001
2013-10-09,23.77,12.38,98.8,60.63,14.55,5.538888888888889,88.0,0.0,15.23,15.6,15.6,24.0,19.337500000000002,82.50625000000001,1.8374421296296297,,285.04225
2013-10-10,25.83,13.39,100.0,53.69,24.6,8.819444444444445,57.0,0.0,17.07,18.96,18.96,24.0,20.6025,86.02791666666667,1.8685879629629631,,150.52779166666667
2013-10-11,24.74,18.42,92.0,71.38,12.99,7.4,75.0,0.0,18.53,19.92,19.92,24.0,21.728333333333335,84.08541666666666,1.6546064814814814,,223.52374999999998
2013-10-12,26.64,18.45,97.9,62.14,19.29,6.711111111111111,15.0,0.0,19.24,20.03,20.03,24.0,21.4575,89.25458333333334,1.3759953703703705,,167.331375
2013-10-13,26.86,18.51,98.4,62.43,14.44,6.488888888888889,46.0,0.0,19.42,20.31,20.31,24.0,22.78916666666667,86.3575,1.1280439814814816,,200.729875
2013-10-14,28.61,19.76,98.3,62.13,17.32,5.85,83.0,0.0,20.4,20.99,20.99,24.0,24.366249999999997,83.66625,1.226736111111111,,237.71004166666668
2013-10-15,33.82,19.99,100.0,46.36,20.51,6.011111111111111,26.0,0.0,20.98,22.09,22.09,24.0,23.31458333333333,81.62083333333334,1.048275462962963,,195.03099999999998
2013-10-16,28.61,19.64,99.2,59.35,16.83,5.169444444444444,74.0,2.286,19.53,19.65,19.65,24.0,20.122083333333332,94.84166666666665,0.9359722222222221,,61.054125
2013-10-17,23.17,17.67,100.0,77.14,5.269,4.430555555555555,58.0,6.401,17.97,17.97,17.97,24.0,19.285416666666666,94.11083333333333,0.8892245370370371,,100.657625
2013-10-18,23.36,17.53,100.0,71.46,8.69,4.45,240.0,6.02,17.67,17.67,17.67,24.0,20.815,88.90541666666667,1.470960648148148,,242.6905416666667
2013-10-19,26.76,17.23,100.0,68.11,20.94,4.55,51.0,3.2,18.43,19.73,19.73,24.0,22.76625,83.68625,1.4558564814814814,,288.54466666666667
2013-10-20,29.49,18.33,99.5,52.33,24.91,6.730555555555555,82.0,0.0,20.11,20.46,20.46,24.0,23.441666666666666,85.62208333333332,1.6763657407407406,,267.07595833333335
2013-10-21,29.49,19.59,100.0,61.24,23.05,6.188888888888889,51.0,0.457,21.25,22.49,22.49,24.0,24.25,83.50541666666668,2.2869791666666663,,177.72875
2013-10-22,31.64,21.14,100.0,58.96,15.34,16.619444444444444,224.0,0.457,19.66,21.87,21.87,24.0,21.100416666666668,87.25916666666666,0.9559837962962963,,74.38695833333334
2013-10-23,24.9,18.83,100.0,67.16,6.42,4.738888888888888,79.0,0.457,18.9,18.9,18.9,24.0,22.402916666666666,91.66041666666666,1.5983912037037038,,152.76641666666666
2013-10-24,28.2,18.75,100.0,72.73,13.18,6.038888888888888,51.0,0.0,22.45,22.45,22.45,24.0,22.975416666666664,93.56208333333332,1.660798611111111,,99.37233333333334
2013-10-25,28.11,20.23,100.0,68.41,8.58,10.85,210.0,15.24,19.73,20.69,20.69,24.0,19.662916666666664,95.02916666666665,1.0093402777777778,,60.423875
2013-10-26,21.52,18.25,100.0,85.2,5.215,4.75,229.0,4.801,18.63,18.63,18.63,24.0,20.859583333333333,96.3,1.2970949074074074,,90.29875
2013-10-27,25.18,18.19,100.0,83.6,7.793,7.35,199.0,0.686,21.0,21.0,21.0,24.0,23.312083333333334,82.74666666666667,2.115011574074074,,293.5919166666667
2013-10-28,29.15,19.51,100.0,51.41,25.34,7.1499999999999995,198.0,6.883,17.63,19.51,19.51,24.0,20.072916666666668,71.76625,1.3794212962962964,,225.88358333333335
2013-10-29,24.65,16.91,90.5,48.48,19.49,5.199999999999999,55.0,0.0,15.39,17.84,17.84,24.0,19.99833333333333,73.31750000000001,1.5443287037037037,,326.4954583333333
2013-10-30,25.86,15.34,97.0,42.96,28.18,6.469444444444444,28.0,0.0,14.92,17.25,17.25,24.0,20.951249999999998,76.835,1.8839814814814815,,289.97475000000003
2013-10-31,27.54,15.9,96.9,49.8,25.02,6.888888888888889,53.0,0.0,16.71,20.43,20.43,24.0,21.30375,80.81375,1.800625,,220.81183333333334
2013-11-01,26.34,17.51,98.5,62.39,19.05,7.6,67.0,2.972,18.69,18.93,18.93,24.0,21.674166666666665,82.31166666666667,2.212824074074074,,191.303625
2013-11-02,26.09,18.9,99.3,60.34,16.51,9.188888888888888,104.0,1.143,17.61,18.96,18.96,24.0,21.665000000000003,87.14791666666667,1.9818171296296294,,174.36249999999998
2013-11-03,26.48,17.95,98.7,69.21,15.05,7.930555555555555,25.0,0.686,19.97,21.51,21.51,24.0,22.72875,88.9825,1.4142708333333331,,123.98258333333332
2013-11-04,28.75,21.05,100.0,66.13,10.7,4.930555555555555,22.0,17.63,21.62,21.62,21.62,24.0,19.692916666666665,94.24166666666667,0.9265162037037037,,50.76916666666667
2013-11-05,21.62,18.26,100.0,76.17,4.381,4.330555555555556,198.0,2.972,14.92,18.42,18.42,24.0,20.145833333333332,76.2775,1.037013888888889,,270.33925
2013-11-06,26.29,14.3,97.9,54.18,23.33,5.261111111111111,117.0,0.0,15.4,18.78,18.78,24.0,20.011666666666667,77.41,1.4460648148148147,,203.84608333333333
2013-11-07,25.94,16.55,94.6,49.97,17.59,5.069444444444445,242.0,0.914,16.36,18.91,18.91,24.0,19.886666666666667,87.28375,1.1165162037037037,,98.674125
2013-11-08,24.63,17.78,100.0,69.14,8.52,4.188888888888889,254.0,2.057,17.99,17.99,17.99,24.0,21.860416666666666,88.73,1.6519212962962964,,226.12091666666666
2013-11-09,28.49,17.97,100.0,60.5,19.51,5.930555555555556,64.0,1.6,20.37,20.7,20.7,24.0,23.69875,84.66416666666667,1.4286574074074074,,261.29620833333337
2013-11-10,29.64,19.66,100.0,59.05,22.55,5.4,84.0,0.0,21.05,21.84,21.84,24.0,23.607083333333335,88.56416666666667,1.6266898148148148,,162.097625
2013-11-11,28.14,21.13,99.7,69.98,13.99,6.969444444444444,61.0,0.0,21.65,22.93,22.93,24.0,24.254166666666666,91.09125,1.3574768518518516,,165.27295833333332
2013-11-12,29.19,21.92,100.0,70.54,14.26,6.1305555555555555,325.0,3.734,22.61,22.61,22.61,24.0,26.737916666666667,70.14708333333333,2.949201388888889,,253.95416666666665
2013-11-13,34.63,21.19,100.0,31.67,21.92,12.999999999999998,252.0,0.229,19.65,21.52,21.52,24.0,24.71083333333333,69.95291666666667,1.2202662037037038,,333.09770833333334
2013-11-14,31.43,19.35,94.6,36.62,28.75,6.269444444444444,89.0,0.0,20.19,21.29,21.29,24.0,23.405416666666667,74.68666666666667,2.0432175925925926,,341.07916666666665
2013-11-15,29.62,18.6,97.9,44.99,29.44,7.8500000000000005,13.0,0.0,15.92,20.22,20.22,24.0,23.09875,76.37375,2.2854398148148145,,313.63779166666666
2013-11-16,28.35,17.41,89.8,59.28,27.07,7.138888888888888,83.0,0.0,21.09,22.92,22.92,24.0,21.759583333333335,89.34875,1.4284722222222221,,87.84770833333333
2013-11-17,28.04,17.52,99.2,64.05,7.588,6.930555555555555,202.0,14.35,16.84,19.04,19.04,24.0,20.375833333333333,81.87791666666666,1.0599537037037037,,123.41425
2013-11-18,24.41,17.33,97.6,61.8,10.65,4.230555555555555,4.0,0.229,18.13,18.5,18.5,24.0,21.482916666666668,88.91000000000001,1.4190162037037037,,148.79729166666667
2013-11-19,26.17,18.17,100.0,68.67,12.84,5.211111111111111,38.0,3.429,20.14,21.44,21.44,24.0,23.54625,87.92666666666666,1.7568981481481483,,163.39379166666666
2013-11-20,27.66,20.73,99.3,67.28,14.1,5.669444444444444,18.0,0.0,22.08,22.69,22.69,24.0,23.987083333333334,94.81625000000001,1.355787037037037,,132.64970833333334
2013-11-21,30.32,22.19,100.0,67.38,11.45,6.461111111111111,254.0,11.58,22.86,22.86,22.86,24.0,24.220416666666665,92.22291666666666,1.4654398148148147,,102.34820833333333
2013-11-22,28.78,21.67,100.0,70.28,8.83,9.019444444444444,199.0,1.6,21.63,21.75,21.75,24.0,21.837500000000002,88.97166666666668,1.7431597222222222,,166.89520833333333
2013-11-23,25.65,17.78,100.0,63.96,14.4,6.8694444444444445,191.0,12.34,16.05,17.78,17.78,24.0,20.066666666666666,86.91583333333334,1.5925462962962964,,138.23033333333333
2013-11-24,25.26,16.83,100.0,64.35,11.93,5.919444444444444,80.0,2.972,18.81,18.81,18.81,24.0,20.25,99.1875,1.3876041666666667,,79.313625
2013-11-25,22.11,18.38,100.0,93.3,6.845,4.46111111111111,90.0,23.77,21.0,21.25,21.25,24.0,23.61,92.73083333333334,1.195636574074074,,190.01666666666665
2013-11-26,28.27,20.89,100.0,72.32,16.4,5.4,79.0,3.658,21.95,21.95,21.95,24.0,22.902916666666666,92.99041666666666,1.3287962962962963,,180.66958333333332
2013-11-27,25.72,21.37,100.0,75.46,15.59,6.469444444444444,41.0,3.429,21.2,21.46,21.46,24.0,23.865,90.64125,1.5334722222222223,,234.43791666666667
2013-11-28,28.87,20.87,100.0,71.21,20.23,6.330555555555555,25.0,5.486,22.01,22.2,22.2,24.0,25.53916666666667,85.84958333333333,1.3085648148148148,,283.2800833333333
2013-11-29,36.3,20.88,100.0,49.76,24.45,5.719444444444444,219.0,4.572,20.93,21.08,21.08,24.0,21.514583333333334,98.77916666666665,0.8675578703703705,,52.412625
2013-11-30,22.93,20.39,100.0,95.4,4.523,3.638888888888889,72.0,4.801,20.74,20.76,20.76,24.0,20.486666666666668,99.59166666666665,1.237835648148148,,54.808166666666665
2013-12-01,21.59,19.19,100.0,97.5,4.731,5.1194444444444445,90.0,11.2,19.04,19.19,19.19,24.0,20.263749999999998,99.175,1.3892708333333335,,59.47170833333333
2013-12-02,22.22,18.45,100.0,96.0,5.132,4.088888888888889,227.0,2.515,20.44,20.44,20.44,24.0,24.047916666666666,90.5,1.399085648148148,,225.03041666666664
2013-12-03,30.26,20.26,100.0,64.46,19.42,5.961111111111111,15.0,0.229,22.8,22.8,22.8,24.0,27.035416666666666,78.09208333333333,1.8683333333333332,,319.3375833333333
2013-12-04,35.42,21.39,100.0,38.71,27.56,8.88888888888889,255.0,0.0,21.39,23.29,23.29,24.0,25.020416666666666,85.0325,1.535763888888889,,244.76291666666665
2013-12-05,30.77,21.73,98.5,66.7,21.12,5.361111111111112,9.0,0.229,22.35,23.41,23.41,24.0,23.05458333333333,93.1325,1.4502893518518516,,104.987125
2013-12-06,31.31,19.58,100.0,64.87,9.06,14.269444444444444,201.0,35.08,20.41,20.89,20.89,24.0,22.326666666666668,82.26791666666666,1.2248958333333333,,110.17312499999998
2013-12-07,26.59,20.23,98.7,63.31,9.51,4.6305555555555555,52.0,0.229,18.94,21.04,21.04,24.0,21.46375,95.19583333333333,0.9973263888888888,,76.63545833333333
2013-12-08,23.73,19.63,99.9,82.8,6.614,4.9111111111111105,310.0,17.88,21.86,21.87,21.87,24.0,23.60875,94.58208333333334,1.4336689814814816,,145.98975
2013-12-09,28.86,20.88,100.0,75.61,12.6,5.930555555555556,21.0,1.3719999999999999,23.27,23.69,23.69,24.0,25.729583333333334,90.55708333333332,1.3873148148148147,,195.3407083333333
2013-12-10,30.88,22.7,100.0,70.49,16.86,13.88888888888889,229.0,17.93,23.01,23.01,23.01,24.0,25.32875,88.27708333333334,1.5035300925925925,,279.5482083333333
2013-12-11,32.44,21.15,100.0,57.83,24.13,6.061111111111111,224.0,11.89,21.38,21.38,21.38,24.0,20.815,99.32916666666667,1.6242824074074074,,62.79954166666667
2013-12-12,21.77,19.33,100.0,95.9,5.421,6.830555555555556,204.0,48.08,19.29,19.45,19.45,24.0,20.622916666666665,88.69541666666667,1.3230208333333333,,91.69625
2013-12-13,24.26,18.27,100.0,68.6,7.914,4.219444444444444,25.0,0.0,18.37,18.89,18.89,24.0,22.13416666666667,86.24958333333332,1.6424768518518518,,167.09520833333332
2013-12-14,27.3,18.64,100.0,65.15,14.42,5.311111111111111,30.0,0.0,20.58,22.48,22.48,24.0,23.565833333333334,88.7375,1.4311574074074074,,182.735
2013-12-15,28.75,20.61,99.1,62.88,15.77,5.788888888888889,59.0,1.143,22.09,23.11,23.11,24.0,25.652916666666666,83.39333333333333,1.4443402777777778,,282.1372083333333
2013-12-16,31.66,22.1,99.2,56.66,24.35,5.988888888888888,54.0,0.0,22.14,23.76,23.76,24.0,25.74291666666667,81.41083333333333,1.4596064814814813,,289.188125
2013-12-17,30.96,21.69,99.3,54.42,24.96,6.011111111111111,60.0,0.0,21.65,22.45,22.45,24.0,24.36375,79.90791666666667,1.2284143518518518,,314.27116666666666
2013-12-18,30.48,20.35,100.0,50.25,27.12,5.111111111111111,60.0,0.686,20.38,20.6,20.6,24.0,24.07041666666667,86.96458333333334,1.5000231481481483,,193.55016666666666
2013-12-19,31.07,20.42,100.0,55.6,16.7,4.761111111111111,60.0,3.2,21.24,22.09,22.09,24.0,23.58083333333333,89.11,1.5605671296296295,,202.72912499999998
2013-12-20,30.72,20.02,100.0,50.26,17.5,5.8999999999999995,64.0,8.76,21.53,21.53,21.53,24.0,24.894166666666667,87.05583333333334,1.4306134259259258,,309.45275
2013-12-21,31.41,20.94,100.0,61.29,26.71,5.8805555555555555,54.0,0.457,22.14,22.53,22.53,24.0,24.483333333333334,88.14999999999999,1.7653703703703705,,267.6815833333333
2013-12-22,30.47,21.04,100.0,63.87,23.1,6.949999999999999,219.0,5.486,21.28,21.47,21.47,24.0,23.450416666666666,92.14583333333333,1.9982175925925925,,214.633375
2013-12-23,30.02,20.76,100.0,69.23,18.53,6.1,230.0,12.6,21.85,21.85,21.85,24.0,24.381666666666664,89.60041666666666,1.439548611111111,,180.73299999999998
2013-12-24,30.71,21.06,100.0,63.91,15.6,5.511111111111111,206.0,9.75,22.57,23.56,23.56,24.0,26.418333333333333,82.06041666666667,1.0940393518518519,,284.00100000000003
2013-12-25,32.8,22.43,97.5,52.07,24.51,5.430555555555555,71.0,0.0,23.27,23.99,23.99,24.0,27.557916666666667,81.74083333333333,1.4582754629629628,,346.8800833333333
2013-12-26,34.63,23.02,99.8,53.25,29.94,6.499999999999999,18.0,0.0,23.85,25.41,25.41,24.0,28.377916666666668,82.6475,1.4531828703703704,,325.9873333333333
2013-12-27,35.51,23.76,98.0,58.89,28.14,5.6,88.0,0.0,24.72,26.04,26.04,24.0,28.36708333333333,84.48625,1.6588657407407406,,317.06695833333333
2013-12-28,34.85,24.54,98.7,57.61,27.36,6.280555555555555,34.0,0.0,24.95,26.12,26.12,24.0,27.71375,87.61541666666666,1.1575462962962961,,142.78991666666667
2013-12-29,35.59,24.7,98.5,57.26,12.32,5.1611111111111105,45.0,0.229,25.46,25.86,25.86,24.0,28.36583333333333,85.84708333333333,1.6267476851851852,,199.1799583333333
2013-12-30,33.51,24.57,100.0,63.14,17.19,4.8500000000000005,20.0,1.6,24.91,30.24,26.86,24.0,30.163749999999997,75.57083333333334,1.4862384259259258,,228.83966666666666
2013-12-31,37.99,25.74,94.0,47.24,19.75,5.269444444444444,329.0,0.0,25.95,34.02,28.24,24.0,31.444999999999997,72.54333333333334,2.030613425925926,,263.3040833333333
2014-01-01,40.11,24.29,100.0,35.64,22.72,9.68888888888889,255.0,47.98,25.0,25.0,25.0,24.0,26.932083333333335,91.06625000000001,1.3916550925925926,,134.39849999999998
2014-01-02,35.07,24.06,100.0,59.02,11.6,13.430555555555555,226.0,19.99,24.62,24.67,24.67,24.0,28.964166666666667,85.28583333333333,1.3386805555555554,,280.64116666666666
2014-01-03,36.44,24.19,100.0,57.27,24.22,5.5,139.0,1.143,25.23,36.03,29.74,24.0,28.709166666666665,80.96708333333333,1.4121412037037038,,136.62804166666666
2014-01-04,37.57,22.28,100.0,51.66,11.79,5.55,124.0,65.84,22.37,22.37,22.37,24.0,20.419999999999998,99.8625,1.5805787037037036,,41.838125
2014-01-05,22.47,19.58,100.0,97.7,3.6109999999999998,5.5,162.0,19.66,19.74,19.74,19.74,24.0,21.523750000000003,96.95,1.2616435185185184,,74.84579166666667
2014-01-06,24.46,19.2,100.0,87.0,6.46,4.180555555555555,203.0,4.801,22.02,22.02,22.02,24.0,23.955833333333334,95.80833333333334,1.0215162037037036,,117.42608333333334
2014-01-07,29.2,21.86,100.0,76.79,10.13,3.55,195.0,0.457,23.6,23.64,23.64,24.0,25.881249999999998,90.05791666666666,1.5217824074074073,,191.46508333333335
2014-01-08,30.99,23.04,100.0,66.27,16.52,5.561111111111111,24.0,0.229,24.27,25.24,25.24,24.0,26.35083333333333,88.68583333333333,1.6717708333333332,,242.9415
2014-01-09,34.36,22.07,100.0,48.34,20.97,15.299999999999999,227.0,7.874,21.84,22.7,22.7,24.0,25.11916666666667,91.14333333333333,1.2091898148148148,,128.32725
2014-01-10,29.79,21.98,100.0,72.17,11.08,4.938888888888889,18.0,1.3719999999999999,24.59,25.18,25.18,24.0,28.305000000000003,84.87958333333334,1.595752314814815,,339.238875
2014-01-11,34.58,23.89,100.0,58.91,29.28,7.280555555555556,88.0,0.0,25.62,26.4,26.4,24.0,27.097916666666666,86.46499999999999,1.8617824074074072,,277.9184583333333
2014-01-12,33.85,22.28,99.7,61.82,23.99,11.261111111111111,193.0,3.9370000000000003,22.04,23.05,23.05,24.0,24.702083333333334,89.74166666666667,1.3230208333333333,,98.30091666666668
2014-01-13,27.27,22.66,100.0,79.14,8.48,6.488888888888889,219.0,10.52,23.3,23.3,23.3,24.0,24.180833333333336,95.57666666666667,1.3594560185185187,,121.78750000000001
2014-01-14,30.46,21.89,100.0,71.33,10.51,6.061111111111111,191.0,29.54,22.39,22.58,22.58,24.0,24.72791666666667,89.49041666666666,1.531736111111111,,140.74908333333335
2014-01-15,32.7,21.76,100.0,59.61,12.15,6.069444444444445,197.0,9.22,23.33,23.33,23.33,24.0,25.28333333333333,87.14541666666666,1.6071412037037038,,162.650625
2014-01-16,31.37,21.7,100.0,64.36,14.04,7.3388888888888895,235.0,0.0,22.07,22.71,22.71,24.0,24.174166666666665,92.145,1.3081712962962964,,179.858875
2014-01-17,30.34,21.71,99.8,67.76,15.52,6.419444444444444,32.0,9.02,22.48,22.49,22.49,24.0,25.972083333333334,85.78458333333333,1.5230671296296296,,276.09820833333333
2014-01-18,32.66,22.05,100.0,57.61,23.83,6.499999999999999,69.0,0.0,23.03,23.52,23.52,24.0,26.565833333333334,82.51125,1.6983449074074075,,347.9077916666667
2014-01-19,33.34,21.96,100.0,52.11,30.02,7.519444444444444,55.0,0.0,23.08,24.19,24.19,24.0,27.196250000000003,79.58041666666666,1.7068287037037038,,349.7500416666667
2014-01-20,33.46,22.13,99.7,51.52,30.19,5.611111111111111,67.0,0.0,22.81,24.47,24.47,24.0,27.104166666666668,74.56458333333333,1.5745601851851851,,347.70887500000003
2014-01-21,33.16,21.99,99.8,38.89,30.01,6.330555555555555,57.0,0.0,21.79,23.64,23.64,24.0,27.00583333333333,80.92999999999999,1.7874074074074073,,332.94195833333333
2014-01-22,33.18,20.95,97.4,57.31,28.73,6.811111111111111,7.0,0.0,25.26,26.28,26.28,24.0,28.958333333333332,80.42833333333333,1.562349537037037,,261.31175
2014-01-23,38.16,24.92,98.9,50.3,22.55,10.430555555555555,34.0,0.0,24.54,26.24,26.24,24.0,29.03625,81.55499999999999,2.0265277777777775,,314.9773333333333
2014-01-24,36.88,23.25,99.4,50.98,27.18,14.030555555555555,233.0,39.57,23.3,23.43,23.43,24.0,27.6825,84.39416666666666,1.6793865740740739,,288.69254166666667
2014-01-25,36.3,23.0,100.0,54.38,24.92,9.1,224.0,3.683,23.97,24.97,24.97,24.0,27.150000000000002,83.75166666666667,1.6351504629629627,,202.90554166666666
2014-01-26,32.95,22.98,95.9,65.79,17.51,6.461111111111111,352.0,0.0,22.31,22.99,22.99,24.0,25.5625,90.28708333333333,1.6819212962962962,,136.60020833333334
2014-01-27,32.11,22.23,99.2,64.85,11.79,4.8694444444444445,224.0,1.8290000000000002,25.01,25.5,25.5,24.0,28.495833333333334,83.28416666666666,1.567951388888889,,305.38033333333334
2014-01-28,34.77,24.45,100.0,56.46,26.36,6.6305555555555555,31.0,0.229,24.71,26.06,26.06,24.0,29.02416666666667,79.83624999999999,1.4160763888888888,,318.2205
2014-01-29,35.09,25.02,97.4,53.99,27.46,6.330555555555555,28.0,0.0,25.37,30.74,26.97,24.0,29.363333333333333,81.66791666666667,1.442175925925926,,331.05245833333333
2014-01-30,36.48,24.42,99.5,49.83,28.57,5.8999999999999995,81.0,0.0,25.64,26.56,26.56,24.0,28.764583333333334,84.06083333333333,1.5804976851851853,,292.6105
2014-01-31,35.57,24.91,100.0,51.55,25.25,6.3999999999999995,64.0,0.0,24.45,25.9,25.9,24.0,28.892083333333332,82.54416666666667,1.6181944444444445,,257.628125
2014-02-01,34.95,24.93,94.0,63.74,22.24,5.76111111111111,65.0,0.0,25.92,31.43,27.12,24.0,29.855,79.24541666666666,1.3286342592592593,,310.118875
2014-02-02,36.87,25.17,97.8,47.62,26.76,5.838888888888889,81.0,0.0,26.09,32.06,27.33,24.0,29.46291666666667,80.77083333333333,1.4256134259259259,,298.918875
2014-02-03,36.03,24.83,99.4,51.99,25.8,6.019444444444445,12.0,0.0,25.99,33.22,27.86,24.0,29.778750000000002,82.23583333333333,1.5753240740740742,,313.16658333333334
2014-02-04,35.95,25.76,98.1,57.04,27.03,5.6499999999999995,28.0,0.0,25.86,32.07,27.4,24.0,29.94875,81.87625,1.4920486111111113,,260.0555
2014-02-05,36.6,25.68,97.7,53.65,22.44,5.6305555555555555,32.0,0.0,26.53,33.9,27.94,24.0,30.045,80.99166666666666,1.7644560185185183,,300.910125
2014-02-06,36.57,25.68,94.8,54.6,25.97,6.1611111111111105,54.0,0.0,26.18,32.99,27.69,24.0,29.848333333333333,78.80833333333334,1.5559027777777779,,313.6940416666667
2014-02-07,36.78,25.22,97.3,46.53,27.07,6.330555555555555,48.0,0.0,25.59,32.99,27.91,24.0,29.740416666666665,81.98291666666667,1.5404513888888889,,268.74666666666667
2014-02-08,36.9,24.75,99.1,53.58,23.19,5.6194444444444445,58.0,0.0,26.57,33.72,27.85,24.0,30.215,79.35041666666667,1.7242592592592592,,301.2212083333333
2014-02-09,37.96,25.22,98.3,50.45,26.0,9.911111111111111,227.0,0.0,21.65,25.69,25.69,24.0,29.10166666666667,76.33708333333333,1.6456134259259259,,318.53108333333336
2014-02-10,37.59,22.33,93.0,48.63,27.49,5.76111111111111,77.0,0.0,26.26,32.76,27.56,24.0,29.90416666666667,80.96041666666666,1.4423148148148146,,269.0742916666667
2014-02-11,35.64,26.05,96.4,59.29,23.22,5.730555555555555,81.0,0.0,24.92,26.05,26.05,24.0,28.654583333333335,79.56333333333333,1.850613425925926,,288.78995833333335
2014-02-12,35.53,24.1,99.2,48.92,24.92,6.419444444444444,22.0,0.0,24.36,26.32,26.32,24.0,29.229166666666668,78.98708333333333,1.800810185185185,,315.44920833333333
2014-02-13,36.4,23.64,99.1,53.8,27.23,6.499999999999999,22.0,0.0,25.75,30.58,26.82,24.0,28.245416666666667,82.51416666666667,1.9143518518518519,,257.62779166666667
2014-02-14,36.42,22.13,98.7,51.44,22.24,10.06111111111111,223.0,13.77,22.11,22.33,22.33,24.0,23.3275,95.15416666666665,1.8778587962962963,,101.68275
2014-02-15,27.09,21.07,99.4,78.93,8.78,6.261111111111111,220.0,11.89,21.05,21.14,21.14,24.0,22.72458333333333,85.95416666666667,2.0458796296296295,,85.78108333333334
2014-02-16,25.56,20.44,100.0,71.13,7.4030000000000005,6.669444444444444,172.0,5.486,19.17,21.81,21.81,24.0,23.8875,79.59083333333334,1.6463310185185185,,97.52604166666667
2014-02-17,26.65,21.11,88.3,64.65,8.42,5.238888888888889,211.0,0.0,18.76,21.11,21.11,24.0,23.4275,90.2675,1.7704050925925925,,125.09875
2014-02-18,28.06,20.1,100.0,74.07,10.8,9.230555555555554,84.0,22.17,21.99,23.29,23.29,24.0,23.925,91.55,1.1848032407407407,,108.37458333333335
2014-02-19,27.24,21.74,99.7,69.73,9.35,5.961111111111111,47.0,12.85,21.75,21.81,21.81,24.0,24.656666666666666,84.77416666666666,1.5520023148148148,,304.37129166666665
2014-02-20,29.93,20.88,100.0,58.32,26.27,7.119444444444444,69.0,0.229,20.91,21.96,21.96,24.0,24.895416666666666,84.01458333333333,1.661412037037037,,275.396
2014-02-21,31.2,20.02,100.0,58.76,23.77,7.561111111111111,72.0,0.0,23.13,24.83,24.83,24.0,26.237916666666667,86.15875,1.0917361111111112,,124.80804166666667
2014-02-22,30.76,23.31,97.3,67.62,10.77,4.519444444444444,47.0,0.0,23.76,25.07,25.07,24.0,25.076666666666668,94.60833333333333,1.1612731481481482,,82.93287500000001
2014-02-23,28.67,22.11,99.9,82.9,7.158,5.088888888888889,190.0,3.2,24.67,24.85,24.85,24.0,25.390416666666667,94.63458333333334,1.1242824074074074,,81.89841666666668
2014-02-24,29.61,23.45,100.0,75.7,7.069,3.911111111111111,335.0,2.515,24.36,24.51,24.51,24.0,26.78833333333333,87.55333333333334,1.4186458333333334,,222.57995833333334
2014-02-25,33.75,23.43,100.0,56.71,19.21,5.480555555555555,29.0,4.801,22.28,23.67,23.67,24.0,26.169166666666666,83.3975,1.584050925925926,,258.3040833333333
2014-02-26,35.64,21.87,98.4,49.8,22.29,8.430555555555555,28.0,21.36,22.92,23.31,23.31,24.0,26.714166666666667,87.74166666666667,1.3591319444444443,,240.84083333333334
2014-02-27,34.29,22.26,100.0,57.14,20.79,5.530555555555556,25.0,0.0,24.88,25.54,25.54,24.0,24.989166666666666,95.52208333333334,1.302337962962963,,85.53545833333334
2014-02-28,31.38,22.11,100.0,72.27,7.384,8.05,186.0,5.715,21.97,22.47,22.47,24.0,22.8925,94.22083333333335,1.1948842592592592,,68.38208333333334
2014-03-01,26.47,21.52,100.0,77.43,5.9,4.811111111111111,19.0,11.07,21.58,21.58,21.58,24.0,24.80541666666667,87.46708333333333,1.4266782407407408,,231.51583333333335
2014-03-02,31.87,21.19,100.0,57.05,19.98,5.369444444444444,71.0,0.229,21.26,22.41,22.41,24.0,24.01875,85.90750000000001,1.1803472222222222,,138.92166666666665
2014-03-03,28.82,20.83,98.3,66.67,11.99,3.9888888888888885,53.0,0.0,22.03,23.59,23.59,24.0,24.34875,88.80708333333332,1.1955787037037038,,132.59475
2014-03-04,29.12,21.19,99.6,68.1,11.44,5.1611111111111105,44.0,0.686,22.84,23.61,23.61,24.0,23.615416666666665,97.58333333333333,1.014351851851852,,52.56158333333334
2014-03-05,26.68,21.43,100.0,87.1,4.537,8.450000000000001,202.0,92.0,21.85,21.85,21.85,24.0,23.421666666666667,95.04541666666667,1.4625462962962963,,97.60449999999999
2014-03-06,28.44,21.53,100.0,71.56,8.42,5.0,220.0,8.69,22.45,22.45,22.45,24.0,25.167083333333334,84.78291666666667,1.4354282407407408,,268.06874999999997
2014-03-07,33.77,19.93,100.0,53.33,23.14,5.288888888888889,203.0,0.0,22.05,23.56,23.56,24.0,25.241249999999997,81.73375,1.210787037037037,,227.88270833333334
2014-03-08,31.92,21.02,99.0,50.79,19.67,5.088888888888889,54.0,18.36,20.39,21.02,21.02,24.0,23.99625,89.60541666666667,1.2517245370370371,,195.74633333333335
2014-03-09,31.3,20.34,99.9,56.09,16.89,5.561111111111111,32.0,28.19,20.86,20.87,20.87,24.0,24.12375,90.11166666666666,1.318472222222222,,229.4260833333333
2014-03-10,30.24,20.03,100.0,65.44,19.8,5.411111111111111,68.0,6.172,23.81,24.66,24.66,24.0,26.410416666666666,87.86333333333333,1.5339583333333333,,250.475875
2014-03-11,32.88,21.71,100.0,60.63,21.62,9.561111111111112,200.0,42.34,21.76,21.76,21.76,24.0,23.55,92.71375,1.5703125,,138.506375
2014-03-12,29.24,20.75,100.0,65.63,11.95,6.619444444444444,251.0,8.15,22.96,23.41,23.41,24.0,23.134583333333335,97.18333333333334,1.6169097222222222,,38.95275
2014-03-13,25.34,21.58,100.0,87.7,3.362,4.638888888888888,221.0,31.93,21.72,21.72,21.72,24.0,22.7925,97.2625,1.2473032407407407,,83.30941666666666
2014-03-14,28.16,21.39,100.0,76.33,7.19,4.0,,25.91,22.14,22.17,22.17,24.0,25.65416666666667,87.40291666666667,1.4651273148148147,,269.96008333333333
2014-03-15,31.77,21.34,100.0,63.58,23.3,5.488888888888889,46.0,0.0,24.46,25.1,25.1,24.0,27.365,88.59125,1.3971643518518517,,220.71166666666667
2014-03-16,34.54,23.59,100.0,60.1,19.05,5.988888888888888,208.0,15.09,23.73,23.84,23.84,24.0,26.75916666666667,89.47333333333334,1.3570949074074072,,213.81879166666667
2014-03-17,32.39,23.03,100.0,69.19,18.45,5.1611111111111105,46.0,0.0,24.72,25.27,25.27,24.0,27.91916666666667,87.64125,1.4665393518518517,,252.129875
2014-03-18,35.7,21.69,100.0,55.44,21.76,11.25,213.0,34.52,21.88,22.02,22.02,24.0,24.222916666666666,92.24791666666665,1.7088078703703704,,190.67758333333333
2014-03-19,32.68,20.94,100.0,63.81,16.46,12.28888888888889,202.0,27.38,22.17,22.17,22.17,24.0,25.087083333333336,91.97416666666668,1.4368518518518518,,181.58645833333333
2014-03-20,31.13,21.1,100.0,71.71,15.67,5.911111111111111,227.0,3.886,23.8,23.83,23.83,24.0,25.32166666666667,87.61583333333334,1.8645949074074073,,115.39316666666667
2014-03-21,32.27,22.27,99.8,57.48,9.96,6.919444444444444,25.0,0.229,22.19,23.9,23.9,24.0,24.042083333333334,90.88125000000001,1.564710648148148,,63.58929166666667
2014-03-22,27.17,22.03,99.1,78.5,5.4879999999999995,6.488888888888889,335.0,10.31,23.24,23.6,23.6,24.0,24.16875,86.11416666666668,1.1038078703703704,,125.32095833333334
2014-03-23,28.96,19.84,97.7,66.25,10.82,6.0,211.0,0.0,15.86,19.86,19.86,24.0,21.10625,73.18875,0.9576388888888889,,178.167
2014-03-24,26.26,17.55,89.1,51.24,15.38,3.438888888888889,68.0,0.0,18.07,19.91,19.91,24.0,22.71166666666667,83.40208333333332,1.4681481481481482,,210.71591666666666
2014-03-25,28.89,18.67,98.1,54.98,18.19,5.430555555555555,54.0,2.057,20.46,20.76,20.76,24.0,23.10166666666667,85.08749999999999,1.300011574074074,,157.48208333333335
2014-03-26,29.05,19.52,99.9,58.54,13.59,4.1499999999999995,94.0,0.229,19.98,20.55,20.55,24.0,22.989166666666666,89.05583333333334,1.4416898148148147,,124.72504166666666
2014-03-27,30.07,18.92,100.0,57.82,10.76,3.888888888888889,215.0,0.457,21.84,22.15,22.15,24.0,24.165000000000003,90.61833333333334,1.3986689814814814,,166.3117083333333
2014-03-28,31.2,20.97,100.0,63.37,14.35,4.9111111111111105,41.0,0.229,22.19,22.39,22.39,24.0,24.870416666666667,87.80916666666667,1.5617824074074074,,206.107875
2014-03-29,30.94,21.11,100.0,60.82,17.79,5.238888888888889,12.0,0.229,22.5,22.79,22.79,24.0,25.355833333333333,87.82833333333333,1.5992592592592592,,237.29091666666667
2014-03-30,31.79,20.84,100.0,61.27,20.48,5.788888888888889,35.0,0.457,23.66,25.2,25.2,24.0,25.45,92.98625,1.4293402777777777,,76.605625
2014-03-31,29.45,23.88,99.6,76.33,6.611,4.030555555555555,18.0,2.057,23.88,23.97,23.97,24.0,24.725416666666664,96.30416666666667,0.991574074074074,,93.48695833333333
2014-04-01,28.94,22.57,100.0,76.97,8.07,3.1694444444444443,43.0,12.12,24.45,24.45,24.45,24.0,25.9525,91.61666666666667,1.2584259259259258,,150.40445833333334
2014-04-02,31.7,23.01,100.0,68.66,12.98,5.138888888888888,227.0,22.53,23.02,23.02,23.02,24.0,23.077083333333334,95.3675,2.720115740740741,,71.90591666666667
2014-04-03,25.94,21.41,100.0,76.69,6.207,9.230555555555554,210.0,11.2,21.55,21.55,21.55,24.0,23.875,94.69958333333334,1.4862268518518518,,135.70354166666667
2014-04-04,29.49,21.52,100.0,73.42,11.71,8.438888888888888,92.0,27.2,22.55,22.55,22.55,24.0,24.355,88.06833333333333,1.1927546296296296,,194.633375
2014-04-05,30.59,21.21,100.0,58.17,16.8,4.430555555555555,94.0,0.0,20.97,21.21,21.21,24.0,24.24291666666667,88.66833333333334,1.583125,,190.68704166666666
2014-04-06,31.0,20.4,100.0,62.21,16.46,5.288888888888889,28.0,0.457,22.53,23.83,23.83,24.0,25.012083333333333,84.40166666666667,1.2998148148148148,,242.74870833333333
2014-04-07,31.94,20.36,100.0,53.01,20.95,5.8999999999999995,64.0,0.0,21.69,22.09,22.09,24.0,24.314166666666665,89.50833333333333,1.2913425925925925,,195.656125
2014-04-08,32.13,20.25,100.0,61.2,16.89,4.761111111111111,31.0,0.0,22.14,22.53,22.53,24.0,24.583333333333332,88.78541666666666,1.1839814814814815,,135.75041666666667
2014-04-09,30.43,20.69,100.0,66.7,11.72,4.261111111111111,20.0,0.0,22.67,23.14,23.14,24.0,23.59875,93.01833333333333,1.736898148148148,,56.12016666666667
2014-04-10,27.22,21.71,99.0,78.56,4.843,13.930555555555555,197.0,4.343,22.59,23.22,23.22,24.0,24.104166666666668,94.67916666666667,0.8387847222222221,,53.98470833333334
2014-04-11,26.52,22.8,100.0,81.7,4.659,3.6888888888888887,234.0,0.0,22.24,22.84,22.84,24.0,24.00125,94.125,1.0731365740740741,,76.10016666666667
2014-04-12,28.2,21.21,100.0,78.58,6.568,4.030555555555555,79.0,0.0,23.8,24.61,24.61,24.0,24.86125,95.72500000000001,1.0831018518518518,,53.845666666666666
2014-04-13,27.89,22.66,100.0,82.0,4.647,4.730555555555556,25.0,1.3719999999999999,24.31,24.31,24.31,24.0,24.299583333333334,79.54625,1.4469560185185184,,188.172375
2014-04-14,30.61,21.3,100.0,39.15,16.24,5.580555555555556,210.0,0.0,17.61,21.37,21.37,24.0,20.38375,75.10291666666667,1.2328587962962962,,87.04370833333333
2014-04-15,23.57,18.83,89.6,57.89,7.5120000000000005,5.069444444444445,204.0,0.0,16.87,19.2,19.2,24.0,18.957916666666666,94.14583333333333,1.4692476851851852,,27.909000000000002
2014-04-16,20.27,18.15,100.0,80.7,2.409,4.1499999999999995,226.0,0.229,18.62,18.66,18.66,24.0,20.558333333333334,97.10000000000001,1.2176273148148147,,70.47241666666666
2014-04-17,24.63,18.0,100.0,86.5,6.082,4.361111111111111,205.0,1.3719999999999999,19.63,19.63,19.63,24.0,22.72083333333333,92.6725,1.3940162037037036,,160.663625
2014-04-18,29.58,19.56,100.0,65.31,13.87,5.569444444444445,60.0,0.914,21.98,22.17,22.17,24.0,24.255416666666665,89.53583333333334,1.3410532407407407,,182.58666666666667
2014-04-19,30.4,20.7,100.0,62.68,15.76,4.961111111111111,87.0,0.0,22.39,22.63,22.63,24.0,23.729166666666668,91.96333333333332,1.3996759259259257,,123.22075
2014-04-20,31.1,21.14,100.0,65.16,10.64,5.061111111111111,77.0,7.087,21.06,21.34,21.34,24.0,22.77541666666667,90.65249999999999,1.1221759259259259,,94.67370833333332
2014-04-21,28.19,20.59,100.0,70.04,8.17,3.7194444444444446,213.0,0.0,20.0,21.69,21.69,24.0,22.125416666666666,89.22958333333334,1.2748032407407408,,73.05499999999999
2014-04-22,25.89,20.23,96.0,75.19,6.304,3.738888888888889,254.0,0.0,20.57,21.53,21.53,24.0,22.11583333333333,94.65125,1.4203356481481482,,92.68579166666666
2014-04-23,29.42,19.48,100.0,66.88,7.999,6.380555555555555,246.0,21.72,19.49,19.49,19.49,24.0,20.218333333333334,92.42083333333333,2.046087962962963,,58.46904166666667
2014-04-24,22.75,18.53,100.0,80.3,5.046,6.0888888888888895,231.0,5.029,18.9,18.9,18.9,24.0,19.8175,94.96249999999999,1.2817361111111112,,56.514375
2014-04-25,22.14,18.27,100.0,83.5,4.877,4.019444444444445,250.0,0.229,18.6,18.88,18.88,24.0,20.408333333333335,87.81041666666665,1.178576388888889,,128.38583333333335
2014-04-26,25.84,17.78,100.0,65.86,11.08,4.488888888888889,72.0,0.0,16.29,19.45,19.45,24.0,20.285,80.42,0.9772453703703703,,156.72545833333334
2014-04-27,25.76,16.87,95.4,56.89,13.53,3.2805555555555554,228.0,0.0,17.02,18.23,18.23,24.0,19.648333333333333,85.57083333333333,1.5943055555555556,,137.92100000000002
2014-04-28,23.95,16.91,98.8,66.46,11.9,5.8805555555555555,209.0,3.505,17.16,17.37,17.37,24.0,19.594583333333333,89.18791666666668,1.2894328703703704,,131.98508333333334
2014-04-29,25.81,17.01,100.0,51.47,11.39,5.1611111111111105,198.0,2.743,16.69,17.05,17.05,24.0,19.554583333333333,84.82541666666667,1.7747800925925927,,164.44654166666666
2014-04-30,26.08,14.54,100.0,60.23,14.19,6.011111111111111,4.0,0.0,16.75,18.53,18.53,24.0,19.607499999999998,89.99125,1.2149537037037037,,76.41179166666667
2014-05-01,24.65,16.42,99.4,70.87,6.595,4.419444444444444,225.0,0.0,18.63,18.96,18.96,24.0,22.616666666666664,80.2,1.870324074074074,,85.42625
2014-05-02,28.74,18.13,100.0,55.14,7.372,7.45,264.0,3.429,17.57,20.56,20.56,24.0,21.42,81.11166666666666,1.830613425925926,,200.9908333333333
2014-05-03,28.84,16.95,97.4,47.37,17.35,6.030555555555556,201.0,0.0,18.93,19.34,19.34,24.0,21.838333333333335,87.53250000000001,1.3578819444444443,,196.38258333333332
2014-05-04,28.53,17.35,100.0,58.83,16.95,4.761111111111111,62.0,0.0,19.99,20.3,20.3,24.0,22.46166666666667,88.4325,1.0814583333333332,,173.055625
2014-05-05,30.03,17.43,100.0,56.83,14.94,3.8111111111111113,200.0,0.0,19.98,20.42,20.42,24.0,22.354583333333334,91.58,0.9823148148148148,,74.48587500000001
2014-05-06,27.18,19.12,100.0,70.69,6.428,3.1694444444444443,39.0,0.229,21.71,21.93,21.93,24.0,23.6075,91.51958333333333,0.9872800925925925,,114.00783333333334
2014-05-07,28.74,21.19,100.0,69.65,9.84,3.438888888888889,28.0,0.0,21.21,21.34,21.34,24.0,23.199166666666667,91.76,0.9492824074074074,,139.04704166666667
2014-05-08,30.36,19.8,100.0,64.22,12.0,4.35,53.0,0.0,21.62,22.29,22.29,24.0,23.649583333333336,91.075,0.9557291666666666,,117.96683333333334
2014-05-09,30.83,21.21,98.9,61.97,10.18,4.0,18.0,2.057,20.84,21.55,21.55,24.0,21.640833333333333,82.91208333333333,1.1566319444444444,,139.66958333333335
2014-05-10,27.19,18.07,97.2,49.84,12.05,6.0,257.0,0.0,15.93,18.63,18.63,24.0,17.99625,93.41541666666666,1.705162037037037,,106.06975
2014-05-11,22.0,15.02,100.0,70.6,9.15,5.738888888888889,192.0,6.629,16.81,16.81,16.81,24.0,18.964166666666667,91.68041666666666,1.3860532407407407,,98.38420833333333
2014-05-12,25.07,16.75,100.0,64.62,8.49,4.430555555555555,268.0,8.36,17.3,17.91,17.91,24.0,19.942916666666665,87.8075,1.5481944444444444,,160.85616666666667
2014-05-13,26.26,15.7,100.0,55.62,13.88,5.438888888888888,33.0,0.457,17.31,17.65,17.65,24.0,20.28291666666667,89.49041666666666,1.2446875,,145.00320833333333
2014-05-14,27.1,16.21,100.0,61.87,12.51,3.3305555555555557,218.0,0.0,19.13,19.36,19.36,24.0,21.08875,91.31041666666665,1.00875,,66.95079166666666
2014-05-15,25.63,18.62,99.9,70.13,5.7780000000000005,2.861111111111111,221.0,0.0,19.9,20.21,20.21,24.0,22.0525,91.74874999999999,1.1239583333333334,,113.92566666666666
2014-05-16,28.06,19.18,100.0,68.03,9.83,3.9305555555555554,28.0,0.0,20.73,20.86,20.86,24.0,21.6525,87.49083333333333,1.4298958333333334,,146.68054166666667
2014-05-17,27.44,19.21,100.0,62.34,12.66,5.169444444444444,62.0,0.0,18.2,19.52,19.52,24.0,21.012916666666666,86.59208333333333,1.1065509259259259,,149.40925000000001
2014-05-18,27.3,17.36,99.3,59.85,12.89,3.8694444444444445,16.0,0.0,18.71,19.01,19.01,24.0,21.51625,86.42041666666667,1.2999189814814816,,173.792375
2014-05-19,28.98,16.47,100.0,55.46,15.0,4.169444444444444,251.0,0.0,18.98,20.58,20.58,24.0,21.6725,87.39375,1.0646875,,118.80250000000001
2014-05-20,27.07,18.62,99.3,62.42,10.25,4.580555555555555,18.0,0.229,19.84,20.38,20.38,24.0,21.732916666666668,90.42958333333333,1.0139351851851852,,124.293625
2014-05-21,28.08,18.53,100.0,64.59,10.73,3.730555555555555,63.0,0.229,20.35,20.98,20.98,24.0,22.346666666666668,90.90791666666667,1.1172337962962964,,113.645625
2014-05-22,27.58,19.84,100.0,67.48,9.81,4.919444444444444,45.0,0.0,20.9,21.35,21.35,24.0,21.517083333333332,98.10416666666667,1.3543634259259258,,45.217083333333335
2014-05-23,24.43,20.28,100.0,88.4,3.903,5.969444444444444,206.0,8.48,20.96,21.12,21.12,24.0,17.259583333333335,96.94166666666666,1.1799074074074074,,13.149791666666665
2014-05-24,21.19,13.27,100.0,87.4,1.135,5.911111111111111,268.0,34.29,14.0,14.0,14.0,24.0,15.2975,93.0,1.1371412037037036,,55.40825
2014-05-25,18.57,13.59,100.0,77.18,4.782,4.788888888888889,223.0,0.0,14.37,15.14,15.14,24.0,16.28375,93.09750000000001,0.9533796296296296,,54.652625
2014-05-26,20.32,14.62,100.0,69.63,4.717,3.0805555555555553,217.0,9.6,15.68,15.68,15.68,24.0,18.725416666666664,87.47208333333333,2.126539351851852,,149.71454166666666
2014-05-27,26.39,15.12,100.0,56.15,12.92,7.780555555555556,243.0,27.43,16.74,17.28,17.28,24.0,18.198333333333334,87.61833333333334,1.620324074074074,,66.03566666666667
2014-05-28,21.78,16.28,98.7,68.09,5.7,4.411111111111111,192.0,0.0,15.13,17.8,17.8,24.0,18.503333333333334,86.98625,0.7844097222222222,,97.99149999999999
2014-05-29,23.38,16.42,98.8,65.62,8.46,3.319444444444444,108.0,0.0,15.58,16.53,16.53,24.0,17.90625,85.52375,1.2459027777777778,,153.025875
2014-05-30,24.41,14.13,100.0,50.58,13.21,3.488888888888889,219.0,0.0,14.92,15.75,15.75,24.0,18.689583333333335,88.50958333333334,1.4369907407407407,,154.758875
2014-05-31,25.09,14.76,99.5,64.58,13.36,5.3500000000000005,48.0,0.0,17.22,17.37,17.37,24.0,16.915416666666665,98.53333333333335,1.4207175925925926,,45.71333333333333
2014-06-01,20.17,14.38,100.0,87.0,3.9450000000000003,5.530555555555556,229.0,9.14,17.44,17.44,17.44,24.0,20.72,87.72333333333334,1.4091203703703703,,149.44258333333335
2014-06-02,29.84,15.82,100.0,42.38,12.9,6.511111111111111,239.0,0.229,16.34,18.08,18.08,24.0,17.167916666666667,71.03458333333333,2.960231481481481,,171.01970833333334
2014-06-03,22.79,12.6,96.3,44.87,14.76,10.188888888888888,252.0,0.0,11.06,12.69,12.69,24.0,15.200000000000001,74.07833333333333,1.4202430555555556,,170.554875
2014-06-04,24.57,8.81,97.7,31.61,14.72,5.8694444444444445,200.0,0.0,10.33,11.41,11.41,24.0,15.14,84.20541666666666,1.4818055555555556,,166.85408333333334
2014-06-05,23.51,8.73,98.2,55.9,14.4,4.5,90.0,0.0,14.01,14.49,14.49,24.0,17.1475,92.98416666666667,1.3532870370370371,,69.185875
2014-06-06,23.0,13.26,100.0,75.11,5.971,5.288888888888889,227.0,8.69,18.16,18.16,18.16,24.0,19.39375,97.3125,1.3483796296296295,,90.83041666666666
2014-06-07,27.24,17.98,100.0,71.65,7.839,6.380555555555555,20.0,55.24,18.17,18.17,18.17,24.0,18.513749999999998,100.0,1.4368287037037037,,6.054708333333333
2014-06-08,20.0,17.75,100.0,100.0,0.523,14.249999999999998,232.0,118.5,19.66,19.66,19.66,24.0,19.25,99.75833333333333,1.389699074074074,,21.4575
2014-06-09,20.93,18.0,100.0,93.7,1.8519999999999999,8.61111111111111,214.0,52.65,18.03,18.03,18.03,24.0,17.78375,95.36666666666667,0.8349884259259258,,46.28479166666667
2014-06-10,20.72,16.04,100.0,78.88,3.995,3.05,153.0,0.914,16.05,16.05,16.05,24.0,18.157083333333333,92.90499999999999,1.1065046296296297,,106.65591666666667
2014-06-11,22.28,15.88,100.0,71.0,9.21,3.411111111111111,200.0,0.0,17.58,17.69,17.69,24.0,19.110416666666666,94.70375,1.094699074074074,,93.85633333333334
2014-06-12,24.63,16.4,100.0,72.56,8.1,4.480555555555555,77.0,4.801,18.58,18.58,18.58,24.0,21.154999999999998,95.52958333333333,1.412037037037037,,95.64279166666667
2014-06-13,25.96,18.53,100.0,76.56,8.25,5.6305555555555555,13.0,17.83,20.15,20.22,20.22,24.0,21.485833333333332,94.79791666666667,0.9184027777777778,,71.96570833333334
2014-06-14,25.59,19.37,100.0,76.33,6.211,3.619444444444444,74.0,0.0,20.95,20.95,20.95,24.0,21.256249999999998,96.8,0.9334953703703704,,48.02766666666667
2014-06-15,24.54,19.27,100.0,86.2,4.145,3.730555555555555,129.0,0.0,19.11,19.3,19.3,24.0,19.53875,99.37083333333334,0.938125,,34.912708333333335
2014-06-16,21.27,18.29,100.0,94.2,3.014,3.6888888888888887,264.0,11.43,19.54,19.54,19.54,24.0,21.74625,90.44416666666666,0.9568402777777778,,137.24304166666667
2014-06-17,27.68,18.88,100.0,66.2,11.84,3.6305555555555555,15.0,0.229,19.71,19.71,19.71,24.0,20.392500000000002,93.48333333333333,0.92125,,87.84408333333333
2014-06-18,25.63,17.49,100.0,71.89,7.5809999999999995,3.311111111111111,192.0,0.0,19.49,19.8,19.8,24.0,16.949583333333333,97.19583333333333,1.0261226851851852,,22.41916666666667
2014-06-19,19.83,13.97,100.0,84.7,1.936,6.611111111111111,213.0,34.47,12.9,14.03,14.03,24.0,14.785416666666668,83.98333333333333,0.8626736111111111,,73.30341666666668
2014-06-20,18.22,12.94,99.4,61.74,6.325,3.730555555555555,267.0,0.229,12.68,13.9,13.9,24.0,15.113750000000001,89.8525,1.2373032407407407,,84.005
2014-06-21,20.98,12.92,98.7,68.08,7.25,3.3000000000000003,32.0,0.0,13.8,14.0,14.0,24.0,15.763333333333334,91.72583333333334,1.313761574074074,,95.73562500000001
2014-06-22,20.75,12.88,100.0,70.45,8.26,4.280555555555556,344.0,0.0,15.35,15.7,15.7,24.0,17.919166666666666,93.03625,1.3971064814814813,,102.67020833333333
2014-06-23,24.38,15.23,99.7,70.93,8.86,4.238888888888889,217.0,0.0,17.42,17.45,17.45,24.0,19.699166666666667,92.70458333333333,0.9127199074074074,,124.86916666666667
2014-06-24,25.57,16.95,100.0,68.63,10.78,3.311111111111111,19.0,0.0,18.47,18.56,18.56,24.0,20.389166666666668,94.92875,0.9166203703703704,,87.50908333333332
2014-06-25,27.0,17.02,100.0,72.35,7.553,2.85,219.0,0.0,19.86,19.86,19.86,24.0,20.104166666666668,97.4875,1.3278819444444443,,29.667
2014-06-26,21.75,18.6,100.0,88.2,2.561,7.169444444444444,19.0,3.2,19.44,20.04,20.04,24.0,21.132083333333334,90.76125,1.2919444444444443,,82.63083333333334
2014-06-27,25.46,18.88,99.1,70.8,7.132,6.919444444444444,207.0,0.0,19.08,19.25,19.25,24.0,19.460833333333333,97.12083333333334,0.9321412037037037,,39.983041666666665
2014-06-28,22.07,17.95,100.0,84.7,3.451,3.488888888888889,15.0,4.801,19.27,19.27,19.27,24.0,19.759583333333335,98.59583333333335,0.9025115740740741,,32.78704166666667
2014-06-29,22.96,18.99,100.0,88.1,2.829,5.961111111111111,241.0,17.96,19.12,19.12,19.12,24.0,21.016666666666666,77.33208333333333,1.9559722222222222,,129.549
2014-06-30,26.88,17.69,100.0,44.35,11.18,8.680555555555555,250.0,5.715,11.44,18.07,18.07,24.0,19.41875,58.42875,3.038136574074074,,160.72741666666667
2014-07-01,24.51,15.2,70.08,46.21,13.87,9.438888888888888,245.0,0.0,8.12,17.5,17.5,24.0,18.030833333333334,65.565,1.481701388888889,,161.825375
2014-07-02,25.28,12.64,91.6,45.69,13.97,5.261111111111111,256.0,0.0,10.23,13.45,13.45,24.0,15.495833333333332,83.65833333333333,1.1152662037037036,,73.89091666666667
2014-07-03,21.21,11.44,96.8,57.3,6.377,3.1694444444444443,198.0,0.0,15.2,15.92,15.92,24.0,18.64,87.515,1.1331712962962963,,111.34479166666667
2014-07-04,26.06,14.77,100.0,59.28,9.61,3.3888888888888884,70.0,0.0,17.59,17.59,17.59,24.0,20.0225,93.52958333333333,0.8363425925925926,,112.61020833333333
2014-07-05,27.25,17.5,100.0,70.4,9.72,3.011111111111111,208.0,0.0,18.86,18.85,18.85,24.0,19.230416666666667,99.12916666666666,0.8397222222222221,,28.958708333333334
2014-07-06,20.97,18.15,100.0,92.4,2.5,2.9194444444444443,223.0,0.229,19.19,19.19,19.19,24.0,19.74625,94.95416666666667,0.891412037037037,,49.28725
2014-07-07,22.77,17.91,100.0,80.2,4.254,2.638888888888889,232.0,0.0,17.97,17.97,17.97,24.0,17.37875,95.35833333333333,1.0707291666666665,,36.356208333333335
2014-07-08,19.94,14.64,100.0,78.88,3.138,4.138888888888889,196.0,9.93,14.69,14.69,14.69,24.0,15.874583333333334,92.72708333333333,0.9308101851851851,,45.20304166666667
2014-07-09,18.39,14.27,100.0,75.68,3.901,2.9388888888888887,257.0,0.229,14.97,15.44,15.44,24.0,16.22375,97.02083333333333,1.4540046296296296,,31.856666666666666
2014-07-10,17.81,14.89,100.0,90.8,2.75,3.611111111111111,234.0,2.286,16.7,16.7,16.7,24.0,17.621666666666666,96.52499999999999,1.277951388888889,,50.278083333333335
2014-07-11,20.02,16.25,100.0,86.5,4.34,3.861111111111111,231.0,6.629,16.51,16.73,16.73,24.0,17.837083333333336,92.39666666666666,1.0943171296296297,,102.571375
2014-07-12,23.33,15.48,100.0,66.03,8.85,4.199999999999999,211.0,0.0,16.36,16.36,16.36,24.0,17.904166666666665,95.93333333333334,0.9548958333333334,,70.02670833333333
2014-07-13,21.49,15.69,100.0,81.1,6.043,4.3,202.0,0.914,18.03,18.03,18.03,24.0,18.430416666666666,99.18333333333334,1.0078125,,71.088875
2014-07-14,21.33,16.28,100.0,90.1,6.135,5.188888888888889,68.0,3.429,18.13,18.13,18.13,24.0,18.632916666666667,96.92083333333333,1.1333333333333333,,81.431625
2014-07-15,22.8,16.61,100.0,83.4,7.028,4.719444444444444,38.0,1.143,16.87,16.91,16.91,24.0,19.03125,93.19541666666667,1.3051736111111112,,120.700125
2014-07-16,24.39,14.91,100.0,70.98,10.42,6.530555555555556,64.0,1.143,19.0,19.0,19.0,24.0,20.2275,92.09416666666668,1.013460648148148,,132.35279166666666
2014-07-17,25.54,17.59,100.0,69.23,11.42,3.7611111111111106,73.0,0.0,18.82,19.48,19.48,24.0,20.63375,91.04666666666667,1.2017708333333335,,113.593125
2014-07-18,25.47,18.17,100.0,69.54,9.81,9.9,251.0,0.914,17.73,20.54,20.54,24.0,20.77125,64.37916666666666,3.8985416666666666,,92.10429166666667
2014-07-19,24.28,13.64,89.9,41.86,7.947,13.588888888888889,227.0,0.0,9.23,14.23,14.23,24.0,15.865833333333333,66.8325,1.7641666666666669,,179.17291666666665
2014-07-20,23.99,10.76,92.2,33.72,15.46,6.1305555555555555,228.0,0.0,10.8,12.13,12.13,24.0,15.170833333333334,81.64291666666666,1.3564814814814816,,175.58541666666667
2014-07-21,23.81,9.04,99.0,42.68,15.15,3.619444444444444,44.0,0.0,12.89,13.03,13.03,24.0,16.10291666666667,88.43583333333333,1.4775231481481483,,151.20833333333334
2014-07-22,23.36,10.62,100.0,58.69,13.05,5.6611111111111105,75.0,0.0,16.43,18.18,18.18,24.0,19.117916666666666,85.59833333333334,1.4394444444444445,,154.15779166666667
2014-07-23,25.01,14.82,100.0,60.01,13.3,5.888888888888888,21.0,0.0,17.23,17.59,17.59,24.0,19.76125,90.07416666666667,1.0418055555555557,,146.16025
2014-07-24,26.13,15.84,100.0,66.57,12.61,5.199999999999999,204.0,0.0,18.48,18.65,18.65,24.0,18.683333333333334,98.78750000000001,1.4459259259259258,,19.670083333333334
2014-07-25,20.42,16.54,100.0,96.4,1.697,7.019444444444444,216.0,6.629,16.56,16.56,16.56,24.0,16.129583333333333,81.56583333333333,1.785127314814815,,148.455375
2014-07-26,21.25,13.04,100.0,52.92,12.81,7.25,217.0,0.229,12.33,14.59,14.59,24.0,15.995,87.57166666666666,1.3217361111111112,,147.71416666666667
2014-07-27,22.48,12.86,98.7,59.4,12.75,4.3805555555555555,73.0,0.0,14.1,14.67,14.67,24.0,14.694166666666668,93.77499999999999,1.426435185185185,,24.164083333333334
2014-07-28,16.93,13.71,99.4,79.87,2.085,4.561111111111112,224.0,0.0,14.48,14.68,14.68,24.0,14.691249999999998,97.82916666666667,1.4855671296296296,,17.898541666666667
2014-07-29,15.49,14.11,100.0,91.5,1.545,4.211111111111111,270.0,0.457,14.79,14.79,14.79,24.0,16.457916666666666,98.64999999999999,1.0428125,,40.1445
2014-07-30,19.11,14.51,100.0,92.1,3.465,3.530555555555556,13.0,5.715,16.71,16.71,16.71,24.0,18.579166666666666,93.14083333333333,1.2646296296296295,,106.116875
2014-07-31,24.33,16.02,100.0,70.77,9.16,4.288888888888889,49.0,1.8290000000000002,16.76,16.88,16.88,24.0,19.457083333333333,88.92791666666666,1.1701041666666667,,153.918375
2014-08-01,25.86,16.34,100.0,63.28,13.28,3.4499999999999997,17.0,0.0,16.86,17.1,17.1,24.0,19.753333333333334,92.00708333333334,1.373159722222222,,156.844125
2014-08-02,28.53,15.44,100.0,63.17,13.54,6.2,206.0,8.36,18.83,18.84,18.84,24.0,21.883333333333336,81.05041666666666,1.8084259259259259,,184.5395
2014-08-03,31.48,16.53,100.0,42.63,15.93,7.6,17.0,0.0,17.76,19.25,19.25,24.0,23.137916666666666,78.47833333333334,1.305763888888889,,184.276125
2014-08-04,33.32,16.95,100.0,42.81,15.9,4.469444444444444,50.0,0.0,16.48,22.75,22.75,24.0,22.847916666666666,71.13583333333334,2.066423611111111,,180.357
2014-08-05,35.49,16.06,99.5,29.49,15.57,11.749999999999998,249.0,9.45,14.54,16.97,16.97,24.0,16.964583333333334,77.88458333333334,1.222175925925926,,197.0625
2014-08-06,22.23,13.35,97.2,53.69,17.01,5.230555555555555,30.0,0.0,11.44,13.39,13.39,24.0,16.455416666666668,81.28083333333333,1.8930902777777776,,202.105
2014-08-07,23.47,10.56,99.7,52.5,17.44,6.180555555555555,63.0,0.0,14.08,14.67,14.67,24.0,18.677083333333332,84.46583333333334,1.395023148148148,,189.343625
2014-08-08,27.89,12.22,100.0,56.79,16.34,3.488888888888889,224.0,0.0,16.17,18.15,18.15,24.0,17.570833333333333,76.36083333333333,1.0829050925925927,,72.58795833333333
2014-08-09,21.19,16.08,90.6,53.42,6.265,3.8694444444444445,64.0,0.0,13.21,16.38,16.38,24.0,16.862916666666667,84.0225,0.8539467592592592,,47.56679166666667
2014-08-10,19.17,15.2,94.0,74.26,4.105,3.511111111111111,15.0,0.0,15.43,16.42,16.42,24.0,18.575,89.11041666666667,1.128576388888889,,131.66320833333333
2014-08-11,25.53,15.06,99.6,63.54,11.36,3.480555555555555,35.0,0.0,17.62,17.68,17.68,24.0,19.504583333333333,91.19458333333334,1.2192592592592593,,145.90904166666667
2014-08-12,28.08,15.55,100.0,56.89,12.59,3.4694444444444446,77.0,0.0,18.51,18.51,18.51,24.0,20.8075,90.38875,1.1121412037037037,,163.29320833333333
2014-08-13,28.85,16.87,100.0,59.16,14.09,9.369444444444444,235.0,30.89,18.74,18.74,18.74,24.0,15.294583333333334,89.62541666666668,1.1352314814814815,,86.531625
2014-08-14,18.89,11.46,100.0,68.86,7.468,4.669444444444444,73.0,6.401,8.31,11.88,11.88,24.0,13.859583333333333,76.47,1.320138888888889,,198.1075
2014-08-15,20.57,9.78,94.5,49.53,17.1,4.430555555555555,69.0,0.0,11.51,12.44,12.44,24.0,14.965416666666668,91.92583333333333,1.568634259259259,,74.43095833333334
2014-08-16,18.98,12.18,100.0,70.1,6.424,4.088888888888889,227.0,3.658,15.68,15.68,15.68,24.0,17.32125,100.0,1.418252314814815,,20.429750000000002
2014-08-17,19.08,15.55,100.0,100.0,1.763,12.75,233.0,46.58,18.33,18.33,18.33,24.0,19.629166666666666,95.28750000000001,0.9655671296296297,,81.91366666666666
2014-08-18,23.67,17.94,100.0,77.38,7.069,4.0,,0.229,18.05,18.05,18.05,24.0,19.977916666666665,92.2975,0.8492013888888889,,102.007
2014-08-19,24.45,17.97,100.0,68.45,8.8,4.061111111111111,35.0,0.0,17.81,18.33,18.33,24.0,20.51125,87.82249999999999,1.1573958333333334,,200.23283333333333
2014-08-20,26.64,17.32,100.0,61.01,17.28,4.019444444444445,76.0,0.0,17.19,17.33,17.33,24.0,18.900833333333335,91.75,1.172372685185185,,143.10116666666667
2014-08-21,26.22,15.75,100.0,63.57,12.35,3.6305555555555555,14.0,0.0,17.09,17.12,17.12,24.0,19.640833333333333,87.73083333333334,1.2459837962962963,,219.36270833333333
2014-08-22,27.26,14.5,100.0,54.15,18.93,4.1305555555555555,66.0,0.0,17.48,17.5,17.5,24.0,20.862083333333334,87.39666666666666,1.2075462962962964,,209.40729166666665
2014-08-23,30.78,14.94,100.0,48.64,18.07,3.8499999999999996,53.0,0.0,18.09,18.09,18.09,24.0,19.3275,95.16250000000001,1.0328356481481482,,51.41679166666666
2014-08-24,22.15,17.76,100.0,84.7,4.437,4.6194444444444445,53.0,0.0,18.63,19.42,19.42,24.0,21.605833333333333,87.96208333333334,1.2450231481481482,,194.300375
2014-08-25,28.46,18.38,100.0,61.79,16.77,4.45,26.0,0.0,19.1,19.1,19.1,24.0,23.757499999999997,77.42791666666666,1.4558449074074076,,188.75525000000002
2014-08-26,35.36,16.91,100.0,37.34,16.29,6.830555555555556,216.0,0.229,19.68,20.8,20.8,24.0,20.135833333333334,65.15083333333334,3.3358333333333334,,234.63258333333332
2014-08-27,27.61,15.16,100.0,31.1,20.25,9.630555555555556,225.0,3.658,10.1,16.14,16.14,24.0,16.61,60.062083333333334,2.2679513888888887,,232.969125
2014-08-28,24.02,11.5,90.5,33.63,20.11,8.488888888888889,218.0,0.0,11.07,12.64,12.64,24.0,15.430416666666666,83.52583333333332,1.4099189814814814,,92.235125
2014-08-29,20.35,12.64,92.2,63.47,7.96,4.219444444444444,28.0,0.0,12.86,15.3,15.3,24.0,16.746666666666666,81.28166666666667,1.5078356481481483,,114.12204166666668
2014-08-30,21.04,13.35,95.5,63.41,9.85,4.811111111111111,26.0,0.0,14.06,16.8,16.8,24.0,19.1975,79.34333333333333,1.474849537037037,,229.03791666666666
2014-08-31,25.43,15.66,94.4,52.5,19.77,5.138888888888888,57.0,0.0,16.57,17.91,17.91,24.0,17.549583333333334,96.58749999999999,1.819525462962963,,23.1525
2014-09-01,20.67,15.76,100.0,84.7,1.998,11.761111111111111,211.0,21.49,17.02,17.96,17.96,24.0,20.813333333333333,83.50333333333333,1.3240972222222223,,235.27029166666668
2014-09-02,30.66,15.52,99.8,50.88,20.3,6.761111111111111,224.0,0.0,17.03,18.42,18.42,24.0,17.960416666666667,97.10416666666667,1.4753125,,28.161375000000003
2014-09-03,19.86,16.62,100.0,89.4,2.43,15.519444444444444,196.0,23.34,16.63,16.63,16.63,24.0,19.297916666666666,90.38083333333333,2.0066666666666664,,203.50733333333335
2014-09-04,27.37,15.53,100.0,57.15,17.56,6.8,199.0,1.3719999999999999,17.0,17.0,17.0,24.0,18.14375,91.24958333333332,1.4807175925925924,,165.05341666666666
2014-09-05,24.1,15.73,100.0,62.63,14.24,7.311111111111111,50.0,4.14,16.64,16.64,16.64,24.0,18.3,89.65708333333333,1.9897222222222222,,105.31275
2014-09-06,22.03,15.61,100.0,71.79,9.09,8.319444444444445,36.0,0.229,16.52,17.83,17.83,24.0,19.766666666666666,88.25666666666666,1.7003819444444443,,131.31516666666667
2014-09-07,24.74,16.61,99.1,69.96,11.33,7.230555555555556,48.0,0.229,18.38,18.8,18.8,24.0,20.588333333333335,90.67416666666666,1.5187962962962962,,125.66250000000001
2014-09-08,27.75,18.23,99.2,63.2,10.85,5.430555555555555,18.0,1.143,18.12,19.32,19.32,24.0,21.5125,85.64125,1.2881828703703704,,223.67470833333334
2014-09-09,27.25,17.75,98.5,63.38,19.3,6.488888888888889,84.0,0.0,19.03,20.31,20.31,24.0,21.910416666666666,89.99583333333334,1.2162847222222222,,147.09954166666668
2014-09-10,27.38,19.37,99.0,69.95,12.7,5.0,60.0,0.0,20.6,21.07,21.07,24.0,24.877916666666664,79.42666666666666,1.4954050925925924,,220.231625
2014-09-11,32.9,19.33,100.0,44.33,19.01,5.780555555555555,56.0,0.0,20.15,22.0,22.0,24.0,20.257083333333334,89.49958333333332,1.1265162037037038,,73.65795833333333
2014-09-12,22.74,17.8,99.9,73.03,6.357,4.638888888888888,61.0,0.457,17.82,17.82,17.82,24.0,18.774583333333332,99.34166666666665,1.0909837962962963,,62.120000000000005
2014-09-13,21.89,17.21,100.0,92.3,5.362,3.4611111111111112,208.0,5.486,19.54,19.54,19.54,24.0,22.35083333333333,88.10416666666667,1.5538657407407408,,241.56091666666666
2014-09-14,28.81,18.71,100.0,61.36,20.85,5.688888888888889,94.0,0.229,19.93,20.76,20.76,24.0,21.932083333333335,87.415,1.2146412037037038,,167.84799999999998
2014-09-15,27.65,18.27,100.0,63.09,14.49,5.6305555555555555,46.0,0.0,20.28,21.19,21.19,24.0,23.161666666666665,84.17375,1.7981712962962961,,81.695375
2014-09-16,28.24,20.16,99.6,56.14,7.051,10.230555555555554,220.0,0.0,13.39,21.95,21.95,24.0,21.36916666666667,67.64291666666666,2.4076041666666668,,271.25095833333336
2014-09-17,28.08,17.44,84.4,43.66,23.41,8.6,229.0,0.0,15.49,18.24,18.24,24.0,18.96,84.85791666666667,1.2548148148148148,,102.14254166666667
2014-09-18,23.27,16.87,92.0,69.35,8.82,4.35,65.0,0.0,16.24,18.47,18.47,24.0,19.61041666666667,90.91666666666667,1.2989351851851851,,99.73195833333334
2014-09-19,24.72,16.86,100.0,70.82,8.61,6.8805555555555555,226.0,25.04,19.16,19.16,19.16,24.0,20.69333333333333,96.00416666666666,1.4616898148148147,,62.66433333333333
2014-09-20,24.34,18.83,100.0,83.1,5.408,11.080555555555556,23.0,13.03,19.76,20.0,20.0,24.0,23.02625,84.79625,1.9878703703703702,,155.17995833333333
2014-09-21,31.11,19.52,100.0,48.37,13.39,7.6194444444444445,233.0,2.743,19.63,19.63,19.63,24.0,21.179166666666667,79.39166666666667,1.699548611111111,,269.6571666666667
2014-09-22,27.13,17.51,100.0,36.68,23.27,8.25,217.0,0.457,15.66,17.51,17.51,24.0,18.870833333333334,80.75958333333334,1.1660532407407407,,183.36279166666668
2014-09-23,24.38,14.39,97.0,57.34,15.83,5.730555555555555,63.0,0.0,16.0,16.77,16.77,24.0,19.789166666666667,86.86874999999999,1.9153125,,148.823375
2014-09-24,25.24,15.4,100.0,65.63,12.84,7.869444444444444,59.0,0.0,18.83,20.65,20.65,24.0,19.540833333333335,97.75833333333333,1.5625925925925925,,34.104125
2014-09-25,20.68,18.23,100.0,88.9,2.943,6.888888888888889,14.0,15.54,19.24,19.24,19.24,24.0,20.114583333333332,96.5625,1.1113194444444445,,78.99875
2014-09-26,24.3,17.85,100.0,79.25,6.818,4.530555555555555,219.0,0.914,20.05,20.18,20.18,24.0,22.40416666666667,91.6825,1.406261574074074,,114.80979166666667
2014-09-27,30.84,19.58,100.0,70.5,9.91,6.238888888888889,198.0,3.658,18.22,19.59,19.59,24.0,18.295416666666668,96.875,1.2575810185185186,,33.290416666666665
2014-09-28,19.63,16.84,100.0,86.6,2.873,3.530555555555556,214.0,9.6,16.89,16.89,16.89,24.0,18.14708333333333,99.99583333333334,1.628414351851852,,42.424416666666666
2014-09-29,19.83,16.64,100.0,99.8,3.661,4.488888888888889,226.0,8.0,18.82,18.82,18.82,24.0,20.540833333333335,95.59750000000001,1.7174074074074073,,35.23925
2014-09-30,24.45,18.82,100.0,69.19,3.041,10.669444444444443,232.0,7.5440000000000005,19.01,19.85,19.85,24.0,21.894583333333333,91.26791666666666,1.4212731481481482,,139.10591666666667
2014-10-01,27.3,18.58,100.0,69.28,12.01,6.530555555555556,26.0,10.29,20.16,20.16,20.16,24.0,22.99625,86.19208333333334,1.7625925925925925,,223.58691666666667
2014-10-02,30.79,19.6,100.0,59.83,19.29,14.419444444444443,234.0,16.59,16.9,19.66,19.66,24.0,20.39375,72.75583333333334,1.1668634259259258,,270.85495833333334
2014-10-03,25.77,16.17,87.0,46.88,23.38,6.919444444444444,64.0,0.0,13.99,17.85,17.85,24.0,18.493333333333336,73.08583333333333,1.4842824074074075,,133.40054166666667
2014-10-04,23.01,15.65,90.6,48.8,11.51,7.3805555555555555,63.0,0.0,14.16,17.39,17.39,24.0,19.372916666666665,72.81791666666668,1.6937847222222222,,203.62366666666665
2014-10-05,24.03,15.63,95.3,47.99,17.57,8.238888888888889,14.0,0.0,15.55,16.46,16.46,24.0,19.580000000000002,75.9325,2.006273148148148,,203.80212500000002
2014-10-06,25.16,15.38,98.9,46.44,17.59,8.761111111111111,88.0,0.229,14.72,18.35,18.35,24.0,19.855833333333333,78.45291666666667,1.8052546296296297,,203.1342083333333
2014-10-07,25.35,15.0,97.7,50.24,17.53,9.119444444444444,35.0,0.0,16.79,19.88,19.88,24.0,21.508333333333336,81.25,1.4392592592592592,,180.182875
2014-10-08,26.62,17.79,95.7,59.68,15.55,5.530555555555556,15.0,0.0,18.43,19.12,19.12,24.0,21.965833333333332,86.35625,1.3025578703703704,,147.574375
2014-10-09,27.5,18.23,100.0,63.46,12.74,4.330555555555556,48.0,0.0,19.62,20.82,20.82,24.0,23.234583333333333,84.19125000000001,1.352465277777778,,220.52995833333333
2014-10-10,29.55,20.19,98.1,58.85,19.03,6.230555555555555,38.0,0.0,19.98,21.48,21.48,24.0,24.221666666666668,84.91541666666667,1.3481018518518517,,231.67566666666667
2014-10-11,31.79,20.23,98.7,58.01,20.0,4.6305555555555555,33.0,0.0,20.79,21.0,21.0,24.0,22.760833333333334,90.4525,1.441689814814815,,98.87370833333334
2014-10-12,25.85,20.87,99.8,75.57,8.53,5.199999999999999,14.0,0.0,20.74,21.41,21.41,24.0,23.7325,88.16375,1.4855555555555557,,251.920875
2014-10-13,30.04,20.18,100.0,65.45,21.74,5.219444444444444,46.0,0.0,21.43,22.24,22.24,24.0,22.920833333333334,92.84625,0.975787037037037,,86.67454166666666
2014-10-14,28.07,20.7,100.0,76.38,7.48,4.361111111111111,29.0,0.457,21.05,21.06,21.06,24.0,23.640416666666667,89.39875,1.4653587962962964,,183.79404166666666
2014-10-15,31.2,20.76,100.0,61.43,15.86,7.961111111111111,21.0,1.3719999999999999,20.64,21.73,21.73,24.0,22.15041666666667,96.14999999999999,0.960486111111111,,57.387708333333336
2014-10-16,24.14,20.76,100.0,91.3,4.953,4.7,66.0,1.6,21.42,22.19,22.19,24.0,23.170416666666668,90.03791666666666,1.9220601851851853,,113.87495833333332
2014-10-17,27.46,21.71,99.9,71.26,9.83,7.6611111111111105,17.0,0.686,21.77,21.78,21.78,24.0,23.932083333333335,88.45375,1.484849537037037,,210.37025000000003
2014-10-18,32.56,20.74,100.0,56.64,18.16,10.680555555555555,32.0,5.029,19.05,22.14,22.14,24.0,23.406666666666666,84.90416666666667,2.460949074074074,,86.38345833333334
2014-10-19,31.04,20.01,98.8,51.52,7.455,11.38888888888889,256.0,3.2,20.87,21.37,21.37,24.0,22.76625,89.26125,2.2260648148148148,,134.314625
2014-10-20,30.36,19.95,100.0,59.28,11.59,11.438888888888888,197.0,3.658,19.48,20.02,20.02,24.0,21.704583333333332,82.77416666666666,1.252048611111111,,135.76041666666666
2014-10-21,26.76,19.42,98.9,66.13,11.72,4.669444444444444,57.0,0.0,16.06,19.5,19.5,24.0,20.346666666666668,79.83583333333333,1.2382523148148148,,160.6535
2014-10-22,24.29,18.32,90.6,64.09,13.86,4.9,197.0,0.0,16.96,18.65,18.65,24.0,21.050833333333333,78.25958333333334,1.5711342592592592,,272.6600833333333
2014-10-23,27.23,16.38,100.0,48.66,23.53,5.830555555555555,44.0,0.0,16.29,18.91,18.91,24.0,21.629166666666666,79.91125,1.89625,,226.8082916666667
2014-10-24,28.08,16.48,97.5,55.31,19.57,6.538888888888889,65.0,0.0,19.08,21.7,21.7,24.0,23.1875,83.5025,1.6216203703703702,,169.881
2014-10-25,28.63,19.67,97.8,62.42,14.66,5.111111111111111,64.0,0.0,20.64,22.27,22.27,24.0,24.4575,81.94333333333333,1.4549537037037037,,231.46370833333333
2014-10-26,30.98,21.07,96.8,53.48,19.98,6.080555555555556,58.0,0.0,21.2,22.61,22.61,24.0,23.797916666666666,88.18124999999999,1.0349421296296295,,98.47691666666667
2014-10-27,27.16,21.95,97.1,74.31,8.5,3.95,85.0,0.0,21.13,22.08,22.08,24.0,24.470416666666665,80.04333333333334,1.6612384259259259,,303.12595833333336
2014-10-28,30.21,21.0,96.9,55.1,26.16,7.419444444444444,87.0,0.0,19.56,21.31,21.31,24.0,23.919166666666666,75.85958333333333,1.7228009259259258,,325.811875
2014-10-29,30.96,18.67,99.1,41.28,28.12,6.21111111111111,100.0,0.0,18.65,20.42,20.42,24.0,23.574166666666667,80.19666666666667,1.888738425925926,,324.9770416666667
2014-10-30,29.75,17.97,98.8,53.25,28.05,7.019444444444444,66.0,0.0,20.52,21.83,21.83,24.0,25.87875,79.28875000000001,1.2945601851851851,,304.04516666666666
2014-10-31,33.43,20.68,98.7,48.14,26.24,6.05,59.0,0.0,22.03,24.38,24.38,24.0,25.054166666666664,84.87041666666667,1.4108796296296295,,126.04199999999999
2014-11-01,29.75,22.57,97.1,65.98,10.88,5.488888888888889,25.0,0.0,22.52,23.54,23.54,24.0,24.980833333333333,89.9425,1.0422800925925926,,117.88308333333333
2014-11-02,29.94,22.27,100.0,69.99,10.17,4.688888888888888,44.0,11.76,22.92,22.92,22.92,24.0,23.49875,96.67083333333333,1.1117824074074074,,45.605541666666674
2014-11-03,25.09,22.05,100.0,86.1,3.936,3.838888888888889,191.0,0.686,22.9,22.98,22.98,24.0,24.824583333333333,91.48666666666666,1.3350694444444444,,149.312875
2014-11-04,30.21,22.16,100.0,73.15,12.89,6.169444444444444,37.0,1.143,23.01,24.08,24.08,24.0,24.085416666666664,96.7375,1.194375,,60.089499999999994
2014-11-05,27.44,22.17,100.0,84.8,5.186,8.96111111111111,207.0,,22.39,22.39,22.39,24.0,20.62875,90.81333333333333,1.121574074074074,,79.53133333333334
2014-11-06,22.91,18.53,100.0,71.59,6.864,5.438888888888888,246.0,4.115,18.74,18.94,18.94,24.0,21.37125,91.96291666666667,1.4162962962962962,,135.63229166666667
2014-11-07,26.93,17.95,100.0,69.56,11.71,4.8805555555555555,201.0,,21.13,21.12,21.12,24.0,22.155,92.32958333333333,2.735011574074074,,56.60616666666667
2014-11-08,25.13,20.54,100.0,70.39,4.885,12.588888888888889,228.0,,19.69,20.66,20.66,24.0,24.048333333333332,82.39416666666666,1.3172800925925927,,286.9715
2014-11-09,31.55,19.51,99.0,58.89,24.77,6.188888888888889,23.0,,20.26,21.19,21.19,24.0,24.16208333333333,80.16666666666667,1.5709143518518518,,343.76624999999996
2014-11-10,31.22,18.92,100.0,47.92,29.67,5.938888888888888,79.0,,20.37,21.34,21.34,24.0,24.28375,81.19416666666667,1.871909722222222,,321.50208333333336
2014-11-11,31.28,19.16,100.0,52.34,27.75,6.038888888888888,91.0,,20.5,22.01,22.01,24.0,23.724999999999998,79.20833333333333,1.838310185185185,,292.96458333333334
2014-11-12,29.18,18.04,100.0,49.76,25.28,7.180555555555555,79.0,,19.75,22.69,22.69,24.0,24.670833333333334,77.2225,2.145324074074074,,250.39958333333334
2014-11-13,29.58,21.29,90.7,58.2,21.61,6.388888888888888,18.0,,21.96,23.56,23.56,24.0,24.304583333333337,81.57416666666667,1.5041550925925924,,163.22504166666667
2014-11-14,28.84,21.45,97.8,61.54,14.09,6.030555555555556,82.0,0.229,17.4,21.5,21.5,24.0,20.97458333333333,82.11833333333333,1.0382175925925925,,100.43279166666667
2014-11-15,24.81,18.44,98.0,57.48,8.67,4.8694444444444445,154.0,2.743,18.15,18.45,18.45,24.0,21.569166666666664,77.44791666666667,1.5250810185185184,,266.8775
2014-11-16,27.88,17.63,99.4,51.18,23.03,5.030555555555555,54.0,,16.84,19.22,19.22,24.0,22.51,75.58708333333333,1.5111458333333332,,321.34250000000003
2014-11-17,29.83,16.36,98.1,46.92,27.73,6.830555555555556,10.0,0.0,18.36,20.48,20.48,24.0,22.790000000000003,71.04291666666667,1.4924768518518519,,323.0154166666667
2014-11-18,28.77,18.01,98.1,39.47,27.88,6.388888888888888,12.0,0.0,15.76,18.87,18.87,24.0,22.22375,73.39958333333333,2.194965277777778,,322.65541666666667
2014-11-19,28.64,15.87,96.7,46.53,27.85,7.230555555555556,46.0,0.0,18.14,22.24,22.24,24.0,23.92375,75.15625,2.1262268518518517,,209.03866666666667
2014-11-20,27.98,20.81,89.9,56.81,18.04,7.261111111111111,91.0,0.0,20.85,22.58,22.58,24.0,22.71666666666667,91.42375,1.1619097222222223,,93.42629166666667
2014-11-21,26.42,20.54,99.5,75.02,8.06,4.861111111111111,28.0,4.115,21.27,21.73,21.73,24.0,23.862916666666667,90.17875,1.2188425925925925,,131.78225
2014-11-22,29.46,21.08,100.0,68.28,11.37,5.55,44.0,3.251,22.73,22.83,22.83,24.0,25.927916666666665,89.5225,1.2458217592592593,,189.04425
2014-11-23,33.54,22.13,100.0,59.96,16.32,5.95,49.0,15.54,20.89,23.62,23.62,24.0,22.614583333333332,90.16624999999999,0.8583796296296295,,46.96083333333333
2014-11-24,25.36,20.15,100.0,74.61,4.053,4.3,91.0,1.6,20.26,20.26,20.26,24.0,23.465416666666666,89.1875,1.712199074074074,,202.45270833333333
2014-11-25,28.64,19.97,100.0,70.74,17.47,5.888888888888888,52.0,4.801,22.09,23.17,23.17,24.0,22.961250000000003,99.12916666666666,0.9759722222222221,,30.0805
2014-11-26,23.81,22.26,100.0,93.6,2.596,4.961111111111111,47.0,37.19,23.13,23.13,23.13,24.0,24.904583333333335,92.20708333333333,1.2309375,,174.038125
2014-11-27,30.22,22.52,100.0,73.09,15.02,4.75,99.0,3.429,21.45,22.52,22.52,24.0,24.987916666666667,78.56583333333333,1.1219907407407408,,309.0025
2014-11-28,31.68,20.45,96.4,51.34,26.67,5.919444444444444,76.0,0.0,21.44,23.27,23.27,24.0,24.548333333333332,82.36791666666666,1.3502893518518517,,165.45591666666667
2014-11-29,30.7,20.89,98.1,58.36,14.28,4.669444444444444,53.0,0.0,21.18,23.3,23.3,24.0,24.527083333333334,82.75708333333334,1.7148842592592592,,236.39995833333333
2014-11-30,29.66,21.16,99.9,58.9,20.4,6.21111111111111,91.0,5.537,21.84,21.85,21.85,24.0,23.867500000000003,88.45666666666666,2.2090972222222223,,143.59875
2014-12-01,27.19,21.24,100.0,73.36,12.39,7.638888888888888,17.0,3.429,21.82,23.27,23.27,24.0,25.855,84.05333333333333,1.4967592592592593,,216.47083333333333
2014-12-02,31.95,22.18,97.5,60.6,18.68,5.288888888888889,32.0,0.0,22.65,23.91,23.91,24.0,26.47,85.395,1.3795023148148147,,231.08
2014-12-03,32.24,23.28,97.4,64.19,19.94,5.638888888888889,32.0,0.0,23.04,24.08,24.08,24.0,26.895416666666666,83.93625,1.6922685185185184,,270.1382916666667
2014-12-04,34.76,21.25,100.0,53.01,23.32,8.799999999999999,224.0,2.286,20.92,21.31,21.31,24.0,23.06833333333333,83.505,0.9592824074074074,,141.39066666666665
2014-12-05,27.96,19.8,100.0,57.98,12.2,4.269444444444444,198.0,6.858,19.5,20.11,20.11,24.0,23.322916666666668,77.05375,1.4798379629629628,,336.00575
2014-12-06,29.71,18.41,97.2,51.16,29.0,4.8500000000000005,43.0,0.0,18.1,20.26,20.26,24.0,23.320833333333336,78.495,1.5861574074074074,,249.17879166666668
2014-12-07,29.24,17.67,98.3,53.47,21.51,5.780555555555555,49.0,0.229,20.95,22.04,22.04,24.0,25.40416666666667,85.23791666666666,1.8482060185185185,,273.18441666666666
2014-12-08,32.15,20.9,99.6,62.2,23.58,7.211111111111111,95.0,0.229,22.86,24.23,24.23,24.0,26.762083333333333,81.11666666666666,1.550497685185185,,349.16249999999997
2014-12-09,32.97,22.94,96.4,56.54,30.14,6.15,60.0,0.0,22.94,24.52,24.52,24.0,25.901666666666667,88.91291666666666,1.3597800925925927,,182.062375
2014-12-10,32.25,22.5,100.0,66.14,15.71,7.46111111111111,225.0,15.75,22.89,22.89,22.89,24.0,25.545833333333334,91.21125,1.2929861111111112,,167.15720833333333
2014-12-11,30.56,22.33,100.0,70.76,14.43,4.9111111111111105,15.0,2.743,24.3,24.63,24.63,24.0,26.79625,88.07583333333334,0.9877777777777778,,190.745
2014-12-12,34.1,23.37,100.0,55.74,16.46,3.638888888888889,287.0,0.0,24.17,24.77,24.77,24.0,27.189999999999998,87.16916666666667,1.2459259259259259,,195.49445833333334
2014-12-13,33.07,23.71,100.0,62.6,16.87,4.988888888888889,15.0,0.457,22.94,23.71,23.71,24.0,26.245416666666667,88.07458333333334,1.4115972222222222,,258.2945833333333
2014-12-14,34.56,21.59,100.0,57.47,22.29,6.488888888888889,254.0,18.75,23.5,23.96,23.96,24.0,24.915833333333335,79.855,0.9492476851851852,,241.32941666666667
2014-12-15,29.21,22.18,99.6,58.87,20.83,5.638888888888889,157.0,0.457,18.87,22.18,22.18,24.0,23.01291666666667,81.14874999999999,1.4087037037037036,,160.56633333333335
2014-12-16,28.72,19.75,95.3,56.54,13.86,5.438888888888888,102.0,0.0,19.61,21.58,21.58,24.0,23.359583333333333,82.00666666666667,1.6249537037037036,,213.51041666666666
2014-12-17,29.24,19.72,99.5,43.26,18.43,6.25,46.0,3.429,19.68,21.06,21.06,24.0,24.503333333333334,79.11416666666666,1.6609143518518519,,290.733
2014-12-18,30.96,19.12,98.3,51.98,25.09,5.519444444444445,13.0,0.0,20.99,23.21,23.21,24.0,26.013333333333335,80.29708333333333,1.2822453703703702,,242.992375
2014-12-19,33.97,21.33,96.4,50.58,20.97,5.369444444444444,77.0,0.0,21.53,23.37,23.37,24.0,23.145,94.73333333333333,1.4355671296296295,,85.441375
2014-12-20,26.7,20.82,100.0,79.06,7.374,5.538888888888889,228.0,4.801,22.66,22.66,22.66,24.0,26.5,86.1175,1.5733796296296296,,318.15425
2014-12-21,33.56,21.23,100.0,59.79,27.46,5.011111111111111,92.0,8.94,24.89,25.72,25.72,24.0,27.715833333333332,88.86666666666667,1.440497685185185,,175.64608333333334
2014-12-22,35.17,23.97,100.0,60.54,15.16,11.15,246.0,0.686,24.07,32.62,28.38,24.0,23.334999999999997,96.51416666666667,1.2383449074074073,,22.421666666666667
2014-12-23,28.59,21.34,100.0,76.45,1.935,5.05,195.0,29.72,19.94,21.87,21.87,24.0,20.559166666666666,94.30833333333334,1.562349537037037,,62.84758333333334
2014-12-24,22.21,18.29,100.0,81.8,5.427,8.080555555555556,194.0,5.944,18.12,18.65,18.65,24.0,19.361666666666668,98.53333333333335,1.216701388888889,,67.01629166666667
2014-12-25,21.24,18.37,100.0,93.7,5.781,3.619444444444444,215.0,17.14,19.09,19.09,19.09,24.0,20.945,99.54166666666667,1.6537037037037037,,71.58420833333334
2014-12-26,23.2,18.86,100.0,93.7,6.178,4.51111111111111,219.0,7.772,22.13,22.13,22.13,24.0,25.12625,91.755,1.2937037037037038,,247.8647083333333
2014-12-27,32.58,21.48,100.0,63.69,21.39,9.180555555555555,308.0,18.69,24.13,24.13,24.13,24.0,25.732083333333332,93.90541666666667,1.0862268518518519,,114.634
2014-12-28,30.34,23.01,100.0,77.14,9.89,7.430555555555555,192.0,5.004,24.25,24.25,24.25,24.0,26.8875,90.38541666666667,1.0603125,,256.96458333333334
2014-12-29,37.35,23.05,100.0,53.57,22.18,5.061111111111111,50.0,28.3,23.18,23.18,23.18,24.0,25.55875,93.42833333333334,2.72875,,168.18033333333332
2014-12-30,33.38,22.61,100.0,63.4,14.51,4.0,,7.772,24.27,24.27,24.27,24.0,27.15833333333333,86.82,4.0,,305.25779166666666
2014-12-31,33.07,23.45,100.0,63.09,26.35,4.0,,0.0,22.96,24.17,24.17,24.0,26.300416666666667,87.79124999999999,4.0,,118.08058333333332
2015-01-01,31.24,22.9,99.9,67.63,10.19,4.0,,2.515,22.8,26.35,26.35,24.0,29.339583333333334,76.05833333333334,4.0,,229.44625
2015-01-02,36.29,23.2,94.8,53.46,19.8,4.0,,0.0,23.73,34.83,30.0,24.0,27.827916666666667,77.15666666666667,3.0395486111111114,,200.62004166666668
2015-01-03,36.86,20.9,100.0,44.08,17.31,5.4,317.0,30.84,20.9,20.9,20.9,24.0,22.955416666666665,89.57041666666667,3.3688425925925927,,96.18962499999999
2015-01-04,27.46,20.67,100.0,65.39,8.3,4.0,,0.229,21.27,21.45,21.45,24.0,24.47791666666667,90.50541666666668,4.0,,171.99491666666665
2015-01-05,29.99,21.04,99.3,68.98,14.84,4.0,,0.0,23.85,24.21,24.21,24.0,25.285416666666666,92.62374999999999,4.0,,123.94779166666666
2015-01-06,30.06,22.78,100.0,74.32,10.7,4.0,,3.2,23.17,24.23,24.23,21.0,26.61619047619048,89.53476190476191,4.0,,266.8418571428571
2015-01-07,,,,,,,,,,,,11.0,29.226363636363637,83.00454545454545,4.0,,490.2209090909091
2015-01-08,,,,,,,,,,,,14.0,31.664285714285715,71.93357142857143,4.0,,467.5202142857143
2015-01-09,,,,,,,,,,,,11.0,31.90727272727273,70.19363636363636,4.0,,519.1581818181818
2015-01-10,,,,,,,,,,,,9.0,30.07,73.64888888888889,4.0,,458.8233333333333
2015-01-11,,,,,,,,,,,,13.0,30.79,71.55,4.0,,575.6172307692308
2015-01-12,,,,,,,,,,,,13.0,33.02846153846154,65.96692307692307,4.0,,596.7539230769231
2015-01-13,,,,,,,,,,,,13.0,30.550769230769227,76.63384615384615,4.0,,460.0123076923077
2015-01-14,,,,,,,,,,,,13.0,30.448461538461537,67.93615384615384,4.0,,496.21999999999997
2015-01-15,,,,,,,,,,,,11.0,30.10727272727273,73.42545454545456,4.0,,656.6545454545454
2015-01-16,,,,,,,,,,,,12.0,30.99083333333333,74.4975,4.0,,530.4691666666666
2015-01-17,,,,,,,,,,,,14.0,31.582142857142856,76.75,4.0,,495.8588571428572
2015-01-18,,,,,,,,,,,,10.0,30.064,75.824,4.0,,546.5
2015-01-19,,,,,,,,,,,,11.0,31.496363636363636,71.47272727272728,4.0,,527.920909090909
2015-01-20,,,,,,,,,,,,11.0,30.623636363636365,73.97363636363637,4.0,,578.8618181818182
2015-01-21,,,,,,,,,,,,8.0,27.0825,76.60125,4.0,,446.0
2015-01-22,,,,,,,,,,,,3.0,24.246666666666666,85.8,4.0,,342.1666666666667
2015-01-23,,,,,,,,,,,,8.0,27.0,70.58624999999999,4.0,,733.025
2015-01-24,,,,,,,,,,,,8.0,28.806250000000002,65.44625,4.0,,687.8125
2015-01-25,,,,,,,,,,,,5.0,30.182,71.326,4.0,,854.1600000000001
2015-01-26,,,,,,,,,,,,8.0,31.32125,63.72125,4.0,,872.7
2015-01-27,,,,,,,,,,,,5.0,31.53,70.744,4.0,,698.72
2015-01-28,,,,,,,,,,,,5.0,31.598000000000003,70.184,4.0,,803.92
2015-01-29,,,,,,,,,,,,5.0,32.858,58.132000000000005,4.0,,774.8399999999999
2015-01-31,,,,,,,,,,,,4.0,25.0275,81.5625,4.0,,433.65000000000003
2015-02-01,,,,,,,,,,,,4.0,27.495,76.71,4.0,,556.0
2015-02-02,,,,,,,,,,,,5.0,29.189999999999998,67.572,4.0,,735.26
2015-02-03,,,,,,,,,,,,5.0,30.564,69.076,4.0,,896.5600000000001
2015-02-04,,,,,,,,,,,,3.0,26.526666666666667,84.3,4.0,,395.23333333333335
2015-02-05,,,,,,,,,,,,3.0,24.833333333333332,87.75666666666666,4.0,,325.62666666666667
2015-02-06,,,,,,,,,,,,6.0,26.555000000000003,74.91166666666668,4.0,,775.9
2015-02-07,,,,,,,,,,,,5.0,28.636000000000003,67.432,4.0,,735.58
2015-02-08,,,,,,,,,,,,5.0,28.381999999999998,73.65,4.0,,657.92
2015-02-09,,,,,,,,,,,,4.0,30.265,67.1075,4.0,,821.775
2015-02-10,,,,,,,,,,,,3.0,30.83666666666667,70.71,4.0,,790.5333333333333
2015-02-11,,,,,,,,,,,,4.0,33.0175,67.7375,4.0,,774.875
2015-02-12,,,,,,,,,,,,3.0,32.376666666666665,69.08999999999999,4.0,,817.0333333333333
2015-02-13,,,,,,,,,,,,3.0,29.263333333333335,75.25999999999999,4.0,,508.90000000000003
2015-02-15,,,,,,,,,,,,1.0,27.48,69.43,4.0,,596.2
2015-02-16,,,,,,,,,,,,3.0,25.290000000000003,80.19,4.0,,367.0
2015-02-18,,,,,,,,,,,,2.0,28.310000000000002,79.395,4.0,,681.45
2015-02-19,,,,,,,,,,,,4.0,29.9775,76.1525,4.0,,660.825
2015-02-22,,,,,,,,,,,,3.0,30.066666666666666,69.75,4.0,,728.7666666666668
2015-02-23,,,,,,,,,,,,3.0,32.053333333333335,66.50666666666666,4.0,,878.9333333333334
2015-02-28,,,,,,,,,,,,1.0,29.09,67.95,4.0,,812.0
2015-03-01,,,,,,,,,,,,4.0,26.61,69.84,4.0,,672.775
2015-03-02,,,,,,,,,,,,3.0,26.86,76.60666666666667,4.0,,649.0333333333333
2015-03-03,,,,,,,,,,,,5.0,30.113999999999997,62.096000000000004,4.0,,865.24
2015-04-03,,,,,,,,,,,,3.0,26.876666666666665,67.67333333333333,4.0,,782.1333333333333
2015-04-05,,,,,,,,,,,,2.0,26.54,81.80000000000001,4.0,,610.1
2015-04-07,,,,,,,,,,,,2.0,22.494999999999997,66.17,4.0,,728.45
2015-04-09,,,,,,,,,,,,5.0,24.419999999999998,78.85,4.0,,540.52
2015-04-10,,,,,,,,,,,,3.0,25.28,78.52666666666666,4.0,,640.9
2015-04-26,,,,,,,,,,,,1.0,27.35,62.32,4.0,,693.8
2015-05-21,,,,,,,,,,,,3.0,25.23,82.5,4.0,,420.8333333333333
2015-05-31,,,,,,,,,,,,1.0,21.81,74.9,4.0,,382.9
2015-06-04,,,,,,,,,,,,1.0,21.13,82.7,4.0,,568.6
2015-06-11,,,,,,,,,,,,1.0,24.48,86.0,4.0,,530.8
2015-06-17,,,,,,,,,,,,2.0,20.02,75.8,4.0,,416.0
2015-06-26,,,,,,,,,,,,1.0,21.15,86.6,4.0,,265.1
2015-06-28,,,,,,,,,,,,2.0,17.185,93.75,4.0,,445.35
2015-07-05,,,,,,,,,,,,2.0,18.939999999999998,65.06,4.0,,471.45000000000005
2015-07-21,,,,,,,,,,,,3.0,20.083333333333332,86.24333333333334,4.0,,508.09999999999997
2015-07-29,,,,,,,,,,,,1.0,19.15,93.8,4.0,,304.5
2015-08-04,,,,,,,,,,,,3.0,24.646666666666665,66.93666666666667,4.0,,584.9333333333334
2015-08-18,,,,,,,,,,,,12.0,24.138333333333335,84.1875,4.0,,256.03249999999997
2015-08-19,27.62,21.32,97.5,66.72,10.61,4.0,,0.0,20.93,21.33,21.33,24.0,22.071250000000003,73.86166666666666,4.0,,178.41104166666665
2015-08-20,27.91,17.87,99.9,41.33,15.4,4.0,,0.0,17.26,17.87,17.87,24.0,18.644583333333333,81.07875,4.0,,110.35929166666666
2015-08-21,23.91,14.65,98.1,55.49,9.52,4.0,,0.0,14.23,17.64,17.64,24.0,17.3225,92.33916666666666,4.0,,77.411375
2015-08-22,20.87,15.19,99.1,75.95,6.681,4.0,,0.229,17.24,17.37,17.37,24.0,19.85625,88.42416666666666,4.0,,192.04925
2015-08-23,26.64,15.24,100.0,59.43,16.57,4.0,,0.0,17.87,18.48,18.48,24.0,19.710416666666667,88.39583333333333,4.0,,38.57775
2015-08-24,25.53,16.72,100.0,57.24,3.329,4.0,,0.457,16.64,18.39,18.39,24.0,17.164583333333333,89.82958333333333,4.0,,29.925416666666667
2015-08-25,18.7,15.51,100.0,77.8,2.583,4.0,,2.286,15.33,15.59,15.59,24.0,17.019583333333333,97.28750000000001,4.0,,55.07637499999999
2015-08-26,19.95,14.46,100.0,86.1,4.753,4.0,,1.6,17.73,17.73,17.73,24.0,19.412499999999998,96.68333333333334,4.0,,80.04729166666667
2015-08-27,23.85,17.21,100.0,83.8,6.908,4.0,,3.429,19.83,19.89,19.89,24.0,20.502916666666668,89.4225,4.0,,115.04237499999999
2015-08-28,27.45,16.72,100.0,62.26,9.93,4.0,,20.4,17.67,17.67,17.67,24.0,19.305,80.67833333333333,4.0,,236.2697916666667
2015-08-29,26.77,13.48,100.0,35.72,20.39,4.0,,0.0,15.96,17.64,17.64,24.0,20.2625,84.51791666666666,4.0,,226.45291666666665
2015-08-30,27.23,15.44,98.8,58.91,19.54,4.0,,0.0,17.96,18.13,18.13,24.0,21.37875,85.79124999999999,4.0,,230.49645833333332
2015-08-31,31.29,14.54,100.0,46.67,19.9,4.0,,0.0,19.5,19.5,19.5,24.0,24.36,81.1375,4.0,,223.61187500000003
2015-09-01,37.01,17.83,100.0,36.37,19.3,4.0,,0.0,19.54,21.67,21.67,24.0,21.00375,81.99166666666666,4.0,,99.03683333333333
2015-09-02,27.38,15.46,99.4,68.25,8.55,4.0,,1.6,15.36,15.46,15.46,24.0,15.57125,98.9875,4.0,,50.17829166666667
2015-09-03,17.66,14.23,100.0,92.9,4.33,4.0,,5.715,15.63,15.63,15.63,24.0,16.18583333333333,100.0,4.0,,21.73166666666667
2015-09-04,17.07,15.46,100.0,100.0,1.876,4.0,,36.27,16.64,16.64,16.64,24.0,18.192083333333333,97.08333333333333,4.0,,85.18962499999999
2015-09-05,22.27,16.0,100.0,83.3,7.352,4.0,,9.37,16.62,16.62,16.62,24.0,17.706666666666667,97.5125,4.0,,98.44458333333334
2015-09-06,20.85,15.83,100.0,86.5,8.5,4.0,,13.72,17.26,18.2,18.2,24.0,17.905,96.7,4.0,,37.264833333333335
2015-09-07,19.7,15.84,100.0,86.1,3.216,4.0,,3.2,17.59,17.65,17.65,24.0,18.504583333333333,95.66666666666667,4.0,,72.171875
2015-09-08,22.33,15.3,100.0,78.45,6.229,4.0,,3.429,18.66,18.66,18.66,24.0,19.620416666666667,97.48333333333333,4.0,,40.41354166666667
2015-09-09,23.37,18.25,100.0,89.1,3.488,4.0,,14.83,17.86,18.33,18.33,24.0,19.951249999999998,89.55416666666667,4.0,,157.879
2015-09-10,25.18,17.17,100.0,67.88,13.63,4.0,,0.0,17.74,19.04,19.04,24.0,20.53291666666667,90.73541666666667,4.0,,146.45854166666666
2015-09-11,25.61,16.67,100.0,69.6,12.64,4.0,,1.3719999999999999,17.89,20.48,20.48,24.0,18.403333333333332,89.47958333333334,4.0,,87.72133333333333
2015-09-12,23.82,15.43,100.0,68.51,7.569,4.0,,5.258,15.78,15.78,15.78,24.0,16.4675,76.99041666666666,4.0,,230.81879166666667
2015-09-13,22.37,12.64,100.0,48.76,19.92,4.0,,0.0,12.9,13.91,13.91,24.0,16.500833333333333,79.52125,4.0,,173.80316666666667
2015-09-14,22.37,12.72,93.8,56.42,15.0,4.0,,0.0,13.81,15.75,15.75,24.0,18.473333333333333,82.13375,4.0,,266.8205
2015-09-15,24.93,12.89,99.5,52.94,23.03,4.0,,0.0,16.98,18.46,18.46,24.0,20.336666666666666,89.30083333333333,4.0,,174.84012500000003
2015-09-16,25.17,16.28,100.0,67.22,15.09,4.0,,0.457,19.69,20.56,20.56,24.0,24.199583333333333,85.4875,4.0,,191.71129166666665
2015-09-17,33.37,19.54,98.9,57.79,16.55,4.0,,0.0,20.38,21.83,21.83,24.0,22.612916666666667,94.985,4.0,,122.34949999999999
2015-09-18,28.6,20.56,100.0,75.18,10.56,4.0,,53.7,21.57,21.57,21.57,24.0,22.752916666666668,95.73916666666666,4.0,,132.97616666666667
2015-09-19,29.02,20.69,100.0,74.45,11.48,4.0,,5.258,21.59,21.59,21.59,24.0,23.06625,94.25083333333333,4.0,,177.40487499999998
2015-09-20,29.7,20.44,100.0,72.68,15.31,4.0,,2.286,21.13,21.19,21.19,24.0,24.584999999999997,86.80666666666667,4.0,,205.38887499999998
2015-09-21,31.56,20.72,100.0,58.69,17.72,4.0,,0.0,21.24,21.42,21.42,24.0,23.189999999999998,89.12374999999999,4.0,,190.47445833333333
2015-09-22,29.34,19.9,100.0,60.92,16.44,4.0,,0.0,21.13,21.65,21.65,24.0,22.9225,91.32,4.0,,95.02883333333334
2015-09-23,27.21,21.24,99.3,72.74,8.2,4.0,,0.0,21.18,21.8,21.8,24.0,24.211249999999996,87.305,4.0,,252.042
2015-09-24,30.64,20.15,99.9,63.2,21.75,4.0,,0.0,22.02,22.64,22.64,24.0,25.004583333333333,88.34875,4.0,,173.665125
2015-09-25,32.61,21.85,99.2,63.22,14.99,4.0,,0.0,21.27,21.97,21.97,24.0,22.246666666666666,96.39999999999999,4.0,,59.265625
2015-09-26,27.68,19.88,100.0,78.83,5.114,4.0,,16.48,18.66,20.02,20.02,24.0,19.505416666666665,97.67083333333333,4.0,,35.76658333333334
2015-09-27,20.41,18.54,100.0,91.4,3.087,4.0,,7.315,18.83,18.84,18.84,24.0,20.213043478260868,99.83749999999999,4.0,,36.59870833333333
2015-09-28,22.39,18.67,100.0,97.8,3.158,4.0,,35.41,20.92,20.92,20.92,24.0,19.812083333333334,92.00125000000001,4.0,,125.34587499999999
2015-09-29,23.49,17.68,100.0,76.02,10.82,4.0,,3.658,17.2,17.73,17.73,24.0,19.69,93.16375,4.0,,96.85516666666666
2015-09-30,24.65,16.85,99.9,77.66,8.36,4.0,,0.0,19.95,20.36,20.36,24.0,19.60125,93.64708333333333,4.0,,43.4185
2015-10-01,21.57,17.67,100.0,73.07,3.747,4.0,,3.658,17.03,18.81,18.81,24.0,19.031666666666666,94.89999999999999,4.0,,47.51070833333333
2015-10-02,20.46,17.63,100.0,88.5,4.101,4.0,,4.115,19.34,19.34,19.34,24.0,21.87875,95.73333333333333,4.0,,91.72016666666667
2015-10-03,26.59,19.26,100.0,80.1,7.916,4.0,,15.47,21.3,21.55,21.55,24.0,19.987916666666667,96.85833333333333,4.0,,54.0255
2015-10-04,23.49,16.48,100.0,87.5,4.663,4.0,,1.8290000000000002,16.57,16.61,16.61,24.0,17.294583333333332,95.55833333333334,4.0,,51.672333333333334
2015-10-05,19.71,15.59,100.0,87.6,4.46,4.0,,7.5440000000000005,15.43,15.66,15.66,24.0,17.1475,91.48791666666666,4.0,,60.721000000000004
2015-10-06,20.07,15.22,100.0,73.14,5.24,4.0,,1.143,16.22,16.92,16.92,24.0,18.2525,95.64166666666667,4.0,,60.318000000000005
2015-10-07,21.95,16.4,99.4,87.8,5.206,4.0,,5.486,19.01,19.38,19.38,24.0,21.62875,91.70333333333333,4.0,,144.78591666666668
2015-10-08,27.16,18.59,100.0,67.26,12.5,4.0,,0.0,20.81,20.81,20.81,24.0,22.27541666666667,94.24875000000002,4.0,,95.99416666666667
2015-10-09,26.7,20.12,100.0,76.05,8.29,4.0,,22.83,20.56,20.56,20.56,24.0,21.658571428571427,95.48833333333333,4.0,,86.51654166666667
2015-10-10,27.34,19.84,100.0,76.7,7.467,4.0,,10.97,21.69,22.01,22.01,24.0,21.428749999999997,95.50833333333333,4.0,,48.592166666666664
2015-10-11,24.76,19.76,98.3,83.9,4.194,4.0,,8.46,19.51,19.91,19.91,24.0,20.837500000000002,95.925,4.0,,36.58295833333333
2015-10-12,22.84,19.26,100.0,88.7,3.157,4.0,,9.83,20.53,20.93,20.93,24.0,22.089166666666667,94.5775,4.0,,50.46820833333334
2015-10-13,26.6,20.01,99.6,77.61,4.355,4.0,,2.286,19.08,20.01,20.01,24.0,19.655,92.69166666666666,4.0,,62.345499999999994
2015-10-14,21.17,18.42,97.2,86.7,5.381,4.0,,17.83,,,,24.0,23.1425,93.45833333333333,4.0,,96.60704166666666
2015-10-15,26.11,18.15,98.8,79.39,8.34,4.0,,23.22,21.82,22.33,22.33,24.0,24.598333333333333,90.8975,4.0,,191.89154166666665
2015-10-16,31.4,21.25,100.0,71.04,16.56,4.0,,0.0,21.18,21.97,21.97,24.0,21.978333333333335,92.11874999999999,4.0,,57.58979166666666
2015-10-17,25.87,18.0,99.0,78.64,4.977,4.0,,5.969,17.44,18.09,18.09,24.0,17.55,89.93916666666667,4.0,,56.58575
2015-10-18,19.41,16.15,97.7,75.92,4.878,4.0,,0.686,14.83,16.4,16.4,24.0,17.5025,79.93458333333334,4.0,,95.55512499999999
2015-10-19,20.56,15.67,97.7,60.09,8.25,4.0,,0.0,15.66,16.02,16.02,24.0,18.580833333333334,92.71791666666667,4.0,,97.68925
2015-10-20,22.73,15.58,99.4,75.93,8.43,4.0,,0.686,19.43,19.52,19.52,24.0,22.03625,90.88625,4.0,,151.14483333333334
2015-10-21,28.96,19.12,99.9,65.43,13.04,4.0,,0.0,21.12,21.51,21.51,24.0,22.587500000000002,95.2625,4.0,,49.76295833333333
2015-10-22,25.54,21.0,99.9,82.9,4.296,4.0,,25.4,20.92,21.24,21.24,24.0,20.045833333333334,98.76666666666667,4.0,,13.505416666666667
2015-10-23,21.48,19.22,100.0,93.1,1.165,4.0,,95.6,19.32,19.36,19.36,24.0,20.82875,94.80416666666667,4.0,,70.55420833333334
2015-10-24,24.92,18.28,100.0,78.23,6.09,4.0,,0.229,19.01,19.94,19.94,24.0,20.602083333333333,83.22541666666666,4.0,,117.006375
2015-10-25,23.29,18.01,94.5,68.58,10.1,4.0,,0.0,16.28,18.03,18.03,24.0,17.66541666666667,95.0,4.0,,42.34220833333333
2015-10-26,19.39,16.28,100.0,86.5,3.6550000000000002,4.0,,6.172,17.41,17.41,17.41,24.0,18.455416666666668,100.0,4.0,,34.13966666666666
2015-10-27,19.56,17.31,100.0,99.9,2.946,4.0,,7.5440000000000005,18.94,18.94,18.94,24.0,21.331666666666667,95.12916666666666,4.0,,81.06829166666667
2015-10-28,25.31,18.83,100.0,83.1,6.997,4.0,,0.457,21.12,21.28,21.28,24.0,21.622083333333332,97.84166666666665,4.0,,97.854
2015-10-29,23.63,20.61,99.8,89.6,8.45,4.0,,13.26,20.61,20.77,20.77,24.0,22.134583333333335,95.50833333333333,4.0,,128.23641666666666
2015-10-30,25.76,20.76,99.0,82.1,11.07,4.0,,15.09,20.95,21.79,21.79,24.0,22.997500000000002,91.45,4.0,,80.68058333333333
2015-10-31,25.34,21.23,96.7,81.9,6.963,4.0,,0.914,22.11,23.21,23.21,24.0,23.67833333333333,93.4375,4.0,,40.721666666666664
2015-11-01,25.29,22.29,96.0,89.6,3.5140000000000002,4.0,,24.38,20.93,22.35,22.35,24.0,21.23,91.77083333333333,4.0,,47.933708333333335
2015-11-02,22.59,19.44,94.8,87.8,4.1370000000000005,4.0,,10.74,18.71,19.63,19.63,24.0,19.59,95.12916666666666,4.0,,38.64891666666667
2015-11-03,20.62,18.7,97.1,94.1,3.335,4.0,,28.8,18.84,19.51,19.51,24.0,22.33125,90.87416666666667,4.0,,89.67641666666667
2015-11-04,26.96,19.48,96.4,75.77,7.74,4.0,,2.057,21.48,22.27,22.27,24.0,21.57875,95.46666666666665,4.0,,34.32270833333333
2015-11-05,22.31,20.46,96.7,94.5,2.9619999999999997,4.0,,45.95,20.01,20.6,20.6,24.0,21.261666666666667,94.50416666666666,4.0,,65.827
2015-11-06,24.84,18.88,96.3,85.0,5.682,4.0,,13.26,18.16,18.9,18.9,24.0,20.528333333333332,87.73666666666666,4.0,,106.07654166666667
2015-11-07,25.56,18.62,96.4,67.89,9.16,4.0,,7.5440000000000005,18.21,19.66,19.66,24.0,20.905833333333334,87.02499999999999,4.0,,76.953125
2015-11-08,23.62,18.75,94.9,73.05,6.641,4.0,,1.3719999999999999,19.32,20.16,20.16,24.0,21.037916666666664,94.22916666666667,4.0,,54.32208333333333
2015-11-09,23.13,19.72,96.4,86.1,4.689,4.0,,21.49,20.72,21.49,21.49,24.0,23.57375,90.04041666666666,4.0,,135.73179166666668
2015-11-10,29.56,20.9,97.4,68.39,11.71,4.0,,0.686,22.39,23.28,23.28,24.0,25.484583333333333,87.77708333333334,4.0,,110.29075
2015-11-11,27.57,24.24,92.9,82.6,0.457,4.0,,0.0,22.98,24.24,24.24,24.0,27.222916666666666,82.10833333333333,4.0,,214.95508333333336
2015-11-12,35.74,23.38,93.7,56.16,18.55,4.0,,0.0,22.41,24.95,24.95,24.0,25.02,83.96333333333332,4.0,,74.14833333333333
2015-11-13,29.0,23.13,92.6,68.09,6.399,4.0,,0.0,22.28,24.28,24.28,24.0,25.67833333333333,85.62124999999999,4.0,,87.65345833333333
2015-11-14,29.78,22.89,94.7,72.41,7.565,4.0,,0.508,22.38,24.43,24.43,24.0,26.947916666666668,77.35791666666667,4.0,,229.99241666666668
2015-11-15,37.26,22.64,91.1,48.58,19.85,4.0,,3.429,20.3,23.24,23.24,24.0,23.189166666666665,84.34375,4.0,,65.97425
2015-11-16,25.8,21.07,93.6,76.97,5.694,4.0,,0.914,19.51,21.09,21.09,24.0,22.827083333333334,83.49958333333333,4.0,,64.9785
2015-11-17,25.66,20.63,91.2,70.08,5.608,4.0,,2.286,20.48,22.09,22.09,24.0,23.76625,89.60833333333333,4.0,,94.96108333333332
2015-11-18,27.13,21.84,92.3,79.86,8.2,4.0,,5.715,22.68,24.03,24.03,24.0,26.97791666666667,80.43666666666667,4.0,,305.49404166666665
2015-11-19,35.01,22.33,94.7,53.3,26.37,4.0,,12.65,22.54,23.42,23.42,24.0,27.7975,79.33125,4.0,,305.2754166666667
2015-11-20,36.41,23.38,94.8,45.68,26.35,4.0,,58.5,22.7,24.38,24.38,24.0,26.902083333333334,76.01208333333334,4.0,,183.00045833333334
2015-11-21,33.6,23.8,90.3,55.04,15.79,4.0,,0.914,20.18,24.24,24.24,24.0,23.75791666666667,72.93416666666667,4.0,,126.008
2015-11-22,27.78,21.45,85.2,55.12,10.87,4.0,,0.0,18.49,21.63,21.63,24.0,23.37875,85.50708333333334,4.0,,151.397875
2015-11-23,28.26,20.66,93.5,66.28,13.07,4.0,,8.46,21.61,22.69,22.69,24.0,23.389166666666668,89.33333333333333,4.0,,78.81470833333334
2015-11-24,26.3,21.5,94.5,74.66,6.802,4.0,,19.66,20.31,21.5,21.5,24.0,21.990416666666665,88.64999999999999,4.0,,64.68166666666667
2015-11-25,24.32,19.81,93.4,78.84,5.582,4.0,,5.944,20.63,21.75,21.75,24.0,24.1875,87.59375,4.0,,122.89308333333334
2015-11-26,31.36,21.28,94.5,60.26,10.61,4.0,,3.2,22.31,23.4,23.4,24.0,25.21375,88.04416666666667,4.0,,133.13029166666666
2015-11-27,29.5,23.11,94.6,72.89,11.49,4.0,,2.286,22.91,24.35,24.35,24.0,25.195833333333336,87.625,4.0,,94.797375
2015-11-28,27.97,23.8,92.5,78.44,8.18,4.0,,3.429,22.42,24.09,24.09,24.0,26.515833333333333,83.58875,4.0,,171.60425
2015-11-29,32.62,22.99,92.5,61.62,14.81,4.0,,0.914,24.26,25.61,25.61,24.0,23.029583333333335,85.17458333333333,4.0,,58.18604166666666
2015-11-30,25.66,21.25,93.1,73.04,5.022,4.0,,2.972,18.49,21.27,21.27,24.0,20.2725,88.89999999999999,4.0,,38.95879166666666
2015-12-01,22.39,18.7,92.9,81.0,3.362,4.0,,8.69,17.54,19.17,19.17,24.0,20.897916666666667,89.4875,4.0,,62.24699999999999
2015-12-02,23.89,18.66,92.5,83.5,5.372,4.0,,0.229,20.28,21.53,21.53,24.0,23.429166666666664,88.53208333333333,4.0,,75.0735
2015-12-03,27.85,21.05,93.6,71.33,6.479,4.0,,9.37,21.81,22.98,22.98,24.0,23.652083333333334,92.45416666666667,4.0,,66.685625
2015-12-04,25.67,22.78,93.8,87.9,5.756,4.0,,20.8,21.93,23.06,23.06,24.0,24.689999999999998,89.26625,4.0,,132.163
2015-12-05,28.94,22.99,93.7,76.5,11.41,4.0,,8.69,22.58,24.14,24.14,24.0,28.31625,75.66458333333334,4.0,,293.193375
2015-12-06,37.79,23.27,92.5,44.9,25.31,4.0,,0.0,20.73,24.51,24.51,24.0,22.505416666666665,85.85000000000001,4.0,,48.669875
2015-12-07,24.54,20.32,91.4,78.94,4.201,4.0,,26.52,19.13,20.62,20.62,24.0,22.642916666666665,84.55916666666667,4.0,,73.28454166666667
2015-12-08,26.06,20.51,91.8,66.15,6.325,4.0,,0.914,19.88,21.27,21.27,24.0,24.37,84.72833333333334,4.0,,170.93462499999998
2015-12-09,29.62,21.04,92.3,68.76,14.75,4.0,,3.886,22.69,25.56,25.56,24.0,27.8025,77.59875,4.0,,264.8208333333333
2015-12-10,33.64,24.09,90.4,57.2,22.86,4.0,,0.0,24.01,26.32,26.32,24.0,27.459999999999997,81.85125000000001,4.0,,208.39374999999998
2015-12-11,35.27,24.83,91.9,54.79,17.99,4.0,,24.74,22.1,25.08,25.08,24.0,27.505416666666665,76.84666666666666,4.0,,249.63737500000002
2015-12-12,32.84,23.75,88.8,57.6,21.55,4.0,,0.0,23.97,26.59,26.59,24.0,26.7,88.79166666666667,4.0,,58.72508333333334
2015-12-13,28.1,25.63,91.1,84.8,5.068,4.0,,1.3719999999999999,24.29,26.01,26.01,24.0,29.02,77.39458333333333,4.0,,332.929875
2015-12-14,36.57,24.67,92.7,52.18,28.74,4.0,,2.515,24.16,26.28,26.28,24.0,28.990416666666665,77.51416666666667,4.0,,255.11604166666666
2015-12-15,38.42,24.2,91.3,46.14,22.02,4.0,,8.86,24.35,29.61,26.69,24.0,29.530833333333334,77.02624999999999,4.0,,219.93804166666666
2015-12-16,37.3,24.4,91.6,49.43,18.98,4.0,,18.67,23.33,26.35,26.35,24.0,27.101249999999997,74.75791666666667,4.0,,207.86445833333335
2015-12-17,32.07,24.34,90.3,55.24,17.94,4.0,,1.3719999999999999,22.68,24.36,24.36,24.0,26.564999999999998,80.55833333333334,4.0,,154.10049999999998
2015-12-18,31.98,23.33,92.4,60.77,13.3,4.0,,1.8290000000000002,23.52,26.63,26.63,24.0,28.89260869565217,79.98958333333333,4.0,,206.53304347826088
2015-12-19,35.42,24.65,90.0,59.02,,4.0,,,23.91,29.84,26.9,24.0,26.967083333333335,84.11625,4.0,,93.7715
2015-12-20,31.11,23.64,92.0,64.98,8.09,4.0,,0.0,22.67,24.05,24.05,24.0,23.062083333333334,92.14999999999999,4.0,,46.209875000000004
2015-12-21,24.06,21.57,93.1,90.6,3.9859999999999998,4.0,,0.0,20.45,21.61,21.61,24.0,23.72083333333333,92.2375,4.0,,65.31408333333333
2015-12-22,26.06,21.6,93.4,89.0,5.6370000000000005,4.0,,0.0,23.8,25.16,25.16,24.0,27.74791666666667,84.96041666666666,4.0,,181.19570833333333
2015-12-23,32.92,24.27,92.7,66.23,15.64,4.0,,0.0,25.43,30.75,26.96,24.0,29.22583333333333,83.46208333333333,4.0,,176.90525
2015-12-24,35.26,25.59,92.1,66.3,15.27,4.0,,0.0,24.13,25.66,25.66,24.0,28.994583333333335,83.77708333333334,4.0,,242.85875
2015-12-25,38.02,25.58,92.5,56.44,20.96,4.0,,0.0,25.09,30.05,26.74,24.0,28.199166666666667,87.64708333333334,4.0,,93.63516666666668
2015-12-26,31.8,26.31,91.6,74.67,8.08,4.0,,0.0,25.82,31.87,27.33,24.0,28.150000000000002,87.2375,4.0,,88.69120833333334
2015-12-27,32.63,25.67,92.3,72.19,7.654,4.0,,0.0,26.58,34.48,28.17,24.0,29.847083333333334,82.04125,4.0,,238.055125
2015-12-28,37.09,24.46,92.3,55.64,20.54,4.0,,0.0,23.92,25.38,25.38,24.0,27.15625,87.54083333333334,4.0,,141.44916666666668
2015-12-29,32.81,24.93,92.1,65.32,12.21,4.0,,0.0,24.87,26.28,26.28,24.0,28.77,86.18291666666666,4.0,,180.28929166666668
2015-12-30,34.18,26.28,92.1,66.99,15.56,4.0,,0.0,26.47,34.3,28.14,24.0,32.18666666666667,71.66916666666667,4.0,,273.118
2015-12-31,39.17,27.32,91.2,48.31,23.58,4.0,,0.0,24.63,35.73,29.98,24.0,32.494166666666665,65.13208333333334,4.0,,226.06095833333333
2016-01-01,39.66,27.93,83.8,45.56,19.5,4.0,,0.0,24.8,32.43,27.95,1.0,28.07,82.9,4.0,,0.0
2016-01-02,29.29,24.61,91.4,72.99,5.895,4.0,,0.0,23.21,24.73,24.73,,,,,,
2016-01-03,27.38,23.63,92.0,78.15,5.901,4.0,,0.0,22.43,23.87,23.87,,,,,,
2016-01-04,28.89,23.45,92.5,64.15,7.667,4.0,,0.0,22.2,23.52,23.52,,,,,,
2016-01-05,32.93,23.02,92.4,55.17,19.38,4.0,,0.0,22.15,24.55,24.55,,,,,,
2016-01-06,32.8,23.66,92.1,51.79,20.97,4.0,,0.0,22.47,25.01,25.01,,,,,,
2016-01-07,33.09,23.78,90.7,51.67,22.98,4.0,,0.0,23.6,26.62,26.62,,,,,,
2016-01-08,36.07,25.02,89.4,53.47,20.18,4.0,,0.0,24.93,31.79,27.58,,,,,,
2016-01-09,30.81,25.18,90.7,72.07,7.393,4.0,,0.0,24.33,26.65,26.65,,,,,,
2016-01-10,32.75,24.18,92.8,60.7,12.09,4.0,,0.0,23.45,24.74,24.74,,,,,,
2016-01-11,28.17,24.63,92.6,86.4,4.769,4.0,,0.0,25.11,26.55,26.55,,,,,,
2016-01-12,36.02,26.35,92.1,63.47,15.48,4.0,,0.0,25.03,29.95,26.71,,,,,,
2016-01-13,32.19,25.53,91.1,71.33,8.5,4.0,,0.0,24.62,30.9,27.24,,,,,,
2016-01-14,36.96,24.91,91.4,50.3,27.96,4.0,,0.0,24.87,31.87,27.64,,,,,,
2016-01-15,34.33,24.84,89.9,48.28,24.73,4.0,,0.0,22.2,26.43,26.43,,,,,,
2016-01-16,35.4,24.64,88.6,48.9,24.91,4.0,,0.0,22.7,29.71,27.14,,,,,,
2016-01-17,34.42,24.7,89.6,47.21,21.9,4.0,,0.0,21.46,25.13,25.13,,,,,,
2016-01-18,33.99,22.36,90.9,45.27,28.03,4.0,,0.0,21.39,25.78,25.78,,,,,,
2016-01-19,34.36,22.67,90.0,40.32,26.49,4.0,,0.0,21.72,25.29,25.29,,,,,,
2016-01-20,35.77,22.51,89.0,34.41,29.46,4.0,,0.0,21.78,25.41,25.41,,,,,,
2016-01-21,34.7,22.56,89.0,39.61,28.82,4.0,,0.0,20.79,24.52,24.52,,,,,,
2016-01-22,34.98,23.01,87.0,44.64,24.37,4.0,,0.0,21.15,24.59,24.59,,,,,,
2016-01-23,32.88,23.12,91.0,47.47,20.18,4.0,,0.0,20.16,23.97,23.97,,,,,,
2016-01-24,35.27,20.66,89.9,37.43,29.87,4.0,,0.0,21.05,24.85,24.85,,,,,,
2016-01-25,34.07,22.07,89.3,43.27,29.44,4.0,,0.0,22.67,26.57,26.57,,,,,,
2016-01-26,35.81,23.95,88.6,53.33,26.61,4.0,,0.0,24.6,26.64,26.64,,,,,,
2016-01-27,42.07,23.91,91.3,36.89,24.4,4.0,,0.0,23.53,26.14,26.14,,,,,,
2016-01-28,26.58,21.82,90.7,73.31,3.444,4.0,,0.0,20.39,21.97,21.97,,,,,,
2016-01-29,28.61,21.77,92.3,78.76,8.29,4.0,,0.0,25.37,30.33,26.8,,,,,,
2016-01-30,35.83,26.37,92.1,55.46,24.32,4.0,,0.0,24.96,31.69,27.52,,,,,,
2016-01-31,36.32,26.21,91.8,55.04,20.32,4.0,,0.0,24.49,30.64,27.15,,,,,,
2016-02-01,38.4,26.02,89.4,54.08,19.84,4.0,,0.0,25.65,32.93,27.86,,,,,,
2016-02-02,31.1,24.85,91.9,74.28,0.904,4.0,,0.0,23.17,24.9,24.9,,,,,,
2016-02-03,28.58,24.21,92.1,74.51,5.111,4.0,,0.0,22.81,24.25,24.25,,,,,,
2016-02-04,28.66,23.7,92.8,82.7,7.265,4.0,,0.0,23.24,24.49,24.49,,,,,,
2016-02-05,33.27,24.45,92.6,64.22,11.52,4.0,,0.0,24.27,26.53,26.53,,,,,,
2016-02-06,37.62,24.9,92.5,51.11,16.64,4.0,,0.0,23.98,25.47,25.47,,,,,,
2016-02-07,33.46,25.25,91.7,63.93,13.74,4.0,,0.0,23.79,30.07,27.05,,,,,,
2016-02-08,30.44,25.04,91.2,72.38,7.787,4.0,,0.0,23.98,25.58,25.58,,,,,,
2016-02-09,35.39,25.01,92.7,61.18,20.57,4.0,,0.0,26.06,35.8,29.07,,,,,,
2016-02-10,40.12,27.21,91.2,49.62,22.33,4.0,,0.0,26.4,36.71,29.33,,,,,,
2016-02-11,35.13,26.74,89.7,62.27,10.87,4.0,,0.0,25.28,31.07,27.14,,,,,,
2016-02-12,32.96,25.04,89.8,51.41,11.18,4.0,,0.0,23.03,26.44,26.44,,,,,,
2016-02-13,33.42,24.68,89.3,56.15,12.29,4.0,,0.0,22.22,26.64,26.64,,,,,,
2016-02-14,34.22,24.01,89.1,46.35,20.57,4.0,,0.0,23.41,31.79,28.17,,,,,,
2016-02-15,35.53,25.44,89.0,53.68,12.43,4.0,,0.0,24.87,31.77,27.59,,,,,,
2016-02-16,35.41,27.13,87.9,58.33,12.14,4.0,,0.0,24.38,31.82,27.79,,,,,,
2016-02-17,32.6,25.7,91.4,65.35,8.78,4.0,,0.0,24.44,25.94,25.94,,,,,,
2016-02-18,36.47,24.66,92.0,55.72,19.83,4.0,,0.0,25.57,32.26,27.58,,,,,,
2016-02-19,40.97,26.07,90.3,38.81,24.28,4.0,,0.0,24.56,34.13,29.02,,,,,,
2016-02-20,36.4,26.77,85.7,57.14,20.25,4.0,,0.0,26.81,37.74,29.58,,,,,,
2016-02-21,37.37,25.72,92.3,54.92,19.03,4.0,,0.0,24.83,29.82,26.69,,,,,,
2016-02-22,33.88,25.17,90.8,62.75,11.32,4.0,,0.0,23.36,25.18,25.18,,,,,,
2016-02-23,31.92,24.75,91.7,60.33,9.55,4.0,,0.0,23.92,25.54,25.54,,,,,,
2016-02-24,31.3,24.84,92.3,73.97,8.18,4.0,,0.0,24.45,26.08,26.08,,,,,,
2016-02-25,29.7,28.5,83.9,75.67,0.0,4.0,,0.0,24.25,33.76,28.97,,,,,,
2016-02-26,38.48,25.44,92.2,44.89,18.26,4.0,,0.0,23.91,25.56,25.56,,,,,,
2016-02-27,37.35,25.57,92.1,52.39,22.46,4.0,,0.0,26.9,39.04,30.2,,,,,,
2016-02-28,40.33,26.79,89.1,44.48,16.2,4.0,,0.0,25.68,32.58,27.69,,,,,,
2016-02-29,27.68,24.23,91.8,85.9,3.333,4.0,,0.0,22.19,24.53,24.53,,,,,,
2016-03-01,33.02,22.27,90.4,45.29,23.06,4.0,,0.0,20.24,23.29,23.29,,,,,,
2016-03-02,32.96,20.72,89.9,43.33,24.87,4.0,,0.0,21.27,24.88,24.88,,,,,,
2016-03-03,29.58,23.0,91.5,66.2,6.448,4.0,,0.0,22.51,23.98,23.98,,,,,,
2016-03-04,28.71,22.06,92.5,69.38,6.835,4.0,,0.0,22.06,23.66,23.66,,,,,,
2016-03-05,32.67,23.11,91.8,55.41,16.4,4.0,,0.0,22.45,24.17,24.17,,,,,,
2016-03-06,31.6,22.1,91.1,57.64,19.5,4.0,,0.0,22.98,24.57,24.57,,,,,,
2016-03-07,34.02,23.37,91.4,56.47,15.69,4.0,,0.0,24.06,26.19,26.19,,,,,,
2016-03-08,35.25,24.38,92.4,51.5,19.09,4.0,,0.0,23.77,25.67,25.67,,,,,,
2016-03-09,33.83,24.49,91.3,61.47,14.21,4.0,,0.0,25.24,31.8,27.48,,,,,,
2016-03-10,34.08,26.05,91.4,60.19,14.18,4.0,,0.0,26.01,33.06,27.78,,,,,,
2016-03-11,34.16,24.36,91.4,62.53,14.16,4.0,,0.0,23.6,25.7,25.7,,,,,,
2016-03-12,35.04,24.21,89.5,49.1,16.43,4.0,,0.0,22.58,24.45,24.45,,,,,,
2016-03-13,34.61,20.53,90.8,39.95,24.77,4.0,,0.0,19.23,25.04,25.04,,,,,,
2016-03-14,32.03,22.96,77.82,45.05,19.66,4.0,,0.0,18.96,23.17,23.17,,,,,,
2016-03-15,32.79,21.13,89.1,55.57,15.72,4.0,,0.0,22.42,24.33,24.33,,,,,,
2016-03-16,32.38,23.51,91.1,59.0,10.62,4.0,,0.0,23.49,26.15,26.15,,,,,,
2016-03-17,35.33,24.22,91.2,53.4,17.17,4.0,,0.0,24.04,26.28,26.28,,,,,,
2016-03-18,34.29,25.04,91.1,57.72,18.22,4.0,,0.0,23.93,29.49,26.72,,,,,,
2016-03-19,35.17,24.47,91.4,54.87,21.84,4.0,,0.0,24.68,32.58,28.08,,,,,,
2016-03-20,37.17,26.13,89.9,50.79,15.79,4.0,,0.0,24.34,29.67,26.72,,,,,,
2016-03-21,32.79,25.5,88.9,61.16,8.83,4.0,,0.0,24.59,26.6,26.6,,,,,,
2016-03-22,34.75,23.41,91.1,57.05,13.46,4.0,,0.0,21.76,23.47,23.47,,,,,,
2016-03-23,36.4,22.68,90.0,44.55,10.14,4.0,,0.0,22.62,29.08,26.78,,,,,,
2016-03-24,30.35,24.55,87.9,67.86,5.426,4.0,,0.0,22.43,24.55,24.55,,,,,,
2016-03-25,29.39,23.37,90.8,71.8,6.98,4.0,,0.0,22.18,23.75,23.75,,,,,,
2016-03-26,26.3,22.26,93.4,89.7,3.472,4.0,,0.0,21.39,22.65,22.65,,,,,,
2016-03-27,34.54,22.62,93.1,61.02,20.75,4.0,,0.0,20.51,26.62,26.62,,,,,,
2016-03-28,35.45,23.54,86.6,40.38,23.22,4.0,,0.0,21.18,23.9,23.9,,,,,,
2016-03-29,34.4,20.04,90.4,40.24,22.75,4.0,,0.0,21.76,24.52,24.52,,,,,,
2016-03-30,35.17,21.59,92.8,46.04,20.54,4.0,,0.0,22.49,25.13,25.13,,,,,,
2016-03-31,33.51,23.32,92.9,56.11,11.15,4.0,,0.0,24.33,26.16,26.16,,,,,,
2016-04-01,34.45,24.01,91.6,60.7,8.77,4.0,,0.0,21.75,24.02,24.02,,,,,,
2016-04-02,34.98,22.43,90.5,54.85,18.14,4.0,,0.0,24.45,26.38,26.38,,,,,,
2016-04-03,35.08,24.95,92.0,55.1,19.19,4.0,,0.0,25.07,33.11,28.19,,,,,,
2016-04-04,38.33,25.68,90.6,50.14,20.07,4.0,,0.0,24.18,30.8,27.32,,,,,,
2016-04-05,28.48,25.65,88.8,79.25,0.127,4.0,,,23.64,26.25,26.25,,,,,,
2016-04-06,34.84,24.72,90.2,55.49,15.54,4.0,,,24.58,32.61,28.14,,,,,,
2016-04-07,35.77,25.96,89.5,51.5,19.5,4.0,,0.0,24.02,29.83,26.87,,,,,,
2016-04-08,39.79,24.51,90.3,44.51,20.15,4.0,,,24.71,31.92,27.72,,,,,,
2016-04-09,34.42,27.04,88.5,60.91,11.65,4.0,,,25.92,33.69,28.1,,,,,,
2016-04-10,37.57,24.86,90.5,53.95,17.09,4.0,,,27.21,37.21,29.06,,,,,,
2016-04-11,33.64,26.21,90.5,72.41,7.184,4.0,,,24.26,26.21,26.21,,,,,,
2016-04-12,30.18,24.26,90.8,71.11,5.755,4.0,,0.0,24.04,25.85,25.85,,,,,,
2016-04-13,34.1,25.28,90.5,63.16,10.7,4.0,,,25.44,31.15,27.13,,,,,,
2016-04-14,34.89,25.6,91.5,59.73,12.6,4.0,,,25.09,33.59,28.43,,,,,,
2016-04-15,33.85,24.74,90.4,65.25,8.89,4.0,,,24.99,30.57,26.99,,,,,,
2016-04-16,35.86,26.2,89.5,55.75,15.89,4.0,,0.0,26.06,35.82,29.08,,,,,,
2016-04-17,36.87,27.7,89.0,58.91,16.24,4.0,,0.0,26.73,38.5,30.04,,,,,,
2016-04-18,36.54,28.51,88.6,58.08,17.06,4.0,,,25.73,35.59,29.16,,,,,,
2016-04-19,38.82,26.58,89.4,49.89,17.74,4.0,,0.0,26.2,34.79,28.49,,,,,,
2016-04-20,37.6,25.6,90.1,51.12,17.5,4.0,,0.0,26.1,34.02,28.18,,,,,,
2016-04-21,39.42,25.6,90.6,39.69,17.72,4.0,,,24.91,32.18,27.78,,,,,,
2016-04-22,38.08,25.09,88.3,49.26,16.97,4.0,,0.0,25.79,34.82,28.72,,,,,,
2016-04-23,30.86,25.89,88.6,64.77,4.322,4.0,,0.0,23.98,26.26,26.26,,,,,,
2016-04-24,36.45,25.59,88.5,57.07,16.35,4.0,,0.0,26.24,36.34,29.24,,,,,,
2016-04-25,38.46,26.76,89.5,51.77,16.51,4.0,,0.0,26.14,35.11,28.68,,,,,,
2016-04-26,38.3,25.42,89.8,40.11,9.3,4.0,,0.0,19.49,28.14,26.83,,,,,,
2016-04-27,30.53,19.17,89.9,59.41,4.199,4.0,,0.0,17.67,19.36,19.36,,,,,,
2016-04-28,23.91,14.03,89.9,40.53,18.43,4.0,,0.0,6.931,14.41,14.41,,,,,,
2016-04-29,23.73,13.32,77.54,35.8,17.41,4.0,,,9.79,13.65,13.65,,,,,,
2016-04-30,24.72,12.0,85.5,45.92,10.81,4.0,,0.0,13.65,16.1,16.1,,,,,,
2016-05-01,24.15,14.74,86.9,37.4,17.92,4.0,,0.0,7.936,14.98,14.98,,,,,,
2016-05-02,28.62,11.9,79.78,34.29,18.56,4.0,,0.0,12.83,16.31,16.31,,,,,,
2016-05-03,29.5,13.91,86.8,39.53,17.86,4.0,,0.0,16.32,19.21,19.21,,,,,,
2016-05-04,26.24,16.96,87.4,63.43,7.602,4.0,,0.0,18.62,21.49,21.49,,,,,,
2016-05-05,30.88,19.62,88.2,48.81,13.02,4.0,,0.0,18.96,22.76,22.76,,,,,,
2016-05-06,29.36,20.98,84.8,57.32,10.38,4.0,,0.0,18.69,22.73,22.73,,,,,,
2016-05-07,23.14,20.5,88.6,77.58,2.172,4.0,,3.658,19.24,21.45,21.45,,,,,,
2016-05-08,29.36,21.19,88.4,56.06,9.21,4.0,,0.0,19.96,22.85,22.85,,,,,,
2016-05-09,30.58,21.98,87.8,52.61,8.05,4.0,,1.6,20.11,22.35,22.35,,,,,,
2016-05-10,27.98,21.91,88.6,68.47,5.612,4.0,,0.229,21.23,23.43,23.43,,,,,,
2016-05-11,30.85,22.15,89.1,57.2,8.29,4.0,,1.8290000000000002,20.75,22.96,22.96,,,,,,
2016-05-12,27.54,21.43,89.4,63.46,6.484,4.0,,0.229,18.69,21.91,21.91,,,,,,
2016-05-13,25.62,20.95,86.1,62.81,3.57,4.0,,0.0,18.01,21.01,21.01,,,,,,
2016-05-14,22.73,19.47,87.3,74.8,2.596,4.0,,0.0,18.1,20.45,20.45,,,,,,
2016-05-15,25.67,19.83,88.4,67.83,5.595,4.0,,0.686,19.09,21.11,21.11,,,,,,
2016-05-16,31.06,19.96,89.4,53.0,14.97,4.0,,9.19,20.68,22.58,22.58,,,,,,
2016-05-17,31.14,19.5,89.5,46.75,12.27,4.0,,3.886,13.06,19.77,19.77,,,,,,
2016-05-18,27.08,15.42,83.8,38.92,16.39,4.0,,0.0,12.87,15.58,15.58,,,,,,
2016-05-19,25.56,14.43,87.3,52.08,10.88,4.0,,0.0,13.33,18.31,18.31,,,,,,
2016-05-20,22.59,17.01,81.4,58.76,6.473,4.0,,0.0,14.93,18.17,18.17,,,,,,
2016-05-21,20.82,16.99,89.8,75.28,2.529,4.0,,29.49,16.64,18.4,18.4,,,,,,
2016-05-22,31.44,18.27,89.8,55.63,13.26,4.0,,7.315,17.94,20.36,20.36,,,,,,
2016-05-23,21.3,19.06,88.9,84.4,1.385,4.0,,30.25,17.46,19.38,19.38,,,,,,
2016-05-24,24.95,15.83,88.7,37.6,15.95,4.0,,0.229,11.44,17.14,17.14,,,,,,
2016-05-25,25.85,14.21,87.9,43.74,12.83,4.0,,0.914,16.18,18.21,18.21,,,,,,
2016-05-26,24.45,17.8,88.4,66.52,6.965,4.0,,1.143,17.62,19.78,19.78,,,,,,
2016-05-27,28.23,19.1,88.6,54.28,11.37,4.0,,0.229,18.77,21.04,21.04,,,,,,
2016-05-28,21.22,17.82,96.6,85.0,2.203,4.0,,17.6,16.79,18.81,18.81,,,,,,
2016-05-29,21.53,18.49,89.5,85.0,2.208,4.0,,2.286,18.85,21.05,21.05,,,,,,
2016-05-30,22.77,20.47,89.6,85.8,2.544,4.0,,5.029,18.68,20.6,20.6,,,,,,
2016-05-31,27.1,18.62,90.1,63.88,7.358,4.0,,0.0,19.07,21.22,21.22,,,,,,
2016-06-01,27.98,20.98,88.9,61.73,7.248,4.0,,0.457,18.65,21.3,21.3,,,,,,
2016-06-02,22.63,19.66,87.7,76.78,1.9380000000000002,4.0,,9.83,17.8,20.02,20.02,,,,,,
2016-06-03,25.98,18.06,87.5,60.15,7.75,4.0,,0.229,15.2,18.06,18.06,,,,,,
2016-06-04,26.08,15.48,87.1,50.25,8.43,4.0,,0.0,13.93,16.52,16.52,,,,,,
2016-06-05,21.36,15.65,86.3,66.6,4.976,4.0,,0.0,15.98,18.29,18.29,,,,,,
2016-06-06,20.12,16.9,87.2,78.13,1.623,4.0,,0.686,14.71,17.05,17.05,,,,,,
2016-06-07,17.71,16.26,87.2,82.7,1.446,4.0,,4.115,14.37,16.72,16.72,,,,,,
2016-06-08,25.01,13.97,86.4,39.45,13.39,4.0,,0.0,11.44,13.97,13.97,,,,,,
2016-06-09,26.14,11.92,85.2,31.53,14.55,4.0,,0.0,7.686,13.86,13.86,,,,,,
2016-06-10,23.99,11.23,76.15,25.87,14.36,4.0,,0.0,8.24,12.33,12.33,,,,,,
2016-06-11,23.27,8.83,83.0,35.02,13.33,4.0,,0.0,9.66,14.88,14.88,,,,,,
2016-06-12,22.27,10.34,80.3,26.94,14.87,4.0,,0.0,6.16,11.37,11.37,,,,,,
2016-06-13,24.79,9.23,74.89,23.82,14.87,4.0,,0.0,6.777,11.05,11.05,,,,,,
2016-06-14,23.91,9.68,76.79,34.59,14.27,4.0,,0.0,9.42,14.83,14.83,,,,,,
2016-06-15,27.64,14.25,80.4,40.47,11.8,4.0,,0.0,12.17,15.77,15.77,,,,,,
2016-06-16,26.37,13.45,85.6,47.59,12.0,4.0,,0.0,15.11,18.37,18.37,,,,,,
2016-06-17,27.31,17.09,84.5,52.22,9.36,4.0,,0.0,16.82,19.74,19.74,,,,,,
2016-06-18,25.49,17.81,85.9,70.21,4.389,4.0,,3.429,15.3,18.01,18.01,,,,,,
2016-06-19,18.17,14.72,94.7,70.77,1.798,4.0,,6.629,13.18,16.14,16.14,,,,,,
2016-06-20,18.7,15.34,84.6,68.72,3.041,4.0,,2.286,13.91,16.75,16.75,,,,,,
2016-06-21,18.96,13.83,95.1,61.6,2.879,4.0,,0.229,12.54,15.76,15.76,,,,,,
2016-06-22,17.54,14.27,85.0,80.1,2.598,4.0,,9.83,14.23,16.91,16.91,,,,,,
2016-06-23,19.88,16.61,86.0,81.6,2.218,4.0,,14.4,16.0,18.83,18.83,,,,,,
2016-06-24,27.76,14.73,97.4,51.47,11.92,4.0,,0.0,14.4,15.7,15.7,,,,,,
2016-06-25,20.59,14.69,96.4,64.16,5.688,4.0,,0.0,14.59,15.46,15.46,,,,,,
2016-06-26,24.24,13.14,97.6,60.4,10.64,4.0,,0.0,14.87,17.13,17.13,,,,,,
2016-06-27,26.38,16.04,90.0,55.79,5.413,4.0,,0.0,16.0,17.73,17.73,,,,,,
2016-06-28,27.57,16.69,92.8,48.16,12.72,4.0,,0.0,15.2,17.63,17.63,,,,,,
2016-06-29,24.18,15.56,89.2,63.7,6.27,4.0,,0.229,16.15,18.28,18.28,,,,,,
2016-06-30,14.43,13.93,99.2,97.8,0.0,4.0,,0.0,14.01,14.12,14.12,,,,,,
2016-07-01,17.38,13.76,99.3,83.0,2.809,4.0,,0.229,14.36,15.16,15.16,,,,,,
2016-07-02,16.44,14.51,98.0,89.0,1.8860000000000001,4.0,,0.0,14.12,14.88,14.88,,,,,,
2016-07-03,20.78,14.09,98.7,71.52,5.434,4.0,,0.0,14.56,14.76,14.76,,,,,,
2016-07-04,17.5,13.99,99.8,87.0,3.3,4.0,,0.0,14.93,15.17,15.17,,,,,,
2016-07-05,17.89,14.53,99.7,86.3,2.943,4.0,,0.0,15.39,15.65,15.65,,,,,,
2016-07-06,20.0,14.62,100.0,81.2,6.434,4.0,,0.0,15.66,15.66,15.66,,,,,,
2016-07-07,23.7,14.92,100.0,41.73,4.673,4.0,,0.457,5.359,17.67,17.67,,,,,,
2016-07-08,23.75,11.03,82.6,33.78,14.25,4.0,,0.0,9.01,12.68,12.68,,,,,,
2016-07-09,22.01,8.81,93.3,41.54,12.93,4.0,,0.0,11.45,12.57,12.57,,,,,,
2016-07-10,21.87,10.1,99.1,56.94,13.16,4.0,,0.0,14.06,14.8,14.8,,,,,,
2016-07-11,25.94,12.72,99.1,52.82,13.46,4.0,,0.0,15.11,15.55,15.55,,,,,,
2016-07-12,24.65,15.56,97.1,65.5,10.04,4.0,,0.0,15.41,16.59,16.59,,,,,,
2016-07-13,30.78,15.0,97.9,47.46,12.24,4.0,,0.0,16.05,17.96,17.96,,,,,,
2016-07-14,18.83,15.6,98.7,85.0,2.738,4.0,,5.944,15.99,16.21,16.21,,,,,,
2016-07-15,19.9,15.87,99.7,87.3,3.075,4.0,,3.658,17.15,17.31,17.31,,,,,,
2016-07-16,23.51,16.36,99.5,75.71,6.123,4.0,,3.2,15.89,16.36,16.36,,,,,,
2016-07-17,21.54,12.92,99.7,53.45,6.035,4.0,,47.09,5.116,13.08,13.08,,,,,,
2016-07-18,18.66,8.43,79.51,34.72,15.75,4.0,,0.0,4.056,8.47,3.33,,,,,,
2016-07-19,18.71,4.614,91.5,42.83,15.6,4.0,,0.0,7.925,10.43,10.43,,,,,,
2016-07-20,18.34,10.17,91.3,60.44,8.74,4.0,,0.0,11.34,12.83,12.83,,,,,,
2016-07-21,14.77,11.6,97.1,77.24,2.6109999999999998,4.0,,0.0,11.63,12.07,12.07,,,,,,
2016-07-22,16.34,11.58,97.6,71.15,4.777,4.0,,0.0,12.12,12.9,12.9,,,,,,
2016-07-23,20.16,12.17,97.9,59.61,10.27,4.0,,0.0,11.67,12.75,12.75,,,,,,
2016-07-24,21.68,10.07,99.2,54.35,14.12,4.0,,0.0,11.45,12.52,12.52,,,,,,
2016-07-25,27.36,9.26,99.5,46.34,14.97,4.0,,0.0,15.11,16.1,16.1,,,,,,
2016-07-26,24.59,13.18,99.2,55.89,14.76,4.0,,0.0,14.91,15.82,15.82,,,,,,
2016-07-27,25.24,15.43,97.9,51.02,10.61,4.0,,0.0,16.03,18.07,18.07,,,,,,
2016-07-28,23.44,13.04,96.3,35.29,16.56,4.0,,0.0,11.65,13.3,13.3,,,,,,
2016-07-29,17.14,12.77,96.8,66.72,5.393,4.0,,0.229,12.11,12.78,12.78,,,,,,
2016-07-30,14.12,11.46,97.9,85.3,2.715,4.0,,0.229,12.8,13.39,13.39,,,,,,
2016-07-31,23.29,13.23,97.1,62.38,11.21,4.0,,0.0,14.66,15.36,15.36,,,,,,
2016-08-01,25.47,15.21,96.8,58.37,15.29,4.0,,0.0,16.04,16.91,16.91,,,,,,
2016-08-02,31.26,16.03,98.3,43.43,14.89,4.0,,0.0,15.7,17.54,17.54,,,,,,
2016-08-03,17.53,14.49,96.6,72.11,2.969,4.0,,0.686,14.06,14.58,14.58,,,,,,
2016-08-04,19.42,13.69,99.0,79.09,4.752,4.0,,6.629,15.43,15.6,15.6,,,,,,
2016-08-05,19.25,17.91,95.2,88.1,0.145,4.0,,0.229,17.06,17.97,17.97,,,,,,
2016-08-06,24.46,16.42,98.9,64.2,7.907,4.0,,0.0,16.04,16.42,16.42,,,,,,
2016-08-07,29.92,15.1,99.8,57.85,12.15,4.0,,0.0,15.22,17.49,17.49,,,,,,
2016-08-08,18.02,14.51,97.5,69.07,2.23,4.0,,3.429,10.34,14.51,14.51,,,,,,
2016-08-09,14.51,11.64,99.8,73.37,1.343,4.0,,15.54,12.1,12.13,12.13,,,,,,
2016-08-10,22.0,12.01,99.9,69.79,8.63,4.0,,1.143,14.82,15.21,15.21,,,,,,
2016-08-11,22.44,11.33,99.8,36.88,17.11,4.0,,0.0,10.44,11.84,11.84,,,,,,
2016-08-12,23.7,9.0,95.7,42.36,16.46,4.0,,0.0,11.23,12.43,12.43,,,,,,
2016-08-13,23.25,9.18,98.2,43.36,18.39,4.0,,0.0,11.42,12.52,12.52,,,,,,
2016-08-14,23.19,9.34,98.6,53.53,18.58,4.0,,0.0,13.66,14.35,14.35,,,,,,
2016-08-15,28.94,11.91,99.2,29.87,16.46,4.0,,0.0,13.62,16.33,16.33,,,,,,
2016-08-16,20.66,13.95,97.5,72.36,3.17,4.0,,10.54,15.28,16.46,16.46,,,,,,
2016-08-17,29.19,14.01,97.7,40.47,16.47,4.0,,0.0,15.31,17.43,17.43,,,,,,
2016-08-18,27.66,14.15,99.0,55.61,11.14,4.0,,17.12,14.71,16.56,16.56,,,,,,
2016-08-19,17.43,13.87,96.7,71.34,2.57,4.0,,2.997,13.52,14.05,14.05,,,,,,
2016-08-20,15.42,13.14,100.0,96.0,2.15,4.0,,25.83,14.69,14.69,14.69,,,,,,
2016-08-21,17.55,14.68,100.0,87.6,1.263,4.0,,43.89,17.07,17.07,17.07,,,,,,
2016-08-22,17.13,10.69,100.0,82.9,5.006,4.0,,23.37,10.17,10.69,10.69,,,,,,
2016-08-23,21.08,7.571,99.6,36.43,20.43,4.0,,0.0,9.31,10.24,10.24,,,,,,
2016-08-24,22.59,6.914,99.7,42.19,20.3,4.0,,0.0,11.89,12.68,12.68,,,,,,
2016-08-25,22.89,10.24,98.5,62.66,17.47,4.0,,0.0,15.47,17.17,17.17,,,,,,
2016-08-26,25.72,15.57,97.2,51.48,13.07,4.0,,0.0,15.2,16.01,16.01,,,,,,
2016-08-27,19.69,13.07,100.0,83.7,5.074,4.0,,0.0,16.29,17.07,17.07,,,,,,
2016-08-28,27.02,16.12,96.8,51.21,17.89,4.0,,0.0,15.8,16.43,16.43,,,,,,
2016-08-29,28.92,14.33,99.9,52.56,17.04,4.0,,0.0,16.56,17.27,17.27,,,,,,
2016-08-30,23.95,16.14,97.6,70.5,14.75,4.0,,0.0,17.27,18.12,18.12,,,,,,
2016-08-31,20.92,17.67,99.6,87.8,3.497,4.0,,7.772,18.43,18.47,18.47,,,,,,
2016-09-01,27.86,17.65,99.7,40.09,18.91,4.0,,0.229,13.8,18.85,18.85,,,,,,
2016-09-02,23.83,14.25,95.8,63.26,11.49,4.0,,0.0,15.46,16.95,16.95,,,,,,
2016-09-03,18.66,16.14,98.3,83.7,4.098,4.0,,1.143,16.15,16.67,16.67,,,,,,
2016-09-04,17.48,16.44,99.9,95.3,1.9020000000000001,4.0,,28.57,17.4,17.4,17.4,,,,,,
2016-09-05,22.81,17.09,100.0,79.7,5.441,4.0,,10.29,17.21,17.25,17.25,,,,,,
2016-09-06,22.17,16.73,100.0,73.16,7.9030000000000005,4.0,,2.515,17.21,17.49,17.49,,,,,,
2016-09-07,28.6,16.54,99.6,41.53,16.03,4.0,,5.258,8.17,16.59,16.59,,,,,,
2016-09-08,25.54,11.27,78.62,33.79,22.82,4.0,,0.0,10.64,14.66,14.66,,,,,,
2016-09-09,25.67,12.3,92.4,39.88,20.62,4.0,,0.0,12.55,13.75,13.75,,,,,,
2016-09-10,25.06,12.92,96.1,48.06,17.23,4.0,,0.0,14.29,15.68,15.68,,,,,,
2016-09-11,24.57,14.59,97.2,65.74,11.67,4.0,,0.0,17.66,18.62,18.62,,,,,,
2016-09-12,27.38,17.16,99.4,50.54,20.27,4.0,,0.0,19.47,19.98,19.98,,,,,,
2016-09-13,24.91,19.4,98.8,71.48,8.05,4.0,,0.229,19.71,20.9,20.9,,,,,,
2016-09-14,35.89,20.02,97.6,26.35,8.11,4.0,,0.0,8.84,20.48,20.48,,,,,,
2016-09-15,30.01,16.53,55.51,17.06,23.72,4.0,,0.0,2.9,19.2,19.2,,,,,,
2016-09-16,26.59,13.41,82.3,30.92,23.44,4.0,,0.0,13.08,16.1,16.1,,,,,,
2016-09-17,22.73,15.18,88.9,60.56,11.18,4.0,,0.0,15.82,17.99,17.99,,,,,,
2016-09-18,25.65,16.27,95.9,60.46,13.13,4.0,,0.0,19.04,19.69,19.69,,,,,,
2016-09-19,22.77,17.25,98.7,70.37,4.734,4.0,,1.6,16.39,17.25,17.25,,,,,,
2016-09-20,23.13,15.4,96.8,69.83,8.01,4.0,,0.0,12.47,15.41,15.41,,,,,,
2016-09-21,26.03,12.4,96.3,31.95,23.93,4.0,,0.0,11.09,13.55,13.55,,,,,,
2016-09-22,25.51,12.41,94.3,49.18,16.69,4.0,,0.0,14.73,15.63,15.63,,,,,,
2016-09-23,23.31,14.69,97.2,60.46,11.1,4.0,,0.914,15.38,18.19,18.19,,,,,,
2016-09-24,27.76,16.69,94.1,38.02,18.24,4.0,,0.0,15.62,17.33,17.33,,,,,,
2016-09-25,19.48,13.66,97.4,74.69,4.942,4.0,,0.0,13.36,13.75,13.75,,,,,,
2016-09-26,16.82,13.47,98.5,79.07,3.814,4.0,,1.6,12.91,14.76,14.76,,,,,,
2016-09-27,25.92,13.11,97.1,46.46,21.87,4.0,,0.0,13.47,15.95,15.95,,,,,,
2016-09-28,25.56,14.04,90.5,47.1,21.83,4.0,,0.0,13.99,15.9,15.9,,,,,,
2016-09-29,26.28,14.29,95.7,48.67,24.23,4.0,,0.0,16.05,16.76,16.76,,,,,,
2016-09-30,25.7,15.81,97.6,40.47,18.79,4.0,,0.0,12.6,15.86,15.86,,,,,,
2016-10-01,18.13,14.66,96.8,65.89,4.495,4.0,,0.229,14.18,14.7,14.7,,,,,,
2016-10-02,19.74,14.45,98.8,81.2,6.85,4.0,,2.972,15.16,15.82,15.82,,,,,,
2016-10-03,23.01,15.17,97.9,50.93,10.39,4.0,,0.229,14.97,16.63,16.63,,,,,,
2016-10-04,19.92,15.07,98.6,86.5,6.416,4.0,,1.6,17.14,17.39,17.39,,,,,,
2016-10-05,24.43,15.08,99.6,68.17,11.39,4.0,,5.029,15.24,15.36,15.36,,,,,,
2016-10-06,19.94,15.06,99.7,82.6,7.304,4.0,,4.115,15.94,16.4,16.4,,,,,,
2016-10-07,18.3,14.39,99.4,82.4,5.551,4.0,,35.66,14.38,14.71,14.71,,,,,,
2016-10-08,22.51,14.38,98.9,69.12,9.01,4.0,,2.057,16.35,16.56,16.56,,,,,,
2016-10-09,26.38,14.81,99.9,57.26,21.45,4.0,,0.229,12.55,17.27,17.27,,,,,,
2016-10-10,21.65,15.89,85.9,59.51,11.37,4.0,,0.0,13.82,16.45,16.45,,,,,,
2016-10-11,22.81,15.81,89.5,58.87,12.19,4.0,,0.0,15.07,17.44,17.44,,,,,,
2016-10-12,21.88,15.82,97.5,73.03,5.23,4.0,,1.8290000000000002,17.84,18.22,18.22,,,,,,
2016-10-13,25.59,17.63,99.5,63.85,13.73,4.0,,12.14,19.21,19.38,19.38,,,,,,
2016-10-14,23.02,19.02,99.5,77.39,4.377,4.0,,22.07,17.84,20.53,20.53,,,,,,
2016-10-15,27.18,18.71,93.5,64.87,10.06,4.0,,0.0,17.48,18.91,18.91,,,,,,
2016-10-16,23.75,17.95,98.7,75.71,8.36,4.0,,0.0,19.73,19.93,19.93,,,,,,
2016-10-17,28.31,19.66,99.4,69.42,18.63,4.0,,8.08,20.3,20.68,20.68,,,,,,
2016-10-18,31.81,19.82,97.7,60.66,16.48,4.0,,2.972,18.96,20.21,20.21,,,,,,
2016-10-19,29.54,20.14,97.9,56.92,18.49,4.0,,2.972,20.05,20.42,20.42,,,,,,
2016-10-20,26.85,19.58,99.0,72.1,7.643,4.0,,23.95,20.07,20.59,20.59,,,,,,
2016-10-21,35.21,19.38,98.7,51.92,19.51,4.0,,35.15,18.64,19.73,19.73,,,,,,
2016-10-22,19.82,17.23,94.5,78.26,3.601,4.0,,0.0,15.47,17.47,17.47,,,,,,
2016-10-23,23.46,16.5,94.4,48.98,12.18,4.0,,0.0,16.48,18.23,18.23,,,,,,
2016-10-24,24.95,16.55,98.5,68.34,12.26,4.0,,0.457,18.85,20.1,20.1,,,,,,
2016-10-25,26.11,19.48,99.0,69.96,10.11,4.0,,1.8290000000000002,20.66,20.8,20.8,,,,,,
2016-10-26,21.38,19.94,99.7,97.5,2.391,4.0,,39.55,20.33,20.36,20.36,,,,,,
2016-10-27,21.71,21.33,100.0,99.7,0.0,4.0,,0.229,21.32,21.33,21.33,,,,,,
2016-10-28,31.06,18.71,100.0,32.21,22.69,4.0,,0.0,7.018,18.71,18.71,,,,,,
2016-10-29,25.88,14.69,81.3,29.94,29.3,4.0,,0.0,13.03,16.24,16.24,,,,,,
2016-10-30,24.41,13.37,92.7,47.23,20.43,4.0,,0.0,14.27,16.56,16.56,,,,,,
2016-10-31,25.2,15.42,92.1,47.66,21.64,4.0,,0.0,16.37,18.31,18.31,,,,,,
2016-11-01,24.83,17.38,96.4,65.57,9.71,4.0,,0.0,18.59,19.96,19.96,,,,,,
2016-11-02,26.79,19.11,97.7,66.0,11.0,4.0,,0.0,20.0,20.78,20.78,,,,,,
2016-11-03,30.93,19.02,99.5,43.94,14.1,4.0,,0.229,18.02,20.88,20.88,,,,,,
2016-11-04,22.03,15.98,94.1,61.8,9.63,4.0,,0.229,14.66,17.65,17.65,,,,,,
2016-11-05,26.72,15.62,97.6,55.83,18.78,4.0,,0.0,17.66,19.77,19.77,,,,,,
2016-11-06,27.88,17.8,95.0,54.91,23.41,4.0,,0.0,17.41,20.61,20.61,,,,,,
2016-11-07,25.52,19.11,95.7,67.45,9.5,4.0,,0.0,19.27,20.05,20.05,,,,,,
2016-11-08,28.67,18.99,98.6,59.05,16.41,4.0,,0.0,20.3,21.08,21.08,,,,,,
2016-11-09,29.92,20.18,97.4,53.79,24.17,4.0,,0.0,21.06,22.33,22.33,,,,,,
2016-11-10,22.47,19.88,98.7,91.2,3.969,4.0,,14.86,19.5,19.92,19.92,,,,,,
2016-11-11,34.7,18.71,99.4,34.34,29.44,4.0,,0.0,18.82,21.08,21.08,,,,,,
2016-11-12,31.89,18.58,96.6,45.67,22.05,4.0,,0.0,9.76,18.89,18.89,,,,,,
2016-11-13,23.26,14.36,92.7,48.31,12.22,4.0,,1.3719999999999999,15.03,17.71,17.71,,,,,,
2016-11-14,22.29,16.7,94.6,70.69,6.029,4.0,,0.0,17.07,18.31,18.31,,,,,,
2016-11-15,27.75,17.89,94.9,59.21,13.88,4.0,,0.0,20.21,21.21,21.21,,,,,,
2016-11-16,26.85,20.39,98.8,70.72,13.78,4.0,,2.286,20.18,20.48,20.48,,,,,,
2016-11-17,29.13,19.5,98.9,58.0,12.64,4.0,,17.63,20.16,20.35,20.35,,,,,,
2016-11-18,28.13,16.31,99.4,63.04,19.01,4.0,,11.89,16.05,16.67,16.67,,,,,,
2016-11-19,26.29,15.58,97.3,27.88,31.2,4.0,,0.0,11.7,15.71,15.71,,,,,,
2016-11-20,25.28,13.78,87.2,36.71,18.73,4.0,,0.0,14.31,16.61,16.61,,,,,,
2016-11-21,26.55,14.07,96.5,45.9,29.17,4.0,,0.0,15.46,19.02,19.02,,,,,,
2016-11-22,29.22,15.44,95.7,49.03,28.57,4.0,,0.0,18.02,21.0,21.0,,,,,,
2016-11-23,23.16,18.62,97.8,66.88,5.087,4.0,,1.3719999999999999,18.36,18.71,18.71,,,,,,
2016-11-24,23.8,17.38,99.0,75.53,7.691,4.0,,2.743,15.3,19.35,19.35,,,,,,
2016-11-25,26.58,17.87,91.6,47.52,15.65,4.0,,0.0,16.95,19.98,19.98,,,,,,
2016-11-26,24.74,18.29,97.3,69.57,7.864,4.0,,0.229,20.08,20.56,20.56,,,,,,
2016-11-27,25.82,20.15,99.9,78.2,9.22,4.0,,1.6,20.66,22.02,22.02,,,,,,
2016-11-28,26.5,21.1,98.3,73.69,8.54,4.0,,0.457,21.57,22.21,22.21,,,,,,
2016-11-29,33.74,21.24,98.5,55.98,19.96,4.0,,5.5120000000000005,20.57,21.29,21.29,,,,,,
2016-11-30,22.77,17.16,98.5,70.12,4.87,4.0,,6.858,16.95,18.95,18.95,,,,,,
2016-12-01,25.24,16.56,96.9,60.3,10.63,4.0,,0.0,15.44,17.06,17.06,,,,,,
2016-12-02,27.26,14.81,97.8,31.4,22.04,4.0,,0.229,18.11,18.74,18.74,,,,,,
2016-12-03,24.33,18.4,98.1,79.62,9.65,4.0,,2.057,19.87,21.34,21.34,,,,,,
2016-12-04,25.54,20.7,97.7,75.46,6.453,4.0,,5.715,20.27,24.35,24.35,,,,,,
2016-12-05,26.68,18.03,93.9,66.71,11.91,4.0,,0.229,16.95,18.47,18.47,,,,,,
2016-12-06,31.31,15.64,94.7,37.29,30.61,4.0,,0.0,17.44,20.14,20.14,,,,,,
2016-12-07,31.87,17.06,95.9,34.18,29.21,4.0,,0.0,17.37,20.36,20.36,,,,,,
2016-12-08,30.96,19.4,94.2,49.71,18.44,4.0,,1.3719999999999999,20.87,21.83,21.83,,,,,,
2016-12-09,24.93,20.33,98.7,81.6,4.458,4.0,,13.61,20.6,20.8,20.8,,,,,,
2016-12-10,22.05,19.68,99.4,92.0,3.109,4.0,,10.74,19.61,19.76,19.76,,,,,,
2016-12-11,23.27,19.38,99.8,92.0,5.195,4.0,,5.258,21.49,21.53,21.53,,,,,,
2016-12-12,33.09,20.13,100.0,54.33,15.0,4.0,,0.0,18.27,21.05,21.05,,,,,,
2016-12-13,26.44,20.05,94.9,63.9,12.0,4.0,,0.0,20.06,21.16,21.16,,,,,,
2016-12-14,36.89,20.64,96.3,39.65,28.44,4.0,,5.74,21.51,22.25,22.25,,,,,,
2016-12-15,25.24,18.11,98.7,63.75,6.121,4.0,,0.914,16.62,18.11,18.11,,,,,,
2016-12-16,21.68,17.4,94.9,54.8,5.933,4.0,,0.0,15.99,18.17,18.17,,,,,,
2016-12-17,22.77,16.71,98.5,77.85,7.703,4.0,,10.29,18.91,19.15,19.15,,,,,,
2016-12-18,24.13,18.92,99.7,77.27,7.217,4.0,,21.26,20.57,20.96,20.96,,,,,,
2016-12-19,29.07,20.31,99.2,63.97,18.38,4.0,,0.686,21.25,22.18,22.18,,,,,,
2016-12-20,32.09,21.11,98.8,59.28,27.15,4.0,,0.0,22.43,23.41,23.41,,,,,,
2016-12-21,30.38,21.14,99.0,66.86,7.39,4.0,,25.2,21.42,21.6,21.6,,,,,,
2016-12-22,30.08,20.86,99.7,65.74,11.78,4.0,,14.33,21.96,22.19,22.19,,,,,,
2016-12-23,28.84,21.41,99.9,67.22,9.81,4.0,,0.457,23.16,23.81,23.81,,,,,,
2016-12-24,34.5,21.66,98.4,48.71,15.21,4.0,,3.9370000000000003,22.29,23.15,23.15,,,,,,
2016-12-25,34.33,21.89,98.4,47.45,16.42,4.0,,0.457,21.17,22.35,22.35,,,,,,
2016-12-26,31.67,21.63,98.2,63.19,18.64,4.0,,0.229,22.93,24.58,24.58,,,,,,
2016-12-27,34.09,22.93,98.0,60.81,27.84,4.0,,0.0,24.66,25.95,25.95,,,,,,
2016-12-28,38.37,22.49,97.8,46.61,25.53,4.0,,48.39,23.28,24.21,24.21,,,,,,
2016-12-29,30.33,23.38,97.8,71.48,8.31,4.0,,0.0,24.19,25.27,25.27,,,,,,
2016-12-30,32.42,24.45,97.1,67.45,13.71,4.0,,0.914,23.17,24.6,24.6,,,,,,
2016-12-31,31.89,23.72,98.0,67.22,11.16,4.0,,0.686,24.31,25.27,25.27,,,,,,
2017-01-01,32.05,23.34,98.4,61.91,14.1,4.0,,13.97,22.92,23.41,23.41,,,,,,
2017-01-10,35.42,23.22,97.6,57.1,21.46,4.0,,0.457,21.94,25.61,25.61,,,,,,
2017-01-11,35.56,23.19,95.6,54.39,18.12,4.0,,1.6,22.93,23.71,23.71,,,,,,
2017-01-12,32.74,23.11,97.4,56.22,14.25,4.0,,1.3719999999999999,22.15,23.11,23.11,,,,,,
2017-01-13,32.06,22.31,96.4,48.06,24.34,4.0,,0.229,20.12,23.51,23.51,,,,,,
2017-01-14,31.97,19.45,97.6,46.22,30.27,4.0,,0.0,21.01,23.49,23.49,,,,,,
2017-01-15,34.2,21.1,97.1,45.28,29.37,4.0,,0.0,23.58,25.44,25.44,,,,,,
2017-01-16,34.84,23.45,98.2,41.76,27.59,4.0,,0.0,23.2,25.5,25.5,,,,,,
2017-01-17,33.72,22.15,98.6,44.77,20.78,4.0,,17.83,22.04,22.27,22.27,,,,,,
2017-01-18,32.23,22.21,99.3,66.12,15.73,4.0,,7.976,21.89,22.7,22.7,,,,,,
2017-01-19,36.27,22.29,98.8,48.15,21.65,4.0,,80.3,22.06,22.72,22.72,,,,,,
2017-01-20,31.73,22.44,98.6,54.54,21.54,4.0,,2.515,19.83,22.89,22.89,,,,,,
2017-01-21,31.33,20.05,93.5,52.85,18.1,4.0,,0.0,21.02,22.65,22.65,,,,,,
2017-01-22,32.42,21.17,94.1,49.78,26.7,4.0,,0.0,21.21,22.71,22.71,,,,,,
2017-01-23,30.53,21.77,97.4,60.55,12.77,4.0,,2.108,21.27,21.83,21.83,,,,,,
2017-01-24,31.42,21.27,98.7,60.77,19.17,4.0,,3.429,22.68,23.31,23.31,,,,,,
2017-01-25,33.5,21.53,99.2,55.47,24.67,4.0,,0.914,23.13,24.22,24.22,,,,,,
2017-01-26,33.27,23.14,99.0,55.32,10.41,4.0,,17.98,23.13,23.29,23.29,,,,,,
2017-01-27,31.65,19.78,99.3,56.27,16.77,4.0,,38.38,20.41,20.52,20.52,,,,,,
2017-01-28,26.38,20.38,99.3,63.07,10.17,4.0,,,20.87,21.28,21.28,,,,,,
2017-01-29,22.8,20.14,99.6,91.4,5.26,4.0,,12.57,20.85,21.01,21.01,,,,,,
2017-01-30,30.86,20.76,99.9,68.19,14.75,4.0,,15.82,22.59,22.91,22.91,,,,,,
2017-01-31,29.45,21.0,99.6,72.43,9.95,4.0,,115.3,22.26,22.37,22.37,,,,,,
2017-02-01,25.8,21.08,99.9,90.2,5.542,4.0,,59.79,21.42,21.42,21.42,,,,,,
2017-02-02,30.03,20.85,100.0,68.41,10.55,4.0,,18.08,21.51,21.61,21.61,,,,,,
2017-02-03,31.32,21.29,100.0,62.05,16.03,4.0,,2.286,23.21,23.89,23.89,,,,,,
2017-02-04,31.02,22.44,98.8,68.65,12.07,4.0,,3.2,22.26,22.46,22.46,,,,,,
2017-02-05,35.01,21.65,99.9,47.65,27.86,4.0,,0.229,23.88,24.51,24.51,,,,,,
2017-02-06,34.4,22.9,99.2,55.47,27.68,4.0,,0.0,23.83,24.97,24.97,,,,,,
2017-02-07,34.31,23.77,97.3,55.66,19.68,4.0,,0.229,22.15,25.2,25.2,,,,,,
2017-02-08,26.98,22.38,91.8,68.31,6.085,4.0,,0.0,20.68,22.38,22.38,,,,,,
2017-02-09,27.09,21.25,96.9,71.88,7.142,4.0,,0.229,21.18,21.71,21.71,,,,,,
2017-02-10,28.93,21.31,98.6,61.02,11.18,4.0,,0.229,21.98,23.17,23.17,,,,,,
2017-02-11,31.56,21.6,97.9,43.71,24.37,4.0,,0.229,20.77,23.08,23.08,,,,,,
2017-02-12,32.05,21.37,98.4,61.42,17.32,4.0,,17.37,21.51,21.88,21.88,,,,,,
2017-02-13,31.12,21.65,99.3,68.59,12.22,4.0,,31.72,22.23,22.37,22.37,,,,,,
2017-02-14,30.3,21.85,99.7,63.89,12.24,4.0,,1.8290000000000002,24.54,24.88,24.88,,,,,,
2017-02-15,31.85,24.33,99.4,64.36,15.58,4.0,,0.229,24.35,25.38,25.38,,,,,,
2017-02-16,34.29,23.36,98.7,55.39,19.99,4.0,,0.0,24.25,25.24,25.24,,,,,,
2017-02-17,34.38,24.21,97.9,54.36,25.39,4.0,,0.0,23.46,24.77,24.77,,,,,,
2017-02-18,33.3,22.79,99.4,54.22,25.87,4.0,,0.0,21.65,24.7,24.7,,,,,,
2017-02-19,34.58,22.58,93.4,54.57,24.6,4.0,,0.0,24.01,26.25,26.25,,,,,,
2017-02-20,34.38,23.86,96.3,55.59,24.27,4.0,,0.0,23.16,25.99,25.99,,,,,,
2017-02-21,33.52,23.07,97.4,55.76,18.8,4.0,,0.0,23.6,25.29,25.29,,,,,,
2017-02-22,32.82,23.15,97.7,53.47,26.47,4.0,,0.457,22.45,24.95,24.95,,,,,,
2017-02-23,33.02,22.44,96.5,56.34,20.63,4.0,,0.0,23.05,24.65,24.65,,,,,,
2017-02-24,35.24,19.75,98.9,51.76,16.3,4.0,,68.73,20.77,21.59,21.59,,,,,,
2017-02-25,33.06,21.13,96.8,51.77,14.32,4.0,,0.0,22.74,24.0,24.0,,,,,,
2017-02-26,32.52,22.16,97.1,58.91,16.09,4.0,,0.0,22.94,23.64,23.64,,,,,,
2017-02-27,31.16,22.88,98.1,64.18,13.73,4.0,,0.0,22.62,23.64,23.64,,,,,,
2017-02-28,32.43,22.1,99.0,55.08,17.82,4.0,,0.0,23.02,23.89,23.89,,,,,,
2017-03-01,33.62,22.47,98.5,54.48,24.19,4.0,,6.071,21.74,22.96,22.96,,,,,,
2017-03-02,34.63,21.47,98.4,52.18,14.97,4.0,,21.69,21.69,22.53,22.53,,,,,,
2017-03-03,32.76,21.81,97.9,52.2,16.58,4.0,,0.0,23.0,23.87,23.87,,,,,,
2017-03-04,34.52,22.59,98.1,56.75,14.58,4.0,,28.6,22.97,23.55,23.55,,,,,,
2017-03-05,34.72,21.97,99.2,57.27,22.58,4.0,,17.14,24.02,24.26,24.26,,,,,,
2017-03-06,33.28,23.47,99.1,63.93,12.75,4.0,,23.09,22.75,23.48,23.48,,,,,,
2017-03-07,31.83,22.73,98.4,60.74,17.88,4.0,,2.515,22.35,23.14,23.14,,,,,,
2017-03-08,31.58,22.11,98.7,59.65,16.6,4.0,,0.229,22.46,23.34,23.34,,,,,,
2017-03-09,28.78,22.11,98.4,69.41,10.24,4.0,,10.52,22.18,22.94,22.94,,,,,,
2017-03-10,30.45,22.11,98.1,72.2,15.32,4.0,,0.457,24.01,25.38,25.38,,,,,,
2017-03-11,33.26,23.88,99.2,67.54,12.96,4.0,,0.457,23.07,25.08,25.08,,,,,,
2017-03-12,28.03,23.27,92.2,68.02,5.958,4.0,,0.0,21.91,23.45,23.45,,,,,,
2017-03-13,34.7,22.34,96.4,54.94,19.21,4.0,,10.13,21.87,22.53,22.53,,,,,,
2017-03-14,29.9,20.31,98.8,41.15,21.41,4.0,,0.0,19.15,21.04,21.04,,,,,,
2017-03-15,28.19,20.6,92.3,57.87,12.26,4.0,,0.0,20.3,23.22,23.22,,,,,,
2017-03-16,28.3,21.5,96.2,75.31,7.844,4.0,,0.229,22.81,23.75,23.75,,,,,,
2017-03-17,32.1,20.54,99.1,56.93,15.53,4.0,,12.4,21.04,21.64,21.64,,,,,,
2017-03-18,22.29,19.77,99.3,88.6,3.314,4.0,,24.23,19.29,20.02,20.02,,,,,,
2017-03-19,24.66,19.02,95.6,61.6,8.73,4.0,,0.0,18.69,19.55,19.55,,,,,,
2017-03-20,21.19,18.18,99.3,93.7,6.096,4.0,,12.12,18.14,18.3,18.3,,,,,,
2017-03-21,26.86,18.03,99.7,68.16,10.51,4.0,,10.52,18.26,18.5,18.5,,,,,,
2017-03-22,23.57,18.28,99.8,84.0,9.55,4.0,,13.74,19.35,19.65,19.65,,,,,,
2017-03-23,28.75,19.17,99.7,66.4,12.84,4.0,,5.309,20.33,20.5,20.5,,,,,,
2017-03-24,29.19,19.97,99.7,60.27,16.52,4.0,,7.087,19.88,20.26,20.26,,,,,,
2017-03-25,30.43,19.49,99.4,56.7,19.66,4.0,,2.286,18.38,19.55,19.55,,,,,,
2017-03-26,30.66,18.1,99.4,52.04,22.4,4.0,,1.8290000000000002,20.84,21.47,21.47,,,,,,
2017-03-27,28.5,20.06,98.8,61.88,14.13,4.0,,5.055,21.01,21.35,21.35,,,,,,
2017-03-28,24.04,19.63,99.4,85.9,5.016,4.0,,23.32,19.51,19.7,19.7,,,,,,
2017-03-29,27.68,19.14,99.6,68.99,12.26,4.0,,26.34,19.74,19.92,19.92,,,,,,
2017-03-30,23.29,18.81,99.2,75.27,8.56,4.0,,4.572,18.86,19.2,19.2,,,,,,
2017-03-31,26.93,18.31,99.4,59.74,11.99,4.0,,3.226,18.54,19.21,19.21,,,,,,
2017-04-01,28.01,18.2,99.3,46.46,18.26,4.0,,5.258,17.0,18.29,18.29,,,,,,
2017-04-02,27.17,17.39,98.5,54.27,13.09,4.0,,6.629,18.01,18.76,18.76,,,,,,
2017-04-03,25.57,18.1,99.2,74.12,10.88,4.0,,7.5440000000000005,19.75,19.88,19.88,,,,,,
2017-04-04,28.91,19.52,100.0,61.68,15.32,4.0,,1.6,20.55,21.09,21.09,,,,,,
2017-04-05,29.28,19.88,99.4,60.84,15.22,4.0,,0.0,21.68,23.53,23.53,,,,,,
2017-04-06,25.96,21.67,99.4,81.2,4.534,4.0,,6.629,22.02,22.1,22.1,,,,,,
2017-04-07,23.58,20.04,99.4,87.1,3.759,4.0,,5.486,19.84,20.08,20.08,,,,,,
2017-04-08,23.51,19.15,99.9,88.6,3.2439999999999998,4.0,,13.03,20.84,20.84,20.84,,,,,,
2017-04-09,23.59,20.65,100.0,98.3,3.834,4.0,,37.52,22.4,22.4,22.4,,,,,,
2017-04-10,28.95,21.8,100.0,68.95,11.8,4.0,,2.743,22.22,22.35,22.35,,,,,,
2017-04-11,30.88,21.93,99.9,67.81,14.43,4.0,,3.658,23.4,23.86,23.86,,,,,,
2017-04-12,33.13,20.93,99.3,60.4,14.62,4.0,,41.63,20.4,21.12,21.12,,,,,,
2017-04-13,27.38,18.74,95.6,53.12,12.22,4.0,,0.0,15.65,18.83,18.83,,,,,,
2017-04-14,25.18,17.88,91.5,63.03,8.38,4.0,,0.0,18.0,19.94,19.94,,,,,,
2017-04-15,28.78,18.34,98.4,51.2,18.85,4.0,,0.0,19.39,20.64,20.64,,,,,,
2017-04-16,30.17,18.71,98.7,54.99,18.13,4.0,,0.0,21.79,22.58,22.58,,,,,,
2017-04-17,27.72,19.54,99.4,70.86,8.66,4.0,,12.12,19.34,19.66,19.66,,,,,,
2017-04-18,26.88,18.37,98.6,64.77,6.898,4.0,,0.914,18.21,18.43,18.43,,,,,,
2017-04-19,26.2,18.25,99.2,64.67,10.7,4.0,,0.686,18.18,18.82,18.82,,,,,,
2017-04-20,27.01,17.65,99.6,54.81,16.57,4.0,,8.0,18.69,18.88,18.88,,,,,,
2017-04-21,27.64,18.07,99.9,61.73,12.48,4.0,,3.429,20.87,22.15,22.15,,,,,,
2017-04-22,28.13,20.56,99.5,73.68,8.61,4.0,,4.801,19.48,20.72,20.72,,,,,,
2017-04-23,26.67,17.93,96.8,53.85,8.22,4.0,,4.343,16.7,18.43,18.43,,,,,,
2017-04-24,27.32,14.88,96.1,51.68,13.9,4.0,,0.0,17.47,18.44,18.44,,,,,,
2017-04-25,27.24,17.88,99.1,62.41,13.49,4.0,,0.229,19.77,21.59,21.59,,,,,,
2017-04-26,27.52,19.12,98.1,66.78,9.64,4.0,,0.0,21.02,22.85,22.85,,,,,,
2017-04-27,25.49,18.32,98.8,58.94,4.315,4.0,,10.16,12.07,19.28,19.28,,,,,,
2017-04-28,24.09,12.94,89.4,35.12,19.55,4.0,,0.0,11.26,12.95,12.95,,,,,,
2017-04-29,25.4,10.13,95.3,45.54,18.78,4.0,,0.0,13.62,14.37,14.37,,,,,,
2017-04-30,26.02,11.63,98.6,44.16,18.67,4.0,,0.0,13.44,14.45,14.45,,,,,,
2017-05-01,26.34,12.16,97.5,51.72,16.11,4.0,,0.0,15.89,16.81,16.81,,,,,,
2017-05-02,21.8,15.69,98.2,82.1,4.944,4.0,,0.0,18.28,18.55,18.55,,,,,,
2017-05-03,25.11,17.85,99.2,72.91,7.99,4.0,,3.886,18.66,18.85,18.85,,,,,,
2017-05-04,26.98,17.71,99.9,60.25,12.44,4.0,,0.229,18.7,19.06,19.06,,,,,,
2017-05-05,25.34,17.37,100.0,68.0,7.703,4.0,,4.115,19.57,19.7,19.7,,,,,,
2017-05-06,27.98,19.0,100.0,63.52,12.87,4.0,,2.286,19.74,20.92,20.92,,,,,,
2017-05-07,28.3,18.63,99.4,56.53,11.64,4.0,,0.0,19.33,19.73,19.73,,,,,,
2017-05-08,27.02,18.32,99.7,61.84,9.74,4.0,,1.8290000000000002,19.15,19.62,19.62,,,,,,
2017-05-09,27.56,18.74,100.0,61.6,14.74,4.0,,2.972,18.76,19.49,19.49,,,,,,
2017-05-10,29.37,17.05,99.9,57.35,12.6,4.0,,0.0,18.9,20.67,20.67,,,,,,
2017-05-11,23.15,19.15,91.9,70.04,3.791,4.0,,0.0,16.18,19.15,19.15,,,,,,
2017-05-12,21.67,17.11,91.0,65.98,4.827,4.0,,0.0,15.26,17.15,17.15,,,,,,
2017-05-13,25.09,16.17,97.1,64.19,12.31,4.0,,0.0,17.19,19.88,19.88,,,,,,
2017-05-14,27.54,16.81,97.5,58.09,15.41,4.0,,0.457,19.34,19.99,19.99,,,,,,
2017-05-15,27.84,17.73,99.6,45.08,16.42,4.0,,4.343,14.34,17.73,17.73,,,,,,
2017-05-16,26.81,14.76,86.9,42.04,16.43,4.0,,0.0,15.41,18.29,18.29,,,,,,
2017-05-17,25.22,16.18,95.2,58.57,9.53,4.0,,0.0,16.54,17.48,17.48,,,,,,
2017-05-18,25.93,16.12,98.9,57.66,12.43,4.0,,1.8290000000000002,18.06,18.37,18.37,,,,,,
2017-05-19,20.26,17.74,99.5,88.1,1.474,4.0,,48.89,18.63,18.73,18.73,,,,,,
2017-05-20,18.81,17.63,100.0,97.9,1.7810000000000001,4.0,,84.4,18.41,18.41,18.41,,,,,,
2017-05-21,23.77,18.41,100.0,82.1,6.662,4.0,,10.74,19.66,19.82,19.82,,,,,,
2017-05-22,20.9,19.02,100.0,97.6,1.888,4.0,,2.972,19.25,19.25,19.25,,,,,,
2017-05-23,20.68,14.77,98.0,71.75,0.078,4.0,,0.0,14.4,14.81,14.81,,,,,,
2017-05-24,24.39,13.41,99.1,64.17,9.44,4.0,,0.0,17.7,18.11,18.11,,,,,,
2017-05-25,25.1,17.69,99.9,70.48,6.516,4.0,,1.6,18.74,18.9,18.9,,,,,,
2017-05-26,28.29,18.13,100.0,64.21,11.2,4.0,,0.0,20.02,20.71,20.71,,,,,,
2017-05-27,25.46,21.29,98.6,83.6,0.056,6.499999999999999,233.0,5.969,20.85,21.29,21.29,,,,,,
2017-05-28,21.45,18.98,100.0,97.3,0.996,5.738888888888889,195.0,42.34,19.0,19.0,19.0,,,,,,
2017-05-29,19.38,18.01,100.0,98.8,2.212,5.088888888888889,230.0,12.12,18.63,18.62,18.62,,,,,,
2017-05-30,25.85,18.11,100.0,76.0,7.676,3.5888888888888886,247.0,6.172,19.33,19.47,19.47,,,,,,
2017-05-31,18.23,16.46,100.0,98.8,1.959,4.1305555555555555,273.0,15.09,16.5,16.5,16.5,,,,,,
2017-06-01,19.27,16.44,100.0,99.4,1.752,9.180555555555555,211.0,55.63,16.67,16.68,16.68,,,,,,
2017-06-02,25.06,15.83,100.0,44.61,14.09,11.7,259.0,1.8290000000000002,11.63,15.96,15.96,,,,,,
2017-06-03,25.54,14.06,90.9,48.24,13.39,5.719444444444444,233.0,0.0,16.31,17.81,17.81,,,,,,
2017-06-04,24.51,16.08,98.6,64.64,11.86,5.719444444444444,64.0,0.457,16.94,17.57,17.57,,,,,,
2017-06-05,23.4,15.92,99.7,71.8,6.667,7.788888888888889,212.0,15.14,18.68,18.74,18.74,,,,,,
2017-06-06,22.09,18.31,100.0,88.7,3.421,5.561111111111111,230.0,21.72,18.88,18.88,18.88,,,,,,
2017-06-07,20.29,18.4,100.0,97.8,1.9180000000000001,9.080555555555554,231.0,15.09,19.5,19.5,19.5,,,,,,
2017-06-08,20.72,18.99,100.0,90.7,2.421,3.0694444444444446,54.0,0.457,19.21,19.21,19.21,,,,,,
2017-06-09,22.96,19.18,90.9,55.8,0.053,10.6,284.0,0.0,15.35,19.48,19.48,,,,,,
2017-06-10,22.52,11.77,93.7,44.49,5.591,20.930555555555554,228.0,0.0,4.5600000000000005,11.85,11.85,,,,,,
2017-06-11,20.96,8.24,93.4,42.45,14.54,7.5,232.0,0.0,9.89,10.98,10.98,,,,,,
2017-06-12,23.25,8.47,100.0,46.11,14.29,4.188888888888889,50.0,0.0,11.95,12.76,12.76,,,,,,
2017-06-13,25.56,10.34,99.2,46.94,12.03,5.361111111111112,200.0,0.0,12.7,13.69,13.69,,,,,,
2017-06-14,23.53,12.42,97.9,59.99,7.843,4.0,217.0,0.0,14.98,15.36,15.36,,,,,,
2017-06-15,24.67,11.94,100.0,56.22,11.24,3.5805555555555557,213.0,0.0,17.18,17.59,17.59,,,,,,
2017-06-16,25.46,17.41,97.6,62.49,8.64,3.05,88.0,0.0,,,,,,,,,
2017-06-17,25.68,17.28,100.0,62.25,10.48,3.8499999999999996,43.0,0.0,17.3,17.62,17.62,,,,,,
2017-06-18,27.06,14.76,100.0,58.22,11.91,3.3694444444444445,16.0,0.229,17.01,17.39,17.39,,,,,,
2017-06-19,33.13,16.73,99.9,34.8,12.66,6.780555555555555,327.0,0.0,15.58,23.01,23.01,,,,,,
2017-06-20,23.15,11.53,99.0,61.95,1.212,4.1305555555555555,251.0,6.858,11.42,11.57,11.57,,,,,,
2017-06-21,15.73,11.35,99.0,71.29,3.617,3.65,253.0,1.6,12.05,13.02,13.02,,,,,,
2017-06-22,18.43,12.64,99.1,73.43,5.897,3.5388888888888888,228.0,0.0,14.59,14.72,14.72,,,,,,
2017-06-23,20.49,14.64,100.0,83.6,4.974,3.019444444444444,208.0,0.686,17.8,17.8,17.8,,,,,,
2017-06-24,25.6,17.25,100.0,68.72,12.71,5.788888888888889,36.0,0.229,17.65,18.01,18.01,,,,,,
2017-06-25,25.09,15.89,100.0,68.58,9.41,3.6,235.0,0.229,18.3,18.39,18.39,,,,,,
2017-06-26,25.36,16.99,99.9,66.48,12.7,6.080555555555556,45.0,0.229,16.75,17.03,17.03,,,,,,
2017-06-27,24.97,14.4,100.0,57.18,12.05,4.111111111111112,56.0,0.0,16.63,17.34,17.34,,,,,,
2017-06-28,25.72,15.4,99.7,56.8,8.92,4.9111111111111105,213.0,0.0,16.74,17.0,17.0,,,,,,
2017-06-29,26.63,14.2,100.0,55.7,13.27,5.338888888888889,232.0,0.0,14.07,15.99,15.99,,,,,,
2017-06-30,28.25,13.39,98.0,44.94,12.18,3.8694444444444445,206.0,0.0,16.23,17.35,17.35,,,,,,
2017-07-01,28.97,15.49,95.6,45.08,12.42,5.85,195.0,0.0,17.26,18.46,18.46,,,,,,
2017-07-02,19.48,15.3,98.5,77.05,3.385,2.9805555555555556,201.0,0.457,11.9,15.55,15.55,,,,,,
2017-07-03,20.6,13.05,92.9,51.75,10.05,3.530555555555556,56.0,0.0,11.94,13.05,13.05,,,,,,
2017-07-04,21.36,10.91,97.7,59.64,10.38,4.719444444444444,223.0,0.229,13.21,13.83,13.83,,,,,,
2017-07-05,20.44,12.98,99.5,71.52,7.49,7.3694444444444445,21.0,2.972,14.44,14.51,14.51,,,,,,
2017-07-06,24.67,14.41,100.0,51.75,11.42,5.580555555555556,31.0,0.686,15.35,16.11,16.11,,,,,,
2017-07-07,24.31,12.68,100.0,60.47,13.32,4.688888888888888,12.0,0.0,16.27,16.55,16.55,,,,,,
2017-07-08,25.04,14.07,100.0,61.88,11.62,4.430555555555555,77.0,0.914,17.41,17.65,17.65,,,,,,
2017-07-09,24.26,16.64,99.7,66.65,8.14,7.280555555555556,327.0,2.057,17.3,17.57,17.57,,,,,,
2017-07-10,25.96,16.3,100.0,61.1,10.15,3.55,63.0,0.0,17.72,18.31,18.31,,,,,,
2017-07-11,26.2,16.62,99.9,58.37,12.19,3.711111111111111,28.0,0.0,17.01,17.34,17.34,,,,,,
2017-07-12,25.79,15.88,100.0,66.19,11.12,4.0,,0.0,16.78,16.79,16.79,,,,,,
2017-07-13,22.77,15.05,100.0,70.7,5.219,3.0805555555555553,231.0,0.0,16.84,17.03,17.03,,,,,,
2017-07-14,25.29,15.97,100.0,58.52,10.2,4.7,51.0,0.0,16.94,17.93,17.93,,,,,,
2017-07-15,26.28,16.89,98.2,56.87,14.22,3.8111111111111113,29.0,0.0,17.44,19.3,19.3,,,,,,
2017-07-16,25.51,16.91,99.3,64.96,11.69,4.7,48.0,0.0,17.05,17.15,17.15,,,,,,
2017-07-17,27.5,15.64,100.0,57.39,12.2,4.530555555555555,220.0,0.0,14.75,21.47,21.47,,,,,,
2017-07-18,21.85,6.976,97.7,62.25,1.9929999999999999,9.830555555555556,215.0,3.886,6.417,7.036,1.047,,,,,,
2017-07-19,16.04,5.704,96.5,34.81,15.89,9.680555555555555,234.0,2.515,4.525,5.764,1.846,,,,,,
2017-07-20,20.06,4.158,95.9,41.37,14.86,5.780555555555555,207.0,0.0,8.8,9.62,5.226,,,,,,
2017-07-21,22.77,9.53,97.8,55.31,13.73,5.1499999999999995,191.0,0.0,13.02,13.35,13.35,,,,,,
2017-07-22,25.82,10.42,100.0,47.01,14.59,4.238888888888889,30.0,0.0,13.85,14.46,14.46,,,,,,
2017-07-23,22.21,11.61,98.3,58.69,11.85,4.161111111111111,23.0,0.0,14.7,16.18,16.18,,,,,,
2017-07-24,24.45,12.66,99.5,55.72,14.93,5.480555555555555,61.0,0.0,16.66,17.85,17.85,,,,,,
2017-07-25,25.08,15.19,99.7,64.95,13.77,4.05,56.0,0.0,15.89,15.93,15.93,,,,,,
2017-07-26,30.58,14.09,100.0,41.37,15.15,3.8499999999999996,16.0,0.0,15.45,16.53,16.53,,,,,,
2017-07-27,28.85,13.83,97.9,47.15,15.48,4.161111111111111,217.0,0.0,17.14,17.74,17.74,,,,,,
2017-07-28,25.7,16.48,98.9,49.51,14.69,4.8388888888888895,37.0,0.0,17.29,17.47,17.47,,,,,,
2017-07-29,24.9,15.63,100.0,59.12,11.85,6.25,27.0,0.0,15.99,16.76,16.76,,,,,,
2017-07-30,26.3,15.37,99.5,55.75,14.35,5.361111111111112,27.0,0.0,17.27,18.62,18.62,,,,,,
2017-07-31,27.2,16.58,98.9,52.54,14.91,4.95,17.0,0.0,16.84,17.33,17.33,,,,,,
2017-08-01,27.41,16.01,99.9,54.43,12.36,4.038888888888889,90.0,0.0,17.56,17.82,17.82,,,,,,
2017-08-03,30.39,18.63,97.7,29.85,,3.9194444444444443,56.0,2.515,18.31,18.66,18.66,,,,,,
2017-08-04,24.59,16.63,99.8,52.98,11.92,12.269444444444444,269.0,13.94,13.99,16.77,16.77,,,,,,
2017-08-05,23.95,12.98,91.6,42.78,15.44,7.511111111111111,241.0,0.0,11.9,15.57,15.57,,,,,,
2017-08-06,24.13,13.85,90.1,40.26,12.72,4.46111111111111,231.0,0.0,12.5,15.44,15.44,,,,,,
2017-08-07,23.81,14.48,92.6,44.28,10.47,5.8694444444444445,25.0,0.0,14.39,16.49,16.49,,,,,,
2017-08-08,24.61,12.83,94.5,51.31,14.21,5.738888888888889,30.0,0.0,15.05,16.26,16.26,,,,,,
2017-08-09,27.75,13.52,98.8,53.82,14.07,9.61111111111111,230.0,7.772,17.1,17.58,17.58,,,,,,
2017-08-10,28.92,15.72,100.0,45.99,16.08,5.6194444444444445,224.0,0.0,15.67,17.81,17.81,,,,,,
2017-08-11,22.87,16.56,93.8,65.12,7.2620000000000005,4.788888888888889,322.0,0.0,15.58,16.56,16.56,,,,,,
2017-08-12,18.43,15.52,99.3,92.0,4.963,7.280555555555556,44.0,7.315,16.69,16.98,16.98,,,,,,
2017-08-13,20.56,16.53,100.0,81.9,4.501,8.15,14.0,1.8290000000000002,17.16,18.94,18.94,,,,,,
2017-08-14,21.59,18.0,100.0,84.0,3.763,7.2,262.0,10.54,18.65,18.65,18.65,,,,,,
2017-08-15,25.9,16.67,100.0,46.22,18.29,9.730555555555556,238.0,0.686,15.3,17.35,17.35,,,,,,
2017-08-16,17.69,15.7,98.9,85.2,2.586,3.961111111111111,238.0,2.057,15.61,15.76,15.76,,,,,,
2017-08-17,22.85,15.33,99.0,69.07,8.34,3.011111111111111,195.0,0.0,15.93,16.12,16.12,,,,,,
2017-08-18,20.4,15.4,99.7,77.07,3.983,4.9,238.0,0.914,15.77,15.92,15.92,,,,,,
2017-08-19,24.21,13.25,100.0,63.8,11.84,4.719444444444444,28.0,0.0,15.71,18.2,18.2,,,,,,
2017-08-20,21.09,16.91,99.5,83.3,3.959,8.230555555555554,28.0,7.087,17.87,18.36,18.36,,,,,,
2017-08-21,19.36,13.08,99.8,87.4,1.925,16.269444444444446,211.0,25.83,13.68,13.72,13.72,,,,,,
2017-08-22,20.56,9.58,99.8,43.2,17.11,4.680555555555556,224.0,0.0,9.6,10.94,10.94,,,,,,
2017-08-23,19.34,9.09,97.4,69.46,9.02,3.961111111111111,210.0,0.0,15.35,15.92,15.92,,,,,,
2017-08-24,23.41,15.76,97.8,66.94,10.99,6.561111111111111,41.0,0.229,16.87,18.21,18.21,,,,,,
2017-08-25,25.74,15.98,98.5,58.52,15.03,5.480555555555555,26.0,0.0,16.61,18.14,18.14,,,,,,
2017-08-26,24.45,16.33,95.8,64.35,10.62,4.819444444444445,68.0,0.0,16.85,18.41,18.41,,,,,,
2017-08-27,25.27,16.02,97.1,59.14,15.5,5.338888888888889,45.0,0.229,17.69,18.65,18.65,,,,,,
2017-08-28,21.97,18.26,97.7,77.14,3.988,2.8194444444444446,26.0,0.0,17.69,18.7,18.7,,,,,,
2017-08-29,25.86,18.05,97.5,60.02,13.38,4.569444444444444,7.0,0.0,16.98,18.65,18.65,,,,,,
2017-08-30,26.58,16.61,99.1,59.08,18.82,4.988888888888889,17.0,0.0,17.61,18.21,18.21,,,,,,
2017-08-31,32.75,16.73,100.0,49.76,17.12,4.3999999999999995,121.0,0.0,14.13,18.06,18.06,,,,,,
2017-09-01,22.15,15.31,96.4,63.33,6.989,4.280555555555556,55.0,0.0,16.49,17.31,17.31,,,,,,
2017-09-02,21.22,16.3,99.3,67.31,6.793,5.830555555555555,22.0,0.914,16.58,17.81,17.81,,,,,,
2017-09-03,22.79,17.12,95.1,66.33,7.203,7.730555555555555,32.0,0.0,15.32,17.12,17.12,,,,,,
2017-09-04,,15.74,95.4,54.02,16.56,5.538888888888889,22.0,0.0,17.48,19.25,19.25,,,,,,
2017-09-05,27.28,18.21,97.7,56.46,19.06,5.019444444444445,57.0,0.0,18.35,18.82,18.82,,,,,,
2017-09-06,29.89,17.71,100.0,52.23,16.68,4.088888888888889,187.0,0.0,15.61,19.07,19.07,,,,,,
2017-09-07,22.88,16.9,98.5,70.24,5.277,3.3805555555555555,31.0,0.229,17.74,17.97,17.97,,,,,,
2017-09-08,27.13,17.47,99.3,60.22,20.32,6.319444444444445,44.0,0.229,18.41,19.51,19.51,,,,,,
2017-09-09,27.3,18.82,96.5,58.15,14.43,5.469444444444445,48.0,0.0,17.93,19.79,19.79,,,,,,
2017-09-10,26.16,18.35,99.4,66.38,8.72,3.65,47.0,0.229,18.03,19.3,19.3,,,,,,
2017-09-11,27.38,18.27,97.7,57.13,15.25,5.080555555555555,17.0,0.0,18.75,20.61,20.61,,,,,,
2017-09-12,29.55,19.65,95.2,57.56,14.32,5.45,238.0,0.0,19.63,20.46,20.46,,,,,,
2017-09-13,26.01,19.08,98.3,67.85,8.25,4.3999999999999995,228.0,0.0,19.09,19.96,19.96,,,,,,
2017-09-14,29.71,18.67,99.0,55.11,17.05,5.199999999999999,57.0,0.0,19.09,20.62,20.62,,,,,,
2017-09-15,29.62,19.98,96.3,62.46,19.59,4.588888888888889,26.0,0.0,20.26,21.01,21.01,,,,,,
2017-09-16,30.51,19.28,97.0,55.57,19.15,4.75,149.0,0.0,19.07,20.21,20.21,,,,,,
2017-09-17,26.82,19.47,96.6,63.61,7.391,4.0,,0.0,19.92,20.93,20.93,,,,,,
2017-09-18,22.85,19.12,99.3,84.9,3.374,4.0,,1.8290000000000002,17.45,19.18,19.18,,,,,,
2017-09-19,22.77,18.63,96.6,72.4,5.236,4.0,,0.0,18.35,18.9,18.9,,,,,,
2017-09-20,24.75,18.32,99.3,68.97,7.948,4.0,,0.229,19.69,20.76,20.76,,,,,,
2017-09-21,27.78,19.48,97.7,58.03,17.47,5.75,80.0,0.0,18.75,20.46,20.46,,,,,,
2017-09-22,29.66,18.42,98.0,51.0,20.69,6.1194444444444445,94.0,0.0,19.36,21.09,21.09,,,,,,
2017-09-23,29.56,19.76,96.8,62.33,19.44,4.730555555555556,33.0,0.0,21.12,21.75,21.75,,,,,,
2017-09-24,27.15,19.48,98.8,64.93,9.09,4.419444444444444,34.0,0.0,17.38,19.55,19.55,,,,,,
2017-09-25,22.29,18.85,98.3,77.25,3.81,4.0,,3.658,18.26,18.87,18.87,,,,,,
2017-09-26,27.61,18.53,98.8,56.22,16.8,5.230555555555555,25.0,0.914,18.29,18.71,18.71,,,,,,
2017-09-27,27.41,17.49,99.0,55.37,18.41,7.061111111111112,11.0,0.0,18.2,19.23,19.23,,,,,,
2017-09-28,30.07,17.88,98.5,49.04,21.09,4.769444444444445,59.0,0.0,18.9,20.83,20.83,,,,,,
2017-09-29,22.06,17.59,98.8,78.27,2.702,3.9805555555555556,104.0,7.5440000000000005,17.71,17.89,17.89,,,,,,
2017-09-30,18.98,16.91,100.0,94.3,4.16,5.211111111111111,231.0,37.95,18.71,18.71,18.71,,,,,,
2017-10-01,27.84,18.38,100.0,62.55,12.98,9.380555555555556,219.0,96.7,19.45,19.69,19.69,,,,,,
2017-10-02,32.99,17.13,100.0,43.68,23.37,5.249999999999999,275.0,0.0,19.91,24.05,24.05,,,,,,
2017-10-03,26.12,18.26,96.9,57.62,7.879,10.380555555555555,238.0,2.972,15.52,19.54,19.54,,,,,,
2017-10-04,27.3,16.29,90.1,23.91,21.82,12.05,230.0,0.229,12.73,16.77,16.77,,,,,,
2017-10-05,27.43,13.28,89.9,34.09,25.98,6.0,40.0,0.0,15.24,18.47,18.47,,,,,,
2017-10-06,27.28,14.93,93.8,57.64,22.34,7.3805555555555555,94.0,0.0,18.15,19.64,19.64,,,,,,
2017-10-07,29.31,17.88,99.7,61.33,16.14,8.011111111111111,354.0,26.03,20.32,20.36,20.36,,,,,,
2017-10-08,23.11,16.91,100.0,89.0,4.342,5.138888888888888,34.0,29.03,16.94,16.94,16.94,,,,,,
2017-10-09,20.65,16.87,100.0,91.8,5.249,6.0,235.0,36.12,18.95,18.97,18.97,,,,,,
2017-10-10,27.41,18.78,100.0,65.73,10.44,6.488888888888889,33.0,0.914,20.23,20.24,20.24,,,,,,
2017-10-11,25.88,18.82,100.0,76.2,6.974,6.9111111111111105,231.0,0.686,19.75,21.64,21.64,,,,,,
2017-10-12,31.84,19.02,99.9,50.15,19.23,10.219444444444443,218.0,0.0,19.8,20.69,20.69,,,,,,
2017-10-13,29.45,19.2,99.9,64.68,13.57,5.6,214.0,0.457,20.52,20.83,20.83,,,,,,
2017-10-14,30.58,20.1,99.6,61.77,19.48,5.819444444444444,69.0,11.3,,,,,,,,,
2017-10-15,23.07,16.85,100.0,82.6,3.509,4.980555555555555,254.0,1.143,15.97,17.2,17.2,,,,,,
2017-10-16,21.97,16.14,99.6,77.4,7.672,4.0,,5.715,16.59,17.33,17.33,,,,,,
2017-10-17,24.29,16.81,98.3,64.82,12.33,5.6305555555555555,18.0,0.0,,,,,,,,,
2017-10-18,20.84,17.9,95.9,89.7,9.05,6.761111111111111,27.0,0.457,,,,,,,,,
2017-10-19,25.44,24.61,89.8,67.73,23.57,4.8694444444444445,56.0,0.0,,,,,,,,,
2017-10-20,,,70.12,70.12,9.4,7.569444444444445,30.0,0.914,,,,,,,,,
2017-10-21,,,70.12,70.12,4.367,4.0,,0.0,,,,,,,,,
2017-10-22,21.62,19.66,99.9,70.12,4.211,7.330555555555556,211.0,8.03,19.67,19.67,19.67,,,,,,
2017-10-23,22.23,19.35,100.0,79.27,10.98,5.038888888888889,227.0,0.0,,,,,,,,,
2017-10-24,,,83.2,83.2,7.095,6.080555555555556,35.0,0.0,,,,,,,,,
2017-10-25,24.49,16.38,92.1,61.49,13.92,5.6194444444444445,84.0,0.0,,,,,,,,,
2017-10-26,22.3,0.0,99.6,83.3,4.694,6.8,235.0,13.26,,,,,,,,,
2017-10-27,29.85,21.24,99.6,57.15,17.17,5.8,216.0,0.0,,,,,,,,,
2017-10-28,27.23,20.0,98.9,53.93,13.3,18.38888888888889,260.0,1.6,16.58,25.66,25.66,,,,,,
2017-10-29,35.27,19.78,87.2,29.49,28.76,11.569444444444445,248.0,0.0,17.26,19.78,19.78,,,,,,
2017-10-30,24.42,18.71,99.8,70.04,7.396,3.711111111111111,65.0,7.315,19.46,19.49,19.49,,,,,,
2017-10-31,26.17,18.78,100.0,67.25,11.48,12.81111111111111,32.0,2.743,20.54,20.92,20.92,,,,,,
2017-11-01,27.84,18.92,99.4,55.1,18.05,5.769444444444444,57.0,0.0,12.93,18.91,18.91,,,,,,
2017-11-02,26.84,16.83,88.6,38.79,28.56,5.469444444444445,31.0,0.0,15.41,17.36,17.36,,,,,,
2017-11-03,26.5,14.94,95.4,52.64,27.28,7.980555555555555,33.0,0.0,16.14,19.39,19.39,,,,,,
2017-11-04,24.18,17.32,92.7,64.45,8.5,8.338888888888889,18.0,0.0,17.96,19.48,19.48,,,,,,
2017-11-05,23.39,17.47,99.5,75.83,6.045,13.038888888888888,238.0,20.73,19.39,19.83,19.83,,,,,,
2017-11-06,24.49,17.55,98.3,61.72,8.58,4.819444444444445,44.0,0.457,17.08,17.65,17.65,,,,,,
2017-11-07,22.07,16.93,98.8,70.29,6.266,5.911111111111111,16.0,0.914,16.95,17.45,17.45,,,,,,
2017-11-08,23.68,16.79,99.7,57.88,10.83,5.780555555555555,30.0,8.0,17.08,18.51,18.51,,,,,,
2017-11-09,24.48,17.41,99.5,72.9,9.62,8.669444444444444,14.0,7.5440000000000005,18.01,19.0,19.0,,,,,,
2017-11-10,28.01,18.38,99.7,63.0,16.0,4.969444444444444,16.0,5.486,20.07,20.68,20.68,,,,,,
2017-11-11,27.64,19.49,99.6,66.53,9.52,4.769444444444445,219.0,33.81,19.7,19.75,19.75,,,,,,
2017-11-12,31.22,17.41,99.8,28.65,30.01,6.530555555555556,241.0,0.0,13.38,19.1,19.1,,,,,,
2017-11-13,34.7,16.63,87.7,15.8,31.16,12.21111111111111,234.0,0.0,16.31,18.7,18.7,,,,,,
2017-11-14,29.8,15.46,97.1,36.11,29.64,7.25,56.0,0.0,16.34,18.76,18.76,,,,,,
2017-11-15,30.95,15.76,97.7,26.85,29.84,5.438888888888888,44.0,0.0,15.87,18.74,18.74,,,,,,
2017-11-16,27.96,15.32,94.3,55.4,29.51,8.6,30.0,0.0,20.43,22.54,22.54,,,,,,
2017-11-17,35.46,20.01,98.1,46.89,23.94,10.261111111111111,260.0,19.08,20.04,20.34,20.34,,,,,,
2017-11-18,27.92,18.99,99.3,65.15,9.02,4.330555555555556,68.0,4.343,21.07,21.56,21.56,,,,,,
2017-11-19,23.87,19.86,99.9,84.6,4.958,8.969444444444443,193.0,37.19,20.66,20.76,20.76,,,,,,
2017-11-20,22.61,18.4,99.3,71.5,6.375,3.561111111111111,73.0,0.229,18.11,18.4,18.4,,,,,,
2017-11-21,24.88,17.53,99.8,72.03,9.94,5.169444444444444,27.0,2.286,19.04,21.46,21.46,,,,,,
2017-11-22,28.25,20.2,99.6,62.08,15.37,5.369444444444444,60.0,8.0,20.79,20.84,20.84,,,,,,
2017-11-23,20.99,17.01,100.0,76.1,4.568,4.3805555555555555,237.0,1.8290000000000002,16.21,17.24,17.24,,,,,,
2017-11-24,23.05,16.67,94.4,64.09,7.94,4.980555555555555,28.0,0.229,17.56,19.5,19.5,,,,,,
2017-11-25,29.6,17.12,100.0,55.35,29.76,5.388888888888888,40.0,0.0,20.87,22.02,22.02,,,,,,
2017-11-26,28.41,21.04,98.9,57.26,21.89,7.030555555555555,21.0,6.401,20.88,21.04,21.04,,,,,,
2017-11-27,32.93,19.82,99.5,49.46,23.91,7.680555555555555,232.0,0.0,17.69,20.92,20.92,,,,,,
2017-11-28,27.54,19.86,96.7,59.84,13.53,4.25,94.0,0.0,19.35,19.89,19.89,,,,,,
2017-11-29,30.39,19.43,98.8,50.51,26.63,6.2,78.0,0.0,18.62,21.08,21.08,,,,,,
2017-11-30,28.73,19.52,93.9,54.44,19.8,4.538888888888889,38.0,0.0,17.57,19.66,19.66,,,,,,
2017-12-01,27.38,18.03,95.3,56.92,16.91,5.288888888888889,83.0,0.0,18.85,20.1,20.1,,,,,,
2017-12-02,26.5,18.53,97.9,64.1,12.49,5.1,28.0,0.0,18.58,19.68,19.68,,,,,,
2017-12-03,29.15,18.65,99.0,47.38,25.66,6.511111111111111,51.0,1.8290000000000002,19.6,20.73,20.73,,,,,,
2017-12-04,28.06,19.49,99.5,68.09,18.62,6.969444444444444,58.0,11.66,21.08,22.8,22.8,,,,,,
2017-12-05,31.94,20.72,97.0,53.75,21.12,5.330555555555556,65.0,0.914,20.44,22.08,22.08,,,,,,
2017-12-06,27.88,21.61,94.6,59.44,12.15,4.3694444444444445,64.0,0.0,21.02,21.91,21.91,,,,,,
2017-12-07,27.97,20.94,98.3,71.23,10.91,8.188888888888888,72.0,0.229,19.87,22.65,22.65,,,,,,
2017-12-08,29.72,20.76,98.2,58.34,15.64,5.780555555555555,63.0,1.6,21.87,22.15,22.15,,,,,,
2017-12-09,31.94,21.25,98.9,53.05,22.43,6.05,232.0,0.0,19.98,21.28,21.28,,,,,,
2017-12-10,30.5,19.59,95.5,52.18,23.42,6.0888888888888895,29.0,0.0,19.74,22.14,22.14,,,,,,
2017-12-11,33.88,19.94,95.8,41.56,30.38,6.019444444444445,32.0,0.0,21.53,23.89,23.89,,,,,,
2017-12-12,31.56,19.18,96.4,41.91,27.49,6.330555555555555,209.0,0.457,16.77,19.31,19.31,,,,,,
2017-12-13,24.36,19.16,87.0,52.55,8.48,4.438888888888889,34.0,0.0,16.36,20.43,20.43,,,,,,
2017-12-14,29.2,19.62,86.3,53.74,18.48,8.35,38.0,0.0,19.12,22.51,22.51,,,,,,
2017-12-15,30.8,20.95,89.5,53.66,26.61,6.530555555555556,56.0,0.0,20.83,23.18,23.18,,,,,,
2017-12-16,31.92,21.84,93.6,60.11,21.8,5.261111111111111,60.0,0.0,22.11,23.88,23.88,,,,,,
2017-12-17,32.67,22.79,95.5,55.29,23.11,5.919444444444444,31.0,0.0,21.78,24.09,24.09,,,,,,
2017-12-18,35.66,21.81,98.7,50.54,24.29,11.950000000000001,242.0,30.33,21.52,21.81,21.81,,,,,,
2017-12-19,27.82,20.92,99.9,70.84,7.007,4.6194444444444445,235.0,0.686,20.77,20.92,20.92,,,,,,
2017-12-20,24.57,20.8,99.8,88.0,7.874,2.9388888888888887,232.0,2.972,21.55,21.81,21.81,,,,,,
2017-12-21,27.59,21.43,100.0,77.68,5.598,4.0,,20.65,21.67,21.71,21.71,,,,,,
2017-12-22,29.89,20.87,100.0,69.7,16.43,4.6,203.0,3.886,21.64,22.26,22.26,,,,,,
2017-12-23,32.05,20.66,99.6,55.78,25.54,6.05,34.0,0.0,22.65,23.92,23.92,,,,,,
2017-12-24,35.45,22.35,98.7,50.85,19.11,6.361111111111111,45.0,3.2,23.47,24.04,24.04,,,,,,
2017-12-25,30.2,20.4,99.7,73.64,6.894,7.119444444444444,230.0,92.0,20.35,20.47,20.47,,,,,,
2017-12-26,22.63,19.38,99.4,81.6,4.449,5.061111111111111,231.0,3.658,18.82,19.55,19.55,,,,,,
2017-12-27,25.17,19.4,98.2,76.93,8.13,3.861111111111111,236.0,0.0,21.41,21.71,21.71,,,,,,
2017-12-28,28.26,21.04,99.3,73.6,12.47,4.819444444444445,209.0,0.0,22.8,23.73,23.73,,,,,,
2017-12-29,30.83,22.51,99.3,64.9,22.77,6.288888888888889,59.0,0.914,21.92,23.62,23.62,,,,,,
2017-12-30,25.29,18.98,99.3,83.5,5.193,5.211111111111111,218.0,31.78,18.9,19.0,19.0,,,,,,
2017-12-31,27.11,18.87,100.0,74.26,11.85,6.75,242.0,2.515,21.12,21.6,21.6,,,,,,
2018-01-01,28.66,21.13,99.8,71.76,11.82,4.51111111111111,219.0,0.686,22.52,23.45,23.45,,,,,,
2018-01-02,31.78,21.93,99.6,65.78,19.92,5.6194444444444445,228.0,8.28,23.58,23.74,23.74,,,,,,
2018-01-03,34.57,22.43,99.6,48.59,18.65,11.0,242.0,0.229,22.44,25.91,25.91,,,,,,
2018-01-04,32.43,21.27,97.4,53.58,21.42,5.069444444444445,71.0,0.457,19.31,21.32,21.32,,,,,,
2018-01-05,32.26,18.62,98.0,36.28,30.94,6.8694444444444445,20.0,0.0,20.17,23.71,23.71,,,,,,
2018-01-06,31.36,19.44,97.7,50.41,30.78,6.519444444444444,28.0,0.0,21.19,23.32,23.32,,,,,,
2018-01-07,35.36,21.16,96.3,47.81,23.15,7.280555555555556,143.0,1.143,19.77,23.19,23.19,,,,,,
2018-01-08,25.04,20.42,96.0,67.56,6.503,6.319444444444445,210.0,0.0,19.63,20.52,20.52,,,,,,
2018-01-09,30.74,19.87,94.8,46.04,21.9,5.75,215.0,0.0,17.51,21.47,21.47,,,,,,
2018-01-10,25.09,20.08,98.7,78.27,7.927,8.169444444444444,235.0,2.057,22.02,22.23,22.23,,,,,,
2018-01-11,25.4,21.65,99.7,83.5,5.931,4.1194444444444445,44.0,18.75,22.18,22.22,22.22,,,,,,
2018-01-12,28.92,19.73,99.9,71.59,10.32,8.761111111111111,229.0,48.54,19.97,20.06,20.06,,,,,,
2018-01-13,33.16,18.98,100.0,54.35,20.54,7.138888888888888,226.0,2.057,20.75,20.97,20.97,,,,,,
2018-01-14,32.63,20.06,99.8,57.58,23.07,8.511111111111111,258.0,61.39,21.97,22.04,22.04,,,,,,
2018-01-15,35.21,21.63,100.0,51.04,16.77,14.761111111111111,331.0,8.97,22.37,24.08,24.08,,,,,,
2018-01-16,37.37,23.39,98.5,42.58,18.48,10.969444444444445,239.0,20.45,23.7,24.0,24.0,,,,,,
2018-01-17,32.67,22.19,99.9,62.33,11.92,4.25,204.0,48.69,22.3,22.31,22.31,,,,,,
2018-01-18,28.9,21.93,100.0,77.56,9.27,5.988888888888888,30.0,24.94,23.95,23.95,23.95,,,,,,
2018-01-19,36.96,23.03,100.0,43.2,23.01,10.399999999999999,275.0,2.972,23.64,24.86,24.86,,,,,,
2018-01-20,29.47,22.23,98.7,67.63,10.78,4.969444444444444,48.0,3.658,22.12,22.32,22.32,,,,,,
2018-01-21,26.38,20.99,99.7,77.11,6.38,3.611111111111111,224.0,0.686,21.8,22.49,22.49,,,,,,
2018-01-22,28.79,21.32,99.8,77.01,10.13,4.311111111111111,47.0,2.057,22.61,23.48,23.48,,,,,,
2018-01-23,32.43,20.66,99.8,63.59,19.56,15.830555555555556,264.0,26.52,21.26,21.4,21.4,,,,,,
2018-01-24,36.41,21.11,100.0,53.07,25.23,10.06111111111111,269.0,16.87,22.15,22.37,22.37,,,,,,
2018-01-25,37.27,22.03,98.9,49.25,19.31,14.138888888888888,239.0,22.17,22.52,22.75,22.75,,,,,,
2018-01-26,28.55,21.62,99.7,69.02,8.14,5.211111111111111,217.0,0.229,20.52,22.73,22.73,,,,,,
2018-01-27,23.22,19.35,99.7,82.4,6.328,6.1,225.0,9.6,19.12,19.64,19.64,,,,,,
2018-01-28,26.71,19.12,99.1,69.67,10.91,4.961111111111111,224.0,0.914,20.68,20.82,20.82,,,,,,
2018-01-29,30.39,20.33,100.0,62.81,19.27,4.830555555555556,29.0,10.74,23.39,23.51,23.51,,,,,,
2018-01-30,28.09,21.24,100.0,82.5,6.571,5.019444444444445,51.0,5.486,20.19,21.34,21.34,,,,,,
2018-01-31,30.65,18.28,98.9,50.71,25.6,4.6,10.0,1.143,20.71,21.43,21.43,,,,,,
2018-02-01,29.31,20.34,98.2,61.73,21.96,4.719444444444444,211.0,1.6,20.49,21.34,21.34,,,,,,
2018-02-02,30.76,19.72,99.2,56.74,22.97,5.519444444444445,238.0,3.658,20.32,21.84,21.84,,,,,,
2018-02-03,31.66,20.4,96.7,55.25,21.1,5.4,253.0,0.0,21.63,22.47,22.47,,,,,,
2018-02-04,31.0,19.84,99.5,35.81,27.26,4.8,199.0,0.0,20.08,22.8,22.8,,,,,,
2018-02-05,28.16,20.07,96.4,54.22,15.43,4.238888888888889,221.0,0.0,19.11,21.96,21.96,,,,,,
2018-02-06,29.46,19.2,96.7,51.72,15.47,5.169444444444444,215.0,1.143,18.98,20.04,20.04,,,,,,
2018-02-07,30.42,18.16,98.3,43.5,28.37,5.330555555555556,50.0,0.0,19.66,21.48,21.48,,,,,,
2018-02-08,32.04,19.12,97.0,44.43,27.47,5.6305555555555555,58.0,0.0,21.15,22.83,22.83,,,,,,
2018-02-09,33.41,22.17,93.1,51.58,22.59,6.288888888888889,82.0,0.0,22.59,25.6,25.6,,,,,,
2018-02-10,32.03,22.99,98.1,61.04,15.8,5.111111111111111,60.0,1.8290000000000002,24.4,24.84,24.84,,,,,,
2018-02-11,32.34,22.99,99.3,67.61,12.98,5.8805555555555555,34.0,20.65,22.93,23.04,23.04,,,,,,
2018-02-12,31.26,22.74,99.5,68.6,11.84,6.711111111111111,331.0,14.4,22.86,23.01,23.01,,,,,,
2018-02-13,23.57,18.71,99.7,79.14,4.598,5.369444444444444,246.0,9.6,17.83,18.71,18.71,,,,,,
2018-02-14,22.36,18.33,99.7,71.48,3.667,4.6305555555555555,253.0,5.944,18.09,18.44,18.44,,,,,,
2018-02-15,27.51,18.34,99.4,50.85,11.88,4.238888888888889,231.0,0.229,18.27,19.92,19.92,,,,,,
2018-02-16,24.85,18.86,99.4,76.61,7.485,4.638888888888888,236.0,11.91,19.51,19.82,19.82,,,,,,
2018-02-17,26.33,19.34,99.3,68.48,9.93,3.6888888888888887,263.0,0.229,20.15,21.33,21.33,,,,,,
2018-02-18,28.18,19.04,99.5,63.4,14.4,4.55,25.0,6.629,20.94,21.3,21.3,,,,,,
2018-02-19,29.18,20.61,99.6,60.17,15.97,5.1305555555555555,50.0,0.0,21.01,22.91,22.91,,,,,,
2018-02-20,29.9,21.72,99.8,68.8,11.97,8.5,236.0,27.48,22.68,22.7,22.7,,,,,,
2018-02-21,32.52,21.69,100.0,56.29,15.24,4.669444444444444,37.0,0.229,22.76,24.17,24.17,,,,,,
2018-02-22,34.47,22.88,98.3,46.59,19.39,6.2,247.0,19.28,22.66,23.31,23.31,,,,,,
2018-02-23,31.42,21.01,99.7,49.06,17.38,5.369444444444444,236.0,3.886,19.69,22.03,22.03,,,,,,
2018-02-24,30.49,19.12,96.8,48.89,20.54,4.961111111111111,71.0,0.0,20.7,21.74,21.74,,,,,,
2018-02-25,29.18,20.24,98.0,59.54,18.47,4.75,66.0,0.229,20.92,22.27,22.27,,,,,,
2018-02-26,30.21,19.94,99.5,58.48,21.07,5.5888888888888895,212.0,4.267,21.36,22.95,22.95,,,,,,
2018-02-27,32.46,20.57,99.1,48.74,24.71,6.438888888888888,58.0,0.686,21.66,23.17,23.17,,,,,,
2018-02-28,32.79,20.8,98.6,52.34,21.68,5.7,78.0,4.343,21.11,21.33,21.33,,,,,,
2018-03-01,32.46,20.27,98.9,59.71,19.93,5.638888888888889,204.0,6.858,22.1,22.33,22.33,,,,,,
2018-03-02,32.22,21.62,99.8,59.4,19.38,5.238888888888889,131.0,0.229,23.83,25.42,25.42,,,,,,
2018-03-03,32.75,21.96,99.5,64.86,9.88,6.269444444444444,221.0,44.17,22.18,22.26,22.26,,,,,,
2018-03-04,31.29,21.33,99.9,58.59,16.86,3.961111111111111,229.0,2.515,23.55,23.81,23.81,,,,,,
2018-03-05,30.13,22.32,99.6,70.84,11.54,5.4,43.0,1.6,22.07,22.32,22.32,,,,,,
2018-03-06,33.02,21.63,99.6,61.24,18.67,7.46111111111111,277.0,6.655,21.46,21.79,21.79,,,,,,
2018-03-07,33.31,20.64,99.4,52.88,19.48,4.8388888888888895,71.0,16.64,20.62,22.23,22.23,,,,,,
2018-03-08,25.04,21.27,97.4,73.85,4.439,3.411111111111111,261.0,0.914,19.21,21.49,21.49,,,,,,
2018-03-09,27.71,19.98,95.1,57.3,9.58,4.211111111111111,90.0,0.0,20.48,21.94,21.94,,,,,,
2018-03-10,28.57,19.96,97.1,61.55,14.88,5.05,23.0,0.0,21.42,22.87,22.87,,,,,,
2018-03-11,30.62,21.81,96.7,60.26,15.65,6.2,47.0,0.229,22.67,23.55,23.55,,,,,,
2018-03-12,34.77,21.24,99.3,52.47,24.6,4.55,56.0,0.0,23.98,25.01,25.01,,,,,,
2018-03-13,30.99,22.56,98.3,59.68,13.59,4.05,54.0,0.0,18.35,22.71,22.71,,,,,,
2018-03-14,26.88,20.5,98.5,70.92,9.49,4.761111111111111,25.0,0.0,22.27,22.49,22.49,,,,,,
2018-03-15,27.9,21.8,99.7,78.83,4.7,13.380555555555556,248.0,25.48,21.52,22.2,22.2,,,,,,
2018-03-16,34.59,20.57,100.0,58.68,15.14,14.319444444444443,199.0,0.229,18.96,24.14,24.14,,,,,,
2018-03-17,30.13,20.56,96.1,62.02,15.88,7.188888888888888,210.0,0.0,21.25,21.95,21.95,,,,,,
2018-03-18,26.72,20.83,99.6,78.35,6.221,4.088888888888889,23.0,0.457,22.98,23.13,23.13,,,,,,
2018-03-19,31.66,22.14,100.0,63.95,17.53,5.961111111111111,26.0,0.0,23.64,24.86,24.86,,,,,,
2018-03-20,36.37,22.45,99.2,58.32,16.11,6.719444444444445,243.0,1.8290000000000002,20.93,22.45,22.45,,,,,,
2018-03-21,26.86,19.94,99.6,72.99,5.7620000000000005,4.669444444444444,247.0,16.69,20.03,20.08,20.08,,,,,,
2018-03-22,26.68,19.69,100.0,69.16,5.859,4.588888888888889,220.0,1.143,20.47,21.24,21.24,,,,,,
2018-03-23,25.18,19.73,97.8,73.71,6.712,2.9611111111111112,251.0,0.0,20.72,21.81,21.81,,,,,,
2018-03-24,30.63,20.37,98.8,62.7,17.79,6.05,19.0,0.229,22.74,23.33,23.33,,,,,,
2018-03-25,32.56,22.59,99.2,62.05,16.38,5.311111111111111,86.0,0.0,24.42,26.13,26.13,,,,,,
2018-03-26,31.22,21.23,98.7,69.53,9.86,6.438888888888888,229.0,2.515,20.76,21.23,21.23,,,,,,
2018-03-27,21.31,18.9,100.0,93.3,2.649,5.180555555555555,251.0,33.15,19.29,19.29,19.29,,,,,,
2018-03-28,26.57,19.09,100.0,75.84,6.365,2.9,230.0,5.486,21.74,21.82,21.82,,,,,,
2018-03-29,29.43,21.24,100.0,72.22,8.61,3.261111111111111,232.0,0.914,23.1,23.23,23.23,,,,,,
2018-03-30,29.77,21.53,100.0,72.16,9.23,4.45,81.0,27.03,21.57,21.57,21.57,,,,,,
2018-03-31,30.92,21.04,100.0,66.21,14.21,4.830555555555556,318.0,9.14,22.14,22.21,22.21,,,,,,
2018-04-01,29.45,21.75,100.0,72.82,10.34,5.438888888888888,73.0,3.2,21.98,22.31,22.31,,,,,,
2018-04-02,31.71,21.67,100.0,66.51,9.95,3.9888888888888885,318.0,0.229,23.21,24.14,24.14,,,,,,
2018-04-03,34.83,23.05,98.6,45.24,18.19,6.030555555555556,264.0,0.0,20.39,24.26,24.26,,,,,,
2018-04-04,31.55,20.74,90.7,51.36,17.36,4.6305555555555555,226.0,0.0,20.7,22.95,22.95,,,,,,
2018-04-05,30.76,18.31,99.6,56.57,15.66,14.249999999999998,329.0,85.9,19.31,19.37,19.37,,,,,,
2018-04-06,29.4,18.91,100.0,61.33,17.44,4.3999999999999995,318.0,1.143,19.68,21.16,21.16,,,,,,
2018-04-07,28.46,20.49,97.8,63.07,12.25,4.361111111111111,67.0,0.0,20.32,20.97,20.97,,,,,,
2018-04-08,31.26,19.24,99.7,55.49,15.29,4.388888888888889,236.0,0.0,20.99,21.87,21.87,,,,,,
2018-04-09,32.18,19.08,99.9,47.36,21.02,3.9888888888888885,64.0,0.0,21.77,22.51,22.51,,,,,,
2018-04-10,31.61,20.65,99.4,54.11,13.82,3.9388888888888887,58.0,0.0,21.48,23.1,23.1,,,,,,
2018-04-11,30.7,20.31,99.3,52.96,18.7,6.85,53.0,0.0,21.36,24.09,24.09,,,,,,
2018-04-12,31.7,21.29,94.5,47.68,19.78,6.7,76.0,0.0,20.55,22.04,22.04,,,,,,
2018-04-13,32.81,19.14,99.0,50.16,19.38,4.8500000000000005,69.0,0.0,21.44,21.97,21.97,,,,,,
2018-04-14,31.87,19.3,99.3,53.63,19.23,4.75,102.0,1.143,20.51,21.56,21.56,,,,,,
2018-04-15,22.67,18.78,98.3,80.1,3.691,7.680555555555555,226.0,3.2,17.95,19.26,19.26,,,,,,
2018-04-16,23.41,18.29,98.2,83.0,6.22,6.2,231.0,2.286,18.54,18.88,18.88,,,,,,
2018-04-17,25.04,18.27,100.0,69.68,7.19,5.180555555555555,214.0,15.54,18.38,19.07,19.07,,,,,,
2018-04-18,25.63,17.65,99.7,74.67,8.79,4.338888888888889,257.0,4.115,18.34,18.39,18.39,,,,,,
2018-04-19,28.98,17.21,100.0,56.46,19.09,4.538888888888889,71.0,2.057,19.01,20.01,20.01,,,,,,
2018-04-20,30.01,16.89,100.0,54.17,19.46,3.861111111111111,66.0,0.0,18.81,19.97,19.97,,,,,,
2018-04-21,31.53,17.15,99.6,45.81,19.11,4.261111111111111,107.0,0.0,19.0,20.24,20.24,,,,,,
2018-04-22,30.35,17.28,99.5,47.42,17.34,4.211111111111111,68.0,0.0,18.46,19.81,19.81,,,,,,
2018-04-23,29.96,17.84,97.7,52.09,18.28,5.511111111111111,30.0,0.0,19.79,20.7,20.7,,,,,,
2018-04-24,30.42,18.63,99.5,52.13,18.09,5.199999999999999,31.0,0.0,20.36,21.87,21.87,,,,,,
2018-04-25,31.28,19.28,99.2,52.63,16.83,5.530555555555556,74.0,0.0,20.76,21.65,21.65,,,,,,
2018-04-26,31.44,19.17,99.6,52.17,17.94,5.011111111111111,30.0,0.0,20.83,21.77,21.77,,,,,,
2018-04-27,30.73,19.62,99.1,58.52,15.75,5.05,41.0,0.0,21.43,22.15,22.15,,,,,,
2018-04-28,30.78,20.76,99.3,61.32,14.46,6.030555555555556,26.0,0.0,21.59,22.65,22.65,,,,,,
2018-04-29,31.34,20.94,99.1,55.63,13.45,4.661111111111111,27.0,0.0,21.85,22.33,22.33,,,,,,
2018-04-30,30.97,20.51,99.8,58.53,15.41,4.969444444444444,28.0,0.0,22.41,24.13,24.13,,,,,,
2018-05-01,33.58,21.08,99.7,52.64,15.51,3.4611111111111112,19.0,0.0,21.82,24.68,24.68,,,,,,
2018-05-02,25.75,20.9,99.9,77.5,3.6950000000000003,3.819444444444444,54.0,0.229,20.8,20.94,20.94,,,,,,
2018-05-03,22.29,20.19,100.0,97.6,2.752,5.461111111111111,212.0,85.3,21.24,21.24,21.24,,,,,,
2018-05-04,29.31,20.84,100.0,70.57,10.45,3.8111111111111113,233.0,0.0,21.72,21.8,21.8,,,,,,
2018-05-05,31.18,20.96,100.0,62.55,14.14,3.730555555555555,30.0,0.0,22.84,23.0,23.0,,,,,,
2018-05-06,30.22,22.21,100.0,68.21,9.86,3.2888888888888888,93.0,0.0,22.6,23.21,23.21,,,,,,
2018-05-07,28.04,20.96,98.3,72.96,8.2,4.861111111111111,236.0,13.23,20.57,20.96,20.96,,,,,,
2018-05-08,27.0,19.41,100.0,70.52,5.799,4.6499999999999995,237.0,17.6,19.18,19.41,19.41,,,,,,
2018-05-09,22.21,18.57,100.0,92.5,4.809,4.6,202.0,8.46,18.93,19.05,19.05,,,,,,
2018-05-10,26.8,18.49,100.0,70.23,10.3,4.319444444444445,36.0,0.457,19.55,20.26,20.26,,,,,,
2018-05-11,27.59,17.95,100.0,60.86,12.59,5.111111111111111,85.0,0.0,18.76,19.13,19.13,,,,,,
2018-05-12,28.68,17.18,100.0,63.11,11.95,4.930555555555555,256.0,0.686,21.03,22.85,22.85,,,,,,
2018-05-13,27.25,18.64,90.6,47.35,16.62,11.71111111111111,234.0,0.0,17.14,19.27,19.27,,,,,,
2018-05-14,25.59,16.76,94.2,58.5,12.0,4.711111111111111,9.0,0.0,17.88,19.3,19.3,,,,,,
2018-05-15,27.49,17.72,96.2,58.13,9.92,5.738888888888889,53.0,0.0,18.02,20.18,20.18,,,,,,
2018-05-16,29.2,16.32,99.2,53.51,15.15,5.838888888888889,230.0,5.766,19.67,19.92,19.92,,,,,,
2018-05-17,27.15,18.75,99.3,56.72,11.57,6.011111111111111,205.0,0.0,16.89,19.97,19.97,,,,,,
2018-05-18,20.5,18.06,95.7,74.75,3.02,3.4305555555555554,257.0,0.0,17.53,18.49,18.49,,,,,,
2018-05-19,26.55,17.27,99.8,68.67,6.557,7.1499999999999995,234.0,3.658,19.59,19.61,19.61,,,,,,
2018-05-20,24.74,15.03,99.9,51.5,10.59,13.219444444444445,235.0,6.401,8.16,15.37,15.37,,,,,,
2018-05-21,24.05,12.92,67.87,31.54,16.15,13.28888888888889,238.0,0.0,6.79,13.38,13.38,,,,,,
2018-05-22,23.61,9.52,89.9,39.29,15.7,6.038888888888888,232.0,0.0,10.98,12.66,12.66,,,,,,
2018-05-23,23.98,9.86,97.3,49.51,15.19,5.088888888888889,231.0,0.0,14.35,15.08,15.08,,,,,,
2018-05-24,24.72,14.47,96.1,47.4,14.88,5.5,222.0,0.0,13.06,16.04,16.04,,,,,,
2018-05-25,23.39,13.21,96.5,58.57,9.43,3.5388888888888888,212.0,0.0,14.99,16.54,16.54,,,,,,
2018-05-26,20.45,15.94,92.4,72.0,3.809,3.638888888888889,243.0,0.0,15.77,17.01,17.01,,,,,,
2018-05-27,24.19,16.19,96.8,66.13,7.251,4.361111111111111,44.0,0.0,17.28,18.14,18.14,,,,,,
2018-05-28,26.89,15.44,99.8,59.85,13.06,4.519444444444444,45.0,0.0,18.4,18.76,18.76,,,,,,
2018-05-29,27.12,16.48,100.0,59.21,11.95,5.961111111111111,100.0,0.0,17.63,17.99,17.99,,,,,,
2018-05-30,27.04,16.17,100.0,62.09,13.98,4.338888888888889,20.0,3.2,17.99,18.41,18.41,,,,,,
2018-05-31,27.5,15.2,100.0,59.11,13.98,3.95,72.0,0.0,18.35,19.14,19.14,,,,,,
2018-06-01,26.45,16.74,100.0,57.84,13.63,4.411111111111111,51.0,0.0,17.18,17.55,17.55,,,,,,
2018-06-02,24.63,15.23,100.0,69.24,7.879,4.1,215.0,0.0,17.3,21.24,21.24,,,,,,
2018-06-03,21.5,16.27,99.6,71.42,2.201,4.6499999999999995,209.0,5.715,16.28,16.34,16.34,,,,,,
2018-06-04,17.81,11.76,100.0,62.36,5.91,6.838888888888889,220.0,2.743,11.36,11.76,11.76,,,,,,
2018-06-05,15.77,11.27,99.6,88.5,2.517,3.488888888888889,202.0,1.143,14.01,14.07,14.07,,,,,,
2018-06-06,17.91,13.99,100.0,86.1,2.997,3.7888888888888888,219.0,5.258,15.63,15.91,15.91,,,,,,
2018-06-07,23.36,12.32,98.5,42.31,14.59,10.419444444444444,209.0,0.0,11.45,12.74,12.74,,,,,,
2018-06-08,17.71,11.77,99.9,83.6,3.456,8.019444444444444,231.0,7.5440000000000005,11.27,13.12,13.12,,,,,,
2018-06-09,23.85,9.32,96.7,38.14,15.0,8.180555555555555,239.0,0.0,10.28,10.79,10.79,,,,,,
2018-06-10,23.3,8.07,99.0,47.74,13.07,3.5888888888888886,191.0,0.0,11.64,12.76,12.76,,,,,,
2018-06-11,23.18,11.95,97.0,63.55,7.56,4.561111111111112,243.0,0.0,16.2,16.86,16.86,,,,,,
2018-06-12,21.71,16.1,97.9,84.9,2.942,3.8805555555555555,214.0,0.0,19.34,19.87,19.87,,,,,,
2018-06-13,25.37,19.22,99.6,66.48,1.593,8.419444444444444,16.0,0.229,19.69,19.75,19.75,,,,,,
2018-06-14,24.84,14.55,100.0,51.73,13.65,8.588888888888889,210.0,0.229,7.745,14.55,14.55,,,,,,
2018-06-15,17.93,9.54,98.3,54.07,7.52,7.6499999999999995,198.0,,11.19,11.46,11.46,,,,,,
2018-06-16,11.7,10.04,100.0,95.0,1.962,4.6,243.0,5.944,11.19,11.19,11.19,,,,,,
2018-06-17,13.02,10.24,100.0,78.02,2.688,4.569444444444444,261.0,3.429,9.68,10.36,10.36,,,,,,
2018-06-18,16.69,10.04,99.4,81.1,5.392,3.861111111111111,248.0,0.229,13.83,13.91,13.91,,,,,,
2018-06-19,22.32,13.09,100.0,62.9,10.63,4.3999999999999995,238.0,0.914,15.77,15.81,15.81,,,,,,
2018-06-20,22.33,14.63,100.0,76.7,7.039,4.769444444444445,208.0,1.6,16.61,16.61,16.61,,,,,,
2018-06-21,26.13,14.27,100.0,51.64,13.32,4.611111111111112,228.0,0.229,15.53,15.59,15.59,,,,,,
2018-06-22,26.89,12.2,100.0,54.07,11.98,3.819444444444444,195.0,0.0,16.87,19.27,19.27,,,,,,
2018-06-23,19.88,15.2,97.6,76.37,3.983,5.788888888888889,204.0,0.0,14.83,15.2,15.2,,,,,,
2018-06-24,22.93,14.86,100.0,71.55,6.178,4.011111111111111,238.0,0.0,16.07,16.07,16.07,,,,,,
2018-06-25,19.0,13.12,100.0,78.53,3.676,4.45,90.0,1.143,15.29,15.32,15.32,,,,,,
2018-06-26,20.34,15.06,100.0,81.5,5.088,2.9611111111111112,258.0,0.457,16.62,16.89,16.89,,,,,,
2018-06-27,17.56,15.33,100.0,93.3,2.463,3.8805555555555555,9.0,7.823,15.48,15.48,15.48,,,,,,
2018-06-28,21.77,15.3,100.0,83.2,5.197,9.299999999999999,23.0,16.23,16.62,16.62,16.62,,,,,,
2018-06-29,26.16,14.68,100.0,65.47,10.65,3.6305555555555555,210.0,0.229,17.86,17.86,17.86,,,,,,
2018-06-30,21.75,16.91,100.0,80.3,5.342,3.819444444444444,348.0,0.0,17.95,18.39,18.39,,,,,,
2018-07-01,26.12,16.74,100.0,65.77,9.19,8.5,206.0,0.0,16.47,17.03,17.03,,,,,,
2018-07-02,24.45,16.83,99.7,67.17,7.766,3.0694444444444446,28.0,0.0,17.36,17.41,17.41,,,,,,
2018-07-03,24.14,17.17,100.0,73.33,5.442,3.2499999999999996,204.0,0.0,17.66,17.89,17.89,,,,,,
2018-07-04,17.94,13.45,100.0,84.7,2.106,4.5,74.0,0.0,11.43,13.45,13.45,,,,,,
2018-07-05,13.93,11.6,100.0,87.1,2.706,3.061111111111111,224.0,3.886,12.89,12.89,12.89,,,,,,
2018-07-06,22.88,12.08,100.0,68.23,13.2,3.261111111111111,22.0,0.0,15.41,15.45,15.45,,,,,,
2018-07-07,18.01,15.41,100.0,89.1,2.1310000000000002,1.9300000000000002,229.0,0.229,15.48,15.59,15.59,,,,,,
2018-07-08,25.13,15.28,100.0,69.5,10.25,4.55,18.0,0.0,16.01,21.11,21.11,,,,,,
2018-07-09,30.84,15.75,99.2,44.53,12.29,4.330555555555556,155.0,3.658,15.65,15.76,15.76,,,,,,
2018-07-10,18.37,13.39,99.5,59.65,3.739,8.030555555555555,233.0,0.686,8.03,14.26,14.26,,,,,,
2018-07-11,20.66,10.33,87.2,48.32,11.29,9.580555555555556,237.0,0.0,8.57,11.57,11.57,,,,,,
2018-07-12,21.66,7.975,96.8,44.31,13.9,5.1499999999999995,245.0,0.0,9.25,10.65,10.65,,,,,,
2018-07-13,21.04,7.894,97.9,42.38,14.76,4.638888888888888,24.0,0.0,9.31,10.81,10.81,,,,,,
2018-07-14,23.27,7.662,97.7,44.74,14.68,4.3694444444444445,226.0,0.0,12.17,12.88,12.88,,,,,,
2018-07-15,24.59,10.09,99.9,51.96,14.12,3.5888888888888886,27.0,0.0,14.97,15.22,15.22,,,,,,
2018-07-16,28.71,12.18,100.0,51.44,13.95,2.9499999999999997,96.0,0.0,16.85,17.69,17.69,,,,,,
2018-07-17,28.83,15.48,100.0,56.78,12.33,4.888888888888889,58.0,0.0,18.43,20.34,20.34,,,,,,
2018-07-18,26.49,17.62,98.7,67.62,12.15,4.3999999999999995,43.0,0.0,18.4,19.15,19.15,,,,,,
2018-07-19,25.68,16.53,99.5,66.04,12.31,3.6888888888888887,19.0,0.0,16.63,16.71,16.71,,,,,,
2018-07-20,27.03,15.7,100.0,66.0,12.01,3.969444444444444,78.0,0.0,16.72,16.72,16.72,,,,,,
2018-07-21,29.49,16.01,100.0,58.52,12.5,3.8999999999999995,101.0,0.0,17.01,17.52,17.52,,,,,,
2018-07-22,24.18,14.53,99.1,42.42,12.17,5.969444444444444,209.0,0.0,13.07,14.68,14.68,,,,,,
2018-07-23,19.38,14.11,96.4,73.16,4.563,3.8999999999999995,21.0,0.0,14.83,16.1,16.1,,,,,,
2018-07-24,26.44,15.0,96.3,58.02,12.29,4.1305555555555555,211.0,0.0,15.17,16.18,16.18,,,,,,
2018-07-25,17.4,15.36,100.0,87.5,2.174,3.1805555555555554,236.0,5.944,15.69,15.69,15.69,,,,,,
2018-07-26,22.4,15.58,100.0,81.4,5.152,4.438888888888889,252.0,13.49,16.79,16.86,16.86,,,,,,
2018-07-27,24.85,16.65,100.0,66.26,9.83,3.7805555555555554,31.0,0.0,16.57,16.67,16.67,,,,,,
2018-07-28,21.81,15.89,100.0,77.45,5.647,2.761111111111111,53.0,0.0,17.27,17.32,17.32,,,,,,
2018-07-29,22.89,17.05,100.0,77.55,6.768,3.8,68.0,0.0,17.39,17.43,17.43,,,,,,
2018-07-30,27.08,15.39,100.0,60.11,11.86,4.980555555555555,81.0,8.38,15.33,15.47,15.47,,,,,,
2018-07-31,17.66,14.05,99.9,87.3,2.591,3.3805555555555555,229.0,1.8290000000000002,14.29,14.29,14.29,,,,,,
2018-08-01,15.47,13.12,100.0,78.27,2.136,3.511111111111111,268.0,1.3719999999999999,10.8,13.92,13.92,,,,,,
2018-08-02,17.35,11.74,92.9,63.53,5.5120000000000005,3.5194444444444444,322.0,0.0,11.64,13.0,13.0,,,,,,
2018-08-03,15.22,12.0,100.0,87.7,3.069,3.561111111111111,231.0,10.52,14.69,14.69,14.69,,,,,,
2018-08-04,19.39,14.69,100.0,93.2,3.701,3.138888888888889,239.0,11.66,16.67,16.67,16.67,,,,,,
2018-08-05,26.09,15.24,100.0,60.8,12.3,3.3805555555555555,213.0,0.229,16.83,16.83,16.83,,,,,,
2018-08-06,24.25,14.11,100.0,36.05,14.19,8.430555555555555,215.0,0.0,11.24,14.13,14.13,,,,,,
2018-08-07,21.09,11.76,97.9,58.68,10.8,4.038888888888889,223.0,0.0,13.57,13.99,13.99,,,,,,
2018-08-08,22.32,12.42,99.4,57.72,16.05,5.730555555555555,59.0,0.0,14.54,16.28,16.28,,,,,,
2018-08-09,24.39,13.71,99.4,54.83,12.94,6.319444444444445,15.0,1.8290000000000002,16.05,16.42,16.42,,,,,,
2018-08-10,24.52,13.81,100.0,49.22,15.87,12.569444444444445,222.0,0.0,5.823,14.09,14.09,,,,,,
2018-08-11,23.59,11.2,73.47,28.04,18.44,14.580555555555556,248.0,0.0,5.684,14.19,14.19,,,,,,
2018-08-12,25.78,10.85,89.8,38.45,17.96,9.430555555555555,232.0,0.0,11.67,13.84,13.84,,,,,,
2018-08-13,24.7,10.52,97.7,46.78,16.98,4.6499999999999995,29.0,0.0,12.03,13.52,13.52,,,,,,
2018-08-14,24.54,12.88,93.3,50.43,10.66,3.861111111111111,26.0,0.0,14.5,16.49,16.49,,,,,,
2018-08-15,26.15,14.71,94.9,47.7,15.77,4.35,225.0,0.0,13.7,14.96,14.96,,,,,,
2018-08-16,21.39,12.98,98.4,67.79,6.892,4.738888888888888,23.0,0.0,12.25,15.44,15.44,,,,,,
2018-08-17,19.1,14.78,90.4,65.05,3.729,3.2694444444444444,234.0,0.0,14.25,15.82,15.82,,,,,,
2018-08-18,20.49,15.23,95.3,72.39,5.9510000000000005,4.0,,0.0,15.16,15.89,15.89,,,,,,
2018-08-19,22.23,14.86,98.0,67.73,9.8,5.269444444444444,56.0,0.0,16.32,16.83,16.83,,,,,,
2018-08-20,26.62,16.08,99.2,52.76,18.22,6.061111111111111,67.0,0.0,15.62,16.1,16.1,,,,,,
2018-08-21,18.25,15.2,98.3,93.7,2.997,3.2805555555555554,140.0,0.229,14.66,15.26,15.26,,,,,,
2018-08-22,16.0,12.84,100.0,92.3,2.9050000000000002,3.569444444444444,62.0,4.801,12.83,12.84,12.84,,,,,,
2018-08-23,17.92,12.54,100.0,90.8,3.941,3.638888888888889,33.0,10.97,15.59,15.6,15.6,,,,,,
2018-08-24,26.56,15.0,99.9,59.04,15.91,5.05,43.0,0.0,15.85,16.61,16.61,,,,,,
2018-08-25,20.34,15.81,100.0,86.3,3.178,11.169444444444444,257.0,14.73,17.97,18.01,18.01,,,,,,
2018-08-26,23.62,14.91,100.0,35.23,20.51,14.7,232.0,1.8290000000000002,5.474,15.02,15.02,,,,,,
2018-08-27,20.12,9.5,90.1,22.52,20.5,8.21111111111111,229.0,0.0,7.956,9.5,6.773,,,,,,
2018-08-28,20.64,6.764,96.6,48.77,20.66,5.1611111111111105,56.0,0.0,11.59,13.59,13.59,,,,,,
2018-08-29,23.77,12.44,93.8,59.1,15.22,6.2,23.0,0.0,15.63,16.89,16.89,,,,,,
2018-08-30,23.85,15.94,97.2,65.64,7.192,4.0,,0.0,16.64,17.56,17.56,,,,,,
2018-08-31,27.05,16.49,99.6,59.69,14.98,4.46111111111111,19.0,0.0,16.46,16.5,16.5,,,,,,
2018-09-01,25.87,16.48,100.0,63.67,14.31,4.438888888888889,29.0,0.0,17.49,18.87,18.87,,,,,,
2018-09-02,23.67,18.37,97.6,77.33,5.803,7.611111111111111,227.0,0.0,18.98,19.4,19.4,,,,,,
2018-09-03,24.08,18.46,100.0,72.35,4.314,5.030555555555555,232.0,11.66,18.9,18.9,18.9,,,,,,
2018-09-04,18.92,16.0,100.0,91.2,1.5390000000000001,6.480555555555555,231.0,50.75,14.89,16.14,16.14,,,,,,
2018-09-05,24.19,13.69,99.9,47.06,19.0,8.78888888888889,202.0,5.029,13.34,13.69,13.69,,,,,,
2018-09-06,23.85,11.03,100.0,40.0,19.7,5.319444444444444,61.0,0.229,11.66,12.72,12.72,,,,,,
2018-09-07,23.45,10.38,99.0,50.61,21.77,5.8805555555555555,22.0,0.0,12.76,14.0,14.0,,,,,,
2018-09-08,25.25,11.21,99.5,52.61,21.7,5.45,19.0,0.0,15.79,16.83,16.83,,,,,,
2018-09-09,23.52,14.59,100.0,60.5,11.25,4.611111111111112,51.0,0.0,15.37,15.76,15.76,,,,,,
2018-09-10,26.03,14.96,97.9,49.98,14.6,5.419444444444445,39.0,0.0,16.18,16.76,16.76,,,,,,
2018-09-11,25.09,15.29,100.0,59.7,13.47,4.538888888888889,62.0,0.0,15.92,16.32,16.32,,,,,,
2018-09-12,24.1,15.09,100.0,61.73,9.74,6.019444444444445,181.0,0.686,16.28,16.75,16.75,,,,,,
2018-09-13,19.98,16.34,100.0,83.4,5.555,5.71111111111111,29.0,5.944,16.55,18.39,18.39,,,,,,
2018-09-14,20.16,17.35,100.0,85.3,3.452,7.530555555555555,113.0,2.515,17.71,17.91,17.91,,,,,,
2018-09-15,20.1,17.26,100.0,93.7,2.605,4.288888888888889,137.0,2.972,17.39,17.51,17.51,,,,,,
2018-09-16,23.62,16.19,100.0,67.45,9.21,4.769444444444445,243.0,5.029,16.92,17.17,17.17,,,,,,
2018-09-17,23.57,16.36,100.0,67.35,11.11,3.5194444444444444,221.0,1.3719999999999999,17.2,17.25,17.25,,,,,,
2018-09-18,20.8,16.82,100.0,87.6,4.641,3.1194444444444445,228.0,2.972,18.09,18.32,18.32,,,,,,
2018-09-19,31.0,17.63,99.6,42.14,20.03,5.738888888888889,229.0,0.0,18.46,18.55,18.55,,,,,,
2018-09-20,30.34,18.34,99.7,56.14,17.88,5.3500000000000005,17.0,0.0,20.22,20.89,20.89,,,,,,
2018-09-21,23.96,19.65,98.8,82.5,5.502,13.130555555555556,232.0,0.0,19.44,19.7,19.7,,,,,,
2018-09-22,29.94,18.29,100.0,53.86,20.9,5.230555555555555,56.0,0.0,19.12,19.63,19.63,,,,,,
2018-09-23,30.82,18.93,97.6,56.72,19.79,5.461111111111111,51.0,0.0,19.44,20.69,20.69,,,,,,
2018-09-24,29.66,19.81,98.0,56.04,15.4,5.461111111111111,173.0,0.0,19.49,19.92,19.92,,,,,,
2018-09-25,28.73,19.13,100.0,55.69,14.35,5.469444444444445,213.0,6.401,19.14,19.5,19.5,,,,,,
2018-09-26,27.32,18.31,98.9,66.73,14.12,8.88888888888889,35.0,0.229,19.61,20.42,20.42,,,,,,
2018-09-27,27.06,19.3,99.7,68.96,9.04,4.580555555555555,11.0,1.8290000000000002,20.59,20.74,20.74,,,,,,
2018-09-28,27.3,20.4,99.9,71.63,9.47,4.038888888888889,237.0,0.0,20.21,20.96,20.96,,,,,,
2018-09-29,24.7,20.31,97.1,81.9,5.315,3.7194444444444446,222.0,2.057,20.45,21.14,21.14,,,,,,
2018-09-30,27.94,20.08,98.1,61.33,15.23,5.088888888888889,65.0,0.229,20.11,21.55,21.55,,,,,,
2018-10-01,28.44,20.78,98.0,66.45,9.13,4.1499999999999995,41.0,0.0,21.81,22.14,22.14,,,,,,
2018-10-02,36.02,21.33,99.4,38.07,21.46,5.8999999999999995,62.0,0.0,20.52,22.52,22.52,,,,,,
2018-10-03,27.02,20.08,99.4,67.12,7.068,9.919444444444444,15.0,7.772,20.03,20.2,20.2,,,,,,
2018-10-04,22.78,17.31,100.0,93.2,2.973,5.288888888888889,213.0,15.77,17.24,17.46,17.46,,,,,,
2018-10-05,21.99,15.93,99.9,71.48,6.21,7.969444444444445,257.0,13.56,16.73,17.71,17.71,,,,,,
2018-10-06,21.32,15.44,96.9,64.93,4.954,3.569444444444444,76.0,0.0,14.98,15.46,15.46,,,,,,
2018-10-07,19.87,15.18,99.2,67.78,5.975,3.188888888888889,234.0,2.286,15.75,15.86,15.86,,,,,,
2018-10-08,18.92,15.32,100.0,98.2,3.659,4.8805555555555555,211.0,27.66,18.29,18.29,18.29,,,,,,
2018-10-09,22.71,18.13,100.0,87.9,4.649,2.811111111111111,37.0,4.343,19.79,19.8,19.8,,,,,,
2018-10-10,30.66,19.02,100.0,63.0,19.88,5.919444444444444,238.0,8.81,21.24,21.49,21.49,,,,,,
2018-10-11,27.76,19.09,99.7,68.82,10.97,9.488888888888887,28.0,1.3719999999999999,17.49,19.09,19.09,,,,,,
2018-10-12,20.45,15.82,99.3,76.94,5.639,5.061111111111111,250.0,15.09,16.77,16.92,16.92,,,,,,
2018-10-13,25.26,16.76,100.0,74.47,10.19,5.3,67.0,2.972,19.6,19.9,19.9,,,,,,
2018-10-14,26.42,18.39,100.0,73.6,6.5,8.480555555555556,228.0,4.572,17.94,18.56,18.56,,,,,,
2018-10-15,19.26,15.87,100.0,90.5,3.217,5.55,229.0,29.49,15.87,15.87,15.87,,,,,,
2018-10-16,19.92,15.86,100.0,96.0,4.574,4.35,36.0,14.17,17.35,17.46,17.46,,,,,,
2018-10-17,22.98,17.17,100.0,83.3,6.764,4.661111111111111,11.0,1.8290000000000002,19.33,19.33,19.33,,,,,,
2018-10-18,27.15,19.32,100.0,76.33,10.69,4.419444444444444,61.0,27.51,21.02,21.02,21.02,,,,,,
2018-10-19,28.63,20.2,100.0,66.71,10.16,7.438888888888889,26.0,1.3719999999999999,19.52,20.2,20.2,,,,,,
2018-10-20,26.12,18.98,98.8,66.34,9.06,4.75,148.0,0.0,15.12,19.03,19.03,,,,,,
2018-10-21,25.11,16.56,94.5,46.48,14.22,5.030555555555555,220.0,0.0,15.1,17.61,17.61,,,,,,
2018-10-22,22.49,15.96,98.5,73.56,9.38,4.188888888888889,61.0,1.3719999999999999,16.6,17.36,17.36,,,,,,
2018-10-23,26.48,15.77,100.0,54.54,24.41,6.288888888888889,47.0,0.0,17.21,18.04,18.04,,,,,,
2018-10-24,27.94,17.1,97.7,52.94,14.96,4.519444444444444,262.0,0.0,18.85,20.82,20.82,,,,,,
2018-10-25,20.85,17.29,100.0,88.3,3.156,5.238888888888889,202.0,33.38,17.8,17.8,17.8,,,,,,
2018-10-26,20.9,17.66,100.0,98.6,4.478,4.9,32.0,18.06,19.57,19.57,19.57,,,,,,
2018-10-27,23.46,19.14,100.0,89.2,6.56,5.3500000000000005,47.0,14.86,20.67,20.67,20.67,,,,,,
2018-10-28,31.28,19.46,100.0,36.41,26.28,14.53888888888889,235.0,0.229,14.01,19.46,19.46,,,,,,
2018-10-29,26.46,15.29,93.3,46.48,22.0,5.8999999999999995,26.0,0.0,15.79,17.11,17.11,,,,,,
2018-10-30,24.67,15.86,99.0,60.52,14.66,6.769444444444445,28.0,2.057,16.86,18.98,18.98,,,,,,
2018-10-31,27.68,17.96,91.7,55.25,23.83,6.438888888888888,39.0,0.0,19.09,21.59,21.59,,,,,,
2018-11-01,24.27,19.11,98.3,64.87,5.239,10.369444444444444,222.0,5.029,18.1,20.88,20.88,,,,,,
2018-11-02,28.69,18.7,99.4,63.02,8.89,6.488888888888889,232.0,11.05,17.78,19.86,19.86,,,,,,
2018-11-03,25.44,17.61,99.5,67.94,10.91,4.030555555555555,7.0,1.8290000000000002,19.22,19.88,19.88,,,,,,
2018-11-04,30.41,19.09,98.9,60.4,15.62,8.21111111111111,217.0,23.32,18.85,19.17,19.17,,,,,,
2018-11-05,24.1,18.83,98.9,69.68,7.963,3.9805555555555556,88.0,1.6,17.33,18.9,18.9,,,,,,
2018-11-06,26.0,18.09,99.0,52.06,10.93,7.230555555555556,28.0,0.0,17.27,18.62,18.62,,,,,,
2018-11-07,26.99,17.07,99.1,63.25,17.1,5.669444444444444,79.0,1.8290000000000002,18.88,20.06,20.06,,,,,,
2018-11-08,27.03,18.39,99.5,60.86,16.4,5.8694444444444445,84.0,3.658,16.28,18.41,18.41,,,,,,
2018-11-09,25.91,16.95,98.3,56.04,19.19,5.8,191.0,1.3719999999999999,17.41,17.95,17.95,,,,,,
2018-11-10,23.47,17.19,100.0,82.1,8.5,6.861111111111111,65.0,30.23,19.82,19.82,19.82,,,,,,
2018-11-11,25.78,19.15,100.0,78.59,12.26,6.811111111111111,10.0,7.772,20.92,20.92,20.92,,,,,,
2018-11-12,30.45,20.21,100.0,56.46,24.15,6.35,97.0,0.457,21.59,22.85,22.85,,,,,,
2018-11-13,30.3,22.05,97.5,59.23,17.24,5.838888888888889,49.0,0.0,21.67,22.13,22.13,,,,,,
2018-11-14,30.46,22.09,98.4,63.2,16.8,5.938888888888888,51.0,0.457,22.19,23.48,23.48,,,,,,
2018-11-15,34.13,22.52,98.3,59.42,15.78,14.1,244.0,5.842,22.25,23.13,23.13,,,,,,
2018-11-16,29.85,21.72,98.5,46.55,20.39,5.5,66.0,0.0,17.69,22.27,22.27,,,,,,
2018-11-17,30.08,20.44,90.9,40.25,23.84,5.8694444444444445,38.0,0.0,19.18,22.1,22.1,,,,,,
2018-11-18,27.8,18.71,91.1,55.0,25.96,6.861111111111111,68.0,0.0,19.51,22.43,22.43,,,,,,
2018-11-19,26.04,19.83,98.1,71.68,7.324,9.238888888888889,218.0,5.029,17.23,19.89,19.89,,,,,,
2018-11-20,25.44,18.35,86.8,43.32,17.84,4.280555555555556,49.0,0.0,16.57,19.2,19.2,,,,,,
2018-11-21,25.28,17.19,97.3,63.6,12.06,5.338888888888889,91.0,0.914,16.97,18.11,18.11,,,,,,
2018-11-22,26.89,15.88,99.7,43.25,18.31,5.238888888888889,20.0,4.801,18.96,19.05,19.05,,,,,,
2018-11-23,29.11,18.82,100.0,64.45,15.55,4.3,82.0,2.515,21.46,22.49,22.49,,,,,,
2018-11-24,27.54,21.19,98.8,72.48,7.961,4.211111111111111,16.0,0.0,21.71,22.52,22.52,,,,,,
2018-11-25,33.96,22.01,98.7,52.38,19.83,10.45,12.0,0.229,19.23,24.43,24.43,,,,,,
2018-11-26,29.01,20.94,87.0,51.58,21.12,6.619444444444444,89.0,0.0,19.24,21.56,21.56,,,,,,
2018-11-27,24.4,19.28,97.2,69.66,6.705,3.969444444444444,235.0,1.143,18.49,19.92,19.92,,,,,,
2018-11-28,25.36,18.36,98.5,66.81,8.77,4.830555555555556,18.0,1.8290000000000002,19.44,19.68,19.68,,,,,,
2018-11-29,26.94,19.0,99.2,68.2,13.01,5.530555555555556,85.0,0.229,19.78,21.84,21.84,,,,,,
2018-11-30,28.28,20.26,99.4,67.47,9.59,6.361111111111111,27.0,2.972,21.28,21.4,21.4,,,,,,
2018-12-01,31.72,20.64,100.0,61.87,14.02,9.119444444444444,236.0,63.96,20.82,20.83,20.83,,,,,,
2018-12-02,34.26,20.42,100.0,46.57,22.75,7.8500000000000005,266.0,3.251,21.88,22.52,22.52,,,,,,
2018-12-03,27.72,20.0,97.9,66.12,12.94,5.669444444444444,190.0,0.229,15.34,20.0,20.0,,,,,,
2018-12-04,23.43,18.21,91.8,62.54,9.29,5.011111111111111,7.0,0.0,17.3,18.65,18.65,,,,,,
2018-12-05,30.2,17.45,99.0,47.27,28.2,6.080555555555556,36.0,0.0,19.92,21.04,21.04,,,,,,
2018-12-06,34.7,18.42,99.3,26.2,31.04,7.769444444444444,244.0,0.0,18.31,21.86,21.86,,,,,,
2018-12-07,28.86,20.0,91.5,59.06,13.87,5.580555555555556,65.0,0.0,18.22,20.02,20.02,,,,,,
2018-12-08,24.16,17.81,97.3,58.4,9.26,4.111111111111112,78.0,1.6,13.34,18.7,18.7,,,,,,
2018-12-09,26.58,14.7,92.1,41.91,28.58,7.038888888888889,62.0,0.0,14.93,17.99,17.99,,,,,,
2018-12-10,27.64,15.57,94.6,47.05,25.33,7.930555555555555,18.0,0.0,17.32,21.39,21.39,,,,,,
2018-12-11,30.92,18.01,93.4,50.98,29.11,6.038888888888888,15.0,0.0,20.78,21.95,21.95,,,,,,
2018-12-12,32.84,20.73,97.6,54.56,25.82,6.819444444444445,27.0,0.0,21.89,23.1,23.1,,,,,,
2018-12-13,36.64,21.64,98.8,47.56,28.2,6.35,22.0,0.0,21.92,25.2,25.2,,,,,,
2018-12-14,33.44,23.23,92.1,51.27,27.98,5.680555555555555,20.0,0.0,23.1,24.45,24.45,,,,,,
2018-12-15,33.86,23.42,99.1,61.77,22.18,6.011111111111111,228.0,2.972,23.41,24.54,24.54,,,,,,
2018-12-16,35.76,22.81,95.7,55.34,19.28,6.069444444444445,217.0,0.0,21.57,23.97,23.97,,,,,,
2018-12-17,33.78,22.64,95.6,55.75,21.78,6.069444444444445,31.0,0.0,23.62,25.04,25.04,,,,,,
2018-12-18,34.44,24.29,96.0,60.88,24.33,7.01111111111111,72.0,0.0,25.03,26.54,26.54,,,,,,
2018-12-19,36.33,22.24,99.0,56.83,19.67,6.1,235.0,16.23,22.21,22.39,22.39,,,,,,
2018-12-20,33.49,22.25,99.3,60.1,23.45,4.8694444444444445,52.0,1.6,24.16,24.48,24.48,,,,,,
2018-12-21,34.54,22.53,98.9,63.17,21.68,6.388888888888888,269.0,4.572,21.85,22.54,22.54,,,,,,
2018-12-22,35.1,22.48,96.8,53.38,18.16,18.119444444444444,262.0,5.715,22.26,23.85,23.85,,,,,,
2018-12-23,35.17,21.83,99.5,52.11,21.69,11.430555555555555,218.0,19.74,22.48,22.54,22.54,,,,,,
2018-12-24,30.11,21.42,100.0,67.22,17.98,6.388888888888888,211.0,31.95,21.76,23.16,23.16,,,,,,
2018-12-25,27.03,21.13,98.1,76.07,7.9030000000000005,3.511111111111111,216.0,12.45,20.87,21.17,21.17,,,,,,
2018-12-26,26.63,20.2,100.0,73.2,10.6,3.3388888888888886,258.0,11.66,20.76,21.33,21.33,,,,,,
2018-12-27,30.24,20.04,99.2,58.38,18.23,5.461111111111111,68.0,0.0,21.21,22.34,22.34,,,,,,
2018-12-28,30.95,21.21,97.0,60.54,20.5,6.0,54.0,0.711,21.35,23.89,23.89,,,,,,
2018-12-29,32.56,21.08,98.9,53.29,24.13,6.061111111111111,73.0,0.0,22.56,24.75,24.75,,,,,,
2018-12-30,32.73,22.58,97.6,51.46,27.07,6.538888888888889,27.0,0.0,23.26,25.52,25.52,,,,,,
2018-12-31,33.65,23.84,94.7,53.37,27.89,5.6,25.0,0.0,23.63,26.33,26.33,,,,,,
2019-01-01,33.5,23.97,95.3,54.98,22.49,6.330555555555555,78.0,0.0,23.36,24.99,24.99,,,,,,
2019-01-02,33.49,23.15,96.7,51.63,27.16,6.3,38.0,0.0,23.34,26.31,26.31,,,,,,
2019-01-03,34.32,23.35,97.4,56.81,28.67,5.938888888888888,72.0,0.0,24.67,26.26,26.26,,,,,,
2019-01-04,41.57,24.7,96.5,34.6,23.55,9.619444444444445,255.0,0.0,22.69,26.3,26.3,,,,,,
2019-01-05,30.66,22.75,99.3,72.86,8.62,4.780555555555556,199.0,17.78,22.65,22.75,22.75,,,,,,
2019-01-06,25.63,22.13,100.0,79.69,5.388,5.430555555555555,238.0,10.29,21.73,22.38,22.38,,,,,,
2019-01-07,29.49,21.55,98.6,67.95,12.17,4.0,,0.0,22.55,24.22,24.22,,,,,,
2019-01-08,35.64,22.78,96.8,52.37,23.5,10.330555555555554,341.0,2.286,21.81,31.25,28.53,,,,,,
2019-01-09,36.22,24.38,98.1,49.28,15.75,10.080555555555556,214.0,13.74,23.57,24.42,24.42,,,,,,
2019-01-10,33.42,23.43,96.9,60.8,18.32,5.438888888888888,64.0,0.0,25.42,30.67,26.93,,,,,,
2019-01-11,33.99,23.5,93.8,54.71,23.48,7.019444444444444,62.0,0.0,21.22,23.5,23.5,,,,,,
2019-01-12,34.9,22.19,94.0,46.69,26.9,5.1,86.0,0.0,23.69,25.29,25.29,,,,,,
2019-01-13,33.42,21.92,99.2,57.83,18.05,6.461111111111111,30.0,45.57,22.56,22.69,22.69,,,,,,
2019-01-14,33.52,21.71,99.7,61.7,17.73,5.480555555555555,338.0,7.087,23.4,23.62,23.62,,,,,,
2019-01-15,34.76,21.16,99.5,59.3,18.77,16.4,272.0,34.57,22.85,23.32,23.32,,,,,,
2019-01-16,35.14,23.29,98.9,56.24,25.15,12.35,206.0,0.457,23.14,23.91,23.91,,,,,,
2019-01-17,39.79,23.52,98.1,32.82,27.05,8.230555555555554,231.0,0.686,23.68,31.63,27.96,,,,,,
2019-01-18,38.86,23.17,98.0,41.19,20.35,10.611111111111112,219.0,3.429,23.05,23.47,23.47,,,,,,
2019-01-19,33.36,22.88,97.5,59.64,20.86,6.1,234.0,1.8290000000000002,22.78,23.43,23.43,,,,,,
2019-01-20,34.98,22.11,99.5,57.88,15.22,9.530555555555557,231.0,43.66,22.19,22.31,22.31,,,,,,
2019-01-21,29.19,21.46,99.1,64.21,9.36,4.45,221.0,0.457,21.99,23.5,23.5,,,,,,
2019-01-22,34.08,22.22,97.5,57.75,24.98,5.238888888888889,88.0,0.0,23.53,24.79,24.79,,,,,,
2019-01-23,29.53,24.23,93.0,69.64,9.36,4.719444444444444,257.0,0.0,23.83,25.37,25.37,,,,,,
2019-01-24,34.68,24.08,97.0,61.11,25.95,5.669444444444444,38.0,0.0,25.26,30.75,27.0,,,,,,
2019-01-25,30.4,23.47,98.9,76.6,7.546,4.269444444444444,75.0,9.17,22.79,23.55,23.55,,,,,,
2019-01-26,31.93,22.5,99.0,59.54,16.01,4.55,136.0,7.595,22.56,23.15,23.15,,,,,,
2019-01-27,32.68,22.53,99.4,56.07,26.61,6.930555555555555,93.0,21.34,22.98,24.39,24.39,,,,,,
2019-01-28,33.71,22.34,98.8,58.08,16.59,5.969444444444444,241.0,25.7,23.07,23.25,23.25,,,,,,
2019-01-29,35.76,22.39,99.8,51.0,28.5,5.71111111111111,60.0,0.0,26.04,31.1,26.96,,,,,,
2019-01-30,37.9,25.46,99.4,47.73,27.05,5.319444444444444,67.0,0.0,25.98,30.94,26.91,,,,,,
2019-01-31,38.91,24.55,100.0,42.99,28.19,7.138888888888888,274.0,0.0,20.23,28.93,27.3,,,,,,
2019-02-01,39.45,24.07,80.2,35.46,26.11,10.261111111111111,216.0,0.0,22.05,28.73,26.68,,,,,,
2019-02-02,36.76,23.04,96.8,50.32,21.15,9.030555555555555,234.0,8.36,22.48,23.26,23.26,,,,,,
2019-02-03,37.04,22.33,97.6,47.01,22.63,9.938888888888888,232.0,6.401,22.62,23.28,23.28,,,,,,
2019-02-04,29.12,19.51,97.2,70.81,8.25,7.138888888888888,218.0,13.06,18.97,19.75,19.75,,,,,,
2019-02-05,25.54,18.79,99.5,67.57,8.29,5.069444444444445,229.0,5.486,19.47,19.65,19.65,,,,,,
2019-02-06,24.49,19.16,99.3,75.46,8.43,5.069444444444445,232.0,2.515,19.82,20.27,20.27,,,,,,
2019-02-07,28.6,19.53,98.5,59.97,13.12,4.188888888888889,31.0,0.0,19.31,19.55,19.55,,,,,,
2019-02-08,30.72,17.31,100.0,52.88,25.31,5.238888888888889,98.0,0.0,20.77,22.84,22.84,,,,,,
2019-02-09,33.86,20.3,98.8,49.09,27.88,5.6194444444444445,62.0,0.0,22.3,24.03,24.03,,,,,,
2019-02-10,33.52,22.33,96.7,55.21,27.38,5.75,14.0,0.0,23.12,25.88,25.88,,,,,,
2019-02-11,33.37,23.25,91.7,53.58,25.41,6.530555555555556,47.0,0.0,23.99,26.51,26.51,,,,,,
2019-02-12,34.29,23.4,99.0,62.94,13.02,7.8805555555555555,210.0,14.76,23.77,23.92,23.92,,,,,,
2019-02-13,31.35,23.17,99.0,66.39,14.57,6.730555555555555,221.0,0.457,19.22,23.27,23.27,,,,,,
2019-02-14,25.79,19.83,95.8,61.44,8.16,5.019444444444445,172.0,0.686,19.41,20.09,20.09,,,,,,
2019-02-15,27.87,19.47,96.8,59.3,13.14,5.199999999999999,25.0,0.0,19.44,23.0,23.0,,,,,,
2019-02-16,22.99,18.98,100.0,80.1,3.303,6.238888888888889,214.0,35.66,19.28,19.28,19.28,,,,,,
2019-02-17,24.3,18.97,100.0,84.5,7.036,5.238888888888889,224.0,59.13,20.53,20.53,20.53,,,,,,
2019-02-18,23.39,20.25,100.0,97.1,5.513,8.380555555555556,233.0,81.3,21.34,21.34,21.34,,,,,,
2019-02-19,32.3,21.09,100.0,57.8,23.17,7.319444444444445,226.0,2.515,22.32,23.45,23.45,,,,,,
2019-02-20,33.39,21.75,100.0,53.26,18.85,6.680555555555555,274.0,1.143,22.71,23.19,23.19,,,,,,
2019-02-21,33.96,21.38,98.9,48.96,19.82,11.71111111111111,239.0,10.97,21.08,21.43,21.43,,,,,,
2019-02-22,31.75,21.34,99.8,65.66,11.6,6.080555555555556,269.0,45.14,22.16,22.19,22.19,,,,,,
2019-02-23,32.34,21.3,100.0,63.04,19.5,4.169444444444444,31.0,5.283,24.0,24.51,24.51,,,,,,
2019-02-24,38.54,22.83,100.0,43.53,23.28,6.2,12.0,6.248,24.48,26.03,26.03,,,,,,
2019-02-25,39.65,23.79,98.2,36.71,21.32,11.430555555555555,273.0,0.229,23.37,25.7,25.7,,,,,,
2019-02-26,31.48,21.13,97.9,71.1,8.32,9.569444444444445,217.0,9.6,20.43,21.16,21.16,,,,,,
2019-02-27,23.95,18.92,98.3,82.0,4.726,8.21111111111111,215.0,1.143,19.76,20.71,20.71,,,,,,
2019-02-28,21.61,19.66,100.0,93.6,3.989,5.730555555555555,226.0,30.18,19.84,19.84,19.84,,,,,,
2019-03-01,26.89,19.56,100.0,73.29,11.06,4.138888888888889,29.0,3.429,21.35,21.69,21.69,,,,,,
2019-03-02,28.94,20.53,100.0,67.23,12.54,3.4694444444444446,63.0,0.0,21.57,22.39,22.39,,,,,,
2019-03-03,34.38,21.11,99.7,49.04,25.43,5.088888888888889,238.0,0.0,22.82,23.69,23.69,,,,,,
2019-03-04,33.26,22.21,99.2,54.48,22.92,6.580555555555556,20.0,0.0,23.24,24.36,24.36,,,,,,
2019-03-05,31.37,21.89,99.5,66.67,15.48,4.6305555555555555,33.0,1.3719999999999999,23.51,24.15,24.15,,,,,,
2019-03-06,33.86,22.6,100.0,55.7,24.05,5.019444444444445,28.0,0.229,22.92,25.47,25.47,,,,,,
2019-03-07,33.05,23.2,99.5,61.04,11.96,5.030555555555555,229.0,4.115,23.26,23.34,23.34,,,,,,
2019-03-08,33.96,22.5,100.0,52.14,12.59,5.71111111111111,231.0,0.457,23.02,24.93,24.93,,,,,,
2019-03-09,34.81,22.95,95.2,51.68,18.14,12.61111111111111,231.0,0.0,21.26,23.1,23.1,,,,,,
2019-03-10,32.65,21.99,97.4,62.89,15.11,5.469444444444445,237.0,12.7,21.77,22.68,22.68,,,,,,
2019-03-11,27.31,20.66,98.8,72.61,6.9190000000000005,4.738888888888888,202.0,6.629,19.19,20.69,20.69,,,,,,
2019-03-12,26.05,19.98,98.4,70.25,7.79,4.3805555555555555,231.0,1.3719999999999999,20.3,20.55,20.55,,,,,,
2019-03-13,25.77,20.0,99.7,79.69,9.47,6.1,213.0,0.914,21.79,22.3,22.3,,,,,,
2019-03-14,33.09,21.16,99.9,59.7,20.51,12.488888888888889,356.0,14.45,22.61,22.71,22.71,,,,,,
2019-03-15,34.69,22.16,100.0,54.69,18.29,4.780555555555556,348.0,77.52,23.47,23.47,23.47,,,,,,
2019-03-16,24.85,21.78,100.0,87.9,4.971,5.638888888888889,216.0,117.6,21.81,21.93,21.93,,,,,,
2019-03-17,26.73,21.81,100.0,80.7,5.876,4.261111111111111,200.0,8.94,22.21,22.68,22.68,,,,,,
2019-03-18,29.19,21.73,99.9,70.61,10.47,4.169444444444444,73.0,1.626,22.5,23.44,23.44,,,,,,
2019-03-19,30.98,22.38,99.1,69.25,11.83,6.569444444444444,213.0,4.496,22.44,22.64,22.64,,,,,,
2019-03-20,32.65,21.57,99.8,52.2,17.94,6.030555555555556,208.0,1.3719999999999999,22.53,23.96,23.96,,,,,,
2019-03-21,27.68,18.68,97.0,63.96,8.12,5.05,248.0,0.0,18.29,18.78,18.78,,,,,,
2019-03-22,23.92,17.74,96.9,71.18,4.561,5.249999999999999,257.0,0.914,16.99,17.78,17.78,,,,,,
2019-03-23,21.75,17.1,99.5,88.1,5.7940000000000005,5.269444444444444,232.0,9.83,18.4,18.59,18.59,,,,,,
2019-03-24,31.67,17.27,100.0,51.92,19.9,3.888888888888889,49.0,0.0,20.4,21.93,21.93,,,,,,
2019-03-25,31.22,19.8,98.9,59.06,22.83,4.6499999999999995,61.0,0.0,22.32,23.07,23.07,,,,,,
2019-03-26,34.15,21.38,99.9,48.07,20.39,4.761111111111111,189.0,0.0,20.83,21.55,21.55,,,,,,
2019-03-27,23.32,19.56,99.9,79.04,3.685,3.8499999999999996,257.0,2.743,19.56,19.58,19.58,,,,,,
2019-03-28,22.76,18.75,100.0,79.45,4.307,5.819444444444444,235.0,3.429,19.88,19.9,19.9,,,,,,
2019-03-29,23.53,18.97,100.0,85.8,7.763,5.430555555555555,255.0,21.03,19.61,19.67,19.67,,,,,,
2019-03-30,28.34,19.08,100.0,64.09,12.95,5.261111111111111,64.0,5.486,20.01,20.34,20.34,,,,,,
2019-03-31,30.08,18.5,100.0,49.35,22.37,4.888888888888889,56.0,0.0,18.6,20.47,20.47,,,,,,
2019-04-01,28.76,18.09,99.2,62.72,12.99,3.6305555555555555,20.0,0.0,21.09,21.95,21.95,,,,,,
2019-04-02,30.97,20.24,100.0,52.28,20.4,6.711111111111111,56.0,0.229,20.13,21.35,21.35,,,,,,
2019-04-03,30.86,19.17,99.6,52.03,21.27,4.811111111111111,39.0,0.0,21.07,22.4,22.4,,,,,,
2019-04-04,33.45,20.49,98.9,55.03,19.13,4.6305555555555555,25.0,0.0,22.64,23.47,23.47,,,,,,
2019-04-05,32.51,21.85,99.9,63.89,18.16,5.511111111111111,55.0,0.0,24.21,25.25,25.25,,,,,,
2019-04-06,34.34,23.2,98.0,55.31,10.63,10.06111111111111,227.0,1.143,21.28,23.21,23.21,,,,,,
2019-04-07,24.92,20.47,99.9,74.38,5.153,3.411111111111111,318.0,12.34,20.57,20.57,20.57,,,,,,
2019-04-08,22.87,19.53,100.0,95.0,3.407,4.161111111111111,267.0,39.32,19.58,19.58,19.58,,,,,,
2019-04-09,22.43,18.74,100.0,83.9,6.008,6.519444444444444,240.0,2.743,17.89,19.13,19.13,,,,,,
2019-04-10,27.52,16.92,99.2,51.31,13.82,5.45,235.0,0.0,17.09,18.1,18.1,,,,,,
2019-04-11,29.19,16.64,98.4,54.44,15.7,4.430555555555555,234.0,1.143,19.24,21.21,21.21,,,,,,
2019-04-12,30.61,19.49,98.4,56.51,14.56,4.419444444444444,36.0,0.0,20.55,20.94,20.94,,,,,,
2019-04-13,32.67,19.04,100.0,46.64,19.79,4.780555555555556,209.0,0.686,21.56,21.89,21.89,,,,,,
2019-04-14,29.67,20.48,100.0,58.8,14.43,5.338888888888889,15.0,0.0,21.62,22.13,22.13,,,,,,
2019-04-15,31.91,20.85,100.0,59.75,15.16,4.861111111111111,47.0,0.0,23.4,23.53,23.53,,,,,,
2019-04-16,31.89,22.01,100.0,55.89,16.25,4.411111111111111,24.0,0.0,21.74,22.57,22.57,,,,,,
2019-04-17,29.65,20.58,98.8,63.2,8.9,6.1,234.0,17.83,19.49,21.0,21.0,,,,,,
2019-04-18,30.22,18.57,100.0,41.71,20.15,8.5,236.0,0.0,17.51,20.38,20.38,,,,,,
2019-04-19,31.31,16.74,95.0,45.64,19.79,5.930555555555556,206.0,0.0,20.09,22.34,22.34,,,,,,
2019-04-20,30.54,19.2,98.6,51.6,19.32,4.680555555555556,31.0,0.0,20.24,20.9,20.9,,,,,,
2019-04-21,33.42,19.13,99.7,45.76,16.19,3.911111111111111,29.0,0.0,19.48,22.85,22.85,,,,,,
2019-04-22,28.83,21.07,99.6,56.51,8.93,3.1,39.0,9.37,21.54,21.6,21.6,,,,,,
2019-04-23,21.8,19.84,100.0,97.8,1.252,4.45,231.0,35.43,19.87,19.87,19.87,,,,,,
2019-04-24,21.29,19.39,100.0,92.9,3.105,6.111111111111111,233.0,6.172,19.66,19.66,19.66,,,,,,
2019-04-25,26.38,19.54,100.0,84.1,8.04,6.138888888888889,215.0,44.22,22.39,22.47,22.47,,,,,,
2019-04-26,30.51,22.05,100.0,65.43,9.13,3.138888888888889,240.0,0.0,22.86,22.89,22.89,,,,,,
2019-04-27,31.02,22.07,100.0,63.39,14.22,4.669444444444444,34.0,0.0,22.28,22.53,22.53,,,,,,
2019-04-28,30.28,21.81,100.0,69.03,7.962,9.511111111111111,240.0,19.81,22.48,22.5,22.5,,,,,,
2019-04-29,23.47,20.32,99.9,88.8,3.427,5.8694444444444445,206.0,2.972,20.41,20.45,20.45,,,,,,
2019-04-30,28.18,19.06,100.0,58.08,14.14,5.138888888888888,18.0,0.0,18.52,20.48,20.48,,,,,,
2019-05-01,27.86,18.9,98.0,61.88,11.53,4.938888888888889,68.0,0.0,19.61,20.96,20.96,,,,,,
2019-05-02,27.44,18.97,99.5,67.54,7.674,4.188888888888889,252.0,0.0,21.0,21.35,21.35,,,,,,
2019-05-03,26.4,20.18,100.0,78.18,5.912,3.1,212.0,5.486,22.03,22.37,22.37,,,,,,
2019-05-04,31.06,21.24,100.0,63.54,15.97,4.338888888888889,59.0,0.0,23.53,23.69,23.69,,,,,,
2019-05-05,31.85,23.04,100.0,68.65,10.61,4.038888888888889,268.0,0.0,23.13,23.37,23.37,,,,,,
2019-05-06,30.53,21.24,100.0,65.84,10.14,3.8694444444444445,59.0,0.0,23.1,24.07,24.07,,,,,,
2019-05-07,33.72,22.11,100.0,58.57,13.51,7.3694444444444445,230.0,14.43,22.13,22.17,22.17,,,,,,
2019-05-08,24.14,19.78,99.7,77.57,3.499,3.7194444444444446,240.0,5.258,17.82,19.79,19.79,,,,,,
2019-05-09,24.81,18.8,96.2,65.04,6.434,3.4694444444444446,258.0,0.0,19.17,19.8,19.8,,,,,,
2019-05-10,26.06,18.74,99.9,68.23,8.79,5.1,55.0,0.914,19.49,19.78,19.78,,,,,,
2019-05-11,27.16,19.36,99.3,71.08,9.05,3.8,19.0,0.0,21.29,21.77,21.77,,,,,,
2019-05-12,25.08,19.5,100.0,84.7,3.3609999999999998,7.588888888888889,254.0,15.16,19.81,19.81,19.81,,,,,,
2019-05-13,22.26,19.02,100.0,86.1,2.914,5.538888888888889,217.0,1.8290000000000002,19.09,19.09,19.09,,,,,,
2019-05-14,22.77,18.63,100.0,88.1,3.9370000000000003,3.9888888888888885,248.0,0.914,20.75,20.75,20.75,,,,,,
2019-05-15,25.9,18.71,100.0,58.19,14.43,9.438888888888888,244.0,0.0,16.04,19.12,19.12,,,,,,
2019-05-16,21.46,17.39,98.7,74.51,6.121,6.769444444444445,239.0,3.886,17.31,17.51,17.51,,,,,,
2019-05-17,23.51,15.89,100.0,64.19,7.214,5.8805555555555555,200.0,18.82,15.86,15.92,15.92,,,,,,
2019-05-18,24.46,15.88,99.6,71.9,7.678,4.938888888888889,231.0,1.143,17.28,17.6,17.6,,,,,,
2019-05-19,23.23,17.23,100.0,81.4,7.111,4.388888888888889,52.0,17.55,18.43,18.43,18.43,,,,,,
2019-05-20,24.86,18.15,100.0,82.4,5.995,4.9,253.0,4.343,19.92,19.98,19.98,,,,,,
2019-05-21,29.18,19.26,100.0,61.53,13.08,3.4194444444444443,64.0,0.0,19.61,19.9,19.9,,,,,,
2019-05-22,28.87,18.65,100.0,63.36,11.79,3.05,327.0,0.0,19.94,20.27,20.27,,,,,,
2019-05-23,28.24,19.32,98.9,64.31,9.49,4.161111111111111,78.0,0.0,20.82,21.24,21.24,,,,,,
2019-05-24,21.31,19.87,100.0,97.4,1.438,2.888888888888889,236.0,10.74,19.89,19.89,19.89,,,,,,
2019-05-25,23.05,15.36,100.0,60.62,3.705,7.611111111111111,58.0,22.45,11.95,16.11,16.11,,,,,,
2019-05-26,25.45,14.38,94.0,43.26,15.14,8.538888888888888,231.0,0.0,14.98,15.93,15.93,,,,,,
2019-05-27,25.33,14.53,97.4,59.98,13.23,4.819444444444445,21.0,0.0,15.91,16.88,16.88,,,,,,
2019-05-28,27.23,14.73,99.8,56.15,9.8,3.8305555555555553,25.0,0.0,17.38,17.77,17.77,,,,,,
2019-05-29,21.14,16.69,100.0,86.2,1.349,10.019444444444444,225.0,7.772,18.42,19.56,19.56,,,,,,
2019-05-30,26.15,18.53,98.0,65.86,7.661,4.080555555555556,30.0,0.0,18.95,19.5,19.5,,,,,,
2019-05-31,20.14,18.02,100.0,96.5,1.333,8.761111111111111,232.0,53.16,19.22,19.22,19.22,,,,,,
2019-06-01,19.7,18.56,100.0,100.0,1.786,6.288888888888889,231.0,46.35,18.71,18.71,18.71,,,,,,
2019-06-02,23.37,18.23,100.0,83.8,5.163,4.8500000000000005,205.0,10.74,18.71,18.71,18.71,,,,,,
2019-06-03,22.35,18.45,100.0,89.8,4.646,4.8388888888888895,221.0,13.97,18.57,18.57,18.57,,,,,,
2019-06-04,23.62,15.71,100.0,76.84,6.131,6.038888888888888,205.0,12.9,15.61,15.97,15.97,,,,,,
2019-06-05,24.41,13.56,100.0,48.69,13.7,5.05,240.0,0.0,12.79,13.63,13.63,,,,,,
2019-06-06,24.45,11.71,99.7,63.23,10.61,4.25,208.0,0.0,15.67,15.72,15.72,,,,,,
2019-06-07,22.94,15.08,100.0,76.35,5.864,5.961111111111111,31.0,2.286,16.61,16.77,16.77,,,,,,
2019-06-08,27.47,13.89,100.0,55.59,14.12,4.419444444444444,322.0,0.0,16.35,17.0,17.0,,,,,,
2019-06-09,29.32,14.05,99.8,46.63,14.06,4.438888888888889,31.0,0.0,18.5,18.74,18.74,,,,,,
2019-06-10,26.92,17.27,100.0,57.38,9.89,3.6805555555555554,30.0,0.0,17.72,17.85,17.85,,,,,,
2019-06-11,26.38,15.94,100.0,65.26,11.47,4.069444444444445,12.0,0.0,18.14,18.21,18.21,,,,,,
2019-06-12,28.04,15.44,100.0,50.06,12.63,3.2805555555555554,30.0,0.0,17.06,17.35,17.35,,,,,,
2019-06-13,25.68,15.31,100.0,67.95,11.31,3.7,33.0,0.0,18.41,18.47,18.47,,,,,,
2019-06-14,28.74,17.66,100.0,53.24,12.0,3.411111111111111,23.0,0.0,18.77,18.84,18.84,,,,,,
2019-06-15,30.36,16.1,100.0,56.51,12.69,3.619444444444444,28.0,0.0,19.51,19.6,19.6,,,,,,
2019-06-16,30.13,18.75,100.0,60.84,11.84,3.311111111111111,38.0,0.0,20.54,20.54,20.54,,,,,,
2019-06-17,27.91,19.35,100.0,67.96,9.59,2.969444444444444,37.0,0.229,19.35,19.35,19.35,,,,,,
2019-06-18,27.69,18.75,100.0,58.33,13.07,4.680555555555556,24.0,0.0,18.79,19.1,19.1,,,,,,
2019-06-19,27.79,18.14,100.0,61.44,10.05,3.6888888888888887,51.0,0.0,18.35,18.37,18.37,,,,,,
2019-06-20,30.96,16.42,100.0,49.59,11.95,2.9,232.0,0.0,19.24,20.16,20.16,,,,,,
2019-06-21,26.29,17.89,99.4,42.88,12.61,4.9,41.0,0.0,15.32,18.36,18.36,,,,,,
2019-06-22,22.89,16.09,95.7,71.94,5.275,3.1194444444444445,21.0,0.0,16.91,17.6,17.6,,,,,,
2019-06-23,27.76,16.56,98.7,50.57,13.16,3.9388888888888887,58.0,0.0,16.82,17.17,17.17,,,,,,
2019-06-24,28.6,14.96,100.0,52.69,12.98,4.688888888888888,207.0,0.0,17.5,17.87,17.87,,,,,,
2019-06-25,30.93,16.36,98.8,44.81,13.21,3.8694444444444445,220.0,0.0,17.39,18.31,18.31,,,,,,
2019-06-26,32.7,16.16,98.3,34.45,12.97,8.780555555555555,321.0,0.0,14.95,23.61,23.61,,,,,,
2019-06-27,23.87,11.74,100.0,55.09,1.234,5.788888888888889,169.0,63.55,11.89,11.89,11.89,,,,,,
2019-06-28,18.89,11.9,100.0,77.92,4.12,5.411111111111111,216.0,3.429,15.3,16.0,16.0,,,,,,
2019-06-29,25.45,15.62,98.3,70.83,10.24,3.8111111111111113,238.0,0.0,19.55,19.98,19.98,,,,,,
2019-06-30,28.56,19.21,100.0,64.46,11.93,3.530555555555556,50.0,0.0,19.9,19.95,19.95,,,,,,
2019-07-01,34.42,17.8,100.0,36.04,13.32,8.25,266.0,0.0,19.76,20.98,20.98,,,,,,
2019-07-02,21.08,14.81,100.0,86.0,1.9220000000000002,3.1194444444444445,59.0,20.57,14.96,14.96,14.96,,,,,,
2019-07-03,17.33,14.8,100.0,96.5,2.473,3.8694444444444445,261.0,4.343,16.02,16.02,16.02,,,,,,
2019-07-04,19.07,15.46,100.0,89.1,1.7149999999999999,5.111111111111111,219.0,3.886,14.77,15.99,15.99,,,,,,
2019-07-05,18.12,12.31,100.0,75.86,6.056,5.030555555555555,217.0,0.0,10.5,13.55,13.55,,,,,,
2019-07-06,20.24,9.15,98.6,26.64,13.97,17.11111111111111,236.0,0.0,-3.8689999999999998,9.3,3.653,,,,,,
2019-07-07,20.15,6.43,90.5,34.87,14.89,11.11111111111111,241.0,0.0,5.423,8.34,3.416,,,,,,
2019-07-08,19.23,4.138,89.5,30.58,15.09,6.138888888888889,231.0,0.0,6.26,8.03,4.22,,,,,,
2019-07-09,20.9,5.674,97.6,50.22,14.59,4.488888888888889,207.0,0.0,10.49,10.85,10.85,,,,,,
2019-07-10,23.28,8.81,99.5,54.46,14.42,4.261111111111111,62.0,0.0,13.43,13.79,13.79,,,,,,
2019-07-11,25.27,11.61,100.0,53.81,14.38,3.8,199.0,0.0,13.68,14.11,14.11,,,,,,
2019-07-12,27.57,11.19,100.0,47.98,13.61,4.1194444444444445,220.0,0.0,14.81,15.25,15.25,,,,,,
2019-07-13,25.83,11.41,100.0,57.54,13.9,3.561111111111111,32.0,0.0,16.08,16.76,16.76,,,,,,
2019-07-14,29.5,15.71,99.0,44.71,11.4,3.3305555555555557,199.0,0.0,16.55,17.45,17.45,,,,,,
2019-07-15,24.81,15.93,98.7,66.95,11.32,3.561111111111111,47.0,0.229,16.19,16.54,16.54,,,,,,
2019-07-16,16.5,15.03,100.0,97.5,1.263,2.9388888888888887,232.0,6.629,15.13,15.13,15.13,,,,,,
2019-11-07,26.73,19.58,92.5,58.85,11.83,4.1,204.0,0.0,18.46,19.69,19.69,,,,,,
2019-11-08,24.15,18.73,100.0,78.57,5.419,5.1194444444444445,37.0,4.572,19.36,19.45,19.45,,,,,,
2019-11-09,26.78,19.22,100.0,71.79,13.51,4.961111111111111,62.0,0.457,20.91,21.55,21.55,,,,,,
2019-11-10,26.46,20.95,100.0,75.3,11.75,6.96111111111111,23.0,3.2,21.69,22.21,22.21,,,,,,
2019-11-11,27.93,21.02,100.0,74.3,9.53,5.919444444444444,237.0,41.0,21.66,21.9,21.9,,,,,,
2019-11-12,22.73,19.3,100.0,85.8,6.286,5.219444444444444,70.0,25.58,19.54,19.54,19.54,,,,,,
2019-11-13,26.59,18.83,100.0,73.23,10.77,9.78888888888889,25.0,12.6,19.53,20.51,20.51,,,,,,
2019-11-14,23.91,19.82,99.8,88.4,6.771,6.05,33.0,5.486,20.66,20.67,20.67,,,,,,
2019-11-15,25.91,20.47,100.0,84.1,6.638,6.169444444444444,216.0,10.64,20.89,20.89,20.89,,,,,,
2019-11-16,30.28,19.63,100.0,43.73,26.49,5.669444444444444,212.0,0.229,17.87,21.24,21.24,,,,,,
2019-11-17,28.99,18.71,92.2,50.52,25.6,5.961111111111111,32.0,0.0,17.3,20.39,20.39,,,,,,
2019-11-18,28.37,19.21,90.4,54.3,23.81,5.030555555555555,28.0,0.0,17.77,19.44,19.44,,,,,,
2019-11-19,28.96,17.41,97.5,43.75,29.61,7.138888888888888,33.0,0.0,18.04,20.01,20.01,,,,,,
2019-11-20,29.02,18.03,95.1,60.7,24.98,7.569444444444445,54.0,0.0,20.32,21.81,21.81,,,,,,
2019-11-21,29.64,21.04,99.1,59.67,20.49,5.8,100.0,3.2,21.63,21.77,21.77,,,,,,
2019-11-22,29.56,21.43,99.1,61.44,24.91,7.030555555555555,70.0,0.914,20.97,22.77,22.77,,,,,,
2019-11-23,31.35,20.35,98.6,60.55,27.08,6.561111111111111,32.0,0.0,22.45,23.65,23.65,,,,,,
2019-11-24,28.62,19.18,98.7,63.97,7.677,6.380555555555555,209.0,7.087,14.76,19.32,19.32,,,,,,
2019-11-25,22.42,17.61,90.6,65.26,6.854,3.819444444444444,325.0,0.0,16.45,18.33,18.33,,,,,,
2019-11-26,26.82,17.35,95.5,48.52,22.1,7.25,41.0,0.0,16.01,20.43,20.43,,,,,,
2019-11-27,25.58,18.75,97.3,61.43,13.68,9.038888888888888,29.0,4.369,18.78,19.22,19.22,,,,,,
2019-11-28,25.09,18.35,100.0,81.5,6.383,5.461111111111111,24.0,39.98,19.68,19.76,19.76,,,,,,
2019-11-29,26.11,18.42,99.5,46.76,14.26,3.7694444444444444,214.0,1.8290000000000002,16.62,19.86,19.86,,,,,,
2019-11-30,27.55,16.5,97.0,50.84,29.45,6.6305555555555555,62.0,0.0,17.32,19.56,19.56,,,,,,
2019-12-01,30.38,17.87,95.8,55.73,28.45,5.95,63.0,0.0,20.45,21.38,21.38,,,,,,
2019-12-02,32.76,19.68,99.9,53.35,20.26,5.3,210.0,0.457,14.86,21.23,21.23,,,,,,
2019-12-03,26.56,19.31,76.9,46.15,23.79,6.261111111111111,69.0,0.229,14.55,19.92,19.92,,,,,,
2019-12-04,24.0,18.44,88.3,62.42,9.36,5.388888888888888,25.0,0.0,17.85,19.86,19.86,,,,,,
2019-12-05,27.54,18.17,99.0,68.16,9.89,7.180555555555555,251.0,19.46,19.89,21.13,21.13,,,,,,
2019-12-06,31.09,18.88,99.1,63.28,9.41,4.719444444444444,168.0,12.12,19.04,19.2,19.2,,,,,,
2019-12-07,26.44,18.89,99.0,67.73,15.04,5.919444444444444,32.0,0.457,19.42,20.57,20.57,,,,,,
2019-12-08,31.98,18.47,99.5,35.41,29.65,6.1,54.0,0.0,19.53,20.16,20.16,,,,,,
2019-12-09,28.68,18.67,97.7,54.86,25.32,6.980555555555555,69.0,0.0,19.16,21.5,21.5,,,,,,
2019-12-10,26.38,17.71,99.1,65.0,10.05,4.8388888888888895,228.0,1.8290000000000002,19.55,20.63,20.63,,,,,,
2019-12-11,30.8,18.4,99.1,53.96,23.52,4.55,20.0,0.0,21.67,22.5,22.5,,,,,,
2019-12-12,31.74,21.21,99.2,57.01,15.87,5.419444444444445,37.0,0.0,22.49,23.77,23.77,,,,,,
2019-12-13,35.26,22.24,99.3,49.2,28.32,5.838888888888889,38.0,0.0,21.16,22.53,22.53,,,,,,
2019-12-14,28.57,20.82,98.3,48.56,18.26,5.0,207.0,0.0,19.22,20.85,20.85,,,,,,
2019-12-15,25.08,19.35,98.3,75.77,7.016,4.219444444444444,54.0,0.0,21.59,21.9,21.9,,,,,,
2019-12-16,29.36,21.69,100.0,73.95,16.67,6.96111111111111,29.0,4.115,23.65,24.01,24.01,,,,,,
2019-12-17,27.57,21.75,100.0,76.12,6.636,5.569444444444445,210.0,15.54,21.71,21.76,21.76,,,,,,
2019-12-18,21.81,18.42,100.0,96.0,3.103,5.8999999999999995,206.0,32.69,18.45,18.45,18.45,,,,,,
2019-12-19,23.04,17.13,100.0,76.18,6.596,6.061111111111111,212.0,13.26,18.78,18.78,18.78,,,,,,
2019-12-20,27.14,18.62,100.0,70.07,10.96,4.419444444444444,252.0,0.229,20.81,21.0,21.0,,,,,,
2019-12-21,28.82,19.9,100.0,65.46,15.64,6.461111111111111,31.0,0.0,22.13,23.04,23.04,,,,,,
2019-12-22,36.06,21.79,99.1,44.16,22.17,8.261111111111111,194.0,0.0,21.89,23.4,23.4,,,,,,
2019-12-23,31.78,22.03,96.5,53.54,19.53,5.430555555555555,232.0,0.0,19.83,22.03,22.03,,,,,,
2019-12-24,29.31,20.04,98.5,59.21,18.15,5.261111111111111,33.0,0.914,20.27,21.76,21.76,,,,,,
2019-12-25,30.4,20.72,95.2,59.28,28.73,6.8805555555555555,48.0,0.0,21.11,23.46,23.46,,,,,,
2019-12-26,32.08,21.28,97.7,55.65,29.01,5.8694444444444445,43.0,0.0,22.75,24.74,24.74,,,,,,
2019-12-27,32.97,23.51,95.4,53.22,28.62,8.080555555555556,71.0,0.0,22.16,23.95,23.95,,,,,,
2019-12-28,32.34,21.71,97.6,45.96,25.17,6.1611111111111105,67.0,0.0,22.6,24.09,24.09,,,,,,
2019-12-29,32.39,22.23,99.4,47.21,27.7,6.15,73.0,0.457,22.85,24.45,24.45,,,,,,
2019-12-30,33.58,22.59,97.9,46.47,27.95,6.569444444444444,68.0,0.0,21.76,23.38,23.38,,,,,,
2019-12-31,32.46,22.03,98.4,47.92,28.61,6.75,64.0,0.0,22.4,24.75,24.75,,,,,,
2020-01-01,32.94,23.39,93.7,56.75,27.87,7.638888888888888,62.0,0.0,23.17,25.65,25.65,,,,,,
2020-01-02,35.7,22.52,98.0,57.0,19.54,13.569444444444445,256.0,18.72,22.07,22.52,22.52,,,,,,
2020-01-03,27.32,22.29,99.3,85.5,4.519,4.161111111111111,321.0,1.8290000000000002,21.03,22.41,22.41,,,,,,
2020-01-04,30.51,20.76,97.7,56.84,16.11,5.4,237.0,5.283,20.88,21.24,21.24,,,,,,
2020-01-05,25.6,20.54,100.0,78.88,7.454,6.030555555555556,29.0,125.7,20.97,21.0,21.0,,,,,,
2020-01-06,29.6,20.23,100.0,63.92,17.72,4.6194444444444445,227.0,0.457,21.3,22.47,22.47,,,,,,
2020-01-07,33.44,20.7,100.0,53.99,28.42,6.080555555555556,57.0,0.0,23.07,24.32,24.32,,,,,,
2020-01-08,34.17,23.09,98.5,50.34,14.13,7.019444444444444,271.0,1.8290000000000002,23.45,24.38,24.38,,,,,,
2020-01-09,27.5,22.02,100.0,87.0,5.858,6.1194444444444445,251.0,19.2,23.7,24.0,24.0,,,,,,
2020-01-10,33.83,22.29,100.0,62.05,25.9,5.688888888888889,52.0,0.0,24.63,25.29,25.29,,,,,,
2020-01-11,33.28,24.05,99.1,66.57,21.5,7.838888888888889,80.0,0.0,25.76,30.33,26.72,,,,,,
2020-01-12,35.14,24.0,99.9,58.93,17.55,6.580555555555556,246.0,2.515,23.49,25.18,25.18,,,,,,
2020-01-13,32.8,23.45,98.1,55.03,16.91,4.061111111111111,41.0,0.0,22.32,23.85,23.85,,,,,,
2020-01-14,31.58,22.03,95.7,33.08,30.07,5.580555555555556,51.0,0.0,19.75,22.73,22.73,,,,,,
2020-01-15,31.56,20.17,96.2,47.64,24.73,6.311111111111111,18.0,0.483,21.15,24.68,24.68,,,,,,
2020-01-16,32.99,20.78,96.6,52.86,28.64,7.430555555555555,45.0,0.0,23.7,25.5,25.5,,,,,,
2020-01-17,33.32,18.33,95.6,58.91,8.72,5.461111111111111,230.0,5.486,17.42,18.83,18.83,,,,,,
2020-01-18,24.21,18.75,96.8,64.33,6.121,4.919444444444444,25.0,0.229,18.81,19.33,19.33,,,,,,
2020-01-19,26.0,19.13,97.1,67.28,8.47,4.8,317.0,0.914,19.41,21.15,21.15,,,,,,
2020-01-20,28.54,19.63,99.6,60.47,14.83,4.3805555555555555,56.0,3.886,21.58,21.8,21.8,,,,,,
2020-01-21,31.95,21.21,99.4,53.61,27.53,6.819444444444445,90.0,1.143,21.69,24.22,24.22,,,,,,
2020-01-22,30.36,22.16,94.5,54.58,23.13,6.138888888888889,39.0,0.0,19.5,22.65,22.65,,,,,,
2020-01-23,24.39,19.64,99.8,81.8,5.143,4.969444444444444,242.0,10.52,19.84,19.87,19.87,,,,,,
2020-01-24,24.74,19.34,100.0,78.92,7.885,5.830555555555555,212.0,5.715,19.41,21.02,21.02,,,,,,
2020-01-25,30.65,19.07,98.8,55.39,20.16,6.311111111111111,223.0,2.057,19.98,21.93,21.93,,,,,,
2020-01-26,31.97,18.39,97.7,44.05,28.97,5.311111111111111,29.0,0.0,19.94,21.19,21.19,,,,,,
2020-01-27,33.29,19.59,98.3,51.24,28.97,5.580555555555556,42.0,0.0,22.26,23.81,23.81,,,,,,
2020-01-28,34.93,21.37,98.2,53.47,24.25,12.66111111111111,198.0,3.429,21.81,22.3,22.3,,,,,,
2020-01-29,29.67,21.59,98.7,67.8,7.727,3.6805555555555554,231.0,2.743,22.49,23.05,23.05,,,,,,
2020-01-30,32.23,22.05,99.9,61.47,13.0,9.088888888888889,212.0,22.91,22.53,22.74,22.74,,,,,,
2020-01-31,35.84,22.15,99.9,52.74,18.05,6.7,269.0,2.057,23.27,23.82,23.82,,,,,,
2020-02-01,34.15,22.97,99.9,55.3,22.65,5.569444444444445,21.0,6.401,24.44,25.63,25.63,,,,,,
2020-02-02,31.61,24.27,96.0,57.0,21.82,5.238888888888889,29.0,0.0,22.56,24.35,24.35,,,,,,
2020-02-03,29.2,22.35,100.0,73.14,8.26,4.811111111111111,39.0,31.75,22.75,22.75,22.75,,,,,,
2020-02-04,30.64,22.01,100.0,61.25,17.72,4.8500000000000005,211.0,7.366,21.64,22.03,22.03,,,,,,
2020-02-05,25.49,20.87,100.0,88.7,7.87,5.6499999999999995,233.0,20.7,22.99,23.24,23.24,,,,,,
2020-02-06,25.78,22.43,100.0,95.0,6.62,6.688888888888888,227.0,32.33,23.2,23.2,23.2,,,,,,
2020-02-07,27.69,22.45,100.0,85.6,10.51,5.05,232.0,60.45,22.69,22.69,22.69,,,,,,
2020-02-08,29.05,22.18,100.0,78.84,12.57,8.06111111111111,34.0,59.97,23.94,23.95,23.95,,,,,,
2020-02-09,32.2,23.11,100.0,69.57,18.16,5.419444444444445,18.0,54.69,24.73,25.47,25.47,,,,,,
2020-02-10,35.17,21.08,100.0,57.74,13.78,8.369444444444444,210.0,35.81,20.74,21.3,21.3,,,,,,
2020-02-11,24.21,19.65,99.7,73.52,6.451,5.311111111111111,210.0,3.886,18.87,19.68,19.68,,,,,,
2020-02-12,26.76,19.1,99.0,74.57,8.26,5.180555555555555,325.0,7.899,19.28,19.42,19.42,,,,,,
2020-02-13,29.57,18.37,100.0,54.71,23.27,5.45,53.0,3.708,19.84,20.08,20.08,,,,,,
2020-02-14,29.4,19.32,100.0,61.46,15.08,5.419444444444445,233.0,9.6,20.49,20.93,20.93,,,,,,
2020-02-15,30.74,18.94,100.0,57.1,25.04,5.6499999999999995,101.0,0.0,21.06,22.46,22.46,,,,,,
2020-02-16,32.86,20.72,99.7,53.45,24.08,5.038888888888889,72.0,0.0,23.42,25.17,25.17,,,,,,
2020-02-17,33.34,23.28,98.7,54.67,18.58,5.5,51.0,0.0,23.52,25.46,25.46,,,,,,
2020-02-18,33.02,23.5,97.4,47.79,25.15,5.05,28.0,0.0,24.12,26.07,26.07,,,,,,
2020-02-19,35.46,24.21,97.0,57.95,23.27,5.338888888888889,55.0,0.0,26.54,32.03,27.19,,,,,,
2020-02-20,33.43,24.52,98.2,56.83,12.74,5.919444444444444,221.0,0.229,24.55,24.95,24.95,,,,,,
2020-02-21,33.19,23.79,99.5,67.24,14.22,4.519444444444444,72.0,0.914,23.87,24.65,24.65,,,,,,
2020-02-22,25.72,19.58,95.4,73.96,4.521,4.519444444444444,127.0,0.0,18.3,20.41,20.41,,,,,,
2020-02-23,26.77,18.94,94.2,54.11,11.66,5.088888888888889,76.0,0.0,16.22,19.2,19.2,,,,,,
2020-02-24,26.81,15.82,95.9,57.57,17.23,5.819444444444444,53.0,0.0,18.49,20.82,20.82,,,,,,
2020-02-25,28.66,18.83,97.0,61.62,15.27,7.1499999999999995,32.0,0.0,21.3,23.25,23.25,,,,,,
2020-02-26,30.24,21.41,99.8,71.28,8.43,6.8,32.0,16.99,23.26,23.39,23.39,,,,,,
2020-02-27,26.64,19.0,100.0,81.3,8.42,8.288888888888888,234.0,71.83,18.49,19.17,19.17,,,,,,
2020-02-28,28.6,15.53,98.0,43.33,24.07,4.95,62.0,0.0,17.07,19.0,19.0,,,,,,
2020-02-29,29.46,16.95,97.7,43.63,25.96,6.780555555555555,43.0,0.0,19.13,21.13,21.13,,,,,,
2020-03-01,30.05,18.5,98.0,54.2,18.04,4.419444444444444,225.0,0.457,18.83,20.15,20.15,,,,,,
2020-03-02,27.85,18.79,98.5,64.49,14.28,4.7,221.0,0.229,18.73,19.91,19.91,,,,,,
2020-03-03,28.06,18.75,99.5,67.86,12.33,4.711111111111111,232.0,7.595,19.07,19.82,19.82,,,,,,
2020-03-04,25.98,18.91,100.0,75.7,9.45,5.769444444444444,208.0,25.53,19.82,19.82,19.82,,,,,,
2020-03-05,30.48,17.71,100.0,42.78,22.15,5.138888888888888,68.0,0.0,19.55,22.17,22.17,,,,,,
2020-03-06,29.17,19.77,97.1,55.19,15.07,3.8805555555555555,222.0,0.0,18.83,20.95,20.95,,,,,,
2020-03-07,29.86,17.64,98.7,49.04,23.65,5.219444444444444,46.0,0.229,19.55,20.39,20.39,,,,,,
2020-03-08,29.77,19.4,98.5,50.09,20.09,5.961111111111111,24.0,0.0,19.62,21.45,21.45,,,,,,
2020-03-09,30.24,19.22,98.4,49.74,24.19,5.480555555555555,48.0,0.0,20.12,22.03,22.03,,,,,,
2020-03-10,31.41,19.19,99.0,51.25,25.14,5.769444444444444,5.0,0.0,21.65,22.78,22.78,,,,,,
2020-03-11,32.68,19.97,100.0,49.86,25.16,6.438888888888888,31.0,0.0,21.12,22.32,22.32,,,,,,
2020-03-12,31.84,20.41,99.6,47.86,23.88,6.0,49.0,0.0,21.17,23.26,23.26,,,,,,
2020-03-13,31.96,20.64,98.8,52.77,24.89,6.569444444444444,31.0,0.0,21.23,23.32,23.32,,,,,,
2020-03-14,33.09,21.48,96.8,51.07,24.49,4.95,79.0,0.0,21.86,23.81,23.81,,,,,,
2020-03-15,32.83,20.89,98.9,50.56,23.6,6.3694444444444445,25.0,0.0,23.17,25.2,25.2,,,,,,
2020-03-16,34.77,22.73,98.3,52.75,22.62,4.788888888888889,55.0,0.0,23.67,24.38,24.38,,,,,,
2020-03-17,31.48,23.07,98.5,63.23,10.33,5.611111111111111,35.0,0.686,21.97,23.07,23.07,,,,,,
2020-03-18,26.84,22.04,97.6,80.2,5.767,4.161111111111111,212.0,1.3719999999999999,22.95,23.84,23.84,,,,,,
2020-03-19,30.43,22.53,99.8,69.35,10.94,5.249999999999999,74.0,6.96,21.99,22.69,22.69,,,,,,
2020-03-20,35.47,20.9,100.0,44.64,21.14,7.238888888888888,230.0,0.0,23.76,24.85,24.85,,,,,,
2020-03-21,30.84,22.87,97.2,55.17,16.44,6.469444444444444,246.0,0.0,18.54,22.87,22.87,,,,,,
2020-03-22,29.75,19.56,91.1,48.88,16.96,5.1305555555555555,96.0,0.0,20.4,21.93,21.93,,,,,,
2020-03-23,30.88,19.72,97.9,55.84,19.09,7.738888888888889,38.0,0.0,19.86,21.98,21.98,,,,,,
2020-03-24,29.82,19.68,98.0,50.2,14.05,5.199999999999999,30.0,0.0,18.84,20.66,20.66,,,,,,
2020-03-25,30.85,18.92,97.5,45.88,21.62,6.21111111111111,28.0,0.0,18.47,20.59,20.59,,,,,,
2020-03-26,30.3,19.28,97.8,43.27,22.51,5.388888888888888,45.0,1.6,17.3,19.46,19.46,,,,,,
2020-03-27,31.27,17.41,96.3,47.08,22.83,5.180555555555555,34.0,0.0,19.52,22.19,22.19,,,,,,
2020-03-28,30.25,19.75,97.8,53.34,15.87,6.811111111111111,16.0,1.6,21.14,21.49,21.49,,,,,,
2020-03-29,31.02,20.41,99.2,56.27,18.96,5.7,38.0,0.0,21.27,23.24,23.24,,,,,,
2020-03-30,28.43,21.19,97.2,69.54,8.6,4.488888888888889,69.0,0.0,22.24,23.03,23.03,,,,,,
2020-03-31,32.75,21.04,100.0,53.26,17.7,5.0,70.0,0.0,22.44,23.44,23.44,,,,,,
2020-04-01,32.82,21.31,99.8,52.79,19.3,5.3805555555555555,230.0,0.0,23.12,24.67,24.67,,,,,,
2020-04-02,31.22,24.79,86.7,57.77,3.072,4.95,66.0,0.0,22.43,24.83,24.83,,,,,,
2020-04-03,30.17,23.02,93.4,65.76,8.29,8.230555555555554,215.0,0.0,20.74,25.97,25.97,,,,,,
2020-04-04,29.37,18.99,73.25,35.98,23.01,13.61111111111111,236.0,0.0,11.8,19.5,19.5,,,,,,
2020-04-05,30.33,15.3,83.0,33.03,22.3,6.738888888888889,32.0,0.0,16.16,19.87,19.87,,,,,,
2020-04-06,29.9,17.59,91.5,51.34,21.17,6.188888888888889,29.0,0.0,20.24,23.28,23.28,,,,,,
2020-04-07,29.89,19.68,99.6,58.43,11.95,4.330555555555556,28.0,14.71,20.3,20.35,20.35,,,,,,
2020-04-08,27.26,19.51,99.7,62.07,12.83,4.719444444444444,40.0,0.0,15.51,19.53,19.53,,,,,,
2020-04-09,27.8,17.74,89.2,51.06,16.58,5.1,61.0,0.0,15.08,18.44,18.44,,,,,,
2020-04-10,28.19,14.5,95.5,39.63,18.84,5.6194444444444445,227.0,0.0,15.56,18.11,18.11,,,,,,
2020-04-11,27.5,15.84,94.7,48.93,14.8,4.6499999999999995,233.0,0.0,14.89,18.57,18.57,,,,,,
2020-04-12,27.25,16.11,91.8,44.09,20.01,5.969444444444444,71.0,0.0,15.74,18.41,18.41,,,,,,
2020-04-13,28.96,15.86,96.3,45.54,16.87,5.030555555555555,67.0,0.0,17.27,18.96,18.96,,,,,,
2020-04-14,29.01,16.58,98.5,47.2,16.31,5.95,39.0,0.0,17.66,20.86,20.86,,,,,,
2020-04-15,29.03,17.95,97.5,57.45,12.19,7.861111111111111,31.0,3.2,14.67,20.2,20.2,,,,,,
2020-04-16,28.23,15.32,70.35,27.16,21.23,10.388888888888888,237.0,0.0,10.11,15.57,15.57,,,,,,
2020-04-17,29.26,12.16,80.0,25.57,20.77,8.569444444444445,229.0,0.0,12.29,15.74,15.74,,,,,,
2020-04-18,28.05,12.82,92.6,38.36,19.78,5.188888888888889,32.0,1.397,16.76,17.95,17.95,,,,,,
2020-04-19,27.2,17.29,96.2,50.62,11.0,4.1194444444444445,147.0,0.457,17.89,18.88,18.88,,,,,,
2020-04-20,26.14,17.24,99.6,62.17,8.31,4.3805555555555555,219.0,3.2,17.55,17.87,17.87,,,,,,
2020-04-21,28.85,15.79,100.0,52.24,18.79,5.088888888888889,23.0,0.0,18.43,19.32,19.32,,,,,,
2020-04-22,30.25,16.89,100.0,47.36,18.9,4.811111111111111,28.0,0.0,18.79,19.73,19.73,,,,,,
2020-04-23,29.88,16.24,99.4,48.15,19.35,5.011111111111111,73.0,0.0,19.06,19.78,19.78,,,,,,
2020-04-24,29.61,16.55,100.0,41.45,19.18,4.969444444444444,75.0,0.0,17.29,19.36,19.36,,,,,,
2020-04-25,29.32,15.73,98.9,53.67,16.83,5.680555555555555,99.0,0.0,20.33,22.6,22.6,,,,,,
2020-04-26,31.69,19.86,97.8,53.03,18.29,5.288888888888889,74.0,0.0,21.23,22.77,22.77,,,,,,
2020-04-27,32.81,21.14,95.1,50.41,17.72,4.688888888888888,35.0,0.0,20.34,22.19,22.19,,,,,,
2020-04-28,25.83,20.25,99.8,76.75,4.7,4.538888888888889,236.0,13.33,20.75,20.76,20.76,,,,,,
2020-04-29,29.08,19.92,100.0,63.38,13.95,5.288888888888889,81.0,3.886,21.03,22.14,22.14,,,,,,
2020-04-30,30.85,19.62,100.0,54.51,17.24,4.9111111111111105,56.0,0.0,19.84,21.6,21.6,,,,,,
2020-05-01,31.71,19.8,97.5,57.53,14.85,5.338888888888889,55.0,0.0,19.26,21.19,21.19,,,,,,
2020-05-02,23.36,19.26,99.2,82.6,4.85,3.819444444444444,270.0,1.143,19.26,19.4,19.4,,,,,,
2020-05-03,28.15,17.82,100.0,42.15,17.29,5.0,200.0,0.0,15.68,18.32,18.32,,,,,,
2020-05-04,25.83,14.67,97.9,52.11,13.6,3.55,257.0,0.0,15.76,16.71,16.71,,,,,,
2020-05-05,26.87,14.79,98.7,52.01,16.67,5.361111111111112,87.0,0.0,16.2,17.64,17.64,,,,,,
2020-05-06,30.12,15.0,99.1,47.61,11.54,5.180555555555555,220.0,0.0,17.4,20.42,20.42,,,,,,
2020-05-07,22.1,14.61,99.9,76.68,2.784,4.51111111111111,212.0,2.743,14.65,14.67,14.67,,,,,,
2020-05-08,25.1,10.35,100.0,41.15,17.38,5.461111111111111,217.0,0.229,13.13,15.48,15.48,,,,,,
2020-05-09,25.47,12.4,94.5,48.48,16.19,4.230555555555555,39.0,0.0,15.47,17.32,17.32,,,,,,
2020-05-10,26.69,14.03,99.2,52.61,14.03,6.169444444444444,51.0,0.0,16.93,18.38,18.38,,,,,,
2020-05-11,27.54,14.27,99.3,53.95,16.33,5.230555555555555,27.0,0.0,17.45,17.79,17.79,,,,,,
2020-05-12,29.81,15.22,100.0,48.39,16.01,4.669444444444444,23.0,0.0,17.74,18.53,18.53,,,,,,
2020-05-13,29.82,16.23,99.2,49.8,11.9,3.6888888888888887,214.0,0.0,19.66,20.55,20.55,,,,,,
2020-05-14,24.92,18.94,99.9,76.2,4.7219999999999995,3.311111111111111,266.0,8.0,19.94,19.95,19.95,,,,,,
2020-05-15,19.98,16.26,100.0,85.3,2.417,3.8111111111111113,334.0,13.94,14.63,16.3,16.3,,,,,,
2020-05-16,21.28,14.92,97.0,65.38,6.122,4.1194444444444445,211.0,0.0,14.49,14.97,14.97,,,,,,
2020-05-17,27.77,13.02,100.0,39.15,15.84,4.8694444444444445,233.0,0.0,14.88,15.6,15.6,,,,,,
2020-05-18,30.06,12.66,97.6,32.42,15.75,3.7611111111111106,43.0,0.0,15.54,16.38,16.38,,,,,,
2020-05-19,29.19,13.33,98.2,38.7,15.59,4.3805555555555555,60.0,0.0,15.63,16.02,16.02,,,,,,
2020-05-20,27.08,14.41,99.2,56.01,15.36,5.088888888888889,90.0,0.0,18.31,19.24,19.24,,,,,,
2020-05-21,28.01,17.55,99.5,66.16,11.88,6.361111111111111,72.0,0.0,19.85,21.38,21.38,,,,,,
2020-05-22,27.85,18.25,99.3,61.86,12.95,4.819444444444445,101.0,0.0,19.81,20.41,20.41,,,,,,
2020-05-23,26.47,19.1,99.8,51.07,2.916,16.280555555555555,316.0,0.0,17.29,19.9,19.9,,,,,,
2020-05-24,27.7,18.32,93.2,32.45,9.5,11.46111111111111,274.0,0.0,10.26,18.35,18.35,,,,,,
2020-05-25,28.78,15.88,81.1,38.61,13.51,9.53888888888889,232.0,0.0,14.72,18.88,18.88,,,,,,
2020-05-26,26.34,15.1,85.1,29.82,15.08,10.819444444444445,272.0,0.0,6.979,18.26,18.26,,,,,,
2020-05-27,25.92,15.02,60.52,29.21,15.55,12.13888888888889,235.0,0.0,7.424,15.11,15.11,,,,,,
2020-05-28,25.27,11.23,91.4,32.86,15.31,5.338888888888889,214.0,0.0,11.07,12.42,12.42,,,,,,
2020-05-29,25.14,10.61,95.9,47.49,14.9,3.838888888888889,26.0,0.0,13.51,14.55,14.55,,,,,,
2020-05-30,25.88,11.34,98.7,50.44,14.8,5.030555555555555,37.0,0.0,15.01,15.46,15.46,,,,,,
2020-05-31,28.08,11.65,98.6,41.41,13.83,4.019444444444445,201.0,0.0,14.67,15.26,15.26,,,,,,
2020-06-01,32.17,12.84,97.4,31.58,14.32,3.8111111111111113,217.0,0.0,14.1,20.67,20.67,,,,,,
2020-06-02,20.68,15.06,99.4,66.38,2.5620000000000003,3.311111111111111,207.0,13.72,15.11,15.19,15.19,,,,,,
2020-06-03,17.17,13.52,99.8,81.1,2.609,3.9805555555555556,215.0,8.46,14.26,14.99,14.99,,,,,,
2020-06-04,18.15,14.61,99.1,79.08,2.923,3.2694444444444444,232.0,0.686,14.95,15.08,15.08,,,,,,
2020-06-05,18.41,14.88,100.0,89.9,2.763,4.888888888888889,229.0,2.057,16.29,16.29,16.29,,,,,,
2020-06-06,19.67,16.28,100.0,99.6,2.343,4.138888888888889,27.0,7.5440000000000005,19.63,19.63,19.63,,,,,,
2020-06-07,26.87,16.87,100.0,61.69,7.31,8.669444444444444,255.0,11.43,11.68,16.99,16.99,,,,,,
2020-06-08,26.76,13.43,96.1,44.41,14.04,3.8805555555555555,271.0,0.0,14.65,15.28,15.28,,,,,,
2020-06-09,25.66,12.17,99.3,57.73,13.19,4.561111111111112,24.0,0.0,17.11,17.83,17.83,,,,,,
2020-06-10,22.02,16.14,100.0,79.3,3.508,7.4111111111111105,334.0,7.772,18.32,18.32,18.32,,,,,,
2020-06-11,19.59,18.03,100.0,99.9,1.456,4.788888888888889,188.0,19.43,18.88,18.88,18.88,,,,,,
2020-06-12,26.4,18.63,100.0,81.7,5.584,7.361111111111111,260.0,8.84,19.22,19.22,19.22,,,,,,
2020-06-13,29.42,18.77,100.0,66.05,8.09,3.3805555555555555,63.0,0.0,20.07,20.62,20.62,,,,,,
2020-06-14,31.61,16.83,98.2,51.22,8.88,9.330555555555556,200.0,1.6,16.25,16.85,16.85,,,,,,
2020-06-15,17.45,14.21,99.8,76.48,2.103,3.2499999999999996,149.0,1.6,13.09,14.21,14.21,,,,,,
2020-06-16,19.4,13.65,96.8,75.59,5.819,3.6694444444444447,233.0,0.0,15.5,16.02,16.02,,,,,,
2020-06-17,21.65,15.24,100.0,83.1,4.655,4.1305555555555555,215.0,6.172,18.78,18.78,18.78,,,,,,
2020-06-18,24.55,18.74,100.0,78.0,7.085,6.8,26.0,4.115,18.82,19.28,19.28,,,,,,
2020-06-19,26.57,16.94,100.0,66.88,10.46,5.238888888888889,50.0,0.0,18.01,18.55,18.55,,,,,,
2020-06-20,31.62,18.49,97.6,47.9,13.05,4.3,197.0,0.0,18.22,19.59,19.59,,,,,,
2020-06-21,32.21,17.4,96.5,50.93,13.1,3.8805555555555555,150.0,0.0,17.85,21.78,21.78,,,,,,
2020-06-22,32.87,18.22,87.4,38.49,13.26,4.480555555555555,318.0,0.0,17.45,21.77,21.77,,,,,,
2020-06-23,30.36,18.0,96.8,50.42,13.4,5.019444444444445,214.0,0.0,18.18,19.21,19.21,,,,,,
2020-06-24,26.4,17.92,99.1,65.16,11.43,3.8111111111111113,111.0,0.0,18.41,18.54,18.54,,,,,,
2020-06-25,28.23,16.59,100.0,55.46,12.92,3.35,22.0,0.0,17.02,18.59,18.59,,,,,,
2020-06-26,32.34,15.67,98.0,40.25,8.03,12.988888888888887,317.0,0.0,18.41,21.08,21.08,,,,,,
2020-06-27,21.07,14.45,97.5,67.39,2.511,4.230555555555555,265.0,0.914,10.36,14.93,14.93,,,,,,
2020-06-28,14.96,10.51,100.0,74.1,2.449,7.25,236.0,17.6,12.36,12.36,12.36,,,,,,
2020-06-29,20.54,12.1,100.0,64.18,6.713,3.3000000000000003,235.0,0.229,13.23,14.53,14.53,,,,,,
2020-06-30,18.66,13.18,100.0,83.6,4.485,2.9388888888888887,223.0,1.3719999999999999,16.67,16.67,16.67,,,,,,
2020-07-01,28.92,14.89,100.0,46.06,13.1,26.63888888888889,242.0,6.172,12.49,18.39,18.39,,,,,,
2020-07-02,22.31,13.55,69.5,39.03,14.48,19.780555555555555,265.0,0.0,6.756,13.63,13.63,,,,,,
2020-07-03,20.01,9.42,89.9,45.31,12.65,7.269444444444445,230.0,0.0,9.04,11.01,11.01,,,,,,
2020-07-04,20.56,10.34,94.1,48.0,13.63,4.680555555555556,227.0,0.0,9.76,12.1,12.1,,,,,,
2020-07-05,23.04,9.93,95.9,51.65,14.12,4.46111111111111,30.0,0.0,14.51,15.33,15.33,,,,,,
2020-07-06,25.62,12.74,98.0,60.54,8.99,5.199999999999999,237.0,0.0,16.94,18.42,18.42,,,,,,
2020-07-07,19.07,14.29,100.0,86.1,1.123,3.95,244.0,23.55,14.65,14.65,14.65,,,,,,
2020-07-08,16.36,14.31,100.0,99.2,1.987,2.880555555555555,230.0,2.972,15.9,15.9,15.9,,,,,,
2020-07-09,23.15,15.49,100.0,64.5,2.334,9.738888888888889,318.0,0.229,11.89,17.89,17.89,,,,,,
2020-07-10,23.7,11.94,92.3,43.46,13.12,11.838888888888889,229.0,0.0,10.97,12.58,12.58,,,,,,
2020-07-11,22.73,8.35,98.8,57.38,14.69,5.8805555555555555,84.0,0.0,13.78,14.59,14.59,,,,,,
2020-07-12,26.48,12.96,98.2,59.95,8.54,8.369444444444444,227.0,0.0,15.78,16.35,16.35,,,,,,
2020-07-13,29.38,14.85,99.4,52.15,12.55,4.019444444444445,201.0,0.0,17.75,18.06,18.06,,,,,,
2020-07-14,18.31,13.85,100.0,97.2,1.9889999999999999,3.2694444444444444,62.0,13.72,14.55,14.55,14.55,,,,,,
2020-07-15,19.7,13.48,100.0,66.93,6.084,3.6888888888888887,30.0,0.0,12.86,14.01,14.01,,,,,,
2020-07-16,20.75,12.84,96.5,61.85,10.67,4.419444444444444,44.0,0.0,11.73,12.89,12.89,,,,,,
2020-07-17,17.57,11.61,99.6,76.46,4.746,4.569444444444444,229.0,0.229,14.55,14.61,14.61,,,,,,
2020-07-18,21.9,14.06,100.0,75.02,7.721,7.019444444444444,339.0,7.772,16.69,16.69,16.69,,,,,,
2020-07-19,20.58,16.39,100.0,83.6,3.588,4.238888888888889,228.0,0.0,18.08,18.19,18.19,,,,,,
2020-07-20,25.52,16.99,100.0,65.53,12.29,4.061111111111111,16.0,0.0,17.0,17.04,17.04,,,,,,
2020-07-21,25.88,15.4,100.0,67.68,10.32,4.011111111111111,24.0,0.0,16.82,16.82,16.82,,,,,,
2020-07-22,29.85,14.58,100.0,42.92,13.74,3.9388888888888887,32.0,0.229,16.18,18.48,18.48,,,,,,
2020-07-23,32.06,16.24,95.9,33.92,14.3,3.65,229.0,0.0,15.94,18.33,18.33,,,,,,
2020-07-24,28.46,15.08,98.9,46.87,13.18,4.9,12.0,0.0,17.91,18.11,18.11,,,,,,
2020-07-25,25.12,17.34,99.5,68.88,7.385,3.619444444444444,237.0,0.0,18.39,18.51,18.51,,,,,,
2020-07-26,26.32,14.63,99.9,51.97,6.515,9.661111111111111,241.0,0.0,14.22,15.23,15.23,,,,,,
2020-07-27,16.28,13.32,99.5,88.7,3.303,3.8111111111111113,233.0,0.457,14.31,14.76,14.76,,,,,,
2020-07-28,26.64,13.47,99.9,58.9,13.36,4.538888888888889,231.0,0.0,17.59,18.06,18.06,,,,,,
2020-07-29,26.2,13.96,100.0,66.48,11.35,3.961111111111111,254.0,13.49,13.92,13.97,13.97,,,,,,
2020-07-30,14.13,11.65,99.8,83.5,2.168,3.4694444444444446,50.0,4.801,10.37,11.87,11.87,,,,,,
2020-07-31,16.63,10.74,95.2,66.92,5.812,4.219444444444444,241.0,0.0,11.92,13.15,13.15,,,,,,
2020-08-01,19.02,12.56,99.6,76.45,5.926,4.269444444444444,14.0,0.0,14.65,15.06,15.06,,,,,,
2020-08-02,25.28,13.95,99.6,59.88,14.44,4.8388888888888895,44.0,0.0,16.01,16.48,16.48,,,,,,
2020-08-03,26.41,15.33,100.0,55.72,14.29,5.319444444444444,39.0,0.0,16.31,16.6,16.6,,,,,,
2020-08-04,24.65,13.94,100.0,60.65,15.86,4.588888888888889,30.0,0.0,16.19,16.88,16.88,,,,,,
2020-08-05,25.78,15.41,99.8,52.96,15.37,5.480555555555555,19.0,0.0,17.41,18.78,18.78,,,,,,
2020-08-06,25.49,16.79,98.4,58.34,13.63,6.061111111111111,70.0,0.0,18.05,19.07,19.07,,,,,,
2020-08-07,26.37,15.2,100.0,53.15,15.9,5.638888888888889,55.0,0.0,17.48,17.96,17.96,,,,,,
2020-08-08,26.74,15.96,100.0,51.22,14.21,4.188888888888889,253.0,0.0,15.49,15.96,15.96,,,,,,
2020-08-09,24.85,14.48,100.0,63.59,15.66,4.411111111111111,38.0,0.0,17.31,17.95,17.95,,,,,,
2020-08-10,25.59,16.21,100.0,62.78,14.11,4.3694444444444445,59.0,0.0,17.87,18.91,18.91,,,,,,
2020-08-11,27.6,17.79,98.3,57.02,15.0,4.45,39.0,0.0,17.49,17.79,17.79,,,,,,
2020-08-12,28.67,15.91,100.0,46.81,16.15,5.230555555555555,234.0,0.0,12.4,15.94,15.94,,,,,,
2020-08-13,15.96,14.27,99.5,79.24,1.787,5.411111111111111,221.0,1.6,14.48,14.64,14.64,,,,,,
2020-08-14,24.2,14.37,100.0,72.08,7.674,6.519444444444444,232.0,12.8,18.5,18.51,18.51,,,,,,
2020-08-15,19.71,17.35,100.0,95.4,2.435,12.3,235.0,3.9370000000000003,18.21,18.21,18.21,,,,,,
2020-08-16,23.27,16.5,100.0,63.48,2.156,17.630555555555556,223.0,21.06,17.32,17.87,17.87,,,,,,
2020-08-17,18.28,14.47,100.0,84.6,2.013,3.65,231.0,1.3719999999999999,14.53,14.53,14.53,,,,,,
2020-08-18,21.2,14.45,100.0,77.59,5.3870000000000005,4.1,215.0,0.457,16.53,16.53,16.53,,,,,,
2020-08-19,18.86,16.33,100.0,94.8,2.072,3.7611111111111106,32.0,9.6,17.49,17.49,17.49,,,,,,
2020-08-20,19.52,15.31,100.0,89.5,2.419,6.549999999999999,19.0,8.23,15.34,15.34,15.34,,,,,,
2020-08-21,15.35,9.15,100.0,89.0,1.443,5.5,233.0,7.315,9.3,9.35,6.313,,,,,,
2020-08-22,11.4,6.904,99.6,66.13,5.2780000000000005,6.8999999999999995,230.0,0.457,5.325,7.197,3.105,,,,,,
2020-08-23,20.27,4.309,98.5,43.51,19.63,4.530555555555555,203.0,0.0,9.17,10.57,10.57,,,,,,
2020-08-24,20.67,7.813,97.6,66.67,10.23,4.719444444444444,241.0,0.0,13.58,13.94,13.94,,,,,,
2020-08-25,24.18,12.64,99.4,47.97,18.82,5.719444444444444,43.0,0.0,14.27,14.61,14.61,,,,,,
2020-08-26,23.81,11.73,100.0,64.81,14.23,6.038888888888888,48.0,0.0,14.42,15.3,15.3,,,,,,
2020-08-27,24.4,12.07,100.0,50.67,19.93,5.75,51.0,0.0,13.81,14.61,14.61,,,,,,
2020-08-28,26.62,11.69,100.0,58.13,20.15,5.188888888888889,84.0,0.0,16.65,16.95,16.95,,,,,,
2020-08-29,27.93,16.42,100.0,51.6,18.46,4.6499999999999995,50.0,0.0,16.33,16.83,16.83,,,,,,
2020-08-30,24.55,16.36,100.0,73.98,8.87,3.3888888888888884,236.0,0.0,17.88,17.88,17.88,,,,,,
2020-08-31,26.17,16.45,100.0,70.12,15.7,5.730555555555555,35.0,0.0,16.01,18.11,18.11,,,,,,
2020-09-01,18.21,15.52,100.0,85.8,2.802,2.369444444444444,91.0,7.5440000000000005,15.58,15.58,15.58,,,,,,
2020-09-02,18.03,15.25,100.0,100.0,3.66,3.969444444444444,227.0,17.83,17.43,17.43,17.43,,,,,,
2020-09-03,23.72,17.24,100.0,78.56,8.48,6.0888888888888895,52.0,0.229,19.19,19.74,19.74,,,,,,
2020-09-04,27.52,18.02,100.0,66.09,11.3,3.730555555555555,84.0,0.0,17.07,18.02,18.02,,,,,,
2020-09-05,18.49,15.36,96.7,84.0,3.857,3.4694444444444446,59.0,0.0,14.95,15.46,15.46,,,,,,
2020-09-06,20.75,14.77,100.0,78.12,4.804,3.561111111111111,236.0,0.0,17.01,17.01,17.01,,,,,,
2020-09-07,20.62,16.83,100.0,91.2,3.335,4.0,,1.3719999999999999,17.64,17.64,17.64,,,,,,
2020-09-08,19.59,17.19,100.0,93.4,2.4050000000000002,4.288888888888889,217.0,3.2,17.19,17.19,17.19,,,,,,
2020-09-09,21.06,17.14,100.0,90.6,3.8280000000000003,3.5194444444444444,220.0,0.229,19.38,19.38,19.38,,,,,,
2020-09-10,24.88,19.27,100.0,79.71,6.496,3.4194444444444443,48.0,0.229,19.82,19.82,19.82,,,,,,
2020-09-11,30.11,17.63,100.0,62.17,15.16,5.780555555555555,259.0,0.0,16.69,17.63,17.63,,,,,,
2020-09-12,28.03,15.56,100.0,56.25,18.81,4.538888888888889,34.0,0.0,17.92,18.44,18.44,,,,,,
2020-09-13,30.24,17.24,100.0,50.52,16.09,3.9888888888888885,230.0,0.0,18.55,20.62,20.62,,,,,,
2020-09-14,29.38,19.1,97.8,61.06,15.43,4.51111111111111,65.0,0.0,18.89,19.44,19.44,,,,,,
2020-09-15,31.96,15.96,100.0,50.41,11.25,6.8999999999999995,237.0,0.0,12.07,15.97,15.97,,,,,,
2020-09-16,17.72,14.02,97.5,60.27,3.955,5.069444444444445,242.0,0.0,13.9,14.31,14.31,,,,,,
2020-09-17,23.73,14.09,98.1,63.81,9.88,4.038888888888889,239.0,0.0,17.42,18.52,18.52,,,,,,
2020-09-18,24.79,18.03,100.0,73.22,5.596,9.138888888888888,214.0,2.286,18.98,18.98,18.98,,,,,,
2020-09-19,30.66,16.83,100.0,51.72,20.09,4.6499999999999995,46.0,0.0,19.08,19.23,19.23,,,,,,
2020-09-20,30.66,18.02,99.2,59.92,18.08,4.711111111111111,18.0,0.0,14.1,18.11,18.11,,,,,,
2020-09-21,18.11,14.65,82.3,57.9,5.518,4.269444444444444,51.0,0.0,11.84,14.92,14.92,,,,,,
2020-09-22,16.56,12.33,99.6,63.17,4.121,4.080555555555556,230.0,0.229,12.09,14.1,14.1,,,,,,
2020-09-23,21.77,13.17,93.8,52.22,11.27,5.088888888888889,39.0,0.0,12.79,15.2,15.2,,,,,,
2020-09-24,22.73,14.47,96.5,66.71,8.43,4.638888888888888,252.0,0.0,17.15,17.7,17.7,,,,,,
2020-09-25,28.29,17.08,99.5,52.63,15.89,5.5888888888888895,36.0,0.0,16.93,17.32,17.32,,,,,,
2020-09-26,29.85,17.21,98.6,45.48,22.4,5.6611111111111105,61.0,0.0,17.83,19.13,19.13,,,,,,
2020-09-27,28.29,17.54,99.3,55.67,20.0,6.25,69.0,0.0,18.7,20.33,20.33,,,,,,
2020-09-28,26.64,19.26,99.2,72.67,5.656,10.969444444444445,38.0,1.6,19.87,20.99,20.99,,,,,,
2020-09-29,30.77,17.26,100.0,56.05,8.22,12.35,229.0,14.6,17.08,17.28,17.28,,,,,,
2020-09-30,22.95,17.17,98.8,67.08,8.5,5.3,41.0,0.0,17.72,19.35,19.35,,,,,,
2020-10-01,29.86,18.53,100.0,59.67,16.3,4.480555555555555,146.0,2.057,20.52,20.52,20.52,,,,,,
2020-10-02,34.77,20.12,100.0,54.71,21.35,4.6,217.0,0.457,21.06,21.49,21.49,,,,,,
2020-10-03,39.1,20.95,100.0,41.36,19.28,4.8388888888888895,56.0,0.0,20.69,21.94,21.94,,,,,,
2020-10-04,21.97,16.18,100.0,81.5,2.42,5.438888888888888,172.0,12.14,16.4,16.4,16.4,,,,,,
2020-10-05,20.45,15.64,100.0,88.7,5.509,4.388888888888889,69.0,12.57,18.31,18.31,18.31,,,,,,
2020-10-06,24.47,18.18,100.0,85.0,8.42,4.8805555555555555,80.0,2.515,20.79,20.79,20.79,,,,,,
2020-10-07,25.84,18.43,100.0,67.61,10.64,4.3999999999999995,35.0,0.0,18.33,18.45,18.45,,,,,,
2020-10-08,26.64,17.82,100.0,71.72,7.799,6.930555555555555,263.0,5.486,20.19,20.19,20.19,,,,,,
2020-10-09,21.27,18.17,100.0,97.4,2.62,6.169444444444444,231.0,18.97,18.35,18.35,18.35,,,,,,
2020-10-10,18.68,17.11,100.0,100.0,1.577,8.11111111111111,19.0,8.23,17.21,17.21,17.21,,,,,,
2020-10-11,27.25,15.84,100.0,45.48,24.69,4.638888888888888,97.0,0.0,13.64,17.09,17.09,,,,,,
2020-10-12,25.51,15.66,91.9,48.22,22.28,5.769444444444444,70.0,0.0,16.24,18.69,18.69,,,,,,
2020-10-13,27.59,15.89,97.7,49.83,25.83,6.738888888888889,40.0,0.0,17.14,18.43,18.43,,,,,,
2020-10-14,29.4,16.87,96.8,57.92,19.07,5.011111111111111,50.0,0.0,17.04,18.63,18.63,,,,,,
2020-10-15,26.74,17.96,95.1,62.7,12.47,5.430555555555555,33.0,0.0,18.36,19.66,19.66,,,,,,
2020-10-16,24.41,18.15,98.2,70.51,5.299,3.9388888888888887,264.0,0.229,17.06,18.21,18.21,,,,,,
2020-10-17,28.14,16.93,97.9,48.26,20.56,4.711111111111111,227.0,0.0,16.19,17.49,17.49,,,,,,
2020-10-18,26.45,15.9,97.7,51.45,18.83,5.199999999999999,79.0,0.0,18.27,19.0,19.0,,,,,,
2020-10-19,26.88,16.59,100.0,55.14,19.3,6.269444444444444,33.0,0.0,19.97,21.0,21.0,,,,,,
2020-10-20,24.69,19.83,98.2,80.8,8.7,5.969444444444444,82.0,1.6,20.81,21.57,21.57,,,,,,
2020-10-21,30.43,20.81,100.0,59.24,17.01,4.530555555555555,55.0,0.0,20.67,21.03,21.03,,,,,,
2020-10-22,29.46,19.75,100.0,58.68,18.29,5.419444444444445,70.0,0.0,20.31,21.17,21.17,,,,,,
2020-10-23,28.83,20.02,99.8,62.98,22.02,7.469444444444444,55.0,1.3719999999999999,19.73,20.34,20.34,,,,,,
2020-10-24,26.74,19.59,98.9,68.37,13.31,7.638888888888888,22.0,2.311,19.14,20.77,20.77,,,,,,
2020-10-25,28.02,18.9,99.7,65.49,16.81,4.930555555555555,37.0,0.914,20.51,20.92,20.92,,,,,,
2020-10-26,28.68,20.12,100.0,58.05,14.99,6.949999999999999,72.0,0.0,20.21,21.73,21.73,,,,,,
2020-10-27,29.29,19.33,98.1,58.59,18.13,6.75,60.0,0.0,20.8,22.74,22.74,,,,,,
2020-10-28,33.51,20.34,97.4,41.18,21.65,6.019444444444445,32.0,0.0,21.39,21.84,21.84,,,,,,
2020-10-29,37.44,19.44,98.6,18.88,28.0,8.1,235.0,0.0,18.92,21.75,21.75,,,,,,
2020-10-30,27.64,18.04,96.5,62.17,10.51,5.419444444444445,183.0,4.115,17.16,18.05,18.05,,,,,,
2020-10-31,21.19,14.42,98.3,64.6,5.688,5.311111111111111,268.0,14.63,14.96,17.09,17.09,,,,,,
2020-11-01,24.59,16.27,98.3,55.93,10.79,4.688888888888888,236.0,0.457,16.1,16.83,16.83,,,,,,
2020-11-02,20.75,15.45,98.9,62.37,6.4,4.819444444444445,233.0,0.0,15.03,16.35,16.35,,,,,,
2020-11-03,25.47,14.93,96.1,51.02,19.97,6.180555555555555,233.0,0.0,15.13,16.87,16.87,,,,,,
2020-11-04,27.62,15.57,97.3,46.05,24.51,5.8694444444444445,199.0,0.0,15.81,17.1,17.1,,,,,,
2020-11-05,23.26,15.34,98.2,58.09,10.32,5.338888888888889,203.0,0.0,12.86,16.38,16.38,,,,,,
2020-11-06,26.6,13.14,91.6,40.38,28.25,5.538888888888889,76.0,0.0,13.64,17.13,17.13,,,,,,
2020-11-07,27.11,13.7,91.5,41.84,24.6,5.069444444444445,234.0,0.0,14.19,17.27,17.27,,,,,,
2020-11-08,28.84,14.87,93.6,42.53,27.98,5.669444444444444,22.0,0.0,17.77,19.49,19.49,,,,,,
2020-11-09,29.24,18.51,95.7,49.12,23.95,5.780555555555555,43.0,0.0,19.07,21.73,21.73,,,,,,
2020-11-10,24.44,19.27,100.0,81.7,5.238,4.169444444444444,111.0,10.74,20.04,20.04,20.04,,,,,,
2020-11-11,28.01,19.89,100.0,69.22,8.8,4.930555555555555,22.0,,22.09,22.25,22.25,,,,,,
2020-11-12,25.21,20.89,99.9,83.3,6.8260000000000005,4.9,238.0,,20.97,20.97,20.97,,,,,,
2020-11-13,29.84,18.81,100.0,61.86,16.95,8.2,205.0,,18.91,18.95,18.95,,,,,,
2020-11-14,30.55,17.85,100.0,57.81,20.16,5.330555555555556,33.0,,21.07,21.72,21.72,,,,,,
2020-11-15,31.68,20.93,99.2,58.73,23.06,5.8694444444444445,52.0,,21.55,23.84,23.84,,,,,,
2020-11-16,34.37,20.61,98.5,56.75,24.13,13.119444444444444,232.0,,21.23,22.03,22.03,,,,,,
2020-11-17,33.33,20.86,98.8,51.77,25.6,7.280555555555556,238.0,,20.9,21.51,21.51,,,,,,
2020-11-18,26.24,20.66,99.5,68.41,9.12,4.188888888888889,76.0,,16.62,20.7,20.7,,,,,,
2020-11-19,20.72,16.48,100.0,76.53,2.802,4.5,231.0,35.43,16.51,16.51,16.51,,,,,,
2020-11-20,24.05,15.6,100.0,70.61,10.89,6.480555555555555,237.0,14.17,16.69,17.32,17.32,,,,,,
2020-11-21,26.3,16.32,99.1,59.25,16.42,5.1,226.0,0.0,16.85,18.57,18.57,,,,,,
2020-11-22,26.43,17.31,97.4,60.52,14.89,5.1305555555555555,233.0,0.914,18.38,19.53,19.53,,,,,,
2020-11-23,29.4,18.56,97.8,52.31,27.65,6.061111111111111,75.0,0.457,19.74,20.93,20.93,,,,,,
2020-11-24,29.54,19.42,99.0,51.65,28.39,7.588888888888889,75.0,0.686,18.93,20.67,20.67,,,,,,
2020-11-25,28.83,19.54,94.7,57.54,23.89,7.688888888888888,19.0,0.0,20.9,23.17,23.17,,,,,,
2020-11-26,30.84,21.65,99.0,61.5,23.81,7.611111111111111,78.0,1.6,22.22,24.06,24.06,,,,,,
2020-11-27,33.46,23.02,95.3,56.54,26.55,5.069444444444445,100.0,0.0,23.19,23.97,23.97,,,,,,
2020-11-28,25.97,22.17,100.0,78.55,4.494,7.46111111111111,217.0,18.52,22.2,22.2,22.2,,,,,,
2020-11-29,31.58,21.49,100.0,51.5,27.05,6.311111111111111,69.0,0.457,22.05,23.14,23.14,,,,,,
2020-11-30,32.87,21.96,96.9,56.99,24.74,5.861111111111112,35.0,0.0,22.49,23.99,23.99,,,,,,
2020-12-01,34.91,20.59,97.3,43.5,19.71,6.25,205.0,2.743,20.18,20.6,20.6,,,,,,
2020-12-02,24.05,20.14,99.2,78.21,4.632,7.05,238.0,4.343,20.25,20.93,20.93,,,,,,
2020-12-03,28.91,20.6,99.4,70.87,13.69,5.411111111111111,20.0,0.229,22.66,23.85,23.85,,,,,,
2020-12-04,28.85,20.0,100.0,61.41,8.85,15.769444444444446,251.0,20.83,20.73,23.13,23.13,,,,,,
2020-12-05,31.42,21.14,92.2,47.72,24.96,5.249999999999999,41.0,0.0,20.34,23.27,23.27,,,,,,
2020-12-06,23.31,17.29,100.0,83.4,3.101,4.580555555555555,265.0,56.49,17.71,17.71,17.71,,,,,,
2020-12-07,20.24,17.38,100.0,99.6,4.111,7.861111111111111,172.0,38.4,19.11,19.11,19.11,,,,,,
2020-12-08,25.88,19.11,100.0,80.3,10.65,3.861111111111111,80.0,12.12,20.95,20.95,20.95,,,,,,
2020-12-09,33.78,19.92,100.0,48.9,24.2,5.788888888888889,216.0,0.0,21.33,22.2,22.2,,,,,,
2020-12-10,30.84,20.85,99.4,58.17,23.97,5.411111111111111,57.0,0.0,21.37,22.93,22.93,,,,,,
2020-12-11,30.08,21.07,98.2,58.19,19.78,6.069444444444445,22.0,0.229,21.08,23.11,23.11,,,,,,
2020-12-12,30.68,20.87,96.1,58.46,28.75,6.419444444444444,32.0,0.0,22.88,24.68,24.68,,,,,,
2020-12-13,33.84,22.85,97.9,58.65,24.68,9.488888888888887,242.0,0.0,21.61,23.77,23.77,,,,,,
2020-12-14,33.75,20.2,96.9,57.46,24.41,10.6,213.0,1.143,21.06,24.71,24.71,,,,,,
2020-12-15,33.11,21.31,99.8,54.67,15.62,7.1,213.0,29.74,21.41,21.43,21.43,,,,,,
2020-12-16,23.04,20.68,100.0,94.7,4.135,4.469444444444444,227.0,8.0,22.03,22.03,22.03,,,,,,
2020-12-17,29.65,21.58,100.0,70.44,16.23,5.038888888888889,50.0,2.286,23.58,23.85,23.85,,,,,,
2020-12-18,30.47,21.28,99.5,71.77,15.02,5.8694444444444445,28.0,10.54,21.41,21.51,21.51,,,,,,
2020-12-19,30.74,21.24,99.3,65.73,15.66,5.138888888888888,231.0,0.711,22.73,23.47,23.47,,,,,,
2020-12-20,32.85,22.29,99.5,60.82,22.14,9.488888888888887,211.0,9.42,22.92,23.09,23.09,,,,,,
2020-12-21,33.31,22.09,99.6,62.83,14.14,4.861111111111111,46.0,5.5120000000000005,23.72,23.83,23.83,,,,,,
2020-12-22,29.05,21.14,100.0,68.57,10.26,5.269444444444444,187.0,1.143,21.12,21.31,21.31,,,,,,
2020-12-23,23.23,19.82,99.1,85.3,5.397,4.419444444444444,263.0,1.6,20.1,20.23,20.23,,,,,,
2020-12-24,28.3,19.12,100.0,64.96,14.08,5.3805555555555555,20.0,6.858,20.98,23.52,23.52,,,,,,
2020-12-25,29.23,20.72,99.1,54.15,21.17,6.538888888888889,24.0,3.429,19.5,21.15,21.15,,,,,,
2020-12-26,28.61,18.98,98.8,61.58,19.51,4.1305555555555555,41.0,0.0,19.78,20.7,20.7,,,,,,
2020-12-27,29.53,19.75,99.6,64.63,19.97,4.8805555555555555,237.0,2.286,21.54,21.74,21.74,,,,,,
2020-12-28,30.45,20.94,100.0,62.21,14.6,4.961111111111111,237.0,36.78,21.56,21.56,21.56,,,,,,
2020-12-29,30.73,21.0,100.0,63.81,17.97,5.3,216.0,65.2,22.11,22.11,22.11,,,,,,
2020-12-30,31.86,20.77,100.0,65.75,18.04,15.119444444444444,247.0,9.17,21.32,21.32,21.32,,,,,,
2020-12-31,34.16,19.5,100.0,54.64,29.73,5.6194444444444445,67.0,0.229,24.81,26.28,26.28,,,,,,
2021-01-01,32.17,22.19,100.0,51.46,13.47,14.188888888888888,227.0,46.81,22.18,22.19,22.19,,,,,,
2021-01-02,23.37,20.29,100.0,84.0,4.214,5.719444444444444,22.0,16.31,19.89,20.45,20.45,,,,,,
2021-01-03,27.22,19.83,100.0,62.64,8.39,4.938888888888889,266.0,10.21,19.83,19.83,19.83,,,,,,
2021-01-04,26.73,18.8,100.0,66.46,12.07,4.8500000000000005,77.0,3.429,19.26,20.36,20.36,,,,,,
2021-01-05,29.68,18.75,98.9,58.53,21.23,5.0,48.0,0.0,20.88,23.03,23.03,,,,,,
2021-01-06,31.69,21.61,100.0,58.45,15.47,5.961111111111111,25.0,30.66,22.75,22.75,22.75,,,,,,
2021-01-07,34.63,22.39,100.0,60.64,23.04,15.1,240.0,4.42,24.26,24.72,24.72,,,,,,
2021-01-08,36.51,22.41,100.0,45.84,25.12,13.86111111111111,227.0,28.4,22.71,22.71,22.71,,,,,,
2021-01-09,34.67,22.49,100.0,51.11,20.4,4.95,233.0,1.143,23.57,24.03,24.03,,,,,,
2021-01-10,32.8,22.05,99.7,56.25,19.43,4.45,62.0,3.886,23.8,25.17,25.17,,,,,,
2021-01-11,31.73,23.7,97.7,65.88,14.43,3.7,101.0,1.6,24.3,24.69,24.69,,,,,,
2021-01-12,31.24,23.81,99.1,69.93,14.84,7.3694444444444445,18.0,7.087,23.95,24.47,24.47,,,,,,
2021-01-13,34.74,23.87,99.5,58.88,19.84,4.530555555555555,73.0,1.143,24.3,24.95,24.95,,,,,,
2021-01-14,26.97,21.12,99.2,78.8,7.875,5.811111111111112,217.0,9.37,21.04,21.17,21.17,,,,,,
2021-08-26,,,,,,,,,,,,14.0,20.192857142857143,81.05857142857143,1.505952380952381,,67.50914285714286
2021-08-27,28.86,16.61,100.0,42.41,291.5,6.9111111111111105,248.0,1.016,14.44,16.65,16.65,24.0,16.774583333333336,83.22166666666666,0.903912037037037,,41.562
2021-08-28,18.71,14.81,98.6,70.04,101.6,4.230555555555555,12.0,0.254,14.69,14.89,14.89,24.0,15.755833333333333,97.11666666666667,1.137152777777778,,38.43779166666666
2021-08-29,17.98,13.8,100.0,85.5,107.4,4.480555555555555,230.0,21.34,13.82,13.82,13.82,24.0,15.691666666666668,99.64583333333333,1.5956828703703705,,33.272708333333334
2021-08-30,18.67,13.73,100.0,96.0,76.36,4.538888888888889,231.0,5.842,15.72,15.72,15.72,24.0,17.059166666666666,99.1375,1.4431944444444442,,78.553625
2021-08-31,20.45,14.91,100.0,94.1,389.1,4.561111111111112,225.0,2.286,17.6,17.6,17.6,24.0,19.102083333333333,92.89625000000001,1.3761805555555553,,147.765375
2021-09-01,24.27,15.68,100.0,72.91,1571.0,6.6000000000000005,47.0,0.0,17.91,18.53,18.53,24.0,20.199166666666667,86.61458333333333,1.7834953703703702,,177.39404166666668
2021-09-02,25.51,17.43,97.1,66.35,2195.0,5.8999999999999995,86.0,0.0,17.05,17.61,17.61,24.0,19.81375,86.85041666666666,1.202523148148148,,211.85316666666665
2021-09-03,26.48,15.36,100.0,56.71,2691.0,4.6305555555555555,27.0,0.0,17.73,18.15,18.15,24.0,20.58125,87.40750000000001,1.182013888888889,,177.38975000000002
2021-09-04,30.29,16.64,100.0,53.65,2041.0,4.069444444444445,164.0,0.0,16.25,18.18,18.18,24.0,18.424583333333334,89.84416666666668,0.9417476851851853,,62.87175
2021-09-05,23.17,17.09,99.8,66.91,461.6,5.1,244.0,1.016,17.07,17.09,17.09,24.0,20.620833333333334,87.58208333333334,1.2964236111111112,,205.01116666666667
2021-09-06,28.36,16.61,100.0,60.59,2483.0,5.7,31.0,10.67,16.79,18.84,18.84,24.0,19.511666666666667,85.03166666666667,0.7283564814814815,,71.456125
2021-09-07,22.03,17.91,97.7,71.93,292.1,2.7,56.0,0.0,17.56,17.94,17.94,24.0,19.039166666666667,97.42916666666667,1.2644097222222221,,42.82775
2021-09-08,21.83,17.67,100.0,86.4,146.0,6.069444444444445,81.0,4.8260000000000005,18.98,18.98,18.98,24.0,19.86375,97.90416666666665,1.7393981481481482,,39.932125
2021-09-09,22.48,18.86,100.0,90.7,122.4,9.2,55.0,3.302,19.44,19.44,19.44,24.0,21.991666666666664,90.20666666666666,1.2577314814814813,,127.40491666666667
2021-09-10,28.9,18.29,100.0,61.02,1031.0,5.238888888888889,205.0,0.254,18.44,18.44,18.44,24.0,20.805416666666666,66.62333333333333,1.8538078703703702,,242.936375
2021-09-11,29.45,15.95,100.0,37.27,3285.0,7.749999999999999,230.0,0.0,15.6,16.67,16.67,24.0,18.53875,87.44416666666666,1.0524074074074072,,97.49154166666666
2021-09-12,23.95,15.54,97.6,65.56,590.0,3.7,55.0,0.0,17.02,18.01,18.01,24.0,20.19666666666667,88.24166666666667,0.9935995370370371,,111.84429166666666
2021-09-13,27.06,17.21,98.6,64.58,867.0,4.730555555555556,45.0,0.0,19.28,20.52,20.52,24.0,21.289583333333333,90.99916666666667,0.9644791666666667,,60.64358333333333
2021-09-14,24.23,19.68,97.7,77.54,235.9,3.861111111111111,68.0,0.0,20.21,20.74,20.74,24.0,21.1825,96.2375,1.4767476851851853,,30.515291666666666
2021-09-15,22.72,20.07,98.8,86.6,67.58,7.6,233.0,3.81,18.88,21.06,21.06,24.0,18.250416666666666,90.01708333333333,1.0205324074074074,,32.69379166666666
2021-09-16,21.07,15.13,96.9,78.12,68.32,4.280555555555556,217.0,0.762,14.57,15.72,15.72,24.0,14.542916666666665,97.89166666666667,1.535763888888889,,16.027208333333334
2021-09-17,15.77,13.76,100.0,89.7,16.48,5.45,228.0,36.58,14.3,14.3,14.3,24.0,15.36875,100.0,1.267824074074074,,14.86875
2021-09-18,16.53,14.27,100.0,100.0,15.8,10.438888888888888,212.0,35.31,16.04,16.04,16.04,24.0,18.662499999999998,94.59166666666665,1.142673611111111,,108.46595833333333
2021-09-19,24.47,15.99,100.0,75.34,882.0,4.030555555555555,23.0,0.508,18.67,18.97,18.97,24.0,20.479166666666668,94.14583333333333,0.8565162037037037,,66.64845833333334
2021-09-20,24.45,18.46,100.0,80.3,289.6,3.3000000000000003,55.0,0.0,19.87,20.06,20.06,24.0,22.599999999999998,91.5475,1.1928472222222222,,136.56879166666667
2021-09-21,30.74,19.96,100.0,62.38,1259.0,4.8,60.0,0.0,20.91,20.91,20.91,24.0,19.9725,93.87916666666666,1.106076388888889,,52.542875
2021-09-22,23.44,16.8,100.0,77.31,209.5,4.169444444444444,94.0,0.508,13.04,16.85,16.85,24.0,17.666666666666668,77.05541666666666,1.1661458333333334,,133.63366666666667
2021-09-23,22.05,14.2,89.0,61.77,1132.0,5.05,350.0,0.0,14.14,16.44,16.44,24.0,17.781666666666666,78.51666666666667,1.3178819444444445,,106.31970833333334
2021-09-24,,,,,,,,,,,,24.0,17.857083333333332,87.79166666666667,1.1463078703703704,,88.69616666666667
2021-09-25,,,,,,,,,,,,24.0,20.203333333333333,83.81833333333334,1.1521064814814814,,211.58895833333335
2021-09-26,,,,,,,,,,,,24.0,21.714583333333334,84.84125,1.2516203703703703,,225.35612500000002
2021-09-27,,,,,,,,,,,,24.0,21.79375,85.63291666666667,1.326898148148148,,234.43458333333334
2021-09-28,,,,,,,,,,,,24.0,22.33666666666667,86.83916666666666,1.336574074074074,,207.1
2021-09-29,,,,,,,,,,,,24.0,20.84,90.60000000000001,0.8041550925925925,,115.78729166666666
2021-09-30,,,,,,,,,,,,24.0,19.604166666666668,91.17083333333333,1.1003587962962962,,97.7915
2021-10-01,,,,,,,,,,,,24.0,19.8025,95.62083333333334,1.7650925925925927,,47.06754166666667
2021-10-02,,,,,,,,,,,,24.0,19.861666666666668,94.79583333333333,0.9746296296296296,,48.8475
2021-10-03,,,,,,,,,,,,24.0,20.0675,95.89999999999999,1.512361111111111,,38.384499999999996
2021-10-04,,,,,,,,,,,,24.0,18.030833333333334,98.69583333333333,0.9733680555555555,,26.776208333333333
2021-10-05,,,,,,,,,,,,24.0,16.6875,93.85416666666667,0.7167476851851852,,44.25733333333333
2021-10-06,,,,,,,,,,,,24.0,18.059166666666666,95.33333333333333,1.1532638888888889,,68.35912499999999
2021-10-07,,,,,,,,,,,,24.0,17.452916666666667,88.12583333333333,0.9865856481481482,,45.83112500000001
2021-10-08,,,,,,,,,,,,24.0,16.77125,92.84166666666665,1.0727546296296295,,55.991958333333336
2021-10-09,,,,,,,,,,,,24.0,17.789583333333333,97.30416666666667,1.2912847222222223,,43.713875
2021-10-10,,,,,,,,,,,,24.0,18.393333333333334,96.675,0.9668171296296295,,69.17916666666666
2021-10-11,,,,,,,,,,,,24.0,18.415,98.67083333333333,0.8431828703703704,,57.47125
2021-10-12,,,,,,,,,,,,24.0,19.852083333333333,97.00416666666666,1.7058333333333333,,69.19329166666667
2021-10-13,,,,,,,,,,,,24.0,21.28625,92.32333333333334,1.0277893518518517,,150.081625
2021-10-14,,,,,,,,,,,,24.0,21.925,90.92166666666667,1.2779050925925926,,154.31608333333332
2021-10-15,,,,,,,,,,,,24.0,20.655833333333334,99.33333333333333,0.9811111111111112,,39.942458333333335
2021-10-16,,,,,,,,,,,,24.0,20.437916666666666,92.05,1.0350694444444444,,76.07079166666666
2021-10-17,,,,,,,,,,,,24.0,17.275000000000002,98.53750000000001,1.0676967592592592,,46.216
2021-10-18,,,,,,,,,,,,24.0,16.28375,99.03750000000001,1.1960185185185186,,63.22645833333333
2021-10-19,,,,,,,,,,,,24.0,17.21375,92.27666666666666,1.058275462962963,,87.73220833333333
2021-10-20,,,,,,,,,,,,24.0,16.088333333333335,95.18333333333334,1.8235648148148147,,75.58791666666667
2021-10-21,,,,,,,,,,,,24.0,18.4575,84.17041666666667,1.7337152777777778,,256.3086666666667
2021-10-22,,,,,,,,,,,,24.0,20.02541666666667,81.41250000000001,1.6200694444444446,,296.27575
2021-10-23,,,,,,,,,,,,24.0,20.957916666666666,86.84125,1.369189814814815,,198.896125
2021-10-24,,,,,,,,,,,,24.0,20.777916666666666,84.9375,1.7852662037037037,,127.26233333333333
2021-10-25,,,,,,,,,,,,24.0,21.40416666666667,75.315,1.3692708333333332,,290.25983333333335
2021-10-26,,,,,,,,,,,,24.0,22.113333333333333,79.82541666666667,1.619074074074074,,293.06345833333336
2021-10-27,,,,,,,,,,,,24.0,21.805000000000003,86.50458333333334,1.4708449074074075,,184.033625
2021-10-28,,,,,,,,,,,,24.0,21.598333333333333,87.8725,1.1968981481481482,,102.02725
2021-10-29,,,,,,,,,,,,24.0,20.0975,95.94833333333334,1.4572916666666667,,115.748875
2021-10-30,,,,,,,,,,,,24.0,21.140833333333333,95.82708333333333,1.200011574074074,,150.55991666666668
2021-10-31,,,,,,,,,,,,24.0,20.005416666666665,97.94166666666666,1.0566782407407407,,62.35604166666667
2021-11-01,,,,,,,,,,,,24.0,21.677083333333332,96.52083333333333,0.9602083333333334,,145.18583333333333
2021-11-02,,,,,,,,,,,,24.0,22.7225,89.46791666666667,1.0583333333333333,,204.03329166666666
2021-11-03,,,,,,,,,,,,24.0,23.297916666666666,85.10291666666667,1.4927893518518518,,273.46008333333333
2021-11-04,,,,,,,,,,,,24.0,22.64833333333333,87.89458333333333,1.4939120370370371,,184.26999999999998
2021-11-05,,,,,,,,,,,,24.0,23.444166666666664,88.76083333333334,1.3221643518518518,,207.0045
2021-11-06,,,,,,,,,,,,24.0,22.780833333333334,87.29708333333333,0.9586574074074075,,106.69200000000001
2021-11-07,,,,,,,,,,,,24.0,20.746666666666666,89.97208333333333,0.9716666666666667,,114.81237499999999
2021-11-08,,,,,,,,,,,,24.0,20.146666666666665,90.26625,0.9757175925925926,,89.74879166666666
2021-11-09,,,,,,,,,,,,24.0,20.31416666666667,91.1375,1.094675925925926,,108.46787499999999
2021-11-10,,,,,,,,,,,,24.0,19.576249999999998,88.65708333333333,1.3718402777777776,,61.494375
2021-11-11,,,,,,,,,,,,24.0,18.115416666666665,97.75416666666666,1.1747222222222222,,79.244625
2021-11-12,,,,,,,,,,,,24.0,17.752083333333335,96.48333333333333,0.8491087962962963,,105.58912500000001
2021-11-13,,,,,,,,,,,,24.0,17.905416666666667,94.08583333333333,1.280787037037037,,102.345125
2021-11-14,,,,,,,,,,,,24.0,20.0625,85.20583333333333,1.7326388888888886,,230.999375
2021-11-15,,,,,,,,,,,,24.0,22.030416666666667,78.72583333333334,1.9902777777777778,,229.82041666666666
2021-11-16,,,,,,,,,,,,24.0,23.08791666666667,80.16250000000001,1.6041087962962963,,213.24275
2021-11-17,,,,,,,,,,,,24.0,23.51875,82.8225,0.9681944444444445,,231.00979166666664
2021-11-18,,,,,,,,,,,,24.0,20.206666666666667,99.17083333333333,0.9845254629629631,,27.270291666666665
2021-11-19,,,,,,,,,,,,24.0,20.795833333333334,91.89999999999999,1.2724537037037036,,69.796125
2021-11-20,,,,,,,,,,,,24.0,20.099999999999998,86.80041666666666,0.9979166666666667,,94.46708333333333
2021-11-21,,,,,,,,,,,,24.0,21.532083333333333,80.78208333333333,1.4703356481481482,,327.7004166666667
2021-11-22,,,,,,,,,,,,24.0,21.943749999999998,79.05875,1.345752314814815,,333.89375
2021-11-23,,,,,,,,,,,,24.0,23.79875,81.10000000000001,1.5231944444444443,,287.70254166666666
2021-11-24,,,,,,,,,,,,24.0,20.95875,83.39708333333333,0.7467824074074074,,62.861041666666665
2021-11-25,,,,,,,,,,,,24.0,22.248333333333335,86.75375000000001,1.3861458333333332,,130.8955
2021-11-26,,,,,,,,,,,,24.0,25.978333333333335,82.77166666666666,1.2659143518518519,,233.91833333333332
2021-11-27,,,,,,,,,,,,24.0,25.580833333333334,77.36208333333333,1.424085648148148,,288.39229166666667
2021-11-28,,,,,,,,,,,,24.0,24.91333333333333,83.04708333333333,1.366724537037037,,193.55112499999998
2021-11-29,,,,,,,,,,,,24.0,26.92958333333333,79.42416666666666,1.4374421296296296,,249.74629166666668
2021-11-30,,,,,,,,,,,,24.0,26.347916666666666,63.67166666666666,2.163356481481481,,342.5967083333333
2021-12-01,,,,,,,,,,,,24.0,23.824583333333333,81.15916666666666,1.1813310185185186,,144.97575
2021-12-02,,,,,,,,,,,,24.0,20.60875,90.94958333333334,0.8855324074074074,,68.38795833333333
2021-12-03,,,,,,,,,,,,24.0,19.944583333333334,93.41000000000001,1.4609953703703704,,121.01525
2021-12-04,,,,,,,,,,,,24.0,21.83666666666667,87.80624999999999,1.262685185185185,,188.83583333333334
2021-12-05,,,,,,,,,,,,24.0,23.795,82.97291666666666,1.3519560185185184,,265.4112083333333
2021-12-06,,,,,,,,,,,,24.0,21.12125,94.9825,1.2037499999999999,,87.37866666666667
2021-12-07,,,,,,,,,,,,24.0,21.060416666666665,82.76416666666667,1.4350810185185185,,175.87070833333334
2021-12-08,,,,,,,,,,,,24.0,20.774583333333336,75.57583333333334,1.7155092592592591,,232.4785416666667
2021-12-09,,,,,,,,,,,,24.0,20.77875,80.37583333333333,1.6396412037037038,,175.33329166666667
2021-12-10,,,,,,,,,,,,24.0,22.720416666666665,77.05166666666666,1.2676851851851851,,264.80745833333333
2021-12-11,,,,,,,,,,,,24.0,24.20125,83.57541666666667,1.2839351851851852,,299.46475
2021-12-12,,,,,,,,,,,,24.0,25.992500000000003,81.07583333333334,1.430162037037037,,283.605125
2021-12-13,,,,,,,,,,,,24.0,25.745,85.30208333333333,1.4140162037037036,,240.31345833333333
2021-12-14,,,,,,,,,,,,24.0,24.015,95.7,0.7285995370370371,,44.12529166666667
2021-12-15,,,,,,,,,,,,24.0,25.03333333333333,92.65125,0.9734606481481481,,99.028
2021-12-16,,,,,,,,,,,,24.0,26.5325,84.60458333333334,1.0097222222222222,,259.1988333333333
2021-12-17,,,,,,,,,,,,24.0,24.952083333333334,85.2025,0.8134722222222223,,85.55679166666665
2021-12-18,,,,,,,,,,,,24.0,22.510416666666668,92.50375000000001,0.8875231481481481,,89.74145833333334
2021-12-19,,,,,,,,,,,,24.0,23.177083333333332,80.11,1.1452777777777776,,252.51991666666666
2021-12-20,,,,,,,,,,,,24.0,24.011666666666667,79.98,1.8655787037037037,,321.512625
2021-12-21,,,,,,,,,,,,24.0,24.819166666666664,80.95541666666666,1.676747685185185,,270.6247916666667
2021-12-22,,,,,,,,,,,,24.0,24.37625,88.16250000000001,1.2352662037037037,,220.30975
2021-12-23,,,,,,,,,,,,24.0,23.580416666666665,76.74125,1.4374074074074075,,283.518625
2021-12-24,,,,,,,,,,,,24.0,22.414583333333336,74.39833333333333,1.4984374999999999,,226.23729166666666
2021-12-25,,,,,,,,,,,,24.0,23.273750000000003,74.13333333333334,1.7931365740740741,,350.4475
2021-12-26,,,,,,,,,,,,24.0,24.84166666666667,77.765,1.6848842592592594,,309.38937500000003
2021-12-27,,,,,,,,,,,,24.0,24.02,85.27499999999999,1.3443634259259258,,214.35625000000002
2021-12-28,,,,,,,,,,,,24.0,24.41625,84.53500000000001,1.3374768518518518,,267.51254166666666
2021-12-29,,,,,,,,,,,,24.0,25.127916666666668,85.21291666666666,1.3358449074074075,,212.30925
2021-12-30,,,,,,,,,,,,24.0,23.455833333333334,89.87625000000001,0.8940740740740741,,80.2535
2021-12-31,,,,,,,,,,,,24.0,23.53125,89.40041666666667,1.5938425925925925,,187.03758333333334
2022-01-01,,,,,,,,,,,,24.0,25.75125,80.60541666666667,1.514398148148148,,341.86970833333334
2022-01-02,32.87,20.04,99.3,52.95,5729.0,5.819444444444444,65.0,0.0,23.09,24.15,24.15,24.0,27.203333333333333,83.28208333333333,1.5801157407407407,,329.182875
2022-01-03,33.06,22.52,99.1,63.28,5511.0,5.8694444444444445,41.0,0.0,24.08,25.26,25.26,24.0,27.81125,81.63375,1.5595370370370372,,319.4828333333333
2022-01-04,34.01,23.56,98.6,53.85,5398.0,6.949999999999999,69.0,0.0,23.62,25.11,25.11,24.0,25.08125,94.94166666666666,0.9073842592592593,,83.46191666666667
2022-01-05,30.72,23.67,99.9,71.92,600.7,4.6,234.0,36.83,23.75,23.75,23.75,24.0,26.13875,88.44916666666667,1.7295138888888888,,234.39641666666668
2022-01-06,34.57,22.34,100.0,54.96,3828.0,9.030555555555555,250.0,46.48,22.38,22.55,22.55,24.0,23.58375,86.42833333333334,1.7422337962962962,,121.62070833333333
2022-01-07,27.15,21.19,99.0,67.5,810.0,5.1611111111111105,82.0,2.286,18.08,21.23,21.23,24.0,23.142916666666668,76.91541666666667,1.4234953703703705,,200.78879166666664
2022-01-08,29.42,19.82,92.4,51.98,2252.0,4.319444444444445,238.0,0.762,18.17,21.12,21.12,24.0,22.45625,77.84208333333333,1.3815277777777777,,110.164875
2022-01-09,26.71,19.9,90.3,58.02,738.0,5.1305555555555555,219.0,0.254,18.2,20.55,20.55,24.0,21.955,86.26166666666667,1.8701504629629628,,183.33416666666665
2022-01-10,28.12,18.45,99.8,62.06,1831.0,7.3,228.0,10.16,19.96,19.98,19.98,24.0,21.366249999999997,98.31666666666666,2.1188541666666665,,94.43633333333332
2022-01-11,24.38,19.58,100.0,91.8,587.4,6.638888888888888,212.0,66.04,21.18,21.21,21.21,24.0,22.42833333333333,97.27916666666665,1.456550925925926,,104.53245833333334
2022-01-12,27.24,20.53,100.0,77.38,657.1,5.05,232.0,21.84,21.98,22.11,22.11,24.0,24.93875,84.58791666666666,1.2533680555555555,,281.00304166666666
2022-01-13,31.93,20.14,100.0,56.54,4124.0,5.0,59.0,0.0,21.89,23.11,23.11,24.0,23.499166666666667,91.52499999999999,1.0483449074074074,,86.80929166666665
2022-01-14,26.74,21.29,99.3,76.79,373.3,4.3805555555555555,32.0,1.016,21.3,22.02,22.02,24.0,24.97458333333333,89.06333333333333,1.1736805555555556,,188.74333333333334
2022-01-15,31.25,21.19,99.9,64.43,2523.0,5.469444444444445,9.0,6.35,22.91,23.11,23.11,24.0,26.312083333333334,87.09249999999999,1.582361111111111,,190.013375
2022-01-16,33.61,22.41,99.5,63.08,2275.0,5.888888888888888,227.0,3.048,22.28,23.01,23.01,24.0,26.9575,80.61708333333333,1.7521296296296296,,300.63616666666667
2022-01-17,33.62,21.54,98.9,55.86,4742.0,7.8805555555555555,251.0,0.0,21.77,23.88,23.88,24.0,27.92,78.57083333333334,1.6878819444444444,,321.4055416666667
2022-01-18,35.73,22.04,97.2,52.64,5267.0,8.188888888888888,210.0,4.064,23.02,23.67,23.67,24.0,28.238333333333333,81.65916666666666,1.428171296296296,,314.80241666666666
2022-01-19,36.55,22.89,96.3,53.01,5097.0,5.038888888888889,235.0,0.0,25.28,25.94,25.94,24.0,28.409583333333334,83.48083333333334,1.5191666666666668,,273.33745833333336
2022-01-20,33.69,24.22,98.6,61.12,4167.0,5.819444444444444,57.0,0.0,24.69,26.17,26.17,24.0,28.663750000000004,82.08583333333333,1.3837962962962962,,305.9214583333333
2022-01-21,34.58,24.5,98.6,59.81,5058.0,5.6,30.0,0.0,24.88,26.32,26.32,24.0,28.604583333333334,80.6825,1.5655671296296296,,309.9569166666667
2022-01-22,33.7,25.54,94.0,59.47,5251.0,6.619444444444444,32.0,0.0,23.27,25.54,25.54,24.0,27.62875,79.50458333333333,1.5697800925925927,,294.169
2022-01-23,33.32,23.5,96.1,58.68,4903.0,5.85,24.0,0.0,23.17,25.91,25.91,24.0,27.794166666666666,78.10541666666667,1.6507060185185185,,312.628875
2022-01-24,33.66,22.95,95.9,55.47,5063.0,6.7,45.0,0.0,23.69,25.94,25.94,24.0,28.24625,76.78208333333333,1.3361921296296295,,307.22133333333335
2022-01-25,34.47,24.38,94.7,48.26,5036.0,6.819444444444445,64.0,0.0,23.62,26.07,26.07,24.0,27.6975,80.33791666666667,1.5698032407407407,,258.57491666666664
2022-01-26,33.62,23.79,95.7,56.82,3924.0,5.8694444444444445,44.0,0.0,23.76,26.42,26.42,24.0,28.606666666666666,80.76291666666667,1.4291203703703703,,296.18854166666665
2022-01-27,34.36,24.42,95.2,61.09,4605.0,5.961111111111111,27.0,0.0,24.88,30.31,26.9,24.0,26.190833333333334,89.07,1.328425925925926,,112.24666666666667
2022-01-28,31.43,21.63,98.7,70.15,959.0,7.3805555555555555,195.0,31.75,21.43,21.65,21.65,24.0,20.029166666666665,98.2375,2.0791898148148147,,39.72120833333333
2022-01-29,21.67,18.58,99.7,96.3,83.6,6.311111111111111,215.0,31.75,18.55,18.59,18.59,24.0,19.965833333333332,97.14166666666667,2.0738425925925923,,67.29608333333333
2022-01-30,22.76,18.23,99.9,87.4,307.1,5.388888888888888,212.0,6.858,19.68,19.77,19.77,24.0,21.2625,95.09541666666667,1.7152430555555556,,77.59316666666668
2022-01-31,24.57,19.7,100.0,77.46,359.4,4.46111111111111,230.0,5.334,19.79,19.94,19.94,24.0,24.652083333333334,85.92166666666667,1.8305787037037036,,276.02183333333335
2022-02-01,32.47,19.76,100.0,59.56,4317.0,5.249999999999999,236.0,1.778,22.57,22.89,22.89,24.0,25.86125,83.10041666666667,1.1589930555555557,,288.901875
2022-02-02,32.78,20.79,99.5,55.09,4572.0,4.411111111111111,70.0,0.254,22.84,24.1,24.1,24.0,26.885,81.29291666666667,1.580173611111111,,297.2825833333333
2022-02-03,33.18,22.49,98.0,51.07,4826.0,6.949999999999999,94.0,0.0,23.19,24.81,24.81,24.0,26.527083333333334,84.04875,1.7384259259259258,,218.19375
2022-02-04,31.93,23.66,94.7,63.68,3285.0,6.519444444444444,41.0,0.0,23.4,24.56,24.56,24.0,25.839166666666667,91.61416666666666,1.2706828703703703,,135.19170833333334
2022-02-05,31.94,23.55,99.6,69.25,1241.0,5.169444444444444,76.0,21.08,24.08,24.17,24.17,24.0,27.343333333333334,88.12124999999999,1.185138888888889,,227.88695833333335
2022-02-06,38.27,23.63,100.0,47.03,3427.0,7.8500000000000005,223.0,20.83,23.5,24.77,24.77,24.0,27.142083333333332,82.21083333333333,1.5972337962962964,,261.82329166666665
2022-02-07,34.5,22.8,98.7,43.96,3815.0,5.830555555555555,224.0,8.13,21.98,24.67,24.67,24.0,25.450416666666666,74.05458333333333,1.2231249999999998,,197.57341666666665
2022-02-08,30.57,22.97,85.7,59.7,2839.0,5.6194444444444445,30.0,0.0,19.83,23.41,23.41,24.0,24.827916666666667,73.62,1.4944444444444445,,238.5270416666667
2022-02-09,30.5,21.8,86.8,54.29,3741.0,5.8,32.0,0.0,18.96,23.24,23.24,24.0,23.644166666666667,81.175,1.4056828703703703,,135.48545833333333
2022-02-10,30.27,20.64,92.0,59.3,1248.0,5.1305555555555555,33.0,0.0,19.98,21.69,21.69,24.0,25.01375,79.59375,1.4450462962962962,,283.19345833333335
2022-02-11,31.42,20.22,97.5,53.78,4606.0,6.3694444444444445,31.0,1.778,22.16,22.83,22.83,24.0,25.422916666666666,81.47208333333333,1.5166087962962962,,291.86075
2022-02-12,31.31,20.98,99.9,57.44,4889.0,6.75,75.0,0.508,21.08,23.67,23.67,24.0,25.624583333333334,76.16208333333333,1.5383796296296295,,292.938625
2022-02-13,31.84,21.31,96.1,49.22,4776.0,5.71111111111111,75.0,0.0,20.26,22.53,22.53,24.0,25.557083333333335,75.31208333333333,1.4441319444444443,,298.361375
2022-02-14,32.92,19.77,97.2,42.54,4701.0,6.319444444444445,31.0,0.254,22.18,24.59,24.59,24.0,25.295833333333334,89.60083333333334,1.3807523148148146,,152.6185
2022-02-15,33.82,20.76,99.3,58.76,1969.0,7.961111111111111,203.0,34.8,21.27,22.93,22.93,24.0,25.44541666666667,72.71625,1.529409722222222,,281.004375
2022-02-16,31.61,21.57,91.3,47.83,4516.0,6.661111111111111,27.0,0.0,19.32,21.72,21.72,24.0,24.812083333333334,76.12416666666667,1.5934027777777777,,301.62129166666665
2022-02-17,31.5,19.27,95.1,51.64,4873.0,5.911111111111111,80.0,0.0,20.54,23.3,23.3,24.0,22.65625,89.055,1.4351041666666668,,106.97362500000001
2022-02-18,29.38,17.15,99.0,64.71,987.0,21.61111111111111,232.0,30.73,16.95,17.15,17.15,24.0,22.212083333333336,81.95125,1.3900347222222222,,260.92333333333335
2022-02-19,31.17,15.83,99.3,50.05,4148.0,4.711111111111111,321.0,0.0,19.75,21.02,21.02,24.0,24.144583333333333,79.39958333333333,1.5420138888888888,,287.9771666666667
2022-02-20,30.96,18.64,98.7,51.17,4719.0,5.138888888888888,57.0,0.0,21.45,23.87,23.87,24.0,26.4375,80.90541666666667,1.4051041666666666,,279.67812499999997
2022-02-21,33.81,20.92,97.4,55.81,4258.0,5.911111111111111,47.0,0.0,24.55,25.96,25.96,24.0,26.787916666666664,86.63958333333333,1.5119444444444445,,237.64374999999998
2022-02-22,35.04,22.43,98.1,57.19,3831.0,9.930555555555555,216.0,2.286,21.68,22.46,22.46,24.0,26.238333333333333,84.02499999999999,1.5329050925925927,,253.73325
2022-02-23,33.36,21.33,99.3,59.88,3628.0,9.75,212.0,20.07,21.77,21.93,21.93,24.0,25.05875,89.34041666666667,1.1956018518518519,,137.58616666666666
2022-02-24,31.42,21.96,99.0,67.2,1381.0,4.8,227.0,3.302,23.53,23.84,23.84,24.0,24.26625,91.09625,1.4021064814814814,,74.91566666666667
2022-02-25,27.83,21.54,98.9,77.05,318.7,4.199999999999999,25.0,2.032,23.62,24.07,24.07,24.0,26.129166666666666,89.90541666666667,1.3798148148148146,,129.89058333333332
2022-02-26,32.68,23.23,99.8,66.71,1080.0,4.938888888888889,69.0,3.302,23.81,25.5,25.5,24.0,27.607083333333335,81.965,1.3717939814814815,,274.71999999999997
2022-02-27,33.54,23.65,98.7,57.56,4205.0,7.261111111111111,23.0,0.0,23.29,25.18,25.18,24.0,27.46875,79.3975,1.6098263888888888,,280.7129166666667
2022-02-28,33.12,23.49,96.4,53.87,4420.0,7.069444444444444,66.0,0.0,24.09,26.5,26.5,24.0,28.536666666666665,79.75666666666667,1.3658217592592592,,240.975
2022-03-01,34.25,25.25,92.8,58.64,3228.0,5.1305555555555555,33.0,0.0,24.75,26.11,26.11,24.0,26.47458333333333,89.23833333333333,1.0429050925925927,,131.27095833333334
2022-03-02,31.11,22.37,99.1,72.51,1229.0,5.76111111111111,27.0,23.37,22.49,22.64,22.64,24.0,24.44125,97.36541666666666,0.9056597222222221,,97.41075
2022-03-03,30.63,22.39,100.0,74.33,1070.0,7.480555555555555,342.0,43.94,22.4,22.5,22.5,24.0,25.040000000000003,93.11,1.0086574074074075,,96.67620833333332
2022-03-04,30.16,22.29,99.5,70.12,577.3,3.861111111111111,235.0,5.08,24.22,24.31,24.31,24.0,26.284166666666668,88.29708333333333,1.2241782407407407,,199.07220833333335
2022-03-05,32.39,22.87,99.4,61.82,2715.0,4.9111111111111105,30.0,0.254,24.38,25.37,25.37,24.0,27.874583333333334,83.28666666666666,1.2776157407407407,,263.2347916666667
2022-03-06,33.72,23.53,99.6,58.97,3882.0,5.138888888888888,56.0,0.0,25.01,30.42,26.92,24.0,29.09,82.93208333333334,1.3391087962962962,,271.81125000000003
2022-03-07,34.99,25.42,96.2,61.56,4027.0,5.811111111111112,70.0,0.0,25.71,30.63,26.85,24.0,27.670416666666668,87.21375,1.401527777777778,,222.91633333333334
2022-03-08,34.22,22.97,99.2,66.35,3149.0,8.338888888888889,209.0,15.75,23.61,24.58,24.58,24.0,26.995833333333334,86.16041666666666,1.1528703703703702,,202.89087500000002
2022-03-09,33.29,23.6,98.7,58.83,2677.0,4.8694444444444445,221.0,2.286,23.63,24.66,24.66,24.0,26.506666666666664,88.46791666666667,1.2527662037037037,,167.460375
2022-03-10,33.02,23.17,99.3,64.31,2157.0,4.1305555555555555,231.0,13.21,24.04,24.63,24.63,24.0,26.704583333333332,86.02791666666667,1.4010300925925927,,219.105875
2022-03-11,32.58,21.97,99.3,60.26,2768.0,12.569444444444445,235.0,17.53,22.26,22.4,22.4,24.0,25.7825,88.39125,1.4673148148148147,,226.01666666666665
2022-03-12,34.83,21.51,99.8,55.72,3298.0,13.119444444444444,270.0,34.8,22.47,22.62,22.62,24.0,20.824583333333333,98.04583333333333,1.5700810185185183,,36.015
2022-03-13,22.83,19.33,100.0,89.5,75.47,5.088888888888889,250.0,26.67,19.62,19.62,19.62,24.0,20.523333333333333,98.90833333333335,1.6871875,,49.940041666666666
2022-03-14,22.13,19.26,100.0,93.9,144.2,4.469444444444444,230.0,13.46,20.67,20.67,20.67,24.0,22.607083333333335,95.49166666666667,1.108136574074074,,66.38170833333334
2022-03-15,26.47,20.59,100.0,80.6,295.7,3.319444444444444,231.0,1.016,21.74,22.06,22.06,24.0,23.3475,94.72500000000001,1.441898148148148,,96.40070833333334
2022-03-16,27.68,21.71,99.5,78.02,587.2,4.05,225.0,2.54,21.91,22.95,22.95,24.0,22.388333333333335,92.47916666666667,1.9204745370370369,,75.395625
2022-03-17,25.28,21.43,98.5,74.17,502.6,5.838888888888889,208.0,8.64,20.23,21.69,21.69,24.0,25.254166666666666,83.47166666666666,1.2547222222222223,,251.63512500000002
2022-03-18,32.26,20.3,98.1,61.09,3498.0,5.519444444444445,30.0,0.0,23.17,23.89,23.89,24.0,25.97875,90.27625,1.8419560185185186,,183.995375
2022-03-19,35.77,22.92,99.0,58.29,2654.0,13.25,268.0,48.01,22.46,23.71,23.71,24.0,24.04375,90.36041666666667,1.6815972222222222,,124.82608333333333
2022-03-20,30.53,20.97,99.1,68.14,1607.0,5.038888888888889,223.0,8.38,20.38,21.13,21.13,24.0,22.422083333333333,84.74458333333334,1.2508564814814813,,97.62229166666667
2022-03-21,26.64,19.45,97.9,60.75,604.7,4.1,220.0,3.048,19.16,19.48,19.48,24.0,20.093333333333334,96.8125,1.2181944444444444,,79.861875
2022-03-22,23.93,18.67,99.9,81.2,443.1,4.519444444444444,6.0,37.08,19.34,19.36,19.36,24.0,22.142083333333332,85.53250000000001,1.4649999999999999,,202.10791666666668
2022-03-23,29.08,18.96,100.0,50.91,3021.0,6.011111111111111,83.0,6.604,19.13,20.28,20.28,24.0,22.58458333333333,89.98208333333334,1.5305671296296295,,130.59833333333333
2022-03-24,28.18,18.56,99.5,71.13,1291.0,7.488888888888889,40.0,0.0,22.44,24.0,24.0,24.0,23.17625,91.97625,1.7622453703703702,,85.09458333333333
2022-03-25,29.41,20.39,98.9,63.67,726.2,8.430555555555555,30.0,19.3,19.52,20.42,20.42,24.0,22.704166666666666,92.00041666666668,1.2185648148148147,,67.79933333333334
2022-03-26,26.06,19.94,99.3,77.07,269.6,5.730555555555555,216.0,0.254,21.8,21.9,21.9,24.0,24.91875,83.66291666666667,1.3513078703703705,,255.33079166666667
2022-03-27,32.97,20.86,100.0,53.13,3617.0,6.669444444444444,225.0,0.0,21.26,22.57,22.57,24.0,24.589166666666667,86.08958333333334,1.124988425925926,,151.84875
2022-03-28,30.72,21.54,96.4,61.04,1738.0,4.5,70.0,0.0,22.44,23.03,23.03,24.0,24.365,87.1075,0.9914467592592593,,162.47641666666667
2022-03-29,30.56,21.41,99.0,61.64,2068.0,5.6611111111111105,62.0,0.0,20.12,22.49,22.49,24.0,24.155,84.17333333333333,1.497974537037037,,188.305625
2022-03-30,29.95,19.99,97.2,61.7,2561.0,5.688888888888889,46.0,0.0,22.17,23.86,23.86,24.0,24.074583333333333,89.35083333333334,1.292638888888889,,160.20475000000002
2022-03-31,32.73,20.17,99.4,60.97,1804.0,12.769444444444444,209.0,19.05,20.85,21.46,21.46,24.0,17.342499999999998,94.86666666666667,1.3860879629629628,,38.56820833333333
2022-04-01,21.45,15.04,99.0,83.2,110.8,5.138888888888888,241.0,18.54,14.34,15.2,15.2,24.0,16.202916666666667,97.64583333333333,2.0730902777777778,,50.23970833333333
2022-04-02,18.05,14.45,100.0,93.8,173.3,5.861111111111112,223.0,14.22,16.24,16.24,16.24,24.0,18.152916666666666,98.56666666666666,1.7448842592592593,,68.70045833333333
2022-04-03,22.63,16.14,100.0,86.5,315.2,4.8805555555555555,234.0,9.91,18.74,18.74,18.74,24.0,21.184583333333332,96.15708333333333,1.125138888888889,,108.10679166666667
2022-04-04,26.18,18.38,100.0,76.49,851.0,4.438888888888889,48.0,2.794,21.6,21.6,21.6,24.0,23.09375,94.28375,1.2816898148148148,,92.00854166666666
2022-04-05,28.05,20.46,100.0,74.95,548.4,4.219444444444444,241.0,3.302,20.07,20.5,20.5,24.0,22.044166666666666,92.3875,0.9771412037037037,,84.18175000000001
2022-04-06,25.81,19.42,100.0,78.46,429.4,2.9388888888888887,206.0,0.0,21.22,21.67,21.67,24.0,22.418333333333333,93.41333333333334,0.9122106481481481,,96.46595833333333
2022-04-07,27.45,20.3,100.0,73.95,659.3,2.9499999999999997,233.0,4.064,21.39,21.67,21.67,24.0,22.35083333333333,94.45416666666667,1.042534722222222,,83.7
2022-04-08,25.79,20.7,100.0,78.52,453.9,4.288888888888889,14.0,3.302,20.96,21.61,21.61,24.0,22.138333333333335,90.69083333333333,1.020787037037037,,94.851375
2022-04-09,27.26,20.03,99.5,67.23,708.1,3.95,27.0,3.81,19.98,20.05,20.05,24.0,23.514166666666668,88.57375,1.0575462962962963,,200.93508333333332
2022-04-10,32.18,19.48,100.0,58.3,2617.0,4.680555555555556,268.0,0.0,21.4,22.14,22.14,24.0,23.495416666666667,88.43374999999999,0.9241666666666667,,149.28758333333334
2022-04-11,29.98,20.04,99.3,60.87,1496.0,3.138888888888889,229.0,0.0,21.08,21.19,21.19,24.0,22.108333333333334,96.825,1.1527199074074075,,56.072583333333334
2022-04-12,25.24,19.78,100.0,82.5,233.2,8.35,253.0,1.016,19.73,19.78,19.78,24.0,21.221666666666668,97.0,1.3603935185185183,,61.32925
2022-04-13,25.35,19.12,100.0,82.1,266.9,5.780555555555555,232.0,10.41,21.35,21.43,21.43,24.0,22.530833333333334,93.49000000000001,1.0998032407407408,,80.69520833333333
2022-04-14,27.08,20.19,100.0,76.43,469.0,5.538888888888889,47.0,11.18,20.96,21.06,21.06,24.0,19.751250000000002,97.03750000000001,1.1853703703703704,,39.29533333333333
2022-04-15,23.1,16.99,100.0,85.5,121.1,4.3694444444444445,270.0,18.54,15.89,17.02,17.02,24.0,19.449583333333333,73.63708333333334,1.5950347222222223,,236.77383333333333
2022-04-16,27.23,14.06,98.8,30.1,3169.0,6.1305555555555555,224.0,0.0,15.2,17.89,17.89,24.0,19.512083333333333,78.36458333333333,1.291412037037037,,201.8745
2022-04-17,28.3,13.72,98.1,43.71,2653.0,5.469444444444445,248.0,0.0,15.65,18.33,18.33,24.0,20.050833333333333,80.43374999999999,1.1505439814814815,,137.08208333333334
2022-04-18,27.19,15.62,96.6,53.25,1195.0,3.9194444444444443,216.0,0.0,17.17,18.85,18.85,24.0,19.005,92.99583333333334,1.5433217592592594,,87.09808333333332
2022-04-19,22.91,16.67,99.6,78.59,529.0,5.530555555555556,35.0,6.35,16.6,16.69,16.69,24.0,19.86916666666667,86.20666666666666,1.0214930555555555,,173.3216666666667
2022-04-20,27.21,15.1,100.0,56.03,1991.0,3.3305555555555557,63.0,0.254,18.25,19.1,19.1,24.0,21.157083333333333,84.81666666666666,1.0975,,193.47116666666668
2022-04-21,28.97,17.05,100.0,51.5,2318.0,4.8,20.0,0.0,18.28,19.35,19.35,24.0,21.88,83.63291666666667,1.2518055555555556,,195.57883333333334
2022-04-22,28.35,17.43,99.2,58.56,2327.0,4.8694444444444445,42.0,0.254,19.67,20.2,20.2,24.0,21.997083333333332,82.54541666666667,1.3800462962962963,,97.42741666666666
2022-04-23,26.71,17.98,98.2,61.58,704.8,11.0,239.0,5.08,17.38,17.99,17.99,24.0,21.590416666666666,82.60875,1.7359722222222222,,150.27625
2022-04-24,29.52,17.15,99.4,50.18,1360.0,8.438888888888888,36.0,17.53,18.72,20.54,20.54,24.0,22.455416666666665,84.65791666666667,1.2195023148148147,,177.9995
2022-04-25,28.2,19.27,96.7,62.88,2199.0,6.1194444444444445,66.0,0.0,20.15,21.77,21.77,24.0,23.297916666666666,87.86333333333333,1.3767476851851852,,138.34091666666666
2022-04-26,28.12,20.48,97.6,68.82,1390.0,5.519444444444445,58.0,0.254,21.39,22.58,22.58,24.0,23.16125,91.17833333333334,0.8467013888888889,,82.77708333333334
2022-04-27,27.2,20.04,100.0,74.59,401.4,3.1,76.0,0.0,22.21,22.42,22.42,24.0,25.017083333333332,89.26125,1.0674537037037037,,170.09145833333335
2022-04-28,31.57,22.08,100.0,63.14,1925.0,3.738888888888889,65.0,0.0,22.99,23.59,23.59,24.0,26.450833333333332,82.1775,1.0772569444444444,,182.47420833333334
2022-04-29,34.88,21.81,98.5,52.61,1983.0,5.211111111111111,175.0,0.508,18.95,22.21,22.21,24.0,21.45875,80.87541666666667,0.834861111111111,,56.650666666666666
2022-04-30,23.44,19.36,95.9,68.3,220.1,5.45,219.0,0.0,17.65,19.37,19.37,24.0,19.655833333333334,88.23916666666666,1.1661689814814815,,44.578
2022-05-01,22.17,18.36,94.5,75.27,130.1,3.961111111111111,245.0,0.0,18.24,19.13,19.13,24.0,21.611666666666665,90.15916666666668,1.1347685185185186,,136.16566666666665
2022-05-02,29.14,18.33,98.9,62.99,1615.0,4.411111111111111,32.0,0.254,19.96,21.06,21.06,24.0,19.50583333333333,98.64583333333333,1.3174421296296297,,26.47475
2022-05-03,21.08,18.05,100.0,93.4,44.45,5.030555555555555,234.0,18.29,18.07,18.07,18.07,24.0,17.91375,100.0,2.514953703703704,,15.320458333333335
2022-05-04,18.83,17.04,100.0,100.0,14.44,8.561111111111112,250.0,64.52,17.48,17.48,17.48,24.0,17.505416666666665,96.6375,3.061574074074074,,31.113125
2022-05-05,19.46,15.7,100.0,83.6,92.4,12.169444444444444,233.0,64.01,17.2,17.32,17.32,24.0,20.174166666666668,84.03041666666667,2.157974537037037,,179.386625
2022-05-06,27.46,16.53,99.3,51.78,2067.0,7.961111111111111,230.0,0.762,15.9,17.43,17.43,24.0,19.763749999999998,76.52708333333334,0.7413310185185185,,165.6665416666667
2022-05-07,25.5,17.24,92.5,54.05,1963.0,3.8111111111111113,50.0,0.0,16.27,17.68,17.68,24.0,18.8525,84.42791666666666,1.0178125,,96.59429166666666
2022-05-08,25.5,15.26,98.7,58.84,706.2,3.511111111111111,215.0,0.0,15.99,17.07,17.07,24.0,19.12333333333333,83.52333333333333,1.2391550925925925,,168.21766666666667
2022-05-09,26.54,14.88,99.2,45.46,1946.0,3.9388888888888887,215.0,0.0,15.53,16.65,16.65,24.0,19.15375,90.23875,1.0785532407407408,,85.35891666666667
2022-05-10,24.04,15.98,99.4,67.84,562.8,3.8305555555555553,235.0,0.0,18.48,19.0,19.0,24.0,21.14875,88.76208333333334,1.0395486111111112,,118.26716666666665
2022-05-11,26.81,18.37,99.7,63.58,1046.0,4.1,56.0,2.794,19.21,19.4,19.4,24.0,20.9725,91.43333333333334,1.0651273148148148,,110.44054166666666
2022-05-12,27.82,18.2,100.0,63.12,1139.0,5.780555555555555,227.0,0.508,17.75,18.21,18.21,24.0,19.1675,83.25416666666666,1.2739583333333333,,156.03029166666667
2022-05-13,26.03,14.6,99.6,51.69,1672.0,4.780555555555556,249.0,0.0,15.34,19.08,19.08,24.0,19.70875,81.54041666666667,0.8644212962962964,,101.90091666666667
2022-05-14,24.33,17.26,91.6,63.39,827.0,3.4305555555555554,60.0,0.0,17.26,18.89,18.89,24.0,20.57875,86.47791666666666,1.0917592592592593,,143.07120833333335
2022-05-15,25.2,17.3,97.2,66.6,1410.0,5.269444444444444,74.0,0.0,18.81,19.84,19.84,24.0,21.985833333333332,81.49833333333333,2.038715277777778,,146.11316666666667
2022-05-16,28.6,18.49,98.7,51.22,1554.0,12.31111111111111,240.0,0.0,17.58,18.49,18.49,24.0,19.83458333333333,67.78583333333333,2.5103009259259257,,165.02195833333334
2022-05-17,25.86,14.89,96.7,44.17,1793.0,10.719444444444445,237.0,0.0,4.006,14.89,14.89,24.0,15.434166666666668,47.124583333333334,5.706921296296296,,180.10079166666665
2022-05-18,21.06,11.32,62.45,33.82,2007.0,14.838888888888889,260.0,0.0,3.349,12.84,12.84,24.0,17.14125,52.49625,7.835532407407407,,140.73829166666667
2022-05-19,22.6,12.66,60.81,42.36,1336.0,17.619444444444444,236.0,0.0,8.68,16.35,16.35,24.0,17.69125,56.06875,4.107268518518518,,178.18604166666668
2022-05-20,23.56,12.97,75.88,40.24,1955.0,11.061111111111112,246.0,0.0,9.28,13.49,13.49,24.0,15.674583333333333,71.06583333333333,1.4689930555555557,,174.56770833333334
2022-05-21,24.25,9.77,92.5,39.61,1873.0,4.588888888888889,216.0,0.0,11.01,12.18,12.18,24.0,15.950416666666667,79.86625,1.398125,,171.025
2022-05-22,25.11,9.95,96.2,39.38,1817.0,3.561111111111111,42.0,0.0,13.37,14.26,14.26,24.0,16.707083333333333,84.36291666666666,1.2562152777777778,,166.67454166666667
2022-05-23,24.95,11.23,98.2,50.6,1748.0,5.280555555555556,68.0,0.0,15.5,16.06,16.06,24.0,18.183333333333334,89.7675,1.0063888888888888,,105.45279166666667
2022-05-24,24.79,14.35,99.6,63.85,722.8,4.519444444444444,215.0,0.0,16.09,16.3,16.3,24.0,19.294583333333332,87.59666666666668,1.1341319444444444,,141.21258333333333
2022-05-25,26.4,15.38,100.0,61.61,1325.0,3.55,58.0,0.0,17.46,18.0,18.0,24.0,20.264166666666664,87.51041666666667,0.9666782407407407,,119.32799999999999
2022-05-26,25.68,17.95,97.7,62.15,1056.0,3.3611111111111107,34.0,0.0,18.05,18.65,18.65,24.0,21.0275,85.34375,1.2568287037037036,,149.83866666666668
2022-05-27,29.35,17.47,98.0,51.73,1475.0,4.3,227.0,0.508,17.95,18.26,18.26,24.0,20.202083333333334,90.32416666666666,0.9408680555555556,,110.72587500000002
2022-05-28,25.8,17.49,99.8,68.4,883.0,4.430555555555555,25.0,0.0,18.4,18.96,18.96,24.0,21.643333333333334,84.73958333333333,1.1150925925925925,,106.71249999999999
2022-05-29,29.18,18.39,97.7,54.48,801.0,5.038888888888889,206.0,0.0,19.11,19.8,19.8,24.0,19.7275,90.94541666666667,1.3369907407407406,,66.52283333333334
2022-05-30,25.58,17.03,99.0,64.23,389.8,9.780555555555555,234.0,47.75,16.84,17.1,17.1,24.0,17.41125,96.84166666666665,1.0293981481481482,,28.199666666666662
2022-05-31,19.42,16.11,98.3,91.1,64.04,5.780555555555555,337.0,12.45,14.71,16.12,16.12,24.0,14.985416666666666,90.84583333333335,0.7826504629629629,,23.039125
2022-06-01,16.15,13.28,97.5,80.8,34.42,3.4611111111111112,227.0,1.778,12.72,13.3,13.3,24.0,13.75875,96.97500000000001,1.2936226851851853,,24.414041666666666
2022-06-02,15.29,12.23,98.3,93.3,46.06,3.7,228.0,26.92,14.1,14.37,14.37,24.0,15.267916666666666,97.99583333333334,1.116261574074074,,22.887625
2022-06-03,16.97,14.24,98.7,96.8,36.26,3.6305555555555555,229.0,39.12,14.58,14.89,14.89,24.0,15.847083333333332,89.23458333333333,0.8459374999999999,,62.84820833333333
2022-06-04,19.5,13.86,98.0,69.12,264.5,3.2499999999999996,270.0,1.016,14.02,15.32,15.32,24.0,16.190833333333334,88.22875,1.1343634259259259,,64.66341666666666
2022-06-05,19.42,13.46,96.1,74.58,267.3,3.738888888888889,253.0,0.0,15.81,16.42,16.42,24.0,17.798333333333336,94.3625,0.9985300925925925,,48.26233333333334
2022-06-06,21.59,15.78,97.4,82.9,219.7,6.05,28.0,2.286,17.68,18.28,18.28,24.0,19.36916666666667,92.515,1.0979050925925926,,71.71491666666667
2022-06-07,23.53,17.36,97.3,76.78,338.6,10.06111111111111,234.0,16.76,18.31,18.82,18.82,24.0,18.409166666666668,96.54583333333333,1.0611574074074075,,17.564791666666668
2022-06-08,19.26,17.75,97.7,95.4,20.19,4.730555555555556,212.0,16.0,17.28,17.83,17.83,24.0,18.499166666666667,94.8125,1.2094560185185184,,38.300333333333334
2022-06-09,20.46,17.63,97.0,90.0,113.2,4.069444444444445,238.0,2.54,17.35,18.05,18.05,24.0,18.520833333333332,94.94166666666666,1.5067361111111113,,40.36320833333333
2022-06-10,20.13,17.17,97.1,88.7,115.4,3.75,228.0,21.34,18.0,18.45,18.45,24.0,19.49416666666667,89.24208333333333,1.1266319444444444,,90.35312499999999
2022-06-11,25.61,16.36,97.5,61.57,530.6,5.6305555555555555,211.0,0.254,15.08,16.54,16.54,24.0,15.592916666666667,63.98916666666667,2.2261805555555556,,148.86741666666668
2022-06-12,21.77,11.79,96.1,30.71,1401.0,8.738888888888889,232.0,0.0,4.593,12.3,12.3,24.0,14.93,45.3325,3.0022916666666664,,167.41966666666667
2022-06-13,22.61,9.5,65.84,24.63,1765.0,9.63888888888889,232.0,0.0,6.008,12.42,12.42,24.0,15.512083333333331,66.49416666666667,1.589560185185185,,160.00075
2022-06-14,25.17,8.81,85.3,37.66,1603.0,5.8694444444444445,219.0,0.0,12.1,14.62,14.62,24.0,16.31625,83.20083333333334,1.0776157407407407,,82.7105
2022-06-15,22.36,12.08,92.7,62.83,513.4,3.65,227.0,0.0,15.34,16.84,16.84,24.0,18.482499999999998,83.36833333333333,0.9600231481481482,,121.51
2022-06-16,25.01,14.91,95.8,49.15,1055.0,4.261111111111111,59.0,0.0,15.07,16.09,16.09,24.0,17.913333333333334,88.51791666666666,1.3219791666666667,,133.77016666666665
2022-06-17,24.82,13.45,96.8,65.39,1219.0,4.45,206.0,0.0,17.17,18.68,18.68,24.0,20.724166666666665,84.7525,1.7086689814814815,,101.631125
2022-06-18,26.22,17.39,95.5,63.03,888.0,12.938888888888888,230.0,2.032,18.47,20.02,20.02,24.0,18.690416666666668,72.50625000000001,1.8388310185185184,,160.27866666666668
2022-06-19,24.32,14.17,93.2,40.78,1629.0,7.25,212.0,0.0,12.37,14.25,14.25,24.0,15.996249999999998,82.69916666666667,1.1934375,,77.10258333333333
2022-06-20,21.09,13.35,91.6,62.33,490.9,4.711111111111111,91.0,0.0,13.23,14.57,14.57,24.0,17.007916666666667,83.78833333333334,1.3154282407407407,,114.46583333333332
2022-06-21,25.62,12.19,95.7,53.14,900.0,4.769444444444445,218.0,0.0,14.84,15.94,15.94,24.0,17.65125,90.925,1.1456597222222222,,52.973000000000006
2022-06-22,21.72,14.98,95.6,78.69,197.0,4.6194444444444445,225.0,0.0,17.09,18.1,18.1,24.0,20.5275,82.57625,1.3388888888888888,,123.33387499999999
2022-06-23,27.26,16.82,95.1,63.47,1062.0,6.138888888888889,214.0,0.508,16.45,17.92,17.92,24.0,21.076666666666664,83.07708333333333,0.9492824074074074,,124.54783333333334
2022-06-24,30.47,16.37,94.2,57.15,1043.0,3.738888888888889,216.0,0.0,16.76,18.13,18.13,24.0,20.272916666666667,85.14666666666666,0.9023263888888889,,102.00054166666666
2022-06-25,25.59,18.03,91.7,66.74,671.2,3.5388888888888888,58.0,0.0,17.87,19.37,19.37,24.0,18.7075,89.51666666666667,0.7647916666666666,,19.213041666666665
2022-06-26,19.74,16.63,94.6,82.1,26.1,3.55,78.0,0.0,14.05,16.63,16.63,24.0,16.999583333333334,79.655,0.6970949074074073,,63.055
2022-06-27,21.39,15.19,94.3,60.32,319.3,2.930555555555556,71.0,0.254,14.34,15.25,15.25,24.0,17.388333333333332,87.20166666666667,1.2070949074074073,,86.93112500000001
2022-06-28,21.37,15.03,95.0,71.59,543.1,5.011111111111111,16.0,0.508,15.47,16.95,16.95,24.0,19.10875,82.19333333333334,1.3127083333333334,,151.62208333333334
2022-06-29,26.56,14.72,95.4,53.8,1441.0,5.1194444444444445,319.0,0.0,15.63,16.52,16.52,24.0,20.152916666666666,67.6075,2.9463194444444447,,151.29620833333334
2022-06-30,25.98,14.05,95.1,43.42,1502.0,8.9,236.0,0.0,9.52,14.05,14.05,24.0,16.003333333333334,77.20458333333333,1.3267245370370369,,154.42429166666668
2022-07-01,23.29,10.73,91.4,56.98,1500.0,3.7611111111111106,18.0,0.0,12.96,14.36,14.36,24.0,16.83125,87.6175,1.035648148148148,,54.440875
2022-07-02,20.16,14.35,94.0,73.54,222.6,3.7611111111111106,65.0,0.0,16.02,17.2,17.2,24.0,18.729583333333334,86.88416666666667,1.2568518518518519,,108.63
2022-07-03,25.46,14.94,97.2,60.14,895.0,4.438888888888889,233.0,0.0,16.02,16.77,16.77,24.0,18.822083333333335,88.18416666666667,0.9722222222222222,,148.91708333333332
2022-07-04,26.37,14.56,97.9,64.58,1393.0,3.4499999999999997,66.0,0.0,17.0,17.7,17.7,24.0,19.214166666666667,91.16583333333334,0.9300462962962963,,102.935875
2022-07-05,25.75,17.07,97.1,67.74,845.0,4.1305555555555555,19.0,0.0,17.93,18.38,18.38,24.0,22.16625,80.30916666666667,0.9901388888888888,,130.45620833333334
2022-07-06,32.52,16.67,98.8,39.23,1211.0,3.7,268.0,0.0,17.33,20.31,20.31,24.0,22.07375,74.70125,1.0257175925925925,,114.01541666666667
2022-07-07,28.45,18.48,89.0,53.88,824.0,3.511111111111111,211.0,0.0,16.63,18.94,18.94,24.0,21.52625,77.73541666666667,1.2411805555555555,,142.28175000000002
2022-07-08,31.91,15.6,94.9,41.85,1367.0,3.661111111111111,33.0,0.0,18.24,19.94,19.94,24.0,20.235833333333332,84.22041666666667,1.0402546296296296,,111.14283333333333
2022-07-09,25.83,17.05,94.2,61.7,842.0,3.730555555555555,80.0,0.0,17.3,19.41,19.41,24.0,20.8975,81.50625000000001,0.8676273148148148,,133.51420833333333
2022-07-10,26.9,18.04,92.3,56.83,1197.0,3.2694444444444444,58.0,0.0,17.63,19.07,19.07,24.0,20.777083333333334,83.8725,1.0206944444444443,,129.45979166666666
2022-07-11,26.13,17.19,95.6,59.31,1080.0,3.9805555555555556,51.0,0.0,16.82,17.52,17.52,24.0,20.43166666666667,87.14041666666667,1.2049074074074075,,115.07133333333333
2022-07-12,26.2,17.47,96.8,66.11,1001.0,3.8499999999999996,220.0,0.0,18.05,20.88,20.88,24.0,22.384583333333335,69.83416666666666,2.2207291666666666,,117.90375
2022-07-13,28.25,16.5,85.6,43.13,1114.0,9.53888888888889,343.0,0.254,13.95,16.61,16.61,24.0,15.610833333333334,90.64583333333333,0.7570833333333332,,22.01008333333333
2022-07-14,16.58,14.59,94.2,83.3,32.49,2.4388888888888887,263.0,2.286,14.21,15.32,15.32,24.0,16.96708333333333,94.50416666666666,1.0978009259259258,,38.53275
2022-07-15,21.05,14.33,96.4,88.1,133.1,4.6,234.0,12.7,17.99,18.57,18.57,24.0,19.902916666666666,92.30416666666667,0.9018981481481482,,67.96779166666666
2022-07-16,23.75,18.22,97.0,79.55,308.1,3.569444444444444,85.0,0.508,17.95,18.57,18.57,24.0,22.227083333333336,82.75750000000001,1.385625,,80.923625
2022-07-17,30.29,17.04,97.5,54.23,498.4,9.780555555555555,264.0,0.0,18.89,30.05,28.83,24.0,20.511666666666667,68.70791666666666,2.7554166666666666,,60.37408333333334
2022-07-18,28.94,15.13,91.9,54.5,226.0,11.230555555555556,215.0,1.016,13.87,15.16,15.16,24.0,16.78625,88.77958333333333,0.8615277777777778,,47.17970833333333
2022-07-19,19.53,14.96,95.3,76.58,156.7,2.9194444444444443,246.0,1.016,15.49,16.93,16.93,24.0,18.82,84.69125,1.1175810185185184,,128.64025
2022-07-20,25.82,15.82,95.7,63.25,1234.0,6.4111111111111105,245.0,0.508,15.3,17.48,17.48,24.0,19.447916666666668,80.83416666666666,1.1004398148148147,,132.53958333333333
2022-07-21,25.4,15.98,92.7,57.42,1213.0,4.5,29.0,0.0,16.94,18.82,18.82,24.0,20.481666666666666,83.1425,0.9639351851851852,,104.05766666666666
2022-07-22,26.66,17.98,94.2,60.63,768.3,3.3388888888888886,329.0,0.0,17.2,18.13,18.13,24.0,20.75,86.4425,1.0215277777777778,,141.56475
2022-07-23,28.86,16.52,96.7,59.92,1364.0,3.8499999999999996,65.0,0.0,18.01,18.59,18.59,24.0,19.0125,94.99583333333334,0.7445949074074073,,46.663625
2022-07-24,22.07,17.5,97.1,84.9,149.6,2.55,238.0,0.0,17.92,18.74,18.74,24.0,20.249583333333334,88.60083333333334,0.9745486111111111,,114.00908333333332
2022-07-25,25.01,17.99,96.1,68.46,953.0,4.35,26.0,0.0,17.91,18.66,18.66,24.0,19.19625,91.93333333333334,0.8201620370370369,,46.710874999999994
2022-07-26,22.22,17.89,96.5,81.2,176.1,3.138888888888889,236.0,0.0,17.35,18.9,18.9,24.0,20.50625,81.12375,1.1859027777777778,,151.99975
2022-07-27,27.15,17.37,93.6,53.68,1624.0,3.7611111111111106,27.0,0.254,16.73,18.12,18.12,24.0,20.137083333333333,82.88791666666667,1.2285648148148147,,135.14575
2022-07-28,27.01,17.33,94.8,54.26,1277.0,6.0888888888888895,34.0,0.0,16.64,17.53,17.53,24.0,23.354583333333334,71.68458333333334,1.4147222222222222,,152.685625
2022-07-29,35.01,15.84,97.2,32.15,1498.0,6.538888888888889,348.0,0.0,15.45,27.87,27.66,24.0,20.322916666666668,53.21958333333333,4.007511574074074,,178.46529166666667
2022-07-30,27.82,14.32,89.1,31.16,2060.0,12.238888888888889,234.0,2.54,7.23,14.32,14.32,24.0,15.866666666666667,65.25916666666667,1.7511226851851849,,184.19866666666667
2022-07-31,23.25,10.31,82.4,40.76,2057.0,6.0888888888888895,219.0,0.0,11.13,14.5,14.5,24.0,16.41375,77.03083333333333,1.310347222222222,,145.34895833333334
2022-08-01,23.19,12.35,90.2,51.94,1482.0,4.51111111111111,53.0,0.0,12.46,14.26,14.26,24.0,17.815833333333334,81.65291666666667,1.4338310185185186,,172.01416666666668
2022-08-02,26.42,12.31,94.9,53.51,1788.0,4.738888888888888,202.0,0.0,15.43,16.36,16.36,24.0,18.404166666666665,88.61958333333332,1.1994212962962962,,51.898208333333336
2022-08-03,21.24,15.87,96.5,77.18,168.7,3.5888888888888886,215.0,0.0,17.08,18.79,18.79,24.0,20.054583333333333,85.16833333333334,0.9482523148148148,,55.657000000000004
2022-08-04,24.15,17.95,93.8,66.49,216.8,4.080555555555556,65.0,0.0,17.92,19.75,19.75,24.0,21.801666666666666,81.96249999999999,0.9343287037037037,,136.20120833333334
2022-08-05,27.98,18.36,94.5,54.85,1339.0,6.619444444444444,334.0,0.0,16.53,26.02,26.02,24.0,22.52916666666667,62.965,2.5024421296296295,,179.4325
2022-08-06,28.28,16.48,91.9,39.96,1989.0,10.119444444444444,262.0,0.0,15.26,16.57,16.57,24.0,16.22125,89.11583333333334,1.0454513888888888,,15.621083333333333
2022-08-07,17.91,14.44,96.5,76.58,15.65,5.819444444444444,227.0,19.05,13.89,14.47,14.47,24.0,15.829583333333332,96.575,1.5852662037037037,,23.3445
2022-08-08,17.2,14.43,97.2,95.7,37.84,9.0,225.0,67.31,16.36,16.82,16.82,24.0,17.77208333333333,95.04166666666667,1.0239351851851852,,35.041125
2022-08-09,19.54,16.78,97.3,86.5,98.1,3.8999999999999995,36.0,20.83,16.87,17.4,17.4,24.0,18.076249999999998,96.3125,0.8750462962962963,,26.26891666666667
2022-08-10,19.11,17.34,97.2,94.0,44.49,4.188888888888889,158.0,50.55,17.0,17.46,17.46,24.0,15.195416666666667,94.60000000000001,3.9305555555555554,,18.252083333333335
2022-08-11,17.47,13.61,97.1,85.1,28.24,11.538888888888888,208.0,86.9,12.23,13.97,13.97,24.0,16.060416666666665,83.07000000000001,2.2732638888888888,,133.419125
2022-08-12,21.66,11.67,96.3,54.12,1198.0,8.530555555555555,233.0,6.096,15.19,15.77,15.77,24.0,17.62875,85.7475,1.4531944444444445,,94.89437500000001
2022-08-13,21.97,15.5,96.9,63.87,573.7,4.888888888888889,93.0,1.27,15.13,17.07,17.07,24.0,18.812083333333334,85.74583333333334,1.413125,,125.69720833333334
2022-08-14,24.39,15.08,95.6,67.01,1198.0,5.76111111111111,67.0,0.0,17.09,18.13,18.13,24.0,20.350416666666664,83.89625,1.136122685185185,,177.45095833333335
2022-08-15,26.66,17.43,96.3,56.45,2046.0,4.611111111111112,9.0,0.508,17.0,18.13,18.13,24.0,20.934583333333332,85.39166666666667,1.0443287037037037,,145.553375
2022-08-16,26.24,17.57,95.0,66.78,1486.0,4.061111111111111,23.0,0.0,18.92,20.01,20.01,24.0,19.948333333333334,88.60166666666667,1.7240046296296299,,30.609916666666667
2022-08-17,22.6,17.23,94.4,75.95,110.5,8.61111111111111,231.0,4.064,16.32,17.48,17.48,24.0,19.72791666666667,88.33333333333333,1.215486111111111,,87.53270833333333
2022-08-18,26.71,17.1,98.8,63.23,737.5,6.319444444444445,21.0,2.286,18.51,19.36,19.36,24.0,18.171666666666667,94.30416666666667,1.5046875,,34.21666666666667
2022-08-19,21.58,12.72,97.1,84.0,98.3,11.861111111111112,220.0,40.13,12.07,13.14,13.14,24.0,13.32875,62.430416666666666,2.694363425925926,,222.60975
2022-08-20,20.0,9.15,93.9,27.51,2858.0,10.011111111111111,236.0,0.254,6.395,9.15,6.53,24.0,12.836208333333333,77.895,1.2999537037037037,,130.85125000000002
2022-08-21,21.19,6.986,92.5,52.37,1033.0,3.888888888888889,207.0,0.0,11.64,12.96,12.96,24.0,16.12875,81.41208333333333,1.2174652777777777,,88.92925000000001
2022-08-22,22.07,12.21,91.8,60.92,484.7,3.6305555555555555,231.0,0.0,14.03,16.75,16.75,24.0,17.799166666666668,84.92416666666666,1.0114930555555555,,88.17937500000001
2022-08-23,21.76,15.62,94.6,68.69,592.2,5.3500000000000005,21.0,2.794,16.15,17.02,17.02,24.0,19.030833333333334,86.32291666666667,1.0720254629629629,,158.65404166666667
2022-08-24,25.22,16.02,96.4,59.06,1852.0,4.480555555555555,238.0,1.778,16.5,17.43,17.43,24.0,20.110416666666666,83.64666666666666,1.3244212962962962,,201.92783333333333
2022-08-25,26.59,16.32,96.4,54.91,2567.0,5.319444444444444,17.0,0.0,17.55,18.84,18.84,24.0,20.67833333333333,86.00708333333334,1.1570023148148147,,133.022
2022-08-26,27.48,17.61,96.5,55.06,1282.0,5.1194444444444445,60.0,0.254,18.0,18.96,18.96,24.0,20.761666666666667,84.78833333333334,1.1749305555555556,,167.04425
2022-08-27,27.04,17.27,96.9,59.45,1782.0,4.688888888888888,219.0,0.0,17.68,18.97,18.97,24.0,20.95375,86.22500000000001,1.076423611111111,,140.97975
2022-08-28,27.63,17.43,95.7,62.51,1424.0,3.9888888888888885,40.0,0.0,17.7,18.56,18.56,24.0,19.311666666666667,87.06,1.1341666666666665,,133.18437500000002
2022-08-29,27.85,13.25,97.3,58.0,1428.0,4.661111111111111,50.0,1.778,12.24,13.27,13.27,24.0,15.04,66.83624999999999,1.0606944444444444,,228.33141666666666
2022-08-30,21.49,11.71,94.2,37.34,3009.0,4.980555555555555,21.0,0.254,9.81,12.36,12.36,24.0,14.68,81.00750000000001,1.1124305555555554,,75.89679166666666
2022-08-31,18.94,11.11,93.0,68.95,349.9,4.361111111111111,28.0,0.0,13.07,14.19,14.19,24.0,16.924166666666668,83.79083333333334,1.5730439814814814,,131.601
2022-09-01,22.37,12.39,96.5,61.93,1092.0,5.580555555555556,19.0,0.508,15.32,17.25,17.25,24.0,19.521666666666665,77.54625,1.6457754629629628,,220.41475
2022-09-02,25.72,14.51,94.8,52.21,2781.0,6.21111111111111,45.0,0.0,16.05,17.47,17.47,24.0,19.259583333333335,87.91166666666668,1.393726851851852,,65.64075
2022-09-03,24.77,15.23,96.0,66.03,370.6,8.330555555555556,215.0,9.91,17.23,17.97,17.97,24.0,15.625416666666666,93.63333333333333,1.0605555555555555,,30.919749999999997
2022-09-04,17.99,14.01,96.5,86.7,78.87,3.3805555555555555,323.0,24.38,13.05,14.24,14.24,24.0,16.756666666666668,68.65875,0.8986458333333333,,239.91058333333334
2022-09-05,23.15,13.17,93.2,38.68,3267.0,4.51111111111111,56.0,0.0,11.33,14.37,14.37,24.0,17.24416666666667,79.29791666666667,1.207662037037037,,139.09716666666665
2022-09-06,23.73,12.97,94.3,46.45,1391.0,5.011111111111111,16.0,0.508,15.22,16.27,16.27,24.0,17.2275,93.71666666666665,1.6110763888888888,,31.641166666666667
2022-09-07,19.58,15.77,96.5,84.1,69.73,6.769444444444445,12.0,15.49,16.28,16.97,16.97,24.0,18.81,92.56291666666668,1.0553935185185186,,73.95075
2022-09-08,22.87,16.88,97.1,75.64,410.2,5.8805555555555555,285.0,19.05,17.65,18.25,18.25,24.0,20.427916666666665,88.9975,1.020127314814815,,168.78870833333335
2022-09-09,27.66,17.03,97.6,65.79,1847.0,3.911111111111111,15.0,0.0,17.92,18.62,18.62,24.0,23.530416666666667,81.70583333333333,1.6340625,,167.42316666666667
2022-09-10,31.89,17.44,97.5,55.98,1870.0,6.7,238.0,4.8260000000000005,19.74,29.89,28.32,24.0,17.885,90.1425,1.0926041666666666,871.2,20.947666666666667
2022-09-11,28.37,15.21,96.0,59.35,26.54,5.1305555555555555,42.0,6.604,13.6,15.9,15.9,24.0,15.592083333333333,85.89625000000001,0.9319907407407407,849.0,33.61833333333333
2022-09-12,17.15,14.16,94.4,70.64,67.65,3.8499999999999996,217.0,3.556,13.29,14.17,14.17,24.0,14.809166666666668,96.39999999999999,1.419513888888889,,18.821416666666668
2022-09-13,16.83,13.79,97.6,94.2,54.69,12.369444444444444,247.0,64.52,14.46,14.91,14.91,24.0,19.795833333333334,84.92208333333333,1.1889814814814814,,208.25970833333335
2022-09-14,30.22,14.91,97.2,55.42,2764.0,5.269444444444444,242.0,1.016,16.21,18.14,18.14,24.0,17.59208333333333,88.77083333333333,1.2556944444444444,,30.097541666666668
2022-09-15,19.35,15.82,95.9,80.1,62.72,4.830555555555556,339.0,5.08,15.15,16.15,16.15,24.0,17.77625,88.86708333333333,0.9009375,,83.98504166666666
2022-09-16,22.74,15.62,96.2,63.72,627.6,3.3611111111111107,215.0,2.286,15.39,16.7,16.7,24.0,18.08375,85.16,1.5841435185185186,,153.61554166666667
2022-09-17,25.25,15.46,96.2,60.54,1792.0,4.8500000000000005,208.0,2.794,14.69,15.96,15.96,24.0,17.886666666666667,79.9475,1.2414814814814814,,190.02858333333333
2022-09-18,25.38,13.97,94.3,48.85,2450.0,5.8,51.0,0.0,13.69,15.97,15.97,24.0,18.107499999999998,82.65666666666667,1.3632638888888888,,146.885625
2022-09-19,23.84,14.61,95.6,54.62,1430.0,7.0,51.0,1.524,15.24,17.88,17.88,24.0,18.846666666666668,83.67291666666667,1.2652199074074073,,128.772625
2022-09-20,23.85,15.4,95.4,60.47,1131.0,4.780555555555556,19.0,3.556,17.05,17.91,17.91,24.0,21.268333333333334,80.07000000000001,1.6051041666666668,,257.60533333333336
2022-09-21,30.52,17.34,96.0,44.66,3698.0,7.0,232.0,0.0,16.27,19.07,19.07,24.0,19.247916666666665,82.71833333333333,0.8581828703703703,,88.68170833333333
2022-09-22,22.98,16.65,94.9,66.12,550.5,3.4499999999999997,68.0,3.048,15.8,16.76,16.76,24.0,20.460416666666667,80.35875,1.7681712962962963,,240.121125
2022-09-23,27.38,16.26,95.3,44.95,3448.0,11.469444444444443,232.0,0.0,9.28,17.99,17.99,24.0,18.8225,47.629583333333336,4.888495370370371,,281.9456666666667
2022-09-24,26.14,13.87,73.84,26.63,4276.0,15.549999999999999,222.0,0.0,10.76,15.46,15.46,24.0,17.486666666666668,70.11583333333333,1.4074421296296296,,240.62045833333332
2022-09-25,25.35,11.45,87.4,45.93,3501.0,5.288888888888889,29.0,0.0,12.45,15.72,15.72,24.0,15.268333333333333,88.27916666666665,1.1969328703703703,,33.551875
2022-09-26,17.17,13.81,95.2,80.1,66.21,4.719444444444444,232.0,12.95,13.82,14.58,14.58,24.0,17.52375,88.65166666666666,1.629351851851852,,68.07704166666666
2022-09-27,21.07,14.12,96.5,75.89,255.1,10.119444444444444,236.0,5.334,16.52,17.37,17.37,24.0,20.77208333333333,81.33749999999999,1.1683217592592592,,130.15179166666667
2022-09-28,27.77,16.73,96.1,56.48,1272.0,4.269444444444444,211.0,0.0,16.88,19.48,19.48,24.0,19.302916666666665,77.83,1.0254050925925926,,67.27383333333333
2022-09-29,21.53,17.61,85.8,63.42,256.4,5.1,231.0,0.0,14.49,17.61,17.61,24.0,17.22625,85.08041666666666,1.2743518518518517,,60.035291666666666
2022-09-30,20.3,15.62,92.7,66.15,216.8,3.7805555555555554,235.0,0.254,14.69,15.92,15.92,24.0,17.234166666666667,90.80291666666666,1.0089583333333334,,78.84375
2022-10-01,21.54,15.11,96.8,71.38,436.9,4.569444444444444,63.0,9.14,16.43,16.93,16.93,24.0,19.713333333333335,88.81833333333333,1.1104166666666666,,141.75229166666665
2022-10-02,26.63,16.54,97.6,63.39,1372.0,4.288888888888889,44.0,4.064,17.82,18.66,18.66,24.0,20.395,82.64958333333333,1.1157291666666667,,159.86483333333334
2022-10-03,26.05,17.7,95.7,59.95,1638.0,5.580555555555556,74.0,0.0,16.75,18.16,18.16,24.0,19.87375,80.56791666666668,0.8483333333333333,,116.62983333333334
2022-10-04,24.65,17.63,92.3,56.27,875.0,4.261111111111111,14.0,0.0,15.63,17.97,17.97,24.0,18.19333333333333,80.82166666666667,0.8421064814814815,,80.08858333333333
2022-10-05,21.1,16.02,94.6,63.84,401.5,3.4694444444444446,249.0,0.508,15.19,16.24,16.24,24.0,17.529166666666665,92.55833333333334,0.9709837962962963,,55.28425000000001
2022-10-06,20.65,15.44,97.1,79.59,197.3,3.019444444444444,211.0,2.794,17.32,17.89,17.89,24.0,19.34958333333333,95.91250000000001,1.464409722222222,,24.040958333333336
2022-10-07,20.62,17.71,97.3,91.2,34.79,7.1,22.0,11.68,18.89,19.35,19.35,24.0,23.228333333333335,67.20958333333333,2.9866435185185183,,227.44000000000003
2022-10-08,29.64,17.75,97.6,35.88,2917.0,11.4,248.0,0.0,14.79,17.81,17.81,24.0,21.020833333333332,68.73541666666667,1.6493171296296296,,291.12399999999997
2022-10-09,29.03,14.45,89.4,38.98,4460.0,7.488888888888889,73.0,0.0,18.03,19.84,19.84,24.0,20.069166666666664,80.36583333333333,1.3558564814814815,,203.34583333333333
2022-10-10,28.41,16.24,94.6,54.05,2951.0,4.261111111111111,206.0,0.0,13.34,16.88,16.88,24.0,15.08,92.86541666666666,1.379837962962963,,31.663749999999997
2022-10-11,16.88,14.31,96.4,78.65,56.57,5.138888888888888,212.0,4.8260000000000005,14.83,15.4,15.4,24.0,19.72125,87.20208333333333,1.5205324074074074,,144.364375
2022-10-12,26.18,15.18,97.0,63.34,1658.0,7.580555555555555,219.0,5.588,18.99,19.5,19.5,24.0,21.45958333333333,89.44833333333334,1.2966550925925926,,81.77475
2022-10-13,26.79,18.83,96.9,71.12,461.7,7.138888888888888,252.0,0.254,18.1,19.48,19.48,24.0,20.109583333333333,91.34166666666665,0.9918055555555556,,58.6235
2022-10-14,22.99,18.53,96.0,80.5,228.4,4.030555555555555,192.0,2.286,19.24,19.92,19.92,24.0,19.669583333333332,94.53750000000001,1.3077546296296296,,36.98016666666667
2022-10-15,20.98,17.58,97.0,86.8,84.5,4.819444444444445,264.0,21.08,17.02,17.61,17.61,24.0,18.439583333333335,95.74583333333334,0.9070254629629629,,41.15916666666667
2022-10-16,20.24,17.09,97.5,88.7,91.0,3.619444444444444,231.0,12.19,18.72,19.14,19.14,24.0,21.137083333333333,92.57625,1.2272685185185186,,124.90837500000002
2022-10-17,26.18,19.1,98.3,73.84,1297.0,5.55,37.0,31.24,19.57,20.36,20.36,24.0,21.931250000000002,86.39,0.7355439814814816,,124.00508333333333
2022-10-18,27.17,19.6,96.4,68.38,905.0,3.411111111111111,73.0,0.0,18.09,19.72,19.72,24.0,19.75583333333333,92.38333333333333,0.6982523148148148,,35.50216666666667
2022-10-19,21.49,18.25,96.4,84.8,79.14,2.7805555555555554,230.0,10.16,17.96,18.63,18.63,24.0,21.70125,86.84458333333333,1.3196643518518518,,208.08237499999998
2022-10-20,28.7,17.99,97.7,63.39,2823.0,4.330555555555556,35.0,0.508,19.91,20.94,20.94,24.0,22.968333333333334,87.89916666666666,0.9591087962962962,,152.90308333333334
2022-10-21,28.15,20.34,97.3,66.67,1893.0,4.6,46.0,14.48,20.27,21.24,21.24,24.0,23.5325,84.78458333333333,1.7464120370370368,,198.20683333333332
2022-10-22,31.43,19.28,96.8,54.94,2569.0,11.961111111111112,214.0,14.48,18.8,19.6,19.6,24.0,21.554999999999996,84.42541666666666,1.0755208333333333,,201.8322916666667
2022-10-23,27.65,17.98,97.2,61.27,2812.0,4.05,64.0,0.0,18.33,20.36,20.36,24.0,22.685833333333335,79.07958333333333,1.2338888888888888,,265.4664583333333
2022-10-24,29.68,18.39,95.2,53.69,4166.0,5.530555555555556,14.0,0.508,19.58,21.23,21.23,24.0,21.60625,87.21291666666667,0.8005902777777778,,122.96220833333332
2022-10-25,26.58,19.84,96.8,66.33,1352.0,3.888888888888889,75.0,16.26,16.97,19.89,19.89,24.0,21.365416666666665,81.16333333333334,1.056886574074074,,127.35904166666667
2022-10-26,25.84,18.71,91.9,62.24,1010.0,4.3999999999999995,65.0,0.0,18.6,20.76,20.76,24.0,23.413749999999997,75.44,1.7913194444444445,,313.8726666666667
2022-10-27,28.93,19.11,95.3,48.25,5093.0,6.969444444444444,34.0,0.0,19.83,22.03,22.03,24.0,25.167916666666667,77.33833333333332,1.4541782407407406,,231.74191666666664
2022-10-28,32.03,20.05,92.9,53.82,2926.0,6.1,213.0,0.0,20.07,22.69,22.69,24.0,25.1375,78.32625,1.2312152777777776,,247.51354166666667
2022-10-29,31.36,21.37,91.5,54.83,3519.0,5.288888888888889,76.0,0.0,22.05,23.51,23.51,24.0,23.227500000000003,88.79083333333334,1.523113425925926,,83.02416666666666
2022-10-30,29.94,19.86,96.7,66.28,601.4,9.9,228.0,13.97,19.16,19.89,19.89,24.0,25.68041666666667,75.3075,1.482210648148148,,262.537375
2022-10-31,36.76,18.56,96.8,36.55,3897.0,12.061111111111112,242.0,14.22,20.62,21.27,21.27,24.0,22.274583333333336,87.49333333333334,1.1926041666666667,,83.39141666666667
2022-11-01,26.69,17.06,96.1,71.1,419.0,5.461111111111111,243.0,9.65,16.08,17.08,17.08,24.0,16.56125,84.26916666666666,1.9265740740740742,,69.03658333333333
2022-11-02,18.7,13.88,95.5,65.66,259.5,6.388888888888888,234.0,1.27,13.0,13.97,13.97,24.0,17.195416666666667,76.51416666666667,1.6342708333333331,,195.52812500000002
2022-11-03,24.7,13.24,94.2,46.42,2486.0,4.6305555555555555,281.0,0.508,12.65,15.26,15.26,24.0,18.75583333333333,72.94041666666666,1.3453935185185184,,258.56879166666664
2022-11-04,25.37,14.14,92.6,44.69,3904.0,6.549999999999999,60.0,0.0,14.69,17.21,17.21,24.0,19.87125,72.19416666666667,1.3669444444444443,,285.30675
2022-11-05,26.03,15.27,94.4,46.78,4661.0,5.1,68.0,0.0,14.45,17.4,17.4,24.0,19.43166666666667,74.80875,1.5809953703703703,,238.26137500000002
2022-11-06,25.65,14.96,94.1,47.77,3456.0,6.65,41.0,0.0,14.44,16.46,16.46,24.0,19.38625,74.48833333333333,1.6951851851851851,,267.16358333333335
2022-11-07,27.36,14.29,94.9,44.59,4653.0,5.0,205.0,1.524,13.37,15.5,15.5,24.0,18.858333333333334,74.69875,1.7840509259259258,,238.3540416666667
2022-11-08,26.75,13.37,93.0,47.56,3511.0,6.15,221.0,0.0,14.67,16.14,16.14,24.0,19.53375,76.34666666666666,1.4218055555555555,,277.1159166666667
2022-11-09,28.17,14.47,92.6,44.02,4481.0,6.480555555555555,55.0,2.286,15.86,17.49,17.49,24.0,19.955000000000002,81.66541666666667,1.1491087962962963,,148.88920833333333
2022-11-10,26.04,15.18,97.2,60.4,1276.0,4.919444444444444,58.0,0.0,17.28,19.92,19.92,24.0,22.385833333333334,77.48708333333333,1.2789814814814815,,281.52720833333336
2022-11-11,30.03,17.27,95.5,50.87,4384.0,5.411111111111111,93.0,0.0,18.4,20.86,20.86,24.0,21.332916666666666,89.93624999999999,0.6476967592592592,,60.029625
2022-11-12,24.25,19.46,96.3,78.23,199.0,4.0,,4.064,18.94,19.62,19.62,24.0,23.2525,81.92375,1.284375,,243.53470833333333
2022-11-13,30.12,19.15,96.2,55.32,3513.0,5.5888888888888895,44.0,1.016,20.53,21.79,21.79,24.0,23.61583333333333,85.35208333333333,1.4130671296296295,,210.601625
2022-11-14,29.88,20.74,96.5,62.67,2959.0,6.8999999999999995,60.0,13.72,21.06,21.63,21.63,24.0,24.855833333333333,86.72416666666668,1.196423611111111,,233.67675
2022-11-15,32.62,21.45,97.0,59.12,3474.0,4.8694444444444445,32.0,2.286,22.4,23.42,23.42,24.0,26.008750000000003,56.51166666666666,2.7740509259259256,,340.07633333333337
2022-11-16,35.46,20.68,95.6,24.71,5856.0,8.71111111111111,230.0,0.0,17.04,20.89,20.89,24.0,24.3925,64.02958333333333,1.3021412037037037,,337.06
2022-11-17,33.13,18.02,89.8,28.32,5653.0,5.3805555555555555,273.0,0.0,17.34,20.48,20.48,24.0,23.707916666666666,56.80458333333333,1.4761111111111112,,340.0194583333333
2022-11-18,31.24,16.7,93.7,23.77,5712.0,5.511111111111111,20.0,0.0,12.64,18.84,18.84,24.0,21.93041666666667,66.25833333333334,1.3832060185185184,,302.05083333333334
2022-11-19,29.62,15.38,85.1,46.64,5150.0,4.980555555555555,51.0,0.0,17.48,20.45,20.45,24.0,23.141666666666666,70.37375,1.568576388888889,,332.1020833333333
2022-11-20,29.2,17.52,93.6,36.68,5701.0,6.530555555555556,24.0,0.0,18.26,22.09,22.09,24.0,23.549583333333334,78.49791666666667,1.5293055555555555,,159.528875
2022-11-21,28.21,19.91,90.6,57.26,1662.0,6.838888888888889,29.0,0.254,20.63,22.44,22.44,24.0,24.72791666666667,79.78166666666667,1.4152777777777779,,179.43458333333334
2022-11-22,30.27,21.45,93.5,56.45,1900.0,5.030555555555555,60.0,0.0,21.26,23.91,23.91,24.0,24.925,84.64083333333333,1.156273148148148,,111.096875
2022-11-23,29.12,22.22,93.7,65.03,705.3,4.180555555555555,27.0,0.508,21.66,22.93,22.93,24.0,23.577916666666667,87.40499999999999,1.0630555555555554,,133.875
2022-11-24,30.94,20.58,96.8,60.44,1458.0,5.530555555555556,44.0,7.366,20.23,21.34,21.34,24.0,22.693749999999998,82.8725,0.9607407407407407,,89.705375
2022-11-25,26.02,20.53,95.4,67.04,409.2,3.561111111111111,41.0,0.0,18.46,21.34,21.34,24.0,22.64625,78.35125000000001,1.1550694444444443,,167.93225
2022-11-26,27.57,19.7,94.9,51.51,1641.0,4.55,236.0,3.048,19.37,20.22,20.22,24.0,21.035,95.59583333333335,2.047106481481481,,62.729125
2022-11-27,25.7,18.85,97.8,86.2,439.3,7.180555555555555,209.0,122.7,21.6,22.0,22.0,24.0,21.392916666666668,97.04583333333333,1.0262384259259258,,56.57475
2022-11-28,22.75,19.83,97.7,95.2,185.3,5.3805555555555555,13.0,84.3,19.7,20.36,20.36,24.0,20.8075,96.375,1.470011574074074,,59.97941666666667
2022-11-29,22.42,19.72,97.4,91.9,291.8,5.961111111111111,201.0,51.82,20.88,21.4,21.4,24.0,23.151666666666667,91.37416666666667,0.9207523148148148,,200.61191666666664
2022-11-30,28.44,20.91,97.3,70.91,2463.0,4.1,351.0,22.1,21.31,21.76,21.76,24.0,23.308333333333334,94.325,0.9908564814814814,,135.07704166666664
2022-12-01,28.33,21.67,97.8,73.72,1281.0,6.538888888888889,2.0,52.83,22.04,22.42,22.42,24.0,24.82375,89.90249999999999,0.9699074074074074,,147.61720833333334
2022-12-02,30.54,22.06,98.3,68.02,1659.0,4.069444444444445,45.0,5.334,22.82,23.51,23.51,24.0,26.034583333333334,87.00208333333335,1.0347337962962964,,173.04870833333334
2022-12-03,31.55,23.09,97.6,64.32,1939.0,4.311111111111111,54.0,0.0,23.75,24.97,24.97,24.0,25.61791666666667,91.05833333333334,0.7545717592592592,,79.63820833333334
2022-12-04,29.15,24.21,96.6,77.49,426.0,3.619444444444444,78.0,1.016,23.96,24.52,24.52,24.0,26.167083333333334,89.71,0.9730902777777778,,132.88691666666668
2022-12-05,30.64,23.83,97.6,72.06,958.0,4.488888888888889,69.0,0.254,24.22,25.07,25.07,24.0,25.76,91.07041666666667,1.0550925925925927,,127.544375
2022-12-06,33.48,23.41,97.3,61.9,1365.0,4.480555555555555,228.0,26.42,23.22,23.68,23.68,24.0,25.112083333333334,88.25541666666668,1.2642824074074073,,125.88308333333333
2022-12-07,30.8,22.75,97.3,65.51,1284.0,3.8694444444444445,266.0,1.27,22.06,22.76,22.76,24.0,25.43166666666667,83.4125,1.1726967592592592,,200.39116666666666
2022-12-08,31.97,22.45,96.5,63.41,2581.0,4.888888888888889,29.0,0.0,20.36,23.04,23.04,24.0,25.799166666666668,77.59708333333333,1.2455671296296296,,324.57983333333334
2022-12-09,31.26,21.04,94.6,59.96,5314.0,5.811111111111112,53.0,0.0,21.81,23.64,23.64,24.0,26.392916666666665,80.99833333333333,1.2414699074074074,,232.95741666666666
2022-12-10,32.25,22.47,94.8,63.13,3137.0,5.230555555555555,9.0,0.0,21.87,24.41,24.41,24.0,26.78,77.55208333333333,1.242523148148148,,231.839875
2022-12-11,32.94,23.43,88.3,58.7,3186.0,5.738888888888889,12.0,0.0,22.13,25.35,25.35,24.0,25.431250000000002,88.73916666666666,0.9709143518518518,,89.67225
2022-12-12,30.12,23.49,96.9,73.21,737.3,3.961111111111111,78.0,10.92,23.19,24.99,24.99,24.0,28.769583333333333,78.08624999999999,1.5460532407407408,,201.92875
2022-12-13,38.49,23.73,95.9,48.25,3112.0,7.830555555555556,258.0,0.0,22.23,26.62,26.62,24.0,23.020833333333332,82.85208333333334,1.0729398148148148,,133.600625
2022-12-14,27.61,19.78,96.6,60.53,1593.0,5.261111111111111,33.0,22.35,16.16,21.63,21.63,24.0,22.490416666666665,75.66000000000001,1.1540972222222223,,153.99470833333334
2022-12-15,28.16,19.07,92.8,50.32,1489.0,4.8805555555555555,40.0,0.254,18.09,21.5,21.5,13.0,22.39153846153846,77.81923076923077,1.0999786324786325,,298.3072307692307
2022-12-16,29.94,19.02,94.5,45.56,6057.0,5.8,83.0,0.0,19.85,22.65,22.65,,,,,,
2022-12-17,31.5,20.5,94.9,50.93,3053.0,5.111111111111111,17.0,10.92,19.86,20.82,20.82,,,,,,
2022-12-18,25.38,20.04,94.1,65.52,298.2,3.888888888888889,238.0,0.254,18.91,20.89,20.89,,,,,,
2022-12-19,25.96,19.18,96.2,72.03,461.5,5.511111111111111,55.0,10.41,19.52,20.15,20.15,7.0,20.205714285714286,97.32857142857142,0.8184920634920634,,10.43342857142857
2022-12-20,25.84,19.36,97.8,79.54,501.6,3.819444444444444,88.0,56.39,19.33,19.69,19.69,24.0,20.145,97.30416666666667,1.477303240740741,,54.92416666666667
2022-12-21,21.87,19.05,98.3,92.4,184.6,6.488888888888889,225.0,112.8,19.12,19.58,19.58,24.0,21.788749999999997,88.41541666666666,1.501111111111111,,201.747875
2022-12-22,27.38,18.94,97.9,68.24,2455.0,5.438888888888888,224.0,1.778,19.01,19.78,19.78,24.0,22.427083333333332,81.13708333333334,1.3851851851851853,,242.99904166666667
2022-12-23,28.56,18.85,97.1,52.52,3476.0,4.3,230.0,3.302,18.55,20.42,20.42,24.0,22.426666666666666,81.18625,1.265821759259259,,174.31258333333332
2022-12-24,27.3,18.59,95.7,58.75,1592.0,4.738888888888888,20.0,0.0,19.72,21.24,21.24,24.0,22.26125,90.01625,0.9686342592592592,,103.065875
2022-12-25,26.73,20.22,96.2,70.83,666.7,4.8,30.0,3.302,20.81,21.53,21.53,24.0,23.94666666666667,86.02125,1.2470949074074074,,178.51720833333334
2022-12-26,29.07,20.75,96.0,66.82,1876.0,4.3,68.0,0.254,21.94,23.06,23.06,24.0,25.474999999999998,83.97916666666667,1.066701388888889,,176.80916666666667
2022-12-27,31.56,22.25,97.0,61.38,1888.0,4.1305555555555555,80.0,0.508,21.12,23.87,23.87,24.0,25.120416666666667,84.625,1.2135532407407408,,158.07475
2022-12-28,30.37,22.4,95.5,63.79,1678.0,4.3694444444444445,53.0,0.0,22.72,23.93,23.93,24.0,24.61791666666667,87.79166666666667,1.4107060185185185,,179.96708333333333
2022-12-29,31.43,20.27,97.1,68.26,2308.0,10.280555555555555,240.0,27.43,19.8,22.56,22.56,24.0,25.82166666666667,72.64208333333333,1.271550925925926,,335.50575
2022-12-30,33.53,20.16,95.4,37.84,5583.0,5.199999999999999,48.0,0.0,20.09,23.36,23.36,24.0,25.394583333333333,73.74333333333333,1.6444560185185184,,318.017875
2022-12-31,31.37,21.39,95.7,46.2,5356.0,6.138888888888889,73.0,2.54,19.0,22.43,22.43,24.0,25.3475,77.22791666666667,1.7457175925925927,,266.0505
2023-01-01,31.53,20.04,91.3,59.66,3930.0,5.45,68.0,0.0,22.32,25.04,25.04,24.0,26.915000000000003,78.35833333333333,1.3349537037037036,,244.99520833333335
2023-01-02,32.62,23.0,93.8,56.57,3650.0,5.838888888888889,65.0,0.0,22.79,25.4,25.4,24.0,27.02625,80.63791666666667,1.428900462962963,,264.14187499999997
2023-01-03,32.33,23.3,95.5,60.76,3962.0,5.75,35.0,0.0,23.03,25.24,25.24,24.0,26.097083333333334,84.8425,1.503587962962963,,176.32337499999997
2023-01-04,36.33,21.24,97.9,45.73,2527.0,5.611111111111111,201.0,81.3,20.57,21.51,21.51,24.0,20.245416666666667,91.8875,2.1478125,,62.149125
2023-01-05,21.85,18.01,95.0,84.2,211.6,7.2,256.0,16.51,18.08,18.91,18.91,24.0,23.133750000000003,77.87875,1.4606828703703705,,278.49595833333336
2023-01-06,30.27,18.24,95.4,48.03,4317.0,4.780555555555556,235.0,0.0,18.93,20.64,20.64,24.0,23.737916666666667,76.95541666666666,1.377199074074074,,273.68154166666665
2023-01-07,31.3,18.92,95.8,52.47,4347.0,4.9111111111111105,218.0,0.0,19.12,20.96,20.96,24.0,23.92375,77.69666666666667,1.4396296296296296,,312.844625
2023-01-08,30.62,19.03,95.6,50.69,5437.0,4.6,176.0,3.048,19.23,21.31,21.31,24.0,23.290833333333335,82.52583333333332,1.3608680555555555,,200.30112499999998
2023-01-09,29.31,19.43,94.3,61.08,2421.0,4.961111111111111,214.0,0.508,19.91,21.47,21.47,24.0,23.414166666666663,81.08166666666666,1.282488425925926,,162.59479166666668
2023-01-10,28.17,19.22,96.1,60.16,1548.0,5.1305555555555555,69.0,0.508,20.13,21.29,21.29,24.0,24.59875,81.5725,1.4114004629629628,,210.3887083333333
2023-01-11,31.21,20.68,95.8,54.38,2881.0,6.1611111111111105,77.0,0.508,21.94,23.18,23.18,24.0,26.009583333333335,84.44791666666667,1.1318981481481483,,223.83370833333333
2023-01-12,33.06,22.35,96.3,58.47,3434.0,4.738888888888888,76.0,0.508,23.78,25.34,25.34,24.0,26.071250000000003,85.65458333333333,1.3074537037037037,,228.303
2023-01-13,34.32,22.22,96.5,57.81,3630.0,12.430555555555555,232.0,21.84,22.37,23.47,23.47,24.0,26.85083333333333,81.06041666666667,1.3699537037037037,,240.19595833333335
2023-01-14,36.2,22.11,95.2,49.46,3446.0,9.469444444444445,201.0,6.35,21.42,22.3,22.3,24.0,26.245833333333334,84.625,1.3837962962962962,,248.557875
2023-01-15,34.91,21.73,97.0,52.94,3680.0,6.730555555555555,247.0,34.54,22.66,23.21,23.21,24.0,24.842083333333335,91.925,1.1043055555555557,,89.397125
2023-01-16,30.33,22.5,97.0,70.73,624.5,4.688888888888888,329.0,13.21,22.97,23.61,23.61,24.0,25.50791666666667,87.38416666666666,1.174849537037037,,116.45549999999999
2023-01-17,30.64,22.95,96.7,69.19,970.0,4.038888888888889,233.0,0.508,23.4,24.64,24.64,24.0,26.1375,85.93291666666666,1.348587962962963,,112.62795833333332
2023-01-18,30.22,22.29,96.1,71.68,826.0,5.8805555555555555,265.0,5.588,22.01,22.65,22.65,24.0,25.560833333333335,87.01875,1.5564699074074075,,187.11329166666667
2023-01-19,32.23,22.15,96.6,62.4,2142.0,5.1499999999999995,215.0,1.524,22.71,24.49,24.49,24.0,24.110833333333332,92.75833333333333,1.38,,91.98120833333333
2023-01-20,27.98,22.21,96.4,79.95,498.2,7.05,315.0,18.29,22.25,22.91,22.91,24.0,25.427916666666665,86.51833333333333,1.3259837962962961,,226.01133333333334
2023-01-21,32.43,22.45,97.2,52.12,3405.0,4.35,66.0,4.064,22.92,24.06,24.06,24.0,26.96166666666667,80.06791666666668,1.4409953703703702,,279.84091666666666
2023-01-22,34.04,22.32,97.3,52.91,4250.0,5.530555555555556,66.0,0.0,23.27,24.93,24.93,24.0,26.49416666666667,85.15583333333333,1.337002314814815,,143.856125
2023-01-23,33.03,23.13,95.5,62.07,1299.0,7.511111111111111,237.0,1.524,22.18,23.13,23.13,24.0,26.067916666666665,83.54083333333334,1.5441203703703703,,244.01183333333333
2023-01-24,34.88,19.79,95.8,52.46,3999.0,11.45,246.0,13.97,19.89,20.84,20.84,24.0,26.25791666666667,75.3,1.5886342592592593,,333.79366666666664
2023-01-25,37.19,19.34,95.3,37.71,5557.0,6.919444444444444,214.0,0.254,23.12,25.22,25.22,24.0,28.22666666666667,76.14541666666666,1.3832638888888888,,328.92783333333335
2023-01-26,36.02,23.04,96.3,45.75,5377.0,6.169444444444444,56.0,0.0,23.84,26.32,26.32,24.0,27.91125,71.64541666666666,1.7211921296296298,,318.21591666666666
2023-01-27,33.22,23.73,93.7,45.28,5305.0,5.811111111111112,87.0,0.0,21.44,24.79,24.79,24.0,26.952916666666667,71.01208333333334,1.6217708333333334,,325.18891666666667
2023-01-28,32.74,22.01,92.6,45.74,5640.0,7.719444444444444,40.0,0.0,22.0,25.77,25.77,21.0,27.666190476190476,74.32095238095238,1.6557671957671958,,356.45538095238095
2023-01-29,33.76,22.46,91.4,52.1,5401.0,5.519444444444445,16.0,0.0,24.13,30.02,26.94,24.0,27.639166666666668,82.89375,1.2317013888888888,,239.716875
2023-01-30,35.08,23.08,95.9,54.4,4067.0,6.219444444444444,212.0,16.0,22.62,23.36,23.36,24.0,25.429166666666664,85.45416666666667,1.2192361111111112,,127.12774999999999
2023-01-31,31.18,22.53,96.4,62.04,924.0,5.219444444444444,234.0,0.254,23.0,25.16,25.16,24.0,27.03333333333333,84.61874999999999,1.1975462962962962,,137.31616666666667
2023-02-01,31.98,23.31,95.7,65.31,1042.0,3.8999999999999995,215.0,0.0,24.6,26.2,26.2,24.0,28.388333333333335,80.4025,1.3322800925925924,,225.25591666666665
2023-02-02,36.48,23.63,96.6,45.54,2905.0,4.761111111111111,22.0,36.83,23.16,23.89,23.89,24.0,25.92375,91.08375000000001,1.0685763888888888,,116.91337500000002
2023-02-03,30.86,23.53,96.5,71.63,1100.0,4.45,235.0,3.302,24.36,25.29,25.29,24.0,28.02625,81.79958333333333,1.3935300925925924,,206.23754166666666
2023-02-04,37.82,24.07,96.7,46.98,2986.0,7.030555555555555,225.0,0.254,23.88,25.07,25.07,24.0,27.77416666666667,79.73625,1.5974074074074072,,237.9789166666667
2023-02-05,35.49,23.54,94.8,48.07,3710.0,8.030555555555555,238.0,2.286,22.98,24.13,24.13,24.0,26.968333333333334,80.395,1.293611111111111,,289.32325
2023-02-06,34.54,21.51,96.4,51.26,4670.0,5.95,219.0,17.02,22.79,25.35,25.35,24.0,27.57375,74.73583333333333,1.3970833333333335,,290.21120833333333
2023-02-07,35.88,22.47,93.6,31.03,4509.0,5.0,230.0,0.0,23.22,24.97,24.97,24.0,27.55541666666667,73.89625,1.428113425925926,,290.68816666666663
2023-02-08,34.2,22.9,90.5,46.2,4704.0,6.138888888888889,36.0,0.0,22.5,25.44,25.44,24.0,27.649583333333336,75.64666666666666,1.5551851851851852,,290.50983333333335
2023-02-09,34.46,22.48,93.4,49.98,4674.0,5.55,34.0,0.0,22.81,26.15,26.15,24.0,27.3875,77.58291666666666,1.4834027777777778,,282.900625
2023-02-10,33.9,21.94,95.4,51.15,4624.0,6.930555555555555,53.0,22.86,22.29,23.09,23.09,24.0,25.345,87.27583333333332,1.5345023148148147,,141.73270833333333
2023-02-11,32.28,22.35,95.8,59.19,1422.0,5.788888888888889,1.0,4.572,21.95,22.96,22.96,24.0,26.5975,79.89083333333333,1.4602777777777778,,300.1302083333333
2023-02-12,34.29,21.49,95.0,50.61,4947.0,5.938888888888888,59.0,0.0,23.63,25.56,25.56,24.0,28.036666666666665,78.00708333333334,1.3993171296296296,,307.97566666666665
2023-02-13,34.65,22.91,95.6,48.8,5216.0,5.861111111111112,56.0,0.0,23.42,26.03,26.03,24.0,28.065416666666668,76.46833333333333,1.5114814814814814,,301.140625
2023-02-14,34.88,22.76,95.4,51.58,4866.0,5.538888888888889,23.0,0.0,23.52,25.63,25.63,24.0,27.505416666666665,82.5575,1.3111921296296296,,218.18833333333336
2023-02-15,36.14,23.19,95.0,50.56,2907.0,5.75,26.0,2.286,23.87,24.91,24.91,24.0,27.86,78.67333333333333,1.4848842592592593,,194.0869583333333
2023-02-16,35.95,23.3,95.1,48.82,2648.0,10.011111111111111,245.0,13.97,22.64,23.45,23.45,24.0,24.842916666666667,89.22041666666667,2.0615046296296295,,154.67045833333333
2023-02-17,31.42,21.79,96.6,65.52,1803.0,7.5,241.0,20.57,23.45,25.18,25.18,24.0,26.749583333333334,81.97333333333334,1.0445601851851851,,104.252875
2023-02-18,32.7,22.31,94.4,56.04,702.8,9.75,334.0,20.83,21.47,22.43,22.43,24.0,21.212083333333332,84.63125000000001,1.2257291666666668,,72.57025
2023-02-19,23.97,19.08,96.0,66.3,364.0,4.8388888888888895,324.0,12.95,16.46,19.09,19.09,24.0,19.072083333333335,87.515,2.145775462962963,,49.75933333333333
2023-02-20,21.17,18.05,96.0,73.85,140.5,5.7,255.0,7.366,18.13,18.96,18.96,24.0,21.653750000000002,93.90833333333335,1.1905671296296296,,54.39291666666667
2023-02-21,25.15,18.92,96.4,85.3,189.4,4.780555555555556,239.0,7.874,22.17,22.78,22.78,24.0,23.568749999999998,91.925,1.0805787037037036,,97.23516666666667
2023-02-22,28.32,20.96,96.5,78.59,753.4,4.45,222.0,11.18,19.59,20.96,20.96,24.0,23.845416666666665,84.65666666666667,1.0667939814814815,,134.80991666666668
2023-02-23,28.23,20.68,95.3,65.41,1222.0,3.3611111111111107,69.0,2.54,21.92,22.71,22.71,24.0,24.376666666666665,90.08541666666667,1.2742824074074075,,143.1747083333333
2023-02-24,29.94,21.89,96.9,71.27,1429.0,5.680555555555555,207.0,27.94,21.2,21.89,21.89,24.0,24.655,89.15333333333332,1.1950231481481481,,138.86466666666666
2023-02-25,31.52,21.31,96.5,66.77,1420.0,4.55,242.0,10.92,23.47,24.21,24.21,24.0,27.967083333333335,77.92041666666667,1.4475462962962962,,269.375
2023-02-26,36.77,22.83,96.8,41.61,4243.0,6.669444444444444,268.0,0.254,23.14,26.31,26.31,24.0,26.110416666666666,83.00541666666666,1.2497337962962962,,177.35241666666664
2023-02-27,36.21,21.85,95.4,46.01,2348.0,10.06111111111111,230.0,34.04,20.69,21.93,21.93,24.0,24.87291666666667,80.85666666666667,0.9951157407407406,,145.826875
2023-02-28,32.3,20.89,93.9,51.56,1319.0,4.0,,0.0,21.77,23.57,23.57,24.0,24.4825,88.81833333333333,1.0598032407407407,,98.46570833333334
2023-03-01,30.26,22.45,95.0,69.03,718.7,3.3694444444444445,250.0,4.572,22.05,22.99,22.99,24.0,24.278333333333332,89.52208333333334,1.0359953703703704,,90.61166666666666
2023-03-02,27.75,22.2,95.6,75.11,497.6,3.5805555555555557,18.0,1.016,22.21,23.47,23.47,24.0,26.084999999999997,82.67416666666666,1.2221064814814815,,261.1862916666667
2023-03-03,33.44,21.77,96.7,53.89,3993.0,4.5,27.0,0.762,21.98,23.81,23.81,24.0,26.12,85.70708333333333,1.1682407407407407,,184.32204166666668
2023-03-04,33.26,23.16,95.1,61.88,2734.0,5.338888888888889,45.0,1.016,24.02,24.84,24.84,24.0,25.432916666666667,89.74833333333333,1.480752314814815,,195.32020833333334
2023-03-05,33.57,21.74,96.3,63.82,3047.0,16.65,240.0,19.05,21.25,22.17,22.17,24.0,24.85083333333333,86.94583333333333,1.2527314814814814,,177.7492083333333
2023-03-06,34.26,21.82,96.1,50.57,2581.0,8.71111111111111,217.0,27.94,21.97,22.63,22.63,24.0,24.433333333333334,88.60916666666667,1.1828125,,139.380375
2023-03-07,31.55,22.04,96.3,58.95,1625.0,5.369444444444444,68.0,3.556,21.76,22.55,22.55,24.0,25.199583333333333,86.43666666666667,1.0676273148148148,,181.30666666666664
2023-03-08,32.47,21.77,96.2,60.01,2381.0,4.580555555555555,7.0,2.286,22.55,24.01,24.01,24.0,27.498333333333335,80.915,1.343599537037037,,245.37679166666666
2023-03-09,34.54,23.05,95.5,55.82,3550.0,7.638888888888888,35.0,0.508,22.24,25.27,25.27,24.0,26.602500000000003,81.17875,1.6794675925925926,,167.29841666666667
2023-03-10,33.72,23.34,94.2,52.25,2010.0,7.480555555555555,216.0,6.096,22.09,23.53,23.53,24.0,24.83583333333333,89.11666666666667,1.001273148148148,,96.39404166666667
2023-03-11,29.99,22.45,94.6,71.14,549.2,3.619444444444444,214.0,12.7,22.52,23.85,23.85,24.0,25.817916666666665,85.25,1.2154050925925926,,174.18383333333335
2023-03-12,32.75,22.73,95.4,59.22,2087.0,4.688888888888888,80.0,6.35,22.57,23.34,23.34,24.0,24.616249999999997,91.53750000000001,1.2976851851851852,,106.43808333333334
2023-03-13,28.65,22.31,96.7,76.87,681.6,4.46111111111111,91.0,20.32,22.63,23.22,23.22,24.0,23.812083333333334,95.2375,1.2889699074074075,,65.98458333333333
2023-03-14,25.88,22.52,97.0,91.1,275.1,5.8,20.0,37.59,22.39,22.96,22.96,24.0,24.72458333333333,90.90916666666668,1.0255671296296296,,121.8215
2023-03-15,29.62,22.09,96.5,72.23,1075.0,3.8805555555555555,123.0,12.7,23.06,23.75,23.75,24.0,25.38416666666667,88.92208333333333,1.064988425925926,,166.10487500000002
2023-03-16,31.37,22.76,96.9,68.09,1803.0,4.438888888888889,68.0,3.556,22.55,23.64,23.64,24.0,25.68041666666667,84.04916666666666,1.2396180555555556,,170.97833333333332
2023-03-17,31.42,22.39,96.5,57.75,2085.0,4.361111111111111,24.0,0.254,22.53,23.66,23.66,24.0,25.947083333333335,83.3925,1.1288425925925927,,204.00208333333333
2023-03-18,33.59,22.75,96.4,46.06,2855.0,4.3805555555555555,77.0,5.588,21.47,22.75,22.75,24.0,25.671666666666667,78.88583333333334,1.2539583333333333,,273.18975
2023-03-19,32.35,20.87,96.4,49.07,4221.0,5.461111111111111,31.0,0.0,21.88,24.29,24.29,24.0,26.532916666666665,79.30499999999999,1.354988425925926,,266.86875000000003
2023-03-20,33.48,21.4,95.4,54.98,3850.0,5.511111111111111,92.0,0.0,23.26,24.77,24.77,24.0,28.52,79.05208333333333,1.196875,,261.064125
2023-03-21,37.02,23.53,94.9,49.88,3717.0,3.969444444444444,261.0,0.0,24.63,26.56,26.56,24.0,27.659583333333334,79.92208333333333,1.1068518518518518,,231.31145833333335
2023-03-22,33.95,23.41,95.4,55.09,3115.0,4.919444444444444,53.0,0.0,23.25,25.45,25.45,24.0,27.54625,80.81166666666667,1.0455555555555556,,200.64045833333333
2023-03-23,34.08,23.94,94.3,52.26,2758.0,6.461111111111111,62.0,0.0,23.68,25.84,25.84,24.0,27.559166666666666,78.64583333333333,1.4053356481481483,,226.56854166666668
2023-03-24,33.59,23.49,94.5,54.1,3270.0,5.8805555555555555,48.0,0.0,23.39,25.75,25.75,24.0,27.38083333333333,79.12291666666667,1.1947800925925927,,201.82333333333335
2023-03-25,35.22,23.71,94.3,54.44,2585.0,4.95,210.0,0.0,22.05,25.33,25.33,24.0,26.776666666666667,76.37625,1.4461921296296296,,206.61075000000002
2023-03-26,33.54,22.77,91.2,51.85,2773.0,4.569444444444444,18.0,0.0,22.76,24.95,24.95,24.0,27.060833333333335,80.98916666666666,1.6024884259259258,,209.96437500000002
2023-03-27,36.66,23.19,94.5,49.41,2750.0,16.15,245.0,17.27,21.66,24.41,24.41,24.0,25.024583333333336,76.17666666666666,0.9239120370370371,,116.51395833333333
2023-03-28,29.74,22.4,87.9,48.76,1013.0,5.1194444444444445,17.0,0.254,19.94,22.4,22.4,24.0,24.0325,83.82625,1.1227662037037036,,140.869125
2023-03-29,29.92,21.29,93.3,61.0,1911.0,4.430555555555555,21.0,0.0,21.89,23.92,23.92,24.0,25.547916666666666,83.15458333333333,1.4752893518518517,,185.761
2023-03-30,33.57,20.56,95.3,56.82,2434.0,15.780555555555555,227.0,4.826,20.63,21.64,21.64,24.0,25.662499999999998,80.03333333333333,1.714363425925926,,239.18166666666664
2023-03-31,33.88,20.66,95.0,51.1,3274.0,6.619444444444444,213.0,1.778,21.69,23.27,23.27,24.0,26.3475,78.00291666666666,1.5660185185185185,,239.87854166666668
2023-04-01,32.99,21.85,94.7,51.13,3233.0,4.280555555555556,37.0,0.254,22.17,24.15,24.15,24.0,24.49625,80.43375,1.1924421296296297,,135.02487499999998
2023-04-02,30.03,22.21,94.6,67.51,1393.0,5.261111111111111,76.0,0.254,18.62,22.34,22.34,24.0,23.614166666666666,70.05833333333334,0.966412037037037,,220.611
2023-04-03,30.49,18.83,92.0,45.75,3008.0,4.011111111111111,53.0,0.0,18.12,20.82,20.82,24.0,23.72,74.17291666666667,1.4116666666666668,,231.24145833333333
2023-04-04,30.64,18.14,93.9,47.64,3082.0,6.288888888888889,18.0,0.0,19.7,22.88,22.88,24.0,25.057916666666667,75.54208333333334,1.1970486111111112,,237.50908333333334
2023-04-05,31.98,19.82,93.3,50.79,3153.0,5.580555555555556,16.0,0.0,20.66,22.43,22.43,24.0,24.785833333333333,78.09416666666667,1.3748611111111113,,165.97520833333334
2023-04-06,31.26,21.84,93.1,50.24,1783.0,3.7611111111111106,242.0,0.0,20.33,22.57,22.57,24.0,21.349166666666665,93.64999999999999,1.3701157407407407,,39.41795833333333
2023-04-07,22.75,19.73,96.0,87.1,105.2,4.51111111111111,201.0,15.75,19.13,19.78,19.78,24.0,19.904999999999998,95.15833333333335,1.3600925925925926,,32.65925
2023-04-08,21.13,18.8,96.5,90.6,67.67,3.6694444444444447,233.0,35.05,19.47,20.04,20.04,24.0,20.881249999999998,94.54583333333333,1.3086458333333333,,70.88575
2023-04-09,24.52,19.5,96.8,82.0,358.2,4.269444444444444,253.0,9.14,19.8,20.47,20.47,24.0,22.89,87.31041666666665,1.1486574074074074,,134.9925
2023-04-10,28.29,20.05,96.5,65.81,1239.0,4.580555555555555,20.0,2.286,20.64,21.47,21.47,24.0,23.734583333333333,85.1225,0.8512962962962963,,155.18320833333334
2023-04-11,29.97,20.96,96.0,62.15,1800.0,4.45,31.0,4.318,20.44,23.01,23.01,24.0,24.395416666666666,75.4375,1.303761574074074,,233.86775
2023-04-12,30.34,20.08,93.9,49.94,3070.0,4.561111111111112,23.0,0.0,18.39,20.74,20.74,24.0,23.993750000000002,80.85458333333334,1.2704398148148148,,226.897125
2023-04-13,32.18,18.29,95.4,55.42,2904.0,4.3,93.0,0.0,20.98,22.28,22.28,24.0,24.857916666666668,81.14166666666667,1.0769675925925926,,208.51075
2023-04-14,34.63,19.36,96.3,49.07,2641.0,3.8805555555555555,26.0,0.0,21.26,23.36,23.36,24.0,22.03708333333333,93.61666666666667,1.5991087962962964,,27.848708333333335
2023-04-15,23.65,20.54,96.2,87.4,60.13,5.1305555555555555,227.0,46.74,20.06,20.68,20.68,24.0,21.642083333333332,90.83916666666666,1.6488541666666665,,59.895916666666665
2023-04-16,24.95,19.92,96.2,76.67,231.4,5.038888888888889,239.0,1.27,19.59,20.66,20.66,24.0,22.6225,90.05583333333334,1.1716898148148147,,96.20945833333333
2023-04-17,27.09,20.12,96.0,72.38,644.6,4.55,261.0,1.524,21.73,22.43,22.43,24.0,23.895833333333332,89.52708333333334,1.1841550925925926,,102.04670833333334
2023-04-18,29.71,20.22,96.7,67.86,770.3,4.9111111111111105,317.0,28.45,19.34,20.23,20.23,24.0,20.075833333333332,94.07083333333333,1.482222222222222,,42.45858333333333
2023-04-19,22.54,18.26,96.6,83.6,123.1,5.080555555555555,267.0,18.03,17.67,18.26,18.26,24.0,21.45875,66.82333333333334,2.388888888888889,,189.7807916666667
2023-04-20,27.56,16.06,97.4,36.81,2343.0,10.738888888888887,234.0,0.254,12.59,19.38,19.38,24.0,19.82125,59.0425,2.431701388888889,,229.15675
2023-04-21,27.69,14.69,83.0,33.06,2998.0,13.25,233.0,0.0,12.62,15.48,15.48,24.0,19.152083333333334,78.3025,1.3276273148148148,,174.20174999999998
2023-04-22,26.55,13.06,93.4,52.12,1846.0,3.8111111111111113,218.0,0.0,18.18,19.26,19.26,24.0,21.508750000000003,85.77749999999999,1.1058101851851851,,134.876875
2023-04-23,28.38,18.49,95.9,57.98,1288.0,4.469444444444444,220.0,4.318,18.88,19.98,19.98,24.0,21.61791666666667,90.18541666666665,1.221712962962963,,113.02591666666666
2023-04-24,26.64,19.36,95.6,69.13,895.0,3.2694444444444444,1.0,15.49,20.21,20.97,20.97,24.0,22.44875,88.84333333333332,0.8284375,,101.034875
2023-04-25,27.36,19.92,96.1,70.3,711.0,4.1194444444444445,56.0,9.14,19.33,20.78,20.78,24.0,22.535,85.02166666666666,1.0398958333333332,,163.57479166666667
2023-04-26,29.26,19.35,96.8,56.51,1805.0,4.280555555555556,46.0,1.27,19.76,20.88,20.88,24.0,22.606666666666666,88.60333333333334,0.9059837962962963,,91.21804166666668
2023-04-27,28.68,19.96,95.5,67.45,589.7,3.4611111111111112,17.0,0.0,19.82,20.59,20.59,24.0,22.78333333333333,78.29708333333333,1.736863425925926,,195.09508333333335
2023-04-28,30.84,18.67,95.5,44.62,2415.0,8.938888888888888,204.0,0.0,18.78,20.62,20.62,24.0,22.145833333333332,78.84416666666667,0.9319560185185184,,143.93129166666668
2023-04-29,27.66,19.33,94.6,52.86,1525.0,3.8999999999999995,67.0,0.0,18.07,19.76,19.76,24.0,21.260833333333334,86.01291666666667,1.1068287037037037,,99.44616666666667
2023-04-30,26.8,18.2,95.8,58.67,785.1,4.1194444444444445,354.0,1.016,18.91,19.6,19.6,24.0,22.605416666666667,85.23166666666667,1.1690393518518518,,163.59816666666669
2023-05-01,29.21,19.09,95.8,58.77,1896.0,4.6499999999999995,19.0,0.254,19.88,20.92,20.92,24.0,23.537499999999998,82.02083333333333,0.9747916666666666,,186.32900000000004
2023-05-02,31.64,19.0,96.8,50.75,2198.0,3.730555555555555,241.0,0.0,19.76,20.84,20.84,24.0,22.93166666666667,83.39708333333333,1.1567361111111112,,188.51166666666666
2023-05-03,30.61,18.15,96.4,53.21,2221.0,4.0,70.0,0.0,20.05,21.57,21.57,24.0,23.955,84.1025,1.212175925925926,,176.02791666666667
2023-05-04,30.38,20.44,95.0,58.0,2046.0,5.311111111111111,113.0,0.0,21.77,23.47,23.47,24.0,25.436666666666667,83.78458333333333,0.8381018518518518,,129.455125
2023-05-05,32.31,22.26,94.4,59.95,1128.0,3.530555555555556,324.0,0.0,22.54,23.53,23.53,24.0,25.557083333333335,84.61749999999999,1.2504513888888888,,154.19412499999999
2023-05-06,31.34,22.36,95.7,60.74,1538.0,4.711111111111111,31.0,0.0,22.69,24.24,24.24,24.0,25.780833333333334,84.47375,1.0259606481481482,,117.45408333333334
2023-05-07,31.79,23.32,93.5,61.86,1063.0,4.088888888888889,41.0,0.0,22.1,23.35,23.35,24.0,25.433333333333334,83.24041666666666,1.1957638888888888,,153.8245
2023-05-08,31.28,22.84,94.1,59.37,1684.0,5.05,38.0,0.0,22.23,24.5,24.5,24.0,24.589166666666667,88.42666666666666,0.823587962962963,,62.144416666666665
2023-05-09,28.03,22.16,95.7,76.79,247.7,3.8694444444444445,230.0,0.0,21.27,22.72,22.72,24.0,21.664583333333336,86.51583333333333,0.8685185185185184,,37.391625
2023-05-10,24.97,20.16,95.3,70.51,119.6,4.061111111111111,202.0,5.842,18.51,20.28,20.28,24.0,21.587500000000002,81.47583333333334,1.1922453703703704,,89.38520833333332
2023-05-11,25.66,19.2,92.3,63.23,529.9,5.461111111111111,21.0,0.0,17.96,19.23,19.23,24.0,19.919999999999998,72.4875,1.8089004629629628,,189.20441666666667
2023-05-12,26.27,15.1,93.9,41.5,2174.0,6.011111111111111,216.0,0.0,13.94,15.9,15.9,24.0,18.289583333333333,76.85875,1.511261574074074,,142.68029166666665
2023-05-13,24.93,14.22,92.1,52.35,1458.0,5.938888888888888,227.0,0.0,13.76,16.15,16.15,24.0,18.647916666666667,77.60083333333334,1.435613425925926,,150.705375
2023-05-14,26.0,14.1,93.2,50.46,1589.0,4.6499999999999995,30.0,0.0,14.32,15.82,15.82,24.0,19.604583333333334,73.23083333333334,1.1116319444444445,,179.29929166666668
2023-05-15,28.66,13.92,93.6,32.73,1966.0,4.361111111111111,266.0,0.0,13.86,15.96,15.96,24.0,20.163333333333334,71.28791666666667,1.3111805555555556,,178.00483333333332
2023-05-16,30.29,13.08,92.1,34.87,1935.0,4.088888888888889,22.0,0.0,14.12,17.13,17.13,24.0,20.118333333333332,72.43208333333332,1.3071527777777778,,176.42783333333333
2023-05-17,28.07,14.61,90.7,44.18,1892.0,4.1194444444444445,48.0,0.0,15.95,19.05,19.05,24.0,19.947083333333335,74.99458333333332,1.063726851851852,,156.865
2023-05-18,27.25,15.29,93.3,45.29,1680.0,4.161111111111111,10.0,0.0,14.81,17.34,17.34,24.0,19.638749999999998,76.97416666666668,1.3607291666666665,,169.64874999999998
2023-05-19,27.34,14.62,92.5,50.39,1817.0,4.419444444444444,28.0,0.0,15.04,16.52,16.52,24.0,20.52125,75.325,1.3497916666666665,,175.91937499999997
2023-05-20,26.98,16.5,91.4,51.52,1899.0,5.330555555555556,63.0,0.0,16.38,18.88,18.88,24.0,20.94125,75.40166666666667,1.1907754629629628,,163.11758333333333
2023-05-21,27.35,17.59,90.8,50.43,1729.0,3.969444444444444,45.0,0.0,16.18,17.69,17.69,24.0,20.265416666666667,82.24041666666666,1.1258449074074075,,126.43270833333334
2023-05-22,26.24,15.94,94.6,58.97,1038.0,4.169444444444444,31.0,0.0,17.69,19.26,19.26,24.0,20.54,85.92125,1.0241898148148147,,69.80545833333333
2023-05-23,26.38,17.76,94.9,62.42,333.5,3.838888888888889,229.0,0.0,18.36,19.82,19.82,24.0,22.196250000000003,83.27125,1.184212962962963,,157.939
2023-05-24,29.96,16.95,98.8,53.94,1557.0,3.7194444444444446,247.0,0.0,19.73,21.12,21.12,24.0,22.55666666666667,84.69833333333334,1.0529282407407405,,116.38204166666667
2023-05-25,28.35,19.43,96.1,58.15,990.0,5.0,10.0,0.0,19.36,20.46,20.46,24.0,22.512083333333333,86.57375,1.206423611111111,,109.68266666666666
2023-05-26,29.24,19.13,96.4,60.18,945.0,4.719444444444444,29.0,0.0,20.21,21.64,21.64,24.0,23.37375,83.58083333333333,0.993287037037037,,123.74045833333334
2023-05-27,28.74,19.35,96.0,62.73,1028.0,3.9388888888888887,87.0,0.0,20.88,23.03,23.03,24.0,23.3325,84.32125,1.215011574074074,,115.86908333333334
2023-05-28,30.11,19.86,95.8,59.31,1097.0,5.0,212.0,0.762,20.18,21.21,21.21,24.0,19.068749999999998,91.98333333333333,1.2771527777777778,,19.146666666666665
2023-05-29,21.55,16.72,95.2,80.1,24.88,4.6194444444444445,231.0,9.65,15.81,16.78,16.78,24.0,17.283333333333335,89.66541666666667,1.450023148148148,,33.008041666666664
2023-05-30,20.4,16.37,94.6,67.51,71.37,4.138888888888889,256.0,0.508,15.91,16.99,16.99,24.0,17.96375,92.60000000000001,0.9038541666666666,,48.383874999999996
2023-05-31,20.56,16.41,95.6,81.2,157.4,3.3388888888888886,55.0,1.778,17.16,17.86,17.86,24.0,20.299583333333334,85.67375,1.1533912037037037,,126.95970833333332
2023-06-01,27.47,17.1,96.3,55.74,1185.0,4.3,226.0,0.0,17.39,18.37,18.37,24.0,20.699583333333333,83.88166666666667,1.1211111111111112,,158.58608333333333
2023-06-02,29.15,15.86,96.5,50.16,1578.0,4.269444444444444,230.0,0.0,16.5,17.34,17.34,24.0,20.309583333333332,81.3425,1.179386574074074,,160.82629166666666
2023-06-03,28.16,15.27,95.7,47.08,1612.0,3.6805555555555554,0.0,0.0,16.24,17.36,17.36,24.0,19.842916666666667,81.80208333333333,1.2675462962962962,,162.18929166666666
2023-06-04,28.69,14.35,96.6,46.84,1648.0,4.95,211.0,0.0,15.88,17.69,17.69,24.0,20.55333333333333,82.73708333333333,1.3546759259259258,,158.874875
2023-06-05,30.16,15.04,95.1,49.87,1588.0,4.8388888888888895,215.0,0.508,17.88,18.7,18.7,24.0,20.884583333333335,80.46875,1.0436921296296295,,152.77779166666667
2023-06-06,29.42,15.4,95.2,45.83,1497.0,3.7194444444444446,209.0,0.0,17.9,19.98,19.98,24.0,20.82375,84.33291666666666,0.9557407407407408,,80.271
2023-06-07,27.08,18.51,94.0,62.44,476.2,4.638888888888888,8.0,0.0,17.49,18.91,18.91,24.0,21.283333333333335,81.23833333333333,1.005798611111111,,155.94354166666668
2023-06-08,29.13,16.64,96.1,50.31,1521.0,3.138888888888889,259.0,0.0,17.03,18.01,18.01,24.0,20.513749999999998,82.08708333333333,1.120787037037037,,154.53566666666666
2023-06-09,29.06,14.98,94.7,48.6,1499.0,4.0,23.0,0.0,18.15,19.08,19.08,24.0,20.934166666666666,82.97708333333334,1.1871064814814816,,153.02204166666667
2023-06-10,29.15,15.32,96.5,49.33,1461.0,3.2694444444444444,27.0,0.0,18.1,19.36,19.36,24.0,24.715,62.25625,1.255775462962963,,156.46670833333334
2023-06-11,34.51,17.85,94.4,30.63,1532.0,6.05,255.0,0.0,15.15,25.4,25.4,24.0,22.57166666666667,71.20291666666667,1.3165162037037037,,83.77420833333333
2023-06-12,26.96,16.85,93.8,50.83,673.5,5.730555555555555,270.0,5.334,15.87,16.87,16.87,24.0,14.903333333333334,94.52499999999999,1.1091435185185186,,15.139958333333333
2023-06-13,16.87,13.29,95.6,92.1,16.62,5.488888888888889,233.0,64.52,12.25,13.39,13.39,24.0,13.288333333333334,92.27916666666665,1.9563773148148147,,17.710375000000003
2023-06-14,13.82,12.5,95.7,83.1,21.55,5.111111111111111,262.0,15.49,12.99,13.68,13.68,24.0,15.19,96.27916666666665,2.249537037037037,,20.7085
2023-06-15,16.74,13.53,96.9,95.4,29.55,5.680555555555555,218.0,32.0,15.51,16.0,16.0,24.0,18.178333333333335,90.47458333333333,2.488703703703704,821.0,48.07333333333333
2023-06-16,22.97,15.88,97.7,66.48,261.0,8.730555555555556,251.0,32.0,11.96,17.86,17.86,24.0,19.538333333333334,61.80875,3.5607870370370374,800.0,160.23620833333334
2023-06-17,25.47,15.43,77.5,46.5,1623.0,13.630555555555555,255.0,0.0,12.13,16.1,16.1,24.0,18.798333333333332,65.72125,2.366145833333333,807.0,152.80570833333334
2023-06-18,25.31,14.36,81.6,41.5,1552.0,6.8694444444444445,231.0,0.0,9.66,16.83,16.83,24.0,15.961666666666666,68.29166666666667,2.2655439814814815,809.0,158.80141666666665
2023-06-19,21.97,11.95,86.6,46.7,1616.0,6.930555555555555,218.0,0.0,10.84,13.02,13.02,24.0,15.05375,80.10541666666667,1.2861458333333333,,109.78779166666668
2023-06-20,22.31,10.33,93.9,52.06,991.0,4.580555555555555,43.0,0.0,12.16,13.73,13.73,24.0,17.3875,77.54291666666667,1.323923611111111,802.0,154.184625
2023-06-21,26.27,11.71,93.8,44.85,1489.0,3.8111111111111113,263.0,0.0,12.95,14.44,14.44,24.0,17.915833333333335,83.76125,1.1603819444444443,,124.493875
2023-06-22,25.17,13.06,94.7,61.88,1062.0,3.480555555555555,58.0,0.0,16.66,18.01,18.01,24.0,19.847916666666666,88.05833333333334,0.9531597222222222,,86.79475000000001
2023-06-23,26.04,17.01,94.7,67.74,670.1,3.438888888888889,233.0,0.254,18.9,19.75,19.75,24.0,20.4475,88.33416666666666,1.9741435185185185,807.0,52.903375000000004
2023-06-24,22.94,18.78,95.3,75.83,215.5,6.9111111111111105,222.0,0.762,17.14,18.85,18.85,24.0,22.02125,78.24416666666667,1.0471296296296295,813.0,144.41495833333332
2023-06-25,31.2,16.69,94.1,47.82,1387.0,3.861111111111111,60.0,0.0,18.67,20.64,20.64,24.0,23.965416666666666,73.91208333333333,0.9748842592592593,,150.23920833333332
2023-06-26,33.36,18.19,93.7,42.48,1420.0,3.738888888888889,61.0,0.254,17.42,20.62,20.62,24.0,22.700833333333335,73.85291666666667,1.3927546296296296,,150.33854166666666
2023-06-27,31.35,16.41,91.8,46.3,1422.0,5.061111111111111,202.0,0.0,17.32,19.22,19.22,24.0,22.425416666666667,76.73791666666666,1.095324074074074,,152.42666666666665
2023-06-28,31.86,16.81,93.2,43.51,1465.0,3.4499999999999997,30.0,0.0,17.46,19.04,19.04,24.0,23.433333333333334,68.215,1.8930787037037036,,156.39508333333333
2023-06-29,32.59,17.61,94.1,34.48,1531.0,7.3388888888888895,242.0,0.0,17.74,20.02,20.02,24.0,18.7725,74.31416666666667,0.8133217592592592,,49.965
2023-06-30,20.8,17.12,87.0,59.86,175.3,4.45,97.0,0.0,13.66,17.21,17.21,24.0,18.594583333333333,78.90666666666667,0.9775694444444444,,83.44720833333334
2023-07-01,23.71,16.03,92.4,58.39,604.1,3.638888888888889,234.0,0.0,16.18,17.42,17.42,24.0,19.330833333333334,84.41416666666667,1.2080902777777778,,93.844875
2023-07-02,24.92,16.56,94.7,63.34,650.2,3.9805555555555556,215.0,0.254,15.8,17.62,17.62,24.0,19.34958333333333,83.85291666666667,0.7505324074074075,,103.85975
2023-07-03,27.06,15.93,92.8,56.64,927.0,3.5194444444444444,211.0,0.0,17.33,18.49,18.49,24.0,19.204166666666666,88.44625,0.9357523148148147,,61.916875
2023-07-04,22.93,17.59,94.7,74.37,263.6,3.6805555555555554,340.0,2.032,16.89,18.03,18.03,24.0,18.674166666666668,83.10625,1.0656134259259258,,141.5855
2023-07-05,25.24,14.82,96.1,52.39,1431.0,4.8694444444444445,55.0,1.016,14.36,16.2,16.2,24.0,18.5775,80.30416666666666,1.118784722222222,,156.44125
2023-07-06,26.95,12.72,95.9,47.95,1532.0,3.3805555555555555,202.0,0.0,15.0,16.46,16.46,24.0,19.785,79.86125,1.1263657407407408,,151.72708333333333
2023-07-07,29.5,13.45,94.3,46.28,1443.0,3.8805555555555555,75.0,0.0,17.41,18.33,18.33,24.0,20.14,84.09083333333334,0.8565277777777777,,61.45820833333334
2023-07-08,26.1,17.19,94.7,65.06,275.7,3.8805555555555555,200.0,0.0,17.67,18.71,18.71,24.0,20.27416666666667,87.20125,0.9682175925925925,,55.412083333333335
2023-07-09,27.54,17.97,94.9,62.58,327.9,6.1194444444444445,212.0,0.508,16.52,19.36,19.36,24.0,18.978333333333335,89.02916666666665,0.7540277777777779,,41.476375
2023-07-10,21.04,17.32,94.9,79.83,127.2,3.1611111111111114,242.0,0.762,17.22,18.2,18.2,24.0,18.7475,93.7625,0.9659375,,28.462041666666668
2023-07-11,20.49,17.67,95.9,87.3,57.43,4.330555555555556,218.0,6.35,17.98,18.64,18.64,24.0,17.984583333333333,95.47500000000001,0.9797685185185184,,14.278625
2023-07-12,19.03,17.08,98.8,94.0,15.33,4.980555555555555,42.0,35.56,17.33,17.89,17.89,24.0,20.085833333333333,93.75,1.3007638888888888,,55.91358333333333
2023-07-13,25.47,17.87,96.6,77.61,342.2,10.280555555555555,239.0,14.99,19.54,20.39,20.39,24.0,21.195833333333333,56.732499999999995,5.175104166666666,,154.49304166666667
2023-07-14,24.86,16.57,94.9,39.65,1645.0,17.85,240.0,0.0,9.72,16.67,16.67,24.0,16.561666666666667,60.623333333333335,3.040625,,167.02083333333334
2023-07-15,22.53,12.49,86.7,41.14,1745.0,10.950000000000001,265.0,0.0,10.34,12.49,12.49,24.0,15.582500000000001,80.83583333333333,1.2378935185185185,,142.10404166666666
2023-07-16,23.15,10.68,91.4,56.28,1476.0,4.011111111111111,38.0,0.0,13.51,15.04,15.04,24.0,18.15375,78.73333333333333,1.3231249999999999,,146.92291666666668
2023-07-17,25.84,13.41,93.4,48.51,1510.0,4.419444444444444,219.0,0.0,15.34,17.96,17.96,24.0,17.919583333333332,84.29666666666667,0.9095833333333333,,45.955041666666666
2023-07-18,20.87,14.71,93.7,74.54,165.5,4.388888888888889,219.0,6.604,13.7,14.72,14.72,24.0,13.362916666666665,90.26666666666667,1.194039351851852,,17.028625
2023-07-19,14.77,12.05,94.4,77.66,20.9,4.5,217.0,7.112,11.34,12.89,12.89,24.0,13.915833333333333,88.21541666666667,1.531412037037037,,22.909375
2023-07-20,16.42,12.62,96.2,72.3,35.26,4.069444444444445,259.0,2.286,13.09,13.69,13.69,24.0,16.79,93.02499999999999,1.2336458333333333,,79.20404166666667
2023-07-21,21.43,13.67,96.7,78.67,450.9,4.919444444444444,74.0,4.064,17.3,17.93,17.93,24.0,19.058333333333334,92.80833333333334,1.0876388888888888,,70.02891666666666
2023-07-22,23.65,16.78,96.8,76.11,359.0,4.111111111111112,56.0,0.508,18.32,19.01,19.01,24.0,20.205000000000002,89.70958333333334,0.9096759259259258,,88.099625
2023-07-23,25.9,17.8,96.5,67.63,589.0,4.269444444444444,35.0,0.0,17.1,17.8,17.8,24.0,20.598333333333333,86.95791666666668,1.166064814814815,,155.956
2023-07-24,28.55,16.02,97.7,58.83,1584.0,3.7,219.0,0.0,18.12,19.08,19.08,24.0,20.922083333333333,87.22458333333333,0.9639699074074074,,164.34579166666666
2023-07-25,28.4,16.48,97.0,63.58,1660.0,4.0,,0.0,18.37,19.01,19.01,24.0,20.625416666666666,89.40291666666667,0.9562268518518519,,99.61820833333333
2023-07-26,26.7,18.57,97.1,65.93,863.0,2.969444444444444,29.0,0.254,18.59,19.24,19.24,24.0,21.73625,85.69875,1.0650578703703704,,150.63083333333333
2023-07-27,29.48,18.29,96.7,46.8,1533.0,3.569444444444444,265.0,0.0,19.3,20.43,20.43,24.0,18.807083333333335,84.09125,0.9005787037037036,,26.785083333333333
2023-07-28,20.72,16.2,93.9,75.07,44.37,3.611111111111111,207.0,0.0,14.82,16.22,16.22,24.0,17.125833333333333,91.3625,1.0253935185185183,,37.662708333333335
2023-07-29,19.0,15.44,94.5,84.4,105.4,4.988888888888889,210.0,3.302,14.41,15.47,15.47,24.0,15.812916666666666,81.05833333333332,0.7547916666666666,,59.473749999999995
2023-07-30,18.05,13.95,93.4,60.65,217.6,3.411111111111111,62.0,0.508,12.32,14.21,14.21,24.0,17.326249999999998,80.00541666666666,1.1624652777777778,,156.83020833333333
2023-07-31,24.14,13.68,91.5,55.44,1679.0,5.219444444444444,34.0,0.0,13.83,15.2,15.2,24.0,18.471666666666668,80.95291666666667,1.1311689814814814,,179.20925
2023-08-01,26.94,12.4,95.8,49.56,1943.0,3.3805555555555555,226.0,0.0,15.38,16.38,16.38,23.0,19.036956521739132,82.96695652173914,1.108828502415459,,158.41813043478263
2023-08-02,27.69,14.02,96.4,49.02,1748.0,4.088888888888889,24.0,0.0,16.15,17.19,17.19,24.0,18.627916666666668,86.68583333333333,1.3022222222222222,,160.59308333333334
2023-08-03,27.05,14.06,96.5,57.26,1782.0,3.569444444444444,206.0,0.0,16.74,17.61,17.61,24.0,22.056250000000002,74.29125,1.267789351851852,,180.19995833333334
2023-08-04,33.07,14.86,96.8,32.44,1961.0,4.8500000000000005,210.0,0.0,17.38,19.95,19.95,24.0,21.647499999999997,81.63208333333334,1.1564351851851853,,149.05575000000002
2023-08-05,28.41,18.57,93.6,53.74,1582.0,4.269444444444444,110.0,0.0,18.0,19.14,19.14,24.0,20.841666666666665,83.87541666666667,0.8277083333333333,,171.9779583333333
2023-08-06,27.06,16.67,96.4,58.97,1792.0,4.211111111111111,51.0,0.0,17.4,19.56,19.56,24.0,21.175833333333333,81.58375,0.9705092592592592,,139.50604166666668
2023-08-07,27.48,18.06,94.0,56.43,1421.0,4.211111111111111,33.0,0.0,17.81,18.78,18.78,24.0,21.528333333333336,84.89041666666667,0.9358449074074073,,137.451
2023-08-08,34.81,17.51,96.6,39.71,1421.0,4.688888888888888,305.0,5.588,17.3,18.24,18.24,24.0,17.226666666666667,91.675,1.1293287037037036,,37.37370833333333
2023-08-09,18.44,15.91,95.5,84.6,86.1,4.3999999999999995,257.0,4.826,15.23,15.94,15.94,24.0,17.2275,96.03333333333335,1.0183912037037037,,21.123833333333334
2023-08-10,18.88,15.96,96.6,95.2,29.25,4.6305555555555555,62.0,25.65,17.62,18.16,18.16,24.0,19.3425,95.02083333333333,0.9425694444444445,,38.363375
2023-08-11,22.14,17.88,96.9,84.6,131.3,4.669444444444444,229.0,13.21,19.02,19.58,19.58,24.0,20.559583333333332,83.47916666666667,2.352939814814815,,34.72208333333333
2023-08-12,24.05,18.2,96.7,54.78,82.2,15.549999999999999,264.0,1.016,16.9,18.27,18.27,24.0,17.942916666666665,92.72083333333335,1.107199074074074,,22.522291666666664
2023-08-13,19.47,16.06,95.9,85.8,37.0,11.380555555555555,252.0,13.97,14.05,16.06,16.06,24.0,15.246250000000002,80.985,0.8575231481481481,,47.45129166666666
2023-08-14,17.16,14.1,91.4,65.84,167.3,3.4611111111111112,55.0,0.0,11.95,14.47,14.47,24.0,17.27541666666667,81.84208333333333,1.0499652777777777,,128.657625
2023-08-15,23.23,13.8,90.7,63.25,1199.0,5.388888888888888,17.0,0.0,15.67,17.53,17.53,24.0,20.09208333333333,80.67916666666666,1.1535069444444443,,187.72033333333331
2023-08-16,26.78,14.5,94.4,55.67,2205.0,5.6,21.0,0.0,18.9,19.82,19.82,24.0,21.052916666666665,89.02791666666667,1.156446759259259,,111.945125
2023-08-17,26.98,18.86,95.6,67.9,976.0,3.7194444444444446,45.0,0.254,19.54,20.39,20.39,24.0,22.106666666666666,88.88291666666667,0.98375,,95.09154166666667
2023-08-18,26.87,20.26,95.5,70.2,581.8,3.6805555555555554,50.0,0.0,19.61,20.35,20.35,24.0,23.8025,82.48541666666667,1.4392939814814814,,179.26454166666667
2023-08-19,31.34,18.44,96.5,57.06,2066.0,19.23888888888889,229.0,12.95,17.17,18.47,18.47,24.0,20.10291666666667,80.32375,1.480601851851852,,157.88862500000002
2023-08-20,26.76,17.53,94.9,52.29,1612.0,5.238888888888889,219.0,0.254,15.8,18.47,18.47,24.0,21.25916666666667,80.27125,1.2670023148148148,,161.76666666666668
2023-08-21,27.65,17.49,92.0,59.33,1752.0,4.661111111111111,24.0,0.0,18.15,19.86,19.86,24.0,21.89708333333333,81.69291666666668,1.1874768518518517,,197.453875
2023-08-22,29.63,18.11,94.6,57.33,2397.0,4.3694444444444445,203.0,0.508,17.49,18.94,18.94,24.0,21.460416666666664,86.88125000000001,1.1324305555555556,,148.19358333333335
2023-08-23,28.76,17.45,96.2,63.48,1471.0,4.211111111111111,28.0,0.0,19.88,21.11,21.11,24.0,29.19541666666667,59.565,2.0695949074074074,,192.89391666666666
2023-08-24,39.0,20.72,93.2,29.13,2192.0,8.880555555555555,273.0,0.0,17.39,32.75,32.16,24.0,21.499166666666667,85.09125,1.1077777777777778,,49.75545833333334
2023-08-25,32.49,15.49,95.0,39.82,171.7,5.280555555555556,112.0,14.22,14.72,16.09,16.09,24.0,15.707083333333335,90.77083333333333,1.348148148148148,,22.131208333333333
2023-08-26,17.19,14.57,94.5,77.44,49.27,6.1305555555555555,261.0,9.14,12.77,14.8,14.8,24.0,16.411666666666665,66.31083333333333,1.030625,,175.178375
2023-08-27,22.16,13.71,92.1,31.54,1959.0,4.030555555555555,28.0,0.0,10.13,14.51,14.51,24.0,14.945,72.67625,0.9733101851851851,,63.08091666666667
2023-08-28,18.21,13.02,83.9,60.85,336.1,3.4194444444444443,58.0,0.0,9.32,14.29,14.29,24.0,14.844166666666666,72.80458333333333,0.7521064814814814,,62.79354166666667
2023-08-29,17.97,12.7,86.7,60.12,295.2,3.5388888888888888,241.0,0.0,11.93,14.1,14.1,24.0,16.33458333333333,81.5,1.7586805555555554,,96.31400000000001
2023-08-30,20.06,13.45,94.5,65.18,570.3,5.8805555555555555,231.0,0.508,15.09,15.99,15.99,24.0,19.72041666666667,81.32083333333334,1.7891435185185183,,216.6772083333333
2023-08-31,27.69,15.82,94.5,52.97,2841.0,5.980555555555556,222.0,0.254,17.07,18.74,18.74,24.0,21.172083333333333,79.01916666666666,1.4622569444444444,,225.89754166666668
2023-09-01,29.14,16.43,93.5,46.26,2874.0,4.480555555555555,232.0,0.0,16.63,17.9,17.9,24.0,20.461666666666666,80.66875,1.1494560185185185,,177.42729166666666
2023-09-02,26.28,17.89,92.2,57.7,2153.0,4.661111111111111,59.0,0.0,17.15,19.51,19.51,24.0,19.382916666666667,91.625,1.234525462962963,,23.549541666666666
2023-09-03,21.24,18.49,95.5,85.7,35.05,7.038888888888889,29.0,1.778,18.23,18.96,18.96,24.0,22.003333333333334,85.37916666666666,1.1655671296296297,,142.56883333333334
2023-09-04,30.56,18.2,96.8,57.22,1408.0,5.738888888888889,212.0,0.0,19.01,20.65,20.65,24.0,23.902083333333334,83.43291666666667,1.4230208333333334,,127.11512499999999
2023-09-05,30.88,20.13,94.6,62.35,1553.0,9.419444444444443,210.0,2.54,21.57,30.29,27.91,24.0,23.251666666666665,68.51583333333333,2.3582291666666664,,132.34158333333332
2023-09-06,28.52,17.68,82.9,56.31,1169.0,16.380555555555556,267.0,0.0,14.61,17.68,17.68,24.0,18.100416666666668,81.31208333333333,0.8633101851851852,,61.806958333333334
2023-09-07,20.56,16.75,92.5,66.71,222.7,3.611111111111111,227.0,0.0,16.54,17.76,17.76,24.0,19.742083333333333,86.47833333333334,1.602824074074074,,56.36858333333333
2023-09-08,22.51,17.75,94.2,72.67,191.3,7.519444444444444,4.0,1.016,18.27,19.73,19.73,24.0,22.440416666666668,82.39416666666666,1.4590277777777778,,161.69041666666666
2023-09-09,30.12,18.83,94.2,53.99,1838.0,4.919444444444444,242.0,0.0,19.45,21.3,21.3,24.0,21.881249999999998,85.10875,1.145636574074074,,68.900375
2023-09-10,27.02,19.28,92.5,66.74,272.6,5.75,233.0,0.0,17.94,19.34,19.34,24.0,20.475416666666664,87.09625,0.8474305555555555,,100.50012500000001
2023-09-11,24.67,18.63,94.6,70.96,699.1,3.411111111111111,20.0,0.0,17.9,18.8,18.8,24.0,22.325416666666666,83.49166666666666,1.131909722222222,,184.62695833333336
2023-09-12,29.03,18.8,94.7,59.48,2258.0,5.738888888888889,72.0,0.0,20.35,21.98,21.98,24.0,23.215833333333332,84.59,1.1613541666666667,,152.793125
2023-09-13,30.11,20.69,94.4,63.35,1594.0,4.969444444444444,165.0,0.0,18.82,20.77,20.77,24.0,21.887916666666666,85.7975,0.9975578703703704,,96.66912500000001
2023-09-14,27.19,19.6,94.9,63.83,720.8,9.238888888888889,273.0,2.032,17.78,25.09,25.09,24.0,21.51125,63.76624999999999,2.224097222222222,,178.36554166666667
2023-09-15,27.46,16.16,83.4,39.38,1998.0,9.261111111111111,209.0,0.0,13.35,16.16,16.16,24.0,17.700416666666666,78.64874999999999,1.0216898148148148,,74.82125
2023-09-16,20.98,15.28,90.8,61.45,362.9,4.569444444444444,54.0,0.0,14.45,17.62,17.62,24.0,20.84375,75.94666666666667,1.2440393518518518,,255.47316666666666
2023-09-17,28.13,15.48,92.1,50.35,3563.0,5.469444444444445,52.0,0.0,17.0,18.63,18.63,24.0,22.37875,81.03041666666667,1.3745486111111112,,233.48641666666666
2023-09-18,33.21,15.63,96.3,42.13,3260.0,3.819444444444444,85.0,0.0,19.58,20.28,20.28,24.0,25.045,78.12375,1.1993865740740741,,229.66774999999998
2023-09-19,24.55,23.99,79.23,76.59,0.0,2.07,217.0,0.0,19.94,24.14,24.14,24.0,24.670833333333334,79.85541666666667,1.1494097222222222,,205.97895833333334
2023-09-20,32.1,21.52,95.4,55.03,2820.0,4.169444444444444,36.0,6.858,20.83,21.64,21.64,24.0,24.649583333333336,82.63666666666667,0.9895833333333334,,206.12983333333332
2023-09-21,31.93,21.17,95.8,54.75,2552.0,4.0,,0.254,20.56,21.55,21.55,24.0,23.971249999999998,81.52875,1.1075578703703703,,183.43645833333335
2023-09-22,30.29,21.22,94.1,54.93,2292.0,5.6611111111111105,55.0,0.0,20.5,22.82,22.82,24.0,24.1225,84.90125,1.1326157407407407,,148.78429166666666
2023-09-23,31.62,22.19,94.1,60.34,1950.0,5.111111111111111,216.0,1.016,21.13,22.29,22.29,24.0,23.7175,86.39708333333333,1.0296527777777778,,142.39416666666668
2023-09-24,31.74,20.95,96.2,55.8,1729.0,4.330555555555556,66.0,0.0,20.56,22.71,22.71,24.0,24.944166666666664,82.16,1.176388888888889,,216.07425
2023-09-25,37.11,20.77,95.0,48.99,2897.0,4.830555555555556,74.0,2.032,19.44,20.98,20.98,24.0,21.15625,90.43333333333334,0.7531018518518519,,48.48608333333333
2023-09-26,23.51,20.02,96.0,79.71,141.5,5.3500000000000005,267.0,11.18,19.5,20.17,20.17,24.0,22.875,92.15958333333333,1.0306712962962963,,111.25975
2023-09-27,28.79,20.18,96.7,73.03,964.0,8.799999999999999,219.0,15.24,21.98,22.61,22.61,24.0,22.894583333333333,89.30708333333332,1.251064814814815,,77.88850000000001
2023-09-28,27.89,18.75,96.9,65.1,471.5,6.65,208.0,17.27,12.85,18.76,18.76,24.0,19.435416666666665,73.36375,1.3225347222222221,,121.04870833333332
2023-09-29,23.65,17.23,92.0,58.25,884.0,5.911111111111111,211.0,0.254,16.33,17.71,17.71,24.0,18.8775,92.29583333333333,1.0127430555555554,,71.71645833333334
2023-09-30,21.73,17.15,95.8,79.94,348.3,6.361111111111111,252.0,10.67,18.07,19.05,19.05,24.0,19.85625,94.67916666666667,0.8928472222222222,,35.637
2023-10-01,21.6,18.82,96.1,88.1,85.2,4.419444444444444,216.0,6.096,19.68,20.32,20.32,24.0,20.144166666666667,89.13666666666667,1.0523726851851851,,81.81704166666667
2023-10-02,24.38,18.39,96.6,71.64,541.4,4.561111111111112,51.0,4.318,15.82,18.85,18.85,24.0,18.3175,83.79333333333334,0.7153703703703703,,42.70829166666667
2023-10-03,21.13,16.67,91.8,74.08,117.7,3.2888888888888888,207.0,0.0,14.44,16.71,16.71,24.0,18.682916666666667,83.45958333333333,0.9259837962962963,,83.22429166666667
2023-10-04,21.71,16.25,91.3,72.38,388.2,3.4,20.0,0.0,17.24,18.73,18.73,24.0,19.0225,95.54166666666667,1.4833564814814812,,17.878208333333333
2023-10-05,19.97,18.04,96.9,91.0,24.24,8.819444444444445,228.0,76.96,18.79,19.37,19.37,24.0,19.11,93.625,0.9083217592592593,,45.59733333333333
2023-10-06,20.79,17.58,96.5,82.5,136.4,3.619444444444444,44.0,6.604,16.92,17.71,17.71,24.0,19.83875,91.57708333333333,0.6874189814814815,,72.770375
2023-10-07,24.7,17.61,96.3,73.85,405.5,2.930555555555556,191.0,0.762,19.48,20.19,20.19,24.0,20.658333333333335,96.30416666666667,1.1645486111111112,,20.194125
2023-10-08,21.44,19.95,96.9,94.5,30.39,6.888888888888889,236.0,34.29,20.38,20.9,20.9,24.0,20.13625,96.49583333333334,1.0585763888888888,,23.70929166666667
2023-10-09,20.9,19.4,96.9,95.4,38.03,7.788888888888889,232.0,45.72,18.97,19.48,19.48,24.0,21.419583333333335,86.53375,1.2861111111111112,,142.43991666666668
2023-10-10,28.44,19.36,96.9,64.69,1476.0,5.488888888888889,125.0,0.254,17.51,19.47,19.47,24.0,21.430000000000003,81.87416666666667,1.0369328703703704,,149.182875
2023-10-11,26.48,18.66,92.4,62.71,1343.0,4.738888888888888,37.0,0.0,18.2,20.85,20.85,24.0,23.12875,80.64166666666667,1.3067592592592592,,249.44733333333332
2023-10-12,29.58,18.37,94.2,56.9,3538.0,6.261111111111111,232.0,0.508,20.56,21.53,21.53,24.0,19.4175,96.0,1.2587037037037037,,13.561875
2023-10-13,21.53,17.13,96.9,94.1,14.75,8.280555555555555,249.0,73.41,16.82,17.5,17.5,24.0,16.408333333333335,92.96249999999999,1.3650578703703704,,42.062916666666666
2023-10-14,17.47,15.63,95.9,89.0,111.3,4.488888888888889,239.0,5.842,15.19,16.31,16.31,24.0,17.634583333333335,90.73541666666667,0.8798726851851851,,72.45625
2023-10-15,21.23,15.76,94.2,74.68,349.4,4.0,,0.508,16.63,17.89,17.89,24.0,19.85291666666667,86.1475,1.218275462962963,,115.38158333333332
2023-10-16,23.85,17.13,98.8,67.19,796.3,5.038888888888889,18.0,0.0,18.35,19.41,19.41,24.0,20.652083333333334,93.42916666666667,1.0680555555555555,,70.01608333333333
2023-10-17,24.72,18.98,96.4,80.2,489.4,7.230555555555556,257.0,18.29,19.43,20.06,20.06,24.0,21.655416666666667,90.125,1.5546180555555555,,52.50541666666667
2023-10-18,24.23,19.26,96.2,80.8,143.2,10.45,235.0,1.27,18.32,19.79,19.79,24.0,20.452083333333334,74.90875,0.8392824074074073,,150.938125
2023-10-19,25.01,17.85,91.1,49.26,1350.0,4.488888888888889,18.0,0.0,15.71,17.91,17.91,24.0,18.034583333333334,90.9875,0.8246527777777777,,44.869458333333334
2023-10-20,20.18,17.24,95.4,83.9,128.8,3.9305555555555554,236.0,2.032,16.63,17.35,17.35,24.0,19.035416666666666,87.99916666666667,1.3160300925925925,,120.71404166666667
2023-10-21,23.09,16.22,96.2,71.04,1278.0,4.46111111111111,220.0,1.524,17.41,19.02,19.02,24.0,20.668333333333333,85.18916666666667,0.8280324074074074,,110.63408333333332
2023-10-22,25.29,18.05,94.8,65.82,787.8,4.6194444444444445,21.0,0.0,18.45,20.0,20.0,24.0,21.97666666666667,81.71958333333333,1.221111111111111,,159.68716666666668
2023-10-23,26.58,19.25,92.2,61.5,1664.0,5.45,38.0,0.0,19.35,21.51,21.51,24.0,22.930000000000003,83.595,1.0831134259259259,,159.94179166666666
2023-10-24,28.69,20.08,93.8,61.5,1868.0,5.680555555555555,15.0,0.0,19.62,21.72,21.72,24.0,25.213333333333335,80.57708333333333,1.0378703703703704,,182.01725
2023-10-25,32.77,21.33,94.2,57.06,2337.0,4.0,,0.0,19.85,22.37,22.37,24.0,21.732083333333335,82.7175,1.1566435185185184,,91.959
2023-10-26,25.01,18.78,93.2,63.65,640.0,4.8500000000000005,41.0,2.032,17.94,19.13,19.13,24.0,19.272916666666667,90.495,0.8429976851851851,,59.04716666666667
2023-10-27,21.97,17.92,94.7,77.08,222.0,3.7694444444444444,76.0,1.016,17.0,18.21,18.21,24.0,18.888333333333332,94.04166666666667,1.4382175925925926,,46.53208333333333
2023-10-28,21.33,17.32,95.6,90.7,132.1,7.699999999999999,38.0,3.302,19.76,21.33,21.33,24.0,21.048750000000002,95.425,1.5440277777777778,,20.882833333333334
2023-10-29,21.74,20.26,96.8,89.0,27.0,6.788888888888889,27.0,25.15,20.41,20.95,20.95,24.0,23.875416666666666,89.70458333333333,1.2611458333333332,,140.82862500000002
2023-10-30,31.38,20.53,96.7,68.2,1642.0,9.511111111111111,240.0,17.02,20.97,23.11,23.11,24.0,24.82375,85.65333333333332,1.1736458333333333,,158.718375
2023-10-31,31.25,21.96,96.2,57.25,1893.0,10.25,269.0,21.84,22.03,22.67,22.67,24.0,22.205416666666665,94.62083333333334,0.7960069444444443,,33.765208333333334
2023-11-01,23.93,20.42,96.6,91.3,72.99,4.6305555555555555,133.0,4.826,19.65,20.42,20.42,24.0,21.94666666666667,86.33,0.9885532407407407,,94.928375
2023-11-02,26.4,19.6,96.2,65.76,500.5,3.730555555555555,13.0,1.27,18.91,19.9,19.9,24.0,21.059166666666666,90.27166666666666,0.9554513888888888,,84.14283333333334
2023-11-03,24.88,19.24,95.7,74.09,462.8,3.738888888888889,31.0,6.35,19.72,20.67,20.67,24.0,21.753333333333334,90.08666666666666,1.5565509259259258,,60.232458333333334
2023-11-04,27.9,20.26,97.6,66.95,424.0,10.25,231.0,52.58,15.46,21.15,21.15,24.0,22.841250000000002,52.59791666666666,4.575277777777777,,339.2595416666667
2023-11-05,30.64,17.13,77.57,29.24,5900.0,12.669444444444444,239.0,0.0,11.61,19.14,19.14,24.0,20.8125,61.86166666666667,1.5332638888888888,,330.82775
2023-11-06,28.34,14.34,84.3,36.23,5537.0,5.061111111111111,87.0,0.0,14.2,17.55,17.55,24.0,20.581666666666667,74.45125,1.1138657407407406,,202.36166666666668
2023-11-07,27.31,15.36,91.4,53.61,2617.0,5.1611111111111105,80.0,0.0,16.06,19.78,19.78,24.0,22.65625,70.5975,1.5701041666666666,,294.7150833333333
2023-11-08,27.96,18.31,90.0,49.81,4876.0,6.1611111111111105,69.0,0.0,17.62,21.57,21.57,24.0,24.207916666666666,73.42791666666666,1.4928472222222222,,278.81395833333335
2023-11-09,30.09,20.43,86.7,54.6,4322.0,5.1,31.0,0.0,20.09,22.43,22.43,24.0,25.880416666666665,75.33125,1.2780555555555555,,195.1257916666667
2023-11-10,36.11,20.78,93.0,41.93,2234.0,6.419444444444444,243.0,0.0,20.94,23.12,23.12,24.0,22.291666666666668,89.8875,0.7285532407407408,,34.927375000000005
2023-11-11,23.9,20.54,95.7,80.7,73.29,3.011111111111111,17.0,0.762,21.42,22.15,22.15,24.0,25.452916666666667,85.2725,1.0687962962962962,,207.93970833333333
2023-11-12,31.35,21.83,96.1,64.95,2433.0,5.930555555555556,229.0,4.572,22.36,24.08,24.08,24.0,27.71083333333333,74.465,1.2518749999999998,,266.91825
2023-11-13,39.6,22.63,92.0,43.62,4033.0,4.588888888888889,54.0,0.0,21.85,23.96,23.96,24.0,25.02416666666667,87.68083333333334,1.0007754629629628,,95.12425
2023-11-14,30.95,23.22,96.1,64.41,815.0,4.980555555555555,207.0,11.18,23.61,24.25,24.25,24.0,24.14708333333333,91.72916666666667,1.7157638888888889,,59.97029166666667
2023-11-15,26.67,22.34,96.5,80.7,296.5,7.180555555555555,234.0,2.794,21.19,22.4,22.4,24.0,24.947916666666668,87.23916666666666,1.3161458333333333,,127.60837500000001
2023-11-16,29.08,21.34,95.9,71.26,983.0,6.969444444444444,226.0,0.762,23.71,24.92,24.92,24.0,24.302916666666665,92.41250000000001,1.3181134259259257,,45.1085
2023-11-17,26.94,22.67,95.6,77.54,127.3,7.511111111111111,237.0,12.7,21.86,22.71,22.71,24.0,23.221666666666668,93.33416666666666,1.1211805555555554,,54.221000000000004
2023-11-18,26.7,22.25,96.2,74.7,199.6,5.769444444444444,224.0,6.604,22.06,23.21,23.21,24.0,25.51375,89.03041666666667,1.331736111111111,,164.75062499999999
2023-11-19,33.53,22.73,96.5,69.64,2024.0,6.811111111111111,39.0,0.254,22.28,23.4,23.4,24.0,23.66208333333333,82.23416666666667,1.1552546296296298,,111.43479166666667
2023-11-20,28.66,20.64,94.8,57.88,724.9,5.930555555555556,210.0,2.032,19.49,21.91,21.91,24.0,22.525833333333335,84.54958333333333,1.0761458333333334,,122.80816666666665
2023-11-21,26.79,20.46,94.5,66.96,1069.0,4.411111111111111,5.0,0.762,19.87,21.0,21.0,24.0,25.04041666666667,79.78416666666668,1.3304398148148147,,280.20212499999997
2023-11-22,31.68,19.13,95.0,55.03,4050.0,5.249999999999999,48.0,0.0,23.05,25.22,25.22,24.0,26.40416666666667,87.165,1.0846527777777777,,150.89716666666666
2023-11-23,32.62,23.44,96.2,63.87,1744.0,8.319444444444445,256.0,20.07,23.06,23.69,23.69,24.0,23.43041666666667,92.91666666666667,0.7930902777777776,,36.75125
2023-11-24,24.86,21.85,96.3,80.9,83.4,5.5888888888888895,39.0,1.524,19.76,21.89,21.89,24.0,23.903333333333332,68.79625,0.9907523148148147,,298.04508333333337
2023-11-25,29.58,20.3,89.2,28.87,4720.0,5.219444444444444,65.0,0.0,18.66,21.15,21.15,24.0,22.402083333333334,76.94375000000001,1.1305092592592592,,187.23804166666665
2023-11-26,27.99,19.01,94.0,55.05,2119.0,4.199999999999999,57.0,0.0,17.75,20.46,20.46,24.0,21.875833333333333,85.41666666666667,0.8755439814814814,,98.61754166666667
2023-11-27,26.17,19.76,93.9,65.14,563.9,4.269444444444444,46.0,1.778,20.26,21.29,21.29,24.0,22.14708333333333,92.75,0.7904745370370371,,66.73954166666667
2023-11-28,25.27,20.6,96.1,76.73,277.0,2.9611111111111112,214.0,22.86,21.29,21.93,21.93,24.0,22.9325,94.96666666666665,0.9150925925925927,,55.48529166666666
2023-11-29,25.53,21.85,96.4,89.6,201.2,5.6499999999999995,239.0,19.05,21.41,22.09,22.09,24.0,25.719166666666666,83.64166666666667,1.2833217592592592,,262.850125
2023-11-30,32.23,21.68,96.1,61.51,3847.0,5.088888888888889,102.0,0.0,22.06,24.11,24.11,24.0,26.906666666666666,80.96208333333334,1.1368287037037037,,311.351375
2023-12-01,33.57,22.19,95.5,62.13,5128.0,5.219444444444444,81.0,0.0,22.26,24.88,24.88,24.0,26.737083333333334,79.21791666666667,1.0661805555555555,,153.10829166666667
2023-12-02,31.29,23.96,89.3,63.15,1291.0,5.6194444444444445,110.0,0.0,23.26,25.44,25.44,24.0,27.73625,81.93625,1.266689814814815,,230.320125
2023-12-03,32.75,24.48,92.0,66.23,2947.0,5.188888888888889,38.0,0.0,24.58,26.57,26.57,24.0,27.747083333333332,84.14874999999999,0.8982638888888889,,147.33154166666665
2023-12-04,32.74,26.07,91.7,67.62,1860.0,4.3805555555555555,10.0,0.0,24.28,26.36,26.36,24.0,26.635,84.73083333333334,0.9279398148148147,,147.98033333333333
2023-12-05,33.09,23.51,95.0,63.48,1932.0,4.480555555555555,212.0,7.366,21.59,23.53,23.53,24.0,23.496666666666666,93.72083333333335,1.6669097222222222,,66.55804166666667
2023-12-06,26.24,22.28,95.8,85.3,275.4,4.830555555555556,216.0,17.27,22.62,23.32,23.32,24.0,26.860416666666666,86.29625,1.3166087962962962,,212.99754166666665
2023-12-07,33.52,23.21,96.2,61.83,3111.0,4.819444444444445,74.0,11.43,24.95,26.5,26.5,24.0,29.047083333333333,77.92875,1.7170023148148148,,158.57625
2023-12-08,37.69,24.01,94.9,45.16,1571.0,17.430555555555554,226.0,1.524,23.13,24.03,24.03,24.0,23.200416666666666,84.595,1.1288773148148148,,65.21808333333333
2023-12-09,25.11,19.98,95.1,71.8,258.3,4.088888888888889,81.0,0.0,18.18,20.14,20.14,24.0,21.1475,86.93374999999999,1.1154050925925925,,74.98270833333333
2023-12-10,27.07,19.63,93.1,65.96,429.1,3.7,14.0,0.762,19.06,20.34,20.34,24.0,21.375,91.96249999999999,0.9302430555555555,,63.37291666666667
2023-12-11,23.51,19.75,95.3,84.3,230.0,5.6194444444444445,35.0,3.302,20.61,21.39,21.39,24.0,22.105416666666667,88.06124999999999,1.2905555555555555,,127.39995833333334
2023-12-12,26.18,20.3,95.9,66.21,1035.0,4.861111111111111,203.0,4.318,19.18,20.48,20.48,24.0,24.523333333333337,76.66125,1.409675925925926,,308.6487916666667
2023-12-13,31.22,19.89,93.8,52.29,5251.0,5.461111111111111,34.0,0.0,20.05,22.35,22.35,24.0,25.564166666666665,75.65083333333332,1.5843055555555556,,337.1025
2023-12-14,32.36,19.92,94.4,47.11,5664.0,7.711111111111111,63.0,0.0,21.88,24.88,24.88,24.0,27.535,73.97833333333334,1.4820023148148147,,327.347625
2023-12-15,33.52,22.6,91.6,49.18,5270.0,5.611111111111111,30.0,0.0,22.56,25.34,25.34,24.0,28.280833333333334,77.67625,1.4467592592592593,,301.08683333333335
2023-12-16,33.94,24.02,91.6,61.29,4865.0,5.8,69.0,0.0,23.88,29.52,26.74,24.0,28.701666666666668,77.43208333333332,0.9860648148148149,,258.9845833333333
2023-12-17,34.99,24.9,92.0,53.46,3709.0,5.288888888888889,62.0,0.0,23.84,25.77,25.77,24.0,28.136666666666667,80.10083333333334,1.0441435185185186,,153.57345833333332
2023-12-18,33.88,25.0,91.5,58.76,1408.0,4.8805555555555555,73.0,0.0,24.92,30.33,26.9,24.0,28.77541666666667,78.61041666666667,1.5119675925925924,,294.39883333333336
2023-12-19,33.97,25.9,91.5,59.41,4834.0,7.030555555555555,50.0,0.0,23.33,25.99,25.99,24.0,28.34375,74.07583333333334,1.359386574074074,,300.57941666666665
2023-12-20,33.6,24.35,92.3,53.39,4900.0,6.4111111111111105,7.0,1.524,23.14,24.46,24.46,24.0,26.985416666666666,76.44416666666667,1.2092592592592593,,262.1900416666667
2023-12-21,32.62,23.33,93.0,51.27,4197.0,6.738888888888889,48.0,0.254,21.23,23.45,23.45,24.0,26.91,77.41375000000001,1.589398148148148,,268.73608333333334
2023-12-22,34.11,22.72,93.5,45.95,4333.0,5.480555555555555,21.0,3.048,22.91,25.99,25.99,24.0,28.6825,74.28791666666667,1.3468171296296296,,311.18775
2023-12-23,36.73,23.17,93.5,46.42,5100.0,5.388888888888888,71.0,0.0,23.92,29.85,26.9,24.0,26.749583333333334,74.82333333333334,1.942534722222222,,137.96008333333333
2023-12-24,33.3,23.67,88.6,53.66,1071.0,10.86111111111111,234.0,0.0,22.28,24.76,24.76,24.0,27.721666666666668,78.59583333333333,1.4264583333333334,,241.62029166666665
2023-12-25,34.79,22.81,94.2,54.39,3558.0,11.649999999999999,251.0,12.95,23.0,23.99,23.99,24.0,28.530416666666667,78.28333333333333,1.2177199074074074,,252.88129166666667
2023-12-26,35.56,23.03,94.2,54.37,3407.0,4.280555555555556,76.0,0.0,24.57,32.25,27.95,24.0,28.154583333333335,63.33166666666667,1.3478819444444445,,342.4385
2023-12-27,34.1,24.28,87.0,32.4,5853.0,6.449999999999999,244.0,0.0,17.78,24.31,24.31,24.0,25.29375,64.71124999999999,1.0181828703703704,,151.29854166666667
2023-12-28,28.78,22.81,81.2,51.3,1239.0,4.561111111111112,77.0,0.0,19.72,23.58,23.58,24.0,27.01,72.00791666666667,1.7169560185185186,,339.9402083333333
2023-12-29,33.65,21.44,92.2,49.42,5696.0,7.280555555555556,88.0,0.0,22.12,25.01,25.01,24.0,29.884583333333335,65.14375,1.9526041666666665,,243.14987499999998
2023-12-30,38.59,22.94,92.5,37.54,3052.0,11.861111111111112,246.0,0.0,22.25,26.12,26.12,24.0,27.50208333333333,64.6125,1.378252314814815,,339.02120833333333
2023-12-31,32.4,23.47,84.6,40.85,5662.0,5.730555555555555,38.0,0.0,19.41,23.56,23.56,24.0,23.497083333333332,80.43791666666667,1.3099305555555556,,104.76150000000001
2024-01-01,27.86,21.38,91.6,63.81,780.5,4.8805555555555555,216.0,1.016,20.72,22.16,22.16,24.0,24.72375,81.81666666666666,1.6540162037037038,,165.21824999999998
2024-01-02,30.19,21.32,94.5,61.98,1869.0,6.111111111111111,71.0,1.524,21.5,24.7,24.7,24.0,26.544583333333335,75.44333333333333,1.6646759259259258,,280.13975
2024-01-03,33.04,22.17,92.7,51.28,4503.0,7.4,23.0,5.08,22.0,23.23,23.23,24.0,23.6125,89.33333333333333,1.165335648148148,,98.200125
2024-01-04,26.35,21.99,95.1,77.92,512.7,4.830555555555556,209.0,12.95,20.76,21.99,21.99,24.0,24.754583333333333,82.03458333333333,1.4673263888888888,,160.55854166666666
2024-01-05,31.75,21.42,94.8,57.19,1400.0,4.688888888888888,239.0,2.54,21.38,22.75,22.75,24.0,23.81833333333333,89.09208333333333,1.7045138888888889,,162.66941666666668
2024-01-06,28.1,22.03,94.3,73.75,1833.0,6.1194444444444445,233.0,19.05,21.88,22.85,22.85,24.0,25.712500000000002,83.38708333333334,1.3331250000000001,,204.888375
2024-01-07,31.65,22.33,95.3,55.5,2641.0,6.280555555555555,37.0,2.032,22.21,25.18,25.18,24.0,27.77125,75.76,1.587986111111111,,299.34075
2024-01-08,33.23,23.73,91.2,55.41,4805.0,6.85,48.0,0.0,23.43,26.55,26.55,24.0,29.56041666666667,76.84708333333333,1.5902893518518517,,322.0370833333333
2024-01-09,35.95,22.54,94.1,58.49,5210.0,16.330555555555556,238.0,13.97,22.11,23.11,23.11,24.0,28.092083333333335,76.52958333333333,1.93912037037037,,291.06
2024-01-10,37.8,22.88,94.2,48.35,4981.0,8.269444444444444,237.0,0.254,22.88,25.95,25.95,24.0,29.199583333333333,76.05791666666666,1.4988078703703704,,308.9002083333333
2024-01-11,36.48,24.36,91.5,53.72,4880.0,6.819444444444445,73.0,0.508,25.18,32.68,27.93,24.0,29.16125,82.16666666666667,1.6249884259259257,,241.98729166666666
2024-01-12,37.21,24.0,95.5,58.05,3640.0,12.0,219.0,47.75,23.93,24.85,24.85,24.0,25.152916666666666,85.33541666666667,1.3561689814814815,,59.48904166666667
2024-01-13,28.1,22.19,94.5,69.65,230.6,6.1,258.0,2.54,21.3,22.31,22.31,24.0,23.144583333333333,87.79041666666666,1.3155092592592592,,90.77558333333333
2024-01-14,26.48,21.64,94.8,67.14,438.5,4.280555555555556,242.0,1.016,20.2,22.01,22.01,24.0,26.944999999999997,75.54125,1.253587962962963,,337.1338333333333
2024-01-15,35.23,21.65,92.1,49.79,5674.0,4.961111111111111,47.0,0.0,23.3,26.02,26.02,24.0,27.720416666666665,82.35416666666667,1.415960648148148,,188.26745833333334
2024-01-16,34.54,24.7,93.0,60.88,2684.0,6.311111111111111,28.0,1.27,24.31,25.52,25.52,24.0,28.91125,81.745,1.302361111111111,,285.71429166666667
2024-01-17,37.55,24.01,94.3,52.83,4863.0,5.330555555555556,281.0,3.048,25.61,30.15,26.68,24.0,27.89833333333333,83.25208333333333,1.6868287037037035,,154.95012499999999
2024-01-18,34.19,25.82,94.7,58.46,1561.0,6.711111111111111,212.0,0.508,24.55,26.22,26.22,24.0,26.421666666666667,89.86375,0.8825694444444444,,62.97804166666666
2024-01-19,30.14,24.55,94.8,74.38,228.8,3.3805555555555555,27.0,7.112,24.6,25.54,25.54,24.0,28.75375,84.31375,1.248726851851852,,281.3375416666667
2024-01-20,36.83,25.0,95.0,59.39,4686.0,5.011111111111111,17.0,7.366,25.71,31.66,27.27,24.0,28.946250000000003,82.49166666666666,1.186423611111111,,214.470625
2024-01-21,37.78,24.29,94.4,45.86,3388.0,5.738888888888889,260.0,11.43,24.01,25.04,25.04,24.0,26.014583333333334,82.97625000000001,1.5236805555555557,,162.82745833333334
2024-01-22,31.22,23.28,94.8,64.71,1671.0,5.430555555555555,207.0,0.254,20.84,23.3,23.3,24.0,22.386666666666667,93.0,1.2627777777777778,,54.328333333333326
2024-01-23,24.6,20.78,96.1,84.1,196.3,5.1499999999999995,256.0,99.8,20.51,21.33,21.33,24.0,21.5175,92.41666666666667,1.5822916666666667,,74.32620833333333
2024-01-24,23.48,20.05,95.9,78.02,377.4,6.319444444444445,248.0,47.75,19.47,20.78,20.78,24.0,20.937083333333334,92.67916666666667,1.8853819444444444,,69.32958333333333
2024-01-25,23.83,19.93,95.0,83.3,304.3,5.069444444444445,230.0,40.39,19.22,20.32,20.32,24.0,21.67375,86.04625,1.8787615740740742,,95.88320833333334
2024-01-26,27.65,18.98,94.1,59.63,480.5,7.138888888888888,231.0,7.874,18.37,19.5,19.5,24.0,20.92833333333333,89.50625000000001,1.989988425925926,,101.45045833333334
2024-01-27,26.61,19.02,94.5,70.42,750.8,6.388888888888888,234.0,20.32,18.46,19.51,19.51,24.0,23.284583333333334,85.04208333333334,1.5450810185185186,,205.70337500000002
2024-01-28,30.16,19.43,94.8,60.48,2835.0,5.5,232.0,13.72,20.88,21.83,21.83,24.0,23.425833333333333,87.10791666666667,1.3435416666666666,,189.716125
2024-01-29,31.09,20.76,94.8,62.63,2854.0,6.65,59.0,18.8,19.72,21.07,21.07,24.0,24.349166666666665,83.67166666666667,1.182222222222222,,236.03691666666666
2024-01-30,32.53,20.38,94.4,53.55,3573.0,8.11111111111111,20.0,7.62,21.18,22.7,22.7,24.0,26.606666666666666,80.27791666666667,1.1536111111111111,,319.94987499999996
2024-01-31,34.33,20.9,94.5,54.84,5247.0,5.911111111111111,14.0,0.0,23.87,25.76,25.76,24.0,27.064166666666665,82.75458333333333,0.937662037037037,,141.534125
2024-02-01,31.91,24.27,92.5,66.83,1286.0,4.488888888888889,28.0,0.0,22.89,25.08,25.08,24.0,26.492500000000003,81.64041666666667,1.2422222222222221,,143.73829166666667
2024-02-02,31.77,23.79,93.5,62.73,1631.0,4.561111111111112,67.0,0.0,22.58,24.7,24.7,24.0,25.0825,84.08125,1.1276273148148148,,80.06708333333333
2024-02-03,28.29,23.04,93.0,68.62,385.1,5.05,231.0,0.254,21.02,23.17,23.17,24.0,27.02625,75.99458333333332,1.2360879629629629,,297.85325
2024-02-04,33.37,22.15,93.1,51.43,4756.0,5.1194444444444445,65.0,0.0,22.97,25.79,25.79,24.0,28.094166666666666,78.13708333333334,1.2991666666666666,,230.94383333333334
2024-02-05,35.53,23.24,92.7,51.59,3582.0,5.530555555555556,23.0,0.0,23.63,26.21,26.21,24.0,28.757499999999997,77.06791666666668,1.284849537037037,,297.19
2024-02-06,35.79,23.09,90.5,52.25,4816.0,4.430555555555555,51.0,0.0,24.73,30.08,26.83,24.0,29.157916666666665,77.48833333333333,1.313900462962963,,253.30050000000003
2024-02-07,35.45,24.86,94.0,47.02,3757.0,4.980555555555555,20.0,0.0,24.3,30.47,27.12,24.0,29.87,73.59625,1.22625,,288.25808333333333
2024-02-08,36.04,25.72,90.4,47.41,4389.0,6.038888888888888,70.0,0.0,24.27,30.94,27.37,24.0,29.744583333333335,73.70666666666666,1.3654166666666665,,291.1195833333333
2024-02-09,36.3,25.92,89.5,45.95,4779.0,5.1,20.0,0.0,24.31,31.75,27.78,24.0,29.653333333333332,74.49291666666666,1.6445254629629629,,287.79791666666665
2024-02-10,35.55,25.2,91.9,50.16,4669.0,6.769444444444445,40.0,0.0,24.68,32.31,27.94,24.0,29.871666666666666,75.96541666666667,1.5649305555555555,,278.21662499999996
2024-02-11,35.5,26.55,92.1,53.04,4565.0,6.3694444444444445,80.0,0.762,25.11,26.59,26.59,24.0,29.35166666666667,76.51083333333334,1.2651157407407407,,239.10475
2024-02-12,35.78,25.09,92.6,49.46,3552.0,4.788888888888889,70.0,0.254,24.24,30.04,26.92,24.0,30.408749999999998,75.30875,1.2276157407407406,,303.79091666666665
2024-02-13,37.46,24.83,93.6,52.21,4737.0,5.169444444444444,96.0,0.0,25.82,36.79,29.77,24.0,30.675,75.085,1.524861111111111,,202.34699999999998
2024-02-14,41.79,25.25,93.8,35.82,3090.0,8.411111111111111,258.0,18.8,24.99,26.38,26.38,24.0,23.311666666666667,92.87083333333334,1.9465972222222223,,45.22991666666667
2024-02-15,26.48,20.76,94.6,86.9,114.9,6.038888888888888,210.0,44.45,19.28,21.28,21.28,24.0,22.732916666666668,87.03500000000001,1.5390393518518517,,100.36083333333333
2024-02-16,26.48,20.28,94.1,67.04,578.8,4.480555555555555,266.0,2.032,20.89,22.11,22.11,24.0,23.66541666666667,86.18458333333332,1.1289699074074073,,96.87591666666667
2024-02-17,29.64,21.08,94.4,62.1,913.0,4.669444444444444,213.0,4.318,21.63,22.64,22.64,24.0,25.04041666666667,86.17166666666667,1.171111111111111,,122.17120833333333
2024-02-18,30.03,22.09,94.8,68.25,832.0,3.6,231.0,0.508,23.32,25.2,25.2,24.0,25.549166666666665,89.375,1.1867824074074074,,122.29008333333333
2024-02-19,32.54,23.69,95.1,64.22,1350.0,4.780555555555556,238.0,22.61,23.22,24.61,24.61,24.0,27.192916666666665,79.32958333333333,1.1794444444444443,,253.69408333333334
2024-02-20,34.25,22.94,95.2,50.88,3965.0,4.6194444444444445,109.0,0.254,23.27,25.33,25.33,24.0,25.370833333333334,85.61166666666666,1.0666319444444443,,94.87791666666668
2024-02-21,29.79,23.8,93.7,64.11,595.4,3.961111111111111,210.0,1.016,22.72,23.8,23.8,24.0,23.93166666666667,87.73458333333333,1.5032754629629628,,80.97366666666666
2024-02-22,28.94,22.24,95.2,65.88,414.0,5.319444444444444,28.0,18.8,21.75,23.37,23.37,24.0,25.715416666666666,85.24875,1.0781597222222221,,133.55529166666665
2024-02-23,31.48,22.65,94.9,65.78,1091.0,4.111111111111112,228.0,2.286,23.55,25.24,25.24,24.0,27.675416666666667,81.86916666666667,1.3055555555555556,,236.92624999999998
2024-02-24,35.58,23.54,94.8,56.15,3851.0,4.661111111111111,30.0,0.0,23.26,25.1,25.1,24.0,27.2975,85.59666666666668,1.473425925925926,,200.21283333333335
2024-02-25,36.64,24.08,96.4,54.42,3070.0,10.261111111111111,223.0,154.7,24.16,24.75,24.75,24.0,24.901666666666667,95.55416666666667,1.2673032407407407,,41.021166666666666
2024-02-26,26.69,23.94,96.5,93.6,118.6,5.1611111111111105,242.0,76.71,23.48,24.29,24.29,24.0,25.72791666666667,91.175,1.0144791666666666,,87.39025
2024-02-27,29.73,24.24,95.7,75.06,452.0,4.930555555555555,49.0,5.08,23.57,24.49,24.49,24.0,26.724166666666665,88.42666666666666,1.0818287037037038,,120.585875
2024-02-28,33.39,23.88,95.7,62.58,976.0,3.561111111111111,15.0,1.524,25.25,26.3,26.3,24.0,28.79041666666667,81.845,1.0073263888888888,,227.69875000000002
2024-02-29,36.05,25.43,95.0,54.39,3345.0,4.8388888888888895,61.0,0.0,24.66,31.12,27.34,24.0,27.385833333333334,85.73875,1.316724537037037,,191.91487500000002
2024-03-01,34.88,23.51,95.1,55.86,2747.0,10.230555555555554,267.0,28.45,23.96,24.79,24.79,24.0,27.230416666666667,84.84083333333334,1.4720717592592594,,210.38875
2024-03-02,32.81,24.45,95.2,64.28,2788.0,5.6611111111111105,236.0,0.508,23.8,25.13,25.13,24.0,27.2825,80.0225,1.419976851851852,,250.3033333333333
2024-03-03,33.18,23.34,94.3,56.27,3934.0,6.388888888888888,36.0,2.032,22.04,25.49,25.49,24.0,27.995833333333334,75.18666666666667,1.3988078703703704,,277.03416666666664
2024-03-04,34.53,22.69,92.3,53.0,4038.0,4.55,212.0,0.0,23.6,26.19,26.19,24.0,27.21625,82.69583333333334,1.2990277777777777,,147.88004166666667
2024-03-05,33.36,23.43,93.3,61.24,1509.0,3.95,219.0,7.112,22.26,23.67,23.67,24.0,22.687083333333334,90.72083333333335,1.6563888888888887,,37.070375
2024-03-06,24.58,20.94,94.8,80.2,92.0,5.388888888888888,235.0,13.72,20.11,20.99,20.99,24.0,21.977500000000003,90.64166666666667,1.3405324074074072,,58.53825
2024-03-07,23.98,20.38,94.8,83.5,189.8,3.738888888888889,231.0,1.016,20.94,21.98,21.98,24.0,25.074166666666667,85.72875,1.0858680555555555,,154.04516666666666
2024-03-08,30.56,21.65,95.3,65.98,1412.0,5.669444444444444,5.0,7.874,23.16,24.12,24.12,24.0,24.777083333333334,93.25416666666666,1.0476273148148147,,46.969833333333334
2024-03-09,28.16,23.51,95.3,82.1,182.5,6.488888888888889,22.0,19.81,23.49,24.33,24.33,24.0,27.04875,86.22833333333334,2.1669560185185186,,200.48412499999998
2024-03-10,33.76,23.54,95.7,63.53,2511.0,7.288888888888888,231.0,4.318,24.91,26.44,26.44,24.0,28.272916666666664,80.96166666666666,1.2534375,,242.394125
2024-03-11,35.6,24.52,94.6,56.87,3565.0,5.369444444444444,65.0,1.524,23.55,25.94,25.94,24.0,26.6925,76.5275,1.035162037037037,,185.95000000000002
2024-03-12,33.06,23.24,89.6,52.07,2315.0,5.4,21.0,0.0,21.62,24.45,24.45,24.0,26.638333333333335,74.8225,1.3753356481481482,,244.94541666666666
2024-03-13,32.41,22.65,92.8,51.7,3864.0,5.6499999999999995,24.0,0.0,21.1,25.54,25.54,24.0,27.237916666666667,74.60458333333334,1.4493634259259258,,275.6408333333333
2024-03-14,33.62,21.88,92.5,46.05,4102.0,5.8805555555555555,58.0,0.0,23.42,26.22,26.22,24.0,28.34166666666667,78.03416666666666,1.3241087962962963,,244.77891666666667
2024-03-15,34.38,24.34,91.1,54.96,3492.0,5.361111111111112,20.0,0.0,24.66,31.19,27.37,24.0,29.23,82.15124999999999,1.0519907407407407,,190.02183333333335
2024-03-16,35.55,25.92,93.9,59.94,2298.0,4.138888888888889,66.0,0.0,25.92,33.27,27.91,24.0,29.125416666666666,85.00166666666667,1.1430324074074074,,184.16129166666667
2024-03-17,35.58,24.58,94.5,63.37,2487.0,10.969444444444445,321.0,21.84,24.49,25.45,25.45,24.0,27.504166666666666,87.70583333333333,1.1346643518518518,,153.5415
2024-03-18,35.64,24.75,94.5,62.25,1778.0,4.488888888888889,207.0,9.4,24.58,25.63,25.63,24.0,27.65041666666667,85.18708333333333,0.9503472222222222,,127.91425
2024-03-19,32.89,24.88,94.8,64.4,1018.0,3.261111111111111,47.0,4.572,25.38,31.41,27.26,24.0,28.77,83.26208333333334,1.0709143518518518,,150.19058333333334
2024-03-20,35.43,25.92,93.6,52.98,1676.0,4.438888888888889,224.0,0.0,26.11,33.69,28.02,24.0,29.309166666666666,84.18208333333334,1.0183449074074074,,173.975
2024-03-21,35.05,26.14,94.5,63.07,2162.0,4.211111111111111,47.0,10.41,26.29,35.24,28.66,24.0,29.559583333333332,80.01458333333333,1.4501736111111112,,173.19345833333333
2024-03-22,40.59,25.6,93.9,41.62,2269.0,11.869444444444444,198.0,0.254,22.09,25.74,25.74,24.0,24.93541666666667,70.09041666666667,1.3519328703703704,,165.26883333333333
2024-03-23,30.6,19.81,91.2,46.69,1874.0,4.830555555555556,186.0,2.286,18.56,20.27,20.27,24.0,22.1275,84.61833333333333,1.295300925925926,,96.44183333333332
2024-03-24,27.16,19.66,92.9,66.88,689.1,5.038888888888889,231.0,3.048,19.46,20.62,20.62,24.0,23.24291666666667,86.81791666666668,1.3852314814814815,,114.76291666666667
2024-03-25,29.73,20.22,94.6,65.38,977.0,4.038888888888889,239.0,2.54,21.16,22.37,22.37,24.0,25.8175,80.28208333333333,1.14625,,214.08091666666667
2024-03-26,33.53,21.33,94.6,52.46,3003.0,3.95,51.0,0.254,21.71,24.81,24.81,24.0,25.317916666666665,77.00583333333334,0.8782175925925926,,120.90833333333335
2024-03-27,29.93,22.95,89.2,53.05,1082.0,4.961111111111111,215.0,0.254,20.88,23.13,23.13,24.0,25.205833333333334,76.01458333333333,1.5219560185185186,,203.92583333333334
2024-03-28,31.15,21.22,93.6,49.38,2626.0,5.138888888888888,51.0,0.0,19.59,23.91,23.91,24.0,25.50916666666667,75.31333333333333,1.387951388888889,,246.23749999999998
2024-03-29,32.12,19.92,92.8,50.51,3378.0,5.180555555555555,21.0,0.0,21.81,24.66,24.66,24.0,25.932916666666667,79.53666666666668,1.2035532407407408,,188.63850000000002
2024-03-30,33.08,21.56,94.1,51.57,2397.0,4.811111111111111,66.0,0.0,22.04,23.8,23.8,24.0,26.793333333333333,78.25166666666667,1.1570601851851852,,231.645625
2024-03-31,33.68,22.37,93.6,53.05,3134.0,5.238888888888889,28.0,0.0,22.79,25.35,25.35,24.0,27.376666666666665,79.88958333333333,1.2080208333333333,,226.49754166666665
2024-04-01,34.22,22.95,93.6,55.21,3066.0,4.580555555555555,30.0,0.0,23.38,25.08,25.08,24.0,26.503333333333334,82.365,1.1616203703703702,,130.669125
2024-04-02,32.26,24.15,93.3,60.39,1271.0,5.238888888888889,8.0,0.0,22.88,25.29,25.29,24.0,27.547083333333333,77.66916666666667,1.1390162037037037,,224.49883333333332
2024-04-03,36.38,23.37,93.0,49.61,2928.0,4.930555555555555,26.0,0.0,21.4,25.06,25.06,24.0,25.758750000000003,81.95333333333333,0.8476851851851852,,73.61345833333333
2024-04-04,29.28,24.24,93.8,65.92,381.0,3.3388888888888886,57.0,1.016,23.93,25.01,25.01,24.0,28.216250000000002,80.66791666666667,1.0142939814814815,,185.94654166666666
2024-04-05,36.21,24.72,94.0,53.46,2115.0,3.838888888888889,26.0,0.254,24.18,30.09,26.96,24.0,27.45125,81.9525,1.049247685185185,,136.46170833333335
2024-04-06,34.38,22.72,93.9,56.19,1435.0,4.569444444444444,337.0,10.16,21.6,22.81,22.81,24.0,22.885833333333334,82.0425,1.3552546296296297,,38.46566666666667
2024-04-07,25.22,21.32,92.6,69.78,84.6,4.8805555555555555,193.0,0.254,19.76,21.63,21.63,24.0,23.510416666666668,85.86208333333333,1.124826388888889,,74.6415
2024-04-08,27.38,21.15,92.0,73.43,323.9,4.75,27.0,0.508,21.37,23.66,23.66,24.0,23.944999999999997,90.3625,1.1928356481481481,,49.331916666666665
2024-04-09,27.2,22.9,94.5,78.64,256.1,4.680555555555556,33.0,4.064,22.01,22.93,22.93,24.0,25.594166666666666,84.5725,0.942974537037037,,171.7988333333333
2024-04-10,32.87,22.29,95.2,56.2,2082.0,3.7,18.0,0.0,22.2,23.45,23.45,24.0,26.273750000000003,81.08041666666666,0.9521643518518519,,196.10695833333332
2024-04-11,33.09,22.13,94.7,55.0,2461.0,4.669444444444444,20.0,0.0,23.36,25.01,25.01,24.0,25.423333333333332,84.20625,1.0908796296296297,,75.20654166666667
2024-04-12,29.36,22.92,93.7,68.03,404.8,3.819444444444444,206.0,4.318,21.84,22.93,22.93,24.0,24.277916666666666,92.17083333333333,1.1662037037037036,,72.03333333333333
2024-04-13,28.33,22.73,95.0,79.96,565.0,5.569444444444445,327.0,24.38,22.86,23.83,23.83,24.0,24.3875,93.75416666666666,1.3084722222222223,,55.05291666666667
2024-04-14,26.05,23.5,94.9,88.4,215.8,5.138888888888888,43.0,40.13,23.44,24.49,24.49,24.0,24.12,93.64583333333333,1.0246412037037038,,32.75320833333333
2024-04-15,25.31,23.0,95.6,90.3,92.1,4.830555555555556,50.0,50.8,23.14,24.05,24.05,24.0,24.618333333333336,92.19583333333333,1.3426273148148147,,48.52220833333334
2024-04-16,27.2,23.48,95.5,82.2,154.9,6.080555555555556,72.0,58.67,22.71,23.61,23.61,24.0,25.115416666666665,91.39999999999999,1.088125,,52.89241666666666
2024-04-17,28.77,23.58,95.2,77.72,198.0,4.411111111111111,28.0,12.7,23.8,24.63,24.63,24.0,25.195833333333336,84.9375,1.4220601851851853,,149.17916666666667
2024-04-18,31.25,21.37,95.2,52.47,1626.0,7.25,225.0,0.254,18.72,21.45,21.45,24.0,22.8025,65.46124999999999,1.6410648148148148,,229.11566666666667
2024-04-19,30.58,17.18,93.6,28.57,2961.0,4.969444444444444,232.0,0.0,15.24,18.31,18.31,24.0,21.617500000000003,73.91791666666667,1.331574074074074,,215.66250000000002
2024-04-20,29.77,15.19,91.7,44.29,2695.0,5.180555555555555,359.0,0.0,18.04,20.61,20.61,24.0,22.875,75.9275,1.3381712962962962,,212.46562500000002
2024-04-21,30.1,17.09,93.9,44.02,2703.0,6.25,71.0,0.0,19.37,22.25,22.25,24.0,23.745,76.48875,1.1067708333333333,,214.83041666666668
2024-04-22,30.43,18.5,93.8,47.96,2672.0,4.769444444444445,65.0,0.0,19.1,20.54,20.54,24.0,23.127499999999998,82.7775,1.2397685185185185,,191.61870833333333
2024-04-23,30.18,17.81,95.1,56.6,2289.0,4.199999999999999,228.0,0.0,20.59,21.91,21.91,24.0,25.12125,84.73791666666666,0.9991666666666666,,131.05283333333333
2024-04-24,31.59,21.19,94.3,60.63,1391.0,4.469444444444444,264.0,0.0,23.28,24.79,24.79,24.0,25.72375,80.39791666666666,1.1843171296296295,,120.94620833333333
2024-04-25,33.84,22.73,92.6,52.76,1215.0,4.05,213.0,0.0,21.46,22.83,22.83,24.0,21.09958333333333,89.40249999999999,0.8275,,28.61375
2024-04-26,22.85,19.92,94.8,65.51,54.95,2.680555555555556,252.0,6.35,19.25,20.11,20.11,24.0,22.8275,88.34833333333334,1.3069791666666666,,87.45920833333332
2024-04-27,28.1,19.92,95.3,72.21,592.3,4.819444444444445,34.0,1.016,22.02,23.78,23.78,24.0,26.669583333333335,82.2225,1.1770717592592592,,191.02320833333332
2024-04-28,33.07,22.53,94.3,60.63,2162.0,4.330555555555556,9.0,0.0,23.95,25.44,25.44,24.0,23.492499999999996,91.99166666666667,0.9099652777777778,,26.115375
2024-04-29,26.9,20.64,95.6,77.23,62.55,5.6305555555555555,228.0,59.94,20.02,20.76,20.76,24.0,23.122500000000002,92.19166666666666,1.009849537037037,,65.27425000000001
2024-04-30,28.15,20.39,95.9,76.19,266.6,3.1,251.0,26.92,23.28,24.11,24.11,24.0,25.873333333333335,86.59750000000001,0.8243865740740741,,95.419625
2024-05-01,32.23,22.94,95.7,56.79,665.9,3.661111111111111,216.0,0.254,21.95,22.94,22.94,24.0,25.885,86.34333333333332,0.8390624999999999,,166.37804166666666
2024-05-02,33.54,22.25,95.1,65.31,1824.0,3.05,56.0,0.0,22.58,24.2,24.2,24.0,25.85875,83.72041666666667,1.1763078703703702,,103.96429166666667
2024-05-03,36.47,23.07,93.1,54.57,895.0,7.8805555555555555,210.0,0.0,20.17,24.34,24.34,24.0,24.140416666666667,82.87083333333334,1.1825231481481482,,58.50633333333334
2024-05-04,27.65,22.59,93.7,71.71,260.5,5.411111111111111,233.0,0.508,21.59,22.65,22.65,24.0,25.265416666666667,85.82,0.8415162037037036,,140.939625
2024-05-05,31.85,21.77,95.1,61.97,1351.0,4.111111111111112,233.0,1.524,23.27,24.52,24.52,24.0,26.165833333333335,86.12,0.9128703703703703,,157.87995833333332
2024-05-06,33.06,22.93,95.6,61.55,1710.0,3.9888888888888885,36.0,0.254,23.85,25.47,25.47,24.0,26.75916666666667,84.70833333333333,1.0631828703703703,,160.78045833333334
2024-05-07,32.03,24.54,93.3,65.51,1748.0,4.361111111111111,47.0,0.0,23.58,25.31,25.31,24.0,27.005416666666665,83.39666666666666,1.128263888888889,,174.782875
2024-05-08,33.27,23.45,93.6,56.35,1853.0,4.169444444444444,18.0,0.0,24.08,25.34,25.34,24.0,28.78125,77.3975,1.2198842592592591,,164.49224999999998
2024-05-09,36.61,23.95,95.2,48.43,1716.0,3.7805555555555554,36.0,0.0,23.85,29.91,26.95,24.0,24.03833333333333,81.81375,1.092337962962963,,28.079916666666666
2024-05-10,28.55,19.84,93.5,64.43,50.66,5.061111111111111,211.0,3.048,18.82,19.88,19.88,24.0,21.53833333333333,90.19749999999999,1.0208796296296296,,70.66725
2024-05-11,26.22,18.8,94.8,75.45,403.4,3.411111111111111,27.0,0.762,21.24,22.21,22.21,24.0,25.26875,85.89416666666666,1.1363078703703704,,131.339875
2024-05-12,32.0,21.98,94.4,62.69,1262.0,3.5888888888888886,38.0,0.0,22.16,23.91,23.91,24.0,25.992500000000003,84.51458333333333,0.9327430555555556,,133.48375000000001
2024-05-13,32.24,23.27,93.5,63.54,1266.0,4.138888888888889,39.0,0.0,21.82,26.09,26.09,24.0,25.06958333333333,76.23208333333334,1.3873958333333334,,76.63720833333333
2024-05-14,31.4,18.01,93.7,54.42,495.5,7.46111111111111,265.0,13.97,16.9,18.01,18.01,24.0,16.862916666666667,92.79166666666667,1.0633217592592592,,30.658916666666666
2024-05-15,18.02,15.89,95.9,90.5,60.03,4.1,233.0,14.48,15.64,16.61,16.61,24.0,17.758333333333333,87.12374999999999,0.7438888888888888,,48.045500000000004
2024-05-16,20.79,15.49,94.4,73.31,181.6,3.2694444444444444,237.0,1.27,16.21,18.03,18.03,24.0,20.175416666666667,87.79124999999999,0.7816435185185185,,67.15762500000001
2024-05-17,24.51,17.22,93.8,72.53,410.4,3.05,208.0,0.0,18.95,20.2,20.2,24.0,20.267500000000002,91.70416666666667,0.9956365740740741,,26.843666666666667
2024-05-18,22.68,18.47,94.8,86.3,43.69,3.561111111111111,216.0,1.016,17.6,18.47,18.47,24.0,17.091666666666665,94.0125,0.8724537037037038,,25.171333333333333
2024-05-19,18.51,15.3,95.1,90.6,49.12,5.211111111111111,223.0,29.21,14.51,15.3,15.3,24.0,17.100833333333334,93.6375,1.1472337962962962,,29.183374999999998
2024-05-20,19.44,15.2,98.8,87.7,60.04,5.111111111111111,235.0,16.0,17.15,18.13,18.13,24.0,19.92833333333333,79.99166666666666,1.6193287037037036,,176.05724999999998
2024-05-21,27.33,16.49,94.5,53.81,1926.0,6.661111111111111,221.0,0.0,15.35,17.01,17.01,24.0,19.390833333333333,84.96791666666667,0.9664351851851851,,77.87
2024-05-22,24.61,15.12,92.9,65.9,435.4,3.311111111111111,205.0,0.0,18.87,20.58,20.58,24.0,22.577083333333334,84.29291666666667,0.8987037037037037,,111.39504166666667
2024-05-23,28.55,19.72,92.7,63.46,929.0,3.4305555555555554,206.0,0.0,20.71,22.29,22.29,24.0,23.985,85.795,1.0435416666666666,,117.59137500000001
2024-05-24,29.86,21.31,94.4,66.98,1082.0,5.3,220.0,0.0,21.19,22.11,22.11,24.0,22.44666666666667,86.53833333333334,2.3410648148148145,,31.616625
2024-05-25,26.62,20.15,94.6,70.87,84.2,9.230555555555554,264.0,13.46,16.5,20.27,20.27,24.0,18.874583333333334,72.75125,1.6766666666666667,,137.02229166666666
2024-05-26,23.11,15.38,83.8,53.47,1370.0,6.388888888888888,232.0,0.0,13.61,16.7,16.7,24.0,16.665,79.58,1.114849537037037,,32.344500000000004
2024-05-27,18.74,15.12,94.4,61.12,72.71,6.419444444444444,245.0,1.016,14.44,15.34,15.34,24.0,17.743333333333336,95.18333333333334,1.2966087962962962,,18.184458333333335
2024-05-28,20.04,15.32,95.8,94.2,27.97,3.861111111111111,97.0,44.96,17.57,18.26,18.26,24.0,18.31,66.20833333333333,3.333680555555555,,171.71624999999997
2024-05-29,24.01,14.72,96.0,40.8,1829.0,10.919444444444444,233.0,0.254,8.69,15.09,15.09,24.0,18.006249999999998,65.66416666666667,1.8854513888888889,,167.059125
2024-05-30,26.23,12.6,88.6,41.95,1749.0,7.6499999999999995,232.0,0.0,12.47,14.31,14.31,24.0,17.605,74.99833333333333,1.2052430555555556,,164.155125
2024-05-31,25.44,12.48,91.6,46.21,1690.0,3.5194444444444444,21.0,0.0,12.73,14.49,14.49,24.0,17.37333333333333,80.76375,1.1214930555555556,,155.43420833333332
2024-06-01,24.76,12.49,93.8,54.86,1603.0,3.7194444444444446,24.0,0.0,14.06,16.2,16.2,24.0,19.415,83.38791666666667,1.1314351851851852,,103.341
2024-06-02,26.7,15.62,93.6,59.6,852.0,4.138888888888889,208.0,0.0,17.53,18.56,18.56,24.0,20.62375,85.23375,1.0750694444444444,,152.86908333333332
2024-06-03,27.54,16.24,95.8,61.27,1501.0,3.5388888888888888,20.0,0.0,17.64,18.63,18.63,24.0,20.132916666666667,83.66083333333334,0.9700347222222222,,137.84020833333332
2024-06-04,28.41,16.73,95.7,57.76,1331.0,3.961111111111111,161.0,0.0,13.2,16.73,16.73,24.0,17.31833333333333,74.69166666666666,0.911574074074074,,44.155458333333335
2024-06-05,19.46,16.36,87.1,62.8,132.0,3.6305555555555555,241.0,0.0,14.31,16.44,16.44,24.0,19.6275,80.87416666666667,1.086273148148148,,141.55345833333334
2024-06-06,26.1,15.81,94.2,55.41,1363.0,5.419444444444445,33.0,0.0,16.48,17.41,17.41,9.0,17.592222222222222,93.46666666666667,1.2297839506172838,,1.781222222222222
2024-06-07,28.93,17.08,94.6,58.8,1066.0,3.411111111111111,230.0,0.0,18.65,19.56,19.56,,,,,,
2024-06-08,30.54,16.79,95.9,49.55,1390.0,3.1305555555555555,222.0,0.0,18.86,19.59,19.59,,,,,,
2024-06-09,26.16,17.89,96.0,67.25,1132.0,3.138888888888889,36.0,0.0,18.9,20.42,20.42,,,,,,
2024-06-10,26.27,18.55,94.7,67.61,978.0,3.7611111111111106,63.0,0.0,17.72,18.57,18.57,,,,,,
2024-06-11,33.53,16.9,97.1,47.3,1349.0,4.661111111111111,215.0,0.0,20.43,22.5,22.5,,,,,,
2024-06-12,29.46,19.96,94.9,62.76,1266.0,3.6305555555555555,25.0,0.0,19.23,20.25,20.25,,,,,,
2024-06-13,28.96,19.97,95.2,61.13,1154.0,4.1,353.0,0.0,18.88,20.62,20.62,,,,,,
2024-06-14,27.16,19.17,94.6,64.76,1089.0,3.6694444444444447,7.0,0.0,18.4,19.29,19.29,,,,,,
2024-06-15,29.13,17.61,96.2,55.08,1240.0,3.888888888888889,214.0,0.0,18.76,20.05,20.05,,,,,,
2024-06-16,35.23,18.05,93.0,39.91,1283.0,3.9305555555555554,234.0,0.0,19.26,21.39,21.39,,,,,,
2024-06-17,27.16,19.65,92.3,65.33,412.8,3.530555555555556,327.0,0.0,20.11,21.61,21.61,,,,,,
2024-06-18,27.9,20.84,94.7,70.84,230.5,3.730555555555555,18.0,0.254,20.44,21.34,21.34,,,,,,
2024-06-19,27.94,19.96,95.6,63.06,775.7,3.819444444444444,10.0,0.0,18.81,19.96,19.96,,,,,,
2024-06-20,28.95,17.77,96.4,61.47,994.0,5.030555555555555,93.0,0.0,17.36,19.15,19.15,,,,,,
2024-06-21,29.91,18.02,93.6,56.29,400.3,3.3694444444444445,261.0,0.0,18.84,20.53,20.53,,,,,,
2024-06-22,27.93,19.52,92.7,59.66,429.1,3.0805555555555553,53.0,0.0,19.11,21.21,21.21,,,,,,
2024-06-23,26.77,19.01,95.0,65.46,725.4,3.611111111111111,29.0,0.0,18.82,19.66,19.66,,,,,,
2024-06-24,31.84,17.72,96.3,54.02,1000.0,3.7805555555555554,85.0,0.0,19.1,26.49,26.49,,,,,,
2024-06-25,27.44,16.21,95.6,58.3,31.52,3.411111111111111,100.0,51.56,15.17,16.21,16.21,,,,,,
2024-06-26,17.31,14.23,94.7,75.59,54.53,3.5888888888888886,230.0,4.826,13.41,14.25,14.25,,,,,,
2024-06-27,23.66,14.17,94.9,70.61,527.4,3.8805555555555555,217.0,0.0,16.79,18.55,18.55,,,,,,
2024-06-28,24.97,14.64,90.3,57.82,1311.0,5.069444444444445,14.0,0.0,14.83,17.41,17.41,,,,,,
2024-06-29,27.92,14.62,94.1,58.69,1105.0,3.6805555555555554,46.0,0.0,16.44,19.24,19.24,,,,,,
2024-06-30,25.29,12.84,92.3,41.11,1404.0,7.01111111111111,203.0,0.0,5.316,12.88,12.88,,,,,,
2024-07-01,21.86,8.75,89.2,29.77,1674.0,8.261111111111111,230.0,0.0,8.08,9.76,8.15,,,,,,
2024-07-02,23.47,7.762,91.8,46.69,1568.0,3.2305555555555556,42.0,0.0,11.17,12.5,12.5,,,,,,
2024-07-03,23.79,10.24,93.4,60.34,1386.0,3.619444444444444,233.0,0.0,14.57,15.92,15.92,,,,,,
2024-07-04,28.92,13.17,96.0,54.02,1328.0,4.580555555555555,203.0,0.0,16.33,17.78,17.78,,,,,,
2024-07-05,23.95,15.98,91.8,61.19,736.5,4.269444444444444,29.0,0.0,14.52,16.04,16.04,,,,,,
2024-07-06,23.37,15.56,92.3,69.32,345.3,4.480555555555555,34.0,0.0,14.17,17.52,17.52,,,,,,
2024-07-07,17.53,12.34,94.5,72.75,17.14,3.661111111111111,214.0,1.016,11.67,12.54,12.54,,,,,,
2024-07-08,16.08,12.42,95.3,87.3,70.55,5.1305555555555555,231.0,12.45,14.2,14.95,14.95,,,,,,
2024-07-09,18.79,14.04,95.7,73.21,83.6,3.188888888888889,232.0,3.81,13.31,14.19,14.19,,,,,,
2024-07-10,14.26,12.84,95.7,94.2,20.84,3.9888888888888885,252.0,21.59,12.82,13.49,13.49,,,,,,
2024-07-11,22.85,13.47,95.9,66.55,724.0,3.1611111111111114,233.0,1.524,15.13,16.0,16.0,,,,,,
2024-07-12,16.09,13.92,95.6,91.8,33.41,5.280555555555556,266.0,17.78,13.78,14.49,14.49,,,,,,
2024-07-13,15.57,13.78,95.9,91.7,17.84,5.038888888888889,231.0,4.826,13.08,13.88,13.88,,,,,,
2024-07-14,16.83,13.79,96.0,92.7,46.35,3.1805555555555554,266.0,12.95,15.08,15.72,15.72,,,,,,
2024-07-15,19.63,14.85,98.8,91.5,119.5,6.0888888888888895,228.0,10.16,15.65,16.42,16.42,,,,,,
2024-07-16,18.53,15.66,95.9,90.4,86.0,4.8694444444444445,233.0,10.67,15.9,16.56,16.56,,,,,,
2024-07-17,20.58,16.44,96.4,86.2,115.7,4.1499999999999995,258.0,16.76,17.19,17.77,17.77,,,,,,
2024-07-18,26.76,17.36,96.4,61.27,1060.0,3.3000000000000003,30.0,8.13,16.77,17.59,17.59,,,,,,
2024-07-19,20.09,16.53,95.7,80.9,128.7,3.1194444444444445,66.0,0.0,15.08,16.59,16.59,,,,,,
2024-07-20,26.2,15.89,94.3,58.64,1649.0,4.05,230.0,0.0,15.14,16.07,16.07,,,,,,
2024-07-21,22.82,15.01,95.7,68.3,940.0,3.738888888888889,244.0,0.0,14.91,15.79,15.79,,,,,,
2024-07-22,26.01,14.37,95.0,54.71,1684.0,4.111111111111112,229.0,0.0,14.17,15.44,15.44,,,,,,
2024-07-23,30.07,12.7,96.1,38.13,1746.0,5.011111111111111,237.0,0.0,14.66,16.56,16.56,,,,,,
2024-07-24,28.73,13.73,95.5,43.71,1548.0,3.1805555555555554,61.0,0.0,15.39,16.1,16.1,,,,,,
2024-07-25,24.9,14.45,96.2,64.75,1130.0,3.55,76.0,0.0,16.11,16.97,16.97,,,,,,
2024-07-26,25.92,16.16,95.7,62.24,1368.0,3.4499999999999997,223.0,0.0,16.17,16.87,16.87,,,,,,
2024-07-27,27.88,15.3,95.9,57.19,1124.0,3.1805555555555554,32.0,0.0,16.25,17.32,17.32,,,,,,
2024-07-28,30.13,16.22,94.8,53.83,1077.0,3.8694444444444445,26.0,0.0,17.75,18.85,18.85,,,,,,
2024-07-29,27.83,16.75,95.6,62.13,1014.0,4.288888888888889,219.0,0.0,16.68,17.95,17.95,,,,,,
2024-07-30,20.63,15.42,95.9,90.1,56.06,5.8999999999999995,36.0,10.16,14.55,15.48,15.48,,,,,,
2024-07-31,20.28,14.59,94.8,65.17,186.1,3.1805555555555554,249.0,0.762,14.13,15.02,15.02,,,,,,
2024-08-01,18.96,13.98,95.5,84.2,145.0,3.730555555555555,32.0,0.254,16.73,17.78,17.78,,,,,,
2024-08-02,23.81,17.17,98.8,70.77,396.5,2.680555555555556,231.0,0.0,17.85,18.85,18.85,,,,,,
2024-08-03,26.41,18.21,94.8,60.76,1283.0,4.35,46.0,0.0,17.39,18.54,18.54,,,,,,
2024-08-04,26.7,18.39,95.0,63.37,1042.0,4.538888888888889,82.0,0.0,17.94,18.74,18.74,,,,,,
2024-08-05,29.09,18.13,95.9,61.83,868.0,4.1305555555555555,224.0,0.0,17.52,18.44,18.44,,,,,,
2024-08-06,25.85,17.89,95.4,68.05,765.4,3.2305555555555556,42.0,0.0,18.18,18.93,18.93,,,,,,
2024-08-07,22.84,17.23,96.1,82.6,159.7,3.05,69.0,0.0,16.51,17.25,17.25,,,,,,
2024-08-08,26.62,17.13,95.5,64.94,1133.0,3.569444444444444,37.0,0.254,17.07,19.35,19.35,,,,,,
2024-08-09,22.53,17.97,93.1,71.77,71.18,5.3500000000000005,237.0,0.0,17.36,18.49,18.49,,,,,,
2024-08-10,21.14,13.12,98.8,58.0,322.5,7.961111111111111,217.0,2.54,7.139,13.13,13.13,,,,,,
2024-08-11,23.31,9.76,81.0,34.25,2337.0,8.05,269.0,0.0,8.89,12.05,12.05,,,,,,
2024-08-12,25.42,8.85,93.2,40.7,2271.0,3.7694444444444444,212.0,0.0,11.88,14.26,14.26,,,,,,
2024-08-13,23.63,11.76,86.4,21.54,2390.0,10.180555555555555,277.0,0.0,8.19,11.77,11.77,,,,,,
2024-08-14,20.51,7.016,86.2,41.52,2331.0,5.0,25.0,0.0,7.528,9.72,7.157,,,,,,
2024-08-15,22.79,6.875,92.0,43.94,2351.0,4.411111111111111,83.0,0.0,11.05,12.42,12.42,,,,,,
2024-08-16,23.53,11.25,94.1,59.19,1431.0,4.088888888888889,45.0,0.0,14.29,15.46,15.46,,,,,,
2024-08-17,27.84,13.96,95.4,55.08,1475.0,3.188888888888889,30.0,0.0,16.19,16.94,16.94,,,,,,
2024-08-18,27.21,16.27,96.2,64.52,1374.0,3.1694444444444443,44.0,0.0,16.67,18.7,18.7,,,,,,
2024-08-19,26.37,18.01,94.9,64.85,1236.0,3.438888888888889,54.0,0.0,17.64,18.46,18.46,,,,,,
2024-08-20,29.6,17.6,96.4,56.88,1539.0,3.8305555555555553,59.0,0.0,17.16,18.54,18.54,,,,,,
2024-08-21,29.95,17.78,93.9,50.44,1091.0,3.7888888888888888,211.0,0.0,18.4,19.49,19.49,,,,,,
2024-08-22,26.11,19.17,95.5,72.23,742.8,4.530555555555555,96.0,1.778,18.25,19.24,19.24,,,,,,
2024-08-23,26.48,18.53,95.7,68.58,973.0,4.45,10.0,0.0,17.58,19.56,19.56,,,,,,
2024-08-24,26.92,15.22,94.3,54.29,865.0,4.638888888888888,6.0,6.858,14.66,15.62,15.62,,,,,,
2024-08-25,15.68,11.87,94.8,91.7,10.17,2.8694444444444445,250.0,8.38,11.04,11.98,11.98,,,,,,
2024-08-26,20.48,10.53,94.8,39.3,2751.0,10.219444444444443,257.0,0.0,5.038,11.58,11.58,,,,,,
2024-08-27,23.78,8.89,85.8,29.45,2919.0,7.480555555555555,256.0,0.0,8.41,10.69,10.69,,,,,,
2024-08-28,22.55,8.51,91.8,46.13,2832.0,4.861111111111111,33.0,0.0,11.3,13.02,13.02,,,,,,
2024-08-29,22.31,10.79,94.1,54.11,1440.0,5.080555555555555,219.0,0.0,13.41,15.62,15.62,,,,,,
2024-08-30,26.48,15.24,90.5,53.7,1921.0,5.211111111111111,20.0,0.0,15.37,16.93,16.93,,,,,,
2024-08-31,29.53,14.17,95.3,56.23,2203.0,4.261111111111111,66.0,0.0,16.4,18.51,18.51,,,,,,
2024-09-01,23.74,18.03,90.8,67.69,208.9,3.5,38.0,0.0,16.67,18.55,18.55,,,,,,
2024-09-02,25.66,18.02,91.7,64.25,712.4,3.7694444444444444,12.0,0.0,16.75,18.39,18.39,,,,,,
2024-09-03,26.28,17.19,92.8,54.47,2293.0,5.6194444444444445,75.0,0.0,15.78,18.44,18.44,,,,,,
2024-09-04,26.62,17.95,92.8,61.98,1341.0,3.6805555555555554,102.0,0.0,17.33,18.58,18.58,,,,,,
2024-09-05,22.71,18.08,95.5,78.79,194.8,7.819444444444444,233.0,0.0,18.42,19.27,19.27,,,,,,
2024-09-06,,,,,,,,,,,,,,,,,
2024-09-07,,,,,,,,,,,,,,,,,
2024-09-08,,,,,,,,,,,,,,,,,
2024-09-09,,,,,,,,,,,,,,,,,
2024-09-10,,,,,,,,,,,,,,,,,
2024-09-11,,,,,,,,,,,,,,,,,
2024-09-12,,,,,,,,,,,,,,,,,
2024-09-13,,,,,,,,,,,,,,,,,
2024-09-14,,,,,,,,,,,,,,,,,
2024-09-15,,,,,,,,,,,,,,,,,
2024-09-16,,,,,,,,,,,,,,,,,
2024-09-17,,,,,,,,,,,,,,,,,
2024-09-18,,,,,,,,,,,,,,,,,
2024-09-19,,,,,,,,,,,,,,,,,
2024-09-20,,,,,,,,,,,,,,,,,
2024-09-21,,,,,,,,,,,,,,,,,
2024-09-22,,,,,,,,,,,,,,,,,
2024-09-23,,,,,,,,,,,,,,,,,
2024-09-24,,,,,,,,,,,,,,,,,
2024-09-25,,,,,,,,,,,,,,,,,
2024-09-26,,,,,,,,,,,,,,,,,
2024-09-27,,,,,,,,,,,,,,,,,
2024-09-28,,,,,,,,,,,,,,,,,
2024-09-29,,,,,,,,,,,,,,,,,
2024-09-30,,,,,,,,,,,,,,,,,
2024-10-01,,,,,,,,,,,,,,,,,
2024-10-02,,,,,,,,,,,,,,,,,
2024-10-03,,,,,,,,,,,,,,,,,
2024-10-04,,,,,,,,,,,,,,,,,
2024-10-05,,,,,,,,,,,,,,,,,
2024-10-06,,,,,,,,,,,,,,,,,
2024-10-07,,,,,,,,,,,,,,,,,
2024-10-08,,,,,,,,,,,,,,,,,
2024-10-09,,,,,,,,,,,,,,,,,
2024-10-10,,,,,,,,,,,,,,,,,
2024-10-11,,,,,,,,,,,,,,,,,
2024-10-12,,,,,,,,,,,,,,,,,
2024-10-13,,,,,,,,,,,,,,,,,
2024-10-14,,,,,,,,,,,,,,,,,
2024-10-15,,,,,,,,,,,,,,,,,
2024-10-16,,,,,,,,,,,,,,,,,
2024-10-17,,,,,,,,,,,,,,,,,
2024-10-18,,,,,,,,,,,,,,,,,
2024-10-19,,,,,,,,,,,,,,,,,
2024-10-20,,,,,,,,,,,,,,,,,
2024-10-21,,,,,,,,,,,,,,,,,
2024-10-22,,,,,,,,,,,,,,,,,
2024-10-23,,,,,,,,,,,,,,,,,
2024-10-24,,,,,,,,,,,,,,,,,
2024-10-25,,,,,,,,,,,,,,,,,
2024-10-26,,,,,,,,,,,,,,,,,
2024-10-27,,,,,,,,,,,,,,,,,
2024-10-28,,,,,,,,,,,,,,,,,
2024-10-29,,,,,,,,,,,,,,,,,
2024-10-30,,,,,,,,,,,,,,,,,
2024-10-31,,,,,,,,,,,,,,,,,
2024-11-01,,,,,,,,,,,,,,,,,
2024-11-02,,,,,,,,,,,,,,,,,
2024-11-03,,,,,,,,,,,,,,,,,
2024-11-04,,,,,,,,,,,,,,,,,
2024-11-05,,,,,,,,,,,,,,,,,
2024-11-06,,,,,,,,,,,,,,,,,
2024-11-07,,,,,,,,,,,,,,,,,
2024-11-08,,,,,,,,,,,,,,,,,
2024-11-09,,,,,,,,,,,,,,,,,
2024-11-10,,,,,,,,,,,,,,,,,
2024-11-11,,,,,,,,,,,,,,,,,
2024-11-12,,,,,,,,,,,,,,,,,
2024-11-13,,,,,,,,,,,,,,,,,
2024-11-14,,,,,,,,,,,,,,,,,
2024-11-15,,,,,,,,,,,,,,,,,
2024-11-16,,,,,,,,,,,,,,,,,
2024-11-17,,,,,,,,,,,,,,,,,
2024-11-18,,,,,,,,,,,,,,,,,
2024-11-19,,,,,,,,,,,,,,,,,
2024-11-20,,,,,,,,,,,,,,,,,
2024-11-21,,,,,,,,,,,,,,,,,
2024-11-22,,,,,,,,,,,,,,,,,
2024-11-23,,,,,,,,,,,,,,,,,
2024-11-24,,,,,,,,,,,,,,,,,
2024-11-25,,,,,,,,,,,,,,,,,
2024-11-26,,,,,,,,,,,,,,,,,
2024-11-27,,,,,,,,,,,,,,,,,
2024-11-28,,,,,,,,,,,,,,,,,
2024-11-29,,,,,,,,,,,,,,,,,
2024-11-30,,,,,,,,,,,,,,,,,
2024-12-01,,,,,,,,,,,,,,,,,
2024-12-02,,,,,,,,,,,,,,,,,
2024-12-03,,,,,,,,,,,,,,,,,
2024-12-04,,,,,,,,,,,,,,,,,
2024-12-05,,,,,,,,,,,,,,,,,
2024-12-06,,,,,,,,,,,,,,,,,
2024-12-07,,,,,,,,,,,,,,,,,
2024-12-08,,,,,,,,,,,,,,,,,
2024-12-09,,,,,,,,,,,,,,,,,
2024-12-10,,,,,,,,,,,,,,,,,
2024-12-11,,,,,,,,,,,,,,,,,
2024-12-12,,,,,,,,,,,,,,,,,
2024-12-13,,,,,,,,,,,,,,,,,
2024-12-14,,,,,,,,,,,,,,,,,
2024-12-15,,,,,,,,,,,,,,,,,
2024-12-16,,,,,,,,,,,,,,,,,
2024-12-17,,,,,,,,,,,,,,,,,
2024-12-18,,,,,,,,,,,,,,,,,
2024-12-19,,,,,,,,,,,,,,,,,
