date,prec,level_max,level_min,n_hours
2011-09-08,,,,24.0
2011-09-09,,,,24.0
2011-09-10,,,,24.0
2011-09-11,,,,24.0
2011-09-12,,,,24.0
2011-09-13,,,,24.0
2011-09-14,,,,24.0
2011-09-15,,,,24.0
2011-09-16,,,,24.0
2011-09-17,,,,24.0
2011-09-18,,,,24.0
2011-09-19,,,,24.0
2011-09-20,,,,24.0
2011-09-21,,,,24.0
2011-09-22,,,,24.0
2011-09-23,,,,24.0
2011-09-24,,,,24.0
2011-09-25,,,,24.0
2011-09-26,,,,24.0
2011-09-27,,,,24.0
2011-09-28,,,,24.0
2011-09-29,,,,24.0
2011-09-30,,,,24.0
2011-10-01,,,,24.0
2011-10-02,,,,24.0
2011-10-03,,,,24.0
2011-10-04,,,,24.0
2011-10-05,,,,24.0
2011-10-06,,,,24.0
2011-10-07,,,,24.0
2011-10-08,,,,24.0
2011-10-09,,,,24.0
2011-10-10,,,,24.0
2011-10-11,,,,24.0
2011-10-12,,,,24.0
2011-10-13,,,,24.0
2011-10-14,,,,24.0
2011-10-15,,,,24.0
2011-10-16,,,,24.0
2011-10-17,,,,24.0
2011-10-18,,,,24.0
2011-10-19,,,,24.0
2011-10-20,,,,24.0
2011-10-21,,,,24.0
2011-10-22,,,,24.0
2011-10-23,,,,24.0
2011-10-24,,,,24.0
2011-10-25,,,,24.0
2011-10-26,,,,24.0
2011-10-27,,,,24.0
2011-10-28,,,,24.0
2011-10-29,,,,24.0
2011-10-30,,,,24.0
2011-10-31,,,,24.0
2011-11-01,,,,24.0
2011-11-02,,,,24.0
2011-11-03,,,,24.0
2011-11-04,,,,24.0
2011-11-05,,,,24.0
2011-11-06,,,,24.0
2011-11-07,,,,24.0
2011-11-08,,,,24.0
2011-11-09,,,,24.0
2011-11-10,,,,24.0
2011-11-11,,,,24.0
2011-11-12,,,,24.0
2011-11-13,,,,24.0
2011-11-14,,,,24.0
2011-11-15,,,,24.0
2011-11-16,,,,24.0
2011-11-17,,,,24.0
2011-11-18,,,,24.0
2011-11-19,,,,24.0
2011-11-20,,,,24.0
2011-11-21,,,,24.0
2011-11-22,,,,24.0
2011-11-23,,,,24.0
2011-11-24,,,,24.0
2011-11-25,,,,24.0
2011-11-26,,,,24.0
2011-11-27,,,,24.0
2011-11-28,,,,24.0
2011-11-29,,,,24.0
2011-11-30,,,,24.0
2011-12-01,,,,24.0
2011-12-02,,,,24.0
2011-12-03,,,,24.0
2011-12-04,,,,24.0
2011-12-05,,,,24.0
2011-12-06,,,,24.0
2011-12-07,,,,24.0
2011-12-08,,,,24.0
2011-12-09,,,,24.0
2011-12-10,,,,24.0
2011-12-11,,,,24.0
2011-12-12,,,,24.0
2011-12-13,,,,24.0
2011-12-14,,,,24.0
2011-12-15,,,,24.0
2011-12-16,,,,24.0
2011-12-17,,,,24.0
2011-12-18,,,,24.0
2011-12-19,,,,24.0
2011-12-20,,,,24.0
2011-12-21,,,,24.0
2011-12-22,,0.8894702,-0.1046227,24.0
2011-12-23,,1.038175,-0.12676969999999999,24.0
2011-12-24,,1.08172,-0.1361003,24.0
2011-12-25,50.8,1.47703,0.01853639,24.0
2011-12-26,,1.9494189999999998,1.258035,24.0
2011-12-27,2.057,1.6188449999999999,0.7300021999999999,24.0
2011-12-28,,1.257938,0.3730594,24.0
2011-12-29,,1.262011,0.37070369999999997,24.0
2011-12-30,,1.225198,0.44669559999999997,24.0
2011-12-31,0.229,1.075854,0.27656949999999997,24.0
2012-01-01,52.91,1.222921,0.2065785,24.0
2012-01-02,49.61,1.515167,1.16607,24.0
2012-01-03,0.914,1.346025,0.6908677999999999,24.0
2012-01-04,0.0,1.007764,0.37032329999999997,24.0
2012-01-05,0.686,0.9544733,0.2534202,24.0
2012-01-06,,1.126778,0.13343000000000002,24.0
2012-01-07,0.0,1.040528,0.07458985,24.0
2012-01-08,13.94,1.140929,0.03264016,24.0
2012-01-09,,1.248773,0.1826113,24.0
2012-01-10,25.93,1.301123,0.3558465,24.0
2012-01-11,,1.537328,0.6603138,24.0
2012-01-12,0.0,1.133367,0.4291638,24.0
2012-01-13,,1.1460569999999999,0.29121389999999997,24.0
2012-01-14,0.0,1.184323,0.2395126,24.0
2012-01-15,21.21,1.329718,0.2360015,24.0
2012-01-16,7.823,1.140687,0.48600699999999997,24.0
2012-01-17,4.572,0.9248438999999999,0.338897,24.0
2012-01-18,12.4,0.9790899,0.35887769999999997,24.0
2012-01-19,17.83,1.067537,0.31837329999999997,24.0
2012-01-20,0.0,1.060658,0.2443233,24.0
2012-01-21,,0.8625929,0.1181647,24.0
2012-01-22,,1.041735,0.11994919999999999,24.0
2012-01-23,,1.185775,0.1749161,24.0
2012-01-24,1.3719999999999999,1.152548,0.1534412,24.0
2012-01-25,,1.170908,0.102352,24.0
2012-01-26,65.33,1.751817,0.08771968000000001,24.0
2012-01-27,6.858,1.9564300000000001,1.017213,24.0
2012-01-28,6.858,1.35384,0.7557731999999999,24.0
2012-01-29,0.229,0.9594731,0.453447,24.0
2012-01-30,,0.7733401,0.309311,24.0
2012-01-31,0.0,0.7012881,0.20907989999999999,24.0
2012-02-01,,0.5827595999999999,0.13813029999999998,24.0
2012-02-02,0.0,0.6680856,0.09100705,24.0
2012-02-03,0.0,0.7690943,0.07670343,24.0
2012-02-04,0.0,0.7682813,0.0226056,24.0
2012-02-05,0.0,0.8366437999999999,-0.009868979,24.0
2012-02-06,0.0,0.9924592,-0.029846670000000002,24.0
2012-02-07,0.0,1.117238,-0.04793304,24.0
2012-02-08,2.286,1.254995,0.01331675,24.0
2012-02-09,,1.437673,0.07207626,24.0
2012-02-10,,1.4676900000000002,-0.8631608,24.0
2012-02-11,,1.418591,0.33126079999999997,24.0
2012-02-12,,1.5071050000000001,0.27845349999999996,24.0
2012-02-13,0.0,1.132015,0.1378362,24.0
2012-02-14,0.0,0.9609996,0.07577443,24.0
2012-02-15,4.572,0.6776544999999999,-0.00807327,24.0
2012-02-16,0.0,0.843236,0.02316833,24.0
2012-02-17,0.0,0.7908470999999999,-0.06421858,24.0
2012-02-18,0.0,0.8425629,-0.09056914,24.0
2012-02-19,0.0,0.868552,-0.1086153,24.0
2012-02-20,0.0,0.9320246,-0.1145595,24.0
2012-02-21,0.0,1.08681,-0.12491039999999999,24.0
2012-02-22,0.686,1.235957,-0.1084887,24.0
2012-02-23,21.46,1.240426,-0.09421611,24.0
2012-02-24,34.39,1.525747,0.037879170000000004,24.0
2012-02-25,18.06,1.408178,0.5536861,24.0
2012-02-26,12.12,1.250495,0.3579112,24.0
2012-02-27,26.62,0.8528965,0.1810129,24.0
2012-02-28,4.343,0.8499705,0.2014219,24.0
2012-02-29,12.22,1.055074,0.2854905,24.0
2012-03-01,3.785,0.9478120999999999,0.3291562,24.0
2012-03-02,0.229,0.701901,0.1603252,24.0
2012-03-03,0.0,0.8524141,0.07733983,24.0
2012-03-04,7.341,0.8351913999999999,-0.009534776,24.0
2012-03-05,2.057,0.8927704,-0.044757899999999996,24.0
2012-03-06,0.0,0.9505539,-0.08734787000000001,24.0
2012-03-07,0.0,1.067966,-0.101492,24.0
2012-03-08,0.0,1.0785,-0.1169113,24.0
2012-03-09,0.0,1.25453,-0.11182099999999999,24.0
2012-03-10,0.0,1.300797,-0.1080462,24.0
2012-03-11,0.0,1.288912,-0.1173278,24.0
2012-03-12,0.0,1.066866,-0.1532786,24.0
2012-03-13,0.0,1.056304,-0.1607555,24.0
2012-03-14,0.0,0.8966090999999999,-0.1618623,24.0
2012-03-15,0.0,0.8796415,-0.18023319999999998,24.0
2012-03-16,,1.105555,-0.09372145,24.0
2012-03-17,6.68,1.139233,0.0292201,24.0
2012-03-18,0.0,0.7831458,-0.09217513000000001,24.0
2012-03-19,,0.8038991999999999,-0.1626213,24.0
2012-03-20,1.143,0.8419894,-0.1837864,24.0
2012-03-21,0.0,1.050795,-0.1880382,24.0
2012-03-22,0.457,1.186386,-0.1866739,24.0
2012-03-23,10.13,1.339087,-0.15568759999999998,24.0
2012-03-24,0.0,1.266489,-0.11736179999999999,24.0
2012-03-25,0.914,1.417498,-0.1379197,24.0
2012-03-26,0.0,1.179126,-0.17548829999999999,24.0
2012-03-27,0.0,1.089113,-0.1914169,24.0
2012-03-28,15.19,1.020442,-0.1279969,24.0
2012-03-29,0.686,1.055025,0.02927792,24.0
2012-03-30,,0.97057,0.09230417,24.0
2012-03-31,1.3719999999999999,0.6535112,-0.1279391,24.0
2012-04-01,,0.8977065,-0.1222693,24.0
2012-04-02,2.515,0.9262288,-0.09295344,24.0
2012-04-03,,0.9516169999999999,-0.1972252,24.0
2012-04-04,,1.042884,-0.2352375,24.0
2012-04-05,0.0,1.2654619999999999,-0.2320893,24.0
2012-04-06,3.658,1.364002,-0.24092909999999998,24.0
2012-04-07,0.0,1.290209,-0.23212739999999998,24.0
2012-04-08,,1.5295679999999998,-0.1289005,24.0
2012-04-09,,1.434319,-0.1923677,24.0
2012-04-10,,1.424452,-0.02143228,24.0
2012-04-11,,1.211299,0.1021183,24.0
2012-04-12,19.23,0.9872942,0.07526553,24.0
2012-04-13,0.229,1.04093,0.07296848,24.0
2012-04-14,,1.225327,0.05078369,24.0
2012-04-15,11.07,1.118142,0.03716826,24.0
2012-04-16,,1.005566,0.08396286,24.0
2012-04-17,0.0,1.076105,-0.05049682,24.0
2012-04-18,0.0,1.013322,-0.8531032,24.0
2012-04-19,,1.050062,-0.2249947,24.0
2012-04-20,,0.9912441,-0.23811539999999998,24.0
2012-04-21,0.229,1.143098,-0.2397201,24.0
2012-04-22,,1.250944,-0.224438,24.0
2012-04-23,0.229,1.396359,-0.20344759999999998,24.0
2012-04-24,,1.4297279999999999,-0.1773788,24.0
2012-04-25,,1.3874659999999999,-0.1071635,24.0
2012-04-26,,1.218241,-0.1405312,24.0
2012-04-27,100.1,2.767052,0.007908404,24.0
2012-04-28,1.8290000000000002,2.317128,0.7781220999999999,24.0
2012-04-29,34.92,1.502643,0.4260284,24.0
2012-04-30,0.229,1.573541,0.8236758,24.0
2012-05-01,,1.224455,0.3746363,24.0
2012-05-02,0.0,1.23051,0.14604309999999998,24.0
2012-05-03,0.0,1.182249,-0.008743644,24.0
2012-05-04,,0.9834879999999999,-0.0256846,24.0
2012-05-05,2.057,1.034366,0.01004326,24.0
2012-05-06,,1.173133,0.13858199999999998,24.0
2012-05-07,,1.3089,0.07797223,24.0
2012-05-08,,1.205813,-0.01579446,24.0
2012-05-09,,0.9821335999999999,-0.07969719,24.0
2012-05-10,,1.060265,-0.1050168,24.0
2012-05-11,0.0,1.142887,-0.07831299,24.0
2012-05-12,6.629,1.109204,-0.09742236,24.0
2012-05-13,0.0,1.228576,-0.07377386,24.0
2012-05-14,0.0,1.1984,0.1216433,24.0
2012-05-15,0.0,1.113768,0.13623269999999998,24.0
2012-05-16,0.229,0.9001222999999999,-0.09992361,24.0
2012-05-17,32.41,0.8889357999999999,-0.04301465,24.0
2012-05-18,8.69,1.062808,0.3573407,24.0
2012-05-19,1.3719999999999999,0.9164568999999999,0.2139837,24.0
2012-05-20,0.0,0.8666683,0.02409244,24.0
2012-05-21,,1.34232,0.01621056,24.0
2012-05-22,,1.333097,0.1373029,24.0
2012-05-23,0.0,0.9517017999999999,0.02323586,24.0
2012-05-24,0.0,1.082886,-0.03520662,24.0
2012-05-25,10.97,1.071365,-0.08149672000000001,24.0
2012-05-26,25.15,1.394273,0.07097119,24.0
2012-05-27,0.0,1.14368,0.37774739999999996,24.0
2012-05-28,0.0,0.9623773,0.1541334,24.0
2012-05-29,,0.8210632,0.05969787,24.0
2012-05-30,0.0,0.8100721,-0.040296610000000004,24.0
2012-05-31,0.457,1.080797,-0.05105489,24.0
2012-06-01,,1.195809,0.02071261,24.0
2012-06-02,1.143,1.259296,0.06582016,24.0
2012-06-03,,1.264912,-0.04664207,24.0
2012-06-04,0.229,1.243406,-0.05872875,24.0
2012-06-05,116.0,2.961901,-0.0506227,24.0
2012-06-06,13.26,2.974722,1.473052,24.0
2012-06-07,,1.482221,0.7439859999999999,24.0
2012-06-08,,1.369488,0.492606,24.0
2012-06-09,,1.417548,0.4227073,24.0
2012-06-10,0.0,1.198196,0.284408,24.0
2012-06-11,25.17,1.291739,0.2590091,24.0
2012-06-12,20.6,1.77319,0.7028762,24.0
2012-06-13,0.0,1.186683,0.5798587,24.0
2012-06-14,0.0,0.8898225,0.3512151,24.0
2012-06-15,0.0,0.7914063,0.21192219999999998,24.0
2012-06-16,0.0,0.9000292999999999,0.14470539999999998,24.0
2012-06-17,0.0,1.126636,0.1338962,24.0
2012-06-18,,1.2562280000000001,0.1087162,24.0
2012-06-19,6.858,1.152731,0.11976529999999999,24.0
2012-06-20,,1.257717,0.24696869999999999,24.0
2012-06-21,13.26,1.444574,0.5960605,24.0
2012-06-22,3.658,1.3339509999999999,0.3771874,24.0
2012-06-23,2.057,1.218085,0.2764919,24.0
2012-06-24,0.0,1.180094,0.1555945,24.0
2012-06-25,0.0,1.116982,0.10946539999999999,24.0
2012-06-26,0.0,1.12416,0.0951196,24.0
2012-06-27,0.0,0.9104228999999999,0.1047145,24.0
2012-06-28,0.0,0.821121,0.04661018,24.0
2012-06-29,,0.6915829,-0.02513552,24.0
2012-06-30,0.0,0.8601228999999999,-0.04341221,24.0
2012-07-01,0.0,1.046015,-0.04912889,24.0
2012-07-02,0.0,1.005071,-0.0810616,24.0
2012-07-03,0.0,1.141052,-0.09473443000000001,24.0
2012-07-04,0.0,1.15625,-0.10347869999999999,24.0
2012-07-05,0.0,1.383386,-0.08200955,24.0
2012-07-06,0.0,1.208607,-0.1020225,24.0
2012-07-07,8.94,1.305702,-0.09916556,24.0
2012-07-08,11.66,1.41404,0.09531331,24.0
2012-07-09,0.0,1.187643,0.10896929999999999,24.0
2012-07-10,0.0,1.039395,-0.06104177,24.0
2012-07-11,0.0,0.7132248999999999,-0.1190638,24.0
2012-07-12,8.0,0.8799264,-0.1283891,24.0
2012-07-13,3.658,0.9662136,0.1791509,24.0
2012-07-14,0.0,0.9454836,0.03487748,24.0
2012-07-15,0.0,1.014085,-0.03562927,24.0
2012-07-16,0.0,1.278856,0.004438758,24.0
2012-07-17,5.944,1.40093,0.08204186000000001,24.0
2012-07-18,49.61,1.468002,0.33403109999999997,24.0
2012-07-19,5.486,1.658755,0.7514959999999999,24.0
2012-07-20,,1.368285,0.2499195,24.0
2012-07-21,0.0,1.280748,0.1047859,24.0
2012-07-22,,1.260653,0.0257296,24.0
2012-07-23,,1.305748,-0.00854218,24.0
2012-07-24,0.0,1.1341109999999999,-0.028317270000000002,24.0
2012-07-25,0.0,0.9519795999999999,-0.05788028,24.0
2012-07-26,14.17,0.9944712,-0.05821705,24.0
2012-07-27,,1.065472,0.1463341,24.0
2012-07-28,21.49,1.5334569999999998,0.9658612999999999,24.0
2012-07-29,,1.227598,0.3916272,24.0
2012-07-30,0.457,1.023408,0.1463504,24.0
2012-07-31,25.32,1.233271,0.46319289999999996,24.0
2012-08-01,16.92,1.4021460000000001,0.6243076,24.0
2012-08-02,6.172,1.390656,0.6543426999999999,24.0
2012-08-03,,1.135688,0.3350378,24.0
2012-08-04,0.0,1.153132,0.22027059999999998,24.0
2012-08-05,0.0,1.144981,0.1299613,24.0
2012-08-06,0.0,1.192506,0.09304208,24.0
2012-08-07,0.0,1.066521,0.07276952,24.0
2012-08-08,0.0,0.9532550999999999,0.02791029,24.0
2012-08-09,0.0,0.8076783,-0.02396601,24.0
2012-08-10,,0.5977576,-0.05300784,24.0
2012-08-11,0.0,0.5788628,-0.07505041,24.0
2012-08-12,,0.7461175999999999,-0.04154384,24.0
2012-08-13,0.0,0.6953758,-0.101891,24.0
2012-08-14,0.0,0.7696427,-0.12599849999999999,24.0
2012-08-15,0.0,0.77851,-0.1302726,24.0
2012-08-16,0.0,0.8503316999999999,-0.1365921,24.0
2012-08-17,,0.8982024,-0.1400908,24.0
2012-08-18,0.0,1.090174,-0.1538805,24.0
2012-08-19,0.229,1.131785,-0.1395035,24.0
2012-08-20,0.0,1.051486,-0.1594391,24.0
2012-08-21,,1.103496,-0.1667748,24.0
2012-08-22,0.0,0.9312779999999999,-0.1729375,24.0
2012-08-23,0.0,0.9000984,-0.1779065,24.0
2012-08-24,0.0,0.7208477,-0.170068,24.0
2012-08-25,,0.49134419999999995,-0.2005479,24.0
2012-08-26,0.0,0.7325151999999999,-0.20874569999999998,24.0
2012-08-27,0.0,1.120807,-0.05647749,24.0
2012-08-28,0.457,1.029082,-0.1213036,24.0
2012-08-29,12.34,1.009573,-0.14106259999999998,24.0
2012-08-30,0.457,0.9758587999999999,-0.06986207,24.0
2012-08-31,1.3719999999999999,1.093327,-0.1634391,24.0
2012-09-01,0.0,1.023904,-0.20324109999999998,24.0
2012-09-02,0.0,1.1135950000000001,-0.2101485,24.0
2012-09-03,0.0,1.186805,-0.2048218,24.0
2012-09-04,0.0,1.041822,-0.2081391,24.0
2012-09-05,0.686,0.9705208999999999,-0.1546338,24.0
2012-09-06,,0.47195509999999996,-0.1784101,24.0
2012-09-07,0.0,0.4361219,-0.20229329999999998,24.0
2012-09-08,0.0,0.6750172,-0.2108049,24.0
2012-09-09,,0.5607361,-0.1992466,24.0
2012-09-10,0.0,0.6714888,-0.2274349,24.0
2012-09-11,,0.9534632999999999,-0.152633,24.0
2012-09-12,,0.9685693999999999,-0.09540677,24.0
2012-09-13,8.64,0.9749365999999999,-0.19236419999999999,24.0
2012-09-14,2.057,1.155484,-0.13999219999999998,24.0
2012-09-15,1.6,1.134877,-0.07324624,24.0
2012-09-16,0.0,1.085221,-0.1743925,24.0
2012-09-17,0.0,1.1949100000000001,-0.18861899999999998,24.0
2012-09-18,0.0,1.203622,-0.19729549999999998,24.0
2012-09-19,0.0,1.221091,-0.1845601,24.0
2012-09-20,0.457,1.169411,-0.1903543,24.0
2012-09-21,,0.9712249,-0.190023,24.0
2012-09-22,,1.115988,-0.1734489,24.0
2012-09-23,,0.9037594,-0.07642037,24.0
2012-09-24,,1.087581,-0.07775849,24.0
2012-09-25,0.0,0.9036375,-0.1692237,24.0
2012-09-26,11.38,1.070348,-0.2211428,24.0
2012-09-27,0.457,1.305636,0.09412014,24.0
2012-09-28,,1.405699,-0.03505737,24.0
2012-09-29,2.515,1.253859,-0.1509216,24.0
2012-09-30,,1.050565,-0.0411616,24.0
2012-10-01,0.229,0.9779321,-0.1632813,24.0
2012-10-02,4.572,0.9145544,-0.1697385,24.0
2012-10-03,0.0,0.8784046999999999,-0.1043929,24.0
2012-10-04,,0.9321339999999999,-0.1617423,24.0
2012-10-05,1.6,0.7123111,-0.18239229999999998,24.0
2012-10-06,0.457,0.732721,-0.1827377,24.0
2012-10-07,0.0,0.536594,-0.1947166,24.0
2012-10-08,0.457,0.2804582,-0.20892819999999998,24.0
2012-10-09,0.0,0.514506,-0.2154253,24.0
2012-10-10,0.0,0.6089742,-0.2236908,24.0
2012-10-11,,0.9322163,-0.2396061,24.0
2012-10-12,25.83,1.220561,-0.05598944,24.0
2012-10-13,,1.368463,0.5183594,24.0
2012-10-14,,1.185737,0.3058245,24.0
2012-10-15,0.0,1.142016,0.2244565,24.0
2012-10-16,0.229,1.214532,0.04042578,24.0
2012-10-17,0.0,1.145723,-0.07930362,24.0
2012-10-18,,1.014251,-0.1166078,24.0
2012-10-19,0.0,1.151782,-0.07692599,24.0
2012-10-20,0.0,1.279714,-0.042172430000000004,24.0
2012-10-21,0.0,0.9529797,-0.12486399999999999,24.0
2012-10-22,5.029,0.9923915999999999,-0.16576539999999998,24.0
2012-10-23,74.96,1.336825,-0.036739890000000004,18.0
2012-10-24,1.27,1.391195,-0.8490715,24.0
2012-10-25,0.229,1.217825,0.385303,24.0
2012-10-26,,1.202587,0.23552019999999999,24.0
2012-10-27,22.61,1.082905,0.1095818,24.0
2012-10-28,0.0,1.206283,0.2503008,24.0
2012-10-29,0.229,1.11134,0.08069181,24.0
2012-10-30,0.0,1.343408,0.01383322,24.0
2012-10-31,0.0,1.213263,-0.02365875,24.0
2012-11-01,19.71,1.156666,-0.02361351,24.0
2012-11-02,1.6,1.57203,0.29552069999999997,24.0
2012-11-03,0.686,1.129925,0.15458619999999998,24.0
2012-11-04,0.229,1.021085,0.07319683,24.0
2012-11-05,,0.8576503,0.03077757,24.0
2012-11-06,0.0,0.8472181999999999,0.01553315,24.0
2012-11-07,0.229,0.8152066,0.01281196,16.0
2012-11-08,,0.7033773999999999,-0.06902605,
2012-11-09,1.374,0.818776,-0.04375011,18.0
2012-11-10,51.75,2.444409,0.044625820000000004,24.0
2012-11-11,8.24,2.380745,1.187911,24.0
2012-11-12,0.0,1.348968,0.5292546,24.0
2012-11-13,14.43,1.481372,0.4877876,24.0
2012-11-14,5.496,1.5312489999999999,0.6885408,24.0
2012-11-15,4.809,1.5039319999999998,0.5233033,24.0
2012-11-16,24.27,1.364745,0.38399049999999996,24.0
2012-11-17,7.099,1.4097979999999999,0.6313982,24.0
2012-11-18,0.0,1.232624,0.2941312,24.0
2012-11-19,0.0,1.128535,0.23549579999999998,24.0
2012-11-20,0.0,1.025442,0.1632546,24.0
2012-11-21,0.0,1.027193,0.09335923,24.0
2012-11-22,0.0,1.006273,0.12425059999999999,24.0
2012-11-23,0.0,0.8134214,0.03313684,24.0
2012-11-24,2.061,0.7920467,-0.02745873,24.0
2012-11-25,9.85,0.7791699,0.008650422000000001,24.0
2012-11-26,0.0,1.259303,0.04468834,24.0
2012-11-27,0.0,1.124383,-0.03747267,24.0
2012-11-28,29.08,1.177908,-0.04402608,24.0
2012-11-29,0.916,1.15562,0.1683351,24.0
2012-11-30,0.458,1.204373,0.01968461,24.0
2012-12-01,0.229,1.2863069999999999,-0.04221576,24.0
2012-12-02,0.916,1.007915,-0.09080553,24.0
2012-12-03,5.725,0.9674590999999999,-0.08845276,24.0
2012-12-04,0.0,1.156048,0.0294829,24.0
2012-12-05,0.0,0.8848670999999999,-0.02473193,24.0
2012-12-06,0.0,0.759496,-0.07047373,24.0
2012-12-07,0.0,0.8764696999999999,-0.06241667,24.0
2012-12-08,0.229,0.9187025999999999,-0.13167589999999998,24.0
2012-12-09,0.687,1.021846,-0.12201039999999999,24.0
2012-12-10,0.229,1.0960429999999999,-0.1034457,24.0
2012-12-11,0.0,1.075291,-0.129558,24.0
2012-12-12,0.0,1.122038,-0.15501679999999998,24.0
2012-12-13,0.687,1.256839,-0.127459,24.0
2012-12-14,2.748,1.3853900000000001,-0.1544575,24.0
2012-12-15,7.786,1.328606,-0.14506729999999998,24.0
2012-12-16,4.809,1.358554,-0.03626883,24.0
2012-12-17,8.47,1.235756,-0.06587029,24.0
2012-12-18,0.0,1.185987,-0.06316608,24.0
2012-12-19,0.0,1.190285,-0.028633890000000002,24.0
2012-12-20,61.83,1.585971,-0.08881027,24.0
2012-12-21,0.229,1.420352,0.2272727,24.0
2012-12-22,27.25,0.8950579999999999,0.041689040000000004,24.0
2012-12-23,3.893,1.05561,0.5334021,24.0
2012-12-24,3.664,1.021316,0.237224,24.0
2012-12-25,0.0,0.8589401999999999,0.04900789,24.0
2012-12-26,0.0,0.8897252999999999,-0.03225815,24.0
2012-12-27,0.0,1.069542,-0.07729959,24.0
2012-12-28,8.24,1.21171,-0.008253932,24.0
2012-12-29,24.73,1.320459,0.2995061,24.0
2012-12-30,40.76,1.570236,0.4173113,24.0
2012-12-31,2.519,1.9685929999999998,0.8043481,24.0
2013-01-01,13.28,1.3136269999999999,0.48693909999999996,24.0
2013-01-02,5.038,1.369874,0.5657513,24.0
2013-01-03,0.916,1.389311,0.5426924,24.0
2013-01-04,0.916,1.290802,0.6284558,24.0
2013-01-05,1.603,0.9491980999999999,0.39805219999999997,24.0
2013-01-06,2.29,0.7578235999999999,0.29265179999999996,24.0
2013-01-07,1.145,0.9123192,0.2150965,24.0
2013-01-08,0.0,1.037089,0.13921139999999999,24.0
2013-01-09,4.58,1.040945,0.09193075,24.0
2013-01-10,4.58,1.123363,0.09073484,24.0
2013-01-11,0.0,1.397047,0.196211,24.0
2013-01-12,0.0,1.3148819999999999,0.0762639,24.0
2013-01-13,0.0,1.345349,0.02980715,24.0
2013-01-14,2.748,1.258068,0.01484191,24.0
2013-01-15,37.79,1.257164,0.0227192,24.0
2013-01-16,7.328,1.8239679999999998,0.7676426,24.0
2013-01-17,0.229,1.254927,0.503442,24.0
2013-01-18,0.0,1.082787,0.2743912,24.0
2013-01-19,23.36,1.227389,0.2073611,24.0
2013-01-20,4.351,1.032325,0.2510525,24.0
2013-01-21,9.62,0.9443290999999999,0.2477806,24.0
2013-01-22,3.206,1.099215,0.6453498999999999,24.0
2013-01-23,4.809,1.032408,0.26105239999999996,24.0
2013-01-24,1.374,0.9324895999999999,0.1709542,24.0
2013-01-25,0.0,0.9405296,0.08867133,24.0
2013-01-26,5.954,1.021625,0.05362427,24.0
2013-01-27,1.374,1.382222,0.1240879,24.0
2013-01-28,1.145,1.597184,0.10264329999999999,24.0
2013-01-29,0.916,1.339442,0.0241859,24.0
2013-01-30,0.0,1.193037,-0.031321760000000004,24.0
2013-01-31,0.0,1.061171,-0.04789037,24.0
2013-02-01,2.519,1.058326,-0.04704827,24.0
2013-02-02,0.229,0.9740042999999999,-0.05935282,24.0
2013-02-03,7.557,0.9259695,-0.07719654000000001,24.0
2013-02-04,18.55,0.919241,0.005417824,24.0
2013-02-05,0.0,1.067022,0.3121809,24.0
2013-02-06,0.0,0.9721837,0.04095262,24.0
2013-02-07,4.351,0.9437011,-0.049634399999999995,24.0
2013-02-08,44.88,1.220221,0.3918132,24.0
2013-02-09,1.374,1.357502,0.4697115,24.0
2013-02-10,1.374,1.314257,0.2466774,24.0
2013-02-11,9.39,1.282111,0.21332289999999998,24.0
2013-02-12,0.916,1.250568,0.1135418,24.0
2013-02-13,17.86,1.331437,0.1188992,24.0
2013-02-14,21.07,1.580291,0.29316539999999996,24.0
2013-02-15,5.038,1.074479,0.2702998,24.0
2013-02-16,2.748,1.050299,0.1539389,24.0
2013-02-17,46.03,1.520278,0.08589971,24.0
2013-02-18,3.206,1.314535,0.3418829,24.0
2013-02-19,2.29,0.6624730999999999,0.202787,24.0
2013-02-20,0.0,0.9748331,0.24766619999999998,24.0
2013-02-21,0.0,0.9661211,0.07669854,24.0
2013-02-22,8.7,0.88714,0.03216755,24.0
2013-02-23,14.66,1.178366,0.025197920000000002,24.0
2013-02-24,12.82,1.457486,0.3511178,24.0
2013-02-25,0.0,1.163456,0.07845318,24.0
2013-02-26,23.13,1.147701,0.03755975,24.0
2013-02-27,9.62,1.430616,0.1645806,24.0
2013-02-28,0.229,1.7149800000000002,0.30335439999999997,24.0
2013-03-01,5.267,1.613265,0.2496426,24.0
2013-03-02,0.0,1.279918,0.07227033000000001,24.0
2013-03-03,0.0,0.9774455999999999,-0.0033919220000000003,24.0
2013-03-04,0.0,0.6729976,-0.05296057,24.0
2013-03-05,20.15,0.9972485999999999,-0.06227452,24.0
2013-03-06,24.27,1.210453,0.24534209999999998,24.0
2013-03-07,8.47,1.220535,0.2813276,24.0
2013-03-08,22.44,1.009784,0.32337109999999997,24.0
2013-03-09,3.435,1.012305,0.12216619999999999,24.0
2013-03-10,16.03,1.2003300000000001,0.1108458,24.0
2013-03-11,27.02,1.378062,0.24933029999999998,24.0
2013-03-12,0.0,1.403525,0.26767799999999997,24.0
2013-03-13,3.206,1.577599,0.2283641,24.0
2013-03-14,9.16,1.713769,0.3404329,24.0
2013-03-15,1.603,1.460614,0.36519209999999996,24.0
2013-03-16,24.05,1.2911519999999999,0.39232649999999997,24.0
2013-03-17,16.95,1.462945,0.5570733999999999,24.0
2013-03-18,0.458,1.356965,0.7917261999999999,24.0
2013-03-19,19.47,1.002083,0.6037735,24.0
2013-03-20,16.49,1.38002,0.7396655999999999,24.0
2013-03-21,12.37,1.353019,0.9425359,24.0
2013-03-22,0.229,1.024828,0.5340077999999999,24.0
2013-03-23,0.0,0.8759604,0.3530626,24.0
2013-03-24,0.0,1.102794,0.30413209999999996,24.0
2013-03-25,16.95,1.322047,0.2659571,24.0
2013-03-26,0.916,1.448483,0.4866813,24.0
2013-03-27,3.206,1.460729,0.3123845,24.0
2013-03-28,0.229,1.498694,0.36932499999999996,24.0
2013-03-29,0.0,1.5216319999999999,0.2871816,24.0
2013-03-30,0.229,1.367302,0.1929629,24.0
2013-03-31,6.641,1.201283,0.2395264,24.0
2013-04-01,0.0,1.123305,0.1582867,24.0
2013-04-02,0.0,1.06065,0.11270459999999999,24.0
2013-04-03,15.57,1.102046,0.1544508,24.0
2013-04-04,30.69,1.090875,0.4159578,24.0
2013-04-05,6.87,0.9050963,0.2029201,24.0
2013-04-06,10.99,1.195652,0.569766,24.0
2013-04-07,0.0,1.250423,0.28255199999999997,24.0
2013-04-08,0.0,1.385526,0.1687633,24.0
2013-04-09,0.687,1.3543159999999999,0.1481308,24.0
2013-04-10,0.0,1.291353,0.09006912,24.0
2013-04-11,0.0,1.3711419999999999,0.06007189,24.0
2013-04-12,0.0,1.213482,0.12966529999999998,24.0
2013-04-13,16.03,1.000842,0.02278954,24.0
2013-04-14,2.29,1.370545,0.3849459,24.0
2013-04-15,0.229,1.3288769999999999,0.2334771,24.0
2013-04-16,0.0,1.164359,0.10265769999999999,24.0
2013-04-17,0.0,1.288086,0.14147389999999999,24.0
2013-04-18,0.0,1.109062,0.3467054,24.0
2013-04-19,0.0,0.7548064,0.1348846,24.0
2013-04-20,0.0,0.9299871,-0.01868886,24.0
2013-04-21,0.0,1.028165,-0.02168232,24.0
2013-04-22,0.0,1.067925,-0.04482675,24.0
2013-04-23,0.0,1.153999,-0.07583034,24.0
2013-04-24,11.68,1.246254,-0.07794815000000001,24.0
2013-04-25,0.458,1.254066,-0.041842580000000004,24.0
2013-04-26,0.0,1.338517,-0.06264895,24.0
2013-04-27,0.0,1.349221,-0.0894056,24.0
2013-04-28,0.0,1.424186,-0.08713919,24.0
2013-04-29,0.0,1.289766,-0.09895653,24.0
2013-04-30,0.0,1.090581,-0.13994189999999998,24.0
2013-05-01,0.0,1.219971,-0.10232899999999999,24.0
2013-05-02,0.687,1.23541,0.0171783,24.0
2013-05-03,0.0,1.173495,-0.03249431,24.0
2013-05-04,0.0,0.9486264,-0.12149599999999999,24.0
2013-05-05,0.916,0.961212,-0.132024,24.0
2013-05-06,46.95,1.175756,0.02288252,24.0
2013-05-07,0.458,1.387052,0.46109839999999996,24.0
2013-05-08,0.0,1.335187,0.09099227,24.0
2013-05-09,0.0,1.468309,0.08197993,24.0
2013-05-10,0.0,1.2975919999999999,-0.06061935,24.0
2013-05-11,0.0,1.24097,-0.11450529999999999,24.0
2013-05-12,0.0,1.120028,-0.1364138,24.0
2013-05-13,0.0,1.11709,-0.1515685,24.0
2013-05-14,0.0,1.221013,-0.15174169999999998,24.0
2013-05-15,0.0,0.9969317,-0.14703919999999998,24.0
2013-05-16,0.687,1.059013,-0.1360981,24.0
2013-05-17,8.01,1.30876,0.07645965,24.0
2013-05-18,0.0,1.060935,0.3304085,24.0
2013-05-19,0.916,0.8789264999999999,0.09377152,24.0
2013-05-20,2.061,0.8725682,-0.06212401,24.0
2013-05-21,0.0,0.9062414,-0.10624549999999999,24.0
2013-05-22,0.0,1.015419,-0.11415979999999999,24.0
2013-05-23,2.519,1.121003,-0.1585962,24.0
2013-05-24,15.11,1.218476,-0.1104338,24.0
2013-05-25,2.061,1.194486,-0.01928824,24.0
2013-05-26,0.0,1.230908,-0.11412349999999999,24.0
2013-05-27,2.29,1.446346,-0.09818399,24.0
2013-05-28,15.8,1.282427,0.00628227,24.0
2013-05-29,4.58,1.2706979999999999,-0.008649647,24.0
2013-05-30,4.122,1.165278,-0.01967472,24.0
2013-05-31,0.0,1.099591,-0.04113287,24.0
2013-06-01,0.0,1.214684,0.004833698,24.0
2013-06-02,15.34,1.032722,-0.07552326,24.0
2013-06-03,15.8,1.030175,0.2021308,24.0
2013-06-04,0.458,1.040913,0.14870809999999998,24.0
2013-06-05,0.0,1.152661,0.06596804,24.0
2013-06-06,0.0,0.9976343999999999,-0.07513738,24.0
2013-06-07,0.0,1.182238,-0.10755189999999999,24.0
2013-06-08,0.0,1.26417,-0.1118701,24.0
2013-06-09,0.0,1.214039,-0.1099532,24.0
2013-06-10,0.0,1.123743,-0.1615759,24.0
2013-06-11,0.0,1.236,-0.16040379999999999,24.0
2013-06-12,1.145,1.19127,-0.1727573,24.0
2013-06-13,0.0,1.1676549999999999,-0.17621389999999998,24.0
2013-06-14,0.0,1.103823,-0.1748428,24.0
2013-06-15,0.0,1.050313,-0.1522643,24.0
2013-06-16,4.58,1.123095,-0.10243000000000001,24.0
2013-06-17,22.9,1.008083,0.07831252,24.0
2013-06-18,8.01,0.9277093,0.3750477,24.0
2013-06-19,0.0,0.9673643,0.08206898,24.0
2013-06-20,14.66,1.067364,-0.05555212,24.0
2013-06-21,57.02,1.845088,0.37618429999999997,24.0
2013-06-22,59.08,2.552012,1.842655,24.0
2013-06-23,0.0,2.457284,0.8787427999999999,24.0
2013-06-24,0.0,1.45539,0.5508915,24.0
2013-06-25,28.63,1.4541789999999999,0.4055167,24.0
2013-06-26,2.29,1.381002,0.6464926999999999,24.0
2013-06-27,0.458,1.434266,0.4148328,24.0
2013-06-28,5.267,1.361924,0.32993079999999997,24.0
2013-06-29,0.916,1.184798,0.27265049999999996,24.0
2013-06-30,2.29,1.145041,0.204738,24.0
2013-07-01,0.687,1.174092,0.2252132,24.0
2013-07-02,0.458,1.062961,0.2493249,24.0
2013-07-03,0.0,1.009131,0.20770729999999998,24.0
2013-07-04,0.0,1.0133,0.1106384,24.0
2013-07-05,0.0,0.7568714999999999,0.01666605,24.0
2013-07-06,0.0,0.874022,-0.01855463,24.0
2013-07-07,0.0,1.128867,-0.026578070000000002,24.0
2013-07-08,0.0,1.215306,-0.03674889,24.0
2013-07-09,1.374,1.4728949999999998,0.02705449,24.0
2013-07-10,1.832,1.264679,-0.01905382,24.0
2013-07-11,0.229,1.086408,-0.03772247,24.0
2013-07-12,0.0,1.102391,-0.07215577000000001,24.0
2013-07-13,0.0,1.114851,-0.09470844,24.0
2013-07-14,0.0,1.18515,-0.09337269999999999,24.0
2013-07-15,0.0,0.9927788,-0.06251419,24.0
2013-07-16,1.374,1.005796,-0.05806482,24.0
2013-07-17,0.0,0.9890469,0.09097636,24.0
2013-07-18,0.0,0.9762691,-0.05961376,24.0
2013-07-19,0.229,1.024945,-0.12387909999999999,24.0
2013-07-20,9.16,1.353261,-0.04986542,24.0
2013-07-21,30.92,1.480849,0.07793576,24.0
2013-07-22,27.02,1.945446,0.7871022999999999,24.0
2013-07-23,27.71,1.949094,1.353917,24.0
2013-07-24,1.145,1.834931,0.9118284999999999,24.0
2013-07-25,0.0,1.7492269999999999,0.5436249,24.0
2013-07-26,2.29,1.393829,0.32453329999999997,24.0
2013-07-27,0.0,1.239824,0.1835582,24.0
2013-07-28,0.0,0.9164294,0.1014862,24.0
2013-07-29,0.0,0.9038092,0.08067381,24.0
2013-07-30,0.0,0.9597180999999999,0.03838468,24.0
2013-07-31,0.0,0.9668778,0.027409430000000002,24.0
2013-08-01,0.0,0.7816390999999999,0.004099667,24.0
2013-08-02,0.0,0.8332984,-0.03105229,24.0
2013-08-03,0.0,1.035733,-0.049191530000000004,24.0
2013-08-04,0.0,1.265412,-0.02807879,24.0
2013-08-05,1.145,1.3582100000000001,-0.03160846,24.0
2013-08-06,0.229,1.214543,-0.06619334,24.0
2013-08-07,18.32,1.036871,-0.08866155,24.0
2013-08-08,0.0,1.246346,-0.002103329,24.0
2013-08-09,0.0,1.176468,-0.07094795,24.0
2013-08-10,0.0,1.280254,-0.1033818,24.0
2013-08-11,4.351,1.427156,-0.008579671,24.0
2013-08-12,0.0,1.452989,-0.0005981922000000001,24.0
2013-08-13,0.0,0.8373471,-0.1131582,24.0
2013-08-14,2.29,0.9475266,-0.127691,24.0
2013-08-15,10.08,1.160532,0.1058818,24.0
2013-08-16,0.0,1.088164,0.1359848,24.0
2013-08-17,2.061,0.9581552,-0.09246486,24.0
2013-08-18,17.63,0.8939419,-0.1212152,24.0
2013-08-19,1.374,1.2710110000000001,0.4727321,24.0
2013-08-20,2.977,1.2240820000000001,0.1342802,24.0
2013-08-21,0.458,1.093791,0.05115139,24.0
2013-08-22,0.0,1.169896,-0.01719534,24.0
2013-08-23,0.0,1.29588,-0.034066320000000004,24.0
2013-08-24,0.0,1.402781,-0.02507687,24.0
2013-08-25,0.687,1.468775,0.09384787,24.0
2013-08-26,1.374,1.228415,0.02636248,24.0
2013-08-27,38.47,1.403069,0.03341609,24.0
2013-08-28,3.664,1.42724,0.5118239,24.0
2013-08-29,0.0,0.9069809999999999,0.3027414,24.0
2013-08-30,0.0,0.5889442,0.09009016,24.0
2013-08-31,0.0,0.7337135,0.006877363,24.0
2013-09-01,0.0,0.8106498,-0.03101075,24.0
2013-09-02,5.954,0.9289426,-0.05546802,24.0
2013-09-03,0.0,1.113116,-0.02579713,24.0
2013-09-04,0.0,1.146891,-0.07068443,24.0
2013-09-05,0.0,1.459666,-0.04421043,24.0
2013-09-06,0.0,1.387208,-0.07204378,24.0
2013-09-07,0.0,1.148238,-0.1102442,24.0
2013-09-08,0.0,1.046145,-0.1302547,24.0
2013-09-09,0.0,0.9897045999999999,-0.1333461,24.0
2013-09-10,0.0,1.011232,-0.1418456,24.0
2013-09-11,0.0,0.8904331,-0.1482919,24.0
2013-09-12,0.0,0.6139888,-0.16990639999999999,24.0
2013-09-13,0.0,0.6388731999999999,-0.17955669999999999,24.0
2013-09-14,0.0,0.7666358999999999,-0.177581,24.0
2013-09-15,0.0,0.8291955,-0.1841735,24.0
2013-09-16,0.0,1.02967,-0.19118639999999998,24.0
2013-09-17,32.75,1.0438209999999999,-0.1938423,24.0
2013-09-18,6.183,1.255986,0.3212808,24.0
2013-09-19,2.977,1.487679,0.1655167,24.0
2013-09-20,2.977,1.597639,0.03267598,24.0
2013-09-21,24.05,1.460436,0.03057295,24.0
2013-09-22,29.54,1.394294,0.4551078,24.0
2013-09-23,62.06,2.277701,1.033598,24.0
2013-09-24,0.458,2.12366,0.8175800000000001,24.0
2013-09-25,0.0,1.106593,0.375088,24.0
2013-09-26,0.0,1.174716,0.33386099999999996,24.0
2013-09-27,0.0,0.8639933,0.2613746,24.0
2013-09-28,0.0,0.8047527999999999,0.186793,24.0
2013-09-29,2.29,0.8321837999999999,0.04961759,24.0
2013-09-30,0.229,0.8666722,0.02011567,24.0
2013-10-01,3.664,1.020984,0.03400594,24.0
2013-10-02,1.603,1.078787,-0.01882774,24.0
2013-10-03,5.038,1.143071,0.044562040000000004,24.0
2013-10-04,31.6,1.2291,0.1703056,24.0
2013-10-05,5.496,1.291337,0.4348474,24.0
2013-10-06,0.229,1.446913,0.18535279999999998,24.0
2013-10-07,0.0,1.452696,0.08240288,24.0
2013-10-08,1.374,1.3233869999999999,0.08899426,24.0
2013-10-09,0.0,1.080428,0.004959404000000001,24.0
2013-10-10,0.0,0.9734879999999999,-0.03464067,24.0
2013-10-11,1.603,0.7761241,-0.04588836,24.0
2013-10-12,0.0,0.7565223,-0.06769127,24.0
2013-10-13,0.0,0.8860260999999999,-0.07668309999999999,24.0
2013-10-14,0.0,0.8126148,-0.09864342,24.0
2013-10-15,9.85,0.8346895999999999,-0.115146,24.0
2013-10-16,0.0,1.003113,-0.10494099999999999,24.0
2013-10-17,14.2,1.137325,-0.1085073,24.0
2013-10-18,2.977,1.177844,0.0843395,24.0
2013-10-19,4.58,1.324565,0.01977146,24.0
2013-10-20,0.0,1.43941,-0.053230110000000004,24.0
2013-10-21,0.0,1.316462,-0.09336841,24.0
2013-10-22,2.29,1.198404,-0.1317168,24.0
2013-10-23,0.916,1.127187,-0.08419669,24.0
2013-10-24,0.0,1.097072,-0.0978893,24.0
2013-10-25,11.45,0.6846424,-0.10191979999999999,24.0
2013-10-26,7.099,0.8889731,0.03344148,24.0
2013-10-27,1.832,0.7382759,0.17118049999999999,24.0
2013-10-28,8.47,0.9137746999999999,0.12419119999999999,24.0
2013-10-29,0.0,1.027523,0.2889658,24.0
2013-10-30,0.0,1.107889,0.07739085,24.0
2013-10-31,0.0,1.007313,-0.06830537,24.0
2013-11-01,0.687,1.098279,-0.08530384,24.0
2013-11-02,2.061,1.09057,-0.06816411,24.0
2013-11-03,0.0,0.9447082,-0.09702039,24.0
2013-11-04,18.09,1.031251,-0.1126393,24.0
2013-11-05,4.58,1.570297,0.2065637,24.0
2013-11-06,0.0,1.667564,0.07118088,24.0
2013-11-07,0.458,1.293323,0.1216857,24.0
2013-11-08,2.748,1.0799400000000001,0.1004968,24.0
2013-11-09,3.893,0.8962513999999999,0.1837885,24.0
2013-11-10,0.0,0.9939944,0.061764480000000004,24.0
2013-11-11,0.0,1.161166,0.025129199999999997,24.0
2013-11-12,0.458,0.9053116,-0.02077597,24.0
2013-11-13,0.0,1.006727,-0.03243637,24.0
2013-11-14,0.0,1.0595,-0.04811668,24.0
2013-11-15,0.0,1.13348,-0.09102589,24.0
2013-11-16,0.0,1.140408,-0.1433765,24.0
2013-11-17,41.22,0.9934976,-0.153536,24.0
2013-11-18,0.0,1.4884,0.2234313,24.0
2013-11-19,1.374,1.447376,-0.003702939,24.0
2013-11-20,0.0,1.093974,-0.06775218,24.0
2013-11-21,19.01,1.106964,-0.06356484,24.0
2013-11-22,1.374,1.223845,0.11893089999999999,24.0
2013-11-23,6.183,1.078162,0.120124,24.0
2013-11-24,3.893,0.9886551,0.1732891,24.0
2013-11-25,22.44,1.057011,0.1385947,24.0
2013-11-26,2.29,1.310484,0.9889891,24.0
2013-11-27,3.435,0.9873042,0.730885,24.0
2013-11-28,4.58,1.102917,0.5796382,24.0
2013-11-29,4.809,1.073629,0.3156331,24.0
2013-11-30,4.809,1.265191,0.4975173,24.0
2013-12-01,13.05,1.307911,0.429539,24.0
2013-12-02,3.435,1.33331,0.5004448,24.0
2013-12-03,1.832,1.283645,0.3350145,24.0
2013-12-04,0.0,1.28443,0.2456976,24.0
2013-12-05,0.0,1.466696,0.22462459999999998,24.0
2013-12-06,28.63,1.525299,0.2640246,24.0
2013-12-07,0.0,1.390771,0.40088989999999997,24.0
2013-12-08,18.09,1.357778,0.3627282,24.0
2013-12-09,1.374,1.251079,0.4537307,24.0
2013-12-10,13.97,1.087047,0.2665384,24.0
2013-12-11,10.53,1.189795,0.581881,24.0
2013-12-12,30.69,1.742928,0.8431709,24.0
2013-12-13,0.229,1.6902789999999999,0.9296454,24.0
2013-12-14,0.0,1.230297,0.5004084999999999,24.0
2013-12-15,0.916,1.082471,0.35463079999999997,24.0
2013-12-16,0.0,1.096638,0.2530159,24.0
2013-12-17,0.687,1.1501190000000001,0.17709429999999998,24.0
2013-12-18,1.374,1.201979,0.151898,24.0
2013-12-19,3.206,1.244981,0.2261219,24.0
2013-12-20,8.24,1.158211,0.1827614,24.0
2013-12-21,0.229,1.248441,0.31771679999999997,24.0
2013-12-22,8.7,1.157471,0.37576899999999996,24.0
2013-12-23,9.85,1.261029,0.3740987,24.0
2013-12-24,3.893,1.408519,0.916358,24.0
2013-12-25,0.916,1.125926,0.5576390999999999,24.0
2013-12-26,0.0,0.8997706,0.4036011,24.0
2013-12-27,0.0,0.8853719999999999,0.2847112,24.0
2013-12-28,0.0,0.8388542999999999,0.17561449999999998,24.0
2013-12-29,0.458,1.036951,0.131323,24.0
2013-12-30,0.0,1.08571,0.09206349,24.0
2013-12-31,0.0,1.187443,0.0601207,24.0
2014-01-01,13.05,1.216255,0.05987906,24.0
2014-01-02,33.66,1.33614,0.1523148,24.0
2014-01-03,9.62,1.327745,0.18679269999999998,24.0
2014-01-04,46.49,1.485403,0.1282357,24.0
2014-01-05,27.25,1.886885,1.01891,24.0
2014-01-06,3.206,1.467779,0.7056363,24.0
2014-01-07,7.786,1.190971,0.4564388,24.0
2014-01-08,0.0,1.034229,0.273869,24.0
2014-01-09,0.229,0.8886727,0.1636224,24.0
2014-01-10,0.229,0.9619875,0.22479549999999998,24.0
2014-01-11,0.0,0.9553107,0.1460824,24.0
2014-01-12,6.87,0.7354025,0.17472079999999998,24.0
2014-01-13,10.53,0.921574,0.1640266,24.0
2014-01-14,11.91,1.181562,0.49197169999999996,24.0
2014-01-15,4.122,1.181357,0.1850702,24.0
2014-01-16,7.557,1.134658,0.13105029999999998,24.0
2014-01-17,2.977,1.279266,0.12384719999999999,24.0
2014-01-18,0.0,1.21661,0.1461312,24.0
2014-01-19,0.0,1.190326,0.04788971,24.0
2014-01-20,0.0,1.02585,0.009645402,24.0
2014-01-21,0.0,1.026863,0.0035824180000000004,24.0
2014-01-22,0.0,1.099275,-0.02724886,24.0
2014-01-23,4.58,0.8419648,-0.045678199999999995,24.0
2014-01-24,0.0,0.8950201,-0.03266525,24.0
2014-01-25,3.435,0.7464603999999999,-0.01166987,24.0
2014-01-26,1.832,1.093803,-0.03571343,24.0
2014-01-27,5.038,1.123186,0.13764099999999999,24.0
2014-01-28,0.0,1.117113,-0.07793397,24.0
2014-01-29,0.0,0.9396473,-0.1214485,24.0
2014-01-30,0.0,1.181785,-0.13790629999999998,24.0
2014-01-31,0.0,1.286475,-0.1397617,24.0
2014-02-01,0.0,1.271502,-0.1317971,24.0
2014-02-02,0.0,1.280302,-0.1302681,24.0
2014-02-03,0.0,1.256231,-0.1222354,24.0
2014-02-04,0.0,1.183726,-0.1321996,24.0
2014-02-05,0.0,0.9431092999999999,-0.1443093,24.0
2014-02-06,0.0,0.941476,-0.1551256,24.0
2014-02-07,0.0,0.7727275,-0.1891958,24.0
2014-02-08,0.0,0.7220388999999999,-0.1968819,24.0
2014-02-09,0.0,0.7500673999999999,-0.1723525,24.0
2014-02-10,0.0,0.7500783,-0.18903009999999998,24.0
2014-02-11,0.0,0.7729733,-0.176889,24.0
2014-02-12,0.0,1.016706,-0.20449099999999998,24.0
2014-02-13,0.0,0.9974689,-0.2260761,24.0
2014-02-14,47.63,1.102272,-0.1497063,24.0
2014-02-15,11.22,1.395271,0.01621395,24.0
2014-02-16,7.328,1.5768529999999998,0.14765419999999999,24.0
2014-02-17,0.229,1.371653,0.47618649999999996,24.0
2014-02-18,33.89,1.892382,0.7488109,24.0
2014-02-19,25.88,1.883785,1.525265,24.0
2014-02-20,0.229,1.53199,0.6892185,24.0
2014-02-21,0.0,0.8827412,0.3270819,24.0
2014-02-22,0.0,0.7348349,0.2232573,24.0
2014-02-23,13.05,0.7473246,0.1909767,24.0
2014-02-24,2.977,0.7622958,0.1381803,24.0
2014-02-25,8.01,0.8884793999999999,0.1006797,24.0
2014-02-26,0.458,1.025858,0.10253939999999999,24.0
2014-02-27,1.603,1.164457,0.038709099999999996,24.0
2014-02-28,16.72,1.367459,0.07355368,24.0
2014-03-01,5.725,1.467036,0.1404983,24.0
2014-03-02,0.458,1.385896,0.13362279999999999,24.0
2014-03-03,0.0,1.39221,0.0697279,24.0
2014-03-04,1.374,1.3134000000000001,0.05221581,24.0
2014-03-05,21.3,1.263115,0.014852820000000001,24.0
2014-03-06,4.809,0.9136715999999999,0.2413024,24.0
2014-03-07,0.229,0.8659601,0.1147777,24.0
2014-03-08,0.0,0.8359344,0.02299839,24.0
2014-03-09,45.34,1.183293,0.02865297,24.0
2014-03-10,5.267,1.194282,0.270509,24.0
2014-03-11,10.3,0.7827892999999999,0.09586722,24.0
2014-03-12,15.34,0.9444714999999999,0.18422519999999998,24.0
2014-03-13,34.12,1.138266,0.2494856,24.0
2014-03-14,18.78,1.333202,0.7705392,24.0
2014-03-15,0.0,1.468088,0.4280347,24.0
2014-03-16,10.08,1.320584,0.2561731,24.0
2014-03-17,0.0,1.235078,0.14996289999999998,24.0
2014-03-18,12.82,1.293442,0.1391982,24.0
2014-03-19,8.7,1.67822,0.5376255999999999,24.0
2014-03-20,5.496,1.4155579999999999,0.5571839,24.0
2014-03-21,0.229,1.2896619999999999,0.3333461,24.0
2014-03-22,10.99,1.02738,0.3392422,24.0
2014-03-23,0.0,1.145254,0.3923963,24.0
2014-03-24,0.0,1.240123,0.4609289,24.0
2014-03-25,2.29,1.126588,0.2571084,24.0
2014-03-26,0.0,0.8846712,0.07881993,24.0
2014-03-27,0.0,1.100468,0.05560791,24.0
2014-03-28,3.435,1.115788,0.04622394,24.0
2014-03-29,0.229,1.181889,0.04086584,24.0
2014-03-30,0.0,1.253037,0.01609242,24.0
2014-03-31,2.29,1.311839,0.01651084,24.0
2014-04-01,5.038,1.315548,0.03916907,24.0
2014-04-02,51.53,1.4431859999999999,0.05383128,24.0
2014-04-03,8.24,1.499758,0.6409722999999999,24.0
2014-04-04,36.87,2.040107,0.6825831,24.0
2014-04-05,0.229,1.861945,0.9626982,24.0
2014-04-06,0.0,1.095911,0.5824884,24.0
2014-04-07,0.0,0.9401400999999999,0.40571429999999997,24.0
2014-04-08,0.0,0.890011,0.37725519999999996,24.0
2014-04-09,0.0,0.8234686,0.2844298,24.0
2014-04-10,2.748,0.8240016,0.2327514,24.0
2014-04-11,0.0,1.040222,0.2330785,24.0
2014-04-12,0.0,1.204774,0.21721659999999998,24.0
2014-04-13,3.206,1.344173,0.1663073,24.0
2014-04-14,0.0,1.335181,0.18760349999999998,24.0
2014-04-15,0.0,1.70191,0.2680765,24.0
2014-04-16,4.351,1.57823,0.1827667,24.0
2014-04-17,2.061,1.327207,0.1646937,24.0
2014-04-18,0.916,1.317752,0.11673209999999999,24.0
2014-04-19,0.0,1.30484,0.07617623,24.0
2014-04-20,10.53,1.466921,0.1194581,24.0
2014-04-21,0.0,1.260918,0.3405303,24.0
2014-04-22,0.0,1.185076,0.31753739999999997,24.0
2014-04-23,60.69,1.3062,0.26897679999999996,24.0
2014-04-24,2.061,1.513812,0.7622242,24.0
2014-04-25,0.0,1.236032,0.3804936,24.0
2014-04-26,0.687,1.318311,-0.8443586999999999,24.0
2014-04-27,0.0,1.468661,0.2324132,24.0
2014-04-28,0.0,1.34957,0.16281589999999999,24.0
2014-04-29,0.0,1.226344,0.207747,24.0
2014-04-30,0.0,1.198049,0.21597609999999998,24.0
2014-05-01,0.0,1.382218,0.1353749,24.0
2014-05-02,0.0,1.307297,0.13866109999999998,24.0
2014-05-03,0.0,1.4140359999999998,0.08751816,24.0
2014-05-04,0.0,1.184173,0.07090694,24.0
2014-05-05,0.0,1.013683,0.05006051,24.0
2014-05-06,0.0,0.9009049,0.05216104,24.0
2014-05-07,0.0,0.7703631999999999,0.0625506,24.0
2014-05-08,0.0,0.8137483999999999,0.113767,24.0
2014-05-09,0.0,1.082198,0.1638942,24.0
2014-05-10,0.0,1.198451,0.30007269999999997,24.0
2014-05-11,0.0,1.302569,0.1039977,24.0
2014-05-12,0.0,1.202345,0.3421344,24.0
2014-05-13,0.0,1.101803,0.1705995,24.0
2014-05-14,0.0,1.281677,0.08348489,24.0
2014-05-15,0.0,1.409249,0.06841284,24.0
2014-05-16,0.0,1.359928,0.02916378,24.0
2014-05-17,0.0,1.502173,0.03787518,24.0
2014-05-18,0.0,1.51029,0.05001944,24.0
2014-05-19,0.0,1.354813,0.01472104,24.0
2014-05-20,0.0,1.369634,0.09016705,24.0
2014-05-21,0.0,1.2951380000000001,0.08656693,24.0
2014-05-22,0.0,1.167713,0.08545703,24.0
2014-05-23,0.0,1.150586,0.029517770000000002,24.0
2014-05-24,0.0,1.294092,0.1104339,24.0
2014-05-25,0.0,1.474242,0.5167629,24.0
2014-05-26,0.0,1.413527,0.24131409999999998,24.0
2014-05-27,0.0,1.594863,0.8384345,24.0
2014-05-28,0.0,1.460112,0.37896989999999997,24.0
2014-05-29,0.0,1.452466,0.2377059,24.0
2014-05-30,0.0,1.396239,0.1511939,24.0
2014-05-31,0.0,1.347488,0.08163273,24.0
2014-06-01,0.0,1.178333,0.02863085,24.0
2014-06-02,0.0,1.359437,0.09457129,24.0
2014-06-03,0.0,1.432564,0.10788769999999999,24.0
2014-06-04,0.0,1.24353,0.14974089999999998,24.0
2014-06-05,0.0,0.9663303,0.05435663,24.0
2014-06-06,0.0,0.8707783,0.055343210000000004,24.0
2014-06-07,0.0,1.424379,0.3405471,24.0
2014-06-08,0.0,3.095299,0.9801791,24.0
2014-06-09,0.0,3.495964,2.186858,24.0
2014-06-10,0.0,2.19378,1.098059,24.0
2014-06-11,0.0,1.379242,0.6408518999999999,24.0
2014-06-12,0.0,1.193924,0.4908904,24.0
2014-06-13,0.0,1.272933,0.4908537,24.0
2014-06-14,0.0,1.047685,0.3622053,24.0
2014-06-15,0.0,1.254608,0.2803636,24.0
2014-06-16,0.0,1.5431119999999998,0.4421033,24.0
2014-06-17,0.0,1.227636,0.41781579999999996,24.0
2014-06-18,0.0,1.161523,0.2977459,24.0
2014-06-19,0.0,1.469455,0.3065271,24.0
2014-06-20,0.0,1.414617,0.7121311,24.0
2014-06-21,0.0,1.274442,0.5165065999999999,24.0
2014-06-22,0.0,1.078375,0.330119,24.0
2014-06-23,0.0,0.9642444,0.2036027,24.0
2014-06-24,0.0,0.9840776,0.1454329,24.0
2014-06-25,0.0,1.133389,0.1449523,24.0
2014-06-26,0.0,1.231587,0.1147058,24.0
2014-06-27,0.0,1.283265,0.11570949999999999,24.0
2014-06-28,0.0,1.284236,0.1198689,24.0
2014-06-29,0.0,1.2702529999999999,0.06483269,24.0
2014-06-30,0.0,1.170841,0.3600749,24.0
2014-07-01,0.0,1.185796,0.1457329,24.0
2014-07-02,0.0,1.260224,0.07471675,24.0
2014-07-03,0.0,1.157467,0.08085704,24.0
2014-07-04,0.0,0.9080718,0.02281219,24.0
2014-07-05,0.0,0.7301397,0.0005083084,24.0
2014-07-06,0.0,0.7046762,0.02503514,24.0
2014-07-07,0.0,0.633027,-0.01049691,24.0
2014-07-08,0.0,0.9307784,-0.05044603,24.0
2014-07-09,0.0,1.073512,-0.003208339,24.0
2014-07-10,0.0,1.078559,-0.04820907,24.0
2014-07-11,0.0,1.210877,0.0983969,24.0
2014-07-12,0.0,1.2747169999999999,0.06170696,24.0
2014-07-13,0.0,1.318703,0.01385838,24.0
2014-07-14,0.0,1.21575,0.1186713,24.0
2014-07-15,56.11,1.128134,0.02377945,24.0
2014-07-16,4.351,1.067307,0.01870084,24.0
2014-07-17,0.458,0.9752149999999999,-0.01132619,24.0
2014-07-18,0.458,0.9297266999999999,-0.042223870000000004,24.0
2014-07-19,0.229,0.9773231,-0.04419714,24.0
2014-07-20,0.0,1.195028,0.012801110000000001,24.0
2014-07-21,0.0,0.8634706999999999,-0.03154683,24.0
2014-07-22,0.0,0.7505242999999999,-0.10675019999999999,24.0
2014-07-23,0.0,0.7507956,-0.12370969999999999,24.0
2014-07-24,0.0,0.7670418999999999,-0.1365109,24.0
2014-07-25,4.122,1.078864,-0.1329941,24.0
2014-07-26,0.229,1.5007579999999998,0.05883497,24.0
2014-07-27,0.0,1.319883,-0.07356077,24.0
2014-07-28,0.229,1.303377,-0.10301099999999999,24.0
2014-07-29,1.603,1.236321,-0.09771276,24.0
2014-07-30,3.206,1.074411,-0.055632,24.0
2014-07-31,1.374,0.8307861,-0.04476494,24.0
2014-08-01,0.0,0.8813578,-0.1040083,24.0
2014-08-02,0.916,0.8695643,-0.1284031,24.0
2014-08-03,0.0,0.7184461,-0.09585756000000001,24.0
2014-08-04,0.0,0.6452785,-0.1266174,24.0
2014-08-05,4.351,0.7395762,-0.11771519999999999,24.0
2014-08-06,0.0,0.9248463,-0.01467061,24.0
2014-08-07,0.0,0.9026253,-0.16228779999999998,24.0
2014-08-08,0.0,0.6130477999999999,-0.185305,24.0
2014-08-09,0.0,1.113927,-0.1861407,24.0
2014-08-10,0.0,1.260108,-0.17445639999999998,24.0
2014-08-11,0.0,1.262645,-0.1746895,24.0
2014-08-12,0.0,1.213207,-0.1897712,24.0
2014-08-13,25.65,1.383104,-0.17716469999999998,24.0
2014-08-14,7.557,1.5153210000000001,0.3402598,24.0
2014-08-15,0.0,1.284688,0.02772111,24.0
2014-08-16,2.29,1.052269,-0.06210864,24.0
2014-08-17,28.63,1.1266829999999999,-0.08242809999999999,24.0
2014-08-18,6.641,1.11866,0.37266459999999996,24.0
2014-08-19,0.0,0.7485693999999999,0.13898839999999998,24.0
2014-08-20,10.76,0.7834263,0.01861948,24.0
2014-08-21,9.16,0.7179567,-0.03867787,24.0
2014-08-22,15.34,0.9394593,-0.037765799999999995,24.0
2014-08-23,2.748,0.9265177,-0.1105326,24.0
2014-08-24,0.0,1.076308,-0.133536,24.0
2014-08-25,0.0,1.057712,-0.14673319999999998,24.0
2014-08-26,0.0,1.186317,-0.1616744,24.0
2014-08-27,2.977,1.461852,-0.1511437,24.0
2014-08-28,0.0,1.533108,-0.1485494,24.0
2014-08-29,0.0,1.5535999999999999,-0.01377428,24.0
2014-08-30,0.0,1.18968,-0.1466973,24.0
2014-08-31,0.0,0.8749192,-0.1948439,24.0
2014-09-01,4.351,0.6644776,-0.1946358,24.0
2014-09-02,7.557,0.80905,0.06898165,24.0
2014-09-03,6.412,0.8724202999999999,-0.011074899999999999,24.0
2014-09-04,19.24,0.8388422,0.2259077,24.0
2014-09-05,0.0,0.7516115999999999,0.08230948,24.0
2014-09-06,0.0,0.7663207,0.104836,24.0
2014-09-07,0.0,0.7665228,0.10324359999999999,24.0
2014-09-08,0.0,0.8788336999999999,0.005949318,24.0
2014-09-09,0.0,1.2704,-0.03414482,24.0
2014-09-10,0.0,1.492426,-0.04859644,24.0
2014-09-11,0.0,1.2964259999999999,-0.09001845,24.0
2014-09-12,0.0,1.377314,-0.06563622,24.0
2014-09-13,2.061,1.277007,-0.03949738,24.0
2014-09-14,0.229,1.077515,-0.07184118,24.0
2014-09-15,0.0,0.8359652,-0.1066786,24.0
2014-09-16,0.0,0.8054357999999999,-0.14054429999999998,24.0
2014-09-17,0.0,0.9695940999999999,-0.12363199999999999,24.0
2014-09-18,0.0,0.9944791,0.008391857,24.0
2014-09-19,23.13,0.8083570999999999,-0.1789134,24.0
2014-09-20,12.14,0.8977352,0.17761849999999998,24.0
2014-09-21,5.496,1.060059,0.07707781,24.0
2014-09-22,0.0,1.286049,0.03572851,24.0
2014-09-23,0.0,1.3784480000000001,-0.07050699,24.0
2014-09-24,0.0,1.006582,-0.1315144,24.0
2014-09-25,11.91,0.9694693999999999,-0.1413158,24.0
2014-09-26,1.603,1.19586,0.05555558,24.0
2014-09-27,4.351,1.135917,0.035103499999999996,24.0
2014-09-28,11.22,1.1825890000000001,0.1157397,24.0
2014-09-29,10.3,1.098643,0.18762389999999998,24.0
2014-09-30,9.39,0.8938261999999999,0.3396074,24.0
2014-10-01,8.01,1.009907,0.3227268,24.0
2014-10-02,9.16,1.214508,0.5076214,24.0
2014-10-03,0.0,1.0850819999999999,0.3130029,24.0
2014-10-04,0.0,0.9568388,0.1321191,24.0
2014-10-05,0.0,0.9320586999999999,0.03441125,24.0
2014-10-06,0.0,0.8917577,-0.005242527,24.0
2014-10-07,0.229,0.9071648999999999,-0.043214380000000004,24.0
2014-10-08,0.0,1.002341,-0.058232070000000004,24.0
2014-10-09,0.0,1.239552,-0.06168544,24.0
2014-10-10,0.0,1.41561,-0.06713802,24.0
2014-10-11,0.0,1.273978,-0.09539062,24.0
2014-10-12,0.0,1.222815,-0.06325501,24.0
2014-10-13,0.0,1.173675,-0.12378829999999999,24.0
2014-10-14,0.687,0.8614643,-0.1233113,24.0
2014-10-15,0.458,0.9251149,-0.13384279999999998,24.0
2014-10-16,4.122,0.8010223,-0.0840354,24.0
2014-10-17,0.458,0.7680646999999999,-0.04019243,24.0
2014-10-18,5.038,0.7685714,-0.1393872,24.0
2014-10-19,1.145,0.9489449999999999,-0.07407081,24.0
2014-10-20,4.58,1.040195,-0.1100752,24.0
2014-10-21,0.229,1.162368,-0.0575462,24.0
2014-10-22,0.229,1.2593429999999999,-0.1309167,24.0
2014-10-23,0.0,1.100831,-0.1724714,24.0
2014-10-24,0.0,1.014644,-0.1884455,24.0
2014-10-25,0.0,1.155268,-0.1946674,24.0
2014-10-26,0.0,1.208291,-0.1788841,24.0
2014-10-27,0.687,1.252358,-0.17864629999999998,24.0
2014-10-28,0.229,1.152675,-0.1893057,24.0
2014-10-29,0.0,0.9123342,-0.2060495,24.0
2014-10-30,0.0,0.7700954999999999,-0.22320949999999998,24.0
2014-10-31,0.0,0.8540051,-0.2106257,24.0
2014-11-01,0.0,0.9425321999999999,-0.18605349999999998,24.0
2014-11-02,2.748,0.9741086,-0.24190189999999998,24.0
2014-11-03,1.374,0.9786602,-0.2167239,24.0
2014-11-04,0.458,1.106438,-0.20715409999999998,24.0
2014-11-05,18.78,1.064886,-0.22585339999999998,24.0
2014-11-06,3.435,1.2300309999999999,0.01133317,24.0
2014-11-07,0.687,1.495968,0.03280985,24.0
2014-11-08,10.53,1.32529,0.03246039,24.0
2014-11-09,0.0,1.2873109999999999,-0.02987963,24.0
2014-11-10,0.0,1.247597,-0.1318253,24.0
2014-11-11,0.0,1.160095,-0.1818889,24.0
2014-11-12,0.0,0.9979644999999999,-0.21356989999999998,24.0
2014-11-13,0.0,0.8804111,-0.2133975,24.0
2014-11-14,0.0,0.8756657,-0.2342368,24.0
2014-11-15,3.893,1.0838,0.01224273,24.0
2014-11-16,0.458,0.8398316,-0.07049989999999999,24.0
2014-11-17,0.0,0.7792612,-0.2226774,24.0
2014-11-18,0.0,0.9197485,-0.1743661,24.0
2014-11-19,0.0,0.9512029999999999,-0.2689779,24.0
2014-11-20,0.0,0.8463556999999999,-0.2871996,24.0
2014-11-21,6.641,0.8175975999999999,-0.2685357,24.0
2014-11-22,1.145,1.206116,-0.2334327,24.0
2014-11-23,19.01,1.197471,-0.1107904,24.0
2014-11-24,2.061,1.204024,-0.15178339999999998,24.0
2014-11-25,3.435,1.386401,-0.1175415,24.0
2014-11-26,20.15,1.126746,-0.1115158,24.0
2014-11-27,2.061,1.268669,0.01106352,24.0
2014-11-28,1.145,1.258713,-0.008742690000000001,24.0
2014-11-29,0.0,1.000744,-0.1231524,24.0
2014-11-30,2.519,0.9656916,-0.1628684,24.0
2014-12-01,0.687,0.6077800999999999,-0.21110489999999998,24.0
2014-12-02,0.229,0.7263550999999999,-0.8551057999999999,24.0
2014-12-03,0.0,0.8467401,-0.26040199999999997,24.0
2014-12-04,17.86,1.122169,-0.22025509999999998,24.0
2014-12-05,5.496,1.189622,-0.01507318,24.0
2014-12-06,0.0,1.342985,-0.16665059999999998,24.0
2014-12-07,0.0,1.187696,-0.23738769999999998,24.0
2014-12-08,1.374,1.079401,-0.2747172,24.0
2014-12-09,0.0,1.00225,-0.28892249999999997,24.0
2014-12-10,12.37,1.097827,-0.2591843,24.0
2014-12-11,3.435,1.009975,-0.2597451,24.0
2014-12-12,21.76,0.9648981999999999,-0.26176289999999997,24.0
2014-12-13,3.893,1.05689,-0.1720922,24.0
2014-12-14,24.05,0.8964207,-0.07044119,24.0
2014-12-15,1.145,0.9104717,0.24542689999999998,24.0
2014-12-16,0.229,0.8850131,0.1232799,24.0
2014-12-17,0.229,0.8330004999999999,-0.05208081,24.0
2014-12-18,0.0,0.8311871,-0.239178,24.0
2014-12-19,0.687,0.8572626999999999,-0.2587211,24.0
2014-12-20,2.748,1.175381,-0.103074,24.0
2014-12-21,0.0,1.149151,-0.1789068,24.0
2014-12-22,0.229,1.139418,-0.2518588,24.0
2014-12-23,34.12,1.4414959999999999,-0.002240956,24.0
2014-12-24,6.183,1.697012,0.49424389999999996,24.0
2014-12-25,12.14,1.378307,0.4906278,24.0
2014-12-26,3.206,1.33332,0.3987676,24.0
2014-12-27,4.351,1.090258,0.2407039,24.0
2014-12-28,0.229,1.066154,0.3019946,24.0
2014-12-29,4.809,1.043463,0.14012339999999998,24.0
2014-12-30,24.05,1.255335,0.1696103,24.0
2014-12-31,0.0,1.221926,0.1557748,24.0
2015-01-01,8.7,0.9508433,0.02220774,24.0
2015-01-02,0.229,1.045946,-0.04663152,24.0
2015-01-03,22.44,1.090255,0.006128013000000001,24.0
2015-01-04,2.061,1.355006,0.17878719999999998,24.0
2015-01-05,0.0,1.360351,0.01210004,24.0
2015-01-06,12.14,1.443356,0.021078470000000002,24.0
2015-01-07,2.29,1.477449,0.2722543,24.0
2015-01-08,1.145,1.147082,0.01861864,24.0
2015-01-09,0.0,1.18561,0.03165299,24.0
2015-01-10,2.519,1.281752,0.04739827,24.0
2015-01-11,8.7,1.178463,0.03349018,24.0
2015-01-12,3.206,1.004135,0.08029789,24.0
2015-01-13,16.03,1.166481,0.04188472,24.0
2015-01-14,0.0,0.9255327999999999,0.20906439999999998,24.0
2015-01-15,16.26,0.931124,0.04545581,24.0
2015-01-16,1.145,1.003129,-0.02903396,24.0
2015-01-17,0.229,0.9950825999999999,-0.05368584,24.0
2015-01-18,25.42,1.012436,-0.07521963,24.0
2015-01-19,0.0,1.162127,-0.1298646,24.0
2015-01-20,4.122,1.370345,0.1525898,24.0
2015-01-21,10.3,1.369584,0.135551,24.0
2015-01-22,0.0,1.527632,0.2616197,24.0
2015-01-23,16.95,1.589273,0.2500532,24.0
2015-01-24,0.229,1.420774,0.3771044,24.0
2015-01-25,0.0,1.174796,0.1493406,24.0
2015-01-26,17.17,1.455952,0.01695246,24.0
2015-01-27,0.0,1.084172,0.3934436,24.0
2015-01-28,2.061,0.9396922999999999,0.09769535,24.0
2015-01-29,26.79,0.9018735,0.08008373,24.0
2015-01-30,7.328,1.076164,0.04016006,24.0
2015-01-31,1.603,1.113599,0.1151232,24.0
2015-02-01,2.29,1.19277,0.2387098,24.0
2015-02-02,0.0,1.183163,0.02165896,24.0
2015-02-03,0.0,1.065664,-0.062288699999999995,24.0
2015-02-04,25.65,1.107762,-0.061749990000000005,24.0
2015-02-05,19.01,1.297461,0.23428059999999998,24.0
2015-02-06,19.01,1.750404,0.9264517999999999,24.0
2015-02-07,1.145,1.46591,0.4196374,24.0
2015-02-08,1.603,1.195858,0.24812949999999998,24.0
2015-02-09,0.458,1.077467,0.1341003,24.0
2015-02-10,0.0,1.032315,0.07459646,24.0
2015-02-11,6.412,0.8819003999999999,0.01831168,24.0
2015-02-12,5.954,0.8215391999999999,-0.01775521,24.0
2015-02-13,27.25,1.551035,0.14107419999999998,24.0
2015-02-14,48.32,1.440658,0.4958897,24.0
2015-02-15,27.48,1.555359,0.6482576,24.0
2015-02-16,10.53,1.57767,0.9535286,24.0
2015-02-17,3.664,1.421849,0.5527164,24.0
2015-02-18,14.88,1.511711,0.7821481,24.0
2015-02-19,2.061,1.528969,0.7198384999999999,24.0
2015-02-20,8.47,1.491144,0.524,24.0
2015-02-21,21.3,1.392717,0.3848391,24.0
2015-02-22,1.374,1.552239,0.5050811,24.0
2015-02-23,1.145,1.252024,0.32608929999999997,24.0
2015-02-24,0.0,1.050148,0.20131849999999998,24.0
2015-02-25,17.63,1.160326,0.1778156,24.0
2015-02-26,0.229,0.9490130999999999,0.3490142,24.0
2015-02-27,0.229,0.8794432,0.2319852,24.0
2015-02-28,3.435,1.093731,0.41172909999999996,24.0
2015-03-01,1.603,1.128521,0.5676388,24.0
2015-03-02,0.229,1.160978,0.3384781,24.0
2015-03-03,0.0,1.199899,0.1761878,24.0
2015-03-04,0.0,0.9872055999999999,0.08166748,24.0
2015-03-05,0.0,1.066167,0.04220587,24.0
2015-03-06,1.145,1.157504,0.026567280000000002,24.0
2015-03-07,27.25,1.271384,0.08803451,24.0
2015-03-08,2.061,1.529274,0.6833347,24.0
2015-03-09,0.229,1.204062,0.31159909999999996,24.0
2015-03-10,9.85,1.191711,0.235697,24.0
2015-03-11,15.11,1.448175,0.3957769,24.0
2015-03-12,0.229,1.142547,0.5048838,24.0
2015-03-13,41.91,1.03849,0.42175809999999997,24.0
2015-03-14,5.496,2.050653,0.7443044,24.0
2015-03-15,18.55,1.243963,0.4481555,24.0
2015-03-16,2.977,1.02225,0.2697679,24.0
2015-03-17,7.328,1.240636,0.2817941,24.0
2015-03-18,2.977,1.403965,0.5618283,24.0
2015-03-19,0.0,1.295937,0.2636099,24.0
2015-03-20,0.0,1.3767209999999999,0.1819351,24.0
2015-03-21,0.0,1.467521,0.1822286,24.0
2015-03-22,7.328,1.499303,0.1367631,24.0
2015-03-23,0.0,1.784096,0.43241789999999997,24.0
2015-03-24,1.374,1.538395,0.2600224,24.0
2015-03-25,6.87,1.186636,0.1750439,24.0
2015-03-26,0.0,0.9945307,0.07674211,24.0
2015-03-27,0.0,0.9512817,0.04062319,24.0
2015-03-28,15.11,1.096447,0.2407345,24.0
2015-03-29,7.786,1.242957,0.4274421,24.0
2015-03-30,2.061,1.684762,1.243998,24.0
2015-03-31,0.458,1.644698,1.170351,24.0
2015-04-01,0.0,1.516607,0.6734945999999999,24.0
2015-04-02,0.0,1.29109,0.40078759999999997,24.0
2015-04-03,0.0,1.367608,0.257338,24.0
2015-04-04,0.0,1.2512400000000001,0.17455179999999998,24.0
2015-04-05,0.0,1.114819,0.1367389,24.0
2015-04-06,10.99,1.2757939999999999,0.1163449,24.0
2015-04-07,3.435,1.618248,0.2488022,24.0
2015-04-08,0.0,1.3240020000000001,0.14742909999999998,24.0
2015-04-09,0.0,1.10326,0.06015599,24.0
2015-04-10,0.229,0.9315479999999999,0.02114439,24.0
2015-04-11,1.145,0.792164,0.01794845,24.0
2015-04-12,0.0,0.8364594999999999,0.014225660000000001,24.0
2015-04-13,0.0,0.9354237,-0.007314503000000001,24.0
2015-04-14,0.0,0.9741858999999999,-0.03873217,24.0
2015-04-15,0.0,0.9360151999999999,-0.08503199,24.0
2015-04-16,0.0,1.031705,-0.1060889,24.0
2015-04-17,18.32,1.3837869999999999,-0.08193761000000001,24.0
2015-04-18,61.14,1.343203,0.4454764,24.0
2015-04-19,0.0,1.310606,0.1950824,24.0
2015-04-20,0.458,1.5612249999999999,0.1548445,24.0
2015-04-21,15.8,1.489408,0.1434783,24.0
2015-04-22,0.687,1.5276269999999998,0.4080585,24.0
2015-04-23,26.56,1.55833,0.47157109999999997,24.0
2015-04-24,11.45,1.6994500000000001,1.169652,24.0
2015-04-25,2.061,1.382407,0.7444911,24.0
2015-04-26,0.0,1.050608,0.4410559,24.0
2015-04-27,2.519,0.9511592,0.3416134,24.0
2015-04-28,6.87,0.9546163999999999,0.29765159999999996,24.0
2015-04-29,0.229,1.04565,0.264856,24.0
2015-04-30,2.977,1.230768,0.34385679999999996,24.0
2015-05-01,1.832,1.284376,0.2983055,24.0
2015-05-02,0.0,1.091435,0.1285877,24.0
2015-05-03,0.0,1.030966,0.06325972,24.0
2015-05-04,5.267,0.9356028,0.03138393,24.0
2015-05-05,3.893,1.334227,0.1391449,24.0
2015-05-06,0.0,1.436175,0.1603549,24.0
2015-05-07,0.229,1.310174,0.04102057,24.0
2015-05-08,0.229,1.482012,0.07114547,24.0
2015-05-09,0.0,1.232197,0.02230942,24.0
2015-05-10,0.0,0.9633305999999999,-0.03392488,24.0
2015-05-11,11.68,0.9671323,-0.01398975,24.0
2015-05-12,0.0,0.9742086999999999,0.1098435,24.0
2015-05-13,5.038,0.9340548999999999,0.005649507000000001,24.0
2015-05-14,2.29,0.9731559,0.1128433,24.0
2015-05-15,8.01,0.8508667,0.05940723,24.0
2015-05-16,17.63,0.9774864,0.1463152,24.0
2015-05-17,1.145,1.085222,0.08585626,24.0
2015-05-18,15.57,1.178381,0.047507640000000004,24.0
2015-05-19,11.68,1.277885,0.12303299999999999,24.0
2015-05-20,50.15,1.670753,0.2311336,24.0
2015-05-21,18.55,1.362625,0.5795281,24.0
2015-05-22,0.687,1.186623,0.2698041,24.0
2015-05-23,0.229,0.9757235999999999,0.1626731,24.0
2015-05-24,0.0,0.9195618999999999,0.08834946,24.0
2015-05-25,8.47,0.9343209,0.07266879,24.0
2015-05-26,1.145,1.124375,0.3006272,24.0
2015-05-27,22.9,1.181349,0.5236081,24.0
2015-05-28,34.12,1.773131,1.180382,24.0
2015-05-29,0.0,1.441208,0.7312059,24.0
2015-05-30,0.0,1.283459,0.43912609999999996,24.0
2015-05-31,0.0,1.113996,0.2703061,24.0
2015-06-01,0.0,1.229553,0.1847161,24.0
2015-06-02,0.0,1.235593,0.1363535,24.0
2015-06-03,0.0,1.267118,0.08892554,24.0
2015-06-04,0.0,1.169743,0.05424732,24.0
2015-06-05,0.0,1.170842,0.02764857,24.0
2015-06-06,0.0,1.305593,0.009277642000000001,24.0
2015-06-07,0.0,1.201651,-0.009685695000000001,24.0
2015-06-08,0.0,1.149031,-0.0017490390000000002,24.0
2015-06-09,0.0,1.211042,0.007317245000000001,24.0
2015-06-10,0.0,1.108634,0.056578699999999996,24.0
2015-06-11,0.0,0.9987881,-0.04061693,24.0
2015-06-12,3.893,1.126689,-0.04091895,24.0
2015-06-13,14.66,1.307648,0.02702928,24.0
2015-06-14,23.59,1.445235,0.5790658,24.0
2015-06-15,11.22,1.417055,0.2848005,24.0
2015-06-16,6.183,1.5299610000000001,0.43269409999999997,24.0
2015-06-17,0.0,1.483328,0.2649465,24.0
2015-06-18,0.0,1.422507,0.10666479999999999,24.0
2015-06-19,27.25,1.595264,0.08876032,24.0
2015-06-20,0.0,1.571821,0.5843477,24.0
2015-06-21,0.0,1.223948,0.23424029999999998,24.0
2015-06-22,0.229,0.978985,0.12254119999999999,24.0
2015-06-23,0.229,0.8954053,0.06101835,24.0
2015-06-24,0.0,1.128468,0.06764513,24.0
2015-06-25,0.0,0.9154403,0.1790076,24.0
2015-06-26,0.0,0.8818533,0.05802053,24.0
2015-06-27,0.0,0.5684739,-0.006215274000000001,24.0
2015-06-28,0.0,0.5852807,0.06750697,24.0
2015-06-29,0.0,0.6968502,0.007970154,24.0
2015-06-30,0.0,0.9444463999999999,-0.04031861,24.0
2015-07-01,0.0,1.013289,-0.06730843,24.0
2015-07-02,0.0,1.214307,-0.07133406,24.0
2015-07-03,0.0,1.391169,-0.02577436,24.0
2015-07-04,6.641,1.34591,-0.05212551,24.0
2015-07-05,0.0,1.512127,-0.062151370000000004,24.0
2015-07-06,0.0,1.588296,0.08527482,24.0
2015-07-07,0.0,1.17787,-0.0645256,24.0
2015-07-08,0.0,0.9855039,-0.08103526,24.0
2015-07-09,274.8,1.141303,-0.06657159,24.0
2015-07-10,0.0,1.147189,0.23664369999999998,24.0
2015-07-11,0.0,0.9968269,0.04169226,24.0
2015-07-12,0.0,0.8532134,0.1190334,24.0
2015-07-13,0.0,1.234459,0.02516782,24.0
2015-07-14,0.0,1.2229079999999999,0.2422898,24.0
2015-07-15,0.0,1.199286,0.1381623,24.0
2015-07-16,0.0,1.466591,0.47280049999999996,24.0
2015-07-17,0.0,1.2791839999999999,0.186631,24.0
2015-07-18,0.0,1.328639,0.5762706,24.0
2015-07-19,0.0,1.359661,0.2514149,24.0
2015-07-20,0.0,1.143841,0.11467219999999999,24.0
2015-07-21,0.0,1.146594,0.05942333,24.0
2015-07-22,0.0,1.327522,0.07553792000000001,24.0
2015-07-23,0.0,1.073332,0.16996529999999999,24.0
2015-07-24,0.0,0.776648,0.08646578,24.0
2015-07-25,0.0,0.82679,0.11307149999999999,24.0
2015-07-26,0.0,0.9960986,0.3557726,24.0
2015-07-27,0.0,1.003932,0.15624849999999998,24.0
2015-07-28,0.0,0.9880266999999999,0.02512562,24.0
2015-07-29,0.0,0.9037894,-0.02441961,24.0
2015-07-30,0.0,1.023158,-0.054641840000000004,24.0
2015-07-31,0.0,1.172168,-0.06887543,24.0
2015-08-01,0.0,1.329459,-0.09112787,24.0
2015-08-02,0.0,1.17021,-0.09545064,24.0
2015-08-03,0.0,1.28163,-0.09890461,24.0
2015-08-04,0.0,1.302257,-0.08959293,24.0
2015-08-05,0.0,1.223156,-0.09568638,24.0
2015-08-06,0.0,1.152022,-0.09075534,24.0
2015-08-07,0.0,1.012811,-0.09783214,24.0
2015-08-08,0.0,0.8667444,-0.1487083,24.0
2015-08-09,0.0,0.5666850999999999,-0.17762889999999998,24.0
2015-08-10,0.0,0.7381743,-0.1774439,24.0
2015-08-11,36.64,0.7806116,-0.1840375,24.0
2015-08-12,0.0,0.9003806,-0.1998405,24.0
2015-08-13,0.0,1.161467,-0.19175299999999998,24.0
2015-08-14,0.0,1.07893,-0.1960829,24.0
2015-08-15,0.0,1.155883,-0.21259589999999998,24.0
2015-08-16,0.0,1.2911519999999999,-0.2127894,24.0
2015-08-17,0.0,1.214312,-0.2075804,24.0
2015-08-18,0.0,1.149297,-0.2065756,24.0
2015-08-19,0.0,1.0747659999999999,-0.2268085,24.0
2015-08-20,0.0,1.030251,-0.236237,24.0
2015-08-21,0.0,1.065939,-0.20348809999999998,24.0
2015-08-22,0.687,0.802762,-0.16685529999999998,24.0
2015-08-23,0.0,0.5965959,-0.19480899999999998,24.0
2015-08-24,0.687,0.6338804,-0.2350872,24.0
2015-08-25,6.641,1.192943,0.036492290000000004,24.0
2015-08-26,1.374,1.200507,-0.1283204,24.0
2015-08-27,1.832,1.048623,-0.21198399999999998,24.0
2015-08-28,13.28,0.8154119999999999,-0.04433441,24.0
2015-08-29,0.0,1.153572,-0.1284628,24.0
2015-08-30,0.0,1.413087,-0.1995863,24.0
2015-08-31,0.0,1.258922,-0.22724619999999998,24.0
2015-09-01,0.0,1.329551,-0.226662,24.0
2015-09-02,2.061,1.417618,-0.1545369,24.0
2015-09-03,6.641,1.2816269999999998,-0.0541563,24.0
2015-09-04,33.2,1.209365,0.1264783,24.0
2015-09-05,15.34,1.12743,0.39004089999999997,24.0
2015-09-06,3.435,1.149831,0.4632194,24.0
2015-09-07,2.29,0.8412624999999999,0.1347439,24.0
2015-09-08,3.206,0.9998556,0.04138505,24.0
2015-09-09,18.55,0.9922506999999999,0.15975989999999998,24.0
2015-09-10,0.0,1.246446,0.3090417,24.0
2015-09-11,2.519,1.068134,0.01041096,24.0
2015-09-12,4.58,1.451265,0.003915429000000001,24.0
2015-09-13,0.458,1.514176,0.1021652,24.0
2015-09-14,0.0,1.5385119999999999,0.02281505,24.0
2015-09-15,0.0,1.340513,-0.09040987,24.0
2015-09-16,0.0,1.221053,-0.1379645,24.0
2015-09-17,0.0,1.021176,-0.1573521,24.0
2015-09-18,34.35,1.21943,-0.15448119999999999,24.0
2015-09-19,3.206,1.082065,0.151114,24.0
2015-09-20,0.458,0.9490932999999999,0.10934369999999999,24.0
2015-09-21,0.0,0.9620358,0.15650319999999998,24.0
2015-09-22,0.0,0.8779591,0.03562796,24.0
2015-09-23,0.0,0.9743149999999999,-0.060010310000000004,24.0
2015-09-24,0.458,0.9500711,-0.1263037,24.0
2015-09-25,1.145,1.042641,-0.1512395,24.0
2015-09-26,23.82,1.05865,-0.16816499999999998,24.0
2015-09-27,4.122,1.264199,0.1296268,24.0
2015-09-28,32.29,1.4854829999999999,0.12575809999999998,24.0
2015-09-29,0.0,1.679618,0.5678438,24.0
2015-09-30,0.0,1.679294,0.19039789999999998,24.0
2015-10-01,0.916,1.379347,0.10889149999999999,24.0
2015-10-02,5.725,1.449138,0.16831859999999998,24.0
2015-10-03,10.53,1.236824,0.1628954,24.0
2015-10-04,1.603,0.9662341999999999,0.2950122,24.0
2015-10-05,8.7,1.273117,0.27425309999999997,24.0
2015-10-06,2.061,1.128804,0.34906539999999997,24.0
2015-10-07,0.229,0.8385535,0.1201679,24.0
2015-10-08,0.0,0.7054174,0.05229092,24.0
2015-10-09,30.69,1.271816,0.027807830000000002,24.0
2015-10-10,7.328,1.457149,0.7579575,24.0
2015-10-11,12.82,1.364483,0.4885949,24.0
2015-10-12,114.3,1.612952,0.7811796999999999,24.0
2015-10-13,127.8,1.369686,0.5664144999999999,24.0
2015-10-14,26.79,1.333631,0.421506,24.0
2015-10-15,38.93,1.642931,0.6267576,24.0
2015-10-16,5.725,1.286524,0.4471513,24.0
2015-10-17,2.519,1.021611,0.31848489999999996,24.0
2015-10-18,0.687,1.211905,0.3198205,24.0
2015-10-19,0.916,1.395389,0.3624154,24.0
2015-10-20,1.603,0.9994396999999999,0.2843814,24.0
2015-10-21,0.687,0.8226150999999999,0.09831566,24.0
2015-10-22,194.0,1.059737,0.1307989,24.0
2015-10-23,166.9,3.175142,0.5401534,24.0
2015-10-24,0.0,2.611448,0.8471892999999999,24.0
2015-10-25,0.0,1.358613,0.6077743999999999,24.0
2015-10-26,0.0,1.6112250000000001,0.5543958,24.0
2015-10-27,0.0,1.5567980000000001,0.4947793,24.0
2015-10-28,0.0,1.445093,0.3594843,24.0
2015-10-29,0.0,1.485657,0.3356839,24.0
2015-10-30,0.458,1.401208,0.5048948999999999,24.0
2015-10-31,0.0,1.450113,0.8615278,24.0
2015-11-01,0.0,1.187148,0.59928,24.0
2015-11-02,3.435,1.330807,0.6002704,24.0
2015-11-03,12.82,1.771087,1.01059,24.0
2015-11-04,4.351,1.700078,1.136661,24.0
2015-11-05,22.67,2.582932,1.022596,24.0
2015-11-06,0.0,2.418691,1.423407,24.0
2015-11-07,0.916,1.712095,1.243644,24.0
2015-11-08,1.374,1.375834,0.8814329999999999,24.0
2015-11-09,21.53,1.409589,0.8572624,24.0
2015-11-10,0.687,1.414844,0.7707047,24.0
2015-11-11,0.0,1.150538,0.5533981,24.0
2015-11-12,0.0,1.199552,0.461115,24.0
2015-11-13,4.351,1.303507,0.4014269,24.0
2015-11-14,3.206,1.283185,0.3710109,24.0
2015-11-15,0.229,1.1370879999999999,0.3426689,24.0
2015-11-16,1.145,1.425449,0.3923625,24.0
2015-11-17,1.145,1.307429,0.31285769999999996,24.0
2015-11-18,4.122,1.06906,0.2845182,24.0
2015-11-19,12.37,1.52014,0.3824781,24.0
2015-11-20,21.53,1.455071,0.5424989,24.0
2015-11-21,1.374,1.513398,0.8796113999999999,24.0
2015-11-22,4.809,1.308471,0.5400619999999999,24.0
2015-11-23,5.725,1.332303,0.3690773,24.0
2015-11-24,17.63,1.2852000000000001,0.5163285,24.0
2015-11-25,5.267,1.687212,0.6797943,24.0
2015-11-26,5.038,1.6061860000000001,0.4895678,24.0
2015-11-27,7.557,1.592558,0.7338222999999999,24.0
2015-11-28,6.87,1.409997,0.5904739999999999,24.0
2015-11-29,3.893,1.166227,0.4135102,24.0
2015-11-30,15.57,1.380195,0.42961059999999995,24.0
2015-12-01,8.01,1.3355380000000001,0.479695,24.0
2015-12-02,0.458,1.195034,0.4327567,24.0
2015-12-03,10.3,0.9816710999999999,0.3438717,24.0
2015-12-04,8.24,0.989547,0.43989429999999996,24.0
2015-12-05,9.16,1.423958,0.5844306,24.0
2015-12-06,0.458,1.379148,0.6301583,24.0
2015-12-07,25.42,1.564322,0.6294795,24.0
2015-12-08,2.748,1.6226319999999999,0.8230611,24.0
2015-12-09,2.748,1.443694,0.6123195,24.0
2015-12-10,0.687,1.11471,0.4116784,24.0
2015-12-11,3.435,1.429167,0.5195613,24.0
2015-12-12,0.687,1.471339,0.4524873,24.0
2015-12-13,0.458,1.254186,0.3575484,24.0
2015-12-14,8.47,1.275272,0.3009365,24.0
2015-12-15,1.145,1.283242,0.2597349,24.0
2015-12-16,0.0,1.352037,0.2553767,24.0
2015-12-17,0.0,1.28786,0.24914219999999998,24.0
2015-12-18,0.0,1.220408,0.2286503,24.0
2015-12-19,0.0,0.9425045,0.1242894,24.0
2015-12-20,22.9,1.24264,0.1263424,24.0
2015-12-21,33.2,1.565329,0.7462833,24.0
2015-12-22,18.09,1.6023990000000001,1.163897,24.0
2015-12-23,0.0,1.5270100000000002,0.6222035,24.0
2015-12-24,4.351,1.205291,0.38778399999999996,24.0
2015-12-25,0.916,1.2755589999999999,0.3894612,24.0
2015-12-26,2.977,1.42548,0.5329288,24.0
2015-12-27,1.145,1.555835,0.5170070999999999,24.0
2015-12-28,0.229,1.4590100000000001,0.5242455,24.0
2015-12-29,32.98,2.032636,1.41511,24.0
2015-12-30,5.496,1.726645,1.148559,24.0
2015-12-31,0.0,1.355686,0.6362468,24.0
2016-01-01,0.229,1.011818,0.5154413,24.0
2016-01-02,8.93,1.187304,0.49348509999999995,24.0
2016-01-03,5.954,1.016759,0.6913205,24.0
2016-01-04,3.435,1.101965,0.8167287999999999,24.0
2016-01-05,1.603,1.001518,0.7211384,24.0
2016-01-06,0.0,0.8743596,0.4884958,24.0
2016-01-07,0.229,0.8593046999999999,0.35716919999999996,24.0
2016-01-08,0.0,1.09001,0.3001909,24.0
2016-01-09,0.0,1.258863,0.2687265,24.0
2016-01-10,56.11,1.300146,0.2878872,24.0
2016-01-11,42.82,2.435874,1.300721,24.0
2016-01-12,1.374,2.131259,1.221513,24.0
2016-01-13,0.0,2.171353,1.051315,24.0
2016-01-14,0.0,1.5008759999999999,0.6905291,24.0
2016-01-15,2.29,1.3954360000000001,0.5944520999999999,24.0
2016-01-16,0.0,1.289037,0.5069239999999999,24.0
2016-01-17,0.458,1.065397,0.4089266,24.0
2016-01-18,0.0,1.005705,0.3339435,24.0
2016-01-19,0.0,0.9381387,0.2179794,24.0
2016-01-20,0.0,0.9625100000000001,0.18242419999999998,24.0
2016-01-21,0.0,1.123927,0.1415603,24.0
2016-01-22,2.29,1.136289,0.1245661,24.0
2016-01-23,31.14,1.320716,0.1767663,24.0
2016-01-24,0.0,1.186357,0.1360373,24.0
2016-01-25,0.0,1.137577,0.09618813,24.0
2016-01-26,2.29,1.225257,0.1189708,24.0
2016-01-27,5.725,1.058057,0.08129042,24.0
2016-01-28,3.206,1.32727,0.13396529999999998,24.0
2016-01-29,21.07,1.238617,0.1922891,24.0
2016-01-30,1.145,1.085134,0.2308941,24.0
2016-01-31,0.458,0.8318529,0.144452,24.0
2016-02-01,0.0,0.8947428,0.09583533,24.0
2016-02-02,34.58,0.880227,0.17103659999999998,24.0
2016-02-03,12.14,0.8985515,0.3165575,24.0
2016-02-04,10.99,0.8624436999999999,0.31107029999999997,24.0
2016-02-05,2.519,0.8851001,0.32507569999999997,24.0
2016-02-06,27.71,1.3436379999999999,0.212454,24.0
2016-02-07,0.0,1.4472019999999999,0.4026226,24.0
2016-02-08,0.229,1.336576,0.4485127,24.0
2016-02-09,0.458,1.301417,0.2370167,24.0
2016-02-10,0.0,1.292848,0.145956,24.0
2016-02-11,0.229,1.43215,0.14610289999999998,24.0
2016-02-12,0.0,1.576448,0.3800999,24.0
2016-02-13,0.0,1.269962,0.30103579999999996,24.0
2016-02-14,0.0,0.9857520999999999,0.184273,24.0
2016-02-15,0.229,0.9098449999999999,0.1267121,24.0
2016-02-16,6.183,1.069451,0.1527964,24.0
2016-02-17,11.22,1.077913,0.495332,24.0
2016-02-18,0.458,1.074053,0.33372179999999996,24.0
2016-02-19,0.0,0.9724900000000001,0.2730402,24.0
2016-02-20,0.0,1.053078,0.2103449,24.0
2016-02-21,8.93,1.2804419999999999,0.151389,24.0
2016-02-22,4.809,1.270945,0.27921219999999997,24.0
2016-02-23,29.08,1.482567,0.4817554,24.0
2016-02-24,19.69,1.5113029999999998,0.7610787,24.0
2016-02-25,0.687,1.441022,0.5369413,24.0
2016-02-26,68.24,2.235833,0.4055912,24.0
2016-02-27,0.0,2.458425,0.9133519999999999,24.0
2016-02-28,1.832,1.1333739999999999,0.4978104,24.0
2016-02-29,44.2,1.996192,0.4739469,24.0
2016-03-01,0.458,1.8441459999999998,0.8297416999999999,24.0
2016-03-02,0.0,0.9794727999999999,0.5698504,24.0
2016-03-03,0.916,0.9346097999999999,0.4324126,24.0
2016-03-04,0.229,1.004237,0.5072114,24.0
2016-03-05,0.229,1.096504,0.38406049999999997,24.0
2016-03-06,0.0,1.131243,0.2679974,24.0
2016-03-07,0.458,2.098485,0.7218837,24.0
2016-03-08,0.0,1.5628440000000001,0.3926998,24.0
2016-03-09,0.458,1.477846,0.2912209,24.0
2016-03-10,0.0,1.556966,0.2409537,24.0
2016-03-11,0.0,1.592914,0.2434584,24.0
2016-03-12,0.458,1.749785,0.43826869999999996,24.0
2016-03-13,0.0,1.455176,0.3653818,24.0
2016-03-14,0.0,1.257006,0.3208889,24.0
2016-03-15,0.0,1.156194,0.2136699,24.0
2016-03-16,0.0,0.9254911,0.28239169999999997,24.0
2016-03-17,0.0,0.8963833,0.1525568,24.0
2016-03-18,0.0,0.9675471,0.1333588,24.0
2016-03-19,0.229,0.9742236999999999,0.05877715,24.0
2016-03-20,0.229,1.003753,0.09975868,24.0
2016-03-21,0.229,1.2798180000000001,0.2392598,24.0
2016-03-22,0.458,1.441463,0.2016498,24.0
2016-03-23,0.687,1.281842,0.08202153,24.0
2016-03-24,0.229,1.34344,0.08464092000000001,24.0
2016-03-25,2.29,1.209934,0.07312137,24.0
2016-03-26,0.0,1.443692,0.6500385,24.0
2016-03-27,0.0,1.277485,0.3537682,24.0
2016-03-28,0.229,1.096207,0.1569072,24.0
2016-03-29,0.0,0.8906101,0.09454858000000001,24.0
2016-03-30,0.0,0.9475298,0.07717639,24.0
2016-03-31,1.145,0.9309765,0.09893596,24.0
2016-04-01,6.412,0.9746794999999999,0.1313864,24.0
2016-04-02,0.0,0.8965126999999999,0.1730833,24.0
2016-04-03,0.0,0.8574178,0.03470623,24.0
2016-04-04,6.641,1.023809,0.003293991,24.0
2016-04-05,0.458,1.275134,0.02319771,24.0
2016-04-06,0.0,1.304028,-0.01974142,24.0
2016-04-07,0.0,1.402897,-0.02950084,24.0
2016-04-08,0.0,1.56216,-0.002500296,24.0
2016-04-09,0.0,1.6044939999999999,0.02783978,24.0
2016-04-10,20.61,1.418985,0.07157248000000001,24.0
2016-04-11,27.94,1.5063900000000001,0.12451709999999999,24.0
2016-04-12,14.43,2.03634,0.7142539,24.0
2016-04-13,4.122,1.0588,0.37041569999999996,24.0
2016-04-14,6.183,1.172896,0.2554637,24.0
2016-04-15,0.229,0.7982296999999999,0.11883519999999999,24.0
2016-04-16,0.0,0.7897198999999999,0.08287477,24.0
2016-04-17,0.0,0.7937124999999999,0.01634789,24.0
2016-04-18,0.0,0.8951032,0.007378995,24.0
2016-04-19,0.0,1.006043,-0.008470654000000001,24.0
2016-04-20,0.0,1.204917,-0.035526220000000004,24.0
2016-04-21,0.0,1.12405,-0.06416857000000001,24.0
2016-04-22,0.0,1.265279,-0.06501979000000001,24.0
2016-04-23,5.267,1.216768,-0.07370871,24.0
2016-04-24,0.229,1.2317960000000001,-0.058795810000000004,24.0
2016-04-25,0.0,1.113383,-0.08561885,24.0
2016-04-26,1.832,1.171788,-0.09857261,24.0
2016-04-27,11.45,1.49991,-0.05387282,24.0
2016-04-28,8.7,1.411533,0.4150153,24.0
2016-04-29,0.0,1.290346,0.39994179999999996,24.0
2016-04-30,0.0,1.149235,0.3382503,24.0
2016-05-01,0.0,1.148244,0.08134532,24.0
2016-05-02,0.0,1.321596,0.1773314,24.0
2016-05-03,0.0,1.189389,-0.0737012,24.0
2016-05-04,0.0,1.196249,-0.11845299999999999,24.0
2016-05-05,0.0,1.544034,-0.032887099999999996,24.0
2016-05-06,0.0,1.5148380000000001,-0.07352382,24.0
2016-05-07,3.664,1.478861,-0.030140220000000002,24.0
2016-05-08,0.0,1.582735,0.03646487,24.0
2016-05-09,4.809,1.470933,-0.02861035,24.0
2016-05-10,0.458,1.3685990000000001,0.02836299,24.0
2016-05-11,2.29,1.182815,-0.05514646,24.0
2016-05-12,0.0,1.223619,-0.06576902,24.0
2016-05-13,1.374,1.201996,0.05224437,24.0
2016-05-14,0.458,1.110904,0.07749873,24.0
2016-05-15,0.458,0.8686001,0.05947757,24.0
2016-05-16,14.88,0.8794166999999999,-0.03639114,24.0
2016-05-17,4.809,1.053659,0.32235,24.0
2016-05-18,0.0,1.482114,0.3283371,24.0
2016-05-19,0.0,1.532605,0.1923751,24.0
2016-05-20,0.0,1.559536,0.06225544,24.0
2016-05-21,32.52,1.3350279999999999,-0.07512605,24.0
2016-05-22,8.7,1.495525,0.6125433,24.0
2016-05-23,40.07,1.854591,0.7223997,24.0
2016-05-24,0.229,1.647265,0.6913403,24.0
2016-05-25,2.061,1.4926629999999999,0.3954954,24.0
2016-05-26,2.748,1.305424,0.2803328,24.0
2016-05-27,0.916,1.180877,0.20097109999999999,24.0
2016-05-28,18.55,1.311626,0.1949484,24.0
2016-05-29,4.58,1.237056,0.6662502,24.0
2016-05-30,4.351,1.038414,0.39186909999999997,24.0
2016-05-31,0.229,1.017806,0.22330309999999998,24.0
2016-06-01,0.0,1.120974,0.159359,24.0
2016-06-02,2.748,1.270694,0.1077339,24.0
2016-06-03,0.0,1.5610979999999999,0.4306211,24.0
2016-06-04,0.0,1.595503,0.2366865,24.0
2016-06-05,0.0,1.666507,0.18565109999999999,24.0
2016-06-06,0.0,1.56352,0.1807967,24.0
2016-06-07,0.0,1.654684,0.2320716,24.0
2016-06-08,0.0,1.559615,0.2333479,24.0
2016-06-09,0.0,1.44465,0.08345294,24.0
2016-06-10,0.229,1.653801,0.30022509999999997,24.0
2016-06-11,0.229,1.325912,0.2465667,24.0
2016-06-12,0.0,1.374562,0.4008188,24.0
2016-06-13,0.0,1.250047,0.43853329999999996,24.0
2016-06-14,0.0,1.142065,0.32565079999999996,24.0
2016-06-15,0.0,1.011705,0.09087723,24.0
2016-06-16,0.0,0.9189111999999999,-0.025854830000000002,24.0
2016-06-17,0.0,1.033929,-0.06801903000000001,24.0
2016-06-18,2.748,1.182287,-0.06432933,24.0
2016-06-19,10.08,1.398901,0.12475989999999999,24.0
2016-06-20,2.29,1.301115,0.0397321,24.0
2016-06-21,0.458,1.3384719999999999,-0.01528853,24.0
2016-06-22,14.2,1.438464,0.1325927,24.0
2016-06-23,18.78,1.398124,0.6269155,24.0
2016-06-24,0.0,1.2596129999999999,0.2466609,24.0
2016-06-25,0.0,1.265546,0.1246737,24.0
2016-06-26,0.0,1.116243,0.05791169,24.0
2016-06-27,0.0,0.9911304999999999,0.01301414,24.0
2016-06-28,0.0,0.989261,0.01823777,24.0
2016-06-29,0.0,0.9628749999999999,-0.01733249,24.0
2016-06-30,0.0,0.9573659,-0.05651528,24.0
2016-07-01,0.0,0.9936261,-0.08358592000000001,24.0
2016-07-02,0.0,1.038423,-0.09692502,24.0
2016-07-03,0.0,1.119532,-0.1018688,24.0
2016-07-04,0.0,1.319783,-0.07755947,24.0
2016-07-05,0.0,1.290797,-0.0999375,24.0
2016-07-06,0.0,1.250168,-0.1122431,24.0
2016-07-07,0.0,1.245767,-0.12193369999999999,24.0
2016-07-08,0.0,1.5278559999999999,-0.11052759999999999,24.0
2016-07-09,0.0,1.316576,-0.05387837,24.0
2016-07-10,0.0,1.097832,-0.1276014,24.0
2016-07-11,0.0,0.9599966,-0.1331327,24.0
2016-07-12,0.0,0.8701023999999999,-0.1361027,24.0
2016-07-13,0.0,0.8398241999999999,-0.11383309999999999,24.0
2016-07-14,11.45,0.8018441,-0.07673728,24.0
2016-07-15,0.687,0.7907152,0.04302686,24.0
2016-07-16,6.412,1.002454,-0.1070044,24.0
2016-07-17,38.24,2.514806,0.5630307999999999,24.0
2016-07-18,0.0,1.641557,0.6296676,24.0
2016-07-19,0.0,1.5640049999999999,0.3681701,24.0
2016-07-20,0.0,1.382064,0.14997839999999998,24.0
2016-07-21,0.458,1.248674,0.06503326,24.0
2016-07-22,0.0,1.288857,0.02523685,24.0
2016-07-23,0.0,1.186592,-0.002830267,24.0
2016-07-24,0.0,1.064722,-0.03380895,24.0
2016-07-25,0.0,1.185447,-0.04111862,24.0
2016-07-26,0.0,1.124753,-0.021982190000000002,24.0
2016-07-27,0.0,1.030076,-0.01894432,24.0
2016-07-28,0.0,0.9588337,-0.07568699,24.0
2016-07-29,0.458,1.381628,0.15309599999999998,24.0
2016-07-30,1.374,1.13815,-0.06041175,24.0
2016-07-31,0.0,1.094996,-0.1005253,24.0
2016-08-01,0.0,1.007187,-0.1230009,24.0
2016-08-02,0.0,1.070769,-0.13532539999999998,24.0
2016-08-03,0.229,1.452306,-0.10254089999999999,24.0
2016-08-04,7.557,1.389371,-0.02391189,24.0
2016-08-05,1.603,1.250038,-0.05988652,24.0
2016-08-06,0.0,1.163539,-0.1154641,24.0
2016-08-07,0.0,1.30348,-0.1316853,24.0
2016-08-08,0.687,1.212268,-0.10302689999999999,24.0
2016-08-09,15.34,1.056363,-0.09692907,24.0
2016-08-10,0.916,0.9587637999999999,0.04486835,24.0
2016-08-11,0.0,0.8726722,-0.02709514,24.0
2016-08-12,0.0,0.9887248999999999,0.02083725,24.0
2016-08-13,0.0,0.6948854999999999,-0.08807278,24.0
2016-08-14,0.0,0.8941815999999999,-0.1336514,24.0
2016-08-15,0.0,0.8973774,-0.1624622,24.0
2016-08-16,1.374,1.147255,-0.1441411,24.0
2016-08-17,0.0,1.187577,-0.12451169999999999,24.0
2016-08-18,10.76,1.3432870000000001,-0.1565278,24.0
2016-08-19,1.145,1.433103,-0.08304942,24.0
2016-08-20,15.57,1.457767,-0.01858342,24.0
2016-08-21,33.2,1.6139109999999999,0.4913245,24.0
2016-08-22,28.85,2.012104,1.133519,24.0
2016-08-23,0.0,1.471913,0.4460032,24.0
2016-08-24,0.0,1.160724,0.20666769999999998,24.0
2016-08-25,0.0,0.9398352,0.1695828,24.0
2016-08-26,0.0,0.8379945,0.07463223000000001,24.0
2016-08-27,0.0,0.8460059999999999,0.0034322140000000003,24.0
2016-08-28,0.0,0.9206135,-0.0245055,24.0
2016-08-29,0.0,1.003809,-0.059842650000000004,24.0
2016-08-30,0.0,1.229708,-0.01123929,24.0
2016-08-31,0.0,1.215373,-0.05978221,24.0
2016-09-01,0.0,1.235361,-0.0775516,24.0
2016-09-02,0.0,1.307255,-0.09925747,24.0
2016-09-03,0.0,1.3250600000000001,-0.1075318,24.0
2016-09-04,0.458,1.4022809999999999,-0.03816813,24.0
2016-09-05,5.496,1.411312,0.5289577999999999,24.0
2016-09-06,2.748,1.189327,0.21719039999999998,24.0
2016-09-07,4.58,0.9358042,0.1985571,24.0
2016-09-08,0.0,0.7404491,0.10537099999999999,24.0
2016-09-09,0.0,0.897427,0.04628164,24.0
2016-09-10,0.0,0.8814194,0.1319205,24.0
2016-09-11,0.0,0.7475442999999999,-0.03965992,24.0
2016-09-12,0.0,0.8738471,-0.04721159,24.0
2016-09-13,0.0,1.042297,-0.07604402,24.0
2016-09-14,0.0,1.029748,-0.10017279999999999,24.0
2016-09-15,0.0,1.258389,-0.1259181,24.0
2016-09-16,0.0,1.8034970000000001,-0.03383058,24.0
2016-09-17,0.0,1.953643,0.025710999999999998,24.0
2016-09-18,0.0,1.575766,-0.1179842,24.0
2016-09-19,0.0,1.356775,-0.12482349999999999,24.0
2016-09-20,0.0,1.5289190000000001,-0.01571751,24.0
2016-09-21,0.0,1.453025,0.03873235,24.0
2016-09-22,0.0,1.300392,-0.1326306,24.0
2016-09-23,0.0,0.8915314999999999,-0.15005169999999998,24.0
2016-09-24,0.0,0.7422818,-0.1555672,24.0
2016-09-25,0.0,1.095955,-0.06980091000000001,24.0
2016-09-26,0.0,1.338271,0.1342846,24.0
2016-09-27,0.0,1.271645,0.05348623,24.0
2016-09-28,0.0,1.177915,-0.09322178,24.0
2016-09-29,0.0,1.07397,-0.1852712,24.0
2016-09-30,0.0,1.214235,-0.1980364,24.0
2016-10-01,0.0,1.422406,-0.1544799,24.0
2016-10-02,0.0,1.329938,-0.09698051,24.0
2016-10-03,0.0,1.221398,0.1169257,24.0
2016-10-04,0.0,1.142413,-0.058721010000000004,24.0
2016-10-05,0.0,1.111268,-0.07875901,24.0
2016-10-06,0.0,0.9230385999999999,0.01076192,24.0
2016-10-07,0.0,1.6309239999999998,0.014715250000000001,24.0
2016-10-08,0.0,1.4192369999999999,0.5284164,24.0
2016-10-09,0.0,0.8731485999999999,0.2406828,24.0
2016-10-10,0.0,0.8609705999999999,0.1324947,24.0
2016-10-11,0.0,0.9928969,0.06532609,24.0
2016-10-12,0.0,0.8700091,-0.005064905000000001,24.0
2016-10-13,0.0,0.9494625,-0.03733927,24.0
2016-10-14,0.0,1.103634,0.313886,24.0
2016-10-15,0.0,1.2590759999999999,0.244861,24.0
2016-10-16,0.0,1.458263,0.1351727,24.0
2016-10-17,0.0,1.5375800000000002,0.04158378,24.0
2016-10-18,0.0,1.49376,0.04566991,24.0
2016-10-19,0.0,1.582887,0.045987190000000004,24.0
2016-10-20,0.0,1.5922100000000001,0.18752249999999998,24.0
2016-10-21,0.0,1.342145,0.3772037,24.0
2016-10-22,0.0,1.245407,0.3694652,24.0
2016-10-23,0.0,0.9879718999999999,0.30151059999999996,24.0
2016-10-24,0.0,0.9051737,0.1618675,24.0
2016-10-25,0.0,0.8597775999999999,0.08365029,24.0
2016-10-26,0.0,1.131935,0.08986592,24.0
2016-10-27,0.0,1.258913,0.9475964,23.0
2016-10-28,0.0,1.170302,0.4271798,24.0
2016-10-29,0.0,1.825476,0.3179034,24.0
2016-10-30,0.0,2.128557,0.2124646,24.0
2016-10-31,0.0,1.166997,0.06709146,24.0
2016-11-01,0.0,0.9708766999999999,0.02594519,24.0
2016-11-02,0.0,1.049304,0.00887388,24.0
2016-11-03,0.0,1.000923,-0.01485592,24.0
2016-11-04,0.0,1.2576019999999999,0.007303774000000001,24.0
2016-11-05,0.0,1.189467,0.01339537,24.0
2016-11-06,0.0,0.8180090999999999,-0.03744465,24.0
2016-11-07,0.0,0.900532,-0.04226696,24.0
2016-11-08,0.0,0.7225509,-0.04341042,24.0
2016-11-09,0.0,0.9837353,-0.05304527,24.0
2016-11-10,0.0,1.080893,-0.02780324,24.0
2016-11-11,0.0,1.072366,0.032525899999999996,24.0
2016-11-12,0.0,1.256875,-0.0408622,24.0
2016-11-13,0.0,1.5824159999999998,-0.005571723000000001,24.0
2016-11-14,0.0,1.668518,-0.02501339,24.0
2016-11-15,0.0,1.614912,-0.02545524,24.0
2016-11-16,0.0,1.501537,-0.02974641,24.0
2016-11-17,0.0,1.516592,0.2494055,24.0
2016-11-18,0.0,1.465204,0.2293057,24.0
2016-11-19,0.0,1.56039,0.1164558,24.0
2016-11-20,0.0,1.256489,0.05414724,24.0
2016-11-21,0.0,0.9838389,-0.009938061,24.0
2016-11-22,0.0,0.8676600000000001,-0.08204281000000001,24.0
2016-11-23,0.0,1.134032,-0.0356192,24.0
2016-11-24,0.0,1.157563,0.1978818,24.0
2016-11-25,0.0,1.075218,0.002239048,23.0
2016-11-26,1.832,1.065693,-0.1001532,24.0
2016-11-27,0.687,0.9868661999999999,-0.11048949999999999,24.0
2016-11-28,0.229,0.9992841,-0.1341365,24.0
2016-11-29,8.01,1.0969929999999999,-0.1291323,24.0
2016-11-30,7.328,1.332736,0.04169899,24.0
2016-12-01,0.0,1.3777840000000001,-0.043148280000000004,24.0
2016-12-02,0.0,1.174104,-0.08239621,24.0
2016-12-03,0.458,0.9369738,-0.11023319999999999,24.0
2016-12-04,6.412,0.9489398,-0.10970919999999999,24.0
2016-12-05,0.458,1.196767,-0.05077195,24.0
2016-12-06,0.0,1.248069,0.14116309999999999,24.0
2016-12-07,0.0,1.059014,-0.0570668,24.0
2016-12-08,0.229,1.120546,-0.07258046,24.0
2016-12-09,13.97,1.295148,-0.01081127,24.0
2016-12-10,14.88,1.311017,0.3384156,24.0
2016-12-11,4.122,1.3674,0.2292989,24.0
2016-12-12,0.0,1.3218079999999999,0.07604855,24.0
2016-12-13,0.687,1.402552,0.05567229,24.0
2016-12-14,0.0,1.5061559999999998,-0.007276714,24.0
2016-12-15,1.145,1.428799,-0.02767259,24.0
2016-12-16,1.145,1.772595,0.24092219999999998,24.0
2016-12-17,11.22,1.63211,0.2389472,24.0
2016-12-18,20.38,1.216377,0.2496998,24.0
2016-12-19,0.458,1.003732,0.1660632,24.0
2016-12-20,0.0,0.9364201999999999,0.115494,24.0
2016-12-21,20.15,1.088417,0.04327297,24.0
2016-12-22,10.3,1.052489,0.3583027,24.0
2016-12-23,1.145,0.9404937999999999,0.2445984,24.0
2016-12-24,18.32,0.9243422,0.1554779,24.0
2016-12-25,3.893,1.040408,0.09091854,24.0
2016-12-26,0.458,1.128312,0.02266914,24.0
2016-12-27,0.0,1.075372,-0.04492438,24.0
2016-12-28,0.458,1.127612,-0.05563605,24.0
2016-12-29,0.0,1.295693,-0.054305610000000004,24.0
2016-12-30,0.916,1.252897,-0.062105,24.0
2016-12-31,1.145,1.191575,-0.07206833,24.0
2017-01-01,9.39,1.180755,-0.04825228,24.0
2017-01-02,4.351,1.2724,-0.03414297,24.0
2017-01-03,0.0,1.246672,-0.0386644,24.0
2017-01-04,0.0,1.405978,0.4214346,24.0
2017-01-05,27.02,1.074152,0.1217259,24.0
2017-01-06,57.94,1.5386000000000002,0.37164339999999996,24.0
2017-01-07,0.229,1.46339,0.3517421,24.0
2017-01-08,0.0,1.166958,0.1844649,24.0
2017-01-09,1.145,1.180552,0.01638758,24.0
2017-01-10,0.0,1.152518,0.1669027,24.0
2017-01-11,3.206,1.32104,0.1024862,24.0
2017-01-12,24.73,1.34504,0.2101475,24.0
2017-01-13,0.687,1.5536919999999999,0.25497949999999997,24.0
2017-01-14,0.0,1.452717,0.1858426,24.0
2017-01-15,0.0,1.429663,0.06322151,24.0
2017-01-16,0.0,1.399929,0.06346464,24.0
2017-01-17,29.54,1.348803,0.08166862,24.0
2017-01-18,14.66,1.13297,0.2194815,24.0
2017-01-19,8.93,0.9042585999999999,0.12422889999999999,24.0
2017-01-20,0.0,1.038283,0.3016443,24.0
2017-01-21,0.0,0.8341495,0.17094679999999998,24.0
2017-01-22,6.87,0.8665754,0.1185352,24.0
2017-01-23,8.01,0.9755166,0.144374,24.0
2017-01-24,0.916,0.9742221999999999,0.15603509999999998,24.0
2017-01-25,0.916,1.039153,0.06737798,24.0
2017-01-26,42.37,1.074833,0.08457398,24.0
2017-01-27,70.53,1.8524829999999999,0.5418837,24.0
2017-01-28,0.458,1.936683,0.6280669,24.0
2017-01-29,16.26,1.388948,0.4930196,24.0
2017-01-30,9.16,1.3157860000000001,0.5416884,24.0
2017-01-31,20.15,1.428262,0.6091839,24.0
2017-02-01,63.43,1.586982,0.7101280999999999,24.0
2017-02-02,12.14,1.214627,0.5636008,24.0
2017-02-03,0.229,1.057074,0.3598574,24.0
2017-02-04,8.7,1.019565,0.2923975,24.0
2017-02-05,0.0,0.9802900999999999,0.224689,24.0
2017-02-06,0.458,0.9243108,0.09655589,24.0
2017-02-07,0.458,1.0688010000000001,0.05708414,24.0
2017-02-08,2.519,1.309409,0.1231143,24.0
2017-02-09,0.687,1.562408,0.06757706000000001,24.0
2017-02-10,2.29,1.296764,0.02386552,24.0
2017-02-11,4.122,1.245247,0.02436918,24.0
2017-02-12,31.83,1.231001,0.04689181,24.0
2017-02-13,39.39,1.4982820000000001,0.4073731,24.0
2017-02-14,2.748,1.6294309999999999,0.48694099999999996,24.0
2017-02-15,0.0,1.1836389999999999,0.31646599999999997,24.0
2017-02-16,0.0,1.090299,0.21984489999999998,24.0
2017-02-17,0.0,0.8818178999999999,0.13967179999999998,24.0
2017-02-18,0.0,0.8175279999999999,0.09142929,24.0
2017-02-19,0.0,0.7401009,0.06063908,24.0
2017-02-20,0.0,0.7506657999999999,0.07728505000000001,24.0
2017-02-21,0.0,0.9090326,0.08575779,24.0
2017-02-22,0.0,0.8753715,-0.02398306,24.0
2017-02-23,0.0,0.8790158,-0.07374913,24.0
2017-02-24,60.0,1.112882,-0.005268574000000001,24.0
2017-02-25,0.0,1.273577,0.06574118,24.0
2017-02-26,26.79,1.345025,0.06787682,24.0
2017-02-27,2.061,1.5392100000000002,0.49934579999999995,24.0
2017-02-28,3.893,1.492019,0.2678446,24.0
2017-03-01,8.47,1.374611,0.1605847,24.0
2017-03-02,27.48,1.6944759999999999,0.1515172,24.0
2017-03-03,0.0,1.329368,0.3640656,24.0
2017-03-04,8.24,1.253044,0.3196036,24.0
2017-03-05,6.183,1.123485,0.1825746,24.0
2017-03-06,5.038,1.3393869999999999,0.17249979999999998,24.0
2017-03-07,3.435,1.266267,0.7605636,24.0
2017-03-08,8.24,1.177883,0.3563569,24.0
2017-03-09,4.809,1.070193,0.231598,24.0
2017-03-10,0.916,1.240576,0.09516793,24.0
2017-03-11,5.496,1.125263,0.09319836000000001,24.0
2017-03-12,1.145,1.3712689999999998,0.08255005,24.0
2017-03-13,3.206,1.444972,0.07991725,24.0
2017-03-14,0.0,1.533719,0.08306366,24.0
2017-03-15,0.0,1.499608,0.05178523,24.0
2017-03-16,0.458,1.274327,-0.02839929,24.0
2017-03-17,26.34,1.000086,-0.03220457,24.0
2017-03-18,15.8,1.3937279999999999,0.01223427,24.0
2017-03-19,0.916,1.244595,0.30610329999999997,24.0
2017-03-20,7.557,1.059616,0.1890084,24.0
2017-03-21,6.641,0.9193285,0.3704206,24.0
2017-03-22,8.01,0.8255745999999999,0.3631105,24.0
2017-03-23,21.76,0.9965453999999999,0.43722829999999996,24.0
2017-03-24,16.49,1.098238,0.48041629999999996,24.0
2017-03-25,5.496,1.23638,0.456012,24.0
2017-03-26,0.229,1.295274,0.2770804,24.0
2017-03-27,2.061,1.327998,0.17391189999999998,24.0
2017-03-28,38.7,1.564176,0.3305571,24.0
2017-03-29,20.61,1.5170620000000001,0.5633047,24.0
2017-03-30,14.2,1.991795,1.2732160000000001,24.0
2017-03-31,4.122,1.614464,0.905967,24.0
2017-04-01,9.39,1.3530929999999999,0.7193041,24.0
2017-04-02,10.08,1.220909,0.5574730999999999,24.0
2017-04-03,4.58,1.106215,0.6127032,24.0
2017-04-04,4.122,0.9692630999999999,0.472325,24.0
2017-04-05,0.229,0.8996445999999999,0.30021549999999997,24.0
2017-04-06,3.664,0.9966387,0.2488501,24.0
2017-04-07,16.95,1.061345,0.2964959,24.0
2017-04-08,7.786,1.341733,0.5430056999999999,24.0
2017-04-09,32.06,1.394749,0.5332182999999999,24.0
2017-04-10,5.954,1.297734,0.589911,24.0
2017-04-11,3.435,1.113458,0.512674,24.0
2017-04-12,55.19,1.8274029999999999,0.420236,24.0
2017-04-13,0.229,1.833159,0.7363834,24.0
2017-04-14,0.0,1.494584,0.45862929999999996,24.0
2017-04-15,0.0,1.304971,0.3176808,24.0
2017-04-16,0.0,1.181792,0.23849179999999998,24.0
2017-04-17,14.43,1.113013,0.2295176,24.0
2017-04-18,5.267,1.192552,0.5508076,24.0
2017-04-19,5.496,1.126145,0.5425521,24.0
2017-04-20,7.786,1.002495,0.4066372,24.0
2017-04-21,1.832,0.8346416,0.2760431,24.0
2017-04-22,7.099,0.8750832,0.219599,24.0
2017-04-23,4.122,1.348028,0.3916322,24.0
2017-04-24,0.0,1.327897,0.2059821,24.0
2017-04-25,0.687,1.428659,0.14769359999999998,24.0
2017-04-26,0.0,1.433502,0.11976279999999999,24.0
2017-04-27,6.641,1.360735,0.1633098,24.0
2017-04-28,0.0,1.6736209999999998,0.16035349999999998,24.0
2017-04-29,0.0,1.717743,0.2053556,24.0
2017-04-30,0.0,1.476445,0.1130062,24.0
2017-05-01,0.0,1.297847,0.06975472,24.0
2017-05-02,0.229,1.084931,0.04286629,24.0
2017-05-03,5.725,0.9918939999999999,0.04631668,24.0
2017-05-04,0.229,0.9079421,0.0011752840000000002,24.0
2017-05-05,6.87,0.8470074,-0.01834959,24.0
2017-05-06,2.061,1.03836,0.10226779999999999,24.0
2017-05-07,0.0,1.242488,0.08070534,24.0
2017-05-08,1.832,1.127099,0.009931147000000001,24.0
2017-05-09,0.229,1.302174,-0.02541959,24.0
2017-05-10,0.0,1.044395,-0.05729848,24.0
2017-05-11,0.229,1.409223,0.01412213,24.0
2017-05-12,0.0,1.440572,0.0706045,24.0
2017-05-13,0.229,1.243051,-0.01510495,24.0
2017-05-14,0.229,1.051675,-0.06851667,24.0
2017-05-15,3.435,1.339088,-0.02439445,24.0
2017-05-16,0.0,1.405097,0.11182729999999999,24.0
2017-05-17,0.0,1.082608,-0.0403797,24.0
2017-05-18,0.916,0.8741496999999999,-0.04780561,24.0
2017-05-19,21.07,0.9079834,0.00143975,24.0
2017-05-20,98.7,2.762396,0.6157558,24.0
2017-05-21,11.68,2.719965,1.675827,24.0
2017-05-22,7.328,1.691132,0.9693927999999999,24.0
2017-05-23,0.229,1.406379,0.6239321,24.0
2017-05-24,0.0,1.339072,0.38076689999999996,24.0
2017-05-25,3.206,1.445612,0.30381929999999996,24.0
2017-05-26,0.0,1.5320200000000002,0.2438213,24.0
2017-05-27,0.0,1.337771,0.1734202,24.0
2017-05-28,51.53,1.6341160000000001,0.2591919,24.0
2017-05-29,11.91,1.829005,1.045137,24.0
2017-05-30,27.25,1.407421,0.5873456,24.0
2017-05-31,16.26,1.504687,0.9146818999999999,24.0
2017-06-01,60.0,2.330314,1.035929,24.0
2017-06-02,2.29,2.452955,1.297271,24.0
2017-06-03,0.0,1.295927,0.7391998,24.0
2017-06-04,0.229,1.12788,0.5143905,24.0
2017-06-05,14.43,1.055483,0.39702699999999996,24.0
2017-06-06,29.54,1.495032,0.8355235,24.0
2017-06-07,7.786,1.482515,1.019861,24.0
2017-06-08,0.458,1.567209,0.7386524999999999,24.0
2017-06-09,1.603,1.408166,0.5169038,24.0
2017-06-10,0.0,1.345816,0.4226899,24.0
2017-06-11,0.0,1.420072,0.35632939999999996,24.0
2017-06-12,0.0,1.352824,0.28724489999999997,24.0
2017-06-13,0.0,1.313516,0.23716859999999998,24.0
2017-06-14,0.0,1.434825,0.24166639999999998,24.0
2017-06-15,2.061,1.290486,0.20850339999999998,24.0
2017-06-16,0.0,1.16855,0.19807349999999999,24.0
2017-06-17,0.0,0.9537481999999999,0.14914919999999998,24.0
2017-06-18,0.0,0.903284,0.1017044,24.0
2017-06-19,0.0,1.082297,0.1018544,24.0
2017-06-20,14.2,1.448196,0.11813599999999999,24.0
2017-06-21,4.58,1.562128,0.4348587,24.0
2017-06-22,0.229,1.40748,0.2081691,24.0
2017-06-23,0.687,1.281279,0.1090521,24.0
2017-06-24,0.229,1.247998,0.06601471,24.0
2017-06-25,0.229,1.313191,0.04326147,24.0
2017-06-26,0.229,1.355534,0.03087562,24.0
2017-06-27,0.0,1.4207670000000001,0.05168945,24.0
2017-06-28,0.0,1.256265,0.005638361000000001,24.0
2017-06-29,0.0,1.125203,-0.009679854,24.0
2017-06-30,0.0,1.159247,0.003753662,24.0
2017-07-01,0.0,1.016619,0.01334071,24.0
2017-07-02,0.687,1.048797,0.03538865,24.0
2017-07-03,0.0,1.062038,0.2195107,24.0
2017-07-04,0.229,0.8564394999999999,0.010542870000000001,24.0
2017-07-05,4.58,0.7055521,-0.01970166,24.0
2017-07-06,2.061,0.7992853,-0.004634857,24.0
2017-07-07,0.0,0.8159700999999999,-0.05340189,24.0
2017-07-08,0.687,0.9745324,-0.06819599999999999,24.0
2017-07-09,5.038,1.18949,-0.05788177,24.0
2017-07-10,0.458,1.032885,-0.07621241000000001,24.0
2017-07-11,0.0,1.146374,-0.08718073,24.0
2017-07-12,0.0,1.153402,-0.1027466,24.0
2017-07-13,0.0,1.247199,-0.10204569999999999,24.0
2017-07-14,0.0,0.9819340999999999,-0.1106313,24.0
2017-07-15,0.0,0.9517951,-0.1223677,24.0
2017-07-16,0.0,0.9766459,-0.1157154,24.0
2017-07-17,0.0,0.8618416,-0.09909981,24.0
2017-07-18,5.954,1.300666,-0.08704919,24.0
2017-07-19,2.519,1.325901,0.22740819999999998,24.0
2017-07-20,0.0,1.302679,-0.03111565,24.0
2017-07-21,0.0,1.160996,-0.1129858,24.0
2017-07-22,0.0,1.237958,-0.1214267,24.0
2017-07-23,0.0,1.44668,-0.1052949,24.0
2017-07-24,0.0,1.361299,-0.125819,24.0
2017-07-25,0.0,1.188433,-0.14079419999999998,24.0
2017-07-26,0.0,1.280575,-0.1363149,24.0
2017-07-27,0.0,1.273543,-0.1230603,24.0
2017-07-28,0.0,1.055841,-0.1435888,24.0
2017-07-29,0.0,0.7995757,-0.15126789999999998,24.0
2017-07-30,0.0,0.6159173,-0.1562737,24.0
2017-07-31,0.0,0.5416962,-0.1556697,24.0
2017-08-01,0.0,0.7595177,-0.12588649999999998,24.0
2017-08-02,0.0,0.8911846999999999,-0.02778351,24.0
2017-08-03,2.748,0.9743872,-0.05622894,24.0
2017-08-04,14.88,1.070022,0.1410475,24.0
2017-08-05,0.0,1.294099,-0.02975398,24.0
2017-08-06,0.0,1.173133,-0.1348211,24.0
2017-08-07,0.0,1.20889,-0.1498072,24.0
2017-08-08,0.229,1.148937,-0.1705441,24.0
2017-08-09,1.603,1.26322,-0.1844711,24.0
2017-08-10,0.0,1.46754,-0.1652448,24.0
2017-08-11,0.229,1.358947,-0.1323248,24.0
2017-08-12,2.519,0.8971931,-0.1826361,24.0
2017-08-13,0.687,0.5154409,-0.18926369999999998,24.0
2017-08-14,7.786,0.4481134,-0.1943117,24.0
2017-08-15,0.0,0.8732108,-0.09847718,24.0
2017-08-16,4.58,1.113063,-0.06899697,24.0
2017-08-17,0.0,0.8359025,-0.121557,24.0
2017-08-18,0.229,1.05141,-0.1634919,24.0
2017-08-19,0.0,1.2077200000000001,-0.159552,24.0
2017-08-20,2.748,1.126069,-0.2004678,24.0
2017-08-21,40.53,1.4310559999999999,0.008028865000000001,24.0
2017-08-22,0.687,1.69977,0.40333159999999996,24.0
2017-08-23,0.229,1.520007,0.07693195,24.0
2017-08-24,0.229,1.154308,-0.07814413,24.0
2017-08-25,0.0,0.8960596,-0.1328117,24.0
2017-08-26,0.0,0.861189,-0.1511102,24.0
2017-08-27,0.0,0.6964243999999999,-0.1674669,24.0
2017-08-28,0.0,0.7268873,-0.17950049999999998,24.0
2017-08-29,0.0,0.8554239,-0.171816,24.0
2017-08-30,0.0,0.6744912,-0.1864735,24.0
2017-08-31,0.0,0.7540460999999999,-0.1914647,24.0
2017-09-01,2.061,1.069538,0.1082308,24.0
2017-09-02,1.145,1.014163,-0.10922609999999999,24.0
2017-09-03,0.0,0.7232352,-0.1615444,24.0
2017-09-04,0.0,0.5118098,-0.1980257,24.0
2017-09-05,0.0,0.8550198,-0.21355159999999998,24.0
2017-09-06,0.0,1.217582,-0.221325,24.0
2017-09-07,0.0,1.444572,-0.2063737,24.0
2017-09-08,0.0,1.367306,-0.2197925,24.0
2017-09-09,0.0,1.082356,-0.2440733,24.0
2017-09-10,0.229,1.219898,-0.22163719999999998,24.0
2017-09-11,0.0,1.097473,-0.2519681,24.0
2017-09-12,0.0,0.7602051,-0.2559972,24.0
2017-09-13,0.0,0.789704,-0.2586714,24.0
2017-09-14,0.0,0.9540822999999999,-0.22462459999999998,24.0
2017-09-15,0.0,0.9290098999999999,-0.2647091,24.0
2017-09-16,0.458,0.9404017,-0.2866855,24.0
2017-09-17,0.0,1.165895,-0.2836586,24.0
2017-09-18,2.519,1.242097,-0.24648789999999998,24.0
2017-09-19,0.0,1.31758,-0.2130359,24.0
2017-09-20,0.0,1.345301,-0.24635059999999998,24.0
2017-09-21,0.0,1.29909,-0.2545089,24.0
2017-09-22,0.0,1.186146,-0.2781508,24.0
2017-09-23,0.0,1.184901,-0.289128,24.0
2017-09-24,0.0,1.233263,-0.2491062,24.0
2017-09-25,5.267,1.030059,-0.2778022,24.0
2017-09-26,4.351,0.7533078999999999,-0.2448542,24.0
2017-09-27,0.0,0.5315497,-0.17533479999999999,24.0
2017-09-28,0.0,0.7096909,-0.2464178,24.0
2017-09-29,8.01,0.9649955,-0.18675909999999998,24.0
2017-09-30,51.53,1.199416,0.09433562000000001,24.0
2017-10-01,92.1,2.750803,1.200774,24.0
2017-10-02,0.0,1.50766,0.3199047,24.0
2017-10-03,1.374,1.101796,0.1307517,24.0
2017-10-04,2.061,1.284163,0.03153032,24.0
2017-10-05,0.0,1.3385829999999999,-0.050865890000000004,24.0
2017-10-06,0.0,1.368052,-0.11558299999999999,24.0
2017-10-07,40.07,1.323137,-0.1381899,24.0
2017-10-08,35.95,1.521936,0.5310557,24.0
2017-10-09,47.86,2.246496,1.479738,24.0
2017-10-10,0.916,1.702528,0.5948574999999999,24.0
2017-10-11,1.374,1.026999,0.3636681,24.0
2017-10-12,1.145,1.090493,0.3075875,24.0
2017-10-13,1.832,0.9268565999999999,0.21895589999999998,24.0
2017-10-14,22.44,1.01086,0.20382909999999999,24.0
2017-10-15,4.122,1.194902,0.5034607999999999,24.0
2017-10-16,14.43,1.251083,0.5326056,24.0
2017-10-17,0.916,1.248153,0.6069783999999999,24.0
2017-10-18,0.458,1.149829,0.3812385,24.0
2017-10-19,0.0,1.08758,0.2003024,24.0
2017-10-20,6.183,1.225428,0.1583509,24.0
2017-10-21,0.0,1.422428,0.1780871,24.0
2017-10-22,7.786,1.444337,0.16747579999999998,24.0
2017-10-23,1.832,1.1845080000000001,0.22165369999999998,24.0
2017-10-24,0.0,1.365631,0.16709949999999998,24.0
2017-10-25,0.0,1.174122,0.057813170000000004,24.0
2017-10-26,14.66,0.5729491999999999,0.02067667,24.0
2017-10-27,0.0,0.7540652999999999,0.23870239999999998,24.0
2017-10-28,1.145,0.83535,0.1159949,24.0
2017-10-29,0.0,0.9713263999999999,0.09614724000000001,24.0
2017-10-30,3.893,0.9509436,0.01540977,24.0
2017-10-31,4.809,0.9511415,-0.006059229,24.0
2017-11-01,0.0,1.14168,-0.02738303,24.0
2017-11-02,0.0,1.3157269999999999,-0.05844969,24.0
2017-11-03,0.0,1.365175,-0.07665139,24.0
2017-11-04,0.0,1.363781,-0.1073151,24.0
2017-11-05,7.557,1.208734,-0.10028709999999999,24.0
2017-11-06,4.122,1.701379,0.16866589999999998,24.0
2017-11-07,2.748,1.447928,0.06523842,24.0
2017-11-08,4.122,1.317135,0.06971359,24.0
2017-11-09,4.351,1.223199,0.005524158,24.0
2017-11-10,1.832,0.8928657999999999,-0.002683103,24.0
2017-11-11,33.89,1.5985800000000001,-0.049970270000000004,24.0
2017-11-12,0.0,1.503736,0.5894773999999999,24.0
2017-11-13,0.0,1.376743,0.3022873,24.0
2017-11-14,0.0,1.482064,0.3972967,24.0
2017-11-15,0.0,1.154754,0.03032327,24.0
2017-11-16,0.0,1.159874,-0.032629490000000004,24.0
2017-11-17,6.87,1.066342,-0.06627125,24.0
2017-11-18,6.183,1.3022369999999999,0.0458231,24.0
2017-11-19,44.66,1.483668,0.2734002,24.0
2017-11-20,2.29,1.336272,0.28786849999999997,24.0
2017-11-21,2.519,1.48969,0.2060407,24.0
2017-11-22,4.809,1.230196,0.17392459999999998,24.0
2017-11-23,5.038,1.46798,0.1897408,24.0
2017-11-24,0.0,1.314426,0.23780369999999998,24.0
2017-11-25,0.0,0.9709684999999999,0.12716249999999998,24.0
2017-11-26,8.01,1.15147,0.0595355,24.0
2017-11-27,0.0,1.100536,0.35488549999999996,24.0
2017-11-28,0.0,0.9721021999999999,0.05851173,24.0
2017-11-29,0.0,1.134391,0.003984928,24.0
2017-11-30,0.229,1.16367,-0.038374599999999995,24.0
2017-12-01,0.0,1.340488,-0.089306,24.0
2017-12-02,4.58,1.223404,-0.08227903,24.0
2017-12-03,0.0,1.3943349999999999,-0.02334625,24.0
2017-12-04,5.038,1.460863,-0.01351172,24.0
2017-12-05,2.29,1.421627,-0.03368354,24.0
2017-12-06,0.0,1.497399,0.01596135,24.0
2017-12-07,1.145,1.418174,-0.06390458,24.0
2017-12-08,0.229,1.131542,-0.08988106,24.0
2017-12-09,0.0,1.165884,-0.09206349,24.0
2017-12-10,0.0,1.206556,-0.010373770000000001,24.0
2017-12-11,0.0,0.9707463,-0.04646558,24.0
2017-12-12,0.0,1.150654,-0.05019474,24.0
2017-12-13,0.0,1.040324,0.1723119,24.0
2017-12-14,0.0,1.029795,-0.124139,24.0
2017-12-15,0.0,0.7521024,-0.1847625,24.0
2017-12-16,0.0,1.123319,-0.1824096,24.0
2017-12-17,0.229,1.148645,-0.1643537,24.0
2017-12-18,9.85,1.038063,-0.1897603,24.0
2017-12-19,4.58,1.23085,0.13795259999999998,24.0
2017-12-20,5.267,1.448691,0.22869689999999998,24.0
2017-12-21,51.3,1.227219,0.27971419999999997,24.0
2017-12-22,2.061,1.453851,0.45287439999999995,24.0
2017-12-23,0.0,1.123301,0.12304029999999999,24.0
2017-12-24,7.557,1.010216,0.06615955,24.0
2017-12-25,90.9,2.389305,0.06874466,24.0
2017-12-26,9.16,2.647094,1.536381,24.0
2017-12-27,0.229,1.5362529999999999,0.6817359,24.0
2017-12-28,0.229,1.018287,0.35937769999999997,24.0
2017-12-29,1.374,1.20678,0.3227543,24.0
2017-12-30,43.51,1.441926,0.3065872,24.0
2017-12-31,2.061,1.6488610000000001,0.6697233,24.0
2018-01-01,0.458,1.444165,0.41386619999999996,24.0
2018-01-02,5.725,1.505595,0.3523575,24.0
2018-01-03,0.0,1.597362,0.2672043,24.0
2018-01-04,7.328,1.604131,0.2004977,24.0
2018-01-05,0.0,1.457706,0.12958809999999998,24.0
2018-01-06,0.0,1.350178,0.05504012,24.0
2018-01-07,0.458,1.075588,0.04375023,24.0
2018-01-08,4.351,1.255636,0.3150326,24.0
2018-01-09,0.0,1.03217,0.1647842,24.0
2018-01-10,7.786,0.8333611,0.236055,24.0
2018-01-11,15.8,0.9435216999999999,0.25833269999999997,24.0
2018-01-12,27.94,1.010328,0.3055331,24.0
2018-01-13,6.183,1.033981,0.45544049999999997,24.0
2018-01-14,9.85,1.162949,0.5453028999999999,24.0
2018-01-15,9.39,1.310349,0.5760325,24.0
2018-01-16,18.55,1.180242,0.4186378,24.0
2018-01-17,123.0,2.901038,0.4702607,24.0
2018-01-18,23.13,3.7833319999999997,2.387759,24.0
2018-01-19,9.39,2.389645,1.002829,24.0
2018-01-20,10.08,1.356224,0.7805274,24.0
2018-01-21,3.206,1.548231,0.9281083,24.0
2018-01-22,9.62,1.334753,0.7344396999999999,24.0
2018-01-23,20.61,1.216791,0.6968036,24.0
2018-01-24,28.85,1.442624,0.8354558999999999,24.0
2018-01-25,10.53,1.818076,1.136973,24.0
2018-01-26,0.916,1.643505,0.7591325999999999,24.0
2018-01-27,9.85,1.419549,0.7770838,24.0
2018-01-28,3.206,1.42875,0.7375889,24.0
2018-01-29,5.267,1.215934,0.4825019,24.0
2018-01-30,14.88,1.258213,0.6574578,24.0
2018-01-31,4.58,1.839839,0.6640235999999999,24.0
2018-02-01,11.91,1.6741169999999999,0.6581535,24.0
2018-02-02,3.664,1.538136,0.6174021,24.0
2018-02-03,0.0,1.5441159999999998,0.4794555,24.0
2018-02-04,0.0,1.576536,0.3752774,24.0
2018-02-05,0.0,1.431155,0.3556823,24.0
2018-02-06,1.832,1.175437,0.28810379999999997,24.0
2018-02-07,0.0,0.989197,0.23745929999999998,24.0
2018-02-08,0.0,0.8721627,0.2060159,24.0
2018-02-09,0.0,0.8999792,0.21329099999999998,24.0
2018-02-10,0.229,0.7600408,0.1478729,24.0
2018-02-11,24.05,1.041751,0.1469634,24.0
2018-02-12,18.32,1.152058,0.3481247,24.0
2018-02-13,17.86,1.531887,0.9358719999999999,24.0
2018-02-14,7.328,1.562244,0.9338168,24.0
2018-02-15,0.229,1.445798,0.5910094,24.0
2018-02-16,7.557,1.287773,0.4352725,24.0
2018-02-17,0.687,1.276094,0.31354319999999997,24.0
2018-02-18,0.0,1.23315,0.2407455,24.0
2018-02-19,0.229,1.223707,0.19837439999999998,24.0
2018-02-20,8.01,1.254918,0.18818549999999998,24.0
2018-02-21,0.229,1.173977,0.22859249999999998,24.0
2018-02-22,24.5,1.3561800000000002,0.1744474,24.0
2018-02-23,15.8,1.28209,0.319885,24.0
2018-02-24,0.0,0.9675102999999999,0.2883302,24.0
2018-02-25,0.0,1.020864,0.1242664,24.0
2018-02-26,0.229,1.044562,0.1445324,24.0
2018-02-27,0.0,1.179101,0.05994332,24.0
2018-02-28,25.42,1.206934,0.06155699,24.0
2018-03-01,5.267,1.328258,0.15807079999999998,24.0
2018-03-02,0.0,1.528524,0.13562349999999998,24.0
2018-03-03,17.86,1.499132,0.1271409,24.0
2018-03-04,0.916,1.489858,0.2262979,24.0
2018-03-05,19.92,1.452311,0.2026603,24.0
2018-03-06,5.267,1.28672,0.2735963,24.0
2018-03-07,7.099,1.254208,0.245801,24.0
2018-03-08,1.832,1.299528,0.3234785,24.0
2018-03-09,0.0,1.262991,0.2825823,24.0
2018-03-10,0.0,1.16374,0.22619129999999998,24.0
2018-03-11,0.0,1.041056,0.15742699999999998,24.0
2018-03-12,0.0,0.8436077,-0.0041593310000000005,24.0
2018-03-13,1.145,1.180339,0.09739226000000001,24.0
2018-03-14,0.0,1.386997,0.1760494,24.0
2018-03-15,28.63,1.344227,0.1304418,24.0
2018-03-16,2.977,1.477606,0.43776699999999996,24.0
2018-03-17,0.0,1.431813,0.2574451,24.0
2018-03-18,1.603,1.6502080000000001,0.2289736,24.0
2018-03-19,0.0,1.367639,0.05799204,24.0
2018-03-20,8.01,1.373495,0.02713156,24.0
2018-03-21,16.72,1.702877,0.16453289999999998,24.0
2018-03-22,2.519,1.549416,0.5905771,24.0
2018-03-23,0.0,1.555826,0.4268284,24.0
2018-03-24,0.229,1.2603010000000001,0.2880954,24.0
2018-03-25,0.0,0.8833861,0.06690311,24.0
2018-03-26,1.145,1.090473,0.03093112,24.0
2018-03-27,44.66,1.547508,0.6285799,24.0
2018-03-28,1.374,1.6730429999999998,0.5842543,24.0
2018-03-29,0.687,1.46293,0.416523,24.0
2018-03-30,27.25,1.662929,0.44130969999999997,24.0
2018-03-31,8.7,1.8067090000000001,0.6591501,24.0
2018-04-01,8.24,1.5121769999999999,0.45261409999999996,24.0
2018-04-02,0.229,1.439229,0.3058133,24.0
2018-04-03,0.0,1.323725,0.2190212,24.0
2018-04-04,15.8,1.446858,0.2285911,24.0
2018-04-05,54.04,1.770459,0.360502,24.0
2018-04-06,0.229,2.357709,0.6980366,24.0
2018-04-07,0.0,1.253904,0.47122119999999995,24.0
2018-04-08,0.0,1.198868,0.3428314,24.0
2018-04-09,0.0,1.109647,0.34854599999999997,24.0
2018-04-10,0.0,1.016701,0.23515989999999998,24.0
2018-04-11,0.229,1.017805,0.1659347,24.0
2018-04-12,0.0,1.021163,0.06726432,24.0
2018-04-13,0.0,0.8966246999999999,0.04065752,24.0
2018-04-14,0.0,1.350559,0.09147048,24.0
2018-04-15,8.47,1.766406,0.38420489999999996,24.0
2018-04-16,6.87,1.6832690000000001,0.6003947,24.0
2018-04-17,14.66,1.485227,0.6053683999999999,24.0
2018-04-18,13.51,1.501053,0.7355262,24.0
2018-04-19,0.687,1.253587,0.3510472,24.0
2018-04-20,0.0,1.235679,0.2271037,24.0
2018-04-21,0.0,1.182242,0.1526122,24.0
2018-04-22,0.0,1.006132,0.04330254,24.0
2018-04-23,0.0,0.8549776,0.01087612,24.0
2018-04-24,0.0,0.8322286999999999,-0.02727717,24.0
2018-04-25,0.0,0.8948098,-0.05971795,24.0
2018-04-26,0.0,0.9412320999999999,-0.05049759,24.0
2018-04-27,0.0,1.149098,-0.09572053,24.0
2018-04-28,0.0,1.234346,-0.10900829999999999,24.0
2018-04-29,0.0,1.210096,-0.1416922,24.0
2018-04-30,0.0,1.203926,-0.14341689999999999,24.0
2018-05-01,0.0,1.171651,-0.15908519999999998,24.0
2018-05-02,0.687,1.407188,-0.09662825,24.0
2018-05-03,109.9,1.8762919999999998,0.006426811,24.0
2018-05-04,0.0,1.817578,0.24259509999999998,24.0
2018-05-05,0.0,0.9860125999999999,0.041359599999999996,24.0
2018-05-06,0.0,1.106445,0.02571428,24.0
2018-05-07,14.66,1.167568,0.07368851,24.0
2018-05-08,23.36,1.615837,0.5306159,24.0
2018-05-09,9.16,1.394742,0.8869087999999999,24.0
2018-05-10,0.916,1.167799,0.7097446,24.0
2018-05-11,0.0,0.9583341999999999,0.3242604,24.0
2018-05-12,0.0,1.110965,0.1625882,24.0
2018-05-13,0.0,1.368009,0.1746913,24.0
2018-05-14,0.0,1.656316,0.25491749999999996,24.0
2018-05-15,0.0,1.561377,0.1636047,24.0
2018-05-16,2.748,1.3807749999999999,0.1067785,24.0
2018-05-17,0.229,1.5781209999999999,0.07806122,24.0
2018-05-18,0.458,1.729414,0.22836689999999998,24.0
2018-05-19,0.0,1.482088,0.1644918,24.0
2018-05-20,5.725,1.472443,0.06924504000000001,24.0
2018-05-21,0.0,1.51573,0.3029428,24.0
2018-05-22,0.0,1.3023639999999999,0.26104489999999997,24.0
2018-05-23,0.0,1.022833,0.1102054,24.0
2018-05-24,0.0,1.315276,0.1563742,24.0
2018-05-25,0.0,1.320702,0.13225979999999998,24.0
2018-05-26,0.0,1.243815,0.09095877000000001,24.0
2018-05-27,0.0,1.21577,0.01643479,24.0
2018-05-28,0.0,1.163739,-0.02873504,24.0
2018-05-29,0.458,1.085137,-0.04108936,24.0
2018-05-30,0.916,1.094794,-0.06618458,24.0
2018-05-31,0.0,1.098582,-0.09835047,24.0
2018-06-01,0.0,1.131999,-0.1286965,24.0
2018-06-02,0.0,1.216366,-0.1668748,24.0
2018-06-03,14.2,1.449304,-0.1042665,24.0
2018-06-04,2.519,1.60043,0.3960069,24.0
2018-06-05,0.687,1.35835,0.1755368,24.0
2018-06-06,7.099,1.107386,0.07887924,24.0
2018-06-07,0.0,1.105185,0.05133498,24.0
2018-06-08,10.08,1.201019,0.1501708,24.0
2018-06-09,0.0,1.236846,0.1469027,24.0
2018-06-10,0.0,1.48292,0.1857759,24.0
2018-06-11,0.0,1.20667,-0.06766737,24.0
2018-06-12,0.0,1.224665,-0.1352322,24.0
2018-06-13,3.435,1.369175,-0.15215099999999998,24.0
2018-06-14,0.0,1.616747,-0.06689972,24.0
2018-06-15,8.24,1.841691,0.106136,24.0
2018-06-16,9.62,1.8472629999999999,0.39205609999999996,24.0
2018-06-17,6.87,1.732106,0.41239709999999996,24.0
2018-06-18,0.458,1.468126,0.2432878,24.0
2018-06-19,0.687,1.165293,0.08465499,24.0
2018-06-20,4.351,1.058908,0.034783720000000004,24.0
2018-06-21,0.0,0.9365171999999999,-0.005137742000000001,24.0
2018-06-22,0.0,0.9171128,-0.02819359,24.0
2018-06-23,0.0,1.2078389999999999,0.1110337,24.0
2018-06-24,0.0,1.177901,0.1010002,24.0
2018-06-25,0.916,1.28035,-0.007450223000000001,24.0
2018-06-26,0.458,1.3803100000000001,0.017250480000000002,24.0
2018-06-27,18.32,1.473304,0.03366244,24.0
2018-06-28,28.17,1.46101,0.6111008,24.0
2018-06-29,0.0,1.294881,0.21523109999999998,24.0
2018-06-30,0.0,1.287035,0.01511526,24.0
2018-07-01,0.0,1.163729,-0.06177592,24.0
2018-07-02,0.0,1.19846,-0.0879162,24.0
2018-07-03,0.0,1.10968,-0.1419131,24.0
2018-07-04,0.0,1.510478,-0.1072122,24.0
2018-07-05,4.58,1.372243,0.27357149999999997,24.0
2018-07-06,0.0,1.272804,0.256083,24.0
2018-07-07,0.458,1.190835,0.09894383,24.0
2018-07-08,0.916,1.138157,0.002103567,24.0
2018-07-09,1.145,1.118223,-0.1272497,24.0
2018-07-10,1.832,1.2527059999999999,-0.00726819,24.0
2018-07-11,0.0,1.623289,0.1890117,24.0
2018-07-12,0.0,1.534904,0.07165259,24.0
2018-07-13,0.0,1.492782,0.01350379,24.0
2018-07-14,0.0,1.467466,-0.01449484,24.0
2018-07-15,0.0,1.489361,-0.09680659,24.0
2018-07-16,0.0,1.458246,-0.1397665,24.0
2018-07-17,0.229,1.421814,-0.0911051,24.0
2018-07-18,0.0,1.306851,-0.06299567,24.0
2018-07-19,0.0,1.009322,-0.19247029999999998,24.0
2018-07-20,0.0,0.8366501,-0.24445889999999998,24.0
2018-07-21,0.0,0.7293978999999999,-0.29886219999999997,24.0
2018-07-22,0.229,0.9232313999999999,-0.21156319999999998,24.0
2018-07-23,0.687,1.123571,0.10766859999999999,24.0
2018-07-24,0.0,1.054785,-0.05798322,24.0
2018-07-25,3.435,1.101069,-0.10356839999999999,24.0
2018-07-26,20.61,1.413779,0.20795249999999998,24.0
2018-07-27,0.229,1.330055,-0.03724384,24.0
2018-07-28,0.0,1.145128,-0.1502484,24.0
2018-07-29,0.0,1.22296,-0.1944163,24.0
2018-07-30,15.57,1.1455,-0.2543715,24.0
2018-07-31,0.229,1.39117,0.07987821,24.0
2018-08-01,1.603,1.54281,0.07289523,24.0
2018-08-02,0.229,1.4783300000000001,0.15548979999999998,24.0
2018-08-03,9.39,1.3600430000000001,0.18302759999999998,24.0
2018-08-04,7.328,1.084154,0.2722775,24.0
2018-08-05,0.0,1.079103,0.0989415,24.0
2018-08-06,0.0,1.075342,0.0170089,24.0
2018-08-07,0.0,1.223013,0.0047797560000000005,24.0
2018-08-08,0.0,1.202828,-0.02383107,24.0
2018-08-09,0.687,1.185817,-0.150484,24.0
2018-08-10,0.229,1.251357,-0.1934206,24.0
2018-08-11,0.0,1.7616049999999999,-0.06507212,24.0
2018-08-12,0.0,1.9349409999999998,0.1734499,24.0
2018-08-13,0.0,1.6155400000000002,-0.07237542,24.0
2018-08-14,0.0,1.4418769999999999,-0.1278402,24.0
2018-08-15,0.0,1.289989,-0.179689,24.0
2018-08-16,0.0,1.418045,-0.1255403,24.0
2018-08-17,0.0,1.2608169999999999,0.02630508,24.0
2018-08-18,0.0,1.095582,-0.02584654,24.0
2018-08-19,0.0,0.7766417999999999,-0.1110548,24.0
2018-08-20,0.0,0.7076874,-0.1584103,24.0
2018-08-21,0.229,1.045047,-0.1442509,24.0
2018-08-22,6.183,1.286784,0.30289079999999996,24.0
2018-08-23,9.39,1.248099,0.09022707,24.0
2018-08-24,0.0,1.076774,-0.06571907,24.0
2018-08-25,32.29,1.13162,-0.1854543,24.0
2018-08-26,2.519,1.176669,0.2637593,24.0
2018-08-27,0.0,1.8895089999999999,0.210147,24.0
2018-08-28,0.0,1.811737,0.05831456,24.0
2018-08-29,0.0,1.262162,-0.07459718,24.0
2018-08-30,0.0,1.142678,-0.1553003,24.0
2018-08-31,0.0,0.8797480999999999,-0.2722313,24.0
2018-09-01,0.0,0.9987973,-0.27306,24.0
2018-09-02,0.458,1.001345,-0.22379069999999998,24.0
2018-09-03,8.24,1.0704069999999999,-0.10576129999999999,24.0
2018-09-04,49.01,1.381866,-0.08409387,24.0
2018-09-05,5.038,1.232287,0.3813761,24.0
2018-09-06,0.229,1.217216,0.1875212,24.0
2018-09-07,0.0,1.270792,0.04686099,24.0
2018-09-08,0.0,1.310372,-0.02394682,24.0
2018-09-09,0.0,1.496265,-0.043896910000000004,24.0
2018-09-10,0.0,1.563568,-0.06292093,24.0
2018-09-11,0.0,1.517378,-0.08971202,24.0
2018-09-12,0.0,1.430229,-0.1015862,24.0
2018-09-13,6.641,1.396821,0.1505221,24.0
2018-09-14,2.519,1.010605,0.1620164,24.0
2018-09-15,2.061,0.9038668999999999,0.1110003,24.0
2018-09-16,6.412,1.019224,0.10193769999999999,24.0
2018-09-17,0.458,0.9204198,0.1695571,24.0
2018-09-18,3.435,0.8719927,0.05890137,24.0
2018-09-19,0.0,0.7986375,-0.01901937,24.0
2018-09-20,0.0,0.86955,-0.1260494,24.0
2018-09-21,0.0,0.8546705,-0.1617867,24.0
2018-09-22,0.0,0.9561864999999999,-0.1565629,24.0
2018-09-23,0.0,1.006128,-0.25793469999999996,24.0
2018-09-24,0.0,0.9682187999999999,-0.29391639999999997,24.0
2018-09-25,5.496,1.148225,-0.2395312,24.0
2018-09-26,0.687,1.3663319999999999,-0.1819256,24.0
2018-09-27,4.122,1.256469,-0.2504199,24.0
2018-09-28,0.0,1.229432,-0.2307588,24.0
2018-09-29,5.267,1.198329,-0.1999464,24.0
2018-09-30,4.809,1.006834,0.054330170000000004,24.0
2018-10-01,0.0,0.6812496,-0.1725853,24.0
2018-10-02,0.0,0.7421185,-0.2202529,24.0
2018-10-03,13.05,1.060825,-0.201309,24.0
2018-10-04,40.99,1.449298,0.5442180999999999,24.0
2018-10-05,4.58,1.445289,0.8243581,24.0
2018-10-06,0.458,1.4221759999999999,0.4508605,24.0
2018-10-07,4.809,1.537906,0.3581375,24.0
2018-10-08,42.59,1.889231,0.7159384,24.0
2018-10-09,2.29,1.657651,0.6556695,24.0
2018-10-10,1.603,1.359743,0.2962862,24.0
2018-10-11,5.954,1.46562,0.4676952,24.0
2018-10-12,20.38,1.6901869999999999,0.8111562999999999,24.0
2018-10-13,2.29,1.5434329999999998,0.6901712,24.0
2018-10-14,5.954,1.239082,0.47759369999999995,24.0
2018-10-15,19.92,1.388869,0.5254394,24.0
2018-10-16,20.38,1.605615,0.9451746,24.0
2018-10-17,1.145,1.286332,0.8040086999999999,24.0
2018-10-18,19.24,1.11904,0.5628966,24.0
2018-10-19,3.435,1.5106700000000002,0.9698633,24.0
2018-10-20,0.0,1.302324,0.7099553,24.0
2018-10-21,0.0,1.3773119999999999,0.6052965,24.0
2018-10-22,3.206,1.405481,0.4645494,24.0
2018-10-23,0.0,1.33658,0.2856766,24.0
2018-10-24,0.0,1.2454939999999999,0.2565725,24.0
2018-10-25,50.15,1.690975,0.4351256,24.0
2018-10-26,0.0,2.220203,1.450305,24.0
2018-10-27,0.0,1.790082,0.9752084,24.0
2018-10-28,0.0,1.4267539999999999,0.6483561999999999,24.0
2018-10-29,0.0,1.706834,0.4810721,24.0
2018-10-30,0.458,1.234907,0.39385129999999996,24.0
2018-10-31,0.0,1.042462,0.3140845,24.0
2018-11-01,5.954,0.8464531,0.2299311,24.0
2018-11-02,4.122,1.196614,0.2337157,24.0
2018-11-03,5.725,1.370254,0.3902951,24.0
2018-11-04,7.328,1.256913,0.1796227,24.0
2018-11-05,6.641,1.399251,0.6874281999999999,24.0
2018-11-06,0.229,1.352384,0.42523479999999997,24.0
2018-11-07,1.145,1.30708,0.2512525,24.0
2018-11-08,8.01,1.294817,0.26192129999999997,24.0
2018-11-09,5.954,1.438032,0.5278723,24.0
2018-11-10,17.86,1.699866,0.6739786999999999,24.0
2018-11-11,0.0,1.929814,1.080593,24.0
2018-11-12,0.0,1.214875,0.5635722,24.0
2018-11-13,0.0,1.130924,0.3796921,24.0
2018-11-14,0.0,0.8731816,0.2534027,24.0
2018-11-15,1.832,0.6720166,0.09782404,24.0
2018-11-16,0.0,0.8983006,0.18208159999999998,24.0
2018-11-17,0.0,0.9869454999999999,0.2618028,24.0
2018-11-18,0.0,0.9488175,0.1141667,24.0
2018-11-19,6.183,0.9730101,0.02300185,24.0
2018-11-20,0.0,1.26828,0.19809559999999998,24.0
2018-11-21,0.0,1.545109,0.2256405,24.0
2018-11-22,2.29,1.311938,0.14228459999999998,24.0
2018-11-23,5.725,1.314718,0.06758267,24.0
2018-11-24,0.0,1.303564,-0.015357550000000001,24.0
2018-11-25,0.458,1.44578,-0.05877101,24.0
2018-11-26,0.0,1.538298,0.08312911,24.0
2018-11-27,0.229,1.536286,0.2541014,24.0
2018-11-28,0.229,1.360839,0.1228951,24.0
2018-11-29,0.229,1.126633,0.09314859,24.0
2018-11-30,2.977,0.9151254,-0.0170328,24.0
2018-12-01,15.11,1.110803,0.08499783,24.0
2018-12-02,0.916,1.0830359999999999,0.1708617,24.0
2018-12-03,0.458,1.412915,0.1371626,24.0
2018-12-04,0.0,1.572415,0.4729826,24.0
2018-12-05,0.0,1.40841,0.048781160000000004,24.0
2018-12-06,0.0,1.313709,0.08365959,24.0
2018-12-07,2.29,1.530146,0.09423918,24.0
2018-12-08,2.519,1.457982,0.2339551,24.0
2018-12-09,0.0,1.6968679999999998,0.1503826,24.0
2018-12-10,0.0,1.401614,0.06636834,24.0
2018-12-11,0.0,1.01748,-0.056664940000000004,24.0
2018-12-12,0.0,1.237102,-0.1121259,24.0
2018-12-13,0.0,1.12026,-0.1223378,24.0
2018-12-14,0.0,0.9211048,-0.205862,24.0
2018-12-15,1.374,0.8961448999999999,-0.1459327,24.0
2018-12-16,0.0,0.6730775999999999,-0.17287149999999998,24.0
2018-12-17,0.0,0.9238677,-0.1662608,24.0
2018-12-18,4.122,0.8776581999999999,-0.2564106,24.0
2018-12-19,19.69,0.8966824999999999,-0.1716284,24.0
2018-12-20,2.748,1.175406,-0.01828986,24.0
2018-12-21,0.916,1.348775,-0.2073324,24.0
2018-12-22,3.664,1.245578,-0.09047711,24.0
2018-12-23,6.87,1.415978,-0.045168099999999996,24.0
2018-12-24,13.51,1.82231,0.49082149999999997,24.0
2018-12-25,11.22,1.589604,0.35009789999999996,24.0
2018-12-26,14.66,1.567405,0.4081932,24.0
2018-12-27,0.229,1.389417,0.23245169999999998,24.0
2018-12-28,0.229,1.213131,0.2011046,24.0
2018-12-29,0.0,1.079745,0.1328183,24.0
2018-12-30,0.0,0.8925529,0.03154516,24.0
2018-12-31,0.0,0.9824012999999999,0.01621801,24.0
2019-01-01,0.0,0.8774134,-0.0869025,24.0
2019-01-02,0.0,0.9502718,-0.01738703,24.0
2019-01-03,0.0,1.046051,-0.2191405,24.0
2019-01-04,0.0,0.8176181,-0.287004,24.0
2019-01-05,14.88,1.247996,-0.001639009,24.0
2019-01-06,30.23,1.425704,0.6677622999999999,24.0
2019-01-07,0.0,1.3229980000000001,0.256729,24.0
2019-01-08,1.145,1.156984,-0.018533110000000002,24.0
2019-01-09,4.58,1.147044,-0.02742529,24.0
2019-01-10,0.0,1.277232,0.04888165,24.0
2019-01-11,0.0,1.086676,-0.03574878,24.0
2019-01-12,0.229,0.9802894999999999,-0.03274798,24.0
2019-01-13,33.66,1.158839,0.0271672,24.0
2019-01-14,40.99,1.468791,0.40001139999999996,24.0
2019-01-15,6.412,0.9297516,0.4596781,24.0
2019-01-16,4.122,1.054093,0.1701951,24.0
2019-01-17,0.458,1.052377,0.0037059780000000004,24.0
2019-01-18,0.458,1.070436,-0.02048129,24.0
2019-01-19,1.374,1.264686,0.16584469999999998,24.0
2019-01-20,53.59,1.471784,0.07911372,24.0
2019-01-21,0.0,1.869157,0.3662281,24.0
2019-01-22,12.59,1.5734219999999999,0.14148059999999998,24.0
2019-01-23,0.0,1.622573,0.28358089999999997,24.0
2019-01-24,0.0,1.475449,0.1087735,24.0
2019-01-25,12.82,1.406561,0.08666497000000001,24.0
2019-01-26,8.7,1.471463,0.5014538,24.0
2019-01-27,5.267,1.218314,0.3294947,24.0
2019-01-28,8.7,1.058049,0.1321675,24.0
2019-01-29,0.0,0.9561856999999999,0.30396,24.0
2019-01-30,0.0,0.8607905,0.055721520000000004,24.0
2019-01-31,4.58,0.7794521999999999,-0.02503234,24.0
2019-02-01,0.229,0.98762,0.07425088,24.0
2019-02-02,25.88,1.119802,0.004108489,24.0
2019-02-03,6.641,1.330807,0.4364781,24.0
2019-02-04,15.8,1.492651,0.8186209,24.0
2019-02-05,10.08,1.739977,0.9035704999999999,24.0
2019-02-06,5.725,1.667319,0.7342169,24.0
2019-02-07,0.687,1.531531,0.5600197,24.0
2019-02-08,0.0,1.480458,0.3060592,24.0
2019-02-09,0.0,1.238094,0.2036961,24.0
2019-02-10,0.0,1.080975,0.1427908,24.0
2019-02-11,0.0,0.9132376999999999,0.03590804,24.0
2019-02-12,3.435,0.9009109999999999,0.009396672,24.0
2019-02-13,0.0,1.376801,0.1917166,24.0
2019-02-14,1.374,1.366115,0.5395921,24.0
2019-02-15,0.0,1.285989,0.19886389999999998,24.0
2019-02-16,46.72,1.426085,0.189279,24.0
2019-02-17,48.78,1.765731,1.103883,24.0
2019-02-18,85.4,3.124883,1.763237,24.0
2019-02-19,0.458,2.7581800000000003,1.197637,24.0
2019-02-20,3.206,1.791137,0.7319753,24.0
2019-02-21,25.88,1.771449,0.6906673999999999,24.0
2019-02-22,36.87,1.7852009999999998,0.8048881,24.0
2019-02-23,3.206,1.686812,0.6463279,24.0
2019-02-24,0.0,1.409127,0.4721296,24.0
2019-02-25,0.0,1.15435,0.35294909999999996,24.0
2019-02-26,18.32,1.168361,0.2633301,24.0
2019-02-27,1.145,1.322126,0.5945132,24.0
2019-02-28,16.26,1.499608,0.6458862,24.0
2019-03-01,0.0,1.620362,1.006408,24.0
2019-03-02,0.0,1.355261,0.707719,24.0
2019-03-03,0.0,1.378791,0.38767429999999997,24.0
2019-03-04,0.0,1.280111,0.3070263,24.0
2019-03-05,0.0,1.4495339999999999,0.3361412,24.0
2019-03-06,0.0,1.277461,0.1744764,24.0
2019-03-07,2.977,1.198133,0.2145616,24.0
2019-03-08,1.832,1.3503910000000001,0.2483466,24.0
2019-03-09,0.0,1.192578,0.1551208,24.0
2019-03-10,4.351,1.345466,0.1376203,24.0
2019-03-11,0.0,1.6498300000000001,0.7181814999999999,24.0
2019-03-12,2.29,1.312265,0.6441091999999999,24.0
2019-03-13,0.229,1.131199,0.4407272,24.0
2019-03-14,17.86,1.130357,0.22161889999999998,24.0
2019-03-15,19.47,1.435783,0.4366487,24.0
2019-03-16,81.1,2.926608,1.273273,24.0
2019-03-17,17.17,1.726134,1.035903,24.0
2019-03-18,0.0,1.6099649999999999,0.7456923999999999,24.0
2019-03-19,0.458,1.321795,0.3887824,24.0
2019-03-20,0.0,1.308303,0.316223,24.0
2019-03-21,0.916,1.638072,0.3154013,24.0
2019-03-22,3.664,1.897204,0.4833381,24.0
2019-03-23,9.85,1.968007,0.6783195,24.0
2019-03-24,0.0,1.712117,0.5015931,24.0
2019-03-25,0.0,1.41713,0.3035613,24.0
2019-03-26,0.0,1.313676,0.20556629999999998,24.0
2019-03-27,5.954,1.47279,0.3051174,24.0
2019-03-28,4.122,1.583977,0.6029376,24.0
2019-03-29,16.95,1.465667,0.6304455,24.0
2019-03-30,33.43,1.518023,1.023011,24.0
2019-03-31,0.0,1.5079850000000001,0.6681644,24.0
2019-04-01,0.0,1.074611,0.4222207,24.0
2019-04-02,0.0,1.15619,0.31168789999999996,24.0
2019-04-03,0.0,1.243445,0.2182459,24.0
2019-04-04,0.0,1.2757100000000001,0.1243184,24.0
2019-04-05,0.0,1.3637869999999999,0.08340019,24.0
2019-04-06,10.76,1.4080759999999999,0.04818612,24.0
2019-04-07,11.68,1.628347,0.262308,24.0
2019-04-08,60.23,1.901869,0.5561305,24.0
2019-04-09,3.664,2.450048,1.373085,24.0
2019-04-10,0.0,1.620185,0.8549091999999999,24.0
2019-04-11,0.229,1.425432,0.6566075,24.0
2019-04-12,0.0,1.097095,0.4104271,24.0
2019-04-13,0.0,1.242559,0.35050119999999996,24.0
2019-04-14,0.0,1.27231,0.3418245,24.0
2019-04-15,0.0,1.245255,0.18634399999999998,24.0
2019-04-16,0.0,1.218347,0.147343,24.0
2019-04-17,6.412,1.298573,0.1404619,24.0
2019-04-18,0.0,1.7018689999999999,0.1931853,24.0
2019-04-19,0.0,1.6697359999999999,0.1707444,24.0
2019-04-20,0.0,1.573008,0.1205112,24.0
2019-04-21,0.0,1.469352,0.1237755,24.0
2019-04-22,4.351,1.4698,0.09823984000000001,24.0
2019-04-23,55.19,1.775503,0.5150946,24.0
2019-04-24,16.26,1.588898,0.8919528999999999,24.0
2019-04-25,32.29,1.882409,0.9301200000000001,24.0
2019-04-26,0.0,1.102722,0.6815199,24.0
2019-04-27,0.0,1.392589,0.4167731,24.0
2019-04-28,10.76,1.013762,0.21144929999999998,24.0
2019-04-29,2.061,1.10277,0.4237649,24.0
2019-04-30,0.458,1.201844,0.464232,24.0
2019-05-01,0.0,1.35899,0.2909174,24.0
2019-05-02,5.267,1.308277,0.2719566,24.0
2019-05-03,12.37,1.5612,0.43920739999999997,24.0
2019-05-04,0.0,1.441207,0.21244839999999998,24.0
2019-05-05,0.0,1.359224,0.1799766,24.0
2019-05-06,0.0,1.5886230000000001,0.20914549999999998,24.0
2019-05-07,5.267,1.420857,0.1200985,24.0
2019-05-08,3.893,1.675755,0.4396797,24.0
2019-05-09,0.0,1.5943990000000001,0.5106387,24.0
2019-05-10,1.145,1.356431,0.3423057,24.0
2019-05-11,0.0,1.060126,0.18830719999999998,24.0
2019-05-12,4.58,1.062533,0.17930649999999998,24.0
2019-05-13,5.725,1.419937,0.380787,24.0
2019-05-14,1.145,1.394885,0.3079766,24.0
2019-05-15,0.0,1.254218,0.2778662,24.0
2019-05-16,8.24,1.5060289999999998,0.36692,24.0
2019-05-17,13.51,1.703082,0.8790585,24.0
2019-05-18,2.977,1.873589,1.143727,24.0
2019-05-19,13.97,1.68751,1.080315,24.0
2019-05-20,4.122,1.55734,0.7935612999999999,24.0
2019-05-21,0.0,1.459578,0.5549590999999999,24.0
2019-05-22,0.0,1.452489,0.42712809999999996,24.0
2019-05-23,0.0,1.326098,0.33898449999999997,24.0
2019-05-24,15.34,1.29115,0.31194479999999997,24.0
2019-05-25,21.07,1.553665,0.4541364,24.0
2019-05-26,0.0,1.513447,0.9124091,24.0
2019-05-27,0.0,1.405117,0.6194953,24.0
2019-05-28,0.0,1.159788,0.4361016,24.0
2019-05-29,10.99,1.286848,0.4266219,24.0
2019-05-30,0.0,1.498359,0.5400277,24.0
2019-05-31,29.54,2.00699,0.645794,24.0
2019-06-01,39.62,2.844336,1.9233289999999998,24.0
2019-06-02,12.59,2.316854,1.146245,24.0
2019-06-03,10.76,2.111568,1.335176,24.0
2019-06-04,20.84,2.212237,1.6515719999999998,24.0
2019-06-05,0.0,2.054951,1.310145,24.0
2019-06-06,0.0,1.784599,1.015136,24.0
2019-06-07,1.832,1.496741,0.7942705,24.0
2019-06-08,0.0,1.314849,0.6304377,24.0
2019-06-09,0.0,1.436501,0.6249918999999999,24.0
2019-06-10,0.0,1.391143,0.5811976999999999,24.0
2019-06-11,0.0,1.224222,0.5015967,24.0
2019-06-12,0.0,1.211905,0.45664269999999996,24.0
2019-06-13,0.0,1.420935,0.4739659,24.0
2019-06-14,0.0,1.374829,0.40253659999999997,24.0
2019-06-15,0.0,1.296498,0.3737783,24.0
2019-06-16,0.0,1.311125,0.3094008,24.0
2019-06-17,0.0,1.319993,0.2654531,24.0
2019-06-18,0.0,1.361475,0.2785728,24.0
2019-06-19,0.0,1.20971,0.1967369,24.0
2019-06-20,0.0,1.183329,0.1662138,24.0
2019-06-21,0.0,1.424287,0.22245779999999998,24.0
2019-06-22,0.0,1.39478,0.2748991,24.0
2019-06-23,0.0,1.239572,0.226873,24.0
2019-06-24,0.0,1.095097,0.15174769999999999,24.0
2019-06-25,0.0,1.058517,0.1192868,24.0
2019-06-26,0.0,1.058169,0.12077919999999999,24.0
2019-06-27,45.57,2.018964,0.1761597,24.0
2019-06-28,2.977,2.332932,1.408164,24.0
2019-06-29,0.0,1.4844870000000001,0.5202266999999999,24.0
2019-06-30,0.0,1.036955,0.2467173,24.0
2019-07-01,0.0,1.287081,0.21503229999999998,24.0
2019-07-02,2.29,1.58877,0.234624,24.0
2019-07-03,0.0,1.726973,0.5954176,24.0
2019-07-04,0.0,1.7729759999999999,0.39685539999999997,24.0
2019-07-05,0.0,2.059104,0.49752799999999997,24.0
2019-07-06,0.0,2.115349,0.6545441,24.0
2019-07-07,0.0,2.393118,0.851058,24.0
2019-07-08,0.0,1.821577,0.6911042,24.0
2019-07-09,0.0,1.4955319999999999,0.4508907,24.0
2019-07-10,0.0,1.244925,0.37871269999999996,24.0
2019-07-11,0.0,1.214034,0.2459611,24.0
2019-07-12,0.0,1.252954,0.2179322,24.0
2019-07-13,0.0,1.144116,0.1607678,24.0
2019-07-14,0.0,1.096056,0.1142198,24.0
2019-07-15,0.0,1.220402,0.09508294,24.0
2019-07-16,8.93,1.38439,0.158824,24.0
2019-07-17,0.229,1.456311,0.2046093,24.0
2019-07-18,0.0,1.502367,0.2756754,24.0
2019-07-19,,,,24.0
2019-07-20,,,,24.0
2019-07-21,,,,24.0
2019-07-22,,,,24.0
2019-07-23,,,,24.0
2019-07-24,,,,24.0
2019-07-25,,,,24.0
2019-07-26,,,,24.0
2019-07-27,,,,24.0
2019-07-28,,,,24.0
2019-07-29,,,,24.0
2019-07-30,,,,24.0
2019-07-31,,,,24.0
2019-08-01,,,,24.0
2019-08-02,,,,24.0
2019-08-03,,,,24.0
2019-08-04,,,,24.0
2019-08-05,,,,24.0
2019-08-06,,,,24.0
2019-08-07,,,,24.0
2019-08-08,,,,24.0
2019-08-09,,,,24.0
2019-08-10,,,,24.0
2019-08-11,,,,24.0
2019-08-12,,,,24.0
2019-08-13,,,,24.0
2019-08-14,,,,24.0
2019-08-15,,,,24.0
2019-08-16,,,,24.0
2019-08-17,,,,24.0
2019-08-18,,,,24.0
2019-08-19,,,,24.0
2019-08-20,,,,24.0
2019-08-21,,,,24.0
2019-08-22,,,,24.0
2019-08-23,,,,24.0
2019-08-24,,,,24.0
2019-08-25,,,,24.0
2019-08-26,,,,24.0
2019-08-27,,,,24.0
2019-08-28,,,,24.0
2019-08-29,,,,24.0
2019-08-30,,,,24.0
2019-08-31,,,,24.0
2019-09-01,,,,24.0
2019-09-02,,,,24.0
2019-09-03,,,,24.0
2019-09-04,,,,24.0
2019-09-05,,,,24.0
2019-09-06,,,,24.0
2019-09-07,,,,24.0
2019-09-08,,,,24.0
2019-09-09,,,,24.0
2019-09-10,,,,24.0
2019-09-11,,,,24.0
2019-09-12,,,,24.0
2019-09-13,,,,24.0
2019-09-14,,,,24.0
2019-09-15,,,,24.0
2019-09-16,,,,24.0
2019-09-17,,,,24.0
2019-09-18,,,,24.0
2019-09-19,,,,24.0
2019-09-20,,,,24.0
2019-09-21,,,,24.0
2019-09-22,,,,24.0
2019-09-23,,,,24.0
2019-09-24,,,,24.0
2019-09-25,,,,24.0
2019-09-26,,,,24.0
2019-09-27,,,,24.0
2019-09-28,,,,24.0
2019-09-29,,,,24.0
2019-09-30,,,,24.0
2019-10-01,,,,24.0
2019-10-02,,,,24.0
2019-10-03,,,,24.0
2019-10-04,,,,24.0
2019-10-05,,,,24.0
2019-10-06,,,,24.0
2019-10-07,,,,24.0
2019-10-08,,,,24.0
2019-10-09,,,,24.0
2019-10-10,,,,24.0
2019-10-11,,,,24.0
2019-10-12,,,,24.0
2019-10-13,,,,24.0
2019-10-14,,,,24.0
2019-10-15,,,,24.0
2019-10-16,,,,24.0
2019-10-17,,,,24.0
2019-10-18,,,,24.0
2019-10-19,,,,24.0
2019-10-20,,,,24.0
2019-10-21,,,,24.0
2019-10-22,,,,24.0
2019-10-23,,,,24.0
2019-10-24,,,,24.0
2019-10-25,,,,24.0
2019-10-26,,,,24.0
2019-10-27,,,,24.0
2019-10-28,,,,24.0
2019-10-29,,,,24.0
2019-10-30,,,,24.0
2019-10-31,,,,24.0
2019-11-01,,,,24.0
2019-11-02,,,,24.0
2019-11-03,,,,24.0
2019-11-04,,,,24.0
2019-11-05,,,,24.0
2019-11-06,,,,24.0
2019-11-07,,,,24.0
2019-11-08,,,,24.0
2019-11-09,,,,24.0
2019-11-10,,,,24.0
2019-11-11,,,,24.0
2019-11-12,,,,24.0
2019-11-13,,,,24.0
2019-11-14,,,,24.0
2019-11-15,,,,24.0
2019-11-16,,,,24.0
2019-11-17,,,,24.0
2019-11-18,,,,24.0
2019-11-19,,,,24.0
2019-11-20,,,,24.0
2019-11-21,,,,24.0
2019-11-22,,,,24.0
2019-11-23,,,,24.0
2019-11-24,,,,24.0
2019-11-25,,,,24.0
2019-11-26,,,,24.0
2019-11-27,,,,24.0
2019-11-28,,,,24.0
2019-11-29,,,,24.0
2019-11-30,,,,24.0
2019-12-01,,,,24.0
2019-12-02,,,,24.0
2019-12-03,,,,24.0
2019-12-04,,,,24.0
2019-12-05,,,,24.0
2019-12-06,,,,24.0
2019-12-07,,,,24.0
2019-12-08,,,,24.0
2019-12-09,,,,24.0
2019-12-10,,,,24.0
2019-12-11,,,,24.0
2019-12-12,,,,24.0
2019-12-13,,,,24.0
2019-12-14,,,,24.0
2019-12-15,,,,24.0
2019-12-16,,,,24.0
2019-12-17,,,,24.0
2019-12-18,,,,24.0
2019-12-19,,,,24.0
2019-12-20,,,,24.0
2019-12-21,,,,24.0
2019-12-22,,,,24.0
2019-12-23,,,,24.0
2019-12-24,,,,24.0
2019-12-25,,,,24.0
2019-12-26,,,,24.0
2019-12-27,,,,24.0
2019-12-28,,,,24.0
2019-12-29,,,,24.0
2019-12-30,,,,24.0
2019-12-31,,,,24.0
2020-01-01,,,,24.0
2020-01-02,,,,24.0
2020-01-03,,,,24.0
2020-01-04,,,,24.0
2020-01-05,,,,24.0
2020-01-06,,,,24.0
2020-01-07,,,,24.0
2020-01-08,,,,24.0
2020-01-09,,,,24.0
2020-01-10,,,,24.0
2020-01-11,,,,24.0
2020-01-12,,,,24.0
2020-01-13,,,,24.0
2020-01-14,,,,24.0
2020-01-15,,,,24.0
2020-01-16,,,,24.0
2020-01-17,,,,24.0
2020-01-18,,,,24.0
2020-01-19,,,,24.0
2020-01-20,,,,24.0
2020-01-21,,,,24.0
2020-01-22,,,,24.0
2020-01-23,,,,24.0
2020-01-24,,,,24.0
2020-01-25,,,,24.0
2020-01-26,,,,24.0
2020-01-27,,,,24.0
2020-01-28,,,,24.0
2020-01-29,,,,24.0
2020-01-30,,,,24.0
2020-01-31,,,,24.0
2020-02-01,,,,24.0
2020-02-02,,,,24.0
2020-02-03,,,,24.0
2020-02-04,,,,24.0
2020-02-05,,,,24.0
2020-02-06,,,,24.0
2020-02-07,,,,24.0
2020-02-08,,,,24.0
2020-02-09,,,,24.0
2020-02-10,,,,24.0
2020-02-11,,,,24.0
2020-02-12,,,,24.0
2020-02-13,,,,24.0
2020-02-14,,,,24.0
2020-02-15,,,,24.0
2020-02-16,,,,24.0
2020-02-17,,,,24.0
2020-02-18,,,,24.0
2020-02-19,,,,24.0
2020-02-20,,,,24.0
2020-02-21,,,,24.0
2020-02-22,,,,24.0
2020-02-23,,,,24.0
2020-02-24,,,,24.0
2020-02-25,,,,24.0
2020-02-26,,,,24.0
2020-02-27,,,,24.0
2020-02-28,,,,24.0
2020-02-29,,,,24.0
2020-03-01,,,,24.0
2020-03-02,,,,24.0
2020-03-03,,,,24.0
2020-03-04,,,,24.0
2020-03-05,,,,24.0
2020-03-06,,,,24.0
2020-03-07,,,,24.0
2020-03-08,,,,24.0
2020-03-09,,,,24.0
2020-03-10,,,,24.0
2020-03-11,,,,24.0
2020-03-12,,,,24.0
2020-03-13,,,,24.0
2020-03-14,,,,24.0
2020-03-15,,,,24.0
2020-03-16,,,,24.0
2020-03-17,,,,24.0
2020-03-18,,,,24.0
2020-03-19,,,,24.0
2020-03-20,,,,24.0
2020-03-21,,,,24.0
2020-03-22,,,,24.0
2020-03-23,,,,24.0
2020-03-24,,,,24.0
2020-03-25,,,,24.0
2020-03-26,,,,24.0
2020-03-27,,,,24.0
2020-03-28,,,,24.0
2020-03-29,,,,24.0
2020-03-30,,,,24.0
2020-03-31,,,,24.0
2020-04-01,,,,24.0
2020-04-02,,,,24.0
2020-04-03,,,,24.0
2020-04-04,,,,24.0
2020-04-05,,,,24.0
2020-04-06,,,,24.0
2020-04-07,,,,24.0
2020-04-08,,,,24.0
2020-04-09,,,,24.0
2020-04-10,,,,24.0
2020-04-11,,,,24.0
2020-04-12,,,,24.0
2020-04-13,,,,24.0
2020-04-14,,,,24.0
2020-04-15,,,,24.0
2020-04-16,,,,24.0
2020-04-17,,,,24.0
2020-04-18,,,,24.0
2020-04-19,,,,24.0
2020-04-20,,,,24.0
2020-04-21,,,,24.0
2020-04-22,,,,24.0
2020-04-23,,,,24.0
2020-04-24,,,,24.0
2020-04-25,,,,24.0
2020-04-26,,,,24.0
2020-04-27,,,,24.0
2020-04-28,,,,24.0
2020-04-29,,,,24.0
2020-04-30,,,,24.0
2020-05-01,,,,24.0
2020-05-02,,,,24.0
2020-05-03,,,,24.0
2020-05-04,,,,24.0
2020-05-05,,,,24.0
2020-05-06,,,,24.0
2020-05-07,,,,24.0
2020-05-08,,,,24.0
2020-05-09,,,,24.0
2020-05-10,,,,24.0
2020-05-11,,,,24.0
2020-05-12,,,,24.0
2020-05-13,,,,24.0
2020-05-14,,,,24.0
2020-05-15,,,,24.0
2020-05-16,,,,24.0
2020-05-17,,,,24.0
2020-05-18,,,,24.0
2020-05-19,,,,24.0
2020-05-20,,,,24.0
2020-05-21,,,,24.0
2020-05-22,,,,24.0
2020-05-23,,,,24.0
2020-05-24,,,,24.0
2020-05-25,,,,24.0
2020-05-26,,,,24.0
2020-05-27,,,,24.0
2020-05-28,,,,24.0
2020-05-29,,,,24.0
2020-05-30,,,,24.0
2020-05-31,,,,24.0
2020-06-01,,,,24.0
2020-06-02,,,,24.0
2020-06-03,,,,24.0
2020-06-04,,,,24.0
2020-06-05,,,,24.0
2020-06-06,,,,24.0
2020-06-07,,,,24.0
2020-06-08,,,,24.0
2020-06-09,,,,24.0
2020-06-10,,,,24.0
2020-06-11,,,,24.0
2020-06-12,,,,24.0
2020-06-13,,,,24.0
2020-06-14,,,,24.0
2020-06-15,,,,24.0
2020-06-16,,,,24.0
2020-06-17,,,,24.0
2020-06-18,,,,24.0
2020-06-19,,,,24.0
2020-06-20,,,,24.0
2020-06-21,,,,24.0
2020-06-22,,,,24.0
2020-06-23,,,,24.0
2020-06-24,,,,24.0
2020-06-25,,,,24.0
2020-06-26,,,,24.0
2020-06-27,,,,24.0
2020-06-28,,,,24.0
2020-06-29,,,,24.0
2020-06-30,,,,24.0
2020-07-01,,,,24.0
2020-07-02,,,,24.0
2020-07-03,,,,24.0
2020-07-04,,,,24.0
2020-07-05,,,,24.0
2020-07-06,,,,24.0
2020-07-07,,,,24.0
2020-07-08,,,,24.0
2020-07-09,,,,24.0
2020-07-10,,,,24.0
2020-07-11,,,,24.0
2020-07-12,,,,24.0
2020-07-13,,,,24.0
2020-07-14,,,,24.0
2020-07-15,,,,24.0
2020-07-16,,,,24.0
2020-07-17,,,,24.0
2020-07-18,,,,24.0
2020-07-19,,,,24.0
2020-07-20,,,,24.0
2020-07-21,,,,24.0
2020-07-22,,,,24.0
2020-07-23,,,,24.0
2020-07-24,,,,24.0
2020-07-25,,,,24.0
2020-07-26,,,,24.0
2020-07-27,,,,24.0
2020-07-28,,,,24.0
2020-07-29,,,,24.0
2020-07-30,,,,24.0
2020-07-31,,,,24.0
2020-08-01,,,,24.0
2020-08-02,,,,24.0
2020-08-03,,,,24.0
2020-08-04,,,,24.0
2020-08-05,,,,24.0
2020-08-06,,,,24.0
2020-08-07,,,,24.0
2020-08-08,,,,24.0
2020-08-09,,,,24.0
2020-08-10,,,,24.0
2020-08-11,,,,24.0
2020-08-12,,,,24.0
2020-08-13,,,,24.0
2020-08-14,,,,24.0
2020-08-15,,,,24.0
2020-08-16,,,,24.0
2020-08-17,,,,24.0
2020-08-18,,,,24.0
2020-08-19,,,,24.0
2020-08-20,,,,24.0
2020-08-21,,,,24.0
2020-08-22,,,,24.0
2020-08-23,,,,24.0
2020-08-24,,,,24.0
2020-08-25,,,,24.0
2020-08-26,,,,24.0
2020-08-27,,,,24.0
2020-08-28,,,,24.0
2020-08-29,,,,24.0
2020-08-30,,,,24.0
2020-08-31,,,,24.0
2020-09-01,,,,24.0
2020-09-02,,,,24.0
2020-09-03,,,,24.0
2020-09-04,,,,24.0
2020-09-05,,,,24.0
2020-09-06,,,,24.0
2020-09-07,,,,24.0
2020-09-08,,,,24.0
2020-09-09,,,,24.0
2020-09-10,,,,24.0
2020-09-11,,,,24.0
2020-09-12,,,,24.0
2020-09-13,,,,24.0
2020-09-14,,,,24.0
2020-09-15,,,,24.0
2020-09-16,,,,24.0
2020-09-17,,,,24.0
2020-09-18,,,,24.0
2020-09-19,,,,24.0
2020-09-20,,,,24.0
2020-09-21,,,,24.0
2020-09-22,,,,24.0
2020-09-23,,,,24.0
2020-09-24,,,,24.0
2020-09-25,,,,24.0
2020-09-26,,,,24.0
2020-09-27,,,,24.0
2020-09-28,,,,24.0
2020-09-29,,,,24.0
2020-09-30,,,,24.0
2020-10-01,,,,24.0
2020-10-02,,,,24.0
2020-10-03,,,,24.0
2020-10-04,,,,24.0
2020-10-05,,,,24.0
2020-10-06,,,,24.0
2020-10-07,,,,24.0
2020-10-08,,,,24.0
2020-10-09,,,,24.0
2020-10-10,,,,24.0
2020-10-11,,,,24.0
2020-10-12,,,,24.0
2020-10-13,,,,24.0
2020-10-14,,,,24.0
2020-10-15,,,,24.0
2020-10-16,,,,24.0
2020-10-17,,,,24.0
2020-10-18,,,,24.0
2020-10-19,,,,15.0
2020-10-25,,,,1.0
2021-08-26,,,,14.0
2021-08-27,0.0,2.355,0.9980002,24.0
2021-08-28,0.0,2.435,1.123,24.0
2021-08-29,0.0,2.446,1.413,24.0
2021-08-30,0.0,2.038,1.428,24.0
2021-08-31,0.0,2.124,1.546,24.0
2021-09-01,0.0,2.173,1.6320000000000001,24.0
2021-09-02,0.0,2.185,1.612,24.0
2021-09-03,0.0,2.254,1.444,24.0
2021-09-04,0.254,2.304,1.18,24.0
2021-09-05,0.0,2.328,0.9830000999999999,24.0
2021-09-06,0.0,2.285,0.997,24.0
2021-09-07,0.0,2.322,0.8870001,24.0
2021-09-08,0.0,2.162,0.8050001,24.0
2021-09-09,0.0,2.114,1.013,24.0
2021-09-10,0.254,2.217,1.054,24.0
2021-09-11,0.762,2.289,1.099,24.0
2021-09-12,0.0,2.298,1.163,24.0
2021-09-13,0.0,2.312,1.324,24.0
2021-09-14,0.0,2.336,1.473,24.0
2021-09-15,0.0,2.346,1.437,24.0
2021-09-16,0.0,2.314,1.175,24.0
2021-09-17,0.0,2.311,1.288,24.0
2021-09-18,0.508,1.873,0.7310002,24.0
2021-09-19,0.508,1.762,0.8410000999999999,24.0
2021-09-20,0.0,2.018,1.018,24.0
2021-09-21,0.762,2.1310000000000002,1.038,24.0
2021-09-22,0.0,2.174,0.8730002,24.0
2021-09-23,0.254,2.165,0.7130000999999999,24.0
2021-09-24,0.0,2.283,1.084,24.0
2021-09-25,0.0,2.29,1.362,24.0
2021-09-26,0.762,2.316,1.358,24.0
2021-09-27,1.016,2.326,1.456,24.0
2021-09-28,1.016,2.338,1.653,24.0
2021-09-29,0.254,2.34,1.603,24.0
2021-09-30,0.254,4.305,1.191,24.0
2021-10-01,0.0,5.082,1.3980000000000001,24.0
2021-10-02,0.0,2.035,1.279,23.0
2021-10-03,0.0,1.998,1.203,24.0
2021-10-04,0.0,2.116,0.9790000999999999,24.0
2021-10-05,0.0,2.062,0.6920002,24.0
2021-10-06,0.0,1.858,0.612,24.0
2021-10-07,0.508,2.0,0.8329999,24.0
2021-10-08,0.0,1.9420000000000002,0.707,24.0
2021-10-09,0.0,2.038,0.717,24.0
2021-10-10,0.0,1.927,0.8860001999999999,24.0
2021-10-11,0.0,1.915,1.16,24.0
2021-10-12,0.254,1.774,1.021,24.0
2021-10-13,1.016,1.29,0.8320000000000001,24.0
2021-10-14,0.254,1.6360000000000001,1.102,24.0
2021-10-15,0.508,1.8479999999999999,1.156,24.0
2021-10-16,0.0,1.941,1.08,24.0
2021-10-17,0.0,1.56,0.9570000000000001,24.0
2021-10-18,0.0,1.708,0.921,24.0
2021-10-19,0.0,1.114,0.6720001,24.0
2021-10-20,0.0,1.168,0.7180002,24.0
2021-10-21,0.0,1.604,0.7000001,24.0
2021-10-22,0.254,1.779,0.9360001,24.0
2021-10-23,0.0,1.901,1.061,24.0
2021-10-24,0.254,1.964,1.093,24.0
2021-10-25,0.0,1.956,1.093,24.0
2021-10-26,0.508,2.082,1.031,24.0
2021-10-27,0.0,4.265,1.413,24.0
2021-10-28,0.0,2.108,1.454,24.0
2021-10-29,0.0,2.072,1.395,24.0
2021-10-30,0.0,2.008,1.284,24.0
2021-10-31,0.0,1.613,1.186,24.0
2021-11-01,0.0,1.508,0.299,24.0
2021-11-02,0.254,0.302,-1.22,24.0
2021-11-03,0.0,1.101,0.22600009999999998,24.0
2021-11-04,0.0,1.534,0.684,24.0
2021-11-05,0.0,1.5859999999999999,0.7390000999999999,24.0
2021-11-06,0.0,1.763,0.8310000999999999,24.0
2021-11-07,0.0,1.87,0.8930001999999999,24.0
2021-11-08,0.0,1.831,0.8010001,24.0
2021-11-09,0.0,1.912,0.842,24.0
2021-11-10,0.0,1.9140000000000001,1.033,24.0
2021-11-11,0.0,1.8210000000000002,0.9160001999999999,24.0
2021-11-12,0.0,1.7770000000000001,0.9570000000000001,24.0
2021-11-13,0.0,1.465,1.116,24.0
2021-11-14,0.0,1.63,1.216,24.0
2021-11-15,0.254,1.808,1.308,24.0
2021-11-16,0.0,1.905,1.339,24.0
2021-11-17,0.0,1.991,1.2810000000000001,24.0
2021-11-18,0.0,2.023,1.172,24.0
2021-11-19,0.0,1.766,0.78,24.0
2021-11-20,0.0,1.732,0.6960001,24.0
2021-11-21,0.0,1.687,0.99,24.0
2021-11-22,0.0,1.936,1.017,24.0
2021-11-23,0.0,2.014,1.139,24.0
2021-11-24,0.0,1.983,1.141,24.0
2021-11-25,0.0,1.956,0.9810002,24.0
2021-11-26,0.0,1.968,1.224,24.0
2021-11-27,0.0,2.037,1.369,24.0
2021-11-28,0.0,2.019,1.155,24.0
2021-11-29,0.0,2.043,1.118,24.0
2021-11-30,0.0,2.121,1.121,24.0
2021-12-01,0.0,2.155,0.9730000999999999,24.0
2021-12-02,0.0,2.065,0.7220002,24.0
2021-12-03,0.0,2.01,0.654,24.0
2021-12-04,0.0,1.978,0.9860000999999999,24.0
2021-12-05,0.0,2.088,1.017,24.0
2021-12-06,0.254,2.093,0.9709998999999999,24.0
2021-12-07,0.0,2.036,0.865,24.0
2021-12-08,0.0,1.546,0.6800001,24.0
2021-12-09,0.0,1.779,0.882,24.0
2021-12-10,0.0,1.884,1.022,24.0
2021-12-11,0.0,1.984,0.9880002,24.0
2021-12-12,0.0,1.972,1.06,24.0
2021-12-13,0.0,2.048,1.296,24.0
2021-12-14,0.0,2.108,1.298,24.0
2021-12-15,0.0,2.125,1.26,24.0
2021-12-16,0.0,3.536,1.096,24.0
2021-12-17,0.0,2.062,0.9630000999999999,24.0
2021-12-18,0.0,2.045,1.025,24.0
2021-12-19,0.0,1.764,0.961,24.0
2021-12-20,0.0,1.659,0.905,24.0
2021-12-21,0.0,1.964,1.145,24.0
2021-12-22,0.0,1.975,1.258,24.0
2021-12-23,0.0,1.893,0.9660000999999999,24.0
2021-12-24,0.0,1.89,0.9030001,24.0
2021-12-25,0.508,1.972,1.038,24.0
2021-12-26,0.0,2.003,1.18,24.0
2021-12-27,0.0,2.102,1.369,24.0
2021-12-28,0.0,1.8250000000000002,1.176,24.0
2021-12-29,0.0,2.041,1.101,24.0
2021-12-30,0.0,2.091,1.084,24.0
2021-12-31,0.0,2.138,1.121,24.0
2022-01-01,0.508,1.903,0.9420002,24.0
2022-01-02,0.254,2.035,1.087,24.0
2022-01-03,0.0,2.101,0.8660002,24.0
2022-01-04,0.254,2.145,0.9090001999999999,24.0
2022-01-05,0.508,2.136,0.8270002,24.0
2022-01-06,0.762,1.77,0.6240001,24.0
2022-01-07,0.0,1.348,0.651,24.0
2022-01-08,0.0,1.642,0.7850001,24.0
2022-01-09,1.524,1.889,1.033,24.0
2022-01-10,0.0,1.956,1.084,24.0
2022-01-11,0.0,1.943,0.8040001999999999,24.0
2022-01-12,0.254,3.004,0.7950001,24.0
2022-01-13,0.254,1.728,1.06,24.0
2022-01-14,0.0,1.865,1.192,24.0
2022-01-15,0.254,1.921,1.064,24.0
2022-01-16,0.0,1.962,1.105,24.0
2022-01-17,0.0,2.0,1.057,24.0
2022-01-18,0.254,2.022,1.009,24.0
2022-01-19,0.0,1.99,0.9330001,24.0
2022-01-20,3.302,2.073,0.865,24.0
2022-01-21,0.0,2.129,1.036,24.0
2022-01-22,0.0,2.157,1.119,24.0
2022-01-23,0.254,2.16,1.17,24.0
2022-01-24,0.254,2.192,1.326,24.0
2022-01-25,0.762,2.199,1.301,24.0
2022-01-26,0.254,2.19,1.34,24.0
2022-01-27,1.016,2.187,1.3639999999999999,24.0
2022-01-28,1.524,2.194,0.835,24.0
2022-01-29,0.0,1.08,0.734,24.0
2022-01-30,0.254,1.101,0.546,24.0
2022-01-31,0.0,1.098,0.7010000000000001,24.0
2022-02-01,0.0,1.549,0.6890002,24.0
2022-02-02,0.0,1.717,0.915,24.0
2022-02-03,0.508,1.827,0.747,24.0
2022-02-04,0.0,1.9460000000000002,0.9090001999999999,24.0
2022-02-05,0.0,1.952,1.097,24.0
2022-02-06,0.0,1.893,1.028,24.0
2022-02-07,0.0,1.971,1.057,24.0
2022-02-08,0.0,1.99,1.032,24.0
2022-02-09,0.0,1.9649999999999999,1.151,24.0
2022-02-10,0.0,2.037,1.333,24.0
2022-02-11,0.0,2.127,1.395,24.0
2022-02-12,0.0,2.166,1.3679999999999999,24.0
2022-02-13,0.0,2.218,1.346,24.0
2022-02-14,0.0,2.186,1.26,24.0
2022-02-15,0.0,2.089,0.9270001,24.0
2022-02-16,0.0,2.148,0.6979999,24.0
2022-02-17,0.0,4.069,0.7190000999999999,24.0
2022-02-18,0.0,2.172,0.8810001,24.0
2022-02-19,0.0,2.141,0.8870001,24.0
2022-02-20,0.0,2.152,0.7560001,24.0
2022-02-21,0.0,2.201,1.043,24.0
2022-02-22,0.0,2.211,1.135,24.0
2022-02-23,0.0,2.196,1.103,24.0
2022-02-24,0.0,2.048,1.097,24.0
2022-02-25,0.0,2.056,1.203,24.0
2022-02-26,0.0,2.22,1.384,24.0
2022-02-27,0.0,2.262,1.387,24.0
2022-02-28,0.0,2.268,1.315,24.0
2022-03-01,0.0,2.285,1.186,24.0
2022-03-02,0.254,2.282,0.9530000999999999,24.0
2022-03-03,0.0,1.517,0.3170002,24.0
2022-03-04,0.0,1.74,0.27,24.0
2022-03-05,0.0,1.945,0.7920001,24.0
2022-03-06,0.0,2.022,0.895,24.0
2022-03-07,0.0,2.098,0.997,24.0
2022-03-08,0.0,2.123,1.069,24.0
2022-03-09,0.0,2.143,1.17,24.0
2022-03-10,0.0,2.087,1.2650000000000001,24.0
2022-03-11,0.0,2.119,1.3519999999999999,24.0
2022-03-12,0.0,1.9380000000000002,0.987,24.0
2022-03-13,0.0,3.4859999999999998,0.8930001999999999,24.0
2022-03-14,0.0,1.437,0.8430002,24.0
2022-03-15,0.0,1.738,0.8370002,24.0
2022-03-16,0.0,1.754,0.865,24.0
2022-03-17,0.0,2.758,0.6270001,24.0
2022-03-18,0.0,1.732,0.5440001999999999,24.0
2022-03-19,0.0,1.778,0.7050002,24.0
2022-03-20,0.0,1.729,0.612,24.0
2022-03-21,0.0,1.603,0.4650002,24.0
2022-03-22,0.0,1.557,0.5450001,24.0
2022-03-23,0.0,0.9890000999999999,0.2120001,24.0
2022-03-24,0.0,1.562,0.987,24.0
2022-03-25,0.0,1.694,1.13,24.0
2022-03-26,0.0,1.633,1.008,24.0
2022-03-27,0.0,1.7970000000000002,1.042,24.0
2022-03-28,0.0,1.908,1.154,24.0
2022-03-29,0.0,1.962,1.029,24.0
2022-03-30,0.0,2.02,1.045,24.0
2022-03-31,0.0,2.021,1.044,24.0
2022-04-01,0.0,1.9220000000000002,0.5990000999999999,24.0
2022-04-02,0.0,1.65,0.58,24.0
2022-04-03,0.0,1.409,0.661,24.0
2022-04-04,0.0,1.713,0.8740001,24.0
2022-04-05,0.0,1.814,1.13,24.0
2022-04-06,0.0,1.8359999999999999,1.037,24.0
2022-04-07,0.0,1.891,1.211,23.0
2022-04-08,0.0,1.893,1.268,24.0
2022-04-09,0.0,1.9140000000000001,1.3780000000000001,24.0
2022-04-10,0.0,1.828,1.284,24.0
2022-04-11,0.0,1.9500000000000002,1.323,24.0
2022-04-12,0.0,2.042,1.3559999999999999,24.0
2022-04-13,0.0,2.078,1.348,24.0
2022-04-14,0.0,2.024,1.069,24.0
2022-04-15,0.0,1.42,0.5760001,24.0
2022-04-16,0.0,1.754,0.483,24.0
2022-04-17,0.0,1.928,0.557,24.0
2022-04-18,0.0,2.01,0.8190000000000001,24.0
2022-04-19,0.0,1.921,0.852,24.0
2022-04-20,0.0,1.9969999999999999,0.8730002,24.0
2022-04-21,0.0,2.069,1.051,24.0
2022-04-22,0.0,2.086,1.138,24.0
2022-04-23,0.0,2.079,1.115,24.0
2022-04-24,0.0,2.0,1.02,24.0
2022-04-25,0.0,1.923,0.9530000999999999,24.0
2022-04-26,0.0,2.111,1.27,24.0
2022-04-27,0.0,2.149,1.432,24.0
2022-04-28,0.0,2.154,1.061,24.0
2022-04-29,0.0,2.158,0.915,24.0
2022-04-30,0.0,2.126,0.7820001,24.0
2022-05-01,0.0,2.161,0.8160000000000001,24.0
2022-05-02,0.0,2.155,0.7870001999999999,24.0
2022-05-03,0.0,4.739,0.865,24.0
2022-05-04,0.0,1.626,0.227,24.0
2022-05-05,0.0,0.23100009999999999,-1.22,24.0
2022-05-06,0.0,1.2650000000000001,0.2080001,24.0
2022-05-07,0.0,1.659,1.033,24.0
2022-05-08,0.0,1.774,1.337,24.0
2022-05-09,0.0,1.8719999999999999,1.29,24.0
2022-05-10,0.0,1.9689999999999999,1.3519999999999999,24.0
2022-05-11,0.0,2.01,1.314,24.0
2022-05-12,0.0,1.988,1.088,24.0
2022-05-13,0.0,1.984,0.855,24.0
2022-05-14,0.0,2.058,0.8150001,24.0
2022-05-15,0.0,2.117,0.8770001,24.0
2022-05-16,0.0,2.126,0.9790000999999999,24.0
2022-05-17,0.0,2.095,0.5580001,24.0
2022-05-18,0.0,2.12,0.6979999,24.0
2022-05-19,0.0,2.079,0.5780001,24.0
2022-05-20,0.0,1.883,0.639,24.0
2022-05-21,0.0,2.141,0.9790000999999999,24.0
2022-05-22,0.0,2.189,1.057,24.0
2022-05-23,0.0,2.206,1.059,24.0
2022-05-24,0.0,2.211,1.129,24.0
2022-05-25,0.0,2.223,1.346,24.0
2022-05-26,0.0,2.251,1.381,24.0
2022-05-27,0.0,2.25,1.148,24.0
2022-05-28,0.0,2.217,0.9850002,24.0
2022-05-29,0.0,2.26,0.961,24.0
2022-05-30,0.0,2.255,0.8800001,24.0
2022-05-31,0.0,1.44,0.7180002,24.0
2022-06-01,0.0,1.718,0.734,24.0
2022-06-02,0.0,1.8439999999999999,0.641,24.0
2022-06-03,0.0,2.067,0.197,24.0
2022-06-04,0.0,1.296,0.4350001,24.0
2022-06-05,0.0,1.703,1.05,24.0
2022-06-06,0.0,1.8479999999999999,1.387,24.0
2022-06-07,0.0,1.928,1.2530000000000001,24.0
2022-06-08,0.0,1.601,0.7970001999999999,24.0
2022-06-09,0.0,1.392,0.839,24.0
2022-06-10,0.0,1.568,1.146,24.0
2022-06-11,0.0,1.6840000000000002,1.029,24.0
2022-06-12,0.0,1.794,0.7850001,24.0
2022-06-13,0.0,1.8050000000000002,0.496,24.0
2022-06-14,0.0,1.87,0.4760001,24.0
2022-06-15,0.0,2.032,0.9249999,24.0
2022-06-16,0.0,2.07,0.9500000999999999,24.0
2022-06-17,0.0,2.104,0.9460001,24.0
2022-06-18,0.0,2.085,0.8689998999999999,24.0
2022-06-19,0.0,1.996,0.747,24.0
2022-06-20,0.0,1.9929999999999999,0.8930001999999999,24.0
2022-06-21,0.0,2.059,0.9330001,24.0
2022-06-22,0.0,2.106,0.9750002,24.0
2022-06-23,0.0,2.089,1.092,24.0
2022-06-24,0.0,2.077,1.045,24.0
2022-06-25,0.0,2.011,0.9620002,24.0
2022-06-26,0.0,2.128,1.023,24.0
2022-06-27,0.0,2.093,0.9380000000000001,24.0
2022-06-28,0.0,2.211,1.011,24.0
2022-06-29,0.0,2.275,1.013,24.0
2022-06-30,0.0,2.261,0.9430001,24.0
2022-07-01,0.0,2.23,0.809,24.0
2022-07-02,0.0,2.303,0.9980002,24.0
2022-07-03,0.0,2.2880000000000003,1.057,24.0
2022-07-04,0.0,2.283,1.13,24.0
2022-07-05,0.0,2.266,1.111,24.0
2022-07-06,0.0,2.265,1.314,24.0
2022-07-07,0.0,2.298,1.34,24.0
2022-07-08,0.0,2.252,1.3719999999999999,24.0
2022-07-09,0.0,2.338,1.274,24.0
2022-07-10,0.0,5.194,1.146,24.0
2022-07-11,0.0,2.359,1.266,24.0
2022-07-12,0.0,2.366,1.312,24.0
2022-07-13,0.0,2.355,0.9200001,24.0
2022-07-14,0.0,2.267,0.7840001999999999,24.0
2022-07-15,0.0,2.205,0.9850002,24.0
2022-07-16,0.0,2.2560000000000002,1.117,24.0
2022-07-17,0.0,2.303,0.891,24.0
2022-07-18,0.0,2.321,0.8860001999999999,24.0
2022-07-19,0.0,2.25,0.9860000999999999,24.0
2022-07-20,0.0,2.3,1.119,24.0
2022-07-21,0.0,2.346,1.172,24.0
2022-07-22,0.0,2.357,1.289,24.0
2022-07-23,0.0,2.384,1.556,24.0
2022-07-24,0.0,2.323,1.252,24.0
2022-07-25,0.0,2.234,1.1360000000000001,24.0
2022-07-26,0.0,2.349,1.166,24.0
2022-07-27,0.0,2.393,1.073,24.0
2022-07-28,0.0,2.409,1.139,24.0
2022-07-29,0.0,2.42,1.021,24.0
2022-07-30,0.0,2.398,0.7000001,24.0
2022-07-31,0.0,2.218,0.6070000999999999,24.0
2022-08-01,0.0,2.423,1.002,11.0
2022-08-02,0.0,2.42,1.001,
2022-08-03,0.0,2.411,1.091,17.0
2022-08-04,0.0,2.391,1.224,24.0
2022-08-05,0.0,2.387,1.336,24.0
2022-08-06,0.0,2.347,1.147,24.0
2022-08-07,0.0,2.275,1.058,24.0
2022-08-08,0.0,4.924,1.099,24.0
2022-08-09,0.0,1.634,0.8400002,24.0
2022-08-10,0.0,1.69,0.13500009999999998,24.0
2022-08-11,0.0,,,24.0
2022-08-12,0.0,,,24.0
2022-08-13,0.0,,,24.0
2022-08-14,0.0,,,24.0
2022-08-15,0.0,,,24.0
2022-08-16,0.0,,,24.0
2022-08-17,0.0,,,24.0
2022-08-18,0.0,,,24.0
2022-08-19,0.0,,,24.0
2022-08-20,0.0,,,24.0
2022-08-21,0.0,,,24.0
2022-08-22,0.0,,,24.0
2022-08-23,0.0,,,24.0
2022-08-24,0.0,,,24.0
2022-08-25,0.0,,,24.0
2022-08-26,0.0,,,24.0
2022-08-27,0.0,,,24.0
2022-08-28,0.0,,,24.0
2022-08-29,0.0,,,24.0
2022-08-30,0.0,,,24.0
2022-08-31,0.0,,,24.0
2022-09-01,0.0,,,24.0
2022-09-02,0.0,,,24.0
2022-09-03,0.0,,,24.0
2022-09-04,0.0,,,24.0
2022-09-05,0.0,,,24.0
2022-09-06,0.0,,,24.0
2022-09-07,0.0,,,24.0
2022-09-08,0.0,,,24.0
2022-09-09,0.0,,,24.0
2022-09-10,0.0,,,24.0
2022-09-11,0.0,,,24.0
2022-09-12,0.0,,,24.0
2022-09-13,0.0,,,24.0
2022-09-14,0.0,,,24.0
2022-09-15,0.0,,,24.0
2022-09-16,0.0,,,24.0
2022-09-17,0.0,,,24.0
2022-09-18,0.0,,,24.0
2022-09-19,0.0,,,24.0
2022-09-20,0.0,,,24.0
2022-09-21,0.0,,,24.0
2022-09-22,0.0,,,24.0
2022-09-23,0.0,,,24.0
2022-09-24,0.0,,,24.0
2022-09-25,0.0,,,24.0
2022-09-26,0.0,,,24.0
2022-09-27,0.0,,,24.0
2022-09-28,0.0,,,24.0
2022-09-29,0.0,,,24.0
2022-09-30,0.0,,,24.0
2022-10-01,0.0,,,24.0
2022-10-02,0.0,,,24.0
2022-10-03,0.0,,,24.0
2022-10-04,0.0,,,24.0
2022-10-05,0.0,,,24.0
2022-10-06,0.0,,,24.0
2022-10-07,0.0,,,24.0
2022-10-08,0.0,,,24.0
2022-10-09,0.0,,,24.0
2022-10-10,0.0,,,24.0
2022-10-11,0.0,,,24.0
2022-10-12,0.0,,,24.0
2022-10-13,0.0,,,24.0
2022-10-14,0.0,,,24.0
2022-10-15,0.0,,,24.0
2022-10-16,0.0,,,24.0
2022-10-17,0.0,,,24.0
2022-10-18,0.0,,,24.0
2022-10-19,0.0,,,24.0
2022-10-20,0.0,,,24.0
2022-10-21,0.0,,,24.0
2022-10-22,0.0,,,24.0
2022-10-23,0.0,,,24.0
2022-10-24,0.0,,,24.0
2022-10-25,0.0,,,24.0
2022-10-26,0.0,,,14.0
2022-10-27,0.0,,,
2022-10-28,0.0,,,
2022-10-29,0.0,,,
2022-10-30,0.0,,,6.0
2022-10-31,0.254,,,24.0
2022-11-01,0.0,,,24.0
2022-11-02,0.0,,,24.0
2022-11-03,0.0,,,24.0
2022-11-04,0.0,,,24.0
2022-11-05,0.0,,,24.0
2022-11-06,0.0,,,24.0
2022-11-07,0.0,,,24.0
2022-11-08,0.0,,,24.0
2022-11-09,0.0,,,24.0
2022-11-10,0.0,,,24.0
2022-11-11,0.0,,,24.0
2022-11-12,0.0,,,24.0
2022-11-13,0.0,,,24.0
2022-11-14,0.0,,,24.0
2022-11-15,0.0,,,24.0
2022-11-16,0.0,,,24.0
2022-11-17,0.0,,,24.0
2022-11-18,0.0,,,24.0
2022-11-19,0.0,,,24.0
2022-11-20,0.0,,,24.0
2022-11-21,0.0,,,24.0
2022-11-22,0.0,,,24.0
2022-11-23,0.0,,,24.0
2022-11-24,0.0,,,24.0
2022-11-25,0.0,,,24.0
2022-11-26,0.0,,,24.0
2022-11-27,0.0,,,24.0
2022-11-28,0.0,,,24.0
2022-11-29,0.0,,,24.0
2022-11-30,0.0,,,24.0
2022-12-01,0.0,,,24.0
2022-12-02,0.0,,,24.0
2022-12-03,0.0,,,24.0
2022-12-04,0.0,,,24.0
2022-12-05,0.0,,,24.0
2022-12-06,0.0,,,24.0
2022-12-07,0.0,,,24.0
2022-12-08,0.0,,,24.0
2022-12-09,0.0,,,24.0
2022-12-10,0.0,,,24.0
2022-12-11,0.0,,,24.0
2022-12-12,0.0,,,24.0
2022-12-13,0.0,,,24.0
2022-12-14,0.0,,,24.0
2022-12-15,0.0,,,24.0
2022-12-16,0.0,,,24.0
2022-12-17,0.0,,,24.0
2022-12-18,0.0,,,24.0
2022-12-19,0.0,,,24.0
2022-12-20,0.0,,,24.0
2022-12-21,0.0,,,24.0
2022-12-22,0.0,,,24.0
2022-12-23,0.0,,,24.0
2022-12-24,0.0,,,24.0
2022-12-25,0.0,,,24.0
2022-12-26,0.0,,,24.0
2022-12-27,0.0,,,24.0
2022-12-28,0.0,,,24.0
2022-12-29,0.254,,,24.0
2022-12-30,0.0,,,24.0
2022-12-31,0.0,,,24.0
2023-01-01,0.0,,,24.0
2023-01-02,0.0,,,24.0
2023-01-03,0.0,,,24.0
2023-01-04,0.0,,,24.0
2023-01-05,0.0,,,24.0
2023-01-06,0.0,,,24.0
2023-01-07,0.0,,,24.0
2023-01-08,0.762,,,24.0
2023-01-09,0.0,,,24.0
2023-01-10,0.0,,,24.0
2023-01-11,0.0,,,24.0
2023-01-12,0.0,,,24.0
2023-01-13,0.0,,,24.0
2023-01-14,0.0,,,24.0
2023-01-15,0.0,,,24.0
2023-01-16,0.0,,,24.0
2023-01-17,0.0,,,24.0
2023-01-18,0.0,,,24.0
2023-01-19,0.0,,,24.0
2023-01-20,0.0,,,24.0
2023-01-21,0.0,,,24.0
2023-01-22,0.0,,,24.0
2023-01-23,0.0,,,24.0
2023-01-24,0.0,,,24.0
2023-01-25,0.0,,,24.0
2023-01-26,0.0,,,24.0
2023-01-27,0.0,,,24.0
2023-01-28,0.0,,,24.0
2023-01-29,0.0,,,24.0
2023-01-30,0.0,,,24.0
2023-01-31,0.0,,,18.0
2023-02-01,0.0,,,24.0
2023-02-02,0.0,,,24.0
2023-02-03,0.0,,,24.0
2023-02-04,0.0,,,24.0
2023-02-05,0.0,,,24.0
2023-02-06,0.0,,,24.0
2023-02-07,0.0,,,24.0
2023-02-08,0.0,,,24.0
2023-02-09,0.0,,,24.0
2023-02-10,0.0,,,24.0
2023-02-11,0.0,,,24.0
2023-02-12,0.0,,,24.0
2023-02-13,0.0,,,24.0
2023-02-14,0.0,,,24.0
2023-02-15,0.0,,,24.0
2023-02-16,0.0,,,24.0
2023-02-17,0.0,,,24.0
2023-02-18,0.0,,,24.0
2023-02-19,0.0,1.112,-1.32,24.0
2023-02-20,0.0,1.655,-1.32,24.0
2023-02-21,0.0,,,24.0
2023-02-22,0.0,,,24.0
2023-02-23,0.0,,,24.0
2023-02-24,0.0,1.4140000000000001,-1.32,24.0
2023-02-25,0.0,1.396,-1.32,24.0
2023-02-26,0.0,,,24.0
2023-02-27,0.0,,,24.0
2023-02-28,0.0,,,24.0
2023-03-01,0.0,,,24.0
2023-03-02,0.0,,,24.0
2023-03-03,0.0,,,24.0
2023-03-04,0.0,,,24.0
2023-03-05,0.0,,,24.0
2023-03-06,0.0,,,24.0
2023-03-07,0.0,,,24.0
2023-03-08,0.0,,,24.0
2023-03-09,0.0,,,24.0
2023-03-10,0.0,,,24.0
2023-03-11,0.0,,,24.0
2023-03-12,0.0,,,24.0
2023-03-13,0.0,,,24.0
2023-03-14,0.0,,,24.0
2023-03-15,0.0,,,24.0
2023-03-16,0.0,,,24.0
2023-03-17,0.0,,,24.0
2023-03-18,0.0,,,24.0
2023-03-19,0.0,,,24.0
2023-03-20,0.0,,,24.0
2023-03-21,0.0,,,24.0
2023-03-22,0.0,,,24.0
2023-03-23,0.0,,,24.0
2023-03-24,0.0,,,24.0
2023-03-25,0.0,,,24.0
2023-03-26,0.0,,,24.0
2023-03-27,0.0,,,24.0
2023-03-28,0.0,,,24.0
2023-03-29,0.0,,,24.0
2023-03-30,0.0,,,24.0
2023-03-31,0.0,,,24.0
2023-04-01,0.0,,,24.0
2023-04-02,0.0,,,24.0
2023-04-03,0.0,,,24.0
2023-04-04,0.0,,,24.0
2023-04-05,0.0,,,24.0
2023-04-06,0.0,,,24.0
2023-04-07,0.0,,,24.0
2023-04-08,0.0,,,24.0
2023-04-09,0.0,,,24.0
2023-04-10,0.0,,,24.0
2023-04-11,0.0,,,24.0
2023-04-12,0.0,,,24.0
2023-04-13,0.0,,,24.0
2023-04-14,0.0,,,24.0
2023-04-15,0.0,,,24.0
2023-04-16,0.0,,,24.0
2023-04-17,0.0,,,24.0
2023-04-18,0.0,,,24.0
2023-04-19,0.0,,,24.0
2023-04-20,0.0,,,24.0
2023-04-21,0.0,,,24.0
2023-04-22,0.0,,,24.0
2023-04-23,0.0,,,24.0
2023-04-24,0.0,,,24.0
2023-04-25,0.0,,,24.0
2023-04-26,0.0,,,24.0
2023-04-27,0.0,,,24.0
2023-04-28,0.0,,,24.0
2023-04-29,0.0,,,24.0
2023-04-30,0.0,,,24.0
2023-05-01,0.0,,,24.0
2023-05-02,0.0,,,24.0
2023-05-03,0.0,,,24.0
2023-05-04,0.0,,,24.0
2023-05-05,0.0,,,24.0
2023-05-06,0.0,,,24.0
2023-05-07,0.0,,,24.0
2023-05-08,0.0,,,24.0
2023-05-09,0.0,,,24.0
2023-05-10,0.0,,,24.0
2023-05-11,0.0,,,24.0
2023-05-12,0.0,,,24.0
2023-05-13,0.0,,,24.0
2023-05-14,0.0,,,24.0
2023-05-15,0.0,,,24.0
2023-05-16,0.0,,,24.0
2023-05-17,0.0,,,24.0
2023-05-18,0.0,,,24.0
2023-05-19,0.0,,,24.0
2023-05-20,0.0,,,24.0
2023-05-21,0.0,,,24.0
2023-05-22,0.0,,,24.0
2023-05-23,0.0,,,24.0
2023-05-24,0.0,,,24.0
2023-05-25,0.0,,,24.0
2023-05-26,0.0,,,24.0
2023-05-27,0.0,,,24.0
2023-05-28,0.0,,,24.0
2023-05-29,0.0,,,24.0
2023-05-30,0.0,,,24.0
2023-05-31,0.0,,,24.0
2023-06-01,0.0,,,24.0
2023-06-02,0.0,,,24.0
2023-06-03,0.0,,,24.0
2023-06-04,0.0,,,24.0
2023-06-05,0.0,,,24.0
2023-06-06,0.0,,,24.0
2023-06-07,0.0,,,24.0
2023-06-08,0.0,,,24.0
2023-06-09,0.0,,,24.0
2023-06-10,0.0,,,24.0
2023-06-11,0.0,,,24.0
2023-06-12,0.0,,,24.0
2023-06-13,0.0,,,24.0
2023-06-14,0.0,,,24.0
2023-06-15,0.0,,,24.0
2023-06-16,0.0,,,24.0
2023-06-17,0.0,,,24.0
2023-06-18,0.0,,,24.0
2023-06-19,0.0,,,5.0
2023-06-30,,,,10.0
2023-07-01,0.0,,,24.0
2023-07-02,0.0,,,24.0
2023-07-03,0.0,,,24.0
2023-07-04,0.0,,,24.0
2023-07-05,0.0,,,7.0
2023-07-12,,,,11.0
2023-07-13,0.0,,,24.0
2023-07-14,0.0,,,24.0
2023-07-15,0.0,,,24.0
2023-07-16,0.0,,,24.0
2023-07-17,0.0,,,24.0
2023-07-18,0.0,,,24.0
2023-07-19,0.0,,,24.0
2023-07-20,0.0,,,24.0
2023-07-21,0.0,,,24.0
2023-07-22,0.0,,,24.0
2023-07-23,0.0,,,24.0
2023-07-24,0.0,,,24.0
2023-07-25,0.0,,,24.0
2023-07-26,0.0,,,24.0
2023-07-27,0.0,,,24.0
2023-07-28,0.0,,,24.0
2023-07-29,0.0,,,24.0
2023-07-30,0.0,,,13.0
2023-07-31,0.0,,,24.0
2023-08-01,0.0,,,24.0
2023-08-02,0.0,,,24.0
2023-08-03,0.0,,,24.0
2023-08-04,0.0,,,24.0
2023-08-05,0.0,,,24.0
2023-08-06,0.0,,,24.0
2023-08-07,0.0,,,24.0
2023-08-08,0.0,,,24.0
2023-08-09,0.0,,,24.0
2023-08-10,0.0,,,24.0
2023-08-11,0.0,,,24.0
2023-08-12,0.0,,,24.0
2023-08-13,0.0,,,24.0
2023-08-14,0.0,,,23.0
2023-08-15,0.0,,,24.0
2023-08-16,0.0,,,24.0
2023-08-17,0.0,,,24.0
2023-08-18,0.0,,,24.0
2023-08-19,0.0,,,24.0
2023-08-20,0.0,,,24.0
2023-08-21,0.0,,,24.0
2023-08-22,0.0,,,24.0
2023-08-23,0.0,,,24.0
2023-08-24,0.0,,,24.0
2023-08-25,0.0,,,24.0
2023-08-26,0.0,,,24.0
2023-08-27,0.0,,,24.0
2023-08-28,0.0,,,24.0
2023-08-29,0.0,,,24.0
2023-08-30,0.0,,,24.0
2023-08-31,0.0,,,24.0
2023-09-01,0.0,,,24.0
2023-09-02,0.0,,,24.0
2023-09-03,0.0,,,24.0
2023-09-04,0.0,,,24.0
2023-09-05,0.0,,,24.0
2023-09-06,0.0,,,24.0
2023-09-07,0.0,,,24.0
2023-09-08,0.0,,,24.0
2023-09-09,0.0,,,24.0
2023-09-10,0.0,,,24.0
2023-09-11,0.0,,,24.0
2023-09-12,0.0,,,24.0
2023-09-13,0.0,,,24.0
2023-09-14,0.0,,,24.0
2023-09-15,0.0,,,24.0
2023-09-16,0.0,,,24.0
2023-09-17,0.0,,,24.0
2023-09-18,0.0,,,24.0
2023-09-19,0.0,,,24.0
2023-09-20,0.0,,,24.0
2023-09-21,0.0,,,24.0
2023-09-22,0.0,,,24.0
2023-09-23,0.0,,,24.0
2023-09-24,0.0,,,24.0
2023-09-25,0.0,,,24.0
2023-09-26,0.0,,,24.0
2023-09-27,0.0,,,24.0
2023-09-28,0.0,,,24.0
2023-09-29,0.0,,,24.0
2023-09-30,0.0,,,24.0
2023-10-01,0.0,,,24.0
2023-10-02,0.0,,,24.0
2023-10-03,0.0,,,24.0
2023-10-04,0.0,,,24.0
2023-10-05,0.0,,,24.0
2023-10-06,0.0,,,24.0
2023-10-07,0.0,,,24.0
2023-10-08,0.0,,,24.0
2023-10-09,0.0,,,24.0
2023-10-10,0.0,,,24.0
2023-10-11,0.0,,,24.0
2023-10-12,0.0,,,24.0
2023-10-13,0.0,,,24.0
2023-10-14,0.0,,,24.0
2023-10-15,0.0,,,24.0
2023-10-16,0.0,,,24.0
2023-10-17,0.0,,,24.0
2023-10-18,0.0,,,24.0
2023-10-19,0.0,,,24.0
2023-10-20,0.0,,,24.0
2023-10-21,0.0,,,24.0
2023-10-22,0.0,,,24.0
2023-10-23,0.0,,,24.0
2023-10-24,0.0,,,24.0
2023-10-25,0.0,,,24.0
2023-10-26,0.0,,,24.0
2023-10-27,0.0,,,24.0
2023-10-28,0.0,,,24.0
2023-10-29,0.0,,,24.0
2023-10-30,0.0,,,24.0
2023-10-31,0.0,,,24.0
2023-11-01,0.0,,,24.0
2023-11-02,0.0,,,24.0
2023-11-03,0.0,,,24.0
2023-11-04,0.0,,,24.0
2023-11-05,0.0,,,24.0
2023-11-06,0.0,,,24.0
2023-11-07,0.0,,,24.0
2023-11-08,0.0,,,24.0
2023-11-09,0.0,,,24.0
2023-11-10,0.0,,,24.0
2023-11-11,0.0,,,24.0
2023-11-12,0.0,,,24.0
2023-11-13,0.0,,,24.0
2023-11-14,0.0,,,24.0
2023-11-15,0.0,,,24.0
2023-11-16,0.0,,,24.0
2023-11-17,0.0,,,24.0
2023-11-18,0.0,,,24.0
2023-11-19,0.0,,,24.0
2023-11-20,0.0,,,24.0
2023-11-21,0.0,,,24.0
2023-11-22,0.0,,,24.0
2023-11-23,0.0,,,24.0
2023-11-24,0.0,,,24.0
2023-11-25,0.0,,,24.0
2023-11-26,0.0,,,24.0
2023-11-27,0.0,,,24.0
2023-11-28,0.0,,,24.0
2023-11-29,0.0,,,24.0
2023-11-30,0.0,,,24.0
2023-12-01,0.0,,,24.0
2023-12-02,0.0,,,24.0
2023-12-03,0.0,,,24.0
2023-12-04,0.0,,,24.0
2023-12-05,0.0,,,24.0
2023-12-06,0.0,,,24.0
2023-12-07,0.0,,,24.0
2023-12-08,0.0,,,24.0
2023-12-09,0.0,,,24.0
2023-12-10,0.0,,,24.0
2023-12-11,0.0,,,24.0
2023-12-12,0.0,,,24.0
2023-12-13,0.0,,,24.0
2023-12-14,0.0,,,24.0
2023-12-15,0.0,,,24.0
2023-12-16,0.0,,,24.0
2023-12-17,0.0,,,24.0
2023-12-18,0.0,,,24.0
2023-12-19,0.0,,,24.0
2023-12-20,0.0,,,24.0
2023-12-21,0.0,,,24.0
2023-12-22,0.0,,,24.0
2023-12-23,0.0,,,24.0
2023-12-24,0.0,,,24.0
2023-12-25,0.0,,,24.0
2023-12-26,0.0,,,24.0
2023-12-27,0.0,,,24.0
2023-12-28,0.0,,,24.0
2023-12-29,0.0,,,24.0
2023-12-30,0.0,,,24.0
2023-12-31,0.0,,,24.0
2024-01-01,0.0,,,24.0
2024-01-02,0.0,,,24.0
2024-01-03,0.0,,,24.0
2024-01-04,0.0,,,24.0
2024-01-05,0.0,,,24.0
2024-01-06,0.0,,,24.0
2024-01-07,0.0,,,24.0
2024-01-08,0.0,,,24.0
2024-01-09,0.0,,,24.0
2024-01-10,0.0,,,24.0
2024-01-11,0.0,,,24.0
2024-01-12,0.0,,,24.0
2024-01-13,0.0,,,24.0
2024-01-14,0.0,,,24.0
2024-01-15,0.0,,,24.0
2024-01-16,0.0,,,24.0
2024-01-17,0.0,,,24.0
2024-01-18,0.0,,,24.0
2024-01-19,0.0,,,24.0
2024-01-20,0.0,,,24.0
2024-01-21,0.0,,,24.0
2024-01-22,0.0,,,24.0
2024-01-23,0.0,,,24.0
2024-01-24,0.0,,,24.0
2024-01-25,0.0,,,24.0
2024-01-26,0.0,,,24.0
2024-01-27,0.0,,,24.0
2024-01-28,0.0,,,24.0
2024-01-29,0.0,,,24.0
2024-01-30,0.0,,,24.0
2024-01-31,0.0,,,24.0
2024-02-01,0.0,,,24.0
2024-02-02,0.0,,,24.0
2024-02-03,0.0,,,24.0
2024-02-04,0.0,,,24.0
2024-02-05,0.0,,,24.0
2024-02-06,0.0,,,24.0
2024-02-07,0.0,,,24.0
2024-02-08,0.0,,,24.0
2024-02-09,0.0,,,24.0
2024-02-10,0.0,,,24.0
2024-02-11,0.0,,,24.0
2024-02-12,0.0,,,24.0
2024-02-13,0.0,,,24.0
2024-02-14,0.0,,,24.0
2024-02-15,0.0,,,24.0
2024-02-16,0.0,,,24.0
2024-02-17,0.0,,,24.0
2024-02-18,0.0,,,24.0
2024-02-19,0.0,,,24.0
2024-02-20,0.0,,,24.0
2024-02-21,0.0,,,24.0
2024-02-22,0.0,,,24.0
2024-02-23,0.0,,,24.0
2024-02-24,0.0,,,24.0
2024-02-25,0.0,,,24.0
2024-02-26,0.0,,,24.0
2024-02-27,0.0,,,24.0
2024-02-28,0.0,,,24.0
2024-02-29,0.0,,,24.0
2024-03-01,0.0,,,24.0
2024-03-02,0.0,,,24.0
2024-03-03,0.0,,,24.0
2024-03-04,0.0,,,24.0
2024-03-05,0.0,,,24.0
2024-03-06,0.0,,,24.0
2024-03-07,0.0,,,24.0
2024-03-08,0.0,,,24.0
2024-03-09,0.0,,,24.0
2024-03-10,0.0,,,24.0
2024-03-11,0.0,,,24.0
2024-03-12,0.0,,,24.0
2024-03-13,0.0,,,24.0
2024-03-14,0.0,,,24.0
2024-03-15,0.0,,,24.0
2024-03-16,0.0,,,24.0
2024-03-17,0.0,,,24.0
2024-03-18,0.0,,,24.0
2024-03-19,0.0,,,24.0
2024-03-20,0.0,,,24.0
2024-03-21,0.0,,,24.0
2024-03-22,0.0,,,24.0
2024-03-23,0.0,,,24.0
2024-03-24,0.0,,,24.0
2024-03-25,0.0,,,24.0
2024-03-26,0.0,,,24.0
2024-03-27,0.0,,,24.0
2024-03-28,0.0,,,24.0
2024-03-29,0.0,,,24.0
2024-03-30,0.0,,,24.0
2024-03-31,0.0,,,24.0
2024-04-01,0.0,,,24.0
2024-04-02,0.0,,,24.0
2024-04-03,0.0,,,24.0
2024-04-04,0.0,,,24.0
2024-04-05,0.0,,,24.0
2024-04-06,0.0,,,24.0
2024-04-07,0.0,,,24.0
2024-04-08,0.0,,,24.0
2024-04-09,0.0,,,24.0
2024-04-10,0.0,,,24.0
2024-04-11,0.0,,,24.0
2024-04-12,0.0,,,24.0
2024-04-13,0.0,,,24.0
2024-04-14,0.0,,,24.0
2024-04-15,0.0,,,24.0
2024-04-16,0.0,,,24.0
2024-04-17,0.0,,,24.0
2024-04-18,0.0,,,24.0
2024-04-19,0.0,,,24.0
2024-04-20,0.0,,,24.0
2024-04-21,0.0,,,24.0
2024-04-22,0.0,,,24.0
2024-04-23,0.0,,,24.0
2024-04-24,0.0,,,24.0
2024-04-25,0.0,,,24.0
2024-04-26,0.0,,,24.0
2024-04-27,0.0,,,24.0
2024-04-28,0.0,,,24.0
2024-04-29,0.0,,,24.0
2024-04-30,0.0,,,24.0
2024-05-01,0.0,,,24.0
2024-05-02,0.0,,,24.0
2024-05-03,0.0,,,24.0
2024-05-04,0.0,,,24.0
2024-05-05,0.0,,,24.0
2024-05-06,0.0,,,24.0
2024-05-07,0.0,,,24.0
2024-05-08,0.0,,,24.0
2024-05-09,0.0,,,24.0
2024-05-10,0.0,,,24.0
2024-05-11,0.0,,,24.0
2024-05-12,0.0,,,24.0
2024-05-13,0.0,,,24.0
2024-05-14,0.0,,,24.0
2024-05-15,0.0,,,24.0
2024-05-16,0.0,,,24.0
2024-05-17,0.0,,,24.0
2024-05-18,0.0,,,24.0
2024-05-19,0.0,,,24.0
2024-05-20,0.0,,,24.0
2024-05-21,0.0,,,24.0
2024-05-22,0.0,,,24.0
2024-05-23,0.0,,,24.0
2024-05-24,0.0,,,24.0
2024-05-25,0.0,,,24.0
2024-05-26,0.0,,,24.0
2024-05-27,0.0,,,24.0
2024-05-28,0.0,,,24.0
2024-05-29,0.0,,,24.0
2024-05-30,0.0,,,24.0
2024-05-31,0.0,,,24.0
2024-06-01,0.0,,,24.0
2024-06-02,0.0,,,24.0
2024-06-03,0.0,,,24.0
2024-06-04,0.0,,,24.0
2024-06-05,0.0,,,24.0
2024-06-06,0.0,,,9.0
2025-02-28,,,,10.0
2025-03-01,,,,24.0
2025-03-02,0.0,,,24.0
2025-03-03,0.0,,,24.0
2025-03-04,0.0,,,24.0
2025-03-05,0.0,,,24.0
2025-03-06,0.0,,,24.0
2025-03-07,0.0,,,24.0
2025-03-08,0.0,,,24.0
2025-03-09,0.0,,,24.0
2025-03-10,0.0,,,24.0
2025-03-11,0.0,,,24.0
2025-03-12,0.0,,,24.0
2025-03-13,0.0,,,24.0
2025-03-14,0.0,,,24.0
2025-03-15,0.254,,,24.0
2025-03-16,0.0,,,24.0
2025-03-17,0.0,,,24.0
2025-03-18,0.0,,,24.0
2025-03-19,0.0,,,24.0
2025-03-20,0.0,,,24.0
2025-03-21,0.0,,,24.0
2025-03-22,0.0,,,24.0
2025-03-23,0.0,,,24.0
2025-03-24,0.0,,,24.0
2025-03-25,0.508,,,24.0
2025-03-26,0.0,,,24.0
2025-03-27,0.254,,,24.0
2025-03-28,0.0,,,24.0
2025-03-29,0.0,,,24.0
2025-03-30,0.0,,,24.0
2025-03-31,0.254,,,24.0
2025-04-01,0.0,,,24.0
2025-04-02,0.0,,,24.0
2025-04-03,0.0,,,24.0
2025-04-04,0.0,,,24.0
2025-04-05,0.0,,,24.0
2025-04-06,0.0,,,24.0
2025-04-07,0.0,,,24.0
2025-04-08,0.0,,,24.0
2025-04-09,0.0,,,24.0
2025-04-10,0.0,,,24.0
2025-04-11,0.0,,,24.0
2025-04-12,0.0,,,24.0
2025-04-13,0.0,,,24.0
2025-04-14,0.0,,,24.0
2025-04-15,0.0,,,24.0
2025-04-16,0.0,,,24.0
2025-04-17,0.0,,,24.0
2025-04-18,0.0,,,24.0
2025-04-19,0.0,,,24.0
2025-04-20,0.0,,,24.0
2025-04-21,0.0,,,24.0
2025-04-22,0.0,,,24.0
2025-04-23,0.0,,,24.0
2025-04-24,0.0,,,24.0
2025-04-25,0.0,,,24.0
2025-04-26,0.0,,,24.0
2025-04-27,0.0,,,24.0
2025-04-28,0.0,,,24.0
2025-04-29,0.0,,,24.0
2025-04-30,0.0,,,10.0
2025-05-18,,,,9.0
2025-05-19,,,,24.0
2025-05-20,0.0,,,24.0
2025-05-21,0.0,,,24.0
2025-05-22,0.0,,,24.0
2025-05-23,0.0,,,24.0
2025-05-24,0.0,,,24.0
2025-05-25,0.0,,,24.0
2025-05-26,0.0,,,24.0
2025-05-27,0.0,,,24.0
2025-05-28,0.0,,,24.0
2025-05-29,0.0,,,24.0
2025-05-30,0.0,,,24.0
2025-05-31,0.0,,,24.0
2025-06-01,0.0,,,24.0
2025-06-02,0.0,,,24.0
2025-06-03,0.0,,,24.0
2025-06-04,0.0,,,24.0
2025-06-05,0.0,,,24.0
2025-06-06,0.0,,,24.0
2025-06-07,0.0,,,24.0
2025-06-08,0.0,,,24.0
2025-06-09,0.0,,,24.0
2025-06-10,0.0,,,24.0
2025-06-11,0.0,,,24.0
2025-06-12,0.0,,,24.0
2025-06-13,0.0,,,24.0
2025-06-14,0.0,,,24.0
2025-06-15,0.0,,,24.0
2025-06-16,0.0,,,24.0
2025-06-17,0.0,,,24.0
2025-06-18,0.0,,,24.0
2025-06-19,0.0,,,24.0
2025-06-20,0.0,,,24.0
2025-06-21,0.0,,,24.0
2025-06-22,0.0,,,24.0
2025-06-23,0.0,,,24.0
2025-06-24,0.0,,,24.0
2025-06-25,0.0,,,24.0
2025-06-26,0.0,,,24.0
2025-06-27,0.0,,,24.0
2025-06-28,0.0,,,24.0
2025-06-29,0.0,,,24.0
2025-06-30,0.0,,,24.0
2025-07-01,0.0,,,24.0
2025-07-02,0.0,,,24.0
2025-07-03,0.0,,,24.0
2025-07-04,0.0,,,24.0
2025-07-05,0.0,,,24.0
2025-07-06,0.0,,,24.0
2025-07-07,0.0,,,24.0
2025-07-08,0.0,,,24.0
2025-07-09,0.0,,,24.0
2025-07-10,0.0,,,24.0
2025-07-11,0.0,,,24.0
2025-07-12,0.0,,,24.0
2025-07-13,0.0,,,24.0
2025-07-14,0.0,,,24.0
2025-07-15,0.0,,,24.0
2025-07-16,0.0,,,24.0
2025-07-17,0.0,,,24.0
2025-07-18,0.0,,,24.0
2025-07-19,0.0,,,24.0
2025-07-20,0.0,,,24.0
2025-07-21,0.0,,,24.0
2025-07-22,,,,24.0
2025-07-23,,,,24.0
2025-07-24,,,,24.0
2025-07-25,,,,24.0
2025-07-26,0.0,,,24.0
2025-07-27,0.0,,,24.0
2025-07-28,0.0,,,24.0
2025-07-29,0.0,,,24.0
2025-07-30,0.0,,,24.0
2025-07-31,0.0,,,24.0
2025-08-01,0.0,,,24.0
2025-08-02,0.0,,,24.0
2025-08-03,0.0,,,24.0
2025-08-04,0.0,,,24.0
2025-08-05,0.0,,,24.0
2025-08-06,0.0,,,24.0
2025-08-07,0.0,,,24.0
2025-08-08,0.0,,,24.0
2025-08-09,0.0,,,24.0
2025-08-10,0.0,,,24.0
2025-08-11,0.0,,,24.0
2025-08-12,0.0,,,24.0
2025-08-13,0.0,,,24.0
2025-08-14,0.0,,,24.0
2025-08-15,0.0,,,24.0
2025-08-16,0.0,,,24.0
2025-08-17,,,,24.0
2025-08-18,,,,24.0
2025-08-19,0.0,,,24.0
2025-08-20,0.0,,,24.0
2025-08-21,0.0,,,24.0
2025-08-22,0.0,,,24.0
2025-08-23,0.0,,,24.0
2025-08-24,0.0,,,24.0
2025-08-25,0.0,,,24.0
2025-08-26,0.0,,,24.0
2025-08-27,0.0,,,24.0
2025-08-28,0.0,,,24.0
2025-08-29,0.0,,,24.0
2025-08-30,0.0,,,24.0
2025-08-31,0.0,,,24.0
2025-09-01,0.0,,,24.0
2025-09-02,0.0,,,24.0
2025-09-03,0.0,,,24.0
2025-09-04,0.0,,,24.0
2025-09-05,0.0,,,24.0
2025-09-06,0.0,,,24.0
2025-09-07,0.0,,,24.0
2025-09-08,0.0,,,24.0
2025-09-09,0.0,,,24.0
2025-09-10,0.0,,,24.0
2025-09-11,0.0,,,24.0
2025-09-12,0.0,,,24.0
2025-09-13,0.0,,,24.0
2025-09-14,0.0,,,24.0
2025-09-15,0.0,,,24.0
2025-09-16,0.0,,,24.0
2025-09-17,0.0,,,24.0
2025-09-18,0.0,,,24.0
2025-09-19,0.0,,,24.0
2025-09-20,0.0,,,24.0
2025-09-21,,,,24.0
2025-09-22,0.0,,,24.0
2025-09-23,,,,24.0
2025-09-24,,,,24.0
2025-09-25,0.0,,,24.0
2025-09-26,,,,24.0
2025-09-27,0.0,,,24.0
2025-09-28,0.0,,,24.0
2025-09-29,0.0,,,24.0
2025-09-30,,,,24.0
2025-10-01,0.0,,,24.0
2025-10-02,,,,24.0
2025-10-03,0.0,,,24.0
2025-10-04,0.0,,,24.0
2025-10-05,,,,24.0
2025-10-06,,,,24.0
2025-10-07,0.0,,,24.0
2025-10-08,0.0,,,24.0
2025-10-09,0.0,,,24.0
2025-10-10,0.0,,,24.0
2025-10-11,,,,24.0
2025-10-12,0.0,,,24.0
2025-10-13,0.0,,,24.0
2025-10-14,0.0,,,24.0
2025-10-15,,,,24.0
2025-10-16,,,,24.0
2025-10-17,,,,24.0
2025-10-18,0.0,,,24.0
2025-10-19,0.0,,,24.0
2025-10-20,,,,24.0
2025-10-21,0.0,,,24.0
2025-10-22,0.0,,,24.0
2025-10-23,0.0,,,24.0
2025-10-24,,,,24.0
2025-10-25,0.0,,,24.0
2025-10-26,0.0,,,24.0
2025-10-27,0.0,,,24.0
2025-10-28,0.0,,,24.0
2025-10-29,0.0,,,24.0
2025-10-30,0.0,,,24.0
2025-10-31,0.0,,,24.0
2025-11-01,0.0,,,24.0
2025-11-02,0.0,,,24.0
2025-11-03,0.0,,,24.0
2025-11-04,0.0,,,24.0
2025-11-05,0.0,,,24.0
2025-11-06,0.0,,,24.0
2025-11-07,0.0,,,24.0
2025-11-08,0.0,,,24.0
2025-11-09,,,,24.0
2025-11-10,0.0,,,24.0
2025-11-11,0.0,,,24.0
2025-11-12,0.0,,,24.0
2025-11-13,0.0,,,24.0
2025-11-14,0.0,,,24.0
2025-11-15,0.0,,,24.0
2025-11-16,0.0,,,24.0
2025-11-17,0.0,,,24.0
2025-11-18,0.0,,,24.0
2025-11-19,,,,24.0
2025-11-20,0.0,,,24.0
2025-11-21,0.0,,,24.0
2025-11-22,0.0,,,24.0
2025-11-23,0.0,,,24.0
2025-11-24,0.0,,,24.0
2025-11-25,0.0,,,24.0
2025-11-26,0.0,,,24.0
2025-11-27,0.0,,,24.0
2025-11-28,0.0,,,24.0
2025-11-29,0.0,,,24.0
2025-11-30,0.0,,,24.0
2025-12-01,0.0,,,24.0
2025-12-02,0.0,,,24.0
2025-12-03,0.0,,,24.0
2025-12-04,0.0,,,24.0
2025-12-05,0.0,,,24.0
2025-12-06,0.0,,,24.0
2025-12-07,0.0,,,24.0
2025-12-08,0.0,,,24.0
2025-12-09,0.0,,,24.0
2025-12-10,0.0,,,24.0
2025-12-11,0.0,,,24.0
2025-12-12,0.0,,,24.0
2025-12-13,0.0,,,24.0
2025-12-14,0.0,,,24.0
2025-12-15,0.0,,,10.0
2026-01-01,,,,24.0
2026-01-02,0.0,,,24.0
2026-01-03,0.0,,,24.0
2026-01-04,0.0,,,24.0
2026-01-05,0.0,,,24.0
2026-01-06,0.0,,,24.0
2026-01-07,0.0,,,24.0
2026-01-08,0.0,,,24.0
2026-01-09,0.0,,,24.0
2026-01-10,0.0,,,24.0
2026-01-11,0.0,,,24.0
2026-01-12,0.0,,,24.0
2026-01-13,0.0,,,24.0
2026-01-14,0.0,,,24.0
2026-01-15,0.0,,,24.0
2026-01-16,0.0,,,24.0
2026-01-17,0.0,,,24.0
2026-01-18,0.0,,,24.0
2026-01-19,0.0,,,24.0
2026-01-20,,,,24.0
2026-01-21,,,,24.0
2026-01-22,0.0,,,24.0
2026-01-23,0.0,,,24.0
2026-01-24,0.0,,,24.0
2026-01-25,0.0,,,24.0
2026-01-26,0.0,,,24.0
2026-01-27,0.0,,,24.0
2026-01-28,0.0,,,24.0
2026-01-29,0.0,,,24.0
2026-01-30,0.0,,,24.0
2026-01-31,0.0,,,24.0
2026-02-01,0.0,,,24.0
2026-02-02,0.0,,,24.0
2026-02-03,0.0,,,24.0
2026-02-04,0.0,,,24.0
2026-02-05,,,,24.0
2026-02-06,0.0,,,24.0
2026-02-07,0.0,,,24.0
2026-02-08,0.0,,,24.0
2026-02-09,0.0,,,24.0
2026-02-10,0.0,,,24.0
2026-02-11,0.0,,,24.0
2026-02-12,0.0,,,24.0
2026-02-13,0.0,,,24.0
2026-02-14,0.0,,,24.0
2026-02-15,0.0,,,24.0
2026-02-16,0.0,,,24.0
2026-02-17,0.0,,,24.0
2026-02-18,0.0,,,24.0
2026-02-19,0.0,,,24.0
2026-02-20,,,,24.0
2026-02-21,0.0,,,24.0
2026-02-22,0.0,,,24.0
2026-02-23,0.0,,,24.0
2026-02-24,0.0,,,24.0
2026-02-25,0.0,,,24.0
2026-02-26,0.0,,,24.0
2026-02-27,0.0,,,24.0
2026-02-28,0.0,,,24.0
2026-03-01,0.0,,,24.0
2026-03-02,0.0,,,24.0
2026-03-03,0.0,,,24.0
2026-03-04,0.0,,,24.0
2026-03-05,0.0,,,24.0
2026-03-06,0.0,,,24.0
2026-03-07,0.0,,,24.0
2026-03-08,0.0,,,24.0
2026-03-09,0.0,,,24.0
2026-03-10,0.0,,,24.0
2026-03-11,0.0,,,24.0
2026-03-12,0.0,,,24.0
2026-03-13,0.0,,,24.0
2026-03-14,0.0,,,24.0
2026-03-15,0.0,,,24.0
2026-03-16,0.0,,,24.0
2026-03-17,0.0,,,24.0
2026-03-18,0.0,,,24.0
2026-03-19,0.0,,,24.0
2026-03-20,0.0,,,24.0
2026-03-21,0.0,,,24.0
2026-03-22,0.0,,,24.0
2026-03-23,0.0,,,24.0
2026-03-24,0.0,,,24.0
2026-03-25,0.0,,,24.0
2026-03-26,,,,24.0
2026-03-27,,,,24.0
2026-03-28,0.0,,,24.0
2026-03-29,0.0,,,24.0
2026-03-30,,,,24.0
2026-03-31,0.0,,,24.0
2026-04-01,0.0,,,24.0
2026-04-02,0.0,,,24.0
2026-04-03,0.0,,,24.0
2026-04-04,0.0,,,24.0
2026-04-05,0.0,,,24.0
2026-04-06,0.0,,,24.0
2026-04-07,0.0,,,24.0
2026-04-08,0.0,,,24.0
2026-04-09,0.0,,,24.0
2026-04-10,0.0,,,24.0
2026-04-11,0.0,,,24.0
2026-04-12,0.0,,,24.0
2026-04-13,0.0,,,24.0
2026-04-14,0.0,,,24.0
2026-04-15,0.0,,,24.0
2026-04-16,0.0,,,24.0
2026-04-17,,,,24.0
2026-04-18,0.0,,,24.0
2026-04-19,,,,24.0
2026-04-20,0.0,,,24.0
2026-04-21,0.0,,,24.0
2026-04-22,0.0,,,10.0
2026-06-24,0.0,,,
2026-06-25,,,,23.0
2026-06-26,0.0,,,24.0
2026-06-27,0.0,,,24.0
2026-06-28,0.0,,,24.0
2026-06-29,0.0,,,24.0
2026-06-30,0.0,,,24.0
2026-07-01,0.0,,,24.0
2026-07-02,0.0,,,24.0
2026-07-03,0.762,,,24.0
2026-07-04,0.0,,,24.0
2026-07-05,0.0,,,24.0
2026-07-06,0.0,,,24.0
2026-07-07,0.254,,,24.0
2026-07-08,0.0,,,24.0
2026-07-09,0.0,,,24.0
2026-07-10,0.0,,,24.0
2026-07-11,0.0,,,24.0
2026-07-12,0.0,,,24.0
2026-07-13,0.0,,,24.0
2026-07-14,0.0,,,24.0
2026-07-15,0.0,,,13.0
