date,temp_max,temp_min,umid_max,umid_min,solar_total,gust_max,gust_dir,prec,dewpoint,heat_index,wind_chill,n_hours,temp_mean,umid_mean,ws_mean,solar_mean
2011-03-15,28.74,20.46,99.8,61.57,,,,,,,,,,,,
2011-03-16,26.65,19.06,95.3,55.12,,,,,,,,,,,,
2011-03-17,29.72,15.67,100.0,42.11,,,,,,,,,,,,
2011-03-18,28.84,18.92,99.8,50.85,,,,,,,,,,,,
2011-03-19,32.96,19.73,98.9,55.52,,,,,,,,,,,,
2011-03-20,25.13,18.9,98.7,65.36,,,,,,,,,,,,
2011-03-21,23.12,18.26,97.1,72.79,,,,,,,,,,,,
2011-03-22,26.41,18.62,99.0,60.57,,,,,,,,,,,,
2011-03-23,27.08,20.5,99.9,67.03,,,,,,,,,,,,
2011-03-24,29.08,20.36,99.9,68.28,,,,,,,,,,,,
2011-03-25,32.34,22.05,99.4,59.61,,,,,,,,,,,,
2011-03-26,25.72,22.09,98.9,78.02,,,,,,,,,,,,
2011-03-27,30.47,20.3,100.0,67.85,,,,,,,,,,,,
2011-03-28,30.65,19.26,100.0,54.53,,,,,,,,,,,,
2011-03-29,28.42,20.9,98.9,72.4,,,,,,,,,,,,
2011-03-30,24.47,18.99,99.7,81.0,,,,,,,,,,,,
2011-03-31,23.03,17.69,99.4,77.67,,,,,,,,,,,,
2011-04-01,26.22,18.85,99.4,69.37,,,,,,,,,,,,
2011-04-02,26.24,19.68,99.9,76.15,,,,,,,,,,,,
2011-04-03,25.98,19.4,100.0,79.22,,,,,,,,,,,,
2011-04-04,27.93,17.55,100.0,52.38,,,,,,,,,,,,
2011-04-05,28.92,18.06,100.0,59.5,,,,,,,,,,,,
2011-04-06,30.74,16.52,100.0,39.87,,,,,,,,,,,,
2011-04-07,28.64,16.36,99.5,48.96,,,,,,,,,,,,
2011-04-09,29.83,16.44,100.0,49.41,,,,,,,,,,,,
2011-04-10,25.49,17.44,99.4,59.41,,,,,,,,,,,,
2011-04-11,25.47,16.83,99.6,62.37,,,,,,,,,,,,
2011-04-12,27.96,15.3,100.0,56.85,,,,,,,,,,,,
2011-04-13,26.99,16.69,100.0,66.48,,,,,,,,,,,,
2011-04-14,28.83,16.74,100.0,54.51,,,,,,,,,,,,
2011-04-15,34.08,18.03,99.9,48.19,,,,,,,,,,,,
2011-04-16,29.55,18.57,99.8,54.36,,,,,,,,,,,,
2011-04-17,31.45,18.83,100.0,56.03,,,,,,,,,,,,
2011-04-18,27.55,21.1,97.8,69.04,,,,,,,,,,,,
2011-04-19,31.06,21.39,98.5,63.47,,,,,,,,,,,,
2011-04-20,22.6,20.31,99.9,88.8,,,,,,,,,,,,
2011-04-21,29.23,20.16,99.1,58.72,,,,,,,,,,,,
2011-04-22,25.63,20.0,99.7,78.7,,,,,,,,,,,,
2011-04-23,32.41,18.26,100.0,50.76,,,,,,,,,,,,
2011-04-24,28.91,20.16,100.0,62.71,,,,,,,,,,,,
2011-04-25,21.81,18.41,98.7,78.59,,,,,,,,,,,,
2011-04-26,27.75,18.19,98.7,58.23,,,,,,,,,,,,
2011-04-27,25.97,14.4,100.0,51.96,,,,,,,,,,,,
2011-04-28,24.63,16.58,100.0,66.91,,,,,,,,,,,,
2011-04-29,20.91,17.64,99.3,88.8,,,,,,,,,,,,
2011-04-30,25.62,17.35,100.0,67.07,,,,,,,,,,,,
2011-05-01,24.35,17.17,100.0,72.13,,,,,,,,,,,,
2011-05-02,30.11,17.88,100.0,55.73,,,,,,,,,,,,
2011-05-03,25.36,16.86,94.9,38.22,,,,,,,,,,,,
2011-05-04,25.31,9.85,99.1,41.32,,,,,,,,,,,,
2011-05-05,25.54,14.27,100.0,57.74,,,,,,,,,,,,
2011-05-06,27.8,11.62,100.0,43.45,,,,,,,,,,,,
2011-05-07,29.28,12.15,100.0,45.71,,,,,,,,,,,,
2011-05-08,22.47,18.31,98.7,78.82,,,,,,,,,,,,
2011-05-09,29.96,15.28,100.0,54.47,,,,,,,,,,,,
2011-05-10,22.29,17.23,98.5,70.4,,,,,,,,,,,,
2011-05-11,21.33,16.93,99.4,81.1,,,,,,,,,,,,
2011-05-12,28.16,16.28,100.0,64.05,,,,,,,,,,,,
2011-05-13,25.7,17.31,100.0,72.88,,,,,,,,,,,,
2011-05-14,22.41,17.43,97.8,64.94,,,,,,,,,,,,
2011-05-15,20.52,16.4,99.9,78.01,,,,,,,,,,,,
2011-05-16,19.22,15.62,100.0,78.71,,,,,,,,,,,,
2011-05-17,19.84,14.15,97.4,75.16,,,,,,,,,,,,
2011-05-18,21.34,10.16,100.0,53.04,,,,,,,,,,,,
2011-05-19,21.39,9.96,100.0,58.58,,,,,,,,,,,,
2011-05-20,22.65,13.93,100.0,63.65,,,,,,,,,,,,
2011-05-21,22.57,15.55,99.8,75.71,,,,,,,,,,,,
2011-05-22,24.59,16.13,100.0,68.07,,,,,,,,,,,,
2011-05-23,26.21,13.91,100.0,61.36,,,,,,,,,,,,
2011-05-24,27.81,15.88,100.0,61.13,,,,,,,,,,,,
2011-05-25,22.55,18.8,99.4,85.8,,,,,,,,,,,,
2011-05-26,26.06,17.25,100.0,64.37,,,,,,,,,,,,
2011-05-27,25.63,16.04,100.0,71.1,,,,,,,,,,,,
2011-05-28,23.15,15.34,99.2,57.03,,,,,,,,,,,,
2011-05-29,22.44,9.21,100.0,42.69,,,,,,,,,,,,
2011-05-30,22.39,6.592,100.0,41.29,,,,,,,,,,,,
2011-05-31,22.5,6.753,100.0,40.1,,,,,,,,,,,,
2011-06-01,22.9,8.91,100.0,46.58,,,,,,,,,,,,
2011-06-02,22.72,7.804,100.0,47.96,,,,,,,,,,,,
2011-06-03,22.97,10.2,100.0,60.41,,,,,,,,,,,,
2011-06-04,24.39,10.83,100.0,60.07,,,,,,,,,,,,
2011-06-05,22.26,7.561,100.0,37.7,,,,,,,,,,,,
2011-06-06,21.33,4.624,100.0,40.37,,,,,,,,,,,,
2011-06-07,21.55,6.007,100.0,55.6,,,,,,,,,,,,
2011-06-08,21.48,12.97,100.0,52.79,,,,,,,,,,,,
2011-06-09,23.16,10.55,99.6,43.79,,,,,,,,,,,,
2011-06-24,,,,,,,,,,,,13.0,18.328461538461536,95.32461538461538,0.23824786324786326,76.86684615384615
2011-06-25,22.51,16.63,100.0,78.02,,,,,,,,24.0,18.25375,95.58749999999999,0.25975694444444447,54.096125
2011-06-26,21.51,16.64,100.0,79.77,,,,,,,,24.0,15.816249999999998,91.87124999999999,0.34598379629629633,15.859
2011-06-27,17.5,11.84,100.0,55.34,,,,,,,,24.0,12.14775,52.62875,0.5918287037037037,156.54870833333334
2011-06-28,19.14,5.583,89.0,21.7,,,,,,,,24.0,10.682875000000001,63.397083333333335,0.3554745370370371,154.87508333333332
2011-06-29,20.08,1.945,98.1,18.97,,,,,,,,24.0,9.808166666666667,96.70833333333333,0.17033564814814814,24.272041666666667
2011-06-30,12.84,6.936,99.8,84.6,,,,,,,,24.0,13.220416666666667,99.61666666666667,0.2517476851851852,17.411625
2011-07-01,15.67,10.92,100.0,96.3,,,,,,,,24.0,16.25166666666667,99.00833333333333,0.19499999999999998,23.91325
2011-07-02,17.83,14.61,100.0,92.8,,,,,,,,24.0,15.72125,99.93333333333334,0.17635416666666667,19.30075
2011-07-03,16.48,14.88,100.0,98.9,,,,,,,,24.0,13.18875,98.675,0.2758333333333333,15.783375
2011-07-04,15.9,9.44,100.0,87.1,,,,,,,,24.0,10.113791666666666,70.845,0.39357638888888885,149.93883333333332
2011-07-05,15.86,5.159,100.0,40.71,,,,,,,,24.0,9.030583333333334,90.15833333333335,0.17226851851851852,114.435
2011-07-06,16.87,3.38,100.0,58.55,,,,,,,,10.0,6.4628,100.0,0.11663888888888889,13.525
2011-07-15,,,,,,,,,,,,2.0,17.93,99.35,0.12972222222222224,0.0
2011-07-16,,,,,,,,,,,,24.0,18.6625,90.26958333333333,0.20379629629629628,130.72654166666666
2011-07-17,26.21,14.03,100.0,55.7,,,,,,,,24.0,17.794166666666666,91.75458333333334,0.38942129629629624,61.328375
2011-07-18,21.71,14.98,100.0,75.21,,,,,,,,24.0,17.614583333333332,95.74416666666667,0.2300347222222222,41.117666666666665
2011-07-19,20.65,16.06,100.0,78.26,,,,,,,,24.0,18.710833333333333,95.14583333333333,0.16430555555555557,87.05149999999999
2011-07-20,23.9,17.02,100.0,73.14,,,,,,,,24.0,18.351666666666667,96.28333333333335,0.19456018518518517,29.65925
2011-07-21,20.22,17.13,100.0,84.7,,,,,,,,24.0,17.951666666666664,98.875,0.22681712962962963,13.927541666666665
2011-07-22,19.39,15.38,100.0,91.9,,,,,,,,24.0,15.40125,96.65833333333335,0.3693634259259259,28.464958333333332
2011-07-23,17.21,13.97,100.0,90.6,,,,,,,,24.0,15.260833333333332,90.59750000000001,0.2734722222222222,118.189375
2011-07-24,19.96,10.8,100.0,67.0,,,,,,,,24.0,16.635833333333334,97.15416666666665,0.19483796296296296,45.511625
2011-07-25,19.16,14.82,100.0,86.6,,,,,,,,24.0,17.824166666666667,93.97916666666667,0.3202662037037037,54.831291666666665
2011-07-26,20.98,14.82,100.0,80.4,,,,,,,,24.0,18.484583333333333,89.43083333333334,0.23777777777777778,154.95070833333332
2011-07-27,25.11,13.76,100.0,64.68,,,,,,,,24.0,18.4375,84.55875,0.28520833333333334,152.55466666666666
2011-07-28,23.67,14.13,100.0,50.41,,,,,,,,24.0,16.731666666666666,93.675,0.18349537037037036,40.71375
2011-07-29,19.26,13.91,100.0,83.0,,,,,,,,24.0,18.887083333333333,91.14041666666667,0.2445138888888889,92.231125
2011-07-30,24.64,15.26,99.9,68.36,,,,,,,,24.0,17.073333333333334,97.625,0.3208564814814815,22.610250000000004
2011-07-31,19.52,15.38,100.0,89.9,,,,,,,,24.0,14.79125,98.825,0.27190972222222226,16.674833333333336
2011-08-01,15.52,14.02,100.0,94.6,,,,,,,,24.0,15.558333333333332,99.57916666666667,0.25283564814814813,10.012749999999999
2011-08-02,16.4,14.76,100.0,95.6,,,,,,,,24.0,17.51,64.17541666666666,0.9743055555555555,183.16558333333333
2011-08-03,21.33,10.88,100.0,32.04,,,,,,,,24.0,13.746041666666668,54.62375,0.7336458333333332,169.515625
2011-08-04,19.15,7.218,90.3,37.28,,,,,,,,24.0,13.423291666666666,55.55416666666667,0.7222337962962962,181.22433333333333
2011-08-05,19.78,6.118,100.0,26.97,,,,,,,,24.0,10.453083333333334,85.01291666666667,0.31505787037037036,179.26079166666668
2011-08-06,18.47,2.956,100.0,51.23,,,,,,,,24.0,15.363750000000001,84.405,0.1920601851851852,166.11308333333332
2011-08-07,25.4,9.35,100.0,49.04,,,,,,,,24.0,16.210833333333333,85.64,0.21208333333333332,164.7215
2011-08-08,25.08,9.96,100.0,50.64,,,,,,,,24.0,16.135416666666668,97.575,0.2308564814814815,27.361458333333335
2011-08-09,18.29,14.01,100.0,83.9,,,,,,,,24.0,18.152916666666666,95.8125,0.3487384259259259,75.944125
2011-08-10,23.73,16.78,100.0,77.15,,,,,,,,24.0,16.944583333333334,96.5125,0.305462962962963,47.46333333333334
2011-08-11,19.17,15.94,100.0,84.2,,,,,,,,24.0,17.359166666666667,96.52499999999999,0.258587962962963,62.399708333333336
2011-08-12,20.36,15.83,100.0,84.1,,,,,,,,24.0,18.682916666666667,87.98791666666666,0.23643518518518516,192.10912499999998
2011-08-13,25.72,14.64,100.0,55.08,,,,,,,,24.0,20.828333333333333,85.92416666666666,0.22703703703703704,178.22816666666665
2011-08-14,32.73,13.3,100.0,47.09,,,,,,,,24.0,17.175416666666667,90.15458333333333,0.5369907407407407,37.772416666666665
2011-08-15,19.46,14.64,99.5,71.88,,,,,,,,24.0,16.37875,97.45,0.17016203703703703,35.083999999999996
2011-08-16,18.55,14.56,100.0,90.3,,,,,,,,24.0,20.27625,88.92166666666667,0.26502314814814815,176.39362500000001
2011-08-17,27.85,16.14,100.0,61.82,,,,,,,,24.0,19.594166666666666,81.11208333333333,0.4480092592592593,146.05608333333333
2011-08-18,31.7,14.38,99.8,26.3,,,,,,,,24.0,16.4375,95.57916666666667,0.1942013888888889,28.692791666666665
2011-08-19,17.83,15.21,99.8,87.3,,,,,,,,24.0,17.679583333333333,93.61874999999999,0.38972222222222225,29.451708333333332
2011-08-20,23.21,15.72,100.0,61.7,,,,,,,,24.0,16.177083333333332,83.78375,0.36785879629629625,106.87808333333334
2011-08-21,20.88,10.12,99.2,44.57,,,,,,,,24.0,11.597999999999999,70.38250000000001,0.4474652777777777,123.45079166666666
2011-08-22,16.26,5.734,95.2,46.87,,,,,,,,24.0,9.729166666666666,95.52499999999999,0.20256944444444444,26.044958333333337
2011-08-23,11.05,8.53,100.0,84.8,,,,,,,,24.0,12.02875,99.61666666666667,0.17773148148148146,21.798833333333334
2011-08-24,14.06,9.9,100.0,96.0,,,,,,,,24.0,15.81875,99.22083333333335,0.20537037037037034,47.912749999999996
2011-08-25,17.82,13.73,100.0,94.9,,,,,,,,24.0,19.152916666666666,93.67833333333334,0.21197916666666664,96.60308333333334
2011-08-26,23.43,16.69,100.0,74.73,,,,,,,,24.0,16.4325,98.04583333333333,0.3783217592592593,24.617375
2011-08-27,18.33,14.01,100.0,90.6,,,,,,,,24.0,14.916666666666666,99.0,0.19307870370370372,25.828333333333333
2011-08-28,16.16,13.82,100.0,96.1,,,,,,,,24.0,17.754583333333333,95.35416666666667,0.1821527777777778,57.491625
2011-08-29,21.77,15.52,100.0,77.88,,,,,,,,24.0,18.825,95.12083333333334,0.2993287037037037,68.22008333333333
2011-08-30,23.74,15.22,100.0,77.84,,,,,,,,24.0,18.877916666666668,98.79583333333333,0.3775462962962963,14.415875
2011-08-31,19.69,16.97,100.0,95.6,,,,,,,,24.0,17.190833333333334,74.95333333333333,0.4502430555555555,228.483875
2011-09-01,22.59,10.79,100.0,35.13,,,,,,,,24.0,13.720416666666667,76.32875,0.2935763888888889,235.74866666666665
2011-09-02,20.8,8.58,100.0,28.08,,,,,,,,24.0,14.238750000000001,74.22083333333333,0.3728587962962963,233.67208333333335
2011-09-03,19.88,9.03,99.4,33.66,,,,,,,,24.0,14.229166666666666,84.03958333333334,0.4146296296296296,136.75829166666668
2011-09-04,20.86,9.02,100.0,54.41,,,,,,,,24.0,16.85625,85.78208333333333,0.3446180555555555,197.53470833333333
2011-09-05,23.28,12.92,100.0,58.88,,,,,,,,24.0,17.502916666666668,89.54041666666666,0.35953703703703704,145.40958333333333
2011-09-06,27.6,12.48,100.0,57.5,,,,,,,,24.0,14.52875,97.19583333333333,0.4643865740740741,9.58475
2011-09-07,16.79,12.87,99.5,93.2,,,,,,,,24.0,13.722916666666668,98.91666666666667,0.2818171296296296,21.400208333333335
2011-09-08,15.06,12.78,100.0,95.4,,,,,,,,24.0,15.940833333333332,98.41250000000001,0.2716087962962963,31.621624999999998
2011-09-09,18.3,14.23,100.0,91.9,,,,,,,,24.0,18.0025,96.875,0.24957175925925926,60.59383333333333
2011-09-10,20.78,16.34,100.0,87.2,,,,,,,,24.0,17.80666666666667,83.12458333333333,0.3351041666666667,196.012125
2011-09-11,23.39,13.25,100.0,52.64,,,,,,,,24.0,16.889583333333334,82.79,0.4830671296296296,235.24820833333334
2011-09-12,25.88,11.44,100.0,48.87,,,,,,,,24.0,16.8725,79.22583333333334,0.26133101851851853,166.29166666666666
2011-09-13,22.58,12.04,99.9,55.78,,,,,,,,24.0,16.31083333333333,83.26791666666666,0.3197337962962963,233.17425
2011-09-14,27.45,10.76,100.0,39.54,,,,,,,,24.0,16.02958333333333,83.0775,0.311724537037037,74.89220833333333
2011-09-15,18.81,13.28,99.1,62.36,,,,,,,,24.0,15.202916666666667,95.91666666666667,0.2026273148148148,46.51575
2011-09-16,17.41,13.82,100.0,87.5,,,,,,,,24.0,17.1,99.30416666666667,0.2325810185185185,21.235041666666667
2011-09-17,17.98,16.09,100.0,97.4,,,,,,,,24.0,18.1875,92.44583333333333,0.4024652777777778,46.92129166666666
2011-09-18,20.37,15.48,100.0,79.37,,,,,,,,24.0,18.1375,91.24916666666667,0.3547800925925926,110.37700000000001
2011-09-19,22.85,14.0,100.0,70.02,,,,,,,,24.0,19.694166666666664,86.32041666666667,0.3016087962962963,149.46599999999998
2011-09-20,25.51,16.36,100.0,55.04,,,,,,,,24.0,19.284583333333334,93.57916666666667,0.23974537037037036,78.18820833333334
2011-09-21,23.63,16.08,99.3,77.52,,,,,,,,24.0,17.834166666666665,89.51666666666667,0.4607638888888889,190.33570833333332
2011-09-22,23.33,14.88,99.0,65.13,,,,,,,,24.0,18.253333333333334,86.92416666666666,0.35429398148148145,160.93366666666665
2011-09-23,23.83,14.41,99.2,64.3,,,,,,,,24.0,18.55125,93.29833333333333,0.22901620370370368,40.87179166666667
2011-09-24,21.37,16.24,99.8,75.54,,,,,,,,24.0,18.040833333333335,82.40958333333333,0.3040972222222222,92.37166666666667
2011-09-25,22.6,15.0,100.0,55.67,,,,,,,,24.0,15.884583333333332,87.51791666666666,0.27252314814814815,56.791
2011-09-26,19.36,11.69,98.8,64.5,,,,,,,,24.0,16.676666666666666,86.47958333333334,0.35282407407407407,100.29175
2011-09-27,21.37,13.42,98.9,62.73,,,,,,,,24.0,18.15458333333333,80.73375,0.31766203703703705,278.6716666666667
2011-09-28,27.16,10.94,100.0,39.08,,,,,,,,24.0,18.631666666666664,83.46875,0.3302893518518519,201.33316666666667
2011-09-29,25.65,14.92,100.0,50.54,,,,,,,,24.0,19.888749999999998,82.44291666666668,0.32967592592592593,273.9832083333333
2011-09-30,28.12,15.12,99.5,48.0,,,,,,,,24.0,21.569166666666664,84.37333333333333,0.2960185185185185,215.73166666666668
2011-10-01,31.8,16.81,99.6,48.19,,,,,,,,24.0,20.058333333333334,91.52375,0.3023032407407407,60.208416666666665
2011-10-02,23.79,18.63,99.0,71.77,,,,,,,,24.0,19.329583333333336,96.54166666666667,0.21594907407407407,34.998916666666666
2011-10-03,21.1,18.3,99.8,87.8,,,,,,,,24.0,20.899166666666666,80.20375,0.42972222222222217,231.47883333333334
2011-10-04,29.16,17.03,99.8,48.36,,,,,,,,24.0,16.800833333333333,84.54875,0.33684027777777775,72.90270833333334
2011-10-05,20.35,14.6,97.3,66.97,,,,,,,,24.0,19.652083333333334,85.70791666666666,0.36376157407407406,153.31541666666666
2011-10-06,24.67,15.44,99.6,61.23,,,,,,,,24.0,21.8125,82.48,0.32667824074074076,237.58341666666664
2011-10-07,28.07,18.63,97.8,54.07,,,,,,,,24.0,20.187083333333334,94.12916666666666,0.2423611111111111,58.963750000000005
2011-10-08,22.79,18.21,99.0,83.6,,,,,,,,24.0,21.66416666666667,90.84708333333333,0.4212384259259259,86.72233333333334
2011-10-09,24.79,18.82,100.0,74.33,,,,,,,,24.0,22.205,93.22458333333333,0.28821759259259255,107.27283333333334
2011-10-10,27.53,19.16,99.6,72.24,,,,,,,,24.0,22.68166666666667,85.60041666666666,0.285,198.89766666666665
2011-10-11,30.94,18.13,100.0,53.4,,,,,,,,24.0,20.97125,85.2975,0.3206018518518518,74.47195833333333
2011-10-12,23.62,18.62,97.1,67.52,,,,,,,,24.0,20.02,89.36708333333333,0.2764351851851852,81.68479166666667
2011-10-13,23.76,18.15,99.3,68.96,,,,,,,,24.0,19.186249999999998,98.89999999999999,0.24005787037037038,22.500416666666666
2011-10-14,20.34,18.18,100.0,95.4,,,,,,,,24.0,23.025833333333335,85.37666666666667,0.29608796296296297,219.7938333333333
2011-10-15,31.79,18.51,100.0,54.84,,,,,,,,24.0,19.361666666666668,97.14999999999999,0.3322685185185185,40.648208333333336
2011-10-16,20.76,17.99,99.6,91.2,,,,,,,,24.0,18.168333333333333,96.8625,0.2606597222222222,58.413875
2011-10-17,20.42,17.3,100.0,84.7,,,,,,,,24.0,19.607916666666664,81.65833333333333,0.2613888888888889,246.93133333333333
2011-10-18,25.89,14.94,100.0,45.13,,,,,,,,24.0,18.767916666666668,83.04125,0.2744907407407407,135.51475
2011-10-19,23.68,14.26,100.0,52.78,,,,,,,,24.0,17.262916666666666,93.59583333333335,0.30515046296296294,78.65304166666667
2011-10-20,19.68,16.02,98.9,78.32,,,,,,,,24.0,19.205833333333334,80.70166666666667,0.49086805555555557,238.39583333333334
2011-10-21,24.84,14.51,99.8,52.77,,,,,,,,24.0,19.254166666666666,81.67875,0.5849074074074074,226.72275
2011-10-22,24.24,15.6,98.6,51.14,,,,,,,,24.0,19.822916666666668,85.46833333333332,0.444837962962963,206.15966666666668
2011-10-23,25.52,14.13,100.0,58.4,,,,,,,,24.0,21.933333333333334,82.22208333333333,0.32599537037037035,252.06837499999997
2011-10-24,29.41,16.99,100.0,53.44,,,,,,,,24.0,22.25916666666667,84.17999999999999,0.48601851851851857,224.06904166666666
2011-10-25,28.3,18.96,98.0,59.04,,,,,,,,24.0,22.047916666666666,87.17625,0.3465972222222222,109.681
2011-10-26,27.27,18.59,99.2,60.9,,,,,,,,24.0,22.568749999999998,76.3125,0.5022106481481482,256.10245833333335
2011-10-27,32.28,17.09,99.7,31.9,,,,,,,,24.0,21.515833333333333,87.34125,0.33946759259259257,184.46604166666665
2011-10-28,27.94,18.14,99.2,58.79,,,,,,,,24.0,22.125,81.91583333333334,0.34664351851851855,293.357
2011-10-29,30.28,17.09,100.0,45.21,,,,,,,,24.0,19.875,94.83333333333333,0.2871296296296296,27.492916666666662
2011-10-30,21.19,18.16,99.6,81.2,,,,,,,,24.0,18.343333333333334,95.2,0.27314814814814814,35.178625000000004
2011-10-31,21.19,16.36,99.7,87.1,,,,,,,,24.0,18.480416666666667,75.83291666666666,0.3182291666666667,221.28016666666667
2011-11-01,24.65,15.02,98.9,46.79,,,,,,,,24.0,17.5425,75.98208333333334,0.3996180555555555,139.722125
2011-11-02,21.94,13.76,96.1,48.49,,,,,,,,24.0,17.1325,81.18625,0.31078703703703703,162.62633333333335
2011-11-03,22.5,12.02,99.5,51.57,,,,,,,,24.0,17.26875,82.93625,0.24927083333333333,111.58895833333334
2011-11-04,21.83,13.66,98.3,54.75,,,,,,,,24.0,18.520833333333332,77.39916666666666,0.48776620370370366,306.7085416666667
2011-11-05,24.99,11.28,99.9,44.8,,,,,,,,24.0,20.899166666666666,77.66875,0.47475694444444444,296.4265833333333
2011-11-06,27.84,14.37,99.2,47.55,,,,,,,,24.0,21.927083333333332,81.33083333333333,0.2966435185185185,217.51245833333334
2011-11-07,27.88,18.12,96.9,53.59,,,,,,,,24.0,21.847916666666666,82.03458333333333,0.32143518518518516,194.62137499999997
2011-11-08,28.21,17.23,99.2,49.87,,,,,,,,24.0,22.470416666666665,79.23875,0.47909722222222223,292.2860416666667
2011-11-09,28.34,17.76,99.1,48.53,,,,,,,,24.0,23.246666666666666,78.94333333333334,0.4007407407407408,305.9891666666667
2011-11-10,29.28,19.67,96.4,51.88,,,,,,,,24.0,23.954166666666666,82.43291666666666,0.36174768518518513,256.7144583333333
2011-11-11,31.09,20.9,97.7,55.4,,,,,,,,24.0,22.420416666666668,86.40625,0.3340509259259259,137.68891666666667
2011-11-12,28.56,18.68,99.4,61.35,,,,,,,,24.0,19.17125,91.71916666666665,0.290474537037037,46.143166666666666
2011-11-13,23.26,17.67,99.1,66.83,,,,,,,,24.0,18.0925,95.47500000000001,0.27412037037037035,50.39825
2011-11-14,20.42,17.23,99.0,82.3,,,,,,,,24.0,17.205833333333334,98.075,0.2210185185185185,46.00929166666666
2011-11-15,18.4,16.01,99.7,95.1,,,,,,,,24.0,16.9875,96.92083333333333,0.26152777777777775,59.57604166666667
2011-11-16,19.35,15.45,99.4,90.1,,,,,,,,24.0,18.828333333333333,82.50916666666667,0.30399305555555556,158.82679166666668
2011-11-17,23.9,15.37,99.0,56.45,,,,,,,,24.0,19.81375,79.85375,0.3103009259259259,310.0891666666667
2011-11-18,28.21,14.26,100.0,34.09,,,,,,,,24.0,19.2925,84.26458333333333,0.36420138888888887,191.61683333333335
2011-11-19,24.08,15.77,100.0,59.0,,,,,,,,24.0,19.796666666666667,79.12458333333333,0.2812847222222222,219.21416666666667
2011-11-20,26.62,14.89,98.9,46.47,,,,,,,,24.0,19.783333333333335,85.05458333333333,0.4973842592592592,174.84958333333336
2011-11-21,25.65,14.63,99.9,56.12,,,,,,,,24.0,21.443749999999998,87.1275,0.4268634259259259,136.19158333333334
2011-11-22,25.85,18.08,98.5,66.36,,,,,,,,24.0,22.64125,87.27333333333333,0.2991898148148148,187.80979166666665
2011-11-23,28.81,19.97,99.1,58.87,,,,,,,,24.0,22.933333333333334,77.63375,0.4163773148148148,303.745
2011-11-24,28.92,18.28,98.7,49.6,,,,,,,,24.0,22.171666666666667,80.43416666666667,0.3796759259259259,240.57666666666668
2011-11-25,27.99,17.57,97.2,58.3,,,,,,,,24.0,22.61791666666667,85.53333333333335,0.410787037037037,211.3585416666667
2011-11-26,29.22,18.94,98.7,63.87,,,,,,,,24.0,23.465416666666666,84.9775,0.34528935185185183,228.96833333333333
2011-11-27,30.88,19.9,98.3,55.41,,,,,,,,24.0,22.049166666666665,91.21749999999999,0.25969907407407405,98.60820833333334
2011-11-28,26.85,19.77,98.3,71.43,,,,,,,,24.0,22.23125,93.69041666666668,0.2802546296296296,159.62333333333333
2011-11-29,27.8,19.94,98.8,70.35,,,,,,,,24.0,22.388333333333335,92.14083333333333,0.22765046296296296,110.82975
2011-11-30,26.81,20.4,99.0,73.96,,,,,,,,24.0,24.577916666666667,85.295,0.3307291666666667,304.554125
2011-12-01,32.78,19.32,99.8,54.79,,,,,,,,24.0,21.245416666666667,83.61791666666666,0.39606481481481476,92.89608333333332
2011-12-02,24.13,18.63,99.2,67.71,,,,,,,,24.0,19.645416666666666,77.73958333333333,0.2780092592592593,105.88283333333334
2011-12-03,22.68,16.81,94.0,61.46,,,,,,,,24.0,19.8225,85.32791666666667,0.3903125,197.52879166666665
2011-12-04,25.18,15.64,99.0,60.17,,,,,,,,24.0,20.62125,84.9825,0.3529976851851852,159.65324999999999
2011-12-05,25.69,16.61,98.8,60.77,,,,,,,,24.0,21.375833333333333,90.29458333333334,0.3575231481481482,161.341875
2011-12-06,26.7,18.16,98.6,70.88,,,,,,,,24.0,21.746666666666666,92.25833333333333,0.30949074074074073,102.87416666666667
2011-12-07,24.54,19.38,98.8,79.61,,,,,,,,24.0,23.547916666666666,89.01291666666667,0.41643518518518513,172.35995833333334
2011-12-08,28.6,20.65,99.1,63.38,,,,,,,,24.0,23.349999999999998,90.64625000000001,0.32222222222222224,139.74420833333332
2011-12-09,30.54,20.56,99.5,58.9,,,,,,,,24.0,19.849999999999998,95.33749999999999,0.30733796296296295,45.95941666666667
2011-12-10,21.96,18.64,99.4,81.8,,,,,,,,24.0,21.85083333333333,86.1475,0.3269444444444444,190.39083333333335
2011-12-11,26.98,18.66,99.4,60.03,,,,,,,,24.0,22.55,84.2625,0.3574884259259259,187.52041666666665
2011-12-12,27.58,19.4,98.7,60.69,,,,,,,,24.0,23.887083333333333,82.89958333333333,0.36484953703703704,306.035375
2011-12-13,29.68,18.45,99.2,58.37,,,,,,,,24.0,22.465416666666666,91.45458333333333,0.3186689814814815,161.073
2011-12-14,28.44,18.01,98.9,69.52,,,,,,,,24.0,21.534166666666664,93.305,0.2775,132.34529166666667
2011-12-15,27.67,19.16,99.3,71.65,,,,,,,,24.0,24.08125,83.21041666666666,0.32534722222222223,276.6145833333333
2011-12-16,31.62,19.56,99.0,46.14,,,,,,,,24.0,23.954166666666666,77.76041666666667,0.32765046296296296,258.15425
2011-12-17,32.12,18.57,98.9,36.57,,,,,,,,24.0,24.889166666666668,73.58583333333333,0.31247685185185187,275.059875
2011-12-18,34.65,17.39,100.0,29.46,,,,,,,,24.0,25.872500000000002,70.37375,0.3198842592592593,288.4318333333334
2011-12-19,35.56,18.86,99.2,24.94,,,,,,,,24.0,25.356666666666666,79.16791666666667,0.33818287037037037,297.04354166666667
2011-12-20,33.4,19.31,99.1,33.19,,,,,,,,24.0,26.08666666666667,67.405,0.3134490740740741,329.0995
2011-12-21,37.69,17.52,99.8,19.9,,,,,,,,24.0,25.31458333333333,75.28541666666666,0.7490972222222222,269.6569583333333
2011-12-22,34.83,21.62,95.8,40.08,,,,,,,,24.0,26.245833333333334,81.33416666666666,1.054548611111111,273.88533333333334
2011-12-23,34.67,20.78,98.9,52.65,,,,,,,,24.0,27.01,74.06958333333334,1.3642824074074074,256.30625000000003
2011-12-24,38.88,20.69,98.6,35.39,,,,,,,,24.0,24.44333333333333,84.52708333333334,1.2138310185185184,165.49116666666666
2011-12-25,31.0,20.84,97.9,56.63,,,,,,,,24.0,19.940416666666668,96.45833333333333,0.9765856481481481,47.868249999999996
2011-12-26,21.27,17.87,98.6,90.1,,,,,,,,24.0,19.908333333333335,90.03083333333332,0.9568865740740741,76.95204166666666
2011-12-27,23.53,17.93,98.7,71.88,,,,,,,,24.0,21.995833333333334,85.49374999999999,0.9155324074074075,164.489125
2011-12-28,27.58,18.48,97.5,63.89,,,,,,,,24.0,20.314166666666665,95.39999999999999,1.2282291666666667,73.29345833333333
2011-12-29,21.39,17.89,99.2,85.1,,,,,,,,24.0,21.107083333333332,83.77291666666666,0.9513078703703703,159.67775
2011-12-30,26.35,17.89,98.2,55.41,,,,,,,,24.0,21.690833333333334,88.0625,1.235949074074074,130.03433333333334
2011-12-31,27.06,18.09,99.6,63.69,,,,,,,,24.0,20.811666666666667,97.94166666666666,0.7467939814814814,35.57995833333333
2012-01-01,22.83,19.76,99.5,93.2,,,,,,,,24.0,20.826666666666664,96.77499999999999,1.1638078703703705,88.48479166666668
2012-01-02,23.45,19.32,99.4,83.2,7.641,4.438888888888889,,40.13,,,,24.0,23.179166666666664,80.92333333333333,1.3557175925925924,305.8349166666667
2012-01-03,30.28,18.47,99.7,48.28,26.41,6.019444444444445,,0.0,,,,24.0,24.277083333333334,75.15666666666667,1.3031944444444445,339.37404166666664
2012-01-04,31.74,18.67,99.2,32.92,29.31,5.488888888888889,,0.0,,,,24.0,24.019583333333333,79.23041666666667,1.2456712962962964,277.1779166666667
2012-01-05,30.6,20.44,96.8,50.11,23.94,6.6305555555555555,,0.229,,,,24.0,22.614583333333332,87.56458333333335,0.9410069444444443,158.980625
2012-01-06,27.69,19.71,98.0,67.97,13.73,4.761111111111111,,4.572,,,,24.0,24.292916666666667,85.425,1.3093055555555555,264.936
2012-01-07,31.1,19.84,99.9,57.79,22.88,5.638888888888889,,0.686,,,,24.0,24.135,85.11125,1.2542129629629628,194.68525
2012-01-08,29.87,19.44,98.7,58.36,16.81,6.1305555555555555,,0.0,,,,24.0,23.120416666666667,94.94083333333333,0.9151504629629629,79.58945833333333
2012-01-09,27.14,21.51,99.2,77.56,6.873,4.9,,28.63,,,,24.0,23.24,91.15958333333333,1.2485648148148147,200.09854166666665
2012-01-10,27.33,20.94,99.9,66.5,17.28,7.588888888888889,,14.17,,,,24.0,22.6825,93.27125000000001,1.1241550925925925,131.30845833333333
2012-01-11,27.13,20.48,99.4,69.79,11.34,6.4111111111111105,,28.17,,,,24.0,23.214166666666667,92.72625,1.1585069444444445,169.01554166666668
2012-01-12,28.72,19.93,100.0,67.17,14.6,8.930555555555555,,23.04,,,,24.0,24.778333333333332,87.89666666666666,1.0209837962962964,203.132875
2012-01-13,31.38,20.58,100.0,59.62,17.54,4.8388888888888895,,0.229,,,,24.0,24.605416666666667,87.73333333333333,0.807650462962963,187.62245833333336
2012-01-14,31.61,19.92,99.9,53.76,16.2,4.519444444444444,,3.886,,,,24.0,23.773749999999996,94.75958333333334,0.791423611111111,100.11404166666667
2012-01-15,29.04,21.98,99.8,72.28,8.65,5.0,,18.52,,,,24.0,23.317083333333333,93.7625,1.0779166666666666,93.86612500000001
2012-01-16,27.12,21.71,99.1,75.54,8.11,5.838888888888889,,3.429,,,,24.0,23.327916666666667,93.12083333333334,0.7759490740740741,128.65141666666668
2012-01-17,28.57,20.92,99.3,71.79,11.11,4.438888888888889,,6.858,,,,24.0,23.719583333333333,89.72625,1.2362731481481481,209.10279166666666
2012-01-18,28.76,21.24,99.6,64.38,18.06,6.338888888888889,,32.74,,,,24.0,22.145833333333332,94.8975,0.964537037037037,107.80645833333334
2012-01-19,27.46,20.48,99.8,68.79,9.31,8.011111111111111,,59.36,,,,24.0,23.48125,85.7475,1.211261574074074,233.85054166666666
2012-01-20,29.86,18.7,100.0,57.82,20.19,4.938888888888889,,0.0,,,,24.0,25.612916666666667,84.17916666666666,1.0993171296296296,308.038125
2012-01-21,33.72,19.74,100.0,50.91,26.6,6.588888888888889,,0.0,,,,24.0,24.365,90.39291666666666,1.0372569444444444,206.745
2012-01-22,32.88,21.16,100.0,57.87,17.85,8.71111111111111,,21.11,,,,24.0,24.71291666666667,86.27458333333334,0.9207060185185184,246.18808333333334
2012-01-23,32.74,20.57,100.0,54.27,21.26,5.45,,1.143,,,,24.0,24.916666666666668,89.79458333333334,0.9029976851851852,162.38170833333334
2012-01-24,31.78,21.87,99.5,62.3,14.02,5.188888888888889,,0.457,,,,24.0,26.24625,84.63125000000001,1.0193171296296295,289.87283333333335
2012-01-25,33.84,20.87,100.0,54.26,25.03,5.519444444444445,,0.0,,,,24.0,24.24208333333333,93.65791666666667,1.1940625,88.07662499999999
2012-01-26,30.43,19.79,99.2,71.9,7.606,8.219444444444445,,46.71,,,,24.0,20.50875,93.47500000000001,1.2945833333333334,84.34216666666667
2012-01-27,22.95,18.26,99.0,80.2,7.283,5.019444444444445,,8.0,,,,24.0,19.850416666666668,91.79708333333333,1.1949884259259258,109.96483333333333
2012-01-28,24.01,17.66,98.4,67.23,9.5,6.080555555555556,,2.515,,,,24.0,21.7625,84.07000000000001,0.9992245370370371,271.7030833333333
2012-01-29,27.83,17.28,100.0,53.79,23.46,5.6611111111111105,,0.229,,,,24.0,22.654583333333335,83.13125000000001,1.2574768518518518,301.26608333333337
2012-01-30,29.18,17.04,100.0,54.04,26.02,6.419444444444444,,0.0,,,,24.0,24.05,79.99499999999999,1.391099537037037,323.43812499999996
2012-01-31,31.5,17.53,100.0,49.56,27.93,6.319444444444445,,0.0,,,,24.0,24.61708333333333,77.44291666666668,1.5350115740740742,328.34308333333337
2012-02-01,31.18,19.0,99.5,43.28,28.35,5.980555555555556,,0.0,,,,24.0,24.379583333333333,82.50666666666667,1.3148148148148147,306.66520833333334
2012-02-02,31.76,18.51,100.0,51.9,26.48,6.2,,0.0,,,,24.0,25.356666666666666,86.88375,0.8944907407407406,168.954875
2012-02-03,31.95,20.8,99.8,59.92,14.59,4.480555555555555,,0.0,,,,24.0,26.447083333333335,85.2225,1.0535416666666666,218.71983333333333
2012-02-04,32.09,22.78,99.5,61.81,18.89,5.0,,0.0,,,,24.0,27.00708333333333,85.23,1.0192708333333333,264.71125
2012-02-05,36.04,22.42,99.4,55.91,22.86,5.95,,0.229,,,,24.0,27.530416666666667,87.20208333333333,1.1299537037037037,228.47604166666667
2012-02-06,34.58,24.31,99.1,60.54,19.73,4.719444444444444,,0.0,,,,24.0,27.43375,84.07666666666667,1.0332291666666666,265.4177916666667
2012-02-07,36.19,23.34,99.5,53.51,22.92,7.388888888888889,,0.0,,,,24.0,26.193749999999998,83.09583333333333,1.4698379629629628,189.00408333333334
2012-02-08,35.0,21.61,99.2,49.11,16.32,5.95,,3.886,,,,24.0,24.805000000000003,90.99166666666667,0.9151851851851852,107.12216666666666
2012-02-09,29.01,21.81,98.9,77.3,9.25,4.1,,0.0,,,,24.0,25.77541666666667,90.56583333333333,1.174409722222222,197.76250000000002
2012-02-10,34.22,21.66,99.9,59.08,17.08,12.030555555555555,,,,,,24.0,22.18875,96.56666666666666,1.0422685185185185,55.57033333333333
2012-02-11,26.83,19.69,100.0,75.96,4.799,5.411111111111111,,35.23,,,,24.0,23.037916666666664,87.08666666666666,1.1964814814814815,212.39054166666665
2012-02-12,28.59,19.64,100.0,60.5,18.34,5.561111111111111,,0.914,,,,24.0,24.40416666666667,83.19666666666667,1.3590277777777777,283.7824583333333
2012-02-13,31.99,18.98,100.0,54.1,24.51,6.738888888888889,,0.457,,,,24.0,24.292083333333334,84.16458333333334,0.9928935185185185,246.2664166666667
2012-02-14,30.22,19.56,100.0,47.81,21.27,5.061111111111111,,0.0,,,,24.0,24.08458333333333,93.10833333333333,0.8853935185185184,98.33429166666667
2012-02-15,27.48,21.71,99.2,78.93,8.49,3.8111111111111113,,11.3,,,,24.0,24.951666666666668,89.05291666666666,0.9494212962962963,172.95545833333335
2012-02-16,31.2,21.97,100.0,64.36,14.94,4.51111111111111,,0.0,,,,24.0,25.503333333333334,84.88916666666667,1.644085648148148,242.44337499999997
2012-02-17,30.99,22.01,99.8,58.44,20.94,6.288888888888889,,0.0,,,,24.0,24.7625,85.10791666666667,1.4776851851851853,227.12187500000002
2012-02-18,30.33,20.04,100.0,58.49,19.61,6.65,,0.0,,,,24.0,25.49791666666667,85.89208333333333,1.2176041666666666,219.93008333333333
2012-02-19,31.82,21.38,100.0,56.71,18.99,6.461111111111111,,0.0,,,,24.0,27.1825,84.03125,1.1893055555555556,287.28675
2012-02-20,34.75,21.97,99.6,55.39,24.81,6.330555555555555,,0.0,,,,24.0,27.066666666666666,81.56291666666667,1.0954398148148148,256.59879166666667
2012-02-21,34.01,22.83,99.3,51.44,22.16,6.6305555555555555,,0.0,,,,24.0,25.482916666666668,85.85833333333333,1.3355902777777777,230.69275000000002
2012-02-22,33.92,21.08,99.5,53.72,19.92,10.580555555555556,,12.42,,,,24.0,24.33,88.91958333333334,1.1160300925925926,141.311
2012-02-23,32.82,21.02,99.3,57.65,12.2,10.6,,11.0,,,,24.0,25.22791666666667,87.61958333333332,1.3249652777777776,234.86925
2012-02-24,32.85,20.84,99.6,58.75,20.28,6.419444444444444,,7.925,,,,24.0,24.91916666666667,91.52791666666667,0.8230208333333332,138.82029166666666
2012-02-25,28.92,22.73,98.9,68.92,11.99,3.8499999999999996,,13.36,,,,24.0,24.275833333333335,94.4875,0.9331481481481481,118.45141666666666
2012-02-26,27.78,21.99,99.7,80.2,10.23,4.419444444444444,,8.92,,,,24.0,26.345,89.11333333333334,0.9905902777777778,160.37320833333334
2012-02-27,32.92,21.57,100.0,64.18,13.85,6.580555555555556,,14.3,,,,24.0,24.384583333333335,92.71083333333333,0.8808912037037037,93.20741666666667
2012-02-28,28.56,22.01,99.6,73.46,8.05,3.8499999999999996,,5.029,,,,24.0,24.13625,94.78625,0.8710763888888889,109.85541666666666
2012-02-29,30.44,22.06,99.7,64.88,9.49,4.038888888888889,,9.6,,,,24.0,26.542083333333334,85.52625,1.1873958333333332,277.243
2012-03-01,35.11,21.43,100.0,53.43,23.94,6.030555555555556,,9.52,,,,24.0,27.003333333333334,82.26166666666667,0.9756828703703704,233.38016666666667
2012-03-02,37.26,21.63,100.0,43.5,20.16,6.169444444444444,,0.229,,,,24.0,26.182083333333335,75.16375000000001,1.4298032407407408,247.693125
2012-03-03,33.19,22.31,95.4,47.42,21.39,5.638888888888889,,0.0,,,,24.0,23.62,89.78125,1.075914351851852,105.52966666666667
2012-03-04,27.77,21.87,98.3,67.12,9.11,4.8388888888888895,,6.858,,,,24.0,24.607083333333335,88.33416666666666,1.187650462962963,203.64475000000002
2012-03-05,29.66,20.97,99.9,63.9,17.59,5.6194444444444445,,4.343,,,,24.0,25.68625,82.075,1.5695023148148148,280.0995833333333
2012-03-06,31.7,20.82,100.0,49.99,24.19,6.449999999999999,,0.0,,,,24.0,25.332083333333333,81.29958333333333,1.3685069444444444,266.69374999999997
2012-03-07,32.25,20.0,100.0,47.87,23.03,5.480555555555555,,0.0,,,,24.0,25.27125,80.48833333333333,1.3842476851851853,284.045
2012-03-08,32.45,19.95,100.0,45.4,24.53,6.85,,0.0,,,,24.0,24.54375,78.63791666666667,1.2065625,287.9220833333333
2012-03-09,32.47,18.46,100.0,41.07,24.86,5.1499999999999995,,0.0,,,,24.0,23.405,82.91375000000001,1.1618402777777777,238.50833333333333
2012-03-10,31.12,17.93,100.0,45.45,20.6,6.05,,0.0,,,,24.0,24.060833333333335,82.45458333333333,1.2914814814814815,279.26
2012-03-11,32.05,18.21,100.0,49.86,24.11,5.811111111111112,,0.0,,,,24.0,25.56125,83.38333333333334,1.124097222222222,269.262125
2012-03-12,34.89,19.46,100.0,51.26,23.25,5.730555555555555,,0.0,,,,24.0,25.042083333333334,83.61083333333333,1.2129398148148147,277.46083333333337
2012-03-13,33.07,19.38,100.0,53.51,23.96,5.830555555555555,,0.0,,,,24.0,24.991249999999997,83.65083333333332,1.0981597222222221,266.0930416666667
2012-03-14,33.06,19.72,100.0,46.82,22.98,6.6305555555555555,,0.0,,,,24.0,25.168333333333333,86.23875,1.3104282407407408,232.21166666666667
2012-03-15,34.03,20.44,100.0,55.54,20.06,10.580555555555556,,7.696,,,,24.0,21.474999999999998,94.38333333333333,1.1516435185185185,37.713874999999994
2012-03-16,24.27,18.15,99.2,81.3,3.257,5.838888888888889,,3.658,,,,24.0,21.465,85.78500000000001,0.9322453703703704,123.41245833333335
2012-03-17,26.96,17.75,98.2,58.14,10.66,4.080555555555556,,0.0,,,,24.0,22.605,84.8125,1.0221527777777777,149.23320833333332
2012-03-18,27.2,18.05,99.6,55.9,12.89,4.330555555555556,,0.457,,,,24.0,21.948333333333334,90.35583333333334,1.0859375,129.353625
2012-03-19,26.83,19.02,98.5,69.11,11.17,4.6305555555555555,,1.3719999999999999,,,,24.0,22.63875,81.57000000000001,1.635949074074074,216.8757916666667
2012-03-20,28.91,17.73,99.5,47.16,18.73,7.6499999999999995,,0.686,,,,24.0,21.995,82.53541666666666,1.1436226851851852,262.87399999999997
2012-03-21,30.22,15.74,100.0,45.59,22.7,5.830555555555555,,0.0,,,,24.0,23.8625,83.21,1.325752314814815,242.09737500000003
2012-03-22,33.12,17.4,100.0,51.72,20.91,9.4,,1.6,,,,24.0,21.87708333333333,95.02916666666665,0.9078240740740741,48.840291666666666
2012-03-23,23.91,19.89,99.0,86.1,4.217,3.3694444444444445,,3.429,,,,24.0,23.04375,87.7,1.0651851851851852,162.10291666666666
2012-03-24,28.62,19.42,99.5,62.15,14.0,5.05,,0.229,,,,24.0,22.930000000000003,86.94541666666667,0.9921990740740741,126.25633333333333
2012-03-25,27.53,20.1,99.3,65.77,10.9,5.030555555555555,,0.0,,,,24.0,21.489166666666666,85.00125,0.7220138888888888,83.03016666666667
2012-03-26,25.58,18.67,96.0,65.5,7.17,2.711111111111111,,0.0,,,,24.0,24.271666666666665,85.1075,1.3369444444444445,185.21433333333334
2012-03-27,30.0,19.02,99.7,60.39,15.99,5.180555555555555,,0.0,,,,24.0,22.39625,89.01708333333333,1.146261574074074,76.15370833333333
2012-03-28,27.44,18.63,99.1,62.69,6.577,8.219444444444445,,10.29,,,,24.0,19.019166666666667,60.15958333333333,2.009421296296296,271.19262499999996
2012-03-29,26.19,11.96,99.5,24.36,23.42,12.549999999999999,,0.229,,,,24.0,17.430416666666666,83.20375,1.1790625,204.89829166666667
2012-03-30,26.04,9.7,100.0,49.13,17.69,6.949999999999999,,0.0,,,,24.0,20.98125,83.70958333333333,0.8974884259259258,172.77608333333333
2012-03-31,28.91,14.83,100.0,49.04,14.92,4.738888888888888,,0.0,,,,24.0,20.93166666666667,93.76666666666667,0.9498379629629629,110.42175000000002
2012-04-01,24.9,17.61,100.0,75.03,9.54,6.361111111111111,,15.57,,,,24.0,21.594166666666666,88.85916666666667,1.1488078703703704,178.49883333333332
2012-04-02,27.1,18.43,100.0,64.49,15.41,5.830555555555555,,2.972,,,,24.0,21.677083333333332,87.41125,1.0124074074074074,186.07275
2012-04-03,29.59,16.77,100.0,53.6,16.07,5.0,,0.0,,,,24.0,22.440833333333334,85.13541666666667,0.9505439814814814,208.733875
2012-04-04,30.83,17.62,100.0,47.65,18.03,4.961111111111111,,0.0,,,,24.0,22.69125,86.82625,0.8678935185185185,219.68545833333334
2012-04-05,30.96,17.3,100.0,53.19,18.97,6.038888888888888,,0.0,,,,24.0,23.424166666666665,82.26666666666667,1.3808796296296295,204.69262500000002
2012-04-06,31.88,18.95,100.0,56.28,17.68,17.65,,13.16,,,,24.0,22.42125,80.05083333333333,1.0291898148148149,222.47716666666668
2012-04-07,29.56,15.94,99.3,52.45,19.21,5.388888888888888,,0.0,,,,24.0,22.85375,89.54625,1.218900462962963,115.59541666666667
2012-04-08,28.4,20.0,99.1,63.44,9.98,4.861111111111111,,1.8290000000000002,,,,24.0,22.285833333333333,96.57916666666667,0.9173726851851852,52.309
2012-04-09,27.59,19.32,99.8,76.96,4.517,4.0,,5.486,,,,24.0,20.770833333333332,96.15416666666665,0.8182523148148149,34.729875
2012-04-10,23.29,18.1,100.0,86.3,2.999,3.3388888888888886,,0.457,,,,24.0,22.668333333333333,94.84833333333334,1.002175925925926,90.0965
2012-04-11,28.07,20.34,100.0,74.52,7.781,7.388888888888889,,12.04,,,,24.0,23.957916666666666,93.11833333333334,0.9520949074074073,134.70183333333333
2012-04-12,28.88,21.71,100.0,70.24,11.63,6.169444444444444,,7.798,,,,24.0,24.7675,87.35791666666667,0.7749305555555556,186.135625
2012-04-13,31.35,20.11,100.0,60.76,16.07,3.75,,0.229,,,,24.0,23.9075,91.38375,0.9772685185185185,76.80533333333334
2012-04-14,27.62,22.0,99.2,70.33,6.633,4.0,,11.1,,,,24.0,23.421666666666667,95.76625,0.7930671296296296,64.43754166666666
2012-04-15,27.58,20.7,100.0,78.79,5.565,7.3388888888888895,,10.79,,,,24.0,22.706666666666667,88.24000000000001,1.3081481481481483,116.231375
2012-04-16,28.76,19.12,100.0,62.78,10.04,6.430555555555555,,0.457,,,,24.0,21.37375,86.17916666666667,0.9107291666666666,155.25166666666667
2012-04-17,26.08,17.84,99.9,52.28,13.41,5.419444444444445,,0.0,,,,24.0,21.07166666666667,88.52125000000001,0.8265856481481482,146.52645833333335
2012-04-18,27.16,16.85,100.0,59.8,12.65,4.780555555555556,,0.0,,,,24.0,21.504583333333333,86.84083333333332,1.044872685185185,190.61320833333332
2012-04-19,23.56,18.48,99.8,78.74,0.03,4.219444444444444,79.0,0.0,18.43,18.48,18.48,24.0,21.209166666666665,88.01875,0.9171412037037037,162.16883333333334
2012-04-20,28.43,16.67,100.0,52.93,14.0,5.088888888888889,0.0,0.0,19.61,19.69,19.69,24.0,22.382916666666663,90.14,0.741736111111111,97.992375
2012-04-21,27.0,19.47,100.0,68.16,8.46,4.0,,0.0,21.25,21.54,21.54,24.0,21.58458333333333,93.53666666666668,0.9029513888888889,77.066125
2012-04-22,26.38,19.4,99.6,69.02,6.655,4.038888888888889,122.0,2.515,19.25,19.4,19.4,24.0,19.895833333333332,87.03791666666666,1.0575694444444446,137.10458333333332
2012-04-23,24.52,15.81,100.0,62.45,11.84,5.988888888888888,81.0,0.0,17.45,18.05,18.05,24.0,20.728333333333335,86.82708333333333,1.0811921296296296,158.44104166666668
2012-04-24,26.15,17.15,98.2,64.72,13.68,4.919444444444444,75.0,0.686,18.36,19.37,19.37,24.0,18.857083333333332,88.14833333333333,0.9927083333333333,33.881375
2012-04-25,20.39,17.45,95.7,73.52,2.926,3.4194444444444443,77.0,0.229,16.77,17.45,17.45,24.0,17.74,98.10416666666667,0.7407407407407408,33.17129166666667
2012-04-26,19.47,16.67,100.0,90.9,2.865,3.819444444444444,281.0,12.34,17.58,17.63,17.63,24.0,17.717499999999998,98.91666666666667,1.1314583333333332,17.85425
2012-04-27,18.62,16.69,100.0,95.3,1.542,5.080555555555555,215.0,113.4,16.73,16.73,16.73,24.0,19.628333333333334,87.05833333333334,1.1384837962962961,161.27054166666667
2012-04-28,26.56,14.96,100.0,55.08,13.93,5.069444444444445,83.0,0.229,17.06,17.61,17.61,24.0,16.84875,95.95416666666667,1.2276388888888887,26.233500000000003
2012-04-29,18.56,15.68,100.0,82.6,2.265,6.96111111111111,59.0,34.37,16.67,16.82,16.82,24.0,18.809583333333332,80.7925,1.2780902777777778,129.804125
2012-04-30,24.72,14.92,100.0,51.44,11.21,5.5888888888888895,232.0,0.229,11.68,16.3,16.3,24.0,16.1375,67.08,1.9675,190.70383333333334
2012-05-01,21.07,11.21,96.2,39.42,16.47,8.969444444444443,250.0,0.0,6.631,14.89,14.89,24.0,16.367083333333333,64.73916666666666,1.743287037037037,193.13924999999998
2012-05-02,22.81,9.69,96.0,36.6,16.68,9.530555555555557,268.0,0.0,14.03,14.68,14.68,24.0,16.73875,84.24916666666667,0.7941435185185185,157.19358333333335
2012-05-03,24.01,10.46,100.0,54.72,13.57,4.25,74.0,0.0,13.29,13.35,13.35,24.0,18.3525,93.99583333333334,0.6563310185185185,78.4595
2012-05-04,24.14,12.72,100.0,74.63,6.776,2.719444444444444,291.0,0.914,17.98,18.22,18.22,24.0,20.27541666666667,92.17375,0.8515162037037037,72.26791666666666
2012-05-05,24.22,17.64,100.0,69.74,6.241,5.438888888888888,68.0,2.057,17.61,17.71,17.71,24.0,19.7725,94.50416666666666,0.8405671296296297,84.04733333333333
2012-05-06,26.11,16.58,100.0,66.31,7.258,3.9194444444444443,305.0,6.858,16.63,16.63,16.63,24.0,19.4025,91.40041666666667,0.795324074074074,118.56558333333334
2012-05-07,25.32,15.94,100.0,66.93,10.24,4.430555555555555,93.0,0.0,17.73,17.73,17.73,24.0,19.44,92.74416666666667,0.6994444444444444,99.1635
2012-05-08,24.9,15.46,100.0,65.22,8.56,3.138888888888889,288.0,0.0,18.11,18.11,18.11,24.0,20.142916666666668,92.445,0.818136574074074,97.098125
2012-05-09,25.92,16.34,100.0,68.95,8.39,5.569444444444445,8.0,0.0,16.34,16.34,16.34,24.0,19.475833333333334,89.12958333333334,0.8800925925925925,157.48729166666666
2012-05-10,26.78,15.48,100.0,54.03,13.6,4.419444444444444,83.0,0.229,17.23,17.23,17.23,24.0,20.74416666666667,88.73458333333333,0.7660879629629629,157.89220833333334
2012-05-11,28.07,16.42,100.0,57.08,13.64,4.669444444444444,76.0,0.0,16.42,16.42,16.42,24.0,19.4875,90.14916666666666,1.026111111111111,84.67399999999999
2012-05-12,27.0,14.51,100.0,61.3,7.313,8.03888888888889,266.0,0.686,16.58,16.76,16.76,24.0,20.3625,84.15083333333334,1.236712962962963,154.44695833333333
2012-05-13,28.6,14.93,100.0,47.08,13.34,7.6611111111111105,233.0,0.0,17.54,18.49,18.49,24.0,17.700833333333332,91.42125,0.855,33.60333333333333
2012-05-14,19.51,16.25,99.7,75.93,2.902,3.8305555555555553,37.0,0.0,15.61,16.25,16.25,24.0,16.51875,86.62291666666665,0.9889930555555555,37.85670833333334
2012-05-15,19.04,15.02,95.9,67.66,3.27,4.080555555555556,271.0,0.0,14.66,15.53,15.53,24.0,17.470833333333335,84.87458333333333,0.772048611111111,104.19033333333334
2012-05-16,21.52,12.48,98.9,58.8,9.0,4.188888888888889,80.0,1.143,15.89,16.54,16.54,24.0,17.60125,93.48708333333333,0.9165625,70.92754166666667
2012-05-17,21.13,15.8,99.0,76.29,6.125,4.988888888888889,69.0,5.029,15.63,16.85,16.85,24.0,18.020833333333332,90.3325,0.779537037037037,97.50295833333332
2012-05-18,23.05,14.37,99.5,67.09,8.42,4.761111111111111,111.0,1.8290000000000002,15.85,16.14,16.14,24.0,17.899166666666666,93.00833333333333,0.7380092592592593,96.02045833333334
2012-05-19,23.47,13.59,100.0,66.45,8.29,3.488888888888889,132.0,2.286,13.93,13.93,13.93,24.0,16.7375,94.79416666666667,0.6595601851851852,79.47925
2012-05-20,21.77,11.95,100.0,75.45,6.864,3.238888888888889,72.0,2.083,17.36,17.39,17.39,24.0,18.638749999999998,95.19166666666666,0.8416666666666667,85.765875
2012-05-21,23.24,15.94,100.0,77.27,7.406,4.3,83.0,4.343,17.26,17.26,17.26,24.0,18.83625,94.63791666666667,0.8414004629629629,96.53945833333334
2012-05-22,24.34,15.18,100.0,74.31,8.34,4.3694444444444445,85.0,4.115,17.97,17.97,17.97,24.0,19.19333333333333,92.17375,0.7595833333333334,116.70270833333332
2012-05-23,24.72,15.54,100.0,64.59,10.08,4.388888888888889,99.0,1.3719999999999999,15.58,15.58,15.58,24.0,18.149583333333332,91.67083333333333,0.7258680555555556,118.78075000000001
2012-05-24,24.55,13.95,100.0,67.3,10.26,4.011111111111111,54.0,0.0,17.52,17.52,17.52,24.0,18.84375,96.97500000000001,0.558125,47.442125000000004
2012-05-25,22.52,16.42,100.0,83.3,4.097,4.0,,16.23,18.74,18.74,18.74,24.0,19.148333333333333,91.56916666666666,1.4400810185185184,95.74966666666666
2012-05-26,22.94,15.93,100.0,70.25,8.27,7.46111111111111,275.0,29.95,16.2,16.25,16.25,24.0,19.624166666666667,87.10125,0.7824537037037037,158.46016666666665
2012-05-27,26.92,14.29,100.0,55.38,13.68,3.411111111111111,276.0,0.0,15.98,15.98,15.98,24.0,18.622083333333332,91.29124999999999,0.7480439814814814,120.04429166666667
2012-05-28,25.54,14.19,100.0,63.31,10.37,4.0,,0.0,18.15,18.15,18.15,24.0,20.9325,91.11708333333333,0.7241550925925925,139.63204166666665
2012-05-29,29.14,15.87,100.0,61.21,12.06,2.911111111111111,55.0,0.0,18.96,18.96,18.96,24.0,22.760416666666668,87.30041666666666,0.668148148148148,149.51754166666666
2012-05-30,32.98,16.4,100.0,49.03,12.91,2.5194444444444444,75.0,0.0,18.78,18.78,18.78,24.0,21.919583333333332,88.425,0.9735185185185186,90.68895833333333
2012-05-31,29.98,16.79,100.0,53.05,7.832,8.311111111111112,216.0,0.457,17.99,19.11,19.11,24.0,16.9325,96.03333333333335,1.4255671296296297,22.844791666666666
2012-06-01,19.12,15.4,99.4,83.4,1.9729999999999999,4.3805555555555555,275.0,5.029,15.3,15.45,15.45,24.0,16.116666666666667,96.28333333333335,0.8254282407407407,36.148500000000006
2012-06-02,18.12,15.32,99.4,81.3,3.122,3.75,324.0,1.8290000000000002,15.34,15.58,15.58,24.0,18.234583333333333,90.42166666666667,0.8115393518518519,115.638125
2012-06-03,24.08,15.34,100.0,68.32,9.99,3.3000000000000003,35.0,0.0,15.98,15.98,15.98,24.0,20.402083333333334,90.87458333333332,1.3255787037037037,43.757666666666665
2012-06-04,26.06,15.44,100.0,64.0,3.779,7.819444444444444,196.0,0.686,18.86,18.91,18.91,24.0,15.878333333333332,99.24166666666667,1.0887268518518518,7.341
2012-06-05,19.01,14.25,100.0,90.8,0.634,6.319444444444445,207.0,116.7,14.29,14.32,14.32,24.0,13.563333333333333,98.97083333333335,0.964537037037037,24.505625
2012-06-06,14.39,12.8,100.0,95.4,2.116,3.6694444444444447,308.0,8.92,13.05,13.3,13.3,24.0,14.119166666666667,96.175,1.1120138888888889,27.698708333333332
2012-06-07,15.86,12.52,100.0,85.4,2.392,4.019444444444445,288.0,0.0,14.13,14.64,14.64,24.0,13.364166666666668,81.40375,1.1198726851851852,121.00391666666667
2012-06-08,17.1,8.13,99.2,51.62,10.45,4.930555555555555,215.0,0.229,8.31,11.37,11.37,24.0,12.394166666666665,83.56666666666668,0.7205902777777777,66.96170833333333
2012-06-09,16.41,9.74,96.1,63.81,5.782,2.5611111111111113,192.0,0.0,12.15,12.74,12.74,24.0,12.902083333333332,90.87833333333333,0.7644675925925926,46.511541666666666
2012-06-10,15.44,11.61,99.7,68.62,4.017,2.588888888888889,12.0,0.457,12.12,12.63,12.63,24.0,14.27375,96.46666666666665,0.765173611111111,34.051125
2012-06-11,17.21,12.12,100.0,84.7,2.94,4.0,,17.37,14.69,14.69,14.69,24.0,17.41375,93.83958333333334,1.1332523148148148,98.88029166666666
2012-06-12,24.05,14.34,100.0,74.23,8.54,5.469444444444445,12.0,14.86,17.01,17.31,17.31,24.0,18.28625,95.6125,0.5627430555555556,40.710375
2012-06-13,20.78,16.93,100.0,84.1,3.515,2.5611111111111113,86.0,0.0,17.95,17.95,17.95,24.0,19.782500000000002,89.67833333333334,0.7297453703703703,105.303375
2012-06-14,24.93,17.63,100.0,60.74,9.09,3.3888888888888884,74.0,0.0,18.11,18.39,18.39,24.0,18.772083333333335,89.72958333333334,0.7001157407407407,140.43745833333332
2012-06-15,25.85,14.08,100.0,59.14,12.13,4.230555555555555,263.0,0.0,16.07,16.07,16.07,24.0,16.885416666666668,94.46833333333332,0.8064699074074073,108.14437500000001
2012-06-16,23.58,13.1,100.0,68.24,9.34,3.7,71.0,0.0,13.46,13.46,13.46,24.0,17.771666666666665,91.76958333333333,0.7913888888888888,119.29754166666667
2012-06-17,26.61,12.8,100.0,57.99,10.3,3.661111111111111,296.0,0.0,16.54,16.8,16.8,24.0,18.228333333333335,95.64166666666667,0.8659143518518518,35.321374999999996
2012-06-18,20.48,16.8,99.8,87.3,3.05,3.3305555555555557,91.0,10.31,18.0,18.02,18.02,24.0,17.965416666666666,99.07083333333333,0.8823148148148148,22.407416666666666
2012-06-19,19.2,16.89,100.0,94.8,1.935,5.0,42.0,16.46,16.99,16.99,16.99,24.0,16.986250000000002,99.13333333333333,0.6460069444444444,22.095583333333334
2012-06-20,19.36,13.81,100.0,92.5,1.908,3.3805555555555555,129.0,18.29,16.27,16.29,16.29,24.0,15.85875,98.78333333333335,0.8942361111111111,23.725583333333333
2012-06-21,16.74,15.02,100.0,94.1,2.049,3.2805555555555554,262.0,12.12,15.03,15.1,15.1,24.0,16.285416666666666,96.33333333333333,0.6744791666666666,45.035666666666664
2012-06-22,19.54,14.93,100.0,80.9,3.8890000000000002,2.988888888888889,264.0,1.8290000000000002,16.34,16.34,16.34,24.0,17.658333333333335,84.585,1.4358564814814814,107.258625
2012-06-23,22.13,12.12,100.0,55.87,9.26,7.719444444444444,214.0,5.258,11.74,12.12,12.12,24.0,13.365,97.08333333333333,0.7636689814814814,34.197583333333334
2012-06-24,17.79,8.88,100.0,82.7,2.9530000000000003,3.611111111111111,268.0,0.0,14.02,14.1,14.1,24.0,15.322083333333333,93.43124999999999,0.6527083333333333,104.38691666666666
2012-06-25,22.81,10.85,100.0,66.54,9.01,3.238888888888889,16.0,0.0,12.52,12.52,12.52,24.0,15.948749999999999,89.70708333333333,1.010949074074074,131.46408333333332
2012-06-26,23.45,10.93,100.0,56.89,11.35,5.719444444444444,81.0,0.0,14.46,14.53,14.53,24.0,17.125,92.3,0.5545138888888889,79.45775
2012-06-27,21.81,14.01,100.0,72.66,6.861,2.7,75.0,0.0,15.1,15.1,15.1,24.0,17.51125,92.83333333333333,0.6607523148148148,97.78420833333332
2012-06-28,23.19,13.06,100.0,66.55,8.44,3.4194444444444443,73.0,0.0,17.39,17.72,17.72,24.0,18.999166666666667,91.38625,0.6369097222222222,132.53425000000001
2012-06-29,24.93,15.2,100.0,66.66,11.45,4.0,,0.0,15.92,15.92,15.92,24.0,18.32125,93.84291666666667,0.6448379629629629,108.99629166666666
2012-06-30,27.3,15.21,100.0,56.61,9.41,2.7694444444444444,51.0,0.229,15.21,15.21,15.21,24.0,19.511666666666667,88.46166666666666,0.7433912037037037,141.59529166666667
2012-07-01,29.82,13.37,100.0,47.87,12.23,2.85,329.0,0.0,15.94,15.94,15.94,24.0,19.774583333333332,87.76375,0.6856249999999999,140.42616666666666
2012-07-02,29.61,13.18,100.0,50.73,12.13,3.9305555555555554,39.0,0.0,15.92,15.92,15.92,24.0,18.867083333333333,88.08458333333334,0.6176157407407407,145.35508333333334
2012-07-03,29.76,13.07,100.0,46.22,12.55,2.13,10.0,0.0,13.87,13.87,13.87,24.0,18.705416666666668,88.60791666666667,0.5628703703703704,138.19304166666666
2012-07-04,29.73,11.55,100.0,51.88,11.93,2.8694444444444445,36.0,0.0,15.22,15.22,15.22,24.0,18.96,89.60000000000001,0.6219791666666666,136.84120833333333
2012-07-05,28.95,13.53,100.0,54.64,11.82,3.411111111111111,80.0,0.0,16.17,16.17,16.17,24.0,20.803333333333335,85.6825,0.7901504629629629,126.86779166666666
2012-07-06,30.97,15.9,100.0,38.04,10.96,5.030555555555555,164.0,0.0,17.27,18.71,18.71,24.0,20.05,87.90166666666666,1.3246643518518517,78.087625
2012-07-07,24.27,17.54,99.1,59.44,6.744,11.35,300.0,5.029,16.02,21.38,21.38,24.0,15.485,92.23291666666667,1.2692592592592593,20.229041666666667
2012-07-08,22.53,12.5,99.2,66.06,1.7469999999999999,4.288888888888889,231.0,11.66,12.39,12.56,12.56,24.0,14.549583333333333,83.63041666666666,1.165127314814815,144.96725
2012-07-09,19.08,11.12,99.4,54.86,12.52,4.8388888888888895,20.0,0.0,11.78,12.53,12.53,24.0,15.025416666666667,90.80708333333332,1.0977893518518518,122.75920833333333
2012-07-10,20.41,10.91,100.0,67.75,10.6,6.25,63.0,0.0,12.32,12.32,12.32,24.0,16.663333333333334,91.16416666666667,0.7797453703703704,111.67258333333335
2012-07-11,23.12,12.26,100.0,64.97,9.64,4.261111111111111,68.0,0.0,15.86,15.86,15.86,24.0,14.944583333333334,98.59583333333335,1.2311921296296295,8.435
2012-07-12,16.89,13.03,100.0,95.1,0.728,5.211111111111111,45.0,6.172,13.15,13.23,13.23,24.0,14.297083333333333,95.84041666666667,0.7754629629629629,75.45608333333332
2012-07-13,20.07,9.34,100.0,76.1,6.516,5.1499999999999995,50.0,15.32,9.46,9.74,6.61,24.0,11.938708333333333,79.60958333333333,1.143275462962963,156.63625
2012-07-14,21.28,5.28,100.0,36.94,13.53,6.7,278.0,0.0,7.68,7.692,4.568,24.0,12.596541666666667,84.02,0.8201273148148148,149.44924999999998
2012-07-15,22.79,4.37,100.0,36.36,12.91,4.9111111111111105,313.0,0.0,12.27,12.64,12.64,24.0,13.292083333333332,88.76583333333333,0.8072685185185184,44.11054166666667
2012-07-16,15.71,11.43,99.3,72.18,3.809,3.7194444444444446,83.0,0.0,8.83,11.46,11.46,24.0,11.574166666666665,90.72291666666666,0.8839351851851851,41.89275
2012-07-17,15.39,8.36,99.7,62.05,3.618,3.5805555555555557,215.0,6.172,11.92,11.96,11.96,24.0,13.104166666666666,98.58333333333333,0.9047222222222221,20.381
2012-07-18,14.76,11.94,99.9,94.1,1.76,3.911111111111111,308.0,46.18,12.55,12.6,12.6,24.0,14.738750000000001,86.14958333333334,1.2095138888888888,95.43016666666666
2012-07-19,20.32,11.11,99.8,54.79,8.24,5.261111111111111,220.0,8.69,13.14,13.17,13.17,24.0,13.66625,88.11375,0.817951388888889,163.167875
2012-07-20,21.29,8.53,100.0,52.91,14.09,5.461111111111111,78.0,0.0,9.01,9.01,8.51,24.0,13.021958333333332,90.66541666666667,0.7568634259259258,152.08704166666666
2012-07-21,23.23,6.966,100.0,53.8,13.13,2.930555555555556,72.0,0.0,10.27,10.27,10.27,24.0,15.965416666666668,83.38833333333334,0.8955671296296296,153.13470833333335
2012-07-22,26.82,8.45,100.0,43.86,13.22,6.361111111111111,339.0,0.229,11.67,11.67,11.67,24.0,16.024583333333332,86.78750000000001,0.7807291666666667,115.332125
2012-07-23,26.62,9.71,100.0,50.8,9.96,4.8694444444444445,160.0,0.0,12.91,13.25,13.25,24.0,16.59,90.57833333333333,0.6155902777777778,85.30725
2012-07-24,22.15,12.14,99.1,68.52,7.367,2.75,149.0,0.0,16.68,16.99,16.99,24.0,18.843333333333334,93.19833333333334,0.7286689814814814,101.14445833333333
2012-07-25,25.34,15.96,100.0,70.46,8.73,3.9305555555555554,185.0,0.0,16.97,17.25,17.25,24.0,14.467916666666667,99.25,1.341759259259259,10.289958333333333
2012-07-26,18.11,12.35,100.0,97.5,0.889,5.561111111111111,75.0,21.49,12.62,12.63,12.63,24.0,15.933333333333332,93.66958333333334,0.7823379629629629,99.23075
2012-07-27,21.37,12.51,100.0,72.92,8.57,8.799999999999999,223.0,22.33,15.12,15.4,15.4,24.0,13.433333333333332,97.80833333333334,1.258287037037037,17.456041666666668
2012-07-28,15.47,12.04,99.9,91.4,1.504,5.219444444444444,80.0,26.75,12.27,12.54,12.54,24.0,14.621250000000002,92.87916666666666,0.6675578703703704,81.03008333333334
2012-07-29,18.21,12.2,100.0,76.07,6.997,2.888888888888889,81.0,0.914,14.57,14.57,14.57,24.0,16.64875,94.47041666666667,0.8382175925925925,48.7785
2012-07-30,21.24,14.17,100.0,73.18,4.212,5.1,220.0,7.315,13.96,14.17,14.17,24.0,13.011666666666665,97.75833333333333,1.2882407407407406,15.843416666666668
2012-07-31,14.23,11.9,100.0,88.6,1.3679999999999999,5.569444444444445,350.0,23.55,13.11,13.11,13.11,24.0,14.694583333333334,99.67916666666667,0.7673148148148149,26.961291666666668
2012-08-01,16.3,13.09,100.0,98.0,2.328,3.730555555555555,270.0,12.34,15.57,15.57,15.57,24.0,18.043333333333333,95.35333333333334,0.6822569444444445,70.782625
2012-08-02,22.07,15.56,100.0,79.39,6.113,2.338888888888889,56.0,7.315,17.75,17.87,17.87,24.0,18.7075,94.34583333333335,0.6109143518518518,91.41183333333333
2012-08-03,23.01,16.88,100.0,75.24,7.894,3.3611111111111107,9.0,0.0,17.62,17.62,17.62,24.0,19.292083333333334,93.105,0.7143865740740741,127.87558333333334
2012-08-04,26.79,16.37,100.0,64.55,11.04,2.6305555555555555,54.0,0.0,16.87,16.87,16.87,24.0,20.909583333333334,87.19166666666666,0.7317361111111111,161.01529166666666
2012-08-05,31.74,15.14,100.0,45.9,13.91,3.011111111111111,310.0,0.0,17.79,17.79,17.79,24.0,18.365416666666665,92.82083333333333,1.5771643518518517,26.779208333333333
2012-08-06,20.52,15.8,100.0,83.5,2.313,4.530555555555555,82.0,0.0,14.64,15.8,15.8,24.0,15.70875,93.26666666666667,1.0195486111111112,40.4665
2012-08-07,18.38,13.04,100.0,81.9,3.4939999999999998,3.9888888888888885,91.0,0.0,13.86,13.87,13.87,24.0,14.920416666666666,87.93,0.9574305555555555,167.51954166666667
2012-08-08,21.94,11.1,100.0,45.29,14.47,5.569444444444445,89.0,0.0,12.98,12.98,12.98,24.0,15.598333333333334,90.65041666666667,0.9125694444444444,131.34312500000001
2012-08-09,22.65,9.74,100.0,64.71,11.34,4.569444444444444,52.0,0.0,16.26,16.68,16.68,24.0,18.72041666666667,88.22291666666666,0.8406250000000001,140.78979166666667
2012-08-10,24.48,14.4,100.0,62.64,12.16,4.45,77.0,0.0,15.79,15.79,15.79,24.0,18.34875,92.38166666666666,0.6462615740740741,79.71145833333334
2012-08-11,23.53,15.72,100.0,71.59,6.884,2.7805555555555554,75.0,0.0,16.92,17.25,17.25,24.0,18.826249999999998,88.75166666666667,0.7701388888888889,106.952875
2012-08-12,24.72,16.5,99.0,62.88,9.24,4.35,68.0,0.0,16.17,16.85,16.85,24.0,19.455833333333334,88.17750000000001,0.8832986111111111,158.405
2012-08-13,26.5,16.08,100.0,57.88,13.68,3.611111111111111,48.0,0.0,16.39,16.39,16.39,24.0,17.739166666666666,89.46791666666667,1.3178587962962962,106.64795833333334
2012-08-14,24.58,12.59,100.0,61.6,9.21,5.388888888888888,357.0,0.0,12.61,12.68,12.68,24.0,18.09958333333333,88.78458333333333,0.932025462962963,124.85920833333334
2012-08-15,24.33,12.6,99.9,62.84,10.78,4.6194444444444445,75.0,0.0,16.94,17.29,17.29,24.0,19.72791666666667,91.03916666666667,1.3869907407407407,92.63091666666666
2012-08-16,24.51,17.18,98.9,70.52,7.999,6.061111111111111,77.0,0.0,18.72,19.44,19.44,24.0,20.465,90.35000000000001,0.9534375,118.82816666666668
2012-08-17,26.86,17.13,100.0,64.52,10.26,5.8,83.0,0.0,18.83,19.36,19.36,24.0,20.3125,92.74583333333334,1.0157175925925925,64.77979166666667
2012-08-18,23.4,18.29,99.1,79.11,5.595,4.988888888888889,81.0,0.0,18.27,18.45,18.45,24.0,20.867916666666666,88.85291666666666,2.2507060185185184,109.50325
2012-08-19,25.29,18.46,98.8,68.67,9.46,7.188888888888888,84.0,0.0,18.54,19.13,19.13,24.0,20.17625,90.99666666666667,1.0878819444444445,86.359
2012-08-20,24.13,17.39,100.0,69.2,7.458,4.888888888888889,74.0,0.229,18.5,18.9,18.9,24.0,20.270416666666666,88.17708333333333,1.1719907407407406,126.14825
2012-08-21,24.93,16.85,100.0,63.16,10.89,4.738888888888888,63.0,0.0,18.51,18.94,18.94,24.0,20.777083333333334,89.14333333333333,0.721712962962963,151.22879166666667
2012-08-22,27.51,17.99,99.9,63.67,13.06,4.211111111111111,90.0,0.0,18.25,18.42,18.42,24.0,20.006249999999998,91.53791666666666,0.8092476851851851,101.61766666666666
2012-08-23,25.66,17.6,100.0,67.58,8.78,4.069444444444445,135.0,0.0,17.66,18.16,18.16,24.0,20.116666666666667,85.54208333333334,1.4806944444444445,171.57316666666668
2012-08-24,25.87,16.06,100.0,52.58,14.82,6.738888888888889,38.0,0.0,16.06,16.12,16.12,24.0,19.878333333333334,88.98,0.7972916666666667,156.03683333333333
2012-08-25,27.86,14.92,100.0,57.47,13.48,3.8499999999999996,209.0,0.0,18.81,19.42,19.42,24.0,20.29625,85.105,1.5827314814814815,152.465875
2012-08-26,27.98,16.22,99.6,57.38,13.17,7.069444444444444,87.0,0.0,13.46,16.22,16.22,24.0,15.591666666666667,87.29124999999999,1.0625,39.94016666666666
2012-08-27,16.98,14.09,96.8,79.14,3.45,4.030555555555555,107.0,0.0,14.37,15.06,15.06,24.0,15.687916666666666,94.20416666666667,0.9318402777777778,41.82725
2012-08-28,17.4,14.92,97.7,82.0,3.612,3.7888888888888888,299.0,0.229,15.13,15.54,15.54,24.0,15.424166666666666,97.79166666666667,0.812337962962963,30.385875
2012-08-29,16.88,14.36,99.8,91.4,2.624,3.0805555555555553,278.0,10.06,14.76,14.79,14.79,24.0,17.11,90.3175,0.8736805555555556,125.59833333333334
2012-08-30,22.62,14.43,100.0,68.77,10.85,2.838888888888889,84.0,0.914,15.86,16.52,16.52,24.0,17.400833333333335,88.65833333333335,0.9458796296296296,100.49083333333334
2012-08-31,23.01,13.78,99.8,62.27,8.68,4.580555555555555,80.0,0.686,13.93,13.96,13.96,24.0,17.237083333333334,85.29041666666667,1.0031597222222222,233.58245833333334
2012-09-01,25.66,11.45,100.0,53.53,20.17,4.769444444444445,66.0,0.0,14.67,14.67,14.67,24.0,18.10125,88.35833333333333,0.9928819444444444,194.94112499999997
2012-09-02,26.86,12.79,100.0,57.08,16.83,5.230555555555555,72.0,0.0,17.42,17.85,17.85,24.0,20.615416666666665,85.32416666666667,0.9029976851851852,206.0685
2012-09-03,27.92,16.81,99.8,53.91,17.8,4.138888888888889,81.0,0.0,16.79,16.89,16.89,24.0,17.922083333333333,90.19666666666666,1.466400462962963,62.020999999999994
2012-09-04,23.34,15.18,100.0,64.18,5.356,6.111111111111111,82.0,1.143,14.88,15.21,15.21,24.0,16.180416666666666,92.35583333333334,1.1661574074074073,73.67516666666667
2012-09-05,19.85,14.51,98.7,70.34,6.3629999999999995,7.569444444444445,91.0,0.229,15.06,15.76,15.76,24.0,18.4525,84.52125,1.140775462962963,222.52791666666667
2012-09-06,26.58,12.8,100.0,53.61,19.22,5.461111111111111,86.0,0.0,14.6,14.62,14.62,24.0,17.0325,93.18166666666667,0.8032175925925925,103.458375
2012-09-07,23.69,13.06,100.0,67.78,8.93,3.1694444444444443,349.0,0.229,16.77,16.8,16.8,24.0,19.849999999999998,89.12875000000001,0.771875,87.08670833333333
2012-09-08,24.58,16.8,99.8,67.0,7.52,4.019444444444445,82.0,0.0,18.39,18.97,18.97,24.0,21.200416666666666,89.05958333333332,0.729375,148.50783333333334
2012-09-09,28.04,16.76,100.0,63.83,12.82,3.6888888888888887,64.0,0.0,19.43,19.61,19.61,24.0,19.73125,92.74583333333334,1.4052893518518517,27.928749999999997
2012-09-10,20.76,18.27,99.5,81.1,2.411,5.288888888888889,88.0,0.0,17.87,18.29,18.29,24.0,18.989166666666666,97.1125,1.0518287037037037,38.69829166666667
2012-09-11,21.1,17.74,99.8,87.9,3.342,5.511111111111111,230.0,14.17,18.6,18.63,18.63,24.0,21.37125,85.56,1.428275462962963,201.04054166666666
2012-09-12,27.62,17.59,100.0,54.91,17.36,5.688888888888889,265.0,0.0,17.92,19.25,19.25,24.0,20.544166666666666,86.01416666666667,1.336423611111111,127.75145833333333
2012-09-13,25.24,17.41,99.5,65.21,11.03,7.361111111111111,55.0,27.36,18.23,18.3,18.3,24.0,19.23875,90.93374999999999,1.2158564814814814,85.75183333333332
2012-09-14,22.34,16.79,99.9,72.2,7.405,5.411111111111111,82.0,0.686,16.68,16.87,16.87,24.0,19.44625,90.71541666666667,1.4030671296296295,100.09070833333334
2012-09-15,23.71,16.59,99.7,70.23,8.64,6.069444444444445,45.0,0.686,18.35,18.74,18.74,24.0,20.742083333333333,87.65791666666667,1.4519444444444443,212.32950000000002
2012-09-16,26.26,15.44,100.0,56.16,18.34,6.8999999999999995,83.0,0.0,19.67,20.3,20.3,24.0,21.486666666666665,88.80958333333332,0.881261574074074,119.7115
2012-09-17,27.01,18.74,98.7,65.79,10.34,5.961111111111111,143.0,0.0,18.56,18.76,18.76,24.0,22.47083333333333,85.54375,1.1827430555555556,200.18695833333334
2012-09-18,32.85,16.19,100.0,52.31,17.29,5.3,73.0,0.0,19.82,20.3,20.3,24.0,22.712083333333336,88.34916666666668,1.168101851851852,145.0825
2012-09-19,28.04,19.66,97.9,67.71,12.53,4.638888888888888,69.0,0.0,20.48,20.82,20.82,24.0,23.927083333333332,75.61333333333333,2.289733796296296,65.223875
2012-09-20,29.42,20.16,98.2,46.68,5.632,13.3,313.0,0.0,12.05,21.87,21.87,24.0,19.50875,60.08958333333334,1.8359606481481483,270.736
2012-09-21,26.04,13.65,98.4,33.7,23.38,9.8,265.0,0.0,14.53,14.85,14.85,24.0,17.677916666666665,90.09625,1.0155324074074075,97.28504166666666
2012-09-22,25.18,14.79,99.1,57.73,8.4,5.261111111111111,75.0,17.83,14.77,15.26,15.26,24.0,17.154166666666665,73.72125,1.2155092592592591,276.0455
2012-09-23,25.56,11.28,100.0,30.23,23.84,7.1305555555555555,77.0,0.0,11.14,11.28,11.28,24.0,15.964166666666666,85.09791666666666,1.3446412037037037,129.10991666666666
2012-09-24,21.89,10.67,100.0,59.07,11.15,6.1,52.0,0.0,12.66,12.8,12.8,24.0,18.622083333333332,85.81916666666666,1.1963541666666666,172.95158333333333
2012-09-25,25.82,12.49,100.0,60.44,14.94,5.911111111111111,64.0,0.0,18.66,19.59,19.59,24.0,17.732916666666664,93.9375,1.319525462962963,24.125583333333335
2012-09-26,20.09,11.64,99.4,82.3,2.083,6.1611111111111105,66.0,10.74,11.46,11.69,11.69,24.0,14.062916666666666,59.2425,2.0829976851851852,276.981375
2012-09-27,21.04,9.45,98.9,32.92,23.92,11.269444444444444,268.0,0.0,8.59,9.68,9.68,24.0,14.207500000000001,79.92208333333333,1.2168402777777778,161.024625
2012-09-28,20.58,8.34,98.9,52.38,13.91,8.030555555555555,161.0,0.0,11.17,11.39,11.39,24.0,15.211666666666666,91.41875,1.4285763888888887,117.29175
2012-09-29,20.86,10.97,99.3,62.39,10.13,9.188888888888888,85.0,4.343,13.96,14.07,14.07,24.0,17.1975,87.16458333333333,2.015775462962963,184.75558333333333
2012-09-30,22.97,11.87,100.0,61.96,15.95,8.919444444444444,85.0,0.686,16.13,16.91,16.91,24.0,18.392500000000002,88.24041666666666,1.574259259259259,109.39295833333334
2012-10-01,22.31,14.79,99.1,69.84,9.45,7.4,78.0,2.286,14.89,15.02,15.02,24.0,17.20416666666667,93.63041666666668,1.0610532407407407,77.280125
2012-10-02,23.13,13.51,100.0,65.66,6.674,7.138888888888888,357.0,10.62,15.84,16.15,16.15,24.0,19.622083333333332,88.40083333333332,0.9866203703703703,177.51883333333333
2012-10-03,25.8,14.39,100.0,61.65,15.33,4.011111111111111,76.0,0.0,18.86,19.28,19.28,24.0,21.18916666666667,89.68875000000001,0.9099189814814815,107.09825000000001
2012-10-04,25.69,18.73,99.0,67.2,9.25,4.280555555555556,222.0,0.0,19.27,19.43,19.43,24.0,20.705000000000002,94.46666666666665,0.6181365740740741,43.451375000000006
2012-10-05,22.84,19.26,99.1,83.1,3.752,2.0999999999999996,202.0,0.457,20.06,20.31,20.31,24.0,21.54375,93.51166666666667,0.5977199074074074,60.71866666666667
2012-10-06,25.11,19.86,99.9,77.5,5.244,3.1111111111111107,83.0,0.229,20.36,20.52,20.52,24.0,21.757499999999997,94.63958333333333,0.9505787037037038,84.82237500000001
2012-10-07,26.67,20.16,99.7,75.45,7.325,4.238888888888889,82.0,0.457,20.08,20.17,20.17,24.0,22.400000000000002,88.81666666666666,0.9360763888888889,159.64745833333333
2012-10-08,29.45,19.84,100.0,60.99,13.79,4.55,85.0,0.457,19.79,20.9,20.9,24.0,22.523333333333337,84.18458333333334,0.9340509259259259,181.851375
2012-10-09,29.33,19.26,98.7,51.97,15.7,4.961111111111111,80.0,0.0,19.32,19.52,19.52,24.0,22.963333333333335,83.39333333333333,1.2039930555555556,251.21808333333334
2012-10-10,30.11,19.06,99.1,53.48,21.7,5.469444444444445,85.0,0.0,20.24,21.08,21.08,24.0,21.744583333333335,94.68916666666667,0.8440162037037037,38.71325
2012-10-11,24.95,20.0,99.5,77.18,3.343,4.5,88.0,11.68,20.52,20.68,20.68,24.0,17.572083333333335,95.40416666666665,1.229259259259259,37.223125
2012-10-12,20.72,16.16,98.9,85.9,3.215,4.469444444444444,135.0,24.23,15.47,16.18,16.18,24.0,16.97458333333333,93.77583333333332,1.1422800925925924,73.08345833333333
2012-10-13,20.94,15.76,99.3,69.72,6.311,4.180555555555555,146.0,13.94,15.29,16.63,16.63,24.0,17.389583333333334,88.99125,1.1535185185185186,106.774375
2012-10-14,21.58,15.0,98.6,69.7,9.22,5.080555555555555,50.0,4.343,15.53,15.88,15.88,24.0,17.74416666666667,84.57791666666667,1.416099537037037,104.79837500000001
2012-10-15,21.27,15.4,99.0,56.82,9.05,7.9,80.0,0.457,15.43,16.14,16.14,24.0,19.186666666666667,78.86166666666666,1.8548032407407407,181.20337500000002
2012-10-16,23.78,15.44,98.3,50.11,15.65,7.5,79.0,0.0,15.6,19.06,19.06,24.0,20.018333333333334,82.90916666666666,1.6371296296296294,193.882625
2012-10-17,26.28,15.38,96.8,56.69,16.74,9.65,64.0,0.0,18.73,19.62,19.62,24.0,23.270416666666666,82.94416666666667,1.223148148148148,271.312125
2012-10-18,31.57,18.15,99.0,52.13,23.43,5.788888888888889,48.0,0.0,18.64,18.8,18.8,24.0,21.04375,77.14541666666666,1.4915856481481482,271.7857916666667
2012-10-19,29.58,14.94,99.7,36.15,23.47,7.4,98.0,0.0,16.94,17.66,17.66,24.0,19.712500000000002,84.58291666666666,1.5786689814814814,105.248625
2012-10-20,23.45,17.05,97.8,62.89,9.09,5.1499999999999995,72.0,0.0,17.73,18.7,18.7,24.0,21.602083333333336,85.74166666666667,1.0121180555555556,185.51475000000002
2012-10-21,27.41,18.08,98.3,61.32,16.02,4.069444444444445,105.0,0.0,19.61,19.87,19.87,24.0,22.196250000000003,93.34791666666666,1.0033796296296296,111.79366666666665
2012-10-22,28.69,18.86,100.0,70.28,9.65,5.319444444444444,11.0,2.972,21.2,21.43,21.43,24.0,23.25791666666667,90.73666666666666,1.2434722222222223,151.34341666666668
2012-10-23,29.28,20.41,99.6,66.03,13.07,9.019444444444444,194.0,39.95,20.3,20.46,20.46,24.0,22.16333333333333,88.16041666666666,1.3366203703703705,83.6945
2012-10-24,28.16,19.46,99.7,51.01,7.228,7.688888888888888,268.0,19.66,17.7,21.71,21.71,24.0,22.372083333333332,67.9875,1.7821875,313.30766666666665
2012-10-25,28.32,17.87,97.0,45.85,27.06,6.969444444444444,78.0,0.0,18.19,18.66,18.66,24.0,19.49833333333333,97.90416666666665,0.9704050925925926,30.268416666666667
2012-10-26,22.01,18.0,99.8,87.4,2.614,3.9388888888888887,56.0,12.34,18.76,18.96,18.96,24.0,19.486666666666668,99.15416666666665,0.9268518518518518,18.817541666666667
2012-10-27,20.4,18.55,100.0,97.0,1.625,8.180555555555555,245.0,28.17,19.36,19.38,19.38,24.0,23.527083333333334,87.78125,0.8985300925925926,233.039125
2012-10-28,30.58,18.64,100.0,62.4,20.12,2.861111111111111,352.0,0.0,21.85,21.98,21.98,24.0,25.095416666666665,87.60125,1.0518287037037035,187.317375
2012-10-29,33.69,21.21,100.0,49.53,16.18,6.35,78.0,0.0,22.89,23.14,23.14,24.0,23.997083333333332,92.03541666666666,1.467847222222222,107.09679166666666
2012-10-30,28.19,21.93,99.3,74.0,9.25,5.1611111111111105,75.0,0.0,21.84,21.95,21.95,24.0,25.274583333333336,86.72250000000001,1.2460879629629629,113.15241666666667
2012-10-31,33.18,21.85,100.0,39.88,9.77,12.788888888888888,268.0,0.229,21.42,22.75,22.75,24.0,24.31958333333333,85.86916666666667,1.0627893518518519,224.85720833333335
2012-11-01,34.41,20.14,98.7,47.56,19.42,7.869444444444444,147.0,13.69,19.5,20.14,20.14,24.0,20.219583333333333,92.19166666666666,1.4408333333333332,51.66325
2012-11-02,22.72,18.01,98.5,77.29,4.461,3.9388888888888887,57.0,0.457,17.69,18.17,18.17,24.0,19.29625,93.79583333333333,0.8917129629629629,67.81150000000001
2012-11-03,22.52,17.57,98.8,77.33,5.856,4.338888888888889,151.0,0.0,18.86,19.12,19.12,24.0,20.386666666666667,92.17916666666667,0.9625,105.5505
2012-11-04,23.57,18.62,99.5,77.08,9.11,4.3,137.0,1.8290000000000002,19.11,19.82,19.82,24.0,22.997083333333332,85.13333333333334,1.5108101851851854,264.94683333333336
2012-11-05,29.24,17.85,99.9,59.05,22.88,6.238888888888889,65.0,2.743,20.9,21.33,21.33,24.0,23.57875,84.90083333333332,1.553946759259259,242.48891666666665
2012-11-06,29.0,19.45,99.9,59.9,20.94,6.769444444444445,81.0,0.0,20.36,21.33,21.33,24.0,23.360833333333332,82.49041666666666,1.0858796296296296,212.19125
2012-11-07,29.5,19.3,98.8,56.56,18.32,5.569444444444445,77.0,0.0,19.35,20.14,20.14,24.0,23.17375,84.12166666666667,1.849537037037037,252.86804166666664
2012-11-08,28.84,18.71,99.4,53.47,21.84,7.6194444444444445,83.0,0.0,20.95,21.55,21.55,24.0,22.48875,94.315,1.2469212962962963,65.286875
2012-11-09,26.08,20.97,99.1,78.04,5.638,5.888888888888888,75.0,11.66,21.56,21.75,21.75,24.0,22.642916666666665,98.11666666666667,1.2148379629629629,50.77975
2012-11-10,24.08,21.41,99.9,93.7,4.385,5.969444444444444,82.0,65.61,22.42,22.43,22.43,24.0,23.675,93.96666666666665,1.1053935185185184,113.87366666666667
2012-11-11,28.17,22.22,100.0,75.29,9.83,4.338888888888889,38.0,13.03,21.99,22.49,22.49,24.0,25.858333333333334,84.62708333333333,1.176747685185185,274.351375
2012-11-12,33.9,21.14,99.7,58.22,23.69,5.680555555555555,88.0,0.0,22.45,24.05,24.05,24.0,21.9825,93.71249999999999,1.6651967592592591,57.5225
2012-11-13,24.15,19.62,98.8,84.4,4.967,5.311111111111111,83.0,5.944,19.53,19.76,19.76,24.0,19.685833333333335,84.14458333333333,1.122662037037037,122.79033333333332
2012-11-14,23.73,16.95,98.6,55.89,10.6,4.45,49.0,2.286,15.34,17.58,17.58,24.0,18.69,87.29333333333334,1.340335648148148,150.602375
2012-11-15,24.25,15.92,99.4,61.7,13.01,6.611111111111111,270.0,9.68,15.89,15.97,15.97,24.0,19.455833333333334,87.37916666666666,1.174085648148148,219.3255
2012-11-16,25.53,14.48,100.0,58.68,18.94,7.46111111111111,189.0,10.52,17.9,18.26,18.26,24.0,20.36583333333333,87.96791666666667,1.2043171296296296,149.848875
2012-11-17,24.97,17.57,99.3,65.1,12.94,5.361111111111112,56.0,5.258,18.0,18.32,18.32,24.0,20.835416666666667,83.06375,1.153148148148148,190.00666666666666
2012-11-18,26.74,16.96,99.5,50.91,16.41,5.780555555555555,70.0,0.0,17.09,17.44,17.44,24.0,21.037916666666668,81.67875,1.4111111111111112,208.00208333333333
2012-11-19,27.43,16.69,99.0,50.86,17.96,7.669444444444444,80.0,0.0,18.14,18.71,18.71,24.0,22.464166666666667,80.28625,1.4403472222222222,306.57666666666665
2012-11-20,28.8,16.65,99.8,49.32,26.48,6.030555555555556,90.0,0.0,20.09,21.8,21.8,24.0,24.93958333333333,79.5775,1.3247916666666668,315.85125
2012-11-21,32.78,19.47,98.0,49.85,27.27,6.3,51.0,0.0,20.54,21.35,21.35,24.0,23.888333333333335,78.10125000000001,1.204236111111111,293.81625
2012-11-22,29.6,19.68,98.6,50.33,25.37,6.3999999999999995,83.0,0.0,19.75,21.35,21.35,24.0,23.696250000000003,80.84708333333333,1.4164930555555555,223.09141666666667
2012-11-23,29.35,19.44,97.5,55.16,19.27,5.538888888888889,56.0,0.0,20.02,22.55,22.55,24.0,24.801666666666666,81.58666666666666,0.9107523148148148,234.54375000000002
2012-11-24,32.01,21.32,96.4,57.71,20.26,4.3999999999999995,130.0,0.229,21.68,22.27,22.27,24.0,23.455416666666668,88.98833333333333,1.030509259259259,140.81079166666666
2012-11-25,29.28,20.66,98.9,68.68,12.16,5.061111111111111,145.0,13.28,18.11,21.13,21.13,24.0,21.209166666666665,74.78083333333333,1.3582986111111113,218.53504166666667
2012-11-26,25.16,17.97,94.3,47.15,18.87,7.711111111111111,91.0,0.0,16.37,18.02,18.02,24.0,19.773333333333333,84.09875,0.9306944444444444,108.01916666666666
2012-11-27,25.24,14.76,98.0,57.57,9.33,4.138888888888889,65.0,0.0,18.62,19.72,19.72,24.0,22.13791666666667,84.62375,1.6012731481481481,184.340375
2012-11-28,26.48,18.65,97.4,63.34,15.92,6.438888888888888,65.0,8.46,18.23,18.73,18.73,24.0,23.924166666666665,78.97125,1.4127777777777777,326.13095833333335
2012-11-29,31.62,17.39,98.7,49.76,28.16,5.71111111111111,85.0,0.457,20.71,20.96,20.96,24.0,23.972916666666666,84.81416666666667,1.3121759259259258,240.66508333333334
2012-11-30,30.1,19.72,100.0,54.45,20.78,5.819444444444444,88.0,0.0,20.96,21.52,21.52,24.0,22.97,89.33999999999999,1.9785763888888888,123.41833333333334
2012-12-01,25.95,20.72,98.9,70.83,10.66,8.411111111111111,84.0,0.0,20.65,21.77,21.77,24.0,24.012916666666666,84.96708333333333,1.3860069444444445,226.66054166666666
2012-12-02,30.07,19.76,99.1,60.41,19.57,5.988888888888888,81.0,6.629,21.3,21.55,21.55,24.0,22.4175,94.32541666666667,0.8898032407407407,109.60775
2012-12-03,29.04,19.8,100.0,66.24,9.47,5.5888888888888895,268.0,24.16,21.2,21.35,21.35,24.0,24.150000000000002,88.38333333333333,1.1536574074074075,202.66004166666667
2012-12-04,31.12,20.46,100.0,62.63,17.5,6.019444444444445,73.0,0.0,22.37,23.41,23.41,24.0,25.368333333333336,85.19416666666667,1.4916782407407407,216.38166666666666
2012-12-05,30.68,21.23,98.9,59.89,18.69,6.519444444444444,89.0,0.0,23.14,23.9,23.9,24.0,25.937916666666666,87.58833333333332,1.0921180555555556,178.142125
2012-12-06,31.84,22.97,98.2,63.47,15.39,5.6499999999999995,73.0,0.0,23.12,23.87,23.87,24.0,27.222916666666666,83.77666666666667,1.256574074074074,300.9139166666667
2012-12-07,36.29,22.47,99.2,50.5,25.98,5.430555555555555,91.0,0.686,24.14,24.33,24.33,24.0,27.872500000000002,86.50375000000001,0.9851736111111111,192.6966666666667
2012-12-08,37.33,24.01,99.4,53.16,16.64,6.661111111111111,70.0,0.457,23.82,24.63,24.63,24.0,23.874583333333334,89.80874999999999,1.2395949074074075,57.4415
2012-12-09,25.84,21.49,97.7,75.18,4.96,5.169444444444444,78.0,0.686,21.08,21.56,21.56,24.0,23.31,90.89999999999999,1.0191666666666668,143.43470833333333
2012-12-10,28.25,20.81,99.7,68.66,12.39,5.011111111111111,48.0,1.143,21.9,22.45,22.45,24.0,25.852500000000003,83.19875,1.408935185185185,305.4422083333333
2012-12-11,32.17,21.13,98.5,54.1,26.38,6.15,79.0,0.0,23.3,24.54,24.54,24.0,26.578333333333333,76.99708333333334,2.334652777777778,118.07341666666667
2012-12-12,32.62,22.94,98.0,37.25,10.2,16.1,278.0,6.629,21.36,23.07,23.07,24.0,23.53125,92.52916666666665,0.9204745370370371,97.02995833333334
2012-12-13,28.18,22.18,98.4,74.77,8.38,4.288888888888889,11.0,0.457,22.15,22.43,22.43,24.0,24.18166666666667,91.45625,0.9302314814814814,119.50354166666666
2012-12-14,29.29,21.32,99.8,74.48,10.32,5.411111111111111,169.0,0.914,22.09,22.83,22.83,24.0,21.74083333333333,93.62083333333334,1.114861111111111,42.911375
2012-12-15,23.5,20.73,99.7,83.0,3.706,4.069444444444445,228.0,6.172,21.05,21.08,21.08,24.0,23.625416666666666,90.78916666666667,0.7710069444444444,118.74062500000001
2012-12-16,27.84,20.94,100.0,70.73,10.25,3.138888888888889,81.0,1.8290000000000002,22.79,22.88,22.88,24.0,24.59875,93.93291666666666,0.8196759259259259,106.590375
2012-12-17,29.35,22.14,100.0,74.04,9.21,3.0888888888888886,133.0,1.3719999999999999,23.9,24.07,24.07,24.0,27.708333333333332,82.95875,1.08125,268.0962083333333
2012-12-18,38.88,22.86,100.0,34.88,23.15,4.669444444444444,70.0,0.229,21.9,22.89,22.89,24.0,25.814166666666665,80.34333333333333,1.5216898148148148,282.9337083333333
2012-12-19,31.68,20.91,99.0,48.51,24.44,6.1611111111111105,76.0,0.0,22.8,23.96,23.96,24.0,24.86916666666667,92.84375,1.3083449074074074,136.52604166666666
2012-12-20,29.91,21.23,99.3,73.54,11.79,8.988888888888889,284.0,26.54,21.79,21.94,21.94,24.0,24.457083333333333,91.96249999999999,1.1249652777777779,228.779125
2012-12-21,33.05,20.98,99.9,65.28,19.76,11.869444444444444,300.0,14.07,22.65,22.72,22.72,24.0,25.406666666666666,89.74374999999999,1.090277777777778,169.00658333333334
2012-12-22,32.81,21.79,100.0,63.92,14.6,7.730555555555555,118.0,15.44,21.64,21.97,21.97,24.0,22.765416666666667,87.87291666666665,1.3712962962962962,116.42166666666667
2012-12-23,26.58,20.74,98.9,60.91,10.05,4.9111111111111105,134.0,1.143,20.53,20.84,20.84,24.0,23.335416666666664,84.41125000000001,1.1647800925925926,191.99883333333332
2012-12-24,28.21,19.18,99.6,56.09,16.58,5.019444444444445,75.0,0.457,21.25,22.26,22.26,24.0,25.70875,83.99083333333333,1.0919328703703703,300.6547083333333
2012-12-25,33.53,19.64,99.4,56.15,25.97,5.3805555555555555,73.0,0.0,24.22,25.27,25.27,24.0,28.974166666666665,82.1025,1.019826388888889,282.82908333333336
2012-12-26,37.66,24.06,98.6,55.44,24.42,4.46111111111111,60.0,0.0,24.38,25.35,25.35,24.0,29.292916666666667,77.34708333333333,1.2905555555555555,206.38066666666668
2012-12-27,39.24,23.05,96.4,36.06,17.82,7.530555555555555,272.0,3.658,22.94,23.53,23.53,24.0,22.320000000000004,95.45416666666667,1.2629629629629628,57.174749999999996
2012-12-28,23.92,21.0,99.1,84.5,4.937,3.530555555555556,281.0,14.17,20.98,21.19,21.19,24.0,23.711250000000003,91.44833333333334,0.989201388888889,171.02254166666668
2012-12-29,30.28,20.88,99.7,66.99,14.77,6.2,225.0,31.39,20.88,21.09,21.09,24.0,22.42,96.66666666666667,0.8321759259259259,50.82779166666666
2012-12-30,26.17,20.98,99.8,83.1,4.388,3.9305555555555554,134.0,31.55,21.47,21.5,21.5,24.0,23.97791666666667,91.48125,0.8815277777777778,151.315125
2012-12-31,30.02,20.81,100.0,67.64,13.07,3.1194444444444445,69.0,1.143,23.12,23.4,23.4,24.0,24.087083333333336,94.12291666666665,0.8668402777777778,108.27429166666666
2013-01-01,30.21,21.75,99.8,70.09,9.35,6.65,284.0,16.66,21.71,21.75,21.75,24.0,24.252916666666668,88.45666666666666,1.138576388888889,115.27891666666666
2013-01-02,31.98,21.45,100.0,48.26,9.96,7.2,307.0,2.743,20.1,21.91,21.91,24.0,20.127916666666668,90.22083333333335,1.2644675925925926,64.65175
2013-01-03,22.09,18.33,97.4,77.87,5.582,4.469444444444444,269.0,0.457,17.67,18.7,18.7,24.0,20.01625,91.2525,1.095023148148148,82.48979166666666
2013-01-04,23.43,18.22,98.8,71.8,7.123,6.280555555555555,62.0,0.686,19.12,19.3,19.3,24.0,21.092499999999998,96.14166666666667,1.071585648148148,109.92133333333334
2013-01-05,25.11,18.87,99.9,78.53,9.49,6.030555555555556,74.0,8.92,21.08,21.11,21.11,24.0,23.99,92.13375,1.217800925925926,139.14366666666666
2013-01-06,28.55,20.96,100.0,73.32,12.02,5.7,85.0,2.515,23.3,23.37,23.37,24.0,25.05541666666667,92.15249999999999,0.9888657407407407,149.91720833333332
2013-01-07,30.75,22.29,99.9,69.28,12.95,4.411111111111111,193.0,5.029,21.98,22.45,22.45,24.0,26.369583333333335,83.60833333333333,0.8448842592592593,254.50254166666664
2013-01-08,35.36,19.62,100.0,53.5,21.98,4.35,51.0,0.0,24.53,24.88,24.88,24.0,24.846249999999998,93.80916666666667,0.9062037037037037,66.1085
2013-01-09,28.75,22.62,99.4,68.73,5.709,6.219444444444444,77.0,4.343,22.9,23.04,23.04,24.0,24.170416666666668,94.49416666666667,0.8895949074074073,71.292125
2013-01-10,28.13,21.41,99.3,71.69,6.157,3.65,201.0,2.972,20.94,21.54,21.54,24.0,23.209166666666665,80.68125,1.2756944444444442,252.34516666666664
2013-01-11,28.14,19.2,98.4,54.81,21.79,7.330555555555556,136.0,0.0,18.36,19.64,19.64,24.0,21.964583333333334,74.1875,1.290625,286.1527916666667
2013-01-12,27.97,16.49,97.5,42.06,24.71,6.949999999999999,130.0,0.0,17.4,19.06,19.06,24.0,21.22125,80.74875,1.1791550925925927,257.48216666666667
2013-01-13,27.72,14.98,99.2,48.37,22.23,5.830555555555555,78.0,0.0,17.53,17.69,17.69,24.0,20.799583333333334,92.335,0.7394791666666666,119.20820833333333
2013-01-14,26.24,16.56,100.0,67.75,10.29,3.819444444444444,85.0,1.6,19.43,19.52,19.52,24.0,22.688333333333333,91.19125000000001,1.0464930555555554,116.84104166666667
2013-01-15,27.5,19.46,100.0,74.21,10.09,5.819444444444444,129.0,38.25,20.73,20.82,20.82,24.0,23.59958333333333,87.33916666666666,1.3200347222222222,243.41641666666666
2013-01-16,28.82,20.04,99.9,61.7,21.02,7.388888888888889,135.0,1.143,21.5,21.9,21.9,24.0,23.239583333333332,89.81458333333335,0.9174884259259258,116.14054166666666
2013-01-17,27.44,20.17,99.1,71.55,10.03,5.111111111111111,88.0,0.0,21.01,21.14,21.14,24.0,24.484583333333333,82.85000000000001,1.1956828703703704,278.8575
2013-01-18,32.5,19.2,100.0,48.77,24.08,6.419444444444444,67.0,0.0,21.77,22.71,22.71,24.0,23.652083333333334,88.78875,1.0665046296296297,191.34875
2013-01-19,31.17,20.48,99.9,55.59,16.52,8.269444444444444,202.0,25.12,20.87,21.04,21.04,24.0,23.36208333333333,85.08041666666666,1.187662037037037,208.76916666666668
2013-01-20,29.86,20.02,99.1,55.68,18.03,6.030555555555556,89.0,1.8290000000000002,19.43,20.02,20.02,24.0,22.787916666666664,83.65416666666667,1.1793865740740739,231.83858333333333
2013-01-21,29.14,19.12,98.9,53.8,20.02,7.469444444444444,134.0,12.9,19.44,19.67,19.67,24.0,22.29125,80.71374999999999,1.2544097222222221,261.670375
2013-01-22,27.47,17.81,99.0,48.23,22.6,5.3805555555555555,81.0,2.743,17.66,17.93,17.93,24.0,21.514166666666668,85.50999999999999,1.1486574074074074,155.51741666666666
2013-01-23,27.14,17.87,99.0,57.04,13.43,5.8805555555555555,52.0,1.6,18.75,19.47,19.47,24.0,22.383333333333336,88.68083333333334,1.4470949074074075,225.34745833333332
2013-01-24,28.12,19.08,99.3,63.42,19.46,6.688888888888888,85.0,2.515,21.41,22.11,22.11,24.0,24.995416666666667,83.29583333333333,1.3085069444444444,324.83875
2013-01-25,31.46,18.73,100.0,54.64,28.05,5.438888888888888,80.0,0.0,23.12,24.15,24.15,24.0,26.564583333333335,85.5825,1.0618287037037037,248.03479166666668
2013-01-26,36.06,21.72,99.8,44.56,21.42,9.2,51.0,4.521,22.8,22.92,22.92,24.0,22.543333333333333,85.82916666666667,1.6724074074074073,84.53679166666667
2013-01-27,24.91,18.9,99.2,69.63,7.3,5.6305555555555555,87.0,0.0,18.58,18.94,18.94,24.0,20.7175,89.51875,1.0375347222222222,76.55879166666666
2013-01-28,24.38,18.38,99.2,72.71,6.611,3.1111111111111107,267.0,0.686,19.74,20.46,20.46,24.0,23.684166666666666,83.99708333333334,1.4745023148148146,282.047125
2013-01-29,30.18,19.26,99.8,54.64,24.36,6.549999999999999,81.0,0.914,21.37,22.05,22.05,24.0,24.03125,84.00208333333333,1.3635185185185186,219.59383333333332
2013-01-30,31.33,19.96,99.7,44.93,18.97,6.919444444444444,75.0,0.0,19.77,19.98,19.98,24.0,22.730416666666667,88.0425,1.1626041666666667,154.74204166666667
2013-01-31,28.06,18.05,100.0,65.5,13.36,6.05,77.0,0.0,20.64,21.24,21.24,24.0,24.015833333333333,88.82833333333333,1.4411805555555555,154.33004166666666
2013-02-01,29.02,20.16,99.6,67.47,13.33,6.711111111111111,80.0,0.686,22.87,23.11,23.11,24.0,25.977083333333336,85.7075,1.4848842592592593,227.65558333333334
2013-02-02,32.47,21.95,99.6,57.3,19.66,6.838888888888889,59.0,0.0,24.23,25.02,25.02,24.0,26.650833333333335,86.77875,1.2545833333333334,231.70541666666665
2013-02-03,32.81,21.99,99.8,63.19,20.01,7.811111111111111,1.0,0.457,21.94,22.44,22.44,24.0,24.048333333333332,88.91416666666667,1.123587962962963,140.57879166666666
2013-02-04,29.93,20.96,98.9,65.42,12.14,8.219444444444445,57.0,24.05,20.97,21.16,21.16,24.0,22.497083333333332,80.97208333333333,1.0956712962962962,209.14525
2013-02-05,27.0,19.46,98.8,49.59,18.06,4.5,134.0,0.229,18.94,20.37,20.37,24.0,22.54375,83.80416666666666,1.2788425925925926,163.3845
2013-02-06,27.93,19.09,97.1,61.3,14.11,5.6305555555555555,66.0,0.0,20.42,21.67,21.67,24.0,21.569166666666664,94.97500000000001,1.025949074074074,90.30454166666665
2013-02-07,25.06,20.04,98.9,79.38,7.799,5.911111111111111,84.0,2.743,19.84,20.04,20.04,24.0,20.667916666666667,94.55916666666667,0.9505092592592592,80.07379166666666
2013-02-08,23.79,18.89,100.0,77.16,6.917,4.688888888888888,188.0,51.89,19.09,19.24,19.24,24.0,21.84958333333333,93.65708333333333,0.6709837962962962,104.54745833333334
2013-02-09,27.16,19.15,99.9,74.19,9.03,3.1194444444444445,136.0,5.029,20.57,20.61,20.61,24.0,22.696250000000003,95.375,0.7731828703703704,92.21920833333333
2013-02-10,26.45,20.06,100.0,80.7,7.964,3.0,77.0,0.914,22.3,22.33,22.33,24.0,23.379166666666666,94.9375,0.9072222222222223,112.96499999999999
2013-02-11,27.59,21.46,100.0,78.18,9.76,4.811111111111111,51.0,4.343,22.34,22.36,22.36,24.0,25.935833333333335,86.28083333333335,1.2604976851851852,226.44741666666667
2013-02-12,33.64,20.84,100.0,55.28,19.55,6.288888888888889,58.0,0.229,23.57,23.84,23.84,24.0,24.43958333333333,93.74166666666667,0.9552083333333333,76.72612500000001
2013-02-13,28.9,21.87,99.5,80.5,6.626,4.169444444444444,61.0,7.315,22.14,22.22,22.22,24.0,25.338333333333335,88.29083333333334,1.0574999999999999,257.82975
2013-02-14,35.38,21.48,100.0,50.35,22.27,10.86111111111111,322.0,40.03,22.78,22.93,22.93,24.0,24.607083333333335,93.56041666666665,0.9470023148148149,158.980625
2013-02-15,31.1,22.03,99.8,68.0,13.73,8.011111111111111,14.0,14.76,22.79,22.89,22.89,24.0,25.17833333333333,90.54041666666667,0.9949884259259258,183.04250000000002
2013-02-16,33.35,21.69,100.0,59.38,15.81,6.05,41.0,11.38,22.79,22.93,22.93,24.0,23.991666666666664,94.88833333333334,0.9356249999999999,148.03004166666668
2013-02-17,31.31,21.81,100.0,68.27,12.78,5.5888888888888895,171.0,29.29,21.82,21.82,21.82,24.0,25.24416666666667,89.36791666666666,1.3156134259259258,263.97391666666664
2013-02-18,34.54,21.77,100.0,60.03,22.8,11.480555555555554,249.0,12.52,22.14,22.76,22.76,24.0,26.060833333333335,83.70833333333333,1.0429398148148148,212.62258333333332
2013-02-19,34.6,20.92,99.9,47.87,18.36,4.219444444444444,136.0,0.0,23.09,24.09,24.09,24.0,25.927916666666665,85.81124999999999,1.1007638888888889,189.31445833333336
2013-02-20,31.57,21.75,99.1,59.91,16.35,4.611111111111112,74.0,0.457,23.84,24.7,24.7,24.0,26.47083333333333,87.33458333333334,0.901261574074074,176.42437500000003
2013-02-21,32.02,22.48,99.8,59.18,15.24,4.361111111111111,136.0,0.0,24.8,25.35,25.35,24.0,27.807083333333335,84.185,1.0641087962962963,278.26866666666666
2013-02-22,34.81,22.61,99.8,57.74,24.03,8.05,41.0,0.0,24.19,24.72,24.72,24.0,23.31625,95.96666666666665,1.3222453703703703,41.79925
2013-02-23,28.07,20.8,98.8,78.72,3.61,5.719444444444444,34.0,41.2,20.54,21.01,21.01,24.0,22.544166666666666,89.56625000000001,1.1057523148148147,131.18091666666666
2013-02-24,27.6,20.08,99.9,63.45,11.33,4.611111111111112,81.0,2.515,20.43,20.57,20.57,24.0,24.29125,87.05958333333332,1.1069560185185185,229.72170833333334
2013-02-25,32.03,19.18,100.0,61.08,19.83,5.6194444444444445,46.0,0.0,23.49,24.34,24.34,24.0,26.31375,88.28583333333334,1.0496412037037037,225.31991666666667
2013-02-26,34.81,21.91,100.0,59.31,19.46,12.05,260.0,28.5,22.1,22.15,22.15,24.0,23.005416666666665,96.7625,0.9723842592592592,76.61129166666667
2013-02-27,26.76,21.86,99.9,80.6,6.616,4.261111111111111,357.0,26.47,21.81,21.94,21.94,24.0,22.592083333333335,92.07791666666667,1.1092592592592592,120.734375
2013-02-28,27.02,20.46,99.9,68.89,10.43,5.1611111111111105,76.0,0.914,20.4,20.66,20.66,24.0,22.60875,89.60791666666667,0.8146527777777778,127.42654166666667
2013-03-01,28.05,19.99,98.7,67.1,11.0,3.5194444444444444,224.0,0.229,22.04,22.43,22.43,24.0,24.480833333333333,82.97583333333334,1.6961689814814813,291.71908333333334
2013-03-02,30.35,20.29,100.0,48.82,25.19,8.2,73.0,0.914,20.48,20.76,20.76,24.0,24.337500000000002,84.76375,1.5021064814814815,251.53016666666667
2013-03-03,30.77,18.98,100.0,54.18,21.72,7.1499999999999995,31.0,0.0,22.93,23.62,23.62,24.0,25.572083333333335,84.62416666666667,1.0175810185185183,249.49749999999997
2013-03-04,33.14,19.75,100.0,51.5,21.54,5.1,82.0,0.0,22.22,22.35,22.35,24.0,25.45875,88.00666666666666,0.8747800925925926,179.4020833333333
2013-03-05,34.37,20.84,100.0,53.06,15.49,6.811111111111111,160.0,3.429,21.33,21.5,21.5,24.0,20.7175,98.75416666666666,1.0642708333333333,29.504708333333337
2013-03-06,22.16,18.96,100.0,94.0,2.548,4.638888888888888,83.0,30.1,19.24,19.26,19.26,24.0,20.756249999999998,94.61666666666667,0.7912731481481482,76.92216666666667
2013-03-07,24.14,18.38,100.0,79.27,6.643,2.5805555555555553,301.0,4.14,20.99,21.04,21.04,24.0,23.3225,95.39583333333333,0.6886458333333333,97.44516666666665
2013-03-08,28.44,20.86,100.0,75.4,8.41,3.619444444444444,151.0,14.55,23.51,23.51,23.51,24.0,26.13208333333333,89.39125,0.9775694444444444,191.09275000000002
2013-03-09,31.71,22.33,100.0,63.84,16.5,3.961111111111111,80.0,0.0,24.73,25.17,25.17,24.0,25.245,94.98791666666666,0.8886574074074073,84.32129166666667
2013-03-10,29.74,22.63,100.0,75.66,7.282,4.080555555555556,186.0,3.2,22.57,22.63,22.63,24.0,25.97791666666667,88.03750000000001,1.24125,240.23775
2013-03-11,36.25,21.63,100.0,43.62,20.75,8.219444444444445,234.0,23.24,22.06,22.07,22.07,24.0,23.6725,92.8075,1.022326388888889,106.742
2013-03-12,28.55,20.65,100.0,72.98,9.22,5.71111111111111,68.0,0.0,22.95,23.14,23.14,24.0,25.607916666666668,91.86916666666667,0.9149537037037038,151.928875
2013-03-13,32.08,22.53,100.0,64.44,13.12,5.088888888888889,35.0,1.3719999999999999,22.27,23.98,23.98,24.0,23.518333333333334,91.175,1.3615509259259257,61.82583333333333
2013-03-14,26.97,21.29,99.8,79.2,5.337,4.969444444444444,187.0,5.029,19.47,21.47,21.47,24.0,20.6725,88.33999999999999,1.369351851851852,61.430749999999996
2013-03-15,22.9,18.96,98.0,72.46,5.305,4.088888888888889,285.0,0.0,18.48,19.24,19.24,24.0,20.2075,98.19583333333333,0.7454166666666667,40.548375
2013-03-16,22.15,18.57,100.0,91.2,3.502,2.8194444444444446,82.0,16.46,21.11,21.11,21.11,24.0,22.450833333333335,96.125,0.889837962962963,93.5525
2013-03-17,27.19,20.25,100.0,79.74,8.08,4.688888888888888,224.0,51.46,20.19,20.3,20.3,24.0,20.205000000000002,92.27999999999999,1.1157175925925926,63.221875000000004
2013-03-18,23.96,17.57,100.0,71.06,5.46,5.188888888888889,273.0,0.229,16.78,17.61,17.61,24.0,19.490833333333335,87.245,1.0025462962962963,101.61829166666666
2013-03-19,23.99,16.8,99.3,60.94,8.78,4.55,265.0,2.515,18.25,18.4,18.4,24.0,19.07875,97.55416666666667,0.9626851851851851,52.71395833333333
2013-03-20,21.74,18.06,100.0,88.6,4.552,3.738888888888889,272.0,10.06,18.87,18.87,18.87,24.0,20.399583333333332,98.67916666666667,0.9006249999999999,50.874291666666664
2013-03-21,23.67,18.55,100.0,89.2,4.393,5.7,84.0,18.52,20.41,20.41,20.41,24.0,24.135,87.53708333333333,0.8896527777777777,217.91975
2013-03-22,32.29,19.86,100.0,47.9,18.82,3.2305555555555556,301.0,0.0,20.81,20.83,20.83,24.0,23.429166666666664,82.65791666666667,1.04375,223.8395833333333
2013-03-23,30.25,17.91,100.0,51.31,19.33,5.938888888888888,226.0,0.0,20.18,21.19,21.19,24.0,21.837500000000002,86.14916666666666,0.9707291666666666,84.78820833333333
2013-03-24,25.67,19.77,95.4,66.06,7.322,4.211111111111111,46.0,0.0,18.95,19.86,19.86,24.0,19.117083333333333,94.29583333333333,0.8899305555555556,33.931416666666664
2013-03-25,22.3,16.44,99.6,80.3,2.931,3.7694444444444444,229.0,17.37,16.93,17.03,17.03,24.0,20.274583333333336,92.83333333333333,0.860011574074074,125.97175
2013-03-26,25.38,16.95,100.0,69.94,10.88,3.219444444444444,271.0,0.914,20.36,20.44,20.44,24.0,22.249166666666667,94.65416666666665,0.7571064814814815,86.91104166666668
2013-03-27,26.55,20.41,100.0,77.24,7.506,4.211111111111111,63.0,2.515,20.99,20.99,20.99,24.0,21.50791666666667,89.02416666666666,1.2578587962962964,203.1815
2013-03-28,27.94,16.63,100.0,60.46,17.55,5.530555555555556,88.0,11.84,16.63,16.67,16.67,24.0,21.12333333333333,82.14166666666667,0.9006597222222222,215.76020833333334
2013-03-29,28.34,15.18,100.0,47.69,18.63,5.1499999999999995,116.0,0.0,18.23,19.87,19.87,24.0,21.820833333333336,82.45041666666667,1.0611458333333332,208.19929166666668
2013-03-30,27.6,18.17,99.2,55.04,17.98,4.6,106.0,0.0,18.54,18.66,18.66,24.0,20.694583333333334,92.81166666666667,1.1047916666666666,128.42916666666665
2013-03-31,25.38,18.32,99.9,72.54,11.09,6.538888888888889,66.0,6.629,19.46,19.53,19.53,24.0,22.613333333333333,87.64541666666666,0.919074074074074,186.68266666666668
2013-04-01,29.26,17.55,100.0,56.76,16.12,5.088888888888889,40.0,0.229,21.69,21.95,21.95,24.0,24.21875,87.29333333333334,1.0109606481481481,186.54479166666667
2013-04-02,30.75,20.31,100.0,57.03,16.11,5.511111111111111,79.0,0.0,22.16,22.84,22.84,24.0,23.032083333333333,96.22916666666667,0.9231250000000001,44.248250000000006
2013-04-03,24.86,20.92,99.3,88.8,3.821,6.038888888888888,67.0,33.53,20.9,21.0,21.0,24.0,21.971249999999998,97.99166666666667,0.6711458333333334,53.73520833333333
2013-04-04,25.25,20.47,100.0,86.7,4.64,3.0388888888888888,76.0,16.23,21.71,21.73,21.73,24.0,23.708333333333332,92.43833333333333,0.7930787037037037,109.60454166666666
2013-04-05,27.73,20.53,100.0,74.98,9.46,3.5194444444444444,261.0,5.486,23.2,23.29,23.29,24.0,24.66875,77.37083333333334,1.8678125,243.66833333333332
2013-04-06,30.9,17.44,100.0,40.17,21.04,9.561111111111112,245.0,10.87,17.38,17.5,17.5,24.0,21.010416666666668,79.5175,1.0392476851851853,241.41083333333333
2013-04-07,29.83,14.46,100.0,45.41,20.85,5.1611111111111105,92.0,0.0,16.4,16.62,16.62,24.0,21.34375,85.93208333333332,1.009085648148148,206.132875
2013-04-08,29.01,14.76,100.0,58.05,17.8,4.730555555555556,88.0,0.0,20.68,21.56,21.56,24.0,21.515416666666667,91.6825,0.6399074074074074,76.17416666666666
2013-04-09,26.32,18.15,100.0,67.84,6.578,3.480555555555555,223.0,1.3719999999999999,18.64,18.97,18.97,24.0,21.392083333333332,89.9375,0.7809837962962963,137.413875
2013-04-10,26.88,17.86,100.0,67.37,11.87,4.0,,0.229,18.38,18.38,18.38,24.0,21.249166666666667,90.79041666666666,1.3947222222222224,135.0975
2013-04-11,26.9,16.75,100.0,69.93,11.67,7.561111111111111,73.0,0.229,20.41,20.71,20.71,24.0,22.14625,88.96083333333333,1.3816782407407409,154.01804166666668
2013-04-12,28.07,17.01,100.0,61.78,13.3,6.461111111111111,7.0,0.0,21.58,22.13,22.13,24.0,22.443749999999998,93.09875,0.9154513888888888,93.50704166666667
2013-04-13,28.57,19.5,100.0,70.18,8.07,5.430555555555555,242.0,7.5440000000000005,19.7,19.72,19.72,24.0,19.973333333333333,96.37083333333334,0.8019791666666666,40.44595833333333
2013-04-14,23.27,16.8,100.0,84.8,3.492,4.6194444444444445,185.0,2.286,16.93,16.93,16.93,24.0,17.6925,83.9425,0.9086342592592592,214.51429166666665
2013-04-15,23.97,12.86,100.0,42.19,18.52,4.519444444444444,50.0,0.0,12.86,12.86,12.86,24.0,17.52958333333333,82.35416666666667,0.7228472222222222,225.14091666666664
2013-04-16,28.1,10.15,100.0,40.65,19.44,3.6805555555555554,57.0,0.0,13.14,13.14,13.14,24.0,20.2,69.6475,1.832476851851852,222.51729166666667
2013-04-17,28.1,12.04,100.0,37.4,19.22,8.261111111111111,261.0,0.0,14.27,14.35,14.35,24.0,18.384166666666665,80.29083333333334,0.8246296296296296,218.26758333333336
2013-04-18,26.28,12.29,100.0,42.59,18.85,4.438888888888889,89.0,0.0,16.8,17.35,17.35,24.0,19.880416666666665,83.97708333333334,0.8330671296296296,196.45708333333334
2013-04-19,27.5,15.54,100.0,47.79,16.97,4.8500000000000005,84.0,0.0,16.59,16.65,16.65,24.0,20.07166666666667,84.63291666666667,0.8277893518518518,195.27895833333332
2013-04-20,27.89,14.21,100.0,46.22,16.86,4.988888888888889,80.0,0.0,17.22,17.28,17.28,24.0,19.35875,84.51708333333333,0.8439583333333333,205.857
2013-04-21,27.18,13.78,100.0,48.55,17.78,4.419444444444444,87.0,0.0,15.38,15.54,15.54,24.0,18.819166666666668,87.74208333333333,0.7574074074074074,161.57179166666666
2013-04-22,25.96,13.21,100.0,59.93,13.95,6.4111111111111105,88.0,0.0,17.04,17.05,17.05,24.0,18.69,84.20875,0.7603009259259258,154.71712499999998
2013-04-23,26.55,13.34,100.0,43.63,13.36,5.4,75.0,0.0,15.54,15.62,15.62,24.0,19.109583333333333,92.425,0.8509143518518519,87.08425
2013-04-24,24.14,15.67,99.8,69.73,7.52,4.969444444444444,62.0,2.057,18.49,18.62,18.62,24.0,19.890833333333333,93.58333333333333,0.8245949074074074,100.01025
2013-04-25,25.61,16.93,100.0,64.75,8.64,4.6305555555555555,38.0,1.143,17.27,17.27,17.27,24.0,20.538333333333334,85.76208333333334,1.0974884259259259,168.62291666666667
2013-04-26,27.44,16.69,100.0,48.6,14.56,5.361111111111112,55.0,0.0,16.75,16.75,16.75,24.0,20.442916666666665,86.21249999999999,0.7593171296296296,182.6738333333333
2013-04-27,28.97,15.25,100.0,48.17,15.78,4.46111111111111,83.0,0.229,15.91,15.93,15.93,24.0,19.426666666666666,86.32083333333333,0.9643171296296296,165.37170833333332
2013-04-28,27.93,13.41,100.0,52.11,14.28,5.111111111111111,75.0,0.0,15.52,15.53,15.53,24.0,19.361666666666668,85.75375000000001,0.9044328703703703,186.71020833333333
2013-04-29,28.54,13.3,100.0,50.24,16.12,4.45,87.0,0.0,15.94,15.95,15.95,24.0,20.13375,89.62083333333334,0.6730787037037037,143.516
2013-04-30,29.03,14.69,100.0,57.67,12.39,3.319444444444444,61.0,0.0,18.45,18.55,18.55,24.0,21.99083333333333,84.505,0.9424768518518518,179.91220833333333
2013-05-01,30.62,16.47,100.0,49.92,15.54,4.219444444444444,80.0,0.0,18.99,19.18,19.18,24.0,20.80125,97.71249999999999,0.6491550925925925,32.75120833333333
2013-05-02,23.28,18.9,100.0,87.8,2.8280000000000003,2.4305555555555554,315.0,0.686,20.96,20.96,20.96,24.0,23.255,90.61083333333333,0.8785300925925926,152.56529166666667
2013-05-03,29.69,19.64,100.0,62.83,13.18,4.8388888888888895,35.0,0.229,20.86,20.86,20.86,24.0,23.520416666666666,89.24374999999999,0.9783333333333334,147.62820833333333
2013-05-04,30.4,19.45,100.0,62.9,12.75,4.1,78.0,0.0,19.58,19.6,19.6,24.0,23.57875,87.51458333333333,0.9367824074074074,159.47829166666665
2013-05-05,34.35,19.57,100.0,40.46,13.77,5.919444444444444,149.0,0.0,20.55,20.93,20.93,24.0,18.5025,99.01666666666667,1.242025462962963,10.257666666666667
2013-05-06,21.05,13.55,99.9,97.3,0.886,7.3694444444444445,139.0,57.18,13.98,14.02,14.02,24.0,16.380416666666665,85.83541666666667,1.0644328703703703,188.42629166666666
2013-05-07,24.61,11.25,100.0,49.15,16.27,5.95,262.0,0.229,11.37,11.37,11.37,24.0,17.274583333333332,65.87875,1.5652083333333333,177.61954166666666
2013-05-08,26.04,9.39,100.0,26.71,15.34,10.030555555555555,293.0,0.0,5.171,15.18,15.18,24.0,14.00325,70.79083333333334,0.9977893518518518,191.31708333333333
2013-05-09,23.39,5.28,100.0,29.6,16.52,4.661111111111111,232.0,0.0,7.542,7.542,6.521,24.0,13.707125,81.95083333333334,0.6404050925925926,188.61404166666668
2013-05-10,27.01,4.876,100.0,32.87,16.29,3.0888888888888886,1.0,0.0,8.49,8.49,8.49,24.0,14.910708333333334,85.30208333333333,0.8891666666666667,182.8845
2013-05-11,26.15,5.532,100.0,47.21,15.79,5.1305555555555555,78.0,0.0,15.29,15.29,15.29,24.0,18.429166666666667,87.60875,0.8634375,168.37658333333334
2013-05-12,26.76,11.71,100.0,55.13,14.54,4.888888888888889,148.0,0.0,18.1,18.15,18.15,24.0,20.655,89.81833333333333,0.6833217592592593,122.59345833333333
2013-05-13,26.2,17.51,100.0,65.41,10.59,2.861111111111111,172.0,0.0,18.14,18.14,18.14,24.0,20.745,93.10625,0.611099537037037,93.42108333333334
2013-05-14,26.32,17.08,100.0,70.74,8.07,2.661111111111111,358.0,0.0,20.38,20.38,20.38,24.0,22.155,90.665,0.6738078703703704,125.53183333333334
2013-05-15,28.96,18.08,100.0,61.41,10.84,2.7,235.0,0.0,19.5,19.5,19.5,24.0,20.291666666666668,95.89166666666667,0.8416898148148148,31.995583333333332
2013-05-16,23.71,17.32,100.0,81.8,2.763,3.611111111111111,171.0,0.229,19.35,20.04,20.04,24.0,17.611250000000002,98.3875,1.3176851851851852,13.500916666666667
2013-05-17,20.52,13.43,99.9,92.8,1.166,4.780555555555556,2.0,12.12,13.22,13.53,13.53,24.0,14.587083333333332,85.44666666666666,0.9537268518518518,74.64420833333334
2013-05-18,18.15,12.44,97.9,57.71,6.446,3.3805555555555555,332.0,0.0,13.31,14.77,14.77,24.0,15.40375,96.63333333333333,0.6651157407407408,30.769750000000002
2013-05-19,16.79,14.24,100.0,89.7,2.657,2.6194444444444445,270.0,1.6,15.9,15.9,15.9,24.0,17.673333333333336,97.85833333333333,0.6648148148148149,46.563875
2013-05-20,20.46,15.85,100.0,89.6,4.021,2.9611111111111112,286.0,1.8290000000000002,18.19,18.19,18.19,24.0,20.705000000000002,92.23083333333334,0.8599537037037037,142.44808333333336
2013-05-21,27.33,16.2,100.0,67.85,12.3,3.261111111111111,42.0,0.914,19.28,19.29,19.29,24.0,20.00166666666667,92.99624999999999,0.8675347222222222,98.82841666666667
2013-05-22,24.83,16.63,100.0,69.79,8.53,4.661111111111111,94.0,0.229,18.63,18.97,18.97,24.0,17.996666666666666,98.29583333333333,0.9068287037037037,20.938791666666667
2013-05-23,19.47,16.24,100.0,90.6,1.808,3.438888888888889,279.0,8.69,16.23,16.24,16.24,24.0,17.398333333333333,92.95291666666667,0.8454861111111112,62.528
2013-05-24,20.99,14.17,100.0,73.29,5.4,3.480555555555555,274.0,0.229,17.1,17.23,17.23,24.0,17.431250000000002,95.425,0.8525578703703703,76.72191666666667
2013-05-25,21.15,13.28,100.0,78.42,6.626,3.3388888888888886,67.0,9.6,13.41,13.41,13.41,24.0,17.17625,90.56083333333333,0.8011921296296296,123.77483333333333
2013-05-26,24.26,12.22,100.0,62.08,10.69,3.8694444444444445,94.0,0.0,16.43,17.63,17.63,24.0,18.239583333333332,91.26625,0.9684490740740741,98.152625
2013-05-27,23.67,15.35,100.0,64.76,8.48,5.6611111111111105,86.0,1.8290000000000002,15.88,15.88,15.88,24.0,16.831666666666667,98.39166666666667,0.6897800925925925,43.07004166666667
2013-05-28,20.78,13.93,100.0,88.7,3.719,3.1305555555555555,82.0,14.4,15.12,15.12,15.12,24.0,16.685,98.87916666666666,1.0004513888888888,28.733
2013-05-29,19.56,14.37,100.0,91.6,2.481,4.8388888888888895,198.0,3.2,16.6,16.62,16.62,24.0,19.575,87.46958333333333,1.2541087962962962,141.5375
2013-05-30,27.14,13.41,100.0,64.21,12.22,14.138888888888888,242.0,7.5440000000000005,17.08,21.44,21.44,24.0,17.559583333333332,67.75458333333334,1.5893402777777776,142.84933333333333
2013-05-31,22.99,8.02,99.3,29.47,12.34,8.780555555555555,267.0,0.0,7.991,8.14,6.374,24.0,13.556,86.68083333333334,0.933414351851852,132.84158333333332
2013-06-01,22.25,5.421,100.0,44.37,11.47,6.688888888888888,36.0,0.0,12.8,12.84,12.84,24.0,17.15125,88.51583333333333,0.8070833333333334,144.536625
2013-06-02,25.72,9.62,100.0,61.13,12.48,5.1499999999999995,227.0,22.07,17.8,17.81,17.81,24.0,19.368333333333332,95.54166666666667,0.8400115740740741,71.66925
2013-06-03,23.49,17.55,100.0,78.71,6.19,5.6611111111111105,219.0,11.89,18.41,18.68,18.68,24.0,18.80333333333333,90.86625,1.1690046296296297,116.38170833333334
2013-06-04,22.87,16.22,100.0,69.99,10.05,5.238888888888889,33.0,0.0,15.92,16.22,16.22,24.0,17.749166666666667,89.86791666666666,0.8008912037037037,116.91170833333332
2013-06-05,23.62,13.26,100.0,63.27,10.1,3.569444444444444,45.0,0.0,14.09,14.09,14.09,24.0,16.285416666666666,90.48541666666667,0.7639814814814815,150.82379166666666
2013-06-06,26.28,10.24,100.0,54.71,13.02,2.861111111111111,67.0,0.0,12.86,12.86,12.86,24.0,17.583333333333332,86.89583333333333,0.9331365740740741,147.37608333333333
2013-06-07,28.44,11.64,100.0,41.59,12.73,6.15,294.0,0.0,15.26,15.26,15.26,24.0,17.463333333333335,93.37083333333334,0.7139814814814814,52.19808333333333
2013-06-08,21.07,13.29,100.0,78.29,4.507,3.1305555555555555,110.0,0.0,17.22,17.48,17.48,24.0,18.647916666666667,88.49541666666666,0.8666782407407406,137.9969583333333
2013-06-09,24.59,14.16,100.0,63.6,11.92,4.180555555555555,185.0,0.0,14.92,16.97,16.97,24.0,17.858333333333334,87.20541666666666,0.9562384259259259,114.71358333333332
2013-06-10,23.87,14.25,100.0,60.45,9.91,4.538888888888889,334.0,0.0,15.73,15.73,15.73,24.0,18.238333333333333,91.63291666666667,0.8280902777777778,129.705375
2013-06-11,25.76,12.65,100.0,64.77,11.2,2.969444444444444,101.0,0.0,18.06,18.28,18.28,24.0,18.889166666666664,95.14166666666667,0.5790509259259259,38.00120833333333
2013-06-12,21.1,17.55,100.0,79.88,3.282,2.19,126.0,0.229,17.71,17.84,17.84,24.0,18.989166666666666,94.8875,0.6160185185185185,56.404500000000006
2013-06-13,22.65,16.73,100.0,80.2,4.871,2.2888888888888888,58.0,0.229,17.83,17.83,17.83,24.0,18.815833333333334,92.58458333333334,0.6628240740740741,85.15883333333333
2013-06-14,24.34,13.51,100.0,65.73,7.354,3.2111111111111112,356.0,0.0,13.55,13.55,13.55,24.0,16.089583333333334,90.04708333333333,0.6311574074074074,146.66533333333334
2013-06-15,25.07,11.7,100.0,48.92,12.67,2.9805555555555556,83.0,0.229,13.85,13.85,13.85,24.0,15.625,97.3,0.7833101851851851,15.198208333333334
2013-06-16,18.03,13.65,100.0,86.7,1.312,2.7694444444444444,91.0,3.886,15.12,15.15,15.15,24.0,16.40625,98.06666666666666,0.6693287037037038,39.796375000000005
2013-06-17,20.49,15.08,100.0,83.6,3.437,2.6888888888888887,69.0,21.49,16.25,16.25,16.25,24.0,19.266666666666666,87.57875,1.2607638888888888,137.19145833333332
2013-06-18,25.98,15.32,100.0,54.56,11.85,7.538888888888889,242.0,2.972,17.17,17.51,17.51,24.0,18.89375,91.76916666666666,0.9395023148148148,82.86858333333333
2013-06-19,22.45,16.22,99.9,71.91,7.156,4.169444444444444,89.0,0.0,17.91,18.17,18.17,24.0,18.60875,97.53750000000001,0.8780439814814814,38.62954166666667
2013-06-20,20.89,16.63,100.0,87.1,3.336,5.5888888888888895,102.0,21.95,16.48,16.72,16.72,24.0,16.360416666666666,99.58333333333333,1.068125,9.08725
2013-06-21,16.95,15.78,100.0,97.4,0.785,3.5388888888888888,273.0,55.09,15.97,15.97,15.97,24.0,16.617083333333333,99.03833333333334,0.92375,11.309333333333333
2013-06-22,19.69,15.7,100.0,63.69,0.978,8.519444444444444,255.0,51.0,12.55,19.44,19.44,24.0,17.579166666666666,66.55083333333333,2.887708333333333,153.52529166666667
2013-06-23,22.03,10.38,99.9,47.42,13.26,16.05,273.0,0.0,10.38,10.38,10.38,24.0,13.634166666666667,90.55458333333333,0.8006134259259259,102.36649999999999
2013-06-24,19.74,8.47,100.0,64.64,8.84,3.3805555555555555,267.0,0.686,14.73,14.96,14.96,24.0,15.444166666666668,99.68333333333334,0.6827199074074074,9.350541666666667
2013-06-25,16.39,14.51,100.0,98.5,0.807,2.04,324.0,26.75,15.79,15.79,15.79,24.0,16.93166666666667,98.61666666666667,0.6059953703703703,34.719625
2013-06-26,19.38,15.42,100.0,91.9,2.998,2.1199999999999997,186.0,1.3719999999999999,16.97,16.97,16.97,24.0,17.3275,98.01666666666667,0.8041666666666667,28.416833333333333
2013-06-27,19.46,15.78,100.0,89.8,2.454,2.8305555555555553,148.0,0.914,15.86,15.86,15.86,24.0,15.558333333333332,98.97500000000001,1.0222800925925926,22.691916666666668
2013-06-28,16.89,14.89,100.0,90.9,1.96,3.488888888888889,88.0,7.5440000000000005,15.16,15.16,15.16,24.0,16.22791666666667,96.875,0.6858217592592593,40.394041666666666
2013-06-29,18.26,14.66,100.0,87.5,3.488,2.5999999999999996,85.0,8.69,16.3,16.3,16.3,24.0,18.45625,96.98333333333333,1.006574074074074,51.67283333333333
2013-06-30,22.78,16.22,100.0,77.07,4.464,4.861111111111111,226.0,4.801,16.58,17.2,17.2,24.0,15.426666666666668,94.07083333333333,1.590787037037037,33.5585
2013-07-01,17.28,12.41,99.1,81.3,2.896,5.611111111111111,73.0,5.486,12.82,12.94,12.94,24.0,13.746666666666668,95.55833333333334,1.0362731481481482,26.441458333333333
2013-07-02,15.08,12.86,99.8,84.2,2.284,4.138888888888889,252.0,0.0,13.14,13.28,13.28,24.0,13.825833333333334,94.26458333333333,0.6425231481481481,48.51083333333333
2013-07-03,16.4,10.91,100.0,76.75,4.189,2.261111111111111,308.0,0.0,13.32,13.43,13.43,24.0,16.173750000000002,92.74583333333334,0.6759837962962963,92.99279166666666
2013-07-04,20.67,13.33,99.9,71.96,8.03,3.5805555555555557,105.0,0.0,16.21,16.34,16.34,24.0,18.07125,94.38125000000001,0.652349537037037,62.639916666666664
2013-07-05,22.13,15.22,100.0,77.89,5.41,2.9499999999999997,4.0,0.0,17.1,17.13,17.13,24.0,18.644166666666667,91.03708333333333,0.7487152777777778,135.27566666666667
2013-07-06,24.97,15.14,100.0,63.79,11.68,3.35,77.0,0.0,16.46,16.46,16.46,24.0,18.82,95.11416666666666,0.8604050925925927,107.32533333333333
2013-07-07,26.78,15.42,100.0,71.49,9.27,2.9194444444444443,307.0,0.0,16.32,16.32,16.32,24.0,18.96125,90.85625,1.1369328703703705,114.45191666666666
2013-07-08,27.1,13.87,100.0,64.04,9.88,5.169444444444444,157.0,0.457,15.69,15.72,15.72,24.0,14.280416666666667,97.125,1.5318171296296297,23.167541666666665
2013-07-09,15.78,13.49,100.0,85.0,2.0,4.280555555555556,303.0,1.3719999999999999,13.46,13.67,13.67,24.0,15.144166666666665,98.16666666666667,0.6920949074074074,42.156416666666665
2013-07-10,17.19,13.63,100.0,93.2,3.641,3.2694444444444444,347.0,2.743,15.69,15.86,15.86,24.0,17.772916666666667,93.39166666666667,0.8849421296296297,90.6805
2013-07-11,21.96,15.4,100.0,74.58,7.831,3.7,293.0,0.229,17.23,17.3,17.3,24.0,18.810416666666665,89.09500000000001,1.0521643518518518,139.371625
2013-07-12,23.68,16.42,100.0,58.58,12.04,5.7,81.0,0.0,16.5,16.5,16.5,24.0,18.0075,88.68124999999999,0.7890162037037037,145.66291666666666
2013-07-13,25.43,12.78,100.0,54.6,12.58,3.5805555555555557,78.0,0.0,12.9,12.9,12.9,24.0,16.809166666666666,87.91250000000001,0.6600925925925926,150.62833333333333
2013-07-14,27.14,10.56,100.0,49.65,13.01,2.55,45.0,0.0,14.03,14.03,14.03,24.0,17.231666666666666,92.59041666666667,0.8502083333333333,93.14583333333333
2013-07-15,25.38,12.06,100.0,59.9,8.04,3.319444444444444,313.0,0.0,16.22,16.22,16.22,24.0,15.307083333333333,94.64166666666667,1.4894328703703703,32.932375
2013-07-16,17.47,13.44,100.0,81.3,2.844,4.080555555555556,22.0,0.457,13.16,13.6,13.6,24.0,14.598333333333334,87.93791666666668,0.9640972222222222,157.98333333333332
2013-07-17,21.73,9.35,100.0,57.91,13.64,4.561111111111112,41.0,0.0,10.05,10.05,10.05,24.0,14.225,90.40416666666665,0.6874768518518518,154.91045833333334
2013-07-18,24.01,8.67,100.0,57.11,13.38,4.0,,0.0,12.86,12.86,12.86,24.0,20.16625,73.38666666666667,1.3139699074074074,157.21
2013-07-19,31.46,10.77,100.0,33.15,13.58,10.730555555555556,298.0,0.0,16.2,18.37,18.37,24.0,13.877083333333333,95.90416666666665,1.8389236111111111,11.073875000000001
2013-07-20,18.34,11.67,100.0,85.2,0.9560000000000001,5.988888888888888,47.0,21.31,11.72,11.72,11.72,24.0,13.226666666666667,99.32083333333333,0.8287962962962964,23.697791666666664
2013-07-21,14.89,11.71,100.0,94.0,2.046,4.261111111111111,1.0,33.4,14.25,14.25,14.25,24.0,14.085833333333333,99.425,1.225613425925926,14.107291666666667
2013-07-22,15.84,12.78,100.0,96.8,1.218,6.488888888888889,233.0,24.26,13.02,13.02,13.02,24.0,10.633458333333333,96.7625,1.361412037037037,17.630375
2013-07-23,13.08,7.198,100.0,81.9,1.5230000000000001,9.119444444444444,213.0,29.49,6.411,7.198,3.439,24.0,8.119166666666667,71.78625000000001,2.4169560185185186,106.34724999999999
2013-07-24,12.64,3.794,100.0,42.32,9.18,12.1,267.0,2.057,1.401,4.31,2.586,24.0,7.688833333333334,78.11083333333333,0.9967361111111112,171.96375
2013-07-25,16.22,0.388,99.8,42.01,14.85,5.030555555555555,110.0,0.0,7.496,8.08,6.255,24.0,10.724583333333333,86.65333333333332,1.2002083333333333,64.76029166666667
2013-07-26,14.48,7.944,100.0,56.94,5.592,6.169444444444444,273.0,1.143,8.09,8.09,7.412,24.0,11.921166666666666,85.96416666666666,0.8464120370370369,136.66483333333332
2013-07-27,19.72,4.624,100.0,54.94,11.8,4.55,86.0,0.0,9.3,9.31,9.31,24.0,12.383083333333333,86.34625,0.8101273148148148,155.75808333333333
2013-07-28,20.71,5.159,100.0,52.72,13.45,4.580555555555555,74.0,0.0,8.61,8.61,6.85,24.0,13.072666666666668,88.11458333333333,0.6623263888888888,169.48954166666667
2013-07-29,23.31,6.189,100.0,51.14,14.64,2.7,356.0,0.0,9.6,9.6,9.6,24.0,13.238624999999999,83.21833333333333,0.8436458333333333,175.68275000000003
2013-07-30,22.99,6.532,100.0,35.05,15.17,3.819444444444444,47.0,0.0,9.14,9.14,9.14,24.0,12.96425,86.59125,0.7794212962962962,170.34870833333332
2013-07-31,23.5,5.916,100.0,48.13,14.71,4.3999999999999995,81.0,0.0,11.87,11.87,11.87,24.0,13.38125,95.87541666666668,0.6996759259259259,82.852625
2013-08-01,19.83,10.85,100.0,72.12,7.155,3.1194444444444445,320.0,0.0,12.2,12.2,12.2,24.0,16.370833333333334,89.96875,0.8392245370370369,160.16579166666668
2013-08-02,28.55,10.16,100.0,48.27,13.83,2.7305555555555556,59.0,0.0,13.71,13.71,13.71,24.0,19.977083333333333,81.27791666666667,0.796875,166.53216666666665
2013-08-03,32.55,10.76,100.0,41.03,14.38,3.730555555555555,274.0,0.0,15.76,19.45,19.45,24.0,19.610833333333336,80.0025,1.6978124999999997,143.91445833333333
2013-08-04,29.3,14.38,94.9,49.92,12.43,6.449999999999999,154.0,0.0,13.59,14.38,14.38,24.0,16.890833333333333,89.02625,1.126412037037037,113.24933333333333
2013-08-05,24.12,13.45,98.3,69.73,9.78,5.780555555555555,223.0,0.914,14.37,14.99,14.99,24.0,15.367083333333333,92.79666666666667,0.9204050925925925,50.482791666666664
2013-08-06,19.0,12.64,100.0,70.86,4.36,5.6305555555555555,353.0,0.457,14.76,15.28,15.28,24.0,15.660833333333334,97.23333333333333,1.0789236111111111,21.705624999999998
2013-08-07,18.31,11.92,100.0,80.5,1.874,5.961111111111111,94.0,26.75,11.74,11.93,11.93,24.0,14.940416666666666,89.10083333333334,0.7995601851851851,154.82649999999998
2013-08-08,23.03,9.27,100.0,60.1,13.37,4.211111111111111,88.0,0.0,15.49,15.52,15.52,24.0,18.305833333333332,91.55041666666666,0.8418287037037037,133.45879166666666
2013-08-09,24.38,15.51,100.0,70.02,11.53,3.819444444444444,9.0,0.0,16.89,16.89,16.89,24.0,16.913333333333334,95.90833333333335,1.5340046296296297,35.86183333333333
2013-08-10,18.55,15.34,100.0,87.8,3.097,5.55,354.0,0.0,15.99,16.63,16.63,24.0,16.04583333333333,90.36625,1.0983101851851853,25.040041666666667
2013-08-11,17.74,13.53,100.0,54.66,2.162,12.56111111111111,218.0,3.2,5.235,13.53,13.53,24.0,14.468333333333334,67.39541666666666,2.5005324074074076,189.033875
2013-08-12,20.53,8.81,100.0,45.88,16.32,12.088888888888889,266.0,0.0,9.68,9.68,7.417,24.0,13.107458333333334,86.14708333333334,0.8320601851851852,196.6760416666667
2013-08-13,22.24,6.3,100.0,53.64,16.98,4.111111111111112,68.0,0.0,10.98,10.98,10.98,24.0,13.593333333333334,94.27916666666665,0.8295717592592592,57.0135
2013-08-14,17.35,9.24,100.0,83.1,4.924,3.511111111111111,43.0,5.944,13.44,13.61,13.61,24.0,12.407499999999999,91.65249999999999,0.9643634259259258,61.69583333333333
2013-08-15,18.12,9.46,100.0,53.42,5.328,4.7,85.0,17.37,9.14,9.64,8.51,24.0,13.148333333333333,76.91416666666667,1.3422337962962965,144.26716666666667
2013-08-16,19.27,8.53,98.4,50.8,12.46,6.2,171.0,0.0,9.85,10.08,10.08,24.0,13.200833333333334,90.77166666666666,0.9297453703703704,101.190375
2013-08-17,18.14,8.51,100.0,66.68,8.74,4.51111111111111,272.0,3.429,13.48,13.49,13.49,24.0,13.897916666666667,97.82916666666667,1.223912037037037,49.51883333333333
2013-08-18,15.88,12.44,100.0,89.2,4.277,4.3805555555555555,262.0,11.89,12.27,12.46,12.46,24.0,14.57,95.78333333333335,0.7744212962962963,64.83141666666667
2013-08-19,19.28,12.2,100.0,77.25,5.598,3.1805555555555554,166.0,7.315,14.73,15.07,15.07,24.0,16.64125,93.84583333333335,1.408923611111111,119.71608333333334
2013-08-20,21.38,14.25,100.0,72.15,10.34,6.1194444444444445,82.0,1.8290000000000002,15.65,15.65,15.65,24.0,17.632916666666667,91.02416666666666,1.4291203703703703,139.3305
2013-08-21,22.79,14.2,100.0,66.0,12.03,5.511111111111111,83.0,0.229,14.3,14.35,14.35,24.0,18.349166666666665,87.91541666666666,0.9893171296296296,196.83404166666665
2013-08-22,25.54,14.34,100.0,57.97,17.0,4.861111111111111,78.0,0.0,14.92,14.92,14.92,24.0,19.48375,88.53833333333334,0.8259374999999999,178.86687500000002
2013-08-23,30.08,14.03,100.0,48.27,15.45,3.1999999999999997,87.0,0.0,17.58,18.84,18.84,24.0,16.420416666666664,94.4375,1.7103703703703703,26.31725
2013-08-24,19.88,12.8,99.1,87.4,2.273,6.511111111111111,92.0,0.457,12.74,12.87,12.87,24.0,14.335416666666667,94.9375,0.7188541666666667,63.856125
2013-08-25,17.14,12.15,100.0,81.4,5.514,2.7,130.0,2.972,14.86,15.08,15.08,24.0,17.019583333333333,93.48708333333333,1.0162152777777778,104.16720833333333
2013-08-26,22.76,14.92,100.0,68.82,9.0,4.161111111111111,139.0,6.858,15.56,15.66,15.66,24.0,13.893749999999999,98.47500000000001,1.1573263888888887,19.27991666666667
2013-08-27,15.66,12.51,100.0,94.8,1.665,3.8694444444444445,284.0,45.49,12.35,12.51,12.51,24.0,13.520000000000001,78.01958333333333,1.787060185185185,137.063375
2013-08-28,17.84,10.63,100.0,52.74,11.84,8.7,283.0,1.143,3.59,10.85,10.85,24.0,12.412583333333332,73.58708333333333,1.3088194444444443,229.23541666666665
2013-08-29,21.02,5.361,100.0,42.49,19.79,7.419444444444444,216.0,0.0,8.02,8.03,8.03,24.0,12.736416666666665,84.36916666666667,0.9592361111111111,231.14391666666666
2013-08-30,21.91,5.542,100.0,44.98,19.96,4.888888888888889,73.0,0.0,9.72,9.72,9.72,24.0,14.497458333333334,87.02208333333334,0.8866550925925926,213.22708333333333
2013-08-31,23.12,7.662,100.0,57.21,18.41,4.288888888888889,75.0,0.0,12.6,12.6,12.6,24.0,14.879583333333334,95.81666666666666,0.8001736111111111,83.88225
2013-09-01,19.85,12.62,100.0,78.88,7.244,2.638888888888889,274.0,0.0,15.04,15.1,15.1,24.0,17.8025,91.11458333333333,1.305474537037037,113.39016666666667
2013-09-02,25.27,14.5,100.0,63.92,9.79,10.611111111111112,269.0,3.429,15.96,16.17,16.17,24.0,20.587500000000002,83.205,1.2166666666666666,138.754625
2013-09-03,27.02,14.46,100.0,54.68,11.98,10.130555555555555,253.0,0.914,17.73,18.47,18.47,24.0,19.038333333333334,90.41041666666666,1.2173726851851852,88.67416666666666
2013-09-04,24.67,16.13,99.9,72.56,7.658,6.488888888888889,135.0,0.457,14.7,16.58,16.58,24.0,14.918333333333335,75.85458333333334,2.213287037037037,87.19583333333334
2013-09-05,17.49,12.84,92.5,38.68,7.53,6.580555555555556,40.0,0.0,10.42,13.02,13.02,24.0,15.850416666666666,85.60374999999999,1.122835648148148,120.43075
2013-09-06,21.1,12.43,95.5,65.35,10.4,4.95,80.0,0.0,14.73,15.48,15.48,24.0,17.47625,91.11708333333333,1.174224537037037,65.36679166666666
2013-09-07,21.95,14.79,99.7,72.46,5.645,5.519444444444445,356.0,0.0,16.52,17.39,17.39,24.0,18.831666666666667,87.24000000000001,1.4416782407407407,155.82558333333333
2013-09-08,24.29,14.68,100.0,63.58,13.46,6.538888888888889,82.0,0.0,16.37,16.73,16.73,24.0,20.14708333333333,86.5025,1.0305787037037037,190.71154166666668
2013-09-09,26.92,16.08,99.3,59.93,16.47,4.55,37.0,0.0,17.33,17.42,17.42,24.0,20.548750000000002,85.44083333333333,1.1907407407407407,209.91004166666667
2013-09-10,28.55,15.57,100.0,52.29,18.13,6.061111111111111,87.0,0.0,15.58,15.58,15.58,24.0,18.03625,92.01666666666667,1.3106018518518519,151.81087499999998
2013-09-11,25.63,14.98,100.0,64.25,13.11,4.680555555555556,91.0,0.0,16.86,17.27,17.27,24.0,20.217916666666667,84.27833333333334,1.5095833333333333,197.12770833333332
2013-09-12,25.56,15.99,98.5,57.24,17.02,7.330555555555556,80.0,0.0,18.34,19.06,19.06,24.0,21.3025,84.9575,1.0408217592592592,207.71099999999998
2013-09-13,28.92,16.7,99.2,56.37,17.94,4.719444444444444,86.0,0.0,16.5,16.71,16.71,24.0,21.2925,87.68583333333333,1.0136574074074074,205.44229166666665
2013-09-14,32.47,15.74,100.0,48.33,17.74,4.46111111111111,77.0,0.0,17.24,17.25,17.25,24.0,22.20875,82.92916666666666,1.0888425925925926,214.78704166666668
2013-09-15,33.2,16.28,100.0,40.06,18.55,4.761111111111111,61.0,0.0,19.42,19.76,19.76,24.0,23.34375,79.2525,0.9080439814814815,218.97058333333334
2013-09-16,34.13,15.69,100.0,37.83,18.91,4.411111111111111,66.0,0.0,19.92,20.66,20.66,24.0,19.365833333333335,97.8125,1.0322685185185185,14.550666666666666
2013-09-17,21.1,18.04,99.9,86.4,1.258,4.1305555555555555,53.0,50.77,18.5,18.57,18.57,24.0,18.40791666666667,93.39416666666666,0.9491666666666666,71.32470833333333
2013-09-18,22.84,13.85,100.0,67.67,6.158,5.461111111111111,223.0,9.14,13.91,13.91,13.91,24.0,14.041666666666666,85.01458333333333,1.2754282407407407,87.08749999999999
2013-09-19,18.02,10.09,100.0,58.55,7.521,5.988888888888888,79.0,0.914,12.8,12.92,12.92,24.0,13.686666666666667,94.34166666666665,1.0164467592592592,56.49066666666667
2013-09-20,15.72,12.15,99.5,81.5,4.879,3.911111111111111,268.0,2.057,13.75,13.94,13.94,24.0,15.849583333333333,98.87916666666666,1.2157523148148146,21.141375
2013-09-21,19.16,13.83,100.0,91.2,1.826,8.780555555555555,82.0,77.67,17.84,18.13,18.13,24.0,18.6775,98.71249999999999,1.0509375,34.061875
2013-09-22,20.52,17.36,100.0,93.5,2.942,6.7,297.0,18.11,17.3,17.37,17.37,24.0,16.85375,99.6375,1.3694212962962962,16.6925
2013-09-23,17.44,16.32,100.0,98.3,1.442,9.88888888888889,254.0,64.67,16.47,16.48,16.48,24.0,19.14,90.83541666666667,1.0633217592592592,131.26104166666667
2013-09-24,24.57,15.94,100.0,65.24,11.34,4.988888888888889,185.0,0.0,17.41,17.77,17.77,24.0,18.154166666666665,67.54916666666666,2.1499537037037038,153.21908333333334
2013-09-25,22.48,14.07,98.7,29.25,13.23,13.211111111111112,279.0,0.0,4.985,14.07,14.07,24.0,16.972083333333334,61.69958333333333,2.458101851851852,191.14529166666668
2013-09-26,22.21,12.79,94.8,41.97,16.51,8.688888888888888,274.0,0.0,12.11,13.09,13.09,24.0,15.368333333333332,76.74458333333332,1.1191782407407407,276.4752916666667
2013-09-27,22.47,9.48,99.1,40.7,23.87,6.180555555555555,88.0,0.0,10.65,10.83,10.83,24.0,15.232083333333334,87.21749999999999,1.170625,153.499
2013-09-28,21.02,9.7,100.0,59.69,13.26,6.549999999999999,59.0,0.686,14.31,14.49,14.49,24.0,16.155,90.11,1.117037037037037,91.43095833333332
2013-09-29,21.19,13.47,100.0,60.76,7.895,6.538888888888889,41.0,1.6,15.18,15.36,15.36,24.0,17.2725,91.83749999999999,0.899375,79.75945833333334
2013-09-30,20.58,14.99,99.5,75.28,6.888,3.819444444444444,87.0,0.229,16.37,16.5,16.5,24.0,18.711666666666666,91.32416666666667,1.0089699074074074,142.39866666666668
2013-10-01,24.0,14.83,100.0,68.93,12.3,4.6305555555555555,85.0,2.057,17.88,18.03,18.03,24.0,18.66208333333333,95.3,1.1385648148148149,69.124125
2013-10-02,24.6,16.42,99.9,72.41,5.968,6.019444444444445,79.0,6.858,16.27,16.73,16.73,24.0,17.885416666666668,97.24583333333334,0.8066203703703704,58.040416666666665
2013-10-03,21.37,16.3,100.0,84.3,5.013,2.6194444444444445,281.0,6.858,18.01,18.09,18.09,24.0,18.67833333333333,98.175,1.1437384259259258,39.18354166666666
2013-10-04,20.49,17.67,100.0,91.1,3.384,5.111111111111111,85.0,26.14,18.51,18.51,18.51,24.0,21.492500000000003,91.01958333333333,0.9848611111111111,159.97591666666668
2013-10-05,27.81,17.73,100.0,69.96,13.81,4.3805555555555555,64.0,8.64,18.17,18.35,18.35,24.0,19.188750000000002,79.10083333333334,1.7639004629629629,237.11083333333332
2013-10-06,25.13,13.7,100.0,39.1,20.47,7.269444444444445,85.0,0.229,14.31,17.49,17.49,24.0,18.178333333333335,81.03625,1.6129745370370372,185.01916666666668
2013-10-07,23.15,14.09,98.0,56.78,15.98,7.511111111111111,78.0,3.658,14.72,15.47,15.47,24.0,16.916666666666668,81.31458333333333,1.4782523148148148,207.45862499999998
2013-10-08,22.29,13.12,98.5,42.49,17.92,6.7,100.0,3.2,13.44,13.9,13.9,24.0,15.746666666666668,87.32291666666667,0.8720949074074075,127.18737499999999
2013-10-09,21.49,10.52,99.8,62.84,10.98,4.3999999999999995,161.0,0.0,13.53,13.55,13.55,24.0,17.510833333333334,85.19208333333333,1.8159837962962964,236.67916666666667
2013-10-10,24.74,11.92,100.0,51.1,20.44,8.61111111111111,91.0,0.0,15.33,15.47,15.47,24.0,18.7175,90.985,1.5026967592592593,101.33595833333334
2013-10-11,22.79,15.4,100.0,71.27,8.75,7.01111111111111,65.0,1.143,17.52,18.12,18.12,24.0,20.505416666666665,87.01083333333334,1.664259259259259,180.72433333333333
2013-10-12,25.08,16.96,100.0,61.01,15.61,6.980555555555555,45.0,0.0,18.5,18.96,18.96,24.0,20.710833333333333,88.47666666666667,1.3535879629629628,132.76466666666667
2013-10-13,25.65,17.47,99.6,62.86,11.47,6.0,99.0,0.0,18.91,19.66,19.66,24.0,21.90125,87.03083333333332,0.9232986111111111,178.9775
2013-10-14,28.78,18.82,99.3,59.15,15.46,5.1611111111111105,88.0,0.0,19.55,20.09,20.09,24.0,23.50375,84.44,1.1586342592592593,227.23570833333335
2013-10-15,32.53,19.22,99.8,52.63,19.62,6.361111111111111,89.0,0.0,19.87,21.49,21.49,24.0,22.406666666666666,82.97625000000001,1.118622685185185,164.23254166666666
2013-10-16,27.31,18.77,99.5,59.36,14.18,5.4,87.0,2.057,19.05,19.3,19.3,24.0,19.212500000000002,95.50416666666666,1.0064583333333335,45.284625000000005
2013-10-17,21.96,17.2,99.4,80.6,3.91,5.55,78.0,11.89,17.22,17.35,17.35,24.0,18.4425,93.67125,1.0487731481481481,86.06954166666667
2013-10-18,23.1,16.79,99.6,69.94,7.432,4.280555555555556,132.0,2.515,16.6,16.87,16.87,24.0,20.417083333333334,88.00833333333333,1.2782986111111112,243.75433333333334
2013-10-19,27.07,16.77,99.9,65.03,21.05,5.838888888888889,84.0,1.6,18.14,18.44,18.44,24.0,22.131666666666664,82.54458333333334,1.4912152777777778,305.72295833333334
2013-10-20,29.13,16.64,99.7,50.86,26.4,6.769444444444445,73.0,0.0,19.14,19.56,19.56,24.0,22.582916666666666,85.50083333333333,1.6334143518518518,216.89933333333332
2013-10-21,28.28,18.43,100.0,57.84,18.73,5.911111111111111,51.0,0.0,20.53,21.02,21.02,24.0,23.776666666666667,79.80333333333333,1.823287037037037,168.46204166666666
2013-10-22,31.21,20.46,99.6,49.51,14.55,11.880555555555556,242.0,5.105,18.22,21.47,21.47,24.0,20.046666666666667,89.515,1.4513078703703703,54.97716666666667
2013-10-23,21.86,17.91,98.5,70.68,4.748,4.561111111111112,82.0,0.914,18.28,18.53,18.53,24.0,21.8625,90.49458333333332,1.2681018518518519,149.20250000000001
2013-10-24,27.24,18.27,100.0,68.12,12.88,4.819444444444445,75.0,0.0,21.62,21.68,21.68,24.0,22.34166666666667,92.60083333333334,1.0822337962962962,95.98287499999999
2013-10-25,28.11,19.63,99.7,68.23,8.29,6.488888888888889,223.0,35.48,19.37,20.35,20.35,24.0,18.647916666666667,95.69166666666666,1.3500231481481482,57.735375000000005
2013-10-26,20.34,17.4,99.8,86.6,4.986,3.911111111111111,256.0,6.401,17.49,17.55,17.55,24.0,19.6575,96.8125,0.9151388888888888,52.08204166666667
2013-10-27,22.57,17.37,100.0,87.5,4.498,4.780555555555556,216.0,1.3719999999999999,20.09,20.84,20.84,24.0,23.052916666666665,80.365,2.1977546296296295,282.24304166666667
2013-10-28,29.62,19.22,100.0,44.54,24.37,7.2,95.0,6.629,16.72,19.34,19.34,24.0,19.125833333333333,75.14791666666666,1.642974537037037,230.17308333333335
2013-10-29,23.85,15.22,95.4,50.09,19.88,6.638888888888888,44.0,0.0,15.05,15.95,15.95,24.0,18.55666666666667,79.13041666666666,1.4566666666666668,302.0657916666667
2013-10-30,24.45,13.9,99.4,45.7,26.08,7.330555555555556,87.0,0.0,14.38,14.91,14.91,24.0,19.777916666666666,79.66958333333334,1.7586805555555556,270.042
2013-10-31,26.72,14.41,99.2,51.07,23.32,7.180555555555555,79.0,0.0,16.43,19.26,19.26,24.0,19.71,87.19291666666668,1.4592824074074073,112.18845833333334
2013-11-01,25.13,16.34,98.4,67.15,9.69,6.8694444444444445,82.0,1.143,17.73,17.97,17.97,24.0,20.145,87.18666666666667,1.9844791666666666,154.99474999999998
2013-11-02,24.59,16.48,99.6,60.79,13.39,9.119444444444444,68.0,3.2,16.34,16.48,16.48,24.0,20.461666666666666,89.07875,1.7393634259259259,142.43699999999998
2013-11-03,25.47,16.39,99.8,67.38,12.3,7.580555555555555,53.0,0.229,19.6,20.34,20.34,24.0,21.781666666666666,92.07083333333333,0.7925462962962962,131.16220833333333
2013-11-04,27.78,19.63,99.9,66.36,11.33,3.730555555555555,90.0,16.69,20.84,20.84,20.84,24.0,18.93916666666667,96.19166666666666,1.3952546296296295,57.85154166666666
2013-11-05,20.84,17.19,100.0,89.4,4.995,5.530555555555556,28.0,4.343,16.05,17.23,17.23,24.0,18.730833333333333,79.36833333333333,1.4886921296296298,261.09499999999997
2013-11-06,24.12,11.96,100.0,51.4,22.55,7.161111111111111,89.0,0.0,15.79,17.13,17.13,24.0,18.857083333333332,80.5425,1.2750810185185184,158.13862500000002
2013-11-07,23.64,16.24,97.7,54.75,13.66,8.21111111111111,85.0,0.229,16.56,16.94,16.94,24.0,18.556250000000002,90.75333333333333,0.947800925925926,80.61491666666667
2013-11-08,22.14,16.47,99.6,71.63,6.962,4.480555555555555,266.0,1.143,17.47,17.53,17.53,24.0,21.17125,87.68833333333333,1.3096412037037037,217.654375
2013-11-09,26.81,17.38,100.0,62.2,18.8,6.219444444444444,75.0,1.3719999999999999,19.32,19.72,19.72,24.0,23.022499999999997,83.93875,1.186875,273.88483333333335
2013-11-10,30.9,18.66,100.0,54.76,23.65,5.8,44.0,0.0,20.11,20.57,20.57,24.0,22.545416666666668,90.66083333333334,1.4047916666666664,109.32558333333333
2013-11-11,26.75,20.3,99.7,72.16,9.44,7.0,75.0,0.0,20.81,21.89,21.89,24.0,23.611666666666665,92.14916666666666,0.8849305555555556,129.37766666666667
2013-11-12,28.6,21.22,98.2,70.66,11.17,3.3611111111111107,199.0,1.6,21.83,22.13,22.13,24.0,25.82875,70.2625,1.9600694444444444,289.60470833333335
2013-11-13,33.23,18.39,99.6,27.28,25.01,10.488888888888889,237.0,1.8290000000000002,17.94,18.41,18.41,24.0,22.594583333333333,76.54958333333333,1.2560763888888888,344.30579166666666
2013-11-14,30.99,17.0,100.0,37.8,29.73,6.280555555555555,76.0,0.0,17.27,17.84,17.84,24.0,21.668333333333333,79.22625000000001,1.912013888888889,344.70374999999996
2013-11-15,27.56,16.71,100.0,48.76,29.76,8.761111111111111,66.0,0.0,16.87,17.42,17.42,24.0,21.3575,83.26916666666666,1.9040625,343.17
2013-11-16,28.24,13.91,100.0,56.32,29.64,7.511111111111111,73.0,0.0,20.31,21.67,21.67,24.0,21.032916666666665,89.28625,1.343900462962963,106.961
2013-11-17,27.19,17.5,97.1,67.95,9.24,8.238888888888889,132.0,12.9,16.71,17.5,17.5,24.0,19.367916666666666,83.9725,1.2240624999999998,148.06045833333334
2013-11-18,24.2,14.96,97.8,59.84,12.79,4.330555555555556,30.0,0.0,17.54,18.11,18.11,24.0,20.540416666666665,89.83708333333334,0.999224537037037,111.73254166666665
2013-11-19,24.95,17.28,99.7,69.32,9.65,3.8305555555555553,84.0,2.057,19.53,20.54,20.54,24.0,22.584166666666665,88.69791666666667,1.1477430555555557,127.59758333333333
2013-11-20,26.08,19.92,98.5,70.57,11.02,4.569444444444444,75.0,0.0,21.27,21.53,21.53,24.0,23.41125,92.46333333333332,0.8606018518518518,136.41816666666668
2013-11-21,28.92,20.86,99.5,69.14,11.78,4.969444444444444,326.0,8.92,21.96,22.03,22.03,24.0,23.291666666666668,91.625,1.119525462962963,98.30745833333333
2013-11-22,27.8,20.84,100.0,63.9,8.49,11.280555555555555,274.0,2.743,20.55,20.88,20.88,24.0,20.7125,90.09958333333333,1.146111111111111,95.65979166666666
2013-11-23,23.97,16.71,99.9,67.69,8.26,7.3694444444444445,117.0,24.97,16.26,16.98,16.98,24.0,19.00125,91.25625000000001,1.1331712962962963,112.196625
2013-11-24,24.76,16.12,98.9,62.61,9.69,3.438888888888889,280.0,3.658,17.43,17.68,17.68,24.0,19.544583333333332,97.14166666666667,0.9824768518518519,80.13804166666667
2013-11-25,21.66,17.51,100.0,80.8,6.92,5.038888888888889,86.0,32.92,20.2,20.37,20.37,24.0,22.3925,94.27083333333333,1.0207060185185186,162.73404166666666
2013-11-26,27.5,20.1,100.0,76.48,14.05,5.369444444444444,86.0,12.4,21.12,21.14,21.14,24.0,21.760833333333334,95.77499999999999,1.3746875,132.98233333333334
2013-11-27,24.45,20.22,100.0,82.1,11.48,6.280555555555555,44.0,12.12,20.21,20.36,20.36,24.0,22.92125,90.91375,1.1151967592592593,202.21716666666666
2013-11-28,28.26,20.05,100.0,70.37,17.46,5.3805555555555555,40.0,4.343,21.35,21.57,21.57,24.0,24.459999999999997,86.34500000000001,1.4354398148148146,279.1260833333333
2013-11-29,34.03,19.94,100.0,53.57,24.1,8.880555555555555,111.0,5.715,20.05,20.32,20.32,24.0,20.589166666666667,98.10416666666667,1.1259953703703702,61.42508333333333
2013-11-30,21.83,19.62,99.9,93.8,5.304,3.8694444444444445,133.0,8.23,19.89,19.92,19.92,24.0,19.584166666666665,98.44583333333333,1.0191550925925925,55.27908333333334
2013-12-01,20.67,17.9,100.0,95.3,4.774,5.819444444444444,106.0,12.57,17.92,18.06,18.06,24.0,19.530416666666667,97.09583333333335,0.7154629629629629,64.654875
2013-12-02,21.59,17.59,100.0,91.0,5.583,2.9194444444444443,271.0,2.057,19.84,19.84,19.84,24.0,23.2675,90.38416666666666,0.9495254629629629,226.46966666666665
2013-12-03,30.14,19.56,100.0,64.91,19.56,3.819444444444444,16.0,0.229,22.27,22.36,22.36,24.0,26.172083333333333,78.37041666666667,1.2755092592592592,325.08070833333335
2013-12-04,34.95,20.42,100.0,36.84,28.07,7.1499999999999995,308.0,0.0,20.6,22.47,22.47,24.0,23.980833333333333,86.88166666666666,1.227997685185185,206.84079166666666
2013-12-05,30.8,20.52,98.7,62.89,17.86,5.288888888888889,69.0,2.286,20.9,21.12,21.12,24.0,21.86125,93.94625,1.156388888888889,91.02854166666667
2013-12-06,29.48,18.74,100.0,67.32,7.861,8.930555555555555,198.0,35.89,18.9,18.9,18.9,24.0,21.133333333333333,84.9275,1.0642476851851852,120.78974999999998
2013-12-07,24.63,18.49,100.0,66.68,10.43,3.619444444444444,111.0,0.686,18.03,20.04,20.04,24.0,20.67625,93.66666666666667,0.7642824074074074,73.64016666666667
2013-12-08,23.4,18.73,99.1,79.21,6.359,2.661111111111111,136.0,8.92,20.77,20.89,20.89,24.0,22.787499999999998,94.23,0.8499768518518519,107.14041666666667
2013-12-09,27.17,20.33,100.0,75.74,9.25,5.788888888888889,56.0,3.429,22.6,22.76,22.76,24.0,24.939999999999998,90.47375,0.9229398148148148,167.72004166666667
2013-12-10,30.33,21.85,100.0,68.3,14.48,5.288888888888889,292.0,32.87,22.55,22.55,22.55,24.0,24.698333333333334,87.47958333333334,1.6446527777777777,231.30816666666666
2013-12-11,32.69,20.4,100.0,52.13,19.98,6.480555555555555,124.0,17.14,20.56,20.78,20.78,24.0,20.270833333333332,97.1375,0.9371180555555556,65.628375
2013-12-12,21.94,18.46,99.7,89.7,5.667,4.111111111111112,158.0,39.42,18.05,18.49,18.49,24.0,19.679583333333333,89.62625000000001,1.0106828703703703,102.02241666666667
2013-12-13,23.32,17.37,99.2,68.77,8.81,3.7194444444444446,273.0,0.229,17.49,17.73,17.73,24.0,20.99833333333333,88.3925,1.1348263888888888,142.48458333333335
2013-12-14,26.5,17.37,99.7,65.86,12.3,5.469444444444445,73.0,0.0,19.88,20.71,20.71,24.0,22.442916666666665,90.67416666666666,0.9812731481481481,166.35645833333334
2013-12-15,29.92,19.46,99.6,58.3,14.37,6.280555555555555,64.0,2.515,21.43,21.54,21.54,24.0,24.62,85.26583333333333,1.3362847222222223,250.70704166666667
2013-12-16,31.33,20.93,99.9,55.96,21.65,6.561111111111111,81.0,0.0,21.8,22.41,22.41,24.0,24.61125,82.8625,1.3078935185185185,266.620125
2013-12-17,30.7,19.81,99.9,54.76,23.03,5.75,95.0,0.229,21.15,21.65,21.65,24.0,22.916666666666668,83.04791666666667,1.2633217592592592,287.01875
2013-12-18,27.99,19.21,100.0,52.85,24.79,6.480555555555555,83.0,1.143,19.93,20.18,20.18,24.0,23.12375,87.27875,1.1680555555555554,194.24325
2013-12-19,29.46,19.74,99.7,60.66,16.77,5.111111111111111,88.0,4.115,20.28,20.54,20.54,24.0,22.506249999999998,90.10416666666667,1.129502314814815,170.2720833333333
2013-12-20,28.67,18.31,100.0,64.48,14.7,6.15,80.0,10.06,20.97,21.08,21.08,24.0,23.954166666666666,87.18333333333334,1.247025462962963,271.9401666666667
2013-12-21,29.37,19.96,100.0,62.74,23.49,5.430555555555555,139.0,3.886,21.09,21.29,21.29,24.0,23.352500000000003,88.36416666666666,1.2326388888888888,201.91599999999997
2013-12-22,27.81,20.06,99.4,68.11,17.44,5.919444444444444,116.0,1.6,20.67,21.21,21.21,24.0,22.805833333333336,89.33083333333333,1.2605439814814814,180.52829166666666
2013-12-23,28.03,20.34,98.8,70.97,15.59,5.980555555555556,128.0,3.886,20.75,21.04,21.04,24.0,23.850416666666664,87.1725,1.1774189814814815,209.59475
2013-12-24,29.32,20.42,99.7,62.3,18.1,5.319444444444444,71.0,0.914,21.65,22.14,22.14,24.0,25.382500000000004,82.10333333333334,1.2361689814814814,308.5568333333334
2013-12-25,31.3,20.83,98.7,54.06,26.64,5.388888888888888,78.0,0.0,22.7,23.46,23.46,24.0,26.7325,82.25625000000001,1.5128935185185186,367.42912500000006
2013-12-26,34.41,21.33,99.7,51.49,31.73,6.549999999999999,84.0,0.0,23.27,24.38,24.38,24.0,27.834166666666665,82.84916666666668,1.198449074074074,346.252
2013-12-27,36.29,22.59,99.1,54.86,29.9,5.388888888888888,74.0,0.0,23.81,24.84,24.84,24.0,27.89708333333333,83.69208333333334,1.172210648148148,326.52425
2013-12-28,35.49,23.2,99.3,50.75,28.2,5.8694444444444445,85.0,0.0,24.06,25.29,25.29,24.0,26.7175,88.65291666666667,0.9667013888888888,166.51395833333333
2013-12-29,32.68,23.35,99.1,63.73,14.38,4.46111111111111,83.0,5.258,24.36,24.53,24.53,24.0,27.029583333333335,88.60416666666667,1.095023148148148,173.88587500000003
2013-12-30,32.45,23.84,99.6,70.42,15.02,3.9194444444444443,319.0,0.0,24.1,24.93,24.93,24.0,28.319166666666664,82.985,0.8437037037037037,210.39045833333333
2013-12-31,37.07,23.34,97.8,46.41,18.17,4.761111111111111,198.0,0.0,24.79,25.5,25.5,24.0,29.530833333333334,76.56791666666668,1.3586689814814814,271.32225
2014-01-01,39.04,23.78,99.5,37.19,23.43,9.65,278.0,24.08,24.03,24.12,24.12,24.0,26.034583333333334,91.64999999999999,1.1232407407407405,156.32929166666665
2014-01-02,34.75,23.61,99.5,58.9,13.5,7.569444444444445,221.0,35.23,23.87,23.95,23.95,24.0,28.197083333333335,86.60583333333334,0.980474537037037,297.55670833333335
2014-01-03,36.84,23.33,100.0,53.07,25.7,4.530555555555555,306.0,0.457,24.96,26.39,26.39,24.0,26.76125,89.5825,1.1651157407407406,140.75891666666666
2014-01-04,36.01,21.55,99.5,55.07,12.16,8.369444444444444,165.0,90.3,21.43,21.58,21.58,24.0,19.986666666666668,97.75833333333333,0.9946064814814815,49.99975
2014-01-05,21.73,18.92,99.6,92.4,4.317,3.65,161.0,16.69,19.18,19.26,19.26,24.0,20.855833333333333,96.44166666666666,0.6490046296296296,76.26716666666667
2014-01-06,23.76,18.88,100.0,86.3,6.586,2.461111111111111,208.0,7.315,21.35,21.37,21.37,24.0,23.28916666666667,94.94583333333333,0.7995023148148147,120.95008333333334
2014-01-07,27.59,21.3,100.0,78.19,10.45,2.838888888888889,134.0,4.5969999999999995,22.7,22.77,22.77,24.0,25.059583333333332,90.27333333333333,1.0834374999999998,197.34579166666666
2014-01-08,30.75,22.25,100.0,63.99,17.04,4.669444444444444,66.0,0.229,23.63,23.98,23.98,24.0,25.06458333333333,91.195,1.3156712962962962,230.48891666666668
2014-01-09,32.95,21.4,100.0,65.56,19.9,8.25,312.0,11.51,21.51,21.79,21.79,24.0,24.178749999999997,92.67208333333333,0.9410300925925926,133.06375
2014-01-10,29.13,20.97,100.0,72.9,11.49,3.8,60.0,3.886,23.79,24.36,24.36,24.0,27.593333333333334,83.76708333333333,1.256701388888889,470.60004166666664
2014-01-11,34.98,22.43,99.9,54.4,40.64,6.96111111111111,64.0,0.0,24.25,24.93,24.93,24.0,26.41333333333333,86.99666666666667,1.2559953703703703,402.53808333333336
2014-01-12,34.95,21.89,98.7,58.83,34.76,5.669444444444444,155.0,12.12,21.6,23.27,23.27,24.0,23.85166666666667,91.02499999999999,1.1106597222222223,163.93295833333335
2014-01-13,26.33,20.98,99.9,80.8,14.16,4.488888888888889,236.0,10.29,22.57,22.7,22.7,24.0,23.471666666666668,93.94416666666666,1.048125,170.88195833333336
2014-01-14,28.9,20.56,99.8,71.53,14.76,8.6,219.0,32.46,21.32,21.39,21.39,24.0,23.72083333333333,91.52916666666665,0.9926851851851852,183.08820833333334
2014-01-15,31.42,20.38,100.0,64.44,15.81,6.819444444444445,267.0,2.057,21.71,21.81,21.81,24.0,24.276666666666667,87.72625,1.1145254629629628,201.41833333333332
2014-01-16,30.27,20.27,100.0,62.23,17.39,5.688888888888889,191.0,0.229,21.01,21.33,21.33,24.0,23.28625,91.74791666666665,1.0628472222222223,198.33370833333333
2014-01-17,29.9,20.37,99.9,66.26,17.13,9.330555555555556,77.0,5.461,21.41,21.43,21.43,24.0,25.1975,86.17166666666667,1.2985300925925924,322.5411666666667
2014-01-18,32.42,21.23,100.0,54.84,27.85,5.469444444444445,72.0,0.0,22.19,22.35,22.35,24.0,25.48,83.95666666666666,1.3416435185185185,414.0097916666667
2014-01-19,33.25,20.14,100.0,46.3,35.76,6.3694444444444445,74.0,0.0,21.87,22.02,22.02,24.0,25.967916666666667,82.23208333333334,1.200324074074074,434.58954166666666
2014-01-20,34.83,20.37,100.0,46.91,37.53,5.1305555555555555,60.0,0.0,22.23,22.39,22.39,24.0,25.32166666666667,79.88625,1.224351851851852,422.39070833333335
2014-01-21,33.67,19.72,100.0,43.23,36.47,5.911111111111111,76.0,0.0,19.62,19.72,19.72,24.0,25.478333333333335,83.52625,1.2311458333333334,392.1247916666666
2014-01-22,32.83,18.53,100.0,56.07,33.86,5.738888888888889,55.0,0.0,24.25,24.67,24.67,24.0,27.006666666666664,85.23041666666667,1.2385532407407407,308.5781666666667
2014-01-23,35.09,23.28,100.0,48.67,26.64,9.419444444444443,4.0,0.0,22.86,23.68,23.68,24.0,27.734166666666667,84.27166666666666,1.4677199074074074,330.167
2014-01-24,36.79,22.43,99.4,54.96,28.51,10.85,275.0,22.73,22.48,22.59,22.59,24.0,26.219583333333333,87.31708333333334,1.130601851851852,0.09070833333333334
2014-01-25,36.93,21.67,100.0,53.05,0.008,8.288888888888888,302.0,1.143,22.69,22.95,22.95,24.0,25.782916666666665,88.38208333333334,1.3961689814814815,0.0
2014-01-26,31.63,22.57,99.9,71.31,0.0,6.438888888888888,113.0,0.0,21.65,22.57,22.57,24.0,25.059166666666666,88.175,0.9761226851851852,5.183333333333334
2014-01-27,31.61,21.56,98.7,66.73,0.447,4.319444444444445,128.0,1.6,24.02,24.61,24.61,24.0,27.471666666666668,85.14291666666666,1.3382407407407406,167.01500000000001
2014-01-28,33.54,23.45,100.0,59.13,14.42,6.0,53.0,0.0,24.34,24.76,24.76,24.0,27.942916666666665,81.99833333333333,1.0473726851851852,178.4645833333333
2014-01-29,35.47,23.4,100.0,48.22,15.41,5.55,87.0,0.0,23.88,23.97,23.97,24.0,27.96291666666667,83.92083333333333,1.2633796296296296,219.59166666666667
2014-01-30,37.0,22.41,100.0,46.0,18.96,6.4111111111111105,57.0,0.0,24.97,25.16,25.16,24.0,27.707083333333333,84.76416666666667,1.256400462962963,180.65525
2014-01-31,35.36,23.61,100.0,51.23,15.6,6.311111111111111,76.0,0.0,24.21,24.86,24.86,24.0,27.872083333333332,84.97958333333334,1.2140509259259258,162.99166666666667
2014-02-01,34.54,23.0,98.5,61.47,14.07,6.069444444444445,60.0,0.0,25.06,25.49,25.49,24.0,28.816666666666666,81.48208333333334,1.010787037037037,191.59958333333336
2014-02-02,36.31,24.41,98.5,50.72,16.55,5.1194444444444445,76.0,0.0,25.16,26.29,26.29,24.0,28.589583333333334,80.5175,1.2122800925925927,229.36791666666667
2014-02-03,35.95,23.35,99.9,47.26,19.81,6.419444444444444,88.0,0.0,25.2,25.86,25.86,24.0,28.34875,84.74208333333333,1.0609953703703703,184.289625
2014-02-04,35.14,24.05,100.0,56.66,15.91,5.488888888888889,78.0,0.0,24.39,24.91,24.91,24.0,28.269583333333333,83.785,0.9886111111111111,143.11375
2014-02-05,35.56,23.49,100.0,55.62,12.36,4.219444444444444,273.0,0.0,24.83,26.2,26.2,24.0,28.649583333333336,84.32833333333333,1.3157523148148147,157.31587499999998
2014-02-06,35.24,23.46,99.6,54.91,13.59,6.980555555555555,86.0,0.0,25.44,26.38,26.38,24.0,28.900000000000002,80.50083333333333,1.3032523148148147,232.9958333333333
2014-02-07,37.46,23.78,99.8,45.33,20.12,6.488888888888889,77.0,0.0,24.96,26.08,26.08,24.0,28.53833333333333,83.35041666666667,1.1729050925925926,158.51874999999998
2014-02-08,38.05,23.16,100.0,48.84,13.69,6.330555555555555,69.0,0.0,25.86,26.36,26.36,24.0,29.067916666666665,80.79583333333333,1.4500810185185184,157.775
2014-02-09,38.65,21.58,99.9,44.05,13.62,11.2,220.0,0.0,21.12,21.65,21.65,24.0,27.582916666666666,80.20083333333334,1.1357407407407407,171.57833333333335
2014-02-10,37.4,20.18,99.8,46.39,14.82,6.25,96.0,0.0,25.19,25.57,25.57,24.0,28.97791666666667,81.98208333333334,1.2012268518518519,141.86416666666668
2014-02-11,35.76,24.45,98.9,51.29,12.25,5.85,89.0,0.0,23.79,24.45,24.45,24.0,27.23125,81.74333333333333,1.2330671296296296,195.37604166666665
2014-02-12,34.54,21.62,100.0,48.35,16.87,6.8999999999999995,80.0,0.0,23.26,23.81,23.81,24.0,27.77208333333333,79.95583333333333,1.1695833333333334,223.85833333333335
2014-02-13,36.67,21.21,100.0,48.45,19.33,5.0,91.0,0.0,25.04,26.14,26.14,24.0,26.640416666666667,85.61333333333333,1.4955092592592594,104.13125000000001
2014-02-14,34.22,21.04,99.3,56.21,8.99,10.330555555555554,251.0,107.1,21.23,21.34,21.34,24.0,22.487083333333334,93.7725,0.9915625,0.4569583333333333
2014-02-15,26.91,20.22,99.9,69.67,0.039,4.35,268.0,6.172,19.7,21.49,21.49,24.0,22.099999999999998,83.80916666666667,1.4046643518518518,0.22675
2014-02-16,24.67,19.78,97.4,70.53,0.02,6.811111111111111,130.0,1.6,18.67,21.15,21.15,24.0,22.97583333333333,78.52708333333334,1.2918865740740741,1.4537916666666666
2014-02-17,25.54,18.99,94.0,63.41,0.126,8.06111111111111,153.0,0.0,18.06,19.03,19.03,24.0,22.305833333333336,91.32083333333333,1.2786226851851852,0.7780416666666667
2014-02-18,25.66,18.96,99.1,78.85,0.067,7.288888888888888,148.0,23.32,21.12,21.32,21.32,24.0,22.64,92.41541666666666,1.1942592592592594,4.267666666666667
2014-02-19,26.24,20.7,99.9,78.07,0.369,6.3,84.0,14.05,20.72,20.72,20.72,24.0,22.940416666666668,87.10875,1.5765277777777778,121.47708333333333
2014-02-20,29.08,18.83,100.0,56.66,10.49,7.0,54.0,0.229,19.24,19.25,19.25,24.0,23.444166666666664,84.99708333333334,1.3469907407407407,120.101875
2014-02-21,30.17,17.65,100.0,56.07,10.37,6.261111111111111,56.0,0.0,22.03,22.99,22.99,24.0,25.477083333333336,85.66958333333334,0.9525810185185185,6.171458333333334
2014-02-22,30.72,22.24,99.2,61.73,0.533,4.588888888888889,75.0,0.0,23.19,23.93,23.93,24.0,24.311666666666667,94.32916666666667,0.7558912037037037,1.54625
2014-02-23,27.64,22.14,99.5,79.65,0.134,2.7694444444444444,186.0,4.115,23.31,23.37,23.37,24.0,24.045,95.37666666666667,0.7335532407407407,0.496875
2014-02-24,29.3,22.09,100.0,70.31,0.043000000000000003,3.738888888888889,134.0,6.629,23.03,23.03,23.03,24.0,25.705,89.71249999999999,1.2172222222222222,124.75833333333333
2014-02-25,33.32,21.72,100.0,59.59,10.77,5.1305555555555555,61.0,2.515,21.71,21.9,21.9,24.0,24.700416666666666,88.07875,1.0778356481481481,106.90020833333334
2014-02-26,34.41,19.97,100.0,50.62,9.23,5.269444444444444,22.0,14.17,21.73,22.25,22.25,24.0,25.064999999999998,89.68541666666665,0.8808101851851852,53.07750000000001
2014-02-27,32.53,20.78,100.0,63.88,4.584,6.888888888888889,221.0,0.686,24.01,24.16,24.16,24.0,24.089166666666667,95.47916666666667,1.0440625000000001,15.856250000000001
2014-02-28,30.61,21.65,100.0,75.19,1.369,7.0,102.0,17.75,21.52,21.83,21.83,24.0,21.642916666666665,96.4875,0.8255555555555555,0.0
2014-03-01,24.56,20.64,99.8,80.8,0.0,3.861111111111111,188.0,15.8,20.75,20.79,20.79,24.0,24.147916666666664,86.17541666666666,1.207025462962963,56.998875
2014-03-02,30.82,20.43,100.0,54.1,4.922,5.980555555555556,65.0,0.229,21.37,22.12,22.12,24.0,23.106666666666666,86.70958333333334,0.8884722222222222,17.077916666666667
2014-03-03,27.95,20.46,97.9,63.19,1.475,4.011111111111111,96.0,0.0,21.38,21.75,21.75,24.0,22.958333333333332,92.26458333333333,1.004837962962963,11.729583333333332
2014-03-04,27.82,20.28,100.0,69.6,1.013,4.6499999999999995,131.0,3.886,21.98,22.07,22.07,24.0,22.51375,96.64583333333333,0.8551967592592593,0.0
2014-03-05,25.72,20.12,100.0,85.9,0.0,6.96111111111111,233.0,8.46,20.92,21.0,21.0,24.0,22.768333333333334,94.47958333333332,0.940162037037037,0.6158333333333333
2014-03-06,27.55,20.68,100.0,74.88,0.053,4.961111111111111,221.0,9.19,21.07,21.07,21.07,24.0,24.160416666666666,86.235,1.0603935185185185,12.592875
2014-03-07,32.58,18.68,100.0,50.1,1.088,6.3999999999999995,81.0,0.0,20.95,21.12,21.12,24.0,23.834999999999997,85.37,1.1136226851851851,99.53833333333334
2014-03-08,30.39,19.24,100.0,54.26,8.6,6.25,80.0,0.0,21.28,21.68,21.68,24.0,22.888333333333335,88.84249999999999,1.2691898148148149,75.31333333333333
2014-03-09,29.32,18.6,100.0,57.17,6.504,7.269444444444445,91.0,18.72,18.74,19.0,19.0,24.0,23.137083333333333,89.82708333333333,1.3764930555555555,119.78008333333334
2014-03-10,28.99,19.0,100.0,64.0,10.34,5.780555555555555,83.0,0.229,22.8,22.99,22.99,24.0,25.545416666666668,87.38208333333334,1.2665046296296296,112.87166666666667
2014-03-11,32.54,20.62,100.0,60.35,9.75,5.861111111111112,61.0,4.801,20.85,21.21,21.21,24.0,22.812083333333334,92.23666666666666,1.237847222222222,29.109666666666666
2014-03-12,28.13,20.12,100.0,70.29,2.5140000000000002,7.6,293.0,19.91,21.96,22.3,22.3,24.0,22.329583333333332,96.54166666666667,1.0761921296296297,0.0
2014-03-13,23.87,20.86,99.8,86.8,0.0,4.138888888888889,270.0,17.4,20.81,20.96,20.96,24.0,22.39833333333333,95.68666666666667,0.7522916666666667,1.03375
2014-03-14,28.23,20.74,100.0,72.91,0.089,3.75,84.0,19.2,20.82,20.98,20.98,24.0,24.589583333333334,87.10708333333334,1.268761574074074,75.9325
2014-03-15,31.32,19.56,100.0,59.97,6.557,4.8,45.0,0.0,23.55,23.72,23.72,24.0,26.8625,87.08791666666667,1.0615046296296295,2.689583333333333
2014-03-16,33.54,22.85,100.0,65.66,0.232,5.961111111111111,194.0,0.0,23.01,23.46,23.46,24.0,25.670416666666668,89.83999999999999,1.1103356481481481,19.851791666666667
2014-03-17,31.0,21.59,100.0,69.39,1.714,4.51111111111111,74.0,0.0,24.06,24.38,24.38,24.0,27.0525,87.69375000000001,1.2948032407407408,3.2099999999999995
2014-03-18,34.99,20.95,100.0,59.41,0.277,15.549999999999999,245.0,26.16,21.02,21.16,21.16,24.0,23.290833333333335,91.46166666666666,1.3163078703703703,44.33566666666667
2014-03-19,32.45,20.39,100.0,60.8,3.829,9.319444444444443,193.0,17.88,20.79,20.89,20.89,24.0,24.169166666666666,91.44541666666667,1.0207407407407407,47.79866666666667
2014-03-20,30.43,20.04,100.0,66.37,4.128,4.738888888888888,256.0,4.115,22.33,22.78,22.78,24.0,24.1725,88.79,1.1631712962962963,1.8816666666666666
2014-03-21,29.9,21.34,99.2,60.28,0.162,5.088888888888889,231.0,0.0,21.26,21.61,21.61,24.0,22.528333333333336,95.72500000000001,0.9789351851851852,0.0
2014-03-22,26.1,20.8,99.9,79.93,0.0,4.580555555555555,250.0,8.23,21.99,22.01,22.01,24.0,23.277916666666666,86.39791666666667,1.1468634259259258,0.0
2014-03-23,28.15,19.02,100.0,59.64,0.0,4.9111111111111105,126.0,0.0,16.17,19.04,19.04,24.0,19.9325,78.05541666666666,0.9848611111111111,16.134999999999998
2014-03-24,25.22,16.38,96.9,50.9,1.393,3.5805555555555557,72.0,0.0,18.06,18.57,18.57,24.0,21.512083333333333,86.16208333333333,1.2419791666666666,23.46166666666667
2014-03-25,27.84,17.74,99.8,57.86,2.026,6.6000000000000005,86.0,0.686,19.31,19.86,19.86,24.0,22.06625,86.91708333333334,0.9884027777777779,5.582916666666667
2014-03-26,27.32,18.6,100.0,58.64,0.482,4.05,283.0,5.944,18.85,18.85,18.85,24.0,21.585416666666664,90.93416666666667,0.7607175925925925,6.6745833333333335
2014-03-27,28.93,16.67,100.0,61.97,0.577,3.7805555555555554,83.0,0.229,21.27,21.32,21.32,24.0,23.142916666666665,91.78750000000001,0.9170601851851852,20.09875
2014-03-28,29.1,19.38,100.0,67.31,1.7349999999999999,5.530555555555556,88.0,2.997,19.46,19.46,19.46,24.0,23.170833333333334,89.6725,0.9650810185185185,1.9295833333333334
2014-03-29,29.11,19.02,100.0,65.14,0.167,4.8500000000000005,74.0,0.229,19.8,19.8,19.8,24.0,23.868333333333336,88.20041666666667,1.4482291666666667,1.5616666666666668
2014-03-30,30.37,18.92,100.0,59.55,0.135,5.719444444444444,69.0,0.0,22.6,22.99,22.99,24.0,24.253333333333334,94.41333333333334,0.7576041666666667,0.0
2014-03-31,28.18,22.03,100.0,76.7,0.0,4.199999999999999,52.0,2.743,22.48,22.48,22.48,24.0,23.962083333333336,95.37083333333334,0.7934259259259259,0.0
2014-04-01,29.0,21.89,100.0,76.59,0.0,3.711111111111111,21.0,5.486,23.22,23.22,23.22,24.0,25.169583333333335,91.50583333333333,1.1859259259259258,0.0
2014-04-02,30.63,21.87,100.0,67.76,0.0,5.411111111111111,87.0,16.38,21.96,21.96,21.96,24.0,22.702916666666667,91.13916666666667,1.2980439814814815,0.0
2014-04-03,26.02,20.82,100.0,66.87,0.0,6.85,237.0,8.23,20.63,21.59,21.59,24.0,22.809583333333332,93.1875,1.4249189814814816,0.0
2014-04-04,26.44,20.99,100.0,79.9,0.0,6.25,87.0,12.65,21.11,21.11,21.11,24.0,22.89125,89.61833333333334,0.9157291666666666,0.0
2014-04-05,29.52,19.06,100.0,57.1,0.0,5.511111111111111,93.0,0.0,19.72,19.72,19.72,24.0,22.830416666666668,90.31083333333333,1.0849189814814815,5.774583333333332
2014-04-06,29.48,17.81,100.0,62.92,0.499,5.45,79.0,0.229,20.92,20.92,20.92,24.0,23.502916666666668,85.76083333333334,0.9125,1.0316666666666667
2014-04-07,31.31,17.88,100.0,54.43,0.089,4.9,84.0,0.0,19.58,19.58,19.58,24.0,22.875416666666666,90.64833333333333,0.9037268518518519,3.2070833333333333
2014-04-08,30.83,18.33,100.0,57.67,0.277,4.211111111111111,74.0,0.0,20.61,20.83,20.83,24.0,23.76875,88.69958333333334,0.9309606481481482,27.167083333333334
2014-04-09,30.12,19.23,100.0,60.04,2.346,4.1499999999999995,47.0,0.0,21.16,21.16,21.16,24.0,22.3025,94.23333333333333,1.1538310185185185,0.0
2014-04-10,26.36,20.62,100.0,76.67,0.0,6.430555555555555,200.0,5.537,21.31,21.43,21.43,24.0,22.800833333333333,96.66208333333333,0.843912037037037,0.0
2014-04-11,26.16,21.41,100.0,77.63,0.0,3.730555555555555,295.0,1.3719999999999999,21.99,22.01,22.01,24.0,22.902916666666666,95.69583333333333,0.6414814814814814,0.0
2014-04-12,27.37,19.08,100.0,77.92,0.0,2.988888888888889,87.0,0.0,22.86,22.93,22.93,24.0,23.575,96.53333333333335,0.7542592592592593,0.0
2014-04-13,27.19,20.19,100.0,80.3,0.0,2.9611111111111112,3.0,0.686,22.74,22.74,22.74,24.0,23.575,79.25666666666667,1.0648842592592593,0.0
2014-04-14,28.59,19.77,100.0,43.71,0.0,5.969444444444444,217.0,0.0,17.45,20.63,20.63,24.0,19.316666666666666,81.045,0.8282754629629628,0.0
2014-04-15,22.98,17.79,94.7,57.78,0.0,3.1111111111111107,13.0,0.0,16.68,17.87,17.87,24.0,18.168333333333333,94.71249999999999,0.8325,0.0
2014-04-16,19.84,17.29,100.0,83.9,0.0,4.1194444444444445,272.0,1.6,18.15,18.15,18.15,24.0,19.825416666666666,96.10000000000001,0.6981597222222221,0.0
2014-04-17,23.81,16.91,100.0,80.7,0.0,3.1,321.0,0.457,19.11,19.11,19.11,24.0,21.92833333333333,92.04541666666667,0.8355208333333333,0.0
2014-04-18,28.62,17.71,100.0,66.49,0.0,4.75,102.0,0.457,21.0,21.0,21.0,24.0,23.09875,88.96166666666666,1.0586689814814816,0.0
2014-04-19,30.07,19.33,100.0,57.68,0.0,4.480555555555555,47.0,0.0,19.33,19.33,19.33,24.0,22.247500000000002,92.28416666666668,0.946099537037037,0.0
2014-04-20,29.25,18.62,100.0,67.12,0.0,5.538888888888889,217.0,11.25,20.36,20.41,20.41,24.0,21.783749999999998,93.92875,0.7954976851851852,0.0
2014-04-21,27.47,19.66,100.0,67.23,0.0,4.1,113.0,0.457,19.67,20.17,20.17,24.0,21.174166666666668,90.87583333333333,0.7357060185185186,0.0
2014-04-22,25.81,18.9,98.5,71.23,0.0,3.3000000000000003,72.0,0.0,20.14,20.38,20.38,24.0,20.99875,94.52875,0.9628703703703704,0.0
2014-04-23,26.95,18.23,100.0,73.35,0.0,5.480555555555555,202.0,44.53,18.62,19.38,19.38,24.0,19.35291666666667,92.25625000000001,1.210949074074074,0.0
2014-04-24,22.39,17.87,99.7,71.69,0.0,4.75,263.0,6.172,17.81,18.03,18.03,24.0,19.0425,94.7625,0.7515740740740741,0.0
2014-04-25,21.74,17.38,99.8,76.59,0.0,2.8694444444444445,64.0,0.0,17.75,18.0,18.0,24.0,19.647916666666667,88.63208333333334,0.9649305555555555,0.0
2014-04-26,24.63,17.15,100.0,65.21,0.0,5.199999999999999,78.0,0.0,16.35,17.65,17.65,24.0,18.920833333333334,85.34750000000001,0.819837962962963,0.0
2014-04-27,24.42,14.36,99.1,55.23,0.0,4.269444444444444,75.0,0.229,16.47,16.91,16.91,24.0,18.54375,87.90583333333332,0.9707291666666666,0.0
2014-04-28,23.87,15.86,99.4,64.01,0.0,5.511111111111111,115.0,1.854,16.36,16.52,16.52,24.0,18.18875,92.78375,1.0592824074074074,0.0
2014-04-29,24.4,15.18,99.9,63.5,0.0,3.838888888888889,291.0,2.286,15.34,15.35,15.35,24.0,17.711666666666666,90.23125,0.9297569444444443,0.0
2014-04-30,24.92,12.91,100.0,59.97,0.0,4.9,90.0,0.229,15.33,15.33,15.33,24.0,17.57166666666667,94.36958333333332,0.5704166666666667,0.0
2014-05-01,22.65,13.77,100.0,71.23,0.0,1.9899999999999998,143.0,0.0,17.45,17.45,17.45,24.0,21.64375,79.29458333333334,1.611574074074074,0.0
2014-05-02,28.66,16.58,100.0,48.47,0.0,14.119444444444444,284.0,4.572,16.12,16.68,16.68,24.0,19.112916666666667,84.80291666666666,0.9145601851851852,0.0
2014-05-03,27.05,11.95,100.0,47.2,0.0,5.511111111111111,78.0,0.0,17.46,17.56,17.56,24.0,20.230416666666667,88.12041666666666,0.9711574074074073,0.0
2014-05-04,27.27,14.16,100.0,59.46,0.0,5.411111111111111,86.0,0.0,17.96,18.01,18.01,24.0,20.35125,89.78500000000001,0.8631944444444444,0.0
2014-05-05,28.11,15.21,100.0,60.98,0.0,3.6694444444444447,81.0,0.0,16.86,16.86,16.86,24.0,20.434166666666666,93.65291666666667,0.6553240740740741,0.0
2014-05-06,25.49,16.19,100.0,74.3,0.0,2.5111111111111106,51.0,0.0,20.32,20.32,20.32,24.0,22.224999999999998,92.03583333333334,0.6849189814814816,0.0
2014-05-07,26.69,17.87,100.0,72.59,0.0,2.9,85.0,0.457,19.12,19.12,19.12,24.0,21.624583333333334,93.30083333333333,0.7716087962962962,0.0
2014-05-08,29.17,18.9,100.0,65.95,0.0,3.9805555555555556,74.0,0.0,20.84,21.29,21.29,24.0,22.682916666666667,91.27416666666666,0.8594791666666667,0.0
2014-05-09,30.26,18.27,100.0,61.79,0.0,4.3694444444444445,341.0,0.686,20.46,20.97,20.97,24.0,20.36375,86.63625,0.8550694444444443,0.0
2014-05-10,25.84,13.88,100.0,51.53,0.0,4.7,197.0,0.229,13.88,13.88,13.88,24.0,16.066666666666666,95.69166666666666,0.8962731481481482,0.0
2014-05-11,21.99,11.63,100.0,66.53,0.0,5.55,121.0,9.8,16.45,16.53,16.53,24.0,17.609166666666667,91.98833333333333,1.2251967592592592,0.0
2014-05-12,21.27,15.19,99.9,68.02,0.0,4.6,308.0,5.258,15.81,15.81,15.81,24.0,18.329583333333336,90.01458333333333,1.0322453703703702,0.0
2014-05-13,24.57,14.04,100.0,62.54,0.0,5.169444444444444,52.0,1.3719999999999999,14.93,14.93,14.93,24.0,18.245416666666667,91.22416666666668,0.7021412037037037,0.0
2014-05-14,25.62,12.62,100.0,64.55,0.0,3.1305555555555555,50.0,0.0,16.59,16.59,16.59,24.0,19.65375,93.14916666666666,0.697025462962963,0.0
2014-05-15,23.93,16.36,100.0,73.38,0.0,2.761111111111111,298.0,0.0,19.07,19.17,19.17,24.0,21.15458333333333,91.43166666666667,0.7311226851851852,0.0
2014-05-16,26.53,18.11,100.0,68.68,0.0,3.4194444444444443,89.0,0.0,19.84,19.84,19.84,24.0,20.88,86.47166666666668,1.2873842592592593,0.0
2014-05-17,25.38,17.95,100.0,60.05,0.0,5.219444444444444,88.0,0.0,18.12,18.91,18.91,24.0,19.801666666666666,88.06541666666668,0.8882986111111112,0.0
2014-05-18,26.45,15.06,100.0,58.75,0.0,3.9805555555555556,62.0,0.0,16.16,16.16,16.16,24.0,19.858333333333334,87.72166666666668,0.8743518518518519,0.0
2014-05-19,27.76,13.73,100.0,58.64,0.0,4.788888888888889,288.0,0.0,18.81,19.74,19.74,24.0,20.56416666666667,88.245,0.7052083333333333,0.0
2014-05-20,25.13,15.73,100.0,66.68,0.0,3.861111111111111,74.0,0.0,18.53,18.93,18.93,24.0,20.577916666666667,90.75166666666667,0.7199884259259259,0.0
2014-05-21,25.87,16.53,100.0,66.2,0.0,3.3388888888888886,220.0,0.0,19.45,19.8,19.8,24.0,21.313333333333333,90.2675,0.9759375,0.0
2014-05-22,26.41,17.91,100.0,64.75,0.0,4.311111111111111,37.0,0.0,19.61,19.67,19.67,24.0,20.531666666666666,97.00833333333333,0.8803935185185185,0.0
2014-05-23,23.99,19.09,100.0,82.9,0.0,4.019444444444445,141.0,10.29,20.22,20.3,20.3,24.0,16.569583333333334,98.19166666666666,1.3799074074074074,0.0
2014-05-24,20.46,12.36,100.0,93.3,0.0,4.188888888888889,41.0,37.03,13.21,13.21,13.21,24.0,14.558333333333332,92.825,1.0759027777777777,0.0
2014-05-25,18.47,12.58,100.0,72.0,0.0,4.3999999999999995,79.0,0.457,13.22,14.24,14.24,24.0,15.291666666666666,94.25708333333334,0.7055324074074073,0.0
2014-05-26,18.63,13.97,100.0,71.76,0.0,2.388888888888889,220.0,10.29,14.8,14.8,14.8,24.0,18.1475,85.49708333333332,1.2969907407407408,0.0
2014-05-27,23.85,14.73,100.0,53.92,0.0,7.419444444444444,223.0,25.98,16.14,16.53,16.53,24.0,17.376666666666665,90.93041666666666,0.7361574074074074,0.0
2014-05-28,21.02,15.27,99.5,66.59,0.0,2.5111111111111106,265.0,0.0,15.81,16.38,16.38,24.0,17.599166666666665,88.14291666666666,0.7715393518518519,0.0
2014-05-29,21.56,15.2,99.4,64.46,0.0,3.730555555555555,131.0,0.0,15.2,15.96,15.96,24.0,16.120416666666667,88.56291666666665,0.723900462962963,0.0
2014-05-30,22.69,12.17,100.0,54.29,0.0,4.430555555555555,82.0,0.0,14.32,14.38,14.38,24.0,16.65625,91.2325,0.8046643518518518,0.0
2014-05-31,23.37,11.94,100.0,66.01,0.0,4.8805555555555555,60.0,0.0,12.9,12.9,12.9,24.0,15.055416666666666,98.66250000000001,0.6505092592592593,0.0
2014-06-01,18.8,11.59,100.0,87.9,0.0,3.0388888888888888,275.0,11.66,16.33,16.33,16.33,24.0,19.216666666666665,87.05958333333332,0.9722569444444443,0.0
2014-06-02,27.51,14.11,100.0,40.17,0.0,6.511111111111111,310.0,0.0,14.53,14.53,14.53,24.0,15.358333333333334,74.05,1.638784722222222,0.0
2014-06-03,22.0,7.046,100.0,43.4,0.0,8.669444444444444,256.0,0.0,7.118,7.118,7.118,24.0,11.610916666666666,83.52041666666666,0.6475,0.0
2014-06-04,22.67,3.734,100.0,36.16,0.0,3.1305555555555555,87.0,0.0,6.5,6.5,6.5,24.0,11.935916666666666,87.87833333333333,0.8006018518518517,0.0
2014-06-05,22.41,4.472,100.0,50.02,0.0,4.830555555555556,80.0,0.0,10.22,10.22,10.22,24.0,15.6025,93.73166666666667,0.8342476851851851,0.0
2014-06-06,22.03,10.01,100.0,72.82,0.0,5.5888888888888895,338.0,10.52,17.39,17.48,17.48,24.0,18.5525,97.05833333333334,0.9699652777777777,0.0
2014-06-07,24.66,17.17,100.0,79.39,0.0,4.680555555555556,232.0,77.72,17.19,17.19,17.19,24.0,17.714583333333334,100.0,1.0118402777777777,0.0
2014-06-08,19.25,17.01,100.0,99.9,0.0,12.769444444444444,272.0,120.3,18.74,18.74,18.74,24.0,18.547083333333333,99.3125,1.145636574074074,0.0
2014-06-09,20.38,17.84,100.0,89.6,0.0,6.8,227.0,69.42,17.97,17.97,17.97,24.0,16.934166666666666,97.53750000000001,0.9289351851851851,0.0
2014-06-10,18.6,15.33,100.0,87.9,0.0,3.5805555555555557,41.0,3.429,15.36,15.36,15.36,24.0,17.145833333333332,92.86541666666666,0.8356712962962963,0.0
2014-06-11,21.53,13.84,100.0,68.39,0.0,3.819444444444444,79.0,0.0,16.63,16.76,16.76,24.0,18.135,95.48333333333333,0.7251041666666667,0.0
2014-06-12,22.21,15.48,100.0,77.88,0.0,4.169444444444444,77.0,10.06,17.95,17.95,17.95,24.0,20.201249999999998,94.44666666666666,1.1160648148148147,0.0
2014-06-13,25.57,17.7,100.0,74.99,0.0,5.6194444444444445,62.0,9.37,19.16,19.29,19.29,24.0,20.718333333333334,94.30166666666666,0.6648958333333334,0.0
2014-06-14,23.71,18.25,100.0,75.21,0.0,3.9305555555555554,52.0,0.0,20.05,20.05,20.05,24.0,20.520416666666666,96.6125,0.8593402777777778,0.0
2014-06-15,23.64,18.31,100.0,84.0,0.0,4.288888888888889,134.0,0.686,18.22,18.31,18.31,24.0,18.769166666666667,98.34166666666665,0.9265509259259259,0.0
2014-06-16,21.27,17.55,100.0,88.1,0.0,3.711111111111111,287.0,10.29,18.65,18.65,18.65,24.0,20.743333333333332,92.07083333333333,0.7352662037037038,0.0
2014-06-17,26.64,17.59,100.0,65.42,0.0,2.8,9.0,0.0,17.63,17.63,17.63,24.0,19.243333333333336,93.42291666666667,0.9212268518518519,0.0
2014-06-18,23.73,16.0,100.0,70.44,0.0,3.2305555555555556,58.0,0.0,18.72,18.82,18.82,24.0,16.162916666666664,97.75416666666666,1.099861111111111,0.0
2014-06-19,18.83,12.57,100.0,88.7,0.0,5.188888888888889,189.0,35.94,12.19,12.79,12.79,24.0,13.602916666666665,89.21875,1.0173842592592592,0.0
2014-06-20,16.74,11.95,98.1,61.44,0.0,3.35,311.0,0.0,11.7,12.19,12.19,24.0,13.6075,91.23,0.9372916666666667,0.0
2014-06-21,18.68,10.72,100.0,66.55,0.0,4.319444444444445,36.0,0.0,12.52,12.52,12.52,24.0,14.640416666666667,93.16333333333334,0.8626736111111111,0.0
2014-06-22,19.62,11.46,100.0,69.52,0.0,4.138888888888889,66.0,0.0,14.6,14.77,14.77,24.0,17.23125,92.90333333333332,0.7565740740740741,0.0
2014-06-23,22.42,14.54,100.0,72.48,0.0,3.5194444444444444,72.0,0.0,16.93,17.09,17.09,24.0,18.530416666666667,92.86458333333333,0.728611111111111,0.0
2014-06-24,24.33,15.18,100.0,68.93,0.0,3.261111111111111,91.0,0.0,16.24,16.24,16.24,17.0,18.279411764705884,94.73705882352941,0.740686274509804,0.0
2016-06-16,,,,,,,,,,,,1.0,23.81,60.08,0.03638888888888889,
2016-06-23,,,,,,,,,,,,8.0,15.9025,94.55375000000001,4.0,
2016-06-24,22.03,13.2,100.0,65.17,,4.0,,0.0,13.34,13.85,13.85,24.0,15.048333333333332,90.35791666666667,4.0,
2016-06-25,19.15,13.28,100.0,65.66,,4.0,,0.0,13.5,13.67,13.67,24.0,14.89,91.51125,4.0,
2016-06-26,21.34,10.57,100.0,65.3,,4.0,,0.0,11.31,11.31,11.31,24.0,15.18,95.05541666666666,4.0,
2016-06-27,20.3,11.08,100.0,72.3,,4.0,,0.0,14.39,14.39,14.39,24.0,16.655,89.36083333333333,4.0,
2016-06-28,23.14,11.27,100.0,59.85,,4.0,,0.0,12.1,12.1,12.1,24.0,14.18875,98.00416666666666,4.0,
2016-06-29,19.59,12.11,100.0,81.6,,4.0,,0.0,14.38,14.38,14.38,24.0,15.202083333333334,95.41000000000001,4.0,
2016-06-30,21.05,13.28,100.0,73.61,,4.0,,0.0,13.88,13.88,13.88,24.0,14.78875,96.8125,4.0,
2016-07-01,16.48,13.63,100.0,90.0,,4.0,,0.0,14.85,15.07,15.07,24.0,15.235416666666666,95.97500000000001,4.0,
2016-07-02,16.33,14.57,99.8,90.6,,4.0,,0.0,14.15,14.61,14.61,24.0,14.733333333333334,97.35000000000001,4.0,
2016-07-03,17.1,13.3,100.0,89.9,,4.0,,0.0,14.38,14.38,14.38,24.0,14.97875,98.27916666666665,4.0,
2016-07-04,16.97,13.64,100.0,92.3,,4.0,,0.0,15.13,15.13,15.13,24.0,15.418333333333335,98.17083333333333,4.0,
2016-07-05,16.83,14.51,100.0,92.6,,4.0,,0.0,15.2,15.2,15.2,24.0,16.111250000000002,97.51666666666667,4.0,
2016-07-06,21.69,14.08,100.0,80.7,,4.0,,0.0,15.96,15.96,15.96,24.0,18.36625,75.17875,4.0,
2016-07-07,24.43,14.32,100.0,39.38,,4.0,,0.229,6.092,17.75,17.75,24.0,15.358333333333334,66.61708333333333,4.0,
2016-07-08,22.95,8.7,98.9,36.37,,4.0,,0.0,8.86,9.09,4.184,24.0,12.294166666666667,85.52083333333333,4.0,
2016-07-09,21.04,4.492,100.0,48.47,,4.0,,0.0,9.42,9.42,4.624,24.0,13.75,89.69416666666666,4.0,
2016-07-10,21.87,8.21,100.0,57.65,,4.0,,0.0,14.17,14.41,14.41,24.0,16.941666666666666,87.89625,4.0,
2016-07-11,26.2,10.82,100.0,56.53,,4.0,,0.0,15.49,15.63,15.63,24.0,16.9375,93.61083333333333,4.0,
2016-07-12,24.13,15.37,99.5,72.15,,4.0,,0.0,15.76,16.4,16.4,24.0,19.264166666666664,88.76125,4.0,
2016-07-13,28.46,14.3,100.0,61.89,,4.0,,0.0,16.77,17.58,17.58,24.0,17.05,94.4375,4.0,
2016-07-14,19.43,15.46,100.0,82.1,,4.0,,7.087,16.12,16.12,16.12,24.0,17.31083333333333,97.83749999999999,4.0,
2016-07-15,19.93,15.72,100.0,88.3,,4.0,,5.969,17.37,17.37,17.37,24.0,19.385833333333334,93.25,4.0,
2016-07-16,24.7,16.43,100.0,78.99,,4.0,,6.7059999999999995,16.33,16.46,16.46,24.0,16.485416666666666,82.26208333333334,4.0,
2016-07-17,20.96,13.18,100.0,48.97,,4.0,,46.18,6.067,13.18,13.18,24.0,12.6875,57.84916666666667,4.0,
2016-07-18,18.53,5.886,95.3,35.14,,4.0,,0.0,5.013,5.966,-0.091,24.0,9.509083333333333,83.11833333333333,4.0,
2016-07-19,17.86,2.512,100.0,45.69,,4.0,,0.0,9.16,9.6,4.873,24.0,12.425416666666665,89.28041666666667,4.0,
2016-07-20,17.93,9.15,98.9,66.26,,4.0,,0.0,11.65,12.41,12.41,24.0,12.69625,92.77499999999999,4.0,
2016-07-21,14.86,11.27,99.2,82.3,,4.0,,0.0,11.4,11.56,11.56,24.0,12.960416666666667,92.16041666666666,4.0,
2016-07-22,15.92,11.03,99.4,75.58,,4.0,,0.0,11.89,12.32,12.32,24.0,14.318333333333333,88.56958333333334,4.0,
2016-07-23,18.37,11.25,99.4,68.95,,4.0,,0.0,11.29,11.37,11.37,24.0,13.583333333333334,89.43208333333332,4.0,
2016-07-24,21.19,9.32,100.0,59.12,,4.0,,0.0,10.14,10.14,10.14,24.0,15.308749999999998,90.97458333333333,4.0,
2016-07-25,26.71,8.57,100.0,58.67,,4.0,,0.0,13.28,13.27,13.27,24.0,15.82625,90.03208333333333,4.0,
2016-07-26,23.72,9.82,100.0,60.75,,4.0,,0.0,15.36,15.36,15.36,24.0,17.880416666666665,91.52375,4.0,
2016-07-27,27.25,15.07,100.0,47.06,,4.0,,0.0,16.18,16.92,16.92,24.0,17.55,64.96208333333333,4.0,
2016-07-28,23.09,10.01,100.0,29.78,,4.0,,0.0,11.73,12.38,12.38,24.0,13.887500000000001,89.32208333333334,4.0,
2016-07-29,17.45,12.27,99.6,70.84,,4.0,,0.686,12.54,12.61,12.61,24.0,12.580416666666666,97.8,4.0,
2016-07-30,13.51,11.33,100.0,92.7,,4.0,,0.686,13.17,13.17,13.17,24.0,16.29625,90.02916666666665,4.0,
2016-07-31,22.51,12.9,100.0,65.87,,4.0,,0.0,15.06,15.42,15.42,24.0,18.281666666666666,88.33958333333334,4.0,
2016-08-01,24.97,15.16,100.0,61.68,,4.0,,0.0,16.11,16.11,16.11,24.0,20.285416666666666,86.13833333333334,4.0,
2016-08-02,31.22,15.92,100.0,47.59,,4.0,,0.0,16.29,17.21,17.21,24.0,15.41625,96.67916666666667,4.0,
2016-08-03,17.22,13.75,99.9,89.9,,4.0,,5.029,13.72,13.81,13.81,24.0,15.13125,97.32083333333333,4.0,
2016-08-04,19.28,13.46,100.0,82.8,,4.0,,10.52,15.3,15.3,15.3,24.0,17.109166666666667,97.69166666666666,4.0,
2016-08-05,21.63,15.24,100.0,81.6,,4.0,,2.972,17.36,17.36,17.36,24.0,18.357499999999998,93.23375,4.0,
2016-08-06,22.38,14.45,100.0,73.22,,4.0,,0.0,14.45,14.45,14.45,24.0,18.84541666666667,92.29666666666667,4.0,
2016-08-07,28.12,14.39,100.0,68.48,,4.0,,0.0,15.76,16.64,16.64,24.0,15.827916666666667,94.57916666666667,4.0,
2016-08-08,17.5,13.02,98.9,85.2,,4.0,,5.029,12.08,13.06,13.06,24.0,12.050833333333335,98.79166666666667,4.0,
2016-08-09,13.18,11.45,100.0,93.3,,4.0,,17.14,12.1,12.1,12.1,24.0,14.714166666666666,94.37833333333333,4.0,
2016-08-10,22.24,12.01,100.0,70.58,,4.0,,1.143,14.69,14.69,14.69,24.0,14.8125,84.77208333333333,4.0,
2016-08-11,21.5,9.86,100.0,39.03,,4.0,,0.0,9.86,9.86,5.231,24.0,13.222125,84.51208333333334,4.0,
2016-08-12,22.55,6.743,100.0,46.77,,4.0,,0.0,9.96,9.96,5.368,24.0,13.440208333333333,85.42375,4.0,
2016-08-13,22.65,6.602,100.0,48.01,,4.0,,0.0,9.88,9.88,5.258,24.0,13.884333333333332,88.2075,4.0,
2016-08-14,23.44,7.5,100.0,55.42,,4.0,,0.0,11.94,11.94,11.94,24.0,16.510833333333334,85.46125,4.0,
2016-08-15,27.48,10.57,100.0,38.47,,4.0,,0.0,13.18,13.46,13.46,24.0,16.215,91.97375,4.0,
2016-08-16,21.47,12.58,100.0,63.46,,4.0,,8.92,13.57,13.57,13.57,24.0,17.846666666666668,86.62958333333334,4.0,
2016-08-17,27.82,11.43,100.0,47.91,,4.0,,0.0,14.49,14.49,14.49,24.0,18.28625,91.93083333333334,4.0,
2016-08-18,27.66,12.13,100.0,58.31,,4.0,,27.15,17.1,17.5,17.5,24.0,15.266666666666666,94.92083333333333,4.0,
2016-08-19,17.52,13.78,99.3,83.6,,4.0,,1.143,13.8,13.91,13.91,24.0,14.185833333333333,99.18333333333334,4.0,
2016-08-20,16.0,12.98,100.0,91.8,,4.0,,32.21,14.82,14.82,14.82,24.0,16.4575,99.02083333333333,4.0,
2016-08-21,17.77,14.81,100.0,87.9,,4.0,,50.16,17.11,17.11,17.11,24.0,13.899583333333332,94.11125,4.0,
2016-08-22,17.12,9.27,100.0,72.67,,4.0,,24.0,9.3,9.3,4.46,24.0,11.758000000000001,85.28708333333334,4.0,
2016-08-23,19.94,6.329,100.0,47.44,,4.0,,0.0,8.17,8.17,2.916,24.0,12.749249999999998,84.87625,4.0,
2016-08-24,21.99,6.43,100.0,44.69,,4.0,,0.0,9.72,9.72,5.04,24.0,14.762916666666667,89.96083333333333,4.0,
2016-08-25,22.86,8.43,100.0,64.77,,4.0,,0.0,15.66,16.12,16.12,24.0,17.94333333333333,87.1325,4.0,
2016-08-26,24.67,13.05,100.0,58.61,,4.0,,0.0,13.12,13.12,13.12,24.0,16.182916666666667,95.65416666666665,4.0,
2016-08-27,19.86,12.66,100.0,86.0,,4.0,,0.0,17.05,17.18,17.18,24.0,19.13375,89.105,4.0,
2016-08-28,26.86,14.07,100.0,58.21,,4.0,,0.0,14.22,14.22,14.22,24.0,18.625,89.96333333333332,4.0,
2016-08-29,29.02,13.25,100.0,54.22,,4.0,,0.0,16.52,16.61,16.61,24.0,18.569166666666664,91.65291666666667,4.0,
2016-08-30,25.09,13.82,100.0,68.73,,4.0,,0.0,17.26,17.43,17.43,24.0,18.495833333333334,97.80833333333334,4.0,
2016-08-31,20.73,17.19,100.0,89.1,,4.0,,8.69,18.13,18.13,18.13,24.0,19.910833333333333,81.885,4.0,
2016-09-01,26.23,15.34,100.0,44.26,,4.0,,0.229,14.62,15.34,15.34,24.0,17.296666666666667,88.34249999999999,4.0,
2016-09-02,23.49,11.98,100.0,65.42,,4.0,,0.0,15.67,16.77,16.77,24.0,16.489583333333332,95.86666666666667,4.0,
2016-09-03,17.53,15.84,100.0,88.6,,4.0,,1.143,16.22,16.22,16.22,24.0,16.860833333333332,99.4375,4.0,
2016-09-04,17.98,16.03,100.0,96.0,,4.0,,25.4,17.23,17.23,17.23,24.0,18.129583333333333,97.77916666666665,4.0,
2016-09-05,22.57,15.6,100.0,83.4,,4.0,,16.0,16.23,16.23,16.23,24.0,18.009583333333335,95.22083333333335,4.0,
2016-09-06,21.06,15.97,100.0,81.7,,4.0,,3.2,17.23,17.23,17.23,24.0,20.555416666666666,73.05208333333333,4.0,
2016-09-07,26.86,16.56,100.0,45.62,,4.0,,9.14,8.08,16.72,16.72,24.0,16.95,60.51499999999999,4.0,
2016-09-08,26.48,10.87,99.7,34.88,,4.0,,0.0,10.7,15.62,15.62,24.0,17.23875,70.435,4.0,
2016-09-09,25.22,10.41,100.0,45.89,,4.0,,0.0,11.65,11.65,11.65,24.0,16.56625,86.82458333333334,4.0,
2016-09-10,24.21,10.71,100.0,54.44,,4.0,,0.0,12.73,12.73,12.73,24.0,17.814583333333335,90.27999999999999,4.0,
2016-09-11,24.52,12.5,100.0,66.91,,4.0,,0.0,17.25,17.39,17.39,24.0,20.665000000000003,85.17041666666667,4.0,
2016-09-12,26.51,16.5,100.0,53.87,,4.0,,0.0,18.75,19.16,19.16,24.0,20.87375,92.72833333333334,4.0,
2016-09-13,23.82,19.07,100.0,78.45,,4.0,,0.229,19.9,19.96,19.96,24.0,23.859166666666667,69.06625,4.0,
2016-09-14,35.84,17.63,100.0,27.12,,4.0,,0.0,6.065,22.21,22.21,24.0,21.907083333333333,34.59875,4.0,
2016-09-15,28.26,15.76,60.62,17.68,,4.0,,0.0,4.313,18.53,18.53,24.0,17.922083333333333,61.005833333333335,4.0,
2016-09-16,26.3,8.65,92.3,34.31,,4.0,,0.0,13.47,15.64,15.64,24.0,17.564583333333335,83.28625,4.0,
2016-09-17,22.39,14.83,94.4,62.28,,4.0,,0.0,15.78,16.7,16.7,24.0,19.4475,86.26791666666666,4.0,
2016-09-18,25.16,14.49,100.0,60.82,,4.0,,0.0,18.32,19.04,19.04,24.0,19.627083333333335,92.75083333333333,4.0,
2016-09-19,23.67,17.04,100.0,65.54,,4.0,,3.2,16.99,17.25,17.25,24.0,18.039583333333333,91.38791666666667,4.0,
2016-09-20,22.67,15.06,100.0,74.79,,4.0,,0.0,13.54,15.12,15.12,24.0,16.90125,72.91291666666667,4.0,
2016-09-21,24.74,11.17,100.0,36.0,,4.0,,0.0,11.29,11.45,11.45,24.0,16.235,86.85833333333333,4.0,
2016-09-22,23.4,10.24,100.0,55.79,,4.0,,0.0,14.55,14.79,14.79,24.0,17.826249999999998,85.34375,4.0,
2016-09-23,23.67,13.71,100.0,57.36,,4.0,,0.0,15.81,17.66,17.66,24.0,19.500416666666666,79.05458333333333,4.0,
2016-09-24,26.97,15.81,98.8,44.05,,4.0,,0.0,16.0,16.54,16.54,24.0,15.8025,92.90833333333335,4.0,
2016-09-25,18.57,13.48,99.7,81.5,,4.0,,2.057,13.63,13.67,13.67,24.0,14.527083333333332,94.80833333333334,4.0,
2016-09-26,17.25,13.41,100.0,81.8,,4.0,,3.429,13.85,14.23,14.23,24.0,17.665,81.96958333333333,4.0,
2016-09-27,25.16,12.94,99.9,51.49,,4.0,,0.0,13.96,15.5,15.5,24.0,18.107916666666664,78.34375,4.0,
2016-09-28,25.25,13.43,98.3,49.35,,4.0,,0.0,13.77,14.05,14.05,24.0,19.2975,80.74458333333332,4.0,
2016-09-29,27.89,13.66,100.0,47.47,,4.0,,0.0,15.59,15.66,15.66,24.0,18.230833333333333,82.28041666666667,4.0,
2016-09-30,24.07,13.51,100.0,48.55,,4.0,,0.0,12.39,16.37,16.37,24.0,15.527500000000002,85.99416666666667,4.0,
2016-10-01,17.14,14.07,99.1,69.62,,4.0,,0.686,14.37,14.51,14.51,24.0,15.503749999999998,97.85833333333333,4.0,
2016-10-02,17.79,13.99,100.0,90.7,,4.0,,14.17,15.2,15.34,15.34,24.0,17.03708333333333,89.88791666666667,4.0,
2016-10-03,21.07,14.69,100.0,70.64,,4.0,,1.143,15.14,15.75,15.75,24.0,16.90791666666667,96.95416666666667,4.0,
2016-10-04,19.42,15.1,100.0,87.9,,4.0,,11.89,17.1,17.1,17.1,24.0,18.095833333333335,93.07291666666667,4.0,
2016-10-05,23.87,15.03,100.0,66.44,,4.0,,4.343,15.11,15.23,15.23,24.0,16.675416666666667,96.20291666666667,4.0,
2016-10-06,20.79,14.92,100.0,76.65,,4.0,,16.69,16.14,16.32,16.32,24.0,15.783333333333333,97.40833333333335,4.0,
2016-10-07,17.42,13.66,100.0,87.6,,4.0,,56.46,13.81,13.81,13.81,24.0,16.387916666666666,94.72375,4.0,
2016-10-08,22.04,13.74,100.0,68.29,,4.0,,5.486,15.82,15.82,15.82,24.0,19.642916666666668,85.295,4.0,
2016-10-09,26.69,14.71,100.0,60.27,,4.0,,0.0,14.26,17.47,17.47,24.0,17.94333333333333,80.41458333333334,4.0,
2016-10-10,21.84,15.01,95.8,61.61,,4.0,,0.0,14.9,15.6,15.6,24.0,17.442916666666665,85.23291666666667,4.0,
2016-10-11,22.09,14.89,97.0,64.84,,4.0,,0.0,15.55,16.32,16.32,24.0,17.55666666666667,94.95833333333333,4.0,
2016-10-12,19.96,15.74,99.5,84.7,,4.0,,2.286,17.66,17.72,17.72,24.0,20.167083333333334,90.87208333333332,4.0,
2016-10-13,25.54,17.04,100.0,65.47,,4.0,,12.34,19.21,19.21,19.21,24.0,20.407916666666665,95.42916666666667,4.0,
2016-10-14,24.02,17.87,100.0,82.3,,4.0,,14.17,18.11,18.15,18.15,24.0,20.64375,90.21791666666667,4.0,
2016-10-15,26.79,16.89,100.0,63.62,,4.0,,0.0,18.23,18.48,18.48,24.0,20.00375,93.815,4.0,
2016-10-16,23.63,17.83,100.0,79.36,,4.0,,0.686,19.55,19.55,19.55,24.0,22.81458333333333,90.29,4.0,
2016-10-17,29.42,19.35,100.0,69.4,,4.0,,6.401,20.82,21.09,21.09,24.0,22.969166666666666,87.60458333333334,4.0,
2016-10-18,30.92,19.23,100.0,63.06,,4.0,,2.515,19.4,19.49,19.49,24.0,22.60375,88.05166666666666,4.0,
2016-10-19,30.11,19.37,99.8,59.44,,4.0,,8.0,19.99,20.08,20.08,24.0,21.08375,95.10416666666667,4.0,
2016-10-20,25.26,19.08,100.0,79.61,,4.0,,3.683,20.2,20.47,20.47,24.0,23.72666666666667,88.91875,4.0,
2016-10-21,33.96,18.77,100.0,59.2,,4.0,,18.34,18.77,19.72,19.72,24.0,17.984166666666667,96.34166666666665,4.0,
2016-10-22,19.7,16.34,99.4,87.4,,4.0,,0.914,16.14,16.42,16.42,24.0,18.072916666666668,86.21541666666667,4.0,
2016-10-23,21.58,16.03,98.2,54.8,,4.0,,0.0,16.71,17.01,17.01,24.0,20.011666666666667,89.90249999999999,4.0,
2016-10-24,24.66,16.63,99.7,68.79,,4.0,,0.229,19.38,19.8,19.8,24.0,21.33458333333333,92.88499999999999,4.0,
2016-10-25,26.4,18.98,100.0,70.57,,4.0,,2.972,20.59,20.59,20.59,24.0,20.524583333333336,99.64999999999999,4.0,
2016-10-26,21.16,19.54,100.0,98.1,,4.0,,57.38,19.89,19.89,19.89,24.0,21.161666666666665,99.34583333333335,4.0,
2016-10-27,23.23,19.86,100.0,94.0,,4.0,,23.22,21.37,21.37,21.37,24.0,24.20625,61.07583333333333,4.0,
2016-10-28,29.67,18.74,100.0,34.02,,4.0,,0.0,5.742,18.8,18.8,24.0,18.81083333333333,54.36375,4.0,
2016-10-29,25.24,13.49,96.9,34.5,,4.0,,0.0,13.08,13.56,13.56,24.0,17.300416666666667,80.09666666666666,4.0,
2016-10-30,22.64,11.51,100.0,52.3,,4.0,,0.0,14.9,15.54,15.54,24.0,18.963333333333335,80.13166666666667,4.0,
2016-10-31,24.63,14.88,97.8,51.05,,4.0,,0.0,16.56,17.63,17.63,24.0,20.103333333333335,89.34083333333332,4.0,
2016-11-01,25.04,16.74,99.2,66.13,,4.0,,0.0,19.1,19.35,19.35,24.0,22.010416666666668,89.23666666666666,4.0,
2016-11-02,25.25,20.04,98.3,78.63,,4.0,,0.0,19.77,20.04,20.04,24.0,22.957083333333333,83.26958333333333,4.0,
2016-11-03,28.46,18.47,100.0,50.33,,4.0,,0.0,19.1,21.0,21.0,24.0,18.39708333333333,87.1425,4.0,
2016-11-04,22.1,15.06,98.1,66.23,,4.0,,1.3719999999999999,15.85,16.17,16.17,24.0,19.705833333333334,85.49958333333335,4.0,
2016-11-05,26.1,15.42,99.4,61.56,,4.0,,0.686,17.95,18.84,18.84,24.0,20.920416666666668,84.78666666666668,4.0,
2016-11-06,27.29,17.29,99.5,57.22,,4.0,,0.0,18.16,18.98,18.98,24.0,20.38375,91.91666666666667,4.0,
2016-11-07,23.73,18.26,98.7,79.51,,4.0,,0.686,19.02,19.23,19.23,24.0,22.458333333333332,88.81791666666668,4.0,
2016-11-08,28.36,18.82,100.0,63.88,,4.0,,1.6,20.32,20.68,20.68,24.0,23.481666666666666,86.2675,4.0,
2016-11-09,28.93,20.06,100.0,61.38,,4.0,,0.0,20.86,21.17,21.17,24.0,21.260833333333334,97.02499999999999,4.0,
2016-11-10,22.58,19.07,100.0,90.4,,4.0,,17.14,19.43,19.43,19.43,24.0,23.965416666666666,78.69166666666666,4.0,
2016-11-11,33.32,18.06,100.0,40.21,,4.0,,0.0,18.74,18.98,18.98,24.0,23.219166666666666,79.95791666666666,4.0,
2016-11-12,32.72,16.9,100.0,48.52,,4.0,,0.0,12.35,18.89,18.89,24.0,18.3725,74.90375,4.0,
2016-11-13,21.81,14.29,93.2,56.31,,4.0,,0.229,15.93,17.02,17.02,24.0,17.96625,92.59583333333335,4.0,
2016-11-14,20.33,16.24,98.2,80.6,,4.0,,0.0,16.88,17.37,17.37,24.0,20.725416666666668,88.20166666666667,4.0,
2016-11-15,27.9,17.25,100.0,60.88,,4.0,,0.914,20.35,20.42,20.42,24.0,21.696250000000003,94.49166666666667,4.0,
2016-11-16,26.34,19.93,100.0,76.32,,4.0,,11.66,19.95,20.0,20.0,24.0,21.816666666666666,93.29791666666667,4.0,
2016-11-17,29.15,19.27,100.0,65.64,,4.0,,29.92,19.96,19.96,19.96,24.0,22.139166666666668,90.51916666666666,4.0,
2016-11-18,28.51,17.13,100.0,63.95,,4.0,,5.944,16.86,17.39,17.39,24.0,19.52,72.34,4.0,
2016-11-19,25.69,13.47,99.6,32.68,,4.0,,0.0,12.49,13.55,13.55,24.0,17.58125,77.88583333333334,4.0,
2016-11-20,23.87,12.36,98.7,43.63,,4.0,,0.0,13.58,13.84,13.84,24.0,19.059166666666666,80.66208333333333,4.0,
2016-11-21,25.71,12.2,100.0,52.95,,4.0,,0.0,15.36,16.21,16.21,24.0,21.683333333333334,79.02833333333334,4.0,
2016-11-22,30.54,13.51,100.0,48.97,,4.0,,0.0,18.55,20.49,20.49,24.0,20.125833333333333,87.2,4.0,
2016-11-23,24.68,18.05,99.3,67.26,,4.0,,0.229,17.98,18.09,18.09,24.0,19.1825,94.70833333333333,4.0,
2016-11-24,23.63,17.43,100.0,78.84,,4.0,,3.886,17.27,17.63,17.63,24.0,20.815416666666668,80.69166666666666,4.0,
2016-11-25,26.98,16.94,98.2,57.02,,4.0,,0.0,16.69,17.05,17.05,24.0,20.159166666666668,91.52125,4.0,
2016-11-26,24.56,17.0,99.7,69.5,,4.0,,0.457,19.8,19.84,19.84,24.0,21.75375,94.56666666666666,4.0,
2016-11-27,26.3,19.58,100.0,76.11,,4.0,,0.229,20.94,21.12,21.12,24.0,22.612916666666667,94.25416666666666,4.0,
2016-11-28,26.17,20.7,100.0,78.05,,4.0,,0.686,21.47,21.47,21.47,24.0,24.522499999999997,90.68624999999999,4.0,
2016-11-29,33.29,20.6,100.0,62.96,,4.0,,18.82,21.08,21.3,21.3,24.0,19.579166666666666,96.55,4.0,
2016-11-30,21.91,16.76,99.9,79.95,,4.0,,10.97,17.8,17.97,17.97,24.0,18.682916666666667,90.83749999999999,4.0,
2016-12-01,23.07,15.31,100.0,68.81,,4.0,,0.0,15.53,15.53,15.53,24.0,19.3725,84.40208333333334,4.0,
2016-12-02,26.1,13.01,100.0,46.0,,4.0,,0.0,18.02,18.42,18.42,24.0,20.464583333333334,94.22083333333335,4.0,
2016-12-03,23.79,17.96,99.8,83.0,,4.0,,0.229,20.14,20.73,20.73,24.0,21.527083333333334,95.58333333333333,4.0,
2016-12-04,24.76,20.18,100.0,80.7,,4.0,,8.25,20.58,20.58,20.58,24.0,21.812083333333334,86.23708333333333,4.0,
2016-12-05,26.18,15.6,100.0,71.27,,4.0,,0.457,16.4,16.54,16.54,24.0,21.46666666666667,75.48833333333333,4.0,
2016-12-06,30.48,13.37,100.0,42.23,,4.0,,0.0,17.63,17.74,17.74,24.0,22.86583333333333,75.21541666666667,4.0,
2016-12-07,32.18,15.1,100.0,38.77,,4.0,,0.0,17.05,18.17,18.17,24.0,22.802083333333332,84.49208333333333,4.0,
2016-12-08,31.51,17.94,98.9,49.82,,4.0,,0.457,20.54,21.34,21.34,24.0,21.326249999999998,96.85416666666667,4.0,
2016-12-09,24.21,19.77,100.0,88.1,,4.0,,15.57,20.1,20.3,20.3,24.0,20.448333333333334,98.51666666666667,4.0,
2016-12-10,22.63,19.42,100.0,92.5,,4.0,,13.03,19.5,19.5,19.5,24.0,20.905833333333334,98.11666666666667,4.0,
2016-12-11,23.11,19.2,100.0,92.2,,4.0,,5.258,20.9,20.9,20.9,24.0,24.59583333333333,88.36916666666667,4.0,
2016-12-12,31.72,19.64,100.0,64.83,,4.0,,0.0,19.64,20.97,20.97,24.0,22.29375,86.45541666666666,4.0,
2016-12-13,26.57,19.4,97.5,66.1,,4.0,,0.0,20.76,21.24,21.24,24.0,26.7175,78.26583333333333,4.0,
2016-12-14,36.17,20.67,99.4,42.25,,4.0,,1.8290000000000002,21.14,21.78,21.78,24.0,21.222083333333334,92.25,4.0,
2016-12-15,23.83,17.49,99.9,77.04,,4.0,,0.686,17.35,17.81,17.81,24.0,18.561666666666667,87.60166666666667,4.0,
2016-12-16,21.65,16.26,98.5,66.7,,4.0,,0.229,16.12,16.58,16.58,24.0,18.431250000000002,96.04583333333333,4.0,
2016-12-17,21.33,16.14,100.0,82.7,,4.0,,13.94,18.67,18.71,18.71,24.0,20.375833333333333,97.90416666666665,4.0,
2016-12-18,23.93,18.49,100.0,87.5,,4.0,,8.23,20.34,20.34,20.34,24.0,23.015,91.10875,4.0,
2016-12-19,28.81,19.62,100.0,67.82,,4.0,,1.143,21.09,21.23,21.23,24.0,25.086250000000003,86.35583333333334,4.0,
2016-12-20,33.08,20.05,100.0,58.58,,4.0,,1.3719999999999999,22.67,22.92,22.92,24.0,22.96666666666667,96.175,4.0,
2016-12-21,28.13,20.71,100.0,79.73,,4.0,,34.34,21.41,21.52,21.52,24.0,22.889166666666668,95.89583333333333,4.0,
2016-12-22,27.72,20.43,100.0,76.39,,4.0,,7.1370000000000005,21.39,21.39,21.39,24.0,23.689166666666665,94.64583333333333,4.0,
2016-12-23,27.88,20.75,100.0,75.43,,4.0,,0.229,22.43,22.43,22.43,24.0,25.25375,88.40708333333333,4.0,
2016-12-24,34.81,21.04,100.0,49.66,,4.0,,5.029,22.08,22.11,22.11,24.0,25.3025,89.43958333333335,4.0,
2016-12-25,33.79,21.25,100.0,55.88,,4.0,,3.429,21.76,22.48,22.48,24.0,24.748333333333335,88.72458333333333,4.0,
2016-12-26,31.66,21.6,99.2,66.05,,4.0,,0.0,23.1,23.34,23.34,24.0,27.407916666666665,87.25458333333334,4.0,
2016-12-27,34.4,22.51,100.0,62.34,,4.0,,0.0,25.32,25.82,25.82,24.0,29.188333333333333,82.58666666666666,4.0,
2016-12-28,39.22,24.07,99.3,44.92,,4.0,,0.0,23.32,24.45,24.45,24.0,25.43625,92.15416666666665,4.0,
2016-12-29,29.86,22.18,99.8,73.37,,4.0,,0.0,24.23,24.59,24.59,24.0,26.34875,90.11916666666667,4.0,
2016-12-30,31.98,23.82,99.6,69.55,,4.0,,0.457,23.73,23.82,23.82,24.0,25.706666666666667,93.62041666666666,4.0,
2016-12-31,30.93,23.12,100.0,75.77,,4.0,,0.686,24.14,24.55,24.55,24.0,25.687083333333334,92.59249999999999,4.0,
2017-01-01,32.4,22.85,100.0,64.13,,4.0,,12.62,23.11,23.15,23.15,24.0,27.646666666666665,85.38333333333333,4.0,
2017-01-02,36.0,22.23,100.0,54.29,,4.0,,4.801,23.34,24.27,24.27,24.0,27.074583333333333,86.89583333333333,4.0,
2017-01-03,34.81,22.75,100.0,54.6,,4.0,,0.0,23.37,24.3,24.3,24.0,25.870416666666667,87.44458333333334,4.0,
2017-01-04,30.57,22.08,99.4,66.55,,4.0,,0.0,23.31,23.64,23.64,24.0,25.19333333333333,91.50916666666666,4.0,
2017-01-05,33.75,22.19,100.0,63.28,,4.0,,8.46,22.69,23.03,23.03,24.0,26.373333333333335,85.97666666666667,4.0,
2017-01-06,34.32,22.39,100.0,55.27,,4.0,,29.34,23.02,23.02,23.02,24.0,24.34,91.83666666666666,4.0,
2017-01-07,29.0,22.45,100.0,69.29,,4.0,,0.229,21.95,22.87,22.87,24.0,24.713333333333335,88.76916666666666,4.0,
2017-01-08,29.76,22.07,99.0,65.5,,4.0,,0.0,22.91,23.06,23.06,24.0,26.53333333333333,88.05916666666667,4.0,
2017-01-09,33.04,21.76,100.0,66.13,,4.0,,0.457,23.26,23.39,23.39,24.0,26.59958333333333,88.04458333333334,4.0,
2017-01-10,36.76,22.43,100.0,59.49,,4.0,,8.76,22.9,23.19,23.19,24.0,27.190416666666668,85.93458333333332,4.0,
2017-01-11,35.04,21.81,100.0,57.97,,4.0,,4.115,23.51,23.67,23.67,24.0,25.5975,89.8125,4.0,
2017-01-12,31.11,22.67,100.0,65.09,,4.0,,1.6,21.95,22.91,22.91,24.0,24.94875,82.17083333333333,4.0,
2017-01-13,30.59,21.53,98.8,57.83,,4.0,,1.143,21.08,21.77,21.77,24.0,24.452916666666667,81.8325,4.0,
2017-01-14,32.19,18.02,100.0,50.49,,4.0,,0.0,21.19,21.27,21.27,24.0,25.966250000000002,83.45458333333333,4.0,
2017-01-15,34.21,19.68,100.0,46.79,,4.0,,0.0,23.52,23.79,23.79,24.0,26.921666666666667,83.64333333333333,4.0,
2017-01-16,33.61,22.15,100.0,53.56,,4.0,,0.0,23.73,24.0,24.0,24.0,26.7025,83.72416666666668,4.0,
2017-01-17,33.51,21.61,100.0,55.04,,4.0,,12.57,21.69,21.89,21.89,24.0,24.65833333333333,92.12791666666668,4.0,
2017-01-18,32.8,21.67,100.0,66.08,,4.0,,3.429,22.25,22.43,22.43,24.0,25.834166666666665,87.40708333333333,4.0,
2017-01-19,34.88,21.71,100.0,52.75,,4.0,,26.9,22.24,22.45,22.45,24.0,24.694166666666664,86.18041666666666,4.0,
2017-01-20,29.91,21.97,99.6,64.77,,4.0,,0.914,19.93,22.61,22.61,24.0,24.210416666666664,81.40958333333333,4.0,
2017-01-21,31.45,19.02,99.2,54.52,,4.0,,0.0,21.07,21.19,21.19,24.0,24.449166666666667,83.0825,4.0,
2017-01-22,31.65,19.65,100.0,53.23,,4.0,,0.0,21.42,22.07,22.07,24.0,23.864583333333332,90.62583333333333,4.0,
2017-01-23,29.61,21.04,99.5,66.63,,4.0,,0.229,20.97,21.04,21.04,24.0,24.166666666666668,91.09875,4.0,
2017-01-24,31.22,20.27,100.0,60.91,,4.0,,2.311,21.97,21.97,21.97,24.0,25.728333333333335,86.56375000000001,4.0,
2017-01-25,33.14,20.36,100.0,58.6,,4.0,,0.686,23.38,23.65,23.65,24.0,24.683333333333334,94.29916666666666,4.0,
2017-01-26,33.0,22.17,100.0,61.32,,4.0,,4.572,22.22,22.22,22.22,24.0,23.467083333333335,92.59458333333333,4.0,
2017-01-27,30.28,19.53,100.0,62.3,,4.0,,70.33,20.62,20.62,20.62,24.0,22.303749999999997,90.77791666666667,4.0,
2017-01-28,26.9,19.76,100.0,67.97,,4.0,,2.057,21.16,21.24,21.24,24.0,21.3625,97.925,4.0,
2017-01-29,23.13,20.16,100.0,89.6,,4.0,,13.08,21.05,21.05,21.05,24.0,24.057083333333335,92.91916666666667,4.0,
2017-01-30,31.36,20.86,100.0,65.43,,4.0,,11.3,23.55,23.57,23.57,24.0,23.757500000000004,96.22916666666667,4.0,
2017-01-31,29.74,21.27,100.0,75.51,,4.0,,54.23,22.46,22.46,22.46,24.0,22.19125,98.57083333333333,4.0,
2017-02-01,24.85,21.04,100.0,89.4,,4.0,,48.59,21.04,21.04,21.04,24.0,22.96291666666667,95.20166666666667,4.0,
2017-02-02,29.07,20.3,100.0,72.64,,4.0,,20.8,21.43,21.43,21.43,24.0,24.1425,94.14166666666667,4.0,
2017-02-03,30.48,20.73,100.0,67.82,,4.0,,5.309,23.23,23.23,23.23,24.0,24.806250000000002,93.36375,4.0,
2017-02-04,32.75,21.91,100.0,63.35,,4.0,,7.5440000000000005,21.99,21.99,21.99,24.0,25.910416666666666,87.56375000000001,4.0,
2017-02-05,34.24,20.7,100.0,56.59,,4.0,,0.0,23.43,23.55,23.55,24.0,27.280416666666667,86.03458333333333,4.0,
2017-02-06,35.77,21.88,100.0,56.45,,4.0,,0.0,23.94,24.29,24.29,24.0,26.489166666666666,86.55874999999999,4.0,
2017-02-07,33.35,22.74,100.0,54.85,,4.0,,0.0,22.93,24.03,24.03,24.0,23.614583333333332,89.97791666666666,4.0,
2017-02-08,26.33,21.61,98.7,75.09,,4.0,,0.457,20.88,21.68,21.68,24.0,22.829166666666666,91.35833333333333,4.0,
2017-02-09,26.41,20.9,99.5,72.5,,4.0,,0.914,21.26,21.41,21.41,24.0,23.959166666666665,91.21583333333332,4.0,
2017-02-10,28.7,21.17,100.0,71.06,,4.0,,0.457,21.81,21.89,21.89,24.0,24.633750000000003,84.45166666666667,4.0,
2017-02-11,29.84,20.8,100.0,54.95,,4.0,,0.914,21.01,21.1,21.1,24.0,24.734583333333333,90.67375,4.0,
2017-02-12,30.83,20.71,100.0,64.48,,4.0,,7.087,21.95,22.03,22.03,24.0,23.729583333333334,95.47083333333335,4.0,
2017-02-13,30.77,21.46,100.0,72.36,,4.0,,41.88,21.7,21.73,21.73,24.0,24.469583333333333,93.63125000000001,4.0,
2017-02-14,29.53,21.4,100.0,71.31,,4.0,,1.3719999999999999,23.93,23.93,23.93,24.0,25.967083333333335,93.01666666666667,4.0,
2017-02-15,31.3,23.38,100.0,71.3,,4.0,,20.14,24.0,24.0,24.0,24.0,26.915000000000003,87.19083333333333,4.0,
2017-02-16,34.47,22.7,100.0,58.13,,4.0,,0.229,23.64,23.67,23.67,24.0,27.37291666666667,87.02125000000001,4.0,
2017-02-17,34.35,23.53,100.0,57.88,,4.0,,0.0,24.1,24.58,24.58,24.0,26.80666666666667,84.91,4.0,
2017-02-18,34.1,21.65,100.0,56.14,,4.0,,7.62,21.7,21.81,21.81,24.0,26.63,84.95583333333333,4.0,
2017-02-19,34.72,20.91,100.0,55.74,,4.0,,0.229,24.6,25.46,25.46,24.0,27.929999999999996,83.76458333333333,4.0,
2017-02-20,34.84,23.29,100.0,57.5,,4.0,,0.0,23.73,24.35,24.35,24.0,26.625,85.37458333333335,4.0,
2017-02-21,33.17,21.45,100.0,58.03,,4.0,,0.0,23.13,23.37,23.37,24.0,26.095416666666665,85.23041666666667,4.0,
2017-02-22,32.15,21.69,100.0,60.33,,4.0,,0.0,21.84,21.86,21.86,24.0,25.759583333333335,86.45125,4.0,
2017-02-23,32.55,20.78,100.0,57.95,,4.0,,0.0,22.6,22.65,22.65,24.0,24.591250000000002,90.8675,4.0,
2017-02-24,33.54,20.86,100.0,61.5,,4.0,,18.64,20.94,21.04,21.04,24.0,24.685,88.00666666666666,4.0,
2017-02-25,34.13,20.63,99.9,51.3,,4.0,,0.229,22.94,23.39,23.39,24.0,25.149583333333336,90.39375,4.0,
2017-02-26,32.24,21.16,100.0,60.54,,4.0,,1.143,22.98,23.02,23.02,24.0,25.30125,90.9925,4.0,
2017-02-27,30.2,22.15,100.0,70.88,,4.0,,2.286,23.26,23.34,23.34,24.0,25.402083333333334,89.96166666666666,4.0,
2017-02-28,32.72,21.77,100.0,58.51,,4.0,,5.029,22.38,22.38,22.38,24.0,25.83666666666667,87.57458333333334,4.0,
2017-03-01,34.31,21.62,100.0,59.71,,4.0,,0.229,21.94,21.98,21.98,24.0,24.717916666666667,89.92625,4.0,
2017-03-02,34.22,20.8,100.0,57.0,,4.0,,39.57,21.61,21.69,21.69,24.0,25.14125,89.04833333333333,4.0,
2017-03-03,33.55,21.33,100.0,59.71,,4.0,,0.0,22.74,22.78,22.78,24.0,25.24,91.21208333333334,4.0,
2017-03-04,33.31,22.14,100.0,62.01,,4.0,,6.629,22.69,22.69,22.69,24.0,26.592916666666667,87.185,4.0,
2017-03-05,35.6,21.21,100.0,50.78,,4.0,,3.658,23.71,23.71,23.71,24.0,25.921666666666667,93.29666666666667,4.0,
2017-03-06,33.43,23.43,100.0,65.93,,4.0,,44.2,22.86,23.45,23.45,24.0,24.93166666666667,90.07666666666667,4.0,
2017-03-07,30.04,21.97,99.8,69.92,,4.0,,0.914,22.12,22.14,22.14,24.0,25.057916666666667,90.36916666666667,4.0,
2017-03-08,31.04,22.05,100.0,65.83,,4.0,,7.315,22.27,22.62,22.62,24.0,23.605833333333333,94.72375,4.0,
2017-03-09,29.13,21.04,100.0,75.52,,4.0,,6.172,22.6,22.75,22.75,24.0,24.91,92.98916666666666,4.0,
2017-03-10,30.32,21.16,100.0,73.16,,4.0,,0.229,24.37,24.63,24.63,24.0,26.089166666666667,92.8925,4.0,
2017-03-11,32.41,23.35,100.0,72.82,,4.0,,0.914,23.3,24.02,24.02,24.0,24.27125,91.7025,4.0,
2017-03-12,27.54,22.7,98.8,74.88,,4.0,,0.0,22.25,22.79,22.79,24.0,25.25375,88.33458333333333,4.0,
2017-03-13,34.31,21.87,99.9,62.45,,4.0,,7.62,21.66,21.87,21.87,24.0,23.279583333333335,81.84583333333333,4.0,
2017-03-14,29.71,19.24,100.0,43.33,,4.0,,0.0,19.39,20.57,20.57,24.0,22.918333333333333,85.55083333333333,4.0,
2017-03-15,27.62,19.92,97.9,65.9,,4.0,,0.0,21.34,22.27,22.27,24.0,23.097916666666666,95.54583333333333,4.0,
2017-03-16,26.07,20.74,100.0,83.2,,4.0,,0.229,22.66,22.66,22.66,24.0,24.17,91.35083333333334,4.0,
2017-03-17,31.71,20.8,100.0,65.23,,4.0,,4.5969999999999995,20.94,20.94,20.94,24.0,20.767083333333336,98.55416666666667,4.0,
2017-03-18,22.04,19.07,100.0,91.6,,4.0,,13.94,18.98,19.07,19.07,24.0,20.191666666666666,89.37,4.0,
2017-03-19,24.22,17.86,99.4,63.78,,4.0,,0.229,18.9,19.0,19.0,24.0,19.107083333333332,98.92916666666667,4.0,
2017-03-20,21.74,17.67,100.0,93.6,,4.0,,16.0,17.83,17.83,17.83,24.0,19.66,96.21249999999999,4.0,
2017-03-21,26.8,17.76,100.0,63.52,,4.0,,10.97,18.11,18.11,18.11,24.0,20.112916666666667,96.3875,4.0,
2017-03-22,23.43,17.28,100.0,83.2,,4.0,,7.5440000000000005,19.15,19.37,19.37,24.0,21.767916666666665,93.18875000000001,4.0,
2017-03-23,26.98,19.24,100.0,70.67,,4.0,,8.92,20.42,20.42,20.42,24.0,22.299583333333334,93.67541666666666,4.0,
2017-03-24,28.46,19.98,100.0,66.01,,4.0,,31.22,20.13,20.13,20.13,24.0,23.177083333333332,89.05916666666667,4.0,
2017-03-25,30.9,19.08,100.0,59.4,,4.0,,1.6,19.7,19.94,19.94,24.0,22.52541666666667,88.37083333333334,4.0,
2017-03-26,29.57,17.31,100.0,60.23,,4.0,,0.0,20.93,20.98,20.98,24.0,22.568749999999998,91.3125,4.0,
2017-03-27,27.62,19.05,100.0,68.9,,4.0,,4.572,20.89,20.89,20.89,24.0,21.04125,98.02499999999999,4.0,
2017-03-28,24.97,19.46,100.0,82.5,,4.0,,32.0,19.76,19.76,19.76,24.0,21.558333333333334,94.78916666666667,4.0,
2017-03-29,27.5,19.36,100.0,72.47,,4.0,,25.58,19.39,19.51,19.51,24.0,20.574583333333333,94.4925,4.0,
2017-03-30,24.49,18.78,100.0,76.16,,4.0,,8.0,18.94,18.94,18.94,24.0,21.297916666666666,89.09791666666666,4.0,
2017-03-31,26.79,18.27,100.0,59.41,,4.0,,0.0,18.58,18.99,18.99,24.0,20.5525,88.10875,4.0,
2017-04-01,26.62,16.99,100.0,56.94,,4.0,,4.572,17.29,17.3,17.3,24.0,20.154166666666665,91.03125,4.0,
2017-04-02,25.88,16.63,100.0,61.28,,4.0,,2.515,18.35,18.35,18.35,24.0,20.46375,96.79166666666667,4.0,
2017-04-03,25.78,17.85,100.0,77.08,,4.0,,9.83,20.07,20.07,20.07,24.0,22.21166666666667,93.02833333333332,4.0,
2017-04-04,27.8,19.11,100.0,68.83,,4.0,,2.972,19.59,19.59,19.59,24.0,22.80458333333333,90.60666666666667,4.0,
2017-04-05,28.52,19.05,100.0,64.11,,4.0,,0.0,22.15,22.42,22.42,24.0,22.751666666666665,97.05416666666667,4.0,
2017-04-06,25.38,21.42,100.0,84.8,,4.0,,6.858,21.82,21.82,21.82,24.0,21.563333333333333,98.25833333333333,4.0,
2017-04-07,23.6,18.74,100.0,84.3,,4.0,,6.401,18.74,18.74,18.74,24.0,20.915833333333335,97.60416666666667,4.0,
2017-04-08,23.69,18.37,100.0,83.2,,4.0,,5.029,20.9,20.9,20.9,24.0,22.135,99.3625,4.0,
2017-04-09,24.51,20.74,100.0,94.8,,4.0,,25.6,22.19,22.19,22.19,24.0,23.545833333333334,95.29583333333333,4.0,
2017-04-10,27.16,21.57,100.0,77.46,,4.0,,2.972,21.94,21.94,21.94,24.0,24.335416666666664,94.67875,4.0,
2017-04-11,29.53,21.45,100.0,74.17,,4.0,,7.087,23.57,23.57,23.57,24.0,25.170833333333334,91.73083333333334,4.0,
2017-04-12,32.47,20.98,100.0,65.57,,4.0,,33.43,20.74,21.02,21.02,24.0,21.730833333333333,84.73833333333333,4.0,
2017-04-13,25.47,18.9,98.4,55.1,,4.0,,0.0,16.87,18.99,18.99,24.0,20.140416666666667,87.08958333333334,4.0,
2017-04-14,25.09,17.25,98.7,65.15,,4.0,,0.0,19.03,19.25,19.25,24.0,21.7225,86.43541666666665,4.0,
2017-04-15,28.82,17.4,100.0,51.98,,4.0,,0.0,18.3,18.3,18.3,24.0,22.616249999999997,88.425,4.0,
2017-04-16,29.83,17.45,100.0,61.39,,4.0,,6.223,21.66,21.82,21.82,24.0,22.459999999999997,94.58333333333333,4.0,
2017-04-17,28.1,19.66,100.0,75.25,,4.0,,9.6,19.46,19.66,19.66,24.0,20.590416666666666,91.75958333333334,4.0,
2017-04-18,25.34,18.63,99.7,67.51,,4.0,,0.229,18.7,18.82,18.82,24.0,19.719583333333333,94.37916666666666,4.0,
2017-04-19,24.24,16.44,100.0,76.88,,4.0,,1.6,17.08,17.08,17.08,24.0,19.98875,91.28375,4.0,
2017-04-20,24.97,17.01,100.0,65.89,,4.0,,6.401,18.41,18.46,18.46,24.0,21.205000000000002,92.07333333333334,4.0,
2017-04-21,26.12,17.43,100.0,68.92,,4.0,,2.743,21.1,21.19,21.19,24.0,22.597916666666666,93.40208333333334,4.0,
2017-04-22,28.74,20.09,100.0,70.43,,4.0,,2.057,19.56,21.06,21.06,24.0,20.307916666666667,89.8925,4.0,
2017-04-23,25.41,16.44,100.0,64.56,,4.0,,0.914,16.37,16.53,16.53,24.0,18.9375,88.06083333333333,4.0,
2017-04-24,25.18,12.66,100.0,58.92,,4.0,,0.0,18.09,18.12,18.12,24.0,20.68166666666667,90.92375,4.0,
2017-04-25,26.8,16.56,100.0,65.09,,4.0,,0.686,19.15,19.15,19.15,24.0,21.282500000000002,92.42125,4.0,
2017-04-26,26.79,16.58,100.0,70.77,,4.0,,0.0,21.26,21.91,21.91,24.0,21.696250000000003,87.94625,4.0,
2017-04-27,25.53,18.25,100.0,62.27,,4.0,,13.18,13.92,19.14,19.14,24.0,17.28625,67.71666666666667,4.0,
2017-04-28,23.9,10.09,100.0,37.23,,4.0,,0.0,10.31,10.31,10.31,24.0,14.732291666666667,86.04666666666667,4.0,
2017-04-29,23.95,7.622,100.0,49.78,,4.0,,0.0,11.41,11.41,11.41,24.0,15.420833333333334,86.38375,4.0,
2017-04-30,24.93,9.2,100.0,49.41,,4.0,,0.0,11.1,11.1,11.1,24.0,16.56,87.6375,4.0,
2017-05-01,25.59,9.6,100.0,55.66,,4.0,,0.0,14.19,14.19,14.19,24.0,17.881249999999998,96.39999999999999,4.0,
2017-05-02,22.73,14.11,100.0,81.2,,4.0,,0.0,17.81,17.81,17.81,24.0,19.490416666666665,95.04124999999999,4.0,
2017-05-03,25.47,16.83,100.0,73.35,,4.0,,1.6,18.92,18.91,18.91,24.0,20.357499999999998,91.76666666666667,4.0,
2017-05-04,25.72,16.11,100.0,69.45,,4.0,,0.0,16.46,16.46,16.46,24.0,19.71125,95.00208333333335,4.0,
2017-05-05,25.04,16.02,100.0,71.95,,4.0,,6.172,19.48,19.48,19.48,24.0,21.69125,93.05083333333333,4.0,
2017-05-06,27.52,18.3,100.0,68.95,,4.0,,4.343,20.01,20.02,20.02,24.0,21.18166666666667,89.5,4.0,
2017-05-07,28.08,16.97,100.0,58.22,,4.0,,0.229,19.0,19.0,19.0,24.0,20.997083333333332,91.94625,4.0,
2017-05-08,26.12,17.33,100.0,70.77,,4.0,,0.0,18.62,18.62,18.62,24.0,20.724166666666665,91.34333333333332,4.0,
2017-05-09,26.35,17.19,100.0,66.73,,4.0,,0.0,17.27,17.27,17.27,24.0,21.177083333333332,88.2525,4.0,
2017-05-10,29.74,16.23,100.0,56.68,,4.0,,0.0,19.53,20.89,20.89,24.0,20.447083333333335,90.01041666666667,4.0,
2017-05-11,23.3,18.09,98.3,69.82,,4.0,,0.914,17.64,18.09,18.09,24.0,18.286666666666665,89.75791666666667,4.0,
2017-05-12,21.43,16.58,98.8,70.54,,4.0,,0.0,16.34,16.58,16.58,24.0,19.729166666666668,88.63916666666667,4.0,
2017-05-13,25.24,16.23,99.6,66.11,,4.0,,0.229,17.85,18.33,18.33,24.0,20.77375,88.02125000000001,4.0,
2017-05-14,27.95,15.18,100.0,60.14,,4.0,,0.229,19.19,19.28,19.28,24.0,22.659583333333334,70.03291666666667,4.0,
2017-05-15,27.88,14.02,100.0,46.86,,4.0,,5.715,13.43,14.19,14.19,24.0,17.857083333333332,81.56833333333333,4.0,
2017-05-16,26.74,11.39,99.4,45.13,,4.0,,0.0,15.87,16.22,16.22,24.0,18.675,88.49416666666667,4.0,
2017-05-17,25.13,14.04,100.0,60.36,,4.0,,0.0,16.62,16.91,16.91,24.0,18.899583333333336,89.67875,4.0,
2017-05-18,25.47,14.15,100.0,61.69,,4.0,,0.0,17.89,18.01,18.01,24.0,18.7,98.31666666666666,4.0,
2017-05-19,20.57,17.65,99.9,92.7,,4.0,,45.75,18.21,18.24,18.24,24.0,18.4575,98.96666666666665,4.0,
2017-05-20,18.92,17.85,99.9,96.8,,4.0,,81.4,18.56,18.57,18.57,24.0,20.05125,97.22916666666667,4.0,
2017-05-21,22.5,18.55,100.0,87.5,,4.0,,16.23,19.92,20.03,20.03,24.0,19.99,99.09166666666665,4.0,
2017-05-22,21.04,18.09,100.0,96.1,,4.0,,2.057,18.58,18.58,18.58,24.0,18.268333333333334,94.60041666666666,4.0,
2017-05-23,22.81,13.51,100.0,64.69,,4.0,,0.914,14.0,14.0,14.0,24.0,17.100416666666664,92.89375,4.0,
2017-05-24,24.14,11.25,100.0,68.53,,4.0,,0.229,17.46,17.48,17.48,24.0,19.65791666666667,95.54583333333333,4.0,
2017-05-25,22.74,17.8,99.7,88.0,,4.0,,0.0,18.05,18.08,18.08,24.0,21.247916666666665,91.68708333333332,4.0,
2017-05-26,26.0,17.35,100.0,72.78,,4.0,,0.0,20.4,20.93,20.93,24.0,23.093333333333334,92.46375,4.0,
2017-05-27,30.6,20.25,99.6,66.74,,4.0,,10.62,21.62,21.7,21.7,24.0,20.46875,99.375,4.0,
2017-05-28,21.74,18.92,100.0,98.0,,4.0,,48.46,18.71,18.91,18.91,24.0,18.962083333333332,98.9375,4.0,
2017-05-29,20.12,18.07,100.0,95.1,,4.0,,8.46,18.57,18.57,18.57,24.0,20.588333333333335,95.89583333333333,4.0,
2017-05-30,25.22,17.29,100.0,80.1,,4.0,,10.97,19.2,19.62,19.62,24.0,18.06375,98.425,4.0,
2017-05-31,19.64,16.42,100.0,94.9,,4.0,,16.23,16.59,16.59,16.59,24.0,17.353333333333335,99.12916666666666,4.0,
2017-06-01,19.15,16.53,100.0,96.8,,4.0,,51.03,16.6,16.75,16.75,24.0,19.43875,74.63666666666667,4.0,
2017-06-02,24.57,15.08,100.0,45.97,,4.0,,1.3719999999999999,11.99,16.87,16.87,24.0,19.1825,72.63333333333334,4.0,
2017-06-03,25.46,14.87,96.8,52.14,,4.0,,0.0,16.17,16.77,16.77,24.0,18.672083333333333,90.48875,4.0,
2017-06-04,25.16,14.57,99.9,59.71,,4.0,,0.229,14.57,14.61,14.61,24.0,18.145,94.68541666666665,4.0,
2017-06-05,23.21,14.63,100.0,74.64,,4.0,,18.54,18.36,18.59,18.59,24.0,19.507083333333334,97.6125,4.0,
2017-06-06,23.36,18.11,100.0,82.3,,4.0,,22.45,18.81,18.84,18.84,24.0,19.44333333333333,98.925,4.0,
2017-06-07,21.36,18.53,100.0,90.9,,4.0,,20.19,19.48,19.48,19.48,24.0,19.357916666666664,99.53750000000001,4.0,
2017-06-08,20.44,18.68,100.0,95.2,,4.0,,1.6,19.0,19.0,19.0,24.0,20.95625,88.4975,4.0,
2017-06-09,26.06,18.79,100.0,47.16,,4.0,,0.686,16.13,18.91,18.91,24.0,17.201666666666668,74.40333333333334,4.0,
2017-06-10,22.42,12.02,99.1,41.81,,4.0,,0.0,4.929,12.36,12.36,24.0,13.216666666666667,70.58916666666666,4.0,
2017-06-11,20.8,7.7219999999999995,99.8,43.85,,4.0,,0.0,8.1,8.18,2.93,24.0,12.840291666666666,86.98333333333333,4.0,
2017-06-12,23.01,5.34,100.0,47.45,,4.0,,0.0,9.29,9.31,4.474,24.0,13.450416666666667,90.94708333333334,4.0,
2017-06-13,23.03,7.914,100.0,54.44,,4.0,,0.0,10.35,10.42,10.42,24.0,14.812916666666666,91.99958333333332,4.0,
2017-06-14,22.4,9.64,100.0,64.23,,4.0,,0.0,12.62,12.62,12.62,24.0,16.285,90.1875,4.0,
2017-06-15,24.51,9.86,100.0,58.57,,4.0,,1.143,17.38,17.55,17.55,24.0,18.5675,93.07375,4.0,
2017-06-16,23.21,14.18,100.0,71.9,,4.0,,0.686,15.0,15.0,15.0,24.0,18.518333333333334,91.87791666666668,4.0,
2017-06-17,24.84,15.01,100.0,64.76,,4.0,,0.0,15.86,15.86,15.86,24.0,18.017500000000002,92.62124999999999,4.0,
2017-06-18,26.4,13.32,100.0,57.8,,4.0,,0.0,13.71,13.71,13.71,24.0,20.2625,80.24041666666666,4.0,
2017-06-19,32.53,12.41,100.0,34.19,,4.0,,0.0,16.66,21.21,21.21,24.0,15.518749999999999,96.42958333333333,4.0,
2017-06-20,21.05,11.39,99.2,76.22,,4.0,,16.92,11.12,11.75,11.75,24.0,12.6725,90.96666666666665,4.0,
2017-06-21,15.54,10.97,98.1,67.2,,4.0,,0.457,12.2,12.7,12.7,24.0,14.640416666666667,92.83291666666666,4.0,
2017-06-22,18.75,12.42,99.2,72.35,,4.0,,0.0,14.84,14.97,14.97,24.0,17.121666666666666,96.19583333333333,4.0,
2017-06-23,20.56,14.83,100.0,82.6,,4.0,,2.057,17.76,17.76,17.76,24.0,19.202083333333334,93.49916666666667,4.0,
2017-06-24,24.57,14.99,100.0,72.59,,4.0,,0.686,15.6,15.6,15.6,24.0,18.69,93.17083333333333,4.0,
2017-06-25,23.88,14.68,100.0,71.89,,4.0,,0.0,17.52,17.63,17.63,24.0,19.173333333333332,92.34708333333333,4.0,
2017-06-26,24.63,15.64,100.0,66.51,,4.0,,0.0,15.93,15.94,15.94,24.0,17.181250000000002,90.72458333333333,4.0,
2017-06-27,24.42,13.18,100.0,56.33,,4.0,,0.0,16.21,16.25,16.25,24.0,18.309166666666666,89.65333333333332,4.0,
2017-06-28,24.95,13.61,100.0,62.36,,4.0,,0.0,14.07,14.07,14.07,24.0,17.269166666666667,91.82,4.0,
2017-06-29,26.42,12.3,100.0,59.33,,4.0,,0.0,12.86,12.86,12.86,24.0,16.909166666666668,90.58333333333333,4.0,
2017-06-30,26.92,10.38,100.0,53.55,,4.0,,0.0,14.41,14.41,14.41,24.0,18.34541666666667,88.40625,4.0,
2017-07-01,28.14,11.39,100.0,55.26,,4.0,,0.0,17.8,18.28,18.28,24.0,17.417083333333334,94.28750000000001,4.0,
2017-07-02,19.22,15.24,99.6,86.1,,4.0,,2.286,14.28,15.28,15.28,24.0,15.32125,83.76625,4.0,
2017-07-03,20.24,11.48,99.3,55.49,,4.0,,0.0,11.78,11.9,11.9,24.0,13.808750000000002,91.4325,4.0,
2017-07-04,20.89,8.23,100.0,65.9,,4.0,,0.229,11.72,11.72,11.72,24.0,15.074583333333335,95.38958333333333,4.0,
2017-07-05,20.43,10.79,100.0,73.07,,4.0,,2.743,13.98,13.98,13.98,24.0,16.827083333333334,89.93,4.0,
2017-07-06,24.2,12.22,100.0,50.26,,4.0,,1.3719999999999999,13.25,13.25,13.25,24.0,16.2525,91.47125,4.0,
2017-07-07,24.27,10.95,100.0,63.3,,4.0,,0.0,14.59,14.59,14.59,24.0,16.659166666666668,93.48458333333333,4.0,
2017-07-08,23.73,12.82,100.0,67.75,,4.0,,1.8290000000000002,16.46,16.46,16.46,24.0,18.3675,92.36625,4.0,
2017-07-09,23.33,15.91,100.0,63.9,,4.0,,1.143,16.94,16.97,16.97,24.0,18.957083333333333,93.18875000000001,4.0,
2017-07-10,24.23,15.9,100.0,72.34,,4.0,,0.0,18.1,18.17,18.17,24.0,18.995416666666667,92.18291666666666,4.0,
2017-07-11,25.2,14.46,100.0,64.98,,4.0,,0.0,15.76,15.76,15.76,24.0,18.260833333333334,94.57041666666667,4.0,
2017-07-12,25.97,15.41,100.0,67.5,,4.0,,0.0,16.08,16.08,16.08,24.0,17.4925,94.6675,4.0,
2017-07-13,22.81,14.44,100.0,71.86,,4.0,,0.0,17.14,17.23,17.23,24.0,18.763333333333332,88.97291666666666,4.0,
2017-07-14,24.2,15.44,100.0,61.05,,4.0,,0.0,16.9,17.08,17.08,24.0,19.714583333333334,87.63416666666667,4.0,
2017-07-15,25.46,17.07,99.5,63.19,,4.0,,0.0,17.74,18.27,18.27,24.0,19.987916666666667,90.05833333333334,4.0,
2017-07-16,26.13,15.65,100.0,64.17,,4.0,,0.0,15.65,15.65,15.65,24.0,18.7775,91.99833333333333,4.0,
2017-07-17,27.73,14.79,100.0,60.26,,4.0,,0.0,16.15,16.71,16.71,24.0,14.751666666666667,94.98333333333333,4.0,
2017-07-18,18.45,8.44,98.9,84.7,,4.0,,5.486,6.272,8.69,3.632,24.0,9.331958333333334,70.33083333333333,4.0,
2017-07-19,15.62,3.5220000000000002,99.6,34.64,,4.0,,0.914,3.61,3.684,-3.209,24.0,8.912458333333333,85.42791666666666,4.0,
2017-07-20,18.41,1.41,100.0,46.76,,4.0,,0.0,7.904,8.0,2.6950000000000003,24.0,13.608708333333333,87.96125,4.0,
2017-07-21,22.6,7.036,100.0,59.46,,4.0,,0.0,10.89,10.91,10.91,24.0,15.338333333333333,90.00791666666667,4.0,
2017-07-22,25.91,9.45,100.0,52.69,,4.0,,0.0,12.01,12.06,12.06,24.0,14.397833333333333,88.89375,4.0,
2017-07-23,20.72,6.7940000000000005,100.0,63.94,,4.0,,0.0,14.94,15.34,15.34,24.0,17.300833333333333,88.39583333333333,4.0,
2017-07-24,24.88,11.92,100.0,56.0,,4.0,,0.0,16.08,16.3,16.3,24.0,17.545833333333334,91.37958333333334,4.0,
2017-07-25,25.69,12.28,100.0,61.97,,4.0,,0.0,16.28,16.28,16.28,24.0,18.769583333333333,88.39208333333333,4.0,
2017-07-26,29.47,13.51,100.0,46.94,,4.0,,0.0,13.6,13.6,13.6,24.0,17.985416666666666,87.64458333333333,4.0,
2017-07-27,28.38,11.71,100.0,51.67,,4.0,,0.0,17.0,17.09,17.09,24.0,19.045416666666664,85.90541666666667,4.0,
2017-07-28,25.09,14.95,99.5,53.39,,4.0,,0.0,15.95,16.02,16.02,24.0,18.164166666666667,90.39541666666666,4.0,
2017-07-29,24.4,13.02,100.0,62.61,,4.0,,0.0,13.24,13.3,13.3,24.0,18.292916666666667,88.2725,4.0,
2017-07-30,25.92,11.97,100.0,59.06,,4.0,,0.0,17.94,18.12,18.12,24.0,19.500416666666666,88.10458333333334,4.0,
2017-07-31,25.92,14.48,100.0,58.53,,4.0,,0.0,14.94,15.0,15.0,24.0,18.625,91.13,4.0,
2017-08-01,26.42,14.66,100.0,61.98,,4.0,,0.0,17.45,17.49,17.49,24.0,19.810416666666665,88.21166666666666,4.0,
2017-08-02,28.47,16.38,99.9,50.24,,4.0,,0.0,17.38,17.72,17.72,24.0,20.396666666666665,81.01583333333333,4.0,
2017-08-03,28.89,14.55,98.1,38.84,,4.0,,2.743,18.17,18.48,18.48,24.0,19.559166666666666,82.75916666666667,4.0,
2017-08-04,24.46,14.15,99.2,56.44,,4.0,,13.26,14.07,14.45,14.45,24.0,16.16375,81.90916666666666,4.0,
2017-08-05,22.37,10.67,99.4,51.48,,4.0,,0.0,12.96,13.45,13.45,24.0,16.445833333333333,79.35458333333334,4.0,
2017-08-06,23.29,12.78,97.4,45.1,,4.0,,0.0,13.58,14.3,14.3,24.0,16.637916666666666,83.64375,4.0,
2017-08-07,22.7,13.27,98.8,44.9,,4.0,,0.0,14.42,15.04,15.04,24.0,17.256249999999998,85.24916666666667,4.0,
2017-08-08,23.81,10.86,99.6,55.84,,4.0,,0.0,13.76,13.83,13.83,24.0,17.720416666666665,90.50916666666666,4.0,
2017-08-09,27.09,12.12,100.0,56.23,,4.0,,6.045,16.89,17.02,17.02,24.0,19.570833333333333,87.41708333333334,4.0,
2017-08-10,27.77,15.16,100.0,52.55,,4.0,,0.0,15.78,17.77,17.77,24.0,17.52125,91.1225,4.0,
2017-08-11,21.65,16.09,98.8,70.82,,4.0,,0.0,15.85,16.36,16.36,24.0,16.69125,97.88333333333333,4.0,
2017-08-12,18.29,14.96,99.8,94.0,,4.0,,4.343,16.85,16.96,16.96,24.0,18.405416666666667,92.86666666666667,4.0,
2017-08-13,20.84,16.69,99.5,80.5,,4.0,,1.3719999999999999,17.61,18.56,18.56,24.0,19.059166666666666,95.91250000000001,4.0,
2017-08-14,21.67,17.95,99.5,85.5,,4.0,,8.46,18.67,18.9,18.9,24.0,19.965416666666666,75.72291666666666,4.0,
2017-08-15,25.06,16.08,99.6,45.05,,4.0,,0.0,15.68,17.27,17.27,24.0,16.397916666666667,96.37916666666666,4.0,
2017-08-16,17.46,15.34,99.1,88.7,,4.0,,3.658,15.32,15.47,15.47,24.0,17.735,91.16000000000001,4.0,
2017-08-17,23.57,14.57,99.8,68.76,,4.0,,0.0,15.12,15.15,15.15,24.0,16.475416666666668,95.03541666666666,4.0,
2017-08-18,20.62,14.07,100.0,77.39,,4.0,,0.0,15.33,15.36,15.36,24.0,17.4725,89.14458333333334,4.0,
2017-08-19,24.01,12.09,100.0,65.18,,4.0,,0.0,16.91,17.61,17.61,24.0,18.624583333333334,93.875,4.0,
2017-08-20,21.73,16.76,99.2,80.8,,4.0,,3.658,18.1,18.28,18.28,24.0,16.988333333333333,96.52499999999999,4.0,
2017-08-21,21.41,13.83,100.0,78.31,,4.0,,31.57,13.74,13.91,13.91,24.0,13.541666666666666,80.63833333333334,4.0,
2017-08-22,18.79,8.3,99.3,48.43,,4.0,,0.0,9.39,9.6,4.873,24.0,13.217916666666667,93.34208333333333,4.0,
2017-08-23,17.83,8.23,100.0,72.45,,4.0,,0.0,15.44,15.94,15.94,24.0,18.334166666666665,89.89333333333333,4.0,
2017-08-24,22.25,15.77,98.7,70.24,,4.0,,0.0,17.33,17.53,17.53,24.0,19.140416666666667,88.02416666666666,4.0,
2017-08-25,24.39,14.28,100.0,62.29,,4.0,,0.0,17.28,18.17,18.17,24.0,18.721666666666668,89.25958333333334,4.0,
2017-08-26,23.73,14.63,99.8,68.44,,4.0,,0.0,17.11,18.3,18.3,24.0,20.114583333333332,85.58833333333332,4.0,
2017-08-27,25.47,16.53,98.9,61.25,,4.0,,0.0,18.1,18.63,18.63,24.0,19.5025,91.85791666666667,4.0,
2017-08-28,22.34,18.15,98.1,75.3,,4.0,,0.0,18.17,18.8,18.8,24.0,20.5525,86.29,4.0,
2017-08-29,26.89,18.06,97.7,61.72,,4.0,,0.0,18.17,19.67,19.67,24.0,20.743750000000002,86.32625,4.0,
2017-08-30,27.46,16.79,99.4,58.75,,4.0,,0.0,16.95,17.09,17.09,24.0,20.275833333333335,90.38166666666666,4.0,
2017-08-31,31.79,15.8,100.0,57.27,,4.0,,0.0,16.86,17.29,17.29,24.0,17.695416666666667,86.98375,4.0,
2017-09-01,22.61,15.28,97.8,63.53,,4.0,,0.229,16.84,17.18,17.18,24.0,18.22125,90.52791666666667,4.0,
2017-09-02,20.94,16.77,98.7,72.78,,4.0,,0.457,16.76,17.1,17.1,24.0,18.539583333333333,88.24333333333334,4.0,
2017-09-03,23.23,14.19,98.9,65.18,,4.0,,1.143,14.04,14.2,14.2,24.0,18.910416666666666,84.96666666666667,4.0,
2017-09-04,24.93,12.99,100.0,57.92,,4.0,,0.0,17.87,19.16,19.16,24.0,21.3475,84.29083333333334,4.0,
2017-09-05,28.47,17.49,98.6,57.82,,4.0,,0.0,18.16,18.36,18.36,24.0,21.08875,87.00083333333333,4.0,
2017-09-06,30.07,17.79,99.5,60.06,,4.0,,0.0,15.65,18.43,18.43,24.0,18.410833333333333,89.38875,4.0,
2017-09-07,22.41,14.59,98.6,73.7,,4.0,,0.0,17.82,18.04,18.04,24.0,21.296666666666667,84.99791666666667,4.0,
2017-09-08,27.98,17.7,99.2,58.7,,4.0,,0.0,18.62,19.71,19.71,24.0,21.17125,86.32291666666667,4.0,
2017-09-09,27.87,18.87,98.3,58.03,,4.0,,0.0,17.97,18.91,18.91,24.0,20.377916666666668,90.74958333333332,4.0,
2017-09-10,26.28,18.46,99.1,68.9,,4.0,,0.229,18.42,19.0,19.0,24.0,21.076666666666668,85.44375000000001,4.0,
2017-09-11,27.66,17.69,99.3,59.14,,4.0,,0.0,19.07,20.05,20.05,24.0,22.550416666666667,85.78958333333333,4.0,
2017-09-12,29.24,19.47,97.9,61.66,,4.0,,0.0,19.3,19.66,19.66,24.0,20.8775,92.07166666666666,4.0,
2017-09-13,24.27,18.53,99.7,75.82,,4.0,,0.0,19.35,19.99,19.99,24.0,21.536666666666665,88.02,4.0,
2017-09-14,27.27,17.95,99.4,61.23,,4.0,,0.0,19.42,19.76,19.76,24.0,23.187083333333334,86.27041666666666,4.0,
2017-09-15,31.34,19.7,98.4,57.41,,4.0,,0.0,20.51,21.06,21.06,24.0,22.607083333333335,85.15083333333334,4.0,
2017-09-16,29.25,18.39,99.2,59.5,,4.0,,0.0,18.97,20.53,20.53,24.0,21.755,88.23291666666667,4.0,
2017-09-17,26.21,19.69,96.6,68.32,,4.0,,0.0,20.19,20.74,20.74,24.0,19.986666666666668,96.2625,4.0,
2017-09-18,21.75,18.53,99.0,89.8,,4.0,,2.743,18.11,18.71,18.71,24.0,19.809583333333332,88.425,4.0,
2017-09-19,22.41,17.78,97.6,75.02,,4.0,,0.0,18.22,18.82,18.82,24.0,20.974166666666665,89.89458333333333,4.0,
2017-09-20,24.83,18.56,99.2,69.35,,4.0,,0.0,19.83,20.3,20.3,24.0,22.270833333333332,86.47125,4.0,
2017-09-21,27.93,19.62,98.7,60.7,,4.0,,0.0,18.97,19.64,19.64,24.0,22.332083333333333,83.20791666666666,4.0,
2017-09-22,29.02,18.17,99.1,53.29,,4.0,,0.0,19.59,20.4,20.4,24.0,23.38875,86.32125,4.0,
2017-09-23,30.55,19.95,97.9,61.98,,4.0,,0.0,19.97,20.31,20.31,24.0,22.192083333333333,88.29458333333334,4.0,
2017-09-24,27.17,19.88,98.4,67.55,,4.0,,0.0,18.24,19.93,19.93,24.0,19.705833333333334,93.02083333333333,4.0,
2017-09-25,21.55,18.85,98.7,80.9,,4.0,,4.801,18.69,18.91,18.91,24.0,20.94666666666667,90.03041666666667,4.0,
2017-09-26,26.46,18.54,98.9,63.1,,4.0,,0.686,18.68,18.85,18.85,24.0,20.896666666666665,87.22791666666666,4.0,
2017-09-27,26.95,16.91,100.0,60.3,,4.0,,0.0,18.24,18.62,18.62,24.0,22.2175,82.72208333333333,4.0,
2017-09-28,30.11,17.36,99.9,53.53,,4.0,,0.0,19.34,19.91,19.91,24.0,19.535833333333333,94.54166666666667,4.0,
2017-09-29,23.2,17.69,98.8,78.6,,4.0,,14.63,17.58,17.81,17.81,24.0,17.765416666666667,97.61666666666667,4.0,
2017-09-30,19.04,16.61,99.6,90.8,,4.0,,47.32,18.7,18.76,18.76,24.0,21.015833333333333,92.0175,4.0,
2017-10-01,26.52,18.57,99.8,70.27,,4.0,,55.32,19.46,19.64,19.64,24.0,24.469583333333333,77.35708333333334,4.0,
2017-10-02,33.51,17.23,100.0,39.52,,4.0,,0.0,20.74,21.93,21.93,24.0,22.243750000000002,79.81458333333333,4.0,
2017-10-03,25.97,18.2,95.9,52.45,,4.0,,0.457,14.66,20.17,20.17,24.0,20.1525,61.510416666666664,4.0,
2017-10-04,27.21,14.15,96.1,24.79,,4.0,,0.0,13.6,14.2,14.2,24.0,18.718333333333334,74.59333333333333,4.0,
2017-10-05,26.69,10.67,99.3,34.77,,4.0,,0.0,15.2,15.48,15.48,24.0,19.62666666666667,83.66,4.0,
2017-10-06,26.64,11.95,99.7,57.43,,4.0,,0.0,18.94,19.63,19.63,24.0,22.0175,90.20041666666667,4.0,
2017-10-07,30.04,17.33,99.9,61.39,,4.0,,23.29,20.52,20.75,20.75,24.0,19.97458333333333,96.68333333333334,4.0,
2017-10-08,23.49,17.11,99.3,87.6,,4.0,,23.77,17.0,17.22,17.22,24.0,18.91875,96.18333333333334,4.0,
2017-10-09,21.7,17.06,98.9,89.4,,4.0,,20.57,19.01,19.18,19.18,24.0,21.484583333333333,93.73375,4.0,
2017-10-10,27.27,19.02,99.8,70.6,,4.0,,1.143,19.36,19.38,19.38,24.0,20.912499999999998,95.9375,4.0,
2017-10-11,24.65,18.25,100.0,79.83,,4.0,,0.457,19.92,20.72,20.72,24.0,23.08458333333333,86.3125,4.0,
2017-10-12,31.26,18.25,99.9,55.38,,4.0,,0.229,19.65,19.85,19.85,24.0,22.034583333333334,91.07791666666667,4.0,
2017-10-13,29.71,18.39,99.4,61.84,,4.0,,0.914,20.61,20.99,20.99,24.0,23.657083333333333,88.3325,4.0,
2017-10-14,31.16,20.12,99.5,62.12,,4.0,,3.886,21.58,22.03,22.03,24.0,20.17125,96.87083333333334,4.0,
2017-10-15,22.89,16.55,99.1,87.7,,4.0,,5.258,16.11,16.71,16.71,24.0,17.525833333333335,95.89583333333333,4.0,
2017-10-16,20.2,16.46,98.7,85.5,,4.0,,6.401,16.76,17.05,17.05,24.0,18.85875,91.25416666666666,4.0,
2017-10-17,23.79,16.58,99.3,68.29,,4.0,,0.229,17.5,17.59,17.59,24.0,19.975833333333334,92.63,4.0,
2017-10-18,24.25,17.01,99.6,74.87,,4.0,,0.457,19.6,19.78,19.78,24.0,23.426666666666666,85.77,4.0,
2017-10-19,29.81,19.42,99.5,61.54,,4.0,,0.0,21.25,22.39,22.39,24.0,23.534166666666664,86.20375,4.0,
2017-10-20,28.46,20.5,97.5,57.06,,4.0,,0.0,18.54,20.54,20.54,24.0,20.193749999999998,86.25833333333333,4.0,
2017-10-21,22.31,18.88,97.2,73.04,,4.0,,0.0,18.42,18.9,18.9,24.0,20.302916666666665,95.70833333333333,4.0,
2017-10-22,22.33,18.79,99.5,84.1,,4.0,,8.71,19.55,20.27,20.27,24.0,20.712083333333332,86.105,4.0,
2017-10-23,26.8,16.15,98.9,59.67,,4.0,,0.0,14.68,16.5,16.5,24.0,17.41875,84.25583333333334,4.0,
2017-10-24,19.84,15.12,96.9,66.17,,4.0,,0.0,14.82,16.4,16.4,24.0,19.10375,83.76,4.0,
2017-10-25,24.54,15.68,95.6,64.26,,4.0,,0.0,17.06,17.76,17.76,24.0,19.16208333333333,96.57916666666667,4.0,
2017-10-26,21.1,17.32,99.3,89.4,,4.0,,10.52,18.79,19.02,19.02,24.0,22.56958333333333,87.33208333333333,4.0,
2017-10-27,30.7,17.66,99.6,63.28,,4.0,,0.229,21.02,21.31,21.31,24.0,23.682916666666667,81.3,4.0,
2017-10-28,27.71,20.05,98.7,51.06,,4.0,,0.686,17.46,25.8,25.8,24.0,26.455416666666665,59.78791666666667,4.0,
2017-10-29,35.04,18.56,96.8,29.46,,4.0,,0.0,18.06,18.56,18.56,24.0,19.835,93.3875,4.0,
2017-10-30,23.12,16.54,99.4,79.3,,4.0,,4.115,19.3,19.45,19.45,24.0,21.972916666666666,89.53125,4.0,
2017-10-31,26.65,19.14,99.2,67.76,,4.0,,2.286,20.24,20.53,20.53,24.0,22.080416666666665,81.64708333333333,4.0,
2017-11-01,28.74,18.71,99.1,58.22,,4.0,,0.0,14.53,18.74,18.74,24.0,20.749583333333334,69.93416666666667,4.0,
2017-11-02,26.95,15.88,96.6,41.68,,4.0,,0.0,15.61,16.14,16.14,24.0,19.635416666666668,83.42291666666667,4.0,
2017-11-03,25.38,13.58,99.6,58.08,,4.0,,0.0,16.42,16.99,16.99,24.0,19.569166666666668,87.06208333333335,4.0,
2017-11-04,23.67,14.73,98.6,67.94,,4.0,,0.914,17.63,17.94,17.94,24.0,19.35625,95.6875,4.0,
2017-11-05,22.69,16.24,99.9,83.3,,4.0,,14.45,19.57,19.77,19.77,24.0,20.076666666666664,88.68416666666667,4.0,
2017-11-06,23.38,17.8,99.3,69.08,,4.0,,2.057,17.42,17.95,17.95,24.0,18.899583333333336,90.28208333333333,4.0,
2017-11-07,22.64,17.05,98.2,73.79,,4.0,,0.229,17.29,17.64,17.64,24.0,19.27958333333333,91.41041666666666,4.0,
2017-11-08,23.59,17.07,98.8,70.59,,4.0,,4.115,17.67,18.39,18.39,24.0,20.137916666666666,89.15458333333333,4.0,
2017-11-09,24.31,17.47,99.3,72.06,,4.0,,5.258,18.23,19.35,19.35,22.0,21.575,89.68727272727273,4.0,
2017-11-10,27.02,18.55,99.1,65.17,,4.0,,2.515,20.3,21.1,21.1,20.0,22.177,92.13300000000001,4.0,
2017-11-11,,,,,,,,,,,,14.0,20.96642857142857,79.81071428571428,4.0,
2017-11-12,32.05,15.82,99.9,30.82,,4.0,,45.82,15.37,15.88,15.88,21.0,22.17904761904762,67.09904761904761,4.0,
2017-11-13,,,,,,,,,,,,23.0,21.44217391304348,75.60608695652174,4.0,
2017-11-14,35.1,13.81,100.0,16.33,,4.0,,0.0,16.01,16.36,16.36,17.0,21.383529411764705,73.93941176470588,4.0,
2017-11-15,,,,,,,,,,,,16.0,23.62,79.105625,4.0,
2017-11-16,30.83,13.51,100.0,33.96,,4.0,,0.0,20.69,22.29,22.29,9.0,21.89888888888889,89.17444444444445,4.0,
2017-11-18,,,,,,,,,,,,7.0,21.73428571428571,95.74285714285715,4.0,
2017-11-19,32.38,18.78,99.0,55.02,,4.0,,40.74,20.73,21.04,21.04,22.0,20.244545454545456,92.24090909090908,4.0,
2017-11-20,,,,,,,,,,,,6.0,20.493333333333336,92.58999999999999,4.0,
2017-11-21,,,,,,,,,,,,1.0,21.33,99.1,4.0,
2017-11-22,,,,,,,,,,,,1.0,20.27,99.3,4.0,
2017-11-23,,,,,,,,,,,,2.0,19.415,93.4,4.0,
2017-11-24,,,,,,,,,,,,12.0,24.9675,77.79,4.0,
2017-11-25,30.12,16.94,99.4,58.63,,4.0,,13.59,20.87,21.61,21.61,8.0,21.6375,94.125,4.0,
2017-11-28,,,,,,,,,,,,2.0,24.86,82.705,4.0,
2017-11-29,,,,,,,,,,,,20.0,23.1535,78.3,4.0,
2017-11-30,28.6,18.47,97.6,56.55,,4.0,,10.16,17.73,18.47,18.47,10.0,18.68,94.77799999999999,4.0,
2017-12-07,,,,,,,,,,,,15.0,25.243999999999996,80.42466666666668,4.0,
2017-12-08,29.92,16.84,99.4,57.24,,4.0,,15.7,21.82,22.19,22.19,7.0,22.521428571428572,92.58285714285715,4.0,
2018-01-05,,,,,,,,,,,,2.0,23.785,79.72999999999999,4.0,
2018-01-10,,,,,,,,,,,,6.0,24.06833333333333,94.35000000000001,4.0,
2018-02-15,,,,,,,,,,,,10.0,21.409,95.33,4.0,
2018-02-16,30.96,17.93,100.0,53.52,,4.0,,,19.18,19.44,19.44,22.0,21.80090909090909,90.20818181818181,4.0,
2018-02-17,,,,,,,,,,,,19.0,22.59263157894737,86.79,4.0,
2018-02-18,,,,,,,,,,,,23.0,23.54,87.38130434782609,4.0,
2018-02-19,28.48,17.3,100.0,60.48,,4.0,,0.229,21.63,22.37,22.37,23.0,23.754782608695653,92.5595652173913,4.0,
2018-02-20,28.39,21.02,99.7,71.91,,4.0,,10.79,22.4,22.43,22.43,24.0,24.895,89.07916666666667,4.0,
2018-02-21,32.02,21.02,100.0,59.59,,4.0,,0.229,21.86,22.11,22.11,11.0,23.83181818181818,86.67272727272727,4.0,
2018-02-27,,,,,,,,,,,,1.0,28.4,75.9,4.0,
2018-02-28,,,,,,,,,,,,2.0,24.16,96.7,4.0,
2018-03-01,,,,,,,,,,,,1.0,22.61,99.1,4.0,
2018-04-21,,,,,,,,,,,,2.0,22.259999999999998,84.75,4.0,
2021-08-26,,,,,,,,,,,,14.0,21.856428571428573,73.67642857142857,1.880813492063492,42.62907142857143
2021-08-27,28.11,17.71,93.7,40.6,67.82,9.8,244.0,0.0,15.28,17.87,17.87,24.0,17.935,80.12541666666667,1.126122685185185,49.67466666666667
2021-08-28,19.72,15.48,92.9,66.36,138.0,4.199999999999999,55.0,0.254,14.58,15.84,15.84,24.0,16.895833333333332,91.17083333333333,1.0181828703703704,29.39075
2021-08-29,18.78,15.34,94.0,81.5,56.92,3.6694444444444447,151.0,19.05,14.46,15.46,15.46,24.0,17.046666666666667,92.9375,0.7474768518518519,32.510875
2021-08-30,19.02,15.23,94.3,88.9,69.64,7.769444444444444,80.0,5.588,15.66,16.63,16.63,24.0,18.339166666666667,91.68333333333334,0.8616782407407407,84.56458333333333
2021-08-31,21.95,15.44,94.7,78.94,499.6,2.861111111111111,143.0,1.524,17.86,18.9,18.9,24.0,19.888749999999998,88.64208333333333,1.7046064814814814,69.353
2021-09-01,23.12,17.14,95.2,76.57,356.2,7.480555555555555,74.0,3.048,18.08,19.14,19.14,24.0,21.134166666666665,83.19458333333334,1.8198148148148148,138.05695833333334
2021-09-02,25.0,17.99,93.7,62.61,1400.0,5.85,53.0,0.0,16.88,18.08,18.08,24.0,20.504166666666666,83.21083333333333,1.134814814814815,210.18308333333334
2021-09-03,27.71,15.87,95.2,56.61,2603.0,4.161111111111111,97.0,0.254,16.79,17.79,17.79,24.0,21.255416666666665,83.43041666666666,1.1685185185185185,168.24125
2021-09-04,31.49,17.25,95.0,52.49,1961.0,8.380555555555556,134.0,0.0,16.9,19.61,19.61,24.0,19.381666666666668,85.81541666666668,1.0934837962962962,46.37841666666667
2021-09-05,21.77,18.21,93.2,73.3,141.9,4.019444444444445,102.0,2.032,17.13,18.5,18.5,24.0,21.965416666666666,81.935,1.1478009259259259,203.89170833333333
2021-09-06,29.45,17.89,94.0,57.12,2536.0,5.111111111111111,156.0,9.65,17.95,20.73,20.73,24.0,20.661666666666665,80.71666666666667,1.0306597222222222,55.687125
2021-09-07,23.09,19.06,91.5,65.77,173.2,3.711111111111111,86.0,0.254,17.74,19.18,19.18,24.0,20.177083333333332,90.4875,1.506134259259259,36.868375
2021-09-08,22.71,18.8,93.2,80.4,102.3,6.919444444444444,87.0,9.14,18.83,20.2,20.2,24.0,21.186249999999998,91.22083333333335,1.2950462962962963,29.19379166666667
2021-09-09,23.06,20.03,93.3,85.4,56.9,4.919444444444444,67.0,8.38,19.94,21.31,21.31,24.0,23.56625,83.17791666666666,0.9850462962962964,144.85204166666668
2021-09-10,30.19,18.44,93.5,58.02,1253.0,4.088888888888889,98.0,0.254,17.4,18.46,18.46,24.0,22.03916666666667,62.38375,1.822511574074074,249.75870833333332
2021-09-11,29.67,16.38,93.5,38.49,3430.0,6.549999999999999,271.0,0.0,15.04,16.52,16.52,24.0,19.972916666666666,81.22708333333334,0.8534722222222223,110.092
2021-09-12,25.37,16.49,91.5,62.13,734.2,3.8694444444444445,73.0,0.0,17.3,19.33,19.33,24.0,21.608333333333334,82.55624999999999,0.9724305555555555,103.68079166666666
2021-09-13,25.82,18.58,91.9,67.09,860.0,4.069444444444445,79.0,0.0,19.3,21.46,21.46,24.0,22.86916666666667,84.01791666666666,0.9705787037037036,80.38433333333333
2021-09-14,25.78,20.99,90.6,71.01,405.7,3.8,73.0,0.0,20.16,22.17,22.17,24.0,22.845416666666665,87.79208333333334,1.0689930555555556,36.54779166666666
2021-09-15,24.59,21.67,91.1,77.5,116.6,4.1499999999999995,359.0,2.794,20.14,22.35,22.35,24.0,19.576249999999998,86.51208333333334,1.521550925925926,32.30175
2021-09-16,23.17,16.53,92.4,73.88,62.35,6.05,86.0,2.032,14.34,17.25,17.25,24.0,16.09375,88.825,1.2056018518518519,16.953041666666667
2021-09-17,17.36,15.38,93.3,77.17,17.11,3.7194444444444446,272.0,36.83,14.51,15.76,15.76,24.0,16.812083333333334,92.03333333333335,1.0757175925925926,14.064
2021-09-18,18.15,15.44,93.5,89.5,15.03,8.780555555555555,222.0,34.54,16.61,17.92,17.92,24.0,20.5475,85.92375,0.9625578703703703,129.54475
2021-09-19,25.01,17.49,93.0,71.29,1260.0,4.030555555555555,38.0,0.508,19.26,20.85,20.85,24.0,22.020416666666666,86.49333333333334,0.8977662037037036,55.40979166666667
2021-09-20,24.51,20.16,92.1,78.01,172.0,4.0,,0.0,19.92,21.62,21.62,24.0,24.114583333333332,84.52374999999999,1.0558912037037038,134.33562500000002
2021-09-21,29.66,21.29,92.2,66.81,1147.0,4.861111111111111,152.0,0.254,21.04,22.42,22.42,24.0,21.53125,88.34583333333335,1.6983680555555554,34.64216666666667
2021-09-22,24.43,18.67,92.5,72.96,83.5,5.71111111111111,283.0,0.254,13.9,18.84,18.84,24.0,18.86916666666667,74.60125000000001,1.2709027777777777,135.79079166666665
2021-09-23,22.09,14.15,88.1,53.63,1184.0,5.538888888888889,92.0,0.254,14.91,17.23,17.23,24.0,18.886666666666667,76.85166666666667,1.1808449074074074,96.97429166666667
2021-09-24,22.91,16.47,92.4,55.0,569.8,5.249999999999999,34.0,0.0,15.35,17.07,17.07,24.0,19.270833333333332,81.44166666666666,1.0366435185185185,100.86358333333334
2021-09-25,24.49,16.36,91.6,60.57,853.0,4.0,,0.0,16.67,18.71,18.71,24.0,21.294999999999998,79.94375000000001,1.1394212962962962,203.577
2021-09-26,28.05,17.45,92.3,56.11,2790.0,5.7,70.0,0.0,17.3,18.91,18.91,24.0,22.962083333333336,79.92291666666667,1.159837962962963,206.9450416666667
2021-09-27,29.19,18.7,91.6,55.6,2672.0,4.8,78.0,0.0,19.22,20.74,20.74,24.0,23.019166666666667,81.61083333333333,1.5573263888888889,238.5497916666667
2021-09-28,28.56,18.78,93.7,62.81,3296.0,5.988888888888888,84.0,0.0,19.73,21.39,21.39,24.0,23.812916666666666,81.01166666666667,1.2948611111111112,202.9775833333333
2021-09-29,30.66,20.26,94.2,56.88,2628.0,14.319444444444443,50.0,17.53,19.52,20.9,20.9,24.0,22.28708333333333,85.12458333333333,1.2097453703703704,99.32383333333333
2021-09-30,26.8,19.85,92.6,66.39,773.5,4.6194444444444445,154.0,8.13,18.48,20.06,20.06,24.0,20.523333333333333,88.04708333333333,1.252199074074074,73.68666666666667
2021-10-01,22.92,19.12,92.8,74.8,392.9,4.930555555555555,164.0,8.64,18.55,19.87,19.87,24.0,21.022916666666667,89.2375,1.3346064814814813,48.77275
2021-10-02,23.96,19.58,93.4,78.93,123.4,6.580555555555556,228.0,13.46,18.36,19.74,19.74,23.0,20.985652173913046,88.18652173913043,1.1838405797101448,45.22639130434783
2021-10-03,23.83,19.48,93.2,77.39,176.4,3.5,71.0,0.0,18.84,20.16,20.16,24.0,21.5125,87.82083333333333,1.2849537037037038,38.51070833333333
2021-10-04,25.88,19.88,93.7,62.68,74.51,8.411111111111111,317.0,6.096,19.35,20.8,20.8,24.0,19.457083333333333,91.30416666666667,1.5904745370370368,26.970375
2021-10-05,21.13,16.77,92.9,87.5,51.41,4.8388888888888895,39.0,10.16,15.71,17.4,17.4,24.0,17.54375,88.96666666666665,1.2303240740740742,41.39608333333334
2021-10-06,18.98,16.42,92.5,82.6,101.6,3.5888888888888886,271.0,0.762,15.65,17.24,17.24,24.0,19.563333333333333,87.6725,0.8486342592592592,85.80383333333333
2021-10-07,23.37,17.11,93.0,71.17,693.2,3.6694444444444447,329.0,5.588,18.51,19.79,19.79,24.0,18.313333333333333,86.59249999999999,1.5746180555555556,37.243249999999996
2021-10-08,20.08,16.45,92.9,73.83,97.8,5.111111111111111,352.0,0.508,14.99,16.75,16.75,24.0,17.735,87.38208333333334,0.9588078703703703,55.1645
2021-10-09,20.46,16.27,93.3,70.82,201.6,4.0,,2.286,16.79,17.89,17.89,24.0,19.055416666666666,90.51666666666667,1.3115277777777778,35.74525
2021-10-10,21.3,17.88,93.5,82.6,95.0,4.638888888888888,85.0,14.22,17.14,18.45,18.45,24.0,19.618333333333332,90.11791666666666,1.1119907407407408,59.192125000000004
2021-10-11,22.52,17.98,93.3,76.07,254.2,4.3805555555555555,271.0,21.59,17.27,18.76,18.76,24.0,19.647916666666667,91.3,1.1283449074074074,58.781749999999995
2021-10-12,21.49,18.39,93.4,83.4,196.3,4.761111111111111,82.0,29.97,19.12,20.3,20.3,24.0,21.26625,90.25416666666666,1.3134953703703702,67.10895833333333
2021-10-13,23.35,19.94,93.0,84.1,315.5,5.45,80.0,14.99,19.44,20.68,20.68,24.0,22.63208333333333,85.36416666666666,1.2114699074074073,135.38525
2021-10-14,27.38,20.19,93.2,65.49,1193.0,4.919444444444444,82.0,2.032,19.82,21.83,21.83,24.0,23.676666666666666,82.63375,1.1566435185185184,144.34920833333334
2021-10-15,28.82,21.05,91.6,65.0,1203.0,5.788888888888889,345.0,0.0,20.72,22.22,22.22,24.0,22.267916666666665,90.79583333333333,1.161863425925926,36.323
2021-10-16,24.25,20.91,93.1,84.2,83.8,5.511111111111111,34.0,32.0,19.64,21.02,21.02,24.0,21.974999999999998,85.91250000000001,1.2660879629629629,84.62975
2021-10-17,25.62,19.18,92.7,72.2,470.5,5.080555555555555,100.0,0.762,17.27,19.29,19.29,24.0,18.40625,90.8125,1.2735648148148149,47.2925
2021-10-18,20.59,16.75,95.9,81.5,125.3,5.069444444444445,141.0,27.18,15.37,16.81,16.81,24.0,17.787499999999998,90.925,1.0909722222222222,76.8505
2021-10-19,19.97,16.4,93.0,81.8,335.4,4.769444444444445,133.0,15.24,16.63,17.84,17.84,24.0,18.444166666666668,85.18625,1.282476851851852,99.01391666666666
2021-10-20,22.14,16.71,95.9,58.36,568.1,4.8694444444444445,272.0,11.43,14.91,17.28,17.28,24.0,17.363333333333333,87.14208333333333,1.1758449074074073,83.09125
2021-10-21,22.35,14.69,92.2,68.64,731.6,6.230555555555555,280.0,5.334,15.18,16.76,16.76,24.0,19.68375,79.56833333333333,1.488738425925926,210.51625
2021-10-22,24.76,15.66,92.2,59.58,2903.0,7.061111111111112,70.0,0.762,14.4,15.66,15.66,24.0,20.978333333333335,77.32833333333333,1.2504629629629629,310.3915
2021-10-23,29.56,13.68,93.6,49.8,4881.0,6.330555555555555,72.0,0.0,17.21,18.62,18.62,24.0,22.256249999999998,81.43666666666667,1.3189236111111111,179.01470833333335
2021-10-24,27.95,17.86,92.4,58.78,2236.0,14.21111111111111,54.0,4.318,19.18,21.82,21.82,24.0,22.623333333333335,78.23458333333333,1.7922569444444445,129.76233333333332
2021-10-25,29.5,19.68,91.1,56.79,1756.0,5.988888888888888,77.0,0.0,16.18,20.11,20.11,24.0,22.405416666666667,73.62583333333333,1.5016550925925927,279.46325
2021-10-26,27.64,18.15,90.5,46.71,4429.0,6.338888888888889,82.0,0.0,16.79,18.39,18.39,24.0,22.97875,75.74499999999999,1.1416319444444445,285.93579166666666
2021-10-27,31.98,16.21,92.5,40.23,4332.0,5.330555555555556,81.0,0.0,17.78,19.04,19.04,24.0,22.33458333333333,83.61791666666666,1.0847569444444445,134.322625
2021-10-28,27.25,17.65,93.9,64.04,1172.0,4.411111111111111,55.0,0.254,20.68,22.05,22.05,24.0,22.244583333333335,86.08458333333334,1.117384259259259,77.99662500000001
2021-10-29,26.52,19.37,92.3,68.08,383.0,4.6194444444444445,138.0,2.794,18.05,19.58,19.58,24.0,21.647916666666664,87.82458333333334,1.1266782407407407,118.60725000000001
2021-10-30,27.58,19.32,92.5,68.3,1334.0,6.1611111111111105,96.0,24.64,19.84,21.19,21.19,24.0,22.4425,88.23791666666666,1.4355208333333334,86.93837500000001
2021-10-31,26.65,20.86,92.5,73.51,630.9,6.888888888888889,82.0,30.99,19.77,21.39,21.39,24.0,21.84583333333333,88.4875,1.1975,49.441916666666664
2021-11-01,24.57,20.58,91.1,79.81,145.0,7.311111111111111,89.0,46.23,20.09,21.74,21.74,24.0,23.13208333333333,87.30083333333333,1.4901041666666668,122.32350000000001
2021-11-02,27.46,21.21,90.9,74.5,1400.0,6.919444444444444,79.0,58.42,20.98,22.71,22.71,24.0,24.597916666666666,81.79333333333334,1.3437037037037036,226.80470833333334
2021-11-03,29.77,22.16,90.5,63.04,3690.0,5.480555555555555,85.0,1.524,20.74,22.88,22.88,24.0,25.045833333333334,77.97708333333334,1.9792824074074071,265.51008333333334
2021-11-04,29.8,21.9,90.6,55.95,4398.0,7.588888888888889,77.0,0.254,20.68,23.04,23.04,24.0,24.637083333333333,80.9675,1.152025462962963,167.12104166666668
2021-11-05,30.43,22.05,89.9,60.62,2386.0,4.761111111111111,75.0,2.54,21.44,23.17,23.17,24.0,25.410416666666666,81.02041666666666,1.3670138888888888,145.505
2021-11-06,31.08,22.98,90.1,63.19,1523.0,4.819444444444445,74.0,1.27,20.99,24.23,24.23,24.0,24.820833333333336,79.69916666666667,1.1360648148148147,117.39166666666667
2021-11-07,29.34,21.6,88.8,62.29,1213.0,4.411111111111111,349.0,0.508,20.0,22.24,22.24,24.0,22.0775,86.2,1.0596527777777778,84.01712500000001
2021-11-08,23.87,20.02,89.4,77.83,383.9,4.738888888888888,77.0,6.096,18.23,20.22,20.22,24.0,22.05333333333333,82.505,1.0482060185185185,89.15579166666667
2021-11-09,25.97,20.1,90.0,67.19,527.5,4.6499999999999995,69.0,2.54,19.06,20.84,20.84,24.0,21.74791666666667,85.24083333333333,1.0623726851851851,89.08516666666667
2021-11-10,25.09,20.08,89.7,74.65,646.6,4.411111111111111,153.0,6.858,18.14,20.46,20.46,24.0,21.279166666666665,82.28083333333333,1.0823032407407407,62.585791666666665
2021-11-11,24.84,19.76,89.3,64.27,260.8,5.038888888888889,73.0,2.54,17.95,19.8,19.8,24.0,19.95,87.56666666666666,1.070509259259259,68.87545833333333
2021-11-12,22.05,18.89,89.7,79.14,288.2,5.75,167.0,13.46,16.82,18.91,18.91,24.0,19.368750000000002,86.80416666666667,1.1643171296296295,89.29758333333335
2021-11-13,21.89,18.35,89.2,78.44,418.1,4.6499999999999995,87.0,23.88,16.48,18.47,18.47,24.0,19.70875,84.3125,1.0360648148148148,100.66729166666666
2021-11-14,24.76,17.3,89.3,65.35,954.0,4.9,266.0,7.112,15.45,17.31,17.31,24.0,21.620416666666667,78.5275,1.4540393518518517,195.31816666666668
2021-11-15,26.5,17.06,89.8,58.71,2706.0,5.769444444444444,59.0,0.0,18.37,20.51,20.51,24.0,23.05458333333333,75.7625,1.7509722222222222,190.79583333333335
2021-11-16,28.26,19.0,89.4,50.74,2485.0,7.669444444444444,63.0,0.0,17.76,19.68,19.68,24.0,24.267916666666665,76.80916666666667,1.347013888888889,197.13266666666667
2021-11-17,29.23,19.59,89.3,57.28,2260.0,5.288888888888889,91.0,0.0,19.96,22.71,22.71,24.0,25.4225,76.45291666666667,0.8826967592592592,170.94775
2021-11-18,31.48,22.16,87.9,54.07,1815.0,4.480555555555555,80.0,0.254,21.25,23.39,23.39,24.0,22.32625,87.825,0.8943287037037037,29.682374999999997
2021-11-19,23.42,21.49,89.4,86.1,50.57,4.719444444444444,139.0,43.43,20.02,21.91,21.91,24.0,23.124166666666667,82.22208333333333,0.9885416666666668,80.17558333333334
2021-11-20,26.45,20.61,89.1,68.96,376.9,4.311111111111111,77.0,2.032,18.22,20.65,20.65,24.0,21.989583333333332,80.25375,1.0136805555555555,102.60570833333334
2021-11-21,26.31,19.98,87.7,59.13,651.1,4.588888888888889,83.0,0.254,18.85,21.09,21.09,24.0,23.655416666666667,74.01958333333333,1.3009143518518518,350.9375416666667
2021-11-22,30.71,18.79,88.6,46.49,6033.0,6.288888888888889,66.0,0.0,16.96,19.11,19.11,24.0,23.834999999999997,74.215,1.1521759259259259,349.317
2021-11-23,31.59,17.37,89.3,49.85,5910.0,5.261111111111111,75.0,0.0,18.41,20.62,20.62,24.0,25.382499999999997,75.90333333333334,1.8014120370370368,292.30470833333334
2021-11-24,39.71,18.83,89.4,32.94,4982.0,10.819444444444445,129.0,8.13,19.78,23.22,23.22,24.0,22.480833333333333,80.10708333333334,3.3388888888888886,67.67045833333333
2021-11-25,24.91,21.02,86.5,67.05,245.9,3.3388888888888886,169.0,0.0,19.06,21.51,21.51,24.0,24.190833333333334,79.47375000000001,3.3388888888888886,134.44533333333334
2021-11-26,29.25,21.13,87.8,61.32,1104.0,3.3388888888888886,169.0,8.89,21.42,23.72,23.72,24.0,28.258750000000003,73.83458333333333,3.3388888888888886,274.557625
2021-11-27,37.48,23.0,89.1,30.87,4563.0,3.3388888888888886,169.0,4.064,22.21,24.32,24.32,24.0,27.383750000000003,71.10291666666667,3.3388888888888886,277.02958333333333
2021-11-28,34.38,21.72,88.7,44.15,4427.0,3.3388888888888886,169.0,0.0,22.04,24.67,24.67,24.0,26.679166666666664,77.47916666666667,3.3388888888888886,156.39079166666667
2021-11-29,31.12,24.01,86.8,59.0,1772.0,3.3388888888888886,169.0,0.0,21.82,25.11,25.11,24.0,28.9475,73.71583333333334,3.3388888888888886,266.54654166666666
2021-11-30,37.17,23.83,87.4,48.15,3928.0,3.3388888888888886,169.0,0.0,22.55,25.07,25.07,24.0,27.422083333333333,62.04,3.3388888888888886,352.3204166666667
2021-12-01,36.65,19.69,87.6,28.93,6107.0,3.3388888888888886,169.0,0.0,20.0,22.42,22.42,24.0,25.108333333333334,79.00208333333333,3.3388888888888886,121.22741666666667
2021-12-02,31.7,22.19,88.3,55.08,1136.0,3.3388888888888886,169.0,4.318,20.4,22.81,22.81,24.0,22.30333333333333,83.71625,3.3388888888888886,75.99670833333333
2021-12-03,24.46,20.6,88.5,71.11,361.1,3.3388888888888886,169.0,18.03,18.24,20.88,20.88,24.0,21.596249999999998,84.99666666666667,3.3388888888888886,95.01516666666667
2021-12-04,25.28,19.88,88.6,72.71,520.9,3.3388888888888886,169.0,7.62,19.04,21.1,21.1,24.0,23.54625,79.77125,3.3388888888888886,164.90375
2021-12-05,29.18,19.56,88.5,58.51,1949.0,3.3388888888888886,169.0,1.016,20.71,22.8,22.8,24.0,25.624166666666667,77.03291666666667,3.3388888888888886,267.6265833333333
2021-12-06,32.66,21.89,88.4,48.68,4591.0,3.3388888888888886,169.0,8.64,21.02,23.47,23.47,24.0,23.214583333333334,85.06458333333333,3.3388888888888886,76.94483333333334
2021-12-07,26.66,21.14,88.6,70.27,352.8,3.3388888888888886,169.0,18.8,19.32,21.29,21.29,24.0,22.08375,79.38250000000001,3.3388888888888886,88.976375
2021-12-08,25.58,18.58,88.9,57.28,428.8,3.3388888888888886,169.0,25.65,17.2,19.74,19.74,24.0,22.75375,69.85958333333333,3.3388888888888886,231.36462500000002
2021-12-09,28.24,17.33,88.0,46.88,3025.0,3.3388888888888886,169.0,0.508,17.79,20.68,20.68,24.0,22.68875,73.75416666666666,3.3388888888888886,183.24974999999998
2021-12-10,28.21,17.28,88.1,51.0,2096.0,3.3388888888888886,169.0,0.254,18.68,21.76,21.76,24.0,24.726666666666663,73.21124999999999,3.3388888888888886,301.695125
2021-12-11,31.24,20.53,86.5,50.63,5385.0,3.3388888888888886,169.0,0.254,19.58,22.18,22.18,24.0,26.31125,75.57416666666667,3.3388888888888886,295.0595
2021-12-12,34.01,21.77,87.0,54.02,4896.0,3.3388888888888886,169.0,0.508,22.36,25.86,25.86,24.0,27.976249999999997,76.045,3.3388888888888886,241.54016666666666
2021-12-13,34.98,24.9,86.5,50.66,3939.0,3.3388888888888886,169.0,0.0,22.66,25.16,25.16,24.0,27.724999999999998,77.21249999999999,3.3388888888888886,269.1912916666667
2021-12-14,34.07,23.08,88.4,56.1,4304.0,3.3388888888888886,169.0,3.302,23.78,26.03,26.03,24.0,25.698333333333334,87.27916666666665,3.3388888888888886,37.857791666666664
2021-12-15,27.39,24.79,89.3,82.5,81.4,3.3388888888888886,169.0,24.64,23.09,25.01,25.01,24.0,27.44333333333333,82.91791666666667,3.3388888888888886,129.51541666666665
2021-12-16,31.72,24.95,89.1,67.98,1266.0,3.3388888888888886,169.0,4.064,23.7,25.82,25.82,24.0,28.58125,77.97166666666666,3.3388888888888886,262.5335
2021-12-17,37.39,25.22,88.7,53.32,4439.0,3.3388888888888886,169.0,1.016,23.83,26.18,26.18,24.0,26.702916666666667,80.00125,3.3388888888888886,80.66441666666667
2021-12-18,30.47,24.31,87.8,64.68,542.3,3.3388888888888886,169.0,0.254,21.75,24.43,24.43,24.0,24.081666666666667,85.30416666666666,3.3388888888888886,99.02108333333332
2021-12-19,26.23,22.47,88.8,77.57,517.1,3.3388888888888886,169.0,23.88,20.5,22.63,22.63,24.0,24.797916666666666,75.12375,3.3388888888888886,205.88
2021-12-20,31.47,21.39,88.8,46.15,3010.0,3.3388888888888886,169.0,2.032,19.22,21.42,21.42,24.0,25.440416666666668,76.08833333333332,3.3388888888888886,322.916625
2021-12-21,31.55,20.49,90.5,54.25,5708.0,3.3388888888888886,169.0,0.0,21.09,23.94,23.94,24.0,26.452916666666667,76.55541666666666,3.3388888888888886,279.7110833333333
2021-12-22,33.6,21.9,89.0,53.73,4699.0,3.3388888888888886,169.0,10.41,21.99,24.27,24.27,24.0,26.24791666666667,80.2275,3.3388888888888886,181.58737499999998
2021-12-23,32.52,22.99,88.7,58.84,2426.0,3.3388888888888886,169.0,15.75,20.65,23.01,23.01,24.0,25.15125,72.83583333333333,3.3388888888888886,309.79525
2021-12-24,30.83,19.71,90.5,46.14,5525.0,3.3388888888888886,169.0,0.254,18.05,20.44,20.44,24.0,24.272916666666664,68.54041666666667,3.3388888888888886,254.70420833333333
2021-12-25,30.22,19.64,87.9,49.33,4100.0,3.3388888888888886,169.0,0.254,17.58,19.65,19.65,24.0,24.35291666666667,70.37916666666666,3.3388888888888886,357.87279166666667
2021-12-26,31.5,17.19,89.6,38.11,6289.0,3.3388888888888886,169.0,0.0,20.22,24.34,24.34,24.0,26.294583333333335,74.32000000000001,3.3388888888888886,301.5527916666667
2021-12-27,32.52,21.73,89.8,50.79,5302.0,3.3388888888888886,169.0,35.56,20.72,22.49,22.49,24.0,25.87708333333333,79.20708333333333,3.3388888888888886,231.63491666666667
2021-12-28,32.88,21.87,90.1,56.08,3855.0,3.3388888888888886,169.0,1.016,20.44,22.37,22.37,24.0,25.9475,78.86874999999999,3.3388888888888886,229.355375
2021-12-29,33.29,20.96,90.3,55.27,3624.0,3.3388888888888886,169.0,0.0,22.35,24.82,24.82,24.0,26.8025,79.43166666666666,3.3388888888888886,168.93675
2021-12-30,32.31,24.21,89.3,57.06,2138.0,3.3388888888888886,169.0,3.302,21.78,24.27,24.27,24.0,24.672916666666666,86.51208333333334,3.3388888888888886,74.5415
2021-12-31,28.21,22.57,89.9,73.52,469.4,3.3388888888888886,169.0,55.12,20.69,22.57,22.57,24.0,25.315416666666668,80.80458333333333,3.3388888888888886,179.56595833333333
2022-01-01,31.29,22.34,89.8,57.58,1974.0,3.3388888888888886,169.0,6.604,20.82,22.75,22.75,24.0,27.51625,74.57583333333334,3.3388888888888886,348.85716666666667
2022-01-02,36.39,20.87,90.2,45.1,5910.0,3.3388888888888886,169.0,0.0,23.11,25.61,25.61,24.0,28.868333333333336,77.4225,3.3388888888888886,305.4875416666667
2022-01-03,35.23,23.5,89.9,56.31,5063.0,3.3388888888888886,169.0,0.0,24.65,31.08,27.32,24.0,29.3,75.84083333333334,3.3388888888888886,315.1599166666667
2022-01-04,35.59,24.82,90.2,51.18,5416.0,3.3388888888888886,169.0,0.0,23.9,26.36,26.36,24.0,26.80458333333333,86.18458333333332,3.3388888888888886,59.363499999999995
2022-01-05,29.96,25.46,89.8,74.44,240.3,3.3388888888888886,169.0,44.45,23.64,25.46,25.46,24.0,28.222916666666666,80.08624999999999,3.3388888888888886,250.58633333333333
2022-01-06,36.93,24.21,89.8,47.72,4387.0,3.3388888888888886,169.0,21.08,22.57,24.54,24.54,24.0,25.3225,80.64166666666667,3.3388888888888886,78.08925
2022-01-07,28.91,22.58,88.9,66.49,392.3,3.3388888888888886,169.0,1.016,18.25,22.64,22.64,24.0,24.714583333333334,72.21291666666666,3.3388888888888886,210.025125
2022-01-08,29.23,21.82,85.4,53.83,2539.0,3.3388888888888886,169.0,0.254,19.49,22.49,22.49,24.0,24.032916666666665,75.96333333333332,3.3388888888888886,125.90816666666667
2022-01-09,29.34,20.77,87.9,55.31,966.0,3.3388888888888886,169.0,0.254,18.98,21.08,21.08,24.0,23.653750000000002,78.00708333333334,3.3388888888888886,194.06504166666664
2022-01-10,29.14,19.83,89.3,57.25,2131.0,3.3388888888888886,169.0,16.26,20.24,22.33,22.33,24.0,24.120416666666667,84.41166666666668,3.3388888888888886,106.91741666666667
2022-01-11,27.92,21.98,89.5,73.27,693.3,3.3388888888888886,169.0,71.37,21.39,23.61,23.61,24.0,24.809583333333332,84.47625000000001,3.3388888888888886,129.33195833333335
2022-01-12,30.27,22.75,89.4,65.23,951.0,3.3388888888888886,169.0,9.65,21.83,23.67,23.67,24.0,26.639583333333334,77.24666666666667,3.3388888888888886,260.6342916666667
2022-01-13,33.47,21.14,90.4,53.23,3756.0,3.3388888888888886,169.0,0.254,22.33,24.52,24.52,24.0,25.04041666666667,84.36,3.3388888888888886,83.13245833333333
2022-01-14,28.02,22.28,89.9,72.79,330.9,3.3388888888888886,169.0,1.016,21.76,24.03,24.03,24.0,26.91125,81.0325,3.3388888888888886,204.1849583333333
2022-01-15,33.72,23.54,89.6,60.17,3007.0,3.3388888888888886,169.0,6.35,22.95,24.85,24.85,24.0,27.839166666666667,79.40416666666667,3.3388888888888886,197.4417083333333
2022-01-16,35.23,23.9,89.6,56.82,2405.0,3.3388888888888886,169.0,2.286,22.67,24.84,24.84,24.0,28.512083333333333,75.65375,3.3388888888888886,304.8967083333333
2022-01-17,36.48,22.79,89.7,53.38,4958.0,3.3388888888888886,169.0,8.89,22.43,24.42,24.42,24.0,29.37708333333333,73.49916666666667,3.3388888888888886,301.6197916666667
2022-01-18,38.78,23.15,90.2,49.59,4831.0,3.3388888888888886,169.0,0.762,22.69,26.29,26.29,24.0,30.059583333333332,74.86375,3.3388888888888886,314.8242916666667
2022-01-19,38.0,23.93,89.2,50.04,5207.0,3.3388888888888886,169.0,0.0,25.52,32.48,27.7,24.0,30.23625,77.2175,3.3388888888888886,263.76025
2022-01-20,35.46,26.42,89.5,56.92,4205.0,3.3388888888888886,169.0,0.0,25.16,32.91,28.05,24.0,30.2325,77.18708333333333,3.3388888888888886,270.3629583333333
2022-01-21,36.46,26.24,90.0,55.6,4446.0,3.3388888888888886,169.0,0.254,24.79,30.83,27.16,24.0,29.940833333333334,76.84291666666667,3.3388888888888886,238.187125
2022-01-22,35.56,26.75,88.8,55.48,3939.0,3.3388888888888886,169.0,0.0,24.07,29.62,26.75,24.0,29.37375,74.61958333333334,3.3388888888888886,314.00195833333333
2022-01-23,35.2,24.77,89.7,54.57,5339.0,3.3388888888888886,169.0,0.0,24.41,31.46,27.59,24.0,29.6125,73.51041666666667,3.3388888888888886,326.48449999999997
2022-01-24,36.44,24.81,89.1,50.37,5397.0,3.3388888888888886,169.0,0.254,24.61,32.0,27.8,24.0,29.83666666666667,72.85333333333334,3.3388888888888886,307.728625
2022-01-25,36.42,24.93,88.9,46.38,5110.0,3.3388888888888886,169.0,0.0,24.41,30.94,27.32,24.0,28.972916666666666,76.63541666666667,3.3388888888888886,196.30575
2022-01-26,34.97,24.75,89.6,54.34,2573.0,3.3388888888888886,169.0,0.0,24.6,31.74,27.67,24.0,30.213333333333335,75.73291666666667,3.3388888888888886,267.51704166666667
2022-01-27,37.17,25.08,89.3,54.21,3929.0,3.3388888888888886,169.0,0.0,25.47,32.4,27.68,23.0,27.50521739130435,84.05608695652174,3.3388888888888886,90.34521739130435
2022-01-28,33.15,23.49,89.6,63.29,875.0,3.3388888888888886,169.0,42.67,21.61,23.84,23.84,24.0,22.205,87.21249999999999,3.3388888888888886,42.562916666666666
2022-01-29,24.38,20.71,89.5,82.3,91.9,3.3388888888888886,169.0,32.0,18.77,20.72,20.72,24.0,22.320833333333336,85.19541666666667,3.3388888888888886,69.42291666666667
2022-01-30,25.46,20.4,89.6,73.19,316.3,3.3388888888888886,169.0,5.334,20.1,21.93,21.93,24.0,23.251666666666665,85.64625000000001,3.3388888888888886,74.813875
2022-01-31,25.43,21.83,89.7,73.91,281.4,3.3388888888888886,169.0,6.858,20.39,22.38,22.38,24.0,27.068749999999998,76.87208333333334,3.3388888888888886,320.43850000000003
2022-02-01,34.85,22.03,89.1,54.3,5475.0,3.3388888888888886,169.0,22.1,22.6,24.5,24.5,24.0,27.485833333333332,76.02208333333333,3.3388888888888886,284.56154166666664
2022-02-02,34.29,22.22,90.1,52.82,4664.0,3.3388888888888886,169.0,0.762,23.62,26.0,26.0,24.0,28.52,75.69875,3.3388888888888886,275.86604166666666
2022-02-03,35.27,24.26,89.2,50.15,4692.0,3.3388888888888886,169.0,0.0,23.11,25.24,25.24,24.0,27.49791666666667,80.46249999999999,3.3388888888888886,182.24300000000002
2022-02-04,34.16,24.0,89.6,54.91,2627.0,3.3388888888888886,169.0,2.794,23.88,26.05,26.05,24.0,27.9525,81.67166666666667,3.3388888888888886,139.08508333333333
2022-02-05,32.56,25.17,89.4,63.44,1222.0,3.3388888888888886,169.0,0.508,25.0,30.51,26.96,24.0,29.72,76.825,3.3388888888888886,241.90195833333334
2022-02-06,38.8,25.6,90.0,41.96,3840.0,3.3388888888888886,169.0,3.556,24.63,31.8,27.69,24.0,29.405416666666667,72.12833333333333,3.3388888888888886,275.4089583333334
2022-02-07,36.96,24.46,88.6,43.9,4194.0,3.3388888888888886,169.0,1.27,22.61,29.23,26.87,24.0,27.169583333333335,72.10875,3.3388888888888886,205.57741666666666
2022-02-08,31.69,23.92,86.3,55.26,3046.0,3.3388888888888886,169.0,0.254,20.94,24.51,24.51,24.0,26.419583333333335,72.06541666666666,3.3388888888888886,204.35583333333332
2022-02-09,31.5,23.09,86.4,53.29,3081.0,3.3388888888888886,169.0,0.0,20.69,23.19,23.19,24.0,25.127916666666664,77.03041666666667,3.3388888888888886,165.35195833333333
2022-02-10,30.6,22.31,87.9,54.72,2093.0,3.3388888888888886,169.0,0.762,20.48,22.65,22.65,24.0,26.379583333333333,74.39416666666666,3.3388888888888886,203.51725
2022-02-11,32.65,21.1,88.9,48.78,2793.0,3.3388888888888886,169.0,0.508,22.33,24.84,24.84,24.0,27.040000000000003,74.38625,3.3388888888888886,268.3106666666667
2022-02-12,33.43,21.27,90.1,50.41,4483.0,3.3388888888888886,169.0,1.016,21.59,23.97,23.97,24.0,26.829583333333332,72.40416666666667,3.3388888888888886,293.4198333333333
2022-02-13,34.06,21.61,89.7,44.8,4877.0,3.3388888888888886,169.0,0.762,19.64,21.61,21.61,24.0,26.58791666666667,71.5325,3.3388888888888886,294.254
2022-02-14,35.63,19.69,90.0,42.53,4712.0,3.3388888888888886,169.0,0.762,22.61,25.85,25.85,24.0,27.02333333333333,81.16,3.3388888888888886,144.48158333333333
2022-02-15,35.31,24.18,89.1,54.72,1807.0,3.3388888888888886,169.0,18.29,21.76,24.21,24.21,23.0,26.640869565217393,69.40391304347825,3.3388888888888886,272.2963913043478
2022-02-16,32.97,21.1,88.2,44.34,4019.0,3.3388888888888886,169.0,1.016,19.09,21.12,21.12,24.0,26.065416666666668,71.83208333333333,3.3388888888888886,285.9798333333333
2022-02-17,33.67,20.16,89.3,46.21,4771.0,3.3388888888888886,169.0,1.016,20.79,23.56,23.56,24.0,23.81958333333333,83.41791666666667,3.3388888888888886,98.97325000000001
2022-02-18,29.95,18.8,88.9,61.81,853.0,3.3388888888888886,169.0,24.89,16.88,18.82,18.82,24.0,23.66125,75.435,3.3388888888888886,277.106875
2022-02-19,32.4,17.24,89.8,48.9,4715.0,3.3388888888888886,169.0,0.254,20.06,22.22,22.22,24.0,25.73166666666667,74.09583333333333,3.3388888888888886,279.89145833333333
2022-02-20,33.52,20.26,89.7,45.85,4687.0,3.3388888888888886,169.0,0.508,21.5,23.72,23.72,24.0,28.107916666666668,75.4025,3.3388888888888886,287.60020833333334
2022-02-21,35.59,21.78,89.5,51.09,4350.0,3.3388888888888886,169.0,0.254,25.23,33.03,28.08,24.0,28.24791666666667,79.90708333333333,3.3388888888888886,211.07341666666665
2022-02-22,36.69,24.05,89.1,54.59,3295.0,3.3388888888888886,169.0,29.72,22.1,24.17,24.17,24.0,28.02208333333333,77.55333333333333,3.3388888888888886,247.43308333333334
2022-02-23,35.46,22.85,90.0,55.21,3629.0,3.3388888888888886,169.0,9.65,22.11,24.13,24.13,24.0,26.78,81.61708333333333,3.3388888888888886,112.99004166666667
2022-02-24,32.54,23.83,89.6,63.73,1127.0,3.3388888888888886,169.0,4.8260000000000005,23.59,25.46,25.46,24.0,25.885833333333334,83.4175,3.3388888888888886,78.97683333333333
2022-02-25,29.35,23.63,89.5,69.34,382.3,3.3388888888888886,169.0,8.89,23.77,25.88,25.88,24.0,28.25583333333333,81.395,3.3388888888888886,128.75266666666667
2022-02-26,34.65,25.49,89.2,61.87,1057.0,3.3388888888888886,169.0,2.032,24.45,26.59,26.59,24.0,29.070000000000004,76.43625,3.3388888888888886,256.63925
2022-02-27,34.88,25.25,89.7,54.66,4014.0,3.3388888888888886,169.0,0.0,23.55,25.8,25.8,24.0,28.810000000000002,75.1975,3.3388888888888886,249.62333333333333
2022-02-28,34.83,24.57,89.6,49.25,3875.0,3.3388888888888886,169.0,0.254,24.56,31.98,27.81,24.0,30.21666666666667,74.69,3.3388888888888886,256.66325
2022-03-01,36.32,26.43,87.4,54.51,3742.0,3.3388888888888886,169.0,0.508,25.28,32.08,27.6,24.0,28.134583333333335,82.8325,3.3388888888888886,90.944375
2022-03-02,32.87,25.36,88.5,67.78,740.4,3.3388888888888886,169.0,4.064,23.36,25.45,25.45,24.0,26.7975,85.73458333333333,3.3388888888888886,84.40829166666667
2022-03-03,32.62,24.27,89.0,65.54,727.8,3.3388888888888886,169.0,15.24,22.66,24.97,24.97,24.0,27.14833333333333,84.07875,3.3388888888888886,99.90412500000001
2022-03-04,32.62,24.49,89.0,66.41,726.0,3.3388888888888886,169.0,3.556,24.26,26.31,26.31,24.0,28.400000000000002,80.41250000000001,3.3388888888888886,165.833875
2022-03-05,32.97,25.33,89.3,61.04,1928.0,3.3388888888888886,169.0,0.254,24.24,26.46,26.46,24.0,29.60875,76.77666666666667,3.3388888888888886,220.47125000000003
2022-03-06,35.93,25.16,89.8,53.97,3105.0,3.3388888888888886,169.0,0.508,25.62,34.02,28.4,24.0,30.979166666666668,76.38291666666667,3.3388888888888886,266.881375
2022-03-07,37.73,26.66,89.2,54.86,4025.0,3.3388888888888886,169.0,1.016,25.79,33.5,28.07,24.0,29.935833333333335,78.05458333333333,3.3388888888888886,221.30495833333336
2022-03-08,36.47,25.32,87.8,59.33,3277.0,3.3388888888888886,169.0,0.508,23.96,31.76,27.92,24.0,28.87291666666667,76.5725,3.3388888888888886,165.28841666666668
2022-03-09,34.31,25.62,87.9,58.22,1922.0,3.3388888888888886,169.0,1.016,23.56,31.07,27.68,24.0,28.72458333333333,78.34875000000001,3.3388888888888886,154.48737500000001
2022-03-10,34.74,25.87,88.5,59.84,1991.0,3.3388888888888886,169.0,0.254,24.57,26.64,26.64,24.0,28.43625,79.04541666666667,3.3388888888888886,213.9790833333333
2022-03-11,34.75,24.09,89.6,52.3,2961.0,3.3388888888888886,169.0,20.32,22.5,24.63,24.63,24.0,27.87291666666667,80.05916666666667,3.3388888888888886,223.41320833333336
2022-03-12,35.77,24.43,88.7,56.34,3333.0,3.3388888888888886,169.0,26.42,23.37,25.43,25.43,24.0,23.194166666666664,86.75833333333333,3.3388888888888886,40.45920833333333
2022-03-13,25.47,21.41,89.3,79.48,90.1,3.3388888888888886,169.0,17.78,19.78,21.76,21.76,24.0,23.160833333333333,86.50416666666666,3.3388888888888886,52.14125000000001
2022-03-14,25.01,21.6,89.2,80.8,149.8,3.3388888888888886,169.0,14.22,21.21,23.17,23.17,24.0,24.74,85.67791666666666,3.3388888888888886,76.030375
2022-03-15,28.44,23.09,88.8,70.54,354.5,3.3388888888888886,169.0,1.016,22.15,24.33,24.33,24.0,25.270833333333332,86.11625,3.3388888888888886,86.36754166666667
2022-03-16,28.76,23.62,88.9,75.34,518.3,3.3388888888888886,169.0,10.92,22.56,24.72,24.72,24.0,25.008333333333336,80.00625,3.3388888888888886,82.23995833333333
2022-03-17,27.84,23.23,88.3,67.69,410.2,3.3388888888888886,169.0,1.778,20.78,23.46,23.46,24.0,27.363333333333333,77.29333333333334,3.3388888888888886,250.33304166666665
2022-03-18,34.45,22.7,87.5,57.72,3497.0,3.3388888888888886,169.0,1.27,23.57,25.84,25.84,24.0,28.251666666666665,80.07083333333334,3.3388888888888886,170.078375
2022-03-19,36.75,25.26,88.6,57.32,2327.0,3.3388888888888886,169.0,19.05,22.34,26.49,26.49,24.0,26.188333333333333,80.77625,3.3388888888888886,102.30579166666666
2022-03-20,31.06,23.4,87.9,65.75,1260.0,3.3388888888888886,169.0,11.94,20.5,23.42,23.42,24.0,24.447916666666668,76.32833333333333,3.3388888888888886,95.34108333333334
2022-03-21,27.58,21.92,84.8,58.39,578.5,3.3388888888888886,169.0,0.762,19.2,21.92,21.92,24.0,21.999583333333334,86.89375,3.3388888888888886,58.46720833333333
2022-03-22,24.42,20.86,89.2,78.07,214.2,3.3388888888888886,169.0,49.02,19.54,21.47,21.47,24.0,23.707083333333333,79.69666666666667,3.3388888888888886,129.94095833333333
2022-03-23,29.5,20.79,88.8,57.47,1210.0,3.3388888888888886,169.0,3.048,19.11,21.14,21.14,24.0,24.06458333333333,83.54125,3.3388888888888886,109.54754166666667
2022-03-24,29.21,20.06,89.6,65.98,947.0,3.3388888888888886,169.0,1.778,23.08,25.18,25.18,24.0,24.9175,84.09791666666666,3.3388888888888886,77.93599999999999
2022-03-25,30.04,22.28,88.8,67.69,536.2,3.3388888888888886,169.0,11.18,19.88,22.37,22.37,24.0,24.438333333333333,84.03958333333334,3.3388888888888886,67.094625
2022-03-26,28.2,21.79,89.1,72.14,255.3,3.3388888888888886,169.0,1.27,21.34,23.22,23.22,24.0,26.772916666666664,77.08833333333332,3.3388888888888886,241.780875
2022-03-27,34.31,22.87,90.0,51.24,3396.0,3.3388888888888886,169.0,0.0,21.81,24.11,24.11,24.0,26.559583333333332,78.25583333333334,3.3388888888888886,179.2585
2022-03-28,32.15,23.67,87.4,56.48,2505.0,3.3388888888888886,169.0,0.254,22.93,25.26,25.26,24.0,26.3475,79.17458333333333,3.3388888888888886,126.50741666666666
2022-03-29,31.64,23.54,88.5,61.94,1366.0,3.3388888888888886,169.0,0.254,21.42,23.65,23.65,23.0,25.84304347826087,78.80478260869565,3.3388888888888886,151.22017391304348
2022-03-30,32.05,21.96,88.7,55.43,1585.0,3.3388888888888886,169.0,0.254,22.8,25.76,25.76,24.0,25.722083333333334,82.04833333333333,3.3388888888888886,149.13591666666667
2022-03-31,33.62,22.26,89.0,61.68,1642.0,3.3388888888888886,169.0,12.7,21.17,23.44,23.44,24.0,19.27625,84.69625,3.3388888888888886,39.65016666666667
2022-04-01,23.46,16.45,88.5,73.71,110.4,3.3388888888888886,169.0,10.92,14.06,16.81,16.81,24.0,18.57125,85.4375,3.3388888888888886,48.943125
2022-04-02,20.7,16.74,88.4,79.48,177.1,3.3388888888888886,169.0,11.94,16.95,19.14,19.14,24.0,20.596666666666668,86.54083333333334,3.3388888888888886,66.73383333333334
2022-04-03,24.25,18.63,89.1,75.69,291.7,3.3388888888888886,169.0,6.604,19.25,21.19,21.19,24.0,23.473333333333333,85.13416666666667,3.3388888888888886,104.94658333333332
2022-04-04,27.22,20.56,89.4,71.55,803.0,3.3388888888888886,169.0,1.016,22.18,24.32,24.32,24.0,25.388333333333335,84.47541666666667,3.3388888888888886,90.52283333333334
2022-04-05,30.01,22.71,89.1,68.0,525.8,3.3388888888888886,169.0,0.762,20.78,22.74,22.74,24.0,24.089166666666667,84.05791666666667,3.3388888888888886,88.34695833333335
2022-04-06,28.24,21.17,89.4,68.66,538.1,3.3388888888888886,169.0,0.254,21.11,23.17,23.17,24.0,24.56375,83.61291666666666,3.3388888888888886,109.34029166666666
2022-04-07,28.84,22.64,89.1,67.9,958.0,3.3388888888888886,169.0,4.572,21.71,23.84,23.84,24.0,24.619583333333335,84.60833333333333,3.3388888888888886,67.86204166666666
2022-04-08,27.26,23.35,88.4,73.52,312.9,3.3388888888888886,169.0,1.778,21.42,23.61,23.61,24.0,24.325,82.52541666666666,3.3388888888888886,84.74945833333334
2022-04-09,28.6,21.36,89.2,64.94,581.9,3.3388888888888886,169.0,3.048,20.45,22.46,22.46,24.0,25.684583333333332,79.51083333333334,3.3388888888888886,197.37254166666665
2022-04-10,33.1,21.62,88.9,51.8,2649.0,3.3388888888888886,169.0,0.254,22.15,24.61,24.61,24.0,25.434583333333332,79.99208333333333,3.3388888888888886,145.750875
2022-04-11,30.96,21.02,89.0,59.88,1354.0,3.3388888888888886,169.0,0.0,21.05,23.13,23.13,24.0,23.94541666666667,85.87333333333333,3.3388888888888886,61.717083333333335
2022-04-12,27.8,21.63,89.8,71.6,273.9,3.3388888888888886,169.0,1.016,19.99,21.91,21.91,24.0,23.286666666666665,86.20416666666667,3.3388888888888886,58.93450000000001
2022-04-13,26.64,21.16,89.3,76.78,250.3,3.3388888888888886,169.0,13.72,20.65,22.65,22.65,24.0,24.621666666666666,83.87291666666667,3.3388888888888886,76.321375
2022-04-14,28.66,21.9,89.5,69.23,488.5,3.3388888888888886,169.0,0.508,21.44,23.71,23.71,24.0,21.92625,86.32083333333333,3.3388888888888886,38.43020833333333
2022-04-15,23.71,18.97,89.0,77.64,110.7,3.3388888888888886,169.0,3.048,17.17,19.18,19.18,23.0,20.875217391304346,69.31434782608696,3.3388888888888886,203.8891304347826
2022-04-16,27.79,15.54,88.2,29.17,2957.0,3.3388888888888886,169.0,2.794,16.2,18.58,18.58,24.0,21.226666666666667,73.43833333333333,3.3388888888888886,216.171875
2022-04-17,28.46,14.76,89.2,42.21,2743.0,3.3388888888888886,169.0,0.762,17.33,19.98,19.98,24.0,21.46666666666667,76.08416666666666,3.3388888888888886,137.92333333333332
2022-04-18,27.45,16.04,88.2,48.87,1220.0,3.3388888888888886,169.0,0.508,17.95,20.68,20.68,24.0,21.180416666666666,81.3175,3.3388888888888886,89.53500000000001
2022-04-19,25.52,17.15,88.6,65.26,588.3,3.3388888888888886,169.0,2.794,15.28,17.21,17.21,24.0,21.359583333333333,78.45125,3.3388888888888886,184.20983333333334
2022-04-20,29.48,15.64,89.2,52.67,2181.0,3.3388888888888886,169.0,2.032,18.55,20.58,20.58,24.0,22.7975,77.0525,3.3388888888888886,191.05645833333332
2022-04-21,29.22,17.66,89.5,51.2,2310.0,3.3388888888888886,169.0,1.524,18.34,20.34,20.34,24.0,23.682083333333335,77.565,3.3388888888888886,196.00129166666667
2022-04-22,30.57,19.29,88.8,52.33,2366.0,3.3388888888888886,169.0,0.254,20.18,22.39,22.39,24.0,23.40041666666667,79.80333333333333,3.3388888888888886,91.37183333333333
2022-04-23,28.14,19.98,88.4,57.77,606.3,3.3388888888888886,169.0,3.81,17.73,21.47,21.47,24.0,23.635416666666668,73.78375,3.3388888888888886,149.25654166666666
2022-04-24,31.41,19.38,88.2,43.41,1322.0,3.3388888888888886,169.0,9.14,19.69,22.58,22.58,24.0,24.064999999999998,78.12666666666667,3.3388888888888886,135.54958333333335
2022-04-25,28.62,20.57,87.5,60.37,1478.0,3.3388888888888886,169.0,0.0,20.28,22.64,22.64,24.0,25.02,79.70583333333333,3.3388888888888886,139.72079166666666
2022-04-26,30.56,21.85,88.5,57.02,1456.0,3.3388888888888886,169.0,0.0,21.74,24.12,24.12,24.0,25.031666666666666,81.17625,3.3388888888888886,91.37154166666666
2022-04-27,28.97,20.96,89.0,66.59,513.3,3.3388888888888886,169.0,0.0,22.25,24.55,24.55,24.0,27.152083333333334,79.85083333333334,3.3388888888888886,148.35162499999998
2022-04-28,33.7,24.32,88.1,59.32,1497.0,3.3388888888888886,169.0,0.0,23.47,25.88,25.88,24.0,28.531666666666666,74.61708333333333,3.3388888888888886,167.181625
2022-04-29,38.97,24.01,88.1,33.22,1786.0,3.3388888888888886,169.0,0.0,19.92,24.21,24.21,24.0,22.796666666666667,79.71833333333333,3.3388888888888886,44.32216666666667
2022-04-30,24.22,20.85,87.4,65.67,128.8,3.3388888888888886,169.0,0.0,18.36,21.21,21.21,24.0,21.321666666666665,81.33,3.3388888888888886,44.79725
2022-05-01,23.57,19.74,86.4,69.21,140.0,3.3388888888888886,169.0,0.0,18.9,21.47,21.47,24.0,23.46875,81.72625000000001,3.3388888888888886,109.596625
2022-05-02,29.74,20.43,88.0,61.39,1011.0,3.3388888888888886,169.0,0.254,20.43,23.01,23.01,24.0,21.74791666666667,86.73125,3.3388888888888886,29.721500000000002
2022-05-03,23.45,20.34,88.9,79.04,56.85,3.3388888888888886,169.0,18.8,18.73,20.64,20.64,24.0,20.585,87.49166666666667,3.3388888888888886,11.856499999999999
2022-05-04,21.69,19.64,90.5,83.5,8.23,3.3388888888888886,169.0,77.47,18.22,20.21,20.21,24.0,20.750833333333333,79.11625,3.3388888888888886,30.97045833333333
2022-05-05,22.73,19.22,88.9,58.29,108.6,3.3388888888888886,169.0,64.77,17.36,21.44,21.44,24.0,22.8475,71.61458333333333,3.3388888888888886,160.81883333333334
2022-05-06,29.08,18.25,87.7,48.85,1754.0,3.3388888888888886,169.0,4.318,17.33,19.44,19.44,24.0,21.213333333333335,76.36749999999999,3.3388888888888886,148.953125
2022-05-07,27.22,18.23,88.5,50.27,1672.0,3.3388888888888886,169.0,0.0,16.39,18.74,18.74,24.0,20.647916666666667,78.505,3.3388888888888886,99.12620833333334
2022-05-08,25.52,16.76,88.4,56.74,747.6,3.3388888888888886,169.0,0.0,15.65,17.78,17.78,24.0,20.457916666666666,76.96083333333333,3.3388888888888886,146.90491666666668
2022-05-09,27.59,14.79,88.5,46.49,1594.0,3.3388888888888886,169.0,0.0,14.71,16.71,16.71,24.0,20.74875,82.9825,3.3388888888888886,77.11625
2022-05-10,25.5,16.1,88.4,66.41,525.8,3.3388888888888886,169.0,0.762,18.68,20.75,20.75,24.0,23.138333333333335,79.51791666666666,3.3388888888888886,128.09795833333334
2022-05-11,28.47,20.06,88.7,56.48,1244.0,3.3388888888888886,169.0,4.064,19.39,21.41,21.41,24.0,22.844166666666666,83.61916666666666,3.3388888888888886,114.42750000000001
2022-05-12,29.34,19.42,88.9,59.72,1172.0,3.3388888888888886,169.0,7.112,17.53,19.51,19.51,24.0,20.87333333333333,77.5975,3.3388888888888886,149.42291666666668
2022-05-13,26.94,16.47,89.5,46.4,1574.0,3.3388888888888886,169.0,0.0,17.16,20.07,20.07,24.0,21.438333333333333,76.82875,3.3388888888888886,91.44600000000001
2022-05-14,25.38,19.08,85.7,59.59,667.6,3.3388888888888886,169.0,0.0,17.92,20.61,20.61,24.0,22.145416666666666,79.08,3.3388888888888886,114.89854166666667
2022-05-15,26.37,17.9,88.4,61.75,957.0,3.3388888888888886,169.0,0.254,18.82,20.89,20.89,24.0,23.495,75.02291666666666,3.3388888888888886,155.69
2022-05-16,30.9,17.53,88.5,44.24,1635.0,3.3388888888888886,169.0,0.0,15.79,17.79,17.79,24.0,20.765833333333333,64.86708333333333,3.3388888888888886,157.696875
2022-05-17,26.69,16.04,88.7,37.72,1636.0,3.3388888888888886,169.0,0.0,4.101,17.31,17.31,24.0,17.583333333333332,41.56375,3.3388888888888886,175.97162500000002
2022-05-18,22.19,14.81,51.72,31.43,1870.0,3.3388888888888886,169.0,0.0,3.721,15.6,15.6,24.0,19.292083333333334,46.807500000000005,3.3388888888888886,138.32216666666667
2022-05-19,23.73,15.57,53.11,40.4,1350.0,3.3388888888888886,169.0,0.0,8.81,19.18,19.18,24.0,19.497916666666665,52.82791666666666,3.3388888888888886,167.85208333333335
2022-05-20,24.93,11.22,84.4,37.39,1719.0,3.3388888888888886,169.0,0.0,9.1,11.64,11.64,24.0,15.331249999999999,72.27041666666666,3.3388888888888886,165.63720833333335
2022-05-21,25.63,7.662,87.9,37.88,1651.0,3.3388888888888886,169.0,0.0,8.66,10.66,10.66,24.0,15.670833333333334,74.99833333333333,3.3388888888888886,159.44591666666665
2022-05-22,26.78,8.01,88.2,36.07,1576.0,3.3388888888888886,169.0,0.0,9.97,11.92,11.92,24.0,16.97625,76.67,3.3388888888888886,155.72866666666667
2022-05-23,26.18,9.8,88.3,44.24,1523.0,3.3388888888888886,169.0,0.0,13.62,15.67,15.67,24.0,19.0975,79.53125,3.3388888888888886,117.241375
2022-05-24,26.31,14.2,88.8,56.65,895.0,3.3388888888888886,169.0,0.0,13.56,15.6,15.6,24.0,20.254166666666666,79.90666666666667,3.3388888888888886,117.41875
2022-05-25,27.78,15.55,88.5,55.86,971.0,3.3388888888888886,169.0,0.0,17.34,19.54,19.54,24.0,21.35625,79.73416666666667,3.3388888888888886,118.57466666666666
2022-05-26,27.71,17.61,88.3,56.42,1016.0,3.3388888888888886,169.0,0.0,16.18,18.28,18.28,24.0,22.228333333333335,78.46583333333334,3.3388888888888886,133.66070833333333
2022-05-27,29.56,18.03,89.2,52.85,1185.0,3.3388888888888886,169.0,0.0,16.22,18.29,18.29,24.0,22.0775,80.96041666666666,3.3388888888888886,105.863375
2022-05-28,27.6,18.23,89.0,59.84,750.6,3.3388888888888886,169.0,0.0,18.26,20.25,20.25,24.0,23.162499999999998,78.66541666666667,3.3388888888888886,109.16833333333334
2022-05-29,29.89,19.58,88.9,51.13,903.0,3.3388888888888886,169.0,0.0,18.8,20.98,20.98,24.0,21.159166666666668,82.43708333333333,3.3388888888888886,57.77579166666666
2022-05-30,26.26,18.31,89.0,62.97,294.9,3.3388888888888886,169.0,32.26,17.15,19.17,19.17,24.0,19.495833333333334,86.59166666666665,3.3388888888888886,30.626875000000002
2022-05-31,22.35,17.68,88.5,77.18,75.18,3.3388888888888886,169.0,13.97,14.93,17.68,17.68,24.0,16.49125,83.79208333333334,3.3388888888888886,23.706083333333336
2022-06-01,17.86,15.13,87.8,73.68,39.96,3.3388888888888886,169.0,3.302,12.79,15.19,15.19,24.0,15.814166666666667,86.9375,3.3388888888888886,22.65279166666667
2022-06-02,16.86,14.37,88.3,84.7,37.29,3.3388888888888886,169.0,24.13,14.43,16.37,16.37,24.0,17.214166666666667,87.63333333333333,3.3388888888888886,22.882041666666666
2022-06-03,19.12,16.15,88.5,86.0,36.96,3.3388888888888886,169.0,44.7,14.64,16.78,16.78,24.0,17.37625,81.565,3.3388888888888886,60.833124999999995
2022-06-04,20.18,15.72,88.0,64.43,259.1,3.3388888888888886,169.0,0.762,13.74,16.28,16.28,24.0,17.539583333333333,80.62083333333334,3.3388888888888886,72.68391666666666
2022-06-05,21.74,13.47,86.8,64.54,339.2,3.3388888888888886,169.0,0.0,16.11,18.43,18.43,24.0,19.505416666666665,85.31458333333333,3.3388888888888886,47.31108333333333
2022-06-06,22.28,17.77,88.1,75.68,175.9,3.3388888888888886,169.0,2.286,17.89,20.03,20.03,24.0,20.938333333333333,84.29708333333333,3.3388888888888886,74.574375
2022-06-07,24.85,18.2,88.6,68.6,383.4,3.3388888888888886,169.0,13.97,18.48,20.54,20.54,24.0,19.99083333333333,87.52083333333333,3.3388888888888886,16.746375
2022-06-08,21.02,19.21,88.5,85.2,18.27,3.3388888888888886,169.0,19.05,17.49,19.55,19.55,24.0,20.131666666666668,85.87875000000001,3.3388888888888886,44.23758333333333
2022-06-09,22.33,19.12,88.5,76.21,136.5,3.3388888888888886,169.0,2.54,17.54,19.63,19.63,24.0,20.32,85.77666666666666,3.3388888888888886,45.63604166666667
2022-06-10,22.75,18.95,88.5,75.35,144.0,3.3388888888888886,169.0,7.366,18.13,20.18,20.18,24.0,21.129166666666666,81.11375,3.3388888888888886,96.78595833333333
2022-06-11,26.39,17.81,89.3,54.55,582.6,3.3388888888888886,169.0,0.254,15.39,17.81,17.81,24.0,16.292083333333334,60.65291666666667,3.3388888888888886,147.27333333333334
2022-06-12,22.83,10.44,88.8,27.34,1340.0,3.3388888888888886,169.0,0.0,1.2530000000000001,16.14,16.14,24.0,15.938333333333333,44.59458333333333,3.3388888888888886,155.22566666666668
2022-06-13,23.43,8.57,86.3,22.91,1494.0,3.3388888888888886,169.0,0.0,6.569,9.03,4.519,24.0,14.406791666666665,72.9975,3.3388888888888886,147.81104166666668
2022-06-14,25.24,6.582,87.7,39.7,1355.0,3.3388888888888886,169.0,0.0,11.55,13.63,13.63,24.0,16.611666666666668,80.24333333333333,3.3388888888888886,86.47416666666668
2022-06-15,22.89,10.84,88.2,60.9,530.4,3.3388888888888886,169.0,0.0,15.34,17.67,17.67,24.0,19.094583333333333,77.78958333333334,3.3388888888888886,122.14058333333332
2022-06-16,25.6,14.11,88.3,50.5,1061.0,3.3388888888888886,169.0,0.0,13.29,15.2,15.2,24.0,18.81375,81.53583333333334,3.3388888888888886,127.59229166666667
2022-06-17,26.55,14.43,88.9,58.3,1083.0,3.3388888888888886,169.0,0.0,17.28,19.71,19.71,24.0,21.804166666666664,79.19208333333333,3.3388888888888886,78.31679166666667
2022-06-18,27.87,18.51,88.1,54.03,572.3,3.3388888888888886,169.0,1.524,18.06,20.17,20.17,24.0,19.97625,64.12708333333333,3.3388888888888886,148.61341666666667
2022-06-19,24.02,13.68,88.7,38.96,1377.0,3.3388888888888886,169.0,0.0,12.22,14.45,14.45,24.0,17.092916666666667,79.16166666666668,3.3388888888888886,87.41408333333334
2022-06-20,22.27,14.17,87.7,59.77,656.1,3.3388888888888886,169.0,0.0,12.55,14.58,14.58,24.0,16.85125,80.58291666666666,3.3388888888888886,112.646
2022-06-21,24.79,11.24,88.5,57.11,868.0,3.3388888888888886,169.0,0.0,13.13,15.16,15.16,24.0,18.167083333333334,84.37041666666667,3.3388888888888886,50.393791666666665
2022-06-22,22.23,13.18,88.3,74.27,203.8,3.3388888888888886,169.0,0.0,16.64,18.74,18.74,24.0,21.09958333333333,80.0775,3.3388888888888886,108.484375
2022-06-23,27.09,17.49,88.1,60.01,810.0,3.3388888888888886,169.0,1.778,15.37,17.51,17.51,24.0,21.328333333333333,79.70583333333333,3.3388888888888886,114.31395833333333
2022-06-24,30.27,15.76,88.7,56.21,871.0,3.3388888888888886,169.0,0.0,17.24,19.84,19.84,24.0,21.79375,79.08791666666666,3.3388888888888886,83.42170833333333
2022-06-25,26.5,19.83,85.3,64.33,435.1,3.3388888888888886,169.0,0.0,18.05,20.64,20.64,24.0,19.985833333333332,84.72666666666667,3.3388888888888886,18.15608333333333
2022-06-26,21.34,18.24,88.1,77.08,24.4,3.3388888888888886,169.0,0.508,14.39,18.25,18.25,24.0,18.1775,77.43041666666666,3.3388888888888886,55.045125000000006
2022-06-27,20.76,16.18,86.1,62.21,206.3,3.3388888888888886,169.0,0.0,14.18,16.64,16.64,4.0,16.7425,86.05,3.3388888888888886,0.0
2022-06-29,,,,,,,,,,,,15.0,20.982000000000003,59.63333333333333,2.0021851851851853,214.81366666666665
2022-06-30,26.39,11.61,91.7,33.81,1216.0,8.25,283.0,0.0,9.74,11.9,11.9,24.0,14.536666666666667,81.0475,0.8820023148148147,142.98725
2022-07-01,23.49,7.652,91.9,56.82,1274.0,4.319444444444445,85.0,0.0,12.9,14.29,14.29,24.0,16.91208333333333,86.83958333333334,0.8271759259259258,54.57991666666667
2022-07-02,20.53,14.2,92.0,74.46,220.3,2.9194444444444443,154.0,0.0,16.23,17.9,17.9,24.0,18.65625,84.25541666666666,0.6924074074074075,121.842
2022-07-03,24.93,13.91,92.8,62.22,1083.0,3.911111111111111,68.0,0.0,13.77,15.06,15.06,24.0,18.1825,86.17458333333333,0.8974652777777777,127.08550000000001
2022-07-04,26.48,13.72,93.3,66.67,1094.0,6.338888888888889,136.0,0.0,16.44,17.85,17.85,24.0,19.844166666666666,86.94333333333333,0.9168634259259258,96.76416666666667
2022-07-05,26.64,17.85,92.8,66.22,746.5,3.2888888888888888,98.0,0.0,17.67,18.85,18.85,24.0,21.442083333333333,83.0025,0.785162037037037,124.67795833333334
2022-07-06,32.22,17.07,93.1,40.92,1108.0,2.638888888888889,156.0,0.0,16.17,17.69,17.69,24.0,20.26,81.93666666666667,0.5604166666666667,112.33375
2022-07-07,28.52,14.79,92.3,53.55,791.0,4.0,,0.0,15.59,16.92,16.92,24.0,20.17875,82.18375,0.8035648148148148,132.93125
2022-07-08,30.05,13.21,93.7,49.32,1177.0,4.0,,0.0,16.41,17.77,17.77,24.0,19.789583333333333,84.11541666666666,1.1803125,95.23708333333333
2022-07-09,25.31,15.73,92.7,64.46,679.6,5.861111111111112,75.0,0.0,17.71,19.78,19.78,24.0,21.27875,80.60000000000001,0.7525925925925926,112.39558333333333
2022-07-10,26.29,18.19,90.6,60.08,881.0,3.011111111111111,30.0,0.0,17.35,19.79,19.79,24.0,20.69,82.91625,0.8925,117.14637499999999
2022-07-11,26.34,17.09,91.8,61.5,912.0,3.6694444444444447,84.0,0.0,16.49,17.85,17.85,24.0,20.22041666666667,87.28083333333332,0.8163773148148148,102.42975
2022-07-12,27.05,17.44,92.8,65.19,794.2,6.0888888888888895,158.0,0.0,18.08,19.56,19.56,24.0,21.99791666666667,74.28833333333334,2.074479166666667,98.67045833333333
2022-07-13,28.44,17.22,90.9,45.06,797.2,7.919444444444444,287.0,0.254,14.3,17.27,17.27,24.0,15.854583333333332,89.1875,1.149537037037037,26.161875
2022-07-14,17.36,15.18,91.1,81.4,45.17,3.711111111111111,270.0,6.858,14.0,15.84,15.84,24.0,17.575833333333332,89.82916666666667,0.7934375,31.69366666666667
2022-07-15,20.61,15.33,91.8,83.8,80.7,3.730555555555555,274.0,12.7,17.82,19.28,19.28,24.0,20.399583333333332,88.20583333333333,0.6828009259259259,59.017875000000004
2022-07-16,24.63,17.69,92.0,74.9,254.3,3.261111111111111,51.0,0.254,16.41,17.73,17.73,24.0,21.057916666666667,87.15791666666667,1.0681828703703704,79.18383333333334
2022-07-17,30.43,16.46,92.9,51.96,519.8,6.188888888888889,291.0,0.0,19.37,31.6,30.07,24.0,21.5175,65.19333333333334,1.908576388888889,79.99658333333333
2022-07-18,30.57,15.86,89.4,48.14,395.0,11.338888888888889,261.0,0.0,14.12,15.87,15.87,24.0,17.343333333333334,86.31083333333333,0.7755787037037036,37.19691666666667
2022-07-19,19.62,15.64,90.3,75.94,105.2,4.0,,1.27,15.68,17.58,17.58,24.0,19.59625,81.54583333333333,1.3569444444444443,115.251125
2022-07-20,26.04,17.01,89.9,63.78,1046.0,5.6305555555555555,140.0,0.762,15.57,17.99,17.99,24.0,19.41375,80.50833333333334,1.1672337962962962,133.2055
2022-07-21,24.47,15.2,92.3,61.42,1241.0,3.8805555555555555,90.0,0.0,16.68,18.45,18.45,24.0,19.895,85.46375,0.7896527777777779,92.30041666666666
2022-07-22,25.04,16.79,93.6,65.86,552.3,3.3611111111111107,87.0,0.0,16.44,17.49,17.49,24.0,20.67833333333333,86.62625000000001,0.7492013888888889,135.25820833333333
2022-07-23,28.97,16.08,95.0,61.47,1219.0,3.1194444444444445,87.0,0.0,17.97,19.0,19.0,24.0,19.109166666666667,93.3,0.834050925925926,49.301874999999995
2022-07-24,21.27,17.86,95.2,88.2,178.7,2.711111111111111,162.0,0.0,17.96,18.97,18.97,24.0,20.425,87.48583333333333,0.8617476851851852,109.71999999999998
2022-07-25,25.84,17.91,94.1,68.73,913.0,3.7694444444444444,44.0,0.0,17.32,18.39,18.39,24.0,19.455833333333334,90.01416666666667,0.877662037037037,54.065875
2022-07-26,22.64,17.81,94.1,77.1,209.0,2.7388888888888885,6.0,0.0,17.51,19.6,19.6,24.0,20.451249999999998,80.57083333333334,1.0547569444444445,143.58895833333332
2022-07-27,26.04,16.61,93.0,56.74,1435.0,4.45,357.0,0.0,16.69,17.88,17.88,24.0,19.834583333333335,82.25875,1.109571759259259,133.19883333333334
2022-07-28,25.29,15.9,93.7,59.47,1211.0,4.730555555555556,54.0,0.0,15.22,16.24,16.24,24.0,22.759583333333335,72.69500000000001,1.2519328703703703,142.67891666666665
2022-07-29,33.88,15.33,94.8,33.48,1353.0,10.430555555555555,311.0,0.0,17.41,24.84,24.84,24.0,21.28625,47.96083333333333,3.352719907407407,171.1509166666667
2022-07-30,24.66,15.31,77.35,29.46,1836.0,12.738888888888889,219.0,1.016,6.971,15.76,15.76,24.0,15.46375,69.45416666666667,1.4062962962962962,174.19504166666664
2022-07-31,21.75,7.7219999999999995,91.2,43.02,1809.0,6.311111111111111,79.0,0.0,11.78,13.66,13.66,24.0,15.66125,81.0325,0.9706018518518519,148.49979166666665
2022-08-01,23.22,11.31,93.3,51.35,1489.0,4.969444444444444,76.0,0.0,11.05,12.16,12.16,24.0,17.043333333333333,81.81833333333333,0.8863773148148147,161.014125
2022-08-02,26.28,9.94,94.1,53.71,1574.0,3.7694444444444444,39.0,0.0,13.79,15.06,15.06,24.0,18.528333333333332,85.68541666666665,0.7996296296296296,60.34341666666666
2022-08-03,22.13,14.03,93.0,73.61,229.1,3.1805555555555554,39.0,0.0,17.17,19.35,19.35,24.0,20.828333333333333,82.65375,0.8700810185185185,66.30975
2022-08-04,24.65,18.56,91.6,65.5,316.5,4.25,91.0,0.0,18.08,20.46,20.46,24.0,22.64708333333333,79.77708333333334,0.9097916666666667,129.77445833333334
2022-08-05,30.97,19.52,89.0,39.11,1205.0,11.511111111111111,305.0,0.0,16.3,29.87,29.72,24.0,23.969583333333333,58.82,2.2194560185185184,174.01304166666668
2022-08-06,29.71,17.56,87.8,40.33,1858.0,10.93888888888889,250.0,0.762,15.64,17.68,17.68,24.0,17.230833333333333,86.49166666666667,1.0216782407407408,14.969708333333331
2022-08-07,18.19,16.16,88.0,83.7,14.67,3.738888888888889,267.0,23.88,14.19,16.33,16.33,24.0,17.59958333333333,87.26666666666667,0.9800115740740741,26.057666666666666
2022-08-08,19.11,16.12,89.1,84.3,46.28,6.0888888888888895,42.0,67.56,16.47,18.29,18.29,24.0,19.1775,87.42083333333333,1.006909722222222,38.33108333333333
2022-08-09,21.09,18.17,89.2,82.5,122.7,4.0,,13.97,17.13,19.1,19.1,24.0,19.6275,87.39999999999999,0.7723076923076923,25.346304347826088
2022-08-10,20.52,18.8,89.1,83.4,39.08,4.55,161.0,66.55,16.96,18.81,18.81,24.0,17.28,80.90458333333333,2.755643274853801,19.244434782608696
2022-08-11,18.78,15.65,89.0,59.71,21.7,9.838888888888889,255.0,98.3,11.09,17.61,17.61,24.0,18.315,70.84458333333333,1.3775347222222223,124.82604166666665
2022-08-12,22.95,12.77,88.2,44.9,1007.0,5.288888888888889,274.0,3.048,15.28,17.3,17.3,24.0,18.531666666666666,84.14666666666666,0.9885416666666665,73.738125
2022-08-13,20.96,17.27,88.4,71.93,386.5,5.988888888888888,291.0,2.032,15.52,17.71,17.71,24.0,19.96375,81.2,1.1205555555555555,107.95704166666667
2022-08-14,24.61,16.05,89.0,63.85,984.0,5.369444444444444,10.0,0.0,16.52,18.68,18.68,24.0,21.604583333333334,78.90166666666667,1.173611111111111,143.91325
2022-08-15,26.24,18.24,88.1,61.64,1418.0,5.85,86.0,0.0,17.61,20.0,20.0,24.0,22.320833333333336,80.40958333333333,0.9038657407407408,153.300125
2022-08-16,29.74,19.56,90.5,60.49,1578.0,3.480555555555555,18.0,0.0,17.97,19.9,19.9,24.0,20.749583333333334,84.76166666666667,1.303923611111111,22.567208333333337
2022-08-17,23.27,19.04,89.5,69.64,51.34,6.430555555555555,231.0,5.08,16.76,19.15,19.15,24.0,21.132916666666667,82.44125,1.003576388888889,85.57154166666668
2022-08-18,26.08,18.71,87.6,68.77,641.6,5.488888888888889,56.0,0.508,18.44,20.69,20.69,24.0,20.025000000000002,84.73708333333333,1.1888888888888889,36.689875
2022-08-19,22.94,14.47,88.7,76.96,111.6,6.988888888888889,160.0,46.48,12.61,14.93,14.93,24.0,14.495416666666666,57.14125000000001,1.9840162037037035,213.815875
2022-08-20,19.89,8.86,86.1,23.72,2651.0,7.95,269.0,0.254,6.6850000000000005,9.1,8.43,24.0,13.820416666666667,75.09291666666667,0.8628240740740741,134.23104166666667
2022-08-21,20.47,8.02,86.8,52.01,1172.0,3.95,75.0,0.0,11.58,13.83,13.83,24.0,17.288333333333334,77.40083333333334,1.002962962962963,88.85654166666667
2022-08-22,22.28,12.88,87.4,60.67,509.7,3.7,38.0,0.0,14.85,17.81,17.81,24.0,18.530833333333334,83.36291666666666,0.8816435185185184,73.1045
2022-08-23,22.17,16.87,87.2,69.51,557.7,3.4611111111111112,69.0,0.0,16.27,18.42,18.42,24.0,20.366666666666667,79.8125,1.110775462962963,139.753625
2022-08-24,25.0,17.2,87.9,62.05,1480.0,4.538888888888889,91.0,0.254,16.75,19.03,19.03,24.0,21.034166666666668,78.25916666666667,1.3594097222222221,149.29820833333335
2022-08-25,26.3,17.27,89.2,55.07,1617.0,5.830555555555555,69.0,0.0,17.74,19.94,19.94,2.0,19.884999999999998,86.75,1.2734722222222221,0.0
2022-08-26,,,,,,,,,,,,6.0,20.523333333333333,85.11166666666666,0.680787037037037,0.46799999999999997
2022-08-27,23.16,17.84,91.2,75.88,0.0,3.1694444444444443,76.0,0.0,16.73,18.21,18.21,24.0,21.407916666666665,83.41250000000001,0.8096412037037037,124.31962499999999
2022-08-28,27.94,17.7,91.7,61.92,1066.0,3.219444444444444,330.0,0.0,18.83,20.69,20.69,24.0,20.410833333333333,82.41166666666668,1.9699074074074072,121.73354166666667
2022-08-29,27.48,14.45,91.6,60.28,1330.0,6.688888888888888,43.0,0.762,12.83,14.59,14.59,24.0,14.9625,70.23625,1.507025462962963,214.47962499999997
2022-08-30,20.17,11.54,89.4,40.09,2762.0,5.438888888888888,95.0,0.508,10.15,12.24,12.24,24.0,14.91375,83.24458333333332,0.9745717592592592,80.98604166666667
2022-08-31,18.63,10.85,89.0,71.71,412.6,3.569444444444444,272.0,0.0,13.11,15.27,15.27,24.0,18.395833333333332,77.60291666666667,1.5149074074074074,138.4965
2022-09-01,22.79,13.66,87.6,60.15,1236.0,5.280555555555556,76.0,0.0,15.91,18.91,18.91,24.0,20.452083333333334,74.45833333333333,1.1612847222222222,209.559
2022-09-02,26.6,14.68,87.2,50.23,2596.0,7.361111111111111,71.0,0.0,15.29,17.63,17.63,24.0,20.438333333333333,80.99249999999999,0.9365393518518519,55.75933333333334
2022-09-03,24.34,15.62,88.6,66.25,265.0,5.8999999999999995,221.0,6.604,17.68,19.98,19.98,23.0,17.578695652173913,84.08391304347826,1.7865338164251208,41.11147826086956
2022-09-04,20.1,15.61,89.2,78.41,146.2,4.811111111111111,73.0,28.7,13.23,15.61,15.61,24.0,17.66,69.94208333333333,1.212974537037037,217.69575
2022-09-05,23.68,14.59,87.3,36.94,2947.0,5.919444444444444,84.0,0.0,12.44,14.98,14.98,24.0,18.497916666666665,76.27499999999999,1.029375,126.18775
2022-09-06,24.25,14.7,85.5,49.43,1180.0,5.338888888888889,75.0,0.0,15.24,17.7,17.7,24.0,18.785833333333333,85.64583333333333,1.311863425925926,35.815875
2022-09-07,20.42,17.31,87.5,81.6,96.1,5.71111111111111,51.0,11.68,16.52,18.91,18.91,24.0,20.390416666666667,84.53541666666666,0.8729050925925925,66.21849999999999
2022-09-08,23.96,18.49,88.0,74.74,359.5,7.169444444444444,276.0,23.37,18.11,20.4,20.4,24.0,22.50583333333333,79.905,1.0118055555555554,196.0667083333333
2022-09-09,29.17,18.73,88.4,63.62,2248.0,4.1499999999999995,74.0,0.0,18.17,20.35,20.35,24.0,25.952916666666667,75.41166666666668,1.1193171296296296,169.02420833333332
2022-09-10,39.14,19.09,88.6,30.82,1911.0,9.269444444444444,341.0,0.0,22.38,25.59,25.59,24.0,19.455416666666668,84.35458333333334,1.8031828703703703,20.951
2022-09-11,26.21,16.59,87.6,75.89,26.68,6.138888888888889,157.0,0.0,14.29,17.04,17.04,24.0,16.91541666666667,81.76125,1.3994907407407409,33.2065
2022-09-12,18.44,15.72,89.2,66.93,71.42,4.061111111111111,49.0,0.0,13.39,15.77,15.77,24.0,16.709166666666665,85.72500000000001,1.0067708333333332,19.581458333333334
2022-09-13,18.07,15.65,87.3,83.2,43.94,7.4111111111111105,245.0,53.09,15.03,17.29,17.29,24.0,21.537916666666664,77.32875,1.2662847222222222,218.62504166666668
2022-09-14,30.61,16.93,87.4,53.86,2992.0,7.119444444444444,152.0,0.508,16.84,20.36,20.36,24.0,19.514583333333334,80.83791666666666,1.3112384259259258,26.657291666666666
2022-09-15,20.84,17.83,86.7,72.69,50.77,4.669444444444444,46.0,3.556,15.42,17.84,17.84,24.0,19.4875,80.91666666666667,0.9812152777777777,89.18995833333334
2022-09-16,19.56,18.25,86.3,83.8,0.15,2.9,267.0,0.254,15.55,18.25,18.25,18.0,18.677777777777777,81.26777777777778,0.9859876543209877,54.288333333333334
2022-09-17,19.79,17.85,84.7,71.3,0.001,2.5805555555555553,303.0,0.0,15.33,17.95,17.95,24.0,19.480833333333333,74.16166666666666,1.3910532407407408,183.80754166666668
2022-09-18,24.28,15.46,86.4,53.61,2250.0,6.96111111111111,80.0,0.254,14.03,16.45,16.45,24.0,19.094166666666666,79.74583333333332,1.4212962962962965,106.14270833333335
2022-09-19,22.79,16.19,87.6,65.01,768.4,7.280555555555556,77.0,0.0,15.92,18.57,18.57,24.0,19.915833333333335,79.03416666666666,0.8302083333333333,122.678
2022-09-20,24.66,15.46,87.1,58.56,1061.0,5.188888888888889,85.0,3.556,17.09,19.56,19.56,24.0,23.02125,72.5325,1.6437847222222224,257.0037916666667
2022-09-21,31.0,19.2,86.8,39.46,3705.0,6.469444444444444,141.0,0.0,16.87,20.79,20.79,24.0,21.173750000000002,75.76708333333333,1.426400462962963,88.77204166666667
2022-09-22,24.99,18.88,85.8,58.72,549.4,4.288888888888889,92.0,3.048,16.36,18.93,18.93,24.0,22.22083333333333,71.26125,1.5027199074074076,222.63637500000002
2022-09-23,29.94,17.13,86.2,37.63,3169.0,9.380555555555556,257.0,0.254,7.518,21.24,21.24,24.0,20.069583333333334,45.473749999999995,3.0124884259259255,283.6375
2022-09-24,26.54,14.05,83.1,25.52,4293.0,13.11111111111111,275.0,0.0,11.51,14.33,14.33,24.0,18.359583333333333,70.17375,1.4532407407407406,230.42083333333335
2022-09-25,25.96,11.62,86.4,41.53,3363.0,6.838888888888889,74.0,0.0,12.91,16.32,16.32,24.0,17.04041666666667,82.77916666666667,0.9110532407407407,35.18170833333333
2022-09-26,18.78,15.88,87.9,75.14,76.28,3.819444444444444,151.0,13.97,14.04,16.32,16.32,24.0,19.486250000000002,80.89708333333333,1.1194097222222221,68.428375
2022-09-27,22.95,15.89,87.8,69.54,269.4,6.499999999999999,58.0,5.334,16.28,18.48,18.48,24.0,22.06375,76.34666666666666,0.9872569444444445,109.792625
2022-09-28,28.05,17.98,87.8,56.31,839.0,4.011111111111111,83.0,0.0,17.31,20.98,20.98,24.0,20.846666666666668,72.32666666666667,1.0701041666666666,66.52704166666668
2022-09-29,23.32,18.74,82.1,56.53,257.3,5.4,147.0,0.0,15.18,18.78,18.78,24.0,18.459166666666665,79.77083333333333,1.3463310185185184,58.69333333333333
2022-09-30,21.05,17.09,85.1,66.26,210.1,4.9111111111111105,72.0,4.064,14.63,17.18,17.18,24.0,18.792916666666667,82.56916666666667,1.078599537037037,64.35779166666667
2022-10-01,22.22,17.02,86.8,69.52,310.1,4.3999999999999995,325.0,0.762,16.47,18.74,18.74,24.0,21.860833333333332,78.83291666666666,1.0855902777777777,159.18345833333333
2022-10-02,27.15,18.57,87.0,61.29,1644.0,3.838888888888889,63.0,1.524,18.72,21.41,21.41,24.0,22.101249999999997,75.7275,1.5438657407407408,155.31695833333333
2022-10-03,27.31,19.2,85.4,57.13,1801.0,5.738888888888889,89.0,3.048,17.04,19.9,19.9,24.0,21.376666666666665,74.64125,1.3041550925925927,125.87391666666667
2022-10-04,25.31,18.9,85.0,55.82,1107.0,4.088888888888889,60.0,0.0,16.2,19.98,19.98,24.0,19.802083333333332,76.92208333333333,1.2503819444444444,62.51833333333334
2022-10-05,22.09,17.53,85.3,65.76,235.2,4.199999999999999,63.0,0.254,15.27,17.78,17.78,24.0,19.30333333333333,83.51166666666667,0.7612037037037037,61.249125
2022-10-06,21.75,17.44,86.6,73.02,218.5,2.911111111111111,304.0,3.556,17.57,19.95,19.95,24.0,21.420833333333334,85.25,1.1595023148148147,29.18179166666667
2022-10-07,23.19,19.54,87.4,80.6,58.78,5.719444444444444,53.0,9.91,19.04,21.42,21.42,24.0,24.99,59.33916666666667,2.287175925925926,247.87087499999998
2022-10-08,31.47,17.65,88.0,33.44,3307.0,11.419444444444444,285.0,0.0,14.11,17.69,17.69,24.0,21.705416666666665,68.07375,1.5440740740740742,295.99333333333334
2022-10-09,29.18,14.35,85.7,38.98,4570.0,6.6000000000000005,76.0,0.0,18.19,21.28,21.28,24.0,20.597916666666666,77.99333333333333,1.745648148148148,165.13829166666667
2022-10-10,27.79,16.58,91.0,58.37,2129.0,7.861111111111111,151.0,0.0,13.57,17.72,17.72,24.0,16.212083333333336,86.19541666666667,1.2248379629629629,31.015916666666666
2022-10-11,17.98,15.32,89.0,74.06,52.92,5.0,139.0,2.794,15.16,17.65,17.65,24.0,21.803749999999997,79.13833333333334,0.9441203703703703,137.78979166666667
2022-10-12,27.73,17.49,86.6,56.42,1730.0,4.788888888888889,295.0,9.65,19.42,21.81,21.81,24.0,23.297083333333333,79.97041666666667,1.1025231481481481,85.46095833333334
2022-10-13,28.57,20.83,86.7,63.95,523.5,4.930555555555555,153.0,0.254,18.43,21.73,21.73,14.0,21.20642857142857,83.785,0.7639087301587301,73.70671428571428
2022-10-14,,,,,,,,,,,,17.0,20.60705882352941,89.39411764705882,0.9977124183006536,47.323588235294125
2022-10-15,22.2,18.32,98.7,85.0,64.45,3.7888888888888888,193.0,11.18,16.95,18.42,18.42,24.0,19.41875,89.81666666666666,0.8617939814814815,33.910583333333335
2022-10-16,20.96,18.01,91.7,84.7,64.67,4.0,,16.76,18.61,20.03,20.03,24.0,22.00375,87.17541666666666,1.1052430555555555,89.04858333333334
2022-10-17,26.53,20.0,92.3,72.17,726.4,4.6305555555555555,54.0,43.94,19.81,21.59,21.59,24.0,22.918333333333333,81.63291666666667,1.1000810185185186,124.22825
2022-10-18,27.18,20.81,90.6,66.82,982.0,5.311111111111111,99.0,1.524,18.12,20.81,20.81,24.0,20.700416666666666,86.94583333333333,0.7808796296296295,39.698375
2022-10-19,22.33,19.63,90.6,79.76,104.6,2.838888888888889,297.0,10.92,18.25,19.88,19.88,24.0,22.9525,81.51,1.1325810185185186,228.679875
2022-10-20,30.66,19.14,90.7,58.97,3134.0,4.761111111111111,25.0,0.508,19.69,21.97,21.97,24.0,23.995833333333334,83.08208333333333,0.9589583333333334,151.59437499999999
2022-10-21,29.5,21.45,90.8,64.22,1820.0,4.0,,19.56,21.01,22.87,22.87,24.0,24.29375,81.27374999999999,1.574826388888889,171.9740416666667
2022-10-22,30.6,19.91,91.0,53.44,2075.0,7.0,168.0,55.88,18.45,19.99,19.99,24.0,22.089166666666667,80.75583333333333,1.4962847222222224,168.79358333333332
2022-10-23,28.02,17.65,91.7,59.13,2413.0,5.330555555555556,78.0,0.0,18.46,20.98,20.98,24.0,23.498333333333335,76.03375,1.4079050925925927,251.87066666666666
2022-10-24,29.8,19.75,88.5,53.16,3891.0,6.3,88.0,0.0,19.27,21.93,21.93,24.0,22.065833333333334,85.23458333333333,1.2409027777777777,77.87712499999999
2022-10-25,24.93,19.96,90.4,74.6,480.6,4.75,171.0,11.68,18.08,20.08,20.08,24.0,22.10375,79.54958333333333,1.0901041666666667,136.75412500000002
2022-10-26,26.77,19.56,88.8,61.28,1451.0,4.469444444444444,70.0,0.0,19.01,20.97,20.97,24.0,24.097083333333334,74.62416666666667,1.7793171296296295,316.54158333333334
2022-10-27,30.0,20.15,90.5,48.32,5221.0,7.238888888888888,91.0,0.0,20.33,22.91,22.91,24.0,26.25,73.16875,1.1281944444444443,220.48258333333334
2022-10-28,32.83,20.2,88.0,51.74,2645.0,5.261111111111111,181.0,0.0,20.58,24.21,24.21,24.0,26.080416666666665,76.2225,1.4603356481481482,247.6585
2022-10-29,32.41,20.94,88.2,54.65,3824.0,5.680555555555555,74.0,0.0,21.88,24.27,24.27,24.0,24.175833333333333,84.32416666666667,1.1152893518518519,82.72404166666666
2022-10-30,29.61,20.32,89.9,67.01,524.2,11.2,37.0,34.04,18.73,20.45,20.45,24.0,26.129166666666666,72.13791666666667,1.5400925925925926,254.54887499999998
2022-10-31,36.32,18.62,90.4,36.22,3767.0,13.019444444444444,267.0,3.302,20.25,22.3,22.3,24.0,23.099999999999998,84.40666666666667,1.1316203703703704,64.71379166666667
2022-11-01,27.24,18.35,90.1,71.95,274.2,4.7,135.0,25.15,15.92,18.43,18.43,24.0,17.867916666666666,78.13,1.1847106481481482,63.73441666666667
2022-11-02,20.14,15.14,88.7,59.13,225.1,5.45,223.0,1.27,13.15,15.38,15.38,24.0,17.94333333333333,71.72708333333334,1.3825925925925926,189.16970833333335
2022-11-03,23.74,14.37,86.7,45.92,2413.0,7.511111111111111,85.0,0.508,14.06,16.32,16.32,24.0,19.517500000000002,71.23583333333333,1.2309375,226.63458333333332
2022-11-04,25.71,15.13,88.0,45.06,3226.0,6.288888888888889,69.0,0.0,15.16,17.54,17.54,24.0,20.565,70.45541666666666,1.1815509259259258,237.08875
2022-11-05,25.84,15.68,89.1,45.47,3539.0,5.719444444444444,88.0,0.0,15.28,18.13,18.13,24.0,20.340833333333332,71.80583333333334,1.4980208333333334,251.03333333333333
2022-11-06,25.35,15.37,88.8,48.05,3877.0,6.619444444444444,85.0,0.0,14.73,16.73,16.73,24.0,20.000833333333333,72.60541666666667,1.3271527777777778,218.91229166666665
2022-11-07,26.16,14.86,89.7,43.84,3116.0,6.069444444444445,100.0,0.0,13.68,16.09,16.09,24.0,19.694166666666664,73.42291666666667,1.3510416666666665,249.61083333333332
2022-11-08,26.52,13.91,88.9,45.58,4161.0,5.780555555555555,171.0,0.0,14.37,16.35,16.35,24.0,20.298750000000002,73.93041666666666,1.467037037037037,286.39504166666666
2022-11-09,27.79,14.74,89.0,45.3,5028.0,6.8694444444444445,77.0,4.064,16.73,18.74,18.74,24.0,21.082916666666666,77.8325,1.3444791666666667,203.02983333333336
2022-11-10,27.37,15.93,90.6,57.8,2485.0,5.1611111111111105,67.0,0.0,18.04,20.73,20.73,24.0,23.387083333333333,75.4675,1.4759027777777778,304.00916666666666
2022-11-11,30.34,17.88,90.1,52.04,5249.0,6.35,79.0,1.524,18.49,21.81,21.81,24.0,22.374583333333334,84.74541666666667,0.9348842592592592,50.64720833333333
2022-11-12,24.46,21.07,89.6,75.81,142.5,3.488888888888889,153.0,5.334,19.11,21.17,21.17,24.0,24.302083333333332,77.03500000000001,1.4063657407407408,224.17845833333334
2022-11-13,29.63,20.46,89.1,57.83,3227.0,7.261111111111111,67.0,0.254,20.56,22.61,22.61,24.0,24.506249999999998,80.92375,1.9200115740740742,175.10825
2022-11-14,29.51,21.97,89.7,58.61,2203.0,8.06111111111111,76.0,15.75,20.94,22.97,22.97,24.0,26.307916666666667,81.07916666666667,1.1661342592592592,255.27262499999998
2022-11-15,33.11,22.91,89.6,59.35,4014.0,4.738888888888888,75.0,1.778,21.65,23.48,23.48,24.0,27.672083333333333,51.92124999999999,1.9722800925925925,348.42041666666665
2022-11-16,35.93,20.74,89.8,24.86,6119.0,10.238888888888889,324.0,0.0,17.78,20.84,20.84,24.0,25.162916666666664,62.995,1.4122916666666665,349.555
2022-11-17,34.27,18.41,87.3,25.52,6013.0,6.0,69.0,0.0,17.33,19.98,19.98,24.0,23.86125,60.0325,1.182986111111111,355.12375
2022-11-18,32.82,16.77,87.0,14.26,6182.0,5.961111111111111,65.0,0.0,13.91,16.94,16.94,24.0,22.322083333333335,69.38791666666667,1.3067013888888888,322.01458333333335
2022-11-19,29.78,14.97,85.7,46.54,5707.0,6.838888888888889,87.0,0.0,17.82,20.45,20.45,24.0,23.825,68.4175,1.9736574074074076,300.1358333333333
2022-11-20,28.85,17.88,87.1,36.83,5201.0,7.911111111111111,83.0,0.0,19.26,22.87,22.87,24.0,24.624583333333334,76.58541666666666,1.712777777777778,158.27308333333335
2022-11-21,29.61,21.29,86.5,55.31,1883.0,6.3,60.0,0.762,20.97,23.63,23.63,24.0,26.07875,75.36,1.379513888888889,143.724875
2022-11-22,29.6,22.71,86.6,60.95,1206.0,5.230555555555555,79.0,0.0,21.69,25.33,25.33,24.0,26.514583333333334,78.54666666666667,0.8999074074074073,119.15750000000001
2022-11-23,30.51,23.22,86.4,60.52,814.0,3.411111111111111,320.0,0.0,22.01,24.63,24.63,24.0,25.1575,80.55874999999999,1.2757175925925925,97.518125
2022-11-24,32.02,22.54,87.9,58.71,789.7,6.519444444444444,140.0,9.14,20.23,22.75,22.75,24.0,24.245,78.04,1.0694328703703704,102.36470833333334
2022-11-25,27.7,22.21,86.0,60.73,663.3,3.8111111111111113,349.0,0.0,19.68,22.92,22.92,24.0,24.4325,71.645,1.2221875,166.26266666666666
2022-11-26,28.65,21.22,86.4,49.5,1632.0,6.519444444444444,123.0,0.508,19.71,22.51,22.51,24.0,23.21375,83.96249999999999,1.6048032407407407,59.653
2022-12-09,,,,,,,,,,,,1.0,23.89,91.9,0.9822222222222222,0.0
