{"type": "FeatureCollection", "name": "estados_sul", "crs": {"type": "name", "properties": {"name": "urn:ogc:def:crs:OGC:1.3:CRS84"}}, "features": [{"type": "Feature", "properties": {"uf": "SC", "code": "42"}, "geometry": {"type": "Polygon", "coordinates": [[[-52.8786013739, -27.1778797394], [-52.9038289559, -27.1984015117], [-52.9241266604, -27.2020491271], [-52.9370821313, -27.196892499], [-52.9365374383, -27.1714231942], [-52.9460968168, -27.163319728], [-52.9585911251, -27.1630087386], [-52.9705714084, -27.217366592], [-52.989048391, -27.2179956096], [-52.9996656326, -27.2067567661], [-53.0021656346, -27.1895533825], [-52.983531514, -27.1671287414], [-52.9820636686, -27.156191952], [-52.9933287693, -27.1378038948], [-53.0029772564, -27.1329573761], [-53.0261191655, -27.1567220414], [-53.0382734543, -27.154172649], [-53.0426027297, -27.1455292612], [-53.0423979442, -27.1281268166], [-53.0178990135, -27.0903626246], [-53.0284792163, -27.0801134962], [-53.0580424709, -27.0858509415], [-53.0760538401, -27.1031578351], [-53.0796666138, -27.1149327588], [-53.0702290498, -27.1365798774], [-53.072244385, -27.1578512045], [-53.1335149927, -27.1777683811], [-53.1493646396, -27.1418914685], [-53.1571117001, -27.1381913452], [-53.172356562, -27.1488105844], [-53.1766900685, -27.1785978633], [-53.1881735115, -27.1910586094], [-53.2424444015, -27.1702419375], [-53.2919378972, -27.1961592867], [-53.3104349493, -27.2179639545], [-53.318480817, -27.2160775314], [-53.3189952856, -27.196871781], [-53.2991558298, -27.1598825613], [-53.2927311417, -27.1338773182], [-53.3100275952, -27.1180993676], [-53.3480110903, -27.1171229555], [-53.3629424912, -27.0936763507], [-53.3734894378, -27.0901283885], [-53.393061724, -27.1096196934], [-53.4005525329, -27.1289751293], [-53.4182904965, -27.1432921947], [-53.4577406353, -27.1555817844], [-53.4814301027, -27.134298477], [-53.5013455663, -27.1341973416], [-53.507669174, -27.1447892408], [-53.487920098, -27.1933661874], [-53.4932769648, -27.2032331738], [-53.5164039286, -27.2017978486], [-53.5479838952, -27.1756580536], [-53.5640810485, -27.1729907998], [-53.5897952632, -27.1869562839], [-53.6186328699, -27.1883778266], [-53.6289289813, -27.2126734589], [-53.6419872577, -27.2204108004], [-53.6500303566, -27.2111899544], [-53.6503910126, -27.1764650771], [-53.6662474109, -27.1616689897], [-53.6934596366, -27.1665673943], [-53.7390292905, -27.1924520553], [-53.748265059, -27.1900656755], [-53.7624415317, -27.1537777801], [-53.7758958181, -27.1472804519], [-53.8084784924, -27.1722802292], [-53.8331483204, -27.1691251155], [-53.8358407723, -27.1543674548], [-53.827388268, -27.1458731594], [-53.797558311, -27.1444543302], [-53.7985540225, -27.1359977765], [-53.8169762075, -27.1391464641], [-53.8243872261, -27.1302746685], [-53.8064738782, -27.1252261391], [-53.8061138421, -27.1099891214], [-53.8180071428, -27.1023781809], [-53.8146456133, -27.0983758027], [-53.794588807, -27.1094574297], [-53.7749187824, -27.1016750131], [-53.803390153, -27.0821384199], [-53.7974169989, -27.0660702657], [-53.7812776314, -27.0773812706], [-53.7705004428, -27.0732117775], [-53.7962819144, -27.0588009236], [-53.8012735338, -27.0400002612], [-53.7905936427, -27.0419476847], [-53.7671644649, -27.0668582364], [-53.7578420473, -27.061458286], [-53.7750563008, -27.0494693887], [-53.7838672592, -27.0255248849], [-53.7630298235, -27.0445085458], [-53.758777629, -27.0340667844], [-53.7463698426, -27.0303177088], [-53.7613053498, -27.0063457585], [-53.7495294917, -27.0047450536], [-53.7397465148, -27.0137973298], [-53.7311427822, -27.0043086524], [-53.7424495222, -26.9905622897], [-53.723696266, -26.9926665728], [-53.716445975, -26.9877417223], [-53.7358405246, -26.9738702019], [-53.7291469902, -26.9714306983], [-53.7252206682, -26.9577584449], [-53.7116097188, -26.9643203757], [-53.7038206522, -26.9594975539], [-53.699745921, -26.9522112299], [-53.707170314, -26.932260024], [-53.6784128075, -26.9444460846], [-53.6702979331, -26.9418038057], [-53.6961893655, -26.9279986885], [-53.6723669844, -26.912636351], [-53.6787542118, -26.9074688814], [-53.6713006088, -26.8925568825], [-53.6946469931, -26.8860336447], [-53.6788646593, -26.8687617617], [-53.6951661477, -26.8575842283], [-53.6626977225, -26.8636953632], [-53.6600642468, -26.8562876229], [-53.676281406, -26.8429406137], [-53.6942206833, -26.846202482], [-53.687468444, -26.8363179009], [-53.7097516405, -26.811795416], [-53.6975071095, -26.8134908718], [-53.6994440175, -26.7968418325], [-53.7080295307, -26.7969166513], [-53.7149443166, -26.7785798867], [-53.6988067204, -26.7673823683], [-53.7286932807, -26.7730112701], [-53.7430067005, -26.7621977893], [-53.7235622954, -26.7626052415], [-53.7139360553, -26.7487550264], [-53.7312281521, -26.7302600695], [-53.7356939484, -26.7411086667], [-53.7494692914, -26.7397807875], [-53.7417224761, -26.7298671101], [-53.7568326343, -26.7188649524], [-53.7533364768, -26.7093986332], [-53.747367003, -26.7185776587], [-53.7330785461, -26.7156246117], [-53.7314719432, -26.6996107585], [-53.7426171785, -26.6806232306], [-53.7286667802, -26.6913915175], [-53.7154463781, -26.6823042552], [-53.7298281081, -26.6761301514], [-53.7258122223, -26.6666025606], [-53.7179780298, -26.6664509457], [-53.7241424696, -26.647454805], [-53.7249996938, -26.6577354176], [-53.7333062059, -26.645007469], [-53.7583644081, -26.640638864], [-53.7499810922, -26.6347118554], [-53.7390040787, -26.6432066551], [-53.7402221571, -26.6295327572], [-53.7319173328, -26.6294451437], [-53.7282800621, -26.6166754631], [-53.7342234804, -26.6084176289], [-53.7281952825, -26.6066652451], [-53.7311438819, -26.5861524855], [-53.7234200253, -26.5883164278], [-53.721194058, -26.561937074], [-53.7060566546, -26.5593443272], [-53.7180569714, -26.5568874807], [-53.7352280277, -26.5658727663], [-53.7352514929, -26.5595919982], [-53.7240019327, -26.5587213578], [-53.7236928785, -26.5536728221], [-53.7404421729, -26.544915308], [-53.7290066753, -26.5387828778], [-53.7226170252, -26.5420026116], [-53.7235604452, -26.5335638173], [-53.7155331603, -26.5258682443], [-53.7255583575, -26.5250656657], [-53.7288608074, -26.502633661], [-53.7028664164, -26.5078094791], [-53.707279156, -26.4999826499], [-53.7020897154, -26.4900077358], [-53.6943377905, -26.4898469395], [-53.6989704942, -26.478384428], [-53.6946403953, -26.4747722381], [-53.701426681, -26.4729318374], [-53.7061142167, -26.4807829549], [-53.7141140621, -26.470482088], [-53.702972193, -26.4627424995], [-53.6967501645, -26.4683866455], [-53.695563979, -26.4549811652], [-53.7030261357, -26.4413231145], [-53.6875243487, -26.443403857], [-53.6874729946, -26.4282470738], [-53.6922800423, -26.429709719], [-53.6972007658, -26.4153334018], [-53.7045884023, -26.4144923188], [-53.6957485638, -26.402249479], [-53.7085247255, -26.387348552], [-53.7000895411, -26.3874394347], [-53.6988873251, -26.3633383704], [-53.6891716462, -26.3592190528], [-53.6950644263, -26.354764001], [-53.6885537486, -26.353882626], [-53.6843941033, -26.336155169], [-53.670476575, -26.3301488292], [-53.672587443, -26.3243040985], [-53.6437585434, -26.2830699153], [-53.6432337821, -26.2526472383], [-53.6251889824, -26.2598878007], [-53.5864761669, -26.2555538951], [-53.5798658976, -26.2738163438], [-53.5498879339, -26.2930865015], [-53.522218415, -26.2920872568], [-53.4967085483, -26.3023650924], [-53.4744971519, -26.2888616558], [-53.4607052581, -26.2947321932], [-53.4222583842, -26.2756017545], [-53.3750928003, -26.2415664608], [-53.3635489612, -26.2514132333], [-53.3560825743, -26.2487129101], [-53.350397764, -26.254546704], [-53.3452451083, -26.2464228863], [-53.308009086, -26.2606756333], [-53.2828046903, -26.2454884835], [-53.2798001651, -26.2594078693], [-53.2731496666, -26.2603012819], [-53.2592659629, -26.2795600872], [-53.2617016043, -26.2878362935], [-53.2544724457, -26.2887520051], [-53.2518809496, -26.2986041614], [-53.2455110685, -26.2972251256], [-53.1839687532, -26.3433846473], [-53.1615080082, -26.3513090774], [-53.1530402695, -26.3436302901], [-53.1453088347, -26.3452305817], [-53.1239280262, -26.3738952239], [-53.0938587294, -26.3826483285], [-53.090180206, -26.3900354588], [-53.0463161029, -26.3802403189], [-52.9877020568, -26.3461154549], [-52.9371068211, -26.3616761489], [-52.9162657053, -26.3550880343], [-52.8719302673, -26.3591011505], [-52.8474986458, -26.343501592], [-52.8420376233, -26.3477533121], [-52.8139258224, -26.3439668092], [-52.7905040706, -26.3520285355], [-52.7749001464, -26.3474450849], [-52.7629603218, -26.3531894897], [-52.7372695864, -26.3416992801], [-52.7183647948, -26.3568892153], [-52.6780958367, -26.3522070222], [-52.657748859, -26.3743104871], [-52.6206233528, -26.3950354114], [-52.6162297924, -26.4071936031], [-52.6021689722, -26.4149872866], [-52.5785087907, -26.4077794943], [-52.5556281981, -26.4115245163], [-52.5232723894, -26.399497468], [-52.4952417442, -26.4196814357], [-52.4762167168, -26.4209770835], [-52.458639953, -26.4406526196], [-52.4187033037, -26.436872356], [-52.4006048475, -26.4227026209], [-52.3756107514, -26.4403948239], [-52.3668532238, -26.4322326146], [-52.3526327839, -26.440873644], [-52.3414479107, -26.4338739404], [-52.3359937615, -26.4424522452], [-52.3045452321, -26.4402681883], [-52.281977427, -26.4630079258], [-52.2484578594, -26.4546245925], [-52.241539801, -26.4631178707], [-52.2199185145, -26.4654767632], [-52.1851661364, -26.4449347875], [-52.1572804924, -26.4714931305], [-52.1335501665, -26.47001665], [-52.0998901236, -26.4811823706], [-52.0933955318, -26.5128372109], [-52.0875528787, -26.508856794], [-52.0779899283, -26.5263014522], [-52.0647614737, -26.5227130482], [-52.0207379701, -26.5482332021], [-52.0107487327, -26.5660764013], [-51.9711395928, -26.5675047369], [-51.9593933451, -26.5741631186], [-51.9474174117, -26.5690768337], [-51.9278541417, -26.5843845322], [-51.9007156536, -26.5797677058], [-51.8838664291, -26.5858373052], [-51.8738833766, -26.5999258459], [-51.8546203775, -26.5920172657], [-51.8433096148, -26.5945962445], [-51.819061384, -26.5791781919], [-51.7858146156, -26.5897807275], [-51.7336488167, -26.5748403344], [-51.694570348, -26.5829603557], [-51.6645788715, -26.5656054232], [-51.6331388947, -26.5883317819], [-51.5297183412, -26.5919820887], [-51.5110759772, -26.583275007], [-51.4991704576, -26.5852539799], [-51.4836124407, -26.6116068458], [-51.4870522403, -26.6227092343], [-51.4683290416, -26.6207385206], [-51.4542548766, -26.6401774236], [-51.4552999962, -26.653609832], [-51.4390701537, -26.6667357477], [-51.434860246, -26.6876483397], [-51.4066627342, -26.7001458353], [-51.4110396424, -26.7168085625], [-51.3982364924, -26.710437542], [-51.3925502443, -26.6977823224], [-51.3924254047, -26.6850387531], [-51.4054159453, -26.6756848393], [-51.3907591543, -26.6634203138], [-51.3314146583, -26.6468100511], [-51.323312746, -26.656443081], [-51.3106103353, -26.6514782032], [-51.2829331973, -26.6535146563], [-51.2822379116, -26.6421109072], [-51.2742639559, -26.6415894959], [-51.2770932102, -26.6358154046], [-51.2669558083, -26.6375791647], [-51.2581568672, -26.6253512391], [-51.2388796144, -26.6279089629], [-51.2373450999, -26.6186706734], [-51.2293876486, -26.6158310722], [-51.2373454147, -26.6040398521], [-51.2236359473, -26.5928764433], [-51.2241560212, -26.5759045273], [-51.2154822246, -26.569648387], [-51.228232739, -26.5616687008], [-51.2232953105, -26.5503176872], [-51.2401254939, -26.5447087895], [-51.2509294405, -26.5203886015], [-51.2718119231, -26.5048375625], [-51.268553844, -26.4995422403], [-51.2738062426, -26.4966111719], [-51.2607690735, -26.4907003024], [-51.2661065416, -26.4819184569], [-51.250468093, -26.4738626869], [-51.2600938845, -26.4702666257], [-51.2534980644, -26.4630291907], [-51.2782912541, -26.4580105051], [-51.2740782633, -26.4454761899], [-51.2912117017, -26.4366640148], [-51.2987179547, -26.4186738759], [-51.2871570506, -26.413863367], [-51.2887285836, -26.3996115697], [-51.2754764856, -26.4014715154], [-51.2777909219, -26.3899948986], [-51.2522228955, -26.3758720505], [-51.2596765735, -26.3584647114], [-51.2508930759, -26.3480044614], [-51.2559722556, -26.3400266122], [-51.2425948649, -26.3242377112], [-51.2165438655, -26.3152656021], [-51.2069368617, -26.2961952995], [-51.1933463944, -26.301516826], [-51.1633441874, -26.2910459199], [-51.1633778903, -26.2830376308], [-51.1559031784, -26.2799478208], [-51.1375671002, -26.2856380993], [-51.1361813018, -26.2791871693], [-51.1044825567, -26.274951512], [-51.0795464512, -26.2277740781], [-51.0547108227, -26.2445032775], [-50.9999891739, -26.2300061054], [-50.9727030491, -26.246515925], [-50.9696310652, -26.2636840412], [-50.9527879837, -26.2691455359], [-50.9442087658, -26.2820313981], [-50.9313409368, -26.2678604775], [-50.9440388081, -26.2400921352], [-50.9349491413, -26.2331235024], [-50.907625659, -26.2511074648], [-50.9087356404, -26.2844017592], [-50.9014905011, -26.2889989645], [-50.881549069, -26.2775893301], [-50.8706218605, -26.2417239461], [-50.8626513565, -26.2420661256], [-50.838885772, -26.271061834], [-50.8316769211, -26.2663655305], [-50.8271289391, -26.2468777577], [-50.7928152257, -26.2272588957], [-50.7579561331, -26.2212370445], [-50.745961543, -26.229265619], [-50.7430430759, -26.2480811561], [-50.7180179174, -26.2443031951], [-50.7147068931, -26.2380772345], [-50.7313214122, -26.2029343716], [-50.7042878296, -26.188271827], [-50.6767159662, -26.1453718558], [-50.6521107476, -26.1328216135], [-50.6466052859, -26.1244562507], [-50.6567919805, -26.1025586308], [-50.6279985958, -26.062641333], [-50.5941403852, -26.070642981], [-50.570770468, -26.0665443291], [-50.5511775258, -26.0532844185], [-50.5549143777, -26.0414912103], [-50.5813791868, -26.048493594], [-50.591670289, -26.0420887912], [-50.5912127877, -26.0216660097], [-50.5723376598, -26.002983117], [-50.5629290485, -26.0060428725], [-50.5471291857, -26.0397160532], [-50.5130884218, -26.0257192638], [-50.5041894223, -26.0315929316], [-50.5011939808, -26.022509262], [-50.4795413709, -26.0262296632], [-50.4756033893, -26.034024282], [-50.4767735349, -26.0237389023], [-50.4710492745, -26.0208613991], [-50.4680728374, -26.02707446], [-50.4592462591, -26.0266000209], [-50.458670508, -26.036742815], [-50.4539323085, -26.0314500647], [-50.4446683773, -26.0338994218], [-50.4415336071, -26.0367577774], [-50.4497062631, -26.0434965706], [-50.4342367789, -26.0605634805], [-50.4068424742, -26.0652844894], [-50.4029358102, -26.0572621148], [-50.3706795719, -26.0799473061], [-50.3610001502, -26.0942349847], [-50.3697356083, -26.1100406709], [-50.3606135415, -26.1100328154], [-50.3404056855, -26.1301676313], [-50.332039167, -26.1340956781], [-50.3282568577, -26.1286312706], [-50.3231225579, -26.1344601251], [-50.3216750489, -26.1254978751], [-50.3335135875, -26.1252681108], [-50.3248400374, -26.1233879395], [-50.3319840396, -26.1078011699], [-50.3251604363, -26.0981415779], [-50.3315875497, -26.0832251592], [-50.3217081232, -26.0803877269], [-50.3177318303, -26.0680878815], [-50.2983728493, -26.0549001706], [-50.2763875149, -26.0513033525], [-50.2678276517, -26.0420900388], [-50.2515364387, -26.0508453465], [-50.2510446193, -26.0297501265], [-50.235457274, -26.035827583], [-50.2236315242, -26.0602891477], [-50.2093760667, -26.0566900857], [-50.1807940638, -26.0793712057], [-50.1553976382, -26.0415763316], [-50.1631558285, -26.0362316563], [-50.1641816867, -26.0426955129], [-50.1710521831, -26.0421068257], [-50.1820511511, -26.0339596795], [-50.1713847571, -26.0246839943], [-50.141528721, -26.0271280316], [-50.1519981928, -26.0508033068], [-50.1483415775, -26.0597736258], [-50.1342679329, -26.043006234], [-50.1205907657, -26.0638747746], [-50.1179148046, -26.051317664], [-50.1099102282, -26.0588153114], [-50.0915843217, -26.0432016251], [-50.0843408522, -26.0230650953], [-50.0769691106, -26.0467862854], [-50.0724656615, -26.0345307162], [-50.0562500692, -26.0362799136], [-50.039729309, -26.0264896633], [-50.0061804325, -26.0454480494], [-50.0027581219, -26.0384255648], [-50.0110685803, -26.0135257639], [-49.9753317888, -26.0137032388], [-49.962931727, -26.0261096627], [-49.9658426587, -26.0401329096], [-49.9771341292, -26.052836602], [-49.9723074722, -26.057855582], [-49.9475280901, -26.0304963484], [-49.9597245778, -26.0197187856], [-49.94136175, -26.0080130168], [-49.9337883669, -26.0182997584], [-49.9402007795, -26.0250315324], [-49.9348455205, -26.0316872347], [-49.9148397755, -26.0246056617], [-49.8978080417, -26.0338425264], [-49.8913109513, -26.0289063163], [-49.8650410504, -26.034666612], [-49.8702855455, -26.0433134471], [-49.8615906497, -26.0554380169], [-49.8416498998, -26.0640849688], [-49.8309549935, -26.0529805475], [-49.8333383714, -26.0666969873], [-49.8431430419, -26.0724734163], [-49.8397313302, -26.0759168026], [-49.8306197623, -26.068329003], [-49.8242246609, -26.092628296], [-49.8079485279, -26.0877578598], [-49.8017580937, -26.1095690512], [-49.7893999618, -26.1120713118], [-49.787123428, -26.0979413809], [-49.7762303748, -26.1193687111], [-49.7678693063, -26.1099157053], [-49.7782869834, -26.1069477177], [-49.7751156532, -26.1002941273], [-49.7675632666, -26.1043127624], [-49.7641737324, -26.1133657998], [-49.7507889104, -26.1191541113], [-49.7481181455, -26.1395038201], [-49.724420114, -26.1432650299], [-49.7365303361, -26.156616623], [-49.7261756366, -26.1706092004], [-49.7102022946, -26.1539080665], [-49.6881589773, -26.1764923095], [-49.6762517808, -26.1754852881], [-49.6899640586, -26.1881290269], [-49.6801390913, -26.1856752281], [-49.6738095906, -26.1909357236], [-49.6733367383, -26.1837241917], [-49.66335208, -26.1911531322], [-49.6527258657, -26.1867263227], [-49.6457023955, -26.2094457039], [-49.6335922815, -26.201356883], [-49.6363978279, -26.1905398485], [-49.6299225862, -26.1905058994], [-49.625509989, -26.2008865622], [-49.6347589552, -26.2081514499], [-49.6211084626, -26.2152190418], [-49.6142788713, -26.2069611059], [-49.6116450694, -26.2134030705], [-49.6056665895, -26.2113612675], [-49.6004361988, -26.2280767247], [-49.5982411784, -26.22088395], [-49.5871176261, -26.216973163], [-49.5912626757, -26.2296738176], [-49.5778977174, -26.2265522455], [-49.5774359902, -26.2135256927], [-49.5667797118, -26.2328044636], [-49.554605951, -26.2368482749], [-49.5470587904, -26.2297491603], [-49.5515910646, -26.2245980636], [-49.5378642889, -26.2296168658], [-49.5403318197, -26.21310196], [-49.5187603191, -26.2266922399], [-49.4960837017, -26.2208292479], [-49.4906070379, -26.2095924043], [-49.4994841912, -26.2030069211], [-49.4864437863, -26.1941291095], [-49.4864439445, -26.1800735815], [-49.47900728, -26.1854206909], [-49.458667692, -26.1622241106], [-49.4382231416, -26.1638917508], [-49.4360904301, -26.1718436158], [-49.4167714169, -26.1649875576], [-49.4161655199, -26.1527323697], [-49.4062777742, -26.1611578035], [-49.3995423241, -26.1502334649], [-49.3895549274, -26.1598165202], [-49.3698115666, -26.1554750223], [-49.3712867921, -26.1484114749], [-49.3605372083, -26.1368903941], [-49.3338034069, -26.1244074476], [-49.3212421154, -26.1096602686], [-49.302906102, -26.1130495169], [-49.2976072772, -26.1093706324], [-49.3002639225, -26.103863451], [-49.2893039571, -26.1022213709], [-49.2960226836, -26.0862142855], [-49.2865446856, -26.0782179791], [-49.2766255446, -26.0825385626], [-49.2654947047, -26.0785411809], [-49.2664648879, -26.0666772053], [-49.2551099411, -26.0669106021], [-49.2517625938, -26.0468637562], [-49.2421954458, -26.0436332391], [-49.2375348825, -26.0308703445], [-49.2107103183, -26.0250295473], [-49.2068212483, -26.0169813634], [-49.1748057139, -26.0013654142], [-49.1407821964, -26.015077493], [-49.1250825488, -25.9957610218], [-49.1124205081, -26.0047873944], [-49.1065800722, -25.9986266941], [-49.1026697878, -26.0075041052], [-49.0930195806, -26.0098119515], [-49.0904727822, -26.002828232], [-49.0784169493, -26.0063270328], [-49.0706440566, -25.9985901334], [-49.0682219488, -26.0090064318], [-49.0547485592, -26.0200653678], [-49.0461485159, -26.0186531839], [-49.0404565401, -26.0035502314], [-49.029190877, -26.0034670131], [-49.0202221516, -26.0149217627], [-49.0066467444, -26.0152003509], [-48.9837236385, -26.0040623222], [-48.9779529595, -25.988491405], [-48.9615237221, -25.9837228188], [-48.9613271347, -25.9904496615], [-48.9502432143, -25.9896716209], [-48.9603199209, -25.9805311858], [-48.6801908714, -25.980576291], [-48.6690105177, -25.9787887402], [-48.6444983549, -25.9555923981], [-48.6372260979, -25.9604397798], [-48.6331727564, -25.9771755212], [-48.6202670394, -25.9738145702], [-48.6201670835, -25.9815675695], [-48.6097598449, -25.9837162735], [-48.6105529162, -25.9790289188], [-48.5941024476, -25.9766052171], [-48.6061333902, -26.0663430765], [-48.5991788233, -26.0724073652], [-48.596597491, -26.1242212055], [-48.5805056394, -26.1647825147], [-48.5676124354, -26.1701920749], [-48.5259012204, -26.164727795], [-48.5211116609, -26.2141157141], [-48.5082684473, -26.226248825], [-48.492334129, -26.2187665859], [-48.5365011998, -26.2913711983], [-48.5645539365, -26.360683003], [-48.5918058219, -26.4063084404], [-48.598165889, -26.430358416], [-48.5931073846, -26.4534091794], [-48.6138365405, -26.4782804528], [-48.6637540616, -26.5743390497], [-48.6759523768, -26.6132238637], [-48.6863714828, -26.6875870386], [-48.6783722308, -26.6979836956], [-48.6811535794, -26.7179623515], [-48.6708972767, -26.7619394202], [-48.6519117407, -26.7709393667], [-48.6469338821, -26.7613145376], [-48.6197623024, -26.7886291626], [-48.6056871265, -26.788497785], [-48.5985004081, -26.7714723756], [-48.5950921904, -26.7827591427], [-48.584884453, -26.7827998502], [-48.584274475, -26.7954430764], [-48.5954213731, -26.8017796827], [-48.6021455747, -26.8266018806], [-48.6204630077, -26.8261253654], [-48.6277152277, -26.8351747912], [-48.6427873738, -26.9012013492], [-48.6403627498, -26.9195927461], [-48.6305839236, -26.92829853], [-48.6209117519, -26.925259681], [-48.6267758034, -26.9364777573], [-48.6255800479, -26.9711854528], [-48.6328770922, -26.9717578653], [-48.6339992967, -26.9778189251], [-48.6207622768, -26.9992777095], [-48.6000344829, -27.0029148557], [-48.6019307195, -26.9950742586], [-48.5889135343, -26.9967331293], [-48.5865873598, -26.9915205671], [-48.5799197651, -26.9938141473], [-48.5765405732, -27.0090520763], [-48.5667426624, -27.0073614542], [-48.5917279995, -27.0613580233], [-48.5935760834, -27.0722312337], [-48.5867922341, -27.0802692201], [-48.6118660155, -27.0999442999], [-48.6021554703, -27.1246305653], [-48.5840546547, -27.1452189655], [-48.5488315658, -27.1570854383], [-48.5330275484, -27.1475023976], [-48.5373895471, -27.1428905249], [-48.5247631746, -27.1293897149], [-48.5300325103, -27.1285386686], [-48.5276140101, -27.1236887863], [-48.5210062025, -27.1183214097], [-48.5157574002, -27.1215680076], [-48.5067795497, -27.1108290002], [-48.5034932233, -27.1145683463], [-48.5122028506, -27.1320006925], [-48.5014813645, -27.1454350851], [-48.4839889024, -27.1486768084], [-48.4786667164, -27.1348184697], [-48.4751172465, -27.1464965155], [-48.4651520485, -27.1446894263], [-48.4979787673, -27.1691393713], [-48.4986887905, -27.1922180205], [-48.4909734636, -27.2023500735], [-48.4769992975, -27.1996886057], [-48.4865800601, -27.2109603333], [-48.5169969271, -27.2204917792], [-48.5001502161, -27.2009281625], [-48.5145629844, -27.1849509345], [-48.5296990093, -27.1808969683], [-48.5398850393, -27.1822341897], [-48.5791532088, -27.2114736812], [-48.6034537712, -27.2176025598], [-48.6096645951, -27.2262256843], [-48.6152431317, -27.274117275], [-48.5957607468, -27.3160989438], [-48.5855279301, -27.3201182507], [-48.5808118433, -27.3121347647], [-48.5646048415, -27.3076342925], [-48.5642452414, -27.3142468477], [-48.5542372953, -27.3132608112], [-48.5532167702, -27.3038683868], [-48.5399492558, -27.2978233046], [-48.5384879221, -27.323999909], [-48.5236541888, -27.3336404219], [-48.5368917316, -27.3569495839], [-48.5258078479, -27.3756880865], [-48.5335168647, -27.3826120203], [-48.5322992972, -27.3991292711], [-48.5486610837, -27.410570504], [-48.5420949428, -27.4201216415], [-48.5517230633, -27.433188264], [-48.5799703696, -27.4481858163], [-48.6043534877, -27.4410886568], [-48.6060972878, -27.4236169638], [-48.6080842836, -27.4309945642], [-48.6050748359, -27.4411615112], [-48.5850247922, -27.4538085436], [-48.5407615323, -27.4356597482], [-48.5260377334, -27.4078715293], [-48.4826811216, -27.3793259354], [-48.4160393821, -27.3813274839], [-48.4096823849, -27.385258575], [-48.4093978481, -27.4056996534], [-48.389113304, -27.4370352805], [-48.3711718786, -27.4445402693], [-48.3650397769, -27.4334950798], [-48.3583100425, -27.4412941078], [-48.3594001315, -27.4482080343], [-48.3700609269, -27.4513232402], [-48.3752964991, -27.4817428108], [-48.3878068682, -27.4879139499], [-48.4252406708, -27.5417280285], [-48.4272651975, -27.5693121151], [-48.423049563, -27.5754828369], [-48.4127747941, -27.572899573], [-48.4190924616, -27.5930410971], [-48.426750553, -27.594378248], [-48.4350582239, -27.6072714893], [-48.4317338037, -27.616915899], [-48.4391271586, -27.6178279795], [-48.4639668559, -27.646647283], [-48.4809054677, -27.690747293], [-48.5007157308, -27.7141858736], [-48.5062978734, -27.7447120847], [-48.4980633474, -27.7469796778], [-48.4952572136, -27.7563564787], [-48.4767567088, -27.7615503263], [-48.4751610164, -27.7693366778], [-48.4823757892, -27.7691460411], [-48.4874652905, -27.7780093858], [-48.48314235, -27.7835381462], [-48.498792239, -27.7939641817], [-48.5067907103, -27.7902474937], [-48.5066149935, -27.7823696869], [-48.5261730671, -27.7859470819], [-48.5439485563, -27.8300079653], [-48.5677462319, -27.8469617461], [-48.5754593869, -27.8423371607], [-48.578883669, -27.8523868214], [-48.5860737556, -27.8472856916], [-48.5974678441, -27.8527581148], [-48.5994346401, -27.8779562457], [-48.5914138447, -27.8848031504], [-48.5741585308, -27.8770982629], [-48.5734899189, -27.8895770427], [-48.5828682955, -27.9054941003], [-48.5989641858, -27.9159110537], [-48.6241367733, -27.9584944126], [-48.619132872, -27.9624022214], [-48.6306152849, -27.9942076452], [-48.62976834, -28.0106679252], [-48.6169801332, -28.0230814952], [-48.6090403131, -28.0162866526], [-48.5983640196, -28.0299005412], [-48.6096026541, -28.0402528064], [-48.6095071099, -28.0620095207], [-48.6312440164, -28.0833559149], [-48.6370065228, -28.1041498017], [-48.6302237407, -28.1075721403], [-48.6354693481, -28.1170123054], [-48.6303989255, -28.1185849719], [-48.6426905172, -28.1318807411], [-48.6360165829, -28.1388216092], [-48.6533995302, -28.1546422962], [-48.6630993302, -28.1814311677], [-48.6574064779, -28.1950443078], [-48.6671021975, -28.2152817558], [-48.6612220163, -28.2302576817], [-48.6537465172, -28.2330170916], [-48.649885779, -28.2270146328], [-48.6459619899, -28.2334866141], [-48.6766962977, -28.2565249769], [-48.7067515521, -28.3131961444], [-48.7089391138, -28.3309894282], [-48.6979593178, -28.3370475352], [-48.7269972061, -28.3636603453], [-48.7405915546, -28.3863114854], [-48.7475172691, -28.4129086458], [-48.7386451785, -28.4226981767], [-48.7588734111, -28.443502886], [-48.767192606, -28.4750722523], [-48.7637205105, -28.490961409], [-48.7464519553, -28.4947089623], [-48.7425199194, -28.5075880542], [-48.7552843984, -28.5159740922], [-48.7571525588, -28.5376965869], [-48.7814456271, -28.5516249253], [-48.783185286, -28.5689890496], [-48.7908455458, -28.5679789584], [-48.8133537103, -28.5896171459], [-48.8092914788, -28.6050287551], [-48.8545895831, -28.6150074781], [-48.9080045963, -28.6377046771], [-48.9964114997, -28.6845727431], [-49.1836063764, -28.7998030851], [-49.2905876847, -28.8825287323], [-49.4208918558, -28.9961002278], [-49.5135803452, -29.0924972481], [-49.6443519695, -29.2389739872], [-49.7112076455, -29.3253603955], [-49.7443058128, -29.32814306], [-49.7429685516, -29.3200456687], [-49.7297609738, -29.3172309623], [-49.7433436112, -29.3109271187], [-49.7382674578, -29.3011016976], [-49.7726513882, -29.2979835501], [-49.7913141649, -29.285127534], [-49.817122759, -29.2859024633], [-49.8239586307, -29.27773273], [-49.8382799854, -29.2786626075], [-49.8467132742, -29.2731449645], [-49.8415985739, -29.2601521456], [-49.8543740684, -29.2565777922], [-49.8484625364, -29.2466328011], [-49.8569593321, -29.244277721], [-49.8597459938, -29.2307908966], [-49.8687003085, -29.2241316603], [-49.9132995469, -29.2074217863], [-49.9349698635, -29.207853698], [-49.9620067728, -29.198705633], [-49.9730228294, -29.2132102165], [-49.996358874, -29.2274674123], [-50.0067367441, -29.2249766849], [-50.0636546485, -29.2432887613], [-50.0653086206, -29.2489051475], [-50.1141735709, -29.2588115711], [-50.1079897715, -29.280334114], [-50.092412777, -29.2963962828], [-50.0627246117, -29.3115856248], [-50.0367822569, -29.3509380553], [-50.0494276455, -29.3388904514], [-50.0645348295, -29.3408796975], [-50.0572695671, -29.327241409], [-50.0727785439, -29.3274167891], [-50.0640557743, -29.3212203644], [-50.072387822, -29.3196929689], [-50.0862784182, -29.3229945931], [-50.0893458579, -29.3103492542], [-50.1010146236, -29.3100916562], [-50.1095825601, -29.3044542958], [-50.1064319633, -29.2978197207], [-50.1178963517, -29.2971536146], [-50.123052075, -29.2813751171], [-50.1303976066, -29.2855751831], [-50.128399923, -29.3032152541], [-50.135683805, -29.2988275116], [-50.141148428, -29.2876293599], [-50.1472489594, -29.2877781475], [-50.1447671782, -29.2830460464], [-50.1500780402, -29.2844470259], [-50.144500604, -29.2757581904], [-50.1455199283, -29.2576695399], [-50.1380233292, -29.2545365562], [-50.1504266427, -29.2576259951], [-50.1497687759, -29.2492842568], [-50.1744724059, -29.2492236824], [-50.1411679016, -29.2377491789], [-50.1416779266, -29.2305810054], [-50.1500584272, -29.2295010827], [-50.1472957505, -29.2195768186], [-50.1327483196, -29.2161353501], [-50.1333955824, -29.2083899624], [-50.1401986716, -29.2014536602], [-50.1520434901, -29.2013752123], [-50.1387586256, -29.192205377], [-50.1372462243, -29.1990337901], [-50.122784056, -29.1975898729], [-50.1293633513, -29.201443071], [-50.0933073299, -29.2128790572], [-50.1009761444, -29.2248185565], [-50.1127217979, -29.2249616428], [-50.1081469498, -29.230058843], [-50.1115003877, -29.2398341318], [-50.0925027, -29.2233020335], [-50.0982405049, -29.2358044314], [-50.0834637959, -29.2275300513], [-50.0849351326, -29.2151631908], [-50.0926158993, -29.220594831], [-50.0854437763, -29.1988799377], [-50.0922183281, -29.1987514075], [-50.0851964075, -29.1931858962], [-50.0927097649, -29.1951027607], [-50.0882334115, -29.1842509481], [-50.0971135199, -29.1801384624], [-50.0934145207, -29.1758550468], [-50.0989176946, -29.1634376049], [-50.0801194663, -29.1553762905], [-50.0665137413, -29.1589888509], [-50.0775106681, -29.1572346981], [-50.0919598921, -29.1670224195], [-50.0897381584, -29.1751009164], [-50.0788915621, -29.1754825812], [-50.0856349726, -29.1783251938], [-50.0757144384, -29.1825758617], [-50.0760891227, -29.1898559326], [-50.0601057503, -29.1764918031], [-50.0653526514, -29.1910271696], [-50.0342087706, -29.1765611147], [-50.014319919, -29.181223793], [-50.0276514079, -29.1706119523], [-50.0265067308, -29.1639426079], [-50.0175841779, -29.1636059481], [-50.018910078, -29.1539643039], [-50.009372647, -29.1568878536], [-50.0047406657, -29.1504390337], [-50.0053904623, -29.1341700221], [-50.0135549957, -29.1277944455], [-49.9965385465, -29.1327421676], [-49.9898397907, -29.1282739763], [-49.9863722911, -29.1361644221], [-49.9916818639, -29.1183570916], [-49.9623680675, -29.1174870368], [-49.9694832806, -29.1041329837], [-49.9623631557, -29.0998933506], [-49.9669874056, -29.0834910462], [-49.954009592, -29.0850372741], [-49.9597488837, -29.0705087073], [-49.9477070702, -29.0692650538], [-49.9516784404, -29.0625486064], [-49.9420332608, -29.0642770425], [-49.9395704204, -29.0567070911], [-49.9456494549, -29.0551695556], [-49.9564248276, -29.0657468301], [-49.986972782, -29.0686471604], [-49.9881386456, -29.0752271781], [-49.9910055298, -29.0696649313], [-50.0069549373, -29.0717246053], [-49.9587166833, -29.0489240813], [-49.9550068897, -29.0350384876], [-49.9454479282, -29.0327964157], [-49.937839372, -29.0205094265], [-49.9642896638, -29.0221251766], [-49.9510099852, -28.9990175799], [-49.94558544, -28.9955385528], [-49.9414090435, -29.0010297327], [-49.9435188236, -28.985494719], [-49.9380140858, -28.978262965], [-49.9356513433, -28.9848016079], [-49.9194015996, -28.9779211667], [-49.9338830072, -28.9740098379], [-49.9373183878, -28.9649491506], [-49.9560478427, -28.9613290674], [-49.9553224157, -28.9464735114], [-49.9706768391, -28.9238458216], [-49.9546864202, -28.874776677], [-49.9716365942, -28.8802600287], [-49.9607924809, -28.8322192065], [-49.9694849585, -28.8285889033], [-49.9686113372, -28.8226951801], [-49.9623170437, -28.8011469697], [-49.9464392123, -28.805742109], [-49.9585261784, -28.7788264311], [-49.9456417932, -28.7654316585], [-49.9496215159, -28.7547454678], [-49.936427531, -28.7585723088], [-49.9215099646, -28.7456668877], [-49.9348942826, -28.727627821], [-49.9047386419, -28.7068140389], [-49.9141515222, -28.7244330679], [-49.904230393, -28.7198391836], [-49.8938833149, -28.7242671155], [-49.8847937015, -28.7180779556], [-49.8812497254, -28.7209607096], [-49.8913536514, -28.7391418376], [-49.888124524, -28.7462041618], [-49.8751712078, -28.7444018964], [-49.8796791596, -28.7358102006], [-49.8657075862, -28.7206629949], [-49.8702159907, -28.7207392346], [-49.8658323291, -28.7150013187], [-49.8711701455, -28.7038528907], [-49.8599686319, -28.6995693131], [-49.8627856489, -28.7025808708], [-49.8459199866, -28.7049787799], [-49.8390616743, -28.7144728783], [-49.8386603056, -28.701761196], [-49.8202682115, -28.6934342885], [-49.8356951925, -28.6848623038], [-49.8370659747, -28.6666928062], [-49.8290811116, -28.6685630123], [-49.812270892, -28.6580406874], [-49.8087638388, -28.6537329799], [-49.8179373435, -28.6536115009], [-49.8168372407, -28.6401666006], [-49.7881011056, -28.6127708559], [-49.7820510662, -28.6109118232], [-49.7804161028, -28.6297918447], [-49.7577312454, -28.6150644957], [-49.7541786493, -28.6284738146], [-49.7277754733, -28.6229274497], [-49.7069068595, -28.63027021], [-49.6930996644, -28.6245275354], [-49.6984462285, -28.6062069372], [-49.7093812931, -28.6042140144], [-49.7110028959, -28.5728910335], [-49.719456865, -28.5764764735], [-49.7299878676, -28.5515575157], [-49.7484997967, -28.5451597153], [-49.7462737499, -28.5357618354], [-49.7266049935, -28.5187837936], [-49.7435661071, -28.5064517294], [-49.7393156124, -28.4995581705], [-49.7448620128, -28.4934340606], [-49.7622150881, -28.5017116183], [-49.770534079, -28.4924877592], [-49.7642271702, -28.4595656055], [-49.781334367, -28.471693423], [-49.782915172, -28.4957728219], [-49.8023274369, -28.4834310396], [-49.8100843843, -28.4673801641], [-49.8164737522, -28.4686333464], [-49.8105432173, -28.4833542331], [-49.8254196497, -28.4777473439], [-49.839325279, -28.4957566501], [-49.8449510144, -28.4928190838], [-49.8409070919, -28.4843875263], [-49.8658609309, -28.4872168958], [-49.8631850749, -28.4624109416], [-49.8769160122, -28.4541835975], [-49.8543385324, -28.443511024], [-49.8708193073, -28.4406107711], [-49.8825761771, -28.4469257507], [-49.8925909547, -28.4395853292], [-49.8971622111, -28.4445164884], [-49.8881495309, -28.4575990961], [-49.8999171444, -28.4635481899], [-49.9282463691, -28.4506638404], [-49.9375028505, -28.4579863544], [-49.928081438, -28.4703424392], [-49.9437252851, -28.4819696918], [-49.9518383601, -28.4499627504], [-49.9663657651, -28.4550241098], [-49.9710608993, -28.4386876317], [-49.9880090743, -28.4443813568], [-49.9871337724, -28.4554552265], [-50.019136318, -28.4511052645], [-50.0251106334, -28.4707995516], [-50.0358526667, -28.4773825599], [-50.0723239995, -28.4801009147], [-50.0859654306, -28.4724085565], [-50.0993652261, -28.4851126451], [-50.1073481805, -28.4726293202], [-50.1260370891, -28.4726169431], [-50.1260977268, -28.4631536579], [-50.1108677828, -28.4447081732], [-50.1262337196, -28.4286110313], [-50.1260526109, -28.4372166081], [-50.1451650412, -28.4460123857], [-50.1469164668, -28.4591309019], [-50.1596573014, -28.4600547726], [-50.1388793141, -28.4942178669], [-50.1566907789, -28.4972542117], [-50.1660920852, -28.4674572838], [-50.1782603279, -28.4513531728], [-50.2041246883, -28.4449474872], [-50.2225632413, -28.4624650947], [-50.2341716271, -28.4574989457], [-50.2470964973, -28.4284326962], [-50.2631998285, -28.4424857658], [-50.2512704654, -28.4485326659], [-50.2711582671, -28.4562640516], [-50.2917728653, -28.4505845258], [-50.2998079721, -28.4400444703], [-50.3277757152, -28.4337744762], [-50.3388557439, -28.4398903955], [-50.3362272315, -28.4580817533], [-50.3452592035, -28.4628831206], [-50.3510280514, -28.4548233322], [-50.3478815929, -28.428168704], [-50.3566686531, -28.4203119063], [-50.3678070013, -28.4217717786], [-50.3782018561, -28.4457367258], [-50.3962084397, -28.4325148821], [-50.4304894931, -28.432177613], [-50.4555781799, -28.410287532], [-50.4984634373, -28.4121769823], [-50.5228956474, -28.4028102181], [-50.5308817986, -28.4056682184], [-50.5312011873, -28.4277660598], [-50.5436429645, -28.4266578992], [-50.591189191, -28.3816721737], [-50.6118729897, -28.3927090236], [-50.6246147735, -28.3909885373], [-50.6322769783, -28.3790046648], [-50.6278507626, -28.3635525972], [-50.6646144429, -28.3374738715], [-50.658898306, -28.3215655774], [-50.6940548121, -28.2882641161], [-50.6978188684, -28.2661998635], [-50.748716399, -28.2484428698], [-50.7611162705, -28.1917941858], [-50.7661815643, -28.1879145906], [-50.7774279644, -28.1999591106], [-50.7881778847, -28.1979315381], [-50.7821161759, -28.1757157983], [-50.7918448915, -28.1600413211], [-50.7843609267, -28.145089583], [-50.7891300119, -28.1388110741], [-50.8180329746, -28.140041663], [-50.8279723224, -28.1187413173], [-50.8355600627, -28.1183692085], [-50.8595882394, -28.1393475389], [-50.874473165, -28.1314459764], [-50.8683782258, -28.1093179777], [-50.8755876181, -28.0943344492], [-50.9031065384, -28.0864411449], [-50.8998553753, -28.0777077926], [-50.8814584608, -28.0675937288], [-50.8744576868, -28.0409004341], [-50.8933662883, -28.0196018101], [-50.9224308731, -28.0114092082], [-50.9283481169, -27.96861902], [-50.9448034735, -27.9686027364], [-50.9770863112, -27.9524350775], [-50.985866985, -27.9414242302], [-51.0007239844, -27.962882721], [-51.0186736513, -27.9559534554], [-51.0156206003, -27.9278116709], [-51.0573770194, -27.8999864724], [-51.0514661732, -27.8697000509], [-51.0799769806, -27.8585882677], [-51.077371429, -27.8408188626], [-51.0872484367, -27.831406984], [-51.1307697885, -27.8298595137], [-51.1338561434, -27.8043707384], [-51.1544599982, -27.803342731], [-51.1880899767, -27.7773175744], [-51.221805913, -27.7693308098], [-51.2345994034, -27.77893694], [-51.2426455167, -27.7751395669], [-51.2471068609, -27.7588913617], [-51.2731547478, -27.7492580439], [-51.2756203029, -27.7235335352], [-51.3082996972, -27.7189499768], [-51.3015901624, -27.7020273267], [-51.3105337927, -27.6954906289], [-51.3176009986, -27.6727145119], [-51.3310498206, -27.6706634768], [-51.3515088885, -27.6796053224], [-51.3690829055, -27.6721162569], [-51.37658078, -27.6616965393], [-51.3695865726, -27.6360592912], [-51.3813744857, -27.6247418335], [-51.4047434298, -27.6325048631], [-51.4197595239, -27.6544472622], [-51.4337494043, -27.6545164684], [-51.4399809746, -27.6235919461], [-51.4747471836, -27.6000276782], [-51.4773628125, -27.5696463336], [-51.4895789921, -27.5590128416], [-51.5486236462, -27.5595757511], [-51.5577904701, -27.5810970538], [-51.5675005681, -27.5843601635], [-51.5850830336, -27.5691928382], [-51.5774519002, -27.529631779], [-51.5816033388, -27.5226371144], [-51.5935438743, -27.5248636255], [-51.6073390864, -27.5411827954], [-51.6260392567, -27.5447701892], [-51.6309612699, -27.5311467077], [-51.6191974787, -27.5003065615], [-51.622197342, -27.4936831567], [-51.6317348163, -27.4884337689], [-51.6421454159, -27.4914643109], [-51.6458029525, -27.5126814807], [-51.6585086807, -27.5191718812], [-51.6761322691, -27.5062583942], [-51.6720672948, -27.4925432039], [-51.6771673255, -27.4827604471], [-51.6921698869, -27.4777547239], [-51.7064089944, -27.4847171295], [-51.716469175, -27.5104347792], [-51.7247207192, -27.5135619054], [-51.7529596946, -27.4869814462], [-51.798133551, -27.4905670068], [-51.8018110175, -27.5039339168], [-51.7854323818, -27.5277290162], [-51.7966317706, -27.5301213485], [-51.8216426943, -27.512337085], [-51.8485362552, -27.5250667566], [-51.8540250918, -27.5181542239], [-51.8436836306, -27.4809548001], [-51.8666421117, -27.4762621583], [-51.8796739342, -27.4940660433], [-51.872754978, -27.5130690812], [-51.8792666626, -27.5205257599], [-51.8888922274, -27.5201489292], [-51.9019008933, -27.4955592233], [-51.9004881211, -27.4627372774], [-51.9113812428, -27.4580757113], [-51.9517886142, -27.4744297798], [-51.9621908913, -27.4699906352], [-51.9621360405, -27.4615876268], [-51.9354569637, -27.4414281223], [-51.9369695472, -27.4265703681], [-51.9554130168, -27.4143802634], [-52.0017244447, -27.407929979], [-52.0080856937, -27.4000858355], [-51.9914015941, -27.389834032], [-51.9539682498, -27.3944838088], [-51.950519442, -27.380866375], [-51.9614484153, -27.3742857765], [-51.9963522473, -27.3778816577], [-52.0091435998, -27.3714583308], [-52.0219588636, -27.3546198477], [-52.0082512994, -27.3429156779], [-52.0087651784, -27.333903461], [-52.0177780691, -27.3312872649], [-52.0383652904, -27.3444774461], [-52.0726297611, -27.3378831736], [-52.09750305, -27.3479438738], [-52.1089811798, -27.3391917161], [-52.1074204467, -27.309157306], [-52.1185783353, -27.30274365], [-52.1667833635, -27.3111678039], [-52.1584143646, -27.2833048276], [-52.1661057623, -27.2729061504], [-52.1797452121, -27.2764638004], [-52.2096699195, -27.3304250784], [-52.2242008379, -27.3299915342], [-52.2389128169, -27.3057441287], [-52.2726907082, -27.3035309045], [-52.277457751, -27.2959848928], [-52.263377214, -27.2810875397], [-52.2356829018, -27.271669413], [-52.2346164396, -27.2651411051], [-52.2534257707, -27.257036032], [-52.3012675743, -27.2595896571], [-52.3045668878, -27.2745056161], [-52.2907972963, -27.3085721114], [-52.2986392415, -27.3182096454], [-52.3462429749, -27.2877989103], [-52.3646064341, -27.3033438582], [-52.3752128727, -27.3038184492], [-52.3833541284, -27.2843538631], [-52.3815804954, -27.2572225486], [-52.3932156024, -27.2519457249], [-52.3993670111, -27.2580513643], [-52.3953613558, -27.2921756481], [-52.4188581332, -27.2823108286], [-52.4399751968, -27.2622378631], [-52.4416182244, -27.2487014006], [-52.4314595561, -27.2273098346], [-52.4324608941, -27.21795188], [-52.4395597546, -27.2162996371], [-52.4772278862, -27.2335928921], [-52.4815220054, -27.2447519691], [-52.4769028656, -27.262277253], [-52.4855696421, -27.2664838519], [-52.5357766437, -27.2596580488], [-52.5496067764, -27.2380513025], [-52.56329712, -27.2482900004], [-52.5898059145, -27.2478385033], [-52.6101968945, -27.2629231981], [-52.628665411, -27.2652248577], [-52.6451307625, -27.2595400008], [-52.6592116631, -27.2374749092], [-52.6676456672, -27.237978572], [-52.6910659542, -27.2837306516], [-52.7063260385, -27.2724455336], [-52.71441795, -27.2364593925], [-52.7308728004, -27.2392938875], [-52.7434821598, -27.2566196372], [-52.7534482835, -27.2579007117], [-52.763046427, -27.2429880474], [-52.757479098, -27.2178590895], [-52.766938769, -27.2089101632], [-52.8169715276, -27.2009052307], [-52.8401756177, -27.2087836126], [-52.846409773, -27.2021178771], [-52.8434981452, -27.1776227057], [-52.850332165, -27.1681544029], [-52.8786013739, -27.1778797394]]]}}, {"type": "Feature", "properties": {"uf": "PR", "code": "41"}, "geometry": {"type": "Polygon", "coordinates": [[[-53.4607052581, -26.2947321932], [-53.4744971519, -26.2888616558], [-53.4967085483, -26.3023650924], [-53.522218415, -26.2920872568], [-53.5498879339, -26.2930865015], [-53.5798658976, -26.2738163438], [-53.5864761669, -26.2555538951], [-53.6251889824, -26.2598878007], [-53.6432337821, -26.2526472383], [-53.6452173925, -26.2474803686], [-53.6373459589, -26.2491286824], [-53.6528096978, -26.2335856232], [-53.6408179808, -26.2146840515], [-53.6512012718, -26.2064446404], [-53.6505744734, -26.1941878014], [-53.678853901, -26.1642524941], [-53.696881118, -26.154083233], [-53.7159000641, -26.1262164002], [-53.7230635511, -26.1290798474], [-53.7409478961, -26.1178305941], [-53.7387348767, -26.0869738198], [-53.7337595922, -26.0708351586], [-53.7258069557, -26.0657828235], [-53.7342060642, -26.0426059932], [-53.7428405087, -26.0396276606], [-53.7457579949, -26.0447497257], [-53.7516771423, -26.0376916726], [-53.7542576482, -26.0416594524], [-53.7577286548, -26.0310226143], [-53.7630534267, -26.0356726782], [-53.7795561821, -26.0211188731], [-53.7793303771, -26.0083113135], [-53.8042543364, -25.9952935363], [-53.8015062301, -25.9848636321], [-53.8168682823, -25.9892814579], [-53.8180890259, -25.9813038306], [-53.8124766961, -25.9805736669], [-53.8354994322, -25.9714653258], [-53.8272841808, -25.9625279089], [-53.8384183036, -25.9546346737], [-53.8424197847, -25.9330744307], [-53.8317841168, -25.9297308741], [-53.8332547556, -25.9196222291], [-53.8199482223, -25.9276947647], [-53.8181377473, -25.9118983033], [-53.83409676, -25.9149358392], [-53.8328209688, -25.907300828], [-53.819363041, -25.8990192945], [-53.8496858481, -25.8836585775], [-53.823339227, -25.8720128898], [-53.8361725462, -25.8688642053], [-53.8320159594, -25.8590550191], [-53.8447129021, -25.8574850258], [-53.8340950301, -25.8504760352], [-53.8419189395, -25.8391954576], [-53.8488481786, -25.8424658748], [-53.8489028742, -25.8355291446], [-53.8354673873, -25.8247198716], [-53.8382138444, -25.8160846725], [-53.8198839878, -25.8167211417], [-53.819188369, -25.8124625157], [-53.8282855479, -25.8087790288], [-53.822756556, -25.7923180985], [-53.8430674814, -25.7904142816], [-53.8306197523, -25.7816040356], [-53.8559999252, -25.7659740337], [-53.8486143823, -25.7579943407], [-53.8393117263, -25.7599449256], [-53.84144496, -25.7516329557], [-53.8333318914, -25.7513801804], [-53.8480870712, -25.7407621852], [-53.8645876708, -25.7441363253], [-53.8601376401, -25.7176383365], [-53.8691994855, -25.719351866], [-53.866893667, -25.7139771732], [-53.8782801659, -25.7077064424], [-53.8639141589, -25.7045254161], [-53.8719772452, -25.6936349317], [-53.8503036389, -25.7057126112], [-53.853838658, -25.6910552363], [-53.8415589021, -25.687460667], [-53.8582234334, -25.6798034051], [-53.8542285176, -25.6735891673], [-53.8611185512, -25.6588725745], [-53.8749773625, -25.6540991806], [-53.8890335296, -25.6608642657], [-53.8757537814, -25.6458314421], [-53.877941027, -25.6405915122], [-53.894555564, -25.6423619401], [-53.8877001584, -25.6254850978], [-53.8920852474, -25.6220582656], [-53.9121078995, -25.6356658463], [-53.9134772224, -25.6285626761], [-53.9204168007, -25.6293528437], [-53.915537177, -25.6160610266], [-53.9330356732, -25.6219383395], [-53.9474474206, -25.6113920306], [-53.9523121714, -25.6229126586], [-53.9443630224, -25.631016708], [-53.9550902033, -25.6465200844], [-53.9621444844, -25.6414301453], [-53.9642241748, -25.613266528], [-53.9766663445, -25.6113996143], [-53.970228899, -25.5997539939], [-54.0000980083, -25.5804199714], [-54.0097335379, -25.5670961702], [-54.0289350681, -25.5675675384], [-54.0406371121, -25.5835502159], [-54.0493667754, -25.5848979297], [-54.0704307832, -25.5601280451], [-54.0791383682, -25.5587271575], [-54.0887453585, -25.5843548893], [-54.089022215, -25.6114520009], [-54.0979615562, -25.6189384341], [-54.1240646978, -25.5674934464], [-54.0969159518, -25.5222618207], [-54.0928154656, -25.5005396375], [-54.1084984018, -25.4952788687], [-54.1436121329, -25.5203991866], [-54.1605320398, -25.5406314001], [-54.190480219, -25.5338064913], [-54.206033468, -25.5405275273], [-54.2048068244, -25.5570229082], [-54.1798427754, -25.5653611983], [-54.1734731619, -25.5733656618], [-54.1780298231, -25.5843935402], [-54.2003708487, -25.5811051065], [-54.2301459488, -25.5624383104], [-54.2370853496, -25.5700809809], [-54.2346708704, -25.5925098763], [-54.2496099383, -25.5967809357], [-54.2798073803, -25.5563210766], [-54.3279822071, -25.5717839602], [-54.3452022081, -25.6069229144], [-54.3547293979, -25.6072349968], [-54.370090137, -25.5938447832], [-54.385503673, -25.5983011145], [-54.3933674475, -25.6343701649], [-54.4248659732, -25.65814893], [-54.4223616981, -25.6882694001], [-54.4291708968, -25.6949670044], [-54.4378392362, -25.6908306022], [-54.4473053185, -25.6585070535], [-54.5000679213, -25.6141306234], [-54.5265604343, -25.6272243338], [-54.536479983, -25.6174857359], [-54.5329015765, -25.6006175469], [-54.540432426, -25.5946351519], [-54.5555354997, -25.586939476], [-54.5932030011, -25.5918906144], [-54.6004523745, -25.4841535039], [-54.6168433966, -25.4689904339], [-54.6186341398, -25.45709403], [-54.599375322, -25.4339746695], [-54.5788432673, -25.3849140768], [-54.5002236984, -25.2984041673], [-54.4813367845, -25.232698673], [-54.4633656361, -25.1940429296], [-54.4297872801, -25.1589973964], [-54.4329314091, -25.1311341988], [-54.460260572, -25.0989414726], [-54.4589102715, -25.0385502245], [-54.4420902632, -24.989720423], [-54.4414218153, -24.9486797328], [-54.4178384246, -24.893949688], [-54.4088986527, -24.8420828136], [-54.3899808204, -24.7845963604], [-54.3573677136, -24.742743566], [-54.3250255678, -24.6604501285], [-54.3170132709, -24.5901550521], [-54.3354165209, -24.5297764662], [-54.3365818375, -24.5000819119], [-54.3225355301, -24.4580466914], [-54.2807294129, -24.4043183415], [-54.2580104927, -24.3571362057], [-54.2693892409, -24.3053686659], [-54.2842823945, -24.2815295842], [-54.3223239714, -24.2504281503], [-54.3228078954, -24.2139014367], [-54.3423683712, -24.1626862445], [-54.3439583009, -24.1401695592], [-54.3328091749, -24.1157887248], [-54.304072866, -24.095164476], [-54.2853506606, -24.0684329525], [-54.2205739145, -24.0427039938], [-54.1684942973, -23.9985264359], [-54.1291951609, -23.9816403964], [-54.1012518241, -23.9514956805], [-54.0799452171, -23.8907855224], [-54.0875926609, -23.8440627751], [-54.0751970378, -23.7640175683], [-54.0521268717, -23.7246003982], [-54.0506107951, -23.68670444], [-54.0317183285, -23.6511946727], [-54.023506636, -23.585611535], [-54.0068373895, -23.5442795086], [-54.0038317307, -23.5106133514], [-53.9810241919, -23.4563880049], [-53.9631750501, -23.4435325295], [-53.9315450976, -23.4454821208], [-53.8155129299, -23.3851780607], [-53.7705981284, -23.3716631348], [-53.7303350554, -23.3193443376], [-53.6930478762, -23.2209247736], [-53.6593487518, -23.1652997504], [-53.6598236048, -23.153994025], [-53.6360821592, -23.1245643571], [-53.6336189829, -22.9980295286], [-53.6069177964, -22.9508675995], [-53.5702658799, -22.9280249583], [-53.5463219091, -22.8896299517], [-53.4291467867, -22.8324893613], [-53.3982259397, -22.8062608862], [-53.377028731, -22.8027680744], [-53.3515323327, -22.7752145366], [-53.239495901, -22.733004575], [-53.1984976334, -22.7278669417], [-53.1046863883, -22.6214634032], [-53.0872864249, -22.657978688], [-53.0742231136, -22.6408743785], [-52.9724844471, -22.570281937], [-52.927505865, -22.5654907277], [-52.9048633609, -22.571740649], [-52.8542741359, -22.6078579265], [-52.8149411024, -22.5965761491], [-52.7498036787, -22.6119015854], [-52.7219312169, -22.6262850293], [-52.7011967689, -22.6271992575], [-52.6625400845, -22.6114501982], [-52.5888476845, -22.5656280934], [-52.5808311037, -22.5669126933], [-52.5399237059, -22.6143290178], [-52.5021800142, -22.6340876475], [-52.4451966257, -22.6078115478], [-52.4208750997, -22.6101299807], [-52.3699721604, -22.6284321916], [-52.3048796473, -22.6363482712], [-52.2782000406, -22.6199214652], [-52.249918709, -22.6149575526], [-52.239637681, -22.6194147282], [-52.2276052774, -22.6420479179], [-52.2238836537, -22.6740439955], [-52.1561841805, -22.6442496924], [-52.162027264, -22.6027224411], [-52.1482685347, -22.5487846416], [-52.1271091057, -22.5194541956], [-52.1087194412, -22.5158262864], [-52.0555757367, -22.5383479049], [-51.9977182482, -22.5451396497], [-51.9400207331, -22.5668731539], [-51.8731713868, -22.627746187], [-51.8466046978, -22.6317558821], [-51.7739957191, -22.613947268], [-51.7533113871, -22.6167973212], [-51.7338546573, -22.6249958917], [-51.725376816, -22.660994713], [-51.7176830688, -22.6685504056], [-51.6986804504, -22.6688978245], [-51.661860427, -22.6567734307], [-51.6273887713, -22.6577706312], [-51.5909886888, -22.6847274867], [-51.5590796981, -22.6967080627], [-51.5371416735, -22.6875293229], [-51.4984128343, -22.6900578965], [-51.4714153621, -22.6767153443], [-51.445741612, -22.6524356709], [-51.4242373217, -22.6530392899], [-51.4015281333, -22.6674338503], [-51.3731613369, -22.6576611704], [-51.3113515753, -22.6730680824], [-51.2647127532, -22.6672253449], [-51.2423937679, -22.6891040332], [-51.2340460321, -22.7092729685], [-51.2132505742, -22.7231951234], [-51.186529527, -22.7294195337], [-51.1561818968, -22.7520557905], [-51.0571291532, -22.7655840008], [-51.0038916509, -22.793235875], [-50.9781927764, -22.7821363567], [-50.9611301577, -22.7857548927], [-50.945151269, -22.8034587037], [-50.8882342916, -22.7960575094], [-50.8419027114, -22.8309244614], [-50.8324357648, -22.8586950915], [-50.8165287041, -22.8790667323], [-50.7924674381, -22.8938790899], [-50.8056617017, -22.9398247662], [-50.7954505432, -22.9507047241], [-50.758177767, -22.9471793715], [-50.7401333101, -22.9620352748], [-50.7093549421, -22.9529672831], [-50.6749026169, -22.8992023056], [-50.6569408328, -22.8952625314], [-50.6198324736, -22.911685046], [-50.6080411262, -22.9236788996], [-50.5767601932, -22.9035319923], [-50.5411626377, -22.9115389149], [-50.52952808, -22.9186742242], [-50.526290519, -22.9343467307], [-50.505596767, -22.9449016088], [-50.4851281305, -22.9363971497], [-50.4311837061, -22.9458053715], [-50.4184605043, -22.9336069914], [-50.4159450495, -22.9122960168], [-50.3785935195, -22.9049298481], [-50.358768527, -22.9155829879], [-50.3397061581, -22.9475967637], [-50.3180145569, -22.9502064848], [-50.2999655827, -22.9374605445], [-50.2729080301, -22.9305250892], [-50.2461272064, -22.9380017295], [-50.2370574713, -22.9536694249], [-50.2164021448, -22.9474230814], [-50.1829136542, -22.9532967894], [-50.1509535471, -22.9346831081], [-50.1266511789, -22.9412855231], [-50.0942374263, -22.9233312087], [-50.0669917271, -22.9270385486], [-50.0473741959, -22.9014874031], [-50.0175774529, -22.9096387115], [-50.0036759174, -22.9279827888], [-49.9943955368, -22.9292421621], [-49.9899311353, -22.9247342539], [-49.9983749035, -22.9012730449], [-49.9856869555, -22.8970278881], [-49.9652665956, -22.9136631802], [-49.9608998051, -22.930385503], [-49.9720468384, -22.9580660996], [-49.9540239123, -22.97794318], [-49.930281774, -22.9825537987], [-49.899880241, -22.9999586064], [-49.9157948394, -23.0359436491], [-49.9111242768, -23.0506409002], [-49.886289293, -23.0641753769], [-49.8785723365, -23.0592075091], [-49.8708161831, -23.0699135117], [-49.8500982815, -23.0727770595], [-49.8331808502, -23.0654647428], [-49.791238372, -23.1019478372], [-49.7624712478, -23.1050975371], [-49.7397625776, -23.0986898736], [-49.7250742961, -23.1089595975], [-49.7344265431, -23.1332523678], [-49.7300119664, -23.1409674709], [-49.7094527902, -23.1561545148], [-49.7008920888, -23.1526016557], [-49.698089788, -23.1636406944], [-49.6778433921, -23.164582733], [-49.6827889061, -23.1731324051], [-49.6532751125, -23.2115577823], [-49.6542395047, -23.2273951713], [-49.6440032152, -23.2397564693], [-49.6466272862, -23.2512330781], [-49.626669281, -23.2812931199], [-49.6309208086, -23.3039360415], [-49.6211184724, -23.3301166176], [-49.6289412609, -23.3432775319], [-49.6357361318, -23.3392925764], [-49.6374133164, -23.3490525565], [-49.6329599318, -23.3559412897], [-49.6113294704, -23.3541734201], [-49.5949355774, -23.3666114297], [-49.5899258178, -23.3823118989], [-49.5911576571, -23.3885478992], [-49.6028460053, -23.383424608], [-49.620813715, -23.3899895036], [-49.6178469412, -23.3977210633], [-49.6045969201, -23.3939301718], [-49.5977985836, -23.3983106], [-49.603199288, -23.407331853], [-49.5929594443, -23.4062267501], [-49.5888502855, -23.4156626625], [-49.5791245906, -23.4145927014], [-49.5803284883, -23.4312373033], [-49.5660953784, -23.427210576], [-49.5724742317, -23.4434636908], [-49.5795101676, -23.436258462], [-49.5951632013, -23.4399024084], [-49.602709227, -23.4508116863], [-49.5974271459, -23.4574348356], [-49.5993802316, -23.4780204679], [-49.6150957229, -23.4730168663], [-49.6129224926, -23.4863508756], [-49.6209021426, -23.4928447471], [-49.6132261517, -23.5096512823], [-49.621273832, -23.5054635852], [-49.6288930228, -23.5113469705], [-49.6237395646, -23.5228224668], [-49.5997290414, -23.5351436822], [-49.6052399325, -23.5411841584], [-49.5995371906, -23.5579107649], [-49.6075122794, -23.5647516337], [-49.60153961, -23.5822157969], [-49.6156821448, -23.590501108], [-49.6206944651, -23.6065666163], [-49.6131198499, -23.6226443042], [-49.6057971303, -23.6244650443], [-49.6166670641, -23.6391048032], [-49.5848298378, -23.658394233], [-49.5791438823, -23.6780399188], [-49.5741949545, -23.6755597399], [-49.5676435467, -23.6875597307], [-49.5612588094, -23.6852147232], [-49.548721684, -23.7035343943], [-49.5549593897, -23.7199952547], [-49.5483155572, -23.7358107998], [-49.5635720998, -23.7317376359], [-49.5633349595, -23.7495997056], [-49.5729850588, -23.7555579271], [-49.560027074, -23.7608248568], [-49.5699857424, -23.7782149405], [-49.5592039706, -23.793126483], [-49.5619500414, -23.8180031672], [-49.5925295047, -23.8298200195], [-49.5861948796, -23.8417784056], [-49.6075595574, -23.8388976261], [-49.5950034868, -23.846317235], [-49.6102580878, -23.8512129573], [-49.5992397298, -23.8566076268], [-49.601985382, -23.8677998344], [-49.5936211091, -23.8720692952], [-49.5848702594, -23.8899468138], [-49.5731232352, -23.8774727735], [-49.5770515175, -23.8955003525], [-49.5539863343, -23.9148148456], [-49.5565114065, -23.9222483036], [-49.5317304325, -23.9296236066], [-49.5218579138, -23.9160820566], [-49.5111265344, -23.9254177645], [-49.5117323808, -23.9372052506], [-49.5239889808, -23.9346706629], [-49.5206216962, -23.9456191623], [-49.5025247382, -23.9482918615], [-49.5051908921, -23.9543613804], [-49.4991548411, -23.9579466233], [-49.5162787053, -23.96963974], [-49.5001227024, -23.9690067016], [-49.4932065816, -23.9771131472], [-49.4976467932, -23.993325894], [-49.4800931024, -24.0056883904], [-49.4913898275, -24.0142120347], [-49.4856773652, -24.0161498563], [-49.4866761268, -24.024116844], [-49.4739037587, -24.019576654], [-49.4732813724, -24.0268318362], [-49.4629651868, -24.0269526307], [-49.451447633, -24.0547638901], [-49.4373456604, -24.0583029872], [-49.4385057709, -24.0682640252], [-49.4293084349, -24.0682253345], [-49.4349120439, -24.0746113919], [-49.4285353443, -24.0775539409], [-49.4295329029, -24.0880524879], [-49.4044044996, -24.0953660476], [-49.4085912323, -24.1078259313], [-49.3888749081, -24.118908376], [-49.3703690596, -24.1138996596], [-49.3616781135, -24.1196112773], [-49.36289528, -24.1256155169], [-49.3364849771, -24.1365622115], [-49.3319821114, -24.1496367312], [-49.3398680521, -24.1566956876], [-49.3458399262, -24.1907082415], [-49.3410665838, -24.2026377668], [-49.3552847331, -24.208589489], [-49.3554801701, -24.2140276314], [-49.3048966218, -24.2509464174], [-49.3081960884, -24.2581851517], [-49.2982324128, -24.2675718755], [-49.2981965422, -24.2873237423], [-49.2882350973, -24.2913092], [-49.2833313986, -24.3075780685], [-49.2742345951, -24.3049962723], [-49.2499593401, -24.3188793158], [-49.2483982793, -24.3300280101], [-49.2307355964, -24.3299104657], [-49.2238099776, -24.3397428315], [-49.2054695207, -24.3377688287], [-49.200201572, -24.3439284865], [-49.2373416739, -24.3785347809], [-49.2530225417, -24.4045532906], [-49.2497568264, -24.4133795077], [-49.2432394346, -24.4016979119], [-49.2349841356, -24.4105555409], [-49.252184443, -24.4336668476], [-49.2530711277, -24.4552589251], [-49.2448586989, -24.457928068], [-49.246445327, -24.4686122006], [-49.2626041825, -24.4733420459], [-49.2707422975, -24.4828473349], [-49.2690959674, -24.4918244069], [-49.2951957768, -24.499824317], [-49.2816178455, -24.538537253], [-49.2917813777, -24.5438156921], [-49.2920526522, -24.5524042115], [-49.3050945291, -24.5459061848], [-49.3155106871, -24.5550231272], [-49.3103934857, -24.5805095448], [-49.3160869745, -24.5874892205], [-49.3031183339, -24.5964627232], [-49.3126491376, -24.6042177549], [-49.3141457194, -24.613778608], [-49.3065967338, -24.6212520876], [-49.3159491408, -24.6385123643], [-49.3058962164, -24.6423658295], [-49.3092563016, -24.6452755578], [-49.2991463952, -24.6544711369], [-49.3115363801, -24.6630464722], [-49.3049185691, -24.6731635001], [-49.2936835563, -24.67539622], [-49.2752022362, -24.6938895073], [-49.2074382968, -24.7004197287], [-49.2045329873, -24.6854752775], [-49.1851728114, -24.6722637132], [-49.1343456715, -24.6750730604], [-49.1111171104, -24.6878653726], [-49.1051135126, -24.6742247903], [-49.0966103468, -24.6813872999], [-49.0793564594, -24.6721218618], [-49.0685905624, -24.6843807927], [-49.060810441, -24.6848543339], [-49.0369229108, -24.6599326499], [-49.0323979213, -24.6414552282], [-49.0418100942, -24.640086413], [-49.0342062112, -24.6340094768], [-49.0178981812, -24.6421294571], [-49.0066550531, -24.6333779332], [-48.9992589212, -24.6376499315], [-49.0039366981, -24.6384714041], [-49.0082421891, -24.659943386], [-48.9889225611, -24.6561556777], [-48.9879760655, -24.6647593358], [-48.9739535561, -24.6663462602], [-48.9579765919, -24.6847957885], [-48.9476142184, -24.6732274593], [-48.9219511071, -24.6746993903], [-48.9135063787, -24.6822457288], [-48.9118093286, -24.6717079951], [-48.9007020164, -24.6695918502], [-48.8649192624, -24.6668385392], [-48.8514247686, -24.6745176394], [-48.8467610018, -24.6706323263], [-48.8580295866, -24.6572123273], [-48.8399256518, -24.6644891059], [-48.8294128587, -24.6549133447], [-48.8203131551, -24.6568041254], [-48.8100654461, -24.6746857402], [-48.7877318784, -24.6807014335], [-48.778176757, -24.6962442222], [-48.7685811532, -24.6947901943], [-48.7568118607, -24.6793662925], [-48.7519454012, -24.6946920094], [-48.7340623313, -24.6839933668], [-48.7033378436, -24.679893857], [-48.6910299389, -24.693548598], [-48.6878084284, -24.6769766724], [-48.69361345, -24.670195296], [-48.6765000171, -24.6711229736], [-48.6709993164, -24.6788136578], [-48.6765852734, -24.6920384681], [-48.6710347393, -24.6981806715], [-48.6767212046, -24.6979227142], [-48.6609125589, -24.7062184252], [-48.6576992833, -24.6915596], [-48.641168337, -24.6891790591], [-48.6448408047, -24.6810367991], [-48.6373370926, -24.6771798731], [-48.6276999643, -24.68002231], [-48.6161462958, -24.6681847953], [-48.6035564835, -24.6678083237], [-48.5887797703, -24.6800417463], [-48.5815622219, -24.6702128993], [-48.5687241499, -24.700322854], [-48.5287017119, -24.73110083], [-48.5313098121, -24.7362775993], [-48.4988335875, -24.7384785072], [-48.5072256371, -24.751883051], [-48.5063039632, -24.7639634214], [-48.5162278239, -24.7680710796], [-48.5162511082, -24.7796928601], [-48.5552805363, -24.8057146216], [-48.5552807623, -24.8233038243], [-48.5673403691, -24.8470102609], [-48.566202348, -24.8634683529], [-48.5492564652, -24.8670068892], [-48.546569438, -24.8803108225], [-48.5578701794, -24.8840964367], [-48.5588333603, -24.9006936438], [-48.5715863094, -24.8945236418], [-48.5659430912, -24.9163134978], [-48.5697052904, -24.9310520132], [-48.562393638, -24.9389396387], [-48.5692019267, -24.9447562058], [-48.56250742, -24.9498361634], [-48.5721969388, -24.9544396941], [-48.5668967288, -24.9717770583], [-48.579659968, -24.9864512821], [-48.5879858389, -24.985949503], [-48.6003567406, -25.0100158031], [-48.5987724461, -25.0187826899], [-48.5883949426, -25.019215761], [-48.5891091016, -25.0291991011], [-48.5810645497, -25.0343672063], [-48.5821870792, -25.0511560176], [-48.5685955734, -25.0505721296], [-48.5584287538, -25.0610521415], [-48.5558684417, -25.0838089157], [-48.5281089563, -25.100298847], [-48.4979326035, -25.0586160397], [-48.4828181372, -25.0527018702], [-48.4850588571, -25.041646732], [-48.4748930226, -25.0146562047], [-48.4339815701, -24.99080842], [-48.4165618587, -24.9888773312], [-48.4106802225, -24.9797412327], [-48.3781656042, -24.9965377749], [-48.3542757633, -25.0194714755], [-48.3507550676, -25.0359992213], [-48.3236686096, -25.0362574851], [-48.3238764004, -25.0538977933], [-48.3332379019, -25.0570787946], [-48.3331982402, -25.0700825969], [-48.3081428823, -25.0462140017], [-48.3069894554, -25.0349917659], [-48.2987494133, -25.0349199447], [-48.2966976624, -25.0228985465], [-48.2870521747, -25.0394781844], [-48.2774450406, -25.0324833788], [-48.2691139593, -24.9970439331], [-48.2628601476, -24.9923136245], [-48.254332241, -24.9960070246], [-48.2588085224, -24.9861596913], [-48.249978443, -24.9769811384], [-48.2453040145, -24.9889008778], [-48.228999405, -25.0008598194], [-48.2324487157, -25.0070415379], [-48.2228849679, -25.0086332331], [-48.2310827394, -25.0202958046], [-48.2089959774, -25.0266933039], [-48.2150908393, -25.04206133], [-48.2155826135, -25.0761802035], [-48.2040293854, -25.0991718707], [-48.1811698936, -25.1333440509], [-48.1564143605, -25.1441606868], [-48.1682458587, -25.1560508939], [-48.167247917, -25.1674140033], [-48.1922584559, -25.1935877704], [-48.1796256013, -25.206286881], [-48.1622485673, -25.2093445534], [-48.1507664982, -25.2276352591], [-48.1144120961, -25.2502095843], [-48.0919406622, -25.2395436848], [-48.0809399633, -25.2436904638], [-48.0616350552, -25.2395926699], [-48.0569756729, -25.2178413211], [-48.0466910505, -25.2262568878], [-48.0310200188, -25.2182127932], [-48.0230667596, -25.2304391142], [-48.0826377881, -25.2815045442], [-48.0979873241, -25.2991835381], [-48.0993523777, -25.3158654789], [-48.1524698969, -25.3636475134], [-48.1990269822, -25.4298626759], [-48.2082869954, -25.4602691436], [-48.2168309537, -25.4678084057], [-48.2568194361, -25.4733493467], [-48.2865703028, -25.4887170217], [-48.3092708773, -25.4927846389], [-48.2764390453, -25.5135567497], [-48.3003243979, -25.5591453184], [-48.2979455002, -25.5670158715], [-48.3056178514, -25.56749351], [-48.3194578398, -25.5860729971], [-48.358052477, -25.5854521178], [-48.380170852, -25.5953234304], [-48.4145804048, -25.6236112642], [-48.4388867455, -25.6543098235], [-48.5257791769, -25.8012148888], [-48.5355020256, -25.8505918551], [-48.5398296148, -25.8470277491], [-48.5635352727, -25.8565436587], [-48.5671657973, -25.8853640123], [-48.5591594493, -25.8904187542], [-48.5943515204, -25.9706933758], [-48.5903762421, -25.9764997115], [-48.6105529162, -25.9790289188], [-48.6097598449, -25.9837162735], [-48.6201670835, -25.9815675695], [-48.6202670394, -25.9738145702], [-48.6331727564, -25.9771755212], [-48.6372260979, -25.9604397798], [-48.6444983549, -25.9555923981], [-48.6690105177, -25.9787887402], [-48.6801908714, -25.980576291], [-48.9603199209, -25.9805311858], [-48.9502432143, -25.9896716209], [-48.9613271347, -25.9904496615], [-48.9615237221, -25.9837228188], [-48.9779529595, -25.988491405], [-48.9837236385, -26.0040623222], [-49.0066467444, -26.0152003509], [-49.0202221516, -26.0149217627], [-49.029190877, -26.0034670131], [-49.0404565401, -26.0035502314], [-49.0461485159, -26.0186531839], [-49.0547485592, -26.0200653678], [-49.0682219488, -26.0090064318], [-49.0706440566, -25.9985901334], [-49.0784169493, -26.0063270328], [-49.0904727822, -26.002828232], [-49.0930195806, -26.0098119515], [-49.1026697878, -26.0075041052], [-49.1065800722, -25.9986266941], [-49.1124205081, -26.0047873944], [-49.1250825488, -25.9957610218], [-49.1407821964, -26.015077493], [-49.1748057139, -26.0013654142], [-49.2068212483, -26.0169813634], [-49.2107103183, -26.0250295473], [-49.2375348825, -26.0308703445], [-49.2421954458, -26.0436332391], [-49.2517625938, -26.0468637562], [-49.2551099411, -26.0669106021], [-49.2664648879, -26.0666772053], [-49.2654947047, -26.0785411809], [-49.2766255446, -26.0825385626], [-49.2865446856, -26.0782179791], [-49.2960226836, -26.0862142855], [-49.2893039571, -26.1022213709], [-49.3002639225, -26.103863451], [-49.2976072772, -26.1093706324], [-49.302906102, -26.1130495169], [-49.3212421154, -26.1096602686], [-49.3338034069, -26.1244074476], [-49.3605372083, -26.1368903941], [-49.3712867921, -26.1484114749], [-49.3698115666, -26.1554750223], [-49.3895549274, -26.1598165202], [-49.3995423241, -26.1502334649], [-49.4062777742, -26.1611578035], [-49.4161655199, -26.1527323697], [-49.4167714169, -26.1649875576], [-49.4360904301, -26.1718436158], [-49.4382231416, -26.1638917508], [-49.458667692, -26.1622241106], [-49.47900728, -26.1854206909], [-49.4864439445, -26.1800735815], [-49.4864437863, -26.1941291095], [-49.4994841912, -26.2030069211], [-49.4906070379, -26.2095924043], [-49.4960837017, -26.2208292479], [-49.5187603191, -26.2266922399], [-49.5403318197, -26.21310196], [-49.5378642889, -26.2296168658], [-49.5515910646, -26.2245980636], [-49.5470587904, -26.2297491603], [-49.554605951, -26.2368482749], [-49.5667797118, -26.2328044636], [-49.5774359902, -26.2135256927], [-49.5778977174, -26.2265522455], [-49.5912626757, -26.2296738176], [-49.5871176261, -26.216973163], [-49.5982411784, -26.22088395], [-49.6004361988, -26.2280767247], [-49.6056665895, -26.2113612675], [-49.6116450694, -26.2134030705], [-49.6142788713, -26.2069611059], [-49.6211084626, -26.2152190418], [-49.6347589552, -26.2081514499], [-49.625509989, -26.2008865622], [-49.6299225862, -26.1905058994], [-49.6363978279, -26.1905398485], [-49.6335922815, -26.201356883], [-49.6457023955, -26.2094457039], [-49.6527258657, -26.1867263227], [-49.66335208, -26.1911531322], [-49.6733367383, -26.1837241917], [-49.6738095906, -26.1909357236], [-49.6801390913, -26.1856752281], [-49.6899640586, -26.1881290269], [-49.6762517808, -26.1754852881], [-49.6881589773, -26.1764923095], [-49.7102022946, -26.1539080665], [-49.7261756366, -26.1706092004], [-49.7365303361, -26.156616623], [-49.724420114, -26.1432650299], [-49.7481181455, -26.1395038201], [-49.7507889104, -26.1191541113], [-49.7641737324, -26.1133657998], [-49.7675632666, -26.1043127624], [-49.7751156532, -26.1002941273], [-49.7782869834, -26.1069477177], [-49.7678693063, -26.1099157053], [-49.7762303748, -26.1193687111], [-49.787123428, -26.0979413809], [-49.7893999618, -26.1120713118], [-49.8017580937, -26.1095690512], [-49.8079485279, -26.0877578598], [-49.8242246609, -26.092628296], [-49.8306197623, -26.068329003], [-49.8397313302, -26.0759168026], [-49.8431430419, -26.0724734163], [-49.8333383714, -26.0666969873], [-49.8309549935, -26.0529805475], [-49.8416498998, -26.0640849688], [-49.8615906497, -26.0554380169], [-49.8702855455, -26.0433134471], [-49.8650410504, -26.034666612], [-49.8913109513, -26.0289063163], [-49.8978080417, -26.0338425264], [-49.9148397755, -26.0246056617], [-49.9348455205, -26.0316872347], [-49.9402007795, -26.0250315324], [-49.9337883669, -26.0182997584], [-49.94136175, -26.0080130168], [-49.9597245778, -26.0197187856], [-49.9475280901, -26.0304963484], [-49.9723074722, -26.057855582], [-49.9771341292, -26.052836602], [-49.9658426587, -26.0401329096], [-49.962931727, -26.0261096627], [-49.9753317888, -26.0137032388], [-50.0110685803, -26.0135257639], [-50.0027581219, -26.0384255648], [-50.0061804325, -26.0454480494], [-50.039729309, -26.0264896633], [-50.0562500692, -26.0362799136], [-50.0724656615, -26.0345307162], [-50.0769691106, -26.0467862854], [-50.0843408522, -26.0230650953], [-50.0915843217, -26.0432016251], [-50.1099102282, -26.0588153114], [-50.1179148046, -26.051317664], [-50.1205907657, -26.0638747746], [-50.1342679329, -26.043006234], [-50.1483415775, -26.0597736258], [-50.1519981928, -26.0508033068], [-50.141528721, -26.0271280316], [-50.1713847571, -26.0246839943], [-50.1820511511, -26.0339596795], [-50.1710521831, -26.0421068257], [-50.1641816867, -26.0426955129], [-50.1631558285, -26.0362316563], [-50.1553976382, -26.0415763316], [-50.1807940638, -26.0793712057], [-50.2093760667, -26.0566900857], [-50.2236315242, -26.0602891477], [-50.235457274, -26.035827583], [-50.2510446193, -26.0297501265], [-50.2515364387, -26.0508453465], [-50.2678276517, -26.0420900388], [-50.2763875149, -26.0513033525], [-50.2983728493, -26.0549001706], [-50.3177318303, -26.0680878815], [-50.3217081232, -26.0803877269], [-50.3315875497, -26.0832251592], [-50.3251604363, -26.0981415779], [-50.3319840396, -26.1078011699], [-50.3248400374, -26.1233879395], [-50.3335135875, -26.1252681108], [-50.3216750489, -26.1254978751], [-50.3231225579, -26.1344601251], [-50.3282568577, -26.1286312706], [-50.332039167, -26.1340956781], [-50.3404056855, -26.1301676313], [-50.3606135415, -26.1100328154], [-50.3697356083, -26.1100406709], [-50.3610001502, -26.0942349847], [-50.3706795719, -26.0799473061], [-50.4029358102, -26.0572621148], [-50.4068424742, -26.0652844894], [-50.4342367789, -26.0605634805], [-50.4497062631, -26.0434965706], [-50.4415336071, -26.0367577774], [-50.4446683773, -26.0338994218], [-50.4539323085, -26.0314500647], [-50.458670508, -26.036742815], [-50.4592462591, -26.0266000209], [-50.4680728374, -26.02707446], [-50.4710492745, -26.0208613991], [-50.4767735349, -26.0237389023], [-50.4756033893, -26.034024282], [-50.4795413709, -26.0262296632], [-50.5011939808, -26.022509262], [-50.5041894223, -26.0315929316], [-50.5130884218, -26.0257192638], [-50.5471291857, -26.0397160532], [-50.5629290485, -26.0060428725], [-50.5723376598, -26.002983117], [-50.5912127877, -26.0216660097], [-50.591670289, -26.0420887912], [-50.5813791868, -26.048493594], [-50.5549143777, -26.0414912103], [-50.5511775258, -26.0532844185], [-50.570770468, -26.0665443291], [-50.5941403852, -26.070642981], [-50.6279985958, -26.062641333], [-50.6567919805, -26.1025586308], [-50.6466052859, -26.1244562507], [-50.6521107476, -26.1328216135], [-50.6767159662, -26.1453718558], [-50.7042878296, -26.188271827], [-50.7313214122, -26.2029343716], [-50.7147068931, -26.2380772345], [-50.7180179174, -26.2443031951], [-50.7430430759, -26.2480811561], [-50.745961543, -26.229265619], [-50.7579561331, -26.2212370445], [-50.7928152257, -26.2272588957], [-50.8271289391, -26.2468777577], [-50.8316769211, -26.2663655305], [-50.838885772, -26.271061834], [-50.8626513565, -26.2420661256], [-50.8706218605, -26.2417239461], [-50.881549069, -26.2775893301], [-50.9014905011, -26.2889989645], [-50.9087356404, -26.2844017592], [-50.907625659, -26.2511074648], [-50.9349491413, -26.2331235024], [-50.9440388081, -26.2400921352], [-50.9313409368, -26.2678604775], [-50.9442087658, -26.2820313981], [-50.9527879837, -26.2691455359], [-50.9696310652, -26.2636840412], [-50.9727030491, -26.246515925], [-50.9999891739, -26.2300061054], [-51.0547108227, -26.2445032775], [-51.0795464512, -26.2277740781], [-51.1044825567, -26.274951512], [-51.1361813018, -26.2791871693], [-51.1375671002, -26.2856380993], [-51.1559031784, -26.2799478208], [-51.1633778903, -26.2830376308], [-51.1633441874, -26.2910459199], [-51.1933463944, -26.301516826], [-51.2069368617, -26.2961952995], [-51.2165438655, -26.3152656021], [-51.2425948649, -26.3242377112], [-51.2559722556, -26.3400266122], [-51.2508930759, -26.3480044614], [-51.2596765735, -26.3584647114], [-51.2522228955, -26.3758720505], [-51.2777909219, -26.3899948986], [-51.2754764856, -26.4014715154], [-51.2887285836, -26.3996115697], [-51.2871570506, -26.413863367], [-51.2987179547, -26.4186738759], [-51.2912117017, -26.4366640148], [-51.2740782633, -26.4454761899], [-51.2782912541, -26.4580105051], [-51.2534980644, -26.4630291907], [-51.2600938845, -26.4702666257], [-51.250468093, -26.4738626869], [-51.2661065416, -26.4819184569], [-51.2607690735, -26.4907003024], [-51.2738062426, -26.4966111719], [-51.268553844, -26.4995422403], [-51.2718119231, -26.5048375625], [-51.2509294405, -26.5203886015], [-51.2401254939, -26.5447087895], [-51.2232953105, -26.5503176872], [-51.228232739, -26.5616687008], [-51.2154822246, -26.569648387], [-51.2241560212, -26.5759045273], [-51.2236359473, -26.5928764433], [-51.2373454147, -26.6040398521], [-51.2293876486, -26.6158310722], [-51.2373450999, -26.6186706734], [-51.2388796144, -26.6279089629], [-51.2581568672, -26.6253512391], [-51.2669558083, -26.6375791647], [-51.2770932102, -26.6358154046], [-51.2742639559, -26.6415894959], [-51.2822379116, -26.6421109072], [-51.2829331973, -26.6535146563], [-51.3106103353, -26.6514782032], [-51.323312746, -26.656443081], [-51.3314146583, -26.6468100511], [-51.3907591543, -26.6634203138], [-51.4054159453, -26.6756848393], [-51.3924254047, -26.6850387531], [-51.3925502443, -26.6977823224], [-51.3982364924, -26.710437542], [-51.4110396424, -26.7168085625], [-51.4066627342, -26.7001458353], [-51.434860246, -26.6876483397], [-51.4390701537, -26.6667357477], [-51.4552999962, -26.653609832], [-51.4542548766, -26.6401774236], [-51.4683290416, -26.6207385206], [-51.4870522403, -26.6227092343], [-51.4836124407, -26.6116068458], [-51.4991704576, -26.5852539799], [-51.5110759772, -26.583275007], [-51.5297183412, -26.5919820887], [-51.6331388947, -26.5883317819], [-51.6645788715, -26.5656054232], [-51.694570348, -26.5829603557], [-51.7336488167, -26.5748403344], [-51.7858146156, -26.5897807275], [-51.819061384, -26.5791781919], [-51.8433096148, -26.5945962445], [-51.8546203775, -26.5920172657], [-51.8738833766, -26.5999258459], [-51.8838664291, -26.5858373052], [-51.9007156536, -26.5797677058], [-51.9278541417, -26.5843845322], [-51.9474174117, -26.5690768337], [-51.9593933451, -26.5741631186], [-51.9711395928, -26.5675047369], [-52.0107487327, -26.5660764013], [-52.0207379701, -26.5482332021], [-52.0647614737, -26.5227130482], [-52.0779899283, -26.5263014522], [-52.0875528787, -26.508856794], [-52.0933955318, -26.5128372109], [-52.0998901236, -26.4811823706], [-52.1335501665, -26.47001665], [-52.1572804924, -26.4714931305], [-52.1851661364, -26.4449347875], [-52.2199185145, -26.4654767632], [-52.241539801, -26.4631178707], [-52.2484578594, -26.4546245925], [-52.281977427, -26.4630079258], [-52.3045452321, -26.4402681883], [-52.3359937615, -26.4424522452], [-52.3414479107, -26.4338739404], [-52.3526327839, -26.440873644], [-52.3668532238, -26.4322326146], [-52.3756107514, -26.4403948239], [-52.4006048475, -26.4227026209], [-52.4187033037, -26.436872356], [-52.458639953, -26.4406526196], [-52.4762167168, -26.4209770835], [-52.4952417442, -26.4196814357], [-52.5232723894, -26.399497468], [-52.5556281981, -26.4115245163], [-52.5785087907, -26.4077794943], [-52.6021689722, -26.4149872866], [-52.6162297924, -26.4071936031], [-52.6206233528, -26.3950354114], [-52.657748859, -26.3743104871], [-52.6780958367, -26.3522070222], [-52.7183647948, -26.3568892153], [-52.7372695864, -26.3416992801], [-52.7629603218, -26.3531894897], [-52.7749001464, -26.3474450849], [-52.7905040706, -26.3520285355], [-52.8139258224, -26.3439668092], [-52.8420376233, -26.3477533121], [-52.8474986458, -26.343501592], [-52.8719302673, -26.3591011505], [-52.9162657053, -26.3550880343], [-52.9371068211, -26.3616761489], [-52.9877020568, -26.3461154549], [-53.0463161029, -26.3802403189], [-53.090180206, -26.3900354588], [-53.0938587294, -26.3826483285], [-53.1239280262, -26.3738952239], [-53.1453088347, -26.3452305817], [-53.1530402695, -26.3436302901], [-53.1615080082, -26.3513090774], [-53.1839687532, -26.3433846473], [-53.2455110685, -26.2972251256], [-53.2518809496, -26.2986041614], [-53.2544724457, -26.2887520051], [-53.2617016043, -26.2878362935], [-53.2592659629, -26.2795600872], [-53.2731496666, -26.2603012819], [-53.2798001651, -26.2594078693], [-53.2828046903, -26.2454884835], [-53.308009086, -26.2606756333], [-53.3452451083, -26.2464228863], [-53.350397764, -26.254546704], [-53.3560825743, -26.2487129101], [-53.3635489612, -26.2514132333], [-53.3750928003, -26.2415664608], [-53.4222583842, -26.2756017545], [-53.4607052581, -26.2947321932]]]}}, {"type": "Feature", "properties": {"uf": "SP", "code": "35"}, "geometry": {"type": "MultiPolygon", "coordinates": [[[[-51.0571281915, -22.765584795], [-51.1561809545, -22.7520556835], [-51.1865285848, -22.7294194269], [-51.213249632, -22.7231950168], [-51.2340450899, -22.709272862], [-51.2423928258, -22.6891039268], [-51.2647118113, -22.6672252386], [-51.3113506334, -22.6730679763], [-51.373160395, -22.6576610648], [-51.4015271913, -22.6674337448], [-51.4242363798, -22.6530391846], [-51.4459208215, -22.6524808464], [-51.47141442, -22.6767152392], [-51.498411892, -22.6900577915], [-51.5371407312, -22.6875292182], [-51.5590777827, -22.6967079432], [-51.5909877465, -22.6847273823], [-51.6273878292, -22.657770527], [-51.6618420198, -22.6567703646], [-51.6986795082, -22.6688977207], [-51.7176821266, -22.668550302], [-51.7253758738, -22.6609946094], [-51.7338537154, -22.6249957882], [-51.7533104452, -22.6167972178], [-51.7739947772, -22.6139471647], [-51.8466037557, -22.6317557792], [-51.8731704448, -22.6277460842], [-51.9400197914, -22.5668730516], [-51.9977173066, -22.5451395477], [-52.0555747951, -22.5383478032], [-52.1087184997, -22.5158261851], [-52.1271081642, -22.5194540944], [-52.1482675929, -22.5487845405], [-52.1620263219, -22.60272234], [-52.1561832381, -22.6442495913], [-52.223882711, -22.6740438947], [-52.227604335, -22.6420478173], [-52.2396377113, -22.6194146383], [-52.2499177667, -22.6149574521], [-52.2782000709, -22.6199213753], [-52.3048787049, -22.6363481709], [-52.369971218, -22.6284320917], [-52.4208741573, -22.6101298812], [-52.4451956833, -22.6078114484], [-52.5021790716, -22.6340875484], [-52.5399227634, -22.6143289189], [-52.5808301616, -22.5669125947], [-52.5888467423, -22.5656279948], [-52.662535269, -22.6114482621], [-52.7011958262, -22.6271991596], [-52.7219302742, -22.6262849315], [-52.7498027361, -22.6119014878], [-52.8149401599, -22.5965760519], [-52.8542731933, -22.6078578295], [-52.9048624185, -22.5717405523], [-52.9275049226, -22.5654906312], [-52.9724835047, -22.5702818407], [-53.0742221705, -22.6408742828], [-53.0872845028, -22.6579794897], [-53.1093561264, -22.603835788], [-53.0774831407, -22.5528715012], [-53.0393000883, -22.5269294834], [-53.0138614638, -22.5201995723], [-52.9980786587, -22.4927151444], [-52.8542619959, -22.4386459988], [-52.8393878299, -22.4148455564], [-52.7978322639, -22.3778070867], [-52.7453359553, -22.3428466343], [-52.6946374996, -22.3141433437], [-52.6453033776, -22.2978157033], [-52.5786906514, -22.2514862935], [-52.4893465518, -22.2178290376], [-52.4794700819, -22.2004151834], [-52.4076934883, -22.1411686684], [-52.3959091527, -22.1184005609], [-52.3767234607, -22.1062116891], [-52.3449406834, -22.0615089372], [-52.3185257961, -21.9716657451], [-52.3009913057, -21.9417025164], [-52.2744701806, -21.9144758429], [-52.2479132652, -21.9018143229], [-52.1900691887, -21.8456786115], [-52.1834932926, -21.813994586], [-52.1607700818, -21.7703087946], [-52.1395572866, -21.7552643804], [-52.1032978667, -21.7455879133], [-52.0760015283, -21.7144143426], [-52.0532763019, -21.6721082604], [-52.0490298982, -21.6426234784], [-52.0683851598, -21.5976421181], [-52.1016735424, -21.5693483356], [-52.0954719013, -21.5415985368], [-52.0659622791, -21.5041265478], [-51.9964434771, -21.5153960632], [-51.9674139566, -21.5012967923], [-51.9486340254, -21.4693538019], [-51.9281929016, -21.4553517844], [-51.9050935247, -21.3835372001], [-51.8682739952, -21.3530652593], [-51.8480258138, -21.2661737164], [-51.8792327869, -21.1974526353], [-51.8753743916, -21.1356833737], [-51.8231029406, -21.1263757014], [-51.8075202903, -21.1095589776], [-51.7891842389, -21.1016553747], [-51.77515804, -21.0726295179], [-51.7707717824, -21.0421967022], [-51.7224855683, -20.9769739384], [-51.7132100023, -20.9709942085], [-51.6652480448, -20.970056461], [-51.6231022942, -20.9439698441], [-51.6129929797, -20.8896146582], [-51.6250455832, -20.8736054333], [-51.6303597837, -20.8492546717], [-51.6324925442, -20.8210947589], [-51.621913947, -20.7764087718], [-51.6344148008, -20.7543852487], [-51.5936643822, -20.6433849356], [-51.5747021263, -20.6229560106], [-51.4997394518, -20.5677536276], [-51.448746913, -20.4823529338], [-51.4034285652, -20.4521904279], [-51.3503875505, -20.3627171951], [-51.3209642214, -20.3391569974], [-51.2952039904, -20.3280208006], [-51.1602869538, -20.304761607], [-51.113508444, -20.2831309583], [-51.0686845056, -20.2495870074], [-51.0577850437, -20.2327262389], [-50.9999974439, -20.084922438], [-50.9653583064, -20.033128897], [-50.9490030019, -20.032238049], [-50.9076580916, -19.9937956763], [-50.8723973074, -19.9891338297], [-50.8512778321, -19.970322894], [-50.8168603949, -19.9578713667], [-50.7831260376, -19.9367676365], [-50.7326470436, -19.9289786096], [-50.6576293584, -19.9066852347], [-50.6357102061, -19.8746013116], [-50.6050723064, -19.8556263568], [-50.5740660433, -19.8140430839], [-50.4984955444, -19.7953223185], [-50.4714455998, -19.7791938324], [-50.4166605071, -19.8006742553], [-50.3566005977, -19.8541192855], [-50.3522869787, -19.8641397644], [-50.3113937427, -19.8726429141], [-50.2851594859, -19.8673559374], [-50.2446847721, -19.876294697], [-50.2011041437, -19.8659693851], [-50.1600449166, -19.8779156927], [-50.1026711435, -19.8742688935], [-50.0790515822, -19.885518551], [-50.0436617951, -19.9159578734], [-50.0117180112, -19.9262554907], [-49.9616855984, -19.919760182], [-49.8907460498, -19.9431212014], [-49.8551049518, -19.9463606134], [-49.8348053799, -19.9328505869], [-49.7819884897, -19.9239986495], [-49.6339386823, -19.9314672446], [-49.5827142538, -19.9095264046], [-49.5587375756, -19.9107423061], [-49.5510183819, -19.9053760141], [-49.502987192, -19.9194642922], [-49.4871031689, -19.9548088362], [-49.4440542865, -19.9800462375], [-49.3560218743, -19.9862514024], [-49.2970737035, -19.9600795201], [-49.264709238, -19.9615729327], [-49.2491832544, -19.9690881848], [-49.2478749864, -19.9991708466], [-49.2620694964, -20.0064599666], [-49.2834595527, -20.0043046566], [-49.2958467277, -20.0151076492], [-49.3080744092, -20.1034264306], [-49.2987817295, -20.1666092304], [-49.2655408014, -20.228014271], [-49.2592284326, -20.2582927311], [-49.2282026853, -20.3028896838], [-49.1720975693, -20.3120672201], [-49.1202550827, -20.2700603817], [-49.0888370468, -20.2117069787], [-49.06701691, -20.1542761113], [-49.0324857312, -20.1495884695], [-49.0135378889, -20.1543316997], [-48.9836333921, -20.1732539804], [-48.9715609474, -20.2073224453], [-48.9613234972, -20.2628329891], [-48.9684350649, -20.3932714678], [-48.9625675566, -20.4026526759], [-48.899400161, -20.440867047], [-48.8781437556, -20.4291990376], [-48.8666002358, -20.3983987013], [-48.8795684605, -20.3478803332], [-48.8752039307, -20.314529896], [-48.8882985349, -20.2943786938], [-48.8846499095, -20.2659876992], [-48.8562962741, -20.2264157019], [-48.8549312184, -20.1796758755], [-48.8252822523, -20.1614894193], [-48.78067672, -20.1633833779], [-48.7290730669, -20.1498265981], [-48.7066476846, -20.15974884], [-48.6464661279, -20.1665321688], [-48.581760065, -20.1317406663], [-48.4906578555, -20.1376552855], [-48.4053193132, -20.1130412088], [-48.3784916917, -20.1218094831], [-48.3166776116, -20.1128778408], [-48.2950357159, -20.1235382961], [-48.2829657713, -20.1383743713], [-48.2646436328, -20.1433269997], [-48.2408765723, -20.1397150308], [-48.2172914625, -20.1248193196], [-48.2185340842, -20.1149174193], [-48.2529689563, -20.077451508], [-48.2436758833, -20.0469347788], [-48.2471965141, -20.0353117728], [-48.2404257395, -20.0288154302], [-48.2232021784, -20.028842214], [-48.2073157609, -20.0389009329], [-48.1820102714, -20.0741576706], [-48.1781503415, -20.0957107791], [-48.1584707217, -20.1025533306], [-48.1472661016, -20.1236699225], [-48.1260923179, -20.1307868077], [-48.1125393835, -20.143293216], [-48.0699875692, -20.1461461435], [-48.0489321917, -20.1367655528], [-48.0377393682, -20.1165276897], [-48.0193993376, -20.1196856656], [-48.001867664, -20.1036915169], [-47.9892941064, -20.0724931559], [-47.9907579828, -20.045701036], [-47.9755154757, -20.0349030017], [-47.9480282979, -20.0552877449], [-47.9430425533, -20.0915285206], [-47.9336493001, -20.1073835063], [-47.8989464647, -20.1252042255], [-47.8787217663, -20.1042647595], [-47.8688176223, -20.061394717], [-47.8598979028, -20.0537102921], [-47.8753778277, -20.0209392988], [-47.8521082504, -19.989355845], [-47.8363181483, -19.9954739207], [-47.800140592, -19.9845746547], [-47.750653663, -19.9898190647], [-47.7037849005, -19.9794339449], [-47.6756986356, -20.0014444231], [-47.6701750282, -20.0220455647], [-47.6343132004, -20.0487772373], [-47.6135391316, -20.0416383621], [-47.5942973442, -20.0254209254], [-47.5919415012, -20.0065413334], [-47.5799814035, -19.9947324835], [-47.5521874672, -19.9955553889], [-47.5397081984, -19.9838536069], [-47.5080822059, -19.9824700442], [-47.4972755372, -19.9711570719], [-47.4678431582, -19.9609516096], [-47.424675172, -20.0128728029], [-47.4437858222, -20.0274895124], [-47.4398463868, -20.0483583225], [-47.4045098237, -20.0822645843], [-47.374121721, -20.0831912432], [-47.3582273726, -20.1035099828], [-47.3092246439, -20.1240266063], [-47.2925582804, -20.1481899718], [-47.2565959654, -20.1657309588], [-47.2536523624, -20.1938580349], [-47.230625256, -20.2186797067], [-47.2458177551, -20.2609715662], [-47.2762798128, -20.2911643625], [-47.2845108964, -20.3315173142], [-47.2977588549, -20.3479627864], [-47.2933118437, -20.3852176908], [-47.2867884639, -20.3874472823], [-47.2913058586, -20.3975547259], [-47.2850063094, -20.4052667252], [-47.2930071355, -20.4181818691], [-47.2883172244, -20.4210816268], [-47.295650708, -20.4267827119], [-47.2868396603, -20.4346760057], [-47.2923160543, -20.4472601912], [-47.2110394712, -20.5018231568], [-47.1540682856, -20.5190830153], [-47.1410719343, -20.5405421831], [-47.1372062392, -20.5606310249], [-47.1423035764, -20.5651169686], [-47.1319474129, -20.5903093304], [-47.1223132194, -20.59420671], [-47.1228729982, -20.6122477911], [-47.1082859689, -20.6203300152], [-47.1122322359, -20.637609489], [-47.0964472918, -20.6440533821], [-47.1007865913, -20.6826916479], [-47.1148520514, -20.7067287909], [-47.1486164248, -20.7071414986], [-47.1651492727, -20.701012673], [-47.172674509, -20.7114435655], [-47.1690610535, -20.7172206971], [-47.1857965458, -20.7309650776], [-47.1747430697, -20.7387867977], [-47.1818428737, -20.7408169504], [-47.1883687066, -20.7701485473], [-47.206619605, -20.7750558898], [-47.2134156882, -20.7918352868], [-47.2243042946, -20.7996235465], [-47.2140344024, -20.8267439719], [-47.2395938728, -20.8848060148], [-47.2241227905, -20.9111367489], [-47.2100087697, -20.9236631239], [-47.1895898042, -20.9277420683], [-47.192115818, -20.9415769196], [-47.1808260661, -20.9533339381], [-47.1683919267, -20.9560168653], [-47.1640866594, -20.9655760665], [-47.1491199854, -20.9694939978], [-47.1432890483, -20.9819092695], [-47.1565797449, -21.0183481944], [-47.1386497469, -21.0688047879], [-47.1418352211, -21.0877531371], [-47.112701435, -21.1044443854], [-47.1330551982, -21.1329784389], [-47.1181492792, -21.1485662633], [-47.1231975395, -21.1674320611], [-47.1180789929, -21.1854474544], [-47.102378458, -21.2000901589], [-47.0980395944, -21.2136099932], [-47.0861229935, -21.2069394563], [-47.0613101465, -21.2103841892], [-47.0784621396, -21.2301173659], [-47.0768380286, -21.239745658], [-47.0626422579, -21.2388352462], [-47.0518318078, -21.2460408013], [-47.0390833265, -21.2804665827], [-47.0419186099, -21.2894767388], [-47.0293430983, -21.2990010648], [-47.0347311204, -21.3105434985], [-47.0205373692, -21.321152454], [-47.0176087988, -21.3398288324], [-46.9981348275, -21.348608934], [-46.9963890783, -21.3572194927], [-47.0090857182, -21.3702710729], [-47.0041323046, -21.3830899871], [-47.0157969313, -21.3974840189], [-47.007263986, -21.4101941609], [-47.0107864635, -21.4217943808], [-46.9864214113, -21.4211611418], [-46.98391752, -21.4262161012], [-46.9738965598, -21.4173709863], [-46.9203266259, -21.4266521862], [-46.89984256, -21.4127127042], [-46.893073192, -21.4152240523], [-46.8843405048, -21.4061734071], [-46.8676760736, -21.4032442013], [-46.8553371637, -21.3892438938], [-46.8416353937, -21.3886291642], [-46.830390466, -21.3656533355], [-46.7913131348, -21.3732038], [-46.7642571409, -21.3595844143], [-46.7583904479, -21.3624262318], [-46.7616889861, -21.3744894275], [-46.7533758746, -21.3811667227], [-46.7339220009, -21.3936903503], [-46.7199965182, -21.3891623596], [-46.7055148367, -21.404364261], [-46.6917590634, -21.3822674983], [-46.6734736806, -21.3740122427], [-46.6662771259, -21.3608122006], [-46.6467522771, -21.3637144086], [-46.6470628901, -21.3931266386], [-46.6368952028, -21.4102098326], [-46.6261201681, -21.4110076012], [-46.6179741285, -21.4208271788], [-46.6148108424, -21.4409873261], [-46.6014431016, -21.4434807203], [-46.5760671414, -21.4264762393], [-46.5609672482, -21.4413306842], [-46.5197545629, -21.4471613965], [-46.5191126237, -21.4615379857], [-46.5088069589, -21.4694185376], [-46.5084438, -21.4886465562], [-46.5188042048, -21.5004091163], [-46.5156557621, -21.5108605554], [-46.5237292798, -21.5213690509], [-46.5196177112, -21.5345599967], [-46.5106594912, -21.535397518], [-46.4996023974, -21.5540511406], [-46.5215476186, -21.5840268652], [-46.5179892966, -21.592574044], [-46.5238339687, -21.6006335417], [-46.5155298212, -21.6055114485], [-46.5177813652, -21.6123407701], [-46.552531848, -21.6375940432], [-46.547821949, -21.6493866088], [-46.5662511456, -21.6587206518], [-46.5654287949, -21.6788414379], [-46.5765007025, -21.6845786638], [-46.620756974, -21.6750661896], [-46.6294265565, -21.7042380078], [-46.6220027462, -21.7150564537], [-46.6303935559, -21.7404184288], [-46.6255822931, -21.7657449253], [-46.6535430503, -21.7787648797], [-46.6507534226, -21.7889620087], [-46.6902657609, -21.8371523058], [-46.6767188585, -21.8495559673], [-46.6656984696, -21.8504428571], [-46.6573754191, -21.8736909232], [-46.6470879079, -21.8799788117], [-46.6527192056, -21.8955296005], [-46.672717521, -21.9076068991], [-46.6645627885, -21.9201143797], [-46.6668535656, -21.9320780456], [-46.6531955533, -21.9412225684], [-46.6437593732, -21.9740713761], [-46.6305495203, -21.980694014], [-46.6120124475, -22.0043827404], [-46.6146868572, -22.0169023027], [-46.6494710833, -22.0090656066], [-46.6617524197, -22.0232134044], [-46.6804607089, -22.0259858883], [-46.6849754609, -22.0368224555], [-46.6759162777, -22.0549558404], [-46.6576346415, -22.0595150555], [-46.6643367172, -22.0683802395], [-46.7056679927, -22.078489339], [-46.71633434, -22.0731123117], [-46.722993221, -22.0763383436], [-46.714920648, -22.0908791398], [-46.7000202298, -22.0946906262], [-46.6930503734, -22.0895948881], [-46.6704747163, -22.0968582886], [-46.6495569776, -22.091014995], [-46.6338912061, -22.107182635], [-46.623209541, -22.1085359818], [-46.6156667775, -22.1301722901], [-46.598081069, -22.1359061709], [-46.612592414, -22.1497682432], [-46.6400077732, -22.1572362503], [-46.6451364631, -22.1801630885], [-46.6738519135, -22.175821184], [-46.6703511453, -22.1837771701], [-46.6775439962, -22.2230576659], [-46.6926915245, -22.2371479112], [-46.6881753675, -22.2482847117], [-46.6935898387, -22.2461833284], [-46.710441495, -22.2634636578], [-46.7018870323, -22.277395338], [-46.7100657883, -22.2845113707], [-46.7049351244, -22.2954649823], [-46.7228097243, -22.3061400239], [-46.7175018995, -22.3164603807], [-46.7105321371, -22.3123036605], [-46.7103676886, -22.3188416674], [-46.7007489479, -22.3210090965], [-46.697169279, -22.3427282687], [-46.6747992218, -22.3689273037], [-46.6604732729, -22.365556731], [-46.6663753457, -22.4132944095], [-46.6465812061, -22.4283540034], [-46.6394389743, -22.4250896827], [-46.6311571702, -22.4353510312], [-46.6114727817, -22.4349582381], [-46.6030179647, -22.4425892923], [-46.5846841035, -22.4389627192], [-46.5732220417, -22.4451008768], [-46.5722036933, -22.4526557571], [-46.5543643714, -22.4461650372], [-46.5483602561, -22.4546695094], [-46.5494152802, -22.469062995], [-46.5302179901, -22.4703674112], [-46.5416973086, -22.4938708072], [-46.5065415474, -22.5064735578], [-46.5048395475, -22.5165617031], [-46.4907290908, -22.5099012832], [-46.4841207027, -22.5187562952], [-46.4529182263, -22.5219510028], [-46.4255311449, -22.5471448823], [-46.4174953588, -22.5469698423], [-46.411247333, -22.5362157169], [-46.406503589, -22.5394467515], [-46.4109680035, -22.5538274436], [-46.4333066468, -22.5733897346], [-46.4282738025, -22.5834392467], [-46.4119954463, -22.584963024], [-46.423752252, -22.59906052], [-46.404308973, -22.6204071437], [-46.4225563573, -22.6243595554], [-46.4241708382, -22.6331128925], [-46.3958632953, -22.6454957403], [-46.3926099424, -22.6624876621], [-46.4054139461, -22.672073551], [-46.4052251005, -22.6621281871], [-46.4129703098, -22.6593641836], [-46.4608577948, -22.6755257088], [-46.4686424197, -22.6726925798], [-46.4801868999, -22.677829636], [-46.4695265723, -22.6934893983], [-46.477743719, -22.6990880529], [-46.457742013, -22.7066091511], [-46.4522734395, -22.7270953661], [-46.4390042833, -22.7262391104], [-46.4061927738, -22.7404336864], [-46.385356143, -22.7398175534], [-46.3600310983, -22.7608575744], [-46.354442677, -22.7566057533], [-46.3340927065, -22.7598130615], [-46.3321173498, -22.7656287581], [-46.3612463819, -22.7884543123], [-46.3763617496, -22.8273322544], [-46.3702486852, -22.8345842528], [-46.3721293053, -22.8596100098], [-46.3837428776, -22.8694787216], [-46.3750518665, -22.8705198942], [-46.3773862423, -22.8787526549], [-46.3558613249, -22.8998156577], [-46.3441886392, -22.904047733], [-46.3135516653, -22.8865066996], [-46.2945799213, -22.8973313284], [-46.2785780122, -22.8778599404], [-46.2664152324, -22.8751994765], [-46.2580821868, -22.8900868226], [-46.237722795, -22.8936677336], [-46.2336962939, -22.8813349785], [-46.1917499811, -22.8647426696], [-46.185051651, -22.8687017352], [-46.143658818, -22.8575201609], [-46.1364388037, -22.8900533385], [-46.1535417868, -22.9119121663], [-46.1386460698, -22.9222669406], [-46.0947711419, -22.8939406975], [-46.0749463048, -22.8904751242], [-46.0513293016, -22.8958387576], [-46.0268848732, -22.8841807633], [-46.0079965025, -22.8887345927], [-45.9916378808, -22.8770028628], [-45.9919076691, -22.8691070771], [-45.9597470902, -22.8571408043], [-45.9499634093, -22.8454025341], [-45.9365010207, -22.8447631563], [-45.9122197953, -22.816106688], [-45.9038582636, -22.8187655216], [-45.905225706, -22.8336041132], [-45.89058578, -22.8441839066], [-45.8884696398, -22.8753281658], [-45.8634070893, -22.8682214909], [-45.841295232, -22.8326947973], [-45.8229213038, -22.8293982568], [-45.815691376, -22.8338910265], [-45.8093574496, -22.828897778], [-45.7917708726, -22.8572274433], [-45.7814397354, -22.8547682139], [-45.7665206471, -22.84185837], [-45.7705009804, -22.8054379587], [-45.7544723268, -22.792423402], [-45.7448963315, -22.7935697836], [-45.7412629606, -22.8074278116], [-45.7131372268, -22.8142966549], [-45.7138848682, -22.8081401575], [-45.7295466151, -22.7993543544], [-45.7285852286, -22.7847487051], [-45.7163595877, -22.7794903774], [-45.7117666305, -22.7693548468], [-45.7277007712, -22.7231935058], [-45.7560199959, -22.7205515393], [-45.7951897613, -22.7385329741], [-45.81620444, -22.7269760579], [-45.8175472982, -22.7108793281], [-45.8111986568, -22.6982222547], [-45.7874150084, -22.6928674064], [-45.7501084084, -22.6707533815], [-45.7423633461, -22.658677779], [-45.7157395834, -22.6615041457], [-45.6935496526, -22.6512215986], [-45.7082737147, -22.6389795912], [-45.7170263271, -22.6205217461], [-45.729619575, -22.618227811], [-45.736985658, -22.6080507722], [-45.7163978477, -22.5772157147], [-45.6949964424, -22.5858496943], [-45.6782746245, -22.5728030684], [-45.6594402788, -22.5795937573], [-45.6584169999, -22.5976228256], [-45.6806354935, -22.6358474313], [-45.6641094802, -22.6498846601], [-45.6176857325, -22.6374256986], [-45.6046366583, -22.6199437791], [-45.5843371087, -22.6150202555], [-45.5875556472, -22.6099342242], [-45.576077739, -22.6012143721], [-45.5549136844, -22.6259524171], [-45.5839284236, -22.6512000383], [-45.5731350081, -22.6564814341], [-45.5394665126, -22.6520910684], [-45.5001009429, -22.6254820797], [-45.4883592942, -22.6282964774], [-45.4743332603, -22.5990212703], [-45.4808453707, -22.5907068276], [-45.4734156342, -22.5884056284], [-45.4332933457, -22.6187366593], [-45.4120551322, -22.622513354], [-45.4100804871, -22.6511819551], [-45.3995453785, -22.6531911866], [-45.3701576557, -22.6368277043], [-45.3605180375, -22.6382722524], [-45.3325221491, -22.6171500967], [-45.2754258803, -22.6164691271], [-45.2609677504, -22.6066263246], [-45.2604788913, -22.5828681913], [-45.2226567082, -22.5631415084], [-45.1776063285, -22.5493876494], [-45.1640771186, -22.5374395174], [-45.1663242416, -22.5302010084], [-45.1498854081, -22.5068654514], [-45.0279666342, -22.4627084486], [-45.0267131384, -22.4697375983], [-44.9913777445, -22.4656827101], [-44.9654228621, -22.4747033922], [-44.9396332824, -22.4521796677], [-44.8974054603, -22.4524208253], [-44.8892953632, -22.4316345561], [-44.8717182586, -22.4238383954], [-44.8325176275, -22.4305003695], [-44.8236993913, -22.418846458], [-44.807549181, -22.4136216527], [-44.8088055001, -22.4048049407], [-44.7546691191, -22.4144393389], [-44.7330671274, -22.4331079751], [-44.7173275806, -22.4678453323], [-44.7234554635, -22.4836286961], [-44.7096547463, -22.4999220439], [-44.7152669347, -22.51374936], [-44.7007141808, -22.5106313111], [-44.6694944012, -22.5388139895], [-44.6758224557, -22.5444222937], [-44.6769920473, -22.561009508], [-44.6610988162, -22.5504455034], [-44.6412959368, -22.5588796361], [-44.6454244317, -22.6034094938], [-44.6342083339, -22.6090848805], [-44.6221280853, -22.605277279], [-44.6093623016, -22.6165849995], [-44.6018791758, -22.6071455453], [-44.583716041, -22.6255001268], [-44.5727447585, -22.6014099406], [-44.5628081858, -22.6110331181], [-44.5504684014, -22.6045500909], [-44.5256318527, -22.6190236693], [-44.5370215877, -22.6318802331], [-44.5348524773, -22.6370465135], [-44.5307983915, -22.6390053269], [-44.5303780425, -22.6298456136], [-44.5144891016, -22.6297303223], [-44.5088845456, -22.6404302741], [-44.4851336574, -22.6108804756], [-44.488039817, -22.6060357445], [-44.4657757876, -22.6151968935], [-44.4297940832, -22.5980401349], [-44.4064553155, -22.6078791994], [-44.3980790672, -22.6025258727], [-44.4091531662, -22.5878640672], [-44.3914602833, -22.5726507199], [-44.3839856822, -22.5732929591], [-44.3597675235, -22.5814346514], [-44.3698504866, -22.5893732205], [-44.3611594544, -22.5924024154], [-44.3562754621, -22.6139996256], [-44.3428738661, -22.5877700213], [-44.2953515887, -22.5977568762], [-44.2852587854, -22.6092389979], [-44.2710697064, -22.600471716], [-44.2530526238, -22.6117798159], [-44.226376384, -22.6040858105], [-44.2189337584, -22.6170444867], [-44.2036721331, -22.6149672287], [-44.2033507763, -22.6264640719], [-44.1838461913, -22.6368060823], [-44.1896966292, -22.6480916127], [-44.171019758, -22.6589359732], [-44.1605171381, -22.6778357533], [-44.1762112004, -22.6926665751], [-44.1780750436, -22.707432587], [-44.2032885471, -22.7158840933], [-44.1979864451, -22.7244871957], [-44.2015485737, -22.7319419634], [-44.2263896808, -22.7331754191], [-44.242143626, -22.74955391], [-44.2383466546, -22.7552319991], [-44.2500417923, -22.7570747633], [-44.2571499787, -22.7664652269], [-44.2563893793, -22.786279147], [-44.2397502661, -22.7908911368], [-44.2438464745, -22.8018968871], [-44.2611571554, -22.8047323636], [-44.2730087571, -22.8320052613], [-44.2828961955, -22.8354182086], [-44.2862894996, -22.8280528353], [-44.296209571, -22.827354604], [-44.3233511046, -22.8490884892], [-44.3200452367, -22.8399832943], [-44.3259872224, -22.8376860997], [-44.3737908967, -22.857593333], [-44.4177626016, -22.8476195832], [-44.4372139574, -22.8719219091], [-44.4657899647, -22.885031641], [-44.4805197054, -22.8658255322], [-44.4759903531, -22.8558503245], [-44.483941462, -22.8458644545], [-44.494296083, -22.845978464], [-44.5326213918, -22.868757571], [-44.5432794305, -22.8843401054], [-44.5548193983, -22.8886085242], [-44.5755457001, -22.8781080549], [-44.6001837611, -22.8883028027], [-44.6066300138, -22.8851965484], [-44.6589364367, -22.9272436074], [-44.6734592164, -22.9178062688], [-44.6877737585, -22.9360068971], [-44.7131601642, -22.9297292189], [-44.743097185, -22.947019424], [-44.75485295, -22.9798155447], [-44.7920443676, -22.9816733094], [-44.792877948, -22.9932216924], [-44.8022091561, -22.9986528317], [-44.7927184528, -23.0097521839], [-44.7961254117, -23.0241793034], [-44.8027897012, -23.04985823], [-44.8111300381, -23.054018498], [-44.8068891061, -23.0616354905], [-44.8135747105, -23.0671387137], [-44.8182677357, -23.0895789082], [-44.8086013614, -23.0992458792], [-44.8157721844, -23.1097159603], [-44.8106772947, -23.1252271691], [-44.8193767014, -23.1327383776], [-44.8164352601, -23.1402833916], [-44.8250080642, -23.1432255889], [-44.8253462484, -23.1626073009], [-44.8722746801, -23.1825880319], [-44.8759345618, -23.1974122207], [-44.892473185, -23.2109932266], [-44.9157425824, -23.1980880987], [-44.960916368, -23.2445491], [-44.9666615856, -23.2448935149], [-44.9709904756, -23.2323755557], [-44.9835295651, -23.2289991886], [-44.9951615485, -23.2396889609], [-44.9939834305, -23.2501372743], [-45.0171862453, -23.2692306723], [-45.0098321026, -23.2830536449], [-45.0094859258, -23.3060662832], [-45.0440719592, -23.3148247126], [-45.0481725818, -23.3092627466], [-45.0566435889, -23.3118156364], [-45.0673686047, -23.2998239124], [-45.0737877405, -23.3037410235], [-45.0700333512, -23.3229466031], [-45.0773395613, -23.3271468013], [-45.0675392508, -23.3472142785], [-45.0756404479, -23.3444753521], [-45.0980497459, -23.3585601782], [-45.1165072887, -23.3544557163], [-45.1334247553, -23.3630552229], [-45.1392733101, -23.3596643175], [-45.1453039113, -23.3780428744], [-45.1745972344, -23.3946747385], [-45.1658693936, -23.4099469499], [-45.1764306477, -23.4135916552], [-45.1763577683, -23.4400255415], [-45.3085004242, -23.496833125], [-45.3244857196, -23.5286753738], [-45.3417886993, -23.5379967419], [-45.3417911295, -23.5475822313], [-45.3551861759, -23.5393885338], [-45.3706566722, -23.5416799292], [-45.3850637251, -23.5551991087], [-45.4125389282, -23.5595545963], [-45.4239621294, -23.547896874], [-45.4393207413, -23.552636508], [-45.4453686144, -23.5680574156], [-45.4701579949, -23.5818511413], [-45.4761932169, -23.5728473378], [-45.4870886193, -23.5719869679], [-45.5240868368, -23.6043319491], [-45.5405110498, -23.5961541655], [-45.5803532364, -23.6462961363], [-45.6025060875, -23.653626975], [-45.6314067324, -23.6566547981], [-45.6324824203, -23.6446596338], [-45.6213811208, -23.6293457047], [-45.6361251895, -23.621635494], [-45.6564038882, -23.6253200197], [-45.666580854, -23.6198592618], [-45.6690687547, -23.6288208071], [-45.7020932349, -23.6363575201], [-45.707051743, -23.6442812363], [-45.7112862028, -23.6416783163], [-45.7332100192, -23.6559281427], [-45.7412456393, -23.6676766631], [-45.763040948, -23.6705610774], [-45.7774291922, -23.6825935108], [-45.7857599263, -23.6778784447], [-45.7961055906, -23.6832590515], [-45.7973767044, -23.6750669208], [-45.8160662058, -23.6764451926], [-45.8368044462, -23.6693425986], [-45.8306514717, -23.6513586684], [-45.8449493986, -23.6432624786], [-45.8541516333, -23.6461009144], [-45.8569333663, -23.6548051925], [-45.8983552054, -23.6546162802], [-45.9050330862, -23.6635853084], [-45.9166801008, -23.664860515], [-45.9238442484, -23.680373381], [-45.9192067409, -23.6881078307], [-45.9347799852, -23.7000410071], [-45.9754121706, -23.6935702573], [-46.030260274, -23.7198619183], [-46.0540955316, -23.7160578384], [-46.0670354159, -23.7285779493], [-46.1023227248, -23.7364026097], [-46.1073571445, -23.7313766309], [-46.0963758126, -23.7268213451], [-46.1053825307, -23.7105660328], [-46.1146412849, -23.7186432722], [-46.1256820361, -23.7126239763], [-46.1312635627, -23.7245768468], [-46.1553397477, -23.7359519205], [-46.1608382224, -23.7298866866], [-46.1758196744, -23.7340154829], [-46.1779712457, -23.7455029033], [-46.2145357528, -23.7587388622], [-46.2207882012, -23.7724327113], [-46.2435991386, -23.7751740379], [-46.2329961487, -23.7865562505], [-46.2393495087, -23.7997194313], [-46.2094564025, -23.8125910966], [-46.2114347101, -23.8241349515], [-46.237725436, -23.8381828381], [-46.2346641598, -23.8580296086], [-46.2158934268, -23.8593334444], [-46.1991120898, -23.8801632482], [-46.1781328595, -23.8821957714], [-46.1790146248, -23.8889649845], [-46.1524154853, -23.8612274083], [-46.1241018353, -23.8594035157], [-46.1394648839, -23.8743770729], [-46.1380498904, -23.8908589241], [-46.1514938335, -23.8965289645], [-46.1492477868, -23.9069319335], [-46.1603541071, -23.9057711392], [-46.1793241023, -23.9238504779], [-46.1776246461, -23.9385778173], [-46.1678863453, -23.9367858637], [-46.1612960832, -23.9437086505], [-46.1828221843, -23.9615694016], [-46.1868304971, -23.9719118385], [-46.181330295, -23.9900458428], [-46.1893237092, -23.9890147547], [-46.2027445137, -23.9999407116], [-46.2069352189, -23.997737757], [-46.2018539663, -23.9911204361], [-46.2113679655, -23.9851922351], [-46.244076538, -23.9908934252], [-46.2634391312, -24.0026528745], [-46.26735677, -24.008575276], [-46.2631352112, -24.0139362654], [-46.2737662491, -24.0152326773], [-46.2776346638, -24.0362159496], [-46.2868574994, -24.0447757199], [-46.283657935, -24.0255990064], [-46.2943570196, -24.0161090699], [-46.3112113447, -24.0276114666], [-46.3126630194, -24.0199668526], [-46.3236897767, -24.0217544999], [-46.321187938, -23.9988691077], [-46.3039410509, -23.9901828771], [-46.3203870625, -23.974830927], [-46.3547074429, -23.9697584672], [-46.368767525, -23.9725691062], [-46.3682951362, -23.9807238059], [-46.3741581253, -23.9687426964], [-46.3842675826, -23.9698903398], [-46.3878840517, -23.9751136103], [-46.3804960189, -23.9757617017], [-46.3746285542, -23.9857764445], [-46.3917862876, -23.9969176557], [-46.3916344118, -24.0100519056], [-46.3831742764, -24.0172149492], [-46.3898043816, -24.0160092348], [-46.3989702364, -24.033139459], [-46.3991300173, -24.0177902674], [-46.4166023294, -24.0132819881], [-46.4986875717, -24.0401280086], [-46.7092205442, -24.1434540327], [-46.8972471218, -24.2526222605], [-46.9262398758, -24.2313157921], [-46.9253014108, -24.2224577231], [-46.9512432064, -24.1921454269], [-46.9402997021, -24.1585022394], [-46.9466968228, -24.1417343484], [-46.9727200052, -24.1384408353], [-46.9835532924, -24.1233951644], [-47.005208928, -24.1278920497], [-47.0129492322, -24.1409106337], [-47.0336268423, -24.1474601735], [-47.0328457128, -24.1601676231], [-47.045652553, -24.1795715491], [-47.0694754864, -24.1941505747], [-47.0600041863, -24.2098003147], [-47.0382056716, -24.2218918385], [-47.0287812803, -24.219028331], [-47.0293975575, -24.2303582629], [-47.041623075, -24.2371244183], [-47.0566568504, -24.2623885351], [-47.048272965, -24.276652836], [-47.0398019089, -24.2736313415], [-47.0229913669, -24.2810223732], [-47.0391087628, -24.3285029179], [-47.0959960098, -24.3537987432], [-47.1104697418, -24.3518810703], [-47.1204240724, -24.3645854995], [-47.1116191948, -24.3876416389], [-47.0990240921, -24.3906501668], [-47.112048688, -24.3995061606], [-47.1163733326, -24.4180180747], [-47.1027620356, -24.4328119167], [-47.0858792009, -24.4304227034], [-47.078132527, -24.4426292293], [-47.1778892213, -24.5170808972], [-47.1868593996, -24.5331486852], [-47.2280834679, -24.5585605319], [-47.2274960794, -24.570559285], [-47.2503264566, -24.575334317], [-47.4032408859, -24.6619454316], [-47.4011670063, -24.6675033308], [-47.4321317904, -24.6841318023], [-47.4416079039, -24.6980297109], [-47.5315829616, -24.7380960979], [-47.6521623489, -24.8185645649], [-47.8414170535, -24.9744454447], [-47.873251815, -25.0120829549], [-47.8876096086, -25.0531837311], [-47.9139404753, -25.0513086208], [-47.9173627517, -25.0144963738], [-47.8998844779, -25.0041061046], [-47.8943895864, -24.9905581405], [-47.8713577435, -24.9808125764], [-47.8851399343, -24.972418799], [-47.8905884884, -24.98009701], [-47.8881625914, -24.9652021356], [-47.8718026101, -24.9676615676], [-47.8613367935, -24.9616945893], [-47.8548610079, -24.9362580789], [-47.8286687811, -24.9205466567], [-47.8272535825, -24.9115045453], [-47.8391122608, -24.9042761785], [-47.8096084395, -24.9111719675], [-47.7997921184, -24.8890730263], [-47.7762445915, -24.8784555254], [-47.7642994404, -24.8583536106], [-47.7465017307, -24.8510651292], [-47.7338946781, -24.8351923839], [-47.7375311098, -24.8296625634], [-47.74742644, -24.8312026621], [-47.7495883035, -24.8410624508], [-47.7628303477, -24.8325970004], [-47.7715526103, -24.8390267264], [-47.7699848401, -24.8450184621], [-47.7776006043, -24.8460295982], [-47.7761778565, -24.8355269227], [-47.7822636826, -24.8287437815], [-47.7731838733, -24.8160227292], [-47.7812794434, -24.8010967745], [-47.809490117, -24.7892751317], [-47.8285634976, -24.7667685999], [-47.8298311709, -24.755895104], [-47.8528641629, -24.7677736434], [-47.84629674, -24.7837848438], [-47.8641735593, -24.7927487334], [-47.8651750066, -24.7988705003], [-47.8876024643, -24.7868858059], [-47.8917640626, -24.774855054], [-47.9166893737, -24.7766796004], [-47.9426236883, -24.7666990052], [-47.9448887628, -24.7714639831], [-47.9267484325, -24.7801876582], [-47.9303832186, -24.7886168392], [-47.9254392086, -24.7945820675], [-47.9380572648, -24.8102722486], [-47.9132421707, -24.8367849004], [-47.9163405486, -24.8561392343], [-47.9544130266, -24.8354897395], [-47.9628075553, -24.8597223126], [-47.9552216111, -24.8763454123], [-47.959220105, -24.8782219693], [-47.9825569075, -24.8656937909], [-47.9911155981, -24.8460671893], [-48.0119826907, -24.8528692666], [-48.0351394756, -24.8356166944], [-48.0514470234, -24.8347976824], [-48.0573012356, -24.8479579719], [-48.0432776032, -24.8591423979], [-48.0434983547, -24.8839989773], [-48.0347708681, -24.8913810702], [-48.0351177724, -24.9162487541], [-48.0459672799, -24.9211939636], [-48.0456937729, -24.9276907996], [-48.0253574539, -24.9432724412], [-48.0245012266, -24.9515602469], [-48.0355312165, -24.9657148315], [-48.0778865599, -24.9533537906], [-48.0962259708, -24.9601228847], [-48.0991373009, -24.974742109], [-48.1343552473, -24.9788970727], [-48.1390026738, -24.9858370966], [-48.1618313086, -24.9643459814], [-48.1799481878, -24.970090194], [-48.2099984332, -24.9564410032], [-48.2282771289, -24.9722796377], [-48.2262241626, -24.9830526775], [-48.2392203369, -24.9909265455], [-48.2499774874, -24.9769810116], [-48.2588075667, -24.9861595646], [-48.2543312852, -24.9960068978], [-48.2628591918, -24.9923134978], [-48.2691129617, -24.9970447047], [-48.2774440845, -25.0324832522], [-48.2870512185, -25.0394780578], [-48.2968365023, -25.022963155], [-48.2987484572, -25.0349198182], [-48.3069884992, -25.0349916394], [-48.3081419261, -25.0462138752], [-48.3331972838, -25.0700824705], [-48.3332369455, -25.0570786682], [-48.3238754441, -25.0538976669], [-48.3236676535, -25.0362573587], [-48.3507541114, -25.035999095], [-48.3542748485, -25.019470451], [-48.3781646483, -24.9965376489], [-48.4106792667, -24.9797411069], [-48.4165609028, -24.9888772054], [-48.4339806142, -24.9908082943], [-48.4748920664, -25.0146560792], [-48.4850579008, -25.0416466067], [-48.4828171807, -25.0527017448], [-48.497931647, -25.0586159144], [-48.5281079994, -25.1002987218], [-48.5558674849, -25.0838087907], [-48.5584277973, -25.0610520166], [-48.5685946168, -25.0505720047], [-48.5821861226, -25.0511558928], [-48.5810635933, -25.0343670815], [-48.5891081452, -25.0291989764], [-48.5883939863, -25.0192156363], [-48.5987714898, -25.0187825652], [-48.6003557844, -25.0100156785], [-48.5879848829, -24.9859493783], [-48.579659012, -24.9864511574], [-48.5668957728, -24.9717769335], [-48.5721959435, -24.9544404681], [-48.5625064642, -24.9498360386], [-48.569200971, -24.944756081], [-48.5623926824, -24.9389395139], [-48.5697043348, -24.9310518885], [-48.5659421357, -24.9163133731], [-48.571585354, -24.8945235172], [-48.5588323654, -24.9006944177], [-48.5578692637, -24.8840954132], [-48.5465684827, -24.8803106977], [-48.5492555101, -24.8670067645], [-48.5662013929, -24.8634682283], [-48.5673404027, -24.8470101721], [-48.5552798075, -24.8233036996], [-48.555279621, -24.8057135982], [-48.5162501537, -24.7796927353], [-48.5162268695, -24.7680709547], [-48.5063030089, -24.7639632965], [-48.5072256707, -24.7518829622], [-48.4988326334, -24.7384783823], [-48.531308858, -24.7362774746], [-48.5287007578, -24.7311007053], [-48.568723196, -24.7003227296], [-48.5815612682, -24.670212775], [-48.5887788165, -24.680041622], [-48.6035555298, -24.6678081996], [-48.6161453421, -24.6681846713], [-48.6276990105, -24.6800221859], [-48.6373361773, -24.6771788503], [-48.6448398509, -24.6810366752], [-48.6411673831, -24.6891789351], [-48.6576983293, -24.6915594761], [-48.6609116049, -24.7062183013], [-48.6767202506, -24.6979225904], [-48.6710337853, -24.6981805477], [-48.6765843195, -24.6920383444], [-48.6709983626, -24.678813534], [-48.6764990633, -24.6711228498], [-48.6936124962, -24.6701951724], [-48.6878064873, -24.6769765139], [-48.691028985, -24.6935484744], [-48.7033368897, -24.6798937335], [-48.73406039, -24.6839932089], [-48.7519444472, -24.6946918861], [-48.7568109067, -24.6793661692], [-48.7685801992, -24.6947900711], [-48.7781758405, -24.6962432], [-48.7877309245, -24.6807013104], [-48.8100644922, -24.6746856173], [-48.8203122013, -24.6568040025], [-48.8294119049, -24.654913222], [-48.8399246979, -24.6644889832], [-48.8580286327, -24.6572122047], [-48.8467600478, -24.6706322036], [-48.8514238146, -24.6745175168], [-48.8649183084, -24.6668384166], [-48.9007010624, -24.6695917279], [-48.9118083745, -24.6717078729], [-48.9135054246, -24.6822456066], [-48.9219501531, -24.6746992681], [-48.9476132643, -24.6732273373], [-48.9579756378, -24.6847956665], [-48.973952602, -24.6663461383], [-48.9879751115, -24.664759214], [-48.9889216071, -24.6561555559], [-49.0082412351, -24.6599432643], [-49.0039357442, -24.6384712824], [-48.9992579673, -24.6376498099], [-49.0066540993, -24.6333778116], [-49.0178972273, -24.6421293355], [-49.0342052574, -24.6340093554], [-49.0418091047, -24.640087191], [-49.032397003, -24.6414542073], [-49.0369219567, -24.6599325284], [-49.0608094867, -24.6848542126], [-49.0685896082, -24.6843806714], [-49.0793555052, -24.6721217405], [-49.0966103799, -24.6813872109], [-49.1051125583, -24.6742246693], [-49.1111151686, -24.6878652195], [-49.1343437298, -24.6750729076], [-49.1851718571, -24.6722635926], [-49.2045320329, -24.6854751571], [-49.2074373423, -24.7004196082], [-49.2752012476, -24.6938902869], [-49.3115354258, -24.6630463524], [-49.2991454409, -24.6544710171], [-49.3092553811, -24.6452745382], [-49.3058952622, -24.6423657097], [-49.3159481866, -24.6385122445], [-49.3065957798, -24.6212519679], [-49.3141437785, -24.6137784577], [-49.3126481836, -24.6042176351], [-49.30311738, -24.5964626034], [-49.3160860207, -24.5874891008], [-49.310392532, -24.5805094251], [-49.3155097336, -24.5550230076], [-49.3050935756, -24.5459060651], [-49.292051665, -24.5524049915], [-49.2917804243, -24.5438155723], [-49.2816168921, -24.5385371332], [-49.2951948237, -24.4998241973], [-49.2690950144, -24.4918242871], [-49.2707413445, -24.4828472151], [-49.2626032296, -24.473341926], [-49.2464443742, -24.4686120807], [-49.2448577461, -24.4579279481], [-49.2530711607, -24.4552588361], [-49.2521834904, -24.4336667277], [-49.2349831832, -24.410555421], [-49.2432384823, -24.4016977919], [-49.2497558402, -24.4133802875], [-49.2530215893, -24.4045531707], [-49.2373407217, -24.378534661], [-49.2002006201, -24.3439283664], [-49.2054685688, -24.3377687086], [-49.2238089919, -24.3397436112], [-49.2307346446, -24.3299103458], [-49.2483973275, -24.3300278903], [-49.2499583883, -24.318879196], [-49.2742336434, -24.3049961527], [-49.2833304469, -24.3075779489], [-49.2882341458, -24.2913090805], [-49.2981955574, -24.2873245226], [-49.2982314614, -24.2675717561], [-49.3081951371, -24.2581850324], [-49.3048956705, -24.2509462981], [-49.355479219, -24.2140275124], [-49.355283782, -24.20858937], [-49.3410656328, -24.2026376477], [-49.3458389753, -24.1907081225], [-49.3398671014, -24.1566955685], [-49.3319811608, -24.1496366121], [-49.3364840266, -24.1365620925], [-49.3628943296, -24.1256153981], [-49.3616771306, -24.1196120583], [-49.3703681092, -24.1138995408], [-49.3888739577, -24.1189082573], [-49.4086738711, -24.1077724618], [-49.4044035493, -24.095365929], [-49.4295319526, -24.0880523694], [-49.4285353769, -24.0775538517], [-49.4349111257, -24.0746103736], [-49.4293075168, -24.0682243161], [-49.4385038061, -24.0682647776], [-49.4373447104, -24.0583028689], [-49.451446683, -24.0547637719], [-49.4629471569, -24.0270186789], [-49.4732804226, -24.0268317181], [-49.4739018265, -24.019576507], [-49.4866751769, -24.0241167259], [-49.4856764154, -24.0161497383], [-49.4913888778, -24.0142119168], [-49.4800921527, -24.0056882724], [-49.4976458435, -23.9933257761], [-49.4932056321, -23.9771130292], [-49.500121753, -23.9690065838], [-49.5162777558, -23.9696396222], [-49.4991538917, -23.9579465054], [-49.5051899427, -23.9543612626], [-49.5025237888, -23.9482917437], [-49.5206207469, -23.9456190446], [-49.5239870498, -23.9346705166], [-49.5117314316, -23.9372051328], [-49.5111256164, -23.9254167467], [-49.5218569647, -23.916081939], [-49.5317294833, -23.929623489], [-49.556511439, -23.9222482144], [-49.5539853852, -23.9148147281], [-49.5770505685, -23.8955002352], [-49.573121305, -23.877472628], [-49.5848693105, -23.8899466965], [-49.5936201602, -23.872069178], [-49.6019844027, -23.8678006175], [-49.599238781, -23.8566075097], [-49.6102571391, -23.8512128402], [-49.5950025686, -23.8463162176], [-49.6075586391, -23.8388966088], [-49.5861939309, -23.8417782883], [-49.5925295372, -23.8298199303], [-49.5619500739, -23.818003078], [-49.5592030223, -23.7931263657], [-49.5699847942, -23.7782148233], [-49.5600261566, -23.7608238393], [-49.5729841108, -23.7555578099], [-49.5633340116, -23.7495995884], [-49.563571152, -23.7317375187], [-49.5483146093, -23.7358106825], [-49.554958442, -23.7199951374], [-49.5487207364, -23.703534277], [-49.5612578619, -23.685214606], [-49.5676425992, -23.6875596135], [-49.5741940071, -23.6755596228], [-49.5791429348, -23.6780398017], [-49.5848288904, -23.658394116], [-49.6166661169, -23.6391046864], [-49.6057961532, -23.6244658277], [-49.6131189028, -23.6226441874], [-49.6206935181, -23.6065664996], [-49.6156811979, -23.5905009912], [-49.6015396423, -23.5822157077], [-49.6075113327, -23.5647515169], [-49.599536244, -23.5579106481], [-49.605238986, -23.5411840416], [-49.5997280949, -23.5351435654], [-49.6237386182, -23.5228223501], [-49.6288920765, -23.5113468539], [-49.6212728857, -23.5054634685], [-49.6132252054, -23.5096511656], [-49.6209011964, -23.4928446304], [-49.6129215465, -23.4863507589], [-49.6150947768, -23.4730167497], [-49.5993792855, -23.4780203512], [-49.5974261999, -23.4574347188], [-49.6027082811, -23.4508115696], [-49.5951622555, -23.4399022917], [-49.5795092219, -23.4362583452], [-49.5724732859, -23.4434635739], [-49.5660944327, -23.4272104591], [-49.5803265346, -23.4312380591], [-49.579123645, -23.4145925846], [-49.5888493398, -23.4156625458], [-49.5929584988, -23.4062266334], [-49.6031983722, -23.407330836], [-49.5977976381, -23.3983104833], [-49.6045959746, -23.3939300552], [-49.6178459957, -23.3977209468], [-49.6208127695, -23.3899893871], [-49.6028450599, -23.3834244913], [-49.5911567116, -23.3885477825], [-49.5949346619, -23.3666104128], [-49.6113285252, -23.3541733036], [-49.6329589865, -23.3559411732], [-49.6374123712, -23.3490524401], [-49.6357351866, -23.33929246], [-49.6289393383, -23.3432773883], [-49.6211175274, -23.3301165011], [-49.6309198637, -23.3039359251], [-49.6266683363, -23.2812930035], [-49.6466263417, -23.2512329619], [-49.6440022707, -23.2397563531], [-49.6542385603, -23.2273950551], [-49.6532751448, -23.211557693], [-49.6827879621, -23.1731322892], [-49.6778424481, -23.164582617], [-49.698088844, -23.1636405785], [-49.700892121, -23.1526015664], [-49.7094518462, -23.156154399], [-49.7344255993, -23.1332522522], [-49.7250733525, -23.1089594819], [-49.739761634, -23.0986897581], [-49.7624712799, -23.1050974479], [-49.7912374284, -23.1019477219], [-49.8331808823, -23.0654646535], [-49.8500983135, -23.0727769702], [-49.8708152397, -23.0699133969], [-49.8785713931, -23.0592073945], [-49.8862883496, -23.0641752623], [-49.9111233334, -23.0506407857], [-49.9157939233, -23.035942634], [-49.8998792979, -22.9999584919], [-49.9302808311, -22.9825536844], [-49.9540229962, -22.9779421651], [-49.9720458956, -22.9580659856], [-49.9608988358, -22.9303862896], [-49.9652656531, -22.9136630661], [-49.9856860131, -22.8970277742], [-49.9983739611, -22.901272931], [-49.9899301927, -22.92473414], [-49.9943945942, -22.9292420482], [-50.0036749748, -22.927982675], [-50.0175765104, -22.9096385978], [-50.0473732534, -22.9014872896], [-50.0669907845, -22.9270384352], [-50.0942364836, -22.9233310954], [-50.126650236, -22.9412854099], [-50.1509526043, -22.9346829951], [-50.1829127112, -22.9532966765], [-50.2164012018, -22.9474229688], [-50.2370565283, -22.9536693124], [-50.2461262635, -22.938001617], [-50.2729070872, -22.9305249769], [-50.2999646398, -22.9374604324], [-50.3180136139, -22.9502063728], [-50.3397052151, -22.9475966518], [-50.3587675842, -22.9155828762], [-50.3785925767, -22.9049297364], [-50.4159441067, -22.9122959054], [-50.4184595613, -22.93360688], [-50.431182763, -22.9458052601], [-50.4851271874, -22.9363970387], [-50.5055958238, -22.9449014979], [-50.5262895758, -22.9343466199], [-50.529527137, -22.9186741134], [-50.5411616947, -22.9115388042], [-50.5767592503, -22.9035318818], [-50.6080402056, -22.9236778879], [-50.6198325051, -22.9116849565], [-50.6569398899, -22.8952624214], [-50.6749016959, -22.8992012942], [-50.7093539987, -22.9529671734], [-50.7401323667, -22.9620351652], [-50.7581777984, -22.947179282], [-50.7954495998, -22.9507046148], [-50.805661733, -22.9398246767], [-50.792466495, -22.8938789807], [-50.8165277611, -22.8790666233], [-50.832434822, -22.8586949826], [-50.8419017688, -22.8309243525], [-50.8882323755, -22.7960573819], [-50.9451503264, -22.8034585954], [-50.9611292153, -22.7857547846], [-50.978191834, -22.7821362487], [-51.0083321497, -22.7924566011], [-51.0571281915, -22.765584795]]], [[[-48.0016325096, -25.2487524463], [-48.0008999596, -25.2456535174], [-47.9996566996, -25.2478368103], [-48.0016325096, -25.2487524463]]], [[[-46.903403073, -24.3966397999], [-46.9066581831, -24.3896988248], [-46.9053268124, -24.3865998356], [-46.9019907152, -24.3880927283], [-46.903403073, -24.3966397999]]], [[[-45.2951048852, -23.9174266396], [-45.2974412433, -23.9192152164], [-45.2976456948, -23.9173381438], [-45.2951048852, -23.9174266396]]], [[[-45.5222088192, -23.8544351546], [-45.5261428389, -23.84946153], [-45.5209153331, -23.8463512651], [-45.5222088192, -23.8544351546]]], [[[-46.0261739389, -23.8267366343], [-46.027132241, -23.825572205], [-46.0239661518, -23.8266393845], [-46.0261739389, -23.8267366343]]], [[[-45.2828945516, -23.6014097622], [-45.2955334641, -23.6019738834], [-45.2923420426, -23.5932573238], [-45.2808371292, -23.5930841361], [-45.2828945516, -23.6014097622]]], [[[-45.144681209, -23.5688722999], [-45.1627614228, -23.5692563259], [-45.1580708575, -23.559209998], [-45.144681209, -23.5688722999]]]]}}]}