date,prec,level_max,level_min,n_hours
2011-01-23,,,,23
2011-01-24,,,,24
2011-01-25,,,,24
2011-01-26,,,,24
2011-01-27,,,,24
2011-01-28,,,,24
2011-01-29,,,,24
2011-01-30,,,,24
2011-01-31,,,,24
2011-02-01,,,,24
2011-02-02,,,,24
2011-02-03,,,,24
2011-02-04,,,,24
2011-02-05,,,,24
2011-02-06,,,,24
2011-02-07,,,,24
2011-02-08,,,,24
2011-02-09,,,,24
2011-02-10,,,,24
2011-02-11,,,,24
2011-02-12,,,,24
2011-02-13,,,,24
2011-02-14,,,,24
2011-02-15,,,,24
2011-02-16,,,,12
2011-03-14,,,,1
2011-03-15,,,,24
2011-03-16,,,,24
2011-03-17,,,,24
2011-03-18,,,,24
2011-03-19,,,,24
2011-03-20,,,,24
2011-03-21,,,,24
2011-03-22,,,,24
2011-03-23,,,,24
2011-03-24,,,,24
2011-03-25,,,,24
2011-03-26,,,,24
2011-03-27,,,,24
2011-03-28,,,,24
2011-03-29,,,,24
2011-03-30,,,,24
2011-03-31,,,,24
2011-04-01,,,,24
2011-04-02,,,,24
2011-04-03,,,,24
2011-04-04,,,,24
2011-04-05,,,,24
2011-04-06,,,,24
2011-04-07,,,,24
2011-04-08,,,,24
2011-04-09,,,,24
2011-04-10,,,,24
2011-04-11,,,,24
2011-04-12,,,,24
2011-04-13,,,,24
2011-04-14,,,,24
2011-04-15,,,,24
2011-04-16,,,,24
2011-04-17,,,,24
2011-04-18,,,,24
2011-04-19,,,,24
2011-04-20,,,,24
2011-04-21,,,,24
2011-04-22,,,,24
2011-04-23,,,,24
2011-04-24,,,,24
2011-04-25,,,,24
2011-04-26,,,,24
2011-04-27,,,,24
2011-04-28,,,,24
2011-04-29,,,,24
2011-04-30,,,,24
2011-05-01,,,,24
2011-05-02,,,,24
2011-05-03,,,,24
2011-05-04,,,,24
2011-05-05,,,,24
2011-05-06,,,,24
2011-05-07,,,,24
2011-05-08,,,,24
2011-05-09,,,,24
2011-05-10,,,,24
2011-05-11,,,,24
2011-05-12,,,,24
2011-05-13,,,,24
2011-05-14,,,,24
2011-05-15,,,,24
2011-05-16,,,,24
2011-05-17,,,,24
2011-05-18,,,,24
2011-05-19,,,,24
2011-05-20,,,,24
2011-05-21,,,,24
2011-05-22,,,,24
2011-05-23,,,,24
2011-05-24,,,,24
2011-05-25,,,,24
2011-05-26,,,,24
2011-05-27,,,,24
2011-05-28,,,,24
2011-05-29,,,,24
2011-05-30,,,,24
2011-05-31,,,,24
2011-06-01,,,,24
2011-06-02,,,,24
2011-06-03,,,,10
2011-06-23,,,,11
2011-06-24,,,,24
2011-06-25,,,,24
2011-06-26,,,,24
2011-06-27,,,,24
2011-06-28,,,,24
2011-06-29,,,,24
2011-06-30,,,,24
2011-07-01,,,,24
2011-07-02,,,,24
2011-07-03,,,,24
2011-07-04,,,,24
2011-07-05,,,,24
2011-07-06,,,,12
2011-08-28,,,,20
2011-08-29,,,,24
2011-08-30,,,,24
2011-08-31,,,,24
2011-09-01,,,,24
2011-09-02,,,,24
2011-09-03,,,,24
2011-09-04,,,,24
2011-09-05,,,,24
2011-09-06,,,,24
2011-09-07,,,,24
2011-09-08,,,,24
2011-09-09,,,,24
2011-09-10,,,,24
2011-09-11,,,,24
2011-09-12,,,,24
2011-09-13,,,,24
2011-09-14,,,,24
2011-09-15,,,,24
2011-09-16,,,,24
2011-09-17,,,,24
2011-09-18,,,,24
2011-09-19,,,,24
2011-09-20,,,,24
2011-09-21,,,,24
2011-09-22,,,,24
2011-09-23,,,,24
2011-09-24,,,,24
2011-09-25,,,,24
2011-09-26,,,,24
2011-09-27,,,,24
2011-09-28,,,,24
2011-09-29,,,,24
2011-09-30,,,,24
2011-10-01,,,,24
2011-10-02,,,,24
2011-10-03,,,,24
2011-10-04,,,,24
2011-10-05,,,,24
2011-10-06,,,,24
2011-10-07,,,,24
2011-10-08,,,,24
2011-10-09,,,,24
2011-10-10,,,,24
2011-10-11,,,,24
2011-10-12,,,,24
2011-10-13,,,,24
2011-10-14,,,,24
2011-10-15,,,,24
2011-10-16,,,,24
2011-10-17,,,,24
2011-10-18,,,,24
2011-10-19,,,,24
2011-10-20,,,,24
2011-10-21,,,,24
2011-10-22,,,,24
2011-10-23,,,,24
2011-10-24,,,,24
2011-10-25,,,,24
2011-10-26,,,,24
2011-10-27,,,,24
2011-10-28,,,,24
2011-10-29,,,,24
2011-10-30,,,,24
2011-10-31,,,,24
2011-11-01,,,,24
2011-11-02,,,,24
2011-11-03,,,,24
2011-11-04,,,,24
2011-11-05,,,,24
2011-11-06,,,,24
2011-11-07,,,,24
2011-11-08,,,,24
2011-11-09,,,,24
2011-11-10,,,,24
2011-11-11,,,,24
2011-11-12,,,,24
2011-11-13,,,,24
2011-11-14,,,,24
2011-11-15,,,,24
2011-11-16,,,,24
2011-11-17,,,,24
2011-11-18,,,,24
2011-11-19,,,,24
2011-11-20,,,,24
2011-11-21,,,,24
2011-11-22,,,,24
2011-11-23,,,,24
2011-11-24,,,,24
2011-11-25,,,,24
2011-11-26,,,,24
2011-11-27,,,,24
2011-11-28,,,,24
2011-11-29,,,,24
2011-11-30,,,,24
2011-12-01,,,,24
2011-12-02,,,,24
2011-12-03,,,,24
2011-12-04,,,,24
2011-12-05,,,,24
2011-12-06,,,,24
2011-12-07,,,,24
2011-12-08,,,,24
2011-12-09,,,,24
2011-12-10,,,,24
2011-12-11,,,,24
2011-12-12,,,,24
2011-12-13,,,,24
2011-12-14,,,,24
2011-12-15,,,,24
2011-12-16,,,,24
2011-12-17,,,,24
2011-12-18,,,,24
2011-12-19,,,,24
2011-12-20,,,,24
2011-12-21,,,,24
2011-12-22,0.0,-0.7345402,-0.7568779,24
2011-12-23,0.0,-0.7474048999999999,-0.7658073,24
2011-12-24,0.0,-0.7424099,-0.7697731999999999,24
2011-12-25,43.33,-0.6956084,-0.7730965,24
2011-12-26,30.4,-0.6932657,-0.7048767,24
2011-12-27,2.057,-0.698782,-0.7201616,24
2011-12-28,0.0,-0.7199938,-0.7408155,24
2011-12-29,17.83,-0.6996954,-0.7336299,24
2011-12-30,0.0,-0.7060227,-0.7309209,24
2011-12-31,4.801,-0.727215,-0.7468488,24
2012-01-01,53.26,-0.6917504,-0.7363116,24
2012-01-02,26.34,-0.6923104999999999,-0.715681,24
2012-01-03,0.0,-0.7017943999999999,-0.7267380999999999,24
2012-01-04,0.0,-0.7164642,-0.7623985999999999,24
2012-01-05,0.914,-0.7121487,-0.7504911,24
2012-01-06,2.286,-0.7363075,-0.7508756999999999,24
2012-01-07,0.0,-0.7251394,-0.7534172,24
2012-01-08,0.0,-0.7400143,-0.7558741,24
2012-01-09,22.28,-0.7131177,-0.7583685,24
2012-01-10,10.82,-0.7026888,-0.7259789999999999,24
2012-01-11,8.94,-0.7023425,-0.7191681,24
2012-01-12,0.914,-0.7137778,-0.7410992,24
2012-01-13,0.0,-0.7199192999999999,-0.7481552,24
2012-01-14,9.6,-0.7176309,-0.7521815,24
2012-01-15,19.2,-0.6914859,-0.7452407,24
2012-01-16,2.057,-0.7077424999999999,-0.7267642999999999,24
2012-01-17,2.972,-0.7048686,-0.7297734,24
2012-01-18,14.22,-0.6914386,-0.7289319999999999,24
2012-01-19,3.429,-0.7038978,-0.7269396,24
2012-01-20,0.0,-0.7132678,-0.7387591,24
2012-01-21,0.0,-0.7141835999999999,-0.7412567,24
2012-01-22,14.73,-0.7072200000000001,-0.746647,24
2012-01-23,0.229,-0.7025791,-0.7252214,24
2012-01-24,6.325,-0.7080728,-0.7423909,24
2012-01-25,0.914,-0.7179439999999999,-0.7422818,24
2012-01-26,15.32,-0.7018144,-0.7436577,24
2012-01-27,6.172,-0.701816,-0.7155258999999999,24
2012-01-28,7.087,-0.6930879,-0.7222702999999999,24
2012-01-29,0.0,-0.7024754999999999,-0.7256859999999999,24
2012-01-30,0.0,-0.7127953,-0.7375263,24
2012-01-31,0.0,-0.7160485999999999,-0.7424052999999999,24
2012-02-01,0.0,-0.720259,-0.7452886999999999,24
2012-02-02,0.0,-0.7276290999999999,-0.7518144999999999,24
2012-02-03,0.0,-0.7362615,-0.7560610999999999,24
2012-02-04,0.0,-0.7394132999999999,-0.7619218,24
2012-02-05,0.0,-0.7461251999999999,-0.766475,24
2012-02-06,0.0,-0.7529271,-0.7712061,24
2012-02-07,0.0,-0.7599125999999999,-0.774388,24
2012-02-08,6.223,-0.756957,-0.7808221,24
2012-02-09,0.0,-0.7680946,-0.7861459,24
2012-02-10,61.32,-0.6769722,-0.7854865999999999,24
2012-02-11,16.0,-0.6969506,-0.7229125,24
2012-02-12,2.286,-0.6999723,-0.7228420999999999,24
2012-02-13,0.457,-0.7163777,-0.7379912,24
2012-02-14,2.515,-0.7280751999999999,-0.7451875,24
2012-02-15,0.229,-0.7337921,-0.7451249999999999,24
2012-02-16,0.0,-0.7291462,-0.7504023,24
2012-02-17,0.0,-0.7291515,-0.7514261,24
2012-02-18,0.0,-0.7318631,-0.7562447999999999,24
2012-02-19,0.0,-0.7423729,-0.7577978,24
2012-02-20,0.0,-0.736713,-0.7591764,24
2012-02-21,0.0,-0.7419951,-0.7643964,24
2012-02-22,0.229,-0.7364221,-0.7668803,24
2012-02-23,21.23,-0.7439779999999999,-0.7715749,24
2012-02-24,2.972,-0.7498290999999999,-0.7725835,24
2012-02-25,6.629,-0.7578992999999999,-0.7730479,24
2012-02-26,7.5440000000000005,-0.7605847,-0.7747415,24
2012-02-27,12.06,-0.7584304,-0.7779961,24
2012-02-28,4.343,-0.7038647,-0.7637349,24
2012-02-29,14.68,-0.6927055,-0.7274090999999999,24
2012-03-01,6.604,-0.7018592,-0.7262261,24
2012-03-02,0.0,-0.7030195,-0.7311308999999999,24
2012-03-03,0.0,-0.7255697,-0.7421454,24
2012-03-04,6.172,-0.7333010999999999,-0.7432875999999999,24
2012-03-05,5.309,-0.7060457,-0.736829,24
2012-03-06,0.0,-0.7141153,-0.7343854999999999,24
2012-03-07,0.0,-0.7144094,-0.7379348,24
2012-03-08,0.0,-0.7179371999999999,-0.7411481999999999,24
2012-03-09,0.0,-0.7202641,-0.7435917999999999,24
2012-03-10,0.0,-0.7242759,-0.7475336,24
2012-03-11,0.0,-0.7281649,-0.749748,24
2012-03-12,0.0,-0.7308652,-0.7519619,24
2012-03-13,0.0,-0.7345277,-0.7554154,24
2012-03-14,0.0,-0.7383997,-0.7578169,24
2012-03-15,4.851,-0.7400523999999999,-0.7627130999999999,24
2012-03-16,2.057,-0.7484117,-0.7565078,24
2012-03-17,0.229,-0.7527794,-0.7653186,24
2012-03-18,0.229,-0.7548033,-0.7695341,24
2012-03-19,0.686,-0.7555192,-0.7748016999999999,24
2012-03-20,5.944,-0.7535097,-0.7757872,24
2012-03-21,0.0,-0.7570545999999999,-0.7788018999999999,24
2012-03-22,2.286,-0.7618933,-0.7823538,24
2012-03-23,11.89,-0.7598674,-0.7919896,24
2012-03-24,0.0,1.6425100000000001,-0.8787484999999999,24
2012-03-25,0.0,1.801289,-0.45340529999999996,24
2012-03-26,0.0,1.5426769999999999,-0.5998062,24
2012-03-27,0.229,1.449744,-0.6211955,24
2012-03-28,5.944,1.347404,-0.3940607,24
2012-03-29,0.0,1.065226,-0.13628759999999998,24
2012-03-30,0.0,0.894119,-0.03325796,24
2012-03-31,2.515,0.5802271,-0.3466781,24
2012-04-01,1.8290000000000002,0.7972488,-0.3625695,24
2012-04-02,3.658,0.9034781,-0.6185771999999999,24
2012-04-03,0.0,0.9092262,-0.7014552,24
2012-04-04,0.0,1.006469,-0.7851496,24
2012-04-05,0.0,1.262172,-0.7138479,24
2012-04-06,17.12,1.3670390000000001,-1.063691,24
2012-04-07,0.0,1.273047,-0.9446154,24
2012-04-08,0.0,1.539893,-0.6939398999999999,24
2012-04-09,7.772,1.444293,-0.8948103,24
2012-04-10,0.0,1.430239,-0.7052362999999999,24
2012-04-11,6.985,1.168354,-0.7551342999999999,24
2012-04-12,14.63,0.9073454999999999,-1.015642,24
2012-04-13,0.0,0.9451134,-0.8402156,24
2012-04-14,0.914,1.17976,-0.5515023,24
2012-04-15,17.32,1.068914,-0.5771021,24
2012-04-16,0.457,0.9617969999999999,-0.4743344,24
2012-04-17,0.0,1.039289,-0.3910729,24
2012-04-18,0.0,0.9833326,-0.6995433,24
2012-04-19,0.0,1.032611,-1.013948,24
2012-04-20,0.0,0.9770500999999999,-1.029746,24
2012-04-21,0.0,1.125095,-1.016311,24
2012-04-22,2.743,1.269064,-0.8726539,24
2012-04-23,0.914,1.409936,-0.7847948,24
2012-04-24,0.229,1.4589400000000001,-0.579513,24
2012-04-25,0.0,1.385318,-0.4249613,24
2012-04-26,12.57,1.206151,-0.4603908,24
2012-04-27,108.7,0.9893067,-0.42768029999999996,24
2012-04-28,0.0,1.181582,-0.46197079999999996,24
2012-04-29,37.49,1.010943,-0.1148299,24
2012-04-30,0.0,1.074518,-0.3967615,24
2012-05-01,0.0,1.205637,-0.08795691,24
2012-05-02,0.0,1.202283,-0.3175386,24
2012-05-03,0.0,1.152276,-0.7460188,24
2012-05-04,0.914,0.953557,-0.9418401,24
2012-05-05,0.914,1.006293,-1.107238,24
2012-05-06,8.23,1.141395,-1.114649,24
2012-05-07,0.0,1.316484,-0.9373275999999999,24
2012-05-08,0.0,1.205348,-1.000933,24
2012-05-09,0.457,0.9601645,-1.192714,24
2012-05-10,0.0,1.056004,-1.189521,24
2012-05-11,0.0,1.129372,-0.7256109,24
2012-05-12,2.515,1.091958,-0.646203,24
2012-05-13,0.0,1.236638,-0.5432713,24
2012-05-14,0.0,1.1912289999999999,-0.1885391,24
2012-05-15,0.229,1.074163,-0.04004979,24
2012-05-16,0.0,0.8351345,-0.4837065,24
2012-05-17,15.67,0.8273349,-0.6181825,24
2012-05-18,5.969,0.9447591,-0.7987535,24
2012-05-19,1.6,0.8240001,-1.11177,24
2012-05-20,0.229,0.8008261,-1.1835849999999999,24
2012-05-21,0.914,0.9224395999999999,-1.187634,24
2012-05-22,0.457,0.9369867,-1.187637,24
2012-05-23,,0.9256654,-1.186796,24
2012-05-24,0.0,1.075258,-1.117159,24
2012-05-25,12.8,1.050416,-0.9769586,24
2012-05-26,28.8,1.091598,-0.4378434,24
2012-05-27,0.0,1.1240700000000001,-0.4045987,24
2012-05-28,0.0,0.9278131,-0.4231783,24
2012-05-29,0.0,0.8286456999999999,-0.48570949999999996,24
2012-05-30,0.0,0.7665527,-0.5355622999999999,24
2012-05-31,1.6,1.090094,-0.4373339,24
2012-06-01,8.0,1.189892,-0.3102893,24
2012-06-02,1.143,1.26856,-0.43525159999999996,24
2012-06-03,0.0,1.267403,-0.5263137,24
2012-06-04,0.457,1.240202,-0.664345,24
2012-06-05,116.9,1.564168,-0.43173039999999996,24
2012-06-06,7.772,1.568225,-0.33321,24
2012-06-07,0.0,1.322964,-0.5588687999999999,24
2012-06-08,0.457,1.365993,-0.7636476,24
2012-06-09,1.143,1.452887,-0.27010609999999996,24
2012-06-10,0.229,1.26395,-0.3374144,24
2012-06-11,19.2,1.333475,-0.3506321,24
2012-06-12,17.37,1.095873,-0.3658056,24
2012-06-13,0.0,1.013744,-0.2667856,24
2012-06-14,0.0,0.7363088,-0.2801732,24
2012-06-15,0.0,0.7207445,-0.526027,24
2012-06-16,0.0,0.8161297,-0.4227336,24
2012-06-17,0.0,1.100272,-0.23196109999999998,24
2012-06-18,6.858,1.25737,-0.22440269999999998,24
2012-06-19,19.91,1.2019549999999999,-0.6306573,24
2012-06-20,2.057,1.251208,-0.8489700000000001,24
2012-06-21,17.6,1.49924,-0.5560744,24
2012-06-22,3.658,1.394097,-0.6518185,24
2012-06-23,4.801,1.389436,-0.7502078999999999,24
2012-06-24,0.0,1.5494919999999999,-0.5255831,24
2012-06-25,0.0,1.276067,-0.6620330999999999,24
2012-06-26,0.0,1.3465880000000001,-0.6208315999999999,24
2012-06-27,0.0,1.047702,-0.37357419999999997,24
2012-06-28,0.0,0.9431457999999999,-0.4854114,24
2012-06-29,0.0,0.8346678999999999,-0.44763559999999997,24
2012-06-30,0.0,0.9410868,-0.5231037,24
2012-07-01,0.0,1.028679,-0.3711857,24
2012-07-02,0.0,1.2309459999999999,-0.5422005,24
2012-07-03,0.0,1.200745,-0.7509171,24
2012-07-04,0.0,1.349296,-0.7675284,24
2012-07-05,0.0,1.5651920000000001,-0.4867625,24
2012-07-06,0.0,1.424219,-0.8378026,24
2012-07-07,9.75,1.383899,-0.7656394999999999,24
2012-07-08,10.97,1.801528,-0.05434263,24
2012-07-09,0.229,1.632906,-0.5772655,24
2012-07-10,0.0,1.162256,-0.9141594,24
2012-07-11,0.0,0.7587731,-0.9170200000000001,24
2012-07-12,4.343,0.9405686999999999,-0.9418194999999999,24
2012-07-13,14.63,0.9885773999999999,-0.01658762,24
2012-07-14,0.0,0.9090562,-0.3648672,24
2012-07-15,0.0,0.9779778,-0.34373919999999997,24
2012-07-16,0.0,1.264546,-0.1888252,24
2012-07-17,9.37,1.416494,-0.041457890000000004,24
2012-07-18,46.18,1.221524,-0.474228,24
2012-07-19,6.858,1.217441,-0.8063926,24
2012-07-20,0.0,1.375561,-0.5382333,24
2012-07-21,0.0,1.37815,-0.7421002,24
2012-07-22,0.0,1.455879,-0.8949623999999999,24
2012-07-23,0.0,1.533585,-0.7280671999999999,24
2012-07-24,0.0,1.2708949999999999,-0.8986651,24
2012-07-25,0.0,0.9305500999999999,-0.7884243,24
2012-07-26,15.32,1.211162,-0.7303776,24
2012-07-27,17.5,1.12733,-0.1734202,24
2012-07-28,24.92,1.120976,-0.11985269999999999,24
2012-07-29,0.686,1.048536,-0.1277703,24
2012-07-30,1.8290000000000002,1.071881,-0.4909981,24
2012-07-31,21.72,1.458121,-0.2527661,24
2012-08-01,14.4,1.627319,-0.288063,24
2012-08-02,7.087,1.482105,-0.6267349,24
2012-08-03,0.0,1.182929,-1.027996,24
2012-08-04,0.0,1.164559,-1.074759,24
2012-08-05,0.0,1.203898,-1.193715,24
2012-08-06,0.0,1.275871,-0.9260588999999999,24
2012-08-07,0.0,1.212367,-0.6889794,24
2012-08-08,0.0,1.190377,-0.7557302,24
2012-08-09,0.0,1.007113,-0.9140227,24
2012-08-10,0.0,0.6755431,-1.008547,24
2012-08-11,0.0,0.6082605,-0.9187238,24
2012-08-12,0.0,0.6934193,-0.3921132,24
2012-08-13,0.0,0.5520381999999999,-0.6396225,24
2012-08-14,0.0,0.7910062999999999,-0.6556839999999999,24
2012-08-15,0.0,0.9269736,-0.5870531999999999,24
2012-08-16,0.0,0.9103342999999999,-0.8978866,24
2012-08-17,0.0,1.046006,-0.9490700000000001,24
2012-08-18,0.0,1.17572,-0.9277356,24
2012-08-19,0.0,1.3366609999999999,-0.9312906,24
2012-08-20,0.0,1.204502,-0.9781004,24
2012-08-21,0.0,1.266773,-1.026876,24
2012-08-22,0.0,1.146094,-1.053109,24
2012-08-23,0.0,1.058419,-0.9718918999999999,24
2012-08-24,0.0,0.9311469,-0.8177283,24
2012-08-25,0.0,0.6014035999999999,-0.9956269,24
2012-08-26,0.0,0.9019821,-0.6769696,24
2012-08-27,0.0,1.401147,-0.008834243,24
2012-08-28,0.0,1.254726,-0.24937859999999998,24
2012-08-29,13.72,1.283395,-0.32329959999999996,24
2012-08-30,0.457,1.258418,-0.7145640999999999,24
2012-08-31,0.686,1.360784,-0.8610095,24
2012-09-01,0.0,1.351963,-0.9170033,24
2012-09-02,0.0,1.291847,-0.8998729999999999,24
2012-09-03,0.0,1.456588,-0.958001,24
2012-09-04,0.0,1.368553,-0.8500097999999999,24
2012-09-05,0.229,1.4098519999999999,-0.7753544,24
2012-09-06,0.229,0.7867415,-1.061605,24
2012-09-07,0.0,0.6171422999999999,-0.7319762999999999,24
2012-09-08,0.0,0.8326142,-0.5290621,24
2012-09-09,0.0,0.695641,-0.6626679999999999,24
2012-09-10,0.0,1.040252,-0.361657,24
2012-09-11,12.8,1.204775,0.02229714,24
2012-09-12,0.0,1.07932,-0.2923014,24
2012-09-13,35.23,1.076572,-0.5019026999999999,24
2012-09-14,1.3719999999999999,1.286138,-0.49848679999999995,24
2012-09-15,1.6,1.269505,-0.7323725,24
2012-09-16,0.0,1.254369,-1.037573,24
2012-09-17,0.0,1.399224,-1.034568,24
2012-09-18,0.0,1.5130279999999998,-0.9083757,24
2012-09-19,0.0,1.5575809999999999,-1.018119,24
2012-09-20,0.686,1.373949,-0.9926887999999999,24
2012-09-21,0.0,1.149762,-0.8242993,24
2012-09-22,18.06,1.359281,-0.1391265,24
2012-09-23,0.0,1.043735,-0.6018015999999999,24
2012-09-24,0.0,1.104128,-0.27254,24
2012-09-25,0.0,0.9130223,-0.5538702,24
2012-09-26,6.629,1.450185,-0.7136036,24
2012-09-27,0.229,1.543946,0.16224239999999998,24
2012-09-28,0.0,1.72384,-0.1495,24
2012-09-29,3.2,1.425063,-0.8979467,24
2012-09-30,1.143,1.148008,-1.115099,24
2012-10-01,1.143,1.070697,-1.096285,24
2012-10-02,6.401,1.047432,-1.184449,24
2012-10-03,0.0,0.9053694999999999,-1.194387,24
2012-10-04,0.0,1.135272,-1.027293,24
2012-10-05,0.914,0.8271413,-1.032849,24
2012-10-06,0.457,0.8031303999999999,-0.8365313999999999,24
2012-10-07,0.0,0.6019696,-0.8518371,24
2012-10-08,0.0,0.36922119999999997,-0.8520013,24
2012-10-09,0.0,0.6703348,-0.5195438,24
2012-10-10,0.0,0.7868912,-0.4330052,24
2012-10-11,3.886,0.9289639,-0.6009772,24
2012-10-12,16.23,1.412753,-0.36321919999999996,24
2012-10-13,20.83,1.387551,-0.416825,24
2012-10-14,1.3719999999999999,1.29498,-0.7843490999999999,24
2012-10-15,0.686,1.240177,-0.9392623999999999,24
2012-10-16,0.0,1.382236,-1.008782,24
2012-10-17,0.0,1.366807,-1.050687,24
2012-10-18,0.0,1.154773,-1.190547,24
2012-10-19,0.0,1.5956389999999998,-0.8918868999999999,24
2012-10-20,0.0,1.50593,-0.4686515,24
2012-10-21,0.0,0.9003525,-0.8280607999999999,24
2012-10-22,10.54,1.039124,-0.8119063,24
2012-10-23,47.9,1.043281,-0.4229405,24
2012-10-24,13.49,1.109153,-0.603038,24
2012-10-25,0.457,1.4988329999999999,-0.17940879999999998,24
2012-10-26,6.401,1.555356,-0.003472447,24
2012-10-27,23.75,1.144076,-0.6769708999999999,24
2012-10-28,0.0,1.116198,-0.913388,24
2012-10-29,0.0,1.24333,-1.022136,24
2012-10-30,0.0,1.60895,-0.8441662,24
2012-10-31,0.0,1.4247130000000001,-1.049394,24
2012-11-01,5.486,1.373035,-1.231579,24
2012-11-02,0.457,1.97137,-0.41333129999999996,24
2012-11-03,1.6,1.622608,-0.5765501,24
2012-11-04,1.3719999999999999,1.503455,-0.8075802,24
2012-11-05,2.057,0.8954017,-0.7900537,24
2012-11-06,0.0,1.040589,-0.3958507,24
2012-11-07,0.0,0.7313126,-0.4017366,24
2012-11-08,0.0,0.7092834,-0.3208427,24
2012-11-09,2.743,0.7942557,-0.5984904,24
2012-11-10,44.04,0.7622471,-0.8012321,24
2012-11-11,5.486,1.011719,-0.8344072,24
2012-11-12,0.0,1.165465,-0.6640456,24
2012-11-13,8.46,1.704123,-0.3001416,24
2012-11-14,1.8290000000000002,1.820326,-0.33191139999999997,24
2012-11-15,1.3719999999999999,1.917714,-0.8354081999999999,24
2012-11-16,7.087,1.467884,-0.9286494999999999,24
2012-11-17,12.9,1.360411,-0.9153973,24
2012-11-18,0.0,1.3344559999999999,-0.9168765999999999,24
2012-11-19,0.0,1.274744,-0.7892013999999999,24
2012-11-20,0.0,1.129116,-0.8991076,24
2012-11-21,0.0,0.9914141,-0.798296,24
2012-11-22,0.0,1.064095,-0.3472112,24
2012-11-23,0.0,0.8493748,-0.3527307,24
2012-11-24,5.715,0.9169263999999999,-0.4285268,24
2012-11-25,7.772,1.085532,-0.4231896,24
2012-11-26,0.0,1.516143,-0.3751207,24
2012-11-27,0.0,1.260052,-0.6484352,24
2012-11-28,8.69,1.143717,-0.8842877,24
2012-11-29,0.914,1.216049,-0.8599756,24
2012-11-30,0.0,1.478246,-0.9089031,24
2012-12-01,0.914,1.526724,-0.8760688,24
2012-12-02,2.743,0.9607582,-1.037395,24
2012-12-03,6.401,1.016035,-0.8843911999999999,24
2012-12-04,0.0,1.298533,-0.5754693,24
2012-12-05,0.0,0.7701222999999999,-0.7067222,24
2012-12-06,0.0,0.6798961,-0.7349755,24
2012-12-07,0.0,0.8077903,-0.42812039999999996,24
2012-12-08,10.97,0.8604786,-0.6182055,24
2012-12-09,0.457,0.9788859,-0.5556669,24
2012-12-10,2.972,1.076804,-0.5459426,24
2012-12-11,0.229,1.061307,-0.6195275,24
2012-12-12,8.99,1.097815,-0.7845350999999999,24
2012-12-13,0.229,1.250972,-0.6481701999999999,24
2012-12-14,0.457,1.387183,-0.8470175,24
2012-12-15,7.087,1.333942,-0.8307834,24
2012-12-16,5.258,1.358408,-0.8312069999999999,24
2012-12-17,0.457,1.219619,-0.840158,24
2012-12-18,0.0,1.136897,-0.8741523999999999,24
2012-12-19,0.0,1.186298,-0.7370185,24
2012-12-20,30.84,1.164976,-0.6486235,24
2012-12-21,10.19,0.9110568,-0.7867632999999999,24
2012-12-22,11.2,0.9268297999999999,-0.8085433999999999,24
2012-12-23,2.515,1.01634,-0.2037762,24
2012-12-24,0.914,1.029523,-0.3508994,24
2012-12-25,0.0,0.9140824999999999,-0.5617945,24
2012-12-26,0.0,0.9956219,-0.6504027,24
2012-12-27,0.0,1.391014,-0.7175701,24
2012-12-28,5.029,1.347562,-0.788414,24
2012-12-29,24.82,1.239346,-0.418064,24
2012-12-30,26.75,1.5374500000000002,-0.4524677,24
2012-12-31,2.057,1.187502,-0.9054028,24
2013-01-01,25.68,1.30614,-0.9703854,24
2013-01-02,5.258,1.102051,-1.045187,24
2013-01-03,0.229,1.488242,-0.2314589,24
2013-01-04,1.6,1.491918,-0.06658161,24
2013-01-05,4.343,1.064069,-0.3659099,24
2013-01-06,5.258,0.7439003,-0.6457008,24
2013-01-07,2.515,0.8821367999999999,-0.635595,24
2013-01-08,0.0,1.015882,-0.7446107,24
2013-01-09,3.429,1.055443,-0.7581481,24
2013-01-10,0.457,1.151138,-0.558371,24
2013-01-11,0.0,1.51741,-0.49820739999999997,24
2013-01-12,0.0,1.5264280000000001,-0.3784412,24
2013-01-13,0.0,1.716469,-0.7330064,24
2013-01-14,2.286,1.571537,-1.052356,24
2013-01-15,34.85,1.322165,-0.9476458999999999,24
2013-01-16,6.858,1.41528,-0.9369147,24
2013-01-17,0.229,1.3604910000000001,-0.9260415999999999,24
2013-01-18,0.0,1.149936,-1.047575,24
2013-01-19,16.36,1.320907,-0.8963256,24
2013-01-20,6.401,1.20577,-0.4410571,24
2013-01-21,11.53,1.098808,-0.2241814,24
2013-01-22,6.02,1.08014,-0.3518213,24
2013-01-23,1.6,1.114419,-0.5375139,24
2013-01-24,3.886,1.034982,-0.5874575,24
2013-01-25,0.0,1.074929,-0.7660089999999999,24
2013-01-26,0.0,1.258336,-0.7964346999999999,24
2013-01-27,0.0,1.554273,-0.4210198,24
2013-01-28,0.229,1.692785,-0.6910332,24
2013-01-29,0.229,1.430887,-0.8607244,24
2013-01-30,0.0,1.410361,-1.136319,24
2013-01-31,0.0,1.321151,-1.192736,24
2013-02-01,1.8290000000000002,0.9916241,-1.067156,24
2013-02-02,0.457,0.9049332,-1.097469,24
2013-02-03,1.6,0.8871174,-0.8715701,24
2013-02-04,11.15,0.8962637999999999,-0.6830898999999999,24
2013-02-05,0.0,1.038652,-0.1204802,24
2013-02-06,0.457,0.9361026,-0.6228888,24
2013-02-07,12.8,0.9100775999999999,-0.6036304,24
2013-02-08,51.59,1.103785,-0.6148998999999999,24
2013-02-09,14.05,1.288379,-0.5683669,24
2013-02-10,5.029,1.372512,-0.8330474,24
2013-02-11,4.343,1.310306,-0.8665293,24
2013-02-12,0.686,1.330859,-0.8330816999999999,24
2013-02-13,10.57,1.578723,-0.8292147999999999,24
2013-02-14,40.23,1.52313,-1.021745,24
2013-02-15,2.286,1.285503,-0.8822070999999999,24
2013-02-16,2.057,1.154026,-0.7616292,24
2013-02-17,27.56,0.919944,-0.813458,24
2013-02-18,0.229,0.8106995,-0.8487941,24
2013-02-19,0.0,0.9674413,-0.3410918,24
2013-02-20,0.0,1.170622,0.014427780000000001,24
2013-02-21,0.229,1.114434,-0.1021382,24
2013-02-22,4.064,1.106687,-0.260548,24
2013-02-23,30.78,1.5497,0.0005962849000000001,24
2013-02-24,1.3719999999999999,1.9831400000000001,-0.6891826999999999,24
2013-02-25,0.0,1.220594,-0.8976594,24
2013-02-26,37.26,1.269175,-1.051584,24
2013-02-27,9.14,1.90972,-0.35915339999999996,24
2013-02-28,0.0,2.064104,-0.3038222,24
2013-03-01,1.6,1.9595609999999999,-0.4662675,24
2013-03-02,0.0,1.5011169999999998,-0.9591778999999999,24
2013-03-03,0.0,1.25933,-1.127883,24
2013-03-04,0.0,0.7838326,-1.106212,24
2013-03-05,15.49,1.3232629999999999,-0.593765,24
2013-03-06,24.03,1.564752,0.2942789,24
2013-03-07,0.457,1.533796,-0.3061442,24
2013-03-08,9.5,0.960587,-0.8055962,24
2013-03-09,1.8290000000000002,0.9902422,-0.9810143,24
2013-03-10,5.944,1.299687,-0.6096400000000001,24
2013-03-11,53.87,1.446003,-0.5189708,24
2013-03-12,0.0,1.617811,-0.5720014,24
2013-03-13,1.6,1.7029459999999998,-0.5841212,24
2013-03-14,5.715,1.836476,-0.4626864,24
2013-03-15,0.457,1.741541,-0.5013664999999999,24
2013-03-16,18.31,1.5135619999999999,-0.5753839,24
2013-03-17,36.42,1.423314,-0.6430418999999999,24
2013-03-18,0.0,1.233701,-0.2024741,24
2013-03-19,3.658,1.043772,-0.3084046,24
2013-03-20,10.74,0.6326529,-0.44566069999999997,24
2013-03-21,27.43,0.4694333,-0.4620379,24
2013-03-22,0.0,0.7902264999999999,-0.6813450999999999,24
2013-03-23,0.0,1.140233,-0.19594899999999998,24
2013-03-24,0.0,1.352104,-0.06176007,24
2013-03-25,17.83,1.6491829999999998,-0.22773469999999998,24
2013-03-26,1.3719999999999999,1.705235,-0.5589756,24
2013-03-27,2.743,1.6118109999999999,-0.9273568,24
2013-03-28,0.457,1.487686,-0.8166707999999999,24
2013-03-29,0.0,1.658881,-0.7576066,24
2013-03-30,1.143,1.458048,-1.046236,24
2013-03-31,10.74,1.211112,-1.009355,24
2013-04-01,0.229,1.101268,-1.032691,24
2013-04-02,0.0,1.070148,-0.7396786,24
2013-04-03,27.1,1.137311,-0.3657821,24
2013-04-04,24.71,1.165268,-0.5015748999999999,24
2013-04-05,7.798,0.7911488999999999,-0.9749836,24
2013-04-06,12.4,1.036189,-0.8799608999999999,24
2013-04-07,0.0,1.15091,-0.4622771,24
2013-04-08,0.0,1.350157,-0.48921359999999997,24
2013-04-09,4.572,1.403638,-0.6201367,24
2013-04-10,0.0,1.354186,-0.9288398,24
2013-04-11,0.0,1.420844,-0.8852445,24
2013-04-12,0.0,1.2159,-1.138011,24
2013-04-13,34.44,0.9294707999999999,-1.166279,24
2013-04-14,3.429,1.464345,-1.12587,24
2013-04-15,0.0,1.451424,-0.5638425,24
2013-04-16,0.0,1.258449,-0.5261631999999999,24
2013-04-17,0.0,1.331793,-0.30525169999999996,24
2013-04-18,0.0,1.132797,0.1849546,24
2013-04-19,0.0,0.8491076999999999,-0.1129659,24
2013-04-20,0.0,1.042572,-0.21863059999999998,24
2013-04-21,0.0,1.291692,-0.1669281,24
2013-04-22,0.0,1.314236,-0.3472963,24
2013-04-23,0.0,1.184307,-0.6220703,24
2013-04-24,3.2,1.2425,-0.8272818,24
2013-04-25,1.8290000000000002,1.255401,-1.029087,24
2013-04-26,0.0,1.468096,-0.8546007999999999,24
2013-04-27,0.0,1.612134,-0.7740836,24
2013-04-28,0.0,1.561823,-0.6256862,24
2013-04-29,0.0,1.437498,-0.8653010999999999,24
2013-04-30,0.0,1.195946,-0.9277546,24
2013-05-01,0.0,1.42707,-0.5764596,24
2013-05-02,0.229,1.488252,-0.2575009,24
2013-05-03,0.229,1.159165,-0.5177702,24
2013-05-04,0.0,1.117093,-0.5456816,24
2013-05-05,0.0,1.162386,-0.4450957,24
2013-05-06,44.6,1.461107,0.07812119000000001,24
2013-05-07,0.457,1.527242,-0.1258388,24
2013-05-08,0.0,1.349047,-0.3204558,24
2013-05-09,0.0,1.5699830000000001,-0.20580079999999998,24
2013-05-10,0.0,1.5427469999999999,-0.5578784,24
2013-05-11,0.0,1.282913,-0.6097808,24
2013-05-12,0.0,1.186243,-0.8657602999999999,24
2013-05-13,0.0,1.26789,-1.035007,24
2013-05-14,0.0,1.34053,-0.6880575,24
2013-05-15,0.0,1.133767,-0.7912471,24
2013-05-16,0.914,1.053458,-0.5317502,24
2013-05-17,10.06,1.312331,0.02632654,24
2013-05-18,0.229,1.034364,0.1920625,24
2013-05-19,0.914,0.8089926,-0.10568989999999999,24
2013-05-20,1.3719999999999999,0.8413799,-0.3710417,24
2013-05-21,0.457,0.983516,-0.5823026,24
2013-05-22,0.0,1.06954,-0.33218919999999996,24
2013-05-23,3.886,1.23749,-0.5632763,24
2013-05-24,35.43,1.431525,-0.6768063,24
2013-05-25,16.69,1.325812,-0.7953144,24
2013-05-26,0.0,1.3345500000000001,-0.8854772999999999,24
2013-05-27,2.286,1.539644,-0.5018419,24
2013-05-28,11.66,1.317338,-0.6075303,24
2013-05-29,,1.2164679999999999,-0.6930354,24
2013-05-30,3.429,1.293766,-0.6871731,24
2013-05-31,0.0,1.331323,-0.6796369,24
2013-06-01,0.0,1.519937,-0.2322339,24
2013-06-02,16.74,1.264383,-0.3788611,24
2013-06-03,14.4,0.9878857,-0.3315548,24
2013-06-04,0.457,1.126033,-0.29535859999999997,24
2013-06-05,0.0,1.131472,-0.23489369999999998,24
2013-06-06,0.0,0.9652814999999999,-0.4694344,24
2013-06-07,0.0,1.205883,-0.4096703,24
2013-06-08,0.0,1.296155,-0.4098726,24
2013-06-09,0.0,1.218369,-0.6493314,24
2013-06-10,0.0,1.148561,-0.8171836,24
2013-06-11,0.0,1.266301,-0.8179985999999999,24
2013-06-12,0.686,1.261492,-0.8097377,24
2013-06-13,0.457,1.22017,-0.6453040999999999,24
2013-06-14,0.0,1.22398,-0.6540946,24
2013-06-15,0.0,1.222839,-0.4826704,24
2013-06-16,3.2,1.335987,-0.2596465,24
2013-06-17,18.52,1.145766,0.006578207,24
2013-06-18,4.572,0.9587549999999999,-0.3108093,24
2013-06-19,0.0,0.9758524999999999,-0.1602138,24
2013-06-20,16.92,0.9982772,-0.5394076999999999,24
2013-06-21,55.09,1.184536,-0.5899998,24
2013-06-22,51.66,1.3507989999999999,-0.544463,24
2013-06-23,0.0,1.227952,-0.9598637999999999,24
2013-06-24,0.0,1.747534,-0.23600379999999999,24
2013-06-25,26.52,1.581998,-0.8621166,24
2013-06-26,1.3719999999999999,0.7878759,-0.9924189999999999,24
2013-06-27,0.229,0.8235986,-1.026231,24
2013-06-28,4.115,0.7462559,-1.138295,24
2013-06-29,8.92,0.5658183,-1.238936,24
2013-06-30,3.886,0.385928,-1.283691,24
2013-07-01,1.3719999999999999,0.47787419999999997,-1.222783,24
2013-07-02,0.229,0.5027077999999999,-0.9201444,24
2013-07-03,0.0,0.42311659999999995,-0.6613209,24
2013-07-04,0.0,0.334661,-0.9708087,24
2013-07-05,0.0,0.06741571,-1.163376,24
2013-07-06,0.0,0.19058899999999998,-1.171784,24
2013-07-07,0.0,0.4958609,-1.125843,24
2013-07-08,0.0,0.6063982,-0.9630898,24
2013-07-09,0.686,1.209915,-0.7366796,24
2013-07-10,1.143,0.9653468,-0.8224087999999999,24
2013-07-11,0.0,0.6808964,-0.9239322999999999,24
2013-07-12,0.0,0.6624274,-1.021815,24
2013-07-13,0.0,0.6503677,-1.100041,24
2013-07-14,0.0,0.7113514999999999,-1.169338,24
2013-07-15,0.0,0.45524539999999997,-1.042098,24
2013-07-16,2.286,0.6115094,-0.9593767,24
2013-07-17,0.0,0.6307113,-0.6578743,24
2013-07-18,0.0,0.5853615,-0.7359380999999999,24
2013-07-19,0.0,0.5865353,-1.031726,24
2013-07-20,11.66,1.221928,-0.5102743,24
2013-07-21,30.91,1.2333,-0.6593289,24
2013-07-22,44.83,1.300092,-0.6772631,24
2013-07-23,24.46,1.542864,-0.5421444,24
2013-07-24,1.8290000000000002,1.68032,-0.2934058,24
2013-07-25,0.0,1.213665,-0.6727951,24
2013-07-26,2.743,0.9010959,-1.129505,24
2013-07-27,0.0,0.7411314999999999,-1.291764,24
2013-07-28,0.0,0.3976668,-1.175678,24
2013-07-29,0.0,0.4683427,-1.175537,24
2013-07-30,0.0,0.6670381999999999,-1.120595,24
2013-07-31,0.0,0.6449596,-0.9053831999999999,24
2013-08-01,0.0,0.2512646,-0.9230626,24
2013-08-02,0.0,0.1691017,-0.9176593,24
2013-08-03,0.0,0.4276947,-0.8507047999999999,24
2013-08-04,0.0,0.8640163,-0.5360519,24
2013-08-05,3.2,1.048311,-0.5987420999999999,24
2013-08-06,0.229,1.12503,-0.6590914999999999,24
2013-08-07,33.3,0.8880188,-0.6448011,24
2013-08-08,0.0,1.092734,-0.7174286,24
2013-08-09,0.0,0.9232062999999999,-0.7974300999999999,24
2013-08-10,0.0,1.118833,-0.7751437,24
2013-08-11,2.286,1.248519,-0.7149071,24
2013-08-12,0.0,1.3790580000000001,-0.5842802,24
2013-08-13,0.0,0.811276,-1.015393,24
2013-08-14,3.2,0.6029264999999999,-0.9277852999999999,24
2013-08-15,13.49,0.9653086999999999,-0.34417159999999997,24
2013-08-16,0.0,0.8632426,-0.3002858,24
2013-08-17,0.914,0.6347106,-0.7958597,24
2013-08-18,5.029,0.6059498,-0.7982129,24
2013-08-19,7.315,0.7952832999999999,-0.8167895,24
2013-08-20,2.972,0.9222030999999999,-0.905293,24
2013-08-21,2.057,0.7860885,-1.05545,24
2013-08-22,0.0,0.7338089999999999,-1.191868,24
2013-08-23,0.0,0.8851783,-1.106157,24
2013-08-24,0.0,1.380831,-0.7583103,24
2013-08-25,0.457,1.511295,-0.6050116,24
2013-08-26,1.3719999999999999,1.116488,-0.6390528999999999,24
2013-08-27,42.29,1.17389,-0.409615,24
2013-08-28,1.6,1.117116,-0.295193,24
2013-08-29,0.0,0.9513934,-0.7961801,24
2013-08-30,0.0,0.0008095503,-0.9248554999999999,24
2013-08-31,0.0,0.3316845,-0.8290343,24
2013-09-01,0.0,0.32769919999999997,-0.8744293,24
2013-09-02,5.715,0.27031289999999997,-0.9638766,24
2013-09-03,1.3719999999999999,0.46296529999999997,-1.171463,24
2013-09-04,0.457,0.4922836,-1.100414,24
2013-09-05,0.0,0.9449831999999999,-1.050724,24
2013-09-06,0.229,0.9291847,-1.180204,24
2013-09-07,0.0,0.5746311,-1.161836,24
2013-09-08,0.0,0.4606957,-1.163027,24
2013-09-09,0.0,0.40146289999999996,-1.164032,24
2013-09-10,0.0,0.426407,-1.162845,24
2013-09-11,0.0,0.29920169999999996,-1.161158,24
2013-09-12,0.0,-0.01528347,-1.165146,24
2013-09-13,0.0,0.01365983,-1.1650719999999999,24
2013-09-14,0.0,0.1360224,-1.16186,24
2013-09-15,0.0,0.20680949999999998,-1.16152,24
2013-09-16,0.0,0.4472451,-1.154751,24
2013-09-17,40.06,0.45926279999999997,-1.15461,24
2013-09-18,14.27,0.6443976,-1.156787,24
2013-09-19,1.143,0.9394264,-1.157941,24
2013-09-20,1.8290000000000002,1.07062,-1.161816,24
2013-09-21,43.0,0.9284321999999999,-1.158625,24
2013-09-22,37.26,0.7996422999999999,-1.161036,24
2013-09-23,62.15,0.7307456,-1.132715,24
2013-09-24,0.457,0.6175435,-1.159392,24
2013-09-25,0.0,0.3348027,-1.15643,24
2013-09-26,0.0,0.5494989,-1.043109,24
2013-09-27,0.0,0.1820997,-0.9387302999999999,24
2013-09-28,0.0,0.1326976,-0.8409628,24
2013-09-29,0.914,0.2010542,-1.121924,24
2013-09-30,0.0,0.24836049999999998,-1.1556,24
2013-10-01,3.2,0.41677379999999997,-0.9817545,24
2013-10-02,1.143,0.4812127,-1.155784,24
2013-10-03,6.172,0.5472153,-1.159147,24
2013-10-04,23.77,0.5610642,-1.153937,24
2013-10-05,5.944,0.6779343999999999,-1.1586509999999999,24
2013-10-06,0.0,0.8896194,-1.156789,24
2013-10-07,0.0,0.8975027,-1.1559490000000001,24
2013-10-08,0.457,0.7514548,-1.166187,24
2013-10-09,0.0,0.47237009999999996,-1.148183,24
2013-10-10,0.0,0.3651254,-1.1560489999999999,24
2013-10-11,0.0,0.16141629999999998,-1.153302,24
2013-10-12,0.0,0.14106359999999998,-1.159039,24
2013-10-13,0.0,0.2685809,-1.161523,24
2013-10-14,0.0,0.1766598,-1.157481,24
2013-10-15,0.0,0.22400299999999998,-1.159003,24
2013-10-16,0.457,0.3990362,-1.159313,24
2013-10-17,7.087,0.5630132999999999,-1.160323,24
2013-10-18,4.572,0.588565,-1.150061,24
2013-10-19,1.8290000000000002,0.7686765,-1.154964,24
2013-10-20,0.0,0.9069562,-1.161078,24
2013-10-21,0.914,0.7742119,-1.16412,24
2013-10-22,0.457,0.6218386,-1.163908,24
2013-10-23,0.457,0.5369330999999999,-1.155124,24
2013-10-24,0.0,0.5005318,-1.153952,24
2013-10-25,10.06,0.05914962,-1.145704,24
2013-10-26,4.801,0.2545757,-1.136279,24
2013-10-27,0.457,0.05690455,-0.9737188,24
2013-10-28,6.401,0.271099,-1.147049,24
2013-10-29,0.0,0.39685149999999997,-0.5221667,24
2013-10-30,0.0,0.5170599,-0.7772800000000001,24
2013-10-31,0.0,0.3946943,-1.127693,24
2013-11-01,2.515,0.5215358,-1.1616900000000001,24
2013-11-02,2.057,0.5157068,-1.160039,24
2013-11-03,0.457,0.3501689,-1.161022,24
2013-11-04,15.57,0.46358659999999996,-1.167624,24
2013-11-05,2.286,1.027063,-1.150901,24
2013-11-06,0.0,1.115204,-1.157128,24
2013-11-07,0.914,0.7162499,-1.165587,24
2013-11-08,1.6,0.464051,-1.163719,24
2013-11-09,1.8290000000000002,0.2455693,-1.171397,24
2013-11-10,0.0,0.39599439999999997,-1.171169,24
2013-11-11,0.0,0.5901985,-1.032634,24
2013-11-12,4.191,0.2770125,-1.162549,24
2013-11-13,0.229,0.42148379999999996,-1.17163,24
2013-11-14,0.0,0.4755273,-0.9844286,24
2013-11-15,0.0,0.5487825,-1.044144,24
2013-11-16,0.0,0.5530419,-1.182919,24
2013-11-17,8.46,0.3491665,-1.169951,24
2013-11-18,0.229,0.880034,-1.165381,24
2013-11-19,2.972,0.8768058,-1.164893,24
2013-11-20,0.0,0.4876944,-1.169818,24
2013-11-21,13.82,0.5021348999999999,-1.172349,24
2013-11-22,1.6,0.5785876999999999,-1.170681,24
2013-11-23,16.03,0.4320264,-1.154096,24
2013-11-24,3.2,0.29820189999999996,-1.123637,24
2013-11-25,18.75,0.16742849999999998,-1.159009,24
2013-11-26,5.715,-0.1005266,-1.151012,24
2013-11-27,3.2,0.06348956,-1.10969,24
2013-11-28,5.029,0.39999,-0.8967485,24
2013-11-29,3.886,0.41518649999999996,-0.9627627999999999,24
2013-11-30,4.115,0.5751307,-0.9898836,24
2013-12-01,12.8,0.6899719,-1.154278,24
2013-12-02,1.6,0.6910442,-1.153955,24
2013-12-03,0.0,0.6465265,-1.157706,24
2013-12-04,0.0,0.6907662,-1.160351,24
2013-12-05,0.229,0.927182,-1.153954,24
2013-12-06,32.51,0.8969929,-1.146526,24
2013-12-07,0.0,0.6684122,-0.9834630999999999,24
2013-12-08,16.54,0.7431281,-0.8633259,24
2013-12-09,1.3719999999999999,0.6237864,-1.081879,24
2013-12-10,15.32,0.4585688,-1.160455,24
2013-12-11,12.8,0.46861579999999997,-1.031948,24
2013-12-12,42.52,0.3874612,-0.8952481999999999,24
2013-12-13,0.0,0.3832508,-1.160842,24
2013-12-14,0.0,0.3537709,-1.138952,24
2013-12-15,1.3719999999999999,0.3942305,-1.154471,24
2013-12-16,0.0,0.4756041,-1.156534,24
2013-12-17,0.229,0.5480389999999999,-1.158374,24
2013-12-18,0.686,0.6090736,-1.15734,24
2013-12-19,1.8290000000000002,0.6521686,-1.156993,24
2013-12-20,9.19,0.5458312,-1.158403,24
2013-12-21,1.143,0.5693355999999999,-1.159742,24
2013-12-22,5.944,0.47745289999999996,-1.159036,24
2013-12-23,10.52,0.5012782,-1.156508,24
2013-12-24,3.429,0.4377211,-1.161437,24
2013-12-25,0.0,0.34990869999999996,-1.015121,24
2013-12-26,0.0,0.1802624,-0.9900534,24
2013-12-27,0.0,0.2216791,-0.8401392,24
2013-12-28,0.0,0.2100949,-0.9186244,24
2013-12-29,0.229,0.4493105,-1.028337,24
2013-12-30,0.229,0.4755504,-1.163929,24
2013-12-31,0.0,0.5972751,-1.167117,24
2014-01-01,36.5,0.6305308,-1.16547,24
2014-01-02,28.45,0.7770385999999999,-1.15934,24
2014-01-03,1.8290000000000002,0.7065481,-1.167278,24
2014-01-04,54.64,0.698077,-1.164436,24
2014-01-05,17.37,0.9508595,-1.095532,24
2014-01-06,4.115,0.6475582,-1.16373,24
2014-01-07,0.229,0.5023366,-1.159197,24
2014-01-08,0.229,0.3924854,-1.163469,24
2014-01-09,6.172,0.230297,-1.160478,24
2014-01-10,0.686,0.2881358,-1.067445,24
2014-01-11,0.0,0.2771772,-1.114285,24
2014-01-12,3.2,0.02694023,-1.152456,24
2014-01-13,10.29,0.2862365,-0.8088384,24
2014-01-14,14.43,0.5430009,-0.9417637999999999,24
2014-01-15,8.92,0.4998918,-1.166908,24
2014-01-16,0.0,0.5168142,-1.165727,24
2014-01-17,7.772,0.6826291,-1.165228,24
2014-01-18,0.0,0.5825368,-1.163396,24
2014-01-19,0.0,0.5874931,-1.163049,24
2014-01-20,0.0,0.3986048,-1.165233,24
2014-01-21,0.0,0.3949804,-1.1655579999999999,24
2014-01-22,0.0,0.4721917,-1.168105,24
2014-01-23,0.0,0.1946075,-1.167765,24
2014-01-24,24.43,0.2470415,-1.155986,24
2014-01-25,10.01,0.1030445,-1.050451,24
2014-01-26,0.0,0.45196379999999997,-1.00168,24
2014-01-27,1.143,0.5095421,-0.9504349999999999,24
2014-01-28,0.0,0.45501339999999996,-1.174564,24
2014-01-29,0.0,0.33402729999999997,-1.171727,24
2014-01-30,0.0,0.5954062,-1.173875,24
2014-01-31,0.0,0.731287,-1.173669,24
2014-02-01,0.0,0.7238219,-1.173169,24
2014-02-02,0.0,0.7327888,-1.175185,24
2014-02-03,0.0,0.6931438,-1.174679,24
2014-02-04,0.0,0.5965946999999999,-1.178648,24
2014-02-05,0.0,0.3244952,-1.178627,24
2014-02-06,0.0,0.3426898,-1.178645,24
2014-02-07,0.0,0.14313209999999998,-1.179662,24
2014-02-08,0.0,0.09400177,-1.180688,24
2014-02-09,0.0,0.08358645,-1.174854,24
2014-02-10,0.0,0.0985086,-1.172668,24
2014-02-11,0.0,0.1653122,-1.065829,24
2014-02-12,0.0,0.4138987,-1.11622,24
2014-02-13,0.0,0.3953182,-1.175188,24
2014-02-14,11.35,0.4937878,-1.172166,24
2014-02-15,4.115,0.8366226999999999,-1.16608,24
2014-02-16,2.286,0.9870163999999999,-1.165241,24
2014-02-17,0.0,0.7231966999999999,-1.167264,24
2014-02-18,19.66,0.4986159,-1.166922,24
2014-02-19,9.14,0.3417808,-1.171166,24
2014-02-20,0.229,0.2095482,-1.182307,24
2014-02-21,0.0,0.05438578,-1.184825,24
2014-02-22,0.0,0.055438640000000004,-1.178094,24
2014-02-23,3.2,0.04041612,-1.173329,24
2014-02-24,2.057,0.09625018,-1.172144,24
2014-02-25,5.029,0.2514025,-1.181574,24
2014-02-26,28.35,0.40181449999999996,-1.17954,24
2014-02-27,0.0,0.5820050999999999,-1.184438,24
2014-02-28,7.1370000000000005,0.7873186999999999,-1.173813,24
2014-03-01,10.36,0.9149885,-1.169946,24
2014-03-02,,0.8152282,-1.170802,24
2014-03-03,,0.8287458,-1.175173,24
2014-03-04,,0.72831,-1.168807,24
2014-03-05,,0.8440082,-1.1674419999999999,24
2014-03-06,,0.19927779999999998,-1.161367,24
2014-03-07,0.0,0.157835,-1.1651449999999999,24
2014-03-08,8.53,0.1719238,-1.162833,24
2014-03-09,34.29,0.19524719999999998,-1.045985,24
2014-03-10,5.486,0.0172596,-0.8659256999999999,24
2014-03-11,35.59,0.2644182,-1.028137,24
2014-03-12,8.99,0.271435,-0.958071,24
2014-03-13,29.57,0.46070049999999996,-0.8663965,24
2014-03-14,23.52,0.5481553,-1.172469,24
2014-03-15,0.0,0.587571,-1.172807,24
2014-03-16,7.087,0.6902539,-1.169456,24
2014-03-17,0.0,0.6105516,-1.160356,24
2014-03-18,25.5,0.6794679,-1.16424,24
2014-03-19,20.52,0.5996075,-1.166754,24
2014-03-20,4.572,0.7859611999999999,-1.1765430000000001,24
2014-03-21,,0.6134697,-1.159013,24
2014-03-22,,0.324157,-1.157667,24
2014-03-23,0.0,0.44231129999999996,-1.054813,24
2014-03-24,0.0,0.5937427,-0.49364719999999995,24
2014-03-25,2.057,0.4771143,-0.8519872,24
2014-03-26,0.229,0.23000849999999998,-1.161006,24
2014-03-27,,0.5004177,-1.161518,24
2014-03-28,,0.4909766,-1.15516,24
2014-03-29,,0.5673568999999999,-1.159719,24
2014-03-30,0.457,0.6597893,-1.159193,24
2014-03-31,,0.7060171,-1.156654,24
2014-04-01,7.5440000000000005,0.703905,-1.163729,24
2014-04-02,,0.8444982,-1.161872,24
2014-04-03,8.46,0.7884306999999999,-1.164217,24
2014-04-04,22.35,0.5696434,-1.162036,24
2014-04-05,,0.22010149999999998,-1.15714,24
2014-04-06,0.229,0.04389203,-1.162869,24
2014-04-07,,0.13977299999999998,-1.164655,24
2014-04-08,0.0,0.1068234,-0.7895582,24
2014-04-09,0.0,0.02622998,-0.9114932,24
2014-04-10,,0.132331,-1.126924,24
2014-04-11,,0.29132369999999996,-1.067644,24
2014-04-12,,0.49965309999999996,-0.9658926999999999,24
2014-04-13,1.3719999999999999,0.6543766999999999,-1.156652,24
2014-04-14,0.0,0.6436424,-1.157998,24
2014-04-15,0.0,1.018752,-1.087458,24
2014-04-16,,0.8931412999999999,-1.160664,24
2014-04-17,,0.6011571,-1.15781,24
2014-04-18,,0.6294638,-1.159161,24
2014-04-19,,0.6050611,-1.162447,24
2014-04-20,25.2,0.7337651,-1.163622,24
2014-04-21,,0.5234115,-1.068251,24
2014-04-22,,0.4596586,-0.8597779,24
2014-04-23,15.09,0.5170596,-0.9011599,24
2014-04-24,4.115,0.5014828,-0.8923905,24
2014-04-25,0.229,0.47696089999999997,-1.157302,24
2014-04-26,,0.6023073,-0.9693373,24
2014-04-27,,0.7785082,-1.109836,24
2014-04-28,0.0,0.6418944999999999,-1.159167,24
2014-04-29,2.057,0.48425559999999995,-1.15494,24
2014-04-30,,0.48177339999999996,-1.155267,24
2014-05-01,0.0,0.6663705999999999,-1.15949,24
2014-05-02,2.972,0.5755186999999999,-1.16052,24
2014-05-03,0.0,0.7029264,-1.16375,24
2014-05-04,0.0,0.4381542,-1.170326,24
2014-05-05,0.0,0.25477659999999996,-1.1679439999999999,24
2014-05-06,0.0,0.1251769,-1.167126,24
2014-05-07,0.0,0.00361824,-1.072288,24
2014-05-08,0.0,0.04273093,-0.8530417,24
2014-05-09,2.769,0.34827199999999997,-0.7027424,24
2014-05-10,0.0,0.5058334,-0.5842258,24
2014-05-11,6.858,0.5761312,-0.9265981,24
2014-05-12,5.715,0.47274669999999996,-1.163905,24
2014-05-13,0.229,0.3097236,-1.162037,24
2014-05-14,0.0,0.5535228,-1.160819,24
2014-05-15,0.0,0.6974296999999999,-1.166064,24
2014-05-16,,0.6582401999999999,-1.163387,24
2014-05-17,0.0,0.8059286999999999,-1.16067,24
2014-05-18,0.0,0.8364965999999999,-1.165725,24
2014-05-19,0.0,0.6558440999999999,-1.163543,24
2014-05-20,0.0,0.6716111,-0.9065228,24
2014-05-21,,0.5713245,-0.9028602,24
2014-05-22,0.0,0.4290758,-1.058333,24
2014-05-23,7.772,0.4036227,-1.163194,24
2014-05-24,,0.5823503,-0.9915172,24
2014-05-25,,0.7637088,-0.6846943999999999,24
2014-05-26,9.14,0.7043376,-0.8605063,24
2014-05-27,25.6,0.6894288,-0.9370278,24
2014-05-28,0.0,0.7195332999999999,-1.156278,24
2014-05-29,0.0,0.719491,-1.156617,24
2014-05-30,0.0,0.6485194,-1.157287,24
2014-05-31,,0.6044184,-1.156604,24
2014-06-01,8.0,0.40299399999999996,-1.161502,24
2014-06-02,0.0,0.6164912,-1.163205,24
2014-06-03,,0.7076802999999999,-1.12615,24
2014-06-04,0.0,0.489494,-0.8998913,24
2014-06-05,0.0,0.18764599999999998,-1.097738,24
2014-06-06,8.92,0.09964073,-1.045639,24
2014-06-07,47.8,0.22881159999999998,-0.944299,24
2014-06-08,120.6,0.5756093,-0.7282618,24
2014-06-09,35.89,0.4156388,-0.7878735,24
2014-06-10,,0.46336849999999996,-0.8808948999999999,24
2014-06-11,0.0,0.4589984,-1.168393,24
2014-06-12,2.743,0.5068306,-1.154931,24
2014-06-13,0.229,0.5388931,-1.169089,24
2014-06-14,,0.3082243,-1.163044,24
2014-06-15,0.0,0.6293059999999999,-1.164217,24
2014-06-16,,0.8451624,-1.105304,24
2014-06-17,0.0,0.582024,-1.1643919999999999,24
2014-06-18,0.0,0.525255,-1.164718,24
2014-06-19,27.91,0.6525029999999999,-0.8814234999999999,24
2014-06-20,0.0,0.634335,-0.8079366,24
2014-06-21,0.0,0.6048743,-0.8070663,24
2014-06-22,0.0,0.4241802,-1.084199,24
2014-06-23,0.0,0.30465519999999996,-1.171931,24
2014-06-24,0.0,0.34198419999999996,-1.1689129999999999,24
2014-06-25,0.0,0.5172416,-1.046706,24
2014-06-26,,0.632836,-1.161172,24
2014-06-27,0.0,0.6885053999999999,-1.153429,24
2014-06-28,4.115,0.6894066,-1.160833,24
2014-06-29,16.92,0.6892239,-1.163533,24
2014-06-30,6.401,0.5129843,-1.1616819999999999,24
2014-07-01,0.0,0.5787531,-1.155944,24
2014-07-02,0.0,0.6684532,-1.166029,24
2014-07-03,0.0,0.5371789,-1.163008,24
2014-07-04,0.0,0.2751096,-1.162171,24
2014-07-05,0.0,0.0759567,-1.150955,24
2014-07-06,0.0,0.05160594,-1.059517,24
2014-07-07,0.0,-0.05331004,-1.151634,24
2014-07-08,,0.3373287,-1.156448,24
2014-07-09,0.0,0.4838049,-1.116373,24
2014-07-10,1.6,0.4766417,-1.158293,24
2014-07-11,7.087,0.6120996,-1.155944,24
2014-07-12,,0.6919322,-1.153411,24
2014-07-13,,0.7390089,-1.153751,24
2014-07-14,3.2,0.6035415,-1.155116,24
2014-07-15,,0.5399629,-1.156958,24
2014-07-16,1.3719999999999999,0.4600972,-1.155289,24
2014-07-17,,0.3495796,-1.156476,24
2014-07-18,,0.2915682,-1.159029,24
2014-07-19,0.0,0.33785529999999997,-1.141709,24
2014-07-20,0.0,0.613613,-1.103191,24
2014-07-21,0.0,0.2367592,-1.130773,24
2014-07-22,0.0,0.1082498,-1.14813,24
2014-07-23,0.0,0.1223392,-1.150709,24
2014-07-24,0.0,0.140937,-1.152731,24
2014-07-25,,0.5076706,-1.145013,24
2014-07-26,0.0,0.942059,-0.9088967,24
2014-07-27,0.0,0.7435212,-1.150189,24
2014-07-28,,0.7363622999999999,-1.147341,24
2014-07-29,,0.660671,-1.146671,24
2014-07-30,3.658,0.4823653,-1.151051,24
2014-07-31,2.057,0.2193637,-1.145335,24
2014-08-01,0.0,0.2775728,-1.150396,24
2014-08-02,3.886,0.2548513,-1.1542729999999999,24
2014-08-03,0.0,0.0960089,-1.147624,24
2014-08-04,0.0,0.023135299999999998,-1.148653,24
2014-08-05,7.239,0.1075106,-1.147195,24
2014-08-06,0.0,0.3132603,-0.8148898,24
2014-08-07,0.0,0.3162005,-1.145975,24
2014-08-08,0.0,-0.022388099999999998,-1.147184,24
2014-08-09,0.0,0.5413654,-1.150542,24
2014-08-10,0.0,0.7088709,-1.147335,24
2014-08-11,0.0,0.7092959999999999,-1.145308,24
2014-08-12,0.0,0.6561209,-1.149866,24
2014-08-13,,0.8711443,-1.153916,24
2014-08-14,5.944,0.9809737,-0.9776982999999999,24
2014-08-15,,0.7105454999999999,-1.156225,24
2014-08-16,,0.42240679999999997,-1.151375,24
2014-08-17,44.7,0.3398103,-1.157629,24
2014-08-18,0.229,0.22723539999999998,-1.157965,24
2014-08-19,0.0,0.06846547,-1.151732,24
2014-08-20,0.0,0.16107849999999999,-1.150386,24
2014-08-21,0.0,0.08232546,-1.073426,24
2014-08-22,0.0,0.3181036,-0.8975827,24
2014-08-23,0.0,0.31580189999999997,-1.1532149999999999,24
2014-08-24,0.0,0.5062080999999999,-1.153397,24
2014-08-25,0.0,0.47161699999999995,-1.148704,24
2014-08-26,0.0,0.6341559999999999,-1.150224,24
2014-08-27,,0.9209145999999999,-1.159778,24
2014-08-28,0.0,0.9918845,-1.1565590000000001,24
2014-08-29,0.0,1.012812,-1.093273,24
2014-08-30,0.0,0.6092447,-1.152047,24
2014-08-31,0.0,0.2773622,-1.158488,24
2014-09-01,19.66,-0.03585935,-1.154737,24
2014-09-02,0.0,0.1876295,-1.14733,24
2014-09-03,,0.2617854,-0.9123176,24
2014-09-04,1.6,0.08223689,-1.156417,24
2014-09-05,2.057,0.1326654,-1.1608,24
2014-09-06,0.457,0.1374723,-1.159628,24
2014-09-07,0.229,0.1187857,-1.156785,24
2014-09-08,,0.2704492,-1.158805,24
2014-09-09,,0.709537,-1.159985,24
2014-09-10,0.0,0.9856994,-1.157454,24
2014-09-11,0.0,0.7666457,-1.1517330000000001,24
2014-09-12,,0.8488528999999999,-1.14786,24
2014-09-13,4.343,0.7048618,-1.152401,24
2014-09-14,0.0,0.4697092,-1.1540759999999999,24
2014-09-15,,0.18910559999999998,-1.1534119999999999,24
2014-09-16,0.0,0.2067765,-1.135403,24
2014-09-17,0.0,0.3641751,-1.154936,24
2014-09-18,0.0,0.4105542,-0.7513318999999999,24
2014-09-19,21.95,0.21032859999999998,-1.150871,24
2014-09-20,,0.25621689999999997,-1.064694,24
2014-09-21,,0.4480344,-1.044335,24
2014-09-22,,0.6716402,-1.146157,24
2014-09-23,0.0,0.7954962,-1.148183,24
2014-09-24,0.0,0.4304535,-1.1470259999999999,24
2014-09-25,13.49,0.40607519999999997,-1.1496979999999999,24
2014-09-26,,0.6075902,-1.148879,24
2014-09-27,3.429,0.5522878,-1.148044,24
2014-09-28,8.92,0.5972003,-1.150206,24
2014-09-29,7.772,0.4690778,-1.151565,24
2014-09-30,6.858,0.2070377,-1.151412,24
2014-10-01,11.43,0.2424498,-1.129013,24
2014-10-02,,0.48562279999999997,-0.8338848999999999,24
2014-10-03,,0.4166446,-1.030012,24
2014-10-04,0.0,0.3229998,-1.151384,24
2014-10-05,0.0,0.3237022,-1.146665,24
2014-10-06,,0.2760003,-1.1474820000000001,24
2014-10-07,,0.2992244,-1.150741,24
2014-10-08,0.0,0.4148383,-1.15007,24
2014-10-09,0.0,0.6818495,-1.151722,24
2014-10-10,0.0,0.9081520999999999,-1.149719,24
2014-10-11,0.0,0.7334296,-1.155101,24
2014-10-12,0.0,0.6706972,-1.145844,24
2014-10-13,0.0,0.592334,-1.153244,24
2014-10-14,0.229,0.2325536,-1.164276,24
2014-10-15,1.3719999999999999,0.3220347,-1.107468,24
2014-10-16,,0.17851219999999998,-1.065051,24
2014-10-17,0.457,0.1874176,-0.942369,24
2014-10-18,3.658,0.1497523,-1.153755,24
2014-10-19,2.515,0.4078616,-0.9378012,24
2014-10-20,4.343,0.4212279,-1.10426,24
2014-10-21,0.0,0.5716344,-1.141288,24
2014-10-22,0.0,0.7048612999999999,-1.157117,24
2014-10-23,0.0,0.5306981,-1.161335,24
2014-10-24,,0.4449567,-1.160824,24
2014-10-25,,0.6078161999999999,-1.16385,24
2014-10-26,0.0,0.6482409,-1.167072,24
2014-10-27,0.0,0.7010428,-1.168593,24
2014-10-28,,0.5785855,-1.172179,24
2014-10-29,0.0,0.3127568,-1.17001,24
2014-10-30,0.0,0.15300619999999998,-1.170406,24
2014-10-31,0.0,0.24836219999999998,-1.177208,24
2014-11-01,0.0,0.33892079999999997,-1.113543,24
2014-11-02,3.429,0.39476079999999997,-1.171093,24
2014-11-03,0.457,0.4443043,-1.167383,24
2014-11-04,,0.5423076,-1.163684,24
2014-11-05,,0.4924502,-1.162679,24
2014-11-06,1.3719999999999999,0.6528224,-1.15676,24
2014-11-07,0.457,0.9606220999999999,-1.162512,24
2014-11-08,,0.7979147,-1.160482,24
2014-11-09,,0.7185136999999999,-1.176059,24
2014-11-10,0.0,0.6852514,-1.173181,24
2014-11-11,0.0,0.5926410999999999,-1.1742029999999999,24
2014-11-12,0.0,0.39773139999999996,-1.175127,24
2014-11-13,0.0,0.2685763,-1.177661,24
2014-11-14,0.0,0.27897849999999996,-1.157295,24
2014-11-15,3.886,0.4875656,-0.6857504,24
2014-11-16,0.0,0.23311869999999998,-0.8061710999999999,24
2014-11-17,0.0,0.16491139999999999,-1.073902,24
2014-11-18,0.0,0.3324977,-0.8765888,24
2014-11-19,0.0,0.3892438,-1.133072,24
2014-11-20,0.0,0.260408,-1.175787,24
2014-11-21,4.343,0.2196666,-1.17283,24
2014-11-22,1.8290000000000002,0.6733089999999999,-1.164877,24
2014-11-23,9.37,0.6429777,-1.165566,24
2014-11-24,1.3719999999999999,0.6485291999999999,-1.159835,24
2014-11-25,4.343,0.8593717,-1.162013,24
2014-11-26,24.76,0.5635230999999999,-1.162348,24
2014-11-27,2.743,0.7152238999999999,-1.180248,24
2014-11-28,,0.7073908,-1.042246,24
2014-11-29,0.0,0.416381,-1.137129,24
2014-11-30,2.743,0.3891299,-1.168251,24
2014-12-01,4.369,0.004059196,-1.169595,24
2014-12-02,0.0,0.2014891,-1.176488,24
2014-12-03,0.0,0.34959589999999996,-1.122635,24
2014-12-04,12.6,0.610962,-1.1641949999999999,24
2014-12-05,5.258,0.6197233,-0.9104656999999999,24
2014-12-06,0.0,0.8319073,-1.177166,24
2014-12-07,0.0,0.667172,-1.174802,24
2014-12-08,0.0,0.5496955,-1.174667,24
2014-12-09,,0.47999319999999995,-1.173646,24
2014-12-10,16.87,0.5812442999999999,-1.16879,24
2014-12-11,,0.46759199999999995,-1.174029,24
2014-12-12,,0.42288899999999996,-1.1643270000000001,24
2014-12-13,4.115,0.4993428,-0.937032,24
2014-12-14,24.26,0.3213063,-0.8976360999999999,24
2014-12-15,,0.32741929999999997,-0.9073439999999999,24
2014-12-16,,0.3268782,-0.5997374999999999,24
2014-12-17,3.429,0.267805,-0.7251635,24
2014-12-18,0.0,0.2397064,-1.178935,24
2014-12-19,0.0,0.29944119999999996,-1.166636,24
2014-12-20,3.658,0.6370992999999999,-1.153596,24
2014-12-21,5.994,0.6091143,-1.180585,24
2014-12-22,0.457,0.6281669,-1.159848,24
2014-12-23,28.8,0.8480284,-1.120262,24
2014-12-24,5.715,1.05358,-1.153909,24
2014-12-25,14.17,0.7593977,-1.159976,24
2014-12-26,7.315,0.6922678999999999,-1.168243,24
2014-12-27,16.69,0.4907244,-1.170036,24
2014-12-28,,0.4505527,-1.177397,24
2014-12-29,,0.8998063,-1.170732,24
2014-12-30,9.22,0.9864714,-0.5742977,24
2014-12-31,0.0,0.8946027999999999,-0.6850128,24
2015-01-01,,0.8665413999999999,-0.7349743999999999,24
2015-01-02,,1.011838,-0.5756757,24
2015-01-03,31.27,1.070392,-0.3426297,24
2015-01-04,0.686,1.330972,-0.312135,24
2015-01-05,0.0,1.355426,-0.6351591,24
2015-01-06,,1.321127,-0.8809807,24
2015-01-07,4.572,1.356457,-1.106835,24
2015-01-08,5.715,1.111539,-1.156914,24
2015-01-09,0.0,1.162249,-0.9868273999999999,24
2015-01-10,8.2,1.2500689999999999,-0.8378218,24
2015-01-11,,1.130245,-0.7408772,24
2015-01-12,2.972,0.9384068999999999,-0.5945886,24
2015-01-13,12.19,0.7832834999999999,-0.586835,24
2015-01-14,0.0,0.8536788999999999,-0.5743585,24
2015-01-15,43.61,0.8995854999999999,-0.3894283,24
2015-01-16,1.3719999999999999,1.024384,-0.47462859999999996,24
2015-01-17,,0.9846611,-0.4945813,24
2015-01-18,,1.030416,-0.9219845999999999,24
2015-01-19,,1.1713339999999999,-0.6323432,24
2015-01-20,,1.407571,-0.7492065,24
2015-01-21,20.42,1.328463,-0.7278984,24
2015-01-22,,1.561569,-0.3983325,24
2015-01-23,,1.624391,-0.7102237,24
2015-01-24,0.0,1.296284,-0.7941602,24
2015-01-25,0.0,1.1586859999999999,-0.9204171,24
2015-01-26,7.315,1.016688,-0.9602822,24
2015-01-27,0.0,1.010598,-0.8269023,24
2015-01-28,0.229,0.8816988,-0.5729736999999999,24
2015-01-29,5.74,0.8428452,-0.6122578,24
2015-01-30,0.457,1.058978,-0.3922464,24
2015-01-31,2.286,1.099498,-0.2854137,24
2015-02-01,0.457,1.188241,-0.2990928,24
2015-02-02,0.457,1.176136,-0.7577664,24
2015-02-03,1.143,1.073253,-0.9415827999999999,24
2015-02-04,16.26,1.11554,-1.006369,24
2015-02-05,,1.283666,-0.9596142999999999,24
2015-02-06,15.42,1.304319,-0.9395051,24
2015-02-07,0.0,1.242023,-0.8307332,24
2015-02-08,,1.2558479999999999,-0.7889724,24
2015-02-09,,1.141744,-0.7557737999999999,24
2015-02-10,,1.09792,-0.9070921,24
2015-02-11,,0.7783152999999999,-0.8203712999999999,24
2015-02-12,0.0,0.7091130999999999,-0.6456506,24
2015-02-13,,0.6490734,-0.12859379999999998,24
2015-02-14,10.74,0.8421318999999999,-0.5489674,24
2015-02-15,30.4,1.029464,-0.6437487,24
2015-02-16,4.115,1.127457,-0.5197364999999999,24
2015-02-17,,1.151657,-0.9175059999999999,24
2015-02-18,30.43,1.1300919999999999,-0.8160147999999999,24
2015-02-19,14.4,1.330494,-0.6843381,24
2015-02-20,,1.4626139999999999,-0.9371644,24
2015-02-21,13.92,1.346597,-0.7474305,24
2015-02-22,1.3719999999999999,1.5213839999999998,-0.6985348,24
2015-02-23,9.27,1.164756,-1.055647,24
2015-02-24,,0.9642503,-1.07817,24
2015-02-25,,0.8923211,-1.060593,24
2015-02-26,0.0,0.7506917,-0.8495543999999999,24
2015-02-27,0.0,0.7644080999999999,-0.5749685,24
2015-02-28,,1.018167,-0.39479319999999996,24
2015-03-01,0.229,1.022722,-0.310867,24
2015-03-02,,0.9970777,-0.294153,24
2015-03-03,,1.143943,-0.7953709,24
2015-03-04,,0.9242619999999999,-1.081245,24
2015-03-05,0.0,1.029474,-1.085615,24
2015-03-06,,1.115915,-1.170434,24
2015-03-07,13.94,1.250399,-1.092354,24
2015-03-08,0.229,1.332609,-1.012385,24
2015-03-09,,1.06566,-1.115294,24
2015-03-10,0.0,0.9856339,-1.06502,24
2015-03-11,1.6,1.10621,-0.776853,24
2015-03-12,,1.079617,-0.4869145,24
2015-03-13,51.54,0.8783154,-0.1181296,24
2015-03-14,17.04,0.8323014,-0.09884048000000001,24
2015-03-15,11.53,0.846699,-0.3477132,24
2015-03-16,,0.8494096,-0.6443092,24
2015-03-17,1.8290000000000002,1.11382,-0.6062875999999999,24
2015-03-18,,1.234643,-0.7593033,24
2015-03-19,,1.25317,-1.013236,24
2015-03-20,0.457,1.342651,-0.9422178999999999,24
2015-03-21,4.801,1.476921,-1.030555,24
2015-03-22,13.28,1.548018,-0.9374669999999999,24
2015-03-23,0.0,1.440759,-0.6471209,24
2015-03-24,0.686,1.147127,-0.8826324,24
2015-03-25,0.0,0.7527516,-1.169479,24
2015-03-26,0.0,0.5465789999999999,-1.170003,24
2015-03-27,,0.4794669,-1.093827,24
2015-03-28,19.66,0.5613445,-0.41249559999999996,24
2015-03-29,2.057,0.4925593,-0.5585386999999999,24
2015-03-30,0.686,0.5231836,-0.8287019,24
2015-03-31,,0.5435977,-0.7861562,24
2015-04-01,0.0,0.5277009,-0.8946858999999999,24
2015-04-02,0.0,0.7948177,-1.027975,24
2015-04-03,0.0,1.072775,-0.7898997999999999,24
2015-04-04,0.0,1.20207,-1.083696,24
2015-04-05,0.0,1.072203,-1.138921,24
2015-04-06,15.9,1.247133,-0.9910066,24
2015-04-07,3.2,1.6082,-0.8311649999999999,24
2015-04-08,0.0,1.331608,-0.6529248,24
2015-04-09,0.0,1.07904,-0.8181898999999999,24
2015-04-10,0.457,0.8779475999999999,-0.8575942,24
2015-04-11,,0.6936469,-0.7357606999999999,24
2015-04-12,,0.7887442,-0.5938764999999999,24
2015-04-13,0.0,0.8981037,-0.5861352,24
2015-04-14,0.0,0.9490088999999999,-0.6304584999999999,24
2015-04-15,0.0,0.8916039,-0.8367392,24
2015-04-16,0.0,0.9914776999999999,-0.9905117999999999,24
2015-04-17,8.41,1.40297,-0.5409687,24
2015-04-18,61.87,1.310297,-0.7277507,24
2015-04-19,,1.969817,-0.2743614,24
2015-04-20,,2.127727,-0.2605038,24
2015-04-21,8.0,2.071266,-0.103349,24
2015-04-22,0.0,2.119724,-0.28128339999999996,24
2015-04-23,45.95,2.010159,0.2742248,24
2015-04-24,18.97,1.751518,0.02208829,24
2015-04-25,1.143,1.521927,0.001804709,24
2015-04-26,,1.5334889999999999,0.25477089999999997,24
2015-04-27,2.743,1.56603,0.49444509999999997,24
2015-04-28,6.655,1.562274,0.5869285,24
2015-04-29,,1.549484,-0.6585348,24
2015-04-30,,0.7298148,-0.6959607,24
2015-05-01,,0.7873838,-1.138916,24
2015-05-02,,0.5917755,-1.153428,24
2015-05-03,0.0,0.5543966,-1.151579,24
2015-05-04,6.401,0.4436636,-1.149188,24
2015-05-05,3.886,0.8453628999999999,-1.147519,24
2015-05-06,0.0,0.9811456,-0.9711472999999999,24
2015-05-07,0.0,0.8705447,-1.150716,24
2015-05-08,0.0,1.044495,-0.9568576,24
2015-05-09,0.0,0.7699747,-1.026757,24
2015-05-10,0.0,0.4915862,-1.165597,24
2015-05-11,,0.46927019999999997,-1.077802,24
2015-05-12,0.686,0.4599255,-0.9752584999999999,24
2015-05-13,,0.42740229999999996,-1.059126,24
2015-05-14,,0.44642709999999997,-1.156079,24
2015-05-15,,0.327167,-1.15694,24
2015-05-16,14.2,0.43788869999999996,-1.154588,24
2015-05-17,0.0,0.6070846,-1.160162,24
2015-05-18,5.029,0.7240175999999999,-1.15223,24
2015-05-19,4.14,0.8314362,-1.157289,24
2015-05-20,28.91,0.9658040999999999,-1.161836,24
2015-05-21,2.057,0.834295,-1.164536,24
2015-05-22,0.229,0.7099616999999999,-1.172109,24
2015-05-23,0.0,0.46720649999999997,-1.161008,24
2015-05-24,0.0,0.4117151,-1.178035,24
2015-05-25,,0.4029121,-1.099728,24
2015-05-26,,0.4839075,-0.6461108999999999,24
2015-05-27,19.66,0.43008599999999997,-0.3979078,24
2015-05-28,19.66,0.4903642,-0.45010609999999995,24
2015-05-29,,0.6413472,-0.6427065,24
2015-05-30,,0.7567801,-0.6002848,24
2015-05-31,0.0,0.6200648999999999,-1.128276,24
2015-06-01,,0.7607092999999999,-1.159279,24
2015-06-02,0.0,0.7677994,-1.1540759999999999,24
2015-06-03,0.0,0.8003785999999999,-1.153714,24
2015-06-04,0.0,0.7215811,-1.154923,24
2015-06-05,0.0,0.7184948,-1.153907,24
2015-06-06,0.0,0.877552,-1.15963,24
2015-06-07,0.0,0.7567754,-1.162368,24
2015-06-08,0.0,0.6932454,-1.122695,24
2015-06-09,0.0,0.7698282999999999,-0.9566258,24
2015-06-10,0.0,0.6268450999999999,-0.9156641,24
2015-06-11,0.0,0.5079343,-1.097815,24
2015-06-12,7.1370000000000005,0.7522268,-0.9860785999999999,24
2015-06-13,18.52,1.102786,-0.6071525,24
2015-06-14,23.77,1.127755,-0.5093434,24
2015-06-15,12.57,1.207581,-0.44037129999999997,24
2015-06-16,5.486,1.295998,-0.5979255,24
2015-06-17,0.0,1.2738749999999999,-0.5894836999999999,24
2015-06-18,0.0,1.218078,-0.9454100999999999,24
2015-06-19,43.03,1.24908,-0.9961426,24
2015-06-20,0.0,1.324202,-0.545978,24
2015-06-21,0.229,0.9517112,-1.040763,24
2015-06-22,0.229,0.6958631,-1.1408179999999999,24
2015-06-23,0.0,0.6160389,-1.011299,24
2015-06-24,0.0,0.8780813,-0.8086314,24
2015-06-25,0.686,0.6164621,-0.38921659999999997,24
2015-06-26,,0.6072428999999999,-0.5739349,24
2015-06-27,1.8290000000000002,0.24773989999999999,-0.8324509999999999,24
2015-06-28,0.229,0.2439361,-1.014635,24
2015-06-29,,0.39557359999999997,-1.1404239999999999,24
2015-06-30,0.0,0.6610457,-1.126611,24
2015-07-01,0.914,0.76648,-1.147991,24
2015-07-02,0.0,0.9938404999999999,-1.14463,24
2015-07-03,0.0,1.1976,-0.9481828,24
2015-07-04,0.457,1.142462,-1.058291,24
2015-07-05,0.0,1.312975,-1.024622,24
2015-07-06,0.0,1.408909,-0.5273213,24
2015-07-07,0.457,0.9448945999999999,-1.065686,24
2015-07-08,,0.722538,-1.066373,24
2015-07-09,21.72,0.8618298,-1.035735,24
2015-07-10,,0.8778528999999999,-0.6491253,24
2015-07-11,,0.7033931999999999,-0.8571333999999999,24
2015-07-12,0.457,0.5521818,-0.8326397999999999,24
2015-07-13,4.115,1.017378,-0.7563276999999999,24
2015-07-14,5.5120000000000005,0.9542322,-0.7334607999999999,24
2015-07-15,18.47,0.9381832999999999,-0.9906241,24
2015-07-16,0.914,1.248987,-0.9569432,24
2015-07-17,7.5440000000000005,1.060989,-1.030842,24
2015-07-18,12.8,0.9601231,-1.1498680000000001,24
2015-07-19,0.0,1.151273,-1.155247,24
2015-07-20,0.0,0.91078,-1.140779,24
2015-07-21,0.229,0.902374,-1.068497,24
2015-07-22,11.25,1.107699,-0.6763013999999999,24
2015-07-23,0.0,0.8304471999999999,-0.4916915,24
2015-07-24,6.401,0.4829463,-0.5679564,24
2015-07-25,5.258,0.5111725,-0.5889078,24
2015-07-26,0.229,0.7004999,-0.3678731,24
2015-07-27,0.0,0.7237532,-0.5334595999999999,24
2015-07-28,0.0,0.7462620999999999,-0.7058793999999999,24
2015-07-29,0.0,0.6233736,-1.126451,24
2015-07-30,0.0,0.7632232,-1.1427800000000001,24
2015-07-31,0.0,0.9417795999999999,-1.136371,24
2015-08-01,0.0,1.125615,-1.151523,24
2015-08-02,0.0,0.9509358,-1.149162,24
2015-08-03,0.0,1.085393,-1.15491,24
2015-08-04,0.0,1.106339,-1.06111,24
2015-08-05,0.0,1.023656,-1.106765,24
2015-08-06,0.0,0.9394127999999999,-0.9959931,24
2015-08-07,0.0,0.7764970999999999,-0.9946602999999999,24
2015-08-08,0.0,0.6100568,-1.06436,24
2015-08-09,0.0,0.28109439999999997,-1.136576,24
2015-08-10,0.0,0.4718966,-1.080837,24
2015-08-11,0.0,0.5286951999999999,-1.130017,24
2015-08-12,0.0,0.6332654,-1.137783,24
2015-08-13,0.0,0.9375715,-0.810456,24
2015-08-14,0.0,0.8394804,-1.132862,24
2015-08-15,0.0,0.9344935,-1.136395,24
2015-08-16,0.0,1.093382,-1.149013,24
2015-08-17,0.0,1.012799,-1.140278,24
2015-08-18,0.0,0.9413745,-1.141159,24
2015-08-19,0.0,0.8496895,-1.150903,24
2015-08-20,0.0,0.7850444,-1.155308,24
2015-08-21,0.0,0.8410951999999999,-0.6555911,24
2015-08-22,0.0,0.5433781999999999,-0.6514478,24
2015-08-23,0.0,0.3180417,-0.7888535,24
2015-08-24,0.229,0.3719457,-0.9593820999999999,24
2015-08-25,2.057,0.9912546,-0.26753000000000005,24
2015-08-26,1.143,0.9920515999999999,-0.675272,24
2015-08-27,2.515,0.8142969999999999,-1.074094,24
2015-08-28,18.01,0.5830847,-1.144801,24
2015-08-29,0.0,0.9023553999999999,-1.140885,24
2015-08-30,0.0,1.234761,-1.105703,24
2015-08-31,0.0,1.087065,-1.153216,24
2015-09-01,0.0,1.144929,-1.1692339999999999,24
2015-09-02,0.914,1.274028,-0.8480200000000001,24
2015-09-03,4.801,1.083454,-0.9266913999999999,24
2015-09-04,31.32,0.9569576,-1.055546,24
2015-09-05,14.66,0.8195992,-0.8704919,24
2015-09-06,16.23,0.7375278,-0.8878393,24
2015-09-07,2.743,0.5315156999999999,-0.7823756,24
2015-09-08,2.515,0.7328154,-0.8262088,24
2015-09-09,14.55,0.7210453,-1.121068,24
2015-09-10,0.0,0.9943593,-0.6873353999999999,24
2015-09-11,1.6,0.8364482,-0.8468947,24
2015-09-12,3.658,1.244748,-0.7796679999999999,24
2015-09-13,0.0,1.285154,-0.8079227,24
2015-09-14,0.0,1.347234,-0.8967124999999999,24
2015-09-15,0.0,1.124394,-1.172725,24
2015-09-16,0.457,1.03776,-1.153755,24
2015-09-17,0.0,0.7777075999999999,-1.148423,24
2015-09-18,51.89,0.9835957999999999,-0.9957265999999999,24
2015-09-19,3.886,0.7835776999999999,-0.889957,24
2015-09-20,1.6,0.6966945999999999,-0.7480506,24
2015-09-21,0.0,0.6744699,-0.4747355,24
2015-09-22,0.0,0.6160985,-0.5795258,24
2015-09-23,0.0,0.7359629999999999,-0.7451875,24
2015-09-24,0.0,0.7046920999999999,-0.9926136999999999,24
2015-09-25,0.0,0.7905476,-1.133036,24
2015-09-26,22.78,0.8249032,-1.138579,24
2015-09-27,5.944,1.0659399999999999,-1.141438,24
2015-09-28,42.72,1.332639,-0.9660063999999999,24
2015-09-29,5.029,1.461277,-1.089087,24
2015-09-30,0.0,1.537029,-1.035055,24
2015-10-01,2.057,1.209771,-1.002549,24
2015-10-02,3.658,1.293874,-0.822253,23
2015-10-03,13.54,0.5197893,-0.7933313,24
2015-10-04,1.143,0.7275845999999999,-0.6882790999999999,24
2015-10-05,7.087,1.03224,-0.5093040999999999,24
2015-10-06,1.3719999999999999,0.8906322,-0.2682191,24
2015-10-07,6.299,0.5638717,-0.7671547,24
2015-10-08,0.0,0.46356339999999996,-0.9510590999999999,24
2015-10-09,25.2,0.7497098,-0.7997177999999999,24
2015-10-10,10.29,0.9699407,-0.7634095,24
2015-10-11,10.52,1.138646,-0.9434893,24
2015-10-12,10.52,1.101695,-1.129676,24
2015-10-13,2.286,1.126587,-1.11622,24
2015-10-14,14.17,1.111438,-1.110633,24
2015-10-15,19.33,1.192564,-1.118406,24
2015-10-16,0.0,0.8905923,-1.150269,24
2015-10-17,3.2,0.7446516,-1.133758,24
2015-10-18,0.229,1.012337,-0.5171677,24
2015-10-19,0.0,1.17229,-0.4207199,24
2015-10-20,0.457,0.7933791,-0.5124744999999999,24
2015-10-21,0.0,0.5854212,-0.775368,24
2015-10-22,33.91,0.8358719,-0.7095246,24
2015-10-23,105.0,1.306015,-0.6450053,24
2015-10-24,0.0,1.110357,-0.8060769,24
2015-10-25,0.0,1.053741,-0.8582942,24
2015-10-26,5.029,1.4611800000000001,-0.5657407999999999,24
2015-10-27,4.572,1.405656,-0.937562,24
2015-10-28,0.457,1.307864,-1.106127,24
2015-10-29,2.057,0.9101393,-1.151058,24
2015-10-30,1.6,0.26334599999999997,-1.1285,24
2015-10-31,2.286,1.042736,-1.15343,24
2015-11-01,17.48,0.8497585999999999,-1.010758,24
2015-11-02,9.83,1.091896,-0.5744344,24
2015-11-03,4.572,0.7905787999999999,-0.5535914,24
2015-11-04,0.0,0.6108639,-0.6264771,24
2015-11-05,0.0,0.880444,-0.44631679999999996,24
2015-11-06,0.0,0.7970957999999999,-0.28230679999999997,24
2015-11-07,0.0,0.9036000000000001,-0.26863719999999996,24
2015-11-08,2.286,0.9394600000000001,-0.5881041,24
2015-11-09,0.0,0.9204431,-0.9411626999999999,24
2015-11-10,0.0,0.8563795,-1.163534,24
2015-11-11,0.0,0.8530911999999999,-1.148223,24
2015-11-12,0.0,0.9475070999999999,-1.163866,24
2015-11-13,0.0,1.106376,-1.123631,24
2015-11-14,0.686,1.105549,-1.153081,24
2015-11-15,6.223,0.9057225999999999,-1.171896,24
2015-11-16,0.914,1.159722,-0.6549174999999999,24
2015-11-17,2.057,1.114919,-0.8524047,24
2015-11-18,5.944,0.8729579,-0.8060296,24
2015-11-19,25.25,0.6823182999999999,-0.6603646,24
2015-11-20,50.6,1.12162,-0.5077707,24
2015-11-21,1.6,1.276166,-0.38764709999999997,24
2015-11-22,,1.061772,-0.3406937,24
2015-11-23,,1.205346,-0.8560907,24
2015-11-24,18.06,1.14702,-0.7815286,24
2015-11-25,6.629,1.499601,-0.4637461,24
2015-11-26,2.286,1.472039,-0.6821591,24
2015-11-27,1.143,1.361739,-0.971645,24
2015-11-28,4.343,1.231049,-1.085256,24
2015-11-29,,0.9673343,-1.116236,24
2015-11-30,4.115,1.2202790000000001,-0.5871024,24
2015-12-01,8.92,1.180229,-0.5872944999999999,24
2015-12-02,,1.001388,-0.6538068,24
2015-12-03,,0.7986755,-0.641346,24
2015-12-04,20.12,0.7639923,-0.6068804,24
2015-12-05,,0.7403445,-0.23610699999999998,24
2015-12-06,0.229,0.8169301,-0.5875492999999999,24
2015-12-07,,1.098064,-0.170151,24
2015-12-08,1.143,1.185736,-0.3350875,24
2015-12-09,3.429,1.225488,-0.7294953,24
2015-12-10,,0.9188478,-1.101262,24
2015-12-11,23.52,1.084905,-0.7824097,24
2015-12-12,,1.290079,-0.9598074,24
2015-12-13,,1.108242,-1.002085,24
2015-12-14,,1.149568,-1.046632,24
2015-12-15,,1.154103,-0.8030670999999999,24
2015-12-16,31.93,1.208648,-0.6976808,24
2015-12-17,3.658,1.161991,-0.5265856999999999,24
2015-12-18,2.743,1.101237,-0.6080743,24
2015-12-19,1.143,0.7942001999999999,-0.8301383,24
2015-12-20,,1.01454,-0.6258031,24
2015-12-21,31.78,1.200871,-0.13022799999999998,24
2015-12-22,22.4,1.20177,-0.6714835,24
2015-12-23,,1.042926,-0.9051621,24
2015-12-24,,1.006535,-0.7377442,24
2015-12-25,32.66,1.142346,-0.620275,24
2015-12-26,10.41,1.2487059999999999,-0.7358726,24
2015-12-27,,1.342854,-0.8794318,24
2015-12-28,32.59,1.256441,-0.7941769999999999,24
2015-12-29,47.22,1.207068,-0.7892153,24
2015-12-30,6.858,1.107501,-0.8989121,24
2015-12-31,,0.9365158,-0.8977347999999999,24
2016-01-01,1.8290000000000002,0.6854315,-0.7524898999999999,24
2016-01-02,6.858,0.9858091,-0.33188449999999997,24
2016-01-03,8.0,0.5922813,-0.4435896,24
2016-01-04,,0.635601,-0.4171759,24
2016-01-05,,0.4163016,-0.537932,24
2016-01-06,,0.527982,-0.8902043,24
2016-01-07,1.143,0.5560868999999999,-0.9190978999999999,24
2016-01-08,0.0,0.8981361,-0.8166414,24
2016-01-09,,1.087133,-0.7917042,24
2016-01-10,23.11,1.128617,-1.00665,24
2016-01-11,41.15,1.210161,-0.6797366,24
2016-01-12,19.41,1.343256,-0.8375918,24
2016-01-13,,1.283895,-1.002911,24
2016-01-14,,1.196069,-0.8119892,24
2016-01-15,,1.167078,-0.8133634,24
2016-01-16,,1.07756,-0.6505312,24
2016-01-17,,0.8646946,-0.735016,24
2016-01-18,,0.8302641,-0.554082,24
2016-01-19,0.0,0.7237853,-0.8995139999999999,24
2016-01-20,,0.7823315,-0.7929102,24
2016-01-21,0.0,0.9604311,-0.8357964999999999,24
2016-01-22,1.3719999999999999,0.9822795,-0.7017662,24
2016-01-23,,1.152517,-0.7646672999999999,24
2016-01-24,,1.002004,-1.151209,24
2016-01-25,0.0,0.9620669,-1.182519,24
2016-01-26,,1.058151,-1.177622,24
2016-01-27,31.04,1.012624,-1.179905,24
2016-01-28,2.057,1.420549,-0.6173263,24
2016-01-29,22.73,1.312169,-0.7441363,24
2016-01-30,2.286,1.069484,-0.8328203,24
2016-01-31,,0.8514664,-0.796121,24
2016-02-01,,0.9346785999999999,-0.5161171999999999,24
2016-02-02,,0.9919536,-0.01439524,24
2016-02-03,,0.8987881999999999,0.08671439,24
2016-02-04,7.315,0.8065486,-0.2599671,24
2016-02-05,4.343,0.8515381999999999,-0.49065109999999995,24
2016-02-06,29.06,1.089127,-0.4580207,24
2016-02-07,0.0,1.246704,-0.7477349,24
2016-02-08,2.743,1.396594,-0.7874162,24
2016-02-09,,1.3897279999999999,-0.9578238,24
2016-02-10,0.0,1.3959000000000001,-1.036927,24
2016-02-11,0.0,1.557979,-0.7175646,24
2016-02-12,0.0,1.4744359999999999,-0.7335035999999999,24
2016-02-13,0.0,1.337122,-0.7687297,24
2016-02-14,0.0,1.025609,-0.9668074,24
2016-02-15,,0.9475327,-0.9110347,24
2016-02-16,,1.120858,-0.33490139999999996,24
2016-02-17,,0.9970682,-0.3322926,24
2016-02-18,0.229,0.9229856,-0.5750693,24
2016-02-19,0.0,0.9432037,-0.6539847,24
2016-02-20,0.0,1.11611,-0.1198245,24
2016-02-21,15.57,1.382139,-0.5533684,24
2016-02-22,0.229,1.331664,-0.6375240999999999,24
2016-02-23,16.23,1.4889139999999998,-0.7419779999999999,24
2016-02-24,19.89,1.34061,-0.9167094,24
2016-02-25,,1.271954,-0.9636979,24
2016-02-26,,1.256954,-0.9454036,24
2016-02-27,0.0,1.2790300000000001,-0.7614422,24
2016-02-28,2.286,1.133477,-0.6510266,24
2016-02-29,51.43,1.173537,-0.18805159999999999,24
2016-03-01,,1.020785,-0.01722145,24
2016-03-02,0.0,0.8454392,-0.012960310000000001,24
2016-03-03,13.49,1.015967,-0.07314885,24
2016-03-04,25.86,1.005491,-0.07109809,24
2016-03-05,,1.248396,-0.1918234,24
2016-03-06,8.23,1.253637,-0.4833992,24
2016-03-07,19.94,1.404428,-0.5521733,24
2016-03-08,2.515,1.66506,-0.5697747,24
2016-03-09,,1.6047690000000001,-0.7428653,24
2016-03-10,,1.723204,-0.731084,24
2016-03-11,,1.731922,-0.6123489,24
2016-03-12,5.944,1.889954,-0.4086471,24
2016-03-13,0.0,1.56865,-0.6598651999999999,24
2016-03-14,0.0,1.309764,-0.6083997999999999,24
2016-03-15,0.686,1.188015,-0.4934453,24
2016-03-16,0.457,0.9359647999999999,-0.5095934999999999,24
2016-03-17,0.914,0.9409966,-0.39537669999999997,24
2016-03-18,0.0,1.037338,-0.3823958,24
2016-03-19,0.0,1.040524,-0.5529495,24
2016-03-20,2.057,1.0827309999999999,-0.32197939999999997,24
2016-03-21,,1.276637,-0.21960249999999998,24
2016-03-22,,1.575015,-0.6246605,24
2016-03-23,0.686,1.393691,-0.8848066,24
2016-03-24,0.0,1.474552,-0.7274619,24
2016-03-25,,1.339782,-0.8819037,24
2016-03-26,43.71,1.392282,-0.7431989,24
2016-03-27,0.686,1.310227,-0.7771340999999999,24
2016-03-28,0.0,1.185017,-0.7822528999999999,24
2016-03-29,0.0,0.97069,-0.7924146999999999,24
2016-03-30,,1.003943,-0.6753161,24
2016-03-31,,0.9665450999999999,-0.3061291,24
2016-04-01,10.79,1.016208,-0.2019248,24
2016-04-02,0.0,0.9067141999999999,-0.49476329999999996,24
2016-04-03,0.0,0.9390413999999999,-0.554029,24
2016-04-04,2.286,1.088531,-0.5214847,24
2016-04-05,0.0,0.8361742,-0.566858,24
2016-04-06,0.0,1.413485,-0.8453731,24
2016-04-07,0.0,1.559231,-0.8257901999999999,24
2016-04-08,,1.730127,-0.7384343,24
2016-04-09,0.0,1.793277,-0.6256809999999999,24
2016-04-10,,1.590294,-0.8524556,24
2016-04-11,6.401,1.556073,-0.7321559,24
2016-04-12,22.89,1.352866,-0.6786078,24
2016-04-13,,1.130005,-0.6812444,24
2016-04-14,,1.227225,-0.5757004,24
2016-04-15,,0.7495995,-0.6050331,24
2016-04-16,,0.8276979999999999,-0.38050019999999996,24
2016-04-17,0.0,0.8258137999999999,-0.40676969999999996,24
2016-04-18,0.0,0.9142382,-0.4104729,24
2016-04-19,0.0,1.030789,-0.42004749999999996,24
2016-04-20,,1.253452,-0.572354,24
2016-04-21,0.0,1.166872,-0.9729040999999999,24
2016-04-22,,1.3068819999999999,-1.010615,24
2016-04-23,,1.243863,-1.010827,24
2016-04-24,0.457,1.315541,-0.9300236,24
2016-04-25,0.0,1.201246,-0.9389116999999999,24
2016-04-26,,1.229964,-0.8603753,24
2016-04-27,20.57,1.594959,-0.44108739999999996,24
2016-04-28,9.37,1.410814,0.04246342,24
2016-04-29,0.0,1.354453,0.26275919999999997,24
2016-04-30,0.0,1.18824,0.2766494,24
2016-05-01,0.0,1.203059,-0.1580082,24
2016-05-02,0.0,1.392551,0.08035409,24
2016-05-03,0.0,1.212061,-0.4335534,24
2016-05-04,0.0,1.246735,-0.6457533,24
2016-05-05,0.0,1.642246,-0.2608465,24
2016-05-06,0.0,1.624956,-0.4098713,24
2016-05-07,5.486,1.573614,-0.4917353,24
2016-05-08,0.0,1.70424,-0.4168458,24
2016-05-09,0.457,1.6062759999999998,-0.6553492,24
2016-05-10,0.229,1.474202,-0.8011708,24
2016-05-11,0.0,1.230887,-0.4675543,24
2016-05-12,0.229,1.275298,-0.6024187999999999,24
2016-05-13,,1.236003,-0.1210057,24
2016-05-14,,1.134804,-0.10170599999999999,24
2016-05-15,,0.8562729,-0.2166437,24
2016-05-16,,0.8598001,-0.2657508,24
2016-05-17,4.115,0.9150212,-0.3953333,24
2016-05-18,0.0,1.5097559999999999,-0.02742636,24
2016-05-19,0.0,1.584671,-0.02299678,24
2016-05-20,0.0,1.6259169999999998,-0.3009675,24
2016-05-21,35.43,1.383184,-0.755208,24
2016-05-22,7.5440000000000005,1.330334,-0.8554695999999999,24
2016-05-23,35.97,1.4351180000000001,-0.35312709999999997,24
2016-05-24,0.0,1.52292,-0.5645027,24
2016-05-25,,1.506754,-0.2874309,24
2016-05-26,1.3719999999999999,1.349899,-0.4882085,24
2016-05-27,0.229,1.225207,-0.5053852999999999,24
2016-05-28,,1.306996,-0.208806,24
2016-05-29,,1.06831,-0.1183641,24
2016-05-30,,1.002754,-0.2873596,24
2016-05-31,,1.000051,-0.6434442,24
2016-06-01,0.914,1.115724,-0.7031400000000001,24
2016-06-02,10.77,1.3005390000000001,-0.7553000999999999,24
2016-06-03,0.229,1.603158,-0.4245748,24
2016-06-04,0.0,1.654417,-0.22458039999999999,24
2016-06-05,0.0,1.773307,-0.17554509999999998,24
2016-06-06,,1.6586729999999998,-0.3916628,24
2016-06-07,,1.739253,-0.3630871,24
2016-06-08,,1.631781,-0.34970209999999996,24
2016-06-09,,1.5199509999999998,-0.6365333,24
2016-06-10,0.0,1.7012200000000002,0.2131659,24
2016-06-11,0.0,1.3519079999999999,0.03526843,24
2016-06-12,0.0,1.390479,0.2170039,24
2016-06-13,,1.24793,0.3034698,24
2016-06-14,0.0,1.146248,0.21271679999999998,24
2016-06-15,,0.9217295999999999,-0.1349001,24
2016-06-16,0.0,0.8951926,-0.3339332,24
2016-06-17,0.0,1.034151,-0.5665097,24
2016-06-18,,1.19097,-0.6354943,24
2016-06-19,8.92,1.451136,-0.411365,24
2016-06-20,,1.3201939999999999,-0.7643844999999999,24
2016-06-21,,1.381704,-0.7403658,24
2016-06-22,,1.442321,-0.5226500000000001,24
2016-06-23,15.54,1.243092,-0.7277642999999999,24
2016-06-24,0.0,1.260898,-0.8896744999999999,24
2016-06-25,0.0,1.28667,-0.6848417,24
2016-06-26,0.0,1.119419,-0.6572868,24
2016-06-27,0.0,0.9981084,-0.6082373,24
2016-06-28,0.0,0.9767496999999999,-0.5651786,24
2016-06-29,0.0,0.9395583,-0.6601692,24
2016-06-30,0.0,0.9426190999999999,-0.6733591999999999,24
2016-07-01,0.0,0.9895697,-0.8503723,24
2016-07-02,0.0,1.051264,-0.8775109,24
2016-07-03,0.0,1.135738,-0.6247227,24
2016-07-04,0.0,1.380975,-0.5844575,24
2016-07-05,0.0,1.3495300000000001,-0.767199,24
2016-07-06,0.0,1.304469,-0.8854265,24
2016-07-07,,1.292734,-0.8960621,24
2016-07-08,0.0,1.613185,-0.7192674,24
2016-07-09,0.0,1.372653,-0.6221935,24
2016-07-10,0.0,1.117006,-0.8291527,24
2016-07-11,0.0,0.9560434999999999,-0.8609836,24
2016-07-12,0.0,0.8502318999999999,-0.7155861,24
2016-07-13,0.0,0.8289669,-0.3818476,24
2016-07-14,9.37,0.8053918,-0.3087689,24
2016-07-15,2.743,0.8136272,-0.1077679,24
2016-07-16,5.029,1.023858,-0.5525025,24
2016-07-17,55.58,1.099086,-0.06174123,24
2016-07-18,0.0,1.385727,-0.6305021,24
2016-07-19,0.0,1.547596,-0.2964091,24
2016-07-20,0.0,1.381937,-0.710618,24
2016-07-21,0.0,1.272537,-0.9490278999999999,24
2016-07-22,0.0,1.322792,-1.006153,24
2016-07-23,0.0,1.207991,-0.9679666,24
2016-07-24,0.0,1.068761,-1.018182,24
2016-07-25,0.0,1.200638,-0.7837539,24
2016-07-26,0.0,1.137352,-0.586735,24
2016-07-27,0.0,1.011868,-0.6098939999999999,24
2016-07-28,0.0,0.9154186,-0.6420494,24
2016-07-29,,1.404242,-0.08958304,24
2016-07-30,0.229,1.125995,-0.5252994,24
2016-07-31,0.0,1.075344,-0.7663321,24
2016-08-01,0.0,0.9947636,-0.8810717,24
2016-08-02,0.0,1.060197,-0.9406308,24
2016-08-03,1.3719999999999999,1.486241,-0.5202003,24
2016-08-04,,1.434208,-0.6520034,24
2016-08-05,1.6,1.2806549999999999,-0.9830855,24
2016-08-06,0.0,1.17962,-1.120883,24
2016-08-07,,1.306706,-1.022584,24
2016-08-08,,1.224977,-0.7643939,24
2016-08-09,,1.030463,-0.7025226,24
2016-08-10,,0.9131788999999999,-0.7318456999999999,24
2016-08-11,,0.8456587999999999,-0.611829,24
2016-08-12,0.0,0.9619907999999999,-0.2026801,24
2016-08-13,0.0,0.6460178999999999,-0.3519619,24
2016-08-14,0.0,0.8673257999999999,-0.49616249999999995,24
2016-08-15,0.0,0.8867322999999999,-0.7924209,24
2016-08-16,,1.204627,-0.5303713999999999,24
2016-08-17,,1.185001,-0.8304174,24
2016-08-18,18.19,1.402931,-0.8630865,24
2016-08-19,1.143,1.444207,-1.001422,24
2016-08-20,23.98,1.482324,-0.9360377,24
2016-08-21,49.89,1.403769,-0.5582081999999999,24
2016-08-22,27.71,1.815404,-0.1437466,24
2016-08-23,0.0,1.435757,-0.47810719999999995,24
2016-08-24,0.0,1.219409,-0.6989229,24
2016-08-25,,0.9844229,-0.48895659999999996,24
2016-08-26,0.0,0.9122726999999999,-0.507084,24
2016-08-27,0.0,0.9114949999999999,-0.7328730999999999,24
2016-08-28,0.0,0.9799165999999999,-0.808109,24
2016-08-29,0.0,1.100766,-0.6298012,24
2016-08-30,0.0,1.334362,-0.1919131,24
2016-08-31,9.37,1.361842,-0.42287729999999996,24
2016-09-01,,1.349536,-0.7831703,24
2016-09-02,,1.464888,-0.8839558,24
2016-09-03,1.143,1.475687,-0.8978735,24
2016-09-04,29.26,1.5573649999999999,-0.7439302,24
2016-09-05,11.66,1.446913,-0.7002927999999999,24
2016-09-06,3.2,1.308799,-0.6895416999999999,24
2016-09-07,6.629,0.9740342999999999,-0.7207173,24
2016-09-08,0.0,0.7869725,-0.5711468,24
2016-09-09,0.0,0.9820291999999999,-0.4881762,24
2016-09-10,0.0,0.9594047,0.006520391,24
2016-09-11,0.0,0.8195085999999999,-0.4400557,24
2016-09-12,0.0,1.011447,-0.3476899,24
2016-09-13,,1.169053,-0.4493812,24
2016-09-14,,1.133809,-0.8719703,24
2016-09-15,0.0,1.371646,-0.9629481,24
2016-09-16,0.0,1.945631,-0.4251178,24
2016-09-17,0.0,2.105466,-0.3450313,24
2016-09-18,0.0,1.728876,-0.8923243999999999,24
2016-09-19,,1.500293,-0.9427327,24
2016-09-20,,1.695525,-0.49899659999999996,24
2016-09-21,0.0,1.609168,-0.305627,24
2016-09-22,0.0,1.416838,-0.8428867,24
2016-09-23,,0.939909,-0.7029453999999999,24
2016-09-24,,0.802469,-0.7014462,24
2016-09-25,,1.188441,-0.20725149999999998,24
2016-09-26,,1.472791,0.07518435,24
2016-09-27,,1.399276,0.04736459,24
2016-09-28,0.0,1.293089,-0.1897433,24
2016-09-29,0.0,1.205444,-0.5816817,24
2016-09-30,0.0,1.3414869999999999,-0.932456,24
2016-10-01,0.229,1.560408,-0.6710621,24
2016-10-02,2.286,1.45153,-0.9784893,24
2016-10-03,,1.313237,-1.035448,24
2016-10-04,,1.22965,-1.171213,24
2016-10-05,5.486,0.9455212,-1.04612,24
2016-10-06,4.115,0.7946998,-1.001646,24
2016-10-07,39.09,0.8461704999999999,-0.8675029,24
2016-10-08,1.3719999999999999,0.6313386,-0.8044946,24
2016-10-09,0.0,0.6897221,-0.5783315,24
2016-10-10,0.0,0.7419078,-0.41376389999999996,24
2016-10-11,0.0,0.8659726,-0.5529442,24
2016-10-12,,0.8196207999999999,-0.7893589,24
2016-10-13,13.03,0.8473200999999999,-0.9585093,24
2016-10-14,21.36,0.971464,-0.9431911,24
2016-10-15,0.0,1.089779,-1.049285,24
2016-10-16,0.0,1.42747,-0.9438841,24
2016-10-17,5.258,1.5260449999999999,-1.04563,24
2016-10-18,3.658,1.504702,-1.034835,24
2016-10-19,3.2,1.602625,-0.9194431,24
2016-10-20,25.6,1.407055,-0.802754,24
2016-10-21,35.92,1.096384,-0.8098453999999999,24
2016-10-22,0.0,1.1303969999999999,-0.3231539,24
2016-10-23,0.0,0.8306939999999999,-0.41298419999999997,24
2016-10-24,,0.7633823,-0.5476856999999999,24
2016-10-25,,0.7237388,-0.7394609,24
2016-10-26,,1.012759,-0.5333562,24
2016-10-27,17.37,0.9100701,-0.35966349999999997,24
2016-10-28,,0.9762101999999999,-0.8135144999999999,24
2016-10-29,,1.712963,-0.46350969999999997,24
2016-10-30,0.0,2.050779,-0.7277216,24
2016-10-31,0.0,1.05273,-1.065283,24
2016-11-01,,0.8671074999999999,-1.064622,24
2016-11-02,0.0,0.9515437,-1.054349,24
2016-11-03,0.0,0.8921043,-1.055918,24
2016-11-04,0.0,1.154945,-0.7302778999999999,24
2016-11-05,0.0,1.110568,-0.6730309999999999,24
2016-11-06,0.0,0.6928274999999999,-0.7223923999999999,24
2016-11-07,,0.7802211,-0.5664198,24
2016-11-08,0.0,0.6014018,-0.5563217,24
2016-11-09,0.0,0.8840201999999999,-0.46168729999999997,24
2016-11-10,,0.9599744,-0.42146239999999996,24
2016-11-11,,1.039965,-0.9689262999999999,24
2016-11-12,0.0,1.181194,-0.6807052,24
2016-11-13,1.6,1.563974,-0.457883,24
2016-11-14,,1.661946,-0.5315225,24
2016-11-15,0.0,1.6044100000000001,-0.7679207,24
2016-11-16,,1.479551,-0.8448547,24
2016-11-17,12.12,1.486118,-0.5257069,24
2016-11-18,,1.430726,-0.5252884999999999,24
2016-11-19,,1.528379,-0.46352859999999996,24
2016-11-20,,1.15141,-0.5726936,24
2016-11-21,,0.8523550999999999,-0.5570672,24
2016-11-22,0.0,0.7538674,-0.6697446,24
2016-11-23,2.286,1.020802,-0.46550329999999995,24
2016-11-24,,1.06147,0.036316390000000004,24
2016-11-25,,0.9680774999999999,-0.3078905,24
2016-11-26,0.229,0.9637908,-0.6598703,24
2016-11-27,,0.8870884,-1.058069,24
2016-11-28,0.457,0.9056803,-1.057228,24
2016-11-29,,1.021644,-1.059084,24
2016-11-30,8.92,1.261051,-0.7583932,24
2016-12-01,0.0,1.317756,-0.9844322999999999,24
2016-12-02,,1.095667,-1.060568,24
2016-12-03,,0.8304383,-1.053844,24
2016-12-04,,0.8457596,-1.00878,24
2016-12-05,,1.09924,-0.4597445,24
2016-12-06,0.0,1.157122,-0.326341,24
2016-12-07,,0.9598209,-0.5374144,24
2016-12-08,0.229,1.035637,-0.5045483,24
2016-12-09,16.26,1.186137,-0.444851,24
2016-12-10,11.66,1.260289,-0.472474,24
2016-12-11,,1.288115,-0.6207443,24
2016-12-12,0.0,1.24918,-0.7004072,24
2016-12-13,,1.366353,-0.49490199999999995,24
2016-12-14,5.537,1.465785,-0.5516068,24
2016-12-15,0.914,1.391571,-0.5249011,24
2016-12-16,,1.749229,-0.3057349,24
2016-12-17,10.97,1.593313,-0.8628439999999999,24
2016-12-18,18.75,1.115084,-1.052497,24
2016-12-19,1.143,0.8423409,-1.053178,24
2016-12-20,0.0,0.8025297,-0.9442434,24
2016-12-21,23.14,0.8634139,-0.9679875,24
2016-12-22,5.283,0.8656706,-0.3916966,24
2016-12-23,0.457,0.7805770999999999,-0.3034186,24
2016-12-24,,0.8436884,-0.4916394,24
2016-12-25,0.0,0.9159681,-0.3538454,24
2016-12-26,0.229,1.031981,-0.5147596999999999,24
2016-12-27,0.0,0.9818125999999999,-0.9707821,24
2016-12-28,36.6,1.030409,-0.7439055,24
2016-12-29,,1.214749,-0.8048638,24
2016-12-30,,1.202407,-1.038369,24
2016-12-31,,1.122942,-1.028278,24
2017-01-01,,1.11354,-0.926734,24
2017-01-02,8.46,1.225317,-0.8116865,24
2017-01-03,0.0,1.194832,-0.7717993999999999,24
2017-01-04,0.0,1.23457,-0.6130417,24
2017-01-05,7.772,0.9737469,-0.7502897,24
2017-01-06,26.54,0.9617869,-0.7458513999999999,24
2017-01-07,,1.112351,-0.4552289,24
2017-01-08,,1.09036,-0.48162679999999997,24
2017-01-09,1.3719999999999999,1.09381,-1.004366,24
2017-01-10,3.454,1.050886,-0.8504349999999999,24
2017-01-11,2.972,1.242973,-0.5513895999999999,24
2017-01-12,1.143,1.259033,-0.45727809999999997,24
2017-01-13,0.457,1.493491,-0.5763841,24
2017-01-14,0.0,1.41557,-0.8482786999999999,24
2017-01-15,0.0,1.399824,-0.8169752,24
2017-01-16,0.0,1.3687369999999999,-0.7571627,24
2017-01-17,24.69,1.298648,-0.7625368,24
2017-01-18,8.64,0.9545456,-0.8350936,24
2017-01-19,75.84,1.013115,-0.7613991,24
2017-01-20,1.6,0.9143064999999999,-0.44275749999999997,24
2017-01-21,0.0,0.6975937,-0.2630705,24
2017-01-22,0.0,0.7492405,-0.3188179,24
2017-01-23,,0.8288051,-0.2514995,24
2017-01-24,,0.8656265,-0.4378931,24
2017-01-25,1.6,0.9316403,-0.43417669999999997,24
2017-01-26,26.54,0.9494931,-0.9093975,24
2017-01-27,36.14,1.051132,-0.4397375,24
2017-01-28,4.115,1.386371,-0.8085027,24
2017-01-29,11.2,1.291283,-0.9774004,24
2017-01-30,18.67,1.081817,-1.028445,24
2017-01-31,143.6,1.272253,-0.9697758999999999,24
2017-02-01,59.77,1.100793,-0.8178734,24
2017-02-02,10.06,0.9965649999999999,-0.9818897999999999,24
2017-02-03,,0.9131452,-0.9050969,24
2017-02-04,,0.8592367999999999,-0.6614677999999999,24
2017-02-05,0.0,0.8872171999999999,-0.5127898,24
2017-02-06,0.229,0.8324208,-0.6886401999999999,24
2017-02-07,,1.042174,-0.7427775999999999,24
2017-02-08,1.143,1.259738,-0.42452619999999996,24
2017-02-09,1.3719999999999999,1.537013,-0.7415107,24
2017-02-10,0.229,1.227241,-0.6639328999999999,24
2017-02-11,,1.186192,-1.04226,24
2017-02-12,,1.17392,-1.023554,24
2017-02-13,33.81,1.287136,-0.9577439,24
2017-02-14,2.057,1.216483,-1.049514,24
2017-02-15,0.229,1.071299,-1.053935,24
2017-02-16,0.0,0.9357044,-1.086762,24
2017-02-17,0.0,0.7224421999999999,-1.086759,24
2017-02-18,,0.6663848,-0.7616727,24
2017-02-19,0.0,0.5707397,-0.6828439,24
2017-02-20,0.0,0.6368189,-0.3487887,24
2017-02-21,0.0,0.8025728,-0.1800452,24
2017-02-22,0.686,0.7773739,-0.436563,24
2017-02-23,,0.7732207,-0.7513833999999999,24
2017-02-24,69.67,0.9721917,-0.43793679999999996,24
2017-02-25,,1.10798,-0.941743,24
2017-02-26,0.0,1.236203,-1.048302,24
2017-02-27,,1.2596720000000001,-1.046793,24
2017-02-28,0.0,1.365486,-1.001153,24
2017-03-01,2.972,1.311502,-1.03199,24
2017-03-02,,1.4910269999999999,-0.8808760999999999,24
2017-03-03,0.0,1.228737,-0.87809,24
2017-03-04,32.56,1.14326,-0.9382282,24
2017-03-05,,1.035178,-0.7093879,24
2017-03-06,19.28,1.114012,-0.33805189999999996,24
2017-03-07,,0.8988487,-0.6616132,24
2017-03-08,1.6,0.8912606999999999,-0.7356611,24
2017-03-09,10.52,0.9808214999999999,-0.6044745,24
2017-03-10,0.686,1.189662,-1.076434,24
2017-03-11,0.0,0.9846193,-0.9366764999999999,24
2017-03-12,0.0,1.31871,-0.7067183,24
2017-03-13,14.71,1.423003,-0.8743396,24
2017-03-14,0.0,1.573213,-0.7074461999999999,24
2017-03-15,0.0,1.511231,-0.8201391,24
2017-03-16,0.229,1.197851,-1.050831,24
2017-03-17,16.21,0.8862920999999999,-1.116861,24
2017-03-18,,1.382152,-0.2579616,24
2017-03-19,,1.200521,-0.2521954,24
2017-03-20,,0.9978254999999999,-0.2696901,24
2017-03-21,7.315,0.7839493,-0.3624309,24
2017-03-22,13.79,0.6524061,-0.23854979999999998,24
2017-03-23,6.223,0.7706293,-0.5452720999999999,24
2017-03-24,7.087,0.8814647999999999,-0.5525333,24
2017-03-25,1.8290000000000002,0.9199096,-0.6768198999999999,24
2017-03-26,0.686,1.127746,-0.7689834,24
2017-03-27,0.914,1.231259,-0.9536669999999999,24
2017-03-28,,1.464163,-0.9058039,24
2017-03-29,28.83,1.3442349999999998,-0.7412917,24
2017-03-30,,1.4493719999999999,-0.9093467,24
2017-03-31,1.3719999999999999,1.4150800000000001,-0.9294716,24
2017-04-01,,1.1806079999999999,-0.9781785,24
2017-04-02,,0.9845482,-0.8987727,24
2017-04-03,8.92,0.8107983,-0.8659952,24
2017-04-04,1.143,0.5921383,-0.7807038,24
2017-04-05,,0.6858019,-0.7445864999999999,24
2017-04-06,5.944,0.8514594,-0.8073425,24
2017-04-07,4.801,0.9611061999999999,-0.5909603,24
2017-04-08,2.972,1.228949,-0.22742369999999998,24
2017-04-09,0.914,1.343025,-0.44473409999999997,24
2017-04-10,0.229,1.128626,-1.075754,24
2017-04-11,0.457,0.8963395,-1.104377,24
2017-04-12,39.45,0.7849299,-1.096812,24
2017-04-13,0.229,1.47929,-0.8758979,24
2017-04-14,,1.460389,-0.6324856999999999,24
2017-04-15,0.0,1.166875,-0.7833618,24
2017-04-16,0.0,1.018516,-0.8860395,24
2017-04-17,9.14,0.933508,-0.6945424,24
2017-04-18,,0.9958509,-0.41670809999999997,24
2017-04-19,0.686,1.000054,-0.3140035,24
2017-04-20,8.46,0.8194346,-0.340256,24
2017-04-21,2.972,0.5657033,-0.7158207999999999,24
2017-04-22,5.715,0.7509642,-0.8857805,24
2017-04-23,,1.25828,-0.26246949999999997,24
2017-04-24,,1.297699,-0.6247463999999999,24
2017-04-25,0.914,1.2898939999999999,-0.8300464,24
2017-04-26,,1.305026,-0.9617549,24
2017-04-27,,1.21922,-0.8839767,24
2017-04-28,,1.6260430000000001,-0.6986884999999999,24
2017-04-29,0.0,1.644992,-0.4546688,24
2017-04-30,0.0,1.421291,-0.7833515,24
2017-05-01,0.0,1.192603,-0.8192290999999999,24
2017-05-02,0.0,0.9317991,-0.7844099,24
2017-05-03,2.972,0.7904633999999999,-0.6891556,24
2017-05-04,0.0,0.7049015,-0.6625049,24
2017-05-05,3.429,0.6441119,-0.7300989999999999,24
2017-05-06,,0.9089085,-0.3394859,24
2017-05-07,,1.081436,-0.49729809999999997,24
2017-05-08,2.057,1.001015,-0.7619408,24
2017-05-09,3.658,1.189966,-0.8275081,24
2017-05-10,0.0,0.8895751,-1.039667,24
2017-05-11,0.0,1.366762,-0.6545287,24
2017-05-12,0.0,1.4597,-0.6735572999999999,24
2017-05-13,0.0,1.243185,-0.8298428999999999,24
2017-05-14,0.457,0.8705121,-1.116485,24
2017-05-15,,1.23527,-1.038221,24
2017-05-16,,1.367971,-0.2618491,24
2017-05-17,0.0,1.044353,-0.40722139999999996,24
2017-05-18,2.515,0.7984837,-0.4656956,24
2017-05-19,42.62,0.8150417999999999,-0.2803509,24
2017-05-20,72.01,0.8971547,-0.48166899999999996,24
2017-05-21,,0.4935309,-0.8172007,24
2017-05-22,2.286,0.4540845,-1.033464,24
2017-05-23,,1.313981,-0.5072961,24
2017-05-24,0.0,1.2231049999999999,-0.8446667999999999,24
2017-05-25,2.286,1.3200669999999999,-0.7301667,24
2017-05-26,0.0,1.398254,-0.833181,24
2017-05-27,1.8290000000000002,1.198589,-1.081797,24
2017-05-28,38.86,1.593872,-0.7421109,24
2017-05-29,10.52,1.451995,-0.4762918,24
2017-05-30,7.772,1.299615,-0.6529134999999999,24
2017-05-31,,1.365414,-0.29777349999999997,24
2017-06-01,10.97,1.161224,-0.3025139,24
2017-06-02,,1.018411,-0.4360727,24
2017-06-03,,0.9077995999999999,-0.1952783,24
2017-06-04,0.686,0.9092983,-0.19226749999999998,24
2017-06-05,15.16,0.8894407,-0.4946122,24
2017-06-06,23.8,1.003667,-0.3976653,24
2017-06-07,,1.137704,-0.5187596999999999,24
2017-06-08,,1.292475,-0.6858714,24
2017-06-09,0.0,0.8552936,-0.7122866999999999,24
2017-06-10,0.0,1.268647,-0.8368728,24
2017-06-11,,1.408629,-0.5384751,24
2017-06-12,0.0,1.25426,-0.7439293,24
2017-06-13,0.0,1.20348,-0.6644281,24
2017-06-14,0.0,1.372806,-0.3180401,24
2017-06-15,,1.208205,-0.4944268,24
2017-06-16,0.0,1.04121,-0.45061799999999996,24
2017-06-17,0.0,0.789937,-0.6575809,24
2017-06-18,0.0,0.7331538,-0.8187926999999999,24
2017-06-19,,0.8807837,-0.6851767,24
2017-06-20,,1.513758,-0.3829913,24
2017-06-21,2.286,1.594535,0.006986022000000001,24
2017-06-22,,1.408265,-0.3492367,24
2017-06-23,0.457,1.190389,-0.5971936,24
2017-06-24,,1.081698,-0.9568397,24
2017-06-25,,1.145505,-0.9857495,24
2017-06-26,,1.230969,-1.046404,24
2017-06-27,,1.330611,-0.7994355999999999,24
2017-06-28,,1.13186,-1.036817,24
2017-06-29,0.0,0.9955204999999999,-1.081626,24
2017-06-30,,1.00762,-0.7917807,24
2017-07-01,,0.8811907,-0.7212774,24
2017-07-02,,1.020668,-0.4457654,24
2017-07-03,,1.028852,0.03270888,24
2017-07-04,,0.7821260999999999,-0.3960857,24
2017-07-05,0.0,0.6124429,-0.6495999,24
2017-07-06,,0.6763699,-0.8698387999999999,24
2017-07-07,,0.6511253,-1.012183,24
2017-07-08,,0.8053838999999999,-1.018931,24
2017-07-09,0.0,1.065243,-1.062911,24
2017-07-10,0.0,0.8695198,-1.089362,24
2017-07-11,0.0,0.9728017999999999,-1.074208,24
2017-07-12,0.0,1.001698,-1.025369,24
2017-07-13,0.0,1.162994,-0.8693877999999999,24
2017-07-14,0.0,0.8395807,-1.049435,24
2017-07-15,0.0,0.7954211999999999,-1.088552,24
2017-07-16,0.0,0.8001609,-0.8678287,24
2017-07-17,0.0,0.7483569,-0.8051727999999999,24
2017-07-18,0.0,1.307612,-0.6550907,24
2017-07-19,0.0,1.30565,0.040128950000000004,24
2017-07-20,0.0,1.219421,-0.35156489999999996,24
2017-07-21,,0.9466878,-0.9516832,24
2017-07-22,0.0,1.068975,-0.7630199,24
2017-07-23,0.0,1.362407,-0.4429666,24
2017-07-24,0.0,1.2638880000000001,-0.8418372,24
2017-07-25,0.0,1.073256,-1.053083,24
2017-07-26,0.0,1.218619,-1.017934,24
2017-07-27,,1.231922,-0.9295114999999999,24
2017-07-28,,0.9822866,-1.021028,24
2017-07-29,,0.6928548999999999,-1.029638,24
2017-07-30,,0.5443863999999999,-1.062165,24
2017-07-31,,0.4391775,-1.082692,24
2017-08-01,,0.6168138,-0.6449088,24
2017-08-02,0.0,0.764068,-0.42365,24
2017-08-03,2.515,0.7795675,-0.4247586,24
2017-08-04,13.72,0.8968638,-0.351508,24
2017-08-05,0.0,1.346735,-0.45715049999999996,24
2017-08-06,0.0,1.235465,-0.8295562,24
2017-08-07,0.0,1.225179,-0.9338535,24
2017-08-08,0.0,1.112106,-0.9850618999999999,24
2017-08-09,7.62,1.171633,-1.052805,24
2017-08-10,0.0,1.385456,-1.07185,24
2017-08-11,0.0,1.379862,-0.7268600000000001,24
2017-08-12,,0.8827864,-0.9515766999999999,24
2017-08-13,2.286,0.47111329999999996,-1.012398,24
2017-08-14,9.3,0.2788659,-1.092754,24
2017-08-15,0.229,0.811395,-1.068988,24
2017-08-16,1.8290000000000002,1.117098,-0.4653082,24
2017-08-17,0.0,0.8137947,-0.8641403,24
2017-08-18,0.229,1.053371,-0.6837472,24
2017-08-19,0.0,1.174464,-0.7778556,24
2017-08-20,6.858,1.021729,-0.9298727999999999,24
2017-08-21,29.72,1.354623,-0.6634285,24
2017-08-22,,1.777053,-0.32378239999999997,24
2017-08-23,,1.52542,-0.7738959999999999,24
2017-08-24,0.0,0.9855476999999999,-1.095266,24
2017-08-25,0.0,0.7043001999999999,-1.122715,24
2017-08-26,0.0,0.6614703,-1.123556,24
2017-08-27,0.0,0.49324439999999997,-1.15303,24
2017-08-28,0.0,0.4739232,-1.133666,24
2017-08-29,0.0,0.572051,-1.050461,24
2017-08-30,,0.37916049999999996,-0.8927507,24
2017-08-31,,0.6826021999999999,-0.8376791,24
2017-09-01,,1.104083,0.02270067,24
2017-09-02,0.914,1.045538,-0.44896339999999996,24
2017-09-03,0.229,0.7355217,-0.9054152,24
2017-09-04,0.0,0.5009283,-0.9106483999999999,24
2017-09-05,0.0,0.643177,-1.022335,24
2017-09-06,0.0,1.018238,-1.066448,24
2017-09-07,0.0,1.443023,-0.9706121999999999,24
2017-09-08,0.0,1.368767,-1.108399,24
2017-09-09,0.0,0.9544634,-1.130967,24
2017-09-10,0.0,1.098504,-1.098629,24
2017-09-11,0.0,0.9872358999999999,-1.140063,24
2017-09-12,0.0,0.5249792,-1.16398,24
2017-09-13,0.0,0.6562414,-0.7772587999999999,24
2017-09-14,0.0,0.8224507999999999,-0.7188289,24
2017-09-15,0.0,0.6676352,-0.967089,24
2017-09-16,0.0,0.7554582,-1.091213,24
2017-09-17,0.0,0.9930859999999999,-0.784535,24
2017-09-18,,1.135645,-0.5145195,24
2017-09-19,0.0,1.30495,-0.5210599,24
2017-09-20,0.0,1.3189,-0.8323345,24
2017-09-21,0.0,1.281317,-1.067981,24
2017-09-22,0.0,1.071534,-1.120523,24
2017-09-23,0.0,1.022032,-1.172568,24
2017-09-24,0.0,1.155397,-0.9458911,24
2017-09-25,3.429,0.9971998999999999,-0.907836,24
2017-09-26,0.457,0.7193254,-1.004794,24
2017-09-27,0.0,0.4058398,-1.00122,24
2017-09-28,0.0,0.4003731,-1.027204,24
2017-09-29,7.772,0.8843835999999999,-0.4194845,24
2017-09-30,43.89,0.8131714999999999,-0.2970036,24
2017-10-01,91.7,1.033677,-0.6323016,24
2017-10-02,0.0,0.678678,-0.7425322999999999,24
2017-10-03,2.972,0.9236785,-0.8813264,24
2017-10-04,0.0,1.293708,-0.8821334,24
2017-10-05,0.0,1.454779,-0.8519342,24
2017-10-06,0.0,1.387916,-1.038002,24
2017-10-07,29.46,1.288427,-1.076255,24
2017-10-08,8.0,1.444737,-0.9588799,24
2017-10-09,0.686,1.669368,-0.8338614999999999,24
2017-10-10,0.229,1.170927,-1.058214,24
2017-10-11,0.0,0.8378049999999999,-0.9401742,24
2017-10-12,0.0,0.9061431,-0.4933342,24
2017-10-13,0.0,0.7274781,-0.5875535,24
2017-10-14,0.0,0.740888,-0.8444796,24
2017-10-15,0.0,1.161197,-0.9437030999999999,24
2017-10-16,0.0,1.205444,-0.35626769999999996,24
2017-10-17,0.0,1.169689,-0.4800488,24
2017-10-18,0.0,1.02197,-0.920132,24
2017-10-19,0.0,0.8209019999999999,-1.163471,24
2017-10-20,0.0,1.02921,-1.158587,24
2017-10-21,0.0,1.376609,-0.9393163,24
2017-10-22,0.0,1.394492,-1.027903,24
2017-10-23,0.0,1.111141,-1.04681,24
2017-10-24,0.0,1.447406,-0.44961,24
2017-10-25,0.0,1.231847,-0.8513639,24
2017-10-26,0.457,0.46479879999999996,-1.001787,24
2017-10-27,0.0,0.433073,-1.001954,24
2017-10-28,0.0,0.5585505,-0.6460958,24
2017-10-29,0.0,0.8975765,-0.5015453,24
2017-10-30,0.0,0.960827,-0.341894,24
2017-10-31,0.0,0.9488616999999999,-0.8377815,24
2017-11-01,0.0,1.150963,-0.8365684999999999,24
2017-11-02,0.0,1.414003,-0.6387157,24
2017-11-03,0.0,1.439731,-0.8122381,24
2017-11-04,0.0,1.374557,-1.082471,24
2017-11-05,0.0,1.117105,-1.070684,24
2017-11-06,0.0,1.7279339999999999,-0.6366208999999999,24
2017-11-07,0.0,1.539997,-0.8397236,24
2017-11-08,0.0,1.397297,-0.8419625,24
2017-11-09,0.0,1.226799,-0.8897955999999999,24
2017-11-10,0.0,0.8243482,-0.9128866,24
2017-11-11,0.0,0.5891027,-0.9056447999999999,24
2017-11-12,0.0,0.8296205,-0.3682166,24
2017-11-13,0.229,1.381442,-0.38033059999999996,24
2017-11-14,0.229,1.406074,0.23117759999999998,24
2017-11-15,0.457,1.130388,-0.46759799999999996,24
2017-11-16,0.0,0.9964594,-0.7392074,24
2017-11-17,9.6,0.8275887,-1.124581,24
2017-11-18,5.944,1.313709,-0.8160042,24
2017-11-19,28.24,1.381167,-0.8754487999999999,24
2017-11-20,0.457,1.370059,-0.6809113999999999,24
2017-11-21,0.457,1.5373679999999998,-0.6311038,24
2017-11-22,0.457,1.229633,-0.6509573,24
2017-11-23,0.229,1.441436,-0.1953918,24
2017-11-24,0.0,1.434429,-0.2848575,24
2017-11-25,0.0,1.011519,-0.5475355,24
2017-11-26,0.0,1.014628,-0.3951789,24
2017-11-27,0.0,0.9333277999999999,-0.09267831,24
2017-11-28,0.0,0.8725655999999999,-0.4305034,24
2017-11-29,0.0,1.072531,-0.3782118,24
2017-11-30,0.0,1.144879,-0.2335293,24
2017-12-01,0.0,1.275288,-0.7080673,24
2017-12-02,0.0,1.147161,-0.8085658,24
2017-12-03,0.457,1.391098,-0.6889894,24
2017-12-04,14.83,1.469573,-0.7554436999999999,24
2017-12-05,2.057,1.358103,-0.8359179999999999,24
2017-12-06,0.0,1.466385,-0.7271251999999999,24
2017-12-07,,1.392844,-0.9812569,24
2017-12-08,,1.033592,-0.9559976,24
2017-12-09,,1.016248,-0.6435407,24
2017-12-10,,1.08447,-0.4276779,24
2017-12-11,0.0,0.72096,-0.548894,24
2017-12-12,,1.10836,-0.43537919999999997,24
2017-12-13,,1.067341,0.09367657,24
2017-12-14,,1.036163,-0.38068189999999996,24
2017-12-15,0.0,0.7260879,-0.9039714,24
2017-12-16,0.0,0.9116833999999999,-0.7479167,24
2017-12-17,0.0,1.031715,-1.094776,24
2017-12-18,20.35,0.7871904,-0.7401099,24
2017-12-19,2.515,1.091793,-0.7512053,24
2017-12-20,3.658,1.481319,-0.7279563,24
2017-12-21,27.3,1.189711,-0.8197974,24
2017-12-22,2.972,1.17776,-0.9863111,24
2017-12-23,,1.034324,-0.9287112999999999,24
2017-12-24,,0.8441844,-1.037303,24
2017-12-25,1.8290000000000002,1.260659,-0.7190516,24
2017-12-26,0.0,1.260801,-0.01675403,24
2017-12-27,0.0,1.014624,-0.45147149999999997,24
2017-12-28,0.0,0.9021338,-0.6378266,24
2017-12-29,0.0,1.110628,-0.5451764,24
2017-12-30,0.0,1.156415,-0.5817183,24
2017-12-31,0.0,1.195093,-0.6943165,24
2018-01-01,,1.347204,-0.699917,24
2018-01-02,0.0,1.436286,-0.6333711,24
2018-01-03,0.0,1.480338,-0.7333476,24
2018-01-04,,1.549013,-0.6775489,24
2018-01-05,0.94,1.562361,-0.7746092,24
2018-01-06,0.0,1.415653,-0.9167501,24
2018-01-07,,1.036243,-0.9900150999999999,24
2018-01-08,,1.257633,-0.38074539999999996,24
2018-01-09,0.229,0.9237242999999999,-0.38883009999999996,24
2018-01-10,0.229,0.7603285,-0.5047663,24
2018-01-11,,0.883423,-0.41788949999999997,24
2018-01-12,8.36,0.7064555,-0.4671006,24
2018-01-13,0.457,0.7659878999999999,-0.4909956,24
2018-01-14,,1.048315,-0.5646926999999999,24
2018-01-15,0.0,1.031664,-0.5647578999999999,24
2018-01-16,,0.9771017,-0.5366607,24
2018-01-17,14.91,1.281439,-0.4572171,24
2018-01-18,0.229,1.304176,-0.6932939,24
2018-01-19,3.988,1.08307,-1.043228,24
2018-01-20,6.223,1.219885,-0.7574082999999999,24
2018-01-21,2.743,1.300579,-0.7727463999999999,24
2018-01-22,,1.124697,-0.8414870999999999,24
2018-01-23,,0.9986615999999999,-0.9410594999999999,24
2018-01-24,,0.9924295999999999,-1.019311,24
2018-01-25,4.572,1.006037,-0.541521,24
2018-01-26,0.0,1.240454,-0.1260731,24
2018-01-27,,1.220802,-0.16054649999999998,24
2018-01-28,,1.20296,-0.7635263999999999,24
2018-01-29,,1.013529,-1.107904,24
2018-01-30,1.3719999999999999,1.025137,-0.6002734,24
2018-01-31,1.473,1.711233,-0.6826285,24
2018-02-01,0.229,1.601239,-0.7955359,24
2018-02-02,0.0,1.438284,-0.952112,24
2018-02-03,0.0,1.465705,-0.7328307,24
2018-02-04,0.0,1.538139,-0.7767938,24
2018-02-05,0.0,1.376492,-0.8598195,24
2018-02-06,,1.066735,-0.9028858999999999,24
2018-02-07,,0.8533352999999999,-0.8407188999999999,24
2018-02-08,0.0,0.698886,-0.6669018,24
2018-02-09,0.0,0.7019232999999999,-0.43396809999999997,24
2018-02-10,,0.49047959999999996,-0.4718501,24
2018-02-11,16.08,0.823496,-0.5482475,24
2018-02-12,16.03,0.8988916,-0.4813357,24
2018-02-13,10.29,1.281542,-0.061969399999999994,24
2018-02-14,5.944,1.439661,-0.41768469999999996,24
2018-02-15,,1.326621,-0.9337660999999999,24
2018-02-16,,1.242062,-0.8774757,24
2018-02-17,0.457,1.293194,-0.9583549,24
2018-02-18,4.5969999999999995,1.152413,-1.046601,24
2018-02-19,0.0,1.126422,-1.107898,24
2018-02-20,13.92,1.110739,-1.029642,24
2018-02-21,0.229,0.9064751999999999,-1.041417,24
2018-02-22,18.19,1.091144,-0.84523,24
2018-02-23,5.029,0.9699222,-0.4853629,24
2018-02-24,0.0,0.8422145,-0.23018229999999998,24
2018-02-25,,0.9594537,-0.6301205999999999,24
2018-02-26,,1.017794,-0.6986934,24
2018-02-27,,1.111424,-0.9602179999999999,24
2018-02-28,,1.108849,-0.9030768,24
2018-03-01,7.772,1.24468,-0.6217977,24
2018-03-02,,1.45787,-0.8299074,24
2018-03-03,47.29,1.426541,-0.6830525,24
2018-03-04,,1.441735,-0.968287,24
2018-03-05,,1.386225,-0.9521221999999999,24
2018-03-06,5.486,1.138811,-1.055746,24
2018-03-07,10.39,1.057897,-0.982601,24
2018-03-08,0.229,1.210813,-0.36439309999999997,24
2018-03-09,0.0,1.1746349999999999,-0.2792136,24
2018-03-10,0.0,1.0678239999999999,-0.2126622,24
2018-03-11,0.0,0.8930382,-0.25598000000000004,24
2018-03-12,0.0,0.6832068,-0.5418324999999999,24
2018-03-13,0.0,1.132005,-0.21365209999999998,24
2018-03-14,0.0,1.286929,-0.1933291,24
2018-03-15,25.22,1.2685279999999999,-0.8310006,24
2018-03-16,0.686,1.148779,-1.063441,24
2018-03-17,,1.350837,-0.6914055,24
2018-03-18,,1.558249,-0.741459,24
2018-03-19,,1.291261,-1.090056,24
2018-03-20,4.343,1.247617,-1.054524,24
2018-03-21,,1.6414170000000001,-0.5470705,24
2018-03-22,1.3719999999999999,1.455185,-0.4601766,24
2018-03-23,0.0,1.4791189999999999,-0.2736961,24
2018-03-24,,1.156268,-0.3999038,24
2018-03-25,,0.6890394999999999,-0.6696413,24
2018-03-26,,1.023033,-0.7845791,24
2018-03-27,35.89,1.435352,-0.02392387,24
2018-03-28,,1.4835829999999999,-0.4232721,24
2018-03-29,,1.417101,-0.48533519999999997,24
2018-03-30,1.143,1.438666,-0.4029461,24
2018-03-31,0.229,1.476354,-0.7957118,24
2018-04-01,0.0,1.4587919999999999,-0.8127019,24
2018-04-02,0.0,1.3834819999999999,-1.012091,24
2018-04-03,0.711,1.227145,-1.071386,24
2018-04-04,0.229,1.393918,-0.8077905,24
2018-04-05,1.143,1.113698,-0.9857446,24
2018-04-06,0.0,1.094999,-0.6633517,24
2018-04-07,0.229,1.153403,-0.4624121,24
2018-04-08,,1.103224,-0.3182163,24
2018-04-09,0.0,1.023909,-0.1845441,24
2018-04-10,,0.8774928,-0.311992,24
2018-04-11,0.0,0.9207947999999999,-0.394165,24
2018-04-12,,0.9147506999999999,-0.6627656,24
2018-04-13,0.0,0.7900864999999999,-0.9393368,24
2018-04-14,0.0,1.206744,-0.7113151,24
2018-04-15,0.0,1.721429,-0.5174208,24
2018-04-16,0.0,1.5884969999999998,-0.73023,24
2018-04-17,,1.4026809999999998,-0.8116000999999999,24
2018-04-18,0.0,1.382655,-0.8104081,24
2018-04-19,0.0,1.230136,-0.8873781,24
2018-04-20,0.0,1.222337,-0.8972945,24
2018-04-21,,1.1411310000000001,-0.6764133,24
2018-04-22,0.229,0.9749222999999999,-0.8239037,24
2018-04-23,0.711,0.7994393999999999,-0.5907733,24
2018-04-24,0.686,0.7773808,-0.7057262999999999,24
2018-04-25,,0.8961013999999999,-0.8031421999999999,24
2018-04-26,7.036,0.9088291,-0.46243609999999996,24
2018-04-27,,1.14442,-0.6010552,24
2018-04-28,0.686,1.232655,-0.7052731999999999,24
2018-04-29,0.229,1.221684,-0.8649948,24
2018-04-30,0.457,1.231323,-1.016256,24
2018-05-01,0.0,1.163128,-1.050794,24
2018-05-02,0.229,1.403402,-0.8896641999999999,24
2018-05-03,0.457,1.5012409999999998,-0.7619256,24
2018-05-04,0.0,1.051707,-0.9947107,24
2018-05-05,0.0,0.9224859,-1.035894,24
2018-05-06,0.229,1.046363,-0.5909035,24
2018-05-07,0.0,1.08709,-0.20273919999999998,24
2018-05-08,0.0,1.02876,-0.1600936,24
2018-05-09,0.0,0.869512,-0.34668479999999996,24
2018-05-10,0.0,0.8112214999999999,-0.5284584,24
2018-05-11,2.362,0.7589712,-0.6889590999999999,24
2018-05-12,7.214,0.9940964,-0.6199475999999999,24
2018-05-13,2.896,1.280368,-0.5233677,24
2018-05-14,1.143,1.608705,-0.35545509999999997,24
2018-05-15,2.489,1.5474100000000002,-0.5081365,24
2018-05-16,1.3719999999999999,1.351955,-0.8350198999999999,24
2018-05-17,,1.598377,-0.8796525,24
2018-05-18,,1.781134,-0.3692911,24
2018-05-19,,1.475237,-0.3777772,24
2018-05-20,,1.535345,-0.3628035,24
2018-05-21,0.0,1.558828,-0.0049881940000000005,24
2018-05-22,,1.3566289999999999,0.09390949999999999,24
2018-05-23,0.0,1.024363,-0.2595457,24
2018-05-24,0.229,1.3304719999999999,-0.10324159999999999,24
2018-05-25,0.229,1.327918,-0.1498754,24
2018-05-26,0.229,1.24258,-0.2219844,24
2018-05-27,,1.2169,-0.5130401,24
2018-05-28,0.0,1.159696,-0.8251721999999999,24
2018-05-29,0.229,1.049378,-0.8775984,24
2018-05-30,0.0,1.060488,-0.8843225,24
2018-05-31,0.0,1.027217,-0.9460076,24
2018-06-01,0.0,1.074958,-1.002101,24
2018-06-02,0.229,1.155748,-0.8376906,24
2018-06-03,0.0,1.4277389999999999,-0.5143456,24
2018-06-04,0.0,1.6039409999999998,0.1707796,24
2018-06-05,,1.368514,-0.20722849999999998,24
2018-06-06,0.229,1.067608,-0.30200679999999996,24
2018-06-07,0.229,1.103262,-0.3446163,24
2018-06-08,0.914,1.187865,-0.1188477,24
2018-06-09,,1.246823,-0.1992545,24
2018-06-10,0.229,1.441513,-0.03058481,24
2018-06-11,0.0,1.125584,-0.6437373,24
2018-06-12,,1.136992,-0.6351441,24
2018-06-13,,1.331496,-0.7767554999999999,24
2018-06-14,2.515,1.5610819999999999,-0.6640385,24
2018-06-15,,1.885008,-0.19815819999999998,24
2018-06-16,3.658,1.908288,0.01271701,24
2018-06-17,2.515,1.7516729999999998,-0.1403669,24
2018-06-18,,1.4300739999999998,-0.36512049999999996,24
2018-06-19,,1.057108,-0.6944606999999999,24
2018-06-20,1.8290000000000002,0.9459516,-0.5686699,24
2018-06-21,0.686,0.8421289,-0.5391431,24
2018-06-22,,0.7602642,-0.3985776,24
2018-06-23,0.229,1.106637,-0.1562141,24
2018-06-24,0.0,1.076325,-0.10219919999999999,24
2018-06-25,0.0,1.174732,-0.2375329,24
2018-06-26,,1.311167,-0.2914122,24
2018-06-27,,1.381708,-0.3775051,24
2018-06-28,,1.363865,-0.5933035999999999,24
2018-06-29,,1.106208,-0.8206673,24
2018-06-30,,1.137894,-1.021489,24
2018-07-01,,0.9875425,-1.017797,24
2018-07-02,,1.040873,-0.8998457999999999,24
2018-07-03,,0.9525074,-0.9846138,24
2018-07-04,,1.434028,-0.28978709999999996,24
2018-07-05,3.2,1.2939479999999999,-0.1590154,24
2018-07-06,,1.128118,-0.14352479999999998,24
2018-07-07,,1.042369,-0.3204476,24
2018-07-08,0.0,0.9661411,-0.40964599999999995,24
2018-07-09,3.2,0.8605440999999999,-0.617174,24
2018-07-10,,1.134753,-0.3590153,24
2018-07-11,,1.493976,-0.0638572,24
2018-07-12,0.0,1.409167,-0.2587423,24
2018-07-13,0.0,1.4029289999999999,-0.5398955,24
2018-07-14,0.0,1.334499,-0.6215611,24
2018-07-15,0.0,1.4079679999999999,-0.7868208999999999,24
2018-07-16,0.0,1.367263,-0.7405794,24
2018-07-17,,1.293689,-0.6995758,24
2018-07-18,,1.178028,-0.6421198,24
2018-07-19,0.0,0.8336965,-0.7456830999999999,24
2018-07-20,0.0,0.6689600000000001,-0.8044032,24
2018-07-21,0.0,0.521968,-0.9753522,24
2018-07-22,0.0,0.8244733999999999,-0.5256320999999999,24
2018-07-23,0.0,0.9780143,-0.1473224,24
2018-07-24,0.0,0.878193,-0.40168339999999997,24
2018-07-25,5.029,0.9401362999999999,-0.6429052,24
2018-07-26,,1.31596,-0.4252394,24
2018-07-27,,1.177576,-1.013384,24
2018-07-28,0.0,0.9997693,-1.045725,24
2018-07-29,0.0,1.099552,-1.005308,24
2018-07-30,13.23,1.004607,-1.134335,24
2018-07-31,0.457,1.297772,-0.8762764,24
2018-08-01,,1.447312,-0.495312,24
2018-08-02,,1.368631,-0.35913649999999997,24
2018-08-03,,1.218513,-0.38618369999999996,24
2018-08-04,,0.9005717,-0.6120947999999999,24
2018-08-05,,0.8835541,-0.5998237,24
2018-08-06,0.0,0.8885122999999999,-0.5605525,24
2018-08-07,0.0,1.0960429999999999,-0.6020148,24
2018-08-08,0.0,1.017326,-0.7681962,24
2018-08-09,1.3719999999999999,0.9639713,-0.9425954,24
2018-08-10,,1.029021,-0.9960352,24
2018-08-11,,1.587632,-0.3721403,24
2018-08-12,0.0,1.842502,-0.1912669,24
2018-08-13,0.0,1.589916,-0.7385227999999999,24
2018-08-14,,1.373504,-0.9383906,24
2018-08-15,0.0,1.190356,-1.000765,24
2018-08-16,72.16,1.328651,-0.9534469999999999,24
2018-08-17,37.44,1.151226,-0.5692558,24
2018-08-18,30.81,0.9479211999999999,-0.6690309,24
2018-08-19,,0.5894448,-0.7685671,24
2018-08-20,3.912,0.46948049999999997,-0.7121740999999999,24
2018-08-21,0.0,0.9550134,-0.48757449999999997,24
2018-08-22,70.18,1.177826,0.18328339999999999,24
2018-08-23,14.88,1.155103,-0.12062289999999999,24
2018-08-24,0.229,0.9430307,-0.7615082,24
2018-08-25,,1.004381,-0.9729409,24
2018-08-26,2.515,1.020301,-1.071836,24
2018-08-27,0.0,1.7949000000000002,-0.5247381999999999,24
2018-08-28,0.0,1.803693,-0.6507448,24
2018-08-29,0.0,1.158836,-0.9956849,24
2018-08-30,0.0,0.9902641,-1.058701,24
2018-08-31,0.0,0.6932456,-1.153706,24
2018-09-01,0.0,0.8432461,-0.97084,24
2018-09-02,0.0,0.8600500999999999,-0.45316449999999997,24
2018-09-03,7.772,0.9284203999999999,-0.3515831,24
2018-09-04,23.22,0.8782861999999999,-0.41656699999999997,24
2018-09-05,0.229,0.8915132,-0.5581575,24
2018-09-06,0.0,1.003012,-0.6618077,24
2018-09-07,0.0,1.051854,-0.8811951,24
2018-09-08,0.0,1.066904,-0.9098879999999999,24
2018-09-09,0.0,1.338065,-0.6180031,24
2018-09-10,0.0,1.428375,-0.7891412999999999,24
2018-09-11,0.0,1.390202,-0.878089,24
2018-09-12,0.457,1.306159,-1.066112,24
2018-09-13,7.315,1.2794590000000001,-0.9975641,24
2018-09-14,,0.8293328,-1.055165,24
2018-09-15,4.343,0.6894376999999999,-1.095096,24
2018-09-16,5.944,0.8272843,-0.7755822,24
2018-09-17,,0.6763566999999999,-0.7792714,24
2018-09-18,2.743,0.6530564,-0.6085025,24
2018-09-19,0.0,0.48567299999999997,-0.5651489,24
2018-09-20,0.0,0.5798998,-0.7329825999999999,24
2018-09-21,0.0,0.6137966,-0.8266178,24
2018-09-22,,0.7787453,-0.8210444,24
2018-09-23,0.0,0.8258382999999999,-1.097615,24
2018-09-24,0.0,0.8332035999999999,-1.211144,24
2018-09-25,4.343,0.9964369999999999,-1.1777929999999999,24
2018-09-26,,1.301294,-1.162462,24
2018-09-27,,1.14073,-1.225289,24
2018-09-28,,1.108767,-1.166332,24
2018-09-29,,1.053243,-1.052989,24
2018-09-30,2.362,0.8179095,-1.204739,24
2018-10-01,0.0,0.44482889999999997,-1.251722,24
2018-10-02,0.0,0.4600049,-1.203725,24
2018-10-03,8.23,0.7308675,-0.7432580999999999,24
2018-10-04,16.81,0.9679251999999999,-0.657988,24
2018-10-05,7.696,1.071052,-0.5121135,24
2018-10-06,0.0,1.272013,-0.7718668,24
2018-10-07,0.229,1.424967,-0.4767278,24
2018-10-08,,1.409364,-0.6170610999999999,24
2018-10-09,6.68,1.17251,-1.02251,24
2018-10-10,,1.166371,-1.190084,24
2018-10-11,1.143,1.307031,-1.177448,24
2018-10-12,17.14,1.50121,-0.7172457,24
2018-10-13,,1.2773430000000001,-0.9209415999999999,24
2018-10-14,,0.9812966999999999,-0.9503712,24
2018-10-15,,1.210262,-0.3481178,24
2018-10-16,0.457,1.058597,-0.3496124,24
2018-10-17,0.0,0.8867465,-0.49712629999999997,24
2018-10-18,,0.7290987999999999,-0.5669934999999999,24
2018-10-19,0.229,0.7038852,-0.7416106,24
2018-10-20,0.0,1.069628,-0.5072454,24
2018-10-21,0.457,1.142631,-0.4901809,24
2018-10-22,1.143,1.2138,-0.6752671,24
2018-10-23,0.229,1.148811,-0.9488584,24
2018-10-24,0.0,1.048389,-1.031934,24
2018-10-25,,1.396199,-0.8142821,24
2018-10-26,0.0,1.514717,-0.8628298999999999,24
2018-10-27,0.0,1.349257,-1.0796000000000001,24
2018-10-28,0.0,1.141022,-1.085891,24
2018-10-29,0.0,1.586501,-0.8575513,24
2018-10-30,,1.030502,-0.8028392,24
2018-10-31,0.0,0.7868586,-0.8990416999999999,24
2018-11-01,0.0,0.5753047,-0.8539013999999999,24
2018-11-02,0.0,0.9915556,-0.9086109,24
2018-11-03,0.0,1.198904,-0.2704998,24
2018-11-04,0.0,0.9511639,-0.6683275,24
2018-11-05,,1.172669,-0.785372,24
2018-11-06,0.0,1.156573,-0.7599524,24
2018-11-07,0.0,1.129681,-1.1257489999999999,24
2018-11-08,0.0,1.052967,-1.035474,24
2018-11-09,,1.2808869999999999,-1.029227,24
2018-11-10,,1.113404,-0.8204114,24
2018-11-11,,0.9063557,-1.11581,24
2018-11-12,,0.7065722999999999,-1.205531,24
2018-11-13,0.0,0.8371637,-0.9928148,24
2018-11-14,,0.5437099,-1.069564,24
2018-11-15,,0.33223559999999996,-1.054447,24
2018-11-16,0.0,0.6035477,-0.6363189,24
2018-11-17,0.0,0.7261173,-0.2415881,24
2018-11-18,0.0,0.7591106999999999,-0.46738959999999996,24
2018-11-19,0.0,0.8906022,-0.7428387,24
2018-11-20,0.0,1.103366,-0.5194736999999999,24
2018-11-21,0.0,1.429368,-0.4962063,24
2018-11-22,0.0,1.196757,-0.9518793999999999,24
2018-11-23,0.0,1.186311,-1.033777,24
2018-11-24,0.0,1.162787,-1.079284,24
2018-11-25,0.94,1.356573,-1.062956,24
2018-11-26,0.0,1.454082,-0.7493278999999999,24
2018-11-27,,1.46501,-0.6414831,24
2018-11-28,0.914,1.237887,-0.6857605,24
2018-11-29,0.0,0.9807174999999999,-0.6434145,24
2018-11-30,7.264,0.7249616,-0.7462316999999999,24
2018-12-01,1.6,0.8034773,-0.6426818,24
2018-12-02,0.229,0.8798393,-0.8537625999999999,24
2018-12-03,,1.296636,-0.42735449999999997,24
2018-12-04,,1.460163,0.1089044,24
2018-12-05,,1.2809840000000001,-0.6690332999999999,24
2018-12-06,0.0,1.026689,-0.6246111999999999,24
2018-12-07,,1.3998979999999999,-0.6722798999999999,24
2018-12-08,0.0,1.341772,-0.4483953,24
2018-12-09,0.0,1.616657,-0.8337815,24
2018-12-10,0.0,1.316729,-1.026709,24
2018-12-11,,0.8738492999999999,-1.123555,24
2018-12-12,0.0,1.067336,-1.014687,24
2018-12-13,0.0,0.9410657,-0.9197782,24
2018-12-14,,0.7152101,-1.015099,24
2018-12-15,0.0,0.6924309,-0.6784192,24
2018-12-16,0.457,0.46551879999999995,-0.7710937,24
2018-12-17,,0.7163949,-0.6555067,24
2018-12-18,,0.5528200999999999,-0.9487774999999999,24
2018-12-19,,0.8928798,-0.9066177999999999,24
2018-12-20,6.401,1.098612,-0.52088,24
2018-12-21,,1.254252,-0.8819657999999999,24
2018-12-22,0.914,1.186888,-0.8635056,24
2018-12-23,3.2,1.3638059999999999,-0.7371567,24
2018-12-24,2.184,1.594253,-0.8052596,24
2018-12-25,0.0,1.524127,-0.6829837999999999,24
2018-12-26,0.0,1.468738,-0.685654,24
2018-12-27,19.48,1.303507,-0.7400747999999999,24
2018-12-28,,1.070232,-0.7109042,24
2018-12-29,,0.8806547,-0.6505923,24
2018-12-30,3.886,0.6090266,-0.7089168,24
2018-12-31,,0.6891153999999999,-0.6439391999999999,24
2019-01-01,,0.6531699,-0.8404902999999999,24
2019-01-02,0.686,0.8123868,-0.5909491,24
2019-01-03,,0.8431909,-0.9933548999999999,24
2019-01-04,,0.6000097,-1.213101,24
2019-01-05,0.0,1.156832,-0.699584,24
2019-01-06,0.0,1.304314,-0.8961939,24
2019-01-07,0.0,1.183412,-1.046605,24
2019-01-08,0.0,1.058784,-1.1526939999999999,24
2019-01-09,0.0,1.030356,-1.153534,24
2019-01-10,0.0,1.188342,-0.7691401,24
2019-01-11,,0.9420966,-0.9969127,24
2019-01-12,0.0,0.8212900999999999,-0.8268713,24
2019-01-13,0.229,1.006834,-0.48521329999999996,24
2019-01-14,2.337,0.8653883,-0.5883179,24
2019-01-15,0.686,0.777331,-0.6043047,24
2019-01-16,,0.8761827,-0.3718532,24
2019-01-17,,0.8242739,-0.8243121999999999,24
2019-01-18,0.686,0.8928393,-0.8702341,24
2019-01-19,,1.160261,-0.5060965,24
2019-01-20,43.38,1.38615,-0.5263125,24
2019-01-21,0.0,1.738292,-0.7318237999999999,24
2019-01-22,,1.529564,-0.8551595999999999,24
2019-01-23,0.686,1.437609,-0.9353049,24
2019-01-24,1.626,1.399486,-0.9440601,24
2019-01-25,0.229,1.3331870000000001,-0.7507024,24
2019-01-26,5.283,1.388009,-0.8252782999999999,24
2019-01-27,,1.03602,-0.8616728,24
2019-01-28,,0.683894,-0.9493048,24
2019-01-29,0.229,0.7141719,-0.735001,24
2019-01-30,0.0,0.6600442,-0.5433441999999999,24
2019-01-31,0.0,0.6188182,-0.47022349999999996,24
2019-02-01,0.0,0.7155366,-0.5248835,24
2019-02-02,0.0,0.8416212,-0.6847882,24
2019-02-03,5.715,1.070586,-0.8397180999999999,24
2019-02-04,,1.329887,-0.34114099999999997,24
2019-02-05,6.172,1.6307049999999998,-0.5470973,24
2019-02-06,,1.523346,-0.7485729,24
2019-02-07,0.229,1.397132,-0.7585039,24
2019-02-08,0.0,1.4260329999999999,-0.9330434999999999,24
2019-02-09,0.0,1.13392,-0.980387,24
2019-02-10,0.0,0.9209366999999999,-0.9713442999999999,24
2019-02-11,,0.7586355,-0.9027295,24
2019-02-12,13.49,0.7240040999999999,-0.7083493,24
2019-02-13,,1.213006,-0.5742925,24
2019-02-14,2.184,1.271947,0.2513844,24
2019-02-15,,1.124452,-0.411526,24
2019-02-16,,1.142151,-0.5435711,24
2019-02-17,58.75,1.276617,-0.307042,24
2019-02-18,34.52,1.618672,-0.04500043,24
2019-02-19,7.315,1.753053,-0.5758848999999999,24
2019-02-20,0.229,1.623572,-0.689932,24
2019-02-21,0.0,1.692855,-0.7395877,24
2019-02-22,0.0,1.717576,-0.6570672,24
2019-02-23,0.229,1.5337649999999998,-0.8923382999999999,24
2019-02-24,0.229,1.207697,-0.9273454999999999,24
2019-02-25,0.0,0.9407002,-0.8291698,24
2019-02-26,0.229,1.007013,-0.5499265999999999,24
2019-02-27,0.0,1.211383,-0.33221609999999996,24
2019-02-28,0.686,1.200906,0.218056,24
2019-03-01,0.457,1.222614,0.1180676,24
2019-03-02,0.0,1.093814,-0.11545369999999999,24
2019-03-03,0.0,1.229131,-0.36167889999999997,24
2019-03-04,0.0,1.124545,-0.5817806,24
2019-03-05,0.686,1.289438,-0.8167517,24
2019-03-06,,1.078695,-1.03398,24
2019-03-07,0.229,1.059727,-1.002635,24
2019-03-08,0.229,1.224922,-0.9940555,24
2019-03-09,0.0,1.020097,-1.033355,24
2019-03-10,,1.193337,-0.9981730999999999,24
2019-03-11,,1.4908139999999999,-0.3696173,24
2019-03-12,1.8290000000000002,1.101418,-0.672078,24
2019-03-13,,0.9803670999999999,-0.7213073,24
2019-03-14,13.72,0.7808657999999999,-0.4977838,24
2019-03-15,,1.298674,-0.202279,24
2019-03-16,78.33,1.6760359999999999,-0.11076889999999999,24
2019-03-17,7.315,1.080809,-0.47889669999999995,24
2019-03-18,0.914,1.054901,-0.8706294,24
2019-03-19,1.8290000000000002,1.14295,-0.7906308,24
2019-03-20,1.397,1.242648,-0.7468346,24
2019-03-21,0.0,1.56955,-0.38929749999999996,24
2019-03-22,0.914,1.853821,-0.21721569999999998,24
2019-03-23,,1.934443,-0.5181612,24
2019-03-24,0.229,1.617716,-0.8343912,24
2019-03-25,0.457,1.288371,-0.8917961999999999,24
2019-03-26,0.0,1.172862,-0.8767718999999999,24
2019-03-27,,1.390594,-0.04495084,24
2019-03-28,3.2,1.5121229999999999,-0.07085264000000001,24
2019-03-29,15.77,1.290996,-0.0476501,24
2019-03-30,,1.003058,-0.1909648,24
2019-03-31,,0.8066772999999999,-0.30734629999999996,24
2019-04-01,1.6,0.8533143,-0.5722467999999999,24
2019-04-02,,0.9454596999999999,-0.7119846,24
2019-04-03,,1.084902,-0.9807439,24
2019-04-04,0.0,1.124604,-1.1292849999999999,24
2019-04-05,0.0,1.192791,-1.070852,24
2019-04-06,1.6,1.277232,-1.00954,24
2019-04-07,12.34,1.5289220000000001,-0.7197269,24
2019-04-08,43.43,1.5385,-0.5472372999999999,24
2019-04-09,2.286,1.5039069999999999,-0.5722372,24
2019-04-10,0.0,1.377982,-0.5531036,24
2019-04-11,,1.215109,-0.4093591,24
2019-04-12,0.0,0.855579,-0.4722462,24
2019-04-13,0.0,1.033134,-0.31532489999999996,24
2019-04-14,0.0,1.087478,-0.10716149999999999,24
2019-04-15,0.0,0.9854814,-0.6493433,24
2019-04-16,0.0,1.023217,-0.8419593,24
2019-04-17,0.914,1.122923,-0.5297919999999999,24
2019-04-18,,1.572079,-0.4406752,24
2019-04-19,0.686,1.608058,-0.7166218999999999,24
2019-04-20,,1.484597,-0.8279078999999999,24
2019-04-21,0.0,1.384811,-0.8597653,24
2019-04-22,,1.371009,-0.8386148999999999,24
2019-04-23,39.78,1.521693,-0.39098259999999996,24
2019-04-24,6.629,1.42958,-0.4622078,24
2019-04-25,50.06,1.354817,-0.5415608,24
2019-04-26,,0.8095098,-0.3075842,24
2019-04-27,,1.256778,-0.3692951,24
2019-04-28,16.64,0.8150335999999999,-0.5626867,24
2019-04-29,2.972,0.8719224,-0.49546619999999997,24
2019-04-30,0.229,1.111565,-0.053674099999999995,24
2019-05-01,0.0,1.231995,-0.4627172,24
2019-05-02,0.229,1.155301,-0.53129,24
2019-05-03,5.944,1.373564,-0.5586977,24
2019-05-04,0.0,1.256084,-0.9192904,24
2019-05-05,0.0,1.1833420000000001,-0.8553166,24
2019-05-06,0.0,1.475401,-0.6901212,24
2019-05-07,7.112,1.292316,-0.9087092,24
2019-05-08,4.572,1.541938,-0.5593888,24
2019-05-09,0.0,1.436228,-0.4319704,24
2019-05-10,0.686,1.23427,-0.487946,24
2019-05-11,0.0,0.8901707,-0.7167093,24
2019-05-12,0.0,0.953185,-0.5199415,24
2019-05-13,0.0,1.3216890000000001,-0.22212659999999998,24
2019-05-14,0.0,1.148079,-0.43088689999999996,24
2019-05-15,0.0,1.212603,-0.4336828,24
2019-05-16,0.0,1.4389,-0.008663535,24
2019-05-17,0.0,1.5780669999999999,-0.1866073,24
2019-05-18,0.0,1.443284,-0.6252464999999999,24
2019-05-19,,1.467535,-0.6208017,24
2019-05-20,3.429,1.2544279999999999,-0.8091136,24
2019-05-21,0.0,1.302043,-0.9561807,24
2019-05-22,0.686,1.304634,-0.720228,24
2019-05-23,0.229,1.160801,-0.7755451999999999,24
2019-05-24,,1.143226,-0.5874912999999999,24
2019-05-25,14.63,1.204784,-0.3638805,24
2019-05-26,0.0,1.294914,-0.18141749999999998,24
2019-05-27,0.0,1.23168,-0.11185279999999999,24
2019-05-28,0.0,0.9087594999999999,-0.3966226,24
2019-05-29,8.46,1.053952,-0.23227009999999998,24
2019-05-30,0.0,1.240507,-0.2562988,24
2019-05-31,13.33,1.33799,0.08586239999999999,24
2019-06-01,10.24,1.449678,-0.356066,24
2019-06-02,8.13,1.420747,-0.48123299999999997,24
2019-06-03,25.58,1.445663,-0.559505,24
2019-06-04,0.457,1.546425,-0.4112957,24
2019-06-05,3.48,1.588918,-0.5039425,24
2019-06-06,0.457,1.593415,-0.5613774,24
2019-06-07,1.3719999999999999,1.309987,-0.6720062,24
2019-06-08,0.0,1.145173,-0.8761182999999999,24
2019-06-09,0.0,1.262461,-0.5049627,24
2019-06-10,0.0,1.24337,-0.2130148,24
2019-06-11,0.686,0.9642984,-0.32690559999999996,24
2019-06-12,0.229,1.041299,-0.4295121,24
2019-06-13,0.0,1.154448,-0.201322,24
2019-06-14,0.0,1.090417,-0.3596568,24
2019-06-15,0.0,1.134816,-0.4761641,24
2019-06-16,0.0,1.150306,-0.6499125,24
2019-06-17,,1.160222,-0.8746132999999999,24
2019-06-18,0.0,1.233944,-0.8207074,24
2019-06-19,,1.04594,-0.9069497,24
2019-06-20,,1.000315,-1.022827,24
2019-06-21,,1.306562,-0.8554084,24
2019-06-22,,1.2730000000000001,-0.45106409999999997,24
2019-06-23,,1.104853,-0.9223545999999999,24
2019-06-24,,0.9312556999999999,-0.7661043,24
2019-06-25,,0.894462,-0.5357242,24
2019-06-26,,0.6970297,-0.09924555,24
2019-06-27,,1.251903,0.1912776,24
2019-06-28,,1.378027,0.1677998,24
2019-06-29,,1.037967,-0.3977637,24
2019-06-30,,0.750089,-0.6538581,24
2019-07-01,,0.9907693,-0.5038445,24
2019-07-02,,1.571755,-0.3076057,24
2019-07-03,5.029,1.578955,-0.2628566,24
2019-07-04,6.909,1.6485729999999998,-0.488485,24
2019-07-05,,1.952006,-0.1729768,24
2019-07-06,,2.043827,0.1209774,24
2019-07-07,,2.293792,0.6066220999999999,24
2019-07-08,,1.8071549999999998,0.2898533,24
2019-07-09,,1.341361,-0.1857046,24
2019-07-10,,1.099527,-0.3994484,24
2019-07-11,,0.9701896999999999,-0.440594,24
2019-07-12,0.991,0.8686885,-0.296331,24
2019-07-13,,0.8985249,-0.34457099999999996,24
2019-07-14,,0.9622558,-0.451254,24
2019-07-15,,1.087305,-0.6584019999999999,24
2019-07-16,,1.3286989999999999,-0.48150089999999995,24
2019-07-17,0.762,1.3201800000000001,-0.5647497,24
2019-07-18,,1.48081,-0.5624601,24
2019-07-19,,1.145934,-0.7603498,24
2019-07-20,0.914,0.8984418999999999,-0.8916503,24
2019-07-21,0.229,1.079037,-0.8756543,24
2019-07-22,0.0,0.980883,-0.9755598,24
2019-07-23,,0.6655028,-1.023036,24
2019-07-24,,0.7920967,-0.9800165999999999,24
2019-07-25,,0.8807252999999999,-0.7034201999999999,24
2019-07-26,3.378,0.9327519999999999,-0.361154,24
2019-07-27,,0.8186728999999999,-0.32003529999999997,24
2019-07-28,,0.9427747,-0.5791294,24
2019-07-29,0.229,1.2362600000000001,-0.2311339,24
2019-07-30,0.0,1.113057,-0.4726685,24
2019-07-31,0.0,0.9562168999999999,-0.7204324,24
2019-08-01,0.0,1.367081,-0.7191789,24
2019-08-02,0.0,1.3543500000000002,-0.7583597999999999,24
2019-08-03,5.029,1.7516129999999999,-0.7839391,24
2019-08-04,0.0,1.808293,-0.3678604,24
2019-08-05,0.0,1.8849559999999999,0.05295098,24
2019-08-06,0.229,1.416974,-0.5327098,24
2019-08-07,0.229,0.8305942,-0.8878404,24
2019-08-08,0.0,0.6069763,-1.082182,24
2019-08-09,0.0,0.6817825,-0.8153714,24
2019-08-10,,0.7206748,-0.38656969999999996,24
2019-08-11,0.457,0.6680461999999999,-0.6220076999999999,24
2019-08-12,,1.128327,-0.1600488,24
2019-08-13,,0.9427682,-0.6309499,24
2019-08-14,6.629,1.383805,-0.5314076999999999,24
2019-08-15,0.457,1.654259,-0.08304393,24
2019-08-16,,1.637421,-0.5479817,24
2019-08-17,,1.130419,-0.9446245,24
2019-08-18,,0.9682466,-1.043355,24
2019-08-19,2.972,1.174077,-1.09678,24
2019-08-20,15.09,1.5534979999999998,-0.2856389,24
2019-08-21,0.229,1.35806,-0.27941859999999996,24
2019-08-22,0.457,1.104601,-0.2362127,24
2019-08-23,0.0,1.007292,-0.3123835,24
2019-08-24,,0.8851095,-0.3534789,24
2019-08-25,0.0,0.8517319,-0.3022688,24
2019-08-26,0.0,0.7721021,-0.5580645,24
2019-08-27,,0.8338034999999999,-0.9026732,24
2019-08-28,0.0,0.7924083,-0.955772,24
2019-08-29,,0.9868273,-0.9556161999999999,24
2019-08-30,0.0,1.031453,-1.008201,24
2019-08-31,0.0,1.107931,-1.1121,24
2019-09-01,6.858,1.450702,-1.0965989999999999,24
2019-09-02,37.95,1.511471,-0.5311888,24
2019-09-03,0.229,1.401154,-0.6381344999999999,24
2019-09-04,,1.196,-0.6606111,24
2019-09-05,1.143,1.172962,-0.3007122,24
2019-09-06,0.914,1.312657,-0.08635616,24
2019-09-07,17.83,1.304178,0.07901549000000001,24
2019-09-08,0.0,0.8108875999999999,-0.5948451,24
2019-09-09,0.0,0.5474165999999999,-0.7191388,24
2019-09-10,0.229,0.5627478,-0.6916732999999999,24
2019-09-11,0.0,0.5282108,-0.9441607999999999,24
2019-09-12,0.0,0.8694556999999999,-0.9259360999999999,24
2019-09-13,0.229,0.9573305999999999,-0.9559384999999999,24
2019-09-14,6.375,1.270175,-0.8856862999999999,24
2019-09-15,1.8290000000000002,1.201464,-1.004294,24
2019-09-16,0.0,1.132794,-1.168023,24
2019-09-17,0.229,0.6837675999999999,-1.258643,24
2019-09-18,0.229,1.026388,-1.164984,24
2019-09-19,24.92,0.9413290999999999,-0.9698323,24
2019-09-20,8.69,0.8256089999999999,-0.6310549,24
2019-09-21,24.51,1.047216,-0.30961839999999996,24
2019-09-22,1.3719999999999999,0.8896518999999999,-0.12371639999999999,24
2019-09-23,0.0,0.8843405999999999,-0.13397309999999998,24
2019-09-24,0.0,1.087117,-0.2318133,24
2019-09-25,0.914,1.189903,-0.6021358,24
2019-09-26,0.686,1.061787,-0.7425204999999999,24
2019-09-27,1.6,1.263625,-0.7817761999999999,24
2019-09-28,0.0,1.400904,-0.7223269999999999,24
2019-09-29,0.0,1.50767,-0.7398216999999999,24
2019-09-30,0.686,1.37867,-1.074709,24
2019-10-01,1.6,1.246421,-1.104355,24
2019-10-02,0.0,1.057546,-1.203359,24
2019-10-03,13.69,0.7753218,-1.190917,24
2019-10-04,1.321,0.8748518,-0.9060220999999999,24
2019-10-05,0.0,0.8999429999999999,-0.7341301,24
2019-10-06,,0.7053148,-0.9264753,24
2019-10-07,21.72,1.028571,-0.4760216,24
2019-10-08,8.92,0.7863958999999999,-0.5486669,24
2019-10-09,,0.7063978,-0.6076001999999999,24
2019-10-10,,0.6243788,-0.8536853999999999,24
2019-10-11,0.0,0.9073682999999999,-0.8295572,24
2019-10-12,0.0,0.8428973999999999,-1.147305,24
2019-10-13,0.0,0.993261,-1.168695,24
2019-10-14,0.457,1.003857,-1.225622,24
2019-10-15,11.66,1.241139,-1.116316,24
2019-10-16,12.57,1.481776,-0.7148542,24
2019-10-17,9.6,1.289492,-0.9832552999999999,24
2019-10-18,3.886,0.9394604,-1.157748,24
2019-10-19,6.401,0.6577466,-1.145288,24
2019-10-20,0.0,0.7034862,-0.6359758,24
2019-10-21,0.0,0.9731017,-0.3382707,24
2019-10-22,3.2,0.8475977,-0.3404275,24
2019-10-23,0.0,0.6978742,-0.6442431,24
2019-10-24,0.0,0.8899756999999999,-0.699572,24
2019-10-25,0.0,0.8817784,-0.9097947,24
2019-10-26,2.972,1.1077569999999999,-0.7434655,24
2019-10-27,0.457,1.2695159999999999,-0.8081286,24
2019-10-28,18.06,1.192797,-1.248858,24
2019-10-29,0.0,1.202305,-1.241617,24
2019-10-30,0.0,1.1642190000000001,-1.285725,24
2019-10-31,0.0,1.161052,-1.217521,24
2019-11-01,0.0,1.058992,-1.258056,24
2019-11-02,,0.9490202999999999,-0.9406992,24
2019-11-03,8.46,0.683226,-1.099309,24
2019-11-04,2.743,0.5326455,-1.301425,24
2019-11-05,2.286,0.8379158999999999,-0.522743,24
2019-11-06,5.486,0.6053118,-0.5201553999999999,24
2019-11-07,,0.8809992,-0.3991187,24
2019-11-08,3.658,0.9054072999999999,-0.4694943,24
2019-11-09,,0.9414387999999999,-0.8463176,24
2019-11-10,4.343,1.078241,-0.864031,24
2019-11-11,,1.068321,-0.8207855,24
2019-11-12,29.59,1.07615,-0.7200023999999999,24
2019-11-13,13.94,1.29746,-1.008362,24
2019-11-14,7.087,1.028113,-1.030433,24
2019-11-15,11.38,0.8957206,-1.14276,24
2019-11-16,0.0,1.27636,-0.8899353999999999,24
2019-11-17,,1.305561,-0.5156807999999999,24
2019-11-18,0.0,1.062114,-0.7020527,24
2019-11-19,,0.7092451,-0.4714153,24
2019-11-20,0.0,0.6978458,-0.5630097,24
2019-11-21,2.515,0.6631943,-0.7504476,24
2019-11-22,0.686,0.7660294,-0.8640045,24
2019-11-23,0.0,0.8138202,-1.05131,24
2019-11-24,5.944,1.221129,-0.5667531,24
2019-11-25,,1.442251,-0.5023728,24
2019-11-26,,1.3432659999999998,-0.9034150999999999,24
2019-11-27,2.972,1.1362619999999999,-1.056352,24
2019-11-28,46.51,0.908096,-1.075896,24
2019-11-29,1.3719999999999999,1.327491,-0.7123993,24
2019-11-30,0.0,1.377905,-1.02299,24
2019-12-01,,0.9037864999999999,-1.073693,24
2019-12-02,0.457,0.8743523,-0.9928433,24
2019-12-03,0.0,1.11931,-0.37766679999999997,24
2019-12-04,0.0,1.093509,-0.09697747,24
2019-12-05,15.11,0.6444179,-0.4423029,24
2019-12-06,23.49,0.9432763,-0.6423105,24
2019-12-07,0.0,1.136078,-0.13052539999999999,24
2019-12-08,0.0,1.136921,-0.20195829999999998,24
2019-12-09,0.0,1.085749,-0.4315192,24
2019-12-10,,1.201173,-0.5065132,24
2019-12-11,,1.2570459999999999,-0.8102619999999999,24
2019-12-12,0.0,1.194808,-0.946228,24
2019-12-13,0.0,1.074404,-1.14899,24
2019-12-14,0.0,1.176331,-0.7912066999999999,24
2019-12-15,0.0,1.531406,-0.5438396999999999,24
2019-12-16,4.115,1.345251,-1.077922,24
2019-12-17,14.81,0.9255468,-0.8496009999999999,24
2019-12-18,35.66,1.2579449999999999,-0.4988662,24
2019-12-19,15.32,1.142925,-0.2508593,24
2019-12-20,0.686,0.9102291,-0.371197,24
2019-12-21,,0.6765565,-0.6409522999999999,24
2019-12-22,,0.7725080999999999,-0.8071959999999999,24
2019-12-23,,1.029799,-0.5220194,24
2019-12-24,,1.199419,-0.20484239999999998,24
2019-12-25,,1.320363,-0.6672241999999999,24
2019-12-26,,1.081815,-1.151684,24
2019-12-27,0.0,0.8628378999999999,-1.075561,24
2019-12-28,0.0,1.080257,-1.165158,24
2019-12-29,,0.9801538999999999,-1.154884,24
2019-12-30,,0.8390061,-1.225925,24
2019-12-31,0.0,0.9321069,-1.196108,24
2020-01-01,0.0,0.8363290999999999,-1.07277,24
2020-01-02,,0.6096903,-1.166992,24
2020-01-03,,0.8501194999999999,-0.5829934,24
2020-01-04,5.309,0.8421924,-0.06551862,24
2020-01-05,,1.416923,-0.1908106,24
2020-01-06,1.143,0.8336623,-0.4548234,24
2020-01-07,0.0,0.8737689,-0.47269439999999996,24
2020-01-08,,0.9435657,-0.5288106,24
2020-01-09,,1.3068520000000001,-0.48655899999999996,24
2020-01-10,0.0,1.379216,-0.7972703999999999,24
2020-01-11,0.0,1.089034,-1.087533,24
2020-01-12,3.226,1.19508,-0.7625379999999999,24
2020-01-13,0.0,1.460306,-0.7677520999999999,24
2020-01-14,0.0,1.440026,-0.7518201999999999,24
2020-01-15,0.0,1.363028,-0.7403911999999999,24
2020-01-16,0.0,1.051396,-1.022515,24
2020-01-17,7.163,1.135184,-1.019416,24
2020-01-18,0.229,1.282959,-0.1770014,24
2020-01-19,,1.222696,0.169935,24
2020-01-20,3.683,1.000835,-0.1968415,24
2020-01-21,1.8290000000000002,0.978814,-0.6294252,24
2020-01-22,0.0,0.9048518,-0.6530587999999999,24
2020-01-23,8.46,0.9649112999999999,-0.6128511,24
2020-01-24,3.658,1.105753,-0.7666945,24
2020-01-25,2.286,1.248462,-0.8640394,24
2020-01-26,0.0,1.312336,-1.048267,24
2020-01-27,0.0,1.072842,-1.10402,24
2020-01-28,2.743,1.070361,-0.9769217,24
2020-01-29,2.972,1.049754,-0.9858893,24
2020-01-30,28.7,1.184858,-0.8475049,24
2020-01-31,1.3719999999999999,0.7582340999999999,-1.18498,24
2020-02-01,12.73,0.7574595,-0.8146844,24
2020-02-02,0.0,0.6716654,-0.5198202,24
2020-02-03,24.92,0.8547876999999999,-0.4097073,24
2020-02-04,2.972,0.9072601,-0.4011323,24
2020-02-05,24.56,0.9967242,-0.5100811,24
2020-02-06,37.57,1.109402,-0.6165181,24
2020-02-07,57.18,0.9393189999999999,-0.5069004,24
2020-02-08,55.65,1.312027,-0.4214149,24
2020-02-09,2.972,1.383021,-0.6588198,24
2020-02-10,39.75,1.515561,-0.7095596,24
2020-02-11,5.715,1.91209,-0.4944552,24
2020-02-12,3.2,1.770789,-0.5737649,24
2020-02-13,4.343,1.636977,-0.7919027,24
2020-02-14,11.33,1.313736,-0.814813,24
2020-02-15,,0.9783016,-0.9043549,24
2020-02-16,0.0,0.5763467999999999,-0.9454281,24
2020-02-17,,0.7668087,-0.5343097,24
2020-02-18,0.0,0.7802519,-0.6047622,24
2020-02-19,0.0,0.5578358999999999,-0.5746451,24
2020-02-20,0.0,0.791643,-0.4955996,24
2020-02-21,,0.9908463,-0.5472914999999999,24
2020-02-22,0.0,1.199307,-0.278821,24
2020-02-23,0.0,1.6850239999999999,-0.07118607,24
2020-02-24,0.0,1.894702,-0.5921611,24
2020-02-25,0.0,1.454834,-0.9613885999999999,24
2020-02-26,20.4,1.106821,-0.9975887,24
2020-02-27,69.8,1.477884,-0.5819027,24
2020-02-28,0.229,1.6048879999999999,-0.4796702,24
2020-02-29,0.0,1.161601,-0.6078577,24
2020-03-01,0.229,0.9785239,-0.6973676,24
2020-03-02,0.0,0.9240855,-0.43979389999999996,24
2020-03-03,12.62,0.8121611999999999,-0.21908909999999998,24
2020-03-04,24.66,0.7798033,-0.1996404,24
2020-03-05,0.0,1.012511,-0.3945081,24
2020-03-06,0.0,1.052808,-0.3417918,24
2020-03-07,0.0,1.296877,-0.619752,24
2020-03-08,,1.377913,-0.8747878,24
2020-03-09,0.0,1.315305,-0.8347279999999999,24
2020-03-10,0.0,1.382174,-1.036313,24
2020-03-11,0.0,1.423884,-0.9155397,24
2020-03-12,,1.6034760000000001,-0.8436096,24
2020-03-13,0.0,1.357458,-1.041193,24
2020-03-14,,0.9408799,-1.1271200000000001,24
2020-03-15,,0.8489608,-1.102217,24
2020-03-16,,0.8056958999999999,-1.184153,24
2020-03-17,1.6,0.860093,-0.8791597999999999,24
2020-03-18,0.914,1.166835,-0.3582363,24
2020-03-19,4.801,0.8552438,-0.6492336,24
2020-03-20,,0.6621592,-0.7535874,24
2020-03-21,,1.003743,-0.3993117,24
2020-03-22,0.0,1.121877,-0.7480003,24
2020-03-23,0.0,1.20513,-0.9485686,24
2020-03-24,0.0,1.234702,-0.9280107999999999,24
2020-03-25,0.686,1.215809,-0.9387681,24
2020-03-26,,1.093471,-0.9635169,24
2020-03-27,,0.9788829,-0.9977646,24
2020-03-28,,1.201476,-0.9876722,24
2020-03-29,0.0,0.8633946,-1.002514,24
2020-03-30,0.0,0.7202162999999999,-0.9954537,24
2020-03-31,,0.7642431,-0.9864826999999999,24
2020-04-01,,0.776647,-0.4564987,24
2020-04-02,,0.6543804,-0.3106055,24
2020-04-03,,0.5883290999999999,-0.7730019,24
2020-04-04,0.0,1.6247639999999999,-0.46235669999999995,24
2020-04-05,0.0,1.898011,-0.3747551,24
2020-04-06,0.0,1.530532,-0.6927175999999999,24
2020-04-07,,1.467271,-0.8065220999999999,24
2020-04-08,0.0,1.6925219999999999,-0.5271536,24
2020-04-09,0.0,2.070015,-0.002241611,24
2020-04-10,0.0,2.099337,-0.16067869999999998,24
2020-04-11,0.0,1.660022,-0.5560507,24
2020-04-12,0.0,1.410158,-0.7862956999999999,24
2020-04-13,0.0,1.167352,-0.8603529,24
2020-04-14,0.0,1.214058,-0.7415459,24
2020-04-15,3.429,1.231721,-0.4761124,24
2020-04-16,0.0,1.2565119999999999,-0.2165636,24
2020-04-17,,1.464452,0.24476189999999998,24
2020-04-18,0.0,1.214167,0.02317643,24
2020-04-19,0.457,1.108816,-0.5131146,24
2020-04-20,1.8290000000000002,0.9577916999999999,-0.7675059999999999,24
2020-04-21,,1.049469,-0.8922869999999999,24
2020-04-22,0.0,1.018918,-0.9182203,24
2020-04-23,0.0,1.312594,-0.7615368,24
2020-04-24,,1.385646,-0.8145829,24
2020-04-25,0.0,1.255247,-0.9090899,24
2020-04-26,0.0,1.066481,-1.000432,24
2020-04-27,,1.124955,-1.031334,24
2020-04-28,2.515,1.185249,-0.5076535,24
2020-04-29,5.258,0.7578216,-0.7376826999999999,24
2020-04-30,0.0,0.5587291999999999,-0.8137373999999999,24
2020-05-01,0.0,1.195377,-0.5646675,24
2020-05-02,,1.385878,0.19120859999999998,24
2020-05-03,0.0,1.383244,-0.1237973,24
2020-05-04,0.0,1.4457119999999999,-0.3320763,24
2020-05-05,0.0,1.462605,-0.7232924,24
2020-05-06,0.0,1.301555,-0.8036017,24
2020-05-07,,1.584304,-0.7192959,24
2020-05-08,0.0,1.9920339999999999,0.09221876,24
2020-05-09,0.0,1.7980109999999998,-0.4569779,24
2020-05-10,0.0,1.397128,-0.7826797,24
2020-05-11,0.0,1.249372,-0.8770083,24
2020-05-12,0.0,1.049883,-0.9646176,24
2020-05-13,0.0,1.108929,-0.5857876,24
2020-05-14,10.74,1.429164,-0.20742639999999998,24
2020-05-15,12.8,1.423785,0.009971738,24
2020-05-16,0.0,1.286035,0.17486549999999998,24
2020-05-17,0.0,0.9375992999999999,-0.3663045,24
2020-05-18,0.229,1.022238,-0.283904,24
2020-05-19,0.0,1.143218,-0.4393206,24
2020-05-20,0.229,1.29285,-0.475159,24
2020-05-21,,1.142243,-0.8083117,24
2020-05-22,,0.9993445,-0.9881430999999999,24
2020-05-23,1.245,1.214797,-0.7837514999999999,24
2020-05-24,0.0,1.29219,-0.7334590999999999,24
2020-05-25,2.286,1.468378,-0.6478565,24
2020-05-26,0.229,1.18574,-0.6350629,24
2020-05-27,0.0,1.677357,-0.6364293999999999,24
2020-05-28,0.0,1.660333,0.3585277,24
2020-05-29,0.0,1.2955269999999999,-0.1404147,24
2020-05-30,0.483,0.8227346999999999,-0.49178079999999996,24
2020-05-31,0.0,1.165645,-0.3549042,24
2020-06-01,0.229,1.114021,-0.37182919999999997,24
2020-06-02,0.0,1.46711,-0.3058147,24
2020-06-03,0.0,1.7320069999999999,0.07768536,24
2020-06-04,0.457,1.6856740000000001,-0.20735699999999999,24
2020-06-05,,1.463768,-0.47314779999999995,24
2020-06-06,2.591,1.47708,-0.5062403999999999,24
2020-06-07,9.8,1.2921420000000001,-0.800045,24
2020-06-08,2.997,1.377921,-0.8600675,24
2020-06-09,1.8290000000000002,1.422061,-0.6486719999999999,24
2020-06-10,,1.25957,-0.7514436999999999,24
2020-06-11,,1.227917,-0.6476373999999999,24
2020-06-12,,1.137096,-0.7499028,24
2020-06-13,1.143,1.091242,-0.4664447,24
2020-06-14,,1.074161,-0.47667319999999996,24
2020-06-15,,1.317248,-0.04822767,24
2020-06-16,0.229,1.311531,0.05234611,24
2020-06-17,,1.061508,-0.3630985,24
2020-06-18,,0.8254338999999999,-0.720928,24
2020-06-19,6.248,0.8303227,-0.8965577,24
2020-06-20,9.22,0.8822129999999999,-0.894988,24
2020-06-21,0.686,1.200819,-0.6769873,24
2020-06-22,0.0,1.144928,-0.7908691999999999,24
2020-06-23,0.457,1.4176579999999999,-0.8545406999999999,24
2020-06-24,,1.243798,-0.8449947999999999,24
2020-06-25,0.0,1.143508,-0.8695672,24
2020-06-26,0.0,1.037585,-0.9217938999999999,24
2020-06-27,0.229,1.5544319999999998,-0.1687256,24
2020-06-28,17.83,1.472652,0.2728982,24
2020-06-29,0.0,1.4014769999999999,0.08425748,24
2020-06-30,,1.329391,-0.0932107,24
2020-07-01,8.33,1.061602,-0.6434458,24
2020-07-02,0.0,1.106942,-0.6731448,24
2020-07-03,0.0,1.6630479999999999,0.26827629999999997,24
2020-07-04,0.0,1.701858,-0.13083119999999998,24
2020-07-05,0.0,1.6029740000000001,-0.3039535,24
2020-07-06,0.0,1.272681,-0.7771663,24
2020-07-07,21.95,1.622681,-0.7241904,24
2020-07-08,2.743,1.568976,-0.38556779999999996,24
2020-07-09,0.0,1.301594,-0.6553207,24
2020-07-10,0.0,1.457625,-0.615124,24
2020-07-11,0.0,1.48092,-0.6135665,24
2020-07-12,0.0,0.9627614999999999,-0.9094154,24
2020-07-13,0.0,0.8985301,-0.7448865,24
2020-07-14,,1.206199,-0.3697602,24
2020-07-15,0.0,1.263,0.2071644,24
2020-07-16,0.0,1.4616500000000001,0.48736599999999997,24
2020-07-17,0.229,1.441702,0.1545055,24
2020-07-18,,1.142263,-0.3597295,24
2020-07-19,0.0,1.0582,-0.6243688,24
2020-07-20,0.0,1.034911,-0.8525444,24
2020-07-21,0.0,1.115618,-0.8803289999999999,24
2020-07-22,0.0,1.3926129999999999,-0.7707976,24
2020-07-23,,1.335142,-0.8355,24
2020-07-24,0.0,1.267344,-0.8921118,24
2020-07-25,0.0,1.059356,-0.975679,24
2020-07-26,,1.344319,-0.9435479999999999,24
2020-07-27,0.229,1.237361,-0.2579533,24
2020-07-28,0.0,0.9310470999999999,-0.5090722999999999,24
2020-07-29,12.34,1.117197,-0.4162588,24
2020-07-30,,1.384968,0.2558684,24
2020-07-31,,1.334237,-0.03187358,24
2020-08-01,,1.209352,-0.3998439,24
2020-08-02,0.0,1.112859,-0.6422304999999999,24
2020-08-03,,1.139109,-0.8176353,24
2020-08-04,0.0,1.249289,-0.8560517999999999,24
2020-08-05,,1.008651,-0.9208006,24
2020-08-06,0.0,1.0343040000000001,-0.9899855999999999,24
2020-08-07,0.0,0.8565208,-1.021029,24
2020-08-08,0.0,0.9740160999999999,-1.048132,24
2020-08-09,0.0,0.9235504999999999,-0.9247194999999999,24
2020-08-10,0.0,0.8198918,-0.9266342999999999,24
2020-08-11,0.0,0.6975222,-0.9248620999999999,24
2020-08-12,0.0,0.7309070999999999,-0.8743883,24
2020-08-13,,1.106033,-0.004089713,24
2020-08-14,13.49,1.001342,-0.1046932,24
2020-08-15,,1.010671,-0.36235459999999997,24
2020-08-16,17.83,0.9765659999999999,-0.6301745,24
2020-08-17,1.3719999999999999,1.332428,-0.6557909,24
2020-08-18,,1.370811,-0.5568602,24
2020-08-19,,1.468588,-0.6864456999999999,24
2020-08-20,21.11,1.60105,-0.8091035999999999,24
2020-08-21,1.8290000000000002,2.038626,-0.1452615,24
2020-08-22,,2.015813,-0.03040946,24
2020-08-23,,1.8328600000000002,-0.4290372,24
2020-08-24,,1.350899,-0.591476,24
2020-08-25,5.08,1.01698,-0.8473805999999999,24
2020-08-26,0.457,0.7654027,-0.7779218,24
2020-08-27,0.0,0.5114205,-0.7753432,24
2020-08-28,30.35,0.5442545,-0.8487823,24
2020-08-29,0.686,0.6608189,-0.6594703,24
2020-08-30,2.362,0.8282353,-0.6845283,24
2020-08-31,4.064,0.8424522,-0.9382459,24
2020-09-01,10.31,1.282642,-0.6249007,24
2020-09-02,12.34,1.423699,-0.5991339,24
2020-09-03,3.251,1.290435,-0.8129647,24
2020-09-04,1.3719999999999999,1.034511,-1.173908,24
2020-09-05,0.229,1.2892190000000001,-0.9414817,24
2020-09-06,0.0,1.206825,-0.9025491,24
2020-09-07,1.143,0.9711207,-0.9522934,24
2020-09-08,3.2,0.8823865999999999,-0.7299281,24
2020-09-09,0.229,0.7343411,-0.8072672,24
2020-09-10,0.0,0.5727694,-0.7249049,24
2020-09-11,0.0,0.35915579999999997,-0.7094053,24
2020-09-12,0.0,0.5707743,-0.6130920999999999,24
2020-09-13,0.0,0.6289990999999999,-0.8740778,24
2020-09-14,0.0,0.5934225,-1.059212,24
2020-09-15,0.0,0.9288936999999999,-0.9006919999999999,24
2020-09-16,0.0,1.494732,-0.49848289999999995,24
2020-09-17,0.0,1.275263,-0.9896455,24
2020-09-18,1.8290000000000002,1.271474,-1.050788,24
2020-09-19,0.0,1.494759,-0.9249815,24
2020-09-20,,1.344209,-1.079948,24
2020-09-21,0.0,1.514195,-0.48932539999999997,24
2020-09-22,0.229,1.516545,-0.3160416,24
2020-09-23,0.0,1.336452,-0.1860368,24
2020-09-24,0.0,1.128894,-0.2893136,24
2020-09-25,0.0,0.8553993,-0.6667567999999999,24
2020-09-26,0.0,0.9271353,-0.6050561999999999,24
2020-09-27,0.0,0.5880734,-0.7408329,24
2020-09-28,2.057,0.6082687,-0.8036768,24
2020-09-29,16.26,0.6497132999999999,-1.061064,24
2020-09-30,0.0,1.113891,-0.8233764,24
2020-10-01,,1.220288,-1.077915,24
2020-10-02,0.0,1.026832,-1.262152,24
2020-10-03,0.0,1.051064,-1.27798,24
2020-10-04,8.23,1.302535,-0.9947020999999999,24
2020-10-05,15.32,1.313089,-0.7282031,24
2020-10-06,2.286,1.015794,-1.165158,24
2020-10-07,0.0,0.5872742,-1.15606,24
2020-10-08,7.112,0.7952119999999999,-0.8171919999999999,24
2020-10-09,20.35,0.5436075,-0.6522986,24
2020-10-10,8.69,0.7436155,-0.48651429999999996,24
2020-10-11,0.229,0.792804,-0.26541529999999997,24
2020-10-12,0.0,0.8613557,-0.3991105,24
2020-10-13,0.0,0.6796591,-0.876305,24
2020-10-14,0.0,0.9041342,-1.035639,24
2020-10-15,0.0,1.126528,-0.794284,24
2020-10-16,0.229,1.375388,-0.8097435,24
2020-10-17,0.0,1.424981,-0.8367157,24
2020-10-18,0.0,1.5006309999999998,-0.996038,24
2020-10-19,0.0,1.311172,-1.077577,24
2020-10-20,5.105,1.150378,-1.100499,24
2020-10-21,0.0,0.9313575,-1.142761,24
2020-10-22,0.0,0.8825550999999999,-0.8906079,24
2020-10-23,3.023,0.9550820999999999,-0.7159700000000001,24
2020-10-24,3.708,0.7857333,-0.8470316,24
2020-10-25,0.914,0.44986129999999996,-0.9371261,24
2020-10-26,0.0,0.43940579999999996,-0.6285767999999999,24
2020-10-27,0.0,0.4566299,-0.6291800000000001,24
2020-10-28,0.0,0.5563861,-0.9364229,24
2020-10-29,,0.8582588,-0.8771112,24
2020-10-30,5.029,1.001886,-1.040695,24
2020-10-31,15.54,1.366001,-0.4996021,24
2020-11-01,0.0,1.494082,-0.8199033,24
2020-11-02,0.229,1.4493179999999999,-0.8828585999999999,24
2020-11-03,0.0,1.405594,-0.8702859,24
2020-11-04,0.0,1.292702,-0.8450580999999999,24
2020-11-05,0.0,1.149324,-0.7361133,24
2020-11-06,0.0,1.131372,-0.6757913,24
2020-11-07,0.0,0.8808342,-0.681473,24
2020-11-08,0.0,0.6088785999999999,-0.5554376,24
2020-11-09,0.0,0.6077168,-0.44652709999999995,24
2020-11-10,14.0,0.8245640999999999,-0.7604069,24
2020-11-11,1.6,0.6564008,-0.9303906999999999,24
2020-11-12,18.36,0.9094456,-0.9132579999999999,24
2020-11-13,7.874,1.013632,-0.7296914999999999,24
2020-11-14,0.0,1.177888,-0.9009359,24
2020-11-15,0.457,1.242268,-1.037682,24
2020-11-16,7.112,1.155056,-1.019666,24
2020-11-17,17.45,1.268913,-1.4415580000000001,24
2020-11-18,0.457,-1.077238,-1.209459,24
2020-11-19,31.55,-0.9684014,-1.098628,24
2020-11-20,16.0,-0.9325591,-1.024597,24
2020-11-21,0.0,-0.9367673,-1.069072,24
2020-11-22,0.914,-0.9631913999999999,-1.104395,24
2020-11-23,3.2,-1.005502,-1.187503,24
2020-11-24,1.143,-1.023329,-1.219803,24
2020-11-25,0.0,-1.055498,-1.228563,24
2020-11-26,1.6,-1.139389,-1.319232,24
2020-11-27,,-1.238919,-1.492979,24
2020-11-28,22.63,-1.142084,-1.309152,24
2020-11-29,0.457,-1.123052,-1.3289149999999998,24
2020-11-30,0.0,-1.199509,-1.455361,24
2020-12-01,6.655,-1.190426,-1.514181,24
2020-12-02,6.858,-1.139895,-1.19329,24
2020-12-03,0.0,-1.145454,-1.301673,24
2020-12-04,22.71,-1.176611,-1.335831,24
2020-12-05,0.0,-1.159768,-1.312634,24
2020-12-06,60.35,-0.9439932,-1.184862,24
2020-12-07,42.52,-0.9573212999999999,-1.023676,24
2020-12-08,10.74,-0.9967355999999999,-1.117024,24
2020-12-09,0.229,-1.09342,-1.35072,24
2020-12-10,,-1.147642,-1.323574,24
2020-12-11,,-1.15741,-1.320346,24
2020-12-12,0.0,-1.190258,-1.396877,24
2020-12-13,0.0,-1.2604929999999999,-1.505414,24
2020-12-14,1.143,-1.208621,-1.495971,24
2020-12-15,32.46,-1.201372,-1.459179,24
2020-12-16,6.858,-1.164147,-1.226301,24
2020-12-17,2.286,-1.1454550000000001,-1.26678,24
2020-12-18,12.34,-1.151516,-1.227238,24
2020-12-19,0.0,-1.144274,-1.292518,24
2020-12-20,7.1370000000000005,-1.226631,-1.435159,24
2020-12-21,5.486,-1.216354,-1.364939,24
2020-12-22,0.914,-1.106886,-1.232015,24
2020-12-23,2.515,-1.03211,-1.12221,24
2020-12-24,7.087,-1.010601,-1.1326640000000001,24
2020-12-25,3.429,-1.053533,-1.144954,24
2020-12-26,0.0,-1.044212,-1.157743,24
2020-12-27,8.28,-1.073021,-1.206717,24
2020-12-28,35.48,-1.091222,-1.17927,24
2020-12-29,22.63,-1.073737,-1.208879,24
2020-12-30,6.401,-1.131815,-1.2933080000000001,24
2020-12-31,0.229,-1.154042,-1.383712,24
2021-01-01,95.3,-1.14579,-1.322936,24
2021-01-02,14.22,-1.033448,-1.15539,24
2021-01-03,10.21,-1.018143,-1.101003,24
2021-01-04,2.286,-1.008178,-1.076266,24
2021-01-05,0.914,-1.018613,-1.16245,24
2021-01-06,29.11,-1.100317,-1.257056,24
2021-01-07,5.08,-1.1466319999999999,-1.355013,24
2021-01-08,33.53,-1.20558,-1.393872,24
2021-01-09,3.886,-1.175258,-1.318015,24
2021-01-10,9.58,-1.147306,-1.265141,24
2021-01-11,0.0,-1.176773,-1.260931,24
2021-01-12,10.13,-1.161953,-1.237718,24
2021-01-13,0.457,-1.155051,-1.313579,24
2021-01-14,10.29,-1.065951,-1.2242709999999999,24
2021-01-15,24.0,-1.010371,-1.073194,24
2021-01-16,21.84,-1.019635,-1.147138,24
2021-01-17,0.457,-1.115308,-1.280046,24
2021-01-18,1.143,-1.202204,-1.339979,24
2021-01-19,35.89,-0.973472,-1.24801,24
2021-01-20,31.09,-0.9258261,-0.9744845,24
2021-01-21,7.5440000000000005,-0.9142073,-0.9605393,24
2021-01-22,39.32,-0.9180900999999999,-0.9765564999999999,24
2021-01-23,9.37,-0.9204490999999999,-0.9975257,24
2021-01-24,1.6,-0.9502944999999999,-1.024044,24
2021-01-25,1.143,-1.00065,-1.086869,9
2021-03-11,,,,8
2021-03-12,,,,24
2021-03-13,,,,24
2021-03-14,,,,24
2021-03-15,,,,24
2021-03-16,,,,24
2021-03-17,,,,24
2021-03-18,,,,24
2021-03-19,,,,24
2021-03-20,,,,24
2021-03-21,,,,24
2021-03-22,,,,24
2021-03-23,,,,24
2021-03-24,,,,24
2021-03-25,,,,24
2021-03-26,,,,24
2021-03-27,,,,24
2021-03-28,,,,24
2021-03-29,,,,24
2021-03-30,,,,24
2021-03-31,,,,24
2021-04-01,,,,23
2021-04-02,,,,24
2021-04-03,,,,24
2021-04-04,,,,24
2021-04-05,,,,24
2021-04-06,,,,24
2021-04-07,,,,24
2021-04-08,,,,24
2021-04-09,,,,24
2021-04-10,,,,24
2021-04-11,,,,24
2021-04-12,,,,24
2021-04-13,,,,24
2021-04-14,,,,24
2021-04-15,,,,24
2021-04-16,,,,24
2021-04-17,,,,24
2021-04-18,,,,24
2021-04-19,,,,24
2021-04-20,,,,24
2021-04-21,,,,24
2021-04-22,,,,24
2021-04-23,,,,24
2021-04-24,,,,24
2021-04-25,,,,24
2021-04-26,,,,24
2021-04-27,,,,24
2021-04-28,,,,24
2021-04-29,,,,24
2021-04-30,,,,24
2021-05-01,,,,24
2021-05-02,,,,24
2021-05-03,,,,24
2021-05-04,,,,24
2021-05-05,,,,24
2021-05-06,,,,24
2021-05-07,,,,24
2021-05-08,,,,24
2021-05-09,,,,24
2021-05-10,,,,24
2021-05-11,,,,24
2021-05-12,,,,24
2021-05-13,,,,24
2021-05-14,,,,24
2021-05-15,,,,24
2021-05-16,,,,24
2021-05-17,,,,24
2021-05-18,,,,24
2021-05-19,,,,24
2021-05-20,,,,24
2021-05-21,,,,24
2021-05-22,,,,24
2021-05-23,,,,24
2021-05-24,,,,24
2021-05-25,,,,24
2021-05-26,,,,24
2021-05-27,,,,24
2021-05-28,,,,24
2021-05-29,,,,24
2021-05-30,,,,24
2021-05-31,,,,24
2021-06-01,,,,16
2021-08-26,,,,14
2021-08-27,1.016,1.577,-0.34099979999999996,24
2021-08-28,0.254,1.464,-0.5309999,22
2021-09-01,,,,12
2021-09-02,0.0,0.8610000999999999,-0.08299994000000001,24
2021-09-03,0.0,1.091,-0.4979999,24
2021-09-04,0.0,1.3639999999999999,-0.221,24
2021-09-05,0.508,1.612,-0.1899998,24
2021-09-06,10.41,1.581,-3.5220000000000002,24
2021-09-07,0.0,1.7109999999999999,-1.818,24
2021-09-08,5.334,1.81,-0.5449997999999999,24
2021-09-09,4.064,1.566,-4.028,24
2021-09-10,0.508,1.513,-0.6949999,24
2021-09-11,0.0,1.473,-0.5869999,24
2021-09-12,0.0,1.412,-0.451,24
2021-09-13,0.0,1.234,-0.4429998,24
2021-09-14,0.0,1.071,-0.339,24
2021-09-15,4.8260000000000005,1.109,-2.75,4
2021-09-21,,,,12
2021-09-22,0.254,1.724,-0.2259998,24
2021-09-23,0.0,1.8820000000000001,-0.369,24
2021-09-24,0.0,1.5150000000000001,-0.7099998,24
2021-09-25,0.0,1.164,-0.7219998999999999,24
2021-09-26,0.0,1.179,-0.5589997999999999,24
2021-09-27,0.0,1.058,-0.4849999,24
2021-09-28,0.0,0.8580000999999999,-3.529,24
2021-09-29,15.24,0.9470000000000001,-1.164,24
2021-09-30,7.62,1.233,-2.65,24
2021-10-01,3.048,1.145,-0.04399991,24
2021-10-02,21.59,1.069,-2.436,24
2021-10-03,0.508,1.312,-2.814,24
2021-10-04,4.8260000000000005,1.595,-0.3769998,5
2021-10-13,,,,11
2021-10-14,0.254,1.276,-3.049,24
2021-10-15,0.0,1.588,-0.3179998,24
2021-10-16,21.84,1.155,-0.3609998,24
2021-10-17,0.254,1.346,-0.244,16
2021-10-20,,,,13
2021-10-21,2.794,1.319,-0.5129998,24
2021-10-22,1.27,1.5590000000000002,-0.6729997999999999,24
2021-10-23,0.0,1.462,-0.645,24
2021-10-24,3.81,1.438,-0.6049998,24
2021-10-25,0.0,1.4140000000000001,-0.3109999,24
2021-10-26,0.0,1.5350000000000001,-0.33799979999999996,24
2021-10-27,0.0,1.086,-0.08599997,24
2021-10-28,0.0,1.053,-0.001999855,24
2021-10-29,1.016,1.118,0.09300018,24
2021-10-30,38.1,1.065,0.03100014,24
2021-10-31,24.89,1.197,-0.07599998,24
2021-11-01,58.67,1.369,-0.277,24
2021-11-02,40.13,1.518,-0.17299989999999998,24
2021-11-03,1.27,1.82,-0.8089997999999999,24
2021-11-04,0.0,1.749,-0.47700000000000004,24
2021-11-05,2.032,1.716,-0.5519997999999999,24
2021-11-06,1.778,1.702,-0.7639999,24
2021-11-07,0.0,1.682,-0.5249998,24
2021-11-08,0.762,1.762,-0.17299989999999998,24
2021-11-09,0.254,1.7149999999999999,-0.28,24
2021-11-10,0.762,1.508,-0.17500000000000002,19
2021-11-14,,,,13
2021-11-15,0.0,1.079,0.07300019,24
2021-11-16,0.0,1.118,-0.5249998,24
2021-11-17,0.0,1.228,-0.5969999,24
2021-11-18,0.0,1.374,-0.5639999,24
2021-11-19,30.99,1.749,-3.536,23
2021-11-22,,,,13
2021-11-23,0.0,1.077,-0.46599979999999996,24
2021-11-24,7.366,1.393,-0.1859999,24
2021-11-25,0.254,1.5550000000000002,0.17400000000000002,24
2021-11-26,1.524,1.293,-2.7030000000000003,24
2021-11-27,5.588,1.062,-0.01699996,24
2021-11-28,0.0,1.3860000000000001,-5.172999,24
2021-11-29,0.0,1.437,0.2450001,24
2021-11-30,0.0,1.4140000000000001,-0.02999997,24
2021-12-01,0.0,1.574,-0.01399994,24
2021-12-02,0.0,1.865,0.22600009999999998,24
2021-12-03,9.14,1.9180000000000001,-0.2489998,24
2021-12-04,1.778,1.552,-0.4999998,24
2021-12-05,0.0,1.525,-0.5309999,24
2021-12-06,3.81,1.59,-0.34399989999999997,23
2021-12-08,,,,14
2021-12-09,0.0,1.5230000000000001,-2.342,24
2021-12-10,0.0,1.5150000000000001,-0.2649999,15
2021-12-11,0.0,1.584,-2.221,24
2021-12-12,1.016,1.5,0.154,24
2021-12-13,0.0,1.214,0.1210001,24
2021-12-14,0.0,1.195,-0.02399993,24
2021-12-15,16.51,1.251,-1.936,18
2021-12-18,,,,10
2021-12-19,6.35,1.21,-0.458,24
2021-12-20,1.27,1.351,-0.5749998,24
2021-12-21,0.0,1.34,-0.6299999,24
2021-12-22,7.62,1.2469999999999999,-0.437,24
2021-12-23,19.3,1.557,-0.1759999,24
2021-12-24,0.0,1.604,-0.0009999275,24
2021-12-25,2.794,1.51,-0.01399994,24
2021-12-26,0.0,1.3559999999999999,0.009000063,24
2021-12-27,14.22,1.396,-0.02599978,24
2021-12-28,0.508,1.347,0.002000093,24
2021-12-29,0.0,1.433,0.16200019999999998,24
2021-12-30,0.0,1.459,-1.468,24
2021-12-31,16.51,1.349,-4.077,24
2022-01-01,8.89,1.392,-2.005,24
2022-01-02,0.0,1.457,-0.05699992,24
2022-01-03,0.0,1.71,-0.168,24
2022-01-04,0.0,1.653,-0.3119998,24
2022-01-05,31.5,1.7650000000000001,-0.299,24
2022-01-06,47.24,1.7269999999999999,-3.277,24
2022-01-07,1.016,1.834,0.13700009999999999,24
2022-01-08,0.254,1.709,-0.0849998,24
2022-01-09,0.0,1.512,-0.23499989999999998,24
2022-01-10,7.874,1.444,-1.627,24
2022-01-11,51.31,1.208,0.008000135,24
2022-01-12,11.68,1.13,0.1490002,24
2022-01-13,0.0,1.23,0.19200019999999998,24
2022-01-14,0.508,1.272,-2.411,24
2022-01-15,6.35,1.458,-3.281,24
2022-01-16,2.286,1.417,-2.054,24
2022-01-17,0.254,1.478,-0.34900000000000003,24
2022-01-18,5.842,1.526,-0.3669999,24
2022-01-19,0.0,1.612,-3.194,24
2022-01-20,0.0,1.698,-0.3239999,24
2022-01-21,0.0,1.518,-0.527,24
2022-01-22,0.0,1.416,-2.8890000000000002,24
2022-01-23,0.0,1.354,-0.5309999,24
2022-01-24,0.0,1.184,-2.174,24
2022-01-25,0.0,1.228,-0.4489999,24
2022-01-26,0.0,1.338,-0.1229999,24
2022-01-27,0.0,1.148,0.05400014,24
2022-01-28,50.55,1.564,-2.186,24
2022-01-29,29.21,1.528,0.1890001,24
2022-01-30,7.366,1.528,-0.08099985,24
2022-01-31,5.588,1.576,-0.23899979999999998,24
2022-02-01,1.27,1.542,-0.5079999,24
2022-02-02,0.0,1.564,-0.3499999,24
2022-02-03,1.016,1.818,-0.2619998,24
2022-02-04,0.0,1.634,-0.5219998,24
2022-02-05,22.86,1.435,-0.5539999,24
2022-02-06,20.83,1.502,-1.518,24
2022-02-07,9.14,1.4889999999999999,-2.57,24
2022-02-08,0.0,1.599,-1.185,24
2022-02-09,1.27,1.544,0.2420001,24
2022-02-10,0.254,1.089,0.164,24
2022-02-11,0.508,1.139,0.026000020000000002,24
2022-02-12,0.0,1.148,-0.1529999,24
2022-02-13,0.0,1.187,-0.23700000000000002,24
2022-02-14,0.0,1.287,0.03299999,24
2022-02-15,38.61,1.651,0.09200001000000001,24
2022-02-16,0.0,1.8559999999999999,-0.1659999,24
2022-02-17,0.0,1.85,-0.4189999,24
2022-02-18,22.61,1.695,-2.099,24
2022-02-19,0.0,1.726,-0.3869998,24
2022-02-20,0.0,1.8010000000000002,-0.3669999,24
2022-02-21,0.0,1.5110000000000001,-0.47100000000000003,24
2022-02-22,1.016,1.426,-0.45399979999999995,24
2022-02-23,10.16,1.424,-0.1359999,24
2022-02-24,0.0,1.438,-0.05699992,24
2022-02-25,2.286,1.293,-2.071,24
2022-02-26,2.286,1.083,-0.19899989999999998,24
2022-02-27,0.0,1.194,-0.4879999,24
2022-02-28,0.0,1.239,-0.438,24
2022-03-01,0.0,1.3519999999999999,-0.586,24
2022-03-02,46.99,1.62,-0.356,24
2022-03-03,61.21,1.767,-0.2559998,24
2022-03-04,4.572,1.806,-0.4269998,24
2022-03-05,0.254,1.798,-0.46299979999999996,24
2022-03-06,0.0,1.6800000000000002,-0.5109999,24
2022-03-07,0.0,1.541,-0.6039998,24
2022-03-08,36.07,1.473,-0.51,24
2022-03-09,1.524,1.344,-0.2519999,24
2022-03-10,8.13,1.233,-0.09199977000000001,24
2022-03-11,15.24,1.146,0.08800006,24
2022-03-12,36.32,1.4060000000000001,0.148,24
2022-03-13,28.19,1.4020000000000001,0.4740002,24
2022-03-14,9.65,1.4060000000000001,-2.501,24
2022-03-15,0.508,1.603,0.1210001,24
2022-03-16,1.27,1.663,-0.061999799999999994,24
2022-03-17,8.89,1.697,-0.2119999,24
2022-03-18,0.0,1.948,-0.2259998,24
2022-03-19,32.0,1.86,-0.332,24
2022-03-20,7.874,1.9220000000000002,-0.293,24
2022-03-21,5.08,2.07,-2.966,24
2022-03-22,33.78,1.8479999999999999,-0.04299998,24
2022-03-23,5.08,1.371,-0.523,24
2022-03-24,0.0,1.139,-0.553,24
2022-03-25,16.51,1.025,-0.39299989999999996,24
2022-03-26,0.254,1.301,-0.2259998,24
2022-03-27,0.0,1.437,-1.895,24
2022-03-28,0.254,1.343,-0.1259999,24
2022-03-29,0.0,1.5070000000000001,-0.01799989,24
2022-03-30,0.0,1.52,-0.2939999,24
2022-03-31,21.08,1.492,-0.536,24
2022-04-01,19.81,1.9609999999999999,-0.08899998,24
2022-04-02,13.72,1.937,-0.1669998,24
2022-04-03,8.13,1.826,-0.39299989999999996,24
2022-04-04,3.81,1.6280000000000001,-0.5409999,21
2022-04-08,,,,8
2022-04-09,,,,14
2022-04-10,0.0,1.215,0.33700009999999997,16
2022-04-13,,,,13
2022-04-15,,,,14
2022-04-16,0.0,1.893,-2.008,24
2022-04-17,0.0,2.026,-0.3019998,21
2022-04-18,,,,6
2022-04-19,,,,14
2022-04-20,0.0,1.6920000000000002,-0.4719999,18
2022-04-21,0.0,1.509,-0.5319998,24
2022-04-22,0.0,1.409,-0.3139999,24
2022-04-23,,,,14
2022-04-24,0.0,1.252,-1.605,16
2022-04-25,0.0,1.221,0.279,24
2022-04-26,,,,9
2022-04-27,,,,14
2022-04-28,0.0,1.487,-0.27099989999999996,21
2022-04-29,0.0,1.6480000000000001,-0.5129998,17
2022-05-01,,,,13
2022-05-02,0.0,1.8,-0.326,5
2022-05-04,,,,3
2022-05-05,,,,14
2022-05-06,0.0,1.3780000000000001,-0.06399989,18
2022-05-07,0.0,1.117,0.014000180000000001,11
2022-05-08,,,,14
2022-05-09,0.0,1.221,0.1900001,9
2022-05-10,,,,11
2022-05-11,,,,12
2022-05-12,,,,14
2022-05-13,,,,12
2022-05-14,,,,11
2022-05-15,,,,13
2022-05-16,,,,11
2022-05-17,,,,13
2022-05-18,0.0,1.887,0.1460002,15
2022-05-19,,,,14
2022-05-20,0.0,1.9460000000000002,0.313,16
2022-05-21,0.0,1.5779999999999998,0.02200007,16
2022-05-22,0.0,1.321,-0.09999989999999999,16
2022-05-23,0.0,0.1900001,0.1900001,10
2022-05-24,,,,9
2022-05-25,,,,11
2022-05-26,,,,12
2022-05-27,,,,11
2022-05-28,,,,10
2022-05-29,,,,5
2022-05-30,,,,2
2022-06-01,,,,1
2022-06-03,,,,4
2022-06-04,,,,4
2022-06-05,,,,3
2022-06-06,,,,4
2022-06-08,,,,2
2022-06-09,,,,1
2022-06-10,,,,7
2022-06-11,,,,9
2022-06-12,,,,9
2022-06-13,,,,10
2022-06-14,,,,7
2022-06-15,,,,7
2022-06-16,,,,9
2022-06-17,,,,6
2022-06-18,,,,8
2022-06-19,,,,6
2022-06-20,,,,7
2022-06-21,,,,4
2022-06-22,,,,8
2022-06-23,,,,9
2022-06-24,,,,9
2022-06-26,,,,3
2022-06-27,,,,7
2022-06-28,,,,9
2022-06-29,,,,10
2022-06-30,,,,11
2022-07-01,,,,5
2022-07-02,,,,8
2022-07-03,,,,9
2022-07-04,,,,7
2022-07-05,,,,9
2022-07-06,,,,8
2022-07-07,,,,9
2022-07-08,,,,7
2022-07-09,,,,8
2022-07-10,,,,9
2022-07-11,,,,9
2022-07-12,,,,9
2022-07-14,,,,3
2022-07-15,,,,4
2022-07-16,,,,6
2022-07-17,,,,3
2022-07-18,,,,3
2022-07-19,,,,9
2022-07-20,,,,9
2022-07-21,,,,9
2022-07-22,,,,11
2022-07-23,,,,3
2022-07-24,,,,9
2022-07-25,,,,2
2022-07-26,,,,8
2022-07-27,,,,11
2022-07-28,,,,10
2022-07-29,,,,13
2022-07-30,,,,13
2022-07-31,0.0,1.992,-1.329,15
2022-08-01,0.0,0.2080002,0.187,15
2022-08-02,,,,2
2022-08-03,,,,3
2022-08-04,,,,13
2022-08-05,,,,14
2022-08-06,0.0,1.387,0.214,2
2022-08-07,,,,1
2022-08-08,,,,2
2022-08-11,,,,1
2022-08-13,,,,7
2022-08-14,,,,11
2022-08-15,,,,13
2022-08-16,,,,2
2022-08-17,,,,8
2022-08-18,,,,1
2022-08-19,,,,14
2022-08-20,,,,10
2022-08-21,,,,8
2022-08-22,,,,7
2022-08-23,,,,14
2022-08-24,,,,16
2022-08-25,0.0,1.171,-0.3109999,17
2022-08-26,,,,15
2022-08-27,0.0,1.616,-0.5119998,17
2022-08-28,,,,12
2022-08-29,,,,14
2022-08-30,0.0,1.976,-1.61,13
2022-08-31,,,,9
2022-09-01,,,,15
2022-09-02,0.0,1.12,-0.5449997999999999,11
2022-09-03,,,,1
2022-09-04,,,,14
2022-09-05,0.0,1.326,0.08100009,22
2022-09-06,,,,3
2022-09-07,,,,6
2022-09-08,,,,15
2022-09-09,,,,8
2022-09-10,,,,2
2022-09-11,,,,1
2022-09-12,,,,1
2022-09-13,,,,15
2022-09-14,0.0,1.458,-1.558,4
2022-09-15,,,,4
2022-09-16,,,,9
2022-09-17,,,,14
2022-09-18,,,,13
2022-09-19,,,,10
2022-09-20,,,,14
2022-09-21,0.0,1.194,0.1460002,16
2022-09-22,,,,16
2022-09-23,0.0,1.5510000000000002,-0.08299994000000001,24
2022-09-24,0.0,1.7690000000000001,0.05900002,24
2022-09-25,0.0,1.8130000000000002,-0.4329998,15
2022-09-26,,,,5
2022-09-27,,,,6
2022-09-28,,,,6
2022-09-29,,,,4
2022-09-30,,,,4
2022-10-01,,,,9
2022-10-02,,,,13
2022-10-03,,,,9
2022-10-04,,,,6
2022-10-05,,,,2
2022-10-07,,,,13
2022-10-08,,,,14
2022-10-09,0.0,1.6059999999999999,0.1010001,20
2022-10-10,,,,2
2022-10-11,,,,11
2022-10-12,,,,8
2022-10-13,,,,3
2022-10-14,,,,2
2022-10-15,,,,8
2022-10-16,,,,7
2022-10-17,,,,8
2022-10-18,,,,6
2022-10-19,,,,12
2022-10-20,,,,9
2022-10-21,,,,12
2022-10-22,,,,10
2022-10-23,,,,16
2022-10-24,0.0,1.7309999999999999,-0.28399989999999997,11
2022-10-25,,,,9
2022-10-26,,,,14
2022-10-27,0.0,1.623,-0.6169998999999999,20
2022-10-28,,,,15
2022-10-29,0.0,1.41,-3.476,7
2022-10-30,,,,15
2022-10-31,14.99,1.4060000000000001,-0.09599996,10
2022-11-01,,,,7
2022-11-02,,,,14
2022-11-03,,,,17
2022-11-04,0.0,1.293,1.293,16
2022-11-05,0.0,1.343,0.1530001,18
2022-11-06,0.0,1.2850000000000001,0.06600022,21
2022-11-07,0.0,1.223,-0.2639999,19
2022-11-08,0.0,0.5340001999999999,0.5310001,15
2022-11-09,3.048,1.333,-0.5749998,15
2022-11-10,,,,16
2022-11-11,0.0,1.203,-0.5929999,13
2022-11-12,,,,15
2022-11-13,,,,12
2022-11-14,,,,15
2022-11-15,0.0,-0.1139998,-0.1139998,16
2022-11-16,0.0,1.046,0.2030001,21
2022-11-17,0.0,1.204,0.4860001,20
2022-11-18,0.0,1.362,-1.949,23
2022-11-19,0.0,1.166,1.166,17
2022-11-20,0.0,1.358,0.04299998,16
2022-11-21,,,,8
2022-11-22,,,,8
2022-11-23,,,,7
2022-11-24,,,,5
2022-11-25,,,,9
2022-11-26,,,,4
2022-11-27,,,,4
2022-11-28,,,,4
2022-11-29,,,,10
2022-11-30,,,,9
2022-12-01,,,,3
2022-12-12,,,,4
2022-12-13,,,,7
2022-12-14,,,,11
2022-12-15,,,,15
2022-12-16,0.0,0.9160001999999999,0.2320001,16
2022-12-17,,,,6
2022-12-18,,,,5
2022-12-19,,,,3
2022-12-20,,,,3
2022-12-21,,,,9
2022-12-22,,,,8
2022-12-23,,,,11
2022-12-24,,,,5
2022-12-25,,,,9
2022-12-26,,,,11
2022-12-27,,,,8
2022-12-28,,,,9
2022-12-29,,,,13
2022-12-30,,,,16
2022-12-31,0.0,1.03,1.03,16
2023-01-01,,,,10
2023-01-02,,,,13
2023-01-03,,,,8
2023-01-04,,,,5
2023-01-05,,,,12
2023-01-06,,,,13
2023-01-07,,,,15
2023-01-08,,,,9
2023-01-09,,,,8
2023-01-10,,,,7
2023-01-11,,,,10
2023-01-12,,,,12
2023-01-13,,,,13
2023-01-14,,,,13
2023-01-15,,,,6
2023-01-16,,,,8
2023-01-17,,,,8
2023-01-18,,,,10
2023-01-19,,,,5
2023-01-20,,,,10
2023-01-21,,,,14
2023-01-22,,,,8
2023-01-23,,,,12
2023-01-24,,,,14
2023-01-25,0.0,1.7429999999999999,-0.1859999,17
2023-01-26,0.0,1.683,-2.018,17
2023-01-27,0.0,1.32,-1.533,19
2023-01-28,0.0,1.399,-0.5339999,16
2023-01-29,0.0,1.279,-0.5179999,16
2023-01-30,,,,9
2023-01-31,,,,9
2023-02-01,,,,9
2023-02-02,,,,7
2023-02-03,,,,9
2023-02-04,,,,12
2023-02-05,,,,14
2023-02-06,,,,15
2023-02-07,,,,15
2023-02-08,0.0,1.297,-0.5309999,16
2023-02-09,0.0,1.403,-0.402,16
2023-02-10,29.21,1.252,-0.4229998,11
2023-02-11,,,,16
2023-02-12,0.0,1.19,-0.2979999,16
2023-02-13,0.0,1.137,-0.1989999,19
2023-02-14,0.0,1.019,-0.08099985,14
2023-02-15,,,,11
2023-02-16,,,,11
2023-02-17,,,,8
2023-02-18,,,,8
2023-02-19,,,,4
2023-02-20,,,,5
2023-02-21,,,,4
2023-02-22,,,,6
2023-02-23,,,,7
2023-02-24,,,,9
2023-02-25,,,,9
2023-02-26,,,,7
2023-02-27,,,,7
2023-02-28,,,,8
2023-03-01,,,,8
2023-03-02,,,,12
2023-03-03,,,,10
2023-03-04,,,,13
2023-03-05,,,,13
2023-03-06,,,,9
2023-03-07,,,,11
2023-03-08,,,,16
2023-03-09,,,,12
2023-03-10,,,,7
2023-03-11,,,,10
2023-03-12,,,,8
2023-03-13,,,,5
2023-03-14,,,,8
2023-03-15,,,,11
2023-03-16,,,,10
2023-03-17,,,,13
2023-03-18,,,,14
2023-03-19,0.0,1.204,1.204,15
2023-03-20,0.0,3.14,-2.049,17
2023-03-21,0.0,1.781,-0.483,17
2023-03-22,0.0,1.947,-0.4139998,16
2023-03-23,,,,15
2023-03-24,,,,13
2023-03-25,,,,11
2023-03-26,,,,12
2023-03-27,,,,12
2023-03-28,,,,9
2023-03-29,,,,10
2023-03-30,,,,13
2023-03-31,,,,15
2023-04-01,0.0,1.357,1.357,9
2023-04-02,,,,13
2023-04-03,,,,15
2023-04-04,,,,15
2023-04-05,,,,11
2023-04-06,,,,3
2023-04-07,,,,5
2023-04-08,,,,5
2023-04-09,,,,8
2023-04-10,,,,7
2023-04-11,,,,10
2023-04-12,,,,12
2023-04-13,,,,13
2023-04-14,,,,6
2023-04-15,,,,6
2023-04-16,,,,6
2023-04-17,,,,8
2023-04-18,,,,3
2023-04-19,,,,8
2023-04-20,,,,10
2023-04-21,,,,9
2023-04-22,,,,10
2023-04-23,,,,6
2023-04-24,,,,7
2023-04-25,,,,8
2023-04-26,,,,6
2023-04-27,,,,7
2023-04-28,,,,10
2023-04-29,,,,6
2023-04-30,,,,8
2023-05-01,,,,8
2023-05-02,,,,8
2023-05-03,,,,7
2023-05-04,,,,7
2023-05-05,,,,6
2023-05-06,,,,6
2023-05-07,,,,6
2023-05-08,,,,5
2023-05-09,,,,1
2023-05-10,,,,7
2023-05-11,,,,5
2023-05-12,,,,8
2023-05-13,,,,5
2023-05-14,,,,5
2023-05-15,,,,6
2023-05-16,,,,5
2023-05-17,,,,6
2023-05-18,,,,6
2023-05-19,,,,6
2023-05-20,,,,6
2023-05-21,,,,7
2023-05-22,,,,4
2023-05-23,,,,4
2023-05-24,,,,4
2023-05-25,,,,2
2023-05-26,,,,5
2023-05-27,,,,6
2023-05-28,,,,1
2023-05-29,,,,1
2023-05-31,,,,2
2023-06-01,,,,3
2023-06-02,,,,2
2023-06-03,,,,1
2023-06-04,,,,2
2023-06-05,,,,5
2023-06-06,,,,5
2023-06-07,,,,1
2023-06-08,,,,1
2023-06-09,,,,1
2023-06-10,,,,4
2023-06-11,,,,4
2023-06-16,,,,1
2023-06-17,,,,1
2023-06-18,,,,1
2023-06-19,,,,1
2023-06-20,,,,1
2023-06-21,,,,3
2023-06-22,,,,4
2023-06-23,,,,5
2023-06-24,,,,5
2023-06-25,,,,6
2023-06-26,,,,4
2023-06-27,,,,7
2023-06-28,,,,6
2023-06-29,,,,5
2023-06-30,,,,5
2023-07-01,,,,4
2023-07-02,,,,4
2023-07-03,,,,4
2023-07-04,,,,4
2023-07-05,,,,7
2023-07-06,,,,8
2023-07-07,,,,9
2023-07-08,,,,4
2023-07-09,,,,4
2023-07-10,,,,1
2023-07-12,,,,3
2023-07-13,,,,6
2023-07-14,,,,8
2023-07-15,,,,8
2023-07-16,,,,8
2023-07-17,,,,5
2023-07-20,,,,8
2023-07-21,,,,7
2023-07-22,,,,6
2023-07-23,,,,9
2023-07-24,,,,8
2023-07-25,,,,9
2023-07-26,,,,8
2023-07-27,,,,1
2023-07-28,,,,1
2023-07-29,,,,5
2023-07-30,,,,7
2023-07-31,,,,8
2023-08-01,,,,10
2023-08-02,,,,13
2023-08-03,,,,12
2023-08-04,,,,14
2023-08-05,,,,15
2023-08-06,,,,14
2023-08-07,,,,13
2023-08-08,,,,6
2023-08-10,,,,2
2023-08-11,,,,2
2023-08-13,,,,4
2023-08-14,,,,9
2023-08-15,,,,14
2023-08-16,,,,12
2023-08-17,,,,8
2023-08-18,,,,15
2023-08-19,0.0,,,19
2023-08-20,,,,15
2023-08-21,,,,15
2023-08-22,0.0,,,20
2023-08-23,0.0,,,19
2023-08-24,0.0,,,11
2023-08-25,,,,3
2023-08-26,,,,12
2023-08-27,,,,8
2023-08-28,,,,7
2023-09-03,,,,8
2023-09-04,,,,12
2023-09-05,,,,10
2023-09-06,,,,5
2023-09-07,,,,1
2023-09-08,,,,1
2023-09-26,,,,7
2023-09-27,,,,7
2023-09-28,,,,10
2023-09-29,,,,7
2023-10-01,,,,1
2023-10-03,,,,7
2023-10-06,,,,4
2023-10-09,,,,8
2023-10-10,,,,11
2023-10-11,,,,13
2023-10-12,,,,1
2023-10-13,,,,1
2023-10-14,,,,2
2023-10-15,,,,5
2023-10-16,,,,3
2023-10-17,,,,6
2023-10-18,,,,12
2023-10-19,,,,1
2023-10-20,,,,8
2023-10-21,,,,9
2023-10-22,,,,9
2023-10-23,,,,2
2023-10-24,,,,8
2023-10-25,,,,8
2023-10-26,,,,7
2023-10-27,,,,3
2023-10-28,,,,1
2023-10-29,,,,10
2023-10-30,,,,8
2023-10-31,,,,2
2023-11-01,,,,6
2023-11-02,,,,5
2023-11-03,,,,4
2023-11-04,,,,14
2023-11-05,,,,13
2023-11-06,,,,8
2023-11-07,,,,17
2023-11-08,0.0,,,7
2023-11-09,,,,3
2023-11-11,,,,5
2023-11-12,,,,5
2023-11-13,,,,4
2023-11-14,,,,2
2023-11-15,,,,4
2023-11-17,,,,2
2023-11-18,,,,7
2023-11-19,,,,9
2023-11-20,,,,8
2023-11-21,,,,11
2023-11-22,,,,8
2023-11-23,,,,2
2023-11-24,,,,11
2023-11-25,,,,10
2023-11-26,,,,8
2023-11-27,,,,5
2023-11-28,,,,6
2023-11-29,,,,12
2023-11-30,,,,8
2023-12-01,,,,8
2023-12-02,,,,9
2023-12-03,,,,4
2023-12-04,,,,2
2023-12-05,,,,1
2023-12-06,,,,8
2023-12-07,,,,6
2023-12-08,,,,5
2023-12-09,,,,5
2023-12-10,,,,5
2023-12-11,,,,9
2023-12-12,,,,10
2023-12-13,,,,10
2023-12-14,,,,10
2023-12-15,,,,8
2023-12-16,,,,7
2023-12-17,,,,7
2023-12-18,,,,8
2023-12-19,,,,9
2023-12-20,,,,8
2023-12-21,,,,12
2023-12-22,,,,9
2023-12-23,,,,7
2023-12-24,,,,9
2023-12-25,,,,7
2023-12-26,,,,9
2023-12-27,,,,8
2023-12-28,,,,9
2023-12-29,,,,9
2023-12-30,,,,8
2023-12-31,,,,6
2024-01-01,,,,9
2024-01-02,,,,9
2024-01-03,,,,6
2024-01-04,,,,9
2024-01-05,,,,6
2024-01-06,,,,9
2024-01-07,,,,8
2024-01-08,,,,8
2024-01-09,,,,7
2024-01-10,,,,10
2024-01-11,,,,6
2024-01-12,,,,2
2024-01-13,,,,7
2024-01-14,,,,9
2024-01-15,,,,5
2024-01-16,,,,7
2024-01-17,,,,9
2024-01-18,,,,9
2024-01-19,,,,8
2024-01-20,,,,8
2024-01-21,,,,9
2024-01-22,,,,6
2024-01-23,,,,9
2024-01-24,,,,9
2024-01-25,,,,10
2024-01-26,,,,8
2024-01-27,,,,9
2024-01-28,,,,6
2024-01-29,,,,9
2024-01-30,,,,9
2024-01-31,,,,8
2024-02-01,,,,9
2024-02-02,,,,9
2024-02-03,,,,10
2024-02-04,,,,7
2024-02-05,,,,8
2024-02-06,,,,8
2024-02-07,,,,10
2024-02-08,,,,8
2024-02-09,,,,9
2024-02-10,,,,9
2024-02-11,,,,9
2024-02-12,,,,8
2024-02-13,,,,5
2024-02-14,,,,5
2024-02-15,,,,8
2024-02-16,,,,6
2024-02-17,,,,10
2024-02-18,,,,10
2024-02-19,,,,8
2024-02-20,,,,5
2024-02-21,,,,5
2024-02-22,,,,8
2024-02-23,,,,5
2024-02-24,,,,4
2024-02-26,,,,8
2024-02-27,,,,7
2024-02-28,,,,7
2024-02-29,,,,5
2024-03-01,,,,8
2024-03-02,,,,10
2024-03-03,,,,8
2024-03-04,,,,7
2024-03-07,,,,7
2024-03-09,,,,8
2024-03-10,,,,7
2024-03-11,,,,7
2024-03-12,,,,7
2024-03-13,,,,7
2024-03-14,,,,8
2024-03-15,,,,7
2024-03-16,,,,7
2024-03-17,,,,6
2024-03-18,,,,6
2024-03-19,,,,8
2024-03-20,,,,8
2024-03-21,,,,7
2024-03-22,,,,9
2024-03-23,,,,8
2024-03-24,,,,5
2024-03-25,,,,7
2024-03-26,,,,7
2024-03-27,,,,8
2024-03-28,,,,8
2024-03-29,,,,8
2024-03-30,,,,7
2024-03-31,,,,7
2024-04-01,,,,7
2024-04-02,,,,6
2024-04-03,,,,5
2024-04-04,,,,7
2024-04-05,,,,7
2024-04-06,,,,3
2024-04-07,,,,10
2024-04-08,,,,3
2024-04-09,,,,7
2024-04-10,,,,8
2024-04-12,,,,5
2024-04-13,,,,4
2024-04-14,,,,2
2024-04-16,,,,3
2024-04-17,,,,5
2024-04-18,,,,8
2024-04-19,,,,10
2024-04-20,,,,9
2024-04-21,,,,7
2024-04-22,,,,10
2024-04-23,,,,6
2024-04-24,,,,5
2024-04-26,,,,6
2024-04-27,,,,8
2024-04-30,,,,6
2024-05-01,,,,8
2024-05-02,,,,8
2024-05-03,,,,10
2024-05-04,,,,8
2024-05-05,,,,6
2024-05-06,,,,7
2024-05-07,,,,7
2024-05-08,,,,7
2024-05-10,,,,8
2024-05-11,,,,6
2024-05-12,,,,6
2024-05-13,,,,4
2024-05-14,,,,7
2024-05-15,,,,8
2024-05-16,,,,6
2024-05-18,,,,5
2024-05-19,,,,5
2024-05-20,,,,7
2024-05-21,,,,7
2024-05-22,,,,9
2024-05-23,,,,5
2024-05-24,,,,1
2024-05-25,,,,5
2024-05-28,,,,8
2024-05-29,,,,6
2024-05-30,,,,10
2024-05-31,,,,8
2024-06-01,,,,7
2024-06-02,,,,10
2024-06-03,,,,7
2024-06-04,,,,2
2024-06-05,,,,7
2024-10-02,0.0,,,16
2024-10-03,1.778,,,24
2024-10-04,5.588,,,24
2024-10-05,0.0,,,24
2024-10-06,0.0,,,24
2024-10-07,0.0,,,24
2024-10-08,0.0,,,24
2024-10-09,0.0,,,24
2024-10-10,0.0,,,24
2024-10-11,0.0,,,24
2024-10-12,0.0,,,24
2024-10-13,0.0,,,24
2024-10-14,0.0,,,24
2024-10-15,0.0,,,24
2024-10-16,0.0,,,24
2024-10-17,0.0,,,24
2024-10-18,0.0,,,24
2024-10-19,0.0,,,24
2024-10-20,0.0,,,24
2024-10-21,0.0,,,24
2024-10-22,0.0,,,24
2024-10-23,0.0,,,24
2024-10-24,0.0,,,24
2024-10-25,0.0,,,24
2024-10-26,0.0,,,24
2024-10-27,0.0,,,24
2024-10-28,0.0,,,24
2024-10-29,0.0,,,24
2024-10-30,0.0,,,24
2024-10-31,30.48,,,24
2024-11-01,0.0,,,24
2024-11-02,0.0,,,24
2024-11-03,0.0,,,24
2024-11-04,0.0,,,24
2024-11-05,0.0,,,24
2024-11-06,0.0,,,24
2024-11-07,0.0,,,24
2024-11-08,0.0,,,24
2024-11-09,0.0,,,24
2024-11-10,0.0,,,24
2024-11-11,0.0,,,24
2024-11-12,0.0,,,24
2024-11-13,0.0,,,24
2024-11-14,0.0,,,24
2024-11-15,0.0,,,24
2024-11-16,0.0,,,24
2024-11-17,0.0,,,24
2024-11-18,0.0,,,24
2024-11-19,0.0,,,24
2024-11-20,0.0,,,24
2024-11-21,0.0,,,24
2024-11-22,0.0,,,24
2024-11-23,0.0,,,24
2024-11-24,0.0,,,24
2024-11-25,0.0,,,24
2024-11-26,0.0,,,24
2024-11-27,0.0,,,24
2024-11-28,0.0,,,24
2024-11-29,0.0,,,24
2024-11-30,0.0,,,24
2024-12-01,0.0,,,24
2024-12-02,0.0,,,24
2024-12-03,0.0,,,24
2024-12-04,0.0,,,24
2024-12-05,0.0,,,24
2024-12-06,0.0,,,24
2024-12-07,0.0,,,24
2024-12-08,0.762,,,24
2024-12-09,0.0,,,24
2024-12-10,0.0,,,24
2024-12-11,0.0,,,24
2024-12-12,0.0,,,24
2024-12-13,0.0,,,24
2024-12-14,0.0,,,24
2024-12-15,0.0,,,24
2024-12-16,0.0,,,24
2024-12-17,0.0,,,9
