date,temp_max,temp_min,umid_max,umid_min,solar_total,gust_max,gust_dir,prec,level_max,level_min,dewpoint,heat_index,wind_chill,n_hours,temp_mean,umid_mean,ws_mean,pressure_mean,solar_mean
2011-02-09,,,,,,,,,,,,,,10.0,25.131,90.863,,,
2011-02-10,,,,,,,,,,,,,,24.0,25.94125,88.09833333333334,,,
2011-02-11,,,,,,,,,,,,,,24.0,26.552083333333332,84.30875,,,
2011-02-12,,,,,,,,,,,,,,24.0,26.24625,88.43541666666665,,,
2011-02-13,,,,,,,,,,,,,,24.0,26.9825,84.55958333333334,,,
2011-02-14,,,,,,,,,,,,,,24.0,21.815416666666668,95.375,,,
2011-02-15,,,,,,,,,,,,,,24.0,21.756666666666664,93.86666666666667,,,
2011-02-16,,,,,,,,,,,,,,24.0,22.37875,96.89999999999999,,,
2011-02-17,,,,,,,,,,,,,,24.0,24.18875,90.83458333333333,,,
2011-02-18,,,,,,,,,,,,,,24.0,25.94875,87.03416666666668,,,
2011-02-19,,,,,,,,,,,,,,24.0,26.101666666666663,86.67291666666667,,,
2011-02-20,,,,,,,,,,,,,,24.0,26.765416666666667,82.66541666666667,,,
2011-02-21,,,,,,,,,,,,,,24.0,26.172083333333333,85.49916666666667,,,
2011-02-22,,,,,,,,,,,,,,24.0,24.585416666666664,90.61125,,,
2011-02-23,,,,,,,,,,,,,,24.0,24.607083333333335,88.28958333333333,,,
2011-02-24,,,,,,,,,,,,,,24.0,25.62291666666667,87.82583333333334,,,
2011-02-25,,,,,,,,,,,,,,24.0,26.02208333333333,88.64583333333333,,,
2011-02-26,,,,,,,,,,,,,,24.0,26.035833333333333,86.11041666666667,,,
2011-02-27,,,,,,,,,,,,,,24.0,24.839166666666667,82.87958333333333,,,
2011-02-28,,,,,,,,,,,,,,24.0,24.008333333333336,73.75625000000001,,,
2011-03-01,,,,,,,,,,,,,,24.0,22.42833333333333,83.68291666666666,,,
2011-03-02,,,,,,,,,,,,,,24.0,22.83,85.35083333333334,,,
2011-03-03,,,,,,,,,,,,,,24.0,21.41208333333333,93.24166666666667,,,
2011-03-04,,,,,,,,,,,,,,24.0,22.11375,90.85000000000001,,,
2011-03-05,,,,,,,,,,,,,,24.0,22.3625,88.99125,,,
2011-03-06,,,,,,,,,,,,,,24.0,22.852500000000003,89.79458333333334,,,
2011-03-07,,,,,,,,,,,,,,24.0,23.400833333333335,84.16458333333334,,,
2011-03-08,,,,,,,,,,,,,,24.0,23.13875,92.26666666666667,,,
2011-03-09,,,,,,,,,,,,,,24.0,24.614166666666666,88.43291666666666,,,
2011-03-10,,,,,,,,,,,,,,6.0,23.583333333333332,95.08333333333333,,,
2011-03-15,,,,,,,,,,,,,,24.0,,,,,
2011-03-16,25.36,20.29,82.5,56.08,,,,,,,,,,24.0,,,,,
2011-03-17,27.44,18.51,96.5,52.13,,,,,,,,,,24.0,,,,,
2011-03-18,26.38,20.3,98.3,63.27,,,,0.686,,,,,,24.0,,,,,
2011-03-19,29.94,20.7,97.8,60.11,,,,13.03,,,,,,24.0,,,,,
2011-03-20,24.97,21.23,97.1,59.23,,,,0.229,,,,,,24.0,,,,,
2011-03-21,23.31,19.69,90.0,71.97,,,,,,,,,,24.0,,,,,
2011-03-22,26.74,18.9,98.8,60.51,,,,,,,,,,24.0,,,,,
2011-03-23,26.61,20.77,99.0,67.16,,,,6.172,,,,,,24.0,,,,,
2011-03-24,27.51,21.41,99.2,75.48,,,,1.143,,,,,,24.0,,,,,
2011-03-25,29.72,22.24,98.4,64.8,,,,,,,,,,24.0,,,,,
2011-03-26,25.88,22.6,98.6,76.58,,,,0.914,,,,,,24.0,,,,,
2011-03-27,31.35,21.0,99.3,66.47,,,,28.42,,,,,,24.0,,,,,
2011-03-28,29.44,20.55,99.1,57.54,,,,0.229,,,,,,24.0,,,,,
2011-03-29,27.14,20.89,98.4,77.36,,,,,,,,,,24.0,,,,,
2011-03-30,24.05,19.36,99.1,80.2,,,,12.12,,,,,,24.0,,,,,
2011-03-31,23.36,17.93,99.7,76.52,,,,,,,,,,24.0,,,,,
2011-04-01,25.84,19.34,99.5,71.03,,,,0.457,,,,,,24.0,,,,,
2011-04-02,25.74,20.07,99.4,77.27,,,,,,,,,,24.0,,,,,
2011-04-03,25.99,20.96,100.0,77.17,,,,14.45,,,,,,24.0,,,,,
2011-04-04,27.54,18.65,99.8,47.27,,,,0.229,,,,,,24.0,,,,,
2011-04-05,26.59,19.39,98.5,69.91,,,,,,,,,,24.0,44.985,,,,
2011-04-06,30.54,18.27,98.2,40.21,,,,0.229,,,,,,24.0,49.76,,,,
2011-04-07,28.93,18.93,95.4,43.99,,,,,,,,,,24.0,,,,,
2011-04-08,27.18,16.44,97.2,45.03,,,,,,,,,,15.0,,,,,
2011-04-09,,,,,,,,,,,,,,24.0,,,,,
2011-04-10,25.09,18.54,96.9,60.61,,,,2.286,,,,,,24.0,,,,,
2011-04-11,24.65,17.7,98.0,62.46,,,,,,,,,,24.0,,,,,
2011-04-12,27.73,17.09,98.8,54.54,,,,,,,,,,24.0,,,,,
2011-04-13,26.23,18.13,100.0,69.77,,,,,,,,,,24.0,,,,,
2011-04-14,29.95,18.5,99.2,51.12,,,,0.0,,,,,,24.0,,,,,
2011-04-15,32.0,20.49,97.7,50.75,,,,,,,,,,24.0,,,,,
2011-04-16,28.16,19.78,99.3,57.21,,,,,,,,,,24.0,,,,,
2011-04-17,28.63,19.92,97.7,61.71,,,,0.0,,,,,,24.0,,,,,
2011-04-18,27.06,21.58,96.3,71.5,,,,0.0,,,,,,24.0,,,,,
2011-04-19,29.21,21.79,97.2,66.92,,,,0.0,,,,,,24.0,,,,,
2011-04-20,22.99,21.31,95.5,79.95,,,,0.0,,,,,,24.0,,,,,
2011-04-21,27.52,20.66,96.6,67.18,,,,0.229,,,,,,24.0,,,,,
2011-04-22,25.9,21.05,99.1,73.3,,,,6.172,,,,,,24.0,,,,,
2011-04-23,30.15,20.26,100.0,52.7,,,,0.0,,,,,,24.0,,,,,
2011-04-24,27.45,21.09,100.0,79.95,,,,7.315,,,,,,24.0,,,,,
2011-04-25,22.45,19.16,94.6,75.23,,,,0.0,,,,,,24.0,,,,,
2011-04-26,26.22,19.25,95.5,65.3,,,,0.0,,,,,,24.0,,,,,
2011-04-27,24.65,17.15,98.2,53.75,,,,3.2,,,,,,24.0,,,,,
2011-04-28,25.33,18.29,98.3,66.48,,,,,,,,,,24.0,,,,,
2011-04-29,20.9,18.21,99.6,85.7,,,,,,,,,,24.0,,,,,
2011-04-30,25.89,18.12,99.7,68.04,,,,,,,,,,24.0,,,,,
2011-05-01,24.39,17.56,100.0,73.84,,,,0.914,,,,,,24.0,,,,,
2011-05-02,27.24,19.44,100.0,67.17,,,,,,,,,,24.0,47.96333333333333,,,,
2011-05-03,24.5,15.15,80.2,42.29,,,,,,,,,,24.0,47.9,,,,
2011-05-04,25.43,13.65,88.8,43.29,,,,,,,,,,24.0,,,,,
2011-05-05,24.52,16.55,98.8,59.09,,,,,,,,,,24.0,47.97,,,,
2011-05-06,25.34,13.92,98.3,45.92,,,,,,,,,,24.0,48.02,,,,
2011-05-07,28.66,15.94,96.3,45.17,,,,0.0,,,,,,24.0,,,,,
2011-05-08,23.4,19.12,93.9,72.16,,,,,,,,,,24.0,,,,,
2011-05-09,25.92,17.35,98.1,61.99,,,,0.0,,,,,,24.0,,,,,
2011-05-10,22.27,18.05,96.7,64.66,,,,,,,,,,24.0,,,,,
2011-05-11,22.56,17.39,99.0,73.96,,,,,,,,,,24.0,,,,,
2011-05-12,26.18,18.75,99.2,69.82,,,,,,,,,,24.0,,,,,
2011-05-13,25.18,18.38,100.0,66.35,,,,,,,,,,24.0,,,,,
2011-05-14,22.55,18.45,95.0,64.34,,,,0.0,,,,,,24.0,,,,,
2011-05-15,20.46,16.94,98.9,78.29,,,,,,,,,,24.0,,,,,
2011-05-16,18.97,15.92,99.1,78.4,,,,17.14,,,,,,24.0,,,,,
2011-05-17,18.98,15.7,95.9,78.19,,,,2.057,,,,,,24.0,,,,,
2011-05-18,21.34,13.04,96.4,55.69,,,,,,,,,,24.0,,,,,
2011-05-19,20.91,13.08,95.1,63.02,,,,,,,,,,24.0,,,,,
2011-05-20,22.88,13.39,98.9,61.57,,,,,,,,,,24.0,,,,,
2011-05-21,22.17,16.25,99.6,74.95,,,,,,,,,,24.0,,,,,
2011-05-22,23.71,17.67,99.9,75.83,,,,,,,,,,24.0,,,,,
2011-05-23,24.49,17.17,99.8,71.57,,,,0.0,,,,,,24.0,,,,,
2011-05-24,26.74,16.95,100.0,65.16,,,,,,,,,,24.0,,,,,
2011-05-25,23.47,19.18,99.0,81.6,,,,0.457,,,,,,24.0,,,,,
2011-05-26,25.01,18.31,100.0,71.23,,,,0.0,,,,,,24.0,,,,,
2011-05-27,23.61,17.93,100.0,70.54,,,,0.0,,,,,,24.0,,,,,
2011-05-28,17.56,17.42,76.95,72.27,,,,0.0,,,,,,24.0,40.56,,,,
2011-05-29,23.13,12.41,95.2,38.83,,,,0.0,,,,,,24.0,48.6425,,,,
2011-05-30,22.48,10.2,100.0,41.68,,,,0.0,,,,,,24.0,45.620000000000005,,,,
2011-05-31,22.3,10.87,97.2,39.95,,,,0.0,,,,,,24.0,,,,,
2011-06-01,21.55,11.57,96.8,55.32,,,,0.0,,,,,,24.0,49.35,,,,
2011-06-02,22.95,11.94,97.6,44.83,,,,0.0,,,,,,24.0,,,,,
2011-06-03,21.63,12.08,97.6,62.15,,,,0.0,,,,,,10.0,,,,,
2011-06-24,,,,,,,,,,,,,,13.0,18.328461538461536,95.32461538461538,,,
2011-06-25,,,,,,,,,,,,,,24.0,18.25375,95.58749999999999,,,
2011-06-26,,,,,,,,,,,,,,24.0,15.816249999999998,91.87124999999999,,,
2011-06-27,,,,,,,,,,,,,,24.0,12.14775,52.62875,,,
2011-06-28,,,,,,,,,,,,,,24.0,10.682875000000001,63.397083333333335,,,
2011-06-29,,,,,,,,,,,,,,24.0,9.808166666666667,96.70833333333333,,,
2011-06-30,,,,,,,,,,,,,,24.0,13.220416666666667,99.61666666666667,,,
2011-07-01,,,,,,,,,,,,,,24.0,16.25166666666667,99.00833333333333,,,
2011-07-02,,,,,,,,,,,,,,24.0,15.72125,99.93333333333334,,,
2011-07-03,,,,,,,,,,,,,,24.0,13.18875,98.675,,,
2011-07-04,,,,,,,,,,,,,,24.0,10.113791666666666,70.845,,,
2011-07-05,,,,,,,,,,,,,,24.0,9.030583333333334,90.15833333333335,,,
2011-07-06,,,,,,,,,,,,,,10.0,6.4628,100.0,,,
2011-08-29,,,,,,,,,,,,,,22.0,18.747272727272726,96.0090909090909,,,
2011-08-30,22.68,15.32,100.0,81.2,6.876,,,0.0,1.245359,-1.309676,,,,24.0,18.759166666666665,99.87916666666666,,,
2011-08-31,19.59,17.07,100.0,96.9,1.8639999999999999,,,69.11,1.415284,-1.051878,,,,24.0,17.188333333333333,77.5425,,,
2011-09-01,22.26,13.4,100.0,39.16,26.28,,,0.914,1.435792,-0.899473,,,,24.0,14.610833333333332,72.73,,,
2011-09-02,19.69,10.63,98.7,29.39,27.12,,,0.0,1.259538,-0.8259327,,,,24.0,15.007083333333334,67.15,,,
2011-09-03,19.25,11.66,89.6,38.83,26.98,,,0.0,1.20946,-0.8240029,,,,24.0,15.371250000000002,77.01416666666667,,,
2011-09-04,20.6,10.89,93.4,52.36,16.02,,,0.0,0.5498931,-1.248221,,,,24.0,17.322916666666668,81.82916666666667,,,
2011-09-05,22.77,13.79,97.1,62.13,23.38,,,0.0,0.31168009999999996,-1.195904,,,,24.0,18.08791666666667,89.4875,,,
2011-09-06,24.54,15.14,99.4,70.59,18.26,,,0.457,0.576473,-1.233131,,,,24.0,14.814583333333333,95.76666666666667,,,
2011-09-07,17.12,13.36,99.7,91.4,1.106,,,47.32,0.9582259999999999,-0.5276449,,,,24.0,13.887083333333335,99.77083333333333,,,
2011-09-08,14.72,13.08,100.0,97.9,2.27,,,55.55,0.5770276,-0.5783503999999999,,,,24.0,16.140833333333333,99.1375,,,
2011-09-09,18.62,14.45,100.0,92.5,4.266,,,16.71,0.7839889999999999,-0.5156877,,,,24.0,18.000833333333333,97.10833333333333,,,
2011-09-10,20.9,16.38,100.0,85.5,5.677,,,4.801,1.004216,-0.7087994999999999,,,,24.0,17.72,81.81166666666667,,,
2011-09-11,22.45,14.38,98.3,56.07,22.8,,,0.0,1.113994,-0.9499681999999999,,,,24.0,17.137083333333333,82.38916666666667,,,
2011-09-12,25.44,12.78,100.0,44.07,26.81,,,0.0,0.9343724,-1.283712,,,,24.0,17.131666666666668,78.22,,,
2011-09-13,21.16,13.78,97.1,63.29,20.98,,,0.0,1.167464,-1.033368,,,,24.0,17.2425,84.05958333333334,,,
2011-09-14,27.08,12.36,100.0,41.85,26.04,,,0.0,1.154869,-1.173866,,,,24.0,16.93583333333333,80.18083333333333,,,
2011-09-15,20.52,13.63,98.1,63.77,14.53,,,0.0,1.067547,-1.013124,,,,24.0,16.20958333333333,91.82541666666667,,,
2011-09-16,18.78,14.58,100.0,77.23,6.876,,,3.658,0.9970481,-1.219523,,,,24.0,17.939583333333335,95.39583333333333,,,
2011-09-17,19.05,16.54,100.0,85.9,2.242,,,1.8290000000000002,0.6221768999999999,-1.439544,,,,24.0,19.194583333333334,85.58625,,,
2011-09-18,21.45,16.34,99.0,73.42,7.962,,,0.0,0.2170928,-1.429183,,,,24.0,18.327916666666667,91.53791666666666,,,
2011-09-19,22.69,14.56,100.0,73.26,13.77,,,0.229,0.0630765,-1.117237,,,,24.0,19.71375,86.57875,,,
2011-09-20,23.99,17.23,98.7,59.23,19.63,,,0.0,0.3689902,-0.8108818999999999,,,,24.0,19.19625,94.12916666666666,,,
2011-09-21,22.33,16.0,99.3,79.18,10.55,,,7.849,0.565522,-0.5917458999999999,,,,24.0,17.763749999999998,88.27625,,,
2011-09-22,22.48,14.81,98.1,69.47,17.6,,,0.229,0.7690151,-0.3443292,,,,24.0,18.187083333333334,85.88333333333333,,,
2011-09-23,22.15,14.74,97.5,68.15,17.43,,,0.0,0.8022916,-0.6013718,,,,24.0,19.182083333333335,90.85416666666667,,,
2011-09-24,20.57,17.79,99.9,80.3,4.634,,,2.972,0.7450297,-0.886204,,,,24.0,18.2925,82.22791666666667,,,
2011-09-25,21.82,15.82,100.0,53.51,14.36,,,0.0,1.212088,-0.7910665,,,,24.0,17.179583333333333,79.9975,,,
2011-09-26,20.08,14.15,96.4,59.05,13.37,,,0.457,1.040317,-0.9368249,,,,24.0,17.425833333333333,82.32833333333333,,829.1818181818181,
2011-09-27,21.22,14.52,94.5,62.24,10.0,,,0.0,0.9203245999999999,-2.313219,,,,24.0,18.781666666666666,81.01916666666666,,843.8,
2011-09-28,24.45,13.67,98.6,52.47,30.77,,,0.0,1.129872,-1.396831,,,,24.0,18.589166666666667,84.05583333333333,,814.5,
2011-09-29,23.42,15.04,99.6,59.19,25.51,,,0.0,1.241202,-1.030606,,,,24.0,19.987083333333334,82.77499999999999,,,
2011-09-30,24.97,15.82,97.7,56.3,30.78,,,0.0,1.178585,-1.357246,,,,24.0,20.7725,88.05624999999999,,,
2011-10-01,25.94,17.89,97.2,70.6,25.77,,,0.0,0.840286,-1.3253789999999999,,,,24.0,20.645833333333332,89.57291666666667,,,
2011-10-02,24.39,19.0,99.5,67.57,7.174,,,12.83,0.9641630999999999,-0.9146913999999999,,,,24.0,19.445416666666667,97.28333333333335,,,
2011-10-03,21.08,18.6,100.0,88.6,3.674,,,4.115,0.8461769,-0.7806415999999999,,,,24.0,20.985833333333332,81.83916666666667,,,
2011-10-04,27.62,17.55,99.2,51.77,28.74,,,0.0,0.9922453999999999,-0.6386442999999999,,,,24.0,18.227083333333333,75.07333333333334,,,
2011-10-05,20.51,16.45,93.3,65.79,10.83,,,0.0,1.043947,-0.33162559999999996,,,,24.0,19.718333333333334,87.08291666666668,,,
2011-10-06,24.06,16.71,97.8,70.79,17.7,,,0.229,0.6219022,-0.6889997,,,,24.0,21.75125,83.30875,,,
2011-10-07,26.33,19.26,95.5,59.38,27.87,,,0.0,0.6128325,-0.6356952,,,,24.0,20.63083333333333,92.34583333333335,,,
2011-10-08,23.66,18.35,99.1,80.6,11.11,,,0.686,0.6497564,-0.6010643999999999,,,,24.0,22.176666666666666,89.865,,,
2011-10-09,24.92,20.5,99.0,76.07,14.54,,,1.3719999999999999,0.7496771999999999,-1.063875,,,,24.0,22.222083333333334,94.30416666666667,,,
2011-10-10,25.77,20.15,100.0,79.88,12.34,,,10.06,0.5585356,-1.298503,,,,24.0,22.6775,85.82249999999999,,,
2011-10-11,30.1,18.53,100.0,55.67,26.82,,,6.223,0.7458157999999999,-1.165365,,,,24.0,21.45,83.46583333333334,,,
2011-10-12,23.34,18.51,97.0,66.36,9.21,,,0.457,0.9301824999999999,-1.20753,,,,24.0,20.444166666666668,87.89708333333334,,,
2011-10-13,24.29,17.79,99.2,68.35,13.82,,,0.457,1.071684,-1.190997,,,,24.0,19.656666666666666,99.34166666666665,,,
2011-10-14,20.45,18.53,100.0,94.9,2.205,,,85.3,0.9585593,-1.240894,,,,24.0,23.14916666666667,86.11375,,,
2011-10-15,31.44,19.13,100.0,52.01,23.14,,,0.229,0.9324209999999999,-1.294414,,,,24.0,19.917916666666667,94.50416666666666,,,
2011-10-16,21.09,18.53,99.0,85.4,4.858,,,3.429,1.016353,-0.86182,,,,24.0,18.713333333333335,96.675,,,
2011-10-17,20.44,17.61,100.0,86.3,6.978,,,11.66,0.9329727,-0.9191651,,,,24.0,20.172083333333333,82.62083333333334,,,
2011-10-18,24.43,17.02,99.1,53.08,30.01,,,0.0,0.7221658,-0.6163746999999999,,,,24.0,19.824583333333333,78.58708333333333,,,
2011-10-19,24.0,15.19,98.8,55.85,25.84,,,0.0,0.6064617999999999,-0.4473505,,,,24.0,18.067916666666665,90.88499999999999,,,
2011-10-20,21.05,16.59,98.8,73.57,7.695,,,1.8290000000000002,0.6180572999999999,-0.49488139999999997,,,,24.0,19.612083333333334,79.04541666666667,,,
2011-10-21,23.93,15.7,99.3,55.81,31.68,,,0.686,0.33490939999999997,-0.7967622,,,,24.0,20.097083333333334,76.80499999999999,,,
2011-10-22,23.6,16.38,96.6,54.73,33.39,,,3.226,0.5585408,-0.9061064999999999,,,,24.0,20.4875,84.81833333333334,,,
2011-10-23,24.72,16.53,97.6,67.25,28.58,,,0.229,0.5807812,-1.071624,,,,24.0,22.304166666666664,81.23666666666666,,,
2011-10-24,27.16,18.7,97.4,59.03,32.08,,,0.0,0.803344,-1.037354,,,,24.0,21.889166666666668,84.86958333333332,,,
2011-10-25,25.8,18.67,97.7,69.12,27.05,,,0.0,1.127775,-0.779899,,,,24.0,22.305000000000003,86.35791666666667,,,
2011-10-26,26.43,18.98,98.9,63.8,10.92,,,9.6,1.107722,-0.8791384999999999,,,,24.0,23.7,70.63333333333334,,,
2011-10-27,32.03,18.51,96.9,33.74,29.55,,,0.229,1.236043,-0.8522552,,,,24.0,21.57541666666667,86.64208333333333,,,
2011-10-28,25.67,18.79,98.3,69.18,25.7,,,0.457,1.379077,-0.6906673,,,,24.0,22.268333333333334,81.99416666666666,,,
2011-10-29,27.78,17.4,100.0,42.61,34.64,,,0.0,1.403181,-0.7508309999999999,,,,24.0,20.477083333333333,93.75416666666666,,,
2011-10-30,22.27,19.24,97.9,87.5,3.72,,,8.23,1.298594,-0.6517406,,,,24.0,18.605,93.78333333333335,,,
2011-10-31,21.36,16.99,99.4,82.8,3.464,,,1.8290000000000002,1.115584,-0.7415465,,,,24.0,19.010416666666668,73.50750000000001,,,
2011-11-01,23.17,15.18,96.3,44.87,31.76,,,6.172,1.132196,-0.4939671,,,,24.0,17.83625,78.47125,,,
2011-11-02,21.57,14.88,97.2,54.73,19.67,,,2.286,0.9851608,-0.5225259999999999,,,,24.0,18.072083333333335,76.395,,,
2011-11-03,23.01,13.55,95.9,52.4,24.9,,,0.0,0.8242094999999999,-0.6789218,,,,24.0,18.44125,74.07916666666667,,,
2011-11-04,22.95,15.28,93.4,48.5,17.25,,,0.229,0.5778409999999999,-0.7219300000000001,,,,24.0,19.348333333333333,73.83416666666666,,,
2011-11-05,23.8,14.16,96.2,46.77,35.21,,,0.0,0.4014664,-0.6112609,,,,24.0,21.163333333333334,73.70375,,,
2011-11-06,24.84,16.36,89.5,50.07,33.81,,,0.0,0.5129802,-0.7825546999999999,,,,24.0,21.724999999999998,79.93375,,,
2011-11-07,25.28,19.04,92.7,62.73,26.12,,,0.0,0.5367641,-0.9162401,,,,24.0,22.32625,79.98916666666666,,,
2011-11-08,27.42,18.17,97.9,54.55,33.61,,,0.229,0.7550385,-0.8332482999999999,,,,24.0,22.44875,78.6475,,,
2011-11-09,26.64,18.27,97.8,54.12,36.13,,,0.0,0.9506631,-0.8209381,,,,24.0,23.374166666666667,76.19583333333334,,,
2011-11-10,27.26,20.53,89.9,55.62,35.05,,,0.0,0.8724124,-1.158119,,,,24.0,23.256249999999998,83.96375,,,
2011-11-11,27.16,19.96,98.5,65.46,28.32,,,7.772,0.8606741,-1.393274,,,,24.0,22.604583333333334,87.61083333333333,,,
2011-11-12,27.14,19.6,99.1,66.05,14.54,,,0.0,0.8525459999999999,-1.179578,,,,24.0,19.928333333333335,88.59666666666668,,,
2011-11-13,22.31,18.22,97.6,73.97,4.666,,,2.057,1.193943,-0.7689431,,,,24.0,18.99833333333333,91.24125,,,
2011-11-14,21.22,17.51,98.3,76.95,5.819,,,2.057,1.110243,-0.9715604,,,,24.0,17.677083333333332,97.87916666666666,,,
2011-11-15,18.96,16.34,100.0,94.5,5.341,,,32.23,0.9432526,-0.9632845999999999,,,,24.0,17.285416666666666,95.62916666666666,,,
2011-11-16,18.78,16.02,99.5,80.9,6.263,,,33.6,0.8356745,-0.6101200999999999,,,,24.0,19.274583333333332,80.09625,,,
2011-11-17,23.26,16.03,96.7,58.35,13.13,,,0.0,0.9545237999999999,-0.463642,,,,24.0,20.4275,78.17625,,,
2011-11-18,26.54,15.44,98.2,46.38,36.71,,,0.0,0.8042695999999999,-0.4079828,,,,24.0,19.80125,81.02333333333333,,,
2011-11-19,23.94,16.41,98.3,52.29,23.14,,,4.115,0.661526,-0.40647069999999996,,,,24.0,20.66,75.31833333333333,,,
2011-11-20,25.2,16.2,94.6,53.02,29.66,,,0.0,0.5547352,-0.6602409,,,,24.0,20.79041666666667,82.42458333333333,,,
2011-11-21,25.37,16.89,96.1,66.02,28.22,,,1.854,0.5522079,-0.8585746999999999,,,,24.0,21.984583333333333,84.27416666666666,,,
2011-11-22,25.09,20.26,93.8,71.4,18.86,,,0.0,0.6402743,-0.9799515999999999,,,,24.0,22.70625,86.42958333333333,,,
2011-11-23,28.31,20.13,98.6,59.71,21.52,,,8.23,0.9145650999999999,-0.7715738999999999,,,,24.0,22.908749999999998,76.77208333333333,,,
2011-11-24,26.53,19.48,98.6,53.47,34.89,,,0.0,1.266792,-0.43911249999999996,,,,24.0,22.425833333333333,75.00833333333334,,,
2011-11-25,26.61,19.79,91.8,58.21,28.47,,,0.0,1.311146,-0.9143013999999999,,,,24.0,22.3125,85.47041666666667,,,
2011-11-26,26.8,19.55,97.3,71.42,21.88,,,0.0,1.058619,-1.072756,,,,24.0,23.46666666666667,83.71666666666667,,,
2011-11-27,27.14,20.94,95.5,66.56,28.5,,,0.0,1.008809,-1.125666,,,,24.0,22.4575,89.39333333333333,,,
2011-11-28,25.06,20.91,96.4,79.25,9.5,,,2.057,1.064759,-1.055024,,,,24.0,22.729166666666668,91.84291666666667,,,
2011-11-29,26.76,20.94,98.8,73.46,22.4,,,3.429,1.030667,-1.031327,,,,24.0,22.671666666666667,91.54375,,,
2011-11-30,25.51,20.9,99.7,77.56,13.08,,,2.743,0.8265982,-1.01103,,,,24.0,24.465,84.5525,,,
2011-12-01,29.9,20.5,98.5,61.52,34.3,,,0.914,0.9255568999999999,-0.9863864,,,,24.0,21.928749999999997,77.90458333333333,,,
2011-12-02,24.31,19.74,96.6,61.79,14.62,,,0.0,1.193342,-0.714793,,,,24.0,20.60625,68.57333333333334,,,
2011-12-03,23.41,18.5,84.6,55.24,14.44,,,0.0,1.150502,0.04581451,,,,24.0,20.94125,76.47500000000001,,,
2011-12-04,25.6,17.34,94.6,56.7,23.12,,,0.0,0.6804292,-0.41705929999999997,,,,24.0,21.601666666666663,78.81291666666667,,,
2011-12-05,25.62,18.31,95.6,56.9,20.57,,,0.0,0.5354544999999999,-0.5274099,,,,24.0,22.002916666666664,85.77625,,,
2011-12-06,26.8,18.88,97.0,69.08,23.32,,,2.057,0.6316617,-0.6855375,,,,24.0,22.015416666666667,90.15416666666665,,,
2011-12-07,25.24,19.95,98.0,80.2,12.5,,,0.914,0.6958272,-0.7073007,,,,24.0,23.832916666666666,86.64458333333333,,,
2011-12-08,27.3,21.46,95.0,73.76,28.41,,,0.0,0.7248654,-0.8021096999999999,,,,24.0,23.967916666666667,88.07833333333333,,,
2011-12-09,28.3,20.55,99.4,65.25,23.58,,,63.98,0.9222895999999999,-0.8284372999999999,,,,24.0,20.056250000000002,94.74166666666667,,,
2011-12-10,21.71,18.7,99.4,82.8,4.748,,,15.77,1.191646,-0.6509022,,,,24.0,21.821250000000003,85.60208333333333,,,
2011-12-11,25.99,18.93,99.3,60.95,19.38,,,1.143,1.152075,-0.8560407999999999,,,,24.0,22.802916666666665,80.76833333333333,,,
2011-12-12,26.86,20.73,96.9,57.58,26.23,,,0.686,1.130611,-1.167285,,,,24.0,23.787499999999998,82.30708333333332,,,
2011-12-13,27.45,19.65,95.3,64.67,37.63,,,0.0,0.9499692999999999,-1.022489,,,,24.0,23.030833333333334,88.40833333333335,,,
2011-12-14,28.66,19.7,98.3,66.85,19.84,,,67.16,1.017375,-0.8673495999999999,,,,24.0,21.991666666666664,92.45166666666667,,,
2011-12-15,26.09,19.85,99.3,70.46,16.81,,,10.97,1.233448,-0.6188445,,,,24.0,23.53375,87.19833333333334,,,
2011-12-16,29.01,17.85,98.5,64.25,33.54,,,20.37,0.9690206,-0.7422065999999999,,,,24.0,23.708333333333332,77.11291666666666,,,
2011-12-17,29.68,18.29,97.9,48.51,31.18,,,0.0,0.9758686999999999,-0.6316668,,,,24.0,25.56458333333333,69.50333333333333,,,
2011-12-18,33.0,18.58,95.0,36.42,32.5,,,0.0,0.7913053,-0.6253974,,,,24.0,26.949583333333333,66.20875,,,
2011-12-19,35.45,21.3,94.3,25.92,35.93,,,0.0,0.7763850999999999,-0.46049209999999996,,,,24.0,25.890416666666667,75.21583333333334,,,
2011-12-20,30.69,21.27,94.4,52.26,35.46,,,0.0,0.7875376,-0.48471529999999996,,,,24.0,27.763333333333335,59.407916666666665,,,
2011-12-21,36.47,20.52,93.0,21.19,38.25,,,0.0,0.9014517999999999,-2.310676,,,,24.0,26.31375,66.99875,3.0698765432098765,,
2011-12-22,33.32,24.76,87.3,39.64,6.135,,,0.0,0.9187173999999999,-0.5996791,,,,24.0,26.752916666666668,75.53083333333333,2.2495833333333333,,
2011-12-23,30.84,22.59,95.2,55.39,28.98,,,0.0,0.9468650999999999,-0.8524674,,,,24.0,27.44458333333333,69.03750000000001,2.283599537037037,,
2011-12-24,36.33,22.27,88.1,40.21,30.12,,,0.0,0.9863114,-0.8842947,,,,24.0,25.159166666666668,82.0775,3.4125578703703705,,
2011-12-25,30.16,21.31,98.3,58.76,26.91,,,41.99,1.184831,-0.5820596,,,,24.0,20.65875,96.52916666666665,3.313009259259259,,
2011-12-26,21.94,18.37,99.1,92.1,6.256,,,20.12,1.457224,-0.72501,,,,24.0,20.60125,86.32791666666667,2.406527777777778,,
2011-12-27,22.52,18.22,99.4,71.6,8.88,,,2.515,1.2488920000000001,-0.9451466,,,,24.0,22.377916666666668,82.75125,2.067488425925926,,
2011-12-28,26.81,18.82,93.9,63.73,22.46,,,0.0,1.056024,-0.9923791999999999,,,,24.0,21.138749999999998,91.52499999999999,2.601701388888889,,
2011-12-29,22.94,18.83,99.5,71.18,8.55,,,22.86,1.122935,-0.8601386999999999,,,,24.0,21.367500000000003,81.935,1.8712037037037037,,
2011-12-30,26.42,18.05,97.5,57.43,17.22,,,0.229,1.021934,-0.8364054999999999,,,,24.0,22.058333333333334,86.20583333333333,1.9392708333333333,,
2011-12-31,25.89,18.94,98.3,67.07,17.75,,,4.115,0.9108335999999999,-0.8949963999999999,,,,24.0,21.201249999999998,97.95,2.0085300925925926,,
2012-01-01,22.83,20.23,99.9,92.9,4.134,,,64.44,0.7908632999999999,-0.7844318,,,,24.0,21.124166666666667,95.79166666666667,2.7402662037037033,,147.48017391304347
2012-01-02,23.51,19.89,99.8,81.9,12.21,6.65,,33.5,0.6361914,-0.5942429,,,,24.0,23.41416666666667,79.475,2.4687384259259257,,404.12224999999995
2012-01-03,28.6,19.01,98.8,52.35,34.89,7.480555555555555,,0.229,0.7374259999999999,-0.2890635,,,,24.0,24.27208333333333,76.43625,2.4219907407407404,,449.42516666666666
2012-01-04,30.23,19.16,97.9,34.94,38.81,8.71111111111111,,0.0,0.7973106,-0.1256254,,,,24.0,24.349999999999998,76.88916666666667,2.792939814814815,,379.876875
2012-01-05,28.86,21.0,94.9,46.16,32.79,9.080555555555554,,0.686,0.8977179999999999,-0.16738699999999998,,,,24.0,23.329583333333332,84.87166666666667,2.6808564814814813,,251.72175000000001
2012-01-06,27.74,20.65,95.9,63.38,21.74,8.161111111111111,,7.315,0.9974966,-0.41525029999999996,,,,24.0,24.645416666666666,83.8,2.2605902777777778,,343.67141666666663
2012-01-07,28.81,21.76,94.9,66.91,29.67,8.05,,0.0,0.9175591,-0.5744408,,,,24.0,24.81833333333333,83.99291666666666,3.4046180555555554,,369.0910416666666
2012-01-08,28.89,20.88,96.1,62.13,31.86,9.95,,0.229,1.034448,-0.8283486,,,,24.0,23.99625,92.44583333333333,2.141712962962963,,95.93354166666667
2012-01-09,26.93,22.8,96.9,79.18,8.28,7.6611111111111105,,11.46,1.15076,-0.692715,,,,24.0,24.0725,87.58375000000001,3.5327662037037033,,288.52679166666667
2012-01-10,27.65,21.28,97.8,69.2,24.91,10.9,,7.798,1.168171,-1.212542,,,,24.0,23.330416666666665,89.53875,2.2262037037037037,,201.115875
2012-01-11,26.56,21.11,98.6,74.52,17.36,7.519444444444444,,8.69,0.9208008999999999,-1.322285,,,,24.0,24.67625,85.55333333333334,2.124976851851852,,333.168375
2012-01-12,29.24,21.04,99.4,62.61,28.77,9.88888888888889,,1.8290000000000002,0.9227985999999999,-1.207384,,,,24.0,25.805833333333336,80.86583333333333,2.1899189814814815,,395.8152083333334
2012-01-13,30.25,21.66,98.4,58.8,34.17,8.380555555555556,,0.0,0.8988438,-1.258152,,,,24.0,25.537499999999998,84.845,2.0341898148148148,,309.89495833333336
2012-01-14,30.31,22.04,97.8,55.44,26.75,10.711111111111112,,11.66,1.065284,-0.7038291,,,,24.0,24.538749999999997,92.6075,1.7205439814814814,,134.55225
2012-01-15,30.43,22.33,99.2,66.34,11.62,6.280555555555555,,15.77,1.232119,-0.576759,,,,24.0,23.99875,88.71791666666667,1.8008333333333333,,101.41516666666666
2012-01-16,27.39,22.03,98.5,68.52,8.76,5.930555555555556,,1.8290000000000002,0.9523511,-0.593227,,,,24.0,23.902083333333334,89.26458333333333,2.394537037037037,,215.46204166666666
2012-01-17,27.18,21.52,99.4,74.07,18.61,7.438888888888889,,2.743,0.7312326,-0.5905041999999999,,,,24.0,23.885833333333334,88.56083333333333,2.8471412037037034,,284.2019166666667
2012-01-18,27.49,20.8,99.1,69.06,24.54,7.6194444444444445,,14.53,0.75824,-0.527687,,,,24.0,22.910833333333333,91.49000000000001,1.7657407407407408,,123.272
2012-01-19,26.34,20.82,99.2,69.39,10.64,5.199999999999999,,4.801,0.7617611999999999,-0.6285542,,,,24.0,23.758750000000003,84.10166666666667,2.112685185185185,,374.86829166666666
2012-01-20,28.3,19.78,100.0,55.25,32.36,8.080555555555556,,0.0,0.6754899,-0.7133246999999999,,,,24.0,25.87708333333333,81.72791666666667,2.3959375,,424.05358333333334
2012-01-21,30.61,21.4,97.7,60.66,36.61,9.249999999999998,,0.0,0.6953585,-0.6936367999999999,,,,24.0,24.918333333333333,88.39916666666666,1.8569560185185185,,231.96804166666666
2012-01-22,31.46,22.28,98.5,61.02,20.03,6.419444444444444,,8.05,0.916918,-0.8059765,,,,24.0,25.237916666666667,85.48208333333334,1.9157407407407405,,354.808125
2012-01-23,30.3,21.41,99.9,61.5,30.63,9.16111111111111,,0.0,1.045966,-0.9483672,,,,24.0,25.0825,88.67,2.024155092592592,,288.71208333333334
2012-01-24,30.86,22.69,97.9,58.74,24.93,6.96111111111111,,11.99,1.045369,-1.248087,,,,24.0,26.608333333333334,83.32916666666667,2.3280787037037034,,391.30329166666667
2012-01-25,31.43,22.83,99.2,61.11,33.79,8.030555555555555,,1.3719999999999999,1.063591,-1.042254,,,,24.0,24.465833333333336,91.96666666666665,2.637060185185185,,130.38991666666666
2012-01-26,30.25,20.04,98.5,70.88,11.26,9.8,,29.13,1.1316869999999999,-0.9423958,,,,24.0,20.935,89.39583333333333,2.3707523148148146,,97.0055
2012-01-27,23.76,19.33,98.8,66.57,8.37,9.9,,5.029,1.186171,-0.7905219,,,,24.0,20.120416666666667,91.08833333333332,2.704166666666667,,134.26570833333332
2012-01-28,24.03,17.83,98.5,66.49,11.59,7.111111111111112,,11.94,1.037968,-1.055969,,,,24.0,22.06833333333333,82.83541666666666,2.317974537037037,,397.78849999999994
2012-01-29,26.96,17.46,99.3,58.47,34.34,7.361111111111111,,0.0,0.5994413,-1.130827,,,,24.0,23.482083333333335,78.95291666666667,2.4138425925925926,,427.6745416666667
2012-01-30,27.5,18.82,98.2,56.56,36.93,7.688888888888888,,0.0,0.5490053,-1.051837,,,,24.0,24.354166666666668,76.89333333333333,2.411273148148148,,431.29679166666665
2012-01-31,28.78,19.22,96.6,57.57,37.24,9.96111111111111,,0.0,0.502857,-0.9368691,,,,24.0,24.875833333333333,75.64791666666666,2.66974537037037,,430.96075
2012-02-01,29.06,20.88,95.7,50.0,37.21,10.630555555555556,,0.0,0.4021785,-0.7352820999999999,,,,24.0,24.974166666666665,80.08666666666666,2.592650462962963,,415.502
2012-02-02,29.02,20.38,94.8,61.3,35.88,9.438888888888888,,0.0,0.49939419999999995,-0.5518237,,,,24.0,25.902916666666666,84.00125,2.244710648148148,,329.1859166666666
2012-02-03,29.85,22.22,95.6,69.91,28.43,7.680555555555555,,0.0,0.6266739,-0.39760779999999996,,,,24.0,26.614583333333332,84.14666666666666,2.7537037037037035,,402.8476666666666
2012-02-04,30.01,23.84,97.2,67.77,34.78,8.130555555555555,,0.0,0.6171124,-0.5936809,,,,24.0,27.126666666666665,83.87916666666666,2.3386689814814816,,362.77004166666666
2012-02-05,31.52,23.98,95.0,66.02,31.33,9.35,,0.0,0.7223191,-0.6740659,,,,24.0,27.251666666666665,86.82,2.624490740740741,,296.8140833333334
2012-02-06,30.94,24.88,97.2,70.69,25.63,8.530555555555555,,0.0,0.8869895999999999,-0.9009147999999999,,,,24.0,27.570833333333336,84.71833333333333,2.0535532407407406,,345.7033333333334
2012-02-07,32.3,24.03,97.9,67.13,29.85,7.169444444444444,,0.0,1.024306,-1.020135,,,,24.0,26.82875,80.44625,2.151388888888889,,253.751125
2012-02-08,34.28,23.03,96.7,48.18,21.91,11.530555555555555,,10.44,1.180132,-2.281607,,,,24.0,24.995,91.04583333333333,2.0064583333333332,,105.37595833333334
2012-02-09,27.84,22.74,98.4,81.7,9.1,5.919444444444444,,0.229,1.340097,-0.8942519,,,,24.0,26.13291666666667,90.17791666666666,2.173923611111111,,270.56470833333333
2012-02-10,32.86,21.5,99.6,63.19,23.36,16.288888888888888,,59.94,1.394147,-1.066032,,,,24.0,22.50375,95.84583333333335,2.309548611111111,,58.267125
2012-02-11,25.88,19.99,99.8,80.3,5.031,8.330555555555556,,10.74,1.342264,-0.7501099,,,,24.0,22.865,86.38958333333333,1.8329513888888889,,315.2710416666667
2012-02-12,27.35,19.61,100.0,62.03,27.22,7.188888888888888,,3.886,1.396796,-0.7489163999999999,,,,24.0,25.0575,80.85041666666667,2.3961574074074075,,414.41525
2012-02-13,29.32,20.9,97.5,59.66,35.78,8.338888888888889,,0.229,1.017247,-0.7418264999999999,,,,24.0,24.92833333333333,82.77416666666666,2.575300925925926,,276.813125
2012-02-14,29.09,21.95,97.1,59.63,23.9,8.338888888888889,,0.229,0.8241866,-0.5907483,,,,24.0,24.76625,89.20583333333333,1.9435185185185186,,170.77616666666665
2012-02-15,27.78,22.27,96.3,78.21,14.74,5.569444444444445,,0.229,0.5001144,-0.6371188,,,,24.0,25.500416666666666,85.83749999999999,2.205636574074074,,344.0452916666666
2012-02-16,29.43,22.29,98.9,67.56,29.7,7.45,,0.0,0.6682229,-0.7352685,,,,24.0,26.0825,81.4025,2.6535300925925926,,390.9864166666667
2012-02-17,29.4,23.35,96.3,65.66,33.76,8.980555555555554,,0.0,0.6302571,-0.8502455999999999,,,,24.0,25.4525,81.81125,2.49880787037037,,358.50375
2012-02-18,28.84,22.38,95.1,65.24,30.95,9.261111111111111,,0.0,0.7618121999999999,-0.8118158999999999,,,,24.0,25.863333333333333,84.0625,2.3893981481481483,,349.77595833333334
2012-02-19,29.48,22.93,96.3,66.64,30.2,8.85,,0.0,0.7291262,-0.8371263,,,,24.0,27.232916666666668,82.36375,2.309409722222222,,385.5204166666667
2012-02-20,31.68,23.77,95.8,62.97,33.28,10.811111111111112,,0.0,0.8525345,-0.906743,,,,24.0,27.01,82.0775,2.4677083333333334,,388.748125
2012-02-21,31.76,24.09,97.2,58.25,33.56,8.380555555555556,,0.0,0.9988942,-1.011134,,,,24.0,25.982916666666668,83.33125,2.575381944444444,,323.82554166666665
2012-02-22,31.44,22.84,95.5,62.39,27.96,9.930555555555555,,3.2,1.180134,-1.149174,,,,24.0,25.437083333333334,86.59875,1.7108912037037036,,183.73749999999998
2012-02-23,31.34,22.54,98.3,59.4,15.86,8.799999999999999,,11.53,1.141039,-1.169052,,,,24.0,25.94541666666667,86.15916666666668,2.243587962962963,,267.9555
2012-02-24,30.46,23.11,97.3,67.81,23.14,6.8999999999999995,,0.457,1.274295,-1.008143,,,,24.0,25.492500000000003,88.65791666666667,2.030173611111111,,185.72341666666668
2012-02-25,28.08,23.69,96.7,76.57,16.04,5.538888888888889,,3.2,1.013241,-1.185367,,,,24.0,24.852083333333336,92.4875,1.954965277777778,,149.81104166666665
2012-02-26,27.7,22.28,99.3,79.46,12.93,6.0,,7.772,1.05963,-0.9902171999999999,,,,24.0,26.988333333333333,85.87,1.500358796296296,,249.74029166666665
2012-02-27,35.04,23.44,99.7,54.2,21.57,8.680555555555555,,20.42,0.6882787,-1.120129,,,,24.0,25.160833333333333,89.78291666666667,1.7563541666666664,,133.63762499999999
2012-02-28,28.82,22.96,98.6,73.55,11.53,5.5888888888888895,,2.972,0.6956359999999999,-0.8989378,,,,24.0,24.51375,92.17958333333333,1.5850810185185187,,168.42354166666667
2012-02-29,29.62,22.43,98.9,67.66,14.54,5.961111111111111,,2.515,0.6726561,-0.6632528999999999,,,,24.0,26.219166666666666,86.81875000000001,2.346134259259259,,361.62808333333334
2012-03-01,31.62,21.91,100.0,61.72,31.23,8.219444444444445,,3.912,0.5624614,-0.4969592,,,,24.0,27.392916666666665,84.36375,2.2836689814814815,,376.9075833333333
2012-03-02,33.19,22.88,98.6,59.9,32.54,8.438888888888888,,0.0,0.5628304,-0.40058309999999997,,,,24.0,26.92125,73.95958333333333,3.221770833333333,,287.3279166666667
2012-03-03,31.03,24.0,90.3,52.07,24.81,9.680555555555555,,0.0,0.7095106,-0.371233,,,,24.0,24.145416666666666,87.38125000000001,2.1357523148148148,,109.78954166666666
2012-03-04,26.13,22.24,98.6,76.7,9.48,6.438888888888888,,10.52,0.7729895,-0.5161232,,,,24.0,25.027916666666666,86.5125,2.2064583333333334,,288.4508333333333
2012-03-05,28.97,22.14,98.9,69.81,24.91,7.288888888888888,,3.658,0.7828064,-0.8690327,,,,24.0,26.04958333333333,79.78208333333333,2.4912152777777776,,383.10833333333335
2012-03-06,29.66,22.83,97.3,58.24,33.08,9.380555555555556,,0.0,0.8597872,-0.8706790999999999,,,,24.0,25.934583333333332,78.98166666666667,2.211215277777778,,375.19875
2012-03-07,29.95,22.04,96.3,58.3,32.4,7.561111111111111,,0.0,0.993552,-1.019,,,,24.0,25.82875,78.46333333333334,2.2322106481481483,,370.06750000000005
2012-03-08,30.39,22.43,96.7,54.52,31.95,8.488888888888889,,0.0,1.007303,-1.129555,,,,24.0,25.02416666666667,78.97291666666666,2.1785069444444445,,378.34375
2012-03-09,30.33,20.91,96.6,47.6,32.67,8.469444444444443,,0.0,1.194091,-1.077153,,,,24.0,24.70875,79.635,2.0728935185185184,,372.84625
2012-03-10,29.22,20.46,97.7,57.06,32.2,7.630555555555555,,0.0,1.301007,-1.135202,,,,24.0,24.602500000000003,81.7475,2.2897685185185184,,366.57083333333327
2012-03-11,29.32,20.49,97.3,57.34,31.64,8.619444444444445,,0.0,1.248705,-1.193845,,,,24.0,25.65041666666667,83.18833333333333,2.3803935185185185,,358.00416666666666
2012-03-12,30.7,21.61,97.0,64.6,30.91,8.511111111111111,,0.0,0.9990587,-1.364745,,,,24.0,25.319999999999997,84.85666666666667,2.183900462962963,,325.4775416666667
2012-03-13,30.16,22.17,100.0,61.52,28.1,8.161111111111111,,0.0,0.9743097,-1.137187,,,,24.0,25.3175,84.83083333333333,2.2803125,,355.37875
2012-03-14,29.5,21.76,98.3,67.13,30.68,8.338888888888889,,0.0,0.7760469999999999,-0.7481683,,,,24.0,25.26,88.28708333333333,2.5060648148148146,,299.51466666666664
2012-03-15,30.27,22.01,99.3,64.99,25.86,13.330555555555556,,0.686,0.7584261999999999,-0.7336290999999999,,,,24.0,22.64708333333333,88.68541666666665,2.0069907407407404,,53.594458333333336
2012-03-16,24.86,19.12,95.9,77.41,4.627,7.1499999999999995,,0.686,1.035125,-0.4988486,,,,24.0,22.733333333333334,79.18124999999999,2.409988425925926,,201.73420833333333
2012-03-17,27.28,19.35,95.9,57.38,17.42,6.3999999999999995,,1.143,1.049573,-0.3364104,,,,24.0,23.08458333333333,82.62458333333333,1.8575810185185186,,218.4195
2012-03-18,27.2,19.54,98.6,56.17,18.86,6.1611111111111105,,0.0,0.673754,-0.5974959,,,,24.0,22.765,83.49625,2.0482175925925925,,240.717625
2012-03-19,26.86,19.64,96.9,66.12,20.79,7.25,,0.914,0.6880178,-0.728623,,,,24.0,23.47458333333333,79.075,2.0207523148148145,,312.09391666666664
2012-03-20,28.71,19.76,97.4,47.36,26.95,8.13888888888889,,3.886,0.7471182,-0.9634798,,,,24.0,22.790833333333335,82.56583333333333,2.4092592592592594,,350.3313333333333
2012-03-21,27.38,18.68,95.7,63.26,30.25,8.78888888888889,,0.0,0.9979994,-0.9572872,,,,24.0,24.052083333333332,86.00333333333333,2.458321759259259,,322.9447916666667
2012-03-22,29.18,20.2,99.6,64.85,27.89,9.2,,0.229,1.128785,-1.01159,,,,24.0,22.587500000000002,91.34166666666665,1.9182407407407407,,60.24633333333333
2012-03-23,24.63,21.13,97.2,83.4,5.202,5.261111111111111,,7.5440000000000005,1.038434,-2.276498,,,,24.0,23.154583333333335,85.38833333333334,1.7705555555555554,,216.59079166666666
2012-03-24,27.01,19.79,96.3,64.5,18.7,6.580555555555556,,0.0,0.41968439999999996,-1.7163849999999998,,,,24.0,23.48875,82.84583333333333,3.1200694444444443,,269.941125
2012-03-25,26.91,21.42,95.5,67.51,23.31,9.080555555555554,,0.0,0.5703100999999999,-1.538954,,,,24.0,22.373333333333335,79.69333333333334,1.5144444444444443,,93.16320833333333
2012-03-26,24.95,20.12,90.9,67.92,8.04,4.088888888888889,,0.0,0.3112309,-1.6814049999999998,,,,24.0,24.28708333333333,84.73291666666667,1.8704629629629628,,265.51420833333333
2012-03-27,27.76,20.88,98.2,67.79,22.92,7.46111111111111,,0.0,0.9559072999999999,-2.291347,,,,24.0,22.83583333333333,89.64166666666667,1.9957175925925925,,69.74691666666668
2012-03-28,26.84,20.42,99.1,68.13,6.022,6.499999999999999,,21.46,0.8766992,-0.7489275999999999,,,,24.0,19.954166666666666,57.61708333333333,3.487800925925926,,356.98875
2012-03-29,25.49,15.49,80.2,20.63,17.61,7.080555555555555,,0.0,1.045356,-0.05568743,,,,24.0,19.035833333333333,74.95333333333333,2.289039351851852,,315.07375
2012-03-30,24.79,13.66,91.4,53.46,27.21,7.969444444444445,,0.0,0.8787427,0.009517431,,,,24.0,22.112083333333334,80.03083333333333,2.300451388888889,,298.8255
2012-03-31,27.1,17.95,94.9,55.33,25.8,6.838888888888889,,3.708,0.5650305999999999,-0.2818207,,,,24.0,22.120833333333334,87.84375,2.6045023148148148,,140.995125
2012-04-01,25.97,19.85,96.1,66.95,12.17,7.388888888888889,,4.115,0.7871435,-0.30706659999999997,,,,24.0,21.170833333333334,91.66583333333334,1.7637268518518516,,138.21495833333333
2012-04-02,25.42,19.52,98.0,75.5,11.93,5.419444444444445,,23.9,0.8880743999999999,-0.565738,,,,24.0,22.192916666666665,87.07333333333334,1.9201273148148148,,308.16875
2012-04-03,27.1,18.79,99.2,62.77,26.61,7.719444444444444,,0.0,0.8873386,-0.6428501999999999,,,,24.0,23.086250000000003,86.08333333333333,2.1144675925925926,,316.4795
2012-04-04,27.59,20.01,99.7,64.22,27.32,8.269444444444444,,0.0,0.980819,-0.7168641,,,,24.0,23.39375,86.6875,1.8488425925925924,,261.238375
2012-04-05,28.42,20.0,99.9,60.0,22.56,6.261111111111111,,0.0,1.224981,-0.6636943,,,,24.0,23.219166666666666,87.20208333333333,2.7885185185185186,,268.92741666666666
2012-04-06,27.78,20.27,99.6,69.6,23.22,17.019444444444446,,23.55,1.331442,-0.9700078,,,,24.0,23.175,75.25333333333333,2.7054513888888887,,310.3114583333333
2012-04-07,27.8,19.47,88.5,53.37,26.79,7.069444444444444,,0.0,1.2415669999999999,-0.9041937999999999,,,,24.0,23.314999999999998,85.44458333333334,1.71875,,148.37570833333334
2012-04-08,26.54,20.54,95.4,71.04,12.81,6.1194444444444445,,0.0,1.514325,-0.5819679,,,,24.0,22.902916666666666,92.73583333333333,1.423773148148148,,71.73433333333334
2012-04-09,27.04,19.94,98.0,76.78,6.193,6.35,,6.858,1.400876,-0.7829980999999999,,,,24.0,21.906666666666666,89.75,2.173298611111111,,80.60520833333334
2012-04-10,24.95,18.8,97.6,79.93,6.96,7.119444444444444,,0.229,1.382779,-0.6045594,,,,24.0,23.598333333333333,92.04166666666667,1.7569212962962961,,188.83266666666665
2012-04-11,27.27,20.68,98.2,76.83,16.31,7.469444444444444,,2.083,1.128195,-0.6368777999999999,,,,24.0,24.082916666666666,93.08708333333334,1.9632291666666666,,207.68504166666665
2012-04-12,27.54,21.76,100.0,75.16,17.93,7.161111111111111,,12.8,0.8621656999999999,-0.9242429,,,,24.0,24.958333333333332,89.07666666666667,1.676423611111111,,221.55549999999997
2012-04-13,30.34,21.67,100.0,63.83,19.13,5.430555555555555,,0.229,0.9032836,-0.7261192,,,,24.0,24.36791666666667,89.98208333333334,1.7497685185185183,,131.35266666666666
2012-04-14,27.07,22.55,98.2,76.19,11.34,5.55,,0.457,1.136038,-0.4350158,,,,24.0,24.10875,95.22500000000001,1.3519675925925927,,96.77425
2012-04-15,27.14,22.33,99.8,81.8,8.36,7.419444444444444,,10.82,1.032176,-0.4674984,,,,24.0,23.45958333333333,85.23333333333333,2.243136574074074,,157.24333333333334
2012-04-16,27.85,20.22,99.9,62.34,13.58,6.461111111111111,,0.0,0.9185692999999999,-0.4137203,,,,24.0,22.14,82.33333333333333,2.235138888888889,,280.74991666666665
2012-04-17,25.58,18.98,97.4,55.07,24.24,6.661111111111111,,0.0,0.9962181999999999,-0.3570317,,,,24.0,22.071250000000003,84.47958333333334,1.8916319444444445,,242.4665
2012-04-18,26.0,19.23,97.2,61.55,20.94,6.75,,0.0,0.9363418,-0.6500018,,,,24.0,22.257916666666663,85.77125000000001,1.7885532407407407,,262.5500416666667
2012-04-19,24.33,21.21,91.1,77.01,0.125,5.838888888888889,65.0,0.0,0.4760368,-0.9297985,19.71,21.43,21.43,24.0,22.355416666666667,86.77208333333334,1.739097222222222,,234.7480833333333
2012-04-20,26.57,19.06,99.2,64.07,20.27,7.919444444444444,84.0,0.0,0.9513235,-0.9301539999999999,20.47,21.19,21.19,24.0,22.993750000000002,88.37083333333334,1.6080787037037034,,141.00075
2012-04-21,26.12,20.44,97.4,71.54,12.17,4.811111111111111,120.0,0.0,1.109896,-0.9194467,21.71,22.79,22.79,24.0,22.07375,91.92083333333333,1.4710185185185185,,90.52779166666666
2012-04-22,25.36,19.85,98.8,74.57,7.816,5.71111111111111,159.0,3.2,1.226834,-0.784032,20.8,21.35,21.35,24.0,20.503333333333334,84.33624999999999,2.395891203703704,,167.09041666666667
2012-04-23,24.33,16.46,98.9,61.86,14.43,8.78888888888889,127.0,0.229,1.373508,-0.6845467,17.57,20.04,20.04,24.0,20.995833333333334,84.67041666666667,2.0897685185185186,,235.07129166666667
2012-04-24,24.55,17.81,95.6,70.27,20.3,7.3694444444444445,129.0,0.457,1.42686,-0.4921192,18.61,20.27,20.27,24.0,19.774166666666666,81.80416666666666,2.0651504629629627,,49.707375000000006
2012-04-25,20.95,18.44,90.7,70.77,4.292,7.088888888888889,128.0,0.0,1.365715,-0.3453805,16.74,18.79,18.79,24.0,18.155833333333334,96.04166666666667,1.9224652777777778,,41.452625000000005
2012-04-26,19.71,16.56,99.1,87.2,3.5789999999999997,5.919444444444444,264.0,11.2,1.179739,-0.3826264,17.51,17.84,17.84,24.0,17.90375,99.36666666666667,2.087743055555556,,22.764166666666668
2012-04-27,18.55,17.09,100.0,95.8,1.9649999999999999,7.180555555555555,261.0,92.6,0.9384254999999999,-0.3743728,17.08,17.09,17.09,24.0,19.919166666666666,85.93208333333332,2.1980092592592593,,217.16454166666668
2012-04-28,24.74,16.71,100.0,58.06,18.75,7.861111111111111,126.0,0.229,1.130565,-0.38362779999999996,16.3,19.45,19.45,24.0,17.618333333333336,89.925,1.9993402777777778,,34.179916666666664
2012-04-29,19.6,16.18,100.0,76.17,2.9530000000000003,12.569444444444445,82.0,34.01,0.9518123,-0.04769254,17.0,17.51,17.51,24.0,19.599166666666665,80.07541666666667,2.3583912037037034,,178.61270833333333
2012-04-30,24.19,16.5,99.7,54.47,15.42,8.1,185.0,0.0,1.037133,-0.26190579999999997,12.01,17.95,17.95,24.0,17.258333333333333,63.696666666666665,3.330972222222222,,241.978125
2012-05-01,20.71,12.86,86.8,40.51,20.89,11.31111111111111,231.0,0.0,1.159685,-0.043364520000000004,9.2,13.18,13.18,24.0,16.52,64.82833333333333,2.2926736111111112,,240.9127083333333
2012-05-02,21.89,9.78,85.5,41.12,20.8,5.988888888888888,203.0,0.0,1.120987,-0.26281000000000004,13.82,17.01,17.01,24.0,18.06833333333333,80.02125,1.985474537037037,,205.66324999999998
2012-05-03,23.37,13.9,94.8,56.18,17.76,7.030555555555555,127.0,0.0,1.1227719999999999,-0.6920729999999999,15.74,17.15,17.15,24.0,19.223333333333333,90.1225,1.857337962962963,,165.69083333333333
2012-05-04,24.47,15.72,98.4,72.72,14.3,5.030555555555555,100.0,1.143,0.9179748999999999,-0.874498,18.96,19.25,19.25,24.0,21.00375,87.10125,1.9265393518518517,,222.33491666666666
2012-05-05,25.6,18.21,100.0,57.03,19.2,6.111111111111111,79.0,0.914,0.9661495999999999,-1.024842,18.41,19.28,19.28,24.0,20.49125,91.07,1.493275462962963,,142.12458333333333
2012-05-06,24.51,18.34,99.4,68.97,12.27,5.361111111111112,219.0,11.43,1.099748,-1.042327,18.23,18.34,18.34,24.0,20.067083333333333,91.57458333333334,1.8950925925925926,,148.61029166666665
2012-05-07,24.01,17.52,100.0,71.94,12.83,6.661111111111111,98.0,0.0,1.275827,-0.864162,18.4,18.85,18.85,24.0,20.368750000000002,90.52333333333333,1.481122685185185,,167.58316666666664
2012-05-08,23.94,16.87,99.5,70.61,14.47,5.361111111111112,115.0,0.0,1.166096,-0.9121604999999999,18.8,19.07,19.07,24.0,20.455000000000002,92.66666666666667,1.4532523148148149,,148.21408333333332
2012-05-09,23.83,17.63,100.0,75.32,12.8,5.780555555555555,82.0,0.914,0.9113528999999999,-1.243367,17.45,17.63,17.63,24.0,19.534166666666668,91.205,1.4541782407407406,,213.88316666666665
2012-05-10,24.33,16.67,100.0,69.53,18.47,6.269444444444444,81.0,0.0,1.00704,-1.120749,18.33,18.7,18.7,24.0,20.576249999999998,91.24916666666667,1.5497337962962963,,197.39991666666666
2012-05-11,24.84,17.79,99.7,74.7,17.04,6.388888888888888,70.0,0.0,1.088775,-0.6322643,18.33,18.74,18.74,24.0,20.414583333333333,89.65125,1.5097569444444445,,115.97762499999999
2012-05-12,27.59,16.44,100.0,57.97,10.01,7.219444444444444,308.0,2.743,1.049109,-0.5591668,17.93,18.51,18.51,24.0,20.923333333333336,82.05791666666666,2.651388888888889,,202.71020833333333
2012-05-13,27.26,16.82,97.9,52.05,17.5,9.361111111111112,228.0,0.0,1.190564,-0.4205884,16.99,19.01,19.01,24.0,18.56833333333333,84.06458333333333,1.497638888888889,,46.83116666666666
2012-05-14,19.94,16.92,95.5,67.2,4.043,4.588888888888889,119.0,0.0,1.162414,-0.10097579999999999,15.28,17.09,17.09,24.0,17.020833333333332,82.30208333333333,1.416550925925926,,33.304625
2012-05-15,18.77,15.86,94.0,66.68,2.876,3.65,336.0,0.0,1.0498,0.028994080000000002,14.78,16.42,16.42,24.0,18.03291666666667,82.865,2.5503819444444447,,173.28449999999998
2012-05-16,21.94,15.11,94.8,64.6,14.96,6.438888888888888,98.0,0.229,0.8033754999999999,-0.3988062,16.18,17.01,17.01,24.0,17.59625,94.43333333333334,2.349016203703704,,80.155625
2012-05-17,20.14,15.96,99.1,80.2,6.921,7.988888888888889,96.0,14.71,0.7954211,-0.5529274,16.15,16.71,16.71,24.0,18.44875,88.96083333333333,2.3311342592592594,,171.03920833333333
2012-05-18,22.46,16.38,98.2,65.7,14.77,6.030555555555556,87.0,7.087,0.9135251,-0.7554598,16.18,16.49,16.49,24.0,18.449583333333333,90.53333333333335,1.9263541666666668,,173.81791666666666
2012-05-19,23.17,16.08,98.6,67.81,15.01,6.3999999999999995,105.0,1.8290000000000002,0.7943583,-1.039641,15.72,16.08,16.08,24.0,17.812916666666666,92.57041666666667,1.465775462962963,,130.064625
2012-05-20,22.11,14.13,100.0,73.99,11.23,5.469444444444445,114.0,1.6,0.7733209,-1.118976,17.66,17.91,17.91,24.0,18.615416666666665,96.37916666666666,1.727337962962963,,86.95299999999999
2012-05-21,21.66,16.61,100.0,85.7,7.507,6.419444444444444,82.0,7.112,0.8800414,-1.195413,17.24,17.5,17.5,24.0,19.05333333333333,94.32916666666667,1.2049999999999998,,138.17433333333332
2012-05-22,23.22,16.48,100.0,77.04,11.93,4.611111111111112,70.0,0.229,0.8931108,-1.142173,17.79,17.87,17.87,24.0,19.507083333333334,91.28333333333335,1.471747685185185,,182.44654166666666
2012-05-23,23.41,17.31,100.0,71.77,15.75,5.538888888888889,85.0,0.229,0.8708009999999999,-1.338485,18.26,18.47,18.47,24.0,18.985416666666666,93.51916666666666,1.601724537037037,,174.62604166666668
2012-05-24,23.25,15.78,100.0,74.55,15.08,5.988888888888888,69.0,0.0,1.027441,-1.031012,18.8,18.97,18.97,24.0,19.858333333333334,96.02499999999999,0.9237731481481481,,61.10720833333334
2012-05-25,22.11,17.81,100.0,86.5,5.276,2.9499999999999997,262.0,9.83,1.001345,-0.9285732999999999,18.78,18.78,18.78,24.0,19.429583333333333,92.04916666666666,3.0285069444444446,,136.75554166666666
2012-05-26,22.36,16.89,100.0,73.61,11.81,9.78888888888889,233.0,26.06,1.032328,-0.6366035999999999,16.68,17.01,17.01,24.0,20.080000000000002,84.32291666666667,1.1497685185185185,,191.98404166666668
2012-05-27,26.13,16.49,99.5,54.46,16.58,3.480555555555555,93.0,0.0,1.05916,-0.3612897,16.95,17.37,17.37,24.0,19.270833333333332,90.92791666666666,1.5353009259259258,,186.71808333333334
2012-05-28,23.69,15.34,100.0,71.37,16.12,5.738888888888889,71.0,0.0,0.8919176999999999,-0.3590366,19.3,19.79,19.79,24.0,21.166666666666668,91.72333333333334,1.5277199074074073,,207.233625
2012-05-29,26.31,17.74,100.0,70.73,17.89,4.211111111111111,80.0,0.0,0.7484101999999999,-0.43330959999999996,19.91,19.91,19.91,24.0,23.139583333333334,87.47375,1.2685300925925926,,204.92416666666668
2012-05-30,31.6,18.75,100.0,51.55,17.69,4.669444444444444,89.0,0.0,0.698678,-0.5025181,20.22,21.53,21.53,24.0,23.120833333333334,81.99249999999999,2.346041666666667,,129.5215
2012-05-31,30.8,19.49,97.5,47.87,11.18,12.469444444444445,140.0,0.686,1.029891,-0.45834369999999997,16.39,20.2,20.2,24.0,17.844166666666666,88.17958333333333,1.8590162037037035,,22.666291666666666
2012-06-01,20.26,15.94,98.2,75.06,1.957,5.8999999999999995,102.0,2.743,1.155642,-0.2465093,15.72,16.03,16.03,24.0,16.555416666666666,93.37916666666666,1.8988541666666665,,49.82941666666667
2012-06-02,18.7,15.66,99.3,80.9,4.302,5.76111111111111,197.0,0.686,1.216992,-0.37618209999999996,15.06,16.12,16.12,24.0,18.56,90.20666666666666,1.6368749999999999,,163.806
2012-06-03,22.69,15.64,99.4,75.25,14.14,4.469444444444444,76.0,0.0,1.2259929999999999,-0.4623681,16.88,16.96,16.96,24.0,20.89625,91.53166666666665,1.4885069444444445,,46.22975
2012-06-04,23.46,16.92,100.0,73.39,3.991,6.188888888888889,333.0,0.457,1.202566,-0.6255651,19.42,19.42,19.42,24.0,16.3275,99.22083333333335,2.5225578703703704,,10.909666666666666
2012-06-05,19.81,14.18,100.0,92.0,0.9420000000000001,8.338888888888889,218.0,92.6,1.512063,-0.563094,14.34,14.41,14.41,24.0,13.926250000000001,95.57083333333333,2.107928240740741,,37.0575
2012-06-06,14.66,13.08,99.8,87.7,3.199,4.730555555555556,183.0,6.629,1.446857,-0.38569559999999997,12.81,14.09,14.09,24.0,14.464999999999998,93.17083333333333,1.5701388888888888,,38.30920833333334
2012-06-07,16.33,12.79,98.6,83.3,3.308,4.561111111111112,232.0,0.0,1.266928,-0.6508899,14.38,15.42,15.42,24.0,14.090416666666668,71.2775,3.167060185185185,,154.92758333333333
2012-06-08,16.0,11.69,95.6,46.8,13.38,8.580555555555556,218.0,0.457,1.278275,-0.670257,6.393,12.34,12.34,24.0,13.044166666666667,73.465,1.4490625000000001,,94.896
2012-06-09,16.17,10.09,91.5,58.66,8.19,3.8,216.0,0.0,1.347417,-0.2638862,11.74,13.3,13.3,24.0,13.2525,85.80375,1.4897685185185185,,49.90295833333334
2012-06-10,14.97,11.76,97.5,72.08,4.308,4.780555555555556,148.0,0.0,1.110476,-0.3214148,12.11,13.13,13.13,24.0,14.599583333333333,93.67916666666667,1.3055671296296296,,51.059416666666664
2012-06-11,16.98,12.92,100.0,83.8,4.408,4.819444444444445,205.0,18.52,1.239609,-0.38761019999999996,14.85,14.85,14.85,24.0,17.32125,93.52499999999999,1.908923611111111,,156.85008333333334
2012-06-12,22.69,14.58,100.0,76.4,13.54,6.730555555555555,109.0,17.83,1.01584,-0.3878894,17.09,17.53,17.53,24.0,18.322083333333335,95.325,1.1890277777777778,,74.16320833333333
2012-06-13,20.13,17.11,100.0,86.8,6.404,4.980555555555555,81.0,0.0,0.8245049,-0.34403239999999996,18.01,18.23,18.23,24.0,19.312916666666666,91.44583333333333,1.293425925925926,,142.3525
2012-06-14,23.47,16.97,100.0,74.11,12.29,6.138888888888889,57.0,0.0,0.7056395999999999,-0.2524064,17.09,17.14,17.14,24.0,18.50375,90.935,1.3245833333333332,,191.09154166666667
2012-06-15,24.23,15.06,100.0,62.7,16.5,5.038888888888889,82.0,0.0,0.6297113999999999,-0.5019885,16.06,16.12,16.12,24.0,17.3275,93.66791666666667,1.2532407407407407,,147.90854166666668
2012-06-16,22.02,13.9,100.0,75.01,12.77,3.8499999999999996,98.0,0.0,0.8042300000000001,-0.5089827,15.52,15.58,15.58,24.0,18.451666666666664,87.58458333333334,1.2875694444444445,,157.00195833333333
2012-06-17,25.92,14.25,100.0,56.3,13.56,4.95,129.0,0.0,1.058514,-0.43651199999999996,17.21,18.66,18.66,24.0,18.732499999999998,93.29166666666667,1.8261805555555555,,52.39654166666667
2012-06-18,20.1,17.95,99.8,88.1,4.524,5.6611111111111105,75.0,7.569,1.206567,-0.3630817,18.18,18.37,18.37,24.0,18.394166666666667,98.68333333333334,1.4159837962962962,,26.61708333333333
2012-06-19,19.19,17.43,100.0,91.8,2.299,5.8805555555555555,254.0,10.52,1.1289259999999999,-0.6264092,17.49,17.49,17.49,24.0,17.59541666666667,98.14166666666667,2.0386921296296294,,38.22795833333333
2012-06-20,19.75,16.0,100.0,91.7,3.3,6.269444444444444,151.0,1.8290000000000002,1.201639,-0.8831057999999999,16.63,16.7,16.7,24.0,15.927083333333334,99.05416666666667,2.633136574074074,,32.497458333333334
2012-06-21,16.74,15.3,100.0,95.7,2.806,6.238888888888889,163.0,14.17,1.3329360000000001,-0.6696392999999999,15.5,15.5,15.5,24.0,16.403333333333332,96.16250000000001,1.3648495370370368,,66.79229166666667
2012-06-22,19.15,15.0,100.0,83.9,5.767,4.061111111111111,238.0,3.886,1.270675,-0.7463721999999999,16.56,16.56,16.56,24.0,17.52958333333333,88.40666666666668,2.703506944444444,,152.34225
2012-06-23,21.43,13.63,100.0,57.86,13.15,9.6,228.0,3.429,1.13712,-0.6878449999999999,13.19,13.72,13.72,24.0,14.637083333333335,92.05833333333334,1.391412037037037,,37.41129166666666
2012-06-24,17.11,11.66,99.0,81.2,3.23,4.05,265.0,0.0,1.102996,-0.8196979,14.3,14.65,14.65,24.0,15.94375,93.56833333333333,1.396886574074074,,158.77170833333335
2012-06-25,20.72,12.06,100.0,75.08,13.71,4.8500000000000005,96.0,0.0,1.049323,-0.7158742,15.3,15.34,15.34,24.0,16.80125,88.41166666666668,2.1904282407407405,,196.90599999999998
2012-06-26,22.29,12.6,100.0,59.13,17.0,7.3388888888888895,145.0,0.0,1.067918,-0.5314544,14.56,15.03,15.03,24.0,17.069583333333334,91.91666666666667,1.036574074074074,,93.77691666666665
2012-06-27,20.64,14.39,99.9,76.65,8.1,3.219444444444444,79.0,0.0,0.8591785,-0.31310319999999997,15.46,15.47,15.47,24.0,17.158333333333335,93.98208333333334,1.343761574074074,,164.64791666666667
2012-06-28,21.73,13.6,100.0,75.2,14.22,4.46111111111111,69.0,0.0,0.7019352999999999,-0.4038545,17.66,18.23,18.23,24.0,18.82916666666667,91.38875,1.5337037037037036,,166.31520833333335
2012-06-29,21.91,16.5,99.9,77.68,14.36,4.588888888888889,95.0,0.0,0.5909964999999999,-0.5325555,16.46,16.5,16.5,24.0,18.435416666666665,95.7425,1.2807638888888888,,160.20933333333332
2012-06-30,24.63,15.78,100.0,71.72,13.83,5.080555555555555,79.0,0.0,0.7833600000000001,-0.6517639,16.77,16.77,16.77,24.0,19.7475,89.0675,1.179826388888889,,197.10791666666668
2012-07-01,27.0,14.64,100.0,55.35,17.02,3.969444444444444,101.0,0.0,0.9856069,-0.5487101999999999,18.23,18.48,18.48,24.0,20.102083333333333,89.03875,1.2381365740740742,,195.835875
2012-07-02,27.42,15.78,100.0,58.2,16.91,5.811111111111112,77.0,0.0,0.9487236,-0.6766459,16.69,17.11,17.11,24.0,19.3475,87.86666666666667,1.1630324074074074,,202.49708333333334
2012-07-03,26.23,14.71,100.0,56.17,17.48,3.611111111111111,48.0,0.0,1.095814,-0.9622928,16.18,16.54,16.54,24.0,18.916666666666668,90.17791666666666,1.4576157407407406,,187.31958333333333
2012-07-04,24.81,14.05,100.0,63.86,16.17,4.080555555555556,87.0,0.0,1.116535,-0.9196303,16.76,17.37,17.37,24.0,19.840416666666666,88.95375,1.3568402777777777,,193.32354166666667
2012-07-05,25.6,15.92,100.0,61.82,16.69,5.111111111111111,80.0,0.0,1.366422,-0.7280253,17.6,17.79,17.79,24.0,21.211666666666666,83.36333333333333,1.8147569444444445,,181.54208333333335
2012-07-06,28.01,17.53,98.6,56.6,15.67,8.688888888888888,135.0,0.0,1.183205,-0.8859558,17.38,18.76,18.76,24.0,19.966666666666665,90.26375,1.9490625,,116.185
2012-07-07,23.13,17.87,99.8,66.79,10.03,9.55,269.0,11.28,1.2871869999999999,-0.7475587,17.95,19.26,19.26,24.0,16.009583333333335,88.115,2.6579282407407407,,29.357958333333332
2012-07-08,20.33,12.14,98.3,75.92,2.535,8.399999999999999,109.0,7.5440000000000005,1.397036,-0.33307339999999996,12.23,12.91,12.91,24.0,14.650833333333333,80.05916666666667,2.0807175925925927,,209.30587500000001
2012-07-09,18.43,11.86,96.1,52.55,18.07,5.238888888888889,116.0,0.0,1.1336439999999999,-0.6177475,11.82,13.6,13.6,24.0,15.452916666666667,88.14,1.6486226851851853,,140.875375
2012-07-10,19.64,12.39,96.7,74.36,12.16,7.480555555555555,74.0,0.229,0.9660215,-1.00099,14.91,16.0,16.0,24.0,17.611666666666668,89.68374999999999,1.6547569444444443,,150.0585
2012-07-11,22.95,14.91,98.0,67.38,12.96,6.361111111111111,81.0,0.0,0.6060529,-0.9169423999999999,17.04,17.66,17.66,24.0,15.746666666666668,93.45,2.4159375,,13.46225
2012-07-12,17.7,13.37,99.3,82.1,1.162,7.438888888888889,79.0,4.572,0.7995317,-0.9026649,13.58,13.79,13.79,24.0,14.581666666666665,94.21375,1.5900462962962962,,101.56016666666666
2012-07-13,19.88,11.69,100.0,73.12,8.77,4.280555555555556,215.0,6.629,0.862042,-0.1002135,11.58,11.69,11.69,24.0,13.243708333333332,73.89583333333333,1.709224537037037,,212.72958333333335
2012-07-14,21.61,7.48,99.2,35.19,18.37,5.3,223.0,0.0,0.8736784,-0.2712195,9.46,10.76,10.76,24.0,13.915833333333333,78.21708333333333,1.4136458333333335,,203.608625
2012-07-15,23.01,7.924,99.2,34.65,17.58,5.238888888888889,152.0,0.0,0.9491322,-0.2705661,12.63,14.94,14.94,24.0,13.952916666666667,81.35875,2.680405092592592,,74.90170833333333
2012-07-16,15.46,11.79,88.1,72.44,6.468,6.330555555555555,145.0,0.0,1.25183,-0.178802,8.17,11.79,11.79,24.0,11.988333333333332,86.12,2.0750462962962963,,52.90129166666667
2012-07-17,14.79,9.11,99.3,68.26,4.568,5.280555555555556,219.0,8.69,1.372007,-0.1135626,12.01,12.12,12.12,24.0,13.097083333333332,98.62916666666666,2.8397569444444444,,27.459541666666667
2012-07-18,14.96,11.97,100.0,93.4,2.371,8.13888888888889,142.0,40.69,1.179108,-0.49490419999999996,13.05,13.05,13.05,24.0,14.661666666666667,87.00375000000001,2.114548611111111,,172.011875
2012-07-19,19.7,11.59,100.0,60.78,14.85,6.080555555555556,256.0,4.115,1.212204,-0.8233056,13.38,13.86,13.86,24.0,14.1725,87.98958333333333,1.5422800925925924,,216.15841666666665
2012-07-20,19.46,10.51,100.0,55.75,18.66,6.538888888888889,83.0,0.0,1.332104,-0.6875597,11.24,11.36,11.36,24.0,13.852916666666667,90.78083333333332,1.6191550925925926,,223.398375
2012-07-21,19.93,9.16,100.0,65.14,19.29,5.7,89.0,0.0,1.262132,-0.9158402999999999,12.57,12.64,12.64,24.0,15.537916666666668,88.65625,1.589849537037037,,211.35462500000003
2012-07-22,22.42,9.92,100.0,58.39,18.25,5.5,63.0,0.0,1.240669,-1.014616,14.26,14.64,14.64,24.0,17.219166666666666,82.39708333333333,1.3042939814814816,,161.32833333333335
2012-07-23,25.46,12.93,99.4,53.74,13.93,8.75,119.0,0.0,1.2782900000000001,-0.83601,13.61,15.8,15.8,24.0,17.062916666666666,87.15708333333333,1.3238541666666668,,121.864625
2012-07-24,21.17,14.25,97.6,68.54,10.52,3.738888888888889,81.0,0.0,1.082863,-0.7847737,15.95,16.31,16.31,24.0,18.05,94.3125,1.4419907407407406,,140.23929166666667
2012-07-25,23.13,14.94,100.0,79.31,12.11,6.8694444444444445,145.0,0.0,0.8695883999999999,-0.749018,17.37,18.49,18.49,24.0,14.52375,97.78333333333335,2.924907407407407,,15.622
2012-07-26,18.51,12.65,99.7,93.1,1.349,8.419444444444444,106.0,11.2,0.9099925,-0.667354,13.09,13.24,13.24,24.0,15.025833333333333,96.53750000000001,1.7463194444444445,,95.54904166666665
2012-07-27,18.81,12.46,100.0,81.7,8.25,9.388888888888888,259.0,34.87,0.8831391,-0.3132524,15.19,15.19,15.19,24.0,13.522916666666667,96.01666666666667,2.189837962962963,,26.728708333333334
2012-07-28,15.2,12.23,100.0,83.4,2.307,7.749999999999999,185.0,18.97,0.7860043,-0.3807468,12.36,13.47,13.47,24.0,14.78625,90.80541666666666,1.1273148148148147,,96.741375
2012-07-29,17.55,12.94,98.2,75.15,8.35,2.9388888888888887,240.0,0.229,0.8555121,-0.3865396,14.77,15.14,15.14,24.0,16.572916666666668,95.10583333333334,1.8543634259259258,,46.84116666666666
2012-07-30,20.92,14.31,100.0,73.48,4.045,7.569444444444445,128.0,0.457,0.9475772,-0.582407,13.41,14.34,14.34,24.0,12.917916666666665,97.44166666666666,2.243761574074074,,17.420375
2012-07-31,14.38,12.02,100.0,88.8,1.504,9.1,114.0,17.6,1.083972,-0.5473586,13.39,13.39,13.39,24.0,14.57625,99.99583333333334,1.8955902777777778,,37.630874999999996
2012-08-01,15.75,13.17,100.0,99.6,3.249,6.019444444444445,263.0,14.86,1.21725,-0.6270279999999999,15.53,15.53,15.53,24.0,17.516666666666666,97.16666666666667,1.6231712962962963,,105.96020833333334
2012-08-02,21.06,15.51,100.0,86.0,9.15,4.730555555555556,82.0,7.772,1.158871,-0.8811481,17.27,17.27,17.27,24.0,18.212500000000002,95.46249999999999,1.3020486111111111,,121.89866666666666
2012-08-03,20.56,17.03,100.0,81.2,10.52,4.661111111111111,111.0,0.0,0.9841504,-1.233593,17.61,17.83,17.83,24.0,18.12625,96.05416666666667,1.5715509259259257,,186.28579166666668
2012-08-04,22.02,16.44,100.0,81.6,16.08,3.969444444444444,92.0,0.0,1.096171,-1.260966,16.63,16.63,16.63,24.0,20.334166666666665,88.06333333333333,1.3351157407407408,,215.50620833333335
2012-08-05,28.87,15.78,100.0,51.31,18.61,4.080555555555556,95.0,0.0,1.06169,-1.087478,18.32,19.0,19.0,24.0,18.5075,89.01666666666667,2.103125,,42.042375
2012-08-06,20.34,15.87,98.1,81.7,3.63,6.35,133.0,0.0,1.132217,-0.8953669999999999,14.3,15.88,15.88,24.0,15.86,89.3625,2.3168865740740743,,77.140625
2012-08-07,17.58,13.06,99.1,77.4,6.66,6.380555555555555,85.0,0.0,1.010487,-0.8256382999999999,13.11,13.27,13.27,24.0,14.820416666666667,89.995,1.6790046296296295,,217.66254166666667
2012-08-08,19.86,11.41,100.0,62.44,18.79,7.688888888888888,78.0,0.0,0.8784153,-0.9414403,13.64,14.42,14.42,24.0,16.03375,91.895,1.7765046296296296,,142.14404166666665
2012-08-09,20.81,11.89,100.0,74.35,12.27,7.219444444444444,78.0,0.0,0.7074518,-1.04965,16.59,16.99,16.99,24.0,18.620833333333334,87.57583333333334,1.5756712962962964,,205.02941666666666
2012-08-10,22.75,15.63,99.5,67.51,17.7,6.05,80.0,0.0,0.478184,-1.044284,15.97,16.09,16.09,24.0,18.109583333333333,92.36666666666667,1.4357986111111112,,137.12604166666668
2012-08-11,21.52,15.3,100.0,77.13,11.84,4.061111111111111,73.0,0.0,0.48397969999999996,-0.9640285,16.91,17.93,17.93,24.0,18.279166666666665,88.71583333333332,1.814398148148148,,189.48299999999998
2012-08-12,21.95,15.34,98.0,70.83,16.36,6.811111111111111,64.0,0.0,0.6900299,-0.43683819999999995,16.05,16.5,16.5,24.0,18.622083333333332,91.66666666666667,1.4097916666666668,,201.80933333333334
2012-08-13,22.15,16.42,99.5,78.58,17.42,4.95,107.0,0.0,0.6297512,-0.677478,16.5,16.56,16.56,24.0,18.119583333333335,85.39708333333334,2.2424421296296297,,186.71195833333334
2012-08-14,23.57,15.07,100.0,55.1,16.13,8.738888888888889,149.0,0.0,0.6913402,-0.8472082999999999,14.14,15.54,15.54,24.0,18.35291666666667,86.70041666666667,1.6628819444444443,,164.994375
2012-08-15,22.06,15.24,98.8,71.07,14.24,5.580555555555556,76.0,0.0,0.7220361,-0.8401814,17.22,17.56,17.56,24.0,19.546666666666667,92.66250000000001,2.411678240740741,,190.2085
2012-08-16,23.81,17.31,98.9,75.55,16.42,9.838888888888889,71.0,0.0,0.8178692,-1.098643,18.8,19.3,19.3,24.0,20.272916666666667,91.71583333333332,1.9758796296296295,,207.16437499999998
2012-08-17,24.01,18.23,100.0,74.86,17.88,8.311111111111112,67.0,0.0,0.8402004,-1.306557,18.21,19.43,19.43,24.0,20.301666666666666,93.16666666666667,2.0368749999999998,,94.05545833333333
2012-08-18,22.32,18.98,99.1,83.3,8.12,7.211111111111111,76.0,0.0,1.05449,-1.292647,19.05,19.72,19.72,24.0,20.71708333333333,90.42916666666667,3.5972800925925927,,192.43125
2012-08-19,23.55,19.15,97.8,78.44,16.62,9.450000000000001,69.0,0.229,1.096581,-1.320433,19.05,19.4,19.4,24.0,20.141666666666666,92.69166666666666,2.2721875,,169.31554166666666
2012-08-20,23.53,17.86,100.0,77.64,14.62,7.8805555555555555,78.0,0.0,1.000739,-1.500009,18.43,18.74,18.74,24.0,20.111666666666668,89.97916666666667,2.273622685185185,,212.27191666666667
2012-08-21,24.08,17.65,99.2,65.91,18.33,7.488888888888889,82.0,0.0,1.064377,-1.343916,17.87,17.99,17.99,24.0,20.014166666666668,92.32541666666667,1.7231249999999998,,197.34979166666668
2012-08-22,24.11,17.33,100.0,73.62,17.04,6.969444444444444,74.0,0.0,0.8632413999999999,-1.135372,17.83,18.05,18.05,24.0,19.972916666666666,89.4275,1.5074305555555556,,191.75045833333334
2012-08-23,24.39,16.96,100.0,68.72,16.56,6.319444444444445,77.0,0.0,0.8309858,-1.039969,17.82,18.49,18.49,24.0,20.201249999999998,86.305,2.3194560185185185,,265.092125
2012-08-24,24.68,17.08,99.4,61.36,22.89,8.880555555555555,79.0,0.0,0.6390233,-0.7520281,16.87,18.93,18.93,24.0,20.553333333333335,87.2725,1.9497453703703702,,248.929
2012-08-25,25.26,17.35,98.7,68.15,21.49,6.669444444444444,79.0,0.0,0.3694677,-0.7937031999999999,18.17,19.03,19.03,24.0,19.828333333333333,87.06041666666665,3.2435069444444444,,216.56533333333334
2012-08-26,25.29,16.23,99.8,65.99,18.7,11.888888888888888,146.0,0.0,0.6206845999999999,-0.7861959,13.74,16.33,16.33,24.0,15.918750000000001,83.9275,1.9116666666666664,,51.80158333333333
2012-08-27,16.83,14.77,91.1,77.41,4.472,6.819444444444445,142.0,0.0,1.079642,-0.20795629999999998,13.95,15.63,15.63,24.0,16.625416666666666,85.83916666666666,1.5896412037037038,,60.02462499999999
2012-08-28,18.15,15.39,92.9,75.02,5.183,4.3,228.0,0.0,0.9807522,-0.4495995,14.89,16.91,16.91,24.0,15.5675,96.45833333333333,2.7434375,,48.96016666666667
2012-08-29,16.88,14.86,100.0,85.9,4.227,5.780555555555555,231.0,9.37,0.9424956,-0.6134206999999999,15.18,15.18,15.18,24.0,16.958333333333332,90.45666666666666,2.0338078703703704,,145.80870833333333
2012-08-30,21.75,14.72,100.0,67.14,12.59,4.930555555555555,95.0,0.229,0.9300326999999999,-0.9666214,15.94,17.14,17.14,24.0,17.79125,86.17416666666666,2.103622685185185,,205.27224999999999
2012-08-31,22.83,14.67,99.3,60.03,17.72,5.938888888888888,82.0,2.743,1.039641,-1.188655,14.52,14.86,14.86,24.0,17.240416666666665,86.25625000000001,1.5949884259259262,,291.26345833333335
2012-09-01,22.31,12.31,100.0,58.81,25.15,7.980555555555555,78.0,0.0,0.9624282999999999,-1.471034,15.71,16.28,16.28,24.0,17.929583333333333,90.20083333333334,1.9779513888888889,,265.2735833333333
2012-09-02,23.17,13.61,99.3,72.24,22.9,7.211111111111111,81.0,0.0,1.083671,-1.32656,16.91,17.23,17.23,24.0,19.855833333333333,88.07083333333333,1.538912037037037,,252.02895833333332
2012-09-03,24.08,17.15,100.0,67.44,21.76,6.3,78.0,0.0,1.149637,-1.142178,17.38,18.09,18.09,24.0,18.64375,84.81958333333334,3.476504629629629,,158.84
2012-09-04,22.75,15.59,100.0,60.45,13.71,10.880555555555556,133.0,0.0,0.9972200000000001,-1.054067,15.63,17.21,17.21,24.0,17.575,78.34166666666667,1.7843402777777777,,92.79983333333332
2012-09-05,19.8,16.1,92.8,63.59,8.01,6.680555555555555,81.0,0.0,0.9211183,-1.196769,15.31,16.77,16.77,24.0,18.553749999999997,85.07958333333333,2.266898148148148,,294.8849583333333
2012-09-06,23.14,15.16,97.9,62.81,25.46,8.688888888888888,80.0,0.229,0.3469546,-1.337222,15.51,15.84,15.84,24.0,17.945416666666667,92.39291666666666,1.6019328703703704,,151.422875
2012-09-07,22.91,15.5,100.0,67.82,13.07,5.111111111111111,75.0,0.0,0.3846648,-0.8621766999999999,17.44,17.91,17.91,24.0,20.112916666666667,87.48541666666667,1.8202662037037036,,166.076375
2012-09-08,25.53,17.71,97.9,62.87,14.34,6.019444444444445,79.0,0.0,0.577023,-0.7541975999999999,17.31,17.91,17.91,24.0,20.55666666666667,91.07916666666667,1.6639814814814813,,177.88195833333336
2012-09-09,24.15,17.85,98.8,77.2,15.36,5.338888888888889,107.0,0.0,0.4547849,-0.7668102,20.02,20.2,20.2,24.0,19.99625,90.60833333333333,2.0405671296296295,,48.721916666666665
2012-09-10,21.13,18.82,99.7,80.3,4.206,6.0888888888888895,106.0,0.0,0.6281312,-0.6397484999999999,17.9,19.1,19.1,24.0,19.570416666666667,95.17083333333333,2.3013078703703704,,86.99591666666667
2012-09-11,22.2,18.11,100.0,83.9,7.5120000000000005,6.738888888888889,124.0,8.0,0.9215243,-0.3222197,18.93,18.93,18.93,24.0,20.988333333333333,87.54375,2.7709375,,266.45595833333334
2012-09-12,27.36,18.07,100.0,56.51,23.0,8.819444444444445,107.0,0.0,0.9100938,-0.607679,17.9,19.16,19.16,24.0,20.499166666666667,85.20416666666667,1.9000810185185184,,173.3975833333333
2012-09-13,25.17,17.49,99.7,63.56,14.98,14.230555555555554,216.0,24.31,0.9384654,-0.6236830999999999,18.61,18.65,18.65,24.0,19.664583333333333,88.97833333333334,2.9393518518518515,,135.626375
2012-09-14,22.33,17.17,100.0,72.65,11.71,8.669444444444444,112.0,0.914,1.113481,-0.7060697,16.82,17.17,17.17,24.0,19.784583333333334,88.34583333333335,2.067175925925926,,210.73275
2012-09-15,23.98,16.81,99.4,73.67,18.19,8.511111111111111,80.0,0.914,1.123771,-0.9627665999999999,18.17,20.2,20.2,24.0,20.49625,88.59375,2.437025462962963,,225.64120833333334
2012-09-16,24.28,16.1,98.6,71.7,19.48,8.988888888888889,80.0,0.0,1.051898,-1.251754,19.59,20.66,20.66,24.0,21.55666666666667,87.33083333333333,2.0015162037037038,,171.40270833333332
2012-09-17,25.13,19.26,98.8,68.65,14.8,7.930555555555555,128.0,0.0,1.17878,-1.297652,18.73,19.87,19.87,24.0,21.849999999999998,87.92666666666666,2.305243055555555,,265.2092916666667
2012-09-18,27.38,17.47,99.2,63.63,22.9,8.21111111111111,70.0,0.0,1.213789,-1.248473,20.36,21.06,21.06,24.0,22.624166666666667,88.09666666666668,2.001400462962963,,196.19691666666665
2012-09-19,25.25,20.48,99.5,74.67,16.94,6.811111111111111,76.0,0.0,1.223166,-1.036743,20.65,20.73,20.73,24.0,23.48625,80.96,3.1057986111111107,,68.28870833333333
2012-09-20,27.58,20.53,100.0,47.44,5.896,13.030555555555555,268.0,0.457,1.144777,-0.8995156,12.63,22.63,22.63,24.0,20.15375,60.32791666666666,3.8780208333333337,,352.80679166666664
2012-09-21,25.04,16.12,89.3,36.15,30.46,9.980555555555556,276.0,0.0,0.9178223999999999,-0.6890645,14.47,17.49,17.49,24.0,17.7525,86.71041666666667,2.7207060185185186,,124.25150000000001
2012-09-22,23.18,15.15,99.7,63.21,10.73,8.919444444444444,241.0,20.8,1.046882,-0.22547979999999998,13.21,15.93,15.93,24.0,17.864166666666666,69.26125,2.2041435185185185,,357.9918333333333
2012-09-23,24.11,13.84,97.4,31.68,30.91,7.699999999999999,84.0,0.0,0.829751,-0.5035377,13.33,14.27,14.27,24.0,17.440833333333334,75.67541666666666,1.8425810185185185,,192.737625
2012-09-24,22.18,12.98,94.1,55.51,16.64,6.8999999999999995,66.0,0.229,1.061216,-0.30990789999999996,12.65,15.33,15.33,24.0,19.11375,82.31833333333333,2.3824537037037037,,232.04683333333332
2012-09-25,23.34,15.24,91.4,66.96,20.03,8.480555555555556,71.0,0.0,0.835403,-0.5720313,18.36,20.28,20.28,24.0,18.110416666666666,89.22916666666667,2.8983449074074072,,46.53187500000001
2012-09-26,20.37,11.47,97.9,76.4,4.017,11.438888888888888,127.0,4.115,1.095018,-0.7664996,11.1,11.49,11.49,24.0,14.449166666666665,60.53208333333333,4.32792824074074,,361.8063333333334
2012-09-27,19.83,10.52,98.3,36.15,31.24,10.330555555555554,239.0,0.229,1.262484,-0.3158957,8.92,13.62,13.62,24.0,15.254166666666668,74.005,3.3779513888888886,,202.71979166666665
2012-09-28,20.25,10.28,91.1,48.98,17.5,9.53888888888889,104.0,0.0,1.3904269999999999,-0.36142579999999996,12.47,14.04,14.04,24.0,16.236250000000002,84.46,2.164224537037037,,150.05879166666668
2012-09-29,20.08,13.57,98.1,57.81,12.96,9.980555555555556,70.0,4.801,1.228879,-0.9650129,14.67,15.0,15.0,24.0,17.715833333333332,85.46166666666666,2.5236805555555555,,237.07029166666666
2012-09-30,21.95,14.05,98.7,64.1,20.47,9.080555555555554,82.0,0.229,0.9735324,-1.377808,15.34,18.89,18.89,24.0,19.189583333333335,81.75958333333334,2.165671296296296,,198.5370833333333
2012-10-01,22.88,16.75,92.3,67.96,17.14,8.519444444444444,74.0,0.686,0.8958724,-1.594407,15.15,16.75,16.75,24.0,18.020833333333332,91.50583333333333,2.029444444444444,,97.81495833333334
2012-10-02,22.08,14.61,99.2,70.12,8.45,8.519444444444444,142.0,5.029,0.8309071,-1.691153,16.38,16.81,16.81,24.0,19.617916666666666,88.01875,1.9638541666666667,,305.9927083333333
2012-10-03,24.07,15.16,99.5,66.99,26.42,5.688888888888889,88.0,0.0,0.7845166,-1.41643,19.02,19.56,19.56,24.0,20.420416666666668,92.86500000000001,1.6741666666666666,,109.41729166666666
2012-10-04,24.41,17.8,100.0,76.37,9.45,4.6305555555555555,208.0,1.8290000000000002,0.8725733999999999,-1.173391,19.6,19.67,19.67,24.0,20.436249999999998,96.15416666666665,1.2458449074074074,,53.208
2012-10-05,22.29,19.08,100.0,88.0,4.594,3.3888888888888884,215.0,1.143,0.6599967,-1.090281,19.93,20.24,20.24,24.0,21.374583333333334,94.21666666666665,1.7412037037037038,,118.19783333333334
2012-10-06,24.18,19.91,100.0,81.8,10.2,4.888888888888889,111.0,0.229,0.6565459,-0.8868731,20.39,20.8,20.8,24.0,22.006666666666664,91.95916666666666,2.2909027777777777,,159.98904166666668
2012-10-07,25.63,20.49,100.0,75.93,13.81,6.561111111111111,77.0,0.0,0.44154879999999996,-1.018234,20.1,21.24,21.24,24.0,22.155833333333334,88.995,2.4486921296296296,,286.6753333333333
2012-10-08,26.06,20.05,100.0,69.68,24.75,7.161111111111111,76.0,0.0,0.1739483,-0.918771,19.93,20.9,20.9,24.0,22.491249999999997,84.395,2.4183680555555553,,326.56325
2012-10-09,26.91,19.53,98.4,60.24,28.19,7.269444444444445,75.0,0.0,0.4278207,-0.6688014,19.55,19.8,19.8,24.0,22.349166666666665,85.64583333333333,2.089050925925926,,308.14908333333335
2012-10-10,26.55,19.34,99.1,61.73,26.61,8.399999999999999,68.0,0.0,0.5571718,-0.5896382,20.37,22.08,22.08,24.0,22.287916666666664,92.39166666666667,1.6863194444444443,,59.377
2012-10-11,25.44,20.57,100.0,75.89,5.127,8.91111111111111,109.0,2.515,0.8940376999999999,-0.7542169999999999,20.79,21.11,21.11,24.0,17.836666666666666,95.09583333333335,3.492824074074074,,45.396458333333335
2012-10-12,21.27,16.03,99.3,87.8,3.919,7.3,219.0,17.14,1.175252,-0.4395925,15.91,16.24,16.24,24.0,17.624166666666667,90.56583333333333,2.9189351851851852,,110.51549999999999
2012-10-13,20.5,15.73,100.0,68.73,9.54,7.4,141.0,13.26,1.149406,-0.6403053,15.25,16.97,16.97,24.0,18.169999999999998,82.94666666666667,2.507534722222222,,188.74629166666668
2012-10-14,21.68,15.34,97.1,58.36,16.3,7.95,114.0,2.057,1.060146,-0.9870483,16.0,16.5,16.5,24.0,18.285416666666666,83.06041666666667,2.2648842592592593,,137.05429166666667
2012-10-15,21.41,16.24,97.7,56.22,11.83,8.61111111111111,94.0,0.229,1.049374,-1.139148,15.9,16.96,16.96,24.0,19.569583333333334,75.47375,2.459247685185185,,305.123125
2012-10-16,23.57,16.06,96.1,49.81,26.34,8.880555555555555,83.0,0.0,1.17087,-1.196073,14.78,19.77,19.77,24.0,20.469166666666666,80.70625,2.2010532407407406,,252.41174999999998
2012-10-17,25.22,17.1,95.7,58.93,21.8,9.380555555555556,71.0,0.0,1.091202,-1.294975,18.4,19.25,19.25,24.0,22.416666666666668,86.09666666666668,2.394560185185185,,373.8688333333334
2012-10-18,27.06,18.37,98.8,63.37,32.28,8.188888888888888,89.0,0.0,0.936589,-1.208053,20.03,20.24,20.24,24.0,21.495833333333334,77.7725,3.232800925925926,,383.6550833333333
2012-10-19,27.13,15.88,99.5,45.9,33.13,9.68888888888889,128.0,0.0,1.105653,-0.7882062999999999,16.2,19.87,19.87,24.0,20.823333333333334,75.20333333333333,2.980509259259259,,241.68579166666666
2012-10-20,23.75,19.07,92.7,59.54,20.87,7.561111111111111,76.0,0.0,1.259294,-0.42585989999999996,17.87,19.39,19.39,24.0,21.309166666666666,87.20166666666667,1.9933333333333332,,246.08495833333333
2012-10-21,25.42,18.71,96.6,68.1,21.25,6.538888888888889,77.0,0.0,0.8652415,-0.7753772,20.33,20.98,20.98,24.0,22.355833333333333,93.99125,1.253414351851852,,138.60999999999999
2012-10-22,28.94,19.77,100.0,69.69,11.97,5.088888888888889,130.0,10.26,0.9286494,-0.6731756,21.38,21.38,21.38,24.0,22.762916666666666,93.45708333333334,2.355694444444444,,206.01833333333332
2012-10-23,26.47,20.14,100.0,76.78,17.79,10.830555555555556,206.0,38.79,0.9662712,-0.38541359999999997,20.38,20.38,20.38,24.0,22.592083333333335,86.02541666666667,2.1900810185185184,,81.221875
2012-10-24,27.76,19.73,100.0,51.11,7.013,9.119444444444444,67.0,11.89,0.7536366,-0.7316712999999999,18.69,22.31,22.31,24.0,22.610833333333332,67.35666666666667,3.216689814814815,,407.298125
2012-10-25,26.82,18.98,93.4,46.49,35.16,7.488888888888889,69.0,0.229,1.107367,-0.4596748,17.92,19.0,19.0,24.0,19.948333333333334,93.75,1.5345833333333332,,49.63308333333333
2012-10-26,22.62,18.55,98.6,83.1,4.286,6.561111111111111,92.0,3.2,1.108333,-0.06467915,18.22,19.74,19.74,24.0,19.965416666666666,97.69166666666666,1.5711342592592592,,25.995208333333334
2012-10-27,20.61,19.17,100.0,89.2,2.245,8.75,77.0,14.2,0.9931905,-0.7490624,20.08,20.08,20.08,24.0,22.654583333333335,91.47833333333334,1.9891550925925925,,301.84975000000003
2012-10-28,26.35,19.86,100.0,73.7,26.06,6.15,66.0,0.0,0.9763128999999999,-0.9623442,21.99,22.11,22.11,24.0,24.71083333333333,89.62958333333334,1.9626851851851852,,241.59675000000001
2012-10-29,29.87,21.56,100.0,65.76,20.86,6.3,108.0,0.229,1.008353,-1.198406,23.01,23.26,23.26,24.0,23.911666666666665,92.25416666666666,2.3613541666666666,,167.553
2012-10-30,26.93,22.54,100.0,81.3,14.47,7.3,77.0,0.0,1.2832919999999999,-1.007398,22.1,22.86,22.86,24.0,24.373333333333335,92.06666666666666,1.6462037037037034,,149.38904166666666
2012-10-31,26.78,22.17,99.4,80.6,12.9,7.680555555555555,190.0,0.0,1.1325859999999999,-1.154335,22.76,23.49,23.49,24.0,24.637083333333333,85.53833333333334,2.8272685185185185,,305.93675
2012-11-01,31.24,20.68,97.8,56.49,26.42,14.019444444444444,122.0,3.658,1.092053,-1.10809,19.63,20.68,20.68,24.0,20.8125,86.84916666666668,2.6295949074074074,,78.41204166666667
2012-11-02,22.62,19.23,97.8,78.3,6.77,6.549999999999999,125.0,0.686,1.443914,-0.8799264,16.87,19.27,19.27,24.0,20.330833333333334,87.99416666666667,1.5406134259259259,,136.46504166666668
2012-11-03,22.7,18.23,96.1,73.18,11.78,5.169444444444444,105.0,0.0,1.0160420000000001,-0.9288337,19.0,19.73,19.73,24.0,21.112083333333334,86.56124999999999,1.602303240740741,,167.68175
2012-11-04,23.85,18.8,99.0,65.97,14.48,5.788888888888889,78.0,1.6,0.9147573,-0.8410145,19.28,20.52,20.52,24.0,22.815416666666664,85.09541666666667,2.6516782407407407,,380.36924999999997
2012-11-05,26.66,19.5,96.9,68.1,32.84,9.411111111111111,76.0,1.3719999999999999,0.7456701,-0.6333578,20.47,21.93,21.93,24.0,23.428749999999997,83.97958333333334,2.5285532407407407,,387.4791666666667
2012-11-06,27.12,20.14,97.1,66.76,33.45,10.780555555555557,71.0,0.0,0.7384841,-0.4673421,19.61,21.83,21.83,24.0,23.35291666666667,79.77458333333333,2.4090625,,390.5333333333333
2012-11-07,27.54,19.8,97.7,61.2,33.72,7.638888888888888,77.0,0.0,0.6978006,-0.4653133,18.99,20.75,20.75,24.0,23.378333333333334,82.50333333333333,2.8257291666666666,,384.9354166666667
2012-11-08,27.4,19.61,95.9,60.57,33.23,10.288888888888888,82.0,0.0,0.5937469,-0.48154349999999996,20.72,22.99,22.99,24.0,23.64833333333333,87.89708333333334,2.9680787037037035,,126.62008333333334
2012-11-09,25.99,22.12,96.7,75.72,10.93,8.930555555555555,71.0,3.226,0.7478592,-0.6321304999999999,21.63,22.17,22.17,24.0,23.067083333333333,96.53750000000001,2.984826388888889,,68.72666666666667
2012-11-10,23.92,22.04,100.0,92.8,5.938,8.91111111111111,80.0,34.09,0.7314978,-0.7720815999999999,22.74,22.88,22.88,24.0,23.640833333333333,93.28750000000001,3.0137037037037033,,240.05733333333333
2012-11-11,26.24,22.29,100.0,80.3,20.72,7.161111111111111,81.0,2.972,0.8536193,-0.9328841999999999,22.37,23.04,23.04,24.0,25.372500000000002,85.74458333333332,2.286157407407407,,376.39391666666666
2012-11-12,30.51,21.38,99.1,67.02,32.5,9.249999999999998,111.0,0.0,1.102334,-0.7565196,22.09,24.49,24.49,24.0,22.6525,87.79583333333333,3.1151504629629625,,66.7445
2012-11-13,24.49,19.87,98.2,79.01,5.763,7.630555555555555,93.0,7.087,1.404793,-0.6088840999999999,19.84,20.27,20.27,24.0,19.82875,80.49,2.7235069444444444,,139.88370833333332
2012-11-14,22.88,17.05,98.4,59.91,12.08,12.688888888888888,108.0,3.886,1.3352249999999999,-0.7027441,16.98,17.77,17.77,24.0,18.99833333333333,87.185,2.0749421296296293,,191.055625
2012-11-15,23.71,16.58,98.2,67.1,16.49,8.03888888888889,81.0,11.05,1.382076,-0.9161691999999999,16.4,16.68,16.68,24.0,19.794999999999998,87.92750000000001,2.9157175925925927,,261.8192916666667
2012-11-16,25.13,15.69,99.8,62.55,22.61,10.419444444444444,108.0,22.76,1.25479,-0.9252300000000001,18.01,18.17,18.17,24.0,20.545833333333334,86.97583333333334,2.347372685185185,,179.64495833333334
2012-11-17,24.66,18.0,99.7,66.61,15.51,6.588888888888889,129.0,5.486,1.176088,-0.9877613,18.33,18.98,18.98,24.0,21.627916666666668,79.42875,2.574363425925926,,365.37041666666664
2012-11-18,25.95,18.14,98.2,58.33,31.54,8.269444444444444,85.0,0.0,1.094559,-0.8232435,16.5,20.06,20.06,24.0,22.041666666666668,75.84333333333333,2.399189814814815,,403.18041666666664
2012-11-19,26.03,18.57,90.9,53.94,34.81,8.71111111111111,88.0,0.0,1.005299,-0.7235098,17.9,21.22,21.22,24.0,22.737916666666667,77.40291666666667,2.836909722222222,,420.8691666666667
2012-11-20,26.29,18.34,91.0,59.44,36.34,9.238888888888889,76.0,0.0,0.9061732,-0.8144013,19.72,22.45,22.45,24.0,24.66208333333333,79.07958333333333,2.1166087962962963,,409.14124999999996
2012-11-21,29.66,20.01,96.7,59.41,35.33,10.580555555555556,80.0,0.0,0.9288308999999999,-0.7199514,20.79,22.34,22.34,24.0,24.140833333333333,76.36125,2.7231944444444447,,429.5441666666666
2012-11-22,28.1,20.08,96.0,47.19,37.08,7.35,110.0,0.0,0.8819562999999999,-0.3229823,19.34,21.19,21.19,24.0,23.560833333333335,79.89125,2.330972222222222,,310.86375000000004
2012-11-23,27.39,20.83,93.7,65.57,26.84,7.95,84.0,0.0,0.6589615,-0.4162886,19.5,23.15,23.15,24.0,24.451666666666668,80.44333333333334,2.4281828703703705,,324.7434583333333
2012-11-24,28.46,22.13,95.3,66.35,28.04,10.31111111111111,74.0,0.229,0.6014183,-0.5462395999999999,21.9,22.67,22.67,24.0,23.293333333333333,87.255,2.8008912037037033,,193.31616666666665
2012-11-25,27.04,20.21,98.3,71.03,16.69,9.988888888888889,127.0,4.801,0.9271762,-0.6008226,17.47,22.01,22.01,24.0,21.94541666666667,68.17375,3.3354398148148143,,232.97925
2012-11-26,24.21,19.28,82.7,43.6,20.12,9.988888888888889,102.0,0.0,1.189783,-0.3468246,16.23,19.28,19.28,24.0,20.7975,79.08583333333333,1.5180324074074074,,169.01016666666666
2012-11-27,24.32,16.79,93.0,62.19,14.59,6.1305555555555555,85.0,0.0,1.036884,-0.7152832,18.23,20.36,20.36,24.0,22.01625,85.13833333333334,2.60380787037037,,231.36275
2012-11-28,26.02,19.15,98.0,65.28,19.98,7.988888888888889,83.0,6.629,1.088736,-0.8776636999999999,19.71,20.18,20.18,24.0,23.858333333333334,79.97666666666667,2.9343171296296298,,441.51079166666665
2012-11-29,29.46,18.07,98.5,49.74,38.12,8.36111111111111,342.0,0.914,1.014983,-0.8138479,21.06,21.87,21.87,24.0,24.337500000000002,84.21625,2.600509259259259,,395.5175
2012-11-30,28.54,20.78,99.8,64.76,34.15,8.269444444444444,77.0,0.0,1.109467,-0.8535554,20.71,23.34,23.34,24.0,23.918333333333333,83.58291666666666,2.9505787037037035,,190.81233333333333
2012-12-01,26.28,22.53,91.1,73.75,16.47,9.53888888888889,77.0,0.0,1.222748,-0.8644621,20.21,23.04,23.04,24.0,24.167083333333334,83.35000000000001,2.700925925925926,,311.502375
2012-12-02,27.92,21.1,97.5,65.96,26.9,8.569444444444445,76.0,1.8290000000000002,0.9130857,-1.2135449999999999,22.21,22.63,22.63,24.0,23.1925,92.05624999999999,1.7620601851851851,,171.65533333333335
2012-12-03,28.18,21.01,99.4,69.51,14.82,6.080555555555556,92.0,13.82,0.8575012999999999,-0.7879347,21.56,21.81,21.81,24.0,24.293333333333333,87.21208333333334,1.905023148148148,,302.0540833333333
2012-12-04,28.7,20.9,99.6,68.58,26.08,7.980555555555555,74.0,0.0,1.023846,-0.6863338999999999,21.55,23.71,23.71,24.0,25.233333333333334,85.75083333333333,2.4209953703703704,,336.03570833333333
2012-12-05,28.8,22.24,96.7,68.91,29.01,10.261111111111111,73.0,0.0,0.7604453999999999,-0.6918879,22.8,24.51,24.51,24.0,25.979583333333334,85.39375,2.2948958333333334,,326.9579166666667
2012-12-06,29.52,23.61,96.9,71.71,28.23,8.75,69.0,0.0,0.6541061,-0.6723473999999999,23.04,24.97,24.97,24.0,26.72375,85.81583333333333,2.624537037037037,,410.2370833333334
2012-12-07,31.22,22.98,97.1,70.79,35.42,10.088888888888889,84.0,0.0,0.7774284,-0.38703689999999996,24.89,26.23,26.23,24.0,28.159166666666664,84.07916666666667,2.2933564814814815,,263.44825
2012-12-08,35.9,24.77,97.1,55.05,22.75,10.438888888888888,165.0,0.229,0.8199999,-0.5578442,25.44,31.08,27.1,24.0,24.6825,85.79625,2.1944097222222223,,72.89333333333333
2012-12-09,27.1,22.18,95.7,73.46,6.293,8.669444444444444,135.0,0.686,0.9326319999999999,-0.4797449,21.24,22.21,22.21,24.0,23.565416666666668,88.43333333333334,1.7109722222222221,,194.19562499999998
2012-12-10,28.44,21.06,99.8,67.5,16.77,7.111111111111112,71.0,0.686,1.020154,-0.498089,21.17,23.29,23.29,24.0,25.4725,82.06958333333334,2.5558217592592594,,414.43533333333335
2012-12-11,28.58,21.85,92.6,65.99,35.78,9.85,77.0,0.0,1.018033,-0.5599459,23.15,25.09,25.09,24.0,26.969583333333333,76.41958333333334,2.935046296296296,,166.805375
2012-12-12,34.34,23.26,95.0,36.02,14.4,12.430555555555555,275.0,1.143,1.042114,-0.715039,21.07,24.65,24.65,24.0,24.506666666666664,86.17083333333333,2.1413310185185184,,142.4505
2012-12-13,27.84,22.54,94.5,75.43,12.3,6.3694444444444445,78.0,0.0,1.199841,-0.5769930999999999,22.52,24.38,24.38,24.0,24.923333333333332,87.7575,2.269502314814815,,162.88654166666666
2012-12-14,28.03,22.89,96.8,73.18,14.06,9.180555555555555,148.0,1.3719999999999999,1.342014,-0.7885251999999999,22.39,23.77,23.77,24.0,22.34166666666667,90.83333333333333,2.450034722222222,,48.8775
2012-12-15,24.15,20.34,99.3,77.35,4.22,7.061111111111112,231.0,5.715,1.283269,-0.7577896,20.9,21.01,21.01,24.0,23.698333333333334,90.79916666666666,1.585162037037037,,135.19891666666666
2012-12-16,27.23,20.9,99.8,71.6,11.67,4.561111111111112,113.0,0.686,1.306814,-0.744424,22.94,23.23,23.23,24.0,25.227500000000003,91.66458333333333,1.770023148148148,,231.78754166666667
2012-12-17,28.38,22.73,99.5,75.77,20.01,7.119444444444444,92.0,0.686,1.170668,-0.7255223,24.68,24.86,24.86,24.0,27.558333333333334,84.43291666666666,2.543946759259259,,394.13725
2012-12-18,32.9,23.83,99.5,65.45,34.03,9.35,107.0,0.0,1.090758,-0.7498881,22.51,26.04,26.04,24.0,26.464166666666667,76.06041666666667,2.646550925925926,,395.873625
2012-12-19,30.25,22.32,96.3,39.55,34.18,8.919444444444444,83.0,0.0,1.131284,-0.6347451,23.3,25.66,25.66,24.0,25.48375,90.10083333333334,2.5157523148148146,,234.56854166666665
2012-12-20,29.04,21.45,100.0,77.49,20.25,13.5,268.0,53.64,1.105079,-0.5633687,22.62,22.62,22.62,24.0,25.070833333333336,89.88041666666668,2.1482638888888888,,333.4485
2012-12-21,30.33,21.67,100.0,72.07,28.8,7.95,84.0,0.229,0.7315214,-0.6992339,23.51,24.13,24.13,24.0,26.232083333333335,86.425,2.9144675925925925,,337.40325
2012-12-22,33.48,22.36,98.3,58.79,29.14,11.180555555555555,137.0,10.52,0.5919554,-0.6973094999999999,21.87,22.68,22.68,24.0,23.303749999999997,87.19833333333334,3.155497685185185,,157.03229166666668
2012-12-23,26.31,21.37,98.5,66.97,13.55,8.55,165.0,0.914,0.8302556999999999,-0.2084019,21.22,22.31,22.31,24.0,24.14125,79.385,2.2823032407407404,,315.3822916666667
2012-12-24,27.9,20.64,97.4,60.58,27.23,6.188888888888889,81.0,0.229,0.8331839999999999,-0.4032769,20.68,23.57,23.57,24.0,25.7625,81.55333333333333,2.2141319444444445,,401.51933333333335
2012-12-25,30.08,20.69,97.2,61.4,34.67,8.019444444444444,71.0,0.0,0.7074258,-0.6125324,24.4,26.52,26.52,24.0,28.72083333333333,83.55958333333334,2.211400462962963,,381.78325
2012-12-26,32.19,25.53,95.3,65.87,32.97,8.469444444444443,85.0,0.0,0.7902834,-0.7502194999999999,24.96,30.49,26.96,24.0,29.6425,76.83875,2.4237152777777777,,270.9239166666667
2012-12-27,40.05,24.82,93.3,34.87,23.39,12.18888888888889,122.0,0.0,0.9700660999999999,-0.6971897,22.37,25.01,25.01,24.0,23.41,89.63333333333333,2.361145833333333,,66.90375
2012-12-28,25.01,21.67,98.8,79.22,5.777,6.3694444444444445,129.0,5.258,1.132578,-0.7682167,21.49,21.73,21.73,24.0,23.56833333333333,93.19583333333333,2.0444560185185185,,201.4729166666667
2012-12-29,28.3,21.13,99.9,76.69,17.4,11.05,224.0,18.14,1.224702,-0.7236154,22.08,22.15,22.15,24.0,23.196250000000003,95.09166666666665,2.1338541666666666,,83.90079166666666
2012-12-30,26.32,21.61,100.0,81.2,7.244,6.180555555555555,120.0,22.86,1.22572,-0.828943,22.01,22.01,22.01,24.0,24.281666666666666,91.13041666666668,1.8698958333333333,,195.83504166666668
2012-12-31,28.0,21.72,100.0,74.64,16.91,5.55,110.0,2.286,1.133874,-0.9811457,23.34,24.12,24.12,24.0,24.524583333333336,93.57333333333334,1.6568402777777778,,149.94691666666668
2013-01-01,29.17,22.49,99.2,68.93,12.95,9.53888888888889,242.0,27.08,1.112643,-0.8579093,22.68,22.79,22.79,24.0,25.14708333333333,86.12374999999999,2.4312152777777776,,176.94420833333334
2013-01-02,32.03,21.98,100.0,47.19,15.28,11.4,126.0,5.029,0.9501002,-0.8309487999999999,20.08,22.23,22.23,24.0,21.069166666666668,86.12708333333335,2.7917476851851855,,85.36649999999999
2013-01-03,23.12,18.83,96.9,69.79,7.37,8.530555555555555,157.0,0.457,1.176794,-0.2794715,18.45,19.0,19.0,24.0,20.685416666666665,89.8675,1.6982407407407407,,148.63220833333335
2013-01-04,25.16,18.8,97.8,68.3,12.83,7.580555555555555,85.0,2.057,1.110746,-0.2766392,19.33,19.73,19.73,24.0,21.422916666666666,96.06666666666666,1.7338310185185186,,135.627125
2013-01-05,23.89,19.59,99.3,84.6,11.71,6.788888888888889,85.0,1.8290000000000002,0.7562568,-0.5538567999999999,21.46,21.72,21.72,24.0,24.31625,91.59833333333334,2.3313078703703702,,236.733625
2013-01-06,28.47,21.49,100.0,76.99,20.44,8.369444444444444,80.0,3.429,0.5504363,-0.6048089,23.46,24.25,24.25,24.0,25.6375,91.89583333333333,1.8766203703703705,,186.39783333333332
2013-01-07,29.66,23.19,99.2,76.56,16.09,5.8805555555555555,102.0,1.3719999999999999,0.7396512,-0.7449809,22.69,24.38,24.38,24.0,26.64375,79.57833333333333,2.1950578703703703,,347.8900416666667
2013-01-08,31.62,21.31,96.8,58.52,30.03,7.930555555555555,74.0,0.0,0.941282,-0.7323282,24.45,25.97,25.97,24.0,25.86916666666667,91.20375,1.3418402777777778,,99.36899999999999
2013-01-09,28.83,23.96,99.1,69.65,8.58,6.8805555555555555,128.0,3.2,0.9852173,-0.6887759,23.92,24.9,24.9,24.0,25.277916666666666,88.3675,2.205011574074074,,110.887
2013-01-10,27.74,23.48,96.8,76.42,9.57,11.46111111111111,161.0,0.686,1.026216,-0.5660744,20.56,23.77,23.77,24.0,24.137083333333333,75.53833333333334,4.003414351851852,,318.70379166666663
2013-01-11,27.65,21.24,90.3,59.5,27.52,12.119444444444445,134.0,0.0,1.269009,-0.6443805,18.03,21.65,21.65,24.0,22.89125,69.45083333333334,3.9843634259259257,,403.4835
2013-01-12,27.24,19.7,84.4,46.83,34.84,10.45,114.0,0.0,1.23727,-0.6169148999999999,16.81,21.81,21.81,24.0,22.699166666666667,73.10000000000001,2.3144444444444443,,344.59720833333336
2013-01-13,27.24,18.56,91.0,56.11,29.76,7.611111111111111,96.0,0.0,1.281005,-0.9437004,18.75,20.6,20.6,24.0,21.99,87.835,1.561875,,144.47091666666668
2013-01-14,25.99,19.62,96.3,68.98,12.47,5.4,97.0,1.143,1.184188,-1.08759,20.33,20.92,20.92,24.0,22.650000000000002,93.64583333333333,2.741435185185185,,134.30791666666667
2013-01-15,26.2,20.8,99.8,79.57,11.6,8.35,101.0,19.43,1.154521,-0.8598135,21.58,21.61,21.61,24.0,23.853333333333335,87.46041666666667,3.050046296296296,,347.77658333333335
2013-01-16,27.87,20.45,100.0,67.9,30.03,10.688888888888888,101.0,7.315,1.126395,-0.8193077,21.86,23.27,23.27,24.0,24.06375,86.97250000000001,2.18880787037037,,180.68191666666667
2013-01-17,26.44,22.21,95.3,74.55,15.6,6.15,120.0,0.0,1.061842,-0.9652474999999999,21.15,22.56,22.56,24.0,24.739166666666666,81.85791666666667,2.147962962962963,,347.2606666666666
2013-01-18,29.77,21.0,96.8,59.62,29.99,7.819444444444444,87.0,0.0,0.9517527,-0.906281,21.52,23.83,23.83,24.0,24.217083333333335,85.67458333333333,2.2241319444444443,,277.56041666666664
2013-01-19,29.69,21.23,98.2,52.99,23.97,9.430555555555555,102.0,7.366,0.9663400999999999,-0.7733308,21.55,22.11,22.11,24.0,24.097916666666666,82.6825,2.882835648148148,,320.2345833333333
2013-01-20,28.34,20.97,96.6,62.3,27.65,9.65,104.0,3.2,0.8914192,-0.3788512,20.35,21.04,21.04,24.0,23.293333333333333,82.96416666666667,3.494710648148148,,363.5816666666667
2013-01-21,28.44,20.32,98.1,55.43,31.39,12.019444444444446,108.0,5.258,0.7383811,-0.2096124,20.37,20.87,20.87,24.0,23.149583333333336,78.53916666666667,3.375115740740741,,393.395375
2013-01-22,27.04,20.0,97.1,51.41,33.97,9.249999999999998,98.0,1.6,0.7855222,-0.4272214,18.58,21.4,21.4,24.0,22.277083333333334,82.01458333333333,2.558634259259259,,238.1641666666667
2013-01-23,27.48,19.4,97.4,50.25,20.56,6.638888888888888,113.0,3.2,0.7884690999999999,-0.6773646999999999,19.57,20.03,20.03,24.0,22.86708333333333,86.47083333333335,2.4522453703703704,,349.47391666666664
2013-01-24,28.13,19.72,99.6,63.22,30.17,8.938888888888888,83.0,5.029,0.7798828999999999,-0.7462251,21.09,23.1,23.1,24.0,25.21166666666667,82.42875,2.327037037037037,,417.756375
2013-01-25,29.4,20.78,98.0,63.76,36.07,8.561111111111112,73.0,0.0,0.8084505,-0.8137561999999999,23.32,24.88,24.88,24.0,26.796666666666667,85.38833333333334,2.1463888888888887,,330.36129166666666
2013-01-26,34.44,23.53,97.4,57.48,28.52,8.36111111111111,100.0,1.8290000000000002,0.9211543,-0.9062962999999999,23.06,23.73,23.73,24.0,23.537916666666664,78.87708333333333,3.508796296296296,,133.04616666666666
2013-01-27,25.62,20.08,96.3,63.94,11.49,8.161111111111111,99.0,0.0,1.308526,-0.41573499999999997,18.62,20.3,20.3,24.0,22.067083333333333,83.47416666666668,1.396701388888889,,118.8575
2013-01-28,25.22,19.25,95.9,69.96,10.26,4.438888888888889,82.0,0.457,1.534736,-0.7008476,20.13,21.84,21.84,24.0,24.27125,81.30125,2.611724537037037,,404.51174999999995
2013-01-29,28.95,20.52,97.6,53.01,34.93,8.11111111111111,103.0,0.457,1.268538,-0.9171678,21.05,24.18,24.18,24.0,25.18166666666667,77.875,2.3041550925925924,,423.21754166666665
2013-01-30,28.95,22.29,94.9,54.54,36.54,8.511111111111111,75.0,0.0,1.111202,-1.134894,20.31,22.99,22.99,24.0,24.09875,80.52625,2.0637962962962964,,231.64670833333332
2013-01-31,27.56,21.06,94.9,61.94,20.0,7.488888888888889,87.0,0.0,0.9704174999999999,-1.12526,21.37,22.58,22.58,24.0,24.646666666666665,86.96375,2.4457407407407405,,283.883625
2013-02-01,28.81,21.31,97.8,72.28,24.52,8.980555555555554,85.0,1.8290000000000002,0.9558000999999999,-0.9732500000000001,21.95,25.57,25.57,24.0,26.671666666666667,82.31750000000001,2.521608796296296,,381.0839583333333
2013-02-02,30.6,23.22,96.4,63.11,32.91,9.069444444444445,67.0,0.0,0.8834333,-1.001022,23.81,25.91,25.91,24.0,26.83791666666667,85.78875,2.096388888888889,,289.775125
2013-02-03,31.34,22.14,98.1,66.99,25.02,9.2,159.0,10.54,0.8026538,-0.7533183,22.6,23.05,23.05,24.0,24.516666666666666,87.58083333333333,2.4059143518518518,,210.78275
2013-02-04,29.23,21.7,99.0,67.64,18.21,8.430555555555555,156.0,8.46,0.7831545,-0.5821296,21.58,22.28,22.28,24.0,23.302916666666665,75.77708333333334,2.899861111111111,,225.44687499999998
2013-02-05,26.83,20.95,96.3,54.34,19.46,7.0,115.0,0.0,0.9613900000000001,-0.0913949,18.12,22.45,22.45,24.0,23.60166666666667,76.04875,2.3319444444444444,,252.59816666666666
2013-02-06,26.91,20.4,91.1,62.76,21.81,8.169444444444444,71.0,0.0,0.8953707,-0.5081272,19.37,24.27,24.27,24.0,23.087083333333336,84.77583333333332,2.901111111111111,,135.81266666666667
2013-02-07,26.28,20.55,99.1,69.08,11.73,7.511111111111111,97.0,17.83,0.7870202,-0.8504851,20.21,23.09,23.09,24.0,21.38208333333333,92.25333333333333,2.474074074074074,,77.57229166666667
2013-02-08,23.34,19.38,99.8,69.99,6.698,6.3,157.0,47.04,0.9367842999999999,-0.7530487,19.72,20.02,20.02,24.0,22.18541666666667,93.54166666666667,1.776377314814815,,143.25083333333333
2013-02-09,26.03,19.7,99.4,80.5,12.37,4.688888888888888,216.0,6.274,1.094946,-0.8369489999999999,21.35,21.59,21.59,24.0,23.177916666666665,94.40833333333335,1.1759953703703703,,132.808625
2013-02-10,26.72,21.15,99.6,78.18,11.47,5.211111111111111,78.0,0.457,1.200686,-0.8727863,22.78,22.86,22.86,24.0,23.626666666666665,95.075,1.1721412037037038,,117.23816666666666
2013-02-11,26.17,22.27,100.0,83.0,10.12,4.930555555555555,80.0,5.715,1.205441,-0.9386485999999999,22.44,22.68,22.68,24.0,26.170416666666668,85.17125,1.9525925925925927,,308.208625
2013-02-12,32.73,22.33,99.8,54.81,26.61,8.088888888888889,68.0,0.457,1.178055,-1.028548,24.11,25.38,25.38,24.0,25.249166666666667,91.78458333333333,1.5720949074074075,,118.34891666666665
2013-02-13,29.62,21.72,99.7,73.35,10.22,9.330555555555556,264.0,10.36,1.228894,-0.9786929,23.12,23.16,23.16,24.0,25.657083333333333,89.50583333333333,1.748113425925926,,327.0305416666667
2013-02-14,33.34,22.58,100.0,55.82,28.24,11.169444444444444,297.0,27.38,1.114151,-1.031261,23.57,23.78,23.78,24.0,25.284583333333334,91.78458333333333,1.572638888888889,,199.95758333333333
2013-02-15,29.93,23.0,99.7,72.36,17.27,7.6499999999999995,74.0,14.17,0.9444828,-1.037271,23.76,24.12,24.12,24.0,25.433333333333334,92.505,1.4729398148148147,,188.66750000000002
2013-02-16,30.08,22.76,100.0,71.99,16.29,6.938888888888889,225.0,5.715,0.9222627,-0.9035365999999999,23.58,24.5,24.5,24.0,24.834999999999997,94.13416666666666,1.996909722222222,,227.10237500000002
2013-02-17,29.82,22.8,100.0,74.28,19.61,10.16111111111111,114.0,34.06,0.7562587,-0.6839796,23.29,23.29,23.29,24.0,25.795416666666668,87.92166666666667,2.1403819444444445,,330.05199999999996
2013-02-18,31.75,22.51,100.0,63.64,28.5,12.35,212.0,0.0,0.5304983,-0.6604625,22.48,23.92,23.92,24.0,26.693749999999998,81.3075,2.157071759259259,,283.9161666666667
2013-02-19,33.25,22.03,97.6,49.74,24.51,8.88888888888889,218.0,1.3719999999999999,0.5329278,-0.3948596,23.66,24.13,24.13,24.0,26.539583333333336,83.92999999999999,2.2250462962962962,,327.78125
2013-02-20,30.56,22.81,98.1,68.01,28.3,7.780555555555556,90.0,0.0,0.8763664,-0.13192769999999998,24.05,25.27,25.27,24.0,27.139166666666668,84.18666666666667,2.1862731481481483,,346.2573333333333
2013-02-21,30.93,23.6,98.5,62.43,29.9,7.6,74.0,0.0,0.8044589,-0.25203529999999996,24.4,30.08,26.9,24.0,27.66125,83.83416666666666,2.0420023148148148,,353.00712500000003
2013-02-22,32.04,24.16,96.5,63.56,30.48,17.130555555555556,277.0,5.842,0.7952602,-0.43640959999999995,23.56,25.01,25.01,24.0,24.18875,87.80333333333334,2.760138888888889,,65.32595833333333
2013-02-23,27.01,21.79,96.3,78.05,5.64,9.511111111111111,132.0,17.17,1.026381,-0.3919739,20.21,22.01,22.01,24.0,23.107916666666668,86.44,1.9436574074074073,,147.03083333333333
2013-02-24,26.55,20.48,98.4,68.73,12.69,5.85,92.0,2.057,1.3664100000000001,-0.7375526,21.06,21.99,21.99,24.0,24.734583333333333,84.82333333333334,2.063252314814815,,372.08258333333333
2013-02-25,29.2,20.37,99.4,66.36,32.13,8.080555555555556,77.0,0.0,1.060122,-0.9693556,23.71,25.51,25.51,24.0,26.464583333333334,87.06166666666667,2.3006944444444444,,326.798
2013-02-26,31.85,22.35,98.6,59.93,28.22,24.22222222222222,299.0,36.91,1.053486,-1.2516639999999999,22.38,22.93,22.93,24.0,23.831666666666667,93.36666666666667,2.088726851851852,,131.23733333333334
2013-02-27,26.23,22.68,99.2,82.0,11.33,8.419444444444444,116.0,3.886,1.3575279999999998,-0.8187066,21.55,22.74,22.74,24.0,23.7925,83.57083333333334,2.998900462962963,,225.2355
2013-02-28,27.14,22.2,94.1,71.86,19.45,9.6,123.0,0.0,1.6476169999999999,-0.4614606,20.19,22.26,22.26,24.0,23.082083333333333,87.47125,2.4418402777777777,,211.86620833333333
2013-03-01,27.14,20.14,96.7,70.5,18.29,5.980555555555556,232.0,2.972,1.549343,-0.5983487,22.09,23.09,23.09,24.0,25.329583333333332,78.69125,2.429988425925926,,390.8744166666667
2013-03-02,28.68,21.59,98.0,54.77,33.75,10.030555555555555,80.0,0.0,1.191921,-0.8579601,20.16,24.04,24.04,24.0,25.452083333333334,79.37791666666666,2.459212962962963,,360.3241666666667
2013-03-03,30.35,21.42,92.8,53.1,31.11,9.65,79.0,0.0,0.8664675,-1.044618,22.51,25.5,25.5,24.0,26.186666666666667,81.02291666666666,2.0700925925925926,,338.35041666666666
2013-03-04,30.59,22.58,95.9,58.18,29.21,7.788888888888889,61.0,0.0,0.5672060999999999,-1.010583,23.15,23.86,23.86,24.0,25.834999999999997,87.05041666666666,2.327650462962963,,263.2400833333333
2013-03-05,31.83,22.36,99.2,58.73,22.73,11.069444444444445,122.0,8.23,0.9000592,-0.6239885,22.0,22.95,22.95,24.0,21.2825,97.92083333333333,1.9725810185185184,,34.111916666666666
2013-03-06,23.31,19.13,100.0,91.7,2.946,8.480555555555556,141.0,21.72,1.119216,-0.04921222,18.66,19.34,19.34,24.0,21.33583333333333,90.99583333333334,1.6315277777777777,,104.99545833333333
2013-03-07,23.95,18.96,98.8,80.8,9.07,4.1,230.0,1.8290000000000002,1.004846,-0.3502456,21.29,21.52,21.52,24.0,23.59958333333333,95.08749999999999,2.071145833333333,,170.690875
2013-03-08,27.38,21.14,100.0,80.8,14.74,5.6,128.0,9.68,0.8477342,-0.7303763999999999,23.82,23.85,23.85,24.0,26.14375,89.66875,1.8203935185185187,,283.381875
2013-03-09,31.16,23.3,100.0,68.16,24.47,6.430555555555555,76.0,1.6,0.8464954,-0.8938856,24.42,26.1,26.1,24.0,25.393333333333334,93.66791666666667,1.6515393518518515,,122.88833333333334
2013-03-10,30.09,22.69,99.2,72.85,10.61,7.269444444444445,85.0,9.5,1.125351,-0.7879252,22.78,23.14,23.14,24.0,25.594166666666666,89.15416666666665,2.160972222222222,,322.294625
2013-03-11,32.33,22.42,99.5,63.11,27.82,14.461111111111112,231.0,50.44,1.303223,-0.9389424,22.37,22.8,22.8,24.0,24.649583333333336,88.95458333333333,1.903310185185185,,183.16079166666668
2013-03-12,27.88,22.14,99.6,73.58,15.82,6.461111111111111,124.0,0.0,1.3321749999999999,-0.8102937,23.34,23.79,23.79,24.0,25.6775,91.72875,1.5294212962962963,,204.33308333333332
2013-03-13,30.25,23.35,99.7,70.86,17.64,6.038888888888888,76.0,2.057,1.534764,-0.7254402999999999,25.07,25.18,25.18,24.0,24.124166666666667,87.77291666666667,2.9637152777777778,,102.04375
2013-03-14,27.07,22.51,100.0,74.55,8.81,8.369444444444444,147.0,4.801,1.6434000000000002,-0.6450606999999999,18.52,22.77,22.77,24.0,21.153333333333332,86.38458333333334,2.034965277777778,,75.27816666666666
2013-03-15,22.83,19.12,97.5,70.9,6.499,6.461111111111111,119.0,0.914,1.383213,-0.7360171,18.65,19.66,19.66,24.0,20.63,97.3625,2.0698263888888886,,64.99108333333334
2013-03-16,22.77,18.83,100.0,90.8,5.611,5.061111111111111,234.0,19.0,1.144773,-0.8818885999999999,21.34,21.34,21.34,24.0,22.43375,96.47500000000001,2.8929166666666664,,120.82395833333334
2013-03-17,26.81,20.52,100.0,81.2,10.44,9.450000000000001,147.0,12.12,1.097584,-0.8178103,20.28,20.68,20.68,24.0,21.32375,82.46333333333332,2.6694560185185185,,79.446625
2013-03-18,23.07,18.03,98.4,70.18,6.854,9.730555555555556,127.0,0.229,0.873975,-0.3715039,16.17,18.37,18.37,24.0,19.985833333333332,85.23625,2.236782407407407,,133.589875
2013-03-19,23.77,17.69,98.0,64.01,11.54,6.2,155.0,2.515,0.6711876,-0.45116009999999995,18.74,19.47,19.47,24.0,19.83791666666667,95.325,1.8493171296296296,,63.444208333333336
2013-03-20,22.12,18.71,99.8,84.3,5.475,6.930555555555555,76.0,10.08,0.4255059,-0.48371759999999997,19.32,19.35,19.35,24.0,20.905416666666664,97.6375,1.238773148148148,,57.07458333333333
2013-03-21,23.69,19.22,100.0,89.0,4.928,5.830555555555555,73.0,20.83,0.39232799999999995,-0.4388955,21.28,21.79,21.79,24.0,24.095416666666665,88.23625,1.9025694444444445,,291.9379583333333
2013-03-22,29.04,20.42,99.2,67.23,25.21,6.7,7.0,0.0,0.5338077999999999,-0.6682041999999999,22.37,22.59,22.59,24.0,23.920416666666668,80.79083333333334,2.871724537037037,,328.23245833333334
2013-03-23,29.9,19.94,99.3,48.13,28.34,8.969444444444443,102.0,0.0,0.845,-0.4402966,19.37,21.86,21.86,24.0,22.403750000000002,81.57291666666667,1.6208333333333333,,89.68291666666666
2013-03-24,24.97,20.96,90.9,73.22,7.743,4.261111111111111,333.0,0.0,0.9549029,-0.37144099999999997,19.36,21.06,21.06,24.0,20.08375,90.55583333333334,1.7755555555555553,,45.80925
2013-03-25,22.88,16.87,99.4,77.26,3.955,5.288888888888889,144.0,18.75,1.233987,-0.5684459,17.16,17.29,17.29,24.0,20.329166666666666,92.44666666666666,1.8705439814814815,,171.362875
2013-03-26,24.49,17.27,99.6,77.8,14.8,6.011111111111111,103.0,1.3719999999999999,1.224083,-0.9276928999999999,20.82,20.98,20.98,24.0,22.21375,95.55833333333334,1.433275462962963,,102.94920833333333
2013-03-27,25.0,20.75,100.0,82.9,8.89,4.980555555555555,95.0,1.8290000000000002,1.378526,-1.027318,20.81,20.98,20.98,24.0,22.005416666666665,84.69125,1.928946759259259,,297.7572916666667
2013-03-28,25.87,18.43,99.9,62.36,25.71,5.938888888888888,84.0,0.0,1.415226,-0.924619,17.84,18.45,18.45,24.0,21.853333333333335,78.0775,2.919212962962963,,297.96341666666666
2013-03-29,27.94,17.19,97.7,51.65,25.73,9.249999999999998,154.0,0.229,1.458276,-0.7399557,18.66,20.51,20.51,24.0,22.206666666666667,81.4425,2.7260648148148143,,324.5878333333333
2013-03-30,26.18,19.43,95.9,60.62,28.03,7.630555555555555,96.0,0.229,1.288917,-0.9914731,19.21,19.87,19.87,24.0,21.169999999999998,91.55624999999999,1.3973611111111113,,151.04995833333334
2013-03-31,25.24,18.74,99.2,74.27,13.04,4.588888888888889,87.0,10.74,1.088153,-0.9614202,19.57,20.0,20.0,24.0,22.677083333333332,88.42583333333333,2.036157407407407,,284.1154166666667
2013-04-01,27.1,19.36,99.8,67.35,24.53,6.75,70.0,0.0,1.029782,-0.9812664,21.04,21.41,21.41,24.0,24.160833333333333,86.295,1.8867824074074073,,287.34554166666663
2013-04-02,28.32,21.14,99.1,62.18,24.81,7.519444444444444,73.0,0.0,0.9487091999999999,-0.681686,22.45,23.51,23.51,24.0,23.449166666666667,94.84166666666665,1.2062847222222222,,53.349
2013-04-03,24.93,21.68,100.0,87.9,4.606,5.249999999999999,334.0,22.73,0.989877,-0.4005991,21.96,21.96,21.96,24.0,22.619583333333335,96.89999999999999,1.9603703703703703,,128.364
2013-04-04,26.09,21.25,100.0,81.3,11.08,6.280555555555555,81.0,23.55,0.9503467,-0.6399959,22.11,22.15,22.15,24.0,24.070833333333336,91.78416666666668,1.586736111111111,,178.46787500000002
2013-04-05,26.89,21.5,100.0,76.99,15.41,5.511111111111111,81.0,4.115,0.6464283,-1.019074,23.88,23.98,23.98,24.0,25.875416666666666,74.70375,3.179895833333333,,323.26241666666664
2013-04-06,31.68,20.4,100.0,39.01,27.91,13.71111111111111,251.0,12.12,0.8447909,-0.9325625,17.77,20.43,20.43,24.0,22.62125,72.42666666666666,2.039039351851852,,319.09345833333333
2013-04-07,29.33,17.89,96.5,45.05,27.55,6.938888888888889,118.0,0.0,1.130796,-0.4260616,17.31,19.27,19.27,24.0,22.068749999999998,83.86125,2.1722569444444444,,257.7259166666667
2013-04-08,26.7,17.65,96.4,61.94,22.25,5.8805555555555555,99.0,0.0,1.312703,-0.6594964999999999,20.97,22.76,22.76,24.0,22.493333333333336,87.95833333333333,1.3708912037037038,,116.07858333333333
2013-04-09,26.44,20.12,97.6,66.77,10.02,4.161111111111111,98.0,5.486,1.292833,-0.6543424,19.8,20.31,20.31,24.0,22.334166666666665,86.00916666666666,1.7041087962962962,,188.19425
2013-04-10,25.85,19.62,96.8,69.71,16.25,5.0,93.0,0.229,1.201568,-0.9096417,20.13,20.92,20.92,24.0,22.855416666666667,86.3925,2.480729166666667,,227.15170833333332
2013-04-11,26.52,20.03,97.3,72.6,19.61,9.430555555555555,73.0,0.0,1.3223639999999999,-0.902698,19.32,22.86,22.86,24.0,23.31958333333333,83.89375,1.9676041666666666,,209.20395833333336
2013-04-12,28.38,19.68,96.6,60.58,18.06,7.869444444444444,69.0,0.0,1.119685,-1.213652,21.51,24.2,24.2,24.0,23.09375,91.22958333333334,1.9024884259259258,,160.59104166666665
2013-04-13,28.71,20.22,99.7,70.6,13.87,12.76111111111111,224.0,14.17,0.8544959999999999,-1.439062,20.82,21.16,21.16,24.0,20.555416666666666,93.59583333333335,1.9632754629629627,,52.292458333333336
2013-04-14,23.59,17.95,98.8,80.1,4.514,6.938888888888889,156.0,2.515,1.251694,-1.21326,17.89,18.09,18.09,24.0,18.61375,79.40625,1.9497453703703702,,292.7884583333333
2013-04-15,23.41,14.82,100.0,38.24,25.28,5.6,113.0,0.0,1.270518,-0.4901974,15.57,16.95,16.95,24.0,19.441666666666666,74.98875,1.7533796296296298,,299.2504166666667
2013-04-16,26.26,14.23,96.0,35.52,25.84,5.8,83.0,0.0,1.075966,-0.46204969999999995,15.02,16.81,16.81,24.0,20.605833333333333,71.8975,2.747673611111111,,297.46875
2013-04-17,27.49,14.72,94.0,40.46,25.68,10.2,221.0,0.0,1.225924,-0.2323625,16.49,17.46,17.46,24.0,19.780833333333334,74.42958333333333,1.9582407407407407,,292.439375
2013-04-18,25.36,14.85,97.9,37.34,25.25,5.830555555555555,101.0,0.0,1.027532,0.201088,16.02,18.31,18.31,24.0,20.25125,81.72166666666666,1.7190972222222223,,254.295375
2013-04-19,25.15,16.36,96.4,53.36,21.95,6.230555555555555,75.0,0.0,0.6566757999999999,-0.09041572,17.47,18.3,18.3,24.0,20.669999999999998,84.39916666666666,1.7360879629629629,,282.57625
2013-04-20,25.88,16.76,98.3,52.56,24.4,5.738888888888889,93.0,0.0,0.8285749,-0.3920912,18.33,19.31,19.31,24.0,20.420416666666664,80.53875000000001,1.700775462962963,,270.23991666666666
2013-04-21,26.05,15.8,98.6,52.08,23.33,6.1611111111111105,105.0,0.0,0.9902101,-0.3531237,16.6,19.19,19.19,24.0,20.299583333333334,83.53750000000001,2.3735069444444443,,254.82308333333333
2013-04-22,24.74,17.05,94.5,66.49,22.0,6.8694444444444445,96.0,0.0,0.9886281,-0.446347,18.21,19.3,19.3,24.0,20.65125,79.32291666666667,1.7510300925925926,,239.22720833333335
2013-04-23,25.47,16.88,97.9,46.41,20.66,6.038888888888888,101.0,0.0,1.080132,-0.6195978999999999,16.0,17.24,17.24,24.0,19.732499999999998,90.84583333333335,1.3995833333333332,,111.8245
2013-04-24,23.85,17.11,99.5,74.55,9.66,4.280555555555556,321.0,6.172,1.18234,-0.7965688999999999,19.05,19.22,19.22,24.0,20.337083333333332,92.22874999999999,1.4370717592592592,,130.43041666666667
2013-04-25,24.79,18.45,99.5,70.23,11.26,4.688888888888888,345.0,1.8290000000000002,1.1841409999999999,-0.9658673,18.78,18.93,18.93,24.0,21.235833333333332,86.24000000000001,1.8839814814814815,,253.160125
2013-04-26,25.61,18.49,99.1,58.78,21.86,7.119444444444444,84.0,0.229,1.28632,-0.9003645,19.12,20.22,20.22,24.0,21.405833333333334,84.34541666666667,1.5113773148148149,,240.8323333333333
2013-04-27,27.1,17.09,100.0,54.27,20.79,6.21111111111111,66.0,0.0,1.310824,-0.9980403999999999,18.37,18.8,18.8,24.0,21.006666666666668,86.78291666666667,1.6615972222222222,,245.446625
2013-04-28,25.94,17.03,99.4,60.78,21.19,6.1611111111111105,92.0,0.0,1.4058,-0.8634794,18.62,19.16,19.16,24.0,20.835416666666667,86.1675,1.7242592592592592,,248.02216666666666
2013-04-29,25.49,16.53,100.0,61.52,21.42,6.75,86.0,0.0,1.24998,-0.8092201,18.12,18.82,18.82,24.0,21.287499999999998,87.84833333333334,1.4700694444444444,,190.51766666666666
2013-04-30,25.5,17.32,98.8,71.68,16.45,5.269444444444444,88.0,0.0,1.016448,-0.853663,20.6,21.07,21.07,24.0,23.262083333333333,81.295,1.990775462962963,,244.56491666666668
2013-05-01,29.3,18.96,98.9,50.66,21.12,6.280555555555555,113.0,0.0,1.153974,-0.5441144,20.39,21.5,21.5,24.0,21.7975,95.075,1.416898148148148,,50.28933333333333
2013-05-02,23.23,20.5,99.5,89.0,4.342,4.061111111111111,125.0,0.229,1.174725,-0.3247286,21.5,21.62,21.62,24.0,23.28625,90.81708333333334,1.7453356481481481,,209.52029166666668
2013-05-03,27.61,21.0,99.8,72.73,18.09,7.019444444444444,68.0,0.0,1.091746,-0.44550779999999995,21.36,21.75,21.75,24.0,22.960416666666664,92.17458333333333,1.5769560185185185,,197.49425
2013-05-04,27.04,20.0,100.0,73.49,17.05,7.038888888888889,66.0,0.0,0.8359995,-0.6950915,20.99,21.19,21.19,24.0,23.0725,90.12916666666666,2.2483680555555554,,209.39237500000002
2013-05-05,29.67,20.47,100.0,63.52,18.08,9.619444444444445,122.0,0.229,0.8872852,-0.5879736999999999,20.61,21.12,21.12,24.0,19.084583333333335,97.89583333333333,2.2514351851851853,,15.638333333333334
2013-05-06,21.61,13.77,100.0,92.7,1.351,11.438888888888888,135.0,37.72,1.099908,-0.2042964,13.94,14.25,14.25,24.0,17.35375,81.35208333333334,1.9165972222222223,,254.56208333333333
2013-05-07,23.77,13.11,99.6,46.06,21.98,6.549999999999999,217.0,0.457,1.254418,-0.2166302,13.86,14.65,14.65,24.0,18.239583333333332,68.645,2.3266203703703705,,238.68483333333333
2013-05-08,25.57,12.96,98.9,31.8,20.61,12.45,208.0,0.0,1.272377,-0.4208943,7.163,14.63,14.63,24.0,15.162916666666668,64.75625000000001,1.836585648148148,,257.13166666666666
2013-05-09,21.1,9.25,91.6,30.05,22.2,4.819444444444445,70.0,0.0,1.416251,-0.3718044,9.82,11.12,11.12,24.0,15.854166666666666,80.13208333333334,1.6501157407407405,,251.71083333333334
2013-05-10,23.53,10.79,96.1,45.32,21.73,3.95,96.0,0.0,1.233107,-0.7601986,12.04,12.96,12.96,24.0,17.162499999999998,82.32458333333334,1.6955671296296295,,247.295875
2013-05-11,24.77,10.93,97.7,57.72,21.35,6.561111111111111,74.0,0.0,1.190706,-0.8884732,16.68,17.04,17.04,24.0,19.850833333333334,87.58125,1.4762962962962962,,227.37525000000002
2013-05-12,24.88,15.73,98.8,65.34,19.63,6.469444444444444,75.0,0.0,1.054803,-1.040367,19.12,20.08,20.08,24.0,21.102083333333333,88.06333333333333,1.556574074074074,,177.57633333333334
2013-05-13,24.92,17.89,98.5,69.76,15.33,5.230555555555555,108.0,0.0,1.043167,-1.107068,18.94,19.2,19.2,24.0,21.18166666666667,93.3025,1.4486574074074074,,140.44379166666667
2013-05-14,25.02,18.73,100.0,79.09,12.13,4.8694444444444445,97.0,0.0,1.152454,-0.7318718,20.72,20.72,20.72,24.0,22.437916666666666,92.31333333333333,1.5089351851851853,,163.00787499999998
2013-05-15,26.7,19.49,100.0,73.38,14.08,4.311111111111111,80.0,0.0,0.8979688,-0.7156986,20.98,21.15,21.15,24.0,22.199166666666667,90.30458333333333,1.3740856481481483,,62.79341666666667
2013-05-16,25.1,19.42,100.0,65.16,5.422,6.530555555555556,244.0,0.457,0.9862285,-0.5436023,19.7,22.3,22.3,24.0,18.330000000000002,93.58333333333333,3.3446064814814815,,28.863625
2013-05-17,22.32,14.53,99.2,80.4,2.493,8.55,147.0,8.23,1.253254,0.05542374,11.9,14.62,14.62,24.0,15.434583333333334,76.39083333333333,1.3065856481481481,,86.42312500000001
2013-05-18,17.91,13.09,89.9,58.6,7.461,4.930555555555555,99.0,0.0,0.9908707,0.2036905,13.42,15.88,15.88,24.0,15.655833333333334,94.55833333333334,1.9134490740740742,,38.1315
2013-05-19,16.38,14.71,100.0,82.8,3.292,4.330555555555556,268.0,0.914,0.7679948999999999,-0.08217382000000001,16.25,16.25,16.25,24.0,18.0225,97.34166666666665,1.390150462962963,,62.031083333333335
2013-05-20,21.0,16.06,100.0,88.4,5.356,3.888888888888889,242.0,0.686,0.7755314999999999,-0.34059609999999996,18.59,18.89,18.89,24.0,20.404166666666665,93.23916666666668,1.6065162037037037,,189.17429166666668
2013-05-21,24.64,17.65,100.0,75.55,16.33,5.0,214.0,0.229,0.9173,-0.49100049999999995,19.25,19.48,19.48,24.0,20.442916666666665,91.67958333333333,2.0083680555555556,,187.30420833333335
2013-05-22,23.86,18.02,100.0,72.54,16.17,6.569444444444444,83.0,0.0,0.9327793,-0.4328225,18.73,20.08,20.08,24.0,18.587500000000002,94.67916666666667,1.7758680555555555,,37.05416666666667
2013-05-23,20.08,16.71,99.3,88.6,3.199,5.780555555555555,132.0,2.057,1.058658,-0.6933943,16.8,17.28,17.28,24.0,18.243333333333332,88.96499999999999,1.2246527777777778,,96.00970833333334
2013-05-24,21.83,15.46,98.8,71.46,8.29,3.738888888888889,286.0,4.572,1.159146,-0.8331151,17.39,17.57,17.57,24.0,17.670833333333334,94.86666666666667,1.3389351851851854,,89.29966666666667
2013-05-25,20.43,15.2,100.0,78.44,7.71,4.9,110.0,16.0,1.120435,-0.9176978,15.6,15.6,15.6,24.0,17.71,91.44125000000001,1.7430671296296296,,215.26920833333335
2013-05-26,22.83,14.23,100.0,67.34,18.59,6.1,102.0,0.0,1.169147,-0.9644855999999999,16.8,17.65,17.65,24.0,18.61,89.51875,1.8119328703703703,,156.01500000000001
2013-05-27,22.4,16.73,97.5,69.95,13.47,6.519444444444444,92.0,2.286,1.436425,-0.6981277,17.19,17.85,17.85,24.0,18.04,96.6375,1.3420023148148148,,66.08254166666667
2013-05-28,21.3,16.63,100.0,84.1,5.7059999999999995,4.738888888888888,219.0,10.97,1.227606,-0.7150432999999999,17.0,17.0,17.0,24.0,17.709166666666665,98.61666666666667,1.8478587962962962,,32.534375000000004
2013-05-29,19.57,16.2,100.0,94.3,2.809,7.138888888888888,202.0,1.3719999999999999,1.214236,-0.6240547,17.27,17.33,17.33,24.0,19.815833333333334,90.30208333333333,1.9474421296296296,,201.44854166666667
2013-05-30,24.74,15.54,100.0,67.33,17.4,12.25,230.0,2.286,1.090257,-0.7797318999999999,17.86,20.2,20.2,24.0,18.57375,68.7325,3.7918749999999997,,200.83941666666666
2013-05-31,22.6,12.26,97.2,31.45,17.33,10.580555555555556,255.0,0.0,1.014604,-0.5854746,10.7,12.55,12.55,24.0,15.561250000000001,79.23916666666666,1.6234722222222222,,214.53016666666667
2013-06-01,21.49,10.17,98.0,52.05,18.52,6.738888888888889,79.0,0.0,1.159128,-0.4357044,15.09,15.82,15.82,24.0,17.86375,90.58833333333332,1.924236111111111,,199.05587500000001
2013-06-02,22.37,13.15,100.0,71.53,17.19,8.330555555555556,186.0,11.25,0.9390556999999999,-0.5674948,18.38,18.38,18.38,24.0,19.353333333333335,95.50416666666666,1.5304282407407408,,94.96729166666667
2013-06-03,23.24,17.52,100.0,78.85,8.2,13.630555555555555,261.0,12.14,0.7886504999999999,-0.4696883,18.41,18.55,18.55,24.0,18.753333333333334,89.03333333333335,1.389560185185185,,140.41020833333332
2013-06-04,22.6,16.36,99.0,67.8,12.12,4.661111111111111,80.0,0.686,0.9355464,-0.3849468,15.99,16.83,16.83,24.0,17.877083333333335,90.41624999999999,1.345787037037037,,173.9915
2013-06-05,22.0,14.7,100.0,71.33,15.02,5.469444444444445,72.0,0.0,1.059077,-0.2410617,14.97,15.06,15.06,24.0,17.438333333333333,88.415,1.6130324074074072,,209.37158333333332
2013-06-06,24.01,13.43,100.0,58.87,18.08,5.961111111111111,82.0,0.0,0.8974128,-0.5676742,14.68,14.88,14.88,24.0,18.014166666666668,88.08416666666666,1.7339814814814813,,202.12354166666668
2013-06-07,25.31,12.5,100.0,58.69,17.45,5.611111111111111,94.0,0.0,1.114708,-0.6508653999999999,15.55,16.17,16.17,24.0,18.082083333333333,90.2375,1.5153125,,92.13145833333334
2013-06-08,20.84,15.1,98.2,77.96,7.955,5.3500000000000005,102.0,0.0,1.209229,-0.6102951,17.65,18.57,18.57,24.0,19.019583333333333,89.15708333333333,1.79,,197.494
2013-06-09,23.16,15.47,100.0,67.87,17.05,6.980555555555555,137.0,0.0,1.14947,-0.5957361,15.55,17.37,17.37,24.0,18.273333333333333,86.36166666666666,1.8320370370370371,,178.7636666666667
2013-06-10,22.03,15.86,97.6,69.31,15.43,6.180555555555555,72.0,0.0,1.0638779999999999,-0.927658,16.89,17.58,17.58,24.0,18.915,91.87583333333333,1.374386574074074,,167.60154166666666
2013-06-11,24.23,14.61,100.0,67.0,14.47,3.6694444444444447,104.0,0.0,1.185651,-0.763682,18.84,19.45,19.45,24.0,19.364166666666666,92.55833333333334,1.2084837962962964,,60.43616666666666
2013-06-12,21.21,17.97,99.2,81.5,5.219,3.3611111111111107,153.0,0.229,1.1312929999999999,-0.8215665999999999,18.11,18.62,18.62,24.0,19.242083333333333,95.39166666666667,1.2182523148148148,,71.7015
2013-06-13,21.98,17.79,100.0,83.8,6.189,3.2499999999999996,95.0,0.457,1.105407,-0.6602220999999999,18.7,18.74,18.74,24.0,19.351666666666667,90.515,1.3767013888888888,,156.65679166666666
2013-06-14,23.44,15.76,100.0,65.89,13.53,4.730555555555556,77.0,0.0,1.032202,-0.6100348,15.72,15.76,15.76,24.0,17.392500000000002,89.92291666666667,1.3324305555555556,,203.04095833333335
2013-06-15,24.61,13.47,100.0,52.96,17.53,4.75,105.0,0.0,0.9807794,-0.4580495,15.05,15.62,15.62,24.0,16.245,94.68333333333334,1.781712962962963,,25.025875
2013-06-16,18.18,14.96,99.7,86.7,2.164,6.861111111111111,149.0,3.2,1.046679,-0.4170892,15.12,15.77,15.77,24.0,16.44333333333333,98.36666666666667,1.148125,,42.726166666666664
2013-06-17,18.74,15.12,100.0,88.2,3.686,3.9805555555555556,237.0,16.23,0.9233439,-0.09359455,16.46,16.46,16.46,24.0,18.990416666666665,89.12124999999999,2.349108796296296,,175.18966666666665
2013-06-18,25.78,16.22,100.0,57.22,15.13,6.138888888888889,232.0,4.572,0.7054450999999999,-0.2439981,16.45,18.53,18.53,24.0,18.819166666666668,91.02291666666667,1.607384259259259,,147.994625
2013-06-19,22.19,16.55,99.8,74.38,12.78,5.1194444444444445,68.0,0.0,0.8825957999999999,-0.28882789999999997,18.16,18.59,18.59,24.0,18.764583333333334,97.75,1.7839930555555554,,46.727291666666666
2013-06-20,20.56,16.81,100.0,90.9,4.035,8.480555555555556,146.0,14.86,0.950587,-0.4909288,16.86,16.95,16.95,24.0,16.376666666666665,99.675,2.042997685185185,,12.420625000000001
2013-06-21,16.99,15.67,100.0,97.8,1.072,4.95,237.0,45.72,1.026229,-0.6536609,15.95,15.95,15.95,24.0,17.015416666666667,99.27083333333333,1.4319212962962962,,21.622
2013-06-22,19.68,15.78,100.0,73.85,1.869,7.861111111111111,253.0,45.01,1.26547,-0.5048789,14.51,19.27,19.27,24.0,18.242083333333333,66.04416666666667,4.3410416666666665,,210.59754166666667
2013-06-23,21.76,12.46,96.0,49.22,18.18,15.480555555555554,249.0,0.229,1.150109,-1.040199,11.9,12.61,12.61,24.0,14.995833333333332,85.07291666666667,1.7534027777777776,,156.77916666666667
2013-06-24,19.72,11.0,98.1,64.85,13.54,5.888888888888888,114.0,0.0,1.309162,-0.6254978,14.52,16.01,16.01,24.0,16.221666666666668,98.49166666666667,1.175011574074074,,18.22191666666667
2013-06-25,17.71,15.11,100.0,90.9,1.573,4.561111111111112,81.0,18.97,1.2858209999999999,-0.7228017,16.03,16.03,16.03,24.0,17.30333333333333,98.22083333333335,1.128599537037037,,46.3965
2013-06-26,19.19,15.8,100.0,90.5,4.006,3.238888888888889,238.0,1.143,1.191402,-0.8030902999999999,17.11,17.11,17.11,24.0,17.583333333333332,97.92916666666667,1.9403587962962963,,51.40904166666667
2013-06-27,19.74,15.81,100.0,89.3,4.438,5.238888888888889,105.0,0.0,1.355495,-0.6491756,15.9,15.9,15.9,24.0,15.844166666666666,96.87916666666666,2.0006828703703703,,42.157833333333336
2013-06-28,17.46,15.07,100.0,86.5,3.64,4.638888888888888,106.0,3.2,1.276991,-0.5623146,15.26,15.26,15.26,24.0,16.610833333333336,96.67916666666667,0.978449074074074,,52.948499999999996
2013-06-29,19.02,15.18,100.0,85.4,4.571,2.8194444444444446,234.0,3.2,1.057903,-0.7023265,17.08,17.08,17.08,24.0,18.394583333333333,98.20833333333333,1.589548611111111,,56.10433333333333
2013-06-30,20.3,16.91,100.0,90.4,4.845,10.169444444444444,114.0,4.115,1.026782,-0.7053823,15.65,17.17,17.17,24.0,15.869166666666667,88.99000000000001,1.5871527777777779,,45.25108333333333
2013-07-01,17.78,13.26,97.3,73.07,3.907,5.6,102.0,0.914,1.057969,-0.6954707,13.0,13.46,13.46,24.0,14.07125,93.47083333333335,2.0472453703703706,,35.23229166666667
2013-07-02,15.8,12.86,99.6,77.48,3.042,6.680555555555555,230.0,0.0,0.9510596,-0.35914589999999996,13.37,13.93,13.93,24.0,14.547083333333333,90.58083333333333,0.9805555555555555,,69.26583333333333
2013-07-03,17.09,11.97,100.0,74.61,5.98,2.638888888888889,149.0,0.0,0.8786438,-0.15369839999999999,13.31,13.66,13.66,24.0,16.002916666666668,92.34875,1.2369791666666667,,112.44966666666666
2013-07-04,19.92,13.35,99.3,73.3,9.71,4.388888888888889,94.0,0.0,0.8803681999999999,-0.3220831,16.32,16.73,16.73,24.0,18.26875,93.35833333333333,1.3077662037037037,,112.86479166666668
2013-07-05,21.54,16.26,99.0,79.21,9.74,4.6194444444444445,91.0,0.0,0.6181569,-0.6546738,17.51,17.65,17.65,24.0,17.495416666666667,94.995,1.5230787037037035,,167.66266666666667
2013-07-06,22.31,14.56,100.0,73.64,14.48,5.188888888888889,78.0,0.0,0.7456982,-0.9379236,16.63,16.63,16.63,24.0,18.08625,96.2625,1.286423611111111,,151.68208333333334
2013-07-07,24.47,15.8,100.0,76.16,13.1,4.3999999999999995,79.0,0.0,1.034251,-0.7890562999999999,16.48,16.48,16.48,24.0,18.993333333333336,91.59333333333332,2.350729166666667,,183.77533333333335
2013-07-08,24.81,15.37,100.0,72.01,15.87,7.730555555555555,104.0,0.0,1.131104,-0.7557915,15.53,16.11,16.11,24.0,14.900833333333333,91.59166666666665,2.5841898148148146,,32.32691666666667
2013-07-09,16.04,14.04,99.0,79.51,2.791,7.280555555555556,99.0,0.229,1.410717,-0.43315359999999997,13.2,14.19,14.19,24.0,15.33875,97.33749999999999,1.3575462962962963,,62.615625
2013-07-10,17.13,13.91,100.0,93.7,5.406,3.7888888888888888,63.0,0.914,1.196427,-0.7220702999999999,16.04,16.04,16.04,24.0,17.68916666666667,93.41250000000001,1.182037037037037,,121.12525
2013-07-11,20.78,15.44,100.0,79.77,10.46,3.711111111111111,76.0,0.0,1.002737,-0.9471912,16.49,16.8,16.8,24.0,18.1025,92.22666666666667,1.6452314814814815,,196.20579166666667
2013-07-12,21.75,15.78,100.0,74.44,16.94,6.588888888888889,75.0,0.0,1.016356,-1.05315,16.58,16.77,16.77,24.0,17.639166666666664,91.86666666666667,1.4254050925925925,,191.26137500000002
2013-07-13,23.33,14.73,100.0,56.35,16.51,5.388888888888888,97.0,0.0,1.028905,-0.9508544,14.85,14.99,14.99,24.0,17.580833333333334,87.87916666666666,1.4813773148148146,,208.75141666666664
2013-07-14,24.45,12.99,100.0,62.75,18.02,4.888888888888889,91.0,0.0,1.101945,-0.7274195999999999,15.24,15.64,15.64,24.0,18.242916666666666,89.79958333333333,1.2918518518518518,,123.56833333333333
2013-07-15,23.94,14.55,99.9,61.54,10.67,3.4499999999999997,346.0,0.0,0.8942722999999999,-0.4836332,16.41,17.28,17.28,24.0,16.02625,87.85708333333334,2.268946759259259,,54.727624999999996
2013-07-16,18.17,14.02,98.7,73.93,4.725,7.730555555555555,106.0,3.226,0.9055498,-0.4569976,13.05,14.02,14.02,24.0,14.830833333333333,89.42333333333333,1.7241666666666668,,209.82558333333336
2013-07-17,19.66,11.17,100.0,59.67,18.12,5.1499999999999995,62.0,0.0,0.8944998,-0.0766623,12.52,12.79,12.79,24.0,14.989166666666668,93.18916666666667,1.5451157407407408,,216.59920833333334
2013-07-18,20.44,10.16,100.0,68.94,18.7,4.811111111111111,80.0,0.0,0.8887974999999999,-0.3055271,14.67,14.67,14.67,24.0,21.341250000000002,69.57000000000001,2.1577314814814814,,213.29133333333334
2013-07-19,32.17,12.22,100.0,29.84,18.42,11.15,132.0,0.0,0.9654155,-0.44054319999999997,15.6,17.52,17.52,24.0,14.25125,93.02499999999999,3.5188888888888887,,19.358791666666665
2013-07-20,17.54,12.11,100.0,81.9,1.674,7.6499999999999995,103.0,8.0,1.296783,-0.2479526,12.12,12.6,12.6,24.0,13.595416666666667,99.6375,1.5169212962962961,,26.50016666666667
2013-07-21,14.98,12.29,100.0,96.7,2.286,5.8805555555555555,230.0,21.97,1.427354,-0.40898989999999996,14.48,14.48,14.48,24.0,14.297083333333333,98.92916666666667,2.237685185185185,,19.953416666666666
2013-07-22,15.56,12.97,100.0,94.0,1.7229999999999999,10.261111111111111,230.0,26.39,1.486758,-0.35571959999999997,12.83,13.0,13.0,24.0,10.967916666666667,96.41250000000001,3.1020833333333333,,25.180958333333333
2013-07-23,13.41,7.804,100.0,84.8,2.174,8.05,229.0,18.06,1.613711,-0.4357773,6.582,7.804,1.815,24.0,8.431333333333333,76.37416666666667,3.6144907407407403,,124.73379166666666
2013-07-24,12.63,4.108,97.1,44.6,10.77,12.630555555555555,260.0,1.3719999999999999,1.5088,-0.36873629999999996,2.028,4.33,0.975,24.0,8.812916666666666,72.9425,1.8975578703703704,,226.09166666666667
2013-07-25,14.74,2.966,95.8,40.13,19.52,5.811111111111112,224.0,0.0,1.6675010000000001,-0.205488,7.939,10.34,10.34,24.0,11.204583333333334,86.85666666666667,2.9490162037037035,,80.198375
2013-07-26,14.41,9.42,96.9,65.43,6.924,8.419444444444444,228.0,2.515,1.313548,-0.5431859,10.25,11.16,11.16,24.0,13.128749999999998,83.15416666666667,2.0981944444444443,,194.27904166666667
2013-07-27,20.18,8.75,97.9,55.03,16.78,7.330555555555556,146.0,0.0,1.115194,-0.8683709,10.77,11.27,11.27,24.0,13.51625,85.60000000000001,1.5861458333333334,,234.02874999999997
2013-07-28,19.87,9.64,99.7,56.8,20.21,5.061111111111111,71.0,0.0,0.7645206,-1.05359,11.02,11.56,11.56,24.0,13.445833333333333,90.11625,1.4741319444444445,,233.57354166666667
2013-07-29,19.8,7.914,100.0,65.48,20.16,4.769444444444445,98.0,0.0,0.7554122999999999,-0.9410603,11.75,11.77,11.77,24.0,13.875833333333333,85.17875,1.4828472222222222,,234.32708333333335
2013-07-30,20.9,9.41,100.0,40.57,20.23,5.6,81.0,0.0,0.8313842,-0.9164329,10.07,10.53,10.53,24.0,13.427083333333334,90.54416666666667,1.6828703703703702,,236.03
2013-07-31,19.59,8.57,100.0,64.9,20.38,7.138888888888888,79.0,0.0,0.8330305,-0.6716405999999999,11.74,11.76,11.76,24.0,14.167916666666665,94.09583333333335,1.3782291666666666,,134.89995833333333
2013-08-01,18.55,11.45,100.0,77.82,11.65,3.9888888888888885,79.0,0.0,0.6344755,-0.5173838,13.11,13.11,13.11,24.0,15.362916666666665,95.425,1.3934027777777775,,216.154125
2013-08-02,21.47,10.96,100.0,75.91,18.66,4.719444444444444,94.0,0.229,0.7186899,-0.5233097999999999,15.08,15.08,15.08,24.0,19.06375,85.24791666666667,1.4442361111111113,,229.37716666666665
2013-08-03,26.54,13.28,100.0,49.47,19.8,4.519444444444444,81.0,0.0,0.9374275,-0.46393389999999995,14.6,22.27,22.27,24.0,19.875833333333333,76.08375,2.853483796296296,,199.91329166666665
2013-08-04,27.32,14.79,90.7,54.93,17.26,12.030555555555555,126.0,0.0,1.184942,-0.3496782,13.26,14.82,14.82,24.0,16.747916666666665,89.26666666666667,2.306770833333333,,155.82025000000002
2013-08-05,20.94,14.76,97.3,77.32,13.45,9.769444444444444,140.0,1.143,1.302191,-0.4672424,13.91,15.48,15.48,24.0,16.075,87.29583333333333,1.548877314814815,,86.69983333333333
2013-08-06,19.01,14.07,99.3,66.06,7.486,5.719444444444444,78.0,0.0,1.156337,-0.6926106,14.84,16.28,16.28,24.0,16.047083333333333,95.705,2.1958796296296295,,31.417125
2013-08-07,18.46,13.95,100.0,75.58,2.713,6.680555555555555,219.0,21.97,0.9357270999999999,-0.9925467,13.46,13.95,13.95,24.0,15.351666666666667,89.68208333333332,1.5058449074074074,,211.710875
2013-08-08,20.42,10.97,100.0,62.59,18.28,6.338888888888889,87.0,0.0,1.18079,-1.000877,16.27,16.9,16.9,24.0,17.461666666666666,94.95,2.0874305555555557,,157.13841666666667
2013-08-09,20.7,15.78,100.0,82.1,13.57,4.6,231.0,0.0,1.105866,-1.120338,16.18,16.18,16.18,24.0,16.658333333333335,95.10833333333333,1.6718634259259257,,45.126916666666666
2013-08-10,18.67,15.08,100.0,87.4,3.896,5.75,155.0,0.0,1.226111,-1.014071,15.72,16.47,16.47,24.0,16.45,88.86375,2.2603935185185184,,55.451166666666666
2013-08-11,18.37,13.53,98.9,55.71,4.788,16.730555555555554,261.0,1.143,1.372014,-0.6513175,6.293,13.53,13.53,24.0,14.188749999999999,70.96124999999999,2.5539467592592593,,264.7405416666667
2013-08-12,18.97,9.09,96.6,48.16,22.86,8.480555555555556,262.0,0.0,1.404626,-0.39998609999999996,10.32,10.83,10.83,24.0,13.929583333333333,85.64458333333333,1.800972222222222,,261.68945833333333
2013-08-13,19.83,8.9,99.2,57.78,22.59,5.769444444444444,73.0,0.0,0.729738,-0.7811501,12.27,12.75,12.75,24.0,14.475833333333334,92.34166666666665,1.9632523148148149,,83.31704166666667
2013-08-14,17.43,11.15,100.0,81.7,7.194,5.919444444444444,116.0,0.914,0.8258226,-0.6993218999999999,12.91,13.36,13.36,24.0,12.62,88.55666666666667,2.1575810185185182,,89.86295833333332
2013-08-15,17.33,10.1,98.7,56.5,7.759,5.311111111111111,157.0,9.14,1.065558,-0.08226538,9.87,10.23,10.23,24.0,13.148333333333333,78.48125,2.9414699074074075,,221.682375
2013-08-16,18.29,9.69,98.8,53.03,19.14,9.469444444444445,153.0,0.0,0.9874765999999999,-0.10672000000000001,10.49,10.99,10.99,24.0,13.576666666666668,88.48166666666667,1.7371412037037037,,125.02033333333333
2013-08-17,18.09,10.91,99.5,63.12,10.79,4.7,219.0,0.457,0.8678205,-0.6111763,13.78,13.85,13.85,24.0,14.060416666666667,97.76666666666667,2.9807407407407407,,60.25008333333333
2013-08-18,15.8,12.96,100.0,87.3,5.204,7.330555555555556,128.0,3.429,0.7763745999999999,-0.8147821,12.79,12.98,12.98,24.0,14.681666666666667,95.25,1.7872453703703703,,118.41570833333333
2013-08-19,18.85,12.54,100.0,80.6,10.22,5.219444444444444,118.0,4.343,1.029891,-0.8927708,14.83,15.09,15.09,24.0,16.63083333333333,95.46249999999999,1.6893171296296297,,156.31266666666667
2013-08-20,20.51,14.62,100.0,82.7,13.5,8.630555555555555,74.0,3.886,1.101566,-0.9794027999999999,16.13,16.44,16.44,24.0,17.467916666666667,93.75416666666666,1.9138773148148147,,235.98983333333334
2013-08-21,21.23,15.35,100.0,77.71,20.37,8.238888888888889,72.0,1.143,0.9867427,-1.243146,15.31,15.51,15.51,24.0,17.312916666666666,91.88375,2.034479166666667,,266.7529583333333
2013-08-22,21.19,14.71,100.0,72.23,23.03,6.711111111111111,72.0,0.0,1.086887,-1.215878,15.6,15.6,15.6,24.0,18.570833333333333,90.1425,1.735439814814815,,246.56229166666665
2013-08-23,25.76,14.17,100.0,61.25,21.29,6.838888888888889,73.0,0.0,1.243249,-1.034431,17.47,18.93,18.93,24.0,16.645416666666666,91.78750000000001,2.988113425925926,,34.24104166666667
2013-08-24,20.03,13.84,95.5,82.2,2.957,8.680555555555555,113.0,0.0,1.3649689999999999,-0.7621696,12.8,13.88,13.88,24.0,14.329583333333332,95.075,1.9304166666666667,,74.28879166666667
2013-08-25,16.13,12.39,100.0,84.8,6.414,5.969444444444444,104.0,0.229,1.423732,-0.5034818999999999,14.85,15.24,15.24,24.0,16.57,95.82916666666667,1.5126736111111112,,93.86091666666665
2013-08-26,19.86,14.91,100.0,81.1,8.1,5.280555555555556,109.0,0.914,1.163683,-0.4847471,15.53,16.1,16.1,24.0,14.085833333333333,97.925,2.403773148148148,,22.995833333333334
2013-08-27,16.4,12.62,100.0,88.5,1.986,5.911111111111111,188.0,29.95,1.130721,-0.3890207,12.42,12.69,12.69,24.0,13.65125,81.00458333333333,3.3091782407407404,,112.9285
2013-08-28,17.99,9.78,100.0,55.66,9.75,8.85,221.0,1.143,1.051848,-0.4243934,5.347,9.78,6.81,24.0,12.269458333333333,74.4075,1.9560185185185184,,300.6295833333333
2013-08-29,19.03,6.452,95.9,45.64,25.96,7.569444444444445,72.0,0.0,0.7166815,-0.4227989,9.13,9.75,8.67,24.0,12.977916666666667,84.96875,1.8814351851851852,,305.253
2013-08-30,19.18,7.238,99.5,56.08,26.36,8.230555555555554,70.0,0.0,0.3869474,-0.5880527,11.51,11.75,11.75,24.0,14.587916666666667,89.3225,2.0909375,,286.89416666666665
2013-08-31,19.54,8.81,100.0,71.62,24.77,7.819444444444444,76.0,0.0,0.5954389999999999,-0.7158377,13.93,14.05,14.05,24.0,15.379583333333334,94.46249999999999,1.543460648148148,,116.93233333333332
2013-09-01,19.9,13.11,100.0,76.25,10.1,3.6888888888888887,216.0,0.0,0.7083201,-0.6637076,15.22,15.9,15.9,24.0,17.743333333333332,90.98125,1.9157523148148148,,146.822625
2013-09-02,23.82,14.67,100.0,67.55,12.68,9.65,245.0,4.801,0.8114642999999999,-0.6114744999999999,16.37,17.1,17.1,24.0,20.147916666666667,84.06708333333333,1.655474537037037,,183.48266666666666
2013-09-03,25.96,15.41,98.6,60.04,15.84,6.480555555555555,259.0,0.229,1.03179,-0.7194902,17.42,19.85,19.85,24.0,19.374166666666667,87.54833333333333,2.3154398148148148,,137.01379166666666
2013-09-04,23.88,16.61,98.7,71.88,11.83,8.96111111111111,102.0,0.0,1.132514,-0.7576499,12.45,16.61,16.61,24.0,15.037916666666668,69.30583333333333,2.1060069444444447,,112.62599999999999
2013-09-05,16.92,13.59,92.7,38.4,9.72,7.680555555555555,94.0,0.0,1.405588,-0.6204784999999999,9.82,13.83,13.83,24.0,15.84125,82.10625,1.9424768518518516,,146.50016666666667
2013-09-06,19.64,12.84,95.1,72.79,12.65,5.980555555555556,77.0,0.0,1.347619,-0.8877731999999999,15.11,15.89,15.89,24.0,17.965416666666666,89.68124999999999,1.8962037037037038,,141.51958333333332
2013-09-07,21.22,15.34,99.5,76.68,12.22,7.430555555555555,64.0,0.0,1.078821,-1.373703,16.07,18.27,18.27,24.0,18.986666666666668,85.25666666666667,2.3823148148148148,,235.747875
2013-09-08,22.08,16.41,93.0,71.73,20.36,8.38888888888889,87.0,0.0,0.9600413,-1.3584239999999999,16.01,17.28,17.28,24.0,19.60875,87.93374999999999,1.6644675925925927,,239.1604583333333
2013-09-09,26.32,16.35,97.9,60.55,20.65,5.861111111111112,95.0,0.0,0.8938568,-1.362422,16.78,17.46,17.46,24.0,20.045833333333334,86.30833333333334,1.9705208333333333,,299.28266666666667
2013-09-10,26.01,15.58,100.0,59.97,25.84,6.038888888888888,82.0,0.0,0.9197797999999999,-1.031924,16.3,16.3,16.3,24.0,17.74083333333333,93.79166666666667,2.092766203703704,,199.38175
2013-09-11,21.07,15.95,100.0,80.9,17.22,9.230555555555554,74.0,0.0,0.7977776999999999,-0.9752558,16.34,17.07,17.07,24.0,19.78875,86.73291666666667,2.4876388888888887,,266.47195833333336
2013-09-12,23.89,17.06,97.7,66.09,23.01,7.261111111111111,94.0,0.0,0.4938064,-0.91327,18.43,19.13,19.13,24.0,20.6425,85.23333333333333,1.730474537037037,,262.72554166666663
2013-09-13,25.46,17.6,97.9,65.22,22.69,7.669444444444444,88.0,0.0,0.5070454999999999,-0.8050020999999999,17.13,17.6,17.6,24.0,19.835,92.24958333333332,1.7744791666666666,,276.26775000000004
2013-09-14,25.52,16.03,100.0,73.35,23.85,5.911111111111111,90.0,0.0,0.6314921,-0.632127,17.01,17.01,17.01,24.0,20.888333333333332,86.91583333333334,1.8666550925925927,,285.77333333333337
2013-09-15,28.7,16.08,100.0,55.27,24.67,6.688888888888888,93.0,0.0,0.7299127999999999,-0.7168702,18.94,21.0,21.0,24.0,22.500833333333333,80.64333333333333,1.8578356481481482,,287.5973333333333
2013-09-16,28.95,17.1,99.6,55.66,24.83,6.230555555555555,78.0,0.0,0.9487700000000001,-0.6830012,19.37,20.92,20.92,24.0,19.562916666666666,96.76666666666667,1.7724537037037036,,22.719791666666666
2013-09-17,22.12,17.92,100.0,85.7,1.962,7.569444444444445,156.0,25.83,0.9669939999999999,-0.8404014999999999,18.13,18.13,18.13,24.0,18.106666666666666,95.09833333333334,2.3954050925925925,,91.44016666666666
2013-09-18,21.22,14.45,100.0,73.72,7.895,12.788888888888888,219.0,14.02,1.130094,-0.905144,14.48,15.36,15.36,24.0,14.743333333333332,81.31708333333334,2.209490740740741,,102.45304166666666
2013-09-19,17.33,12.96,99.9,56.73,8.85,6.719444444444445,218.0,0.686,1.430635,-0.7353613,13.12,13.13,13.13,24.0,13.84625,94.10416666666667,2.181574074074074,,73.024125
2013-09-20,15.23,12.47,100.0,84.6,6.307,5.669444444444444,230.0,1.3719999999999999,1.563769,-0.6725806999999999,13.79,13.98,13.98,24.0,16.054583333333333,98.37916666666666,1.9850694444444443,,36.895375
2013-09-21,19.67,13.83,100.0,86.8,3.184,10.238888888888889,239.0,16.69,1.411909,-0.9127611,18.53,18.53,18.53,24.0,18.609583333333333,98.97500000000001,1.8302314814814815,,53.23
2013-09-22,20.5,16.97,100.0,94.0,4.596,14.511111111111111,220.0,28.09,1.279738,-1.257266,16.99,16.99,16.99,24.0,16.7075,100.0,1.8006018518518518,,20.596208333333333
2013-09-23,17.38,16.17,100.0,100.0,1.778,12.488888888888889,243.0,48.11,1.199471,-1.093751,16.28,16.28,16.28,24.0,18.580000000000002,93.02958333333333,1.9235648148148148,,166.3985
2013-09-24,24.2,15.88,100.0,67.94,14.37,6.280555555555555,97.0,0.0,1.098882,-0.9539512,17.48,17.85,17.85,24.0,18.243750000000002,72.93291666666667,4.018761574074074,,135.392
2013-09-25,22.11,14.35,100.0,33.96,11.69,12.119444444444445,230.0,0.0,0.8493054,-0.8595501999999999,7.124,14.39,14.39,24.0,16.739166666666666,65.45833333333333,3.928287037037037,,267.8632083333333
2013-09-26,21.74,13.69,81.1,44.87,23.13,9.21111111111111,199.0,0.0,1.060547,-0.3519614,11.42,14.64,14.64,24.0,15.689583333333333,74.61708333333333,1.9262152777777777,,330.1125
2013-09-27,20.52,10.95,95.6,48.14,28.5,7.2,73.0,0.0,0.7049246,-0.3104194,10.97,11.85,11.85,24.0,15.587916666666667,84.35708333333334,1.958263888888889,,262.9869166666667
2013-09-28,20.6,10.75,96.9,60.86,22.71,7.430555555555555,86.0,0.0,0.6531068999999999,-0.24661909999999998,14.01,14.88,14.88,24.0,16.827083333333334,86.65875,1.829236111111111,,123.15729166666667
2013-09-29,20.58,14.18,99.4,53.92,10.63,6.461111111111111,359.0,0.686,0.717262,-0.49407569999999995,15.7,15.83,15.83,24.0,17.590416666666666,88.94916666666667,1.8322453703703703,,145.04466666666667
2013-09-30,22.11,15.27,99.2,65.77,12.52,4.861111111111111,245.0,0.0,0.7556992,-0.6854792,15.99,17.25,17.25,24.0,18.423333333333332,92.01666666666667,1.8450694444444444,,197.16683333333333
2013-10-01,21.45,15.34,100.0,79.19,17.02,7.961111111111111,73.0,2.286,0.9411533,-0.4153222,18.07,18.07,18.07,24.0,18.53625,95.45,1.813726851851852,,92.31854166666666
2013-10-02,21.57,17.2,100.0,81.3,7.971,6.669444444444444,92.0,0.686,0.9926940999999999,-0.7148416,17.22,17.22,17.22,24.0,18.294999999999998,95.60000000000001,1.7213657407407406,,99.614875
2013-10-03,21.17,16.75,100.0,84.2,8.6,5.188888888888889,68.0,3.658,1.051091,-0.9689154999999999,18.25,18.87,18.87,24.0,18.735833333333336,98.78333333333335,1.8228472222222223,,61.339375
2013-10-04,20.36,17.97,100.0,94.0,5.296,6.380555555555555,92.0,16.46,1.052605,-1.057542,18.49,18.49,18.49,24.0,20.589583333333334,94.01333333333334,1.5947800925925926,,188.6879583333333
2013-10-05,25.7,17.44,100.0,76.1,16.29,6.1611111111111105,72.0,4.5969999999999995,1.166167,-1.207306,17.35,17.45,17.45,24.0,18.89,81.03041666666667,2.5119907407407407,,359.1175
2013-10-06,24.13,14.78,100.0,42.44,31.01,8.799999999999999,98.0,0.229,1.384998,-0.9215850999999999,13.83,17.67,17.67,24.0,18.548750000000002,77.82833333333333,2.8718055555555555,,242.38183333333333
2013-10-07,22.09,15.41,93.4,57.41,20.93,9.06111111111111,95.0,0.0,1.408878,-0.8989334999999999,14.98,16.86,16.86,24.0,17.655,78.16791666666667,3.483935185185185,,309.73045833333333
2013-10-08,20.95,14.41,92.7,50.07,26.74,9.838888888888889,110.0,0.686,1.24959,-1.115179,13.55,15.4,15.4,24.0,17.057916666666667,82.51875,2.1444675925925925,,262.25391666666667
2013-10-09,21.76,12.3,96.2,64.46,22.64,7.769444444444444,107.0,0.0,0.9616692,-1.007769,13.96,14.73,14.73,24.0,18.220833333333335,84.45375,2.694537037037037,,372.89704166666667
2013-10-10,23.32,13.08,99.3,59.69,32.2,10.030555555555555,88.0,0.0,0.8531152999999999,-0.995111,16.21,18.62,18.62,24.0,20.062916666666666,83.22375,2.4874305555555556,,175.71429166666667
2013-10-11,22.78,18.53,90.1,75.31,15.17,8.730555555555556,60.0,0.0,0.6434882,-0.9337512,17.57,19.22,19.22,24.0,20.90625,83.98416666666667,2.752662037037037,,313.1345
2013-10-12,25.04,18.83,91.5,63.65,27.04,9.669444444444444,76.0,0.0,0.619339,-0.8916965,18.01,19.8,19.8,24.0,20.562083333333334,88.41041666666666,2.1095949074074074,,207.59916666666666
2013-10-13,24.29,18.05,97.4,70.96,17.93,8.91111111111111,73.0,0.229,0.7680530999999999,-0.6727970999999999,18.8,19.98,19.98,24.0,21.662916666666664,87.03666666666668,2.0918402777777776,,277.9662083333333
2013-10-14,25.28,19.29,96.4,69.66,24.0,7.161111111111111,80.0,0.0,0.6747732,-0.7797626999999999,19.77,20.35,20.35,24.0,23.042916666666667,85.92333333333333,2.066585648148148,,283.11612499999995
2013-10-15,29.91,19.24,99.9,61.95,24.45,9.461111111111112,108.0,0.0,0.7995306999999999,-0.8093252999999999,20.4,21.39,21.39,24.0,22.55875,81.78333333333333,2.681550925925926,,289.66925
2013-10-16,25.95,19.45,97.3,64.54,25.01,7.519444444444444,113.0,0.0,0.8976808,-0.75946,18.79,19.68,19.68,24.0,19.82125,91.40500000000002,2.280381944444444,,71.77816666666666
2013-10-17,22.26,17.04,99.5,75.98,6.197,6.761111111111111,95.0,7.315,1.05962,-0.8241893,17.08,17.16,17.16,24.0,18.71875,92.85541666666667,1.6964930555555553,,117.44366666666667
2013-10-18,21.84,17.07,99.8,76.05,10.14,5.819444444444444,119.0,1.8290000000000002,1.074411,-0.9184787999999999,17.44,17.8,17.8,24.0,20.145416666666666,88.15791666666667,2.692199074074074,,311.191
2013-10-19,24.79,17.17,99.4,70.22,26.87,8.380555555555556,106.0,0.686,1.246354,-1.023711,17.82,19.45,19.45,24.0,21.895833333333332,83.31291666666667,2.5901273148148145,,390.00025
2013-10-20,27.41,18.81,95.7,59.42,33.68,9.019444444444444,82.0,0.0,1.381889,-0.9751936,18.83,19.51,19.51,24.0,22.37125,85.50916666666666,2.674050925925926,,381.49654166666664
2013-10-21,25.58,19.0,98.9,70.37,32.94,9.261111111111111,75.0,0.0,1.253582,-1.000556,20.3,21.88,21.88,24.0,23.071250000000003,86.05791666666666,2.8274421296296297,,211.633375
2013-10-22,29.44,20.57,98.5,57.52,18.28,15.719444444444445,205.0,4.724,1.102126,-1.315807,20.14,22.32,22.32,24.0,20.807083333333335,85.2375,3.3689583333333335,,99.87583333333333
2013-10-23,22.76,18.75,99.0,70.46,8.62,8.738888888888889,120.0,0.229,1.029033,-0.7761701,18.6,18.82,18.82,24.0,21.717083333333335,91.48333333333333,2.423680555555556,,214.33358333333334
2013-10-24,25.44,18.41,100.0,77.13,18.51,8.469444444444443,76.0,0.0,1.009203,-0.9440843999999999,21.98,22.63,22.63,24.0,22.6425,92.14458333333333,1.9460416666666667,,117.74533333333333
2013-10-25,26.86,20.05,100.0,69.02,10.17,11.488888888888889,196.0,9.19,0.5525475,-0.7606385999999999,18.9,20.29,20.29,24.0,19.260833333333334,91.93458333333332,2.4094907407407407,,84.17533333333334
2013-10-26,21.31,17.86,99.9,78.53,7.268,8.938888888888888,111.0,1.8290000000000002,0.748981,-0.47769079999999997,18.05,18.11,18.11,24.0,20.267083333333336,95.47916666666667,1.4881365740740742,,133.54883333333333
2013-10-27,23.76,17.72,100.0,83.4,11.53,6.980555555555555,208.0,1.143,0.5634003,-0.4873278,20.57,20.82,20.82,24.0,22.486666666666668,82.07708333333333,3.8031597222222224,,398.49691666666666
2013-10-28,27.72,18.99,100.0,52.06,34.4,10.869444444444445,101.0,4.343,0.7460232,-0.6586531,16.6,19.01,19.01,24.0,19.51125,69.71958333333333,2.8057060185185185,,329.3795416666666
2013-10-29,23.03,16.95,89.6,47.65,28.44,7.219444444444444,98.0,0.0,0.9313395,0.04087901,14.04,17.12,17.12,24.0,19.05375,71.9825,2.2726273148148146,,413.68575000000004
2013-10-30,23.44,14.4,94.7,44.11,35.72,8.03888888888889,75.0,0.0,1.022393,-0.1997368,14.28,17.29,17.29,24.0,20.3025,75.50625000000001,3.0601967592592594,,366.9941666666667
2013-10-31,24.61,16.48,91.4,55.21,31.69,9.680555555555555,75.0,0.0,0.8851745,-0.5654433999999999,16.1,20.54,20.54,24.0,20.820833333333333,79.68166666666666,3.5427199074074074,,292.69800000000004
2013-11-01,24.4,18.18,96.4,67.81,25.27,9.919444444444444,79.0,2.972,1.02997,-0.6599165,18.26,18.84,18.84,24.0,21.235416666666666,79.71708333333333,2.738773148148148,,277.660125
2013-11-02,24.7,18.83,96.4,63.26,23.97,10.25,86.0,1.143,1.038881,-1.140608,16.89,19.11,19.11,24.0,21.424166666666665,83.58791666666667,2.063900462962963,,237.32399999999998
2013-11-03,25.29,17.84,97.3,69.55,20.49,9.149999999999999,80.0,0.457,0.8464906,-1.4599820000000001,18.94,21.12,21.12,24.0,22.058333333333334,88.23875,1.7856944444444445,,207.88404166666666
2013-11-04,26.55,20.7,100.0,69.88,17.95,5.780555555555555,80.0,9.14,0.9170518,-1.246418,21.16,21.16,21.16,24.0,19.479166666666668,90.5825,2.681377314814815,,62.827
2013-11-05,21.37,17.88,100.0,76.3,5.423,9.269444444444444,141.0,2.743,1.5196290000000001,-0.5366470999999999,15.2,18.16,18.16,24.0,19.659166666666668,74.32041666666667,3.1782407407407405,,398.86170833333335
2013-11-06,23.58,14.17,95.8,53.32,34.44,9.461111111111112,98.0,0.0,1.615173,-0.7270485,15.43,18.82,18.82,24.0,19.789166666666667,74.49958333333333,3.508576388888889,,268.683125
2013-11-07,23.77,16.91,88.6,52.38,23.2,9.819444444444445,128.0,0.229,1.212543,-0.9491250999999999,15.4,19.82,19.82,24.0,19.85625,82.7375,2.1303125,,158.65741666666665
2013-11-08,23.83,17.43,99.8,65.25,13.7,7.269444444444445,128.0,2.057,0.9640808,-1.011693,17.73,17.77,17.77,24.0,21.155,87.58166666666666,2.2228935185185184,,314.5058333333333
2013-11-09,26.19,17.62,100.0,60.57,27.15,7.980555555555555,74.0,2.057,0.7438840999999999,-0.8824232,19.9,20.57,20.57,24.0,22.67458333333333,85.82791666666667,2.3485300925925925,,384.5420833333333
2013-11-10,26.61,19.91,99.1,63.72,33.2,8.399999999999999,94.0,0.0,0.8852677,-0.6741564,20.06,21.57,21.57,24.0,22.80458333333333,87.10416666666667,2.4266435185185187,,209.87020833333335
2013-11-11,25.6,21.02,94.3,73.53,18.12,9.380555555555556,72.0,0.0,1.077578,-0.4310849,20.57,22.33,22.33,24.0,23.3125,90.4375,2.1625694444444443,,208.68383333333335
2013-11-12,25.76,21.29,99.8,78.17,18.02,7.111111111111112,96.0,0.229,0.7835500000000001,-0.5936703999999999,21.94,21.97,21.97,24.0,26.05541666666667,70.4825,3.553136574074074,,313.601
2013-11-13,32.9,20.68,100.0,33.22,27.08,15.230555555555554,265.0,0.0,0.9841420999999999,-0.5602112,18.75,20.72,20.72,24.0,23.40625,72.8875,2.0317939814814814,,427.9170833333333
2013-11-14,29.11,18.29,95.7,46.35,36.95,6.580555555555556,81.0,0.0,0.9841272999999999,-0.3562325,18.59,19.28,19.28,24.0,22.3225,75.60125000000001,2.5279398148148147,,431.535
2013-11-15,26.72,17.92,97.2,49.15,37.26,9.780555555555555,71.0,0.0,1.054295,-0.4765751,14.76,20.47,20.47,24.0,22.189166666666665,77.21875,2.7657060185185185,,404.281
2013-11-16,26.67,17.05,88.7,57.17,34.91,11.069444444444445,80.0,0.0,1.05606,-0.8235047,20.22,22.62,22.62,24.0,21.214583333333334,87.18624999999999,2.579548611111111,,137.64154166666665
2013-11-17,26.48,17.39,97.6,61.37,11.89,12.088888888888889,104.0,9.6,0.8603847,-1.0947230000000001,16.33,18.82,18.82,24.0,20.159583333333334,78.04416666666667,2.0572569444444446,,186.4634583333333
2013-11-18,22.87,17.9,96.7,59.97,16.1,5.369444444444444,98.0,0.229,1.376138,-0.5571501999999999,17.78,18.36,18.36,24.0,20.815833333333334,87.71875,1.9372916666666666,,205.83591666666666
2013-11-19,24.52,17.73,99.1,75.83,17.77,6.8694444444444445,85.0,2.286,1.373857,-1.090572,19.4,20.88,20.88,24.0,22.817083333333333,86.69291666666668,2.0902199074074073,,204.89445833333332
2013-11-20,26.34,20.24,97.4,68.67,17.69,7.730555555555555,85.0,0.0,0.9863639,-1.186883,21.01,22.59,22.59,24.0,23.194999999999997,93.50583333333333,1.6394212962962964,,191.28133333333332
2013-11-21,27.59,21.58,100.0,71.84,16.52,17.619444444444444,261.0,26.14,0.9989216,-0.9339113,22.06,22.06,22.06,24.0,23.82375,90.23291666666667,1.9773379629629628,,135.50654166666666
2013-11-22,27.48,21.46,100.0,66.01,11.7,11.13888888888889,213.0,2.286,1.08656,-0.9157814999999999,21.17,21.67,21.67,24.0,21.384583333333335,87.82666666666667,4.10193287037037,,198.72579166666665
2013-11-23,23.93,18.45,99.9,66.61,17.16,13.63888888888889,147.0,9.83,0.9537492,-0.5581843,15.83,18.48,18.48,24.0,19.949166666666667,84.14125,2.280648148148148,,174.4715
2013-11-24,23.92,17.03,97.8,65.55,15.06,8.938888888888888,98.0,1.8290000000000002,0.8185096,-0.5472112,18.17,18.74,18.74,24.0,20.188750000000002,95.50416666666666,2.684270833333333,,106.71108333333332
2013-11-25,21.95,18.37,99.4,84.7,9.21,6.988888888888889,67.0,14.63,0.6812258,-0.7312027,20.4,21.29,21.29,24.0,22.99291666666667,91.43333333333334,2.711898148148148,,255.97583333333333
2013-11-26,27.22,20.56,99.9,75.38,22.1,8.488888888888889,98.0,6.858,0.393935,-0.7887368,21.33,21.34,21.34,24.0,22.10625,92.77916666666665,2.1965162037037036,,178.545875
2013-11-27,24.13,20.99,100.0,77.53,15.42,7.3,98.0,4.115,0.5540257,-0.5370519,20.55,21.28,21.28,24.0,23.015833333333333,90.78500000000001,2.063912037037037,,307.657875
2013-11-28,27.19,20.63,100.0,75.97,26.56,7.819444444444444,78.0,6.401,0.8932359,-0.32447699999999996,21.03,21.47,21.47,24.0,24.3475,86.51583333333333,2.9725347222222225,,376.80483333333336
2013-11-29,31.37,20.49,99.9,64.15,32.54,11.05,113.0,2.743,0.9037048999999999,-0.3988845,20.12,20.8,20.8,24.0,21.211666666666666,95.47500000000001,1.8336342592592592,,65.452625
2013-11-30,22.2,20.09,99.1,91.5,5.652,6.319444444444445,89.0,2.515,1.112696,-0.3744674,20.44,20.7,20.7,24.0,20.20958333333333,97.60000000000001,2.2834027777777774,,71.3835
2013-12-01,21.04,18.83,99.5,86.4,6.163,7.55,142.0,8.23,1.186595,-0.8111877,18.29,18.83,18.83,24.0,19.745833333333334,97.175,1.4061805555555555,,66.60916666666667
2013-12-02,21.24,18.15,100.0,93.9,5.752,3.961111111111111,219.0,1.6,1.181544,-0.7733232999999999,20.22,20.22,20.22,24.0,19.2837,92.24318181818181,1.893136574074074,,291.042375
2013-12-03,30.15,,100.0,,25.13,6.030555555555556,83.0,0.229,1.132774,-1.036463,22.23,22.28,22.28,24.0,25.019583333333333,79.2882608695652,2.491099537037037,,389.1720833333333
2013-12-04,34.66,,100.0,,33.6,9.930555555555555,123.0,0.0,1.1712609999999999,-0.8311354,21.04,23.07,23.07,24.0,24.054166666666664,85.08624999999999,2.631331018518518,,263.14349999999996
2013-12-05,27.49,21.55,95.8,73.63,22.72,9.080555555555554,69.0,2.286,1.407179,-0.5923959,21.32,22.38,22.38,24.0,22.42,92.47958333333334,2.4978819444444444,,123.10358333333333
2013-12-06,28.62,19.46,99.1,71.83,10.63,13.85,119.0,25.81,1.379002,-0.5709248,19.75,20.21,20.21,24.0,22.089583333333334,77.14666666666666,1.7826851851851853,,151.81229166666665
2013-12-07,24.82,20.06,97.5,60.88,13.11,6.419444444444444,116.0,0.0,1.146041,-0.3855399,17.98,20.53,20.53,24.0,21.281666666666666,91.0625,1.1603703703703705,,95.10866666666668
2013-12-08,23.75,19.96,99.0,79.08,8.21,4.438888888888889,356.0,10.52,1.236887,-0.2662606,21.36,21.51,21.51,24.0,23.035833333333333,93.54166666666667,2.0431828703703703,,198.73733333333334
2013-12-09,26.9,20.66,99.6,80.4,17.16,8.0,80.0,0.914,1.100784,-0.49057249999999997,22.41,23.73,23.73,24.0,24.830833333333334,90.29541666666667,2.193599537037037,,291.85629166666666
2013-12-10,28.4,22.31,99.8,75.52,25.2,11.911111111111111,249.0,13.16,0.9427261,-0.6659817,22.43,22.45,22.45,24.0,24.55666666666667,87.9225,2.975636574074074,,364.84125
2013-12-11,30.76,20.92,100.0,60.1,31.5,10.480555555555554,102.0,10.52,0.9578525999999999,-0.4973763,21.44,21.63,21.63,24.0,20.8025,96.26666666666667,2.9772569444444446,,94.73958333333333
2013-12-12,21.91,19.43,99.1,88.9,8.18,8.36111111111111,206.0,20.62,0.8761515999999999,-0.330111,18.83,19.8,19.8,24.0,20.43166666666667,84.08125,1.9324305555555554,,122.75099999999999
2013-12-13,23.02,18.25,95.8,65.04,10.6,5.730555555555555,96.0,0.0,0.8083005,-0.6514728,17.93,18.62,18.62,24.0,21.7075,83.045,1.9740046296296294,,236.27720833333333
2013-12-14,25.52,18.47,96.9,65.73,20.4,7.25,83.0,0.0,0.8290558,-0.5546559999999999,19.55,21.97,21.97,24.0,22.97791666666667,86.86500000000001,1.8423032407407407,,238.53579166666668
2013-12-15,26.88,20.41,96.5,69.29,20.6,9.75,70.0,0.457,0.8725398,-0.6718063,20.99,22.81,22.81,24.0,24.605,83.27916666666667,2.479861111111111,,357.33312500000005
2013-12-16,29.38,21.94,97.0,61.12,30.85,10.700000000000001,71.0,0.0,0.9537933,-0.7115239,21.15,22.96,22.96,24.0,24.96083333333333,80.63916666666667,2.6033333333333335,,419.6599166666667
2013-12-17,28.74,21.19,99.9,60.78,36.23,8.538888888888888,85.0,0.0,1.027544,-0.8516406999999999,20.93,22.21,22.21,24.0,23.594583333333333,81.16416666666667,3.1675,,446.04041666666666
2013-12-18,26.86,19.88,98.0,55.02,38.51,8.780555555555555,99.0,0.686,1.093835,-0.9337692999999999,19.72,20.12,20.12,24.0,23.620416666666667,84.48666666666666,2.6201041666666667,,303.0060416666667
2013-12-19,28.24,20.01,99.1,58.79,26.16,6.15,97.0,0.686,1.140292,-1.059111,20.9,22.21,22.21,24.0,23.172083333333333,88.02125000000001,2.5747222222222224,,259.18075
2013-12-20,28.25,20.3,99.0,64.25,22.38,9.430555555555555,98.0,6.629,1.030999,-1.046736,21.48,21.75,21.75,24.0,24.00708333333333,86.94666666666666,3.311851851851852,,375.05133333333333
2013-12-21,28.13,20.88,99.7,67.27,32.38,9.21111111111111,101.0,3.429,1.061676,-0.8655666,21.58,23.07,23.07,24.0,23.82625,86.78333333333335,4.081608796296297,,329.28229166666665
2013-12-22,28.17,21.31,98.0,64.96,28.43,11.38888888888889,137.0,5.486,0.9720669,-0.7829604,21.09,21.43,21.43,24.0,22.819166666666664,90.87416666666667,3.7643865740740736,,246.96766666666667
2013-12-23,27.61,20.78,98.4,71.7,21.33,9.65,165.0,3.886,0.9890232,-0.6019396,21.44,21.74,21.74,24.0,23.650833333333335,88.17458333333333,2.9299074074074074,,221.0198333333333
2013-12-24,28.38,20.84,99.5,67.4,19.08,8.419444444444444,131.0,3.886,0.9181535,-0.5475296,21.51,23.0,23.0,24.0,25.25916666666667,83.35125000000001,2.438252314814815,,367.00145833333335
2013-12-25,30.09,21.69,97.9,59.39,31.69,8.561111111111112,114.0,0.457,0.8377488,-0.4006422,22.85,23.79,23.79,24.0,26.497083333333332,82.51916666666666,2.937106481481482,,437.266375
2013-12-26,31.93,23.23,97.4,58.44,37.75,9.450000000000001,75.0,0.0,0.6952488,-0.3996643,23.35,25.08,25.08,24.0,27.0825,84.04208333333334,2.7884490740740744,,435.32958333333335
2013-12-27,31.78,23.21,97.0,68.93,37.58,9.269444444444444,78.0,0.0,0.7142052999999999,-0.2800936,23.98,26.02,26.02,24.0,27.29041666666667,84.99541666666667,2.7143981481481476,,395.10420833333336
2013-12-28,31.47,24.3,96.9,63.92,34.11,9.819444444444445,87.0,0.0,0.7140305,-0.3598306,24.39,26.03,26.03,24.0,26.978333333333335,86.94,1.7016319444444443,,183.42812500000002
2013-12-29,31.62,24.55,97.0,66.25,15.84,7.788888888888889,83.0,0.229,0.9786579999999999,-0.4752094,25.0,25.94,25.94,24.0,27.54416666666667,85.49791666666665,1.599849537037037,,219.84766666666667
2013-12-30,31.99,24.75,98.2,70.54,18.98,4.669444444444444,91.0,0.229,0.9792919,-0.6461773,23.94,25.89,25.89,24.0,28.948333333333334,77.89916666666666,1.8856597222222222,,297.11270833333333
2013-12-31,36.5,24.93,95.1,45.81,25.65,7.9,86.0,0.0,1.083855,-0.688978,25.68,30.74,26.9,24.0,30.58583333333333,74.88625,2.633310185185185,,353.78925000000004
2014-01-01,39.41,24.05,98.9,34.49,30.55,11.280555555555555,250.0,16.81,1.139422,-0.8294697,24.4,24.59,24.59,24.0,26.4325,90.14291666666666,1.5348958333333333,,166.04570833333335
2014-01-02,33.31,22.98,100.0,60.68,14.34,12.369444444444444,226.0,28.96,1.259516,-0.8953316,24.01,24.07,24.07,24.0,27.714583333333334,86.685,1.9459722222222222,,354.76512499999995
2014-01-03,33.33,23.49,100.0,60.65,30.63,8.619444444444445,70.0,1.6,1.209701,-0.9500554,25.71,32.98,27.86,24.0,27.641666666666666,84.26833333333333,2.9868518518518514,,188.76116666666667
2014-01-04,34.88,21.95,99.4,57.77,16.3,13.25,144.0,34.09,1.156044,-0.7323923999999999,22.04,22.32,22.32,24.0,20.2225,97.77499999999999,2.5982060185185185,,56.50141666666667
2014-01-05,22.37,19.32,99.4,93.9,4.879,5.961111111111111,165.0,15.54,1.4538,-0.5170372999999999,19.64,19.77,19.77,24.0,21.10875,94.85000000000001,1.8327314814814815,,90.062875
2014-01-06,23.43,19.19,100.0,86.7,7.777,4.230555555555555,221.0,3.886,1.141016,-0.5966369,21.59,21.87,21.87,24.0,23.280833333333334,94.8625,1.874224537037037,,154.859375
2014-01-07,27.79,21.69,98.7,77.45,13.37,5.76111111111111,111.0,0.457,0.9950808999999999,-0.7902616,23.1,23.47,23.47,24.0,25.531666666666666,87.94708333333334,2.164039351851852,,268.046875
2014-01-08,30.85,22.75,100.0,65.86,23.15,7.6194444444444445,83.0,0.229,0.8856820999999999,-0.9123055999999999,23.34,25.47,25.47,24.0,26.048333333333332,85.26333333333334,2.1279166666666667,,323.438875
2014-01-09,33.13,22.39,95.6,49.68,27.93,14.88888888888889,270.0,8.59,0.7393242999999999,-1.047212,20.75,22.39,22.39,24.0,24.690416666666668,88.16833333333334,1.6241203703703704,,161.45070833333332
2014-01-10,28.27,21.89,97.7,74.21,13.94,5.8805555555555555,74.0,0.229,0.8123341,-0.41576769999999996,24.18,24.93,24.93,24.0,27.110416666666666,85.2775,2.4486689814814815,,423.61475
2014-01-11,31.17,22.99,98.9,64.25,36.58,10.261111111111111,70.0,0.0,0.7415569,-0.48909329999999995,25.13,26.11,26.11,24.0,26.517083333333332,85.43541666666665,2.785462962962963,,354.653125
2014-01-12,30.46,22.25,97.9,64.34,30.62,16.580555555555556,326.0,14.25,0.5575600000000001,-0.4937195,21.44,23.37,23.37,24.0,24.27208333333333,87.28708333333333,2.5667245370370373,,128.76933333333332
2014-01-13,26.33,22.46,99.1,77.75,11.12,7.2,112.0,11.89,0.8014519,-0.2450693,22.87,23.05,23.05,24.0,23.861666666666665,93.01208333333334,1.908900462962963,,177.54079166666668
2014-01-14,27.94,21.79,99.6,73.46,15.33,7.719444444444444,80.0,25.78,1.044763,-0.6856939999999999,21.68,21.82,21.82,24.0,24.107916666666668,88.75916666666666,1.8455671296296297,,179.20804166666667
2014-01-15,29.1,21.37,99.1,70.96,15.47,7.688888888888888,240.0,5.029,1.005512,-0.9448264,22.6,22.83,22.83,24.0,25.11125,83.70625,1.9525810185185184,,221.18233333333333
2014-01-16,30.45,21.95,99.2,58.22,19.1,10.31111111111111,215.0,0.0,1.01077,-1.106441,21.53,22.3,22.3,24.0,23.747500000000002,90.69458333333334,1.6850347222222222,,197.97829166666668
2014-01-17,27.62,21.74,97.5,76.67,17.09,7.749999999999999,79.0,3.429,1.178039,-1.026299,21.9,22.32,22.32,24.0,25.371666666666666,83.91916666666667,2.466087962962963,,427.1815833333333
2014-01-18,29.82,21.95,98.9,58.9,36.88,7.919444444444444,78.0,0.229,1.09146,-1.022059,22.36,23.46,23.46,24.0,25.91125,81.37833333333333,2.286157407407407,,428.76366666666667
2014-01-19,30.2,22.49,97.2,56.39,37.02,8.530555555555555,86.0,0.0,1.092133,-1.027733,22.16,23.55,23.55,24.0,26.391666666666666,79.51583333333333,2.364050925925926,,440.40954166666666
2014-01-20,30.75,22.63,96.2,57.79,38.03,8.738888888888889,76.0,0.0,0.9086478,-1.040219,22.12,23.99,23.99,24.0,26.133333333333336,75.65875,2.456759259259259,,443.64804166666664
2014-01-21,30.44,22.13,97.0,45.87,38.3,9.838888888888889,65.0,0.0,0.9001904,-0.8205929,20.53,23.55,23.55,24.0,26.23625,80.34208333333333,2.5790162037037034,,420.54524999999995
2014-01-22,30.07,21.73,93.2,63.92,36.32,9.06111111111111,72.0,0.0,0.9782061999999999,-0.7952577,24.44,25.63,25.63,24.0,27.744583333333335,82.61625,1.918912037037037,,326.32491666666664
2014-01-23,34.6,24.55,97.7,50.77,28.17,12.338888888888889,346.0,0.0,0.7013838,-0.8658551,23.92,25.57,25.57,24.0,27.995416666666667,83.22166666666666,2.719722222222222,,400.17924999999997
2014-01-24,33.29,23.79,95.8,65.93,34.55,14.63888888888889,233.0,4.115,0.7488815999999999,-0.5034384,23.77,24.77,24.77,24.0,27.465416666666666,82.23666666666666,2.1655208333333333,,368.618625
2014-01-25,33.51,23.03,97.6,54.25,31.83,8.619444444444445,228.0,2.769,0.6434386,-0.44934369999999996,24.25,25.99,25.99,24.0,26.654583333333335,82.85708333333334,4.163043981481482,,280.3735
2014-01-26,30.3,23.08,92.8,70.82,24.21,11.688888888888888,103.0,0.0,0.9879644,-0.38814889999999996,21.87,23.12,23.12,24.0,25.165833333333335,88.03583333333334,2.816064814814815,,198.87204166666666
2014-01-27,30.97,21.94,97.0,68.39,17.17,7.25,114.0,1.8290000000000002,1.021141,-0.35241459999999997,24.35,25.08,25.08,24.0,27.443749999999998,83.83666666666666,2.568599537037037,,414.08200000000005
2014-01-28,31.06,24.36,97.8,59.6,35.75,8.11111111111111,79.0,0.0,0.8987822999999999,-0.8174751,23.73,24.91,24.91,24.0,27.75,81.03625,2.3202662037037034,,374.306
2014-01-29,32.02,24.45,96.4,61.91,32.32,7.95,86.0,0.0,0.8352423,-1.029976,24.29,26.02,26.02,24.0,28.064166666666665,83.62083333333332,2.221122685185185,,423.8325
2014-01-30,32.6,23.89,98.7,61.95,36.59,8.450000000000001,67.0,0.0,1.097964,-0.9955617999999999,24.73,25.72,25.72,24.0,27.65833333333333,85.825,2.369363425925926,,377.8895416666667
2014-01-31,31.94,24.63,99.8,65.03,32.63,8.680555555555555,86.0,0.0,1.229932,-0.9299873,24.82,26.3,26.3,24.0,27.9825,83.29333333333334,2.635127314814815,,381.525375
2014-02-01,31.91,25.52,95.1,70.95,32.94,8.688888888888888,71.0,0.0,1.222316,-1.024238,25.18,26.02,26.02,24.0,28.3,82.58666666666666,2.5407407407407407,,360.3125416666667
2014-02-02,33.62,24.84,98.5,60.35,31.11,8.530555555555555,65.0,0.0,1.234194,-1.034203,25.05,31.54,27.42,24.0,28.253333333333334,81.58749999999999,2.5006828703703703,,403.668625
2014-02-03,32.59,24.7,98.4,58.46,34.85,7.688888888888888,74.0,0.0,1.200567,-0.8532112,25.04,31.07,27.2,24.0,28.497083333333332,83.54458333333334,2.4647685185185186,,379.6780833333333
2014-02-04,32.44,25.95,95.6,65.45,32.78,8.188888888888888,79.0,0.0,1.105412,-0.9593653999999999,25.27,26.1,26.1,24.0,28.827083333333334,83.65791666666667,2.279027777777778,,362.3030833333333
2014-02-05,33.4,25.36,96.5,62.58,31.28,6.788888888888889,77.0,0.0,0.8295279,-1.170054,25.41,33.31,28.14,24.0,29.110833333333332,81.69541666666667,2.6750115740740736,,392.5305416666667
2014-02-06,32.96,25.9,91.3,62.15,33.89,8.680555555555555,76.0,0.0,0.8434005,-0.9916364,25.13,31.87,27.55,24.0,28.570416666666663,80.50083333333333,2.3597800925925925,,399.43220833333334
2014-02-07,33.14,24.95,96.0,54.15,34.49,8.35,85.0,0.0,0.656918,-1.063718,24.89,31.06,27.24,24.0,28.368333333333336,84.35916666666667,2.2351041666666664,,342.69037499999996
2014-02-08,33.43,24.74,97.4,61.96,29.58,9.4,72.0,0.0,0.6195366,-0.7368401,25.31,30.25,26.78,24.0,29.107083333333332,81.83166666666666,2.686990740740741,,383.3016666666667
2014-02-09,35.4,24.23,96.1,52.86,33.1,9.630555555555556,129.0,0.0,0.6321242,-0.6665528,20.74,25.26,25.26,24.0,27.98166666666667,77.97708333333334,2.5724189814814813,,405.10454166666665
2014-02-10,33.29,23.15,91.0,61.46,34.98,7.769444444444444,84.0,0.0,0.6442095999999999,-0.5056312,25.42,32.27,27.64,24.0,29.02416666666667,82.23875,2.626377314814815,,399.36275
2014-02-11,32.8,25.15,95.4,64.05,34.48,7.6,91.0,0.0,0.7953637,-0.46345709999999996,24.51,25.29,25.29,24.0,27.64333333333333,80.96166666666666,2.720474537037037,,394.76420833333333
2014-02-12,32.0,24.38,95.8,57.72,34.09,8.188888888888888,74.0,0.0,0.9344747,-0.5540381999999999,23.25,25.57,25.57,24.0,27.921666666666667,80.80458333333333,2.5594444444444444,,396.2829166666667
2014-02-13,32.42,23.89,95.4,63.2,34.21,8.088888888888889,64.0,0.0,0.9122243,-0.7140683999999999,25.38,26.28,26.28,24.0,27.235416666666666,82.85208333333334,3.0538194444444446,,336.1707916666667
2014-02-14,32.12,21.76,96.5,59.14,29.02,10.769444444444446,240.0,8.69,1.019096,-0.8117738999999999,21.2,21.81,21.81,24.0,23.237083333333334,90.9375,2.6290740740740737,,139.33045833333333
2014-02-15,26.9,21.16,98.4,77.49,12.03,7.219444444444444,149.0,6.858,1.337442,-0.7388247,20.52,21.33,21.33,24.0,22.599999999999998,83.45625,4.62349537037037,,99.51616666666666
2014-02-16,24.7,20.3,97.8,71.48,8.6,11.238888888888889,114.0,8.48,1.493263,-0.8242212999999999,19.84,22.35,22.35,24.0,23.61791666666667,78.31458333333333,4.541087962962963,,124.88791666666667
2014-02-17,25.67,21.69,85.6,65.35,10.78,11.888888888888888,113.0,0.0,1.250297,-1.06522,18.46,21.87,21.87,24.0,22.912499999999998,89.02999999999999,3.96875,,141.22933333333333
2014-02-18,26.53,19.86,99.4,75.89,12.19,11.13888888888889,103.0,16.92,1.014565,-1.1733419999999999,21.44,22.69,22.69,24.0,23.63291666666667,88.08083333333333,3.248460648148148,,143.350125
2014-02-19,26.75,21.31,97.8,66.18,12.38,8.411111111111111,101.0,5.715,0.8460616999999999,-1.178544,21.29,22.33,22.33,24.0,23.99291666666667,83.29458333333334,2.3314814814814815,,377.10241666666667
2014-02-20,27.8,20.62,98.9,63.45,32.56,9.738888888888889,79.0,0.0,0.7114560999999999,-1.127288,20.52,22.32,22.32,24.0,24.133333333333336,83.64166666666667,2.4021412037037035,,362.53041666666667
2014-02-21,28.65,20.1,97.2,64.53,31.3,8.219444444444445,76.0,0.0,0.566678,-1.051591,22.2,24.51,24.51,24.0,25.66625,84.59875,1.8372685185185185,,229.16604166666664
2014-02-22,28.87,23.73,93.4,73.53,19.79,7.219444444444444,73.0,0.0,0.5588439,-0.7672945,22.8,24.33,24.33,24.0,24.604166666666668,93.64583333333333,1.5743055555555554,,120.22958333333334
2014-02-23,27.85,22.63,98.3,82.1,10.38,6.169444444444444,93.0,3.429,0.5566242,-0.5574032999999999,24.0,24.27,24.27,24.0,25.0775,92.95416666666667,1.2322916666666666,,108.97116666666666
2014-02-24,28.01,22.91,98.9,78.61,9.41,3.4611111111111112,121.0,1.143,0.5933343999999999,-0.5625243,24.05,24.25,24.25,24.0,26.02,87.06875000000001,2.0632175925925926,,303.9003333333333
2014-02-25,31.07,23.15,99.6,62.51,26.24,8.71111111111111,76.0,3.429,0.7474487,-0.6835506,23.07,25.06,25.06,24.0,25.41208333333333,83.625,2.104837962962963,,332.52116666666666
2014-02-26,32.08,21.65,95.7,58.21,28.71,16.46111111111111,219.0,27.23,0.9084612999999999,-0.7857151,22.52,23.31,23.31,24.0,25.94666666666667,87.26833333333333,1.6451967592592593,,290.57916666666665
2014-02-27,31.18,22.37,97.1,67.32,25.09,6.761111111111111,86.0,0.0,1.078525,-0.7222307,24.54,25.71,25.71,24.0,24.547083333333333,95.0125,1.8727083333333334,,108.64945833333333
2014-02-28,30.58,21.63,98.6,69.51,9.38,8.588888888888889,160.0,7.595,1.299058,-0.8915675999999999,21.37,21.74,21.74,24.0,22.406666666666666,91.87875000000001,2.1024537037037034,,96.34595833333333
2014-03-01,25.47,21.14,99.3,72.91,8.32,6.680555555555555,113.0,4.801,1.379789,-0.8896769999999999,21.12,21.45,21.45,24.0,24.17625,85.39208333333333,2.598611111111111,,343.936
2014-03-02,28.41,21.06,99.9,64.34,29.69,6.888888888888889,76.0,0.0,1.3326310000000001,-0.941943,21.19,22.62,22.62,24.0,23.838333333333335,82.78083333333333,2.6919791666666666,,210.68633333333332
2014-03-03,27.04,21.48,93.5,67.73,18.19,6.0,94.0,0.0,1.330763,-0.9080919,21.34,23.83,23.83,24.0,24.311666666666667,85.83625,2.6563078703703704,,205.43879166666667
2014-03-04,27.64,21.87,95.4,72.15,17.74,7.761111111111111,101.0,0.0,1.230391,-1.043906,22.2,23.68,23.68,24.0,23.398333333333337,94.875,1.8525925925925926,,64.333125
2014-03-05,26.07,21.08,100.0,86.4,5.556,10.719444444444445,237.0,55.12,1.040775,-1.250362,21.39,21.39,21.39,24.0,22.828333333333333,94.29583333333333,1.4066203703703704,,123.67520833333333
2014-03-06,25.99,21.27,100.0,78.57,10.68,4.6305555555555555,217.0,6.452,0.7159784,-1.416132,21.88,21.92,21.92,24.0,24.632499999999997,84.12458333333333,2.187638888888889,,345.2266666666667
2014-03-07,31.14,19.82,100.0,59.14,29.81,7.180555555555555,109.0,0.0,0.6867392,-1.198112,21.72,22.87,22.87,24.0,24.770833333333332,80.26541666666667,1.8440509259259257,,319.423
2014-03-08,29.06,20.76,98.3,47.3,27.58,8.169444444444444,82.0,0.0,0.6853034,-0.8292725,20.1,22.71,22.71,24.0,23.892916666666668,85.35041666666666,1.9781250000000001,,274.1917916666667
2014-03-09,28.22,19.5,99.4,56.3,23.68,7.580555555555555,76.0,42.47,0.6923374999999999,-0.4344126,20.43,20.5,20.5,24.0,23.520833333333332,88.13666666666667,2.0233333333333334,,315.42883333333333
2014-03-10,27.78,19.63,99.7,70.52,27.23,7.861111111111111,100.0,5.486,0.5651847999999999,-0.24913819999999998,22.72,24.58,24.58,24.0,25.77625,86.45458333333333,2.2285648148148147,,335.195875
2014-03-11,30.04,21.14,98.3,67.36,28.94,11.36111111111111,191.0,9.7,0.5654205999999999,-0.4014834,21.21,21.53,21.53,24.0,23.12,91.16958333333334,1.945625,,172.213375
2014-03-12,27.12,20.99,99.3,69.7,14.87,5.980555555555556,275.0,8.74,0.8968587,-0.45451929999999996,22.09,23.1,23.1,24.0,22.959999999999997,94.33333333333333,2.182025462962963,,37.10283333333333
2014-03-13,24.22,21.34,100.0,86.2,3.203,5.819444444444444,230.0,20.19,0.9830236,-0.2723212,21.62,21.62,21.62,24.0,22.24875,96.39166666666667,1.682789351851852,,87.486875
2014-03-14,25.46,21.13,100.0,80.6,7.554,5.5888888888888895,272.0,13.49,1.064676,-0.688983,21.48,22.19,22.19,24.0,24.450416666666666,87.3575,2.1780092592592593,,341.875
2014-03-15,28.5,20.44,100.0,69.08,29.52,7.288888888888888,71.0,0.0,1.106773,-0.8689197999999999,23.82,25.22,25.22,24.0,26.184583333333336,90.26166666666667,2.1149074074074075,,280.401375
2014-03-16,30.66,22.65,99.8,70.03,24.21,8.65,148.0,6.934,1.206326,-0.9774023,22.78,23.45,23.45,24.0,25.950416666666666,87.6925,2.0602430555555555,,293.70795833333335
2014-03-17,30.38,22.67,98.9,72.45,25.36,6.15,77.0,0.0,1.1150579999999999,-1.128636,24.24,25.27,25.27,24.0,26.62375,90.37625000000001,2.5413657407407406,,324.20366666666666
2014-03-18,31.64,21.34,99.8,70.71,27.99,13.880555555555555,129.0,51.0,1.199275,-0.9456608,21.24,21.51,21.51,24.0,23.756249999999998,91.395,2.077615740740741,,233.22895833333334
2014-03-19,30.05,21.52,99.5,69.53,20.14,10.269444444444444,258.0,3.886,1.072062,-1.123263,21.68,22.16,22.16,24.0,24.47875,90.71375,2.1011921296296294,,247.77866666666668
2014-03-20,28.51,21.14,100.0,75.13,21.4,7.3,215.0,9.19,1.29091,-0.8755440999999999,23.31,23.72,23.72,24.0,24.835833333333337,87.29166666666667,1.919363425925926,,144.23870833333334
2014-03-21,29.9,22.62,98.6,65.24,12.45,6.0888888888888895,205.0,0.457,1.124042,-0.7945563999999999,21.76,23.16,23.16,24.0,23.493333333333336,92.14166666666667,1.8204976851851853,,77.10125000000001
2014-03-22,26.26,21.53,98.4,78.12,6.657,7.061111111111112,300.0,10.97,0.8392735,-0.7646928,22.74,23.99,23.99,24.0,23.635416666666668,83.56291666666667,2.969664351851852,,159.66779166666666
2014-03-23,27.49,19.88,96.0,68.19,13.79,10.549999999999999,139.0,0.0,0.9724915,-0.45060039999999996,15.48,19.9,19.9,24.0,20.630416666666665,70.61791666666666,1.9576157407407406,,241.44112500000003
2014-03-24,23.82,17.88,92.2,51.67,20.85,5.580555555555556,107.0,0.0,1.100407,0.1087132,17.97,19.26,19.26,24.0,22.312916666666666,80.99041666666666,2.069375,,299.00354166666665
2014-03-25,26.87,18.78,94.3,60.73,25.82,8.15,74.0,1.6,0.9970743999999999,-0.2328527,19.38,20.66,20.66,24.0,22.773333333333337,83.66958333333334,2.003136574074074,,256.5540833333333
2014-03-26,26.92,19.58,96.8,59.76,22.15,5.3500000000000005,119.0,0.457,0.7485105999999999,-0.7211846,19.9,21.14,21.14,24.0,22.98,85.10875,2.257928240740741,,254.006125
2014-03-27,27.36,19.1,96.9,61.67,21.93,5.561111111111111,113.0,0.0,1.007553,-0.6261346,21.49,22.49,22.49,24.0,23.778333333333332,88.66416666666667,2.364837962962963,,264.67358333333334
2014-03-28,28.01,21.02,97.9,70.45,22.85,6.561111111111111,105.0,0.0,0.9949262,-0.8587866,20.83,21.93,21.93,24.0,24.060833333333335,87.19749999999999,1.9028124999999998,,274.8369166666667
2014-03-29,28.36,21.27,98.7,67.13,23.73,6.75,78.0,0.0,1.077394,-0.8430628,21.98,22.5,22.5,24.0,24.46875,88.33999999999999,2.5095254629629626,,306.11308333333335
2014-03-30,28.24,20.89,100.0,69.8,26.43,8.5,76.0,0.0,1.160303,-0.9950895,22.41,24.63,24.63,24.0,24.839166666666667,90.97083333333335,1.3743402777777778,,87.59258333333334
2014-03-31,27.28,23.26,99.5,79.24,7.563,5.0,41.0,1.8290000000000002,1.2088079999999999,-0.9884284,23.16,23.27,23.27,24.0,24.162499999999998,94.52083333333333,1.2072337962962962,,124.35575
2014-04-01,27.59,21.99,100.0,80.4,10.74,3.838888888888889,97.0,4.801,1.203716,-1.083933,23.44,23.44,23.44,24.0,25.12625,91.92166666666667,2.274525462962963,,229.69104166666668
2014-04-02,29.37,22.19,100.0,73.0,19.83,6.738888888888889,101.0,32.33,1.34748,-1.08457,22.2,22.2,22.2,24.0,22.749583333333334,93.15666666666668,3.501238425925926,,81.741125
2014-04-03,25.44,21.13,100.0,73.61,7.06,9.769444444444444,197.0,9.14,1.298119,-0.8748144999999999,21.52,21.78,21.78,24.0,23.408333333333335,92.29666666666667,3.7007638888888885,,167.28970833333332
2014-04-04,27.17,21.43,99.5,74.06,14.44,11.161111111111111,108.0,11.0,1.086982,-0.9316645,22.2,22.54,22.54,24.0,24.011666666666667,86.33208333333333,2.224953703703704,,312.30541666666664
2014-04-05,28.23,21.38,99.0,60.4,26.97,6.75,120.0,0.229,0.7366216,-1.068991,20.95,21.55,21.55,24.0,23.670833333333334,88.03958333333333,2.132534722222222,,262.09375
2014-04-06,27.96,20.59,98.7,67.32,22.63,7.919444444444444,80.0,0.686,0.5600145,-0.9890188,21.65,23.29,23.29,24.0,23.979583333333334,84.72458333333333,1.6725810185185184,,301.12208333333336
2014-04-07,28.97,20.26,100.0,57.0,26.0,7.538888888888889,73.0,0.0,0.6477957,-0.6895406,21.66,22.52,22.52,24.0,23.520833333333332,90.1025,1.7407291666666664,,259.808875
2014-04-08,28.29,20.12,100.0,70.58,22.43,6.388888888888888,86.0,0.0,0.6311211999999999,-0.1884136,22.19,22.99,22.99,24.0,24.069166666666664,87.55791666666666,1.4666898148148146,,227.10491666666667
2014-04-09,28.51,20.55,98.7,68.67,19.61,5.538888888888889,81.0,0.0,0.5679088,-0.3035425,22.44,23.37,23.37,24.0,23.4575,90.19291666666668,1.9069444444444443,,72.95970833333332
2014-04-10,26.33,21.21,99.9,76.39,6.299,12.430555555555555,216.0,6.477,0.7354314,-0.5419741,21.94,22.68,22.68,24.0,23.83666666666667,91.03625,1.5543865740740739,,88.15416666666665
2014-04-11,27.44,22.04,98.1,75.82,7.611,4.6194444444444445,102.0,0.0,0.8201183999999999,-0.4466094,21.38,23.23,23.23,24.0,23.632499999999997,90.98333333333333,1.348263888888889,,102.80312500000001
2014-04-12,26.41,21.34,99.0,80.5,8.88,5.519444444444445,76.0,0.0,1.00617,-0.3960199,22.92,23.91,23.91,24.0,24.251666666666665,94.35416666666667,1.0536689814814815,,68.51470833333333
2014-04-13,26.5,22.15,100.0,80.2,5.916,4.111111111111112,19.0,1.8290000000000002,1.167377,-0.7370378,23.49,23.49,23.49,24.0,23.48875,79.035,2.8568055555555554,,245.05387499999998
2014-04-14,28.0,20.73,100.0,40.4,21.16,6.2,146.0,0.0,1.158515,-0.9911808,17.29,21.04,21.04,24.0,20.11,72.88583333333334,1.9749074074074073,,115.663
2014-04-15,22.29,18.27,87.3,56.63,9.99,4.488888888888889,217.0,0.0,1.53185,-0.4586549,16.15,18.28,18.28,24.0,18.6375,90.12458333333332,1.5985069444444442,,41.77158333333333
2014-04-16,19.59,17.95,98.4,78.6,3.607,4.419444444444444,270.0,1.143,1.411042,-0.7116097,18.45,18.76,18.76,24.0,20.08125,95.2,1.2603703703703704,,95.60429166666667
2014-04-17,22.45,18.19,100.0,86.9,8.25,3.730555555555555,221.0,0.686,1.116444,-1.109355,19.44,19.44,19.44,24.0,21.877499999999998,92.77541666666667,1.7516550925925927,,188.64058333333332
2014-04-18,26.69,19.19,100.0,71.81,16.29,6.35,112.0,0.914,1.139205,-1.036349,21.18,21.32,21.32,24.0,23.122083333333332,91.0775,1.8775810185185184,,246.01125
2014-04-19,26.88,20.36,100.0,74.49,21.24,7.780555555555556,72.0,0.229,1.122046,-1.050587,21.38,21.59,21.59,24.0,22.96375,91.54333333333334,1.8078587962962962,,168.859
2014-04-20,27.83,20.51,100.0,71.96,14.58,6.511111111111111,125.0,15.04,1.234264,-0.5661092,20.54,20.98,20.98,24.0,22.24791666666667,88.95458333333333,1.9672800925925926,,118.13537500000001
2014-04-21,26.32,19.94,99.9,67.91,10.2,7.580555555555555,137.0,0.0,1.035224,-0.4457598,18.93,21.64,21.64,24.0,21.72666666666667,85.43416666666667,1.5043055555555556,,87.21233333333333
2014-04-22,24.11,20.46,94.3,77.12,7.53,4.219444444444444,218.0,0.0,0.9699612,-0.24498489999999998,19.86,20.93,20.93,24.0,21.5175,93.25541666666668,1.9322916666666667,,115.78904166666666
2014-04-23,26.93,19.56,99.2,71.44,10.0,7.611111111111111,109.0,32.79,1.029714,-0.2894272,19.1,19.62,19.62,24.0,20.01125,89.04291666666667,2.70443287037037,,65.96283333333334
2014-04-24,21.75,18.23,99.2,75.54,5.694,7.1,241.0,3.658,1.022118,-0.2696068,18.09,18.49,18.49,24.0,19.535416666666666,91.485,1.673715277777778,,72.63475
2014-04-25,21.55,18.21,98.5,77.64,6.272,5.238888888888889,151.0,0.229,0.9917054,-0.5644411,18.1,19.22,19.22,24.0,19.94125,85.21875,2.379409722222222,,166.28804166666666
2014-04-26,23.16,17.81,97.0,71.52,14.36,6.1,121.0,0.0,1.114991,-0.35094359999999997,15.25,19.29,19.29,24.0,19.62333333333333,78.46333333333332,1.9252430555555555,,226.427875
2014-04-27,23.18,16.28,96.7,62.38,19.55,6.549999999999999,109.0,0.0,1.286621,-0.5064926,16.64,18.51,18.51,24.0,19.24083333333333,83.87375,2.3369791666666666,,144.16020833333332
2014-04-28,22.34,16.92,95.6,70.4,12.45,8.088888888888889,128.0,0.457,1.157181,-0.7961898,16.87,17.58,17.58,24.0,19.116666666666667,86.55041666666666,1.5306828703703703,,166.43016666666668
2014-04-29,23.73,16.0,98.8,55.53,14.37,6.430555555555555,78.0,1.8290000000000002,0.9931635999999999,-1.100289,15.59,16.02,16.02,24.0,18.756249999999998,84.41958333333334,1.5268055555555555,,216.463
2014-04-30,25.08,14.47,100.0,61.11,18.69,6.2,79.0,0.0,0.9882605,-1.304368,15.75,17.67,17.67,24.0,19.127083333333335,87.66166666666668,1.0858564814814815,,98.534125
2014-05-01,22.96,16.13,96.3,70.65,8.51,3.730555555555555,94.0,0.0,1.176736,-1.2823039999999999,18.22,18.85,18.85,24.0,22.140833333333333,78.9875,1.9963194444444443,,98.76575000000001
2014-05-02,27.82,17.55,100.0,51.35,8.53,7.888888888888888,298.0,1.8290000000000002,1.083836,-0.9946762,17.17,19.11,19.11,24.0,20.46291666666667,82.64291666666666,2.0873032407407406,,253.52366666666668
2014-05-03,26.28,16.53,97.7,50.83,21.89,7.25,97.0,0.0,1.2132830000000001,-0.9851953999999999,18.66,19.84,19.84,24.0,20.787499999999998,87.47541666666666,1.7509722222222222,,241.31908333333334
2014-05-04,25.52,16.71,99.3,61.89,20.83,7.669444444444444,56.0,0.0,0.9550037,-0.8314895999999999,19.34,19.58,19.58,24.0,21.202083333333334,90.76125,1.3014583333333334,,226.65304166666667
2014-05-05,26.6,17.7,100.0,67.89,19.57,4.588888888888889,88.0,0.0,0.770056,-0.924009,19.12,19.36,19.36,24.0,21.425,92.79583333333333,1.073599537037037,,86.90183333333334
2014-05-06,24.97,18.15,99.7,75.39,7.502,2.65,94.0,0.0,0.6347296,-0.6835616,21.21,21.3,21.3,24.0,22.56625,92.90416666666665,1.370648148148148,,145.21225
2014-05-07,25.61,20.38,99.6,79.65,12.54,4.430555555555555,86.0,0.0,0.5345843,-0.48201099999999997,20.39,20.44,20.44,24.0,21.948333333333334,93.96458333333334,1.5285185185185186,,160.27633333333333
2014-05-08,27.16,19.7,100.0,70.03,13.84,5.71111111111111,124.0,0.0,0.596077,-0.2612666,21.07,21.57,21.57,24.0,22.745833333333334,91.51166666666667,1.4047800925925926,,151.15933333333334
2014-05-09,27.05,20.5,98.4,71.48,13.05,5.088888888888889,144.0,0.229,0.8660915,-0.1301997,20.1,21.39,21.39,24.0,20.853333333333335,83.59083333333334,2.2164930555555555,,152.4548333333333
2014-05-10,24.68,17.3,94.6,57.08,13.16,7.419444444444444,115.0,0.229,1.085231,0.01964855,16.75,17.93,17.93,24.0,17.787499999999998,90.87458333333332,2.378576388888889,,117.67479166666665
2014-05-11,21.24,15.58,98.8,71.32,10.17,8.06111111111111,136.0,6.858,1.115463,-0.3067645,15.86,17.69,17.69,24.0,18.519166666666667,87.89791666666667,1.5419791666666667,,116.92887499999999
2014-05-12,22.45,16.35,98.8,63.06,10.09,4.288888888888889,235.0,6.198,1.003643,-0.811553,16.72,16.96,16.96,24.0,19.044583333333332,88.06,1.481122685185185,,191.769375
2014-05-13,24.42,15.87,98.6,57.11,16.56,6.238888888888889,69.0,0.686,0.821094,-1.169901,16.86,17.31,17.31,24.0,19.3275,89.22291666666666,1.1879513888888888,,183.71012499999998
2014-05-14,24.13,15.25,99.7,63.7,15.86,2.888888888888889,207.0,0.0,1.069227,-1.074896,18.12,18.4,18.4,24.0,20.5325,90.00833333333333,1.4266782407407408,,90.55466666666666
2014-05-15,23.5,17.68,99.8,75.48,7.818,4.05,98.0,0.0,1.216447,-0.9838927999999999,19.41,20.09,20.09,24.0,21.299583333333334,91.45708333333334,1.4302083333333335,,176.91416666666666
2014-05-16,24.7,19.0,99.3,76.95,15.27,5.1499999999999995,96.0,0.0,1.172437,-1.049996,19.58,19.67,19.67,24.0,20.807916666666667,87.73708333333333,2.290208333333333,,174.8094583333333
2014-05-17,23.97,18.71,100.0,68.37,15.09,6.8,103.0,0.0,1.333135,-0.7586320999999999,17.19,19.4,19.4,24.0,20.112083333333334,87.75041666666665,1.3780324074074073,,205.37820833333333
2014-05-18,24.23,16.85,99.1,68.05,17.73,5.75,76.0,0.0,1.35205,-0.5907831,17.84,18.13,18.13,24.0,20.58625,87.86083333333333,1.3893287037037039,,218.86741666666668
2014-05-19,25.65,16.96,100.0,64.71,18.9,6.219444444444444,142.0,0.0,1.172354,-0.6878787,18.53,20.28,20.28,24.0,21.063750000000002,85.685,1.6883912037037037,,180.19716666666667
2014-05-20,24.52,18.09,98.1,66.39,15.56,5.888888888888888,67.0,0.0,1.195835,-0.3068414,18.9,20.26,20.26,24.0,21.184583333333332,89.62416666666667,1.7279282407407406,,192.06408333333331
2014-05-21,25.2,18.36,99.3,69.45,16.58,5.669444444444444,96.0,0.0,1.088603,-0.2901508,19.9,21.0,21.0,24.0,21.697916666666668,90.03541666666666,1.6012037037037035,,146.08191666666667
2014-05-22,24.88,18.96,99.2,74.11,12.61,7.038888888888889,79.0,0.0,0.9493022,-0.42127739999999997,20.09,20.58,20.58,24.0,21.16,96.58749999999999,1.6815972222222222,,56.47020833333334
2014-05-23,24.12,19.86,100.0,83.9,4.876,7.719444444444444,124.0,5.944,0.9257213999999999,-0.6354797999999999,20.28,21.21,21.21,24.0,17.025833333333335,93.10833333333333,3.06912037037037,,16.203791666666667
2014-05-24,21.25,13.0,99.6,80.0,1.401,9.280555555555555,123.0,25.37,1.09201,-0.36899129999999997,13.37,13.52,13.52,24.0,14.9425,89.08875,1.7124537037037035,,72.41858333333333
2014-05-25,17.64,13.25,98.9,74.42,6.251,4.719444444444444,139.0,0.0,1.27884,-0.09093976000000001,13.38,15.0,15.0,24.0,15.870416666666666,90.25166666666667,1.3498148148148148,,74.92641666666667
2014-05-26,18.53,14.31,99.8,74.11,6.47,3.969444444444444,223.0,9.14,1.216197,-0.274128,15.37,15.41,15.41,24.0,18.135416666666668,87.47166666666668,2.506099537037037,,180.56458333333333
2014-05-27,23.87,14.79,100.0,54.98,15.59,8.130555555555555,261.0,21.26,1.210726,-0.3247508,16.04,16.82,16.82,24.0,17.892500000000002,85.00166666666667,1.9980787037037038,,80.87145833333334
2014-05-28,20.7,16.54,95.8,67.78,6.983,5.138888888888888,225.0,0.0,1.241465,-0.5377575,15.24,16.95,16.95,24.0,17.77541666666667,86.25666666666666,1.6491319444444443,,128.97270833333332
2014-05-29,21.0,15.96,96.9,68.94,11.14,5.1611111111111105,101.0,0.0,1.236981,-0.7655449999999999,14.66,15.96,15.96,24.0,17.255,84.98,1.4370949074074073,,213.367625
2014-05-30,21.49,14.0,98.1,54.44,18.42,5.138888888888888,97.0,0.0,1.170609,-0.8078731,14.12,14.86,14.86,24.0,17.753333333333334,88.25125000000001,1.6379166666666667,,185.46991666666668
2014-05-31,22.73,14.41,98.9,70.61,16.01,6.15,77.0,0.0,1.121325,-0.9966531,16.2,16.36,16.36,24.0,16.654166666666665,97.25,1.4083912037037036,,59.462208333333336
2014-06-01,19.77,14.31,100.0,86.8,5.134,5.05,235.0,6.858,0.9262872,-1.123654,16.86,16.86,16.86,24.0,19.510416666666668,91.49291666666666,1.5162384259259258,,185.91954166666667
2014-06-02,26.36,15.84,100.0,61.33,16.05,6.0,209.0,0.0,1.137457,-0.9674024999999999,17.12,17.82,17.82,24.0,16.454583333333336,74.28375,2.7573263888888886,,222.01283333333333
2014-06-03,20.93,11.83,97.4,44.63,19.17,10.480555555555554,228.0,0.0,1.2336,-0.4753382,9.49,11.85,11.85,24.0,14.467083333333333,75.02291666666666,1.6104513888888887,,220.51045833333333
2014-06-04,21.62,9.07,95.5,37.71,19.04,4.8694444444444445,99.0,0.0,1.017563,-0.2848407,10.07,10.91,10.91,24.0,14.327916666666667,85.7675,1.6946643518518518,,218.06904166666666
2014-06-05,20.09,9.68,97.3,64.14,18.83,6.811111111111111,80.0,0.0,0.7282453,-0.45679559999999997,13.07,13.49,13.49,24.0,16.691666666666666,91.97833333333334,1.3075115740740741,,90.02966666666667
2014-06-06,21.73,13.43,100.0,77.39,7.773,5.7,239.0,8.23,0.6202402,-0.42959169999999997,17.75,17.75,17.75,24.0,18.543333333333333,97.24166666666667,2.0436805555555555,,108.91320833333333
2014-06-07,24.13,17.37,100.0,80.2,9.4,8.488888888888889,131.0,37.03,0.7629359,-0.3191619,17.53,17.53,17.53,24.0,18.09875,100.0,1.7323148148148146,,8.442541666666667
2014-06-08,19.42,17.3,100.0,100.0,0.728,12.580555555555556,247.0,97.2,1.077807,-0.14466669999999998,18.82,18.82,18.82,24.0,18.759583333333335,99.15833333333335,1.7560416666666665,,26.896291666666666
2014-06-09,20.63,17.26,100.0,91.3,2.322,9.299999999999999,101.0,33.6,0.9354925,-0.4215925,17.26,17.26,17.26,24.0,17.357499999999998,93.32249999999999,1.5755324074074073,,66.35775
2014-06-10,19.55,14.89,100.0,78.13,5.729,5.719444444444444,158.0,0.914,1.015401,-0.2849383,15.07,15.07,15.07,24.0,17.532083333333333,91.94875,1.3582291666666666,,158.545
2014-06-11,21.94,14.79,100.0,69.59,13.69,4.9,111.0,0.0,1.000534,-0.6385884,16.8,17.15,17.15,24.0,18.20958333333333,94.96666666666665,1.2894907407407408,,96.19279166666666
2014-06-12,21.36,15.5,100.0,78.48,8.31,5.061111111111111,71.0,3.429,1.019455,-0.9036192,18.12,18.12,18.12,24.0,20.517083333333336,94.94208333333334,1.9228819444444445,,174.70895833333336
2014-06-13,26.12,18.08,100.0,75.32,15.08,6.538888888888889,78.0,17.86,1.041826,-1.107929,19.29,20.04,20.04,24.0,20.44875,94.81666666666666,1.3596527777777778,,105.430875
2014-06-14,23.55,17.85,100.0,81.0,9.1,6.499999999999999,85.0,0.0,0.8133967,-1.381142,20.32,20.55,20.55,24.0,20.474166666666665,95.7375,2.1141087962962963,,68.25716666666666
2014-06-15,23.57,,100.0,,5.893,7.05,97.0,0.0,1.132008,-1.265638,18.09,19.02,19.02,24.0,19.000416666666666,98.26666666666667,0.9740509259259259,,38.085625
2014-06-16,20.21,17.87,100.0,94.2,3.289,3.6888888888888887,262.0,12.34,1.356039,-0.519473,18.94,18.94,18.94,24.0,20.48875,91.55375,1.3176504629629628,,198.43391666666665
2014-06-17,24.75,18.07,100.0,69.53,17.13,5.05,102.0,0.0,1.089112,-0.8974768999999999,18.71,18.71,18.71,24.0,19.595833333333335,92.77541666666667,1.3277083333333333,,135.60645833333334
2014-06-18,23.03,16.77,100.0,76.73,11.71,4.51111111111111,132.0,0.0,1.034833,-0.7086644999999999,18.82,19.14,19.14,24.0,16.5025,94.72083333333335,2.479722222222222,,26.604041666666664
2014-06-19,19.19,13.77,100.0,78.23,2.297,8.169444444444444,150.0,20.35,1.15684,-0.315639,10.96,13.85,13.85,24.0,14.225833333333334,81.47208333333333,1.3840046296296296,,92.16908333333333
2014-06-20,16.46,12.74,96.3,58.18,7.958,3.730555555555555,253.0,0.0,1.13889,-0.1319535,11.86,13.25,13.25,24.0,14.461666666666666,86.40291666666667,1.2199074074074074,,101.91216666666666
2014-06-21,18.88,12.79,97.8,68.59,8.8,3.7611111111111106,102.0,0.0,1.110833,-0.1768591,13.17,13.75,13.75,24.0,15.299166666666666,89.24833333333333,1.635497685185185,,131.39166666666668
2014-06-22,19.07,12.6,98.9,71.88,11.34,5.6,102.0,0.0,0.9207008,-0.4611323,14.65,15.73,15.73,24.0,17.015416666666667,92.86666666666667,1.6124305555555554,,142.581875
2014-06-23,21.09,15.01,99.3,80.7,12.31,4.238888888888889,82.0,0.0,0.7965118999999999,-0.6676114,16.65,16.89,16.89,24.0,18.354583333333334,94.04583333333333,1.3861574074074072,,167.49508333333333
2014-06-24,22.03,15.88,100.0,76.11,14.46,5.6305555555555555,88.0,0.0,0.8460692999999999,-0.60587,17.52,17.6,17.6,24.0,18.640833333333333,97.39166666666667,1.0605092592592593,,82.92291666666667
2014-06-25,22.55,16.1,100.0,86.6,7.16,3.4305555555555554,104.0,0.0,1.02254,-0.43914739999999997,18.12,18.12,18.12,24.0,19.26125,97.07083333333333,1.331574074074074,,40.00925
2014-06-26,21.1,17.56,100.0,88.9,3.455,5.088888888888889,238.0,2.057,1.141747,-0.5786502,19.36,19.36,19.36,24.0,20.41,91.14916666666666,1.4800925925925925,,102.94166666666666
2014-06-27,25.22,18.07,100.0,69.99,8.89,4.769444444444445,130.0,0.0,1.187296,-0.6925547,18.51,18.9,18.9,24.0,19.021666666666665,96.00416666666666,1.5756597222222222,,52.75833333333333
2014-06-28,21.06,17.77,100.0,84.6,4.555,4.111111111111112,106.0,5.486,1.189209,-0.7840811,18.72,18.83,18.83,24.0,19.14125,98.66666666666667,1.5999421296296295,,44.182625
2014-06-29,21.58,18.47,100.0,87.1,3.814,5.3500000000000005,113.0,6.172,1.164445,-0.8897858999999999,18.74,18.74,18.74,24.0,20.4225,75.595,2.654027777777778,,162.26620833333334
2014-06-30,25.77,17.84,100.0,41.37,14.01,10.83888888888889,290.0,6.629,1.007409,-1.116451,10.55,18.45,18.45,24.0,19.0075,55.632083333333334,4.075995370370371,,209.59579166666666
2014-07-01,23.25,14.3,71.95,44.19,18.1,9.55,264.0,0.0,1.076063,-1.075369,6.985,16.75,16.75,24.0,16.9025,67.51125,1.805,,209.79399999999998
2014-07-02,24.93,11.1,88.6,42.85,18.11,5.461111111111111,314.0,0.0,1.174681,-0.7642958,9.12,11.26,11.26,24.0,14.527499999999998,83.9975,1.1345370370370371,,89.75904166666668
2014-07-03,18.86,10.17,94.9,64.86,7.75,2.588888888888889,225.0,0.0,1.044698,-0.6700535,14.75,15.96,15.96,24.0,17.533333333333335,89.0,1.2296527777777777,,151.933
2014-07-04,21.71,14.83,99.6,71.32,13.12,3.5888888888888886,97.0,0.0,0.7724106,-0.7566444,16.59,16.76,16.76,24.0,18.742083333333333,95.12083333333334,1.3626157407407407,,146.51604166666667
2014-07-05,23.89,16.75,99.9,79.39,12.65,5.6,133.0,0.0,0.614615,-0.7462903,18.43,18.59,18.59,24.0,18.64625,98.50833333333333,1.0729282407407406,,40.09545833333333
2014-07-06,19.86,17.74,100.0,93.0,3.462,3.9888888888888885,71.0,0.0,0.5542623999999999,-0.4525557,18.19,18.27,18.27,24.0,18.820416666666667,95.07083333333333,0.9147222222222222,,66.766
2014-07-07,20.97,16.96,100.0,82.3,5.765,2.7805555555555554,89.0,0.0,0.4974906,-0.5615038,17.0,17.0,17.0,24.0,16.804166666666667,92.09916666666668,2.194212962962963,,53.649
2014-07-08,19.26,14.92,100.0,74.32,4.632,8.36111111111111,105.0,0.457,0.8276098,-0.6821373,13.63,15.0,15.0,24.0,15.500833333333333,87.22416666666668,1.260462962962963,,51.82595833333334
2014-07-09,17.39,14.21,97.3,72.29,4.475,3.7805555555555554,230.0,0.229,0.9734738,-0.5110477999999999,13.66,14.76,14.76,24.0,15.707500000000001,93.51666666666667,1.438449074074074,,37.30733333333333
2014-07-10,17.03,14.74,100.0,86.3,3.221,3.4305555555555554,225.0,0.914,0.9779565,-0.7167450999999999,16.2,16.2,16.2,24.0,17.1175,94.92083333333333,1.6437037037037037,,63.95791666666667
2014-07-11,19.08,15.82,100.0,84.9,5.521,4.230555555555555,229.0,4.801,1.107052,-0.7688113,15.98,16.55,16.55,24.0,17.055833333333332,91.34708333333333,1.5858680555555555,,135.94875
2014-07-12,21.76,14.55,100.0,68.07,11.74,5.8,113.0,2.286,1.191211,-0.7775052,15.96,16.01,16.01,24.0,17.269166666666667,94.85833333333333,1.3872685185185185,,96.77054166666666
2014-07-13,20.3,15.34,100.0,81.3,8.36,3.6694444444444447,240.0,0.686,1.238832,-0.8021467,17.36,17.51,17.51,24.0,17.679583333333333,97.74166666666667,1.2656944444444445,,81.014
2014-07-14,19.62,15.58,100.0,89.6,6.995,5.6499999999999995,71.0,2.743,1.097373,-1.084255,17.09,18.5,18.5,24.0,18.000416666666666,94.99583333333334,1.0967592592592592,,81.98091666666667
2014-07-15,21.43,15.43,100.0,84.0,7.078,4.638888888888888,1.0,3.658,1.03212,-1.078241,15.5,15.5,15.5,24.0,17.877083333333335,94.07166666666666,1.8421180555555556,,176.609375
2014-07-16,21.8,14.55,100.0,77.34,15.25,7.05,75.0,0.914,0.964421,-1.048285,18.14,18.85,18.85,24.0,19.18625,92.57458333333334,1.7127314814814814,,164.2945
2014-07-17,22.39,16.88,100.0,77.72,14.18,6.219444444444444,91.0,0.0,0.8467564999999999,-1.177025,18.16,18.9,18.9,24.0,19.451249999999998,93.14999999999999,1.667164351851852,,159.82404166666666
2014-07-18,22.03,16.76,100.0,77.83,13.8,8.688888888888888,271.0,0.914,0.7944557999999999,-1.032551,17.02,19.01,19.01,24.0,20.138749999999998,65.10791666666667,4.184849537037037,,124.69995833333333
2014-07-19,22.91,12.08,91.2,43.09,10.76,13.56111111111111,236.0,0.0,0.8481548,-0.6803232,10.42,12.08,12.08,24.0,14.867916666666666,69.2925,1.8908449074074074,,231.24791666666667
2014-07-20,20.93,9.91,92.2,32.65,19.96,5.719444444444444,58.0,0.0,1.10143,-0.490587,9.42,10.79,10.79,24.0,13.95375,84.34291666666667,1.6775115740740743,,227.55958333333334
2014-07-21,20.06,9.24,98.5,56.78,19.65,6.188888888888889,70.0,0.0,0.7357848,-0.5183835999999999,11.41,11.63,11.63,24.0,14.922083333333333,89.34625,1.5417245370370372,,192.04841666666667
2014-07-22,20.18,9.85,99.5,68.95,16.58,8.1,85.0,0.0,0.6030232999999999,-0.7491610999999999,15.4,17.25,17.25,24.0,17.874166666666667,85.12291666666667,1.5532175925925926,,191.77429166666664
2014-07-23,23.03,14.32,98.6,66.41,16.56,7.180555555555555,64.0,0.0,0.6240241999999999,-0.7635721999999999,16.17,16.38,16.38,24.0,17.804166666666667,93.90416666666665,1.2264467592592592,,176.54274999999998
2014-07-24,21.74,14.4,100.0,80.2,15.24,4.888888888888889,94.0,0.0,0.6422441,-0.7665807,17.9,18.22,18.22,24.0,18.03291666666667,97.93333333333334,1.990196759259259,,26.728583333333333
2014-07-25,19.77,15.96,100.0,92.1,2.308,7.1305555555555555,206.0,7.087,1.003375,-0.7928778,15.9,15.98,15.98,24.0,15.436250000000001,80.87541666666667,2.2418055555555556,,195.7504583333333
2014-07-26,20.28,11.93,99.9,50.44,16.9,6.519444444444444,230.0,0.0,1.436971,-0.3352456,12.43,13.69,13.69,24.0,15.29,85.60916666666667,1.8584027777777778,,186.06879166666667
2014-07-27,19.1,12.94,96.5,68.71,16.06,5.8805555555555555,102.0,0.0,1.25477,-0.6283997,12.63,13.2,13.2,24.0,14.017083333333334,92.30791666666666,1.6219907407407408,,24.069333333333333
2014-07-28,15.56,12.64,98.8,78.57,2.078,4.45,228.0,0.0,1.232186,-0.7382877,13.61,13.85,13.85,24.0,14.142916666666666,95.70416666666667,1.4383912037037037,,22.495458333333332
2014-07-29,15.11,13.57,100.0,86.7,1.9420000000000002,3.5888888888888886,262.0,0.457,1.15808,-0.8266610999999999,14.13,14.13,14.13,24.0,16.036666666666665,96.53333333333335,1.1678472222222223,,55.2465
2014-07-30,19.34,13.91,100.0,77.26,4.77,5.011111111111111,332.0,2.743,0.9796959999999999,-1.141533,16.23,16.23,16.23,24.0,17.518333333333334,93.26791666666666,1.6427314814814815,,133.14804166666667
2014-07-31,21.45,15.03,100.0,76.36,11.5,6.561111111111111,80.0,1.8290000000000002,0.7090046,-1.27784,15.09,15.09,15.09,24.0,18.100416666666664,90.34541666666667,1.1500000000000001,,183.85799999999998
2014-08-01,22.69,15.08,100.0,69.78,15.87,4.819444444444445,73.0,0.0,0.7691089999999999,-1.22171,15.51,15.58,15.58,24.0,18.258333333333333,94.23166666666667,1.7677662037037036,,204.16120833333332
2014-08-02,23.58,15.13,100.0,78.25,17.63,9.219444444444443,202.0,6.629,0.7562907,-0.8672333999999999,18.25,18.39,18.39,24.0,20.547083333333333,83.765,1.7621527777777777,,239.77608333333333
2014-08-03,28.67,15.76,100.0,46.36,20.7,5.930555555555556,84.0,0.0,0.5961516,-0.8218795999999999,16.74,17.35,17.35,24.0,20.132916666666667,87.69083333333333,1.3421412037037037,,235.37033333333332
2014-08-04,27.58,14.55,100.0,53.79,20.32,4.588888888888889,104.0,0.0,0.5194345,-0.7596469,16.77,17.9,17.9,24.0,20.345416666666665,80.67541666666666,2.7678703703703706,,233.42545833333335
2014-08-05,34.11,14.96,97.8,29.15,20.16,14.619444444444445,126.0,7.087,0.6116790999999999,-0.5033654,14.24,15.6,15.6,24.0,15.707083333333335,79.13708333333334,2.1612847222222222,,259.624625
2014-08-06,19.09,11.92,97.0,57.71,22.42,6.569444444444444,83.0,0.0,0.8492312,-0.1915913,11.16,11.93,11.93,24.0,15.410416666666668,82.21083333333333,1.945324074074074,,257.54704166666664
2014-08-07,21.74,10.73,97.5,55.22,22.24,8.38888888888889,89.0,0.0,0.8049489999999999,-0.7557383,13.21,13.92,13.92,24.0,17.03875,87.71833333333332,2.0724652777777774,,242.31004166666665
2014-08-08,22.86,12.02,98.9,70.08,20.92,8.05,133.0,0.0,0.5110011,-1.156844,15.45,17.75,17.75,24.0,16.960416666666667,74.77083333333333,2.66943287037037,,88.06720833333333
2014-08-09,18.88,15.24,87.2,56.1,7.604,7.588888888888889,119.0,0.0,1.043468,-0.7781197999999999,12.08,15.32,15.32,24.0,16.05666666666667,82.65666666666667,1.1792708333333333,,72.26404166666667
2014-08-10,18.1,14.43,91.7,74.14,6.239,4.1,74.0,0.0,1.202809,-0.9240969,14.84,16.2,16.2,24.0,17.65625,89.92666666666666,1.4444560185185187,,173.92608333333337
2014-08-11,22.39,14.63,99.5,72.04,15.02,4.888888888888889,83.0,0.0,1.196206,-1.060223,15.89,15.96,15.96,24.0,17.896666666666665,95.26375,1.222048611111111,,176.69787499999998
2014-08-12,24.45,15.3,100.0,60.2,15.26,3.4499999999999997,60.0,0.0,1.141629,-1.194532,17.02,17.02,17.02,24.0,19.4375,91.86375,2.00130787037037,,206.14920833333335
2014-08-13,25.38,15.79,100.0,68.43,17.8,7.280555555555556,230.0,22.28,1.350908,-0.9113317,17.63,17.63,17.63,24.0,14.92875,85.06125,2.848981481481481,,108.89341666666667
2014-08-14,17.85,11.1,100.0,64.45,9.4,8.35,96.0,5.258,1.464412,-0.36555489999999996,6.917,12.16,12.16,24.0,13.529166666666667,72.00875,2.300601851851852,,261.21362500000004
2014-08-15,17.51,10.2,91.0,54.77,22.55,5.199999999999999,94.0,0.0,1.2089349999999999,-0.5650071,11.26,13.1,13.1,24.0,14.71375,88.89041666666667,1.6056134259259258,,96.97191666666667
2014-08-16,18.26,12.56,100.0,66.81,8.37,3.7,219.0,3.2,0.9327803,-0.8425781999999999,15.28,15.28,15.28,24.0,16.817083333333333,99.97916666666667,1.6452893518518519,,26.839000000000002
2014-08-17,18.43,15.11,100.0,98.5,2.317,10.93888888888889,245.0,35.84,0.8403161,-0.9757195,17.6,17.6,17.6,24.0,18.624583333333334,95.0,1.0063194444444445,,99.922625
2014-08-18,21.44,17.11,100.0,79.15,8.63,3.2305555555555556,53.0,0.229,0.717525,-0.9591183999999999,17.53,17.53,17.53,24.0,19.076249999999998,93.33916666666666,1.311875,,118.60095833333334
2014-08-19,22.95,17.19,100.0,71.67,10.24,4.811111111111111,99.0,0.0,0.5626531,-0.8270607,17.52,17.76,17.76,24.0,19.15125,89.91666666666667,1.6262384259259257,,264.0314583333333
2014-08-20,22.83,15.44,100.0,71.47,22.8,6.688888888888888,87.0,0.0,0.6423468999999999,-0.6175792999999999,15.44,15.44,15.44,24.0,17.683333333333334,92.24041666666666,1.3845370370370371,,204.73345833333335
2014-08-21,23.07,14.54,100.0,69.91,17.68,5.688888888888889,81.0,0.0,0.6042862,-0.5052540999999999,16.42,16.42,16.42,24.0,17.79375,90.32583333333334,1.4151967592592591,,260.8319166666667
2014-08-22,23.36,12.84,100.0,64.45,22.52,5.430555555555555,65.0,0.0,0.8402596,-0.3397807,16.51,16.75,16.75,24.0,18.824583333333333,91.78583333333334,1.6916782407407407,,260.40929166666666
2014-08-23,26.77,14.38,100.0,59.5,22.48,6.938888888888889,77.0,0.0,0.8378091,-0.6513642,17.71,17.71,17.71,24.0,18.825416666666666,93.15833333333335,1.6075810185185186,,70.2795
2014-08-24,21.1,17.21,100.0,83.8,6.068,5.55,69.0,0.0,1.015324,-0.8946828,17.96,18.94,18.94,24.0,20.09875,89.94541666666667,1.67875,,249.21466666666666
2014-08-25,24.28,17.51,100.0,70.98,21.52,5.76111111111111,64.0,0.0,0.9710778999999999,-1.133365,17.65,17.65,17.65,24.0,21.579583333333332,84.66958333333334,1.965462962962963,,231.437875
2014-08-26,30.36,16.4,100.0,49.69,19.98,8.36111111111111,181.0,0.0,1.130597,-1.209569,18.81,20.0,20.0,24.0,19.06,69.56916666666667,3.622627314814815,,295.98858333333334
2014-08-27,24.11,15.22,99.5,35.57,25.55,10.688888888888888,229.0,2.972,1.429278,-0.8480139999999999,9.44,18.48,18.48,24.0,16.335416666666667,60.005833333333335,3.1003587962962964,,297.1829166666667
2014-08-28,22.71,12.45,88.8,33.22,25.65,8.619444444444445,238.0,0.0,1.493515,-0.8560466999999999,10.9,13.67,13.67,24.0,15.285000000000002,80.68124999999999,2.650787037037037,,140.36225
2014-08-29,19.13,13.17,87.7,64.37,12.12,7.01111111111111,113.0,0.0,1.510738,-0.4753828,12.01,15.08,15.08,24.0,16.315833333333334,78.01958333333333,1.6952199074074075,,153.64075
2014-08-30,20.18,13.81,88.3,63.24,13.27,4.969444444444444,71.0,0.0,1.113971,-0.9143968,13.14,16.38,16.38,24.0,18.009583333333335,78.80041666666666,1.7963773148148148,,283.75791666666663
2014-08-31,21.99,14.81,93.9,58.97,24.5,7.919444444444444,84.0,0.0,0.7824163,-0.9745275999999999,15.51,16.48,16.48,24.0,16.78625,96.37916666666666,1.907662037037037,,27.500874999999997
2014-09-01,20.78,14.33,100.0,78.97,2.374,15.980555555555556,185.0,17.83,0.4692955,-0.8404703,16.13,16.19,16.19,24.0,19.36625,85.74166666666667,2.3205324074074074,,296.83683333333335
2014-09-02,27.21,13.73,100.0,56.29,25.63,9.55,111.0,0.0,0.6664224,-0.660887,16.34,18.32,18.32,24.0,17.580833333333334,94.29583333333333,1.977835648148148,,36.035375
2014-09-03,19.21,15.96,100.0,85.9,3.111,17.15,205.0,20.35,0.7600212,-0.3376478,16.29,16.31,16.31,24.0,18.45875,90.48333333333333,3.205509259259259,,251.047625
2014-09-04,25.97,15.14,100.0,57.33,21.68,11.549999999999999,162.0,2.515,0.5918622,-0.5624722,16.4,16.63,16.63,24.0,17.819166666666664,88.96791666666667,2.7730787037037037,,255.12679166666666
2014-09-05,21.88,15.7,100.0,66.06,22.03,9.088888888888889,87.0,5.08,0.6125349999999999,-0.9193538,15.65,17.67,17.67,24.0,18.07166666666667,85.7575,2.576747685185185,,123.96691666666668
2014-09-06,20.63,15.87,98.2,71.19,10.7,9.738888888888889,72.0,0.686,0.6285293,-1.116785,15.73,17.61,17.61,24.0,19.016666666666666,87.47250000000001,1.9794791666666667,,160.29675
2014-09-07,22.67,16.01,98.0,74.09,13.84,7.749999999999999,81.0,0.457,0.5971339,-1.398634,17.78,18.71,18.71,24.0,19.848333333333333,90.0775,2.2015625,,153.70016666666666
2014-09-08,23.78,17.59,97.9,74.91,13.27,5.6305555555555555,105.0,0.229,0.7549477,-1.541392,17.02,18.91,18.91,24.0,20.314583333333335,85.99041666666666,2.1866203703703704,,296.2549583333333
2014-09-09,23.82,17.44,96.6,71.56,25.57,8.2,70.0,0.0,1.192853,-1.097978,18.32,19.74,19.74,24.0,20.847916666666666,90.57583333333334,1.7745138888888887,,211.293375
2014-09-10,23.93,18.98,98.1,77.19,18.24,7.719444444444444,79.0,0.0,1.464742,-0.9187731,19.83,20.75,20.75,24.0,22.618750000000002,86.21458333333334,2.0121759259259258,,281.1675833333333
2014-09-11,28.45,18.73,100.0,58.48,24.27,8.430555555555555,57.0,0.0,1.241563,-1.0540910000000001,19.57,20.65,20.65,24.0,19.425833333333333,89.66208333333333,3.3432523148148143,,90.96370833333333
2014-09-12,21.16,17.29,100.0,76.12,7.853,8.780555555555555,108.0,1.8290000000000002,1.327462,-0.6512985,17.41,17.41,17.41,24.0,18.1975,98.80833333333334,1.9892013888888889,,91.48420833333334
2014-09-13,20.86,16.76,100.0,89.1,7.899,4.988888888888889,109.0,3.429,1.193851,-0.8956046999999999,18.77,18.76,18.76,24.0,21.305833333333332,88.10583333333334,2.4409375,,317.54508333333337
2014-09-14,25.87,18.48,100.0,63.83,27.42,9.569444444444445,65.0,0.229,0.9607009999999999,-1.013745,18.96,20.42,20.42,24.0,20.99833333333333,85.52416666666666,1.8197106481481482,,232.345375
2014-09-15,25.08,17.14,99.1,67.38,20.06,6.75,83.0,0.0,0.6906996,-0.8786700000000001,19.44,21.0,21.0,24.0,21.90833333333333,88.08749999999999,1.672615740740741,,97.18758333333334
2014-09-16,26.51,19.61,98.2,57.21,8.39,8.730555555555556,215.0,0.0,0.6952400000000001,-0.6818489,13.91,22.3,22.3,24.0,20.737083333333334,67.84625,3.1735763888888884,,340.446875
2014-09-17,25.43,15.88,83.6,44.89,29.39,8.419444444444444,106.0,0.0,0.8522061999999999,-0.5943602,14.97,18.29,18.29,24.0,18.727083333333333,81.82541666666667,2.109490740740741,,156.9095
2014-09-18,21.37,16.95,88.3,72.94,13.55,6.8805555555555555,77.0,0.0,0.8957516999999999,-0.1631794,15.21,17.8,17.8,24.0,18.843333333333334,90.44916666666667,2.0902893518518515,,121.04566666666666
2014-09-19,22.58,16.22,100.0,74.31,10.45,10.15,112.0,19.43,0.70398,-0.6028583,18.6,18.6,18.6,24.0,20.010833333333334,95.42083333333333,1.7277199074074074,,73.57725
2014-09-20,22.7,18.21,100.0,84.9,6.353,13.261111111111111,219.0,9.37,0.7530667999999999,-0.6033162,18.9,19.29,19.29,24.0,22.165000000000003,84.29875,2.3105787037037033,,199.78879166666664
2014-09-21,29.35,18.59,99.9,50.97,17.25,10.288888888888888,135.0,0.914,0.9319335999999999,-0.45645729999999995,18.82,19.45,19.45,24.0,20.592499999999998,78.81041666666667,2.7791435185185183,,329.705125
2014-09-22,25.7,17.67,100.0,38.35,28.47,9.719444444444445,97.0,0.229,1.20659,-0.6031538,14.41,18.01,18.01,24.0,18.417916666666667,78.21708333333333,2.1800231481481482,,281.1247916666667
2014-09-23,22.44,13.77,96.2,60.17,24.27,6.938888888888889,96.0,0.0,1.3277109999999999,-0.8712517,15.23,15.82,15.82,24.0,19.165000000000003,85.91833333333334,2.2551273148148145,,189.63658333333333
2014-09-24,23.02,15.11,98.0,69.41,16.37,8.15,75.0,0.0,0.9256215,-1.342706,18.01,20.14,20.14,24.0,19.055416666666666,96.34583333333335,1.975949074074074,,41.460375
2014-09-25,20.14,17.44,99.7,87.5,3.58,6.561111111111111,197.0,10.52,0.8740937999999999,-1.479147,18.51,18.53,18.53,24.0,19.417083333333334,96.14166666666667,1.7583680555555556,,81.97579166666667
2014-09-26,21.58,17.46,100.0,85.6,7.078,5.530555555555556,142.0,0.686,1.1043129999999999,-1.158779,19.69,19.92,19.92,24.0,21.582916666666666,90.84125,2.764074074074074,,140.465
2014-09-27,28.09,19.1,100.0,75.57,12.13,12.15,113.0,3.429,1.034139,-1.115114,17.21,19.26,19.26,24.0,17.742083333333333,95.21249999999999,1.9955092592592594,,42.497708333333335
2014-09-28,19.56,16.38,100.0,84.4,3.669,6.499999999999999,164.0,9.14,1.082016,-0.7437661,16.62,16.62,16.62,24.0,17.64625,99.56666666666666,1.8229050925925927,,56.50829166666667
2014-09-29,19.16,16.26,100.0,97.7,4.879,4.6499999999999995,215.0,6.401,0.9896370999999999,-0.8454516,18.46,18.46,18.46,24.0,19.95375,94.53500000000001,2.0360069444444444,,46.243125
2014-09-30,23.59,18.25,100.0,70.64,3.993,11.299999999999999,213.0,4.572,0.7120278,-0.8549042,18.56,18.83,18.83,24.0,20.757083333333334,91.82875,1.926585648148148,,207.72966666666665
2014-10-01,25.72,17.6,100.0,71.78,17.93,6.6000000000000005,112.0,14.15,0.7382972,-0.7022254,19.64,19.64,19.64,24.0,22.012916666666666,85.77666666666666,3.310821759259259,,275.14529166666665
2014-10-02,28.84,19.12,100.0,60.83,23.76,13.799999999999999,258.0,13.61,0.9480592999999999,-0.2716017,16.13,19.26,19.26,24.0,19.6775,71.33916666666667,3.560173611111111,,355.62325000000004
2014-10-03,23.73,15.8,84.5,50.88,30.7,8.96111111111111,132.0,0.0,0.9060697999999999,-0.4400107,13.41,18.21,18.21,24.0,18.19666666666667,71.5,3.0246296296296293,,161.110125
2014-10-04,21.22,16.05,84.6,51.5,13.91,7.919444444444444,110.0,0.0,0.8154547,-0.7036110999999999,14.0,17.55,17.55,24.0,19.23125,69.73125,3.5557638888888885,,312.5018333333333
2014-10-05,22.93,15.94,92.0,49.78,26.98,9.288888888888888,101.0,0.0,0.7925344,-0.9891312999999999,15.01,16.4,16.4,24.0,19.118750000000002,74.00500000000001,2.8228472222222223,,245.1875
2014-10-06,23.26,15.64,96.1,48.13,21.17,9.700000000000001,79.0,0.0,0.7640443,-1.121054,13.33,18.55,18.55,24.0,19.417916666666667,77.05583333333334,2.185474537037037,,268.705125
2014-10-07,24.38,15.36,95.0,50.14,23.2,8.838888888888889,92.0,0.0,0.7823677,-1.288938,15.64,19.7,19.7,24.0,20.508333333333333,81.33916666666667,1.8076157407407407,,227.40841666666665
2014-10-08,24.51,17.27,97.1,62.04,19.63,6.538888888888889,96.0,0.0,0.8797661999999999,-1.359036,17.56,18.01,18.01,24.0,21.1575,85.63708333333334,1.8975925925925925,,224.85495833333334
2014-10-09,25.26,17.99,98.0,67.46,19.42,5.938888888888888,67.0,0.0,1.149009,-1.22613,19.1,20.54,20.54,24.0,21.997500000000002,85.15375,2.137511574074074,,294.6730416666667
2014-10-10,26.94,19.34,97.1,62.67,25.44,8.61111111111111,70.0,0.0,1.37412,-1.015916,18.73,20.06,20.06,24.0,22.503333333333334,87.64875,1.642199074074074,,291.33245833333336
2014-10-11,27.64,18.47,99.3,68.01,25.15,6.061111111111111,66.0,0.0,1.201892,-1.1758359999999999,19.98,20.07,20.07,24.0,21.99416666666667,90.32083333333333,2.5160763888888886,,127.46295833333333
2014-10-12,24.49,20.08,100.0,78.24,11.01,6.311111111111111,72.0,0.0,1.145512,-0.7652443999999999,20.1,20.86,20.86,24.0,22.54375,89.65291666666667,2.317199074074074,,323.07912500000003
2014-10-13,26.55,19.64,99.5,72.81,27.89,9.299999999999999,73.0,0.0,1.0778780000000001,-1.000039,21.01,21.69,21.69,24.0,22.14916666666667,92.97916666666667,2.0837268518518517,,101.41333333333334
2014-10-14,25.67,20.1,99.9,81.1,8.76,7.830555555555556,145.0,0.229,0.7170508,-0.7909162,20.46,20.82,20.82,24.0,22.875,89.55958333333332,2.921006944444444,,246.55112499999998
2014-10-15,29.33,20.36,100.0,61.33,21.28,8.799999999999999,123.0,1.143,0.8115218,-0.5154839999999999,20.04,21.31,21.31,24.0,21.588333333333335,94.27916666666665,1.980023148148148,,71.94375
2014-10-16,23.81,20.12,100.0,88.2,6.212,5.769444444444444,78.0,2.743,0.6473947,-0.45420059999999995,20.35,21.9,21.9,24.0,22.518333333333334,88.73375,2.328449074074074,,159.76329166666667
2014-10-17,25.7,20.97,100.0,73.05,13.79,10.230555555555554,80.0,0.229,0.6840695999999999,-0.366938,21.34,21.34,21.34,24.0,23.051666666666666,88.84083333333332,2.1927430555555554,,257.6504166666667
2014-10-18,29.88,20.0,100.0,63.79,22.25,10.65,110.0,2.286,0.6457908,-0.6215026,18.81,20.03,20.03,24.0,22.444999999999997,85.15875,2.950983796296296,,97.671375
2014-10-19,28.13,19.43,97.5,59.86,8.43,12.71111111111111,116.0,0.229,0.8831718,-0.33772959999999996,20.03,20.76,20.76,24.0,22.322916666666668,88.5225,2.7796180555555554,,182.77762499999997
2014-10-20,28.62,19.46,99.7,58.67,15.78,10.819444444444445,186.0,4.801,0.9419069,-0.4681592,19.37,20.34,20.34,24.0,21.24833333333333,81.07916666666667,2.5358564814814817,,169.65345833333333
2014-10-21,24.93,19.53,97.8,64.81,14.65,7.8500000000000005,117.0,0.0,1.094733,-0.5598979,14.6,19.56,19.56,24.0,19.625416666666666,79.41375000000001,2.218449074074074,,166.23345833333335
2014-10-22,23.35,17.33,94.2,61.74,14.35,8.369444444444444,122.0,0.0,1.190848,-0.8527361,16.24,17.43,17.43,24.0,20.329583333333332,77.2,2.374722222222222,,409.7880416666667
2014-10-23,24.54,16.59,97.8,53.69,35.38,8.619444444444445,82.0,0.0,1.021703,-1.180108,15.15,19.53,19.53,24.0,20.826666666666664,79.11583333333333,2.419560185185185,,256.8685
2014-10-24,24.95,17.03,93.3,63.25,22.18,8.580555555555556,79.0,0.0,0.9339099,-1.317245,18.13,21.21,21.21,24.0,22.063333333333333,83.64833333333333,2.1693171296296296,,226.53095833333336
2014-10-25,25.89,19.27,96.6,68.16,19.56,7.911111111111111,74.0,0.0,1.090827,-1.166137,19.62,21.73,21.73,24.0,23.405416666666667,81.71958333333333,2.2438310185185184,,311.67808333333335
2014-10-26,28.21,20.82,95.0,58.27,26.91,8.11111111111111,79.0,0.0,1.141382,-1.02096,20.34,22.22,22.22,24.0,23.110416666666666,87.74958333333332,2.178611111111111,,146.40225
2014-10-27,25.86,21.42,95.4,75.96,12.64,5.738888888888889,75.0,0.229,1.191089,-0.9360527999999999,20.55,22.03,22.03,24.0,23.305833333333336,80.88458333333334,2.8717939814814812,,411.45341666666667
2014-10-28,27.4,20.33,96.2,60.65,35.53,9.4,90.0,0.0,1.076566,-0.8962293,18.48,20.74,20.74,24.0,22.654583333333335,78.03958333333334,2.4216666666666664,,403.650875
2014-10-29,27.44,18.65,97.2,51.39,34.85,9.469444444444445,82.0,0.0,0.8178945,-0.8107034999999999,17.61,18.87,18.87,24.0,22.284583333333334,82.10083333333334,2.656134259259259,,415.1746666666667
2014-10-30,26.42,17.64,98.3,63.08,35.85,10.75,72.0,0.0,0.6684152999999999,-0.7116188,19.36,20.82,20.82,24.0,24.448333333333334,83.21124999999999,2.3607291666666668,,385.9793333333334
2014-10-31,29.43,20.66,95.4,66.64,33.33,9.411111111111111,122.0,0.0,0.7419981999999999,-0.6017661,21.42,23.43,23.43,24.0,24.195833333333336,85.24875,2.43181712962963,,176.93433333333334
2014-11-01,27.75,22.12,96.3,71.65,15.28,6.219444444444444,86.0,0.0,0.840472,-0.5184419,22.01,23.19,23.19,24.0,24.2325,89.29291666666667,2.229224537037037,,165.88291666666666
2014-11-02,27.92,21.85,99.6,74.01,14.32,6.188888888888889,136.0,3.658,0.8930302,-0.6395877999999999,22.1,22.82,22.82,24.0,23.310000000000002,93.1875,1.6880092592592593,,57.814458333333334
2014-11-03,24.45,22.17,98.7,84.3,4.991,4.238888888888889,240.0,0.0,1.028272,-0.7116051999999999,22.03,22.23,22.23,24.0,23.919583333333335,91.02499999999999,2.221585648148148,,168.34354166666665
2014-11-04,27.11,21.77,100.0,79.23,14.53,8.830555555555556,82.0,0.686,1.045547,-0.6406698,21.89,23.52,23.52,24.0,23.431250000000002,95.85000000000001,1.8700347222222222,,80.68758333333334
2014-11-05,25.91,21.34,100.0,86.0,6.966,9.630555555555556,193.0,30.33,0.9890709,-0.9476228999999999,21.68,21.68,21.68,24.0,20.328333333333333,84.64041666666667,2.344375,,92.03154166666667
2014-11-06,22.04,18.27,100.0,70.82,7.946,9.35,135.0,0.457,1.144215,-0.6405131,18.02,18.8,18.8,24.0,20.90041666666667,88.40958333333333,2.103125,,188.13087499999997
2014-11-07,24.63,17.77,98.5,72.55,16.24,6.830555555555556,75.0,0.229,1.450458,-0.6818501,20.83,21.06,21.06,24.0,21.875416666666666,90.86791666666666,2.6949074074074075,,80.14666666666666
2014-11-08,25.29,19.8,100.0,68.51,6.92,9.238888888888889,257.0,7.5440000000000005,1.279882,-1.250325,19.1,20.06,20.06,24.0,23.062083333333334,83.05041666666666,2.853634259259259,,362.1690833333334
2014-11-09,28.31,18.74,98.9,61.9,31.27,8.319444444444445,107.0,0.0,1.207527,-0.9355851,19.53,20.54,20.54,24.0,23.276666666666667,80.00375,2.4468055555555557,,428.00375
2014-11-10,28.66,18.59,98.6,56.8,36.95,8.538888888888888,81.0,0.0,1.171099,-0.9509192999999999,19.45,20.04,20.04,24.0,23.332916666666666,81.80208333333333,2.4374652777777777,,418.7941666666666
2014-11-11,28.46,19.58,96.9,58.05,36.15,9.299999999999999,52.0,0.0,1.080045,-0.8961781999999999,19.41,20.85,20.85,24.0,22.639583333333334,79.72041666666667,2.5956944444444443,,362.6770833333333
2014-11-12,26.56,18.37,96.2,56.41,31.32,11.869444444444444,75.0,0.0,0.8928387,-0.7149973,18.46,22.25,22.25,24.0,23.77416666666667,77.1975,2.6310532407407408,,323.26
2014-11-13,27.39,21.14,87.8,61.25,27.91,9.0,75.0,0.0,0.7709579,-0.7088055999999999,21.22,23.72,23.72,24.0,23.660416666666666,79.90208333333334,3.3646990740740743,,195.73108333333334
2014-11-14,26.89,21.16,95.5,61.67,16.9,11.188888888888888,126.0,0.0,0.7776643999999999,-0.5572735,16.3,21.24,21.24,24.0,20.080000000000002,82.01583333333333,1.9441435185185185,,114.01916666666666
2014-11-15,22.92,16.93,97.1,56.84,9.84,7.738888888888889,144.0,5.715,0.9979669999999999,-0.09610605,17.38,18.05,18.05,24.0,20.96875,75.45833333333333,2.2266435185185185,,431.0858333333333
2014-11-16,26.02,16.62,98.8,52.48,37.22,7.311111111111111,73.0,0.0,0.7331359,-0.2228668,15.6,18.36,18.36,24.0,21.426666666666666,74.85375,2.4499189814814812,,438.75375
2014-11-17,26.88,15.42,92.9,53.96,37.88,8.488888888888889,81.0,0.0,0.7122991,-0.47975589999999996,17.63,19.93,19.93,24.0,21.919583333333332,70.13666666666667,2.2340046296296294,,453.8770833333333
2014-11-18,26.45,17.79,95.0,41.29,39.19,7.319444444444445,80.0,0.0,0.8518081,-0.3100178,16.29,18.98,18.98,24.0,21.377499999999998,73.24125,2.658703703703704,,387.6116666666667
2014-11-19,25.92,16.64,90.6,54.58,33.47,9.819444444444445,76.0,0.0,0.8910408,-0.55676,17.08,21.68,21.68,24.0,23.00208333333333,75.05875,2.4187962962962963,,291.013
2014-11-20,26.27,19.32,87.2,61.86,25.13,9.5,68.0,0.0,0.7831922,-1.15093,19.89,22.11,22.11,24.0,22.135,89.61625,1.5846875,,127.94375000000001
2014-11-21,25.11,20.07,98.3,73.58,11.05,5.819444444444444,81.0,3.658,0.738266,-1.205803,20.66,21.33,21.33,24.0,23.204583333333332,88.25125000000001,1.8903703703703705,,166.424625
2014-11-22,27.35,21.04,97.2,69.21,14.37,7.288888888888888,72.0,0.229,1.170795,-0.9684408,21.87,22.36,22.36,24.0,24.681250000000002,90.81124999999999,2.071886574074074,,230.62966666666668
2014-11-23,29.94,21.63,100.0,71.95,19.91,8.411111111111111,278.0,13.28,1.143806,-1.052064,19.62,23.03,23.03,24.0,22.234166666666667,87.71708333333333,1.9054282407407408,,56.52095833333333
2014-11-24,24.38,19.99,99.1,76.27,4.881,6.319444444444445,133.0,0.686,1.154861,-0.8165218999999999,19.79,19.99,19.99,24.0,22.722083333333334,88.12291666666665,2.455625,,251.26612500000002
2014-11-25,26.99,19.48,100.0,71.54,21.7,9.038888888888888,70.0,3.2,1.358183,-0.8306848,21.08,22.01,22.01,24.0,22.427083333333332,98.3625,1.3461805555555555,,44.849625
2014-11-26,23.34,21.7,100.0,94.0,3.873,4.411111111111111,95.0,19.2,1.055974,-0.8255414999999999,22.55,22.55,22.55,24.0,24.004166666666666,91.88333333333333,2.6887962962962964,,212.12970833333335
2014-11-27,27.41,22.31,100.0,79.46,18.32,8.219444444444445,111.0,1.8290000000000002,1.206818,-0.5818901,20.63,22.46,22.46,24.0,24.44458333333333,76.79625,2.4232060185185182,,393.00291666666664
2014-11-28,29.16,20.31,92.6,54.21,33.93,8.15,107.0,0.0,1.203711,-0.425181,20.7,22.92,22.92,24.0,24.073333333333334,80.18166666666667,2.335173611111111,,288.9585416666667
2014-11-29,29.17,20.96,95.9,59.03,24.95,7.230555555555556,80.0,0.0,0.9162543,-0.5205847,20.03,22.91,22.91,24.0,23.81375,80.51083333333334,2.5477199074074073,,369.82166666666666
2014-11-30,27.76,20.68,97.4,61.52,31.94,8.019444444444444,73.0,3.886,0.8874327999999999,-0.5947553999999999,21.1,21.95,21.95,24.0,23.622500000000002,83.52,1.7767129629629628,,166.916125
2014-12-01,27.3,20.7,98.0,68.64,14.41,6.280555555555555,78.0,1.6,0.5099549,-0.9645646,20.67,22.98,22.98,24.0,24.759583333333335,83.80458333333333,2.303703703703704,,307.94
2014-12-02,29.14,21.92,96.0,65.18,26.59,7.95,76.0,0.0,0.6990244,-0.9196238999999999,21.57,23.47,23.47,24.0,25.475416666666664,84.34416666666667,2.1590625,,320.8043333333333
2014-12-03,29.48,22.66,95.1,67.39,27.7,8.288888888888888,80.0,0.0,1.002374,-0.5170146,22.12,23.33,23.33,24.0,25.83666666666667,85.06416666666667,3.0196875,,346.4049583333333
2014-12-04,32.36,20.95,99.5,57.68,29.91,10.83888888888889,210.0,16.51,1.100617,-0.6514012,20.1,20.95,20.95,24.0,22.47583333333333,82.01875,2.8459143518518517,,197.96695833333334
2014-12-05,26.34,19.33,98.8,57.41,17.09,7.9,161.0,3.658,1.109453,-0.32352919999999996,19.5,21.12,21.12,24.0,22.8475,75.82083333333334,3.541886574074074,,448.5645833333333
2014-12-06,27.12,19.34,91.0,56.22,38.73,9.388888888888888,99.0,0.0,1.31524,-0.7853954999999999,17.79,19.9,19.9,24.0,22.8475,77.18916666666667,2.0665046296296294,,324.35429166666665
2014-12-07,27.03,18.01,94.7,54.38,28.0,7.169444444444444,60.0,0.0,1.155424,-1.059866,20.7,22.86,22.86,24.0,24.655416666666667,83.80916666666667,2.7831944444444443,,368.91970833333335
2014-12-08,29.07,20.66,96.1,69.12,31.85,9.6,70.0,0.229,1.039244,-1.399908,21.67,24.03,24.03,24.0,25.67958333333333,81.87333333333333,2.6540856481481483,,447.2547916666667
2014-12-09,30.26,22.28,94.6,64.64,38.61,8.7,84.0,0.0,0.9686357999999999,-1.215955,22.49,24.33,24.33,24.0,24.982916666666668,88.2475,2.200127314814815,,229.00783333333334
2014-12-10,29.5,22.0,98.3,72.96,19.77,8.78888888888889,47.0,17.22,1.071089,-0.9829992,21.67,22.03,22.03,24.0,24.8575,90.22041666666667,1.565150462962963,,248.81733333333332
2014-12-11,29.48,21.99,98.7,69.81,21.48,7.630555555555555,97.0,3.734,0.9543931,-0.9295536,23.46,23.82,23.82,24.0,26.430833333333336,86.44,2.2152430555555553,,269.23541666666665
2014-12-12,31.85,23.02,99.9,62.78,23.25,8.7,131.0,0.0,0.9036012,-0.6476784999999999,23.54,24.47,24.47,24.0,26.347083333333334,86.20375,1.995474537037037,,277.323375
2014-12-13,30.23,21.97,100.0,68.34,23.94,6.269444444444444,72.0,28.09,0.9800154999999999,-0.3637507,21.8,22.06,22.06,24.0,25.41,87.60958333333333,2.3253472222222222,,357.80025
2014-12-14,32.0,20.94,100.0,65.52,30.89,12.819444444444443,142.0,37.31,0.8011465,-0.3106387,22.92,23.61,23.61,24.0,24.406666666666666,77.96249999999999,3.24619212962963,,354.7035416666667
2014-12-15,28.02,21.81,99.1,58.94,30.63,9.63888888888889,97.0,0.0,0.8148417,-0.3261119,19.2,21.81,21.81,24.0,22.444999999999997,80.66625,2.534247685185185,,206.09425
2014-12-16,26.46,20.01,95.5,63.66,17.79,7.95,96.0,3.023,0.8228765,-0.043546680000000004,18.91,20.45,20.45,24.0,22.852500000000003,81.17999999999999,2.1462962962962964,,304.5452916666667
2014-12-17,27.33,19.8,96.1,54.39,26.29,7.688888888888888,76.0,3.2,0.7520943,-0.1563027,19.33,20.62,20.62,24.0,23.773750000000003,78.98208333333334,2.112511574074074,,366.03383333333335
2014-12-18,28.82,18.49,97.0,56.19,31.6,8.330555555555556,68.0,0.0,0.6702281999999999,-0.5812814,20.25,22.05,22.05,24.0,25.041666666666668,81.05291666666666,2.345833333333333,,312.03904166666666
2014-12-19,30.8,20.7,96.1,61.74,26.94,8.261111111111111,145.0,0.0,0.9006187999999999,-0.5648065,21.15,23.16,23.16,24.0,22.749166666666667,93.34583333333335,2.324097222222222,,109.16825
2014-12-20,25.6,20.63,99.1,80.3,9.43,6.3999999999999995,128.0,3.429,1.123821,-0.5719223999999999,22.44,22.87,22.87,24.0,25.872500000000002,85.63041666666668,2.2546643518518517,,391.1718333333333
2014-12-21,31.07,21.15,98.9,62.44,33.77,8.330555555555556,85.0,0.229,1.101714,-0.777928,24.36,25.27,25.27,24.0,27.04041666666667,88.70083333333334,2.0207060185185184,,237.74687500000002
2014-12-22,32.42,24.06,98.6,67.88,20.53,8.411111111111111,230.0,1.143,1.097431,-0.9565880999999999,23.44,31.4,27.92,24.0,23.215416666666666,94.31583333333333,2.327847222222222,,37.89391666666666
2014-12-23,28.64,20.51,99.8,71.85,3.2720000000000002,7.8805555555555555,125.0,21.72,1.315742,-0.5812889,19.94,21.12,21.12,24.0,20.319583333333334,91.29,2.379375,,77.823875
2014-12-24,22.23,18.05,98.9,78.39,6.72,6.8694444444444445,163.0,4.801,1.544295,-0.6506391,17.65,18.24,18.24,24.0,18.895416666666666,96.95833333333333,1.809074074074074,,85.89916666666666
2014-12-25,20.5,17.62,99.5,92.7,7.418,5.261111111111111,127.0,9.6,1.247832,-0.7820579,18.69,18.88,18.88,24.0,20.426666666666666,98.99583333333334,2.0152083333333333,,87.07041666666667
2014-12-26,22.1,18.58,100.0,93.1,7.517,4.330555555555556,227.0,7.315,1.172855,-0.9764811,21.39,21.39,21.39,24.0,24.235,92.27208333333334,2.0871180555555555,,304.7164166666667
2014-12-27,30.07,20.9,100.0,69.59,26.31,10.93888888888889,84.0,5.258,0.9768279,-0.9828361999999999,23.71,23.71,23.71,24.0,25.4075,92.25875,1.829548611111111,,232.89891666666665
2014-12-28,29.22,22.81,100.0,77.37,20.11,6.769444444444445,85.0,4.75,0.9179368,-0.8942872,24.25,24.48,24.48,24.0,26.35625,89.59125,2.186087962962963,,305.9209583333333
2014-12-29,34.47,22.71,100.0,59.52,26.41,8.05,121.0,11.89,0.956356,-0.6777943,22.72,22.82,22.82,24.0,25.00916666666667,92.14041666666667,1.7696527777777777,,198.56033333333335
2014-12-30,30.62,22.65,100.0,62.71,17.14,6.661111111111111,148.0,11.56,0.9477544,-0.5221559,23.91,24.39,24.39,24.0,26.520416666666666,85.4475,2.622048611111111,,389.88420833333333
2014-12-31,31.06,23.34,98.5,65.09,33.66,10.680555555555555,78.0,0.0,0.8511118999999999,-0.6099863999999999,22.22,23.63,23.63,24.0,25.74,85.96499999999999,1.9946527777777778,,149.38870833333334
2015-01-01,29.25,22.49,99.4,68.01,12.9,8.880555555555555,258.0,4.8260000000000005,0.8917240999999999,-0.6688508,21.56,25.25,25.25,24.0,28.2625,79.48041666666667,1.6533564814814816,,280.5387083333333
2015-01-02,35.34,22.86,97.1,47.83,24.22,5.930555555555556,17.0,0.0,0.9592575999999999,-0.5465800000000001,24.66,29.77,26.7,24.0,27.057083333333335,78.02041666666666,3.6669328703703705,,269.90075
2015-01-03,36.72,20.9,98.5,40.25,23.31,10.661111111111111,134.0,16.59,1.028732,-0.3137586,20.64,20.98,20.98,24.0,22.714583333333334,86.82125,1.5325925925925927,,123.48
2015-01-04,25.96,20.2,98.4,66.8,10.66,5.080555555555555,100.0,0.914,1.272826,-0.3051095,20.89,21.27,21.27,24.0,24.040000000000003,87.79833333333333,1.741400462962963,,245.89525
2015-01-05,29.01,20.97,97.8,68.49,21.23,7.5,71.0,0.0,1.312617,-0.5779797,23.19,23.64,23.64,24.0,24.981666666666666,90.3725,2.6698379629629625,,254.16625
2015-01-06,29.36,22.83,99.4,72.08,21.94,7.888888888888888,63.0,3.429,1.276922,-0.8391801,22.65,24.65,24.65,24.0,25.825,89.32041666666667,2.57818287037037,,308.19262499999996
2015-01-07,29.19,23.23,99.5,74.53,26.61,9.369444444444444,75.0,4.115,1.304739,-1.087101,23.48,24.64,24.64,24.0,26.673333333333332,87.18333333333334,1.7289467592592593,,306.5582083333333
2015-01-08,32.15,24.17,98.4,63.47,26.47,6.280555555555555,52.0,0.0,1.05582,-1.241408,24.01,24.92,24.92,24.0,27.910833333333333,81.55083333333333,2.5996296296296295,,338.3788333333334
2015-01-09,33.34,23.77,97.3,61.5,29.22,8.930555555555555,202.0,0.0,1.115882,-0.9318867,22.78,25.81,25.81,24.0,27.135416666666668,81.24291666666666,2.5228819444444444,,308.87433333333337
2015-01-10,32.3,23.62,94.3,59.36,26.67,12.96111111111111,226.0,0.0,1.207238,-0.8148002999999999,23.41,24.68,24.68,24.0,26.436666666666667,83.94958333333334,2.1204398148148145,,213.13625000000002
2015-01-11,33.71,23.6,96.7,57.05,18.4,15.919444444444444,254.0,1.3719999999999999,1.093142,-0.6896491,22.98,23.6,23.6,24.0,27.295416666666668,82.32666666666667,2.0206597222222222,,386.1933333333333
2015-01-12,34.12,22.01,99.3,53.59,33.34,9.95,193.0,5.131,0.9100701999999999,-0.5362916,23.51,24.01,24.01,24.0,28.06041666666667,79.75750000000001,2.5503009259259257,,408.1969583333334
2015-01-13,37.91,20.88,98.4,47.62,35.25,16.86111111111111,255.0,30.45,0.7583791999999999,-0.5220231,22.53,23.91,23.91,24.0,27.425,82.97583333333334,2.446273148148148,,351.4425416666666
2015-01-14,32.85,22.75,97.6,61.34,30.35,9.369444444444444,229.0,0.0,0.7925384,-0.5077480999999999,22.12,24.2,24.2,24.0,27.368333333333336,76.49541666666667,2.4630092592592594,,297.00695833333333
2015-01-15,33.51,21.02,100.0,53.61,25.64,19.769444444444446,221.0,52.37,0.788048,-0.3394172,21.81,21.81,21.81,24.0,26.506249999999998,83.52499999999999,2.9126736111111113,,395.4725833333334
2015-01-16,31.52,21.72,100.0,61.88,34.15,7.780555555555556,105.0,1.143,0.9200339,-0.4599839,24.04,25.76,25.76,24.0,27.614166666666666,81.91666666666667,2.1824421296296297,,366.26345833333335
2015-01-17,31.84,23.82,93.5,66.94,31.62,7.469444444444444,82.0,0.0,0.9318993,-0.5285654,25.66,32.86,27.82,24.0,28.370833333333334,84.91708333333334,2.5852199074074074,,367.16858333333334
2015-01-18,34.63,22.83,97.1,65.3,31.7,15.561111111111112,230.0,7.1370000000000005,0.9319341,-0.8584242999999999,22.63,23.74,23.74,24.0,26.920416666666668,84.59,2.4468634259259257,,352.0095833333333
2015-01-19,32.6,22.8,98.2,64.8,30.39,7.330555555555556,112.0,0.0,1.084817,-0.6812849999999999,22.25,24.21,24.21,24.0,27.211250000000003,82.69500000000001,2.322824074074074,,350.21454166666666
2015-01-20,33.48,23.71,96.6,60.64,30.24,9.330555555555556,146.0,0.229,1.3250709999999999,-0.7356950999999999,22.58,24.28,24.28,24.0,26.660833333333333,84.79125,2.2269907407407405,,343.1210416666667
2015-01-21,33.68,23.01,99.2,54.36,29.62,10.730555555555556,216.0,22.56,1.235024,-0.9516207,22.55,23.14,23.14,24.0,24.950416666666666,83.36791666666666,3.0938541666666666,,196.50229166666668
2015-01-22,28.62,21.79,98.5,66.35,16.97,8.538888888888888,156.0,0.0,1.459441,-0.4176313,20.98,22.23,22.23,24.0,22.22458333333333,92.125,3.2882754629629627,,110.47758333333333
2015-01-23,24.2,20.63,98.9,78.71,9.54,9.78888888888889,129.0,19.89,1.528071,-0.7286667,20.01,20.87,20.87,24.0,24.0625,80.13083333333333,2.6385300925925925,,351.0878333333333
2015-01-24,28.6,19.64,99.3,57.21,30.31,7.930555555555555,98.0,0.0,1.192324,-0.7625447999999999,21.3,23.27,23.27,24.0,25.644166666666667,78.98791666666666,2.0743171296296294,,425.69325000000003
2015-01-25,31.2,20.61,97.7,54.81,36.75,7.511111111111111,72.0,0.0,1.067514,-0.8864194,22.87,25.22,25.22,24.0,24.927083333333332,88.30375,2.0544907407407407,,239.86608333333334
2015-01-26,31.17,21.08,98.0,65.59,20.71,8.230555555555554,304.0,12.12,0.9251121999999999,-0.9510268,21.01,21.51,21.51,24.0,26.045416666666668,80.29333333333334,2.121539351851852,,426.84925
2015-01-27,33.09,20.15,98.3,47.29,36.85,9.869444444444445,76.0,0.0,0.9195683,-0.7893673,24.33,25.8,25.8,24.0,26.635416666666668,85.22458333333334,1.8281018518518517,,273.54020833333334
2015-01-28,32.66,24.39,96.3,62.58,23.62,8.03888888888889,74.0,0.0,0.7957966,-0.5534146999999999,23.36,24.47,24.47,24.0,26.2075,88.28625,1.9501388888888889,,265.340125
2015-01-29,32.33,23.23,98.3,69.83,22.91,7.761111111111111,69.0,18.29,0.7595333999999999,-0.5948966,24.36,24.79,24.79,24.0,28.52,75.32666666666667,2.8656828703703705,,295.36533333333335
2015-01-30,35.77,22.29,99.2,47.08,25.5,12.980555555555554,144.0,0.457,1.014603,-0.3915191,21.35,23.59,23.59,24.0,22.239166666666666,87.93041666666666,2.3570138888888885,,83.165875
2015-01-31,23.87,20.13,99.2,73.09,7.181,6.238888888888889,146.0,2.286,1.006679,-0.2891918,20.2,20.36,20.36,24.0,22.704583333333332,88.21666666666665,1.9160185185185183,,137.66283333333334
2015-02-01,26.26,20.06,99.0,72.91,11.89,4.438888888888889,116.0,0.686,1.09334,-0.3219399,21.22,21.92,21.92,24.0,24.326666666666668,84.89291666666666,1.8507523148148148,,227.158875
2015-02-02,28.03,21.39,97.7,70.09,19.61,6.75,79.0,0.457,1.081223,-0.7490355999999999,21.84,24.29,24.29,24.0,25.87625,83.03291666666667,2.258136574074074,,394.485125
2015-02-03,30.39,21.56,97.9,57.09,34.06,10.35,68.0,0.0,0.9806961999999999,-0.9229699,22.92,24.65,24.65,24.0,25.61708333333333,88.89208333333333,2.430127314814815,,339.6856666666667
2015-02-04,31.07,20.49,100.0,61.1,29.33,9.180555555555555,79.0,69.16,1.023814,-1.070171,21.21,21.21,21.21,24.0,23.508333333333336,93.16083333333334,2.107152777777778,,182.87783333333334
2015-02-05,27.2,21.01,100.0,78.58,15.79,7.869444444444444,138.0,29.21,1.180099,-0.9585500000000001,21.44,21.44,21.44,24.0,22.883333333333336,92.25833333333333,2.6740625,,152.01666666666668
2015-02-06,25.88,20.78,100.0,78.01,13.13,9.980555555555556,130.0,16.61,1.204453,-0.9583126,20.96,21.8,21.8,24.0,24.328333333333333,82.75041666666667,3.007511574074074,,342.0805833333333
2015-02-07,29.41,20.56,97.8,59.01,29.53,8.411111111111111,104.0,3.2,1.144962,-0.8842146,21.5,22.92,22.92,24.0,25.40416666666667,79.43458333333334,2.7978935185185185,,381.0222083333333
2015-02-08,29.59,21.34,97.0,56.13,32.9,8.761111111111111,78.0,0.0,1.076276,-0.8579464,21.31,24.47,24.47,24.0,25.812916666666666,79.21875,2.5842824074074073,,371.13545833333336
2015-02-09,29.36,22.71,97.4,64.11,32.05,9.71111111111111,63.0,2.515,0.9645796,-0.8081077,21.79,25.74,25.74,24.0,26.661666666666665,82.93875,2.6949652777777775,,393.2923333333333
2015-02-10,30.09,23.22,95.1,68.35,33.96,9.8,60.0,0.0,0.9105179,-0.8147511,23.92,26.23,26.23,24.0,27.310000000000002,85.22333333333334,1.9890393518518517,,343.8016666666667
2015-02-11,32.23,24.25,97.3,65.95,29.69,8.85,71.0,0.229,0.7446737,-0.7359406,25.36,26.31,26.31,24.0,28.16541666666667,84.49333333333333,2.4347685185185184,,356.3403333333333
2015-02-12,33.24,24.63,98.4,61.56,30.77,8.311111111111112,70.0,0.229,0.6857122999999999,-0.5486395,24.59,25.47,25.47,24.0,27.10166666666667,89.53833333333334,2.1607754629629627,,303.1585416666667
2015-02-13,34.38,24.14,99.6,57.71,26.17,14.81111111111111,334.0,16.54,0.6256068,-0.07703805,24.41,24.72,24.72,24.0,25.677083333333332,88.46625,2.114189814814815,,196.07341666666665
2015-02-14,32.12,22.4,98.7,58.42,16.93,7.5,358.0,13.26,0.782851,-0.5255586,22.53,23.03,23.03,24.0,23.014583333333334,96.77916666666665,2.6946990740740744,,62.09079166666666
2015-02-15,23.8,22.07,99.0,94.1,5.361,7.680555555555555,189.0,25.15,0.9690732999999999,-0.5424684,22.04,22.49,22.49,24.0,23.385,90.05583333333334,2.8560069444444447,,112.62149999999998
2015-02-16,26.03,22.1,98.7,71.71,9.72,6.819444444444445,226.0,5.029,1.057348,-0.48801649999999996,20.65,22.93,22.93,24.0,23.984583333333333,83.71833333333333,2.6743518518518514,,157.82383333333334
2015-02-17,27.92,20.96,99.2,64.31,13.63,6.65,98.0,4.674,1.105182,-0.8772886,21.44,21.56,21.56,24.0,22.19125,95.92916666666667,1.739409722222222,,114.3935
2015-02-18,26.2,20.78,99.7,79.25,9.88,5.6611111111111105,243.0,17.37,1.067729,-1.000484,20.8,20.83,20.83,24.0,23.87291666666667,90.28541666666666,1.893113425925926,,228.990875
2015-02-19,29.82,20.49,100.0,68.09,19.77,5.988888888888888,119.0,1.8290000000000002,1.276509,-1.019381,22.61,23.11,23.11,24.0,25.56375,90.02041666666668,2.1152083333333334,,329.00425
2015-02-20,30.65,22.02,100.0,69.32,28.4,8.769444444444444,76.0,8.94,1.398822,-0.9506971999999999,23.15,23.71,23.71,24.0,26.013333333333335,89.31291666666668,1.8820833333333333,,244.83533333333332
2015-02-21,32.88,22.99,99.4,59.71,21.14,7.1,215.0,10.06,1.289314,-0.9704617999999999,23.64,23.84,23.84,24.0,25.455416666666668,93.5,2.4967361111111113,,154.414875
2015-02-22,28.78,23.51,99.4,80.6,13.33,7.588888888888889,111.0,0.686,1.462481,-0.6437646,25.08,25.18,25.18,24.0,26.578333333333333,86.74874999999999,1.8966898148148148,,333.873125
2015-02-23,30.9,24.17,100.0,63.55,28.83,6.188888888888889,116.0,6.172,1.104897,-1.046507,24.04,24.36,24.36,24.0,26.49291666666667,87.47583333333334,2.027060185185185,,284.653625
2015-02-24,30.96,23.18,99.6,65.86,24.58,8.36111111111111,71.0,0.0,0.8950007,-1.051645,24.69,25.72,25.72,24.0,23.340416666666666,91.95833333333333,1.7789351851851851,,113.21433333333334
2015-02-25,26.66,20.54,99.7,78.39,9.77,13.219444444444445,152.0,10.06,0.8190822999999999,-1.051203,20.64,21.4,21.4,24.0,24.715,83.75083333333333,1.9619328703703705,,358.67249999999996
2015-02-26,30.45,19.8,99.1,59.24,30.97,8.05,65.0,0.0,0.6770961,-0.7871034,22.33,23.21,23.21,24.0,26.412916666666664,83.41041666666666,2.2045833333333333,,353.19058333333334
2015-02-27,32.17,21.47,98.0,56.12,30.5,8.0,72.0,0.0,0.7162723999999999,-0.5321745999999999,22.77,25.27,25.27,24.0,27.012916666666666,82.64708333333333,2.123148148148148,,304.24833333333333
2015-02-28,35.23,23.17,96.7,50.47,26.27,14.0,235.0,3.658,0.9654341,-0.3834091,23.06,23.63,23.63,24.0,24.68541666666667,83.13041666666666,3.104201388888889,,159.583625
2015-03-01,28.39,22.71,97.4,63.83,13.78,10.638888888888888,121.0,4.369,0.9655537999999999,-0.2888699,19.0,23.41,23.41,24.0,24.30666666666667,74.94,2.0476041666666664,,256.26420833333333
2015-03-02,28.22,20.75,92.4,61.01,22.13,7.219444444444444,87.0,0.457,0.9359896,-0.28783739999999997,20.44,23.62,23.62,24.0,24.97875,80.97458333333334,1.8318518518518518,,210.00025000000002
2015-03-03,29.75,21.24,97.0,61.5,18.13,8.419444444444444,82.0,0.686,1.077909,-0.7711482,21.84,24.72,24.72,24.0,26.135,77.04583333333333,2.529537037037037,,345.9483333333333
2015-03-04,29.76,21.89,93.5,56.55,29.87,7.930555555555555,81.0,0.0,0.8631947,-1.034559,22.64,25.68,25.68,24.0,26.4075,80.91208333333334,2.4274305555555555,,316.74791666666664
2015-03-05,30.29,23.11,94.7,62.82,27.35,9.811111111111112,75.0,0.0,0.9782877,-1.031041,23.2,25.6,25.6,24.0,26.58125,85.28375,1.5273263888888888,,252.83333333333334
2015-03-06,31.07,23.09,99.2,64.68,21.83,5.680555555555555,60.0,0.914,1.060244,-1.129397,24.16,24.3,24.3,24.0,24.718333333333334,92.80083333333333,2.280173611111111,,107.40233333333333
2015-03-07,28.36,23.1,99.5,76.7,9.28,8.261111111111111,115.0,17.91,1.1927,-1.047436,23.0,23.53,23.53,24.0,24.602500000000003,87.67583333333333,2.8831712962962963,,126.99454166666668
2015-03-08,27.82,22.77,98.2,71.09,10.96,8.03888888888889,151.0,0.457,1.276936,-0.9584868999999999,21.88,24.12,24.12,24.0,25.097916666666666,84.685,1.848460648148148,,131.4255
2015-03-09,28.48,22.93,96.2,68.85,11.35,4.969444444444444,109.0,1.8290000000000002,1.014683,-1.056951,23.38,24.03,24.03,24.0,24.87,90.42958333333333,2.177546296296296,,141.52833333333334
2015-03-10,29.04,23.14,97.4,71.57,12.22,6.811111111111111,138.0,0.686,0.9316411,-1.008977,22.84,24.28,24.28,24.0,25.349999999999998,85.38208333333334,2.536736111111111,,265.2001666666667
2015-03-11,31.44,22.01,98.5,57.73,22.9,8.25,103.0,0.686,1.072012,-0.6976277,21.31,22.07,22.07,24.0,25.87708333333333,80.87583333333333,1.5676620370370369,,268.30041666666665
2015-03-12,33.12,21.42,98.8,49.99,23.16,5.95,167.0,0.0,1.020123,-0.4075909,22.97,24.34,24.34,24.0,25.965416666666666,83.42583333333333,2.6537615740740743,,324.96708333333333
2015-03-13,30.05,22.27,99.7,65.3,28.05,9.149999999999999,93.0,59.72,0.8397696,-0.08998322,23.02,23.05,23.05,24.0,24.8325,91.31375000000001,2.742048611111111,,266.84362500000003
2015-03-14,28.94,21.72,100.0,75.35,23.04,7.819444444444444,103.0,22.17,0.7153442,-0.1024172,23.76,25.2,25.2,24.0,25.96166666666667,88.76916666666666,1.5562384259259259,,264.1290833333333
2015-03-15,30.68,21.99,100.0,67.54,22.81,5.638888888888889,162.0,35.74,0.8072431,-0.3290702,24.32,24.73,24.73,24.0,25.414583333333336,91.23833333333333,1.5735069444444445,,204.76533333333336
2015-03-16,30.26,23.1,99.0,72.83,17.68,5.738888888888889,80.0,1.3719999999999999,0.8219310999999999,-0.5825285,22.94,23.2,23.2,24.0,24.97583333333333,89.87833333333333,2.196840277777778,,204.07512499999999
2015-03-17,30.23,22.31,99.5,65.73,17.62,9.561111111111112,116.0,3.251,1.137319,-0.5767052,23.22,24.16,24.16,24.0,23.965,85.83666666666666,2.219421296296296,,100.21770833333333
2015-03-18,26.27,22.14,96.1,75.19,8.65,5.461111111111111,146.0,0.0,1.185815,-0.7378342999999999,21.34,22.61,22.61,24.0,23.167083333333334,89.22125,1.4223148148148148,,100.580375
2015-03-19,26.12,21.22,97.3,75.22,8.68,4.35,123.0,0.686,1.1846619999999999,-0.9901087999999999,21.26,22.84,22.84,24.0,23.432916666666667,86.88708333333334,1.5369791666666666,,123.84083333333332
2015-03-20,26.8,21.07,98.0,64.75,10.69,5.719444444444444,118.0,0.686,1.307045,-0.8914145,21.55,21.86,21.86,24.0,24.069166666666664,89.41833333333334,2.1457870370370373,,239.70408333333333
2015-03-21,29.54,21.46,99.8,67.64,20.7,7.080555555555555,77.0,3.2,1.4069639999999999,-0.9894172999999999,22.58,23.43,23.43,24.0,24.27916666666667,88.52333333333333,1.8163425925925925,,229.660625
2015-03-22,30.67,21.0,99.8,66.68,19.83,9.119444444444444,138.0,4.166,1.459747,-0.8639349,21.22,21.61,21.61,24.0,22.679166666666664,80.5725,2.2833217592592594,,161.18279166666667
2015-03-23,25.54,21.21,97.7,62.8,13.92,6.080555555555556,125.0,0.229,1.7427380000000001,-0.43815729999999997,18.03,21.83,21.83,24.0,22.115416666666665,84.58208333333333,2.306099537037037,,204.78620833333332
2015-03-24,26.63,18.9,96.5,65.31,17.68,6.569444444444444,123.0,0.686,1.475268,-0.4407469,20.25,21.31,21.31,24.0,23.155833333333334,84.5825,2.006238425925926,,246.96470833333333
2015-03-25,27.37,20.36,97.3,67.67,21.32,6.269444444444444,99.0,0.0,1.080733,-0.8117055,20.08,21.08,21.08,24.0,23.670416666666668,82.39833333333333,2.2179861111111108,,305.86674999999997
2015-03-26,28.27,20.16,96.9,62.06,26.41,8.019444444444444,78.0,0.229,0.8715098,-0.8770975,20.09,22.05,22.05,24.0,24.72375,80.86708333333333,2.150983796296296,,307.98516666666666
2015-03-27,31.3,19.5,97.6,56.2,26.59,9.5,106.0,0.0,0.8036654,-0.6621945,22.72,24.33,24.33,24.0,22.555000000000003,95.04583333333333,2.079988425925926,,26.88491666666667
2015-03-28,24.35,20.26,100.0,89.9,2.321,5.6194444444444445,262.0,15.77,0.9025257,-0.01633286,20.5,20.5,20.5,24.0,20.852083333333333,98.8,2.337303240740741,,53.72125
2015-03-29,22.23,20.04,100.0,93.3,4.638,5.319444444444444,225.0,18.29,0.8322649,-0.1619811,20.68,20.68,20.68,24.0,20.972083333333334,98.62916666666666,2.06474537037037,,61.61883333333333
2015-03-30,23.19,19.63,100.0,90.6,5.32,7.8805555555555555,74.0,40.23,0.838897,-0.4423646,19.96,19.96,19.96,24.0,22.550416666666667,95.89583333333333,1.1411226851851852,,136.5385
2015-03-31,27.24,19.91,100.0,82.0,11.79,4.969444444444444,76.0,5.486,0.8397889,-0.4164891,22.58,22.58,22.58,24.0,24.73,79.02,2.0407407407407407,,327.78404166666667
2015-04-01,30.38,20.54,100.0,51.19,28.3,7.749999999999999,205.0,0.0,0.8631477,-0.4950886,21.14,22.66,22.66,24.0,23.84,82.86125,2.069872685185185,,294.3145416666667
2015-04-02,29.7,19.86,97.1,54.67,25.41,8.71111111111111,118.0,0.0,1.1118109999999999,-0.631833,19.74,21.54,21.54,24.0,23.19125,83.33875,1.6705787037037039,,313.577125
2015-04-03,28.47,18.74,98.7,52.5,27.08,6.480555555555555,73.0,0.0,1.26508,-0.7308994999999999,20.24,20.75,20.75,24.0,23.416666666666668,83.31541666666666,1.870775462962963,,292.5026666666667
2015-04-04,28.57,19.36,99.6,55.38,25.26,7.238888888888888,78.0,0.0,1.136328,-1.055544,19.7,21.55,21.55,24.0,23.535833333333333,81.62208333333334,2.0944560185185184,,304.5702083333333
2015-04-05,28.1,18.65,98.5,59.71,26.3,7.799999999999999,70.0,0.0,1.032059,-1.119352,21.74,23.6,23.6,24.0,23.756666666666664,89.93666666666667,1.9346759259259259,,158.12325
2015-04-06,27.62,20.83,99.6,74.21,13.65,10.46111111111111,123.0,29.01,1.19282,-0.9598285999999999,20.83,20.87,20.87,24.0,22.020416666666666,85.18791666666667,2.8761111111111113,,176.071375
2015-04-07,25.47,19.52,100.0,64.18,15.2,8.719444444444445,229.0,3.429,1.541303,-0.7657349,15.2,19.58,19.58,24.0,20.5475,76.94583333333334,2.542800925925926,,288.03254166666665
2015-04-08,25.09,15.62,95.1,56.66,24.87,8.119444444444444,147.0,0.0,1.262922,-0.618085,17.0,19.02,19.02,24.0,21.092916666666667,82.04208333333334,1.915486111111111,,216.485875
2015-04-09,25.74,17.14,96.2,61.23,18.69,5.7,117.0,0.0,1.022176,-0.7730328,19.21,20.72,20.72,24.0,22.144166666666667,86.59416666666665,2.0275925925925926,,246.59508333333335
2015-04-10,27.36,18.8,97.6,62.26,21.29,5.730555555555555,105.0,0.914,0.8213035999999999,-0.803634,20.9,21.67,21.67,24.0,22.515833333333333,88.54458333333334,1.885949074074074,,185.56995833333335
2015-04-11,27.34,20.59,97.5,64.11,16.02,6.7,61.0,0.229,0.6302137,-0.6906337,20.0,20.7,20.7,24.0,22.786666666666665,84.67791666666666,1.6306944444444442,,302.70233333333334
2015-04-12,28.23,18.25,99.1,59.95,26.13,6.688888888888888,68.0,0.0,0.7180536,-0.5532976,19.85,20.28,20.28,24.0,22.8775,86.64041666666667,1.8708912037037038,,294.1975
2015-04-13,29.44,18.83,99.4,49.05,25.4,6.21111111111111,94.0,0.0,0.824537,-0.555782,20.5,21.15,21.15,24.0,22.756666666666664,85.86166666666666,1.968298611111111,,268.6475
2015-04-14,27.67,18.57,99.2,56.91,23.19,6.488888888888889,91.0,0.0,0.8839014,-0.5896783999999999,20.3,20.94,20.94,24.0,23.245833333333334,85.90249999999999,1.8627083333333332,,244.96962499999998
2015-04-15,27.79,19.7,98.6,65.19,21.15,7.6,81.0,0.0,0.8446619999999999,-0.7723152999999999,21.07,22.93,22.93,24.0,23.926666666666666,86.895,1.6910300925925925,,164.04379166666666
2015-04-16,27.34,21.94,95.4,71.76,14.16,5.488888888888889,78.0,0.0,0.9304152,-0.9392896,21.97,22.73,22.73,24.0,23.51125,89.62541666666668,2.3314699074074077,,149.44899999999998
2015-04-17,27.58,20.79,99.8,69.57,12.91,8.1,141.0,3.429,1.3354300000000001,-0.5139893999999999,21.62,22.39,22.39,24.0,22.40375,97.95,1.6852777777777777,,65.55679166666667
2015-04-18,24.15,21.4,100.0,93.5,5.657,5.419444444444445,80.0,62.64,1.220782,-0.8074935999999999,22.03,22.03,22.03,24.0,23.49875,92.45333333333333,1.2622569444444445,,144.089875
2015-04-19,28.29,20.18,100.0,71.25,12.44,5.219444444444444,127.0,0.457,1.195535,-1.029491,21.8,22.45,22.45,24.0,22.68166666666667,94.14583333333333,1.3906481481481483,,63.34579166666666
2015-04-20,24.31,21.65,99.8,82.9,5.47,3.238888888888889,227.0,0.0,1.497265,-0.7945559,22.06,22.08,22.08,24.0,24.234583333333333,93.86291666666666,1.3424305555555556,,155.66108333333332
2015-04-21,27.73,21.86,100.0,79.43,13.44,4.938888888888889,72.0,11.84,1.432096,-0.6658447,23.12,23.12,23.12,24.0,23.842083333333335,89.29291666666667,2.1128009259259257,,102.953875
2015-04-22,27.39,22.01,100.0,76.8,8.89,6.380555555555555,97.0,0.0,1.451283,-0.9038893,19.6,22.24,22.24,24.0,19.92125,98.11666666666667,2.8523842592592588,,26.752875
2015-04-23,22.34,19.12,100.0,84.0,2.31,6.96111111111111,142.0,38.63,1.297377,-0.6006135,19.13,19.2,19.2,24.0,19.301666666666666,99.22083333333335,2.1634953703703705,,63.58833333333334
2015-04-24,20.39,18.2,100.0,95.9,5.491,6.338888888888889,111.0,11.66,0.966475,-0.7819918,19.46,19.46,19.46,24.0,22.414583333333336,88.90708333333333,1.8909953703703704,,256.7454166666667
2015-04-25,28.86,19.04,100.0,64.02,22.17,6.469444444444444,110.0,1.143,0.7501175,-0.6911005,19.53,21.53,21.53,24.0,21.97083333333333,82.95833333333333,2.1519791666666666,,233.09729166666668
2015-04-26,26.24,19.0,99.5,58.22,20.13,8.311111111111112,123.0,0.0,0.7638581,-0.411916,18.69,19.89,19.89,24.0,21.4875,86.585,2.0064236111111113,,240.737
2015-04-27,26.71,18.38,98.3,58.6,20.78,5.719444444444444,99.0,3.2,0.7894310999999999,-0.1855414,19.64,20.46,20.46,24.0,21.9825,89.62416666666667,2.093113425925926,,222.9855
2015-04-28,26.38,19.49,99.3,68.54,19.25,6.480555555555555,111.0,11.38,0.7858748,-0.1183462,20.76,20.89,20.89,24.0,22.224166666666665,88.36125,2.0947916666666666,,191.320125
2015-04-29,26.56,20.15,100.0,69.66,16.52,7.838888888888889,131.0,0.0,1.029872,-0.1637146,18.26,21.34,21.34,24.0,19.2925,89.42583333333333,2.1871875,,58.624249999999996
2015-04-30,21.93,16.48,98.7,70.33,5.062,7.161111111111111,93.0,2.515,1.105804,-0.20685289999999998,16.34,16.54,16.54,24.0,18.675416666666667,88.34916666666668,1.5306944444444444,,119.59745833333334
2015-05-01,22.76,16.35,99.3,67.51,10.33,4.438888888888889,225.0,3.658,1.143692,-0.6885855,16.06,16.48,16.48,24.0,19.154166666666665,85.67750000000001,1.4683912037037035,,230.3115
2015-05-02,24.91,14.61,99.5,58.82,19.88,4.46111111111111,91.0,0.0,0.9469736,-1.054475,17.5,18.1,18.1,24.0,20.335,86.48208333333334,1.660185185185185,,211.02320833333332
2015-05-03,24.49,16.61,98.0,67.55,18.22,7.319444444444445,67.0,0.0,0.9032990999999999,-1.256915,18.07,19.01,19.01,24.0,20.692083333333333,90.89625000000001,1.1130902777777778,,134.972375
2015-05-04,25.78,17.12,99.7,68.69,11.65,3.969444444444444,261.0,5.715,0.7905272999999999,-1.429646,20.38,20.42,20.42,24.0,21.39,86.92583333333333,2.8017939814814814,,207.27866666666668
2015-05-05,25.77,19.26,100.0,70.44,17.9,9.119444444444444,246.0,4.343,1.238283,-1.162117,16.27,20.14,20.14,24.0,19.560416666666665,84.0,1.5708217592592593,,65.01583333333333
2015-05-06,21.42,18.41,94.8,73.78,5.614,3.9305555555555554,210.0,0.0,1.342934,-0.5029826,17.25,18.98,18.98,24.0,20.422083333333333,86.79,1.6668287037037037,,234.51812500000003
2015-05-07,24.99,17.01,98.4,63.82,20.25,5.388888888888888,100.0,0.0,1.230105,-0.7895443,18.08,18.35,18.35,24.0,19.122083333333332,79.91833333333334,2.0373148148148146,,110.53500000000001
2015-05-08,22.08,17.55,99.5,61.72,9.54,7.319444444444445,87.0,0.0,1.4028749999999999,-0.5017387999999999,13.51,18.23,18.23,24.0,17.769583333333333,80.11416666666666,1.5625462962962962,,136.42129166666666
2015-05-09,22.75,14.08,97.4,58.6,11.78,4.661111111111111,134.0,0.0,1.138784,-0.53313,14.5,14.89,14.89,24.0,18.3625,84.99125,1.6894791666666666,,245.76325
2015-05-10,24.4,13.94,97.9,59.07,21.22,5.730555555555555,75.0,0.0,0.8576967999999999,-0.6904834999999999,16.96,17.63,17.63,24.0,17.20375,97.39166666666667,1.802696759259259,,21.5455
2015-05-11,18.11,16.34,99.9,94.2,1.86,5.4,231.0,12.12,0.828305,-0.5967171,16.47,16.48,16.48,24.0,19.89125,81.95708333333333,3.5384837962962963,,212.23595833333331
2015-05-12,25.6,15.92,100.0,54.4,18.33,10.6,224.0,0.0,0.8242662,-0.4779419,16.98,18.09,18.09,24.0,19.277916666666666,87.59958333333333,3.9410879629629627,,164.58779166666667
2015-05-13,23.41,17.28,98.4,67.08,14.21,9.06111111111111,146.0,5.029,0.7991942999999999,-0.5723498,16.42,17.88,17.88,24.0,18.733333333333334,87.6875,2.1784606481481483,,211.604375
2015-05-14,23.99,15.2,99.1,62.42,18.27,6.619444444444444,108.0,0.457,0.8234501,-0.9912441,17.31,17.54,17.54,24.0,18.603333333333335,94.12,1.7129513888888888,,131.23091666666667
2015-05-15,23.42,16.89,99.8,74.33,11.33,6.1194444444444445,69.0,6.172,0.7114269999999999,-1.055666,17.78,17.98,17.98,24.0,18.7925,98.14999999999999,1.5140162037037037,,72.02079166666667
2015-05-16,21.66,17.23,100.0,89.2,6.217,5.5888888888888895,79.0,12.34,0.7907263999999999,-0.9058157,18.77,18.76,18.76,24.0,19.711666666666666,93.41208333333333,1.5546643518518517,,161.153875
2015-05-17,24.31,17.05,100.0,74.19,13.91,5.45,89.0,0.0,0.964807,-0.7953283,18.3,19.12,19.12,24.0,20.80333333333333,91.91875,1.7106365740740739,,170.27658333333332
2015-05-18,25.17,18.39,99.8,73.87,14.7,5.411111111111111,80.0,6.172,1.08235,-0.9605074,19.75,19.76,19.76,24.0,20.534583333333334,96.1875,1.7233564814814815,,97.34949999999999
2015-05-19,23.26,19.2,100.0,80.6,8.41,5.419444444444445,95.0,0.686,1.186477,-1.025338,18.93,19.7,19.7,24.0,19.72791666666667,99.1875,1.9702199074074074,,35.586708333333334
2015-05-20,20.87,18.98,100.0,94.9,3.073,4.919444444444444,227.0,29.08,1.100557,-1.220863,19.44,19.44,19.44,24.0,21.019166666666667,95.25416666666666,1.5800578703703703,,152.21266666666668
2015-05-21,24.91,19.26,100.0,77.11,13.14,5.730555555555555,78.0,0.457,1.182159,-1.125755,19.26,19.26,19.26,24.0,21.139166666666668,93.58541666666667,1.5108912037037037,,164.15245833333333
2015-05-22,25.32,18.33,100.0,74.36,14.17,7.119444444444444,77.0,0.229,1.060676,-1.186558,20.35,20.46,20.46,24.0,21.88791666666667,91.78541666666666,1.3791782407407407,,138.33429166666667
2015-05-23,25.2,19.15,100.0,74.49,11.94,4.319444444444445,67.0,0.457,0.8148167,-1.147901,20.35,20.72,20.72,24.0,21.39625,94.87916666666666,1.493414351851852,,138.09466666666665
2015-05-24,25.15,18.35,100.0,80.8,11.92,6.461111111111111,77.0,0.0,0.7613759,-0.9257120999999999,20.38,20.57,20.57,24.0,22.61125,91.68458333333332,1.729664351851852,,117.32900000000001
2015-05-25,29.88,19.6,100.0,60.86,10.13,7.730555555555555,112.0,2.515,0.7613342,-0.5583507999999999,20.91,20.92,20.92,24.0,20.355416666666667,98.94166666666666,1.9397685185185185,,25.881083333333333
2015-05-26,21.27,19.37,100.0,94.7,2.234,6.338888888888889,173.0,20.12,0.8427576999999999,-0.20861939999999998,19.41,19.41,19.41,24.0,19.8525,100.0,1.5066550925925926,,38.40629166666667
2015-05-27,20.62,19.24,100.0,100.0,3.316,4.469444444444444,93.0,19.2,0.8056898,0.01512599,20.19,20.19,20.19,24.0,20.8675,97.92125,2.007546296296296,,80.46058333333333
2015-05-28,24.82,19.64,100.0,79.61,6.947,5.511111111111111,317.0,32.41,0.8532204999999999,-0.03066158,18.22,19.95,19.95,18.0,21.448888888888888,74.46333333333334,2.524135802469136,,101.46594444444446
2015-05-29,,,,,,,,,,,,,,12.0,20.1975,73.05916666666667,1.4607175925925926,,389.6933333333333
2015-05-30,,,,,,,,,,,,,,10.0,17.675,84.71900000000001,0.9593055555555555,,210.86399999999998
2015-05-31,,,,,,,,,,,,,,9.0,18.72888888888889,80.56888888888889,1.92570987654321,,257.00444444444446
2015-06-01,,,,,,,,,,,,,,10.0,20.47,73.978,2.0765555555555557,,465.72259999999994
2015-06-02,,,,,,,,,,,,,,11.0,19.569090909090907,78.44454545454545,1.9140151515151516,,441.2826363636364
2015-06-03,,,,,,,,,,,,,,10.0,21.012,80.36,2.302361111111111,,426.63199999999995
2015-06-04,,,,,,,,,,,,,,11.0,21.88181818181818,81.39727272727272,1.4139646464646463,,431.6881818181818
2015-06-05,,,,,,,,,,,,,,11.0,21.849090909090908,80.88454545454546,2.155732323232323,,453.5736363636363
2015-06-06,,,,,,,,,,,,,,11.0,22.184545454545454,84.76272727272728,1.923080808080808,,423.6236363636363
2015-06-07,,,,,,,,,,,,,,11.0,24.83272727272727,74.04181818181819,1.6310101010101012,,445.656
2015-06-08,,,,,,,,,,,,,,12.0,24.685000000000002,79.13666666666667,1.9547453703703705,,393.1496666666667
2015-06-09,,,,,,,,,,,,,,12.0,24.468333333333334,81.23333333333333,1.7054629629629627,,386.61075
2015-06-10,,,,,,,,,,,,,,12.0,25.480833333333333,72.57000000000001,1.858611111111111,,405.45325
2015-06-11,,,,,,,,,,,,,,11.0,23.85181818181818,85.21181818181819,2.8553535353535353,,338.2439090909091
2015-06-12,,,,,,,,,,,,,,5.0,16.488,83.476,2.2962777777777776,,133.786
2015-06-13,,,,,,,,,,,,,,9.0,16.950000000000003,90.06666666666666,2.10608024691358,,223.4988888888889
2015-06-14,,,,,,,,,,,,,,4.0,18.145,99.45,1.6075694444444446,,92.78999999999999
2015-06-15,,,,,,,,,,,,,,10.0,16.469,59.196000000000005,3.1740000000000004,,290.7058
2015-06-16,,,,,,,,,,,,,,11.0,15.42909090909091,67.27454545454545,1.9337373737373738,,466.90318181818185
2015-06-17,,,,,,,,,,,,,,9.0,18.92,79.14,1.292314814814815,,300.4588888888889
2015-06-19,,,,,,,,,,,,,,8.0,13.89875,75.43375,1.3876388888888889,,254.09
2015-06-20,,,,,,,,,,,,,,9.0,15.565555555555555,90.53333333333333,1.0559567901234568,,225.85222222222222
2015-06-21,,,,,,,,,,,,,,11.0,19.71909090909091,84.39,1.3392171717171717,,284.4716363636364
2015-06-22,,,,,,,,,,,,,,11.0,20.25181818181818,92.27272727272727,1.6753030303030305,,336.8218181818182
2015-06-23,,,,,,,,,,,,,,4.0,18.455,89.3,4.407638888888889,,132.31
2015-06-24,,,,,,,,,,,,,,9.0,16.695555555555554,70.64111111111112,1.2651851851851852,,198.03222222222223
2015-06-25,,,,,,,,,,,,,,8.0,17.75625,85.2475,1.0887847222222222,,239.56375
2015-06-26,,,,,,,,,,,,,,11.0,19.200909090909093,88.73636363636363,2.153838383838384,,284.67545454545456
2015-06-27,,,,,,,,,,,,,,10.0,19.273,89.636,2.1987499999999995,,357.982
2015-06-28,,,,,,,,,,,,,,10.0,19.446,83.771,1.719638888888889,,415.054
2015-06-29,,,,,,,,,,,,,,12.0,18.915833333333335,87.32416666666667,2.047152777777778,,374.3775
2015-06-30,,,,,,,,,,,,,,8.0,18.9575,91.9,1.3490625,,256.68375
2015-07-01,,,,,,,,,,,,,,11.0,20.211818181818185,82.57363636363637,3.3162878787878785,,383.3106363636364
2015-07-02,,,,,,,,,,,,,,7.0,18.50714285714286,82.21000000000001,1.4642460317460315,,191.8457142857143
2015-07-03,,,,,,,,,,,,,,9.0,19.54222222222222,89.24444444444445,1.0732407407407407,,226.90933333333334
2015-07-04,,,,,,,,,,,,,,11.0,17.41272727272727,57.71545454545455,3.537929292929293,,315.60090909090906
2015-07-05,,,,,,,,,,,,,,10.0,15.816999999999998,73.14399999999999,1.7601666666666667,,327.0267
2015-07-06,,,,,,,,,,,,,,9.0,16.885555555555555,92.75555555555555,0.9666666666666666,,220.76777777777775
2015-07-07,,,,,,,,,,,,,,5.0,18.504,94.6,0.7123888888888888,,143.404
2015-07-08,,,,,,,,,,,,,,1.0,17.94,100.0,1.2594444444444444,,93.8
2015-07-09,,,,,,,,,,,,,,14.0,22.09,62.68857142857143,4.111607142857143,,360.18
2015-07-10,,,,,,,,,,,,,,12.0,18.795833333333334,85.27499999999999,1.9307407407407406,,320.107
2015-07-11,,,,,,,,,,,,,,11.0,20.214545454545455,89.38181818181819,1.455909090909091,,269.72818181818184
2015-07-12,,,,,,,,,,,,,,6.0,20.895,88.21666666666665,1.2506481481481482,,239.46333333333334
2015-07-13,,,,,,,,,,,,,,12.0,21.715,86.29,1.8433796296296296,,279.1091666666667
2015-07-14,,,,,,,,,,,,,,10.0,24.049,80.44399999999999,2.9095,,270.6213
2015-07-15,,,,,,,,,,,,,,4.0,18.259999999999998,95.6,2.3136805555555555,,190.1875
2015-07-16,,,,,,,,,,,,,,5.0,17.824,96.02000000000001,0.82,,151.66
2015-07-17,,,,,,,,,,,,,,8.0,18.875,97.275,1.4463888888888887,,140.20000000000002
2015-07-18,,,,,,,,,,,,,,10.0,20.130000000000003,81.241,1.6232777777777776,,259.6222
2015-07-19,,,,,,,,,,,,,,10.0,20.791,88.95,1.9802499999999998,,310.543
2015-07-20,,,,,,,,,,,,,,11.0,21.055454545454545,89.44090909090909,2.3320454545454545,,303.55227272727274
2015-07-21,,,,,,,,,,,,,,11.0,19.60272727272727,78.19181818181818,2.9001767676767676,,380.58818181818185
2015-07-22,,,,,,,,,,,,,,10.0,17.792,74.28099999999999,2.044638888888889,,330.87600000000003
2015-07-23,,,,,,,,,,,,,,6.0,16.393333333333334,98.68333333333334,1.5318055555555556,,135.155
2015-07-24,,,,,,,,,,,,,,5.0,18.776,96.66,1.6342777777777777,,189.13600000000002
2015-08-11,,,,,,,,,,,,,,12.0,22.500833333333333,82.58666666666666,2.5726157407407406,,313.4551666666667
2015-08-12,25.32,20.2,92.4,70.27,12.78,6.549999999999999,68.0,0.0,0.7844298,-0.6451473,19.0,20.26,20.26,24.0,21.14,86.17291666666667,1.8111689814814813,,193.60125000000002
2015-08-13,24.0,18.56,97.0,73.35,16.72,7.869444444444444,77.0,0.0,1.08034,-0.6387467,18.65,20.62,20.62,24.0,21.44875,86.75833333333333,1.6300231481481482,,221.17125
2015-08-14,25.57,19.4,96.2,71.7,19.1,5.719444444444444,101.0,0.0,0.9854552999999999,-0.9422001,18.82,19.81,19.81,24.0,20.95,85.42208333333333,1.6703819444444443,,180.58016666666666
2015-08-15,25.18,18.74,94.9,66.6,15.59,7.0,45.0,0.0,1.080713,-1.078823,18.35,20.28,20.28,24.0,20.868750000000002,89.70875000000001,1.713263888888889,,193.26137500000002
2015-08-16,24.76,18.11,98.6,71.63,16.69,5.6,68.0,0.0,1.237999,-1.099561,19.13,19.46,19.46,24.0,20.017916666666668,95.02499999999999,2.0524768518518517,,52.85966666666667
2015-08-17,21.73,18.68,100.0,86.6,4.564,5.3500000000000005,142.0,0.0,1.129368,-1.132461,18.82,19.67,19.67,24.0,21.31833333333333,86.63083333333333,2.1035879629629632,,208.2039583333333
2015-08-18,25.18,19.32,96.1,65.05,17.97,7.45,76.0,0.0,1.06723,-1.12023,19.13,20.4,20.4,24.0,21.5475,90.60916666666667,1.8646064814814816,,178.53116666666668
2015-08-19,24.74,20.69,98.6,75.49,14.39,7.861111111111111,72.0,0.914,0.9767302999999999,-1.126687,20.59,20.81,20.81,24.0,21.580833333333334,74.51541666666667,3.381851851851852,,205.29729166666667
2015-08-20,25.37,17.2,100.0,46.3,17.72,11.66111111111111,239.0,0.0,0.9270476999999999,-1.063229,17.13,17.91,17.91,24.0,18.009583333333335,80.68541666666667,1.9817708333333333,,134.28062500000001
2015-08-21,22.71,14.01,98.6,57.14,11.59,8.1,126.0,0.0,0.9716883,-0.3480735,13.88,18.05,18.05,24.0,16.969166666666666,91.015,1.7462152777777777,,93.84108333333334
2015-08-22,19.82,14.65,98.7,71.89,8.1,4.711111111111111,239.0,0.229,0.6688313,-0.5045480999999999,16.85,17.04,17.04,24.0,18.767500000000002,89.39708333333334,1.8735300925925926,,232.49075000000002
2015-08-23,23.92,14.49,100.0,69.67,20.07,7.519444444444444,78.0,0.229,0.4396729,-0.5486253,17.53,17.99,17.99,24.0,18.930416666666666,91.42,1.6143402777777778,,48.058249999999994
2015-08-24,22.51,16.31,99.8,72.88,4.149,10.430555555555555,253.0,0.686,0.49983619999999995,-0.7146433999999999,16.16,18.01,18.01,24.0,16.7225,88.17166666666667,2.3006944444444444,,31.361375
2015-08-25,18.55,14.88,98.5,73.65,2.707,7.161111111111111,123.0,1.143,1.124567,-0.03406477,14.2,15.04,15.04,24.0,16.74833333333333,94.85833333333333,1.4847222222222223,,75.82404166666667
2015-08-26,19.6,14.3,100.0,84.7,6.546,4.061111111111111,227.0,0.914,1.118598,-0.4473289,17.35,17.35,17.35,24.0,19.025000000000002,94.57083333333333,1.7779166666666668,,105.06166666666667
2015-08-27,23.77,16.83,100.0,76.32,9.07,6.461111111111111,20.0,1.6,0.9442406,-0.8396357,18.97,19.79,19.79,24.0,19.560416666666665,90.90083333333332,1.7267708333333331,,144.70512499999998
2015-08-28,23.96,16.34,99.8,71.14,12.49,10.950000000000001,235.0,16.59,0.7199329999999999,-1.448327,17.19,17.26,17.26,24.0,18.47625,82.09458333333333,1.9120023148148146,,293.910375
2015-08-29,24.17,13.06,100.0,42.94,25.38,7.811111111111111,70.0,0.0,1.070977,-1.22362,15.58,16.53,16.53,24.0,18.986250000000002,86.52,1.8805902777777777,,279.04479166666664
2015-08-30,24.02,14.68,99.0,67.95,24.09,8.169444444444444,70.0,0.0,1.359195,-0.8738855,16.9,17.22,17.22,24.0,19.749583333333334,91.24166666666667,1.707685185185185,,281.6345
2015-08-31,26.8,14.88,100.0,60.89,24.32,4.9111111111111105,91.0,0.0,1.204523,-1.213187,18.59,18.59,18.59,24.0,21.878333333333334,88.16916666666667,1.4414004629629629,,275.85245833333335
2015-09-01,31.74,17.58,100.0,48.27,23.82,5.730555555555555,85.0,0.0,1.292101,-1.000132,18.07,19.76,19.76,24.0,19.732499999999998,85.7375,3.7072453703703707,,126.09541666666667
2015-09-02,25.38,15.06,98.5,69.25,10.89,12.18888888888889,111.0,0.0,1.382817,-0.5885174,14.57,15.11,15.11,24.0,15.20875,97.4375,2.032534722222222,,60.11566666666667
2015-09-03,16.61,13.77,100.0,92.0,5.19,4.861111111111111,222.0,4.801,1.20483,-0.6736485,15.14,15.14,15.14,24.0,15.842916666666667,99.70416666666667,1.7908796296296297,,26.92295833333333
2015-09-04,16.73,14.94,100.0,98.6,2.325,6.419444444444444,225.0,24.49,1.070026,-0.8270291,16.4,16.4,16.4,24.0,17.794583333333332,95.0,2.2609027777777775,,127.67245833333334
2015-09-05,21.3,15.27,100.0,81.5,11.02,7.799999999999999,94.0,3.2,0.9509694999999999,-0.7322563,16.23,16.32,16.32,24.0,17.284583333333334,96.07916666666667,2.1469444444444443,,131.81583333333333
2015-09-06,19.82,15.59,100.0,86.2,11.38,6.661111111111111,75.0,8.92,0.8599547999999999,-0.7085381,16.31,17.47,17.47,24.0,17.331666666666667,95.82916666666667,1.1385069444444444,,48.81525
2015-09-07,18.68,15.78,99.4,87.6,4.215,3.8499999999999996,2.0,1.3719999999999999,0.655803,-0.5323943,17.18,17.41,17.41,24.0,18.156666666666666,93.59583333333335,1.7110879629629627,,102.009
2015-09-08,21.04,15.14,100.0,80.0,8.81,6.4111111111111105,117.0,2.743,0.9013216,-0.5552509,18.53,18.53,18.53,24.0,18.951249999999998,97.04583333333333,1.8595138888888887,,48.233125
2015-09-09,21.73,17.16,100.0,90.2,4.165,12.030555555555555,269.0,11.38,0.8600091999999999,-0.8648604,17.18,17.18,17.18,24.0,18.977916666666665,88.44583333333333,1.8685648148148146,,216.41420833333333
2015-09-10,23.46,16.03,100.0,68.58,18.68,9.030555555555555,58.0,0.229,1.152128,-0.40999,16.77,18.46,18.46,24.0,19.797916666666666,89.78916666666667,1.824548611111111,,187.73120833333334
2015-09-11,24.01,16.56,99.4,71.86,16.21,7.288888888888888,74.0,1.8290000000000002,0.9722105999999999,-0.6479919,18.17,19.68,19.68,24.0,17.75916666666667,89.80333333333334,2.3707175925925923,,116.99
2015-09-12,22.57,14.81,99.0,69.19,10.1,8.13888888888889,107.0,3.2,1.381443,-0.5407403,15.13,15.29,15.29,24.0,15.855833333333335,75.58958333333334,2.0902893518518515,,267.105875
2015-09-13,19.91,12.97,99.0,48.94,23.06,6.080555555555556,69.0,0.0,1.4533049999999998,-0.5316753,12.54,14.05,14.05,24.0,16.051666666666666,76.99249999999999,2.4106134259259258,,247.24345833333334
2015-09-14,20.45,13.47,94.7,59.07,21.35,7.3388888888888895,83.0,0.0,1.495514,-0.6305432,12.94,13.89,13.89,24.0,17.566666666666666,82.29333333333334,2.1778472222222223,,331.91416666666663
2015-09-15,22.5,12.55,98.9,60.37,28.66,8.488888888888889,71.0,0.0,1.2736290000000001,-0.9771867999999999,16.19,18.41,18.41,24.0,19.7575,87.32958333333333,1.9390972222222222,,193.39583333333334
2015-09-16,23.54,16.35,96.3,71.2,16.7,8.780555555555555,82.0,0.229,1.148832,-1.132219,18.87,19.98,19.98,24.0,22.116249999999997,89.36416666666666,2.188171296296296,,249.5225
2015-09-17,28.58,18.27,99.4,70.59,21.54,10.019444444444444,122.0,0.0,0.9044909,-1.122698,19.77,21.4,21.4,24.0,21.973333333333333,94.03125,2.566134259259259,,163.99916666666667
2015-09-18,26.68,19.77,100.0,77.38,14.16,10.86111111111111,138.0,48.67,1.044086,-0.7611340999999999,20.97,20.97,20.97,24.0,21.950416666666666,95.89999999999999,2.0156597222222223,,163.30829166666666
2015-09-19,26.95,20.06,100.0,77.32,14.1,11.930555555555555,138.0,8.71,0.950525,-0.6616179,21.07,21.07,21.07,24.0,21.889166666666668,95.16250000000001,2.2988773148148147,,192.903875
2015-09-20,26.83,19.64,100.0,79.16,16.65,8.619444444444445,124.0,0.457,0.8044785999999999,-0.4782,20.55,20.64,20.64,24.0,23.542916666666667,87.54666666666667,1.632962962962963,,261.314375
2015-09-21,28.71,19.99,100.0,58.47,22.56,5.138888888888888,100.0,0.0,0.8223996,-0.2307079,20.6,21.28,21.28,24.0,22.21375,90.2925,2.503483796296296,,274.370125
2015-09-22,26.41,19.24,100.0,69.11,23.69,7.46111111111111,99.0,0.0,0.7344193,-0.3093241,20.2,21.25,21.25,24.0,22.267916666666665,89.60333333333334,1.7536458333333333,,136.77683333333334
2015-09-23,25.17,20.72,96.5,77.45,11.81,6.430555555555555,73.0,0.0,0.8855995999999999,-0.5070548,20.2,21.0,21.0,24.0,22.64333333333333,89.515,2.191921296296296,,309.40945833333336
2015-09-24,27.56,19.36,100.0,69.31,26.72,10.019444444444444,88.0,0.0,0.8479993,-0.7180326,21.12,22.48,22.48,24.0,23.688333333333333,89.83291666666666,1.8034143518518517,,216.92016666666666
2015-09-25,28.3,21.32,98.1,74.52,18.73,8.61111111111111,215.0,0.0,0.9432123,-0.9214544,20.53,21.32,21.32,24.0,21.69458333333333,95.56208333333332,2.517662037037037,,68.685125
2015-09-26,26.55,19.4,100.0,76.72,5.93,11.66111111111111,238.0,26.03,0.9672463,-0.9504353999999999,18.19,19.73,19.73,24.0,19.074166666666667,95.62916666666666,1.7320023148148147,,53.45770833333333
2015-09-27,20.03,18.08,100.0,86.3,4.616,4.9111111111111105,122.0,3.886,1.169106,-1.067607,18.29,18.58,18.58,24.0,19.619583333333335,99.27499999999999,1.4161226851851854,,43.62033333333333
2015-09-28,21.67,18.14,100.0,95.9,3.766,9.288888888888888,250.0,33.1,1.440599,-0.9357848,19.99,19.99,19.99,24.0,19.254166666666666,89.53833333333334,2.863460648148148,,185.98779166666665
2015-09-29,22.21,17.51,100.0,75.72,16.06,9.019444444444444,138.0,4.115,1.556397,-0.9791091999999999,16.2,17.65,17.65,24.0,19.210416666666667,90.6425,1.5705902777777778,,120.79354166666667
2015-09-30,23.35,16.65,97.4,78.22,10.43,5.1194444444444445,94.0,0.0,1.635346,-0.8455324999999999,19.04,19.67,19.67,24.0,18.880416666666665,92.97083333333335,1.656574074074074,,46.49041666666667
2015-10-01,20.83,16.88,100.0,69.54,4.015,6.430555555555555,162.0,0.914,1.304064,-0.8263775,15.74,17.05,17.05,24.0,17.900833333333335,95.05833333333334,1.9934722222222223,,55.81720833333333
2015-10-02,18.83,16.98,100.0,84.9,4.82,3.9194444444444443,218.0,4.343,1.383114,-0.6144613999999999,18.62,18.62,18.62,24.0,20.71291666666667,96.34583333333335,1.6299652777777778,802.8,142.29066666666668
2015-10-03,24.88,18.45,100.0,82.3,12.29,10.261111111111111,229.0,8.92,1.128195,-0.8272727,20.56,20.56,20.56,24.0,19.1725,96.01666666666667,3.083425925925926,,83.85704166666666
2015-10-04,22.51,15.81,100.0,85.8,7.24,8.06111111111111,108.0,0.686,0.809438,-0.47269449999999996,15.81,15.87,15.87,24.0,16.554166666666667,94.35833333333333,2.4636805555555554,,63.552083333333336
2015-10-05,18.7,14.62,100.0,86.0,5.487,5.6611111111111105,111.0,6.401,1.143674,-0.2871042,14.67,14.76,14.76,24.0,16.40125,90.42083333333333,1.5022106481481483,805.0,87.56633333333333
2015-10-06,19.26,14.69,100.0,67.5,7.561,4.761111111111111,118.0,0.686,0.9871160999999999,-0.08959794,15.37,16.52,16.52,24.0,17.684166666666666,94.12916666666666,1.6806944444444445,,86.84837499999999
2015-10-07,21.27,15.72,99.0,83.9,7.499,6.330555555555555,2.0,5.6129999999999995,0.6625447,-0.5449899,18.24,18.59,18.59,24.0,20.80875,90.96291666666667,2.1436689814814813,,200.96979166666665
2015-10-08,24.85,18.22,99.3,72.31,17.35,7.611111111111111,73.0,0.0,0.5950278999999999,-0.7746295,20.32,20.42,20.42,24.0,21.349999999999998,94.96666666666665,2.3275694444444444,,129.995625
2015-10-09,25.53,19.53,100.0,77.44,11.22,7.480555555555555,99.0,27.03,0.8316530999999999,-0.5881048,19.73,19.74,19.74,24.0,21.086666666666666,96.175,1.917002314814815,,109.24845833333332
2015-10-10,25.63,18.97,100.0,78.12,9.43,7.161111111111111,181.0,5.715,1.067115,-0.5690590999999999,20.66,20.66,20.66,24.0,20.138749999999998,97.16250000000001,2.4236921296296297,,65.54758333333334
2015-10-11,22.75,18.59,100.0,85.9,5.66,7.35,101.0,8.69,1.242241,-0.7154665,18.64,18.7,18.7,24.0,19.463333333333335,98.61666666666667,1.1276967592592593,,46.37158333333334
2015-10-12,21.06,18.41,100.0,91.6,4.004,4.75,75.0,7.772,1.210919,-0.980389,19.6,19.6,19.6,24.0,20.4925,97.44583333333333,1.4011574074074076,,63.49666666666667
2015-10-13,23.98,18.75,100.0,81.5,5.482,8.730555555555556,253.0,1.6,1.199299,-1.063133,18.56,18.76,18.76,24.0,17.997083333333332,97.16666666666667,1.865960648148148,,76.01429166666667
2015-10-14,18.96,16.99,100.0,90.4,6.563,10.830555555555556,235.0,14.05,1.191741,-0.9715625,17.13,17.13,17.13,24.0,19.547916666666666,96.20833333333333,2.3792013888888888,,160.39645833333333
2015-10-15,23.09,16.54,100.0,85.9,13.85,9.119444444444444,231.0,13.28,1.260975,-1.106122,20.85,20.96,20.96,24.0,22.68541666666667,93.9375,1.8867708333333333,,249.0195
2015-10-16,27.16,20.49,100.0,78.58,21.5,6.96111111111111,155.0,0.0,0.9905883999999999,-1.295229,20.34,20.72,20.72,24.0,20.862083333333334,92.24583333333334,2.2730324074074075,,76.79195833333334
2015-10-17,24.23,17.61,99.4,77.35,6.633,9.069444444444445,147.0,1.6,0.8353667,-0.9875457,16.04,17.7,17.7,24.0,16.750833333333333,88.03708333333333,2.937372685185185,,65.56883333333333
2015-10-18,18.14,15.09,98.2,70.18,5.658,7.969444444444445,121.0,0.0,1.102738,-0.32186349999999997,13.7,16.67,16.67,24.0,16.7525,78.66958333333334,2.699837962962963,,105.98729166666668
2015-10-19,18.71,15.12,97.0,60.94,9.15,6.7,113.0,0.0,1.289847,-0.218466,14.65,15.15,15.15,24.0,17.6825,92.90416666666665,1.8263773148148148,,154.141625
2015-10-20,21.33,14.88,100.0,77.12,13.31,8.130555555555555,56.0,0.457,0.8849545,-0.3646473,18.53,18.53,18.53,24.0,21.09208333333333,90.73625,1.858900462962963,801.0,211.82320833333335
2015-10-21,25.69,18.43,100.0,72.24,18.29,6.6000000000000005,85.0,0.0,0.6447556,-0.6083698,20.28,20.72,20.72,24.0,21.871666666666666,94.2625,1.7956712962962964,,68.55770833333334
2015-10-22,24.74,20.36,100.0,78.04,5.92,8.71111111111111,222.0,23.83,0.9080119,-0.6243795,20.06,20.39,20.39,24.0,19.190416666666668,98.73333333333333,2.528460648148148,,15.840375
2015-10-23,21.01,18.09,100.0,87.2,1.367,11.419444444444444,135.0,96.7,1.155779,-0.5605108999999999,18.13,18.13,18.13,24.0,19.813750000000002,94.4875,1.2989583333333332,,81.84995833333333
2015-10-24,23.15,17.03,100.0,80.9,7.067,5.111111111111111,149.0,0.0,1.100229,-0.7208428,18.45,19.3,19.3,24.0,19.763749999999998,82.57833333333333,2.8789583333333333,,163.16733333333335
2015-10-25,22.11,17.53,95.0,67.83,14.09,7.238888888888888,125.0,0.0,1.103831,-0.7418956999999999,15.54,17.53,17.53,24.0,17.089583333333334,92.75416666666666,1.744837962962963,,53.458333333333336
2015-10-26,18.4,15.79,100.0,83.6,4.616,4.669444444444444,242.0,3.658,1.4952100000000002,-0.4455965,16.79,16.79,16.79,24.0,17.732916666666668,99.75,1.1715625,,46.86683333333334
2015-10-27,19.07,16.67,100.0,96.2,4.046,3.8111111111111113,286.0,5.944,1.435254,-0.7831386,18.17,18.17,18.17,24.0,20.340833333333332,95.10000000000001,1.191840277777778,,110.27170833333334
2015-10-28,24.46,17.96,100.0,81.0,9.52,4.330555555555556,119.0,0.457,1.342303,-1.004179,20.24,20.24,20.24,24.0,20.375416666666666,98.5125,2.475601851851852,,112.62366666666667
2015-10-29,22.25,19.58,100.0,89.4,9.72,7.1499999999999995,113.0,6.401,1.403473,-1.086811,19.64,19.64,19.64,24.0,20.6175,97.44166666666666,2.5314467592592593,,162.36883333333333
2015-10-30,23.41,19.6,100.0,87.7,14.02,7.638888888888888,70.0,6.172,1.263458,-1.1190039999999999,19.98,20.36,20.36,24.0,21.520416666666666,93.29166666666667,2.520138888888889,,112.406875
2015-10-31,23.91,20.16,98.7,82.6,9.71,8.450000000000001,73.0,0.229,1.0923370000000001,-1.218422,20.83,21.8,21.8,24.0,21.846666666666668,97.15833333333335,1.6641550925925925,,70.43025
2015-11-01,23.85,20.45,100.0,88.8,6.081,8.980555555555554,124.0,8.94,0.8909421,-0.8720513999999999,19.26,20.53,20.53,24.0,19.32166666666667,96.32916666666667,2.4696064814814815,,60.511833333333335
2015-11-02,20.71,17.1,100.0,90.3,5.226,7.2,157.0,9.6,1.131699,-0.4580202,17.6,17.73,17.73,24.0,17.73,99.92916666666667,3.2081944444444446,,50.629375
2015-11-03,18.78,16.82,100.0,98.4,4.371,6.988888888888889,192.0,32.92,0.8269923,-0.5696377,17.65,17.65,17.65,24.0,20.221666666666668,95.32916666666667,2.2084953703703705,,111.10370833333333
2015-11-04,23.87,17.6,100.0,80.5,9.59,6.449999999999999,217.0,1.6,0.6837711,-0.5722204,20.17,20.17,20.17,24.0,19.719166666666666,99.85416666666667,2.3862152777777776,,48.791
2015-11-05,20.23,18.83,100.0,98.7,4.213,7.261111111111111,167.0,38.86,0.8707011,-0.308955,18.89,18.89,18.89,24.0,19.402916666666666,98.7,2.4108912037037036,,97.96345833333334
2015-11-06,22.81,17.42,100.0,87.0,8.46,9.319444444444443,160.0,14.4,0.8639045,-0.1992154,17.43,17.48,17.48,24.0,18.611666666666668,91.96,2.796608796296296,,135.959375
2015-11-07,22.17,16.84,100.0,73.47,11.74,7.3,122.0,6.401,0.9882924999999999,-0.16672489999999998,17.15,17.55,17.55,24.0,19.169999999999998,89.52499999999999,1.3050810185185184,,116.60016666666667
2015-11-08,21.73,16.99,100.0,74.66,10.07,4.469444444444444,95.0,0.914,0.9930224,-0.4356542,18.32,18.32,18.32,24.0,19.338333333333335,98.0625,1.8581365740740738,,75.85433333333333
2015-11-09,21.9,17.93,100.0,85.9,6.549,6.1305555555555555,203.0,19.66,0.949687,-0.8631588,19.68,19.68,19.68,24.0,21.43958333333333,95.44583333333333,2.443298611111111,,215.39454166666667
2015-11-10,25.7,19.18,100.0,79.44,18.6,5.5888888888888895,98.0,0.457,0.8739861999999999,-1.077836,21.32,21.32,21.32,24.0,23.077916666666667,94.03333333333335,1.589513888888889,,144.97529166666666
2015-11-11,26.44,21.19,100.0,79.34,12.52,5.1305555555555555,335.0,0.0,0.8979117999999999,-1.284058,22.02,22.12,22.12,24.0,24.232916666666668,89.95041666666667,1.8146180555555553,,279.57458333333335
2015-11-12,30.44,20.5,100.0,65.04,24.14,7.030555555555555,116.0,0.0,1.0073,-10.23767,21.49,22.41,22.41,24.0,22.605416666666667,90.16666666666667,2.1359375,,114.414625
2015-11-13,25.58,20.78,98.9,76.87,9.88,6.111111111111111,139.0,0.0,1.148189,-0.9963342,21.24,21.71,21.71,24.0,22.987916666666667,93.55833333333334,1.4902546296296295,,136.66208333333333
2015-11-14,26.17,20.82,100.0,80.9,11.8,13.080555555555556,198.0,0.457,1.141933,-1.053015,21.49,21.49,21.49,24.0,24.083333333333332,85.17375,2.730775462962963,,262.9467916666667
2015-11-15,34.98,20.66,100.0,51.71,22.7,9.761111111111111,126.0,3.429,0.9670417,-1.074618,18.67,20.92,20.92,24.0,20.65125,90.70416666666667,2.197650462962963,,89.61595833333332
2015-11-16,22.1,18.7,99.3,81.2,7.7379999999999995,5.8805555555555555,95.0,1.3719999999999999,1.252339,-0.48587359999999996,18.59,18.7,18.7,24.0,20.450833333333332,89.44875,1.3332175925925924,,100.73216666666667
2015-11-17,22.89,18.56,99.7,75.16,8.7,4.088888888888889,98.0,1.6,1.163613,-0.7303848,19.24,19.35,19.35,24.0,21.165,97.96666666666665,2.0154282407407407,,128.26804166666668
2015-11-18,24.08,19.27,100.0,88.6,11.07,7.6,62.0,4.445,0.9088615999999999,-0.6338819,21.38,21.38,21.38,24.0,23.80666666666667,89.00791666666667,2.1849652777777777,,378.1566666666667
2015-11-19,29.5,20.11,100.0,65.16,32.65,9.299999999999999,85.0,24.03,0.7100641999999999,-0.502082,21.75,21.75,21.75,24.0,24.582083333333333,89.3825,2.5065162037037036,,375.4537083333333
2015-11-20,31.88,21.1,100.0,58.89,32.42,9.011111111111111,75.0,41.55,0.8183668,-5.3609729999999995,21.13,21.12,21.12,24.0,23.396666666666665,86.55083333333333,2.765115740740741,,179.06074999999998
2015-11-21,28.22,20.84,100.0,64.03,15.46,8.75,99.0,0.686,1.04535,-12.898060000000001,19.2,21.42,21.42,24.0,21.331666666666667,77.60666666666667,2.558935185185185,,162.7005
2015-11-22,24.95,19.57,90.8,57.42,14.05,6.669444444444444,111.0,0.0,1.166631,-0.3066331,17.28,19.86,19.86,24.0,21.366666666666664,89.69041666666668,1.8118055555555557,,182.97895833333334
2015-11-23,24.83,19.03,99.4,75.41,15.8,5.811111111111112,73.0,6.172,1.181348,-0.8298557,20.78,20.85,20.85,24.0,21.388333333333332,93.95833333333333,2.707777777777778,,96.77608333333332
2015-11-24,23.8,19.46,100.0,78.91,8.36,10.069444444444445,107.0,12.34,1.114309,-0.7562302,19.34,19.52,19.52,24.0,19.687083333333334,94.4875,1.771273148148148,,76.018625
2015-11-25,21.51,17.75,100.0,85.4,6.563,6.038888888888888,160.0,4.572,1.458066,-0.4093692,19.34,19.34,19.34,24.0,22.111666666666665,91.97250000000001,2.2330787037037036,,157.41579166666665
2015-11-26,26.99,19.22,100.0,71.8,13.59,7.25,112.0,3.658,1.478208,-0.6303902,21.17,21.31,21.31,24.0,23.091250000000002,93.58749999999999,2.8957175925925926,,175.22783333333334
2015-11-27,26.61,21.25,99.6,79.33,15.13,8.011111111111111,71.0,7.5440000000000005,1.368501,-0.9571645999999999,21.72,22.66,22.66,24.0,23.037916666666664,91.96249999999999,2.194768518518518,,114.49454166666668
2015-11-28,24.79,21.64,98.5,84.3,9.89,7.819444444444444,80.0,4.115,1.20694,-1.215461,21.26,22.01,22.01,24.0,23.91875,90.09791666666666,1.815023148148148,,236.95933333333335
2015-11-29,27.65,20.55,99.9,75.64,20.46,6.069444444444445,90.0,0.457,0.9385564,-1.154805,23.08,23.21,23.21,24.0,20.5975,91.5125,2.433333333333333,,76.457625
2015-11-30,23.22,19.04,100.0,77.93,6.602,7.6499999999999995,120.0,5.715,1.19198,-0.526844,18.24,19.09,19.09,24.0,18.042916666666667,95.15833333333335,1.6366087962962963,,50.12729166666667
2015-12-01,19.8,16.33,98.9,86.3,4.328,6.619444444444444,156.0,4.801,1.158936,-0.5312724,16.24,16.42,16.42,24.0,18.644583333333333,94.78333333333335,1.3077083333333333,,82.49995833333334
2015-12-02,21.8,16.09,100.0,84.6,7.123,3.1805555555555554,226.0,0.229,0.9877433999999999,-0.5963757,19.37,19.52,19.52,24.0,20.855833333333333,95.49166666666667,1.0842476851851852,,93.856
2015-12-03,24.43,19.09,100.0,78.23,8.1,3.261111111111111,354.0,8.0,0.7543924,-0.5875244,20.47,20.47,20.47,24.0,21.16208333333333,99.02083333333333,1.7683564814814814,,90.96779166666666
2015-12-04,23.23,20.25,100.0,92.0,7.854,9.011111111111111,86.0,8.69,0.724421,-0.5607618,20.8,20.8,20.8,24.0,22.02416666666667,97.03750000000001,1.9645023148148146,,150.6505
2015-12-05,24.93,20.65,100.0,86.6,13.01,7.3805555555555555,70.0,6.401,0.7204938,-0.24160669999999998,21.65,21.77,21.77,24.0,25.208333333333332,82.56916666666667,2.215185185185185,,375.0239583333334
2015-12-06,32.73,20.3,100.0,53.65,32.38,7.861111111111111,133.0,0.229,0.7962992,-0.5644248,19.56,22.11,22.11,24.0,19.990833333333335,92.5125,2.389201388888889,,56.20091666666667
2015-12-07,22.24,17.8,98.9,84.5,4.852,7.030555555555555,118.0,20.57,1.106984,-0.12411119999999999,17.93,18.11,18.11,24.0,19.904166666666665,91.77041666666666,1.801261574074074,,85.70029166666666
2015-12-08,22.7,17.94,100.0,77.44,7.399,4.980555555555555,127.0,0.914,1.177369,-0.30010529999999996,18.75,18.76,18.76,24.0,21.809166666666666,91.25833333333333,2.3077314814814813,,255.7028333333333
2015-12-09,26.61,18.62,100.0,77.49,22.08,7.319444444444445,78.0,2.972,1.213942,-0.6902572,21.6,23.23,23.23,24.0,24.99291666666667,84.19583333333334,2.2543634259259258,,340.346625
2015-12-10,29.59,21.19,97.6,65.56,29.39,8.288888888888888,56.0,0.0,0.8874841,-1.09613,22.97,23.87,23.87,24.0,25.0725,86.00125000000001,3.0458101851851853,,272.94875
2015-12-11,33.53,21.85,100.0,53.92,23.57,10.219444444444443,110.0,20.42,1.069464,-0.7694761,21.08,22.16,22.16,24.0,24.52,84.55458333333333,2.338483796296296,,358.8744583333334
2015-12-12,29.16,21.13,97.4,63.64,30.98,9.011111111111111,81.0,0.0,1.264415,-5.971773,22.86,24.17,24.17,24.0,24.380416666666665,95.06666666666666,1.5744212962962962,,90.28220833333334
2015-12-13,25.71,23.09,98.9,90.1,7.795,6.138888888888889,80.0,0.686,1.085574,-0.9872848999999999,23.14,23.31,23.31,24.0,26.14625,86.16416666666667,2.505821759259259,,414.89758333333333
2015-12-14,32.09,22.33,100.0,62.54,35.82,9.95,227.0,0.457,1.107573,-6.236953,22.92,23.73,23.73,24.0,26.6575,82.90958333333333,2.014965277777778,,319.90795833333334
2015-12-15,33.97,22.39,99.3,52.12,27.62,11.299999999999999,236.0,0.686,1.123733,-13.25503,23.32,24.3,24.3,24.0,27.43541666666667,81.56541666666666,2.469340277777778,,261.687125
2015-12-16,35.65,22.78,98.4,50.92,22.59,25.444444444444443,212.0,13.31,1.192802,-13.2041,21.97,24.43,24.43,24.0,24.797083333333333,79.50833333333334,3.267546296296296,,280.864375
2015-12-17,28.57,21.8,98.2,62.62,24.25,8.130555555555555,88.0,5.029,1.135317,-0.4567922,21.59,21.92,21.92,24.0,24.304166666666664,85.94083333333333,2.115972222222222,,248.2026666666667
2015-12-18,28.26,21.16,99.6,69.1,21.43,8.419444444444444,66.0,2.515,1.064761,-0.5360725,22.43,24.57,24.57,24.0,26.524583333333336,86.80708333333332,2.121261574074074,,311.0991666666667
2015-12-19,32.62,22.78,97.9,69.34,26.86,9.669444444444444,77.0,0.229,0.7401049,-5.467422,24.09,24.51,24.51,24.0,24.58583333333333,91.63625,2.662418981481481,,126.72112499999999
2015-12-20,28.63,21.41,99.5,76.13,10.94,7.638888888888888,119.0,14.78,0.9767597,-0.5977867,22.17,22.31,22.31,24.0,20.9775,99.4875,3.4261574074074073,,57.209583333333335
2015-12-21,22.42,19.46,100.0,97.8,4.937,9.011111111111111,192.0,26.75,1.132663,-0.2004578,19.62,19.62,19.62,24.0,21.317083333333333,99.59166666666665,2.6555787037037035,,81.75083333333333
2015-12-22,23.45,19.44,100.0,94.2,7.058,5.569444444444445,96.0,19.43,1.116261,-0.7072077,22.98,22.98,22.98,24.0,24.98375,92.46749999999999,2.1078587962962962,,203.96258333333333
2015-12-23,28.51,21.58,100.0,79.14,17.61,7.230555555555556,67.0,0.0,0.9852451999999999,-0.8727393,24.71,25.11,25.11,24.0,26.503333333333334,91.675,2.241840277777778,,250.98262499999998
2015-12-24,30.83,23.35,100.0,76.27,21.68,10.538888888888888,195.0,2.057,0.9501126,-0.7314322999999999,23.22,23.73,23.73,24.0,26.451249999999998,90.03333333333335,1.8458217592592592,,300.64912499999997
2015-12-25,33.17,22.94,100.0,65.82,25.96,11.819444444444443,316.0,14.94,1.098419,-0.7277861999999999,24.05,24.05,24.05,24.0,25.70875,94.41666666666667,1.6667245370370372,,134.67712500000002
2015-12-26,29.17,23.81,100.0,80.2,11.63,6.788888888888889,108.0,2.743,1.249128,-0.7217479,24.73,24.84,24.84,24.0,25.815833333333334,94.10374999999999,2.124039351851852,,182.90483333333336
2015-12-27,29.74,23.38,100.0,78.88,15.79,5.6194444444444445,109.0,18.97,1.294554,-0.8650793999999999,25.59,25.75,25.75,24.0,26.95958333333333,89.56833333333333,2.4261689814814815,,300.7137916666667
2015-12-28,32.65,22.28,100.0,65.56,25.96,11.788888888888888,213.0,37.03,1.234319,-1.091084,23.0,23.22,23.22,24.0,24.444166666666664,95.73333333333333,1.6380902777777777,,148.00025
2015-12-29,27.82,22.8,100.0,78.15,12.78,5.769444444444444,78.0,44.02,1.222681,-0.8001919,24.01,24.01,24.01,24.0,26.2175,92.11416666666666,1.586400462962963,,261.47320833333333
2015-12-30,30.16,23.69,100.0,76.4,22.58,8.88888888888889,79.0,7.315,1.105259,-0.8386311999999999,25.01,25.27,25.27,24.0,29.683333333333334,74.91083333333333,2.1536689814814816,,328.65950000000004
2015-12-31,36.04,24.36,99.9,48.69,28.38,8.11111111111111,327.0,0.0,0.9430864,-0.8238808999999999,22.76,32.84,29.21,24.0,30.391666666666666,67.91333333333334,3.474189814814815,,277.54479166666664
2016-01-01,36.4,25.66,90.2,46.53,23.96,14.299999999999999,266.0,0.229,0.7126796,-0.6465436999999999,23.77,25.77,25.77,24.0,24.410416666666666,90.57083333333333,2.9556018518518514,,93.06320833333332
2016-01-02,26.15,22.18,100.0,82.3,8.04,7.611111111111111,94.0,6.172,0.9969425,-0.2681696,22.5,22.61,22.61,24.0,22.573333333333334,97.41250000000001,2.158449074074074,,95.550875
2016-01-03,24.76,20.93,100.0,86.7,8.25,7.4,132.0,7.315,0.5892577,-0.3632573,21.25,21.63,21.63,24.0,22.954166666666666,90.37541666666665,1.9803819444444446,,125.967125
2016-01-04,26.28,21.16,98.9,69.11,10.87,5.961111111111111,119.0,2.515,0.636097,-0.3686001,21.22,21.47,21.47,24.0,24.14,85.17083333333333,2.6368750000000003,,304.171
2016-01-05,28.92,20.94,100.0,62.65,26.26,8.738888888888889,58.0,2.515,0.4203801,-0.5013563999999999,21.14,22.25,22.25,24.0,25.1125,80.53125,2.0525231481481483,,306.69241666666665
2016-01-06,29.91,21.55,99.0,55.12,26.48,8.830555555555556,72.0,1.8290000000000002,0.5422663999999999,-0.8446205999999999,21.28,22.83,22.83,24.0,25.284583333333334,81.45541666666666,2.4400810185185184,,330.09375
2016-01-07,29.76,21.73,97.0,59.25,28.5,8.819444444444445,77.0,0.686,0.5699902,-0.8455513,22.53,24.51,24.51,24.0,26.312916666666666,80.185,2.4200115740740737,,340.735125
2016-01-08,30.74,22.63,93.1,66.39,29.42,7.869444444444444,71.0,0.0,0.9242325,-0.7187395,23.93,25.43,25.43,24.0,25.50125,90.3625,2.622986111111111,,178.639
2016-01-09,28.12,22.74,99.8,78.18,15.42,6.811111111111111,156.0,0.229,1.11224,-0.7252685999999999,23.62,24.51,24.51,24.0,25.883750000000003,87.88166666666666,1.957060185185185,,207.01354166666667
2016-01-10,29.67,22.17,100.0,68.21,17.87,6.188888888888889,332.0,30.86,1.1511339999999999,-0.9535669,22.33,22.33,22.33,24.0,23.532916666666665,98.88333333333333,1.5394444444444444,,73.89141666666667
2016-01-11,25.18,22.32,100.0,92.0,6.38,4.169444444444444,74.0,32.23,1.197957,-0.9369470999999999,24.05,24.05,24.05,24.0,25.855833333333333,94.80416666666667,1.8777199074074071,,233.02700000000002
2016-01-12,30.65,23.77,100.0,80.1,20.12,7.088888888888889,118.0,10.77,1.310645,-0.8337576,24.47,24.74,24.74,24.0,25.955833333333334,89.0225,1.827199074074074,,159.19316666666666
2016-01-13,29.45,23.61,98.4,72.84,13.74,4.219444444444444,355.0,0.0,1.31758,-0.9346863,23.7,24.05,24.05,24.0,26.824166666666667,83.94708333333334,2.1580324074074073,,417.05716666666666
2016-01-14,32.25,22.01,100.0,62.66,36.01,8.088888888888889,69.0,0.0,1.230162,-0.7095209,24.13,25.11,25.11,24.0,26.322083333333335,79.98708333333333,2.933252314814815,,377.8132083333333
2016-01-15,29.85,23.2,96.1,56.88,32.62,7.119444444444444,134.0,0.0,1.20886,-0.7000253,21.33,23.78,23.78,24.0,26.01,78.4975,2.185775462962963,,356.09504166666665
2016-01-16,30.51,22.13,95.9,60.65,30.75,7.080555555555555,111.0,0.0,1.113696,-0.5201125,22.01,24.54,24.54,24.0,25.425,80.92625,2.4916203703703705,,342.02483333333333
2016-01-17,29.4,22.55,98.8,55.7,29.53,7.138888888888888,125.0,5.029,0.8504953,-0.6564076999999999,20.43,22.55,22.55,24.0,25.239166666666666,77.55791666666667,2.5302546296296295,,425.8439583333333
2016-01-18,29.9,21.16,95.1,56.94,36.76,8.35,79.0,0.0,0.8252303999999999,-0.4675602,20.52,22.75,22.75,24.0,25.562916666666666,74.99875,2.2925694444444447,,447.71904166666667
2016-01-19,30.34,21.27,93.6,48.41,38.66,6.96111111111111,70.0,0.0,0.7062406999999999,-0.8163016999999999,20.71,23.47,23.47,24.0,25.745833333333334,74.16291666666667,2.4925925925925925,,451.16966666666667
2016-01-20,30.92,21.07,93.8,44.09,38.96,7.319444444444445,64.0,0.0,0.9504128,-1.702235,21.04,23.43,23.43,24.0,25.435833333333335,74.7525,2.5894328703703704,,449.541
2016-01-21,30.1,21.47,93.9,49.59,38.82,9.149999999999999,118.0,0.0,0.9835311999999999,-0.7401494,20.47,23.1,23.1,24.0,25.29875,76.57791666666667,3.408912037037037,,379.97908333333334
2016-01-22,29.75,21.31,92.2,58.44,32.81,9.038888888888888,109.0,0.686,1.007154,-0.6301574,19.86,21.31,21.31,24.0,24.36,77.43124999999999,3.1483564814814815,,327.749125
2016-01-23,28.53,20.94,96.6,56.21,28.3,8.838888888888889,135.0,3.2,1.151004,-0.6851309999999999,19.23,20.94,20.94,24.0,24.353333333333335,76.45875,2.3487615740740737,,444.32
2016-01-24,29.83,18.59,96.1,49.69,38.36,7.969444444444445,76.0,0.0,1.037484,-1.075936,20.08,22.49,22.49,24.0,24.99625,76.14583333333333,2.596388888888889,,435.3222916666667
2016-01-25,29.63,20.57,95.9,49.91,37.59,8.719444444444445,85.0,0.0,0.9933035,-1.175894,21.5,24.66,24.66,24.0,25.763333333333335,83.80333333333333,2.4594328703703705,,387.6137083333333
2016-01-26,30.12,22.78,97.4,66.11,33.47,12.588888888888889,237.0,2.972,1.092956,-1.28639,24.15,24.58,24.58,24.0,26.819166666666664,83.62375,2.480277777777778,,351.09774999999996
2016-01-27,36.05,22.07,98.3,50.31,30.32,18.36111111111111,151.0,33.93,0.9198071999999999,-1.26899,22.74,23.71,23.71,24.0,22.754583333333333,88.48166666666667,1.9696643518518517,,45.78495833333333
2016-01-28,24.67,19.38,98.3,74.78,3.9530000000000003,5.980555555555556,185.0,1.143,1.197343,-0.7440585,19.41,19.67,19.67,24.0,22.747083333333332,95.25,2.0245949074074074,,122.07324999999999
2016-01-29,26.06,19.58,100.0,86.3,10.54,4.8388888888888895,224.0,15.87,1.098064,-0.8695396,24.03,24.03,24.03,24.0,26.703333333333333,88.79333333333334,2.0243634259259258,,307.92879166666665
2016-01-30,31.21,24.02,100.0,67.76,26.59,9.130555555555555,76.0,1.397,0.8642179999999999,-1.016041,23.96,25.04,25.04,24.0,26.60875,87.84458333333333,2.317835648148148,,291.37991666666665
2016-01-31,31.92,23.41,99.6,65.34,25.15,9.149999999999999,82.0,0.0,0.6366704,-0.8454282,23.56,24.09,24.09,24.0,27.417083333333334,87.25583333333333,2.0577546296296294,,291.2943333333333
2016-02-01,33.37,24.02,97.2,65.68,25.15,7.730555555555555,116.0,0.0,0.7141139999999999,-0.6338900000000001,24.45,25.72,25.72,24.0,26.12,90.7025,3.161689814814815,,221.83104166666666
2016-02-02,29.98,22.78,99.6,76.19,19.16,8.03888888888889,149.0,11.71,0.6903815,-0.18793749999999998,22.53,22.83,22.83,24.0,22.699583333333333,96.44166666666666,1.7506481481481482,,65.727625
2016-02-03,24.42,21.86,99.7,87.3,5.672,4.35,239.0,26.72,0.661387,-0.07159758000000001,22.06,22.21,22.21,24.0,23.004583333333333,97.27499999999999,2.9404166666666662,,116.221625
2016-02-04,25.54,21.66,100.0,89.1,10.03,6.65,235.0,5.029,0.6234052,-0.4391309,22.7,22.87,22.87,24.0,24.506666666666664,92.22916666666667,1.8022337962962964,,170.55033333333333
2016-02-05,28.25,22.41,99.8,75.38,14.73,5.199999999999999,98.0,1.3719999999999999,0.6349385,-0.6942775999999999,23.4,24.1,24.1,24.0,25.58375,90.84458333333333,2.1869791666666667,,261.35391666666663
2016-02-06,33.15,22.67,99.4,60.84,22.57,10.88888888888889,196.0,27.56,0.8525094999999999,-0.7558775999999999,22.97,23.55,23.55,24.0,25.56625,88.05874999999999,2.7352430555555554,,237.57741666666666
2016-02-07,29.63,22.94,99.0,72.72,20.51,7.419444444444444,117.0,0.0,1.020094,-0.9136008999999999,22.89,24.81,24.81,24.0,24.341250000000002,92.78333333333335,2.066539351851852,,138.58458333333334
2016-02-08,26.67,22.43,98.7,81.0,11.97,6.2,124.0,2.515,1.15544,-0.9441185,22.86,23.42,23.42,24.0,26.360416666666666,87.8175,2.3635532407407407,,361.13841666666667
2016-02-09,30.85,22.76,100.0,70.78,31.18,8.61111111111111,72.0,0.229,1.155107,-1.147739,24.98,30.48,26.95,24.0,28.383750000000003,85.31666666666666,2.1451388888888885,,335.76349999999996
2016-02-10,33.86,24.58,98.7,66.49,28.99,8.81111111111111,141.0,0.0,1.1683029999999999,-1.309939,25.45,26.53,26.53,24.0,27.248333333333335,86.79541666666667,2.8280555555555558,,196.99033333333333
2016-02-11,30.86,25.31,97.6,70.62,17.01,7.980555555555555,113.0,0.0,1.338509,-0.852988,24.01,25.72,25.72,24.0,26.296666666666667,77.75916666666667,2.3891319444444443,,258.48454166666664
2016-02-12,30.45,23.32,91.9,56.67,22.32,7.288888888888888,87.0,0.0,1.254866,-0.8642200000000001,21.81,23.33,23.33,24.0,25.23375,81.93666666666667,1.8547916666666666,,193.43574999999998
2016-02-13,29.44,22.61,95.7,66.12,16.7,7.1499999999999995,72.0,0.0,1.113036,-0.8900998,21.63,24.31,24.31,24.0,26.115416666666665,76.57541666666667,1.9933564814814815,,321.68266666666665
2016-02-14,31.47,21.33,95.5,50.67,27.77,9.338888888888889,78.0,0.0,0.8091408999999999,-1.164077,22.27,25.6,25.6,24.0,26.58125,84.2025,1.6294675925925926,,187.75637500000002
2016-02-15,30.9,23.49,96.3,66.31,16.21,5.719444444444444,66.0,0.229,0.7294834,-1.06364,23.71,25.35,25.35,24.0,26.9875,84.61,2.3363541666666667,,242.5775
2016-02-16,31.61,24.99,94.5,67.35,20.94,9.880555555555555,102.0,0.0,0.9001583999999999,-0.4482093,23.77,25.74,25.74,24.0,25.599999999999998,90.10083333333334,2.1871412037037037,,138.52729166666668
2016-02-17,29.35,23.42,99.2,73.92,11.96,6.588888888888889,126.0,11.2,0.7525704,-0.46049979999999996,23.7,23.96,23.96,24.0,26.665000000000003,87.015,2.173912037037037,,376.07295833333336
2016-02-18,32.09,22.96,99.6,65.24,32.47,7.25,73.0,1.8290000000000002,0.7098844,-0.6937804,24.8,25.76,25.76,24.0,28.062916666666666,83.09083333333334,2.7210416666666664,,356.139375
2016-02-19,36.87,24.23,97.3,45.42,30.75,10.319444444444445,115.0,0.0,0.7102563,-0.7514727,24.36,30.88,27.31,24.0,28.03916666666667,83.63375,2.7348263888888886,,344.96770833333335
2016-02-20,31.43,24.59,95.8,67.66,29.79,7.588888888888889,92.0,4.572,0.883682,-0.29207459999999996,25.94,31.19,27.02,24.0,27.692916666666665,88.74583333333334,2.565960648148148,,314.6331666666667
2016-02-21,33.14,23.66,99.8,68.02,27.17,9.730555555555556,70.0,22.66,1.1766510000000001,-0.7044803,23.59,24.02,24.02,24.0,25.23,90.60041666666666,2.4445717592592593,,151.54358333333334
2016-02-22,29.56,23.12,98.6,68.73,13.09,10.96111111111111,71.0,0.229,1.116533,-0.7569479,22.75,23.82,23.82,24.0,24.51125,91.35791666666667,1.8547569444444443,,177.82316666666668
2016-02-23,28.4,22.45,99.6,72.89,15.35,6.15,127.0,23.14,1.257031,-1.085212,22.88,23.03,23.03,24.0,24.383333333333336,95.04583333333333,1.1280324074074073,,117.2285
2016-02-24,27.97,22.4,100.0,82.2,10.12,4.55,226.0,16.0,1.10119,-1.277985,23.32,23.37,23.37,24.0,26.7325,86.32875,1.2260069444444444,807.0,179.7735
2016-02-25,31.15,23.2,100.0,65.98,15.52,4.519444444444444,328.0,0.0,1.023921,-1.198268,23.7,25.31,25.31,24.0,28.00916666666667,78.28750000000001,2.1914120370370367,,272.12241666666665
2016-02-26,36.12,22.69,98.6,47.36,23.5,8.11111111111111,268.0,20.12,1.012929,-1.117447,22.78,23.58,23.58,24.0,27.560000000000002,85.66708333333334,2.0179513888888887,,348.73975
2016-02-27,32.94,23.23,99.2,65.82,30.11,8.161111111111111,77.0,0.0,1.02515,-0.9456614,25.81,31.46,27.16,24.0,29.379166666666666,77.73833333333333,2.334537037037037,,219.1710833333333
2016-02-28,36.0,24.77,95.7,48.18,18.92,9.419444444444443,224.0,1.143,0.8911414,-0.793095,24.94,26.01,26.01,24.0,23.868750000000002,95.41250000000001,2.10349537037037,,51.193958333333335
2016-02-29,26.2,22.41,98.5,80.3,4.42,7.288888888888888,112.0,41.15,0.9139754999999999,-0.3901289,20.51,23.71,23.71,24.0,24.46083333333333,76.91125,2.622418981481481,,366.71000000000004
2016-03-01,29.0,20.62,96.5,53.99,31.66,8.238888888888889,100.0,0.0,0.7904146,-0.207509,19.55,21.21,21.21,24.0,24.089166666666667,76.44041666666666,2.177546296296296,,382.68041666666664
2016-03-02,29.4,18.71,96.5,45.96,33.04,6.969444444444444,83.0,0.0,0.593488,-0.19934059999999998,20.96,24.12,24.12,24.0,23.198333333333334,87.63875,1.8498726851851852,,97.62966666666667
2016-03-03,26.8,21.15,97.9,71.8,8.43,7.219444444444444,87.0,17.83,0.7261732,-0.2627482,21.18,21.6,21.6,24.0,22.244583333333335,94.52083333333333,2.1793634259259256,,95.69508333333334
2016-03-04,24.54,20.34,99.7,79.96,8.26,8.71111111111111,186.0,9.6,0.7651482,-0.2687411,21.17,21.52,21.52,24.0,24.27416666666667,84.66208333333334,1.8651041666666666,,225.29250000000002
2016-03-05,28.76,21.0,97.9,65.84,19.45,6.669444444444444,108.0,1.143,0.9733809999999999,-0.4001586,20.89,22.46,22.46,24.0,23.96375,82.23791666666666,2.141261574074074,,315.30245833333333
2016-03-06,28.38,20.59,96.7,62.54,27.23,6.738888888888889,71.0,8.23,0.9714065,-0.7021575,22.0,22.53,22.53,24.0,24.823333333333334,88.01958333333333,1.6783217592592592,,286.53125
2016-03-07,30.97,20.83,98.9,65.28,24.74,6.499999999999999,111.0,26.52,1.14293,-0.7752897,22.78,23.27,23.27,24.0,25.790000000000003,85.4925,2.589652777777778,,321.7629166666666
2016-03-08,32.03,22.69,99.4,59.2,27.78,8.738888888888889,109.0,4.851,1.443439,-0.7324415,22.28,22.95,22.95,24.0,25.74625,86.45083333333334,2.2362847222222224,,277.1802916666667
2016-03-09,30.3,22.46,96.7,67.46,23.93,6.3,100.0,0.457,1.372193,-0.911092,24.36,25.44,25.44,24.0,27.020416666666666,86.29041666666667,1.889074074074074,,227.846125
2016-03-10,30.36,24.27,96.9,69.27,19.67,6.438888888888888,74.0,3.2,1.4818,-0.8676206,25.07,25.86,25.86,24.0,25.543333333333333,88.95083333333334,2.0354282407407407,,224.72670833333333
2016-03-11,29.75,22.81,96.5,72.16,19.4,5.911111111111111,126.0,13.94,1.493262,-0.7245815999999999,23.31,24.84,24.84,24.0,25.741249999999997,84.64916666666666,2.7632060185185185,,313.664625
2016-03-12,30.96,22.22,96.4,61.41,27.09,9.96111111111111,61.0,7.5440000000000005,1.6720760000000001,-0.5169346,21.31,22.22,22.22,24.0,24.46166666666667,75.38250000000001,3.04494212962963,,364.1189166666666
2016-03-13,30.03,19.33,96.6,45.63,31.43,9.96111111111111,109.0,0.229,1.351918,-0.7509464,18.7,23.51,23.51,24.0,24.248333333333335,67.76708333333333,3.1715856481481484,,266.2908333333333
2016-03-14,27.73,20.58,88.4,54.33,22.99,8.399999999999999,104.0,0.0,1.104525,-0.6974864,18.61,20.58,20.58,24.0,23.392916666666665,82.12291666666667,2.5173032407407407,,231.33975
2016-03-15,29.05,19.45,94.4,62.69,19.97,7.861111111111111,131.0,1.6,0.9946992,-0.5968701,21.62,22.55,22.55,24.0,24.662499999999998,84.88250000000001,2.4035185185185184,,169.39737499999998
2016-03-16,29.17,22.11,95.4,64.97,14.63,5.680555555555555,132.0,0.229,0.7349300000000001,-0.6283097,22.95,24.54,24.54,24.0,26.00916666666667,84.70625,2.0653472222222224,,276.027125
2016-03-17,30.73,22.84,95.2,63.2,23.83,7.8805555555555555,81.0,0.0,0.7384229,-0.514917,23.18,24.31,24.31,24.0,26.02541666666667,85.06208333333333,2.0561574074074076,,259.91583333333335
2016-03-18,30.02,23.41,97.8,62.74,22.44,6.980555555555555,66.0,0.0,0.8307641,-0.5119785,22.98,24.49,24.49,24.0,26.44458333333333,83.59083333333334,2.1770023148148145,,325.15929166666666
2016-03-19,30.91,22.69,97.8,66.9,28.07,8.269444444444444,87.0,0.0,0.7851933999999999,-0.661654,23.45,25.46,25.46,24.0,26.7675,85.04208333333334,2.0564814814814816,,230.179125
2016-03-20,33.27,24.48,94.6,60.36,19.88,10.280555555555555,116.0,0.914,0.8790671999999999,-0.4757286,22.82,24.61,24.61,24.0,25.598333333333333,85.60666666666667,2.0723032407407405,,134.42704166666667
2016-03-21,28.72,23.74,94.3,71.8,11.61,5.388888888888888,102.0,0.457,1.081054,-0.33740169999999997,23.44,24.47,24.47,24.0,25.04875,88.27749999999999,1.889398148148148,,192.39345833333334
2016-03-22,29.84,21.88,95.3,70.0,16.61,13.338888888888889,204.0,3.429,1.3646319999999998,-0.7681121,21.48,22.5,22.5,24.0,24.910416666666666,81.00083333333333,2.140277777777778,,147.35675
2016-03-23,32.38,21.44,95.8,48.61,12.72,8.05,294.0,0.229,1.170872,-1.023598,21.58,24.84,24.84,24.0,24.587083333333336,82.97541666666666,1.4932291666666666,,70.12141666666666
2016-03-24,26.82,23.38,89.6,74.03,6.054,4.480555555555555,84.0,0.0,1.252458,-0.8377481999999999,21.59,23.43,23.43,24.0,23.565833333333334,88.34625,1.7554166666666668,,94.30220833333334
2016-03-25,26.15,21.59,95.9,73.57,8.14,5.219444444444444,197.0,6.629,1.111146,-1.000875,21.27,22.06,22.06,24.0,22.255,95.82083333333333,2.136585648148148,,49.05029166666667
2016-03-26,24.54,20.48,97.3,92.0,4.235,9.119444444444444,158.0,52.91,1.121071,-0.9752514,20.09,20.62,20.62,24.0,24.813333333333333,89.03208333333333,2.0041319444444445,,313.8665833333333
2016-03-27,29.95,20.64,97.2,72.7,27.1,6.938888888888889,87.0,0.229,1.136077,-0.9029952,21.06,23.39,23.39,24.0,25.582083333333333,72.37583333333333,2.984108796296296,,330.2015833333333
2016-03-28,30.55,21.89,91.9,47.14,28.51,8.188888888888888,253.0,0.0,0.9958066999999999,-0.8895925,20.3,21.89,21.89,24.0,25.035416666666666,72.9025,1.9412037037037038,,330.65045833333335
2016-03-29,30.97,20.24,91.5,43.78,28.54,6.3,70.0,0.0,0.7912598,-0.8850081999999999,20.98,23.2,23.2,24.0,25.47875,77.19875,2.0495717592592593,,321.41791666666666
2016-03-30,31.07,21.38,93.1,49.08,27.76,6.21111111111111,74.0,0.0,0.8015971,-0.7620608999999999,21.67,24.05,24.05,24.0,25.29041666666667,84.72125,2.1502662037037035,,195.34695833333333
2016-03-31,29.6,22.76,93.2,61.14,16.87,6.361111111111111,87.0,0.229,0.7739716,-0.34071239999999997,23.03,24.2,24.2,24.0,25.744583333333335,86.05208333333333,2.1218981481481483,,145.272
2016-04-01,30.31,22.11,95.5,70.64,12.54,8.830555555555556,275.0,15.21,0.8232381,-0.3149868,20.93,22.16,22.16,24.0,25.36125,83.15208333333334,2.0905787037037036,,302.2584583333333
2016-04-02,31.19,20.62,94.8,59.43,26.09,6.449999999999999,113.0,0.0,0.7184910999999999,-0.595335,23.4,24.7,24.7,24.0,26.490416666666665,84.49916666666667,2.046875,,290.5294166666667
2016-04-03,30.7,23.51,97.3,65.37,25.08,7.280555555555556,61.0,0.229,0.7583133999999999,-0.6556565,23.97,25.88,25.88,24.0,27.905416666666667,82.76375,2.3602430555555554,,292.24825
2016-04-04,33.68,24.21,94.7,60.36,25.23,7.561111111111111,133.0,2.286,0.9890354,-0.6536067999999999,23.57,25.6,25.6,24.0,25.157083333333333,87.24000000000001,1.3797337962962963,,55.028124999999996
2016-04-05,27.14,23.22,94.6,77.06,4.751,4.561111111111112,71.0,0.914,1.175538,-0.7059635999999999,22.85,23.96,23.96,24.0,26.1525,83.81041666666667,1.6911458333333333,,247.0415833333333
2016-04-06,30.24,22.83,95.2,66.95,21.33,6.511111111111111,71.0,0.0,1.205414,-0.9860283999999999,23.41,26.28,26.28,24.0,27.200833333333335,81.42833333333333,1.9031365740740742,,288.91020833333334
2016-04-07,30.94,24.19,93.4,65.98,24.94,7.911111111111111,70.0,0.0,1.344567,-0.9404891,22.74,24.19,24.19,24.0,27.785416666666666,79.57791666666667,1.8333333333333333,,290.2104166666667
2016-04-08,36.01,23.31,94.7,50.74,25.06,8.261111111111111,106.0,0.0,1.504944,-0.8428734999999999,24.2,26.31,26.31,24.0,27.40833333333333,84.3125,2.3191550925925926,,206.27408333333335
2016-04-09,31.3,25.4,94.7,69.72,17.81,6.430555555555555,79.0,0.0,1.584692,-0.7355250999999999,25.13,26.05,26.05,24.0,27.605,85.91375,2.186539351851852,,238.41354166666667
2016-04-10,33.67,24.1,95.9,64.86,20.58,5.5,83.0,1.6,1.379187,-0.9644300000000001,26.29,32.23,27.34,24.0,27.136666666666667,90.84958333333333,2.550925925925926,,119.77725
2016-04-11,30.5,24.22,95.8,77.34,10.35,7.969444444444445,128.0,6.172,1.319968,-0.8520941,23.26,24.24,24.24,24.0,24.732916666666668,89.56291666666668,1.5221527777777777,,88.86970833333334
2016-04-12,27.44,22.39,95.7,77.48,7.671,6.930555555555555,219.0,20.57,1.104338,-0.8124106,23.3,24.27,24.27,24.0,25.88208333333333,88.17375,2.214907407407407,,169.769375
2016-04-13,31.8,23.68,96.0,63.98,14.66,6.269444444444444,114.0,11.84,0.8778237999999999,-0.7921226,24.68,25.38,25.38,24.0,26.557083333333335,88.09083333333332,2.137071759259259,,198.67733333333334
2016-04-14,30.66,24.01,97.1,70.7,17.16,7.25,78.0,80.7,0.886142,-0.6828078,23.97,26.1,26.1,24.0,26.468333333333334,86.86416666666666,1.5883333333333332,,130.763875
2016-04-15,29.59,23.39,95.3,72.81,11.29,7.430555555555555,225.0,1.8290000000000002,0.601414,-0.6907968999999999,24.39,25.22,25.22,24.0,27.1425,84.60666666666667,1.6978935185185184,,246.6772083333333
2016-04-16,30.84,24.45,95.1,69.61,21.3,6.8694444444444445,90.0,0.0,0.6705169999999999,-0.4762144,24.92,30.11,26.8,24.0,27.956666666666667,86.46208333333334,1.7343402777777779,,225.31066666666666
2016-04-17,31.64,25.2,95.0,72.44,19.45,6.319444444444445,72.0,0.0,0.6881381999999999,-0.5197604,25.75,32.35,27.56,24.0,28.215,85.25041666666667,1.927071759259259,,264.53320833333333
2016-04-18,31.24,26.0,94.6,71.7,22.84,7.711111111111111,77.0,0.0,0.7366157,-0.5263422,24.55,30.1,26.88,24.0,28.250416666666666,84.18124999999999,1.7946064814814815,,265.475125
2016-04-19,32.81,24.9,93.4,66.01,22.92,6.280555555555555,76.0,0.0,0.8664489,-0.5305909999999999,24.78,25.97,25.97,24.0,28.00125,83.59958333333333,1.6584837962962962,,255.715
2016-04-20,32.71,24.03,95.6,59.39,22.08,6.819444444444445,78.0,0.0,1.109538,-0.6343464,25.1,26.5,26.5,24.0,28.072083333333335,81.14208333333333,1.6947800925925927,,262.7450833333333
2016-04-21,34.32,23.98,96.3,51.12,22.68,7.088888888888889,81.0,0.0,1.021107,-1.034757,24.55,26.56,26.56,24.0,27.91208333333333,82.29458333333334,1.7636458333333334,,241.02291666666667
2016-04-22,32.8,24.01,92.8,64.46,20.81,6.2,76.0,0.0,1.156002,-1.076644,24.96,26.65,26.65,24.0,25.955416666666665,85.04916666666666,2.299548611111111,,74.1635
2016-04-23,28.2,23.92,94.5,71.11,6.4030000000000005,5.85,137.0,0.914,1.101774,-1.077404,23.11,24.04,24.04,24.0,26.89708333333333,85.29833333333333,1.848310185185185,,250.2301666666667
2016-04-24,31.2,23.58,94.8,71.46,21.6,7.280555555555556,67.0,0.686,1.162613,-0.9935563,25.19,30.8,27.04,24.0,28.445833333333336,85.07166666666667,1.8606597222222223,,244.78575
2016-04-25,32.43,25.77,93.4,68.34,21.13,6.21111111111111,73.0,0.0,1.024843,-1.020044,25.31,26.56,26.56,24.0,27.16333333333333,76.79333333333334,2.3104166666666663,,159.54954166666667
2016-04-26,33.99,23.16,94.7,41.51,13.78,14.480555555555556,215.0,3.429,1.103661,-0.9138645,19.4,24.01,24.01,24.0,23.272916666666664,82.21333333333332,2.5396180555555556,,46.66795833333333
2016-04-27,26.69,17.78,93.7,67.32,4.03,8.299999999999999,124.0,13.72,1.4080840000000001,-0.5065212,16.57,17.87,17.87,24.0,17.112083333333334,69.54208333333334,5.037847222222222,,266.59583333333336
2016-04-28,21.39,12.94,93.1,44.33,23.02,10.811111111111112,223.0,8.0,1.257916,-0.03198028,7.162,15.02,15.02,24.0,15.965416666666668,57.42083333333333,3.6555787037037035,,248.96504166666668
2016-04-29,20.74,11.49,83.5,37.61,21.5,11.2,225.0,0.0,1.19996,0.2068765,9.28,13.27,13.27,24.0,16.158333333333335,73.82791666666667,1.9373263888888888,,156.02325
2016-04-30,21.31,11.59,87.7,53.38,13.47,5.530555555555556,100.0,0.0,1.024902,0.1903799,13.6,15.72,15.72,24.0,17.050833333333333,67.7375,3.657824074074074,,255.07554166666668
2016-05-01,21.1,14.17,87.8,42.09,22.02,10.380555555555555,198.0,0.0,1.038259,-0.2328575,8.9,16.24,16.24,24.0,17.194583333333334,63.084583333333335,1.9645833333333333,,268.82745833333337
2016-05-02,24.74,10.71,83.5,39.0,23.21,6.261111111111111,228.0,0.0,1.241492,0.002260685,11.61,14.62,14.62,24.0,18.229583333333334,76.35708333333334,1.8069328703703702,,259.42991666666666
2016-05-03,24.9,12.26,89.9,53.39,22.4,6.180555555555555,58.0,0.0,1.058131,-0.4889994,15.32,17.05,17.05,24.0,19.472916666666666,82.24541666666667,1.4349999999999998,,116.20179166666667
2016-05-04,23.33,15.43,90.6,68.67,10.03,5.211111111111111,110.0,0.0,1.08849,-0.7217416999999999,17.75,20.29,20.29,24.0,21.591250000000002,79.1825,1.9697222222222222,,217.8189166666667
2016-05-05,25.8,18.59,90.3,57.74,18.81,6.35,80.0,0.0,1.472739,-0.3270339,18.28,20.71,20.71,24.0,21.941666666666666,81.51583333333333,2.5251504629629626,,174.96025
2016-05-06,25.37,19.93,87.7,68.82,15.11,7.780555555555556,120.0,0.0,1.462327,-0.4852434,18.11,21.07,21.07,24.0,20.24125,87.16666666666667,1.9886458333333332,,33.721583333333335
2016-05-07,21.47,19.19,91.8,78.82,2.912,4.8805555555555555,239.0,3.658,1.4103569999999999,-0.5368589,18.4,19.84,19.84,24.0,21.839166666666667,83.20791666666666,1.8269907407407409,,142.27858333333333
2016-05-08,25.74,19.83,91.4,64.15,12.28,4.430555555555555,95.0,0.0,1.5430169999999999,-0.4642822,19.29,21.12,21.12,24.0,22.544583333333335,81.48625,1.4199189814814817,,119.42666666666668
2016-05-09,26.65,20.6,91.6,60.1,10.31,4.8805555555555555,59.0,1.143,1.434388,-0.6812699,19.28,20.8,20.8,24.0,22.170416666666668,86.75208333333335,1.113738425925926,,89.37354166666667
2016-05-10,25.2,20.34,92.1,74.21,7.717,3.319444444444444,116.0,0.229,1.301831,-0.8257407999999999,20.37,21.74,21.74,24.0,22.710416666666664,86.47541666666666,1.2339930555555554,,120.78220833333334
2016-05-11,26.6,20.34,92.2,70.68,10.43,5.1305555555555555,337.0,2.743,1.069991,-0.8396355,19.95,21.97,21.97,24.0,22.243750000000002,81.61208333333333,1.2843171296296296,,89.46591666666666
2016-05-12,25.29,20.18,93.0,67.67,7.725,5.76111111111111,99.0,0.0,1.114945,-0.6164294,18.07,20.84,20.84,24.0,20.965833333333332,79.19666666666667,1.5896643518518518,,74.85316666666667
2016-05-13,24.05,18.97,89.0,64.96,6.463,6.561111111111111,123.0,0.0,1.090595,-0.1689811,17.01,18.98,18.98,24.0,19.516666666666666,84.62375,1.2275925925925926,,32.365833333333335
2016-05-14,20.95,18.53,89.2,75.78,2.794,3.911111111111111,259.0,0.0,0.9883611,-0.149282,17.44,19.58,19.58,24.0,20.45375,83.61541666666666,1.3893055555555556,,88.39125
2016-05-15,23.11,18.9,89.8,69.86,7.632,4.388888888888889,101.0,0.457,0.7139542,-0.269714,18.26,20.0,20.0,24.0,21.987916666666667,82.46249999999999,1.802685185185185,800.0,221.339125
2016-05-16,27.09,18.23,92.4,58.56,19.11,13.200000000000001,205.0,12.78,0.7081725999999999,-0.314144,19.82,21.31,21.31,24.0,22.641666666666666,78.43416666666667,2.6843171296296298,,191.3178333333333
2016-05-17,28.58,19.36,92.2,50.93,16.52,7.3694444444444445,192.0,3.429,0.8961051,-0.4278411,13.1,19.7,19.7,24.0,18.789583333333333,63.50958333333333,2.520011574074074,,238.45754166666666
2016-05-18,24.21,14.5,82.8,42.59,20.59,6.988888888888889,222.0,0.0,1.381783,-0.05437183,13.19,16.16,16.16,24.0,17.384583333333335,76.94,2.087546296296296,,163.87875
2016-05-19,21.85,14.69,87.2,61.27,14.15,5.488888888888889,120.0,0.0,1.447178,-0.0938642,11.83,17.05,17.05,24.0,17.574583333333333,73.06750000000001,1.5377662037037039,,96.67991666666667
2016-05-20,20.16,15.93,87.9,62.44,8.35,4.688888888888888,107.0,0.0,1.489258,-0.3310518,13.56,16.93,16.93,24.0,17.171666666666667,85.74291666666666,1.7342939814814813,,40.378708333333336
2016-05-21,19.3,16.12,92.0,75.23,3.4859999999999998,6.511111111111111,226.0,29.49,1.251373,-0.7705879,15.68,17.03,17.03,24.0,20.080416666666668,84.40625,2.3362962962962963,,189.31120833333333
2016-05-22,26.8,16.91,92.3,66.98,16.34,10.669444444444443,229.0,6.172,1.189431,-0.9332507,17.16,18.96,18.96,24.0,18.624583333333334,90.5,1.0311921296296296,,19.958916666666667
2016-05-23,19.36,17.63,92.2,87.5,1.7229999999999999,5.169444444444444,115.0,36.68,1.246166,-0.7329344999999999,16.5,18.03,18.03,24.0,18.42625,68.20708333333333,2.950798611111111,,235.95141666666666
2016-05-24,22.3,14.77,92.0,38.57,20.37,10.688888888888888,239.0,0.0,1.386493,-0.6212257999999999,11.94,14.94,14.94,24.0,17.38,73.93208333333332,1.9447222222222222,,177.05700000000002
2016-05-25,22.67,13.43,90.7,48.1,15.29,6.361111111111111,97.0,1.143,1.3784589999999999,-0.3288872,15.35,16.97,16.97,24.0,18.675416666666667,84.39333333333333,1.1682754629629628,,110.36929166666665
2016-05-26,22.65,16.56,91.0,66.58,9.53,3.611111111111111,76.0,0.914,1.191595,-0.5237674999999999,16.44,17.99,17.99,24.0,20.140833333333333,82.65166666666666,1.3627199074074074,807.0,167.34095833333333
2016-05-27,24.64,17.88,90.6,60.64,14.45,4.25,64.0,0.0,1.068751,-0.5336189,17.4,19.54,19.54,24.0,18.470833333333335,89.21666666666665,1.3610300925925927,,31.620416666666667
2016-05-28,19.9,17.02,91.5,84.6,2.73,3.7694444444444444,131.0,17.6,1.148548,-0.2802581,15.94,17.59,17.59,24.0,18.4325,89.96666666666665,1.138414351851852,801.8888888888889,37.641041666666666
2016-05-29,19.74,17.1,91.5,87.1,3.25,3.0,247.0,4.343,0.9227253999999999,-0.1886165,17.71,19.19,19.19,24.0,19.73375,90.73333333333333,1.003310185185185,,43.64391666666666
2016-05-30,21.22,18.59,92.5,87.2,3.768,4.261111111111111,69.0,2.972,0.8402853,-0.3495736,17.35,18.62,18.62,24.0,19.462083333333336,89.22916666666667,1.139849537037037,,101.243
2016-05-31,22.64,17.09,93.4,73.65,8.74,3.5194444444444444,335.0,0.229,0.8506258,-0.6669371,18.4,19.66,19.66,24.0,20.479166666666668,86.81041666666665,1.519398148148148,,102.39416666666666
2016-06-01,24.93,18.93,92.5,67.05,8.84,5.269444444444444,100.0,0.0,0.9758425,-0.719233,17.61,19.38,19.38,24.0,19.269583333333333,87.87916666666666,1.298923611111111,803.1111111111111,30.457583333333332
2016-06-02,21.09,17.76,92.0,80.9,2.635,6.219444444444444,228.0,9.83,1.151325,-0.7509968,16.89,18.6,18.6,24.0,18.827916666666667,81.72125,2.054803240740741,804.5,120.63854166666668
2016-06-03,21.34,16.3,91.5,62.46,10.41,7.069444444444444,98.0,0.457,1.461487,-0.4092981,13.84,16.3,16.3,24.0,17.065,81.10416666666667,1.2846412037037036,,125.60487499999999
2016-06-04,22.29,14.11,90.1,54.95,10.84,3.819444444444444,225.0,0.0,1.502964,-0.26055239999999996,14.01,15.87,15.87,24.0,17.01125,81.64999999999999,1.5004050925925927,813.2,71.68483333333333
2016-06-05,19.59,15.23,88.6,71.49,6.189,4.6,120.0,0.0,1.613205,-0.2259457,15.14,17.17,17.17,24.0,16.961666666666666,86.13916666666667,2.0005787037037037,820.6842105263158,24.034541666666666
2016-06-06,18.59,14.47,94.7,79.21,2.075,6.388888888888888,109.0,0.914,1.499054,-0.4173995,13.49,15.03,15.03,23.0,14.972173913043479,88.7695652173913,2.166497584541063,821.6086956521739,19.870652173913044
2016-06-07,,,,,,,,,,,,,,16.0,16.584375,71.721875,1.7135069444444444,810.0,285.765875
2016-06-08,21.69,13.29,92.9,44.06,16.39,5.05,189.0,0.0,1.495577,-0.3613436,11.23,13.35,13.35,24.0,15.318333333333333,68.77166666666666,1.9632523148148149,,214.95816666666667
2016-06-09,23.89,9.16,89.0,33.96,18.56,8.980555555555554,241.0,0.0,1.378248,-0.6416974999999999,9.37,13.39,13.39,24.0,14.459583333333333,56.09041666666667,2.117465277777778,,211.47166666666666
2016-06-10,21.97,8.98,84.8,24.08,18.26,6.2,231.0,0.0,1.569634,0.027050730000000002,7.234,10.24,10.24,24.0,13.277916666666668,69.17416666666666,1.489513888888889,,194.16133333333335
2016-06-11,21.21,8.61,85.9,36.68,16.76,4.311111111111111,135.0,0.0,1.225019,0.0033578870000000004,9.33,12.44,12.44,24.0,12.988750000000001,63.142500000000005,2.595127314814815,,222.38058333333333
2016-06-12,18.96,8.29,85.6,29.82,19.2,9.049999999999999,229.0,0.0,1.29148,0.2127812,5.305,8.55,7.225,24.0,12.815416666666666,60.95583333333334,1.6260532407407406,,221.28704166666668
2016-06-13,21.51,6.784,84.2,26.59,19.11,6.761111111111111,221.0,0.0,1.139751,0.2769103,6.094,8.87,8.87,24.0,12.875666666666667,69.34958333333333,1.744699074074074,,212.90912500000002
2016-06-14,19.8,7.49,86.0,42.33,18.38,6.511111111111111,62.0,0.0,1.023402,0.167238,9.47,13.14,13.14,24.0,16.138333333333332,71.355,1.5637384259259257,,173.80779166666665
2016-06-15,23.35,12.95,87.3,50.56,15.01,5.861111111111112,62.0,0.0,0.7791688,-0.1457076,11.27,13.39,13.39,24.0,16.074166666666667,79.91416666666667,1.3217708333333333,,180.92666666666665
2016-06-16,22.15,11.14,88.9,58.64,15.62,6.330555555555555,76.0,0.0,0.789516,-0.3820231,13.53,15.7,15.7,24.0,17.613333333333333,83.16916666666667,1.4246643518518518,,144.32575
2016-06-17,22.71,14.98,89.2,64.66,12.46,5.3805555555555555,74.0,0.0,0.9420333,-0.5896053,15.54,17.33,17.33,24.0,17.837083333333332,87.92916666666667,1.9063194444444445,,51.480583333333335
2016-06-18,20.69,16.04,90.1,82.8,4.448,6.230555555555555,116.0,5.715,1.070363,-0.6491792,14.1,16.42,16.42,24.0,14.914166666666667,83.53541666666666,1.8593287037037036,805.125,26.080791666666666
2016-06-19,16.42,13.94,89.6,74.77,2.249,5.488888888888889,62.0,7.315,1.321993,-0.47533729999999996,11.83,14.07,14.07,24.0,14.424583333333333,85.065,1.6360069444444445,812.0,41.47658333333333
2016-06-20,16.12,13.51,89.5,75.01,3.581,4.061111111111111,129.0,1.8290000000000002,1.212045,-0.7852058,12.53,14.41,14.41,24.0,14.755833333333333,81.07875,1.4421180555555555,816.7777777777778,45.187916666666666
2016-06-21,16.34,13.67,89.2,64.06,3.901,4.3694444444444445,73.0,0.0,1.257339,-0.7486627,11.32,13.73,13.73,24.0,13.82625,87.22083333333335,1.4808912037037036,815.0454545454545,34.530750000000005
2016-06-22,15.31,11.96,90.4,82.2,2.981,4.588888888888889,313.0,10.74,1.339684,-0.543574,12.83,14.42,14.42,19.0,14.629473684210526,96.17894736842106,1.1501900584795322,813.0666666666667,40.621
2016-06-23,15.25,14.37,99.2,96.9,0.017,3.2499999999999996,109.0,0.0,1.110046,-0.6815306999999999,14.28,14.42,14.42,24.0,15.479583333333332,92.08375000000001,1.686435185185185,816.5,185.31029166666667
2016-06-24,21.81,12.5,100.0,66.5,16.0,7.35,119.0,0.0,1.134616,-0.9119693999999999,13.55,14.57,14.57,24.0,15.316666666666668,88.55958333333332,1.3296875,,96.88683333333334
2016-06-25,18.27,13.47,97.8,66.95,8.37,3.9888888888888885,73.0,0.0,1.155253,-0.7015498,13.82,14.57,14.57,24.0,15.204583333333334,91.32458333333334,1.6890046296296297,,155.48175
2016-06-26,19.78,11.71,99.5,74.6,13.42,5.538888888888889,99.0,0.0,0.9926691,-0.6516235,13.71,14.03,14.03,24.0,15.854166666666666,92.85041666666666,1.0509143518518518,,75.72808333333333
2016-06-27,19.75,13.74,99.6,76.37,6.539,3.8111111111111113,257.0,0.0,0.8623075,-0.645382,13.96,14.01,14.01,24.0,16.360416666666666,91.99291666666666,1.470648148148148,,197.34479166666665
2016-06-28,21.23,13.49,100.0,68.54,17.04,4.661111111111111,80.0,0.0,0.8537779,-0.5375974,13.54,13.69,13.69,24.0,14.13125,98.09583333333335,1.3572685185185185,,66.07291666666667
2016-06-29,16.63,12.58,100.0,88.8,5.705,5.169444444444444,88.0,0.0,0.8092412999999999,-0.6549488,14.66,14.66,14.66,24.0,14.905416666666667,96.71666666666665,1.5727777777777776,,98.16187500000001
2016-06-30,17.85,13.51,100.0,86.2,8.48,4.288888888888889,110.0,0.0,0.8260759999999999,-0.6963269999999999,14.24,14.24,14.24,24.0,14.912083333333333,96.51666666666667,1.0161574074074073,806.0,36.837041666666664
2016-07-01,16.25,13.85,100.0,90.6,3.18,2.5194444444444444,72.0,0.0,0.8653326,-0.8598300999999999,14.5,15.27,15.27,24.0,15.534583333333332,93.89166666666667,1.0042708333333332,803.4545454545455,30.722624999999997
2016-07-02,16.43,14.71,97.2,89.8,2.652,2.9805555555555556,99.0,0.0,0.9182017,-0.8751161,14.46,15.28,15.28,24.0,15.617083333333333,93.58333333333333,1.0133564814814815,800.0,79.89808333333333
2016-07-03,18.87,14.25,98.8,79.84,6.898,2.9388888888888887,222.0,0.0,1.01094,-0.6350739999999999,14.94,15.13,15.13,24.0,15.483333333333334,98.10416666666667,0.9954282407407407,802.0,41.88429166666666
2016-07-04,16.92,14.37,100.0,92.3,3.616,3.5888888888888886,221.0,0.0,1.24216,-0.6153120999999999,15.26,15.37,15.37,24.0,15.915833333333333,96.175,1.072361111111111,,47.75479166666667
2016-07-05,17.59,14.79,99.4,88.4,4.123,2.7694444444444444,195.0,0.0,1.20496,-0.7837337,15.76,15.92,15.92,24.0,15.899166666666666,99.10416666666667,1.3357986111111109,804.0,70.15954166666667
2016-07-06,17.43,14.92,100.0,94.7,6.058,4.361111111111111,61.0,0.0,1.169811,-0.9117166,15.76,15.76,15.76,24.0,18.375416666666666,78.64708333333333,2.68125,800.0,79.13470833333334
2016-07-07,24.05,14.66,100.0,44.92,6.833,16.41111111111111,296.0,0.229,1.160858,-0.9258854,9.81,18.83,18.83,24.0,16.329166666666666,66.0025,2.185532407407407,,209.80625
2016-07-08,23.0,10.44,95.0,38.36,18.12,7.319444444444445,238.0,0.0,1.486118,-0.7229251,11.1,11.9,11.9,24.0,14.017083333333334,80.83791666666666,1.5863657407407405,,193.90041666666664
2016-07-09,20.32,8.73,96.5,53.15,16.74,5.738888888888889,76.0,0.0,1.240522,-0.6425352,11.38,12.06,12.06,24.0,14.714999999999998,89.32416666666666,1.896608796296296,,206.39895833333333
2016-07-10,20.05,10.83,99.4,64.3,17.82,7.980555555555555,87.0,0.0,0.9777733999999999,-0.8660865,14.5,15.82,15.82,24.0,17.03625,88.3975,1.4430439814814815,,199.53583333333333
2016-07-11,23.73,13.58,99.3,61.65,17.23,5.1,65.0,0.0,0.8158462,-0.7714455,15.75,16.04,16.04,24.0,17.016666666666666,91.35833333333333,1.680462962962963,,131.99858333333333
2016-07-12,20.95,15.72,98.1,80.7,11.4,7.761111111111111,97.0,0.0,0.7164788,-0.7240211,15.89,17.15,17.15,24.0,19.295833333333334,87.06833333333333,1.6712152777777778,,167.31133333333335
2016-07-13,28.44,15.39,98.9,57.7,14.45,10.130555555555555,136.0,0.0,0.7011836,-0.4053254,16.72,18.3,18.3,24.0,17.339166666666667,93.35833333333333,1.4773958333333332,,43.085
2016-07-14,18.79,16.04,99.7,85.2,3.719,6.8805555555555555,104.0,8.0,0.6730176999999999,-0.3444568,16.48,16.53,16.53,24.0,17.544166666666666,97.87083333333334,1.336134259259259,,45.909333333333336
2016-07-15,19.4,16.06,100.0,93.1,3.964,6.519444444444444,183.0,1.143,0.8081347999999999,-0.12018369999999999,17.64,17.71,17.71,24.0,19.025000000000002,94.04583333333333,1.5183217592592593,803.0,80.27291666666666
2016-07-16,22.69,16.69,100.0,79.56,6.93,5.5888888888888895,207.0,7.5440000000000005,0.8901091,-0.541065,16.45,16.79,16.79,24.0,16.173750000000002,89.13708333333334,1.9440046296296296,,92.33120833333334
2016-07-17,20.95,12.54,100.0,57.29,7.9719999999999995,7.580555555555555,235.0,53.26,1.009143,-0.4613615,6.893,15.12,15.12,24.0,13.254166666666668,62.01708333333334,3.7578240740740743,,233.94875000000002
2016-07-18,17.75,8.0,90.4,39.35,20.2,11.130555555555555,232.0,0.0,1.27003,-0.6521013,6.374,8.03,5.651,24.0,11.066291666666666,76.58624999999999,1.6215624999999998,,229.77374999999998
2016-07-19,16.92,5.976,95.3,49.81,19.84,5.45,90.0,0.0,1.444665,-0.3214508,9.75,11.25,11.25,24.0,13.185416666666667,84.30833333333334,1.8159953703703702,,129.299625
2016-07-20,17.16,10.62,94.1,70.36,11.16,6.511111111111111,116.0,0.0,1.26083,-0.7424185999999999,11.79,13.69,13.69,24.0,13.60875,86.66833333333334,1.7057407407407406,,53.575874999999996
2016-07-21,15.53,12.11,96.2,76.62,4.626,4.488888888888889,105.0,0.0,1.144598,-0.9831955,11.99,12.99,12.99,24.0,13.849583333333333,86.46916666666668,1.502164351851852,,75.34645833333333
2016-07-22,16.06,12.16,95.9,74.61,6.505,4.580555555555555,112.0,0.0,1.196702,-1.0570330000000001,12.31,13.69,13.69,24.0,14.725833333333334,85.81916666666666,1.9492939814814816,803.4285714285714,148.06516666666667
2016-07-23,17.91,12.42,96.9,68.73,12.78,6.030555555555556,90.0,0.0,1.07638,-1.003253,11.8,12.43,12.43,24.0,14.126666666666667,88.58583333333333,1.787835648148148,,192.25750000000002
2016-07-24,19.57,10.19,99.1,67.23,16.6,7.561111111111111,71.0,0.0,0.9448409,-1.045035,12.44,13.14,13.14,24.0,16.059583333333332,88.69375000000001,1.3560069444444443,,219.28179166666666
2016-07-25,24.91,10.91,99.0,62.23,18.93,3.661111111111111,82.0,0.0,1.066864,-0.7957888999999999,14.7,14.86,14.86,24.0,16.81416666666667,88.81333333333333,1.6279282407407407,,215.577
2016-07-26,22.72,12.53,100.0,62.95,18.61,7.1,67.0,0.0,1.008632,-0.5928648,15.35,16.22,16.22,24.0,17.962500000000002,90.13875,1.610474537037037,,163.99066666666667
2016-07-27,25.33,15.43,98.1,55.27,14.16,9.080555555555554,134.0,0.0,0.8779315999999999,-0.6216314,16.47,17.3,17.3,24.0,17.505416666666665,70.0475,2.967974537037037,,242.18125
2016-07-28,22.33,12.89,99.0,41.51,20.91,12.080555555555556,186.0,0.0,0.8138459,-0.6371024,12.37,13.98,13.98,24.0,15.0025,82.12791666666666,2.002986111111111,,72.60837500000001
2016-07-29,16.72,13.33,96.3,70.93,6.269,5.469444444444445,118.0,0.0,1.296449,-0.1028306,12.55,13.41,13.41,24.0,13.290416666666667,92.77499999999999,1.4910763888888887,803.0,38.39070833333333
2016-07-30,14.44,11.85,97.8,84.0,3.315,3.861111111111111,132.0,0.229,1.005586,-0.5312829,13.38,14.2,14.2,24.0,16.197083333333335,88.79583333333333,1.5751157407407408,808.5,168.54629166666666
2016-07-31,21.28,13.73,97.1,72.52,14.55,6.680555555555555,73.0,0.0,0.9580194999999999,-0.7633613,15.15,15.8,15.8,24.0,18.150000000000002,88.76458333333333,1.8947337962962962,,221.53324999999998
2016-08-01,22.66,15.2,97.7,71.66,19.12,6.219444444444444,82.0,0.0,0.8883869999999999,-0.9225736,15.91,16.43,16.43,24.0,19.445833333333333,87.62083333333334,1.6963310185185183,,213.46395833333335
2016-08-02,25.92,16.4,97.5,67.26,18.43,7.799999999999999,125.0,0.0,0.95135,-0.9725764,16.09,17.93,17.93,24.0,16.8125,85.75083333333333,2.4550578703703705,,41.346375
2016-08-03,17.95,15.08,94.3,73.24,3.57,6.330555555555555,106.0,0.914,1.386789,-0.5668749,14.54,15.49,15.49,24.0,16.118333333333336,92.7375,1.9388888888888889,803.0,76.55466666666668
2016-08-04,20.06,14.33,97.4,77.94,6.61,6.580555555555556,79.0,7.315,1.331553,-0.7124100999999999,16.05,16.56,16.56,24.0,18.643333333333334,91.19333333333333,1.3097453703703703,803.75,134.21458333333334
2016-08-05,23.64,16.49,98.4,71.36,11.59,6.1611111111111105,67.0,1.143,1.156693,-1.021638,17.43,18.96,18.96,24.0,19.5825,87.80083333333334,1.0855671296296296,802.25,146.45325
2016-08-06,23.15,16.93,96.8,67.51,12.64,4.6194444444444445,78.0,0.0,1.0585,-1.216858,16.34,16.99,16.99,24.0,19.298750000000002,89.55874999999999,1.5816782407407406,,176.97229166666668
2016-08-07,26.35,15.74,98.6,67.78,15.28,9.130555555555555,113.0,0.0,1.189267,-1.054491,15.88,17.67,17.67,24.0,16.895,85.87583333333333,2.249247685185185,,32.313625
2016-08-08,18.66,15.26,94.4,70.99,2.79,6.7,139.0,1.143,1.096105,-0.7681323,11.18,15.99,15.99,24.0,13.419583333333334,92.66333333333334,1.6400925925925927,810.4545454545455,21.33866666666667
2016-08-09,16.0,12.32,97.4,71.1,1.842,4.419444444444444,245.0,14.63,0.8944949999999999,-0.7445471,12.71,13.17,13.17,24.0,15.649166666666666,90.93791666666668,2.0006134259259256,819.3333333333334,113.119875
2016-08-10,21.47,12.83,97.4,71.43,9.77,6.080555555555556,200.0,1.143,0.7811017,-0.7181132,15.26,16.12,16.12,24.0,16.230416666666667,81.47458333333334,2.0105439814814816,,255.43608333333336
2016-08-11,22.48,11.94,98.4,39.71,22.05,9.411111111111111,218.0,0.0,0.711128,-0.6148986,10.68,12.05,12.05,24.0,14.938749999999999,77.74083333333333,1.9530092592592592,,258.3645833333333
2016-08-12,22.24,9.82,95.0,47.54,22.31,7.6611111111111105,110.0,0.0,0.8431512999999999,-0.2456956,11.02,12.62,12.62,24.0,15.2975,77.95541666666666,1.6828356481481481,,268.06429166666663
2016-08-13,22.18,9.88,94.0,51.89,23.15,6.611111111111111,73.0,0.0,0.5378959,-0.37746409999999997,11.53,12.85,12.85,24.0,15.597083333333332,83.61791666666666,1.8023958333333334,,269.3441666666667
2016-08-14,21.25,10.76,95.8,61.72,23.25,7.861111111111111,84.0,0.0,0.7482839,-0.5206054,14.59,15.58,15.58,24.0,18.517916666666668,79.865,1.426712962962963,,238.97766666666666
2016-08-15,26.91,13.21,94.8,37.45,20.63,6.530555555555556,91.0,0.0,0.7615468999999999,-0.8443383999999999,14.59,17.08,17.08,24.0,17.233333333333334,90.02291666666667,1.830173611111111,,44.26079166666667
2016-08-16,21.04,14.81,97.2,77.42,3.822,13.030555555555555,219.0,8.0,1.089379,-0.6014088,14.98,15.54,15.54,24.0,19.40791666666667,81.78541666666666,1.2718749999999999,,237.19133333333332
2016-08-17,28.09,14.35,97.5,46.88,20.48,5.611111111111111,99.0,0.0,1.075942,-0.8777703,15.68,16.62,16.62,24.0,19.320416666666667,89.8325,1.944837962962963,,170.55633333333333
2016-08-18,26.15,14.94,96.8,63.87,14.72,7.680555555555555,218.0,8.33,1.262149,-0.9102766999999999,16.32,17.61,17.61,24.0,16.567083333333333,87.31916666666666,1.3179050925925926,,37.84366666666667
2016-08-19,18.27,15.03,94.3,67.53,3.267,6.449999999999999,145.0,0.229,1.363324,-1.036356,13.85,15.17,15.17,24.0,15.322083333333333,95.2625,2.165474537037037,801.0,33.811416666666666
2016-08-20,16.44,14.25,97.4,90.6,2.92,9.95,259.0,16.23,1.388781,-0.9240906999999999,15.47,15.9,15.9,24.0,17.290833333333335,96.71249999999999,1.9869212962962963,805.3333333333334,17.856875
2016-08-21,18.41,15.84,98.0,86.4,1.541,8.338888888888889,220.0,33.63,1.259053,-0.8699762999999999,17.61,17.91,17.91,24.0,14.992916666666666,90.20333333333333,3.1811458333333333,804.25,71.919875
2016-08-22,17.93,11.19,98.1,76.41,6.209,11.05,217.0,22.4,1.5816629999999998,-0.3892635,10.71,11.34,11.34,24.0,13.246666666666668,78.99249999999999,1.8947569444444445,801.0,294.55316666666664
2016-08-23,19.03,9.04,100.0,39.37,25.43,6.938888888888889,72.0,0.0,1.209981,-0.6141785,8.96,9.99,7.689,24.0,14.128333333333332,82.03833333333334,1.8209953703703705,,294.56079166666666
2016-08-24,20.74,8.77,97.0,57.12,25.44,7.238888888888888,71.0,0.0,0.9761266999999999,-0.8394231999999999,12.12,13.05,13.05,24.0,16.352916666666665,84.94291666666668,2.003784722222222,,234.83579166666667
2016-08-25,21.36,11.71,96.2,70.73,20.28,8.730555555555556,83.0,0.0,0.7534949999999999,-0.6449893,15.96,18.62,18.62,24.0,19.48375,80.56166666666667,1.449710648148148,,174.59408695652172
2016-08-26,24.64,15.55,94.4,56.43,,6.488888888888889,116.0,0.0,0.6773963,-0.6414417,14.79,15.69,15.69,24.0,17.281666666666666,92.55416666666667,1.4346064814814816,,65.899875
2016-08-27,20.46,14.35,98.8,82.5,5.69,3.8805555555555555,242.0,0.0,0.692766,-0.8698593,16.93,18.03,18.03,24.0,19.5125,83.98916666666666,1.665648148148148,,245.02508333333333
2016-08-28,24.61,16.18,95.4,64.01,21.16,7.811111111111111,75.0,0.0,0.776377,-0.9503355,15.5,16.23,16.23,24.0,18.124583333333334,92.36041666666667,1.9757060185185182,,224.33504166666668
2016-08-29,24.51,14.57,98.8,72.87,19.37,6.319444444444445,148.0,0.0,0.871161,-0.7944351,16.89,17.62,17.62,24.0,19.04125,90.35833333333333,2.059340277777778,,195.73254166666666
2016-08-30,22.66,15.76,97.1,78.23,16.9,6.919444444444444,106.0,0.0,1.120041,-0.3413038,17.82,18.89,18.89,24.0,19.326249999999998,94.43333333333334,1.0612847222222224,,44.08829166666667
2016-08-31,20.84,18.37,96.8,87.6,3.807,4.1499999999999995,262.0,5.258,1.122116,-0.5856829,18.89,19.44,19.44,24.0,22.38625,70.88083333333334,2.463460648148148,,248.72491666666667
2016-09-01,27.55,18.35,97.0,41.02,21.48,8.21111111111111,268.0,0.457,1.129493,-0.9358814,15.0,18.35,18.35,24.0,19.370416666666667,81.82375,2.366435185185185,,211.28220833333333
2016-09-02,23.07,16.5,92.2,70.31,18.24,7.419444444444444,108.0,0.0,1.219666,-1.041033,15.97,18.27,18.27,24.0,18.102500000000003,89.10416666666667,2.199212962962963,,55.02741666666666
2016-09-03,19.23,16.87,95.3,82.6,4.751,5.169444444444444,127.0,0.914,1.2259039999999999,-1.065594,16.69,18.13,18.13,24.0,17.895,94.925,1.5392939814814814,,24.243
2016-09-04,18.45,17.35,97.8,91.0,2.093,4.480555555555555,226.0,41.91,1.285543,-0.886196,17.92,18.29,18.29,24.0,19.219166666666666,94.52625,1.1851851851851851,,81.14808333333333
2016-09-05,23.01,17.17,98.1,77.27,7.007,6.361111111111111,254.0,10.06,1.181517,-0.8629857,17.53,17.92,17.92,24.0,19.100833333333334,89.66041666666666,1.409872685185185,,117.60625
2016-09-06,22.81,16.95,100.0,70.59,10.15,4.711111111111111,56.0,2.743,1.046921,-0.8512651999999999,17.69,18.35,18.35,24.0,20.977083333333333,77.55916666666667,1.8577430555555556,,214.07545833333333
2016-09-07,27.15,17.35,96.7,46.41,18.49,9.011111111111111,274.0,4.801,0.7512224,-0.8741604,10.91,18.47,18.47,24.0,18.83625,56.65375,2.8154513888888886,,304.94170833333334
2016-09-08,26.37,13.25,84.9,35.92,26.33,9.780555555555555,277.0,0.0,0.564889,-0.6799706,11.39,14.81,14.81,24.0,17.945,69.17833333333333,2.282395833333333,,278.8876666666667
2016-09-09,25.37,12.56,92.4,42.26,24.08,7.838888888888889,77.0,0.0,0.7479947,-0.6372072,13.79,15.02,15.02,24.0,18.169583333333332,79.92833333333333,1.7847916666666668,,245.81995833333335
2016-09-10,24.33,13.65,93.0,51.95,21.22,7.080555555555555,55.0,0.0,0.7441337,-0.14487339999999999,15.01,16.22,16.22,24.0,19.094166666666666,85.33083333333333,1.864988425925926,,138.84291666666667
2016-09-11,23.68,15.82,93.9,72.84,11.99,7.580555555555555,83.0,0.0,0.5658619,-0.5790131,18.18,19.69,19.69,24.0,21.767083333333332,81.51875,2.0855787037037037,,299.8597916666667
2016-09-12,26.81,18.11,96.7,55.71,25.89,8.080555555555556,74.0,0.0,0.7806849,-0.5106473,19.81,21.06,21.06,24.0,22.01875,88.52999999999999,1.9493171296296297,,109.205625
2016-09-13,24.29,20.34,95.2,78.71,9.43,7.219444444444444,78.0,0.229,0.9476730999999999,-0.5974565,20.2,21.83,21.83,24.0,25.703333333333333,64.00750000000001,2.941435185185185,,113.89695833333333
2016-09-14,37.25,20.32,94.3,26.37,9.83,18.580555555555556,280.0,0.0,0.9153311,-1.042282,10.55,20.77,20.77,24.0,22.40416666666667,46.705000000000005,2.9127662037037036,,318.2610833333333
2016-09-15,28.75,17.34,85.6,21.54,27.48,9.730555555555556,260.0,0.0,1.1638359999999999,-1.12505,7.316,20.56,20.56,24.0,19.157083333333333,58.97375,2.527650462962963,,316.964375
2016-09-16,25.72,13.47,84.1,35.34,27.37,8.0,78.0,0.0,1.735684,-0.5474222,14.05,17.37,17.37,24.0,18.935416666666665,77.22875,2.795266203703704,,199.55670833333332
2016-09-17,22.24,16.69,85.0,64.78,17.23,8.080555555555556,73.0,0.0,1.932229,-0.46341109999999996,15.81,19.08,19.08,24.0,20.497916666666665,81.83583333333333,2.1812731481481484,,191.93391666666665
2016-09-18,24.31,17.74,92.5,68.05,16.57,8.680555555555555,75.0,0.0,1.550371,-1.016284,19.41,20.64,20.64,24.0,21.112083333333334,89.16541666666666,1.8819675925925925,,64.42570833333333
2016-09-19,24.38,18.63,95.5,64.68,5.563,7.780555555555556,199.0,1.3719999999999999,1.2887,-1.07697,17.18,18.65,18.65,24.0,19.2425,84.32791666666667,2.557476851851852,,117.82733333333334
2016-09-20,24.35,16.63,94.1,67.02,10.17,8.71111111111111,139.0,0.0,1.495696,-0.5846435999999999,13.02,16.76,16.76,24.0,18.702083333333334,67.04083333333334,2.3112037037037036,,325.288875
2016-09-21,25.0,14.4,92.6,36.57,28.09,6.838888888888889,66.0,0.0,1.440656,-0.3927912,12.07,14.4,14.4,24.0,18.337083333333332,79.00125,2.2199074074074074,,277.1069166666667
2016-09-22,23.74,13.53,91.8,57.92,23.93,7.969444444444445,109.0,0.0,1.20119,-0.9415277999999999,15.86,17.21,17.21,24.0,19.4375,79.00375,2.1188541666666665,,174.42758333333333
2016-09-23,23.12,16.38,93.1,60.73,15.06,9.019444444444444,76.0,0.229,0.7395942,-0.8080993,15.97,19.65,19.65,24.0,20.909166666666668,75.515,1.7388541666666664,,262.655625
2016-09-24,26.3,18.17,91.7,48.41,22.68,7.538888888888889,142.0,0.0,0.5937467,-0.7741039,16.16,18.17,18.17,24.0,16.97625,86.53541666666666,2.6697106481481483,,64.27158333333334
2016-09-25,19.3,14.56,95.2,75.7,5.549,8.299999999999999,106.0,0.0,0.9792554,-0.3247737,13.8,14.57,14.57,24.0,16.054166666666667,85.54291666666667,1.8928124999999998,,57.27820833333333
2016-09-26,17.79,14.57,95.8,74.9,4.946,5.069444444444445,98.0,0.914,1.261623,-0.02676177,14.16,15.45,15.45,24.0,18.088333333333335,77.62958333333334,2.5412500000000002,,305.91862499999996
2016-09-27,23.11,13.87,93.7,58.32,26.41,7.288888888888888,67.0,0.0,1.204583,-0.08927035,14.44,16.71,16.71,24.0,18.764583333333334,75.875,2.2166550925925925,,304.4855416666667
2016-09-28,23.81,14.79,90.6,51.92,26.29,6.588888888888889,86.0,0.0,1.072589,-0.3246754,15.06,17.39,17.39,24.0,19.942083333333333,78.47208333333333,2.3596296296296297,,334.282125
2016-09-29,24.51,16.11,93.5,58.21,28.86,8.330555555555556,70.0,0.0,0.9803314,-0.7006022,16.82,17.89,17.89,24.0,19.657083333333333,79.38541666666667,3.6639930555555558,,290.9472083333333
2016-09-30,23.97,16.58,94.2,48.79,25.12,9.730555555555556,108.0,0.0,1.127612,-1.045896,13.92,17.19,17.19,24.0,17.004583333333333,78.14208333333333,1.8484490740740742,,61.69375
2016-10-01,18.53,15.42,94.5,64.45,5.326,5.45,140.0,1.143,1.340777,-0.7637587,14.81,15.71,15.71,24.0,17.270416666666666,90.55458333333333,2.4427777777777777,,99.96454166666666
2016-10-02,20.23,15.37,95.3,77.11,8.63,6.669444444444444,125.0,2.743,1.248698,-1.146255,15.85,17.01,17.01,24.0,19.3425,76.92416666666666,2.2414467592592593,,171.362
2016-10-03,24.29,16.94,92.9,46.91,14.79,6.061111111111111,84.0,0.229,1.188174,-1.2157149999999999,15.96,18.63,18.63,24.0,17.997916666666665,92.62916666666666,2.269201388888889,,78.02841666666667
2016-10-04,20.28,16.15,95.6,84.2,6.737,5.269444444444444,230.0,2.743,1.018959,-1.167996,17.64,18.36,18.36,24.0,19.045833333333334,90.25124999999998,3.047465277777778,,146.15883333333332
2016-10-05,23.73,16.34,96.2,69.02,12.62,10.611111111111112,128.0,10.52,0.9582805999999999,-0.9743676,15.87,16.97,16.97,24.0,18.086666666666666,90.52499999999999,2.5083449074074076,,108.86995833333333
2016-10-06,20.62,16.26,96.3,79.87,9.4,8.25,82.0,3.429,372.6078,,16.3,17.63,17.63,24.0,17.415,89.75416666666666,2.803449074074074,,75.29466666666667
2016-10-07,19.01,16.14,96.0,80.5,6.501,10.6,114.0,33.15,0.686229,-0.8243431,14.79,16.36,16.36,24.0,17.836666666666666,89.44833333333332,1.5612268518518517,,157.16316666666668
2016-10-08,21.97,15.84,94.9,69.65,13.57,5.55,93.0,2.515,0.5292857,-0.7143765999999999,16.67,17.49,17.49,24.0,19.72458333333333,84.39041666666667,2.4088310185185184,,309.073125
2016-10-09,24.7,15.52,97.9,64.08,26.68,8.761111111111111,129.0,0.229,0.5861782999999999,-0.5861797,13.66,18.41,18.41,24.0,19.209583333333335,74.95041666666667,2.2139467592592594,,155.91466666666668
2016-10-10,21.72,17.02,86.8,62.48,13.46,6.011111111111111,109.0,0.0,0.6338053,-0.4115899,14.13,18.13,18.13,24.0,19.064583333333335,75.22416666666668,2.50875,,220.4031666666667
2016-10-11,22.37,17.03,84.6,63.65,19.03,7.711111111111111,82.0,0.0,0.7592795,-0.5618263,15.36,19.21,19.21,24.0,19.335833333333333,86.55458333333333,1.6745370370370372,,89.49258333333334
2016-10-12,23.14,17.29,93.4,71.12,7.727,5.888888888888888,86.0,1.8290000000000002,0.7221240999999999,-0.8062514,18.23,19.31,19.31,24.0,21.305833333333336,86.71583333333332,2.0534606481481483,,204.01816666666664
2016-10-13,25.09,18.86,96.1,65.34,17.62,7.738888888888889,82.0,9.14,0.7394883999999999,-0.9442288,19.55,20.18,20.18,24.0,21.25375,92.05833333333334,1.7462499999999999,,54.726333333333336
2016-10-14,23.96,19.74,96.8,80.4,4.725,8.71111111111111,242.0,11.89,0.8434777,-1.10618,18.83,19.74,19.74,24.0,21.50208333333333,85.74166666666667,1.9443402777777778,,140.16204166666668
2016-10-15,26.66,18.6,95.8,66.29,12.1,7.788888888888889,100.0,0.0,0.9661107,-1.238154,18.21,19.85,19.85,24.0,21.05666666666667,88.8875,1.8910648148148148,,125.77795833333333
2016-10-16,23.9,19.08,96.0,77.86,10.86,6.288888888888889,75.0,0.0,1.29032,-0.9480982,20.45,21.09,21.09,24.0,23.03708333333333,88.61666666666667,2.871493055555556,,303.22154166666667
2016-10-17,26.53,20.96,96.0,76.16,26.19,9.96111111111111,148.0,2.972,1.387597,-1.133121,20.51,22.6,22.6,24.0,23.875416666666666,83.45583333333333,2.8901388888888886,,227.655
2016-10-18,30.25,20.79,94.1,64.75,19.65,10.180555555555555,112.0,2.057,1.365777,-1.14218,19.62,20.83,20.83,24.0,23.523750000000003,83.16583333333334,3.2719328703703705,,252.90875000000003
2016-10-19,28.58,20.76,94.4,64.46,21.84,9.838888888888889,318.0,2.286,1.470941,-0.8965601999999999,20.4,21.74,21.74,24.0,22.346249999999998,90.45,1.8643287037037037,,113.86016666666666
2016-10-20,25.8,20.88,96.1,78.34,9.83,6.838888888888889,182.0,17.4,1.2798859999999999,-0.7965376,20.56,21.74,21.74,24.0,24.784583333333334,83.68083333333333,2.2408333333333332,,268.89595833333334
2016-10-21,33.88,20.78,95.3,57.32,23.22,10.069444444444445,323.0,22.0,0.9828572,-5.401121,18.62,21.24,21.24,24.0,20.027916666666666,83.27374999999999,2.967789351851852,,47.4495
2016-10-22,21.32,18.41,91.2,73.87,4.097,8.230555555555554,113.0,0.0,1.005074,-0.3286325,16.32,18.49,18.49,24.0,19.789583333333333,77.42083333333333,2.162962962962963,,178.20583333333332
2016-10-23,23.7,17.35,91.3,51.05,15.39,6.21111111111111,109.0,0.0,0.7175286,-0.49577869999999996,16.73,19.41,19.41,24.0,21.140416666666667,83.97166666666666,1.8141087962962963,,186.20370833333334
2016-10-24,25.36,17.92,94.8,70.46,16.08,5.861111111111112,81.0,0.229,0.6586306,-0.5783266,19.44,21.69,21.69,24.0,22.4375,88.16250000000001,1.9942129629629628,,127.64325000000001
2016-10-25,24.61,20.42,95.8,77.71,11.02,8.238888888888889,69.0,0.914,0.6197882,-0.7361177,21.23,21.91,21.91,24.0,21.836250000000003,94.81666666666666,3.361261574074074,,31.42866666666667
2016-10-26,22.47,21.04,96.9,92.0,2.714,8.569444444444445,87.0,27.2,0.8765776,-0.5441195,20.94,21.45,21.45,24.0,22.189166666666665,95.60833333333333,1.898287037037037,,86.64241666666665
2016-10-27,24.85,21.08,97.3,88.3,7.48,7.25,78.0,13.72,0.7862253,-0.6155621,21.74,22.28,22.28,24.0,24.979583333333334,64.60208333333334,4.045046296296296,803.0,298.85341666666665
2016-10-28,30.93,20.56,97.3,34.24,25.8,12.588888888888889,262.0,0.229,0.8923890999999999,-0.8298439,10.47,20.58,20.58,24.0,20.16375,53.27583333333333,5.393877314814815,,406.94041666666664
2016-10-29,24.43,16.97,79.16,35.64,35.14,12.669444444444444,232.0,0.0,1.62684,-0.49397549999999996,14.08,17.77,17.77,24.0,19.103333333333335,74.70125,3.158125,,367.17375
2016-10-30,22.68,15.53,90.3,56.37,31.7,8.21111111111111,117.0,0.0,1.969855,-0.7181335999999999,15.16,17.37,17.37,24.0,20.263333333333332,73.10916666666667,2.156099537037037,,260.46175
2016-10-31,24.84,16.81,87.6,50.76,22.49,8.338888888888889,82.0,0.0,0.9776231999999999,-1.427611,16.6,19.49,19.49,24.0,21.312916666666666,83.09333333333333,1.8518171296296295,,125.68975
2016-11-01,25.52,18.83,90.8,65.51,10.85,7.6,80.0,0.0,0.757375,-1.484618,18.78,21.07,21.07,24.0,23.251666666666665,83.19708333333334,1.8597453703703704,,223.08104166666666
2016-11-02,27.54,20.07,92.5,65.72,19.26,6.25,74.0,0.0,0.8310959,-1.379336,20.33,21.67,21.67,24.0,24.5575,78.04125,2.137037037037037,,184.9992083333333
2016-11-03,29.51,19.87,96.7,47.63,15.97,10.499999999999998,169.0,0.0,0.7580256,-1.220966,18.95,21.93,21.93,24.0,19.853333333333335,75.15625,2.9047453703703705,,124.66491666666666
2016-11-04,22.59,17.36,87.3,59.33,10.76,11.261111111111111,126.0,0.0,1.052592,-0.7098848999999999,15.75,18.34,18.34,24.0,20.547916666666666,80.17916666666666,2.5781944444444442,,283.439
2016-11-05,25.4,16.76,93.7,64.23,24.47,7.861111111111111,77.0,0.0,1.004966,-0.6675827999999999,17.64,21.34,21.34,24.0,22.430833333333336,76.7825,2.556574074074074,,344.03458333333333
2016-11-06,26.9,19.35,90.2,62.08,29.71,9.249999999999998,71.0,0.0,0.6058279999999999,-0.7320167,17.63,21.73,21.73,24.0,22.160833333333333,81.77083333333333,1.6992129629629629,,135.34645833333335
2016-11-07,25.29,20.32,92.4,68.82,11.69,5.669444444444444,83.0,0.0,0.6895523,-0.588949,19.53,20.79,20.79,24.0,23.423333333333332,83.45083333333334,2.2310185185185185,,279.47704166666665
2016-11-08,28.03,20.43,94.5,62.53,24.13,7.061111111111112,71.0,0.0,0.4965055,-0.5645802,20.76,21.92,21.92,24.0,24.39916666666667,80.68208333333332,2.273159722222222,,340.34083333333336
2016-11-09,29.21,21.63,93.5,56.66,29.38,7.161111111111111,77.0,0.0,0.7722203999999999,-0.5085838,21.22,23.41,23.41,24.0,22.57375,91.00833333333333,1.5807407407407406,,60.15379166666667
2016-11-10,24.47,20.56,95.4,83.9,5.193,7.469444444444444,227.0,18.29,0.837214,-0.46755189999999996,20.17,21.04,21.04,24.0,25.185000000000002,74.02499999999999,2.5115162037037035,,400.45416666666665
2016-11-11,33.35,19.52,96.4,40.76,34.58,11.0,114.0,0.0,0.9644579999999999,-6.464762,19.61,21.57,21.57,24.0,24.16875,76.22708333333334,3.2444907407407406,,308.171875
2016-11-12,30.06,19.89,93.3,53.12,26.61,13.419444444444444,132.0,0.0,1.058151,-8.746483,10.81,19.94,19.94,24.0,19.637916666666666,69.60000000000001,2.8951273148148147,,145.473625
2016-11-13,22.51,15.58,88.2,50.44,12.56,8.630555555555555,144.0,1.8290000000000002,1.430676,-0.4659102,15.44,19.0,19.0,24.0,19.853333333333335,83.29125,1.5829050925925925,,88.91908333333333
2016-11-14,22.37,17.35,92.9,69.8,7.677,3.838888888888889,231.0,0.0,1.533716,-0.5402329,17.36,19.81,19.81,24.0,22.049583333333334,81.96,2.162662037037037,,244.84812499999998
2016-11-15,27.86,19.25,92.3,59.66,21.14,7.5,112.0,0.0,1.471096,-0.7347419,20.8,22.23,22.23,24.0,23.222916666666666,87.77958333333333,2.349247685185185,,208.83249999999998
2016-11-16,27.03,21.34,95.6,72.38,18.03,7.830555555555556,115.0,8.94,1.349355,-0.8219955,20.77,21.66,21.66,24.0,23.074583333333333,87.795,2.1,,190.42816666666667
2016-11-17,28.24,20.97,95.5,63.77,16.45,6.3999999999999995,78.0,13.72,1.3610389999999999,-0.8273588,20.53,21.41,21.41,24.0,23.040000000000003,85.77375,2.2752777777777777,,237.67329166666664
2016-11-18,27.82,17.22,95.7,66.55,20.52,13.830555555555556,128.0,9.88,1.29677,-0.5916402,15.85,18.34,18.34,24.0,20.937083333333334,65.56083333333333,3.7673032407407407,,423.18570833333337
2016-11-19,25.56,17.44,91.6,32.81,36.54,11.38888888888889,122.0,0.0,1.404668,-0.4516242,12.21,18.74,18.74,24.0,20.114166666666666,65.41916666666667,3.0020370370370366,,302.97791666666666
2016-11-20,24.88,15.97,87.8,42.68,26.16,7.749999999999999,110.0,0.0,1.041032,-0.5651339,14.79,16.81,16.81,24.0,20.71875,72.6375,2.691539351851852,,399.0529166666667
2016-11-21,25.69,15.92,91.1,54.11,34.46,10.369444444444444,80.0,0.0,0.7501185,-0.6298233999999999,15.86,20.07,20.07,24.0,22.82625,74.76416666666667,2.499328703703704,,380.7191666666667
2016-11-22,28.09,17.69,88.7,56.75,32.87,8.511111111111111,109.0,0.0,0.6362871999999999,-0.6400342,18.88,22.17,22.17,24.0,21.834999999999997,78.2025,3.028726851851852,,110.34066666666666
2016-11-23,23.93,19.44,94.9,65.77,9.53,7.569444444444445,110.0,2.057,0.9239314,-0.44826499999999997,18.75,19.6,19.6,24.0,20.479583333333334,88.02958333333333,2.5001273148148146,,127.656625
2016-11-24,23.79,18.13,96.3,74.47,11.02,7.288888888888888,122.0,2.057,0.9513577999999999,-0.002422094,15.85,20.49,20.49,24.0,22.217916666666667,71.11666666666666,1.8895949074074074,,222.89666666666665
2016-11-25,26.38,19.08,87.8,46.09,19.24,6.949999999999999,76.0,0.0,0.856879,-0.342698,17.13,20.69,20.69,24.0,21.74416666666667,84.41,1.4576273148148147,,104.44579166666666
2016-11-26,24.84,19.41,93.7,70.01,9.02,6.080555555555556,76.0,0.0,0.8460186,-0.6628769999999999,20.28,21.35,21.35,24.0,22.952083333333334,89.31666666666666,1.5965046296296297,,117.61925000000001
2016-11-27,25.99,21.11,96.4,78.49,10.16,7.819444444444444,70.0,2.972,0.7761233,-1.067726,20.97,23.12,23.12,24.0,23.885,87.85833333333333,1.6593981481481481,,144.38233333333332
2016-11-28,26.82,21.96,95.7,77.98,12.47,8.75,72.0,0.229,0.7924228,-1.176291,21.93,23.21,23.21,24.0,25.547083333333333,85.52749999999999,2.0536805555555557,,249.51125000000002
2016-11-29,33.02,22.27,95.1,61.57,21.54,12.480555555555554,249.0,10.34,0.8962924,-1.091913,20.76,22.35,22.35,24.0,20.739583333333332,89.33208333333333,2.522453703703704,,66.76937500000001
2016-11-30,23.26,17.96,95.5,64.66,5.765,7.749999999999999,164.0,6.401,1.16242,-0.7536436,17.38,18.99,18.99,24.0,20.76625,78.76708333333333,2.4252199074074072,,156.53916666666666
2016-12-01,24.38,17.97,91.5,60.82,13.52,8.669444444444444,117.0,0.0,1.204183,-0.9752748,15.91,18.68,18.68,24.0,21.311666666666667,76.24249999999999,2.239675925925926,,333.237625
2016-12-02,26.68,17.21,93.8,39.88,28.77,7.530555555555555,72.0,0.457,0.9970813,-1.187287,18.65,19.72,19.72,24.0,21.562083333333334,89.11666666666667,1.582673611111111,,143.50091666666665
2016-12-03,24.88,19.34,95.7,78.31,12.39,6.15,77.0,1.3719999999999999,0.7552544999999999,-1.162386,20.09,22.37,22.37,24.0,22.973333333333333,87.66291666666666,1.333576388888889,,89.87929166666667
2016-12-04,26.07,21.79,94.7,72.79,7.761,5.461111111111111,83.0,3.429,0.7349181,-0.9848872,20.92,26.07,26.07,24.0,23.08,78.94166666666666,3.737939814814815,,173.12583333333336
2016-12-05,26.73,18.88,90.0,69.09,14.95,9.58888888888889,120.0,0.686,0.9864866999999999,-0.49667799999999995,17.51,20.58,20.58,24.0,23.059166666666666,68.40583333333333,2.8038773148148146,,426.89545833333335
2016-12-06,30.28,16.13,87.0,43.33,36.86,9.06111111111111,113.0,0.0,1.036036,-0.32080539999999996,17.87,20.56,20.56,24.0,23.952083333333334,68.60791666666667,2.2979166666666666,,410.6504166666667
2016-12-07,30.66,17.61,91.1,40.11,35.46,9.511111111111111,76.0,0.0,0.8476918,-9.459948,18.4,21.79,21.79,24.0,24.114583333333332,76.38083333333334,1.9063310185185183,,250.66091666666668
2016-12-08,29.86,20.67,92.1,55.76,21.64,8.019444444444444,68.0,0.0,0.9236298,-0.4853554,21.48,22.82,22.82,24.0,22.6825,92.35833333333333,1.7206597222222222,,65.604125
2016-12-09,25.18,21.16,95.4,81.6,5.665,6.0888888888888895,145.0,8.92,1.072866,-0.4389472,21.25,22.39,22.39,24.0,21.67625,93.81666666666666,1.6461226851851851,,41.4125
2016-12-10,22.68,20.44,96.1,89.2,3.575,5.8,145.0,11.66,1.167043,-0.4844286,19.82,20.52,20.52,24.0,21.83375,94.15833333333335,1.2195601851851852,,74.52458333333333
2016-12-11,23.76,20.29,96.7,89.1,6.434,2.7805555555555554,240.0,4.115,1.1682000000000001,-0.6377419,21.77,22.41,22.41,24.0,25.756666666666664,81.70083333333334,1.8611226851851852,,206.38554166666665
2016-12-12,31.77,21.25,96.3,64.8,17.82,10.769444444444446,138.0,0.0,1.133242,-0.7086382,18.3,22.73,22.73,24.0,23.24208333333333,79.15541666666667,1.8804166666666668,,188.22400000000002
2016-12-13,27.44,21.13,91.2,64.27,16.25,5.888888888888888,117.0,1.143,1.236929,-0.4788208,20.15,21.69,21.69,24.0,26.280833333333334,80.08833333333332,2.2763541666666667,,397.8630416666667
2016-12-14,32.99,21.6,93.3,56.35,34.35,8.080555555555556,109.0,0.914,1.349799,-13.15327,22.09,23.59,23.59,24.0,22.505416666666665,82.87791666666666,3.287789351851852,,82.074875
2016-12-15,25.01,18.96,95.1,66.96,7.087,9.21111111111111,138.0,2.286,1.280484,-0.4740934,16.5,19.53,19.53,24.0,20.43583333333333,73.92791666666666,2.2731018518518518,,69.80029166666667
2016-12-16,22.25,18.51,88.5,52.67,6.027,6.3694444444444445,125.0,0.0,1.657641,-0.2914677,16.38,18.89,18.89,24.0,19.84375,89.26666666666667,1.9977893518518517,,103.81566666666667
2016-12-17,22.64,17.96,93.9,78.81,8.96,7.919444444444444,77.0,7.772,1.47668,-0.8486064999999999,19.02,20.38,20.38,24.0,22.09375,88.13,2.2481597222222223,,113.03375
2016-12-18,25.22,19.86,96.4,74.77,9.76,10.338888888888889,83.0,15.54,0.9811244,-1.246903,20.64,21.74,21.74,24.0,23.98625,86.005,2.2249421296296297,,259.32325
2016-12-19,28.38,21.07,95.7,68.65,22.39,7.319444444444445,82.0,1.143,0.7400758,-1.065029,21.49,22.83,22.83,24.0,25.58375,82.84916666666668,2.3903587962962964,,382.450125
2016-12-20,30.05,21.45,95.8,63.78,33.02,8.81111111111111,72.0,0.0,0.7031753,-0.9348565,23.04,24.97,24.97,24.0,24.379166666666666,90.12916666666666,1.6110648148148148,,111.844125
2016-12-21,30.02,22.16,94.9,69.4,9.66,10.538888888888888,242.0,15.75,0.6980679,-0.9175515,21.64,22.5,22.5,24.0,24.28125,88.88083333333333,1.5421759259259258,,193.70116666666664
2016-12-22,29.03,21.66,96.6,67.41,16.72,6.8999999999999995,194.0,1.6,0.7943249,-0.3953789,22.64,23.51,23.51,24.0,25.49791666666667,86.46833333333332,1.2754282407407407,,135.42991666666666
2016-12-23,29.93,22.61,96.0,63.73,11.69,3.6,328.0,,0.6891288999999999,-0.3316346,23.68,24.86,24.86,24.0,27.275833333333335,78.94875,1.7212962962962963,,280.31879166666664
2016-12-24,34.81,22.83,95.1,50.11,24.2,11.480555555555554,198.0,,0.7007749,-0.5013567,22.81,24.55,24.55,24.0,27.1425,80.18375,2.410509259259259,,227.507375
2016-12-25,35.23,22.96,93.7,49.49,19.65,7.988888888888889,115.0,,0.8548081,-0.37499489999999996,21.61,23.22,23.22,24.0,25.465,83.97,2.444363425925926,,270.110125
2016-12-26,29.96,22.63,94.9,69.93,23.32,8.63888888888889,77.0,0.229,0.9404444999999999,-0.5417311,23.35,25.76,25.76,24.0,28.01375,81.45041666666667,2.4187731481481483,,397.78658333333334
2016-12-27,31.76,24.01,94.7,66.33,34.34,9.0,78.0,0.0,0.8837693,-0.9560441,24.76,29.85,26.72,24.0,29.458333333333332,79.74666666666667,2.6863888888888887,,371.50879166666664
2016-12-28,37.32,24.54,94.5,52.57,32.08,22.36111111111111,211.0,10.79,0.9037063,-12.59029,23.8,25.35,25.35,24.0,27.040000000000003,85.0725,1.7940162037037037,,158.12275
2016-12-29,31.3,24.2,93.6,69.95,13.65,6.069444444444445,97.0,,1.124183,-0.8153988,24.77,26.48,26.48,24.0,28.054166666666664,82.03125,1.7734143518518517,,273.0505416666667
2016-12-30,32.55,25.26,92.4,69.23,23.58,6.138888888888889,93.0,,1.077849,-1.105034,23.62,25.26,25.26,24.0,26.862083333333334,86.88625,1.6066898148148148,,157.29125
2016-12-31,30.6,24.21,93.8,75.36,13.58,6.788888888888889,76.0,,1.014123,-3.397706,24.63,26.05,26.05,24.0,27.0425,85.585,1.7155092592592593,,192.36404166666668
2017-01-01,32.0,23.81,93.8,62.75,16.61,12.838888888888889,285.0,35.99,-1.028565,-3.205328,23.54,24.73,24.73,24.0,28.75208333333333,78.455,2.1722453703703706,,339.14391666666666
2017-01-02,36.76,24.09,96.0,46.36,29.28,9.06111111111111,122.0,6.629,-1.3880059999999999,-8.290985,23.19,26.04,26.04,24.0,28.544166666666666,78.84166666666667,2.2998958333333333,,281.40633333333335
2017-01-03,35.58,24.51,93.0,54.33,24.3,9.930555555555555,125.0,0.0,-0.3078183,-5.295647,23.62,26.27,26.27,24.0,27.7,78.71499999999999,2.3204050925925928,,262.35125
2017-01-04,31.53,24.75,89.7,62.45,22.65,7.6194444444444445,96.0,0.0,1640.876,,24.04,29.88,26.89,24.0,27.270416666666666,84.64041666666667,1.9739120370370369,,278.94079166666666
2017-01-05,33.31,24.59,94.4,63.9,24.09,9.361111111111112,76.0,20.4,-1.165705,-2.705011,23.37,24.6,24.6,24.0,27.468333333333334,81.21916666666667,2.6420138888888887,,250.627625
2017-01-06,33.54,23.82,95.2,58.08,21.64,10.561111111111112,160.0,9.83,-1.476144,-4.402402,23.76,25.04,25.04,24.0,25.935,83.97583333333334,2.3002777777777776,,119.53266666666666
2017-01-07,29.36,23.86,95.1,68.07,10.32,6.811111111111111,108.0,0.0,-0.9459789999999999,-2.437828,22.06,24.97,24.97,24.0,26.1075,79.91916666666667,2.695960648148148,,172.67387499999998
2017-01-08,30.0,23.96,87.5,66.05,14.91,5.580555555555556,78.0,0.0,-0.9355621,-3.370551,22.82,25.02,25.02,24.0,27.88875,80.18708333333333,1.930462962962963,,288.72833333333335
2017-01-09,33.6,23.7,93.4,61.89,24.93,8.338888888888889,89.0,0.457,-1.075299,-3.408109,23.63,25.45,25.45,24.0,28.155416666666667,79.0475,2.5244791666666666,,292.2604166666667
2017-01-10,33.39,24.39,92.8,62.0,25.23,11.030555555555555,207.0,0.0,-0.7251620999999999,-2.73192,22.45,26.42,26.42,24.0,28.91875,75.65291666666667,2.6151388888888887,,269.71075
2017-01-11,34.35,24.35,90.2,53.45,23.29,8.36111111111111,161.0,0.686,-0.6869145999999999,-2.3892569999999997,24.23,26.0,26.0,24.0,27.22458333333333,83.18375,3.244652777777778,,204.20108333333334
2017-01-12,32.46,24.51,94.6,60.97,17.63,9.1,117.0,9.25,-0.5975049,-2.203876,23.0,25.0,25.0,24.0,26.46291666666667,75.42208333333333,3.973726851851852,,349.2835416666667
2017-01-13,30.35,23.96,91.2,55.8,30.15,9.130555555555555,111.0,0.229,-0.38162419999999997,-2.337919,20.63,24.36,24.36,24.0,26.108333333333334,73.02708333333334,2.4090046296296297,,420.0495833333334
2017-01-14,31.54,20.76,92.9,49.34,36.27,8.988888888888889,84.0,0.0,-0.4256647,-2.321987,21.3,24.9,24.9,24.0,27.537499999999998,75.34083333333334,2.145625,,409.9331666666667
2017-01-15,33.14,22.23,92.7,53.21,35.4,8.130555555555555,68.0,0.0,-0.3565661,-2.417807,23.93,26.3,26.3,24.0,28.74,76.335,2.6224421296296296,,389.25233333333335
2017-01-16,33.43,24.99,93.0,47.4,33.61,8.319444444444445,76.0,0.0,-0.07929707,-2.282248,23.65,30.46,27.3,24.0,28.33125,76.19291666666668,2.434178240740741,,337.63983333333334
2017-01-17,33.35,23.2,95.4,46.93,29.15,7.838888888888889,65.0,23.77,0.009871483,-2.702902,22.69,23.5,23.5,24.0,25.652083333333334,88.35625,2.219895833333333,,232.98987499999998
2017-01-18,31.53,22.94,96.1,71.56,20.12,13.3,288.0,17.55,-0.48270169999999996,-2.297376,22.86,24.75,24.75,24.0,27.271666666666665,80.81791666666666,1.8410069444444443,,312.32533333333333
2017-01-19,35.9,22.65,95.0,48.21,26.97,11.380555555555555,123.0,61.72,0.1304994,-2.204744,22.53,23.81,23.81,24.0,26.363333333333333,78.70708333333333,3.804953703703703,,299.60004166666664
2017-01-20,30.11,23.62,93.7,60.4,25.86,9.938888888888888,121.0,0.229,-0.3114055,-1.954278,21.08,24.79,24.79,24.0,25.86375,74.85458333333334,3.6811921296296295,,263.2525
2017-01-21,29.96,22.09,86.7,54.68,22.73,8.85,107.0,0.0,-1.072199,-2.33624,21.89,24.92,24.92,24.0,26.041666666666668,77.18166666666667,3.603634259259259,,337.70341666666667
2017-01-22,30.87,22.98,90.0,57.99,29.16,12.061111111111112,107.0,1.88,-0.726344,-2.272833,21.97,24.51,24.51,24.0,24.7975,85.04208333333334,2.004583333333333,,162.16058333333334
2017-01-23,30.23,21.46,93.3,64.45,14.0,8.438888888888888,94.0,15.34,-0.6676323,-2.053832,22.27,23.79,23.79,24.0,25.8425,83.68916666666667,1.8432291666666665,,294.32154166666663
2017-01-24,30.68,22.37,95.5,64.9,25.41,7.230555555555556,106.0,0.229,-0.5725068999999999,-2.747383,22.94,24.38,24.38,24.0,27.183333333333334,79.13958333333333,2.075613425925926,,380.2165
2017-01-25,32.15,22.43,93.3,58.07,32.83,8.9,81.0,1.143,-0.5507871,-2.373093,23.36,25.06,25.06,24.0,25.995416666666667,88.7,1.7212268518518519,,158.50508333333332
2017-01-26,31.2,23.54,95.5,70.68,13.68,6.938888888888889,329.0,20.17,-0.5155479,-2.380254,23.4,24.15,24.15,24.0,25.26,86.41041666666666,2.2566782407407406,,250.98299999999998
2017-01-27,31.48,21.1,96.0,60.88,21.68,14.661111111111111,240.0,39.75,-0.3712217,-2.196631,21.24,22.17,22.17,24.0,23.797083333333333,83.25041666666667,2.058460648148148,,118.49966666666667
2017-01-28,26.41,21.7,94.6,67.82,10.23,4.830555555555556,79.0,0.457,0.5298991,-2.127042,21.23,22.82,22.82,24.0,22.353333333333335,93.96249999999999,2.793125,,71.25104166666667
2017-01-29,23.12,21.23,96.6,87.6,6.152,6.1611111111111105,199.0,10.74,0.5788314,-1.831848,21.21,22.19,22.19,24.0,25.183333333333334,88.71583333333332,2.508449074074074,,217.05475
2017-01-30,30.14,21.78,96.8,71.22,18.74,6.838888888888889,117.0,23.37,0.22286799999999998,-2.267159,21.98,22.9,22.9,24.0,24.467083333333335,92.7625,1.5543402777777777,,131.989875
2017-01-31,29.23,22.33,96.7,74.11,11.4,8.569444444444445,212.0,88.3,-0.1237504,-2.032654,22.66,23.23,23.23,24.0,23.260833333333334,95.3125,1.5726967592592593,,75.62725
2017-02-01,25.87,22.33,97.0,87.8,6.529,5.969444444444444,287.0,74.63,-0.0921042,-1.912899,22.05,22.69,22.69,24.0,24.427083333333332,89.40499999999999,1.7377546296296298,802.0,179.61524999999997
2017-02-02,29.06,21.55,97.8,71.7,15.51,7.719444444444444,354.0,10.06,-0.0036501880000000004,-2.000756,22.26,23.05,23.05,24.0,25.449583333333333,87.53875,1.7465624999999998,,241.91487499999997
2017-02-03,30.49,22.25,96.9,67.14,20.88,6.530555555555556,72.0,0.229,-0.36419389999999996,-2.218235,23.1,24.4,24.4,24.0,26.074583333333333,85.45833333333333,1.5049305555555554,,165.834
2017-02-04,30.83,23.43,95.6,66.13,14.32,7.6499999999999995,343.0,0.229,-0.1389356,-1.934445,22.72,23.93,23.93,24.0,27.24791666666667,81.85875,2.2366782407407406,,384.112625
2017-02-05,33.48,22.67,97.3,56.46,33.16,8.769444444444444,76.0,0.0,-0.2207727,-1.615987,24.81,30.01,26.78,24.0,28.323333333333334,81.06541666666666,2.4507060185185185,,380.2812916666667
2017-02-06,33.38,23.87,95.0,61.14,32.84,9.288888888888888,80.0,12.19,0.34315819999999997,-1.646037,24.46,25.38,25.38,24.0,27.948333333333334,81.90041666666666,3.073912037037037,,283.9605833333333
2017-02-07,33.18,25.22,94.8,59.08,24.52,8.419444444444444,111.0,0.0,0.3034289,-2.166807,22.64,26.57,26.57,24.0,25.460416666666664,79.49291666666666,2.5851273148148146,,74.87629166666666
2017-02-08,26.82,23.17,89.9,69.69,6.465,6.15,167.0,0.457,0.05483532,-1.994304,21.47,23.49,23.49,24.0,24.48,83.11125,1.8015393518518517,,132.96495833333333
2017-02-09,28.45,22.67,92.6,65.44,11.48,5.680555555555555,82.0,0.0,0.09395409,-1.6096409999999999,21.73,23.18,23.18,24.0,25.797083333333333,80.71458333333334,2.1639583333333334,,211.33124999999998
2017-02-10,30.19,22.72,94.0,61.88,18.25,6.238888888888889,68.0,0.229,0.26452919999999996,-2.241242,22.16,24.64,24.64,24.0,26.66416666666667,75.33624999999999,2.414386574074074,,344.0854166666666
2017-02-11,31.17,23.43,92.8,50.63,29.71,8.238888888888889,78.0,0.0,0.2837172,-2.443822,22.13,24.99,24.99,24.0,26.08,84.47041666666667,2.2086574074074075,,256.66416666666663
2017-02-12,31.62,22.11,95.7,66.87,22.17,9.769444444444444,329.0,25.48,0.1450341,-2.054372,21.4,22.57,22.57,24.0,25.010416666666668,89.95166666666667,1.715775462962963,,182.46654166666667
2017-02-13,30.81,22.32,96.7,67.94,15.75,10.06111111111111,294.0,24.76,0.2415099,-2.060389,23.03,23.99,23.99,24.0,25.845416666666665,88.93333333333334,1.374375,,173.581625
2017-02-14,29.92,23.3,95.5,68.89,14.99,4.519444444444444,68.0,2.743,0.21525219999999998,-2.128901,25.24,26.11,26.11,24.0,27.977083333333336,85.72083333333335,1.8676388888888888,,257.77641666666665
2017-02-15,31.65,25.57,96.1,69.87,22.26,7.530555555555555,65.0,0.229,0.09498787,-2.215154,24.28,30.36,27.07,24.0,28.504583333333333,80.49,2.0008449074074073,,371.2420833333333
2017-02-16,32.73,24.97,94.6,61.39,32.05,6.611111111111111,89.0,0.0,-0.05938292,-2.801256,24.85,26.08,26.08,24.0,28.22583333333333,82.67875,2.2112962962962963,,340.99829166666666
2017-02-17,32.73,25.35,94.3,61.56,29.44,8.180555555555555,78.0,0.0,-0.435069,-2.326336,24.07,25.58,25.58,24.0,27.70375,81.46583333333334,2.516134259259259,,344.8917083333333
2017-02-18,32.55,24.23,96.0,62.35,29.78,7.480555555555555,73.0,0.0,-0.626884,-2.090327,24.03,26.51,26.51,24.0,28.190833333333334,77.635,2.4746527777777776,,357.757625
2017-02-19,32.88,24.29,89.3,62.24,30.89,8.011111111111111,76.0,0.0,-0.5150577,-2.050961,24.36,31.94,27.87,24.0,28.908749999999998,77.86666666666666,2.4544444444444444,,365.59708333333333
2017-02-20,33.06,25.78,91.3,59.46,31.57,7.45,73.0,0.0,-0.6670218,-1.7515900000000002,24.0,26.48,26.48,24.0,28.481666666666666,77.65708333333333,2.308425925925926,,354.4708333333333
2017-02-21,33.13,25.11,91.2,54.39,30.61,8.180555555555555,80.0,0.0,-0.09939933000000001,-1.820024,24.16,30.06,26.95,24.0,28.259583333333335,76.4775,2.4650925925925926,,354.27120833333333
2017-02-22,32.02,25.01,92.8,59.97,30.59,9.580555555555556,80.0,0.229,-0.8072891,-1.998719,23.03,26.53,26.53,24.0,27.730416666666667,78.3625,2.1769907407407407,,300.3875
2017-02-23,31.61,24.25,90.8,61.12,25.94,7.799999999999999,82.0,0.0,-0.14282989999999998,-2.127176,23.59,26.04,26.04,24.0,26.443749999999998,83.54125,2.7774189814814814,,236.2206666666667
2017-02-24,33.79,20.64,96.9,59.45,20.39,23.38888888888889,236.0,59.79,-0.580888,-7.894237,21.19,22.86,22.86,24.0,26.207916666666666,79.51041666666667,1.8297685185185184,,217.37045833333332
2017-02-25,32.14,22.58,92.2,58.43,18.77,4.638888888888888,64.0,0.0,-0.1761873,-10.18846,23.03,24.92,24.92,24.0,27.095416666666665,82.01083333333334,1.9912962962962961,,263.91154166666666
2017-02-26,32.02,23.99,92.6,60.54,22.78,8.399999999999999,117.0,0.0,-0.3049746,-3.5162649999999998,23.73,25.2,25.2,24.0,26.97375,82.46166666666666,2.7773379629629633,,206.78041666666664
2017-02-27,30.61,24.63,92.0,66.07,17.85,7.699999999999999,125.0,0.0,-1.118786,-3.474833,22.0,25.09,25.09,24.0,27.294583333333335,79.59833333333334,2.0594444444444444,,315.42125
2017-02-28,32.68,23.66,93.4,55.92,27.23,6.788888888888889,99.0,0.0,-1.015674,-3.315749,23.49,25.13,25.13,24.0,27.294166666666666,80.455,2.274548611111111,,331.3027083333333
2017-03-01,32.43,23.87,93.6,58.45,28.61,11.761111111111111,115.0,5.029,-0.2510526,-2.9554039999999997,22.78,24.09,24.09,24.0,26.333333333333332,82.04458333333334,1.971435185185185,,201.85795833333336
2017-03-02,33.31,22.91,94.1,58.25,17.43,18.880555555555556,245.0,29.51,-0.4140925,-2.502697,22.37,23.65,23.65,24.0,26.44125,81.89791666666666,1.9172800925925924,,232.4634166666667
2017-03-03,32.44,23.38,93.9,55.35,20.07,7.480555555555555,317.0,0.0,-0.5070880999999999,-3.102751,23.59,25.16,25.16,24.0,26.609166666666667,85.7925,1.6736921296296297,,188.257875
2017-03-04,33.06,24.47,94.0,64.73,16.25,6.2,57.0,2.286,-1.173486,-3.419832,23.48,24.55,24.55,24.0,27.517083333333332,83.91166666666668,2.4086805555555557,,330.19462500000003
2017-03-05,33.27,23.66,95.2,64.59,28.51,19.430555555555557,237.0,9.98,-0.7092876,-3.427384,24.29,25.27,25.27,24.0,27.0575,86.29833333333333,1.9398842592592593,,166.43766666666667
2017-03-06,33.58,24.55,94.3,62.2,14.37,11.25,253.0,3.683,-0.6863807,-1.884946,23.41,24.55,24.55,24.0,26.327083333333334,84.00333333333333,3.4097106481481476,,230.97733333333335
2017-03-07,29.89,23.98,94.9,68.41,19.94,8.930555555555555,139.0,1.143,-0.09044981,-3.2194409999999998,23.46,25.47,25.47,24.0,26.745,81.72666666666667,2.372523148148148,,252.44791666666666
2017-03-08,30.97,23.66,93.6,66.41,21.8,7.588888888888889,103.0,0.0,-0.8518562,-3.546607,23.21,25.11,25.11,24.0,24.886666666666667,89.92541666666666,1.6847916666666665,,132.271
2017-03-09,27.4,23.1,95.2,75.84,11.42,7.269444444444445,96.0,13.51,-1.80863,-3.367758,22.56,23.56,23.56,24.0,26.116666666666664,86.60333333333334,2.079340277777778,,234.54504166666666
2017-03-10,30.31,22.92,95.6,74.8,20.25,9.249999999999998,65.0,0.457,-1.6346349999999998,-3.714356,24.52,26.6,26.6,24.0,27.801666666666666,85.99583333333334,1.7282175925925927,,166.76141666666666
2017-03-11,32.21,25.13,94.9,71.38,14.4,7.069444444444444,116.0,0.686,-1.753083,-3.81774,23.77,26.29,26.29,24.0,26.158749999999998,80.23125,1.8007986111111112,,89.70816666666667
2017-03-12,28.53,24.23,88.6,66.69,7.746,4.919444444444444,142.0,0.0,-1.181123,-3.174597,22.15,24.23,24.23,24.0,26.24875,84.27958333333333,2.152372685185185,,259.82375
2017-03-13,32.41,23.13,93.2,64.65,22.43,11.730555555555554,217.0,2.057,-1.07053,-3.2800380000000002,22.75,24.77,24.77,24.0,24.74791666666667,75.04166666666667,2.8912268518518514,,291.8219583333333
2017-03-14,28.03,22.65,94.0,48.57,25.2,6.519444444444444,103.0,0.0,-0.3514752,-2.418034,19.65,22.68,22.68,24.0,24.355,75.5475,1.715173611111111,,198.06258333333335
2017-03-15,28.44,21.69,88.7,59.9,17.1,5.05,87.0,0.0,0.24000359999999998,-2.38386,21.26,24.1,24.1,24.0,24.430833333333336,88.7,1.419872685185185,,112.602875
2017-03-16,26.46,22.26,93.6,81.2,9.72,4.780555555555556,81.0,0.686,-0.5228565,-2.811379,22.92,24.99,24.99,24.0,25.548333333333332,85.60041666666666,1.7227314814814816,,230.812625
2017-03-17,30.6,22.15,95.1,63.22,19.93,17.011111111111113,225.0,6.629,-0.8415518,-2.894033,21.36,23.0,23.0,24.0,22.585416666666664,89.72083333333335,1.8985069444444445,,47.346916666666665
2017-03-18,24.19,21.55,96.5,76.36,4.088,7.538888888888889,117.0,18.06,-0.1504447,-2.392046,18.96,21.85,21.85,24.0,21.89916666666667,75.28916666666667,1.803425925925926,,115.25854166666666
2017-03-19,23.67,19.8,92.7,63.79,9.95,4.588888888888889,163.0,0.686,0.6353930999999999,-1.078655,18.61,19.8,19.8,24.0,20.25,93.09166666666665,2.623460648148148,807.5,84.140625
2017-03-20,21.69,19.46,96.6,89.2,7.265,8.230555555555554,124.0,11.43,0.1098695,-1.140309,18.43,19.5,19.5,24.0,20.965416666666666,90.04041666666666,1.9091319444444441,802.4,126.19608333333333
2017-03-21,26.39,19.1,96.7,70.17,10.9,5.919444444444444,215.0,7.5440000000000005,-0.1791074,-1.187907,18.5,19.73,19.73,24.0,21.3225,91.21249999999999,2.205092592592593,808.5,124.50558333333333
2017-03-22,23.79,19.35,96.2,83.2,10.75,5.3500000000000005,114.0,7.315,-0.2604035,-1.127626,19.84,21.29,21.29,24.0,22.582916666666666,88.72333333333334,2.58005787037037,805.8571428571429,203.65537500000002
2017-03-23,27.24,20.26,95.7,71.97,17.58,7.919444444444444,114.0,7.569,-0.2257073,-2.030618,20.85,21.6,21.6,24.0,23.139166666666668,88.08791666666667,2.375601851851852,,219.95579166666667
2017-03-24,27.76,20.77,96.0,69.99,18.99,7.95,75.0,6.172,-0.1584651,-2.096895,20.24,22.06,22.06,24.0,23.965833333333332,84.05333333333333,2.054733796296296,,270.786375
2017-03-25,29.14,20.28,95.3,59.09,23.38,7.35,83.0,1.3719999999999999,0.04915166,-1.436968,18.86,20.36,20.36,24.0,23.700833333333332,81.57666666666667,2.216134259259259,,310.207125
2017-03-26,29.24,18.94,95.4,58.48,26.78,8.799999999999999,104.0,0.0,0.1552441,-1.3845800000000001,20.72,23.44,23.44,24.0,24.053749999999997,83.84666666666666,2.0281481481481483,,205.5685
2017-03-27,27.65,21.49,93.5,67.7,17.75,6.038888888888888,110.0,2.286,0.2279253,-2.015728,21.26,22.75,22.75,24.0,22.025833333333335,93.19166666666666,1.7723263888888887,,74.31154166666667
2017-03-28,24.59,20.3,96.4,83.5,6.416,6.969444444444444,76.0,23.6,0.33704069999999997,-1.909022,19.69,20.42,20.42,24.0,22.38083333333333,89.87708333333335,2.629097222222222,800.0,162.998875
2017-03-29,27.18,20.19,96.4,73.25,14.07,8.680555555555555,143.0,30.71,0.37462429999999997,-2.00577,20.4,21.24,21.24,24.0,21.63416666666667,89.5025,2.3204282407407404,802.0,104.23075
2017-03-30,24.09,20.04,95.3,72.61,9.0,6.8,115.0,14.4,0.379503,-1.930533,19.09,20.75,20.75,24.0,22.41125,81.89958333333333,1.8516666666666666,809.25,183.5114583333333
2017-03-31,26.63,19.66,93.5,59.6,15.84,4.919444444444444,130.0,0.686,0.10427589999999999,-2.140246,18.88,20.53,20.53,24.0,22.087500000000002,80.50750000000001,2.520960648148148,,234.33970833333333
2017-04-01,26.38,19.14,95.1,52.92,20.23,7.730555555555555,134.0,5.944,-0.10955329999999999,-2.200462,18.22,20.96,20.96,24.0,21.875,82.06125,2.965451388888889,,207.6410833333333
2017-04-02,26.77,18.67,94.8,56.4,17.93,9.088888888888889,133.0,6.401,0.3393583,-1.55435,18.78,20.08,20.08,24.0,21.7375,90.40666666666668,2.202337962962963,,158.00216666666668
2017-04-03,26.49,19.27,95.3,69.97,13.64,5.611111111111111,223.0,7.315,-0.17118809999999998,-1.786433,20.49,21.49,21.49,24.0,23.26291666666667,86.80583333333334,1.929490740740741,,247.25745833333335
2017-04-04,28.04,20.75,95.4,65.11,21.35,6.2,91.0,1.3719999999999999,0.5249062,-1.618622,21.17,22.26,22.26,24.0,24.198333333333334,84.69583333333334,1.8984722222222221,,243.08070833333332
2017-04-05,28.52,21.16,95.4,66.71,20.99,8.438888888888888,79.0,0.229,0.6236843999999999,-1.639062,21.95,24.49,24.49,24.0,24.18958333333333,89.2,1.1527662037037036,,64.584875
2017-04-06,26.73,22.76,95.6,79.62,5.5760000000000005,4.1305555555555555,116.0,4.115,0.8147972,-0.7973876,22.16,22.89,22.89,24.0,22.902083333333334,92.47083333333335,1.5922453703703703,802.0,50.630291666666665
2017-04-07,24.13,21.68,96.2,82.9,4.372,5.688888888888889,210.0,8.92,0.8161847999999999,-1.5410059999999999,20.31,22.41,22.41,24.0,21.89916666666667,92.00833333333333,1.9858449074074074,806.0,39.3985
2017-04-08,23.9,20.58,96.7,85.5,3.402,4.438888888888889,324.0,12.57,0.1963415,-1.263265,21.37,21.96,21.96,24.0,22.8025,95.94166666666666,1.889988425925926,816.8695652173913,50.018
2017-04-09,24.34,21.76,97.3,94.0,4.318,7.838888888888889,81.0,45.34,0.27417779999999997,-1.5675400000000002,22.63,23.15,23.15,24.0,24.687083333333334,90.77499999999999,1.8222569444444445,819.3,174.87733333333333
2017-04-10,28.25,22.68,97.0,74.99,15.1,6.15,98.0,3.683,0.08149195000000001,-2.101249,22.79,23.49,23.49,24.0,25.601249999999997,89.27541666666667,2.0968055555555556,804.5,215.01516666666666
2017-04-11,29.42,23.05,96.6,73.77,18.57,6.949999999999999,69.0,4.572,0.1294374,-2.293943,23.7,24.83,24.83,24.0,25.947916666666668,86.6675,1.8992476851851852,,204.175375
2017-04-12,31.21,22.63,95.7,67.36,17.64,9.280555555555555,164.0,28.3,0.7203366999999999,-2.510754,20.95,23.07,23.07,24.0,23.435833333333335,71.53958333333334,2.461539351851852,805.0,210.5869583333333
2017-04-13,26.87,21.1,88.4,52.72,18.18,6.499999999999999,126.0,0.229,1.3624779999999999,-1.141975,16.23,21.63,21.63,24.0,21.885416666666668,77.11833333333333,1.6449652777777777,804.0,133.72995833333331
2017-04-14,24.7,19.96,90.7,62.02,11.55,4.580555555555555,229.0,0.0,1.280025,-0.6772714,18.69,20.7,20.7,24.0,22.93875,80.07958333333333,1.8188773148148147,816.375,243.72908333333336
2017-04-15,27.65,19.02,92.1,61.43,21.04,7.611111111111111,75.0,0.229,1.064195,-1.8190520000000001,20.15,22.55,22.55,24.0,24.349166666666665,81.66791666666667,1.6956597222222223,,248.52291666666667
2017-04-16,28.55,20.48,93.6,64.95,21.46,6.580555555555556,66.0,0.0,-0.09188604,-1.90556,22.06,23.63,23.63,24.0,24.09375,88.11791666666666,2.1927893518518515,801.0,117.98454166666666
2017-04-17,28.08,21.29,95.0,71.59,10.19,8.780555555555555,161.0,7.5440000000000005,-0.2229536,-1.749202,19.96,21.61,21.61,24.0,21.66875,86.99874999999999,2.299050925925926,811.1111111111111,80.22491666666666
2017-04-18,25.13,19.63,93.4,73.76,6.926,7.719444444444444,140.0,3.2,-0.2214484,-1.5634100000000002,18.62,19.72,19.72,24.0,21.768333333333334,83.7325,1.9438541666666664,821.7272727272727,130.15229166666668
2017-04-19,25.52,19.55,93.4,69.32,11.24,6.280555555555555,74.0,0.914,-0.2680454,-1.456826,18.76,19.93,19.93,24.0,21.884583333333335,82.96,1.9151967592592591,815.2222222222222,232.035125
2017-04-20,26.12,19.15,94.0,59.36,20.04,6.85,77.0,6.401,-0.442748,-1.588235,18.9,20.55,20.55,24.0,23.15833333333333,82.65666666666667,1.5899999999999999,810.0,188.99654166666667
2017-04-21,28.06,19.7,94.5,60.37,16.32,6.019444444444445,80.0,3.429,-0.6305297999999999,-1.920732,20.72,23.81,23.81,24.0,24.047916666666666,86.67291666666667,1.2526967592592593,,121.72870833333333
2017-04-22,28.6,21.41,93.8,73.11,10.51,5.688888888888889,316.0,7.087,-0.5411438,-2.051755,20.08,21.49,21.49,24.0,21.875416666666666,79.53416666666666,1.693159722222222,,99.30720833333334
2017-04-23,25.43,19.19,93.5,56.17,8.57,6.238888888888889,339.0,2.743,-0.08123659999999999,-1.574906,16.72,19.77,19.77,24.0,21.43166666666667,76.61541666666666,1.983958333333333,,209.006125
2017-04-24,25.8,17.01,90.3,58.27,18.04,5.980555555555556,111.0,0.0,-0.07216096,-1.8883519999999998,18.31,20.77,20.77,24.0,22.553749999999997,81.89666666666666,1.5940046296296295,,163.20275
2017-04-25,27.66,19.65,92.9,62.09,14.09,4.8388888888888895,84.0,0.686,0.05331826,-2.048265,20.32,22.51,22.51,24.0,23.743333333333336,82.81333333333333,1.687175925925926,,113.66416666666667
2017-04-26,26.39,21.29,90.5,71.8,9.81,7.05,87.0,0.0,0.0169909,-2.16916,21.27,23.84,23.84,24.0,23.362916666666667,79.50500000000001,1.7690277777777776,,56.24545833333334
2017-04-27,25.97,19.22,94.8,60.78,4.856,22.694444444444446,238.0,14.43,-0.1066139,-2.192872,13.43,20.85,20.85,24.0,19.294166666666666,60.395,3.6458101851851854,,265.5325833333333
2017-04-28,24.72,15.21,85.8,34.53,22.93,10.669444444444443,240.0,0.0,1.5111729999999999,-1.81784,12.66,16.04,16.04,24.0,17.933333333333334,74.30375,2.208287037037037,,250.008
2017-04-29,23.72,12.81,89.1,53.62,21.59,5.3500000000000005,77.0,0.0,1.5780349999999999,-0.49767399999999995,14.34,16.18,16.18,24.0,18.686666666666667,75.69708333333334,1.8987847222222223,,246.60416666666666
2017-04-30,24.7,14.15,91.1,49.8,21.29,5.0,72.0,0.0,1.3255270000000001,-0.7839961999999999,14.55,17.25,17.25,24.0,19.341666666666665,78.73875,1.9167824074074076,,224.526625
2017-05-01,25.01,14.85,90.5,56.09,19.39,5.969444444444444,77.0,0.0,1.103359,-0.8036051,16.85,19.01,19.01,24.0,19.867083333333333,88.14458333333333,1.4330555555555555,,60.711999999999996
2017-05-02,21.8,17.89,94.1,79.35,5.241,3.3611111111111107,219.0,0.229,0.8574223999999999,-0.7553582999999999,18.9,19.85,19.85,24.0,20.954166666666666,89.03166666666668,1.7900578703703705,,129.84145833333335
2017-05-03,24.54,19.13,94.1,74.73,11.21,6.361111111111111,99.0,4.343,0.7257118,-0.6308825,19.48,20.68,20.68,24.0,22.036666666666665,84.89,1.7723148148148147,,203.12879166666667
2017-05-04,26.53,19.5,95.1,61.01,17.54,5.8694444444444445,79.0,0.0,0.6516633,-0.6042638,19.07,20.13,20.13,24.0,21.460833333333337,89.12,1.0175810185185186,,102.60354166666666
2017-05-05,25.72,18.77,95.5,71.17,8.86,4.069444444444445,219.0,2.515,0.6137228,-0.6829853,19.89,20.8,20.8,24.0,22.655,87.28041666666667,1.698738425925926,,157.43720833333333
2017-05-06,27.36,19.92,95.0,67.93,13.59,5.530555555555556,120.0,2.515,0.9507407999999999,-0.2547327,20.27,22.37,22.37,24.0,22.59583333333333,84.01208333333334,1.4787847222222223,,160.11525
2017-05-07,26.73,19.95,93.8,63.09,13.82,5.219444444444444,96.0,0.0,1.025158,-0.4412973,19.63,20.91,20.91,24.0,22.354166666666668,86.83083333333333,1.2913310185185185,,133.10795833333333
2017-05-08,26.58,20.3,94.6,63.8,11.49,5.080555555555555,100.0,0.686,0.9170532,-0.765328,19.67,20.82,20.82,24.0,22.159583333333334,86.41083333333334,1.7675578703703703,,190.15708333333336
2017-05-09,26.13,19.99,95.0,69.82,16.42,6.688888888888888,73.0,2.515,1.116193,-0.7562825999999999,18.82,20.0,20.0,24.0,22.3775,82.01666666666667,1.8725578703703702,,170.3479583333333
2017-05-10,29.2,18.37,94.7,60.46,14.71,7.6,124.0,0.0,0.8121333,-1.262068,19.17,22.21,22.21,24.0,21.87375,79.84875000000001,1.5232638888888888,,51.97141666666667
2017-05-11,23.3,20.47,86.8,69.51,4.487,4.538888888888889,118.0,0.0,1.23634,-0.7024701999999999,17.04,20.52,20.52,24.0,20.167916666666667,75.61375,1.7363194444444445,,73.50720833333334
2017-05-12,21.79,18.36,86.9,65.89,1.521,4.180555555555555,93.0,0.0,1.180307,,16.15,18.51,18.51,24.0,20.776666666666667,80.06291666666667,1.6953703703703704,,175.27858333333333
2017-05-13,25.2,17.99,88.3,65.83,15.13,6.980555555555555,87.0,0.0,1.0699589999999999,-0.9002049,17.35,21.04,21.04,24.0,22.186666666666667,81.08791666666666,1.9335532407407408,,213.37204166666666
2017-05-14,25.93,18.47,91.7,63.6,18.42,7.480555555555555,70.0,0.229,0.8454587,-1.218075,19.96,21.58,21.58,24.0,23.59875,70.43208333333332,3.8496527777777776,,224.344375
2017-05-15,27.74,19.64,95.0,49.49,19.37,13.838888888888889,257.0,3.2,1.16151,-0.909623,14.01,19.66,19.66,24.0,20.56083333333333,70.86666666666666,1.773287037037037,,224.03704166666668
2017-05-16,25.97,15.74,90.9,48.18,19.34,5.719444444444444,106.0,0.229,1.243075,-0.2885166,17.63,19.15,19.15,24.0,20.267083333333336,82.40583333333333,1.705648148148148,,175.27354166666666
2017-05-17,24.34,16.85,92.9,63.01,15.13,5.919444444444444,127.0,0.229,0.8564031,-0.50221,17.18,18.94,18.94,24.0,20.646666666666665,82.9775,1.529363425925926,,167.32245833333334
2017-05-18,24.82,18.02,93.5,61.86,14.45,6.35,57.0,1.143,0.6763163,-0.48107099999999997,17.94,19.59,19.59,24.0,20.23125,89.80333333333333,2.1383912037037036,,18.295583333333333
2017-05-19,22.08,19.01,94.1,77.01,1.58,10.15,65.0,27.71,0.6529901,-0.3766867,18.39,19.59,19.59,24.0,19.435,93.99166666666667,3.714502314814815,,24.239041666666665
2017-05-20,19.95,18.43,95.6,91.2,2.093,12.03888888888889,50.0,84.9,0.5839765,-0.8651848999999999,18.81,19.84,19.84,24.0,21.413749999999997,89.5125,3.3871643518518515,,92.62458333333332
2017-05-21,23.75,19.86,93.8,80.8,7.998,10.088888888888889,79.0,5.258,0.2864149,-1.057134,19.54,21.33,21.33,24.0,20.987083333333334,93.44583333333333,1.2613078703703704,,23.384
2017-05-22,21.72,19.82,96.0,89.6,2.019,5.8,254.0,4.115,0.2992163,-1.26605,19.52,20.18,20.18,24.0,19.750833333333333,85.09208333333333,1.4713541666666667,,80.16041666666666
2017-05-23,23.59,16.06,96.2,60.21,6.921,5.580555555555556,141.0,0.0,1.111521,-0.642681,15.54,17.05,17.05,24.0,18.684166666666666,86.36333333333334,1.398113425925926,,123.33479166666666
2017-05-24,24.65,14.4,94.5,63.67,10.65,4.061111111111111,102.0,0.0,1.11197,-0.8741372,18.04,19.13,19.13,24.0,20.703333333333333,89.36833333333334,1.5614699074074074,,96.33800000000001
2017-05-25,25.94,18.88,94.6,66.6,8.32,7.680555555555555,249.0,2.286,1.252253,-0.6909308,18.48,19.44,19.44,24.0,21.62291666666667,88.55041666666666,1.4882291666666667,,136.4913043478261
2017-05-26,23.66,21.58,91.0,80.6,,5.05,84.0,0.0,1.371519,-0.7404063,20.34,21.89,21.89,24.0,23.31458333333333,87.87791666666668,1.476087962962963,,153.50708333333333
2017-05-27,27.62,21.25,94.6,71.88,13.26,5.030555555555555,203.0,1.3719999999999999,1.157214,-1.029613,20.99,22.53,22.53,24.0,21.493750000000002,94.16250000000001,1.6436921296296296,,14.997625
2017-05-28,22.67,20.22,96.1,90.3,1.29,10.16111111111111,152.0,45.8,1.401574,-0.8201123,19.31,20.24,20.24,24.0,19.805833333333332,93.875,2.148275462962963,,29.408125
2017-05-29,20.8,19.18,95.7,89.3,2.539,9.619444444444445,164.0,12.12,1.252723,-0.6293974,19.04,19.86,19.86,24.0,21.349166666666665,91.46958333333333,1.6408333333333331,,117.22433333333333
2017-05-30,25.68,18.87,96.4,77.07,10.12,8.080555555555556,128.0,15.09,1.176421,-0.6942781,19.56,20.52,20.52,24.0,18.915833333333335,93.39583333333333,1.9200810185185186,,25.883375
2017-05-31,20.56,17.58,96.0,90.9,2.234,6.1,121.0,13.49,1.140604,-0.4554503,17.0,17.63,17.63,24.0,18.4975,95.03333333333335,2.4052314814814815,,31.506333333333334
2017-06-01,20.6,17.41,96.1,91.3,2.72,10.930555555555555,156.0,44.12,0.9333505999999999,-0.388628,17.12,17.88,17.88,24.0,20.673333333333332,71.64375,3.9032523148148144,,186.78333333333333
2017-06-02,25.84,16.87,95.6,44.81,16.13,12.649999999999999,254.0,1.143,0.8543645999999999,-0.3951068,12.43,17.37,17.37,24.0,19.250833333333333,72.82333333333334,1.2772800925925927,,190.709125
2017-06-03,25.65,14.08,89.2,48.1,16.47,5.669444444444444,95.0,0.0,0.7626836,-0.2028813,17.02,18.88,18.88,24.0,19.957083333333333,84.36333333333333,1.5135416666666666,,167.73941666666667
2017-06-04,24.7,17.53,92.6,64.19,14.48,7.3,70.0,0.0,0.7711572999999999,-0.2227402,17.18,18.41,18.41,24.0,19.54041666666667,88.92916666666667,1.3386574074074076,,100.55975000000001
2017-06-05,23.69,16.93,94.9,74.13,8.68,8.680555555555555,217.0,11.91,0.7544637,-0.45332249999999996,19.11,19.94,19.94,24.0,20.25,93.84166666666665,2.0944791666666664,,46.172666666666665
2017-06-06,22.27,19.26,95.7,86.9,3.9859999999999998,5.688888888888889,198.0,19.68,0.8031297,-0.47602809999999995,19.07,19.81,19.81,24.0,20.311666666666667,94.25416666666666,1.0721875,,27.732708333333335
2017-06-07,21.73,19.59,95.8,88.1,2.394,4.780555555555556,216.0,11.2,1.0529600000000001,-0.5764557,19.76,20.44,20.44,24.0,20.629583333333333,93.08749999999999,1.5523495370370368,,32.851333333333336
2017-06-08,21.77,20.0,96.1,85.4,2.8369999999999997,4.319444444444445,93.0,0.229,1.203775,-0.6884195,19.37,20.11,20.11,24.0,21.72,85.20583333333333,2.775636574074074,,80.67325000000001
2017-06-09,25.57,19.81,95.5,53.03,6.965,15.680555555555555,256.0,2.337,1.143099,-0.9128980999999999,16.5,21.11,21.11,24.0,18.468333333333334,74.44166666666666,3.0197453703703707,,71.53195833333334
2017-06-10,22.66,14.05,90.0,47.09,6.176,16.45,226.0,0.0,1.127715,-0.9140756999999999,5.636,14.33,14.33,24.0,14.893333333333333,63.645833333333336,2.130798611111111,,198.55629166666665
2017-06-11,22.57,9.54,88.1,38.24,17.14,7.269444444444445,257.0,0.0,1.21296,-0.6451501,9.85,11.76,11.76,24.0,15.167499999999999,80.14041666666667,1.633912037037037,,196.7119583333333
2017-06-12,21.71,10.61,93.2,54.34,16.98,5.938888888888888,79.0,0.0,1.151626,-0.7972996,12.25,13.46,13.46,24.0,16.07125,82.43041666666666,1.3910185185185184,,163.10475
2017-06-13,22.17,12.26,93.5,59.09,14.08,4.161111111111111,228.0,0.0,1.105751,-0.7450407,12.82,14.31,14.31,24.0,16.78875,85.585,1.1574074074074074,,108.48829166666667
2017-06-14,21.24,13.39,93.9,70.56,9.37,3.311111111111111,225.0,0.0,1.2446679999999999,-0.3992287,14.96,15.96,15.96,24.0,18.0075,85.88208333333334,1.5072569444444444,,149.70333333333335
2017-06-15,23.35,14.05,95.0,63.55,12.93,6.230555555555555,115.0,0.0,1.067804,-0.5103614,17.61,19.06,19.06,24.0,19.996666666666666,87.04083333333334,1.1866782407407406,,95.85475000000001
2017-06-16,23.17,17.76,93.8,69.54,8.28,4.388888888888889,89.0,0.0,0.9538395,-0.4598826,17.11,18.13,18.13,24.0,19.52,88.63791666666667,1.2400810185185185,,132.173375
2017-06-17,23.7,16.99,94.6,73.91,11.41,5.76111111111111,74.0,0.0,0.6937759,-0.6091436,16.75,17.71,17.71,24.0,19.134166666666665,89.32,1.254236111111111,,175.33875
2017-06-18,24.45,15.9,96.1,67.47,15.14,3.480555555555555,218.0,,0.6534711999999999,-0.7888639,16.65,17.39,17.39,24.0,23.460416666666664,70.58333333333333,1.9321064814814815,,180.702125
2017-06-19,33.37,16.61,95.9,33.93,15.6,6.269444444444444,318.0,,0.8645952,-0.6893600999999999,17.61,20.56,20.56,24.0,16.512916666666666,90.49166666666667,3.771134259259259,,19.263875
2017-06-20,20.68,12.84,94.0,81.3,1.663,8.919444444444444,133.0,,1.271572,-0.47630859999999997,11.8,13.27,13.27,24.0,14.0575,83.39791666666666,1.5736805555555555,,51.378458333333334
2017-06-21,16.13,14.11,87.1,68.38,0.877,3.569444444444444,318.0,,0.9284359999999999,-0.08367109,12.01,14.43,14.43,24.0,15.840000000000002,84.14583333333333,1.4781712962962963,,77.06954166666667
2017-06-22,18.97,13.99,93.8,69.38,6.654,3.8,215.0,,1.2249400000000001,-0.48806439999999995,15.0,16.07,16.07,24.0,17.819166666666668,91.34375,1.385648148148148,,86.75670833333334
2017-06-23,20.87,15.91,94.8,78.95,7.491,3.711111111111111,83.0,,1.074996,-0.686299,18.24,19.15,19.15,24.0,20.44333333333333,88.59375,1.7539814814814816,,184.71741666666665
2017-06-24,24.07,18.37,94.8,75.56,15.95,7.569444444444445,86.0,,1.049724,-0.9154644999999999,17.53,18.74,18.74,24.0,20.063333333333333,89.67875,1.458946759259259,,151.03191666666666
2017-06-25,24.77,17.33,95.6,71.55,13.04,4.95,109.0,,1.118675,-1.002476,18.31,19.27,19.27,24.0,20.472916666666666,87.76625,1.7880439814814817,,195.40516666666667
2017-06-26,23.9,17.65,94.9,75.54,16.87,7.811111111111111,77.0,,1.179007,-1.000124,16.92,17.92,17.92,24.0,18.52125,87.89291666666666,1.3994097222222222,,160.26404166666666
2017-06-27,23.17,15.46,96.5,64.61,13.84,5.788888888888889,76.0,,1.264083,-0.8083127,17.25,18.7,18.7,24.0,19.218333333333334,85.68583333333333,1.3435069444444443,,114.60908333333333
2017-06-28,23.73,15.74,94.2,66.94,9.9,5.4,221.0,,1.05899,-1.03803,16.17,17.15,17.15,24.0,19.0975,86.84416666666665,1.4999421296296296,,185.47400000000002
2017-06-29,24.51,15.6,95.7,66.76,16.01,5.169444444444444,223.0,,0.908597,-1.036056,15.48,16.72,16.72,24.0,19.240416666666665,83.02166666666666,1.3618402777777778,,171.68541666666667
2017-06-30,25.63,15.21,93.0,53.89,14.82,4.061111111111111,77.0,,0.9326774999999999,-0.7290629,17.1,18.38,18.38,24.0,20.66541666666667,80.37416666666667,1.9346990740740742,,173.48416666666665
2017-07-01,28.26,16.16,92.5,54.62,14.98,7.55,103.0,,0.7758136,-0.5884507,17.39,19.62,19.62,24.0,18.694166666666668,83.10208333333334,2.5544328703703703,,44.913833333333336
2017-07-02,20.43,16.76,94.0,71.86,3.878,7.188888888888888,116.0,,0.8079130999999999,-0.4855254,12.26,16.81,16.81,24.0,16.945,71.57041666666667,1.802685185185185,,147.90583333333333
2017-07-03,20.77,15.04,86.1,55.46,12.77,5.3,122.0,,0.839397,-0.06694674,13.26,15.62,15.62,24.0,16.24875,83.91458333333334,2.1544097222222223,,138.32375
2017-07-04,21.32,12.9,92.1,64.97,11.94,7.1499999999999995,121.0,0.914,0.5823941,-0.4244113,13.66,15.16,15.16,24.0,16.872083333333332,87.70041666666667,1.4400810185185184,,103.055
2017-07-05,21.69,14.47,94.0,68.13,8.9,4.930555555555555,79.0,1.8290000000000002,0.4669769,-0.7448184,15.06,16.02,16.02,24.0,18.49625,84.64208333333333,1.827037037037037,,174.54208333333335
2017-07-06,24.14,15.89,94.3,56.71,15.07,6.638888888888888,66.0,0.229,0.5413279999999999,-0.9440212,15.84,17.27,17.27,24.0,18.07125,87.3575,1.5222337962962964,,163.44216666666668
2017-07-07,23.43,13.91,95.8,66.98,14.11,5.038888888888889,62.0,0.0,0.6073607999999999,-1.100261,15.59,16.73,16.73,24.0,18.537499999999998,88.49833333333333,1.687511574074074,,163.85620833333334
2017-07-08,23.79,15.05,96.1,68.16,14.15,5.411111111111111,84.0,0.686,0.7676079,-1.189841,17.91,18.96,18.96,24.0,20.05875,86.6375,1.3604050925925926,,103.76604166666665
2017-07-09,24.21,18.2,93.6,65.96,8.96,5.280555555555556,303.0,0.229,0.9779502999999999,-1.118195,17.31,18.91,18.91,24.0,20.163333333333334,87.21291666666667,1.7224768518518518,,154.80195833333332
2017-07-10,24.49,17.77,94.3,66.23,13.37,6.261111111111111,65.0,0.0,0.8521242,-1.222983,17.89,19.26,19.26,24.0,20.3225,85.57041666666667,1.4582986111111111,,161.2444583333333
2017-07-11,24.75,17.45,94.8,64.5,13.92,4.719444444444444,78.0,0.0,0.9517471999999999,-1.240033,16.99,18.01,18.01,24.0,18.890833333333333,92.11208333333333,1.3643171296296295,,136.31725
2017-07-12,23.53,16.22,96.3,77.32,11.77,4.55,76.0,0.0,0.9598272,-1.085394,17.28,17.93,17.93,24.0,18.86583333333333,90.52291666666667,1.4624305555555555,,74.50395833333333
2017-07-13,22.91,16.46,96.9,69.6,6.433,4.469444444444444,79.0,0.0,1.078393,-0.9255137,16.98,18.03,18.03,24.0,19.285,85.50124999999998,1.217962962962963,,157.36612499999998
2017-07-14,23.93,16.08,94.9,61.54,13.59,7.01111111111111,87.0,0.0,0.7850486999999999,-1.074771,17.27,18.84,18.84,24.0,20.39125,82.11416666666666,1.562303240740741,,170.68879166666667
2017-07-15,24.27,16.47,92.3,63.65,14.74,6.080555555555556,73.0,0.0,0.7400975,-1.027476,17.71,20.04,20.04,24.0,20.65791666666667,85.3775,1.6454166666666667,,168.52716666666666
2017-07-16,23.99,18.66,93.6,70.62,14.55,7.469444444444444,78.0,0.0,0.7677429,-0.7868588999999999,17.52,18.66,18.66,24.0,20.28875,87.34041666666667,1.5412847222222223,,154.76116666666667
2017-07-17,27.82,16.92,96.8,58.72,13.36,4.261111111111111,68.0,0.0,0.6577947,-0.743946,16.92,19.22,19.22,24.0,15.979999999999999,87.19166666666666,4.522650462962963,,26.252708333333334
2017-07-18,20.21,8.76,93.5,81.5,2.267,9.938888888888888,135.0,2.057,1.079237,-0.632365,6.785,8.79,2.757,24.0,10.442333333333334,68.19458333333334,3.433761574074074,,215.33904166666665
2017-07-19,16.27,6.7940000000000005,88.8,35.79,18.59,10.380555555555555,207.0,1.143,1.126195,-0.107723,4.053,6.895,3.705,24.0,11.390708333333334,74.33083333333333,1.7233217592592591,,202.4249583333333
2017-07-20,18.94,5.462,90.0,46.38,17.48,4.6194444444444445,90.0,0.0,1.113411,-0.48714419999999997,9.92,12.13,12.13,24.0,15.172083333333333,81.59958333333334,1.983958333333333,,191.258
2017-07-21,20.91,11.51,92.8,63.09,16.51,6.35,70.0,0.0,0.9731841,-0.8850697999999999,13.78,15.02,15.02,24.0,16.43583333333333,86.62791666666668,1.4872685185185184,,186.2854166666667
2017-07-22,23.92,11.87,95.8,58.33,16.08,5.961111111111111,65.0,0.0,1.053411,-0.797033,14.64,15.86,15.86,24.0,16.664583333333333,83.50791666666667,1.4584722222222222,,168.00666666666666
2017-07-23,21.28,11.92,94.2,63.38,14.51,5.5888888888888895,69.0,0.0,1.300106,-0.5298212,14.83,16.55,16.55,24.0,18.160833333333333,83.61,1.6052314814814814,,205.65095833333336
2017-07-24,23.29,13.62,93.9,62.77,17.76,7.8805555555555555,65.0,0.0,1.219331,-0.7965032999999999,16.5,18.22,18.22,24.0,18.767083333333332,87.99583333333334,1.412835648148148,,198.25829166666668
2017-07-25,23.03,15.56,95.2,74.35,17.12,5.3,71.0,0.0,1.010837,-1.262144,17.53,18.29,18.29,24.0,19.557916666666667,84.09208333333333,1.640162037037037,,202.55754166666668
2017-07-26,26.44,15.44,96.7,51.83,17.49,4.188888888888889,101.0,0.0,1.122427,-1.242569,15.31,16.61,16.61,24.0,19.210833333333333,85.30916666666667,1.6744675925925925,,210.96645833333332
2017-07-27,26.32,14.76,94.3,58.66,18.21,6.280555555555555,86.0,0.0,1.107738,-0.9904162,17.23,18.41,18.41,24.0,19.95625,84.08958333333334,1.7799421296296296,,191.66145833333334
2017-07-28,24.63,17.48,93.6,59.19,16.55,6.988888888888889,60.0,0.0,0.8433594999999999,-1.208037,17.08,18.14,18.14,24.0,19.8025,85.79416666666667,1.7851157407407408,,173.613375
2017-07-29,24.1,16.88,95.8,63.56,14.99,6.888888888888889,67.0,0.0,0.5559132,-1.199815,15.99,17.59,17.59,24.0,20.002916666666668,83.74541666666666,1.8858564814814816,,196.10979166666667
2017-07-30,24.85,16.95,93.7,64.09,16.93,6.319444444444445,79.0,0.0,0.3623316,-1.195431,17.05,18.81,18.81,24.0,20.466666666666665,84.03041666666667,1.5546643518518517,,197.41866666666667
2017-07-31,25.63,17.42,94.8,60.58,17.04,5.838888888888889,84.0,0.0,0.2859943,-1.1280649999999999,16.74,17.8,17.8,24.0,19.777083333333334,87.59875,1.4561342592592592,,172.91941666666665
2017-08-01,25.25,16.89,94.6,67.54,14.93,5.469444444444445,78.0,0.0,0.51595,-0.6329135,17.53,18.5,18.5,24.0,20.339583333333334,85.24374999999999,1.4753125,,146.15441666666666
2017-08-02,25.37,17.73,94.9,55.86,12.62,4.611111111111112,93.0,0.0,0.6771183,-0.3182044,16.81,20.58,20.58,24.0,22.594166666666666,65.24666666666667,2.0211805555555555,,199.08941666666666
2017-08-03,28.74,18.64,92.5,32.76,17.19,5.6611111111111105,325.0,1.6,0.7660613,-0.3084364,18.52,19.75,19.75,24.0,20.343333333333334,82.00041666666667,2.49875,,166.34437499999999
2017-08-04,24.61,17.08,94.7,53.67,14.36,11.619444444444444,231.0,10.52,0.8591114999999999,-0.4408298,14.48,17.44,17.44,24.0,18.293333333333333,71.98916666666666,2.644675925925926,,217.50720833333332
2017-08-05,23.22,15.08,88.7,47.34,18.78,7.280555555555556,241.0,0.0,1.110915,-0.6022526,12.38,17.69,17.69,24.0,18.694583333333334,67.90875,1.9672453703703703,,195.49062500000002
2017-08-06,22.98,15.72,85.9,45.63,16.88,6.2,113.0,0.0,0.9749892,-0.9627127999999999,13.8,17.31,17.31,24.0,18.728333333333335,74.39708333333333,1.6513657407407407,,151.91183333333333
2017-08-07,22.73,16.1,86.3,49.37,13.12,6.038888888888888,78.0,0.0,1.022249,-1.052544,14.73,18.32,18.32,24.0,18.710416666666667,76.32916666666667,2.160671296296296,,198.68254166666668
2017-08-08,24.26,13.48,91.2,56.06,17.15,9.330555555555556,77.0,,0.9452533999999999,-1.329119,15.22,16.79,16.79,24.0,19.02375,85.42333333333333,1.9059606481481481,,193.75312499999998
2017-08-09,26.09,14.85,93.5,60.69,16.73,9.580555555555556,161.0,,1.09901,-1.320528,16.95,18.15,18.15,24.0,20.585416666666667,81.76125,2.259548611111111,,215.12179166666667
2017-08-10,28.05,17.2,95.2,49.66,18.57,8.511111111111111,133.0,,1.316053,-1.139665,16.24,18.83,18.83,24.0,18.932083333333335,81.84958333333334,1.8466319444444446,,86.63208333333334
2017-08-11,21.6,17.53,89.5,65.87,7.48,5.3,114.0,0.0,1.208205,-0.7954853,15.53,17.53,17.53,24.0,17.7025,91.41250000000001,2.1422685185185184,,71.992125
2017-08-12,19.14,16.07,94.6,85.5,6.216,9.2,82.0,2.286,0.6766445999999999,-1.433918,16.32,17.99,17.99,24.0,19.171666666666667,87.3125,1.7117824074074075,,50.95258333333334
2017-08-13,21.13,17.56,94.5,79.19,4.4,5.8999999999999995,55.0,1.6,0.28749749999999996,-1.52733,17.32,20.26,20.26,24.0,20.2725,88.90125,1.702962962962963,,69.29625
2017-08-14,22.87,19.12,95.1,78.73,5.983,8.380555555555556,265.0,5.258,0.19061519999999998,-1.433166,18.51,19.31,19.31,24.0,20.22875,76.69625,3.130914351851852,,254.77058333333332
2017-08-15,25.29,15.73,95.1,47.94,22.0,8.930555555555555,270.0,0.229,0.6547348,-1.067659,16.08,18.95,18.95,24.0,17.84625,89.24583333333334,1.5068402777777778,,36.641416666666665
2017-08-16,18.94,16.82,94.1,81.8,3.164,5.280555555555556,108.0,2.057,0.8949923999999999,-0.5407461,16.01,17.3,17.3,24.0,18.594583333333333,86.32416666666667,1.370451388888889,,114.965875
2017-08-17,22.51,16.71,93.2,73.0,9.93,4.769444444444445,67.0,0.0,0.6133173,-0.9550727999999999,15.99,17.08,17.08,24.0,18.121666666666666,88.37958333333334,1.5298958333333335,,51.736875
2017-08-18,20.8,16.4,94.1,75.46,4.467,3.8111111111111113,216.0,0.0,0.8623280999999999,-0.7756214,16.14,17.41,17.41,24.0,18.39375,85.21291666666667,1.5528240740740742,,146.689
2017-08-19,22.43,14.94,95.7,68.73,12.67,7.138888888888888,73.0,0.0,1.037824,-0.9074559,16.09,19.31,19.31,24.0,19.589166666666667,88.675,1.370648148148148,,55.572375
2017-08-20,21.32,18.04,94.7,80.9,4.8,5.211111111111111,258.0,2.286,0.9428989999999999,-0.9514285,18.14,19.72,19.72,24.0,17.89375,92.425,2.0796180555555552,,26.758458333333333
2017-08-21,21.19,14.31,94.8,82.5,2.309,16.66111111111111,225.0,25.22,1.212538,-0.7304739,13.43,14.59,14.59,24.0,15.187083333333334,71.72,2.64650462962963,,272.2257916666667
2017-08-22,19.05,11.01,93.2,49.47,23.5,7.638888888888888,96.0,0.0,1.500729,-0.4740454,10.47,12.76,12.76,24.0,14.937083333333334,84.045,1.553923611111111,,118.55933333333333
2017-08-23,18.86,11.15,91.1,70.54,10.24,4.05,27.0,0.0,1.371014,-0.7844356,15.39,17.5,17.5,24.0,19.385833333333334,83.46416666666667,1.8310185185185184,,154.56054166666667
2017-08-24,22.97,16.9,92.6,67.43,13.35,7.588888888888889,72.0,0.229,0.9336836,-1.455751,16.8,19.29,19.29,24.0,20.056250000000002,82.79708333333333,2.0915393518518517,,221.01604166666667
2017-08-25,23.83,16.18,94.0,66.12,19.08,8.311111111111112,80.0,0.0,0.6856976,-1.66571,16.61,19.67,19.67,24.0,19.74083333333333,83.20583333333333,2.0630439814814814,,139.35533333333333
2017-08-26,23.74,16.95,91.2,70.2,12.03,7.980555555555555,71.0,0.229,0.6426194,-1.55992,16.54,19.81,19.81,24.0,20.076666666666664,81.95958333333333,1.7941435185185186,,191.40583333333333
2017-08-27,24.11,16.08,93.8,63.65,16.53,7.1499999999999995,81.0,0.0,0.4639449,-1.3962400000000001,17.77,19.97,19.97,24.0,20.405416666666667,85.67166666666667,1.2195138888888888,,62.073625
2017-08-28,22.1,19.28,91.5,76.9,5.36,4.088888888888889,72.0,0.0,0.4858551,-1.187196,17.95,19.75,19.75,24.0,20.995416666666667,82.845,1.837673611111111,,185.688
2017-08-29,24.39,19.08,91.7,67.8,16.03,6.8694444444444445,60.0,0.0,0.6347195999999999,-0.9387034999999999,16.86,19.24,19.24,24.0,20.83875,82.645,1.7798495370370369,,258.444
2017-08-30,25.22,17.55,94.1,62.71,22.32,7.988888888888889,75.0,0.0,0.4526823,-0.7075173,17.52,18.94,18.94,24.0,20.792916666666667,86.96,2.7143981481481485,,230.37129166666668
2017-08-31,28.85,17.91,95.6,67.18,19.89,10.369444444444444,152.0,0.0,0.5526481,-0.724596,14.16,19.56,19.56,24.0,19.30333333333333,76.39625,2.383159722222222,,107.41275
2017-09-01,22.72,17.11,92.9,60.99,9.27,8.11111111111111,112.0,0.457,0.8922960999999999,-0.05937982,17.17,18.33,18.33,24.0,19.7925,79.69791666666667,1.7765162037037037,,98.707375
2017-09-02,22.08,17.88,93.1,64.78,8.52,7.3,73.0,0.457,0.8566849,-0.566947,16.83,18.87,18.87,24.0,20.175416666666667,78.33624999999999,1.4456944444444444,,91.06466666666667
2017-09-03,23.55,17.17,89.7,63.58,7.862,5.688888888888889,22.0,0.0,0.5217221,-1.077083,15.31,17.31,17.31,24.0,20.027916666666666,81.00291666666666,1.8608912037037035,,209.387125
2017-09-04,24.3,17.04,89.1,62.63,18.08,7.161111111111111,85.0,0.0,0.30655099999999996,-1.624063,17.69,20.4,20.4,24.0,21.31125,81.67666666666666,1.9306828703703702,,260.3724583333333
2017-09-05,24.97,18.93,93.0,65.39,22.48,8.85,64.0,0.0,0.6823173,-1.550189,18.6,19.84,19.84,24.0,21.14375,85.42333333333333,2.4441319444444445,,218.43504166666665
2017-09-06,27.23,18.41,95.9,64.73,18.86,9.1,128.0,0.0,1.0513379999999999,-1.311881,15.98,19.28,19.28,24.0,20.020416666666666,82.63083333333334,1.6393171296296296,,81.22183333333334
2017-09-07,22.78,17.4,92.7,71.82,7.013,5.1611111111111105,113.0,0.0,1.312509,-1.011708,18.1,19.43,19.43,24.0,21.574583333333333,81.88458333333334,2.3794097222222224,,272.9134583333333
2017-09-08,25.47,18.8,92.8,66.31,23.56,9.16111111111111,86.0,0.0,1.226529,-1.172754,18.44,20.78,20.78,24.0,21.70125,81.41125,2.1571412037037034,,219.91866666666667
2017-09-09,25.99,19.73,91.5,64.27,18.99,7.638888888888888,81.0,0.0,0.8952179,-1.432271,18.29,20.82,20.82,24.0,21.505416666666665,84.53416666666666,1.9327314814814816,,165.945875
2017-09-10,25.33,19.54,94.0,68.83,14.33,5.838888888888889,90.0,0.0,1.068192,-1.126704,18.57,20.02,20.02,24.0,21.88291666666667,81.06791666666666,1.9528935185185186,,204.63479166666664
2017-09-11,26.21,19.64,91.4,61.0,17.67,7.630555555555555,81.0,0.0,0.9124829999999999,-1.205298,18.83,21.3,21.3,24.0,23.34125,80.56958333333334,1.6532060185185184,,192.90958333333333
2017-09-12,29.52,20.8,90.9,56.89,16.66,6.819444444444445,76.0,0.0,0.5430349999999999,-1.071635,19.35,20.97,20.97,24.0,22.000416666666666,87.03833333333334,2.593113425925926,,118.76820833333333
2017-09-13,25.13,19.96,94.1,72.79,10.25,6.788888888888889,99.0,0.0,0.5868000999999999,-0.6829257,19.39,20.87,20.87,24.0,22.2675,83.82916666666667,2.299421296296296,,219.972125
2017-09-14,26.64,20.11,93.8,64.7,18.99,7.911111111111111,84.0,0.0,0.7729123,-0.6337186,18.97,21.69,21.69,24.0,23.516666666666666,82.96583333333334,2.0613425925925926,,262.66745833333334
2017-09-15,27.23,21.39,93.7,72.33,22.68,7.361111111111111,79.0,0.0,0.7402426999999999,-0.8247565,20.61,21.81,21.81,24.0,23.434166666666666,81.75041666666667,3.0256018518518517,,257.84654166666667
2017-09-16,28.1,20.43,93.0,64.85,22.26,11.788888888888888,135.0,0.0,0.8078046,-1.069795,19.39,20.92,20.92,24.0,22.680833333333336,84.09791666666666,1.9949421296296297,,148.99645833333332
2017-09-17,27.23,20.62,92.2,63.83,12.87,5.361111111111112,97.0,0.229,1.007154,-1.689225,19.98,22.06,22.06,24.0,21.426666666666666,88.45416666666667,2.3531134259259257,,52.961958333333335
2017-09-18,23.94,20.19,95.1,81.5,4.573,7.111111111111112,134.0,0.914,1.07524,-0.5567059999999999,17.29,20.22,20.22,24.0,21.13375,80.52041666666666,1.5949537037037036,,95.254
2017-09-19,23.8,20.03,92.3,70.52,8.22,4.080555555555556,107.0,0.0,1.178753,-0.6150547,18.86,20.12,20.12,24.0,21.93375,85.045,2.005173611111111,,128.54529166666666
2017-09-20,24.9,19.89,93.1,70.75,11.1,5.780555555555555,83.0,0.0,1.338058,-0.9252166,19.72,22.23,22.23,24.0,23.08125,80.86541666666666,2.467708333333333,,252.672
2017-09-21,26.48,20.92,91.8,64.12,21.81,7.888888888888888,65.0,,1.260621,-1.211232,18.93,21.67,21.67,24.0,22.960833333333337,80.21249999999999,2.1227314814814817,,283.94599999999997
2017-09-22,27.54,19.67,91.5,58.03,24.52,7.561111111111111,61.0,0.0,1.062572,-1.445723,19.63,22.38,22.38,24.0,23.877916666666668,82.19041666666666,2.1392824074074075,,262.903875
2017-09-23,27.65,21.34,90.6,66.8,22.7,7.980555555555555,76.0,0.0,1.062308,-1.417796,21.6,23.76,23.76,24.0,23.482916666666668,81.38791666666667,2.5696875,,126.79820833333333
2017-09-24,27.08,21.23,91.4,65.08,10.95,8.080555555555556,109.0,0.0,1.208839,-0.9258012,18.0,21.33,21.33,24.0,21.580416666666665,83.90458333333333,2.3728935185185183,,48.66708333333333
2017-09-25,23.19,20.68,91.1,75.24,4.203,5.75,119.0,1.6,0.9863632,-0.9850021999999999,18.71,21.51,21.51,24.0,23.312083333333334,79.665,2.501898148148148,,286.0359583333333
2017-09-26,27.48,20.24,90.5,57.89,24.7,7.430555555555555,84.0,0.686,0.5643978,-2.852501,18.16,20.25,20.25,24.0,22.6575,79.20583333333333,2.0591550925925923,,256.54429166666665
2017-09-27,27.22,19.52,92.0,57.23,22.15,7.219444444444444,79.0,0.0,0.1202748,-2.077432,18.86,21.24,21.24,24.0,24.18375,74.86541666666666,2.0419097222222224,,285.55604166666666
2017-09-28,30.08,20.15,89.1,52.07,24.65,8.03888888888889,104.0,0.0,0.5064132,-0.9970979999999999,19.61,22.95,22.95,24.0,21.614166666666666,84.80458333333333,2.2130787037037036,,41.363875
2017-09-29,23.75,19.09,92.6,72.54,3.571,7.019444444444444,100.0,4.343,0.7392158999999999,-0.37463949999999996,17.75,19.09,19.09,24.0,19.22375,92.71666666666665,2.6574537037037036,,60.297333333333334
2017-09-30,20.21,20.17,94.9,94.8,0.0,3.5194444444444444,83.0,0.686,0.5039785,0.4845171,19.34,20.19,20.19,23.0,21.94086956521739,86.11173913043478,3.185893719806763,,172.52200000000002
2017-10-01,27.02,19.29,96.3,63.61,14.07,10.638888888888888,195.0,13.72,0.6005657,-0.6027612999999999,19.45,20.93,20.93,24.0,25.16333333333333,74.56791666666666,2.1028935185185182,,304.55
2017-10-02,32.34,18.91,94.3,44.65,26.3,9.16111111111111,81.0,0.0,0.7371826,-3.503989,21.49,25.83,25.83,24.0,23.664166666666663,73.865,2.6895949074074075,,111.05766666666666
2017-10-03,27.6,19.74,91.5,52.55,9.59,15.280555555555555,256.0,1.143,0.8622229,-0.9540544999999999,17.04,20.13,20.13,24.0,22.269166666666667,56.47208333333333,2.874201388888889,,301.0638333333333
2017-10-04,28.38,17.44,86.3,27.19,25.99,11.011111111111111,235.0,0.457,1.061228,-1.0640290000000001,15.09,19.64,19.64,24.0,20.699583333333333,68.12,2.3364351851851852,,355.40787500000005
2017-10-05,26.46,14.19,86.4,45.19,30.69,8.761111111111111,78.0,0.0,1.169717,-3.0807539999999998,15.22,18.39,18.39,24.0,21.055,77.74166666666666,2.3780555555555556,,306.28266666666667
2017-10-06,25.95,16.52,89.0,58.95,26.44,9.080555555555554,76.0,0.0,0.9960783,-2.702927,18.34,20.24,20.24,24.0,22.228333333333335,87.21249999999999,1.9042824074074074,,214.04066666666665
2017-10-07,28.24,19.04,96.1,65.76,18.48,7.6611111111111105,322.0,19.33,-0.7991408999999999,-4.932096,20.45,21.09,21.09,24.0,20.592916666666667,93.44583333333333,2.838912037037037,,60.40254166666667
2017-10-08,23.37,18.0,96.2,86.0,5.215,11.180555555555555,140.0,17.37,-0.9519892999999999,-3.855213,17.4,18.05,18.05,24.0,19.227083333333333,94.39583333333333,2.890451388888889,,62.84345833333333
2017-10-09,21.08,17.89,96.6,86.8,5.426,7.269444444444445,242.0,23.55,1.050733,-3.058303,19.13,19.8,19.8,24.0,22.200833333333335,89.43708333333335,1.658252314814815,,140.05979166666665
2017-10-10,26.4,19.7,96.2,69.46,12.09,5.519444444444445,254.0,0.229,0.9802021999999999,-7.758523,19.89,21.05,21.05,24.0,22.094166666666666,90.53666666666668,1.381724537037037,,99.98704166666666
2017-10-11,26.57,19.27,97.2,73.65,8.63,6.65,239.0,0.457,-2.050446,-8.093482,19.83,22.16,22.16,24.0,23.560000000000002,84.35375,2.7566782407407406,,249.807875
2017-10-12,31.48,19.8,95.5,53.25,21.57,12.230555555555556,128.0,0.0,0.5976424,-3.67375,20.13,21.38,21.38,24.0,23.172916666666666,86.995,2.4880324074074074,,235.54825000000002
2017-10-13,28.29,20.28,94.3,69.75,20.34,11.03888888888889,139.0,0.0,0.5134089,-4.639358,20.86,22.03,22.03,24.0,23.785833333333333,87.46249999999999,2.325509259259259,,256.83566666666667
2017-10-14,29.28,21.0,95.5,68.64,22.18,7.95,72.0,0.457,0.47827719999999996,-2.725569,21.52,22.47,22.47,24.0,21.33791666666667,89.66666666666667,2.798240740740741,,55.304458333333336
2017-10-15,23.97,18.3,94.6,78.98,4.779,9.68888888888889,126.0,0.0,0.9074745,-0.9203809,16.65,18.74,18.74,24.0,18.949166666666667,87.77958333333333,1.9177083333333333,,97.03508333333333
2017-10-16,21.63,17.35,94.7,73.22,8.37,8.95,109.0,0.0,0.9529381,-0.5778898,16.59,18.55,18.55,24.0,20.798750000000002,79.6225,2.047534722222222,,162.829125
2017-10-17,23.58,18.41,90.3,70.13,14.06,9.488888888888887,69.0,0.0,0.9487011,-0.658524,17.54,21.12,21.12,24.0,22.020416666666666,82.015,1.7358101851851853,,102.60045833333334
2017-10-18,24.34,20.0,88.9,67.94,8.86,6.461111111111111,79.0,0.0,0.8728867,-0.9587498999999999,19.62,21.68,21.68,24.0,24.24208333333333,79.59833333333334,2.14875,,321.46025000000003
2017-10-19,29.23,21.14,91.2,58.94,27.76,8.95,81.0,0.0,0.8453369,-1.378762,21.48,24.05,24.05,24.0,24.30125,84.91666666666667,2.1473032407407406,,124.47133333333333
2017-10-20,29.12,21.33,90.1,71.73,10.75,9.938888888888888,143.0,0.0,1.012844,-1.218842,17.5,21.71,21.71,24.0,21.714166666666667,77.87666666666667,1.706099537037037,,60.629875
2017-10-21,23.38,20.52,90.5,69.6,5.234,6.3,125.0,0.0,1.223293,-4.5991409999999995,18.84,20.65,20.65,19.0,21.517894736842106,89.11052631578947,1.6887865497076022,,76.8678947368421
2017-10-22,,,,,,,,,,,,,,18.0,21.088333333333335,81.05444444444444,3.343935185185185,,214.95683333333332
2017-10-23,26.22,16.03,93.3,64.36,13.64,8.511111111111111,114.0,0.0,0.9389554999999999,-1.139292,15.25,16.34,16.34,23.0,18.121739130434783,76.41478260869565,1.701038647342995,,104.23960869565217
2017-10-24,17.7,17.56,82.8,82.4,0.0,1.35,341.0,0.0,0.050179720000000004,0.04558897,14.67,17.7,17.7,20.0,20.2725,76.64450000000001,2.009236111111111,,243.49575
2017-10-25,24.01,17.55,86.4,63.71,17.18,7.061111111111112,86.0,0.0,0.7899708999999999,-0.9576321,17.23,20.04,20.04,24.0,20.173333333333336,91.24583333333334,1.7338773148148148,,53.65091666666667
2017-10-26,22.57,18.83,94.3,81.5,4.632,7.088888888888889,233.0,0.0,0.3037777,-1.078257,18.97,19.9,19.9,23.0,23.08521739130435,83.36608695652174,1.6503019323671497,,253.4961304347826
2017-10-27,28.63,18.89,95.6,62.17,20.49,6.730555555555555,76.0,0.0,0.45806189999999997,-0.7755612,20.99,22.93,22.93,24.0,24.217916666666667,78.6025,2.1982523148148148,,173.490625
2017-10-28,28.01,20.67,95.0,53.77,14.98,10.93888888888889,274.0,0.0,0.5937456999999999,-0.5350184,17.34,26.35,26.35,24.0,26.751666666666665,60.67666666666667,4.836493055555556,,394.57375
2017-10-29,35.01,21.19,86.4,33.33,34.07,13.938888888888888,267.0,0.0,0.7409188999999999,-0.3745748,17.54,21.59,21.59,24.0,22.1125,82.13875,2.2902893518518517,,144.25491666666667
2017-10-30,25.5,19.62,93.7,66.83,12.46,7.069444444444444,113.0,0.0,0.7200506,-0.49919739999999996,19.83,20.91,20.91,24.0,22.846249999999998,84.29583333333333,2.2943402777777777,,167.19508333333334
2017-10-31,27.22,20.0,93.9,63.66,14.44,9.469444444444445,217.0,0.0,0.7276108,-0.8851082,20.88,22.47,22.47,24.0,23.139166666666668,75.70916666666666,3.486446759259259,,245.5823333333333
2017-11-01,26.74,20.66,92.5,59.04,21.21,11.030555555555555,110.0,0.0,0.9962013,-0.9273336,13.61,20.66,20.66,24.0,22.114583333333332,61.79291666666666,2.547060185185185,,401.425
2017-11-02,25.82,18.48,84.4,43.3,34.66,7.430555555555555,78.0,0.0,1.142693,-0.7894515,16.21,19.22,19.22,24.0,21.689166666666665,72.65208333333334,2.66630787037037,,361.75333333333333
2017-11-03,25.81,17.09,88.4,56.68,31.24,9.880555555555555,79.0,0.0,1.197614,-0.9637667999999999,16.17,21.29,21.29,24.0,22.10375,76.30541666666666,1.8035532407407409,,107.50966666666666
2017-11-04,25.62,19.25,88.1,61.56,9.28,7.749999999999999,216.0,0.0,1.203353,-1.2976779999999999,18.19,20.54,20.54,24.0,20.95,88.58999999999999,1.909826388888889,,88.14437500000001
2017-11-05,24.35,19.44,96.1,73.29,7.61,11.36111111111111,221.0,0.0,1.033786,-1.141134,19.7,20.96,20.96,24.0,21.595416666666665,77.64666666666666,2.1113194444444443,,104.67158333333333
2017-11-06,24.55,18.59,92.4,60.74,9.04,7.1305555555555555,94.0,0.0,1.554798,-0.7241576,16.99,18.66,18.66,24.0,19.662499999999998,84.95625,1.9313773148148148,,88.62954166666667
2017-11-07,22.47,18.18,92.8,69.94,7.652,4.888888888888889,120.0,0.0,1.281036,-0.9846225999999999,16.94,18.32,18.32,24.0,20.536666666666665,81.83333333333333,1.9729166666666667,,165.487125
2017-11-08,24.45,17.64,95.5,61.99,14.29,5.730555555555555,71.0,0.0,1.11966,-0.9211959,17.59,20.5,20.5,24.0,21.205833333333334,81.9075,1.537997685185185,,99.789125
2017-11-09,24.23,18.19,95.1,69.56,8.62,8.188888888888888,31.0,0.0,1.012057,-0.9566589999999999,18.27,20.66,20.66,24.0,23.11125,81.97958333333334,2.243101851851852,,224.99829166666666
2017-11-10,27.45,19.16,95.3,64.19,19.43,8.13888888888889,81.0,0.0,0.6445341,-0.8958843999999999,20.4,23.42,23.42,24.0,23.314999999999998,85.66708333333332,1.8292013888888887,,202.09849999999997
2017-11-11,28.63,20.2,96.7,63.7,17.45,7.330555555555556,181.0,0.0,0.5961822999999999,-0.8454003,19.95,20.74,20.74,24.0,23.415833333333335,64.71166666666666,2.0380671296296295,,409.41541666666666
2017-11-12,30.8,18.17,95.1,27.61,35.35,8.38888888888889,73.0,0.0,0.7746881999999999,-0.3624501,14.35,19.12,19.12,24.0,23.606666666666666,60.634166666666665,3.1307870370370368,,424.3320833333333
2017-11-13,33.66,18.17,84.8,19.94,36.64,11.7,140.0,0.0,1.18491,-0.3720998,16.85,19.82,19.82,24.0,22.49083333333333,70.89833333333333,2.5206712962962965,,412.79791666666665
2017-11-14,28.11,16.75,92.5,42.99,35.64,9.630555555555556,73.0,0.0,1.298711,-10.08864,16.27,19.96,19.96,24.0,22.5525,67.91666666666667,2.247453703703704,,413.1716666666667
2017-11-15,29.56,16.58,92.6,31.0,35.67,8.311111111111112,71.0,0.0,0.9525315999999999,-13.12208,16.92,19.63,19.63,24.0,22.48125,77.705,2.9049537037037036,,402.81791666666663
2017-11-16,26.92,16.8,92.4,58.23,34.78,12.419444444444444,80.0,0.0,0.9647081,-12.57845,20.58,23.28,23.28,24.0,25.7325,78.73125,2.5755208333333335,,333.2542916666667
2017-11-17,32.54,21.13,92.2,57.83,28.78,12.980555555555554,137.0,0.0,0.8571135999999999,-1.065338,19.88,21.27,21.27,24.0,22.75375,85.90916666666668,2.1878703703703706,,207.642875
2017-11-18,28.18,19.79,95.3,64.66,17.92,8.561111111111112,99.0,0.0,1.144866,-0.8604723999999999,21.06,22.66,22.66,24.0,22.149583333333336,92.67083333333333,1.8828356481481479,,69.67458333333333
2017-11-19,24.12,20.42,96.6,84.2,6.016,10.399999999999999,191.0,0.0,1.231385,-1.007977,21.0,21.9,21.9,18.0,21.397222222222222,83.14,2.948070987654321,,117.58394444444444
2017-11-20,,,,,,,,,,,,,,16.0,22.140625,84.82625,2.417777777777778,,221.8659375
2017-11-21,25.7,18.45,97.4,72.61,12.34,6.530555555555556,111.0,0.0,1.048581,-0.7301890999999999,18.48,22.54,22.54,23.0,23.213478260869564,85.26391304347825,2.133671497584541,,267.2351304347826
2017-11-22,27.11,21.4,96.6,69.6,20.27,8.05,75.0,0.0,0.8794363,-0.691346,20.86,21.41,21.41,24.0,20.53625,85.63375,2.673275462962963,,61.007875000000006
2017-11-23,21.72,17.33,96.9,72.32,5.268,7.6611111111111105,136.0,0.0,1.280667,-0.3604476,16.2,17.63,17.63,24.0,19.927083333333332,80.52583333333334,1.5904398148148147,,124.156625
2017-11-24,22.84,16.99,95.9,65.25,10.72,5.069444444444445,76.0,0.0,1.131439,-0.432961,17.68,20.8,20.8,24.0,23.100416666666664,79.93666666666667,2.4622685185185182,,407.49625
2017-11-25,27.7,18.53,93.6,59.73,35.19,9.58888888888889,75.0,0.0,0.7540981999999999,-0.5673718,21.04,22.81,22.81,24.0,23.78333333333333,82.18208333333332,3.1138425925925923,,315.28679166666666
2017-11-26,27.41,21.42,95.8,62.32,27.22,9.369444444444444,87.0,0.0,0.9468247999999999,-0.45435319999999996,20.77,21.46,21.46,24.0,24.46666666666667,79.66208333333333,2.9190046296296295,,305.617
2017-11-27,32.91,20.6,95.9,52.34,26.38,12.688888888888888,135.0,0.0,0.8606927,0.05319643,17.71,21.67,21.67,24.0,23.376666666666665,77.56208333333333,2.118877314814815,,244.95583333333332
2017-11-28,27.27,20.41,93.9,59.6,21.15,6.75,84.0,0.0,0.7473984,-0.4669471,19.46,20.45,20.45,24.0,24.03833333333333,77.52083333333333,2.9544791666666668,,384.2033333333334
2017-11-29,28.96,20.15,94.5,52.68,33.17,8.680555555555555,100.0,0.0,0.9449403,-0.5361272,19.21,22.24,22.24,7.0,21.93285714285714,82.74857142857142,2.51781746031746,,12.357142857142858
2017-11-30,28.04,20.96,87.9,57.78,31.37,7.611111111111111,97.0,0.0,1.141109,-0.2825814,18.03,21.37,21.37,22.0,22.996666666666666,78.47047619047619,2.819695767195767,,320.7467142857143
2017-12-01,27.35,19.67,92.2,59.21,23.59,9.011111111111111,83.0,0.0,0.7765829999999999,-0.6676306,19.59,20.88,20.88,21.0,22.82,82.03333333333333,2.547354497354497,,169.40433333333334
2017-12-02,25.68,20.44,92.2,67.18,12.38,9.2,110.0,0.0,0.8812203,-0.8641859,19.1,20.45,20.45,12.0,22.852500000000003,81.845,2.676087962962963,,145.06158333333335
2017-12-03,28.08,21.75,89.8,49.35,32.06,8.869444444444444,77.0,0.0,0.9369371,-0.753826,20.1,21.91,21.91,20.0,23.547,86.489,2.8906388888888888,,331.46590000000003
2017-12-04,27.55,20.82,96.9,70.56,28.45,10.049999999999999,83.0,0.0,1.042266,-0.6976589,21.2,23.34,23.34,19.0,25.261578947368424,82.60052631578948,3.042002923976608,,361.90294736842105
2017-12-05,30.02,22.55,94.8,62.6,23.43,9.319444444444443,77.0,0.0,1.024238,-0.7544093,21.03,22.74,22.74,20.0,24.4795,79.589,2.485513888888889,,231.58679999999998
2017-12-06,27.46,22.55,92.2,63.34,16.46,6.888888888888889,113.0,0.0,0.9842329,-0.7163379,21.48,22.93,22.93,23.0,23.770869565217392,85.73521739130435,2.3666666666666667,,178.57347826086954
2017-12-07,27.47,22.17,94.9,74.85,14.22,7.888888888888888,75.0,0.0,0.7921844,-0.963096,19.8,23.51,23.51,19.0,25.00263157894737,79.15789473684211,2.778991228070175,,325.55352631578944
2017-12-08,28.32,23.26,93.6,63.71,21.05,8.219444444444445,69.0,0.0,0.7073438,-0.8397159999999999,22.36,23.47,23.47,19.0,25.15368421052632,80.86736842105263,3.1468567251461987,,351.15536842105263
2017-12-09,30.38,22.46,89.8,57.65,23.87,9.88888888888889,99.0,0.0,0.9754906,-0.4636729,20.55,22.56,22.56,24.0,24.205416666666665,77.86583333333333,2.5448726851851853,,312.3070833333333
2017-12-10,28.93,20.4,91.4,57.96,26.96,8.419444444444444,85.0,0.0,1.019688,-0.3493011,20.23,22.19,22.19,24.0,25.521666666666665,77.15083333333334,2.552650462962963,,418.9742083333333
2017-12-11,31.96,21.24,92.1,55.1,36.17,8.730555555555556,72.0,0.0,0.7647339999999999,-3.8830270000000002,21.63,24.11,24.11,24.0,25.13208333333333,75.12416666666667,4.460486111111111,,392.53383333333335
2017-12-12,30.6,21.02,93.5,53.04,33.89,11.61111111111111,109.0,0.0,0.9540004999999999,-2.00161,17.28,21.22,21.22,24.0,22.170833333333334,65.73458333333333,2.528252314814815,,114.40541666666667
2017-12-13,24.17,20.5,80.2,54.42,9.88,7.261111111111111,141.0,0.0,0.8365619,-0.01253128,16.51,21.1,21.1,24.0,23.62708333333333,73.45583333333333,1.8516203703703704,,287.25308333333334
2017-12-14,28.46,20.01,84.3,57.56,24.8,7.419444444444444,65.0,0.0,0.7548594,-2.178889,19.36,23.01,23.01,24.0,24.94666666666667,75.79,2.5991435185185185,,355.062875
2017-12-15,28.92,21.91,86.6,59.21,30.65,10.65,85.0,0.0,-1.325353,-12.323550000000001,21.02,23.86,23.86,24.0,25.4325,81.76708333333333,2.4401041666666665,,290.6988333333333
2017-12-16,29.73,22.59,91.0,67.48,25.1,8.288888888888888,74.0,0.0,-0.9443355999999999,-6.845947,22.33,24.53,24.53,24.0,26.047916666666666,80.735,3.240844907407407,,372.8964166666667
2017-12-17,30.05,23.61,90.9,64.97,32.19,8.96111111111111,77.0,0.0,-0.7324227999999999,-6.387491,22.08,24.84,24.84,24.0,26.26,81.66625,2.5724768518518517,,353.56175
2017-12-18,32.66,22.39,95.2,62.03,30.53,17.13888888888889,230.0,0.0,-0.8918358,-8.493032,21.64,22.45,22.45,24.0,23.60375,88.89041666666667,2.8298263888888893,,92.70029166666666
2017-12-19,26.99,21.85,96.4,74.12,8.0,8.411111111111111,131.0,0.0,-0.7973794,-3.361563,21.18,21.95,21.95,24.0,22.84958333333333,93.8125,1.9562152777777777,,97.16566666666667
2017-12-20,24.79,21.46,97.1,87.0,8.39,5.719444444444444,106.0,0.0,-0.6448091,-2.898559,21.65,22.31,22.31,24.0,23.794166666666666,92.24583333333334,2.1320486111111108,,110.542625
2017-12-21,27.48,21.69,97.7,76.47,9.54,5.5888888888888895,141.0,0.0,-0.9930494,-3.409992,21.39,21.76,21.76,24.0,24.13791666666667,89.32416666666667,2.412071759259259,,227.49249999999998
2017-12-22,29.5,21.48,97.9,72.93,19.64,6.169444444444444,126.0,0.0,-1.036279,-3.576672,22.12,23.45,23.45,24.0,25.877916666666668,81.23875,2.3462152777777776,,389.96345833333334
2017-12-23,30.65,21.37,95.1,60.57,33.67,8.11111111111111,90.0,0.0,-1.6909489999999998,-13.01421,22.89,24.91,24.91,24.0,26.65125,86.03041666666667,1.9433564814814817,,272.52770833333335
2017-12-24,33.09,22.63,96.4,61.22,23.53,8.269444444444444,314.0,0.0,-2.571874,-9.792094,23.95,24.57,24.57,24.0,24.92833333333333,91.92083333333333,2.793773148148148,,89.72966666666667
2017-12-25,29.2,21.02,96.7,75.89,7.747,12.069444444444445,120.0,0.0,-1.015725,-3.940617,20.23,21.04,21.04,24.0,21.319583333333334,89.45833333333333,2.5632291666666664,,55.83229166666666
2017-12-26,23.03,20.13,95.7,81.1,4.82,6.1194444444444445,121.0,0.0,0.2513201,-2.402495,18.59,20.54,20.54,24.0,21.960416666666664,88.63166666666666,1.374675925925926,,117.06966666666666
2017-12-27,25.04,19.69,94.6,75.12,10.11,4.738888888888888,104.0,0.0,-1.401066,-2.970045,21.11,22.18,22.18,24.0,24.2,88.58041666666666,2.0727314814814815,,159.21470833333333
2017-12-28,27.81,21.39,96.9,75.55,13.75,6.638888888888888,81.0,0.0,-1.253336,-2.907906,22.97,24.28,24.28,24.0,25.435000000000002,86.05166666666666,2.8526736111111113,,278.5092916666667
2017-12-29,29.31,22.89,97.1,70.89,24.04,8.938888888888888,70.0,0.0,-1.325437,-10.03842,21.74,24.67,24.67,24.0,22.864166666666666,91.08749999999999,2.197199074074074,,60.76541666666666
2017-12-30,25.11,19.8,96.6,82.3,5.247,7.219444444444444,111.0,0.0,-4.717641,-9.108594,19.19,19.81,19.81,24.0,22.758750000000003,89.60791666666667,3.1205902777777776,,185.19591666666668
2017-12-31,27.66,19.44,97.0,72.85,15.99,7.061111111111112,134.0,0.0,-4.016354,-8.30744,21.5,22.83,22.83,24.0,24.607916666666668,86.94583333333333,2.2107638888888888,,202.174625
2018-01-01,29.12,21.85,96.8,71.41,17.46,5.411111111111111,101.0,0.0,-5.81209,-12.23394,22.7,24.34,24.34,24.0,25.754583333333333,87.94583333333333,2.1639930555555558,,297.11708333333337
2018-01-02,31.0,22.81,96.7,68.53,25.65,8.180555555555555,221.0,0.0,-6.221673,-12.45101,22.92,24.47,24.47,24.0,28.05541666666667,75.43583333333333,2.4020486111111112,,243.548125
2018-01-03,34.6,23.29,96.9,46.11,21.02,9.919444444444444,220.0,0.0,-7.745226,-9.621629,22.91,26.39,26.39,24.0,25.6075,79.84958333333334,2.632824074074074,,350.9514166666667
2018-01-04,30.33,22.01,95.0,59.21,30.3,8.261111111111111,73.0,0.0,-4.9081600000000005,-9.32429,19.41,22.09,22.09,24.0,25.081666666666667,72.55624999999999,2.492986111111111,,423.390875
2018-01-05,30.98,19.05,94.4,45.61,36.56,8.21111111111111,97.0,0.0,-3.161696,-12.67724,20.29,24.33,24.33,24.0,25.528333333333332,75.6975,2.7596643518518515,,421.4612916666667
2018-01-06,29.96,21.65,91.5,55.66,36.39,8.769444444444444,75.0,0.0,-5.340092,-12.22411,21.22,23.57,23.57,24.0,25.899583333333336,78.10416666666667,2.6557175925925924,,327.765
2018-01-07,32.42,22.24,92.9,55.83,28.3,15.21111111111111,110.0,0.0,-6.786839,-9.345245,20.02,24.27,24.27,24.0,24.10875,76.62333333333333,3.2686342592592594,,88.75741666666666
2018-01-08,25.77,21.77,91.7,68.83,7.663,9.188888888888888,147.0,0.0,-1.5868259999999998,-9.345377,20.21,21.89,21.89,24.0,23.959999999999997,74.87625,3.7796643518518516,,279.74066666666664
2018-01-09,27.85,21.36,90.6,55.46,24.15,9.030555555555555,132.0,0.0,-2.179688,-9.543508,18.17,22.75,22.75,24.0,23.034583333333334,85.97250000000001,2.686840277777778,,86.14966666666668
2018-01-10,25.04,21.14,94.9,73.99,7.438,6.949999999999999,232.0,0.0,-9.11609,-9.844334,22.13,23.01,23.01,24.0,23.705,92.42916666666667,1.7203472222222222,,98.925
2018-01-11,25.51,22.65,96.7,81.7,8.54,5.85,118.0,0.0,,,22.37,23.39,23.39,24.0,23.982916666666668,91.01708333333333,1.784675925925926,,146.655375
2018-01-12,29.13,20.73,96.8,72.41,12.66,10.1,242.0,0.0,,,20.12,21.09,21.09,24.0,24.147916666666664,84.57666666666667,1.8711342592592592,,316.12666666666667
2018-01-13,31.22,20.0,95.8,60.66,27.29,7.388888888888889,77.0,0.0,,,20.97,21.65,21.65,24.0,24.8725,87.13416666666666,2.4211574074074074,,335.4625833333333
2018-01-14,30.42,21.14,96.8,65.22,28.96,8.569444444444445,77.0,0.0,,,22.22,22.77,22.77,24.0,25.555833333333336,86.42208333333333,1.8726620370370368,,228.31825
2018-01-15,31.84,22.17,97.0,65.13,19.72,10.25,305.0,0.0,,,22.64,23.78,23.78,24.0,28.218333333333334,76.23583333333333,2.1805787037037034,,250.571
2018-01-16,36.83,23.61,95.7,45.26,21.64,10.561111111111112,251.0,0.0,,,23.55,24.41,24.41,24.0,26.183333333333334,88.56916666666666,2.185613425925926,,160.896125
2018-01-17,31.12,22.77,97.5,69.96,13.89,8.2,125.0,0.0,,,22.36,22.78,22.78,24.0,24.959999999999997,92.39166666666667,1.520347222222222,,161.79262500000002
2018-01-18,29.86,22.52,97.7,74.07,13.97,5.5,109.0,0.0,,,24.07,24.85,24.85,24.0,28.49416666666667,79.21666666666667,2.105775462962963,,308.39120833333334
2018-01-19,36.86,24.19,95.7,47.96,26.63,9.2,224.0,0.0,,,23.39,25.18,25.18,24.0,25.88416666666667,84.73875,2.504409722222222,,160.42441666666667
2018-01-20,29.77,22.79,93.7,67.81,13.85,7.911111111111111,126.0,0.0,,,21.88,22.97,22.97,24.0,24.3225,88.12916666666666,1.6967592592592593,,69.897
2018-01-21,26.2,22.43,93.9,79.59,6.035,4.3,105.0,0.0,,,22.25,23.5,23.5,24.0,24.967083333333335,88.59750000000001,1.7008564814814813,,159.34225
2018-01-22,28.58,22.1,94.7,76.7,13.76,6.888888888888889,104.0,0.0,,,22.47,24.7,24.7,24.0,25.4275,85.81,2.4121296296296295,,271.907625
2018-01-23,31.46,21.93,95.2,66.16,23.47,12.430555555555555,208.0,0.0,,,21.5,22.6,22.6,24.0,26.459999999999997,83.2,2.7027199074074075,,353.3657083333333
2018-01-24,34.63,21.98,95.0,54.94,30.51,10.980555555555556,322.0,0.0,,,22.23,23.15,23.15,24.0,26.47791666666667,84.15791666666667,1.996388888888889,,268.6840833333333
2018-01-25,35.57,22.6,95.2,58.09,23.2,10.369444444444444,222.0,0.0,,,23.3,24.2,24.2,24.0,24.85166666666667,86.78958333333333,2.2791319444444444,,102.66429166666666
2018-01-26,28.32,22.5,95.3,70.77,8.86,10.719444444444445,131.0,0.0,,,21.28,23.05,23.05,24.0,22.728333333333335,87.64041666666667,2.9388541666666668,,88.270375
2018-01-27,24.67,20.48,96.5,73.47,7.621,7.2,126.0,0.0,,,19.29,21.73,21.73,24.0,24.040000000000003,79.68208333333334,1.5187384259259258,,144.20633333333333
2018-01-28,27.8,20.94,94.3,66.28,12.45,6.380555555555555,99.0,0.0,-3.500567,-10.02841,20.55,21.5,21.5,24.0,25.879583333333333,79.92583333333333,2.1664930555555553,,263.019
2018-01-29,30.81,21.45,94.9,62.57,22.71,7.788888888888889,65.0,0.0,,,23.75,25.47,25.47,24.0,25.482083333333335,85.21375,2.1643287037037036,,91.76279166666666
2018-01-30,29.48,22.21,90.5,75.05,7.923,8.88888888888889,96.0,0.0,,,19.82,22.21,22.21,24.0,25.400833333333335,74.59333333333333,2.9378587962962963,,366.7295
2018-01-31,30.77,20.48,89.4,52.01,31.66,10.880555555555556,140.0,0.0,,,21.13,23.72,23.72,24.0,25.7975,76.26375,3.4725694444444444,,273.24062499999997
2018-02-01,29.39,23.35,87.0,64.5,23.59,9.238888888888889,153.0,0.0,,,21.21,23.55,23.55,24.0,25.471666666666668,76.46541666666667,3.0483796296296295,,314.69475
2018-02-02,29.7,22.23,87.9,60.62,27.18,9.0,96.0,0.0,,,20.97,24.9,24.9,24.0,26.549166666666665,74.54625,2.7539120370370367,,340.54429166666665
2018-02-03,31.85,23.38,86.1,53.78,29.41,6.938888888888889,122.0,0.0,,,22.19,24.65,24.65,24.0,26.347916666666666,71.9875,2.913877314814815,,365.97179166666666
2018-02-04,31.78,22.12,89.6,39.29,31.6,9.8,102.0,0.0,,,20.81,24.95,24.95,24.0,25.9175,70.16958333333334,3.0843402777777773,,211.3525
2018-02-05,29.28,22.92,86.7,54.98,18.25,7.669444444444444,98.0,0.0,,,20.01,24.84,24.84,24.0,24.042916666666667,78.39625,2.090914351851852,,163.92679166666667
2018-02-06,27.56,20.44,91.4,63.0,14.15,5.511111111111111,104.0,0.0,,,19.01,20.44,20.44,24.0,24.86375,73.795,2.0817592592592593,,406.544875
2018-02-07,31.27,18.71,95.1,46.8,35.1,7.519444444444444,78.0,0.0,,,20.77,23.53,23.53,24.0,26.44333333333333,71.3475,2.3122453703703703,,383.654125
2018-02-08,,,,,,,,,,,,,,24.0,27.570833333333336,73.79541666666667,2.3827199074074072,,331.68275
2018-02-09,,,,,,,,,,,,,,12.0,27.331666666666667,78.3125,1.3764814814814814,,212.78674999999998
2018-04-17,,,,,,,,,,,,,,20.0,22.567500000000003,83.064,2.032652777777778,,130.9955
2018-04-18,26.0,20.2,88.7,70.32,9.43,4.780555555555556,66.0,0.0,,,19.16,21.28,21.28,24.0,23.35291666666667,78.48083333333334,1.7281828703703705,,261.1073333333333
2018-04-19,28.46,19.51,90.0,57.22,22.54,7.038888888888889,82.0,0.0,,,19.0,21.57,21.57,24.0,23.20958333333333,79.25083333333333,1.425300925925926,,261.642
2018-04-20,28.12,19.01,92.6,59.66,22.59,4.830555555555556,72.0,0.0,,,18.95,20.34,20.34,24.0,22.8225,79.81541666666666,1.7211689814814815,,260.9494583333333
2018-04-21,30.04,16.99,93.5,45.87,22.53,6.480555555555555,82.0,0.0,,,19.12,20.98,20.98,24.0,23.015833333333333,76.03416666666666,1.8632175925925925,,230.72691666666665
2018-04-22,28.82,18.11,90.6,54.28,19.92,6.65,76.0,0.0,,,19.24,21.06,21.06,24.0,23.91625,76.60916666666667,1.9062268518518517,,252.782875
2018-04-23,29.55,18.28,92.3,54.85,21.82,7.1499999999999995,80.0,0.0,,,20.86,23.9,23.9,24.0,25.368333333333336,75.18791666666667,1.767037037037037,,233.18079166666666
2018-04-24,30.07,21.31,86.2,52.17,20.13,6.788888888888889,52.0,0.0,,,21.26,24.56,24.56,24.0,25.832916666666666,75.07958333333333,1.9254398148148146,,206.55841666666666
2018-04-25,30.67,22.56,85.5,56.79,17.83,7.219444444444444,76.0,0.0,,,21.38,24.47,24.47,24.0,26.038749999999997,75.5525,1.840138888888889,,236.17645833333333
2018-04-26,30.9,22.67,86.3,53.09,20.39,6.380555555555555,78.0,0.0,,,21.24,23.95,23.95,24.0,25.97375,75.74875,1.8149768518518519,,233.619
2018-04-27,30.68,22.71,86.5,53.31,20.17,6.769444444444445,85.0,0.0,,,21.37,23.82,23.82,24.0,26.318749999999998,78.41,2.061886574074074,,228.985625
2018-04-28,30.54,23.57,86.5,63.42,19.77,7.730555555555555,65.0,0.0,,,22.24,25.22,25.22,24.0,26.75208333333333,77.0225,1.8343749999999999,,207.172625
2018-04-29,30.81,23.84,86.5,61.16,17.89,5.8,97.0,0.0,,,21.69,24.15,24.15,24.0,26.616249999999997,77.42333333333333,1.9895023148148148,,211.92841666666666
2018-04-30,30.24,23.88,86.7,61.89,18.3,7.6611111111111105,74.0,0.0,-11.72958,-12.52932,22.73,26.31,26.31,24.0,27.569166666666664,76.845,1.5798958333333333,,210.06866666666667
2018-05-01,31.97,24.17,86.6,60.68,18.14,4.8388888888888895,67.0,0.0,,,22.98,26.66,26.66,24.0,25.830416666666665,78.18375,2.0589583333333334,,62.31
2018-05-02,27.46,23.26,88.2,68.98,5.38,5.71111111111111,131.0,0.0,-11.14349,-12.23982,21.32,23.37,23.37,24.0,22.79125,91.04583333333333,2.5887152777777778,,35.18108333333333
2018-05-03,23.9,21.88,96.1,84.9,3.038,5.6499999999999995,190.0,0.0,-4.392482,-11.52666,21.63,23.11,23.11,24.0,24.370833333333334,87.13,1.5293287037037038,,154.577875
2018-05-04,29.22,21.9,94.8,68.95,13.35,5.55,98.0,0.0,-4.2948129999999995,-10.23326,21.56,22.49,22.49,24.0,25.156666666666666,85.89333333333333,1.5033912037037036,,195.85383333333334
2018-05-05,30.43,21.53,95.7,66.35,16.91,4.3,61.0,0.0,-5.310276,-12.50512,23.4,25.46,25.46,24.0,26.6675,82.6825,1.7889351851851851,,162.96433333333334
2018-05-06,30.7,24.31,89.6,65.37,14.07,4.519444444444444,112.0,0.0,-11.52746,-12.33202,22.97,25.88,25.88,24.0,24.750416666666666,84.34958333333334,2.468773148148148,,94.18837500000001
2018-05-07,27.15,22.27,92.3,74.82,8.13,7.488888888888889,120.0,0.0,-10.96104,-12.50206,21.22,23.63,23.63,24.0,22.73875,87.11708333333333,2.4550347222222224,,65.30075000000001
2018-05-08,25.31,20.4,92.6,73.42,5.638,7.5,135.0,0.0,-5.050945,-11.0243,19.33,20.64,20.64,24.0,20.924166666666668,90.90125,1.687962962962963,,68.24491666666667
2018-05-09,24.13,19.46,95.2,77.06,5.892,4.230555555555555,239.0,0.0,-4.556593,-6.15447,19.24,20.28,20.28,24.0,21.73375,87.77541666666667,1.3266319444444445,,128.163125
2018-05-10,26.04,19.64,94.9,72.34,11.07,4.9,86.0,0.0,-4.720381,-10.98478,19.99,21.29,21.29,24.0,22.396666666666665,83.80958333333334,1.4321643518518519,,202.836
2018-05-11,27.87,18.65,94.8,60.19,17.51,7.211111111111111,71.0,0.0,-4.287272,-11.02316,19.47,20.89,20.89,24.0,22.839166666666667,85.98291666666667,1.3820949074074074,,157.709
2018-05-12,27.4,18.59,95.8,68.96,13.62,4.530555555555555,97.0,0.0,-4.258059,-11.72852,21.51,24.45,24.45,24.0,24.067916666666665,66.25458333333333,2.9921180555555558,,214.02200000000002
2018-05-13,27.72,20.12,85.1,48.56,18.48,11.03888888888889,231.0,0.0,-3.620922,-9.855621,17.7,20.83,20.83,24.0,21.135,78.40166666666667,1.9650231481481482,,149.43554166666667
2018-05-14,24.76,18.44,87.8,59.68,12.9,6.230555555555555,120.0,0.0,-3.120014,-5.087137,18.01,20.8,20.8,24.0,22.245416666666667,77.72291666666668,1.6592129629629628,,155.27008333333333
2018-05-15,27.13,19.43,88.0,55.52,13.41,6.05,77.0,0.0,-1.098263,-5.49058,17.72,20.21,20.21,24.0,22.0925,81.8225,1.7758101851851853,,203.646
2018-05-16,27.56,17.86,93.0,60.65,17.58,6.549999999999999,60.0,0.0,-1.564054,-12.44714,20.0,21.23,21.23,24.0,22.69125,78.49916666666667,2.3763657407407406,,156.04283333333333
2018-05-17,26.86,20.41,93.0,56.63,13.47,6.661111111111111,111.0,0.0,-3.000863,-5.087753,17.56,21.43,21.43,24.0,20.66375,78.44333333333333,1.4261458333333332,,37.67495833333333
2018-05-18,21.81,19.24,89.1,68.34,3.253,3.611111111111111,227.0,0.0,-2.39645,-4.936521,17.67,19.5,19.5,24.0,21.715833333333332,85.78541666666666,1.507962962962963,,126.74799999999999
2018-05-19,26.98,18.53,92.9,68.66,10.94,7.730555555555555,232.0,0.0,-2.393824,-9.223935,19.98,21.23,21.23,24.0,21.715416666666666,72.27208333333333,3.686516203703704,,138.00641666666667
2018-05-20,26.29,18.27,93.3,48.2,11.92,17.76111111111111,259.0,0.0,2.902579,-9.127179,10.95,19.02,19.02,24.0,20.111250000000002,51.03791666666667,5.572777777777778,,220.22312499999998
2018-05-21,24.59,14.76,65.85,32.59,19.01,13.369444444444445,238.0,0.0,3.400713,-10.08989,7.693,15.78,15.78,24.0,17.541666666666668,60.434583333333336,1.8935763888888888,,214.9005
2018-05-22,23.75,11.92,79.79,41.5,18.56,8.86111111111111,254.0,0.0,5.733561,-8.776636,11.01,15.0,15.0,24.0,17.887083333333333,74.18625,1.6472916666666666,,208.51350000000002
2018-05-23,24.39,13.2,84.7,51.45,18.0,4.5,58.0,0.0,8.001754,0.8362293,15.32,18.43,18.43,24.0,19.42291666666667,71.49416666666667,2.160289351851852,,198.29025000000001
2018-05-24,24.57,15.51,89.7,46.96,17.12,6.288888888888889,97.0,0.0,4.586413,0.3570929,13.98,19.1,19.1,24.0,18.80875,74.81041666666667,1.7598032407407407,,123.812125
2018-05-25,21.91,16.14,84.6,63.18,10.69,5.038888888888889,110.0,0.0,4.116104,0.6416689999999999,15.38,18.3,18.3,24.0,19.495416666666667,76.6025,1.4172685185185185,,44.559125
2018-05-26,22.33,16.81,88.8,64.81,3.847,3.6888888888888887,213.0,0.0,2.775212,0.19414089999999998,16.21,19.64,19.64,24.0,21.215416666666666,77.58041666666666,1.0592592592592591,,95.32100000000001
2018-05-27,24.41,19.08,83.4,65.2,8.23,4.138888888888889,80.0,0.0,5.047578,0.5547394999999999,17.99,21.06,21.06,24.0,22.105,78.52208333333333,1.4782754629629629,,192.142875
2018-05-28,26.66,18.51,86.4,63.81,16.59,6.419444444444444,72.0,0.0,4.693527,-2.534868,18.25,20.8,20.8,24.0,21.837083333333336,80.96333333333332,1.4021643518518518,,147.77491666666666
2018-05-29,26.48,18.95,89.0,62.87,12.76,6.588888888888889,92.0,0.0,0.8869615,-3.002792,18.71,21.39,21.39,24.0,22.492499999999996,78.99833333333333,1.6941550925925926,,180.54245833333334
2018-05-30,26.92,19.68,86.6,64.25,15.59,6.438888888888888,92.0,0.0,1.310729,-3.183268,18.01,20.76,20.76,24.0,21.91875,79.13041666666668,1.5865393518518518,,180.00654166666666
2018-05-31,26.81,17.99,88.4,61.37,15.54,6.611111111111111,72.0,0.0,1.935736,-3.7855879999999997,18.83,21.63,21.63,24.0,22.125833333333333,77.92875,1.519236111111111,,185.09941666666668
2018-06-01,26.28,19.28,87.5,58.63,15.98,5.5,72.0,0.0,0.37437149999999997,-4.671937,17.05,19.59,19.59,24.0,21.68375,80.24041666666666,1.192048611111111,,95.25291666666668
2018-06-02,25.98,18.01,87.1,68.47,8.22,4.1194444444444445,219.0,0.0,1.6689349999999998,-10.4789,19.32,22.95,22.95,24.0,21.925416666666667,80.96958333333333,1.8970370370370369,,30.504208333333334
2018-06-03,23.53,18.58,86.9,69.23,2.634,7.311111111111111,123.0,0.0,7.185118,-0.3314514,16.58,18.87,18.87,24.0,18.19333333333333,74.19291666666668,2.0612037037037036,,68.92037499999999
2018-06-04,20.05,14.62,87.0,55.91,5.95,6.269444444444444,206.0,0.0,5.309165,2.934314,11.7,14.68,14.68,24.0,16.739166666666666,79.73666666666666,1.5837615740740738,,33.371249999999996
2018-06-05,18.58,14.1,85.7,73.71,2.882,3.888888888888889,246.0,0.0,5.51666,5.093043,14.97,17.75,17.75,24.0,18.46,83.10125000000001,1.11875,,40.87779166666667
2018-06-06,20.27,16.85,90.2,75.33,3.53,3.7194444444444446,202.0,0.0,6.566346,4.142467,16.16,19.12,19.12,24.0,19.010833333333334,63.49166666666667,2.67244212962963,,196.73145833333334
2018-06-07,23.57,15.12,83.4,43.43,16.99,10.261111111111111,206.0,0.0,5.367964,3.071159,12.03,15.24,15.24,24.0,16.650833333333335,82.5525,1.6189467592592592,,44.2415
2018-06-08,20.49,15.08,86.6,72.54,3.82,5.469444444444445,227.0,0.0,4.171926,2.453809,13.1,16.03,16.03,24.0,16.39,67.09541666666667,1.536909722222222,,202.4679166666667
2018-06-09,24.2,10.57,83.5,35.35,17.48,5.488888888888889,227.0,0.0,3.8088949999999997,2.116572,10.27,13.17,13.17,24.0,16.17833333333333,74.17208333333333,1.2002083333333333,,168.75279166666667
2018-06-10,24.51,10.03,85.0,49.9,14.57,3.3694444444444445,90.0,0.0,3.688066,1.500089,11.81,15.14,15.14,24.0,19.18375,76.92958333333333,1.2898148148148147,,104.175125
2018-06-11,24.51,15.07,89.1,61.87,8.99,5.438888888888888,71.0,0.0,3.571357,0.42838719999999997,17.05,20.32,20.32,24.0,21.034583333333334,81.78416666666666,0.9653819444444444,,37.36245833333333
2018-06-12,23.55,18.96,85.4,74.12,3.226,4.180555555555555,251.0,0.0,2.176157,0.47295119999999996,19.13,21.75,21.75,17.0,22.384117647058822,83.50176470588235,1.4101307189542482,,27.14035294117647
2018-06-15,20.08,13.23,83.4,50.83,9.2,6.761111111111111,196.0,0.0,1.9595319999999998,-0.06077313,11.41,14.3,14.3,,,,,,
2018-06-16,,,,,,,,,,,,,,5.0,15.302000000000001,66.83,1.9534444444444443,,77.19000000000001
2018-06-17,,,,,,,,,,,,,,14.0,15.811428571428573,81.40642857142858,1.1583730158730159,,111.81178571428572
2018-06-18,,,,,,,,,,,,,,16.0,18.020625,83.145,1.7870833333333334,,213.0543125
2018-06-19,21.64,14.41,95.5,66.93,12.21,5.338888888888889,111.0,0.0,1.133904,-0.5203831999999999,15.75,16.46,16.46,24.0,17.330000000000002,91.8725,1.4422453703703704,,92.14479166666666
2018-06-20,21.13,15.24,96.1,79.41,7.956,4.3,231.0,0.0,1.093074,-0.3425165,16.21,16.84,16.84,24.0,18.985,84.03958333333334,1.178599537037037,,176.45804166666667
2018-06-21,26.57,14.83,96.7,53.46,15.24,3.819444444444444,221.0,0.0,1.04737,-0.16087959999999998,14.22,16.47,16.47,24.0,19.193749999999998,81.53875000000001,1.2472685185185186,,163.02579166666666
2018-06-22,25.13,13.96,88.5,62.49,14.08,3.7888888888888888,218.0,0.0,1.010138,0.01803899,17.05,19.36,19.36,24.0,19.010416666666668,81.00875,1.662060185185185,,53.09170833333334
2018-06-23,21.79,17.04,90.7,69.58,4.584,4.55,111.0,0.0,1.332266,0.20878239999999998,14.98,17.11,17.11,24.0,18.614166666666666,86.12374999999999,1.3175578703703703,,84.34916666666668
2018-06-24,22.73,16.42,92.2,73.7,7.283,3.1305555555555555,224.0,0.0,1.312418,0.26091000000000003,16.58,18.64,18.64,24.0,18.62125,82.42625,1.9909837962962964,,61.57366666666667
2018-06-25,21.29,15.71,89.3,70.13,5.317,7.730555555555555,104.0,0.0,1.410009,0.02880359,15.58,17.65,17.65,24.0,19.565,82.765,0.9423842592592592,,77.25470833333334
2018-06-26,22.23,17.53,87.7,72.65,6.67,3.188888888888889,223.0,0.0,1.512493,0.009418726,17.23,19.85,19.85,24.0,18.89125,85.21249999999999,2.3003472222222223,,33.63945833333333
2018-06-27,19.92,17.83,87.8,80.0,2.9050000000000002,6.1,116.0,0.0,1.6455259999999998,-0.0130794,15.9,17.99,17.99,24.0,19.598333333333333,85.73791666666666,1.4915393518518518,,69.81491666666666
2018-06-28,23.19,17.73,88.7,76.83,6.027,7.138888888888888,355.0,0.0,1.534195,-0.3870962,15.99,18.09,18.09,24.0,19.63375,84.71416666666666,1.6683564814814815,,155.66504166666667
2018-06-29,24.91,17.09,95.0,65.86,13.44,5.469444444444445,73.0,0.0,1.386633,-0.5439433,17.4,18.23,18.23,24.0,19.265,90.49583333333334,1.1119560185185184,,67.58354166666668
2018-06-30,22.33,17.57,96.1,77.83,5.835,4.161111111111111,70.0,0.0,1.419985,-0.6837348,18.07,19.78,19.78,24.0,19.940416666666668,87.19916666666667,1.506550925925926,,133.39095833333332
2018-07-01,25.29,17.47,93.0,68.48,11.52,9.450000000000001,108.0,0.0,2.4314270000000002,-0.6133124,16.54,18.25,18.25,24.0,19.465833333333332,86.73791666666666,1.4930208333333332,,109.88929166666667
2018-07-02,23.4,17.94,93.0,73.55,9.49,4.311111111111111,72.0,0.0,2.914427,1.200979,17.26,18.53,18.53,24.0,20.091666666666665,87.3,1.0927314814814815,,84.743625
2018-07-03,24.26,17.9,93.1,73.24,7.317,3.7694444444444444,101.0,0.0,2.817367,0.9837496,18.04,20.0,20.0,24.0,18.22458333333333,81.23375,3.2920023148148148,,27.084541666666667
2018-07-04,20.39,16.29,88.5,71.94,2.338,7.680555555555555,98.0,0.0,3.180321,1.219532,11.81,16.57,16.57,24.0,15.220833333333333,85.5575,1.8605787037037036,,39.38970833333333
2018-07-05,16.56,14.03,88.3,72.56,3.401,4.569444444444444,84.0,0.0,2.464196,-0.1200194,13.26,15.68,15.68,24.0,17.995416666666667,81.18875,1.7766550925925928,,175.89312500000003
2018-07-06,22.08,15.47,85.9,69.06,15.19,4.1,114.0,0.0,1.092124,-0.07503653,15.75,18.39,18.39,24.0,18.554166666666667,84.69166666666666,1.5375231481481482,,30.206541666666666
2018-07-07,20.08,17.95,87.6,80.2,2.608,4.1305555555555555,155.0,0.0,0.9816628,-0.2190464,15.84,18.35,18.35,24.0,20.236666666666668,82.21916666666667,1.1820023148148147,,134.91920833333333
2018-07-08,24.81,18.01,86.9,69.75,11.65,4.138888888888889,95.0,0.0,0.9637703999999999,-0.343894,17.38,19.66,19.66,24.0,21.57166666666667,75.41916666666667,2.2003703703703703,,155.09266666666667
2018-07-09,30.61,18.11,86.9,45.8,13.39,8.411111111111111,126.0,0.0,1.065292,-0.4883552,15.69,18.11,18.11,24.0,18.572916666666668,69.76666666666667,2.868935185185185,,35.98891666666666
2018-07-10,20.41,16.54,86.7,49.95,3.107,7.769444444444444,236.0,0.0,1.093898,-0.3219203,10.03,17.73,17.73,24.0,16.990833333333335,64.57166666666667,2.9257407407407405,,159.11958333333334
2018-07-11,22.03,12.18,80.6,45.32,13.74,11.030555555555555,229.0,0.0,1.405343,-0.1496577,9.66,13.27,13.27,24.0,15.506666666666666,69.23416666666667,1.767789351851852,,191.99875
2018-07-12,23.36,10.46,83.3,42.15,16.58,5.561111111111111,95.0,0.0,1.275989,-0.4248846,9.56,13.27,13.27,24.0,15.374166666666667,69.39375,1.667199074074074,,197.87166666666667
2018-07-13,21.41,10.78,84.0,40.61,17.08,5.238888888888889,78.0,0.0,1.24459,-0.6305716,9.74,12.7,12.7,24.0,16.025833333333335,74.51666666666667,1.5510416666666667,,198.62291666666667
2018-07-14,22.92,11.39,84.6,50.75,17.15,4.611111111111112,90.0,0.0,1.264884,-0.8018619,12.21,14.76,14.76,24.0,17.5425,78.765,1.5689583333333335,,192.75833333333333
2018-07-15,23.44,12.64,86.6,56.67,16.64,5.199999999999999,85.0,0.0,1.388553,-0.8439487999999999,14.52,17.03,17.03,24.0,19.107916666666668,81.69583333333334,1.2475810185185183,,177.32345833333332
2018-07-16,26.86,15.05,92.1,58.0,15.31,3.9805555555555556,72.0,0.0,1.391595,-0.7115954999999999,15.92,18.14,18.14,24.0,21.37625,78.61166666666666,1.8364814814814814,,182.87333333333333
2018-07-17,27.13,16.86,87.2,62.05,15.79,7.480555555555555,96.0,0.0,1.305494,-0.5656557999999999,18.78,22.43,22.43,24.0,22.607916666666668,80.12,1.830011574074074,,183.10791666666668
2018-07-18,25.92,20.21,85.3,69.88,15.81,6.230555555555555,71.0,0.0,3.973493,-0.44647119999999996,18.93,21.76,21.76,24.0,21.313333333333333,82.34416666666667,2.0023958333333334,,155.38708333333332
2018-07-19,24.43,17.39,93.5,70.46,13.42,5.71111111111111,72.0,0.0,6.806012,3.785732,16.43,17.48,17.48,24.0,20.24416666666667,84.35916666666667,1.9524189814814814,,164.893125
2018-07-20,25.78,17.4,93.8,68.98,14.24,4.961111111111111,80.0,0.0,6.694263,5.383657,17.44,19.41,19.41,24.0,20.899166666666666,82.80083333333333,1.4802546296296295,,159.24683333333334
2018-07-21,27.71,18.23,88.3,65.32,13.75,6.261111111111111,102.0,0.0,6.500256,5.349439,16.62,19.12,19.12,24.0,19.690833333333334,75.75666666666667,2.862037037037037,,158.64245833333334
2018-07-22,25.32,17.13,86.5,42.58,13.7,7.430555555555555,115.0,0.0,6.450585,5.865192,13.93,17.51,17.51,24.0,18.967499999999998,74.64333333333333,1.1834722222222223,,58.69204166666666
2018-07-23,21.16,16.91,81.9,65.27,5.068,3.2888888888888888,95.0,0.0,6.485635,4.6564119999999996,15.58,19.51,19.51,24.0,20.590416666666666,76.87125,2.0113541666666666,,163.09625
2018-07-24,25.06,17.49,85.6,64.15,14.08,8.1,108.0,0.0,5.645552,1.7749039999999998,15.66,18.33,18.33,24.0,18.877083333333335,80.645,1.5783680555555557,,27.864874999999998
2018-07-25,20.36,17.87,86.9,72.01,2.406,5.530555555555556,143.0,0.0,4.482825,0.9604613999999999,16.15,18.35,18.35,24.0,19.81,84.63833333333334,2.1196064814814815,,86.61195833333333
2018-07-26,25.0,18.16,87.7,70.18,7.478,5.419444444444445,144.0,0.0,2.02461,-0.08972526,17.12,19.7,19.7,24.0,20.984166666666667,80.23458333333333,1.5414814814814815,,142.24908333333335
2018-07-27,24.43,19.13,85.4,68.47,12.28,5.5,79.0,0.0,1.134296,-0.9630289999999999,16.62,19.13,19.13,24.0,20.27625,83.52625,1.6546064814814816,,89.46741666666667
2018-07-28,22.67,18.89,86.9,74.55,7.725,4.538888888888889,88.0,0.0,0.9965204999999999,-1.16896,17.39,19.93,19.93,24.0,20.540833333333335,83.28583333333334,1.6243402777777778,,96.62558333333334
2018-07-29,22.74,19.58,86.5,75.71,8.34,5.211111111111111,79.0,0.0,1.220532,-0.8842108,17.63,20.1,20.1,24.0,20.2575,81.3975,2.180347222222222,,158.51691666666667
2018-07-30,25.44,18.03,87.3,69.01,13.69,11.1,126.0,0.0,1.158751,-0.9058948,15.45,18.37,18.37,24.0,18.419583333333332,80.66375000000001,1.7823842592592591,,40.320083333333336
2018-07-31,20.22,16.46,85.9,71.09,3.476,5.5,126.0,0.0,1.284328,-0.7521943999999999,14.22,16.57,16.57,24.0,16.750416666666666,80.38208333333334,1.946736111111111,,28.919833333333333
2018-08-01,17.99,15.64,87.3,63.78,2.497,6.111111111111111,119.0,0.0,1.357574,-0.4357934,9.89,16.75,16.75,24.0,16.731666666666666,68.10833333333333,1.5774652777777778,,72.12712499999999
2018-08-02,19.42,15.24,78.34,56.31,6.227,4.411111111111111,107.0,0.0,1.239548,-0.4258378,11.52,15.32,15.32,24.0,16.156666666666666,82.97208333333334,1.804837962962963,,42.520875
2018-08-03,,,,,,,,,,,,,,13.0,19.882307692307695,85.73076923076923,1.4051495726495726,,100.14884615384615
2018-08-04,21.47,18.71,89.6,80.5,4.566,3.5,168.0,0.0,0.6850018999999999,-0.5432861,16.63,18.85,18.85,19.0,19.38684210526316,86.55842105263157,1.4020614035087717,,187.65605263157894
2018-08-05,24.09,16.75,95.9,69.48,12.57,4.238888888888889,80.0,0.0,0.8778701,-0.30967439999999996,16.2,16.9,16.9,24.0,17.587500000000002,74.58083333333333,2.307916666666667,,190.78229166666665
2018-08-06,24.23,14.15,96.9,35.83,16.47,9.319444444444443,204.0,0.0,0.8937058,-0.42648569999999997,11.6,14.21,14.21,24.0,15.4225,84.19583333333334,1.8247800925925926,,144.19054166666666
2018-08-07,19.48,12.64,93.0,64.12,12.45,5.580555555555556,101.0,0.0,0.9985421,-0.5741835,13.23,14.35,14.35,24.0,16.435416666666665,83.14874999999999,2.069699074074074,,221.21770833333335
2018-08-08,20.69,13.1,94.6,66.32,19.1,7.8500000000000005,78.0,0.0,0.9749391,-0.7894654999999999,14.16,17.2,17.2,24.0,18.1875,82.2975,1.7189236111111112,,173.11075000000002
2018-08-09,22.58,14.73,93.7,61.17,14.95,6.3999999999999995,68.0,0.0,1.029258,-0.9189906999999999,16.03,17.19,17.19,24.0,18.99,73.93083333333333,3.1120023148148146,,215.06224999999998
2018-08-10,24.01,16.04,95.3,46.04,18.57,9.719444444444445,209.0,0.0,2.2165179999999998,-0.8417521,5.989,16.53,16.53,24.0,17.97791666666667,51.89416666666667,3.8731712962962965,,248.77029166666668
2018-08-11,23.7,12.21,74.23,31.51,21.48,13.019444444444444,257.0,0.0,2.9481159999999997,-0.3432465,7.679,15.44,15.44,24.0,18.22125,59.63999999999999,2.4580555555555557,,242.79320833333335
2018-08-12,25.01,12.59,83.2,39.54,20.97,7.638888888888888,230.0,0.0,1.865481,-0.09911084,11.42,14.22,14.22,24.0,17.530416666666667,72.75208333333333,1.4176620370370372,,228.85641666666666
2018-08-13,24.25,12.23,87.0,48.49,19.76,4.888888888888889,96.0,0.0,1.443908,-0.6932083,12.88,15.86,15.86,17.0,17.867058823529412,75.14117647058823,1.2443464052287583,,197.1415294117647
2018-10-11,,,,,,,,,,,,,,15.0,21.184666666666665,82.89533333333334,1.7691481481481481,,124.1078
2018-10-12,,,,,,,,,,,,,,16.0,24.006875,81.343125,2.0536979166666667,,232.71675
2018-10-13,,,,,,,,,,,,,,16.0,24.9875,82.746875,2.7371875,,130.7233125
2018-10-14,,,,,,,,,,,,,,13.0,20.645384615384614,86.96923076923076,1.6748504273504272,,83.1046153846154
2018-10-15,,,,,,,,,,,,,,16.0,21.448125,88.05625,1.8243055555555556,,103.38175
2018-10-16,22.77,19.49,91.8,84.5,5.667,5.080555555555555,144.0,3.886,0.2473085,-1.279722,18.84,20.64,20.64,19.0,23.046842105263156,85.10947368421053,1.2616228070175437,,129.219
2018-10-17,27.03,20.79,91.3,70.75,8.57,4.638888888888888,71.0,1.8290000000000002,0.04547644,-1.587977,20.92,22.68,22.68,22.0,24.697727272727274,87.0690909090909,1.8809469696969698,,164.98368181818182
2018-10-18,28.26,22.84,92.3,76.18,12.82,5.8805555555555555,75.0,14.71,0.08535409000000001,-1.5533109999999999,22.42,23.97,23.97,21.0,26.130000000000003,82.07857142857144,2.115925925925926,,179.1642380952381
2018-10-19,,,,,,,,,,,,,,17.0,24.725294117647056,73.46705882352941,4.399950980392156,,229.3710588235294
2018-10-20,27.96,22.35,85.0,62.63,13.53,9.63888888888889,121.0,0.0,0.5638347,-0.7007747999999999,16.7,22.35,22.35,19.0,23.42105263157895,65.17473684210526,3.214897660818713,,328.96578947368425
2018-10-21,27.13,20.53,81.7,46.29,21.96,8.9,114.0,0.0,0.4179871,-1.093366,17.17,20.86,20.86,21.0,21.73,80.27571428571429,2.0031349206349205,,143.405
2018-10-22,24.67,19.74,87.4,68.33,10.43,7.1499999999999995,78.0,1.143,0.2902074,-1.9931519999999998,18.16,20.85,20.85,21.0,23.616190476190475,73.27666666666667,2.4617195767195765,,403.65714285714284
2018-10-23,27.95,19.14,90.6,52.86,29.98,8.838888888888889,64.0,0.0,0.2475057,-1.857859,18.84,21.58,21.58,23.0,24.45521739130435,75.40173913043478,2.298828502415459,,239.81830434782609
2018-10-24,29.78,20.94,87.4,53.44,19.64,7.269444444444445,112.0,0.229,0.3761451,-2.162442,20.57,23.83,23.83,17.0,21.978235294117646,88.3,3.929362745098039,,50.571823529411766
2018-10-25,,,,,,,,,,,,,,16.0,22.79,90.73125,2.3777604166666664,,91.14225
2018-10-26,23.94,22.19,91.5,87.1,4.383,6.038888888888888,82.0,6.858,0.3906174,-1.542686,21.27,22.83,22.83,17.0,24.410588235294117,87.11764705882354,2.0296078431372546,,116.66747058823529
2018-10-27,25.94,22.35,93.0,81.9,6.84,8.13888888888889,85.0,6.629,0.1861739,-1.773042,22.37,24.09,24.09,19.0,28.07684210526316,63.00578947368422,4.498815789473684,,440.2927368421053
2018-10-28,32.93,21.71,95.5,37.19,29.8,13.430555555555555,253.0,0.229,0.5656247,-1.601726,17.1,21.74,21.74,24.0,23.3325,67.52583333333332,2.744259259259259,,364.39300000000003
2018-10-29,28.42,21.02,79.44,46.54,30.18,9.761111111111111,122.0,0.0,0.9636247,-1.299271,17.63,21.57,21.57,24.0,22.855,74.67083333333333,2.3671527777777777,,221.02670833333332
2018-10-30,26.76,20.05,87.4,58.01,18.81,8.511111111111111,71.0,0.0,0.5011694,-1.144106,18.23,22.32,22.32,24.0,24.675,72.55749999999999,2.7369675925925923,,314.9745
2018-10-31,28.37,22.33,78.8,58.47,26.86,9.511111111111111,76.0,0.0,0.24176099999999998,-1.151061,20.17,25.0,25.0,24.0,24.417916666666667,78.865,2.2196296296296296,,74.88395833333334
2018-11-01,26.56,23.06,88.0,68.45,6.466,10.8,230.0,3.658,0.1920412,-1.107523,20.37,23.6,23.6,21.0,24.38952380952381,80.39809523809524,2.506838624338624,,142.54238095238094
2018-11-02,29.72,22.27,89.0,60.19,10.31,7.95,113.0,2.743,0.5392461,-0.6437737,19.59,23.01,23.01,24.0,23.56833333333333,79.39333333333333,1.8705787037037036,,162.04887499999998
2018-11-03,28.18,20.57,93.1,59.41,13.99,5.71111111111111,93.0,3.2,0.6833625,-0.7490513,20.6,23.17,23.17,24.0,24.890416666666667,80.745,2.3477430555555556,,222.07929166666668
2018-11-04,31.26,22.49,90.0,61.41,19.17,14.530555555555555,161.0,18.06,1.046499,-1.053258,20.78,22.67,22.67,24.0,23.311666666666667,81.42375,1.7126273148148148,,109.61633333333333
2018-11-05,25.72,21.7,87.9,64.76,9.16,6.65,89.0,3.658,1.239944,-0.5992367,18.95,21.95,21.95,23.0,23.92304347826087,73.06608695652174,2.022427536231884,,194.03860869565216
2018-11-06,27.55,21.79,84.7,57.79,15.82,10.319444444444445,68.0,0.457,0.6481688,-1.133364,19.1,22.8,22.8,24.0,24.2925,76.845,2.1666435185185184,,263.762
2018-11-07,29.14,20.68,88.4,59.2,22.77,8.338888888888889,74.0,0.914,0.6717479,-1.387653,21.01,24.17,24.17,24.0,24.892083333333332,77.80125,2.9447337962962963,,252.92775000000003
2018-11-08,28.67,22.52,89.2,58.72,21.84,7.961111111111111,112.0,2.286,1.080496,-1.499224,17.93,22.92,22.92,24.0,23.83375,73.3325,3.9204166666666667,,250.77245833333333
2018-11-09,27.57,20.92,87.5,54.9,21.65,12.419444444444444,93.0,0.457,0.8454725999999999,-1.505917,19.23,21.69,21.69,13.0,22.93846153846154,85.29769230769232,3.1456196581196583,,110.34069230769231
2018-11-21,,,,,,,,,,,,,,1.0,28.09,47.39,3.3805555555555555,,614.1
2018-11-27,,,,,,,,,,,,,,1.0,22.03,86.4,1.6841666666666666,,0.0
2018-11-28,,,,,,,,,,,,,,3.0,24.455,79.27666666666666,2.0569444444444445,,16.316999999999997
2018-11-29,,,,,,,,,,,,,,3.0,24.436666666666667,86.5,0.8093518518518518,,101.8
2018-11-30,24.13,23.38,94.7,90.6,0.0,1.2,13.0,0.0,737.181,737.181,22.49,24.11,24.11,4.0,24.6275,89.5,0.6945138888888889,,88.7
2018-12-01,,,,,,,,,,,,,,3.0,24.03333333333333,89.46666666666665,0.9237037037037036,,43.07
2018-12-02,,,,,,,,,,,,,,2.0,25.09,87.25,1.9541666666666666,,134.0
2018-12-03,,,,,,,,,,,,,,1.0,21.38,77.59,2.1275,,62.12
2018-12-04,,,,,,,,,,,,,,2.0,21.299999999999997,85.6,2.553472222222222,,113.94
2018-12-05,,,,,,,,,,,,,,2.0,23.245,86.7,1.4725,,52.7
2018-12-06,,,,,,,,,,,,,,2.0,24.015,76.455,2.3680555555555554,,0.0
2018-12-07,23.45,23.45,79.41,79.41,0.0,1.51,315.0,0.0,,,19.7,23.45,23.45,3.0,22.21666666666667,84.70333333333333,1.356111111111111,,64.31333333333333
2018-12-08,,,,,,,,,,,,,,1.0,19.55,76.95,3.4527777777777775,,106.9
2018-12-09,,,,,,,,,,,,,,2.0,20.005000000000003,80.88,0.715,,63.9
2018-12-10,,,,,,,,,,,,,,1.0,21.67,80.3,0.8927777777777778,,88.3
2018-12-16,28.06,27.78,78.8,78.22,0.0,2.3805555555555555,84.0,0.0,911.7549,911.7549,23.93,31.97,28.06,,,,,,
2019-03-01,,,,,,,,,,,,,,9.0,27.70888888888889,79.44888888888889,1.977561728395062,,99.71999999999998
2019-03-02,29.9,25.66,86.0,70.12,3.183,5.069444444444445,75.0,142.5,,,23.14,25.67,25.67,24.0,29.041666666666668,73.65833333333333,1.7540624999999999,,361.7225
2019-03-03,35.79,24.19,89.7,50.65,31.23,7.161111111111111,65.0,0.0,,,24.03,29.6,26.75,24.0,29.48,76.19791666666667,2.5370601851851853,,351.3233333333333
2019-03-04,34.63,25.72,89.0,53.82,30.34,7.388888888888889,73.0,0.0,,,24.55,32.62,28.16,24.0,29.15041666666667,78.44875,2.0024305555555553,,262.94166666666666
2019-03-05,33.21,25.77,88.8,64.8,22.7,8.03888888888889,67.0,0.0,,,24.6,32.07,27.84,24.0,29.883750000000003,76.80416666666666,2.2542939814814815,,322.96070833333334
2019-03-06,34.77,26.32,90.8,58.79,27.88,8.588888888888889,71.0,0.0,,,23.96,32.68,28.47,24.0,29.62625,78.7025,2.0440046296296295,,262.913
2019-03-07,34.28,26.67,89.3,64.43,22.7,8.71111111111111,80.0,2.743,,,24.85,30.78,27.12,24.0,28.9375,79.78541666666666,1.4211226851851853,,154.66016666666667
2019-03-08,34.74,26.22,89.0,52.82,13.35,5.6305555555555555,63.0,0.914,,,24.43,30.91,27.3,24.0,30.56833333333333,70.07625,2.3531944444444446,,273.075375
2019-03-09,36.72,25.93,87.7,45.92,23.58,11.688888888888888,214.0,0.0,,,22.76,26.34,26.34,24.0,29.169166666666666,76.44791666666667,2.005347222222222,,203.53133333333335
2019-03-10,35.15,25.5,88.7,58.99,17.58,7.480555555555555,130.0,9.83,,,23.33,26.25,26.25,24.0,26.462500000000002,79.91833333333334,2.8197569444444444,,93.57350000000001
2019-03-11,29.53,24.09,89.1,68.32,8.07,7.780555555555556,143.0,5.486,,,20.85,24.76,24.76,24.0,25.332083333333333,78.80125,1.9270370370370369,,106.49879166666666
2019-03-12,28.96,23.45,88.0,64.07,9.2,5.319444444444444,78.0,0.229,,,22.05,24.2,24.2,24.0,25.673333333333332,81.76958333333333,2.273761574074074,,141.33095833333334
2019-03-13,28.7,23.2,90.0,70.5,12.2,6.061111111111111,213.0,0.229,,,22.88,25.58,25.58,24.0,27.7225,80.41875,2.0774305555555554,,274.720625
2019-03-14,34.04,24.67,89.3,61.29,23.72,12.96111111111111,319.0,7.366,,,24.19,26.17,26.17,24.0,28.500416666666666,80.46625,1.8993171296296296,,233.91354166666667
2019-03-15,35.25,25.58,90.5,51.96,20.2,9.119444444444444,165.0,28.35,,,24.95,26.65,26.65,24.0,26.344166666666666,85.625,2.343981481481481,,72.08329166666667
2019-03-16,28.12,24.85,91.7,74.74,6.225,8.11111111111111,167.0,69.21,,,23.35,25.41,25.41,24.0,26.709166666666665,84.20958333333333,2.3597800925925925,,83.33133333333333
2019-03-17,29.63,25.01,89.8,73.48,7.194,8.130555555555555,115.0,12.01,,,23.86,26.49,26.49,24.0,27.451666666666668,81.99249999999999,1.4252546296296298,,125.10016666666667
2019-03-18,31.53,25.17,88.9,66.0,10.8,5.269444444444444,91.0,0.229,,,24.1,29.71,26.79,24.0,28.38,81.36666666666666,1.7821180555555556,,180.51129166666666
2019-03-19,32.72,25.61,89.3,65.31,15.59,6.380555555555555,237.0,0.229,,,23.69,26.26,26.26,24.0,28.610833333333332,76.03208333333333,2.5030555555555556,,252.0689166666667
2019-03-20,34.66,25.27,89.2,53.52,21.76,7.230555555555556,111.0,0.686,,,23.84,30.53,27.28,24.0,26.922916666666666,74.69083333333333,2.888761574074074,,127.90920833333332
2019-03-21,30.42,22.29,86.2,56.75,11.04,8.86111111111111,138.0,0.229,,,19.91,22.61,22.61,24.0,24.028333333333332,77.05041666666666,2.4455671296296297,,59.812041666666666
2019-03-22,27.09,21.07,88.3,63.65,5.164,9.438888888888888,122.0,1.8290000000000002,,,19.1,21.12,21.12,24.0,21.857916666666668,87.13333333333333,2.124247685185185,,73.28658333333334
2019-03-23,24.36,20.38,89.6,79.44,6.327,6.499999999999999,236.0,12.8,,,20.16,22.25,22.25,24.0,25.501666666666665,76.50833333333334,1.6811574074074074,,286.2343333333333
2019-03-24,32.4,20.85,90.1,52.91,24.71,6.638888888888888,114.0,0.229,,,21.9,24.72,24.72,24.0,27.139583333333334,76.96625,1.9417824074074075,,313.94991666666664
2019-03-25,32.1,22.6,88.6,60.61,27.11,7.911111111111111,72.0,0.0,,,23.51,25.88,25.88,24.0,28.185000000000002,76.41041666666666,2.999375,,290.97470833333335
2019-03-26,35.27,24.65,90.1,46.21,25.12,8.430555555555555,102.0,0.0,,,22.44,25.15,25.15,24.0,24.7025,82.80624999999999,1.888912037037037,,46.859125
2019-03-27,26.62,22.87,90.3,68.73,4.046,4.419444444444444,248.0,1.6,,,21.5,23.19,23.19,24.0,23.72791666666667,82.04791666666667,2.301365740740741,,58.34579166666666
2019-03-28,25.92,22.23,90.8,67.95,5.038,5.738888888888889,239.0,4.572,,,21.13,23.07,23.07,24.0,24.103333333333335,85.78875,2.51125,,108.423
2019-03-29,26.42,22.2,90.7,76.18,9.36,7.980555555555555,130.0,14.17,,,21.23,23.39,23.39,24.0,25.244583333333335,79.34208333333333,2.531597222222222,,185.67258333333334
2019-03-30,29.67,22.37,90.7,63.65,16.03,7.830555555555556,71.0,7.5440000000000005,,,21.66,24.18,24.18,24.0,25.721666666666664,73.93541666666667,1.905787037037037,,304.20725
2019-03-31,31.08,21.77,89.6,51.18,26.27,6.861111111111111,76.0,0.0,,,19.71,22.25,22.25,24.0,25.643333333333334,77.3,1.5215046296296295,,190.04995833333336
2019-04-01,29.94,21.93,86.9,63.1,16.41,4.25,126.0,0.0,,,22.68,25.09,25.09,24.0,27.026666666666667,76.81416666666667,2.1444907407407405,,291.25883333333337
2019-04-02,31.36,24.01,89.1,56.7,25.15,8.519444444444444,71.0,0.457,,,21.98,24.72,24.72,24.0,26.932083333333335,75.31291666666667,1.9888310185185185,,294.366875
2019-04-03,31.26,22.77,87.1,56.74,25.42,7.46111111111111,100.0,0.0,,,22.43,25.63,25.63,24.0,27.6225,78.60041666666667,1.6647569444444443,,250.77345833333334
2019-04-04,32.79,23.95,88.0,59.63,21.65,6.288888888888889,64.0,0.0,,,23.75,26.39,26.39,24.0,28.377916666666668,81.35375,1.7601504629629627,,234.26829166666667
2019-04-05,32.65,25.4,89.1,66.02,20.23,7.95,80.0,0.0,,,25.59,34.23,28.52,24.0,29.117500000000003,80.92833333333333,2.4055671296296297,,145.18733333333333
2019-04-06,34.38,26.3,88.1,63.89,12.54,11.05,199.0,5.055,,,22.47,26.38,26.38,24.0,25.638333333333335,78.32333333333334,1.6605671296296294,,71.10312499999999
2019-04-07,28.13,23.56,90.2,66.13,6.139,5.8,160.0,13.26,,,22.18,23.91,23.91,24.0,24.262916666666666,88.46249999999999,2.2501157407407404,,46.394416666666665
2019-04-08,25.67,22.76,90.6,85.2,4.005,6.7,149.0,31.09,,,21.05,23.02,23.02,24.0,23.400833333333335,83.39916666666666,2.354016203703704,,87.59308333333333
2019-04-09,25.47,22.07,89.3,74.59,7.563,8.080555555555556,201.0,1.8290000000000002,,,19.76,23.4,23.4,24.0,23.969166666666666,73.68458333333334,2.3778819444444443,,164.17175
2019-04-10,27.71,20.61,88.3,54.6,14.17,6.519444444444444,140.0,0.0,,,18.96,21.46,21.46,24.0,24.38291666666667,76.79291666666667,1.7155671296296295,,242.69195833333333
2019-04-11,30.84,19.4,88.1,52.87,20.96,6.2,115.0,0.686,,,20.63,24.32,24.32,24.0,26.057916666666667,76.76083333333334,1.5508449074074073,,220.231
2019-04-12,32.14,22.32,87.7,55.03,19.01,5.261111111111111,70.0,0.0,,,21.66,23.98,23.98,24.0,26.25708333333333,78.68458333333334,1.6724189814814814,,266.84820833333333
2019-04-13,33.02,21.79,91.4,50.29,23.04,6.980555555555555,84.0,0.0,,,23.46,25.52,25.52,24.0,26.45625,80.57708333333333,1.797488425925926,,206.72991666666667
2019-04-14,32.02,22.83,90.7,57.74,17.85,7.3388888888888895,65.0,0.0,,,23.55,26.22,26.22,24.0,27.752916666666668,80.63125000000001,1.8445138888888888,,208.192125
2019-04-15,33.02,24.43,89.5,59.84,17.98,5.461111111111111,87.0,0.0,,,24.6,26.62,26.62,24.0,28.077083333333334,78.72083333333333,1.665289351851852,,259.90208333333334
2019-04-16,32.81,24.11,90.1,57.16,22.44,6.35,77.0,0.0,,,23.47,26.0,26.0,24.0,26.41333333333333,82.30916666666667,1.6585416666666666,,139.75604166666668
2019-04-17,31.65,23.93,89.0,63.04,12.07,6.038888888888888,127.0,2.515,,,21.05,24.15,24.15,24.0,26.51833333333333,70.32833333333333,2.318298611111111,,270.8085
2019-04-18,31.92,22.57,88.1,43.04,23.38,9.088888888888889,225.0,0.0,,,18.39,22.68,22.68,24.0,25.618750000000002,71.6875,1.8180439814814815,,267.24966666666666
2019-04-19,32.01,20.42,84.2,48.08,23.07,5.988888888888888,76.0,0.0,,,21.1,24.31,24.31,24.0,26.254583333333333,76.14416666666666,1.6577083333333331,,262.72333333333336
2019-04-20,31.07,21.71,88.1,57.86,22.69,6.680555555555555,76.0,0.0,,,22.34,24.92,24.92,24.0,27.267083333333332,77.95041666666667,1.5238657407407405,,220.76375
2019-04-21,34.47,23.08,88.8,48.39,19.06,5.319444444444444,161.0,0.0,,,21.89,26.0,26.0,24.0,26.572083333333335,77.55541666666666,1.5251504629629629,,123.30195833333333
2019-04-22,29.94,24.7,89.2,60.09,10.65,5.561111111111111,77.0,5.944,,,23.04,24.97,24.97,24.0,24.19458333333333,88.325,2.087974537037037,,19.252375
2019-04-23,25.28,22.97,92.0,83.5,1.662,5.219444444444444,218.0,31.32,,,21.13,23.39,23.39,24.0,23.390416666666667,88.35833333333333,3.0477430555555554,,40.69083333333334
2019-04-24,24.36,22.73,90.8,82.1,3.5140000000000002,6.538888888888889,234.0,3.658,,,21.19,22.95,22.95,24.0,25.086250000000003,87.34458333333333,2.541909722222222,,108.96908333333333
2019-04-25,28.98,22.52,91.8,76.05,9.41,5.861111111111112,234.0,40.0,,,23.79,25.77,25.77,24.0,27.119583333333335,84.22625000000001,1.5400462962962962,,128.98916666666665
2019-04-26,31.21,25.08,90.9,67.29,11.14,4.9,89.0,0.0,,,23.67,25.65,25.65,24.0,27.187083333333334,83.25750000000001,1.6624652777777778,,205.06458333333333
2019-04-27,31.47,25.33,89.1,67.59,10.72,6.169444444444444,71.0,0.0,,,23.51,25.43,25.43,24.0,26.976249999999997,85.26583333333333,1.2698726851851851,,119.91779166666667
2019-04-28,31.11,25.08,90.3,72.56,10.36,6.580555555555556,212.0,5.486,0.4336269,-4.031424,24.06,26.04,26.04,24.0,25.51125,85.58583333333333,1.87625,,51.68320833333333
2019-04-29,28.08,23.66,89.1,74.23,4.46,7.419444444444444,119.0,2.286,0.5554317999999999,-3.13842,21.67,23.88,23.88,24.0,24.73625,77.75750000000001,1.6314120370370369,,165.11625
2019-04-30,29.5,22.43,89.6,58.26,14.26,5.461111111111111,144.0,0.229,1.489071,-2.673314,20.11,23.87,23.87,24.0,25.232916666666668,75.72791666666667,1.6556944444444444,,178.18004166666665
2019-05-01,28.87,22.3,87.1,63.08,15.39,6.588888888888889,67.0,0.0,0.08865189999999999,-4.8128139999999995,21.37,24.92,24.92,24.0,25.35291666666667,81.01958333333333,1.1585185185185185,,97.13908333333335
2019-05-02,28.83,22.9,88.6,68.68,8.39,3.6,152.0,0.0,0.5554323,-3.101212,22.47,24.7,24.7,24.0,25.49416666666667,85.09083333333334,1.2711342592592592,,96.224125
2019-05-03,28.01,23.46,89.7,75.02,8.31,3.7888888888888888,184.0,8.48,1.177857,-2.712213,23.44,25.63,25.63,24.0,27.40833333333333,83.52291666666666,1.7579166666666666,,219.67708333333334
2019-05-04,31.49,24.41,90.1,69.63,18.97,6.449999999999999,68.0,0.0,1.605738,-1.83461,24.75,30.21,26.88,24.0,28.43375,84.27583333333332,1.4564699074074074,,143.12091666666666
2019-05-05,32.54,26.04,89.8,71.29,12.36,4.25,100.0,0.0,1.451734,-1.834612,24.2,26.04,26.04,24.0,27.62375,81.64041666666667,1.6916087962962962,,165.61333333333334
2019-05-06,31.62,25.16,91.2,66.86,14.3,5.938888888888888,62.0,0.0,1.955901,-2.245406,24.66,31.72,27.64,24.0,28.43375,80.24583333333334,1.8991666666666667,,180.45725000000002
2019-05-07,33.36,25.38,89.2,64.2,15.58,10.388888888888888,123.0,3.886,1.60572,-1.8504109999999998,23.49,25.43,25.43,24.0,25.24083333333333,80.82291666666667,1.9751967592592592,,48.74491666666666
2019-05-08,26.57,23.3,89.2,70.65,4.209,5.419444444444445,120.0,0.457,1.7731629999999998,-2.691921,19.47,23.38,23.38,24.0,23.967083333333335,76.87916666666666,1.4956249999999998,,86.454875
2019-05-09,26.71,22.13,86.2,62.18,7.465,4.538888888888889,68.0,0.0,1.022245,-1.778602,20.69,23.45,23.45,24.0,24.327916666666667,82.36958333333332,1.8146759259259257,,138.38591666666667
2019-05-10,28.36,22.45,89.4,65.29,11.95,6.269444444444444,76.0,2.057,1.489091,-2.245406,20.99,23.22,23.22,24.0,25.3275,82.23166666666667,1.2931481481481482,,124.87650000000001
2019-05-11,28.95,22.72,89.6,69.93,10.78,4.3805555555555555,67.0,0.229,1.7731919999999999,-2.712211,22.9,25.06,25.06,24.0,25.45,86.77499999999999,1.5539930555555557,,50.372833333333325
2019-05-12,28.03,22.41,89.5,78.25,4.349,7.238888888888888,181.0,8.71,1.773283,-1.352363,21.05,22.91,22.91,24.0,23.65125,85.30041666666666,1.8495833333333334,,45.22358333333333
2019-05-13,25.5,22.36,89.9,77.0,3.906,5.530555555555556,100.0,1.3719999999999999,2.033683,-0.5337746,20.61,22.56,22.56,24.0,23.514166666666668,86.82083333333333,1.300162037037037,,50.48379166666666
2019-05-14,25.71,22.13,90.2,79.51,4.356,4.061111111111111,239.0,1.143,3.823178,-0.1058741,22.16,23.95,23.95,24.0,24.464583333333334,74.32083333333334,3.770925925925926,,193.72387500000002
2019-05-15,27.73,22.49,90.1,56.05,16.73,11.61111111111111,159.0,0.229,3.823068,-0.3781753,17.16,22.81,22.81,24.0,22.22083333333333,78.47208333333333,3.450358796296296,,88.04208333333334
2019-05-16,24.52,20.58,87.4,67.06,7.601,6.938888888888889,219.0,4.343,3.623049,-1.2673269999999999,18.78,21.19,21.19,24.0,22.433333333333334,80.83875,3.3680324074074073,,90.832875
2019-05-17,25.2,19.36,90.2,62.36,7.843,11.66111111111111,116.0,16.99,6.684927,0.08867478000000001,17.86,19.64,19.64,24.0,21.93375,82.19333333333334,2.4371180555555556,,115.85025
2019-05-18,27.03,19.32,89.7,65.58,10.0,6.938888888888889,107.0,0.686,100.4534,-0.2892451,19.11,21.53,21.53,24.0,22.674166666666665,86.39625000000001,1.9152199074074074,,100.50529166666666
2019-05-19,26.37,20.86,90.0,73.68,8.68,7.319444444444445,80.0,9.83,162.0723,38.83434,20.14,21.89,21.89,24.0,23.21166666666667,86.69833333333334,2.0645949074074075,,76.78475
2019-05-20,26.9,21.53,90.9,75.25,6.63,5.230555555555555,212.0,5.486,213.4241,49.10445,21.4,23.27,23.27,24.0,24.856666666666666,82.18208333333332,1.475462962962963,,181.58408333333333
2019-05-21,29.93,22.25,90.2,61.44,15.68,6.080555555555556,86.0,0.229,408.5503,38.83422,21.06,23.05,23.05,24.0,23.979583333333334,84.615,1.424710648148148,,154.65445833333334
2019-05-22,28.83,20.34,90.8,67.98,13.35,4.280555555555556,70.0,0.229,346.9306,38.83453,21.51,23.71,23.71,24.0,25.084166666666665,82.435,1.6806944444444445,,155.09716666666668
2019-05-23,29.95,21.98,89.6,60.73,13.39,4.9,106.0,0.0,151.8038,49.10368,22.23,24.3,24.3,24.0,23.917083333333334,88.675,1.0037962962962963,,19.416125
2019-05-24,24.54,23.0,90.2,87.0,1.6760000000000002,3.188888888888889,216.0,8.69,120.9946,38.83407,21.37,23.06,23.06,24.0,22.752916666666668,82.90541666666667,1.980601851851852,,50.629375
2019-05-25,25.77,17.88,90.9,52.59,4.372,12.45,85.0,17.14,141.5342,38.83383,13.29,19.1,19.1,24.0,21.403750000000002,68.44458333333334,2.257430555555555,,206.15829166666666
2019-05-26,27.36,17.17,85.1,43.82,17.8,7.638888888888888,225.0,0.0,295.58,18.29459,16.15,19.38,19.38,24.0,21.262916666666666,77.14708333333333,1.5777546296296296,,161.17641666666665
2019-05-27,25.94,17.37,88.2,63.91,13.92,5.861111111111112,99.0,0.0,275.0385,38.83372,17.46,19.82,19.82,24.0,21.74291666666667,80.6975,1.2577199074074075,,138.37645833333332
2019-05-28,26.98,18.26,88.9,60.88,11.95,4.3694444444444445,88.0,0.0,285.3101,49.10345,18.6,20.74,20.74,24.0,21.790000000000003,87.14583333333333,1.5772569444444444,,17.806333333333335
2019-05-29,24.03,20.02,89.7,79.29,1.537,11.019444444444444,223.0,9.14,244.231,79.91302,20.1,22.52,22.52,24.0,23.654583333333335,81.65916666666666,1.3095023148148148,,96.09129166666666
2019-05-30,26.94,21.59,88.9,66.88,8.3,3.819444444444444,88.0,0.0,449.6271,49.10454,20.48,22.62,22.62,24.0,22.47875,90.39999999999999,1.4657523148148146,,16.569625
2019-05-31,23.2,21.34,91.4,87.6,1.431,9.78888888888889,225.0,64.87,418.8192,120.9927,21.16,22.66,22.66,24.0,22.290000000000003,90.09583333333335,1.9619907407407406,,24.687416666666667
2019-06-01,22.77,21.74,91.8,86.7,2.132,7.25,246.0,33.15,418.8177,141.5309,19.99,22.17,22.17,24.0,22.741249999999997,86.78000000000002,1.5842013888888886,,93.66041666666666
2019-06-02,25.96,21.49,90.6,74.77,8.09,5.6499999999999995,165.0,8.69,552.3195,38.83399,20.28,21.91,21.91,24.0,22.797916666666666,88.0625,1.7858912037037038,,70.48058333333334
2019-06-03,25.47,21.59,90.9,78.57,6.085,7.3,102.0,17.25,634.4714,59.37452,20.03,21.74,21.74,24.0,22.02625,85.64875,2.5497916666666667,,78.78525
2019-06-04,26.02,19.27,91.3,72.52,6.802,9.85,149.0,20.12,603.6738,,16.59,19.96,19.96,24.0,19.937916666666666,77.00791666666667,1.6911921296296297,,194.81308333333334
2019-06-05,25.72,16.1,90.7,46.92,16.82,5.511111111111111,124.0,0.0,562.5845,,15.28,17.64,17.64,24.0,19.554166666666667,81.31666666666666,1.3736574074074073,,137.87970833333333
2019-06-06,25.49,15.81,89.5,63.79,11.91,4.019444444444445,105.0,0.0,429.088,,17.63,19.56,19.56,24.0,21.104583333333334,84.7525,1.2122337962962961,,97.45329166666666
2019-06-07,26.02,18.62,90.0,66.95,8.41,3.9194444444444443,102.0,1.143,305.8475,-12.51543,18.15,19.93,19.93,24.0,21.65375,81.38416666666667,1.4201504629629629,,192.38070833333333
2019-06-08,27.86,17.46,91.6,55.83,16.61,4.969444444444444,324.0,0.0,357.1967,-2.245406,17.43,19.56,19.56,24.0,22.121666666666666,80.51291666666667,1.6268518518518518,,192.13820833333332
2019-06-09,28.9,17.46,89.1,57.57,16.59,6.138888888888889,83.0,0.0,316.123,8.024515,20.39,22.42,22.42,24.0,22.9075,81.52499999999999,1.4380324074074073,,155.64362500000001
2019-06-10,27.73,20.0,89.4,58.25,13.44,5.45,83.0,0.0,470.1701,8.024505,18.79,20.6,20.6,24.0,22.02125,84.05875,1.5139004629629629,,154.41049999999998
2019-06-11,26.54,19.1,91.8,68.95,13.33,5.838888888888889,70.0,0.0,326.3905,8.024593,18.91,20.75,20.75,24.0,22.47375,81.01625,1.2421643518518517,,168.96683333333334
2019-06-12,28.35,19.5,91.1,54.63,14.59,4.199999999999999,111.0,0.0,346.9288,-2.245406,18.39,20.5,20.5,24.0,21.9275,84.51208333333334,1.5148148148148148,,157.03433333333334
2019-06-13,25.93,18.94,89.5,68.78,13.56,5.180555555555555,73.0,0.0,223.6936,-2.245406,20.35,22.39,22.39,24.0,23.34958333333333,84.06541666666666,1.3675,,159.51745833333334
2019-06-14,30.2,21.14,90.7,58.39,13.77,4.061111111111111,76.0,0.0,131.2632,,19.75,21.49,21.49,24.0,23.57625,83.61541666666666,1.2946296296296296,,172.06775000000002
2019-06-15,30.52,19.41,91.5,56.65,14.86,5.249999999999999,71.0,0.0,172.3432,18.29455,21.16,22.85,22.85,24.0,23.95625,87.36708333333333,1.6073148148148146,,151.80208333333334
2019-06-16,29.75,22.21,91.1,70.13,13.11,5.080555555555555,80.0,0.0,172.3415,28.56398,21.7,23.31,23.31,24.0,23.90416666666667,86.74208333333333,1.367824074074074,,124.48108333333333
2019-06-17,27.54,22.12,91.1,75.18,10.75,4.1194444444444445,97.0,0.0,141.5315,28.56426,20.62,22.21,22.21,24.0,23.9025,81.1275,1.5390509259259257,,164.95079166666667
2019-06-18,28.58,21.84,91.2,59.3,14.24,5.75,77.0,0.0,141.532,28.56401,19.7,21.85,21.85,24.0,23.660416666666666,83.11375,1.347789351851852,,139.65208333333334
2019-06-19,25.8,20.67,89.6,79.05,0.203,4.6,79.0,0.0,975.6658,588.6111,19.01,21.1,21.1,24.0,23.809583333333332,79.94625,1.4005208333333332,,158.9742916666667
2019-06-20,30.41,19.92,90.0,52.69,13.73,3.6805555555555554,86.0,0.0,906.6498,570.6721,20.66,23.2,23.2,24.0,23.1975,72.45291666666667,1.9065972222222223,,171.88704166666665
2019-06-21,27.06,20.56,89.8,45.09,14.84,6.011111111111111,99.0,0.0,,,16.81,22.13,22.13,24.0,22.0,77.05291666666666,0.956400462962963,,77.28875000000001
2019-06-22,25.22,19.76,87.8,67.14,6.673,2.75,223.0,0.0,,,18.16,20.23,20.23,24.0,22.79125,78.59625,1.449664351851852,,180.00666666666666
2019-06-23,29.48,19.34,88.4,48.43,15.54,5.338888888888889,105.0,0.0,,,18.32,20.39,20.39,24.0,22.330833333333334,80.68458333333334,1.5303125,,177.285125
2019-06-24,28.12,17.25,89.7,57.87,15.31,5.6,81.0,0.0,,,19.49,21.43,21.43,24.0,23.519166666666667,76.51208333333334,1.4306712962962962,,180.33666666666667
2019-06-25,30.75,19.0,89.2,49.47,15.57,4.969444444444444,84.0,0.0,,,18.62,21.37,21.37,24.0,24.140833333333333,73.595,1.689849537037037,,179.29
2019-06-26,31.84,19.01,89.1,38.47,15.48,5.480555555555555,84.0,0.0,,,16.89,23.15,23.15,24.0,20.24416666666667,83.55125,2.7633217592592594,,15.319249999999998
2019-06-27,23.91,15.12,90.5,63.9,1.323,10.41111111111111,133.0,54.41,,,13.6,15.25,15.25,24.0,18.107083333333332,82.74,1.3161574074074074,,61.631750000000004
2019-06-28,22.03,15.22,92.4,68.22,5.321,5.188888888888889,215.0,2.515,,,16.7,19.48,19.48,24.0,21.730416666666667,82.75166666666667,1.3967824074074073,,135.23933333333332
2019-06-29,25.99,18.02,90.2,74.11,11.68,5.488888888888889,73.0,0.0,213.4226,172.8079,21.2,23.6,23.6,24.0,24.482083333333335,83.98416666666667,1.407337962962963,,164.59375
2019-06-30,28.06,22.48,89.9,71.3,14.21,4.261111111111111,84.0,0.0,303.4803,201.9415,21.01,22.77,22.77,24.0,25.82166666666667,76.61208333333333,1.541111111111111,,176.16704166666668
2019-07-01,37.11,20.71,92.3,34.91,15.21,6.7,160.0,0.0,388.9401,209.7229,21.33,23.75,23.75,24.0,21.094166666666666,85.86666666666667,2.8445023148148145,,27.780625
2019-07-02,23.95,18.0,89.1,78.98,2.398,7.780555555555556,125.0,12.34,249.6336,182.6099,16.45,18.31,18.31,24.0,18.957916666666666,88.99583333333334,1.6395486111111113,,36.80470833333333
2019-07-03,20.83,17.92,90.8,82.8,3.178,3.9805555555555556,143.0,3.429,453.9064,292.155,17.62,19.48,19.48,24.0,20.05125,86.0,1.6672106481481481,,23.96345833333333
2019-07-04,22.13,18.97,91.5,77.86,2.069,4.961111111111111,201.0,4.572,500.9747,334.4589,15.73,19.65,19.65,24.0,18.31375,80.29083333333334,1.981273148148148,,59.194958333333325
2019-07-05,19.9,16.06,90.3,65.98,5.111,5.938888888888888,136.0,0.229,696.8985,396.8828,12.07,17.31,17.31,24.0,17.836666666666666,58.88833333333333,3.4862847222222224,,193.48083333333332
2019-07-06,23.17,13.82,84.8,27.06,16.7,13.380555555555556,230.0,0.0,1050.42,473.0985,1.226,14.01,14.01,24.0,14.847499999999998,54.185,2.745509259259259,,201.39625
2019-07-07,20.78,10.23,81.3,34.31,17.39,10.06111111111111,239.0,0.0,3037.545,466.0462,8.91,12.68,12.68,24.0,13.897083333333333,64.63708333333334,1.8385763888888889,,203.17525
2019-07-08,20.4,8.97,82.5,36.65,17.54,4.661111111111111,237.0,0.0,2411.118,,7.532,11.13,11.13,24.0,14.920833333333334,75.78083333333333,1.5932175925925927,,197.7279166666667
2019-07-09,22.17,9.9,86.7,55.75,17.07,6.1,80.0,0.0,2113.322,,12.08,14.31,14.31,24.0,17.298333333333332,79.79458333333334,1.6649884259259258,,196.05804166666667
2019-07-10,22.96,13.08,89.0,59.74,16.93,5.930555555555556,75.0,0.0,1620.375,262.7145,15.16,17.27,17.27,24.0,18.849166666666665,81.32208333333334,1.4260069444444445,,192.35208333333333
2019-07-11,24.31,14.63,90.3,61.0,16.61,4.8694444444444445,65.0,0.0,827.9186,226.6228,15.79,17.76,17.76,24.0,19.519583333333333,79.70708333333333,1.3200462962962962,,185.09558333333334
2019-07-12,27.2,13.85,89.3,52.44,15.98,3.188888888888889,78.0,0.0,732.0426,266.8224,15.5,17.49,17.49,24.0,19.690416666666668,82.43583333333333,1.4039351851851851,,189.76691666666667
2019-07-13,25.81,14.63,90.7,64.85,16.38,5.1,101.0,0.0,,,16.71,18.82,18.82,24.0,21.760416666666668,78.17791666666666,1.3309490740740741,,153.70954166666667
2019-07-14,28.92,17.41,89.4,49.91,13.27,6.561111111111111,143.0,0.0,,,18.13,20.78,20.78,24.0,21.778333333333332,81.33624999999999,1.683888888888889,,148.357125
2019-07-15,25.49,19.26,88.4,67.75,12.81,5.888888888888888,115.0,0.229,,,17.27,19.66,19.66,24.0,19.037916666666668,88.25833333333333,1.7884606481481482,,18.782333333333334
2019-07-16,19.82,18.53,90.1,85.7,1.6219999999999999,6.888888888888889,116.0,5.486,,,16.71,18.67,18.67,24.0,18.12625,70.41041666666666,2.409733796296296,,210.58541666666667
2019-07-17,23.18,12.96,91.3,35.6,18.18,8.06111111111111,196.0,0.229,665.3073,,10.19,13.01,13.01,24.0,16.02125,79.82375,1.6090740740740739,,106.7575
2019-07-18,20.49,11.95,86.9,60.79,9.22,5.219444444444444,135.0,0.0,,,14.63,17.06,17.06,24.0,18.572083333333335,87.125,1.4719675925925924,,76.34762500000001
2019-07-19,21.64,16.26,89.4,80.2,6.596,6.738888888888889,78.0,3.429,,,17.49,21.02,21.02,24.0,21.438333333333333,81.27958333333333,1.5041550925925924,,80.14520833333334
2019-07-20,24.4,19.4,89.1,70.75,6.915,6.2,85.0,0.686,,,17.88,19.76,19.76,24.0,20.421666666666667,84.15083333333332,1.4987847222222221,,176.12029166666665
2019-07-21,24.84,17.38,90.8,65.34,15.21,5.76111111111111,80.0,0.0,,,17.6,19.5,19.5,24.0,21.392083333333332,83.34833333333333,1.470497685185185,,170.31604166666668
2019-07-22,25.62,18.47,90.4,68.87,14.71,6.969444444444444,80.0,0.0,,,17.87,19.84,19.84,24.0,21.454166666666666,84.58583333333333,1.20375,,125.52120833333333
2019-07-23,26.69,18.93,91.5,63.66,10.84,4.3805555555555555,73.0,0.0,,,17.98,19.82,19.82,24.0,22.17375,83.09958333333334,1.5391782407407408,,187.71758333333332
2019-07-24,29.42,17.71,91.5,59.3,16.21,5.4,92.0,0.0,,,19.4,21.11,21.11,24.0,23.08375,82.25625000000001,1.9303587962962963,,186.86570833333334
2019-07-25,28.84,19.22,90.2,60.96,16.13,6.549999999999999,129.0,0.0,,,19.72,21.57,21.57,24.0,22.58875,84.38875,2.00974537037037,,100.23708333333333
2019-07-26,25.87,21.33,89.2,71.45,8.65,5.011111111111111,115.0,0.0,,,19.24,21.68,21.68,24.0,22.46083333333333,83.82083333333334,1.396087962962963,,106.306625
2019-07-27,25.5,20.01,89.5,73.66,9.18,6.15,97.0,0.0,,,20.57,22.97,22.97,24.0,20.55666666666667,87.89999999999999,2.4922569444444442,,28.007041666666666
2019-07-28,23.01,17.87,90.7,83.0,2.418,6.1611111111111105,126.0,2.743,,,16.27,18.1,18.1,24.0,18.537499999999998,82.6925,1.5720601851851852,,44.06383333333333
2019-07-29,20.23,17.19,89.9,73.85,3.8040000000000003,4.3805555555555555,127.0,0.229,,,15.64,17.91,17.91,24.0,20.662916666666668,81.38041666666668,1.7142939814814815,,159.22
2019-07-30,25.46,17.77,86.9,68.45,13.75,6.780555555555555,76.0,0.0,,,18.65,21.27,21.27,24.0,22.287916666666664,81.47625000000001,1.4099305555555555,,134.754
2019-07-31,27.65,19.53,89.3,57.09,11.63,6.980555555555555,213.0,0.0,,,17.71,19.54,19.54,24.0,20.93583333333333,82.40541666666667,1.8549652777777776,,193.28891666666667
2019-08-01,25.34,17.28,91.1,67.22,16.69,6.169444444444444,82.0,0.0,,,18.1,21.47,21.47,24.0,22.709999999999997,78.83583333333333,1.4975462962962964,,201.77145833333336
2019-08-02,27.16,20.28,88.5,58.9,17.42,7.080555555555555,95.0,0.0,,,18.35,20.3,20.3,24.0,18.71375,82.32541666666667,2.755636574074074,,38.8205
2019-08-03,21.49,15.21,91.2,66.33,3.352,11.030555555555555,129.0,2.743,,,11.2,15.4,15.4,24.0,16.52958333333333,62.388749999999995,2.2422800925925928,,237.41316666666668
2019-08-04,22.77,11.31,80.1,32.41,20.5,6.311111111111111,207.0,0.0,,,10.2,14.0,14.0,24.0,14.866666666666667,68.81583333333333,2.181388888888889,,158.32495833333334
2019-08-05,20.02,11.4,85.2,41.65,13.67,7.280555555555556,125.0,0.0,,,9.8,12.56,12.56,24.0,15.782916666666667,76.58541666666666,1.614826388888889,,126.14320833333333
2019-08-06,21.57,9.96,88.9,58.21,10.89,4.25,206.0,0.0,,,15.62,17.47,17.47,24.0,20.02208333333333,83.01875,1.6614236111111111,,106.65179166666667
2019-08-07,23.98,17.1,90.1,72.84,9.21,5.838888888888889,90.0,0.457,,,18.2,20.63,20.63,24.0,22.116249999999997,81.54416666666667,1.357488425925926,,195.2302083333333
2019-08-08,27.44,18.71,90.0,63.86,16.86,6.669444444444444,59.0,0.0,,,18.06,20.04,20.04,24.0,21.97,85.73583333333333,1.406770833333333,,172.12254166666665
2019-08-09,28.95,18.85,91.7,62.48,14.86,4.8500000000000005,85.0,0.0,,,19.85,21.53,21.53,24.0,21.94125,88.54166666666667,1.7553356481481481,,93.40362499999999
2019-08-10,24.67,20.41,91.7,81.1,8.06,6.2,91.0,0.0,,,20.18,22.13,22.13,24.0,24.195416666666663,80.36,1.997673611111111,,193.56354166666665
2019-08-11,33.02,20.33,91.2,48.99,16.71,9.530555555555557,138.0,0.0,,,16.87,20.44,20.44,24.0,20.587500000000002,76.83208333333333,2.1053819444444444,,56.57925
2019-08-12,21.87,19.01,84.9,71.44,4.884,5.319444444444444,114.0,0.0,,,17.24,19.93,19.93,24.0,22.05333333333333,80.89041666666667,2.0597337962962965,,220.84074999999999
2019-08-13,26.63,19.36,89.7,66.77,19.07,5.8,73.0,0.0,,,19.21,20.96,20.96,24.0,19.695,80.72416666666668,2.9139814814814815,,75.90991666666666
2019-08-14,22.17,17.01,90.0,65.82,6.554,9.038888888888888,112.0,0.457,,,12.41,17.01,17.01,24.0,16.853333333333335,64.61083333333333,2.600115740740741,,218.67104166666664
2019-08-15,20.7,13.46,86.7,43.83,18.88,7.361111111111111,96.0,0.457,,,13.26,15.5,15.5,24.0,18.150833333333335,78.62041666666667,1.6676273148148149,,137.43291666666667
2019-08-16,22.64,15.27,86.8,64.46,11.87,5.7,25.0,0.229,,,15.41,17.78,17.78,24.0,19.655416666666667,78.44916666666667,1.7594791666666667,,234.67741666666666
2019-08-17,24.72,15.4,88.6,59.76,20.26,7.219444444444444,69.0,0.0,,,17.43,20.1,20.1,24.0,21.374583333333334,81.07333333333334,1.7631712962962964,,208.65466666666669
2019-08-18,25.11,19.31,88.5,66.45,18.01,5.411111111111111,85.0,0.0,,,17.36,19.31,19.31,24.0,21.05375,82.39291666666666,2.5130555555555554,,119.91079166666667
2019-08-19,28.22,17.83,89.3,64.04,10.36,10.538888888888888,110.0,2.057,,,14.29,17.97,17.97,24.0,16.092916666666667,81.16625,2.255196759259259,,21.208583333333333
2019-08-20,18.26,14.43,87.9,73.34,1.826,6.330555555555555,129.0,10.06,,,11.94,14.81,14.81,24.0,16.00583333333333,82.62041666666666,2.2157060185185187,,42.96533333333333
2019-08-21,17.53,14.53,89.0,75.14,3.71,5.311111111111111,258.0,0.0,,,14.51,16.33,16.33,24.0,17.633333333333333,83.57083333333334,2.148483796296296,,104.54854166666667
2019-08-22,20.85,16.18,90.2,74.27,9.03,6.719444444444445,127.0,0.686,,,13.23,17.34,17.34,24.0,18.638749999999998,75.45791666666666,1.5692592592592591,,127.991375
2019-08-23,22.08,16.4,85.2,60.65,11.05,5.311111111111111,115.0,0.0,156.9376,52.18521,15.41,17.93,17.93,24.0,19.870833333333334,77.34833333333334,2.215474537037037,,200.34379166666668
2019-08-24,26.06,16.97,89.3,54.85,17.31,9.430555555555555,111.0,0.686,165.4935,60.515,13.85,19.17,19.17,24.0,19.716666666666665,71.25708333333334,1.7526967592592593,,168.465
2019-08-25,23.3,16.18,86.7,53.46,14.55,6.238888888888889,115.0,0.0,223.6934,30.03116,14.4,17.33,17.33,24.0,19.945833333333333,74.00875,1.8595601851851853,,262.4854583333333
2019-08-26,24.56,16.26,86.4,48.47,22.67,7.280555555555556,85.0,0.0,128.6955,28.56439,15.75,18.05,18.05,24.0,20.092499999999998,82.24125,1.3278935185185186,,53.05833333333334
2019-08-27,22.74,17.67,89.0,73.69,4.5809999999999995,6.588888888888889,26.0,0.686,,,17.34,21.8,21.8,24.0,21.7,82.615,1.4056018518518518,,65.35804166666667
2019-08-28,23.99,20.08,88.1,73.53,5.643,4.219444444444444,123.0,0.0,,,18.27,20.71,20.71,24.0,22.34958333333333,80.84333333333333,2.2391087962962963,,205.48508333333334
2019-08-29,25.87,19.9,90.5,65.87,17.74,8.15,89.0,0.0,,,18.51,21.95,21.95,24.0,22.35625,81.02583333333332,1.6420138888888889,,174.96962499999998
2019-08-30,25.54,20.57,86.3,70.04,15.11,7.3805555555555555,96.0,0.0,,,18.79,21.83,21.83,24.0,23.069166666666664,79.645,1.623912037037037,,249.680625
2019-08-31,27.68,20.32,88.0,63.73,21.56,8.399999999999999,80.0,0.0,,,18.58,20.8,20.8,24.0,21.902083333333334,85.47083333333335,1.9860069444444444,,120.541375
2019-09-01,26.86,19.23,91.7,64.54,10.41,7.188888888888888,129.0,5.537,,,17.52,19.23,19.23,24.0,18.44,89.09166666666665,2.3831828703703706,,23.925625
2019-09-02,19.5,16.63,90.6,84.1,2.066,6.361111111111111,134.0,28.35,,,14.83,16.76,16.76,24.0,18.329583333333332,77.22083333333333,1.449189814814815,,67.38779166666667
2019-09-03,20.56,16.77,88.8,63.71,5.818,5.330555555555556,270.0,0.0,252.7927,105.1221,14.5,16.81,16.81,24.0,18.9475,80.8875,2.0389699074074072,,120.63429166666667
2019-09-04,23.3,16.3,89.0,64.93,10.42,6.319444444444445,113.0,2.286,349.4976,120.9947,15.02,18.07,18.07,24.0,17.878333333333334,81.01291666666667,1.8852777777777778,,44.389874999999996
2019-09-05,,,,,,,,,,,,,,24.0,16.1125,75.03916666666667,2.211493055555555,,21.690166666666666
2019-09-06,,,,,,,,,,,,,,24.0,15.934583333333334,88.42916666666667,2.0019791666666666,,54.79241666666667
2019-09-07,,,,,,,,,,,,,,24.0,19.487083333333334,86.67875,1.763425925925926,,93.42783333333334
2019-09-08,,,,,,,,,,,,,,24.0,21.431250000000002,86.12124999999999,1.4160069444444445,,129.10808333333333
2019-09-09,,,,,,,,,,,,,,24.0,22.1425,86.91250000000001,1.3846296296296297,,190.31691666666666
2019-09-10,,,,,,,,,,,,,,24.0,23.11791666666667,82.21124999999999,1.9033217592592593,,244.781875
2019-09-11,,,,,,,,,,,,,,24.0,22.228333333333335,81.52458333333333,2.0022800925925925,,247.52108333333334
2019-09-12,,,,,,,,,,,,,,24.0,21.917916666666667,86.33749999999999,2.035138888888889,,123.08999999999999
2019-09-13,,,,,,,,,,,,,,24.0,20.618333333333332,81.43875,1.9940625,,63.01933333333333
2019-09-14,,,,,,,,,,,,,,24.0,21.165416666666665,83.13291666666667,1.5272916666666667,,98.70725
2019-09-15,,,,,,,,,,,,,,24.0,23.18958333333333,84.20625,1.7302430555555555,,209.43866666666668
2019-09-16,,,,,,,,,,,,,,24.0,24.218333333333334,85.69,1.6520949074074072,,185.23070833333335
2019-09-17,,,,,,,,,,,,,,24.0,22.646666666666665,86.23916666666668,2.1433796296296297,,100.62091666666667
2019-09-18,,,,,,,,,,,,,,24.0,22.075833333333332,85.07125,1.906608796296296,,89.15675
2019-09-19,,,,,,,,,,,,,,24.0,21.530416666666667,90.09583333333335,2.3405787037037036,,31.022375
2019-09-20,,,,,,,,,,,,,,24.0,21.1775,87.23833333333333,2.291689814814815,,48.630291666666665
2019-09-21,,,,,,,,,,,,,,24.0,18.44875,87.0775,2.1047685185185183,,33.84983333333333
2019-09-22,,,,,,,,,,,,,,24.0,20.327916666666667,76.76583333333333,2.0730902777777778,,144.52141666666668
2019-09-23,,,,,,,,,,,,,,24.0,19.644583333333333,67.69958333333334,2.967349537037037,,294.54379166666666
2019-09-24,,,,,,,,,,,,,,24.0,19.559583333333332,84.81833333333334,1.8560416666666668,,68.49454166666666
2019-09-25,,,,,,,,,,,,,,24.0,21.75916666666667,82.1675,1.9223726851851852,,202.2635
2019-09-26,,,,,,,,,,,,,,24.0,22.474166666666665,82.39458333333333,2.519861111111111,,218.96508333333335
2019-09-27,,,,,,,,,,,,,,24.0,22.979583333333334,75.53458333333333,3.0547222222222223,,289.5715
2019-09-28,,,,,,,,,,,,,,24.0,20.864583333333332,73.17166666666667,1.750462962962963,,118.4295
2019-09-29,,,,,,,,,,,,,,24.0,22.32375,73.91375000000001,1.822048611111111,,216.82625
2019-09-30,,,,,,,,,,,,,,24.0,23.169583333333335,80.98958333333333,2.1126620370370373,,113.30695833333333
2019-10-01,,,,,,,,,,,,,,24.0,24.431250000000002,76.34458333333333,3.0357291666666666,,304.22325
2019-10-02,,,,,,,,,,,,,,24.0,24.155833333333334,81.41958333333334,2.1577083333333333,,197.0475
2019-10-03,,,,,,,,,,,,,,24.0,23.537916666666664,84.37166666666667,2.305150462962963,,88.93508333333334
2019-10-04,,,,,,,,,,,,,,24.0,24.610833333333332,81.11083333333333,2.425497685185185,,208.23458333333335
2019-10-05,,,,,,,,,,,,,,24.0,24.631249999999998,79.20166666666667,3.0801273148148147,,264.78108333333336
2019-10-06,,,,,,,,,,,,,,24.0,20.86916666666667,85.46375,2.029548611111111,,32.13679166666667
2019-10-07,,,,,,,,,,,,,,24.0,20.714583333333334,88.27083333333333,1.7078935185185184,,57.98641666666666
2019-10-08,,,,,,,,,,,,,,24.0,23.655,79.86749999999999,1.8654629629629629,,294.7905
2019-10-09,,,,,,,,,,,,,,24.0,24.037916666666664,79.25208333333333,2.1819560185185183,,322.9773333333333
2019-10-10,,,,,,,,,,,,,,24.0,24.140833333333333,76.66375000000001,2.519178240740741,,355.33570833333334
2019-10-11,,,,,,,,,,,,,,24.0,25.44666666666667,76.22708333333334,2.0074768518518518,,307.22083333333336
2019-10-12,,,,,,,,,,,,,,24.0,25.041666666666668,83.85458333333334,2.2642708333333332,,254.9805
2019-10-13,,,,,,,,,,,,,,24.0,26.180833333333336,84.69666666666667,2.507951388888889,,282.1519583333333
2019-10-14,,,,,,,,,,,,,,24.0,25.1075,84.40166666666667,3.534085648148148,,107.74258333333334
2019-10-15,,,,,,,,,,,,,,24.0,20.197916666666668,87.78333333333335,3.145046296296296,,51.95529166666666
2019-10-16,,,,,,,,,,,,,,24.0,22.285833333333333,89.075,2.2791087962962964,,116.10416666666667
2019-10-17,,,,,,,,,,,,,,24.0,25.47083333333333,83.34583333333333,2.7928819444444444,,284.976875
2019-10-18,,,,,,,,,,,,,,24.0,26.719166666666666,81.87125,1.9771759259259258,,228.862
2019-10-19,,,,,,,,,,,,,,24.0,24.571250000000003,76.82541666666667,3.2238194444444446,,190.97299999999998
2019-10-20,,,,,,,,,,,,,,24.0,22.527916666666666,70.74416666666666,2.641574074074074,,166.60516666666666
2019-10-21,,,,,,,,,,,,,,24.0,21.295833333333334,80.95041666666667,1.2133449074074074,,84.40695833333334
2019-10-22,,,,,,,,,,,,,,24.0,23.37125,76.72541666666667,2.9977662037037036,,286.6539166666667
2019-10-23,,,,,,,,,,,,,,24.0,23.621666666666666,76.615,2.6474421296296295,,197.413375
2019-10-24,,,,,,,,,,,,,,24.0,24.83458333333333,78.63958333333333,2.4705671296296297,,359.389625
2019-10-25,,,,,,,,,,,,,,24.0,26.562916666666666,77.27708333333332,2.744895833333333,,258.28429166666666
2019-10-26,,,,,,,,,,,,,,24.0,25.247500000000002,82.59541666666667,2.297314814814815,,130.43729166666665
2019-10-27,,,,,,,,,,,,,,24.0,26.684583333333332,84.00708333333334,2.7882175925925927,,287.0648333333333
2019-10-28,,,,,,,,,,,,,,24.0,26.447916666666668,78.71083333333333,2.015196759259259,,225.27712499999998
2019-10-29,,,,,,,,,,,,,,24.0,27.947083333333335,75.7,2.6849652777777777,,345.7103333333334
2019-10-30,,,,,,,,,,,,,,24.0,27.937083333333334,72.40833333333333,2.573113425925926,,347.4671666666666
2019-10-31,,,,,,,,,,,,,,24.0,28.179166666666664,69.59958333333334,3.175358796296296,,156.562625
2019-11-01,,,,,,,,,,,,,,24.0,25.400833333333335,86.12708333333335,2.637326388888889,,97.64479166666666
2019-11-02,,,,,,,,,,,,,,24.0,27.08,82.40375,2.3383796296296295,,261.277
2019-11-03,,,,,,,,,,,,,,24.0,27.937083333333334,78.64541666666666,2.2658680555555555,,240.48004166666666
2019-11-04,,,,,,,,,,,,,,24.0,25.671666666666667,83.5,2.049872685185185,,110.64270833333335
2019-11-05,,,,,,,,,,,,,,24.0,26.096666666666668,84.13208333333334,2.481550925925926,,71.58295833333334
2019-11-06,,,,,,,,,,,,,,24.0,24.90416666666667,70.16916666666667,2.676412037037037,,195.31691666666666
2019-11-07,,,,,,,,,,,,,,24.0,23.675833333333333,84.82666666666667,1.8893171296296296,,87.81983333333334
2019-11-08,,,,,,,,,,,,,,24.0,25.224166666666665,81.57125,2.1901273148148146,,184.36366666666666
2019-11-09,,,,,,,,,,,,,,24.0,25.814999999999998,83.08958333333334,1.8644444444444443,,141.60683333333333
2019-11-10,,,,,,,,,,,,,,24.0,25.614583333333332,85.67375,2.0985416666666667,,127.72495833333333
2019-11-11,,,,,,,,,,,,,,24.0,24.22083333333333,87.77916666666665,2.4717939814814813,,83.42891666666667
2019-11-12,,,,,,,,,,,,,,24.0,24.201666666666668,82.54583333333333,2.036388888888889,,111.77745833333334
2019-11-13,,,,,,,,,,,,,,24.0,24.471249999999998,83.54083333333334,1.4314120370370371,,80.98120833333333
2019-11-14,,,,,,,,,,,,,,10.0,24.165,87.67999999999999,1.437861111111111,,42.8355
2019-11-19,,,,,,,,,,,,,,21.0,26.081428571428575,74.62619047619049,3.0212037037037036,,413.67761904761903
2019-11-20,30.24,21.93,83.8,62.68,31.25,10.519444444444444,81.0,0.0,303.4851,121.7258,21.61,25.7,25.7,24.0,26.805000000000003,76.98333333333333,2.382696759259259,,301.87787499999996
2019-11-21,30.24,24.01,88.0,61.43,26.07,8.919444444444444,91.0,0.0,,,22.84,25.32,25.32,24.0,27.101249999999997,78.53416666666666,2.7695254629629633,,340.66320833333333
2019-11-22,30.91,24.7,86.9,65.13,29.41,10.96111111111111,76.0,0.229,,,22.35,25.86,25.86,24.0,27.802083333333332,75.59291666666667,2.68875,,366.68291666666664
2019-11-23,31.65,24.21,87.5,61.47,31.66,9.219444444444443,82.0,0.0,,,24.06,29.61,26.75,24.0,25.866249999999997,80.30458333333333,3.1726157407407407,,119.40825
2019-11-24,31.22,22.33,88.8,62.26,10.31,10.730555555555556,121.0,1.143,,,16.42,23.21,23.21,24.0,22.892916666666665,67.24666666666667,1.6897337962962962,,89.73233333333333
2019-11-25,25.33,20.9,79.48,57.43,7.747,4.830555555555556,231.0,0.0,,,18.44,22.19,22.19,24.0,24.180833333333336,66.3725,2.4753009259259255,,297.53291666666667
2019-11-26,28.28,20.84,83.8,48.67,25.69,9.569444444444445,76.0,0.0,,,17.13,23.51,23.51,24.0,24.39375,71.06083333333333,2.053819444444444,,154.01037499999998
2019-11-27,27.52,21.88,87.0,59.05,13.3,7.311111111111111,34.0,1.6,,,20.11,22.43,22.43,24.0,23.384583333333335,86.66083333333334,1.4928587962962963,,83.62283333333333
2019-11-28,27.03,21.24,90.1,75.34,7.221,6.930555555555555,121.0,26.82,61.42735,11.18433,20.65,22.83,22.83,24.0,24.241249999999997,72.44291666666668,2.7976041666666664,,191.39416666666668
2019-11-29,26.94,21.51,88.0,43.2,16.52,7.799999999999999,91.0,0.457,122.134,6.557281,18.55,23.23,23.23,24.0,24.656666666666666,69.21583333333334,2.5627662037037036,,416.73875
2019-11-30,28.73,20.74,85.8,51.29,35.98,10.811111111111112,76.0,0.0,174.0539,2.88956,18.82,22.39,22.39,24.0,25.597083333333334,74.56875000000001,2.163784722222222,,400.1308333333333
2019-12-01,31.04,20.8,87.1,57.47,34.55,8.75,60.0,0.0,120.9929,-47.43311,21.31,24.09,24.09,24.0,26.38791666666667,76.00125,3.116388888888889,,280.50208333333336
2019-12-02,32.43,22.93,89.2,60.0,24.22,10.399999999999999,128.0,0.0,,,16.6,24.45,24.45,24.0,24.839166666666667,58.194583333333334,3.248842592592592,,346.71458333333334
2019-12-03,27.97,22.99,67.36,43.69,29.93,8.380555555555556,105.0,0.0,,,15.81,23.73,23.73,24.0,24.224999999999998,67.47625000000001,1.6634722222222222,,150.38458333333332
2019-12-04,27.01,21.54,79.25,55.6,12.99,5.85,87.0,0.0,,,19.46,23.33,23.33,24.0,24.418333333333333,77.67916666666666,1.7444560185185185,,147.28333333333333
2019-12-05,29.74,21.55,88.5,62.38,12.72,9.080555555555554,227.0,5.258,,,21.2,24.72,24.72,24.0,25.000833333333333,81.56458333333333,1.6880324074074073,,122.43475
2019-12-06,31.01,22.23,89.7,64.89,10.57,12.538888888888888,106.0,11.43,16.82678,,20.22,22.3,22.3,24.0,24.140416666666667,79.45625,1.8535069444444445,,192.96775
2019-12-07,28.31,21.89,89.4,62.83,16.66,6.530555555555556,85.0,0.0,90.18285,19.22811,20.85,24.23,24.23,24.0,26.465,74.10458333333334,2.476388888888889,,422.9141666666667
2019-12-08,32.66,21.81,89.3,45.03,36.51,8.280555555555555,74.0,0.0,125.1003,,21.6,24.55,24.55,24.0,26.14625,73.33583333333333,2.5028587962962963,,355.46541666666667
2019-12-09,30.32,22.6,87.6,52.98,30.7,9.35,61.0,0.0,21.71738,,19.86,25.2,25.2,24.0,24.794166666666666,76.37875,1.4934837962962961,,131.18679166666666
2019-12-10,29.12,21.83,88.1,56.66,11.33,5.280555555555556,226.0,2.057,,,21.17,23.76,23.76,24.0,27.017916666666665,74.65541666666667,2.341134259259259,,374.99808333333334
2019-12-11,32.02,22.58,87.7,54.5,32.38,6.8,71.0,0.0,,,23.4,25.98,25.98,24.0,27.864583333333332,77.42041666666667,2.2072800925925926,,302.8125416666667
2019-12-12,33.05,24.99,88.2,55.8,26.14,8.280555555555555,88.0,0.0,,,23.82,30.97,27.53,24.0,29.733333333333334,73.90291666666667,2.4605439814814813,,393.9533333333333
2019-12-13,35.41,26.02,87.1,52.25,34.02,8.7,145.0,0.0,,,22.95,26.24,26.24,24.0,26.82166666666667,72.42583333333333,3.686875,,264.78925
2019-12-14,29.65,24.08,86.4,52.61,22.86,12.511111111111111,121.0,0.0,,,20.17,24.08,24.08,24.0,24.984583333333333,81.86,1.8202430555555553,,98.09341666666667
2019-12-15,27.88,22.69,89.1,69.57,8.47,5.719444444444444,74.0,0.229,,,23.07,25.29,25.29,24.0,27.591250000000002,82.53291666666667,2.1595949074074077,,241.81645833333334
2019-12-16,31.31,24.93,89.9,67.25,20.88,8.288888888888888,68.0,2.057,,,25.01,31.97,27.64,24.0,27.227500000000003,84.66666666666667,1.5458796296296295,,85.53587499999999
2019-12-17,29.44,24.9,89.8,69.0,7.386,9.58888888888889,244.0,8.66,2.155955,,23.09,25.04,25.04,24.0,24.1675,88.36666666666667,2.340775462962963,,44.773875
2019-12-18,25.09,21.73,90.5,85.3,3.865,9.261111111111111,160.0,23.09,69.64314,-30.12076,20.19,21.89,21.89,24.0,22.373333333333335,84.48,2.362534722222222,,74.549375
2019-12-19,25.57,20.46,90.7,69.14,6.438,6.769444444444445,238.0,11.2,102.3215,-0.7782812,20.44,22.33,22.33,24.0,24.319166666666664,84.08333333333333,1.7924421296296298,,187.58133333333333
2019-12-20,28.22,21.91,90.0,70.29,16.19,4.680555555555556,120.0,0.686,158.9141,52.91961,22.41,24.81,24.81,24.0,26.506249999999998,80.23041666666667,1.8111111111111111,,259.23420833333336
2019-12-21,30.59,23.12,90.0,65.78,22.38,8.36111111111111,76.0,0.0,232.3432,82.42485,23.57,26.35,26.35,24.0,29.45875,73.97416666666668,2.344664351851852,,336.9250416666667
2019-12-22,38.49,24.86,88.0,43.26,29.09,8.619444444444445,185.0,0.229,301.6535,91.82571,23.88,26.55,26.55,24.0,28.446250000000003,74.83166666666666,2.907824074074074,,289.76504166666666
2019-12-23,33.71,25.29,86.7,51.11,25.02,8.988888888888889,122.0,0.0,207.0036,76.8914,21.39,25.35,25.35,24.0,26.535833333333333,74.66291666666667,2.631400462962963,,260.9961666666667
2019-12-24,30.65,23.07,88.2,59.88,22.54,7.288888888888888,72.0,0.914,,,21.97,25.96,25.96,24.0,27.561666666666667,72.685,2.835023148148148,,419.7751666666666
2019-12-25,30.94,24.45,84.6,60.57,36.24,10.380555555555555,77.0,0.0,,,22.27,29.15,26.9,24.0,28.74,73.09166666666667,2.5225578703703704,,417.97895833333337
2019-12-26,33.3,25.01,86.1,58.11,36.09,10.069444444444445,83.0,0.0,,,23.72,31.26,27.73,24.0,29.335416666666664,73.45583333333333,2.6981134259259263,,412.546625
2019-12-27,33.99,26.03,84.9,54.44,35.62,10.219444444444443,73.0,0.0,,,23.22,30.03,27.18,24.0,28.937916666666666,72.34833333333333,2.6115162037037036,,405.26933333333335
2019-12-28,33.08,25.84,86.6,50.97,34.99,8.988888888888889,84.0,0.0,,,23.57,31.25,27.78,24.0,28.962083333333336,75.59958333333334,2.8515393518518515,,364.6845
2019-12-29,33.07,25.76,88.2,55.05,31.49,9.869444444444445,70.0,0.0,,,23.92,31.54,27.81,24.0,29.41625,73.23208333333334,2.498472222222222,,373.1745
2019-12-30,34.0,26.37,87.0,49.27,32.22,9.58888888888889,88.0,0.0,,,23.12,29.62,26.97,24.0,29.14125,73.27083333333333,2.6532870370370367,,398.4967916666667
2019-12-31,33.64,25.88,86.1,51.71,34.41,9.361111111111112,74.0,0.0,,,23.81,32.28,28.3,24.0,29.90833333333333,71.18333333333334,2.8275462962962963,,403.66083333333336
2020-01-01,33.05,27.3,80.1,56.39,34.85,9.761111111111111,72.0,0.0,,,24.44,33.67,28.82,24.0,29.15041666666667,79.08208333333333,2.213576388888889,,268.691
2020-01-02,35.68,25.77,87.8,60.16,23.2,10.219444444444443,144.0,6.401,,,23.76,25.93,25.93,24.0,26.909583333333334,83.46124999999999,2.2466435185185185,,69.67754166666667
2020-01-03,28.72,25.58,88.2,77.05,6.016,6.111111111111111,148.0,0.457,,,22.07,26.29,26.29,24.0,27.204166666666666,75.04666666666667,4.090335648148148,,249.57270833333334
2020-01-04,31.66,24.41,87.8,56.53,21.55,9.71111111111111,149.0,0.0,,,22.41,24.64,24.64,24.0,24.735833333333332,87.78583333333334,3.264675925925926,,90.39366666666666
2020-01-05,27.11,23.3,91.9,75.9,7.805,8.419444444444444,94.0,120.7,,,21.33,23.45,23.45,24.0,26.98708333333333,77.55166666666666,1.9749189814814814,,340.037
2020-01-06,32.04,22.94,89.9,60.13,29.36,7.161111111111111,74.0,0.914,-2.245406,,22.58,25.26,25.26,24.0,29.00583333333333,74.21875,2.2827430555555552,,414.20554166666665
2020-01-07,34.45,24.28,88.7,54.45,35.76,9.380555555555556,80.0,0.0,2.889583,,24.58,31.83,27.72,24.0,30.40125,74.93291666666667,1.462349537037037,,211.834125
2020-01-08,37.69,26.15,87.6,48.6,18.29,5.938888888888888,149.0,1.6,,,25.09,32.58,27.91,24.0,27.18541666666667,85.27125,2.000185185185185,,85.23354166666667
2020-01-09,30.33,25.28,89.8,77.01,7.357,6.419444444444444,125.0,24.69,29.35395,-19.6249,25.02,30.85,27.11,24.0,29.761666666666667,78.70791666666666,2.0630787037037037,,361.71829166666663
2020-01-10,35.34,25.54,90.6,58.52,31.23,8.480555555555556,63.0,0.0,41.40105,-13.98223,25.84,35.14,28.86,24.0,30.547916666666666,79.89958333333333,2.2369560185185184,,290.343375
2020-01-11,34.33,27.77,88.5,65.54,25.07,10.21111111111111,76.0,0.686,43.23499,-7.38032,27.3,38.55,29.64,24.0,30.42,79.25791666666667,2.285173611111111,,239.2265
2020-01-12,37.23,27.15,90.4,57.26,20.65,9.0,113.0,2.515,61.08451,23.00129,24.77,33.87,28.75,24.0,29.637083333333333,74.90124999999999,2.591898148148148,,204.60870833333334
2020-01-13,33.72,26.63,86.5,53.13,17.67,7.819444444444444,104.0,0.0,,,24.36,30.77,27.25,24.0,28.955,67.41333333333334,2.7672916666666665,,410.37112499999995
2020-01-14,33.72,25.62,85.2,36.61,35.43,8.238888888888889,117.0,0.0,,,22.13,26.28,26.28,24.0,28.357916666666668,69.30125,2.4061574074074072,,351.68941666666666
2020-01-15,32.88,23.77,85.2,50.51,30.37,9.461111111111112,97.0,0.0,,,22.45,30.61,27.8,24.0,29.197916666666668,71.82375,2.640798611111111,,383.650625
2020-01-16,33.66,24.05,83.8,52.77,33.12,11.161111111111111,74.0,0.0,,,25.19,34.86,29.08,24.0,28.256666666666664,78.26625,2.561377314814815,,128.02920833333334
2020-01-17,35.53,22.26,86.7,58.06,11.06,12.05,145.0,3.886,,,18.74,23.0,23.0,24.0,24.11375,72.96916666666667,1.6486226851851853,,72.535375
2020-01-18,26.88,21.69,87.1,57.54,6.253,4.888888888888889,343.0,0.229,,,20.22,22.47,22.47,24.0,24.849166666666665,77.14333333333333,1.5393518518518519,,136.38633333333334
2020-01-19,28.59,22.37,87.1,61.23,11.78,6.080555555555556,333.0,0.0,,,21.15,24.02,24.02,24.0,25.92125,78.87083333333334,2.0296527777777778,,201.68608333333336
2020-01-20,30.3,23.15,88.5,61.38,17.42,6.3694444444444445,68.0,2.286,,,22.84,24.88,24.88,24.0,27.98125,75.59666666666666,2.3436805555555558,,369.195625
2020-01-21,32.6,24.49,89.1,55.53,31.87,8.738888888888889,80.0,2.286,,,22.78,30.0,27.29,24.0,28.020833333333332,69.97833333333334,2.4126273148148147,,309.8831666666667
2020-01-22,31.52,25.24,81.1,55.94,26.76,7.788888888888889,51.0,0.0,,,21.18,26.49,26.49,24.0,25.07041666666667,82.905,2.104201388888889,,71.81416666666667
2020-01-23,27.68,22.93,89.6,72.55,6.201,7.888888888888888,127.0,6.858,,,21.09,23.21,23.21,24.0,24.577083333333334,83.42833333333333,3.2748148148148144,,104.28904166666666
2020-01-24,27.58,22.74,89.6,72.81,9.0,8.011111111111111,220.0,4.572,1.177884,,21.17,23.97,23.97,24.0,25.743750000000002,77.07375,3.506921296296296,,251.894375
2020-01-25,30.96,22.31,88.7,58.66,21.75,9.380555555555556,109.0,1.8290000000000002,17.56069,-44.60831,21.5,26.12,26.12,24.0,27.189999999999998,70.27624999999999,2.297175925925926,,408.5242083333333
2020-01-26,32.84,21.87,87.9,47.92,35.27,8.719444444444445,75.0,0.0,23.42929,,22.2,25.27,25.27,24.0,28.2825,73.35583333333334,2.4149421296296296,,394.910625
2020-01-27,33.39,23.91,85.8,56.05,34.1,9.16111111111111,79.0,0.0,,,23.96,30.14,27.04,24.0,29.18958333333333,76.99958333333333,2.8655439814814816,,331.86899999999997
2020-01-28,34.38,25.01,88.0,58.58,28.66,16.18888888888889,187.0,2.515,,,23.17,25.29,25.29,24.0,27.547916666666666,81.49375,2.2228703703703703,,156.88579166666668
2020-01-29,31.87,24.93,88.7,63.01,13.55,6.419444444444444,101.0,2.515,,,24.2,26.46,26.46,24.0,27.85166666666667,82.60000000000001,1.863773148148148,,239.83245833333334
2020-01-30,33.38,25.61,89.8,61.25,20.71,9.53888888888889,156.0,11.35,19.66334,-26.89302,24.43,26.51,26.51,24.0,29.559583333333332,80.06916666666667,2.0153935185185183,,221.9405416666667
2020-01-31,35.38,25.54,89.8,60.26,19.17,9.5,199.0,2.769,41.63446,-31.18765,24.42,29.96,26.84,24.0,29.872083333333332,78.74083333333333,2.250914351851852,,294.20858333333337
2020-02-01,36.03,25.9,90.4,54.55,25.4,7.488888888888889,120.0,11.02,57.17276,7.234332,26.12,35.16,28.71,24.0,29.51875,75.54291666666667,3.151724537037037,,325.82983333333334
2020-02-02,32.97,27.3,86.6,57.84,28.13,8.838888888888889,118.0,0.0,74.20818,19.47927,24.18,30.93,27.39,24.0,27.65125,83.19041666666666,2.3944675925925925,,111.445875
2020-02-03,30.8,25.81,90.0,70.89,9.63,7.45,36.0,24.54,63.04086,35.62482,24.17,26.46,26.46,24.0,27.681250000000002,79.00458333333333,3.136944444444444,,266.3940833333333
2020-02-04,31.43,25.01,89.8,59.47,23.0,8.919444444444444,109.0,6.401,93.85062,34.98257,23.14,25.07,25.07,24.0,26.255416666666665,87.08333333333333,3.2233449074074074,,117.49908333333333
2020-02-05,28.95,24.41,89.8,79.35,10.15,7.780555555555556,116.0,17.88,180.1486,46.63333,23.43,25.5,25.5,24.0,26.805833333333336,87.94166666666666,2.3363888888888886,,109.67804166666667
2020-02-06,28.73,25.35,90.2,83.7,9.47,6.0,224.0,18.31,329.3872,36.61729,24.69,26.46,26.46,24.0,26.781666666666666,88.425,2.7904166666666668,,138.83408333333333
2020-02-07,30.96,25.24,91.2,77.02,11.99,8.680555555555555,125.0,50.19,342.0846,52.59763,24.06,25.59,25.59,24.0,27.332916666666666,86.82916666666667,2.366157407407407,,215.5522083333333
2020-02-08,31.47,25.13,91.7,71.89,18.62,9.511111111111111,83.0,51.28,416.6667,48.24477,25.16,32.15,27.67,24.0,28.567083333333333,83.54041666666667,2.245601851851852,,235.77075
2020-02-09,32.12,26.0,91.5,72.49,20.35,8.030555555555555,76.0,33.15,314.9208,60.88193,26.01,35.03,28.71,24.0,28.3175,83.70916666666666,2.786886574074074,,201.37204166666666
2020-02-10,35.91,24.47,90.5,60.66,17.39,14.261111111111111,138.0,36.04,353.1691,34.22053,22.17,24.67,24.67,24.0,24.509583333333335,82.47791666666667,2.244050925925926,,84.74075
2020-02-11,26.99,22.68,90.3,68.36,7.312,7.45,140.0,5.029,239.3396,74.07345,20.12,23.21,23.21,24.0,23.80875,83.85375,1.711400462962963,,130.90979166666668
2020-02-12,28.47,21.91,89.3,67.76,11.3,6.861111111111111,86.0,7.087,521.9435,55.00013,20.34,22.57,22.57,24.0,25.530416666666667,76.83,2.0792824074074074,,371.34308333333337
2020-02-13,30.69,21.63,89.8,56.91,32.06,7.719444444444444,113.0,1.6,347.107,57.9565,21.66,24.04,24.04,24.0,25.650000000000002,79.87916666666666,2.5308333333333333,,226.287
2020-02-14,30.79,22.76,89.3,60.91,19.54,8.11111111111111,111.0,4.115,453.3554,-11.60186,21.69,23.93,23.93,24.0,26.743750000000002,76.98625,2.0359606481481483,,353.35975
2020-02-15,32.48,22.27,90.8,57.03,30.51,7.4,72.0,0.0,455.1527,88.35461,22.34,25.27,25.27,24.0,28.307083333333335,76.3525,1.9021527777777776,,329.77708333333334
2020-02-16,33.46,24.19,88.6,56.29,28.47,8.86111111111111,73.0,0.0,226.6512,72.11237,24.55,32.33,28.0,24.0,29.750416666666666,76.115,1.919837962962963,,283.34162499999996
2020-02-17,34.17,26.93,87.7,55.67,24.46,7.319444444444445,70.0,0.0,,,24.73,33.71,28.68,24.0,30.05333333333333,74.73458333333333,2.04787037037037,,355.5244583333333
2020-02-18,33.96,26.11,89.4,56.87,30.7,8.280555555555555,81.0,0.0,223.9602,175.4989,25.53,36.13,29.59,24.0,30.775833333333335,79.61708333333333,2.089537037037037,,330.24483333333336
2020-02-19,35.01,27.18,89.3,64.56,28.52,8.761111111111111,78.0,0.0,204.4666,105.075,27.78,40.54,30.25,24.0,30.215833333333336,77.88291666666667,2.85818287037037,,193.59241666666665
2020-02-20,34.16,27.6,89.8,59.31,16.72,6.319444444444445,87.0,0.0,155.5997,147.537,25.88,34.48,28.5,24.0,29.45958333333333,82.905,2.8564351851851852,,263.7187083333333
2020-02-21,34.04,26.88,90.9,67.62,22.76,8.511111111111111,130.0,2.743,,,25.32,32.71,27.88,24.0,26.585416666666664,76.97083333333333,3.032939814814815,,59.55191666666666
2020-02-22,28.49,22.2,86.2,70.19,5.141,8.55,127.0,0.0,,,19.48,23.79,23.79,24.0,24.457916666666666,70.52958333333333,2.345810185185185,,179.44041666666666
2020-02-23,28.52,22.25,83.3,55.39,15.49,8.05,93.0,0.0,,,18.64,22.57,22.57,24.0,24.2325,72.49541666666667,2.2724537037037034,,207.15970833333333
2020-02-24,28.67,19.94,84.8,55.94,17.88,6.619444444444444,91.0,0.0,,,20.24,23.81,23.81,24.0,26.46291666666667,74.18083333333333,2.032789351851852,,223.07833333333335
2020-02-25,30.75,22.63,86.3,59.72,19.26,8.438888888888888,94.0,0.0,,,22.64,26.43,26.43,24.0,26.302916666666665,86.08416666666666,1.573773148148148,,106.26066666666668
2020-02-26,29.94,24.26,91.6,74.87,9.18,6.011111111111111,308.0,21.41,124.9432,109.2562,24.82,26.43,26.43,24.0,24.848333333333333,88.23666666666666,2.9107986111111113,,113.59129166666666
2020-02-27,28.46,21.91,92.6,77.29,9.81,10.930555555555555,134.0,54.64,171.7375,39.31564,20.25,21.91,21.91,24.0,24.019583333333333,71.42958333333333,1.9495601851851851,,364.26708333333335
2020-02-28,29.39,18.63,91.0,43.29,31.45,7.088888888888889,110.0,0.0,198.4833,154.1725,18.35,21.79,21.79,24.0,25.079583333333332,71.58041666666666,2.0828356481481483,,362.87416666666667
2020-02-29,30.31,20.54,87.2,48.96,31.33,8.11111111111111,68.0,0.0,,,20.41,24.08,24.08,24.0,25.67625,74.68416666666667,2.199027777777778,,237.76999999999998
2020-03-01,31.16,22.28,86.8,55.46,20.53,6.861111111111111,115.0,0.0,,,20.54,24.19,24.19,24.0,25.296666666666667,77.28875000000001,2.7395833333333335,,191.49699999999999
2020-03-02,29.1,22.07,87.9,62.57,16.54,9.230555555555554,127.0,0.0,,,20.97,23.63,23.63,24.0,24.574583333333333,82.71916666666667,3.169108796296296,,153.661625
2020-03-03,28.33,21.69,90.7,69.68,13.26,9.630555555555556,121.0,12.75,,,20.51,22.77,22.77,24.0,23.94458333333333,86.68666666666667,2.278865740740741,,116.898625
2020-03-04,27.46,21.95,91.5,74.05,10.09,6.230555555555555,227.0,11.89,,,20.93,22.53,22.53,24.0,25.5575,75.08708333333333,1.8997916666666665,,323.06875
2020-03-05,31.71,20.5,91.3,45.98,27.89,6.430555555555555,118.0,0.0,169.6413,100.8486,21.71,25.37,25.37,24.0,25.640833333333333,74.56791666666668,2.302835648148148,,243.51516666666666
2020-03-06,29.77,21.88,88.8,55.26,21.03,7.511111111111111,114.0,0.229,182.0998,31.84766,20.93,23.84,23.84,24.0,25.440833333333334,76.03833333333334,2.5590393518518515,,340.55333333333334
2020-03-07,30.58,21.27,88.5,51.69,29.4,7.961111111111111,112.0,0.0,153.27,116.8855,21.6,24.23,24.23,24.0,26.16541666666667,74.63875,2.1540856481481483,,314.44425
2020-03-08,30.74,22.65,89.1,50.74,27.15,8.13888888888889,63.0,0.229,,,20.82,25.17,25.17,24.0,26.549583333333334,73.49625,2.2617708333333333,,340.3354166666667
2020-03-09,30.72,22.23,88.5,55.96,29.38,8.761111111111111,84.0,0.0,,,21.44,25.34,25.34,24.0,27.072916666666668,76.03333333333333,2.219849537037037,,343.46583333333336
2020-03-10,31.87,23.1,88.1,55.99,29.65,9.119444444444444,79.0,0.0,,,22.58,25.06,25.06,24.0,27.215833333333332,76.54208333333334,1.9731597222222221,,339.30291666666665
2020-03-11,32.7,23.3,91.0,52.6,29.3,8.88888888888889,62.0,0.0,,,22.56,25.32,25.32,24.0,27.35083333333333,77.07625,2.4096527777777776,,316.56125000000003
2020-03-12,31.81,24.21,89.7,57.86,27.33,9.06111111111111,72.0,0.0,,,22.31,26.56,26.56,24.0,27.83,75.0,2.416875,,339.2005833333333
2020-03-13,31.95,24.38,89.1,55.53,29.28,9.21111111111111,59.0,0.0,,,22.35,25.65,25.65,24.0,28.375,73.63958333333333,1.9835300925925925,,335.0806666666667
2020-03-14,33.2,25.2,85.7,54.45,28.93,8.480555555555556,57.0,0.0,,,22.93,26.06,26.06,24.0,28.281666666666666,76.25708333333334,2.336689814814815,,315.79625000000004
2020-03-15,32.68,24.51,89.1,56.97,27.26,9.469444444444445,74.0,0.0,,,24.43,32.56,28.18,24.0,29.29041666666667,76.46374999999999,2.1525000000000003,,322.7054166666667
2020-03-16,33.87,25.18,87.7,60.54,27.86,7.738888888888889,72.0,0.0,,,25.05,31.69,27.49,24.0,28.019166666666667,82.18249999999999,1.9960300925925925,,175.23879166666666
2020-03-17,32.65,25.1,89.8,62.31,15.13,7.8805555555555555,112.0,10.49,,,23.82,26.06,26.06,24.0,27.36708333333333,82.42125,2.4934143518518517,,108.86091666666665
2020-03-18,29.73,25.18,88.4,73.32,9.4,6.65,85.0,0.0,,,24.08,31.52,27.74,24.0,28.102083333333336,82.83,2.2009837962962964,,160.78370833333335
2020-03-19,31.6,25.53,90.1,68.52,13.88,7.799999999999999,69.0,0.0,,,23.3,25.61,25.61,24.0,29.197083333333335,75.94791666666667,1.8032175925925926,,274.8654166666667
2020-03-20,35.71,24.17,91.5,49.12,23.73,6.05,70.0,0.0,,,25.25,33.03,28.07,24.0,28.32541666666667,74.30666666666666,3.420509259259259,,264.8917083333333
2020-03-21,32.23,26.1,87.5,55.99,22.87,9.388888888888888,122.0,0.0,,,20.18,26.3,26.3,24.0,26.907916666666665,70.20708333333333,2.2429282407407407,,270.48533333333336
2020-03-22,31.32,23.88,85.6,49.59,23.35,6.888888888888889,90.0,0.0,,,21.94,24.64,24.64,24.0,27.05541666666667,74.2525,2.376736111111111,,338.28220833333336
2020-03-23,31.5,23.45,87.6,53.71,29.21,7.119444444444444,102.0,0.0,,,21.37,25.41,25.41,24.0,26.62291666666667,72.855,2.210277777777778,,278.2692083333333
2020-03-24,31.04,23.28,87.0,52.7,24.02,7.769444444444444,102.0,0.0,,,20.83,24.15,24.15,24.0,26.16625,72.8975,2.149108796296296,,322.229375
2020-03-25,31.58,22.52,89.8,47.17,27.82,6.65,101.0,0.0,,,20.56,23.21,23.21,24.0,26.0625,70.42708333333333,2.0017824074074073,,314.22179166666666
2020-03-26,31.06,22.45,88.4,46.34,27.13,7.061111111111112,68.0,0.0,,,19.94,23.81,23.81,24.0,26.134583333333335,71.38916666666667,2.478761574074074,,313.36566666666664
2020-03-27,31.07,21.85,84.6,52.63,27.05,8.11111111111111,76.0,0.0,,,20.62,26.16,26.16,24.0,26.38208333333333,75.76125,2.4099537037037035,,242.570125
2020-03-28,30.5,23.54,87.4,58.21,20.94,8.25,84.0,0.0,,,22.66,25.17,25.17,24.0,27.023750000000003,77.50833333333334,2.3286689814814814,,271.69416666666666
2020-03-29,31.05,23.85,89.0,61.9,23.45,8.238888888888889,71.0,0.0,,,22.64,26.62,26.62,24.0,26.950833333333335,80.06333333333333,1.243310185185185,,115.64666666666666
2020-03-30,29.81,24.34,88.4,69.6,9.99,4.8,77.0,0.0,,,23.58,25.92,25.92,24.0,27.81125,79.13541666666667,1.8854282407407406,,289.893625
2020-03-31,33.05,24.03,91.9,56.84,25.03,7.761111111111111,76.0,0.0,,,23.79,29.54,26.77,24.0,27.996666666666666,78.30166666666666,1.8593402777777779,,242.30654166666667
2020-04-01,32.66,24.39,89.7,59.71,20.92,7.988888888888889,80.0,0.0,,,24.19,31.59,27.74,24.0,28.2225,77.54833333333333,2.070972222222222,,214.76366666666664
2020-04-02,31.98,25.77,88.3,59.66,18.54,7.219444444444444,87.0,0.0,,,23.59,31.17,27.72,24.0,29.024583333333336,74.50875,1.6963657407407406,,121.23920833333334
2020-04-03,31.81,26.28,83.3,56.88,10.47,8.780555555555555,213.0,0.0,,,22.39,32.6,29.24,24.0,27.06041666666667,53.095416666666665,5.5964583333333335,,311.73583333333335
2020-04-04,30.45,21.72,68.43,39.44,26.91,12.769444444444444,224.0,0.0,,,15.38,22.02,22.02,24.0,24.18166666666667,61.468333333333334,2.107314814814815,,303.27625
2020-04-05,30.11,19.84,75.96,36.41,26.18,7.330555555555556,81.0,0.0,,,18.17,22.61,22.61,24.0,25.307916666666667,71.59791666666666,2.249560185185185,,276.1285833333333
2020-04-06,29.78,21.69,81.2,59.25,23.84,8.399999999999999,76.0,0.0,,,21.46,26.07,26.07,24.0,25.75,78.05958333333334,1.8349421296296295,,180.76037499999998
2020-04-07,30.16,22.39,90.2,56.08,15.61,6.338888888888889,97.0,0.0,,,22.09,23.83,23.83,24.0,24.84875,77.81750000000001,2.8496064814814814,,206.30683333333334
2020-04-08,27.97,22.69,90.8,63.35,17.81,8.130555555555555,111.0,0.0,,,16.43,22.76,22.76,24.0,23.343333333333334,68.65541666666667,2.030543981481481,,219.67070833333332
2020-04-09,28.45,20.5,83.1,52.84,18.97,7.519444444444444,125.0,0.0,,,17.24,21.73,21.73,24.0,22.770416666666666,70.17208333333333,1.9907523148148147,,280.87420833333334
2020-04-10,28.39,18.51,87.8,44.39,24.25,7.1499999999999995,74.0,0.0,,,16.88,20.83,20.83,24.0,23.012083333333333,71.58875,2.0289930555555555,,229.18004166666665
2020-04-11,28.52,19.48,85.7,50.55,19.79,7.711111111111111,93.0,0.0,,,17.02,21.37,21.37,24.0,23.374583333333334,68.7275,1.8850925925925923,,260.14591666666666
2020-04-12,28.01,20.24,82.7,46.88,22.46,6.769444444444445,63.0,0.0,,,18.68,22.39,22.39,24.0,23.58583333333333,73.74,2.100625,,241.00595833333333
2020-04-13,28.42,20.01,85.4,50.12,20.81,6.719444444444445,79.0,0.0,,,19.3,22.31,22.31,24.0,24.4725,73.23416666666667,2.1680555555555556,,274.10308333333336
2020-04-14,29.7,20.36,87.6,52.61,23.66,8.530555555555555,77.0,0.0,,,19.27,23.19,23.19,24.0,24.612083333333334,78.04333333333334,1.8496875,,163.57154166666666
2020-04-15,29.53,20.98,88.2,61.8,14.12,5.788888888888889,90.0,0.0,,,17.44,23.19,23.19,24.0,23.52208333333333,51.912083333333335,3.5925810185185187,,286.63625
2020-04-16,29.52,18.39,75.27,29.69,24.75,11.1,238.0,0.0,1189.038,459.8897,14.19,19.64,19.64,24.0,21.910416666666666,57.94166666666666,1.6937499999999999,,280.1870833333333
2020-04-17,29.57,15.21,79.15,29.55,24.19,6.96111111111111,79.0,0.0,1219.843,,14.74,18.42,18.42,24.0,22.219166666666666,67.71583333333334,1.8331944444444446,,268.5617916666667
2020-04-18,28.77,16.04,83.7,42.81,23.19,6.361111111111111,75.0,0.0,1096.609,,17.62,21.25,21.25,24.0,23.28833333333333,77.48791666666666,2.159872685185185,,200.97237499999997
2020-04-19,28.28,19.83,89.8,54.96,17.35,7.280555555555556,92.0,0.0,,,19.63,22.33,22.33,24.0,22.756249999999998,82.40625,1.6945138888888887,,114.34358333333334
2020-04-20,26.72,20.2,90.4,65.15,9.87,4.1194444444444445,231.0,0.0,,,18.37,20.22,20.22,24.0,23.223333333333333,79.22583333333334,1.7323958333333334,,248.14620833333333
2020-04-21,29.06,19.25,90.4,55.14,21.42,7.6,82.0,0.0,,,20.04,22.21,22.21,24.0,24.279583333333335,77.44875,1.5979282407407407,,258.3544583333333
2020-04-22,30.21,20.11,90.1,53.25,22.31,7.169444444444444,84.0,0.0,,,19.4,21.48,21.48,24.0,24.118333333333336,78.16916666666667,1.8166550925925924,,260.8879166666667
2020-04-23,29.91,20.02,89.9,53.57,22.52,7.219444444444444,70.0,0.0,,,20.4,22.3,22.3,24.0,24.020416666666666,75.9325,1.7525578703703701,,252.69929166666668
2020-04-24,29.74,19.71,91.4,50.33,21.82,6.788888888888889,85.0,0.0,,,19.05,21.7,21.7,24.0,24.369583333333335,77.65166666666666,2.1672800925925926,,230.13583333333335
2020-04-25,29.36,19.67,88.5,60.51,19.87,9.21111111111111,77.0,0.0,,,21.55,26.0,26.0,24.0,26.510833333333334,77.55666666666666,1.9306134259259258,,245.110125
2020-04-26,30.63,23.11,87.6,62.03,21.16,7.911111111111111,75.0,0.0,,,22.82,25.29,25.29,24.0,26.806250000000002,77.60458333333334,2.003738425925926,,245.45366666666666
2020-04-27,32.41,23.33,87.9,55.64,21.19,7.211111111111111,68.0,0.0,,,22.29,25.06,25.06,24.0,24.871666666666666,84.21625,1.9724189814814814,,83.23120833333333
2020-04-28,28.84,23.57,89.0,68.2,7.187,6.680555555555555,142.0,0.0,,,22.03,24.03,24.03,24.0,25.3075,83.095,2.0650925925925927,,181.66691666666668
2020-04-29,29.26,22.83,91.4,65.95,15.68,7.719444444444444,84.0,0.0,,,22.4,25.18,25.18,24.0,25.990416666666665,80.32875,1.722175925925926,,228.24587499999998
2020-04-30,31.26,22.24,91.2,57.64,19.71,5.8999999999999995,78.0,0.0,,,21.81,23.97,23.97,24.0,25.774583333333336,81.67166666666667,2.191597222222222,,205.75104166666665
2020-05-01,31.28,22.97,89.8,63.8,17.77,7.869444444444444,114.0,0.0,,,20.94,23.99,23.99,24.0,24.00375,85.11791666666666,1.1959143518518518,,61.07804166666667
2020-05-02,26.43,22.27,91.3,71.48,5.274,3.4611111111111112,116.0,0.0,,,21.2,23.17,23.17,24.0,23.748333333333335,74.87541666666667,2.5087037037037034,,238.27216666666666
2020-05-03,28.9,21.34,91.0,45.72,20.57,7.469444444444444,111.0,0.0,,,18.03,21.6,21.6,24.0,22.31625,73.56041666666667,1.8015046296296295,,218.51445833333332
2020-05-04,27.22,18.25,87.8,52.67,18.87,6.038888888888888,105.0,0.0,,,17.38,19.84,19.84,24.0,22.23375,77.57458333333334,2.006076388888889,,211.899125
2020-05-05,27.28,18.57,88.4,61.04,18.3,8.7,81.0,0.0,,,17.51,20.44,20.44,24.0,23.217916666666667,76.7025,1.3437847222222221,,147.90758333333335
2020-05-06,31.49,18.49,88.6,48.38,12.77,5.969444444444444,161.0,0.0,,,18.76,22.84,22.84,24.0,21.96666666666667,83.93833333333333,1.6771412037037037,,40.802749999999996
2020-05-07,24.63,17.7,91.0,74.29,3.523,6.1,128.0,0.0,,,16.49,18.11,18.11,24.0,19.649166666666666,68.83166666666666,2.0498958333333333,,235.87233333333333
2020-05-08,27.02,14.0,90.9,42.37,20.37,5.438888888888888,96.0,0.0,,,14.74,17.63,17.63,24.0,20.669583333333332,74.04083333333334,1.5970023148148147,,215.51020833333334
2020-05-09,26.68,16.15,87.4,48.75,18.61,5.561111111111111,96.0,0.0,,,17.19,19.78,19.78,24.0,21.582083333333333,77.92166666666667,1.6755324074074072,,213.78787499999999
2020-05-10,26.77,16.44,89.1,59.02,18.46,7.95,86.0,0.0,,,18.84,21.23,21.23,24.0,22.238333333333333,79.78291666666667,1.8529166666666665,,224.41354166666667
2020-05-11,27.43,17.56,89.6,58.29,19.38,8.03888888888889,73.0,0.0,,,19.29,21.33,21.33,24.0,23.047916666666666,80.44875,1.8164236111111112,,214.6269583333333
2020-05-12,28.96,18.81,91.3,59.47,18.53,7.6611111111111105,70.0,0.0,,,19.46,21.33,21.33,24.0,23.825833333333335,80.6975,1.4604976851851852,,161.9201666666667
2020-05-13,30.4,19.39,89.7,51.81,13.98,7.288888888888888,114.0,0.0,,,21.52,23.65,23.65,24.0,23.821250000000003,85.43041666666666,1.1876851851851853,,73.55058333333334
2020-05-14,26.6,22.08,91.0,72.76,6.352,3.569444444444444,254.0,0.0,,,20.83,22.53,22.53,24.0,20.622083333333332,87.09916666666668,1.6657291666666667,,35.46854166666667
2020-05-15,22.49,18.82,91.4,77.87,3.061,6.438888888888888,115.0,0.0,,,16.33,19.13,19.13,24.0,20.298333333333332,77.39625,1.5249189814814814,,94.00995833333333
2020-05-16,23.29,18.35,87.4,61.73,8.12,4.011111111111111,325.0,0.0,,,16.19,18.49,18.49,24.0,21.22125,76.865,1.4832523148148147,,215.13458333333332
2020-05-17,28.8,16.42,90.7,45.54,18.58,5.838888888888889,96.0,0.0,,,16.47,18.56,18.56,24.0,21.3325,75.56083333333333,1.6470601851851852,,216.883375
2020-05-18,29.76,16.48,88.5,35.02,18.73,4.8500000000000005,75.0,0.0,16.82689,,17.6,20.03,20.03,24.0,21.38,78.77958333333333,1.3699305555555554,,213.28191666666666
2020-05-19,28.98,16.07,89.7,49.27,18.41,5.888888888888888,61.0,0.0,24.16273,,18.01,19.98,19.98,24.0,22.05666666666667,80.62333333333333,1.7922453703703702,,192.64741666666666
2020-05-20,27.15,17.93,89.5,60.33,16.63,6.569444444444444,92.0,0.0,,,19.78,22.42,22.42,24.0,24.08875,82.97833333333334,2.1164583333333336,,190.46104166666666
2020-05-21,28.91,20.81,89.9,66.6,16.45,8.9,79.0,0.0,,,21.13,24.59,24.59,24.0,24.337083333333336,82.04,1.5793171296296296,,187.79216666666665
2020-05-22,27.86,21.06,90.1,66.84,16.21,6.969444444444444,82.0,0.0,,,21.18,23.48,23.48,24.0,24.295833333333334,79.83,1.68875,,41.315416666666664
2020-05-23,27.42,22.37,89.9,59.37,3.567,9.488888888888887,262.0,0.0,,,19.46,22.82,22.82,24.0,23.860833333333332,64.63125000000001,3.464097222222222,,149.28504166666667
2020-05-24,29.09,20.78,87.9,31.1,12.89,13.519444444444444,271.0,0.0,,,11.45,21.49,21.49,24.0,22.844583333333333,60.487500000000004,2.6843287037037036,,176.81520833333332
2020-05-25,28.81,18.51,78.75,41.88,15.27,9.299999999999999,250.0,0.0,,,15.88,21.23,21.23,24.0,22.79625,52.1975,3.519675925925926,,206.23904166666668
2020-05-26,28.04,18.42,75.67,29.88,17.81,10.730555555555556,294.0,0.0,,,11.06,21.83,21.83,24.0,21.39625,51.94166666666666,3.991203703703704,,212.17629166666666
2020-05-27,26.56,16.95,77.63,31.99,18.32,11.761111111111111,253.0,0.0,,,11.11,19.18,19.18,24.0,19.25583333333333,61.2175,2.012824074074074,,208.7206666666667
2020-05-28,25.99,13.35,84.0,37.88,18.02,6.180555555555555,67.0,0.0,1045.268,,12.64,15.42,15.42,24.0,18.79125,75.64458333333333,1.7581828703703704,,203.01266666666666
2020-05-29,24.82,14.03,86.9,57.67,17.53,6.938888888888889,70.0,0.0,,,13.97,16.22,16.22,24.0,19.26,79.23666666666666,1.6263888888888889,,201.46991666666668
2020-05-30,25.76,13.67,88.8,58.43,17.39,6.819444444444445,96.0,0.0,942.5741,,15.89,17.76,17.76,24.0,20.352083333333333,78.51458333333333,1.3451157407407406,,189.36375
2020-05-31,28.22,14.97,89.4,48.56,16.35,4.561111111111112,67.0,0.0,,,17.13,19.06,19.06,24.0,21.415000000000003,76.12416666666667,1.4206365740740738,,196.320375
2020-06-01,31.63,15.74,89.2,40.88,16.95,3.65,88.0,0.0,,,17.92,20.4,20.4,24.0,20.667916666666667,85.40916666666668,1.995486111111111,,38.88475
2020-06-02,23.14,17.91,90.8,77.86,3.358,5.480555555555555,151.0,0.0,,,16.41,18.11,18.11,24.0,18.1475,84.28041666666667,1.2315972222222222,,35.94504166666667
2020-06-03,20.14,16.69,90.0,72.96,3.104,4.3999999999999995,210.0,0.0,,,15.5,18.23,18.23,24.0,19.045833333333334,81.72791666666667,1.1772569444444445,,38.086958333333335
2020-06-04,20.88,17.87,89.6,71.08,3.289,3.0888888888888886,229.0,0.0,,,16.16,17.89,17.89,24.0,19.03291666666667,88.11666666666667,1.552847222222222,,36.853
2020-06-05,20.82,17.69,91.8,79.63,3.182,3.480555555555555,228.0,0.0,,,17.6,19.0,19.0,24.0,20.576249999999998,90.8875,1.1112499999999998,,37.515208333333334
2020-06-06,23.06,18.93,91.8,87.4,3.239,4.25,9.0,0.0,,,20.91,22.81,22.81,24.0,22.894166666666667,86.07416666666667,1.7633449074074072,,111.02958333333333
2020-06-07,26.2,18.18,92.0,63.49,9.59,6.1611111111111105,270.0,0.0,,,14.56,18.42,18.42,24.0,21.042083333333334,70.3,1.8138773148148148,,193.67133333333334
2020-06-08,27.55,15.86,88.4,45.03,16.72,6.061111111111111,353.0,0.0,86.76215,53.77254,15.24,17.37,17.37,24.0,20.224999999999998,81.9175,1.4116087962962964,,177.4417083333333
2020-06-09,25.78,15.49,90.7,64.11,15.32,5.469444444444445,85.0,0.0,102.1657,47.96307,18.74,20.76,20.76,24.0,21.752499999999998,87.63958333333333,1.328148148148148,,47.26808333333333
2020-06-10,24.31,19.44,91.6,76.55,4.087,6.319444444444445,149.0,0.0,91.72479,69.10467,19.57,21.24,21.24,24.0,21.5575,91.33333333333333,1.2161111111111111,,19.717541666666666
2020-06-11,22.54,20.75,92.2,89.2,1.697,3.75,110.0,0.0,,,20.3,21.63,21.63,24.0,23.378333333333334,90.00833333333333,1.8491203703703702,,77.60483333333333
2020-06-12,27.2,21.44,92.6,82.0,6.7,8.219444444444445,215.0,0.0,248.1631,56.3853,20.49,21.76,21.76,24.0,23.277083333333334,88.97375,1.273773148148148,,112.49554166666667
2020-06-13,28.09,21.33,92.5,75.51,9.71,3.438888888888889,330.0,0.0,266.5197,162.7986,21.33,23.42,23.42,24.0,24.756249999999998,78.53708333333333,2.6165162037037035,,136.88854166666667
2020-06-14,32.59,20.06,88.3,56.18,11.82,10.538888888888888,163.0,0.0,248.3697,118.2011,17.53,20.26,20.26,24.0,18.974166666666665,77.91958333333334,2.4180555555555556,,27.275875
2020-06-15,20.55,17.68,90.1,69.37,2.35,6.788888888888889,105.0,0.0,,,13.88,18.22,18.22,24.0,18.892500000000002,78.2975,1.4413078703703703,,87.253375
2020-06-16,21.57,16.96,85.7,68.32,7.534,4.1305555555555555,228.0,0.0,,,16.85,19.3,19.3,24.0,20.37666666666667,88.2625,1.2258680555555554,,70.37758333333333
2020-06-17,23.41,18.07,91.5,79.44,6.077,3.5805555555555557,73.0,0.0,,,20.43,21.93,21.93,24.0,23.22375,85.32000000000001,1.5701851851851851,,101.01145833333334
2020-06-18,26.16,21.81,91.2,73.27,8.72,6.361111111111111,33.0,0.0,,,20.18,23.05,23.05,24.0,22.814166666666665,85.01583333333333,1.3621643518518518,,150.343625
2020-06-19,28.28,19.54,91.5,68.3,12.98,6.138888888888889,112.0,0.0,272.7654,111.6881,19.21,20.95,20.95,24.0,24.567916666666665,77.48458333333333,1.7328587962962965,,181.43491666666668
2020-06-20,31.63,20.26,91.2,52.54,15.67,5.511111111111111,341.0,0.0,300.3126,182.2873,19.54,21.59,21.59,24.0,23.740416666666665,81.57333333333334,1.3736805555555556,,179.94174999999998
2020-06-21,30.31,19.14,90.9,61.17,15.54,4.688888888888888,316.0,0.0,321.167,214.9614,19.53,25.86,25.86,24.0,24.966250000000002,73.17291666666667,1.6480555555555556,,183.13133333333334
2020-06-22,31.86,19.12,89.1,48.28,15.81,5.111111111111111,109.0,0.0,316.1189,209.8486,18.39,22.13,22.13,24.0,23.75208333333333,78.28083333333333,2.017037037037037,,185.64025
2020-06-23,29.32,20.05,89.4,57.37,16.03,7.169444444444444,123.0,0.0,263.3401,211.6765,19.74,22.11,22.11,24.0,22.842083333333335,82.87708333333333,1.4783449074074075,,150.32458333333332
2020-06-24,26.22,20.29,90.1,70.5,12.98,5.1,60.0,0.0,258.2369,110.3659,18.88,20.54,20.54,24.0,22.61791666666667,83.95666666666666,1.3310648148148148,,170.47420833333334
2020-06-25,28.1,19.6,92.6,62.24,14.72,4.780555555555556,62.0,0.0,373.34,168.7022,18.46,20.36,20.36,24.0,24.590416666666666,73.31041666666667,2.113344907407407,,110.411625
2020-06-26,34.56,18.19,90.0,39.54,9.53,13.830555555555556,286.0,0.0,284.2039,212.3969,20.1,23.58,23.58,24.0,19.280416666666667,75.465,3.0346296296296296,,28.464208333333332
2020-06-27,23.53,17.31,87.5,62.79,2.457,9.78888888888889,117.0,0.0,,,12.21,18.12,18.12,24.0,15.040833333333333,86.65666666666668,3.1619560185185183,,32.279
2020-06-28,18.15,13.59,90.2,67.96,2.787,6.338888888888889,221.0,0.0,,,13.62,15.27,15.27,24.0,17.845,79.49416666666667,1.6927314814814816,,102.58841666666666
2020-06-29,21.91,15.25,90.0,62.16,8.86,4.780555555555556,114.0,0.0,389.6567,350.8116,14.96,17.73,17.73,24.0,18.552083333333332,85.88291666666667,1.1099768518518518,,63.11841666666666
2020-06-30,20.62,16.63,91.2,77.98,5.45,2.8,221.0,0.0,,,18.07,19.62,19.62,24.0,21.967916666666667,77.41416666666667,2.7843171296296294,,166.822625
2020-07-01,31.82,17.87,91.2,46.66,14.4,25.11111111111111,247.0,0.0,280.8081,160.3928,15.58,22.33,22.33,24.0,20.55,53.737500000000004,6.555405092592593,,196.61708333333334
2020-07-02,23.61,16.0,70.74,40.62,16.98,19.56111111111111,265.0,0.0,,,9.27,17.89,17.89,24.0,16.401666666666667,66.91958333333334,1.938298611111111,,170.665375
2020-07-03,22.21,12.23,85.2,45.14,14.74,7.088888888888889,193.0,0.0,566.0228,474.5714,11.33,14.01,14.01,24.0,16.397916666666667,71.32833333333333,1.8962615740740738,,189.65449999999998
2020-07-04,21.19,13.72,83.9,50.05,16.37,6.319444444444445,115.0,0.0,544.9976,325.4883,12.05,15.47,15.47,24.0,17.650833333333335,77.67333333333333,1.518564814814815,,192.68662500000002
2020-07-05,23.04,12.09,87.4,60.18,16.64,6.330555555555555,66.0,0.0,475.5544,409.449,16.1,18.53,18.53,24.0,19.979166666666668,81.14874999999999,1.2980787037037038,,124.69979166666667
2020-07-06,25.79,15.83,88.9,62.48,10.77,4.069444444444445,20.0,0.0,,,18.43,21.33,21.33,24.0,19.40625,87.91666666666667,1.9311226851851853,,18.97375
2020-07-07,21.3,17.24,91.2,82.5,1.638,7.538888888888889,131.0,0.0,,,16.21,17.68,17.68,24.0,18.332916666666666,90.36666666666667,1.1710185185185185,,25.952583333333333
2020-07-08,19.43,17.36,91.7,86.9,2.241,2.930555555555556,223.0,0.0,,,17.77,19.16,19.16,24.0,21.029999999999998,82.075,2.375509259259259,,40.687916666666666
2020-07-09,25.78,18.51,93.1,56.61,3.513,11.488888888888889,262.0,0.0,,,14.4,22.25,22.25,24.0,19.574583333333333,63.56666666666666,3.1839699074074073,,172.95541666666668
2020-07-10,24.67,14.27,85.1,44.52,14.93,11.280555555555555,235.0,0.0,,,11.87,14.44,14.44,24.0,17.128333333333334,79.71375,1.9220949074074074,,202.17333333333332
2020-07-11,23.19,12.51,88.8,60.74,17.46,8.730555555555556,68.0,0.0,,,14.92,17.08,17.08,24.0,19.71125,81.65875,1.6068749999999998,,114.96620833333333
2020-07-12,26.47,16.55,88.2,63.73,9.93,9.030555555555555,128.0,0.0,201.9014,122.0126,17.61,19.92,19.92,24.0,21.435,82.77416666666666,1.620474537037037,,170.27145833333333
2020-07-13,28.32,17.01,90.2,64.69,14.7,6.669444444444444,111.0,0.0,366.6475,225.6861,19.05,20.86,20.86,24.0,19.383333333333333,89.52916666666665,2.411539351851852,,32.00325
2020-07-14,20.97,16.75,91.7,86.5,2.766,5.961111111111111,183.0,0.0,,,15.47,17.49,17.49,24.0,18.328333333333333,80.20791666666666,1.5601041666666664,,89.57366666666667
2020-07-15,20.92,16.88,88.1,67.59,7.732,4.730555555555556,71.0,0.0,,,14.47,16.94,16.94,24.0,17.82,78.21124999999999,2.219351851851852,,137.13016666666667
2020-07-16,21.34,15.83,85.9,63.76,11.84,6.261111111111111,115.0,0.0,411.9,335.166,13.29,16.04,16.04,24.0,17.42875,78.96,1.5600347222222222,,68.325875
2020-07-17,20.17,14.61,90.9,71.68,5.899,4.711111111111111,225.0,0.0,,,16.16,17.67,17.67,24.0,19.661666666666665,85.84708333333333,2.112164351851852,,99.70241666666668
2020-07-18,23.93,17.09,91.4,70.79,8.61,7.119444444444444,326.0,0.0,321.2547,178.9759,18.1,19.96,19.96,24.0,21.00166666666667,86.05208333333333,1.1096527777777778,,48.961625
2020-07-19,23.03,19.57,90.3,77.71,4.227,4.261111111111111,234.0,0.0,,,19.35,21.08,21.08,24.0,22.074166666666667,84.55458333333333,1.1262152777777776,,110.56620833333334
2020-07-20,26.23,19.2,90.8,66.77,9.55,3.8694444444444445,63.0,0.0,,,17.58,19.26,19.26,24.0,20.58875,87.76541666666667,1.3559837962962964,,156.97245833333332
2020-07-21,25.49,18.05,92.8,73.14,13.55,5.411111111111111,72.0,0.0,,,18.25,19.64,19.64,24.0,22.0125,80.93666666666667,1.394398148148148,,185.79466666666667
2020-07-22,29.19,17.68,92.7,47.64,16.04,4.111111111111112,69.0,0.0,380.3516,142.9191,17.55,20.3,20.3,24.0,23.515,74.92458333333333,1.2605092592592593,,194.44191666666666
2020-07-23,31.81,18.65,88.6,43.13,16.79,4.480555555555555,73.0,0.0,334.2072,229.5822,16.79,20.08,20.08,24.0,22.112083333333334,77.94041666666666,1.529259259259259,,184.48870833333334
2020-07-24,28.88,17.69,90.0,54.05,15.93,6.538888888888889,81.0,0.0,295.2878,124.6243,18.98,20.93,20.93,24.0,22.082916666666666,83.88291666666667,1.3227777777777778,,103.06979166666667
2020-07-25,25.9,20.35,90.2,69.46,8.9,4.769444444444445,83.0,0.0,,,19.63,21.29,21.29,24.0,21.499166666666667,80.43375,2.130613425925926,,88.05129166666666
2020-07-26,28.6,18.43,90.9,49.73,7.603,10.13888888888889,162.0,0.0,305.8486,102.0867,16.04,18.74,18.74,24.0,18.210416666666667,84.77916666666667,1.7893402777777778,,42.491416666666666
2020-07-27,19.31,16.48,89.8,80.3,3.668,4.019444444444445,217.0,0.0,,,15.65,18.11,18.11,24.0,20.613333333333333,81.00166666666667,1.7048032407407405,,177.20370833333334
2020-07-28,27.27,16.59,88.9,62.05,15.3,5.330555555555556,73.0,0.0,,,18.7,20.78,20.78,24.0,20.760416666666668,85.59208333333333,2.582662037037037,,159.68066666666667
2020-07-29,26.55,17.23,90.8,70.36,13.79,10.580555555555556,137.0,0.0,,,15.41,17.35,17.35,24.0,16.139166666666664,80.31583333333333,2.239606481481481,,32.079208333333334
2020-07-30,17.34,14.73,89.6,72.23,2.769,7.488888888888889,128.0,0.0,,,10.98,15.56,15.56,24.0,16.247916666666665,70.90625,1.45375,,75.08891666666666
2020-07-31,18.57,14.13,81.6,59.24,6.483,4.8,219.0,0.0,,,13.56,16.83,16.83,24.0,18.302916666666665,82.25166666666667,1.3564236111111112,,90.28583333333334
2020-08-01,21.95,15.76,89.1,67.91,7.795,4.5,99.0,0.0,,,16.14,18.29,18.29,24.0,20.465416666666666,80.88916666666667,1.7775810185185186,,210.66404166666666
2020-08-02,24.91,17.09,89.2,63.93,18.19,5.6194444444444445,85.0,0.0,348.4418,271.8637,16.69,18.65,18.65,24.0,20.718333333333334,82.5425,1.667997685185185,,200.41054166666666
2020-08-03,25.58,18.37,90.1,65.51,17.3,6.861111111111111,65.0,0.0,124.9784,118.2062,16.95,18.81,18.81,24.0,20.733333333333334,81.14416666666666,1.8350694444444444,,226.59091666666666
2020-08-04,24.86,17.33,91.5,65.81,19.57,7.319444444444445,71.0,0.0,231.7161,133.7275,17.72,19.94,19.94,24.0,21.52416666666667,78.81083333333333,1.9161805555555553,,197.47850000000003
2020-08-05,25.67,18.75,89.8,58.33,17.05,7.788888888888889,73.0,0.0,,,18.58,21.64,21.64,24.0,22.65625,79.13458333333334,2.0572800925925923,,181.017875
2020-08-06,25.74,20.25,86.9,65.38,15.63,7.930555555555555,75.0,0.0,,,19.63,22.01,22.01,24.0,22.042916666666667,79.75708333333334,1.913483796296296,,221.38858333333334
2020-08-07,26.77,17.91,90.2,55.89,19.11,7.988888888888889,69.0,0.0,,,19.02,20.86,20.86,24.0,21.934166666666666,78.13333333333334,1.5987152777777778,,217.60441666666668
2020-08-08,27.36,17.56,91.9,52.65,18.79,6.638888888888888,88.0,0.0,,,17.22,19.35,19.35,24.0,20.979166666666668,82.96833333333333,1.8273148148148148,,213.48058333333333
2020-08-09,25.86,18.23,90.4,63.65,18.43,6.769444444444445,81.0,0.0,,,18.17,20.1,20.1,24.0,21.77125,81.96625,1.6758912037037037,,215.582625
2020-08-10,25.99,18.7,90.7,65.43,18.61,6.9111111111111105,77.0,0.0,,,19.08,21.84,21.84,24.0,22.878333333333334,80.21625,1.7367939814814815,,199.84508333333335
2020-08-11,26.55,20.56,89.3,65.7,17.26,7.580555555555555,77.0,0.0,,,18.76,20.58,20.58,24.0,21.266666666666666,77.0625,2.8404050925925923,,218.49591666666666
2020-08-12,28.77,18.0,90.5,55.29,18.87,12.869444444444444,127.0,0.0,,,14.28,19.09,19.09,24.0,18.3,83.38875,2.5146180555555557,,25.94004166666667
2020-08-13,19.22,17.19,89.7,72.97,2.24,6.761111111111111,114.0,0.0,,,16.14,18.23,18.23,24.0,20.22875,86.50666666666666,1.681099537037037,,104.19375000000001
2020-08-14,24.38,17.37,90.9,71.58,9.0,5.519444444444445,217.0,0.0,,,19.64,21.34,21.34,24.0,21.067916666666665,90.66250000000001,1.9827546296296295,,29.841708333333333
2020-08-15,22.35,20.01,92.4,87.4,2.581,9.088888888888889,238.0,0.0,,,19.76,21.25,21.25,24.0,21.949166666666667,81.74916666666667,2.675949074074074,,24.85354166666667
2020-08-16,26.48,19.28,92.0,56.01,2.141,16.530555555555555,212.0,0.0,,,18.66,20.61,20.61,24.0,19.59625,85.46625,1.4463194444444445,,28.251333333333335
2020-08-17,20.89,17.52,90.6,79.03,2.439,4.1,226.0,0.0,82.7386,18.90757,16.07,17.6,17.6,24.0,19.515,86.88291666666667,1.6178587962962963,,77.41175
2020-08-18,23.2,17.35,90.8,72.79,6.684,4.6499999999999995,69.0,0.0,305.8534,41.741,18.04,19.6,19.6,24.0,20.389583333333334,89.56666666666666,1.0732407407407407,,32.855666666666664
2020-08-19,22.29,19.34,91.5,82.2,2.8369999999999997,3.638888888888889,270.0,0.0,145.446,108.3065,18.66,20.1,20.1,24.0,20.52375,88.92083333333333,1.8454282407407405,,31.335041666666665
2020-08-20,22.97,18.21,92.2,79.94,2.708,9.4,114.0,0.0,,,16.48,18.5,18.5,24.0,15.72875,85.68041666666666,2.669537037037037,,20.4645
2020-08-21,18.44,12.12,90.4,74.0,1.7650000000000001,6.730555555555555,211.0,0.0,273.4385,222.638,10.57,12.3,12.3,24.0,12.527083333333332,73.94875,3.129074074074074,,68.01787499999999
2020-08-22,14.46,10.2,89.4,54.0,5.872,7.419444444444444,232.0,0.0,507.4765,239.8281,8.24,10.97,10.97,24.0,14.022916666666667,70.77499999999999,1.7031481481481483,,264.46825
2020-08-23,21.43,8.37,87.1,42.79,22.84,5.330555555555556,117.0,0.0,741.924,454.1178,10.15,13.82,13.82,24.0,16.01,81.16416666666667,1.7469907407407408,,140.97479166666668
2020-08-24,22.06,11.54,87.8,67.59,12.17,5.1305555555555555,189.0,0.0,393.9632,109.4608,14.78,16.96,16.96,24.0,19.22625,79.72083333333333,1.993287037037037,,245.740875
2020-08-25,25.02,15.05,90.1,56.4,21.21,7.761111111111111,72.0,0.0,357.209,104.5941,15.52,17.61,17.61,24.0,19.3725,81.46291666666666,1.9756944444444444,,178.45779166666668
2020-08-26,23.77,15.05,91.8,68.62,15.41,8.719444444444445,85.0,0.0,341.7997,149.3787,15.71,18.68,18.68,24.0,19.741666666666667,75.64375,2.054259259259259,,276.43720833333333
2020-08-27,25.38,14.51,90.0,49.77,23.87,9.819444444444445,66.0,0.0,376.5121,147.4905,15.55,17.55,17.55,24.0,19.970833333333335,80.17291666666667,1.7780324074074072,,273.18958333333336
2020-08-28,26.98,14.3,90.0,61.72,23.59,8.161111111111111,72.0,0.0,328.9644,110.9742,16.99,18.85,18.85,24.0,22.159166666666668,79.86458333333333,1.9739236111111111,,263.41875
2020-08-29,28.58,19.16,89.2,56.66,20.17,7.569444444444445,70.0,0.0,436.2048,418.8248,17.37,19.21,19.21,24.0,20.912916666666668,86.86333333333333,1.3195833333333333,,109.15050000000001
2020-08-30,25.11,18.97,91.5,74.39,9.42,5.5,68.0,0.0,,,19.16,20.7,20.7,24.0,21.886666666666667,83.72291666666666,2.747175925925926,,212.67100000000002
2020-08-31,26.18,19.3,92.7,73.09,18.36,9.68888888888889,87.0,0.0,,,17.19,21.21,21.21,24.0,19.459583333333335,87.51833333333333,1.573773148148148,,40.859625
2020-09-01,21.32,18.34,91.3,77.5,3.528,4.561111111111112,163.0,0.0,,,16.97,18.44,18.44,24.0,19.347083333333334,91.45416666666667,2.2385069444444445,,45.58233333333334
2020-09-02,20.62,18.19,92.1,90.7,3.938,4.8500000000000005,120.0,0.0,,,19.02,20.56,20.56,24.0,22.65125,82.48208333333334,2.150462962962963,,102.59091666666666
2020-09-03,25.24,20.54,90.9,72.55,8.86,6.6305555555555555,65.0,0.0,159.3574,73.06744,20.22,23.03,23.03,24.0,23.66875,83.315,2.010798611111111,,143.115375
2020-09-04,26.96,20.7,90.9,69.96,12.36,5.7,78.0,0.0,247.6593,82.94818,18.46,20.73,20.73,24.0,20.054583333333333,82.45208333333333,3.118784722222222,,54.902875
2020-09-05,20.9,18.07,88.8,76.91,4.741,6.480555555555555,110.0,0.0,312.8421,58.63216,16.18,18.07,18.07,24.0,19.670416666666668,86.80125,1.7686111111111111,,86.902
2020-09-06,23.63,17.57,90.8,72.6,7.503,5.088888888888889,138.0,0.0,392.9267,127.7556,18.44,20.06,20.06,24.0,20.90875,88.67916666666667,1.4889467592592593,,47.977624999999996
2020-09-07,22.95,19.91,90.8,83.1,4.142,5.219444444444444,151.0,0.0,314.0697,115.6475,18.94,20.5,20.5,24.0,20.805416666666666,89.425,1.5062499999999999,,35.29625
2020-09-08,22.18,19.98,91.7,83.7,3.048,7.05,158.0,0.0,,,18.65,20.17,20.17,24.0,21.541666666666668,89.22083333333335,1.3043055555555556,,54.175375
2020-09-09,23.45,19.96,92.4,84.0,4.678,3.9194444444444443,161.0,0.0,,,20.85,22.13,22.13,24.0,23.339166666666667,88.57916666666667,1.659386574074074,,124.08791666666667
2020-09-10,26.92,21.86,92.4,75.49,10.71,5.769444444444444,67.0,0.0,,,21.07,23.17,23.17,24.0,23.833333333333332,82.35625,2.1692708333333335,,205.55550000000002
2020-09-11,31.38,20.77,92.7,61.36,17.75,8.91111111111111,97.0,0.0,305.9936,111.7186,17.81,20.79,20.79,24.0,22.529583333333335,80.09291666666667,1.7290277777777778,,262.00958333333335
2020-09-12,27.56,18.67,89.6,63.4,22.62,6.519444444444444,75.0,0.0,351.0795,102.7173,19.62,21.75,21.75,24.0,24.30333333333333,78.87208333333334,1.760625,,210.86633333333336
2020-09-13,31.23,20.78,91.2,52.53,18.2,5.71111111111111,143.0,0.0,373.1749,88.16499,19.9,23.19,23.19,24.0,24.564166666666665,80.30125,1.9677777777777778,,209.8803333333333
2020-09-14,28.97,21.95,89.9,65.17,18.12,6.838888888888889,69.0,0.0,355.834,81.06931,20.02,22.13,22.13,24.0,22.732916666666668,80.795,3.2932175925925926,,150.547875
2020-09-15,31.69,19.14,92.9,56.94,13.0,11.438888888888888,136.0,0.0,366.4172,69.32885,13.56,19.2,19.2,24.0,18.857916666666668,69.58125,2.0795833333333333,,56.763
2020-09-16,20.34,17.53,86.8,54.8,4.9,7.938888888888888,108.0,0.0,,,15.46,18.08,18.08,24.0,20.685416666666665,80.61541666666666,1.704236111111111,,150.18470833333333
2020-09-17,24.59,17.54,87.6,66.67,12.97,5.1,93.0,0.0,,,18.7,21.66,21.66,24.0,22.87,84.6675,1.7288310185185185,,75.208875
2020-09-18,27.04,21.14,91.2,69.66,6.494,10.080555555555556,216.0,0.0,,,20.22,21.71,21.71,24.0,23.892916666666668,81.60875,2.3838773148148147,,282.2525
2020-09-19,30.98,20.14,92.3,54.47,24.37,7.4111111111111105,79.0,0.0,,,20.35,22.37,22.37,24.0,24.122083333333336,80.02624999999999,2.730451388888889,,245.284625
2020-09-20,30.46,20.8,89.9,65.28,21.18,10.280555555555555,123.0,0.0,,,15.26,20.81,20.81,24.0,19.41,66.56458333333333,3.3876967592592595,,68.87883333333333
2020-09-21,20.98,17.46,78.7,54.88,5.947,8.730555555555556,103.0,0.0,,,13.19,18.11,18.11,24.0,17.525000000000002,76.98125,1.9618287037037037,,58.333375
2020-09-22,19.44,15.36,90.1,57.97,5.037,4.9111111111111105,147.0,0.0,,,13.82,17.09,17.09,24.0,18.915,70.38625,2.2274074074074073,,139.47841666666667
2020-09-23,22.27,16.63,82.9,55.32,12.04,6.319444444444445,117.0,0.0,,,14.5,18.56,18.56,24.0,20.28291666666667,77.44791666666667,1.5536805555555555,,129.17216666666667
2020-09-24,23.58,17.83,88.1,66.75,11.15,4.311111111111111,93.0,0.0,,,18.46,20.5,20.5,24.0,23.12375,78.62666666666667,1.6800231481481482,,263.90004166666665
2020-09-25,28.66,20.1,89.6,54.55,22.78,7.1499999999999995,67.0,0.0,,,19.02,21.21,21.21,24.0,23.514583333333334,77.48666666666666,2.3432175925925924,,301.96120833333333
2020-09-26,29.31,20.64,88.2,56.6,26.07,9.11111111111111,76.0,0.0,,,18.9,22.26,22.26,24.0,23.721249999999998,77.85458333333334,2.17125,,286.74720833333333
2020-09-27,28.42,19.92,89.1,58.1,24.76,9.511111111111111,85.0,0.0,,,20.3,23.1,23.1,24.0,23.975416666666664,84.4025,1.7937152777777776,,81.841125
2020-09-28,27.63,22.01,90.6,70.53,7.07,8.36111111111111,261.0,0.0,,,21.35,24.22,24.22,24.0,24.452916666666667,80.60083333333334,3.182337962962963,,99.99120833333332
2020-09-29,31.79,20.14,90.7,57.4,8.63,12.91111111111111,118.0,0.0,,,18.3,20.25,20.25,24.0,22.44333333333333,77.77333333333333,1.5800810185185183,,110.64983333333333
2020-09-30,25.2,20.1,89.0,64.03,9.55,6.0,55.0,0.0,,,19.01,22.59,22.59,24.0,24.44125,79.26291666666667,1.8645486111111111,,226.82458333333332
2020-10-01,29.95,21.77,90.0,62.54,19.58,10.11111111111111,112.0,0.0,,,21.8,23.57,23.57,24.0,26.879583333333333,80.27374999999999,2.096736111111111,,291.107625
2020-10-02,33.67,23.25,90.9,59.41,25.13,8.988888888888889,121.0,0.0,,,22.71,24.7,24.7,24.0,26.939999999999998,81.52541666666666,2.3008333333333333,,271.2180416666667
2020-10-03,35.98,23.47,90.8,52.18,23.42,11.519444444444444,128.0,0.0,,,22.04,24.68,24.68,24.0,22.383750000000003,85.87916666666666,3.307002314814815,,31.4405
2020-10-04,24.74,19.11,91.5,76.79,2.715,10.469444444444443,153.0,0.0,,,17.95,19.48,19.48,24.0,20.44666666666667,89.98333333333333,2.797997685185185,,80.94433333333333
2020-10-05,22.95,18.78,92.1,80.1,6.989,7.611111111111111,103.0,0.0,,,19.71,21.08,21.08,24.0,23.45958333333333,88.55416666666667,1.8894212962962962,,159.89904166666665
2020-10-06,25.99,20.92,91.8,82.0,13.81,7.211111111111111,72.0,0.0,-3.453627,-12.35483,22.44,24.17,24.17,24.0,24.037916666666664,81.83958333333334,2.4432407407407406,,143.38129166666667
2020-10-07,27.54,21.45,91.4,63.37,12.38,8.03888888888889,115.0,0.0,130.1814,-1.290069,19.73,21.91,21.91,24.0,23.040833333333335,87.07916666666667,2.4250810185185183,,118.07166666666667
2020-10-08,27.63,20.84,91.3,70.68,10.2,10.25,242.0,0.0,148.9497,0.7499306,21.43,22.95,22.95,24.0,22.54625,89.0625,2.1092476851851854,,36.67733333333333
2020-10-09,23.83,21.22,91.2,85.8,3.165,6.588888888888889,107.0,0.0,210.4273,10.82547,19.71,21.3,21.3,24.0,21.020833333333332,90.825,2.0347916666666666,,23.19125
2020-10-10,21.59,20.3,91.9,89.3,2.002,9.16111111111111,186.0,0.0,117.1418,82.16119,18.72,20.51,20.51,24.0,22.55125,74.81041666666667,2.8659259259259255,,347.35474999999997
2020-10-11,27.8,18.96,92.1,47.26,29.99,9.299999999999999,132.0,0.0,347.5957,82.84797,15.15,20.47,20.47,24.0,22.630416666666665,65.73166666666667,2.598240740740741,,345.231875
2020-10-12,26.97,19.9,79.72,48.39,29.8,9.069444444444445,76.0,0.0,391.5733,59.37388,17.83,22.69,22.69,24.0,23.80875,70.87625,2.413587962962963,,358.96345833333334
2020-10-13,27.84,19.11,85.9,54.88,30.99,10.269444444444444,74.0,0.0,306.5846,67.93165,19.01,21.71,21.71,24.0,23.509583333333335,78.39666666666666,2.777048611111111,,274.83145833333333
2020-10-14,30.1,20.7,87.4,61.21,23.73,8.538888888888888,111.0,0.0,315.637,60.84105,18.27,21.94,21.94,24.0,23.735833333333332,76.76583333333333,2.136979166666667,,181.871125
2020-10-15,27.61,21.13,84.7,62.93,15.7,6.530555555555556,76.0,0.0,276.3218,63.32315,19.81,22.59,22.59,24.0,22.597083333333334,79.79916666666666,1.6411226851851852,,71.58741666666667
2020-10-16,26.16,20.92,90.1,61.38,6.181,6.2,136.0,0.0,,,18.85,21.71,21.71,24.0,23.290833333333335,73.84208333333333,2.9826967592592593,,304.5058333333333
2020-10-17,27.27,20.44,87.1,52.62,26.29,8.469444444444443,112.0,0.0,28.56412,,18.17,21.34,21.34,24.0,23.157083333333333,74.67416666666666,2.2429050925925926,,228.88945833333332
2020-10-18,27.53,19.97,87.2,52.3,19.76,7.25,116.0,0.0,8.024403,,19.96,22.25,22.25,24.0,24.212500000000002,77.66541666666667,2.6056712962962965,,287.73525
2020-10-19,28.2,20.43,89.8,58.93,24.84,9.219444444444443,77.0,0.0,,,21.43,24.25,24.25,24.0,24.993333333333336,82.47333333333334,2.1346064814814816,,101.92225
2020-10-20,27.12,23.61,87.0,76.83,8.8,6.9111111111111105,70.0,0.0,,,21.68,24.84,24.84,24.0,26.19125,80.23125,2.2096875,,291.02791666666667
2020-10-21,30.81,23.53,90.1,63.64,25.13,7.630555555555555,78.0,0.0,,,21.71,23.54,23.54,24.0,25.578333333333333,81.18708333333333,2.898831018518518,,281.6192916666667
2020-10-22,29.13,23.25,91.6,64.04,24.31,8.880555555555555,113.0,0.0,,,22.02,24.12,24.12,24.0,25.644166666666667,80.46375,3.7357291666666668,,306.88804166666665
2020-10-23,29.22,23.2,90.8,64.39,26.5,10.980555555555556,81.0,0.0,,,21.07,23.69,23.69,24.0,25.24416666666667,78.21124999999999,3.0382407407407404,,178.68066666666667
2020-10-24,28.21,23.26,85.8,68.27,15.42,9.388888888888888,75.0,0.0,,,20.47,24.32,24.32,24.0,24.955416666666665,81.05666666666666,2.0108333333333333,,220.009125
2020-10-25,28.6,22.01,89.9,70.18,19.0,6.6305555555555555,71.0,0.0,,,22.07,23.99,23.99,24.0,25.999583333333334,78.41208333333334,2.2285069444444443,,271.61608333333334
2020-10-26,30.91,23.07,91.3,61.26,23.45,8.688888888888888,100.0,0.0,,,21.42,24.95,24.95,24.0,25.946250000000003,77.12041666666666,2.1213310185185184,,255.55958333333334
2020-10-27,29.85,22.36,87.5,61.77,22.07,10.21111111111111,74.0,0.0,,,21.96,25.66,25.66,24.0,27.309166666666666,75.10708333333334,2.1644328703703706,,296.64945833333337
2020-10-28,33.05,23.36,89.4,53.02,25.61,10.06111111111111,72.0,0.0,,,22.62,24.48,24.48,24.0,28.1425,66.51083333333334,2.2785300925925926,,386.1967916666667
2020-10-29,36.47,23.26,89.3,30.41,33.35,9.311111111111112,123.0,0.0,,,20.31,24.42,24.42,24.0,25.735,75.50708333333334,2.478587962962963,,191.64045833333333
2020-10-30,28.97,21.06,89.1,63.41,16.54,10.538888888888888,144.0,0.0,,,19.08,21.25,21.25,24.0,20.515416666666667,79.60791666666667,3.1928356481481477,,82.11345833333333
2020-10-31,23.51,17.47,88.2,61.74,7.09,8.588888888888889,142.0,0.0,,,16.53,20.35,20.35,24.0,22.10291666666667,73.39708333333333,3.5222569444444445,,169.516625
2020-11-01,25.8,19.73,87.6,53.65,14.64,8.65,128.0,0.0,,,17.54,20.4,20.4,24.0,21.170833333333334,74.01666666666667,2.8761111111111113,,94.48833333333333
2020-11-02,24.11,19.04,87.4,55.69,8.16,8.688888888888888,191.0,0.0,,,16.85,19.19,19.19,24.0,21.905,71.9225,2.217337962962963,,291.12129166666665
2020-11-03,26.84,18.2,87.4,50.56,25.14,7.111111111111112,98.0,0.0,,,16.72,19.74,19.74,24.0,22.885,70.65833333333333,2.668368055555556,,355.9370833333333
2020-11-04,27.99,18.46,86.2,48.95,30.73,8.63888888888889,141.0,0.0,,,17.67,20.63,20.63,24.0,21.499583333333334,70.8525,3.3635185185185184,,162.93258333333333
2020-11-05,24.38,18.89,87.9,58.14,14.07,11.261111111111111,138.0,0.0,,,13.28,20.26,20.26,24.0,22.191666666666666,62.55375,3.1623611111111107,,393.4904166666667
2020-11-06,26.91,16.99,81.4,40.84,33.98,10.03888888888889,114.0,0.0,,,15.48,20.59,20.59,24.0,23.024583333333336,63.614583333333336,2.1666435185185184,,378.98083333333335
2020-11-07,28.93,17.49,80.5,43.47,32.72,6.769444444444445,107.0,0.0,,,16.02,19.84,19.84,24.0,23.710416666666664,68.89041666666667,2.4083564814814813,,397.0441666666666
2020-11-08,29.51,18.02,81.3,51.78,34.28,7.961111111111111,80.0,0.0,,,19.28,22.63,22.63,24.0,25.129166666666666,72.25083333333333,2.798148148148148,,337.1205
2020-11-09,29.52,21.75,86.0,49.79,29.11,8.588888888888889,81.0,0.0,,,20.86,24.67,24.67,24.0,23.520833333333332,86.83291666666666,1.6315277777777777,,61.622833333333325
2020-11-10,26.02,22.41,90.6,78.96,5.319,6.311111111111111,86.0,0.0,,,21.04,22.69,22.69,24.0,25.0525,85.37833333333333,2.0228703703703705,,210.04512499999998
2020-11-11,29.59,22.68,90.6,69.22,18.14,6.8,116.0,0.0,-35.85602,,23.16,25.35,25.35,24.0,25.729166666666668,86.02291666666667,1.6214004629629628,,109.81666666666666
2020-11-12,27.88,23.11,90.4,78.63,9.48,7.580555555555555,214.0,0.0,-26.893250000000002,,21.38,23.17,23.17,24.0,25.74791666666667,81.96833333333333,2.217627314814815,,282.47204166666666
2020-11-13,30.28,22.02,90.0,63.09,24.39,10.388888888888888,201.0,0.0,-19.11728,,20.4,22.33,22.33,24.0,25.7925,78.96,2.477337962962963,,334.6942916666667
2020-11-14,31.58,21.4,90.4,59.14,28.9,6.788888888888889,73.0,0.0,-6.913524,,22.38,24.92,24.92,24.0,27.342083333333335,77.32833333333333,2.532951388888889,,350.947625
2020-11-15,32.16,24.11,88.7,60.79,30.3,8.61111111111111,84.0,0.0,-13.65639,,22.8,29.44,26.95,24.0,28.102500000000003,77.86416666666666,2.525902777777778,,333.1790833333333
2020-11-16,33.91,23.62,88.7,61.3,28.77,12.538888888888888,209.0,0.0,-26.63639,,22.41,24.58,24.58,24.0,27.72458333333333,77.16208333333333,2.834375,,361.73995833333333
2020-11-17,34.35,24.13,89.6,47.36,31.23,9.311111111111112,130.0,0.0,-16.36636,,21.94,24.43,24.43,24.0,25.172083333333333,75.42625,2.8557175925925926,,137.22074999999998
2020-11-18,28.61,23.77,89.2,63.47,11.85,8.930555555555555,118.0,0.0,-1.218428,,18.22,24.35,24.35,24.0,21.45,85.02541666666666,2.2103125,,46.69858333333334
2020-11-19,24.38,19.64,91.1,67.57,4.032,7.55,108.0,0.0,-38.18989,,18.33,19.86,19.86,24.0,21.165833333333335,83.61874999999999,2.725277777777778,801.5,143.650375
2020-11-20,25.74,18.83,91.0,67.43,12.4,9.430555555555555,157.0,0.0,100.454,-46.25903,18.12,20.96,20.96,24.0,23.135833333333334,74.29666666666667,2.510601851851852,803.0,231.76041666666666
2020-11-21,27.97,20.04,87.1,55.99,20.01,6.969444444444444,117.0,0.0,126.985,8.758051,18.71,21.49,21.49,24.0,23.631666666666664,76.47708333333334,2.3310532407407405,,291.640125
2020-11-22,28.2,19.8,89.1,59.96,25.18,6.930555555555555,116.0,0.0,176.5732,46.10876,19.96,22.58,22.58,24.0,25.629166666666666,72.29458333333334,2.369976851851852,,393.55283333333335
2020-11-23,29.86,22.04,87.9,53.54,33.98,8.080555555555556,72.0,0.0,200.951,13.36068,20.31,24.2,24.2,24.0,26.025000000000002,74.21041666666666,2.664571759259259,824.0,406.76891666666666
2020-11-24,30.11,22.67,89.1,58.46,35.12,10.369444444444444,76.0,0.0,221.9796,8.299604,20.13,24.41,24.41,24.0,26.474999999999998,72.43416666666667,2.9168634259259263,,317.8391666666667
2020-11-25,29.62,23.32,80.3,60.59,27.44,10.469444444444443,77.0,0.0,174.7903,18.69142,22.2,26.11,26.11,24.0,27.373333333333335,77.71,2.9788310185185183,,310.885375
2020-11-26,31.19,24.76,87.7,62.67,26.84,10.519444444444444,73.0,0.0,251.0811,55.70546,23.38,30.07,27.16,24.0,28.799583333333334,77.18083333333333,2.571550925925926,,362.70795833333335
2020-11-27,33.78,25.47,87.3,58.38,31.32,8.71111111111111,78.0,0.0,188.1419,13.58705,24.58,30.2,26.92,24.0,26.655416666666667,84.67083333333333,2.5111805555555553,,62.031
2020-11-28,28.83,25.04,91.9,73.59,5.356,7.580555555555555,139.0,0.0,91.21036,43.96861,23.95,25.38,25.38,24.0,27.93041666666667,77.64,2.6302546296296296,,395.8409583333333
2020-11-29,32.57,24.32,91.8,54.18,34.18,8.46111111111111,60.0,0.0,201.6868,17.36041,23.71,26.29,26.29,24.0,28.530416666666667,76.17916666666666,2.318599537037037,,342.012125
2020-11-30,33.31,24.97,88.6,57.85,29.53,7.569444444444445,97.0,0.0,178.701,9.308263,23.7,29.32,26.68,24.0,28.7225,72.2825,2.9264814814814812,,269.62666666666667
2020-12-01,35.81,23.81,88.1,45.27,23.28,9.1,127.0,0.0,192.3437,30.5383,21.82,23.88,23.88,24.0,24.92625,82.56291666666667,2.0116319444444444,,62.857124999999996
2020-12-02,27.41,23.15,89.7,67.77,5.427,6.96111111111111,206.0,0.0,143.9034,64.75291,21.58,23.56,23.56,24.0,26.525000000000002,81.3275,2.439814814814815,,259.0994166666666
2020-12-03,30.44,23.24,89.7,67.46,22.37,8.419444444444444,78.0,0.0,279.8343,40.1175,23.84,29.66,26.82,24.0,27.46666666666667,76.34791666666666,2.0535416666666664,,119.86358333333334
2020-12-04,31.83,22.98,91.2,54.02,10.35,15.46111111111111,261.0,6.299,304.4796,76.49113,22.17,25.54,25.54,24.0,27.91208333333333,69.83999999999999,2.690405092592593,,327.2391666666667
2020-12-05,32.47,23.85,85.4,45.38,28.26,6.96111111111111,81.0,0.0,272.4773,41.31303,21.96,26.41,26.41,24.0,22.86791666666667,86.32583333333334,2.3033449074074075,,52.807625
2020-12-06,26.6,20.5,91.3,72.7,4.559,9.280555555555555,120.0,0.0,144.4684,84.77828,19.32,21.16,21.16,24.0,21.623333333333335,90.28333333333335,2.7599074074074075,,51.34316666666666
2020-12-07,22.65,20.34,92.0,88.1,4.433,9.830555555555556,113.0,0.0,,,20.97,22.31,22.31,24.0,23.77541666666667,88.49125,1.9215856481481481,,144.19808333333333
2020-12-08,27.11,22.14,92.1,76.56,12.45,6.738888888888889,116.0,0.0,380.3172,135.2131,21.93,23.46,23.46,24.0,27.400000000000002,77.35916666666667,2.180763888888889,,341.9284583333333
2020-12-09,35.33,22.85,91.8,50.02,29.52,9.488888888888887,117.0,0.0,301.8575,110.39,22.97,25.22,25.22,24.0,27.76875,75.66833333333334,2.724548611111111,,365.1132916666666
2020-12-10,31.75,24.36,88.4,60.14,31.53,8.030555555555555,118.0,0.0,251.6215,115.7186,22.85,26.29,26.29,24.0,27.205,76.11041666666667,2.3807175925925925,,298.608875
2020-12-11,30.85,23.87,89.2,61.9,25.78,7.561111111111111,73.0,0.0,258.4337,88.12903,22.2,26.44,26.44,24.0,28.087083333333336,74.88625,2.5738078703703704,,387.68287499999997
2020-12-12,31.18,23.99,84.4,60.93,33.48,10.619444444444444,84.0,0.0,259.3304,97.88544,24.11,30.51,27.19,24.0,28.932916666666667,76.54833333333333,2.5188888888888887,,332.96958333333333
2020-12-13,34.52,25.81,88.4,58.97,28.75,14.269444444444444,138.0,0.0,228.7609,76.58394,22.83,26.36,26.36,24.0,29.084999999999997,74.80499999999999,2.2608564814814813,,326.78041666666667
2020-12-14,34.08,24.06,86.5,60.68,28.22,11.169444444444444,183.0,0.0,265.5726,134.1977,23.2,30.17,27.27,24.0,27.35291666666667,81.22041666666667,3.081087962962963,,251.79183333333333
2020-12-15,33.51,24.49,90.8,60.8,21.73,10.869444444444445,113.0,0.0,320.9665,112.6241,23.1,24.73,24.73,24.0,24.937083333333334,89.40833333333335,1.9128472222222221,,51.97266666666667
2020-12-16,25.99,23.95,91.3,85.1,4.489,4.8694444444444445,145.0,3.581,,,23.52,25.34,25.34,24.0,27.351666666666663,81.83708333333333,2.064548611111111,,218.716625
2020-12-17,31.11,24.95,90.6,64.68,18.88,7.169444444444444,79.0,1.3719999999999999,337.7806,108.3476,24.89,30.21,26.85,24.0,26.37375,85.5075,3.1164467592592593,,183.09675000000001
2020-12-18,31.09,23.81,90.6,69.03,15.81,9.2,158.0,9.83,443.9855,113.6025,22.94,24.74,24.74,24.0,27.56375,79.23208333333334,3.0707175925925925,,269.5817083333333
2020-12-19,31.51,24.51,89.9,64.21,23.27,7.1305555555555555,112.0,0.0,354.5878,10.32095,24.18,26.44,26.44,24.0,28.425833333333333,81.78333333333333,2.411226851851852,,318.66895833333336
2020-12-20,34.15,25.51,90.1,61.28,27.51,9.78888888888889,176.0,7.315,406.024,-11.16687,24.34,26.18,26.18,24.0,28.122500000000002,82.85208333333334,1.746574074074074,,204.84666666666666
2020-12-21,34.29,25.04,90.4,64.26,17.69,6.169444444444444,322.0,2.743,385.4347,33.76984,24.77,26.54,26.54,24.0,26.926666666666666,82.13041666666668,2.719386574074074,,132.7519166666667
2020-12-22,30.05,23.94,90.3,69.22,11.46,9.519444444444446,140.0,1.143,331.9835,36.99575,22.19,24.33,24.33,24.0,24.17125,84.91416666666667,1.854212962962963,,75.41083333333334
2020-12-23,26.3,22.96,89.6,78.88,6.511,5.430555555555555,73.0,1.6,260.7525,245.2646,21.53,23.37,23.37,24.0,25.91416666666667,79.45416666666667,2.333553240740741,,204.27925000000002
2020-12-24,30.33,22.45,91.5,62.08,17.64,5.76111111111111,58.0,4.801,436.0618,,21.87,29.3,27.1,24.0,27.499583333333334,71.38333333333334,2.2801157407407406,,323.14095833333334
2020-12-25,31.25,23.96,89.2,51.53,27.9,9.080555555555554,64.0,2.972,455.6704,54.12727,20.55,24.61,24.61,24.0,26.187916666666666,75.46291666666667,2.494479166666667,,300.57004166666667
2020-12-26,30.44,22.65,88.4,60.92,25.95,8.130555555555555,113.0,0.0,401.5617,54.81916,21.89,24.92,24.92,24.0,26.56041666666667,79.57416666666667,2.9684606481481484,,294.40566666666666
2020-12-27,31.91,23.03,91.1,60.13,25.42,7.730555555555555,104.0,12.29,353.9684,37.77521,23.21,24.77,24.77,24.0,26.358333333333334,84.20333333333333,2.8513425925925926,,260.18312499999996
2020-12-28,31.88,24.08,91.5,63.29,22.46,8.430555555555555,149.0,36.98,418.8144,34.88969,23.09,24.84,24.84,24.0,27.125,82.79083333333334,3.2864930555555554,,253.30012499999998
2020-12-29,32.59,24.26,91.2,63.01,21.87,9.361111111111112,118.0,5.944,359.9891,51.00663,23.88,25.66,25.66,24.0,27.1875,82.65041666666666,2.0811805555555556,,283.9322916666667
2020-12-30,32.39,24.28,91.2,64.37,24.52,10.330555555555554,238.0,3.886,430.1936,37.67985,22.62,24.3,24.3,24.0,29.089166666666667,75.76333333333334,2.4964583333333334,,409.0985416666667
2020-12-31,34.18,23.14,91.3,59.03,35.32,8.538888888888888,73.0,0.229,271.829,51.92074,25.95,36.08,29.29,24.0,29.401666666666667,76.8275,2.7204050925925927,,200.93766666666667
2021-01-01,34.22,24.32,92.6,55.17,17.35,14.049999999999999,224.0,104.4,426.1879,27.28816,23.43,24.79,24.79,24.0,24.864166666666666,85.19833333333334,2.3497337962962965,,54.427375000000005
2021-01-02,25.97,23.46,92.5,76.25,4.7,6.85,141.0,8.69,77.78451,57.75886,21.2,23.53,23.53,24.0,24.86791666666667,80.64166666666667,1.6332638888888888,,127.04374999999999
2021-01-03,30.33,22.66,90.2,56.99,10.97,4.8388888888888895,97.0,7.01,497.4143,86.07603,20.99,22.66,22.66,24.0,25.735416666666666,76.55416666666666,1.9217939814814813,,227.1245
2021-01-04,29.81,22.12,91.6,59.22,19.61,6.519444444444444,100.0,2.743,388.2832,94.81609,20.43,23.61,23.61,24.0,26.52,74.38958333333333,2.1675115740740742,809.0,317.087375
2021-01-05,31.0,21.74,88.9,58.46,27.38,6.6305555555555555,89.0,0.94,388.2537,70.59051,22.23,26.66,26.66,24.0,28.192916666666665,77.60375,1.8878819444444443,,258.4062916666667
2021-01-06,33.37,25.24,92.0,58.88,22.31,7.261111111111111,57.0,33.68,425.8203,109.7639,24.56,26.02,26.02,24.0,29.00125,82.68166666666666,2.2646064814814815,,300.37600000000003
2021-01-07,34.65,25.71,91.9,65.97,25.93,11.130555555555555,240.0,1.6,455.9969,68.70297,26.02,33.91,28.16,24.0,30.4325,77.39625,2.2678125000000002,,335.7753333333333
2021-01-08,38.41,25.38,91.6,45.82,28.99,17.75,209.0,25.3,405.4999,62.81886,24.52,26.53,26.53,24.0,28.98,80.71583333333334,1.5719560185185184,,244.44875000000002
2021-01-09,36.28,25.91,90.0,55.51,21.11,7.0,71.0,0.457,366.0239,83.35911,25.21,32.72,27.93,24.0,29.339583333333334,76.98208333333334,2.2486574074074075,,323.567125
2021-01-10,34.65,25.52,89.6,54.82,27.94,6.469444444444444,96.0,3.429,396.2211,86.28424,24.97,34.35,28.92,24.0,29.70375,77.21,2.627673611111111,,219.89145833333336
2021-01-11,33.72,27.26,86.0,57.35,18.99,8.411111111111111,95.0,0.0,351.2717,27.88069,25.61,34.67,28.74,24.0,29.40625,80.39083333333333,3.0627777777777774,,235.78091666666668
2021-01-12,32.77,27.15,89.9,66.91,20.36,8.688888888888888,69.0,6.02,347.6587,68.44063,25.19,34.4,28.82,24.0,30.543333333333333,77.45666666666666,2.212349537037037,,295.00941666666665
2021-01-13,35.74,26.48,89.2,57.43,25.47,7.311111111111111,138.0,7.087,347.1553,95.25321,24.86,30.03,26.78,24.0,27.451666666666668,83.29583333333333,4.285416666666666,,112.71808333333333
2021-01-14,29.64,24.27,91.0,72.12,9.73,10.8,158.0,13.97,484.3298,78.00143,22.93,24.5,24.5,24.0,24.632916666666663,89.34166666666665,3.4744675925925925,,71.740375
2021-01-15,27.26,23.45,91.5,78.04,6.194,7.811111111111111,124.0,29.74,412.5956,126.7125,22.21,23.8,23.8,24.0,27.32625,82.80708333333332,2.383900462962963,,243.13675
2021-01-16,32.6,23.57,91.6,66.88,20.99,8.78888888888889,83.0,6.858,382.1902,96.35151,24.67,31.55,27.55,24.0,29.432083333333335,79.82291666666667,2.305,,301.2355416666667
2021-01-17,32.78,26.08,90.4,66.77,26.01,8.569444444444445,67.0,2.515,378.7476,164.3593,25.83,34.27,28.42,24.0,30.37708333333333,78.68583333333333,1.656238425925926,,228.71375
2021-01-18,36.22,27.24,88.9,51.82,19.75,6.569444444444444,86.0,1.3719999999999999,389.5807,51.23527,25.42,32.01,27.52,24.0,25.900000000000002,88.2625,2.981701388888889,,70.99866666666667
2021-01-19,28.73,22.88,90.5,83.0,6.13,10.638888888888888,146.0,26.52,475.9737,125.0777,20.93,22.88,22.88,24.0,23.118333333333336,89.75416666666666,2.496608796296296,,46.613708333333335
2021-01-20,24.55,21.61,92.0,87.1,4.025,5.8694444444444445,260.0,24.23,270.748,139.8756,21.72,23.14,23.14,24.0,24.019583333333333,88.575,2.8004861111111112,,50.78025
2021-01-21,25.52,22.64,92.0,84.6,4.384,5.1305555555555555,188.0,8.46,244.7514,124.2903,22.79,24.53,24.53,24.0,25.133333333333336,89.50833333333333,2.9977199074074075,,72.88895833333333
2021-01-22,28.54,23.89,91.9,81.9,6.293,7.6499999999999995,140.0,35.66,511.3166,-4.532853,22.5,24.08,24.08,24.0,25.90375,85.82083333333333,2.6296064814814817,,207.92504166666666
2021-01-23,32.43,23.86,90.9,63.11,17.96,9.911111111111111,161.0,7.772,414.7224,59.00887,22.71,24.77,24.77,24.0,26.270833333333332,85.7625,1.6430208333333332,,97.45483333333334
2021-01-24,29.23,23.92,90.8,75.22,8.41,6.319444444444445,110.0,2.057,340.8742,212.3306,24.2,26.22,26.22,24.0,26.822083333333335,85.10000000000001,1.3431944444444444,,112.8485
2021-01-25,30.4,24.9,90.4,75.45,9.74,5.249999999999999,71.0,1.3719999999999999,272.8619,217.339,23.85,25.88,25.88,24.0,26.444166666666664,86.23125,1.142835648148148,,92.46354166666667
2021-01-26,29.29,24.74,91.2,73.66,7.983,3.9388888888888887,228.0,0.914,356.5794,329.2169,23.61,25.43,25.43,23.0,27.05304347826087,85.67173913043479,1.315239898989899,,117.21463636363636
2021-01-27,30.02,26.59,89.0,75.03,,,,3.048,,,24.6,26.6,26.6,24.0,28.520833333333332,82.32375,1.8227777777777776,,234.73004166666666
2021-01-28,33.65,25.53,90.4,61.15,3528.0,9.661111111111111,293.0,6.096,,,24.52,26.57,26.57,24.0,28.75791666666667,82.01166666666667,1.587210648148148,,128.906625
2021-01-29,33.33,26.24,90.0,61.21,1135.0,6.519444444444444,325.0,3.048,,,25.12,30.51,26.93,24.0,28.482083333333335,85.19416666666667,1.185173611111111,,93.24854166666667
2021-01-30,32.56,26.38,90.2,69.66,479.0,3.861111111111111,98.0,6.858,,,24.46,26.52,26.52,24.0,29.219583333333333,80.83958333333334,1.5245138888888887,,159.89866666666666
2021-01-31,36.07,25.68,89.8,54.64,1706.0,5.1499999999999995,225.0,0.254,,,25.24,32.41,27.77,24.0,30.993750000000002,73.15375,2.006898148148148,,235.54170833333333
2021-02-01,38.72,26.11,88.7,44.61,3558.0,7.838888888888889,198.0,1.524,,,25.03,34.5,28.97,24.0,29.211250000000003,79.76208333333334,1.9672916666666664,,178.937625
2021-02-02,34.47,26.47,89.6,61.61,1992.0,5.288888888888889,87.0,15.24,,,26.08,33.92,28.14,24.0,30.69541666666667,77.855,1.915902777777778,,283.77029166666665
2021-02-03,35.29,26.98,89.6,60.06,4621.0,7.019444444444444,86.0,0.0,,,26.81,37.48,29.45,24.0,30.929583333333337,78.35166666666667,2.2722569444444445,,309.567
2021-02-04,34.91,27.32,90.6,62.44,5230.0,7.938888888888888,71.0,0.0,,,26.96,39.35,30.32,24.0,30.74416666666667,81.67625,2.1483449074074072,,231.71208333333334
2021-02-05,35.81,27.01,89.5,69.68,3765.0,11.080555555555556,166.0,3.556,,,24.91,30.58,27.01,24.0,28.8125,61.857499999999995,2.7008912037037036,,335.50045833333337
2021-02-06,34.46,22.85,89.4,38.07,5717.0,8.280555555555555,226.0,0.0,,,21.83,29.02,26.92,24.0,27.85291666666667,64.47166666666666,2.7656134259259257,,323.2031666666667
2021-02-07,33.74,24.49,81.5,38.94,5555.0,8.938888888888888,139.0,0.0,,,20.75,25.68,25.68,24.0,27.800833333333333,61.54541666666666,1.9534606481481482,,342.23883333333333
2021-02-08,33.67,22.89,84.0,30.98,5758.0,6.680555555555555,120.0,0.0,,,19.49,24.03,24.03,24.0,26.9075,70.82125,2.7872685185185184,,304.5647916666667
2021-02-09,30.9,22.8,90.2,51.45,4973.0,7.119444444444444,100.0,7.366,,,21.39,25.2,25.2,24.0,27.574166666666667,71.64,2.754375,,300.31583333333333
2021-02-10,32.28,23.64,84.5,53.81,4940.0,8.13888888888889,110.0,0.0,,,22.48,26.15,26.15,24.0,27.862916666666667,71.71583333333334,2.4237037037037035,,312.758125
2021-02-11,33.0,24.13,85.4,51.38,5506.0,8.21111111111111,87.0,0.0,,,22.66,25.96,25.96,24.0,26.761666666666667,80.93458333333334,2.2116666666666664,,186.65824999999998
2021-02-12,31.52,24.21,89.6,62.58,2704.0,8.13888888888889,117.0,7.874,,,22.54,24.35,24.35,24.0,26.043333333333333,85.26333333333334,1.8515393518518517,,106.06854166666666
2021-02-13,31.15,24.16,90.6,65.86,783.0,8.180555555555555,114.0,17.78,,,23.77,25.66,25.66,24.0,28.41541666666667,78.93416666666667,2.0523148148148147,,220.13670833333333
2021-02-14,33.92,23.96,90.8,58.14,2787.0,8.769444444444444,212.0,8.13,,,22.09,24.92,24.92,24.0,26.21166666666667,78.935,2.679571759259259,,222.87120833333333
2021-02-15,33.47,22.21,89.3,56.68,3584.0,19.51111111111111,210.0,9.14,,,21.66,24.45,24.45,24.0,27.272916666666664,75.87666666666667,1.933888888888889,,261.9303333333333
2021-02-16,35.22,22.52,90.6,48.24,4140.0,28.11111111111111,249.0,24.89,,,22.7,24.64,24.64,24.0,27.440833333333334,78.21083333333333,1.829548611111111,,283.95279166666666
2021-02-17,33.88,23.48,89.7,55.06,4711.0,8.35,82.0,6.35,,,23.0,25.96,25.96,24.0,29.255416666666665,70.07833333333333,2.329525462962963,,323.42633333333333
2021-02-18,36.07,24.49,88.5,42.22,5307.0,9.719444444444445,112.0,0.0,,,24.05,31.02,27.48,24.0,29.610416666666666,69.22583333333334,2.577777777777778,,314.10583333333335
2021-02-19,35.65,25.52,86.4,43.09,5148.0,7.630555555555555,77.0,0.0,,,22.59,30.3,27.54,12.0,27.564166666666665,72.67999999999999,2.046689814814815,,193.70000000000002
2021-03-04,30.9,25.09,90.1,68.25,647.2,5.6499999999999995,214.0,4.318,1.8780000000000001,-0.013000010000000001,23.31,25.2,25.2,,,,,,
2021-03-05,30.67,24.25,90.9,67.13,700.3,2.911111111111111,211.0,14.22,1.795,0.3099999,24.39,26.1,26.1,,,,,,
2021-03-06,33.01,24.09,91.3,62.61,1017.0,15.561111111111112,212.0,14.48,1.677,0.463,22.94,24.95,24.95,,,,,,
2021-03-07,32.22,23.59,90.3,58.64,3941.0,7.699999999999999,62.0,0.0,1.846,0.523,23.02,24.88,24.88,,,,,,
2021-03-08,31.44,23.92,89.5,58.71,1423.0,5.780555555555555,110.0,0.0,1.893,0.602,23.42,25.58,25.58,,,,,,
2021-03-09,31.89,24.16,89.5,60.22,3656.0,8.319444444444445,75.0,0.0,1.564,0.1819999,23.97,30.99,27.49,,,,,,
2021-03-10,31.96,22.94,90.0,60.26,2343.0,13.519444444444444,185.0,0.0,2.5,0.1659999,20.74,23.09,23.09,,,,,,
2021-03-11,33.13,21.32,89.5,41.77,4788.0,7.311111111111111,72.0,0.0,1.8439999999999999,0.4489999,20.53,24.45,24.45,,,,,,
2021-03-12,31.93,22.69,86.2,53.85,4068.0,6.269444444444444,75.0,0.0,2.099,0.1010001,23.48,29.46,26.8,,,,,,
2021-03-13,31.26,25.24,85.5,63.57,2239.0,7.05,100.0,0.0,1.931,-0.224,22.91,30.4,27.5,,,,,,
2021-03-14,32.23,25.85,85.9,63.03,3294.0,8.61111111111111,78.0,0.0,2.4,-0.8670000999999999,24.79,33.22,28.38,,,,,,
2021-03-15,34.08,23.08,92.8,59.18,3907.0,16.688888888888886,216.0,0.254,2.4,-0.08999991,22.0,23.69,23.69,,,,,,
2021-03-16,33.23,23.2,91.0,54.87,2938.0,6.449999999999999,119.0,0.0,2.4,-0.001999855,24.77,30.69,27.1,,,,,,
2021-03-17,33.15,26.17,89.3,61.08,2625.0,7.638888888888888,74.0,0.0,1.957,0.08899998,24.52,31.35,27.5,,,,,,
2021-03-18,32.28,24.95,91.9,66.8,1492.0,11.31111111111111,254.0,0.0,1.682,0.01399994,23.27,25.01,25.01,,,,,,
2021-03-19,30.44,25.02,90.2,69.35,815.0,8.319444444444445,195.0,0.0,1.876,0.20499989999999998,23.1,25.95,25.95,,,,,,
2021-03-20,29.94,24.99,87.3,66.18,660.9,3.619444444444444,138.0,0.0,1.812,0.8510000999999999,23.37,26.11,26.11,,,,,,
2021-03-21,33.12,24.29,89.8,63.99,913.0,4.730555555555556,84.0,0.0,1.541,0.618,24.75,29.87,26.73,,,,,,
2021-03-22,33.85,25.76,89.7,62.65,2481.0,5.730555555555555,70.0,0.0,1.316,0.441,25.73,32.87,27.8,,,,,,
2021-03-23,31.0,26.02,90.2,72.12,234.2,5.230555555555555,230.0,0.0,1.8130000000000002,0.7130000999999999,24.12,26.26,26.26,,,,,,
2021-03-24,32.03,24.07,90.7,67.25,1459.0,9.4,192.0,0.0,2.4,0.559,22.79,24.84,24.84,,,,,,
2021-03-25,33.95,23.75,90.7,56.17,3426.0,7.188888888888888,113.0,0.0,2.4,0.2590001,24.3,29.76,26.77,,,,,,
2021-03-26,32.7,25.46,89.3,62.9,781.1,5.111111111111111,150.0,0.0,1.995,0.2350001,23.86,25.75,25.75,,,,,,
2021-03-27,33.58,24.79,89.9,61.53,2582.0,15.388888888888888,225.0,0.0,1.987,0.07599998,22.46,24.84,24.84,21.0,28.36904761904762,75.00714285714287,2.038293650793651,,264.5636666666666
2021-03-28,35.46,23.65,89.8,51.9,3285.0,6.8694444444444445,193.0,0.0,2.15,0.128,23.77,26.15,26.15,24.0,27.549583333333334,83.52374999999999,1.5930439814814814,,183.90675
2021-03-29,32.11,25.04,90.6,65.99,2320.0,5.430555555555555,83.0,0.0,2.157,0.132,24.6,26.28,26.28,24.0,27.385,82.76833333333333,1.678946759259259,,140.7665
2021-03-30,33.31,24.08,90.9,51.6,1858.0,7.061111111111112,119.0,0.0,2.5,0.115,23.14,25.41,25.41,24.0,27.205,70.645,2.64875,,194.35483333333332
2021-03-31,32.6,23.98,90.1,46.73,2558.0,8.799999999999999,205.0,0.0,2.5,0.0030000210000000003,20.28,23.98,23.98,24.0,26.498333333333335,64.90166666666666,2.401238425925926,,263.50904166666663
2021-04-01,32.79,22.36,83.8,36.88,2723.0,6.21111111111111,224.0,0.0,2.5,0.529,19.2,22.65,22.65,24.0,25.778333333333336,67.98416666666667,2.622094907407407,,252.78791666666666
2021-04-02,32.28,21.34,84.9,40.63,3620.0,8.230555555555554,121.0,0.0,2.082,0.3169999,18.53,25.08,25.08,24.0,26.074166666666667,69.70333333333333,2.6350694444444445,,242.91516666666666
2021-04-03,31.89,22.04,89.7,46.45,3487.0,8.269444444444444,113.0,0.0,1.863,0.1919999,21.66,23.93,23.93,24.0,23.657083333333333,86.01,2.479837962962963,,91.724625
2021-04-04,27.46,21.97,90.3,69.46,557.1,5.911111111111111,227.0,0.0,1.888,0.398,20.37,22.08,22.08,24.0,25.297916666666666,79.08541666666666,2.1752777777777776,,201.927875
2021-04-05,30.92,22.0,90.2,60.23,2717.0,6.65,118.0,0.0,2.5,0.20400000000000001,21.58,23.52,23.52,24.0,25.295416666666668,80.60583333333334,1.8454976851851852,,215.91529166666666
2021-04-06,30.59,22.82,89.9,59.51,3193.0,7.669444444444444,92.0,6.096,1.802,0.1919999,21.69,23.47,23.47,24.0,23.989166666666666,85.32000000000001,2.0846296296296294,,81.34854166666666
2021-04-07,27.79,22.37,90.1,69.69,473.5,5.138888888888888,227.0,9.4,1.445,0.17500000000000002,20.88,22.68,22.68,24.0,25.33,80.57166666666667,2.0688078703703705,,160.32583333333335
2021-04-08,29.7,22.06,90.2,63.61,1739.0,7.580555555555555,113.0,2.286,1.532,0.335,22.34,24.52,24.52,24.0,25.710416666666664,81.49791666666667,1.6983217592592592,,116.53479166666666
2021-04-09,29.7,23.26,90.6,62.74,856.0,5.838888888888889,87.0,13.97,1.601,0.04500008,21.58,25.97,25.97,24.0,26.792083333333334,78.25166666666667,1.9373842592592592,,208.37425
2021-04-10,30.74,22.86,88.3,65.55,2816.0,7.749999999999999,74.0,0.0,1.783,-0.322,23.78,29.37,26.69,24.0,27.86791666666667,77.54458333333334,1.7440625,,238.22441666666666
2021-04-11,33.13,23.47,88.6,54.69,3208.0,6.380555555555555,70.0,0.0,1.7309999999999999,-0.22900009999999998,22.96,25.02,25.02,24.0,27.41208333333333,80.05291666666666,1.6655671296296297,,196.810875
2021-04-12,33.32,23.89,91.5,58.95,2501.0,5.480555555555555,72.0,0.0,1.99,-0.09200001000000001,23.1,25.13,25.13,24.0,26.22791666666667,78.05958333333334,2.144016203703704,,67.07929166666666
2021-04-13,28.21,24.57,88.8,69.63,311.9,5.719444444444444,118.0,0.0,2.5,-0.0710001,19.65,25.33,25.33,24.0,25.77625,69.13291666666667,2.0956712962962962,,155.754
2021-04-14,29.56,22.75,83.3,50.65,1808.0,5.511111111111111,115.0,0.0,2.5,0.1210001,20.39,23.98,23.98,24.0,25.22583333333333,73.83791666666666,2.138402777777778,,146.07054166666668
2021-04-15,30.55,21.8,88.7,52.79,1476.0,5.180555555555555,140.0,0.508,1.808,-0.09500003,20.67,24.63,24.63,24.0,25.71666666666667,72.98833333333333,1.5767939814814815,,123.64108333333333
2021-04-16,29.62,22.65,86.4,53.26,915.0,4.688888888888888,76.0,0.508,2.5,0.006000042000000001,21.03,23.87,23.87,24.0,25.93041666666667,78.22916666666667,1.8847337962962962,,197.3557083333333
2021-04-17,30.84,22.61,88.6,57.87,2443.0,7.869444444444444,78.0,0.254,2.4,-0.01399994,21.93,24.45,24.45,24.0,24.742083333333337,85.18875,2.0016203703703703,,50.331500000000005
2021-04-18,27.54,23.13,89.9,74.72,144.3,5.788888888888889,193.0,15.49,2.5,0.22600009999999998,21.13,23.39,23.39,24.0,24.883333333333336,81.15166666666667,2.346655092592593,,137.60454166666668
2021-04-19,30.34,22.18,89.4,56.37,1555.0,9.16111111111111,163.0,4.8260000000000005,2.4,0.53,21.14,23.22,23.22,24.0,24.855,79.29333333333334,2.7980208333333336,,132.11854166666666
2021-04-20,29.9,22.15,88.6,58.41,1345.0,7.261111111111111,142.0,1.27,1.4969999999999999,0.7209998999999999,20.23,23.1,23.1,24.0,24.190416666666664,78.58916666666667,2.538171296296296,,101.12054166666667
2021-04-21,28.42,21.41,89.1,59.67,753.5,6.8694444444444445,198.0,13.46,1.43,0.656,19.51,23.03,23.03,24.0,23.739583333333332,78.98583333333333,2.8393634259259257,,138.47870833333334
2021-04-22,29.38,21.63,89.3,53.02,1416.0,8.980555555555554,144.0,7.62,1.577,0.4100001,20.27,22.28,22.28,24.0,23.148749999999996,79.59541666666667,1.934363425925926,,146.237
2021-04-23,29.39,20.03,90.5,52.55,1481.0,6.919444444444444,194.0,10.67,2.4,0.105,18.53,20.74,20.74,24.0,23.420833333333334,79.58541666666666,2.313738425925926,,158.82975
2021-04-24,28.06,20.05,89.3,60.59,1666.0,6.730555555555555,110.0,0.0,2.4,0.01499987,20.53,22.85,22.85,24.0,24.88083333333333,76.66833333333334,1.633599537037037,,184.09512500000002
2021-04-25,29.63,21.02,89.2,55.78,2102.0,5.280555555555556,70.0,0.0,1.899,-0.27,20.68,24.12,24.12,24.0,25.831666666666667,76.61999999999999,1.3751273148148149,,119.75366666666667
2021-04-26,30.34,22.73,87.8,52.01,1067.0,5.038888888888889,169.0,0.0,2.07,0.030999899999999997,22.01,24.61,24.61,24.0,25.400000000000002,73.25708333333334,1.9966435185185185,,184.27570833333334
2021-04-27,31.04,22.79,89.2,46.36,2171.0,6.7,186.0,0.0,2.5,0.359,18.48,23.52,23.52,24.0,24.262083333333333,68.38666666666667,1.533923611111111,,145.8685416666667
2021-04-28,28.08,22.13,85.3,51.92,1612.0,5.488888888888889,92.0,0.762,2.5,0.33299989999999996,19.7,22.29,22.29,24.0,23.918333333333333,71.39583333333333,1.6659259259259258,,188.310875
2021-04-29,29.17,20.42,87.5,54.14,2337.0,7.238888888888888,104.0,0.0,2.5,0.1700001,16.93,20.44,20.44,24.0,23.114583333333332,72.82291666666667,2.130162037037037,,183.886125
2021-04-30,28.44,19.68,87.4,53.72,2160.0,6.569444444444444,116.0,1.016,2.07,0.09100008,19.01,21.34,21.34,24.0,23.552916666666665,74.035,1.8727199074074072,,216.34933333333333
2021-05-01,28.72,19.62,88.7,50.76,2814.0,6.380555555555555,96.0,0.0,1.919,0.023,18.96,21.91,21.91,24.0,23.356666666666666,77.23041666666667,1.4955092592592594,,110.12954166666667
2021-05-02,27.44,20.16,86.7,64.21,1012.0,5.730555555555555,79.0,0.0,1.792,0.151,20.38,24.35,24.35,24.0,24.919583333333335,75.4775,1.8545833333333333,,190.94112499999997
2021-05-03,28.96,22.17,87.4,57.84,2265.0,7.219444444444444,72.0,0.0,1.824,0.2379999,19.92,22.19,22.19,24.0,24.723333333333333,77.99833333333333,1.8513310185185183,,195.81129166666665
2021-05-04,29.39,21.08,88.3,62.46,2271.0,7.25,74.0,0.0,1.86,0.279,20.82,22.95,22.95,24.0,24.981666666666666,81.93291666666667,1.4468634259259259,,151.80654166666667
2021-05-05,28.89,21.96,89.4,67.15,1477.0,5.269444444444444,91.0,0.0,1.8439999999999999,0.29,21.36,23.19,23.19,24.0,24.69,83.00333333333333,1.9778935185185185,,75.39354166666666
2021-05-06,28.76,22.63,90.1,68.44,408.9,6.7,92.0,0.0,1.855,0.48,21.06,23.45,23.45,24.0,21.425416666666667,87.53750000000001,2.5533333333333332,,16.735125
2021-05-07,23.48,18.57,90.3,82.8,20.01,11.669444444444444,186.0,24.38,1.991,0.847,16.74,18.84,18.84,24.0,21.495416666666667,72.02625,2.149108796296296,,154.88525
2021-05-08,26.68,18.7,88.9,46.36,1464.0,5.719444444444444,216.0,0.0,2.11,0.607,17.04,20.8,20.8,24.0,21.552916666666665,71.50083333333333,1.7727314814814814,,173.96408333333332
2021-05-09,26.15,17.22,87.0,52.45,1825.0,5.230555555555555,107.0,0.0,2.103,0.447,17.01,20.2,20.2,24.0,21.497083333333332,81.50083333333333,2.245324074074074,,100.01466666666666
2021-05-10,25.24,19.15,89.8,67.99,733.6,4.980555555555555,151.0,3.302,1.913,0.038000110000000004,19.72,21.53,21.53,24.0,22.750416666666666,84.70791666666666,1.37875,,117.688625
2021-05-11,27.02,20.54,90.6,67.41,1132.0,4.019444444444445,72.0,8.89,1.6760000000000002,-0.1529999,18.91,20.71,20.71,24.0,22.159583333333334,81.265,2.4909375,,121.13745833333333
2021-05-12,27.3,18.55,90.8,64.13,1128.0,8.019444444444444,113.0,3.048,1.949,-0.22,15.99,18.55,18.55,24.0,18.135416666666668,87.52083333333333,2.7444212962962964,,14.600458333333334
2021-05-13,18.82,17.09,89.7,82.4,13.06,5.519444444444445,220.0,25.91,2.5,0.41100000000000003,15.58,17.83,17.83,24.0,20.00916666666667,76.18541666666667,1.6438194444444443,,191.91070833333333
2021-05-14,26.34,15.48,90.7,45.71,2213.0,5.6305555555555555,101.0,0.0,2.049,0.33699989999999996,16.63,19.75,19.75,24.0,21.1525,77.59041666666667,1.5859953703703704,,129.38254166666667
2021-05-15,26.39,17.38,86.9,55.29,1196.0,4.388888888888889,82.0,0.0,2.4,0.13700009999999999,18.46,21.29,21.29,24.0,22.274583333333336,80.99041666666666,1.8915972222222222,,131.52812500000002
2021-05-16,26.5,19.87,89.7,63.65,1339.0,6.611111111111111,117.0,0.762,1.8559999999999999,0.2950001,18.56,21.31,21.31,24.0,22.57875,80.33749999999999,1.7616550925925925,,166.63275000000002
2021-05-17,27.07,19.78,89.1,60.56,1883.0,5.888888888888888,95.0,0.508,1.742,0.342,19.78,22.29,22.29,24.0,23.610416666666666,78.93625,1.4955787037037036,,144.15291666666667
2021-05-18,28.09,20.27,89.6,61.42,1480.0,6.449999999999999,192.0,0.0,1.717,-0.04400015,18.18,21.02,21.02,24.0,22.068749999999998,75.60291666666667,1.9472337962962962,,175.14266666666666
2021-05-19,26.89,18.01,87.5,51.71,1907.0,6.530555555555556,86.0,0.0,1.749,0.7669999,17.15,21.59,21.59,24.0,22.02916666666667,75.58375,1.4799999999999998,,176.98112500000002
2021-05-20,27.3,17.53,87.6,53.53,1918.0,5.638888888888889,82.0,0.0,2.4,0.9019999,18.46,21.67,21.67,24.0,22.39833333333333,77.95,1.951388888888889,,142.94258333333332
2021-05-21,25.96,18.67,85.5,62.19,1393.0,5.280555555555556,119.0,0.0,2.4,0.5109999,19.2,22.19,22.19,24.0,23.455833333333334,79.08874999999999,1.893888888888889,,96.163125
2021-05-22,26.3,21.33,85.4,68.77,782.0,6.1194444444444445,72.0,0.0,1.732,0.372,20.96,24.05,24.05,24.0,24.481666666666666,76.15666666666667,2.2909953703703705,,95.029875
2021-05-23,30.87,20.99,89.4,55.47,625.2,10.488888888888889,264.0,11.94,1.7229999999999999,-0.1440001,20.73,23.63,23.63,24.0,24.608333333333334,59.32333333333333,3.1997916666666666,,165.55370833333333
2021-05-24,28.74,21.59,87.7,31.59,1855.0,10.969444444444445,271.0,0.0,2.5,-0.07800007,8.53,21.95,21.95,24.0,20.864583333333332,51.67250000000001,3.3151157407407403,,184.3585833333333
2021-05-25,26.37,14.97,80.4,31.73,2095.0,12.899999999999999,254.0,0.0,2.044,-0.45599979999999996,10.24,15.9,15.9,24.0,18.695833333333333,70.6425,1.7960185185185187,,185.43166666666664
2021-05-26,24.55,13.69,85.4,44.68,2088.0,4.919444444444444,71.0,0.0,2.5,-0.523,14.67,17.53,17.53,24.0,19.46625,75.79833333333333,1.5545601851851851,,166.447375
2021-05-27,26.51,14.55,87.1,53.73,1794.0,5.3500000000000005,115.0,0.0,2.08,-0.05900002,15.94,19.26,19.26,24.0,21.044583333333332,77.95458333333333,1.5661574074074072,,169.01291666666665
2021-05-28,26.54,16.56,89.1,61.15,1782.0,4.269444444444444,72.0,0.0,2.4,-0.9040001,17.62,19.82,19.82,24.0,21.687916666666666,82.11666666666666,1.3402662037037036,,89.76662499999999
2021-05-29,26.78,18.22,89.5,68.51,593.6,5.888888888888888,190.0,0.0,2.5,0.4100001,19.74,21.65,21.65,24.0,23.596249999999998,81.77833333333334,2.608715277777778,,142.9908333333333
2021-05-30,27.71,21.48,88.8,71.31,1403.0,7.95,114.0,0.0,2.149,0.372,19.58,22.69,22.69,24.0,20.269583333333333,87.00416666666666,1.9978240740740738,,19.110541666666666
2021-05-31,22.68,18.25,90.1,78.63,27.6,6.461111111111111,135.0,0.0,2.149,-0.03600001,16.58,18.46,18.46,24.0,19.899583333333336,78.63625,1.5485648148148148,,66.221
2021-06-01,23.21,18.37,88.7,61.65,362.5,4.7,224.0,0.0,2.4,0.7539999,16.33,19.47,19.47,24.0,20.85375,80.70458333333333,1.8800115740740742,,166.62008333333333
2021-06-02,25.22,16.77,89.2,62.67,1745.0,5.85,81.0,0.0,2.5,0.652,17.76,19.72,19.72,24.0,21.565416666666668,82.53916666666667,1.3873842592592593,,139.735375
2021-06-03,27.16,17.35,91.1,65.38,1394.0,4.569444444444444,156.0,0.0,1.9580000000000002,0.6489999,19.35,21.49,21.49,24.0,22.593333333333334,79.24708333333334,1.2159953703703703,,96.36791666666666
2021-06-04,25.97,19.94,89.9,64.37,709.0,5.8694444444444445,103.0,0.0,1.748,0.6370001,19.57,22.36,22.36,24.0,23.850416666666664,81.48333333333333,1.5364236111111111,,117.83999999999999
2021-06-05,27.52,21.34,87.9,69.97,1054.0,5.188888888888889,70.0,0.0,1.744,0.6210000999999999,21.64,24.25,24.25,24.0,24.561666666666667,83.37708333333333,1.0869444444444445,,102.89375
2021-06-06,28.55,22.37,89.3,66.84,857.0,5.0,79.0,0.0,1.6219999999999999,0.26,20.54,22.4,22.4,24.0,23.342083333333335,80.06666666666666,2.46875,,119.83420833333332
2021-06-07,28.68,19.55,92.0,55.0,1119.0,9.58888888888889,118.0,0.0,2.4,-0.3740001,17.52,19.62,19.62,24.0,19.993333333333332,89.03750000000001,2.9724768518518516,,22.504
2021-06-08,20.94,19.51,90.7,84.9,42.96,6.080555555555556,244.0,0.0,1.873,0.3859999,17.95,19.76,19.76,24.0,21.360416666666666,86.64708333333334,2.8361342592592593,,72.93983333333333
2021-06-09,24.25,19.49,90.8,73.92,371.6,7.95,120.0,0.254,2.4,0.198,19.75,21.34,21.34,24.0,22.769583333333333,83.38958333333333,1.8111458333333335,,143.95420833333333
2021-06-10,27.32,19.13,90.8,62.92,1395.0,5.319444444444444,73.0,0.0,1.7229999999999999,-0.03999996,20.23,22.21,22.21,24.0,23.039583333333336,86.63041666666668,1.006412037037037,,64.653625
2021-06-11,26.19,20.91,90.6,76.64,394.8,3.7694444444444444,208.0,0.0,1.674,-2.034,19.93,21.84,21.84,24.0,22.999583333333334,72.50291666666666,2.276111111111111,,151.34958333333333
2021-06-12,28.89,19.18,88.9,46.65,1570.0,7.788888888888889,230.0,0.0,1.994,-0.06699991,17.51,19.88,19.88,24.0,19.9175,70.21166666666666,2.1858217592592593,,166.46229166666666
2021-06-13,25.9,15.16,88.1,36.21,1749.0,6.638888888888888,216.0,0.0,2.4,-0.585,12.35,15.82,15.82,24.0,18.64375,75.75541666666666,1.6895833333333332,,162.87620833333332
2021-06-14,24.34,14.25,86.8,54.16,1674.0,5.4,76.0,0.0,1.9540000000000002,0.244,15.86,18.34,18.34,24.0,19.554583333333333,77.34666666666666,1.5700347222222222,,164.72175000000001
2021-06-15,24.54,14.83,88.5,56.47,1719.0,6.111111111111111,78.0,0.0,2.5,-1.409,15.82,18.88,18.88,24.0,20.139583333333334,75.54375,1.929074074074074,,159.707875
2021-06-16,26.51,15.59,88.7,50.67,1600.0,5.438888888888888,130.0,0.0,1.8820000000000001,-0.6359999,16.16,19.86,19.86,24.0,19.32,76.95208333333333,1.7224652777777776,,40.128791666666665
2021-06-17,20.45,17.73,87.3,63.76,127.3,6.919444444444444,120.0,0.0,2.001,0.888,11.34,17.85,17.85,24.0,17.971666666666668,70.28833333333334,1.6377199074074074,,39.357
2021-06-18,19.85,16.15,81.2,60.85,109.1,4.488888888888889,223.0,0.0,2.4,0.3770001,13.9,17.25,17.25,24.0,17.99625,79.88208333333334,1.4631944444444445,,31.863041666666664
2021-06-19,20.08,16.95,89.1,67.32,79.46,3.511111111111111,317.0,0.0,2.4,-0.786,15.33,17.13,17.13,24.0,17.915833333333335,89.49166666666667,1.7838078703703701,,14.683416666666666
2021-06-20,19.15,16.75,90.6,88.3,14.42,5.219444444444444,234.0,0.0,1.754,0.01800013,16.88,18.48,18.48,24.0,19.812916666666666,85.08624999999999,2.789525462962963,,72.7565
2021-06-21,24.19,18.28,90.7,66.54,402.7,7.219444444444444,206.0,0.0,1.7570000000000001,0.326,17.22,19.27,19.27,24.0,19.595833333333335,82.89291666666666,1.299201388888889,,109.837125
2021-06-22,23.87,16.24,90.7,59.99,926.0,4.019444444444445,76.0,0.0,1.782,0.33100009999999996,17.24,19.07,19.07,24.0,19.935833333333335,84.71,1.3568981481481481,,55.79983333333333
2021-06-23,22.55,17.8,90.6,71.89,217.0,5.71111111111111,139.0,0.0,1.823,0.05900002,17.7,19.67,19.67,24.0,20.83625,82.75166666666667,1.5529976851851852,,107.9535
2021-06-24,23.79,18.88,88.4,71.84,928.0,4.411111111111111,83.0,0.0,2.4,0.1559999,17.5,19.52,19.52,24.0,21.349999999999998,82.34791666666666,1.4512615740740742,,112.56970833333332
2021-06-25,26.12,18.73,89.4,63.3,837.0,6.2,45.0,0.0,1.734,-0.08699989,18.13,20.15,20.15,24.0,21.537499999999998,81.07166666666667,1.8725115740740739,,118.59333333333332
2021-06-26,26.21,18.71,90.0,60.38,1116.0,7.288888888888888,118.0,0.0,1.841,-0.22,18.07,19.93,19.93,24.0,21.95375,85.70833333333333,1.0896759259259259,,88.40270833333334
2021-06-27,27.68,19.71,90.2,68.04,696.6,3.7194444444444446,75.0,0.0,2.138,-1.6640000000000001,19.01,20.72,20.72,24.0,22.655833333333334,83.93541666666667,2.2672685185185184,,107.81708333333334
2021-06-28,28.57,18.93,91.4,64.08,906.0,10.019444444444444,133.0,0.0,2.5,0.178,16.8,19.18,19.18,24.0,15.671666666666667,84.91250000000001,4.625231481481482,,18.753083333333333
2021-06-29,19.13,10.53,90.2,77.24,27.6,11.838888888888889,221.0,0.0,2.5,-1.123,8.32,10.91,10.91,24.0,14.445833333333333,60.086666666666666,3.3488310185185184,,166.68075
2021-06-30,20.86,9.76,86.8,34.31,1785.0,8.85,275.0,0.0,2.4,0.1470001,6.029,13.19,13.19,24.0,15.4775,61.23708333333334,2.4416203703703703,,167.94441666666668
2021-07-01,23.07,9.74,82.8,38.03,1781.0,8.71111111111111,230.0,0.0,2.146,0.8399998999999999,10.46,13.47,13.47,10.0,13.488999999999999,82.169,1.7108333333333334,,10.4325
2021-08-26,,,,,,,,,,,,,,14.0,22.920714285714286,74.34142857142857,2.785297619047619,,56.975928571428575
2021-08-27,30.39,19.43,88.9,40.87,161.9,10.330555555555554,265.0,0.0,2.4,-3.541,15.79,19.87,19.87,24.0,19.99833333333333,74.13125000000001,1.2293287037037037,,38.89358333333333
2021-08-28,21.8,17.93,88.9,62.56,89.1,4.188888888888889,101.0,0.0,1.8479999999999999,-0.03500008,16.02,17.95,17.95,24.0,18.892916666666668,86.70625,2.0502083333333334,,38.183625
2021-08-29,20.87,17.03,90.4,75.54,106.3,5.75,116.0,0.0,1.5310000000000001,0.009000063,15.67,17.29,17.29,24.0,18.949166666666667,88.55416666666667,1.8492939814814815,,37.23716666666667
2021-08-30,21.81,17.07,90.7,78.94,85.9,4.361111111111111,225.0,0.0,1.466,-1.141,17.2,18.91,18.91,24.0,20.366666666666667,87.75,1.6970138888888888,,79.489375
2021-08-31,23.07,18.46,90.1,83.2,426.3,4.3999999999999995,80.0,0.0,1.344,0.129,19.02,20.99,20.99,24.0,21.902083333333334,83.99416666666667,2.385925925925926,,158.15195833333334
2021-09-01,26.0,18.09,91.1,69.78,1637.0,10.119444444444444,81.0,0.0,1.191,0.14100000000000001,19.1,21.63,21.63,24.0,22.915833333333335,78.03583333333334,2.303449074074074,,182.7515
2021-09-02,25.94,20.86,85.5,67.09,2373.0,9.030555555555555,70.0,0.0,1.282,-2.8529999999999998,18.26,21.06,21.06,24.0,22.192916666666665,79.705,1.7299189814814815,,219.278
2021-09-03,27.87,18.0,90.4,58.19,3008.0,6.469444444444444,72.0,0.0,1.476,-2.148,18.78,20.96,20.96,24.0,22.682916666666667,81.65291666666667,1.931527777777778,,189.39729166666666
2021-09-04,28.85,19.47,90.5,64.88,2318.0,10.680555555555555,143.0,0.0,1.744,0.2479999,17.53,21.17,21.17,24.0,21.412916666666664,81.35333333333334,1.9052546296296295,,79.10479166666666
2021-09-05,23.72,20.27,88.2,70.07,489.9,6.449999999999999,112.0,0.0,2.5,0.3050001,18.86,20.9,20.9,24.0,22.71166666666667,82.15875,2.373113425925926,,217.07345833333332
2021-09-06,27.14,19.57,90.3,68.34,2816.0,7.161111111111111,86.0,0.0,1.9540000000000002,-0.013000010000000001,18.12,22.11,22.11,24.0,22.399583333333336,76.99125,1.6863078703703704,,83.08508333333333
2021-09-07,24.75,20.94,87.0,63.63,406.5,5.180555555555555,105.0,0.0,2.084,-4.688,18.8,21.05,21.05,24.0,22.072916666666668,87.14166666666667,2.3917824074074074,,45.31129166666667
2021-09-08,24.56,20.58,91.0,76.22,150.9,6.930555555555555,58.0,0.0,2.152,-0.06299996000000001,19.9,22.21,22.21,24.0,22.859166666666667,87.27499999999999,2.7928472222222225,,72.74979166666667
2021-09-09,24.92,21.7,90.4,82.7,378.4,9.430555555555555,66.0,0.0,1.952,-1.573,20.74,22.45,22.45,24.0,24.343333333333334,83.23625,1.4546759259259259,,123.575
2021-09-10,31.16,21.62,90.5,57.19,987.0,4.580555555555555,77.0,0.0,2.4,-2.958,20.08,21.9,21.9,24.0,23.457916666666666,65.03166666666667,2.3805671296296294,,260.29429166666665
2021-09-11,30.25,18.47,90.1,40.05,3753.0,7.588888888888889,85.0,0.0,1.8719999999999999,-2.49,16.9,19.87,19.87,24.0,21.64125,78.08,1.591261574074074,,110.37179166666665
2021-09-12,25.11,18.75,87.6,65.01,716.8,5.6611111111111105,55.0,0.0,1.79,-2.138,18.11,20.31,20.31,24.0,22.885833333333334,80.31625,1.6725810185185184,,121.66520833333334
2021-09-13,26.46,20.09,88.1,69.4,1058.0,6.561111111111111,63.0,0.0,1.609,-2.134,20.67,23.87,23.87,24.0,24.25,82.27291666666666,1.723472222222222,,86.82754166666666
2021-09-14,26.29,22.86,88.0,73.07,511.9,5.95,58.0,0.0,1.433,-2.602,21.6,24.01,24.01,24.0,24.383333333333336,85.12291666666667,1.6029629629629631,,33.78554166666667
2021-09-15,26.0,22.95,90.0,77.45,80.9,6.711111111111111,210.0,0.0,1.484,-1.687,20.51,23.66,23.66,24.0,21.38625,79.68666666666667,2.7045601851851853,,34.67095833333333
2021-09-16,24.19,18.57,87.5,68.49,70.4,9.0,109.0,0.0,2.4,-0.9419999,15.05,19.43,19.43,24.0,18.052916666666665,86.18916666666667,1.9461689814814813,,15.91325
2021-09-17,19.62,16.94,90.3,75.36,18.02,5.038888888888889,238.0,0.0,1.6360000000000001,0.09100008,15.81,17.58,17.58,24.0,18.601666666666667,90.05833333333334,1.992546296296296,,17.76845833333333
2021-09-18,19.58,17.48,91.4,88.4,22.69,12.76111111111111,209.0,0.0,2.5,0.06599998,17.8,19.4,19.4,24.0,21.621666666666666,85.98291666666667,1.3338657407407408,,120.35529166666667
2021-09-19,25.01,19.24,90.7,73.48,986.0,4.05,95.0,0.0,1.717,-4.641,19.88,22.06,22.06,24.0,23.447083333333335,84.13208333333334,1.4857523148148148,,82.56599999999999
2021-09-20,26.92,21.52,89.1,71.79,440.5,5.461111111111111,55.0,0.0,1.8820000000000001,-2.354,21.22,23.12,23.12,24.0,24.898750000000003,84.73083333333334,2.388333333333333,,163.50050000000002
2021-09-21,30.42,23.0,90.5,66.56,1700.0,9.299999999999999,68.0,0.0,1.9060000000000001,-4.422,22.09,23.89,23.89,24.0,22.94333333333333,82.89791666666666,2.547384259259259,,54.007583333333336
2021-09-22,25.38,20.02,90.3,67.16,267.0,8.338888888888889,114.0,0.0,2.1,-4.525,13.78,20.04,20.04,24.0,20.951249999999998,67.85833333333333,2.9491087962962967,,152.77041666666665
2021-09-23,25.96,18.66,79.39,55.13,1676.0,8.85,112.0,0.0,2.5,-1.716,15.78,20.53,20.53,24.0,21.184166666666666,69.22125,1.8000810185185185,,113.66754166666668
2021-09-24,24.1,19.07,82.9,51.15,735.3,7.3805555555555555,83.0,0.0,1.892,-4.921,16.74,20.16,20.16,24.0,21.165833333333335,77.86999999999999,1.8222916666666666,,91.20383333333332
2021-09-25,24.02,19.1,84.6,66.48,493.0,5.511111111111111,93.0,0.0,1.552,-4.646,18.23,21.31,21.31,24.0,22.875416666666666,77.27708333333334,2.176597222222222,,233.92233333333334
2021-09-26,27.62,19.63,87.2,56.64,3217.0,7.438888888888889,81.0,0.0,2.4,-4.436,19.23,21.63,21.63,24.0,24.12125,78.25583333333333,2.223819444444444,,261.94025
2021-09-27,28.46,20.82,88.6,61.41,3836.0,7.25,64.0,0.0,1.464,-4.451,19.81,22.65,22.65,24.0,24.154583333333335,78.94291666666668,2.2052777777777774,,262.678625
2021-09-28,28.01,20.66,89.5,63.48,3788.0,9.530555555555557,72.0,0.0,1.24,-1.9929999999999999,20.78,24.18,24.18,24.0,24.909583333333334,79.78,2.8531944444444446,,224.46254166666665
2021-09-29,29.35,22.31,91.0,64.58,3267.0,8.930555555555555,95.0,0.0,1.3559999999999999,-1.92,20.4,22.37,22.37,24.0,23.847916666666666,81.02125,2.1700347222222223,,104.6225
2021-09-30,27.93,21.73,90.0,64.87,888.0,6.838888888888889,133.0,0.0,2.4,0.618,18.71,22.54,22.54,24.0,22.86125,79.95458333333333,1.9568055555555555,,111.23966666666666
2021-10-01,26.09,21.37,89.8,66.91,823.0,7.388888888888889,183.0,0.0,1.479,0.454,19.91,21.69,21.69,24.0,22.79625,86.38416666666667,1.9093287037037037,,49.33054166666667
2021-10-02,25.56,20.97,91.1,77.95,129.6,9.55,213.0,0.0,1.482,-2.097,20.12,21.89,21.89,24.0,22.893333333333334,84.34375,1.5707523148148148,,59.924749999999996
2021-10-03,24.93,21.54,89.9,76.08,252.8,5.038888888888889,88.0,0.0,1.7109999999999999,-0.3080001,20.0,22.15,22.15,24.0,23.13625,86.46625,2.042523148148148,,39.37204166666667
2021-10-04,25.84,21.74,90.3,68.54,79.6,7.030555555555555,217.0,0.0,1.9689999999999999,0.16300009999999998,20.83,23.05,23.05,24.0,21.072083333333335,86.99583333333334,1.6825925925925924,,30.661125
2021-10-05,23.01,18.49,90.1,82.7,66.33,5.76111111111111,133.0,0.0,2.5,-1.528,17.09,18.97,18.97,24.0,19.9475,81.31166666666667,1.379398148148148,,52.193375
2021-10-06,22.13,18.46,89.3,68.61,171.9,4.411111111111111,138.0,0.0,2.5,0.22600009999999998,16.72,20.12,20.12,24.0,21.387083333333333,84.06625,1.6119560185185184,,85.97883333333334
2021-10-07,24.72,19.17,90.2,71.74,619.2,5.388888888888888,127.0,0.0,2.128,-4.57,19.62,21.32,21.32,24.0,20.687916666666666,76.95541666666666,2.0810648148148148,,48.8055
2021-10-08,22.13,18.65,89.9,64.3,156.0,9.249999999999998,142.0,0.0,2.5,0.06999994,15.74,18.78,18.78,24.0,20.035833333333333,81.05166666666666,1.5797569444444444,,65.02104166666666
2021-10-09,22.07,18.26,90.4,68.25,243.1,7.680555555555555,72.0,0.0,2.5,0.007999897,18.03,19.64,19.64,24.0,20.897916666666667,85.85625,2.2867013888888885,,41.28491666666667
2021-10-10,22.95,19.52,90.5,77.0,108.9,7.761111111111111,71.0,0.0,2.076,-4.723,18.31,20.5,20.5,24.0,21.34,86.22958333333334,1.8471874999999998,,69.46095833333332
2021-10-11,24.76,19.63,91.1,73.42,377.2,7.261111111111111,73.0,0.0,1.703,-2.207,18.96,21.09,21.09,24.0,21.48,87.60958333333333,2.141261574074074,,58.328875000000004
2021-10-12,23.13,20.63,91.3,77.44,187.4,6.511111111111111,65.0,0.0,2.4,0.12400009999999999,20.1,22.1,22.1,24.0,22.956666666666667,85.09583333333333,2.207546296296296,,56.63070833333333
2021-10-13,24.74,21.49,89.7,78.8,202.5,8.069444444444445,81.0,0.0,1.677,-1.8780000000000001,20.37,22.53,22.53,24.0,24.001666666666665,83.30791666666667,1.7116087962962963,,170.68908333333331
2021-10-14,28.18,21.92,90.2,67.68,1798.0,7.669444444444444,77.0,0.0,1.6440000000000001,-1.808,20.58,23.17,23.17,24.0,24.583333333333332,82.60083333333334,2.281736111111111,,180.21833333333333
2021-10-15,27.72,22.38,89.8,70.88,1854.0,8.15,93.0,0.0,1.6960000000000002,-0.556,20.9,22.69,22.69,24.0,23.42833333333333,89.4875,1.5388773148148147,,38.842083333333335
2021-10-16,25.58,22.43,91.3,85.6,90.6,6.499999999999999,191.0,0.0,1.666,-1.911,20.67,22.47,22.47,24.0,23.490416666666665,81.31291666666667,2.236782407407407,,75.641
2021-10-17,27.02,21.65,90.1,73.71,336.7,6.238888888888889,116.0,0.0,1.749,0.26500009999999996,18.74,21.82,21.82,24.0,20.186666666666667,88.38333333333333,2.41693287037037,,45.85754166666667
2021-10-18,22.28,18.19,90.7,80.3,128.1,7.699999999999999,114.0,0.0,1.9809999999999999,0.23700000000000002,16.72,18.3,18.3,24.0,19.305833333333332,88.75833333333333,2.2466666666666666,,68.33445833333333
2021-10-19,21.13,18.01,90.7,79.97,254.7,8.580555555555556,147.0,0.0,2.4,-2.275,17.89,19.51,19.51,24.0,20.34125,81.08874999999999,2.2252199074074075,,88.23641666666667
2021-10-20,23.28,18.14,91.1,60.29,445.9,8.36111111111111,117.0,0.0,1.8780000000000001,-2.572,15.48,18.71,18.71,24.0,19.5075,82.54791666666667,1.9933449074074074,,79.10333333333334
2021-10-21,22.66,18.08,87.5,64.87,424.6,5.069444444444445,334.0,0.0,2.106,-4.53,15.7,18.33,18.33,24.0,21.148333333333333,75.76916666666666,2.3214467592592594,,279.822875
2021-10-22,25.7,17.85,89.8,54.91,4667.0,9.019444444444444,70.0,0.0,2.4,-6.724,16.69,19.19,19.19,24.0,22.662916666666664,75.05708333333334,2.215347222222222,,318.15875
2021-10-23,28.28,17.87,88.0,53.89,5138.0,8.680555555555555,77.0,0.0,1.845,-4.851,18.78,21.16,21.16,24.0,23.558333333333334,79.51708333333333,2.2538425925925925,,225.13525
2021-10-24,27.76,20.82,89.3,59.6,3335.0,8.661111111111111,66.0,0.0,2.5,-4.68,20.01,24.17,24.17,24.0,23.73125,75.92333333333333,3.1610763888888886,,155.82754166666666
2021-10-25,28.05,22.24,87.9,62.78,2236.0,9.88888888888889,357.0,0.0,2.4,-3.784,16.77,22.42,22.42,24.0,23.679166666666664,70.39375,2.3348958333333334,,274.2842083333333
2021-10-26,27.37,21.13,83.2,49.32,4272.0,8.830555555555556,74.0,0.0,2.4,-1.862,18.37,22.16,22.16,24.0,24.361666666666668,74.86666666666666,2.054259259259259,,302.6843333333333
2021-10-27,30.18,18.88,87.6,56.85,4893.0,8.25,80.0,0.0,1.477,-1.438,19.84,22.85,22.85,24.0,24.535833333333333,78.77166666666666,2.249699074074074,,184.1089166666667
2021-10-28,28.17,20.38,89.5,63.63,1970.0,5.930555555555556,61.0,0.0,1.43,0.517,21.67,24.55,24.55,24.0,24.27208333333333,79.94,2.5647685185185183,,102.70333333333333
2021-10-29,26.4,20.92,90.1,61.7,693.6,7.6499999999999995,106.0,0.0,1.5150000000000001,0.0769999,19.34,21.08,21.08,24.0,23.130416666666665,86.30916666666667,2.481423611111111,,124.921
2021-10-30,27.97,20.96,90.4,67.91,1328.0,6.138888888888889,116.0,0.0,1.46,-0.09100008,21.39,23.29,23.29,24.0,24.102083333333336,84.72708333333334,2.9609259259259257,,182.20279166666668
2021-10-31,28.72,22.11,90.5,67.87,2468.0,8.6,81.0,0.0,1.568,0.391,20.65,22.57,22.57,24.0,23.131666666666664,86.83958333333334,2.4382291666666664,,59.683375000000005
2021-11-01,25.85,21.85,91.2,76.03,260.7,8.21111111111111,92.0,0.0,1.738,-1.81,21.18,22.94,22.94,24.0,24.37291666666667,86.55791666666666,3.3291898148148147,,180.70470833333334
2021-11-02,27.9,22.43,91.6,73.42,2310.0,7.738888888888889,84.0,0.0,2.4,0.26500009999999996,21.99,23.68,23.68,24.0,25.595416666666665,80.20541666666666,2.281736111111111,,292.1634583333333
2021-11-03,29.86,22.75,91.0,61.31,4785.0,7.288888888888888,69.0,0.0,2.154,-2.324,21.33,24.16,24.16,24.0,25.668333333333333,77.26875,2.7071527777777775,,304.79654166666666
2021-11-04,28.88,22.87,89.4,63.26,5113.0,11.7,64.0,0.0,2.109,-4.379,20.91,24.82,24.82,24.0,25.244583333333335,79.90708333333333,2.256782407407407,,209.52729166666666
2021-11-05,29.06,23.25,88.3,66.96,3397.0,8.480555555555556,73.0,0.0,2.4,-4.515,22.03,24.92,24.92,24.0,26.06125,80.09166666666667,2.2434374999999998,,232.24875
2021-11-06,30.12,23.81,89.0,68.64,3427.0,8.919444444444444,71.0,0.0,2.069,-5.024,21.78,25.65,25.65,24.0,25.668333333333333,77.83166666666666,2.116909722222222,,139.35320833333333
2021-11-07,29.24,22.79,88.1,63.63,1882.0,6.488888888888889,94.0,0.0,2.4,-4.504,20.57,22.99,22.99,24.0,23.55458333333333,81.82916666666667,2.8525694444444443,,132.12445833333334
2021-11-08,25.96,21.24,89.1,71.1,1023.0,8.88888888888889,156.0,0.0,2.146,-1.166,19.59,21.83,21.83,24.0,23.222083333333334,80.48083333333334,1.6336574074074075,,96.229625
2021-11-09,27.55,20.88,90.4,62.78,615.9,5.76111111111111,85.0,0.0,2.089,0.22,19.88,21.56,21.56,24.0,23.199583333333333,82.17208333333333,3.118993055555556,,111.24758333333334
2021-11-10,25.85,21.29,90.8,72.44,803.0,8.069444444444445,106.0,0.0,1.851,0.34299989999999997,19.32,22.55,22.55,24.0,22.886666666666667,77.47125,2.1846990740740737,,60.264041666666664
2021-11-11,24.97,20.79,88.6,67.0,204.2,6.7,114.0,0.0,1.991,0.2149999,18.81,20.94,20.94,24.0,21.29625,85.99291666666666,2.287847222222222,,81.2445
2021-11-12,23.41,20.23,89.5,74.38,440.8,8.769444444444444,142.0,0.0,1.862,-1.732,18.0,20.25,20.25,24.0,20.832916666666666,85.09833333333334,2.036759259259259,,122.06237499999999
2021-11-13,23.31,19.3,90.1,70.06,789.8,7.1305555555555555,121.0,0.0,1.5670000000000002,-2.092,17.44,19.55,19.55,24.0,21.9875,77.4775,2.139849537037037,,174.42316666666667
2021-11-14,26.44,19.17,88.9,56.42,1869.0,6.7,80.0,0.0,1.436,-3.741,17.87,20.39,20.39,24.0,23.182083333333335,75.98291666666667,2.5129282407407407,,218.26254166666664
2021-11-15,27.34,19.43,88.1,62.78,3103.0,9.149999999999999,71.0,0.0,1.451,0.2390001,19.22,23.85,23.85,24.0,25.41125,68.75166666666667,2.6052662037037035,,277.96541666666667
2021-11-16,29.51,21.79,82.3,47.85,4328.0,9.938888888888888,82.0,0.0,1.4969999999999999,-2.305,19.57,23.85,23.85,24.0,25.762083333333333,73.16958333333334,2.429456018518519,,245.112
2021-11-17,29.16,23.54,82.2,59.63,3503.0,9.430555555555555,77.0,0.0,1.61,-4.82,20.57,23.8,23.8,24.0,26.24083333333333,75.91041666666666,2.155208333333333,,274.87095833333336
2021-11-18,29.79,23.41,85.9,61.54,4075.0,6.919444444444444,82.0,0.0,2.4,-4.174,22.0,25.22,25.22,24.0,23.357916666666668,88.0625,2.366805555555555,,31.038875
2021-11-19,25.51,22.39,90.3,81.8,51.98,8.011111111111111,160.0,0.0,2.08,0.27,20.85,22.73,22.73,24.0,24.079166666666666,81.38208333333334,2.6777314814814814,,82.37445833333334
2021-11-20,27.61,21.57,90.1,68.2,380.5,7.8805555555555555,138.0,0.0,2.5,-2.313,19.59,21.7,21.7,24.0,23.295,76.70166666666667,2.116261574074074,,113.38441666666667
2021-11-21,27.32,21.22,88.2,61.02,718.4,7.111111111111112,127.0,0.0,1.883,-4.7219999999999995,19.35,22.33,22.33,24.0,24.21291666666667,73.46625,2.2399074074074075,,319.38937500000003
2021-11-22,28.72,20.15,88.1,54.03,5319.0,10.049999999999999,85.0,0.0,2.5,-4.265,17.97,21.55,21.55,24.0,24.286666666666665,73.55958333333334,2.337673611111111,,345.76125
2021-11-23,28.43,19.3,87.5,59.83,5864.0,9.369444444444444,78.0,0.0,1.766,-4.348,20.5,23.86,23.86,24.0,26.827916666666667,72.2375,2.5743287037037037,,300.82058333333333
2021-11-24,40.74,21.64,87.3,33.71,5184.0,13.038888888888888,118.0,0.0,1.7930000000000001,-0.437,19.75,24.16,24.16,24.0,24.21375,72.96958333333333,2.149803240740741,,66.99495833333333
2021-11-25,26.22,21.93,86.4,62.56,230.7,9.669444444444444,110.0,0.0,1.945,0.6470001,19.41,23.19,23.19,24.0,25.282083333333333,77.81875000000001,1.9322685185185184,,135.88341666666668
2021-11-26,28.56,22.01,89.0,64.94,1118.0,7.688888888888888,75.0,0.0,1.6920000000000002,0.4860001,22.97,25.58,25.58,24.0,28.299583333333334,78.06791666666668,2.3876620370370367,,257.40341666666666
2021-11-27,33.03,24.22,89.7,60.99,4110.0,8.169444444444444,74.0,0.0,1.473,-0.4359999,22.31,25.96,25.96,24.0,28.487916666666667,70.32625,2.6184953703703706,,313.86875000000003
2021-11-28,34.84,23.77,84.6,44.02,5106.0,7.1499999999999995,82.0,0.0,2.4,-0.34299989999999997,22.33,26.22,26.22,24.0,27.76375,75.35458333333334,2.35724537037037,,246.77583333333334
2021-11-29,31.53,25.84,82.4,62.72,3904.0,7.8805555555555555,75.0,0.0,2.4,0.6830001,22.51,28.88,26.68,24.0,29.46083333333333,73.83083333333333,2.2657523148148146,,294.885
2021-11-30,34.29,25.26,86.3,59.48,4625.0,7.161111111111111,71.0,0.0,1.7770000000000001,0.435,24.54,31.6,27.62,24.0,29.502499999999998,60.26583333333334,2.866793981481482,,358.0466666666666
2021-12-01,36.71,23.43,84.9,34.58,6128.0,8.78888888888889,75.0,0.0,1.97,-1.022,22.51,25.76,25.76,24.0,26.643333333333334,75.36208333333333,2.5928703703703704,,174.1559583333333
2021-12-02,30.06,23.69,86.5,61.66,2236.0,8.480555555555556,112.0,0.0,2.5,0.6830001,21.01,25.27,25.27,24.0,23.90625,80.21416666666666,2.335335648148148,,75.11733333333333
2021-12-03,27.12,21.88,89.5,64.04,338.9,7.419444444444444,140.0,0.0,2.5,-2.39,19.64,23.09,23.09,24.0,23.3325,81.6675,2.075972222222222,,120.44041666666668
2021-12-04,25.98,21.45,87.3,63.65,843.0,6.85,72.0,0.0,1.944,-4.518,20.24,23.39,23.39,24.0,24.784583333333334,77.77291666666666,2.1967824074074076,,237.14541666666665
2021-12-05,29.96,21.07,88.4,58.93,3838.0,7.988888888888889,76.0,0.0,1.909,-2.364,20.91,25.95,25.95,24.0,26.765833333333333,73.89458333333333,2.669293981481481,,264.12875
2021-12-06,31.08,24.19,86.3,56.65,4299.0,9.311111111111112,72.0,0.0,1.963,-1.708,21.75,24.72,24.72,24.0,24.557916666666667,83.22708333333334,2.1147800925925924,,102.81783333333334
2021-12-07,27.78,21.86,89.6,62.97,632.5,5.980555555555556,124.0,0.0,2.4,-2.093,20.29,22.13,22.13,24.0,24.1075,73.41916666666667,3.8736111111111113,,174.04554166666665
2021-12-08,27.2,21.91,89.9,50.26,1634.0,12.269444444444444,155.0,0.0,2.002,-1.278,18.6,21.97,21.97,24.0,24.118750000000002,67.00750000000001,3.1957407407407405,,228.682625
2021-12-09,28.44,20.2,85.5,49.06,2897.0,7.4,129.0,0.0,1.88,-1.745,18.83,23.41,23.41,24.0,24.052916666666665,72.68375,2.9065277777777774,,161.739875
2021-12-10,28.26,20.94,82.7,54.53,1485.0,8.219444444444445,110.0,0.0,1.885,-1.605,19.06,22.68,22.68,24.0,25.58458333333333,70.25833333333334,2.5448032407407406,,312.1589166666667
2021-12-11,29.9,22.11,84.7,52.74,5290.0,9.1,77.0,0.0,1.9340000000000002,-1.403,20.35,24.15,24.15,24.0,26.87,75.89375,2.5502199074074072,,305.39125
2021-12-12,31.88,23.09,87.8,59.87,5185.0,9.4,74.0,0.0,1.849,0.2460001,23.2,26.34,26.34,24.0,28.60083333333333,74.71333333333332,2.4226157407407407,,301.0194583333333
2021-12-13,33.01,25.92,87.4,58.67,5118.0,8.880555555555555,72.0,0.0,1.6,0.56,23.63,25.92,25.92,24.0,28.56375,77.93666666666667,2.613611111111111,,267.87966666666665
2021-12-14,33.54,25.22,88.4,58.15,4222.0,8.661111111111111,86.0,0.0,1.611,0.4449999,24.65,31.84,27.7,24.0,27.18541666666667,85.53291666666667,1.997326388888889,,44.899125
2021-12-15,28.96,25.87,90.2,76.0,108.7,4.538888888888889,120.0,0.0,1.616,-1.447,24.33,26.26,26.26,24.0,28.304166666666664,82.66250000000001,2.1872106481481484,,177.033125
2021-12-16,31.88,25.92,90.1,69.55,2032.0,5.569444444444445,82.0,0.0,2.4,0.45600009999999996,24.29,30.35,27.06,24.0,29.4225,76.35541666666667,2.556296296296296,,307.498
2021-12-17,34.28,26.92,86.1,60.21,5394.0,9.11111111111111,120.0,0.0,1.945,-2.071,23.91,31.47,27.78,24.0,27.999583333333334,77.38875,3.070636574074074,,170.36158333333333
2021-12-18,30.89,25.87,88.1,64.5,1876.0,10.16111111111111,122.0,0.0,2.4,-1.635,23.22,26.29,26.29,24.0,25.645,81.91666666666667,2.742210648148148,,102.55025
2021-12-19,27.93,23.37,89.8,69.54,543.1,7.980555555555555,116.0,0.0,1.9460000000000002,-2.215,21.71,23.89,23.89,24.0,26.304166666666664,71.29333333333334,2.3439699074074074,,289.5171666666667
2021-12-20,30.66,22.94,88.5,49.42,4937.0,6.561111111111111,69.0,0.0,1.744,-4.704,21.16,24.56,24.56,24.0,26.89625,72.54333333333334,2.5929398148148146,,319.608875
2021-12-21,30.91,23.05,84.7,57.92,5523.0,10.049999999999999,81.0,0.0,1.718,-4.418,21.71,26.18,26.18,24.0,27.756249999999998,73.36416666666666,2.666574074074074,,293.9042083333333
2021-12-22,32.09,24.05,89.3,54.89,4903.0,10.119444444444444,65.0,0.0,1.634,-2.218,23.85,26.16,26.16,24.0,27.266666666666666,79.7075,3.0891550925925926,,234.644
2021-12-23,32.17,23.47,89.8,61.71,3575.0,9.249999999999998,113.0,0.0,2.4,0.33299989999999996,21.33,23.9,23.9,24.0,26.592916666666667,69.12875,3.0019097222222224,,294.01233333333334
2021-12-24,31.72,22.81,87.5,47.99,4805.0,9.138888888888888,129.0,0.0,2.5,-0.1700001,18.33,24.38,24.38,24.0,25.82375,67.56833333333334,3.1918171296296296,,344.2465833333333
2021-12-25,29.83,21.19,86.1,52.88,6465.0,8.03888888888889,132.0,0.0,2.4,0.48,19.12,23.63,23.63,24.0,26.3075,66.7825,2.682141203703704,,369.40545833333334
2021-12-26,30.78,20.52,86.2,40.33,6475.0,9.911111111111111,84.0,0.0,2.4,0.44300009999999995,20.85,26.53,26.53,24.0,27.515833333333333,70.60416666666667,2.8688078703703703,,332.407125
2021-12-27,31.92,23.61,89.0,52.91,5880.0,10.25,72.0,0.0,1.464,0.437,22.12,24.21,24.21,24.0,27.265,75.85208333333334,2.0614930555555557,,294.49679166666664
2021-12-28,32.53,23.89,89.1,56.96,5222.0,7.211111111111111,82.0,0.0,2.4,0.447,20.98,24.88,24.88,24.0,27.43958333333333,75.765,2.3810648148148146,,268.664625
2021-12-29,32.52,23.06,86.7,57.31,4473.0,8.15,98.0,0.0,2.4,0.3169999,23.73,26.12,26.12,24.0,28.470416666666665,75.8975,2.930486111111111,,291.6553333333333
2021-12-30,32.7,25.56,88.0,59.25,5033.0,9.0,95.0,0.0,1.795,0.497,22.59,29.73,27.18,24.0,27.525833333333335,76.32625,3.1621412037037033,,105.56345833333334
2021-12-31,29.42,25.59,85.1,66.35,644.6,7.3,95.0,0.0,2.4,-2.414,22.61,25.63,25.63,24.0,26.524583333333336,80.69666666666667,2.2207060185185186,,130.28166666666667
2022-01-01,30.96,23.79,88.5,63.99,1009.0,6.519444444444444,112.0,0.0,2.5,0.23700000000000002,22.95,25.38,25.38,24.0,28.5675,73.64583333333333,2.4288310185185185,,358.90479166666665
2022-01-02,33.97,23.32,87.8,49.72,6119.0,9.619444444444445,67.0,0.0,1.803,0.39899989999999996,24.51,32.21,27.95,24.0,29.868750000000002,76.39916666666666,2.7749652777777776,,351.29725
2022-01-03,33.78,26.42,87.1,64.22,6021.0,9.288888888888888,72.0,0.0,2.073,-1.624,25.3,34.12,28.61,24.0,30.535,75.32000000000001,2.482407407407407,,337.73741666666666
2022-01-04,35.07,27.48,87.7,58.54,5900.0,9.011111111111111,76.0,0.0,2.006,-1.986,25.07,32.27,27.76,24.0,27.997083333333336,86.12,1.9847453703703704,,86.02754166666666
2022-01-05,31.16,26.6,89.6,72.06,572.2,6.419444444444444,90.0,0.0,2.118,0.154,25.3,31.25,27.21,24.0,29.057083333333335,80.74166666666666,2.68162037037037,,241.50341666666668
2022-01-06,35.4,25.58,89.3,56.35,4049.0,11.880555555555556,118.0,0.0,2.083,-3.158,23.34,25.63,25.63,24.0,26.69666666666667,77.97500000000001,4.202280092592592,,123.7925
2022-01-07,29.1,24.77,88.6,64.59,847.0,13.230555555555556,147.0,0.0,2.5,-0.2880001,19.69,25.11,25.11,24.0,25.852500000000003,71.35000000000001,3.272719907407407,,195.53650000000002
2022-01-08,29.59,22.24,87.6,55.13,2133.0,8.450000000000001,153.0,0.0,2.5,-1.304,20.2,24.49,24.49,24.0,25.709999999999997,70.82666666666667,2.67318287037037,,118.318
2022-01-09,28.62,22.98,81.8,57.83,713.4,7.45,112.0,0.0,1.8860000000000001,0.2620001,19.59,25.04,25.04,24.0,25.22458333333333,77.72041666666667,3.4722106481481476,,207.13820833333332
2022-01-10,29.3,22.18,89.6,60.24,2385.0,8.819444444444445,130.0,0.0,1.8170000000000002,-1.8,21.84,23.7,23.7,24.0,24.79041666666667,87.55416666666667,3.0074421296296294,,95.35325
2022-01-11,28.17,22.99,90.6,79.52,620.1,7.969444444444445,160.0,0.0,1.572,-2.199,22.67,24.57,24.57,24.0,25.99416666666667,83.87208333333334,2.0221412037037036,,123.23004166666668
2022-01-12,29.39,23.97,89.6,71.42,841.0,4.588888888888889,225.0,0.0,1.541,0.08800006,23.09,25.29,25.29,24.0,27.99,76.095,2.1881944444444446,,293.6614583333333
2022-01-13,32.36,24.16,89.2,56.34,4507.0,7.561111111111111,79.0,0.0,1.64,0.638,23.16,26.61,26.61,24.0,26.859583333333333,81.05708333333332,1.1658101851851852,,88.621125
2022-01-14,29.1,25.22,86.5,68.07,382.7,4.138888888888889,75.0,0.0,1.6520000000000001,0.651,22.82,25.53,25.53,24.0,28.005416666666665,80.22416666666668,1.7162268518518518,,203.500125
2022-01-15,33.25,24.92,88.4,62.98,3070.0,6.969444444444444,70.0,0.0,1.838,-0.911,24.86,31.02,27.23,24.0,29.4225,79.22916666666667,2.1594444444444445,,192.951
2022-01-16,35.6,26.32,88.7,62.59,2410.0,6.530555555555556,271.0,0.0,1.779,-4.034,24.13,26.46,26.46,24.0,29.91333333333333,73.99541666666666,2.4443171296296295,,319.629625
2022-01-17,34.54,25.47,89.1,58.15,5296.0,8.930555555555555,313.0,0.0,2.4,-3.926,23.44,31.43,27.94,24.0,31.051666666666666,70.35791666666667,2.5583217592592593,,340.03137499999997
2022-01-18,36.7,26.02,87.7,51.99,5777.0,10.499999999999998,151.0,0.0,1.887,-2.021,24.7,30.69,27.12,24.0,31.0975,74.75333333333333,2.261111111111111,,335.34183333333334
2022-01-19,37.09,26.42,87.4,52.01,5632.0,8.330555555555556,89.0,0.0,1.978,-2.759,26.81,37.17,29.29,24.0,31.449583333333333,75.94958333333334,2.541574074074074,,310.86654166666665
2022-01-20,35.31,28.5,88.3,61.22,4998.0,7.938888888888888,67.0,0.0,2.064,-2.621,25.63,36.38,29.67,24.0,31.351666666666663,75.17,2.2539930555555556,,325.26233333333334
2022-01-21,35.38,26.92,92.5,60.3,5429.0,8.6,84.0,0.0,1.89,-2.741,26.04,33.72,28.06,24.0,29.61708333333333,80.05208333333333,2.8484374999999997,,342.8340416666667
2022-01-22,33.46,26.98,92.7,65.54,5933.0,9.469444444444445,70.0,0.0,2.4,-4.275,24.29,30.69,27.23,24.0,29.138333333333335,77.57291666666667,2.730162037037037,,350.40708333333333
2022-01-23,32.54,25.17,93.5,64.55,6122.0,9.58888888888889,75.0,0.0,2.4,-4.256,24.45,34.05,29.04,24.0,30.150000000000002,72.79375,2.597048611111111,,321.87870833333335
2022-01-24,34.49,26.48,86.9,54.04,5456.0,9.630555555555556,89.0,0.0,2.4,-4.384,24.86,34.74,29.21,24.0,30.687083333333334,71.69958333333334,2.3478240740740737,,311.01883333333336
2022-01-25,35.29,27.15,86.0,50.13,5255.0,9.9,75.0,0.0,1.592,-3.439,24.81,35.21,29.52,24.0,30.35166666666667,74.27833333333334,2.629247685185185,,279.667
2022-01-26,34.6,26.34,89.6,58.23,4249.0,9.511111111111111,75.0,0.0,1.542,-1.931,25.2,36.31,29.93,24.0,31.016666666666666,74.98916666666666,2.579398148148148,,322.84820833333333
2022-01-27,34.31,27.31,86.1,63.85,5188.0,9.0,88.0,0.0,1.532,0.526,26.33,38.79,30.53,24.0,29.227083333333336,80.84458333333333,2.928078703703704,,124.51362499999999
2022-01-28,33.43,25.2,90.1,66.04,1060.0,9.869444444444445,143.0,0.0,2.5,-0.3299999,23.45,25.44,25.44,24.0,23.31458333333333,88.1875,3.460185185185185,,41.1115
2022-01-29,25.45,21.32,90.3,84.5,89.4,8.988888888888889,140.0,0.0,2.4,-1.015,20.27,22.01,22.01,24.0,23.148333333333337,86.265,2.828622685185185,,65.03429166666668
2022-01-30,26.44,21.28,90.3,73.43,275.4,7.3694444444444445,176.0,0.0,2.5,0.112,21.37,23.15,23.15,24.0,24.531666666666666,84.19375,2.6686226851851855,,86.78112499999999
2022-01-31,27.62,22.98,90.6,70.04,460.1,6.388888888888888,144.0,0.0,1.9609999999999999,-1.859,21.41,23.34,23.34,24.0,27.32166666666667,78.25208333333333,2.452986111111111,,310.98537500000003
2022-02-01,33.11,23.09,89.9,57.83,5220.0,8.188888888888888,90.0,0.0,2.5,-4.423,24.34,26.55,26.55,24.0,28.53333333333333,76.82125,2.5899305555555556,,325.49229166666663
2022-02-02,33.42,24.28,89.5,56.66,5478.0,7.819444444444444,108.0,8.89,2.4,-2.685,24.24,30.22,27.01,24.0,29.572916666666668,74.56791666666668,2.511273148148148,,316.34504166666665
2022-02-03,34.34,26.44,87.0,52.73,5291.0,8.219444444444445,76.0,0.0,2.5,-1.667,24.18,32.3,28.14,24.0,29.235833333333332,76.74249999999999,2.5452314814814816,,237.04066666666665
2022-02-04,32.68,27.14,85.8,64.78,3562.0,10.0,68.0,1.524,2.005,-4.602,24.66,31.04,27.3,24.0,28.72083333333333,82.73583333333333,1.8711805555555554,,156.00541666666666
2022-02-05,32.67,26.62,90.2,65.68,1564.0,7.980555555555555,72.0,14.48,1.759,-4.703,25.5,31.71,27.36,24.0,30.197916666666668,79.615,1.7503935185185184,,249.650125
2022-02-06,37.32,26.87,89.7,54.29,4035.0,9.519444444444446,186.0,8.89,1.863,-4.6690000000000005,25.96,34.94,28.69,24.0,29.985416666666666,75.63291666666667,2.7264930555555558,,276.1482916666667
2022-02-07,37.09,26.28,87.8,51.6,4113.0,9.080555555555554,111.0,0.508,2.4,-2.453,23.91,30.86,27.44,24.0,28.215833333333332,69.59541666666667,2.5429166666666667,,207.852875
2022-02-08,32.09,25.16,84.7,54.52,3020.0,6.230555555555555,81.0,0.0,1.871,-2.285,21.69,28.9,26.88,24.0,27.948333333333334,66.57708333333333,2.665798611111111,,275.318375
2022-02-09,31.28,25.67,77.75,50.92,4762.0,7.45,79.0,0.254,1.746,0.6770001,21.16,28.7,26.87,24.0,27.142083333333332,72.33833333333332,2.089837962962963,,144.601375
2022-02-10,30.57,24.58,81.9,60.4,1302.0,6.711111111111111,115.0,0.0,1.477,-0.47,21.3,24.65,24.65,24.0,27.91875,71.95916666666666,2.3525347222222224,,337.0229583333333
2022-02-11,32.49,23.33,85.2,52.29,5744.0,7.719444444444444,82.0,0.0,1.5270000000000001,0.47300000000000003,22.57,29.71,27.17,24.0,28.685833333333335,71.78583333333333,2.536273148148148,,300.00545833333337
2022-02-12,33.17,25.2,86.4,54.59,4903.0,8.261111111111111,72.0,0.254,1.5430000000000001,-0.9170001,21.98,29.5,27.21,24.0,28.719583333333333,68.45291666666667,2.303472222222222,,331.290125
2022-02-13,33.29,25.2,85.5,49.42,5658.0,7.788888888888889,77.0,0.0,1.576,-1.788,21.42,26.09,26.09,24.0,28.5525,69.15708333333333,2.136736111111111,,314.46779166666664
2022-02-14,33.48,23.53,84.9,47.81,5100.0,8.219444444444445,75.0,0.0,2.5,-1.055,24.26,33.05,28.54,24.0,28.62291666666667,80.44458333333334,2.451076388888889,,183.570875
2022-02-15,35.34,25.04,89.9,56.95,2800.0,10.438888888888888,150.0,29.97,2.009,0.09899998,23.01,29.18,26.75,24.0,28.486666666666665,66.33583333333333,2.0810069444444443,,254.43041666666667
2022-02-16,32.96,24.88,80.9,46.7,3805.0,6.538888888888889,67.0,0.0,2.5,-0.7720001,21.58,25.63,25.63,24.0,28.26375,67.62458333333333,2.3653587962962965,,329.6272916666667
2022-02-17,32.61,23.95,81.7,49.51,5524.0,7.561111111111111,73.0,0.0,2.5,-3.311,22.66,28.92,26.67,24.0,26.29125,78.58208333333333,1.9968287037037038,,115.44595833333334
2022-02-18,32.95,20.94,88.4,60.35,1093.0,17.35,207.0,16.26,2.5,-6.595,18.87,21.91,21.91,24.0,25.722083333333334,72.45166666666667,2.305034722222222,,295.6816666666667
2022-02-19,32.88,20.28,88.0,49.97,5133.0,9.569444444444445,120.0,0.0,2.067,-2.094,20.88,23.77,23.77,24.0,27.319166666666664,71.16083333333333,1.9664467592592592,,310.9554166666667
2022-02-20,32.3,22.35,87.0,50.03,5161.0,8.880555555555555,71.0,0.0,2.5,-2.023,22.85,29.48,26.96,24.0,29.44333333333333,73.7725,2.059363425925926,,294.55375
2022-02-21,34.16,24.95,85.0,58.0,4578.0,8.1,78.0,0.0,2.4,-4.268,25.84,35.9,29.26,24.0,29.844583333333333,78.11541666666666,1.843900462962963,,244.571375
2022-02-22,35.87,26.06,87.3,59.72,4075.0,9.61111111111111,206.0,2.794,2.4,-4.119,23.51,29.55,26.84,24.0,29.162916666666664,77.09458333333333,2.3378472222222224,,245.87395833333335
2022-02-23,34.22,24.47,90.0,61.37,3316.0,11.011111111111111,207.0,10.67,1.7970000000000002,-1.57,23.57,25.8,25.8,24.0,28.39625,79.40083333333332,2.7715625,,174.15454166666666
2022-02-24,33.08,25.54,87.6,63.79,2131.0,8.288888888888888,114.0,0.762,2.4,0.33100009999999996,24.75,31.91,27.7,24.0,27.852083333333336,78.90958333333333,1.7038773148148147,,85.87816666666667
2022-02-25,31.36,25.6,88.0,67.39,469.6,5.311111111111111,226.0,0.0,2.4,0.641,24.63,32.17,27.88,24.0,29.39375,80.27541666666666,2.075902777777778,,143.80479166666666
2022-02-26,33.45,26.88,89.0,67.54,1292.0,8.588888888888889,79.0,0.508,1.479,-1.57,25.01,33.38,28.36,24.0,30.308333333333334,74.8725,2.2425,,302.3817916666667
2022-02-27,34.12,27.02,86.8,60.33,4818.0,7.730555555555555,69.0,0.0,1.617,-4.384,24.39,33.31,28.63,24.0,30.270416666666666,72.45708333333333,2.32375,,290.5034583333333
2022-02-28,34.1,27.06,85.3,54.33,4642.0,9.06111111111111,81.0,0.0,2.4,-2.187,24.95,35.47,29.59,24.0,30.993333333333336,73.92,2.0910185185185184,,280.12033333333335
2022-03-01,34.53,28.3,82.7,60.19,4203.0,8.161111111111111,75.0,0.0,1.73,-4.808,26.05,36.19,29.28,24.0,29.193749999999998,81.78083333333333,2.704571759259259,,141.78120833333332
2022-03-02,32.54,24.67,92.3,67.78,1447.0,7.888888888888888,124.0,76.71,1.9729999999999999,-1.9689999999999999,23.85,25.26,25.26,24.0,27.368333333333336,87.08791666666667,1.2183912037037037,,94.96933333333334
2022-03-03,31.97,25.09,92.0,71.81,941.0,6.238888888888889,238.0,27.69,2.121,-1.653,23.88,25.69,25.69,24.0,28.000833333333333,84.8625,1.5138194444444444,,98.88804166666667
2022-03-04,32.26,25.45,90.6,67.02,585.5,5.0,132.0,3.302,2.5,-4.54,24.92,30.6,27.02,24.0,28.962500000000002,80.27791666666667,1.8509143518518518,,189.51904166666668
2022-03-05,33.05,25.93,89.0,64.3,2481.0,7.219444444444444,74.0,0.0,2.145,-4.422,26.01,35.05,28.72,24.0,30.47125,76.8875,2.1758564814814814,,277.92266666666666
2022-03-06,34.4,27.33,89.1,58.59,4223.0,8.480555555555556,83.0,0.0,2.4,-4.214,26.31,38.29,30.26,24.0,31.515416666666667,77.06458333333333,2.043738425925926,,286.2004583333333
2022-03-07,35.06,28.51,86.4,63.88,4395.0,8.288888888888888,94.0,0.0,1.8940000000000001,-4.552,27.41,40.24,30.42,24.0,30.128333333333334,81.39291666666666,2.212048611111111,,238.81466666666665
2022-03-08,33.91,25.9,91.1,68.26,3535.0,9.419444444444443,150.0,20.57,1.818,-2.4130000000000003,25.54,34.29,28.58,24.0,29.55458333333333,79.73791666666666,2.848645833333333,,244.26529166666668
2022-03-09,33.76,26.57,88.9,61.21,3581.0,10.16111111111111,131.0,1.524,2.4,-1.772,25.31,33.73,28.4,24.0,29.72083333333333,78.6425,2.5296643518518516,,214.16
2022-03-10,34.41,26.6,89.2,62.54,3100.0,7.361111111111111,113.0,1.27,2.4,-1.484,25.51,33.15,28.02,24.0,29.50208333333333,78.72,2.2213078703703704,,233.92575
2022-03-11,33.63,24.97,89.5,61.79,3261.0,13.019444444444444,253.0,6.096,1.462,-0.4660001,23.81,25.79,25.79,24.0,28.626666666666665,80.99624999999999,2.15931712962963,,230.48375
2022-03-12,35.22,25.04,91.3,58.06,3462.0,14.2,237.0,28.96,1.774,0.597,24.11,26.32,26.32,24.0,24.202083333333334,86.28625,2.608668981481481,,36.80720833333333
2022-03-13,26.36,22.64,90.0,75.34,78.5,7.419444444444444,130.0,20.32,2.4,-0.2940001,20.86,22.82,22.82,24.0,23.89708333333333,87.35000000000001,2.3395254629629627,,51.33508333333333
2022-03-14,25.62,22.67,90.0,80.2,156.5,4.861111111111111,213.0,5.334,2.4,-0.454,22.15,24.13,24.13,24.0,25.855833333333333,83.61,1.6403587962962962,,68.02108333333334
2022-03-15,29.4,23.79,89.1,70.11,313.7,4.811111111111111,117.0,0.508,1.988,-1.5670000000000002,23.17,25.57,25.57,24.0,26.484166666666667,84.22666666666667,2.6177314814814814,,94.86512499999999
2022-03-16,28.81,24.86,89.3,76.15,540.4,8.519444444444444,133.0,2.794,2.5,0.1789999,23.7,29.48,26.76,24.0,26.08875,79.8275,3.167893518518518,,95.180625
2022-03-17,28.9,24.29,86.4,64.08,875.0,9.58888888888889,196.0,7.112,2.5,-1.721,21.41,25.09,25.09,24.0,27.533749999999998,77.12791666666666,2.1735532407407407,,270.331625
2022-03-18,32.31,23.45,86.4,63.16,4188.0,6.830555555555556,66.0,0.0,2.4,-1.7530000000000001,24.36,29.89,26.82,24.0,28.92625,81.41583333333334,2.201759259259259,,205.63233333333335
2022-03-19,34.84,26.47,89.1,63.28,3134.0,11.749999999999998,264.0,8.64,2.5,-2.316,23.93,30.71,27.35,24.0,27.104166666666668,81.67,2.9714699074074074,,127.89058333333334
2022-03-20,32.44,24.67,89.6,66.86,1757.0,9.519444444444446,112.0,3.556,2.5,-0.7479998999999999,21.87,24.82,24.82,24.0,25.805833333333336,74.7075,2.892199074074074,,97.61354166666666
2022-03-21,28.18,22.71,89.8,58.49,623.1,8.35,147.0,1.016,2.5,1.185,21.03,22.87,22.87,24.0,23.315416666666668,86.29208333333334,3.5592939814814812,,84.18329166666668
2022-03-22,26.04,21.87,90.3,71.28,469.3,10.119444444444444,114.0,32.77,2.5,2.5,20.65,22.39,22.39,24.0,25.275000000000002,76.35583333333334,2.461875,,217.9845
2022-03-23,29.35,22.25,89.9,48.25,3385.0,8.338888888888889,97.0,2.794,2.5,2.5,20.45,24.47,24.47,24.0,25.685,81.1675,2.1254050925925925,,142.782125
2022-03-24,29.52,22.25,88.0,69.27,1464.0,8.088888888888889,66.0,0.254,2.5,2.5,23.56,30.75,27.49,24.0,26.49625,81.42541666666666,2.081909722222222,,91.1435
2022-03-25,31.76,23.93,88.6,61.14,809.0,8.730555555555556,200.0,11.68,2.5,2.5,21.25,24.1,24.1,24.0,25.852500000000003,83.03375,1.4521527777777778,,71.10375
2022-03-26,28.42,23.11,94.2,70.64,297.4,3.95,217.0,0.254,2.5,2.5,22.9,23.87,23.87,24.0,27.940833333333334,75.65791666666667,1.959988425925926,,266.28108333333336
2022-03-27,33.86,23.45,95.5,53.04,3882.0,6.111111111111111,67.0,0.0,2.5,2.5,22.81,25.54,25.54,24.0,27.420833333333334,78.03083333333333,2.1441203703703704,,197.783125
2022-03-28,31.49,23.91,90.9,61.01,2792.0,6.069444444444445,76.0,0.0,2.5,2.5,23.86,26.22,26.22,24.0,27.265,78.46875,2.4446180555555554,,227.79254166666666
2022-03-29,30.9,24.84,89.3,65.55,3368.0,7.311111111111111,93.0,0.0,2.5,2.5,21.37,26.47,26.47,24.0,27.11791666666667,76.17083333333333,2.3662847222222223,,200.88512500000002
2022-03-30,30.47,23.93,85.4,63.89,2723.0,9.438888888888888,71.0,0.0,2.5,2.5,23.13,29.43,26.86,24.0,26.771666666666665,81.42083333333333,1.835196759259259,,166.95320833333332
2022-03-31,32.32,23.31,92.3,62.63,1975.0,18.91111111111111,186.0,10.41,2.5,2.5,22.24,24.7,24.7,24.0,20.538333333333334,84.08666666666666,3.0880324074074075,,41.53095833333333
2022-04-01,24.92,18.08,90.2,71.76,135.1,10.0,130.0,16.26,2.5,2.5,15.46,18.24,18.24,24.0,19.087083333333332,87.375,2.509097222222222,,49.470166666666664
2022-04-02,20.51,17.04,90.8,82.8,150.0,5.75,228.0,20.57,2.5,2.5,17.69,19.52,19.52,24.0,21.192083333333333,88.2,2.214988425925926,,67.337
2022-04-03,24.72,19.04,90.5,78.86,310.6,6.188888888888889,134.0,9.65,2.5,2.5,20.21,21.97,21.97,24.0,24.093333333333334,86.56458333333335,1.275173611111111,,105.00866666666667
2022-04-04,28.26,21.57,90.7,71.3,779.5,3.730555555555555,220.0,2.286,2.5,2.5,22.79,24.51,24.51,24.0,26.12291666666667,84.8875,1.150810185185185,,100.55645833333334
2022-04-05,30.69,23.5,92.9,68.61,675.3,4.0,242.0,1.778,2.5,2.5,21.71,23.74,23.74,24.0,25.048333333333332,83.31875,1.4830671296296296,,81.65691666666667
2022-04-06,27.68,22.97,89.6,73.39,392.5,3.8111111111111113,101.0,0.0,2.5,2.5,22.18,24.54,24.54,24.0,25.38,84.20375,1.5482407407407406,,116.80399999999999
2022-04-07,29.37,23.57,90.4,68.74,1112.0,6.038888888888888,135.0,13.46,2.5,2.5,22.43,24.19,24.19,24.0,25.472083333333334,84.1475,1.488738425925926,,94.56099999999999
2022-04-08,28.7,24.09,90.2,72.0,609.5,5.111111111111111,78.0,0.762,2.5,2.5,21.96,24.48,24.48,24.0,25.045833333333334,82.41541666666667,1.3837037037037037,,102.573
2022-04-09,29.52,23.06,90.1,62.37,827.0,4.961111111111111,93.0,8.89,2.5,2.5,21.33,23.16,23.16,24.0,26.285,80.53041666666667,1.8468402777777777,,191.35512500000002
2022-04-10,33.11,22.73,90.6,57.6,2468.0,7.838888888888889,114.0,0.0,2.5,2.5,23.04,25.76,25.76,24.0,26.481666666666666,80.37125,1.7636921296296295,,153.53120833333332
2022-04-11,30.72,23.05,89.5,61.21,1495.0,5.3805555555555555,111.0,0.0,2.5,2.5,22.88,25.04,25.04,24.0,25.302083333333332,86.055,1.2650231481481482,,62.384875
2022-04-12,28.3,23.34,92.1,72.89,291.7,6.169444444444444,233.0,0.762,2.5,2.5,21.65,23.43,23.43,24.0,24.42,86.58791666666667,1.338287037037037,,65.49570833333333
2022-04-13,27.71,22.39,90.2,76.27,307.3,5.038888888888889,249.0,9.14,2.5,2.5,22.96,24.77,24.77,24.0,25.71625,83.67333333333333,1.5492476851851853,,92.07145833333334
2022-04-14,28.71,23.58,90.4,71.42,565.3,6.538888888888889,115.0,13.72,2.5,2.5,22.3,24.23,24.23,24.0,22.807083333333335,87.6875,2.049988425925926,,40.96541666666666
2022-04-15,24.38,20.91,90.9,77.16,107.3,8.980555555555554,155.0,36.32,2.5,2.5,17.39,21.28,21.28,24.0,22.67125,66.99166666666666,2.158773148148148,,242.76291666666668
2022-04-16,29.58,18.85,89.3,29.6,3327.0,7.988888888888889,99.0,0.0,2.5,2.5,16.14,20.56,20.56,24.0,22.7075,70.32791666666667,2.168310185185185,,226.31333333333336
2022-04-17,29.69,18.2,85.2,42.34,3065.0,7.480555555555555,117.0,0.0,2.5,2.5,17.09,21.75,21.75,24.0,23.25375,71.91333333333334,1.813148148148148,,162.096375
2022-04-18,27.81,19.74,86.2,51.17,1584.0,6.011111111111111,106.0,0.0,2.5,2.5,18.97,22.27,22.27,24.0,22.26,82.44500000000001,1.8139814814814814,,85.02866666666667
2022-04-19,26.23,20.32,88.3,69.56,507.4,5.288888888888889,82.0,4.318,2.5,2.5,18.54,20.69,20.69,24.0,23.03125,77.24125,1.3449189814814815,,179.86083333333332
2022-04-20,29.04,18.74,89.4,56.35,2090.0,4.261111111111111,119.0,0.0,2.5,2.5,19.99,22.79,22.79,24.0,24.174166666666665,76.09291666666667,1.6096759259259261,,218.87779166666667
2022-04-21,29.34,19.96,89.6,53.24,2819.0,5.830555555555555,102.0,0.0,2.5,2.5,19.41,21.55,21.55,24.0,24.283749999999998,78.06291666666667,1.8346990740740738,,190.99683333333334
2022-04-22,28.32,20.22,89.0,63.37,2256.0,7.6499999999999995,75.0,0.762,2.5,2.5,21.69,24.1,24.1,24.0,24.694166666666664,77.21958333333333,1.5388773148148147,,109.816875
2022-04-23,29.5,21.37,88.7,55.57,926.0,9.561111111111112,217.0,5.334,2.5,2.5,19.4,21.52,21.52,24.0,24.203333333333333,76.62041666666667,2.2302546296296293,,156.82358333333335
2022-04-24,32.23,19.12,93.3,46.07,1523.0,7.988888888888889,242.0,12.19,2.5,2.5,20.24,23.83,23.83,24.0,25.020833333333332,77.70375,2.0230439814814813,,172.82908333333333
2022-04-25,28.23,22.27,88.2,64.29,2170.0,7.761111111111111,83.0,0.0,2.5,2.5,21.4,25.24,25.24,24.0,26.102500000000003,79.70291666666667,1.6771180555555556,,155.61249999999998
2022-04-26,29.55,23.59,87.9,64.94,1831.0,7.5,68.0,0.254,2.5,2.5,22.56,25.4,25.4,24.0,25.77916666666667,82.58083333333333,1.3522685185185184,,101.34641666666666
2022-04-27,29.54,22.39,89.4,68.35,640.8,5.7,61.0,0.0,2.5,2.5,23.39,25.77,25.77,24.0,27.357083333333335,82.62208333333334,1.7050462962962962,,169.99670833333332
2022-04-28,32.1,25.13,89.9,64.96,1921.0,6.580555555555556,81.0,0.0,2.5,2.5,23.67,25.61,25.61,24.0,27.70875,80.42999999999999,2.0204976851851852,,185.26166666666666
2022-04-29,33.88,24.77,89.6,60.67,2145.0,13.661111111111111,129.0,0.0,2.5,2.5,20.24,25.34,25.34,24.0,24.303749999999997,74.44583333333334,2.366550925925926,,63.10308333333333
2022-04-30,25.71,21.97,87.6,63.96,288.6,8.530555555555555,121.0,0.0,2.5,2.5,18.72,21.97,21.97,24.0,23.017916666666668,77.61791666666666,1.219699074074074,,47.62166666666667
2022-05-01,24.59,21.81,82.7,70.31,141.9,3.9194444444444443,228.0,0.0,2.5,2.5,19.77,22.86,22.86,24.0,24.55,82.21124999999999,1.6357291666666667,,142.621625
2022-05-02,29.8,21.73,89.2,65.73,1696.0,5.930555555555556,117.0,0.0,2.5,2.5,21.51,23.68,23.68,24.0,22.599166666666665,89.17083333333333,2.2199074074074074,,26.98029166666667
2022-05-03,23.77,21.29,91.3,85.0,49.22,7.45,146.0,20.83,2.5,2.5,19.86,21.34,21.34,24.0,21.134583333333335,90.03333333333335,3.3944097222222225,,19.263666666666666
2022-05-04,22.11,20.33,91.6,86.8,23.74,9.769444444444444,229.0,56.64,2.5,2.5,19.06,20.62,20.62,24.0,20.58458333333333,87.89708333333334,3.243912037037037,,32.48191666666667
2022-05-05,22.67,18.77,91.5,73.05,91.7,12.21111111111111,275.0,70.87,2.5,2.5,18.64,20.47,20.47,24.0,23.106666666666666,76.31416666666667,2.6281018518518517,,180.13779166666666
2022-05-06,30.02,20.14,89.5,48.25,2151.0,7.519444444444444,210.0,0.254,2.5,2.5,17.55,20.68,20.68,24.0,22.680833333333336,70.33958333333334,1.3996064814814815,,180.827
2022-05-07,26.63,20.23,83.4,53.3,2144.0,5.088888888888889,107.0,0.0,2.5,2.5,17.98,20.99,20.99,24.0,22.307916666666667,74.93458333333334,1.7043634259259257,,120.62933333333332
2022-05-08,26.36,19.03,85.5,55.33,1129.0,5.680555555555555,106.0,0.0,2.5,2.5,17.86,20.96,20.96,24.0,22.230416666666667,76.05166666666666,1.5223148148148147,,174.485625
2022-05-09,27.32,18.32,88.2,47.66,2027.0,5.8805555555555555,120.0,0.0,2.5,2.5,17.15,19.32,19.32,24.0,22.19125,81.82166666666667,1.3340162037037038,,86.67491666666666
2022-05-10,26.29,19.37,89.6,63.39,575.8,4.530555555555555,250.0,0.0,2.5,2.5,20.1,22.37,22.37,24.0,23.852083333333336,81.61333333333333,1.5576736111111111,,143.81529166666667
2022-05-11,28.04,21.47,90.0,64.64,1495.0,6.511111111111111,63.0,6.35,2.5,2.5,20.64,22.52,22.52,24.0,23.897499999999997,83.03833333333334,1.3734606481481482,,115.43783333333333
2022-05-12,30.52,21.24,90.0,59.28,1188.0,7.819444444444444,133.0,0.0,2.5,2.5,19.38,21.45,21.45,24.0,22.18166666666667,74.91208333333334,1.9675925925925926,,142.80745833333336
2022-05-13,26.26,18.8,89.2,52.31,1357.0,5.261111111111111,73.0,0.0,2.5,2.5,17.65,21.59,21.59,24.0,22.711250000000003,74.26166666666667,1.5254976851851854,,133.49075
2022-05-14,26.1,20.59,83.5,57.99,1390.0,5.730555555555555,95.0,0.0,2.5,2.5,18.61,22.0,22.0,24.0,23.29125,79.15083333333332,1.611261574074074,,152.124875
2022-05-15,26.71,21.22,86.4,67.86,1550.0,6.96111111111111,66.0,0.0,2.5,2.5,20.28,22.83,22.83,24.0,24.712500000000002,75.27041666666666,2.0088541666666666,,139.27041666666668
2022-05-16,30.61,21.47,88.3,50.75,1453.0,9.130555555555555,231.0,0.0,2.5,2.5,19.37,21.59,21.59,24.0,22.57541666666667,67.59208333333333,2.4002546296296297,,145.44395833333334
2022-05-17,27.91,18.99,88.1,39.79,1563.0,10.549999999999999,250.0,0.0,2.5,2.5,8.89,19.06,19.06,24.0,18.671666666666667,48.07541666666666,6.0019791666666675,,190.46095833333334
2022-05-18,22.71,14.72,58.2,33.55,2240.0,15.119444444444444,269.0,0.0,2.5,2.5,5.944,17.15,17.15,24.0,20.185416666666665,51.2225,7.269328703703704,,149.761
2022-05-19,23.99,16.04,62.32,43.03,1470.0,14.96111111111111,251.0,0.0,2.5,2.5,11.62,19.94,19.94,24.0,20.42625,56.348333333333336,4.328159722222222,,185.53691666666666
2022-05-20,25.45,15.42,80.8,40.85,2115.0,10.819444444444445,238.0,0.0,2.5,2.5,12.39,15.66,15.66,24.0,18.10375,69.12208333333334,1.5597800925925924,,183.54904166666665
2022-05-21,24.51,12.8,85.9,42.05,2070.0,6.111111111111111,67.0,0.0,2.5,2.5,12.4,15.28,15.28,24.0,18.4675,74.96208333333333,1.7310648148148147,,178.965375
2022-05-22,25.13,13.94,87.0,47.29,1979.0,5.911111111111111,76.0,0.0,2.5,2.5,14.14,16.3,16.3,24.0,19.312083333333334,78.51291666666667,1.5015162037037035,,176.02395833333333
2022-05-23,25.29,14.27,87.8,57.99,1918.0,6.580555555555556,70.0,0.0,2.5,2.5,17.33,19.69,19.69,24.0,20.7575,81.92041666666667,1.1548263888888888,,107.02570833333334
2022-05-24,25.86,17.11,89.1,66.37,745.3,4.580555555555555,81.0,0.0,2.5,2.5,16.99,18.88,18.88,24.0,21.436666666666667,81.42625,1.5459837962962961,,154.362625
2022-05-25,26.53,17.39,90.1,62.25,1578.0,6.319444444444445,82.0,0.0,2.5,2.5,18.82,20.85,20.85,24.0,22.395,81.34125,1.2506828703703703,,116.46304166666668
2022-05-26,25.94,20.35,88.1,66.44,982.0,5.230555555555555,85.0,0.0,2.5,2.5,19.29,21.53,21.53,24.0,23.415000000000003,79.25083333333333,1.5272337962962963,,158.32483333333334
2022-05-27,28.71,20.67,89.6,56.95,1653.0,4.1,222.0,0.0,2.5,2.5,19.03,20.78,20.78,24.0,22.493750000000002,84.02458333333333,1.4758564814814814,,125.41841666666666
2022-05-28,26.34,20.42,89.8,69.61,1119.0,5.138888888888888,101.0,0.0,2.5,2.5,19.03,21.02,21.02,24.0,23.87125,80.00750000000001,1.3612037037037037,,119.37479166666667
2022-05-29,29.73,20.9,89.2,56.22,1031.0,6.05,211.0,0.0,2.5,2.5,20.2,22.53,22.53,24.0,22.09166666666667,84.38083333333333,1.7592939814814814,,79.47966666666666
2022-05-30,26.5,19.58,90.7,66.62,531.2,10.238888888888889,221.0,38.61,2.5,2.5,18.06,19.62,19.62,24.0,19.86375,88.7375,2.2217939814814813,,31.4295
2022-05-31,21.67,18.63,90.8,83.4,79.76,7.319444444444445,125.0,10.67,2.5,2.5,16.03,18.81,18.81,24.0,17.7275,82.27916666666667,1.7250810185185184,,17.191416666666665
2022-06-01,18.92,16.24,89.0,73.3,19.6,5.388888888888888,122.0,0.762,2.5,2.5,14.27,16.34,16.34,24.0,16.513333333333332,87.825,1.784826388888889,,24.105583333333332
2022-06-02,18.23,15.13,89.8,82.4,46.23,5.038888888888889,223.0,24.89,2.5,2.5,15.19,17.0,17.0,24.0,17.857499999999998,89.40416666666665,1.5357060185185185,,23.538583333333335
2022-06-03,19.39,16.76,90.4,87.1,38.09,3.9805555555555556,115.0,39.88,2.5,2.5,15.65,17.4,17.4,24.0,18.202083333333334,80.94208333333334,1.2778472222222221,,60.23045833333333
2022-06-04,20.29,16.24,89.9,67.65,222.8,4.969444444444444,252.0,1.016,2.5,2.5,15.02,17.5,17.5,24.0,18.6225,81.23916666666666,1.4451273148148147,,69.80166666666666
2022-06-05,22.02,16.3,89.5,68.32,317.9,4.25,228.0,0.0,2.5,2.5,16.91,18.82,18.82,24.0,20.237083333333334,86.99624999999999,1.5921412037037037,,68.97316666666667
2022-06-06,23.71,18.27,90.2,74.3,357.6,6.261111111111111,56.0,2.794,2.5,2.5,18.77,20.6,20.6,24.0,21.4325,86.57375,1.261284722222222,,73.742375
2022-06-07,24.1,19.89,90.4,74.7,369.4,8.2,240.0,17.02,2.5,2.5,19.21,20.84,20.84,24.0,20.61583333333333,89.7,1.3100231481481481,,19.870583333333332
2022-06-08,21.37,19.98,90.6,88.0,26.34,4.819444444444445,149.0,19.3,2.5,2.5,18.5,20.25,20.25,24.0,20.835,87.66666666666667,1.5543055555555556,,36.161541666666665
2022-06-09,22.71,20.04,89.7,81.1,85.3,4.319444444444445,227.0,1.524,2.5,2.5,18.6,20.41,20.41,24.0,20.8525,87.89999999999999,1.910613425925926,,38.3725
2022-06-10,22.64,19.9,91.4,80.5,99.2,4.55,139.0,16.76,2.5,2.5,19.15,20.7,20.7,24.0,21.647916666666664,82.63583333333334,1.8245833333333332,,90.48183333333333
2022-06-11,27.1,18.99,91.1,59.72,516.7,9.6,113.0,0.0,2.5,2.5,16.32,19.23,19.23,24.0,18.020416666666666,64.26708333333333,2.610787037037037,,148.44483333333332
2022-06-12,23.75,13.74,89.0,31.12,1425.0,8.75,221.0,0.0,2.5,2.5,8.09,15.36,15.36,24.0,17.140833333333333,51.78541666666666,3.3685185185185182,,173.18449999999999
2022-06-13,24.09,11.07,82.7,29.36,1900.0,10.519444444444444,216.0,0.0,2.5,2.5,10.43,13.29,13.29,24.0,17.63083333333333,66.0225,1.6788425925925925,,165.77970833333333
2022-06-14,24.66,12.74,85.2,40.79,1731.0,4.9,75.0,0.0,2.5,2.5,13.43,16.79,16.79,24.0,18.472083333333334,78.39791666666666,1.0915046296296296,,80.37833333333334
2022-06-15,23.49,13.97,86.9,63.31,463.1,3.6305555555555555,210.0,0.0,2.5,2.5,16.78,19.0,19.0,24.0,20.187916666666666,79.08833333333332,1.338611111111111,,128.74545833333335
2022-06-16,24.61,16.18,88.1,56.61,1194.0,5.1611111111111105,62.0,0.0,2.5,2.5,15.94,17.96,17.96,24.0,19.442083333333333,84.71791666666667,1.6026388888888887,,134.34716666666665
2022-06-17,23.99,16.06,90.9,70.32,1282.0,6.338888888888889,85.0,0.0,2.5,2.5,18.1,20.81,20.81,24.0,22.352083333333336,80.91166666666668,2.1094328703703704,,109.07858333333333
2022-06-18,26.93,19.9,88.5,60.49,1013.0,11.861111111111112,216.0,0.254,2.5,2.5,19.34,21.31,21.31,24.0,20.34,72.61874999999999,2.2149305555555556,,164.68958333333333
2022-06-19,24.34,16.46,88.8,43.93,1722.0,6.188888888888889,119.0,0.0,2.5,2.5,14.09,16.76,16.76,24.0,18.39875,77.115,1.7088541666666666,,100.31820833333335
2022-06-20,22.05,16.11,86.0,63.21,796.7,6.138888888888889,70.0,0.0,2.5,2.5,14.92,17.28,17.28,24.0,19.05333333333333,79.55749999999999,1.539537037037037,,119.55379166666667
2022-06-21,25.01,15.42,88.1,57.52,996.0,4.519444444444444,86.0,0.0,2.5,2.5,16.15,18.28,18.28,24.0,20.10625,84.99875,1.739826388888889,,80.9555
2022-06-22,23.27,16.99,89.0,72.73,564.8,6.65,79.0,0.0,2.5,2.5,18.4,20.62,20.62,24.0,22.207083333333333,79.37916666666666,1.8725925925925926,,137.83254166666666
2022-06-23,26.37,19.32,87.9,67.41,1299.0,6.780555555555555,85.0,0.0,2.5,2.5,17.36,20.16,20.16,24.0,22.219583333333333,81.12625,1.4559837962962963,,127.23887500000001
2022-06-24,28.74,18.16,88.9,61.76,1091.0,5.71111111111111,135.0,0.0,2.5,2.5,17.77,20.47,20.47,24.0,21.772916666666664,82.42125,1.986157407407407,,125.08608333333335
2022-06-25,24.77,20.04,88.4,71.28,1019.0,6.361111111111111,100.0,0.0,2.5,2.5,18.68,20.92,20.92,24.0,20.739166666666666,83.015,1.9623842592592593,,23.8245
2022-06-26,21.83,19.01,89.7,75.99,38.18,5.919444444444444,128.0,0.0,2.5,2.5,14.98,19.12,19.12,24.0,19.18,74.95,1.4824768518518516,,70.53016666666666
2022-06-27,21.7,17.45,87.9,62.89,329.9,4.211111111111111,118.0,0.254,2.5,2.5,15.6,17.67,17.67,24.0,19.450833333333332,81.76458333333333,1.615636574074074,,109.85745833333334
2022-06-28,23.13,17.51,88.2,69.69,814.0,6.580555555555556,76.0,0.0,2.5,2.5,17.04,19.62,19.62,24.0,20.754583333333333,79.12291666666667,1.6868402777777778,,159.55616666666666
2022-06-29,24.88,17.57,87.9,57.81,1606.0,7.211111111111111,78.0,0.0,2.5,2.5,17.12,19.23,19.23,24.0,21.535,69.63916666666667,3.1548032407407405,,152.52575
2022-06-30,27.8,16.05,89.3,44.41,1548.0,9.619444444444445,196.0,0.0,2.5,2.5,11.75,16.09,16.09,24.0,17.445833333333333,77.13875,1.710775462962963,,163.323875
2022-07-01,22.2,13.08,86.5,59.72,1687.0,6.380555555555555,74.0,0.0,2.5,2.5,14.92,17.8,17.8,24.0,19.58125,80.08749999999999,1.8479050925925924,,65.48287499999999
2022-07-02,22.53,17.18,85.8,68.56,343.0,6.15,82.0,0.0,2.5,2.5,17.85,20.7,20.7,24.0,20.50875,82.39791666666666,1.3912731481481482,,105.598
2022-07-03,24.7,17.54,90.3,66.41,886.0,4.469444444444444,228.0,0.0,2.5,2.5,16.72,18.62,18.62,24.0,20.138749999999998,84.80916666666667,1.8546064814814816,,148.67083333333332
2022-07-04,25.22,16.15,90.2,72.82,1429.0,8.169444444444444,126.0,0.0,2.5,2.5,18.18,19.84,19.84,24.0,20.835,86.60625,1.6497106481481483,,106.40091666666666
2022-07-05,23.93,19.66,90.9,77.0,905.0,5.111111111111111,60.0,0.0,2.5,2.5,18.71,20.29,20.29,24.0,22.390416666666667,82.95583333333333,1.3129166666666665,,134.99508333333333
2022-07-06,30.41,18.8,90.9,47.63,1313.0,5.1,92.0,0.0,2.5,2.5,18.5,20.54,20.54,24.0,22.258750000000003,80.11083333333333,1.0975,,119.7675
2022-07-07,28.1,18.37,90.5,55.52,908.0,3.488888888888889,74.0,0.0,2.5,2.5,17.25,19.48,19.48,24.0,22.447916666666668,78.715,1.3612847222222222,,151.98658333333333
2022-07-08,30.31,18.03,89.5,51.7,1551.0,4.961111111111111,53.0,0.0,2.5,2.5,18.13,20.31,20.31,24.0,21.467083333333335,82.23083333333334,1.7521180555555553,,114.78583333333334
2022-07-09,24.67,18.28,89.6,69.01,889.0,8.399999999999999,115.0,0.0,2.5,2.5,18.38,21.37,21.37,24.0,22.270416666666666,79.74458333333332,1.5483680555555557,,138.461875
2022-07-10,26.4,19.76,87.5,63.04,1314.0,5.111111111111111,79.0,0.0,2.5,2.5,18.44,21.02,21.02,24.0,22.333333333333332,80.15625,1.539525462962963,,124.66379166666667
2022-07-11,25.91,20.14,88.4,63.79,1074.0,6.1194444444444445,97.0,0.0,2.5,2.5,18.16,20.14,20.14,24.0,21.938333333333333,84.42791666666666,1.3996296296296296,,111.2405
2022-07-12,26.74,19.45,90.8,67.83,947.0,4.361111111111111,104.0,0.0,2.5,2.5,19.58,21.89,21.89,24.0,22.778750000000002,74.45875,3.2744328703703705,,113.159125
2022-07-13,29.67,18.74,87.1,53.73,1107.0,10.511111111111111,202.0,0.0,2.5,2.5,15.23,18.88,18.88,24.0,17.920416666666668,84.06708333333333,2.4651157407407407,,22.41433333333333
2022-07-14,18.92,16.44,89.3,77.3,37.46,6.1611111111111105,118.0,0.762,2.5,2.5,15.35,18.0,18.0,24.0,19.37,88.09166666666665,1.768136574074074,,46.628125000000004
2022-07-15,22.1,16.67,90.5,83.7,173.2,5.838888888888889,99.0,11.43,2.5,2.5,19.24,20.9,20.9,24.0,21.66541666666667,87.69916666666667,1.4267939814814816,,86.4115
2022-07-16,24.2,20.21,90.7,78.39,563.4,5.319444444444444,86.0,0.254,2.5,2.5,18.72,20.36,20.36,24.0,23.47375,78.41875,1.716238425925926,,90.351875
2022-07-17,31.22,18.8,91.2,49.41,607.8,6.830555555555556,316.0,0.0,2.5,2.5,20.45,31.2,29.15,24.0,22.89375,65.24249999999999,4.2332523148148145,,65.45812500000001
2022-07-18,31.26,17.5,84.2,50.38,300.1,10.819444444444445,202.0,0.0,2.5,2.5,14.85,17.66,17.66,24.0,19.140416666666667,81.55375,1.3799884259259259,,43.70608333333333
2022-07-19,21.22,17.43,87.5,72.96,135.0,3.6694444444444447,108.0,0.0,2.5,2.5,16.3,18.88,18.88,24.0,20.517500000000002,80.61791666666666,2.453553240740741,,139.60470833333332
2022-07-20,25.29,18.14,89.6,67.38,1444.0,7.611111111111111,96.0,0.254,2.5,2.5,16.39,19.97,19.97,24.0,21.2225,77.26958333333333,1.664537037037037,,159.03725
2022-07-21,26.19,17.83,87.3,57.46,1698.0,5.138888888888888,65.0,0.0,2.5,2.5,17.91,21.4,21.4,24.0,22.273750000000003,80.10458333333334,1.327060185185185,,123.78279166666668
2022-07-22,26.04,19.92,89.1,65.59,1100.0,4.319444444444445,106.0,0.0,2.5,2.5,18.39,20.26,20.26,24.0,21.712500000000002,86.47375,1.6645023148148148,,159.57829166666667
2022-07-23,26.94,19.26,91.5,70.7,1672.0,4.738888888888888,68.0,0.0,2.5,2.5,19.12,20.54,20.54,24.0,21.1025,89.35416666666667,1.4315162037037037,,41.75591666666667
2022-07-24,22.99,20.18,91.8,83.8,124.5,4.7,114.0,0.0,2.5,2.5,18.94,20.78,20.78,24.0,21.825416666666666,84.82416666666667,1.4369560185185184,,110.05225
2022-07-25,25.02,19.62,90.3,71.55,930.0,4.45,55.0,0.0,2.5,2.5,18.55,20.5,20.5,24.0,21.150833333333335,86.41250000000001,0.9860300925925926,,35.823125
2022-07-26,22.29,19.86,90.2,81.1,79.27,3.530555555555556,224.0,0.0,2.5,2.5,18.26,21.15,21.15,24.0,22.205833333333334,77.31583333333333,1.4159953703703705,,150.59829166666665
2022-07-27,26.89,18.98,88.3,58.01,1609.0,5.019444444444445,78.0,0.0,2.5,2.5,18.04,20.13,20.13,24.0,21.889166666666668,78.86916666666667,1.429837962962963,,141.90991666666667
2022-07-28,26.59,19.23,88.4,56.8,1401.0,5.461111111111111,75.0,0.0,2.5,2.5,17.94,19.91,19.91,24.0,23.69666666666667,77.07875,1.6793518518518518,,153.02670833333335
2022-07-29,31.66,19.05,90.5,47.57,1596.0,5.230555555555555,314.0,0.0,2.5,2.5,17.82,29.2,28.41,24.0,22.782083333333333,53.906666666666666,4.160925925925926,,183.94333333333336
2022-07-30,28.53,16.56,84.7,32.46,2199.0,15.911111111111111,159.0,0.762,2.5,2.5,10.83,17.51,17.51,24.0,18.003333333333334,64.35041666666667,1.942824074074074,,193.00470833333335
2022-07-31,22.52,13.58,82.0,44.3,2248.0,7.480555555555555,76.0,0.0,2.5,2.5,13.45,16.95,16.95,24.0,18.36583333333333,74.89208333333333,1.765775462962963,,154.81116666666665
2022-08-01,22.94,14.37,86.5,56.71,1709.0,6.319444444444445,69.0,0.0,2.5,2.5,14.09,16.75,16.75,24.0,19.47041666666667,78.94333333333333,1.7148263888888888,,175.44491666666667
2022-08-02,24.79,14.45,88.6,60.17,1877.0,6.2,66.0,0.0,2.5,2.5,17.02,18.94,18.94,24.0,20.534166666666668,83.92583333333333,1.5661342592592593,,55.099250000000005
2022-08-03,22.95,18.21,89.9,75.04,185.6,4.011111111111111,84.0,0.0,2.5,2.5,18.29,21.19,21.19,24.0,22.40833333333333,80.02875,1.3361805555555557,,73.80429166666666
2022-08-04,26.1,20.37,87.1,62.76,372.1,5.811111111111112,87.0,0.0,2.5,2.5,19.33,22.09,22.09,24.0,23.106666666666666,81.17208333333333,1.4873379629629628,,147.05345833333334
2022-08-05,26.74,20.14,86.2,69.19,1542.0,5.6194444444444445,339.0,0.0,2.5,2.5,19.91,24.88,24.88,24.0,24.034583333333334,65.27083333333333,3.9587268518518517,,190.34116666666668
2022-08-06,29.49,19.41,81.3,40.69,2164.0,11.319444444444445,308.0,0.0,2.5,2.5,16.12,19.46,19.46,24.0,18.791666666666668,82.16583333333334,2.8587037037037035,,23.660041666666668
2022-08-07,20.29,16.83,90.2,71.81,45.33,6.661111111111111,110.0,9.14,2.5,2.5,15.54,17.19,17.19,24.0,18.284166666666668,89.79166666666667,2.104351851851852,,26.630166666666668
2022-08-08,19.75,16.81,91.2,87.0,50.39,9.249999999999998,229.0,0.0,2.5,2.5,17.46,18.96,18.96,23.0,20.00130434782609,87.82173913043479,2.003719806763285,,37.86234782608695
2022-08-09,21.9,18.78,91.2,78.27,131.8,5.961111111111111,129.0,0.0,2.5,2.5,18.16,19.77,19.77,24.0,20.2025,89.86666666666666,2.953067129629629,,27.284041666666667
2022-08-10,20.92,19.58,91.6,86.5,47.77,8.11111111111111,126.0,0.0,2.5,2.5,18.08,19.59,19.59,24.0,17.647916666666667,88.40833333333335,6.5262615740740735,,16.04520833333333
2022-08-11,19.71,15.88,91.4,81.7,19.84,21.019444444444446,164.0,0.0,2.5,2.5,13.8,16.48,16.48,24.0,18.409166666666668,78.63,2.540011574074074,,130.73945833333332
2022-08-12,22.94,14.46,89.9,53.84,1146.0,7.761111111111111,222.0,0.0,2.5,2.5,16.52,18.25,18.25,24.0,20.015833333333333,79.49458333333334,1.9019560185185185,,110.69179166666667
2022-08-13,23.29,18.03,89.9,63.75,803.0,7.261111111111111,72.0,0.0,2.5,2.5,16.69,19.25,19.25,24.0,20.865833333333335,81.28958333333334,1.977048611111111,,139.96170833333335
2022-08-14,25.91,17.86,88.5,62.46,1510.0,8.25,79.0,0.0,2.5,2.5,17.87,19.98,19.98,24.0,21.825416666666666,80.39833333333333,1.8324537037037036,,182.90454166666666
2022-08-15,25.7,19.35,89.1,61.04,2172.0,7.080555555555555,84.0,0.0,2.5,2.5,17.57,19.49,19.49,24.0,21.79875,84.88833333333334,1.465613425925926,,155.02391666666668
2022-08-16,25.75,18.91,93.2,74.84,1685.0,6.4111111111111105,92.0,0.0,2.5,2.5,19.45,21.39,21.39,24.0,21.847916666666666,84.99041666666666,2.1314930555555556,,32.807833333333335
2022-08-17,24.75,19.61,90.0,74.57,94.1,9.730555555555556,224.0,0.0,2.5,2.5,17.71,20.1,20.1,24.0,21.9375,82.76291666666667,1.6011805555555556,,103.22379166666667
2022-08-18,28.11,19.27,90.1,60.36,1031.0,7.01111111111111,10.0,0.0,2.5,2.5,19.82,21.51,21.51,24.0,20.444583333333334,87.55333333333334,2.674525462962963,,37.646125
2022-08-19,23.07,15.54,91.2,77.6,123.0,11.588888888888889,204.0,0.0,2.5,2.5,12.93,15.94,15.94,24.0,15.927916666666667,60.13791666666666,3.5606597222222223,,232.50825
2022-08-20,21.11,11.05,85.8,27.84,3113.0,10.950000000000001,222.0,0.0,2.5,2.5,6.895,11.23,11.23,24.0,15.496666666666668,72.32541666666667,1.4481828703703703,,134.17908333333335
2022-08-21,21.42,10.8,84.3,53.38,1134.0,4.661111111111111,193.0,0.0,2.5,-5.18,12.41,15.14,15.14,24.0,18.340416666666666,76.11416666666666,1.323449074074074,,90.13216666666666
2022-08-22,22.63,14.5,85.9,61.24,490.6,3.6694444444444447,79.0,0.0,2.5,2.5,15.34,18.82,18.82,24.0,19.927916666666665,80.68916666666667,1.4283680555555556,,90.63845833333333
2022-08-23,23.45,17.95,88.7,67.04,652.4,7.561111111111111,80.0,0.0,2.5,2.5,17.61,19.57,19.57,24.0,20.9675,82.31291666666667,1.865925925925926,,164.74687500000002
2022-08-24,25.17,18.6,89.9,61.76,1978.0,6.949999999999999,128.0,0.0,2.5,2.5,17.93,20.01,20.01,24.0,21.822083333333335,80.12583333333333,2.0158449074074074,,200.76700000000002
2022-08-25,26.1,19.26,88.9,62.36,2623.0,7.911111111111111,88.0,0.0,2.5,2.5,18.2,20.34,20.34,24.0,22.632500000000004,81.44208333333333,1.623425925925926,,163.20804166666667
2022-08-26,27.2,19.47,90.5,61.87,1683.0,6.388888888888888,80.0,0.0,2.5,2.5,18.98,21.14,21.14,24.0,22.297083333333333,80.79375,1.6624999999999999,,160.75616666666667
2022-08-27,26.9,18.0,90.4,63.61,1636.0,5.569444444444445,63.0,0.0,2.5,2.5,18.97,21.33,21.33,24.0,22.760833333333334,82.36166666666666,1.3673726851851853,,132.196125
2022-08-28,27.21,19.9,89.2,66.97,1232.0,5.730555555555555,75.0,0.0,2.5,2.5,19.86,21.99,21.99,24.0,21.38,80.95,3.1808333333333336,,150.775125
2022-08-29,28.85,15.01,91.1,57.48,1750.0,9.938888888888888,122.0,0.0,2.5,2.5,13.05,15.09,15.09,24.0,17.24833333333333,62.939166666666665,2.177465277777778,,242.93574999999998
2022-08-30,21.19,14.69,87.8,35.63,3366.0,6.6305555555555555,94.0,0.0,2.5,2.5,12.63,16.5,16.5,24.0,17.37875,76.26416666666667,1.5715509259259257,,85.091375
2022-08-31,21.59,14.77,86.8,64.16,454.9,4.230555555555555,89.0,0.0,2.5,2.5,15.18,17.41,17.41,24.0,19.378333333333334,77.97333333333333,2.0366898148148147,,136.76591666666667
2022-09-01,23.71,15.67,89.0,60.44,1223.0,6.638888888888888,67.0,0.0,2.5,2.5,16.72,19.64,19.64,24.0,21.2075,74.64,2.2288310185185183,,213.99458333333334
2022-09-02,25.4,16.72,86.1,55.55,2754.0,9.249999999999998,74.0,0.0,2.5,2.5,16.98,19.36,19.36,24.0,21.583333333333332,81.82625,1.5196296296296297,,72.69170833333332
2022-09-03,26.6,17.25,89.4,63.5,447.5,8.488888888888889,197.0,0.0,2.5,2.5,18.45,20.23,20.23,24.0,18.069583333333334,84.70083333333334,2.6435069444444443,,40.038916666666665
2022-09-04,20.2,16.2,89.5,73.8,140.4,9.680555555555555,97.0,0.0,2.5,2.5,14.22,16.36,16.36,24.0,18.777083333333334,64.8025,1.8090046296296294,,256.402375
2022-09-05,23.26,15.57,87.3,36.38,3650.0,6.019444444444445,112.0,0.0,2.5,2.5,12.38,16.32,16.32,24.0,19.536666666666665,74.22333333333333,1.9604398148148148,,160.37829166666668
2022-09-06,24.74,16.32,87.0,51.2,1806.0,5.969444444444444,111.0,0.0,2.5,2.5,16.54,19.22,19.22,24.0,19.8,85.66791666666667,1.6383912037037038,,35.31154166666666
2022-09-07,22.25,17.95,89.5,76.07,79.21,6.6000000000000005,79.0,0.0,2.5,2.5,17.13,19.66,19.66,24.0,21.252083333333335,85.49874999999999,1.689537037037037,,85.31766666666667
2022-09-08,25.56,19.36,89.9,70.1,598.6,6.969444444444444,79.0,0.0,2.5,2.5,18.44,20.17,20.17,24.0,22.178749999999997,83.90124999999999,1.3478472222222224,,184.02487499999998
2022-09-09,27.01,19.13,90.8,66.39,2133.0,4.480555555555555,76.0,0.0,2.5,2.5,19.13,21.23,21.23,24.0,24.495416666666667,80.49291666666666,1.7263425925925926,,181.72462499999997
2022-09-10,30.97,20.02,90.5,63.27,2139.0,6.15,225.0,0.0,2.5,2.5,22.49,26.04,26.04,24.0,19.959166666666665,83.37625,3.3064004629629626,,25.751
2022-09-11,28.95,17.27,89.1,63.9,41.78,9.580555555555556,116.0,0.0,2.5,2.5,13.87,18.6,18.6,24.0,18.270416666666666,77.30375,2.0447685185185187,,30.600166666666667
2022-09-12,19.37,16.89,86.9,64.47,56.29,5.511111111111111,114.0,0.0,2.5,2.5,14.74,17.17,17.17,24.0,17.445,89.35416666666667,1.8081597222222223,,18.567958333333333
2022-09-13,18.8,16.3,90.5,85.5,41.22,11.569444444444445,251.0,0.0,2.5,2.5,15.9,17.6,17.6,24.0,21.592916666666667,79.8325,2.061261574074074,,230.99204166666667
2022-09-14,29.05,17.23,89.9,60.57,3231.0,8.55,120.0,0.0,2.5,2.5,17.66,20.71,20.71,24.0,19.7375,83.92999999999999,1.8530787037037035,,31.154833333333332
2022-09-15,21.64,18.27,89.2,75.09,63.8,5.288888888888889,340.0,0.0,2.5,2.5,16.22,18.27,18.27,24.0,19.818749999999998,83.19,1.496226851851852,,73.11095833333333
2022-09-16,24.45,17.86,90.9,62.61,494.1,5.6,116.0,0.0,2.5,2.5,17.2,19.6,19.6,24.0,20.462083333333336,78.91791666666667,3.2231134259259258,,185.15966666666668
2022-09-17,24.31,18.29,88.5,59.02,2666.0,9.069444444444445,111.0,0.0,2.5,2.5,16.26,19.19,19.19,24.0,20.024583333333332,75.93916666666667,2.157395833333333,,233.17216666666664
2022-09-18,25.01,16.42,87.3,53.53,3638.0,9.2,87.0,0.0,2.5,2.5,15.71,18.02,18.02,24.0,20.48,76.81541666666666,2.088483796296296,,166.731875
2022-09-19,24.76,17.64,88.3,59.52,2000.0,9.461111111111112,67.0,0.0,2.5,2.5,16.37,20.42,20.42,24.0,20.938750000000002,78.9375,1.7141782407407407,,134.51783333333333
2022-09-20,24.5,17.96,87.4,63.37,1252.0,5.819444444444444,100.0,0.0,2.5,2.5,18.13,20.63,20.63,24.0,23.5625,75.04,2.7766550925925926,,273.700625
2022-09-21,31.65,20.19,88.1,47.09,4057.0,12.03888888888889,117.0,0.0,2.5,2.5,16.9,21.67,21.67,24.0,21.580416666666665,76.26875,2.0323842592592594,,97.50458333333334
2022-09-22,24.47,19.06,87.9,63.05,694.7,5.911111111111111,74.0,0.0,2.5,2.5,17.02,19.19,19.19,24.0,22.234166666666667,77.635,2.359965277777778,,242.31941666666668
2022-09-23,28.33,18.63,92.4,46.63,3559.0,9.338888888888889,178.0,0.0,2.5,2.5,13.05,21.09,21.09,24.0,21.236666666666668,51.17625,5.688935185185184,,293.776
2022-09-24,27.08,16.76,78.3,30.11,4593.0,14.280555555555555,260.0,0.0,2.5,2.5,12.76,16.76,16.76,24.0,19.635833333333334,65.82333333333334,2.360162037037037,,245.88075
2022-09-25,25.51,14.23,82.0,46.33,3667.0,7.161111111111111,89.0,0.0,2.5,2.5,14.54,17.63,17.63,24.0,17.95,82.26791666666666,1.5133101851851851,,33.9135
2022-09-26,19.54,16.32,88.4,76.93,65.66,5.769444444444444,240.0,0.0,2.5,2.5,14.91,16.84,16.84,24.0,20.02208333333333,82.15916666666666,1.7247800925925925,,73.84029166666667
2022-09-27,23.31,16.48,90.8,69.98,299.8,10.96111111111111,232.0,0.0,2.5,2.5,17.55,19.08,19.08,24.0,22.85291666666667,77.48791666666666,1.8712152777777777,,151.20041666666665
2022-09-28,28.75,18.33,92.0,60.68,1571.0,6.138888888888889,105.0,0.0,2.5,2.5,18.41,22.1,22.1,24.0,21.5775,73.91458333333334,2.6442361111111112,,70.681375
2022-09-29,23.52,19.73,81.7,61.15,289.5,9.480555555555556,138.0,0.0,2.5,2.5,16.48,19.86,19.86,24.0,19.979166666666668,77.22208333333333,2.254259259259259,,75.16829166666666
2022-09-30,22.37,18.14,86.4,61.56,335.5,7.799999999999999,116.0,0.0,2.5,2.5,15.86,18.16,18.16,24.0,19.65375,83.87458333333333,1.5931828703703703,,82.91691666666667
2022-10-01,22.54,17.54,89.3,67.84,448.5,5.788888888888889,84.0,0.0,2.5,2.5,17.33,19.14,19.14,24.0,21.839166666666667,83.21875,1.8322337962962962,,171.32033333333334
2022-10-02,26.83,19.12,90.3,63.11,1901.0,5.330555555555556,76.0,0.0,2.5,2.5,19.12,20.98,20.98,24.0,22.68541666666667,77.18666666666667,2.7902430555555555,,185.30783333333332
2022-10-03,26.5,20.66,89.3,60.81,2038.0,7.588888888888889,81.0,0.0,2.5,2.5,18.1,21.45,21.45,24.0,22.32166666666667,75.22583333333334,1.773020833333333,,118.49366666666667
2022-10-04,26.23,20.38,85.0,53.59,886.0,5.638888888888889,92.0,0.0,2.5,2.5,17.11,20.86,20.86,24.0,20.712500000000002,75.08041666666666,1.9837268518518518,,83.57370833333333
2022-10-05,22.96,19.01,87.1,61.41,443.4,5.461111111111111,112.0,0.0,2.5,2.5,16.74,19.18,19.18,24.0,20.534166666666668,83.36749999999999,1.665011574074074,,86.25887499999999
2022-10-06,23.41,18.23,89.1,70.47,606.2,5.1499999999999995,78.0,0.0,2.5,2.5,18.78,20.71,20.71,24.0,22.0675,87.24166666666667,1.6699768518518516,,25.10954166666667
2022-10-07,23.62,20.36,89.9,78.57,38.4,7.119444444444444,9.0,0.0,2.5,2.5,20.3,22.23,22.23,24.0,25.05541666666667,68.82416666666667,3.078923611111111,,202.49191666666664
2022-10-08,31.12,19.75,89.8,37.67,2512.0,11.4,236.0,0.0,2.5,2.5,17.62,20.18,20.18,24.0,22.93375,68.68291666666666,2.711828703703704,,308.34679166666666
2022-10-09,28.06,16.34,85.4,45.45,4919.0,9.8,76.0,0.0,2.5,2.5,19.14,22.31,22.31,24.0,22.35625,76.39333333333333,3.883472222222222,,200.46654166666667
2022-10-10,27.52,19.23,86.4,62.36,2780.0,10.83888888888889,120.0,0.0,2.5,2.5,14.69,19.34,19.34,24.0,17.88125,84.78083333333333,2.1522337962962963,,36.46075
2022-10-11,19.49,16.91,88.5,72.14,77.81,6.661111111111111,135.0,0.0,2.5,2.5,15.9,17.89,17.89,24.0,22.014583333333334,82.07083333333334,1.7866782407407407,,145.20454166666667
2022-10-12,27.05,17.89,89.6,63.67,1645.0,7.699999999999999,199.0,0.0,2.5,2.5,20.16,21.97,21.97,24.0,23.542083333333334,84.16625,1.7500347222222221,,85.65125
2022-10-13,27.8,21.32,89.4,69.12,500.3,7.8500000000000005,232.0,0.0,2.5,2.5,19.32,21.93,21.93,24.0,22.6375,84.02458333333333,1.5005092592592593,,77.84320833333334
2022-10-14,25.32,21.33,88.4,73.51,461.9,4.280555555555556,77.0,0.0,2.5,2.5,20.58,22.73,22.73,24.0,22.18541666666667,87.02916666666665,1.9975810185185185,,40.377125
2022-10-15,23.68,19.99,90.0,82.1,106.7,8.61111111111111,147.0,0.0,2.5,2.5,18.35,20.06,20.06,24.0,20.997916666666665,88.20791666666666,2.6539236111111113,,45.125458333333334
2022-10-16,22.97,19.62,90.5,78.72,110.1,7.261111111111111,108.0,0.0,2.5,2.5,20.08,21.69,21.69,24.0,23.512083333333333,85.43666666666667,2.410648148148148,,162.19445833333333
2022-10-17,27.68,21.65,90.8,69.8,2336.0,8.75,64.0,0.0,2.5,2.5,20.87,23.08,23.08,24.0,23.964166666666667,81.36208333333333,2.187268518518519,,128.968875
2022-10-18,27.04,22.23,90.0,70.27,1052.0,8.080555555555556,120.0,0.0,2.5,2.5,19.57,22.58,22.58,24.0,22.501666666666665,84.70625,1.1745023148148148,,42.783125000000005
2022-10-19,23.92,21.39,89.3,76.77,122.6,3.7611111111111106,125.0,0.0,2.5,2.5,19.36,21.64,21.64,24.0,23.682916666666667,82.46375,2.216863425925926,,197.77525
2022-10-20,28.74,20.79,89.9,65.28,2595.0,5.980555555555556,96.0,0.0,2.5,2.5,21.08,23.62,23.62,24.0,24.952083333333334,83.26333333333334,1.7353356481481483,,161.87479166666665
2022-10-21,28.84,22.61,90.6,68.65,2037.0,7.988888888888889,239.0,0.0,2.5,2.5,21.62,23.83,23.83,24.0,25.829583333333332,79.23083333333334,2.039652777777778,,203.02375000000004
2022-10-22,32.16,21.67,89.9,55.17,2544.0,10.730555555555556,195.0,0.0,2.5,2.5,20.24,22.59,22.59,24.0,24.0975,77.48791666666666,2.555115740740741,,237.33745833333333
2022-10-23,28.38,20.83,89.6,60.89,3756.0,8.13888888888889,115.0,0.0,2.5,2.5,19.56,23.16,23.16,24.0,24.590416666666666,75.51666666666667,2.093611111111111,,291.66108333333335
2022-10-24,28.9,20.73,88.8,59.03,4791.0,9.280555555555555,69.0,0.0,2.5,2.5,20.73,24.19,24.19,24.0,24.06625,79.56166666666667,3.099502314814815,,126.631875
2022-10-25,26.9,22.28,87.2,68.73,1211.0,7.749999999999999,112.0,0.0,2.5,2.5,18.29,22.66,22.66,24.0,24.204583333333332,73.45083333333334,2.279548611111111,,182.9187916666667
2022-10-26,27.97,22.29,80.7,59.83,2386.0,6.261111111111111,99.0,0.0,2.5,2.5,19.39,23.69,23.69,24.0,25.879166666666666,70.61791666666666,2.6894444444444443,,332.00624999999997
2022-10-27,30.74,22.69,85.8,48.36,5580.0,11.11111111111111,66.0,0.0,2.5,2.5,21.16,24.51,24.51,24.0,27.069166666666664,74.94333333333333,2.1954398148148146,,235.45091666666667
2022-10-28,33.43,22.47,85.8,53.1,3018.0,7.019444444444444,229.0,0.0,2.5,2.5,21.6,24.99,24.99,24.0,27.5025,74.03625000000001,2.5316550925925925,,294.9397916666667
2022-10-29,31.79,24.49,83.8,59.0,4678.0,7.6611111111111105,83.0,0.0,2.5,2.5,23.26,26.62,26.62,24.0,25.840416666666666,81.97083333333333,1.7699421296296294,,97.09845833333333
2022-10-30,30.1,22.36,89.0,66.98,831.0,10.930555555555555,318.0,0.0,2.5,2.5,20.58,22.52,22.52,24.0,27.454166666666666,74.32833333333333,2.1489699074074076,,277.482
2022-10-31,36.73,20.85,89.4,41.14,4203.0,13.969444444444443,252.0,0.0,2.5,2.5,21.96,23.94,23.94,24.0,24.35625,83.07166666666667,2.633599537037037,,88.42508333333335
2022-11-01,28.45,19.93,89.2,70.01,482.8,10.319444444444445,135.0,0.0,2.5,2.5,17.0,20.0,20.0,24.0,19.86583333333333,73.98083333333334,3.1574421296296293,,74.62441666666668
2022-11-02,22.07,17.22,86.1,57.6,312.7,7.361111111111111,218.0,0.0,2.5,2.5,13.52,17.31,17.31,24.0,19.853333333333335,69.38375,3.653101851851852,,205.84379166666668
2022-11-03,24.17,16.85,84.1,50.73,2684.0,10.130555555555555,114.0,0.0,2.5,2.5,15.16,18.81,18.81,23.0,21.278695652173916,69.35521739130435,2.6657608695652173,,296.07417391304347
2022-11-04,26.41,17.01,86.1,44.07,5370.0,7.269444444444445,111.0,0.0,2.5,2.5,16.6,20.59,20.59,24.0,22.701666666666668,67.42625,2.4206944444444445,,326.9191666666666
2022-11-05,26.88,18.79,83.2,47.12,5796.0,9.2,114.0,0.0,2.5,2.5,16.04,21.04,21.04,24.0,22.42375,68.895,2.9479050925925923,,319.37875
2022-11-06,26.74,18.98,83.6,50.59,5516.0,8.450000000000001,118.0,0.0,2.5,2.5,16.52,20.56,20.56,24.0,22.178749999999997,70.11,3.312974537037037,,299.49083333333334
2022-11-07,26.68,18.05,85.3,50.57,5074.0,9.1,112.0,0.0,2.5,2.5,15.56,19.4,19.4,24.0,21.894583333333333,68.65625,3.2880555555555553,,249.76708333333332
2022-11-08,26.94,17.23,83.6,48.95,3719.0,9.188888888888888,155.0,0.0,2.5,2.5,16.8,20.33,20.33,24.0,22.575833333333335,70.25125,2.5990046296296296,,316.94958333333335
2022-11-09,27.64,18.64,87.3,48.56,5517.0,8.619444444444445,111.0,0.0,2.5,2.5,17.44,19.92,19.92,24.0,22.820833333333336,74.81416666666667,2.189548611111111,,277.692125
2022-11-10,27.03,19.12,87.8,59.57,4540.0,6.938888888888889,70.0,0.0,2.5,2.5,18.81,23.13,23.13,24.0,24.78,73.21124999999999,2.6420138888888887,,323.00708333333336
2022-11-11,29.58,20.96,86.5,57.2,5395.0,8.630555555555555,75.0,0.0,2.5,2.5,19.99,24.01,24.01,24.0,23.89,83.67,1.9216898148148147,,57.71608333333333
2022-11-12,25.8,22.25,88.7,75.02,177.4,5.280555555555556,135.0,0.0,2.5,2.5,20.28,22.28,22.28,24.0,25.522499999999997,76.20375,2.215775462962963,,293.33750000000003
2022-11-13,30.66,21.77,88.8,54.67,4789.0,7.961111111111111,81.0,0.0,2.5,2.5,21.72,25.01,25.01,24.0,25.844166666666666,80.22041666666667,2.3994791666666666,,218.3880833333333
2022-11-14,30.05,23.28,88.5,61.59,3134.0,9.719444444444445,93.0,0.0,2.5,2.5,22.14,24.27,24.27,24.0,26.79625,81.72166666666666,1.971111111111111,,227.31683333333334
2022-11-15,31.21,24.27,88.7,66.16,3269.0,8.680555555555555,80.0,0.0,2.5,2.5,23.15,25.41,25.41,24.0,28.287499999999998,57.5325,2.7299652777777776,,350.16833333333335
2022-11-16,35.52,22.93,89.8,27.1,6083.0,10.11111111111111,228.0,0.0,2.5,2.5,18.96,22.93,22.93,24.0,26.83375,62.08166666666667,2.2616666666666663,,353.11375
2022-11-17,33.62,20.42,83.4,30.67,6022.0,7.699999999999999,78.0,0.0,2.5,2.5,20.38,23.51,23.51,24.0,26.025000000000002,54.845416666666665,1.9261805555555556,,359.3591666666667
2022-11-18,32.21,19.88,84.4,27.44,6199.0,6.669444444444444,81.0,0.0,2.5,2.5,14.44,20.76,20.76,24.0,24.510416666666668,65.15666666666667,2.2575694444444445,,340.96458333333334
2022-11-19,30.48,17.97,81.0,46.26,6040.0,8.399999999999999,136.0,0.0,2.5,2.5,18.93,22.5,22.5,24.0,25.528333333333332,67.16166666666668,2.8648842592592594,,348.9170833333333
2022-11-20,30.12,21.14,84.4,40.11,6157.0,8.688888888888888,67.0,0.0,2.5,2.5,20.39,24.49,24.49,24.0,26.243750000000002,72.79583333333333,2.5077777777777777,,190.72304166666666
2022-11-21,29.68,23.58,82.9,60.77,2130.0,8.769444444444444,77.0,0.0,2.5,2.5,21.93,25.11,25.11,24.0,27.033749999999998,75.66166666666666,2.691539351851852,,219.20708333333334
2022-11-22,30.2,24.3,86.0,61.48,2738.0,9.069444444444445,85.0,0.0,2.5,2.5,22.31,26.34,26.34,24.0,27.280833333333334,79.0625,1.7797222222222222,,138.14954166666666
2022-11-23,31.16,25.1,85.4,63.63,1117.0,4.8694444444444445,75.0,0.0,2.5,2.5,22.49,25.1,25.1,24.0,25.848333333333333,81.98416666666667,2.542291666666667,,145.178875
2022-11-24,33.02,23.03,88.6,60.38,1680.0,11.838888888888889,136.0,0.0,2.5,2.5,21.84,24.65,24.65,24.0,25.32625,76.86916666666666,2.588391203703704,,109.04029166666668
2022-11-25,28.0,23.72,85.9,64.91,709.3,7.169444444444444,113.0,0.0,2.5,2.5,20.18,24.14,24.14,24.0,25.05875,72.87958333333333,2.9905555555555554,,200.06204166666666
2022-11-26,28.82,22.15,89.1,52.91,2181.0,9.149999999999999,113.0,0.0,2.5,2.5,20.72,23.04,23.04,24.0,23.77,87.52125000000001,4.124074074074074,,59.0195
2022-11-27,27.8,21.69,91.1,76.96,377.4,12.15,105.0,0.0,2.5,2.5,22.95,24.83,24.83,24.0,24.104583333333334,87.78250000000001,3.852395833333333,,59.564416666666666
2022-11-28,25.87,22.55,90.7,78.43,197.7,10.96111111111111,136.0,0.0,2.5,2.5,20.9,23.76,23.76,24.0,23.460416666666664,88.09583333333335,4.164780092592593,,55.994708333333335
2022-11-29,24.61,22.44,90.8,83.9,193.1,10.369444444444444,135.0,0.0,2.5,2.5,22.01,24.04,24.04,24.0,25.162499999999998,84.74708333333334,3.596909722222222,,193.357125
2022-11-30,28.18,23.55,90.4,72.34,2144.0,8.738888888888889,109.0,0.0,2.5,2.5,22.58,24.45,24.45,24.0,25.92125,86.05916666666667,2.554409722222222,,170.50670833333334
2022-12-01,29.72,24.31,90.1,73.27,1909.0,7.738888888888889,105.0,0.0,2.5,2.5,23.34,25.07,25.07,24.0,27.317916666666665,82.63208333333334,1.9829398148148147,,264.0978333333333
2022-12-02,31.84,24.66,90.6,64.9,4610.0,7.6,82.0,0.0,2.5,2.5,23.96,25.87,25.87,24.0,28.33,81.08333333333333,2.023668981481481,,206.72083333333333
2022-12-03,32.84,25.54,90.6,64.88,2717.0,6.538888888888889,67.0,0.0,2.5,2.5,25.1,32.92,28.08,24.0,28.04125,84.18791666666667,1.5079398148148149,,104.265125
2022-12-04,30.64,26.6,89.3,73.63,722.8,5.538888888888889,73.0,0.0,2.5,2.5,25.34,31.66,27.38,24.0,28.489166666666666,83.68458333333334,1.6857754629629629,,157.12570833333334
2022-12-05,31.34,26.6,89.8,72.68,1493.0,6.761111111111111,83.0,0.0,2.5,2.5,25.63,33.17,27.98,24.0,28.192916666666665,84.53708333333334,2.5125810185185187,,186.02633333333333
2022-12-06,33.29,25.8,90.9,63.49,2870.0,11.11111111111111,139.0,0.0,2.5,2.5,24.71,26.44,26.44,24.0,27.60166666666667,81.6075,2.4094560185185183,,138.38079166666668
2022-12-07,31.58,25.79,90.3,66.64,1493.0,7.3,111.0,0.0,2.5,2.5,23.72,26.09,26.09,24.0,27.880416666666665,77.035,2.5831712962962965,,210.95458333333332
2022-12-08,31.81,25.63,87.2,62.79,2693.0,7.280555555555556,110.0,0.0,2.5,2.5,21.78,25.94,25.94,24.0,27.864583333333332,73.57666666666667,2.5599189814814816,,347.08549999999997
2022-12-09,31.1,24.07,86.8,59.72,5931.0,8.538888888888888,89.0,0.0,2.5,2.5,23.02,26.54,26.54,24.0,28.545,76.89708333333333,2.587476851851852,,288.08983333333333
2022-12-10,32.92,25.02,87.8,64.59,4727.0,8.36111111111111,65.0,0.0,2.5,2.5,22.84,29.71,27.1,24.0,28.90125,72.64083333333333,2.2856828703703704,,262.6354166666667
2022-12-11,33.72,26.54,79.34,59.58,3982.0,8.799999999999999,70.0,0.0,2.5,2.5,23.56,31.75,28.08,24.0,28.174583333333334,81.74541666666667,1.6328125,,124.71758333333334
2022-12-12,32.1,26.36,89.1,67.61,1637.0,5.5,74.0,0.0,2.5,2.5,24.69,32.4,27.98,24.0,30.9975,74.77625,1.5077662037037038,,188.49487499999998
2022-12-13,40.11,26.95,87.4,47.98,2844.0,6.580555555555556,154.0,0.0,2.5,2.5,23.15,32.39,28.68,24.0,25.55458333333333,75.99458333333332,2.936909722222222,,113.30870833333334
2022-12-14,29.2,22.37,89.3,53.19,1144.0,8.930555555555555,112.0,0.0,2.5,2.5,18.44,24.9,24.9,24.0,25.390833333333333,67.75750000000001,1.778148148148148,,198.72170833333334
2022-12-15,29.94,21.48,85.5,49.86,2484.0,6.3694444444444445,98.0,0.0,2.5,2.5,20.63,24.34,24.34,24.0,26.574583333333333,68.95166666666667,2.3290972222222224,,360.942375
2022-12-16,30.6,22.14,87.7,48.8,6415.0,9.280555555555555,71.0,0.0,2.5,2.5,20.97,25.38,25.38,24.0,26.00375,76.46458333333334,2.3977199074074074,,215.57691666666668
2022-12-17,31.36,23.16,87.1,57.32,3242.0,12.11111111111111,116.0,0.0,2.5,2.5,21.59,24.22,24.22,24.0,24.872083333333336,74.78083333333333,1.7988425925925926,,61.488458333333334
2022-12-18,28.18,23.45,85.0,61.03,254.3,5.111111111111111,75.0,0.0,2.5,2.5,20.64,23.51,23.51,24.0,24.677916666666665,79.45375,2.169409722222222,,102.20925
2022-12-19,28.06,22.43,88.8,67.55,583.9,8.86111111111111,78.0,0.0,2.5,2.5,20.97,22.91,22.91,24.0,23.486666666666665,87.69333333333333,1.6835416666666667,,75.78445833333333
2022-12-20,27.58,21.83,90.7,75.66,499.9,7.361111111111111,69.0,0.0,2.5,2.5,20.77,22.37,22.37,24.0,22.895,88.99166666666667,2.6669212962962963,,64.887375
2022-12-21,25.13,21.95,91.2,79.37,269.0,9.180555555555555,223.0,0.0,2.5,2.5,20.34,22.33,22.33,24.0,24.107916666666668,82.12958333333334,2.862488425925926,,201.32879166666666
2022-12-22,28.88,21.95,89.7,65.57,2593.0,9.238888888888889,132.0,0.0,2.5,2.5,20.52,22.9,22.9,24.0,25.040833333333335,74.83166666666666,2.6759837962962965,,254.85816666666668
2022-12-23,29.33,21.85,88.7,53.7,3706.0,9.469444444444445,114.0,0.0,2.5,2.5,20.07,23.06,23.06,24.0,25.145,74.65041666666667,1.9000347222222222,,196.18070833333334
2022-12-24,29.33,21.47,87.7,58.29,1903.0,7.069444444444444,59.0,0.0,2.5,2.5,20.97,23.8,23.8,24.0,24.81125,82.76583333333333,1.4847106481481482,,106.15666666666668
2022-12-25,29.47,23.09,88.6,63.18,780.0,7.169444444444444,72.0,0.0,2.5,2.5,22.01,24.4,24.4,24.0,26.127499999999998,80.50583333333334,1.7811689814814813,,159.17641666666665
2022-12-26,29.75,23.4,88.1,66.52,1530.0,6.361111111111111,76.0,0.0,2.5,2.5,23.04,25.72,25.72,24.0,27.594166666666666,79.12416666666667,2.1400578703703705,,220.06270833333335
2022-12-27,32.42,24.74,89.8,62.22,2936.0,9.411111111111111,126.0,0.0,2.5,2.5,22.64,29.43,26.98,24.0,27.468333333333334,79.97875,2.635428240740741,,202.01654166666665
2022-12-28,31.52,24.74,89.1,64.87,2848.0,7.35,121.0,0.0,2.5,2.5,24.3,29.84,26.81,24.0,26.905416666666667,81.87333333333333,2.5764467592592593,,206.34866666666667
2022-12-29,31.75,22.84,91.1,68.52,2978.0,11.788888888888888,134.0,0.0,2.5,2.5,20.94,25.2,25.2,24.0,28.01125,71.48875,2.4096180555555553,,363.1427083333333
2022-12-30,33.51,22.7,87.9,42.92,6351.0,7.919444444444444,78.0,0.0,2.5,2.5,22.1,25.96,25.96,24.0,27.720416666666665,69.34083333333334,2.575335648148148,,344.21095833333334
2022-12-31,32.13,24.22,87.4,47.67,6098.0,8.738888888888889,65.0,0.0,2.5,2.5,20.79,24.72,24.72,24.0,27.650000000000002,72.82833333333333,2.5620833333333333,,298.6136666666667
2023-01-01,32.54,23.63,82.4,58.43,4872.0,8.988888888888889,79.0,0.0,2.5,2.5,23.49,31.18,27.77,24.0,29.298333333333332,72.96416666666667,2.339513888888889,,327.21704166666666
2023-01-02,33.15,26.07,86.0,56.97,5572.0,7.669444444444444,65.0,0.0,2.5,2.5,24.14,32.98,28.56,24.0,29.14833333333333,76.67875,2.348900462962963,,281.09133333333335
2023-01-03,32.79,25.96,87.7,62.44,4371.0,9.1,68.0,0.0,2.5,2.5,24.49,32.77,28.27,24.0,28.715416666666666,79.08208333333333,2.748715277777778,,190.731625
2023-01-04,36.6,24.21,90.2,53.63,2913.0,12.261111111111111,150.0,0.0,2.5,2.5,22.06,24.73,24.73,24.0,23.0775,83.98625,2.8651851851851853,,60.87258333333333
2023-01-05,25.47,21.09,88.0,79.27,189.9,7.861111111111111,268.0,0.0,2.5,2.5,18.77,21.84,21.84,24.0,25.83791666666667,71.98625,2.6890277777777776,,309.19
2023-01-06,30.41,21.34,86.1,49.25,4908.0,6.7,115.0,0.0,2.5,2.5,21.03,24.14,24.14,24.0,26.29875,71.89666666666666,3.0698148148148143,,313.88899999999995
2023-01-07,30.83,22.33,86.7,51.24,5498.0,10.480555555555554,115.0,0.0,2.5,2.5,20.27,23.75,23.75,24.0,26.200833333333335,73.88833333333334,3.4503935185185184,,345.5847083333333
2023-01-08,30.26,22.48,87.5,55.03,6249.0,9.330555555555556,116.0,0.0,2.5,2.5,20.89,24.31,24.31,24.0,26.006666666666664,75.97916666666667,2.8737384259259255,,196.019125
2023-01-09,30.07,23.02,86.2,63.14,2346.0,8.180555555555555,116.0,0.0,2.5,2.5,21.83,24.39,24.39,24.0,26.26695652173913,74.90125,1.9885416666666667,,210.16750000000002
2023-01-10,30.98,22.27,87.5,53.7,2873.0,5.8999999999999995,112.0,0.0,2.5,2.5,22.1,24.59,24.59,24.0,27.184166666666666,75.90708333333333,2.3173495370370367,,242.5499583333333
2023-01-11,32.32,23.79,87.6,56.74,3621.0,7.6,91.0,0.0,2.5,2.5,23.43,26.1,26.1,24.0,28.357083333333335,78.97916666666667,1.637199074074074,,212.96945833333334
2023-01-12,33.88,25.24,88.3,58.57,3097.0,7.730555555555555,78.0,0.0,2.5,2.5,24.85,31.2,27.32,24.0,28.503333333333334,80.30458333333333,2.1160763888888887,,262.1882083333333
2023-01-13,34.61,25.22,90.9,60.83,4437.0,10.980555555555556,240.0,0.0,2.5,2.5,24.01,29.51,26.71,24.0,29.347916666666666,74.51791666666666,2.292627314814815,,277.64033333333333
2023-01-14,35.55,24.63,87.0,53.99,4629.0,11.880555555555556,206.0,0.0,2.5,2.5,22.73,25.2,25.2,24.0,28.919583333333335,78.625,2.6060300925925923,,274.0705
2023-01-15,35.35,25.06,91.5,56.74,4352.0,10.611111111111112,70.0,0.0,2.5,2.5,24.16,25.69,25.69,24.0,27.457083333333333,84.455,2.5183449074074074,,111.06279166666667
2023-01-16,31.82,25.36,91.2,69.35,1073.0,7.488888888888889,146.0,0.0,2.5,2.5,24.33,26.24,26.24,24.0,28.13791666666667,80.68875,2.5990162037037035,,131.59941666666666
2023-01-17,31.5,26.0,89.3,67.56,1154.0,6.21111111111111,108.0,0.0,2.5,2.5,25.05,32.13,27.7,24.0,28.842916666666667,80.00333333333333,2.774675925925926,,140.83729166666666
2023-01-18,33.32,25.9,86.5,64.68,1277.0,8.55,117.0,0.0,2.5,2.5,23.51,25.99,25.99,24.0,28.55666666666667,79.14791666666666,2.5327314814814814,,207.795375
2023-01-19,34.69,25.36,88.0,59.29,2813.0,6.65,125.0,0.0,2.5,2.5,23.86,26.54,26.54,24.0,27.20875,84.47,1.9052893518518517,,111.43187499999999
2023-01-20,31.72,25.07,89.3,71.7,733.9,9.819444444444445,136.0,0.0,2.5,2.5,23.49,25.47,25.47,24.0,27.72875,81.92166666666667,2.156365740740741,,217.23820833333332
2023-01-21,32.66,23.19,90.1,60.27,3237.0,6.688888888888888,70.0,0.0,2.5,2.5,24.57,30.35,26.99,24.0,29.394166666666667,75.60208333333334,2.1376041666666663,,340.87870833333335
2023-01-22,34.34,25.33,88.9,56.55,5831.0,8.450000000000001,73.0,0.0,2.5,2.5,24.65,31.43,27.49,24.0,29.155416666666667,78.51375,1.7216203703703703,,170.29920833333333
2023-01-23,34.6,26.4,86.9,62.79,1723.0,7.761111111111111,15.0,0.0,2.5,2.5,23.99,26.62,26.62,24.0,28.817083333333333,76.45125,2.3033796296296294,,274.95412500000003
2023-01-24,35.09,22.87,89.1,53.98,4752.0,15.45,200.0,0.0,2.5,2.5,21.17,23.52,23.52,24.0,28.715,71.01791666666666,2.1107638888888887,,350.167125
2023-01-25,35.86,22.23,88.0,45.67,5919.0,7.638888888888888,70.0,0.0,2.5,2.5,24.35,31.92,27.86,24.0,30.38625,72.69250000000001,2.4736226851851852,,347.0632083333333
2023-01-26,35.75,25.79,87.7,52.53,5872.0,9.088888888888889,72.0,0.0,2.5,2.5,24.85,34.2,28.9,24.0,30.194999999999997,68.49499999999999,2.422337962962963,,347.468
2023-01-27,34.08,26.45,83.7,53.4,6001.0,10.25,77.0,0.0,2.5,2.5,22.46,30.33,27.61,24.0,29.280416666666667,67.56583333333333,2.5866666666666664,,315.13279166666666
2023-01-28,33.15,25.56,84.2,51.58,5554.0,8.761111111111111,76.0,0.0,2.5,2.5,23.42,32.63,28.71,24.0,30.17,71.30166666666666,2.5450810185185184,,339.4712083333333
2023-01-29,33.79,25.29,83.7,57.73,5728.0,9.988888888888889,72.0,0.0,2.5,2.5,25.36,36.28,29.8,24.0,29.939999999999998,77.5475,2.4322800925925923,,259.14704166666667
2023-01-30,34.63,25.87,89.3,59.15,4522.0,9.180555555555555,84.0,0.0,2.5,2.5,23.85,25.96,25.96,24.0,27.769166666666667,79.81916666666667,1.6977199074074072,,126.76350000000001
2023-01-31,31.96,25.58,88.7,62.97,950.0,4.8805555555555555,216.0,0.0,2.5,2.5,23.92,31.23,27.64,24.0,29.394583333333333,78.81375,1.613935185185185,,147.35816666666668
2023-02-01,33.59,26.48,87.3,61.79,1194.0,5.7,74.0,0.0,2.5,2.5,25.27,33.49,28.3,24.0,30.65041666666667,76.28041666666667,2.1386458333333334,,236.51945833333332
2023-02-02,36.21,26.51,89.4,53.33,3065.0,7.230555555555556,84.0,0.0,2.5,2.5,24.39,26.52,26.52,24.0,28.513333333333332,83.57833333333333,1.6195717592592593,,126.45587499999999
2023-02-03,33.24,25.81,89.1,65.37,1228.0,4.6305555555555555,352.0,0.0,2.5,2.5,25.64,33.1,27.94,24.0,30.163750000000004,77.43124999999999,1.9637962962962963,,186.32170833333336
2023-02-04,37.8,26.57,89.8,49.48,2419.0,7.46111111111111,172.0,0.0,2.5,2.5,25.27,33.57,28.34,24.0,30.390833333333333,73.93041666666666,2.095648148148148,,212.39762499999998
2023-02-05,38.54,26.52,87.4,46.46,3150.0,7.799999999999999,238.0,0.0,2.5,2.5,24.32,29.89,26.83,24.0,29.424583333333334,74.48291666666667,2.296400462962963,,301.3065833333333
2023-02-06,34.56,23.9,90.1,55.13,4889.0,7.961111111111111,150.0,0.0,2.5,2.5,23.88,30.48,27.24,24.0,30.161666666666665,70.32208333333334,2.4540972222222224,,311.6843333333333
2023-02-07,36.38,26.08,87.7,36.85,5138.0,7.261111111111111,93.0,0.0,2.5,2.5,24.37,31.41,27.58,24.0,29.77,70.40958333333333,2.229560185185185,,320.5740833333333
2023-02-08,34.75,25.57,84.4,47.69,5411.0,7.438888888888889,79.0,0.0,2.5,2.5,23.81,30.99,27.54,24.0,29.990416666666665,71.30791666666667,2.3108217592592593,,307.517125
2023-02-09,34.74,25.61,86.2,51.67,5026.0,9.561111111111112,80.0,0.0,2.5,2.5,23.96,33.15,28.76,24.0,29.802916666666665,72.99708333333334,2.5179282407407406,,299.039875
2023-02-10,34.2,25.01,88.7,54.79,5004.0,9.630555555555556,74.0,0.0,2.5,2.5,24.36,26.59,26.59,24.0,28.076666666666668,80.7475,2.38625,,166.92854166666666
2023-02-11,33.75,25.1,88.5,59.87,2075.0,7.699999999999999,100.0,0.0,2.5,2.5,23.03,25.2,25.2,24.0,28.844583333333333,75.61916666666667,2.2216319444444443,,302.6220416666667
2023-02-12,34.38,24.38,88.5,54.59,4968.0,8.75,73.0,0.0,2.5,2.5,24.68,32.58,28.08,24.0,30.559166666666666,72.45791666666666,2.165625,,334.4175833333333
2023-02-13,35.29,25.89,86.8,50.13,5701.0,8.03888888888889,88.0,0.0,2.5,2.5,24.81,33.24,28.38,24.0,30.17,71.82583333333334,2.1363194444444447,,321.515
2023-02-14,35.29,25.0,85.3,54.78,5369.0,8.0,64.0,0.0,2.5,2.5,25.13,34.64,28.99,24.0,29.754166666666666,78.77083333333333,1.908923611111111,,222.436875
2023-02-15,36.27,26.18,89.4,55.62,3061.0,7.8805555555555555,74.0,0.0,2.5,2.5,25.97,33.38,27.94,24.0,30.162916666666664,75.19208333333334,2.009895833333333,,193.12220833333333
2023-02-16,37.13,25.88,88.9,50.58,2771.0,7.6611111111111105,227.0,0.0,2.5,2.5,23.79,25.94,25.94,24.0,27.34958333333333,83.19250000000001,3.0418634259259263,,162.92045833333333
2023-02-17,32.2,24.63,90.9,65.61,1910.0,7.330555555555556,251.0,0.0,2.5,2.5,24.6,30.85,27.22,24.0,28.90125,79.12708333333333,1.4959837962962963,,101.05179166666666
2023-02-18,34.0,25.08,89.1,57.17,676.1,8.019444444444444,129.0,0.0,2.5,2.5,22.99,25.08,25.08,24.0,23.93958333333333,78.17125,3.0547337962962966,,71.010375
2023-02-19,25.24,21.48,89.0,64.27,331.3,8.019444444444444,131.0,0.0,2.5,2.5,17.58,23.19,23.19,24.0,22.442083333333333,77.20958333333333,2.705138888888889,,49.156708333333334
2023-02-20,23.81,21.25,88.7,61.39,146.0,5.419444444444445,239.0,0.0,2.5,2.5,19.78,22.01,22.01,24.0,24.33666666666667,86.55416666666667,1.574861111111111,,59.754124999999995
2023-02-21,28.15,21.98,89.4,76.1,238.6,5.211111111111111,230.0,0.0,2.5,2.5,23.34,25.22,25.22,24.0,25.969583333333333,85.45416666666667,2.5624189814814815,,112.28425
2023-02-22,28.97,24.41,89.5,76.49,880.0,7.288888888888888,115.0,0.0,2.5,2.5,21.62,24.41,24.41,24.0,26.398750000000003,78.74625,1.915798611111111,,159.39254166666666
2023-02-23,31.74,22.93,88.7,59.9,1770.0,6.180555555555555,120.0,0.0,2.5,2.5,22.9,24.88,24.88,24.0,26.723333333333333,84.70375,2.134212962962963,,165.35420833333333
2023-02-24,30.86,24.6,90.9,71.21,1903.0,6.8999999999999995,241.0,0.0,2.5,2.5,23.06,24.88,24.88,24.0,27.1775,83.09125,1.8011458333333332,,156.52416666666667
2023-02-25,32.32,24.1,90.1,63.32,1895.0,5.530555555555556,228.0,0.0,2.5,2.5,24.14,26.12,26.12,24.0,30.00125,73.58166666666666,1.7551967592592594,,281.37708333333336
2023-02-26,39.1,25.08,90.5,39.27,4573.0,7.219444444444444,296.0,0.0,2.5,2.5,24.32,31.62,27.71,24.0,28.61375,77.76708333333333,2.100509259259259,,191.336
2023-02-27,36.24,24.38,88.3,50.9,2436.0,12.549999999999999,188.0,0.0,2.5,2.5,21.82,24.47,24.47,24.0,27.298333333333332,75.15708333333333,1.5980439814814815,,132.841875
2023-02-28,33.62,23.38,87.5,49.15,1136.0,5.469444444444445,133.0,0.0,2.5,2.5,23.65,29.91,27.0,24.0,27.327083333333334,80.92791666666666,1.8947453703703703,,129.58166666666668
2023-03-01,31.93,25.17,88.5,64.99,1204.0,5.961111111111111,77.0,0.0,2.5,2.5,23.7,25.87,25.87,24.0,26.830416666666668,82.83624999999999,2.0297453703703705,,102.57233333333333
2023-03-02,30.12,25.08,88.1,70.91,604.7,5.369444444444444,134.0,0.0,2.5,2.5,23.26,25.67,25.67,24.0,28.040000000000003,78.64458333333333,1.9697685185185183,,277.2621666666667
2023-03-03,33.6,24.48,90.0,57.63,4370.0,7.8805555555555555,56.0,0.0,2.5,2.5,23.25,25.82,25.82,24.0,28.216250000000002,81.7325,1.979247685185185,,221.8072083333333
2023-03-04,33.09,25.32,88.7,65.59,3613.0,8.230555555555554,53.0,0.0,2.5,2.5,25.23,31.29,27.25,24.0,27.839583333333334,82.97291666666666,2.2101273148148146,,223.16533333333334
2023-03-05,33.36,24.39,90.0,64.85,3735.0,12.838888888888889,229.0,0.0,2.5,2.5,23.27,25.29,25.29,24.0,27.49291666666667,81.16708333333334,2.0378819444444445,,183.09699999999998
2023-03-06,35.78,24.59,89.9,53.4,2719.0,11.238888888888889,160.0,0.0,2.5,2.5,22.86,25.13,25.13,24.0,27.239166666666666,81.25375000000001,1.7426967592592593,,161.93575
2023-03-07,32.22,24.6,89.1,63.59,1921.0,8.269444444444444,71.0,0.0,2.5,2.5,22.47,24.68,24.68,24.0,27.68375,79.78333333333333,1.711886574074074,,223.138
2023-03-08,32.78,24.35,89.2,62.17,3541.0,6.819444444444445,64.0,0.0,2.5,2.5,23.38,26.12,26.12,24.0,29.56958333333333,76.97208333333333,1.877673611111111,,261.94758333333334
2023-03-09,34.88,25.79,87.3,58.42,3995.0,6.549999999999999,75.0,0.0,2.5,2.5,23.87,30.7,27.36,24.0,29.105833333333333,77.7975,1.8348263888888887,,173.01679166666668
2023-03-10,36.37,25.58,88.2,49.01,2195.0,7.869444444444444,337.0,0.0,2.5,2.5,23.49,25.79,25.79,24.0,27.492083333333337,82.47083333333333,1.5467708333333332,,101.73170833333332
2023-03-11,31.92,25.31,87.6,67.35,658.3,5.030555555555555,116.0,0.0,2.5,2.5,23.68,26.33,26.33,24.0,27.914583333333336,80.2675,2.090335648148148,,201.875625
2023-03-12,32.94,25.2,89.4,61.11,2899.0,8.6,88.0,0.0,2.5,2.5,23.81,25.8,25.8,24.0,27.0575,84.96249999999999,2.5960069444444445,,91.93291666666666
2023-03-13,30.31,25.04,90.1,72.36,549.6,8.819444444444445,67.0,0.0,2.5,2.5,24.07,25.82,25.82,24.0,26.211250000000003,88.6125,1.627002314814815,,61.64691666666667
2023-03-14,28.42,25.09,90.4,82.9,233.7,5.169444444444444,32.0,0.0,2.5,2.5,23.15,25.25,25.25,24.0,27.35291666666667,83.3775,1.5279398148148147,,139.59120833333333
2023-03-15,31.75,24.56,89.1,69.07,1341.0,5.261111111111111,77.0,0.0,2.5,2.5,24.51,26.47,26.47,24.0,27.915000000000003,82.21083333333333,1.9821527777777777,,192.39091666666664
2023-03-16,32.3,25.47,89.5,68.56,2421.0,7.019444444444444,70.0,0.0,2.5,2.5,24.26,29.67,26.74,24.0,28.236666666666665,78.22,1.8414930555555555,,195.21933333333334
2023-03-17,32.65,25.44,88.1,58.84,2569.0,5.8694444444444445,75.0,0.0,2.5,2.5,23.99,26.3,26.3,24.0,28.3325,77.50833333333334,1.9892939814814816,,244.19458333333333
2023-03-18,33.08,25.47,89.5,50.29,3765.0,7.261111111111111,73.0,0.0,2.5,2.5,23.45,26.22,26.22,24.0,27.899583333333336,73.38208333333334,2.01625,,276.128
2023-03-19,32.69,23.13,87.9,50.7,4231.0,6.838888888888889,74.0,0.0,2.5,2.5,23.53,26.59,26.59,24.0,28.84375,75.20166666666667,1.888912037037037,,278.28416666666664
2023-03-20,33.16,24.48,87.1,57.57,4156.0,8.330555555555556,80.0,0.0,2.5,2.5,24.56,31.24,27.43,24.0,30.358333333333334,76.37875,2.010601851851852,,272.8095
2023-03-21,35.8,26.1,86.9,59.79,4047.0,7.680555555555555,76.0,0.0,2.5,2.5,25.79,34.64,28.63,24.0,29.97666666666667,76.52624999999999,2.1477662037037035,,258.9639583333333
2023-03-22,33.97,26.0,88.0,59.02,3770.0,6.969444444444444,109.0,0.0,2.5,2.5,24.9,32.43,27.91,24.0,30.139583333333334,74.96333333333332,2.366712962962963,,255.62087499999998
2023-03-23,35.01,27.04,86.2,52.08,3800.0,7.1,92.0,0.0,2.5,2.5,25.06,34.6,29.01,24.0,29.70125,74.69333333333334,2.2481712962962965,,227.761875
2023-03-24,33.88,25.76,86.9,56.64,3355.0,8.95,87.0,0.0,2.5,2.5,24.78,33.23,28.39,24.0,29.515416666666667,75.47875,2.6370138888888888,,198.47470833333333
2023-03-25,35.14,26.2,87.4,58.47,2707.0,10.930555555555555,124.0,0.0,2.5,2.5,23.59,32.06,28.26,24.0,29.5525,70.19958333333334,2.1804166666666664,,216.85554166666665
2023-03-26,33.54,26.55,83.7,54.04,2867.0,6.138888888888889,81.0,0.0,2.5,2.5,24.39,31.13,27.43,24.0,29.749583333333334,75.0275,2.5280555555555555,,214.549625
2023-03-27,36.82,26.21,87.2,53.23,2911.0,14.669444444444444,222.0,0.0,2.5,2.5,22.59,30.23,27.5,24.0,28.144583333333333,67.06416666666667,2.2819907407407407,,205.10608333333334
2023-03-28,31.82,25.75,78.98,46.8,2861.0,6.461111111111111,97.0,0.0,2.5,2.5,21.2,26.04,26.04,24.0,26.953333333333333,76.16125000000001,2.073587962962963,,171.89195833333335
2023-03-29,31.54,23.81,87.7,58.26,2561.0,5.85,73.0,0.0,2.5,2.5,23.05,29.89,27.15,24.0,28.15625,77.63583333333334,2.131099537037037,,196.03683333333333
2023-03-30,33.44,23.55,89.3,60.93,2676.0,16.688888888888886,209.0,0.0,2.5,2.5,21.58,23.98,23.98,24.0,27.984583333333333,74.98041666666667,2.5380208333333334,,249.05437500000002
2023-03-31,34.34,23.77,87.7,52.42,3523.0,7.830555555555556,83.0,0.0,2.5,2.5,23.22,26.52,26.52,24.0,28.7325,72.69083333333333,2.403263888888889,,255.03741666666667
2023-04-01,32.99,25.09,86.0,53.53,3608.0,6.988888888888889,84.0,0.0,2.5,2.5,23.54,29.56,26.84,24.0,27.219166666666666,74.40124999999999,2.5426504629629627,,167.815875
2023-04-02,30.8,24.79,85.8,60.74,2106.0,7.480555555555555,94.0,0.0,2.5,2.5,20.52,25.02,25.02,24.0,26.291666666666668,65.60541666666667,2.0419791666666667,,253.03566666666666
2023-04-03,30.6,22.08,83.3,46.03,3701.0,7.01111111111111,114.0,0.0,2.5,2.5,19.55,24.1,24.1,24.0,26.413749999999997,69.54125,1.890462962962963,,256.072375
2023-04-04,31.03,21.87,83.8,52.31,3692.0,8.561111111111112,82.0,0.0,2.5,2.5,20.99,25.77,25.77,24.0,27.295416666666668,70.92083333333333,1.936400462962963,,248.1745
2023-04-05,32.24,22.46,84.9,52.38,3436.0,7.530555555555555,71.0,0.0,2.5,2.5,22.63,25.81,25.81,24.0,27.368333333333336,73.29833333333333,2.8228819444444446,,176.42866666666666
2023-04-06,31.06,25.38,84.6,53.7,1994.0,7.688888888888888,115.0,0.0,2.5,2.5,21.9,25.9,25.9,24.0,24.17125,86.4525,2.9685185185185183,,43.619
2023-04-07,25.96,22.71,88.7,78.21,125.8,6.988888888888889,139.0,0.0,2.5,2.5,20.68,22.85,22.85,24.0,22.78833333333333,86.96249999999999,2.0474074074074076,,34.36529166666667
2023-04-08,24.46,21.51,89.1,80.5,71.49,5.038888888888889,217.0,0.0,2.5,2.5,20.96,22.92,22.92,24.0,23.58,86.96291666666667,2.1105092592592594,,77.82504166666666
2023-04-09,27.69,20.97,94.1,74.99,438.0,5.261111111111111,218.0,0.0,2.5,2.5,21.3,23.46,23.46,24.0,25.46291666666667,81.01208333333334,1.3408796296296295,,141.466875
2023-04-10,30.69,22.73,88.6,59.92,1337.0,4.061111111111111,323.0,0.0,2.5,2.5,21.99,24.11,24.11,24.0,25.96666666666667,79.52499999999999,1.5055787037037038,,170.782
2023-04-11,30.55,23.51,88.4,63.84,2229.0,7.9,81.0,0.0,2.5,2.5,21.47,25.82,25.82,24.0,26.45958333333333,71.83,1.9671180555555556,,243.44291666666666
2023-04-12,30.29,23.25,84.5,54.79,3341.0,7.988888888888889,76.0,0.0,2.5,2.5,19.97,23.3,23.3,24.0,26.037916666666664,76.98208333333334,1.7102546296296295,,231.812
2023-04-13,31.49,21.86,86.7,61.16,3068.0,6.830555555555556,77.0,0.0,2.5,2.5,22.16,24.55,24.55,24.0,26.777916666666666,78.14291666666666,2.4541203703703705,,220.432375
2023-04-14,34.38,21.82,88.7,52.03,2886.0,10.399999999999999,122.0,0.0,2.5,2.5,22.61,25.93,25.93,24.0,24.717083333333335,86.91250000000001,2.6249537037037034,,33.275708333333334
2023-04-15,26.35,23.21,90.0,80.9,90.1,5.580555555555556,231.0,0.0,2.5,2.5,21.75,23.64,23.64,24.0,24.3,84.55208333333333,2.0833564814814816,,63.102000000000004
2023-04-16,27.33,22.83,89.2,70.92,247.5,4.988888888888889,225.0,0.0,2.5,2.5,21.21,23.52,23.52,24.0,25.106666666666666,83.06666666666666,1.583773148148148,,113.856875
2023-04-17,28.6,22.55,89.4,70.68,860.0,6.419444444444444,74.0,0.0,2.5,2.5,23.23,25.27,25.27,24.0,26.005416666666665,84.5175,2.2517129629629626,,102.15354166666667
2023-04-18,29.72,22.95,90.2,70.84,729.5,8.830555555555556,116.0,0.0,2.5,2.5,21.03,23.05,23.05,24.0,22.59375,87.0625,2.055324074074074,,40.891375
2023-04-19,24.35,20.57,89.4,78.87,116.7,5.019444444444445,222.0,0.0,2.5,2.5,18.76,20.59,20.59,24.0,24.042083333333334,63.614583333333336,3.242037037037037,,215.55904166666667
2023-04-20,29.94,18.53,90.4,36.17,2896.0,18.119444444444444,266.0,0.0,2.5,2.5,13.94,23.77,23.77,24.0,22.591250000000002,56.94916666666666,2.8466087962962963,,234.63333333333333
2023-04-21,28.44,17.46,79.56,34.41,3159.0,11.588888888888889,189.0,0.0,2.5,2.5,13.95,17.97,17.97,24.0,21.842916666666667,72.81,2.1311921296296297,,193.44787499999998
2023-04-22,28.55,16.56,87.9,49.29,2250.0,6.711111111111111,116.0,0.0,2.5,2.5,19.55,21.65,21.65,24.0,23.83375,80.67458333333333,1.7773958333333333,,138.307125
2023-04-23,28.05,21.39,88.7,61.19,1229.0,4.730555555555556,71.0,0.0,2.5,2.5,20.58,23.21,23.21,24.0,24.390833333333333,83.07875,1.857048611111111,,130.58216666666667
2023-04-24,28.29,22.11,89.0,68.4,1153.0,6.888888888888889,123.0,0.0,2.5,2.5,21.37,23.78,23.78,24.0,25.1925,81.00791666666667,1.855150462962963,,162.20670833333335
2023-04-25,29.86,22.62,89.1,64.4,1904.0,6.230555555555555,80.0,0.0,2.5,2.5,21.36,24.0,24.0,24.0,24.86125,80.28083333333333,1.5797569444444444,,173.07966666666667
2023-04-26,28.84,22.16,90.1,60.48,2056.0,5.861111111111112,79.0,0.0,2.5,2.5,20.8,22.94,22.94,24.0,24.780416666666667,83.22875,1.2851967592592592,,102.78420833333332
2023-04-27,29.12,22.43,88.7,68.57,765.0,5.4,68.0,0.0,2.5,2.5,21.04,23.41,23.41,24.0,25.377916666666668,74.10166666666667,2.299351851851852,,181.64395833333333
2023-04-28,32.0,21.23,87.8,46.7,2222.0,9.188888888888888,221.0,0.0,2.5,2.5,20.4,23.17,23.17,24.0,24.577083333333334,74.545,1.6893518518518518,,169.56941666666668
2023-04-29,28.53,22.29,87.5,52.14,2018.0,5.561111111111111,123.0,0.0,2.5,2.5,19.55,22.8,22.8,24.0,23.913749999999997,79.12416666666667,1.3397453703703703,,115.47583333333334
2023-04-30,28.56,21.08,87.7,52.55,1110.0,5.4,100.0,0.0,2.5,2.5,20.64,22.96,22.96,24.0,25.037916666666664,79.91416666666667,1.440497685185185,,159.40625
2023-05-01,29.48,22.09,88.0,63.97,1751.0,5.338888888888889,104.0,0.0,2.5,2.5,21.79,24.43,24.43,24.0,25.84375,76.0275,1.5955902777777775,,203.06458333333333
2023-05-02,31.64,21.24,87.9,54.16,2431.0,5.55,69.0,0.0,2.5,2.5,20.92,23.1,23.1,24.0,25.336250000000003,78.07875,1.5990856481481481,,195.29808333333332
2023-05-03,30.54,21.61,88.8,57.3,2302.0,5.919444444444444,104.0,0.0,2.5,2.5,21.7,24.21,24.21,24.0,26.24625,78.70583333333333,1.8821412037037035,,167.97912499999998
2023-05-04,30.13,23.58,87.5,63.8,1862.0,7.05,78.0,0.0,2.5,2.5,22.95,26.35,26.35,24.0,27.66541666666667,79.365,1.3619560185185184,,145.8757916666667
2023-05-05,32.37,25.08,87.5,62.75,1400.0,5.019444444444445,104.0,0.0,2.5,2.5,23.98,26.45,26.45,24.0,27.74291666666667,79.64041666666667,2.027662037037037,,169.55008333333333
2023-05-06,32.26,24.84,87.9,60.8,1873.0,6.449999999999999,84.0,0.0,2.5,2.5,23.71,29.77,26.91,24.0,27.841250000000002,80.28416666666666,2.0675578703703703,,135.48966666666666
2023-05-07,31.67,25.47,87.2,64.02,1368.0,5.8805555555555555,86.0,0.0,2.5,2.5,23.06,25.61,25.61,24.0,27.537499999999998,78.97833333333334,1.8997916666666665,,171.604875
2023-05-08,31.16,25.45,87.1,61.65,2078.0,7.35,83.0,0.0,2.5,2.5,23.43,30.31,27.28,24.0,26.93375,82.95125,1.4200694444444444,,63.70741666666667
2023-05-09,29.29,24.76,88.5,76.32,277.0,6.738888888888889,116.0,0.0,2.5,2.5,22.59,24.88,24.88,24.0,24.34,78.9525,1.8656597222222222,,37.26883333333333
2023-05-10,26.46,22.91,88.3,64.43,110.6,5.411111111111111,185.0,0.0,2.5,2.5,19.7,23.42,23.42,24.0,24.1125,75.90291666666667,1.343287037037037,,84.627
2023-05-11,27.76,21.79,85.9,62.8,436.3,3.711111111111111,21.0,0.0,2.5,2.5,19.49,21.97,21.97,24.0,22.636666666666667,68.2,2.4502314814814814,,196.17683333333332
2023-05-12,27.68,18.36,86.5,40.84,2319.0,7.030555555555555,231.0,0.0,2.5,2.5,15.36,18.76,18.76,24.0,21.170833333333334,71.44541666666667,2.4608101851851854,,167.44845833333332
2023-05-13,26.16,17.63,83.6,51.4,1887.0,6.688888888888888,114.0,0.0,2.5,2.5,15.8,20.2,20.2,24.0,21.32125,71.86291666666666,1.572048611111111,,169.64512499999998
2023-05-14,26.41,17.56,85.7,50.24,1902.0,4.969444444444444,85.0,0.0,2.5,2.5,16.61,19.63,19.63,24.0,21.78708333333333,71.86666666666666,1.2990972222222221,,184.71641666666665
2023-05-15,29.36,16.77,87.1,38.15,2078.0,4.05,100.0,0.0,2.5,2.5,15.73,19.55,19.55,24.0,22.09583333333333,70.2475,1.2736458333333334,,184.68204166666666
2023-05-16,30.45,16.63,86.2,40.42,2089.0,4.088888888888889,67.0,0.0,2.5,2.5,16.81,19.22,19.22,24.0,22.23166666666667,70.42583333333333,1.7959027777777778,,185.109375
2023-05-17,28.06,16.83,86.4,47.87,2097.0,5.419444444444445,68.0,0.0,2.5,2.5,16.74,20.06,20.06,24.0,22.197916666666668,72.15791666666667,1.4436689814814816,,171.57383333333334
2023-05-18,27.06,18.78,85.5,48.25,1915.0,5.188888888888889,103.0,0.0,2.5,2.5,16.73,20.59,20.59,24.0,21.877916666666668,72.92291666666667,1.7423263888888887,,178.41783333333333
2023-05-19,26.9,17.37,84.8,53.72,2013.0,5.76111111111111,81.0,0.0,2.5,2.5,16.4,19.18,19.18,24.0,22.499166666666667,71.71124999999999,1.829236111111111,,183.20679166666665
2023-05-20,27.09,19.19,84.4,52.35,2066.0,8.011111111111111,78.0,0.0,2.5,2.5,17.11,20.9,20.9,24.0,22.90125,71.24625,1.760914351851852,,169.32191666666668
2023-05-21,27.73,20.2,84.3,53.03,1868.0,6.35,78.0,0.0,2.5,2.5,18.01,21.02,21.02,24.0,22.797083333333333,76.93958333333333,1.4163078703703704,,129.37758333333332
2023-05-22,27.13,19.16,85.9,61.57,1088.0,5.199999999999999,81.0,0.0,2.5,2.5,19.76,22.81,22.81,24.0,23.24625,79.92208333333333,1.1295833333333334,,72.01670833333334
2023-05-23,27.94,20.51,87.6,62.52,358.1,3.7194444444444446,233.0,0.0,2.5,2.5,20.02,22.41,22.41,24.0,24.11916666666667,80.18291666666667,1.5728587962962963,,163.78895833333334
2023-05-24,28.99,20.13,87.2,62.17,1678.0,6.011111111111111,84.0,0.0,2.5,2.5,20.67,22.92,22.92,24.0,24.454583333333332,80.95875,1.593009259259259,,138.32320833333333
2023-05-25,28.43,21.74,88.6,62.84,1452.0,6.488888888888889,88.0,0.0,2.5,2.5,20.68,23.25,23.25,24.0,24.800416666666667,81.34541666666667,1.5838541666666666,,122.92045833333333
2023-05-26,30.08,21.99,89.5,65.38,1138.0,6.3,66.0,0.0,2.5,2.5,21.55,23.95,23.95,24.0,25.383750000000003,79.83083333333333,1.3681944444444445,,132.14683333333332
2023-05-27,29.22,22.12,88.3,62.43,1207.0,6.6000000000000005,66.0,0.0,2.5,2.5,22.45,25.92,25.92,24.0,25.567916666666665,80.76916666666666,1.5045717592592591,,106.66191666666667
2023-05-28,31.41,22.51,88.2,59.66,959.0,4.330555555555556,208.0,0.0,2.5,2.5,21.6,24.15,24.15,24.0,21.71166666666667,84.97,2.2927314814814816,,18.208166666666667
2023-05-29,24.7,19.42,88.1,77.08,21.84,6.538888888888889,132.0,0.0,2.5,2.5,16.8,19.42,19.42,24.0,20.225416666666664,80.80333333333333,1.8146064814814815,,35.570541666666664
2023-05-30,22.52,19.19,86.4,67.59,88.2,4.011111111111111,137.0,0.0,2.5,2.5,17.22,19.66,19.66,24.0,20.604583333333334,85.13208333333334,1.322314814814815,,47.58891666666667
2023-05-31,22.98,19.34,88.9,78.04,158.2,4.788888888888889,70.0,0.0,2.5,2.5,18.31,20.24,20.24,24.0,22.59583333333333,79.75791666666667,1.3483217592592593,,127.80604166666666
2023-06-01,28.4,19.97,89.1,57.65,1188.0,4.188888888888889,220.0,0.0,2.5,2.5,18.36,20.74,20.74,24.0,22.43875,80.13541666666667,1.3166782407407407,,157.59695833333333
2023-06-02,28.29,18.82,89.6,55.92,1637.0,4.088888888888889,94.0,0.0,2.5,2.5,17.49,19.74,19.74,24.0,22.14125,78.2775,1.4508680555555555,,167.12575
2023-06-03,27.7,17.67,87.4,54.33,1764.0,5.3,69.0,0.0,2.5,2.5,17.17,19.42,19.42,24.0,22.184583333333332,77.17333333333333,1.4252777777777776,,166.31254166666668
2023-06-04,28.45,17.65,88.4,52.7,1737.0,4.861111111111111,80.0,0.0,2.5,2.5,17.79,20.22,20.22,24.0,22.682083333333335,78.91000000000001,1.446736111111111,,163.28183333333334
2023-06-05,29.82,18.63,87.8,55.64,1678.0,4.3805555555555555,168.0,0.0,2.5,2.5,18.09,20.33,20.33,24.0,22.835416666666664,76.4325,1.8290972222222222,,156.81770833333334
2023-06-06,28.9,18.02,87.2,54.51,1573.0,6.6000000000000005,118.0,0.0,2.5,2.5,19.23,21.96,21.96,24.0,22.98875,80.08916666666667,1.334849537037037,,105.09616666666666
2023-06-07,26.5,20.9,87.6,65.52,806.0,4.361111111111111,84.0,0.0,2.5,2.5,18.82,21.19,21.19,24.0,22.885,78.39874999999999,1.1505902777777777,,160.33245833333334
2023-06-08,28.22,18.37,88.3,57.14,1624.0,4.3999999999999995,73.0,0.0,2.5,2.5,17.75,20.24,20.24,24.0,22.302916666666665,78.68458333333334,1.5408680555555554,,158.17054166666665
2023-06-09,28.02,17.67,88.1,56.29,1590.0,5.811111111111112,63.0,0.0,2.5,2.5,19.2,21.39,21.39,24.0,22.67833333333333,81.38416666666667,1.396087962962963,,156.88395833333334
2023-06-10,28.22,18.83,88.7,62.19,1567.0,4.680555555555556,98.0,0.0,2.5,2.5,18.4,20.93,20.93,24.0,25.66541666666667,65.58541666666666,1.4731597222222221,,159.10791666666668
2023-06-11,36.02,19.48,87.5,31.84,1604.0,4.988888888888889,327.0,0.0,2.5,2.5,17.91,25.04,25.04,24.0,24.5575,68.81166666666667,3.9137384259259256,,91.839875
2023-06-12,28.99,19.32,88.1,41.57,817.0,9.06111111111111,116.0,0.0,2.5,2.5,17.53,19.54,19.54,24.0,17.68375,86.79166666666667,2.171076388888889,,14.384749999999999
2023-06-13,19.69,16.18,88.8,79.64,14.4,6.080555555555556,221.0,0.0,2.5,2.5,13.5,16.77,16.77,24.0,16.32375,80.87833333333333,2.4180092592592595,,15.51025
2023-06-14,17.15,15.66,88.2,69.84,16.79,5.6611111111111105,263.0,0.0,2.5,2.5,14.23,16.38,16.38,24.0,17.977083333333333,88.59583333333335,2.6107291666666668,,20.130625
2023-06-15,19.41,16.34,89.8,86.8,27.5,5.8805555555555555,218.0,0.0,2.5,2.5,17.08,18.8,18.8,24.0,20.763749999999998,82.96124999999999,3.550381944444444,,45.7535
2023-06-16,25.2,18.53,90.6,61.08,217.5,12.161111111111111,114.0,0.0,2.5,2.5,13.38,18.64,18.64,24.0,21.557083333333335,61.002916666666664,3.6910300925925927,,157.72725
2023-06-17,26.7,17.67,78.53,46.13,1630.0,10.399999999999999,307.0,0.0,2.5,2.5,14.94,19.77,19.77,24.0,21.15375,64.04,2.391226851851852,,156.60933333333335
2023-06-18,27.85,15.77,79.61,39.67,1628.0,6.8999999999999995,244.0,0.0,2.5,2.5,12.02,19.88,19.88,24.0,18.618333333333332,65.63291666666667,2.5823263888888888,,147.13825
2023-06-19,23.59,15.42,82.3,46.05,1539.0,6.3694444444444445,211.0,0.0,2.5,2.5,12.59,15.59,15.59,24.0,17.881249999999998,73.97416666666668,1.6543402777777778,,122.38837500000001
2023-06-20,22.77,14.02,85.4,53.0,1207.0,4.811111111111111,99.0,0.0,2.5,2.5,13.27,15.72,15.72,24.0,19.23875,75.25208333333333,1.5425462962962964,,158.58420833333332
2023-06-21,24.97,13.98,86.2,49.77,1600.0,5.45,317.0,0.0,2.5,2.5,14.85,17.66,17.66,24.0,20.247916666666665,79.30041666666666,1.5398148148148147,,123.07662499999999
2023-06-22,24.57,16.34,86.1,66.2,1045.0,4.311111111111111,76.0,0.0,2.5,2.5,18.39,21.21,21.21,24.0,21.988333333333333,83.60041666666667,1.3011458333333332,,82.13170833333332
2023-06-23,25.7,19.76,88.0,73.3,607.9,4.638888888888888,70.0,0.0,2.5,2.5,19.79,21.87,21.87,24.0,22.96375,81.96791666666667,2.210659722222222,,58.275875000000006
2023-06-24,26.19,20.91,88.9,68.5,265.4,7.561111111111111,207.0,0.0,2.5,2.5,18.41,20.95,20.95,24.0,23.0525,79.47791666666667,1.1205671296296296,,147.31858333333332
2023-06-25,29.33,18.75,88.4,56.23,1440.0,3.75,101.0,0.0,2.5,2.5,19.1,21.3,21.3,24.0,24.14375,76.27625,1.2489930555555555,,153.04316666666668
2023-06-26,32.05,19.32,88.7,46.9,1516.0,4.6194444444444445,338.0,0.0,2.5,2.5,18.99,22.06,22.06,24.0,23.52125,76.97541666666666,1.4360763888888888,,152.88625
2023-06-27,29.71,19.9,87.6,55.46,1485.0,3.838888888888889,77.0,0.0,2.5,2.5,17.76,20.36,20.36,24.0,22.901666666666667,78.16083333333333,1.2591435185185185,,154.621125
2023-06-28,30.65,17.41,88.7,50.46,1541.0,4.761111111111111,78.0,0.0,2.5,2.5,18.29,20.52,20.52,24.0,24.167083333333334,73.68708333333333,1.610960648148148,,156.50958333333332
2023-06-29,35.0,18.74,88.1,35.09,1556.0,8.81111111111111,131.0,0.0,2.5,2.5,19.17,22.45,22.45,24.0,20.915833333333335,71.31541666666666,2.8593865740740743,,48.59916666666667
2023-06-30,22.5,18.97,82.2,61.23,171.5,6.838888888888889,99.0,0.0,2.5,2.5,15.02,19.24,19.24,24.0,20.609166666666667,76.17083333333333,1.4522916666666665,,88.10225000000001
2023-07-01,23.24,18.45,84.3,61.58,657.9,3.888888888888889,224.0,0.0,2.5,2.5,17.49,20.22,20.22,24.0,21.59958333333333,79.01666666666667,1.7280787037037035,,91.96583333333332
2023-07-02,26.16,19.36,87.0,62.29,633.4,5.730555555555555,120.0,0.0,2.5,2.5,16.68,19.66,19.66,24.0,21.065,80.71833333333333,1.6465856481481482,,107.41633333333334
2023-07-03,25.98,17.69,87.3,61.99,986.0,6.330555555555555,115.0,0.0,2.5,2.5,18.86,21.06,21.06,24.0,21.385833333333334,83.36916666666666,1.155150462962963,,66.37283333333333
2023-07-04,23.75,20.08,88.3,75.03,313.0,4.730555555555556,84.0,0.0,2.5,2.5,17.8,20.34,20.34,24.0,20.54041666666667,79.81541666666666,1.4222106481481482,,143.6465
2023-07-05,25.87,17.47,90.2,52.26,1479.0,6.688888888888888,72.0,0.0,2.5,2.5,15.7,18.07,18.07,24.0,19.929166666666667,79.485,1.5008912037037037,,160.679375
2023-07-06,25.63,15.44,88.6,61.55,1639.0,4.488888888888889,74.0,0.0,2.5,2.5,16.05,18.27,18.27,24.0,20.913333333333334,79.83541666666666,1.2694560185185184,,157.35916666666665
2023-07-07,27.72,15.89,88.2,56.01,1574.0,5.5,72.0,0.0,2.5,2.5,17.9,19.98,19.98,24.0,21.548333333333332,83.35916666666667,1.1066087962962963,,70.98295833333333
2023-07-08,26.04,18.14,89.2,69.73,338.3,3.5888888888888886,126.0,0.0,2.5,2.5,19.51,21.58,21.58,24.0,22.339166666666667,82.35083333333334,1.9036574074074073,,53.602833333333336
2023-07-09,26.91,20.42,88.1,67.08,317.2,7.699999999999999,114.0,0.0,2.5,2.5,18.06,21.74,21.74,24.0,21.244583333333335,83.27208333333333,1.044837962962963,,49.864583333333336
2023-07-10,23.38,19.37,88.5,74.52,202.3,3.5388888888888888,356.0,0.0,2.5,2.5,18.39,20.81,20.81,24.0,21.315,86.58749999999999,1.1125578703703705,,30.320541666666667
2023-07-11,23.16,20.09,89.5,79.75,66.04,4.680555555555556,95.0,0.0,2.5,2.5,18.99,20.77,20.77,24.0,20.490833333333335,88.24166666666667,1.4903356481481482,,15.071250000000001
2023-07-12,21.52,19.51,90.1,85.6,16.57,5.261111111111111,158.0,0.0,2.5,2.5,18.25,19.92,19.92,24.0,22.42625,86.54666666666667,1.6469675925925926,,60.655833333333334
2023-07-13,26.05,19.86,90.4,76.39,339.3,12.61111111111111,220.0,0.0,2.5,2.5,20.26,22.82,22.82,24.0,23.89916666666667,53.14041666666666,5.982997685185185,,172.8467916666667
2023-07-14,26.82,20.01,85.4,40.04,1877.0,22.472222222222225,276.0,0.0,2.5,2.5,11.31,20.01,20.01,24.0,19.023333333333333,58.998333333333335,2.822303240740741,,171.67212500000002
2023-07-15,24.66,15.08,77.43,39.78,1842.0,8.05,250.0,0.0,2.5,2.5,11.03,15.1,15.1,24.0,17.659583333333334,76.23,1.6377199074074074,,135.55608333333333
2023-07-16,22.95,13.53,85.5,59.66,1390.0,5.5,97.0,0.0,2.5,2.5,14.85,17.4,17.4,24.0,19.927083333333332,76.01458333333333,1.5523148148148147,,146.98008333333334
2023-07-17,25.7,15.99,86.6,53.73,1537.0,3.9305555555555554,77.0,0.0,2.5,2.5,16.85,20.39,20.39,24.0,20.2425,79.5725,2.2345949074074074,,63.68183333333334
2023-07-18,22.4,17.31,88.6,70.86,326.8,6.919444444444444,142.0,0.0,2.5,2.5,15.4,17.37,17.37,24.0,15.91375,83.77083333333333,1.9806828703703703,,18.391125
2023-07-19,17.45,14.53,88.7,71.14,24.11,4.9,232.0,0.0,2.5,2.5,12.56,16.16,16.16,24.0,16.629166666666666,80.52291666666666,1.762951388888889,,23.2715
2023-07-20,18.83,15.65,89.0,67.36,36.33,4.1305555555555555,232.0,0.0,2.5,2.5,14.68,16.48,16.48,24.0,19.175833333333333,85.93416666666667,1.5557407407407406,,83.3635
2023-07-21,23.21,16.29,89.4,74.21,509.1,5.830555555555555,76.0,0.0,2.5,2.5,18.32,20.6,20.6,24.0,21.372083333333332,85.9375,1.6128587962962964,,81.80725
2023-07-22,23.57,19.56,89.0,77.68,499.8,6.061111111111111,70.0,0.0,2.5,2.5,19.55,21.72,21.72,24.0,22.308333333333334,84.00166666666667,1.207650462962963,,98.75579166666667
2023-07-23,25.54,19.25,89.1,71.41,680.4,7.4111111111111105,62.0,0.0,2.5,2.5,17.71,19.63,19.63,24.0,22.22083333333333,82.2375,1.458773148148148,,151.146875
2023-07-24,28.18,19.11,90.3,62.27,1550.0,4.9111111111111105,99.0,0.0,2.5,2.5,18.09,20.04,20.04,24.0,22.236666666666665,84.22166666666666,1.494398148148148,,164.5619166666667
2023-07-25,28.0,18.75,91.0,66.64,1705.0,5.769444444444444,90.0,0.0,2.5,2.5,19.45,21.01,21.01,24.0,22.27,85.54458333333334,1.5844097222222222,,122.68129166666667
2023-07-26,26.08,20.68,91.0,71.52,1252.0,4.1499999999999995,89.0,0.0,2.5,2.5,19.29,21.05,21.05,24.0,22.699166666666667,84.22291666666666,1.509861111111111,,156.413
2023-07-27,26.64,20.28,90.4,68.52,1650.0,4.569444444444444,103.0,0.0,2.5,2.5,20.27,22.25,22.25,24.0,21.06416666666667,78.75083333333333,2.6749421296296294,,23.790833333333335
2023-07-28,22.52,18.9,88.6,69.39,33.63,8.530555555555555,94.0,0.0,2.5,2.5,16.35,19.11,19.11,24.0,19.664166666666667,84.12916666666666,1.9007175925925928,,40.73608333333333
2023-07-29,22.05,17.81,88.1,76.32,123.5,5.6611111111111105,117.0,0.0,2.5,2.5,15.28,18.04,18.04,24.0,18.434166666666666,72.07708333333333,1.6114814814814815,,56.95454166666667
2023-07-30,20.51,17.11,83.6,57.01,196.2,5.71111111111111,107.0,0.0,2.5,2.5,14.1,17.51,17.51,24.0,19.489166666666666,75.50375,1.835474537037037,,170.69829166666668
2023-07-31,23.53,16.91,85.7,55.95,1948.0,7.8805555555555555,68.0,0.0,2.5,2.5,15.05,17.45,17.45,24.0,20.217916666666667,78.42541666666666,1.396273148148148,,182.4985
2023-08-01,26.3,15.17,88.1,56.47,2018.0,4.45,81.0,0.0,2.5,2.5,16.14,18.29,18.29,24.0,20.315416666666668,81.86416666666666,1.6050810185185185,,150.24708333333334
2023-08-02,26.41,15.85,89.5,61.48,1582.0,5.738888888888889,85.0,0.0,2.5,2.5,16.54,18.73,18.73,24.0,19.878333333333334,84.87458333333333,1.673449074074074,,147.67841666666666
2023-08-03,24.79,16.81,89.6,69.05,1605.0,4.319444444444445,93.0,0.0,2.5,2.5,16.85,18.82,18.82,24.0,23.69125,72.50458333333333,1.7421412037037036,,185.11716666666666
2023-08-04,34.63,17.05,90.4,33.83,2043.0,6.65,119.0,6.858,2.5,2.5,18.8,22.23,22.23,24.0,23.436666666666667,78.86541666666666,1.6331134259259257,,154.78066666666666
2023-08-05,28.55,20.52,87.4,56.13,1689.0,5.688888888888889,77.0,0.0,2.5,2.5,18.6,20.76,20.76,24.0,22.295416666666668,81.19541666666667,1.9747337962962963,,176.03620833333332
2023-08-06,26.42,19.17,88.4,65.9,1884.0,7.4,102.0,0.0,2.5,2.5,18.92,22.09,22.09,24.0,22.85875,79.145,1.5522685185185185,,136.47541666666666
2023-08-07,26.46,20.29,87.9,64.5,1368.0,7.919444444444444,84.0,0.0,2.5,2.5,18.42,20.5,20.5,24.0,22.922916666666666,82.06833333333333,2.037916666666667,,145.36704166666667
2023-08-08,32.55,19.4,90.0,55.49,1585.0,14.0,131.0,0.0,2.5,2.5,18.06,20.78,20.78,24.0,19.93166666666667,82.88916666666667,2.5013541666666668,,36.93108333333333
2023-08-09,21.07,18.57,88.0,73.96,84.6,9.388888888888888,161.0,0.0,2.5,2.5,16.59,18.59,18.59,24.0,19.72041666666667,88.41250000000001,1.600787037037037,,24.108125
2023-08-10,21.22,18.53,90.5,86.1,49.41,7.119444444444444,60.0,0.0,2.5,2.5,18.82,20.63,20.63,24.0,21.64125,88.325,1.2917939814814814,,42.33591666666667
2023-08-11,24.51,20.32,90.1,78.4,191.7,5.688888888888889,230.0,0.0,2.5,2.5,20.0,21.81,21.81,24.0,22.719166666666666,79.00458333333333,2.3137731481481483,,40.980916666666666
2023-08-12,26.6,20.12,90.1,52.53,131.6,13.569444444444445,230.0,0.0,2.5,2.5,18.09,20.41,20.41,24.0,20.269166666666667,85.06791666666668,2.061099537037037,,21.654416666666666
2023-08-13,21.64,18.37,89.7,75.73,35.34,12.280555555555555,245.0,0.0,2.5,2.5,14.9,18.4,18.4,24.0,17.629166666666666,73.86416666666666,2.3993171296296296,,41.09283333333333
2023-08-14,18.88,16.3,83.4,62.21,119.8,7.319444444444445,119.0,0.0,2.5,2.5,13.42,16.77,16.77,24.0,19.332916666666666,77.31625,1.4065972222222223,,149.59483333333336
2023-08-15,24.82,16.5,84.8,61.82,1505.0,6.0888888888888895,72.0,0.0,2.5,2.5,16.19,18.8,18.8,24.0,21.450416666666666,77.53541666666666,1.9931481481481483,,185.829625
2023-08-16,25.9,16.52,86.9,59.09,2272.0,7.699999999999999,78.0,0.0,2.5,2.5,19.88,22.16,22.16,24.0,22.77208333333333,85.9825,1.3864699074074076,,117.126625
2023-08-17,26.45,21.51,93.1,75.57,1028.0,5.05,69.0,12.95,2.5,2.5,20.41,22.75,22.75,24.0,23.932083333333335,83.94208333333334,1.4632754629629627,,115.29170833333332
2023-08-18,26.96,22.27,90.9,71.78,930.0,6.338888888888889,71.0,0.0,2.5,2.5,20.98,22.66,22.66,24.0,24.724999999999998,82.47916666666667,1.9473726851851854,,181.86925
2023-08-19,30.47,21.04,91.8,64.06,2184.0,17.219444444444445,239.0,19.3,2.5,2.5,18.67,21.05,21.05,24.0,21.9575,77.40583333333333,2.739548611111111,,157.43708333333333
2023-08-20,26.18,20.27,88.6,58.75,1589.0,9.299999999999999,124.0,0.508,2.5,2.5,16.42,21.02,21.02,24.0,23.138333333333335,77.0425,1.845787037037037,,187.235375
2023-08-21,26.98,20.28,86.5,62.18,2272.0,6.4111111111111105,77.0,0.0,2.5,2.5,19.12,21.66,21.66,24.0,23.577916666666667,79.39333333333333,1.9710879629629627,,188.27608333333333
2023-08-22,29.0,20.36,88.8,60.82,2240.0,6.288888888888889,85.0,0.0,2.5,2.5,19.0,21.27,21.27,24.0,23.424166666666665,82.68041666666666,1.6167013888888888,,173.90970833333336
2023-08-23,27.78,20.0,90.0,69.71,2014.0,6.761111111111111,69.0,0.0,2.5,2.5,21.26,23.38,23.38,24.0,29.753333333333334,62.91375,2.341134259259259,,202.14045833333333
2023-08-24,41.05,22.51,89.0,26.48,2392.0,11.05,281.0,0.0,2.5,2.5,20.07,37.67,34.95,24.0,23.160833333333333,81.62125,3.4821296296296294,,57.83841666666667
2023-08-25,34.9,18.06,89.2,41.41,239.6,9.369444444444444,128.0,18.8,,,16.42,18.55,18.55,24.0,18.089583333333334,84.32958333333333,1.9829745370370369,,19.765916666666666
2023-08-26,19.52,16.77,89.0,69.09,39.97,7.161111111111111,271.0,17.02,,,13.82,17.64,17.64,24.0,18.724166666666665,61.46958333333333,2.265,,194.52829166666666
2023-08-27,23.13,15.37,86.4,34.16,2472.0,6.111111111111111,121.0,0.0,,,12.01,16.81,16.81,24.0,17.450833333333332,68.43833333333333,2.17,,77.49695833333332
2023-08-28,20.41,16.14,78.36,58.26,457.6,6.169444444444444,117.0,0.0,,,10.4,16.91,16.91,24.0,17.39708333333333,67.12916666666666,1.3513425925925926,,67.38304166666667
2023-08-29,19.86,14.89,79.93,56.33,303.8,4.6194444444444445,92.0,0.0,,,13.2,16.89,16.89,24.0,18.845000000000002,76.18625,2.102800925925926,,93.52354166666667
2023-08-30,22.45,16.38,88.2,61.73,537.9,6.1194444444444445,222.0,1.016,,,16.39,18.49,18.49,24.0,21.610833333333332,78.25791666666667,2.573298611111111,,239.04629166666666
2023-08-31,28.26,18.41,88.2,55.54,3359.0,7.711111111111111,118.0,0.0,,,18.23,21.02,21.02,24.0,22.56625,77.57583333333334,2.0627083333333336,,233.92791666666668
2023-09-01,27.68,19.4,88.3,55.6,3103.0,8.411111111111111,92.0,0.0,,,17.8,19.98,19.98,24.0,21.885833333333334,77.75791666666667,2.116909722222222,,195.18608333333336
2023-09-02,25.72,19.09,88.4,62.5,2543.0,8.15,91.0,0.0,,,18.12,21.67,21.67,24.0,21.941666666666666,84.74208333333333,1.6971412037037037,,23.54558333333333
2023-09-03,23.43,21.22,89.6,77.34,33.85,7.638888888888888,237.0,3.302,,,19.4,21.22,21.22,24.0,23.649583333333336,81.79125,1.760590277777778,,149.11266666666668
2023-09-04,30.2,20.35,90.7,58.83,1542.0,6.419444444444444,185.0,0.0,,,20.09,22.63,22.63,24.0,25.322916666666668,81.49458333333334,1.8006365740740742,,152.55533333333332
2023-09-05,31.05,22.25,88.9,63.24,1925.0,13.688888888888888,275.0,4.826,,,22.81,34.12,30.12,24.0,24.809166666666666,68.41875,4.342592592592593,,137.61829166666666
2023-09-06,30.87,19.95,81.6,53.7,1181.0,15.78888888888889,262.0,0.0,,,16.04,20.02,20.02,24.0,20.575416666666666,75.19500000000001,1.6410300925925927,,69.05579166666666
2023-09-07,23.59,19.2,87.1,61.63,278.7,4.6194444444444445,154.0,0.0,,,17.97,20.33,20.33,24.0,22.30875,78.50916666666667,2.116724537037037,,77.20225
2023-09-08,24.72,19.77,87.9,65.65,412.6,8.730555555555556,77.0,0.762,,,19.37,22.12,22.12,24.0,24.454166666666666,78.25375,1.787164351851852,,181.01649999999998
2023-09-09,31.04,21.39,87.3,55.44,2264.0,5.980555555555556,85.0,0.254,,,20.96,23.27,23.27,24.0,24.1075,80.6225,1.6672106481481481,,69.0005
2023-09-10,28.34,21.44,88.3,64.28,259.8,6.430555555555555,144.0,0.254,,,19.01,21.66,21.66,24.0,22.509583333333335,82.36416666666666,1.7433564814814815,,99.72583333333334
2023-09-11,25.17,20.94,88.9,74.13,676.9,5.830555555555555,85.0,0.254,,,19.1,21.08,21.08,24.0,23.87125,80.82833333333333,1.6778356481481482,,206.019375
2023-09-12,28.75,20.69,88.7,63.46,2779.0,7.638888888888888,67.0,0.0,,,21.66,24.31,24.31,24.0,24.744583333333335,81.87541666666667,2.137627314814815,,152.01583333333335
2023-09-13,29.79,22.35,90.0,68.13,1639.0,10.180555555555555,114.0,0.0,,,20.03,22.56,22.56,24.0,23.67833333333333,83.04458333333334,1.697800925925926,,116.25454166666667
2023-09-14,26.73,21.97,89.6,65.43,997.0,8.980555555555554,305.0,5.08,,,19.69,26.58,26.58,24.0,23.805833333333336,62.18208333333334,3.476111111111111,,177.57387500000002
2023-09-15,28.44,18.81,78.59,40.23,2169.0,10.530555555555555,210.0,0.0,,,15.03,18.85,18.85,24.0,20.205833333333334,72.67958333333333,1.8455092592592592,,92.81820833333335
2023-09-16,22.84,17.62,85.6,58.72,648.2,6.830555555555556,71.0,0.0,,,15.61,21.04,21.04,24.0,22.73125,72.73625,2.105960648148148,,266.434125
2023-09-17,27.28,17.87,86.8,53.84,3890.0,8.661111111111111,67.0,0.0,,,18.26,20.57,20.57,24.0,23.68958333333333,80.15458333333333,2.0211574074074075,,243.60316666666665
2023-09-18,32.14,18.9,91.4,51.16,3527.0,5.461111111111111,79.0,0.0,,,20.63,22.11,22.11,24.0,25.59125,80.43916666666667,2.052627314814815,,234.91195833333333
2023-09-19,26.42,26.1,76.65,73.54,0.0,1.87,339.0,0.0,,,21.45,26.2,26.2,24.0,25.957916666666666,78.82000000000001,2.3682060185185185,,220.022875
2023-09-20,30.94,23.46,90.4,62.85,3172.0,9.55,114.0,15.24,,,21.92,23.77,23.77,24.0,26.25375,79.17458333333333,2.011458333333333,,221.35870833333334
2023-09-21,31.25,23.65,89.5,58.99,2903.0,6.988888888888889,69.0,3.81,,,21.8,23.77,23.77,24.0,25.712500000000002,78.39416666666666,2.1572916666666666,,214.07112500000002
2023-09-22,29.73,23.0,90.2,59.35,2987.0,9.55,69.0,0.0,,,22.01,25.42,25.42,24.0,26.017916666666665,81.72666666666667,1.9022222222222223,,150.65975
2023-09-23,30.7,23.73,88.8,65.11,2063.0,8.5,83.0,0.762,,,21.83,23.77,23.77,24.0,25.750833333333333,81.6675,2.0871412037037036,,184.17012499999998
2023-09-24,30.65,23.07,90.6,64.55,2473.0,8.81111111111111,135.0,0.0,,,21.74,25.25,25.25,24.0,26.398750000000003,79.62166666666667,2.405625,,212.752375
2023-09-25,35.68,22.99,89.9,56.62,2977.0,13.319444444444445,138.0,10.67,,,20.89,24.15,24.15,24.0,23.316666666666666,85.38291666666667,2.2823842592592594,,52.012875
2023-09-26,25.06,22.21,90.2,77.48,165.8,6.830555555555556,137.0,11.68,,,21.21,23.11,23.11,24.0,25.020833333333332,86.33291666666666,2.6096296296296297,,168.0825
2023-09-27,29.63,22.52,91.6,72.49,2289.0,8.838888888888889,71.0,20.83,,,23.19,24.74,24.74,24.0,24.98875,84.11125,2.7561689814814816,,93.87395833333333
2023-09-28,30.43,21.31,91.5,62.48,759.6,9.661111111111111,146.0,22.35,,,14.89,21.34,21.34,24.0,21.826666666666668,69.69166666666666,3.0686342592592593,,154.4085
2023-09-29,24.59,19.89,86.2,55.49,1414.0,7.1305555555555555,116.0,0.762,,,17.9,20.3,20.3,8.0,20.1025,87.275,1.5102430555555555,,1.5990000000000002
2023-10-05,,,,,,,,,,,,,,13.0,20.535384615384615,87.03769230769231,1.903440170940171,,71.57830769230769
2023-10-06,22.94,19.44,90.6,75.86,126.6,6.430555555555555,114.0,10.16,1.784,0.4449999,18.13,19.72,19.72,24.0,21.76875,86.85666666666667,1.4250925925925928,,84.82220833333334
2023-10-07,25.87,19.41,92.7,72.9,550.3,3.738888888888889,140.0,0.762,1.673,0.448,20.68,22.35,22.35,24.0,22.690833333333334,90.65833333333335,1.4810185185185185,,22.362166666666667
2023-10-08,24.04,21.94,92.2,86.0,40.26,6.530555555555556,212.0,33.78,1.507,0.632,21.21,22.78,22.78,24.0,21.9225,91.22083333333335,2.1725694444444446,,25.772666666666666
2023-10-09,23.35,20.96,93.3,88.5,46.16,7.01111111111111,120.0,66.55,2.4,0.551,20.15,21.4,21.4,24.0,22.940833333333334,83.28208333333333,2.34,,152.57383333333334
2023-10-10,27.16,21.19,92.5,69.29,1725.0,9.361111111111112,117.0,0.0,2.4,0.76,18.73,21.51,21.51,24.0,23.202083333333334,78.11375,1.8944212962962963,,195.37879166666667
2023-10-11,26.56,20.66,87.9,65.87,2311.0,7.261111111111111,75.0,0.0,1.711,0.2319999,19.34,23.04,23.04,24.0,24.495416666666667,79.22,2.2957638888888887,,250.52712499999998
2023-10-12,28.68,20.98,89.0,62.23,3618.0,7.911111111111111,65.0,0.508,1.764,0.03900004,21.6,23.57,23.57,24.0,21.374583333333334,90.6125,2.6391435185185186,,15.760916666666667
2023-10-13,23.71,19.26,92.8,85.1,19.23,8.780555555555555,251.0,96.0,2.4,0.08400011,17.23,19.63,19.63,24.0,18.68583333333333,87.17083333333333,2.1012268518518518,,41.84920833333333
2023-10-14,19.96,17.56,90.2,78.78,102.5,5.688888888888889,168.0,8.13,2.5,0.2869999,15.72,17.99,17.99,24.0,19.664166666666667,84.78041666666667,1.3443981481481482,,80.25500000000001
2023-10-15,22.98,17.73,89.7,69.48,438.9,5.019444444444445,68.0,2.286,2.109,-0.08500004,17.83,20.5,20.5,24.0,21.9075,80.885,1.7187152777777779,,111.31524999999999
2023-10-16,25.66,19.45,89.1,63.09,696.3,5.330555555555556,75.0,0.0,2.4,-0.2360001,19.64,21.51,21.51,24.0,22.432916666666667,88.64999999999999,2.2045601851851853,,79.19291666666666
2023-10-17,25.42,21.19,92.3,79.68,601.1,11.03888888888889,198.0,24.89,1.899,-0.2090001,20.62,22.17,22.17,24.0,23.5625,85.135,2.2900810185185185,,55.405249999999995
2023-10-18,25.94,21.19,91.4,77.92,159.1,10.13888888888889,234.0,2.032,2.4,-0.175,19.03,21.88,21.88,24.0,22.002916666666668,71.80708333333332,2.5417129629629627,,167.5205
2023-10-19,24.59,19.54,86.2,52.04,1762.0,6.238888888888889,99.0,0.254,2.4,0.4189999,16.67,19.56,19.56,24.0,19.72875,86.57083333333333,1.7155324074074072,,48.067791666666665
2023-10-20,20.78,18.83,91.8,77.95,139.3,5.3805555555555555,144.0,2.286,2.027,0.411,17.72,19.1,19.1,24.0,20.846666666666668,83.07333333333334,2.0586689814814814,,116.61566666666666
2023-10-21,24.09,18.38,91.9,69.15,1140.0,6.7,77.0,0.762,1.624,0.4330001,18.39,20.83,20.83,24.0,22.441666666666666,81.31625,1.3675,,129.264875
2023-10-22,25.8,19.88,90.0,67.77,1009.0,5.6194444444444445,93.0,0.0,1.651,0.415,18.85,22.29,22.29,24.0,23.577083333333334,78.10208333333334,1.892199074074074,,156.40712499999998
2023-10-23,25.88,21.58,86.3,69.47,1524.0,8.669444444444444,71.0,0.0,1.619,0.2509999,20.55,23.25,23.25,24.0,24.489583333333332,80.67041666666667,1.9227430555555556,,207.48329166666667
2023-10-24,28.57,22.19,88.2,67.08,2775.0,6.85,88.0,0.0,2.4,0.1170001,21.06,23.56,23.56,24.0,25.7825,81.54333333333334,2.0206828703703703,,185.98841666666667
2023-10-25,30.42,23.31,87.2,69.22,2453.0,7.061111111111112,120.0,0.0,1.88,0.009000063,20.98,24.19,24.19,24.0,21.465,79.82217391304349,2.767696759259259,,91.21004166666667
2023-10-26,25.6,,90.2,,586.5,7.069444444444444,63.0,6.858,1.96,0.266,19.44,21.29,21.29,24.0,20.787916666666664,85.84833333333334,1.8552893518518518,,64.39687500000001
2023-10-27,23.65,,90.8,,298.2,6.3999999999999995,148.0,1.016,2.4,0.277,17.85,20.58,20.58,24.0,21.12333333333333,87.94583333333333,1.707997685185185,,45.611625000000004
2023-10-28,23.67,,90.3,,126.1,7.088888888888889,357.0,4.826,2.5,0.1270001,20.78,23.65,23.65,24.0,22.441666666666666,89.79583333333333,1.7639236111111112,,25.25791666666667
2023-10-29,24.12,,92.1,,41.43,4.7,231.0,33.78,1.955,-0.3699999,21.65,23.19,23.19,24.0,23.03333333333333,90.6125,1.8721180555555554,,116.79420833333334
2023-10-30,28.66,,92.0,,1076.0,9.469444444444445,228.0,30.73,2.097,-0.09800005,22.5,25.01,25.01,24.0,24.17238095238095,82.29142857142857,2.2803935185185185,,165.94208333333333
2023-10-31,31.12,,92.1,,1938.0,10.088888888888889,239.0,34.8,2.15,-0.07399988,,-100.0,-133.9,24.0,23.786190476190477,88.78695652173913,1.8923958333333333,,41.472833333333334
2023-11-01,26.33,,91.7,,125.0,6.449999999999999,164.0,5.08,1.951,0.0869999,20.98,22.53,22.53,24.0,23.95375,81.01541666666667,2.8204166666666666,,166.87116666666665
2023-11-02,27.08,21.48,90.8,67.46,1950.0,8.06111111111111,105.0,3.81,2.4,0.29,20.32,22.04,22.04,24.0,22.67375,84.22166666666666,1.6465393518518516,,97.69729166666667
2023-11-03,26.1,,91.0,,582.2,5.95,72.0,10.41,1.717,0.3099999,20.72,22.73,22.73,24.0,23.145416666666666,87.305,1.964386574074074,,60.90608333333333
2023-11-04,26.45,,93.4,,461.6,10.180555555555555,244.0,74.17,2.4,0.1069999,17.31,23.81,23.81,24.0,22.387083333333333,56.431739130434785,4.587465277777778,,355.9370833333333
2023-11-05,31.1,,78.06,,6214.0,11.330555555555556,274.0,0.0,2.4,-0.05999994,14.77,19.82,19.82,24.0,12.786083333333332,64.02291666666666,2.269664351851852,,351.98125
2023-11-06,27.69,,87.5,,6047.0,8.311111111111112,65.0,0.0,2.085,1.077,,-100.0,-124.1,24.0,,80.10000000000001,2.04900462962963,,238.5625
2023-11-07,25.91,,86.8,,3604.0,7.080555555555555,82.0,0.0,1.606,0.6949999,,-100.0,-131.5,24.0,22.47761904761905,67.04954545454545,2.506712962962963,,299.26916666666665
2023-11-08,27.42,,84.1,,4927.0,10.069444444444445,70.0,0.0,1.483,0.3510001,18.63,23.87,23.87,24.0,25.455,72.685,2.517326388888889,,301.40333333333336
2023-11-09,29.48,22.22,85.9,55.86,4984.0,8.619444444444445,82.0,0.0,1.437,0.1719999,21.15,23.78,23.78,24.0,27.260833333333334,74.07041666666667,2.1624421296296297,,206.36158333333333
2023-11-10,37.48,,89.4,,2469.0,10.75,127.0,0.0,1.702,-0.408,22.21,24.57,24.57,24.0,23.504166666666666,86.38,2.265902777777778,,36.66291666666667
2023-11-11,25.4,,91.6,,80.7,6.461111111111111,127.0,1.016,1.962,0.2149999,22.62,24.31,24.31,24.0,14.867391304347825,83.65347826086956,2.1747685185185186,,222.84529166666667
2023-11-12,30.45,,90.7,,2670.0,7.838888888888889,72.0,5.334,1.913,-0.191,23.18,25.99,25.99,24.0,15.230666666666668,76.63263157894737,2.4179050925925925,,288.22095833333333
2023-11-13,37.4,,86.9,,4482.0,11.5,117.0,0.0,1.759,-0.2160001,23.0,26.0,26.0,24.0,26.75791666666667,84.52833333333334,1.9669675925925925,,143.665
2023-11-14,31.0,25.38,91.3,68.87,1855.0,10.811111111111112,108.0,14.48,1.902,-0.1619999,24.68,26.54,26.54,24.0,26.11125,87.21666666666665,2.1908564814814815,,64.64270833333333
2023-11-15,29.42,,91.7,,371.8,8.11111111111111,222.0,4.064,2.4,0.08500004,22.3,24.32,24.32,24.0,27.08375,81.85833333333333,1.8854513888888889,,143.68395833333332
2023-11-16,31.71,23.42,91.2,66.34,1227.0,6.730555555555555,218.0,0.254,2.4,0.07299995,24.75,31.0,27.25,24.0,26.370833333333334,87.29,1.8291087962962962,,47.49125
2023-11-17,28.38,24.42,91.8,77.45,128.3,6.2,208.0,15.24,1.848,0.181,22.9,24.51,24.51,24.0,25.249583333333334,87.99208333333333,1.5803125,,55.68125
2023-11-18,28.36,24.27,91.2,73.95,202.6,6.0888888888888895,210.0,9.14,2.4,0.359,23.35,25.71,25.71,24.0,27.209166666666665,85.01541666666667,2.4585648148148147,,182.92966666666666
2023-11-19,32.55,24.97,91.4,74.14,2382.0,11.830555555555556,135.0,1.016,2.5,-1.299,23.59,25.72,25.72,24.0,25.517916666666668,78.8725,2.1819212962962964,,122.40854166666668
2023-11-20,30.12,,90.6,,936.0,6.419444444444444,117.0,7.366,1.764,0.2709999,20.75,24.0,24.0,24.0,15.783833333333334,80.7975,2.0178125000000002,,134.134625
2023-11-21,27.61,,89.6,,1471.0,6.230555555555555,128.0,0.508,2.4,0.481,20.88,23.06,23.06,24.0,14.140214285714285,77.5178947368421,2.1010416666666667,,328.90608333333336
2023-11-22,31.22,,89.3,,5400.0,9.249999999999998,67.0,0.0,1.7,0.3399999,23.98,29.78,26.85,24.0,20.56904347826087,83.29041666666667,1.8538194444444445,,189.78591666666668
2023-11-23,34.44,,91.5,,2622.0,8.119444444444444,75.0,43.43,1.781,0.3599999,24.13,25.77,25.77,24.0,10.800000000000002,85.985,2.590011574074074,,43.666125
2023-11-24,27.23,,90.7,,112.9,7.749999999999999,117.0,1.524,1.922,0.296,,-100.0,-137.2,24.0,18.2955,65.2995,2.259085648148148,,318.26500000000004
2023-11-25,30.31,,81.7,,5451.0,6.530555555555556,133.0,0.0,2.4,0.4319999,20.09,23.84,23.84,24.0,15.710375,73.82818181818182,2.560185185185185,,202.4070416666667
2023-11-26,28.22,,85.3,,2420.0,7.269444444444445,102.0,0.0,1.992,0.234,,-100.0,-123.0,24.0,23.865714285714287,78.71916666666667,1.8646412037037037,,117.80516666666666
2023-11-27,28.32,,87.6,,781.6,6.019444444444445,96.0,3.556,2.142,0.2220001,20.98,23.65,23.65,24.0,24.491666666666664,86.44708333333334,1.417349537037037,,70.832375
2023-11-28,26.82,,90.3,,291.5,3.7194444444444446,107.0,24.38,2.4,-0.1329999,22.55,24.33,24.33,24.0,25.547083333333333,87.49583333333334,1.3091782407407406,,63.840875000000004
2023-11-29,28.22,24.21,90.1,80.9,269.4,4.769444444444445,159.0,21.08,1.962,-0.04999995,22.63,24.51,24.51,24.0,25.360941176470586,78.47235294117647,2.6005208333333334,,295.67625000000004
2023-11-30,33.12,,89.6,,4886.0,8.299999999999999,105.0,0.254,2.4,-0.04400015,23.11,26.38,26.38,24.0,12.556,78.54619047619047,2.5686111111111107,,331.00291666666664
2023-12-01,32.64,,88.6,,5668.0,9.21111111111111,79.0,0.0,1.838,-0.08500004,23.9,29.62,26.79,24.0,9.44975,77.17999999999999,2.2955555555555556,,192.19425
2023-12-02,32.21,,84.2,,2098.0,7.430555555555555,81.0,0.0,2.4,0.184,,-100.0,-139.1,24.0,16.865199999999998,79.97,2.405034722222222,,250.692
2023-12-03,32.67,,84.4,,3339.0,8.011111111111111,64.0,0.0,1.713,0.1329999,,-100.0,-125.7,24.0,26.94086956521739,81.10260869565218,2.084537037037037,,178.25125
2023-12-04,32.85,,86.2,,2633.0,8.930555555555555,70.0,0.0,2.5,0.217,,-100.0,-119.2,24.0,27.889166666666668,80.60434782608696,3.497453703703704,,148.31258333333332
2023-12-05,32.11,,89.9,,1604.0,9.088888888888889,152.0,4.826,2.4,-0.08999991,23.32,25.89,25.89,24.0,25.90041666666667,88.55,3.4965393518518515,,76.55554166666667
2023-12-06,27.97,24.74,90.6,81.3,362.9,8.55,150.0,27.94,2.5,-0.618,24.24,25.98,25.98,24.0,28.647916666666664,83.02708333333334,2.138078703703704,,227.30183333333332
2023-12-07,33.28,25.78,90.4,65.11,3514.0,8.580555555555556,82.0,5.08,1.461,0.6919999,26.21,35.21,28.69,24.0,28.859333333333336,74.0975,2.2065740740740742,,170.27124999999998
2023-12-08,39.3,,88.6,,1792.0,13.61111111111111,261.0,13.46,1.58,0.518,24.9,30.59,27.02,24.0,24.445458333333335,78.43208333333332,3.317222222222222,,79.9095
2023-12-09,27.1,,89.0,,364.1,8.980555555555554,112.0,0.0,1.919,0.561,19.3,22.73,22.73,24.0,23.662916666666664,79.19375,1.5921874999999999,,79.70195833333334
2023-12-10,27.46,21.9,86.7,64.31,396.0,7.711111111111111,122.0,1.016,2.5,0.391,20.29,23.43,23.43,24.0,23.927916666666665,84.78833333333334,1.2296412037037037,,68.85875
2023-12-11,26.15,22.06,88.9,77.56,283.5,4.919444444444444,357.0,6.604,1.856,0.06099987,22.21,24.29,24.29,24.0,22.39,80.77380952380952,2.063587962962963,,145.73458333333335
2023-12-12,28.25,,89.5,,1300.0,8.06111111111111,97.0,6.858,1.807,-0.08299994,20.37,23.28,23.28,24.0,26.66638888888889,69.04400000000001,2.174675925925926,,327.045
2023-12-13,31.52,,87.2,,5707.0,8.338888888888889,74.0,0.0,1.841,-2.193,21.5,24.84,24.84,24.0,26.56190476190476,72.19217391304348,2.5485416666666665,,360.538125
2023-12-14,32.11,,86.4,,6237.0,9.68888888888889,64.0,0.0,2.4,-0.224,22.92,30.57,27.6,24.0,29.25791666666667,71.585,2.5686111111111107,,351.67325
2023-12-15,33.82,,83.1,,5926.0,9.63888888888889,73.0,0.0,1.747,-0.7190001,23.9,30.93,27.48,24.0,22.80778260869565,76.26818181818182,2.5799652777777777,,323.33875
2023-12-16,33.87,,85.3,,5499.0,8.11111111111111,56.0,0.0,2.4,0.119,25.18,35.4,29.4,24.0,30.457916666666666,75.21833333333333,2.3514930555555558,,331.46575
2023-12-17,34.88,27.38,86.5,55.87,5824.0,8.269444444444444,73.0,0.0,2.4,0.05999994,24.97,32.18,27.76,24.0,30.195416666666663,77.0675,1.9102083333333333,,197.32883333333334
2023-12-18,34.21,27.14,86.7,60.6,2087.0,7.561111111111111,73.0,0.0,2.4,0.2290001,26.1,36.87,29.62,24.0,30.432916666666667,75.74416666666667,2.5650694444444446,,288.78091666666666
2023-12-19,33.59,28.38,84.8,63.43,4894.0,9.080555555555554,68.0,0.0,2.4,0.2309999,24.71,33.25,28.43,24.0,30.002916666666664,71.78875000000001,2.4924537037037036,,315.01849999999996
2023-12-20,33.78,27.02,84.0,56.44,5276.0,8.71111111111111,74.0,0.0,1.777,0.3310001,23.58,32.16,28.33,24.0,29.370416666666667,70.74708333333334,2.850729166666666,,322.51166666666666
2023-12-21,33.3,25.86,84.3,53.04,5565.0,8.319444444444445,102.0,0.0,2.4,0.641,23.49,29.37,26.75,24.0,29.07166666666667,73.28541666666666,2.664456018518518,,289.55245833333333
2023-12-22,33.75,25.96,87.4,50.18,4694.0,7.269444444444445,70.0,2.54,1.653,0.3410001,24.4,33.35,28.65,24.0,30.595416666666665,71.61375,2.2563773148148147,,349.67775
2023-12-23,36.32,26.14,86.3,49.87,5917.0,9.569444444444445,77.0,0.0,1.75,-0.4219999,25.12,35.22,29.33,24.0,29.405833333333334,71.84083333333334,2.622777777777778,,147.58233333333334
2023-12-24,33.87,26.8,84.1,55.38,1167.0,10.630555555555556,237.0,0.0,1.782,-0.7590001,24.43,32.38,28.08,24.0,30.203333333333333,74.55791666666667,2.8256365740740743,,324.195875
2023-12-25,35.54,25.82,88.0,51.5,5628.0,12.75,268.0,5.08,1.954,0.537,23.81,26.23,26.23,24.0,30.12875,77.07333333333334,2.0633912037037034,,248.13829166666667
2023-12-26,34.67,25.41,87.4,55.97,3209.0,6.019444444444445,91.0,0.0,2.4,0.312,24.73,37.08,30.79,24.0,30.115,62.80916666666667,3.316956018518518,,340.94345833333335
2023-12-27,36.23,26.91,81.4,34.46,5959.0,8.930555555555555,134.0,0.0,2.143,0.5550001,19.35,28.19,26.91,24.0,27.717083333333335,62.59166666666667,3.025983796296296,,212.12325
2023-12-28,30.27,25.38,79.62,50.29,2444.0,10.288888888888888,106.0,0.254,2.5,0.247,21.52,25.54,25.54,24.0,28.904583333333335,70.55833333333334,2.6243287037037035,,358.9602916666667
2023-12-29,33.19,24.49,83.1,54.29,6175.0,10.119444444444444,71.0,0.0,2.03,-0.01600003,23.29,30.61,27.5,24.0,31.42,66.69041666666666,2.7626967592592595,,264.27433333333335
2023-12-30,38.1,25.99,84.8,39.86,3523.0,12.488888888888889,218.0,0.0,2.4,-0.08099985,23.64,32.11,28.27,24.0,29.076666666666668,64.38291666666667,3.6058680555555553,,353.8298333333333
2023-12-31,32.5,26.0,82.0,44.55,6028.0,10.8,129.0,0.0,2.024,0.467,21.02,26.07,26.07,24.0,26.154583333333335,74.85625,2.7105671296296294,,114.98174999999999
2024-01-01,29.05,24.74,85.5,63.97,760.5,7.8500000000000005,126.0,0.508,2.152,0.1589999,22.18,24.76,24.76,24.0,27.230416666666667,77.09541666666667,2.3466550925925924,,184.11125
2024-01-02,31.64,24.2,88.1,62.8,2231.0,8.96111111111111,81.0,3.556,2.5,0.457,22.53,30.26,27.54,24.0,28.65416666666667,72.30291666666666,2.7250578703703705,,311.40187499999996
2024-01-03,32.71,25.47,87.6,59.05,5377.0,9.71111111111111,96.0,3.556,1.59,0.408,23.52,25.84,25.84,24.0,25.732916666666668,84.86583333333333,3.2085763888888885,,102.86829166666666
2024-01-04,26.94,24.38,90.1,74.55,581.0,8.75,119.0,30.99,1.614,0.448,22.21,25.26,25.26,24.0,26.74208333333333,78.47083333333333,2.7538194444444444,,146.37133333333333
2024-01-05,30.75,,88.8,,1121.0,6.4111111111111105,108.0,3.302,1.553,0.4530001,23.25,26.11,26.11,24.0,26.252916666666668,83.56333333333333,2.5369907407407406,,181.33558333333335
2024-01-06,30.45,,89.3,,2328.0,7.05,116.0,41.4,1.485,0.642,22.9,25.43,25.43,24.0,27.86583333333333,77.51291666666667,2.050763888888889,,220.029125
2024-01-07,31.41,25.18,88.7,64.39,3051.0,7.219444444444444,51.0,1.778,2.4,0.562,23.41,30.85,27.6,24.0,29.218333333333334,73.80375,2.381921296296296,,312.17329166666667
2024-01-08,33.6,26.08,83.7,59.3,5346.0,8.869444444444444,76.0,0.0,1.495,0.326,24.68,34.07,28.92,24.0,30.743750000000002,75.91916666666667,2.739872685185185,,340.3460833333333
2024-01-09,35.04,,89.1,,5713.0,16.480555555555554,220.0,10.67,2.5,0.299,23.54,25.66,25.66,24.0,29.969166666666666,74.45833333333333,2.9841319444444445,,301.31649999999996
2024-01-10,37.15,,90.1,,5238.0,9.669444444444444,101.0,33.02,1.987,0.329,24.69,31.43,27.48,24.0,30.65416666666667,75.65333333333334,2.5616203703703704,,325.05829166666666
2024-01-11,34.61,26.76,87.4,61.22,5263.0,8.338888888888889,71.0,0.0,2.4,0.1389999,26.57,38.43,30.13,24.0,30.871666666666666,79.88916666666667,2.569444444444444,,261.445375
2024-01-12,35.89,26.39,91.5,64.25,4154.0,16.580555555555556,157.0,41.15,2.5,-3.517,25.49,31.96,27.47,24.0,27.520833333333332,80.77791666666667,2.899351851851852,,55.621541666666666
2024-01-13,30.32,24.6,89.0,68.52,181.6,8.761111111111111,122.0,3.048,2.5,-1.377,22.75,24.91,24.91,24.0,25.422083333333333,81.73833333333333,2.5066435185185187,,95.04145833333332
2024-01-14,28.39,,88.9,,501.0,6.319444444444445,130.0,1.27,2.151,0.1210001,21.56,24.23,24.23,24.0,27.850416666666664,73.25875,1.9185648148148147,,351.9352083333333
2024-01-15,35.04,,85.4,,6059.0,8.530555555555555,85.0,0.0,1.994,0.05800009,24.43,32.25,28.01,24.0,28.04479166666667,80.20958333333333,2.1672337962962964,,210.303625
2024-01-16,34.08,,88.9,,3163.0,5.95,206.0,2.54,1.905,0.09100008,25.86,33.11,27.86,24.0,30.57875,78.56208333333333,2.010972222222222,,299.2948333333333
2024-01-17,36.49,,88.9,,5174.0,7.719444444444444,238.0,2.286,1.894,0.2720001,27.54,39.49,29.92,24.0,27.800083333333333,78.24416666666666,2.314849537037037,,169.28620833333335
2024-01-18,36.2,,88.6,,1943.0,6.761111111111111,208.0,2.54,2.5,0.2060001,26.26,35.54,28.82,24.0,26.743750000000002,83.39086956521739,1.6561574074074075,,74.50670833333334
2024-01-19,31.8,,89.2,,335.8,6.588888888888889,131.0,6.35,1.661,0.276,26.02,33.78,28.1,24.0,30.719166666666666,81.07916666666667,2.1624652777777778,,282.94104166666665
2024-01-20,37.24,27.71,89.3,60.79,4869.0,8.669444444444444,116.0,6.858,1.502,0.3169999,26.81,38.48,29.97,24.0,30.900000000000002,79.58375,2.312048611111111,,190.73658333333333
2024-01-21,37.95,26.56,89.1,54.5,2722.0,12.969444444444443,114.0,37.59,2.4,-1.199,25.13,30.98,27.14,24.0,28.53625,77.50541666666666,3.591226851851852,,182.497875
2024-01-22,31.6,26.78,88.8,63.18,1981.0,9.930555555555555,140.0,1.27,2.5,0.719,22.55,29.37,26.97,24.0,24.821250000000003,86.61625,2.246770833333333,,46.25033333333334
2024-01-23,27.06,,90.7,,143.8,7.630555555555555,113.0,104.4,2.4,0.49,21.97,24.28,24.28,24.0,24.325833333333335,84.46416666666667,2.378472222222222,,79.90466666666667
2024-01-24,26.27,22.93,89.8,74.93,384.1,10.630555555555556,107.0,59.18,2.4,0.3510001,20.96,23.72,23.72,24.0,23.795833333333334,84.81875000000001,2.7182523148148143,,81.38875
2024-01-25,27.84,22.35,89.2,70.13,430.5,8.238888888888889,67.0,49.78,1.957,0.1489999,20.95,23.3,23.3,24.0,24.50208333333333,79.85125000000001,2.8780671296296294,,106.05045833333334
2024-01-26,30.33,21.94,86.9,55.77,719.1,10.019444444444444,189.0,5.842,1.906,-0.155,19.79,22.14,22.14,24.0,23.61708333333333,82.88958333333333,2.68349537037037,,108.86083333333333
2024-01-27,28.08,21.47,88.0,67.51,943.0,8.450000000000001,122.0,17.78,1.926,-0.2409999,19.82,22.24,22.24,24.0,24.226521739130437,79.24826086956521,2.4366782407407404,,233.578625
2024-01-28,30.72,,87.8,,3313.0,7.861111111111111,123.0,13.46,2.4,-0.1919999,21.99,24.36,24.36,24.0,25.639166666666668,80.61833333333333,1.8551041666666668,,199.01270833333334
2024-01-29,31.18,,88.2,,3078.0,6.988888888888889,125.0,10.67,2.4,-0.184,21.06,23.51,23.51,24.0,26.607083333333335,77.26875,1.8260532407407408,,267.793
2024-01-30,33.14,,87.5,,4209.0,7.3694444444444445,82.0,15.49,1.867,-0.02399993,22.8,25.84,25.84,24.0,28.885416666666668,75.61999999999999,2.303657407407407,,336.43529166666667
2024-01-31,34.84,24.11,86.9,53.45,5630.0,8.95,76.0,0.0,1.798,0.128,25.14,33.03,28.12,24.0,29.42625,78.07625,2.257152777777778,,160.86095833333334
2024-02-01,32.78,27.46,86.0,66.92,1802.0,6.65,79.0,0.0,1.767,0.24,24.74,33.41,28.51,24.0,29.26625,75.3275,2.3807638888888887,,209.85841666666667
2024-02-02,33.04,,85.9,,2896.0,7.119444444444444,90.0,0.0,2.4,0.379,23.97,31.95,28.03,24.0,27.829583333333332,77.40375,1.8310416666666667,,85.59920833333332
2024-02-03,30.08,25.36,87.7,64.79,384.3,5.088888888888889,114.0,4.064,1.421,0.431,22.58,25.44,25.44,24.0,28.929166666666664,72.69708333333334,1.9163541666666666,,316.9488333333333
2024-02-04,34.15,24.6,86.2,52.08,5186.0,8.069444444444445,65.0,0.0,1.359,0.559,24.19,32.99,28.54,24.0,30.365,73.73125,1.8423842592592592,,235.39341666666667
2024-02-05,35.32,25.82,85.4,55.72,3663.0,7.819444444444444,80.0,0.0,1.316,0.3729999,23.35,30.7,27.53,24.0,30.688333333333333,73.235,2.1764467592592593,,320.65775
2024-02-06,35.95,26.07,83.4,54.61,5340.0,7.780555555555556,136.0,0.0,1.787,0.4319999,26.36,36.93,29.47,24.0,31.396666666666665,73.78708333333334,2.3371180555555555,,295.2690416666667
2024-02-07,36.0,27.82,86.9,52.1,4681.0,7.688888888888888,81.0,0.0,2.4,0.3470001,25.55,37.21,30.22,24.0,31.697916666666668,71.42,2.1279282407407405,,303.77108333333337
2024-02-08,36.42,28.41,84.8,49.77,4880.0,8.261111111111111,71.0,0.0,2.4,-0.06900001,25.36,37.07,30.28,24.0,31.624583333333334,71.94916666666667,2.379398148148148,,309.15120833333333
2024-02-09,35.24,28.67,83.2,55.27,5148.0,9.450000000000001,70.0,0.0,1.849,-0.5009999,25.02,36.66,30.29,24.0,31.487083333333334,72.95125,2.436539351851852,,314.89775000000003
2024-02-10,35.25,28.21,84.0,57.08,5253.0,8.799999999999999,83.0,0.0,1.931,-0.08800006,25.96,38.28,30.54,24.0,31.597083333333334,73.51916666666666,2.4821643518518517,,278.33137500000004
2024-02-11,34.81,29.61,82.4,61.37,4670.0,9.088888888888889,84.0,0.0,2.081,-0.1170001,26.27,37.67,29.94,24.0,31.44458333333333,72.82416666666667,2.102974537037037,,315.7157916666667
2024-02-12,36.13,27.76,86.0,50.41,5335.0,8.169444444444444,76.0,0.0,2.007,-0.2639999,25.75,36.53,29.67,24.0,31.836250000000003,74.46541666666667,2.1670023148148148,,320.47516666666667
2024-02-13,36.04,27.65,86.6,58.61,5188.0,8.25,69.0,0.0,2.4,-0.04999995,27.1,40.68,30.94,24.0,32.69708333333333,73.815,2.2216666666666667,,190.539625
2024-02-14,42.96,27.54,88.7,36.82,2840.0,14.330555555555556,261.0,29.72,2.5,0.04099989,26.15,35.19,28.71,24.0,26.060833333333335,86.59166666666665,3.1969907407407407,,48.482708333333335
2024-02-15,29.04,23.47,89.4,82.2,131.1,7.699999999999999,183.0,50.29,2.065,0.2460001,21.17,23.75,23.75,24.0,25.17,81.56666666666666,1.7709027777777777,,95.46291666666667
2024-02-16,28.92,23.03,87.6,61.53,528.5,5.061111111111111,187.0,1.524,1.82,0.187,22.19,24.47,24.47,24.0,26.63875,78.50208333333333,1.588773148148148,,164.03879166666667
2024-02-17,31.33,23.64,88.1,54.22,2156.0,4.3805555555555555,98.0,2.032,1.552,0.08800006,22.94,25.51,25.51,24.0,27.906666666666666,78.35791666666667,1.4947685185185184,,142.26808333333335
2024-02-18,33.41,25.16,86.8,62.62,1185.0,4.930555555555555,319.0,1.016,1.52,0.2620001,24.84,32.57,28.01,24.0,28.415833333333335,81.51166666666667,1.9346180555555554,,149.41945833333332
2024-02-19,33.23,26.53,88.8,61.86,1794.0,6.2,97.0,9.91,1.547,0.296,24.81,32.22,27.84,24.0,29.876666666666665,74.01583333333333,2.305474537037037,,296.34
2024-02-20,34.84,26.07,87.0,53.03,4898.0,8.119444444444444,81.0,0.0,1.574,0.3640001,24.65,32.62,28.12,24.0,27.8025,80.88,1.6441666666666668,,74.38
2024-02-21,31.7,26.03,87.0,64.95,396.4,4.5,244.0,11.18,2.4,0.561,24.4,29.74,26.74,24.0,26.339583333333334,82.35625,2.30349537037037,,72.10058333333333
2024-02-22,28.88,24.66,88.8,66.17,306.6,5.1499999999999995,230.0,35.31,1.966,0.382,22.77,25.71,25.71,24.0,28.2625,79.35000000000001,1.949351851851852,,183.1575
2024-02-23,32.42,25.22,87.5,63.5,2299.0,5.05,98.0,0.508,2.5,0.2520001,24.69,31.41,27.47,24.0,30.33875,75.74166666666666,1.7734143518518517,,240.99458333333334
2024-02-24,35.46,26.81,86.5,59.96,3937.0,6.638888888888888,83.0,0.0,2.4,-1.427,25.02,33.5,28.42,24.0,29.974999999999998,80.16250000000001,2.421759259259259,,210.02333333333334
2024-02-25,35.64,26.84,90.3,62.66,3256.0,12.438888888888888,226.0,124.0,2.5,-0.7319998,25.38,31.13,27.14,24.0,27.524583333333336,87.71666666666665,1.8544328703703703,,41.240291666666664
2024-02-26,29.68,25.7,90.2,82.0,92.9,7.5,165.0,81.0,1.921,-0.04099989,24.83,30.57,27.03,24.0,27.702916666666667,83.3875,1.672037037037037,,101.233625
2024-02-27,31.54,,88.4,,651.8,6.1305555555555555,78.0,9.4,2.06,-0.174,25.02,31.11,27.23,24.0,29.18958333333333,82.3275,1.2397106481481481,,125.17829166666667
2024-02-28,33.0,26.56,88.1,67.91,997.0,3.730555555555555,99.0,2.54,2.4,-0.289,26.12,34.79,28.53,24.0,31.151666666666667,76.9075,2.0098842592592594,,254.80241666666666
2024-02-29,37.38,27.42,88.7,53.95,3811.0,7.588888888888889,119.0,0.254,1.623,-0.08599997,26.06,37.92,30.24,24.0,29.7225,79.80166666666666,2.0683564814814814,,205.97116666666668
2024-03-01,36.78,,88.9,,3188.0,11.530555555555555,255.0,39.62,2.4,0.04699993,25.41,32.79,27.89,24.0,29.48375,78.44625,2.692662037037037,,230.89991666666666
2024-03-02,33.56,,87.2,,3204.0,7.061111111111112,133.0,7.366,1.517,0.2160001,25.07,32.44,27.85,24.0,29.465416666666666,74.73791666666666,2.12025462962963,,273.07504166666666
2024-03-03,33.39,,87.2,,4458.0,8.569444444444445,81.0,0.762,1.483,0.463,23.13,31.89,28.36,24.0,30.185000000000002,70.25166666666667,2.0464930555555556,,293.08208333333334
2024-03-04,34.66,25.66,85.3,54.35,4413.0,7.238888888888888,68.0,0.0,1.499,0.5910001,25.06,34.28,28.83,24.0,29.78708333333333,77.595,3.106099537037037,,189.08558333333335
2024-03-05,34.37,26.32,86.8,62.49,2443.0,9.0,152.0,8.64,1.641,0.484,23.8,29.64,26.82,24.0,25.920833333333334,81.76666666666667,2.6244328703703705,,40.73408333333334
2024-03-06,27.39,24.09,87.1,72.8,106.3,6.261111111111111,219.0,4.064,2.4,0.747,21.78,24.36,24.36,24.0,24.846666666666668,82.48173913043478,1.8041782407407407,,56.152375
2024-03-07,26.98,,87.4,,177.1,4.988888888888889,263.0,3.048,1.926,0.527,22.05,24.29,24.29,24.0,27.13875,80.21875,1.5653819444444446,,142.14941666666667
2024-03-08,31.56,,88.1,,1229.0,5.219444444444444,354.0,8.89,2.028,0.227,23.98,29.78,26.85,24.0,27.390833333333333,85.39083333333333,1.8520949074074073,,39.496249999999996
2024-03-09,29.76,26.24,89.1,78.21,115.0,7.1305555555555555,84.0,35.05,2.4,-0.138,24.7,30.39,26.98,24.0,29.531666666666666,80.29416666666667,3.2584375,,197.48316666666668
2024-03-10,35.88,26.2,89.2,61.44,2504.0,7.469444444444444,228.0,4.064,1.883,-0.3410001,26.26,36.23,29.17,24.0,30.4175,76.29,3.0128125000000003,,255.817625
2024-03-11,36.43,27.36,87.2,61.18,3971.0,9.700000000000001,120.0,4.318,2.15,-0.131,24.94,33.57,28.5,24.0,29.444166666666664,72.09666666666666,2.865636574074074,,257.88125
2024-03-12,32.78,27.18,83.1,56.49,4129.0,8.06111111111111,109.0,0.0,2.5,0.03399992,23.32,30.39,27.36,24.0,29.008333333333336,69.94708333333334,2.217048611111111,,245.22566666666668
2024-03-13,32.48,26.25,83.8,55.54,3831.0,7.861111111111111,80.0,0.0,2.135,-0.122,22.72,32.15,28.74,24.0,29.434166666666666,71.21083333333333,2.2553703703703705,,289.8833333333333
2024-03-14,33.61,25.43,82.8,54.16,4490.0,9.9,64.0,0.0,1.958,-0.8800001,24.75,34.31,29.02,24.0,30.35625,74.7775,2.0491319444444445,,263.49875000000003
2024-03-15,34.57,26.71,85.7,57.01,4033.0,9.35,82.0,0.0,1.817,-0.378,26.03,38.27,30.48,24.0,31.26375,78.12958333333333,1.9973611111111111,,213.79708333333335
2024-03-16,35.56,28.66,86.7,64.18,2708.0,6.538888888888889,79.0,0.254,2.4,-0.1430001,27.41,41.01,30.84,24.0,31.284583333333334,80.70583333333333,2.0183680555555554,,193.58220833333334
2024-03-17,35.08,28.21,87.1,69.87,2642.0,7.730555555555555,159.0,12.7,1.707,0.2449999,25.14,34.04,28.65,24.0,30.907916666666665,77.86916666666667,2.097071759259259,,161.97116666666668
2024-03-18,36.73,27.96,85.7,63.92,1799.0,7.55,114.0,4.318,1.71,0.502,25.75,36.19,29.48,24.0,31.8925,73.27291666666666,1.8335648148148147,,186.28616666666667
2024-03-19,35.42,29.3,81.3,58.94,2249.0,5.5888888888888895,90.0,0.254,2.4,0.602,26.93,42.4,32.16,24.0,33.34041666666666,70.07916666666667,1.550185185185185,,166.98691666666667
2024-03-20,39.45,30.63,79.67,45.89,2007.0,5.030555555555555,195.0,0.0,2.4,0.553,27.77,44.01,32.2,24.0,32.26833333333334,75.85166666666667,1.9728124999999999,,235.16445833333333
2024-03-21,38.64,30.63,82.1,56.42,3541.0,7.430555555555555,68.0,5.08,2.4,0.617,27.49,41.35,30.95,24.0,31.1825,77.89375,2.4660416666666665,,165.40604166666665
2024-03-22,42.01,27.7,89.2,41.96,2134.0,18.58888888888889,205.0,0.508,2.5,0.3210001,22.97,30.82,27.74,24.0,26.65125,69.155,4.538738425925926,,152.60516666666666
2024-03-23,29.25,22.26,84.4,51.42,1661.0,12.161111111111111,150.0,0.254,2.5,-0.3369999,19.09,23.52,23.52,24.0,24.082083333333333,80.93083333333333,2.0865856481481484,,93.85337500000001
2024-03-24,28.48,21.44,87.8,64.55,594.0,5.311111111111111,192.0,2.794,2.15,0.1719999,21.18,23.41,23.41,24.0,25.643333333333334,80.84958333333334,1.8788888888888888,,113.677375
2024-03-25,30.42,22.87,89.6,63.42,901.0,4.930555555555555,234.0,6.858,2.039,-0.1470001,22.4,24.48,24.48,24.0,27.680833333333336,76.86874999999999,1.9565046296296298,,253.50429166666666
2024-03-26,33.3,23.96,89.1,56.13,3673.0,6.511111111111111,91.0,0.254,1.844,-0.302,23.49,30.3,27.26,24.0,27.54041666666667,73.33041666666666,2.4431712962962964,,143.55345833333334
2024-03-27,31.67,25.22,85.6,55.14,1426.0,6.988888888888889,110.0,0.508,1.985,-0.07200002,22.79,25.45,25.45,24.0,27.417916666666667,72.30833333333334,2.050648148148148,,258.94075
2024-03-28,31.24,23.77,87.4,53.54,3859.0,8.230555555555554,75.0,0.0,1.886,-0.1140001,20.9,25.47,25.47,24.0,27.1675,73.29958333333333,2.0231481481481484,,261.002625
2024-03-29,31.56,22.19,87.4,56.45,3746.0,8.030555555555555,71.0,0.0,1.662,-0.27,22.89,29.45,26.93,24.0,28.062916666666666,75.91625,2.091388888888889,,254.726125
2024-03-30,32.57,24.43,87.6,54.75,3805.0,7.038888888888889,72.0,0.0,1.726,-0.371,23.58,26.37,26.37,24.0,28.4025,76.1675,1.823726851851852,,240.71737500000003
2024-03-31,33.07,24.63,88.1,57.77,3387.0,7.219444444444444,67.0,0.0,1.568,0.02099991,24.21,29.9,26.86,24.0,28.63208333333333,79.1875,1.8758796296296296,,237.83225000000002
2024-04-01,32.45,24.99,89.0,64.39,3363.0,7.4111111111111105,70.0,0.0,1.46,0.2720001,24.26,26.55,26.55,24.0,28.27125,79.30416666666666,1.660636574074074,,142.22591666666668
2024-04-02,31.14,26.07,88.8,66.96,1444.0,7.3,86.0,0.254,1.65,0.4979999,24.48,30.82,27.24,24.0,28.800416666666667,77.71708333333333,2.4157754629629626,,233.5378333333333
2024-04-03,34.72,25.63,88.3,57.61,3239.0,11.988888888888887,137.0,0.0,1.788,0.487,23.27,30.6,27.5,24.0,27.89375,78.17458333333333,1.8540046296296298,,93.62366666666667
2024-04-04,30.38,26.67,89.7,67.57,583.2,5.469444444444445,66.0,0.508,1.81,0.3859999,25.06,30.81,27.08,24.0,29.5775,78.4825,1.7684837962962963,,217.80858333333333
2024-04-05,34.79,26.77,89.2,57.61,2818.0,6.511111111111111,73.0,1.27,1.661,0.1589999,25.06,34.28,28.83,24.0,29.26875,78.18708333333333,2.5149421296296297,,192.88570833333333
2024-04-06,33.84,24.7,89.8,59.54,2516.0,9.411111111111111,110.0,11.68,1.833,0.06400013,23.05,24.93,24.93,24.0,25.241666666666664,77.19500000000001,2.0980902777777777,,30.934375000000003
2024-04-07,26.72,23.35,89.3,66.64,50.49,5.519444444444445,157.0,0.0,2.149,0.1040001,21.43,24.04,24.04,24.0,25.79416666666667,79.83166666666666,1.3682175925925926,,95.19558333333333
2024-04-08,28.58,23.3,86.2,69.82,551.4,4.3805555555555555,12.0,0.0,2.14,0.03699994,22.95,26.54,26.54,24.0,26.102083333333336,85.68166666666667,1.369386574074074,,45.69629166666667
2024-04-09,28.62,24.7,89.7,78.05,208.1,4.330555555555556,233.0,5.842,2.021,-0.2130001,22.94,24.73,24.73,24.0,27.12625,80.81,1.3274189814814814,,198.12304166666664
2024-04-10,32.27,23.84,90.4,60.26,2582.0,5.6499999999999995,74.0,0.0,2.5,0.006000042,23.62,25.83,25.83,24.0,27.78833333333333,79.89874999999999,1.7252430555555556,,192.75341666666668
2024-04-11,32.55,24.33,89.4,59.69,2329.0,7.088888888888889,82.0,0.0,2.5,-0.1110001,24.32,26.62,26.62,24.0,27.235833333333332,81.26291666666667,2.6011689814814813,,91.06041666666665
2024-04-12,30.0,25.22,89.7,70.27,611.8,8.730555555555556,134.0,2.032,2.5,-0.3069999,23.46,25.31,25.31,24.0,26.64708333333333,85.88875,2.3146412037037036,,119.34387499999998
2024-04-13,31.24,24.76,90.3,70.08,1493.0,7.830555555555556,86.0,25.65,2.4,0.2539999,24.28,26.14,26.14,24.0,26.543333333333333,87.7375,2.1563773148148146,,47.558125
2024-04-14,27.7,25.5,90.4,82.6,141.0,8.019444444444444,90.0,48.51,1.774,0.22,24.18,30.91,27.38,24.0,26.116249999999997,88.45833333333333,1.3543287037037037,,29.92170833333333
2024-04-15,27.64,24.97,91.7,79.52,80.6,4.480555555555555,255.0,62.23,1.644,0.23,24.35,26.1,26.1,24.0,26.540833333333335,87.29625,1.2671180555555555,,49.356249999999996
2024-04-16,28.66,25.46,91.5,78.55,168.3,7.588888888888889,16.0,95.3,1.552,0.3610001,23.85,25.76,25.76,24.0,27.2175,85.99916666666667,1.2248726851851852,,67.228875
2024-04-17,30.72,25.58,91.0,74.4,317.0,,64.0,19.81,1.293,0.3169999,24.86,26.52,26.52,24.0,26.86125,83.61749999999999,2.367488425925926,,151.30716666666666
2024-04-18,32.55,23.3,91.1,56.98,1675.0,8.280555555555555,165.0,0.508,2.5,0.3629999,20.58,23.79,23.79,24.0,24.8,62.888749999999995,1.9346990740740742,,234.3166666666667
2024-04-19,31.18,20.35,88.5,28.64,3137.0,4.680555555555556,214.0,0.0,1.757,0.684,14.93,21.06,21.06,24.0,23.799166666666665,70.18958333333333,2.0119560185185184,,229.572375
2024-04-20,29.77,17.87,86.4,48.94,3018.0,7.311111111111111,74.0,0.0,1.852,0.7030001,19.48,23.09,23.09,24.0,24.955833333333334,72.19708333333334,1.9726273148148146,,225.67579166666667
2024-04-21,31.01,19.96,87.1,46.0,2955.0,8.669444444444444,76.0,0.0,2.129,0.5,20.93,24.2,24.2,24.0,25.307083333333335,74.44666666666667,1.574548611111111,,221.63575
2024-04-22,30.03,20.91,87.7,51.62,2866.0,7.2,83.0,0.0,1.93,-0.03699994,19.81,22.51,22.51,24.0,24.981666666666666,79.21291666666667,1.5013541666666665,,197.00083333333336
2024-04-23,30.64,20.48,88.7,60.32,2426.0,6.0888888888888895,83.0,0.0,2.4,-0.08999991,22.45,25.0,25.0,24.0,26.7175,82.90708333333333,1.6324768518518518,,134.10066666666668
2024-04-24,30.68,23.61,89.6,67.88,1453.0,4.6305555555555555,68.0,0.0,2.062,0.05999994,24.35,26.5,26.5,24.0,27.482083333333335,78.53083333333333,2.2496064814814813,,128.241875
2024-04-25,33.08,24.79,88.9,57.54,1269.0,8.930555555555555,108.0,0.508,1.95,-0.003000021,22.48,24.84,24.84,24.0,23.429583333333337,83.71875,1.3393749999999998,,30.552583333333335
2024-04-26,25.04,22.08,89.8,58.04,63.69,6.05,154.0,5.08,2.006,0.07200002,20.74,22.5,22.5,24.0,25.158749999999998,83.065,1.8217939814814814,,127.48674999999999
2024-04-27,29.88,22.13,90.0,68.06,1217.0,6.919444444444444,73.0,1.27,1.89,0.07299995,23.14,26.34,26.34,24.0,28.05458333333333,79.43291666666666,1.6514930555555554,,199.30025
2024-04-28,32.58,24.68,88.6,60.53,2348.0,5.45,108.0,0.0,1.731,-1.392,24.67,30.44,27.01,24.0,25.439166666666665,87.3725,2.3680555555555554,,24.863874999999997
2024-04-29,28.7,22.83,91.0,74.07,44.31,8.299999999999999,122.0,62.74,1.943,0.25,21.41,23.07,23.07,24.0,25.49875,86.05083333333333,1.3241435185185184,,73.30708333333334
2024-04-30,29.53,22.63,91.0,75.37,350.9,4.819444444444445,232.0,15.24,1.832,0.574,24.66,26.56,26.56,24.0,27.93375,82.24916666666667,1.6128819444444442,,123.02691666666668
2024-05-01,32.74,25.62,90.2,57.66,1081.0,5.55,125.0,0.0,1.756,0.4890001,23.55,25.68,25.68,24.0,27.41208333333333,84.38208333333334,1.8885069444444442,,177.96279166666667
2024-05-02,31.17,24.84,90.6,74.69,2066.0,5.8999999999999995,77.0,0.0,1.728,0.2680001,24.03,26.32,26.32,24.0,27.687916666666666,81.95458333333333,1.9557175925925925,,124.76208333333334
2024-05-03,34.66,25.5,89.0,58.61,1286.0,10.369444444444444,166.0,0.508,1.71,-0.4319999,23.13,25.91,25.91,24.0,25.993750000000002,81.44791666666667,2.1327777777777777,,60.886291666666665
2024-05-04,27.81,24.11,88.5,72.02,225.1,5.5888888888888895,119.0,1.27,2.5,0.401,22.99,25.02,25.02,24.0,27.23125,80.98208333333334,1.5418634259259258,,185.46183333333332
2024-05-05,31.23,24.2,89.6,61.59,2128.0,4.3694444444444445,77.0,1.778,2.058,0.335,24.43,29.73,26.73,24.0,27.322083333333335,84.74208333333333,1.4446412037037035,,141.91004166666667
2024-05-06,31.35,24.68,90.2,69.96,1503.0,5.05,68.0,0.0,2.075,0.2420001,25.14,32.19,27.7,24.0,28.1125,82.64999999999999,1.7460532407407408,,176.1555
2024-05-07,31.58,26.08,88.8,66.8,2048.0,7.3388888888888895,73.0,0.0,2.025,0.1440001,24.57,30.6,27.11,24.0,28.32166666666667,81.81916666666667,1.6782870370370369,,182.12966666666668
2024-05-08,32.15,26.18,88.7,67.38,2028.0,7.538888888888889,73.0,0.0,2.15,0.2149999,25.3,31.82,27.47,24.0,29.437916666666666,80.27499999999999,1.729247685185185,,169.29416666666665
2024-05-09,35.21,25.88,89.6,60.75,1872.0,5.961111111111111,87.0,0.0,2.091,0.07599998,24.0,31.9,27.99,24.0,25.626666666666665,80.73125,3.1811574074074076,,27.839166666666667
2024-05-10,28.3,21.95,88.6,74.07,50.12,8.419444444444444,136.0,3.81,2.15,0.00999999,20.06,22.08,22.08,24.0,23.909166666666668,85.22875,1.8982986111111113,,80.22091666666667
2024-05-11,27.97,21.14,89.9,71.91,518.1,4.588888888888889,94.0,1.524,2.4,0.2260001,22.61,24.74,24.74,24.0,26.952916666666667,82.55916666666667,1.3673958333333331,,122.464
2024-05-12,32.77,24.39,89.1,63.15,1170.0,5.580555555555556,142.0,0.0,2.017,0.2590001,23.56,26.06,26.06,24.0,27.49208333333333,82.79041666666667,1.7846874999999998,,167.49408333333332
2024-05-13,30.93,25.54,90.2,70.93,1812.0,7.138888888888888,83.0,0.0,1.814,0.322,24.14,25.98,25.98,24.0,27.226249999999997,73.60041666666667,2.9823032407407406,,81.837375
2024-05-14,34.56,20.2,91.3,45.24,540.8,9.180555555555555,124.0,16.0,1.888,0.4189999,18.72,20.74,20.74,24.0,19.052916666666665,86.0125,1.8829282407407406,,33.615208333333335
2024-05-15,20.98,,88.2,,74.07,5.369444444444444,227.0,15.49,2.4,0.873,16.62,18.8,18.8,24.0,20.16875,80.1275,1.454027777777778,,53.83866666666666
2024-05-16,23.07,18.11,88.8,70.32,232.0,3.7,217.0,1.27,1.751,1.08,17.08,20.66,20.66,24.0,22.58375,81.62958333333334,1.1383449074074072,,68.25754166666667
2024-05-17,26.38,19.64,87.4,69.69,425.2,3.0305555555555554,232.0,0.254,2.4,1.098,20.39,23.07,23.07,24.0,22.5525,85.825,2.2826041666666668,,27.42375
2024-05-18,24.66,,90.0,,45.28,7.580555555555555,113.0,1.27,1.957,1.035,18.65,20.35,20.35,24.0,19.325833333333332,88.125,2.2545023148148147,,25.471041666666665
2024-05-19,20.46,17.59,90.2,82.6,53.0,5.95,131.0,33.02,2.5,0.7620001,16.01,17.75,17.75,24.0,19.437083333333334,87.18333333333334,1.832060185185185,,30.268375000000002
2024-05-20,21.92,17.61,90.0,81.0,60.8,6.449999999999999,239.0,17.02,1.937,0.6359999,18.4,20.66,20.66,24.0,21.86583333333333,76.34652173913044,2.1682060185185184,,183.20791666666665
2024-05-21,28.73,,89.3,,2067.0,7.738888888888889,210.0,0.0,1.909,0.24,16.41,18.57,18.57,24.0,20.580833333333334,79.20333333333333,1.4827314814814814,,96.48879166666666
2024-05-22,25.57,,87.6,,719.1,4.761111111111111,75.0,0.0,2.4,0.1110001,19.77,23.21,23.21,24.0,24.454166666666666,79.45125,1.1754976851851853,,135.709375
2024-05-23,29.93,,86.0,,1337.0,5.738888888888889,66.0,0.0,1.697,-0.2779999,22.1,24.58,24.58,24.0,24.550416666666667,84.29708333333333,1.3332060185185186,,111.3985
2024-05-24,28.48,,89.3,,1006.0,4.419444444444444,95.0,0.0,1.797,-0.2920001,22.16,24.09,24.09,24.0,22.964166666666667,84.19041666666666,1.9681597222222222,,29.799166666666668
2024-05-25,26.66,,89.3,,76.36,10.288888888888888,215.0,22.61,2.008,0.02999997,18.44,21.37,21.37,24.0,20.74,70.30875,3.2507291666666664,,143.02279166666668
2024-05-26,25.32,,86.5,,1494.0,6.619444444444444,212.0,0.0,2.5,0.27,14.08,19.19,19.19,24.0,19.045833333333334,73.10625,1.8041087962962965,,32.973958333333336
2024-05-27,20.72,,89.3,,77.18,5.319444444444444,234.0,2.794,2.136,0.1170001,15.82,17.71,17.71,24.0,20.019166666666667,89.53333333333335,1.8052893518518518,,19.502041666666667
2024-05-28,22.02,17.58,90.5,88.1,33.83,7.069444444444444,76.0,60.71,1.948,0.576,18.59,20.3,20.3,24.0,20.97458333333333,61.861250000000005,4.0534027777777775,,178.477875
2024-05-29,25.44,16.24,90.0,39.97,1983.0,12.161111111111111,260.0,0.0,1.837,0.427,10.84,16.24,16.24,24.0,19.415833333333335,66.56166666666667,1.8895023148148147,,173.785
2024-05-30,27.55,,83.7,,1895.0,7.4111111111111105,229.0,0.0,1.978,0.697,14.46,17.35,17.35,24.0,19.170416666666664,73.54958333333333,1.5775925925925927,,172.33341666666664
2024-05-31,25.18,,87.0,,1860.0,6.488888888888889,110.0,0.0,1.823,0.4619999,14.06,16.67,16.67,24.0,18.99875,76.84916666666666,1.6163888888888887,,161.30820833333334
2024-06-01,24.86,,86.5,,1750.0,6.1,103.0,0.0,1.56,0.1389999,15.64,18.14,18.14,24.0,21.503333333333334,78.99791666666667,1.5652893518518518,,114.75620833333333
2024-06-02,26.74,,86.5,,1008.0,6.4111111111111105,72.0,0.0,1.653,0.119,19.17,21.52,21.52,24.0,22.04125,83.26708333333333,1.508287037037037,,157.85429166666668
2024-06-03,26.26,18.53,90.2,67.85,1638.0,5.030555555555555,71.0,0.0,1.719,0.1459999,18.77,20.76,20.76,24.0,21.256666666666664,80.77875,2.8111574074074075,,145.351875
2024-06-04,28.66,,89.8,,1496.0,9.680555555555555,113.0,0.0,1.952,0.368,14.19,19.18,19.18,24.0,19.167916666666667,71.81416666666667,1.3209953703703703,,42.34008333333333
2024-06-05,22.09,,80.3,,124.8,4.069444444444445,124.0,0.0,2.5,0.61,15.56,19.39,19.39,24.0,21.375416666666666,77.38208333333334,1.6000115740740741,,141.78829166666665
2024-06-06,26.35,,87.3,,1363.0,5.45,82.0,0.0,2.118,0.4760001,18.19,20.39,20.39,9.0,19.825555555555557,85.85555555555555,1.088858024691358,,2.4299999999999997
2024-09-05,,,,,,,,,,,,,,13.0,,87.0,2.300940170940171,,46.12169230769231
2024-09-06,,,,,,,,,,,,,,24.0,1.744,72.86,1.3489583333333333,,118.69254166666667
2024-09-07,,,,,,,,,,,,,,24.0,,70.16666666666667,2.1562037037037034,,202.3815
2024-09-08,,,,,,,,,,,,,,24.0,26.558,78.2957142857143,2.3736574074074075,,170.29554166666665
2024-09-09,,,,,,,,,,,,,,24.0,22.665833333333335,78.69782608695652,2.832060185185185,,231.99416666666664
2024-09-10,,,,,,,,,,,,,,24.0,21.604304347826087,76.65954545454545,2.0916666666666663,,200.846
2024-09-11,,,,,,,,,,,,,,24.0,25.53333333333333,72.41250000000001,3.7265509259259257,,355.7710833333333
2024-09-12,,,,,,,,,,,,,,24.0,,,,,
2024-09-13,,,,,,,,,,,,,,24.0,,,,,
2024-09-14,,,,,,,,,,,,,,24.0,,,,,
2024-09-15,,,,,,,,,,,,,,24.0,,,,,
2024-09-16,,,,,,,,,,,,,,24.0,,,,,
2024-09-17,,,,,,,,,,,,,,24.0,,,,,
2024-09-18,,,,,,,,,,,,,,24.0,,,,,
2024-09-19,,,,,,,,,,,,,,24.0,,,,,
2024-09-20,,,,,,,,,,,,,,24.0,,,,,
2024-09-21,,,,,,,,,,,,,,24.0,,,,,
2024-09-22,,,,,,,,,,,,,,24.0,,,,,
2024-09-23,,,,,,,,,,,,,,24.0,,,,,
2024-09-24,,,,,,,,,,,,,,24.0,,,,,
2024-09-25,,,,,,,,,,,,,,24.0,,,,,
2024-09-26,,,,,,,,,,,,,,24.0,,,,,
2024-09-27,,,,,,,,,,,,,,24.0,,,,,
2024-09-28,,,,,,,,,,,,,,24.0,,,,,
2024-09-29,,,,,,,,,,,,,,24.0,,,,,
2024-09-30,,,,,,,,,,,,,,24.0,,,,,
2024-10-01,,,,,,,,,,,,,,24.0,,,,,
2024-10-02,,,,,,,,,,,,,,24.0,,,,,
2024-10-03,,,,,,,,,,,,,,24.0,,,,,
2024-10-04,,,,,,,,,,,,,,24.0,,,,,
2024-10-05,,,,,,,,,,,,,,24.0,,,,,
2024-10-06,,,,,,,,,,,,,,24.0,,,,,
2024-10-07,,,,,,,,,,,,,,24.0,,,,,
2024-10-08,,,,,,,,,,,,,,24.0,,,,,
2024-10-09,,,,,,,,,,,,,,24.0,,,,,
2024-10-10,,,,,,,,,,,,,,24.0,,,,,
2024-10-11,,,,,,,,,,,,,,24.0,,,,,
2024-10-12,,,,,,,,,,,,,,24.0,,,,,
2024-10-13,,,,,,,,,,,,,,24.0,,,,,
2024-10-14,,,,,,,,,,,,,,24.0,,,,,
2024-10-15,,,,,,,,,,,,,,24.0,,,,,
2024-10-16,,,,,,,,,,,,,,24.0,,,,,
2024-10-17,,,,,,,,,,,,,,24.0,,,,,
2024-10-18,,,,,,,,,,,,,,24.0,,,,,
2024-10-19,,,,,,,,,,,,,,24.0,,,,,
2024-10-20,,,,,,,,,,,,,,24.0,,,,,
2024-10-21,,,,,,,,,,,,,,24.0,,,,,
2024-10-22,,,,,,,,,,,,,,24.0,,,,,
2024-10-23,,,,,,,,,,,,,,24.0,,,,,
2024-10-24,,,,,,,,,,,,,,24.0,,,,,
2024-10-25,,,,,,,,,,,,,,24.0,,,,,
2024-10-26,,,,,,,,,,,,,,24.0,,,,,
2024-10-27,,,,,,,,,,,,,,24.0,,,,,
2024-10-28,,,,,,,,,,,,,,24.0,,,,,
2024-10-29,,,,,,,,,,,,,,24.0,,,,,
2024-10-30,,,,,,,,,,,,,,24.0,,,,,
2024-10-31,,,,,,,,,,,,,,24.0,,,,,
2024-11-01,,,,,,,,,,,,,,24.0,,,,,
2024-11-02,,,,,,,,,,,,,,24.0,,,,,
2024-11-03,,,,,,,,,,,,,,24.0,,,,,
2024-11-04,,,,,,,,,,,,,,24.0,,,,,
2024-11-05,,,,,,,,,,,,,,24.0,,,,,
2024-11-06,,,,,,,,,,,,,,24.0,,,,,
2024-11-07,,,,,,,,,,,,,,24.0,,,,,
2024-11-08,,,,,,,,,,,,,,24.0,,,,,
2024-11-09,,,,,,,,,,,,,,24.0,,,,,
2024-11-10,,,,,,,,,,,,,,24.0,,,,,
2024-11-11,,,,,,,,,,,,,,24.0,,,,,
2024-11-12,,,,,,,,,,,,,,24.0,,,,,
2024-11-13,,,,,,,,,,,,,,24.0,,,,,
2024-11-14,,,,,,,,,,,,,,24.0,,,,,
2024-11-15,,,,,,,,,,,,,,24.0,,,,,
2024-11-16,,,,,,,,,,,,,,24.0,,,,,
2024-11-17,,,,,,,,,,,,,,24.0,,,,,
2024-11-18,,,,,,,,,,,,,,24.0,,,,,
2024-11-19,,,,,,,,,,,,,,24.0,,,,,
2024-11-20,,,,,,,,,,,,,,24.0,,,,,
2024-11-21,,,,,,,,,,,,,,24.0,,,,,
2024-11-22,,,,,,,,,,,,,,24.0,,,,,
2024-11-23,,,,,,,,,,,,,,24.0,,,,,
2024-11-24,,,,,,,,,,,,,,24.0,,,,,
2024-11-25,,,,,,,,,,,,,,24.0,,,,,
2024-11-26,,,,,,,,,,,,,,24.0,,,,,
2024-11-27,,,,,,,,,,,,,,24.0,,,,,
2024-11-28,,,,,,,,,,,,,,24.0,,,,,
2024-11-29,,,,,,,,,,,,,,24.0,,,,,
2024-11-30,,,,,,,,,,,,,,24.0,,,,,
2024-12-01,,,,,,,,,,,,,,24.0,,,,,
2024-12-02,,,,,,,,,,,,,,24.0,,,,,
2024-12-03,,,,,,,,,,,,,,24.0,,,,,
2024-12-04,,,,,,,,,,,,,,24.0,,,,,
2024-12-05,,,,,,,,,,,,,,24.0,,,,,
2024-12-06,,,,,,,,,,,,,,24.0,,,,,
2024-12-07,,,,,,,,,,,,,,24.0,,,,,
2024-12-08,,,,,,,,,,,,,,24.0,,,,,
2024-12-09,,,,,,,,,,,,,,24.0,,,,,
2024-12-10,,,,,,,,,,,,,,24.0,,,,,
2024-12-11,,,,,,,,,,,,,,24.0,,,,,
2024-12-12,,,,,,,,,,,,,,24.0,,,,,
2024-12-13,,,,,,,,,,,,,,24.0,,,,,
2024-12-14,,,,,,,,,,,,,,24.0,,,,,
2024-12-15,,,,,,,,,,,,,,24.0,,,,,
2024-12-16,,,,,,,,,,,,,,24.0,,,,,
2024-12-17,,,,,,,,,,,,,,24.0,,,,,
2024-12-18,,,,,,,,,,,,,,24.0,,,,,
2024-12-19,,,,,,,,,,,,,,24.0,,,,,
2024-12-20,,,,,,,,,,,,,,24.0,,,,,
2024-12-21,,,,,,,,,,,,,,24.0,,,,,
2024-12-22,,,,,,,,,,,,,,24.0,,,,,
2024-12-23,,,,,,,,,,,,,,24.0,,,,,
2024-12-24,,,,,,,,,,,,,,24.0,,,,,
2024-12-25,,,,,,,,,,,,,,24.0,,87.5,5.733333333333333,,0.582
2024-12-26,,,,,,,,,,,,,,24.0,,87.5,5.733333333333333,,0.582
2024-12-27,,,,,,,,,,,,,,24.0,,87.5,5.733333333333333,,0.582
2024-12-28,32.66,,83.6,,3298.0,7.799999999999999,84.0,0.0,2.5,-1.035,,-100.0,-132.8,24.0,,87.5,5.733333333333333,,0.582
2024-12-29,31.4,,88.6,,1226.0,5.811111111111112,125.0,9.4,2.5,-2.129,,-100.0,-138.3,24.0,,87.5,5.733333333333333,,0.582
2024-12-30,30.31,,87.4,,2290.0,7.8805555555555555,114.0,6.096,1.85,-1.093,22.5,24.81,24.81,24.0,,87.5,5.733333333333333,,0.582
2024-12-31,31.51,,88.6,,2665.0,7.1305555555555555,116.0,6.35,1.979,-1.427,23.09,29.13,26.7,24.0,,87.5,5.733333333333333,,0.582
2025-01-01,32.17,,87.0,,4880.0,9.299999999999999,60.0,0.0,1.899,-0.1830001,23.46,31.48,27.96,24.0,28.54416666666667,74.95291666666667,2.6126620370370373,,310.60791666666665
2025-01-02,33.0,,87.2,,5479.0,10.719444444444445,76.0,13.21,2.5,-3.492,22.58,25.27,25.27,24.0,27.053749999999997,78.55083333333333,1.885949074074074,,206.92520833333333
2025-01-03,34.75,,88.0,,3196.0,17.230555555555554,242.0,7.112,1.786,-0.122,23.07,25.41,25.41,24.0,29.95625,74.07875,2.286516203703704,,336.07958333333335
2025-01-04,38.04,,88.2,,5729.0,10.35,108.0,7.874,1.97,0.2130001,24.71,32.46,28.0,24.0,29.387083333333333,74.46958333333333,3.163946759259259,,292.288
2025-01-05,33.66,27.09,84.6,60.55,5218.0,10.06111111111111,115.0,0.0,2.5,0.4489999,22.21,30.01,27.48,24.0,27.54416666666667,73.98083333333334,2.417025462962963,,194.39466666666667
2025-01-06,31.81,24.9,85.0,55.37,3067.0,7.488888888888889,123.0,1.27,2.103,0.673,22.97,25.71,25.71,24.0,26.555833333333336,74.20875,1.9916782407407407,,163.28804166666666
2025-01-07,31.88,,86.4,,1740.0,6.619444444444444,98.0,0.0,2.4,0.388,22.54,29.03,26.76,24.0,25.813333333333333,82.34458333333333,1.7113657407407405,,53.411624999999994
2025-01-08,27.34,,88.0,,142.3,5.1499999999999995,223.0,8.64,2.4,0.5680001,23.02,25.29,25.29,24.0,26.161666666666665,81.29041666666667,1.859895833333333,,203.492125
2025-01-09,31.69,23.8,89.9,52.63,3210.0,5.911111111111111,81.0,56.39,1.724,0.3399999,22.95,25.35,25.35,24.0,26.75,76.69791666666667,2.284988425925926,,203.71154166666668
2025-01-10,31.33,23.24,87.8,59.7,2889.0,6.530555555555556,65.0,29.46,1.733,0.3340001,21.82,24.92,24.92,24.0,27.55333333333333,71.02291666666666,2.102025462962963,,243.52004166666666
2025-01-11,31.97,,85.7,,3269.0,6.4111111111111105,73.0,0.508,1.742,0.243,22.51,25.47,25.47,24.0,25.817916666666665,80.76875,2.4433564814814814,,124.37641666666667
2025-01-12,29.36,,86.7,,1172.0,6.080555555555556,137.0,0.762,1.811,0.2550001,21.48,23.87,23.87,24.0,25.76375,77.16541666666667,2.1363541666666666,,91.60645833333332
2025-01-13,29.82,,86.8,,437.4,6.25,124.0,0.254,1.975,0.521,21.2,24.16,24.16,24.0,18.48618181818182,72.67045454545455,2.110208333333333,,328.07212499999997
2025-01-14,31.2,,86.5,,5611.0,8.011111111111111,79.0,0.0,2.095,0.1500001,20.92,24.4,24.4,24.0,21.704125,70.86909090909091,2.3732175925925927,,344.37620833333335
2025-01-15,31.97,,84.8,,6159.0,8.319444444444445,51.0,0.0,1.982,-0.04099989,20.91,29.0,27.16,24.0,27.600416666666664,72.345,2.4121527777777776,,340.1032083333333
2025-01-16,33.05,,87.5,,6180.0,10.819444444444445,82.0,6.096,2.4,-0.178,23.65,26.03,26.03,24.0,27.209166666666665,86.33749999999999,1.861111111111111,,62.95249999999999
2025-01-17,29.08,25.69,90.2,80.4,252.5,9.730555555555556,70.0,106.7,1.942,0.02099991,25.11,32.21,27.72,11.0,28.006363636363634,86.2909090909091,2.0391666666666666,,0.12209090909090908
2025-01-18,29.88,28.38,89.5,83.2,0.0,4.219444444444444,117.0,0.0,1.411,-0.131,26.52,36.14,28.97,24.0,27.093333333333334,76.8295652173913,1.9590625,,190.79166666666666
2025-01-19,37.36,,89.6,,2477.0,9.16111111111111,317.0,0.0,2.5,-2.934,24.82,32.84,28.16,24.0,28.66125,76.69291666666668,1.9701273148148148,,192.05620833333333
2025-01-20,36.78,,85.9,,1805.0,6.261111111111111,60.0,0.0,2.5,0.2249999,26.77,37.41,29.44,24.0,30.02416666666667,72.05875,2.0767824074074075,,210.33879166666668
2025-01-21,41.82,,88.8,,2954.0,8.930555555555555,260.0,4.064,2.5,-1.937,25.9,34.82,28.66,24.0,20.435,76.85315789473684,1.9204282407407407,,240.78491666666665
2025-01-22,36.26,,88.1,,3352.0,6.75,217.0,15.24,1.481,0.4719999,25.17,32.74,27.96,24.0,22.55527777777778,80.4757894736842,1.691898148148148,,143.869625
2025-01-23,35.07,,86.0,,2102.0,5.6,77.0,1.524,1.454,0.1110001,,-100.0,-125.6,24.0,15.49205,76.12736842105264,2.4544791666666668,,333.21225
2025-01-24,35.5,,87.0,,5640.0,8.75,76.0,0.0,2.5,-1.499,26.71,38.27,29.93,24.0,27.473181818181818,78.37583333333333,1.7422337962962962,,187.46333333333334
2025-01-25,35.31,,87.7,,2528.0,8.161111111111111,58.0,4.826,2.5,-1.576,24.95,31.44,27.4,24.0,28.155,81.73958333333333,2.1482407407407407,,215.61933333333332
2025-01-26,34.51,,88.1,,3569.0,10.680555555555555,235.0,16.0,2.5,-1.12,25.21,33.61,28.39,24.0,27.46777272727273,74.15833333333333,2.9904050925925922,,212.70012499999999
2025-01-27,31.98,,77.88,,252.3,9.838888888888889,112.0,0.0,1.504,0.3770001,22.91,31.31,28.08,24.0,27.9525,76.35833333333333,2.52912037037037,,212.82079166666665
2025-01-28,32.19,,87.9,,2888.0,6.580555555555556,128.0,0.508,2.5,-1.552,24.09,26.25,26.25,24.0,26.035416666666666,78.60478260869566,1.913321759259259,,233.16429166666668
2025-01-29,33.3,,84.5,,3122.0,6.15,80.0,0.0,1.795,-1.325,25.09,32.64,27.94,24.0,27.03375,82.96958333333333,2.080648148148148,,145.89504166666666
2025-01-30,31.5,,89.4,,1443.0,6.1305555555555555,100.0,14.99,2.5,-2.169,24.73,29.73,26.67,24.0,26.81958333333333,78.16916666666667,2.486388888888889,,134.267375
2025-01-31,30.54,,82.9,,62.54,6.949999999999999,138.0,0.0,2.5,-2.67,23.82,31.41,27.78,24.0,28.261666666666667,73.72416666666666,1.7907291666666667,,206.133
2025-02-01,32.65,,83.7,,530.1,5.788888888888889,100.0,0.254,2.007,-0.02200007,25.05,33.41,28.36,24.0,28.36125,80.91791666666667,1.6834375,,115.82324999999999
2025-02-02,31.82,,89.8,,835.0,4.75,127.0,14.73,2.5,-2.856,25.29,33.2,28.14,24.0,28.95625,81.18625,2.1452430555555555,,176.07108333333335
2025-02-03,33.77,,87.9,,2069.0,6.611111111111111,91.0,4.064,2.5,-1.382,25.15,31.89,27.55,24.0,29.757500000000004,79.4475,1.6775694444444442,,240.12295833333334
2025-02-04,35.8,26.87,87.5,57.25,4165.0,8.088888888888889,82.0,1.016,2.5,0.165,26.16,35.74,28.98,24.0,29.489583333333332,81.53041666666667,1.9283217592592592,,203.15262499999997
2025-02-05,34.7,26.18,87.7,65.86,3281.0,8.380555555555556,70.0,10.67,2.5,0.1359999,25.5,32.94,27.92,24.0,29.212500000000002,82.15583333333333,1.4579282407407408,,110.54695833333334
2025-02-06,32.57,27.11,88.5,69.88,657.0,5.319444444444444,59.0,2.032,2.5,0.2920001,25.75,33.74,28.2,24.0,30.90041666666667,73.22166666666666,1.641585648148148,,152.141875
2025-02-07,37.34,,87.8,,1400.0,6.711111111111111,315.0,0.0,2.5,0.3670001,25.42,35.71,29.42,23.0,29.668260869565216,76.72608695652174,2.7713285024154586,,117.4767391304348
2025-02-08,28.99,,88.2,,0.0,6.780555555555555,146.0,6.604,2.5,0.2690001,25.43,32.22,27.61,24.0,27.601249999999997,81.45791666666666,2.080335648148148,,79.13804166666667
2025-02-09,30.7,,88.0,,525.7,5.569444444444445,223.0,2.286,2.5,0.1890001,23.37,26.39,26.39,24.0,29.68166666666667,72.88333333333334,1.7399768518518517,,287.1508333333333
2025-02-10,36.94,,86.2,,4365.0,8.7,74.0,0.0,2.5,0.257,24.33,30.63,27.19,24.0,29.940833333333334,74.75375,2.3148958333333334,,325.7842083333333
2025-02-11,31.14,,80.4,,0.783,6.549999999999999,75.0,0.0,2.5,0.237,25.67,36.53,29.73,24.0,31.086250000000003,75.88208333333334,2.0446296296296294,,306.4505
2025-02-12,35.75,,84.4,,3234.0,8.919444444444444,68.0,0.0,2.5,0.03500009,27.49,41.18,30.86,24.0,29.791,77.39041666666667,2.5150694444444444,,278.23983333333337
2025-02-13,38.66,,89.5,,4059.0,12.91111111111111,186.0,16.51,2.5,-0.243,24.3,26.42,26.42,24.0,26.277625,80.30826086956522,2.55755787037037,,226.26379166666666
2025-02-14,35.25,,89.4,,3607.0,13.080555555555556,243.0,17.02,2.5,-0.07700014,24.26,26.51,26.51,24.0,27.19875,78.67875,2.581898148148148,,231.99879166666665
2025-02-15,34.13,,88.0,,3336.0,7.1499999999999995,120.0,8.38,2.5,-0.05200005,25.35,32.99,28.01,24.0,25.241874999999997,76.16954545454546,2.2104398148148148,,290.106
2025-02-16,35.26,,88.5,,4781.0,7.6611111111111105,66.0,3.81,2.5,-0.1040001,26.88,37.29,29.31,24.0,29.84625,80.54041666666667,2.0689930555555556,,249.68066666666667
2025-02-17,34.77,,89.2,,3534.0,8.2,67.0,5.588,2.5,-0.2079999,28.12,42.41,30.91,24.0,30.881666666666664,77.83208333333333,2.5979166666666664,,196.40133333333333
2025-02-18,38.13,,89.4,,2454.0,15.919444444444444,134.0,23.37,2.5,-0.08500004,25.14,30.72,27.02,24.0,25.925833333333333,84.36041666666667,2.5521527777777777,,82.856625
2025-02-19,31.2,,89.5,,519.4,8.2,154.0,20.57,2.5,0.654,23.01,25.5,25.5,24.0,21.282136363636365,82.83826086956522,2.661261574074074,,183.13691666666668
2025-02-20,34.81,,89.9,,2534.0,6.669444444444444,234.0,6.604,2.5,0.974,23.86,26.33,26.33,24.0,22.776916666666665,79.56695652173913,2.0672337962962963,,218.43866666666668
2025-02-21,34.89,,88.9,,2982.0,9.230555555555554,125.0,0.0,2.5,0.7869999,25.56,33.94,28.39,24.0,28.47125,75.90166666666666,2.6589699074074074,,213.78845833333332
2025-02-22,34.96,,85.1,,2892.0,6.061111111111111,76.0,0.0,2.5,0.569,25.13,33.14,28.18,24.0,26.290681818181817,74.22958333333334,2.4109606481481483,,296.359
2025-02-23,34.7,,84.7,,4961.0,7.25,138.0,0.0,2.5,0.589,24.89,32.85,28.13,24.0,23.117521739130435,75.368,2.409641203703704,,318.355625
2025-02-24,34.68,,86.2,,5429.0,8.95,112.0,0.0,2.5,0.5650001,25.52,35.46,29.22,24.0,24.302,76.14399999999999,2.4873842592592594,,296.0475833333333
2025-02-25,35.15,,85.9,,4784.0,8.869444444444444,63.0,0.0,2.5,0.1159999,26.08,37.49,29.98,24.0,27.22473913043478,76.35826086956521,2.1940162037037036,,297.3030416666667
2025-02-26,35.75,,87.9,,4830.0,7.730555555555555,84.0,3.048,2.5,-0.03800011,26.87,40.57,31.1,10.0,28.55,78.81800000000001,0.8758611111111112,,70.6332
2025-02-27,35.98,,83.3,,4165.0,7.711111111111111,87.0,0.0,2.5,-0.1600001,27.21,39.77,30.34,24.0,31.52333333333333,75.11958333333332,2.290601851851852,,292.7368333333333
2025-02-28,35.99,,86.4,,4735.0,8.61111111111111,84.0,0.0,2.5,0.518,25.36,35.61,29.4,24.0,30.330434782608698,72.92875,2.144513888888889,,303.99791666666664
2025-03-01,35.39,,86.2,,4925.0,7.699999999999999,78.0,0.0,2.5,0.3369999,26.22,38.51,30.46,24.0,31.092916666666667,72.6775,2.0744444444444445,,252.86995833333333
2025-03-02,35.83,,84.5,,3843.0,7.46111111111111,80.0,0.0,2.5,0.4319999,26.48,39.33,30.72,24.0,31.722916666666666,74.80125,1.960949074074074,,293.7475
2025-03-03,36.64,,86.7,,4717.0,7.638888888888888,83.0,0.0,2.5,0.7820001,25.76,34.26,28.45,24.0,30.229166666666668,73.2275,2.5114236111111112,,298.74470833333334
2025-03-04,35.68,,85.5,,4831.0,8.169444444444444,73.0,0.0,2.5,-0.155,24.94,36.3,30.12,24.0,30.875416666666666,71.55583333333333,2.532071759259259,,288.83004166666666
2025-03-05,34.54,,83.3,,4666.0,8.96111111111111,71.0,0.0,2.5,-0.286,23.85,34.09,29.42,24.0,30.831666666666667,68.71416666666667,2.3019212962962965,,283.45208333333335
2025-03-06,34.77,26.88,82.1,52.73,4526.0,8.830555555555556,77.0,0.0,2.5,-0.1989999,24.32,34.48,29.38,24.0,30.881666666666664,67.33541666666666,2.233553240740741,,298.3641666666667
2025-03-07,35.88,,81.2,,4734.0,8.81111111111111,79.0,0.0,2.5,0.04500008,24.22,33.77,29.0,24.0,30.427916666666665,75.23541666666667,1.973136574074074,,237.916125
2025-03-08,35.22,26.92,85.0,57.83,3850.0,7.6611111111111105,74.0,2.794,2.5,0.102,26.23,36.26,29.21,24.0,30.74083333333333,73.14083333333333,1.9505208333333333,,262.403625
2025-03-09,35.85,,85.7,,4042.0,7.911111111111111,80.0,0.0,2.5,0.1270001,25.21,35.8,29.62,24.0,29.847916666666666,75.33125,2.4610069444444442,,231.77508333333333
2025-03-10,36.05,,86.3,,3667.0,9.869444444444445,158.0,0.762,2.5,0.3210001,23.32,26.44,26.44,24.0,27.260416666666668,75.53916666666667,2.339189814814815,,82.87283333333333
2025-03-11,30.15,,87.7,,410.4,6.569444444444444,237.0,0.762,2.5,0.719,22.32,24.58,24.58,24.0,26.894166666666667,82.47708333333334,2.1551157407407406,,123.72391666666668
2025-03-12,30.92,24.21,87.9,70.04,1309.0,6.519444444444444,104.0,1.27,2.5,0.3740001,24.11,26.26,26.26,24.0,28.03833333333333,81.79583333333333,2.327210648148148,,134.76320833333332
2025-03-13,33.27,25.94,89.3,61.3,1326.0,6.611111111111111,237.0,32.26,2.5,0.2090001,23.92,25.98,25.98,24.0,28.48625,78.17916666666666,2.4619560185185185,,252.56008333333332
2025-03-14,33.37,25.41,89.0,60.45,3886.0,7.6499999999999995,139.0,4.572,2.5,0.266,22.15,29.6,27.23,24.0,27.74416666666667,73.04125,2.178240740740741,,161.05808333333331
2025-03-15,31.52,25.4,82.0,52.21,1864.0,6.730555555555555,140.0,0.254,2.5,0.105,20.96,26.63,26.63,24.0,26.804166666666664,69.62625,1.5142361111111111,,110.14595833333334
2025-03-16,30.33,,83.7,,766.0,3.8805555555555555,72.0,0.254,2.5,0.03399992,21.36,25.13,25.13,24.0,27.155416666666667,73.76916666666666,1.3966319444444444,,130.12641666666667
2025-03-17,31.32,24.38,83.2,56.24,1192.0,4.611111111111112,198.0,0.0,2.5,-0.1989999,22.92,26.42,26.42,24.0,27.853333333333335,76.05875,1.597523148148148,,200.086875
2025-03-18,29.24,26.9,80.6,72.9,0.0,1.98,316.0,0.0,2.5,-0.1389999,23.91,31.59,27.85,24.0,25.689999999999998,70.86708333333333,1.670289351851852,,163.57041666666666
2025-03-19,34.16,,78.37,,833.0,9.230555555555554,156.0,0.0,2.5,0.09599996,22.0,29.66,27.31,24.0,28.964166666666667,66.56708333333333,2.400127314814815,,262.3657083333333
2025-03-20,33.92,,80.9,,3999.0,7.580555555555555,121.0,0.0,2.5,0.2720001,22.46,31.14,28.16,24.0,29.179166666666664,66.62791666666666,2.2159375,,272.97195833333336
2025-03-21,35.05,25.5,78.61,46.47,4257.0,7.030555555555555,126.0,0.0,2.5,0.3369999,23.13,30.92,27.74,24.0,26.967083333333335,66.25916666666667,2.0465046296296294,,283.30191666666667
2025-03-22,33.92,,71.96,,3365.0,8.0,71.0,0.0,2.5,0.4920001,21.77,29.76,27.45,24.0,27.5175,68.30291666666666,2.2196875,,216.00291666666666
2025-03-23,32.81,,78.87,,3034.0,9.388888888888888,77.0,0.0,2.5,0.3470001,23.82,32.48,28.41,24.0,29.990416666666665,72.00458333333333,1.8162268518518518,,205.12749999999997
2025-03-24,34.01,,78.23,,1665.0,7.799999999999999,87.0,0.0,2.5,0.4809999,23.17,32.43,28.7,24.0,30.27208333333333,71.09708333333333,2.0505671296296293,,261.0083333333333
2025-03-25,35.8,27.14,85.3,52.93,3807.0,8.311111111111112,81.0,0.0,2.5,0.381,25.64,36.31,29.62,10.0,29.052999999999997,79.313,1.965611111111111,,46.849000000000004
2025-03-26,33.58,,85.7,,3688.0,8.819444444444445,112.0,2.286,2.5,0.3889999,,-100.0,-136.0,24.0,23.08265217391304,86.24318181818181,2.189236111111111,,59.327625000000005
2025-03-27,28.98,,91.8,,232.6,7.35,125.0,15.75,2.5,-0.007999897,,-100.0,-124.8,24.0,19.531652173913045,74.74047619047619,1.9456828703703704,,201.10079166666665
2025-03-28,34.38,,88.7,,2621.0,6.511111111111111,70.0,4.064,2.5,-0.02900004,24.98,34.14,28.8,24.0,29.115416666666665,72.6025,1.8356944444444443,,216.49829166666666
2025-03-29,35.4,,81.0,,2952.0,7.8500000000000005,57.0,1.778,2.5,-0.3080001,26.03,39.43,31.19,24.0,29.917083333333334,71.56833333333334,2.141226851851852,,230.09225
2025-03-30,36.11,,81.2,,3253.0,6.819444444444445,82.0,0.0,2.5,0.01200008,25.89,36.69,29.66,24.0,28.84625,70.20458333333333,2.0228819444444444,,243.915
2025-03-31,35.13,,82.3,,3489.0,6.930555555555555,92.0,0.0,2.5,0.2950001,24.47,34.56,29.34,24.0,30.112608695652174,70.28083333333333,1.7781712962962963,,257.53291666666667
2025-04-01,31.31,,77.84,,0.0,2.55,20.0,0.0,2.5,2.5,25.64,36.96,30.0,24.0,29.72375,72.07208333333334,2.779826388888889,,235.816
2025-04-02,30.9,,77.51,,0.047,5.330555555555556,120.0,0.0,2.5,2.5,25.12,35.72,29.63,24.0,30.963333333333335,70.28708333333334,1.961261574074074,,213.920875
2025-04-03,35.86,,75.95,,601.0,6.25,75.0,0.0,2.5,2.5,26.65,40.98,31.56,24.0,31.643181818181816,71.65708333333333,2.162685185185185,,123.847125
2025-04-04,30.45,,74.76,,0.0,3.1694444444444443,327.0,0.0,2.5,2.5,23.56,33.43,29.16,24.0,27.268333333333334,68.91958333333334,3.3102199074074075,,70.11270833333333
2025-04-05,31.65,,79.44,,300.8,11.061111111111112,118.0,1.016,2.5,2.5,13.74,25.27,25.27,24.0,26.060833333333335,58.307500000000005,3.192164351851852,,127.63783333333333
2025-04-06,28.93,23.85,76.06,46.31,951.0,8.799999999999999,147.0,1.27,2.5,2.5,19.69,24.58,24.58,24.0,26.550416666666667,65.4075,2.117951388888889,,174.15275
2025-04-07,31.88,23.01,79.47,41.62,2116.0,8.21111111111111,136.0,0.254,2.5,2.5,20.36,25.2,25.2,24.0,27.073333333333334,69.83583333333333,1.4962499999999999,,129.59883333333332
2025-04-08,31.95,24.23,78.49,55.94,1167.0,5.211111111111111,339.0,6.35,2.5,2.5,21.21,26.52,26.52,24.0,27.282083333333333,71.48791666666666,1.797511574074074,,102.516
2025-04-09,30.76,25.31,79.71,57.1,873.0,5.76111111111111,87.0,11.94,2.5,2.5,21.39,25.52,25.52,24.0,28.22,73.12625,1.4254166666666668,,150.9335
2025-04-10,33.72,25.2,79.98,55.01,1911.0,8.530555555555555,121.0,8.64,2.5,2.5,23.95,32.42,28.31,24.0,27.612083333333334,76.4275,1.8426041666666666,,66.989125
2025-04-11,31.09,25.99,80.9,61.76,363.4,6.819444444444445,142.0,9.91,2.5,2.5,22.57,29.02,26.75,24.0,26.925416666666667,76.335,1.721747685185185,,63.578833333333336
2025-04-12,29.46,25.04,79.96,64.96,242.0,4.961111111111111,97.0,3.048,2.5,2.5,21.32,25.29,25.29,24.0,27.881666666666664,73.33916666666667,1.681898148148148,,176.41275
2025-04-13,34.32,24.36,80.9,51.58,2171.0,5.769444444444444,96.0,5.334,2.5,2.5,23.43,30.01,27.11,24.0,27.495833333333334,77.48416666666667,1.8368402777777775,,72.49445833333333
2025-04-14,31.77,25.51,82.1,63.33,514.7,7.3388888888888895,232.0,21.34,2.5,2.5,21.96,25.99,25.99,24.0,26.74875,71.35958333333333,2.380173611111111,,95.03141666666666
2025-04-15,25.79,24.97,77.04,74.03,0.0,2.811111111111111,328.0,0.0,2.5,2.5,20.62,25.58,25.58,24.0,26.303749999999997,72.63833333333334,1.5474074074074073,,76.10545833333333
2025-04-16,30.53,,80.2,,438.2,4.569444444444444,91.0,0.762,2.5,2.5,21.39,25.27,25.27,24.0,28.247083333333332,69.71458333333334,1.383877314814815,,167.826
2025-04-17,34.22,25.09,80.1,48.07,1854.0,3.438888888888889,127.0,0.0,2.5,2.5,21.9,25.75,25.75,24.0,28.285833333333333,71.41875,1.8027546296296295,,138.840375
2025-04-18,32.28,25.68,79.22,57.02,1388.0,6.111111111111111,72.0,0.0,2.5,2.5,23.32,32.14,28.44,24.0,29.542083333333334,71.89541666666666,1.835787037037037,,199.77858333333333
2025-04-19,33.03,26.88,79.09,58.99,2598.0,7.719444444444444,71.0,0.0,2.5,2.5,24.44,33.56,28.75,24.0,28.950833333333335,74.13791666666667,1.7157060185185184,,111.84758333333333
2025-04-20,35.91,24.84,80.5,54.27,1218.0,14.149999999999999,221.0,13.21,2.5,2.5,20.59,26.29,26.29,24.0,26.142916666666665,63.319583333333334,1.8923842592592592,,107.08354166666668
2025-04-21,29.42,,71.82,,707.9,5.230555555555555,137.0,0.0,2.5,2.5,18.56,26.49,26.49,24.0,25.668333333333333,66.03333333333333,1.3229398148148148,,63.088208333333334
2025-04-22,29.04,,74.97,,306.9,5.080555555555555,108.0,0.0,2.5,2.5,19.67,24.38,24.38,24.0,26.510833333333334,63.88916666666666,1.8264699074074073,,191.786125
2025-04-23,30.49,24.29,75.03,47.15,2461.0,5.8,76.0,0.0,2.5,2.5,20.36,25.83,25.83,24.0,26.365416666666665,68.19,1.4662731481481481,,195.79566666666668
2025-04-24,30.54,21.72,79.68,53.61,2244.0,6.480555555555555,75.0,0.0,2.5,2.5,19.87,24.06,24.06,24.0,25.922916666666666,70.67833333333333,1.3959027777777777,,68.72641666666667
2025-04-25,30.02,23.49,78.38,57.9,327.4,4.669444444444444,340.0,0.0,2.5,2.5,19.74,25.09,25.09,24.0,27.14,68.6225,1.539525462962963,,173.03454166666666
2025-04-26,31.63,23.9,79.08,53.98,1964.0,5.269444444444444,114.0,0.0,2.5,2.5,21.57,25.75,25.75,24.0,27.22375,72.12375,1.4024537037037037,,127.918875
2025-04-27,31.09,,80.1,,994.0,4.138888888888889,75.0,0.0,2.5,2.5,21.5,25.29,25.29,24.0,27.55875,72.72333333333333,1.3411689814814816,,148.3742083333333
2025-04-28,32.2,,80.6,,1530.0,4.211111111111111,71.0,0.0,2.5,2.5,23.13,31.09,27.85,24.0,27.25375,69.98583333333333,1.7400925925925925,,129.244
2025-04-29,31.31,24.26,81.0,54.75,1370.0,6.530555555555556,94.0,0.0,2.5,2.5,19.81,24.41,24.41,24.0,25.377916666666668,62.35833333333333,1.8200462962962962,,209.78270833333332
2025-04-30,30.82,,78.54,,2581.0,6.269444444444444,99.0,0.0,2.5,2.5,18.25,24.09,24.09,11.0,24.266363636363636,67.7009090909091,1.3088636363636363,,80.91909090909091
2025-05-22,,,,,,,,,,,,,,11.0,22.62,77.59363636363636,2.8416666666666663,,140.63636363636363
2025-05-23,,,,,,,,,,,,,,24.0,22.663888888888888,77.40666666666667,2.682098765432099,,60.17739130434782
2025-05-24,24.24,21.48,79.89,74.69,123.7,,245.0,,,,19.48,23.54,23.54,24.0,24.383333333333333,76.88875,2.729166666666667,,130.1808695652174
2025-05-25,26.82,,79.54,,189.7,3.9888888888888885,56.0,8.89,,,20.23,24.63,24.63,24.0,26.21941176470588,71.435,3.285185185185185,,189.25173913043477
2025-05-26,30.96,,79.42,,1413.0,6.619444444444444,80.0,,,,21.69,28.84,26.84,24.0,27.866666666666667,69.51333333333334,2.1722222222222225,,172.24347826086955
2025-05-27,30.88,,76.8,,1534.0,5.369444444444444,97.0,0.0,,,22.45,30.22,27.54,24.0,28.186190476190475,72.60291666666667,2.036458333333333,,135.9
2025-05-28,31.65,25.0,78.31,60.44,1060.0,4.930555555555555,84.0,0.0,,,,26.63,26.63,24.0,26.844,68.14375,3.8186507936507934,,47.315652173913044
2025-05-29,30.86,23.55,81.0,41.54,104.6,12.86111111111111,260.0,,,,11.97,,,24.0,23.12157894736842,47.43083333333333,4.994027777777778,,182.63652173913044
2025-05-30,27.34,19.48,59.63,37.0,1921.0,11.85,260.0,0.0,,,11.71,20.24,20.24,24.0,21.09764705882353,56.86333333333334,2.932828282828283,,172.6625
2025-05-31,27.16,17.31,68.29,40.38,1812.0,5.669444444444444,119.0,0.0,,,15.66,,,24.0,23.017058823529414,63.21041666666667,2.233730158730159,,172.14608695652174
2025-06-01,27.86,18.26,73.04,46.04,1732.0,4.419444444444444,91.0,0.0,,,15.83,,,24.0,23.4075,64.51166666666667,2.8533730158730157,,151.2904347826087
2025-06-02,,,72.8,,1479.0,6.069444444444445,121.0,0.0,,,17.89,23.71,23.71,24.0,23.4695,71.63208333333334,2.1458333333333335,,33.46590909090909
2025-06-03,25.29,22.15,76.57,65.38,70.58,4.211111111111111,228.0,0.0,,,18.36,22.95,22.95,24.0,24.7825,73.535,1.3287037037037035,,89.92809523809524
2025-06-04,29.31,,77.77,,595.3,3.6888888888888887,326.0,9.14,,,,,,24.0,27.00294117647059,70.97166666666666,1.8895833333333334,,176.54999999999998
2025-06-05,31.6,23.25,77.71,56.14,1477.0,5.811111111111112,194.0,1.27,,,22.36,26.56,26.56,24.0,25.987000000000002,76.72958333333334,3.576388888888889,,69.93434782608696
2025-06-06,26.91,24.65,79.8,72.32,47.23,11.938888888888888,217.0,22.61,,,20.78,25.49,25.49,24.0,26.175,66.16166666666668,2.216666666666667,,108.71173913043478
2025-06-07,29.84,24.25,75.36,49.56,856.0,5.1499999999999995,92.0,0.0,,,19.35,24.88,24.88,24.0,25.063809523809525,70.41708333333334,1.3166666666666667,,64.65391304347825
2025-06-08,27.34,,75.51,63.43,57.31,3.0388888888888888,234.0,8.64,,,19.83,24.73,24.73,24.0,25.274210526315787,69.46416666666667,2.637654320987654,,62.73913043478261
2025-06-09,27.65,,76.19,63.24,278.8,5.8694444444444445,223.0,13.46,,,17.91,24.45,24.45,24.0,24.183,66.72666666666667,2.5578703703703702,,59.93260869565218
2025-06-10,,22.14,74.33,52.25,173.1,8.269444444444444,264.0,9.91,,,16.82,22.15,22.15,24.0,23.075454545454548,65.60916666666667,1.3902777777777777,,128.9691304347826
2025-06-11,27.18,20.24,73.05,49.89,1128.0,3.9305555555555554,110.0,0.0,,,,22.0,22.0,24.0,22.639,59.72208333333333,3.2299382716049383,,166.6978260869565
2025-06-12,28.77,18.53,71.78,30.24,1678.0,,223.0,0.0,,,,,,24.0,21.45421052631579,63.10375,2.3874999999999997,,126.96363636363635
2025-06-13,27.68,17.85,72.1,47.59,1105.0,,99.0,,,,15.37,,,24.0,23.09263157894737,69.38916666666667,1.972222222222222,,70.82125
2025-06-14,25.99,,73.14,,362.6,6.719444444444445,82.0,,,,18.85,24.41,24.41,24.0,25.546470588235294,63.05083333333334,2.199603174603175,,131.96695652173912
2025-06-15,29.92,22.99,72.45,46.16,1062.0,7.6611111111111105,14.0,,,,,24.41,24.41,24.0,24.92111111111111,67.0625,2.6535714285714285,,146.5708695652174
2025-06-16,31.13,22.97,72.72,50.57,813.0,7.930555555555555,74.0,,,,18.41,24.21,24.21,24.0,25.168333333333333,66.23833333333333,0.8722222222222222,,98.75043478260868
2025-06-17,29.18,21.99,72.39,55.95,624.4,4.711111111111111,139.0,0.0,,,20.45,28.35,26.77,24.0,27.200000000000003,66.28625,2.1013888888888888,,164.55409090909092
2025-06-18,31.74,,71.6,55.16,1407.0,4.411111111111111,109.0,0.0,,,20.61,28.52,26.87,24.0,27.714,67.29458333333334,2.0365740740740743,,127.39833333333333
2025-06-19,31.28,25.63,71.3,60.12,1114.0,4.8500000000000005,78.0,0.0,,,21.25,30.14,27.92,24.0,23.816499999999998,80.54083333333334,1.4347222222222222,,103.98521739130435
2025-06-20,29.0,,89.8,,729.1,,109.0,0.0,,,19.81,,,24.0,23.853157894736842,82.90958333333333,1.6755555555555557,,117.11739130434782
2025-06-21,28.17,,89.9,,810.0,,17.0,,,,20.39,22.97,22.97,24.0,22.562,71.85708333333334,3.0594444444444444,,161.93434782608696
2025-06-22,28.45,,86.9,45.37,1569.0,7.288888888888888,258.0,,,,18.63,21.24,21.24,24.0,21.634705882352943,85.14,2.238888888888889,,72.80304347826088
2025-06-23,24.84,19.61,89.5,72.18,511.6,5.7,237.0,,,,18.98,,,24.0,20.751052631578947,84.76083333333334,2.2576388888888888,,61.15
2025-06-24,,16.36,90.3,67.64,66.48,8.769444444444444,202.0,,,,14.14,16.36,16.36,24.0,16.4,50.534,4.160130718954249,,180.0021739130435
2025-06-25,21.58,,86.9,,1900.0,10.419444444444444,220.0,0.0,,2038.0,,-100.0,-120.4,24.0,,71.41833333333334,2.357638888888889,,174.70521739130436
2025-06-26,22.75,,79.95,,1790.0,,49.0,0.0,,,,-100.0,-135.3,24.0,14.950000000000001,85.40526315789474,2.4491666666666667,,98.1604347826087
2025-06-27,17.43,,89.2,,20.37,7.869444444444444,232.0,26.92,,,,16.97,16.97,24.0,16.99238095238095,81.51916666666666,2.287037037037037,,247.28958333333333
2025-06-28,21.23,,88.7,,130.2,5.238888888888889,113.0,0.0,,,15.27,17.97,17.97,24.0,18.1915,86.23333333333333,1.3416666666666666,,66.30545454545455
2025-06-29,20.97,,88.0,,55.51,,218.0,,,,,19.77,19.77,24.0,20.8885,83.80416666666666,2.257142857142857,,75.17782608695651
2025-06-30,27.33,,90.2,,466.9,7.330555555555556,181.0,,,,,20.25,20.25,24.0,17.96,81.62125,2.8053240740740737,,97.37130434782608
2025-07-01,20.27,,86.9,,71.3,6.719444444444445,230.0,,,,,17.13,17.13,24.0,15.803684210526315,71.01166666666667,2.6078703703703705,,60.66772727272728
2025-07-02,18.15,,82.6,,166.1,5.938888888888888,211.0,,,,10.99,14.15,14.15,24.0,14.901666666666667,75.77916666666667,1.738888888888889,,43.47826086956522
2025-07-03,,,85.5,,111.3,3.838888888888889,145.0,,,,11.56,14.83,14.83,24.0,17.056,75.74166666666666,2.3206349206349204,,84.44347826086957
2025-07-04,,16.67,86.3,84.7,0.0,2.9611111111111112,333.0,0.0,,,14.59,,,24.0,18.133684210526315,84.49374999999999,,,58.28869565217392
2025-07-05,,17.91,87.3,78.47,311.0,3.4499999999999997,239.0,0.0,,,16.29,18.43,18.43,24.0,19.804736842105264,81.28208333333333,2.0729166666666665,,147.2408333333333
2025-07-06,25.28,17.68,87.4,60.91,1443.0,4.411111111111111,97.0,,,,15.81,18.21,18.21,24.0,19.173333333333332,77.82708333333333,2.402777777777778,,112.81173913043479
2025-07-07,,15.51,87.5,53.48,897.0,4.3694444444444445,223.0,0.0,,,13.16,15.72,15.72,24.0,18.254444444444445,76.15666666666667,1.8794444444444445,,171.28565217391306
2025-07-08,24.46,,86.9,53.35,1718.0,5.45,62.0,0.0,,,13.68,,,24.0,19.142500000000002,73.91208333333334,4.0361111111111105,,169.28217391304347
2025-07-09,26.53,14.56,84.7,49.65,1654.0,7.4111111111111105,130.0,0.0,,,15.55,19.45,19.45,24.0,20.892857142857142,73.1225,2.433333333333333,,149.48333333333332
2025-07-10,25.26,18.31,83.5,48.59,1088.0,5.7,82.0,0.0,,,15.52,18.53,18.53,24.0,19.988695652173913,79.08375,2.274652777777778,,96.58869565217391
2025-07-11,23.19,16.93,84.5,67.05,668.8,4.688888888888888,95.0,0.0,,,16.72,19.45,19.45,24.0,21.16578947368421,78.77333333333333,2.2266666666666666,,132.36333333333332
2025-07-12,24.93,18.67,87.0,63.67,1211.0,,67.0,0.0,,,,,,24.0,21.150952380952383,83.045,2.996604938271605,,50.78434782608696
2025-07-13,23.22,19.96,85.5,78.48,162.7,6.269444444444444,132.0,0.0,,,18.59,21.31,21.31,24.0,22.17529411764706,81.51458333333333,2.7541666666666664,,128.81347826086957
2025-07-14,26.14,,87.2,66.75,1093.0,6.2,76.0,0.0,,,17.28,19.62,19.62,24.0,21.59647058823529,80.65333333333334,3.14375,,141.63916666666668
2025-07-15,21.65,20.26,85.8,81.4,0.0,,230.0,0.0,,,18.0,20.44,20.44,24.0,21.489444444444445,80.38083333333334,3.1379629629629626,,170.09608695652173
2025-07-16,,18.77,88.3,66.34,1650.0,6.261111111111111,70.0,0.0,,,16.88,18.87,18.87,24.0,21.644347826086957,80.67791666666666,2.8354166666666663,,166.22782608695653
2025-07-17,26.18,18.37,88.2,64.01,1534.0,6.461111111111111,70.0,0.0,,,16.45,18.65,18.65,24.0,21.3695,81.68739130434783,2.104861111111111,,149.2513043478261
2025-07-18,26.66,,89.8,,1342.0,4.830555555555556,63.0,0.0,,,19.13,21.75,21.75,24.0,21.90285714285714,60.36000000000001,5.385740740740741,,176.72166666666666
2025-07-19,26.97,16.29,84.9,41.26,1942.0,12.888888888888888,209.0,0.0,,,,16.64,16.64,24.0,18.941499999999998,73.88625,2.8396825396825394,,160.65583333333333
2025-07-20,23.31,,84.3,,1641.0,5.8,94.0,0.0,,,14.44,17.37,17.37,24.0,19.439375,75.45125,2.59537037037037,,173.86458333333334
2025-07-21,,15.64,83.9,59.49,1926.0,6.769444444444445,86.0,0.0,,,16.39,19.22,19.22,24.0,20.344,72.42875,1.7958333333333334,,178.1278260869565
2025-07-22,25.77,17.22,84.3,53.04,1770.0,5.430555555555555,80.0,0.0,,,,18.36,18.36,24.0,20.631666666666668,76.74041666666666,1.6768518518518516,,172.67708333333334
2025-07-23,,,85.9,,1833.0,3.7888888888888888,100.0,0.0,,,14.48,19.91,19.91,24.0,19.45529411764706,77.94375000000001,3.4659722222222222,,73.24181818181818
2025-07-24,21.78,,85.8,,349.1,8.119444444444444,113.0,0.0,,,14.39,19.26,19.26,24.0,17.934545454545454,80.87666666666667,2.223888888888889,,85.30454545454546
2025-07-25,19.58,,87.1,,12.29,4.669444444444444,220.0,,,,,17.25,17.25,24.0,19.78739130434783,83.80916666666667,2.3773809523809524,,91.39318181818182
2025-07-26,23.91,,88.2,73.3,365.7,4.1305555555555555,200.0,,,,18.33,20.78,20.78,24.0,22.616666666666667,79.87458333333333,2.46468253968254,,166.51416666666665
2025-07-27,26.36,19.64,86.7,62.25,1758.0,5.438888888888888,80.0,0.0,,,,20.57,20.57,24.0,22.023478260869567,82.51833333333333,2.4072222222222224,,83.34391304347825
2025-07-28,24.84,,88.8,,448.6,11.05,264.0,6.35,,,19.42,21.83,21.83,24.0,24.747,58.51708333333334,6.796345029239767,,199.51818181818183
2025-07-29,,19.59,86.9,36.04,2102.0,18.638888888888886,262.0,,,,10.36,19.66,19.66,24.0,19.78,52.94708333333333,4.926736111111111,,203.05826086956523
2025-07-30,26.32,,80.3,30.78,2313.0,11.1,256.0,0.0,,,12.24,15.63,15.63,24.0,17.11684210526316,63.884166666666665,2.4782407407407407,,189.48583333333332
2025-07-31,,11.47,81.4,38.94,2171.0,6.15,124.0,0.0,,,10.23,,,24.0,16.616470588235295,72.25208333333333,3.0097222222222224,,181.6470833333333
2025-08-01,24.16,11.32,85.0,49.77,1993.0,6.580555555555556,53.0,0.0,,,14.89,17.49,17.49,24.0,19.78578947368421,77.52458333333333,3.296759259259259,,138.07
2025-08-02,24.51,16.0,89.2,63.31,1288.0,7.1305555555555555,69.0,0.0,,,17.14,21.87,21.87,24.0,21.78,76.85958333333333,2.438888888888889,,160.63833333333335
2025-08-03,25.85,19.22,86.2,62.07,1266.0,5.530555555555556,70.0,0.0,,,17.13,19.51,19.51,24.0,20.410526315789475,84.23125,3.1018518518518516,,63.5
2025-08-04,23.48,18.32,89.3,75.51,342.4,10.45,179.0,0.0,,,17.57,20.65,20.65,24.0,21.021818181818183,79.01260869565218,2.523611111111111,,91.96739130434783
2025-08-05,,,84.8,,719.4,5.988888888888888,119.0,,,,17.96,21.46,21.46,24.0,18.705882352941178,79.62208333333334,2.857716049382716,,34.537083333333335
2025-08-06,21.66,,84.7,,68.29,7.980555555555555,126.0,,,,14.74,17.53,17.53,24.0,19.433,79.075,1.6027777777777779,,64.93125
2025-08-07,23.29,,85.2,,284.7,,69.0,,,,16.26,18.82,18.82,24.0,20.119,78.73125,2.489351851851852,,186.58208333333334
2025-08-08,25.33,,87.7,,1731.0,4.530555555555555,114.0,0.0,,,,18.56,18.56,24.0,18.377222222222223,87.10000000000001,2.473989898989899,,81.98130434782608
2025-08-09,19.96,,88.9,,41.69,8.161111111111111,141.0,21.84,,,13.36,15.29,15.29,24.0,17.272,65.70208333333333,4.259920634920634,,213.45333333333335
2025-08-10,23.52,,89.0,,2420.0,10.011111111111111,231.0,,,,9.54,14.68,14.68,24.0,17.756363636363634,65.90625,2.7875,,237.9086956521739
2025-08-11,24.95,,83.3,,2529.0,5.919444444444444,69.0,0.0,,,11.88,15.24,15.24,24.0,17.653125,72.36708333333333,2.3984126984126983,,206.77041666666665
2025-08-12,25.35,12.94,86.7,43.53,2516.0,,72.0,0.0,,,13.24,15.57,15.57,24.0,18.742666666666665,76.76291666666667,3.462222222222222,,209.05958333333334
2025-08-13,22.99,13.82,87.1,56.4,2633.0,6.8,75.0,0.0,,,13.75,16.24,16.24,24.0,18.12095238095238,77.925,1.9032407407407408,,250.37916666666663
2025-08-14,25.51,13.0,89.2,53.74,2476.0,4.1305555555555555,82.0,0.0,,,15.25,17.81,17.81,24.0,18.794285714285714,74.88708333333334,2.713888888888889,,162.32791666666665
2025-08-15,23.65,,85.5,56.64,1194.0,5.4,125.0,0.0,,,14.89,17.68,17.68,24.0,18.540526315789474,82.485,1.9430555555555555,,90.19782608695652
2025-08-16,21.14,16.93,88.1,69.83,119.8,4.6,128.0,,,,16.49,18.58,18.58,24.0,19.844444444444445,80.14041666666667,1.9227777777777777,,149.7495652173913
2025-08-17,22.97,,88.6,,422.3,5.930555555555556,86.0,,,,16.16,20.69,20.69,24.0,22.060526315789474,76.40833333333333,3.0843749999999996,,242.98125000000002
2025-08-18,26.37,,87.1,,2466.0,6.288888888888889,91.0,0.0,,,,19.31,19.31,24.0,20.565,80.61333333333333,2.9777777777777774,,205.42708333333334
2025-08-19,25.96,,88.0,,1754.0,6.430555555555555,72.0,0.0,,,17.96,20.48,20.48,24.0,21.504210526315788,81.56708333333334,2.9432098765432095,,75.45478260869565
2025-08-20,24.57,18.95,89.1,69.26,365.1,8.269444444444444,79.0,0.0,,,,21.35,21.35,24.0,22.7365,83.6025,2.848611111111111,,147.14434782608697
2025-08-21,27.38,,88.4,,1539.0,,98.0,,,,,21.59,21.59,24.0,22.51833333333333,76.32208333333334,3.492129629629629,,169.40083333333334
2025-08-22,28.62,19.29,88.6,52.57,1912.0,8.019444444444444,119.0,0.0,,,17.96,20.54,20.54,24.0,22.135263157894737,82.57958333333333,3.018253968253968,,200.13
2025-08-23,25.36,19.64,88.2,72.23,2197.0,6.838888888888889,79.0,0.0,,,19.93,21.99,21.99,24.0,24.3425,80.32083333333334,2.984567901234568,,146.44173913043477
2025-08-24,30.76,20.61,90.7,54.19,1539.0,11.780555555555555,133.0,0.0,,,15.97,20.78,20.78,24.0,18.43,79.04708333333333,3.156172839506173,,86.68608695652173
2025-08-25,20.76,16.32,88.3,67.13,115.9,8.011111111111111,124.0,10.16,,,14.73,16.84,16.84,24.0,18.01047619047619,82.325,2.1355555555555554,,119.85727272727273
2025-08-26,,15.86,88.4,73.18,211.4,,158.0,,,,16.17,18.26,18.26,24.0,18.285625,88.04583333333333,2.5791666666666666,,64.09
2025-08-27,19.59,,89.4,86.2,27.71,7.830555555555556,111.0,34.04,,,,17.93,17.93,24.0,19.02047619047619,88.41250000000001,2.6102430555555554,,252.58782608695654
2025-08-28,20.91,17.53,90.2,84.5,111.3,,227.0,10.67,,,17.66,20.33,20.33,24.0,20.52722222222222,85.08749999999999,1.765277777777778,,124.56416666666667
2025-08-29,,,88.8,77.02,162.8,5.6305555555555555,133.0,3.81,,,17.33,19.47,19.47,24.0,21.99277777777778,82.99,1.6861111111111111,,150.27375
2025-08-30,26.85,19.34,90.5,63.94,1388.0,6.038888888888888,117.0,0.0,,,18.82,20.95,20.95,24.0,21.77952380952381,81.77,2.9043650793650793,,180.84478260869565
2025-08-31,28.22,,88.5,,1706.0,,78.0,,,,20.15,22.45,22.45,24.0,20.423125,84.75772727272728,2.765972222222222,,196.1617391304348
2025-09-01,26.42,,88.3,,1374.0,,83.0,,,,20.73,22.81,22.81,24.0,22.982105263157894,84.46875,3.680050505050505,,134.70727272727274
2025-09-02,25.15,,88.4,,160.8,9.561111111111112,81.0,8.38,,,20.29,22.29,22.29,24.0,23.11785714285714,83.30291666666666,2.720707070707071,,208.04521739130433
2025-09-03,,,88.6,,140.9,7.488888888888889,73.0,,,,,22.49,22.49,24.0,23.003809523809522,82.07458333333334,2.35,,178.97739130434783
2025-09-04,26.36,,86.7,,539.1,4.8388888888888895,71.0,,,,20.15,23.38,23.38,24.0,23.85388888888889,81.29291666666667,2.9544444444444444,,149.4704347826087
2025-09-05,28.19,,87.7,,1282.0,7.1,159.0,0.0,,,20.13,22.84,22.84,24.0,20.168,83.17291666666667,3.160185185185185,,80.91434782608695
2025-09-06,,16.94,87.6,75.76,39.42,7.211111111111111,93.0,,,,,17.21,17.21,24.0,16.875454545454545,78.33130434782608,2.4993055555555554,,100.40130434782608
2025-09-07,19.27,,89.2,,121.1,6.830555555555556,133.0,,,,13.62,16.28,16.28,24.0,17.118235294117646,85.3125,2.1706349206349205,,143.71333333333334
2025-09-08,18.62,,88.3,,127.1,4.161111111111111,238.0,,,,16.19,18.23,18.23,24.0,19.445714285714285,87.04347826086956,2.285,,68.21826086956521
2025-09-09,,,88.8,,284.2,5.1194444444444445,63.0,,,,19.68,22.25,22.25,24.0,23.248947368421053,75.86583333333333,3.9297979797979794,,265.0620833333333
2025-09-10,32.24,,88.3,,1902.0,10.530555555555555,255.0,1.27,,,17.89,20.63,20.63,24.0,21.73157894736842,72.22083333333333,3.3044444444444445,,269.83208333333334
2025-09-11,26.61,,85.9,,3444.0,8.469444444444443,77.0,0.0,,,16.55,19.94,19.94,24.0,22.051666666666666,76.00833333333334,3.2196969696969693,,290.0925
2025-09-12,,,85.3,,3613.0,7.988888888888889,89.0,0.0,,,17.91,20.74,20.74,24.0,15.0525,70.68772727272727,3.0212121212121215,,265.4778260869565
2025-09-13,25.56,,83.7,,3403.0,6.938888888888889,109.0,0.0,,,14.85,,,24.0,14.418461538461539,74.24227272727272,2.442361111111111,,177.04999999999998
2025-09-14,24.72,,83.3,,1442.0,,74.0,0.0,,,17.32,20.46,20.46,24.0,20.92421052631579,74.03565217391304,3.297222222222222,,178.63333333333333
2025-09-15,26.13,,83.4,,1568.0,8.938888888888888,87.0,0.0,,,17.21,22.0,22.0,24.0,21.136875,74.4240909090909,3.4499999999999997,,176.79333333333332
2025-09-16,26.87,,83.0,,1538.0,8.330555555555556,55.0,0.0,,,19.76,22.84,22.84,24.0,22.75681818181818,76.08416666666666,2.6861111111111113,,228.78826086956522
2025-09-17,32.38,,87.3,,2198.0,6.549999999999999,108.0,,,,,22.81,22.81,24.0,20.942,75.34173913043477,3.417901234567901,,281.09434782608696
2025-09-18,28.44,,85.1,,3202.0,7.288888888888888,128.0,0.0,,,19.49,,,24.0,23.956,77.28916666666667,2.9255555555555555,,316.95708333333334
2025-09-19,28.37,,85.4,,3739.0,6.530555555555556,78.0,,,,19.88,23.46,23.46,24.0,25.35157894736842,74.95291666666667,3.2625,,277.7991666666667
2025-09-20,30.2,,85.1,54.28,3107.0,8.230555555555554,73.0,0.0,,,19.52,22.13,22.13,24.0,25.276666666666664,77.08874999999999,2.515833333333333,,253.34166666666667
2025-09-21,32.02,21.71,87.6,56.24,2779.0,6.15,74.0,0.0,,,20.84,23.47,23.47,24.0,24.861176470588234,81.03916666666667,4.0649999999999995,,147.57
2025-09-22,30.88,22.55,87.2,65.9,1573.0,11.030555555555555,142.0,10.41,,,21.59,23.89,23.89,24.0,23.257368421052632,83.46958333333333,3.4002525252525255,,114.50772727272728
2025-09-23,31.28,19.0,89.6,59.71,753.1,10.511111111111111,117.0,42.16,,,,,,24.0,21.7555,61.940416666666664,2.6586805555555553,,341.28125
2025-09-24,28.86,15.34,86.1,33.24,4520.0,8.530555555555555,80.0,0.0,,,,18.29,18.29,24.0,21.444,69.02041666666666,3.955208333333333,,290.26958333333334
2025-09-25,27.38,,80.7,48.55,3282.0,8.11111111111111,113.0,0.0,,,16.42,20.22,20.22,24.0,20.798823529411763,74.46249999999999,4.0875,,91.4175
2025-09-26,23.0,,82.9,64.48,613.5,10.480555555555554,122.0,,,,16.0,19.52,19.52,24.0,21.028947368421054,69.29708333333333,2.5395833333333333,,170.1017391304348
2025-09-27,24.51,,83.9,,901.0,6.288888888888889,77.0,,,,,20.34,20.34,24.0,20.84263157894737,73.4325,2.3583333333333334,,105.40249999999999
2025-09-28,24.88,,84.3,,660.3,6.21111111111111,4.0,,,,,,,24.0,22.177727272727275,78.05875,2.4638888888888886,,138.62666666666667
2025-09-29,24.79,20.28,85.7,71.45,380.7,5.319444444444444,351.0,,,,,20.89,20.89,24.0,23.4835,74.24166666666666,3.462373737373737,,291.27043478260873
2025-09-30,29.39,,86.3,,4311.0,7.469444444444444,111.0,0.0,,,19.55,,,24.0,23.566470588235294,79.18875,3.9385416666666666,,199.13260869565218
2025-10-01,,,87.4,,2486.0,8.261111111111111,93.0,18.54,,,20.83,,,24.0,23.544,82.59708333333333,2.6951388888888888,,189.46416666666667
2025-10-02,26.38,,87.2,,289.7,6.3,116.0,0.0,,,20.46,,,24.0,23.445555555555554,85.41250000000001,2.4319444444444445,,64.01291666666667
2025-10-03,,,87.5,,95.9,,182.0,6.35,,,21.27,23.54,23.54,24.0,23.635714285714286,86.39999999999999,2.442361111111111,,179.71826086956523
2025-10-04,,,88.7,80.7,52.88,6.061111111111111,15.0,26.16,,,20.55,23.97,23.97,24.0,25.324117647058824,80.11749999999999,3.2631313131313133,,220.99181818181816
2025-10-05,,22.83,85.4,70.71,1925.0,,62.0,,,,21.61,24.49,24.49,24.0,26.412727272727274,78.88166666666667,2.9569444444444444,,210.97333333333333
2025-10-06,31.85,,86.6,,2774.0,,81.0,0.0,,,21.24,23.82,23.82,24.0,24.76875,84.53541666666666,2.557986111111111,,142.52304347826086
2025-10-07,28.56,,88.8,,151.0,6.938888888888889,139.0,,,,19.17,21.76,21.76,24.0,20.013636363636365,80.16166666666668,2.692361111111111,,162.85
2025-10-08,21.91,,85.2,,66.5,6.8,96.0,,,,,19.45,19.45,24.0,19.02263157894737,78.23565217391305,2.0855555555555556,,121.97041666666667
2025-10-09,22.0,,86.9,,161.7,4.55,350.0,,,,17.28,19.56,19.56,24.0,19.765,86.0625,2.878240740740741,,81.85666666666667
2025-10-10,21.92,,88.0,,70.75,6.6305555555555555,86.0,41.66,,,,20.17,20.17,24.0,21.46,84.81541666666666,2.5503086419753083,,120.98260869565217
2025-10-11,24.74,,88.1,,677.4,,75.0,9.91,,,19.18,21.33,21.33,24.0,23.15947368421053,83.18124999999999,2.988888888888889,,165.7881818181818
2025-10-12,26.26,,88.1,,1423.0,7.019444444444444,75.0,,,,20.47,23.65,23.65,24.0,23.766875,81.94958333333334,1.3379629629629628,,170.0
2025-10-13,27.95,,87.3,,675.5,4.319444444444445,83.0,,,,,23.58,23.58,24.0,26.857142857142858,75.26625,4.212777777777777,,346.28695652173917
2025-10-14,33.15,22.76,86.9,55.68,4096.0,,67.0,,,,21.13,24.21,24.21,24.0,25.828333333333333,65.69708333333334,3.7141975308641975,,333.1382608695652
2025-10-15,32.32,,83.7,38.73,5226.0,7.4,65.0,0.0,,,18.35,22.42,22.42,24.0,24.590555555555554,67.595,3.8522222222222218,,351.23636363636365
2025-10-16,,20.47,83.1,45.09,5254.0,8.880555555555555,84.0,0.0,,,18.93,24.43,24.43,24.0,25.16095238095238,71.58208333333333,3.1031746031746033,,227.14863636363634
2025-10-17,29.46,21.33,82.6,56.35,2501.0,6.319444444444445,106.0,0.0,,,20.96,24.68,24.68,24.0,26.328823529411768,78.00666666666667,2.3981481481481484,,252.07666666666668
2025-10-18,30.54,23.73,85.4,65.54,1246.0,5.95,90.0,,,,22.47,,,24.0,25.21375,78.98333333333333,3.6934027777777776,,342.92782608695654
2025-10-19,29.87,21.38,85.3,65.25,978.0,10.88888888888889,152.0,,,,16.55,22.63,22.63,24.0,22.600588235294115,61.732499999999995,4.012573099415204,,302.98636363636365
2025-10-20,27.15,19.47,76.32,44.55,4311.0,11.080555555555556,122.0,0.0,,,,20.92,20.92,24.0,21.384999999999998,68.53958333333334,3.43531746031746,,199.46954545454545
2025-10-21,27.67,,79.62,47.3,2267.0,9.030555555555555,143.0,,,,14.43,21.42,21.42,24.0,22.78058823529412,65.925,3.0787037037037037,,313.34090909090907
2025-10-22,26.99,,81.2,48.58,4884.0,10.6,85.0,,,,,21.13,21.13,24.0,23.15285714285714,72.00333333333333,3.7780864197530866,,267.02272727272725
2025-10-23,27.32,20.17,83.6,57.32,3660.0,10.299999999999999,73.0,,,,17.55,,,24.0,23.961052631578948,70.19166666666666,3.8694444444444445,,318.5221739130435
2025-10-24,28.48,,84.0,,4825.0,12.238888888888889,72.0,1.27,,,18.19,,,24.0,24.387894736842107,69.68833333333333,4.330555555555556,,308.41521739130434
2025-10-25,28.63,,83.4,,4942.0,9.58888888888889,77.0,0.0,,,,23.34,23.34,24.0,23.8615,70.93916666666667,3.8369444444444447,,257.3481818181818
2025-10-26,28.91,,84.0,,3359.0,7.55,80.0,0.0,,,19.97,,,24.0,16.624285714285715,78.17863636363637,3.4033333333333333,,170.79391304347828
2025-10-27,,,84.9,,806.0,7.169444444444444,131.0,0.0,,,,-100.0,-127.3,24.0,14.90875,84.885,3.1433333333333335,,98.56727272727272
2025-10-28,25.24,,87.6,,52.56,,135.0,12.19,,,20.33,22.67,22.67,24.0,22.802,85.39583333333333,2.9295138888888888,,132.33863636363637
2025-10-29,,,87.7,,48.61,7.6194444444444445,145.0,25.91,,,20.14,22.43,22.43,24.0,23.156,80.15166666666666,3.63525641025641,,181.00130434782608
2025-10-30,26.46,20.99,87.2,68.42,349.6,,139.0,,,,,21.16,21.16,24.0,22.222,78.24208333333333,2.4816666666666665,,127.73125
2025-10-31,,20.37,86.4,65.28,264.8,5.238888888888889,112.0,1.27,,,18.53,20.95,20.95,24.0,20.956666666666667,80.64666666666666,2.8128472222222225,,188.71416666666667
2025-11-01,25.36,,86.6,,961.0,8.238888888888889,81.0,,,,20.21,,,24.0,15.113333333333333,76.56363636363636,3.1074074074074076,,239.2091304347826
2025-11-02,29.98,,85.7,,2982.0,7.869444444444444,82.0,,,,20.86,24.38,24.38,24.0,15.211111111111112,81.23409090909091,2.774537037037037,,123.72047619047619
2025-11-03,27.81,,87.0,,1056.0,5.480555555555555,66.0,13.97,,,,24.28,24.28,24.0,20.995263157894737,80.39333333333333,2.602272727272727,,221.51
2025-11-04,30.19,,87.6,,963.0,6.588888888888889,126.0,23.62,,,20.88,23.38,23.38,24.0,19.21294117647059,78.79304347826087,3.431944444444444,,236.52217391304347
2025-11-05,29.91,,86.3,,1950.0,,87.0,,,,22.61,25.71,25.71,24.0,14.628000000000002,75.84947368421054,3.7796296296296297,,240.63347826086957
2025-11-06,35.01,,86.3,,3037.0,15.599999999999998,121.0,,,,18.59,24.63,24.63,24.0,19.88,64.37304347826087,3.433564814814815,,139.41652173913045
2025-11-07,26.53,,74.09,,1116.0,6.811111111111111,115.0,0.0,,,,-100.0,-129.0,24.0,23.12529411764706,75.81782608695652,2.4204545454545454,,88.49391304347826
2025-11-08,26.67,,87.3,,436.0,11.911111111111111,230.0,32.26,,,19.69,,,24.0,23.69047619047619,69.23727272727272,5.86068376068376,,345.27652173913043
2025-11-09,32.66,,87.3,,4834.0,15.088888888888889,223.0,,,,,21.99,21.99,24.0,23.343,66.06666666666666,2.768981481481482,,133.37916666666666
2025-11-10,26.81,20.87,79.55,52.34,918.0,6.3694444444444445,139.0,0.0,,,17.26,21.44,21.44,24.0,21.598333333333333,67.91958333333334,3.1726851851851854,,368.2421739130435
2025-11-11,29.02,,81.0,,6277.0,8.299999999999999,63.0,0.0,,,17.25,20.86,20.86,24.0,22.86904761904762,65.05708333333332,4.202222222222222,,348.7183333333333
2025-11-12,28.92,,82.9,,6096.0,8.988888888888889,82.0,0.0,,,16.97,,,24.0,23.38388888888889,71.35166666666667,3.536458333333333,,220.12956521739133
2025-11-13,28.21,,86.6,,2565.0,7.669444444444444,83.0,8.89,,,20.58,22.99,22.99,24.0,25.7515,78.04083333333334,2.621111111111111,,165.67772727272725
2025-11-14,,,87.2,,1302.0,,123.0,,,,,,,24.0,26.24727272727273,73.245,3.376587301587301,,257.955
2025-11-15,30.49,,85.9,,3741.0,6.288888888888889,93.0,0.0,,,21.39,,,24.0,26.99,72.87708333333333,3.0980158730158727,,265.62208333333336
2025-11-16,31.58,,86.0,,4081.0,7.4,89.0,0.0,,,21.88,26.49,26.49,24.0,27.684,75.19291666666668,3.715555555555555,,235.43791666666667
2025-11-17,32.95,,86.0,,3132.0,9.130555555555555,75.0,0.0,,,,31.55,27.64,24.0,25.056,79.76125,3.4046296296296297,,195.2617391304348
2025-11-18,28.77,,84.9,,151.9,10.080555555555556,220.0,,,,19.69,22.79,22.79,24.0,23.00409090909091,83.95416666666667,2.6627777777777775,,82.63333333333333
2025-11-19,25.46,21.71,87.5,75.46,537.3,5.538888888888889,156.0,32.26,,,19.32,,,24.0,25.329047619047618,64.0975,4.730982905982906,,334.35833333333335
2025-11-20,33.49,,85.9,36.82,5687.0,10.538888888888888,118.0,,,,14.76,,,24.0,24.24277777777778,63.35208333333333,4.446969696969696,,343.0295833333333
2025-11-21,28.98,18.78,77.23,49.91,5942.0,11.299999999999999,77.0,0.0,,,17.29,23.37,23.37,24.0,25.698571428571427,67.34916666666666,4.231111111111111,,367.20260869565215
2025-11-22,29.56,,82.2,49.34,6048.0,9.16111111111111,63.0,0.0,,,20.77,23.97,23.97,24.0,25.77952380952381,74.56416666666667,3.9492063492063494,,252.22347826086957
2025-11-23,31.49,21.88,86.0,53.78,3769.0,9.63888888888889,158.0,,,,19.84,22.68,22.68,24.0,22.44,84.74166666666666,3.3046296296296296,,77.00652173913043
2025-11-24,23.49,21.22,86.6,80.1,89.4,,191.0,29.21,,,19.15,,,24.0,22.756999999999998,85.23041666666667,3.0898809523809523,,93.12954545454545
2025-11-25,25.82,21.22,88.3,76.04,431.3,7.488888888888889,190.0,74.68,,,19.41,21.81,21.81,24.0,25.651999999999997,74.53833333333334,3.1504629629629632,,263.22291666666666
2025-11-26,31.02,21.34,87.2,56.28,4075.0,8.019444444444444,67.0,0.0,,,20.82,23.85,23.85,24.0,25.895238095238092,73.87333333333333,3.564102564102564,,243.9582608695652
2025-11-27,30.13,,87.2,57.83,3548.0,7.688888888888888,88.0,,,,,24.79,24.79,24.0,25.502857142857142,66.80125,3.38179012345679,,262.50875
2025-11-28,29.29,22.79,79.48,51.14,3922.0,7.9,72.0,0.0,,,,24.28,24.28,24.0,26.629583333333333,69.67916666666666,2.68015873015873,,338.1291304347826
2025-11-29,35.18,,86.1,,5181.0,8.830555555555556,97.0,,,,22.28,24.82,24.82,24.0,27.123529411764704,74.32916666666667,4.428174603174603,,342.1716666666667
2025-11-30,33.84,22.52,86.9,51.17,5755.0,9.469444444444445,129.0,0.0,,,20.38,,,24.0,26.241000000000003,74.62833333333333,2.985353535353535,,213.33227272727274
2025-12-01,30.69,,88.6,59.43,2594.0,7.6194444444444445,76.0,,,,21.64,23.74,23.74,24.0,25.09904761904762,84.35333333333334,1.8430555555555557,,66.3295652173913
2025-12-02,27.35,23.27,88.4,78.12,243.3,,98.0,,,,23.65,,,24.0,27.498333333333335,81.92625,2.973611111111111,,264.7
2025-12-03,31.09,25.38,87.9,67.41,2390.0,7.46111111111111,90.0,,,,23.22,26.55,26.55,24.0,28.76055555555556,67.55708333333332,4.71540404040404,,332.8160869565217
2025-12-04,34.33,24.28,84.9,32.3,5431.0,10.488888888888889,111.0,,,,19.62,,,24.0,26.96157894736842,67.74166666666666,3.032478632478633,,228.43166666666664
2025-12-05,30.57,24.65,78.47,51.81,2933.0,6.338888888888889,119.0,0.0,,,20.36,25.35,25.35,24.0,27.4885,68.04416666666667,4.1866666666666665,,372.2483333333333
2025-12-06,31.35,23.91,81.4,53.41,6076.0,9.811111111111112,74.0,0.0,,,,26.43,26.43,24.0,28.33809523809524,69.64125,4.05,,343.7308333333333
2025-12-07,32.74,24.15,82.8,53.73,5960.0,9.719444444444445,64.0,0.0,,,23.17,,,24.0,29.583999999999996,70.62583333333333,3.2469907407407406,,366.7382608695652
2025-12-08,34.06,26.39,79.1,53.03,5929.0,10.480555555555554,68.0,0.0,,,23.38,31.75,28.16,24.0,29.008125,72.91333333333334,2.980246913580247,,324.6066666666667
2025-12-09,31.82,26.0,84.3,59.39,2498.0,7.3694444444444445,85.0,,,,23.86,,,24.0,27.49,83.75166666666667,2.3703703703703702,,136.10708333333335
2025-12-10,31.04,24.81,88.2,72.45,979.0,6.988888888888889,85.0,29.46,,,23.84,29.98,26.99,24.0,32.08590909090909,53.018750000000004,6.240058479532164,,279.55875
2025-12-11,38.01,25.76,82.8,34.78,4655.0,18.4,264.0,0.0,,,,28.82,27.26,24.0,31.15125,51.0575,4.958333333333333,,364.43249999999995
2025-12-12,38.06,,81.4,30.33,6386.0,11.9,229.0,0.0,,,,26.62,26.62,24.0,28.074210526315788,70.14874999999999,2.5677083333333335,,171.82260869565218
2025-12-13,33.46,,83.9,,1519.0,6.380555555555555,231.0,,,,,25.27,25.27,24.0,28.347619047619045,70.86333333333333,2.942676767676768,,281.58782608695657
2025-12-14,33.75,23.75,83.0,51.73,3994.0,6.780555555555555,111.0,0.0,,,24.46,31.76,27.73,24.0,29.05842105263158,73.21708333333333,3.289583333333333,,237.6833333333333
2025-12-15,33.02,,83.4,,3043.0,9.249999999999998,72.0,0.0,,,24.94,32.83,,11.0,28.394444444444442,78.52454545454545,,,198.9
2026-01-01,36.04,,87.2,,3806.0,6.038888888888888,141.0,18.29,,,25.69,34.86,,24.0,28.698,78.32916666666667,3.3499999999999996,,273.38
2026-01-02,36.9,,86.1,,2571.0,,83.0,1.27,,,24.61,32.49,,24.0,27.002631578947366,76.40434782608695,2.6820987654320985,,272.6472727272727
2026-01-03,36.89,,84.5,,4012.0,15.969444444444445,320.0,27.43,,,24.32,30.98,27.37,24.0,29.573,70.19782608695652,4.115972222222222,,364.30136363636365
2026-01-04,39.63,,86.5,,5797.0,16.61111111111111,129.0,,,,18.85,25.34,25.34,24.0,24.25,59.791666666666664,3.2831196581196584,,204.42260869565217
2026-01-05,,,69.2,,1827.0,7.930555555555555,120.0,0.0,,,16.43,25.32,25.32,24.0,21.11875,59.92913043478261,3.198888888888889,,193.95000000000002
2026-01-06,,,72.58,,1863.0,,110.0,0.0,,,,25.27,25.27,24.0,23.316,69.15833333333333,2.5962962962962965,,258.7095652173913
2026-01-07,30.66,,80.7,,2582.0,6.919444444444444,54.0,0.0,,,21.99,25.94,25.94,24.0,28.264090909090907,71.36375,2.7719135802469133,,361.80454545454546
2026-01-08,34.99,,84.6,,5576.0,9.088888888888889,75.0,0.0,,,,33.86,28.58,24.0,28.046666666666667,76.3525,3.1597222222222223,,279.71142857142854
2026-01-09,36.47,,85.7,,3626.0,9.461111111111112,151.0,,,,23.86,30.47,27.24,24.0,29.77052631578947,74.88,3.557539682539683,,299.5365217391304
2026-01-10,34.11,,82.7,,4913.0,7.569444444444445,92.0,0.0,,,25.74,36.84,29.86,24.0,29.282,79.06333333333333,3.3043209876543207,,275.12695652173915
2026-01-11,34.15,,86.9,,3092.0,12.21111111111111,316.0,30.23,,,23.21,25.78,25.78,24.0,28.433333333333334,77.69958333333334,2.706111111111111,,195.56875
2026-01-12,35.88,,86.7,,1865.0,6.588888888888889,119.0,0.0,,,24.36,32.04,27.92,24.0,27.928260869565218,81.98625,1.9076388888888887,,175.1040909090909
2026-01-13,31.29,24.88,87.5,71.69,406.7,10.180555555555555,345.0,,,,,25.13,25.13,24.0,28.259523809523813,76.06,3.5687499999999996,,278.8854166666667
2026-01-14,34.22,,85.9,,4555.0,11.938888888888888,241.0,,,,,,,24.0,28.44736842105263,74.74249999999999,2.4257936507936506,,218.34478260869565
2026-01-15,34.32,,86.1,,2618.0,6.430555555555555,75.0,,,,23.56,30.89,27.57,24.0,26.0225,72.08217391304348,3.6003086419753085,,399.6608695652174
2026-01-16,34.24,,83.9,,5320.0,9.299999999999999,75.0,0.0,,,25.69,36.81,29.88,24.0,29.62263157894737,70.12695652173913,2.7090277777777776,,343.5108695652174
2026-01-17,36.42,,84.4,,4791.0,13.761111111111111,259.0,0.0,,,24.62,34.32,,24.0,25.583125,76.82681818181818,3.4340277777777777,,293.3127272727273
2026-01-18,35.45,,85.7,,3751.0,9.188888888888888,145.0,,,,,32.55,27.93,24.0,25.196666666666665,75.54166666666667,3.2344017094017095,,340.81363636363636
2026-01-19,36.37,,86.4,,4486.0,10.499999999999998,152.0,26.16,,,,29.57,,24.0,25.654615384615383,68.93095238095238,5.032291666666667,,228.88708333333332
2026-01-20,32.6,,86.8,,2248.0,12.71111111111111,186.0,1.27,,,18.63,25.98,25.98,24.0,25.353,60.58291666666667,3.7091503267973853,,392.8818181818182
2026-01-21,30.91,,74.88,,6616.0,9.9,125.0,0.0,,,19.98,25.67,25.67,24.0,24.228823529411763,68.1704761904762,3.0064102564102564,,229.82347826086954
2026-01-22,32.14,,80.4,,2263.0,6.6305555555555555,127.0,,,,,-100.0,-133.9,24.0,23.77875,65.55947368421053,2.9459876543209877,,271.38
2026-01-23,30.46,,82.8,,2311.0,6.288888888888889,107.0,0.0,,,20.62,,,24.0,17.84857142857143,67.9285,4.7407407407407405,,287.31041666666664
2026-01-24,31.95,,82.4,,3831.0,9.488888888888887,116.0,,,,21.17,25.84,25.84,24.0,24.01058823529412,66.71416666666666,3.371296296296296,,401.48583333333335
2026-01-25,34.34,,80.8,,4901.0,7.869444444444444,118.0,0.0,,,22.93,29.43,26.91,24.0,24.321,70.87,3.1671717171717173,,415.3870833333333
2026-01-26,34.49,,83.0,,6103.0,,92.0,0.0,,,22.65,29.68,27.13,24.0,27.29894736842105,70.43458333333334,3.111574074074074,,390.5916666666667
2026-01-27,33.44,,84.0,,4582.0,7.588888888888889,87.0,0.0,,,23.45,32.55,28.64,24.0,30.10578947368421,69.8,3.8269841269841267,,394.07173913043476
2026-01-28,35.21,,82.9,,5865.0,,66.0,0.0,,,24.22,32.45,28.21,24.0,30.092105263157894,72.47041666666667,3.9672222222222224,,371.40375
2026-01-29,35.29,,85.4,,5153.0,9.019444444444444,71.0,0.0,,,25.77,37.1,29.99,24.0,28.462,81.58375,4.07037037037037,,72.14708333333333
2026-01-30,31.26,,86.7,,173.1,11.161111111111111,214.0,9.91,,,22.29,,,24.0,26.547222222222224,76.63958333333333,2.9851851851851854,,254.6591304347826
2026-01-31,33.43,,85.1,,1731.0,7.569444444444445,124.0,,,,23.75,30.28,27.17,24.0,28.008695652173916,73.6375,2.3916666666666666,,327.03249999999997
2026-02-01,34.47,,87.5,,4333.0,8.119444444444444,66.0,,,,23.25,26.22,26.22,24.0,29.92809523809524,75.88333333333334,2.9037037037037035,,491.9979166666667
2026-02-02,35.5,,85.9,,4851.0,,69.0,1.27,,,25.37,33.47,28.24,24.0,29.835652173913044,74.83041666666666,2.776923076923077,,298.29304347826087
2026-02-03,33.67,,85.5,59.38,4392.0,8.169444444444444,57.0,7.62,,,24.98,32.08,,24.0,27.529473684210522,82.19541666666667,2.5371031746031747,,143.1895652173913
2026-02-04,32.64,24.54,88.7,67.21,691.3,6.449999999999999,136.0,61.47,,,22.69,25.16,25.16,24.0,26.92375,82.30958333333334,2.422222222222222,,203.29695652173913
2026-02-05,30.85,,88.9,,424.4,6.461111111111111,211.0,41.4,,,24.53,30.77,,24.0,30.135,73.73708333333333,3.398148148148148,,364.42875000000004
2026-02-06,34.96,,87.2,,5321.0,6.9111111111111105,103.0,,,,24.27,32.72,28.34,24.0,30.620434782608694,71.08041666666666,3.5198412698412698,,334.35833333333335
2026-02-07,35.07,,85.8,,5540.0,7.95,68.0,0.0,,,24.59,33.54,28.66,24.0,28.483157894736838,74.56,3.7833333333333337,,327.3963636363637
2026-02-08,34.95,,88.5,,5110.0,11.38888888888889,208.0,44.2,,,22.68,24.91,24.91,24.0,28.262777777777778,75.2625,3.4972222222222222,,441.74291666666664
2026-02-09,33.41,,88.0,,4695.0,8.569444444444445,119.0,,,,23.75,31.75,28.0,24.0,29.727272727272727,70.35083333333334,3.157407407407407,,301.53625
2026-02-10,34.42,,82.5,,4915.0,,82.0,0.0,,,23.87,31.78,27.97,24.0,30.1878947368421,73.95666666666666,2.6444444444444444,,318.4429166666667
2026-02-11,33.71,26.41,85.6,58.24,5030.0,7.680555555555555,79.0,0.0,,,24.39,32.9,28.39,24.0,31.45090909090909,71.87,3.3933333333333335,,339.7595833333333
2026-02-12,36.86,26.42,86.2,52.31,5377.0,8.180555555555555,76.0,0.0,,,26.62,37.41,29.54,24.0,32.45458333333333,72.55666666666666,3.560185185185185,,310.2316666666667
2026-02-13,38.11,29.22,84.8,51.38,4857.0,7.988888888888889,91.0,,,,,36.45,29.43,24.0,30.972727272727273,76.08833333333334,2.6687499999999997,,332.5
2026-02-14,39.55,26.17,89.5,46.91,3143.0,14.661111111111111,309.0,73.15,,,,,26.73,24.0,28.467777777777776,81.40375,3.0638888888888887,,135.07291666666666
2026-02-15,31.24,26.52,88.7,70.4,374.8,6.111111111111111,142.0,,,,24.87,31.87,27.64,24.0,26.042727272727276,78.96105263157895,2.634722222222222,,159.75708333333333
2026-02-16,33.79,,85.7,,1171.0,5.461111111111111,122.0,0.0,,,,35.85,,24.0,28.481,78.66666666666667,3.0987654320987654,,312.15956521739133
2026-02-17,35.34,,87.0,,2998.0,10.119444444444444,350.0,,,,24.57,30.68,27.15,24.0,29.950952380952383,76.16333333333334,2.7145061728395063,,269.15521739130435
2026-02-18,38.3,,86.4,,4239.0,17.969444444444445,230.0,,,,,35.51,28.92,24.0,28.96695652173913,75.50875,3.750308641975309,,430.5083333333334
2026-02-19,36.45,,87.5,,4760.0,9.63888888888889,134.0,,,,24.99,33.71,28.55,24.0,30.19142857142857,70.04958333333333,2.900925925925926,,383.9358333333333
2026-02-20,33.68,,83.9,,3894.0,7.1305555555555555,84.0,,,,23.79,34.73,,24.0,30.55761904761905,73.81833333333333,2.85,,149.31791666666666
2026-02-21,34.89,,84.9,,1394.0,10.31111111111111,138.0,0.0,,,25.18,33.7,28.45,24.0,27.47869565217391,79.51333333333334,3.659126984126984,,125.98652173913044
2026-02-22,,25.27,89.2,61.56,556.9,8.330555555555556,131.0,77.98,,,22.99,25.92,25.92,24.0,27.65736842105263,75.07291666666667,3.5043650793650793,,184.31043478260872
2026-02-23,31.42,25.0,86.9,59.16,866.0,9.2,116.0,,,,22.28,26.19,26.19,24.0,28.064090909090908,73.98666666666666,2.664393939393939,,205.635
2026-02-24,33.87,24.35,87.2,55.84,2502.0,6.519444444444444,124.0,8.64,,,,30.26,,24.0,29.43,77.11333333333333,3.0344017094017093,,222.85
2026-02-25,34.79,,88.2,,2689.0,6.2,109.0,37.08,,,,26.48,26.48,24.0,29.744285714285713,78.37708333333333,3.4561728395061726,,283.7431818181818
2026-02-26,36.51,,87.8,,3779.0,11.980555555555556,147.0,21.84,,,24.33,30.27,,24.0,27.30894736842105,72.63125000000001,3.535185185185185,,197.5591304347826
2026-02-27,32.77,,85.4,,1187.0,9.138888888888888,133.0,0.0,,,21.75,30.15,27.74,24.0,27.903684210526315,62.45791666666667,3.159920634920635,,189.59041666666667
2026-02-28,31.81,,76.75,,2298.0,6.219444444444444,125.0,0.0,,,22.16,26.65,26.65,24.0,26.254375,71.44083333333333,2.69074074074074,,187.2186363636364
2026-03-01,31.65,,85.6,,1787.0,6.588888888888889,112.0,,,,21.89,28.67,26.68,24.0,25.94736842105263,71.13583333333334,2.4805555555555556,,163.3375
2026-03-02,,,83.0,,1823.0,5.8999999999999995,134.0,,,,21.67,25.0,25.0,24.0,26.549473684210525,70.91875,2.3097222222222222,,225.51958333333334
2026-03-03,31.35,,85.9,,2261.0,,87.0,2.54,,,20.58,24.75,24.75,24.0,27.634117647058822,69.6908695652174,3.1325396825396825,,309.2029166666667
2026-03-04,32.45,,83.7,,4995.0,,81.0,0.0,,,22.18,25.98,25.98,24.0,28.61590909090909,69.35083333333334,3.4755555555555553,,280.91875
2026-03-05,33.15,,84.0,,4297.0,9.019444444444444,70.0,0.0,,,,26.62,26.62,24.0,28.922105263157892,67.82791666666667,3.7203703703703703,,307.2445833333333
2026-03-06,33.72,,84.0,,5064.0,,73.0,0.0,,,22.29,31.35,28.38,24.0,29.475714285714286,70.11666666666666,3.040833333333333,,264.54391304347826
2026-03-07,33.29,25.83,81.3,56.26,3853.0,8.21111111111111,71.0,0.0,,,,34.19,29.34,24.0,30.127727272727274,75.86166666666666,3.4464285714285716,,273.60391304347826
2026-03-08,34.09,26.41,85.4,61.63,4107.0,9.280555555555555,70.0,10.67,,,,33.4,28.19,24.0,28.637222222222224,77.34875,3.411111111111111,,168.62833333333333
2026-03-09,32.26,25.26,86.5,67.43,535.3,8.511111111111111,125.0,,,,,25.61,25.61,24.0,25.966315789473686,82.04458333333334,1.932142857142857,,161.5777272727273
2026-03-10,28.98,23.87,88.0,67.58,460.3,,77.0,13.21,,,,,,24.0,25.173,83.95916666666666,2.490873015873016,,106.84521739130435
2026-03-11,,,87.5,,507.0,,74.0,24.38,,,22.26,24.72,24.72,24.0,26.322222222222223,78.12541666666667,3.310802469135803,,218.50666666666666
2026-03-12,31.27,,87.9,,2136.0,7.4111111111111105,108.0,,,,22.57,25.33,25.33,24.0,26.0275,83.20958333333333,2.5877777777777777,,114.72666666666667
2026-03-13,28.0,24.29,86.9,75.61,235.2,5.538888888888889,226.0,10.41,,,,24.42,24.42,24.0,28.42666666666667,74.19916666666667,3.2791666666666663,,290.24333333333334
2026-03-14,34.77,,87.3,48.71,4447.0,,69.0,,,,23.59,30.36,27.26,24.0,28.882173913043477,73.9175,3.305555555555556,,256.40625
2026-03-15,33.25,,84.9,,3690.0,,60.0,0.0,,,24.32,34.2,29.21,24.0,30.095652173913045,73.54166666666667,3.1345959595959596,,257.50875
2026-03-16,34.04,,82.6,,3903.0,7.55,75.0,0.0,,,25.62,36.0,29.46,24.0,30.72304347826087,75.08916666666666,2.9618055555555554,,262.72791666666666
2026-03-17,34.15,28.32,84.8,60.58,2716.0,9.019444444444444,70.0,0.0,,,25.0,35.78,29.75,24.0,30.737391304347828,70.98666666666666,3.327777777777778,,269.2186956521739
2026-03-18,33.93,27.96,82.6,58.48,4006.0,9.388888888888888,81.0,0.0,,,24.42,35.79,30.17,24.0,30.51055555555556,71.56958333333334,2.3621527777777778,,153.4990909090909
2026-03-19,33.17,,79.07,,1234.0,7.730555555555555,79.0,0.0,,,24.76,35.17,29.53,24.0,29.791428571428572,75.48625,2.852272727272727,,242.84636363636363
2026-03-20,33.58,,86.5,,3049.0,7.719444444444444,111.0,0.0,,,24.66,33.69,28.71,24.0,30.553000000000004,73.89416666666666,3.296759259259259,,279.2217391304348
2026-03-21,35.69,,84.9,,4289.0,,83.0,0.0,,,24.17,33.83,,24.0,30.785238095238096,70.71916666666667,3.364236111111111,,270.34434782608696
2026-03-22,35.21,26.94,82.5,56.27,3802.0,8.430555555555555,76.0,0.0,,,,36.11,,24.0,30.427272727272726,76.88208333333333,2.61820987654321,,187.22913043478263
2026-03-23,34.93,27.87,85.8,62.02,2135.0,6.8999999999999995,206.0,,,,26.24,36.01,,24.0,30.476999999999997,72.00041666666667,3.363888888888889,,295.25695652173914
2026-03-24,35.59,,86.3,48.2,3632.0,9.461111111111112,73.0,,,,,34.37,29.44,24.0,29.92863636363636,70.33916666666667,3.2839506172839505,,271.86545454545455
2026-03-25,33.62,,82.7,,3563.0,8.119444444444444,97.0,0.0,,,24.35,33.79,28.94,24.0,30.7195,71.78166666666667,2.9856481481481487,,231.63434782608695
2026-03-26,34.18,,83.5,,2954.0,6.580555555555556,68.0,0.0,,,24.51,33.06,28.42,24.0,30.52952380952381,72.73125,2.86820987654321,,263.71434782608696
2026-03-27,34.66,,83.7,,3592.0,6.530555555555556,68.0,0.0,,,25.41,36.05,29.63,24.0,31.487000000000002,73.19875,3.070061728395062,,264.36818181818177
2026-03-28,35.57,,85.7,,3425.0,7.330555555555556,71.0,0.0,,,25.37,37.15,30.33,24.0,31.005714285714287,71.1775,3.0524999999999998,,280.2409090909091
2026-03-29,34.79,28.31,83.9,53.23,3762.0,8.380555555555556,71.0,,,,,32.5,28.33,24.0,30.05,72.62541666666667,3.4016666666666664,,270.29478260869564
2026-03-30,34.38,26.38,85.1,53.74,3732.0,7.480555555555555,83.0,0.0,,,24.35,32.53,,24.0,29.51421052631579,75.08208333333333,3.001388888888889,,232.5659090909091
2026-03-31,33.55,24.85,85.8,59.54,2264.0,7.088888888888889,119.0,9.91,,,,25.94,25.94,24.0,26.7065,78.89458333333333,2.5953703703703703,,300.77909090909094
2026-04-01,32.86,24.95,87.4,58.54,1636.0,,187.0,21.59,,,22.31,,,24.0,27.998636363636365,75.11666666666666,2.848148148148148,,261.36347826086956
2026-04-02,32.09,23.96,86.6,59.62,3206.0,7.919444444444444,80.0,,,,23.13,29.78,,24.0,29.005555555555556,74.30739130434782,3.0460317460317463,,254.82409090909093
2026-04-03,34.09,,84.4,,3367.0,,70.0,1.27,,,,30.83,27.36,24.0,29.683333333333334,75.74916666666667,3.1805555555555554,,225.3782608695652
2026-04-04,34.89,,85.8,,2910.0,6.811111111111111,84.0,,,,23.31,30.76,27.58,24.0,30.007272727272724,75.48166666666667,3.3546296296296294,,353.7495833333333
2026-04-05,34.49,,85.5,60.77,3264.0,7.438888888888889,75.0,3.81,,,24.52,30.65,27.15,24.0,28.902105263157893,78.45958333333333,3.826388888888889,,204.51857142857145
2026-04-06,32.31,26.86,86.5,65.77,2058.0,9.669444444444444,114.0,,,,23.27,29.59,26.92,24.0,25.38,83.6595652173913,3.197037037037037,,157.67380952380952
2026-04-07,31.89,,88.8,,948.0,6.549999999999999,225.0,96.8,,,24.41,30.49,,24.0,29.079473684210527,78.7225,3.763888888888889,,244.1413043478261
2026-04-08,33.41,,87.0,66.58,2460.0,11.36111111111111,248.0,8.89,,,23.23,,,24.0,28.845454545454547,74.25708333333334,2.6432539682539686,,256.24666666666667
2026-04-09,37.65,,84.7,,1218.0,,199.0,,,,22.44,31.78,28.62,24.0,28.883181818181814,60.594166666666666,3.5263888888888886,,281.70217391304345
2026-04-10,34.37,23.66,76.21,41.63,3466.0,6.8694444444444445,183.0,0.0,,,19.97,26.28,26.28,24.0,26.821052631578947,61.95416666666667,2.8947916666666664,,173.9295652173913
2026-04-11,29.96,,83.4,44.76,1892.0,6.85,128.0,,,,21.27,24.32,24.32,24.0,25.668235294117647,77.19375000000001,2.410185185185185,,226.83304347826086
2026-04-12,29.64,,84.6,,733.3,6.319444444444445,342.0,,,,,,,24.0,26.746666666666663,75.39708333333333,2.7375000000000003,,191.36749999999998
2026-04-13,32.52,,85.1,,1867.0,5.730555555555555,69.0,,,,21.86,25.13,25.13,24.0,27.324782608695653,76.02541666666667,2.5694444444444446,,194.76478260869567
2026-04-14,32.27,,83.9,,2079.0,5.3500000000000005,108.0,0.0,,,,26.33,26.33,24.0,28.36263157894737,72.77958333333333,2.8577777777777778,,234.37565217391307
2026-04-15,32.54,25.47,84.3,52.47,2981.0,7.088888888888889,70.0,,,,21.58,26.25,26.25,24.0,27.59,73.72458333333334,2.2229166666666664,,171.25347826086957
2026-04-16,32.83,24.97,83.6,56.17,1467.0,,2.0,,,,,29.57,26.97,24.0,28.129047619047622,73.13458333333334,3.267129629629629,,180.89347826086959
2026-04-17,33.26,25.0,82.8,51.55,1803.0,7.1305555555555555,74.0,0.0,,,23.16,31.72,28.24,24.0,28.973333333333336,74.01913043478261,2.958796296296296,,216.19260869565218
2026-04-18,33.28,,84.9,,2577.0,7.769444444444444,68.0,0.0,,,24.13,30.14,27.0,24.0,30.68,69.31833333333333,2.5444444444444443,,231.24652173913043
2026-04-19,38.26,,85.0,40.47,2863.0,6.830555555555556,115.0,0.0,,,,,27.25,24.0,28.339523809523808,70.01583333333333,3.1630555555555553,,224.2891304347826
2026-04-20,32.18,25.47,82.6,55.42,2757.0,8.188888888888888,72.0,0.0,,,20.93,26.56,26.56,24.0,27.50894736842105,69.77499999999999,2.9698412698412695,,226.79521739130433
2026-04-21,31.64,23.91,82.3,46.14,2785.0,,81.0,0.0,,,,25.95,25.95,24.0,27.721578947368425,72.2325,2.322685185185185,,212.51250000000002
2026-04-22,32.94,23.64,82.8,50.18,1351.0,5.038888888888889,115.0,0.0,,,22.31,26.27,26.27,11.0,25.7925,77.54727272727273,0.8305555555555555,,95.32000000000001
2026-04-24,,,,,,,,,,,,,,11.0,28.578181818181818,71.00636363636364,2.4547727272727276,,196.09727272727275
2026-04-25,,,,,,,,,,,,,,24.0,28.168333333333333,73.69208333333333,1.658599537037037,,170.88862500000002
2026-04-26,34.17,24.43,83.8,54.28,1951.0,6.3,113.0,0.0,,,23.53,30.45,27.33,24.0,26.445833333333336,83.12583333333333,1.7077083333333334,,57.60883333333334
2026-04-27,28.98,,88.1,,269.7,11.861111111111112,227.0,37.08,,,22.26,25.04,25.04,24.0,27.380416666666665,71.29791666666667,2.1840393518518515,,195.35383333333334
2026-04-28,35.45,,85.9,,2486.0,7.838888888888889,206.0,0.762,,,20.49,25.49,25.49,24.0,23.422916666666666,69.90375,1.9974421296296299,,47.78333333333333
2026-04-29,25.5,20.3,86.2,53.94,157.7,5.038888888888889,240.0,13.72,,,18.35,20.83,20.83,24.0,22.29041666666667,85.88333333333333,1.6922916666666667,,27.964625
2026-04-30,24.51,20.5,87.8,83.0,60.16,7.838888888888889,246.0,29.72,,,20.55,22.96,22.96,24.0,23.793625000000002,78.49833333333333,1.1075462962962963,,92.86779166666666
2026-05-01,28.97,,87.1,,612.1,4.280555555555556,118.0,0.0,,,21.22,24.58,24.58,24.0,26.16916666666667,77.4825,1.5674189814814816,,169.89783333333335
2026-05-02,30.34,23.18,85.2,62.91,1906.0,6.480555555555555,72.0,1.778,,,22.1,25.09,25.09,24.0,25.24,80.11583333333333,2.1934837962962965,,26.257458333333332
2026-05-03,28.16,,85.8,,60.5,8.88888888888889,154.0,6.35,,,20.52,24.23,24.23,24.0,23.189166666666665,67.37333333333333,2.1585185185185183,,89.93620833333334
2026-05-04,25.38,21.5,80.1,50.7,628.6,7.888888888888888,140.0,0.0,,,16.51,22.14,22.14,24.0,23.6725,74.81208333333333,1.2077430555555555,,96.47754166666665
2026-05-05,28.48,20.25,83.8,62.25,730.6,3.888888888888889,84.0,0.0,,,20.62,23.76,23.76,24.0,25.8425,76.88000000000001,1.5188657407407407,,180.31483333333335
2026-05-06,31.13,21.64,84.8,60.49,1956.0,4.769444444444445,74.0,0.0,,,21.99,24.83,24.83,24.0,26.254166666666666,81.54875,1.394085648148148,,131.27270833333333
2026-05-07,30.94,,86.0,,1267.0,5.961111111111111,74.0,0.0,,,24.07,30.17,27.03,24.0,27.649583333333336,79.37124999999999,1.5838657407407408,,143.25775000000002
2026-05-08,30.78,25.81,85.4,64.59,1470.0,7.05,65.0,0.0,,,22.98,25.83,25.83,24.0,26.959999999999997,74.23125,1.8474189814814814,,11.283791666666666
2026-05-09,30.29,24.67,84.9,53.5,8.53,9.038888888888888,239.0,4.318,,,21.66,24.77,24.77,24.0,20.286666666666665,76.70416666666667,3.959328703703704,,14.421750000000001
2026-05-10,25.47,17.01,82.9,61.84,13.8,13.061111111111112,212.0,43.43,,,13.35,17.11,17.11,24.0,19.242083333333333,66.03125,2.235358796296296,,125.70558333333332
2026-05-11,26.01,,80.1,,1222.0,8.06111111111111,238.0,5.08,,,10.46,17.84,17.84,24.0,19.683333333333334,55.864583333333336,2.2400694444444444,,199.45329166666667
2026-05-12,27.5,13.77,75.5,31.85,2416.0,5.188888888888889,257.0,0.0,,,12.11,16.74,16.74,24.0,19.924166666666668,67.28166666666667,1.6976157407407406,,193.11637499999998
2026-05-13,26.37,13.93,78.54,42.54,2273.0,5.738888888888889,104.0,0.0,,,14.09,17.9,17.9,24.0,21.93541666666667,66.06041666666667,1.5423379629629628,,162.884375
2026-05-14,31.17,15.83,79.38,33.05,1613.0,5.488888888888889,225.0,0.0,,,15.66,19.63,19.63,24.0,22.347083333333334,70.97541666666666,1.544826388888889,,169.9905
2026-05-15,28.31,17.21,79.92,55.48,1888.0,4.569444444444444,73.0,0.0,,,18.94,22.96,22.96,24.0,21.920833333333334,80.62875,1.7984259259259259,,8.827499999999999
2026-05-16,23.36,20.65,83.1,76.89,5.049,9.1,237.0,24.89,,,18.03,21.34,21.34,24.0,23.0325,78.22833333333334,1.2308680555555556,,60.796625
2026-05-17,25.44,21.02,82.8,68.47,297.0,3.7805555555555554,234.0,3.81,,,20.17,23.37,23.37,24.0,24.195833333333336,79.75333333333333,1.3605439814814815,,51.101916666666675
2026-05-18,26.98,22.81,85.0,70.13,208.9,6.0888888888888895,128.0,3.048,,,20.01,22.87,22.87,24.0,22.183333333333334,79.94583333333334,1.4501157407407408,,28.919541666666664
2026-05-19,23.6,19.96,84.3,72.18,57.28,5.338888888888889,196.0,9.4,,,16.78,20.26,20.26,24.0,22.119583333333335,73.33125,1.4691898148148148,,65.3575
2026-05-20,25.44,20.09,80.7,57.05,275.6,4.51111111111111,111.0,0.0,,,17.73,22.16,22.16,24.0,23.415000000000003,72.98125,1.7308796296296298,,117.29725
2026-05-21,28.35,21.17,80.2,55.87,1143.0,5.561111111111111,114.0,0.0,,,16.9,21.8,21.8,24.0,21.39,65.71625,2.550150462962963,,122.75491666666666
2026-05-22,24.5,17.85,80.2,45.0,1175.0,5.669444444444444,220.0,0.0,,,13.92,21.19,21.19,24.0,21.40833333333333,66.00333333333333,1.708611111111111,,135.071875
2026-05-23,25.85,,77.55,,1396.0,6.238888888888889,115.0,0.0,,,16.35,20.78,20.78,24.0,21.517916666666665,72.70666666666666,1.6788425925925925,,48.14241666666667
2026-05-24,24.09,19.53,78.27,62.61,146.1,4.611111111111112,262.0,0.508,,,17.23,21.28,21.28,24.0,22.017916666666668,77.68708333333333,1.2915046296296298,,33.053666666666665
2026-05-25,23.96,20.51,81.9,70.86,78.78,3.561111111111111,350.0,4.318,,,18.3,21.51,21.51,24.0,23.655833333333334,75.40333333333334,1.0596064814814814,,66.93158333333334
2026-05-26,27.05,21.37,82.2,61.55,253.4,3.05,120.0,0.254,,,19.81,23.58,23.58,24.0,23.58,79.925,1.088599537037037,,34.783
2026-05-27,25.84,22.29,82.8,75.72,123.1,5.05,81.0,19.3,,,19.44,22.62,22.62,24.0,22.176608695652174,73.13695652173914,1.611377314814815,,162.185375
2026-05-28,30.35,,83.3,,1753.0,6.75,127.0,0.0,,,18.33,22.02,22.02,24.0,22.77875,70.80791666666667,1.512789351851852,,160.66479166666667
2026-05-29,28.89,,80.6,,1736.0,5.819444444444444,76.0,0.0,,,17.71,21.37,21.37,24.0,22.6975,74.77749999999999,1.1839699074074075,,72.29104166666666
2026-05-30,26.34,,81.6,,410.3,3.911111111111111,113.0,0.0,,,17.63,22.07,22.07,24.0,22.689999999999998,74.30708333333332,1.4848842592592593,,101.90108333333332
2026-05-31,27.24,,81.0,,864.0,4.3999999999999995,122.0,0.508,,,18.11,21.95,21.95,24.0,19.397000000000002,73.43380952380951,1.3674768518518519,,165.05833333333334
2026-06-01,27.91,,81.0,,1716.0,4.219444444444444,113.0,0.0,,,18.69,22.23,22.23,24.0,21.25095652173913,72.65916666666666,1.4332407407407406,,120.857125
2026-06-02,28.49,,80.8,,1070.0,5.188888888888889,113.0,0.0,,,17.29,22.22,22.22,24.0,23.243333333333336,66.2625,1.6316782407407409,,107.27758333333334
2026-06-03,27.36,21.11,76.79,50.46,903.0,4.488888888888889,135.0,0.0,,,17.48,21.79,21.79,24.0,23.20375,70.51708333333333,1.5345717592592594,,109.218375
2026-06-04,28.04,20.52,79.07,50.49,879.0,4.180555555555555,97.0,0.0,,,18.97,22.99,22.99,24.0,23.869583333333335,77.97625000000001,1.440173611111111,,50.02858333333333
2026-06-05,26.56,22.29,82.1,67.28,197.0,5.438888888888888,80.0,5.842,,,19.14,23.97,23.97,24.0,24.251666666666665,71.5525,1.1205787037037036,,84.75908333333334
2026-06-06,27.45,21.16,79.42,59.77,522.2,4.919444444444444,5.0,0.0,,,17.43,21.27,21.27,24.0,23.114583333333332,72.72208333333333,1.441689814814815,,159.64874999999998
2026-06-07,28.37,19.04,80.1,51.82,1630.0,4.1,330.0,0.0,,,18.16,21.77,21.77,24.0,23.185,73.90375,1.955011574074074,,151.889625
2026-06-08,27.85,,80.6,,1485.0,6.061111111111111,67.0,0.0,,,18.94,23.37,23.37,24.0,24.172083333333333,75.03291666666667,1.3066087962962962,,104.95125
2026-06-09,26.87,21.42,80.6,64.84,728.6,4.338888888888889,102.0,0.0,,,19.57,23.27,23.27,24.0,24.62125,72.69708333333334,1.379386574074074,,121.80683333333333
2026-06-10,31.23,,80.6,,1120.0,5.969444444444444,134.0,1.27,,,19.04,23.25,23.25,24.0,22.089583333333334,80.14791666666666,1.678425925925926,,13.793541666666668
2026-06-11,23.66,21.33,83.2,73.61,11.82,5.288888888888889,211.0,14.99,,,18.61,21.67,21.67,24.0,23.139583333333334,77.19458333333334,1.966550925925926,,94.35362500000001
2026-06-12,26.69,21.16,83.0,65.41,754.2,5.088888888888889,238.0,2.54,,,19.84,23.63,23.63,24.0,24.866249999999997,71.67416666666666,1.7885185185185186,,74.03425
2026-06-13,28.76,,82.1,,585.7,9.338888888888889,264.0,11.43,,,14.02,24.29,24.29,24.0,24.370416666666667,58.58541666666667,2.0795138888888887,,158.15895833333335
2026-06-14,31.2,,74.85,,1596.0,7.538888888888889,303.0,0.0,,,17.88,22.8,22.8,24.0,23.25583333333333,73.16125,1.4450462962962962,,70.42454166666667
2026-06-15,28.27,21.57,80.7,57.19,436.8,5.219444444444444,133.0,0.0,,,16.46,22.04,22.04,24.0,20.584166666666665,70.12125,1.9687037037037036,,25.692666666666668
2026-06-16,22.05,18.65,78.33,63.42,40.8,4.811111111111111,143.0,0.0,,,15.13,19.46,19.46,24.0,20.97,71.16875,1.2568055555555555,,82.74770833333334
2026-06-17,26.25,19.14,79.06,53.46,510.4,4.269444444444444,219.0,0.0,,,15.4,19.19,19.19,24.0,21.03875,69.01208333333334,1.6090856481481481,,161.13679166666665
2026-06-18,28.32,,82.0,,1676.0,8.35,122.0,0.0,,,14.21,18.76,18.76,10.0,17.954,77.146,1.08125,,13.364
2026-06-24,22.6,,79.7,,118.6,8.7,201.0,0.0,,,11.25,17.36,17.36,,,,,,
2026-06-25,,,,,,,,,,,,,,23.0,13.987391304347826,64.52130434782609,1.2853260869565217,,131.40321739130437
2026-06-26,24.56,,77.99,,1036.0,4.25,79.0,0.0,,,11.57,16.4,16.4,24.0,18.203,65.88458333333334,1.454085648148148,,107.36591666666668
2026-06-27,26.78,,77.45,,819.0,3.9888888888888885,228.0,0.0,,,13.93,17.91,17.91,24.0,16.357777777777777,75.01571428571428,1.4206828703703704,,135.11041666666668
2026-06-28,26.71,,79.4,,1298.0,4.711111111111111,74.0,0.0,,,,,-128.3,24.0,22.829,76.56285714285714,2.152662037037037,,140.560375
2026-06-29,26.63,,82.1,,1424.0,11.088888888888889,209.0,2.794,,,18.08,22.04,22.04,24.0,16.725818181818184,79.86347826086956,1.6286574074074072,,14.185333333333334
2026-06-30,22.4,,83.3,,16.82,6.85,139.0,38.1,,,,,-120.2,24.0,16.14095238095238,78.43333333333332,1.2334375,,60.183125
2026-07-01,24.28,,82.5,,279.6,5.3500000000000005,222.0,11.94,,,17.73,21.11,21.11,24.0,7.9781764705882345,77.2,1.9705324074074075,,146.87495833333332
2026-07-02,28.15,,83.5,,1378.0,7.530555555555555,262.0,0.0,,,,,-139.2,24.0,19.4045,78.34434782608696,1.197986111111111,,46.03070833333334
2026-07-03,25.86,,83.6,,143.5,3.9305555555555554,163.0,0.254,,,19.19,22.52,22.52,24.0,17.444263157894735,79.8704347826087,2.809502314814815,,20.52175
2026-07-04,22.89,,82.1,,29.71,7.6,111.0,1.016,,,14.75,18.22,18.22,24.0,18.756666666666668,67.19875,1.5716550925925927,,73.27758333333334
2026-07-05,22.2,17.11,80.4,52.81,391.0,4.638888888888888,218.0,0.0,,,14.32,19.2,19.2,24.0,14.911095238095237,74.47,1.063773148148148,,32.464625
2026-07-06,21.47,,78.76,,69.72,3.8305555555555553,229.0,0.0,,,15.44,19.32,19.32,24.0,19.405416666666667,75.56333333333333,1.6706944444444443,,120.05575
2026-07-07,24.7,,82.3,,1062.0,5.338888888888889,56.0,8.38,,,17.88,21.09,21.09,24.0,19.006666666666668,72.1725,2.1196527777777776,,91.45141666666666
2026-07-08,24.27,,82.4,,711.7,6.838888888888889,158.0,5.08,,,,,-133.8,24.0,17.794458333333335,71.69727272727272,1.7589583333333332,,163.2325
2026-07-09,24.25,,79.69,,1723.0,4.969444444444444,74.0,0.0,,,13.65,17.3,17.3,24.0,10.0735625,75.95318181818182,1.6125578703703702,,150.768
2026-07-10,24.93,,81.8,,1587.0,5.430555555555555,75.0,0.0,,,14.64,18.02,18.02,24.0,14.797,78.711,1.1812962962962963,,44.892374999999994
2026-07-11,24.72,,82.5,,151.2,4.588888888888889,216.0,13.72,,,16.96,20.3,20.3,24.0,18.442380952380955,82.5613043478261,1.704375,,21.135
2026-07-12,21.15,,83.8,,47.37,6.499999999999999,185.0,39.12,,,16.51,19.36,19.36,24.0,11.496157894736841,78.84105263157895,1.6996527777777777,,129.28287500000002
2026-07-13,26.69,,83.9,,1347.0,6.280555555555555,110.0,0.254,,,15.4,19.43,19.43,24.0,13.410333333333334,67.737,1.9070601851851852,,169.09545833333334
2026-07-14,25.46,,80.7,,1827.0,7.288888888888888,200.0,0.0,,,12.53,16.87,16.87,24.0,19.3025,70.84416666666667,1.4465277777777779,,116.86391666666667
2026-07-15,25.37,,80.9,,965.0,4.861111111111111,113.0,0.0,,,16.2,19.56,19.56,13.0,20.00846153846154,80.23153846153846,1.2427136752136752,,103.72692307692306
