{"type": "FeatureCollection", "features": [{"id": "0", "type": "Feature", "properties": {"OBJECTID": 1, "Shape_Leng": 10152.8371836, "Shape_Area": 3220703.57192, "Nome_Bairr": "JARDIM PARAISO", "name": "Jardim Paraiso", "rain_total_mm": 2.616, "temp_mean_degC": 19.4, "wind_mean_ms": 4.27, "wind_dir_deg": 67, "coverage_pct": 100.0, "run_time_utc": "2026-09-27 00:00:00", "window_local": "2026-09-26 22:00 .. 2026-09-29 21:00", "source": "CPTEC/INPE WRF AMS 7km", "valid_times_local": ["2026-09-26 22:00", "2026-09-26 23:00", "2026-09-27 00:00", "2026-09-27 01:00", "2026-09-27 02:00", "2026-09-27 03:00", "2026-09-27 04:00", "2026-09-27 05:00", "2026-09-27 06:00", "2026-09-27 07:00", "2026-09-27 08:00", "2026-09-27 09:00", "2026-09-27 10:00", "2026-09-27 11:00", "2026-09-27 12:00", "2026-09-27 13:00", "2026-09-27 14:00", "2026-09-27 15:00", "2026-09-27 16:00", "2026-09-27 17:00", "2026-09-27 18:00", "2026-09-27 19:00", "2026-09-27 20:00", "2026-09-27 21:00", "2026-09-27 22:00", "2026-09-27 23:00", "2026-09-28 00:00", "2026-09-28 01:00", "2026-09-28 02:00", "2026-09-28 03:00", "2026-09-28 04:00", "2026-09-28 05:00", "2026-09-28 06:00", "2026-09-28 07:00", "2026-09-28 08:00", "2026-09-28 09:00", "2026-09-28 10:00", "2026-09-28 11:00", "2026-09-28 12:00", "2026-09-28 13:00", "2026-09-28 14:00", "2026-09-28 15:00", "2026-09-28 16:00", "2026-09-28 17:00", "2026-09-28 18:00", "2026-09-28 19:00", "2026-09-28 20:00", "2026-09-28 21:00", "2026-09-28 22:00", "2026-09-28 23:00", "2026-09-29 00:00", "2026-09-29 01:00", "2026-09-29 02:00", "2026-09-29 03:00", "2026-09-29 04:00", "2026-09-29 05:00", "2026-09-29 06:00", "2026-09-29 07:00", "2026-09-29 08:00", "2026-09-29 09:00", "2026-09-29 10:00", "2026-09-29 11:00", "2026-09-29 12:00", "2026-09-29 13:00", "2026-09-29 14:00", "2026-09-29 15:00", "2026-09-29 16:00", "2026-09-29 17:00", "2026-09-29 18:00", "2026-09-29 19:00", "2026-09-29 20:00", "2026-09-29 21:00"], "lead_h": [1, 2, 3, 4, 5, 6, 7, 8, 9, 10, 11, 12, 13, 14, 15, 16, 17, 18, 19, 20, 21, 22, 23, 24, 25, 26, 27, 28, 29, 30, 31, 32, 33, 34, 35, 36, 37, 38, 39, 40, 41, 42, 43, 44, 45, 46, 47, 48, 49, 50, 51, 52, 53, 54, 55, 56, 57, 58, 59, 60, 61, 62, 63, 64, 65, 66, 67, 68, 69, 70, 71, 72], "precip_mm_h": [0.0, 0.0, 0.0, 0.0, 0.0, 0.0, 0.0, 0.0, 0.0, 0.016, 0.032, 0.04, 0.04, 0.036, 0.02, 0.008, 0.012, 0.028, 0.032, 0.012, 0.004, 0.004, 0.004, 0.0, 0.0, 0.008, 0.0, 0.008, 0.008, 0.024, 0.008, 0.032, 0.056, 0.016, 0.0, 0.0, 0.0, 0.008, 0.0, 1.016, 0.616, 0.136, 0.008, 0.216, 0.0, 0.0, 0.0, 0.0, 0.0, 0.0, 0.0, 0.0, 0.0, 0.0, 0.0, 0.0, 0.024, 0.04, 0.032, 0.016, 0.008, 0.008, 0.0, 0.008, 0.008, 0.0, 0.008, 0.016, 0.0, 0.0, 0.0, 0.0], "accum_mm": [0.0, 0.0, 0.0, 0.0, 0.0, 0.0, 0.0, 0.0, 0.0, 0.016, 0.048, 0.088, 0.128, 0.164, 0.184, 0.192, 0.204, 0.232, 0.264, 0.276, 0.28, 0.284, 0.288, 0.288, 0.288, 0.296, 0.296, 0.304, 0.312, 0.336, 0.344, 0.376, 0.432, 0.448, 0.448, 0.448, 0.448, 0.456, 0.456, 1.472, 2.088, 2.224, 2.232, 2.448, 2.448, 2.448, 2.448, 2.448, 2.448, 2.448, 2.448, 2.448, 2.448, 2.448, 2.448, 2.448, 2.472, 2.512, 2.544, 2.56, 2.568, 2.576, 2.576, 2.584, 2.592, 2.592, 2.6, 2.616, 2.616, 2.616, 2.616, 2.616], "t2m_degC": [19.59, 19.64, 19.42, 19.19, 19.06, 18.96, 18.87, 18.97, 19.09, 19.1, 19.11, 19.13, 19.15, 19.19, 19.22, 19.21, 19.21, 19.22, 19.34, 19.43, 19.45, 19.45, 19.42, 19.3, 19.19, 19.21, 19.27, 19.32, 19.29, 19.23, 19.31, 19.34, 19.51, 19.54, 19.5, 19.55, 19.56, 19.47, 19.47, 19.48, 19.43, 19.59, 19.62, 19.65, 19.61, 19.67, 19.77, 19.84, 19.82, 19.69, 19.57, 19.59, 19.6, 19.52, 19.57, 19.38, 19.17, 19.16, 19.2, 19.23, 19.28, 19.28, 19.49, 19.55, 19.54, 19.61, 19.7, 19.8, 19.88, 19.89, 19.86, 19.84], "wspd_ms": [4.01, 4.57, 5.66, 6.24, 6.35, 6.23, 5.87, 5.47, 4.7, 4.01, 4.03, 3.49, 2.9, 2.8, 2.35, 2.71, 2.78, 2.93, 2.93, 3.97, 4.01, 3.37, 2.03, 3.47, 3.11, 2.34, 2.26, 0.91, 1.46, 1.91, 2.01, 3.32, 5.26, 6.2, 5.3, 5.7, 3.78, 3.9, 4.09, 4.0, 5.6, 5.87, 4.94, 4.79, 5.84, 6.24, 7.05, 5.94, 4.64, 1.48, 2.53, 4.58, 4.74, 5.42, 5.4, 5.73, 5.59, 4.93, 4.21, 4.56, 4.21, 4.58, 5.37, 5.66, 6.08, 4.99, 4.43, 5.54, 3.22, 3.36, 3.67, 4.03]}, "geometry": {"type": "Polygon", "coordinates": [[[-48.82113347852434, -26.21062160126376], [-48.81407935818564, -26.20826139929386], [-48.80677716074189, -26.21582051842798], [-48.80693148538315, -26.21628581809196], [-48.811751240905785, -26.220079896281764], [-48.81675736460101, -26.219532580518592], [-48.81844347473143, -26.218285828523282], [-48.82118672323056, -26.22203851091935], [-48.82469553309479, -26.22304325522104], [-48.825425432100324, -26.221011093035962], [-48.82314468913986, -26.219745970839536], [-48.8226885008392, -26.215060712845574], [-48.823080616406436, -26.214167782183814], [-48.82441285273958, -26.213349343536485], [-48.825652861127246, -26.214004689534658], [-48.8267684570438, -26.213654473527416], [-48.82768958618126, -26.215646120134792], [-48.834200954650285, -26.213074697500975], [-48.838200100961934, -26.21234563498639], [-48.838207009889025, -26.205875893092003], [-48.82766776177326, -26.202329131289066], [-48.82113347852434, -26.21062160126376]]]}}, {"id": "1", "type": "Feature", "properties": {"OBJECTID": 2, "Shape_Leng": 11521.7348883, "Shape_Area": 5427916.32736, "Nome_Bairr": "MORRO DO MEIO", "name": "Morro Do Meio", "rain_total_mm": 3.608, "temp_mean_degC": 19.4, "wind_mean_ms": 4.11, "wind_dir_deg": 69, "coverage_pct": 100.0, "run_time_utc": "2026-09-27 00:00:00", "window_local": "2026-09-26 22:00 .. 2026-09-29 21:00", "source": "CPTEC/INPE WRF AMS 7km", "valid_times_local": ["2026-09-26 22:00", "2026-09-26 23:00", "2026-09-27 00:00", "2026-09-27 01:00", "2026-09-27 02:00", "2026-09-27 03:00", "2026-09-27 04:00", "2026-09-27 05:00", "2026-09-27 06:00", "2026-09-27 07:00", "2026-09-27 08:00", "2026-09-27 09:00", "2026-09-27 10:00", "2026-09-27 11:00", "2026-09-27 12:00", "2026-09-27 13:00", "2026-09-27 14:00", "2026-09-27 15:00", "2026-09-27 16:00", "2026-09-27 17:00", "2026-09-27 18:00", "2026-09-27 19:00", "2026-09-27 20:00", "2026-09-27 21:00", "2026-09-27 22:00", "2026-09-27 23:00", "2026-09-28 00:00", "2026-09-28 01:00", "2026-09-28 02:00", "2026-09-28 03:00", "2026-09-28 04:00", "2026-09-28 05:00", "2026-09-28 06:00", "2026-09-28 07:00", "2026-09-28 08:00", "2026-09-28 09:00", "2026-09-28 10:00", "2026-09-28 11:00", "2026-09-28 12:00", "2026-09-28 13:00", "2026-09-28 14:00", "2026-09-28 15:00", "2026-09-28 16:00", "2026-09-28 17:00", "2026-09-28 18:00", "2026-09-28 19:00", "2026-09-28 20:00", "2026-09-28 21:00", "2026-09-28 22:00", "2026-09-28 23:00", "2026-09-29 00:00", "2026-09-29 01:00", "2026-09-29 02:00", "2026-09-29 03:00", "2026-09-29 04:00", "2026-09-29 05:00", "2026-09-29 06:00", "2026-09-29 07:00", "2026-09-29 08:00", "2026-09-29 09:00", "2026-09-29 10:00", "2026-09-29 11:00", "2026-09-29 12:00", "2026-09-29 13:00", "2026-09-29 14:00", "2026-09-29 15:00", "2026-09-29 16:00", "2026-09-29 17:00", "2026-09-29 18:00", "2026-09-29 19:00", "2026-09-29 20:00", "2026-09-29 21:00"], "lead_h": [1, 2, 3, 4, 5, 6, 7, 8, 9, 10, 11, 12, 13, 14, 15, 16, 17, 18, 19, 20, 21, 22, 23, 24, 25, 26, 27, 28, 29, 30, 31, 32, 33, 34, 35, 36, 37, 38, 39, 40, 41, 42, 43, 44, 45, 46, 47, 48, 49, 50, 51, 52, 53, 54, 55, 56, 57, 58, 59, 60, 61, 62, 63, 64, 65, 66, 67, 68, 69, 70, 71, 72], "precip_mm_h": [0.0, 0.0, 0.0, 0.0, 0.0, 0.0, 0.0, 0.0, 0.0, 0.017, 0.038, 0.048, 0.039, 0.043, 0.021, 0.009, 0.004, 0.003, 0.023, 0.057, 0.033, 0.005, 0.0, 0.001, 0.0, 0.023, 0.001, 0.008, 0.0, 0.008, 0.023, 0.011, 0.112, 0.188, 0.001, 0.0, 0.016, 0.024, 0.024, 1.703, 0.554, 0.03, 0.36, 0.025, 0.0, 0.0, 0.0, 0.0, 0.0, 0.0, 0.0, 0.0, 0.0, 0.0, 0.0, 0.0, 0.016, 0.032, 0.033, 0.008, 0.007, 0.0, 0.008, 0.007, 0.0, 0.009, 0.017, 0.008, 0.0, 0.001, 0.008, 0.001], "accum_mm": [0.0, 0.0, 0.0, 0.0, 0.0, 0.0, 0.0, 0.0, 0.0, 0.017, 0.055, 0.103, 0.142, 0.185, 0.206, 0.215, 0.219, 0.222, 0.245, 0.302, 0.335, 0.34, 0.34, 0.341, 0.341, 0.364, 0.365, 0.373, 0.373, 0.381, 0.404, 0.415, 0.527, 0.715, 0.716, 0.716, 0.732, 0.756, 0.78, 2.483, 3.037, 3.067, 3.427, 3.452, 3.452, 3.452, 3.452, 3.452, 3.452, 3.452, 3.452, 3.452, 3.452, 3.452, 3.452, 3.452, 3.468, 3.5, 3.533, 3.541, 3.548, 3.548, 3.556, 3.563, 3.563, 3.572, 3.589, 3.597, 3.597, 3.598, 3.606, 3.607], "t2m_degC": [19.66, 19.57, 19.3, 19.1, 18.97, 18.79, 18.72, 18.81, 18.85, 18.78, 18.89, 19.0, 19.13, 19.19, 19.23, 19.17, 19.16, 19.16, 19.24, 19.33, 19.37, 19.38, 19.38, 19.24, 19.05, 18.93, 19.03, 19.27, 19.28, 19.2, 19.2, 19.3, 19.32, 19.49, 19.45, 19.5, 19.54, 19.4, 19.43, 19.46, 19.44, 19.59, 19.58, 19.65, 19.67, 19.79, 19.93, 19.85, 19.73, 19.49, 19.45, 19.46, 19.49, 19.42, 19.47, 19.42, 19.25, 19.16, 19.17, 19.3, 19.31, 19.3, 19.41, 19.46, 19.49, 19.55, 19.62, 19.68, 19.75, 19.79, 19.83, 19.82], "wspd_ms": [4.82, 5.51, 6.67, 6.41, 5.98, 6.11, 5.9, 5.57, 4.58, 3.73, 4.1, 3.73, 3.55, 3.33, 2.95, 3.24, 3.5, 3.53, 3.43, 3.96, 4.17, 3.64, 2.36, 3.21, 2.52, 2.3, 2.32, 1.92, 1.3, 1.58, 1.72, 3.08, 4.14, 5.95, 5.21, 5.43, 3.15, 3.78, 3.78, 4.38, 4.58, 5.03, 4.87, 4.75, 5.96, 5.91, 6.68, 5.41, 3.42, 1.81, 1.65, 3.14, 3.57, 4.01, 4.64, 5.51, 5.26, 4.7, 4.31, 3.84, 3.55, 4.21, 4.31, 4.86, 4.57, 4.72, 6.57, 4.63, 2.69, 2.41, 3.63, 4.07]}, "geometry": {"type": "Polygon", "coordinates": [[[-48.9204730944665, -26.308571150438365], [-48.9171785865875, -26.310729777751078], [-48.91509057863767, -26.31098990732611], [-48.91002858652934, -26.313766139421627], [-48.90994299162288, -26.314835719966517], [-48.90820812314315, -26.317363160903184], [-48.908162923487104, -26.318961651030392], [-48.906327678465836, -26.32033330633748], [-48.90627948046261, -26.321674324359382], [-48.90495015789944, -26.322404166720958], [-48.903541297728616, -26.326188015705654], [-48.898120936461765, -26.327882449903367], [-48.89607786208874, -26.32932003896807], [-48.89400033658657, -26.332643770535935], [-48.89334692730386, -26.335953338202085], [-48.89178215733911, -26.337667909137732], [-48.8896111082375, -26.33780050190414], [-48.88983106367412, -26.338790006162636], [-48.9096019755253, -26.33771636716357], [-48.91212555378177, -26.335325855129444], [-48.91369865247605, -26.332732509634525], [-48.91975484659378, -26.328064759608036], [-48.92268899168617, -26.324998246371294], [-48.92343518417612, -26.318673461071327], [-48.92732585030861, -26.314572231587757], [-48.922141736282825, -26.31083707743715], [-48.9204730944665, -26.308571150438365]]]}}, {"id": "2", "type": "Feature", "properties": {"OBJECTID": 3, "Shape_Leng": 19878.9171698, "Shape_Area": 11617352.1215, "Nome_Bairr": "PARANAGUAMIRIM", "name": "Paranaguamirim", "rain_total_mm": 1.852, "temp_mean_degC": 19.3, "wind_mean_ms": 4.42, "wind_dir_deg": 62, "coverage_pct": 100.0, "run_time_utc": "2026-09-27 00:00:00", "window_local": "2026-09-26 22:00 .. 2026-09-29 21:00", "source": "CPTEC/INPE WRF AMS 7km", "valid_times_local": ["2026-09-26 22:00", "2026-09-26 23:00", "2026-09-27 00:00", "2026-09-27 01:00", "2026-09-27 02:00", "2026-09-27 03:00", "2026-09-27 04:00", "2026-09-27 05:00", "2026-09-27 06:00", "2026-09-27 07:00", "2026-09-27 08:00", "2026-09-27 09:00", "2026-09-27 10:00", "2026-09-27 11:00", "2026-09-27 12:00", "2026-09-27 13:00", "2026-09-27 14:00", "2026-09-27 15:00", "2026-09-27 16:00", "2026-09-27 17:00", "2026-09-27 18:00", "2026-09-27 19:00", "2026-09-27 20:00", "2026-09-27 21:00", "2026-09-27 22:00", "2026-09-27 23:00", "2026-09-28 00:00", "2026-09-28 01:00", "2026-09-28 02:00", "2026-09-28 03:00", "2026-09-28 04:00", "2026-09-28 05:00", "2026-09-28 06:00", "2026-09-28 07:00", "2026-09-28 08:00", "2026-09-28 09:00", "2026-09-28 10:00", "2026-09-28 11:00", "2026-09-28 12:00", "2026-09-28 13:00", "2026-09-28 14:00", "2026-09-28 15:00", "2026-09-28 16:00", "2026-09-28 17:00", "2026-09-28 18:00", "2026-09-28 19:00", "2026-09-28 20:00", "2026-09-28 21:00", "2026-09-28 22:00", "2026-09-28 23:00", "2026-09-29 00:00", "2026-09-29 01:00", "2026-09-29 02:00", "2026-09-29 03:00", "2026-09-29 04:00", "2026-09-29 05:00", "2026-09-29 06:00", "2026-09-29 07:00", "2026-09-29 08:00", "2026-09-29 09:00", "2026-09-29 10:00", "2026-09-29 11:00", "2026-09-29 12:00", "2026-09-29 13:00", "2026-09-29 14:00", "2026-09-29 15:00", "2026-09-29 16:00", "2026-09-29 17:00", "2026-09-29 18:00", "2026-09-29 19:00", "2026-09-29 20:00", "2026-09-29 21:00"], "lead_h": [1, 2, 3, 4, 5, 6, 7, 8, 9, 10, 11, 12, 13, 14, 15, 16, 17, 18, 19, 20, 21, 22, 23, 24, 25, 26, 27, 28, 29, 30, 31, 32, 33, 34, 35, 36, 37, 38, 39, 40, 41, 42, 43, 44, 45, 46, 47, 48, 49, 50, 51, 52, 53, 54, 55, 56, 57, 58, 59, 60, 61, 62, 63, 64, 65, 66, 67, 68, 69, 70, 71, 72], "precip_mm_h": [0.0, 0.0, 0.0, 0.0, 0.0, 0.0, 0.0, 0.0, 0.0, 0.004, 0.013, 0.021, 0.027, 0.031, 0.012, 0.002, 0.0, 0.008, 0.018, 0.008, 0.004, 0.004, 0.0, 0.0, 0.004, 0.012, 0.0, 0.0, 0.012, 0.036, 0.075, 0.0, 0.034, 0.024, 0.0, 0.0, 0.02, 0.048, 0.032, 0.36, 0.557, 0.03, 0.288, 0.02, 0.0, 0.0, 0.0, 0.0, 0.0, 0.0, 0.0, 0.0, 0.0, 0.0, 0.0, 0.0, 0.016, 0.04, 0.028, 0.008, 0.008, 0.004, 0.008, 0.008, 0.0, 0.008, 0.008, 0.008, 0.0, 0.0, 0.004, 0.0], "accum_mm": [0.0, 0.0, 0.0, 0.0, 0.0, 0.0, 0.0, 0.0, 0.0, 0.004, 0.017, 0.038, 0.065, 0.096, 0.108, 0.11, 0.11, 0.118, 0.136, 0.144, 0.148, 0.152, 0.152, 0.152, 0.156, 0.168, 0.168, 0.168, 0.18, 0.216, 0.291, 0.291, 0.325, 0.349, 0.349, 0.349, 0.369, 0.417, 0.449, 0.809, 1.366, 1.396, 1.684, 1.704, 1.704, 1.704, 1.704, 1.704, 1.704, 1.704, 1.704, 1.704, 1.704, 1.704, 1.704, 1.704, 1.72, 1.76, 1.788, 1.796, 1.804, 1.808, 1.816, 1.824, 1.824, 1.832, 1.84, 1.848, 1.848, 1.848, 1.852, 1.852], "t2m_degC": [19.49, 19.47, 19.22, 19.06, 18.93, 18.81, 18.75, 18.86, 18.95, 18.94, 19.06, 19.05, 19.05, 19.06, 19.05, 19.1, 19.13, 19.17, 19.28, 19.32, 19.36, 19.35, 19.26, 19.04, 18.95, 18.97, 19.13, 19.26, 19.23, 19.18, 19.16, 19.31, 19.41, 19.52, 19.49, 19.5, 19.48, 19.36, 19.39, 19.36, 19.47, 19.6, 19.53, 19.58, 19.55, 19.58, 19.78, 19.79, 19.74, 19.52, 19.43, 19.46, 19.48, 19.46, 19.52, 19.43, 19.22, 19.16, 19.17, 19.21, 19.25, 19.29, 19.44, 19.52, 19.52, 19.63, 19.68, 19.72, 19.88, 19.89, 19.85, 19.8], "wspd_ms": [5.02, 5.54, 6.31, 6.33, 6.37, 6.32, 5.87, 5.46, 4.61, 3.88, 4.12, 3.67, 3.39, 3.04, 2.59, 2.97, 3.37, 3.48, 3.31, 3.79, 3.87, 2.89, 2.44, 3.09, 3.25, 2.35, 2.67, 1.88, 1.75, 1.92, 2.05, 3.83, 5.23, 6.55, 5.75, 5.71, 3.22, 4.26, 3.78, 4.21, 5.51, 5.58, 4.37, 4.58, 5.84, 6.21, 7.04, 5.99, 4.63, 1.3, 2.18, 4.15, 4.8, 5.15, 5.78, 6.45, 6.07, 5.46, 5.12, 4.73, 4.05, 4.3, 5.14, 5.44, 5.81, 4.92, 5.41, 5.37, 4.24, 3.81, 4.4, 4.37]}, "geometry": {"type": "Polygon", "coordinates": [[[-48.79278790569706, -26.36625486212622], [-48.79616820115439, -26.363261012354943], [-48.79850709339512, -26.359894318707003], [-48.798223742240395, -26.357824872294742], [-48.79947373303302, -26.353097069325315], [-48.80239156378037, -26.349979723614727], [-48.794408132344785, -26.343257511410563], [-48.795366662536274, -26.342287912890942], [-48.7971991774061, -26.3418481415212], [-48.79955142826381, -26.33965305010018], [-48.79467279018378, -26.339583525260657], [-48.790245594284215, -26.33681784040663], [-48.78647130866714, -26.34147823434134], [-48.768263164946056, -26.336705670898105], [-48.764582351327206, -26.322956008977254], [-48.75649006758584, -26.322829551630015], [-48.75579321530612, -26.358465787939338], [-48.75685923095612, -26.35816170307837], [-48.75939253124601, -26.359353251348892], [-48.75972460077878, -26.358215123617647], [-48.75884983984523, -26.355549617483696], [-48.760066189649756, -26.3558313719452], [-48.76131316938634, -26.35732989655286], [-48.76191316236238, -26.356492730743632], [-48.76168055875091, -26.35462782698465], [-48.7631553929911, -26.355280575302693], [-48.76419182730018, -26.35437903753007], [-48.76373108660003, -26.353287259145553], [-48.76470098994527, -26.352941783854646], [-48.76501596173511, -26.351978916979576], [-48.76615400690295, -26.352097675142332], [-48.76817467718656, -26.352821552284052], [-48.76763081289154, -26.353402825134005], [-48.76799038903058, -26.35460778614118], [-48.77038679976168, -26.35459484245459], [-48.77119958593408, -26.356308194049166], [-48.7729154477467, -26.35584969559195], [-48.77700022410069, -26.359215427076307], [-48.77784934370508, -26.358834745975344], [-48.77880252967431, -26.359330222975917], [-48.78119447532377, -26.362221742894175], [-48.78784506935583, -26.36568153469716], [-48.79278790569706, -26.36625486212622]]]}}, {"id": "3", "type": "Feature", "properties": {"OBJECTID": 4, "Shape_Leng": 2534.59357222, "Shape_Area": 360642.809313, "Nome_Bairr": "VILA CUBATÃO", "name": "Vila Cubatão", "rain_total_mm": 2.616, "temp_mean_degC": 19.4, "wind_mean_ms": 4.27, "wind_dir_deg": 67, "coverage_pct": 100.0, "run_time_utc": "2026-09-27 00:00:00", "window_local": "2026-09-26 22:00 .. 2026-09-29 21:00", "source": "CPTEC/INPE WRF AMS 7km", "valid_times_local": ["2026-09-26 22:00", "2026-09-26 23:00", "2026-09-27 00:00", "2026-09-27 01:00", "2026-09-27 02:00", "2026-09-27 03:00", "2026-09-27 04:00", "2026-09-27 05:00", "2026-09-27 06:00", "2026-09-27 07:00", "2026-09-27 08:00", "2026-09-27 09:00", "2026-09-27 10:00", "2026-09-27 11:00", "2026-09-27 12:00", "2026-09-27 13:00", "2026-09-27 14:00", "2026-09-27 15:00", "2026-09-27 16:00", "2026-09-27 17:00", "2026-09-27 18:00", "2026-09-27 19:00", "2026-09-27 20:00", "2026-09-27 21:00", "2026-09-27 22:00", "2026-09-27 23:00", "2026-09-28 00:00", "2026-09-28 01:00", "2026-09-28 02:00", "2026-09-28 03:00", "2026-09-28 04:00", "2026-09-28 05:00", "2026-09-28 06:00", "2026-09-28 07:00", "2026-09-28 08:00", "2026-09-28 09:00", "2026-09-28 10:00", "2026-09-28 11:00", "2026-09-28 12:00", "2026-09-28 13:00", "2026-09-28 14:00", "2026-09-28 15:00", "2026-09-28 16:00", "2026-09-28 17:00", "2026-09-28 18:00", "2026-09-28 19:00", "2026-09-28 20:00", "2026-09-28 21:00", "2026-09-28 22:00", "2026-09-28 23:00", "2026-09-29 00:00", "2026-09-29 01:00", "2026-09-29 02:00", "2026-09-29 03:00", "2026-09-29 04:00", "2026-09-29 05:00", "2026-09-29 06:00", "2026-09-29 07:00", "2026-09-29 08:00", "2026-09-29 09:00", "2026-09-29 10:00", "2026-09-29 11:00", "2026-09-29 12:00", "2026-09-29 13:00", "2026-09-29 14:00", "2026-09-29 15:00", "2026-09-29 16:00", "2026-09-29 17:00", "2026-09-29 18:00", "2026-09-29 19:00", "2026-09-29 20:00", "2026-09-29 21:00"], "lead_h": [1, 2, 3, 4, 5, 6, 7, 8, 9, 10, 11, 12, 13, 14, 15, 16, 17, 18, 19, 20, 21, 22, 23, 24, 25, 26, 27, 28, 29, 30, 31, 32, 33, 34, 35, 36, 37, 38, 39, 40, 41, 42, 43, 44, 45, 46, 47, 48, 49, 50, 51, 52, 53, 54, 55, 56, 57, 58, 59, 60, 61, 62, 63, 64, 65, 66, 67, 68, 69, 70, 71, 72], "precip_mm_h": [0.0, 0.0, 0.0, 0.0, 0.0, 0.0, 0.0, 0.0, 0.0, 0.016, 0.032, 0.04, 0.04, 0.036, 0.02, 0.008, 0.012, 0.028, 0.032, 0.012, 0.004, 0.004, 0.004, 0.0, 0.0, 0.008, 0.0, 0.008, 0.008, 0.024, 0.008, 0.032, 0.056, 0.016, 0.0, 0.0, 0.0, 0.008, 0.0, 1.016, 0.616, 0.136, 0.008, 0.216, 0.0, 0.0, 0.0, 0.0, 0.0, 0.0, 0.0, 0.0, 0.0, 0.0, 0.0, 0.0, 0.024, 0.04, 0.032, 0.016, 0.008, 0.008, 0.0, 0.008, 0.008, 0.0, 0.008, 0.016, 0.0, 0.0, 0.0, 0.0], "accum_mm": [0.0, 0.0, 0.0, 0.0, 0.0, 0.0, 0.0, 0.0, 0.0, 0.016, 0.048, 0.088, 0.128, 0.164, 0.184, 0.192, 0.204, 0.232, 0.264, 0.276, 0.28, 0.284, 0.288, 0.288, 0.288, 0.296, 0.296, 0.304, 0.312, 0.336, 0.344, 0.376, 0.432, 0.448, 0.448, 0.448, 0.448, 0.456, 0.456, 1.472, 2.088, 2.224, 2.232, 2.448, 2.448, 2.448, 2.448, 2.448, 2.448, 2.448, 2.448, 2.448, 2.448, 2.448, 2.448, 2.448, 2.472, 2.512, 2.544, 2.56, 2.568, 2.576, 2.576, 2.584, 2.592, 2.592, 2.6, 2.616, 2.616, 2.616, 2.616, 2.616], "t2m_degC": [19.59, 19.64, 19.42, 19.19, 19.06, 18.96, 18.87, 18.97, 19.09, 19.1, 19.11, 19.13, 19.15, 19.19, 19.22, 19.21, 19.21, 19.22, 19.34, 19.43, 19.45, 19.45, 19.42, 19.3, 19.19, 19.21, 19.27, 19.32, 19.29, 19.23, 19.31, 19.34, 19.51, 19.54, 19.5, 19.55, 19.56, 19.47, 19.47, 19.48, 19.43, 19.59, 19.62, 19.65, 19.61, 19.67, 19.77, 19.84, 19.82, 19.69, 19.57, 19.59, 19.6, 19.52, 19.57, 19.38, 19.17, 19.16, 19.2, 19.23, 19.28, 19.28, 19.49, 19.55, 19.54, 19.61, 19.7, 19.8, 19.88, 19.89, 19.86, 19.84], "wspd_ms": [4.01, 4.57, 5.66, 6.24, 6.35, 6.23, 5.87, 5.47, 4.7, 4.01, 4.03, 3.49, 2.9, 2.8, 2.35, 2.71, 2.78, 2.93, 2.93, 3.97, 4.01, 3.37, 2.03, 3.47, 3.11, 2.34, 2.26, 0.91, 1.46, 1.91, 2.01, 3.32, 5.26, 6.2, 5.3, 5.7, 3.78, 3.9, 4.09, 4.0, 5.6, 5.87, 4.94, 4.79, 5.84, 6.24, 7.05, 5.94, 4.64, 1.48, 2.53, 4.58, 4.74, 5.42, 5.4, 5.73, 5.59, 4.93, 4.21, 4.56, 4.21, 4.58, 5.37, 5.66, 6.08, 4.99, 4.43, 5.54, 3.22, 3.36, 3.67, 4.03]}, "geometry": {"type": "Polygon", "coordinates": [[[-48.80340499010812, -26.218824781037604], [-48.80236663700779, -26.217756178595035], [-48.80245362977653, -26.215719578764215], [-48.80083927020982, -26.213505109325087], [-48.79487618788098, -26.21915495293189], [-48.800000868573306, -26.221106161482147], [-48.80340499010812, -26.218824781037604]]]}}, {"id": "4", "type": "Feature", "properties": {"OBJECTID": 5, "Shape_Leng": 6886.41275544, "Shape_Area": 2738792.97205, "Nome_Bairr": "ESPINHEIROS", "name": "Espinheiros", "rain_total_mm": 2.173, "temp_mean_degC": 19.4, "wind_mean_ms": 4.36, "wind_dir_deg": 64, "coverage_pct": 100.0, "run_time_utc": "2026-09-27 00:00:00", "window_local": "2026-09-26 22:00 .. 2026-09-29 21:00", "source": "CPTEC/INPE WRF AMS 7km", "valid_times_local": ["2026-09-26 22:00", "2026-09-26 23:00", "2026-09-27 00:00", "2026-09-27 01:00", "2026-09-27 02:00", "2026-09-27 03:00", "2026-09-27 04:00", "2026-09-27 05:00", "2026-09-27 06:00", "2026-09-27 07:00", "2026-09-27 08:00", "2026-09-27 09:00", "2026-09-27 10:00", "2026-09-27 11:00", "2026-09-27 12:00", "2026-09-27 13:00", "2026-09-27 14:00", "2026-09-27 15:00", "2026-09-27 16:00", "2026-09-27 17:00", "2026-09-27 18:00", "2026-09-27 19:00", "2026-09-27 20:00", "2026-09-27 21:00", "2026-09-27 22:00", "2026-09-27 23:00", "2026-09-28 00:00", "2026-09-28 01:00", "2026-09-28 02:00", "2026-09-28 03:00", "2026-09-28 04:00", "2026-09-28 05:00", "2026-09-28 06:00", "2026-09-28 07:00", "2026-09-28 08:00", "2026-09-28 09:00", "2026-09-28 10:00", "2026-09-28 11:00", "2026-09-28 12:00", "2026-09-28 13:00", "2026-09-28 14:00", "2026-09-28 15:00", "2026-09-28 16:00", "2026-09-28 17:00", "2026-09-28 18:00", "2026-09-28 19:00", "2026-09-28 20:00", "2026-09-28 21:00", "2026-09-28 22:00", "2026-09-28 23:00", "2026-09-29 00:00", "2026-09-29 01:00", "2026-09-29 02:00", "2026-09-29 03:00", "2026-09-29 04:00", "2026-09-29 05:00", "2026-09-29 06:00", "2026-09-29 07:00", "2026-09-29 08:00", "2026-09-29 09:00", "2026-09-29 10:00", "2026-09-29 11:00", "2026-09-29 12:00", "2026-09-29 13:00", "2026-09-29 14:00", "2026-09-29 15:00", "2026-09-29 16:00", "2026-09-29 17:00", "2026-09-29 18:00", "2026-09-29 19:00", "2026-09-29 20:00", "2026-09-29 21:00"], "lead_h": [1, 2, 3, 4, 5, 6, 7, 8, 9, 10, 11, 12, 13, 14, 15, 16, 17, 18, 19, 20, 21, 22, 23, 24, 25, 26, 27, 28, 29, 30, 31, 32, 33, 34, 35, 36, 37, 38, 39, 40, 41, 42, 43, 44, 45, 46, 47, 48, 49, 50, 51, 52, 53, 54, 55, 56, 57, 58, 59, 60, 61, 62, 63, 64, 65, 66, 67, 68, 69, 70, 71, 72], "precip_mm_h": [0.0, 0.0, 0.0, 0.0, 0.0, 0.0, 0.0, 0.0, 0.0, 0.008, 0.018, 0.028, 0.028, 0.032, 0.012, 0.002, 0.006, 0.016, 0.024, 0.008, 0.006, 0.004, 0.0, 0.0, 0.004, 0.008, 0.012, 0.008, 0.016, 0.048, 0.028, 0.012, 0.028, 0.02, 0.0, 0.0, 0.012, 0.02, 0.008, 0.274, 0.808, 0.295, 0.088, 0.128, 0.0, 0.0, 0.0, 0.0, 0.0, 0.0, 0.0, 0.0, 0.0, 0.0, 0.0, 0.0, 0.024, 0.036, 0.028, 0.016, 0.012, 0.004, 0.008, 0.008, 0.0, 0.008, 0.008, 0.012, 0.0, 0.0, 0.0, 0.0], "accum_mm": [0.0, 0.0, 0.0, 0.0, 0.0, 0.0, 0.0, 0.0, 0.0, 0.008, 0.026, 0.054, 0.082, 0.114, 0.126, 0.128, 0.134, 0.15, 0.174, 0.182, 0.188, 0.192, 0.192, 0.192, 0.196, 0.204, 0.216, 0.224, 0.24, 0.288, 0.316, 0.328, 0.356, 0.376, 0.376, 0.376, 0.388, 0.408, 0.416, 0.69, 1.498, 1.793, 1.881, 2.009, 2.009, 2.009, 2.009, 2.009, 2.009, 2.009, 2.009, 2.009, 2.009, 2.009, 2.009, 2.009, 2.033, 2.069, 2.097, 2.113, 2.125, 2.129, 2.137, 2.145, 2.145, 2.153, 2.161, 2.173, 2.173, 2.173, 2.173, 2.173], "t2m_degC": [19.53, 19.55, 19.31, 19.12, 18.99, 18.86, 18.81, 18.92, 19.0, 19.01, 19.08, 19.11, 19.13, 19.15, 19.12, 19.15, 19.19, 19.21, 19.33, 19.38, 19.41, 19.4, 19.34, 19.15, 19.06, 19.11, 19.21, 19.3, 19.27, 19.2, 19.28, 19.35, 19.47, 19.55, 19.51, 19.53, 19.53, 19.42, 19.44, 19.42, 19.44, 19.62, 19.59, 19.62, 19.58, 19.62, 19.76, 19.81, 19.78, 19.59, 19.5, 19.53, 19.54, 19.5, 19.56, 19.42, 19.2, 19.16, 19.19, 19.22, 19.27, 19.29, 19.47, 19.54, 19.53, 19.63, 19.71, 19.77, 19.9, 19.91, 19.87, 19.83], "wspd_ms": [4.51, 4.93, 5.94, 6.27, 6.35, 6.23, 5.79, 5.41, 4.6, 3.89, 4.02, 3.54, 3.09, 2.88, 2.41, 2.83, 3.12, 3.33, 3.32, 3.93, 3.92, 3.09, 2.19, 3.39, 3.29, 2.32, 2.5, 1.43, 1.64, 1.96, 2.19, 3.69, 5.28, 6.5, 5.49, 5.74, 3.51, 4.1, 3.88, 4.08, 5.19, 6.01, 4.48, 4.62, 5.82, 6.14, 7.16, 5.91, 4.73, 1.27, 2.29, 4.47, 4.85, 5.34, 5.66, 6.18, 5.92, 5.31, 4.66, 4.67, 4.12, 4.42, 5.33, 5.62, 6.12, 5.03, 4.81, 5.37, 3.91, 3.72, 4.13, 4.18]}, "geometry": {"type": "Polygon", "coordinates": [[[-48.779167353474996, -26.29323470099178], [-48.781985757860916, -26.291513876058293], [-48.781825587964775, -26.29032328849563], [-48.787428680391166, -26.286238299008872], [-48.789214690230224, -26.282455224950876], [-48.79050190605464, -26.281566165066263], [-48.78838763531936, -26.27857491658635], [-48.78697681871425, -26.279340267202677], [-48.78595497566067, -26.27775697340062], [-48.785150292509904, -26.27820881991632], [-48.78260066867448, -26.274609019495315], [-48.77665856125771, -26.274859670555667], [-48.77248267599904, -26.274097109800145], [-48.77152439028532, -26.29074466076988], [-48.779167353474996, -26.29323470099178]]]}}, {"id": "5", "type": "Feature", "properties": {"OBJECTID": 6, "Shape_Leng": 35034.8134846, "Shape_Area": 30071539.1398, "Nome_Bairr": "ZONA INDUSTRIAL NORTE", "name": "Zona Industrial Norte", "rain_total_mm": 2.791, "temp_mean_degC": 19.4, "wind_mean_ms": 4.12, "wind_dir_deg": 69, "coverage_pct": 100.0, "run_time_utc": "2026-09-27 00:00:00", "window_local": "2026-09-26 22:00 .. 2026-09-29 21:00", "source": "CPTEC/INPE WRF AMS 7km", "valid_times_local": ["2026-09-26 22:00", "2026-09-26 23:00", "2026-09-27 00:00", "2026-09-27 01:00", "2026-09-27 02:00", "2026-09-27 03:00", "2026-09-27 04:00", "2026-09-27 05:00", "2026-09-27 06:00", "2026-09-27 07:00", "2026-09-27 08:00", "2026-09-27 09:00", "2026-09-27 10:00", "2026-09-27 11:00", "2026-09-27 12:00", "2026-09-27 13:00", "2026-09-27 14:00", "2026-09-27 15:00", "2026-09-27 16:00", "2026-09-27 17:00", "2026-09-27 18:00", "2026-09-27 19:00", "2026-09-27 20:00", "2026-09-27 21:00", "2026-09-27 22:00", "2026-09-27 23:00", "2026-09-28 00:00", "2026-09-28 01:00", "2026-09-28 02:00", "2026-09-28 03:00", "2026-09-28 04:00", "2026-09-28 05:00", "2026-09-28 06:00", "2026-09-28 07:00", "2026-09-28 08:00", "2026-09-28 09:00", "2026-09-28 10:00", "2026-09-28 11:00", "2026-09-28 12:00", "2026-09-28 13:00", "2026-09-28 14:00", "2026-09-28 15:00", "2026-09-28 16:00", "2026-09-28 17:00", "2026-09-28 18:00", "2026-09-28 19:00", "2026-09-28 20:00", "2026-09-28 21:00", "2026-09-28 22:00", "2026-09-28 23:00", "2026-09-29 00:00", "2026-09-29 01:00", "2026-09-29 02:00", "2026-09-29 03:00", "2026-09-29 04:00", "2026-09-29 05:00", "2026-09-29 06:00", "2026-09-29 07:00", "2026-09-29 08:00", "2026-09-29 09:00", "2026-09-29 10:00", "2026-09-29 11:00", "2026-09-29 12:00", "2026-09-29 13:00", "2026-09-29 14:00", "2026-09-29 15:00", "2026-09-29 16:00", "2026-09-29 17:00", "2026-09-29 18:00", "2026-09-29 19:00", "2026-09-29 20:00", "2026-09-29 21:00"], "lead_h": [1, 2, 3, 4, 5, 6, 7, 8, 9, 10, 11, 12, 13, 14, 15, 16, 17, 18, 19, 20, 21, 22, 23, 24, 25, 26, 27, 28, 29, 30, 31, 32, 33, 34, 35, 36, 37, 38, 39, 40, 41, 42, 43, 44, 45, 46, 47, 48, 49, 50, 51, 52, 53, 54, 55, 56, 57, 58, 59, 60, 61, 62, 63, 64, 65, 66, 67, 68, 69, 70, 71, 72], "precip_mm_h": [0.0, 0.0, 0.0, 0.0, 0.0, 0.0, 0.0, 0.0, 0.0, 0.023, 0.042, 0.05, 0.043, 0.043, 0.023, 0.011, 0.005, 0.019, 0.031, 0.04, 0.032, 0.002, 0.003, 0.0, 0.001, 0.011, 0.031, 0.003, 0.002, 0.019, 0.004, 0.003, 0.104, 0.146, 0.0, 0.0, 0.015, 0.009, 0.001, 1.145, 0.563, 0.081, 0.078, 0.042, 0.0, 0.0, 0.0, 0.0, 0.0, 0.0, 0.0, 0.0, 0.0, 0.0, 0.0, 0.0, 0.023, 0.033, 0.032, 0.009, 0.001, 0.006, 0.001, 0.008, 0.007, 0.008, 0.015, 0.009, 0.001, 0.007, 0.007, 0.0], "accum_mm": [0.0, 0.0, 0.0, 0.0, 0.0, 0.0, 0.0, 0.0, 0.0, 0.023, 0.065, 0.115, 0.158, 0.201, 0.224, 0.235, 0.24, 0.259, 0.29, 0.33, 0.362, 0.364, 0.367, 0.367, 0.368, 0.379, 0.41, 0.413, 0.415, 0.434, 0.438, 0.441, 0.545, 0.691, 0.691, 0.691, 0.706, 0.715, 0.716, 1.861, 2.424, 2.505, 2.583, 2.625, 2.625, 2.625, 2.625, 2.625, 2.625, 2.625, 2.625, 2.625, 2.625, 2.625, 2.625, 2.625, 2.648, 2.681, 2.713, 2.722, 2.723, 2.729, 2.73, 2.738, 2.745, 2.753, 2.768, 2.777, 2.778, 2.785, 2.792, 2.792], "t2m_degC": [19.65, 19.65, 19.38, 19.15, 19.04, 18.88, 18.82, 18.92, 18.95, 18.86, 18.89, 18.99, 19.13, 19.23, 19.25, 19.26, 19.22, 19.2, 19.29, 19.39, 19.42, 19.41, 19.41, 19.3, 19.17, 19.12, 19.16, 19.32, 19.3, 19.22, 19.24, 19.31, 19.39, 19.51, 19.46, 19.52, 19.56, 19.44, 19.47, 19.48, 19.44, 19.58, 19.58, 19.63, 19.64, 19.8, 19.87, 19.86, 19.8, 19.58, 19.49, 19.53, 19.56, 19.49, 19.52, 19.41, 19.22, 19.16, 19.17, 19.23, 19.29, 19.3, 19.42, 19.51, 19.51, 19.56, 19.65, 19.72, 19.8, 19.82, 19.82, 19.81], "wspd_ms": [4.36, 5.07, 6.42, 6.5, 6.29, 6.24, 6.02, 5.64, 4.68, 3.85, 4.06, 3.54, 3.19, 3.08, 2.65, 3.09, 3.21, 3.29, 3.18, 4.01, 4.23, 3.66, 2.23, 3.32, 2.64, 2.26, 2.48, 1.32, 1.32, 1.73, 1.93, 2.93, 4.33, 6.0, 5.04, 5.52, 3.43, 3.74, 3.96, 4.2, 4.99, 5.12, 4.72, 4.72, 5.97, 6.15, 6.86, 5.6, 3.97, 1.12, 1.97, 3.73, 3.98, 4.42, 4.73, 5.48, 5.21, 4.78, 4.04, 3.89, 3.78, 4.24, 4.58, 5.1, 5.24, 4.86, 5.1, 5.05, 2.78, 2.66, 3.46, 3.93]}, "geometry": {"type": "Polygon", "coordinates": [[[-48.919929041306595, -26.265907024689643], [-48.928414211281755, -26.266218288389965], [-48.92881280167768, -26.253606750136385], [-48.924810710633594, -26.253503386158734], [-48.92438800142615, -26.25230641528948], [-48.92523368642111, -26.250362677766795], [-48.925020795306025, -26.24819462930988], [-48.92610511725948, -26.24560152967595], [-48.92497954411249, -26.242827430586555], [-48.92593172714695, -26.241529711072435], [-48.92654237564826, -26.235640421514322], [-48.923852724971944, -26.2323131962605], [-48.91488463210766, -26.23025325425465], [-48.91181909032817, -26.23083368417124], [-48.89902060680569, -26.23025645468284], [-48.90077315994949, -26.22733124936296], [-48.8976050441002, -26.22539816454111], [-48.89467547735007, -26.225177394953636], [-48.89317538951627, -26.226859286674426], [-48.8803472368027, -26.231279361295496], [-48.876220141847405, -26.235811621831918], [-48.86641737552621, -26.240856148536817], [-48.86113319594522, -26.248042880997986], [-48.85819704444828, -26.249368224058696], [-48.85110053331446, -26.248396002659373], [-48.841707738037016, -26.24484335929999], [-48.83039320837307, -26.23839304684845], [-48.82919104396945, -26.23687898211504], [-48.826433043004805, -26.228437670940604], [-48.82562081050989, -26.2282779342994], [-48.823494513160334, -26.22579796394705], [-48.82005873497004, -26.22614741920211], [-48.81869089190624, -26.22767443713921], [-48.81344624429923, -26.226410107699326], [-48.81109474565347, -26.225054560351218], [-48.808290518625206, -26.22506408384275], [-48.804968315103686, -26.22821065391872], [-48.80879825108113, -26.232384933948854], [-48.817746392743025, -26.234646477835444], [-48.81850682692526, -26.23908713634633], [-48.821393256850314, -26.248248528433194], [-48.82513502859016, -26.247212028091695], [-48.84353177386156, -26.251729336499736], [-48.84940351232265, -26.254008287733406], [-48.85242628468737, -26.252392992817793], [-48.85207862019222, -26.259740614888003], [-48.854721454554344, -26.26033883708189], [-48.862148739280805, -26.26381035208002], [-48.8673778250387, -26.263458423934996], [-48.869415439585076, -26.264610307084315], [-48.87475877489782, -26.264736544827624], [-48.87829758417496, -26.266532940418475], [-48.88379639840031, -26.264175631166975], [-48.8938319009995, -26.265090966962845], [-48.89436807251629, -26.26623373662591], [-48.89542338321085, -26.266457168522233], [-48.89868854075763, -26.265990576220876], [-48.900105623083554, -26.264956247928804], [-48.910388185605726, -26.265500738120306], [-48.91244355535004, -26.264518395563606], [-48.913364872579436, -26.265625003895135], [-48.91565735019885, -26.26593865552144], [-48.91888678982894, -26.265150531184847], [-48.919929041306595, -26.265907024689643]]]}}, {"id": "6", "type": "Feature", "properties": {"OBJECTID": 7, "Shape_Leng": 20431.6486995, "Shape_Area": 5714567.47893, "Nome_Bairr": "RIO BONITO", "name": "Rio Bonito", "rain_total_mm": 3.012, "temp_mean_degC": 19.4, "wind_mean_ms": 4.07, "wind_dir_deg": 70, "coverage_pct": 100.0, "run_time_utc": "2026-09-27 00:00:00", "window_local": "2026-09-26 22:00 .. 2026-09-29 21:00", "source": "CPTEC/INPE WRF AMS 7km", "valid_times_local": ["2026-09-26 22:00", "2026-09-26 23:00", "2026-09-27 00:00", "2026-09-27 01:00", "2026-09-27 02:00", "2026-09-27 03:00", "2026-09-27 04:00", "2026-09-27 05:00", "2026-09-27 06:00", "2026-09-27 07:00", "2026-09-27 08:00", "2026-09-27 09:00", "2026-09-27 10:00", "2026-09-27 11:00", "2026-09-27 12:00", "2026-09-27 13:00", "2026-09-27 14:00", "2026-09-27 15:00", "2026-09-27 16:00", "2026-09-27 17:00", "2026-09-27 18:00", "2026-09-27 19:00", "2026-09-27 20:00", "2026-09-27 21:00", "2026-09-27 22:00", "2026-09-27 23:00", "2026-09-28 00:00", "2026-09-28 01:00", "2026-09-28 02:00", "2026-09-28 03:00", "2026-09-28 04:00", "2026-09-28 05:00", "2026-09-28 06:00", "2026-09-28 07:00", "2026-09-28 08:00", "2026-09-28 09:00", "2026-09-28 10:00", "2026-09-28 11:00", "2026-09-28 12:00", "2026-09-28 13:00", "2026-09-28 14:00", "2026-09-28 15:00", "2026-09-28 16:00", "2026-09-28 17:00", "2026-09-28 18:00", "2026-09-28 19:00", "2026-09-28 20:00", "2026-09-28 21:00", "2026-09-28 22:00", "2026-09-28 23:00", "2026-09-29 00:00", "2026-09-29 01:00", "2026-09-29 02:00", "2026-09-29 03:00", "2026-09-29 04:00", "2026-09-29 05:00", "2026-09-29 06:00", "2026-09-29 07:00", "2026-09-29 08:00", "2026-09-29 09:00", "2026-09-29 10:00", "2026-09-29 11:00", "2026-09-29 12:00", "2026-09-29 13:00", "2026-09-29 14:00", "2026-09-29 15:00", "2026-09-29 16:00", "2026-09-29 17:00", "2026-09-29 18:00", "2026-09-29 19:00", "2026-09-29 20:00", "2026-09-29 21:00"], "lead_h": [1, 2, 3, 4, 5, 6, 7, 8, 9, 10, 11, 12, 13, 14, 15, 16, 17, 18, 19, 20, 21, 22, 23, 24, 25, 26, 27, 28, 29, 30, 31, 32, 33, 34, 35, 36, 37, 38, 39, 40, 41, 42, 43, 44, 45, 46, 47, 48, 49, 50, 51, 52, 53, 54, 55, 56, 57, 58, 59, 60, 61, 62, 63, 64, 65, 66, 67, 68, 69, 70, 71, 72], "precip_mm_h": [0.0, 0.0, 0.0, 0.0, 0.0, 0.0, 0.0, 0.0, 0.004, 0.024, 0.05, 0.05, 0.046, 0.038, 0.026, 0.006, 0.016, 0.024, 0.038, 0.026, 0.027, 0.0, 0.002, 0.0, 0.002, 0.006, 0.01, 0.008, 0.0, 0.03, 0.016, 0.019, 0.075, 0.082, 0.003, 0.0, 0.0, 0.005, 0.0, 1.031, 1.032, 0.018, 0.026, 0.104, 0.0, 0.0, 0.0, 0.0, 0.0, 0.0, 0.0, 0.0, 0.0, 0.0, 0.0, 0.005, 0.027, 0.032, 0.032, 0.008, 0.003, 0.005, 0.0, 0.005, 0.003, 0.013, 0.011, 0.013, 0.0, 0.008, 0.003, 0.0], "accum_mm": [0.0, 0.0, 0.0, 0.0, 0.0, 0.0, 0.0, 0.0, 0.004, 0.028, 0.078, 0.128, 0.174, 0.212, 0.238, 0.244, 0.26, 0.284, 0.322, 0.348, 0.375, 0.375, 0.377, 0.377, 0.379, 0.385, 0.395, 0.403, 0.403, 0.433, 0.449, 0.468, 0.543, 0.625, 0.628, 0.628, 0.628, 0.633, 0.633, 1.664, 2.696, 2.714, 2.74, 2.844, 2.844, 2.844, 2.844, 2.844, 2.844, 2.844, 2.844, 2.844, 2.844, 2.844, 2.844, 2.849, 2.876, 2.908, 2.94, 2.948, 2.951, 2.956, 2.956, 2.961, 2.964, 2.977, 2.988, 3.001, 3.001, 3.009, 3.012, 3.012], "t2m_degC": [19.65, 19.7, 19.5, 19.24, 19.11, 19.0, 18.9, 18.97, 19.04, 18.91, 18.85, 18.92, 19.05, 19.2, 19.31, 19.32, 19.24, 19.23, 19.28, 19.39, 19.45, 19.45, 19.46, 19.39, 19.28, 19.23, 19.26, 19.33, 19.29, 19.24, 19.25, 19.27, 19.4, 19.48, 19.46, 19.54, 19.56, 19.47, 19.49, 19.52, 19.45, 19.52, 19.57, 19.62, 19.66, 19.8, 19.82, 19.85, 19.84, 19.71, 19.57, 19.58, 19.6, 19.5, 19.54, 19.37, 19.2, 19.17, 19.18, 19.22, 19.28, 19.27, 19.46, 19.55, 19.53, 19.55, 19.63, 19.77, 19.81, 19.81, 19.78, 19.79], "wspd_ms": [3.75, 4.44, 5.78, 6.3, 6.38, 6.25, 6.0, 5.62, 4.83, 4.11, 4.18, 3.55, 2.96, 2.82, 2.48, 2.74, 2.67, 2.77, 2.32, 3.41, 4.02, 3.62, 2.42, 2.95, 2.61, 2.24, 2.24, 0.69, 1.3, 1.73, 1.77, 2.67, 4.41, 5.56, 5.06, 5.56, 3.99, 3.76, 4.29, 4.22, 5.61, 5.18, 4.67, 5.02, 5.92, 6.26, 6.62, 5.66, 4.23, 1.08, 2.5, 4.14, 4.18, 4.79, 4.76, 5.16, 5.04, 4.65, 3.78, 4.0, 3.96, 4.46, 4.85, 5.28, 5.47, 4.97, 4.39, 5.64, 2.6, 2.76, 3.11, 3.84]}, "geometry": {"type": "Polygon", "coordinates": [[[-48.91431880023466, -26.195560936936957], [-48.91355467461362, -26.1866695302059], [-48.91343360291178, -26.18562393490498], [-48.911729730253676, -26.181349565972454], [-48.91980224025956, -26.17809217100356], [-48.91851493345846, -26.175629644411625], [-48.910826127495625, -26.178636447024907], [-48.90936322962532, -26.173754981318194], [-48.909546671090546, -26.158306609916966], [-48.91121548204494, -26.14991118148332], [-48.910856690784364, -26.1474920085933], [-48.91285704653101, -26.14747959457003], [-48.91288916774428, -26.145674386823128], [-48.90962903384456, -26.145698712347915], [-48.90038743560113, -26.134872138724308], [-48.89336573035872, -26.141008214431313], [-48.89851179016102, -26.143372721168458], [-48.89945436142298, -26.145707395893048], [-48.899983320606204, -26.149917811341698], [-48.89993130976047, -26.159758659785734], [-48.89543145677384, -26.159708697672528], [-48.89539082387269, -26.161971869696877], [-48.90165818463608, -26.16211273038799], [-48.900740321534286, -26.16550267942016], [-48.89608304448184, -26.166381317338928], [-48.89604203303559, -26.168739866627853], [-48.90125774803475, -26.167808614488106], [-48.903053495548235, -26.171915107768825], [-48.904516717166366, -26.17333048640092], [-48.90690252884516, -26.180695634416658], [-48.90908808215364, -26.185076120780963], [-48.90406736299123, -26.186125631302787], [-48.904983465348266, -26.191537046125035], [-48.909891655281015, -26.190775663055383], [-48.91026585308665, -26.195105707309637], [-48.91431880023466, -26.195560936936957]]]}}, {"id": "7", "type": "Feature", "properties": {"OBJECTID": 8, "Shape_Leng": 11457.1459919, "Shape_Area": 6086818.84012, "Nome_Bairr": "PIRABEIRABA", "name": "Pirabeiraba", "rain_total_mm": 2.938, "temp_mean_degC": 19.4, "wind_mean_ms": 4.09, "wind_dir_deg": 70, "coverage_pct": 100.0, "run_time_utc": "2026-09-27 00:00:00", "window_local": "2026-09-26 22:00 .. 2026-09-29 21:00", "source": "CPTEC/INPE WRF AMS 7km", "valid_times_local": ["2026-09-26 22:00", "2026-09-26 23:00", "2026-09-27 00:00", "2026-09-27 01:00", "2026-09-27 02:00", "2026-09-27 03:00", "2026-09-27 04:00", "2026-09-27 05:00", "2026-09-27 06:00", "2026-09-27 07:00", "2026-09-27 08:00", "2026-09-27 09:00", "2026-09-27 10:00", "2026-09-27 11:00", "2026-09-27 12:00", "2026-09-27 13:00", "2026-09-27 14:00", "2026-09-27 15:00", "2026-09-27 16:00", "2026-09-27 17:00", "2026-09-27 18:00", "2026-09-27 19:00", "2026-09-27 20:00", "2026-09-27 21:00", "2026-09-27 22:00", "2026-09-27 23:00", "2026-09-28 00:00", "2026-09-28 01:00", "2026-09-28 02:00", "2026-09-28 03:00", "2026-09-28 04:00", "2026-09-28 05:00", "2026-09-28 06:00", "2026-09-28 07:00", "2026-09-28 08:00", "2026-09-28 09:00", "2026-09-28 10:00", "2026-09-28 11:00", "2026-09-28 12:00", "2026-09-28 13:00", "2026-09-28 14:00", "2026-09-28 15:00", "2026-09-28 16:00", "2026-09-28 17:00", "2026-09-28 18:00", "2026-09-28 19:00", "2026-09-28 20:00", "2026-09-28 21:00", "2026-09-28 22:00", "2026-09-28 23:00", "2026-09-29 00:00", "2026-09-29 01:00", "2026-09-29 02:00", "2026-09-29 03:00", "2026-09-29 04:00", "2026-09-29 05:00", "2026-09-29 06:00", "2026-09-29 07:00", "2026-09-29 08:00", "2026-09-29 09:00", "2026-09-29 10:00", "2026-09-29 11:00", "2026-09-29 12:00", "2026-09-29 13:00", "2026-09-29 14:00", "2026-09-29 15:00", "2026-09-29 16:00", "2026-09-29 17:00", "2026-09-29 18:00", "2026-09-29 19:00", "2026-09-29 20:00", "2026-09-29 21:00"], "lead_h": [1, 2, 3, 4, 5, 6, 7, 8, 9, 10, 11, 12, 13, 14, 15, 16, 17, 18, 19, 20, 21, 22, 23, 24, 25, 26, 27, 28, 29, 30, 31, 32, 33, 34, 35, 36, 37, 38, 39, 40, 41, 42, 43, 44, 45, 46, 47, 48, 49, 50, 51, 52, 53, 54, 55, 56, 57, 58, 59, 60, 61, 62, 63, 64, 65, 66, 67, 68, 69, 70, 71, 72], "precip_mm_h": [0.0, 0.0, 0.0, 0.0, 0.0, 0.0, 0.0, 0.0, 0.003, 0.024, 0.047, 0.052, 0.047, 0.041, 0.024, 0.009, 0.014, 0.023, 0.039, 0.03, 0.028, 0.0, 0.001, 0.0, 0.003, 0.005, 0.018, 0.007, 0.0, 0.009, 0.0, 0.014, 0.063, 0.109, 0.0, 0.0, 0.002, 0.008, 0.0, 1.354, 0.621, 0.028, 0.023, 0.123, 0.0, 0.0, 0.0, 0.0, 0.0, 0.0, 0.0, 0.0, 0.0, 0.0, 0.0, 0.007, 0.024, 0.032, 0.032, 0.008, 0.0, 0.008, 0.0, 0.008, 0.001, 0.015, 0.009, 0.015, 0.0, 0.008, 0.001, 0.0], "accum_mm": [0.0, 0.0, 0.0, 0.0, 0.0, 0.0, 0.0, 0.0, 0.003, 0.027, 0.074, 0.126, 0.173, 0.214, 0.238, 0.247, 0.261, 0.284, 0.323, 0.353, 0.381, 0.381, 0.382, 0.382, 0.385, 0.39, 0.408, 0.415, 0.415, 0.424, 0.424, 0.438, 0.501, 0.61, 0.61, 0.61, 0.612, 0.62, 0.62, 1.974, 2.595, 2.623, 2.646, 2.769, 2.769, 2.769, 2.769, 2.769, 2.769, 2.769, 2.769, 2.769, 2.769, 2.769, 2.769, 2.776, 2.8, 2.832, 2.864, 2.872, 2.872, 2.88, 2.88, 2.888, 2.889, 2.904, 2.913, 2.928, 2.928, 2.936, 2.937, 2.937], "t2m_degC": [19.66, 19.7, 19.47, 19.21, 19.1, 18.98, 18.88, 18.98, 19.03, 18.91, 18.86, 18.94, 19.08, 19.22, 19.3, 19.31, 19.23, 19.23, 19.29, 19.41, 19.45, 19.44, 19.45, 19.35, 19.25, 19.21, 19.23, 19.33, 19.3, 19.24, 19.26, 19.29, 19.4, 19.49, 19.46, 19.53, 19.57, 19.47, 19.49, 19.52, 19.45, 19.55, 19.58, 19.63, 19.65, 19.81, 19.85, 19.86, 19.83, 19.69, 19.55, 19.57, 19.59, 19.5, 19.54, 19.39, 19.22, 19.17, 19.18, 19.22, 19.29, 19.29, 19.45, 19.54, 19.52, 19.56, 19.64, 19.76, 19.81, 19.82, 19.8, 19.8], "wspd_ms": [3.95, 4.68, 6.07, 6.45, 6.41, 6.3, 6.06, 5.68, 4.8, 4.05, 4.13, 3.55, 3.02, 2.91, 2.53, 2.91, 2.9, 3.01, 2.68, 3.75, 4.18, 3.65, 2.31, 3.16, 2.57, 2.22, 2.35, 0.81, 1.29, 1.74, 1.87, 2.71, 4.33, 5.73, 5.02, 5.55, 3.77, 3.74, 4.16, 4.14, 5.48, 5.14, 4.75, 4.88, 5.96, 6.27, 6.73, 5.65, 4.14, 0.76, 2.31, 4.0, 4.1, 4.67, 4.71, 5.26, 5.07, 4.69, 3.81, 3.96, 3.89, 4.33, 4.72, 5.2, 5.41, 4.94, 4.49, 5.44, 2.64, 2.72, 3.22, 3.86]}, "geometry": {"type": "Polygon", "coordinates": [[[-48.89469129852431, -26.22518274531453], [-48.8976050441002, -26.22539816454111], [-48.90077315994949, -26.22733124936296], [-48.89902060680569, -26.23025645468284], [-48.91181909032817, -26.23083368417124], [-48.91456947962106, -26.230231260106024], [-48.91667435908179, -26.230791066868598], [-48.91580559582927, -26.211278048239446], [-48.91373279784082, -26.20312465549381], [-48.91547039277317, -26.201929397384347], [-48.9143187894508, -26.19556081222259], [-48.90836509626545, -26.19492622091201], [-48.906760274302265, -26.196347670874694], [-48.901825290017285, -26.198285606945667], [-48.90130049059124, -26.207738859525165], [-48.899390677310386, -26.210725895106616], [-48.89801793113138, -26.218155615787516], [-48.89859513701605, -26.22147763336527], [-48.89555469949591, -26.223701846264206], [-48.89469129852431, -26.22518274531453]]]}}, {"id": "8", "type": "Feature", "properties": {"OBJECTID": 9, "Shape_Leng": 12303.5834154, "Shape_Area": 5711534.7375, "Nome_Bairr": "SAO MARCOS", "name": "Sao Marcos", "rain_total_mm": 3.488, "temp_mean_degC": 19.4, "wind_mean_ms": 4.18, "wind_dir_deg": 68, "coverage_pct": 100.0, "run_time_utc": "2026-09-27 00:00:00", "window_local": "2026-09-26 22:00 .. 2026-09-29 21:00", "source": "CPTEC/INPE WRF AMS 7km", "valid_times_local": ["2026-09-26 22:00", "2026-09-26 23:00", "2026-09-27 00:00", "2026-09-27 01:00", "2026-09-27 02:00", "2026-09-27 03:00", "2026-09-27 04:00", "2026-09-27 05:00", "2026-09-27 06:00", "2026-09-27 07:00", "2026-09-27 08:00", "2026-09-27 09:00", "2026-09-27 10:00", "2026-09-27 11:00", "2026-09-27 12:00", "2026-09-27 13:00", "2026-09-27 14:00", "2026-09-27 15:00", "2026-09-27 16:00", "2026-09-27 17:00", "2026-09-27 18:00", "2026-09-27 19:00", "2026-09-27 20:00", "2026-09-27 21:00", "2026-09-27 22:00", "2026-09-27 23:00", "2026-09-28 00:00", "2026-09-28 01:00", "2026-09-28 02:00", "2026-09-28 03:00", "2026-09-28 04:00", "2026-09-28 05:00", "2026-09-28 06:00", "2026-09-28 07:00", "2026-09-28 08:00", "2026-09-28 09:00", "2026-09-28 10:00", "2026-09-28 11:00", "2026-09-28 12:00", "2026-09-28 13:00", "2026-09-28 14:00", "2026-09-28 15:00", "2026-09-28 16:00", "2026-09-28 17:00", "2026-09-28 18:00", "2026-09-28 19:00", "2026-09-28 20:00", "2026-09-28 21:00", "2026-09-28 22:00", "2026-09-28 23:00", "2026-09-29 00:00", "2026-09-29 01:00", "2026-09-29 02:00", "2026-09-29 03:00", "2026-09-29 04:00", "2026-09-29 05:00", "2026-09-29 06:00", "2026-09-29 07:00", "2026-09-29 08:00", "2026-09-29 09:00", "2026-09-29 10:00", "2026-09-29 11:00", "2026-09-29 12:00", "2026-09-29 13:00", "2026-09-29 14:00", "2026-09-29 15:00", "2026-09-29 16:00", "2026-09-29 17:00", "2026-09-29 18:00", "2026-09-29 19:00", "2026-09-29 20:00", "2026-09-29 21:00"], "lead_h": [1, 2, 3, 4, 5, 6, 7, 8, 9, 10, 11, 12, 13, 14, 15, 16, 17, 18, 19, 20, 21, 22, 23, 24, 25, 26, 27, 28, 29, 30, 31, 32, 33, 34, 35, 36, 37, 38, 39, 40, 41, 42, 43, 44, 45, 46, 47, 48, 49, 50, 51, 52, 53, 54, 55, 56, 57, 58, 59, 60, 61, 62, 63, 64, 65, 66, 67, 68, 69, 70, 71, 72], "precip_mm_h": [0.0, 0.0, 0.0, 0.0, 0.0, 0.0, 0.0, 0.0, 0.0, 0.016, 0.036, 0.048, 0.04, 0.044, 0.02, 0.008, 0.004, 0.004, 0.024, 0.044, 0.02, 0.004, 0.0, 0.0, 0.0, 0.024, 0.0, 0.008, 0.0, 0.008, 0.024, 0.008, 0.112, 0.152, 0.0, 0.0, 0.016, 0.024, 0.024, 1.64, 0.608, 0.016, 0.336, 0.024, 0.0, 0.0, 0.0, 0.0, 0.0, 0.0, 0.0, 0.0, 0.0, 0.0, 0.0, 0.0, 0.016, 0.032, 0.032, 0.008, 0.008, 0.0, 0.008, 0.008, 0.0, 0.008, 0.016, 0.008, 0.0, 0.0, 0.008, 0.0], "accum_mm": [0.0, 0.0, 0.0, 0.0, 0.0, 0.0, 0.0, 0.0, 0.0, 0.016, 0.052, 0.1, 0.14, 0.184, 0.204, 0.212, 0.216, 0.22, 0.244, 0.288, 0.308, 0.312, 0.312, 0.312, 0.312, 0.336, 0.336, 0.344, 0.344, 0.352, 0.376, 0.384, 0.496, 0.648, 0.648, 0.648, 0.664, 0.688, 0.712, 2.352, 2.96, 2.976, 3.312, 3.336, 3.336, 3.336, 3.336, 3.336, 3.336, 3.336, 3.336, 3.336, 3.336, 3.336, 3.336, 3.336, 3.352, 3.384, 3.416, 3.424, 3.432, 3.432, 3.44, 3.448, 3.448, 3.456, 3.472, 3.48, 3.48, 3.48, 3.488, 3.488], "t2m_degC": [19.66, 19.57, 19.31, 19.12, 19.03, 18.91, 18.84, 18.92, 18.97, 18.89, 18.95, 19.02, 19.13, 19.19, 19.23, 19.17, 19.18, 19.17, 19.25, 19.34, 19.37, 19.39, 19.38, 19.23, 19.03, 18.93, 19.05, 19.27, 19.29, 19.2, 19.22, 19.32, 19.35, 19.51, 19.45, 19.5, 19.54, 19.4, 19.44, 19.46, 19.45, 19.59, 19.56, 19.63, 19.64, 19.77, 19.93, 19.87, 19.77, 19.53, 19.47, 19.48, 19.52, 19.46, 19.5, 19.44, 19.26, 19.17, 19.15, 19.25, 19.27, 19.3, 19.41, 19.47, 19.5, 19.55, 19.63, 19.68, 19.76, 19.8, 19.84, 19.81], "wspd_ms": [4.92, 5.64, 6.79, 6.52, 6.19, 6.33, 6.1, 5.73, 4.71, 3.88, 4.17, 3.8, 3.58, 3.33, 2.93, 3.2, 3.43, 3.48, 3.38, 3.95, 4.16, 3.6, 2.31, 3.26, 2.62, 2.35, 2.37, 1.87, 1.37, 1.65, 1.77, 3.15, 4.27, 6.16, 5.3, 5.42, 3.12, 3.81, 3.77, 4.39, 4.67, 5.14, 4.84, 4.76, 6.04, 6.02, 6.84, 5.56, 3.62, 1.8, 1.69, 3.28, 3.77, 4.17, 4.8, 5.68, 5.43, 4.86, 4.4, 3.92, 3.61, 4.21, 4.39, 4.92, 4.66, 4.67, 6.53, 4.73, 2.8, 2.54, 3.74, 4.13]}, "geometry": {"type": "Polygon", "coordinates": [[[-48.89063596914352, -26.3264617038559], [-48.893100981911154, -26.323356007332], [-48.89243996986015, -26.3223829725988], [-48.89266376983678, -26.319498655388276], [-48.89206992778292, -26.318537439878785], [-48.89159899441565, -26.313333993271357], [-48.89214269850799, -26.311048361952423], [-48.89534818532874, -26.308177276716723], [-48.904716459440856, -26.30377265054292], [-48.89552098652111, -26.303637987243345], [-48.89578692523987, -26.29962821346871], [-48.88764015325362, -26.299318414409107], [-48.88602373535279, -26.300351688707497], [-48.88345987281828, -26.300018819671852], [-48.88263405579741, -26.30285577551147], [-48.878277927828925, -26.309435558741175], [-48.873874121521915, -26.313015154831437], [-48.87317080404028, -26.3169066971313], [-48.86459306319339, -26.327321443012213], [-48.89063596914352, -26.3264617038559]]]}}, {"id": "9", "type": "Feature", "properties": {"OBJECTID": 10, "Shape_Leng": 11082.0556119, "Shape_Area": 7854337.72578, "Nome_Bairr": "NOVA BRASILIA", "name": "Nova Brasilia", "rain_total_mm": 3.488, "temp_mean_degC": 19.4, "wind_mean_ms": 4.18, "wind_dir_deg": 68, "coverage_pct": 100.0, "run_time_utc": "2026-09-27 00:00:00", "window_local": "2026-09-26 22:00 .. 2026-09-29 21:00", "source": "CPTEC/INPE WRF AMS 7km", "valid_times_local": ["2026-09-26 22:00", "2026-09-26 23:00", "2026-09-27 00:00", "2026-09-27 01:00", "2026-09-27 02:00", "2026-09-27 03:00", "2026-09-27 04:00", "2026-09-27 05:00", "2026-09-27 06:00", "2026-09-27 07:00", "2026-09-27 08:00", "2026-09-27 09:00", "2026-09-27 10:00", "2026-09-27 11:00", "2026-09-27 12:00", "2026-09-27 13:00", "2026-09-27 14:00", "2026-09-27 15:00", "2026-09-27 16:00", "2026-09-27 17:00", "2026-09-27 18:00", "2026-09-27 19:00", "2026-09-27 20:00", "2026-09-27 21:00", "2026-09-27 22:00", "2026-09-27 23:00", "2026-09-28 00:00", "2026-09-28 01:00", "2026-09-28 02:00", "2026-09-28 03:00", "2026-09-28 04:00", "2026-09-28 05:00", "2026-09-28 06:00", "2026-09-28 07:00", "2026-09-28 08:00", "2026-09-28 09:00", "2026-09-28 10:00", "2026-09-28 11:00", "2026-09-28 12:00", "2026-09-28 13:00", "2026-09-28 14:00", "2026-09-28 15:00", "2026-09-28 16:00", "2026-09-28 17:00", "2026-09-28 18:00", "2026-09-28 19:00", "2026-09-28 20:00", "2026-09-28 21:00", "2026-09-28 22:00", "2026-09-28 23:00", "2026-09-29 00:00", "2026-09-29 01:00", "2026-09-29 02:00", "2026-09-29 03:00", "2026-09-29 04:00", "2026-09-29 05:00", "2026-09-29 06:00", "2026-09-29 07:00", "2026-09-29 08:00", "2026-09-29 09:00", "2026-09-29 10:00", "2026-09-29 11:00", "2026-09-29 12:00", "2026-09-29 13:00", "2026-09-29 14:00", "2026-09-29 15:00", "2026-09-29 16:00", "2026-09-29 17:00", "2026-09-29 18:00", "2026-09-29 19:00", "2026-09-29 20:00", "2026-09-29 21:00"], "lead_h": [1, 2, 3, 4, 5, 6, 7, 8, 9, 10, 11, 12, 13, 14, 15, 16, 17, 18, 19, 20, 21, 22, 23, 24, 25, 26, 27, 28, 29, 30, 31, 32, 33, 34, 35, 36, 37, 38, 39, 40, 41, 42, 43, 44, 45, 46, 47, 48, 49, 50, 51, 52, 53, 54, 55, 56, 57, 58, 59, 60, 61, 62, 63, 64, 65, 66, 67, 68, 69, 70, 71, 72], "precip_mm_h": [0.0, 0.0, 0.0, 0.0, 0.0, 0.0, 0.0, 0.0, 0.0, 0.016, 0.036, 0.048, 0.04, 0.044, 0.02, 0.008, 0.004, 0.004, 0.024, 0.044, 0.02, 0.004, 0.0, 0.0, 0.0, 0.024, 0.0, 0.008, 0.0, 0.008, 0.024, 0.008, 0.112, 0.152, 0.0, 0.0, 0.016, 0.024, 0.024, 1.64, 0.608, 0.016, 0.336, 0.024, 0.0, 0.0, 0.0, 0.0, 0.0, 0.0, 0.0, 0.0, 0.0, 0.0, 0.0, 0.0, 0.016, 0.032, 0.032, 0.008, 0.008, 0.0, 0.008, 0.008, 0.0, 0.008, 0.016, 0.008, 0.0, 0.0, 0.008, 0.0], "accum_mm": [0.0, 0.0, 0.0, 0.0, 0.0, 0.0, 0.0, 0.0, 0.0, 0.016, 0.052, 0.1, 0.14, 0.184, 0.204, 0.212, 0.216, 0.22, 0.244, 0.288, 0.308, 0.312, 0.312, 0.312, 0.312, 0.336, 0.336, 0.344, 0.344, 0.352, 0.376, 0.384, 0.496, 0.648, 0.648, 0.648, 0.664, 0.688, 0.712, 2.352, 2.96, 2.976, 3.312, 3.336, 3.336, 3.336, 3.336, 3.336, 3.336, 3.336, 3.336, 3.336, 3.336, 3.336, 3.336, 3.336, 3.352, 3.384, 3.416, 3.424, 3.432, 3.432, 3.44, 3.448, 3.448, 3.456, 3.472, 3.48, 3.48, 3.48, 3.488, 3.488], "t2m_degC": [19.66, 19.57, 19.31, 19.12, 19.03, 18.91, 18.84, 18.92, 18.97, 18.89, 18.95, 19.02, 19.13, 19.19, 19.23, 19.17, 19.18, 19.17, 19.25, 19.34, 19.37, 19.39, 19.38, 19.23, 19.03, 18.93, 19.05, 19.27, 19.29, 19.2, 19.22, 19.32, 19.35, 19.51, 19.45, 19.5, 19.54, 19.4, 19.44, 19.46, 19.45, 19.59, 19.56, 19.63, 19.64, 19.77, 19.93, 19.87, 19.77, 19.53, 19.47, 19.48, 19.52, 19.46, 19.5, 19.44, 19.26, 19.17, 19.15, 19.25, 19.27, 19.3, 19.41, 19.47, 19.5, 19.55, 19.63, 19.68, 19.76, 19.8, 19.84, 19.81], "wspd_ms": [4.92, 5.64, 6.79, 6.52, 6.19, 6.33, 6.1, 5.73, 4.71, 3.88, 4.17, 3.8, 3.58, 3.33, 2.93, 3.2, 3.43, 3.48, 3.38, 3.95, 4.16, 3.6, 2.31, 3.26, 2.62, 2.35, 2.37, 1.87, 1.37, 1.65, 1.77, 3.15, 4.27, 6.16, 5.3, 5.42, 3.12, 3.81, 3.77, 4.39, 4.67, 5.14, 4.84, 4.76, 6.04, 6.02, 6.84, 5.56, 3.62, 1.8, 1.69, 3.28, 3.77, 4.17, 4.8, 5.68, 5.43, 4.86, 4.4, 3.92, 3.61, 4.21, 4.39, 4.92, 4.66, 4.67, 6.53, 4.73, 2.8, 2.54, 3.74, 4.13]}, "geometry": {"type": "Polygon", "coordinates": [[[-48.89063596914352, -26.3264617038559], [-48.86459306319339, -26.327321443012213], [-48.86246496081258, -26.33007449102774], [-48.85957152420695, -26.336507704552844], [-48.85734106090295, -26.34613317642709], [-48.85733698102579, -26.348841332225035], [-48.8592088927409, -26.34990321647081], [-48.85965321302254, -26.351768585890156], [-48.88568954521004, -26.35059263745552], [-48.890519479852536, -26.342475802706442], [-48.888533373273376, -26.332939353986927], [-48.88886754719962, -26.329065658505282], [-48.89063596914352, -26.3264617038559]]]}}, {"id": "10", "type": "Feature", "properties": {"OBJECTID": 12, "Shape_Leng": 8543.13117707, "Shape_Area": 3229874.25093, "Nome_Bairr": "ULYSSES GUIMARÃES", "name": "Ulysses Guimarães", "rain_total_mm": 2.472, "temp_mean_degC": 19.4, "wind_mean_ms": 4.36, "wind_dir_deg": 64, "coverage_pct": 100.0, "run_time_utc": "2026-09-27 00:00:00", "window_local": "2026-09-26 22:00 .. 2026-09-29 21:00", "source": "CPTEC/INPE WRF AMS 7km", "valid_times_local": ["2026-09-26 22:00", "2026-09-26 23:00", "2026-09-27 00:00", "2026-09-27 01:00", "2026-09-27 02:00", "2026-09-27 03:00", "2026-09-27 04:00", "2026-09-27 05:00", "2026-09-27 06:00", "2026-09-27 07:00", "2026-09-27 08:00", "2026-09-27 09:00", "2026-09-27 10:00", "2026-09-27 11:00", "2026-09-27 12:00", "2026-09-27 13:00", "2026-09-27 14:00", "2026-09-27 15:00", "2026-09-27 16:00", "2026-09-27 17:00", "2026-09-27 18:00", "2026-09-27 19:00", "2026-09-27 20:00", "2026-09-27 21:00", "2026-09-27 22:00", "2026-09-27 23:00", "2026-09-28 00:00", "2026-09-28 01:00", "2026-09-28 02:00", "2026-09-28 03:00", "2026-09-28 04:00", "2026-09-28 05:00", "2026-09-28 06:00", "2026-09-28 07:00", "2026-09-28 08:00", "2026-09-28 09:00", "2026-09-28 10:00", "2026-09-28 11:00", "2026-09-28 12:00", "2026-09-28 13:00", "2026-09-28 14:00", "2026-09-28 15:00", "2026-09-28 16:00", "2026-09-28 17:00", "2026-09-28 18:00", "2026-09-28 19:00", "2026-09-28 20:00", "2026-09-28 21:00", "2026-09-28 22:00", "2026-09-28 23:00", "2026-09-29 00:00", "2026-09-29 01:00", "2026-09-29 02:00", "2026-09-29 03:00", "2026-09-29 04:00", "2026-09-29 05:00", "2026-09-29 06:00", "2026-09-29 07:00", "2026-09-29 08:00", "2026-09-29 09:00", "2026-09-29 10:00", "2026-09-29 11:00", "2026-09-29 12:00", "2026-09-29 13:00", "2026-09-29 14:00", "2026-09-29 15:00", "2026-09-29 16:00", "2026-09-29 17:00", "2026-09-29 18:00", "2026-09-29 19:00", "2026-09-29 20:00", "2026-09-29 21:00"], "lead_h": [1, 2, 3, 4, 5, 6, 7, 8, 9, 10, 11, 12, 13, 14, 15, 16, 17, 18, 19, 20, 21, 22, 23, 24, 25, 26, 27, 28, 29, 30, 31, 32, 33, 34, 35, 36, 37, 38, 39, 40, 41, 42, 43, 44, 45, 46, 47, 48, 49, 50, 51, 52, 53, 54, 55, 56, 57, 58, 59, 60, 61, 62, 63, 64, 65, 66, 67, 68, 69, 70, 71, 72], "precip_mm_h": [0.0, 0.0, 0.0, 0.0, 0.0, 0.0, 0.0, 0.0, 0.0, 0.008, 0.02, 0.032, 0.036, 0.04, 0.016, 0.004, 0.0, 0.008, 0.02, 0.008, 0.0, 0.004, 0.0, 0.0, 0.004, 0.016, 0.0, 0.0, 0.008, 0.04, 0.088, 0.0, 0.056, 0.024, 0.0, 0.0, 0.024, 0.048, 0.032, 0.624, 0.808, 0.008, 0.336, 0.016, 0.0, 0.0, 0.0, 0.0, 0.0, 0.0, 0.0, 0.0, 0.0, 0.0, 0.0, 0.0, 0.016, 0.04, 0.024, 0.008, 0.008, 0.0, 0.008, 0.008, 0.0, 0.008, 0.008, 0.008, 0.0, 0.0, 0.008, 0.0], "accum_mm": [0.0, 0.0, 0.0, 0.0, 0.0, 0.0, 0.0, 0.0, 0.0, 0.008, 0.028, 0.06, 0.096, 0.136, 0.152, 0.156, 0.156, 0.164, 0.184, 0.192, 0.192, 0.196, 0.196, 0.196, 0.2, 0.216, 0.216, 0.216, 0.224, 0.264, 0.352, 0.352, 0.408, 0.432, 0.432, 0.432, 0.456, 0.504, 0.536, 1.16, 1.968, 1.976, 2.312, 2.328, 2.328, 2.328, 2.328, 2.328, 2.328, 2.328, 2.328, 2.328, 2.328, 2.328, 2.328, 2.328, 2.344, 2.384, 2.408, 2.416, 2.424, 2.424, 2.432, 2.44, 2.44, 2.448, 2.456, 2.464, 2.464, 2.464, 2.472, 2.472], "t2m_degC": [19.54, 19.5, 19.25, 19.1, 18.97, 18.89, 18.82, 18.9, 19.03, 19.0, 19.1, 19.08, 19.07, 19.14, 19.12, 19.14, 19.17, 19.17, 19.27, 19.33, 19.36, 19.38, 19.32, 19.1, 18.95, 18.93, 19.1, 19.26, 19.25, 19.19, 19.19, 19.32, 19.41, 19.53, 19.48, 19.5, 19.51, 19.37, 19.42, 19.4, 19.47, 19.61, 19.55, 19.6, 19.57, 19.64, 19.84, 19.83, 19.76, 19.54, 19.45, 19.48, 19.5, 19.46, 19.53, 19.44, 19.23, 19.16, 19.17, 19.2, 19.26, 19.3, 19.43, 19.53, 19.52, 19.6, 19.67, 19.7, 19.84, 19.87, 19.85, 19.8], "wspd_ms": [5.08, 5.71, 6.54, 6.45, 6.42, 6.46, 6.07, 5.66, 4.73, 3.96, 4.19, 3.75, 3.47, 3.15, 2.71, 3.04, 3.37, 3.44, 3.3, 3.84, 3.91, 3.11, 2.26, 3.16, 3.05, 2.38, 2.55, 1.79, 1.62, 1.84, 1.95, 3.6, 4.99, 6.53, 5.59, 5.59, 3.13, 4.11, 3.78, 4.24, 5.27, 5.49, 4.47, 4.6, 5.93, 6.19, 7.05, 5.9, 4.36, 1.47, 1.98, 3.92, 4.55, 4.87, 5.46, 6.24, 5.86, 5.33, 4.96, 4.49, 3.96, 4.25, 4.87, 5.31, 5.45, 4.74, 5.79, 5.18, 3.68, 3.39, 4.18, 4.31]}, "geometry": {"type": "Polygon", "coordinates": [[[-48.789254283692685, -26.335651612552436], [-48.793164695710175, -26.33871155614645], [-48.79687498073317, -26.334437304511248], [-48.80304414099202, -26.330112757046756], [-48.80273718199479, -26.32870457626501], [-48.79980353612703, -26.325253405315593], [-48.797350990004674, -26.32316624596898], [-48.79629902950426, -26.321376045549844], [-48.79476180859463, -26.320487950070916], [-48.7952448653041, -26.319418293682393], [-48.79450561560035, -26.31882342946412], [-48.795630917241304, -26.31854173036977], [-48.79576572713458, -26.317356515012566], [-48.79497014396689, -26.316521614707508], [-48.79585056816901, -26.316757992917065], [-48.796011877903304, -26.315886635906526], [-48.79419341974265, -26.315230083763414], [-48.78652034645116, -26.315088933303507], [-48.785412094987244, -26.315808160477324], [-48.78649785284476, -26.317522867300465], [-48.7852028165992, -26.31811587188555], [-48.78335959944037, -26.31764422454905], [-48.78210977195001, -26.31914009200435], [-48.78310033128852, -26.319763450086526], [-48.782973898641984, -26.32096692638644], [-48.78115488543096, -26.322213903905684], [-48.78181905640799, -26.32396091917876], [-48.78125497780177, -26.325271553952177], [-48.7883577105263, -26.332507236722034], [-48.789254283692685, -26.335651612552436]]]}}, {"id": "11", "type": "Feature", "properties": {"OBJECTID": 13, "Shape_Leng": 6187.87054842, "Shape_Area": 1958630.40643, "Nome_Bairr": "ADHEMAR GARCIA", "name": "Adhemar Garcia", "rain_total_mm": 2.472, "temp_mean_degC": 19.4, "wind_mean_ms": 4.36, "wind_dir_deg": 64, "coverage_pct": 100.0, "run_time_utc": "2026-09-27 00:00:00", "window_local": "2026-09-26 22:00 .. 2026-09-29 21:00", "source": "CPTEC/INPE WRF AMS 7km", "valid_times_local": ["2026-09-26 22:00", "2026-09-26 23:00", "2026-09-27 00:00", "2026-09-27 01:00", "2026-09-27 02:00", "2026-09-27 03:00", "2026-09-27 04:00", "2026-09-27 05:00", "2026-09-27 06:00", "2026-09-27 07:00", "2026-09-27 08:00", "2026-09-27 09:00", "2026-09-27 10:00", "2026-09-27 11:00", "2026-09-27 12:00", "2026-09-27 13:00", "2026-09-27 14:00", "2026-09-27 15:00", "2026-09-27 16:00", "2026-09-27 17:00", "2026-09-27 18:00", "2026-09-27 19:00", "2026-09-27 20:00", "2026-09-27 21:00", "2026-09-27 22:00", "2026-09-27 23:00", "2026-09-28 00:00", "2026-09-28 01:00", "2026-09-28 02:00", "2026-09-28 03:00", "2026-09-28 04:00", "2026-09-28 05:00", "2026-09-28 06:00", "2026-09-28 07:00", "2026-09-28 08:00", "2026-09-28 09:00", "2026-09-28 10:00", "2026-09-28 11:00", "2026-09-28 12:00", "2026-09-28 13:00", "2026-09-28 14:00", "2026-09-28 15:00", "2026-09-28 16:00", "2026-09-28 17:00", "2026-09-28 18:00", "2026-09-28 19:00", "2026-09-28 20:00", "2026-09-28 21:00", "2026-09-28 22:00", "2026-09-28 23:00", "2026-09-29 00:00", "2026-09-29 01:00", "2026-09-29 02:00", "2026-09-29 03:00", "2026-09-29 04:00", "2026-09-29 05:00", "2026-09-29 06:00", "2026-09-29 07:00", "2026-09-29 08:00", "2026-09-29 09:00", "2026-09-29 10:00", "2026-09-29 11:00", "2026-09-29 12:00", "2026-09-29 13:00", "2026-09-29 14:00", "2026-09-29 15:00", "2026-09-29 16:00", "2026-09-29 17:00", "2026-09-29 18:00", "2026-09-29 19:00", "2026-09-29 20:00", "2026-09-29 21:00"], "lead_h": [1, 2, 3, 4, 5, 6, 7, 8, 9, 10, 11, 12, 13, 14, 15, 16, 17, 18, 19, 20, 21, 22, 23, 24, 25, 26, 27, 28, 29, 30, 31, 32, 33, 34, 35, 36, 37, 38, 39, 40, 41, 42, 43, 44, 45, 46, 47, 48, 49, 50, 51, 52, 53, 54, 55, 56, 57, 58, 59, 60, 61, 62, 63, 64, 65, 66, 67, 68, 69, 70, 71, 72], "precip_mm_h": [0.0, 0.0, 0.0, 0.0, 0.0, 0.0, 0.0, 0.0, 0.0, 0.008, 0.02, 0.032, 0.036, 0.04, 0.016, 0.004, 0.0, 0.008, 0.02, 0.008, 0.0, 0.004, 0.0, 0.0, 0.004, 0.016, 0.0, 0.0, 0.008, 0.04, 0.088, 0.0, 0.056, 0.024, 0.0, 0.0, 0.024, 0.048, 0.032, 0.624, 0.808, 0.008, 0.336, 0.016, 0.0, 0.0, 0.0, 0.0, 0.0, 0.0, 0.0, 0.0, 0.0, 0.0, 0.0, 0.0, 0.016, 0.04, 0.024, 0.008, 0.008, 0.0, 0.008, 0.008, 0.0, 0.008, 0.008, 0.008, 0.0, 0.0, 0.008, 0.0], "accum_mm": [0.0, 0.0, 0.0, 0.0, 0.0, 0.0, 0.0, 0.0, 0.0, 0.008, 0.028, 0.06, 0.096, 0.136, 0.152, 0.156, 0.156, 0.164, 0.184, 0.192, 0.192, 0.196, 0.196, 0.196, 0.2, 0.216, 0.216, 0.216, 0.224, 0.264, 0.352, 0.352, 0.408, 0.432, 0.432, 0.432, 0.456, 0.504, 0.536, 1.16, 1.968, 1.976, 2.312, 2.328, 2.328, 2.328, 2.328, 2.328, 2.328, 2.328, 2.328, 2.328, 2.328, 2.328, 2.328, 2.328, 2.344, 2.384, 2.408, 2.416, 2.424, 2.424, 2.432, 2.44, 2.44, 2.448, 2.456, 2.464, 2.464, 2.464, 2.472, 2.472], "t2m_degC": [19.54, 19.5, 19.25, 19.1, 18.97, 18.89, 18.82, 18.9, 19.03, 19.0, 19.1, 19.08, 19.07, 19.14, 19.12, 19.14, 19.17, 19.17, 19.27, 19.33, 19.36, 19.38, 19.32, 19.1, 18.95, 18.93, 19.1, 19.26, 19.25, 19.19, 19.19, 19.32, 19.41, 19.53, 19.48, 19.5, 19.51, 19.37, 19.42, 19.4, 19.47, 19.61, 19.55, 19.6, 19.57, 19.64, 19.84, 19.83, 19.76, 19.54, 19.45, 19.48, 19.5, 19.46, 19.53, 19.44, 19.23, 19.16, 19.17, 19.2, 19.26, 19.3, 19.43, 19.53, 19.52, 19.6, 19.67, 19.7, 19.84, 19.87, 19.85, 19.8], "wspd_ms": [5.08, 5.71, 6.54, 6.45, 6.42, 6.46, 6.07, 5.66, 4.73, 3.96, 4.19, 3.75, 3.47, 3.15, 2.71, 3.04, 3.37, 3.44, 3.3, 3.84, 3.91, 3.11, 2.26, 3.16, 3.05, 2.38, 2.55, 1.79, 1.62, 1.84, 1.95, 3.6, 4.99, 6.53, 5.59, 5.59, 3.13, 4.11, 3.78, 4.24, 5.27, 5.49, 4.47, 4.6, 5.93, 6.19, 7.05, 5.9, 4.36, 1.47, 1.98, 3.92, 4.55, 4.87, 5.46, 6.24, 5.86, 5.33, 4.96, 4.49, 3.96, 4.25, 4.87, 5.31, 5.45, 4.74, 5.79, 5.18, 3.68, 3.39, 4.18, 4.31]}, "geometry": {"type": "Polygon", "coordinates": [[[-48.79419341974265, -26.315230083763414], [-48.79604910965451, -26.315983057950273], [-48.79585056816901, -26.316757992917065], [-48.79497014396689, -26.316521614707508], [-48.79576572713458, -26.317356515012566], [-48.795630917241304, -26.31854173036977], [-48.79450561560035, -26.31882342946412], [-48.7952448653041, -26.319418293682393], [-48.79476180859463, -26.320487950070916], [-48.79629902950426, -26.321376045549844], [-48.797350990004674, -26.32316624596898], [-48.79980353612703, -26.325253405315593], [-48.80273718199479, -26.32870457626501], [-48.80304414099202, -26.330112757046756], [-48.805650311927245, -26.328321529380183], [-48.80843138953834, -26.325212578721487], [-48.80830442257724, -26.324065780625425], [-48.80913280901416, -26.322548908899073], [-48.80954560503514, -26.31514374835076], [-48.805983733929125, -26.313139500999483], [-48.79572708754465, -26.312948741758973], [-48.79419341974265, -26.315230083763414]]]}}, {"id": "12", "type": "Feature", "properties": {"OBJECTID": 14, "Shape_Leng": 6566.60039475, "Shape_Area": 2215060.84214, "Nome_Bairr": "FÁTIMA", "name": "Fátima", "rain_total_mm": 2.472, "temp_mean_degC": 19.4, "wind_mean_ms": 4.36, "wind_dir_deg": 64, "coverage_pct": 100.0, "run_time_utc": "2026-09-27 00:00:00", "window_local": "2026-09-26 22:00 .. 2026-09-29 21:00", "source": "CPTEC/INPE WRF AMS 7km", "valid_times_local": ["2026-09-26 22:00", "2026-09-26 23:00", "2026-09-27 00:00", "2026-09-27 01:00", "2026-09-27 02:00", "2026-09-27 03:00", "2026-09-27 04:00", "2026-09-27 05:00", "2026-09-27 06:00", "2026-09-27 07:00", "2026-09-27 08:00", "2026-09-27 09:00", "2026-09-27 10:00", "2026-09-27 11:00", "2026-09-27 12:00", "2026-09-27 13:00", "2026-09-27 14:00", "2026-09-27 15:00", "2026-09-27 16:00", "2026-09-27 17:00", "2026-09-27 18:00", "2026-09-27 19:00", "2026-09-27 20:00", "2026-09-27 21:00", "2026-09-27 22:00", "2026-09-27 23:00", "2026-09-28 00:00", "2026-09-28 01:00", "2026-09-28 02:00", "2026-09-28 03:00", "2026-09-28 04:00", "2026-09-28 05:00", "2026-09-28 06:00", "2026-09-28 07:00", "2026-09-28 08:00", "2026-09-28 09:00", "2026-09-28 10:00", "2026-09-28 11:00", "2026-09-28 12:00", "2026-09-28 13:00", "2026-09-28 14:00", "2026-09-28 15:00", "2026-09-28 16:00", "2026-09-28 17:00", "2026-09-28 18:00", "2026-09-28 19:00", "2026-09-28 20:00", "2026-09-28 21:00", "2026-09-28 22:00", "2026-09-28 23:00", "2026-09-29 00:00", "2026-09-29 01:00", "2026-09-29 02:00", "2026-09-29 03:00", "2026-09-29 04:00", "2026-09-29 05:00", "2026-09-29 06:00", "2026-09-29 07:00", "2026-09-29 08:00", "2026-09-29 09:00", "2026-09-29 10:00", "2026-09-29 11:00", "2026-09-29 12:00", "2026-09-29 13:00", "2026-09-29 14:00", "2026-09-29 15:00", "2026-09-29 16:00", "2026-09-29 17:00", "2026-09-29 18:00", "2026-09-29 19:00", "2026-09-29 20:00", "2026-09-29 21:00"], "lead_h": [1, 2, 3, 4, 5, 6, 7, 8, 9, 10, 11, 12, 13, 14, 15, 16, 17, 18, 19, 20, 21, 22, 23, 24, 25, 26, 27, 28, 29, 30, 31, 32, 33, 34, 35, 36, 37, 38, 39, 40, 41, 42, 43, 44, 45, 46, 47, 48, 49, 50, 51, 52, 53, 54, 55, 56, 57, 58, 59, 60, 61, 62, 63, 64, 65, 66, 67, 68, 69, 70, 71, 72], "precip_mm_h": [0.0, 0.0, 0.0, 0.0, 0.0, 0.0, 0.0, 0.0, 0.0, 0.008, 0.02, 0.032, 0.036, 0.04, 0.016, 0.004, 0.0, 0.008, 0.02, 0.008, 0.0, 0.004, 0.0, 0.0, 0.004, 0.016, 0.0, 0.0, 0.008, 0.04, 0.088, 0.0, 0.056, 0.024, 0.0, 0.0, 0.024, 0.048, 0.032, 0.624, 0.808, 0.008, 0.336, 0.016, 0.0, 0.0, 0.0, 0.0, 0.0, 0.0, 0.0, 0.0, 0.0, 0.0, 0.0, 0.0, 0.016, 0.04, 0.024, 0.008, 0.008, 0.0, 0.008, 0.008, 0.0, 0.008, 0.008, 0.008, 0.0, 0.0, 0.008, 0.0], "accum_mm": [0.0, 0.0, 0.0, 0.0, 0.0, 0.0, 0.0, 0.0, 0.0, 0.008, 0.028, 0.06, 0.096, 0.136, 0.152, 0.156, 0.156, 0.164, 0.184, 0.192, 0.192, 0.196, 0.196, 0.196, 0.2, 0.216, 0.216, 0.216, 0.224, 0.264, 0.352, 0.352, 0.408, 0.432, 0.432, 0.432, 0.456, 0.504, 0.536, 1.16, 1.968, 1.976, 2.312, 2.328, 2.328, 2.328, 2.328, 2.328, 2.328, 2.328, 2.328, 2.328, 2.328, 2.328, 2.328, 2.328, 2.344, 2.384, 2.408, 2.416, 2.424, 2.424, 2.432, 2.44, 2.44, 2.448, 2.456, 2.464, 2.464, 2.464, 2.472, 2.472], "t2m_degC": [19.54, 19.5, 19.25, 19.1, 18.97, 18.89, 18.82, 18.9, 19.03, 19.0, 19.1, 19.08, 19.07, 19.14, 19.12, 19.14, 19.17, 19.17, 19.27, 19.33, 19.36, 19.38, 19.32, 19.1, 18.95, 18.93, 19.1, 19.26, 19.25, 19.19, 19.19, 19.32, 19.41, 19.53, 19.48, 19.5, 19.51, 19.37, 19.42, 19.4, 19.47, 19.61, 19.55, 19.6, 19.57, 19.64, 19.84, 19.83, 19.76, 19.54, 19.45, 19.48, 19.5, 19.46, 19.53, 19.44, 19.23, 19.16, 19.17, 19.2, 19.26, 19.3, 19.43, 19.53, 19.52, 19.6, 19.67, 19.7, 19.84, 19.87, 19.85, 19.8], "wspd_ms": [5.08, 5.71, 6.54, 6.45, 6.42, 6.46, 6.07, 5.66, 4.73, 3.96, 4.19, 3.75, 3.47, 3.15, 2.71, 3.04, 3.37, 3.44, 3.3, 3.84, 3.91, 3.11, 2.26, 3.16, 3.05, 2.38, 2.55, 1.79, 1.62, 1.84, 1.95, 3.6, 4.99, 6.53, 5.59, 5.59, 3.13, 4.11, 3.78, 4.24, 5.27, 5.49, 4.47, 4.6, 5.93, 6.19, 7.05, 5.9, 4.36, 1.47, 1.98, 3.92, 4.55, 4.87, 5.46, 6.24, 5.86, 5.33, 4.96, 4.49, 3.96, 4.25, 4.87, 5.31, 5.45, 4.74, 5.79, 5.18, 3.68, 3.39, 4.18, 4.31]}, "geometry": {"type": "Polygon", "coordinates": [[[-48.80954560503514, -26.31514374835076], [-48.80913280901416, -26.322548908899073], [-48.80831774063743, -26.324969970250162], [-48.81120732569885, -26.330820732316944], [-48.81275405147297, -26.331516756343195], [-48.813822582388255, -26.33395069623463], [-48.822705528857774, -26.33202552556838], [-48.82004157964405, -26.328574498309486], [-48.81879392772175, -26.324768972292727], [-48.819901245590415, -26.32143259201697], [-48.82194419804804, -26.31959980370657], [-48.821042663713584, -26.315782861995178], [-48.81910509568398, -26.314222585411567], [-48.817083843857006, -26.31373412990391], [-48.81403440458931, -26.314811265380364], [-48.80954560503514, -26.31514374835076]]]}}, {"id": "13", "type": "Feature", "properties": {"OBJECTID": 15, "Shape_Leng": 6924.37002311, "Shape_Area": 2552204.22681, "Nome_Bairr": "GUANABARA", "name": "Guanabara", "rain_total_mm": 2.472, "temp_mean_degC": 19.4, "wind_mean_ms": 4.36, "wind_dir_deg": 64, "coverage_pct": 100.0, "run_time_utc": "2026-09-27 00:00:00", "window_local": "2026-09-26 22:00 .. 2026-09-29 21:00", "source": "CPTEC/INPE WRF AMS 7km", "valid_times_local": ["2026-09-26 22:00", "2026-09-26 23:00", "2026-09-27 00:00", "2026-09-27 01:00", "2026-09-27 02:00", "2026-09-27 03:00", "2026-09-27 04:00", "2026-09-27 05:00", "2026-09-27 06:00", "2026-09-27 07:00", "2026-09-27 08:00", "2026-09-27 09:00", "2026-09-27 10:00", "2026-09-27 11:00", "2026-09-27 12:00", "2026-09-27 13:00", "2026-09-27 14:00", "2026-09-27 15:00", "2026-09-27 16:00", "2026-09-27 17:00", "2026-09-27 18:00", "2026-09-27 19:00", "2026-09-27 20:00", "2026-09-27 21:00", "2026-09-27 22:00", "2026-09-27 23:00", "2026-09-28 00:00", "2026-09-28 01:00", "2026-09-28 02:00", "2026-09-28 03:00", "2026-09-28 04:00", "2026-09-28 05:00", "2026-09-28 06:00", "2026-09-28 07:00", "2026-09-28 08:00", "2026-09-28 09:00", "2026-09-28 10:00", "2026-09-28 11:00", "2026-09-28 12:00", "2026-09-28 13:00", "2026-09-28 14:00", "2026-09-28 15:00", "2026-09-28 16:00", "2026-09-28 17:00", "2026-09-28 18:00", "2026-09-28 19:00", "2026-09-28 20:00", "2026-09-28 21:00", "2026-09-28 22:00", "2026-09-28 23:00", "2026-09-29 00:00", "2026-09-29 01:00", "2026-09-29 02:00", "2026-09-29 03:00", "2026-09-29 04:00", "2026-09-29 05:00", "2026-09-29 06:00", "2026-09-29 07:00", "2026-09-29 08:00", "2026-09-29 09:00", "2026-09-29 10:00", "2026-09-29 11:00", "2026-09-29 12:00", "2026-09-29 13:00", "2026-09-29 14:00", "2026-09-29 15:00", "2026-09-29 16:00", "2026-09-29 17:00", "2026-09-29 18:00", "2026-09-29 19:00", "2026-09-29 20:00", "2026-09-29 21:00"], "lead_h": [1, 2, 3, 4, 5, 6, 7, 8, 9, 10, 11, 12, 13, 14, 15, 16, 17, 18, 19, 20, 21, 22, 23, 24, 25, 26, 27, 28, 29, 30, 31, 32, 33, 34, 35, 36, 37, 38, 39, 40, 41, 42, 43, 44, 45, 46, 47, 48, 49, 50, 51, 52, 53, 54, 55, 56, 57, 58, 59, 60, 61, 62, 63, 64, 65, 66, 67, 68, 69, 70, 71, 72], "precip_mm_h": [0.0, 0.0, 0.0, 0.0, 0.0, 0.0, 0.0, 0.0, 0.0, 0.008, 0.02, 0.032, 0.036, 0.04, 0.016, 0.004, 0.0, 0.008, 0.02, 0.008, 0.0, 0.004, 0.0, 0.0, 0.004, 0.016, 0.0, 0.0, 0.008, 0.04, 0.088, 0.0, 0.056, 0.024, 0.0, 0.0, 0.024, 0.048, 0.032, 0.624, 0.808, 0.008, 0.336, 0.016, 0.0, 0.0, 0.0, 0.0, 0.0, 0.0, 0.0, 0.0, 0.0, 0.0, 0.0, 0.0, 0.016, 0.04, 0.024, 0.008, 0.008, 0.0, 0.008, 0.008, 0.0, 0.008, 0.008, 0.008, 0.0, 0.0, 0.008, 0.0], "accum_mm": [0.0, 0.0, 0.0, 0.0, 0.0, 0.0, 0.0, 0.0, 0.0, 0.008, 0.028, 0.06, 0.096, 0.136, 0.152, 0.156, 0.156, 0.164, 0.184, 0.192, 0.192, 0.196, 0.196, 0.196, 0.2, 0.216, 0.216, 0.216, 0.224, 0.264, 0.352, 0.352, 0.408, 0.432, 0.432, 0.432, 0.456, 0.504, 0.536, 1.16, 1.968, 1.976, 2.312, 2.328, 2.328, 2.328, 2.328, 2.328, 2.328, 2.328, 2.328, 2.328, 2.328, 2.328, 2.328, 2.328, 2.344, 2.384, 2.408, 2.416, 2.424, 2.424, 2.432, 2.44, 2.44, 2.448, 2.456, 2.464, 2.464, 2.464, 2.472, 2.472], "t2m_degC": [19.54, 19.5, 19.25, 19.1, 18.97, 18.89, 18.82, 18.9, 19.03, 19.0, 19.1, 19.08, 19.07, 19.14, 19.12, 19.14, 19.17, 19.17, 19.27, 19.33, 19.36, 19.38, 19.32, 19.1, 18.95, 18.93, 19.1, 19.26, 19.25, 19.19, 19.19, 19.32, 19.41, 19.53, 19.48, 19.5, 19.51, 19.37, 19.42, 19.4, 19.47, 19.61, 19.55, 19.6, 19.57, 19.64, 19.84, 19.83, 19.76, 19.54, 19.45, 19.48, 19.5, 19.46, 19.53, 19.44, 19.23, 19.16, 19.17, 19.2, 19.26, 19.3, 19.43, 19.53, 19.52, 19.6, 19.67, 19.7, 19.84, 19.87, 19.85, 19.8], "wspd_ms": [5.08, 5.71, 6.54, 6.45, 6.42, 6.46, 6.07, 5.66, 4.73, 3.96, 4.19, 3.75, 3.47, 3.15, 2.71, 3.04, 3.37, 3.44, 3.3, 3.84, 3.91, 3.11, 2.26, 3.16, 3.05, 2.38, 2.55, 1.79, 1.62, 1.84, 1.95, 3.6, 4.99, 6.53, 5.59, 5.59, 3.13, 4.11, 3.78, 4.24, 5.27, 5.49, 4.47, 4.6, 5.93, 6.19, 7.05, 5.9, 4.36, 1.47, 1.98, 3.92, 4.55, 4.87, 5.46, 6.24, 5.86, 5.33, 4.96, 4.49, 3.96, 4.25, 4.87, 5.31, 5.45, 4.74, 5.79, 5.18, 3.68, 3.39, 4.18, 4.31]}, "geometry": {"type": "Polygon", "coordinates": [[[-48.8212003370133, -26.316215550099546], [-48.82194419804804, -26.31959980370657], [-48.819901245590415, -26.32143259201697], [-48.81879392772175, -26.324768972292727], [-48.82004157964405, -26.328574498309486], [-48.822705528857774, -26.33202552556838], [-48.826653212586415, -26.330962620718335], [-48.83024441778909, -26.330907546531886], [-48.835060445799954, -26.327311908902047], [-48.838668568769904, -26.3224083814834], [-48.83107114660746, -26.317332282296604], [-48.83081732085531, -26.31437863358714], [-48.828454873975474, -26.314028957182536], [-48.82563845908568, -26.312386945299142], [-48.82327085539139, -26.315245259718587], [-48.82441589259845, -26.315569129857696], [-48.82447974495135, -26.31634807251379], [-48.82361141320611, -26.316731176178184], [-48.8212003370133, -26.316215550099546]]]}}, {"id": "14", "type": "Feature", "properties": {"OBJECTID": 16, "Shape_Leng": 5110.9923832, "Shape_Area": 1472671.76372, "Nome_Bairr": "ZONA INDUSTRIAL TUPY", "name": "Zona Industrial Tupy", "rain_total_mm": 2.459, "temp_mean_degC": 19.4, "wind_mean_ms": 4.31, "wind_dir_deg": 65, "coverage_pct": 100.0, "run_time_utc": "2026-09-27 00:00:00", "window_local": "2026-09-26 22:00 .. 2026-09-29 21:00", "source": "CPTEC/INPE WRF AMS 7km", "valid_times_local": ["2026-09-26 22:00", "2026-09-26 23:00", "2026-09-27 00:00", "2026-09-27 01:00", "2026-09-27 02:00", "2026-09-27 03:00", "2026-09-27 04:00", "2026-09-27 05:00", "2026-09-27 06:00", "2026-09-27 07:00", "2026-09-27 08:00", "2026-09-27 09:00", "2026-09-27 10:00", "2026-09-27 11:00", "2026-09-27 12:00", "2026-09-27 13:00", "2026-09-27 14:00", "2026-09-27 15:00", "2026-09-27 16:00", "2026-09-27 17:00", "2026-09-27 18:00", "2026-09-27 19:00", "2026-09-27 20:00", "2026-09-27 21:00", "2026-09-27 22:00", "2026-09-27 23:00", "2026-09-28 00:00", "2026-09-28 01:00", "2026-09-28 02:00", "2026-09-28 03:00", "2026-09-28 04:00", "2026-09-28 05:00", "2026-09-28 06:00", "2026-09-28 07:00", "2026-09-28 08:00", "2026-09-28 09:00", "2026-09-28 10:00", "2026-09-28 11:00", "2026-09-28 12:00", "2026-09-28 13:00", "2026-09-28 14:00", "2026-09-28 15:00", "2026-09-28 16:00", "2026-09-28 17:00", "2026-09-28 18:00", "2026-09-28 19:00", "2026-09-28 20:00", "2026-09-28 21:00", "2026-09-28 22:00", "2026-09-28 23:00", "2026-09-29 00:00", "2026-09-29 01:00", "2026-09-29 02:00", "2026-09-29 03:00", "2026-09-29 04:00", "2026-09-29 05:00", "2026-09-29 06:00", "2026-09-29 07:00", "2026-09-29 08:00", "2026-09-29 09:00", "2026-09-29 10:00", "2026-09-29 11:00", "2026-09-29 12:00", "2026-09-29 13:00", "2026-09-29 14:00", "2026-09-29 15:00", "2026-09-29 16:00", "2026-09-29 17:00", "2026-09-29 18:00", "2026-09-29 19:00", "2026-09-29 20:00", "2026-09-29 21:00"], "lead_h": [1, 2, 3, 4, 5, 6, 7, 8, 9, 10, 11, 12, 13, 14, 15, 16, 17, 18, 19, 20, 21, 22, 23, 24, 25, 26, 27, 28, 29, 30, 31, 32, 33, 34, 35, 36, 37, 38, 39, 40, 41, 42, 43, 44, 45, 46, 47, 48, 49, 50, 51, 52, 53, 54, 55, 56, 57, 58, 59, 60, 61, 62, 63, 64, 65, 66, 67, 68, 69, 70, 71, 72], "precip_mm_h": [0.0, 0.0, 0.0, 0.0, 0.0, 0.0, 0.0, 0.0, 0.0, 0.011, 0.026, 0.038, 0.036, 0.04, 0.016, 0.004, 0.006, 0.014, 0.026, 0.008, 0.003, 0.004, 0.0, 0.0, 0.004, 0.01, 0.013, 0.006, 0.008, 0.04, 0.031, 0.006, 0.05, 0.024, 0.0, 0.0, 0.018, 0.022, 0.013, 0.445, 0.968, 0.193, 0.132, 0.086, 0.0, 0.0, 0.0, 0.0, 0.0, 0.0, 0.0, 0.0, 0.0, 0.0, 0.0, 0.0, 0.022, 0.04, 0.024, 0.014, 0.008, 0.0, 0.008, 0.008, 0.0, 0.008, 0.008, 0.014, 0.0, 0.0, 0.002, 0.0], "accum_mm": [0.0, 0.0, 0.0, 0.0, 0.0, 0.0, 0.0, 0.0, 0.0, 0.011, 0.037, 0.075, 0.111, 0.151, 0.167, 0.171, 0.177, 0.191, 0.217, 0.225, 0.228, 0.232, 0.232, 0.232, 0.236, 0.246, 0.259, 0.265, 0.273, 0.313, 0.344, 0.35, 0.4, 0.424, 0.424, 0.424, 0.442, 0.464, 0.477, 0.922, 1.89, 2.083, 2.215, 2.301, 2.301, 2.301, 2.301, 2.301, 2.301, 2.301, 2.301, 2.301, 2.301, 2.301, 2.301, 2.301, 2.323, 2.363, 2.387, 2.401, 2.409, 2.409, 2.417, 2.425, 2.425, 2.433, 2.441, 2.455, 2.455, 2.455, 2.457, 2.457], "t2m_degC": [19.57, 19.57, 19.31, 19.13, 19.0, 18.91, 18.85, 18.96, 19.06, 19.06, 19.1, 19.12, 19.12, 19.18, 19.17, 19.18, 19.2, 19.2, 19.3, 19.38, 19.4, 19.4, 19.36, 19.18, 19.06, 19.06, 19.18, 19.3, 19.27, 19.21, 19.24, 19.33, 19.45, 19.55, 19.49, 19.52, 19.54, 19.42, 19.45, 19.44, 19.44, 19.62, 19.59, 19.62, 19.58, 19.67, 19.81, 19.83, 19.79, 19.59, 19.5, 19.52, 19.55, 19.5, 19.56, 19.42, 19.21, 19.16, 19.19, 19.22, 19.28, 19.3, 19.45, 19.54, 19.52, 19.61, 19.68, 19.75, 19.86, 19.88, 19.85, 19.82], "wspd_ms": [4.65, 5.2, 6.25, 6.41, 6.42, 6.38, 6.0, 5.61, 4.71, 3.96, 4.1, 3.62, 3.22, 3.0, 2.53, 2.94, 3.16, 3.29, 3.27, 3.97, 3.97, 3.25, 2.07, 3.39, 3.1, 2.34, 2.5, 1.41, 1.56, 1.87, 2.04, 3.45, 5.04, 6.47, 5.39, 5.67, 3.37, 3.98, 3.89, 4.13, 5.11, 5.72, 4.57, 4.61, 5.89, 6.19, 7.1, 5.86, 4.46, 1.21, 2.13, 4.23, 4.63, 5.05, 5.38, 6.04, 5.74, 5.16, 4.58, 4.51, 4.08, 4.33, 5.05, 5.44, 5.8, 4.86, 4.9, 5.24, 3.5, 3.4, 3.98, 4.15]}, "geometry": {"type": "Polygon", "coordinates": [[[-48.809205085745255, -26.300774686818116], [-48.81409943442323, -26.295455507310702], [-48.81620166646747, -26.29465366934878], [-48.81140268267592, -26.28922606912494], [-48.81014323826986, -26.284456117054148], [-48.80882809032805, -26.284522856008973], [-48.80502214789349, -26.288457094689562], [-48.80055590226615, -26.293409030157157], [-48.800362676727545, -26.295238077654076], [-48.8004003166283, -26.296129644460496], [-48.809205085745255, -26.300774686818116]]]}}, {"id": "15", "type": "Feature", "properties": {"OBJECTID": 17, "Shape_Leng": 7324.89528857, "Shape_Area": 2717169.17522, "Nome_Bairr": "COMASA", "name": "Comasa", "rain_total_mm": 2.456, "temp_mean_degC": 19.4, "wind_mean_ms": 4.31, "wind_dir_deg": 65, "coverage_pct": 100.0, "run_time_utc": "2026-09-27 00:00:00", "window_local": "2026-09-26 22:00 .. 2026-09-29 21:00", "source": "CPTEC/INPE WRF AMS 7km", "valid_times_local": ["2026-09-26 22:00", "2026-09-26 23:00", "2026-09-27 00:00", "2026-09-27 01:00", "2026-09-27 02:00", "2026-09-27 03:00", "2026-09-27 04:00", "2026-09-27 05:00", "2026-09-27 06:00", "2026-09-27 07:00", "2026-09-27 08:00", "2026-09-27 09:00", "2026-09-27 10:00", "2026-09-27 11:00", "2026-09-27 12:00", "2026-09-27 13:00", "2026-09-27 14:00", "2026-09-27 15:00", "2026-09-27 16:00", "2026-09-27 17:00", "2026-09-27 18:00", "2026-09-27 19:00", "2026-09-27 20:00", "2026-09-27 21:00", "2026-09-27 22:00", "2026-09-27 23:00", "2026-09-28 00:00", "2026-09-28 01:00", "2026-09-28 02:00", "2026-09-28 03:00", "2026-09-28 04:00", "2026-09-28 05:00", "2026-09-28 06:00", "2026-09-28 07:00", "2026-09-28 08:00", "2026-09-28 09:00", "2026-09-28 10:00", "2026-09-28 11:00", "2026-09-28 12:00", "2026-09-28 13:00", "2026-09-28 14:00", "2026-09-28 15:00", "2026-09-28 16:00", "2026-09-28 17:00", "2026-09-28 18:00", "2026-09-28 19:00", "2026-09-28 20:00", "2026-09-28 21:00", "2026-09-28 22:00", "2026-09-28 23:00", "2026-09-29 00:00", "2026-09-29 01:00", "2026-09-29 02:00", "2026-09-29 03:00", "2026-09-29 04:00", "2026-09-29 05:00", "2026-09-29 06:00", "2026-09-29 07:00", "2026-09-29 08:00", "2026-09-29 09:00", "2026-09-29 10:00", "2026-09-29 11:00", "2026-09-29 12:00", "2026-09-29 13:00", "2026-09-29 14:00", "2026-09-29 15:00", "2026-09-29 16:00", "2026-09-29 17:00", "2026-09-29 18:00", "2026-09-29 19:00", "2026-09-29 20:00", "2026-09-29 21:00"], "lead_h": [1, 2, 3, 4, 5, 6, 7, 8, 9, 10, 11, 12, 13, 14, 15, 16, 17, 18, 19, 20, 21, 22, 23, 24, 25, 26, 27, 28, 29, 30, 31, 32, 33, 34, 35, 36, 37, 38, 39, 40, 41, 42, 43, 44, 45, 46, 47, 48, 49, 50, 51, 52, 53, 54, 55, 56, 57, 58, 59, 60, 61, 62, 63, 64, 65, 66, 67, 68, 69, 70, 71, 72], "precip_mm_h": [0.0, 0.0, 0.0, 0.0, 0.0, 0.0, 0.0, 0.0, 0.0, 0.012, 0.028, 0.04, 0.036, 0.04, 0.016, 0.004, 0.008, 0.016, 0.028, 0.008, 0.004, 0.004, 0.0, 0.0, 0.004, 0.008, 0.016, 0.008, 0.008, 0.04, 0.016, 0.008, 0.048, 0.024, 0.0, 0.0, 0.016, 0.016, 0.008, 0.4, 1.008, 0.24, 0.08, 0.104, 0.0, 0.0, 0.0, 0.0, 0.0, 0.0, 0.0, 0.0, 0.0, 0.0, 0.0, 0.0, 0.024, 0.04, 0.024, 0.016, 0.008, 0.0, 0.008, 0.008, 0.0, 0.008, 0.008, 0.016, 0.0, 0.0, 0.0, 0.0], "accum_mm": [0.0, 0.0, 0.0, 0.0, 0.0, 0.0, 0.0, 0.0, 0.0, 0.012, 0.04, 0.08, 0.116, 0.156, 0.172, 0.176, 0.184, 0.2, 0.228, 0.236, 0.24, 0.244, 0.244, 0.244, 0.248, 0.256, 0.272, 0.28, 0.288, 0.328, 0.344, 0.352, 0.4, 0.424, 0.424, 0.424, 0.44, 0.456, 0.464, 0.864, 1.872, 2.112, 2.192, 2.296, 2.296, 2.296, 2.296, 2.296, 2.296, 2.296, 2.296, 2.296, 2.296, 2.296, 2.296, 2.296, 2.32, 2.36, 2.384, 2.4, 2.408, 2.408, 2.416, 2.424, 2.424, 2.432, 2.44, 2.456, 2.456, 2.456, 2.456, 2.456], "t2m_degC": [19.57, 19.58, 19.33, 19.14, 19.01, 18.92, 18.86, 18.97, 19.07, 19.07, 19.1, 19.12, 19.13, 19.19, 19.18, 19.18, 19.22, 19.21, 19.31, 19.4, 19.41, 19.41, 19.37, 19.2, 19.08, 19.09, 19.2, 19.31, 19.28, 19.21, 19.26, 19.34, 19.46, 19.55, 19.49, 19.53, 19.54, 19.43, 19.46, 19.45, 19.44, 19.62, 19.6, 19.63, 19.59, 19.68, 19.8, 19.83, 19.8, 19.61, 19.51, 19.54, 19.56, 19.5, 19.56, 19.42, 19.2, 19.16, 19.19, 19.22, 19.28, 19.3, 19.46, 19.54, 19.53, 19.61, 19.69, 19.76, 19.87, 19.89, 19.86, 19.82], "wspd_ms": [4.54, 5.07, 6.18, 6.4, 6.42, 6.36, 5.98, 5.6, 4.71, 3.96, 4.08, 3.59, 3.16, 2.97, 2.48, 2.91, 3.11, 3.25, 3.26, 4.0, 3.99, 3.29, 2.03, 3.45, 3.12, 2.34, 2.49, 1.32, 1.54, 1.88, 2.06, 3.42, 5.05, 6.45, 5.34, 5.68, 3.43, 3.95, 3.92, 4.11, 5.16, 5.79, 4.6, 4.62, 5.88, 6.19, 7.12, 5.85, 4.49, 1.19, 2.18, 4.31, 4.66, 5.09, 5.36, 5.99, 5.72, 5.11, 4.49, 4.52, 4.11, 4.36, 5.1, 5.48, 5.89, 4.89, 4.77, 5.26, 3.46, 3.4, 3.93, 4.11]}, "geometry": {"type": "Polygon", "coordinates": [[[-48.79623530687622, -26.271593692404327], [-48.79243112978643, -26.27957736991648], [-48.79154852558341, -26.285077825779148], [-48.79367511496471, -26.28506922199189], [-48.798779235980014, -26.28304242983977], [-48.80397711978549, -26.28686464463809], [-48.80326766741404, -26.287763756671385], [-48.80502214789349, -26.288457094689562], [-48.80882809032805, -26.284522856008973], [-48.81014323826986, -26.284456117054148], [-48.8107473972715, -26.28299246693437], [-48.8116684197375, -26.271013548363474], [-48.81086905921632, -26.269900820733092], [-48.808314943394755, -26.27176699422152], [-48.807025915370566, -26.272007867228073], [-48.80164088766688, -26.271155694282836], [-48.79901483514457, -26.27193098143489], [-48.79623530687622, -26.271593692404327]]]}}, {"id": "16", "type": "Feature", "properties": {"OBJECTID": 18, "Shape_Leng": 16152.9373353, "Shape_Area": 9435073.21734, "Nome_Bairr": "AVENTUREIRO", "name": "Aventureiro", "rain_total_mm": 2.456, "temp_mean_degC": 19.4, "wind_mean_ms": 4.3, "wind_dir_deg": 65, "coverage_pct": 100.0, "run_time_utc": "2026-09-27 00:00:00", "window_local": "2026-09-26 22:00 .. 2026-09-29 21:00", "source": "CPTEC/INPE WRF AMS 7km", "valid_times_local": ["2026-09-26 22:00", "2026-09-26 23:00", "2026-09-27 00:00", "2026-09-27 01:00", "2026-09-27 02:00", "2026-09-27 03:00", "2026-09-27 04:00", "2026-09-27 05:00", "2026-09-27 06:00", "2026-09-27 07:00", "2026-09-27 08:00", "2026-09-27 09:00", "2026-09-27 10:00", "2026-09-27 11:00", "2026-09-27 12:00", "2026-09-27 13:00", "2026-09-27 14:00", "2026-09-27 15:00", "2026-09-27 16:00", "2026-09-27 17:00", "2026-09-27 18:00", "2026-09-27 19:00", "2026-09-27 20:00", "2026-09-27 21:00", "2026-09-27 22:00", "2026-09-27 23:00", "2026-09-28 00:00", "2026-09-28 01:00", "2026-09-28 02:00", "2026-09-28 03:00", "2026-09-28 04:00", "2026-09-28 05:00", "2026-09-28 06:00", "2026-09-28 07:00", "2026-09-28 08:00", "2026-09-28 09:00", "2026-09-28 10:00", "2026-09-28 11:00", "2026-09-28 12:00", "2026-09-28 13:00", "2026-09-28 14:00", "2026-09-28 15:00", "2026-09-28 16:00", "2026-09-28 17:00", "2026-09-28 18:00", "2026-09-28 19:00", "2026-09-28 20:00", "2026-09-28 21:00", "2026-09-28 22:00", "2026-09-28 23:00", "2026-09-29 00:00", "2026-09-29 01:00", "2026-09-29 02:00", "2026-09-29 03:00", "2026-09-29 04:00", "2026-09-29 05:00", "2026-09-29 06:00", "2026-09-29 07:00", "2026-09-29 08:00", "2026-09-29 09:00", "2026-09-29 10:00", "2026-09-29 11:00", "2026-09-29 12:00", "2026-09-29 13:00", "2026-09-29 14:00", "2026-09-29 15:00", "2026-09-29 16:00", "2026-09-29 17:00", "2026-09-29 18:00", "2026-09-29 19:00", "2026-09-29 20:00", "2026-09-29 21:00"], "lead_h": [1, 2, 3, 4, 5, 6, 7, 8, 9, 10, 11, 12, 13, 14, 15, 16, 17, 18, 19, 20, 21, 22, 23, 24, 25, 26, 27, 28, 29, 30, 31, 32, 33, 34, 35, 36, 37, 38, 39, 40, 41, 42, 43, 44, 45, 46, 47, 48, 49, 50, 51, 52, 53, 54, 55, 56, 57, 58, 59, 60, 61, 62, 63, 64, 65, 66, 67, 68, 69, 70, 71, 72], "precip_mm_h": [0.0, 0.0, 0.0, 0.0, 0.0, 0.0, 0.0, 0.0, 0.0, 0.012, 0.028, 0.04, 0.036, 0.04, 0.016, 0.004, 0.008, 0.016, 0.028, 0.008, 0.004, 0.004, 0.0, 0.0, 0.004, 0.008, 0.016, 0.008, 0.008, 0.04, 0.016, 0.008, 0.048, 0.024, 0.0, 0.0, 0.016, 0.016, 0.008, 0.401, 1.007, 0.24, 0.08, 0.104, 0.0, 0.0, 0.0, 0.0, 0.0, 0.0, 0.0, 0.0, 0.0, 0.0, 0.0, 0.0, 0.024, 0.04, 0.024, 0.016, 0.008, 0.0, 0.008, 0.008, 0.0, 0.008, 0.008, 0.016, 0.0, 0.0, 0.0, 0.0], "accum_mm": [0.0, 0.0, 0.0, 0.0, 0.0, 0.0, 0.0, 0.0, 0.0, 0.012, 0.04, 0.08, 0.116, 0.156, 0.172, 0.176, 0.184, 0.2, 0.228, 0.236, 0.24, 0.244, 0.244, 0.244, 0.248, 0.256, 0.272, 0.28, 0.288, 0.328, 0.344, 0.352, 0.4, 0.424, 0.424, 0.424, 0.44, 0.456, 0.464, 0.865, 1.872, 2.112, 2.192, 2.296, 2.296, 2.296, 2.296, 2.296, 2.296, 2.296, 2.296, 2.296, 2.296, 2.296, 2.296, 2.296, 2.32, 2.36, 2.384, 2.4, 2.408, 2.408, 2.416, 2.424, 2.424, 2.432, 2.44, 2.456, 2.456, 2.456, 2.456, 2.456], "t2m_degC": [19.57, 19.58, 19.33, 19.14, 19.01, 18.92, 18.86, 18.97, 19.07, 19.07, 19.1, 19.12, 19.13, 19.19, 19.18, 19.18, 19.22, 19.21, 19.31, 19.4, 19.41, 19.41, 19.37, 19.2, 19.08, 19.09, 19.2, 19.31, 19.28, 19.21, 19.26, 19.34, 19.46, 19.55, 19.49, 19.53, 19.54, 19.43, 19.46, 19.45, 19.44, 19.62, 19.6, 19.63, 19.59, 19.68, 19.8, 19.83, 19.8, 19.61, 19.51, 19.54, 19.56, 19.5, 19.56, 19.42, 19.2, 19.16, 19.19, 19.22, 19.28, 19.3, 19.46, 19.54, 19.53, 19.61, 19.69, 19.76, 19.87, 19.89, 19.86, 19.82], "wspd_ms": [4.54, 5.07, 6.18, 6.4, 6.42, 6.36, 5.98, 5.6, 4.71, 3.96, 4.08, 3.59, 3.16, 2.97, 2.48, 2.91, 3.11, 3.25, 3.26, 4.0, 3.99, 3.29, 2.03, 3.45, 3.12, 2.34, 2.49, 1.32, 1.54, 1.88, 2.06, 3.42, 5.05, 6.45, 5.34, 5.68, 3.43, 3.95, 3.92, 4.11, 5.16, 5.79, 4.6, 4.62, 5.88, 6.19, 7.12, 5.85, 4.49, 1.19, 2.18, 4.31, 4.66, 5.09, 5.36, 5.99, 5.72, 5.11, 4.49, 4.52, 4.11, 4.36, 5.1, 5.48, 5.89, 4.89, 4.77, 5.26, 3.46, 3.4, 3.93, 4.11]}, "geometry": {"type": "Polygon", "coordinates": [[[-48.795578375704984, -26.256705318747922], [-48.79788843459657, -26.2558262960725], [-48.79910303064407, -26.256843227026007], [-48.79918419209246, -26.255187758087224], [-48.80022088056612, -26.25624419164394], [-48.80078787502004, -26.25483876844863], [-48.80161254422541, -26.255514138488287], [-48.8049633434686, -26.255326684543196], [-48.80958281660129, -26.25619121062555], [-48.81152755521962, -26.254338058146907], [-48.81448706378403, -26.257487555307147], [-48.815369915629994, -26.2564609823676], [-48.81907535080471, -26.259430309784225], [-48.81974259495264, -26.25889530315816], [-48.82254907886729, -26.261136150688092], [-48.83188962882863, -26.25922124416887], [-48.832260513677426, -26.24903064574269], [-48.82513502859016, -26.247212028091695], [-48.821393256850314, -26.248248528433194], [-48.81850682692526, -26.23908713634633], [-48.817746392743025, -26.234646477835444], [-48.808596160936304, -26.232269573876906], [-48.80251532058122, -26.2253242302761], [-48.788424615144926, -26.23587809513053], [-48.79177309369804, -26.236394961054074], [-48.7901559177914, -26.23827620239006], [-48.79136862591457, -26.23953642101508], [-48.788948031931405, -26.239421378077523], [-48.7915327011639, -26.242679437268364], [-48.788923809333625, -26.244903568073624], [-48.78985503313666, -26.245811002956344], [-48.792181021169405, -26.245280742493797], [-48.79193334010321, -26.24846782957186], [-48.795578375704984, -26.256705318747922]]]}}, {"id": "17", "type": "Feature", "properties": {"OBJECTID": 19, "Shape_Leng": 7979.50819369, "Shape_Area": 2134901.24878, "Nome_Bairr": "JARDIM SOFIA", "name": "Jardim Sofia", "rain_total_mm": 2.515, "temp_mean_degC": 19.4, "wind_mean_ms": 4.26, "wind_dir_deg": 66, "coverage_pct": 100.0, "run_time_utc": "2026-09-27 00:00:00", "window_local": "2026-09-26 22:00 .. 2026-09-29 21:00", "source": "CPTEC/INPE WRF AMS 7km", "valid_times_local": ["2026-09-26 22:00", "2026-09-26 23:00", "2026-09-27 00:00", "2026-09-27 01:00", "2026-09-27 02:00", "2026-09-27 03:00", "2026-09-27 04:00", "2026-09-27 05:00", "2026-09-27 06:00", "2026-09-27 07:00", "2026-09-27 08:00", "2026-09-27 09:00", "2026-09-27 10:00", "2026-09-27 11:00", "2026-09-27 12:00", "2026-09-27 13:00", "2026-09-27 14:00", "2026-09-27 15:00", "2026-09-27 16:00", "2026-09-27 17:00", "2026-09-27 18:00", "2026-09-27 19:00", "2026-09-27 20:00", "2026-09-27 21:00", "2026-09-27 22:00", "2026-09-27 23:00", "2026-09-28 00:00", "2026-09-28 01:00", "2026-09-28 02:00", "2026-09-28 03:00", "2026-09-28 04:00", "2026-09-28 05:00", "2026-09-28 06:00", "2026-09-28 07:00", "2026-09-28 08:00", "2026-09-28 09:00", "2026-09-28 10:00", "2026-09-28 11:00", "2026-09-28 12:00", "2026-09-28 13:00", "2026-09-28 14:00", "2026-09-28 15:00", "2026-09-28 16:00", "2026-09-28 17:00", "2026-09-28 18:00", "2026-09-28 19:00", "2026-09-28 20:00", "2026-09-28 21:00", "2026-09-28 22:00", "2026-09-28 23:00", "2026-09-29 00:00", "2026-09-29 01:00", "2026-09-29 02:00", "2026-09-29 03:00", "2026-09-29 04:00", "2026-09-29 05:00", "2026-09-29 06:00", "2026-09-29 07:00", "2026-09-29 08:00", "2026-09-29 09:00", "2026-09-29 10:00", "2026-09-29 11:00", "2026-09-29 12:00", "2026-09-29 13:00", "2026-09-29 14:00", "2026-09-29 15:00", "2026-09-29 16:00", "2026-09-29 17:00", "2026-09-29 18:00", "2026-09-29 19:00", "2026-09-29 20:00", "2026-09-29 21:00"], "lead_h": [1, 2, 3, 4, 5, 6, 7, 8, 9, 10, 11, 12, 13, 14, 15, 16, 17, 18, 19, 20, 21, 22, 23, 24, 25, 26, 27, 28, 29, 30, 31, 32, 33, 34, 35, 36, 37, 38, 39, 40, 41, 42, 43, 44, 45, 46, 47, 48, 49, 50, 51, 52, 53, 54, 55, 56, 57, 58, 59, 60, 61, 62, 63, 64, 65, 66, 67, 68, 69, 70, 71, 72], "precip_mm_h": [0.0, 0.0, 0.0, 0.0, 0.0, 0.0, 0.0, 0.0, 0.0, 0.015, 0.031, 0.043, 0.038, 0.041, 0.018, 0.006, 0.007, 0.017, 0.029, 0.015, 0.009, 0.003, 0.001, 0.0, 0.003, 0.009, 0.019, 0.006, 0.006, 0.035, 0.013, 0.006, 0.062, 0.05, 0.0, 0.0, 0.016, 0.014, 0.006, 0.572, 0.896, 0.2, 0.078, 0.088, 0.0, 0.0, 0.0, 0.0, 0.0, 0.0, 0.0, 0.0, 0.0, 0.0, 0.0, 0.0, 0.024, 0.038, 0.026, 0.014, 0.006, 0.002, 0.006, 0.008, 0.002, 0.008, 0.01, 0.014, 0.0, 0.002, 0.002, 0.0], "accum_mm": [0.0, 0.0, 0.0, 0.0, 0.0, 0.0, 0.0, 0.0, 0.0, 0.015, 0.046, 0.089, 0.127, 0.168, 0.186, 0.192, 0.199, 0.216, 0.245, 0.26, 0.269, 0.272, 0.273, 0.273, 0.276, 0.285, 0.304, 0.31, 0.316, 0.351, 0.364, 0.37, 0.432, 0.482, 0.482, 0.482, 0.498, 0.512, 0.518, 1.09, 1.986, 2.186, 2.264, 2.352, 2.352, 2.352, 2.352, 2.352, 2.352, 2.352, 2.352, 2.352, 2.352, 2.352, 2.352, 2.352, 2.376, 2.414, 2.44, 2.454, 2.46, 2.462, 2.468, 2.476, 2.478, 2.486, 2.496, 2.51, 2.51, 2.512, 2.514, 2.514], "t2m_degC": [19.59, 19.6, 19.34, 19.14, 19.03, 18.92, 18.86, 18.97, 19.06, 19.03, 19.06, 19.09, 19.13, 19.2, 19.2, 19.2, 19.22, 19.21, 19.3, 19.4, 19.41, 19.41, 19.38, 19.22, 19.1, 19.09, 19.19, 19.32, 19.29, 19.22, 19.26, 19.33, 19.44, 19.54, 19.49, 19.52, 19.55, 19.43, 19.46, 19.46, 19.44, 19.61, 19.6, 19.63, 19.6, 19.71, 19.82, 19.83, 19.8, 19.61, 19.51, 19.54, 19.56, 19.5, 19.56, 19.42, 19.21, 19.16, 19.19, 19.22, 19.28, 19.3, 19.45, 19.53, 19.52, 19.6, 19.68, 19.75, 19.85, 19.87, 19.85, 19.82], "wspd_ms": [4.5, 5.07, 6.25, 6.43, 6.41, 6.36, 6.01, 5.62, 4.71, 3.94, 4.07, 3.58, 3.17, 3.0, 2.52, 2.96, 3.13, 3.26, 3.23, 4.0, 4.05, 3.38, 2.07, 3.43, 3.01, 2.33, 2.49, 1.31, 1.49, 1.85, 2.03, 3.3, 4.89, 6.36, 5.27, 5.65, 3.43, 3.9, 3.93, 4.14, 5.12, 5.64, 4.63, 4.64, 5.91, 6.19, 7.07, 5.8, 4.37, 1.12, 2.1, 4.18, 4.51, 4.94, 5.21, 5.87, 5.6, 5.04, 4.39, 4.38, 4.04, 4.33, 4.98, 5.39, 5.74, 4.87, 4.81, 5.21, 3.3, 3.23, 3.82, 4.07]}, "geometry": {"type": "Polygon", "coordinates": [[[-48.826433043004805, -26.228437670940604], [-48.828190577448865, -26.232914712813518], [-48.82919104396945, -26.23687898211504], [-48.83039320837307, -26.23839304684845], [-48.841577078643, -26.244791664402314], [-48.85110053331446, -26.248396002659373], [-48.852534778280585, -26.248579889667507], [-48.85312221188085, -26.247884177829356], [-48.85472625171393, -26.244087577135133], [-48.85257234097, -26.240971617125858], [-48.85236604584836, -26.23920584349195], [-48.83620258849036, -26.236681242901536], [-48.8315665205141, -26.230209268864645], [-48.827135251807384, -26.2291563204056], [-48.826433043004805, -26.228437670940604]]]}}, {"id": "18", "type": "Feature", "properties": {"OBJECTID": 20, "Shape_Leng": 5023.47185742, "Shape_Area": 1313956.242, "Nome_Bairr": "CENTRO", "name": "Centro", "rain_total_mm": 2.682, "temp_mean_degC": 19.4, "wind_mean_ms": 4.31, "wind_dir_deg": 65, "coverage_pct": 100.0, "run_time_utc": "2026-09-27 00:00:00", "window_local": "2026-09-26 22:00 .. 2026-09-29 21:00", "source": "CPTEC/INPE WRF AMS 7km", "valid_times_local": ["2026-09-26 22:00", "2026-09-26 23:00", "2026-09-27 00:00", "2026-09-27 01:00", "2026-09-27 02:00", "2026-09-27 03:00", "2026-09-27 04:00", "2026-09-27 05:00", "2026-09-27 06:00", "2026-09-27 07:00", "2026-09-27 08:00", "2026-09-27 09:00", "2026-09-27 10:00", "2026-09-27 11:00", "2026-09-27 12:00", "2026-09-27 13:00", "2026-09-27 14:00", "2026-09-27 15:00", "2026-09-27 16:00", "2026-09-27 17:00", "2026-09-27 18:00", "2026-09-27 19:00", "2026-09-27 20:00", "2026-09-27 21:00", "2026-09-27 22:00", "2026-09-27 23:00", "2026-09-28 00:00", "2026-09-28 01:00", "2026-09-28 02:00", "2026-09-28 03:00", "2026-09-28 04:00", "2026-09-28 05:00", "2026-09-28 06:00", "2026-09-28 07:00", "2026-09-28 08:00", "2026-09-28 09:00", "2026-09-28 10:00", "2026-09-28 11:00", "2026-09-28 12:00", "2026-09-28 13:00", "2026-09-28 14:00", "2026-09-28 15:00", "2026-09-28 16:00", "2026-09-28 17:00", "2026-09-28 18:00", "2026-09-28 19:00", "2026-09-28 20:00", "2026-09-28 21:00", "2026-09-28 22:00", "2026-09-28 23:00", "2026-09-29 00:00", "2026-09-29 01:00", "2026-09-29 02:00", "2026-09-29 03:00", "2026-09-29 04:00", "2026-09-29 05:00", "2026-09-29 06:00", "2026-09-29 07:00", "2026-09-29 08:00", "2026-09-29 09:00", "2026-09-29 10:00", "2026-09-29 11:00", "2026-09-29 12:00", "2026-09-29 13:00", "2026-09-29 14:00", "2026-09-29 15:00", "2026-09-29 16:00", "2026-09-29 17:00", "2026-09-29 18:00", "2026-09-29 19:00", "2026-09-29 20:00", "2026-09-29 21:00"], "lead_h": [1, 2, 3, 4, 5, 6, 7, 8, 9, 10, 11, 12, 13, 14, 15, 16, 17, 18, 19, 20, 21, 22, 23, 24, 25, 26, 27, 28, 29, 30, 31, 32, 33, 34, 35, 36, 37, 38, 39, 40, 41, 42, 43, 44, 45, 46, 47, 48, 49, 50, 51, 52, 53, 54, 55, 56, 57, 58, 59, 60, 61, 62, 63, 64, 65, 66, 67, 68, 69, 70, 71, 72], "precip_mm_h": [0.0, 0.0, 0.0, 0.0, 0.0, 0.0, 0.0, 0.0, 0.0, 0.01, 0.024, 0.036, 0.037, 0.041, 0.017, 0.005, 0.001, 0.008, 0.022, 0.016, 0.005, 0.004, 0.0, 0.0, 0.003, 0.017, 0.002, 0.002, 0.006, 0.033, 0.069, 0.002, 0.068, 0.052, 0.0, 0.0, 0.022, 0.04, 0.028, 0.827, 0.774, 0.025, 0.315, 0.023, 0.0, 0.0, 0.0, 0.0, 0.0, 0.0, 0.0, 0.0, 0.0, 0.0, 0.0, 0.0, 0.017, 0.038, 0.026, 0.009, 0.008, 0.0, 0.008, 0.008, 0.0, 0.008, 0.01, 0.009, 0.0, 0.0, 0.007, 0.0], "accum_mm": [0.0, 0.0, 0.0, 0.0, 0.0, 0.0, 0.0, 0.0, 0.0, 0.01, 0.034, 0.07, 0.107, 0.148, 0.165, 0.17, 0.171, 0.179, 0.201, 0.217, 0.222, 0.226, 0.226, 0.226, 0.229, 0.246, 0.248, 0.25, 0.256, 0.289, 0.358, 0.36, 0.428, 0.48, 0.48, 0.48, 0.502, 0.542, 0.57, 1.397, 2.171, 2.196, 2.511, 2.534, 2.534, 2.534, 2.534, 2.534, 2.534, 2.534, 2.534, 2.534, 2.534, 2.534, 2.534, 2.534, 2.551, 2.589, 2.615, 2.624, 2.632, 2.632, 2.64, 2.648, 2.648, 2.656, 2.666, 2.675, 2.675, 2.675, 2.682, 2.682], "t2m_degC": [19.57, 19.52, 19.27, 19.1, 18.99, 18.89, 18.82, 18.91, 19.02, 18.98, 19.07, 19.07, 19.09, 19.15, 19.15, 19.16, 19.17, 19.17, 19.27, 19.34, 19.37, 19.38, 19.34, 19.13, 18.98, 18.94, 19.09, 19.27, 19.26, 19.2, 19.2, 19.32, 19.4, 19.53, 19.48, 19.5, 19.52, 19.38, 19.43, 19.42, 19.46, 19.61, 19.56, 19.61, 19.58, 19.67, 19.86, 19.83, 19.76, 19.54, 19.46, 19.48, 19.51, 19.47, 19.53, 19.44, 19.24, 19.16, 19.17, 19.21, 19.26, 19.3, 19.43, 19.52, 19.51, 19.59, 19.66, 19.7, 19.82, 19.85, 19.84, 19.81], "wspd_ms": [5.0, 5.64, 6.57, 6.46, 6.37, 6.42, 6.07, 5.67, 4.72, 3.93, 4.17, 3.74, 3.47, 3.17, 2.74, 3.07, 3.36, 3.43, 3.3, 3.87, 3.97, 3.23, 2.25, 3.2, 2.96, 2.37, 2.5, 1.77, 1.56, 1.8, 1.92, 3.48, 4.83, 6.44, 5.5, 5.56, 3.15, 4.03, 3.78, 4.26, 5.1, 5.42, 4.56, 4.63, 5.95, 6.16, 7.01, 5.82, 4.21, 1.46, 1.91, 3.81, 4.38, 4.73, 5.29, 6.09, 5.75, 5.21, 4.8, 4.36, 3.9, 4.25, 4.78, 5.23, 5.31, 4.72, 5.83, 5.09, 3.47, 3.2, 4.05, 4.25]}, "geometry": {"type": "Polygon", "coordinates": [[[-48.850217268151596, -26.294664130768936], [-48.84227102281553, -26.29568085138317], [-48.8419323236238, -26.301008783902045], [-48.84115559064724, -26.30171561739376], [-48.840634650439725, -26.304564092474354], [-48.839690372835804, -26.30545313691804], [-48.84095075045015, -26.306116555427188], [-48.84093680024248, -26.30748489057482], [-48.847702632439, -26.30742605357285], [-48.84979393704818, -26.308529762865437], [-48.85280996043421, -26.305665472353173], [-48.85037026356985, -26.303543101127385], [-48.85086245111103, -26.302934752806916], [-48.850217268151596, -26.294664130768936]]]}}, {"id": "19", "type": "Feature", "properties": {"OBJECTID": 21, "Shape_Leng": 12923.2187511, "Shape_Area": 5363852.42552, "Nome_Bairr": "BOA VISTA", "name": "Boa Vista", "rain_total_mm": 2.467, "temp_mean_degC": 19.4, "wind_mean_ms": 4.34, "wind_dir_deg": 64, "coverage_pct": 100.0, "run_time_utc": "2026-09-27 00:00:00", "window_local": "2026-09-26 22:00 .. 2026-09-29 21:00", "source": "CPTEC/INPE WRF AMS 7km", "valid_times_local": ["2026-09-26 22:00", "2026-09-26 23:00", "2026-09-27 00:00", "2026-09-27 01:00", "2026-09-27 02:00", "2026-09-27 03:00", "2026-09-27 04:00", "2026-09-27 05:00", "2026-09-27 06:00", "2026-09-27 07:00", "2026-09-27 08:00", "2026-09-27 09:00", "2026-09-27 10:00", "2026-09-27 11:00", "2026-09-27 12:00", "2026-09-27 13:00", "2026-09-27 14:00", "2026-09-27 15:00", "2026-09-27 16:00", "2026-09-27 17:00", "2026-09-27 18:00", "2026-09-27 19:00", "2026-09-27 20:00", "2026-09-27 21:00", "2026-09-27 22:00", "2026-09-27 23:00", "2026-09-28 00:00", "2026-09-28 01:00", "2026-09-28 02:00", "2026-09-28 03:00", "2026-09-28 04:00", "2026-09-28 05:00", "2026-09-28 06:00", "2026-09-28 07:00", "2026-09-28 08:00", "2026-09-28 09:00", "2026-09-28 10:00", "2026-09-28 11:00", "2026-09-28 12:00", "2026-09-28 13:00", "2026-09-28 14:00", "2026-09-28 15:00", "2026-09-28 16:00", "2026-09-28 17:00", "2026-09-28 18:00", "2026-09-28 19:00", "2026-09-28 20:00", "2026-09-28 21:00", "2026-09-28 22:00", "2026-09-28 23:00", "2026-09-29 00:00", "2026-09-29 01:00", "2026-09-29 02:00", "2026-09-29 03:00", "2026-09-29 04:00", "2026-09-29 05:00", "2026-09-29 06:00", "2026-09-29 07:00", "2026-09-29 08:00", "2026-09-29 09:00", "2026-09-29 10:00", "2026-09-29 11:00", "2026-09-29 12:00", "2026-09-29 13:00", "2026-09-29 14:00", "2026-09-29 15:00", "2026-09-29 16:00", "2026-09-29 17:00", "2026-09-29 18:00", "2026-09-29 19:00", "2026-09-29 20:00", "2026-09-29 21:00"], "lead_h": [1, 2, 3, 4, 5, 6, 7, 8, 9, 10, 11, 12, 13, 14, 15, 16, 17, 18, 19, 20, 21, 22, 23, 24, 25, 26, 27, 28, 29, 30, 31, 32, 33, 34, 35, 36, 37, 38, 39, 40, 41, 42, 43, 44, 45, 46, 47, 48, 49, 50, 51, 52, 53, 54, 55, 56, 57, 58, 59, 60, 61, 62, 63, 64, 65, 66, 67, 68, 69, 70, 71, 72], "precip_mm_h": [0.0, 0.0, 0.0, 0.0, 0.0, 0.0, 0.0, 0.0, 0.0, 0.009, 0.022, 0.034, 0.036, 0.04, 0.016, 0.004, 0.002, 0.01, 0.022, 0.008, 0.001, 0.004, 0.0, 0.0, 0.004, 0.014, 0.005, 0.002, 0.008, 0.04, 0.066, 0.002, 0.054, 0.024, 0.0, 0.0, 0.022, 0.038, 0.025, 0.555, 0.87, 0.08, 0.257, 0.043, 0.0, 0.0, 0.0, 0.0, 0.0, 0.0, 0.0, 0.0, 0.0, 0.0, 0.0, 0.0, 0.018, 0.04, 0.024, 0.01, 0.008, 0.0, 0.008, 0.008, 0.0, 0.008, 0.008, 0.01, 0.0, 0.0, 0.006, 0.0], "accum_mm": [0.0, 0.0, 0.0, 0.0, 0.0, 0.0, 0.0, 0.0, 0.0, 0.009, 0.031, 0.065, 0.101, 0.141, 0.157, 0.161, 0.163, 0.173, 0.195, 0.203, 0.204, 0.208, 0.208, 0.208, 0.212, 0.226, 0.231, 0.233, 0.241, 0.281, 0.347, 0.349, 0.403, 0.427, 0.427, 0.427, 0.449, 0.487, 0.512, 1.067, 1.937, 2.017, 2.274, 2.317, 2.317, 2.317, 2.317, 2.317, 2.317, 2.317, 2.317, 2.317, 2.317, 2.317, 2.317, 2.317, 2.335, 2.375, 2.399, 2.409, 2.417, 2.417, 2.425, 2.433, 2.433, 2.441, 2.449, 2.459, 2.459, 2.459, 2.465, 2.465], "t2m_degC": [19.55, 19.53, 19.27, 19.11, 18.99, 18.89, 18.83, 18.92, 19.04, 19.02, 19.1, 19.1, 19.09, 19.15, 19.14, 19.16, 19.18, 19.18, 19.28, 19.35, 19.38, 19.39, 19.34, 19.13, 18.99, 18.98, 19.13, 19.28, 19.26, 19.2, 19.21, 19.32, 19.42, 19.54, 19.49, 19.51, 19.52, 19.39, 19.43, 19.42, 19.46, 19.62, 19.57, 19.61, 19.57, 19.65, 19.83, 19.83, 19.77, 19.56, 19.47, 19.49, 19.52, 19.48, 19.54, 19.43, 19.22, 19.16, 19.18, 19.21, 19.27, 19.3, 19.44, 19.53, 19.52, 19.6, 19.67, 19.72, 19.85, 19.87, 19.85, 19.81], "wspd_ms": [4.91, 5.51, 6.43, 6.43, 6.42, 6.43, 6.04, 5.64, 4.72, 3.96, 4.16, 3.7, 3.38, 3.09, 2.64, 3.0, 3.29, 3.38, 3.29, 3.89, 3.93, 3.16, 2.18, 3.25, 3.07, 2.36, 2.53, 1.64, 1.59, 1.85, 1.99, 3.54, 5.01, 6.5, 5.52, 5.62, 3.22, 4.06, 3.82, 4.2, 5.14, 5.57, 4.51, 4.6, 5.92, 6.19, 7.07, 5.89, 4.39, 1.34, 2.03, 4.04, 4.58, 4.94, 5.42, 6.16, 5.82, 5.26, 4.82, 4.5, 4.01, 4.28, 4.94, 5.36, 5.58, 4.79, 5.39, 5.2, 3.61, 3.39, 4.1, 4.25]}, "geometry": {"type": "Polygon", "coordinates": [[[-48.82377453883663, -26.310866934784926], [-48.828454873975474, -26.314028957182536], [-48.830768793276384, -26.314403170664747], [-48.83156250367436, -26.31266377830786], [-48.83491011123717, -26.310619822703803], [-48.83588750166601, -26.308486502896834], [-48.839690372835804, -26.30545313691804], [-48.837531980402225, -26.30344397543844], [-48.83587624140787, -26.30568652066735], [-48.83388653465158, -26.305473166118595], [-48.833458961482904, -26.304233818219526], [-48.834259672832395, -26.30287619939253], [-48.83356630222862, -26.301536715035965], [-48.8349171389983, -26.299483589410432], [-48.833986437967475, -26.299368087624213], [-48.83384488743263, -26.298358879779272], [-48.82706575046821, -26.292357963490954], [-48.812582760174784, -26.281440462293187], [-48.811300322947766, -26.28289277832284], [-48.810846574068336, -26.28269072444901], [-48.81001430460612, -26.284992332979787], [-48.81140268267592, -26.28922606912494], [-48.81620166646747, -26.29465366934878], [-48.81420449248062, -26.295368929672115], [-48.81056144430981, -26.298717130560767], [-48.80520465997443, -26.30691241678251], [-48.80575021763284, -26.30758109112502], [-48.80797894712201, -26.307687033881308], [-48.8146833980771, -26.304797283428513], [-48.817111079681894, -26.30485434301646], [-48.823090797901905, -26.309188192171227], [-48.82377453883663, -26.310866934784926]]]}}, {"id": "20", "type": "Feature", "properties": {"OBJECTID": 22, "Shape_Leng": 11402.8146159, "Shape_Area": 5373089.73219, "Nome_Bairr": "GLÓRIA", "name": "Glória", "rain_total_mm": 3.085, "temp_mean_degC": 19.4, "wind_mean_ms": 4.15, "wind_dir_deg": 69, "coverage_pct": 100.0, "run_time_utc": "2026-09-27 00:00:00", "window_local": "2026-09-26 22:00 .. 2026-09-29 21:00", "source": "CPTEC/INPE WRF AMS 7km", "valid_times_local": ["2026-09-26 22:00", "2026-09-26 23:00", "2026-09-27 00:00", "2026-09-27 01:00", "2026-09-27 02:00", "2026-09-27 03:00", "2026-09-27 04:00", "2026-09-27 05:00", "2026-09-27 06:00", "2026-09-27 07:00", "2026-09-27 08:00", "2026-09-27 09:00", "2026-09-27 10:00", "2026-09-27 11:00", "2026-09-27 12:00", "2026-09-27 13:00", "2026-09-27 14:00", "2026-09-27 15:00", "2026-09-27 16:00", "2026-09-27 17:00", "2026-09-27 18:00", "2026-09-27 19:00", "2026-09-27 20:00", "2026-09-27 21:00", "2026-09-27 22:00", "2026-09-27 23:00", "2026-09-28 00:00", "2026-09-28 01:00", "2026-09-28 02:00", "2026-09-28 03:00", "2026-09-28 04:00", "2026-09-28 05:00", "2026-09-28 06:00", "2026-09-28 07:00", "2026-09-28 08:00", "2026-09-28 09:00", "2026-09-28 10:00", "2026-09-28 11:00", "2026-09-28 12:00", "2026-09-28 13:00", "2026-09-28 14:00", "2026-09-28 15:00", "2026-09-28 16:00", "2026-09-28 17:00", "2026-09-28 18:00", "2026-09-28 19:00", "2026-09-28 20:00", "2026-09-28 21:00", "2026-09-28 22:00", "2026-09-28 23:00", "2026-09-29 00:00", "2026-09-29 01:00", "2026-09-29 02:00", "2026-09-29 03:00", "2026-09-29 04:00", "2026-09-29 05:00", "2026-09-29 06:00", "2026-09-29 07:00", "2026-09-29 08:00", "2026-09-29 09:00", "2026-09-29 10:00", "2026-09-29 11:00", "2026-09-29 12:00", "2026-09-29 13:00", "2026-09-29 14:00", "2026-09-29 15:00", "2026-09-29 16:00", "2026-09-29 17:00", "2026-09-29 18:00", "2026-09-29 19:00", "2026-09-29 20:00", "2026-09-29 21:00"], "lead_h": [1, 2, 3, 4, 5, 6, 7, 8, 9, 10, 11, 12, 13, 14, 15, 16, 17, 18, 19, 20, 21, 22, 23, 24, 25, 26, 27, 28, 29, 30, 31, 32, 33, 34, 35, 36, 37, 38, 39, 40, 41, 42, 43, 44, 45, 46, 47, 48, 49, 50, 51, 52, 53, 54, 55, 56, 57, 58, 59, 60, 61, 62, 63, 64, 65, 66, 67, 68, 69, 70, 71, 72], "precip_mm_h": [0.0, 0.0, 0.0, 0.0, 0.0, 0.0, 0.0, 0.0, 0.0, 0.02, 0.04, 0.05, 0.042, 0.044, 0.022, 0.01, 0.004, 0.012, 0.028, 0.042, 0.024, 0.002, 0.002, 0.0, 0.0, 0.018, 0.017, 0.004, 0.0, 0.012, 0.011, 0.004, 0.112, 0.148, 0.0, 0.0, 0.016, 0.016, 0.011, 1.407, 0.544, 0.037, 0.196, 0.028, 0.0, 0.0, 0.0, 0.0, 0.0, 0.0, 0.0, 0.0, 0.0, 0.0, 0.0, 0.0, 0.02, 0.032, 0.032, 0.008, 0.004, 0.004, 0.004, 0.008, 0.004, 0.008, 0.016, 0.008, 0.0, 0.004, 0.008, 0.0], "accum_mm": [0.0, 0.0, 0.0, 0.0, 0.0, 0.0, 0.0, 0.0, 0.0, 0.02, 0.06, 0.11, 0.152, 0.196, 0.218, 0.228, 0.232, 0.244, 0.272, 0.314, 0.338, 0.34, 0.342, 0.342, 0.342, 0.36, 0.377, 0.381, 0.381, 0.393, 0.404, 0.408, 0.52, 0.668, 0.668, 0.668, 0.684, 0.7, 0.711, 2.118, 2.662, 2.699, 2.895, 2.923, 2.923, 2.923, 2.923, 2.923, 2.923, 2.923, 2.923, 2.923, 2.923, 2.923, 2.923, 2.923, 2.943, 2.975, 3.007, 3.015, 3.019, 3.023, 3.027, 3.035, 3.039, 3.047, 3.063, 3.071, 3.071, 3.075, 3.083, 3.083], "t2m_degC": [19.67, 19.62, 19.35, 19.14, 19.05, 18.92, 18.86, 18.95, 18.99, 18.89, 18.92, 19.0, 19.13, 19.21, 19.25, 19.23, 19.2, 19.19, 19.27, 19.37, 19.4, 19.4, 19.4, 19.27, 19.11, 19.03, 19.1, 19.3, 19.3, 19.22, 19.23, 19.32, 19.37, 19.51, 19.46, 19.51, 19.55, 19.42, 19.46, 19.48, 19.45, 19.58, 19.57, 19.63, 19.64, 19.79, 19.91, 19.87, 19.79, 19.57, 19.48, 19.51, 19.55, 19.49, 19.52, 19.43, 19.25, 19.17, 19.16, 19.23, 19.28, 19.3, 19.41, 19.49, 19.51, 19.55, 19.64, 19.7, 19.78, 19.81, 19.83, 19.81], "wspd_ms": [4.63, 5.37, 6.65, 6.54, 6.28, 6.34, 6.1, 5.72, 4.73, 3.91, 4.13, 3.69, 3.4, 3.22, 2.79, 3.15, 3.31, 3.38, 3.26, 3.99, 4.23, 3.66, 2.27, 3.3, 2.62, 2.3, 2.45, 1.57, 1.32, 1.7, 1.85, 3.01, 4.27, 6.09, 5.16, 5.47, 3.28, 3.76, 3.88, 4.31, 4.75, 5.09, 4.8, 4.74, 6.03, 6.1, 6.86, 5.59, 3.79, 1.46, 1.83, 3.51, 3.87, 4.29, 4.74, 5.57, 5.31, 4.83, 4.2, 3.87, 3.7, 4.22, 4.47, 5.01, 4.94, 4.76, 5.75, 4.89, 2.76, 2.56, 3.59, 4.03]}, "geometry": {"type": "Polygon", "coordinates": [[[-48.86530586659052, -26.305654134637958], [-48.875181893941885, -26.305608307655458], [-48.87709692889778, -26.30684232579782], [-48.87754682078558, -26.31024455902194], [-48.87808238096096, -26.309680961333303], [-48.88294580995384, -26.30222090686596], [-48.885107000122886, -26.29049714952196], [-48.88934762027437, -26.282671577038855], [-48.88700289915236, -26.283096993157077], [-48.8852619635138, -26.28425145779022], [-48.87276239917653, -26.284764438752344], [-48.868327774474274, -26.286012120640883], [-48.86393589672717, -26.28377458604271], [-48.864611186343865, -26.293690483618633], [-48.86185131446386, -26.293891525048295], [-48.86220961830144, -26.296874968342607], [-48.86026737698231, -26.297843606964918], [-48.85927619468442, -26.306799747613876], [-48.8607880771963, -26.307756646369757], [-48.861505112473154, -26.306883102178926], [-48.8653219703177, -26.30671864424098], [-48.86530586659052, -26.305654134637958]]]}}, {"id": "21", "type": "Feature", "properties": {"OBJECTID": 23, "Shape_Leng": 6920.55672864, "Shape_Area": 2085097.49922, "Nome_Bairr": "JARIVATUBA", "name": "Jarivatuba", "rain_total_mm": 2.472, "temp_mean_degC": 19.4, "wind_mean_ms": 4.36, "wind_dir_deg": 64, "coverage_pct": 100.0, "run_time_utc": "2026-09-27 00:00:00", "window_local": "2026-09-26 22:00 .. 2026-09-29 21:00", "source": "CPTEC/INPE WRF AMS 7km", "valid_times_local": ["2026-09-26 22:00", "2026-09-26 23:00", "2026-09-27 00:00", "2026-09-27 01:00", "2026-09-27 02:00", "2026-09-27 03:00", "2026-09-27 04:00", "2026-09-27 05:00", "2026-09-27 06:00", "2026-09-27 07:00", "2026-09-27 08:00", "2026-09-27 09:00", "2026-09-27 10:00", "2026-09-27 11:00", "2026-09-27 12:00", "2026-09-27 13:00", "2026-09-27 14:00", "2026-09-27 15:00", "2026-09-27 16:00", "2026-09-27 17:00", "2026-09-27 18:00", "2026-09-27 19:00", "2026-09-27 20:00", "2026-09-27 21:00", "2026-09-27 22:00", "2026-09-27 23:00", "2026-09-28 00:00", "2026-09-28 01:00", "2026-09-28 02:00", "2026-09-28 03:00", "2026-09-28 04:00", "2026-09-28 05:00", "2026-09-28 06:00", "2026-09-28 07:00", "2026-09-28 08:00", "2026-09-28 09:00", "2026-09-28 10:00", "2026-09-28 11:00", "2026-09-28 12:00", "2026-09-28 13:00", "2026-09-28 14:00", "2026-09-28 15:00", "2026-09-28 16:00", "2026-09-28 17:00", "2026-09-28 18:00", "2026-09-28 19:00", "2026-09-28 20:00", "2026-09-28 21:00", "2026-09-28 22:00", "2026-09-28 23:00", "2026-09-29 00:00", "2026-09-29 01:00", "2026-09-29 02:00", "2026-09-29 03:00", "2026-09-29 04:00", "2026-09-29 05:00", "2026-09-29 06:00", "2026-09-29 07:00", "2026-09-29 08:00", "2026-09-29 09:00", "2026-09-29 10:00", "2026-09-29 11:00", "2026-09-29 12:00", "2026-09-29 13:00", "2026-09-29 14:00", "2026-09-29 15:00", "2026-09-29 16:00", "2026-09-29 17:00", "2026-09-29 18:00", "2026-09-29 19:00", "2026-09-29 20:00", "2026-09-29 21:00"], "lead_h": [1, 2, 3, 4, 5, 6, 7, 8, 9, 10, 11, 12, 13, 14, 15, 16, 17, 18, 19, 20, 21, 22, 23, 24, 25, 26, 27, 28, 29, 30, 31, 32, 33, 34, 35, 36, 37, 38, 39, 40, 41, 42, 43, 44, 45, 46, 47, 48, 49, 50, 51, 52, 53, 54, 55, 56, 57, 58, 59, 60, 61, 62, 63, 64, 65, 66, 67, 68, 69, 70, 71, 72], "precip_mm_h": [0.0, 0.0, 0.0, 0.0, 0.0, 0.0, 0.0, 0.0, 0.0, 0.008, 0.02, 0.032, 0.036, 0.04, 0.016, 0.004, 0.0, 0.008, 0.02, 0.008, 0.0, 0.004, 0.0, 0.0, 0.004, 0.016, 0.0, 0.0, 0.008, 0.04, 0.088, 0.0, 0.056, 0.024, 0.0, 0.0, 0.024, 0.048, 0.032, 0.624, 0.808, 0.008, 0.336, 0.016, 0.0, 0.0, 0.0, 0.0, 0.0, 0.0, 0.0, 0.0, 0.0, 0.0, 0.0, 0.0, 0.016, 0.04, 0.024, 0.008, 0.008, 0.0, 0.008, 0.008, 0.0, 0.008, 0.008, 0.008, 0.0, 0.0, 0.008, 0.0], "accum_mm": [0.0, 0.0, 0.0, 0.0, 0.0, 0.0, 0.0, 0.0, 0.0, 0.008, 0.028, 0.06, 0.096, 0.136, 0.152, 0.156, 0.156, 0.164, 0.184, 0.192, 0.192, 0.196, 0.196, 0.196, 0.2, 0.216, 0.216, 0.216, 0.224, 0.264, 0.352, 0.352, 0.408, 0.432, 0.432, 0.432, 0.456, 0.504, 0.536, 1.16, 1.968, 1.976, 2.312, 2.328, 2.328, 2.328, 2.328, 2.328, 2.328, 2.328, 2.328, 2.328, 2.328, 2.328, 2.328, 2.328, 2.344, 2.384, 2.408, 2.416, 2.424, 2.424, 2.432, 2.44, 2.44, 2.448, 2.456, 2.464, 2.464, 2.464, 2.472, 2.472], "t2m_degC": [19.54, 19.5, 19.25, 19.1, 18.97, 18.89, 18.82, 18.9, 19.03, 19.0, 19.1, 19.08, 19.07, 19.14, 19.12, 19.14, 19.17, 19.17, 19.27, 19.33, 19.36, 19.38, 19.32, 19.1, 18.95, 18.93, 19.1, 19.26, 19.25, 19.19, 19.19, 19.32, 19.41, 19.53, 19.48, 19.5, 19.51, 19.37, 19.42, 19.4, 19.47, 19.61, 19.55, 19.6, 19.57, 19.64, 19.84, 19.83, 19.76, 19.54, 19.45, 19.48, 19.5, 19.46, 19.53, 19.44, 19.23, 19.16, 19.17, 19.2, 19.26, 19.3, 19.43, 19.53, 19.52, 19.6, 19.67, 19.7, 19.84, 19.87, 19.85, 19.8], "wspd_ms": [5.08, 5.71, 6.54, 6.45, 6.42, 6.46, 6.07, 5.66, 4.73, 3.96, 4.19, 3.75, 3.47, 3.15, 2.71, 3.04, 3.37, 3.44, 3.3, 3.84, 3.91, 3.11, 2.26, 3.16, 3.05, 2.38, 2.55, 1.79, 1.62, 1.84, 1.95, 3.6, 4.99, 6.53, 5.59, 5.59, 3.13, 4.11, 3.78, 4.24, 5.27, 5.49, 4.47, 4.6, 5.93, 6.19, 7.05, 5.9, 4.36, 1.47, 1.98, 3.92, 4.55, 4.87, 5.46, 6.24, 5.86, 5.33, 4.96, 4.49, 3.96, 4.25, 4.87, 5.31, 5.45, 4.74, 5.79, 5.18, 3.68, 3.39, 4.18, 4.31]}, "geometry": {"type": "Polygon", "coordinates": [[[-48.805650311927245, -26.328321529380183], [-48.79687498073317, -26.334437304511248], [-48.793164695710175, -26.33871155614645], [-48.79520599438828, -26.339709513965946], [-48.79955142826381, -26.33965305010018], [-48.80467605954157, -26.338284723078804], [-48.80745965891906, -26.33961419580876], [-48.8121288034124, -26.339665729419274], [-48.81648048429064, -26.340495436733082], [-48.81713733228333, -26.337641107544727], [-48.816969221910405, -26.33327531843206], [-48.813822582388255, -26.33395069623463], [-48.81275405147297, -26.331516756343195], [-48.81120732569885, -26.330820732316944], [-48.80843138953834, -26.325212578721487], [-48.805650311927245, -26.328321529380183]]]}}, {"id": "22", "type": "Feature", "properties": {"OBJECTID": 24, "Shape_Leng": 7188.38038255, "Shape_Area": 3137399.3916, "Nome_Bairr": "BOEHMERWALD", "name": "Boehmerwald", "rain_total_mm": 2.619, "temp_mean_degC": 19.3, "wind_mean_ms": 4.37, "wind_dir_deg": 63, "coverage_pct": 100.0, "run_time_utc": "2026-09-27 00:00:00", "window_local": "2026-09-26 22:00 .. 2026-09-29 21:00", "source": "CPTEC/INPE WRF AMS 7km", "valid_times_local": ["2026-09-26 22:00", "2026-09-26 23:00", "2026-09-27 00:00", "2026-09-27 01:00", "2026-09-27 02:00", "2026-09-27 03:00", "2026-09-27 04:00", "2026-09-27 05:00", "2026-09-27 06:00", "2026-09-27 07:00", "2026-09-27 08:00", "2026-09-27 09:00", "2026-09-27 10:00", "2026-09-27 11:00", "2026-09-27 12:00", "2026-09-27 13:00", "2026-09-27 14:00", "2026-09-27 15:00", "2026-09-27 16:00", "2026-09-27 17:00", "2026-09-27 18:00", "2026-09-27 19:00", "2026-09-27 20:00", "2026-09-27 21:00", "2026-09-27 22:00", "2026-09-27 23:00", "2026-09-28 00:00", "2026-09-28 01:00", "2026-09-28 02:00", "2026-09-28 03:00", "2026-09-28 04:00", "2026-09-28 05:00", "2026-09-28 06:00", "2026-09-28 07:00", "2026-09-28 08:00", "2026-09-28 09:00", "2026-09-28 10:00", "2026-09-28 11:00", "2026-09-28 12:00", "2026-09-28 13:00", "2026-09-28 14:00", "2026-09-28 15:00", "2026-09-28 16:00", "2026-09-28 17:00", "2026-09-28 18:00", "2026-09-28 19:00", "2026-09-28 20:00", "2026-09-28 21:00", "2026-09-28 22:00", "2026-09-28 23:00", "2026-09-29 00:00", "2026-09-29 01:00", "2026-09-29 02:00", "2026-09-29 03:00", "2026-09-29 04:00", "2026-09-29 05:00", "2026-09-29 06:00", "2026-09-29 07:00", "2026-09-29 08:00", "2026-09-29 09:00", "2026-09-29 10:00", "2026-09-29 11:00", "2026-09-29 12:00", "2026-09-29 13:00", "2026-09-29 14:00", "2026-09-29 15:00", "2026-09-29 16:00", "2026-09-29 17:00", "2026-09-29 18:00", "2026-09-29 19:00", "2026-09-29 20:00", "2026-09-29 21:00"], "lead_h": [1, 2, 3, 4, 5, 6, 7, 8, 9, 10, 11, 12, 13, 14, 15, 16, 17, 18, 19, 20, 21, 22, 23, 24, 25, 26, 27, 28, 29, 30, 31, 32, 33, 34, 35, 36, 37, 38, 39, 40, 41, 42, 43, 44, 45, 46, 47, 48, 49, 50, 51, 52, 53, 54, 55, 56, 57, 58, 59, 60, 61, 62, 63, 64, 65, 66, 67, 68, 69, 70, 71, 72], "precip_mm_h": [0.0, 0.0, 0.0, 0.0, 0.0, 0.0, 0.0, 0.0, 0.0, 0.007, 0.019, 0.029, 0.035, 0.04, 0.014, 0.004, 0.0, 0.007, 0.018, 0.008, 0.001, 0.003, 0.001, 0.0, 0.003, 0.021, 0.0, 0.0, 0.006, 0.032, 0.088, 0.002, 0.054, 0.022, 0.0, 0.0, 0.024, 0.058, 0.052, 0.67, 0.822, 0.006, 0.419, 0.012, 0.0, 0.0, 0.0, 0.0, 0.0, 0.0, 0.0, 0.0, 0.0, 0.0, 0.0, 0.0, 0.016, 0.038, 0.026, 0.008, 0.006, 0.002, 0.006, 0.008, 0.0, 0.008, 0.01, 0.008, 0.0, 0.0, 0.006, 0.0], "accum_mm": [0.0, 0.0, 0.0, 0.0, 0.0, 0.0, 0.0, 0.0, 0.0, 0.007, 0.026, 0.055, 0.09, 0.13, 0.144, 0.148, 0.148, 0.155, 0.173, 0.181, 0.182, 0.185, 0.186, 0.186, 0.189, 0.21, 0.21, 0.21, 0.216, 0.248, 0.336, 0.338, 0.392, 0.414, 0.414, 0.414, 0.438, 0.496, 0.548, 1.218, 2.04, 2.046, 2.465, 2.477, 2.477, 2.477, 2.477, 2.477, 2.477, 2.477, 2.477, 2.477, 2.477, 2.477, 2.477, 2.477, 2.493, 2.531, 2.557, 2.565, 2.571, 2.573, 2.579, 2.587, 2.587, 2.595, 2.605, 2.613, 2.613, 2.613, 2.619, 2.619], "t2m_degC": [19.53, 19.48, 19.23, 19.08, 18.96, 18.88, 18.81, 18.89, 18.99, 18.97, 19.08, 19.06, 19.05, 19.11, 19.1, 19.12, 19.15, 19.16, 19.26, 19.31, 19.35, 19.37, 19.3, 19.07, 18.91, 18.87, 19.08, 19.24, 19.24, 19.19, 19.17, 19.29, 19.39, 19.52, 19.48, 19.49, 19.5, 19.36, 19.41, 19.39, 19.47, 19.6, 19.54, 19.59, 19.56, 19.63, 19.84, 19.82, 19.75, 19.53, 19.44, 19.46, 19.48, 19.45, 19.52, 19.44, 19.24, 19.16, 19.17, 19.19, 19.25, 19.29, 19.42, 19.53, 19.52, 19.6, 19.65, 19.69, 19.82, 19.86, 19.84, 19.8], "wspd_ms": [5.18, 5.85, 6.59, 6.44, 6.4, 6.48, 6.08, 5.67, 4.73, 3.97, 4.23, 3.8, 3.56, 3.2, 2.78, 3.07, 3.43, 3.46, 3.28, 3.78, 3.88, 3.07, 2.34, 3.08, 3.02, 2.41, 2.52, 1.88, 1.62, 1.8, 1.91, 3.62, 4.98, 6.49, 5.71, 5.55, 3.07, 4.15, 3.76, 4.22, 5.38, 5.37, 4.54, 4.64, 5.96, 6.23, 7.0, 5.93, 4.3, 1.52, 2.0, 3.82, 4.49, 4.86, 5.5, 6.28, 5.91, 5.35, 5.06, 4.51, 3.93, 4.24, 4.82, 5.23, 5.29, 4.68, 6.04, 5.2, 3.7, 3.38, 4.21, 4.4]}, "geometry": {"type": "Polygon", "coordinates": [[[-48.8182059972156, -26.359526259410575], [-48.818970069686, -26.371550469367786], [-48.83215501356909, -26.37065994018519], [-48.83443527195846, -26.367903355622403], [-48.83652433312123, -26.366615781774843], [-48.83970205860421, -26.361958875610007], [-48.83870580739932, -26.35464862222316], [-48.82614331235257, -26.35488599422761], [-48.82629643047048, -26.356201431608604], [-48.822577110868025, -26.356711717797065], [-48.82277763093361, -26.357901250881554], [-48.819896043044906, -26.359375028825234], [-48.8182059972156, -26.359526259410575]]]}}, {"id": "23", "type": "Feature", "properties": {"OBJECTID": 25, "Shape_Leng": 9431.43735025, "Shape_Area": 4993435.85499, "Nome_Bairr": "FLORESTA", "name": "Floresta", "rain_total_mm": 3.086, "temp_mean_degC": 19.4, "wind_mean_ms": 4.25, "wind_dir_deg": 66, "coverage_pct": 100.0, "run_time_utc": "2026-09-27 00:00:00", "window_local": "2026-09-26 22:00 .. 2026-09-29 21:00", "source": "CPTEC/INPE WRF AMS 7km", "valid_times_local": ["2026-09-26 22:00", "2026-09-26 23:00", "2026-09-27 00:00", "2026-09-27 01:00", "2026-09-27 02:00", "2026-09-27 03:00", "2026-09-27 04:00", "2026-09-27 05:00", "2026-09-27 06:00", "2026-09-27 07:00", "2026-09-27 08:00", "2026-09-27 09:00", "2026-09-27 10:00", "2026-09-27 11:00", "2026-09-27 12:00", "2026-09-27 13:00", "2026-09-27 14:00", "2026-09-27 15:00", "2026-09-27 16:00", "2026-09-27 17:00", "2026-09-27 18:00", "2026-09-27 19:00", "2026-09-27 20:00", "2026-09-27 21:00", "2026-09-27 22:00", "2026-09-27 23:00", "2026-09-28 00:00", "2026-09-28 01:00", "2026-09-28 02:00", "2026-09-28 03:00", "2026-09-28 04:00", "2026-09-28 05:00", "2026-09-28 06:00", "2026-09-28 07:00", "2026-09-28 08:00", "2026-09-28 09:00", "2026-09-28 10:00", "2026-09-28 11:00", "2026-09-28 12:00", "2026-09-28 13:00", "2026-09-28 14:00", "2026-09-28 15:00", "2026-09-28 16:00", "2026-09-28 17:00", "2026-09-28 18:00", "2026-09-28 19:00", "2026-09-28 20:00", "2026-09-28 21:00", "2026-09-28 22:00", "2026-09-28 23:00", "2026-09-29 00:00", "2026-09-29 01:00", "2026-09-29 02:00", "2026-09-29 03:00", "2026-09-29 04:00", "2026-09-29 05:00", "2026-09-29 06:00", "2026-09-29 07:00", "2026-09-29 08:00", "2026-09-29 09:00", "2026-09-29 10:00", "2026-09-29 11:00", "2026-09-29 12:00", "2026-09-29 13:00", "2026-09-29 14:00", "2026-09-29 15:00", "2026-09-29 16:00", "2026-09-29 17:00", "2026-09-29 18:00", "2026-09-29 19:00", "2026-09-29 20:00", "2026-09-29 21:00"], "lead_h": [1, 2, 3, 4, 5, 6, 7, 8, 9, 10, 11, 12, 13, 14, 15, 16, 17, 18, 19, 20, 21, 22, 23, 24, 25, 26, 27, 28, 29, 30, 31, 32, 33, 34, 35, 36, 37, 38, 39, 40, 41, 42, 43, 44, 45, 46, 47, 48, 49, 50, 51, 52, 53, 54, 55, 56, 57, 58, 59, 60, 61, 62, 63, 64, 65, 66, 67, 68, 69, 70, 71, 72], "precip_mm_h": [0.0, 0.0, 0.0, 0.0, 0.0, 0.0, 0.0, 0.0, 0.0, 0.013, 0.03, 0.042, 0.038, 0.042, 0.018, 0.006, 0.002, 0.006, 0.022, 0.03, 0.012, 0.004, 0.0, 0.0, 0.002, 0.021, 0.0, 0.005, 0.003, 0.021, 0.049, 0.005, 0.09, 0.101, 0.0, 0.0, 0.019, 0.033, 0.027, 1.238, 0.687, 0.013, 0.336, 0.021, 0.0, 0.0, 0.0, 0.0, 0.0, 0.0, 0.0, 0.0, 0.0, 0.0, 0.0, 0.0, 0.016, 0.035, 0.029, 0.008, 0.008, 0.0, 0.008, 0.008, 0.0, 0.008, 0.013, 0.008, 0.0, 0.0, 0.008, 0.0], "accum_mm": [0.0, 0.0, 0.0, 0.0, 0.0, 0.0, 0.0, 0.0, 0.0, 0.013, 0.043, 0.085, 0.123, 0.165, 0.183, 0.189, 0.191, 0.197, 0.219, 0.249, 0.261, 0.265, 0.265, 0.265, 0.267, 0.288, 0.288, 0.293, 0.296, 0.317, 0.366, 0.371, 0.461, 0.562, 0.562, 0.562, 0.581, 0.614, 0.641, 1.879, 2.566, 2.579, 2.915, 2.936, 2.936, 2.936, 2.936, 2.936, 2.936, 2.936, 2.936, 2.936, 2.936, 2.936, 2.936, 2.936, 2.952, 2.987, 3.016, 3.024, 3.032, 3.032, 3.04, 3.048, 3.048, 3.056, 3.069, 3.077, 3.077, 3.077, 3.085, 3.085], "t2m_degC": [19.61, 19.54, 19.28, 19.11, 19.01, 18.9, 18.83, 18.91, 18.99, 18.93, 19.01, 19.05, 19.11, 19.17, 19.19, 19.16, 19.17, 19.17, 19.26, 19.33, 19.37, 19.38, 19.36, 19.18, 19.0, 18.93, 19.07, 19.27, 19.27, 19.2, 19.21, 19.32, 19.37, 19.52, 19.47, 19.5, 19.53, 19.39, 19.43, 19.44, 19.46, 19.6, 19.56, 19.62, 19.61, 19.72, 19.9, 19.85, 19.76, 19.53, 19.46, 19.48, 19.51, 19.46, 19.51, 19.44, 19.25, 19.17, 19.16, 19.23, 19.27, 19.3, 19.42, 19.49, 19.5, 19.57, 19.64, 19.69, 19.79, 19.83, 19.84, 19.81], "wspd_ms": [4.98, 5.66, 6.69, 6.49, 6.28, 6.38, 6.08, 5.7, 4.71, 3.89, 4.16, 3.77, 3.54, 3.26, 2.84, 3.14, 3.41, 3.47, 3.34, 3.9, 4.06, 3.4, 2.29, 3.22, 2.79, 2.36, 2.43, 1.84, 1.46, 1.73, 1.84, 3.32, 4.55, 6.31, 5.41, 5.49, 3.12, 3.92, 3.77, 4.33, 4.89, 5.28, 4.69, 4.69, 6.0, 6.09, 6.92, 5.7, 3.91, 1.62, 1.77, 3.53, 4.07, 4.44, 5.05, 5.89, 5.6, 5.04, 4.62, 4.14, 3.75, 4.22, 4.58, 5.07, 4.96, 4.68, 6.22, 4.91, 3.15, 2.88, 3.89, 4.2]}, "geometry": {"type": "Polygon", "coordinates": [[[-48.852055805077185, -26.32177749016243], [-48.84824531791525, -26.32140010375193], [-48.842289759996895, -26.32322032990504], [-48.84144117421691, -26.339361391294805], [-48.8430914491358, -26.34141546647697], [-48.84313757002274, -26.34313597505817], [-48.841536064019614, -26.348130308950743], [-48.85730703164855, -26.34863274816578], [-48.85734106090295, -26.34613317642709], [-48.85965541055823, -26.33626021250454], [-48.86246496081258, -26.33007449102774], [-48.86459306319339, -26.327321443012213], [-48.86329987447583, -26.32630728704381], [-48.8605205904013, -26.326404994472043], [-48.85578652602329, -26.324904132189918], [-48.852055805077185, -26.32177749016243]]]}}, {"id": "24", "type": "Feature", "properties": {"OBJECTID": 26, "Shape_Leng": 12325.8237055, "Shape_Area": 7736541.02826, "Nome_Bairr": "ITINGA", "name": "Itinga", "rain_total_mm": 3.056, "temp_mean_degC": 19.3, "wind_mean_ms": 4.42, "wind_dir_deg": 62, "coverage_pct": 100.0, "run_time_utc": "2026-09-27 00:00:00", "window_local": "2026-09-26 22:00 .. 2026-09-29 21:00", "source": "CPTEC/INPE WRF AMS 7km", "valid_times_local": ["2026-09-26 22:00", "2026-09-26 23:00", "2026-09-27 00:00", "2026-09-27 01:00", "2026-09-27 02:00", "2026-09-27 03:00", "2026-09-27 04:00", "2026-09-27 05:00", "2026-09-27 06:00", "2026-09-27 07:00", "2026-09-27 08:00", "2026-09-27 09:00", "2026-09-27 10:00", "2026-09-27 11:00", "2026-09-27 12:00", "2026-09-27 13:00", "2026-09-27 14:00", "2026-09-27 15:00", "2026-09-27 16:00", "2026-09-27 17:00", "2026-09-27 18:00", "2026-09-27 19:00", "2026-09-27 20:00", "2026-09-27 21:00", "2026-09-27 22:00", "2026-09-27 23:00", "2026-09-28 00:00", "2026-09-28 01:00", "2026-09-28 02:00", "2026-09-28 03:00", "2026-09-28 04:00", "2026-09-28 05:00", "2026-09-28 06:00", "2026-09-28 07:00", "2026-09-28 08:00", "2026-09-28 09:00", "2026-09-28 10:00", "2026-09-28 11:00", "2026-09-28 12:00", "2026-09-28 13:00", "2026-09-28 14:00", "2026-09-28 15:00", "2026-09-28 16:00", "2026-09-28 17:00", "2026-09-28 18:00", "2026-09-28 19:00", "2026-09-28 20:00", "2026-09-28 21:00", "2026-09-28 22:00", "2026-09-28 23:00", "2026-09-29 00:00", "2026-09-29 01:00", "2026-09-29 02:00", "2026-09-29 03:00", "2026-09-29 04:00", "2026-09-29 05:00", "2026-09-29 06:00", "2026-09-29 07:00", "2026-09-29 08:00", "2026-09-29 09:00", "2026-09-29 10:00", "2026-09-29 11:00", "2026-09-29 12:00", "2026-09-29 13:00", "2026-09-29 14:00", "2026-09-29 15:00", "2026-09-29 16:00", "2026-09-29 17:00", "2026-09-29 18:00", "2026-09-29 19:00", "2026-09-29 20:00", "2026-09-29 21:00"], "lead_h": [1, 2, 3, 4, 5, 6, 7, 8, 9, 10, 11, 12, 13, 14, 15, 16, 17, 18, 19, 20, 21, 22, 23, 24, 25, 26, 27, 28, 29, 30, 31, 32, 33, 34, 35, 36, 37, 38, 39, 40, 41, 42, 43, 44, 45, 46, 47, 48, 49, 50, 51, 52, 53, 54, 55, 56, 57, 58, 59, 60, 61, 62, 63, 64, 65, 66, 67, 68, 69, 70, 71, 72], "precip_mm_h": [0.0, 0.0, 0.0, 0.0, 0.0, 0.0, 0.0, 0.0, 0.0, 0.004, 0.016, 0.02, 0.032, 0.04, 0.008, 0.004, 0.0, 0.004, 0.012, 0.008, 0.004, 0.0, 0.004, 0.0, 0.0, 0.036, 0.0, 0.0, 0.0, 0.008, 0.088, 0.008, 0.048, 0.016, 0.0, 0.0, 0.024, 0.088, 0.112, 0.808, 0.864, 0.0, 0.664, 0.0, 0.0, 0.0, 0.0, 0.0, 0.0, 0.0, 0.0, 0.0, 0.0, 0.0, 0.0, 0.0, 0.016, 0.032, 0.032, 0.008, 0.0, 0.008, 0.0, 0.008, 0.0, 0.008, 0.016, 0.008, 0.0, 0.0, 0.0, 0.0], "accum_mm": [0.0, 0.0, 0.0, 0.0, 0.0, 0.0, 0.0, 0.0, 0.0, 0.004, 0.02, 0.04, 0.072, 0.112, 0.12, 0.124, 0.124, 0.128, 0.14, 0.148, 0.152, 0.152, 0.156, 0.156, 0.156, 0.192, 0.192, 0.192, 0.192, 0.2, 0.288, 0.296, 0.344, 0.36, 0.36, 0.36, 0.384, 0.472, 0.584, 1.392, 2.256, 2.256, 2.92, 2.92, 2.92, 2.92, 2.92, 2.92, 2.92, 2.92, 2.92, 2.92, 2.92, 2.92, 2.92, 2.92, 2.936, 2.968, 3.0, 3.008, 3.008, 3.016, 3.016, 3.024, 3.024, 3.032, 3.048, 3.056, 3.056, 3.056, 3.056, 3.056], "t2m_degC": [19.49, 19.41, 19.18, 19.05, 18.93, 18.85, 18.78, 18.85, 18.89, 18.89, 19.03, 18.99, 19.01, 19.03, 19.01, 19.06, 19.12, 19.14, 19.24, 19.26, 19.32, 19.34, 19.24, 18.98, 18.79, 18.7, 19.02, 19.17, 19.21, 19.17, 19.13, 19.23, 19.35, 19.49, 19.46, 19.46, 19.47, 19.31, 19.38, 19.37, 19.48, 19.58, 19.49, 19.56, 19.56, 19.61, 19.85, 19.82, 19.73, 19.49, 19.43, 19.42, 19.44, 19.42, 19.49, 19.45, 19.26, 19.16, 19.16, 19.17, 19.23, 19.28, 19.41, 19.51, 19.52, 19.59, 19.6, 19.67, 19.76, 19.83, 19.84, 19.8], "wspd_ms": [5.47, 6.24, 6.73, 6.44, 6.35, 6.57, 6.11, 5.71, 4.74, 4.01, 4.35, 3.96, 3.82, 3.35, 2.97, 3.16, 3.63, 3.54, 3.22, 3.61, 3.8, 2.94, 2.57, 2.88, 2.93, 2.49, 2.45, 2.14, 1.63, 1.7, 1.8, 3.68, 4.96, 6.39, 6.06, 5.44, 2.88, 4.28, 3.71, 4.2, 5.97, 5.02, 4.77, 4.76, 6.04, 6.36, 6.86, 6.01, 4.15, 1.7, 2.14, 3.54, 4.35, 4.86, 5.66, 6.43, 6.03, 5.44, 5.36, 4.59, 3.83, 4.2, 4.68, 5.01, 4.85, 4.51, 6.89, 5.28, 3.77, 3.4, 4.33, 4.66]}, "geometry": {"type": "Polygon", "coordinates": [[[-48.84547686828786, -26.3861688209566], [-48.845109123098865, -26.38221344279543], [-48.842515859975755, -26.37690980027565], [-48.83321925369361, -26.37358399005663], [-48.832366719705625, -26.372513116768836], [-48.83215501356909, -26.37065994018519], [-48.80550004530684, -26.372703348743787], [-48.806979650718304, -26.37707498597623], [-48.80452096887814, -26.379940470109403], [-48.80436302785255, -26.38110718981775], [-48.804981518403004, -26.3821757128513], [-48.80803996837161, -26.384074510934106], [-48.80853311834642, -26.392250007826163], [-48.809246138817464, -26.393486391191054], [-48.81157481909218, -26.39482520502268], [-48.81379376790993, -26.3942789321447], [-48.81640205683689, -26.391606359833332], [-48.81688398627546, -26.38999085571956], [-48.819294841937754, -26.390100315642133], [-48.8242537735402, -26.3923854104896], [-48.82783996170337, -26.39224076495445], [-48.83361510494519, -26.390339196534935], [-48.83956845121241, -26.392040866622743], [-48.840961852704396, -26.387854631588315], [-48.84547686828786, -26.3861688209566]]]}}, {"id": "25", "type": "Feature", "properties": {"OBJECTID": 27, "Shape_Leng": 10934.326972, "Shape_Area": 6581294.32817, "Nome_Bairr": "COSTA E SILVA", "name": "Costa E Silva", "rain_total_mm": 2.728, "temp_mean_degC": 19.4, "wind_mean_ms": 4.14, "wind_dir_deg": 69, "coverage_pct": 100.0, "run_time_utc": "2026-09-27 00:00:00", "window_local": "2026-09-26 22:00 .. 2026-09-29 21:00", "source": "CPTEC/INPE WRF AMS 7km", "valid_times_local": ["2026-09-26 22:00", "2026-09-26 23:00", "2026-09-27 00:00", "2026-09-27 01:00", "2026-09-27 02:00", "2026-09-27 03:00", "2026-09-27 04:00", "2026-09-27 05:00", "2026-09-27 06:00", "2026-09-27 07:00", "2026-09-27 08:00", "2026-09-27 09:00", "2026-09-27 10:00", "2026-09-27 11:00", "2026-09-27 12:00", "2026-09-27 13:00", "2026-09-27 14:00", "2026-09-27 15:00", "2026-09-27 16:00", "2026-09-27 17:00", "2026-09-27 18:00", "2026-09-27 19:00", "2026-09-27 20:00", "2026-09-27 21:00", "2026-09-27 22:00", "2026-09-27 23:00", "2026-09-28 00:00", "2026-09-28 01:00", "2026-09-28 02:00", "2026-09-28 03:00", "2026-09-28 04:00", "2026-09-28 05:00", "2026-09-28 06:00", "2026-09-28 07:00", "2026-09-28 08:00", "2026-09-28 09:00", "2026-09-28 10:00", "2026-09-28 11:00", "2026-09-28 12:00", "2026-09-28 13:00", "2026-09-28 14:00", "2026-09-28 15:00", "2026-09-28 16:00", "2026-09-28 17:00", "2026-09-28 18:00", "2026-09-28 19:00", "2026-09-28 20:00", "2026-09-28 21:00", "2026-09-28 22:00", "2026-09-28 23:00", "2026-09-29 00:00", "2026-09-29 01:00", "2026-09-29 02:00", "2026-09-29 03:00", "2026-09-29 04:00", "2026-09-29 05:00", "2026-09-29 06:00", "2026-09-29 07:00", "2026-09-29 08:00", "2026-09-29 09:00", "2026-09-29 10:00", "2026-09-29 11:00", "2026-09-29 12:00", "2026-09-29 13:00", "2026-09-29 14:00", "2026-09-29 15:00", "2026-09-29 16:00", "2026-09-29 17:00", "2026-09-29 18:00", "2026-09-29 19:00", "2026-09-29 20:00", "2026-09-29 21:00"], "lead_h": [1, 2, 3, 4, 5, 6, 7, 8, 9, 10, 11, 12, 13, 14, 15, 16, 17, 18, 19, 20, 21, 22, 23, 24, 25, 26, 27, 28, 29, 30, 31, 32, 33, 34, 35, 36, 37, 38, 39, 40, 41, 42, 43, 44, 45, 46, 47, 48, 49, 50, 51, 52, 53, 54, 55, 56, 57, 58, 59, 60, 61, 62, 63, 64, 65, 66, 67, 68, 69, 70, 71, 72], "precip_mm_h": [0.0, 0.0, 0.0, 0.0, 0.0, 0.0, 0.0, 0.0, 0.0, 0.024, 0.044, 0.052, 0.044, 0.044, 0.024, 0.012, 0.004, 0.02, 0.032, 0.04, 0.028, 0.0, 0.004, 0.0, 0.0, 0.012, 0.032, 0.0, 0.0, 0.016, 0.0, 0.0, 0.112, 0.144, 0.0, 0.0, 0.016, 0.008, 0.0, 1.2, 0.488, 0.056, 0.072, 0.032, 0.0, 0.0, 0.0, 0.0, 0.0, 0.0, 0.0, 0.0, 0.0, 0.0, 0.0, 0.0, 0.024, 0.032, 0.032, 0.008, 0.0, 0.008, 0.0, 0.008, 0.008, 0.008, 0.016, 0.008, 0.0, 0.008, 0.008, 0.0], "accum_mm": [0.0, 0.0, 0.0, 0.0, 0.0, 0.0, 0.0, 0.0, 0.0, 0.024, 0.068, 0.12, 0.164, 0.208, 0.232, 0.244, 0.248, 0.268, 0.3, 0.34, 0.368, 0.368, 0.372, 0.372, 0.372, 0.384, 0.416, 0.416, 0.416, 0.432, 0.432, 0.432, 0.544, 0.688, 0.688, 0.688, 0.704, 0.712, 0.712, 1.912, 2.4, 2.456, 2.528, 2.56, 2.56, 2.56, 2.56, 2.56, 2.56, 2.56, 2.56, 2.56, 2.56, 2.56, 2.56, 2.56, 2.584, 2.616, 2.648, 2.656, 2.656, 2.664, 2.664, 2.672, 2.68, 2.688, 2.704, 2.712, 2.712, 2.72, 2.728, 2.728], "t2m_degC": [19.67, 19.66, 19.39, 19.16, 19.07, 18.94, 18.88, 18.98, 19.01, 18.9, 18.9, 18.98, 19.13, 19.23, 19.26, 19.27, 19.23, 19.21, 19.29, 19.4, 19.42, 19.42, 19.42, 19.31, 19.18, 19.12, 19.16, 19.32, 19.31, 19.22, 19.25, 19.32, 19.39, 19.51, 19.46, 19.52, 19.56, 19.44, 19.47, 19.49, 19.45, 19.57, 19.58, 19.63, 19.64, 19.81, 19.88, 19.87, 19.82, 19.6, 19.5, 19.54, 19.57, 19.5, 19.53, 19.42, 19.23, 19.17, 19.17, 19.21, 19.28, 19.3, 19.42, 19.51, 19.52, 19.56, 19.65, 19.72, 19.8, 19.82, 19.82, 19.8], "wspd_ms": [4.38, 5.13, 6.52, 6.56, 6.37, 6.34, 6.11, 5.72, 4.74, 3.93, 4.1, 3.59, 3.23, 3.11, 2.67, 3.11, 3.2, 3.29, 3.16, 4.03, 4.29, 3.71, 2.23, 3.34, 2.62, 2.28, 2.51, 1.3, 1.31, 1.74, 1.93, 2.89, 4.28, 6.03, 5.04, 5.51, 3.43, 3.72, 3.99, 4.23, 5.02, 5.1, 4.76, 4.74, 6.02, 6.18, 6.89, 5.62, 3.96, 1.17, 1.98, 3.72, 3.98, 4.41, 4.7, 5.48, 5.21, 4.8, 4.02, 3.84, 3.78, 4.24, 4.55, 5.09, 5.19, 4.85, 5.14, 5.05, 2.73, 2.61, 3.46, 3.93]}, "geometry": {"type": "Polygon", "coordinates": [[[-48.89337995798124, -26.275566520133236], [-48.8959639947227, -26.268198679217107], [-48.89826818252346, -26.266050031138064], [-48.89535132207155, -26.266450696412225], [-48.89436807251629, -26.26623373662591], [-48.8938319009995, -26.265090966962845], [-48.88379639840031, -26.264175631166975], [-48.87829758417496, -26.266532940418475], [-48.87475877489782, -26.264736544827624], [-48.869415439585076, -26.264610307084315], [-48.8673778250387, -26.263458423934996], [-48.86182090259818, -26.26402858377378], [-48.863303189919804, -26.27361913969526], [-48.86393589672717, -26.28377458604271], [-48.86819751474699, -26.286006574723956], [-48.87276239917653, -26.284764438752344], [-48.8852619635138, -26.28425145779022], [-48.88700289915236, -26.283096993157077], [-48.88934762027437, -26.282671577038855], [-48.89337995798124, -26.275566520133236]]]}}, {"id": "26", "type": "Feature", "properties": {"OBJECTID": 28, "Shape_Leng": 6140.16238943, "Shape_Area": 2199346.90026, "Nome_Bairr": "SANTO ANTÔNIO", "name": "Santo Antônio", "rain_total_mm": 2.728, "temp_mean_degC": 19.4, "wind_mean_ms": 4.14, "wind_dir_deg": 69, "coverage_pct": 100.0, "run_time_utc": "2026-09-27 00:00:00", "window_local": "2026-09-26 22:00 .. 2026-09-29 21:00", "source": "CPTEC/INPE WRF AMS 7km", "valid_times_local": ["2026-09-26 22:00", "2026-09-26 23:00", "2026-09-27 00:00", "2026-09-27 01:00", "2026-09-27 02:00", "2026-09-27 03:00", "2026-09-27 04:00", "2026-09-27 05:00", "2026-09-27 06:00", "2026-09-27 07:00", "2026-09-27 08:00", "2026-09-27 09:00", "2026-09-27 10:00", "2026-09-27 11:00", "2026-09-27 12:00", "2026-09-27 13:00", "2026-09-27 14:00", "2026-09-27 15:00", "2026-09-27 16:00", "2026-09-27 17:00", "2026-09-27 18:00", "2026-09-27 19:00", "2026-09-27 20:00", "2026-09-27 21:00", "2026-09-27 22:00", "2026-09-27 23:00", "2026-09-28 00:00", "2026-09-28 01:00", "2026-09-28 02:00", "2026-09-28 03:00", "2026-09-28 04:00", "2026-09-28 05:00", "2026-09-28 06:00", "2026-09-28 07:00", "2026-09-28 08:00", "2026-09-28 09:00", "2026-09-28 10:00", "2026-09-28 11:00", "2026-09-28 12:00", "2026-09-28 13:00", "2026-09-28 14:00", "2026-09-28 15:00", "2026-09-28 16:00", "2026-09-28 17:00", "2026-09-28 18:00", "2026-09-28 19:00", "2026-09-28 20:00", "2026-09-28 21:00", "2026-09-28 22:00", "2026-09-28 23:00", "2026-09-29 00:00", "2026-09-29 01:00", "2026-09-29 02:00", "2026-09-29 03:00", "2026-09-29 04:00", "2026-09-29 05:00", "2026-09-29 06:00", "2026-09-29 07:00", "2026-09-29 08:00", "2026-09-29 09:00", "2026-09-29 10:00", "2026-09-29 11:00", "2026-09-29 12:00", "2026-09-29 13:00", "2026-09-29 14:00", "2026-09-29 15:00", "2026-09-29 16:00", "2026-09-29 17:00", "2026-09-29 18:00", "2026-09-29 19:00", "2026-09-29 20:00", "2026-09-29 21:00"], "lead_h": [1, 2, 3, 4, 5, 6, 7, 8, 9, 10, 11, 12, 13, 14, 15, 16, 17, 18, 19, 20, 21, 22, 23, 24, 25, 26, 27, 28, 29, 30, 31, 32, 33, 34, 35, 36, 37, 38, 39, 40, 41, 42, 43, 44, 45, 46, 47, 48, 49, 50, 51, 52, 53, 54, 55, 56, 57, 58, 59, 60, 61, 62, 63, 64, 65, 66, 67, 68, 69, 70, 71, 72], "precip_mm_h": [0.0, 0.0, 0.0, 0.0, 0.0, 0.0, 0.0, 0.0, 0.0, 0.024, 0.044, 0.052, 0.044, 0.044, 0.024, 0.012, 0.004, 0.02, 0.032, 0.04, 0.028, 0.0, 0.004, 0.0, 0.0, 0.012, 0.032, 0.0, 0.0, 0.016, 0.0, 0.0, 0.112, 0.144, 0.0, 0.0, 0.016, 0.008, 0.0, 1.2, 0.488, 0.056, 0.072, 0.032, 0.0, 0.0, 0.0, 0.0, 0.0, 0.0, 0.0, 0.0, 0.0, 0.0, 0.0, 0.0, 0.024, 0.032, 0.032, 0.008, 0.0, 0.008, 0.0, 0.008, 0.008, 0.008, 0.016, 0.008, 0.0, 0.008, 0.008, 0.0], "accum_mm": [0.0, 0.0, 0.0, 0.0, 0.0, 0.0, 0.0, 0.0, 0.0, 0.024, 0.068, 0.12, 0.164, 0.208, 0.232, 0.244, 0.248, 0.268, 0.3, 0.34, 0.368, 0.368, 0.372, 0.372, 0.372, 0.384, 0.416, 0.416, 0.416, 0.432, 0.432, 0.432, 0.544, 0.688, 0.688, 0.688, 0.704, 0.712, 0.712, 1.912, 2.4, 2.456, 2.528, 2.56, 2.56, 2.56, 2.56, 2.56, 2.56, 2.56, 2.56, 2.56, 2.56, 2.56, 2.56, 2.56, 2.584, 2.616, 2.648, 2.656, 2.656, 2.664, 2.664, 2.672, 2.68, 2.688, 2.704, 2.712, 2.712, 2.72, 2.728, 2.728], "t2m_degC": [19.67, 19.66, 19.39, 19.16, 19.07, 18.94, 18.88, 18.98, 19.01, 18.9, 18.9, 18.98, 19.13, 19.23, 19.26, 19.27, 19.23, 19.21, 19.29, 19.4, 19.42, 19.42, 19.42, 19.31, 19.18, 19.12, 19.16, 19.32, 19.31, 19.22, 19.25, 19.32, 19.39, 19.51, 19.46, 19.52, 19.56, 19.44, 19.47, 19.49, 19.45, 19.57, 19.58, 19.63, 19.64, 19.81, 19.88, 19.87, 19.82, 19.6, 19.5, 19.54, 19.57, 19.5, 19.53, 19.42, 19.23, 19.17, 19.17, 19.21, 19.28, 19.3, 19.42, 19.51, 19.52, 19.56, 19.65, 19.72, 19.8, 19.82, 19.82, 19.8], "wspd_ms": [4.38, 5.13, 6.52, 6.56, 6.37, 6.34, 6.11, 5.72, 4.74, 3.93, 4.1, 3.59, 3.23, 3.11, 2.67, 3.11, 3.2, 3.29, 3.16, 4.03, 4.29, 3.71, 2.23, 3.34, 2.62, 2.28, 2.51, 1.3, 1.31, 1.74, 1.93, 2.89, 4.28, 6.03, 5.04, 5.51, 3.43, 3.72, 3.99, 4.23, 5.02, 5.1, 4.76, 4.74, 6.02, 6.18, 6.89, 5.62, 3.96, 1.17, 1.98, 3.72, 3.98, 4.41, 4.7, 5.48, 5.21, 4.8, 4.02, 3.84, 3.78, 4.24, 4.55, 5.09, 5.19, 4.85, 5.14, 5.05, 2.73, 2.61, 3.46, 3.93]}, "geometry": {"type": "Polygon", "coordinates": [[[-48.849800246877585, -26.27750338139993], [-48.86360234865216, -26.278297611234652], [-48.86194595510634, -26.263736740077224], [-48.854721454554344, -26.26033883708189], [-48.851593009031724, -26.259624055731162], [-48.849800246877585, -26.27750338139993]]]}}, {"id": "27", "type": "Feature", "properties": {"OBJECTID": 29, "Shape_Leng": 8608.58193652, "Shape_Area": 3410211.93599, "Nome_Bairr": "JOÃO COSTA", "name": "João Costa", "rain_total_mm": 2.472, "temp_mean_degC": 19.4, "wind_mean_ms": 4.36, "wind_dir_deg": 64, "coverage_pct": 100.0, "run_time_utc": "2026-09-27 00:00:00", "window_local": "2026-09-26 22:00 .. 2026-09-29 21:00", "source": "CPTEC/INPE WRF AMS 7km", "valid_times_local": ["2026-09-26 22:00", "2026-09-26 23:00", "2026-09-27 00:00", "2026-09-27 01:00", "2026-09-27 02:00", "2026-09-27 03:00", "2026-09-27 04:00", "2026-09-27 05:00", "2026-09-27 06:00", "2026-09-27 07:00", "2026-09-27 08:00", "2026-09-27 09:00", "2026-09-27 10:00", "2026-09-27 11:00", "2026-09-27 12:00", "2026-09-27 13:00", "2026-09-27 14:00", "2026-09-27 15:00", "2026-09-27 16:00", "2026-09-27 17:00", "2026-09-27 18:00", "2026-09-27 19:00", "2026-09-27 20:00", "2026-09-27 21:00", "2026-09-27 22:00", "2026-09-27 23:00", "2026-09-28 00:00", "2026-09-28 01:00", "2026-09-28 02:00", "2026-09-28 03:00", "2026-09-28 04:00", "2026-09-28 05:00", "2026-09-28 06:00", "2026-09-28 07:00", "2026-09-28 08:00", "2026-09-28 09:00", "2026-09-28 10:00", "2026-09-28 11:00", "2026-09-28 12:00", "2026-09-28 13:00", "2026-09-28 14:00", "2026-09-28 15:00", "2026-09-28 16:00", "2026-09-28 17:00", "2026-09-28 18:00", "2026-09-28 19:00", "2026-09-28 20:00", "2026-09-28 21:00", "2026-09-28 22:00", "2026-09-28 23:00", "2026-09-29 00:00", "2026-09-29 01:00", "2026-09-29 02:00", "2026-09-29 03:00", "2026-09-29 04:00", "2026-09-29 05:00", "2026-09-29 06:00", "2026-09-29 07:00", "2026-09-29 08:00", "2026-09-29 09:00", "2026-09-29 10:00", "2026-09-29 11:00", "2026-09-29 12:00", "2026-09-29 13:00", "2026-09-29 14:00", "2026-09-29 15:00", "2026-09-29 16:00", "2026-09-29 17:00", "2026-09-29 18:00", "2026-09-29 19:00", "2026-09-29 20:00", "2026-09-29 21:00"], "lead_h": [1, 2, 3, 4, 5, 6, 7, 8, 9, 10, 11, 12, 13, 14, 15, 16, 17, 18, 19, 20, 21, 22, 23, 24, 25, 26, 27, 28, 29, 30, 31, 32, 33, 34, 35, 36, 37, 38, 39, 40, 41, 42, 43, 44, 45, 46, 47, 48, 49, 50, 51, 52, 53, 54, 55, 56, 57, 58, 59, 60, 61, 62, 63, 64, 65, 66, 67, 68, 69, 70, 71, 72], "precip_mm_h": [0.0, 0.0, 0.0, 0.0, 0.0, 0.0, 0.0, 0.0, 0.0, 0.008, 0.02, 0.032, 0.036, 0.04, 0.016, 0.004, 0.0, 0.008, 0.02, 0.008, 0.0, 0.004, 0.0, 0.0, 0.004, 0.016, 0.0, 0.0, 0.008, 0.04, 0.088, 0.0, 0.056, 0.024, 0.0, 0.0, 0.024, 0.048, 0.032, 0.624, 0.808, 0.008, 0.336, 0.016, 0.0, 0.0, 0.0, 0.0, 0.0, 0.0, 0.0, 0.0, 0.0, 0.0, 0.0, 0.0, 0.016, 0.04, 0.024, 0.008, 0.008, 0.0, 0.008, 0.008, 0.0, 0.008, 0.008, 0.008, 0.0, 0.0, 0.008, 0.0], "accum_mm": [0.0, 0.0, 0.0, 0.0, 0.0, 0.0, 0.0, 0.0, 0.0, 0.008, 0.028, 0.06, 0.096, 0.136, 0.152, 0.156, 0.156, 0.164, 0.184, 0.192, 0.192, 0.196, 0.196, 0.196, 0.2, 0.216, 0.216, 0.216, 0.224, 0.264, 0.352, 0.352, 0.408, 0.432, 0.432, 0.432, 0.456, 0.504, 0.536, 1.16, 1.968, 1.976, 2.312, 2.328, 2.328, 2.328, 2.328, 2.328, 2.328, 2.328, 2.328, 2.328, 2.328, 2.328, 2.328, 2.328, 2.344, 2.384, 2.408, 2.416, 2.424, 2.424, 2.432, 2.44, 2.44, 2.448, 2.456, 2.464, 2.464, 2.464, 2.472, 2.472], "t2m_degC": [19.54, 19.5, 19.25, 19.1, 18.97, 18.89, 18.82, 18.9, 19.03, 19.0, 19.1, 19.08, 19.07, 19.14, 19.12, 19.14, 19.17, 19.17, 19.27, 19.33, 19.36, 19.38, 19.32, 19.1, 18.95, 18.93, 19.1, 19.26, 19.25, 19.19, 19.19, 19.32, 19.41, 19.53, 19.48, 19.5, 19.51, 19.37, 19.42, 19.4, 19.47, 19.61, 19.55, 19.6, 19.57, 19.64, 19.84, 19.83, 19.76, 19.54, 19.45, 19.48, 19.5, 19.46, 19.53, 19.44, 19.23, 19.16, 19.17, 19.2, 19.26, 19.3, 19.43, 19.53, 19.52, 19.6, 19.67, 19.7, 19.84, 19.87, 19.85, 19.8], "wspd_ms": [5.08, 5.71, 6.54, 6.45, 6.42, 6.46, 6.07, 5.66, 4.73, 3.96, 4.19, 3.75, 3.47, 3.15, 2.71, 3.04, 3.37, 3.44, 3.3, 3.84, 3.91, 3.11, 2.26, 3.16, 3.05, 2.38, 2.55, 1.79, 1.62, 1.84, 1.95, 3.6, 4.99, 6.53, 5.59, 5.59, 3.13, 4.11, 3.78, 4.24, 5.27, 5.49, 4.47, 4.6, 5.93, 6.19, 7.05, 5.9, 4.36, 1.47, 1.98, 3.92, 4.55, 4.87, 5.46, 6.24, 5.86, 5.33, 4.96, 4.49, 3.96, 4.25, 4.87, 5.31, 5.45, 4.74, 5.79, 5.18, 3.68, 3.39, 4.18, 4.31]}, "geometry": {"type": "Polygon", "coordinates": [[[-48.82156772213702, -26.34099218688614], [-48.80745965891906, -26.33961419580876], [-48.8041056728448, -26.33829746127845], [-48.79942848615358, -26.339712438352343], [-48.7971991774061, -26.3418481415212], [-48.795366662536274, -26.342287912890942], [-48.794408132344785, -26.343257511410563], [-48.80239156378037, -26.349979723614727], [-48.80655428639338, -26.350964384362474], [-48.81127904790879, -26.349882789093748], [-48.81349979228229, -26.354542673546366], [-48.8139954748916, -26.35398747860172], [-48.816134750227704, -26.355666010961436], [-48.82007875646328, -26.355360232514652], [-48.82025426797243, -26.352363934212665], [-48.822356202522236, -26.35330621959926], [-48.82313903358177, -26.351047591478977], [-48.82492630065697, -26.3503628209269], [-48.823443147569805, -26.348191959518598], [-48.82407285821831, -26.34514072652696], [-48.82256247734005, -26.344401152077584], [-48.82156772213702, -26.34099218688614]]]}}, {"id": "28", "type": "Feature", "properties": {"OBJECTID": 30, "Shape_Leng": 9799.90001845, "Shape_Area": 3043925.74162, "Nome_Bairr": "PETRÓPOLIS", "name": "Petrópolis", "rain_total_mm": 2.472, "temp_mean_degC": 19.4, "wind_mean_ms": 4.36, "wind_dir_deg": 64, "coverage_pct": 100.0, "run_time_utc": "2026-09-27 00:00:00", "window_local": "2026-09-26 22:00 .. 2026-09-29 21:00", "source": "CPTEC/INPE WRF AMS 7km", "valid_times_local": ["2026-09-26 22:00", "2026-09-26 23:00", "2026-09-27 00:00", "2026-09-27 01:00", "2026-09-27 02:00", "2026-09-27 03:00", "2026-09-27 04:00", "2026-09-27 05:00", "2026-09-27 06:00", "2026-09-27 07:00", "2026-09-27 08:00", "2026-09-27 09:00", "2026-09-27 10:00", "2026-09-27 11:00", "2026-09-27 12:00", "2026-09-27 13:00", "2026-09-27 14:00", "2026-09-27 15:00", "2026-09-27 16:00", "2026-09-27 17:00", "2026-09-27 18:00", "2026-09-27 19:00", "2026-09-27 20:00", "2026-09-27 21:00", "2026-09-27 22:00", "2026-09-27 23:00", "2026-09-28 00:00", "2026-09-28 01:00", "2026-09-28 02:00", "2026-09-28 03:00", "2026-09-28 04:00", "2026-09-28 05:00", "2026-09-28 06:00", "2026-09-28 07:00", "2026-09-28 08:00", "2026-09-28 09:00", "2026-09-28 10:00", "2026-09-28 11:00", "2026-09-28 12:00", "2026-09-28 13:00", "2026-09-28 14:00", "2026-09-28 15:00", "2026-09-28 16:00", "2026-09-28 17:00", "2026-09-28 18:00", "2026-09-28 19:00", "2026-09-28 20:00", "2026-09-28 21:00", "2026-09-28 22:00", "2026-09-28 23:00", "2026-09-29 00:00", "2026-09-29 01:00", "2026-09-29 02:00", "2026-09-29 03:00", "2026-09-29 04:00", "2026-09-29 05:00", "2026-09-29 06:00", "2026-09-29 07:00", "2026-09-29 08:00", "2026-09-29 09:00", "2026-09-29 10:00", "2026-09-29 11:00", "2026-09-29 12:00", "2026-09-29 13:00", "2026-09-29 14:00", "2026-09-29 15:00", "2026-09-29 16:00", "2026-09-29 17:00", "2026-09-29 18:00", "2026-09-29 19:00", "2026-09-29 20:00", "2026-09-29 21:00"], "lead_h": [1, 2, 3, 4, 5, 6, 7, 8, 9, 10, 11, 12, 13, 14, 15, 16, 17, 18, 19, 20, 21, 22, 23, 24, 25, 26, 27, 28, 29, 30, 31, 32, 33, 34, 35, 36, 37, 38, 39, 40, 41, 42, 43, 44, 45, 46, 47, 48, 49, 50, 51, 52, 53, 54, 55, 56, 57, 58, 59, 60, 61, 62, 63, 64, 65, 66, 67, 68, 69, 70, 71, 72], "precip_mm_h": [0.0, 0.0, 0.0, 0.0, 0.0, 0.0, 0.0, 0.0, 0.0, 0.008, 0.02, 0.032, 0.036, 0.04, 0.016, 0.004, 0.0, 0.008, 0.02, 0.008, 0.0, 0.004, 0.0, 0.0, 0.004, 0.016, 0.0, 0.0, 0.008, 0.04, 0.088, 0.0, 0.056, 0.024, 0.0, 0.0, 0.024, 0.048, 0.032, 0.624, 0.808, 0.008, 0.336, 0.016, 0.0, 0.0, 0.0, 0.0, 0.0, 0.0, 0.0, 0.0, 0.0, 0.0, 0.0, 0.0, 0.016, 0.04, 0.024, 0.008, 0.008, 0.0, 0.008, 0.008, 0.0, 0.008, 0.008, 0.008, 0.0, 0.0, 0.008, 0.0], "accum_mm": [0.0, 0.0, 0.0, 0.0, 0.0, 0.0, 0.0, 0.0, 0.0, 0.008, 0.028, 0.06, 0.096, 0.136, 0.152, 0.156, 0.156, 0.164, 0.184, 0.192, 0.192, 0.196, 0.196, 0.196, 0.2, 0.216, 0.216, 0.216, 0.224, 0.264, 0.352, 0.352, 0.408, 0.432, 0.432, 0.432, 0.456, 0.504, 0.536, 1.16, 1.968, 1.976, 2.312, 2.328, 2.328, 2.328, 2.328, 2.328, 2.328, 2.328, 2.328, 2.328, 2.328, 2.328, 2.328, 2.328, 2.344, 2.384, 2.408, 2.416, 2.424, 2.424, 2.432, 2.44, 2.44, 2.448, 2.456, 2.464, 2.464, 2.464, 2.472, 2.472], "t2m_degC": [19.54, 19.5, 19.25, 19.1, 18.97, 18.89, 18.82, 18.9, 19.03, 19.0, 19.1, 19.08, 19.07, 19.14, 19.12, 19.14, 19.17, 19.17, 19.27, 19.33, 19.36, 19.38, 19.32, 19.1, 18.95, 18.93, 19.1, 19.26, 19.25, 19.19, 19.19, 19.32, 19.41, 19.53, 19.48, 19.5, 19.51, 19.37, 19.42, 19.4, 19.47, 19.61, 19.55, 19.6, 19.57, 19.64, 19.84, 19.83, 19.76, 19.54, 19.45, 19.48, 19.5, 19.46, 19.53, 19.44, 19.23, 19.16, 19.17, 19.2, 19.26, 19.3, 19.43, 19.53, 19.52, 19.6, 19.67, 19.7, 19.84, 19.87, 19.85, 19.8], "wspd_ms": [5.08, 5.71, 6.54, 6.45, 6.42, 6.46, 6.07, 5.66, 4.73, 3.96, 4.19, 3.75, 3.47, 3.15, 2.71, 3.04, 3.37, 3.44, 3.3, 3.84, 3.91, 3.11, 2.26, 3.16, 3.05, 2.38, 2.55, 1.79, 1.62, 1.84, 1.95, 3.6, 4.99, 6.53, 5.59, 5.59, 3.13, 4.11, 3.78, 4.24, 5.27, 5.49, 4.47, 4.6, 5.93, 6.19, 7.05, 5.9, 4.36, 1.47, 1.98, 3.92, 4.55, 4.87, 5.46, 6.24, 5.86, 5.33, 4.96, 4.49, 3.96, 4.25, 4.87, 5.31, 5.45, 4.74, 5.79, 5.18, 3.68, 3.39, 4.18, 4.31]}, "geometry": {"type": "Polygon", "coordinates": [[[-48.824088083805044, -26.34517823296085], [-48.823592300446855, -26.348791710942507], [-48.82491454538859, -26.350391433575975], [-48.82313903358177, -26.351047591478977], [-48.822356202522236, -26.35330621959926], [-48.82025426797243, -26.352363934212665], [-48.819921707427525, -26.356944421358953], [-48.81822799701469, -26.35838606611832], [-48.8182059972156, -26.359526259410575], [-48.819896043044906, -26.359375028825234], [-48.822726493294724, -26.357935672458833], [-48.822577110868025, -26.356711717797065], [-48.82629643047048, -26.356201431608604], [-48.82614331235257, -26.35488599422761], [-48.83870580739932, -26.35464862222316], [-48.83878781488885, -26.351687421293988], [-48.842125475548535, -26.347246567240568], [-48.84309792746226, -26.34143343456978], [-48.84144117421691, -26.339361391294805], [-48.83966516298766, -26.339002758509608], [-48.83769624519522, -26.340603420485163], [-48.834988652931244, -26.34119042759873], [-48.83238840059315, -26.343508741135636], [-48.83161165348042, -26.342316992473975], [-48.830185810544705, -26.342908140396265], [-48.82569067981516, -26.338512265082368], [-48.82156772213702, -26.34099218688614], [-48.82256247734005, -26.344401152077584], [-48.824088083805044, -26.34517823296085]]]}}, {"id": "29", "type": "Feature", "properties": {"OBJECTID": 31, "Shape_Leng": 8843.36707233, "Shape_Area": 3177918.21413, "Nome_Bairr": "ITAUM", "name": "Itaum", "rain_total_mm": 2.472, "temp_mean_degC": 19.4, "wind_mean_ms": 4.36, "wind_dir_deg": 64, "coverage_pct": 100.0, "run_time_utc": "2026-09-27 00:00:00", "window_local": "2026-09-26 22:00 .. 2026-09-29 21:00", "source": "CPTEC/INPE WRF AMS 7km", "valid_times_local": ["2026-09-26 22:00", "2026-09-26 23:00", "2026-09-27 00:00", "2026-09-27 01:00", "2026-09-27 02:00", "2026-09-27 03:00", "2026-09-27 04:00", "2026-09-27 05:00", "2026-09-27 06:00", "2026-09-27 07:00", "2026-09-27 08:00", "2026-09-27 09:00", "2026-09-27 10:00", "2026-09-27 11:00", "2026-09-27 12:00", "2026-09-27 13:00", "2026-09-27 14:00", "2026-09-27 15:00", "2026-09-27 16:00", "2026-09-27 17:00", "2026-09-27 18:00", "2026-09-27 19:00", "2026-09-27 20:00", "2026-09-27 21:00", "2026-09-27 22:00", "2026-09-27 23:00", "2026-09-28 00:00", "2026-09-28 01:00", "2026-09-28 02:00", "2026-09-28 03:00", "2026-09-28 04:00", "2026-09-28 05:00", "2026-09-28 06:00", "2026-09-28 07:00", "2026-09-28 08:00", "2026-09-28 09:00", "2026-09-28 10:00", "2026-09-28 11:00", "2026-09-28 12:00", "2026-09-28 13:00", "2026-09-28 14:00", "2026-09-28 15:00", "2026-09-28 16:00", "2026-09-28 17:00", "2026-09-28 18:00", "2026-09-28 19:00", "2026-09-28 20:00", "2026-09-28 21:00", "2026-09-28 22:00", "2026-09-28 23:00", "2026-09-29 00:00", "2026-09-29 01:00", "2026-09-29 02:00", "2026-09-29 03:00", "2026-09-29 04:00", "2026-09-29 05:00", "2026-09-29 06:00", "2026-09-29 07:00", "2026-09-29 08:00", "2026-09-29 09:00", "2026-09-29 10:00", "2026-09-29 11:00", "2026-09-29 12:00", "2026-09-29 13:00", "2026-09-29 14:00", "2026-09-29 15:00", "2026-09-29 16:00", "2026-09-29 17:00", "2026-09-29 18:00", "2026-09-29 19:00", "2026-09-29 20:00", "2026-09-29 21:00"], "lead_h": [1, 2, 3, 4, 5, 6, 7, 8, 9, 10, 11, 12, 13, 14, 15, 16, 17, 18, 19, 20, 21, 22, 23, 24, 25, 26, 27, 28, 29, 30, 31, 32, 33, 34, 35, 36, 37, 38, 39, 40, 41, 42, 43, 44, 45, 46, 47, 48, 49, 50, 51, 52, 53, 54, 55, 56, 57, 58, 59, 60, 61, 62, 63, 64, 65, 66, 67, 68, 69, 70, 71, 72], "precip_mm_h": [0.0, 0.0, 0.0, 0.0, 0.0, 0.0, 0.0, 0.0, 0.0, 0.008, 0.02, 0.032, 0.036, 0.04, 0.016, 0.004, 0.0, 0.008, 0.02, 0.008, 0.0, 0.004, 0.0, 0.0, 0.004, 0.016, 0.0, 0.0, 0.008, 0.04, 0.088, 0.0, 0.056, 0.024, 0.0, 0.0, 0.024, 0.048, 0.032, 0.624, 0.808, 0.008, 0.336, 0.016, 0.0, 0.0, 0.0, 0.0, 0.0, 0.0, 0.0, 0.0, 0.0, 0.0, 0.0, 0.0, 0.016, 0.04, 0.024, 0.008, 0.008, 0.0, 0.008, 0.008, 0.0, 0.008, 0.008, 0.008, 0.0, 0.0, 0.008, 0.0], "accum_mm": [0.0, 0.0, 0.0, 0.0, 0.0, 0.0, 0.0, 0.0, 0.0, 0.008, 0.028, 0.06, 0.096, 0.136, 0.152, 0.156, 0.156, 0.164, 0.184, 0.192, 0.192, 0.196, 0.196, 0.196, 0.2, 0.216, 0.216, 0.216, 0.224, 0.264, 0.352, 0.352, 0.408, 0.432, 0.432, 0.432, 0.456, 0.504, 0.536, 1.16, 1.968, 1.976, 2.312, 2.328, 2.328, 2.328, 2.328, 2.328, 2.328, 2.328, 2.328, 2.328, 2.328, 2.328, 2.328, 2.328, 2.344, 2.384, 2.408, 2.416, 2.424, 2.424, 2.432, 2.44, 2.44, 2.448, 2.456, 2.464, 2.464, 2.464, 2.472, 2.472], "t2m_degC": [19.54, 19.5, 19.25, 19.1, 18.97, 18.89, 18.82, 18.9, 19.03, 19.0, 19.1, 19.08, 19.07, 19.14, 19.12, 19.14, 19.17, 19.17, 19.27, 19.33, 19.36, 19.38, 19.32, 19.1, 18.95, 18.93, 19.1, 19.26, 19.25, 19.19, 19.19, 19.32, 19.41, 19.53, 19.48, 19.5, 19.51, 19.37, 19.42, 19.4, 19.47, 19.61, 19.55, 19.6, 19.57, 19.64, 19.84, 19.83, 19.76, 19.54, 19.45, 19.48, 19.5, 19.46, 19.53, 19.44, 19.23, 19.16, 19.17, 19.2, 19.26, 19.3, 19.43, 19.53, 19.52, 19.6, 19.67, 19.7, 19.84, 19.87, 19.85, 19.8], "wspd_ms": [5.08, 5.71, 6.54, 6.45, 6.42, 6.46, 6.07, 5.66, 4.73, 3.96, 4.19, 3.75, 3.47, 3.15, 2.71, 3.04, 3.37, 3.44, 3.3, 3.84, 3.91, 3.11, 2.26, 3.16, 3.05, 2.38, 2.55, 1.79, 1.62, 1.84, 1.95, 3.6, 4.99, 6.53, 5.59, 5.59, 3.13, 4.11, 3.78, 4.24, 5.27, 5.49, 4.47, 4.6, 5.93, 6.19, 7.05, 5.9, 4.36, 1.47, 1.98, 3.92, 4.55, 4.87, 5.46, 6.24, 5.86, 5.33, 4.96, 4.49, 3.96, 4.25, 4.87, 5.31, 5.45, 4.74, 5.79, 5.18, 3.68, 3.39, 4.18, 4.31]}, "geometry": {"type": "Polygon", "coordinates": [[[-48.83024441778909, -26.330907546531886], [-48.82662246418137, -26.3309679306194], [-48.816969221910405, -26.33327531843206], [-48.81713733228333, -26.337641107544727], [-48.81648048429064, -26.340495436733082], [-48.82186768378127, -26.34096786691892], [-48.82569067981516, -26.338512265082368], [-48.830185810544705, -26.342908140396265], [-48.83161165348042, -26.342316992473975], [-48.83238840059315, -26.343508741135636], [-48.83616045678258, -26.340592052859535], [-48.83769624519522, -26.340603420485163], [-48.83966516298766, -26.339002758509608], [-48.84144117421691, -26.339361391294805], [-48.842289759996895, -26.32322032990504], [-48.84013395728953, -26.323868963480905], [-48.838668568769904, -26.3224083814834], [-48.83468167069132, -26.32764978705711], [-48.83024441778909, -26.330907546531886]]]}}, {"id": "30", "type": "Feature", "properties": {"OBJECTID": 32, "Shape_Leng": 5894.64783446, "Shape_Area": 2040076.96029, "Nome_Bairr": "BUCAREIN", "name": "Bucarein", "rain_total_mm": 2.472, "temp_mean_degC": 19.4, "wind_mean_ms": 4.36, "wind_dir_deg": 64, "coverage_pct": 100.0, "run_time_utc": "2026-09-27 00:00:00", "window_local": "2026-09-26 22:00 .. 2026-09-29 21:00", "source": "CPTEC/INPE WRF AMS 7km", "valid_times_local": ["2026-09-26 22:00", "2026-09-26 23:00", "2026-09-27 00:00", "2026-09-27 01:00", "2026-09-27 02:00", "2026-09-27 03:00", "2026-09-27 04:00", "2026-09-27 05:00", "2026-09-27 06:00", "2026-09-27 07:00", "2026-09-27 08:00", "2026-09-27 09:00", "2026-09-27 10:00", "2026-09-27 11:00", "2026-09-27 12:00", "2026-09-27 13:00", "2026-09-27 14:00", "2026-09-27 15:00", "2026-09-27 16:00", "2026-09-27 17:00", "2026-09-27 18:00", "2026-09-27 19:00", "2026-09-27 20:00", "2026-09-27 21:00", "2026-09-27 22:00", "2026-09-27 23:00", "2026-09-28 00:00", "2026-09-28 01:00", "2026-09-28 02:00", "2026-09-28 03:00", "2026-09-28 04:00", "2026-09-28 05:00", "2026-09-28 06:00", "2026-09-28 07:00", "2026-09-28 08:00", "2026-09-28 09:00", "2026-09-28 10:00", "2026-09-28 11:00", "2026-09-28 12:00", "2026-09-28 13:00", "2026-09-28 14:00", "2026-09-28 15:00", "2026-09-28 16:00", "2026-09-28 17:00", "2026-09-28 18:00", "2026-09-28 19:00", "2026-09-28 20:00", "2026-09-28 21:00", "2026-09-28 22:00", "2026-09-28 23:00", "2026-09-29 00:00", "2026-09-29 01:00", "2026-09-29 02:00", "2026-09-29 03:00", "2026-09-29 04:00", "2026-09-29 05:00", "2026-09-29 06:00", "2026-09-29 07:00", "2026-09-29 08:00", "2026-09-29 09:00", "2026-09-29 10:00", "2026-09-29 11:00", "2026-09-29 12:00", "2026-09-29 13:00", "2026-09-29 14:00", "2026-09-29 15:00", "2026-09-29 16:00", "2026-09-29 17:00", "2026-09-29 18:00", "2026-09-29 19:00", "2026-09-29 20:00", "2026-09-29 21:00"], "lead_h": [1, 2, 3, 4, 5, 6, 7, 8, 9, 10, 11, 12, 13, 14, 15, 16, 17, 18, 19, 20, 21, 22, 23, 24, 25, 26, 27, 28, 29, 30, 31, 32, 33, 34, 35, 36, 37, 38, 39, 40, 41, 42, 43, 44, 45, 46, 47, 48, 49, 50, 51, 52, 53, 54, 55, 56, 57, 58, 59, 60, 61, 62, 63, 64, 65, 66, 67, 68, 69, 70, 71, 72], "precip_mm_h": [0.0, 0.0, 0.0, 0.0, 0.0, 0.0, 0.0, 0.0, 0.0, 0.008, 0.02, 0.032, 0.036, 0.04, 0.016, 0.004, 0.0, 0.008, 0.02, 0.008, 0.0, 0.004, 0.0, 0.0, 0.004, 0.016, 0.0, 0.0, 0.008, 0.04, 0.088, 0.0, 0.056, 0.024, 0.0, 0.0, 0.024, 0.048, 0.032, 0.624, 0.808, 0.008, 0.336, 0.016, 0.0, 0.0, 0.0, 0.0, 0.0, 0.0, 0.0, 0.0, 0.0, 0.0, 0.0, 0.0, 0.016, 0.04, 0.024, 0.008, 0.008, 0.0, 0.008, 0.008, 0.0, 0.008, 0.008, 0.008, 0.0, 0.0, 0.008, 0.0], "accum_mm": [0.0, 0.0, 0.0, 0.0, 0.0, 0.0, 0.0, 0.0, 0.0, 0.008, 0.028, 0.06, 0.096, 0.136, 0.152, 0.156, 0.156, 0.164, 0.184, 0.192, 0.192, 0.196, 0.196, 0.196, 0.2, 0.216, 0.216, 0.216, 0.224, 0.264, 0.352, 0.352, 0.408, 0.432, 0.432, 0.432, 0.456, 0.504, 0.536, 1.16, 1.968, 1.976, 2.312, 2.328, 2.328, 2.328, 2.328, 2.328, 2.328, 2.328, 2.328, 2.328, 2.328, 2.328, 2.328, 2.328, 2.344, 2.384, 2.408, 2.416, 2.424, 2.424, 2.432, 2.44, 2.44, 2.448, 2.456, 2.464, 2.464, 2.464, 2.472, 2.472], "t2m_degC": [19.54, 19.5, 19.25, 19.1, 18.97, 18.89, 18.82, 18.9, 19.03, 19.0, 19.1, 19.08, 19.07, 19.14, 19.12, 19.14, 19.17, 19.17, 19.27, 19.33, 19.36, 19.38, 19.32, 19.1, 18.95, 18.93, 19.1, 19.26, 19.25, 19.19, 19.19, 19.32, 19.41, 19.53, 19.48, 19.5, 19.51, 19.37, 19.42, 19.4, 19.47, 19.61, 19.55, 19.6, 19.57, 19.64, 19.84, 19.83, 19.76, 19.54, 19.45, 19.48, 19.5, 19.46, 19.53, 19.44, 19.23, 19.16, 19.17, 19.2, 19.26, 19.3, 19.43, 19.53, 19.52, 19.6, 19.67, 19.7, 19.84, 19.87, 19.85, 19.8], "wspd_ms": [5.08, 5.71, 6.54, 6.45, 6.42, 6.46, 6.07, 5.66, 4.73, 3.96, 4.19, 3.75, 3.47, 3.15, 2.71, 3.04, 3.37, 3.44, 3.3, 3.84, 3.91, 3.11, 2.26, 3.16, 3.05, 2.38, 2.55, 1.79, 1.62, 1.84, 1.95, 3.6, 4.99, 6.53, 5.59, 5.59, 3.13, 4.11, 3.78, 4.24, 5.27, 5.49, 4.47, 4.6, 5.93, 6.19, 7.05, 5.9, 4.36, 1.47, 1.98, 3.92, 4.55, 4.87, 5.46, 6.24, 5.86, 5.33, 4.96, 4.49, 3.96, 4.25, 4.87, 5.31, 5.45, 4.74, 5.79, 5.18, 3.68, 3.39, 4.18, 4.31]}, "geometry": {"type": "Polygon", "coordinates": [[[-48.844959646095745, -26.322408412000513], [-48.845687450812086, -26.307352284441052], [-48.84093680024248, -26.30748489057482], [-48.84095075045015, -26.306116555427188], [-48.839690372835804, -26.30545313691804], [-48.83588750166601, -26.308486502896834], [-48.83491011123717, -26.310619822703803], [-48.83156250367436, -26.31266377830786], [-48.83081732085531, -26.31437863358714], [-48.83090547469786, -26.317005759466937], [-48.84013395728953, -26.323868963480905], [-48.844959646095745, -26.322408412000513]]]}}, {"id": "31", "type": "Feature", "properties": {"OBJECTID": 33, "Shape_Leng": 5378.16669204, "Shape_Area": 1660129.41167, "Nome_Bairr": "PROFIPO", "name": "Profipo", "rain_total_mm": 2.899, "temp_mean_degC": 19.3, "wind_mean_ms": 4.4, "wind_dir_deg": 62, "coverage_pct": 100.0, "run_time_utc": "2026-09-27 00:00:00", "window_local": "2026-09-26 22:00 .. 2026-09-29 21:00", "source": "CPTEC/INPE WRF AMS 7km", "valid_times_local": ["2026-09-26 22:00", "2026-09-26 23:00", "2026-09-27 00:00", "2026-09-27 01:00", "2026-09-27 02:00", "2026-09-27 03:00", "2026-09-27 04:00", "2026-09-27 05:00", "2026-09-27 06:00", "2026-09-27 07:00", "2026-09-27 08:00", "2026-09-27 09:00", "2026-09-27 10:00", "2026-09-27 11:00", "2026-09-27 12:00", "2026-09-27 13:00", "2026-09-27 14:00", "2026-09-27 15:00", "2026-09-27 16:00", "2026-09-27 17:00", "2026-09-27 18:00", "2026-09-27 19:00", "2026-09-27 20:00", "2026-09-27 21:00", "2026-09-27 22:00", "2026-09-27 23:00", "2026-09-28 00:00", "2026-09-28 01:00", "2026-09-28 02:00", "2026-09-28 03:00", "2026-09-28 04:00", "2026-09-28 05:00", "2026-09-28 06:00", "2026-09-28 07:00", "2026-09-28 08:00", "2026-09-28 09:00", "2026-09-28 10:00", "2026-09-28 11:00", "2026-09-28 12:00", "2026-09-28 13:00", "2026-09-28 14:00", "2026-09-28 15:00", "2026-09-28 16:00", "2026-09-28 17:00", "2026-09-28 18:00", "2026-09-28 19:00", "2026-09-28 20:00", "2026-09-28 21:00", "2026-09-28 22:00", "2026-09-28 23:00", "2026-09-29 00:00", "2026-09-29 01:00", "2026-09-29 02:00", "2026-09-29 03:00", "2026-09-29 04:00", "2026-09-29 05:00", "2026-09-29 06:00", "2026-09-29 07:00", "2026-09-29 08:00", "2026-09-29 09:00", "2026-09-29 10:00", "2026-09-29 11:00", "2026-09-29 12:00", "2026-09-29 13:00", "2026-09-29 14:00", "2026-09-29 15:00", "2026-09-29 16:00", "2026-09-29 17:00", "2026-09-29 18:00", "2026-09-29 19:00", "2026-09-29 20:00", "2026-09-29 21:00"], "lead_h": [1, 2, 3, 4, 5, 6, 7, 8, 9, 10, 11, 12, 13, 14, 15, 16, 17, 18, 19, 20, 21, 22, 23, 24, 25, 26, 27, 28, 29, 30, 31, 32, 33, 34, 35, 36, 37, 38, 39, 40, 41, 42, 43, 44, 45, 46, 47, 48, 49, 50, 51, 52, 53, 54, 55, 56, 57, 58, 59, 60, 61, 62, 63, 64, 65, 66, 67, 68, 69, 70, 71, 72], "precip_mm_h": [0.0, 0.0, 0.0, 0.0, 0.0, 0.0, 0.0, 0.0, 0.0, 0.005, 0.017, 0.023, 0.033, 0.04, 0.01, 0.004, 0.0, 0.005, 0.014, 0.008, 0.003, 0.001, 0.003, 0.0, 0.001, 0.031, 0.0, 0.0, 0.002, 0.017, 0.088, 0.006, 0.05, 0.018, 0.0, 0.0, 0.024, 0.077, 0.091, 0.759, 0.849, 0.002, 0.576, 0.004, 0.0, 0.0, 0.0, 0.0, 0.0, 0.0, 0.0, 0.0, 0.0, 0.0, 0.0, 0.0, 0.016, 0.034, 0.03, 0.008, 0.002, 0.006, 0.002, 0.008, 0.0, 0.008, 0.014, 0.008, 0.0, 0.0, 0.002, 0.0], "accum_mm": [0.0, 0.0, 0.0, 0.0, 0.0, 0.0, 0.0, 0.0, 0.0, 0.005, 0.022, 0.045, 0.078, 0.118, 0.128, 0.132, 0.132, 0.137, 0.151, 0.159, 0.162, 0.163, 0.166, 0.166, 0.167, 0.198, 0.198, 0.198, 0.2, 0.217, 0.305, 0.311, 0.361, 0.379, 0.379, 0.379, 0.403, 0.48, 0.571, 1.33, 2.179, 2.181, 2.757, 2.761, 2.761, 2.761, 2.761, 2.761, 2.761, 2.761, 2.761, 2.761, 2.761, 2.761, 2.761, 2.761, 2.777, 2.811, 2.841, 2.849, 2.851, 2.857, 2.859, 2.867, 2.867, 2.875, 2.889, 2.897, 2.897, 2.897, 2.899, 2.899], "t2m_degC": [19.5, 19.44, 19.2, 19.06, 18.94, 18.86, 18.79, 18.86, 18.93, 18.92, 19.05, 19.02, 19.03, 19.06, 19.04, 19.09, 19.13, 19.14, 19.25, 19.28, 19.33, 19.35, 19.26, 19.01, 18.83, 18.76, 19.04, 19.2, 19.22, 19.18, 19.14, 19.25, 19.36, 19.5, 19.47, 19.47, 19.48, 19.33, 19.39, 19.38, 19.48, 19.59, 19.51, 19.57, 19.56, 19.62, 19.85, 19.82, 19.73, 19.5, 19.43, 19.43, 19.45, 19.44, 19.5, 19.44, 19.25, 19.16, 19.16, 19.18, 19.24, 19.28, 19.41, 19.52, 19.52, 19.59, 19.62, 19.68, 19.78, 19.84, 19.84, 19.8], "wspd_ms": [5.36, 6.1, 6.68, 6.44, 6.37, 6.54, 6.1, 5.69, 4.74, 4.0, 4.31, 3.9, 3.72, 3.3, 2.9, 3.13, 3.56, 3.51, 3.24, 3.67, 3.83, 2.99, 2.49, 2.95, 2.96, 2.46, 2.48, 2.05, 1.63, 1.73, 1.84, 3.66, 4.96, 6.42, 5.94, 5.48, 2.95, 4.23, 3.73, 4.2, 5.72, 5.14, 4.69, 4.71, 6.01, 6.31, 6.91, 5.98, 4.2, 1.63, 2.08, 3.64, 4.4, 4.86, 5.6, 6.37, 5.99, 5.41, 5.26, 4.56, 3.86, 4.21, 4.73, 5.09, 5.01, 4.57, 6.57, 5.24, 3.74, 3.39, 4.29, 4.57]}, "geometry": {"type": "Polygon", "coordinates": [[[-48.836674624139235, -26.36643808512857], [-48.8322802906981, -26.370310047810786], [-48.83264093500333, -26.373013669583997], [-48.84193361420304, -26.376498845618734], [-48.84306631398618, -26.377851062528375], [-48.846151801764464, -26.370392558296906], [-48.845850204310125, -26.365087699187512], [-48.84654394012934, -26.36417098168686], [-48.84283470969835, -26.359807498553742], [-48.84196037014978, -26.360914026268357], [-48.83976575175977, -26.361890250145017], [-48.83767394296243, -26.36423634498713], [-48.836674624139235, -26.36643808512857]]]}}, {"id": "32", "type": "Feature", "properties": {"OBJECTID": 34, "Shape_Leng": 8122.61857541, "Shape_Area": 3043902.98468, "Nome_Bairr": "ANITA GARIBALDI", "name": "Anita Garibaldi", "rain_total_mm": 3.299, "temp_mean_degC": 19.4, "wind_mean_ms": 4.21, "wind_dir_deg": 67, "coverage_pct": 100.0, "run_time_utc": "2026-09-27 00:00:00", "window_local": "2026-09-26 22:00 .. 2026-09-29 21:00", "source": "CPTEC/INPE WRF AMS 7km", "valid_times_local": ["2026-09-26 22:00", "2026-09-26 23:00", "2026-09-27 00:00", "2026-09-27 01:00", "2026-09-27 02:00", "2026-09-27 03:00", "2026-09-27 04:00", "2026-09-27 05:00", "2026-09-27 06:00", "2026-09-27 07:00", "2026-09-27 08:00", "2026-09-27 09:00", "2026-09-27 10:00", "2026-09-27 11:00", "2026-09-27 12:00", "2026-09-27 13:00", "2026-09-27 14:00", "2026-09-27 15:00", "2026-09-27 16:00", "2026-09-27 17:00", "2026-09-27 18:00", "2026-09-27 19:00", "2026-09-27 20:00", "2026-09-27 21:00", "2026-09-27 22:00", "2026-09-27 23:00", "2026-09-28 00:00", "2026-09-28 01:00", "2026-09-28 02:00", "2026-09-28 03:00", "2026-09-28 04:00", "2026-09-28 05:00", "2026-09-28 06:00", "2026-09-28 07:00", "2026-09-28 08:00", "2026-09-28 09:00", "2026-09-28 10:00", "2026-09-28 11:00", "2026-09-28 12:00", "2026-09-28 13:00", "2026-09-28 14:00", "2026-09-28 15:00", "2026-09-28 16:00", "2026-09-28 17:00", "2026-09-28 18:00", "2026-09-28 19:00", "2026-09-28 20:00", "2026-09-28 21:00", "2026-09-28 22:00", "2026-09-28 23:00", "2026-09-29 00:00", "2026-09-29 01:00", "2026-09-29 02:00", "2026-09-29 03:00", "2026-09-29 04:00", "2026-09-29 05:00", "2026-09-29 06:00", "2026-09-29 07:00", "2026-09-29 08:00", "2026-09-29 09:00", "2026-09-29 10:00", "2026-09-29 11:00", "2026-09-29 12:00", "2026-09-29 13:00", "2026-09-29 14:00", "2026-09-29 15:00", "2026-09-29 16:00", "2026-09-29 17:00", "2026-09-29 18:00", "2026-09-29 19:00", "2026-09-29 20:00", "2026-09-29 21:00"], "lead_h": [1, 2, 3, 4, 5, 6, 7, 8, 9, 10, 11, 12, 13, 14, 15, 16, 17, 18, 19, 20, 21, 22, 23, 24, 25, 26, 27, 28, 29, 30, 31, 32, 33, 34, 35, 36, 37, 38, 39, 40, 41, 42, 43, 44, 45, 46, 47, 48, 49, 50, 51, 52, 53, 54, 55, 56, 57, 58, 59, 60, 61, 62, 63, 64, 65, 66, 67, 68, 69, 70, 71, 72], "precip_mm_h": [0.0, 0.0, 0.0, 0.0, 0.0, 0.0, 0.0, 0.0, 0.0, 0.015, 0.033, 0.045, 0.039, 0.043, 0.019, 0.007, 0.003, 0.005, 0.023, 0.037, 0.016, 0.004, 0.0, 0.0, 0.001, 0.023, 0.0, 0.007, 0.001, 0.014, 0.036, 0.007, 0.102, 0.128, 0.0, 0.0, 0.017, 0.028, 0.025, 1.451, 0.645, 0.015, 0.336, 0.023, 0.0, 0.0, 0.0, 0.0, 0.0, 0.0, 0.0, 0.0, 0.0, 0.0, 0.0, 0.0, 0.016, 0.033, 0.031, 0.008, 0.008, 0.0, 0.008, 0.008, 0.0, 0.008, 0.015, 0.008, 0.0, 0.0, 0.008, 0.0], "accum_mm": [0.0, 0.0, 0.0, 0.0, 0.0, 0.0, 0.0, 0.0, 0.0, 0.015, 0.048, 0.093, 0.132, 0.175, 0.194, 0.201, 0.204, 0.209, 0.232, 0.269, 0.285, 0.289, 0.289, 0.289, 0.29, 0.313, 0.313, 0.32, 0.321, 0.335, 0.371, 0.378, 0.48, 0.608, 0.608, 0.608, 0.625, 0.653, 0.678, 2.129, 2.774, 2.789, 3.125, 3.148, 3.148, 3.148, 3.148, 3.148, 3.148, 3.148, 3.148, 3.148, 3.148, 3.148, 3.148, 3.148, 3.164, 3.197, 3.228, 3.236, 3.244, 3.244, 3.252, 3.26, 3.26, 3.268, 3.283, 3.291, 3.291, 3.291, 3.299, 3.299], "t2m_degC": [19.64, 19.56, 19.3, 19.11, 19.02, 18.9, 18.83, 18.92, 18.98, 18.91, 18.98, 19.03, 19.12, 19.18, 19.21, 19.17, 19.17, 19.17, 19.25, 19.34, 19.37, 19.38, 19.37, 19.2, 19.02, 18.93, 19.06, 19.27, 19.28, 19.2, 19.21, 19.32, 19.36, 19.51, 19.46, 19.5, 19.54, 19.4, 19.44, 19.45, 19.45, 19.6, 19.56, 19.62, 19.62, 19.75, 19.91, 19.86, 19.77, 19.53, 19.46, 19.48, 19.51, 19.46, 19.51, 19.44, 19.26, 19.17, 19.15, 19.24, 19.27, 19.3, 19.41, 19.48, 19.5, 19.56, 19.63, 19.68, 19.77, 19.81, 19.84, 19.81], "wspd_ms": [4.95, 5.65, 6.74, 6.51, 6.23, 6.36, 6.09, 5.71, 4.71, 3.88, 4.16, 3.79, 3.56, 3.3, 2.89, 3.17, 3.42, 3.48, 3.36, 3.92, 4.11, 3.5, 2.3, 3.24, 2.7, 2.36, 2.4, 1.86, 1.41, 1.69, 1.8, 3.23, 4.4, 6.23, 5.35, 5.45, 3.12, 3.86, 3.77, 4.37, 4.77, 5.21, 4.77, 4.73, 6.02, 6.05, 6.88, 5.63, 3.76, 1.71, 1.72, 3.4, 3.91, 4.3, 4.91, 5.78, 5.51, 4.95, 4.5, 4.02, 3.68, 4.21, 4.48, 4.99, 4.8, 4.67, 6.38, 4.81, 2.96, 2.7, 3.81, 4.16]}, "geometry": {"type": "Polygon", "coordinates": [[[-48.85116322719277, -26.32141436896984], [-48.85582340960763, -26.32491903474254], [-48.8605205904013, -26.326404994472043], [-48.86329987447583, -26.32630728704381], [-48.86459306319339, -26.327321443012213], [-48.87166941854191, -26.31875201962134], [-48.86566004482289, -26.318822846204966], [-48.86062790924902, -26.313793030647613], [-48.85863742506039, -26.313240637173894], [-48.85597187750931, -26.311083658476218], [-48.84827923549145, -26.307551318851388], [-48.845687450812086, -26.307352284441052], [-48.844959646095745, -26.322408412000513], [-48.84837535256445, -26.321376513633826], [-48.85116322719277, -26.32141436896984]]]}}, {"id": "33", "type": "Feature", "properties": {"OBJECTID": 35, "Shape_Leng": 8545.96336269, "Shape_Area": 2806681.03114, "Nome_Bairr": "ATIRADORES", "name": "Atiradores", "rain_total_mm": 3.488, "temp_mean_degC": 19.4, "wind_mean_ms": 4.18, "wind_dir_deg": 68, "coverage_pct": 100.0, "run_time_utc": "2026-09-27 00:00:00", "window_local": "2026-09-26 22:00 .. 2026-09-29 21:00", "source": "CPTEC/INPE WRF AMS 7km", "valid_times_local": ["2026-09-26 22:00", "2026-09-26 23:00", "2026-09-27 00:00", "2026-09-27 01:00", "2026-09-27 02:00", "2026-09-27 03:00", "2026-09-27 04:00", "2026-09-27 05:00", "2026-09-27 06:00", "2026-09-27 07:00", "2026-09-27 08:00", "2026-09-27 09:00", "2026-09-27 10:00", "2026-09-27 11:00", "2026-09-27 12:00", "2026-09-27 13:00", "2026-09-27 14:00", "2026-09-27 15:00", "2026-09-27 16:00", "2026-09-27 17:00", "2026-09-27 18:00", "2026-09-27 19:00", "2026-09-27 20:00", "2026-09-27 21:00", "2026-09-27 22:00", "2026-09-27 23:00", "2026-09-28 00:00", "2026-09-28 01:00", "2026-09-28 02:00", "2026-09-28 03:00", "2026-09-28 04:00", "2026-09-28 05:00", "2026-09-28 06:00", "2026-09-28 07:00", "2026-09-28 08:00", "2026-09-28 09:00", "2026-09-28 10:00", "2026-09-28 11:00", "2026-09-28 12:00", "2026-09-28 13:00", "2026-09-28 14:00", "2026-09-28 15:00", "2026-09-28 16:00", "2026-09-28 17:00", "2026-09-28 18:00", "2026-09-28 19:00", "2026-09-28 20:00", "2026-09-28 21:00", "2026-09-28 22:00", "2026-09-28 23:00", "2026-09-29 00:00", "2026-09-29 01:00", "2026-09-29 02:00", "2026-09-29 03:00", "2026-09-29 04:00", "2026-09-29 05:00", "2026-09-29 06:00", "2026-09-29 07:00", "2026-09-29 08:00", "2026-09-29 09:00", "2026-09-29 10:00", "2026-09-29 11:00", "2026-09-29 12:00", "2026-09-29 13:00", "2026-09-29 14:00", "2026-09-29 15:00", "2026-09-29 16:00", "2026-09-29 17:00", "2026-09-29 18:00", "2026-09-29 19:00", "2026-09-29 20:00", "2026-09-29 21:00"], "lead_h": [1, 2, 3, 4, 5, 6, 7, 8, 9, 10, 11, 12, 13, 14, 15, 16, 17, 18, 19, 20, 21, 22, 23, 24, 25, 26, 27, 28, 29, 30, 31, 32, 33, 34, 35, 36, 37, 38, 39, 40, 41, 42, 43, 44, 45, 46, 47, 48, 49, 50, 51, 52, 53, 54, 55, 56, 57, 58, 59, 60, 61, 62, 63, 64, 65, 66, 67, 68, 69, 70, 71, 72], "precip_mm_h": [0.0, 0.0, 0.0, 0.0, 0.0, 0.0, 0.0, 0.0, 0.0, 0.016, 0.036, 0.048, 0.04, 0.044, 0.02, 0.008, 0.004, 0.004, 0.024, 0.044, 0.02, 0.004, 0.0, 0.0, 0.0, 0.024, 0.0, 0.008, 0.0, 0.008, 0.024, 0.008, 0.112, 0.152, 0.0, 0.0, 0.016, 0.024, 0.024, 1.64, 0.608, 0.016, 0.336, 0.024, 0.0, 0.0, 0.0, 0.0, 0.0, 0.0, 0.0, 0.0, 0.0, 0.0, 0.0, 0.0, 0.016, 0.032, 0.032, 0.008, 0.008, 0.0, 0.008, 0.008, 0.0, 0.008, 0.016, 0.008, 0.0, 0.0, 0.008, 0.0], "accum_mm": [0.0, 0.0, 0.0, 0.0, 0.0, 0.0, 0.0, 0.0, 0.0, 0.016, 0.052, 0.1, 0.14, 0.184, 0.204, 0.212, 0.216, 0.22, 0.244, 0.288, 0.308, 0.312, 0.312, 0.312, 0.312, 0.336, 0.336, 0.344, 0.344, 0.352, 0.376, 0.384, 0.496, 0.648, 0.648, 0.648, 0.664, 0.688, 0.712, 2.352, 2.96, 2.976, 3.312, 3.336, 3.336, 3.336, 3.336, 3.336, 3.336, 3.336, 3.336, 3.336, 3.336, 3.336, 3.336, 3.336, 3.352, 3.384, 3.416, 3.424, 3.432, 3.432, 3.44, 3.448, 3.448, 3.456, 3.472, 3.48, 3.48, 3.48, 3.488, 3.488], "t2m_degC": [19.66, 19.57, 19.31, 19.12, 19.03, 18.91, 18.84, 18.92, 18.97, 18.89, 18.95, 19.02, 19.13, 19.19, 19.23, 19.17, 19.18, 19.17, 19.25, 19.34, 19.37, 19.39, 19.38, 19.23, 19.03, 18.93, 19.05, 19.27, 19.29, 19.2, 19.22, 19.32, 19.35, 19.51, 19.45, 19.5, 19.54, 19.4, 19.44, 19.46, 19.45, 19.59, 19.56, 19.63, 19.64, 19.77, 19.93, 19.87, 19.77, 19.53, 19.47, 19.48, 19.52, 19.46, 19.5, 19.44, 19.26, 19.17, 19.15, 19.25, 19.27, 19.3, 19.41, 19.47, 19.5, 19.55, 19.63, 19.68, 19.76, 19.8, 19.84, 19.81], "wspd_ms": [4.92, 5.64, 6.79, 6.52, 6.19, 6.33, 6.1, 5.73, 4.71, 3.88, 4.17, 3.8, 3.58, 3.33, 2.93, 3.2, 3.43, 3.48, 3.38, 3.95, 4.16, 3.6, 2.31, 3.26, 2.62, 2.35, 2.37, 1.87, 1.37, 1.65, 1.77, 3.15, 4.27, 6.16, 5.3, 5.42, 3.12, 3.81, 3.77, 4.39, 4.67, 5.14, 4.84, 4.76, 6.04, 6.02, 6.84, 5.56, 3.62, 1.8, 1.69, 3.28, 3.77, 4.17, 4.8, 5.68, 5.43, 4.86, 4.4, 3.92, 3.61, 4.21, 4.39, 4.92, 4.66, 4.67, 6.53, 4.73, 2.8, 2.54, 3.74, 4.13]}, "geometry": {"type": "Polygon", "coordinates": [[[-48.86044418021731, -26.313670879570328], [-48.86566004482289, -26.318822846204966], [-48.87166941854191, -26.31875201962134], [-48.873408180946164, -26.316472474424327], [-48.87394558528666, -26.312907726176082], [-48.87754682078558, -26.31024455902194], [-48.87709692889778, -26.30684232579782], [-48.8739062281683, -26.30532693075985], [-48.86530586659052, -26.305654134637958], [-48.8653219703177, -26.30671864424098], [-48.861505112473154, -26.306883102178926], [-48.860586902917255, -26.307750575859334], [-48.85927619468442, -26.306799747613876], [-48.85932426021315, -26.303252762676575], [-48.85073823930455, -26.301384730308676], [-48.85037026356985, -26.303543101127385], [-48.85280996043421, -26.305665472353173], [-48.84979393704818, -26.308529762865437], [-48.86044418021731, -26.313670879570328]]]}}, {"id": "34", "type": "Feature", "properties": {"OBJECTID": 36, "Shape_Leng": 9217.99116698, "Shape_Area": 4539425.76636, "Nome_Bairr": "AMÉRICA", "name": "América", "rain_total_mm": 2.779, "temp_mean_degC": 19.4, "wind_mean_ms": 4.17, "wind_dir_deg": 68, "coverage_pct": 100.0, "run_time_utc": "2026-09-27 00:00:00", "window_local": "2026-09-26 22:00 .. 2026-09-29 21:00", "source": "CPTEC/INPE WRF AMS 7km", "valid_times_local": ["2026-09-26 22:00", "2026-09-26 23:00", "2026-09-27 00:00", "2026-09-27 01:00", "2026-09-27 02:00", "2026-09-27 03:00", "2026-09-27 04:00", "2026-09-27 05:00", "2026-09-27 06:00", "2026-09-27 07:00", "2026-09-27 08:00", "2026-09-27 09:00", "2026-09-27 10:00", "2026-09-27 11:00", "2026-09-27 12:00", "2026-09-27 13:00", "2026-09-27 14:00", "2026-09-27 15:00", "2026-09-27 16:00", "2026-09-27 17:00", "2026-09-27 18:00", "2026-09-27 19:00", "2026-09-27 20:00", "2026-09-27 21:00", "2026-09-27 22:00", "2026-09-27 23:00", "2026-09-28 00:00", "2026-09-28 01:00", "2026-09-28 02:00", "2026-09-28 03:00", "2026-09-28 04:00", "2026-09-28 05:00", "2026-09-28 06:00", "2026-09-28 07:00", "2026-09-28 08:00", "2026-09-28 09:00", "2026-09-28 10:00", "2026-09-28 11:00", "2026-09-28 12:00", "2026-09-28 13:00", "2026-09-28 14:00", "2026-09-28 15:00", "2026-09-28 16:00", "2026-09-28 17:00", "2026-09-28 18:00", "2026-09-28 19:00", "2026-09-28 20:00", "2026-09-28 21:00", "2026-09-28 22:00", "2026-09-28 23:00", "2026-09-29 00:00", "2026-09-29 01:00", "2026-09-29 02:00", "2026-09-29 03:00", "2026-09-29 04:00", "2026-09-29 05:00", "2026-09-29 06:00", "2026-09-29 07:00", "2026-09-29 08:00", "2026-09-29 09:00", "2026-09-29 10:00", "2026-09-29 11:00", "2026-09-29 12:00", "2026-09-29 13:00", "2026-09-29 14:00", "2026-09-29 15:00", "2026-09-29 16:00", "2026-09-29 17:00", "2026-09-29 18:00", "2026-09-29 19:00", "2026-09-29 20:00", "2026-09-29 21:00"], "lead_h": [1, 2, 3, 4, 5, 6, 7, 8, 9, 10, 11, 12, 13, 14, 15, 16, 17, 18, 19, 20, 21, 22, 23, 24, 25, 26, 27, 28, 29, 30, 31, 32, 33, 34, 35, 36, 37, 38, 39, 40, 41, 42, 43, 44, 45, 46, 47, 48, 49, 50, 51, 52, 53, 54, 55, 56, 57, 58, 59, 60, 61, 62, 63, 64, 65, 66, 67, 68, 69, 70, 71, 72], "precip_mm_h": [0.0, 0.0, 0.0, 0.0, 0.0, 0.0, 0.0, 0.0, 0.0, 0.02, 0.04, 0.049, 0.042, 0.043, 0.022, 0.01, 0.005, 0.017, 0.03, 0.034, 0.022, 0.001, 0.003, 0.0, 0.001, 0.013, 0.024, 0.003, 0.002, 0.02, 0.007, 0.003, 0.099, 0.121, 0.0, 0.0, 0.016, 0.012, 0.005, 1.099, 0.61, 0.088, 0.11, 0.045, 0.0, 0.0, 0.0, 0.0, 0.0, 0.0, 0.0, 0.0, 0.0, 0.0, 0.0, 0.0, 0.023, 0.034, 0.03, 0.01, 0.003, 0.005, 0.003, 0.008, 0.005, 0.008, 0.014, 0.01, 0.0, 0.005, 0.006, 0.0], "accum_mm": [0.0, 0.0, 0.0, 0.0, 0.0, 0.0, 0.0, 0.0, 0.0, 0.02, 0.06, 0.109, 0.151, 0.194, 0.216, 0.226, 0.231, 0.248, 0.278, 0.312, 0.334, 0.335, 0.338, 0.338, 0.339, 0.352, 0.376, 0.379, 0.381, 0.401, 0.408, 0.411, 0.51, 0.631, 0.631, 0.631, 0.647, 0.659, 0.664, 1.763, 2.373, 2.461, 2.571, 2.616, 2.616, 2.616, 2.616, 2.616, 2.616, 2.616, 2.616, 2.616, 2.616, 2.616, 2.616, 2.616, 2.639, 2.673, 2.703, 2.713, 2.716, 2.721, 2.724, 2.732, 2.737, 2.745, 2.759, 2.769, 2.769, 2.774, 2.78, 2.78], "t2m_degC": [19.65, 19.63, 19.36, 19.15, 19.06, 18.93, 18.87, 18.97, 19.02, 18.93, 18.95, 19.02, 19.13, 19.21, 19.24, 19.24, 19.22, 19.2, 19.29, 19.39, 19.41, 19.41, 19.41, 19.27, 19.14, 19.09, 19.15, 19.31, 19.3, 19.22, 19.25, 19.32, 19.4, 19.52, 19.47, 19.52, 19.55, 19.43, 19.46, 19.48, 19.45, 19.59, 19.58, 19.63, 19.63, 19.78, 19.87, 19.86, 19.81, 19.59, 19.5, 19.53, 19.56, 19.5, 19.53, 19.42, 19.23, 19.17, 19.17, 19.22, 19.28, 19.3, 19.43, 19.51, 19.51, 19.57, 19.65, 19.72, 19.81, 19.83, 19.83, 19.81], "wspd_ms": [4.48, 5.18, 6.49, 6.52, 6.35, 6.34, 6.08, 5.69, 4.73, 3.91, 4.09, 3.61, 3.27, 3.11, 2.67, 3.08, 3.22, 3.31, 3.2, 4.01, 4.21, 3.61, 2.2, 3.35, 2.72, 2.29, 2.48, 1.38, 1.36, 1.75, 1.93, 3.03, 4.43, 6.13, 5.13, 5.53, 3.38, 3.78, 3.94, 4.23, 4.95, 5.23, 4.74, 4.71, 5.99, 6.16, 6.93, 5.66, 4.01, 1.18, 1.95, 3.78, 4.08, 4.51, 4.83, 5.6, 5.34, 4.87, 4.16, 3.99, 3.82, 4.26, 4.64, 5.14, 5.26, 4.82, 5.2, 5.04, 2.88, 2.75, 3.58, 3.99]}, "geometry": {"type": "Polygon", "coordinates": [[[-48.84297477813424, -26.28579479704486], [-48.84251600471624, -26.295277940216916], [-48.850217268151596, -26.294664130768936], [-48.85073823930455, -26.301384730308676], [-48.85932426021315, -26.303252762676575], [-48.86026737698231, -26.297843606964918], [-48.86220961830144, -26.296874968342607], [-48.86185131446386, -26.293891525048295], [-48.864611186343865, -26.293690483618633], [-48.86360234865216, -26.278297611234652], [-48.84853650073755, -26.277427726638823], [-48.84297477813424, -26.28579479704486]]]}}, {"id": "35", "type": "Feature", "properties": {"OBJECTID": 37, "Shape_Leng": 12854.919988, "Shape_Area": 4886099.09982, "Nome_Bairr": "SAGUAÇU", "name": "Saguaçu", "rain_total_mm": 2.462, "temp_mean_degC": 19.4, "wind_mean_ms": 4.31, "wind_dir_deg": 65, "coverage_pct": 100.0, "run_time_utc": "2026-09-27 00:00:00", "window_local": "2026-09-26 22:00 .. 2026-09-29 21:00", "source": "CPTEC/INPE WRF AMS 7km", "valid_times_local": ["2026-09-26 22:00", "2026-09-26 23:00", "2026-09-27 00:00", "2026-09-27 01:00", "2026-09-27 02:00", "2026-09-27 03:00", "2026-09-27 04:00", "2026-09-27 05:00", "2026-09-27 06:00", "2026-09-27 07:00", "2026-09-27 08:00", "2026-09-27 09:00", "2026-09-27 10:00", "2026-09-27 11:00", "2026-09-27 12:00", "2026-09-27 13:00", "2026-09-27 14:00", "2026-09-27 15:00", "2026-09-27 16:00", "2026-09-27 17:00", "2026-09-27 18:00", "2026-09-27 19:00", "2026-09-27 20:00", "2026-09-27 21:00", "2026-09-27 22:00", "2026-09-27 23:00", "2026-09-28 00:00", "2026-09-28 01:00", "2026-09-28 02:00", "2026-09-28 03:00", "2026-09-28 04:00", "2026-09-28 05:00", "2026-09-28 06:00", "2026-09-28 07:00", "2026-09-28 08:00", "2026-09-28 09:00", "2026-09-28 10:00", "2026-09-28 11:00", "2026-09-28 12:00", "2026-09-28 13:00", "2026-09-28 14:00", "2026-09-28 15:00", "2026-09-28 16:00", "2026-09-28 17:00", "2026-09-28 18:00", "2026-09-28 19:00", "2026-09-28 20:00", "2026-09-28 21:00", "2026-09-28 22:00", "2026-09-28 23:00", "2026-09-29 00:00", "2026-09-29 01:00", "2026-09-29 02:00", "2026-09-29 03:00", "2026-09-29 04:00", "2026-09-29 05:00", "2026-09-29 06:00", "2026-09-29 07:00", "2026-09-29 08:00", "2026-09-29 09:00", "2026-09-29 10:00", "2026-09-29 11:00", "2026-09-29 12:00", "2026-09-29 13:00", "2026-09-29 14:00", "2026-09-29 15:00", "2026-09-29 16:00", "2026-09-29 17:00", "2026-09-29 18:00", "2026-09-29 19:00", "2026-09-29 20:00", "2026-09-29 21:00"], "lead_h": [1, 2, 3, 4, 5, 6, 7, 8, 9, 10, 11, 12, 13, 14, 15, 16, 17, 18, 19, 20, 21, 22, 23, 24, 25, 26, 27, 28, 29, 30, 31, 32, 33, 34, 35, 36, 37, 38, 39, 40, 41, 42, 43, 44, 45, 46, 47, 48, 49, 50, 51, 52, 53, 54, 55, 56, 57, 58, 59, 60, 61, 62, 63, 64, 65, 66, 67, 68, 69, 70, 71, 72], "precip_mm_h": [0.0, 0.0, 0.0, 0.0, 0.0, 0.0, 0.0, 0.0, 0.0, 0.012, 0.027, 0.039, 0.036, 0.04, 0.016, 0.004, 0.007, 0.015, 0.027, 0.008, 0.004, 0.004, 0.0, 0.0, 0.004, 0.009, 0.014, 0.007, 0.008, 0.04, 0.027, 0.007, 0.05, 0.025, 0.0, 0.0, 0.017, 0.021, 0.012, 0.444, 0.971, 0.202, 0.12, 0.089, 0.0, 0.0, 0.0, 0.0, 0.0, 0.0, 0.0, 0.0, 0.0, 0.0, 0.0, 0.0, 0.023, 0.04, 0.024, 0.015, 0.008, 0.0, 0.008, 0.008, 0.0, 0.008, 0.008, 0.015, 0.0, 0.0, 0.001, 0.0], "accum_mm": [0.0, 0.0, 0.0, 0.0, 0.0, 0.0, 0.0, 0.0, 0.0, 0.012, 0.039, 0.078, 0.114, 0.154, 0.17, 0.174, 0.181, 0.196, 0.223, 0.231, 0.235, 0.239, 0.239, 0.239, 0.243, 0.252, 0.266, 0.273, 0.281, 0.321, 0.348, 0.355, 0.405, 0.43, 0.43, 0.43, 0.447, 0.468, 0.48, 0.924, 1.895, 2.097, 2.217, 2.306, 2.306, 2.306, 2.306, 2.306, 2.306, 2.306, 2.306, 2.306, 2.306, 2.306, 2.306, 2.306, 2.329, 2.369, 2.393, 2.408, 2.416, 2.416, 2.424, 2.432, 2.432, 2.44, 2.448, 2.463, 2.463, 2.463, 2.464, 2.464], "t2m_degC": [19.57, 19.57, 19.32, 19.13, 19.01, 18.91, 18.85, 18.96, 19.06, 19.06, 19.1, 19.12, 19.12, 19.18, 19.18, 19.18, 19.21, 19.2, 19.3, 19.39, 19.4, 19.4, 19.37, 19.18, 19.06, 19.06, 19.18, 19.31, 19.28, 19.21, 19.25, 19.33, 19.45, 19.55, 19.49, 19.52, 19.54, 19.42, 19.45, 19.44, 19.44, 19.62, 19.59, 19.62, 19.58, 19.68, 19.81, 19.83, 19.79, 19.6, 19.5, 19.53, 19.55, 19.5, 19.56, 19.42, 19.21, 19.16, 19.19, 19.22, 19.28, 19.3, 19.45, 19.54, 19.52, 19.61, 19.68, 19.75, 19.86, 19.88, 19.85, 19.82], "wspd_ms": [4.62, 5.17, 6.24, 6.41, 6.42, 6.37, 5.99, 5.61, 4.71, 3.96, 4.09, 3.61, 3.21, 3.0, 2.52, 2.94, 3.15, 3.28, 3.27, 3.97, 3.98, 3.26, 2.06, 3.41, 3.1, 2.34, 2.49, 1.39, 1.55, 1.87, 2.04, 3.44, 5.03, 6.46, 5.37, 5.67, 3.38, 3.97, 3.9, 4.13, 5.12, 5.73, 4.58, 4.61, 5.89, 6.19, 7.1, 5.86, 4.46, 1.2, 2.14, 4.24, 4.63, 5.05, 5.37, 6.02, 5.73, 5.14, 4.56, 4.51, 4.08, 4.34, 5.05, 5.45, 5.81, 4.87, 4.87, 5.24, 3.48, 3.39, 3.96, 4.14]}, "geometry": {"type": "Polygon", "coordinates": [[[-48.831539754294084, -26.28206191306604], [-48.82706575046821, -26.292357963490954], [-48.83384488743263, -26.298358879779272], [-48.833986437967475, -26.299368087624213], [-48.834931744573325, -26.299500507179037], [-48.83356630222862, -26.301536715035965], [-48.834259672832395, -26.30287619939253], [-48.833458961482904, -26.304233818219526], [-48.83388653465158, -26.305473166118595], [-48.83587624140787, -26.30568652066735], [-48.837531980402225, -26.30344397543844], [-48.839839205100546, -26.30540340113474], [-48.84069295244675, -26.304438702930785], [-48.842119984103014, -26.29990019952834], [-48.84297477813424, -26.28579479704486], [-48.84853650073755, -26.277427726638823], [-48.849800246877585, -26.27750338139993], [-48.85029124692343, -26.27258172345452], [-48.848805383219855, -26.273374742075966], [-48.845927534493235, -26.27234624646703], [-48.84551739663076, -26.26985741444539], [-48.84130586662305, -26.272738007476296], [-48.839614773179626, -26.270484772519506], [-48.83897651182813, -26.267072785968928], [-48.83645340528046, -26.267619541831728], [-48.83091182896589, -26.273535097859693], [-48.83353041582723, -26.275250702607458], [-48.83707378700358, -26.280261723822424], [-48.831539754294084, -26.28206191306604]]]}}, {"id": "36", "type": "Feature", "properties": {"OBJECTID": 38, "Shape_Leng": 11157.423278, "Shape_Area": 6222047.94361, "Nome_Bairr": "IRIRIÚ", "name": "Iririú", "rain_total_mm": 2.456, "temp_mean_degC": 19.4, "wind_mean_ms": 4.31, "wind_dir_deg": 65, "coverage_pct": 100.0, "run_time_utc": "2026-09-27 00:00:00", "window_local": "2026-09-26 22:00 .. 2026-09-29 21:00", "source": "CPTEC/INPE WRF AMS 7km", "valid_times_local": ["2026-09-26 22:00", "2026-09-26 23:00", "2026-09-27 00:00", "2026-09-27 01:00", "2026-09-27 02:00", "2026-09-27 03:00", "2026-09-27 04:00", "2026-09-27 05:00", "2026-09-27 06:00", "2026-09-27 07:00", "2026-09-27 08:00", "2026-09-27 09:00", "2026-09-27 10:00", "2026-09-27 11:00", "2026-09-27 12:00", "2026-09-27 13:00", "2026-09-27 14:00", "2026-09-27 15:00", "2026-09-27 16:00", "2026-09-27 17:00", "2026-09-27 18:00", "2026-09-27 19:00", "2026-09-27 20:00", "2026-09-27 21:00", "2026-09-27 22:00", "2026-09-27 23:00", "2026-09-28 00:00", "2026-09-28 01:00", "2026-09-28 02:00", "2026-09-28 03:00", "2026-09-28 04:00", "2026-09-28 05:00", "2026-09-28 06:00", "2026-09-28 07:00", "2026-09-28 08:00", "2026-09-28 09:00", "2026-09-28 10:00", "2026-09-28 11:00", "2026-09-28 12:00", "2026-09-28 13:00", "2026-09-28 14:00", "2026-09-28 15:00", "2026-09-28 16:00", "2026-09-28 17:00", "2026-09-28 18:00", "2026-09-28 19:00", "2026-09-28 20:00", "2026-09-28 21:00", "2026-09-28 22:00", "2026-09-28 23:00", "2026-09-29 00:00", "2026-09-29 01:00", "2026-09-29 02:00", "2026-09-29 03:00", "2026-09-29 04:00", "2026-09-29 05:00", "2026-09-29 06:00", "2026-09-29 07:00", "2026-09-29 08:00", "2026-09-29 09:00", "2026-09-29 10:00", "2026-09-29 11:00", "2026-09-29 12:00", "2026-09-29 13:00", "2026-09-29 14:00", "2026-09-29 15:00", "2026-09-29 16:00", "2026-09-29 17:00", "2026-09-29 18:00", "2026-09-29 19:00", "2026-09-29 20:00", "2026-09-29 21:00"], "lead_h": [1, 2, 3, 4, 5, 6, 7, 8, 9, 10, 11, 12, 13, 14, 15, 16, 17, 18, 19, 20, 21, 22, 23, 24, 25, 26, 27, 28, 29, 30, 31, 32, 33, 34, 35, 36, 37, 38, 39, 40, 41, 42, 43, 44, 45, 46, 47, 48, 49, 50, 51, 52, 53, 54, 55, 56, 57, 58, 59, 60, 61, 62, 63, 64, 65, 66, 67, 68, 69, 70, 71, 72], "precip_mm_h": [0.0, 0.0, 0.0, 0.0, 0.0, 0.0, 0.0, 0.0, 0.0, 0.012, 0.028, 0.04, 0.036, 0.04, 0.016, 0.004, 0.008, 0.016, 0.028, 0.008, 0.004, 0.004, 0.0, 0.0, 0.004, 0.008, 0.016, 0.008, 0.008, 0.04, 0.016, 0.008, 0.048, 0.024, 0.0, 0.0, 0.016, 0.016, 0.008, 0.4, 1.008, 0.24, 0.08, 0.104, 0.0, 0.0, 0.0, 0.0, 0.0, 0.0, 0.0, 0.0, 0.0, 0.0, 0.0, 0.0, 0.024, 0.04, 0.024, 0.016, 0.008, 0.0, 0.008, 0.008, 0.0, 0.008, 0.008, 0.016, 0.0, 0.0, 0.0, 0.0], "accum_mm": [0.0, 0.0, 0.0, 0.0, 0.0, 0.0, 0.0, 0.0, 0.0, 0.012, 0.04, 0.08, 0.116, 0.156, 0.172, 0.176, 0.184, 0.2, 0.228, 0.236, 0.24, 0.244, 0.244, 0.244, 0.248, 0.256, 0.272, 0.28, 0.288, 0.328, 0.344, 0.352, 0.4, 0.424, 0.424, 0.424, 0.44, 0.456, 0.464, 0.864, 1.872, 2.112, 2.192, 2.296, 2.296, 2.296, 2.296, 2.296, 2.296, 2.296, 2.296, 2.296, 2.296, 2.296, 2.296, 2.296, 2.32, 2.36, 2.384, 2.4, 2.408, 2.408, 2.416, 2.424, 2.424, 2.432, 2.44, 2.456, 2.456, 2.456, 2.456, 2.456], "t2m_degC": [19.57, 19.58, 19.33, 19.14, 19.01, 18.92, 18.86, 18.97, 19.07, 19.07, 19.1, 19.12, 19.13, 19.19, 19.18, 19.18, 19.22, 19.21, 19.31, 19.4, 19.41, 19.41, 19.37, 19.2, 19.08, 19.09, 19.2, 19.31, 19.28, 19.21, 19.26, 19.34, 19.46, 19.55, 19.49, 19.53, 19.54, 19.43, 19.46, 19.45, 19.44, 19.62, 19.6, 19.63, 19.59, 19.68, 19.8, 19.83, 19.8, 19.61, 19.51, 19.54, 19.56, 19.5, 19.56, 19.42, 19.2, 19.16, 19.19, 19.22, 19.28, 19.3, 19.46, 19.54, 19.53, 19.61, 19.69, 19.76, 19.87, 19.89, 19.86, 19.82], "wspd_ms": [4.54, 5.07, 6.18, 6.4, 6.42, 6.36, 5.98, 5.6, 4.71, 3.96, 4.08, 3.59, 3.16, 2.97, 2.48, 2.91, 3.11, 3.25, 3.26, 4.0, 3.99, 3.29, 2.03, 3.45, 3.12, 2.34, 2.49, 1.32, 1.54, 1.88, 2.06, 3.42, 5.05, 6.45, 5.34, 5.68, 3.43, 3.95, 3.92, 4.11, 5.16, 5.79, 4.6, 4.62, 5.88, 6.19, 7.12, 5.85, 4.49, 1.19, 2.18, 4.31, 4.66, 5.09, 5.36, 5.99, 5.72, 5.11, 4.49, 4.52, 4.11, 4.36, 5.1, 5.48, 5.89, 4.89, 4.77, 5.26, 3.46, 3.4, 3.93, 4.11]}, "geometry": {"type": "Polygon", "coordinates": [[[-48.812582760174784, -26.281440462293187], [-48.82706575046821, -26.292357963490954], [-48.83145021140804, -26.282090795228587], [-48.83707378700358, -26.280261723822424], [-48.83353041582723, -26.275250702607458], [-48.83091182896589, -26.273535097859693], [-48.83540087819418, -26.268580239314158], [-48.83188962882863, -26.25922124416887], [-48.82254907886729, -26.261136150688092], [-48.81974259495264, -26.25889530315816], [-48.81894128785147, -26.2606959985278], [-48.810332339101784, -26.269148630361634], [-48.811694177312994, -26.271134702167977], [-48.81090928234864, -26.28283192091868], [-48.812582760174784, -26.281440462293187]]]}}, {"id": "37", "type": "Feature", "properties": {"OBJECTID": 39, "Shape_Leng": 9086.67906385, "Shape_Area": 3905595.48189, "Nome_Bairr": "BOM RETIRO", "name": "Bom Retiro", "rain_total_mm": 2.492, "temp_mean_degC": 19.4, "wind_mean_ms": 4.28, "wind_dir_deg": 66, "coverage_pct": 100.0, "run_time_utc": "2026-09-27 00:00:00", "window_local": "2026-09-26 22:00 .. 2026-09-29 21:00", "source": "CPTEC/INPE WRF AMS 7km", "valid_times_local": ["2026-09-26 22:00", "2026-09-26 23:00", "2026-09-27 00:00", "2026-09-27 01:00", "2026-09-27 02:00", "2026-09-27 03:00", "2026-09-27 04:00", "2026-09-27 05:00", "2026-09-27 06:00", "2026-09-27 07:00", "2026-09-27 08:00", "2026-09-27 09:00", "2026-09-27 10:00", "2026-09-27 11:00", "2026-09-27 12:00", "2026-09-27 13:00", "2026-09-27 14:00", "2026-09-27 15:00", "2026-09-27 16:00", "2026-09-27 17:00", "2026-09-27 18:00", "2026-09-27 19:00", "2026-09-27 20:00", "2026-09-27 21:00", "2026-09-27 22:00", "2026-09-27 23:00", "2026-09-28 00:00", "2026-09-28 01:00", "2026-09-28 02:00", "2026-09-28 03:00", "2026-09-28 04:00", "2026-09-28 05:00", "2026-09-28 06:00", "2026-09-28 07:00", "2026-09-28 08:00", "2026-09-28 09:00", "2026-09-28 10:00", "2026-09-28 11:00", "2026-09-28 12:00", "2026-09-28 13:00", "2026-09-28 14:00", "2026-09-28 15:00", "2026-09-28 16:00", "2026-09-28 17:00", "2026-09-28 18:00", "2026-09-28 19:00", "2026-09-28 20:00", "2026-09-28 21:00", "2026-09-28 22:00", "2026-09-28 23:00", "2026-09-29 00:00", "2026-09-29 01:00", "2026-09-29 02:00", "2026-09-29 03:00", "2026-09-29 04:00", "2026-09-29 05:00", "2026-09-29 06:00", "2026-09-29 07:00", "2026-09-29 08:00", "2026-09-29 09:00", "2026-09-29 10:00", "2026-09-29 11:00", "2026-09-29 12:00", "2026-09-29 13:00", "2026-09-29 14:00", "2026-09-29 15:00", "2026-09-29 16:00", "2026-09-29 17:00", "2026-09-29 18:00", "2026-09-29 19:00", "2026-09-29 20:00", "2026-09-29 21:00"], "lead_h": [1, 2, 3, 4, 5, 6, 7, 8, 9, 10, 11, 12, 13, 14, 15, 16, 17, 18, 19, 20, 21, 22, 23, 24, 25, 26, 27, 28, 29, 30, 31, 32, 33, 34, 35, 36, 37, 38, 39, 40, 41, 42, 43, 44, 45, 46, 47, 48, 49, 50, 51, 52, 53, 54, 55, 56, 57, 58, 59, 60, 61, 62, 63, 64, 65, 66, 67, 68, 69, 70, 71, 72], "precip_mm_h": [0.0, 0.0, 0.0, 0.0, 0.0, 0.0, 0.0, 0.0, 0.0, 0.014, 0.03, 0.042, 0.037, 0.041, 0.017, 0.005, 0.007, 0.017, 0.029, 0.012, 0.007, 0.003, 0.001, 0.0, 0.003, 0.009, 0.018, 0.007, 0.007, 0.037, 0.014, 0.007, 0.057, 0.04, 0.0, 0.0, 0.016, 0.015, 0.007, 0.506, 0.939, 0.216, 0.079, 0.094, 0.0, 0.0, 0.0, 0.0, 0.0, 0.0, 0.0, 0.0, 0.0, 0.0, 0.0, 0.0, 0.024, 0.039, 0.025, 0.015, 0.007, 0.001, 0.007, 0.008, 0.001, 0.008, 0.009, 0.015, 0.0, 0.001, 0.001, 0.0], "accum_mm": [0.0, 0.0, 0.0, 0.0, 0.0, 0.0, 0.0, 0.0, 0.0, 0.014, 0.044, 0.086, 0.123, 0.164, 0.181, 0.186, 0.193, 0.21, 0.239, 0.251, 0.258, 0.261, 0.262, 0.262, 0.265, 0.274, 0.292, 0.299, 0.306, 0.343, 0.357, 0.364, 0.421, 0.461, 0.461, 0.461, 0.477, 0.492, 0.499, 1.005, 1.944, 2.16, 2.239, 2.333, 2.333, 2.333, 2.333, 2.333, 2.333, 2.333, 2.333, 2.333, 2.333, 2.333, 2.333, 2.333, 2.357, 2.396, 2.421, 2.436, 2.443, 2.444, 2.451, 2.459, 2.46, 2.468, 2.477, 2.492, 2.492, 2.493, 2.494, 2.494], "t2m_degC": [19.58, 19.59, 19.34, 19.14, 19.02, 18.92, 18.86, 18.97, 19.06, 19.05, 19.07, 19.11, 19.13, 19.19, 19.2, 19.2, 19.22, 19.21, 19.31, 19.4, 19.41, 19.41, 19.38, 19.21, 19.09, 19.09, 19.19, 19.32, 19.28, 19.22, 19.26, 19.33, 19.45, 19.54, 19.49, 19.53, 19.54, 19.43, 19.46, 19.46, 19.44, 19.62, 19.6, 19.63, 19.59, 19.7, 19.81, 19.83, 19.8, 19.61, 19.51, 19.54, 19.56, 19.5, 19.56, 19.42, 19.21, 19.16, 19.19, 19.22, 19.28, 19.3, 19.45, 19.54, 19.52, 19.6, 19.68, 19.76, 19.86, 19.88, 19.85, 19.82], "wspd_ms": [4.52, 5.07, 6.22, 6.42, 6.42, 6.36, 6.0, 5.61, 4.71, 3.95, 4.07, 3.58, 3.17, 2.99, 2.51, 2.94, 3.12, 3.26, 3.24, 4.0, 4.03, 3.34, 2.06, 3.44, 3.05, 2.33, 2.49, 1.32, 1.51, 1.86, 2.04, 3.35, 4.95, 6.4, 5.3, 5.66, 3.43, 3.92, 3.92, 4.13, 5.13, 5.7, 4.62, 4.63, 5.9, 6.19, 7.09, 5.82, 4.42, 1.14, 2.13, 4.23, 4.57, 5.0, 5.27, 5.92, 5.65, 5.07, 4.43, 4.43, 4.07, 4.34, 5.02, 5.43, 5.8, 4.88, 4.79, 5.23, 3.36, 3.3, 3.86, 4.08]}, "geometry": {"type": "Polygon", "coordinates": [[[-48.832260513677426, -26.24903064574269], [-48.83188962882863, -26.25922124416887], [-48.83540087819418, -26.268580239314158], [-48.83676695004407, -26.267478595075726], [-48.83897651182813, -26.267072785968928], [-48.839614773179626, -26.270484772519506], [-48.84130586662305, -26.272738007476296], [-48.84551739663076, -26.26985741444539], [-48.845927534493235, -26.27234624646703], [-48.848805383219855, -26.273374742075966], [-48.85029124692343, -26.27258172345452], [-48.851593009031724, -26.259624055731162], [-48.85207862019222, -26.259740614888003], [-48.85242628468737, -26.252392992817793], [-48.84940351232265, -26.254008287733406], [-48.84353177386156, -26.251729336499736], [-48.832260513677426, -26.24903064574269]]]}}, {"id": "38", "type": "Feature", "properties": {"OBJECTID": 40, "Shape_Leng": 15769.2176009, "Shape_Area": 14178654.8267, "Nome_Bairr": "VILA NOVA", "name": "Vila Nova", "rain_total_mm": 3.03, "temp_mean_degC": 19.4, "wind_mean_ms": 4.07, "wind_dir_deg": 70, "coverage_pct": 100.0, "run_time_utc": "2026-09-27 00:00:00", "window_local": "2026-09-26 22:00 .. 2026-09-29 21:00", "source": "CPTEC/INPE WRF AMS 7km", "valid_times_local": ["2026-09-26 22:00", "2026-09-26 23:00", "2026-09-27 00:00", "2026-09-27 01:00", "2026-09-27 02:00", "2026-09-27 03:00", "2026-09-27 04:00", "2026-09-27 05:00", "2026-09-27 06:00", "2026-09-27 07:00", "2026-09-27 08:00", "2026-09-27 09:00", "2026-09-27 10:00", "2026-09-27 11:00", "2026-09-27 12:00", "2026-09-27 13:00", "2026-09-27 14:00", "2026-09-27 15:00", "2026-09-27 16:00", "2026-09-27 17:00", "2026-09-27 18:00", "2026-09-27 19:00", "2026-09-27 20:00", "2026-09-27 21:00", "2026-09-27 22:00", "2026-09-27 23:00", "2026-09-28 00:00", "2026-09-28 01:00", "2026-09-28 02:00", "2026-09-28 03:00", "2026-09-28 04:00", "2026-09-28 05:00", "2026-09-28 06:00", "2026-09-28 07:00", "2026-09-28 08:00", "2026-09-28 09:00", "2026-09-28 10:00", "2026-09-28 11:00", "2026-09-28 12:00", "2026-09-28 13:00", "2026-09-28 14:00", "2026-09-28 15:00", "2026-09-28 16:00", "2026-09-28 17:00", "2026-09-28 18:00", "2026-09-28 19:00", "2026-09-28 20:00", "2026-09-28 21:00", "2026-09-28 22:00", "2026-09-28 23:00", "2026-09-29 00:00", "2026-09-29 01:00", "2026-09-29 02:00", "2026-09-29 03:00", "2026-09-29 04:00", "2026-09-29 05:00", "2026-09-29 06:00", "2026-09-29 07:00", "2026-09-29 08:00", "2026-09-29 09:00", "2026-09-29 10:00", "2026-09-29 11:00", "2026-09-29 12:00", "2026-09-29 13:00", "2026-09-29 14:00", "2026-09-29 15:00", "2026-09-29 16:00", "2026-09-29 17:00", "2026-09-29 18:00", "2026-09-29 19:00", "2026-09-29 20:00", "2026-09-29 21:00"], "lead_h": [1, 2, 3, 4, 5, 6, 7, 8, 9, 10, 11, 12, 13, 14, 15, 16, 17, 18, 19, 20, 21, 22, 23, 24, 25, 26, 27, 28, 29, 30, 31, 32, 33, 34, 35, 36, 37, 38, 39, 40, 41, 42, 43, 44, 45, 46, 47, 48, 49, 50, 51, 52, 53, 54, 55, 56, 57, 58, 59, 60, 61, 62, 63, 64, 65, 66, 67, 68, 69, 70, 71, 72], "precip_mm_h": [0.0, 0.0, 0.0, 0.0, 0.0, 0.0, 0.0, 0.0, 0.0, 0.025, 0.045, 0.051, 0.044, 0.043, 0.024, 0.012, 0.004, 0.017, 0.03, 0.051, 0.044, 0.004, 0.003, 0.001, 0.0, 0.012, 0.032, 0.004, 0.002, 0.014, 0.006, 0.004, 0.117, 0.188, 0.0, 0.0, 0.014, 0.01, 0.003, 1.396, 0.486, 0.044, 0.111, 0.026, 0.0, 0.0, 0.0, 0.0, 0.0, 0.0, 0.0, 0.0, 0.0, 0.0, 0.0, 0.0, 0.022, 0.032, 0.034, 0.008, 0.001, 0.006, 0.001, 0.008, 0.007, 0.008, 0.018, 0.008, 0.002, 0.007, 0.008, 0.0], "accum_mm": [0.0, 0.0, 0.0, 0.0, 0.0, 0.0, 0.0, 0.0, 0.0, 0.025, 0.07, 0.121, 0.165, 0.208, 0.232, 0.244, 0.248, 0.265, 0.295, 0.346, 0.39, 0.394, 0.397, 0.398, 0.398, 0.41, 0.442, 0.446, 0.448, 0.462, 0.468, 0.472, 0.589, 0.777, 0.777, 0.777, 0.791, 0.801, 0.804, 2.2, 2.686, 2.73, 2.841, 2.867, 2.867, 2.867, 2.867, 2.867, 2.867, 2.867, 2.867, 2.867, 2.867, 2.867, 2.867, 2.867, 2.889, 2.921, 2.955, 2.963, 2.964, 2.97, 2.971, 2.979, 2.986, 2.994, 3.012, 3.02, 3.022, 3.029, 3.037, 3.037], "t2m_degC": [19.66, 19.65, 19.37, 19.14, 19.02, 18.83, 18.77, 18.85, 18.87, 18.77, 18.83, 18.96, 19.14, 19.23, 19.26, 19.27, 19.21, 19.19, 19.28, 19.38, 19.41, 19.41, 19.42, 19.31, 19.18, 19.1, 19.14, 19.31, 19.3, 19.22, 19.23, 19.31, 19.36, 19.49, 19.45, 19.51, 19.56, 19.44, 19.46, 19.48, 19.44, 19.56, 19.58, 19.64, 19.66, 19.83, 19.9, 19.86, 19.79, 19.56, 19.47, 19.51, 19.54, 19.47, 19.5, 19.4, 19.23, 19.16, 19.17, 19.24, 19.3, 19.3, 19.41, 19.49, 19.5, 19.55, 19.64, 19.71, 19.78, 19.8, 19.81, 19.8], "wspd_ms": [4.34, 5.1, 6.47, 6.48, 6.17, 6.14, 5.97, 5.59, 4.64, 3.8, 4.06, 3.53, 3.21, 3.12, 2.72, 3.15, 3.29, 3.33, 3.2, 3.99, 4.26, 3.73, 2.31, 3.26, 2.5, 2.22, 2.46, 1.41, 1.25, 1.67, 1.88, 2.83, 4.13, 5.85, 4.99, 5.46, 3.4, 3.69, 3.95, 4.23, 4.85, 4.92, 4.75, 4.75, 5.96, 6.09, 6.75, 5.5, 3.76, 1.28, 1.91, 3.5, 3.74, 4.2, 4.57, 5.34, 5.08, 4.67, 3.95, 3.73, 3.65, 4.2, 4.41, 4.97, 5.0, 4.85, 5.4, 4.94, 2.61, 2.44, 3.36, 3.9]}, "geometry": {"type": "Polygon", "coordinates": [[[-48.928414211281755, -26.266218288389965], [-48.919929041306595, -26.265907024689643], [-48.91888678982894, -26.265150531184847], [-48.91565735019885, -26.26593865552144], [-48.913364872579436, -26.265625003895135], [-48.91244355535004, -26.264518395563606], [-48.910388185605726, -26.265500738120306], [-48.900105623083554, -26.264956247928804], [-48.89740913372478, -26.266656768765454], [-48.895604930724915, -26.268813126071112], [-48.8932419807303, -26.275850160370158], [-48.885434266975835, -26.289617001087947], [-48.88345987281828, -26.300018819671852], [-48.88602373535279, -26.300351688707497], [-48.88764015325362, -26.299318414409107], [-48.89578692523987, -26.29962821346871], [-48.89552098652111, -26.303637987243345], [-48.904716459440856, -26.30377265054292], [-48.91864138713541, -26.294104668531492], [-48.920625343309254, -26.293900233190428], [-48.924352045466314, -26.29483936629352], [-48.92626149535306, -26.294126245304337], [-48.92634816271577, -26.293267549056658], [-48.92755928761309, -26.293248431177147], [-48.928414211281755, -26.266218288389965]]]}}, {"id": "39", "type": "Feature", "properties": {"OBJECTID": 41, "Shape_Leng": 4935.12602008, "Shape_Area": 1098902.03862, "Nome_Bairr": "DONA FRANCISCA", "name": "Dona Francisca", "rain_total_mm": 2.918, "temp_mean_degC": 19.4, "wind_mean_ms": 3.89, "wind_dir_deg": 73, "coverage_pct": 100.0, "run_time_utc": "2026-09-27 00:00:00", "window_local": "2026-09-26 22:00 .. 2026-09-29 21:00", "source": "CPTEC/INPE WRF AMS 7km", "valid_times_local": ["2026-09-26 22:00", "2026-09-26 23:00", "2026-09-27 00:00", "2026-09-27 01:00", "2026-09-27 02:00", "2026-09-27 03:00", "2026-09-27 04:00", "2026-09-27 05:00", "2026-09-27 06:00", "2026-09-27 07:00", "2026-09-27 08:00", "2026-09-27 09:00", "2026-09-27 10:00", "2026-09-27 11:00", "2026-09-27 12:00", "2026-09-27 13:00", "2026-09-27 14:00", "2026-09-27 15:00", "2026-09-27 16:00", "2026-09-27 17:00", "2026-09-27 18:00", "2026-09-27 19:00", "2026-09-27 20:00", "2026-09-27 21:00", "2026-09-27 22:00", "2026-09-27 23:00", "2026-09-28 00:00", "2026-09-28 01:00", "2026-09-28 02:00", "2026-09-28 03:00", "2026-09-28 04:00", "2026-09-28 05:00", "2026-09-28 06:00", "2026-09-28 07:00", "2026-09-28 08:00", "2026-09-28 09:00", "2026-09-28 10:00", "2026-09-28 11:00", "2026-09-28 12:00", "2026-09-28 13:00", "2026-09-28 14:00", "2026-09-28 15:00", "2026-09-28 16:00", "2026-09-28 17:00", "2026-09-28 18:00", "2026-09-28 19:00", "2026-09-28 20:00", "2026-09-28 21:00", "2026-09-28 22:00", "2026-09-28 23:00", "2026-09-29 00:00", "2026-09-29 01:00", "2026-09-29 02:00", "2026-09-29 03:00", "2026-09-29 04:00", "2026-09-29 05:00", "2026-09-29 06:00", "2026-09-29 07:00", "2026-09-29 08:00", "2026-09-29 09:00", "2026-09-29 10:00", "2026-09-29 11:00", "2026-09-29 12:00", "2026-09-29 13:00", "2026-09-29 14:00", "2026-09-29 15:00", "2026-09-29 16:00", "2026-09-29 17:00", "2026-09-29 18:00", "2026-09-29 19:00", "2026-09-29 20:00", "2026-09-29 21:00"], "lead_h": [1, 2, 3, 4, 5, 6, 7, 8, 9, 10, 11, 12, 13, 14, 15, 16, 17, 18, 19, 20, 21, 22, 23, 24, 25, 26, 27, 28, 29, 30, 31, 32, 33, 34, 35, 36, 37, 38, 39, 40, 41, 42, 43, 44, 45, 46, 47, 48, 49, 50, 51, 52, 53, 54, 55, 56, 57, 58, 59, 60, 61, 62, 63, 64, 65, 66, 67, 68, 69, 70, 71, 72], "precip_mm_h": [0.0, 0.0, 0.0, 0.0, 0.0, 0.0, 0.0, 0.0, 0.001, 0.032, 0.054, 0.046, 0.042, 0.037, 0.024, 0.011, 0.013, 0.021, 0.04, 0.036, 0.083, 0.022, 0.0, 0.0, 0.001, 0.004, 0.033, 0.008, 0.006, 0.019, 0.006, 0.01, 0.078, 0.187, 0.0, 0.0, 0.006, 0.008, 0.0, 0.978, 0.811, 0.007, 0.049, 0.075, 0.0, 0.0, 0.0, 0.0, 0.0, 0.0, 0.0, 0.0, 0.0, 0.0, 0.0, 0.002, 0.024, 0.032, 0.026, 0.008, 0.0, 0.002, 0.0, 0.008, 0.006, 0.01, 0.019, 0.01, 0.006, 0.008, 0.006, 0.0], "accum_mm": [0.0, 0.0, 0.0, 0.0, 0.0, 0.0, 0.0, 0.0, 0.001, 0.033, 0.087, 0.133, 0.175, 0.212, 0.236, 0.247, 0.26, 0.281, 0.321, 0.357, 0.44, 0.462, 0.462, 0.462, 0.463, 0.467, 0.5, 0.508, 0.514, 0.533, 0.539, 0.549, 0.627, 0.814, 0.814, 0.814, 0.82, 0.828, 0.828, 1.806, 2.617, 2.624, 2.673, 2.748, 2.748, 2.748, 2.748, 2.748, 2.748, 2.748, 2.748, 2.748, 2.748, 2.748, 2.748, 2.75, 2.774, 2.806, 2.832, 2.84, 2.84, 2.842, 2.842, 2.85, 2.856, 2.866, 2.885, 2.895, 2.901, 2.909, 2.915, 2.915], "t2m_degC": [19.64, 19.71, 19.48, 19.2, 19.03, 18.78, 18.6, 18.62, 18.58, 18.52, 18.6, 18.8, 19.04, 19.25, 19.29, 19.35, 19.24, 19.22, 19.26, 19.37, 19.43, 19.44, 19.45, 19.38, 19.31, 19.23, 19.23, 19.33, 19.29, 19.23, 19.22, 19.26, 19.32, 19.41, 19.41, 19.5, 19.56, 19.46, 19.47, 19.5, 19.45, 19.49, 19.53, 19.61, 19.73, 19.88, 19.87, 19.86, 19.82, 19.64, 19.47, 19.53, 19.56, 19.46, 19.47, 19.33, 19.19, 19.13, 19.15, 19.21, 19.28, 19.27, 19.42, 19.51, 19.5, 19.53, 19.61, 19.72, 19.77, 19.77, 19.76, 19.77], "wspd_ms": [3.68, 4.46, 5.96, 6.39, 6.13, 5.83, 5.69, 5.4, 4.61, 3.96, 4.16, 3.4, 2.81, 2.78, 2.6, 3.0, 3.02, 3.06, 2.55, 3.44, 4.18, 3.85, 2.69, 2.99, 2.24, 2.09, 2.34, 0.89, 1.18, 1.62, 1.86, 2.4, 3.8, 5.12, 4.68, 5.32, 3.84, 3.7, 4.26, 4.24, 5.26, 4.59, 4.41, 4.98, 5.87, 6.18, 6.34, 5.36, 3.88, 0.55, 2.3, 3.46, 3.43, 4.09, 4.27, 4.76, 4.59, 4.39, 3.38, 3.46, 3.5, 4.22, 4.38, 4.92, 5.03, 5.11, 4.65, 5.43, 2.33, 2.28, 2.78, 3.76]}, "geometry": {"type": "Polygon", "coordinates": [[[-48.92691629912525, -26.193738140582646], [-48.91373279784082, -26.20312465549381], [-48.91530783356284, -26.209029884610043], [-48.93074444160342, -26.19801758655496], [-48.92691629912525, -26.193738140582646]]]}}, {"id": "40", "type": "Feature", "properties": {"OBJECTID": 42, "Shape_Leng": 8331.86660165, "Shape_Area": 3300163.25739, "Nome_Bairr": "JARDIM IRIRIÚ", "name": "Jardim Iririú", "rain_total_mm": 2.456, "temp_mean_degC": 19.4, "wind_mean_ms": 4.31, "wind_dir_deg": 65, "coverage_pct": 100.0, "run_time_utc": "2026-09-27 00:00:00", "window_local": "2026-09-26 22:00 .. 2026-09-29 21:00", "source": "CPTEC/INPE WRF AMS 7km", "valid_times_local": ["2026-09-26 22:00", "2026-09-26 23:00", "2026-09-27 00:00", "2026-09-27 01:00", "2026-09-27 02:00", "2026-09-27 03:00", "2026-09-27 04:00", "2026-09-27 05:00", "2026-09-27 06:00", "2026-09-27 07:00", "2026-09-27 08:00", "2026-09-27 09:00", "2026-09-27 10:00", "2026-09-27 11:00", "2026-09-27 12:00", "2026-09-27 13:00", "2026-09-27 14:00", "2026-09-27 15:00", "2026-09-27 16:00", "2026-09-27 17:00", "2026-09-27 18:00", "2026-09-27 19:00", "2026-09-27 20:00", "2026-09-27 21:00", "2026-09-27 22:00", "2026-09-27 23:00", "2026-09-28 00:00", "2026-09-28 01:00", "2026-09-28 02:00", "2026-09-28 03:00", "2026-09-28 04:00", "2026-09-28 05:00", "2026-09-28 06:00", "2026-09-28 07:00", "2026-09-28 08:00", "2026-09-28 09:00", "2026-09-28 10:00", "2026-09-28 11:00", "2026-09-28 12:00", "2026-09-28 13:00", "2026-09-28 14:00", "2026-09-28 15:00", "2026-09-28 16:00", "2026-09-28 17:00", "2026-09-28 18:00", "2026-09-28 19:00", "2026-09-28 20:00", "2026-09-28 21:00", "2026-09-28 22:00", "2026-09-28 23:00", "2026-09-29 00:00", "2026-09-29 01:00", "2026-09-29 02:00", "2026-09-29 03:00", "2026-09-29 04:00", "2026-09-29 05:00", "2026-09-29 06:00", "2026-09-29 07:00", "2026-09-29 08:00", "2026-09-29 09:00", "2026-09-29 10:00", "2026-09-29 11:00", "2026-09-29 12:00", "2026-09-29 13:00", "2026-09-29 14:00", "2026-09-29 15:00", "2026-09-29 16:00", "2026-09-29 17:00", "2026-09-29 18:00", "2026-09-29 19:00", "2026-09-29 20:00", "2026-09-29 21:00"], "lead_h": [1, 2, 3, 4, 5, 6, 7, 8, 9, 10, 11, 12, 13, 14, 15, 16, 17, 18, 19, 20, 21, 22, 23, 24, 25, 26, 27, 28, 29, 30, 31, 32, 33, 34, 35, 36, 37, 38, 39, 40, 41, 42, 43, 44, 45, 46, 47, 48, 49, 50, 51, 52, 53, 54, 55, 56, 57, 58, 59, 60, 61, 62, 63, 64, 65, 66, 67, 68, 69, 70, 71, 72], "precip_mm_h": [0.0, 0.0, 0.0, 0.0, 0.0, 0.0, 0.0, 0.0, 0.0, 0.012, 0.028, 0.04, 0.036, 0.04, 0.016, 0.004, 0.008, 0.016, 0.028, 0.008, 0.004, 0.004, 0.0, 0.0, 0.004, 0.008, 0.016, 0.008, 0.008, 0.04, 0.016, 0.008, 0.048, 0.024, 0.0, 0.0, 0.016, 0.016, 0.008, 0.4, 1.008, 0.24, 0.08, 0.104, 0.0, 0.0, 0.0, 0.0, 0.0, 0.0, 0.0, 0.0, 0.0, 0.0, 0.0, 0.0, 0.024, 0.04, 0.024, 0.016, 0.008, 0.0, 0.008, 0.008, 0.0, 0.008, 0.008, 0.016, 0.0, 0.0, 0.0, 0.0], "accum_mm": [0.0, 0.0, 0.0, 0.0, 0.0, 0.0, 0.0, 0.0, 0.0, 0.012, 0.04, 0.08, 0.116, 0.156, 0.172, 0.176, 0.184, 0.2, 0.228, 0.236, 0.24, 0.244, 0.244, 0.244, 0.248, 0.256, 0.272, 0.28, 0.288, 0.328, 0.344, 0.352, 0.4, 0.424, 0.424, 0.424, 0.44, 0.456, 0.464, 0.864, 1.872, 2.112, 2.192, 2.296, 2.296, 2.296, 2.296, 2.296, 2.296, 2.296, 2.296, 2.296, 2.296, 2.296, 2.296, 2.296, 2.32, 2.36, 2.384, 2.4, 2.408, 2.408, 2.416, 2.424, 2.424, 2.432, 2.44, 2.456, 2.456, 2.456, 2.456, 2.456], "t2m_degC": [19.57, 19.58, 19.33, 19.14, 19.01, 18.92, 18.86, 18.97, 19.07, 19.07, 19.1, 19.12, 19.13, 19.19, 19.18, 19.18, 19.22, 19.21, 19.31, 19.4, 19.41, 19.41, 19.37, 19.2, 19.08, 19.09, 19.2, 19.31, 19.28, 19.21, 19.26, 19.34, 19.46, 19.55, 19.49, 19.53, 19.54, 19.43, 19.46, 19.45, 19.44, 19.62, 19.6, 19.63, 19.59, 19.68, 19.8, 19.83, 19.8, 19.61, 19.51, 19.54, 19.56, 19.5, 19.56, 19.42, 19.2, 19.16, 19.19, 19.22, 19.28, 19.3, 19.46, 19.54, 19.53, 19.61, 19.69, 19.76, 19.87, 19.89, 19.86, 19.82], "wspd_ms": [4.54, 5.07, 6.18, 6.4, 6.42, 6.36, 5.98, 5.6, 4.71, 3.96, 4.08, 3.59, 3.16, 2.97, 2.48, 2.91, 3.11, 3.25, 3.26, 4.0, 3.99, 3.29, 2.03, 3.45, 3.12, 2.34, 2.49, 1.32, 1.54, 1.88, 2.06, 3.42, 5.05, 6.45, 5.34, 5.68, 3.43, 3.95, 3.92, 4.11, 5.16, 5.79, 4.6, 4.62, 5.88, 6.19, 7.12, 5.85, 4.49, 1.19, 2.18, 4.31, 4.66, 5.09, 5.36, 5.99, 5.72, 5.11, 4.49, 4.52, 4.11, 4.36, 5.1, 5.48, 5.89, 4.89, 4.77, 5.26, 3.46, 3.4, 3.93, 4.11]}, "geometry": {"type": "Polygon", "coordinates": [[[-48.79557838152153, -26.25670532876523], [-48.79666735152638, -26.258689985067626], [-48.79480889408458, -26.264718619507207], [-48.79623530687622, -26.271593692404327], [-48.796729111980405, -26.27173164347517], [-48.79901483514457, -26.27193098143489], [-48.80164088766688, -26.271155694282836], [-48.808314943394755, -26.27176699422152], [-48.81086905921632, -26.269900820733092], [-48.810332339101784, -26.269148630361634], [-48.81894128785147, -26.2606959985278], [-48.819382872292216, -26.259611520777476], [-48.815369915629994, -26.2564609823676], [-48.81448706378403, -26.257487555307147], [-48.81152755521962, -26.254338058146907], [-48.80958281660129, -26.25619121062555], [-48.8049633434686, -26.255326684543196], [-48.80161254422541, -26.255514138488287], [-48.80078787502004, -26.25483876844863], [-48.80022088056612, -26.25624419164394], [-48.79918419209246, -26.255187758087224], [-48.79910303064407, -26.256843227026007], [-48.79788843459657, -26.2558262960725], [-48.79557838152153, -26.25670532876523]]]}}, {"id": "41", "type": "Feature", "properties": {"OBJECTID": 43, "Shape_Leng": 9308.34130156, "Shape_Area": 4441086.26925, "Nome_Bairr": "PARQUE GUARANI", "name": "Parque Guarani", "rain_total_mm": 2.612, "temp_mean_degC": 19.3, "wind_mean_ms": 4.37, "wind_dir_deg": 63, "coverage_pct": 100.0, "run_time_utc": "2026-09-27 00:00:00", "window_local": "2026-09-26 22:00 .. 2026-09-29 21:00", "source": "CPTEC/INPE WRF AMS 7km", "valid_times_local": ["2026-09-26 22:00", "2026-09-26 23:00", "2026-09-27 00:00", "2026-09-27 01:00", "2026-09-27 02:00", "2026-09-27 03:00", "2026-09-27 04:00", "2026-09-27 05:00", "2026-09-27 06:00", "2026-09-27 07:00", "2026-09-27 08:00", "2026-09-27 09:00", "2026-09-27 10:00", "2026-09-27 11:00", "2026-09-27 12:00", "2026-09-27 13:00", "2026-09-27 14:00", "2026-09-27 15:00", "2026-09-27 16:00", "2026-09-27 17:00", "2026-09-27 18:00", "2026-09-27 19:00", "2026-09-27 20:00", "2026-09-27 21:00", "2026-09-27 22:00", "2026-09-27 23:00", "2026-09-28 00:00", "2026-09-28 01:00", "2026-09-28 02:00", "2026-09-28 03:00", "2026-09-28 04:00", "2026-09-28 05:00", "2026-09-28 06:00", "2026-09-28 07:00", "2026-09-28 08:00", "2026-09-28 09:00", "2026-09-28 10:00", "2026-09-28 11:00", "2026-09-28 12:00", "2026-09-28 13:00", "2026-09-28 14:00", "2026-09-28 15:00", "2026-09-28 16:00", "2026-09-28 17:00", "2026-09-28 18:00", "2026-09-28 19:00", "2026-09-28 20:00", "2026-09-28 21:00", "2026-09-28 22:00", "2026-09-28 23:00", "2026-09-29 00:00", "2026-09-29 01:00", "2026-09-29 02:00", "2026-09-29 03:00", "2026-09-29 04:00", "2026-09-29 05:00", "2026-09-29 06:00", "2026-09-29 07:00", "2026-09-29 08:00", "2026-09-29 09:00", "2026-09-29 10:00", "2026-09-29 11:00", "2026-09-29 12:00", "2026-09-29 13:00", "2026-09-29 14:00", "2026-09-29 15:00", "2026-09-29 16:00", "2026-09-29 17:00", "2026-09-29 18:00", "2026-09-29 19:00", "2026-09-29 20:00", "2026-09-29 21:00"], "lead_h": [1, 2, 3, 4, 5, 6, 7, 8, 9, 10, 11, 12, 13, 14, 15, 16, 17, 18, 19, 20, 21, 22, 23, 24, 25, 26, 27, 28, 29, 30, 31, 32, 33, 34, 35, 36, 37, 38, 39, 40, 41, 42, 43, 44, 45, 46, 47, 48, 49, 50, 51, 52, 53, 54, 55, 56, 57, 58, 59, 60, 61, 62, 63, 64, 65, 66, 67, 68, 69, 70, 71, 72], "precip_mm_h": [0.0, 0.0, 0.0, 0.0, 0.0, 0.0, 0.0, 0.0, 0.0, 0.007, 0.019, 0.029, 0.035, 0.04, 0.014, 0.004, 0.0, 0.007, 0.018, 0.008, 0.001, 0.003, 0.001, 0.0, 0.003, 0.021, 0.0, 0.0, 0.006, 0.032, 0.088, 0.002, 0.054, 0.022, 0.0, 0.0, 0.024, 0.058, 0.051, 0.668, 0.821, 0.006, 0.415, 0.012, 0.0, 0.0, 0.0, 0.0, 0.0, 0.0, 0.0, 0.0, 0.0, 0.0, 0.0, 0.0, 0.016, 0.038, 0.026, 0.008, 0.006, 0.002, 0.006, 0.008, 0.0, 0.008, 0.01, 0.008, 0.0, 0.0, 0.006, 0.0], "accum_mm": [0.0, 0.0, 0.0, 0.0, 0.0, 0.0, 0.0, 0.0, 0.0, 0.007, 0.026, 0.055, 0.09, 0.13, 0.144, 0.148, 0.148, 0.155, 0.173, 0.181, 0.182, 0.185, 0.186, 0.186, 0.189, 0.21, 0.21, 0.21, 0.216, 0.248, 0.336, 0.338, 0.392, 0.414, 0.414, 0.414, 0.438, 0.496, 0.547, 1.215, 2.036, 2.042, 2.457, 2.469, 2.469, 2.469, 2.469, 2.469, 2.469, 2.469, 2.469, 2.469, 2.469, 2.469, 2.469, 2.469, 2.485, 2.523, 2.549, 2.557, 2.563, 2.565, 2.571, 2.579, 2.579, 2.587, 2.597, 2.605, 2.605, 2.605, 2.611, 2.611], "t2m_degC": [19.53, 19.48, 19.23, 19.08, 18.96, 18.88, 18.81, 18.89, 19.0, 18.97, 19.08, 19.06, 19.06, 19.11, 19.1, 19.13, 19.15, 19.16, 19.26, 19.31, 19.35, 19.37, 19.3, 19.07, 18.91, 18.87, 19.08, 19.24, 19.24, 19.19, 19.17, 19.29, 19.39, 19.52, 19.48, 19.49, 19.5, 19.36, 19.41, 19.39, 19.47, 19.6, 19.54, 19.59, 19.56, 19.64, 19.84, 19.82, 19.75, 19.53, 19.44, 19.46, 19.48, 19.45, 19.52, 19.44, 19.24, 19.16, 19.17, 19.19, 19.25, 19.29, 19.42, 19.53, 19.52, 19.6, 19.65, 19.69, 19.82, 19.86, 19.84, 19.8], "wspd_ms": [5.17, 5.84, 6.59, 6.44, 6.4, 6.48, 6.08, 5.67, 4.73, 3.97, 4.23, 3.8, 3.56, 3.2, 2.77, 3.07, 3.43, 3.46, 3.28, 3.78, 3.88, 3.07, 2.33, 3.09, 3.02, 2.41, 2.52, 1.87, 1.62, 1.8, 1.92, 3.62, 4.98, 6.49, 5.71, 5.55, 3.07, 4.15, 3.76, 4.22, 5.38, 5.37, 4.54, 4.64, 5.96, 6.23, 7.0, 5.93, 4.3, 1.52, 2.0, 3.83, 4.49, 4.86, 5.5, 6.28, 5.9, 5.35, 5.06, 4.51, 3.93, 4.24, 4.82, 5.24, 5.3, 4.68, 6.03, 5.2, 3.7, 3.38, 4.21, 4.4]}, "geometry": {"type": "Polygon", "coordinates": [[[-48.80550004530684, -26.372703348743787], [-48.818970069686, -26.371550469367786], [-48.818158122168704, -26.358559282157604], [-48.819838703137734, -26.357134135539003], [-48.82007875646328, -26.355360232514652], [-48.816134750227704, -26.355666010961436], [-48.8139954748916, -26.35398747860172], [-48.81349979228229, -26.354542673546366], [-48.81127904790879, -26.349882789093748], [-48.80655428639338, -26.350964384362474], [-48.80239156378037, -26.349979723614727], [-48.79947373303302, -26.353097069325315], [-48.798223742240395, -26.357824872294742], [-48.79850709339512, -26.359894318707003], [-48.79616820115439, -26.363261012354943], [-48.79278790569706, -26.36625486212622], [-48.80039801107501, -26.36715380591091], [-48.803275746454744, -26.369665860409032], [-48.80550004530684, -26.372703348743787]]]}}, {"id": "42", "type": "Feature", "properties": {"OBJECTID": 44, "Shape_Leng": 11529.0869982, "Shape_Area": 5419521.63288, "Nome_Bairr": "SANTA CATARINA", "name": "Santa Catarina", "rain_total_mm": 3.056, "temp_mean_degC": 19.3, "wind_mean_ms": 4.27, "wind_dir_deg": 65, "coverage_pct": 100.0, "run_time_utc": "2026-09-27 00:00:00", "window_local": "2026-09-26 22:00 .. 2026-09-29 21:00", "source": "CPTEC/INPE WRF AMS 7km", "valid_times_local": ["2026-09-26 22:00", "2026-09-26 23:00", "2026-09-27 00:00", "2026-09-27 01:00", "2026-09-27 02:00", "2026-09-27 03:00", "2026-09-27 04:00", "2026-09-27 05:00", "2026-09-27 06:00", "2026-09-27 07:00", "2026-09-27 08:00", "2026-09-27 09:00", "2026-09-27 10:00", "2026-09-27 11:00", "2026-09-27 12:00", "2026-09-27 13:00", "2026-09-27 14:00", "2026-09-27 15:00", "2026-09-27 16:00", "2026-09-27 17:00", "2026-09-27 18:00", "2026-09-27 19:00", "2026-09-27 20:00", "2026-09-27 21:00", "2026-09-27 22:00", "2026-09-27 23:00", "2026-09-28 00:00", "2026-09-28 01:00", "2026-09-28 02:00", "2026-09-28 03:00", "2026-09-28 04:00", "2026-09-28 05:00", "2026-09-28 06:00", "2026-09-28 07:00", "2026-09-28 08:00", "2026-09-28 09:00", "2026-09-28 10:00", "2026-09-28 11:00", "2026-09-28 12:00", "2026-09-28 13:00", "2026-09-28 14:00", "2026-09-28 15:00", "2026-09-28 16:00", "2026-09-28 17:00", "2026-09-28 18:00", "2026-09-28 19:00", "2026-09-28 20:00", "2026-09-28 21:00", "2026-09-28 22:00", "2026-09-28 23:00", "2026-09-29 00:00", "2026-09-29 01:00", "2026-09-29 02:00", "2026-09-29 03:00", "2026-09-29 04:00", "2026-09-29 05:00", "2026-09-29 06:00", "2026-09-29 07:00", "2026-09-29 08:00", "2026-09-29 09:00", "2026-09-29 10:00", "2026-09-29 11:00", "2026-09-29 12:00", "2026-09-29 13:00", "2026-09-29 14:00", "2026-09-29 15:00", "2026-09-29 16:00", "2026-09-29 17:00", "2026-09-29 18:00", "2026-09-29 19:00", "2026-09-29 20:00", "2026-09-29 21:00"], "lead_h": [1, 2, 3, 4, 5, 6, 7, 8, 9, 10, 11, 12, 13, 14, 15, 16, 17, 18, 19, 20, 21, 22, 23, 24, 25, 26, 27, 28, 29, 30, 31, 32, 33, 34, 35, 36, 37, 38, 39, 40, 41, 42, 43, 44, 45, 46, 47, 48, 49, 50, 51, 52, 53, 54, 55, 56, 57, 58, 59, 60, 61, 62, 63, 64, 65, 66, 67, 68, 69, 70, 71, 72], "precip_mm_h": [0.0, 0.0, 0.0, 0.0, 0.0, 0.0, 0.0, 0.0, 0.0, 0.01, 0.027, 0.037, 0.037, 0.041, 0.015, 0.005, 0.001, 0.005, 0.019, 0.025, 0.011, 0.003, 0.001, 0.0, 0.001, 0.027, 0.002, 0.003, 0.002, 0.017, 0.051, 0.004, 0.082, 0.089, 0.002, 0.0, 0.02, 0.052, 0.056, 1.071, 0.727, 0.01, 0.422, 0.018, 0.0, 0.0, 0.0, 0.0, 0.0, 0.0, 0.0, 0.0, 0.0, 0.0, 0.0, 0.0, 0.016, 0.036, 0.028, 0.008, 0.005, 0.001, 0.007, 0.008, 0.0, 0.01, 0.031, 0.006, 0.0, 0.002, 0.005, 0.0], "accum_mm": [0.0, 0.0, 0.0, 0.0, 0.0, 0.0, 0.0, 0.0, 0.0, 0.01, 0.037, 0.074, 0.111, 0.152, 0.167, 0.172, 0.173, 0.178, 0.197, 0.222, 0.233, 0.236, 0.237, 0.237, 0.238, 0.265, 0.267, 0.27, 0.272, 0.289, 0.34, 0.344, 0.426, 0.515, 0.517, 0.517, 0.537, 0.589, 0.645, 1.716, 2.443, 2.453, 2.875, 2.893, 2.893, 2.893, 2.893, 2.893, 2.893, 2.893, 2.893, 2.893, 2.893, 2.893, 2.893, 2.893, 2.909, 2.945, 2.973, 2.981, 2.986, 2.987, 2.994, 3.002, 3.002, 3.012, 3.043, 3.049, 3.049, 3.051, 3.056, 3.056], "t2m_degC": [19.59, 19.51, 19.25, 19.09, 18.99, 18.88, 18.81, 18.89, 18.96, 18.91, 19.0, 19.03, 19.08, 19.13, 19.15, 19.13, 19.15, 19.15, 19.25, 19.31, 19.35, 19.37, 19.33, 19.13, 18.93, 18.84, 19.03, 19.23, 19.26, 19.19, 19.19, 19.29, 19.36, 19.5, 19.46, 19.48, 19.51, 19.37, 19.42, 19.42, 19.46, 19.59, 19.55, 19.61, 19.61, 19.7, 19.89, 19.84, 19.75, 19.52, 19.46, 19.46, 19.49, 19.45, 19.5, 19.44, 19.26, 19.17, 19.15, 19.24, 19.26, 19.29, 19.41, 19.49, 19.5, 19.57, 19.63, 19.68, 19.77, 19.82, 19.84, 19.81], "wspd_ms": [5.11, 5.8, 6.7, 6.44, 6.24, 6.41, 6.06, 5.71, 4.72, 3.92, 4.23, 3.86, 3.66, 3.33, 2.93, 3.17, 3.49, 3.51, 3.33, 3.81, 4.0, 3.31, 2.37, 3.12, 2.76, 2.39, 2.35, 1.95, 1.49, 1.68, 1.79, 3.4, 4.58, 6.25, 5.6, 5.45, 3.05, 4.0, 3.73, 4.31, 5.07, 5.19, 4.78, 4.74, 6.03, 6.13, 6.86, 5.73, 3.84, 1.67, 1.81, 3.43, 4.03, 4.46, 5.16, 5.98, 5.69, 5.08, 4.79, 4.25, 3.73, 4.21, 4.56, 4.99, 4.78, 4.62, 6.47, 4.92, 3.21, 2.93, 3.98, 4.32]}, "geometry": {"type": "Polygon", "coordinates": [[[-48.85882839656374, -26.354878864275168], [-48.85730703164855, -26.34863274816578], [-48.841536064019614, -26.348130308950743], [-48.83871890279822, -26.35184306395401], [-48.83970205860421, -26.361958875610007], [-48.84196037014978, -26.360914026268357], [-48.84283470969835, -26.359807498553742], [-48.84654394012934, -26.36417098168686], [-48.845850204310125, -26.365087699187512], [-48.846151801764464, -26.370392558296906], [-48.84306631398618, -26.377851062528375], [-48.84513679519833, -26.38230438520151], [-48.84547686828786, -26.3861688209566], [-48.850028855702966, -26.384241190181207], [-48.85159507390497, -26.381910027283645], [-48.851843961615025, -26.378492794231537], [-48.856255100942455, -26.373224573105485], [-48.85889843245493, -26.36372861524], [-48.85882839656374, -26.354878864275168]]]}}]}