{"type": "FeatureCollection", "features": [{"id": "0", "type": "Feature", "properties": {"ID": 2, "Nomes": "Bacia Hidrográfica do Palmital", "Area": 344.31269, "Perimetro": 397.29003, "name": "Bacia Hidrográfica do Palmital", "rain_total_mm": 33.912, "temp_mean_degC": 18.2, "wind_mean_ms": 2.45, "wind_dir_deg": 56, "coverage_pct": 100.0, "run_time_utc": "2026-08-14 00:00:00", "window_local": "2026-08-13 22:00 .. 2026-08-16 21:00", "source": "CPTEC/INPE WRF AMS 7km", "valid_times_local": ["2026-08-13 22:00", "2026-08-13 23:00", "2026-08-14 00:00", "2026-08-14 01:00", "2026-08-14 02:00", "2026-08-14 03:00", "2026-08-14 04:00", "2026-08-14 05:00", "2026-08-14 06:00", "2026-08-14 07:00", "2026-08-14 08:00", "2026-08-14 09:00", "2026-08-14 10:00", "2026-08-14 11:00", "2026-08-14 12:00", "2026-08-14 13:00", "2026-08-14 14:00", "2026-08-14 15:00", "2026-08-14 16:00", "2026-08-14 17:00", "2026-08-14 18:00", "2026-08-14 19:00", "2026-08-14 20:00", "2026-08-14 21:00", "2026-08-14 22:00", "2026-08-14 23:00", "2026-08-15 00:00", "2026-08-15 01:00", "2026-08-15 02:00", "2026-08-15 03:00", "2026-08-15 04:00", "2026-08-15 05:00", "2026-08-15 06:00", "2026-08-15 07:00", "2026-08-15 08:00", "2026-08-15 09:00", "2026-08-15 10:00", "2026-08-15 11:00", "2026-08-15 12:00", "2026-08-15 13:00", "2026-08-15 14:00", "2026-08-15 15:00", "2026-08-15 16:00", "2026-08-15 17:00", "2026-08-15 18:00", "2026-08-15 19:00", "2026-08-15 20:00", "2026-08-15 21:00", "2026-08-15 22:00", "2026-08-15 23:00", "2026-08-16 00:00", "2026-08-16 01:00", "2026-08-16 02:00", "2026-08-16 03:00", "2026-08-16 04:00", "2026-08-16 05:00", "2026-08-16 06:00", "2026-08-16 07:00", "2026-08-16 08:00", "2026-08-16 09:00", "2026-08-16 10:00", "2026-08-16 11:00", "2026-08-16 12:00", "2026-08-16 13:00", "2026-08-16 14:00", "2026-08-16 15:00", "2026-08-16 16:00", "2026-08-16 17:00", "2026-08-16 18:00", "2026-08-16 19:00", "2026-08-16 20:00", "2026-08-16 21:00"], "lead_h": [1, 2, 3, 4, 5, 6, 7, 8, 9, 10, 11, 12, 13, 14, 15, 16, 17, 18, 19, 20, 21, 22, 23, 24, 25, 26, 27, 28, 29, 30, 31, 32, 33, 34, 35, 36, 37, 38, 39, 40, 41, 42, 43, 44, 45, 46, 47, 48, 49, 50, 51, 52, 53, 54, 55, 56, 57, 58, 59, 60, 61, 62, 63, 64, 65, 66, 67, 68, 69, 70, 71, 72], "precip_mm_h": [0.001, 0.036, 0.052, 0.072, 0.113, 0.187, 0.121, 0.087, 0.199, 0.293, 0.646, 1.48, 2.324, 1.807, 1.225, 3.755, 0.26, 0.068, 0.224, 2.001, 0.724, 0.668, 0.113, 0.031, 0.023, 0.076, 0.085, 0.106, 0.089, 0.632, 0.19, 0.241, 0.96, 1.523, 1.334, 2.688, 2.461, 2.697, 1.443, 0.559, 0.032, 0.031, 0.041, 0.021, 0.005, 0.015, 0.058, 0.143, 0.164, 0.274, 0.236, 0.146, 0.097, 0.046, 0.033, 0.029, 0.023, 0.029, 0.081, 0.099, 0.079, 0.151, 0.056, 0.032, 0.051, 0.024, 0.018, 0.01, 0.036, 0.067, 0.092, 0.101], "accum_mm": [0.001, 0.037, 0.089, 0.161, 0.274, 0.461, 0.582, 0.669, 0.868, 1.161, 1.807, 3.287, 5.611, 7.418, 8.643, 12.398, 12.658, 12.726, 12.95, 14.951, 15.675, 16.343, 16.456, 16.487, 16.51, 16.586, 16.671, 16.777, 16.866, 17.498, 17.688, 17.929, 18.889, 20.412, 21.746, 24.434, 26.895, 29.592, 31.035, 31.594, 31.626, 31.657, 31.698, 31.719, 31.724, 31.739, 31.797, 31.94, 32.104, 32.378, 32.614, 32.76, 32.857, 32.903, 32.936, 32.965, 32.988, 33.017, 33.098, 33.197, 33.276, 33.427, 33.483, 33.515, 33.566, 33.59, 33.608, 33.618, 33.654, 33.721, 33.813, 33.914], "t2m_degC": [17.12, 16.86, 16.71, 16.62, 16.65, 16.55, 16.53, 16.47, 16.44, 16.37, 16.58, 17.19, 17.58, 18.13, 18.41, 18.04, 18.9, 18.79, 18.25, 17.62, 17.13, 16.92, 16.9, 16.79, 16.73, 16.65, 16.64, 16.66, 16.68, 16.71, 16.77, 16.78, 16.88, 17.03, 17.49, 17.99, 18.43, 18.88, 20.01, 20.84, 20.97, 20.62, 19.93, 19.1, 18.38, 17.96, 17.89, 18.03, 18.2, 18.23, 18.24, 18.18, 18.06, 17.94, 17.87, 17.8, 17.79, 17.83, 18.36, 19.46, 20.68, 21.5, 22.0, 22.34, 22.08, 21.95, 21.09, 20.15, 19.11, 18.63, 18.46, 18.4], "wspd_ms": [1.75, 1.02, 0.5, 0.75, 1.2, 0.58, 0.76, 0.64, 0.96, 1.71, 1.28, 0.89, 0.11, 0.83, 1.47, 1.17, 1.17, 1.79, 2.32, 2.34, 1.64, 1.51, 2.12, 0.97, 1.06, 0.36, 0.46, 0.2, 0.79, 0.92, 1.27, 0.59, 1.0, 0.86, 0.6, 0.59, 0.67, 0.25, 1.53, 2.37, 2.84, 3.24, 3.88, 3.1, 2.92, 2.89, 3.28, 3.82, 4.07, 4.63, 4.78, 4.7, 4.53, 4.74, 4.66, 4.45, 4.18, 4.12, 5.47, 7.12, 5.78, 5.74, 4.87, 4.44, 4.28, 4.15, 4.35, 4.24, 3.54, 3.01, 2.87, 2.87]}, "geometry": {"type": "MultiPolygon", "coordinates": [[[[-48.81699368181409, -26.13489495497421], [-48.815631988838035, -26.136322334940257], [-48.815797315542405, -26.13675587288028], [-48.81657164588717, -26.136497988654178], [-48.81699446545358, -26.13671046796905], [-48.8172928965358, -26.13651749341461], [-48.81704813150845, -26.136181372664417], [-48.81686191370217, -26.135415913195622], [-48.81707021818031, -26.13512694064808], [-48.81757833353406, -26.13490810928879], [-48.81699368181409, -26.13489495497421]]], [[[-48.816352629275215, -26.13409215176402], [-48.81697666296569, -26.13477391392288], [-48.81774999234266, -26.134641823222807], [-48.81735332167622, -26.134077660797665], [-48.816352629275215, -26.13409215176402]]], [[[-48.814715994875215, -26.128772221198037], [-48.81193434818506, -26.13035818765742], [-48.8124321693436, -26.131949896517863], [-48.81182481144859, -26.13043455046431], [-48.80867304802063, -26.13138187588407], [-48.80797972660942, -26.132702988243842], [-48.808187758701884, -26.134064126674144], [-48.81003786274344, -26.13472277849853], [-48.81678708375197, -26.133753449433122], [-48.81823540750648, -26.134350637827453], [-48.81851819107927, -26.13349099193233], [-48.81771647424281, -26.13257375099898], [-48.81588799633919, -26.13232160566455], [-48.815417895196624, -26.131878768932115], [-48.81534309337154, -26.131020861845304], [-48.816284252700726, -26.129179979138893], [-48.814715994875215, -26.128772221198037]]], [[[-48.82093023562045, -26.131361394337763], [-48.820791730248814, -26.131338245763047], [-48.82059366492071, -26.131414200382142], [-48.82093023562045, -26.131361394337763]]], [[[-48.815531765334896, -26.131526559393855], [-48.81770072523171, -26.132491612661816], [-48.8188319273281, -26.13161982486727], [-48.81654945874508, -26.129425425534805], [-48.815531765334896, -26.131526559393855]]], [[[-48.8114934624514, -26.12998509903753], [-48.812067961319954, -26.12967860475872], [-48.81212243916608, -26.129452568451544], [-48.8114934624514, -26.12998509903753]]], [[[-48.818396660719415, -26.1282847649982], [-48.81889424592185, -26.12767227391763], [-48.818849242378015, -26.127523309841507], [-48.818396660719415, -26.1282847649982]]], [[[-48.819120818487846, -26.127321690204084], [-48.81911269211674, -26.127681608378328], [-48.81960967913231, -26.12739565604033], [-48.819120818487846, -26.127321690204084]]], [[[-48.82077088926218, -26.12564342452515], [-48.81935884150433, -26.126627717185286], [-48.8202153567183, -26.126507978294605], [-48.82077088926218, -26.12564342452515]]], [[[-48.73658554198635, -26.22222847828854], [-48.73883427195353, -26.22296275761925], [-48.739339088307524, -26.224477209334996], [-48.74034872195674, -26.22516559551461], [-48.741587818275015, -26.22466077834059], [-48.74310226812642, -26.225027917935304], [-48.747003126216335, -26.222641510351334], [-48.7487470394892, -26.22314632718043], [-48.750123811596566, -26.220163319151286], [-48.75521787294663, -26.215987106842814], [-48.75696178629053, -26.21291231350008], [-48.75865980584086, -26.211810895424087], [-48.7589810523961, -26.210296444323987], [-48.7598471865986, -26.209883412065793], [-48.75901604311343, -26.209375978313037], [-48.757952774973695, -26.21037133298977], [-48.755398524284814, -26.210163516250127], [-48.7539552134569, -26.20863774264827], [-48.75245121819883, -26.21102847217692], [-48.75176973427492, -26.21063528668367], [-48.75111922592047, -26.211123972717232], [-48.75109633065866, -26.211758914387204], [-48.75045946332702, -26.212762833137713], [-48.74940497370324, -26.212781617762523], [-48.749073556588804, -26.21262315269578], [-48.748492937433355, -26.213192173216086], [-48.74791117465186, -26.21276942678603], [-48.748902939276974, -26.212188602949677], [-48.750413168991564, -26.212701061289078], [-48.75104699953156, -26.211022246363658], [-48.751671223667806, -26.21053198162837], [-48.752412684739404, -26.210910516866015], [-48.75271463699295, -26.21034461871034], [-48.75297683323568, -26.208792612446977], [-48.75130598026918, -26.205903683230606], [-48.75153082958975, -26.20267602047064], [-48.75033462717247, -26.20310068604617], [-48.75158407005819, -26.202234662146854], [-48.751056902069806, -26.20175302197325], [-48.75110332720363, -26.19994432773726], [-48.753429884636496, -26.19195467458357], [-48.75729674662492, -26.187256363904545], [-48.75742412823565, -26.18468158579256], [-48.75887780812333, -26.18092131522111], [-48.765259804042245, -26.16855408988408], [-48.76864055918814, -26.163580573921895], [-48.770646118660075, -26.161667563256575], [-48.774992459676476, -26.150903665712008], [-48.781876563306376, -26.14435198411135], [-48.781149696590035, -26.142965802116905], [-48.77943269566285, -26.14280028647506], [-48.77871603565323, -26.141685282567146], [-48.775794650807434, -26.140157596042307], [-48.77577541071686, -26.139625345233814], [-48.7764062926887, -26.138604483994797], [-48.77563230254173, -26.13770376576185], [-48.77589901040513, -26.137453672593715], [-48.777191927189236, -26.137232971689432], [-48.77706087248939, -26.13630097555541], [-48.77757363848793, -26.13593614265945], [-48.777816842232404, -26.135969273255363], [-48.777962550568695, -26.136156690415444], [-48.77793349925268, -26.13706530928682], [-48.77847501274345, -26.137295345762368], [-48.77828794004878, -26.13624876117693], [-48.77869450830964, -26.13591419647324], [-48.77941849174679, -26.13588507782642], [-48.778822723494415, -26.135488308675434], [-48.778900705243494, -26.135098082046902], [-48.779879808281265, -26.13382225067638], [-48.780327331578896, -26.13347094858882], [-48.78060545246963, -26.13357181817563], [-48.78036051768272, -26.13318495932956], [-48.78110057977565, -26.132621103920833], [-48.7804185278446, -26.133232518805375], [-48.78063177588754, -26.13336073959636], [-48.78066316679956, -26.133722383071394], [-48.778956205146784, -26.135282616095235], [-48.77952047205078, -26.13575207427594], [-48.77945928620262, -26.135987803382985], [-48.77841154260889, -26.136255797885507], [-48.77858725850332, -26.137354605686667], [-48.77780081992499, -26.13709125387856], [-48.77771980112708, -26.136028375039665], [-48.777159073196344, -26.1363900331546], [-48.777223094486736, -26.137416576564583], [-48.775819974035706, -26.137661625153168], [-48.77659598284034, -26.138769109885935], [-48.77590327543965, -26.139919486122178], [-48.77882616455033, -26.14152394094048], [-48.77946885912548, -26.14258810753996], [-48.780860572119146, -26.142562653883655], [-48.7821143359039, -26.143271280206115], [-48.78714556866136, -26.13845054616236], [-48.78876187831741, -26.134040067912125], [-48.78944551404819, -26.13185942646199], [-48.787725719047785, -26.133079679596168], [-48.78555489963565, -26.132137361671454], [-48.7877305448039, -26.132958831237442], [-48.78943768451185, -26.131445047768896], [-48.78971724187526, -26.13039085238713], [-48.78890004970277, -26.127650709194278], [-48.787660243148835, -26.127955378457514], [-48.78886033027912, -26.127537191641387], [-48.78854039049329, -26.126594617363374], [-48.78686823554621, -26.127032704969917], [-48.788551814699105, -26.126447594465926], [-48.78729706730481, -26.118550526581586], [-48.78556179521448, -26.117987546324954], [-48.78544370721292, -26.117743018128312], [-48.785553647696084, -26.117108851877767], [-48.78443500706067, -26.117493523311737], [-48.78477365231812, -26.11617592832325], [-48.78461178955415, -26.116096926791958], [-48.78431507253613, -26.116433214902628], [-48.78414248756456, -26.116472320613696], [-48.783564275680064, -26.11551715362825], [-48.7840232383759, -26.1146048553916], [-48.783664811044986, -26.115484664524907], [-48.784174447281195, -26.116400907286437], [-48.78451192108351, -26.116074860105627], [-48.78478955165908, -26.116094123224794], [-48.78506052513896, -26.117146935140376], [-48.7855010978745, -26.117005174642063], [-48.785726280112016, -26.117195265449386], [-48.78559069994724, -26.11789648041461], [-48.78620895713666, -26.11743097039693], [-48.78731643499591, -26.118271414272073], [-48.78856203826305, -26.109253130640013], [-48.78632929690734, -26.10833280200541], [-48.786197236621014, -26.10771334904863], [-48.786493179090535, -26.107328327058763], [-48.78644751253003, -26.1082927334946], [-48.78858598780461, -26.109174266180425], [-48.78987513096286, -26.105240418836363], [-48.793033777326904, -26.101504775664726], [-48.799232209311356, -26.09851097284248], [-48.801181593405325, -26.09646759286663], [-48.80192659575737, -26.09636337370763], [-48.80413271102142, -26.09714239393012], [-48.80537678673829, -26.096457076945917], [-48.805735096863856, -26.095615508872033], [-48.805194785678154, -26.09472017547468], [-48.80506364742029, -26.09361483645755], [-48.805548272371574, -26.092139373111458], [-48.80516792062779, -26.093595101476712], [-48.80581974242817, -26.09545961703691], [-48.8056288659467, -26.09641441169057], [-48.804175194153736, -26.097254639458484], [-48.80143864760317, -26.096553413224623], [-48.79958671071669, -26.098465600147073], [-48.80498427467598, -26.098071082423036], [-48.80589000027689, -26.09822716726413], [-48.807849986539715, -26.095903109168255], [-48.80783617561464, -26.09305745951068], [-48.80621030869466, -26.09077724110344], [-48.804398138384656, -26.091302280268945], [-48.80071715251473, -26.09042730709803], [-48.80082448567135, -26.09126873478109], [-48.80058003324418, -26.09177219511755], [-48.800193543623074, -26.09192406058594], [-48.79895020297101, -26.09194939997997], [-48.798752948860106, -26.091629242693585], [-48.799061103022524, -26.09136715586487], [-48.79842218450454, -26.091180455190397], [-48.79856201223284, -26.090737254364697], [-48.797957335424556, -26.09124569428586], [-48.79783244788921, -26.09121937280735], [-48.797763589226626, -26.090256651194014], [-48.798626480424346, -26.090105137276964], [-48.79803336058472, -26.09068965609709], [-48.797887685635, -26.09116957534873], [-48.7981378313219, -26.09080777039588], [-48.79876836370742, -26.0906219880861], [-48.79849481362637, -26.09117263766936], [-48.7991280232136, -26.091246540576336], [-48.79893577617443, -26.09183659763405], [-48.80061228699653, -26.0914285935815], [-48.79876794151379, -26.08739688201027], [-48.79974515115626, -26.086326453542032], [-48.80192607392888, -26.08593685584553], [-48.8019054774371, -26.08533271506999], [-48.80095447462833, -26.084480278658628], [-48.79994902753498, -26.082041490634893], [-48.80019459977594, -26.08088872196383], [-48.802177908921976, -26.079410527734076], [-48.80370959023841, -26.07971444485624], [-48.803338662367274, -26.07931994767829], [-48.803434591573826, -26.078839450686754], [-48.80228969501229, -26.078927410402365], [-48.802037198960036, -26.07866325248783], [-48.80194045748742, -26.077643582994963], [-48.80210403785188, -26.07661876751065], [-48.80268028351689, -26.075951951478157], [-48.80305016671393, -26.076208103023642], [-48.80338791259535, -26.074923574001506], [-48.80305727917046, -26.074570850828472], [-48.803128079811685, -26.074948061014425], [-48.802722596377585, -26.074983853317153], [-48.80263916813621, -26.07542705869493], [-48.80241484488691, -26.075501323821793], [-48.80216384006523, -26.075192456092132], [-48.80201847743141, -26.07472555341927], [-48.802431753995066, -26.075456424198723], [-48.8029889745251, -26.074548558817686], [-48.80322630332525, -26.07457431460175], [-48.80342337122063, -26.074828831722538], [-48.80320657347103, -26.076252414485012], [-48.80216966735794, -26.076666722508026], [-48.80210258018447, -26.07846456500648], [-48.803546813489696, -26.078671527545485], [-48.803764646700664, -26.079436657263116], [-48.804877298361504, -26.078499701206624], [-48.8042956538001, -26.077356873120937], [-48.8048884982484, -26.076327491989076], [-48.80440762552123, -26.077339414076324], [-48.80512940271552, -26.078850870379306], [-48.80807422238155, -26.075500245313044], [-48.8078128343367, -26.07474753714556], [-48.8084718288597, -26.07307105799929], [-48.80725913635234, -26.07351723452269], [-48.80646976423097, -26.07288719784391], [-48.8064228889621, -26.072170178176155], [-48.80556459205574, -26.072447197026833], [-48.80537873707632, -26.0711247057464], [-48.80441772925463, -26.070217512345007], [-48.80451485953089, -26.07066814592645], [-48.80440643579974, -26.070769181169098], [-48.80351918750151, -26.070425400452248], [-48.80381253014305, -26.06959657942976], [-48.803525762408604, -26.06961421885792], [-48.80340416739393, -26.069325874839404], [-48.80354235298452, -26.06909880576275], [-48.80325949072499, -26.06917626315402], [-48.80308377923852, -26.069131436209034], [-48.80284205240305, -26.06856735153118], [-48.803138074277946, -26.06852472495919], [-48.80392706804846, -26.069573482297134], [-48.80367716341305, -26.07040623031574], [-48.80440010853087, -26.07066136524696], [-48.80425652043921, -26.07026492599759], [-48.804468466346925, -26.070127231570194], [-48.80551055237341, -26.07106811597916], [-48.805794081353056, -26.072303527278358], [-48.806542014158296, -26.072057543641428], [-48.80748326667432, -26.073208711361865], [-48.80856781695337, -26.072931823590963], [-48.808349182531735, -26.07518293684399], [-48.80968297764696, -26.07452423577564], [-48.81188173010384, -26.073810088943105], [-48.812384266394005, -26.07382587273358], [-48.81249290864423, -26.07338453133389], [-48.81215954349838, -26.073406501126087], [-48.81199485296786, -26.072910517909555], [-48.81176696033187, -26.073058601326462], [-48.81169251224515, -26.072912389414807], [-48.81169978619656, -26.07265333396048], [-48.81218430445455, -26.073056574667127], [-48.81219908451675, -26.07336398677075], [-48.81245359436663, -26.073282498966094], [-48.81253729852127, -26.073452339366376], [-48.81237952720282, -26.073946826514483], [-48.81142368528657, -26.07409047971815], [-48.81223993872223, -26.07420098017962], [-48.81472693772693, -26.07173242366577], [-48.81417710910845, -26.07094107103462], [-48.81090884565947, -26.070419574464335], [-48.80765916529293, -26.0684767106284], [-48.8062634227498, -26.06536860035303], [-48.80541965818186, -26.065563316429746], [-48.804575771142424, -26.065148495964564], [-48.80625023056402, -26.065275785405575], [-48.80650120411753, -26.06563202304054], [-48.80755088230956, -26.06273498261876], [-48.811522746756715, -26.062558174731347], [-48.81282043312809, -26.05952125598608], [-48.8148190449581, -26.058919427429384], [-48.812723162701815, -26.058104796340753], [-48.811286012710525, -26.060538944635663], [-48.81043894209266, -26.06070777810112], [-48.809519240650125, -26.06013337084918], [-48.80966861379525, -26.059087794760085], [-48.81114265754666, -26.05867163943332], [-48.80933393366651, -26.05730208031275], [-48.809843782977225, -26.056406132823675], [-48.809154001480984, -26.055677976330266], [-48.810027511985126, -26.055148620549485], [-48.809725832068516, -26.054374375508498], [-48.80980247515746, -26.05335273008191], [-48.80907877849749, -26.053132423496663], [-48.80898021222266, -26.052865094967846], [-48.80999736580287, -26.05170230753026], [-48.80872498636053, -26.051337047076714], [-48.808624517474165, -26.052152885048717], [-48.80831870516995, -26.05233841228027], [-48.80718891374751, -26.051821950804776], [-48.80664762157296, -26.05145815258034], [-48.80671057999182, -26.051116850789473], [-48.8078056076998, -26.05139625095406], [-48.807553618258105, -26.05060087483334], [-48.80832200272056, -26.05013712924349], [-48.80704233784835, -26.05045542004074], [-48.80641452177425, -26.04960517876509], [-48.806591098580746, -26.049453760378885], [-48.80728364001186, -26.049510075419573], [-48.80867224851689, -26.0481428026027], [-48.80965898961975, -26.047807730111856], [-48.808593062092854, -26.047829088853454], [-48.80847045860362, -26.047772719719788], [-48.808444812128535, -26.047677202980143], [-48.80936299455572, -26.04745894405241], [-48.80882197352352, -26.04701415997524], [-48.80885232219832, -26.04677918832775], [-48.809871944432345, -26.047072911317287], [-48.809492436288814, -26.046869627720685], [-48.810040050561135, -26.046614653072616], [-48.80952681515047, -26.046313139594286], [-48.80962510214546, -26.045530156515298], [-48.81020711754275, -26.045539835174736], [-48.80963535479677, -26.04560285539606], [-48.810103428552324, -26.04658633495081], [-48.80994249540833, -26.047063047775687], [-48.80957226259423, -26.047212982244524], [-48.80887824083862, -26.046890166586945], [-48.809729957074595, -26.047868677986457], [-48.8072885839097, -26.04959660958538], [-48.806528169016666, -26.04962882899529], [-48.80707367450788, -26.05037911075753], [-48.808319921737606, -26.049997323659554], [-48.80876102153715, -26.051166580268834], [-48.81055717022482, -26.051352324573834], [-48.81065051050349, -26.0518868641942], [-48.81019021242921, -26.051504147244724], [-48.80914933150104, -26.05292507977485], [-48.80991419261066, -26.053032564481914], [-48.81053509231519, -26.054028483387338], [-48.8108334206747, -26.053948808986497], [-48.81076808675414, -26.05340137769954], [-48.81137837231207, -26.052445592922385], [-48.8116152319094, -26.05246381635998], [-48.81214870169317, -26.052984435629423], [-48.81191726562113, -26.052472732576724], [-48.81244740899232, -26.052273654284342], [-48.81217989028682, -26.053024302004555], [-48.81139245893507, -26.052508741046044], [-48.81086692737411, -26.054067046798856], [-48.81049194387675, -26.054055662412868], [-48.81003192324302, -26.053569712746576], [-48.81018228857891, -26.054327897563166], [-48.81186629168627, -26.05421250368472], [-48.812347826365304, -26.05453910716612], [-48.81202918055051, -26.056423756219594], [-48.81045516719223, -26.056344282254436], [-48.809739060312324, -26.057009309705123], [-48.81143257899766, -26.058574801755938], [-48.80969015167621, -26.059760690282825], [-48.81014268477532, -26.06035117585598], [-48.81122015518769, -26.060201617132183], [-48.812771284306145, -26.057730427461305], [-48.81464919039919, -26.05803265213117], [-48.81525021985552, -26.05877346337394], [-48.8130583988257, -26.05991175851446], [-48.81191671098076, -26.063056755634435], [-48.80785894119476, -26.063151663798], [-48.807057212090946, -26.06576955007697], [-48.80763723310105, -26.067715748126815], [-48.811196285652215, -26.069840037306548], [-48.81659025451502, -26.071015955732587], [-48.81543627060207, -26.069061879446437], [-48.81804949286751, -26.068551285813502], [-48.81661099007528, -26.067770301883918], [-48.81753426668775, -26.066095333512173], [-48.81633095093533, -26.065631186097548], [-48.81530299503107, -26.064159685754685], [-48.81682608778017, -26.063590922370356], [-48.816357661680556, -26.063089111518217], [-48.81757918655756, -26.063519796590974], [-48.818130902173074, -26.064647079231598], [-48.8185571296735, -26.063560009983238], [-48.817515152902374, -26.062970498686518], [-48.81858967181287, -26.06346506917125], [-48.81876327216871, -26.063004277542937], [-48.81952182770453, -26.06259869559146], [-48.82079198175085, -26.06232829527031], [-48.81994764127099, -26.061835032391443], [-48.82065593264193, -26.06204205982445], [-48.820654957078304, -26.0614244927193], [-48.82137615078221, -26.060585455558574], [-48.819824858815636, -26.061390930636726], [-48.820276248934356, -26.06082257602662], [-48.82195822240146, -26.060451552891905], [-48.82209200738949, -26.0591602734261], [-48.82255113593609, -26.05958727038714], [-48.8220381412013, -26.060462918338633], [-48.82164798537993, -26.060651803951654], [-48.82270750546458, -26.060762398162566], [-48.82143290815952, -26.06069434874768], [-48.8207341923385, -26.061475079902202], [-48.82112704328325, -26.062376107534906], [-48.81994768113569, -26.06260232403129], [-48.82086138499771, -26.063155301881114], [-48.82041173111583, -26.064334934465055], [-48.82014762782869, -26.06429772335007], [-48.82002833329176, -26.06362098358602], [-48.8191346059508, -26.063917637012004], [-48.81885907787645, -26.06357644643189], [-48.81846177779007, -26.06460633913583], [-48.817918411649046, -26.064873737272123], [-48.817264643020444, -26.06355361719818], [-48.8154955998042, -26.06432091087055], [-48.81782462269203, -26.065996849379935], [-48.81682519796241, -26.067701485213735], [-48.81795194705225, -26.067934970833257], [-48.81824996215642, -26.068825570987165], [-48.81570437644768, -26.069143647988913], [-48.81741970329466, -26.070677684432585], [-48.815409120606255, -26.07178495511036], [-48.814154817468214, -26.074209661475585], [-48.80977075457015, -26.075708995383042], [-48.80844353696412, -26.07677037991828], [-48.80893802629545, -26.07722628011222], [-48.809014970293646, -26.077480655356158], [-48.80931633463739, -26.077095463303863], [-48.80944782406203, -26.0771072222074], [-48.810151712369944, -26.07847693780654], [-48.81012556050241, -26.07872620579867], [-48.80984385234935, -26.07891989656504], [-48.810227303401604, -26.079475449199336], [-48.81070596994943, -26.079388259154562], [-48.81074977468871, -26.07951602375021], [-48.81019904945128, -26.079515374139234], [-48.809961165594416, -26.07922919910679], [-48.809756254544766, -26.078845317678685], [-48.8100885332208, -26.078511765550097], [-48.80939538338519, -26.077135176314787], [-48.80896941617039, -26.077592179819057], [-48.808349719570245, -26.07689193138697], [-48.80756869767866, -26.077632489496587], [-48.80851790039188, -26.078649969237475], [-48.807504080890666, -26.077700472645112], [-48.80668053500423, -26.078747939763293], [-48.8070494720295, -26.080041124861506], [-48.80694088816129, -26.080352903254887], [-48.80785090566168, -26.08004753925679], [-48.808550401268434, -26.08041396573231], [-48.806919871073035, -26.080440533504376], [-48.80648683829513, -26.079060945484297], [-48.80556411857391, -26.081111313249092], [-48.80501804258664, -26.085287421891504], [-48.805815973235795, -26.0880849628352], [-48.807786459247055, -26.089942104144356], [-48.80729479187074, -26.088731576299434], [-48.808847020926144, -26.09066830381062], [-48.80909680868018, -26.08801045045646], [-48.810491286897395, -26.08497382490271], [-48.8124310966496, -26.084745345449683], [-48.814938567809634, -26.086077727363776], [-48.817995629621635, -26.084762237060943], [-48.81933820594375, -26.084956491354212], [-48.81933599097037, -26.08349849587822], [-48.81858232648235, -26.08280185073402], [-48.81864736156571, -26.082218765756274], [-48.8182380107737, -26.08216102681605], [-48.81816408940952, -26.08177276144062], [-48.81873744062195, -26.082218414930825], [-48.8186678091432, -26.082726869017076], [-48.819364668498096, -26.083290707938627], [-48.82142181282904, -26.082350583065832], [-48.82060265885068, -26.080873461304755], [-48.823109352079555, -26.08419827044041], [-48.8237066733429, -26.082508323723122], [-48.8249172400643, -26.081918487340516], [-48.825115336465224, -26.080150322400247], [-48.82533193095159, -26.080144060360258], [-48.82554311017266, -26.080360036688983], [-48.82555591163742, -26.080953051354985], [-48.82626380642663, -26.08007146632319], [-48.825683915196805, -26.080280925690687], [-48.82557235944179, -26.080030796044554], [-48.82590926907832, -26.0796956939439], [-48.82466736778933, -26.079640609832783], [-48.82455398860195, -26.079012210254596], [-48.82683089579526, -26.077108946787746], [-48.82725986552168, -26.077644669462227], [-48.82686088657981, -26.07721814986697], [-48.8246210722325, -26.07903855176374], [-48.82468364505288, -26.079572822867817], [-48.82591157724509, -26.079619255389034], [-48.82592605686094, -26.079954904647405], [-48.82563078087043, -26.08003830519918], [-48.82575983853261, -26.08025257036213], [-48.82669510669603, -26.079638346186197], [-48.82631601543998, -26.07948343496183], [-48.826366051173245, -26.079199715400453], [-48.827271100909705, -26.078814803699043], [-48.827949256486775, -26.0790902292356], [-48.82642054004681, -26.079320300913718], [-48.82683628159867, -26.07962201183237], [-48.825593841273026, -26.08104497448632], [-48.82518610117983, -26.080230276135154], [-48.82509118817119, -26.081969638095956], [-48.82381790103387, -26.08259487992306], [-48.82528918523191, -26.083071839538412], [-48.82578292759356, -26.08236807622405], [-48.82627857762738, -26.08226515278973], [-48.82729250956037, -26.083330320699915], [-48.82759928141289, -26.082054389838405], [-48.82960924167617, -26.082123521804228], [-48.82836613123346, -26.0816599481342], [-48.82818738973654, -26.08061276433516], [-48.828307122896014, -26.079832436661835], [-48.82879047258151, -26.07978163203136], [-48.829086039251116, -26.080290981424], [-48.82996353731881, -26.079219987188804], [-48.8289273464997, -26.078157557427396], [-48.8294180755488, -26.07773445669008], [-48.82863205682122, -26.077576089008925], [-48.82867405063003, -26.077292247227206], [-48.82911057439859, -26.07688581539454], [-48.82942165275188, -26.077404266928788], [-48.828731585054534, -26.077479682863196], [-48.82955308296589, -26.077759859341466], [-48.829059574533645, -26.07812615933692], [-48.83036093821243, -26.079285856276478], [-48.83121242813828, -26.079292061145622], [-48.83166078280057, -26.078720977115672], [-48.83238472805258, -26.078663682001952], [-48.83118085417031, -26.079459644391317], [-48.83056770459661, -26.079518173508376], [-48.83016054025051, -26.079218533450362], [-48.828969950127515, -26.08045895456938], [-48.82837997687945, -26.079927966340158], [-48.82847069428205, -26.081552738550155], [-48.82941606857896, -26.08155112943645], [-48.82973282868538, -26.0822669846829], [-48.827775876792806, -26.0822095033871], [-48.82721913794106, -26.08371270137314], [-48.82614503641711, -26.082489106954107], [-48.82537648476434, -26.08334134842532], [-48.82397712723651, -26.08297904731273], [-48.82468163387766, -26.083333267747626], [-48.824656250045194, -26.08400105122207], [-48.8243943823601, -26.084795830297583], [-48.825325693061416, -26.085257220000493], [-48.82434799020402, -26.08480909330574], [-48.824522813075355, -26.08331406102163], [-48.82306081139439, -26.08466123291176], [-48.821619094402315, -26.082963061004197], [-48.8204480519486, -26.082952316329262], [-48.81994676880443, -26.087283932300235], [-48.82155620848382, -26.086585031712513], [-48.82299930628977, -26.086795598902185], [-48.82312958419435, -26.087383773771233], [-48.822639277032934, -26.088383810973475], [-48.82541363691439, -26.08754916618495], [-48.82629288979827, -26.087739208398286], [-48.827181262540265, -26.086932727781743], [-48.82562337257264, -26.086306453628122], [-48.825742554874466, -26.086041077729906], [-48.82626149489505, -26.085663244618164], [-48.82710139859327, -26.08578719745437], [-48.827222730682365, -26.085974500828993], [-48.82717887756363, -26.08633775996841], [-48.827756343421925, -26.086210500301362], [-48.828519108431024, -26.086924289270783], [-48.82869356848425, -26.08633613914697], [-48.828270920951056, -26.08637390057778], [-48.8275476386836, -26.085842279756406], [-48.82820379079584, -26.085408782768546], [-48.82785613573567, -26.0850192093062], [-48.82805919720078, -26.084220506473642], [-48.82839916419304, -26.084104491980057], [-48.828278046534805, -26.0853982522743], [-48.827675715046695, -26.08583073165818], [-48.82874763442863, -26.086287398132598], [-48.82862233511332, -26.086947539571835], [-48.826405843237325, -26.087825770834407], [-48.8253176823578, -26.087701721825685], [-48.8261700301495, -26.088417480229406], [-48.82527998751608, -26.088053408000683], [-48.82507440431469, -26.088569339801655], [-48.82435737493912, -26.088843486544548], [-48.82435341233842, -26.089783725528928], [-48.82631618323262, -26.089310765418205], [-48.82685409709021, -26.0898519920429], [-48.82815861734632, -26.089608905021613], [-48.82809102534683, -26.090326417452943], [-48.828916480634, -26.089784211527036], [-48.830130686206594, -26.09020922092307], [-48.830763923082415, -26.091486874901225], [-48.83078069161023, -26.090310950692263], [-48.83101123365901, -26.090216099047474], [-48.83187082987113, -26.090660934905163], [-48.83184550665299, -26.089790384566296], [-48.83224582299863, -26.089117127619577], [-48.83236226759598, -26.089168398659268], [-48.83253054974342, -26.0894039677011], [-48.83280403918146, -26.09029364766347], [-48.83228144876651, -26.089166997930576], [-48.83204681568104, -26.090564062722013], [-48.83189093257301, -26.09073098638613], [-48.831674603382126, -26.09074357757955], [-48.830868971001955, -26.090326806441514], [-48.831049980161275, -26.091287809481578], [-48.83089698200216, -26.091508447870055], [-48.83067127707486, -26.091548908771927], [-48.830001239917834, -26.09019790438939], [-48.82786518698575, -26.090477318212425], [-48.8280658028351, -26.089715576023703], [-48.82679540103205, -26.08991986379053], [-48.82621944408642, -26.08949805887629], [-48.826477511048466, -26.089926436307746], [-48.82569853257394, -26.090649323211064], [-48.826368727677504, -26.090431851740362], [-48.826553916615254, -26.09055109122133], [-48.82664775367521, -26.090787867820914], [-48.82576275185896, -26.09147071982168], [-48.82641091080989, -26.09132768714258], [-48.82666755326432, -26.091526855985098], [-48.82614408006981, -26.09213515607356], [-48.82786449946217, -26.09236940640983], [-48.829049609083135, -26.093347447998482], [-48.82890578531703, -26.093796889214676], [-48.82953047358482, -26.094062460487574], [-48.82959914646931, -26.09449302392081], [-48.82885004156062, -26.093830197877935], [-48.82893078581712, -26.093311511006156], [-48.82825723384057, -26.093305254683575], [-48.827791746317025, -26.092407543568953], [-48.824299223115865, -26.092089779424008], [-48.824133859571404, -26.090848898610897], [-48.823268921106894, -26.091823060909867], [-48.82357830716818, -26.09255003060316], [-48.82343934593111, -26.093208312825958], [-48.82318506443793, -26.093499467441106], [-48.822684189989076, -26.09359280192812], [-48.822218039275015, -26.093195661825668], [-48.821745427852576, -26.09193435112271], [-48.82220981795363, -26.08971450339695], [-48.82110873221307, -26.088346841991072], [-48.818662003412435, -26.091089742133473], [-48.81794076876332, -26.09340403752003], [-48.815514406717746, -26.092895922084725], [-48.814646233307386, -26.09388414045864], [-48.81545145890137, -26.09421750140142], [-48.81533897017851, -26.09509118085035], [-48.816612719948864, -26.094065116446544], [-48.8180392634066, -26.094455486069737], [-48.81819221339559, -26.095313861196416], [-48.81864604299192, -26.094772892803704], [-48.819018705145545, -26.094710469048007], [-48.819313163830486, -26.094872971781168], [-48.81936616174172, -26.0954947237829], [-48.82093152697217, -26.09550185419481], [-48.82117036403052, -26.095817267525604], [-48.82125308265224, -26.095572380904127], [-48.82155061317312, -26.095559485708005], [-48.82134730338027, -26.09593431501336], [-48.81924894977535, -26.095625684881632], [-48.81891142719599, -26.094798560046158], [-48.81820946626304, -26.09543805777114], [-48.81782954594366, -26.094472833216845], [-48.81655867474427, -26.094213352032007], [-48.815228572682074, -26.09530017495648], [-48.81528640041146, -26.094296935849083], [-48.81450606502842, -26.09417731671356], [-48.813565045132755, -26.096216249448272], [-48.80981248033407, -26.100532227838944], [-48.807449072771206, -26.100463821990445], [-48.797291556590466, -26.103798205520572], [-48.794767775095764, -26.10766987498908], [-48.794875105511366, -26.110262200790633], [-48.796972256283624, -26.111275195893178], [-48.79780265286235, -26.11297914288905], [-48.79904065003363, -26.11369348345319], [-48.80878819416943, -26.113710830998425], [-48.81023909758064, -26.11082566511069], [-48.80809478732983, -26.108093114120244], [-48.80841371797823, -26.10593827863038], [-48.81141244884763, -26.10318423367107], [-48.81576176055703, -26.101949737216607], [-48.82000910221835, -26.102721219865177], [-48.82184659956981, -26.1018341692014], [-48.82378092972214, -26.102065955153652], [-48.82422723661947, -26.101473756053654], [-48.82525243068532, -26.102361465133388], [-48.82576330814308, -26.10200833539044], [-48.826373914319966, -26.10197293444495], [-48.82533952752781, -26.102447169492457], [-48.82428093715328, -26.101552382629848], [-48.82374453053207, -26.10221290390066], [-48.82163930087857, -26.10203020724505], [-48.81913207079728, -26.104161266739567], [-48.81819634098709, -26.104159205272282], [-48.81991658769439, -26.10626605528963], [-48.81985851411955, -26.108948448993733], [-48.82296304725518, -26.107237433655634], [-48.82370917815787, -26.10749869133719], [-48.82370589639011, -26.108387309371718], [-48.82414567980313, -26.10832836086203], [-48.825542990815215, -26.10601355258083], [-48.82870518434842, -26.10748452457502], [-48.83030491812281, -26.107369061296218], [-48.830729675771394, -26.106753279764195], [-48.8310861960552, -26.107139539799867], [-48.831175750948006, -26.108054340500246], [-48.831650885428495, -26.107756213243558], [-48.83363143490717, -26.10788398924077], [-48.83111944754781, -26.108107216286093], [-48.83078943994969, -26.10687073750581], [-48.830323098922634, -26.10746670276215], [-48.82866269619391, -26.10760121898622], [-48.82560111891787, -26.106151806259113], [-48.82538199632032, -26.107268440339567], [-48.82408908254413, -26.108600111761767], [-48.82350465928492, -26.108579953533575], [-48.82302321504791, -26.107435526982627], [-48.81989769619901, -26.109206734193272], [-48.819280611637275, -26.10859873952765], [-48.819614861205245, -26.106587427473936], [-48.81773724091088, -26.104622474497294], [-48.81793570223675, -26.103835835581823], [-48.81958930886814, -26.102986891187516], [-48.81566818204988, -26.102577176676245], [-48.81318614378613, -26.103482219059956], [-48.811798311376414, -26.104821495248153], [-48.810003247858624, -26.10548000647909], [-48.80899366312304, -26.106704926830936], [-48.81095047577665, -26.11069519831988], [-48.81004949589981, -26.114026650864457], [-48.81275439775022, -26.116591592111796], [-48.81279894256349, -26.117855549788974], [-48.814581991698155, -26.117264866262644], [-48.81491649271132, -26.115372250960455], [-48.81563282059997, -26.114651377848624], [-48.81401112024908, -26.1137571037646], [-48.81367499418007, -26.112339802395695], [-48.814095773633525, -26.113710506627474], [-48.81583774216557, -26.114615512732787], [-48.81511611264477, -26.115336405842424], [-48.81506943752675, -26.116753924740756], [-48.81446107481367, -26.117504725245418], [-48.812574814955866, -26.117947343120267], [-48.812149115832845, -26.11608275066766], [-48.809773240194694, -26.114227777147093], [-48.80699631419207, -26.114740681481337], [-48.79868237853927, -26.11446169738378], [-48.79429487417419, -26.11106885880248], [-48.79270020398979, -26.11179321593659], [-48.79219847967099, -26.11346336563077], [-48.794078921049135, -26.11508457318771], [-48.79582942859052, -26.12183126721918], [-48.7969580973641, -26.123280845635904], [-48.798565037113484, -26.12322860486009], [-48.79930588531366, -26.121788894782114], [-48.80014789614524, -26.121456595747023], [-48.79961137149332, -26.12082723225742], [-48.79995964708394, -26.119345787497448], [-48.800284304596374, -26.12150870004729], [-48.79946587723756, -26.121921653632697], [-48.798973373310965, -26.12323138663549], [-48.79784843889567, -26.12391055780635], [-48.798560921646775, -26.126045606181016], [-48.79826286053839, -26.127127603309724], [-48.79939091228684, -26.12778670795111], [-48.80095676971199, -26.12702048330372], [-48.80086872341647, -26.125261132217922], [-48.80140945576702, -26.124224364200007], [-48.80118224921237, -26.126959108466156], [-48.8016586744117, -26.126622640871872], [-48.79970934205112, -26.1287492039022], [-48.799994986475056, -26.1290810422433], [-48.80542612397953, -26.1290916590502], [-48.80850709148103, -26.130045803910743], [-48.80984388030524, -26.12972980694427], [-48.81207127511601, -26.12800364161243], [-48.80786986452156, -26.124863679505353], [-48.80755934822793, -26.124395751951326], [-48.8076530033661, -26.123795030329227], [-48.81051122180666, -26.122013684311987], [-48.81239154573415, -26.12154444462608], [-48.80795595701978, -26.123744413882044], [-48.80780559117295, -26.124546475921747], [-48.809818811111526, -26.125819683080856], [-48.810200048208074, -26.12460514323477], [-48.811087785473575, -26.124257049866053], [-48.81068934067933, -26.123775615200618], [-48.811327669916, -26.123592758570194], [-48.81110736397355, -26.12334782773244], [-48.81117448178394, -26.123094264634236], [-48.81181471773733, -26.12308557723063], [-48.81253740449219, -26.122734304829805], [-48.8127420447194, -26.122760612910827], [-48.81194857886742, -26.123131000065595], [-48.81119871074636, -26.1231508281867], [-48.812558797829865, -26.123573789464793], [-48.8108241120743, -26.123763332133915], [-48.81121945787236, -26.124322213552173], [-48.81030700079305, -26.12467276246553], [-48.81008520328473, -26.126119392667906], [-48.81233116346625, -26.12712887334187], [-48.81255571422407, -26.12810191899533], [-48.81733349350175, -26.128530506938656], [-48.81863029925531, -26.1267855933135], [-48.81797106398495, -26.126077786942357], [-48.81801014743273, -26.1253863303972], [-48.81736021228434, -26.124906528098617], [-48.817381573441224, -26.124277134557808], [-48.818113396537875, -26.12537742612342], [-48.81806007602189, -26.126052951612085], [-48.81875876300689, -26.126870368764383], [-48.82069507417864, -26.125569896289853], [-48.82224412016045, -26.119889409061237], [-48.82324815687456, -26.1190652790968], [-48.822990919385454, -26.118097389295766], [-48.823067474711124, -26.117825764081218], [-48.82369052791182, -26.117593607847684], [-48.82447230226371, -26.117660929644973], [-48.826035511548014, -26.118624877027273], [-48.82672785061569, -26.11783951661468], [-48.82615510284313, -26.118690511009397], [-48.82550897449522, -26.118566855929945], [-48.82462499059013, -26.117800818903703], [-48.823242665009076, -26.11786022796266], [-48.82337525137075, -26.119020115527324], [-48.822355517897904, -26.12028004391178], [-48.82352155985942, -26.120087375527696], [-48.82799128822655, -26.121585787274565], [-48.828366758821076, -26.121319976858043], [-48.82829845058199, -26.120739437124687], [-48.828711039161824, -26.12024496984708], [-48.82946273888473, -26.11987321664369], [-48.8283646627121, -26.12074284311066], [-48.82844358982257, -26.121317838617433], [-48.82803290111489, -26.121685206358016], [-48.82866776186428, -26.122484479502436], [-48.82833714914238, -26.123170793881965], [-48.82937035380372, -26.123538562794856], [-48.82826435666427, -26.126900611398103], [-48.82852994670479, -26.12699392598107], [-48.82895886473824, -26.12729114987268], [-48.82915985950091, -26.12671311449556], [-48.82926868610441, -26.126717431313917], [-48.82944024039935, -26.12694883769063], [-48.82898536410759, -26.127322668045533], [-48.82821324153139, -26.1268782567788], [-48.8292635741316, -26.12359068592457], [-48.82824450330574, -26.12321500614726], [-48.82819829632466, -26.1219944038889], [-48.822709197243746, -26.12029469411417], [-48.821136821322455, -26.12622573350092], [-48.817104521314086, -26.129423709881582], [-48.81961827849634, -26.131335100248734], [-48.82104514760748, -26.131065474035573], [-48.82230166814256, -26.13140221704656], [-48.822759241751605, -26.133762277931414], [-48.826664827638595, -26.133453394985956], [-48.82740687950476, -26.133805888843415], [-48.82821323790795, -26.13462451321347], [-48.82885151145039, -26.13438497955143], [-48.82932433750788, -26.13455209190591], [-48.8303033543208, -26.1360462221957], [-48.83022811520036, -26.136314877813216], [-48.8300343802377, -26.13648719488873], [-48.8306150423572, -26.13678151532403], [-48.830743313044344, -26.13699669037561], [-48.83105121383593, -26.13702549291043], [-48.83140981578288, -26.137265976290475], [-48.83143888647742, -26.137566473557417], [-48.832016228370755, -26.137621006935937], [-48.83226193819627, -26.137764454009602], [-48.83293782577214, -26.13865739932007], [-48.82996419688292, -26.13652285582824], [-48.83025751345966, -26.136057889625118], [-48.82911452744463, -26.134516525774266], [-48.828164083999056, -26.134664476139257], [-48.826531738333294, -26.133557967593447], [-48.82275284337502, -26.133971125627806], [-48.822244109471576, -26.133616592573183], [-48.82213937546549, -26.131588010170027], [-48.81946617631392, -26.13161660997167], [-48.818151350855395, -26.132349406450842], [-48.81817677470062, -26.132888110850054], [-48.82060994949959, -26.133218493230725], [-48.82125025883643, -26.13571002988397], [-48.822287927241064, -26.13596940342367], [-48.822301172684234, -26.13619062436054], [-48.82199499045157, -26.136421965366917], [-48.82244449193725, -26.13672890176608], [-48.82237589689285, -26.13731595396381], [-48.82329314031891, -26.137792894426006], [-48.82393721696219, -26.13841062213015], [-48.822277069155255, -26.137336061718123], [-48.82192396362583, -26.136432379151486], [-48.82207440662852, -26.135957921794255], [-48.82142393801428, -26.135950396760297], [-48.82122189742134, -26.136845791700793], [-48.81945783969215, -26.13727658041623], [-48.81933425420143, -26.138145777508182], [-48.819258555844655, -26.137248773235545], [-48.82128251807619, -26.13617527302255], [-48.820309510559106, -26.133533782541246], [-48.81878897191265, -26.13346123740091], [-48.8183566885262, -26.134510440152564], [-48.816952915614294, -26.13534482102719], [-48.81740749251376, -26.136476241757844], [-48.816719678939414, -26.137135125004978], [-48.81739520156345, -26.137516673626582], [-48.81790905647644, -26.138367553497815], [-48.817786406750876, -26.138677437601547], [-48.81691614710901, -26.138701376514714], [-48.81729825375334, -26.13877092889905], [-48.81745974488027, -26.138914546530398], [-48.81796032231861, -26.14052868523119], [-48.818353994319665, -26.140458258197654], [-48.81859823156231, -26.140577944817686], [-48.81872900748164, -26.14082827376853], [-48.81874700102091, -26.14123789401781], [-48.81912841763072, -26.140987567702414], [-48.819245334545975, -26.141034915983422], [-48.819324259005874, -26.141220498052462], [-48.81878312965623, -26.141324300479937], [-48.81789141982714, -26.140548714310935], [-48.81734362387253, -26.13887993334672], [-48.81682135099642, -26.138768469488134], [-48.816897073681524, -26.138614006118686], [-48.81765416667488, -26.13863636897984], [-48.81781291531908, -26.13837496180418], [-48.81661878369586, -26.137192368727593], [-48.8168047219825, -26.136699040111168], [-48.815983647412246, -26.136918466046634], [-48.81553127950029, -26.136561793203775], [-48.81554871170704, -26.136255550228462], [-48.81618427093715, -26.135212851550207], [-48.816709964064906, -26.13475037520405], [-48.8161656847129, -26.134217056652233], [-48.812940066278905, -26.13482304586536], [-48.813234669400515, -26.135690570457836], [-48.813196702295485, -26.13665735294835], [-48.81349735283477, -26.13728703326012], [-48.81346699966592, -26.137882183345038], [-48.81399508090952, -26.138062430533726], [-48.814135744271375, -26.13820517053163], [-48.81408866376169, -26.139048010276987], [-48.814002841038594, -26.13812906367351], [-48.813371880821514, -26.137866514821845], [-48.812668706407905, -26.134805327164138], [-48.809654236381085, -26.135023964493907], [-48.80804988227345, -26.134350893560462], [-48.807583488093236, -26.13335110146664], [-48.807860675704866, -26.131038022186218], [-48.80183786788314, -26.13083668971704], [-48.7998176237983, -26.131472491757755], [-48.79546477872628, -26.13953590676258], [-48.79189483423612, -26.150396843258637], [-48.7942114179712, -26.15116685627553], [-48.79697514589608, -26.149914362560434], [-48.797664209298254, -26.148781228092112], [-48.79710550726172, -26.150379345192803], [-48.79815624784688, -26.1506719618991], [-48.801057771932385, -26.149196071371666], [-48.80129550420198, -26.146038668708773], [-48.79874744833112, -26.14374476978482], [-48.79910237252827, -26.142942100584992], [-48.8011843923605, -26.141889697268436], [-48.80054871593685, -26.14061589682544], [-48.8016124183677, -26.14092847767241], [-48.80127449013168, -26.14200664920583], [-48.79891247739177, -26.143739721775265], [-48.80150107048932, -26.14581639715942], [-48.80164771702323, -26.144358817943964], [-48.802589057915206, -26.141714046283393], [-48.80428882302092, -26.142108639995936], [-48.80557961530917, -26.14317533605409], [-48.80639424278747, -26.142644989339775], [-48.80551395614664, -26.143248995250698], [-48.80264313541471, -26.14184672092847], [-48.80189721476214, -26.144377248194797], [-48.801814514375074, -26.148797089313213], [-48.8027700433583, -26.14739983986486], [-48.8050059362932, -26.14744050603476], [-48.80530762365595, -26.1476902887972], [-48.80278810049751, -26.1474868116076], [-48.80228798367555, -26.148612815926764], [-48.80093262748838, -26.149770441422188], [-48.79577330845735, -26.15248969456215], [-48.79295595883025, -26.154747470708752], [-48.795993567774985, -26.157835386344704], [-48.79683543229908, -26.15732926683597], [-48.79755331385546, -26.155494630478596], [-48.80113341605051, -26.154537209390906], [-48.80192053949864, -26.154842458507073], [-48.80297915130162, -26.157361976902546], [-48.80550797658152, -26.15579451860839], [-48.806272070973186, -26.155689799724783], [-48.807436750033254, -26.157299128186757], [-48.809798612986306, -26.156584040227454], [-48.810720971720244, -26.15758069248963], [-48.81203369869333, -26.157480578722673], [-48.81174360100036, -26.157636980083804], [-48.81054751102345, -26.157585249423775], [-48.81121855440056, -26.159284490570506], [-48.81179827756678, -26.159824929435622], [-48.81234125086182, -26.15973343913108], [-48.81377261058543, -26.16012156900598], [-48.814324856156745, -26.15991535924744], [-48.81455212056399, -26.159976844793214], [-48.81458076374199, -26.160166463871118], [-48.81478117448065, -26.160399232088437], [-48.814787365824095, -26.16052184885819], [-48.81450082897013, -26.160768109082795], [-48.815476440364435, -26.161175707324443], [-48.81566178618372, -26.16145463749536], [-48.81690455229832, -26.165804640100703], [-48.81565000067724, -26.161590835763352], [-48.81444141525569, -26.16075970303009], [-48.814503673767014, -26.1599941315523], [-48.81391247798916, -26.16016080489376], [-48.81348371638956, -26.160150786709217], [-48.81190774646245, -26.15997846931428], [-48.81147287527675, -26.159740029705713], [-48.810352671466234, -26.158055249096073], [-48.80988407292603, -26.156784210651196], [-48.807732570038354, -26.157593833729145], [-48.80791799920214, -26.159759397845008], [-48.80757859389162, -26.15770212255128], [-48.80611616201651, -26.15594399600298], [-48.80315421388315, -26.15765723995198], [-48.80234948387635, -26.157237855745382], [-48.801433968373125, -26.154857355631712], [-48.79765003283699, -26.15588369485283], [-48.79721472615794, -26.15732160549462], [-48.7961968187162, -26.15819604735073], [-48.80183163424169, -26.16114243670106], [-48.803023788390945, -26.16243323920853], [-48.804419671908335, -26.162061743233398], [-48.800193602442704, -26.164155239934733], [-48.79999002006581, -26.164896731275807], [-48.800564515255566, -26.1654168283319], [-48.80195702675249, -26.165409562572975], [-48.80407926436422, -26.166363173493732], [-48.80686936458748, -26.170080642501713], [-48.804087150790195, -26.166565524420346], [-48.80214201189364, -26.16561859127651], [-48.800671268977055, -26.16572034495258], [-48.80273204951274, -26.167644745032902], [-48.80278082075296, -26.170493192621752], [-48.8016401976182, -26.172479004726128], [-48.80303199697177, -26.17366878195071], [-48.80300050181172, -26.17444178976545], [-48.801681422540575, -26.176226545065255], [-48.80068675903121, -26.176473976250655], [-48.8002872709984, -26.17753957318643], [-48.80313740775174, -26.179855106337236], [-48.80315437856366, -26.180324190705566], [-48.802821316224346, -26.180845272188993], [-48.80192118039013, -26.18085508682711], [-48.80226569345739, -26.181281796765596], [-48.80209431069234, -26.181551452091693], [-48.801770626093955, -26.18158720238412], [-48.80240512531008, -26.182632121981957], [-48.802271407091666, -26.1829577335668], [-48.80278025513731, -26.182938868953205], [-48.80299072596046, -26.183108202545153], [-48.802320912392744, -26.183062464227906], [-48.80219672428238, -26.18297641082476], [-48.80204524257308, -26.182066127989515], [-48.801711804702535, -26.181641285344124], [-48.80178260722893, -26.181468502757415], [-48.80217845494832, -26.181281758209842], [-48.80181546017095, -26.180851335959563], [-48.80277200603939, -26.18081077430478], [-48.803025707615184, -26.179790934667633], [-48.80024939686362, -26.177808200868036], [-48.800453167390444, -26.176141176696692], [-48.79944032325411, -26.17589504810341], [-48.79854782229804, -26.174738082106256], [-48.796448933466124, -26.173685257955018], [-48.796819542614465, -26.1732794247561], [-48.79912138874868, -26.172855443637438], [-48.79994024361029, -26.17195127741851], [-48.79853973079857, -26.171522503266587], [-48.79734196014508, -26.170442935246086], [-48.79770229221958, -26.168160954842303], [-48.79610279055062, -26.168364169033392], [-48.79515258956013, -26.167776786018564], [-48.79490890839966, -26.16689669421974], [-48.795993835566755, -26.165279423899683], [-48.79444997597129, -26.16492310506694], [-48.79309351062384, -26.162644179559276], [-48.79178719436878, -26.161967326144392], [-48.788061574178705, -26.162391901385007], [-48.78686594628919, -26.16006636614273], [-48.783278314900556, -26.164531490996666], [-48.784045746539356, -26.164960799354812], [-48.784914740840165, -26.16648692889406], [-48.78704093399067, -26.166524179810057], [-48.786376300111435, -26.167729388485913], [-48.7901671768808, -26.16913703009779], [-48.79026767482297, -26.169758639099552], [-48.7887776636221, -26.17242443365383], [-48.79092556449478, -26.172539966250305], [-48.791557142707454, -26.171017962039496], [-48.79111664434038, -26.17261448293659], [-48.78874692775475, -26.17263729726245], [-48.788645462568184, -26.17208181716031], [-48.79009140443389, -26.169357275037083], [-48.786322997282106, -26.167948086871494], [-48.786106116232155, -26.167438253570662], [-48.786662812692725, -26.166629315343712], [-48.784842665279264, -26.166712262064586], [-48.783146475684475, -26.164865549872147], [-48.78133141725514, -26.167642097104196], [-48.78276403495518, -26.170962219971916], [-48.782611833710185, -26.17133525186215], [-48.781901617754606, -26.171559181117537], [-48.78180641035034, -26.17299126523031], [-48.78254369962325, -26.174443732477073], [-48.782750526359294, -26.176317610224952], [-48.78305495814612, -26.175531393023157], [-48.783597909097985, -26.175029681078303], [-48.78416972147647, -26.17481283336932], [-48.78425262888802, -26.175240604275274], [-48.783627225835495, -26.17510002606817], [-48.782803871389014, -26.1764282092768], [-48.78224249098591, -26.17546768079579], [-48.78162478168354, -26.171997573582082], [-48.78179746532253, -26.171442188340627], [-48.78263387535995, -26.170955640165047], [-48.781200513495136, -26.168270713243995], [-48.77556838514603, -26.177612360285803], [-48.773337679225264, -26.179881838451763], [-48.77369091682473, -26.18069914603978], [-48.77304688343893, -26.181799351759103], [-48.773672623492814, -26.182266930726605], [-48.774792367201634, -26.18112963479194], [-48.77514435495237, -26.181143624445397], [-48.77630648851308, -26.181898583177677], [-48.77756196633761, -26.181388860815286], [-48.77784794128361, -26.180488956588572], [-48.776405763776665, -26.179897838931478], [-48.77598327462748, -26.179425908604568], [-48.776935591187005, -26.177054128867272], [-48.777979815758016, -26.176216424538776], [-48.778465520450794, -26.176315317044494], [-48.778665605119855, -26.176623209093346], [-48.77810295868488, -26.178423028779395], [-48.77947996720554, -26.179579543399427], [-48.77971136671664, -26.18033243812684], [-48.78146563971831, -26.17965223449867], [-48.781154343686616, -26.179248949803544], [-48.77994932849538, -26.178982497996934], [-48.77956014172939, -26.17863271331003], [-48.77945109051202, -26.17792670606773], [-48.78020231730624, -26.177202629456296], [-48.779589871717974, -26.17849554641996], [-48.781399060265585, -26.179292537187735], [-48.78151748249433, -26.179809506830313], [-48.779653861029246, -26.180394313659036], [-48.778008377564966, -26.17847485070682], [-48.77857470769262, -26.176728566056692], [-48.778048364028244, -26.17632017134285], [-48.77610569551199, -26.179322239429624], [-48.77796105326193, -26.18046056237688], [-48.77789587536394, -26.18104103346285], [-48.7774283328223, -26.18167152768268], [-48.776078391856444, -26.181978789693673], [-48.7749737315819, -26.18123556130587], [-48.77380595433288, -26.1823493495391], [-48.77337835633654, -26.182384896425454], [-48.772868062142784, -26.181708928226733], [-48.773575468570165, -26.180475322557747], [-48.77304561902318, -26.18004249759225], [-48.7696535857757, -26.183769733344768], [-48.77096441693934, -26.18352004955728], [-48.771943609199674, -26.18478469208318], [-48.77166291494395, -26.185394621928502], [-48.77075741057713, -26.18554055385707], [-48.769574655357324, -26.18529262020177], [-48.77045130079833, -26.187559091193037], [-48.772073036312875, -26.187943204368548], [-48.77245408949184, -26.188607277075846], [-48.77402576385844, -26.18832484511674], [-48.774543726679404, -26.188591657933017], [-48.77469762269993, -26.18827756394039], [-48.77537735904178, -26.188294561500886], [-48.77624957606844, -26.188597389475284], [-48.77617020681298, -26.189224410815854], [-48.77619581426854, -26.18869261783207], [-48.77520693455226, -26.188344621285292], [-48.77472506773327, -26.18891926227661], [-48.774116153722105, -26.18843969018775], [-48.772456619031416, -26.1887151286321], [-48.77201377127181, -26.188076191198626], [-48.771215158829435, -26.18812626106328], [-48.77011642083813, -26.187364017372296], [-48.7694319042149, -26.185234734109482], [-48.771758617656346, -26.185048917852264], [-48.77088093445293, -26.18362766211625], [-48.7686207498049, -26.184683764977578], [-48.766020217877085, -26.187362749808926], [-48.76210932867393, -26.19438121524332], [-48.76045701036672, -26.199055411277975], [-48.76181380275124, -26.202569664334778], [-48.76269834066791, -26.20120974139627], [-48.762698341160885, -26.19932815154256], [-48.76200995432352, -26.198456194988267], [-48.7656354570673, -26.196666389088776], [-48.76710401516026, -26.196620498173804], [-48.768067755804665, -26.194738907614553], [-48.768021864187396, -26.193224457459813], [-48.76916917465014, -26.191847683803502], [-48.770637733166936, -26.192168931246414], [-48.771096656450126, -26.189644846876156], [-48.77385020354587, -26.189461276824275], [-48.774584482777776, -26.190746266093218], [-48.776374287770295, -26.191159297321654], [-48.779127834206285, -26.19060858746417], [-48.779265510644365, -26.18978252330906], [-48.77825587798644, -26.189415384938073], [-48.77903604874451, -26.185835774388707], [-48.78348761592736, -26.182852765632454], [-48.7869295495287, -26.18445899987223], [-48.787847398281095, -26.183082227771845], [-48.79284967401888, -26.181154745171632], [-48.795098402271286, -26.185514526785905], [-48.79656696084321, -26.184963817334648], [-48.800926743595646, -26.187763257111772], [-48.80083495720638, -26.189874308523155], [-48.80446046129994, -26.189323599784196], [-48.805561879852995, -26.18973663207334], [-48.8062043743653, -26.19221482367289], [-48.811436111805435, -26.191893576635437], [-48.812491638311286, -26.19285731773079], [-48.81428144305556, -26.192811424352406], [-48.81451090575381, -26.186386483814328], [-48.81575000121077, -26.186386483877644], [-48.8157958937002, -26.18868110573746], [-48.817448020599976, -26.18808450385454], [-48.817631591556, -26.183632937304083], [-48.818549440573335, -26.181521884725218], [-48.82088995343417, -26.182026701965658], [-48.82134887872368, -26.181017067769062], [-48.823001007023414, -26.180971175720913], [-48.82424010277063, -26.180191003578447], [-48.82589223043683, -26.179915649516847], [-48.82658061723959, -26.18060403568106], [-48.82795739005751, -26.17918137055064], [-48.83240895685426, -26.178997800866203], [-48.83337269877925, -26.174959265627578], [-48.83511661161438, -26.17532640581218], [-48.836860523236346, -26.17436266380237], [-48.83842086723118, -26.174224987026683], [-48.8394304998503, -26.17587711431482], [-48.84383617318858, -26.17725388768455], [-48.84379028223295, -26.18046635915889], [-48.84245940171339, -26.180787605639562], [-48.84241350909656, -26.181843131571515], [-48.84323957281284, -26.182439733467103], [-48.842872433246875, -26.183724721821527], [-48.844019743753485, -26.18455078574853], [-48.84479991558866, -26.186937192478663], [-48.84668150588377, -26.18657005223738], [-48.850398793876074, -26.184091861540708], [-48.85168378149745, -26.184780247520102], [-48.85393251091338, -26.184137753944835], [-48.854804467774436, -26.184780247769307], [-48.8558599939238, -26.18422953876858], [-48.858613540122384, -26.18478024782373], [-48.8592560340558, -26.18546863453709], [-48.86205547289376, -26.185147387830572], [-48.86370760131051, -26.185835774082655], [-48.86595633018065, -26.184596679267557], [-48.86834273778787, -26.185514526560418], [-48.86834273775013, -26.186340591833844], [-48.87118806920758, -26.184917926216368], [-48.872656627085206, -26.185789881396303], [-48.87398750621671, -26.18510149460936], [-48.87724587097664, -26.187166654949813], [-48.87981584753737, -26.186524160860827], [-48.88119262132609, -26.18459667948444], [-48.88233993227898, -26.186707730278656], [-48.88472633765076, -26.18716665480569], [-48.88564418677124, -26.18675362262573], [-48.88495580133004, -26.18230205645692], [-48.88674560576843, -26.180741713668944], [-48.88991218407623, -26.181200637850118], [-48.89101360228492, -26.1821643791636], [-48.89156431232627, -26.18381650641391], [-48.89418018105199, -26.18280687308565], [-48.89601587855357, -26.183449367693438], [-48.89624534065045, -26.18418364645041], [-48.89762211445689, -26.18422953932498], [-48.89853996275986, -26.183082227812694], [-48.90198189573597, -26.18340347525397], [-48.90432240997575, -26.182485626215147], [-48.90468954915799, -26.18340347484502], [-48.906066323428334, -26.183954184046794], [-48.90992128786441, -26.184459000062102], [-48.90918700974405, -26.18643237650459], [-48.914005715103585, -26.185422741300297], [-48.91515302690524, -26.184504893262076], [-48.916896938402466, -26.186570052809014], [-48.91905388228689, -26.186570052764324], [-48.920706010981306, -26.18496381780126], [-48.922404032865046, -26.184550785646902], [-48.92364312753789, -26.18326579802236], [-48.92396437547234, -26.181384207802978], [-48.923413665291264, -26.179777971799652], [-48.92405615921947, -26.178768338728453], [-48.92341366521903, -26.177804596960318], [-48.92492811609491, -26.17587711450368], [-48.92474454577923, -26.174638018812114], [-48.92570828697054, -26.173811954668786], [-48.925983641345134, -26.17238928966159], [-48.92740630789508, -26.171379655568032], [-48.92713095358947, -26.170186450889634], [-48.92924200479832, -26.168121293427472], [-48.92869129648278, -26.16679041165559], [-48.93061877791998, -26.166423271692036], [-48.93066467032157, -26.16467935968192], [-48.92960914468047, -26.16403686443195], [-48.92873718830825, -26.161283318503443], [-48.92910432746603, -26.159493514132333], [-48.93185787407802, -26.156097472454874], [-48.930664669954425, -26.15182947563982], [-48.92795701690115, -26.151462336953145], [-48.92818647842166, -26.147607372054935], [-48.92937968214414, -26.145725781131425], [-48.93470320505927, -26.14255920359207], [-48.93814513706467, -26.14255920349916], [-48.93869584825233, -26.143477051662344], [-48.94043976054573, -26.144257223989264], [-48.94374401565761, -26.1441654387723], [-48.946130423289155, -26.142880451460325], [-48.947002378105424, -26.14315580524484], [-48.947920228407106, -26.142054386620874], [-48.94975592549639, -26.14132010823179], [-48.95296839673263, -26.141274214527936], [-48.955859620149674, -26.139117270647], [-48.959301552343845, -26.138291206254998], [-48.960448864272145, -26.136317831744343], [-48.96375311982267, -26.13544587474954], [-48.96416615129318, -26.13429856433877], [-48.962835271462765, -26.133105360757625], [-48.963615442798016, -26.131269662287977], [-48.96457918408627, -26.131361447419458], [-48.965221677784555, -26.13012235195576], [-48.967195053323984, -26.130489492237924], [-48.967699868919, -26.13003056685148], [-48.97013216962403, -26.12576257098547], [-48.96884718171701, -26.1231467018755], [-48.9718301896675, -26.122412421880494], [-48.97270214602473, -26.121035648682454], [-48.97238089931336, -26.116905329347304], [-48.97329874716992, -26.11497784664806], [-48.97513444473822, -26.114610707440516], [-48.97550158488935, -26.113188042721177], [-48.97453784263183, -26.111627698913928], [-48.973252855246066, -26.11112288236316], [-48.97596050923351, -26.10878236763891], [-48.976924250282984, -26.10873647441904], [-48.97628175587021, -26.107726841522474], [-48.97784209845387, -26.105937036140823], [-48.976373540573896, -26.10478972621063], [-48.977658529420246, -26.10368830702206], [-48.97687835810465, -26.103045813264917], [-48.97724549660686, -26.100980652903413], [-48.978668162411225, -26.0982271067326], [-48.97825513132423, -26.09662087075066], [-48.9764194332995, -26.09446392626668], [-48.97655711094864, -26.090700745956624], [-48.97384945715264, -26.08400045004515], [-48.97384945669207, -26.081751720848352], [-48.97201375919253, -26.07991602303095], [-48.97040752339096, -26.076152843188034], [-48.97150894159541, -26.074317144708758], [-48.972793931163125, -26.074592500179055], [-48.97265625330401, -26.072894479587347], [-48.97430838116351, -26.072022522358683], [-48.97540980015612, -26.06770863401569], [-48.97325285583597, -26.06619418382307], [-48.97155483479281, -26.062660466207273], [-48.96884718134808, -26.06229332625884], [-48.966919699036275, -26.063119389831574], [-48.966001849512935, -26.062660465741693], [-48.96600185002748, -26.061604939615002], [-48.963844905290955, -26.061742616621466], [-48.961183142498555, -26.059585671173615], [-48.95861316759061, -26.05986102683423], [-48.95783299477257, -26.05871371577281], [-48.957787103012144, -26.05664855541848], [-48.95631854547677, -26.05577659930283], [-48.95595140524535, -26.054078578558954], [-48.95191287028377, -26.052472343410326], [-48.95030663544589, -26.052747699120047], [-48.946910594164336, -26.049168087460558], [-48.94447829420376, -26.04948933491811], [-48.943927585240736, -26.050177722111457], [-48.94328509219355, -26.048571487248893], [-48.94218367295194, -26.04866327239903], [-48.93961369692509, -26.046506326945167], [-48.938925310281576, -26.046552218884234], [-48.9373649662339, -26.043890457504236], [-48.9350244531561, -26.046047402062257], [-48.93364767969479, -26.04540490770107], [-48.93213322953788, -26.045680262346906], [-48.93139895023006, -26.042467791864283], [-48.9282782648541, -26.03971424557574], [-48.92658024362562, -26.03985192240525], [-48.92488222324476, -26.039071751696852], [-48.92355134298489, -26.040127277948432], [-48.920568333466555, -26.040769772152256], [-48.91937513151702, -26.040173169427135], [-48.918870313358504, -26.040769771840278], [-48.91730997126087, -26.040861556144904], [-48.916483907395566, -26.04012727806773], [-48.9145105314356, -26.039897814053607], [-48.90817737502417, -26.04292671640874], [-48.90510258238406, -26.040861556432702], [-48.903725808956004, -26.040815664048957], [-48.90225725039203, -26.039163535633215], [-48.89977905830257, -26.038612826653583], [-48.89831050100187, -26.03640998994471], [-48.89716318949456, -26.03608874310716], [-48.89537338472825, -26.03296805659316], [-48.89344590184206, -26.03237145515226], [-48.89271162291664, -26.031224143642383], [-48.89110538784702, -26.030398079892375], [-48.88890255014025, -26.029985047707427], [-48.88848951827339, -26.027369179482292], [-48.88747988448007, -26.026359546112406], [-48.88183511427458, -26.025441696332056], [-48.87651159156318, -26.0234683214821], [-48.87228948715069, -26.02291761256416], [-48.87160110087532, -26.02227511849149], [-48.86903112408105, -26.023376536795492], [-48.86457955714679, -26.02323886065783], [-48.86260618222911, -26.02397313827196], [-48.85994442182505, -26.023238860490817], [-48.85787926186258, -26.023560106806492], [-48.854253758174, -26.021953871289234], [-48.850720039932575, -26.021907978938497], [-48.848838449940224, -26.024615632871622], [-48.84594722637634, -26.02438617153381], [-48.84512116391125, -26.025258127235485], [-48.842872432711005, -26.025671158383208], [-48.84108262757606, -26.02429438655042], [-48.83961406925516, -26.02493688026592], [-48.83865032882475, -26.02337653661571], [-48.83649338453857, -26.022596365362233], [-48.83447411692065, -26.020072280834118], [-48.83144521512343, -26.020072281236367], [-48.82993076471422, -26.021036022930236], [-48.828508099575544, -26.020944237994573], [-48.82731489535247, -26.020164065768565], [-48.825066167067206, -26.015941961879644], [-48.82130298622921, -26.0156666065358], [-48.8203392450071, -26.01594196199144], [-48.81974264313821, -26.017961228916235], [-48.81290467011817, -26.02048531332934], [-48.812216283823105, -26.02328475191602], [-48.813684840958224, -26.023835461017978], [-48.81363894879302, -26.030398079416347], [-48.81221628376101, -26.032371454594475], [-48.809508629251, -26.0311782520803], [-48.808636673341304, -26.031683068481883], [-48.80808596399322, -26.033105734490658], [-48.8042309985674, -26.031499498697524], [-48.80377207372557, -26.03007683312362], [-48.8018445925065, -26.030719326330843], [-48.79954997057722, -26.030122725975087], [-48.797255348725685, -26.03159128406627], [-48.79468537084332, -26.032096100879617], [-48.793492167270976, -26.033289303395627], [-48.789637202697214, -26.033243412325216], [-48.78904060135882, -26.03273859500792], [-48.78780150510479, -26.033197518964645], [-48.78706722544137, -26.03425304520467], [-48.78692954926311, -26.036731236929477], [-48.78908649408893, -26.037603193124575], [-48.79073862086204, -26.039530675758623], [-48.790922191398174, -26.04090744921353], [-48.79340038285423, -26.04398224304523], [-48.79294145892808, -26.044441166802006], [-48.79381341572006, -26.046460433903263], [-48.79335449155292, -26.04880094841067], [-48.79528197340959, -26.05040718319876], [-48.79697999288456, -26.050682539125603], [-48.7970258864897, -26.05182984966062], [-48.79587857492633, -26.051967527200755], [-48.794318231906566, -26.053849117087683], [-48.791977717808734, -26.05339019300136], [-48.79128933013513, -26.051554494427247], [-48.78986666491629, -26.050866108734375], [-48.79027969661, -26.04774542259276], [-48.789591309282855, -26.04407402717347], [-48.788581676962465, -26.04384456548277], [-48.78743436627263, -26.04480830696083], [-48.782982799611396, -26.044624736004074], [-48.781789595535685, -26.045772048076223], [-48.782202628355314, -26.046827573593863], [-48.78156013319308, -26.048755056147247], [-48.78220262806564, -26.048800948956277], [-48.78243209025173, -26.049581120003225], [-48.78087174708513, -26.05049896827732], [-48.77899015723963, -26.053436085240094], [-48.78096353248523, -26.054721073592017], [-48.78156013274544, -26.05646498637949], [-48.78160602650603, -26.057933543928552], [-48.78100942452423, -26.05866782334951], [-48.78243209067423, -26.05995281197111], [-48.78146834930603, -26.061972079397762], [-48.780596392064794, -26.06128369220786], [-48.77931140419637, -26.061742617327496], [-48.77802641593436, -26.060870660755924], [-48.775685901165616, -26.061696723612002], [-48.77302414006418, -26.060228165596456], [-48.77201450628013, -26.06031995088803], [-48.77128022618049, -26.06155904636795], [-48.769903454406666, -26.06165083111386], [-48.768251326460096, -26.066056505819468], [-48.76829721819008, -26.067616849499366], [-48.769077389204966, -26.068580590052644], [-48.76912328144829, -26.070829319937566], [-48.77160147438223, -26.071655383249528], [-48.771050765225496, -26.075418564255184], [-48.76806775555712, -26.075831595367866], [-48.76467171554863, -26.077896755970656], [-48.76448814608445, -26.08005369943429], [-48.76357029775137, -26.08175172119406], [-48.760633180572526, -26.080787978343604], [-48.75925640763009, -26.082531891691517], [-48.757283033168186, -26.083495633448848], [-48.75544733442004, -26.08340384848075], [-48.75420823868379, -26.086478641447478], [-48.7525102194575, -26.08794719968304], [-48.75273968110064, -26.092444658809704], [-48.751867725121464, -26.093316615508822], [-48.75182183239848, -26.094831065913933], [-48.750858091163536, -26.095703022485377], [-48.75072041398504, -26.096988010777125], [-48.75228075712775, -26.099190847717985], [-48.75058273680993, -26.10107243803729], [-48.7508121994565, -26.10244921111991], [-48.74943542529154, -26.103825984291362], [-48.74911417770372, -26.1070384549426], [-48.747507942449126, -26.10850701311548], [-48.74883882473428, -26.110067355828143], [-48.74778329761983, -26.11396821453106], [-48.7485634686632, -26.115574448469822], [-48.74691134056225, -26.118924596517132], [-48.74599349374015, -26.11924584408077], [-48.74544278235866, -26.12053083174855], [-48.74452493374409, -26.120622617267802], [-48.74438725713255, -26.124294013253618], [-48.74204674343671, -26.125762570310638], [-48.74186317232066, -26.12686398807709], [-48.74342351630595, -26.130076460013942], [-48.74691134080641, -26.1330135758204], [-48.747003126470716, -26.134711595763957], [-48.74879293129929, -26.13535409130415], [-48.74888471608353, -26.136730863760363], [-48.7462229548666, -26.139438517942104], [-48.74603938492044, -26.141733139760024], [-48.74443314971623, -26.14205438624541], [-48.742184420238914, -26.144762041311214], [-48.74080764753017, -26.145037395235203], [-48.74053229246815, -26.14448668592395], [-48.738558916518066, -26.14545042661699], [-48.735897156083226, -26.144716147806662], [-48.73204219072142, -26.145312750012078], [-48.730848986805015, -26.14480793206507], [-48.72905918191989, -26.14857111347802], [-48.72777419428884, -26.148984145142684], [-48.72570903391747, -26.151278766232732], [-48.725663141641306, -26.153068572357345], [-48.72681045324593, -26.15655639718094], [-48.730481847239055, -26.159906545443796], [-48.72956400006832, -26.16256830675022], [-48.731124342701875, -26.163990973223026], [-48.73144558940459, -26.16509239209128], [-48.72956399980955, -26.168580217094902], [-48.72722348470632, -26.167478797790647], [-48.72515832453527, -26.168167184183254], [-48.724928863115444, -26.17055359248441], [-48.72396512059484, -26.171241978129395], [-48.72520421719643, -26.17670317870596], [-48.72359798191735, -26.17973208020504], [-48.726994022515434, -26.18321990543263], [-48.72575492708598, -26.184642570325728], [-48.724148690320334, -26.184963817128793], [-48.7219917460636, -26.188222181067903], [-48.72483707822722, -26.19382105873748], [-48.72593849650979, -26.20042957011353], [-48.72364387409294, -26.201898127959286], [-48.72323084304638, -26.20451399668741], [-48.72451583052062, -26.206992189072416], [-48.72511243251155, -26.20997519760089], [-48.72254245549875, -26.213141775450744], [-48.72300137958153, -26.215665859789667], [-48.726167957755266, -26.220025641662414], [-48.73080309499137, -26.218511191876225], [-48.73305182371128, -26.219337255171812], [-48.734382705878296, -26.221494200015258], [-48.735484124418505, -26.22154009242312], [-48.73658554198635, -26.22222847828854]], [[-48.736585542042, -26.222136694113207], [-48.73663143517725, -26.22209080154409], [-48.73663143516088, -26.22213669408446], [-48.736585542042, -26.222136694113207]]], [[[-48.80917079991894, -26.108169323095865], [-48.8088433709308, -26.107960393257482], [-48.80909783919618, -26.10828090119112], [-48.80917079991894, -26.108169323095865]]], [[[-48.81083453943834, -26.105049804854623], [-48.81156535715751, -26.10473683161516], [-48.812935986413, -26.103322603885122], [-48.811324571173685, -26.1038808353393], [-48.81083453943834, -26.105049804854623]]], [[[-48.80597577132473, -26.100771865096878], [-48.806204994619165, -26.10071266731961], [-48.806480971595775, -26.10045119698345], [-48.80597577132473, -26.100771865096878]]], [[[-48.8053795950464, -26.09848035747723], [-48.802946009712485, -26.09856252257012], [-48.80299190368751, -26.09916866247412], [-48.8053795950464, -26.09848035747723]]], [[[-48.80959254490387, -26.097250764656334], [-48.80692745202584, -26.10011172340462], [-48.80953837791396, -26.100157386972374], [-48.81171776534535, -26.09745616925093], [-48.80959254490387, -26.097250764656334]]], [[[-48.80276244116964, -26.098537125119034], [-48.80276244111252, -26.098548353714012], [-48.80284360102024, -26.09854835394283], [-48.80276244116964, -26.098537125119034]]], [[[-48.810221622748955, -26.088316978585578], [-48.81070420914526, -26.091977725102492], [-48.81096469016955, -26.09155717125354], [-48.811858456868464, -26.091671300314104], [-48.81153751893872, -26.091407950745598], [-48.81152284322598, -26.091219260981635], [-48.81180653928386, -26.090976787781795], [-48.81232907584903, -26.090951524893303], [-48.81163714318747, -26.091280713106467], [-48.811993216786185, -26.09174035178564], [-48.81083118906041, -26.092104597151355], [-48.8105641072925, -26.091937599865172], [-48.81056342056614, -26.091176827785777], [-48.81015544581073, -26.091217504173528], [-48.81056024690142, -26.093352815009432], [-48.80996200534565, -26.09645169282848], [-48.811710185603026, -26.09678768388048], [-48.81493991556505, -26.092569260727714], [-48.81776586744048, -26.092967019769993], [-48.818307963724294, -26.090827798050586], [-48.820793006599864, -26.08812835329108], [-48.81973917647386, -26.08726757687527], [-48.81965046132235, -26.085515122236384], [-48.814812302579995, -26.08684661975767], [-48.81172236715026, -26.085309581009287], [-48.81082752300341, -26.085916271465052], [-48.810221622748955, -26.088316978585578]]], [[[-48.82250950428873, -26.09011378413688], [-48.82197742376771, -26.091909820604272], [-48.822694670024426, -26.09344359083383], [-48.82341106576389, -26.092870232761], [-48.8231208066689, -26.091783977525715], [-48.8239132255603, -26.090766131243335], [-48.82444459101423, -26.090911911954546], [-48.82450416997929, -26.092054173709116], [-48.82657829019996, -26.091597515258137], [-48.82567630880396, -26.091485288193834], [-48.8265320344425, -26.090817898856177], [-48.825595926878314, -26.09067581275192], [-48.82628979563385, -26.08976354362036], [-48.82473495047321, -26.09009539839143], [-48.82418701218739, -26.089716024872487], [-48.82425289074648, -26.08880065271343], [-48.82507578040546, -26.088313678665553], [-48.822464496904054, -26.088529698448426], [-48.822896735347946, -26.087018626011915], [-48.82160278098372, -26.08682281834705], [-48.82085816310564, -26.087720172222525], [-48.82218487954075, -26.088784935], [-48.82250950428873, -26.09011378413688]]], [[[-48.825973269807086, -26.0862572319017], [-48.82718412771423, -26.086738052270235], [-48.827245629467406, -26.08727311871007], [-48.82814824471858, -26.086697773514757], [-48.82712044668757, -26.086420496852053], [-48.826814644253126, -26.085789020755787], [-48.825973269807086, -26.0862572319017]]], [[[-48.81104373027675, -26.07433334166309], [-48.811543742525075, -26.07439455805186], [-48.811590450107694, -26.074316241156072], [-48.81104373027675, -26.07433334166309]]], [[[-48.81892627390268, -26.063034792239556], [-48.819214793354114, -26.06381804846016], [-48.81977197457358, -26.063484805171512], [-48.82022419491093, -26.0635840835617], [-48.820319406304, -26.064240131686695], [-48.8206931997746, -26.06307092665301], [-48.819787486637715, -26.06261115099498], [-48.81892627390268, -26.063034792239556]]], [[[-48.80993635607849, -26.05558230485823], [-48.81007116854494, -26.055195919661653], [-48.80984895977477, -26.055579859603736], [-48.80993635607849, -26.05558230485823]]], [[[-48.80982483952405, -26.054400625386645], [-48.81016363449822, -26.055321328580337], [-48.809862990658566, -26.056381842748415], [-48.81059493986472, -26.05607611028808], [-48.81183494277343, -26.056274220509795], [-48.81206589827137, -26.054506611580393], [-48.80982483952405, -26.054400625386645]]], [[[-48.80866172619509, -26.05099054010833], [-48.807614853562455, -26.05068932801951], [-48.80798884019089, -26.051214346577872], [-48.807821013792676, -26.051516493445273], [-48.80673214597803, -26.051319198103734], [-48.808494444948494, -26.0521853696983], [-48.80866172619509, -26.05099054010833]]], [[[-48.79682981800757, -26.173829644409444], [-48.796979337570896, -26.173352063995285], [-48.79659471106346, -26.173624318014028], [-48.79682981800757, -26.173829644409444]]], [[[-48.788466185390995, -26.162231367258794], [-48.79115423296482, -26.161573062788758], [-48.79299823528129, -26.16219435526511], [-48.792669206827746, -26.16087007046958], [-48.79442565378902, -26.164551730343852], [-48.79621151125301, -26.165216233681402], [-48.79513545484899, -26.166945585500546], [-48.79536185509691, -26.16764021361378], [-48.79797293318971, -26.16810276241654], [-48.79766309273289, -26.170549640677574], [-48.80002684692239, -26.171810371492484], [-48.79942695272509, -26.172901719581745], [-48.79735370622921, -26.17328897124922], [-48.797073463984596, -26.173921880326954], [-48.79865468734758, -26.17460416795947], [-48.79991573230861, -26.1758752871992], [-48.80168727315068, -26.17589155537526], [-48.8026706647069, -26.174128726805648], [-48.801358098249786, -26.172399623480025], [-48.80241523493079, -26.1704155136283], [-48.802428944629085, -26.167588721504636], [-48.8007684081148, -26.166671475438598], [-48.7995268357171, -26.164637160006624], [-48.80023711507429, -26.163758491518553], [-48.80241222935125, -26.162823524291], [-48.802359896630925, -26.16212552878143], [-48.79639867882571, -26.159135347458488], [-48.79139602547889, -26.154985886131705], [-48.790431423337935, -26.155435488835163], [-48.78739475108736, -26.159778607564377], [-48.788466185390995, -26.162231367258794]]], [[[-48.79450900273762, -26.15288431804535], [-48.79661136132105, -26.151786122356494], [-48.79414126885422, -26.152357891637596], [-48.79450900273762, -26.15288431804535]]], [[[-48.79660886632604, -26.15109926968275], [-48.797913015924145, -26.150689326428598], [-48.79589922643665, -26.15104272165593], [-48.79660886632604, -26.15109926968275]]], [[[-48.798036829278864, -26.132214201302045], [-48.79798499328321, -26.132650417360708], [-48.798192490161185, -26.13216643226056], [-48.798036829278864, -26.132214201302045]]], [[[-48.798397783967346, -26.132645981142943], [-48.79897678460021, -26.13224289532877], [-48.79910581131075, -26.1319224833748], [-48.798397783967346, -26.132645981142943]]], [[[-48.79843718072197, -26.12932226329873], [-48.79797095545296, -26.1294162176372], [-48.79775614122035, -26.129528165434895], [-48.79806923692755, -26.129531319616756], [-48.79843718072197, -26.12932226329873]]], [[[-48.797751955922735, -26.129135717437254], [-48.797891988907665, -26.12933859371446], [-48.7979334409478, -26.12915964786842], [-48.797751955922735, -26.129135717437254]]], [[[-48.79808463253578, -26.12933580720164], [-48.798273689442915, -26.12929857804186], [-48.79811536410651, -26.12927705390849], [-48.79808463253578, -26.12933580720164]]], [[[-48.79969675872454, -26.12913075381576], [-48.79947360151283, -26.128992574942945], [-48.79910147725518, -26.12922085331997], [-48.79969675872454, -26.12913075381576]]], [[[-48.797832600201914, -26.12911989794788], [-48.79849355174512, -26.129082725512003], [-48.79779661749923, -26.129061723978534], [-48.797832600201914, -26.12911989794788]]], [[[-48.797800582809316, -26.128880144913015], [-48.79890637903641, -26.12881232364894], [-48.79793810115978, -26.128366705398264], [-48.797800582809316, -26.128880144913015]]], [[[-48.798204524551, -26.127608627832064], [-48.79918000456949, -26.128701765446984], [-48.800475234941054, -26.127516544980413], [-48.799467050144045, -26.12788116947774], [-48.798204524551, -26.127608627832064]]], [[[-48.797855018584286, -26.128097417531396], [-48.79797105696762, -26.127905164206204], [-48.79779343863404, -26.128030805480876], [-48.797855018584286, -26.128097417531396]]], [[[-48.79676324041296, -26.12437872258852], [-48.79749758772376, -26.12415353608981], [-48.797534697192674, -26.123867540219987], [-48.79676324041296, -26.12437872258852]]], [[[-48.797688163203034, -26.12405951288535], [-48.79766876589757, -26.12391257412881], [-48.7975980250041, -26.124210968704652], [-48.797688163203034, -26.12405951288535]]], [[[-48.7914057672176, -26.113853715173825], [-48.79049284790285, -26.117301371121965], [-48.7914788004107, -26.120383002651437], [-48.79207995521085, -26.121213876087587], [-48.794878874431596, -26.12223261192342], [-48.79379859236437, -26.115396607077045], [-48.792956083723766, -26.11427010606292], [-48.7914057672176, -26.113853715173825]]], [[[-48.79445802439462, -26.110094850137713], [-48.79411389980431, -26.10847304706079], [-48.793923528321216, -26.10837184287967], [-48.792895728682055, -26.11016197745301], [-48.79445802439462, -26.110094850137713]]], [[[-48.795151576609896, -26.101543127411425], [-48.79455107907765, -26.101784476591302], [-48.79529739259086, -26.101655231636272], [-48.795151576609896, -26.101543127411425]]], [[[-48.795582291911316, -26.100969506469824], [-48.79702588639981, -26.100934760614702], [-48.79769321849206, -26.100631381281136], [-48.79701870788622, -26.10021359260547], [-48.795582291911316, -26.100969506469824]]], [[[-48.79789617251171, -26.100006162961137], [-48.799412293061415, -26.100373702950524], [-48.800225098153, -26.099649771525375], [-48.79789617251171, -26.100006162961137]]], [[[-48.79885390617253, -26.09929097673562], [-48.79794053330244, -26.099711661227353], [-48.799097251288664, -26.09933806717849], [-48.79885390617253, -26.09929097673562]]], [[[-48.800972635217754, -26.09932852499007], [-48.80216583900447, -26.098777815900046], [-48.80248973296465, -26.09854835392848], [-48.79983645108788, -26.0989495650518], [-48.800972635217754, -26.09932852499007]]], [[[-48.803139295991215, -26.080089630930775], [-48.802165766956016, -26.079545054295043], [-48.800227399873464, -26.081191969543084], [-48.801087370330045, -26.08431807594262], [-48.80213894802379, -26.085204729666067], [-48.80214368616577, -26.086023632458048], [-48.79982045239301, -26.086585197759714], [-48.7990215792422, -26.08762372791169], [-48.80073641967493, -26.09006358959859], [-48.804903229322846, -26.090871989015433], [-48.80552954479287, -26.090178612215425], [-48.80397193822567, -26.087750480876117], [-48.80340285820553, -26.083132135192496], [-48.80507903875616, -26.078912056248814], [-48.803139295991215, -26.080089630930775]]], [[[-48.749435425842144, -26.22241204918403], [-48.74948131828801, -26.22236615676245], [-48.74943542583832, -26.222366156396898], [-48.749435425842144, -26.22241204918403]]], [[[-48.75524027022031, -26.208673610236946], [-48.7557625014328, -26.208668244550534], [-48.755296443055464, -26.208472042164168], [-48.75524027022031, -26.208673610236946]]], [[[-48.75144894358526, -26.20246213917796], [-48.75140720534052, -26.202504228570543], [-48.751402813801214, -26.20254188940077], [-48.75144894358526, -26.20246213917796]]], [[[-48.76967501477912, -26.183934003435553], [-48.76965886757729, -26.18382422086897], [-48.76967179316142, -26.183957562189875], [-48.76967501477912, -26.183934003435553]]], [[[-48.78127938981272, -26.168213180708335], [-48.78128805364632, -26.168088085675656], [-48.781200513495136, -26.168270713243995], [-48.78127938981272, -26.168213180708335]]], [[[-48.77490573026952, -26.16345938492097], [-48.772824219479084, -26.1646370906915], [-48.77132611920654, -26.166973981653985], [-48.772381645514166, -26.16729522881766], [-48.77389609601855, -26.166147917626045], [-48.774997514790776, -26.166273049470902], [-48.77490573026952, -26.16345938492097]]], [[[-48.78586950676758, -26.157957126161794], [-48.7869042638768, -26.15721898416064], [-48.78693440771082, -26.157024906037027], [-48.78586950676758, -26.157957126161794]]], [[[-48.78670363403672, -26.155983493521184], [-48.785862288310966, -26.15695404306775], [-48.7859210249477, -26.157073805959264], [-48.78670363403672, -26.155983493521184]]], [[[-48.77728056459046, -26.154423329574282], [-48.77586893368814, -26.154742673537378], [-48.775224514133235, -26.157257388529125], [-48.77728056459046, -26.154423329574282]]], [[[-48.791643297633726, -26.151003142025154], [-48.7912259081475, -26.15174000794622], [-48.7912586727195, -26.15210766751651], [-48.79209323789125, -26.15152346582683], [-48.791643297633726, -26.151003142025154]]], [[[-48.79242894605719, -26.151259962358246], [-48.79236246249597, -26.151629085004863], [-48.79254091031812, -26.151461675286992], [-48.79242894605719, -26.151259962358246]]], [[[-48.77742227534238, -26.15412437861399], [-48.780490913683025, -26.150056615186415], [-48.78110791440377, -26.148079397129415], [-48.78009393910172, -26.14803753360253], [-48.77773865156005, -26.150662121228375], [-48.776903870282844, -26.153147883468527], [-48.77742227534238, -26.15412437861399]]], [[[-48.78904060070956, -26.148846467537577], [-48.78940104332134, -26.148430761907374], [-48.78982921970682, -26.14791005867084], [-48.78904060070956, -26.148846467537577]]], [[[-48.79078378135169, -26.1478379280118], [-48.790987031255874, -26.149378851191816], [-48.79224060555961, -26.148078069443276], [-48.79210270098874, -26.147208619147037], [-48.79165534038832, -26.147641153080546], [-48.79200976033992, -26.14625640842813], [-48.79078378135169, -26.1478379280118]]], [[[-48.78614831197554, -26.140854903652336], [-48.78625719971231, -26.14139387988567], [-48.78651928283203, -26.1408247859579], [-48.78614831197554, -26.140854903652336]]], [[[-48.78864461107792, -26.139170180870313], [-48.790720666338586, -26.136863495805866], [-48.79052142510876, -26.133167416716066], [-48.78892269850585, -26.136127696806387], [-48.78864461107792, -26.139170180870313]]], [[[-48.78854784629906, -26.126501468925948], [-48.788545902478724, -26.126516568139667], [-48.7885462605115, -26.126514634081463], [-48.78854784629906, -26.126501468925948]]], [[[-48.79238078758243, -26.125312157570622], [-48.79226136965028, -26.125334268567624], [-48.79239476420153, -26.125415117351903], [-48.79238078758243, -26.125312157570622]]], [[[-48.79226514075565, -26.125133732606113], [-48.79199304276696, -26.12411588106833], [-48.79166489005858, -26.12413589264974], [-48.79226514075565, -26.125133732606113]]], [[[-48.79145185773845, -26.113640562165337], [-48.79184193710214, -26.113405469851713], [-48.79153970737997, -26.1132483930365], [-48.79145185773845, -26.113640562165337]]], [[[-48.7911975459902, -26.110434495334037], [-48.791197545904964, -26.11046670030063], [-48.791272381397526, -26.110434495679755], [-48.7911975459902, -26.110434495334037]]], [[[-48.79128933075687, -26.11038860336363], [-48.79131581306418, -26.110392155513733], [-48.79131814310613, -26.110388602915755], [-48.79128933075687, -26.11038860336363]]], [[[-48.79133753751532, -26.110359032391], [-48.791335223163756, -26.110342710257072], [-48.791335223135825, -26.110362561110797], [-48.79133753751532, -26.110359032391]]], [[[-48.791544467360836, -26.110171229136093], [-48.7927664916747, -26.10836408795355], [-48.793476114422184, -26.10649440879041], [-48.791762782805215, -26.108594433889024], [-48.79112852057042, -26.109927153643778], [-48.791544467360836, -26.110171229136093]]]]}}, {"id": "1", "type": "Feature", "properties": {"ID": 3, "Nomes": "Bacias independentes da vertente leste", "Area": 135.59692, "Perimetro": 318.63258, "name": "Bacias independentes da vertente leste", "rain_total_mm": 31.273, "temp_mean_degC": 19.1, "wind_mean_ms": 2.35, "wind_dir_deg": 59, "coverage_pct": 100.0, "run_time_utc": "2026-08-14 00:00:00", "window_local": "2026-08-13 22:00 .. 2026-08-16 21:00", "source": "CPTEC/INPE WRF AMS 7km", "valid_times_local": ["2026-08-13 22:00", "2026-08-13 23:00", "2026-08-14 00:00", "2026-08-14 01:00", "2026-08-14 02:00", "2026-08-14 03:00", "2026-08-14 04:00", "2026-08-14 05:00", "2026-08-14 06:00", "2026-08-14 07:00", "2026-08-14 08:00", "2026-08-14 09:00", "2026-08-14 10:00", "2026-08-14 11:00", "2026-08-14 12:00", "2026-08-14 13:00", "2026-08-14 14:00", "2026-08-14 15:00", "2026-08-14 16:00", "2026-08-14 17:00", "2026-08-14 18:00", "2026-08-14 19:00", "2026-08-14 20:00", "2026-08-14 21:00", "2026-08-14 22:00", "2026-08-14 23:00", "2026-08-15 00:00", "2026-08-15 01:00", "2026-08-15 02:00", "2026-08-15 03:00", "2026-08-15 04:00", "2026-08-15 05:00", "2026-08-15 06:00", "2026-08-15 07:00", "2026-08-15 08:00", "2026-08-15 09:00", "2026-08-15 10:00", "2026-08-15 11:00", "2026-08-15 12:00", "2026-08-15 13:00", "2026-08-15 14:00", "2026-08-15 15:00", "2026-08-15 16:00", "2026-08-15 17:00", "2026-08-15 18:00", "2026-08-15 19:00", "2026-08-15 20:00", "2026-08-15 21:00", "2026-08-15 22:00", "2026-08-15 23:00", "2026-08-16 00:00", "2026-08-16 01:00", "2026-08-16 02:00", "2026-08-16 03:00", "2026-08-16 04:00", "2026-08-16 05:00", "2026-08-16 06:00", "2026-08-16 07:00", "2026-08-16 08:00", "2026-08-16 09:00", "2026-08-16 10:00", "2026-08-16 11:00", "2026-08-16 12:00", "2026-08-16 13:00", "2026-08-16 14:00", "2026-08-16 15:00", "2026-08-16 16:00", "2026-08-16 17:00", "2026-08-16 18:00", "2026-08-16 19:00", "2026-08-16 20:00", "2026-08-16 21:00"], "lead_h": [1, 2, 3, 4, 5, 6, 7, 8, 9, 10, 11, 12, 13, 14, 15, 16, 17, 18, 19, 20, 21, 22, 23, 24, 25, 26, 27, 28, 29, 30, 31, 32, 33, 34, 35, 36, 37, 38, 39, 40, 41, 42, 43, 44, 45, 46, 47, 48, 49, 50, 51, 52, 53, 54, 55, 56, 57, 58, 59, 60, 61, 62, 63, 64, 65, 66, 67, 68, 69, 70, 71, 72], "precip_mm_h": [0.001, 0.005, 0.039, 0.127, 0.41, 0.22, 0.036, 0.083, 0.212, 0.422, 2.347, 1.994, 2.06, 0.837, 0.774, 1.193, 0.027, 0.061, 0.032, 0.316, 1.084, 1.422, 0.432, 0.076, 0.032, 0.061, 0.11, 0.086, 0.048, 0.44, 2.262, 0.391, 1.492, 2.055, 0.529, 1.898, 2.419, 2.442, 0.849, 0.092, 0.078, 0.078, 0.014, 0.005, 0.003, 0.001, 0.032, 0.041, 0.093, 0.141, 0.157, 0.044, 0.016, 0.031, 0.04, 0.005, 0.002, 0.004, 0.029, 0.094, 0.14, 0.292, 0.102, 0.062, 0.074, 0.059, 0.067, 0.026, 0.007, 0.012, 0.046, 0.064], "accum_mm": [0.001, 0.006, 0.045, 0.172, 0.582, 0.802, 0.838, 0.921, 1.133, 1.555, 3.902, 5.896, 7.956, 8.793, 9.567, 10.76, 10.787, 10.848, 10.88, 11.196, 12.28, 13.702, 14.134, 14.21, 14.242, 14.303, 14.413, 14.499, 14.547, 14.987, 17.249, 17.64, 19.132, 21.187, 21.716, 23.614, 26.033, 28.475, 29.324, 29.416, 29.494, 29.572, 29.586, 29.591, 29.594, 29.595, 29.627, 29.668, 29.761, 29.902, 30.059, 30.103, 30.119, 30.15, 30.19, 30.195, 30.197, 30.201, 30.23, 30.324, 30.464, 30.756, 30.858, 30.92, 30.994, 31.053, 31.12, 31.146, 31.153, 31.165, 31.211, 31.275], "t2m_degC": [17.88, 17.9, 17.84, 17.83, 17.88, 17.64, 17.59, 17.57, 17.62, 17.59, 17.92, 18.42, 18.83, 19.15, 19.38, 19.36, 19.76, 19.69, 19.19, 18.64, 18.21, 18.05, 18.19, 18.13, 18.15, 18.07, 18.04, 18.07, 18.08, 18.06, 18.13, 18.17, 18.25, 18.28, 18.59, 18.86, 19.11, 19.49, 20.33, 20.91, 20.84, 20.47, 20.06, 19.76, 19.23, 19.1, 19.15, 19.24, 19.29, 19.3, 19.32, 19.3, 19.23, 19.16, 19.11, 19.05, 19.1, 19.17, 19.56, 20.19, 20.42, 20.64, 21.16, 21.33, 21.39, 21.13, 20.91, 20.45, 19.69, 19.37, 19.28, 19.27], "wspd_ms": [0.38, 0.33, 0.5, 1.08, 2.38, 1.09, 0.29, 0.64, 1.41, 1.99, 1.18, 1.43, 1.48, 0.88, 1.54, 0.47, 0.76, 1.33, 2.3, 2.22, 1.93, 1.69, 1.79, 0.13, 0.9, 0.36, 0.3, 0.78, 1.18, 1.36, 1.32, 0.52, 0.24, 1.19, 2.26, 1.89, 1.12, 0.43, 1.02, 1.81, 2.49, 3.06, 3.04, 2.63, 2.73, 3.22, 3.82, 3.94, 4.18, 4.5, 4.8, 4.69, 4.33, 4.18, 3.85, 3.4, 3.23, 2.85, 3.85, 5.54, 4.77, 5.43, 4.91, 4.78, 4.37, 4.46, 4.54, 4.45, 3.11, 2.66, 2.8, 2.74]}, "geometry": {"type": "MultiPolygon", "coordinates": [[[[-48.76546859644555, -26.268180058875643], [-48.76164664233171, -26.26785456273032], [-48.76139058378218, -26.26932518760197], [-48.76271167416085, -26.271629980222105], [-48.757981738549546, -26.282818795202246], [-48.75875159119842, -26.283127747098426], [-48.75824677370428, -26.285468262308793], [-48.761505137767344, -26.28450452032328], [-48.76297369504794, -26.285009336671436], [-48.764809392811046, -26.284320951519522], [-48.766048488805886, -26.28455041223608], [-48.76636973528726, -26.28289828520501], [-48.765681348633244, -26.282393468113913], [-48.76614027443781, -26.281246156998193], [-48.769169175071546, -26.28110847958276], [-48.769765776318444, -26.28188865021399], [-48.77238164554283, -26.280420092479893], [-48.77508929872004, -26.281567403349577], [-48.77545643848621, -26.282485252703083], [-48.777842846731346, -26.284091487655918], [-48.779586758676054, -26.2838161336642], [-48.780321038491884, -26.28234757611689], [-48.78188138042622, -26.283127746990512], [-48.782845122084076, -26.282577037356642], [-48.782294412178054, -26.284963445028794], [-48.78371707738806, -26.286569679734626], [-48.78339583072586, -26.28771699095327], [-48.78679187247737, -26.28767109840959], [-48.78605759242255, -26.286523787372204], [-48.78679187186881, -26.28344899365498], [-48.785093851097855, -26.28120026490017], [-48.78656240838469, -26.28037420016592], [-48.786883656534314, -26.27835493291002], [-48.78780150515752, -26.276978159720066], [-48.78885703084185, -26.276748697729666], [-48.7885899562042, -26.27602453020242], [-48.78718588276497, -26.275536152195826], [-48.785309153136026, -26.27377462000342], [-48.784499644149015, -26.274694919151294], [-48.78432160829477, -26.274205322980574], [-48.78022918227448, -26.274932994561055], [-48.77318389638014, -26.274409218643452], [-48.76546859644555, -26.268180058875643]]], [[[-48.78566959127391, -26.273335877858678], [-48.786283884862506, -26.273326198406693], [-48.7871758126695, -26.27525412936075], [-48.7885894605969, -26.275823751686747], [-48.78894881604771, -26.276561257707154], [-48.79041737417511, -26.276060310500547], [-48.78867346139882, -26.273352657172435], [-48.78881113914174, -26.27275605613904], [-48.79005023479555, -26.27358211982647], [-48.79046326729995, -26.27293731311605], [-48.789543396940665, -26.272221028843248], [-48.787766920515764, -26.271724649008693], [-48.78566959127391, -26.273335877858678]]], [[[-48.78425691315624, -26.272352702308208], [-48.78449989419938, -26.272032498416152], [-48.78407844691597, -26.272357688574537], [-48.78425691315624, -26.272352702308208]]], [[[-48.78198182246351, -26.272297503280775], [-48.782087947252464, -26.27204807016738], [-48.781924245114354, -26.272126568014738], [-48.78198182246351, -26.272297503280775]]], [[[-48.781365784397046, -26.27182839014731], [-48.78191112571713, -26.271834459264156], [-48.782525347430145, -26.271470766710326], [-48.78151622485289, -26.271226134868872], [-48.781365784397046, -26.27182839014731]]], [[[-48.79321333720309, -26.263575360908746], [-48.79109623939332, -26.26905176486184], [-48.789192587317494, -26.271063928925493], [-48.790688759374746, -26.272480700139017], [-48.79362984518304, -26.270874465918045], [-48.794410016962246, -26.271379281896913], [-48.79505251139662, -26.270461434141602], [-48.79450180175288, -26.26867162874244], [-48.79252842723748, -26.268992876441626], [-48.792344856802, -26.268488058927307], [-48.79243664164315, -26.267065392033206], [-48.793721630761254, -26.26674414599283], [-48.79335449106114, -26.265046126070096], [-48.794707826563716, -26.264724879636844], [-48.79468820906084, -26.26393324759787], [-48.794215414938776, -26.26406135875881], [-48.79321333720309, -26.263575360908746]]], [[[-48.7888608844522, -26.25653766012659], [-48.78633650252906, -26.25892587620835], [-48.78499447699291, -26.258748840927357], [-48.78382255495487, -26.26065371213368], [-48.78426872356142, -26.262230056693454], [-48.785803516281504, -26.262802417487322], [-48.78618461641172, -26.26344033022944], [-48.78628961283284, -26.264575868603835], [-48.78579481589664, -26.26574587954484], [-48.78701224716816, -26.267656105541224], [-48.78740690759098, -26.27076094796554], [-48.789249121601856, -26.270246074593757], [-48.79100818132312, -26.268389489222525], [-48.7915063220025, -26.265776076696035], [-48.79059371824636, -26.26424770542045], [-48.79205472949501, -26.262372136881574], [-48.79140237025712, -26.260378776575624], [-48.79205614957583, -26.260221049429436], [-48.7939405809894, -26.26119853516563], [-48.79582391305447, -26.26110839924511], [-48.796297114045686, -26.260101807658344], [-48.79508027392389, -26.260288835466987], [-48.79485520295382, -26.25982800509732], [-48.79653090101592, -26.258036087440978], [-48.796359978691854, -26.2576741482147], [-48.794949872937885, -26.257715519001657], [-48.79350847195924, -26.257039170541642], [-48.79073262830443, -26.257426675125444], [-48.789481334682364, -26.257061535726848], [-48.7888608844522, -26.25653766012659]]], [[[-48.79238536795315, -26.262570927872517], [-48.79098598520105, -26.26415561865744], [-48.79180415623043, -26.265530817516662], [-48.792888085897374, -26.26366235076859], [-48.79318420156823, -26.263528789415663], [-48.793626376787905, -26.263571495556235], [-48.79430510254888, -26.26398625189288], [-48.794674873312665, -26.263828600388912], [-48.79547655717035, -26.261377310311122], [-48.79356911239898, -26.26136073316788], [-48.79178866444668, -26.26040598877719], [-48.79238536795315, -26.262570927872517]]], [[[-48.77223285488481, -26.25081557485091], [-48.77107769397574, -26.251766005224958], [-48.77033762259437, -26.25396322090599], [-48.76705020611298, -26.255113097657222], [-48.76482550157674, -26.255288877394925], [-48.76241764610087, -26.254023691008072], [-48.759586825896065, -26.25385135236127], [-48.75777197584971, -26.257364257317274], [-48.7556469206887, -26.265846802857254], [-48.756010177001514, -26.267635218501926], [-48.7639493543835, -26.266131043698774], [-48.77002413008568, -26.26666719228924], [-48.7712049521855, -26.268790402812105], [-48.7720974265686, -26.272853907514566], [-48.77474512093086, -26.27375692143874], [-48.77660600682207, -26.273373817102804], [-48.78109594308207, -26.27049443824224], [-48.7827797483537, -26.27082197563531], [-48.78452976815595, -26.27003742559284], [-48.783994192249864, -26.26790172639343], [-48.78253242807737, -26.26713809602035], [-48.78212749076487, -26.266360773442205], [-48.78419539693327, -26.267907203009408], [-48.784348701066754, -26.26884205685717], [-48.78559332462606, -26.269843182307618], [-48.78653375659983, -26.269554741899576], [-48.78678080057074, -26.267606217356523], [-48.78558826775743, -26.26573088144064], [-48.786135434728465, -26.26445563242419], [-48.78587012050937, -26.263043961915574], [-48.78434207211267, -26.262414293434972], [-48.783691800955836, -26.26094704136131], [-48.78465423167735, -26.25862901948507], [-48.78252227941167, -26.256261175866992], [-48.77922008380946, -26.25474175651115], [-48.7765818505454, -26.254626173286166], [-48.773888561412186, -26.251344711027514], [-48.77223285488481, -26.25081557485091]]], [[[-48.79513313926558, -26.259825281404293], [-48.79636646350679, -26.259846757236485], [-48.796517380013704, -26.25840594486466], [-48.79513313926558, -26.259825281404293]]], [[[-48.7961826280682, -26.257517426396735], [-48.79544544929962, -26.25680926608786], [-48.794663930115085, -26.257413518204103], [-48.795271516974275, -26.257626282168836], [-48.7961826280682, -26.257517426396735]]], [[[-48.79246571324929, -26.25354209669597], [-48.789635803055596, -26.253459242856287], [-48.79037999275566, -26.25563565960467], [-48.79009445880118, -26.256015599790764], [-48.78901055938786, -26.25624953451177], [-48.789406923986085, -26.25684725643639], [-48.790808353975535, -26.257240366115308], [-48.79160925876537, -26.25682531831505], [-48.793517915576885, -26.25692784071567], [-48.79439148591407, -26.257222953799285], [-48.795352849067584, -26.25664337884358], [-48.79348520948567, -26.252975526323414], [-48.79246571324929, -26.25354209669597]]], [[[-48.78661304113893, -26.25851259508371], [-48.788787527777856, -26.25603205716042], [-48.78630573715296, -26.25392698251505], [-48.786011153715705, -26.2529704793817], [-48.7867474961249, -26.251778707989896], [-48.78830947486901, -26.251045590728143], [-48.78735194310116, -26.249620276946175], [-48.78470763143248, -26.24875705355594], [-48.78310189156981, -26.247030623387356], [-48.782228107630445, -26.24711063438707], [-48.78108383188022, -26.248043689453105], [-48.78085369750996, -26.249100882742006], [-48.783239989242674, -26.25018712242672], [-48.783610383502094, -26.251229738482305], [-48.78025609936105, -26.253172092935962], [-48.77938886441164, -26.254411888176524], [-48.78289453300323, -26.256121775125415], [-48.784654548151344, -26.25821736676322], [-48.78661304113893, -26.25851259508371]]], [[[-48.78629148667576, -26.253675067491525], [-48.78972046630545, -26.25603845031543], [-48.790218865124714, -26.255541415409592], [-48.78949829085274, -26.253810385417506], [-48.789671371613494, -26.25319547090604], [-48.79325985752235, -26.25288540875852], [-48.79295166212398, -26.250301516676213], [-48.79178390594375, -26.248512982876516], [-48.78873969158377, -26.250995818815863], [-48.78678665074914, -26.251937046943254], [-48.78629148667576, -26.253675067491525]]], [[[-48.79115730736897, -26.243557936396158], [-48.788530315471625, -26.24471450762037], [-48.78863081439349, -26.245682819637363], [-48.78967007064791, -26.245959668841436], [-48.79184315431364, -26.244913857597446], [-48.79273090045555, -26.2442851405625], [-48.79261025053779, -26.24377413721678], [-48.79317880792553, -26.24313028271737], [-48.7933515623884, -26.243060164988464], [-48.794211546329535, -26.243071738842225], [-48.79407605240354, -26.242496189423207], [-48.793519392884726, -26.242098753142297], [-48.79241988419709, -26.24260692478544], [-48.79179412029391, -26.241606364804696], [-48.79115730736897, -26.243557936396158]]], [[[-48.80978398382016, -26.23159053712426], [-48.81070183269499, -26.232049460732135], [-48.81276699265632, -26.23016787097757], [-48.81272109946513, -26.228836991336745], [-48.81033469320793, -26.22612933611018], [-48.808269532783925, -26.22608344405582], [-48.807948285991365, -26.225349164645323], [-48.806846867252816, -26.225716304552282], [-48.80395564344784, -26.222228478743734], [-48.80441456902692, -26.22144830785953], [-48.803496719311866, -26.220117427225482], [-48.80069728077937, -26.22209080134652], [-48.79918282986615, -26.220438673949133], [-48.79872390595676, -26.218924223612046], [-48.800559603846864, -26.21745566633919], [-48.800743172914906, -26.21640013844407], [-48.80014657214755, -26.214472657241014], [-48.79762248658024, -26.21355480801381], [-48.79578679039586, -26.211627325006027], [-48.796337499212385, -26.211351970553665], [-48.79587857545201, -26.20869020994222], [-48.795327865628906, -26.209057348925423], [-48.79340038234429, -26.207313435440998], [-48.79197771774941, -26.207267543039638], [-48.79248253339247, -26.206257909841195], [-48.791656470083794, -26.20469756669564], [-48.79216128722421, -26.204009180850967], [-48.79184004052425, -26.203412578510004], [-48.790463267517126, -26.20355025527475], [-48.790187912192266, -26.20534006113481], [-48.78775561290023, -26.205753091942025], [-48.785093850865955, -26.204835245035948], [-48.784726712645465, -26.203183116748324], [-48.783717077550754, -26.203045438925816], [-48.78270744346445, -26.2038715028705], [-48.78197316494261, -26.203458470563866], [-48.78087174638387, -26.204376320378035], [-48.78183548852955, -26.205523630928226], [-48.78110120926357, -26.205615415909357], [-48.77967854299197, -26.208047715029902], [-48.77591536317944, -26.207772360684757], [-48.77362074125125, -26.210250551350782], [-48.77316181707349, -26.209516273163196], [-48.769448201993804, -26.20960805751214], [-48.76978146106051, -26.21353007640852], [-48.76860399682934, -26.215006887641803], [-48.77206033373074, -26.216921048332598], [-48.77312344343568, -26.218725116302526], [-48.77386877850438, -26.218917015041832], [-48.77477318292009, -26.21816797989071], [-48.77454176867973, -26.215522229793415], [-48.77560636716215, -26.215300882150576], [-48.77727616574694, -26.21635991560231], [-48.77676484768954, -26.214375357000304], [-48.77821247612746, -26.212547382389722], [-48.780212009332104, -26.21228512373051], [-48.78150037818353, -26.212675742482052], [-48.78319241992681, -26.211778228478], [-48.78274953214643, -26.211048505972087], [-48.781058172058735, -26.211560659341732], [-48.7796114209498, -26.210227990673967], [-48.77946641289942, -26.209833479993424], [-48.77968688430652, -26.209551665673512], [-48.780946083352994, -26.20925070349497], [-48.78046885993403, -26.20813754054456], [-48.7806436384754, -26.20784237246116], [-48.782229546285606, -26.20726188549061], [-48.78361601353269, -26.2078182760109], [-48.78427475174112, -26.20870162756627], [-48.784020809146654, -26.208151297687152], [-48.78575142686698, -26.20723668434762], [-48.78489945424328, -26.206900084507506], [-48.784710624275235, -26.2065548228612], [-48.78480538134007, -26.20586099965769], [-48.78500072483604, -26.206873902496543], [-48.78587984297646, -26.207193742589453], [-48.784102905186316, -26.20826801141137], [-48.78523829453699, -26.209370545912694], [-48.785106859650895, -26.20993342401986], [-48.784559214987155, -26.21015070379188], [-48.78348680421712, -26.209748237409997], [-48.78234102867912, -26.20853016081484], [-48.78231509420046, -26.208450820543703], [-48.78231424074899, -26.208368020565864], [-48.782331738048484, -26.20831366850286], [-48.7827549054612, -26.208013074708177], [-48.78236540423769, -26.207462830074558], [-48.78080074660595, -26.207924285033876], [-48.78114577526825, -26.209237753305747], [-48.77963630344383, -26.21002640385912], [-48.780955291959714, -26.21138569962835], [-48.782949128790946, -26.21086328686334], [-48.783527168698946, -26.211717117023014], [-48.78167837218813, -26.212805497509006], [-48.77833064480707, -26.21267192771336], [-48.77699609393139, -26.214316880526784], [-48.77759016363929, -26.215508168859554], [-48.77728956301173, -26.216844116311922], [-48.78017468515093, -26.218153740126375], [-48.780871688948686, -26.21723173725122], [-48.781464140030636, -26.21725182849382], [-48.78188799834517, -26.218424699121837], [-48.78139711685334, -26.222357272555417], [-48.7825604746152, -26.220743368277997], [-48.783040398836256, -26.220405969029414], [-48.7834440713811, -26.221400236035798], [-48.784514965930484, -26.220957521831064], [-48.785220355406, -26.22124628703459], [-48.78514658858181, -26.218804989311614], [-48.7857335489269, -26.21827237757675], [-48.786472792234576, -26.218323463391805], [-48.786988123399325, -26.21956512342192], [-48.78761685657461, -26.21847630356166], [-48.78831562117107, -26.21939372242267], [-48.7888959485949, -26.21816450217493], [-48.78939065892765, -26.217707855668365], [-48.78983300193515, -26.218009616780826], [-48.78991968648634, -26.218632419906747], [-48.791005936269194, -26.21846608279262], [-48.791684261545704, -26.217920264493177], [-48.79061868955306, -26.218144684323814], [-48.79091264667316, -26.21724859144516], [-48.79134367446062, -26.216993344056018], [-48.79103691424623, -26.215964435203617], [-48.791439862832846, -26.21693383355208], [-48.790729012017316, -26.21801432151895], [-48.79183434193243, -26.217828969227515], [-48.791123534472696, -26.218568165135892], [-48.7914682096879, -26.21905311209615], [-48.78986173316368, -26.21871123792472], [-48.78927644859978, -26.217829133926013], [-48.78892956753153, -26.2189800762651], [-48.78793261927765, -26.219777228855502], [-48.78819450508745, -26.220416503961], [-48.788972415816666, -26.2200253079152], [-48.78827891958116, -26.22049963160609], [-48.78807599229862, -26.22047091380993], [-48.787734507373074, -26.21927697405389], [-48.78678691997549, -26.219647262981827], [-48.78636567860975, -26.21841399224449], [-48.785682151183174, -26.2184484086148], [-48.78539100378395, -26.22142577788251], [-48.783431597917755, -26.221519473625715], [-48.782919167269824, -26.220615974394185], [-48.78140662041961, -26.222573793097503], [-48.78118500725183, -26.21988213831669], [-48.781680693673046, -26.218549151401557], [-48.781168672290576, -26.21736957605166], [-48.780092211647116, -26.21835487221901], [-48.77761592882334, -26.217370455542856], [-48.775245657898495, -26.21567152505795], [-48.77517746421084, -26.218485271133208], [-48.773274920460885, -26.21924224531371], [-48.77199052444383, -26.217413761889595], [-48.76839112141664, -26.21580908194186], [-48.76720882446344, -26.222555988503075], [-48.7697889079496, -26.22256340172021], [-48.76720108692879, -26.22265397996077], [-48.76461622629215, -26.2308500007314], [-48.76598885230444, -26.23227309028669], [-48.76565227872147, -26.233371270750155], [-48.76729458915116, -26.234874997871913], [-48.766853988918726, -26.236119439151654], [-48.76952337461129, -26.2386323817185], [-48.770309452440806, -26.243515243215], [-48.76997264533746, -26.245033796178436], [-48.77085844540473, -26.247702171653206], [-48.775014130140775, -26.2496344987147], [-48.776453230527345, -26.253688751676364], [-48.777457866684216, -26.25437743258177], [-48.783190128276836, -26.251039316572705], [-48.780538599780925, -26.24924574220952], [-48.78072822533166, -26.247990996564916], [-48.7819645721753, -26.246883788199312], [-48.78351383769964, -26.2467897150985], [-48.784864320902734, -26.248409741465032], [-48.78758819861123, -26.249374503395842], [-48.788488693846915, -26.250591218874774], [-48.791438835922285, -26.24831069573898], [-48.79197884160862, -26.24537642111624], [-48.78907615250777, -26.24631548839493], [-48.78805819813843, -26.24510617769063], [-48.78838480166385, -26.244429764443304], [-48.79134296261631, -26.242914652153406], [-48.79138431664702, -26.242246024385658], [-48.789168451534714, -26.24036696188871], [-48.788773287955756, -26.239480717956617], [-48.78913322829988, -26.23921852109988], [-48.791363152691886, -26.23951222175906], [-48.7898958186701, -26.238471304428995], [-48.79167465073572, -26.236498794507053], [-48.78711362632407, -26.23607076594287], [-48.78619413910073, -26.234906048297358], [-48.78647060310861, -26.234488932909112], [-48.78732010521859, -26.234870489624182], [-48.78822089145653, -26.2340180408279], [-48.78957323026211, -26.233706812096333], [-48.78783827390687, -26.232398039324412], [-48.787906981348506, -26.23211130306732], [-48.788594695530875, -26.231665104349688], [-48.788402739499375, -26.230779682863908], [-48.78933276788075, -26.2302852343502], [-48.788842199117056, -26.228520466035203], [-48.789302192295565, -26.226984900099605], [-48.7909662605873, -26.22642950073668], [-48.79203031169502, -26.226917440420415], [-48.79096020312405, -26.226510255866035], [-48.78938245849258, -26.227109538316114], [-48.78899099487879, -26.228492434088707], [-48.789429321216396, -26.230341986495283], [-48.788489696092284, -26.23094830451003], [-48.78872406241054, -26.231768677085796], [-48.78795812749885, -26.23245521266841], [-48.788938064423995, -26.23275669404641], [-48.78936823867649, -26.232154807954032], [-48.79106815711073, -26.23091754108493], [-48.79137506103236, -26.23081183677369], [-48.78908518800298, -26.232666063121634], [-48.78974139801135, -26.233442582178956], [-48.789579026018075, -26.23395885203381], [-48.78821659991253, -26.234157619987055], [-48.78745248590734, -26.23498846947977], [-48.78636821873952, -26.234967396341105], [-48.787325554159516, -26.235907088979207], [-48.7918694072342, -26.236377941302177], [-48.790220445975955, -26.238473703447255], [-48.79156112150633, -26.239526239006533], [-48.78912961718281, -26.239428666183745], [-48.789094602517665, -26.23994221978739], [-48.79137136889772, -26.24178414129348], [-48.791725102523934, -26.241519068191106], [-48.792062799611514, -26.24153490112428], [-48.79242197739674, -26.242446620782363], [-48.79328910444985, -26.242095334976412], [-48.793766686169334, -26.242051481674235], [-48.79444940277827, -26.243020270722788], [-48.79626633730654, -26.242040146523294], [-48.79752201967147, -26.243550590706366], [-48.796220925009656, -26.24520864999852], [-48.79676809646747, -26.2453407198672], [-48.79721561008599, -26.24556763477589], [-48.79783491738383, -26.245045784069465], [-48.799419587139845, -26.245059261212806], [-48.80040477497666, -26.244314430832038], [-48.79936177550115, -26.245136810275646], [-48.79717909144041, -26.245632855787512], [-48.79613881824131, -26.24521789921928], [-48.79638278727518, -26.244606872056888], [-48.79447081957097, -26.24316215485968], [-48.79341591156125, -26.24311359969141], [-48.79275500479187, -26.24434794998576], [-48.79201960339978, -26.2448807928554], [-48.79210867513139, -26.248594485517536], [-48.79333020632517, -26.25028130169808], [-48.79365738353382, -26.25274360189411], [-48.79520217142222, -26.255765621212394], [-48.79577271355413, -26.25653166750306], [-48.79795897771818, -26.255702075901258], [-48.799035239714485, -26.25667904176943], [-48.79915317796828, -26.255131476438986], [-48.799733391671296, -26.25518817390768], [-48.800130033929406, -26.25608576560629], [-48.8004960195084, -26.254867440827326], [-48.80083362656566, -26.254738699935153], [-48.801653951955764, -26.255344196602742], [-48.80234697389542, -26.255176080594186], [-48.803252084757474, -26.255679373129063], [-48.80371903028852, -26.255324963825405], [-48.80495864665978, -26.25528577062819], [-48.80909155526613, -26.255841292637385], [-48.8092576035899, -26.25590998521041], [-48.80963436940156, -26.256203698112525], [-48.80493986607349, -26.25536767854059], [-48.80321376746647, -26.255772177012876], [-48.80164627852871, -26.255499504890015], [-48.80072823207121, -26.254930773798822], [-48.80026491807051, -26.256360906769686], [-48.79926996220188, -26.255343200631533], [-48.79920985693044, -26.256962621642344], [-48.7978974061531, -26.255938455811794], [-48.79580541915257, -26.256759567548666], [-48.79679284646471, -26.25784433951784], [-48.796802357906174, -26.25902743278902], [-48.79954830881346, -26.25918989357935], [-48.79675279643626, -26.259135446814547], [-48.79498178130926, -26.264724879272656], [-48.79725534776645, -26.264357739065378], [-48.79739302533854, -26.265000232291484], [-48.79854033615559, -26.265046126179843], [-48.80055960436943, -26.266790038312894], [-48.800697281090855, -26.267845565431596], [-48.80267065600418, -26.268809305681962], [-48.80400153691189, -26.2688551982357], [-48.8056995564446, -26.266973607237404], [-48.80969219985647, -26.267616101440932], [-48.81180325060656, -26.26683593176036], [-48.813455378831335, -26.264724879351846], [-48.81331770150604, -26.2636234595658], [-48.815291077165064, -26.26321042753001], [-48.81708088221803, -26.261787762410503], [-48.819008364051726, -26.26169597732528], [-48.82024746049941, -26.262889180502494], [-48.82153244802441, -26.263072750546954], [-48.82277154536406, -26.261282945408457], [-48.82520384363908, -26.261650085417124], [-48.82557098399106, -26.260135635391265], [-48.828095068490484, -26.259997957111086], [-48.82882934633027, -26.259355462171172], [-48.831261646029375, -26.25986028013607], [-48.832041816820926, -26.259080109016104], [-48.830802721507794, -26.255041573843386], [-48.831766463586426, -26.253481231004017], [-48.830986290857375, -26.25205856501543], [-48.83231717258926, -26.249350911202797], [-48.83089450566362, -26.248433062718423], [-48.83066504428745, -26.247561106070403], [-48.83181235510857, -26.24567951653662], [-48.82997665759423, -26.243568464425465], [-48.82827863688363, -26.242650615268563], [-48.826580616920005, -26.242696507024167], [-48.82401063991117, -26.240814917166485], [-48.82424010244187, -26.239346359388822], [-48.8236435005117, -26.238612080291933], [-48.82451545719426, -26.236822274619925], [-48.823781177930584, -26.23567496344241], [-48.823872963091866, -26.234481760822973], [-48.82162423419147, -26.232600170623186], [-48.819788536414464, -26.234665331019453], [-48.81561232415968, -26.23475711416921], [-48.813776625827735, -26.235583178650774], [-48.811986820409174, -26.234940685120325], [-48.811344326733085, -26.233793373211356], [-48.81015112449043, -26.234573545957574], [-48.80831542522994, -26.23402283637492], [-48.80978398382016, -26.23159053712426]], [[-48.80978398382016, -26.23159053712426], [-48.809738092151846, -26.231544644859696], [-48.809783984378015, -26.23154464414859], [-48.80978398382016, -26.23159053712426]]], [[[-48.78232431508709, -26.20833672952725], [-48.784543858445694, -26.210044428861817], [-48.785071064364324, -26.209518326063062], [-48.783464155204946, -26.207933361069795], [-48.78232431508709, -26.20833672952725]]], [[[-48.739522658218476, -26.293820686207305], [-48.73453459648148, -26.29977893152534], [-48.73447449047083, -26.30024562702744], [-48.73709035934664, -26.298501714121723], [-48.74158781804461, -26.29740029648743], [-48.74177138775124, -26.296711908512826], [-48.7403946144733, -26.29583995279852], [-48.739522658218476, -26.293820686207305]]], [[[-48.71504783873699, -26.27561416038846], [-48.716408076729955, -26.27381140583916], [-48.7162283942489, -26.272985467267503], [-48.715285066828876, -26.27289797550237], [-48.71441772283638, -26.27398963567016], [-48.71504783873699, -26.27561416038846]]], [[[-48.70878695228703, -26.263820653834912], [-48.707029369484566, -26.263773232850248], [-48.70604484793212, -26.265578078037528], [-48.707304251634675, -26.268782980482676], [-48.706812150600605, -26.27215463826183], [-48.70783280391193, -26.273493441202827], [-48.70868129240411, -26.272927898896572], [-48.71099512620956, -26.273457540372885], [-48.71167934130819, -26.272527636183362], [-48.709561771437876, -26.26879278868012], [-48.70961912188852, -26.264969518347026], [-48.70878695228703, -26.263820653834912]]], [[[-48.68288236803869, -26.264327068235175], [-48.6829485026696, -26.264989663514065], [-48.68327925702298, -26.264600263413364], [-48.68288236803869, -26.264327068235175]]], [[[-48.70552247492853, -26.263737296144438], [-48.7051227430491, -26.26400606433845], [-48.70555546640096, -26.264064947160406], [-48.70552247492853, -26.263737296144438]]], [[[-48.705433476974974, -26.263025033387972], [-48.705631064962255, -26.263334949582067], [-48.705606401708316, -26.2631380085877], [-48.705433476974974, -26.263025033387972]]], [[[-48.701241659358324, -26.26284328879024], [-48.70039783083769, -26.262467157736772], [-48.699532925992266, -26.263150972584693], [-48.701241659358324, -26.26284328879024]]], [[[-48.69419555609718, -26.260084233906316], [-48.69546779968414, -26.260938127397303], [-48.69520394565053, -26.259701403616443], [-48.69419555609718, -26.260084233906316]]], [[[-48.69401329112356, -26.259163997543148], [-48.694043935460044, -26.259636128407493], [-48.69442089046257, -26.259581944792888], [-48.69401329112356, -26.259163997543148]]], [[[-48.68615228245149, -26.259167424683138], [-48.68592564162198, -26.25871472753051], [-48.68582475393073, -26.25872998334165], [-48.68615228245149, -26.259167424683138]]], [[[-48.686783656300705, -26.255918519753887], [-48.68688950906251, -26.257012994170108], [-48.68597054853844, -26.257576910157574], [-48.686623135991425, -26.25864958379433], [-48.688748149156325, -26.25789154760389], [-48.68975644440081, -26.258269525214764], [-48.68984419338346, -26.257677497622957], [-48.69174847266704, -26.256824718599184], [-48.687443202279276, -26.255406848967116], [-48.686783656300705, -26.255918519753887]]], [[[-48.69310880927774, -26.25109698251482], [-48.69309623218617, -26.251925723212043], [-48.69397491203599, -26.2519678724731], [-48.69361807797392, -26.25120790363457], [-48.69310880927774, -26.25109698251482]]], [[[-48.70711392310738, -26.250105413397463], [-48.7067340653073, -26.251624338463234], [-48.707343301743435, -26.25236527755478], [-48.709527006393195, -26.250657567642467], [-48.70939671994769, -26.250006409429158], [-48.70711392310738, -26.250105413397463]]], [[[-48.709326664429575, -26.249994633133273], [-48.70927947595844, -26.250003091340165], [-48.70938212429808, -26.25000309720912], [-48.709326664429575, -26.249994633133273]]], [[[-48.73961372900686, -26.249030130140866], [-48.738991431564195, -26.24875074682385], [-48.73911906334286, -26.249569493786684], [-48.73961372900686, -26.249030130140866]]], [[[-48.69160097757681, -26.244054761203376], [-48.69198648006775, -26.243872620670373], [-48.69203136223719, -26.243755126296914], [-48.69160097757681, -26.244054761203376]]], [[[-48.73663143516088, -26.22213669408446], [-48.736585542076426, -26.222090801573998], [-48.736585542042, -26.222136694113207], [-48.73663143516088, -26.22213669408446]]], [[[-48.638100366191814, -26.31190230692728], [-48.63805447421021, -26.31199409174472], [-48.63810036676765, -26.311994091667454], [-48.638100366191814, -26.31190230692728]]], [[[-48.66315763735748, -26.317179938234556], [-48.66641600194699, -26.31979580658141], [-48.66793045139924, -26.31924509729168], [-48.66958258018144, -26.317547076167074], [-48.67137238443645, -26.317134045096292], [-48.67605341391234, -26.32250346168403], [-48.67619109110271, -26.325532361311033], [-48.67876106764997, -26.329570896275335], [-48.680596765627634, -26.3292955414604], [-48.68330441976583, -26.327046812062875], [-48.68651688946975, -26.32544057693482], [-48.68885740520551, -26.325991285835936], [-48.688123126684914, -26.328698939609232], [-48.69078488663133, -26.328790725094795], [-48.69243701470117, -26.32723038225903], [-48.691152026233645, -26.32308843920121], [-48.692574692312625, -26.32204453563471], [-48.69271237024261, -26.319841699242286], [-48.694456282001184, -26.319841699513034], [-48.69537413088669, -26.32053008525481], [-48.69578716347262, -26.319704021641293], [-48.698127678633895, -26.31938277518067], [-48.69688858113439, -26.31662922849026], [-48.6953282385837, -26.315665486528474], [-48.69546591592879, -26.314977099818936], [-48.69817357002946, -26.313508541915038], [-48.699274989383774, -26.311626951817964], [-48.69955034331016, -26.30731306199599], [-48.69780643113085, -26.305752719747648], [-48.697989999986014, -26.303458097624873], [-48.69913731150079, -26.30111758378591], [-48.69808178464416, -26.29827225152689], [-48.697944107814706, -26.294218256986156], [-48.69712724359064, -26.294404717297507], [-48.697080118330135, -26.296407092971943], [-48.6955173667878, -26.29705693374527], [-48.69151366763166, -26.296155169166934], [-48.69152404303847, -26.29953583611784], [-48.6901683112246, -26.30007586407781], [-48.690401971831164, -26.303543679816087], [-48.68857682833757, -26.306424206850274], [-48.68694414888975, -26.30794264942541], [-48.6869688247062, -26.308664444639255], [-48.688501131220605, -26.309601590858026], [-48.68825771744903, -26.309984507085915], [-48.68728680112391, -26.3096940341937], [-48.68791767256041, -26.31117677118944], [-48.68717269691702, -26.311208298922], [-48.68656431024494, -26.31013016136872], [-48.686078774873515, -26.311307727738257], [-48.68561961925907, -26.31134062079341], [-48.68563052012279, -26.311726327187756], [-48.6854899366658, -26.31193292758109], [-48.68492828683653, -26.311679654910684], [-48.68476130318198, -26.312436903297115], [-48.68448694054284, -26.31259068100025], [-48.683556407036356, -26.312423566806743], [-48.684614113119686, -26.31248795723743], [-48.684578661421575, -26.31216883767982], [-48.684998881498935, -26.31156969949291], [-48.68550066600359, -26.3118159314752], [-48.68563539542909, -26.31117868057397], [-48.68613561445976, -26.31087471020661], [-48.68623147261393, -26.310181980840966], [-48.68667957795825, -26.309959391831853], [-48.68707250306945, -26.3109963625159], [-48.68775719214893, -26.311086676508832], [-48.687111472251814, -26.30957453243303], [-48.68835762714309, -26.30959030603613], [-48.68678593160674, -26.308690312147462], [-48.68678904665005, -26.308039887262463], [-48.69015195353299, -26.303694345981313], [-48.689955531094824, -26.299845464850627], [-48.69131107617175, -26.299359629139424], [-48.6911651540618, -26.296042386558586], [-48.69623218496424, -26.29623986407216], [-48.69672176597874, -26.295592179083382], [-48.69637760239468, -26.294074388558467], [-48.69550889335632, -26.2949774451117], [-48.69400404406225, -26.29518254094528], [-48.69075413411987, -26.293594035372788], [-48.68961304665631, -26.29213116099171], [-48.68655511177833, -26.292914087448366], [-48.68474143603429, -26.292533085525566], [-48.68065440143883, -26.289280216265904], [-48.67961866945099, -26.28574857955419], [-48.67766573672336, -26.283202056684836], [-48.6744411371363, -26.28153715629771], [-48.673153679147006, -26.278977008745375], [-48.67371628486174, -26.27854960408559], [-48.673694656567136, -26.277301278735568], [-48.67239674443652, -26.275801481049182], [-48.67092426797841, -26.27507396004514], [-48.66928702952596, -26.275940044328024], [-48.66358783205321, -26.274961678178535], [-48.66352202021086, -26.2738575337799], [-48.661415763954764, -26.272627954598313], [-48.66083975500244, -26.270613659812764], [-48.65861017150766, -26.27100660451137], [-48.65572406630304, -26.269591238479396], [-48.65426878793421, -26.265905862670664], [-48.65353365161817, -26.265493685348993], [-48.65429529122471, -26.264822256284155], [-48.648317867007655, -26.262649036900527], [-48.6465081823421, -26.25944213931434], [-48.64697830406975, -26.257593091031143], [-48.6477715498116, -26.25711247765725], [-48.645850957379935, -26.25622475599518], [-48.64560694501, -26.254856359995536], [-48.646332563745645, -26.254175397129075], [-48.64452396015635, -26.25300259218471], [-48.64398601771921, -26.251399740951985], [-48.642441149346126, -26.24987133591138], [-48.64210459257797, -26.246579259038047], [-48.64086980163668, -26.24597004931346], [-48.6406597830268, -26.243655115151828], [-48.63996097851304, -26.243586939986567], [-48.64038148915412, -26.24084167317893], [-48.63909726836959, -26.240016262738227], [-48.63812310589223, -26.240615182683808], [-48.635859505227586, -26.24046772176896], [-48.6355027691905, -26.241890513123494], [-48.63568484185679, -26.24049929785449], [-48.63584051701008, -26.240373193399982], [-48.63770028997364, -26.240214043117366], [-48.63862525399699, -26.2388426406064], [-48.6380143695101, -26.23835860982362], [-48.63979758821206, -26.236580816733348], [-48.639407717368286, -26.23626385500534], [-48.63682545337981, -26.23882472833577], [-48.63585679415065, -26.238048168648067], [-48.635239256823766, -26.238484262865434], [-48.63466544554726, -26.237221885619764], [-48.63876417686269, -26.23318630493065], [-48.63752984522111, -26.233982659981926], [-48.63476880157321, -26.23074248978375], [-48.62904092603598, -26.231109899001716], [-48.628183218008445, -26.23068505975868], [-48.62795360959662, -26.229660488531376], [-48.622305498018164, -26.231282315545105], [-48.62109310488543, -26.23010150754576], [-48.61772424586688, -26.229901887672906], [-48.61786980448683, -26.228978688704736], [-48.61671982913014, -26.228334093085863], [-48.615998928577014, -26.229755802714493], [-48.61410178661688, -26.22956362212153], [-48.61311709327769, -26.228977951430114], [-48.61328836840666, -26.228227997816337], [-48.612324838026325, -26.22711651026322], [-48.611116047129556, -26.226892217412324], [-48.61010597829487, -26.225558959188387], [-48.6090504522406, -26.22856163584584], [-48.607673678506615, -26.229295914827723], [-48.60836206463856, -26.229846623749378], [-48.60822438885306, -26.232141245780703], [-48.60749010876021, -26.232600170536504], [-48.60689350667133, -26.23338034183714], [-48.609004558277576, -26.2327378481536], [-48.61524593090214, -26.23627156546138], [-48.617265198732845, -26.234940685338067], [-48.61786180080092, -26.23585853438478], [-48.6177241234342, -26.237648338998557], [-48.61864197267553, -26.237648338215585], [-48.61969749768714, -26.239621713699165], [-48.618137154961126, -26.241962227792452], [-48.61804536958832, -26.24453220425925], [-48.6171734146883, -26.245771301513905], [-48.62079891604565, -26.25049822254686], [-48.62157908731449, -26.250590007261618], [-48.62185444270535, -26.24985572772181], [-48.62355246311617, -26.24921323426699], [-48.62350656957908, -26.248616631946263], [-48.625250483600944, -26.247974137322807], [-48.6266272553729, -26.250635899916812], [-48.6254340535133, -26.252838736325504], [-48.62745331951075, -26.256923163714053], [-48.62662725541216, -26.257749227536248], [-48.627223857756825, -26.25894243119582], [-48.62318532256249, -26.261695977759338], [-48.622313367294325, -26.26311864307322], [-48.62332300069, -26.265688619368223], [-48.625158697971486, -26.266973607337235], [-48.62713207321592, -26.274729431364225], [-48.629610264538805, -26.276060310494646], [-48.63240970435617, -26.274729430729714], [-48.632317919182796, -26.276106203797976], [-48.63296041228791, -26.277069944371437], [-48.63149185512733, -26.278859750088138], [-48.63052811421042, -26.278446717866434], [-48.62759099770507, -26.280328307848723], [-48.62956437262065, -26.281750973942454], [-48.63002329732296, -26.284275058265667], [-48.631904887043085, -26.286707356308437], [-48.629472588619535, -26.290011612551798], [-48.631170608601224, -26.2910671390681], [-48.631629532214525, -26.293453546249335], [-48.630206866459474, -26.29634477012246], [-48.63011508188984, -26.297951005199845], [-48.631629532424746, -26.297446187750264], [-48.63254738110375, -26.300107949979196], [-48.63039043660712, -26.303779344727165], [-48.63250148919997, -26.30570682719764], [-48.6358057441289, -26.304146484349527], [-48.63764144193673, -26.30648699921298], [-48.63759554863166, -26.30868983610774], [-48.63672359242257, -26.309974823639738], [-48.638100366191814, -26.31190230692728], [-48.64108337521758, -26.311443382812154], [-48.64172586864723, -26.310387856172785], [-48.643699243950955, -26.3105255330266], [-48.64498423274025, -26.307313062276833], [-48.646819930441396, -26.30690003056722], [-48.64893098211992, -26.304926655313494], [-48.65072078756922, -26.305523258069236], [-48.65108792752362, -26.30657878394567], [-48.65631966449122, -26.308460373750474], [-48.65705394430431, -26.31135159849878], [-48.656595020225, -26.313003724966666], [-48.65769643762131, -26.31525245444156], [-48.66219389704577, -26.315252454059806], [-48.66352477855703, -26.31667512040622], [-48.66315763735748, -26.317179938234556]], [[-48.66352477855703, -26.31667512040622], [-48.66357067028871, -26.31662922795881], [-48.663570669468996, -26.316675120345693], [-48.66352477855703, -26.31667512040622]], [[-48.643045478028704, -26.271459580334025], [-48.642569780897944, -26.27014161180728], [-48.64243524880408, -26.268489707331895], [-48.642903242493105, -26.267336629957985], [-48.643616048711756, -26.26770015127887], [-48.64341111347744, -26.26728259978829], [-48.64389390516793, -26.267251483492306], [-48.64400851008144, -26.266860197313147], [-48.64431205260779, -26.266845939095635], [-48.64458546313389, -26.266385605182297], [-48.645160697323064, -26.266167223217217], [-48.64506018343911, -26.2658050327208], [-48.64528227895028, -26.2653623452657], [-48.644986809843815, -26.264789483537545], [-48.64534218387136, -26.26441866543935], [-48.644832033290015, -26.263616279995276], [-48.64569257636666, -26.263957985293686], [-48.6460397970391, -26.2643351690922], [-48.64663344966751, -26.26389537594527], [-48.64701669449855, -26.263820762337826], [-48.647929296097956, -26.264143633072074], [-48.64747563836357, -26.26331725600732], [-48.64765477066795, -26.263044572475568], [-48.64785187509105, -26.263030879314517], [-48.649314097354456, -26.264093735118845], [-48.64951259960015, -26.26506119299411], [-48.65093548587292, -26.26379539109037], [-48.65370749809769, -26.265141900732736], [-48.653255637547225, -26.26539029100101], [-48.65105810795624, -26.26399262783795], [-48.649678493695504, -26.265233312124128], [-48.648043925894264, -26.26482617629333], [-48.64844838892511, -26.265601210211138], [-48.64846058786303, -26.266085150356535], [-48.648735799749865, -26.266149021445433], [-48.649083207043816, -26.265785364326963], [-48.649474475602815, -26.2657887135658], [-48.65022257199723, -26.266269308015552], [-48.65017913611433, -26.266738812755293], [-48.65038004088626, -26.2667993505026], [-48.650996264832415, -26.267285749438493], [-48.65130592490869, -26.269280734813936], [-48.65097824536099, -26.267357817779118], [-48.64998754223312, -26.266723914376396], [-48.65017282897679, -26.26629547253855], [-48.6493007837424, -26.265820168696496], [-48.64872192077149, -26.266216440886065], [-48.64837718791668, -26.266071681469647], [-48.64795679262573, -26.26476735923406], [-48.649265687113704, -26.26501351195813], [-48.64903280448959, -26.26399407417715], [-48.647750121228306, -26.263161734741065], [-48.647955427380964, -26.264221375563253], [-48.646764647002264, -26.263913331451494], [-48.6460799008794, -26.264451787293183], [-48.64525357639817, -26.263979374272264], [-48.64544453004258, -26.2645091274624], [-48.64520945312379, -26.266187735292064], [-48.64392029440289, -26.267295131328577], [-48.64347509661125, -26.267296061400543], [-48.64363326885906, -26.26772863667869], [-48.642960728220025, -26.26740027694429], [-48.642487319078185, -26.26849145800445], [-48.64321632800026, -26.271255860144496], [-48.64278865291719, -26.271859587977], [-48.642163873126556, -26.272300148053123], [-48.643045478028704, -26.271459580334025]]], [[[-48.66334267675925, -26.27152202122162], [-48.66358493740854, -26.271401288370853], [-48.663426117939295, -26.271340854452248], [-48.66334267675925, -26.27152202122162]]], [[[-48.663676637324684, -26.270930624397586], [-48.663935492526335, -26.270665083545648], [-48.663857145896834, -26.270549067007433], [-48.663676637324684, -26.270930624397586]]], [[[-48.65986568976668, -26.269714048497615], [-48.66211428489591, -26.27155963923168], [-48.66316185385614, -26.27150299966348], [-48.66138614244671, -26.269427787181858], [-48.66061346101725, -26.269624890720056], [-48.659921198307465, -26.268986303943016], [-48.65986568976668, -26.269714048497615]]], [[[-48.66276232929548, -26.267617925819664], [-48.66313832719677, -26.269311940912296], [-48.664166291735455, -26.269637435718323], [-48.66370168482407, -26.26814809500849], [-48.66276232929548, -26.267617925819664]]], [[[-48.66385513565916, -26.26663322805589], [-48.664697546797846, -26.26671146654328], [-48.664079131267954, -26.26629582732182], [-48.66385513565916, -26.26663322805589]]], [[[-48.68290974000602, -26.26504171488242], [-48.68299705961852, -26.265310766559505], [-48.683156852182556, -26.26518577223785], [-48.68290974000602, -26.26504171488242]]], [[[-48.67994378348379, -26.263740335539367], [-48.68186698742758, -26.26449396094144], [-48.683131670235326, -26.263764224798464], [-48.681144819498705, -26.262534826225547], [-48.67988829450527, -26.263122939269973], [-48.67994378348379, -26.263740335539367]]], [[[-48.675231373044596, -26.25881975138068], [-48.67492482695375, -26.259471218517806], [-48.67534311960755, -26.259812078243076], [-48.676117157848985, -26.25915897554167], [-48.675231373044596, -26.25881975138068]]], [[[-48.67550421153465, -26.25367268745263], [-48.67670146390206, -26.254617771660744], [-48.6769912326436, -26.254478380299805], [-48.67550421153465, -26.25367268745263]]], [[[-48.67890258518271, -26.246950437607264], [-48.68005591376121, -26.2485667577947], [-48.67938866133765, -26.249210396885907], [-48.67997160692924, -26.24995175111944], [-48.67846716773324, -26.25087397655372], [-48.676260476265576, -26.25090001198662], [-48.67680353177356, -26.25294336279057], [-48.67900222623307, -26.253147432150616], [-48.680375715917805, -26.25409844237154], [-48.680399071249184, -26.25486327399089], [-48.68160698736434, -26.253759081389504], [-48.684241578977314, -26.254857271558908], [-48.68590399198023, -26.252788557788374], [-48.68404406949121, -26.25240447583493], [-48.68420720753667, -26.249684720762637], [-48.6818800241673, -26.24950046230689], [-48.68101221785077, -26.24723542948208], [-48.67935104408227, -26.246670650911902], [-48.67890258518271, -26.246950437607264]]], [[[-48.675647000815935, -26.24785254301423], [-48.67541741464425, -26.24880745412424], [-48.67637371979938, -26.249237189511014], [-48.67636573487237, -26.24801184999939], [-48.675647000815935, -26.24785254301423]]], [[[-48.67260830536929, -26.246591508260323], [-48.672489566277825, -26.247475681933206], [-48.67200394632079, -26.247261027308944], [-48.672393806048476, -26.248250908206096], [-48.67347225500732, -26.247634976503765], [-48.67510698288333, -26.248119965254876], [-48.67484670023014, -26.24704254900568], [-48.67260830536929, -26.246591508260323]]], [[[-48.65327871694902, -26.21709805997915], [-48.653474012102585, -26.216344729700193], [-48.65282744518344, -26.215644055383724], [-48.65259481636307, -26.216196376109085], [-48.65327871694902, -26.21709805997915]]], [[[-48.750123811596566, -26.220163319151286], [-48.7487470394892, -26.22314632718043], [-48.746727771988695, -26.222733295841184], [-48.74310226812642, -26.225027917935304], [-48.741587818275015, -26.22466077834059], [-48.740073368453764, -26.225119702522836], [-48.73883427195353, -26.22296275761925], [-48.734382705878296, -26.221494200015258], [-48.732914146637356, -26.219245470619516], [-48.729426321272584, -26.218557083907935], [-48.726167957755266, -26.220025641662414], [-48.72300137958153, -26.215665859789667], [-48.72222120838242, -26.212545173037814], [-48.71923819961281, -26.211351971095706], [-48.715612696994, -26.21153554036193], [-48.71336396802925, -26.209837521052446], [-48.71212487161144, -26.210250551020387], [-48.70983025010714, -26.212499282260787], [-48.70983025043202, -26.21383016208194], [-48.708728831065116, -26.21456444172516], [-48.7092795410665, -26.21984207147987], [-48.708040444178664, -26.22296275803342], [-48.699550342676076, -26.223421682584988], [-48.69932088035009, -26.220576349855378], [-48.69615430354805, -26.21708852544692], [-48.69519056168535, -26.21208624899088], [-48.69376789508223, -26.21011287540606], [-48.692758261387425, -26.209837520972076], [-48.69239112349991, -26.2073134358153], [-48.69670501249581, -26.204697566678824], [-48.69808178480264, -26.204513996808565], [-48.701340148415454, -26.200842601222053], [-48.70248745977431, -26.19863976469166], [-48.70124836326311, -26.19836441051526], [-48.70111068644504, -26.197354777139022], [-48.70005516050196, -26.196528713434915], [-48.69445628177324, -26.1945553376899], [-48.69381378840559, -26.192123038892515], [-48.69115202692899, -26.191618221944793], [-48.69037185461158, -26.19083804941325], [-48.690050607912966, -26.18785504163755], [-48.68697581400034, -26.184688463223832], [-48.682983172778904, -26.18207259407949], [-48.6811474743401, -26.178079952000108], [-48.67775143435207, -26.17720799615778], [-48.67660412293493, -26.17624425450965], [-48.674768426261465, -26.174224986688888], [-48.674860211459205, -26.172894106060376], [-48.67375879175225, -26.171976257538198], [-48.671234708969045, -26.172205719741843], [-48.66958258049463, -26.17160911713929], [-48.66880240973839, -26.1722975039945], [-48.66875651640593, -26.174041416678552], [-48.66581939934202, -26.17656550181755], [-48.664993335961185, -26.17505104995033], [-48.66311174576465, -26.17486748077819], [-48.6629740686445, -26.173857847833123], [-48.660633554108024, -26.17179268790155], [-48.65792590006967, -26.171655010361846], [-48.65650323548016, -26.17009466836786], [-48.654529860469225, -26.16954395710327], [-48.65329076409516, -26.165734886183163], [-48.65237291553883, -26.16500060652428], [-48.651271497207816, -26.165918455820673], [-48.647829564086024, -26.166744518798662], [-48.64617743585299, -26.165643101458933], [-48.64613154323856, -26.164404004484883], [-48.6448465548788, -26.16495471365281], [-48.64383692096284, -26.16463346696689], [-48.644708878109796, -26.163945080676985], [-48.64516780191849, -26.16229295228271], [-48.64438763107608, -26.160778502080223], [-48.644800661715145, -26.15903458968969], [-48.64333210435335, -26.15729067684672], [-48.64484655468863, -26.155317301493614], [-48.64750831664707, -26.154720699324155], [-48.651409174268025, -26.155592656715424], [-48.65209756023373, -26.154353560611565], [-48.65347433393136, -26.154491238011293], [-48.65457575170598, -26.153848744351055], [-48.656870373392664, -26.15127876629826], [-48.656824482282225, -26.149901993832696], [-48.65631966484178, -26.149397177368588], [-48.65457575165977, -26.14981020871572], [-48.65264826986172, -26.148433435998893], [-48.65232702292792, -26.14751558722206], [-48.65039953981461, -26.146689522701067], [-48.651868098625805, -26.144303115800838], [-48.65333665643342, -26.14425722379522], [-48.6518680980307, -26.143752406013142], [-48.65168452841663, -26.142696881200788], [-48.6500324016279, -26.141503676932757], [-48.64879330450844, -26.142467418866854], [-48.64883919676407, -26.14471614754342], [-48.647370638755014, -26.144807932200116], [-48.64668225275337, -26.144716147271946], [-48.646590468598, -26.1433852678896], [-48.645580833963166, -26.142237956949973], [-48.6440204908229, -26.143064020193464], [-48.641817653780436, -26.141824925294124], [-48.640945698623256, -26.14210027845936], [-48.63975249425837, -26.141090645972707], [-48.63777911853867, -26.141411893137732], [-48.63695305501127, -26.14058582819731], [-48.63470432583658, -26.140172796893914], [-48.634061831836966, -26.139163163663202], [-48.63392415433932, -26.1353081980309], [-48.63117060773619, -26.132371082091687], [-48.6330521986052, -26.12828665467036], [-48.63282273513697, -26.126818097282495], [-48.63126239260534, -26.127185236417986], [-48.62827938418245, -26.126359171920615], [-48.626306008479744, -26.123009023532255], [-48.62226747360691, -26.123238485508864], [-48.6207071322123, -26.124385797234975], [-48.619881067637685, -26.126818096919227], [-48.62171676521845, -26.130305922390516], [-48.61919268141022, -26.131820372886615], [-48.61584253309022, -26.131958049830928], [-48.615062361294854, -26.13420677979414], [-48.617311091803636, -26.140402259116495], [-48.616347350311806, -26.14168724635814], [-48.61657681244803, -26.1443031156723], [-48.61331844937314, -26.14480793201995], [-48.61272184653712, -26.146322383125842], [-48.611299181697234, -26.146276490862626], [-48.61171221332307, -26.14765326408627], [-48.61079436397414, -26.147790942219423], [-48.61033544027682, -26.148800574850085], [-48.61116150456681, -26.151095197347928], [-48.61396094255836, -26.151875369005953], [-48.61446575942073, -26.153252142195136], [-48.61648502626537, -26.154720699238098], [-48.617770014980756, -26.154124097459462], [-48.61841251043361, -26.155868010380416], [-48.61758644623259, -26.158437987904694], [-48.616485026330395, -26.158988697100966], [-48.61607199485603, -26.161788135569864], [-48.61377737288808, -26.163119016843414], [-48.61331844900647, -26.162338844429545], [-48.61171221255511, -26.16298133904904], [-48.611712213013114, -26.16435811200871], [-48.61061079525811, -26.166056133327753], [-48.60891277343347, -26.16784593761143], [-48.60675582951069, -26.168763787055063], [-48.607536001159424, -26.170553592214702], [-48.606755830186806, -26.171700901905638], [-48.602441940872005, -26.174362663437677], [-48.602212477763416, -26.174821588417355], [-48.60372692878143, -26.17697853359394], [-48.60189123190998, -26.1785847693045], [-48.602212477046, -26.18074171367081], [-48.60418585223844, -26.181613669984166], [-48.60670993783769, -26.180925282582706], [-48.61244649277263, -26.182715088828054], [-48.61345612638771, -26.184621567707698], [-48.61667645216356, -26.184016899758213], [-48.62311237687994, -26.1842345894111], [-48.62399071512673, -26.183655950732415], [-48.624026314020746, -26.182884319978612], [-48.62294229332762, -26.182118351649304], [-48.62219117060878, -26.182781481192386], [-48.621685384037285, -26.1826621710285], [-48.62307494556109, -26.179452498051695], [-48.62199760053916, -26.17911677722176], [-48.621141094497844, -26.178303345860876], [-48.62063276475117, -26.17877948845603], [-48.62101539262812, -26.17951026506468], [-48.62121242750315, -26.178934640653903], [-48.62147606936591, -26.179025292171975], [-48.62165088274471, -26.179250188544813], [-48.62182292434896, -26.180064941248606], [-48.621315917773146, -26.181146532664393], [-48.621044939213, -26.181116563311345], [-48.620641407795006, -26.180838694003228], [-48.61973633037569, -26.179508987765654], [-48.61901942657495, -26.179285196549063], [-48.61878076968285, -26.17878143049705], [-48.619020173232705, -26.17804086167711], [-48.61874898397638, -26.177852423090393], [-48.61799233994463, -26.17828910401748], [-48.61755573717263, -26.17833778988678], [-48.617827969929145, -26.179143234653584], [-48.617689196817686, -26.179478337247403], [-48.61698052622857, -26.17991877928769], [-48.61715957191999, -26.18010409571826], [-48.61717406638999, -26.180213949657745], [-48.61705239014645, -26.180759116900937], [-48.61686402053829, -26.181133860510204], [-48.61675895346336, -26.18117233078405], [-48.61562747734497, -26.18102546479196], [-48.61451478503368, -26.180664119770615], [-48.61683198531256, -26.181109866995303], [-48.61695779918307, -26.17988506143336], [-48.617789799353616, -26.179111095021817], [-48.617512792408995, -26.178304643373863], [-48.618841398094126, -26.177813202031498], [-48.619082520691464, -26.178065726410562], [-48.61902615441404, -26.179220336258517], [-48.61980966247824, -26.179475913984028], [-48.62111121264397, -26.181089287049268], [-48.62177125294515, -26.180029075951328], [-48.621370573768665, -26.17900652330834], [-48.62118796811426, -26.179522889347673], [-48.62093221028621, -26.17952907794731], [-48.62055114308629, -26.178786000818075], [-48.62058289218719, -26.178506553477487], [-48.62113678359679, -26.178209686852405], [-48.62306934529779, -26.17916238444548], [-48.62317007637077, -26.17982478047502], [-48.62263409749698, -26.181413095422858], [-48.621810285830456, -26.182667835323684], [-48.62297554479536, -26.181974205641314], [-48.624087245941695, -26.1827632147173], [-48.62424552596322, -26.183652127677814], [-48.625892242570316, -26.18450614316502], [-48.62686710278711, -26.18416797272651], [-48.626509187874284, -26.181282266232312], [-48.62994432364919, -26.18129950657028], [-48.6299341005438, -26.178698236031565], [-48.63092580680884, -26.1786414989639], [-48.63195766303335, -26.179199247790887], [-48.6327755496609, -26.177588653566655], [-48.63402907270248, -26.17699837056157], [-48.63230660676183, -26.175224540358002], [-48.63291915308318, -26.174842287760093], [-48.63409272889841, -26.17469161519686], [-48.634849085321484, -26.173685685890934], [-48.63651905193497, -26.173691900897143], [-48.63613120562919, -26.172087975842906], [-48.63781450858209, -26.169613006279498], [-48.637355779572616, -26.169214339738122], [-48.63667485814345, -26.17022696104392], [-48.63625368713682, -26.17009337246821], [-48.63578013336747, -26.169668861075507], [-48.63543693281135, -26.1691213581565], [-48.63537047555114, -26.16790286754556], [-48.634101660743134, -26.16835838786905], [-48.633855595604025, -26.168318530956277], [-48.63174986838861, -26.16582892330955], [-48.631526282781984, -26.165887591162935], [-48.63156656548818, -26.166378127922616], [-48.63097127251089, -26.16721138478319], [-48.630688665790906, -26.16730284884033], [-48.63030659560151, -26.16711812606339], [-48.62994670394983, -26.165115880100117], [-48.630198637436585, -26.16462379485657], [-48.63063560995728, -26.16459557638715], [-48.63011879998476, -26.16413646560945], [-48.63016622856862, -26.16343052088349], [-48.62982953396602, -26.163534251341957], [-48.62969179894787, -26.163418402614845], [-48.630282164822994, -26.16337194689629], [-48.63069903621265, -26.164672141067374], [-48.63003041588818, -26.165058638434047], [-48.630405308933284, -26.167138613686674], [-48.631106038082066, -26.166984042355278], [-48.63145968411096, -26.165841650238576], [-48.63170686483073, -26.16577107346941], [-48.63396287703445, -26.16832093039138], [-48.63543031937295, -26.16778837348586], [-48.63628995224058, -26.169989277327954], [-48.63728986532056, -26.169100324899865], [-48.63795430417091, -26.1695506123349], [-48.6362769594175, -26.17209976901019], [-48.636662825390125, -26.17373393623835], [-48.63486239452234, -26.173861300242482], [-48.634236348953905, -26.174748781621144], [-48.63252122973997, -26.17522480357722], [-48.63424059352897, -26.177139311137644], [-48.63294242935181, -26.177667196082893], [-48.63197525992447, -26.179447519918167], [-48.63015088616613, -26.17888029819767], [-48.630050097443075, -26.181468998493955], [-48.62675950478287, -26.18142689382248], [-48.627390951367914, -26.18301893014972], [-48.63455035303211, -26.18578124143041], [-48.63575897021652, -26.18692458818812], [-48.6366060772839, -26.18931162233253], [-48.63814165789449, -26.190332327931728], [-48.640592954241704, -26.18903980353183], [-48.639827158617464, -26.187485184509534], [-48.63930276282109, -26.188817102589983], [-48.63887140678584, -26.188987191099653], [-48.63875668781454, -26.18875795742176], [-48.63871675197002, -26.186413760996334], [-48.639254574229405, -26.186206988312954], [-48.64043148231877, -26.186392876251457], [-48.64082068167346, -26.186068941553284], [-48.639920815436035, -26.185955537473525], [-48.63891096090521, -26.18502408177311], [-48.63894707203202, -26.18453086721014], [-48.63952535303809, -26.183512801314258], [-48.63974750717346, -26.183472510009324], [-48.6401509885335, -26.183967236124065], [-48.64017062985556, -26.184803390727794], [-48.6422262718654, -26.184908418324312], [-48.6414019875838, -26.183898315118594], [-48.641573579663365, -26.183638768731416], [-48.641722178290806, -26.183564500532704], [-48.64317637973656, -26.183958764484693], [-48.642360487084176, -26.183269382328522], [-48.64257965097698, -26.18239273847165], [-48.64319586845228, -26.182986654261356], [-48.64355922022636, -26.18171562204007], [-48.645223482692444, -26.181517316295853], [-48.64529287620225, -26.181650012532906], [-48.64499442440955, -26.182148648013026], [-48.6458559657693, -26.181683367412504], [-48.6449839541624, -26.182201745417494], [-48.64486951144826, -26.18213359969055], [-48.645115274591305, -26.181572394760597], [-48.64352648449404, -26.18186064176338], [-48.643242560121735, -26.18401130726813], [-48.641510647922246, -26.183847393137118], [-48.64236134160813, -26.184973065112224], [-48.64013464174881, -26.184860476729604], [-48.63965017861138, -26.183616562451412], [-48.63904193642036, -26.185062497540574], [-48.64092821044883, -26.186082632669535], [-48.64043132361475, -26.186465867210647], [-48.638831440917436, -26.186486168209356], [-48.63887007360853, -26.188776155928405], [-48.63958299757488, -26.187435314613765], [-48.640061606645666, -26.187409231650733], [-48.64076417890851, -26.188840689000934], [-48.64026818969631, -26.189540723765763], [-48.640672413613295, -26.190145940407728], [-48.64383547702377, -26.19104653590539], [-48.64735714287738, -26.195142816773814], [-48.649008356206274, -26.196220894384332], [-48.64991426754927, -26.19564982846195], [-48.65114043186852, -26.19574094072813], [-48.6513204504426, -26.195112098368142], [-48.65152386343433, -26.194964315944738], [-48.651829546338526, -26.194963853533256], [-48.65198880335247, -26.19543340010246], [-48.6529572831801, -26.194665825141758], [-48.65310600256136, -26.194667752553087], [-48.65339355356809, -26.19488235896159], [-48.653571010423576, -26.194619209736054], [-48.653922522204354, -26.194614911388385], [-48.654060691002954, -26.19497210495461], [-48.65419760083531, -26.19458602852006], [-48.6553113783576, -26.194461751238673], [-48.6557696359464, -26.19445788388608], [-48.65597851772952, -26.194537097547073], [-48.65410962191152, -26.195007389454027], [-48.65392988467748, -26.19496164616844], [-48.65379687719387, -26.19462525983881], [-48.65342895161567, -26.194938880584655], [-48.65300152739379, -26.194707221012365], [-48.652054440255505, -26.195503572403645], [-48.65154115134435, -26.194997636861107], [-48.651540631283304, -26.196289254773], [-48.65000199530258, -26.195701276733427], [-48.64973238930957, -26.19615117659228], [-48.652113562269214, -26.19751386419747], [-48.6521526038765, -26.199015586475312], [-48.653241519181826, -26.19843110894618], [-48.654652978913575, -26.199379067211062], [-48.65628088381867, -26.20227291128017], [-48.657429379690356, -26.208981505621587], [-48.65646980550139, -26.213446770282275], [-48.65686211286029, -26.214554188179772], [-48.661740501678565, -26.217025858413507], [-48.66283616478612, -26.218743005653632], [-48.6652920577339, -26.216612590761645], [-48.665878931489736, -26.216504105340498], [-48.66362566734063, -26.218637689076566], [-48.66669766407684, -26.218984514143337], [-48.67037764121547, -26.2206450395393], [-48.67179219867592, -26.222878342245412], [-48.67412267171557, -26.224618048071704], [-48.67900981150413, -26.23031640557394], [-48.68336234944867, -26.2342122254707], [-48.68609235956176, -26.235475572671458], [-48.68775817415674, -26.237938069327864], [-48.69092595988898, -26.240554881448798], [-48.69312644452534, -26.24429970274954], [-48.70139773305738, -26.24929638854378], [-48.70591898262687, -26.248601601433364], [-48.71246896593228, -26.245652420210003], [-48.714583576458985, -26.24377134663994], [-48.71405231291997, -26.243611363196894], [-48.713746351785815, -26.24308682451173], [-48.713428525112676, -26.243514411931393], [-48.71274338600647, -26.243500089814564], [-48.71221934617893, -26.244107767998052], [-48.71144887616999, -26.24401830319506], [-48.71222982021275, -26.24404842848551], [-48.71266458648972, -26.2434308970699], [-48.71344939508416, -26.243412429737987], [-48.713412991142306, -26.24290211877892], [-48.713905206113445, -26.24301920629129], [-48.7143296926194, -26.243621319243267], [-48.7178566440763, -26.241729846670676], [-48.7210897799471, -26.24133720406773], [-48.72452989716454, -26.238765608588604], [-48.731202835598005, -26.2366540975212], [-48.730965624088704, -26.235768390355208], [-48.72965385613511, -26.235454261854468], [-48.729070553552, -26.235059781708667], [-48.72866997677899, -26.235145413298383], [-48.72797893195385, -26.23634786463597], [-48.7277836241609, -26.236381852803316], [-48.72862330148092, -26.23507647168913], [-48.72895504564125, -26.234993896340377], [-48.729435544672725, -26.235063681609894], [-48.73104951774089, -26.23568023590339], [-48.73167949880987, -26.23620607987481], [-48.733515070106876, -26.235303753845656], [-48.73722947313035, -26.231716168035412], [-48.748633208462934, -26.229797325395257], [-48.75055922651089, -26.22884954405449], [-48.75311835983124, -26.22605071509755], [-48.75420058196491, -26.22333986836795], [-48.75898877605057, -26.218212240262815], [-48.760021553843735, -26.212832403332293], [-48.7598471865986, -26.209883412065793], [-48.7589810523961, -26.210296444323987], [-48.75865980584086, -26.211810895424087], [-48.75696178629053, -26.21291231350008], [-48.75521787294663, -26.215987106842814], [-48.750123811596566, -26.220163319151286]], [[-48.74943542583832, -26.222366156396898], [-48.749481318309876, -26.222412049550783], [-48.749435425842144, -26.22241204918403], [-48.74943542583832, -26.222366156396898]]]]}}, {"id": "2", "type": "Feature", "properties": {"ID": 5, "Nomes": "Bacia Hidrográfica da vertente sul", "Area": 79.38856, "Perimetro": 214.1682, "name": "Bacia Hidrográfica da vertente sul", "rain_total_mm": 36.865, "temp_mean_degC": 19.1, "wind_mean_ms": 2.23, "wind_dir_deg": 57, "coverage_pct": 100.0, "run_time_utc": "2026-08-14 00:00:00", "window_local": "2026-08-13 22:00 .. 2026-08-16 21:00", "source": "CPTEC/INPE WRF AMS 7km", "valid_times_local": ["2026-08-13 22:00", "2026-08-13 23:00", "2026-08-14 00:00", "2026-08-14 01:00", "2026-08-14 02:00", "2026-08-14 03:00", "2026-08-14 04:00", "2026-08-14 05:00", "2026-08-14 06:00", "2026-08-14 07:00", "2026-08-14 08:00", "2026-08-14 09:00", "2026-08-14 10:00", "2026-08-14 11:00", "2026-08-14 12:00", "2026-08-14 13:00", "2026-08-14 14:00", "2026-08-14 15:00", "2026-08-14 16:00", "2026-08-14 17:00", "2026-08-14 18:00", "2026-08-14 19:00", "2026-08-14 20:00", "2026-08-14 21:00", "2026-08-14 22:00", "2026-08-14 23:00", "2026-08-15 00:00", "2026-08-15 01:00", "2026-08-15 02:00", "2026-08-15 03:00", "2026-08-15 04:00", "2026-08-15 05:00", "2026-08-15 06:00", "2026-08-15 07:00", "2026-08-15 08:00", "2026-08-15 09:00", "2026-08-15 10:00", "2026-08-15 11:00", "2026-08-15 12:00", "2026-08-15 13:00", "2026-08-15 14:00", "2026-08-15 15:00", "2026-08-15 16:00", "2026-08-15 17:00", "2026-08-15 18:00", "2026-08-15 19:00", "2026-08-15 20:00", "2026-08-15 21:00", "2026-08-15 22:00", "2026-08-15 23:00", "2026-08-16 00:00", "2026-08-16 01:00", "2026-08-16 02:00", "2026-08-16 03:00", "2026-08-16 04:00", "2026-08-16 05:00", "2026-08-16 06:00", "2026-08-16 07:00", "2026-08-16 08:00", "2026-08-16 09:00", "2026-08-16 10:00", "2026-08-16 11:00", "2026-08-16 12:00", "2026-08-16 13:00", "2026-08-16 14:00", "2026-08-16 15:00", "2026-08-16 16:00", "2026-08-16 17:00", "2026-08-16 18:00", "2026-08-16 19:00", "2026-08-16 20:00", "2026-08-16 21:00"], "lead_h": [1, 2, 3, 4, 5, 6, 7, 8, 9, 10, 11, 12, 13, 14, 15, 16, 17, 18, 19, 20, 21, 22, 23, 24, 25, 26, 27, 28, 29, 30, 31, 32, 33, 34, 35, 36, 37, 38, 39, 40, 41, 42, 43, 44, 45, 46, 47, 48, 49, 50, 51, 52, 53, 54, 55, 56, 57, 58, 59, 60, 61, 62, 63, 64, 65, 66, 67, 68, 69, 70, 71, 72], "precip_mm_h": [0.001, 0.008, 0.034, 0.106, 0.998, 0.149, 0.045, 0.139, 0.261, 1.271, 3.507, 3.493, 2.184, 0.492, 0.607, 0.444, 0.003, 0.028, 0.044, 0.338, 0.919, 1.037, 0.822, 0.962, 0.055, 0.076, 0.112, 0.061, 0.054, 0.814, 1.756, 1.683, 2.569, 1.066, 0.449, 1.668, 2.716, 3.006, 0.492, 0.019, 0.023, 0.026, 0.03, 0.017, 0.01, 0.006, 0.032, 0.086, 0.164, 0.296, 0.268, 0.113, 0.013, 0.022, 0.015, 0.001, 0.0, 0.003, 0.03, 0.093, 0.19, 0.315, 0.15, 0.105, 0.086, 0.053, 0.051, 0.011, 0.016, 0.019, 0.055, 0.078], "accum_mm": [0.001, 0.009, 0.043, 0.149, 1.147, 1.296, 1.341, 1.48, 1.741, 3.012, 6.519, 10.012, 12.196, 12.688, 13.295, 13.739, 13.742, 13.77, 13.814, 14.152, 15.071, 16.108, 16.93, 17.892, 17.947, 18.023, 18.135, 18.196, 18.25, 19.064, 20.82, 22.503, 25.072, 26.138, 26.587, 28.255, 30.971, 33.977, 34.469, 34.488, 34.511, 34.537, 34.567, 34.584, 34.594, 34.6, 34.632, 34.718, 34.882, 35.178, 35.446, 35.559, 35.572, 35.594, 35.609, 35.61, 35.61, 35.613, 35.643, 35.736, 35.926, 36.241, 36.391, 36.496, 36.582, 36.635, 36.686, 36.697, 36.713, 36.732, 36.787, 36.865], "t2m_degC": [17.61, 17.57, 17.52, 17.54, 17.55, 17.34, 17.28, 17.29, 17.35, 17.39, 17.8, 18.3, 18.79, 19.2, 19.45, 19.52, 19.86, 19.91, 19.38, 18.62, 18.05, 17.99, 18.07, 18.04, 17.99, 17.93, 17.93, 17.94, 17.93, 17.99, 17.98, 18.06, 18.12, 18.1, 18.4, 18.71, 18.88, 19.3, 20.64, 21.18, 21.29, 20.93, 20.49, 20.07, 19.43, 19.09, 19.14, 19.2, 19.23, 19.21, 19.26, 19.21, 19.11, 19.04, 18.99, 18.94, 18.91, 19.01, 19.52, 20.34, 20.69, 20.96, 21.25, 21.67, 21.88, 21.71, 21.23, 20.92, 20.0, 19.52, 19.38, 19.33], "wspd_ms": [0.55, 0.28, 0.24, 1.09, 1.87, 0.75, 0.25, 0.58, 1.27, 1.73, 1.0, 1.0, 1.19, 0.74, 1.53, 0.34, 0.73, 1.22, 2.11, 2.35, 1.97, 1.73, 1.45, 0.63, 1.1, 0.48, 0.21, 0.64, 0.64, 1.36, 0.75, 0.44, 0.86, 0.32, 1.68, 1.4, 0.74, 0.48, 1.25, 1.8, 2.32, 2.81, 2.89, 2.43, 2.45, 2.8, 3.78, 3.47, 3.93, 4.43, 4.59, 4.43, 3.99, 3.99, 3.74, 3.17, 2.83, 2.45, 4.27, 5.64, 5.54, 5.76, 4.79, 4.64, 4.27, 4.26, 4.47, 4.6, 3.44, 2.61, 2.67, 2.65]}, "geometry": {"type": "MultiPolygon", "coordinates": [[[[-48.80801719791157, -26.31034333469952], [-48.81018588182341, -26.314460728866187], [-48.81142311647541, -26.31406428078504], [-48.812191076663076, -26.312608713791306], [-48.812575185046, -26.312980124166874], [-48.81264720448074, -26.314021443740685], [-48.814167347284865, -26.314293727259518], [-48.815520539043426, -26.313921573894238], [-48.81547464660557, -26.31327907970433], [-48.81437322853544, -26.313324972433527], [-48.814143765850986, -26.312315338726673], [-48.81588767909516, -26.311732468343006], [-48.80801719791157, -26.31034333469952]]], [[[-48.815979462925576, -26.309011082308427], [-48.8172364895145, -26.3078637714574], [-48.81596250608678, -26.307126087671257], [-48.814742369785726, -26.309614851436912], [-48.81616303260154, -26.311327099869903], [-48.81662195724292, -26.30988303976764], [-48.815979462925576, -26.309011082308427]], [[-48.815979462925576, -26.309011082308427], [-48.81593357156567, -26.308965190890593], [-48.81597946338264, -26.30896519054053], [-48.815979462925576, -26.309011082308427]]], [[[-48.81511493015542, -26.304796360656866], [-48.80820235444827, -26.30783266686886], [-48.80580926523402, -26.307840192454936], [-48.80860403159636, -26.310054712406707], [-48.81530479812233, -26.310985092677086], [-48.81485519871011, -26.310320201387558], [-48.814696733377055, -26.30949839707533], [-48.81548269447369, -26.307337054946974], [-48.816013958888334, -26.307058324854317], [-48.81648650551662, -26.307041501993538], [-48.817659853551675, -26.307863771624742], [-48.81847801678842, -26.307099215976624], [-48.81892897053127, -26.306942028023265], [-48.81777747426766, -26.307863771449163], [-48.818638646782, -26.30800144972372], [-48.81976189486135, -26.306830475251953], [-48.81732987096196, -26.30521937506205], [-48.81511493015542, -26.304796360656866]]], [[[-48.795896032697755, -26.30423373430411], [-48.79605922975148, -26.303964333031878], [-48.79577163976595, -26.30401833536844], [-48.795896032697755, -26.30423373430411]]], [[[-48.79701073502246, -26.303955010131606], [-48.796377953997016, -26.304400972580186], [-48.79804790625722, -26.303579514756873], [-48.797249425507175, -26.30321435890435], [-48.79701073502246, -26.303955010131606]]], [[[-48.79851906070144, -26.3024789351112], [-48.79889930003861, -26.30302856595129], [-48.79812397353075, -26.303111555045078], [-48.79951342829006, -26.303366406800585], [-48.79851906070144, -26.3024789351112]]], [[[-48.796521068749364, -26.29964902478054], [-48.79983102066888, -26.303450951344278], [-48.80090344853313, -26.303163741340704], [-48.79979559158883, -26.300732674015705], [-48.796521068749364, -26.29964902478054]]], [[[-48.80086860585992, -26.29999780993263], [-48.80185379946026, -26.2996545542035], [-48.80082382960656, -26.29986799614412], [-48.80086860585992, -26.29999780993263]]], [[[-48.798586228991084, -26.29799689863234], [-48.79893991991514, -26.29785558080102], [-48.79848515434299, -26.297952764211768], [-48.798586228991084, -26.29799689863234]]], [[[-48.795144804028986, -26.29739089122142], [-48.79679642447609, -26.298479062479135], [-48.798162710672045, -26.298088683335326], [-48.79725956600773, -26.297252089121425], [-48.796511418148285, -26.297676412589695], [-48.79521520058187, -26.29597271671167], [-48.795144804028986, -26.29739089122142]]], [[[-48.79711436709266, -26.296380964809412], [-48.79818133624209, -26.297735206604138], [-48.79867347834831, -26.297226746649034], [-48.79711436709266, -26.296380964809412]]], [[[-48.79665661225277, -26.29663848539267], [-48.7967369137201, -26.297231798354865], [-48.797207001257995, -26.297019276410904], [-48.79665661225277, -26.29663848539267]]], [[[-48.796226716584265, -26.296336805123307], [-48.79684468932808, -26.29642556114957], [-48.79659087236023, -26.29611251624803], [-48.796226716584265, -26.296336805123307]]], [[[-48.79801443385349, -26.295312496288133], [-48.796133097413545, -26.295889784067434], [-48.799183737481044, -26.297156799024602], [-48.798947317183874, -26.29571408635457], [-48.799485217529906, -26.296746180418868], [-48.79957263141439, -26.295922645528933], [-48.79801443385349, -26.295312496288133]]], [[[-48.761285523966066, -26.291936914288907], [-48.76746315161847, -26.290338395700687], [-48.7702107383758, -26.291139534572935], [-48.771519063155466, -26.290816478200274], [-48.77987065870348, -26.29306539226585], [-48.78640129563755, -26.288368358257717], [-48.79020146186108, -26.28780290075125], [-48.79159545621731, -26.28685791131134], [-48.79141750489479, -26.284313441354083], [-48.79198252062056, -26.280239409090857], [-48.791204850909516, -26.279912636361477], [-48.79016695672338, -26.277367484126344], [-48.78908235317534, -26.277159209866184], [-48.78885751547312, -26.27670280538472], [-48.787709720548236, -26.277069944413036], [-48.78656240838469, -26.28037420016592], [-48.785093851097855, -26.28120026490017], [-48.78679187186881, -26.28344899365498], [-48.78605759242255, -26.286523787372204], [-48.78679187247737, -26.28767109840959], [-48.785736345234774, -26.2879464528859], [-48.78339583072586, -26.28771699095327], [-48.78371707738806, -26.286569679734626], [-48.782294412178054, -26.284963445028794], [-48.782845122084076, -26.282577037356642], [-48.78188138042622, -26.283127746990512], [-48.780321038491884, -26.28234757611689], [-48.779586758676054, -26.2838161336642], [-48.777842846731346, -26.284091487655918], [-48.77545643848621, -26.282485252703083], [-48.77508929872004, -26.281567403349577], [-48.77238164554283, -26.280420092479893], [-48.769765776318444, -26.28188865021399], [-48.769169175071546, -26.28110847958276], [-48.76614027443781, -26.281246156998193], [-48.765681348633244, -26.282393468113913], [-48.76636973528726, -26.28289828520501], [-48.766048488805886, -26.28455041223608], [-48.764809392811046, -26.284320951519522], [-48.76297369504794, -26.285009336671436], [-48.761505137767344, -26.28450452032328], [-48.75824677370428, -26.285468262308793], [-48.75875159119842, -26.283127747098426], [-48.75797141913072, -26.28285797827987], [-48.757218724332304, -26.284891291345453], [-48.75778078604253, -26.287984076005337], [-48.75600526878436, -26.29042763676671], [-48.761285523966066, -26.291936914288907]]], [[[-48.831582892473804, -26.259630817391443], [-48.82557098399106, -26.260135635391265], [-48.82511205851743, -26.26169597783818], [-48.82277154536406, -26.261282945408457], [-48.82153244802441, -26.263072750546954], [-48.82024746049941, -26.262889180502494], [-48.819008364051726, -26.26169597732528], [-48.81708088221803, -26.261787762410503], [-48.815291077165064, -26.26321042753001], [-48.81331770150604, -26.2636234595658], [-48.813638948584696, -26.264220061539632], [-48.81226217626874, -26.26660646797615], [-48.80969219985647, -26.267616101440932], [-48.8056995564446, -26.266973607237404], [-48.80400153691189, -26.2688551982357], [-48.80133977487314, -26.26830448901177], [-48.80033014155656, -26.266560575881133], [-48.79854033615559, -26.265046126179843], [-48.79739302533854, -26.265000232291484], [-48.79725534776645, -26.264357739065378], [-48.79498178130926, -26.264724879272656], [-48.79663763579821, -26.271553678072337], [-48.799035606489895, -26.27182032318806], [-48.80160837066052, -26.271065438047742], [-48.80547611154609, -26.27132230211156], [-48.80700724957637, -26.271961990725007], [-48.808343836745784, -26.27182120313084], [-48.80696410907701, -26.272045770151763], [-48.80165999077556, -26.27127789729836], [-48.79905854861734, -26.272084152946046], [-48.79646440489519, -26.27187307811456], [-48.79530566612301, -26.274566439353066], [-48.804116319480535, -26.277856580934007], [-48.80830459404133, -26.277287939654315], [-48.80365211521885, -26.27806978178414], [-48.7951432651728, -26.27488951457887], [-48.792632336966385, -26.27988184478471], [-48.79158409524517, -26.285120365837134], [-48.79188987388342, -26.28639724081893], [-48.794113544092205, -26.287364829306792], [-48.79561146275186, -26.286932497124926], [-48.79791202068666, -26.286792987761586], [-48.7985235891458, -26.28720873714711], [-48.79565521614227, -26.2871301779882], [-48.79253735031128, -26.288134216030166], [-48.79259296295489, -26.28970806767282], [-48.79479267421171, -26.29199048940589], [-48.79613721305597, -26.292117703931517], [-48.7995816224768, -26.294023676637217], [-48.799793404898786, -26.293682902885834], [-48.799201991870376, -26.29122562972879], [-48.79922051510522, -26.290689356266085], [-48.799634173731235, -26.290280776881097], [-48.80088259157187, -26.28978944638219], [-48.801189372770544, -26.289277273951033], [-48.801003567879015, -26.289795701889414], [-48.79930806675423, -26.290766330822287], [-48.80003322183374, -26.293517993561746], [-48.80164417464324, -26.291490110821652], [-48.800551120113674, -26.29302287807638], [-48.80067591597631, -26.293960035999454], [-48.80142223932839, -26.29374679435068], [-48.802880938912644, -26.292158326673825], [-48.803044565498006, -26.292063679729207], [-48.80334214665541, -26.292088314144188], [-48.801463679392384, -26.29383090215681], [-48.800621387184485, -26.29405824118773], [-48.8003361526084, -26.295856375141508], [-48.80080977212119, -26.299618199327938], [-48.803914209420135, -26.297857029402643], [-48.80191852008974, -26.299455387692824], [-48.80261099078205, -26.299957645970544], [-48.80111753044098, -26.30006148601854], [-48.802526324929225, -26.30118864011392], [-48.80345086132618, -26.302359738594387], [-48.80455859097099, -26.302263173424574], [-48.806642092358516, -26.299426254747], [-48.80808754659889, -26.299280155792445], [-48.80668611408255, -26.299490434670062], [-48.8051904317349, -26.301826327379818], [-48.804369221785755, -26.30251847150332], [-48.80362333913754, -26.30252474984523], [-48.803817264225394, -26.302897652529627], [-48.80045104442338, -26.300016164731208], [-48.80570190709528, -26.30738131036973], [-48.809188984770735, -26.307148860150967], [-48.809282157752406, -26.30562886694985], [-48.80957220573632, -26.305352760547628], [-48.81006381716196, -26.305104380743106], [-48.80854708268926, -26.304397522150815], [-48.807409989254744, -26.303771607171235], [-48.807419944246455, -26.30357097770446], [-48.80798132276762, -26.302699383763514], [-48.80743331028949, -26.303730260850177], [-48.81010860482778, -26.305096497857637], [-48.809351074856686, -26.305602995244662], [-48.80929092982513, -26.307190333819275], [-48.81377804031823, -26.30501939186354], [-48.816155259192946, -26.304513869294194], [-48.817839465528905, -26.304985750840167], [-48.82059519464276, -26.306998464127464], [-48.8221328177601, -26.30607232256617], [-48.820771945238114, -26.30725033717125], [-48.81987475280971, -26.30688405362212], [-48.818641225351406, -26.308005239225515], [-48.81905425692504, -26.308552159139527], [-48.82194548140853, -26.307313062712584], [-48.82515795134392, -26.30800144947285], [-48.827590250936176, -26.306945922445646], [-48.82795739064663, -26.305431472527903], [-48.83043558206343, -26.303733452159275], [-48.83598856707702, -26.301530616120882], [-48.83686052394176, -26.298042789650747], [-48.83438233258559, -26.297216725731175], [-48.831858248141806, -26.297216725229834], [-48.83116986075735, -26.29606941505239], [-48.82818685197674, -26.294096039154994], [-48.82791149770148, -26.292719266656185], [-48.827131326391694, -26.292214450207766], [-48.827865604132754, -26.291158923819715], [-48.827819713236266, -26.288910194713708], [-48.82717721921986, -26.288313592498323], [-48.8278197130264, -26.286661465007334], [-48.827544357336116, -26.28519290735255], [-48.82570866049623, -26.28349488585372], [-48.829288270871736, -26.27945635185042], [-48.82846220691943, -26.27537192466725], [-48.83236306453381, -26.26857984396406], [-48.83071093703293, -26.266147543154524], [-48.831812354736854, -26.265183803167357], [-48.83181235493225, -26.262063116531436], [-48.83254663407421, -26.260686343791736], [-48.831582892473804, -26.259630817391443]]], [[[-48.78871935407526, -26.272756056088696], [-48.790417374386614, -26.27569317148155], [-48.789067281944604, -26.276853270242324], [-48.79027329393304, -26.277233023256535], [-48.79126328417796, -26.27979837449225], [-48.79200747871128, -26.280089405555586], [-48.79387177022664, -26.275641579103887], [-48.79263836932068, -26.274071954218513], [-48.79046326729995, -26.27293731311605], [-48.789958450034526, -26.273582119641077], [-48.78871935407526, -26.272756056088696]]], [[[-48.79358395315234, -26.26477077151281], [-48.793721630761254, -26.26674414599283], [-48.79243664164315, -26.267065392033206], [-48.792344856802, -26.268488058927307], [-48.79252842723748, -26.268992876441626], [-48.79450180175288, -26.26867162874244], [-48.79505251139662, -26.270461434141602], [-48.794410016962246, -26.271379281896913], [-48.79362984518304, -26.270874465918045], [-48.790688759374746, -26.272480700139017], [-48.79418042623431, -26.275286988040506], [-48.79610488957432, -26.27089143438601], [-48.794707826563716, -26.264724879636844], [-48.79358395315234, -26.26477077151281]]], [[[-48.75336835401368, -26.36381870571752], [-48.75348862484716, -26.363840133315186], [-48.75361202317191, -26.363842265826353], [-48.75336835401368, -26.36381870571752]]], [[[-48.74933416757061, -26.361055317369782], [-48.7485638878015, -26.361595781732877], [-48.74649144360987, -26.36225265390201], [-48.74606797067515, -26.362710536739492], [-48.746463105357, -26.362919742007335], [-48.74805339188963, -26.362612647092647], [-48.748830466084996, -26.36279123318424], [-48.74924097696905, -26.363371511112252], [-48.74915582790633, -26.364972633857406], [-48.75105137662544, -26.363311288836837], [-48.753843877202044, -26.36378327809745], [-48.755616182473496, -26.362799618119492], [-48.752652937238054, -26.361034042509704], [-48.74933416757061, -26.361055317369782]]], [[[-48.731142516893826, -26.35406079493129], [-48.73081558770229, -26.35340858878048], [-48.73026223585911, -26.353666113028922], [-48.73041928174055, -26.35403508439036], [-48.731142516893826, -26.35406079493129]]], [[[-48.73377105741511, -26.354002133867347], [-48.73364585846644, -26.351784258781745], [-48.733021333145594, -26.35120627687614], [-48.731206019667724, -26.35331801024386], [-48.73415943214344, -26.354726464032087], [-48.73377105741511, -26.354002133867347]]], [[[-48.724403640308914, -26.346281119432863], [-48.72497118270995, -26.346137996798305], [-48.72498072943082, -26.345820537441938], [-48.724403640308914, -26.346281119432863]]], [[[-48.72504507255443, -26.34509667472303], [-48.72506669386978, -26.345690289952234], [-48.72575499213897, -26.34525974029859], [-48.72504507255443, -26.34509667472303]]], [[[-48.72144796667176, -26.34291396036301], [-48.720572024875615, -26.344492644971975], [-48.72135320896399, -26.34549630170212], [-48.7210357153051, -26.34640905014863], [-48.72275422158864, -26.346835540957734], [-48.724814911313, -26.344542769282864], [-48.72347779304588, -26.342988496455185], [-48.72351126515434, -26.34399898126452], [-48.72252193995933, -26.343890250333725], [-48.72276231792055, -26.34290364175731], [-48.72144796667176, -26.34291396036301]]], [[[-48.7899152054828, -26.302521697218907], [-48.780911311533345, -26.302152657837276], [-48.77877776986069, -26.305628752321837], [-48.77748506102404, -26.305479211363846], [-48.77707980254756, -26.30651061883546], [-48.776682266690784, -26.30665713600048], [-48.77570815466009, -26.3050249605229], [-48.77537565757578, -26.306266214414357], [-48.774290294889674, -26.306105523965478], [-48.77455422681625, -26.30712175022401], [-48.773906366884475, -26.308099008842255], [-48.76890055029247, -26.30933148196484], [-48.76836403435155, -26.309356824432008], [-48.76753631574282, -26.310043974311064], [-48.76567617745404, -26.31093931844649], [-48.76588918341701, -26.313050667950293], [-48.76538613431226, -26.31327719146168], [-48.76478606645841, -26.313247913341804], [-48.7652244284949, -26.31385843945233], [-48.7652314475739, -26.314799561384483], [-48.76566722929677, -26.31530991262681], [-48.766165835439494, -26.314752445634795], [-48.76643523786415, -26.31471444162678], [-48.766688884463434, -26.314837697101495], [-48.767149016116825, -26.315596593337713], [-48.76792418937679, -26.31613615985298], [-48.76875309412392, -26.31727983931774], [-48.76865446082558, -26.31745804407855], [-48.768811060498706, -26.318024731558165], [-48.76869322183507, -26.31868842111657], [-48.76815373643361, -26.318526656582634], [-48.76733603312902, -26.3194645710568], [-48.76787823839903, -26.318426369857953], [-48.76866905819425, -26.318577452786577], [-48.768630679085085, -26.317253287375376], [-48.76712187337076, -26.315723336640637], [-48.76648651253542, -26.314825796588554], [-48.76575991834601, -26.315518900737576], [-48.765418333204984, -26.31542866979848], [-48.76459374628831, -26.313206892671197], [-48.765709446494554, -26.312994646330917], [-48.76534162199847, -26.311917905344718], [-48.7647253748907, -26.31220501946803], [-48.763113000543655, -26.311227998941334], [-48.76128438046966, -26.315165176060443], [-48.75904557789322, -26.315108516867937], [-48.757629311886824, -26.315920047283274], [-48.753479224867355, -26.313200259506285], [-48.751639401280606, -26.312967335414513], [-48.75091159806773, -26.315809738100697], [-48.74754725073627, -26.315632965046163], [-48.74474592432626, -26.318610997358125], [-48.74021227788947, -26.32556492748457], [-48.73260491065815, -26.331528128845864], [-48.73065669675747, -26.335203785787527], [-48.727703384725885, -26.337322463232866], [-48.72950093341399, -26.336878913192063], [-48.73181881144915, -26.337398972065845], [-48.7323463395996, -26.33651893777682], [-48.734479653869016, -26.3358012354899], [-48.73322946051185, -26.3352612706541], [-48.73302731716039, -26.335086392480502], [-48.733259796029806, -26.33495120326197], [-48.73419810560788, -26.335148094298415], [-48.73437726202662, -26.33500004378759], [-48.73366829298517, -26.3343575221507], [-48.73373920270125, -26.33280316273478], [-48.73443354934861, -26.332693041549938], [-48.734662208613344, -26.333009175975292], [-48.73524082995528, -26.333179563374973], [-48.735734566140614, -26.33369059289655], [-48.73608779068905, -26.33328936511761], [-48.73727950087435, -26.3329112585678], [-48.735771473526455, -26.33376671479726], [-48.73375927498392, -26.3329559327508], [-48.733830560048446, -26.334445640032932], [-48.73449546712495, -26.334980415255732], [-48.7341923987264, -26.33525009269816], [-48.73318925336302, -26.33512767810366], [-48.73450683408256, -26.335636963910954], [-48.73457878109941, -26.335805570191848], [-48.73440986033805, -26.33612782156882], [-48.73245494672776, -26.33656816698361], [-48.73179347593957, -26.337535505423066], [-48.729234979120676, -26.337010164571534], [-48.7270124411246, -26.337944372293318], [-48.72604313942214, -26.339272025766988], [-48.7239144735504, -26.339262164175402], [-48.723786319945084, -26.341495955383017], [-48.724678617865855, -26.34363348613256], [-48.72760313785558, -26.34513930591763], [-48.73130022902322, -26.348300749083858], [-48.73369745028065, -26.35147776217004], [-48.734396870836335, -26.35471218089336], [-48.737883885891115, -26.355655958990646], [-48.734529898526326, -26.35504467153157], [-48.73644147242474, -26.357825369237645], [-48.73827698660339, -26.357397741622936], [-48.73904331496172, -26.355588646964964], [-48.74003140822024, -26.355183395395656], [-48.74513291975693, -26.35726776905359], [-48.74578842969016, -26.359655243172227], [-48.74838331822051, -26.35905004521272], [-48.74969160976198, -26.360179648211403], [-48.75199120576338, -26.360853020845532], [-48.752689107626466, -26.358494039399172], [-48.75367300297458, -26.359045301003285], [-48.75427293851408, -26.36075841748535], [-48.75671762101098, -26.361252078220204], [-48.755995048985724, -26.35994275910489], [-48.75610168782626, -26.358176869225034], [-48.756953536319955, -26.358018485971016], [-48.75892650218775, -26.359362125869794], [-48.75953060149455, -26.3589459342368], [-48.758730135132865, -26.355478169414674], [-48.75948102323807, -26.355377317267507], [-48.760250640498356, -26.355812230428192], [-48.761262881587456, -26.357257408583404], [-48.761878287798346, -26.35629631052945], [-48.76154420821837, -26.354851135360366], [-48.76211769733725, -26.354455244740908], [-48.761842890866845, -26.35379069916366], [-48.76285130503921, -26.35519679068702], [-48.76413484774541, -26.35421673080659], [-48.76339947657218, -26.352940009626685], [-48.764650610367056, -26.35287383348029], [-48.76501383015288, -26.351884560144786], [-48.7655147652728, -26.35167168190803], [-48.76555318840456, -26.352156221541417], [-48.766349710593886, -26.35210879288419], [-48.76681526808918, -26.35266705187279], [-48.76825250319502, -26.352766705878413], [-48.768272273805934, -26.352934300437656], [-48.76767028680896, -26.353360585090254], [-48.76802396550547, -26.353562296232802], [-48.76814503645928, -26.353889283262788], [-48.767612192342106, -26.353377973560054], [-48.76807415176079, -26.352791740079812], [-48.76699362625584, -26.35278693394075], [-48.76507412972542, -26.352034946417383], [-48.7648128988552, -26.352973772466324], [-48.763818509983814, -26.353341643997293], [-48.76436246403438, -26.354244378530417], [-48.76336645274382, -26.35507662261607], [-48.76384642606431, -26.35555730069789], [-48.76265145620274, -26.355368067752295], [-48.76179501134811, -26.354804238606707], [-48.76208640924662, -26.356301229655912], [-48.76137312217886, -26.357413436270388], [-48.75893996277429, -26.355623194496705], [-48.759686845748874, -26.35918453080131], [-48.758664786668334, -26.3595329227957], [-48.75640996262297, -26.358307903175742], [-48.75686484421853, -26.361427224627494], [-48.75395311328715, -26.360888559475708], [-48.75270511742545, -26.35897241197723], [-48.75273390042474, -26.36094543283081], [-48.75568771870655, -26.362378732194607], [-48.75575992214882, -26.362884176871408], [-48.75513751137898, -26.363734391291807], [-48.75365580568194, -26.364174204484776], [-48.751134403315596, -26.36355711573837], [-48.75039326916529, -26.36468585234946], [-48.748972950590264, -26.365183160668117], [-48.74909029140785, -26.363491491386014], [-48.74851018414311, -26.36276529494096], [-48.74696619738106, -26.363323275434304], [-48.745909992075035, -26.362792276511865], [-48.74636470877637, -26.362199014257826], [-48.74919824225257, -26.361011060900093], [-48.748861353770124, -26.35955390830401], [-48.7454838619142, -26.360327040914388], [-48.744724299555266, -26.35750331900517], [-48.74035291166768, -26.35559310770921], [-48.7394320282031, -26.355729923158947], [-48.738423242569525, -26.357852084200047], [-48.7360772944851, -26.358106353453206], [-48.733620507535335, -26.3550268542817], [-48.73006307791526, -26.354128808785568], [-48.730042293349214, -26.353739311808674], [-48.730964229519465, -26.352554434427088], [-48.732254153694015, -26.35137703691214], [-48.73231339090301, -26.35070635549874], [-48.73029491224026, -26.348129001152678], [-48.726892128280575, -26.34538781211421], [-48.72535900281699, -26.345688566619565], [-48.725937548144735, -26.346461879599214], [-48.72575144211586, -26.348388340967496], [-48.721706155352855, -26.349240990882567], [-48.716714115719576, -26.348975871229047], [-48.716943577870516, -26.35008481738935], [-48.72070675819822, -26.351002666545195], [-48.723368519712594, -26.352608901328487], [-48.723368520289235, -26.354169243781122], [-48.72460761541294, -26.354765845810668], [-48.72525011059523, -26.356417974479577], [-48.72621385093673, -26.35678511265404], [-48.72722348443817, -26.35843724102799], [-48.72892150503138, -26.35857491776454], [-48.72827901077518, -26.35894205788148], [-48.72846258050743, -26.361236679752974], [-48.729701676316004, -26.361420249711102], [-48.72933453639261, -26.363393624858485], [-48.73103255661102, -26.364082010789506], [-48.73126201907493, -26.36490807501393], [-48.73406145831981, -26.36522932229742], [-48.73621840310545, -26.364357365949754], [-48.740624076617216, -26.36490807505101], [-48.74227620536767, -26.368441792861137], [-48.74388244023736, -26.36885482406466], [-48.74415779437354, -26.368258222007317], [-48.74516742867435, -26.36839589948176], [-48.74626884736833, -26.370690522533458], [-48.74828811489486, -26.370231597581135], [-48.74860936198902, -26.368900717144836], [-48.749481317452535, -26.368854824099337], [-48.74961899471938, -26.367478052744307], [-48.752418434679285, -26.367294481426544], [-48.7536116379247, -26.367936975945266], [-48.75310682037614, -26.370369274864007], [-48.75512608757609, -26.371470692942655], [-48.75627339930746, -26.37059873742377], [-48.757466601292386, -26.37215908091107], [-48.76067907376806, -26.371241231920674], [-48.76178049230264, -26.370415166839077], [-48.762009954320156, -26.369221964045927], [-48.76361618905712, -26.36903839532662], [-48.76233120075091, -26.362429882865417], [-48.765130640044845, -26.35898794936807], [-48.767608832721024, -26.35972222878992], [-48.769077389087464, -26.361649711645168], [-48.770132915635074, -26.361466141682374], [-48.77105076569949, -26.36417379567949], [-48.77531876181583, -26.363714871921882], [-48.77596125641169, -26.36399022566442], [-48.77637428742667, -26.365734138428802], [-48.77674142724898, -26.36458682733433], [-48.77798052278762, -26.364173795781436], [-48.778990157817766, -26.365045751373735], [-48.78100942435856, -26.364311472529998], [-48.78160602620601, -26.3653669987223], [-48.78353350782972, -26.364816290451], [-48.785185636308555, -26.365734138713155], [-48.787159010619604, -26.36573413868786], [-48.78862756934827, -26.366743772105156], [-48.791840040433485, -26.365780031068905], [-48.793262705988695, -26.366560202965793], [-48.7962916066407, -26.366422526146472], [-48.79665874648746, -26.36394433416947], [-48.79578679018738, -26.362888807447316], [-48.79619982245932, -26.361420249895968], [-48.79739302524472, -26.361557926578772], [-48.79826498250759, -26.360777754369103], [-48.79817319675445, -26.35774885430635], [-48.799549969845785, -26.352746577788157], [-48.80074317306135, -26.351323912742984], [-48.80111031303311, -26.34875393539711], [-48.79886158282761, -26.34425647637279], [-48.80000889463472, -26.3425125638538], [-48.801431559526016, -26.34265024121112], [-48.80239530069819, -26.339850802938113], [-48.804689923321575, -26.33966723266043], [-48.80491938473787, -26.338887061762364], [-48.806938652989366, -26.337831534625803], [-48.80670919051597, -26.334481386947154], [-48.810380585108014, -26.33411424821797], [-48.81281288547892, -26.332416227815543], [-48.81391430378211, -26.33232444252186], [-48.81423555122824, -26.33071820645706], [-48.815061615310235, -26.330672314524154], [-48.81607124823388, -26.329525003689888], [-48.81648428058657, -26.327505736856097], [-48.81519929155117, -26.325027544195983], [-48.81653017293678, -26.324385051060514], [-48.817356237294945, -26.322778815239733], [-48.81675963450655, -26.320254731118922], [-48.81575000146399, -26.31901563458781], [-48.816667850436176, -26.316399765531383], [-48.81556643058094, -26.315803162879316], [-48.815612323498826, -26.314105143311544], [-48.81420289493443, -26.314345477920426], [-48.81318109623292, -26.317306127974547], [-48.811976839156706, -26.31795498236123], [-48.811990092624605, -26.318918421028638], [-48.810765273983286, -26.320707058964512], [-48.810806695391015, -26.32117761522274], [-48.81112034920301, -26.321358116695603], [-48.811234469922255, -26.322021710823737], [-48.81173598725477, -26.321974637296286], [-48.81269451153434, -26.322241897116506], [-48.81116486478762, -26.322091748314655], [-48.81106105564087, -26.321368001902187], [-48.81068492513753, -26.321185482731064], [-48.81066030510439, -26.320760317496003], [-48.811183926473305, -26.319296147899763], [-48.81031655135187, -26.31962563976686], [-48.81034148806355, -26.320093853971187], [-48.80956779684212, -26.320430752393452], [-48.81028959563079, -26.31960238818198], [-48.811844071587444, -26.318955638390978], [-48.81187671708043, -26.317920196965968], [-48.81261198630186, -26.317527747992916], [-48.81253168617082, -26.316701593482758], [-48.81201170694792, -26.316933333017985], [-48.811013682282095, -26.31699163582448], [-48.81057909290111, -26.316661199823464], [-48.812546445952, -26.316588923080683], [-48.812941590792974, -26.31736137009294], [-48.81410706344645, -26.3145237295667], [-48.81255794743191, -26.314103063463097], [-48.81239040607807, -26.3128739432169], [-48.811441999251116, -26.314323449428134], [-48.81016573960934, -26.314627960332125], [-48.80837615543749, -26.311886675383608], [-48.80740150291062, -26.311851299835695], [-48.80513567081625, -26.314318759121377], [-48.80684061289353, -26.311958274233373], [-48.80765662635245, -26.311709729857885], [-48.8082964447983, -26.31172271915276], [-48.80166897334337, -26.303837559378596], [-48.79831767534858, -26.30378768563548], [-48.79689977633178, -26.30466018267864], [-48.79271391294174, -26.30555469833881], [-48.78891951639046, -26.308464025291922], [-48.789781564803945, -26.310092878312926], [-48.78976834166605, -26.311490053642313], [-48.79134126963328, -26.312796758141413], [-48.79076049319113, -26.313948098793944], [-48.79164721488128, -26.314583223896225], [-48.792813416513106, -26.314084997756265], [-48.793311686254924, -26.314088336990896], [-48.79341715303999, -26.314335616807167], [-48.79291028090884, -26.315059953269326], [-48.793015329811524, -26.31561950298427], [-48.79403825838723, -26.315096750380434], [-48.79605796312197, -26.315865012109633], [-48.79604503661618, -26.31631241095138], [-48.79584051787817, -26.316783831463322], [-48.79560114172602, -26.316764897290295], [-48.79524225136352, -26.31639223209882], [-48.79499144055909, -26.31653280707819], [-48.7957850316127, -26.317235978290668], [-48.79553139610632, -26.317842843013192], [-48.79571555349511, -26.318336769653687], [-48.795634648161716, -26.3185791528175], [-48.79449459077522, -26.319000785305057], [-48.795049203665485, -26.318942913574357], [-48.79530155962672, -26.31905447741962], [-48.79509463631733, -26.31910580934703], [-48.79527853424964, -26.319479117367045], [-48.79515979770833, -26.319711705084956], [-48.794906310634985, -26.31982250153882], [-48.79502414326849, -26.3201906561697], [-48.79477671528684, -26.320446227698003], [-48.79501574021949, -26.320553328480237], [-48.79474700131629, -26.320531507926965], [-48.794813848265406, -26.31987250730782], [-48.79522586410167, -26.319411622249035], [-48.79443012505406, -26.318974764119165], [-48.795624506551015, -26.318514662137755], [-48.79546049787321, -26.317844709266442], [-48.795687699891324, -26.317251747005145], [-48.794911583092826, -26.316527740967096], [-48.7952951563696, -26.316344144553995], [-48.795797568408645, -26.316724924790204], [-48.795988305431855, -26.31590848130462], [-48.79401415066911, -26.31518906275879], [-48.79371701290836, -26.31564135398885], [-48.792914622694774, -26.315646976144368], [-48.792813798981626, -26.314998230514327], [-48.79321971930667, -26.314163884163772], [-48.791758041589, -26.31470836040084], [-48.7908152193755, -26.314164321742414], [-48.79059409450626, -26.313755071869], [-48.791133401134196, -26.31271431431157], [-48.78956430648888, -26.311503705679506], [-48.78867055456007, -26.308130098979724], [-48.78747593637269, -26.30856606395034], [-48.78701436038182, -26.309411895537387], [-48.78843655549244, -26.31073549585682], [-48.78844367955613, -26.31109867793545], [-48.786751937989656, -26.312614884647164], [-48.78768335401049, -26.31317659229662], [-48.787481755793145, -26.31449217878724], [-48.785485728347865, -26.315890923318488], [-48.78655806437191, -26.316918702756034], [-48.78665396268663, -26.31743923674323], [-48.78630276676314, -26.317875423177654], [-48.78521645803618, -26.31823718379161], [-48.783326531339206, -26.317760157087033], [-48.78320585461951, -26.318579944341238], [-48.782176028012216, -26.319148416964783], [-48.78316447705095, -26.31961042500903], [-48.783084474866165, -26.320930690795972], [-48.7823512353198, -26.321839729619267], [-48.78127208240818, -26.322204878961397], [-48.781908636857246, -26.323876863018373], [-48.78128412657304, -26.325180523739775], [-48.78245664627194, -26.326382760873468], [-48.783000954126194, -26.327552215039464], [-48.7823576655023, -26.32822181487413], [-48.78070549401867, -26.32842471643514], [-48.7795921128669, -26.328248313642565], [-48.779024537803856, -26.330550616394422], [-48.77876575276558, -26.330619626675983], [-48.77838723092587, -26.330515911144627], [-48.77819294916873, -26.330199363264146], [-48.77774784046665, -26.330406370882855], [-48.77810786059671, -26.331334890463648], [-48.77752417274671, -26.33151117935263], [-48.77796971286172, -26.331870200979136], [-48.777936119530686, -26.33263870936863], [-48.77835509197894, -26.33265612195385], [-48.77874470260214, -26.33291477744985], [-48.77851860172671, -26.333525939915162], [-48.77869395892313, -26.332935252520684], [-48.7778446036259, -26.332661542763212], [-48.77744110505847, -26.33149710736957], [-48.778043388098375, -26.331277522223612], [-48.7775823710224, -26.330413179873933], [-48.7782004157963, -26.330061382913172], [-48.77890202013091, -26.33051923154035], [-48.779486770887836, -26.328174594284526], [-48.782284855344784, -26.328110638678762], [-48.78284506299039, -26.32752068733626], [-48.78111822062987, -26.325170590276446], [-48.78173752562132, -26.32391091321306], [-48.781037485228914, -26.32212936913698], [-48.78294092825442, -26.32091087267353], [-48.7829985099207, -26.31962534710186], [-48.7819973284883, -26.319118774195317], [-48.78325359668026, -26.317604759067933], [-48.78529330265648, -26.318074588368585], [-48.78650230571052, -26.317388547768775], [-48.78531251514749, -26.316079932756775], [-48.785300847271536, -26.315606510426672], [-48.78723589522035, -26.314442256891546], [-48.78750500745058, -26.313242167054305], [-48.78653085233094, -26.312573645763152], [-48.78823663094168, -26.310951624812223], [-48.786713622601376, -26.30906359806573], [-48.790658184252194, -26.30568329911598], [-48.790703417022435, -26.303564390418373], [-48.7899152054828, -26.302521697218907]]], [[[-48.71081567244408, -26.330167497306302], [-48.70831687063598, -26.332410369769793], [-48.70501820970014, -26.333694449248693], [-48.7034844589523, -26.333646629752632], [-48.70244604589957, -26.332026306929347], [-48.698770172133656, -26.332278549843398], [-48.698999633791885, -26.33833635178818], [-48.69996337495608, -26.339254200799456], [-48.70014694450974, -26.342466672408978], [-48.69881606399345, -26.342971488064926], [-48.697118043898236, -26.341870069609257], [-48.69542002357735, -26.341594716369496], [-48.693859681562515, -26.341640608092785], [-48.6922075531533, -26.34255845678641], [-48.692561838438294, -26.342879703369544], [-48.69368902634044, -26.34194861684518], [-48.693859897592816, -26.3423914834541], [-48.696712371716885, -26.341960549558085], [-48.6986040662164, -26.343323463409615], [-48.701140868268375, -26.34280512303171], [-48.70405826564713, -26.340642351790663], [-48.70463780173141, -26.337866019609983], [-48.70907694000622, -26.332519541403688], [-48.71691917525868, -26.328879123047095], [-48.71581007681644, -26.328151896767025], [-48.71386499517071, -26.328219500820953], [-48.71296855149031, -26.329666998765955], [-48.71081567244408, -26.330167497306302]]], [[[-48.719137786785915, -26.330944897734682], [-48.709619741192625, -26.33386608805283], [-48.70906524551115, -26.335909426308692], [-48.71146856031883, -26.33931037198082], [-48.713565682297514, -26.339747830379963], [-48.71590628799593, -26.33917457820323], [-48.723461020966056, -26.33454021206459], [-48.72153152987866, -26.331859085833894], [-48.719137786785915, -26.330944897734682]]], [[[-48.725735576641654, -26.331945457470603], [-48.72350256704493, -26.33317886980672], [-48.7234496516762, -26.334122904358452], [-48.725735576641654, -26.331945457470603]]], [[[-48.71718304879063, -26.32880764207704], [-48.71740514982541, -26.328259825258318], [-48.71703340977968, -26.32840791000224], [-48.71718304879063, -26.32880764207704]]], [[[-48.74527226365277, -26.31541761938112], [-48.746102840606184, -26.316038012984745], [-48.74714166328365, -26.315489255147124], [-48.74586400270639, -26.315303019547077], [-48.74527226365277, -26.31541761938112]]], [[[-48.697944107814706, -26.294218256986156], [-48.69808178464416, -26.29827225152689], [-48.69913731150079, -26.30111758378591], [-48.697989999986014, -26.303458097624873], [-48.69780643113085, -26.305752719747648], [-48.69955034331016, -26.30731306199599], [-48.699274989383774, -26.311626951817964], [-48.69817357002946, -26.313508541915038], [-48.69546591592879, -26.314977099818936], [-48.6953282385837, -26.315665486528474], [-48.69688858113439, -26.31662922849026], [-48.69812767791895, -26.319336882098856], [-48.70120247161759, -26.31979580698061], [-48.70184496437461, -26.321356150481574], [-48.70230389009196, -26.323421308819103], [-48.70101890195529, -26.324706298002223], [-48.7013401483126, -26.325532361463306], [-48.70078943903992, -26.326220748053945], [-48.69936677451105, -26.32658788747943], [-48.69945855771414, -26.32730169859309], [-48.70661499132407, -26.325191990183885], [-48.70751216737794, -26.326146418860873], [-48.7118480259993, -26.325619576600065], [-48.71590063360494, -26.321373638760384], [-48.71392412235681, -26.31966833000503], [-48.71290315250477, -26.31724453018328], [-48.71282980601896, -26.3132079121049], [-48.714223887744915, -26.309584485470584], [-48.71368574159711, -26.307191318355304], [-48.70660445939708, -26.29731060796942], [-48.70290630401389, -26.297801703674768], [-48.69926334675448, -26.295496299130598], [-48.698879112655334, -26.294343704372544], [-48.697944107814706, -26.294218256986156]]], [[[-48.77235257234884, -26.294920485769815], [-48.76970415484405, -26.297162589120088], [-48.76475205851157, -26.299393709494726], [-48.76311645429401, -26.301345074300485], [-48.760631413775364, -26.302546772894136], [-48.75589565497236, -26.303116750706483], [-48.75482265470318, -26.302577382494736], [-48.753005222920436, -26.305262873202395], [-48.75114648388186, -26.310591799953738], [-48.7491141650094, -26.31314033756007], [-48.749610758217855, -26.314528123138466], [-48.74845629903758, -26.31513745815081], [-48.75013117786777, -26.315236998463615], [-48.75130782784244, -26.31290898211029], [-48.75220433195871, -26.312599860579112], [-48.75346329707303, -26.3129146601978], [-48.75730614883336, -26.31561963762959], [-48.75918936301198, -26.314855246490644], [-48.76090336512215, -26.315077677008336], [-48.76303667945836, -26.31099913757756], [-48.764899843301436, -26.311999643318494], [-48.76558880163128, -26.310865148784004], [-48.76823808786682, -26.30930816066669], [-48.773751447709415, -26.308079324312796], [-48.774458993469345, -26.307056456662306], [-48.77411781924207, -26.30617663821557], [-48.77457510713456, -26.305885109181425], [-48.77529135104036, -26.306118005702498], [-48.775677949415154, -26.304856232010764], [-48.77669791603171, -26.306509221723648], [-48.777455916952995, -26.305304270276594], [-48.7787419999044, -26.305446400041916], [-48.78046060518685, -26.302305414235953], [-48.78025041097262, -26.300274820050333], [-48.77913971820741, -26.299598478520696], [-48.77712251047151, -26.300488516775868], [-48.77624717616691, -26.299710799039804], [-48.77778078164781, -26.299868298991264], [-48.77599040205879, -26.29670222915946], [-48.7733254252574, -26.294878275607346], [-48.77235257234884, -26.294920485769815]]], [[[-48.73956855024871, -26.293958363240613], [-48.7403946144733, -26.29583995279852], [-48.74177138775124, -26.296711908512826], [-48.74158781804461, -26.29740029648743], [-48.73709035934664, -26.298501714121723], [-48.73433121139892, -26.300062056700302], [-48.7267075979176, -26.31048072607465], [-48.729043927334885, -26.3134111837984], [-48.731690710151916, -26.31519004375309], [-48.733897088281076, -26.31543520211471], [-48.73403915784834, -26.314666782684093], [-48.7398824841473, -26.31356088952149], [-48.740993168207396, -26.31185772169736], [-48.744982845768156, -26.308872344727693], [-48.748164811493766, -26.30475010763985], [-48.75215623527181, -26.30115603943113], [-48.75374610189782, -26.298570334241173], [-48.75587282592022, -26.298443910241165], [-48.749591668001166, -26.29706808454722], [-48.745573195533865, -26.295377276656602], [-48.74107991702818, -26.29186176329419], [-48.73956855024871, -26.293958363240613]]], [[[-48.762882328673975, -26.291668895975356], [-48.76287920683082, -26.291668894213622], [-48.76287994217444, -26.29166897608045], [-48.762882328673975, -26.291668895975356]]]]}}, {"id": "3", "type": "Feature", "properties": {"ID": 6, "Nomes": "Bacia Hidrográfica do Piraí", "Area": 578.65026, "Perimetro": 188.75594, "name": "Bacia Hidrográfica do Piraí", "rain_total_mm": 37.738, "temp_mean_degC": 18.5, "wind_mean_ms": 2.33, "wind_dir_deg": 62, "coverage_pct": 100.0, "run_time_utc": "2026-08-14 00:00:00", "window_local": "2026-08-13 22:00 .. 2026-08-16 21:00", "source": "CPTEC/INPE WRF AMS 7km", "valid_times_local": ["2026-08-13 22:00", "2026-08-13 23:00", "2026-08-14 00:00", "2026-08-14 01:00", "2026-08-14 02:00", "2026-08-14 03:00", "2026-08-14 04:00", "2026-08-14 05:00", "2026-08-14 06:00", "2026-08-14 07:00", "2026-08-14 08:00", "2026-08-14 09:00", "2026-08-14 10:00", "2026-08-14 11:00", "2026-08-14 12:00", "2026-08-14 13:00", "2026-08-14 14:00", "2026-08-14 15:00", "2026-08-14 16:00", "2026-08-14 17:00", "2026-08-14 18:00", "2026-08-14 19:00", "2026-08-14 20:00", "2026-08-14 21:00", "2026-08-14 22:00", "2026-08-14 23:00", "2026-08-15 00:00", "2026-08-15 01:00", "2026-08-15 02:00", "2026-08-15 03:00", "2026-08-15 04:00", "2026-08-15 05:00", "2026-08-15 06:00", "2026-08-15 07:00", "2026-08-15 08:00", "2026-08-15 09:00", "2026-08-15 10:00", "2026-08-15 11:00", "2026-08-15 12:00", "2026-08-15 13:00", "2026-08-15 14:00", "2026-08-15 15:00", "2026-08-15 16:00", "2026-08-15 17:00", "2026-08-15 18:00", "2026-08-15 19:00", "2026-08-15 20:00", "2026-08-15 21:00", "2026-08-15 22:00", "2026-08-15 23:00", "2026-08-16 00:00", "2026-08-16 01:00", "2026-08-16 02:00", "2026-08-16 03:00", "2026-08-16 04:00", "2026-08-16 05:00", "2026-08-16 06:00", "2026-08-16 07:00", "2026-08-16 08:00", "2026-08-16 09:00", "2026-08-16 10:00", "2026-08-16 11:00", "2026-08-16 12:00", "2026-08-16 13:00", "2026-08-16 14:00", "2026-08-16 15:00", "2026-08-16 16:00", "2026-08-16 17:00", "2026-08-16 18:00", "2026-08-16 19:00", "2026-08-16 20:00", "2026-08-16 21:00"], "lead_h": [1, 2, 3, 4, 5, 6, 7, 8, 9, 10, 11, 12, 13, 14, 15, 16, 17, 18, 19, 20, 21, 22, 23, 24, 25, 26, 27, 28, 29, 30, 31, 32, 33, 34, 35, 36, 37, 38, 39, 40, 41, 42, 43, 44, 45, 46, 47, 48, 49, 50, 51, 52, 53, 54, 55, 56, 57, 58, 59, 60, 61, 62, 63, 64, 65, 66, 67, 68, 69, 70, 71, 72], "precip_mm_h": [0.001, 0.011, 0.036, 0.236, 1.186, 0.161, 0.111, 0.189, 0.493, 2.44, 2.306, 2.195, 1.325, 0.537, 0.953, 0.69, 0.033, 0.042, 0.078, 0.583, 0.946, 1.433, 1.406, 2.382, 0.629, 0.056, 0.1, 0.085, 0.101, 1.224, 1.401, 0.98, 1.662, 0.361, 0.79, 1.797, 2.999, 1.922, 0.658, 0.357, 0.249, 0.129, 0.065, 0.058, 0.027, 0.012, 0.029, 0.116, 0.131, 0.191, 0.21, 0.118, 0.046, 0.017, 0.018, 0.011, 0.004, 0.01, 0.072, 0.098, 0.179, 0.15, 0.172, 0.162, 0.101, 0.064, 0.082, 0.043, 0.019, 0.066, 0.095, 0.1], "accum_mm": [0.001, 0.012, 0.048, 0.284, 1.47, 1.631, 1.742, 1.931, 2.424, 4.864, 7.17, 9.365, 10.69, 11.227, 12.18, 12.87, 12.903, 12.945, 13.023, 13.606, 14.552, 15.985, 17.391, 19.773, 20.402, 20.458, 20.558, 20.643, 20.744, 21.968, 23.369, 24.349, 26.011, 26.372, 27.162, 28.959, 31.958, 33.88, 34.538, 34.895, 35.144, 35.273, 35.338, 35.396, 35.423, 35.435, 35.464, 35.58, 35.711, 35.902, 36.112, 36.23, 36.276, 36.293, 36.311, 36.322, 36.326, 36.336, 36.408, 36.506, 36.685, 36.835, 37.007, 37.169, 37.27, 37.334, 37.416, 37.459, 37.478, 37.544, 37.639, 37.739], "t2m_degC": [17.05, 16.95, 16.88, 16.83, 16.81, 16.63, 16.59, 16.57, 16.61, 16.61, 17.06, 17.7, 18.17, 18.69, 18.73, 18.82, 19.18, 19.06, 18.63, 17.91, 17.47, 17.35, 17.35, 17.27, 17.17, 17.2, 17.21, 17.21, 17.2, 17.21, 17.18, 17.27, 17.3, 17.35, 17.78, 18.22, 18.34, 18.92, 20.12, 20.7, 20.84, 20.64, 20.2, 19.52, 18.86, 18.49, 18.42, 18.5, 18.56, 18.57, 18.62, 18.59, 18.47, 18.34, 18.24, 18.21, 18.16, 18.22, 18.83, 19.89, 20.85, 21.37, 21.69, 21.99, 22.04, 22.15, 21.29, 20.49, 19.57, 19.02, 18.85, 18.81], "wspd_ms": [1.02, 0.71, 0.77, 1.24, 1.19, 0.57, 0.37, 0.55, 1.15, 1.77, 0.83, 0.42, 0.94, 1.04, 1.64, 0.76, 1.06, 1.46, 2.02, 2.28, 2.13, 2.0, 1.85, 1.29, 1.14, 0.74, 0.34, 0.64, 0.4, 0.83, 0.05, 0.45, 0.07, 0.49, 1.39, 1.26, 1.09, 1.25, 1.55, 2.03, 2.31, 2.81, 3.0, 2.94, 2.71, 3.04, 3.47, 3.66, 3.77, 4.1, 4.25, 4.6, 4.33, 3.92, 3.52, 3.57, 3.36, 3.17, 5.2, 5.91, 5.95, 5.58, 4.93, 4.71, 4.45, 4.1, 4.55, 4.21, 3.42, 3.05, 3.0, 3.14]}, "geometry": {"type": "Polygon", "coordinates": [[[-49.030522328056854, -26.21572522827505], [-49.02875018780116, -26.21741715700946], [-49.02882515947028, -26.218729952346266], [-49.02780843307198, -26.2208586607107], [-49.028651565231975, -26.22243417449524], [-49.02841692902158, -26.22341132024415], [-49.0247874495307, -26.226982791980177], [-49.02247070791093, -26.227002030037937], [-49.0212424925412, -26.225977996275216], [-49.01829366448308, -26.227709975376495], [-49.0183903723725, -26.22856436274822], [-49.017756006878315, -26.227450667820555], [-49.01648667586694, -26.227316245969455], [-49.01227402959854, -26.227702479832907], [-49.011791328068014, -26.228555410017172], [-49.01012411854514, -26.227770907325567], [-49.007898363139894, -26.227959915502577], [-49.00666845387987, -26.229657840631813], [-49.00266879626962, -26.226658189525793], [-49.000384778369224, -26.227263039432938], [-48.998313146075375, -26.226653298909618], [-48.995267192433275, -26.223361407530096], [-48.99570452670498, -26.221201221836953], [-48.99400416220523, -26.220542094435974], [-48.98888965339214, -26.22035024999235], [-48.983604519544684, -26.218004836166898], [-48.97777228115633, -26.21652720258787], [-48.97475401294311, -26.216583504602937], [-48.97388646359519, -26.217502218362966], [-48.97121414672097, -26.21603441296741], [-48.96896216803745, -26.216764020751697], [-48.966669011273645, -26.21628029246392], [-48.966678985354065, -26.218023522140694], [-48.96535846411682, -26.21890967984724], [-48.96313764207521, -26.217945247334022], [-48.96092503217056, -26.21858134217825], [-48.957811249080855, -26.217406447770443], [-48.95798466782884, -26.216851911279825], [-48.955575315769664, -26.215491097756434], [-48.953948367677455, -26.222688789107185], [-48.954499194288545, -26.224151463869262], [-48.95263870046355, -26.226392453336782], [-48.95197331376963, -26.22847363489308], [-48.94560332070584, -26.23060288393116], [-48.94598291805869, -26.23178169288765], [-48.94545745020514, -26.23363122099537], [-48.939842207457765, -26.236337160405327], [-48.93847856351448, -26.237360576296346], [-48.93764463586829, -26.23924406065629], [-48.932905464695615, -26.238400665893653], [-48.92953195772367, -26.238989426849848], [-48.92829870130744, -26.237922808820098], [-48.92719317080483, -26.238815458859204], [-48.927127071030185, -26.239724481043226], [-48.9263775643164, -26.23885496502892], [-48.92382252135381, -26.239350126358712], [-48.92088754230797, -26.237946602273365], [-48.91944453546832, -26.238891409931714], [-48.91694988378212, -26.237952587290266], [-48.91732688348426, -26.2392178128306], [-48.91619313713501, -26.241100675847992], [-48.91506301098257, -26.241762859193635], [-48.913364897593276, -26.240835606650474], [-48.91053298129087, -26.24281954812086], [-48.909043975502584, -26.24201459043173], [-48.90910173560843, -26.240275548241026], [-48.90651831063585, -26.240959655361497], [-48.90503878022596, -26.243653318046], [-48.90781696796804, -26.244950290198144], [-48.905773619056305, -26.247267230525033], [-48.90345308996419, -26.246749444216487], [-48.9029701599055, -26.247316578459113], [-48.90087851530267, -26.246744469443858], [-48.89877228081047, -26.24698444201106], [-48.89814405418515, -26.24620060510942], [-48.896367478351905, -26.246212273397223], [-48.895536324803956, -26.248190932356295], [-48.89443044005739, -26.249087042518564], [-48.89553931580231, -26.25006149701558], [-48.89538556505175, -26.25162827202068], [-48.89789154275031, -26.254414495448117], [-48.897870476048666, -26.255686153020594], [-48.89466798444085, -26.258116332908077], [-48.894652441656504, -26.25883706651357], [-48.895910695477085, -26.25983777624073], [-48.89551555202261, -26.262181755267246], [-48.895951896397705, -26.26463373400777], [-48.8976500064143, -26.26483913157244], [-48.898387555205375, -26.26588289805628], [-48.89859230457836, -26.268102220599733], [-48.90022668407164, -26.269429066135277], [-48.90053327185639, -26.271045467784816], [-48.90173978984291, -26.27121704645254], [-48.901415181266046, -26.27256617185231], [-48.89855540224208, -26.27358203476942], [-48.89846388288004, -26.275230723315733], [-48.897492493906086, -26.27579900615427], [-48.89590329517985, -26.275281563207226], [-48.89475762424666, -26.27597014199232], [-48.89344094554409, -26.275724601201624], [-48.89338119134244, -26.279488570463542], [-48.89103308788251, -26.280939912179456], [-48.89047577458177, -26.280576638387757], [-48.88940656180245, -26.28136725997538], [-48.88774169243476, -26.281301068317195], [-48.88782217112752, -26.28238534341315], [-48.88671090393191, -26.284121375653303], [-48.8852361963161, -26.283842313891682], [-48.88385062511145, -26.282377765108116], [-48.88142895563578, -26.282168584633403], [-48.88017847713255, -26.28677258054984], [-48.87964156925545, -26.28711526127037], [-48.87879420712768, -26.28647429459473], [-48.87820317664109, -26.28829063880521], [-48.878643543613464, -26.289131875840734], [-48.880356704697284, -26.289608861475838], [-48.88086156302166, -26.290766879742467], [-48.88032229267241, -26.29116097026277], [-48.88044660949115, -26.2922007203983], [-48.87947392976742, -26.292666121432028], [-48.878591990566136, -26.294433871709092], [-48.876788518577605, -26.293874765249342], [-48.875519395433756, -26.29680236845618], [-48.869272156706565, -26.298750695507646], [-48.8669856639016, -26.30335305682022], [-48.86893241838884, -26.307413812111438], [-48.87070391104551, -26.30933416141473], [-48.871514542622265, -26.309131116864624], [-48.874695224207564, -26.310441897583917], [-48.87439966346122, -26.31256436577186], [-48.87611470908806, -26.31361088190719], [-48.87695119639073, -26.31736881950218], [-48.881386694114276, -26.316949183466345], [-48.884985999511244, -26.319011944827075], [-48.88388090920235, -26.321292272794174], [-48.884034370817055, -26.32282054468268], [-48.88226621893736, -26.325435972162204], [-48.87977874619437, -26.32544927861569], [-48.875544241335625, -26.329769409259473], [-48.87389293838066, -26.330474835786397], [-48.873345535907404, -26.333225681893875], [-48.871189509809184, -26.33303952745558], [-48.87062217884172, -26.3360142936793], [-48.86742102125503, -26.335786166149397], [-48.866450320474534, -26.33662579778037], [-48.866231709395315, -26.337622058446872], [-48.86683313037022, -26.338260935389386], [-48.86433069139969, -26.340433447835327], [-48.86630375486324, -26.342087460410475], [-48.863328268206224, -26.34592411440408], [-48.86434857420459, -26.347536968235605], [-48.8639513839763, -26.35017543856622], [-48.86249467907941, -26.350120776650435], [-48.86183781442277, -26.349478527047577], [-48.860776955558165, -26.34982982059155], [-48.86180671141454, -26.352399829976257], [-48.85828476966829, -26.352023614037613], [-48.85744456073448, -26.352834386784973], [-48.855687391770616, -26.35284986382619], [-48.85704295503153, -26.35539731380517], [-48.85531700079777, -26.35663505105366], [-48.85520019120353, -26.357535856819933], [-48.8508201932505, -26.35913968397132], [-48.850680930319875, -26.360333278302374], [-48.849512112026986, -26.360208196872975], [-48.84922913636307, -26.360785735428756], [-48.85149894130891, -26.364937362830396], [-48.850279959657406, -26.36686755045083], [-48.84693651301652, -26.368715302255143], [-48.84702862050816, -26.371402769019646], [-48.8461712843519, -26.371859963789177], [-48.84656771209781, -26.37464501735232], [-48.84580075482935, -26.37405043138814], [-48.8432654122546, -26.37441478096227], [-48.84097119767084, -26.373221992486613], [-48.84018014307577, -26.37181939257054], [-48.836519362766296, -26.370793028238367], [-48.83361825789382, -26.373098127341564], [-48.83251699960843, -26.37368260269907], [-48.83076037294125, -26.373516376063346], [-48.83061972310587, -26.374167875864355], [-48.831206262844816, -26.376007069472323], [-48.83559334068824, -26.37778189035733], [-48.83559334068824, -26.378897171707266], [-48.831317259190726, -26.380739864125484], [-48.83070772176803, -26.381535599297035], [-48.82709631395732, -26.381751566457268], [-48.82827636559321, -26.383104720620427], [-48.826431052883066, -26.38517112268737], [-48.824530383247684, -26.38450480491087], [-48.82089809293687, -26.38523875198641], [-48.81546395520802, -26.38014481293419], [-48.814454468446414, -26.380325924027446], [-48.81417715884195, -26.382442638877247], [-48.81233275071725, -26.3837327256809], [-48.809715267256344, -26.383679108876063], [-48.807717740339285, -26.38519154002799], [-48.80859829808513, -26.387097577195043], [-48.808352905936104, -26.391867664304467], [-48.80915802874489, -26.393549322967342], [-48.815855901562394, -26.397213876944328], [-48.82022030833924, -26.39705752923708], [-48.822514881852925, -26.397773443979034], [-48.82420627642726, -26.399776465268648], [-48.82193899013986, -26.40467071213277], [-48.82279416504166, -26.411771898465283], [-48.82214425034504, -26.413480339449215], [-48.82076093368052, -26.414728857310305], [-48.81066631077192, -26.414988440216277], [-48.80345499975312, -26.41669588020078], [-48.79593591693023, -26.417435220396165], [-48.79618939297049, -26.420159274187384], [-48.79556545194829, -26.421626045731006], [-48.790690912712364, -26.426759599204374], [-48.803481703667416, -26.430600884257746], [-48.80270177738969, -26.4315786454694], [-48.80188285479806, -26.43507058208733], [-48.80047898749812, -26.436292734908054], [-48.7971253045038, -26.43709585684724], [-48.7925237394651, -26.4356642007905], [-48.78998897906242, -26.43688634731577], [-48.78718124446254, -26.436816510720632], [-48.783915303174474, -26.43783786670769], [-48.783393727476174, -26.4416547772156], [-48.78383243600739, -26.447481377866], [-48.782506561335225, -26.449436605521395], [-48.780244775129695, -26.45074589119933], [-48.77665711425207, -26.44969846384773], [-48.774083357535496, -26.45064114889285], [-48.77115863399394, -26.452282100749645], [-48.76895534225931, -26.45638437809059], [-48.76759047127323, -26.456838238093457], [-48.76564065557886, -26.45610507873804], [-48.76341786568728, -26.451147402491657], [-48.76525069244, -26.449296947503896], [-48.761585038934605, -26.446433920825932], [-48.758465333823594, -26.44625934372653], [-48.75362979090157, -26.448214592126398], [-48.72976404680252, -26.44137107752543], [-48.72009296095847, -26.44332640889647], [-48.71915704942518, -26.445142044024966], [-48.716388311139184, -26.4564891151731], [-48.71451648807259, -26.466264156743634], [-48.70609328427293, -26.480785542628038], [-48.70359752018415, -26.493350646946396], [-48.69954190353987, -26.502564183983605], [-48.69267855229569, -26.514289435427965], [-48.68815497988475, -26.524059563958584], [-48.690494758717996, -26.533549749810266], [-48.682617503312784, -26.53721303072765], [-48.67797694196018, -26.538608535550225], [-48.676153864285986, -26.54195767786621], [-48.682812484882206, -26.54980684699506], [-48.70082878189816, -26.552981247264775], [-48.71307362445876, -26.550190570378554], [-48.715915480833324, -26.550840280906925], [-48.713502583911556, -26.556059633911826], [-48.71788966922387, -26.557982493541964], [-48.72477739316421, -26.558610359088597], [-48.72977867042027, -26.56021924885367], [-48.73958380609327, -26.561808495839234], [-48.74050509400889, -26.554784250039635], [-48.743312828608786, -26.549329371219237], [-48.73796058452778, -26.54010650386784], [-48.738223809646506, -26.530294128798065], [-48.74624973849849, -26.52756286846445], [-48.76231621982006, -26.524632006643344], [-48.767307747997634, -26.522538488098625], [-48.78789780173014, -26.510395327753166], [-48.79647699078535, -26.506207733375224], [-48.81269945736248, -26.503276326487153], [-48.82049872013993, -26.502857547969203], [-48.833601481606074, -26.502857547969203], [-48.83687717197261, -26.50383469547017], [-48.84124475912799, -26.504113878944125], [-48.84951197767211, -26.503415918987294], [-48.85933904877171, -26.500624036763085], [-48.86526648848258, -26.49741328834909], [-48.8725977954934, -26.491549951100215], [-48.87743333841543, -26.48652399542551], [-48.88086501403752, -26.487222057962878], [-48.88741639477058, -26.49280640568863], [-48.88991215885937, -26.49601728279929], [-48.89552762805915, -26.49601728279929], [-48.897711421636835, -26.49420245023577], [-48.90036317098119, -26.495458875831726], [-48.90200101616445, -26.494900466151268], [-48.90512072127543, -26.493504430081533], [-48.90621261806428, -26.49161975449318], [-48.90660258120314, -26.4895954388895], [-48.90535469915875, -26.48408074317192], [-48.907928455875314, -26.480799722773195], [-48.90309291295328, -26.475075165208484], [-48.894591716525845, -26.469839039955854], [-48.89373379762032, -26.46753506935684], [-48.894240749700856, -26.46694161491343], [-48.8956446170008, -26.466767068906485], [-48.9039508318588, -26.46976922334272], [-48.90948830843078, -26.47067683600928], [-48.912296043030665, -26.472212779597417], [-48.914791807119464, -26.471793887924942], [-48.91993932055259, -26.46788415877633], [-48.92227909938582, -26.467604887325443], [-48.926022745519006, -26.46397429679293], [-48.927426612818955, -26.461600387215302], [-48.93600580187417, -26.45741101559155], [-48.93850156596295, -26.45769031177611], [-48.94084134479619, -26.45978501156317], [-48.94099733005174, -26.462298600996867], [-48.93911575790662, -26.464899410061637], [-48.9385698095122, -26.46744779683649], [-48.93594730740332, -26.470554657798083], [-48.935908311089435, -26.47167171089987], [-48.940197905617055, -26.472684030906024], [-48.94394155175026, -26.471008461928594], [-48.94600835638627, -26.47216041822176], [-48.95068791405272, -26.47174152635864], [-48.95250124264848, -26.471113185704528], [-48.95662510284203, -26.468076157505667], [-48.958769900105814, -26.468355427812885], [-48.96142164945015, -26.46713361521528], [-48.961616631019595, -26.46619106520529], [-48.95713205492253, -26.46350300981601], [-48.95654711021423, -26.46245569851405], [-48.95822395171137, -26.46137346682441], [-48.967934033869334, -26.459139149859553], [-48.969961842191466, -26.459697733166298], [-48.97838504599112, -26.456625491439944], [-48.98431248570199, -26.456625491439944], [-48.983688544679794, -26.454251430319157], [-48.98034288203735, -26.45045269422299], [-48.97204861098527, -26.44858823405057], [-48.97050831874347, -26.447608359670845], [-48.968319482399856, -26.444559808291675], [-48.96844108441895, -26.443362141033187], [-48.974075311303416, -26.440494947620316], [-48.97743963383155, -26.43653882944265], [-48.98153356847423, -26.43352628139364], [-48.98473575497692, -26.43388924316225], [-48.98457361895147, -26.438280989964067], [-48.98716779535871, -26.43955129873912], [-48.99057265189322, -26.439877947303366], [-48.99507546833489, -26.43819031971763], [-49.002718745856804, -26.43944735696762], [-49.00505852469004, -26.43916801654163], [-49.00867868586059, -26.43653656098732], [-49.01017844409603, -26.433632901531755], [-49.0110639570287, -26.429181151483753], [-49.016991396739506, -26.423384182572235], [-49.01788831195891, -26.42069512815677], [-49.020306083419925, -26.41709798329961], [-49.01863899100125, -26.413946023861143], [-49.015616776674975, -26.412182285984617], [-49.01413491674727, -26.410366131674802], [-49.014446887258366, -26.40854994877444], [-49.01023528535854, -26.406559100058168], [-49.00824647335027, -26.402961514385648], [-49.00809048809472, -26.40034184260342], [-49.00368390462545, -26.399014519538362], [-49.00282598571995, -26.397687181209864], [-49.00231903363941, -26.394159181458726], [-49.003722900939344, -26.38877964758876], [-49.005828701889264, -26.38626445486596], [-49.005906694517044, -26.384657497503756], [-49.00485379404206, -26.38217714986257], [-49.0056727166337, -26.375818832385523], [-49.004385838275404, -26.37323348235915], [-49.003313630112125, -26.368500836272368], [-49.00578620450028, -26.366793939285326], [-49.00858305093934, -26.36341638798693], [-49.01109615933385, -26.363961161000177], [-49.01304179163929, -26.363343751391202], [-49.01827800688055, -26.358340219142136], [-49.01844801473798, -26.354704210797188], [-49.01771840262344, -26.35386882425123], [-49.0177589366298, -26.35263389395639], [-49.02035311303705, -26.35161688263648], [-49.02088005511977, -26.350309283514136], [-49.017682421184375, -26.345729178042028], [-49.01921464348105, -26.34116781155331], [-49.01905080461509, -26.33991208788099], [-49.01246924879942, -26.33231013283419], [-49.01372580299668, -26.330493715922557], [-49.01388793902213, -26.329004232789146], [-49.012712452837604, -26.32686079660424], [-49.009267062296736, -26.325225945722988], [-49.0063270153337, -26.322923218274244], [-49.00264291348388, -26.31698002669081], [-48.999243223494226, -26.31719456389216], [-48.99815953208815, -26.316362330435517], [-48.99671677776656, -26.312701691782237], [-48.997838151131035, -26.311318540796268], [-48.99971807358051, -26.310731588986492], [-49.00703769194676, -26.309857219387474], [-49.01631997940391, -26.31163762543205], [-49.01952216590661, -26.31083826283673], [-49.02757742280195, -26.306934993999675], [-49.02850912690163, -26.3109386488138], [-49.03487382938146, -26.314144402833787], [-49.03792627125161, -26.30955900945559], [-49.039725372080404, -26.309071198706675], [-49.04142466698777, -26.309776985469053], [-49.04298427321687, -26.312085891474], [-49.0444321868507, -26.312270467282175], [-49.04462929743124, -26.31163761804374], [-49.04277291880815, -26.309275033417038], [-49.04297087463767, -26.308592102224527], [-49.04610969708299, -26.30675762952457], [-49.04946237407809, -26.30760020429398], [-49.05215586678319, -26.309972728499805], [-49.0546651494235, -26.31065204689475], [-49.05535863828119, -26.31195008380911], [-49.055313693525314, -26.314171931747612], [-49.06030950980956, -26.31659264210802], [-49.06313675675341, -26.312491483931076], [-49.063457126943874, -26.310558896880405], [-49.06098893720566, -26.3058991081917], [-49.06111271647917, -26.303298037913972], [-49.05208984666274, -26.296239331075], [-49.054601692244546, -26.292846495929034], [-49.053169596445976, -26.28939526246303], [-49.05037865255569, -26.287894089259204], [-49.05054595154092, -26.28609376854854], [-49.049715092232134, -26.28431307500136], [-49.04321227891521, -26.282918911836628], [-49.04297345308444, -26.281000500040108], [-49.04107636483577, -26.279614257679413], [-49.040936182589554, -26.27836896111776], [-49.03906405165292, -26.277940402654842], [-49.037933437162074, -26.278896329960087], [-49.036779264771845, -26.278092309528205], [-49.035221646681194, -26.278209734346934], [-49.03429486271087, -26.27669384707197], [-49.03266152866124, -26.276794253673035], [-49.032669543538134, -26.275729326733753], [-49.0295898287782, -26.274359734918832], [-49.030430051922906, -26.27153998715723], [-49.030110300291106, -26.270882297536478], [-49.03298592795872, -26.268099487111666], [-49.03310881743817, -26.266941308473495], [-49.03251772022064, -26.266342423970876], [-49.03299196915557, -26.26523500804896], [-49.032016320111154, -26.263675313988273], [-49.03298440310604, -26.262390196609754], [-49.03155089101064, -26.26159289104484], [-49.03277473823155, -26.260255725956927], [-49.03478630608178, -26.25997780126925], [-49.03612688025888, -26.260609232580165], [-49.03787407945594, -26.25938028440482], [-49.0406393995903, -26.259960510099614], [-49.04413695137614, -26.2593761393659], [-49.043629316328065, -26.25769615984141], [-49.04475474625231, -26.257558664345645], [-49.04569755830022, -26.255790296385058], [-49.04671146246129, -26.25682199494107], [-49.046987993678556, -26.256255077458317], [-49.04854094815956, -26.257311686038243], [-49.04844337306605, -26.255257618861865], [-49.05059234450125, -26.254360862074144], [-49.04934007696369, -26.25403374021233], [-49.04799440793194, -26.251572602424755], [-49.049639039331616, -26.251114510661512], [-49.05037046130423, -26.24966415208367], [-49.04813245223015, -26.249070277263872], [-49.047264009213215, -26.24538334588068], [-49.044879480973435, -26.242819752920393], [-49.04645226591725, -26.242712148684813], [-49.0480566260999, -26.241648584281407], [-49.05057530957441, -26.23739109520254], [-49.05281664583016, -26.23835137879337], [-49.054167179492126, -26.238071639210865], [-49.05514080898943, -26.239709571176085], [-49.056367391016266, -26.239684522741513], [-49.05776509831317, -26.238391121562746], [-49.05920954379968, -26.238474606920843], [-49.059811956669314, -26.2369500549078], [-49.05930155900875, -26.236265082918603], [-49.06050887163636, -26.23590080349725], [-49.05843012614657, -26.234259742187874], [-49.05760279330163, -26.232479984742934], [-49.05636616594889, -26.23223426222306], [-49.05478701328499, -26.22828060855472], [-49.05255998307421, -26.226405841947454], [-49.05325632238802, -26.22464032464614], [-49.05277113826158, -26.223019635593875], [-49.050704904040884, -26.22196328650678], [-49.05125395968354, -26.220701519303105], [-49.04914152048931, -26.21981415314375], [-49.047891367284834, -26.21830902855046], [-49.04556608962423, -26.219721645400146], [-49.044921667836775, -26.21898607808542], [-49.044249711850675, -26.219052203033275], [-49.044098171426775, -26.21977308701221], [-49.04311078178864, -26.219648634632886], [-49.04190048162877, -26.217505426477455], [-49.04067267902949, -26.21911343657736], [-49.037045126494256, -26.220598414034544], [-49.03659960531372, -26.2191340774029], [-49.03507898623584, -26.218495490874748], [-49.03421692276594, -26.218984006556795], [-49.030522328056854, -26.21572522827505]]]}}, {"id": "4", "type": "Feature", "properties": {"ID": 7, "Nomes": "Bacia Hidrográfica do Itapocuzinho", "Area": 390.43962, "Perimetro": 134.73338, "name": "Bacia Hidrográfica do Itapocuzinho", "rain_total_mm": 35.502, "temp_mean_degC": 17.3, "wind_mean_ms": 2.66, "wind_dir_deg": 69, "coverage_pct": 100.0, "run_time_utc": "2026-08-14 00:00:00", "window_local": "2026-08-13 22:00 .. 2026-08-16 21:00", "source": "CPTEC/INPE WRF AMS 7km", "valid_times_local": ["2026-08-13 22:00", "2026-08-13 23:00", "2026-08-14 00:00", "2026-08-14 01:00", "2026-08-14 02:00", "2026-08-14 03:00", "2026-08-14 04:00", "2026-08-14 05:00", "2026-08-14 06:00", "2026-08-14 07:00", "2026-08-14 08:00", "2026-08-14 09:00", "2026-08-14 10:00", "2026-08-14 11:00", "2026-08-14 12:00", "2026-08-14 13:00", "2026-08-14 14:00", "2026-08-14 15:00", "2026-08-14 16:00", "2026-08-14 17:00", "2026-08-14 18:00", "2026-08-14 19:00", "2026-08-14 20:00", "2026-08-14 21:00", "2026-08-14 22:00", "2026-08-14 23:00", "2026-08-15 00:00", "2026-08-15 01:00", "2026-08-15 02:00", "2026-08-15 03:00", "2026-08-15 04:00", "2026-08-15 05:00", "2026-08-15 06:00", "2026-08-15 07:00", "2026-08-15 08:00", "2026-08-15 09:00", "2026-08-15 10:00", "2026-08-15 11:00", "2026-08-15 12:00", "2026-08-15 13:00", "2026-08-15 14:00", "2026-08-15 15:00", "2026-08-15 16:00", "2026-08-15 17:00", "2026-08-15 18:00", "2026-08-15 19:00", "2026-08-15 20:00", "2026-08-15 21:00", "2026-08-15 22:00", "2026-08-15 23:00", "2026-08-16 00:00", "2026-08-16 01:00", "2026-08-16 02:00", "2026-08-16 03:00", "2026-08-16 04:00", "2026-08-16 05:00", "2026-08-16 06:00", "2026-08-16 07:00", "2026-08-16 08:00", "2026-08-16 09:00", "2026-08-16 10:00", "2026-08-16 11:00", "2026-08-16 12:00", "2026-08-16 13:00", "2026-08-16 14:00", "2026-08-16 15:00", "2026-08-16 16:00", "2026-08-16 17:00", "2026-08-16 18:00", "2026-08-16 19:00", "2026-08-16 20:00", "2026-08-16 21:00"], "lead_h": [1, 2, 3, 4, 5, 6, 7, 8, 9, 10, 11, 12, 13, 14, 15, 16, 17, 18, 19, 20, 21, 22, 23, 24, 25, 26, 27, 28, 29, 30, 31, 32, 33, 34, 35, 36, 37, 38, 39, 40, 41, 42, 43, 44, 45, 46, 47, 48, 49, 50, 51, 52, 53, 54, 55, 56, 57, 58, 59, 60, 61, 62, 63, 64, 65, 66, 67, 68, 69, 70, 71, 72], "precip_mm_h": [0.028, 0.053, 0.04, 0.074, 0.51, 0.178, 0.117, 0.287, 0.488, 1.214, 2.371, 2.257, 1.727, 1.057, 2.328, 2.03, 0.223, 0.093, 0.131, 0.802, 0.474, 0.57, 1.243, 1.251, 0.063, 0.071, 0.098, 0.105, 0.11, 1.474, 0.68, 0.611, 1.264, 1.285, 1.614, 2.198, 2.897, 1.152, 0.646, 0.428, 0.122, 0.025, 0.028, 0.026, 0.014, 0.033, 0.046, 0.036, 0.055, 0.047, 0.054, 0.037, 0.021, 0.029, 0.039, 0.025, 0.015, 0.015, 0.049, 0.052, 0.063, 0.02, 0.013, 0.016, 0.007, 0.003, 0.005, 0.005, 0.025, 0.098, 0.134, 0.105], "accum_mm": [0.028, 0.081, 0.121, 0.195, 0.705, 0.883, 1.0, 1.287, 1.775, 2.989, 5.36, 7.617, 9.344, 10.401, 12.729, 14.759, 14.982, 15.075, 15.206, 16.008, 16.482, 17.052, 18.295, 19.546, 19.609, 19.68, 19.778, 19.883, 19.993, 21.467, 22.147, 22.758, 24.022, 25.307, 26.921, 29.119, 32.016, 33.168, 33.814, 34.242, 34.364, 34.389, 34.417, 34.443, 34.457, 34.49, 34.536, 34.572, 34.627, 34.674, 34.728, 34.765, 34.786, 34.815, 34.854, 34.879, 34.894, 34.909, 34.958, 35.01, 35.073, 35.093, 35.106, 35.122, 35.129, 35.132, 35.137, 35.142, 35.167, 35.265, 35.399, 35.504], "t2m_degC": [16.26, 16.02, 15.85, 15.73, 15.66, 15.51, 15.42, 15.33, 15.29, 15.09, 15.31, 15.87, 16.29, 16.89, 16.84, 16.87, 17.63, 17.43, 16.99, 16.3, 15.96, 15.85, 15.82, 15.71, 15.63, 15.55, 15.55, 15.56, 15.57, 15.51, 15.51, 15.57, 15.6, 15.64, 16.29, 17.02, 17.2, 18.0, 19.34, 19.9, 19.87, 19.85, 19.32, 18.37, 17.45, 17.13, 16.94, 16.98, 17.05, 17.11, 17.17, 17.19, 17.1, 16.94, 16.84, 16.77, 16.68, 16.65, 17.37, 18.93, 20.4, 21.6, 22.27, 22.57, 22.55, 22.58, 21.5, 19.58, 18.44, 17.86, 17.62, 17.5], "wspd_ms": [1.72, 1.21, 1.27, 1.4, 1.46, 1.22, 1.2, 1.11, 1.5, 2.35, 0.66, 0.64, 0.98, 1.18, 2.22, 0.9, 1.39, 1.86, 2.14, 2.68, 2.03, 2.25, 1.85, 2.01, 1.87, 1.31, 1.1, 1.1, 1.0, 0.69, 0.58, 0.74, 0.48, 0.6, 1.06, 1.47, 1.72, 1.71, 1.74, 2.16, 2.98, 3.36, 3.77, 4.08, 3.35, 3.26, 3.55, 3.92, 4.24, 4.67, 4.52, 4.39, 4.21, 3.64, 3.43, 3.83, 3.63, 3.6, 6.0, 6.37, 5.38, 5.26, 4.81, 4.91, 4.98, 4.59, 5.25, 4.88, 3.89, 3.43, 3.33, 3.1]}, "geometry": {"type": "Polygon", "coordinates": [[[-49.15455070697795, -26.19737173890547], [-49.15103586717121, -26.201348717715188], [-49.149713703241794, -26.20154085014641], [-49.1473586545219, -26.206085542915634], [-49.148499662001825, -26.207227080578132], [-49.14764123537017, -26.210650400668037], [-49.14837528331601, -26.21139281429618], [-49.147734046248196, -26.211738282893368], [-49.14784604568602, -26.21322291621421], [-49.145765219530446, -26.21265671539895], [-49.143725114592286, -26.213726348396474], [-49.1422388849229, -26.213421362113564], [-49.1416142006048, -26.2149478226353], [-49.14073629734386, -26.21507148470768], [-49.13944017974259, -26.21659299374225], [-49.1369130672637, -26.217458720221387], [-49.13674986453001, -26.218766315219487], [-49.134965196943206, -26.219234642435453], [-49.133314987112975, -26.21813115761899], [-49.13321292865719, -26.21742776576321], [-49.130460817834624, -26.217781985196968], [-49.129870595741544, -26.217142442421945], [-49.12961517929574, -26.214340861508358], [-49.130721512338866, -26.213994186879415], [-49.129980430032575, -26.212868328038766], [-49.1308983398667, -26.211247337667857], [-49.13051915982954, -26.209259682998653], [-49.13100654284868, -26.207466675283477], [-49.13034992067561, -26.205555280441818], [-49.12871751831133, -26.206323037901214], [-49.12845168836043, -26.205750409995158], [-49.12592440680863, -26.20613960043045], [-49.12428747158427, -26.20334922019495], [-49.12403757500715, -26.204210685323446], [-49.1219137628708, -26.2044526902017], [-49.11648639057972, -26.202849464298012], [-49.115160009048196, -26.201827378258336], [-49.11403266210663, -26.2019946604706], [-49.11316055189627, -26.20346099370367], [-49.113654014903425, -26.205015433504546], [-49.111020862408566, -26.20696671309447], [-49.10731924615398, -26.206918031391876], [-49.10660385217959, -26.20818189670707], [-49.103965911691596, -26.209354092166016], [-49.10294420635484, -26.211373650091417], [-49.102401302055995, -26.211274808293975], [-49.10228226231182, -26.210210589249268], [-49.101659705162234, -26.210363772705055], [-49.100556399464296, -26.212015871423553], [-49.098733432473196, -26.21185961407756], [-49.0963650622381, -26.214041876715736], [-49.09440301902379, -26.21446345916608], [-49.093702338139515, -26.21685491309236], [-49.094679966567, -26.220110273047734], [-49.09281816902484, -26.22246190359618], [-49.09215522090279, -26.222514015104124], [-49.09288738773201, -26.223920792445018], [-49.09226838585828, -26.22616106051393], [-49.093226611400574, -26.22826298835996], [-49.0918460998023, -26.229189524963235], [-49.08996410077305, -26.227991075265123], [-49.08662221687876, -26.230383764819], [-49.085640809502145, -26.229197249778917], [-49.08293005932119, -26.229011290435718], [-49.08276648929816, -26.227622848160834], [-49.08189938343046, -26.227030936649168], [-49.08232623465579, -26.22669707233634], [-49.08128107871105, -26.226521422154203], [-49.07864103773486, -26.227298726629197], [-49.07901599207739, -26.229424450805006], [-49.0779502145088, -26.231109291984254], [-49.07469169136221, -26.23255079589763], [-49.07258378023444, -26.23200141978388], [-49.0703136258294, -26.230075397180155], [-49.06871332354596, -26.229583446615184], [-49.066259072862444, -26.23345516673359], [-49.06514178407226, -26.234157994387687], [-49.06344816849495, -26.23368385501958], [-49.061107767848156, -26.235999151674704], [-49.0595364110044, -26.236024568489732], [-49.059811956669314, -26.2369500549078], [-49.059062978788546, -26.238589191588627], [-49.05776509831317, -26.238391121562746], [-49.056367391016266, -26.239684522741513], [-49.05514080898943, -26.239709571176085], [-49.054167179492126, -26.238071639210865], [-49.05281664583016, -26.23835137879337], [-49.05057530957441, -26.23739109520254], [-49.0480566260999, -26.241648584281407], [-49.04645226591725, -26.242712148684813], [-49.044879480973435, -26.242819752920393], [-49.047264009213215, -26.24538334588068], [-49.04813245223015, -26.249070277263872], [-49.05037046130423, -26.24966415208367], [-49.049639039331616, -26.251114510661512], [-49.04799440793194, -26.251572602424755], [-49.04934007696369, -26.25403374021233], [-49.05059234450125, -26.254360862074144], [-49.04844337306605, -26.255257618861865], [-49.04854094815956, -26.257311686038243], [-49.046987993678556, -26.256255077458317], [-49.04671877427017, -26.25681980914873], [-49.04569877693505, -26.255791389290913], [-49.04475474625231, -26.257558664345645], [-49.043629316328065, -26.25769615984141], [-49.04413695137614, -26.2593761393659], [-49.0406393995903, -26.259960510099614], [-49.03787407945594, -26.25938028440482], [-49.03612688025888, -26.260609232580165], [-49.03478630608178, -26.25997780126925], [-49.03277473823155, -26.260255725956927], [-49.03155089101064, -26.26159289104484], [-49.03298440310604, -26.262390196609754], [-49.032016320111154, -26.263675313988273], [-49.03299196915557, -26.26523500804896], [-49.03251772022064, -26.266342423970876], [-49.03310881743817, -26.266941308473495], [-49.03298592795872, -26.268099487111666], [-49.030110300291106, -26.270882297536478], [-49.030430051922906, -26.27153998715723], [-49.0295898287782, -26.274359734918832], [-49.032669543538134, -26.275729326733753], [-49.03266152866124, -26.276794253673035], [-49.03429486271087, -26.27669384707197], [-49.035221646681194, -26.278209734346934], [-49.036779264771845, -26.278092309528205], [-49.037933437162074, -26.278896329960087], [-49.03906405165292, -26.277940402654842], [-49.040936182589554, -26.27836896111776], [-49.04107636483577, -26.279614257679413], [-49.04297345308444, -26.281000500040108], [-49.04321227891521, -26.282918911836628], [-49.049833464197604, -26.284458560891924], [-49.05054595154092, -26.28609376854854], [-49.05037865255569, -26.287894089259204], [-49.053169596445976, -26.28939526246303], [-49.05460225837904, -26.292845752492124], [-49.05208718661861, -26.296240523460405], [-49.06111271647924, -26.303294460975422], [-49.06097439418252, -26.30590321216461], [-49.063442915170036, -26.310500575901877], [-49.06313675675341, -26.31248240036314], [-49.06029937630799, -26.316588100484907], [-49.05530862677453, -26.31417647346543], [-49.055136357247505, -26.310979060057612], [-49.05218244153378, -26.309988934036987], [-49.04946666310746, -26.30760442151481], [-49.046094740453114, -26.30675506901349], [-49.04297172193163, -26.308590593714946], [-49.04277918540139, -26.309271882215977], [-49.044628549441725, -26.31162910952438], [-49.0444360129115, -26.312271774931848], [-49.04298438880863, -26.312087832193473], [-49.04141454052054, -26.309776033128085], [-49.03972224575489, -26.309070524031526], [-49.03791848247171, -26.30955802219201], [-49.034878431994464, -26.314142221339086], [-49.02852134866315, -26.310950862778416], [-49.027575555181336, -26.306935802965917], [-49.0195498219214, -26.310817635272528], [-49.01629359007689, -26.31164122103732], [-49.00701468045355, -26.309853245236244], [-48.99971855930816, -26.310731340101736], [-48.99700953654955, -26.312112055122192], [-48.996719042837285, -26.31355633809596], [-48.99815462222932, -26.316372183947486], [-48.99922201773024, -26.317189674762382], [-49.00263025209861, -26.316968650037005], [-49.006342491514715, -26.32294222475969], [-49.00926319186211, -26.325227017970757], [-49.012686063510564, -26.326873978757167], [-49.01387506103058, -26.328989158738477], [-49.01373994767602, -26.330490751607833], [-49.01247438592179, -26.332299095664776], [-49.01902287983863, -26.339847012460496], [-49.01920303097802, -26.341187018962604], [-49.017689761407134, -26.345771984066843], [-49.02087843657438, -26.350276051032985], [-49.020392028498016, -26.35161593675137], [-49.017779836976835, -26.352649091044455], [-49.01770777652107, -26.353875949781063], [-49.01842838107864, -26.3546830865893], [-49.01828426016714, -26.35833127468773], [-49.013067125393256, -26.363339211602444], [-49.011101226084634, -26.36396116100017], [-49.00859318444092, -26.363402768628706], [-49.00579633800186, -26.366789399632065], [-49.003313630112125, -26.368491757099758], [-49.00421044500289, -26.372668101206262], [-49.00567980273356, -26.375809338839094], [-49.00484885560311, -26.382182338915385], [-49.00590273976855, -26.384651554983108], [-49.00584193875902, -26.38627648822797], [-49.00372403692653, -26.38874561676777], [-49.002305346703835, -26.394155728546345], [-49.003090693077134, -26.3983810673803], [-49.00809410948759, -26.400346183017085], [-49.00824294529221, -26.402964205131934], [-49.01022911160401, -26.406576581038088], [-49.01444971501657, -26.408550633151158], [-49.014133043091846, -26.410363554707374], [-49.01561253432409, -26.412185523514072], [-49.01863485117353, -26.413939396564842], [-49.019977540134306, -26.415849794563965], [-49.020180210166124, -26.417705709112123], [-49.017829237797066, -26.420754970858912], [-49.01654988322126, -26.423956155176477], [-49.01106005873442, -26.429191068415196], [-49.01015817709285, -26.433687345819546], [-49.00863815185423, -26.43659100390337], [-49.005030625287915, -26.43916793917356], [-49.00269991992203, -26.43947644164607], [-48.99505925972258, -26.438206132045746], [-48.990592918896375, -26.43986887374463], [-48.98714752835551, -26.43954676194697], [-48.98457361895146, -26.43828098996406], [-48.98473828835235, -26.433882437639603], [-48.98237718248169, -26.433274475995095], [-48.97743710045618, -26.436545634808432], [-48.97407277792804, -26.440499484375113], [-48.968446151169765, -26.44335306774884], [-48.96831948239989, -26.444559808291665], [-48.97051338549427, -26.447626505568437], [-48.97204354423448, -26.448597306922537], [-48.980363149040514, -26.450461766948088], [-48.9836869375623, -26.454272248296494], [-48.984310147910094, -26.456626518394646], [-49.0010000250301, -26.453287886027155], [-49.004567017590055, -26.453578205728054], [-49.01307915892631, -26.456626518394646], [-49.012390080818136, -26.458368375112762], [-49.00549929973639, -26.46279547565407], [-49.006755853933655, -26.463811507493645], [-49.003837405475515, -26.46664183461072], [-49.00930949633453, -26.467077263373945], [-49.011295662646326, -26.467839259745325], [-49.00975537040453, -26.471975723433914], [-49.007201728003636, -26.47538637987901], [-49.0061478438382, -26.479957952251983], [-49.01357772720454, -26.482472239610328], [-49.01536527688516, -26.483843645910877], [-49.03682181241062, -26.47947923570828], [-49.04496464391117, -26.473480496557954], [-49.04727057849539, -26.47115832000613], [-49.04813530396448, -26.468320040574593], [-49.051594205840814, -26.467287921606086], [-49.06024146053166, -26.462965822888382], [-49.06542981334616, -26.4639334710307], [-49.06838429203219, -26.463159353167633], [-49.07040198479339, -26.461224035732556], [-49.075446216696385, -26.458579049283994], [-49.076527123532735, -26.45735330325049], [-49.078544816293935, -26.4510953438167], [-49.08301256455087, -26.443417588866726], [-49.0859670432369, -26.440643148185103], [-49.08553468050236, -26.435932898227204], [-49.09182195526715, -26.43077075935628], [-49.09391170848411, -26.427608835125575], [-49.099388303121636, -26.42483401384271], [-49.1006133308695, -26.419671377943054], [-49.10443253502462, -26.416767293678234], [-49.11163858060032, -26.416057395291173], [-49.11344009199425, -26.41328229603696], [-49.12021377483541, -26.414960271007942], [-49.12244764896388, -26.416896365642813], [-49.125113885826885, -26.41567017614754], [-49.13296847550441, -26.414056749056662], [-49.1344817450753, -26.412895067577313], [-49.133256717327434, -26.40992627287029], [-49.13419350325227, -26.407473732663668], [-49.131671387300784, -26.40334302079678], [-49.134914107809834, -26.40024488986456], [-49.134914107809834, -26.396243014327695], [-49.1370038610268, -26.38965898174662], [-49.13649943783649, -26.387528773176545], [-49.14024658153586, -26.375061423856064], [-49.14435402751401, -26.369961123634756], [-49.14449814842553, -26.3650542932715], [-49.143201060221905, -26.35859762019566], [-49.14399372523523, -26.356918826135242], [-49.14514669252734, -26.356337699435848], [-49.148605594403676, -26.358920462413042], [-49.15004680351881, -26.35821020834498], [-49.15055122670911, -26.35653140866012], [-49.15220861719152, -26.35569199967816], [-49.156388123625426, -26.357241673039695], [-49.164458894670204, -26.358016501932905], [-49.16546774105081, -26.356337699435844], [-49.16453095512597, -26.353754878774], [-49.160783811426604, -26.35272173435845], [-49.15963084413449, -26.351236573092987], [-49.16071175097085, -26.34917023004503], [-49.16546774105081, -26.34542488919186], [-49.167917796546554, -26.344585399607993], [-49.16928694520593, -26.342389782668654], [-49.16878252201563, -26.340904488762092], [-49.16914282429442, -26.339806650578158], [-49.16806191745806, -26.338450483148662], [-49.16798985700229, -26.334446467543767], [-49.168854582471376, -26.332638157030768], [-49.167197191988976, -26.327213056011264], [-49.166260406064126, -26.325985914576524], [-49.166854904824135, -26.32211064572401], [-49.16869244644594, -26.32201376234121], [-49.16847626507867, -26.316555867571367], [-49.17031380670047, -26.312874065503603], [-49.170349836928345, -26.312034339874565], [-49.168079932572, -26.30903065607882], [-49.16847626507866, -26.30812630592311], [-49.174024920171945, -26.302958455367712], [-49.175826431565866, -26.298630203235913], [-49.17806030569434, -26.298436397121776], [-49.185122230358516, -26.303862845848585], [-49.189734099526966, -26.303992043912675], [-49.191319429553616, -26.30250625748114], [-49.19326506185906, -26.298371795011736], [-49.19533679996209, -26.296994953982605], [-49.195372830189974, -26.293732461876083], [-49.19630961611482, -26.292278846724482], [-49.19857952047116, -26.291277456798305], [-49.200074774928154, -26.29223039257232], [-49.20441641738751, -26.292884521918705], [-49.20230864905664, -26.28708606158339], [-49.20238070951239, -26.28585849519592], [-49.20623594389539, -26.280301979606467], [-49.20605579275599, -26.277168245901084], [-49.20699257868083, -26.276715947449766], [-49.20947866440444, -26.277135938927312], [-49.21128017579836, -26.274583659578035], [-49.21142429670987, -26.272451332530164], [-49.212577264001986, -26.270900524617396], [-49.216684709980136, -26.269995877099973], [-49.21906270502011, -26.266635696026373], [-49.22518784375945, -26.263857011291478], [-49.225476085582486, -26.26185373220823], [-49.22408892180917, -26.256158737992564], [-49.22589043320309, -26.250536171914764], [-49.23115084647334, -26.245365756055563], [-49.22934933507942, -26.24407311614323], [-49.228556670066084, -26.242521929269483], [-49.228556670066084, -26.236252338062233], [-49.22495364727824, -26.232244793346872], [-49.221350624490384, -26.229982408718904], [-49.2163063925874, -26.22881887948504], [-49.21205482569774, -26.231404484194844], [-49.20936156616377, -26.231691321174562], [-49.206767389756514, -26.23046316913531], [-49.20430832670381, -26.225574672260638], [-49.19955233662385, -26.22289197178244], [-49.20056118300445, -26.22156675955921], [-49.203083298955946, -26.221275857294387], [-49.20301123850019, -26.220112240960695], [-49.19904791343356, -26.217817296857195], [-49.19839936933175, -26.21556271261975], [-49.200993545739, -26.214205092436465], [-49.200525152776585, -26.212394907553644], [-49.1975340962061, -26.209304666059122], [-49.1975839432732, -26.206458855902927], [-49.19314037298478, -26.2018240412915], [-49.19203895678853, -26.20130063284323], [-49.1874956739175, -26.20232349896155], [-49.182201476447, -26.201739795762933], [-49.18082449506905, -26.20578931668514], [-49.17516688984264, -26.208321036858504], [-49.172088636588356, -26.202572592161488], [-49.16950172787066, -26.20000559460499], [-49.16904362922718, -26.200409539953768], [-49.166863711544416, -26.199707949767078], [-49.16633171212917, -26.20024739127158], [-49.16278031501549, -26.200643402409913], [-49.15966840354084, -26.200487494158], [-49.1583572936302, -26.199722123348035], [-49.157583315895344, -26.200575987153726], [-49.15615675693648, -26.19966703613789], [-49.156692206632506, -26.197991175312737], [-49.15455070697795, -26.19737173890547]]]}}, {"id": "5", "type": "Feature", "properties": {"ID": 1, "Nomes": "Bacia Hidrográfica do Cubatão (sub-bacia)", "Area": 107.59436, "Perimetro": 80.14157, "name": "Bacia Hidrográfica do Cubatão (sub-bacia)", "rain_total_mm": 37.98, "temp_mean_degC": 16.8, "wind_mean_ms": 2.84, "wind_dir_deg": 58, "coverage_pct": 100.0, "run_time_utc": "2026-08-14 00:00:00", "window_local": "2026-08-13 22:00 .. 2026-08-16 21:00", "source": "CPTEC/INPE WRF AMS 7km", "valid_times_local": ["2026-08-13 22:00", "2026-08-13 23:00", "2026-08-14 00:00", "2026-08-14 01:00", "2026-08-14 02:00", "2026-08-14 03:00", "2026-08-14 04:00", "2026-08-14 05:00", "2026-08-14 06:00", "2026-08-14 07:00", "2026-08-14 08:00", "2026-08-14 09:00", "2026-08-14 10:00", "2026-08-14 11:00", "2026-08-14 12:00", "2026-08-14 13:00", "2026-08-14 14:00", "2026-08-14 15:00", "2026-08-14 16:00", "2026-08-14 17:00", "2026-08-14 18:00", "2026-08-14 19:00", "2026-08-14 20:00", "2026-08-14 21:00", "2026-08-14 22:00", "2026-08-14 23:00", "2026-08-15 00:00", "2026-08-15 01:00", "2026-08-15 02:00", "2026-08-15 03:00", "2026-08-15 04:00", "2026-08-15 05:00", "2026-08-15 06:00", "2026-08-15 07:00", "2026-08-15 08:00", "2026-08-15 09:00", "2026-08-15 10:00", "2026-08-15 11:00", "2026-08-15 12:00", "2026-08-15 13:00", "2026-08-15 14:00", "2026-08-15 15:00", "2026-08-15 16:00", "2026-08-15 17:00", "2026-08-15 18:00", "2026-08-15 19:00", "2026-08-15 20:00", "2026-08-15 21:00", "2026-08-15 22:00", "2026-08-15 23:00", "2026-08-16 00:00", "2026-08-16 01:00", "2026-08-16 02:00", "2026-08-16 03:00", "2026-08-16 04:00", "2026-08-16 05:00", "2026-08-16 06:00", "2026-08-16 07:00", "2026-08-16 08:00", "2026-08-16 09:00", "2026-08-16 10:00", "2026-08-16 11:00", "2026-08-16 12:00", "2026-08-16 13:00", "2026-08-16 14:00", "2026-08-16 15:00", "2026-08-16 16:00", "2026-08-16 17:00", "2026-08-16 18:00", "2026-08-16 19:00", "2026-08-16 20:00", "2026-08-16 21:00"], "lead_h": [1, 2, 3, 4, 5, 6, 7, 8, 9, 10, 11, 12, 13, 14, 15, 16, 17, 18, 19, 20, 21, 22, 23, 24, 25, 26, 27, 28, 29, 30, 31, 32, 33, 34, 35, 36, 37, 38, 39, 40, 41, 42, 43, 44, 45, 46, 47, 48, 49, 50, 51, 52, 53, 54, 55, 56, 57, 58, 59, 60, 61, 62, 63, 64, 65, 66, 67, 68, 69, 70, 71, 72], "precip_mm_h": [0.011, 0.072, 0.087, 0.077, 0.119, 0.145, 0.097, 0.096, 0.338, 0.362, 0.903, 2.309, 2.171, 0.886, 1.578, 3.0, 0.17, 0.162, 0.801, 1.774, 0.337, 0.666, 0.143, 0.093, 0.121, 0.108, 0.154, 0.145, 0.12, 0.87, 0.226, 0.902, 1.774, 2.989, 2.619, 2.367, 2.905, 2.617, 1.27, 0.245, 0.042, 0.04, 0.033, 0.031, 0.03, 0.077, 0.094, 0.129, 0.142, 0.176, 0.189, 0.134, 0.09, 0.067, 0.072, 0.061, 0.042, 0.041, 0.062, 0.046, 0.039, 0.044, 0.016, 0.009, 0.016, 0.008, 0.007, 0.006, 0.038, 0.117, 0.135, 0.118], "accum_mm": [0.011, 0.083, 0.17, 0.247, 0.366, 0.511, 0.608, 0.704, 1.042, 1.404, 2.307, 4.616, 6.787, 7.673, 9.251, 12.251, 12.421, 12.583, 13.384, 15.158, 15.495, 16.161, 16.304, 16.397, 16.518, 16.626, 16.78, 16.925, 17.045, 17.915, 18.141, 19.043, 20.817, 23.806, 26.425, 28.792, 31.697, 34.314, 35.584, 35.829, 35.871, 35.911, 35.944, 35.975, 36.005, 36.082, 36.176, 36.305, 36.447, 36.623, 36.812, 36.946, 37.036, 37.103, 37.175, 37.236, 37.278, 37.319, 37.381, 37.427, 37.466, 37.51, 37.526, 37.535, 37.551, 37.559, 37.566, 37.572, 37.61, 37.727, 37.862, 37.98], "t2m_degC": [16.22, 15.87, 15.62, 15.43, 15.37, 15.23, 15.17, 15.09, 15.04, 14.95, 15.05, 15.4, 15.78, 16.53, 16.76, 16.26, 17.33, 17.16, 16.46, 15.91, 15.61, 15.49, 15.44, 15.33, 15.23, 15.14, 15.12, 15.13, 15.13, 15.09, 15.12, 15.14, 15.13, 15.15, 15.68, 16.36, 16.7, 17.31, 18.74, 19.71, 19.63, 19.27, 18.9, 17.59, 16.99, 16.62, 16.41, 16.48, 16.61, 16.68, 16.72, 16.68, 16.6, 16.49, 16.4, 16.32, 16.25, 16.25, 16.64, 17.53, 19.46, 20.64, 21.23, 21.74, 21.7, 21.69, 20.32, 18.86, 17.85, 17.41, 17.2, 17.08], "wspd_ms": [1.89, 1.47, 1.13, 1.33, 1.32, 1.01, 1.3, 1.07, 1.04, 1.93, 1.29, 0.68, 0.64, 1.01, 1.96, 1.56, 1.45, 2.1, 2.6, 2.84, 2.4, 2.04, 2.41, 1.83, 1.8, 1.32, 1.16, 1.06, 0.59, 0.24, 0.71, 0.31, 0.18, 1.21, 1.02, 1.57, 1.58, 1.6, 2.05, 2.48, 2.96, 3.69, 3.93, 3.98, 3.35, 3.57, 4.1, 4.66, 4.82, 5.17, 5.07, 5.23, 5.09, 4.99, 4.9, 5.04, 4.89, 4.57, 5.63, 7.17, 5.9, 5.83, 5.05, 4.79, 4.8, 4.41, 4.82, 4.38, 3.8, 3.63, 3.52, 3.47]}, "geometry": {"type": "MultiPolygon", "coordinates": [[[[-48.809738091592855, -26.2315905369319], [-48.809783984378015, -26.23154464414859], [-48.809738092151846, -26.231544644859696], [-48.809738091592855, -26.2315905369319]]], [[[-48.76983231363564, -26.205875848452347], [-48.76979606164288, -26.20555076759923], [-48.769829363110574, -26.205894270457645], [-48.76983231363564, -26.205875848452347]]], [[[-48.76898291351961, -26.204197243293258], [-48.768651719321454, -26.20455449285305], [-48.76935355983552, -26.204328476740407], [-48.76898291351961, -26.204197243293258]]], [[[-48.762652447595386, -26.20142971044638], [-48.762952950047755, -26.201212382303833], [-48.76269834073864, -26.201080570862075], [-48.762652447595386, -26.20142971044638]]], [[[-48.773655079979484, -26.198161692117427], [-48.77378878306256, -26.19743197893486], [-48.77359076550029, -26.197082636300742], [-48.773655079979484, -26.198161692117427]]], [[[-49.03596211648884, -26.009642656504845], [-49.03348511924139, -26.01033071253514], [-49.0322466207364, -26.011936174175617], [-49.031099862767576, -26.01138572916187], [-49.03036593779554, -26.01000961980932], [-49.0292650500919, -26.010238970751733], [-49.028989827680505, -26.01156920995528], [-49.026604571297845, -26.011798563204252], [-49.02522846281302, -26.013633375124982], [-49.025411942760435, -26.014413171249366], [-49.023898221994905, -26.015009485531813], [-49.02366887080391, -26.01675255619916], [-49.02169644852417, -26.01643146472126], [-49.01912770890781, -26.017899313368577], [-49.01339391883152, -26.01794518487461], [-49.012155419930004, -26.019183684430395], [-49.01054995921633, -26.018541499004066], [-49.00894449774802, -26.020284571033912], [-49.00701794346553, -26.020651534523246], [-49.003623540556326, -26.026018361529907], [-49.00215568969189, -26.026614675696276], [-49.00174285755537, -26.027486211989423], [-48.9973393066099, -26.02835774805279], [-48.99206421941522, -26.02633945336778], [-48.99105507209105, -26.02418354938774], [-48.9864680404588, -26.025330306182823], [-48.985550634052785, -26.026155973370386], [-48.97990858476355, -26.026568805117467], [-48.97669766225319, -26.02601836033292], [-48.97142257562614, -26.02202764229011], [-48.96862448568666, -26.02262395742884], [-48.96266134375833, -26.019734127164405], [-48.95963390221737, -26.019688257445342], [-48.95844127242695, -26.020743274743992], [-48.95614775672621, -26.018603723163395], [-48.95338142848491, -26.019200324104727], [-48.95246357958389, -26.016951595587663], [-48.94764487421939, -26.0162173164134], [-48.94603863791397, -26.014611081429553], [-48.94434061833844, -26.01607963930415], [-48.94268848965048, -26.01630910129085], [-48.9427343825985, -26.016905702780626], [-48.941311716718296, -26.017777658827185], [-48.9426425981382, -26.01920032393681], [-48.94218367266831, -26.02337653639447], [-48.943606338786246, -26.024799202583722], [-48.947598980713366, -26.025671158253303], [-48.948746291504676, -26.027415071864436], [-48.94824147482236, -26.028378813308297], [-48.950123064445265, -26.029158984440755], [-48.94957235588731, -26.03026040283717], [-48.95287661129197, -26.031728960851325], [-48.95484998643603, -26.037006591660084], [-48.95283071891751, -26.038475149655035], [-48.95117859102527, -26.041045126249426], [-48.94984771077308, -26.04099923415899], [-48.94851682967064, -26.03962246107517], [-48.94287205957912, -26.039025858546008], [-48.941724748248085, -26.041320480549118], [-48.93883352490979, -26.042192437301985], [-48.93736496626057, -26.044028134823797], [-48.938925310281576, -26.046552218884234], [-48.93961369692509, -26.046506326945167], [-48.94218367295194, -26.04866327239903], [-48.94328509219355, -26.048571487248893], [-48.943927585240736, -26.050177722111457], [-48.94447829420376, -26.04948933491811], [-48.946910594164336, -26.049168087460558], [-48.95030663544589, -26.052747699120047], [-48.95191287028377, -26.052472343410326], [-48.95595140524535, -26.054078578558954], [-48.95631854547677, -26.05577659930283], [-48.957787103012144, -26.05664855541848], [-48.95783299477257, -26.05871371577281], [-48.95861316759061, -26.05986102683423], [-48.961183142498555, -26.059585671173615], [-48.963844905290955, -26.061742616621466], [-48.96600185002748, -26.061604939615002], [-48.966001849512935, -26.062660465741693], [-48.966919699036275, -26.063119389831574], [-48.96884718134808, -26.06229332625884], [-48.97155483479281, -26.062660466207273], [-48.97325285583597, -26.06619418382307], [-48.97540980015612, -26.06770863401569], [-48.97430838116351, -26.072022522358683], [-48.97265625330401, -26.072894479587347], [-48.972793931163125, -26.074592500179055], [-48.97150894159541, -26.074317144708758], [-48.97040752339096, -26.076152843188034], [-48.97201375919253, -26.07991602303095], [-48.97384945669207, -26.081751720848352], [-48.97384945715264, -26.08400045004515], [-48.97655711094864, -26.090700745956624], [-48.9764194332995, -26.09446392626668], [-48.97825513132423, -26.09662087075066], [-48.978668163212234, -26.09813532130998], [-48.97724549660686, -26.100980652903413], [-48.97687835810465, -26.103045813264917], [-48.977658529420246, -26.10368830702206], [-48.976373540573896, -26.10478972621063], [-48.97784209869171, -26.10612060587674], [-48.97628175587021, -26.107726841522474], [-48.976924250282984, -26.10873647441904], [-48.97596050923351, -26.10878236763891], [-48.973252855246066, -26.11112288236316], [-48.97453784263183, -26.111627698913928], [-48.97550158488935, -26.113188042721177], [-48.97513444473822, -26.114610707440516], [-48.97329874716992, -26.11497784664806], [-48.97238089931336, -26.116905329347304], [-48.97270214602473, -26.121035648682454], [-48.9718301896675, -26.122412421880494], [-48.96884718171701, -26.1231467018755], [-48.97013216962403, -26.12576257098547], [-48.967699868919, -26.13003056685148], [-48.967195053323984, -26.130489492237924], [-48.965221677784555, -26.13012235195576], [-48.96457918408627, -26.131361447419458], [-48.963615442798016, -26.131269662287977], [-48.962835271462765, -26.133105360757625], [-48.96421204367031, -26.134573918434654], [-48.96343187282794, -26.135767122078565], [-48.960448864272145, -26.136317831744343], [-48.959301552343845, -26.138291206254998], [-48.955859620149674, -26.139117270647], [-48.95296839673263, -26.141274214527936], [-48.94975592549639, -26.14132010823179], [-48.947920228407106, -26.142054386620874], [-48.947002378105424, -26.14315580524484], [-48.946130423289155, -26.142880451460325], [-48.94374401565761, -26.1441654387723], [-48.94043976054573, -26.144257223989264], [-48.93869584825233, -26.143477051662344], [-48.93814513706467, -26.14255920349916], [-48.93470320505927, -26.14255920359207], [-48.92937968214414, -26.145725781131425], [-48.92818647842166, -26.147607372054935], [-48.92795701690115, -26.151462336953145], [-48.930664669954425, -26.15182947563982], [-48.93185787407802, -26.156097472454874], [-48.92910432746603, -26.159493514132333], [-48.92873718830825, -26.161283318503443], [-48.92960914468047, -26.16403686443195], [-48.93066467032157, -26.16467935968192], [-48.93061877791998, -26.166423271692036], [-48.92869129648278, -26.16679041165559], [-48.92924200479832, -26.168121293427472], [-48.92713095358947, -26.170186450889634], [-48.92740630789508, -26.171379655568032], [-48.925983641345134, -26.17238928966159], [-48.92570828697054, -26.173811954668786], [-48.92474454577923, -26.174638018812114], [-48.92492811609491, -26.17587711450368], [-48.92341366521903, -26.177804596960318], [-48.92405615921947, -26.178768338728453], [-48.923413665291264, -26.179777971799652], [-48.92396437547234, -26.181384207802978], [-48.92364312753789, -26.18326579802236], [-48.922404032865046, -26.184550785646902], [-48.920706010981306, -26.18496381780126], [-48.91905388228689, -26.186570052764324], [-48.916896938402466, -26.186570052809014], [-48.91515302690524, -26.184504893262076], [-48.914005715103585, -26.185422741300297], [-48.90918700974405, -26.18643237650459], [-48.90992128786441, -26.184459000062102], [-48.906066323428334, -26.183954184046794], [-48.90468954915799, -26.18340347484502], [-48.90432240997575, -26.182485626215147], [-48.90198189573597, -26.18340347525397], [-48.89853996275986, -26.183082227812694], [-48.89762211445689, -26.18422953932498], [-48.89624534065045, -26.18418364645041], [-48.89601587855357, -26.183449367693438], [-48.89418018105199, -26.18280687308565], [-48.89156431232627, -26.18381650641391], [-48.89101360228492, -26.1821643791636], [-48.88991218407623, -26.181200637850118], [-48.88674560576843, -26.180741713668944], [-48.88495580133004, -26.18230205645692], [-48.88564418677124, -26.18675362262573], [-48.88472633765076, -26.18716665480569], [-48.88233993227898, -26.186707730278656], [-48.88119262132609, -26.18459667948444], [-48.87981584753737, -26.186524160860827], [-48.87724587097664, -26.187166654949813], [-48.87398750621671, -26.18510149460936], [-48.872656627085206, -26.185789881396303], [-48.87118806920758, -26.184917926216368], [-48.86834273775013, -26.186340591833844], [-48.86834273778787, -26.185514526560418], [-48.86595633018065, -26.184596679267557], [-48.86370760131051, -26.185835774082655], [-48.86205547289376, -26.185147387830572], [-48.8592560340558, -26.18546863453709], [-48.858613540122384, -26.18478024782373], [-48.8558599939238, -26.18422953876858], [-48.854804467774436, -26.184780247769307], [-48.85393251091338, -26.184137753944835], [-48.85168378149745, -26.184780247520102], [-48.850398793876074, -26.184091861540708], [-48.84668150588377, -26.18657005223738], [-48.84479991558866, -26.186937192478663], [-48.844019743753485, -26.18455078574853], [-48.842872433246875, -26.183724721821527], [-48.84323957281284, -26.182439733467103], [-48.84241350909656, -26.181843131571515], [-48.84245940171339, -26.180787605639562], [-48.84379028223295, -26.18046635915889], [-48.84383617318858, -26.17725388768455], [-48.8394304998503, -26.17587711431482], [-48.838099619601564, -26.174224987453517], [-48.83511661161438, -26.17532640581218], [-48.83337269877925, -26.174959265627578], [-48.83240895685426, -26.178997800866203], [-48.82795739005751, -26.17918137055064], [-48.82658061723959, -26.18060403568106], [-48.82589223043683, -26.179915649516847], [-48.82424010277063, -26.180191003578447], [-48.823001007023414, -26.180971175720913], [-48.82134887872368, -26.181017067769062], [-48.82088995343417, -26.182026701965658], [-48.818549440573335, -26.181521884725218], [-48.817631591556, -26.183632937304083], [-48.817448020599976, -26.18808450385454], [-48.8157958937002, -26.18868110573746], [-48.81575000121077, -26.186386483877644], [-48.81451090575381, -26.186386483814328], [-48.81428144305556, -26.192811424352406], [-48.812491638311286, -26.19285731773079], [-48.811436111805435, -26.191893576635437], [-48.8062043743653, -26.19221482367289], [-48.805561879852995, -26.18973663207334], [-48.80446046129994, -26.189323599784196], [-48.80083495720638, -26.189874308523155], [-48.800926743595646, -26.187763257111772], [-48.79656696084321, -26.184963817334648], [-48.795098402271286, -26.185514526785905], [-48.79284967401888, -26.181154745171632], [-48.787847398281095, -26.183082227771845], [-48.7869295495287, -26.18445899987223], [-48.78348761592736, -26.182852765632454], [-48.77967854257931, -26.185101494859936], [-48.778760695012046, -26.186340591529312], [-48.77825587798644, -26.189415384938073], [-48.77912783386694, -26.189644846761844], [-48.77935729567876, -26.190470910342952], [-48.776374287770295, -26.191159297321654], [-48.774584482777776, -26.190746266093218], [-48.77385020354587, -26.189461276824275], [-48.771096656450126, -26.189644846876156], [-48.770637733166936, -26.192168931246414], [-48.76916917465014, -26.191847683803502], [-48.768021864187396, -26.193224457459813], [-48.768067755804665, -26.194738907614553], [-48.76710401516026, -26.196620498173804], [-48.7656354570673, -26.196666389088776], [-48.76200995432352, -26.198456194988267], [-48.762698341160885, -26.19932815154256], [-48.76269834083326, -26.20086006445116], [-48.763593209937355, -26.200867002736008], [-48.76841283676122, -26.20407816009616], [-48.77111885318765, -26.204214122393722], [-48.77147269231859, -26.20230265738704], [-48.7685015134274, -26.19755079656703], [-48.769073593960854, -26.19511388155704], [-48.77095939514557, -26.194462187138452], [-48.77345624539579, -26.19645865370575], [-48.773988531782145, -26.193813044915576], [-48.77595717582987, -26.193706132569815], [-48.77791025204431, -26.192499844454375], [-48.77848780948385, -26.19283205551355], [-48.77826871428003, -26.194388044243215], [-48.77914641422845, -26.195057614995086], [-48.779831314039, -26.19339864844472], [-48.77837662419624, -26.19176990540899], [-48.78031495167367, -26.19045262213396], [-48.77921251057241, -26.18907726814166], [-48.77989735805602, -26.187530332386004], [-48.7802422320317, -26.187438471023434], [-48.78043682573001, -26.187582394080103], [-48.77930892894029, -26.189050543351566], [-48.780472648111044, -26.190225202785452], [-48.78018311407345, -26.19090289988312], [-48.78121501082174, -26.19242970564391], [-48.780799441634244, -26.18850254688661], [-48.78139271717502, -26.18854092973703], [-48.78173765184223, -26.189226183647648], [-48.78292790892811, -26.18934501203404], [-48.782914260166514, -26.19102205493747], [-48.78341495693776, -26.19105202613496], [-48.784489887616004, -26.190064886718634], [-48.78382767119499, -26.189024016391354], [-48.78535115821013, -26.18821229670974], [-48.784800728354014, -26.187046461350846], [-48.78511404754616, -26.186236753244334], [-48.785516179986715, -26.186238304206213], [-48.78643417287104, -26.18727179299651], [-48.78642014996944, -26.187494114937945], [-48.78599644162239, -26.18813452901315], [-48.78702764309115, -26.1879612683735], [-48.78663072197155, -26.188442836448225], [-48.785905764689204, -26.188162559818927], [-48.786321641873634, -26.187197978144706], [-48.78520306612974, -26.186314403766666], [-48.78491739712553, -26.187169159883144], [-48.785479304953746, -26.18823112225027], [-48.78395592040845, -26.189097810032838], [-48.78460717297088, -26.1900731971969], [-48.78363909750669, -26.191154127173252], [-48.78282188418056, -26.191216642295412], [-48.78289239085467, -26.18959870474079], [-48.781586413106304, -26.189364945988046], [-48.781022540828346, -26.18858616230748], [-48.78144425298979, -26.19258400004111], [-48.78107753665318, -26.192676329790153], [-48.77991971096871, -26.19108907974166], [-48.77875691463092, -26.191605036208806], [-48.78016253207884, -26.193465779148116], [-48.77936184151381, -26.1952597328697], [-48.77810449211507, -26.19471235440379], [-48.77800103314286, -26.192774988961904], [-48.776071044330095, -26.193905254665285], [-48.77420652185462, -26.19409695301613], [-48.773707022375746, -26.19702950849474], [-48.7742497494701, -26.198571287254957], [-48.78128677227363, -26.197606471950063], [-48.785339965025834, -26.197906472899394], [-48.78714573809773, -26.19875951520141], [-48.78893227011845, -26.197806970464946], [-48.791404045452694, -26.197718431838677], [-48.79252375115112, -26.19845787303948], [-48.79148441361041, -26.200279190502105], [-48.79270575103338, -26.20095673620994], [-48.792488728988445, -26.201744254001667], [-48.79353275311195, -26.20228754962258], [-48.7959679163118, -26.2016420859006], [-48.7963985433099, -26.202566483136778], [-48.79576988025007, -26.204093448734767], [-48.79726278985634, -26.204805095784206], [-48.79784155965699, -26.206705436322004], [-48.800548444111996, -26.208983390392167], [-48.79998487711335, -26.209305779223396], [-48.79960242636667, -26.2082825803199], [-48.79774183383048, -26.207432631536147], [-48.79690637056877, -26.2052446331648], [-48.79553445857459, -26.204548005907494], [-48.79535437347101, -26.20204414455153], [-48.79307349643961, -26.202694187769016], [-48.79113682460519, -26.201096926716307], [-48.79092723250569, -26.19994846249646], [-48.791646949281095, -26.198513802720576], [-48.7893071662751, -26.19857867706865], [-48.787402981191406, -26.199527897418296], [-48.785061997304744, -26.198683858181155], [-48.780937975175924, -26.198347765166588], [-48.77651254413874, -26.19897646061266], [-48.774677645172325, -26.20043960147046], [-48.7717872644677, -26.196359012712502], [-48.77010582534899, -26.19544357590253], [-48.7693296517745, -26.19736321542868], [-48.77262681903564, -26.2015279374829], [-48.772939434478594, -26.20300072657059], [-48.77141007791575, -26.205249698181515], [-48.769829363110574, -26.205894270457645], [-48.768665013028944, -26.206121421613542], [-48.769448201993804, -26.20960805751214], [-48.77316181707349, -26.209516273163196], [-48.77362074125125, -26.210250551350782], [-48.77591536317944, -26.207772360684757], [-48.77967854299197, -26.208047715029902], [-48.78110120926357, -26.205615415909357], [-48.78183548852955, -26.205523630928226], [-48.78087174638387, -26.204376320378035], [-48.78197316494261, -26.203458470563866], [-48.78270744346445, -26.2038715028705], [-48.783717077550754, -26.203045438925816], [-48.784726712645465, -26.203183116748324], [-48.785093850865955, -26.204835245035948], [-48.78775561290023, -26.205753091942025], [-48.790187912192266, -26.20534006113481], [-48.790463267517126, -26.20355025527475], [-48.79184004052425, -26.203412578510004], [-48.79216128722421, -26.204009180850967], [-48.791656470083794, -26.20469756669564], [-48.79248253339247, -26.206257909841195], [-48.79197771774941, -26.207267543039638], [-48.79340038234429, -26.207313435440998], [-48.795327865628906, -26.209057348925423], [-48.79587857545201, -26.20869020994222], [-48.796337499212385, -26.211351970553665], [-48.79578679039586, -26.211627325006027], [-48.79762248658024, -26.21355480801381], [-48.80014657214755, -26.214472657241014], [-48.800743172914906, -26.21640013844407], [-48.800559603846864, -26.21745566633919], [-48.79872390595676, -26.218924223612046], [-48.79918282986615, -26.220438673949133], [-48.80069728077937, -26.22209080134652], [-48.803496719311866, -26.220117427225482], [-48.80441456902692, -26.22144830785953], [-48.80395564344784, -26.222228478743734], [-48.806846867252816, -26.225716304552282], [-48.807948285991365, -26.225349164645323], [-48.808269532783925, -26.22608344405582], [-48.81033469320793, -26.22612933611018], [-48.81272109946513, -26.228836991336745], [-48.81276699265632, -26.23016787097757], [-48.81070183269499, -26.232049460732135], [-48.80978398382016, -26.23159053712426], [-48.80831542522994, -26.23402283637492], [-48.81015112449043, -26.234573545957574], [-48.811344326733085, -26.233793373211356], [-48.811986820409174, -26.234940685120325], [-48.8142814435258, -26.235583178345824], [-48.81561232415968, -26.23475711416921], [-48.819788536414464, -26.234665331019453], [-48.820844062202596, -26.232921418508578], [-48.82217494276248, -26.232646062197027], [-48.823872963091866, -26.234481760822973], [-48.823781177930584, -26.23567496344241], [-48.82451545719426, -26.236822274619925], [-48.8236435005117, -26.238612080291933], [-48.82424010244187, -26.239346359388822], [-48.82401063991117, -26.240814917166485], [-48.826580616920005, -26.242696507024167], [-48.82827863688363, -26.242650615268563], [-48.82997665759423, -26.243568464425465], [-48.83181235510857, -26.24567951653662], [-48.830665043925066, -26.247469321295505], [-48.83089450566362, -26.248433062718423], [-48.83231717258926, -26.249350911202797], [-48.830986290857375, -26.25205856501543], [-48.831766463586426, -26.253481231004017], [-48.83080272153202, -26.255271035570985], [-48.832041816710046, -26.258942431069794], [-48.83158289266672, -26.259676708827108], [-48.83254663407421, -26.260686343791736], [-48.83199592540299, -26.261879546289933], [-48.83282198909293, -26.262384363491652], [-48.838329082862934, -26.26041098856934], [-48.840440134274644, -26.260548666913884], [-48.84369849760985, -26.25843761464873], [-48.846268474189635, -26.26086991333429], [-48.84828774099611, -26.260181526915044], [-48.849572729165445, -26.260456881569105], [-48.850261116140054, -26.259217785095423], [-48.85081182456931, -26.260410988582073], [-48.85218859859947, -26.260365096903886], [-48.85273930731892, -26.26004385048382], [-48.85255573807512, -26.259355462034414], [-48.852647522579694, -26.259126000365498], [-48.854207866310624, -26.259676708925376], [-48.854161973270394, -26.260869913139043], [-48.85480446737403, -26.261558299395645], [-48.85622713356468, -26.25894243101354], [-48.85778747698711, -26.257886904773645], [-48.858338185374535, -26.257932798043853], [-48.8586135400344, -26.25894243050107], [-48.85829229283693, -26.26105348286863], [-48.861504764117655, -26.259997957064666], [-48.86219314995828, -26.25903421594113], [-48.864487772233964, -26.259860279671447], [-48.86604811465644, -26.261925439257148], [-48.86783792113825, -26.262659718662324], [-48.869214693897824, -26.261282945569015], [-48.871233960853196, -26.2618336546657], [-48.872060025126665, -26.26054866664317], [-48.87697051668286, -26.261282945470928], [-48.87775068794432, -26.259906172117415], [-48.87926513709669, -26.261374730820428], [-48.88123851274521, -26.261374731135664], [-48.882569394478935, -26.260824019963138], [-48.88247760792551, -26.259080109146943], [-48.88380848972029, -26.25903421563496], [-48.88408384320265, -26.25793279776262], [-48.88674560531345, -26.25802458214254], [-48.88807648646742, -26.26013563513041], [-48.889407366818226, -26.258850645989153], [-48.894409642877626, -26.259217785093217], [-48.89466776064043, -26.25811650823261], [-48.89787111538862, -26.255688872966015], [-48.89789055092766, -26.254410640149196], [-48.895383906266744, -26.251630193110376], [-48.89553831082693, -26.250060427664508], [-48.89443480410997, -26.249091055436327], [-48.895540470331284, -26.248182685308965], [-48.89628333982371, -26.246315565349196], [-48.89814483256346, -26.246203227299354], [-48.89877108882161, -26.246989591367637], [-48.90087660555162, -26.246743611061074], [-48.90296808550342, -26.247317887107243], [-48.903452894227414, -26.24675087426657], [-48.90577220188692, -26.247267044907385], [-48.90781563286719, -26.244950553843193], [-48.90504039985422, -26.243652591706116], [-48.90699326662126, -26.240607734997532], [-48.909086231232294, -26.240278693941026], [-48.90904250126945, -26.24200451480785], [-48.9110929506388, -26.24280858168796], [-48.912299168780876, -26.24120044236506], [-48.913352332052916, -26.24083435875966], [-48.91506508893138, -26.24176427423391], [-48.91619204651571, -26.241101975794386], [-48.917325267506214, -26.23921035957753], [-48.91695082969925, -26.237953963739166], [-48.919443437581926, -26.238895342579493], [-48.92088379323339, -26.23794967358377], [-48.92382258339328, -26.239349481598673], [-48.926369682909346, -26.238853513896387], [-48.92712470804921, -26.239722566813555], [-48.92719166955483, -26.238813064166532], [-48.92829995080086, -26.237924392307693], [-48.929524389760765, -26.23898834622755], [-48.93290526251391, -26.238400802985787], [-48.937644497238196, -26.23924452722592], [-48.9384771886142, -26.237362993342295], [-48.939849237598374, -26.23633260562468], [-48.945456331253475, -26.233636608346348], [-48.94598245736906, -26.23178072600251], [-48.94559947855369, -26.230604772011617], [-48.95197653704294, -26.228475475132985], [-48.952638636011784, -26.226393948617773], [-48.95449835517425, -26.22414918646763], [-48.953950022436906, -26.22269004485252], [-48.95557554714989, -26.215491299043766], [-48.957985392661506, -26.216848468065084], [-48.95781013116974, -26.217409123207958], [-48.9609221756845, -26.218581111302317], [-48.96313754243553, -26.217946673787747], [-48.96535598394957, -26.218907983193116], [-48.96667890073601, -26.21802390984403], [-48.966670060792346, -26.216281948470012], [-48.9689588375103, -26.216765024694787], [-48.97121359966246, -26.216034203032834], [-48.973885652796675, -26.217502662445728], [-48.9747529161284, -26.216583709716822], [-48.97777142058729, -26.216526396151917], [-48.983604288061336, -26.21800446614592], [-48.98888375224172, -26.220350996429772], [-48.99400496221324, -26.220542568613], [-48.99570360062704, -26.221202377453853], [-48.99526653687706, -26.22336113062378], [-48.99831277521913, -26.226653905817468], [-49.00037811691417, -26.227262227314483], [-49.00266740019698, -26.226659152362373], [-49.00666718886323, -26.22965877603801], [-49.00789899655707, -26.227962814894454], [-49.01012622875679, -26.227772130752584], [-49.011791356929706, -26.2285556702078], [-49.01227310820413, -26.227701525119095], [-49.01648628607134, -26.227316316163577], [-49.01775564269757, -26.227449654325333], [-49.017937258179906, -26.22824728425526], [-49.018389447859306, -26.228563533424605], [-49.0182932984863, -26.22770766830238], [-49.021245269139904, -26.225975911286742], [-49.02245591917774, -26.22700035156612], [-49.024787079216175, -26.22698091403096], [-49.02841828177413, -26.22341204005376], [-49.02865229917837, -26.22243270390356], [-49.02780844704478, -26.220858584832605], [-49.02888620688693, -26.2185156704933], [-49.0287502939664, -26.21741711792299], [-49.030524247587465, -26.215726257410637], [-49.03421648003592, -26.218984345704094], [-49.03507835882256, -26.21849611156551], [-49.03659886405312, -26.219133804724677], [-49.03704590814027, -26.22059874206053], [-49.04067321275678, -26.219113335856076], [-49.04190022382611, -26.217505473375645], [-49.04244897916099, -26.219198705310742], [-49.044098136508126, -26.219773196302345], [-49.04424969504034, -26.219052207672757], [-49.04556563725514, -26.21972170126996], [-49.04701346153166, -26.21930616009545], [-49.04759179964893, -26.218214305537252], [-49.04914160094163, -26.21981432169101], [-49.05125405690802, -26.22070198801783], [-49.050705215538756, -26.221963451597517], [-49.05277072599825, -26.223018528750774], [-49.05328637100279, -26.224877933874794], [-49.05255997723528, -26.226405642018015], [-49.05478704061487, -26.228280537856417], [-49.0563662932575, -26.23223266603602], [-49.057601337009686, -26.232479109779334], [-49.05842948712443, -26.234259333617874], [-49.06110825506977, -26.235999687658342], [-49.063445679656404, -26.23368408830927], [-49.065141422018705, -26.234158491359278], [-49.06625858707281, -26.23345559454118], [-49.06871285977346, -26.22958326185921], [-49.07386436199116, -26.232439665275603], [-49.07727694669945, -26.231658808194616], [-49.079016731034635, -26.229428146465114], [-49.07864070201498, -26.227298829256483], [-49.081281226680034, -26.226522019999493], [-49.082326228488824, -26.226697152449407], [-49.081899230113805, -26.227030795657686], [-49.08276648929816, -26.227622848160834], [-49.08293422008489, -26.229013156610414], [-49.085641121933314, -26.229197382896512], [-49.08662215200012, -26.230384087106017], [-49.08996565069492, -26.227992121304776], [-49.09184657593627, -26.229189509984295], [-49.09322742939013, -26.228264701518142], [-49.0922687309223, -26.22616233572793], [-49.0928887984849, -26.223922412249543], [-49.092154415564856, -26.222514269555724], [-49.092817927351575, -26.222465257852203], [-49.09468133898771, -26.2201154029292], [-49.093701498944114, -26.216854609954858], [-49.09440106511712, -26.21446388962224], [-49.096362997639346, -26.214044593976173], [-49.098728979959155, -26.211863634324512], [-49.10056344934936, -26.212007139437176], [-49.101658132718455, -26.210364107425793], [-49.1022817023545, -26.210210509934864], [-49.102402917293766, -26.211276158424617], [-49.102944010785585, -26.211374818706606], [-49.10396621511878, -26.209353387367877], [-49.10659545462627, -26.208189058374497], [-49.10731915155109, -26.20691792519548], [-49.11102104954829, -26.206966836750997], [-49.113654037971465, -26.20501596450207], [-49.11316183658789, -26.20345538331569], [-49.114030335379596, -26.20199330929011], [-49.11516102395936, -26.201827997905408], [-49.116485328411706, -26.202849715211347], [-49.121911883810924, -26.204451333647597], [-49.12403470729611, -26.20421293702448], [-49.124287056180606, -26.20334953352869], [-49.1259227549389, -26.20614027775313], [-49.128452570079055, -26.20574989292475], [-49.1287161657105, -26.206323802316987], [-49.13034834986038, -26.20555564602802], [-49.13100523017391, -26.207466094321436], [-49.130521100447396, -26.209264750224197], [-49.130897683156284, -26.21124669345812], [-49.12998142474139, -26.212869480213932], [-49.13072318284826, -26.213991370273195], [-49.12961397243112, -26.21433947561401], [-49.12987018738487, -26.21714650983727], [-49.1304606415993, -26.21778405425597], [-49.1332125799916, -26.217428391925043], [-49.13331801824419, -26.21813404006285], [-49.13496285498442, -26.21923317783294], [-49.136749506174375, -26.218767322515806], [-49.136912869566956, -26.217458897579824], [-49.139440224481206, -26.21659329651894], [-49.140734643778856, -26.2150723380058], [-49.1416136034119, -26.214953150631978], [-49.14223872045188, -26.21342112973542], [-49.14372529169782, -26.213726060634755], [-49.14576316805874, -26.212656649817205], [-49.147846582624474, -26.213223681210152], [-49.14773248690285, -26.21173942691681], [-49.14837540128151, -26.211393277776], [-49.14764103517861, -26.210652039252984], [-49.14849862966505, -26.20722683640158], [-49.14736592937613, -26.20608328378974], [-49.14797168758233, -26.20568323976436], [-49.147872604455664, -26.204373995160445], [-49.148998549076836, -26.203763817490834], [-49.14874408559246, -26.203163738981456], [-49.15000514356817, -26.201169516464418], [-49.15103650884117, -26.201347320872138], [-49.154094574432264, -26.197567908506084], [-49.15669269164562, -26.197991216873326], [-49.156156742005905, -26.199671301496178], [-49.15758443978555, -26.20057649639166], [-49.15835683779567, -26.199722825055204], [-49.16016397891268, -26.200521437304932], [-49.164180223376505, -26.200519416787486], [-49.16728783053102, -26.1997011043419], [-49.16904436968839, -26.20040987214509], [-49.169949325796324, -26.199591658265366], [-49.168986049208094, -26.199087084075334], [-49.16866495695176, -26.197710974725155], [-49.169628233247316, -26.1947752745687], [-49.16958236362576, -26.19271110959636], [-49.1685273468452, -26.19092216668435], [-49.16857321574466, -26.19046346418697], [-49.169719974397964, -26.190463464269794], [-49.16843560547167, -26.187390151328742], [-49.170774991174675, -26.186610356903195], [-49.17187587907118, -26.185234246283873], [-49.17192174829913, -26.18367465525472], [-49.17123369591127, -26.18275725005845], [-49.17169239798503, -26.181105917202835], [-49.16953649287789, -26.177665644096667], [-49.169857585669064, -26.17642714524222], [-49.16903191956821, -26.17528038609083], [-49.16990345504258, -26.17436298072537], [-49.16944475257046, -26.17349144565145], [-49.17027041791603, -26.173399704002378], [-49.17091260247373, -26.17184011320241], [-49.17091260239027, -26.16839983873289], [-49.17361895111566, -26.16679437722539], [-49.17485744999691, -26.16679437718469], [-49.176279429572446, -26.16784939485115], [-49.177930761603314, -26.167436562573936], [-49.17898577929052, -26.168583320771457], [-49.180682980891596, -26.168537449758468], [-49.18187560889667, -26.16954659717966], [-49.18325171878761, -26.164225639135655], [-49.18146277670888, -26.16234495530039], [-49.18077472180057, -26.160372532529895], [-49.17990318532969, -26.161106458201573], [-49.1777472806006, -26.161152328213255], [-49.17793076085719, -26.158950552898666], [-49.17921513061825, -26.15706987034929], [-49.178848167960815, -26.15596898208332], [-49.17985731533909, -26.15578550038482], [-49.1815086477878, -26.15367546505936], [-49.18251779390688, -26.15349198442637], [-49.1824260535953, -26.152115874828723], [-49.18343520167861, -26.151565431073443], [-49.184627828594124, -26.151978264142475], [-49.18453608857224, -26.15142781911964], [-49.18540762420979, -26.150969116301148], [-49.18641677140108, -26.15156543078534], [-49.18696721347104, -26.151152597866], [-49.1887561576618, -26.151519560682157], [-49.19082032189095, -26.149822358357515], [-49.18852680508942, -26.147666453934754], [-49.18921486090446, -26.146427955460823], [-49.187884621097886, -26.144134439003967], [-49.186416770792924, -26.143400513354802], [-49.185820456744146, -26.142299626007066], [-49.18476543990931, -26.142207885749855], [-49.18412325489189, -26.141106997983105], [-49.18320584893208, -26.14188679354704], [-49.17898577923916, -26.141703311853636], [-49.178343594740106, -26.139960239521123], [-49.17747205858024, -26.14000611072065], [-49.17660052185925, -26.138675870952866], [-49.17568311512534, -26.138584131271195], [-49.17554550476116, -26.13748324350432], [-49.17238045377153, -26.137391501495415], [-49.172518063546455, -26.13496037487164], [-49.1701786785525, -26.133400784348034], [-49.169903455859846, -26.13220815432524], [-49.168389735130546, -26.132391636848894], [-49.167839291073136, -26.133538395320073], [-49.16646318044416, -26.132483377831303], [-49.164444886862576, -26.13275859964704], [-49.16302290697251, -26.134042968343813], [-49.160775261440854, -26.132666859601443], [-49.161233964947876, -26.13174945268121], [-49.160867001761524, -26.12986877022864], [-49.161600927214465, -26.12899723268331], [-49.15949089274956, -26.12766699372605], [-49.1598578545635, -26.12670371655379], [-49.15930741093008, -26.12509825599645], [-49.16072939078748, -26.12390562710137], [-49.15903218889884, -26.12023600239064], [-49.16027068714914, -26.11899750274399], [-49.15981198334406, -26.1174379121601], [-49.15843587501615, -26.117804874764676], [-49.15802304183638, -26.116933339542324], [-49.15861935630387, -26.11454808134276], [-49.15802304112668, -26.113584804716307], [-49.15687628330814, -26.114089378934], [-49.15462863858839, -26.112116954351844], [-49.1533901392541, -26.113080231434033], [-49.15270208443248, -26.112208694114543], [-49.1504544396038, -26.11174999240737], [-49.14990399571905, -26.11289675064609], [-49.14829853433137, -26.11390589624963], [-49.147426998602874, -26.11335545358369], [-49.146234368363956, -26.114915044403965], [-49.144950000234196, -26.114960914618983], [-49.14435368525445, -26.11587832076144], [-49.14329866868642, -26.115648969708513], [-49.142564743115074, -26.117759003232006], [-49.14059232003093, -26.11789661424598], [-49.13985839490843, -26.11707094919437], [-49.137289657032916, -26.116474635454068], [-49.13990426436718, -26.11317197126121], [-49.139491432174616, -26.111795862742497], [-49.140179486971846, -26.111016066264696], [-49.139904264886894, -26.10963995762868], [-49.13806945208846, -26.108768420318274], [-49.13527136370671, -26.108630810491256], [-49.135271363150096, -26.107438182061312], [-49.13458330804386, -26.107117090229316], [-49.135408974086964, -26.104823573837653], [-49.133986993736926, -26.104869443863457], [-49.134216344466594, -26.104043778521586], [-49.13352829039145, -26.10330985192982], [-49.132198051155584, -26.10321811236813], [-49.13247327348343, -26.10188787353488], [-49.130546718294795, -26.101612652177586], [-49.12985866496237, -26.10023654157005], [-49.12774862971683, -26.100603503371172], [-49.12618903957812, -26.099686097903426], [-49.12444596679216, -26.102851149479996], [-49.1232992092577, -26.103034632203556], [-49.121326784894606, -26.101337428855537], [-49.11962958271961, -26.101016337408648], [-49.119033269000575, -26.100098930123913], [-49.11554712412225, -26.09936500435374], [-49.11421688584657, -26.09826411789305], [-49.114171014389534, -26.097117359229042], [-49.11146466608651, -26.094777973652466], [-49.11100596208432, -26.095053194805953], [-49.11004268623906, -26.094181660275215], [-49.10880418610848, -26.094594491905827], [-49.108070262754424, -26.093906436973793], [-49.10692350377287, -26.094319269721073], [-49.107198726506226, -26.09262206842505], [-49.106281320672736, -26.091796401264475], [-49.10449237715404, -26.091108346318464], [-49.10311626646394, -26.09179640253306], [-49.1020153802244, -26.09138356993182], [-49.10008882583569, -26.088631350278543], [-49.097703568235936, -26.089227663272982], [-49.09696964570251, -26.088677221273755], [-49.096235718465174, -26.08913592339885], [-49.09403394357768, -26.088723090679224], [-49.091281724900675, -26.089869848979127], [-49.08935517090243, -26.089502886741702], [-49.08885059633108, -26.087943295734238], [-49.087703839163034, -26.087209370217558], [-49.085869025433304, -26.087530462909786], [-49.08467639781347, -26.08587913128004], [-49.0845846585138, -26.084548892213682], [-49.08343790080432, -26.083172781823862], [-49.082474623315875, -26.083035171672226], [-49.08174069776686, -26.08156732019655], [-49.078346293229984, -26.082026022810535], [-49.07724540761986, -26.080558173472294], [-49.07426383514064, -26.078723360671244], [-49.075272982849484, -26.0765215857592], [-49.07371339136971, -26.075007865368384], [-49.07109878351165, -26.07487025421957], [-49.06958506212078, -26.075787660266656], [-49.068759397650176, -26.075191346021043], [-49.06729154698965, -26.0757417889717], [-49.06444758607298, -26.074549161579174], [-49.06238342160847, -26.075099605816124], [-49.06119079422385, -26.077026158856498], [-49.06008990560598, -26.07656745555242], [-49.05931011038709, -26.077301381105713], [-49.058117482462606, -26.077072029548912], [-49.057154205217024, -26.076062882704075], [-49.057245945807985, -26.074273939988213], [-49.05586983639553, -26.07386110640034], [-49.05527352228916, -26.071384110413405], [-49.05440198597503, -26.070971276709102], [-49.054539597067226, -26.06826492753308], [-49.05591570762468, -26.06688881809352], [-49.053897412596044, -26.064044858033327], [-49.05637440965465, -26.062118305196798], [-49.0559615785397, -26.060696325536956], [-49.05476894743052, -26.060375233418146], [-49.05357631930461, -26.058769770646116], [-49.05559461551111, -26.05656799623261], [-49.053989154597566, -26.05468731278793], [-49.05467720798391, -26.053769907257188], [-49.053713931291284, -26.051843352590172], [-49.055090041538634, -26.05184335236357], [-49.056924853534866, -26.049458095351376], [-49.057934000524966, -26.049228744740457], [-49.057934000617756, -26.04835720838062], [-49.05646615103765, -26.046293043622285], [-49.054723079667106, -26.046568265576195], [-49.05353044983556, -26.046017821652164], [-49.05353044960664, -26.045192155824815], [-49.05215434065199, -26.043540825208762], [-49.051512154962786, -26.04372430564454], [-49.05142041414489, -26.042439937205724], [-49.05215433945999, -26.042623416995543], [-49.0530717467399, -26.041201439230786], [-49.05252130383402, -26.037210719318168], [-49.0535304501323, -26.03551351790281], [-49.05151215506266, -26.033586964576166], [-49.05224608132372, -26.03202737376323], [-49.05206260014939, -26.028082526179478], [-49.0508241007224, -26.028954062014513], [-49.0494938618693, -26.028724710118222], [-49.04834710379239, -26.027532082718977], [-49.0483471042257, -26.026522934130618], [-49.04408116472297, -26.023266143333302], [-49.04426464481113, -26.02198177233836], [-49.039402391223085, -26.019275424600355], [-49.03917303998137, -26.018082794828054], [-49.04004457425548, -26.01730300119791], [-49.03944825981116, -26.016125531356344], [-49.04004457589298, -26.013954467393017], [-49.036466690782355, -26.013679245146918], [-49.03669604140176, -26.011018767296004], [-49.03596211648884, -26.009642656504845]], [[-49.030673860584, -26.215161043954257], [-49.03067529850884, -26.21515763119298], [-49.03052424758831, -26.21572625740746], [-49.030673860584, -26.215161043954257]], [[-49.0308579950261, -26.21455863364376], [-49.030782306754226, -26.214127659157437], [-49.03082679082954, -26.21462104294084], [-49.0308579950261, -26.21455863364376]], [[-49.030431344644, -26.213623447044313], [-49.03035162436157, -26.213508916051502], [-49.030351623802126, -26.213499858133957], [-49.030431344644, -26.213623447044313]], [[-48.806038066701404, -26.208334593519442], [-48.80602610137109, -26.208367709707986], [-48.80599382044687, -26.2083346005395], [-48.806038066701404, -26.208334593519442]]]]}}, {"id": "6", "type": "Feature", "properties": {"ID": 4, "Nomes": "Bacia Hidrográfica do Rio Cachoeira", "Area": 50.12999, "Perimetro": 64.33843, "name": "Bacia Hidrográfica do Rio Cachoeira", "rain_total_mm": 35.469, "temp_mean_degC": 19.0, "wind_mean_ms": 2.3, "wind_dir_deg": 58, "coverage_pct": 100.0, "run_time_utc": "2026-08-14 00:00:00", "window_local": "2026-08-13 22:00 .. 2026-08-16 21:00", "source": "CPTEC/INPE WRF AMS 7km", "valid_times_local": ["2026-08-13 22:00", "2026-08-13 23:00", "2026-08-14 00:00", "2026-08-14 01:00", "2026-08-14 02:00", "2026-08-14 03:00", "2026-08-14 04:00", "2026-08-14 05:00", "2026-08-14 06:00", "2026-08-14 07:00", "2026-08-14 08:00", "2026-08-14 09:00", "2026-08-14 10:00", "2026-08-14 11:00", "2026-08-14 12:00", "2026-08-14 13:00", "2026-08-14 14:00", "2026-08-14 15:00", "2026-08-14 16:00", "2026-08-14 17:00", "2026-08-14 18:00", "2026-08-14 19:00", "2026-08-14 20:00", "2026-08-14 21:00", "2026-08-14 22:00", "2026-08-14 23:00", "2026-08-15 00:00", "2026-08-15 01:00", "2026-08-15 02:00", "2026-08-15 03:00", "2026-08-15 04:00", "2026-08-15 05:00", "2026-08-15 06:00", "2026-08-15 07:00", "2026-08-15 08:00", "2026-08-15 09:00", "2026-08-15 10:00", "2026-08-15 11:00", "2026-08-15 12:00", "2026-08-15 13:00", "2026-08-15 14:00", "2026-08-15 15:00", "2026-08-15 16:00", "2026-08-15 17:00", "2026-08-15 18:00", "2026-08-15 19:00", "2026-08-15 20:00", "2026-08-15 21:00", "2026-08-15 22:00", "2026-08-15 23:00", "2026-08-16 00:00", "2026-08-16 01:00", "2026-08-16 02:00", "2026-08-16 03:00", "2026-08-16 04:00", "2026-08-16 05:00", "2026-08-16 06:00", "2026-08-16 07:00", "2026-08-16 08:00", "2026-08-16 09:00", "2026-08-16 10:00", "2026-08-16 11:00", "2026-08-16 12:00", "2026-08-16 13:00", "2026-08-16 14:00", "2026-08-16 15:00", "2026-08-16 16:00", "2026-08-16 17:00", "2026-08-16 18:00", "2026-08-16 19:00", "2026-08-16 20:00", "2026-08-16 21:00"], "lead_h": [1, 2, 3, 4, 5, 6, 7, 8, 9, 10, 11, 12, 13, 14, 15, 16, 17, 18, 19, 20, 21, 22, 23, 24, 25, 26, 27, 28, 29, 30, 31, 32, 33, 34, 35, 36, 37, 38, 39, 40, 41, 42, 43, 44, 45, 46, 47, 48, 49, 50, 51, 52, 53, 54, 55, 56, 57, 58, 59, 60, 61, 62, 63, 64, 65, 66, 67, 68, 69, 70, 71, 72], "precip_mm_h": [0.0, 0.009, 0.027, 0.074, 0.694, 0.19, 0.073, 0.138, 0.334, 1.889, 3.302, 3.081, 1.765, 0.391, 0.749, 0.463, 0.008, 0.01, 0.071, 0.43, 0.79, 1.066, 0.691, 1.184, 0.115, 0.119, 0.136, 0.068, 0.063, 0.917, 1.488, 1.47, 1.719, 0.622, 0.78, 1.53, 2.972, 2.708, 0.245, 0.063, 0.011, 0.035, 0.064, 0.043, 0.014, 0.005, 0.048, 0.172, 0.209, 0.425, 0.446, 0.264, 0.088, 0.008, 0.002, 0.003, 0.0, 0.006, 0.043, 0.073, 0.149, 0.221, 0.141, 0.133, 0.09, 0.052, 0.047, 0.005, 0.012, 0.039, 0.078, 0.095], "accum_mm": [0.0, 0.009, 0.036, 0.11, 0.804, 0.994, 1.067, 1.205, 1.539, 3.428, 6.73, 9.811, 11.576, 11.967, 12.716, 13.179, 13.187, 13.197, 13.268, 13.698, 14.488, 15.554, 16.245, 17.429, 17.544, 17.663, 17.799, 17.867, 17.93, 18.847, 20.335, 21.805, 23.524, 24.146, 24.926, 26.456, 29.428, 32.136, 32.381, 32.444, 32.455, 32.49, 32.554, 32.597, 32.611, 32.616, 32.664, 32.836, 33.045, 33.47, 33.916, 34.18, 34.268, 34.276, 34.278, 34.281, 34.281, 34.287, 34.33, 34.403, 34.552, 34.773, 34.914, 35.047, 35.137, 35.189, 35.236, 35.241, 35.253, 35.292, 35.37, 35.465], "t2m_degC": [17.49, 17.36, 17.31, 17.28, 17.3, 17.1, 17.06, 17.04, 17.09, 17.13, 17.48, 18.07, 18.68, 19.16, 19.36, 19.41, 19.78, 19.87, 19.45, 18.66, 18.06, 17.86, 17.88, 17.82, 17.72, 17.67, 17.7, 17.75, 17.73, 17.76, 17.78, 17.84, 17.88, 17.87, 18.15, 18.55, 18.71, 19.29, 20.92, 21.57, 21.7, 21.3, 20.68, 20.16, 19.56, 19.06, 19.03, 19.06, 19.1, 19.04, 19.09, 19.03, 18.94, 18.84, 18.76, 18.75, 18.71, 18.79, 19.35, 20.45, 21.11, 21.56, 21.8, 22.11, 22.15, 22.15, 21.59, 21.17, 20.2, 19.6, 19.39, 19.28], "wspd_ms": [0.91, 0.49, 0.37, 0.86, 1.44, 0.79, 0.5, 0.5, 1.11, 1.7, 0.93, 0.68, 1.02, 0.86, 1.6, 0.72, 0.91, 1.27, 1.99, 2.39, 2.07, 1.83, 1.62, 0.75, 1.0, 0.51, 0.29, 0.5, 0.41, 1.29, 0.64, 0.26, 0.77, 0.04, 0.72, 0.77, 0.56, 0.42, 1.38, 2.02, 2.45, 2.98, 3.15, 2.69, 2.73, 2.94, 3.95, 3.56, 3.95, 4.39, 4.71, 4.68, 4.29, 4.16, 3.92, 3.69, 3.35, 3.24, 5.24, 6.2, 5.83, 5.62, 4.7, 4.37, 4.08, 3.98, 4.41, 4.42, 3.85, 3.13, 3.0, 3.0]}, "geometry": {"type": "MultiPolygon", "coordinates": [[[[-48.9014119324037, -26.272568543151696], [-48.901739821589224, -26.271216257733997], [-48.90053391170952, -26.271045180903386], [-48.90022422279101, -26.269428305929075], [-48.89859259729057, -26.268102887715944], [-48.89838912399287, -26.26588464312001], [-48.897654572591094, -26.264832884298226], [-48.89595147349566, -26.264634414317374], [-48.89551381394964, -26.262187872092777], [-48.89591116274797, -26.259838432962027], [-48.89465203674942, -26.25883706651356], [-48.89390482626095, -26.259447247709662], [-48.889407366818226, -26.258850645989153], [-48.88807648646742, -26.26013563513041], [-48.88674560531345, -26.25802458214254], [-48.88408384320265, -26.25793279776262], [-48.88380848972029, -26.25903421563496], [-48.88247760792551, -26.259080109146943], [-48.882569394478935, -26.260824019963138], [-48.88123851274521, -26.261374731135664], [-48.87926513709669, -26.261374730820428], [-48.87775068794432, -26.259906172117415], [-48.87697051668286, -26.261282945470928], [-48.872060025126665, -26.26054866664317], [-48.871233960853196, -26.2618336546657], [-48.869214693897824, -26.261282945569015], [-48.86751667345086, -26.26265971940458], [-48.86604811465644, -26.261925439257148], [-48.864487772233964, -26.259860279671447], [-48.86219314995828, -26.25903421594113], [-48.861504764117655, -26.259997957064666], [-48.85810872278736, -26.260961699431864], [-48.858338185374535, -26.257932798043853], [-48.85622713356468, -26.25894243101354], [-48.85480446737403, -26.261558299395645], [-48.854161973270394, -26.260869913139043], [-48.854207866310624, -26.259676708925376], [-48.852647522579694, -26.259126000365498], [-48.85273930731892, -26.26004385048382], [-48.85218859859947, -26.260365096903886], [-48.85081182456931, -26.260410988582073], [-48.850261116140054, -26.259217785095423], [-48.849572729165445, -26.260456881569105], [-48.84828774099611, -26.260181526915044], [-48.846268474189635, -26.26086991333429], [-48.84369849760985, -26.25843761464873], [-48.840440134274644, -26.260548666913884], [-48.838329082862934, -26.26041098856934], [-48.8336480531786, -26.26238436392333], [-48.83185824813692, -26.26197133190291], [-48.831812354736854, -26.265183803167357], [-48.83071093715216, -26.266744145529167], [-48.83236306453381, -26.26857984396406], [-48.82846220691943, -26.27537192466725], [-48.829288270871736, -26.27945635185042], [-48.82570866103555, -26.283678456047454], [-48.827544357336116, -26.28519290735255], [-48.82781971256728, -26.28716628188821], [-48.82717721921986, -26.288313592498323], [-48.827819713236266, -26.288910194713708], [-48.827865604132754, -26.291158923819715], [-48.827131326391694, -26.292214450207766], [-48.82791149770148, -26.292719266656185], [-48.82818685197674, -26.294096039154994], [-48.83116986075735, -26.29606941505239], [-48.831858248141806, -26.297216725229834], [-48.83676873902999, -26.29795100523037], [-48.83598856707702, -26.301530616120882], [-48.83043558206343, -26.303733452159275], [-48.82795739064663, -26.305431472527903], [-48.827590250936176, -26.306945922445646], [-48.82515795134392, -26.30800144947285], [-48.82194548140853, -26.307313062712584], [-48.81905425692504, -26.308552159139527], [-48.81845765439001, -26.30790966450169], [-48.81698909675361, -26.307863770780493], [-48.815979462925576, -26.309011082308427], [-48.81662195724292, -26.30988303976764], [-48.81616303260154, -26.311327099869903], [-48.81782308715149, -26.310943610610735], [-48.81962563194283, -26.3090356018003], [-48.822453829687056, -26.30865235268965], [-48.823565224318216, -26.30935359589871], [-48.824365874239426, -26.31145642627453], [-48.828203491139384, -26.31373435068013], [-48.83066495980809, -26.314203568767244], [-48.83134858974954, -26.312441966003025], [-48.834840315630416, -26.31068340403515], [-48.8356693027304, -26.308478470652307], [-48.84039971953503, -26.304693859877872], [-48.84123517908901, -26.301803490529853], [-48.84064363126235, -26.304807735483497], [-48.83594550692587, -26.3086230557516], [-48.835240908915026, -26.310644481216016], [-48.83176922208835, -26.312712523698668], [-48.831000467364795, -26.314326423330673], [-48.8310456604153, -26.31728074546336], [-48.83221530521903, -26.317821241012766], [-48.83579797090042, -26.320861389436196], [-48.838215683561685, -26.321978100000802], [-48.83867217891271, -26.32235475781325], [-48.83573416921234, -26.320916896882917], [-48.83435481414255, -26.319659932977437], [-48.83416201795441, -26.320369809996528], [-48.834280236548295, -26.321900318705335], [-48.83422750361138, -26.32205738352165], [-48.83416939149619, -26.32207810880348], [-48.834134760006144, -26.320346159178968], [-48.834328011463676, -26.319637225928595], [-48.83086319383272, -26.317289170451076], [-48.83086315026689, -26.31457487023298], [-48.82867507372574, -26.314469446721674], [-48.8243298789403, -26.311980683424725], [-48.82264608630579, -26.309099521651675], [-48.81968820439557, -26.309452801200468], [-48.817784124645705, -26.31155571140286], [-48.81634733999739, -26.311713719306386], [-48.81684828641096, -26.313139420857116], [-48.8176365494617, -26.313653983189305], [-48.819290879680736, -26.313244112153203], [-48.82047602867098, -26.313474486043685], [-48.824313986570964, -26.315425993078932], [-48.824562132610716, -26.31569927483945], [-48.82462563755164, -26.316047682002726], [-48.82440740425693, -26.316414185528373], [-48.823921203012254, -26.316713996455178], [-48.82364188747205, -26.316777723009427], [-48.82318035288176, -26.31667330607129], [-48.82293656838328, -26.316566059622044], [-48.82255279598582, -26.316204752866298], [-48.82387979289058, -26.31669946401561], [-48.824447679854494, -26.315619428491942], [-48.82022865389694, -26.3134962784638], [-48.817841182372604, -26.313737043306602], [-48.81952965952864, -26.31435148286206], [-48.82176191630073, -26.31610302904707], [-48.82131813742913, -26.316430863562978], [-48.82171033377842, -26.317111857728573], [-48.82203312244037, -26.319737069649246], [-48.82099290000832, -26.320946054529347], [-48.82002908669124, -26.321566290372946], [-48.81888884558023, -26.324710735242054], [-48.81981221317251, -26.328191885376054], [-48.818708911955504, -26.324620483896016], [-48.81978427956771, -26.321270007830528], [-48.821882001892035, -26.319628891686584], [-48.82154018717723, -26.31725228773707], [-48.82088035645056, -26.31575521172665], [-48.81931040561554, -26.31445006765748], [-48.81711266935103, -26.31378948970468], [-48.816920078877054, -26.314042141631013], [-48.81663144412238, -26.314173428938602], [-48.815566430496354, -26.314069639388716], [-48.81556643058094, -26.315803162879316], [-48.816667850436176, -26.316399765531383], [-48.81575000146399, -26.31901563458781], [-48.81735623701015, -26.322411676011416], [-48.81653017293678, -26.324385051060514], [-48.81519929155117, -26.325027544195983], [-48.81648428058657, -26.327505736856097], [-48.81607124823388, -26.329525003689888], [-48.815061615310235, -26.330672314524154], [-48.81423555122824, -26.33071820645706], [-48.81391430378211, -26.33232444252186], [-48.81281288547892, -26.332416227815543], [-48.810380585108014, -26.33411424821797], [-48.80670919051597, -26.334481386947154], [-48.806938652989366, -26.337831534625803], [-48.80491938473787, -26.338887061762364], [-48.804689923321575, -26.33966723266043], [-48.80239530069819, -26.339850802938113], [-48.801431559526016, -26.34265024121112], [-48.80000889463472, -26.3425125638538], [-48.79886158282761, -26.34425647637279], [-48.80111031303311, -26.34875393539711], [-48.80074317306135, -26.351323912742984], [-48.799549969845785, -26.352746577788157], [-48.79817319675445, -26.35774885430635], [-48.79826498250759, -26.360777754369103], [-48.79739302524472, -26.361557926578772], [-48.79619982245932, -26.361420249895968], [-48.795786790848794, -26.363072376376845], [-48.79665874583118, -26.36421968805187], [-48.79610803637615, -26.366284848031423], [-48.79684231690809, -26.366789664468318], [-48.80028424856821, -26.366835557891555], [-48.80152334582178, -26.368763039696073], [-48.802900117667534, -26.368946609437018], [-48.80335904245489, -26.3708281996692], [-48.8054700945029, -26.371149446808367], [-48.805470094857675, -26.372159081077253], [-48.806755083180036, -26.37404067031269], [-48.80652562108412, -26.375279764985617], [-48.807489362418394, -26.376656539243577], [-48.80643383638094, -26.377344925560628], [-48.805194740314036, -26.379593655931814], [-48.8076270389351, -26.382255416848587], [-48.80771882356235, -26.38519253216976], [-48.80971177900201, -26.38368669208871], [-48.81233570412727, -26.38373272696792], [-48.814177056463066, -26.382443781127606], [-48.81445325775602, -26.380326227203604], [-48.8154660002113, -26.38014209266724], [-48.82089798432641, -26.385238426038825], [-48.824531993617924, -26.38450176319738], [-48.82643090167929, -26.38517143398306], [-48.828270571600314, -26.38310384367481], [-48.82709449957273, -26.381749669251214], [-48.83071548469589, -26.38153519820053], [-48.831308009534226, -26.38073629003251], [-48.83558735558886, -26.37890789551414], [-48.83559932578762, -26.37778725231265], [-48.8312107516694, -26.376017793547494], [-48.83061972310588, -26.374154470555677], [-48.83076336549093, -26.373511013909827], [-48.83252747353237, -26.373679921626223], [-48.83362873181777, -26.373079359735247], [-48.836519534816915, -26.37079337546059], [-48.84018091936086, -26.371819912330313], [-48.840969456203815, -26.37322480860466], [-48.84326474181492, -26.37441788458648], [-48.845805416500504, -26.37405057936068], [-48.84656851667109, -26.37464041200205], [-48.846170507562505, -26.371873534639008], [-48.847029369323145, -26.371404338594193], [-48.84693510400799, -26.368716478825295], [-48.850276285735234, -26.366878509801055], [-48.85149874228302, -26.364943985671157], [-48.849229641481685, -26.36078793384708], [-48.84950944487757, -26.360210096747487], [-48.85067803553095, -26.360329418334103], [-48.850821303847304, -26.359138543160636], [-48.855198655904296, -26.35753638946537], [-48.855312372792454, -26.356638101112477], [-48.85704206651248, -26.35540059692401], [-48.85568980812195, -26.352849459693484], [-48.857445499617384, -26.352834878731667], [-48.858279298774335, -26.352026386661244], [-48.86181424809397, -26.35239845460954], [-48.8607769555582, -26.349831161404584], [-48.86184080697249, -26.34947718623051], [-48.86249617535429, -26.35012077665045], [-48.8639516767091, -26.350175079428336], [-48.86435258485021, -26.347549410375354], [-48.86395532387905, -26.346173700921298], [-48.86332239961993, -26.345924301549346], [-48.866304662418955, -26.342088210015163], [-48.86432957962451, -26.34043436228086], [-48.866833116300825, -26.338260916985256], [-48.86623178915811, -26.33762221060169], [-48.86644935687217, -26.336625667603556], [-48.867421467935046, -26.33578714174377], [-48.87062515603179, -26.336013179747493], [-48.871188854200085, -26.333039135526125], [-48.873345173285244, -26.33322639451166], [-48.873892459188866, -26.330476315948008], [-48.87554757295975, -26.32976912616531], [-48.87977846542706, -26.32544923431782], [-48.882266501631435, -26.3254348777849], [-48.88403437081705, -26.322819908171734], [-48.88387938143753, -26.321291953566735], [-48.885042600698114, -26.31962597155112], [-48.88431558866022, -26.318480214586288], [-48.881385969821835, -26.316948463041047], [-48.87695119639072, -26.317367387285138], [-48.876117928747306, -26.313610621054966], [-48.874392273800254, -26.312553605775893], [-48.87469561158391, -26.310441963299702], [-48.8715132611913, -26.309131533233316], [-48.87070652074401, -26.309332329828084], [-48.868932418388844, -26.307408977963544], [-48.86700723458844, -26.303382062719628], [-48.86751414572915, -26.30164169590729], [-48.869239800676304, -26.29877003354247], [-48.875522937302165, -26.296804184937848], [-48.876428906149414, -26.295730900929282], [-48.87678482248227, -26.293878012251128], [-48.878590693421074, -26.294432794158336], [-48.87946430623807, -26.292671443090274], [-48.880447120657195, -26.292209117996432], [-48.88032123547696, -26.29116344061789], [-48.88086155590413, -26.290766719847564], [-48.88035649849433, -26.289609864814462], [-48.878641123327654, -26.289129509921942], [-48.87820147312743, -26.288289139040835], [-48.8787929818056, -26.286474773863386], [-48.8796461193222, -26.28711526127037], [-48.8801830271993, -26.286772580549833], [-48.88142860797351, -26.28216694522663], [-48.883848105970564, -26.282381129298756], [-48.88523189502246, -26.28384216009969], [-48.88671123547621, -26.28412212515769], [-48.88782448514228, -26.28238231920917], [-48.88774334228515, -26.281303915399377], [-48.889404116650766, -26.281369191072624], [-48.8904718656493, -26.280576361139037], [-48.891026973793416, -26.28094353862569], [-48.89337935830582, -26.279491140886357], [-48.89344135296537, -26.27572440951237], [-48.89475518474092, -26.2759702248475], [-48.89590180156322, -26.275281736599936], [-48.89749887499427, -26.275797848173248], [-48.89846576417973, -26.275232777280106], [-48.89855449048145, -26.273584468126774], [-48.9014119324037, -26.272568543151696]], [[-48.852142705442276, -26.358024209548702], [-48.852293014220116, -26.358091918393765], [-48.852295049418785, -26.358094083569693], [-48.85214251453483, -26.35804720405821], [-48.852142705442276, -26.358024209548702]]], [[[-48.817392952484774, -26.307863771664966], [-48.81742786418794, -26.30787527421536], [-48.817659853551675, -26.307863771624742], [-48.817392952484774, -26.307863771664966]]], [[[-48.900804797750695, -26.273185882405393], [-48.90080449849188, -26.273186667237965], [-48.900809048558635, -26.273184627229895], [-48.900804797750695, -26.273185882405393]]], [[[-48.81437322796093, -26.312177661266833], [-48.81437322853544, -26.313324972433527], [-48.816892987372505, -26.31395594202639], [-48.81588767909516, -26.311732468343006], [-48.81437322796093, -26.312177661266833]]]]}}]}